scope,month,group,seed,calendar_key,window_type,listing_stage,block_count,symbol_count,window_realized_volatility,hourly_realized_volatility,directional_efficiency,completed_grid_cycles_per_hour,fee_adjusted_cycle_capacity_per_hour,zero_trade_ratio,trades_per_hour,base_volume_per_hour,quote_volume_per_hour,median_trade_size,aggtrade_event_count_per_hour
ALL_CORE,2026-03,W,,W:2026-03-06T21:00:00Z:2026-03-09T06:00:00Z,REGULAR_WEEKEND,"LISTING_AFTER_30_DAYS,LISTING_DAYS_15_30",1,8,0.03064694558958462,0.004170521048295649,0.018151880955739268,1.962962962962963,0.002159259259259259,0.16296296296296298,1061.2592592592591,1599.3633333333332,179870.70559166666,59.9264,622.6759259259259
ALL_CORE,2026-03,W,,W:2026-03-13T20:00:00Z:2026-03-16T06:00:00Z,REGULAR_WEEKEND,LISTING_AFTER_30_DAYS,1,8,0.019420231459660924,0.0026186234758215445,0.04433838350910546,1.1181818181818182,0.0012300000000000002,0.17818181818181816,712.1181818181818,1342.6109090909092,118043.50799181817,74.36115,399.9636363636364
ALL_CORE,2026-03,W,,W:2026-03-20T20:00:00Z:2026-03-23T06:00:00Z,REGULAR_WEEKEND,LISTING_AFTER_30_DAYS,1,8,0.024573394979969132,0.0033134759031500224,0.03625909908650413,1.4363636363636365,0.0015800000000000002,0.15848484848484848,1034.5181818181818,2285.4222727272727,206961.73852454545,95.20169999999999,575.5272727272727
ALL_CORE,2026-03,W,,W:2026-03-27T20:00:00Z:2026-03-30T06:00:00Z,REGULAR_WEEKEND,LISTING_AFTER_30_DAYS,1,8,0.021378766606951524,0.002882712301208094,0.017510868196071245,1.0363636363636364,0.00114,0.2628787878787879,715.4181818181819,2019.6614545454545,131017.4914990909,108.87805,383.16363636363633
ALL_CORE,2026-04,W,,W:2026-04-02T20:00:00Z:2026-04-06T06:00:00Z,THREE_DAY_LONG_WEEKEND,LISTING_AFTER_30_DAYS,1,8,0.02063451453714752,0.002321564264722683,0.015227198739391663,0.689873417721519,0.000758860759493671,0.2590717299578059,586.5822784810127,1638.551835443038,145983.4998424051,144.3739,307.24050632911394
ALL_CORE,2026-04,W,,W:2026-04-10T20:00:00Z:2026-04-13T06:00:00Z,REGULAR_WEEKEND,LISTING_AFTER_30_DAYS,1,8,0.026103642642892926,0.0035198144559256063,0.030817331378706136,1.2818181818181817,0.0014100000000000002,0.09196969696969698,1142.3818181818183,2989.861,293375.48534363636,111.63247500000001,571.7818181818182
ALL_CORE,2026-04,W,,W:2026-04-17T20:00:00Z:2026-04-20T06:00:00Z,REGULAR_WEEKEND,LISTING_AFTER_30_DAYS,1,8,0.030421732358334126,0.004102065554376486,0.03242261039706861,1.5363636363636364,0.00169,0.04590909090909091,1413.0363636363636,2141.928545454545,325573.74059727276,65.50614999999999,810.2636363636364
ALL_CORE,2026-04,W,,W:2026-04-24T20:00:00Z:2026-04-27T06:00:00Z,REGULAR_WEEKEND,LISTING_AFTER_30_DAYS,1,8,0.018946510345931776,0.0025547469338771194,0.00734745697645074,0.7909090909090909,0.0008700000000000001,0.10484848484848484,872.290909090909,834.722,160598.59721090907,29.2117,498.6909090909091
ALL_CORE,2026-05,W,,W:2026-05-01T20:00:00Z:2026-05-04T06:00:00Z,REGULAR_WEEKEND,LISTING_AFTER_30_DAYS,1,8,0.02142179282362098,0.0028885139550802663,0.03907417037522201,1.0,0.0011,0.021666666666666667,1165.1727272727271,1096.9292727272727,195907.08931909094,20.9991,666.2454545454545
ALL_CORE,2026-05,W,,W:2026-05-08T20:00:00Z:2026-05-11T06:00:00Z,REGULAR_WEEKEND,LISTING_AFTER_30_DAYS,1,8,0.02110754002078024,0.0028461401157894835,0.012582872801695863,1.1,0.0012100000000000001,0.02909090909090909,1433.990909090909,1037.6485454545455,273767.8949063636,46.277,776.0090909090909
ALL_CORE,2026-05,W,,W:2026-05-15T20:00:00Z:2026-05-18T06:00:00Z,REGULAR_WEEKEND,LISTING_AFTER_30_DAYS,1,8,0.02497367623775827,0.003367449816939633,0.02352740976218691,1.6181818181818182,0.00178,0.04212121212121212,1451.990909090909,899.461,203789.15608909092,31.353199999999998,782.8181818181818
ALL_CORE,2026-05,W,,W:2026-05-22T20:00:00Z:2026-05-26T06:00:00Z,THREE_DAY_LONG_WEEKEND,LISTING_AFTER_30_DAYS,1,8,0.02974165601693212,0.0033461977338154008,0.013672667004842674,1.9683544303797469,0.002165189873417722,0.008227848101265823,2338.5759493670885,1029.992341772152,288615.3659208861,34.43125,1134.4303797468356
ALL_CORE,2026-05,W,,W:2026-05-29T20:00:00Z:2026-06-01T06:00:00Z,REGULAR_WEEKEND,LISTING_AFTER_30_DAYS,1,8,0.023726710175519694,0.003199308947408117,0.006710249731532912,1.9545454545454546,0.00215,0.016666666666666666,2051.409090909091,1443.4237272727273,231274.21888363638,45.7817,856.9
ALL_CORE,2026-03,O,,O:2026-03-02T21:00:00Z:2026-03-03T07:00:00Z,ORDINARY_WEEKDAY_OVERNIGHT,"LISTING_AFTER_30_DAYS,LISTING_DAYS_15_30",1,8,0.01482575205491219,0.005603607562400354,0.11048742750348298,4.071428571428571,0.004478571428571429,0.05714285714285714,889.2142857142858,2715.2064285714287,237175.31156428572,186.67397499999998,489.3571428571429
ALL_CORE,2026-03,O,,O:2026-03-03T21:00:00Z:2026-03-04T07:00:00Z,ORDINARY_WEEKDAY_OVERNIGHT,"LISTING_AFTER_30_DAYS,LISTING_DAYS_15_30",1,8,0.01680081674424251,0.006350111846862221,0.03430080117441427,6.0,0.0066,0.01904761904761905,1344.642857142857,4596.870714285714,412858.10551428574,290.7585,758.1428571428571
ALL_CORE,2026-03,O,,O:2026-03-04T21:00:00Z:2026-03-05T07:00:00Z,ORDINARY_WEEKDAY_OVERNIGHT,"LISTING_AFTER_30_DAYS,LISTING_DAYS_15_30",1,8,0.014226493067442577,0.005377108955005358,0.01884794209649212,4.285714285714286,0.004714285714285714,0.016666666666666666,2106.357142857143,4063.478571428571,500678.9376285714,102.46610000000001,1078.0
ALL_CORE,2026-03,O,,O:2026-03-05T21:00:00Z:2026-03-06T07:00:00Z,ORDINARY_WEEKDAY_OVERNIGHT,"LISTING_AFTER_30_DAYS,LISTING_DAYS_15_30",1,8,0.009884376648619107,0.003735943211020032,0.03683179438790518,3.1428571428571432,0.0034571428571428574,0.04642857142857143,1450.9285714285716,2017.7485714285715,288614.8818714286,62.760999999999996,743.7857142857142
ALL_CORE,2026-03,O,,O:2026-03-09T20:00:00Z:2026-03-10T06:00:00Z,ORDINARY_WEEKDAY_OVERNIGHT,"LISTING_AFTER_30_DAYS,LISTING_DAYS_15_30",1,8,0.01354901475862983,0.005121046223039766,0.05441039473867193,4.214285714285714,0.004635714285714286,0.010714285714285714,1834.1428571428573,2584.659285714286,355609.43695,60.05115,1039.4285714285713
ALL_CORE,2026-03,O,,O:2026-03-10T20:00:00Z:2026-03-11T06:00:00Z,ORDINARY_WEEKDAY_OVERNIGHT,"LISTING_AFTER_30_DAYS,LISTING_DAYS_15_30",1,8,0.009180060189325764,0.0034697366116514987,0.02106076022390831,1.9285714285714286,0.002121428571428572,0.05119047619047619,1087.9285714285713,1506.7642857142855,162134.4925642857,101.2387,554.1428571428571
ALL_CORE,2026-03,O,,O:2026-03-11T20:00:00Z:2026-03-12T06:00:00Z,ORDINARY_WEEKDAY_OVERNIGHT,"LISTING_AFTER_30_DAYS,LISTING_DAYS_15_30",1,8,0.011587146889906693,0.0043795298679240886,0.042507830314528816,3.928571428571429,0.0043214285714285715,0.014285714285714285,1431.2142857142858,1587.0292857142856,231726.1573142857,66.09514999999999,757.4285714285714
ALL_CORE,2026-03,O,,O:2026-03-12T20:00:00Z:2026-03-13T06:00:00Z,ORDINARY_WEEKDAY_OVERNIGHT,LISTING_AFTER_30_DAYS,1,8,0.011593110305636579,0.004381783827207771,0.03369083303012299,3.0,0.0033,0.034523809523809526,1381.9285714285716,2777.868571428571,217834.08039285714,102.3681,756.5714285714287
ALL_CORE,2026-03,O,,O:2026-03-16T20:00:00Z:2026-03-17T06:00:00Z,ORDINARY_WEEKDAY_OVERNIGHT,LISTING_AFTER_30_DAYS,1,8,0.010658714877923385,0.004028615551789922,0.032098981730676567,2.928571428571429,0.0032214285714285713,0.02142857142857143,1742.4285714285716,3506.258571428571,367127.41165,85.11507499999999,939.4285714285713
ALL_CORE,2026-03,O,,O:2026-03-17T20:00:00Z:2026-03-18T06:00:00Z,ORDINARY_WEEKDAY_OVERNIGHT,LISTING_AFTER_30_DAYS,1,8,0.007275173852010265,0.0027497572510255695,0.09322970975467003,1.2857142857142856,0.0014142857142857143,0.06190476190476191,1170.2857142857142,2661.5014285714287,314453.5343428572,184.3939,539.0714285714286
ALL_CORE,2026-03,O,,O:2026-03-18T20:00:00Z:2026-03-19T06:00:00Z,ORDINARY_WEEKDAY_OVERNIGHT,LISTING_AFTER_30_DAYS,1,8,0.00993002218592527,0.00375319560247318,0.017340373382044243,2.7142857142857144,0.002985714285714286,0.04166666666666667,1352.7142857142858,3404.2314285714283,310253.8490071428,195.6961,625.2142857142858
ALL_CORE,2026-03,O,,O:2026-03-19T20:00:00Z:2026-03-20T06:00:00Z,ORDINARY_WEEKDAY_OVERNIGHT,LISTING_AFTER_30_DAYS,1,8,0.008444332429204747,0.0031916576565190996,0.017239674243585953,2.0,0.0022,0.07023809523809524,1101.5714285714287,2807.5764285714286,295063.9161357143,191.8195,566.2142857142857
ALL_CORE,2026-03,O,,O:2026-03-23T20:00:00Z:2026-03-24T06:00:00Z,ORDINARY_WEEKDAY_OVERNIGHT,LISTING_AFTER_30_DAYS,1,8,0.012507921596432318,0.004727549994636274,0.06364273261314989,3.7857142857142856,0.004164285714285714,0.04642857142857143,1342.357142857143,4232.903571428571,363643.50364285713,174.8653,741.7857142857142
ALL_CORE,2026-03,O,,O:2026-03-24T20:00:00Z:2026-03-25T06:00:00Z,ORDINARY_WEEKDAY_OVERNIGHT,LISTING_AFTER_30_DAYS,1,8,0.011870724677071808,0.0044867121968070744,0.06355003476030102,3.142857142857143,0.0034571428571428574,0.04047619047619047,1736.0,5534.487857142856,522159.0381214285,217.92655,760.2857142857143
ALL_CORE,2026-03,O,,O:2026-03-25T20:00:00Z:2026-03-26T06:00:00Z,ORDINARY_WEEKDAY_OVERNIGHT,LISTING_AFTER_30_DAYS,1,8,0.010135702201739469,0.0038309353412589228,0.03955470930074169,2.5714285714285716,0.002828571428571429,0.07857142857142857,978.0,3538.306428571428,310732.03549285716,239.78314999999998,446.5
ALL_CORE,2026-03,O,,O:2026-03-26T20:00:00Z:2026-03-27T06:00:00Z,ORDINARY_WEEKDAY_OVERNIGHT,LISTING_AFTER_30_DAYS,1,8,0.00910093827142297,0.0034398313376478905,0.05455085387687571,2.428571428571429,0.0026714285714285716,0.07976190476190477,1262.7142857142858,3931.404285714286,367243.57894285716,243.8865,547.2857142857142
ALL_CORE,2026-03,O,,O:2026-03-30T20:00:00Z:2026-03-31T06:00:00Z,ORDINARY_WEEKDAY_OVERNIGHT,LISTING_AFTER_30_DAYS,1,8,0.017325884281483878,0.006548568721869907,0.06561291140333107,4.428571428571429,0.004871428571428572,0.013095238095238096,2500.5714285714284,8745.128571428571,670503.7484500001,139.967175,1201.9285714285716
ALL_CORE,2026-03,O,,O:2026-03-31T20:00:00Z:2026-04-01T06:00:00Z,ORDINARY_WEEKDAY_OVERNIGHT,LISTING_AFTER_30_DAYS,1,8,0.010450099492505503,0.003949766347578835,0.05647638746230342,3.071428571428571,0.0033785714285714287,0.020238095238095236,1573.6428571428573,3497.5892857142853,402862.5191785714,62.89450000000001,738.2857142857142
ALL_CORE,2026-04,O,,O:2026-04-01T20:00:00Z:2026-04-02T06:00:00Z,ORDINARY_WEEKDAY_OVERNIGHT,LISTING_AFTER_30_DAYS,1,8,0.019060835831862636,0.007204318770305356,0.13535733341702955,5.071428571428571,0.005578571428571429,0.013095238095238096,3131.5,9198.141428571427,905962.4937857143,170.71,1340.857142857143
ALL_CORE,2026-04,O,,O:2026-04-06T20:00:00Z:2026-04-07T06:00:00Z,ORDINARY_WEEKDAY_OVERNIGHT,LISTING_AFTER_30_DAYS,1,8,0.009414547194103166,0.003558364368839702,0.03751373485364023,2.571428571428571,0.0028285714285714286,0.028571428571428574,1433.7142857142858,3908.692142857143,273506.2467285714,112.359475,706.2142857142858
ALL_CORE,2026-04,O,,O:2026-04-07T20:00:00Z:2026-04-08T06:00:00Z,ORDINARY_WEEKDAY_OVERNIGHT,LISTING_AFTER_30_DAYS,1,8,0.014409767289334208,0.0054463800996988046,0.0569788716241802,3.6428571428571432,0.0040071428571428576,0.005952380952380952,3064.4285714285716,7932.937142857142,918753.42305,134.3591,1457.4285714285713
ALL_CORE,2026-04,O,,O:2026-04-08T20:00:00Z:2026-04-09T06:00:00Z,ORDINARY_WEEKDAY_OVERNIGHT,LISTING_AFTER_30_DAYS,1,8,0.008241450435164648,0.0031149754705586726,0.01899527654788475,2.428571428571429,0.0026714285714285716,0.004761904761904762,1619.857142857143,4038.3050000000003,393718.3207857143,145.433225,670.5714285714286
ALL_CORE,2026-04,O,,O:2026-04-09T20:00:00Z:2026-04-10T06:00:00Z,ORDINARY_WEEKDAY_OVERNIGHT,LISTING_AFTER_30_DAYS,1,8,0.008643806571061109,0.0032670517954248076,0.0376514683186429,2.428571428571429,0.0026714285714285716,0.010714285714285714,1735.5714285714284,3282.970714285714,333177.9475857143,66.15525,822.4285714285714
ALL_CORE,2026-04,O,,O:2026-04-13T20:00:00Z:2026-04-14T06:00:00Z,ORDINARY_WEEKDAY_OVERNIGHT,LISTING_AFTER_30_DAYS,1,8,0.007634380417616434,0.0028855245712963596,0.04843900137729029,1.5,0.00165,0.044047619047619044,956.5714285714287,3409.0042857142853,284423.5346142857,102.652925,473.8571428571429
ALL_CORE,2026-04,O,,O:2026-04-14T20:00:00Z:2026-04-15T06:00:00Z,ORDINARY_WEEKDAY_OVERNIGHT,LISTING_AFTER_30_DAYS,1,8,0.009351222178346065,0.0035344297626307684,0.03704293988572754,1.5714285714285714,0.0017285714285714287,0.019047619047619046,1554.1428571428573,4204.040714285714,411235.5478,73.3943,805.2142857142858
ALL_CORE,2026-04,O,,O:2026-04-15T20:00:00Z:2026-04-16T06:00:00Z,ORDINARY_WEEKDAY_OVERNIGHT,LISTING_AFTER_30_DAYS,1,8,0.009324503134151996,0.0035243309131726473,0.046350359577311234,2.5714285714285716,0.002828571428571429,0.014285714285714285,1936.9285714285716,5067.008571428571,572036.1103928571,112.98987500000001,922.8571428571429
ALL_CORE,2026-04,O,,O:2026-04-16T20:00:00Z:2026-04-17T06:00:00Z,ORDINARY_WEEKDAY_OVERNIGHT,LISTING_AFTER_30_DAYS,1,8,0.00817736482325177,0.003090753386024548,0.023259954773959143,2.142857142857143,0.002357142857142857,0.013095238095238094,1505.7142857142858,3533.795,391345.7125857143,114.54502500000001,703.2857142857142
ALL_CORE,2026-04,O,,O:2026-04-20T20:00:00Z:2026-04-21T06:00:00Z,ORDINARY_WEEKDAY_OVERNIGHT,LISTING_AFTER_30_DAYS,1,8,0.007522173418049954,0.0028431143118372686,0.04813166224784025,1.5,0.00165,0.005952380952380952,1039.142857142857,2264.7464285714286,257703.0670857143,47.910574999999994,579.5714285714286
ALL_CORE,2026-04,O,,O:2026-04-21T20:00:00Z:2026-04-22T06:00:00Z,ORDINARY_WEEKDAY_OVERNIGHT,LISTING_AFTER_30_DAYS,1,8,0.007982425035427197,0.003017073071850903,0.10522182876793915,1.7142857142857144,0.0018857142857142857,0.0035714285714285718,2029.0,3296.3592857142858,601331.9904499999,86.4468,837.7142857142858
ALL_CORE,2026-04,O,,O:2026-04-22T20:00:00Z:2026-04-23T06:00:00Z,ORDINARY_WEEKDAY_OVERNIGHT,LISTING_AFTER_30_DAYS,1,8,0.014963149649233374,0.005655538971730696,0.04460037122704926,3.7142857142857144,0.004085714285714286,0.002380952380952381,2295.0714285714284,7478.236428571428,576005.0556571429,34.56805,1094.2857142857142
ALL_CORE,2026-04,O,,O:2026-04-23T20:00:00Z:2026-04-24T06:00:00Z,ORDINARY_WEEKDAY_OVERNIGHT,LISTING_AFTER_30_DAYS,1,8,0.010443144159074214,0.003947137478643874,0.018808421465549965,3.071428571428571,0.0033785714285714287,0.002380952380952381,2120.8571428571427,2279.705,430825.94025000004,28.685699999999997,1152.857142857143
ALL_CORE,2026-04,O,,O:2026-04-27T20:00:00Z:2026-04-28T06:00:00Z,ORDINARY_WEEKDAY_OVERNIGHT,LISTING_AFTER_30_DAYS,1,8,0.008389938533969223,0.003171098696571485,0.07092323992001782,2.0,0.0022,0.015476190476190477,1600.4285714285713,1009.6464285714285,188752.76585714283,20.88375,742.4285714285714
ALL_CORE,2026-04,O,,O:2026-04-28T20:00:00Z:2026-04-29T06:00:00Z,ORDINARY_WEEKDAY_OVERNIGHT,LISTING_AFTER_30_DAYS,1,8,0.009409826899004122,0.0035565802649901437,0.06174956437521888,2.071428571428571,0.0022785714285714284,0.004761904761904762,2147.9285714285716,1925.1157142857141,402342.74904285715,33.35835,950.7857142857142
ALL_CORE,2026-04,O,,O:2026-04-29T20:00:00Z:2026-04-30T06:00:00Z,ORDINARY_WEEKDAY_OVERNIGHT,LISTING_AFTER_30_DAYS,1,8,0.014585699298360576,0.005512876148775911,0.07108263851780566,3.857142857142857,0.004242857142857144,0.0,3572.9285714285716,3214.397857142857,539111.592,49.3096,1764.5
ALL_CORE,2026-04,O,,O:2026-04-30T20:00:00Z:2026-05-01T06:00:00Z,ORDINARY_WEEKDAY_OVERNIGHT,LISTING_AFTER_30_DAYS,1,8,0.006963435707084241,0.0026319313073617304,0.05245535714285682,1.5,0.00165,0.008333333333333333,1527.7857142857142,1356.6735714285714,213567.07857857144,34.3219,726.6428571428571
ALL_CORE,2026-05,O,,O:2026-05-04T20:00:00Z:2026-05-05T06:00:00Z,ORDINARY_WEEKDAY_OVERNIGHT,LISTING_AFTER_30_DAYS,1,8,0.011325909391787183,0.004280791374617099,0.08697939398621102,3.0,0.0033,0.0,2077.642857142857,1424.7364285714286,310853.8011214286,40.1424,1235.642857142857
ALL_CORE,2026-05,O,,O:2026-05-05T20:00:00Z:2026-05-06T06:00:00Z,ORDINARY_WEEKDAY_OVERNIGHT,LISTING_AFTER_30_DAYS,1,8,0.012411734641673,0.004691194742970305,0.02351469921673272,3.071428571428571,0.0033785714285714287,0.0,2484.142857142857,2651.4385714285713,324163.50115,16.815600000000003,1296.857142857143
ALL_CORE,2026-05,O,,O:2026-05-06T20:00:00Z:2026-05-07T06:00:00Z,ORDINARY_WEEKDAY_OVERNIGHT,LISTING_AFTER_30_DAYS,1,8,0.008548995017621182,0.0032312163965936996,0.030327776277778946,2.0,0.0022,0.0035714285714285713,1668.2857142857142,942.7835714285715,229665.97328571428,32.64715,886.7142857142858
ALL_CORE,2026-05,O,,O:2026-05-07T20:00:00Z:2026-05-08T06:00:00Z,ORDINARY_WEEKDAY_OVERNIGHT,LISTING_AFTER_30_DAYS,1,8,0.01053746704679034,0.003982788179192209,0.06851686091118481,2.857142857142857,0.0031428571428571434,0.0,2325.785714285714,1285.6599999999999,338491.3555214286,36.1914,1283.4285714285713
ALL_CORE,2026-05,O,,O:2026-05-11T20:00:00Z:2026-05-12T06:00:00Z,ORDINARY_WEEKDAY_OVERNIGHT,LISTING_AFTER_30_DAYS,1,8,0.012937511808609019,0.004889919832791562,0.061596758062116716,2.571428571428571,0.0028285714285714286,0.0,3079.4285714285716,3339.2835714285716,685886.6466999999,46.481,1719.5
ALL_CORE,2026-05,O,,O:2026-05-12T20:00:00Z:2026-05-13T06:00:00Z,ORDINARY_WEEKDAY_OVERNIGHT,LISTING_AFTER_30_DAYS,1,8,0.009283033526530399,0.003508656874782051,0.04640988360890535,2.428571428571429,0.0026714285714285716,0.0011904761904761906,2085.357142857143,1812.6378571428572,395554.8200214286,76.57425,1162.357142857143
ALL_CORE,2026-05,O,,O:2026-05-13T20:00:00Z:2026-05-14T06:00:00Z,ORDINARY_WEEKDAY_OVERNIGHT,LISTING_AFTER_30_DAYS,1,8,0.009471815195771584,0.003580009638910597,0.02168447795378306,2.428571428571429,0.0026714285714285716,0.0011904761904761906,2466.5,2423.7957142857144,432484.40243571426,45.0519,1323.7142857142858
ALL_CORE,2026-05,O,,O:2026-05-14T20:00:00Z:2026-05-15T06:00:00Z,ORDINARY_WEEKDAY_OVERNIGHT,LISTING_AFTER_30_DAYS,1,8,0.014513267927235719,0.005485499663759368,0.13893443120733395,4.928571428571429,0.005421428571428572,0.0011904761904761906,4554.5,3420.42,956350.5518285715,64.56205,2318.642857142857
ALL_CORE,2026-05,O,,O:2026-05-18T20:00:00Z:2026-05-19T06:00:00Z,ORDINARY_WEEKDAY_OVERNIGHT,LISTING_AFTER_30_DAYS,1,8,0.011777228690845536,0.004451374035644584,0.05446775446775509,3.2142857142857144,0.003535714285714286,0.0011904761904761906,2572.642857142857,1613.2014285714286,384040.68966428575,33.5901,1364.857142857143
ALL_CORE,2026-05,O,,O:2026-05-19T20:00:00Z:2026-05-20T06:00:00Z,ORDINARY_WEEKDAY_OVERNIGHT,LISTING_AFTER_30_DAYS,1,8,0.012389243423739899,0.004682693861636885,0.03391386599641756,3.5714285714285716,0.003928571428571429,0.004761904761904762,2800.9285714285716,1979.7107142857142,385734.8299785714,30.818350000000002,1472.8571428571427
ALL_CORE,2026-05,O,,O:2026-05-20T20:00:00Z:2026-05-21T06:00:00Z,ORDINARY_WEEKDAY_OVERNIGHT,LISTING_AFTER_30_DAYS,1,8,0.010071139282844895,0.003806532851642997,0.06736916760244777,2.571428571428571,0.0028285714285714286,0.008333333333333333,1951.357142857143,2101.9064285714285,304548.09253571427,51.692025,955.3571428571429
ALL_CORE,2026-05,O,,O:2026-05-21T20:00:00Z:2026-05-22T06:00:00Z,ORDINARY_WEEKDAY_OVERNIGHT,LISTING_AFTER_30_DAYS,1,8,0.00771027547182402,0.0029142102054639366,0.02583291455403095,2.2142857142857144,0.002435714285714286,0.004761904761904762,2001.2857142857142,862.96,220464.65505000003,39.1242,935.0714285714287
ALL_CORE,2026-05,O,,O:2026-05-26T20:00:00Z:2026-05-27T06:00:00Z,ORDINARY_WEEKDAY_OVERNIGHT,LISTING_AFTER_30_DAYS,1,8,0.007491908120177478,0.0028316751044764306,0.029034770908575702,1.4285714285714284,0.0015714285714285713,0.0,2805.285714285714,1158.6407142857142,375128.2341642857,46.717,1405.7857142857142
ALL_CORE,2026-05,O,,O:2026-05-27T20:00:00Z:2026-05-28T06:00:00Z,ORDINARY_WEEKDAY_OVERNIGHT,LISTING_AFTER_30_DAYS,1,8,0.012793624460173132,0.004835535526967298,0.07410072336094692,3.928571428571429,0.0043214285714285715,0.0,5667.142857142857,4934.092857142858,1015692.147242857,50.5895,2683.4285714285716
ALL_CORE,2026-05,O,,O:2026-05-28T20:00:00Z:2026-05-29T06:00:00Z,ORDINARY_WEEKDAY_OVERNIGHT,LISTING_AFTER_30_DAYS,1,8,0.010716115515664777,0.004050310953584241,0.042700925484137786,3.071428571428571,0.0033785714285714287,0.0,2736.285714285714,2980.8164285714283,361830.3622142857,43.8485,1245.642857142857
TRADITIONAL_EQUITY,2026-03,W,,W:2026-03-06T21:00:00Z:2026-03-09T06:00:00Z,REGULAR_WEEKEND,"LISTING_AFTER_30_DAYS,LISTING_DAYS_15_30",1,4,0.024910311281145514,0.003389863998483446,0.029350649026420587,1.4629629629629628,0.0016092592592592593,0.3033950617283951,610.6296296296296,921.8118518518518,93682.0890037037,59.9264,348.8425925925926
TRADITIONAL_EQUITY,2026-03,W,,W:2026-03-13T20:00:00Z:2026-03-16T06:00:00Z,REGULAR_WEEKEND,LISTING_AFTER_30_DAYS,1,4,0.0146243787282913,0.0019719508254448714,0.02771865630354685,0.7818181818181817,0.0008600000000000001,0.40136363636363637,344.3818181818182,730.7897272727273,62896.62636272727,86.7079,167.61818181818182
TRADITIONAL_EQUITY,2026-03,W,,W:2026-03-20T20:00:00Z:2026-03-23T06:00:00Z,REGULAR_WEEKEND,LISTING_AFTER_30_DAYS,1,4,0.017816171394823242,0.002402332060802275,0.04878021661216354,0.9545454545454545,0.00105,0.29333333333333333,554.0818181818182,1294.260090909091,100643.88890636363,36.257000000000005,277.0454545454545
TRADITIONAL_EQUITY,2026-03,W,,W:2026-03-27T20:00:00Z:2026-03-30T06:00:00Z,REGULAR_WEEKEND,LISTING_AFTER_30_DAYS,1,4,0.017553913981256622,0.002366969278370959,0.014136189076498515,0.7818181818181817,0.0008600000000000001,0.39969696969696966,345.23636363636365,1333.437818181818,81813.96912454546,112.3782,175.88181818181818
TRADITIONAL_EQUITY,2026-04,W,,W:2026-04-02T20:00:00Z:2026-04-06T06:00:00Z,THREE_DAY_LONG_WEEKEND,LISTING_AFTER_30_DAYS,1,4,0.014439061600395407,0.0016245213507330423,0.006034886202887337,0.4620253164556962,0.0005082278481012658,0.3726793248945148,350.89873417721515,721.4556329113924,77453.98901518987,104.8799,193.78481012658227
TRADITIONAL_EQUITY,2026-04,W,,W:2026-04-10T20:00:00Z:2026-04-13T06:00:00Z,REGULAR_WEEKEND,LISTING_AFTER_30_DAYS,1,4,0.027124728499236653,0.0036574976447076276,0.022866323467302854,1.2000000000000002,0.0013200000000000002,0.12651515151515152,903.3000000000001,1853.5383636363638,237801.3053072727,109.347025,472.9
TRADITIONAL_EQUITY,2026-04,W,,W:2026-04-17T20:00:00Z:2026-04-20T06:00:00Z,REGULAR_WEEKEND,LISTING_AFTER_30_DAYS,1,4,0.0198933429325169,0.0026824178138074002,0.026153959061046277,0.9454545454545455,0.0010400000000000001,0.1596969696969697,676.8090909090909,1068.8900909090908,130480.06278636365,54.301249999999996,362.26363636363635
TRADITIONAL_EQUITY,2026-04,W,,W:2026-04-24T20:00:00Z:2026-04-27T06:00:00Z,REGULAR_WEEKEND,LISTING_AFTER_30_DAYS,1,4,0.012830333890318749,0.001730041868842075,0.0077267841793778325,0.4636363636363636,0.00051,0.12242424242424242,772.9,449.0037272727273,148372.01108090908,28.32025,428.77272727272725
TRADITIONAL_EQUITY,2026-05,W,,W:2026-05-01T20:00:00Z:2026-05-04T06:00:00Z,REGULAR_WEEKEND,LISTING_AFTER_30_DAYS,1,4,0.016107834683869154,0.002171979985689045,0.019531124123158744,0.6181818181818182,0.00068,0.07242424242424242,907.8454545454545,449.1217272727273,139380.77760909093,18.6135,510.5090909090909
TRADITIONAL_EQUITY,2026-05,W,,W:2026-05-08T20:00:00Z:2026-05-11T06:00:00Z,REGULAR_WEEKEND,LISTING_AFTER_30_DAYS,1,4,0.013864382070368816,0.001869472896996099,0.016938957375003342,0.6454545454545454,0.00071,0.08515151515151516,989.3727272727273,631.0339090909091,215140.1227309091,40.839800000000004,519.4636363636364
TRADITIONAL_EQUITY,2026-05,W,,W:2026-05-15T20:00:00Z:2026-05-18T06:00:00Z,REGULAR_WEEKEND,LISTING_AFTER_30_DAYS,1,4,0.017756147473909648,0.002394238436957385,0.0076182573393563935,1.009090909090909,0.00111,0.11393939393939394,1116.709090909091,521.5462727272727,162345.71231545453,27.3524,588.7
TRADITIONAL_EQUITY,2026-05,W,,W:2026-05-22T20:00:00Z:2026-05-26T06:00:00Z,THREE_DAY_LONG_WEEKEND,LISTING_AFTER_30_DAYS,1,4,0.022680893246101168,0.0025517998573383197,0.01441267755368637,1.1329113924050631,0.0012462025316455697,0.07753164556962025,1461.867088607595,716.8768987341773,248265.2284550633,32.9616,698.3354430379746
TRADITIONAL_EQUITY,2026-05,W,,W:2026-05-29T20:00:00Z:2026-06-01T06:00:00Z,REGULAR_WEEKEND,LISTING_AFTER_30_DAYS,1,4,0.028499437944962153,0.0038428634285546377,0.011399227584227612,1.2181818181818183,0.00134,0.017727272727272727,2117.4363636363637,1122.7386363636365,287395.80890363635,64.29495,1051.5
TRADITIONAL_EQUITY,2026-03,O,,O:2026-03-02T21:00:00Z:2026-03-03T07:00:00Z,ORDINARY_WEEKDAY_OVERNIGHT,"LISTING_AFTER_30_DAYS,LISTING_DAYS_15_30",1,4,0.008817131935367874,0.0033325626254041467,0.10522765571663868,1.7857142857142858,0.0019642857142857144,0.12738095238095237,681.1428571428571,1932.0842857142857,146594.03328571428,245.70075000000003,356.7142857142857
TRADITIONAL_EQUITY,2026-03,O,,O:2026-03-03T21:00:00Z:2026-03-04T07:00:00Z,ORDINARY_WEEKDAY_OVERNIGHT,"LISTING_AFTER_30_DAYS,LISTING_DAYS_15_30",1,4,0.012350480711338173,0.004668042933471558,0.05032144104641002,3.7142857142857144,0.004085714285714285,0.029761904761904764,1159.7142857142858,3683.096428571428,290792.4754714286,310.53715,588.0
TRADITIONAL_EQUITY,2026-03,O,,O:2026-03-04T21:00:00Z:2026-03-05T07:00:00Z,ORDINARY_WEEKDAY_OVERNIGHT,"LISTING_AFTER_30_DAYS,LISTING_DAYS_15_30",1,4,0.01166175193603675,0.004407727924868466,0.027782449047573744,3.142857142857143,0.0034571428571428574,0.06190476190476191,1274.142857142857,2947.627857142857,270295.26835714286,277.11005,528.4285714285714
TRADITIONAL_EQUITY,2026-03,O,,O:2026-03-05T21:00:00Z:2026-03-06T07:00:00Z,ORDINARY_WEEKDAY_OVERNIGHT,"LISTING_AFTER_30_DAYS,LISTING_DAYS_15_30",1,4,0.006453569760270122,0.002439220093468782,0.03715289296516813,1.6428571428571428,0.0018071428571428572,0.12380952380952381,629.3571428571429,1456.9835714285714,129654.24357142858,202.79665,386.57142857142856
TRADITIONAL_EQUITY,2026-03,O,,O:2026-03-09T20:00:00Z:2026-03-10T06:00:00Z,ORDINARY_WEEKDAY_OVERNIGHT,"LISTING_AFTER_30_DAYS,LISTING_DAYS_15_30",1,4,0.009498965837048977,0.003590271616732869,0.01275197348991048,2.2857142857142856,0.0025142857142857146,0.06785714285714287,1190.5,1762.21,257824.0397071429,193.270125,535.0714285714286
TRADITIONAL_EQUITY,2026-03,O,,O:2026-03-10T20:00:00Z:2026-03-11T06:00:00Z,ORDINARY_WEEKDAY_OVERNIGHT,"LISTING_AFTER_30_DAYS,LISTING_DAYS_15_30",1,4,0.006324666633343839,0.0023904992910308473,0.0340532498845743,0.7142857142857143,0.0007857142857142857,0.1130952380952381,727.1428571428571,1185.6021428571428,121955.48729285714,201.69655,315.42857142857144
TRADITIONAL_EQUITY,2026-03,O,,O:2026-03-11T20:00:00Z:2026-03-12T06:00:00Z,ORDINARY_WEEKDAY_OVERNIGHT,"LISTING_AFTER_30_DAYS,LISTING_DAYS_15_30",1,4,0.0077376786505660745,0.002924567633475955,0.017815011690019533,1.6428571428571428,0.0018071428571428572,0.05476190476190476,1146.5714285714287,1203.9621428571427,186073.6566714286,107.93735000000001,508.6428571428571
TRADITIONAL_EQUITY,2026-03,O,,O:2026-03-12T20:00:00Z:2026-03-13T06:00:00Z,ORDINARY_WEEKDAY_OVERNIGHT,LISTING_AFTER_30_DAYS,1,4,0.007155922261729298,0.0027046843865495113,0.02746737239977612,1.3571428571428572,0.001492857142857143,0.12738095238095237,855.2142857142858,1795.847857142857,142264.11904285714,196.08787500000003,360.1428571428571
TRADITIONAL_EQUITY,2026-03,O,,O:2026-03-16T20:00:00Z:2026-03-17T06:00:00Z,ORDINARY_WEEKDAY_OVERNIGHT,LISTING_AFTER_30_DAYS,1,4,0.005739814788324175,0.0021694460716395157,0.04535643714850361,0.9285714285714286,0.0010214285714285716,0.06785714285714287,1121.142857142857,1332.4214285714286,202630.2094,51.00565,645.7142857142857
TRADITIONAL_EQUITY,2026-03,O,,O:2026-03-17T20:00:00Z:2026-03-18T06:00:00Z,ORDINARY_WEEKDAY_OVERNIGHT,LISTING_AFTER_30_DAYS,1,4,0.005362599654666079,0.002026872152435329,0.10938555159192206,0.42857142857142855,0.0004714285714285714,0.14166666666666666,618.5,1092.5135714285714,172692.11899285717,201.5619,262.64285714285717
TRADITIONAL_EQUITY,2026-03,O,,O:2026-03-18T20:00:00Z:2026-03-19T06:00:00Z,ORDINARY_WEEKDAY_OVERNIGHT,LISTING_AFTER_30_DAYS,1,4,0.0074607141754099715,0.002819884901581301,0.010924616957185676,1.5714285714285714,0.0017285714285714287,0.12023809523809523,873.8571428571429,1672.9442857142856,223544.01082857145,250.1929,343.7857142857143
TRADITIONAL_EQUITY,2026-03,O,,O:2026-03-19T20:00:00Z:2026-03-20T06:00:00Z,ORDINARY_WEEKDAY_OVERNIGHT,LISTING_AFTER_30_DAYS,1,4,0.005290612002722381,0.0019996633775052567,0.01842563124205689,0.5,0.0005499999999999999,0.12380952380952381,709.4285714285714,1750.48,226007.27514285716,226.95794999999998,310.7857142857143
TRADITIONAL_EQUITY,2026-03,O,,O:2026-03-23T20:00:00Z:2026-03-24T06:00:00Z,ORDINARY_WEEKDAY_OVERNIGHT,LISTING_AFTER_30_DAYS,1,4,0.008693124020357778,0.0032856920391583825,0.0746237223407833,2.571428571428571,0.0028285714285714286,0.06666666666666667,1140.7857142857142,3363.0050000000006,362982.0481571428,189.83085,548.4285714285714
TRADITIONAL_EQUITY,2026-03,O,,O:2026-03-24T20:00:00Z:2026-03-25T06:00:00Z,ORDINARY_WEEKDAY_OVERNIGHT,LISTING_AFTER_30_DAYS,1,4,0.00954923850138377,0.003609272897814939,0.024470676098998077,2.5,0.00275,0.07261904761904761,1063.7142857142858,3055.372857142857,331424.6971642857,183.3495,464.8571428571429
TRADITIONAL_EQUITY,2026-03,O,,O:2026-03-25T20:00:00Z:2026-03-26T06:00:00Z,ORDINARY_WEEKDAY_OVERNIGHT,LISTING_AFTER_30_DAYS,1,4,0.008489873557880003,0.0032088705852190884,0.021731459154267177,1.9285714285714284,0.0021214285714285714,0.15476190476190477,748.0,2597.612857142857,257589.87537857145,243.03059999999996,298.7142857142857
TRADITIONAL_EQUITY,2026-03,O,,O:2026-03-26T20:00:00Z:2026-03-27T06:00:00Z,ORDINARY_WEEKDAY_OVERNIGHT,LISTING_AFTER_30_DAYS,1,4,0.007293516718039366,0.0027566902027177376,0.06357627203114614,1.1428571428571428,0.001257142857142857,0.18928571428571428,668.5,2908.132857142857,253838.48914285714,303.7898,246.85714285714286
TRADITIONAL_EQUITY,2026-03,O,,O:2026-03-30T20:00:00Z:2026-03-31T06:00:00Z,ORDINARY_WEEKDAY_OVERNIGHT,LISTING_AFTER_30_DAYS,1,4,0.01576543128086623,0.005958772925835791,0.05461084201793519,4.571428571428571,0.005028571428571429,0.02738095238095238,1854.9285714285716,7435.655000000001,546128.5589785714,139.967175,772.5714285714287
TRADITIONAL_EQUITY,2026-03,O,,O:2026-03-31T20:00:00Z:2026-04-01T06:00:00Z,ORDINARY_WEEKDAY_OVERNIGHT,LISTING_AFTER_30_DAYS,1,4,0.008427089982170852,0.003185140624112544,0.05590897176001135,2.0714285714285716,0.002278571428571429,0.05714285714285714,1058.9285714285716,2777.912857142857,282623.60557857144,33.8789,445.0
TRADITIONAL_EQUITY,2026-04,O,,O:2026-04-01T20:00:00Z:2026-04-02T06:00:00Z,ORDINARY_WEEKDAY_OVERNIGHT,LISTING_AFTER_30_DAYS,1,4,0.015877027243629903,0.006000952235091721,0.13812520209803963,4.571428571428571,0.005028571428571429,0.044047619047619044,2346.0714285714284,6275.188571428571,715310.2816571428,206.8768,880.0714285714286
TRADITIONAL_EQUITY,2026-04,O,,O:2026-04-06T20:00:00Z:2026-04-07T06:00:00Z,ORDINARY_WEEKDAY_OVERNIGHT,LISTING_AFTER_30_DAYS,1,4,0.008376381302949553,0.0031659745448936716,0.037114406677304194,2.142857142857143,0.002357142857142857,0.06071428571428572,1119.2857142857142,2804.877857142857,192186.98311428571,107.3039,477.42857142857144
TRADITIONAL_EQUITY,2026-04,O,,O:2026-04-07T20:00:00Z:2026-04-08T06:00:00Z,ORDINARY_WEEKDAY_OVERNIGHT,LISTING_AFTER_30_DAYS,1,4,0.011608308503792322,0.004387528206164396,0.08077676993104518,2.571428571428571,0.0028285714285714286,0.03571428571428571,1954.0,4228.337857142857,330419.4108357143,136.818375,739.8571428571429
TRADITIONAL_EQUITY,2026-04,O,,O:2026-04-08T20:00:00Z:2026-04-09T06:00:00Z,ORDINARY_WEEKDAY_OVERNIGHT,LISTING_AFTER_30_DAYS,1,4,0.00720068196117435,0.002721601962762312,0.014546074186527758,2.0,0.0021999999999999997,0.02142857142857143,1247.7857142857142,3419.577142857143,312445.14155,161.72252499999996,444.0
TRADITIONAL_EQUITY,2026-04,O,,O:2026-04-09T20:00:00Z:2026-04-10T06:00:00Z,ORDINARY_WEEKDAY_OVERNIGHT,LISTING_AFTER_30_DAYS,1,4,0.007165359560946211,0.0027082513503746625,0.05608459028431817,1.7142857142857142,0.0018857142857142857,0.022619047619047622,1358.7142857142858,2494.6257142857144,452228.82979285717,79.66329999999999,594.8571428571429
TRADITIONAL_EQUITY,2026-04,O,,O:2026-04-13T20:00:00Z:2026-04-14T06:00:00Z,ORDINARY_WEEKDAY_OVERNIGHT,LISTING_AFTER_30_DAYS,1,4,0.0056982910944328065,0.0021537515905604683,0.052007509600398655,1.0714285714285714,0.0011785714285714286,0.07023809523809524,703.5714285714286,2234.1264285714283,232058.77240714285,102.652925,348.2142857142857
TRADITIONAL_EQUITY,2026-04,O,,O:2026-04-14T20:00:00Z:2026-04-15T06:00:00Z,ORDINARY_WEEKDAY_OVERNIGHT,LISTING_AFTER_30_DAYS,1,4,0.007836671279937337,0.002961983330468062,0.02251698168590746,1.0714285714285714,0.0011785714285714286,0.10952380952380952,831.0714285714286,3528.9092857142855,289368.3520214285,73.3943,406.7142857142857
TRADITIONAL_EQUITY,2026-04,O,,O:2026-04-15T20:00:00Z:2026-04-16T06:00:00Z,ORDINARY_WEEKDAY_OVERNIGHT,LISTING_AFTER_30_DAYS,1,4,0.008505311056509687,0.003214705411253238,0.057404582583995875,2.142857142857143,0.002357142857142857,0.10952380952380952,800.7857142857142,2846.223571428571,236030.99842857145,139.460875,319.3571428571429
TRADITIONAL_EQUITY,2026-04,O,,O:2026-04-16T20:00:00Z:2026-04-17T06:00:00Z,ORDINARY_WEEKDAY_OVERNIGHT,LISTING_AFTER_30_DAYS,1,4,0.006780706270055317,0.0025628660719918205,0.02197820497875426,1.2142857142857144,0.0013357142857142858,0.08928571428571429,1272.5714285714284,2575.5657142857144,365844.9769642857,125.44509999999998,480.57142857142856
TRADITIONAL_EQUITY,2026-04,O,,O:2026-04-20T20:00:00Z:2026-04-21T06:00:00Z,ORDINARY_WEEKDAY_OVERNIGHT,LISTING_AFTER_30_DAYS,1,4,0.006587694812064901,0.0024899145979877307,0.059508766609383534,1.0714285714285714,0.0011785714285714286,0.022619047619047622,911.9285714285714,1221.8135714285715,236322.9197,47.910574999999994,481.6428571428571
TRADITIONAL_EQUITY,2026-04,O,,O:2026-04-21T20:00:00Z:2026-04-22T06:00:00Z,ORDINARY_WEEKDAY_OVERNIGHT,LISTING_AFTER_30_DAYS,1,4,0.005207798741098598,0.0019683629067174485,0.059750244741055066,0.5714285714285714,0.0006285714285714285,0.015476190476190477,833.3571428571429,1894.3557142857142,162302.11270714286,33.9626,375.42857142857144
TRADITIONAL_EQUITY,2026-04,O,,O:2026-04-22T20:00:00Z:2026-04-23T06:00:00Z,ORDINARY_WEEKDAY_OVERNIGHT,LISTING_AFTER_30_DAYS,1,4,0.013808762910614909,0.005219221796419927,0.04303002463257437,3.6428571428571432,0.0040071428571428576,0.002380952380952381,1828.5714285714284,4507.905714285715,374636.6864571428,23.20145,798.5
TRADITIONAL_EQUITY,2026-04,O,,O:2026-04-23T20:00:00Z:2026-04-24T06:00:00Z,ORDINARY_WEEKDAY_OVERNIGHT,LISTING_AFTER_30_DAYS,1,4,0.008505547245271833,0.0032147946822142525,0.039549753287899114,2.4285714285714284,0.0026714285714285716,0.016666666666666666,1703.8571428571427,1187.1914285714286,356501.10483571433,25.6574,888.0
TRADITIONAL_EQUITY,2026-04,O,,O:2026-04-27T20:00:00Z:2026-04-28T06:00:00Z,ORDINARY_WEEKDAY_OVERNIGHT,LISTING_AFTER_30_DAYS,1,4,0.007059934679600581,0.0026684044906548007,0.07463258046851218,1.3571428571428572,0.001492857142857143,0.015476190476190477,1427.0,748.1035714285714,184529.89793571428,20.53305,620.2857142857143
TRADITIONAL_EQUITY,2026-04,O,,O:2026-04-28T20:00:00Z:2026-04-29T06:00:00Z,ORDINARY_WEEKDAY_OVERNIGHT,LISTING_AFTER_30_DAYS,1,4,0.0063262536694087355,0.0023910991342807626,0.020246580600946668,0.7142857142857143,0.0007857142857142857,0.02976190476190476,1322.142857142857,674.0899999999999,187601.1925357143,29.00985,727.0
TRADITIONAL_EQUITY,2026-04,O,,O:2026-04-29T20:00:00Z:2026-04-30T06:00:00Z,ORDINARY_WEEKDAY_OVERNIGHT,LISTING_AFTER_30_DAYS,1,4,0.015573835962464855,0.00588635670228518,0.06730259132887792,3.857142857142857,0.004242857142857144,0.0,4292.642857142857,1739.85,539111.592,32.9496,2575.6428571428573
TRADITIONAL_EQUITY,2026-04,O,,O:2026-04-30T20:00:00Z:2026-05-01T06:00:00Z,ORDINARY_WEEKDAY_OVERNIGHT,LISTING_AFTER_30_DAYS,1,4,0.0060482255258446915,0.002286014373516845,0.029870358716175792,1.2142857142857142,0.0013357142857142858,0.011904761904761904,1387.142857142857,782.0521428571428,186344.79787857144,28.7331,734.1428571428571
TRADITIONAL_EQUITY,2026-05,O,,O:2026-05-04T20:00:00Z:2026-05-05T06:00:00Z,ORDINARY_WEEKDAY_OVERNIGHT,LISTING_AFTER_30_DAYS,1,4,0.008642432753124818,0.0032665325410525066,0.06357759004952795,2.4285714285714284,0.0026714285714285716,0.0,2666.5,1126.0992857142855,266056.14775714284,40.1424,1340.2142857142858
TRADITIONAL_EQUITY,2026-05,O,,O:2026-05-05T20:00:00Z:2026-05-06T06:00:00Z,ORDINARY_WEEKDAY_OVERNIGHT,LISTING_AFTER_30_DAYS,1,4,0.008162148419743602,0.003085002126091487,0.045683457688356376,1.8571428571428572,0.002042857142857143,0.0,2245.285714285714,1620.135,324163.50115,14.571100000000001,1220.2142857142858
TRADITIONAL_EQUITY,2026-05,O,,O:2026-05-06T20:00:00Z:2026-05-07T06:00:00Z,ORDINARY_WEEKDAY_OVERNIGHT,LISTING_AFTER_30_DAYS,1,4,0.0062179791434402686,0.002350175210132767,0.042700516334871846,0.6428571428571428,0.0007071428571428571,0.011904761904761904,1252.7142857142858,803.3871428571429,197263.0503142857,27.177800000000005,679.0
TRADITIONAL_EQUITY,2026-05,O,,O:2026-05-07T20:00:00Z:2026-05-08T06:00:00Z,ORDINARY_WEEKDAY_OVERNIGHT,LISTING_AFTER_30_DAYS,1,4,0.006761132677522513,0.0025554679494052624,0.09058217778625463,1.2857142857142856,0.0014142857142857143,0.016666666666666666,1469.5,1080.337142857143,286017.74783571425,30.05955,838.1428571428571
TRADITIONAL_EQUITY,2026-05,O,,O:2026-05-11T20:00:00Z:2026-05-12T06:00:00Z,ORDINARY_WEEKDAY_OVERNIGHT,LISTING_AFTER_30_DAYS,1,4,0.010405296671556137,0.003932832472969381,0.07699356660690101,2.3571428571428568,0.002592857142857143,0.013095238095238096,2588.9285714285716,2561.6228571428574,983762.0157571428,44.814875,1419.9285714285713
TRADITIONAL_EQUITY,2026-05,O,,O:2026-05-12T20:00:00Z:2026-05-13T06:00:00Z,ORDINARY_WEEKDAY_OVERNIGHT,LISTING_AFTER_30_DAYS,1,4,0.007986280338498117,0.003018530239444394,0.04640988360890535,1.7142857142857142,0.0018857142857142857,0.023809523809523808,1928.2142857142858,1445.432142857143,474224.62372857146,66.21809999999999,1015.3571428571429
TRADITIONAL_EQUITY,2026-05,O,,O:2026-05-13T20:00:00Z:2026-05-14T06:00:00Z,ORDINARY_WEEKDAY_OVERNIGHT,LISTING_AFTER_30_DAYS,1,4,0.007807838468152304,0.0029510855519563578,0.016531006030764607,2.2142857142857144,0.002435714285714286,0.0035714285714285713,2143.357142857143,1308.9435714285714,466611.03715000005,40.9403,1134.4285714285713
TRADITIONAL_EQUITY,2026-05,O,,O:2026-05-14T20:00:00Z:2026-05-15T06:00:00Z,ORDINARY_WEEKDAY_OVERNIGHT,LISTING_AFTER_30_DAYS,1,4,0.011253537787187184,0.004253437479223629,0.14163253149549507,3.3571428571428577,0.0036928571428571436,0.02261904761904762,3414.8571428571427,2421.5585714285717,827821.6753285715,59.3562,1663.857142857143
TRADITIONAL_EQUITY,2026-05,O,,O:2026-05-18T20:00:00Z:2026-05-19T06:00:00Z,ORDINARY_WEEKDAY_OVERNIGHT,LISTING_AFTER_30_DAYS,1,4,0.009123805326914744,0.0034484742722261114,0.07135291183015385,2.071428571428571,0.0022785714285714284,0.03333333333333333,2013.9285714285713,962.6092857142858,294965.92900714284,24.942300000000003,1129.7857142857142
TRADITIONAL_EQUITY,2026-05,O,,O:2026-05-19T20:00:00Z:2026-05-20T06:00:00Z,ORDINARY_WEEKDAY_OVERNIGHT,LISTING_AFTER_30_DAYS,1,4,0.009967587422487743,0.0037673939273139808,0.02644719009976302,2.142857142857143,0.002357142857142857,0.04642857142857143,2927.428571428571,1778.9557142857143,649512.7645071428,26.30145,1471.5714285714287
TRADITIONAL_EQUITY,2026-05,O,,O:2026-05-20T20:00:00Z:2026-05-21T06:00:00Z,ORDINARY_WEEKDAY_OVERNIGHT,LISTING_AFTER_30_DAYS,1,4,0.010071139282844895,0.003806532851642997,0.06736916760244777,2.2857142857142856,0.0025142857142857146,0.0380952380952381,3342.6428571428573,2319.5871428571427,903775.0715714286,54.75075,1389.642857142857
TRADITIONAL_EQUITY,2026-05,O,,O:2026-05-21T20:00:00Z:2026-05-22T06:00:00Z,ORDINARY_WEEKDAY_OVERNIGHT,LISTING_AFTER_30_DAYS,1,4,0.006247943677795454,0.002361500739569292,0.02583291455403095,1.5714285714285716,0.0017285714285714287,0.049999999999999996,1356.2857142857142,692.7542857142857,255918.5008285714,34.445299999999996,668.2857142857143
TRADITIONAL_EQUITY,2026-05,O,,O:2026-05-26T20:00:00Z:2026-05-27T06:00:00Z,ORDINARY_WEEKDAY_OVERNIGHT,LISTING_AFTER_30_DAYS,1,4,0.0058338415443349445,0.002204984844923893,0.025816973853724782,1.0,0.0010999999999999998,0.02261904761904762,3040.785714285714,965.4185714285716,374993.9869,56.71955,1636.5
TRADITIONAL_EQUITY,2026-05,O,,O:2026-05-27T20:00:00Z:2026-05-28T06:00:00Z,ORDINARY_WEEKDAY_OVERNIGHT,LISTING_AFTER_30_DAYS,1,4,0.010225734700244443,0.0038649644271100585,0.05828429694888891,3.071428571428571,0.0033785714285714287,0.005952380952380952,4977.928571428572,4052.497142857143,1151753.1871142858,48.118500000000004,2078.1428571428573
TRADITIONAL_EQUITY,2026-05,O,,O:2026-05-28T20:00:00Z:2026-05-29T06:00:00Z,ORDINARY_WEEKDAY_OVERNIGHT,LISTING_AFTER_30_DAYS,1,4,0.007859415959576396,0.0029705800113216025,0.03486754662048268,1.8571428571428572,0.0020428571428571427,0.0,2417.0714285714284,1559.6907142857144,361751.5733857143,34.3715,1106.357142857143
CRYPTO_SENSITIVE_EQUITY,2026-03,W,,W:2026-03-06T21:00:00Z:2026-03-09T06:00:00Z,REGULAR_WEEKEND,"LISTING_AFTER_30_DAYS,LISTING_DAYS_15_30",1,4,0.035673743864498134,0.004854581649042362,0.008393296709010543,2.685185185185185,0.002953703703703704,0.08302469135802469,1380.574074074074,2598.6225000000004,287398.8638083333,79.8574,812.5277777777778
CRYPTO_SENSITIVE_EQUITY,2026-03,W,,W:2026-03-13T20:00:00Z:2026-03-16T06:00:00Z,REGULAR_WEEKEND,LISTING_AFTER_30_DAYS,1,4,0.02693650086896575,0.003632117036219542,0.04771891861404881,1.9090909090909092,0.0021000000000000003,0.10348484848484849,1157.6454545454544,2112.4133636363636,252027.2253509091,74.36115,651.4545454545455
CRYPTO_SENSITIVE_EQUITY,2026-03,W,,W:2026-03-20T20:00:00Z:2026-03-23T06:00:00Z,REGULAR_WEEKEND,LISTING_AFTER_30_DAYS,1,4,0.032086414439084866,0.004326531240353921,0.03216492966227358,2.3545454545454545,0.0025900000000000003,0.075,1814.4636363636364,3834.5092727272727,472660.6217809091,121.8339,1018.9545454545455
CRYPTO_SENSITIVE_EQUITY,2026-03,W,,W:2026-03-27T20:00:00Z:2026-03-30T06:00:00Z,REGULAR_WEEKEND,LISTING_AFTER_30_DAYS,1,4,0.027519811240637466,0.0037107705906904327,0.023500457661143517,1.8181818181818181,0.002,0.10333333333333333,1208.1454545454544,2316.3013636363635,261549.05164272728,108.87805,663.8272727272727
CRYPTO_SENSITIVE_EQUITY,2026-04,W,,W:2026-04-02T20:00:00Z:2026-04-06T06:00:00Z,THREE_DAY_LONG_WEEKEND,LISTING_AFTER_30_DAYS,1,4,0.02227655999460263,0.002506308812418011,0.029952650311500795,1.0379746835443038,0.0011417721518987341,0.1758438818565401,877.0443037974684,2482.294936708861,242918.659371519,179.92919999999998,454.5316455696202
CRYPTO_SENSITIVE_EQUITY,2026-04,W,,W:2026-04-10T20:00:00Z:2026-04-13T06:00:00Z,REGULAR_WEEKEND,LISTING_AFTER_30_DAYS,1,4,0.026103642642892926,0.0035198144559256063,0.03685778615095901,1.4,0.0015400000000000001,0.07590909090909091,1594.290909090909,3775.2451818181817,398060.8075281818,111.63247500000001,880.3454545454546
CRYPTO_SENSITIVE_EQUITY,2026-04,W,,W:2026-04-17T20:00:00Z:2026-04-20T06:00:00Z,REGULAR_WEEKEND,LISTING_AFTER_30_DAYS,1,4,0.03675763039408103,0.004956397871232823,0.040480481463615825,2.0727272727272728,0.00228,0.026515151515151516,2017.1090909090908,4420.200909090909,552234.0136836363,83.31495000000001,1023.1181818181817
CRYPTO_SENSITIVE_EQUITY,2026-04,W,,W:2026-04-24T20:00:00Z:2026-04-27T06:00:00Z,REGULAR_WEEKEND,LISTING_AFTER_30_DAYS,1,4,0.022203329219765047,0.0029938963012383357,0.00734745697645074,1.0545454545454545,0.00116,0.09954545454545453,1174.0727272727272,1914.0313636363635,289469.8875845454,34.612700000000004,580.8272727272727
CRYPTO_SENSITIVE_EQUITY,2026-05,W,,W:2026-05-01T20:00:00Z:2026-05-04T06:00:00Z,REGULAR_WEEKEND,LISTING_AFTER_30_DAYS,1,4,0.02272626960222001,0.0030644095680238577,0.05424467820356128,1.1545454545454545,0.00127,0.017727272727272727,1397.3818181818183,1657.5151818181819,267879.3422890909,30.400100000000002,763.9090909090909
CRYPTO_SENSITIVE_EQUITY,2026-05,W,,W:2026-05-08T20:00:00Z:2026-05-11T06:00:00Z,REGULAR_WEEKEND,LISTING_AFTER_30_DAYS,1,4,0.026139058639686047,0.00352458994795899,0.006420740191485972,1.4,0.0015400000000000001,0.02909090909090909,1857.1636363636362,2248.6277272727275,402334.79987909086,65.82172499999999,1045.3727272727272
CRYPTO_SENSITIVE_EQUITY,2026-05,W,,W:2026-05-15T20:00:00Z:2026-05-18T06:00:00Z,REGULAR_WEEKEND,LISTING_AFTER_30_DAYS,1,4,0.030131035495081025,0.0040628679973317375,0.028508354066334153,2.127272727272727,0.00234,0.028484848484848484,1765.9818181818182,1762.6580909090908,276566.5141390909,46.1828,922.3
CRYPTO_SENSITIVE_EQUITY,2026-05,W,,W:2026-05-22T20:00:00Z:2026-05-26T06:00:00Z,THREE_DAY_LONG_WEEKEND,LISTING_AFTER_30_DAYS,1,4,0.033506671397235566,0.0037697950589333806,0.01227472837697619,2.4177215189873418,0.0026594936708860765,0.0058016877637130804,2725.196202531645,2153.8550632911392,334492.5536607595,55.896100000000004,1346.8291139240507
CRYPTO_SENSITIVE_EQUITY,2026-05,W,,W:2026-05-29T20:00:00Z:2026-06-01T06:00:00Z,REGULAR_WEEKEND,LISTING_AFTER_30_DAYS,1,4,0.023726710175519694,0.003199308947408117,0.004487378439892397,2.036363636363636,0.0022400000000000002,0.015151515151515152,2051.409090909091,1787.942727272727,216109.90915909092,45.625699999999995,850.7181818181818
CRYPTO_SENSITIVE_EQUITY,2026-03,O,,O:2026-03-02T21:00:00Z:2026-03-03T07:00:00Z,ORDINARY_WEEKDAY_OVERNIGHT,LISTING_DAYS_15_30,1,4,0.01579066185429452,0.005968309186225335,0.11355493490017693,5.857142857142858,0.006442857142857143,0.034523809523809526,1173.2142857142858,3328.4057142857146,338993.4618,169.842625,638.7857142857143
CRYPTO_SENSITIVE_EQUITY,2026-03,O,,O:2026-03-03T21:00:00Z:2026-03-04T07:00:00Z,ORDINARY_WEEKDAY_OVERNIGHT,LISTING_DAYS_15_30,1,4,0.01890615460258188,0.007145854760995836,0.014464222282713322,7.142857142857143,0.007857142857142858,0.008333333333333333,1621.357142857143,5194.279285714285,517028.36360000004,254.42735,904.2142857142857
CRYPTO_SENSITIVE_EQUITY,2026-03,O,,O:2026-03-04T21:00:00Z:2026-03-05T07:00:00Z,ORDINARY_WEEKDAY_OVERNIGHT,LISTING_DAYS_15_30,1,4,0.01558446387722976,0.005890373676488485,0.010856815322341779,4.857142857142858,0.005342857142857143,0.002380952380952381,2225.5,4774.263571428572,546786.9352071428,85.64099999999999,1226.0
CRYPTO_SENSITIVE_EQUITY,2026-03,O,,O:2026-03-05T21:00:00Z:2026-03-06T07:00:00Z,ORDINARY_WEEKDAY_OVERNIGHT,"LISTING_AFTER_30_DAYS,LISTING_DAYS_15_30",1,4,0.013728946349559283,0.005189053971983128,0.02603713329447356,4.071428571428571,0.004478571428571429,0.009523809523809523,1806.0,3388.153571428572,391577.4924714286,61.39515,1040.0714285714284
CRYPTO_SENSITIVE_EQUITY,2026-03,O,,O:2026-03-09T20:00:00Z:2026-03-10T06:00:00Z,ORDINARY_WEEKDAY_OVERNIGHT,"LISTING_AFTER_30_DAYS,LISTING_DAYS_15_30",1,4,0.01735209912788408,0.006558477002474578,0.07847461110750512,6.0,0.0066,0.0,2387.4285714285716,3824.1378571428577,390265.7002785714,34.31665,1368.9285714285713
CRYPTO_SENSITIVE_EQUITY,2026-03,O,,O:2026-03-10T20:00:00Z:2026-03-11T06:00:00Z,ORDINARY_WEEKDAY_OVERNIGHT,"LISTING_AFTER_30_DAYS,LISTING_DAYS_15_30",1,4,0.012772719914268545,0.004827634351290973,0.007885880410948622,3.642857142857143,0.004007142857142857,0.013095238095238096,1275.5714285714284,2215.5607142857143,214975.11627857143,58.2054,733.5714285714286
CRYPTO_SENSITIVE_EQUITY,2026-03,O,,O:2026-03-11T20:00:00Z:2026-03-12T06:00:00Z,ORDINARY_WEEKDAY_OVERNIGHT,"LISTING_AFTER_30_DAYS,LISTING_DAYS_15_30",1,4,0.013387507592320373,0.005060002252038398,0.0488036944452783,5.357142857142858,0.005892857142857143,0.0035714285714285718,1565.1428571428573,2869.6892857142857,274038.02655,30.3306,775.3571428571429
CRYPTO_SENSITIVE_EQUITY,2026-03,O,,O:2026-03-12T20:00:00Z:2026-03-13T06:00:00Z,ORDINARY_WEEKDAY_OVERNIGHT,LISTING_AFTER_30_DAYS,1,4,0.015599542456379109,0.005896072843710395,0.07179349315299147,4.214285714285714,0.004635714285714286,0.011904761904761904,2192.785714285714,3694.825,428618.8003714286,83.16649999999998,1231.0
CRYPTO_SENSITIVE_EQUITY,2026-03,O,,O:2026-03-16T20:00:00Z:2026-03-17T06:00:00Z,ORDINARY_WEEKDAY_OVERNIGHT,LISTING_AFTER_30_DAYS,1,4,0.017719146604758935,0.006697207908640949,0.026811538519918195,6.142857142857142,0.006757142857142857,0.009523809523809525,2631.285714285714,5391.714999999999,618761.3554571428,131.980075,1502.357142857143
CRYPTO_SENSITIVE_EQUITY,2026-03,O,,O:2026-03-17T20:00:00Z:2026-03-18T06:00:00Z,ORDINARY_WEEKDAY_OVERNIGHT,LISTING_AFTER_30_DAYS,1,4,0.011201984544281868,0.004233952184937004,0.037269014881226796,3.071428571428571,0.0033785714285714287,0.02023809523809524,1713.642857142857,4032.9657142857145,499642.2269214286,169.30575,830.3571428571429
CRYPTO_SENSITIVE_EQUITY,2026-03,O,,O:2026-03-18T20:00:00Z:2026-03-19T06:00:00Z,ORDINARY_WEEKDAY_OVERNIGHT,LISTING_AFTER_30_DAYS,1,4,0.01310257684243456,0.004952308551313683,0.02264316753688704,4.0,0.0044,0.02023809523809524,1596.0714285714284,4544.040714285715,486425.3737642857,195.6961,793.7857142857143
CRYPTO_SENSITIVE_EQUITY,2026-03,O,,O:2026-03-19T20:00:00Z:2026-03-20T06:00:00Z,ORDINARY_WEEKDAY_OVERNIGHT,LISTING_AFTER_30_DAYS,1,4,0.012489258843143506,0.004720496136924566,0.017017098017259688,3.7142857142857144,0.004085714285714286,0.017857142857142856,1553.4285714285716,3579.9528571428573,426308.7123142857,191.8195,875.3571428571429
CRYPTO_SENSITIVE_EQUITY,2026-03,O,,O:2026-03-23T20:00:00Z:2026-03-24T06:00:00Z,ORDINARY_WEEKDAY_OVERNIGHT,LISTING_AFTER_30_DAYS,1,4,0.013393761952247268,0.005062366177892177,0.05360068034292158,4.5,0.00495,0.02023809523809524,1637.2142857142858,4232.903571428571,453688.13614285714,174.8653,928.5
CRYPTO_SENSITIVE_EQUITY,2026-03,O,,O:2026-03-24T20:00:00Z:2026-03-25T06:00:00Z,ORDINARY_WEEKDAY_OVERNIGHT,LISTING_AFTER_30_DAYS,1,4,0.012757214590554823,0.004821773889784678,0.06646830938877685,4.0,0.0044,0.008333333333333333,2176.0,6060.989285714286,696464.9597285714,217.92655,1083.2142857142858
CRYPTO_SENSITIVE_EQUITY,2026-03,O,,O:2026-03-25T20:00:00Z:2026-03-26T06:00:00Z,ORDINARY_WEEKDAY_OVERNIGHT,LISTING_AFTER_30_DAYS,1,4,0.011390458830585152,0.0043051887692354155,0.08066751221345321,3.7142857142857144,0.004085714285714286,0.05,1262.5,3538.306428571428,376478.02409285714,239.78314999999998,622.7142857142858
CRYPTO_SENSITIVE_EQUITY,2026-03,O,,O:2026-03-26T20:00:00Z:2026-03-27T06:00:00Z,ORDINARY_WEEKDAY_OVERNIGHT,LISTING_AFTER_30_DAYS,1,4,0.010948708024713923,0.004138222658692895,0.0468497520476939,3.0,0.0033,0.017857142857142856,1723.142857142857,3931.404285714286,492525.16801428574,240.633,879.7142857142858
CRYPTO_SENSITIVE_EQUITY,2026-03,O,,O:2026-03-30T20:00:00Z:2026-03-31T06:00:00Z,ORDINARY_WEEKDAY_OVERNIGHT,LISTING_AFTER_30_DAYS,1,4,0.017412692262414257,0.006581379054635255,0.07277911172219315,4.428571428571429,0.004871428571428572,0.005952380952380953,3188.9285714285716,8745.128571428571,799485.81845,133.54325,1587.357142857143
CRYPTO_SENSITIVE_EQUITY,2026-03,O,,O:2026-03-31T20:00:00Z:2026-04-01T06:00:00Z,ORDINARY_WEEKDAY_OVERNIGHT,LISTING_AFTER_30_DAYS,1,4,0.011871691218146536,0.0044870775149950266,0.05647638746230342,3.571428571428571,0.003928571428571429,0.004761904761904762,2017.642857142857,4642.039285714286,441570.84934285714,93.835825,1060.9285714285716
CRYPTO_SENSITIVE_EQUITY,2026-04,O,,O:2026-04-01T20:00:00Z:2026-04-02T06:00:00Z,ORDINARY_WEEKDAY_OVERNIGHT,LISTING_AFTER_30_DAYS,1,4,0.020407670308615393,0.007713374353541871,0.12155641901804695,5.5,0.00605,0.005952380952380953,3682.9285714285716,9955.027857142857,905962.4937857143,125.493775,1831.642857142857
CRYPTO_SENSITIVE_EQUITY,2026-04,O,,O:2026-04-06T20:00:00Z:2026-04-07T06:00:00Z,ORDINARY_WEEKDAY_OVERNIGHT,LISTING_AFTER_30_DAYS,1,4,0.0097979854384262,0.003703290402786841,0.0449178814790602,2.857142857142857,0.003142857142857143,0.004761904761904762,2121.642857142857,3908.692142857143,370421.5957357143,113.124375,1021.2142857142857
CRYPTO_SENSITIVE_EQUITY,2026-04,O,,O:2026-04-07T20:00:00Z:2026-04-08T06:00:00Z,ORDINARY_WEEKDAY_OVERNIGHT,LISTING_AFTER_30_DAYS,1,4,0.017123419163430405,0.006472044100222076,0.04190010612990279,5.428571428571429,0.005971428571428572,0.002380952380952381,4175.642857142857,14599.955714285716,1396786.8139,134.3591,1833.2142857142858
CRYPTO_SENSITIVE_EQUITY,2026-04,O,,O:2026-04-08T20:00:00Z:2026-04-09T06:00:00Z,ORDINARY_WEEKDAY_OVERNIGHT,LISTING_AFTER_30_DAYS,1,4,0.008759802144989396,0.003310894001396015,0.019655535965104158,2.6428571428571432,0.0029071428571428573,0.004761904761904762,2087.857142857143,4038.3050000000003,429918.46902142855,145.433225,1020.7857142857142
CRYPTO_SENSITIVE_EQUITY,2026-04,O,,O:2026-04-09T20:00:00Z:2026-04-10T06:00:00Z,ORDINARY_WEEKDAY_OVERNIGHT,LISTING_AFTER_30_DAYS,1,4,0.00995411068451188,0.0037623001991470505,0.019712672246853698,3.0,0.0033,0.009523809523809525,1735.5714285714284,3282.970714285714,329945.2490642857,66.15525,991.9285714285714
CRYPTO_SENSITIVE_EQUITY,2026-04,O,,O:2026-04-13T20:00:00Z:2026-04-14T06:00:00Z,ORDINARY_WEEKDAY_OVERNIGHT,LISTING_AFTER_30_DAYS,1,4,0.008881260045778057,0.0033568007728604085,0.04700662977917382,2.142857142857143,0.002357142857142857,0.014285714285714285,1674.3571428571431,4433.057142857143,490588.77525,89.90325000000001,820.2857142857142
CRYPTO_SENSITIVE_EQUITY,2026-04,O,,O:2026-04-14T20:00:00Z:2026-04-15T06:00:00Z,ORDINARY_WEEKDAY_OVERNIGHT,LISTING_AFTER_30_DAYS,1,4,0.013680159573268184,0.005170614303792444,0.055230670104201955,3.642857142857143,0.0040071428571428576,0.007142857142857143,2714.214285714286,10540.57,962486.8907071429,120.24527499999999,1212.9285714285713
CRYPTO_SENSITIVE_EQUITY,2026-04,O,,O:2026-04-15T20:00:00Z:2026-04-16T06:00:00Z,ORDINARY_WEEKDAY_OVERNIGHT,LISTING_AFTER_30_DAYS,1,4,0.010881261940420436,0.004112730434986372,0.021120370540000898,3.5,0.00385,0.0035714285714285718,2740.357142857143,7462.685714285714,825874.0417571429,111.42375000000001,1158.2142857142858
CRYPTO_SENSITIVE_EQUITY,2026-04,O,,O:2026-04-16T20:00:00Z:2026-04-17T06:00:00Z,ORDINARY_WEEKDAY_OVERNIGHT,LISTING_AFTER_30_DAYS,1,4,0.01033652901434734,0.003906840741652379,0.032795923799383966,3.142857142857143,0.0034571428571428574,0.010714285714285714,1505.7142857142858,3533.795,391345.7125857143,114.54502500000001,772.6428571428571
CRYPTO_SENSITIVE_EQUITY,2026-04,O,,O:2026-04-20T20:00:00Z:2026-04-21T06:00:00Z,ORDINARY_WEEKDAY_OVERNIGHT,LISTING_AFTER_30_DAYS,1,4,0.009204809487436887,0.0034790909670694183,0.029263251646001253,2.7857142857142856,0.0030642857142857147,0.002380952380952381,1762.142857142857,4119.660000000001,586203.58315,69.21940000000001,902.1428571428571
CRYPTO_SENSITIVE_EQUITY,2026-04,O,,O:2026-04-21T20:00:00Z:2026-04-22T06:00:00Z,ORDINARY_WEEKDAY_OVERNIGHT,LISTING_AFTER_30_DAYS,1,4,0.01506726223720983,0.0056948898311788435,0.13153071929709614,4.0,0.0044,0.0011904761904761906,3929.357142857143,8658.107857142857,1254479.1555071427,116.2833,1706.642857142857
CRYPTO_SENSITIVE_EQUITY,2026-04,O,,O:2026-04-22T20:00:00Z:2026-04-23T06:00:00Z,ORDINARY_WEEKDAY_OVERNIGHT,LISTING_AFTER_30_DAYS,1,4,0.015569232151418644,0.005884616625269265,0.04460037122704926,3.7142857142857144,0.004085714285714286,0.0011904761904761906,3262.857142857143,8120.249285714286,1086371.0143142857,80.66499999999999,1729.0
CRYPTO_SENSITIVE_EQUITY,2026-04,O,,O:2026-04-23T20:00:00Z:2026-04-24T06:00:00Z,ORDINARY_WEEKDAY_OVERNIGHT,LISTING_AFTER_30_DAYS,1,4,0.011056725943388735,0.004179049594400373,0.008691014056224532,3.071428571428571,0.0033785714285714287,0.002380952380952381,2287.214285714286,4262.386428571429,494872.34875,48.5218,1276.9285714285716
CRYPTO_SENSITIVE_EQUITY,2026-04,O,,O:2026-04-27T20:00:00Z:2026-04-28T06:00:00Z,ORDINARY_WEEKDAY_OVERNIGHT,LISTING_AFTER_30_DAYS,1,4,0.009868044264092664,0.0037297701499095113,0.06330490241278633,2.571428571428571,0.0028285714285714286,0.03095238095238095,1927.5,2719.8107142857143,432890.5115785714,24.913349999999998,1102.642857142857
CRYPTO_SENSITIVE_EQUITY,2026-04,O,,O:2026-04-28T20:00:00Z:2026-04-29T06:00:00Z,ORDINARY_WEEKDAY_OVERNIGHT,LISTING_AFTER_30_DAYS,1,4,0.01050397014755697,0.003970127541326024,0.09976586444124994,3.0,0.0033,0.004761904761904762,2416.142857142857,4752.007142857143,511726.8403,55.367900000000006,1026.7142857142858
CRYPTO_SENSITIVE_EQUITY,2026-04,O,,O:2026-04-29T20:00:00Z:2026-04-30T06:00:00Z,ORDINARY_WEEKDAY_OVERNIGHT,LISTING_AFTER_30_DAYS,1,4,0.013522198875245653,0.005110910771808188,0.07494705657383047,4.142857142857142,0.004557142857142857,0.0,2718.714285714286,4713.355714285714,559683.675542857,65.7007,1305.5
CRYPTO_SENSITIVE_EQUITY,2026-04,O,,O:2026-04-30T20:00:00Z:2026-05-01T06:00:00Z,ORDINARY_WEEKDAY_OVERNIGHT,LISTING_AFTER_30_DAYS,1,4,0.007692272800239737,0.002907405835185825,0.10260638356986598,1.5,0.00165,0.008333333333333333,1527.7857142857142,2158.03,284631.1027857143,34.3219,726.6428571428571
CRYPTO_SENSITIVE_EQUITY,2026-05,O,,O:2026-05-04T20:00:00Z:2026-05-05T06:00:00Z,ORDINARY_WEEKDAY_OVERNIGHT,LISTING_AFTER_30_DAYS,1,4,0.011325909391787183,0.004280791374617099,0.1167436795179746,3.0,0.0033,0.004761904761904762,2077.642857142857,2665.5392857142856,509181.94760714285,39.185975,1235.642857142857
CRYPTO_SENSITIVE_EQUITY,2026-05,O,,O:2026-05-05T20:00:00Z:2026-05-06T06:00:00Z,ORDINARY_WEEKDAY_OVERNIGHT,LISTING_AFTER_30_DAYS,1,4,0.015426465028191462,0.005830655724775659,0.012385646335945221,4.285714285714286,0.004714285714285714,0.002380952380952381,3860.5714285714284,6132.9628571428575,678636.1669142857,34.082750000000004,1751.1428571428573
CRYPTO_SENSITIVE_EQUITY,2026-05,O,,O:2026-05-06T20:00:00Z:2026-05-07T06:00:00Z,ORDINARY_WEEKDAY_OVERNIGHT,LISTING_AFTER_30_DAYS,1,4,0.01098386873683628,0.00415151215872085,0.016050005660147578,3.0,0.0033,0.0035714285714285713,2285.0,2579.5378571428573,482477.6706642858,60.090775,1293.357142857143
CRYPTO_SENSITIVE_EQUITY,2026-05,O,,O:2026-05-07T20:00:00Z:2026-05-08T06:00:00Z,ORDINARY_WEEKDAY_OVERNIGHT,LISTING_AFTER_30_DAYS,1,4,0.013250372463942284,0.005008170045509921,0.04228316794016522,3.928571428571429,0.0043214285714285715,0.0,2446.5,2277.9128571428573,411828.45675,52.41980000000001,1352.0
CRYPTO_SENSITIVE_EQUITY,2026-05,O,,O:2026-05-11T20:00:00Z:2026-05-12T06:00:00Z,ORDINARY_WEEKDAY_OVERNIGHT,LISTING_AFTER_30_DAYS,1,4,0.014930969954325121,0.005643376190303101,0.039397954218215465,3.357142857142857,0.003692857142857143,0.0,3079.4285714285716,3842.1,685886.6466999999,64.472125,1719.5
CRYPTO_SENSITIVE_EQUITY,2026-05,O,,O:2026-05-12T20:00:00Z:2026-05-13T06:00:00Z,ORDINARY_WEEKDAY_OVERNIGHT,LISTING_AFTER_30_DAYS,1,4,0.009839956289451113,0.0037191538933762213,0.04508252825575358,2.6428571428571432,0.0029071428571428573,0.0011904761904761906,2085.357142857143,2445.9049999999997,395554.8200214286,80.71845,1162.357142857143
CRYPTO_SENSITIVE_EQUITY,2026-05,O,,O:2026-05-13T20:00:00Z:2026-05-14T06:00:00Z,ORDINARY_WEEKDAY_OVERNIGHT,LISTING_AFTER_30_DAYS,1,4,0.011022890718903267,0.004166261081608576,0.025254528780479315,2.7857142857142856,0.0030642857142857147,0.0011904761904761906,2466.5,3245.3078571428573,432484.40243571426,55.938,1323.7142857142858
CRYPTO_SENSITIVE_EQUITY,2026-05,O,,O:2026-05-14T20:00:00Z:2026-05-15T06:00:00Z,ORDINARY_WEEKDAY_OVERNIGHT,LISTING_AFTER_30_DAYS,1,4,0.018313590457648098,0.006921886566231777,0.13893443120733395,6.0,0.0066,0.0011904761904761906,5549.785714285714,6526.198571428571,1109032.0094642858,85.971225,2663.285714285714
CRYPTO_SENSITIVE_EQUITY,2026-05,O,,O:2026-05-18T20:00:00Z:2026-05-19T06:00:00Z,ORDINARY_WEEKDAY_OVERNIGHT,LISTING_AFTER_30_DAYS,1,4,0.013391609814847303,0.005061552746413956,0.015462474635460449,4.214285714285714,0.004635714285714286,0.0011904761904761906,2572.642857142857,2382.7749999999996,385179.59002142854,40.931,1364.857142857143
CRYPTO_SENSITIVE_EQUITY,2026-05,O,,O:2026-05-19T20:00:00Z:2026-05-20T06:00:00Z,ORDINARY_WEEKDAY_OVERNIGHT,LISTING_AFTER_30_DAYS,1,4,0.014122807335458648,0.005337919431957477,0.0505098039215686,4.7857142857142865,0.005264285714285714,0.004761904761904762,2800.9285714285716,2273.5214285714283,385734.8299785714,32.3647,1472.8571428571427
CRYPTO_SENSITIVE_EQUITY,2026-05,O,,O:2026-05-20T20:00:00Z:2026-05-21T06:00:00Z,ORDINARY_WEEKDAY_OVERNIGHT,LISTING_AFTER_30_DAYS,1,4,0.009758635065740715,0.0036884173599120553,0.0607764725401615,2.7142857142857144,0.002985714285714286,0.008333333333333333,1951.357142857143,2101.9064285714285,304548.09253571427,51.692025,955.3571428571429
CRYPTO_SENSITIVE_EQUITY,2026-05,O,,O:2026-05-21T20:00:00Z:2026-05-22T06:00:00Z,ORDINARY_WEEKDAY_OVERNIGHT,LISTING_AFTER_30_DAYS,1,4,0.009114471986318005,0.0034449466010660493,0.021368805802617744,2.928571428571429,0.0032214285714285717,0.0035714285714285718,2001.2857142857142,1343.3914285714286,220464.65505000003,40.181575,953.2142857142858
CRYPTO_SENSITIVE_EQUITY,2026-05,O,,O:2026-05-26T20:00:00Z:2026-05-27T06:00:00Z,ORDINARY_WEEKDAY_OVERNIGHT,LISTING_AFTER_30_DAYS,1,4,0.008234618344284145,0.0031123931829294725,0.029034770908575702,1.8571428571428572,0.002042857142857143,0.0,2692.214285714286,2294.722857142857,375128.2341642857,40.001825,1357.8571428571427
CRYPTO_SENSITIVE_EQUITY,2026-05,O,,O:2026-05-27T20:00:00Z:2026-05-28T06:00:00Z,ORDINARY_WEEKDAY_OVERNIGHT,LISTING_AFTER_30_DAYS,1,4,0.014818910906177554,0.005601021851224089,0.09573488917921871,4.142857142857143,0.004557142857142857,0.0,5667.142857142857,6822.845714285714,1015692.147242857,74.02695,2683.4285714285716
CRYPTO_SENSITIVE_EQUITY,2026-05,O,,O:2026-05-28T20:00:00Z:2026-05-29T06:00:00Z,ORDINARY_WEEKDAY_OVERNIGHT,LISTING_AFTER_30_DAYS,1,4,0.011656467621362207,0.004405730641657286,0.04743733282551732,3.2857142857142856,0.0036142857142857144,0.002380952380952381,3002.0,5563.482857142857,720547.0752999999,60.125125000000004,1387.3571428571427
SYMBOL:AMZNUSDT,2026-03,W,,W:2026-03-06T21:00:00Z:2026-03-09T06:00:00Z,REGULAR_WEEKEND,LISTING_DAYS_15_30,1,1,0.0207861864049748,0.0028286416883647175,0.048199571057680954,0.8703703703703703,0.0009574074074074075,0.40370370370370373,416.9259259259259,332.67555555555555,69952.68542777777,59.5028,294.0925925925926
SYMBOL:AMZNUSDT,2026-03,W,,W:2026-03-13T20:00:00Z:2026-03-16T06:00:00Z,REGULAR_WEEKEND,LISTING_AFTER_30_DAYS,1,1,0.011948038600177445,0.0016110731961890283,0.02120307837285984,0.4909090909090909,0.00054,0.4809090909090909,221.76363636363635,272.9970909090909,56722.79720727273,33.300799999999995,142.36363636363637
SYMBOL:AMZNUSDT,2026-03,W,,W:2026-03-20T20:00:00Z:2026-03-23T06:00:00Z,REGULAR_WEEKEND,LISTING_AFTER_30_DAYS,1,1,0.012682944030381208,0.0017101678241824014,0.049977351653329886,0.5272727272727272,0.00058,0.4121212121212121,314.1272727272727,300.1401818181818,61760.716378181816,35.252050000000004,198.72727272727272
SYMBOL:AMZNUSDT,2026-03,W,,W:2026-03-27T20:00:00Z:2026-03-30T06:00:00Z,REGULAR_WEEKEND,LISTING_AFTER_30_DAYS,1,1,0.011733749972759326,0.0015821785235624816,0.020238713025428297,0.509090909090909,0.00056,0.49272727272727274,198.0,314.218,62384.76761818182,95.3664,131.72727272727272
SYMBOL:AMZNUSDT,2026-04,W,,W:2026-04-02T20:00:00Z:2026-04-06T06:00:00Z,THREE_DAY_LONG_WEEKEND,LISTING_AFTER_30_DAYS,1,1,0.01172698219923097,0.001319388578672962,0.0019687623047644903,0.31645569620253167,0.00034810126582278487,0.4649789029535865,264.0759493670886,223.34772151898736,46801.77428101266,10.480500000000001,212.08860759493672
SYMBOL:AMZNUSDT,2026-04,W,,W:2026-04-10T20:00:00Z:2026-04-13T06:00:00Z,REGULAR_WEEKEND,LISTING_AFTER_30_DAYS,1,1,0.017630654021112573,0.0023773169032342205,0.02914593277140263,0.5636363636363636,0.00062,0.2315151515151515,449.94545454545454,662.7565454545455,157104.67417636365,89.6458,302.1272727272727
SYMBOL:AMZNUSDT,2026-04,W,,W:2026-04-17T20:00:00Z:2026-04-20T06:00:00Z,REGULAR_WEEKEND,LISTING_AFTER_30_DAYS,1,1,0.011445199349555027,0.0015432703654668775,0.028763183125599428,0.36363636363636365,0.0004,0.23212121212121212,411.8,263.2490909090909,65739.32406545454,19.936,313.4909090909091
SYMBOL:AMZNUSDT,2026-04,W,,W:2026-04-24T20:00:00Z:2026-04-27T06:00:00Z,REGULAR_WEEKEND,LISTING_AFTER_30_DAYS,1,1,0.010326064175487813,0.001392366209380099,0.00352559582569464,0.38181818181818183,0.00042,0.21454545454545454,440.0181818181818,307.1458181818182,81251.53532,15.893999999999998,287.05454545454546
SYMBOL:AMZNUSDT,2026-05,W,,W:2026-05-01T20:00:00Z:2026-05-04T06:00:00Z,REGULAR_WEEKEND,LISTING_AFTER_30_DAYS,1,1,0.009448362030521133,0.0012740168762960533,0.014204937250034036,0.21818181818181817,0.00024,0.12878787878787878,512.4181818181818,223.97545454545454,60084.44446181818,13.471000000000002,316.41818181818184
SYMBOL:AMZNUSDT,2026-05,W,,W:2026-05-08T20:00:00Z:2026-05-11T06:00:00Z,REGULAR_WEEKEND,LISTING_AFTER_30_DAYS,1,1,0.010397380655874243,0.0014019825216336776,0.019316068107025266,0.34545454545454546,0.00038,0.20939393939393938,448.41818181818184,217.63327272727273,59312.999749090915,16.3614,275.03636363636366
SYMBOL:AMZNUSDT,2026-05,W,,W:2026-05-15T20:00:00Z:2026-05-18T06:00:00Z,REGULAR_WEEKEND,LISTING_AFTER_30_DAYS,1,1,0.012383638428985403,0.0016698094651232957,0.008111715781907525,0.509090909090909,0.00056,0.2812121212121212,439.92727272727274,120.08945454545454,31485.224505454546,15.742799999999999,241.54545454545453
SYMBOL:AMZNUSDT,2026-05,W,,W:2026-05-22T20:00:00Z:2026-05-26T06:00:00Z,THREE_DAY_LONG_WEEKEND,LISTING_AFTER_30_DAYS,1,1,0.015898165376087098,0.0017886833511556622,0.015128315060942093,0.7341772151898734,0.0008075949367088609,0.14936708860759493,843.1898734177215,236.5154430379747,63605.72457594936,21.636799999999997,458.0253164556962
SYMBOL:AMZNUSDT,2026-05,W,,W:2026-05-29T20:00:00Z:2026-06-01T06:00:00Z,REGULAR_WEEKEND,LISTING_AFTER_30_DAYS,1,1,0.012716913834155368,0.0017147483115888898,0.004032675007755639,0.4909090909090909,0.00054,0.18818181818181817,504.8,133.6349090909091,36295.767316363635,21.8352,280.07272727272726
SYMBOL:AMZNUSDT,2026-03,O,,O:2026-03-02T21:00:00Z:2026-03-03T07:00:00Z,ORDINARY_WEEKDAY_OVERNIGHT,LISTING_DAYS_15_30,1,1,0.00716236739803497,0.0027071204190967572,0.09970089730807463,0.8571428571428571,0.0009428571428571429,0.2785714285714286,235.71428571428572,262.0757142857143,54225.06124285714,191.40795,152.85714285714286
SYMBOL:AMZNUSDT,2026-03,O,,O:2026-03-03T21:00:00Z:2026-03-04T07:00:00Z,ORDINARY_WEEKDAY_OVERNIGHT,LISTING_DAYS_15_30,1,1,0.00921738247748681,0.0034838431106277872,0.048080249048772755,2.7142857142857144,0.002985714285714286,0.05476190476190476,730.1428571428571,875.8771428571429,181293.17554285712,200.5281,438.85714285714283
SYMBOL:AMZNUSDT,2026-03,O,,O:2026-03-04T21:00:00Z:2026-03-05T07:00:00Z,ORDINARY_WEEKDAY_OVERNIGHT,LISTING_DAYS_15_30,1,1,0.009310924605024756,0.003519198711566829,0.035701661364440425,2.857142857142857,0.003142857142857143,0.12857142857142856,591.0,517.3114285714286,111784.35692857143,99.41980000000001,388.0
SYMBOL:AMZNUSDT,2026-03,O,,O:2026-03-05T21:00:00Z:2026-03-06T07:00:00Z,ORDINARY_WEEKDAY_OVERNIGHT,LISTING_DAYS_15_30,1,1,0.00574526559961371,0.0021715062846560376,0.030303030303029572,1.2857142857142858,0.0014142857142857145,0.16666666666666666,523.1428571428571,493.3542857142857,108294.58627142858,52.583999999999996,351.57142857142856
SYMBOL:AMZNUSDT,2026-03,O,,O:2026-03-09T20:00:00Z:2026-03-10T06:00:00Z,ORDINARY_WEEKDAY_OVERNIGHT,LISTING_DAYS_15_30,1,1,0.00793580081535871,0.00299945077308325,0.04237288135593278,1.8571428571428572,0.002042857142857143,0.14285714285714285,650.7142857142857,437.88142857142856,93209.78265714286,80.8849,431.14285714285717
SYMBOL:AMZNUSDT,2026-03,O,,O:2026-03-10T20:00:00Z:2026-03-11T06:00:00Z,ORDINARY_WEEKDAY_OVERNIGHT,LISTING_DAYS_15_30,1,1,0.005115787029646014,0.0019335857486875955,0.048632218844984934,0.42857142857142855,0.0004714285714285714,0.3261904761904762,290.57142857142856,187.77714285714288,40428.05238571429,34.444,190.57142857142858
SYMBOL:AMZNUSDT,2026-03,O,,O:2026-03-11T20:00:00Z:2026-03-12T06:00:00Z,ORDINARY_WEEKDAY_OVERNIGHT,LISTING_DAYS_15_30,1,1,0.00706831399031263,0.002671571572412261,0.01573521432447056,1.5714285714285714,0.0017285714285714287,0.2785714285714286,380.57142857142856,271.85714285714283,57326.7442,14.744800000000001,262.2857142857143
SYMBOL:AMZNUSDT,2026-03,O,,O:2026-03-12T20:00:00Z:2026-03-13T06:00:00Z,ORDINARY_WEEKDAY_OVERNIGHT,LISTING_AFTER_30_DAYS,1,1,0.0060168992212792935,0.002274174143320458,0.010141987829613132,1.2857142857142858,0.0014142857142857145,0.30714285714285716,466.57142857142856,565.2757142857142,118823.98725714286,18.9369,310.2857142857143
SYMBOL:AMZNUSDT,2026-03,O,,O:2026-03-16T20:00:00Z:2026-03-17T06:00:00Z,ORDINARY_WEEKDAY_OVERNIGHT,LISTING_AFTER_30_DAYS,1,1,0.004505618608199457,0.0017029637628286757,0.045751633986929316,0.42857142857142855,0.0004714285714285714,0.21904761904761905,375.7142857142857,445.53142857142853,94069.22815714286,65.4689,246.71428571428572
SYMBOL:AMZNUSDT,2026-03,O,,O:2026-03-17T20:00:00Z:2026-03-18T06:00:00Z,ORDINARY_WEEKDAY_OVERNIGHT,LISTING_AFTER_30_DAYS,1,1,0.005176506672689627,0.0019565356165718835,0.11011235955056363,0.2857142857142857,0.00031428571428571427,0.38333333333333336,254.42857142857142,555.1542857142857,119712.35504285715,178.7654,139.57142857142858
SYMBOL:AMZNUSDT,2026-03,O,,O:2026-03-18T20:00:00Z:2026-03-19T06:00:00Z,ORDINARY_WEEKDAY_OVERNIGHT,LISTING_AFTER_30_DAYS,1,1,0.005675484224131884,0.00214513140384619,0.012953367875647315,1.0,0.0011,0.2261904761904762,488.57142857142856,828.5114285714286,173859.9628,169.92180000000002,279.2857142857143
SYMBOL:AMZNUSDT,2026-03,O,,O:2026-03-19T20:00:00Z:2026-03-20T06:00:00Z,ORDINARY_WEEKDAY_OVERNIGHT,LISTING_AFTER_30_DAYS,1,1,0.004356448484514328,0.0016465827556413043,0.02033598585322894,0.42857142857142855,0.0004714285714285714,0.32857142857142857,224.85714285714286,473.1771428571428,98942.38694285715,148.48229999999998,131.85714285714286
SYMBOL:AMZNUSDT,2026-03,O,,O:2026-03-23T20:00:00Z:2026-03-24T06:00:00Z,ORDINARY_WEEKDAY_OVERNIGHT,LISTING_AFTER_30_DAYS,1,1,0.008467162752463122,0.003200286707618082,0.08625336927223656,1.8571428571428572,0.002042857142857143,0.20952380952380953,871.2857142857143,887.5285714285714,185362.56607142856,10.44025,572.8571428571429
SYMBOL:AMZNUSDT,2026-03,O,,O:2026-03-24T20:00:00Z:2026-03-25T06:00:00Z,ORDINARY_WEEKDAY_OVERNIGHT,LISTING_AFTER_30_DAYS,1,1,0.005520278808004334,0.002086469270531363,0.006101694915254339,1.0,0.0011,0.22142857142857142,453.2857142857143,495.9942857142857,103639.41037142857,45.9866,265.85714285714283
SYMBOL:AMZNUSDT,2026-03,O,,O:2026-03-25T20:00:00Z:2026-03-26T06:00:00Z,ORDINARY_WEEKDAY_OVERNIGHT,LISTING_AFTER_30_DAYS,1,1,0.00730565099123572,0.0027612765268917473,0.01047986762272461,1.5714285714285714,0.0017285714285714287,0.3547619047619048,444.42857142857144,688.7342857142858,145434.51227142857,147.92399999999998,255.85714285714286
SYMBOL:AMZNUSDT,2026-03,O,,O:2026-03-26T20:00:00Z:2026-03-27T06:00:00Z,ORDINARY_WEEKDAY_OVERNIGHT,LISTING_AFTER_30_DAYS,1,1,0.00521982130849513,0.001972907010067697,0.03492063492063499,0.5714285714285714,0.0006285714285714285,0.37142857142857144,288.0,606.9957142857144,126522.80777142858,187.434,165.57142857142858
SYMBOL:AMZNUSDT,2026-03,O,,O:2026-03-30T20:00:00Z:2026-03-31T06:00:00Z,ORDINARY_WEEKDAY_OVERNIGHT,LISTING_AFTER_30_DAYS,1,1,0.010594123259764391,0.004004202214871644,0.05951989477145723,3.7142857142857144,0.004085714285714286,0.10714285714285714,732.7142857142857,1470.4142857142856,297214.8280428572,200.46275,444.85714285714283
SYMBOL:AMZNUSDT,2026-03,O,,O:2026-03-31T20:00:00Z:2026-04-01T06:00:00Z,ORDINARY_WEEKDAY_OVERNIGHT,LISTING_AFTER_30_DAYS,1,1,0.005927504795980336,0.0022403862264723743,0.04897706137631819,0.8571428571428571,0.0009428571428571429,0.2785714285714286,390.2857142857143,768.0428571428572,160650.7967142857,39.7138,236.14285714285714
SYMBOL:AMZNUSDT,2026-04,O,,O:2026-04-01T20:00:00Z:2026-04-02T06:00:00Z,ORDINARY_WEEKDAY_OVERNIGHT,LISTING_AFTER_30_DAYS,1,1,0.010190977725945013,0.0038518275256355797,0.14389534883721042,1.5714285714285714,0.0017285714285714287,0.16904761904761906,700.4285714285714,1587.1085714285714,330443.3638,156.36,370.2857142857143
SYMBOL:AMZNUSDT,2026-04,O,,O:2026-04-06T20:00:00Z:2026-04-07T06:00:00Z,ORDINARY_WEEKDAY_OVERNIGHT,LISTING_AFTER_30_DAYS,1,1,0.007016894487552492,0.0026521368271491294,0.041109460128776955,1.5714285714285714,0.0017285714285714287,0.17142857142857143,545.4285714285714,638.0557142857143,135296.3722,50.727599999999995,350.0
SYMBOL:AMZNUSDT,2026-04,O,,O:2026-04-07T20:00:00Z:2026-04-08T06:00:00Z,ORDINARY_WEEKDAY_OVERNIGHT,LISTING_AFTER_30_DAYS,1,1,0.009873385857988793,0.003731789082631491,0.0861372812920607,2.2857142857142856,0.002514285714285714,0.10238095238095238,818.4285714285714,855.7485714285714,189326.83661428574,73.095,497.7142857142857
SYMBOL:AMZNUSDT,2026-04,O,,O:2026-04-08T20:00:00Z:2026-04-09T06:00:00Z,ORDINARY_WEEKDAY_OVERNIGHT,LISTING_AFTER_30_DAYS,1,1,0.0046395886739668615,0.0017535996881354642,0.018782870022539682,0.7142857142857143,0.0007857142857142857,0.27380952380952384,278.2857142857143,272.74,60125.928042857144,57.3144,187.57142857142858
SYMBOL:AMZNUSDT,2026-04,O,,O:2026-04-09T20:00:00Z:2026-04-10T06:00:00Z,ORDINARY_WEEKDAY_OVERNIGHT,LISTING_AFTER_30_DAYS,1,1,0.006670231930128999,0.002521110696320528,0.1298765432098779,1.1428571428571428,0.001257142857142857,0.11428571428571428,599.1428571428571,1171.69,274080.4692,48.925799999999995,396.7142857142857
SYMBOL:AMZNUSDT,2026-04,O,,O:2026-04-13T20:00:00Z:2026-04-14T06:00:00Z,ORDINARY_WEEKDAY_OVERNIGHT,LISTING_AFTER_30_DAYS,1,1,0.004165404117267281,0.0015743747720533931,0.0641132389675275,0.14285714285714285,0.00015714285714285713,0.3047619047619048,279.7142857142857,564.5671428571429,135569.26305714287,115.12559999999999,176.0
SYMBOL:AMZNUSDT,2026-04,O,,O:2026-04-14T20:00:00Z:2026-04-15T06:00:00Z,ORDINARY_WEEKDAY_OVERNIGHT,LISTING_AFTER_30_DAYS,1,1,0.005150446881159898,0.0019466859411996188,0.0035435861091433116,1.0,0.0011,0.3261904761904762,502.2857142857143,622.8199999999999,155196.6636857143,14.9772,387.0
SYMBOL:AMZNUSDT,2026-04,O,,O:2026-04-15T20:00:00Z:2026-04-16T06:00:00Z,ORDINARY_WEEKDAY_OVERNIGHT,LISTING_AFTER_30_DAYS,1,1,0.003383225617500165,0.0012787390875897671,0.05241090146750419,0.2857142857142857,0.00031428571428571427,0.4095238095238095,211.57142857142858,286.5571428571429,71230.59198571429,77.05205000000001,133.14285714285714
SYMBOL:AMZNUSDT,2026-04,O,,O:2026-04-16T20:00:00Z:2026-04-17T06:00:00Z,ORDINARY_WEEKDAY_OVERNIGHT,LISTING_AFTER_30_DAYS,1,1,0.004336914914630816,0.001639199760194294,0.021657953696787385,0.5714285714285714,0.0006285714285714285,0.25476190476190474,247.85714285714286,294.0414285714286,73425.84564285715,69.965,168.57142857142858
SYMBOL:AMZNUSDT,2026-04,O,,O:2026-04-20T20:00:00Z:2026-04-21T06:00:00Z,ORDINARY_WEEKDAY_OVERNIGHT,LISTING_AFTER_30_DAYS,1,1,0.008934332440717787,0.003376860252645141,0.04682829624709461,1.1428571428571428,0.001257142857142857,0.0380952380952381,782.8571428571429,899.1,230335.14797142855,48.40915,518.5714285714286
SYMBOL:AMZNUSDT,2026-04,O,,O:2026-04-21T20:00:00Z:2026-04-22T06:00:00Z,ORDINARY_WEEKDAY_OVERNIGHT,LISTING_AFTER_30_DAYS,1,1,0.0033112116981842367,0.0012515203845261933,0.04187604690117254,0.2857142857142857,0.00031428571428571427,0.009523809523809525,429.0,499.54857142857145,125983.07651428573,22.704299999999996,280.0
SYMBOL:AMZNUSDT,2026-04,O,,O:2026-04-22T20:00:00Z:2026-04-23T06:00:00Z,ORDINARY_WEEKDAY_OVERNIGHT,LISTING_AFTER_30_DAYS,1,1,0.006624813366164553,0.00250394409272687,0.06381039197812162,1.0,0.0011,0.002380952380952381,805.2857142857143,685.7928571428572,174151.27825714284,17.8472,571.0
SYMBOL:AMZNUSDT,2026-04,O,,O:2026-04-23T20:00:00Z:2026-04-24T06:00:00Z,ORDINARY_WEEKDAY_OVERNIGHT,LISTING_AFTER_30_DAYS,1,1,0.005705622350019652,0.0021565225447148463,0.009569377990431331,0.8571428571428571,0.0009428571428571429,0.03333333333333333,397.85714285714283,251.82142857142858,64345.41205714286,25.573,298.57142857142856
SYMBOL:AMZNUSDT,2026-04,O,,O:2026-04-27T20:00:00Z:2026-04-28T06:00:00Z,ORDINARY_WEEKDAY_OVERNIGHT,LISTING_AFTER_30_DAYS,1,1,0.005268091849607793,0.0019911515597012147,0.08138351983723018,0.5714285714285714,0.0006285714285714285,0.02857142857142857,665.4285714285714,298.8328571428571,78083.9343,18.25355,456.2857142857143
SYMBOL:AMZNUSDT,2026-04,O,,O:2026-04-28T20:00:00Z:2026-04-29T06:00:00Z,ORDINARY_WEEKDAY_OVERNIGHT,LISTING_AFTER_30_DAYS,1,1,0.0045936106994470295,0.001736221647226044,0.08363201911588584,0.2857142857142857,0.00031428571428571427,0.05714285714285714,718.0,301.6828571428572,78627.29291428572,10.3752,565.1428571428571
SYMBOL:AMZNUSDT,2026-04,O,,O:2026-04-29T20:00:00Z:2026-04-30T06:00:00Z,ORDINARY_WEEKDAY_OVERNIGHT,LISTING_AFTER_30_DAYS,1,1,0.017556077005270745,0.00663557339340657,0.0565599601924031,4.0,0.0044,0.0,4676.142857142857,2103.582857142857,566653.8364142857,16.1652,3155.1428571428573
SYMBOL:AMZNUSDT,2026-04,O,,O:2026-04-30T20:00:00Z:2026-05-01T06:00:00Z,ORDINARY_WEEKDAY_OVERNIGHT,LISTING_AFTER_30_DAYS,1,1,0.004680208816710191,0.0017689526589810061,0.03771428571428849,0.42857142857142855,0.0004714285714285714,0.02142857142857143,742.0,257.46999999999997,68126.01180000001,13.2385,493.57142857142856
SYMBOL:AMZNUSDT,2026-05,O,,O:2026-05-04T20:00:00Z:2026-05-05T06:00:00Z,ORDINARY_WEEKDAY_OVERNIGHT,LISTING_AFTER_30_DAYS,1,1,0.0037568053578852767,0.0014199389572913499,0.08052305574672508,0.2857142857142857,0.00031428571428571427,0.09285714285714286,533.2857142857143,144.5142857142857,39404.74957142857,10.913599999999999,342.2857142857143
SYMBOL:AMZNUSDT,2026-05,O,,O:2026-05-05T20:00:00Z:2026-05-06T06:00:00Z,ORDINARY_WEEKDAY_OVERNIGHT,LISTING_AFTER_30_DAYS,1,1,0.0050903963771125275,0.001923988984083416,0.03421309872922629,0.8571428571428571,0.0009428571428571429,0.007142857142857143,943.2857142857143,504.34285714285716,137419.60271428572,13.62,608.7142857142857
SYMBOL:AMZNUSDT,2026-05,O,,O:2026-05-06T20:00:00Z:2026-05-07T06:00:00Z,ORDINARY_WEEKDAY_OVERNIGHT,LISTING_AFTER_30_DAYS,1,1,0.004720507040039798,0.0017841839557249893,0.027603513174404664,0.5714285714285714,0.0006285714285714285,0.04285714285714286,722.1428571428571,411.9714285714286,113322.6548142857,13.758500000000002,455.85714285714283
SYMBOL:AMZNUSDT,2026-05,O,,O:2026-05-07T20:00:00Z:2026-05-08T06:00:00Z,ORDINARY_WEEKDAY_OVERNIGHT,LISTING_AFTER_30_DAYS,1,1,0.003970896110906683,0.0015008576559332346,0.12898751733703423,0.2857142857142857,0.00031428571428571427,0.05714285714285714,541.0,327.32714285714286,88948.33285714286,13.569750000000003,358.57142857142856
SYMBOL:AMZNUSDT,2026-05,O,,O:2026-05-11T20:00:00Z:2026-05-12T06:00:00Z,ORDINARY_WEEKDAY_OVERNIGHT,LISTING_AFTER_30_DAYS,1,1,0.004829024635163138,0.0018251997513780112,0.07585335018963106,0.8571428571428571,0.0009428571428571429,0.14523809523809525,620.1428571428571,279.7557142857143,75090.54054285714,13.413499999999999,384.2857142857143
SYMBOL:AMZNUSDT,2026-05,O,,O:2026-05-12T20:00:00Z:2026-05-13T06:00:00Z,ORDINARY_WEEKDAY_OVERNIGHT,LISTING_AFTER_30_DAYS,1,1,0.005548299455646459,0.0020970600798507965,0.009994739610731407,1.1428571428571428,0.001257142857142857,0.07380952380952381,759.2857142857143,307.6242857142857,82180.53702857143,16.0425,451.14285714285717
SYMBOL:AMZNUSDT,2026-05,O,,O:2026-05-13T20:00:00Z:2026-05-14T06:00:00Z,ORDINARY_WEEKDAY_OVERNIGHT,LISTING_AFTER_30_DAYS,1,1,0.0054195087359182464,0.002048381763340243,0.021636876763874466,0.7142857142857143,0.0007857142857142857,0.007142857142857143,833.5714285714286,264.05285714285714,71453.65862857143,13.531,510.42857142857144
SYMBOL:AMZNUSDT,2026-05,O,,O:2026-05-14T20:00:00Z:2026-05-15T06:00:00Z,ORDINARY_WEEKDAY_OVERNIGHT,LISTING_AFTER_30_DAYS,1,1,0.007191364555461289,0.002718080314422162,0.07971014492753695,1.1428571428571428,0.001257142857142857,0.08571428571428572,636.8571428571429,225.70714285714286,60089.99982857143,15.976199999999999,401.85714285714283
SYMBOL:AMZNUSDT,2026-05,O,,O:2026-05-18T20:00:00Z:2026-05-19T06:00:00Z,ORDINARY_WEEKDAY_OVERNIGHT,LISTING_AFTER_30_DAYS,1,1,0.006250695709881016,0.0023625409099262153,0.0782147591692428,1.4285714285714286,0.0015714285714285715,0.08095238095238096,1028.0,288.95714285714286,76323.87561428572,10.5792,623.7142857142857
SYMBOL:AMZNUSDT,2026-05,O,,O:2026-05-19T20:00:00Z:2026-05-20T06:00:00Z,ORDINARY_WEEKDAY_OVERNIGHT,LISTING_AFTER_30_DAYS,1,1,0.005646388167310207,0.0021341341280629385,0.030661646046261856,1.1428571428571428,0.001257142857142857,0.10476190476190476,693.5714285714286,256.2185714285714,66375.8159,12.949000000000002,423.0
SYMBOL:AMZNUSDT,2026-05,O,,O:2026-05-20T20:00:00Z:2026-05-21T06:00:00Z,ORDINARY_WEEKDAY_OVERNIGHT,LISTING_AFTER_30_DAYS,1,1,0.005108749770782332,0.0019309259148497545,0.0701956271576559,0.8571428571428571,0.0009428571428571429,0.11190476190476191,684.1428571428571,262.5728571428571,69512.0077,15.8508,373.7142857142857
SYMBOL:AMZNUSDT,2026-05,O,,O:2026-05-21T20:00:00Z:2026-05-22T06:00:00Z,ORDINARY_WEEKDAY_OVERNIGHT,LISTING_AFTER_30_DAYS,1,1,0.004598187328281635,0.0017379514503316745,0.015439429928740523,0.5714285714285714,0.0006285714285714285,0.09523809523809523,650.1428571428571,265.0314285714286,71407.78428571428,13.483500000000001,367.2857142857143
SYMBOL:AMZNUSDT,2026-05,O,,O:2026-05-26T20:00:00Z:2026-05-27T06:00:00Z,ORDINARY_WEEKDAY_OVERNIGHT,LISTING_AFTER_30_DAYS,1,1,0.004477171578029287,0.0016922117960617297,0.0631001371742134,0.8571428571428571,0.0009428571428571429,0.04523809523809524,2798.285714285714,528.5157142857144,140153.63587142856,71.5851,1428.2857142857142
SYMBOL:AMZNUSDT,2026-05,O,,O:2026-05-27T20:00:00Z:2026-05-28T06:00:00Z,ORDINARY_WEEKDAY_OVERNIGHT,LISTING_AFTER_30_DAYS,1,1,0.0067019000079366255,0.0025330801046603026,0.06458082631368016,2.142857142857143,0.002357142857142857,0.011904761904761904,1922.2857142857142,630.8142857142857,171578.93742857143,27.265,1009.8571428571429
SYMBOL:AMZNUSDT,2026-05,O,,O:2026-05-28T20:00:00Z:2026-05-29T06:00:00Z,ORDINARY_WEEKDAY_OVERNIGHT,LISTING_AFTER_30_DAYS,1,1,0.0055877624782440394,0.002111975700390242,0.07852882703776967,0.7142857142857143,0.0007857142857142857,0.04285714285714286,1111.5714285714287,267.88142857142856,72893.03567142857,16.2762,618.7142857142857
SYMBOL:COINUSDT,2026-03,W,,W:2026-03-06T21:00:00Z:2026-03-09T06:00:00Z,REGULAR_WEEKEND,LISTING_DAYS_15_30,1,1,0.03196266946998827,0.004349568389928072,0.014129226861406663,2.2037037037037037,0.002424074074074074,0.12283950617283951,1001.6111111111111,981.8840740740741,189313.5655,103.10425000000001,669.6666666666666
SYMBOL:COINUSDT,2026-03,W,,W:2026-03-13T20:00:00Z:2026-03-16T06:00:00Z,REGULAR_WEEKEND,LISTING_AFTER_30_DAYS,1,1,0.02465052360649089,0.003323875925028612,0.056679619455983044,1.6,0.0017600000000000003,0.20606060606060606,695.7636363636364,628.3425454545455,123956.62420363635,87.5974,438.54545454545456
SYMBOL:COINUSDT,2026-03,W,,W:2026-03-20T20:00:00Z:2026-03-23T06:00:00Z,REGULAR_WEEKEND,LISTING_AFTER_30_DAYS,1,1,0.029396094234103814,0.003963768537917859,0.03328410769056016,2.018181818181818,0.00222,0.09696969696969697,1258.1818181818182,1238.3316363636366,242371.3286036364,97.371,790.6181818181818
SYMBOL:COINUSDT,2026-03,W,,W:2026-03-27T20:00:00Z:2026-03-30T06:00:00Z,REGULAR_WEEKEND,LISTING_AFTER_30_DAYS,1,1,0.026744998618773698,0.003606294878071365,0.025520156046813857,1.8181818181818181,0.002,0.16272727272727272,992.7272727272727,942.0774545454545,151437.1706581818,82.96079999999999,568.5272727272727
SYMBOL:COINUSDT,2026-04,W,,W:2026-04-02T20:00:00Z:2026-04-06T06:00:00Z,THREE_DAY_LONG_WEEKEND,LISTING_AFTER_30_DAYS,1,1,0.021260736197770424,0.0023920197060891464,0.03292921392256547,1.0759493670886076,0.0011835443037974684,0.22827004219409283,653.2278481012659,780.8056962025316,135265.71941645571,139.832,370.4177215189873
SYMBOL:COINUSDT,2026-04,W,,W:2026-04-10T20:00:00Z:2026-04-13T06:00:00Z,REGULAR_WEEKEND,LISTING_AFTER_30_DAYS,1,1,0.02376038682316852,0.003203849905650729,0.040471214136424356,1.2727272727272727,0.0014,0.0903030303030303,1163.8727272727272,1616.0918181818183,268253.03424909094,112.10780000000003,643.9636363636364
SYMBOL:COINUSDT,2026-04,W,,W:2026-04-17T20:00:00Z:2026-04-20T06:00:00Z,REGULAR_WEEKEND,LISTING_AFTER_30_DAYS,1,1,0.03085867236958207,0.004160982533474096,0.046493490911272535,1.8727272727272728,0.00206,0.041212121212121214,1402.9636363636364,1592.9701818181818,322381.5441509091,64.7904,848.3636363636364
SYMBOL:COINUSDT,2026-04,W,,W:2026-04-24T20:00:00Z:2026-04-27T06:00:00Z,REGULAR_WEEKEND,LISTING_AFTER_30_DAYS,1,1,0.020903651266466452,0.0028186477617662517,0.0066303978238693925,1.2363636363636363,0.00136,0.17939393939393938,638.8,523.5361818181818,105704.70757999999,23.996399999999998,426.8909090909091
SYMBOL:COINUSDT,2026-05,W,,W:2026-05-01T20:00:00Z:2026-05-04T06:00:00Z,REGULAR_WEEKEND,LISTING_AFTER_30_DAYS,1,1,0.01991978587244299,0.00268598337909966,0.0557947456286794,1.1636363636363636,0.00128,0.02727272727272727,1027.0727272727272,889.6970909090909,173137.0678818182,19.368000000000002,627.8909090909091
SYMBOL:COINUSDT,2026-05,W,,W:2026-05-08T20:00:00Z:2026-05-11T06:00:00Z,REGULAR_WEEKEND,LISTING_AFTER_30_DAYS,1,1,0.023083587308335995,0.003112590277687674,0.00408107740443473,1.2181818181818183,0.0013400000000000003,0.05484848484848485,1337.6545454545455,870.5218181818182,176568.5441,32.7264,788.1272727272727
SYMBOL:COINUSDT,2026-05,W,,W:2026-05-15T20:00:00Z:2026-05-18T06:00:00Z,REGULAR_WEEKEND,LISTING_AFTER_30_DAYS,1,1,0.029323626021167476,0.003953996926078932,0.0294975688816855,2.109090909090909,0.00232,0.05090909090909091,1263.4363636363637,704.0934545454545,134602.51726363637,21.1618,700.9090909090909
SYMBOL:COINUSDT,2026-05,W,,W:2026-05-22T20:00:00Z:2026-05-26T06:00:00Z,THREE_DAY_LONG_WEEKEND,LISTING_AFTER_30_DAYS,1,1,0.03358453303024019,0.0037785551770573656,0.010901162790697676,2.367088607594937,0.002603797468354431,0.010759493670886076,2596.6075949367087,770.4693670886077,144305.99950759494,11.315999999999999,1363.4430379746836
SYMBOL:COINUSDT,2026-05,W,,W:2026-05-29T20:00:00Z:2026-06-01T06:00:00Z,REGULAR_WEEKEND,LISTING_AFTER_30_DAYS,1,1,0.02447564036222045,0.0033002946731817613,0.004345127250155112,2.0545454545454547,0.0022600000000000003,0.04878787878787879,1966.1090909090908,537.261090909091,102036.80186727272,11.4504,1004.8
SYMBOL:COINUSDT,2026-03,O,,O:2026-03-02T21:00:00Z:2026-03-03T07:00:00Z,ORDINARY_WEEKDAY_OVERNIGHT,LISTING_DAYS_15_30,1,1,0.014818724101428997,0.005600951245665745,0.11688942891859064,4.714285714285714,0.0051857142857142866,0.06666666666666667,699.7142857142857,909.3928571428571,165757.02940000003,181.94,445.7142857142857
SYMBOL:COINUSDT,2026-03,O,,O:2026-03-03T21:00:00Z:2026-03-04T07:00:00Z,ORDINARY_WEEKDAY_OVERNIGHT,LISTING_DAYS_15_30,1,1,0.019131159343219746,0.007230898559215605,0.018319169027384924,7.142857142857143,0.007857142857142858,0.016666666666666666,1207.4285714285713,1678.1171428571429,305065.2764,236.4943,779.1428571428571
SYMBOL:COINUSDT,2026-03,O,,O:2026-03-04T21:00:00Z:2026-03-05T07:00:00Z,ORDINARY_WEEKDAY_OVERNIGHT,LISTING_DAYS_15_30,1,1,0.014287988437451871,0.005400352020123429,0.01783264746227717,4.0,0.0044,0.0,2134.4285714285716,2547.1357142857146,529477.3914428571,54.199600000000004,1324.7142857142858
SYMBOL:COINUSDT,2026-03,O,,O:2026-03-05T21:00:00Z:2026-03-06T07:00:00Z,ORDINARY_WEEKDAY_OVERNIGHT,LISTING_DAYS_15_30,1,1,0.013182413969103614,0.004982484148821723,0.0010416666666664578,4.142857142857143,0.004557142857142858,0.011904761904761904,1715.7142857142858,1480.5214285714285,305009.6959,60.01259999999999,1074.4285714285713
SYMBOL:COINUSDT,2026-03,O,,O:2026-03-09T20:00:00Z:2026-03-10T06:00:00Z,ORDINARY_WEEKDAY_OVERNIGHT,LISTING_DAYS_15_30,1,1,0.017096794909128174,0.006461981077975468,0.08862206975414544,6.142857142857143,0.006757142857142858,0.009523809523809525,1584.142857142857,823.2442857142858,165698.81508571428,20.083000000000002,1116.4285714285713
SYMBOL:COINUSDT,2026-03,O,,O:2026-03-10T20:00:00Z:2026-03-11T06:00:00Z,ORDINARY_WEEKDAY_OVERNIGHT,LISTING_DAYS_15_30,1,1,0.011912167711684456,0.004502376191544348,0.008204193254329474,3.857142857142857,0.004242857142857143,0.02619047619047619,997.7142857142857,486.7271428571429,95952.95397142856,15.7456,640.4285714285714
SYMBOL:COINUSDT,2026-03,O,,O:2026-03-11T20:00:00Z:2026-03-12T06:00:00Z,ORDINARY_WEEKDAY_OVERNIGHT,LISTING_DAYS_15_30,1,1,0.01207688478247001,0.004564633392399433,0.05699774266365713,4.142857142857143,0.004557142857142858,0.02142857142857143,1134.857142857143,697.8100000000001,136243.4263,21.524800000000003,761.2857142857143
SYMBOL:COINUSDT,2026-03,O,,O:2026-03-12T20:00:00Z:2026-03-13T06:00:00Z,ORDINARY_WEEKDAY_OVERNIGHT,LISTING_AFTER_30_DAYS,1,1,0.014535329437215605,0.005493838130752704,0.06579934951213431,3.2857142857142856,0.0036142857142857144,0.023809523809523808,1484.2857142857142,1127.6328571428571,220494.12581428574,13.757800000000001,955.2857142857143
SYMBOL:COINUSDT,2026-03,O,,O:2026-03-16T20:00:00Z:2026-03-17T06:00:00Z,ORDINARY_WEEKDAY_OVERNIGHT,LISTING_AFTER_30_DAYS,1,1,0.01780662949973606,0.006730273334938299,0.031062874251497025,6.571428571428571,0.007228571428571429,0.016666666666666666,1824.7142857142858,1714.5842857142857,352215.8576714286,16.396,1144.7142857142858
SYMBOL:COINUSDT,2026-03,O,,O:2026-03-17T20:00:00Z:2026-03-18T06:00:00Z,ORDINARY_WEEKDAY_OVERNIGHT,LISTING_AFTER_30_DAYS,1,1,0.011451786393142765,0.004328368409098444,0.0327413984461714,3.0,0.0033,0.030952380952380953,1352.0,1624.1314285714286,342481.6768714286,62.96699999999999,717.0
SYMBOL:COINUSDT,2026-03,O,,O:2026-03-18T20:00:00Z:2026-03-19T06:00:00Z,ORDINARY_WEEKDAY_OVERNIGHT,LISTING_AFTER_30_DAYS,1,1,0.012372363741723041,0.00467631394151882,0.020739910313901697,3.7142857142857144,0.004085714285714286,0.03333333333333333,1334.0,1331.1414285714286,270349.8139571428,58.8874,803.2857142857143
SYMBOL:COINUSDT,2026-03,O,,O:2026-03-19T20:00:00Z:2026-03-20T06:00:00Z,ORDINARY_WEEKDAY_OVERNIGHT,LISTING_AFTER_30_DAYS,1,1,0.011868112815342152,0.004485725005864852,0.017964071856287067,3.142857142857143,0.0034571428571428574,0.030952380952380953,1275.857142857143,1251.5257142857142,255410.1337428571,38.8417,817.7142857142857
SYMBOL:COINUSDT,2026-03,O,,O:2026-03-23T20:00:00Z:2026-03-24T06:00:00Z,ORDINARY_WEEKDAY_OVERNIGHT,LISTING_AFTER_30_DAYS,1,1,0.013586533212045147,0.005135226865513007,0.04497354497354473,4.285714285714286,0.004714285714285714,0.030952380952380953,1409.7142857142858,1235.2257142857143,246196.37290000002,18.0171,910.7142857142857
SYMBOL:COINUSDT,2026-03,O,,O:2026-03-24T20:00:00Z:2026-03-25T06:00:00Z,ORDINARY_WEEKDAY_OVERNIGHT,LISTING_AFTER_30_DAYS,1,1,0.01317154669797014,0.00497837670641471,0.06282016716095973,4.428571428571429,0.004871428571428572,0.009523809523809525,2161.8571428571427,2815.511428571429,519971.85281428567,77.7168,1156.0
SYMBOL:COINUSDT,2026-03,O,,O:2026-03-25T20:00:00Z:2026-03-26T06:00:00Z,ORDINARY_WEEKDAY_OVERNIGHT,LISTING_AFTER_30_DAYS,1,1,0.01030244654512918,0.003893958779135484,0.09883502442690674,2.5714285714285716,0.002828571428571429,0.06666666666666667,1060.4285714285713,1314.6271428571429,237499.98564285715,81.6435,578.0
SYMBOL:COINUSDT,2026-03,O,,O:2026-03-26T20:00:00Z:2026-03-27T06:00:00Z,ORDINARY_WEEKDAY_OVERNIGHT,LISTING_AFTER_30_DAYS,1,1,0.011616473315228635,0.0043906142148161425,0.022207267833108776,3.2857142857142856,0.0036142857142857144,0.02142857142857143,1767.2857142857142,2093.81,363579.8545571429,114.312,939.2857142857143
SYMBOL:COINUSDT,2026-03,O,,O:2026-03-30T20:00:00Z:2026-03-31T06:00:00Z,ORDINARY_WEEKDAY_OVERNIGHT,LISTING_AFTER_30_DAYS,1,1,0.016781765922050877,0.0063429113128921685,0.07170592803520491,4.285714285714286,0.004714285714285714,0.016666666666666666,2703.0,2831.132857142857,463987.9396428572,62.501400000000004,1494.5714285714287
SYMBOL:COINUSDT,2026-03,O,,O:2026-03-31T20:00:00Z:2026-04-01T06:00:00Z,ORDINARY_WEEKDAY_OVERNIGHT,LISTING_AFTER_30_DAYS,1,1,0.011583608348609182,0.004378192425027354,0.057008718980550495,3.857142857142857,0.004242857142857143,0.004761904761904762,2310.5714285714284,2377.7400000000002,418293.50320000004,87.44749999999999,1253.7142857142858
SYMBOL:COINUSDT,2026-04,O,,O:2026-04-01T20:00:00Z:2026-04-02T06:00:00Z,ORDINARY_WEEKDAY_OVERNIGHT,LISTING_AFTER_30_DAYS,1,1,0.019911781869778718,0.007525946141085598,0.13160333642261274,5.285714285714286,0.0058142857142857145,0.009523809523809525,3393.714285714286,3489.905714285714,592497.9242142857,65.92755,1880.2857142857142
SYMBOL:COINUSDT,2026-04,O,,O:2026-04-06T20:00:00Z:2026-04-07T06:00:00Z,ORDINARY_WEEKDAY_OVERNIGHT,LISTING_AFTER_30_DAYS,1,1,0.009916295350248735,0.003748007346260613,0.03543307086614087,2.857142857142857,0.003142857142857143,0.007142857142857143,1536.2857142857142,1113.0042857142857,192701.51272857143,60.83875,881.1428571428571
SYMBOL:COINUSDT,2026-04,O,,O:2026-04-07T20:00:00Z:2026-04-08T06:00:00Z,ORDINARY_WEEKDAY_OVERNIGHT,LISTING_AFTER_30_DAYS,1,1,0.014560643975583818,0.005503406126906517,0.029916897506925513,3.7142857142857144,0.004085714285714286,0.016666666666666666,2376.1428571428573,2217.22,408157.7496857143,88.15199999999999,1219.4285714285713
SYMBOL:COINUSDT,2026-04,O,,O:2026-04-08T20:00:00Z:2026-04-09T06:00:00Z,ORDINARY_WEEKDAY_OVERNIGHT,LISTING_AFTER_30_DAYS,1,1,0.00861731712902965,0.003257039727427078,0.009874326750448732,2.5714285714285716,0.002828571428571429,0.007142857142857143,1474.7142857142858,1680.4685714285715,292661.32274285716,99.4137,839.4285714285714
SYMBOL:COINUSDT,2026-04,O,,O:2026-04-09T20:00:00Z:2026-04-10T06:00:00Z,ORDINARY_WEEKDAY_OVERNIGHT,LISTING_AFTER_30_DAYS,1,1,0.009564020734428238,0.0036148600567374916,0.02182700080840693,2.5714285714285716,0.002828571428571429,0.014285714285714285,1521.0,1574.7542857142857,267615.07215714286,52.9697,851.8571428571429
SYMBOL:COINUSDT,2026-04,O,,O:2026-04-13T20:00:00Z:2026-04-14T06:00:00Z,ORDINARY_WEEKDAY_OVERNIGHT,LISTING_AFTER_30_DAYS,1,1,0.008688913398972084,0.0032841005738652967,0.05697622252131077,2.0,0.0022,0.023809523809523808,1053.5714285714287,1441.2414285714287,254609.3074142857,45.8601,587.4285714285714
SYMBOL:COINUSDT,2026-04,O,,O:2026-04-14T20:00:00Z:2026-04-15T06:00:00Z,ORDINARY_WEEKDAY_OVERNIGHT,LISTING_AFTER_30_DAYS,1,1,0.009905800314250614,0.003744040595510371,0.06681514476614855,1.4285714285714286,0.0015714285714285715,0.023809523809523808,1524.7142857142858,2083.2328571428575,387712.2518,45.072,867.5714285714286
SYMBOL:COINUSDT,2026-04,O,,O:2026-04-15T20:00:00Z:2026-04-16T06:00:00Z,ORDINARY_WEEKDAY_OVERNIGHT,LISTING_AFTER_30_DAYS,1,1,0.009693613495963746,0.00366384151655707,0.013854351687388375,3.0,0.0033,0.023809523809523808,1399.4285714285713,1668.9271428571428,329170.34515714284,41.529599999999995,770.4285714285714
SYMBOL:COINUSDT,2026-04,O,,O:2026-04-16T20:00:00Z:2026-04-17T06:00:00Z,ORDINARY_WEEKDAY_OVERNIGHT,LISTING_AFTER_30_DAYS,1,1,0.01191883893478853,0.004504897676869206,0.04137039431157078,4.0,0.0044,0.009523809523809525,1491.857142857143,1500.6457142857143,295722.1952285714,92.97305,869.4285714285714
SYMBOL:COINUSDT,2026-04,O,,O:2026-04-20T20:00:00Z:2026-04-21T06:00:00Z,ORDINARY_WEEKDAY_OVERNIGHT,LISTING_AFTER_30_DAYS,1,1,0.007906048245156947,0.002988205358566271,0.003278688524590691,2.4285714285714284,0.0026714285714285716,0.004761904761904762,1037.2857142857142,776.6800000000001,163612.6865,29.5176,640.5714285714286
SYMBOL:COINUSDT,2026-04,O,,O:2026-04-21T20:00:00Z:2026-04-22T06:00:00Z,ORDINARY_WEEKDAY_OVERNIGHT,LISTING_AFTER_30_DAYS,1,1,0.014362053293876716,0.005428345904550549,0.16558018252933496,3.2857142857142856,0.0036142857142857144,0.002380952380952381,2597.285714285714,3123.628571428572,634558.3333428571,60.678,1338.7142857142858
SYMBOL:COINUSDT,2026-04,O,,O:2026-04-22T20:00:00Z:2026-04-23T06:00:00Z,ORDINARY_WEEKDAY_OVERNIGHT,LISTING_AFTER_30_DAYS,1,1,0.014665676388327465,0.005543104647438057,0.04504061038641359,3.2857142857142856,0.0036142857142857144,0.007142857142857143,1960.4285714285713,1711.1285714285714,347804.2564857143,28.589400000000005,1189.857142857143
SYMBOL:COINUSDT,2026-04,O,,O:2026-04-23T20:00:00Z:2026-04-24T06:00:00Z,ORDINARY_WEEKDAY_OVERNIGHT,LISTING_AFTER_30_DAYS,1,1,0.00995924868339788,0.00376424218018832,0.008701472556893991,2.4285714285714284,0.0026714285714285716,0.004761904761904762,1331.857142857143,1286.4814285714288,257289.64345714287,25.9584,865.0
SYMBOL:COINUSDT,2026-04,O,,O:2026-04-27T20:00:00Z:2026-04-28T06:00:00Z,ORDINARY_WEEKDAY_OVERNIGHT,LISTING_AFTER_30_DAYS,1,1,0.008087045153442086,0.0030566157596225636,0.06851851851851892,2.2857142857142856,0.002514285714285714,0.05952380952380952,1012.2857142857143,440.2085714285714,86529.67014285714,11.8014,700.5714285714286
SYMBOL:COINUSDT,2026-04,O,,O:2026-04-28T20:00:00Z:2026-04-29T06:00:00Z,ORDINARY_WEEKDAY_OVERNIGHT,LISTING_AFTER_30_DAYS,1,1,0.009244671831814561,0.0034941575170550376,0.08767864040169789,1.7142857142857142,0.0018857142857142857,0.01904761904761905,1105.5714285714287,793.3614285714285,153005.43122857143,27.0214,689.5714285714286
SYMBOL:COINUSDT,2026-04,O,,O:2026-04-29T20:00:00Z:2026-04-30T06:00:00Z,ORDINARY_WEEKDAY_OVERNIGHT,LISTING_AFTER_30_DAYS,1,1,0.011464594073429117,0.0043332092572283465,0.05221932114882437,3.7142857142857144,0.004085714285714286,0.004761904761904762,1535.2857142857142,1014.1028571428571,184511.6243,20.054100000000002,883.5714285714286
SYMBOL:COINUSDT,2026-04,O,,O:2026-04-30T20:00:00Z:2026-05-01T06:00:00Z,ORDINARY_WEEKDAY_OVERNIGHT,LISTING_AFTER_30_DAYS,1,1,0.008873916421290186,0.003354025143700873,0.13348314606741518,1.4285714285714286,0.0015714285714285715,0.011904761904761904,1058.2857142857142,693.5057142857142,131095.42007142858,18.783,655.0
SYMBOL:COINUSDT,2026-05,O,,O:2026-05-04T20:00:00Z:2026-05-05T06:00:00Z,ORDINARY_WEEKDAY_OVERNIGHT,LISTING_AFTER_30_DAYS,1,1,0.010142142103174238,0.003833369395210946,0.12109623964308602,2.5714285714285716,0.002828571428571429,0.009523809523809525,1510.0,1416.2328571428573,290685.75504285714,22.598950000000002,927.7142857142857
SYMBOL:COINUSDT,2026-05,O,,O:2026-05-05T20:00:00Z:2026-05-06T06:00:00Z,ORDINARY_WEEKDAY_OVERNIGHT,LISTING_AFTER_30_DAYS,1,1,0.009736207926993243,0.0036799406982342612,0.038693645722398654,2.7142857142857144,0.002985714285714286,0.004761904761904762,2341.8571428571427,729.6071428571429,144118.09558571427,11.868,1306.857142857143
SYMBOL:COINUSDT,2026-05,O,,O:2026-05-06T20:00:00Z:2026-05-07T06:00:00Z,ORDINARY_WEEKDAY_OVERNIGHT,LISTING_AFTER_30_DAYS,1,1,0.009382538788401628,0.0035462663286468543,0.009893455098934216,2.5714285714285716,0.002828571428571429,0.007142857142857143,1553.2857142857142,959.5314285714286,188834.30187142856,33.44070000000001,871.2857142857143
SYMBOL:COINUSDT,2026-05,O,,O:2026-05-07T20:00:00Z:2026-05-08T06:00:00Z,ORDINARY_WEEKDAY_OVERNIGHT,LISTING_AFTER_30_DAYS,1,1,0.013225686548187067,0.00499883964637075,0.041120925982332544,4.142857142857143,0.004557142857142858,0.0,2553.1428571428573,1417.982857142857,262664.77594285714,37.002,1406.5714285714287
SYMBOL:COINUSDT,2026-05,O,,O:2026-05-11T20:00:00Z:2026-05-12T06:00:00Z,ORDINARY_WEEKDAY_OVERNIGHT,LISTING_AFTER_30_DAYS,1,1,0.014999649352130438,0.005669334562701178,0.03145574250182857,2.7142857142857144,0.002985714285714286,0.002380952380952381,2758.714285714286,1749.7357142857143,370368.85738571425,31.74,1548.142857142857
SYMBOL:COINUSDT,2026-05,O,,O:2026-05-12T20:00:00Z:2026-05-13T06:00:00Z,ORDINARY_WEEKDAY_OVERNIGHT,LISTING_AFTER_30_DAYS,1,1,0.009416567872125931,0.003559128113343698,0.0010889292196007432,2.5714285714285716,0.002828571428571429,0.002380952380952381,1746.5714285714287,1009.3271428571428,210448.29651428573,27.1908,1005.8571428571429
SYMBOL:COINUSDT,2026-05,O,,O:2026-05-13T20:00:00Z:2026-05-14T06:00:00Z,ORDINARY_WEEKDAY_OVERNIGHT,LISTING_AFTER_30_DAYS,1,1,0.010639557902460507,0.0040213748956546445,0.021732079143691657,3.0,0.0033,0.002380952380952381,1853.0,1185.1785714285713,239325.86582857143,24.1872,1036.4285714285713
SYMBOL:COINUSDT,2026-05,O,,O:2026-05-14T20:00:00Z:2026-05-15T06:00:00Z,ORDINARY_WEEKDAY_OVERNIGHT,LISTING_AFTER_30_DAYS,1,1,0.01647784896778404,0.006228041501434134,0.13960663324334807,5.714285714285714,0.006285714285714286,0.002380952380952381,3589.4285714285716,2172.597142857143,457753.04057142854,23.4916,1894.0
SYMBOL:COINUSDT,2026-05,O,,O:2026-05-18T20:00:00Z:2026-05-19T06:00:00Z,ORDINARY_WEEKDAY_OVERNIGHT,LISTING_AFTER_30_DAYS,1,1,0.013105062241219177,0.004953247943755529,0.012475741613528955,4.142857142857143,0.004557142857142858,0.002380952380952381,2390.4285714285716,1440.1271428571429,273787.3669857143,26.608400000000003,1378.142857142857
SYMBOL:COINUSDT,2026-05,O,,O:2026-05-19T20:00:00Z:2026-05-20T06:00:00Z,ORDINARY_WEEKDAY_OVERNIGHT,LISTING_AFTER_30_DAYS,1,1,0.013908227511262816,0.0052568158817868854,0.049019607843137164,4.428571428571429,0.004871428571428572,0.009523809523809525,2129.0,885.3442857142857,171233.05357142858,17.39115,1239.4285714285713
SYMBOL:COINUSDT,2026-05,O,,O:2026-05-20T20:00:00Z:2026-05-21T06:00:00Z,ORDINARY_WEEKDAY_OVERNIGHT,LISTING_AFTER_30_DAYS,1,1,0.008219751900666717,0.0031067741954020896,0.04545454545454588,2.2857142857142856,0.002514285714285714,0.016666666666666666,1273.2857142857142,797.3185714285713,153875.68685714286,23.1684,705.8571428571429
SYMBOL:COINUSDT,2026-05,O,,O:2026-05-21T20:00:00Z:2026-05-22T06:00:00Z,ORDINARY_WEEKDAY_OVERNIGHT,LISTING_AFTER_30_DAYS,1,1,0.009023180544497442,0.0034104416793680876,0.007679180887372231,2.5714285714285716,0.002828571428571429,0.004761904761904762,2014.4285714285713,555.2585714285714,107747.27412857143,11.688,1005.5714285714286
SYMBOL:COINUSDT,2026-05,O,,O:2026-05-26T20:00:00Z:2026-05-27T06:00:00Z,ORDINARY_WEEKDAY_OVERNIGHT,LISTING_AFTER_30_DAYS,1,1,0.008233370390008916,0.0031119215005494956,0.04014939309057038,1.7142857142857142,0.0018857142857142857,0.0,2572.1428571428573,914.96,164717.62522857144,12.621000000000002,1383.2857142857142
SYMBOL:COINUSDT,2026-05,O,,O:2026-05-27T20:00:00Z:2026-05-28T06:00:00Z,ORDINARY_WEEKDAY_OVERNIGHT,LISTING_AFTER_30_DAYS,1,1,0.01299435089894216,0.004911402989615652,0.08845208845208846,4.428571428571429,0.004871428571428572,0.0,5135.857142857143,2056.9742857142855,353308.73258571426,12.0736,2522.0
SYMBOL:COINUSDT,2026-05,O,,O:2026-05-28T20:00:00Z:2026-05-29T06:00:00Z,ORDINARY_WEEKDAY_OVERNIGHT,LISTING_AFTER_30_DAYS,1,1,0.009513729590745342,0.0035958517911183546,0.04330065359477191,2.2857142857142856,0.002514285714285714,0.009523809523809525,2729.0,952.0271428571428,173661.53019999998,12.831000000000001,1301.2857142857142
SYMBOL:CRCLUSDT,2026-03,W,,W:2026-03-06T21:00:00Z:2026-03-09T06:00:00Z,REGULAR_WEEKEND,LISTING_DAYS_15_30,1,1,0.05077541849148381,0.006909659265578494,0.0010828370330265087,3.8703703703703702,0.004257407407407408,0.023765432098765433,3163.6666666666665,5920.195740740741,589222.1392148148,33.1452,1836.1296296296296
SYMBOL:CRCLUSDT,2026-03,W,,W:2026-03-13T20:00:00Z:2026-03-16T06:00:00Z,REGULAR_WEEKEND,LISTING_AFTER_30_DAYS,1,1,0.03371851440425048,0.004546603554762104,0.041105662059741456,2.2181818181818183,0.0024400000000000003,0.056666666666666664,1610.8545454545454,3727.0299999999997,433663.63539454545,61.124900000000004,910.9272727272727
SYMBOL:CRCLUSDT,2026-03,W,,W:2026-03-20T20:00:00Z:2026-03-23T06:00:00Z,REGULAR_WEEKEND,LISTING_AFTER_30_DAYS,1,1,0.03477673464406592,0.004689293942789982,0.031045751633986995,2.690909090909091,0.0029600000000000004,0.034545454545454546,2624.4363636363637,5837.894363636364,727500.7820036364,93.0324,1419.8545454545454
SYMBOL:CRCLUSDT,2026-03,W,,W:2026-03-27T20:00:00Z:2026-03-30T06:00:00Z,REGULAR_WEEKEND,LISTING_AFTER_30_DAYS,1,1,0.033390059367926606,0.004502314686699121,0.013256206314774773,1.9272727272727272,0.00212,0.03636363636363636,2761.981818181818,7126.334909090909,661694.0278327273,117.4824,1141.4727272727273
SYMBOL:CRCLUSDT,2026-04,W,,W:2026-04-02T20:00:00Z:2026-04-06T06:00:00Z,THREE_DAY_LONG_WEEKEND,LISTING_AFTER_30_DAYS,1,1,0.025681157202455892,0.002889355925026234,0.026976086700436122,1.1772151898734178,0.0012949367088607596,0.08734177215189873,1591.9620253164558,5272.306582278481,481332.3746367088,220.0264,590.3417721518987
SYMBOL:CRCLUSDT,2026-04,W,,W:2026-04-10T20:00:00Z:2026-04-13T06:00:00Z,REGULAR_WEEKEND,LISTING_AFTER_30_DAYS,1,1,0.026876632533588102,0.003624044391524039,0.03248872998600964,1.709090909090909,0.00188,0.02727272727272727,2540.981818181818,8182.328909090909,714651.4097654546,43.99,1235.4363636363637
SYMBOL:CRCLUSDT,2026-04,W,,W:2026-04-17T20:00:00Z:2026-04-20T06:00:00Z,REGULAR_WEEKEND,LISTING_AFTER_30_DAYS,1,1,0.03539036575128734,0.004772035944408352,0.03446747201595912,2.3636363636363638,0.0026000000000000003,0.011818181818181818,2611.109090909091,7504.616181818182,775702.0903236363,104.59,1197.8727272727272
SYMBOL:CRCLUSDT,2026-04,W,,W:2026-04-24T20:00:00Z:2026-04-27T06:00:00Z,REGULAR_WEEKEND,LISTING_AFTER_30_DAYS,1,1,0.023503007173063643,0.00316914484071042,0.008064516129032088,0.8727272727272727,0.00096,0.019696969696969695,1720.290909090909,5018.443636363637,503608.5960727273,102.07069999999999,734.7636363636364
SYMBOL:CRCLUSDT,2026-05,W,,W:2026-05-01T20:00:00Z:2026-05-04T06:00:00Z,REGULAR_WEEKEND,LISTING_AFTER_30_DAYS,1,1,0.029775518448903786,0.0040149300886045325,0.05269461077844317,1.1454545454545455,0.00126,0.006060606060606061,1983.709090909091,5063.121636363637,520163.09120545455,97.25019999999999,899.9272727272727
SYMBOL:CRCLUSDT,2026-05,W,,W:2026-05-08T20:00:00Z:2026-05-11T06:00:00Z,REGULAR_WEEKEND,LISTING_AFTER_30_DAYS,1,1,0.04324184971314031,0.005830729825851076,0.021537929244875072,2.272727272727273,0.0025000000000000005,0.0021212121212121214,4203.745454545455,10235.897272727272,1203604.2128490908,100.521,1798.5636363636363
SYMBOL:CRCLUSDT,2026-05,W,,W:2026-05-15T20:00:00Z:2026-05-18T06:00:00Z,REGULAR_WEEKEND,LISTING_AFTER_30_DAYS,1,1,0.03486527024484794,0.004701232080764049,0.02342404409231844,2.8363636363636364,0.0031200000000000004,0.0024242424242424242,3756.4363636363637,6976.850909090909,768568.3104218182,97.416,1412.1090909090908
SYMBOL:CRCLUSDT,2026-05,W,,W:2026-05-22T20:00:00Z:2026-05-26T06:00:00Z,THREE_DAY_LONG_WEEKEND,LISTING_AFTER_30_DAYS,1,1,0.03342880976423094,0.0037610349408093956,0.006952965235173828,2.4683544303797467,0.0027151898734177216,0.0004219409282700422,5103.93670886076,8310.395569620254,950096.8227569622,103.96375,1551.5189873417721
SYMBOL:CRCLUSDT,2026-05,W,,W:2026-05-29T20:00:00Z:2026-06-01T06:00:00Z,REGULAR_WEEKEND,LISTING_AFTER_30_DAYS,1,1,0.02297777998881894,0.003098323221634473,0.004629629629629681,1.7636363636363637,0.00194,0.0069696969696969695,2961.4363636363637,5739.400181818182,645570.6050345454,119.5276,875.4181818181818
SYMBOL:CRCLUSDT,2026-03,O,,O:2026-03-02T21:00:00Z:2026-03-03T07:00:00Z,ORDINARY_WEEKDAY_OVERNIGHT,LISTING_DAYS_15_30,1,1,0.017045029296876252,0.006442415515620672,0.11022044088176321,7.0,0.0077,0.0,4883.857142857143,10200.641428571429,961721.2141142858,37.848000000000006,2439.285714285714
SYMBOL:CRCLUSDT,2026-03,O,,O:2026-03-03T21:00:00Z:2026-03-04T07:00:00Z,ORDINARY_WEEKDAY_OVERNIGHT,LISTING_DAYS_15_30,1,1,0.022584614990097875,0.008536182102848637,0.01060927553804172,7.285714285714286,0.008014285714285715,0.0,4799.714285714285,13309.652857142859,1308037.3874857144,105.19200000000001,2400.714285714286
SYMBOL:CRCLUSDT,2026-03,O,,O:2026-03-04T21:00:00Z:2026-03-05T07:00:00Z,ORDINARY_WEEKDAY_OVERNIGHT,LISTING_DAYS_15_30,1,1,0.015348528113648625,0.005801198339942511,0.0038809831824063857,5.142857142857143,0.005657142857142858,0.002380952380952381,3224.285714285714,9686.628571428571,1010187.9847285714,72.036,1683.2857142857142
SYMBOL:CRCLUSDT,2026-03,O,,O:2026-03-05T21:00:00Z:2026-03-06T07:00:00Z,ORDINARY_WEEKDAY_OVERNIGHT,LISTING_DAYS_15_30,1,1,0.015650971276275495,0.005915511110520021,0.05000000000000042,4.0,0.0044,0.007142857142857143,2934.1428571428573,7680.415714285714,816569.9620571429,60.1008,1642.2857142857142
SYMBOL:CRCLUSDT,2026-03,O,,O:2026-03-09T20:00:00Z:2026-03-10T06:00:00Z,ORDINARY_WEEKDAY_OVERNIGHT,LISTING_DAYS_15_30,1,1,0.022299125110622594,0.008428277071003295,0.06644790812141109,8.0,0.0088,0.0,7001.428571428572,11812.17,1347403.2981571427,29.069300000000002,4006.0
SYMBOL:CRCLUSDT,2026-03,O,,O:2026-03-10T20:00:00Z:2026-03-11T06:00:00Z,ORDINARY_WEEKDAY_OVERNIGHT,LISTING_DAYS_15_30,1,1,0.0165318536189982,0.006248453340970341,0.006047669868374262,4.142857142857143,0.004557142857142858,0.0,3186.714285714286,5754.5142857142855,683266.3746428571,99.76679999999999,1682.2857142857142
SYMBOL:CRCLUSDT,2026-03,O,,O:2026-03-11T20:00:00Z:2026-03-12T06:00:00Z,ORDINARY_WEEKDAY_OVERNIGHT,LISTING_DAYS_15_30,1,1,0.01949373071156377,0.007367937655379989,0.03979294726625662,6.571428571428571,0.007228571428571429,0.0,5131.857142857143,10809.057142857142,1206863.4819857143,93.3003,2590.1428571428573
SYMBOL:CRCLUSDT,2026-03,O,,O:2026-03-12T20:00:00Z:2026-03-13T06:00:00Z,ORDINARY_WEEKDAY_OVERNIGHT,LISTING_AFTER_30_DAYS,1,1,0.01685704120062199,0.006371362693887922,0.01073729420186155,5.142857142857143,0.005657142857142858,0.0,3730.285714285714,6640.524285714286,760467.9998,67.48419999999999,1953.857142857143
SYMBOL:CRCLUSDT,2026-03,O,,O:2026-03-16T20:00:00Z:2026-03-17T06:00:00Z,ORDINARY_WEEKDAY_OVERNIGHT,LISTING_AFTER_30_DAYS,1,1,0.020167590770196888,0.007622632817323221,0.013422818791946109,7.285714285714286,0.008014285714285715,0.0,5422.857142857143,13007.488571428572,1670465.2849714286,159.1989,2537.5714285714284
SYMBOL:CRCLUSDT,2026-03,O,,O:2026-03-17T20:00:00Z:2026-03-18T06:00:00Z,ORDINARY_WEEKDAY_OVERNIGHT,LISTING_AFTER_30_DAYS,1,1,0.015522870333174578,0.005867093505068897,0.04179663131628219,4.571428571428571,0.005028571428571428,0.0,5595.571428571428,16980.23,2268550.7240571426,190.0224,2240.4285714285716
SYMBOL:CRCLUSDT,2026-03,O,,O:2026-03-18T20:00:00Z:2026-03-19T06:00:00Z,ORDINARY_WEEKDAY_OVERNIGHT,LISTING_AFTER_30_DAYS,1,1,0.016811032104146775,0.006353972889985036,0.03315076390890788,7.0,0.0077,0.0,5088.0,16313.44,2180050.431657143,193.032,2191.285714285714
SYMBOL:CRCLUSDT,2026-03,O,,O:2026-03-19T20:00:00Z:2026-03-20T06:00:00Z,ORDINARY_WEEKDAY_OVERNIGHT,LISTING_AFTER_30_DAYS,1,1,0.0184238336356003,0.006963554570889341,0.02455546147332787,6.428571428571429,0.007071428571428572,0.0,5549.428571428572,16007.28,2056952.4780000001,157.03640000000001,2594.0
SYMBOL:CRCLUSDT,2026-03,O,,O:2026-03-23T20:00:00Z:2026-03-24T06:00:00Z,ORDINARY_WEEKDAY_OVERNIGHT,LISTING_AFTER_30_DAYS,1,1,0.017072996081401406,0.006452985966595485,0.05334626576139653,5.857142857142857,0.0064428571428571425,0.0,5155.285714285715,14497.481428571427,1804121.6485857144,185.76659999999998,2238.0
SYMBOL:CRCLUSDT,2026-03,O,,O:2026-03-24T20:00:00Z:2026-03-25T06:00:00Z,ORDINARY_WEEKDAY_OVERNIGHT,LISTING_AFTER_30_DAYS,1,1,0.028786855312781412,0.010880408597888299,0.11189427312775335,11.0,0.012100000000000001,0.0,14043.57142857143,45176.73857142857,4653454.0876,235.8659,4989.0
SYMBOL:CRCLUSDT,2026-03,O,,O:2026-03-25T20:00:00Z:2026-03-26T06:00:00Z,ORDINARY_WEEKDAY_OVERNIGHT,LISTING_AFTER_30_DAYS,1,1,0.01573565175113234,0.005947517321573459,0.06249999999999968,6.285714285714286,0.006914285714285715,0.0,4747.0,12857.211428571429,1333023.4976285715,229.6632,1829.2857142857142
SYMBOL:CRCLUSDT,2026-03,O,,O:2026-03-26T20:00:00Z:2026-03-27T06:00:00Z,ORDINARY_WEEKDAY_OVERNIGHT,LISTING_AFTER_30_DAYS,1,1,0.0201696614901397,0.007623415475895156,0.08034703885326294,6.0,0.0066,0.0,6573.142857142857,19690.634285714284,1938208.2796285714,300.339,2442.714285714286
SYMBOL:CRCLUSDT,2026-03,O,,O:2026-03-30T20:00:00Z:2026-03-31T06:00:00Z,ORDINARY_WEEKDAY_OVERNIGHT,LISTING_AFTER_30_DAYS,1,1,0.022594434667479568,0.00853989359203533,0.057731958762886386,5.142857142857143,0.005657142857142858,0.0,10132.57142857143,31561.50857142857,2877010.179414286,205.972,3311.0
SYMBOL:CRCLUSDT,2026-03,O,,O:2026-03-31T20:00:00Z:2026-04-01T06:00:00Z,ORDINARY_WEEKDAY_OVERNIGHT,LISTING_AFTER_30_DAYS,1,1,0.017297809972117432,0.006537957630325121,0.03427592116538163,5.0,0.0055000000000000005,0.0,5618.857142857143,18323.39857142857,1780910.7738285714,100.22415000000001,2072.285714285714
SYMBOL:CRCLUSDT,2026-04,O,,O:2026-04-01T20:00:00Z:2026-04-02T06:00:00Z,ORDINARY_WEEKDAY_OVERNIGHT,LISTING_AFTER_30_DAYS,1,1,0.025398753798919864,0.009599826594699854,0.08327825512227365,6.714285714285714,0.007385714285714286,0.0,10336.0,37232.56428571429,3332543.722857143,185.06,3489.8571428571427
SYMBOL:CRCLUSDT,2026-04,O,,O:2026-04-06T20:00:00Z:2026-04-07T06:00:00Z,ORDINARY_WEEKDAY_OVERNIGHT,LISTING_AFTER_30_DAYS,1,1,0.012126280032115778,0.004583303041900955,0.030927835051546497,3.5714285714285716,0.003928571428571429,0.0,3855.8571428571427,8254.105714285713,753848.5829857143,208.748,1161.2857142857142
SYMBOL:CRCLUSDT,2026-04,O,,O:2026-04-07T20:00:00Z:2026-04-08T06:00:00Z,ORDINARY_WEEKDAY_OVERNIGHT,LISTING_AFTER_30_DAYS,1,1,0.02182453574112282,0.00824889915006453,0.013412816691505158,6.0,0.0066,0.0,8687.142857142857,26432.332857142854,2613121.7170714284,98.98,3327.4285714285716
SYMBOL:CRCLUSDT,2026-04,O,,O:2026-04-08T20:00:00Z:2026-04-09T06:00:00Z,ORDINARY_WEEKDAY_OVERNIGHT,LISTING_AFTER_30_DAYS,1,1,0.013816815210183185,0.0052222652795827626,0.02010338885697849,2.7142857142857144,0.002985714285714286,0.002380952380952381,4911.142857142857,16754.79142857143,1563342.9516,199.305,1608.142857142857
SYMBOL:CRCLUSDT,2026-04,O,,O:2026-04-09T20:00:00Z:2026-04-10T06:00:00Z,ORDINARY_WEEKDAY_OVERNIGHT,LISTING_AFTER_30_DAYS,1,1,0.013549437206863565,0.005121205893463803,0.06434782608695654,4.571428571428571,0.005028571428571428,0.0,5965.857142857143,16401.36,1418768.2614285715,79.3408,2391.1428571428573
SYMBOL:CRCLUSDT,2026-04,O,,O:2026-04-13T20:00:00Z:2026-04-14T06:00:00Z,ORDINARY_WEEKDAY_OVERNIGHT,LISTING_AFTER_30_DAYS,1,1,0.015573660547783601,0.0058862904017676215,0.0004442470013329693,3.857142857142857,0.004242857142857143,0.002380952380952381,5694.571428571428,22339.255714285715,2247014.3008285714,133.9464,2100.1428571428573
SYMBOL:CRCLUSDT,2026-04,O,,O:2026-04-14T20:00:00Z:2026-04-15T06:00:00Z,ORDINARY_WEEKDAY_OVERNIGHT,LISTING_AFTER_30_DAYS,1,1,0.017454518832285753,0.006597188012074517,0.08688906128781995,5.285714285714286,0.0058142857142857145,0.0,5592.0,18345.248571428572,1949269.2921142858,188.9588,2044.5714285714287
SYMBOL:CRCLUSDT,2026-04,O,,O:2026-04-15T20:00:00Z:2026-04-16T06:00:00Z,ORDINARY_WEEKDAY_OVERNIGHT,LISTING_AFTER_30_DAYS,1,1,0.0112216457647386,0.0042413834277656515,0.027842227378190358,4.0,0.0044,0.004761904761904762,3343.8571428571427,11282.408571428572,1199750.183857143,212.94979999999998,1241.142857142857
SYMBOL:CRCLUSDT,2026-04,O,,O:2026-04-16T20:00:00Z:2026-04-17T06:00:00Z,ORDINARY_WEEKDAY_OVERNIGHT,LISTING_AFTER_30_DAYS,1,1,0.01254767590593524,0.00474257571127739,0.018867924528301775,4.0,0.0044,0.002380952380952381,3851.5714285714284,11705.83857142857,1241382.3662285714,306.7446,1413.2857142857142
SYMBOL:CRCLUSDT,2026-04,O,,O:2026-04-20T20:00:00Z:2026-04-21T06:00:00Z,ORDINARY_WEEKDAY_OVERNIGHT,LISTING_AFTER_30_DAYS,1,1,0.012062924119827748,0.004559356757900991,0.02684180468303852,3.4285714285714284,0.0037714285714285714,0.0,3166.285714285714,13521.261428571428,1420800.2236857142,216.609,1163.7142857142858
SYMBOL:CRCLUSDT,2026-04,O,,O:2026-04-21T20:00:00Z:2026-04-22T06:00:00Z,ORDINARY_WEEKDAY_OVERNIGHT,LISTING_AFTER_30_DAYS,1,1,0.016873668375085558,0.006377647175121676,0.10282776349614339,5.428571428571429,0.005971428571428572,0.0,6309.857142857143,20081.89285714286,1993515.1188142856,336.45959999999997,2074.5714285714284
SYMBOL:CRCLUSDT,2026-04,O,,O:2026-04-22T20:00:00Z:2026-04-23T06:00:00Z,ORDINARY_WEEKDAY_OVERNIGHT,LISTING_AFTER_30_DAYS,1,1,0.01647278791450982,0.006226128603100472,0.04416013206768493,5.857142857142857,0.0064428571428571425,0.0,5636.0,16172.00857142857,1664409.8204857144,210.494,2268.1428571428573
SYMBOL:CRCLUSDT,2026-04,O,,O:2026-04-23T20:00:00Z:2026-04-24T06:00:00Z,ORDINARY_WEEKDAY_OVERNIGHT,LISTING_AFTER_30_DAYS,1,1,0.012154203203379588,0.004593857008612427,0.0280474649406686,3.142857142857143,0.0034571428571428574,0.0,3893.285714285714,7252.125714285714,732455.0540428571,104.31200000000001,1688.857142857143
SYMBOL:CRCLUSDT,2026-04,O,,O:2026-04-27T20:00:00Z:2026-04-28T06:00:00Z,ORDINARY_WEEKDAY_OVERNIGHT,LISTING_AFTER_30_DAYS,1,1,0.012131912966143582,0.00458543209084227,0.07888349514563034,2.857142857142857,0.003142857142857143,0.002380952380952381,4126.857142857143,9705.59,922743.8217285714,236.525,1550.4285714285713
SYMBOL:CRCLUSDT,2026-04,O,,O:2026-04-28T20:00:00Z:2026-04-29T06:00:00Z,ORDINARY_WEEKDAY_OVERNIGHT,LISTING_AFTER_30_DAYS,1,1,0.009574981966193684,0.0036190030129252503,0.11185308848080198,2.4285714285714284,0.0026714285714285716,0.007142857142857143,2462.714285714286,6447.144285714286,607960.5333714286,267.159,1015.5714285714286
SYMBOL:CRCLUSDT,2026-04,O,,O:2026-04-29T20:00:00Z:2026-04-30T06:00:00Z,ORDINARY_WEEKDAY_OVERNIGHT,LISTING_AFTER_30_DAYS,1,1,0.016618480238986943,0.006281195125742956,0.06412005457025861,4.571428571428571,0.005028571428571428,0.0,4512.571428571428,12872.15,1231537.0941857141,271.3968,1801.5714285714287
SYMBOL:CRCLUSDT,2026-04,O,,O:2026-04-30T20:00:00Z:2026-05-01T06:00:00Z,ORDINARY_WEEKDAY_OVERNIGHT,LISTING_AFTER_30_DAYS,1,1,0.00617663247504853,0.0023345476384033963,0.057291666666665894,0.8571428571428571,0.0009428571428571429,0.002380952380952381,1967.142857142857,4867.715714285715,445848.76984285715,260.0963,798.2857142857143
SYMBOL:CRCLUSDT,2026-05,O,,O:2026-05-04T20:00:00Z:2026-05-05T06:00:00Z,ORDINARY_WEEKDAY_OVERNIGHT,LISTING_AFTER_30_DAYS,1,1,0.03262161718783615,0.012329812349109239,0.08188331627430903,10.142857142857142,0.011157142857142857,0.0,13385.857142857143,36989.56428571429,4659347.1341285715,149.7279,5511.857142857143
SYMBOL:CRCLUSDT,2026-05,O,,O:2026-05-05T20:00:00Z:2026-05-06T06:00:00Z,ORDINARY_WEEKDAY_OVERNIGHT,LISTING_AFTER_30_DAYS,1,1,0.017263361235411598,0.006524937231710266,0.011954992967651292,5.142857142857143,0.005657142857142858,0.0,5379.285714285715,9867.138571428572,1133571.7728571428,132.457,2195.4285714285716
SYMBOL:CRCLUSDT,2026-05,O,,O:2026-05-06T20:00:00Z:2026-05-07T06:00:00Z,ORDINARY_WEEKDAY_OVERNIGHT,LISTING_AFTER_30_DAYS,1,1,0.01576788790621792,0.005959701442942225,0.02220655622136094,5.857142857142857,0.0064428571428571425,0.0,5878.428571428572,10924.354285714286,1316240.5237,149.68124999999998,2417.4285714285716
SYMBOL:CRCLUSDT,2026-05,O,,O:2026-05-07T20:00:00Z:2026-05-08T06:00:00Z,ORDINARY_WEEKDAY_OVERNIGHT,LISTING_AFTER_30_DAYS,1,1,0.016576842165628186,0.006265457413288795,0.0434454098979979,4.714285714285714,0.0051857142857142866,0.0,5513.285714285715,10788.324285714287,1223265.4624142856,96.70875,2196.8571428571427
SYMBOL:CRCLUSDT,2026-05,O,,O:2026-05-11T20:00:00Z:2026-05-12T06:00:00Z,ORDINARY_WEEKDAY_OVERNIGHT,LISTING_AFTER_30_DAYS,1,1,0.031072406350101923,0.01174426569124484,0.008214285714285865,8.142857142857142,0.008957142857142858,0.0,15707.142857142857,47302.194285714286,6071283.927628571,200.2221,5738.714285714285
SYMBOL:CRCLUSDT,2026-05,O,,O:2026-05-12T20:00:00Z:2026-05-13T06:00:00Z,ORDINARY_WEEKDAY_OVERNIGHT,LISTING_AFTER_30_DAYS,1,1,0.016578765040368214,0.006266184191626572,0.022919937205651254,6.142857142857143,0.006757142857142858,0.0,9274.42857142857,19416.684285714287,2437898.7174714287,225.71785,3245.1428571428573
SYMBOL:CRCLUSDT,2026-05,O,,O:2026-05-13T20:00:00Z:2026-05-14T06:00:00Z,ORDINARY_WEEKDAY_OVERNIGHT,LISTING_AFTER_30_DAYS,1,1,0.01798582728709532,0.006798003732201961,0.0054021608643459625,5.142857142857143,0.005657142857142858,0.0,8411.714285714286,16736.59,2114135.659414286,192.615,2945.8571428571427
SYMBOL:CRCLUSDT,2026-05,O,,O:2026-05-14T20:00:00Z:2026-05-15T06:00:00Z,ORDINARY_WEEKDAY_OVERNIGHT,LISTING_AFTER_30_DAYS,1,1,0.025706242891642042,0.009716046547586678,0.13826222917131983,9.0,0.0099,0.0,13081.285714285714,26461.2,3191100.703242857,217.6282,4463.428571428572
SYMBOL:CRCLUSDT,2026-05,O,,O:2026-05-18T20:00:00Z:2026-05-19T06:00:00Z,ORDINARY_WEEKDAY_OVERNIGHT,LISTING_AFTER_30_DAYS,1,1,0.01811924017526051,0.006848429064169956,0.08972691807542328,5.857142857142857,0.0064428571428571425,0.0,8369.142857142857,20300.402857142857,2257994.005657143,199.4356,2730.285714285714
SYMBOL:CRCLUSDT,2026-05,O,,O:2026-05-19T20:00:00Z:2026-05-20T06:00:00Z,ORDINARY_WEEKDAY_OVERNIGHT,LISTING_AFTER_30_DAYS,1,1,0.01578949471256803,0.005967868048117755,0.05200000000000003,6.142857142857143,0.006757142857142858,0.0,5877.142857142857,9569.462857142858,1064282.7892428571,114.1961,2076.714285714286
SYMBOL:CRCLUSDT,2026-05,O,,O:2026-05-20T20:00:00Z:2026-05-21T06:00:00Z,ORDINARY_WEEKDAY_OVERNIGHT,LISTING_AFTER_30_DAYS,1,1,0.011822334117914342,0.004468422284616501,0.07263790278536292,3.142857142857143,0.0034571428571428574,0.0,4491.857142857143,11255.320000000002,1261343.8565,181.0606,1432.7142857142858
SYMBOL:CRCLUSDT,2026-05,O,,O:2026-05-21T20:00:00Z:2026-05-22T06:00:00Z,ORDINARY_WEEKDAY_OVERNIGHT,LISTING_AFTER_30_DAYS,1,1,0.011256493953807178,0.004254554805182283,0.04008551576696964,3.2857142857142856,0.0036142857142857144,0.0,5764.857142857143,12785.432857142858,1482441.5883571429,116.71285,1696.5714285714287
SYMBOL:CRCLUSDT,2026-05,O,,O:2026-05-26T20:00:00Z:2026-05-27T06:00:00Z,ORDINARY_WEEKDAY_OVERNIGHT,LISTING_AFTER_30_DAYS,1,1,0.013963679439693854,0.0052777747406936686,0.0014091122592760318,4.571428571428571,0.005028571428571428,0.0,10857.857142857143,24043.425714285717,2491126.5911571425,51.58,4379.571428571428
SYMBOL:CRCLUSDT,2026-05,O,,O:2026-05-27T20:00:00Z:2026-05-28T06:00:00Z,ORDINARY_WEEKDAY_OVERNIGHT,LISTING_AFTER_30_DAYS,1,1,0.018881813373538486,0.007136654641188052,0.07571214392803577,6.0,0.0066,0.0,10970.57142857143,33997.43571428571,3418182.8102428573,241.8528,2874.714285714286
SYMBOL:CRCLUSDT,2026-05,O,,O:2026-05-28T20:00:00Z:2026-05-29T06:00:00Z,ORDINARY_WEEKDAY_OVERNIGHT,LISTING_AFTER_30_DAYS,1,1,0.012454663412409668,0.004707420293178724,0.0682056663168937,3.7142857142857144,0.004085714285714286,0.0,5887.571428571428,15681.168571428572,1698374.5416428572,187.6877,1758.0
SYMBOL:HOODUSDT,2026-03,W,,W:2026-03-06T21:00:00Z:2026-03-09T06:00:00Z,REGULAR_WEEKEND,LISTING_AFTER_30_DAYS,1,1,0.03463192396874831,0.004712807918571994,0.013557870700728015,2.5925925925925926,0.002851851851851852,0.22962962962962963,1120.9074074074074,2268.2074074074076,170427.84568333332,59.06040000000001,575.6851851851852
SYMBOL:HOODUSDT,2026-03,W,,W:2026-03-13T20:00:00Z:2026-03-16T06:00:00Z,REGULAR_WEEKEND,LISTING_AFTER_30_DAYS,1,1,0.019491057273753547,0.0026281736266455633,0.04757110495846947,1.1090909090909091,0.0012200000000000002,0.1503030303030303,728.4727272727273,1516.6947272727273,112130.39177999999,36.68,361.3818181818182
SYMBOL:HOODUSDT,2026-03,W,,W:2026-03-20T20:00:00Z:2026-03-23T06:00:00Z,REGULAR_WEEKEND,LISTING_AFTER_30_DAYS,1,1,0.025520607028382644,0.0034411979497028056,0.03923409048244811,1.7272727272727273,0.0019000000000000002,0.22,810.8545454545455,2430.452,171552.14844545454,169.82399999999998,360.43636363636364
SYMBOL:HOODUSDT,2026-03,W,,W:2026-03-27T20:00:00Z:2026-03-30T06:00:00Z,REGULAR_WEEKEND,LISTING_AFTER_30_DAYS,1,1,0.021209229945317546,0.002859851982416873,0.02340182648401815,1.0,0.0011,0.36303030303030304,438.1090909090909,1686.6652727272726,110597.81234,195.06960000000004,192.27272727272728
SYMBOL:HOODUSDT,2026-04,W,,W:2026-04-02T20:00:00Z:2026-04-06T06:00:00Z,THREE_DAY_LONG_WEEKEND,LISTING_AFTER_30_DAYS,1,1,0.022227040223377948,0.0025007374028718594,0.016514558887440488,0.6708860759493671,0.0007379746835443039,0.289873417721519,519.9367088607595,2263.9367088607596,156701.28026835443,138.18,244.0632911392405
SYMBOL:HOODUSDT,2026-04,W,,W:2026-04-10T20:00:00Z:2026-04-13T06:00:00Z,REGULAR_WEEKEND,LISTING_AFTER_30_DAYS,1,1,0.029246612366455385,0.003943612406995995,0.03324435816549366,1.0909090909090908,0.0012,0.11848484848484848,1001.3090909090909,3394.5452727272727,232942.71098545456,111.15715,498.94545454545454
SYMBOL:HOODUSDT,2026-04,W,,W:2026-04-17T20:00:00Z:2026-04-20T06:00:00Z,REGULAR_WEEKEND,LISTING_AFTER_30_DAYS,1,1,0.03812489503687472,0.005140759798057295,0.03173029251363432,2.0,0.0022,0.04666666666666667,1423.1090909090908,3669.0465454545456,328765.93704363634,33.2889,837.2
SYMBOL:HOODUSDT,2026-04,W,,W:2026-04-24T20:00:00Z:2026-04-27T06:00:00Z,REGULAR_WEEKEND,LISTING_AFTER_30_DAYS,1,1,0.016989369425397104,0.002290846105987987,0.004524886877827889,0.7090909090909091,0.0007800000000000001,0.19424242424242424,523.7818181818182,1096.0214545454546,93282.85660545455,24.5717,282.09090909090907
SYMBOL:HOODUSDT,2026-05,W,,W:2026-05-01T20:00:00Z:2026-05-04T06:00:00Z,REGULAR_WEEKEND,LISTING_AFTER_30_DAYS,1,1,0.021651526549105467,0.002919491244305228,0.051449953227314,0.7272727272727273,0.0008,0.15,961.5272727272727,1304.1614545454547,96933.66486181818,20.009700000000002,482.5090909090909
SYMBOL:HOODUSDT,2026-05,W,,W:2026-05-08T20:00:00Z:2026-05-11T06:00:00Z,REGULAR_WEEKEND,LISTING_AFTER_30_DAYS,1,1,0.019131492733224488,0.002579689953891293,0.008760402978537214,0.9818181818181818,0.00108,0.12787878787878787,865.0545454545454,1204.7752727272727,93146.14956,21.613200000000003,400.0
SYMBOL:HOODUSDT,2026-05,W,,W:2026-05-15T20:00:00Z:2026-05-18T06:00:00Z,REGULAR_WEEKEND,LISTING_AFTER_30_DAYS,1,1,0.020623726454349067,0.0027809027078003336,0.02751913925098281,1.1272727272727272,0.00124,0.18818181818181817,899.6909090909091,1094.8285454545455,83368.43394363637,29.214399999999998,366.41818181818184
SYMBOL:HOODUSDT,2026-05,W,,W:2026-05-22T20:00:00Z:2026-05-26T06:00:00Z,THREE_DAY_LONG_WEEKEND,LISTING_AFTER_30_DAYS,1,1,0.026054502269633305,0.002931360526821406,0.013648293963254704,1.5696202531645569,0.0017265822784810127,0.09556962025316455,1020.8101265822785,1053.8508860759493,78842.62852278481,28.652,423.9873417721519
SYMBOL:HOODUSDT,2026-05,W,,W:2026-05-29T20:00:00Z:2026-06-01T06:00:00Z,REGULAR_WEEKEND,LISTING_AFTER_30_DAYS,1,1,0.03426667799401701,0.004620517918127695,0.01254299008699168,2.672727272727273,0.0029400000000000003,0.02,2136.7090909090907,2157.4352727272726,205697.35793454546,44.7064,826.0181818181818
SYMBOL:HOODUSDT,2026-03,O,,O:2026-03-02T21:00:00Z:2026-03-03T07:00:00Z,ORDINARY_WEEKDAY_OVERNIGHT,LISTING_DAYS_15_30,1,1,0.014832780008395384,0.005606263879134962,0.12029611351017934,3.4285714285714284,0.0037714285714285714,0.06666666666666667,966.4285714285714,3884.207142857143,300524.25267142855,399.86519999999996,507.2857142857143
SYMBOL:HOODUSDT,2026-03,O,,O:2026-03-03T21:00:00Z:2026-03-04T07:00:00Z,ORDINARY_WEEKDAY_OVERNIGHT,LISTING_DAYS_15_30,1,1,0.0176286901718334,0.006663018590639954,0.05913134484562993,5.857142857142857,0.0064428571428571425,0.06428571428571428,1350.142857142857,5966.7814285714285,447460.82542857144,453.92985,603.7142857142857
SYMBOL:HOODUSDT,2026-03,O,,O:2026-03-04T21:00:00Z:2026-03-05T07:00:00Z,ORDINARY_WEEKDAY_OVERNIGHT,LISTING_DAYS_15_30,1,1,0.01679287844751195,0.006347111452721863,0.02186878727634186,6.571428571428571,0.007228571428571429,0.030952380952380953,2316.5714285714284,5689.0,471880.4838142857,105.5124,1028.7142857142858
SYMBOL:HOODUSDT,2026-03,O,,O:2026-03-05T21:00:00Z:2026-03-06T07:00:00Z,ORDINARY_WEEKDAY_OVERNIGHT,LISTING_AFTER_30_DAYS,1,1,0.010867318146155965,0.004107460176135451,0.039068994181214275,3.5714285714285716,0.003928571428571429,0.10476190476190476,1186.142857142857,3359.274285714286,272220.06784285716,160.7364,481.85714285714283
SYMBOL:HOODUSDT,2026-03,O,,O:2026-03-09T20:00:00Z:2026-03-10T06:00:00Z,ORDINARY_WEEKDAY_OVERNIGHT,LISTING_AFTER_30_DAYS,1,1,0.013197063897276701,0.004988021301203287,0.08651911468812896,3.4285714285714284,0.0037714285714285714,0.0,2084.1428571428573,4795.751428571429,382213.3294285714,64.5327,962.4285714285714
SYMBOL:HOODUSDT,2026-03,O,,O:2026-03-10T20:00:00Z:2026-03-11T06:00:00Z,ORDINARY_WEEKDAY_OVERNIGHT,LISTING_AFTER_30_DAYS,1,1,0.009278724359149922,0.00350702816260398,0.018428709990301554,1.8571428571428572,0.002042857142857143,0.07142857142857142,1178.142857142857,3093.7785714285715,244386.6732857143,157.0309,467.85714285714283
SYMBOL:HOODUSDT,2026-03,O,,O:2026-03-11T20:00:00Z:2026-03-12T06:00:00Z,ORDINARY_WEEKDAY_OVERNIGHT,LISTING_AFTER_30_DAYS,1,1,0.011097408997343376,0.004194426343448745,0.05238467552775559,4.0,0.0044,0.004761904761904762,1741.5714285714287,3987.8771428571426,308981.50061428576,38.89,789.4285714285714
SYMBOL:HOODUSDT,2026-03,O,,O:2026-03-12T20:00:00Z:2026-03-13T06:00:00Z,ORDINARY_WEEKDAY_OVERNIGHT,LISTING_AFTER_30_DAYS,1,1,0.011535610478192815,0.004360050935229867,0.09682804674457654,2.7142857142857144,0.002985714285714286,0.04523809523809524,1279.5714285714287,2816.464285714286,215174.03497142857,105.8874,557.8571428571429
SYMBOL:HOODUSDT,2026-03,O,,O:2026-03-16T20:00:00Z:2026-03-17T06:00:00Z,ORDINARY_WEEKDAY_OVERNIGHT,LISTING_AFTER_30_DAYS,1,1,0.011125081515801438,0.004204885572304585,0.033135089209856104,2.857142857142857,0.003142857142857143,0.02619047619047619,1505.857142857143,5039.742857142856,382038.9656285714,205.9312,596.7142857142857
SYMBOL:HOODUSDT,2026-03,O,,O:2026-03-17T20:00:00Z:2026-03-18T06:00:00Z,ORDINARY_WEEKDAY_OVERNIGHT,LISTING_AFTER_30_DAYS,1,1,0.006987067597329241,0.0026408633223043943,0.09390862944162326,1.1428571428571428,0.001257142857142857,0.09285714285714286,988.5714285714286,3693.13,286425.3918142857,275.45815,361.14285714285717
SYMBOL:HOODUSDT,2026-03,O,,O:2026-03-18T20:00:00Z:2026-03-19T06:00:00Z,ORDINARY_WEEKDAY_OVERNIGHT,LISTING_AFTER_30_DAYS,1,1,0.008883732429329974,0.0033577352460066857,0.02454642475987238,2.4285714285714284,0.0026714285714285716,0.05,1371.4285714285713,4633.632857142858,347279.63915714284,405.64180000000005,466.14285714285717
SYMBOL:HOODUSDT,2026-03,O,,O:2026-03-19T20:00:00Z:2026-03-20T06:00:00Z,ORDINARY_WEEKDAY_OVERNIGHT,LISTING_AFTER_30_DAYS,1,1,0.006622610946559044,0.0025031116563613283,0.007299270072992065,2.0,0.0022,0.11904761904761904,899.8571428571429,2868.662857142857,213537.3858142857,304.343,290.42857142857144
SYMBOL:HOODUSDT,2026-03,O,,O:2026-03-23T20:00:00Z:2026-03-24T06:00:00Z,ORDINARY_WEEKDAY_OVERNIGHT,LISTING_AFTER_30_DAYS,1,1,0.013200990692449387,0.004989505490271346,0.08479755538579126,4.142857142857143,0.004557142857142858,0.11428571428571428,924.4285714285714,3920.46,282504.96707142855,192.1936,414.85714285714283
SYMBOL:HOODUSDT,2026-03,O,,O:2026-03-24T20:00:00Z:2026-03-25T06:00:00Z,ORDINARY_WEEKDAY_OVERNIGHT,LISTING_AFTER_30_DAYS,1,1,0.012342882483139505,0.004665171073154646,0.06427990235964232,3.5714285714285716,0.003928571428571429,0.12142857142857143,975.1428571428571,5839.212857142857,415278.7150571429,266.3505,378.7142857142857
SYMBOL:HOODUSDT,2026-03,O,,O:2026-03-25T20:00:00Z:2026-03-26T06:00:00Z,ORDINARY_WEEKDAY_OVERNIGHT,LISTING_AFTER_30_DAYS,1,1,0.012478471116041124,0.004716418759335347,0.04582651391161974,3.7142857142857144,0.004085714285714286,0.20714285714285716,551.8571428571429,3473.1699999999996,251718.8325,266.73560000000003,227.57142857142858
SYMBOL:HOODUSDT,2026-03,O,,O:2026-03-26T20:00:00Z:2026-03-27T06:00:00Z,ORDINARY_WEEKDAY_OVERNIGHT,LISTING_AFTER_30_DAYS,1,1,0.008978019307293195,0.0033933723361477394,0.05839416058393855,2.7142857142857144,0.002985714285714286,0.25952380952380955,571.0,3233.922857142857,228830.45204285716,356.4288,201.28571428571428
SYMBOL:HOODUSDT,2026-03,O,,O:2026-03-30T20:00:00Z:2026-03-31T06:00:00Z,ORDINARY_WEEKDAY_OVERNIGHT,LISTING_AFTER_30_DAYS,1,1,0.01804361860277764,0.00681984679637834,0.07385229540918138,4.571428571428571,0.005028571428571428,0.009523809523809525,2298.1428571428573,9809.44,645144.1349857143,204.5851,871.7142857142857
SYMBOL:HOODUSDT,2026-03,O,,O:2026-03-31T20:00:00Z:2026-04-01T06:00:00Z,ORDINARY_WEEKDAY_OVERNIGHT,LISTING_AFTER_30_DAYS,1,1,0.010932306768564179,0.0041320235665555675,0.05594405594405635,2.857142857142857,0.003142857142857143,0.03571428571428571,1422.5714285714287,6639.5028571428575,464848.1954857143,156.3676,608.4285714285714
SYMBOL:HOODUSDT,2026-04,O,,O:2026-04-01T20:00:00Z:2026-04-02T06:00:00Z,ORDINARY_WEEKDAY_OVERNIGHT,LISTING_AFTER_30_DAYS,1,1,0.02090355874745207,0.007900802565998144,0.14823261117445694,4.285714285714286,0.004714285714285714,0.016666666666666666,2202.8571428571427,11323.972857142857,776306.1548857143,229.9414,898.7142857142857
SYMBOL:HOODUSDT,2026-04,O,,O:2026-04-06T20:00:00Z:2026-04-07T06:00:00Z,ORDINARY_WEEKDAY_OVERNIGHT,LISTING_AFTER_30_DAYS,1,1,0.009679675526603666,0.0036585734593130685,0.05574516496018239,2.142857142857143,0.002357142857142857,0.05,1331.142857142857,4298.9457142857145,297934.89942857146,165.41,527.8571428571429
SYMBOL:HOODUSDT,2026-04,O,,O:2026-04-07T20:00:00Z:2026-04-08T06:00:00Z,ORDINARY_WEEKDAY_OVERNIGHT,LISTING_AFTER_30_DAYS,1,1,0.018604382055322544,0.007031795459202309,0.060074428495480336,5.571428571428571,0.0061285714285714285,0.004761904761904762,3670.4285714285716,18291.817142857144,1365994.8610428572,199.8697,1695.4285714285713
SYMBOL:HOODUSDT,2026-04,O,,O:2026-04-08T20:00:00Z:2026-04-09T06:00:00Z,ORDINARY_WEEKDAY_OVERNIGHT,LISTING_AFTER_30_DAYS,1,1,0.007865583741299646,0.002972911213690267,0.02690058479532256,3.2857142857142856,0.0036142857142857144,0.030952380952380953,948.8571428571429,3620.5128571428572,258899.82710000002,191.45275,414.85714285714283
SYMBOL:HOODUSDT,2026-04,O,,O:2026-04-09T20:00:00Z:2026-04-10T06:00:00Z,ORDINARY_WEEKDAY_OVERNIGHT,LISTING_AFTER_30_DAYS,1,1,0.00772359240769398,0.0029192435341121236,0.017082785808146293,1.7142857142857142,0.0018857142857142857,0.0880952380952381,913.5714285714286,3540.6042857142857,249464.95231428574,194.4972,364.14285714285717
SYMBOL:HOODUSDT,2026-04,O,,O:2026-04-13T20:00:00Z:2026-04-14T06:00:00Z,ORDINARY_WEEKDAY_OVERNIGHT,LISTING_AFTER_30_DAYS,1,1,0.006807812461573798,0.0025731112493843906,0.03703703703703687,1.1428571428571428,0.001257142857142857,0.08333333333333333,844.8571428571429,3472.8185714285714,253066.80204285713,154.07774999999998,313.7142857142857
SYMBOL:HOODUSDT,2026-04,O,,O:2026-04-14T20:00:00Z:2026-04-15T06:00:00Z,ORDINARY_WEEKDAY_OVERNIGHT,LISTING_AFTER_30_DAYS,1,1,0.021425798022242874,0.00809819045827917,0.043646195442255356,6.857142857142857,0.007542857142857143,0.0,3844.8571428571427,17943.75857142857,1490214.9376142859,199.4034,1558.2857142857142
SYMBOL:HOODUSDT,2026-04,O,,O:2026-04-15T20:00:00Z:2026-04-16T06:00:00Z,ORDINARY_WEEKDAY_OVERNIGHT,LISTING_AFTER_30_DAYS,1,1,0.022266380753393846,0.008415900867279304,0.05214851898206091,6.142857142857143,0.006757142857142858,0.0,3006.285714285714,9098.497142857143,814901.8756285714,73.9198,1453.4285714285713
SYMBOL:HOODUSDT,2026-04,O,,O:2026-04-16T20:00:00Z:2026-04-17T06:00:00Z,ORDINARY_WEEKDAY_OVERNIGHT,LISTING_AFTER_30_DAYS,1,1,0.008754219093906147,0.0033087838064355516,0.02422145328719715,2.0,0.0022,0.01904761904761905,1102.857142857143,4212.257142857143,362047.56904285715,136.11700000000002,460.14285714285717
SYMBOL:HOODUSDT,2026-04,O,,O:2026-04-20T20:00:00Z:2026-04-21T06:00:00Z,ORDINARY_WEEKDAY_OVERNIGHT,LISTING_AFTER_30_DAYS,1,1,0.007138298590942961,0.0026980232651082655,0.05652173913043433,1.7142857142857142,0.0018857142857142857,0.014285714285714285,806.2857142857143,2984.9657142857145,273095.44274285715,43.9488,399.85714285714283
SYMBOL:HOODUSDT,2026-04,O,,O:2026-04-21T20:00:00Z:2026-04-22T06:00:00Z,ORDINARY_WEEKDAY_OVERNIGHT,LISTING_AFTER_30_DAYS,1,1,0.008951109183408327,0.0033832012653549825,0.10761589403973489,2.142857142857143,0.002357142857142857,0.004761904761904762,1460.7142857142858,6368.591428571429,568105.6475571429,112.2156,625.7142857142857
SYMBOL:HOODUSDT,2026-04,O,,O:2026-04-22T20:00:00Z:2026-04-23T06:00:00Z,ORDINARY_WEEKDAY_OVERNIGHT,LISTING_AFTER_30_DAYS,1,1,0.014177828852611984,0.005358715610692506,0.04889975550122215,3.142857142857143,0.0034571428571428574,0.002380952380952381,1673.5714285714287,7731.594285714286,671157.7267857144,61.095499999999994,785.2857142857143
SYMBOL:HOODUSDT,2026-04,O,,O:2026-04-23T20:00:00Z:2026-04-24T06:00:00Z,ORDINARY_WEEKDAY_OVERNIGHT,LISTING_AFTER_30_DAYS,1,1,0.009451192663561436,0.0035722150543916727,0.008680555555555075,3.0,0.0033,0.011904761904761904,1303.5714285714287,2944.9714285714285,249081.06,31.412999999999997,608.2857142857143
SYMBOL:HOODUSDT,2026-04,O,,O:2026-04-27T20:00:00Z:2026-04-28T06:00:00Z,ORDINARY_WEEKDAY_OVERNIGHT,LISTING_AFTER_30_DAYS,1,1,0.008261952197827327,0.003122724408479232,0.05809128630705373,2.0,0.0022,0.05952380952380952,639.8571428571429,849.9042857142857,71479.02998571428,19.2303,372.7142857142857
SYMBOL:HOODUSDT,2026-04,O,,O:2026-04-28T20:00:00Z:2026-04-29T06:00:00Z,ORDINARY_WEEKDAY_OVERNIGHT,LISTING_AFTER_30_DAYS,1,1,0.011432958328920256,0.004321252069726799,0.0398671096345519,4.0,0.0044,0.0,2715.285714285714,6879.127142857143,513836.7771142857,79.3516,1037.857142857143
SYMBOL:HOODUSDT,2026-04,O,,O:2026-04-29T20:00:00Z:2026-04-30T06:00:00Z,ORDINARY_WEEKDAY_OVERNIGHT,LISTING_AFTER_30_DAYS,1,1,0.009160509460664573,0.003462347130796126,0.08577405857740232,2.2857142857142856,0.002514285714285714,0.0,2200.714285714286,4325.2128571428575,308946.5953285714,48.885200000000005,755.5714285714286
SYMBOL:HOODUSDT,2026-04,O,,O:2026-04-30T20:00:00Z:2026-05-01T06:00:00Z,ORDINARY_WEEKDAY_OVERNIGHT,LISTING_AFTER_30_DAYS,1,1,0.006510629179189288,0.002460786526670777,0.09810126582278564,1.5714285714285714,0.0017285714285714287,0.06904761904761905,1117.4285714285713,1691.8242857142857,124354.76388571427,35.380799999999994,355.85714285714283
SYMBOL:HOODUSDT,2026-05,O,,O:2026-05-04T20:00:00Z:2026-05-05T06:00:00Z,ORDINARY_WEEKDAY_OVERNIGHT,LISTING_AFTER_30_DAYS,1,1,0.008363095069478278,0.003160952820661424,0.1145218417945701,1.8571428571428572,0.002042857142857143,0.014285714285714285,968.4285714285714,1433.24,110703.58882857142,20.710350000000002,455.42857142857144
SYMBOL:HOODUSDT,2026-05,O,,O:2026-05-05T20:00:00Z:2026-05-06T06:00:00Z,ORDINARY_WEEKDAY_OVERNIGHT,LISTING_AFTER_30_DAYS,1,1,0.013589568820971325,0.0051363742178410525,0.008849557522123337,3.4285714285714284,0.0037714285714285714,0.009523809523809525,1890.5714285714287,2904.808571428571,223700.56097142858,50.05650000000001,669.0
SYMBOL:HOODUSDT,2026-05,O,,O:2026-05-06T20:00:00Z:2026-05-07T06:00:00Z,ORDINARY_WEEKDAY_OVERNIGHT,LISTING_AFTER_30_DAYS,1,1,0.0067708613202027736,0.002559145030709002,0.08421052631578428,1.4285714285714286,0.0015714285714285715,0.02142857142857143,971.4285714285714,785.3771428571429,61738.83904285714,15.65,519.2857142857143
SYMBOL:HOODUSDT,2026-05,O,,O:2026-05-07T20:00:00Z:2026-05-08T06:00:00Z,ORDINARY_WEEKDAY_OVERNIGHT,LISTING_AFTER_30_DAYS,1,1,0.007210193308725001,0.0027251969142269013,0.05535055350553573,2.0,0.0022,0.03571428571428571,841.0,613.29,46617.907685714286,16.723300000000002,389.42857142857144
SYMBOL:HOODUSDT,2026-05,O,,O:2026-05-11T20:00:00Z:2026-05-12T06:00:00Z,ORDINARY_WEEKDAY_OVERNIGHT,LISTING_AFTER_30_DAYS,1,1,0.01101273306069823,0.0041624218476781,0.10204081632653077,2.0,0.0022,0.0,1939.857142857143,2485.12,198198.34974285713,29.8368,739.4285714285714
SYMBOL:HOODUSDT,2026-05,O,,O:2026-05-12T20:00:00Z:2026-05-13T06:00:00Z,ORDINARY_WEEKDAY_OVERNIGHT,LISTING_AFTER_30_DAYS,1,1,0.009149499180934868,0.0034581856362204035,0.0672451193058559,1.1428571428571428,0.001257142857142857,0.023809523809523808,1470.857142857143,1760.4971428571428,137600.88445714285,49.410900000000005,574.4285714285714
SYMBOL:HOODUSDT,2026-05,O,,O:2026-05-13T20:00:00Z:2026-05-14T06:00:00Z,ORDINARY_WEEKDAY_OVERNIGHT,LISTING_AFTER_30_DAYS,1,1,0.007859298493901124,0.0029705356134695515,0.028776978417266973,1.7142857142857142,0.0018857142857142857,0.011904761904761904,1369.5714285714287,2981.3857142857146,228788.94097142856,36.796800000000005,549.1428571428571
SYMBOL:HOODUSDT,2026-05,O,,O:2026-05-14T20:00:00Z:2026-05-15T06:00:00Z,ORDINARY_WEEKDAY_OVERNIGHT,LISTING_AFTER_30_DAYS,1,1,0.012548686886687397,0.0047429578260846025,0.20115356885364155,2.5714285714285716,0.002828571428571429,0.002380952380952381,2496.285714285714,3516.9742857142855,279593.87314285716,49.0745,883.8571428571429
SYMBOL:HOODUSDT,2026-05,O,,O:2026-05-18T20:00:00Z:2026-05-19T06:00:00Z,ORDINARY_WEEKDAY_OVERNIGHT,LISTING_AFTER_30_DAYS,1,1,0.010449395140471895,0.003949500127533639,0.01367365542388256,2.2857142857142856,0.002514285714285714,0.014285714285714285,1525.7142857142858,1786.2757142857142,137937.16632857142,43.176,584.5714285714286
SYMBOL:HOODUSDT,2026-05,O,,O:2026-05-19T20:00:00Z:2026-05-20T06:00:00Z,ORDINARY_WEEKDAY_OVERNIGHT,LISTING_AFTER_30_DAYS,1,1,0.010471448889424709,0.003957835661134467,0.027592768791627677,2.7142857142857144,0.002985714285714286,0.023809523809523808,1151.0,908.0642857142857,67398.95287142857,25.211000000000002,501.42857142857144
SYMBOL:HOODUSDT,2026-05,O,,O:2026-05-20T20:00:00Z:2026-05-21T06:00:00Z,ORDINARY_WEEKDAY_OVERNIGHT,LISTING_AFTER_30_DAYS,1,1,0.007039308845249563,0.002660608658043943,0.09562841530054562,1.4285714285714286,0.0015714285714285715,0.06428571428571428,950.4285714285714,1480.2314285714288,112221.36121428572,48.576,355.42857142857144
SYMBOL:HOODUSDT,2026-05,O,,O:2026-05-21T20:00:00Z:2026-05-22T06:00:00Z,ORDINARY_WEEKDAY_OVERNIGHT,LISTING_AFTER_30_DAYS,1,1,0.0058460460361856965,0.0022095977092546084,0.035058430717863256,1.1428571428571428,0.001257142857142857,0.06904761904761905,669.0,676.0414285714286,51591.34167142857,25.914800000000003,276.85714285714283
SYMBOL:HOODUSDT,2026-05,O,,O:2026-05-26T20:00:00Z:2026-05-27T06:00:00Z,ORDINARY_WEEKDAY_OVERNIGHT,LISTING_AFTER_30_DAYS,1,1,0.005139283918070485,0.0019424667377383072,0.02103250478011437,0.7142857142857143,0.0007857142857142857,0.1380952380952381,508.42857142857144,448.4157142857143,33141.66167142857,28.423650000000002,220.0
SYMBOL:HOODUSDT,2026-05,O,,O:2026-05-27T20:00:00Z:2026-05-28T06:00:00Z,ORDINARY_WEEKDAY_OVERNIGHT,LISTING_AFTER_30_DAYS,1,1,0.008715929104756878,0.0032943115508652187,0.10301768990634896,1.5714285714285714,0.0017285714285714287,0.004761904761904762,1611.4285714285713,2469.25,186484.86157142857,32.207,586.2857142857143
SYMBOL:HOODUSDT,2026-05,O,,O:2026-05-28T20:00:00Z:2026-05-29T06:00:00Z,ORDINARY_WEEKDAY_OVERNIGHT,LISTING_AFTER_30_DAYS,1,1,0.012011773652303612,0.004540023698399055,0.051574012056262726,3.4285714285714284,0.0037714285714285714,0.004761904761904762,2743.5714285714284,3759.6,320049.52538571425,51.911,954.0
SYMBOL:INTCUSDT,2026-03,W,,W:2026-03-06T21:00:00Z:2026-03-09T06:00:00Z,REGULAR_WEEKEND,LISTING_AFTER_30_DAYS,1,1,0.02933122170918097,0.003991473706663225,0.02850539291217274,1.7222222222222223,0.0018944444444444447,0.44814814814814813,604.9074074074074,2013.3366666666668,85539.8199462963,60.349999999999994,252.59259259259258
SYMBOL:INTCUSDT,2026-03,W,,W:2026-03-13T20:00:00Z:2026-03-16T06:00:00Z,REGULAR_WEEKEND,LISTING_AFTER_30_DAYS,1,1,0.0193494056455683,0.002609073324997526,0.04927824788452043,1.0363636363636364,0.0011400000000000002,0.4796969696969697,401.1272727272727,1497.1478181818184,69070.45551818181,140.115,157.8181818181818
SYMBOL:INTCUSDT,2026-03,W,,W:2026-03-20T20:00:00Z:2026-03-23T06:00:00Z,REGULAR_WEEKEND,LISTING_AFTER_30_DAYS,1,1,0.02362618293155562,0.0031857538565972397,0.04758308157099719,1.1454545454545455,0.00126,0.31363636363636366,663.3272727272728,3047.2063636363637,133464.55626,36.0964,288.5272727272727
SYMBOL:INTCUSDT,2026-03,W,,W:2026-03-27T20:00:00Z:2026-03-30T06:00:00Z,REGULAR_WEEKEND,LISTING_AFTER_30_DAYS,1,1,0.020048343793015115,0.002703318125573317,0.014783023366714193,0.8727272727272727,0.00096,0.3793939393939394,359.07272727272726,2352.6576363636364,101243.1706309091,129.39000000000001,153.96363636363637
SYMBOL:INTCUSDT,2026-04,W,,W:2026-04-02T20:00:00Z:2026-04-06T06:00:00Z,THREE_DAY_LONG_WEEKEND,LISTING_AFTER_30_DAYS,1,1,0.020008292876524614,0.0022511088233562195,0.010101010101010183,0.7088607594936709,0.000779746835443038,0.3827004219409283,423.59493670886076,2147.853670886076,108106.2037493671,148.91580000000002,175.48101265822785
SYMBOL:INTCUSDT,2026-04,W,,W:2026-04-10T20:00:00Z:2026-04-13T06:00:00Z,REGULAR_WEEKEND,LISTING_AFTER_30_DAYS,1,1,0.03228519990761682,0.004353335467462708,0.016722408026755804,1.290909090909091,0.0014200000000000003,0.1593939393939394,1120.8909090909092,5149.992181818182,318497.9364381818,129.04825,499.6
SYMBOL:INTCUSDT,2026-04,W,,W:2026-04-17T20:00:00Z:2026-04-20T06:00:00Z,REGULAR_WEEKEND,LISTING_AFTER_30_DAYS,1,1,0.02347646026978146,0.0031655652570020854,0.014712438698171945,1.1090909090909091,0.0012200000000000002,0.13272727272727272,902.6363636363636,2685.322181818182,182446.83143272728,66.22189999999999,411.03636363636366
SYMBOL:INTCUSDT,2026-04,W,,W:2026-04-24T20:00:00Z:2026-04-27T06:00:00Z,REGULAR_WEEKEND,LISTING_AFTER_30_DAYS,1,1,0.028213447512225768,0.0038043004864713025,0.028319123020706317,1.6727272727272726,0.00184,0.030303030303030304,1716.9636363636364,4097.764181818182,344470.4202654545,42.1821,716.8181818181819
SYMBOL:INTCUSDT,2026-05,W,,W:2026-05-01T20:00:00Z:2026-05-04T06:00:00Z,REGULAR_WEEKEND,LISTING_AFTER_30_DAYS,1,1,0.021964612518521796,0.00296170774780916,0.02020516008703776,1.290909090909091,0.0014200000000000003,0.004545454545454545,2296.0545454545454,3748.4110909090914,379263.4640163636,15.2385,1228.7818181818182
SYMBOL:INTCUSDT,2026-05,W,,W:2026-05-08T20:00:00Z:2026-05-11T06:00:00Z,REGULAR_WEEKEND,LISTING_AFTER_30_DAYS,1,1,0.034033670557364275,0.004589099201778858,0.0002829921705498244,1.9454545454545455,0.0021400000000000004,0.00030303030303030303,3635.927272727273,6323.586363636364,802174.9776672728,65.6474,1465.6
SYMBOL:INTCUSDT,2026-05,W,,W:2026-05-15T20:00:00Z:2026-05-18T06:00:00Z,REGULAR_WEEKEND,LISTING_AFTER_30_DAYS,1,1,0.04307581283362341,0.005808341417584253,0.007124798896805262,3.1272727272727274,0.0034400000000000003,0.006666666666666667,4145.836363636364,5828.832363636364,619604.2502963636,44.8056,1507.1090909090908
SYMBOL:INTCUSDT,2026-05,W,,W:2026-05-22T20:00:00Z:2026-05-26T06:00:00Z,THREE_DAY_LONG_WEEKEND,LISTING_AFTER_30_DAYS,1,1,0.036186861851598744,0.004071340044171524,0.01575017712136899,2.5822784810126582,0.002840506329113924,0.0014767932489451476,4317.949367088608,5188.479493670886,630370.4797265823,40.210499999999996,1466.860759493671
SYMBOL:INTCUSDT,2026-05,W,,W:2026-05-29T20:00:00Z:2026-06-01T06:00:00Z,REGULAR_WEEKEND,LISTING_AFTER_30_DAYS,1,1,0.04319227314545924,0.005824044922828681,0.008790869833436143,2.5272727272727273,0.0027800000000000004,0.0012121212121212121,6080.527272727273,10540.312545454544,1212493.6756963637,145.8054,1820.4
SYMBOL:INTCUSDT,2026-03,O,,O:2026-03-02T21:00:00Z:2026-03-03T07:00:00Z,ORDINARY_WEEKDAY_OVERNIGHT,LISTING_DAYS_15_30,1,1,0.01047189647270078,0.003958004831711536,0.11075441412520273,2.7142857142857144,0.002985714285714286,0.20714285714285716,550.2857142857143,2657.808571428571,119361.69611428572,299.99355,242.0
SYMBOL:INTCUSDT,2026-03,O,,O:2026-03-03T21:00:00Z:2026-03-04T07:00:00Z,ORDINARY_WEEKDAY_OVERNIGHT,LISTING_DAYS_15_30,1,1,0.014566925927177756,0.005505780481430189,0.08040770101925247,4.571428571428571,0.005028571428571428,0.0380952380952381,980.2857142857143,4771.964285714285,203329.56534285712,311.91769999999997,402.7142857142857
SYMBOL:INTCUSDT,2026-03,O,,O:2026-03-04T21:00:00Z:2026-03-05T07:00:00Z,ORDINARY_WEEKDAY_OVERNIGHT,LISTING_DAYS_15_30,1,1,0.014164997697433283,0.005353865889887288,0.038413878562576984,3.4285714285714284,0.0037714285714285714,0.09285714285714286,1372.857142857143,6450.577142857143,292391.85534285713,401.5001,439.14285714285717
SYMBOL:INTCUSDT,2026-03,O,,O:2026-03-05T21:00:00Z:2026-03-06T07:00:00Z,ORDINARY_WEEKDAY_OVERNIGHT,LISTING_AFTER_30_DAYS,1,1,0.007161873920926536,0.002706933902281526,0.06632653061224424,1.7142857142857142,0.0018857142857142857,0.29285714285714287,471.57142857142856,1924.9085714285716,88712.32091428572,342.7608,165.0
SYMBOL:INTCUSDT,2026-03,O,,O:2026-03-09T20:00:00Z:2026-03-10T06:00:00Z,ORDINARY_WEEKDAY_OVERNIGHT,LISTING_AFTER_30_DAYS,1,1,0.013900965619982962,0.0052540711448762455,0.009070294784580357,5.0,0.0055000000000000005,0.06666666666666667,1406.5714285714287,7273.107142857143,329005.5444714286,311.2213,496.42857142857144
SYMBOL:INTCUSDT,2026-03,O,,O:2026-03-10T20:00:00Z:2026-03-11T06:00:00Z,ORDINARY_WEEKDAY_OVERNIGHT,LISTING_AFTER_30_DAYS,1,1,0.009081396019501605,0.003432445060699018,0.03972366148531888,2.0,0.0022,0.10952380952380952,787.7142857142857,2944.575714285714,138705.42585714287,300.92474999999996,272.0
SYMBOL:INTCUSDT,2026-03,O,,O:2026-03-11T20:00:00Z:2026-03-12T06:00:00Z,ORDINARY_WEEKDAY_OVERNIGHT,LISTING_AFTER_30_DAYS,1,1,0.013774661991486902,0.005206332860492579,0.04994686503719475,3.857142857142857,0.004242857142857143,0.06904761904761905,1473.7142857142858,4733.147142857143,224357.76214285713,121.4818,543.1428571428571
SYMBOL:INTCUSDT,2026-03,O,,O:2026-03-12T20:00:00Z:2026-03-13T06:00:00Z,ORDINARY_WEEKDAY_OVERNIGHT,LISTING_AFTER_30_DAYS,1,1,0.011650610133080344,0.004403516719185675,0.03913630229419774,3.4285714285714284,0.0037714285714285714,0.11190476190476191,943.0,3384.5814285714287,154212.1855714286,246.66900000000004,328.2857142857143
SYMBOL:INTCUSDT,2026-03,O,,O:2026-03-16T20:00:00Z:2026-03-17T06:00:00Z,ORDINARY_WEEKDAY_OVERNIGHT,LISTING_AFTER_30_DAYS,1,1,0.010192348240045331,0.0038523455312752582,0.044961240310077914,3.0,0.0033,0.0380952380952381,1660.142857142857,6543.154285714286,299955.18767142855,2.2920000000000003,942.1428571428571
SYMBOL:INTCUSDT,2026-03,O,,O:2026-03-17T20:00:00Z:2026-03-18T06:00:00Z,ORDINARY_WEEKDAY_OVERNIGHT,LISTING_AFTER_30_DAYS,1,1,0.007563280106691288,0.0028586511797467446,0.0925507900677168,1.4285714285714286,0.0015714285714285715,0.14523809523809525,786.5714285714286,5078.421428571428,225671.88294285716,299.5523,252.14285714285714
SYMBOL:INTCUSDT,2026-03,O,,O:2026-03-18T20:00:00Z:2026-03-19T06:00:00Z,ORDINARY_WEEKDAY_OVERNIGHT,LISTING_AFTER_30_DAYS,1,1,0.010614100245162482,0.004011752805629948,0.02222222222222217,3.0,0.0033,0.13333333333333333,988.8571428571429,6080.9742857142855,273228.05885714287,330.464,265.2857142857143
SYMBOL:INTCUSDT,2026-03,O,,O:2026-03-19T20:00:00Z:2026-03-20T06:00:00Z,ORDINARY_WEEKDAY_OVERNIGHT,LISTING_AFTER_30_DAYS,1,1,0.01026605391185045,0.003880203656676871,0.03900156006240295,2.0,0.0022,0.10952380952380952,927.2857142857143,7204.271428571429,334717.69852857146,305.4336,314.7142857142857
SYMBOL:INTCUSDT,2026-03,O,,O:2026-03-23T20:00:00Z:2026-03-24T06:00:00Z,ORDINARY_WEEKDAY_OVERNIGHT,LISTING_AFTER_30_DAYS,1,1,0.012248552845052208,0.004629517821205829,0.05562422744128474,3.4285714285714284,0.0037714285714285714,0.06190476190476191,1275.0,10163.08,444782.0402142857,274.428,443.57142857142856
SYMBOL:INTCUSDT,2026-03,O,,O:2026-03-24T20:00:00Z:2026-03-25T06:00:00Z,ORDINARY_WEEKDAY_OVERNIGHT,LISTING_AFTER_30_DAYS,1,1,0.014354636404154266,0.005425542583735236,0.07915567282321839,3.0,0.0033,0.07380952380952381,1310.142857142857,11683.698571428571,524346.2234285714,320.7124,419.57142857142856
SYMBOL:INTCUSDT,2026-03,O,,O:2026-03-25T20:00:00Z:2026-03-26T06:00:00Z,ORDINARY_WEEKDAY_OVERNIGHT,LISTING_AFTER_30_DAYS,1,1,0.010267226193108844,0.0038806467373449184,0.023054755043227994,2.5714285714285716,0.002828571428571429,0.09047619047619047,895.5714285714286,7841.022857142857,369745.2384857143,338.13719999999995,282.42857142857144
SYMBOL:INTCUSDT,2026-03,O,,O:2026-03-26T20:00:00Z:2026-03-27T06:00:00Z,ORDINARY_WEEKDAY_OVERNIGHT,LISTING_AFTER_30_DAYS,1,1,0.009223857235552748,0.0034862903391480416,0.08050089445438328,2.2857142857142856,0.002514285714285714,0.1380952380952381,846.4285714285714,8316.93,370907.30332857143,501.18390000000005,219.28571428571428
SYMBOL:INTCUSDT,2026-03,O,,O:2026-03-30T20:00:00Z:2026-03-31T06:00:00Z,ORDINARY_WEEKDAY_OVERNIGHT,LISTING_AFTER_30_DAYS,1,1,0.019361153926728346,0.007317828340766409,0.038260869565217334,6.571428571428571,0.007228571428571429,0.02142857142857143,1965.7142857142858,16789.49142857143,695863.3619142857,304.41179999999997,635.8571428571429
SYMBOL:INTCUSDT,2026-03,O,,O:2026-03-31T20:00:00Z:2026-04-01T06:00:00Z,ORDINARY_WEEKDAY_OVERNIGHT,LISTING_AFTER_30_DAYS,1,1,0.009967892216446827,0.0037675091286021025,0.04091653027823241,3.7142857142857144,0.004085714285714286,0.05476190476190476,1340.857142857143,8746.972857142857,387431.53515714285,12.350800000000001,469.0
SYMBOL:INTCUSDT,2026-04,O,,O:2026-04-01T20:00:00Z:2026-04-02T06:00:00Z,ORDINARY_WEEKDAY_OVERNIGHT,LISTING_AFTER_30_DAYS,1,1,0.02190552808792474,0.0082795113797413,0.1327014218009481,5.714285714285714,0.006285714285714286,0.030952380952380953,2869.285714285714,21954.722857142857,1036091.9089428571,299.8309,883.0
SYMBOL:INTCUSDT,2026-04,O,,O:2026-04-06T20:00:00Z:2026-04-07T06:00:00Z,ORDINARY_WEEKDAY_OVERNIGHT,LISTING_AFTER_30_DAYS,1,1,0.0086884080181424,0.003283909557866337,0.03338632750397478,2.4285714285714284,0.0026714285714285716,0.05238095238095238,1253.5714285714287,4945.722857142857,249077.59402857142,163.8802,423.57142857142856
SYMBOL:INTCUSDT,2026-04,O,,O:2026-04-07T20:00:00Z:2026-04-08T06:00:00Z,ORDINARY_WEEKDAY_OVERNIGHT,LISTING_AFTER_30_DAYS,1,1,0.014258890603084598,0.005389354072491092,0.07541625857002968,3.5714285714285716,0.003928571428571429,0.007142857142857143,2458.4285714285716,8525.151428571427,471511.98505714285,200.54174999999998,725.1428571428571
SYMBOL:INTCUSDT,2026-04,O,,O:2026-04-08T20:00:00Z:2026-04-09T06:00:00Z,ORDINARY_WEEKDAY_OVERNIGHT,LISTING_AFTER_30_DAYS,1,1,0.011000401782771901,0.004157761062715145,0.010309278350515833,3.2857142857142856,0.0036142857142857144,0.0,1765.0,8503.171428571428,494775.3188285715,266.13064999999995,501.7142857142857
SYMBOL:INTCUSDT,2026-04,O,,O:2026-04-09T20:00:00Z:2026-04-10T06:00:00Z,ORDINARY_WEEKDAY_OVERNIGHT,LISTING_AFTER_30_DAYS,1,1,0.01354623862395761,0.005119996942761378,0.003496503496503399,3.857142857142857,0.004242857142857143,0.007142857142857143,2118.285714285714,10088.855714285715,630377.1903857143,109.824,793.0
SYMBOL:INTCUSDT,2026-04,O,,O:2026-04-13T20:00:00Z:2026-04-14T06:00:00Z,ORDINARY_WEEKDAY_OVERNIGHT,LISTING_AFTER_30_DAYS,1,1,0.0062288947415525845,0.002354300918420869,0.011538461538462065,1.5714285714285714,0.0017285714285714287,0.06428571428571428,859.5714285714286,4780.085714285714,314237.7618142857,90.18025,360.2857142857143
SYMBOL:INTCUSDT,2026-04,O,,O:2026-04-14T20:00:00Z:2026-04-15T06:00:00Z,ORDINARY_WEEKDAY_OVERNIGHT,LISTING_AFTER_30_DAYS,1,1,0.009095060322847612,0.0034376096819122297,0.058823529411764594,1.7142857142857142,0.0018857142857142857,0.06428571428571428,1159.857142857143,5270.7,335015.2390142857,92.14059999999999,426.42857142857144
SYMBOL:INTCUSDT,2026-04,O,,O:2026-04-15T20:00:00Z:2026-04-16T06:00:00Z,ORDINARY_WEEKDAY_OVERNIGHT,LISTING_AFTER_30_DAYS,1,1,0.008715370509704426,0.003294100421780594,0.12010113780025218,2.5714285714285716,0.002828571428571429,0.09523809523809523,956.4285714285714,4401.754285714285,286630.6105285714,201.8697,343.57142857142856
SYMBOL:INTCUSDT,2026-04,O,,O:2026-04-16T20:00:00Z:2026-04-17T06:00:00Z,ORDINARY_WEEKDAY_OVERNIGHT,LISTING_AFTER_30_DAYS,1,1,0.0139486666661186,0.0052721004456408906,0.031645569620253576,4.428571428571429,0.004871428571428572,0.014285714285714285,2104.285714285714,9069.747142857143,627727.4192571428,180.92519999999996,730.7142857142857
SYMBOL:INTCUSDT,2026-04,O,,O:2026-04-20T20:00:00Z:2026-04-21T06:00:00Z,ORDINARY_WEEKDAY_OVERNIGHT,LISTING_AFTER_30_DAYS,1,1,0.006481797509897227,0.002449889179980827,0.07773851590105854,1.2857142857142858,0.0014142857142857145,0.007142857142857143,1041.0,3664.752857142857,242310.69142857144,47.41199999999999,444.7142857142857
SYMBOL:INTCUSDT,2026-04,O,,O:2026-04-21T20:00:00Z:2026-04-22T06:00:00Z,ORDINARY_WEEKDAY_OVERNIGHT,LISTING_AFTER_30_DAYS,1,1,0.007013740887446069,0.0026509448783468234,0.12210200927356836,1.2857142857142858,0.0014142857142857145,0.02142857142857143,1122.4285714285713,2964.5699999999997,198621.1489,44.259600000000006,441.85714285714283
SYMBOL:INTCUSDT,2026-04,O,,O:2026-04-22T20:00:00Z:2026-04-23T06:00:00Z,ORDINARY_WEEKDAY_OVERNIGHT,LISTING_AFTER_30_DAYS,1,1,0.017337595060458323,0.006552994980273512,0.054802592810841724,6.142857142857143,0.006757142857142858,0.002380952380952381,2629.714285714286,7224.878571428571,480852.3845285714,40.5467,998.7142857142857
SYMBOL:INTCUSDT,2026-04,O,,O:2026-04-23T20:00:00Z:2026-04-24T06:00:00Z,ORDINARY_WEEKDAY_OVERNIGHT,LISTING_AFTER_30_DAYS,1,1,0.032582760348115775,0.012315125844161523,0.061598224195338495,12.0,0.0132,0.0,11076.857142857143,23593.02,1919944.1290571429,62.236200000000004,3578.4285714285716
SYMBOL:INTCUSDT,2026-04,O,,O:2026-04-27T20:00:00Z:2026-04-28T06:00:00Z,ORDINARY_WEEKDAY_OVERNIGHT,LISTING_AFTER_30_DAYS,1,1,0.00988364489917025,0.003735666635725221,0.07332796132151673,2.0,0.0022,0.002380952380952381,2188.5714285714284,3444.542857142857,290975.86157142854,27.779400000000003,784.2857142857143
SYMBOL:INTCUSDT,2026-04,O,,O:2026-04-28T20:00:00Z:2026-04-29T06:00:00Z,ORDINARY_WEEKDAY_OVERNIGHT,LISTING_AFTER_30_DAYS,1,1,0.011707091346925727,0.004424864611411667,0.018531228551819337,4.285714285714286,0.004714285714285714,0.0,2884.8571428571427,6280.2757142857145,539723.0019142857,48.188,1012.7142857142857
SYMBOL:INTCUSDT,2026-04,O,,O:2026-04-29T20:00:00Z:2026-04-30T06:00:00Z,ORDINARY_WEEKDAY_OVERNIGHT,LISTING_AFTER_30_DAYS,1,1,0.034543202392908104,0.013056103288486588,0.017125264575716833,14.142857142857142,0.015557142857142858,0.0,16483.428571428572,27861.691428571427,2717916.687114286,58.799049999999994,5474.571428571428
SYMBOL:INTCUSDT,2026-04,O,,O:2026-04-30T20:00:00Z:2026-05-01T06:00:00Z,ORDINARY_WEEKDAY_OVERNIGHT,LISTING_AFTER_30_DAYS,1,1,0.008800840596098747,0.003326405077942676,0.047619047619047734,2.2857142857142856,0.002514285714285714,0.002380952380952381,2584.285714285714,3157.924285714286,296038.7370857143,42.165,991.0
SYMBOL:INTCUSDT,2026-05,O,,O:2026-05-04T20:00:00Z:2026-05-05T06:00:00Z,ORDINARY_WEEKDAY_OVERNIGHT,LISTING_AFTER_30_DAYS,1,1,0.025584147117511214,0.009669898682660667,0.09207547169811302,5.428571428571429,0.005971428571428572,0.0,4802.857142857143,12037.127142857144,1183727.3995,43.227000000000004,1961.142857142857
SYMBOL:INTCUSDT,2026-05,O,,O:2026-05-05T20:00:00Z:2026-05-06T06:00:00Z,ORDINARY_WEEKDAY_OVERNIGHT,LISTING_AFTER_30_DAYS,1,1,0.023203304023096866,0.00877002457716269,0.003972194637537169,8.142857142857142,0.008957142857142858,0.0,11207.142857142857,17986.494285714285,2034846.792,26.25795,4066.285714285714
SYMBOL:INTCUSDT,2026-05,O,,O:2026-05-06T20:00:00Z:2026-05-07T06:00:00Z,ORDINARY_WEEKDAY_OVERNIGHT,LISTING_AFTER_30_DAYS,1,1,0.01718623305681179,0.006495785520331629,0.033052039381153225,6.714285714285714,0.007385714285714286,0.0,4747.0,6208.505714285714,692866.1694,22.502000000000002,2043.2857142857142
SYMBOL:INTCUSDT,2026-05,O,,O:2026-05-07T20:00:00Z:2026-05-08T06:00:00Z,ORDINARY_WEEKDAY_OVERNIGHT,LISTING_AFTER_30_DAYS,1,1,0.01553372896737905,0.005871197683023591,0.08317214700193457,6.142857142857143,0.006757142857142858,0.0,4873.714285714285,9152.594285714285,999935.2774,42.4788,1725.5714285714287
SYMBOL:INTCUSDT,2026-05,O,,O:2026-05-11T20:00:00Z:2026-05-12T06:00:00Z,ORDINARY_WEEKDAY_OVERNIGHT,LISTING_AFTER_30_DAYS,1,1,0.04270760942718813,0.016141959090631066,0.07813378302417097,7.714285714285714,0.008485714285714286,0.0,14672.714285714286,33882.52714285714,4219532.9565,120.64,5154.714285714285
SYMBOL:INTCUSDT,2026-05,O,,O:2026-05-12T20:00:00Z:2026-05-13T06:00:00Z,ORDINARY_WEEKDAY_OVERNIGHT,LISTING_AFTER_30_DAYS,1,1,0.026450391369202166,0.00999730823474831,0.061798898633489724,11.428571428571429,0.012571428571428572,0.0,13179.0,21876.011428571426,2645745.396657143,114.483,4364.857142857143
SYMBOL:INTCUSDT,2026-05,O,,O:2026-05-13T20:00:00Z:2026-05-14T06:00:00Z,ORDINARY_WEEKDAY_OVERNIGHT,LISTING_AFTER_30_DAYS,1,1,0.020693641329341057,0.007821461239686356,0.04031209362808876,7.571428571428571,0.008328571428571428,0.0,8814.857142857143,15684.800000000001,1862985.6241,53.307,3084.8571428571427
SYMBOL:INTCUSDT,2026-05,O,,O:2026-05-14T20:00:00Z:2026-05-15T06:00:00Z,ORDINARY_WEEKDAY_OVERNIGHT,LISTING_AFTER_30_DAYS,1,1,0.02637826857672318,0.009970048381497034,0.1643414518798772,8.857142857142858,0.009742857142857143,0.0,15391.142857142857,30840.602857142858,3437124.297328572,80.0496,4792.714285714285
SYMBOL:INTCUSDT,2026-05,O,,O:2026-05-18T20:00:00Z:2026-05-19T06:00:00Z,ORDINARY_WEEKDAY_OVERNIGHT,LISTING_AFTER_30_DAYS,1,1,0.023787995256913483,0.008991017091225302,0.0644910644910649,9.428571428571429,0.010371428571428573,0.0,9324.42857142857,16007.884285714286,1716171.5054571428,55.554300000000005,2878.1428571428573
SYMBOL:INTCUSDT,2026-05,O,,O:2026-05-19T20:00:00Z:2026-05-20T06:00:00Z,ORDINARY_WEEKDAY_OVERNIGHT,LISTING_AFTER_30_DAYS,1,1,0.024974676381644655,0.009439540397164315,0.022232734153264183,8.285714285714286,0.009114285714285715,0.0,12210.142857142857,18182.912857142856,2022123.743514286,140.7414,3718.714285714286
SYMBOL:INTCUSDT,2026-05,O,,O:2026-05-20T20:00:00Z:2026-05-21T06:00:00Z,ORDINARY_WEEKDAY_OVERNIGHT,LISTING_AFTER_30_DAYS,1,1,0.019689831700381195,0.007442056862274954,0.06454270804723962,8.571428571428571,0.009428571428571429,0.0,8250.57142857143,15534.452857142856,1841856.9046857145,284.376,2405.5714285714284
SYMBOL:INTCUSDT,2026-05,O,,O:2026-05-21T20:00:00Z:2026-05-22T06:00:00Z,ORDINARY_WEEKDAY_OVERNIGHT,LISTING_AFTER_30_DAYS,1,1,0.01306587068600518,0.004938434928242658,0.028287841191067496,3.857142857142857,0.004242857142857143,0.004761904761904762,5409.857142857143,10826.195714285714,1293147.0846,52.3336,1569.2857142857142
SYMBOL:INTCUSDT,2026-05,O,,O:2026-05-26T20:00:00Z:2026-05-27T06:00:00Z,ORDINARY_WEEKDAY_OVERNIGHT,LISTING_AFTER_30_DAYS,1,1,0.011744420708657872,0.004438973783946527,0.009267840593141943,4.0,0.0044,0.0,6741.285714285715,9336.478571428572,1147517.0911857144,41.854,2194.0
SYMBOL:INTCUSDT,2026-05,O,,O:2026-05-27T20:00:00Z:2026-05-28T06:00:00Z,ORDINARY_WEEKDAY_OVERNIGHT,LISTING_AFTER_30_DAYS,1,1,0.017751733260762306,0.006709524506904396,0.05198776758409766,6.285714285714286,0.006914285714285715,0.0,10876.142857142857,18018.775714285715,2131927.4368000003,138.68009999999998,3146.4285714285716
SYMBOL:INTCUSDT,2026-05,O,,O:2026-05-28T20:00:00Z:2026-05-29T06:00:00Z,ORDINARY_WEEKDAY_OVERNIGHT,LISTING_AFTER_30_DAYS,1,1,0.010131069440908752,0.003829184322252963,0.029284164859002444,3.0,0.0033,0.0,5220.0,6515.162857142857,783684.9245428572,48.016000000000005,2045.857142857143
SYMBOL:MSTRUSDT,2026-03,W,,W:2026-03-06T21:00:00Z:2026-03-09T06:00:00Z,REGULAR_WEEKEND,LISTING_DAYS_15_30,1,1,0.03671556376024796,0.00499635537951273,0.0032287227172930716,2.7777777777777777,0.0030555555555555557,0.043209876543209874,1640.2407407407406,2929.037592592593,385484.1621166666,100.6544,955.3888888888889
SYMBOL:MSTRUSDT,2026-03,W,,W:2026-03-13T20:00:00Z:2026-03-16T06:00:00Z,REGULAR_WEEKEND,LISTING_AFTER_30_DAYS,1,1,0.02922247813144061,0.003940358147410472,0.047866732269628155,2.2545454545454544,0.00248,0.04727272727272727,1586.8181818181818,2708.132,380097.82649818185,141.808,864.3636363636364
SYMBOL:MSTRUSDT,2026-03,W,,W:2026-03-20T20:00:00Z:2026-03-23T06:00:00Z,REGULAR_WEEKEND,LISTING_AFTER_30_DAYS,1,1,0.03686820174515786,0.0049713073091704986,0.026380406724170552,3.1818181818181817,0.0035,0.05303030303030303,2370.7454545454543,5238.566545454545,702949.9149581818,146.29680000000002,1247.290909090909
SYMBOL:MSTRUSDT,2026-03,W,,W:2026-03-27T20:00:00Z:2026-03-30T06:00:00Z,REGULAR_WEEKEND,LISTING_AFTER_30_DAYS,1,1,0.02829462386250124,0.0038152463033095003,0.023599088838268886,1.8181818181818181,0.002,0.04393939393939394,1423.5636363636363,2945.9374545454543,371660.93262727273,100.2737,759.1272727272727
SYMBOL:MSTRUSDT,2026-04,W,,W:2026-04-02T20:00:00Z:2026-04-06T06:00:00Z,THREE_DAY_LONG_WEEKEND,LISTING_AFTER_30_DAYS,1,1,0.022326079765827313,0.002511880221964163,0.03448971359419114,1.0,0.0011,0.12341772151898735,1100.860759493671,2700.653164556962,329136.03847468353,235.4266,538.6455696202531
SYMBOL:MSTRUSDT,2026-04,W,,W:2026-04-10T20:00:00Z:2026-04-13T06:00:00Z,REGULAR_WEEKEND,LISTING_AFTER_30_DAYS,1,1,0.02533065275219775,0.0034155845203271734,0.044360547428032124,1.5272727272727273,0.00168,0.061515151515151516,2024.709090909091,4155.945090909091,527868.5808072727,124.695,1116.7272727272727
SYMBOL:MSTRUSDT,2026-04,W,,W:2026-04-17T20:00:00Z:2026-04-20T06:00:00Z,REGULAR_WEEKEND,LISTING_AFTER_30_DAYS,1,1,0.05126773440269926,0.006912939896620373,0.05350188724462276,2.1454545454545455,0.00236,0.008484848484848486,2943.2,5171.355272727273,838780.7322236364,101.8395,1558.090909090909
SYMBOL:MSTRUSDT,2026-04,W,,W:2026-04-24T20:00:00Z:2026-04-27T06:00:00Z,REGULAR_WEEKEND,LISTING_AFTER_30_DAYS,1,1,0.02354038564089628,0.00317418495228479,0.015664845173041935,1.2545454545454546,0.0013800000000000002,0.00909090909090909,1709.3454545454545,2732.0412727272724,473235.0675890909,44.6537,916.0
SYMBOL:MSTRUSDT,2026-05,W,,W:2026-05-01T20:00:00Z:2026-05-04T06:00:00Z,REGULAR_WEEKEND,LISTING_AFTER_30_DAYS,1,1,0.02380101265533455,0.0032093278917424877,0.06190203614359329,1.4727272727272727,0.0016200000000000001,0.008181818181818182,1767.6909090909091,2010.868909090909,362621.6166963636,40.7905,1005.8909090909091
SYMBOL:MSTRUSDT,2026-05,W,,W:2026-05-08T20:00:00Z:2026-05-11T06:00:00Z,REGULAR_WEEKEND,LISTING_AFTER_30_DAYS,1,1,0.029194529971036096,0.003936589618230306,0.0034543531899894724,1.5818181818181818,0.00174,0.0033333333333333335,2376.672727272727,3292.480181818182,628101.0556581818,98.91704999999999,1302.6181818181817
SYMBOL:MSTRUSDT,2026-05,W,,W:2026-05-15T20:00:00Z:2026-05-18T06:00:00Z,REGULAR_WEEKEND,LISTING_AFTER_30_DAYS,1,1,0.03093844496899457,0.004171739068584544,0.035361325335618324,2.1454545454545455,0.00236,0.006060606060606061,2268.5272727272727,2430.4876363636363,418530.51101454545,63.151199999999996,1143.6909090909091
SYMBOL:MSTRUSDT,2026-05,W,,W:2026-05-22T20:00:00Z:2026-05-26T06:00:00Z,THREE_DAY_LONG_WEEKEND,LISTING_AFTER_30_DAYS,1,1,0.0364085705477959,0.004096284221333675,0.01396941515234058,2.6962025316455698,0.002965822784810127,0.0008438818565400844,2853.784810126582,3253.859240506329,524679.1078139241,83.14020000000001,1330.2151898734178
SYMBOL:MSTRUSDT,2026-05,W,,W:2026-05-29T20:00:00Z:2026-06-01T06:00:00Z,REGULAR_WEEKEND,LISTING_AFTER_30_DAYS,1,1,0.022360030235241888,0.0030150258618548034,0.002592539248163509,2.018181818181818,0.00222,0.010303030303030303,1473.4727272727273,1418.4501818181818,226522.46038363638,46.544999999999995,717.6363636363636
SYMBOL:MSTRUSDT,2026-03,O,,O:2026-03-02T21:00:00Z:2026-03-03T07:00:00Z,ORDINARY_WEEKDAY_OVERNIGHT,LISTING_DAYS_15_30,1,1,0.016748543700193658,0.006330354493315708,0.06024774774774795,7.285714285714286,0.008014285714285715,0.002380952380952381,1380.0,2772.6042857142857,377462.67092857143,157.74525,770.2857142857143
SYMBOL:MSTRUSDT,2026-03,O,,O:2026-03-03T21:00:00Z:2026-03-04T07:00:00Z,ORDINARY_WEEKDAY_OVERNIGHT,LISTING_DAYS_15_30,1,1,0.018681149861944017,0.007060810962776068,0.005285678328719031,7.142857142857143,0.007857142857142858,0.0,1892.5714285714287,4421.777142857142,586595.9017714286,272.36039999999997,1029.2857142857142
SYMBOL:MSTRUSDT,2026-03,O,,O:2026-03-04T21:00:00Z:2026-03-05T07:00:00Z,ORDINARY_WEEKDAY_OVERNIGHT,LISTING_DAYS_15_30,1,1,0.015820399640810896,0.005979549013034459,0.0011792452830186476,4.571428571428571,0.005028571428571428,0.002380952380952381,2078.285714285714,3859.5271428571427,564096.4789714286,99.246,1127.2857142857142
SYMBOL:MSTRUSDT,2026-03,O,,O:2026-03-05T21:00:00Z:2026-03-06T07:00:00Z,ORDINARY_WEEKDAY_OVERNIGHT,LISTING_DAYS_15_30,1,1,0.014275478730014954,0.005395623795144535,0.013005272407732847,4.142857142857143,0.004557142857142858,0.0,1896.2857142857142,3417.032857142857,478145.2890428571,62.6895,1005.7142857142857
SYMBOL:MSTRUSDT,2026-03,O,,O:2026-03-09T20:00:00Z:2026-03-10T06:00:00Z,ORDINARY_WEEKDAY_OVERNIGHT,LISTING_DAYS_15_30,1,1,0.017607403346639988,0.0066549729269736865,0.07043010752688127,5.857142857142857,0.0064428571428571425,0.0,2690.714285714286,2852.524285714286,398318.0711285714,39.56400000000001,1621.4285714285713
SYMBOL:MSTRUSDT,2026-03,O,,O:2026-03-10T20:00:00Z:2026-03-11T06:00:00Z,ORDINARY_WEEKDAY_OVERNIGHT,LISTING_DAYS_15_30,1,1,0.013633272116852635,0.005152892511037598,0.007567567567567769,3.4285714285714284,0.0037714285714285714,0.0,1373.0,1337.3428571428572,185563.55927142856,16.644,826.7142857142857
SYMBOL:MSTRUSDT,2026-03,O,,O:2026-03-11T20:00:00Z:2026-03-12T06:00:00Z,ORDINARY_WEEKDAY_OVERNIGHT,LISTING_DAYS_15_30,1,1,0.014698130402170738,0.005555371111677364,0.045222713362801016,6.571428571428571,0.007228571428571429,0.002380952380952381,1388.7142857142858,1751.5014285714285,239094.5524857143,21.7712,753.5714285714286
SYMBOL:MSTRUSDT,2026-03,O,,O:2026-03-12T20:00:00Z:2026-03-13T06:00:00Z,ORDINARY_WEEKDAY_OVERNIGHT,LISTING_AFTER_30_DAYS,1,1,0.01666375547554261,0.006298307556668087,0.07778763679384862,6.428571428571429,0.007071428571428572,0.0,2901.285714285714,4573.185714285714,636743.4749285715,98.8488,1506.7142857142858
SYMBOL:MSTRUSDT,2026-03,O,,O:2026-03-16T20:00:00Z:2026-03-17T06:00:00Z,ORDINARY_WEEKDAY_OVERNIGHT,LISTING_AFTER_30_DAYS,1,1,0.017631663709781812,0.0066641424823436,0.022560202788339364,5.714285714285714,0.006285714285714286,0.002380952380952381,3437.8571428571427,5743.687142857142,855483.7452857143,104.76124999999999,1860.0
SYMBOL:MSTRUSDT,2026-03,O,,O:2026-03-17T20:00:00Z:2026-03-18T06:00:00Z,ORDINARY_WEEKDAY_OVERNIGHT,LISTING_AFTER_30_DAYS,1,1,0.01095218269542097,0.004139535960775565,0.002352941176470693,3.142857142857143,0.0034571428571428574,0.009523809523809525,2075.285714285714,4372.801428571429,656802.7769714285,148.5891,943.7142857142857
SYMBOL:MSTRUSDT,2026-03,O,,O:2026-03-18T20:00:00Z:2026-03-19T06:00:00Z,ORDINARY_WEEKDAY_OVERNIGHT,LISTING_AFTER_30_DAYS,1,1,0.01383278994314608,0.005228303161108547,0.013940836450186789,4.285714285714286,0.004714285714285714,0.007142857142857143,1820.7142857142858,4454.448571428571,625571.1083714286,198.3602,784.2857142857143
SYMBOL:MSTRUSDT,2026-03,O,,O:2026-03-19T20:00:00Z:2026-03-20T06:00:00Z,ORDINARY_WEEKDAY_OVERNIGHT,LISTING_AFTER_30_DAYS,1,1,0.013110404870944859,0.004955267267984279,0.016070124178232306,4.285714285714286,0.004714285714285714,0.004761904761904762,1831.0,4291.242857142857,597207.2908857142,226.6026,933.0
SYMBOL:MSTRUSDT,2026-03,O,,O:2026-03-23T20:00:00Z:2026-03-24T06:00:00Z,ORDINARY_WEEKDAY_OVERNIGHT,LISTING_AFTER_30_DAYS,1,1,0.012767290347812429,0.004825582168066718,0.053855094924446616,4.714285714285714,0.0051857142857142866,0.009523809523809525,1864.7142857142858,4545.347142857143,624871.3052142857,163.964,946.2857142857143
SYMBOL:MSTRUSDT,2026-03,O,,O:2026-03-24T20:00:00Z:2026-03-25T06:00:00Z,ORDINARY_WEEKDAY_OVERNIGHT,LISTING_AFTER_30_DAYS,1,1,0.011398566871004108,0.004308253320459503,0.06865671641791139,3.2857142857142856,0.0036142857142857144,0.007142857142857143,2190.1428571428573,6282.765714285714,872958.0666428572,199.98719999999997,1010.4285714285714
SYMBOL:MSTRUSDT,2026-03,O,,O:2026-03-25T20:00:00Z:2026-03-26T06:00:00Z,ORDINARY_WEEKDAY_OVERNIGHT,LISTING_AFTER_30_DAYS,1,1,0.010004178210370094,0.0037812239451729267,0.14190792596108412,3.7142857142857144,0.004085714285714286,0.03333333333333333,1464.5714285714287,3603.442857142857,501237.2156857143,249.9031,667.4285714285714
SYMBOL:MSTRUSDT,2026-03,O,,O:2026-03-26T20:00:00Z:2026-03-27T06:00:00Z,ORDINARY_WEEKDAY_OVERNIGHT,LISTING_AFTER_30_DAYS,1,1,0.01028094273419921,0.003885831102569648,0.035305343511449254,2.5714285714285716,0.002828571428571429,0.014285714285714285,1679.0,4628.885714285714,621470.4814714285,180.92700000000002,820.1428571428571
SYMBOL:MSTRUSDT,2026-03,O,,O:2026-03-30T20:00:00Z:2026-03-31T06:00:00Z,ORDINARY_WEEKDAY_OVERNIGHT,LISTING_AFTER_30_DAYS,1,1,0.014443364045354939,0.005459078479883,0.08926553672316359,3.7142857142857144,0.004085714285714286,0.002380952380952381,3674.8571428571427,7680.817142857143,953827.5019142857,22.2498,1680.142857142857
SYMBOL:MSTRUSDT,2026-03,O,,O:2026-03-31T20:00:00Z:2026-04-01T06:00:00Z,ORDINARY_WEEKDAY_OVERNIGHT,LISTING_AFTER_30_DAYS,1,1,0.01215977408768389,0.004595962604962698,0.08254397834911982,3.2857142857142856,0.0036142857142857144,0.004761904761904762,1724.7142857142858,2644.575714285714,332157.44601428567,36.2616,868.1428571428571
SYMBOL:MSTRUSDT,2026-04,O,,O:2026-04-01T20:00:00Z:2026-04-02T06:00:00Z,ORDINARY_WEEKDAY_OVERNIGHT,LISTING_AFTER_30_DAYS,1,1,0.018209889793946554,0.006882691399525115,0.11150950161348117,5.714285714285714,0.006285714285714286,0.002380952380952381,3972.1428571428573,8586.082857142857,1035618.8326857144,35.9049,1783.0
SYMBOL:MSTRUSDT,2026-04,O,,O:2026-04-06T20:00:00Z:2026-04-07T06:00:00Z,ORDINARY_WEEKDAY_OVERNIGHT,LISTING_AFTER_30_DAYS,1,1,0.009432588441433288,0.003565183319379261,0.05440269209197953,2.857142857142857,0.003142857142857143,0.002380952380952381,2707.0,3518.4385714285713,442908.29204285715,25.202,1468.857142857143
SYMBOL:MSTRUSDT,2026-04,O,,O:2026-04-07T20:00:00Z:2026-04-08T06:00:00Z,ORDINARY_WEEKDAY_OVERNIGHT,LISTING_AFTER_30_DAYS,1,1,0.015642456271538267,0.005912292741241843,0.053883314752880065,5.285714285714286,0.0058142857142857145,0.0,4680.857142857143,10908.094285714285,1427578.766757143,169.73820000000003,1971.0
SYMBOL:MSTRUSDT,2026-04,O,,O:2026-04-08T20:00:00Z:2026-04-09T06:00:00Z,ORDINARY_WEEKDAY_OVERNIGHT,LISTING_AFTER_30_DAYS,1,1,0.008902287160949141,0.0033647482753649516,0.01920768307322982,2.2857142857142856,0.002514285714285714,0.0,2701.0,4456.097142857143,567175.6153,31.8475,1202.142857142857
SYMBOL:MSTRUSDT,2026-04,O,,O:2026-04-09T20:00:00Z:2026-04-10T06:00:00Z,ORDINARY_WEEKDAY_OVERNIGHT,LISTING_AFTER_30_DAYS,1,1,0.010344200634595522,0.0039097403415566095,0.017598343685300468,3.4285714285714284,0.0037714285714285714,0.004761904761904762,1950.142857142857,3025.337142857143,392275.4259714286,25.884,1132.0
SYMBOL:MSTRUSDT,2026-04,O,,O:2026-04-13T20:00:00Z:2026-04-14T06:00:00Z,ORDINARY_WEEKDAY_OVERNIGHT,LISTING_AFTER_30_DAYS,1,1,0.009073606692584031,0.003429500971855521,0.07582417582417633,2.2857142857142856,0.002514285714285714,0.004761904761904762,2295.1428571428573,5393.295714285714,726568.2430857143,41.76475000000001,1053.142857142857
SYMBOL:MSTRUSDT,2026-04,O,,O:2026-04-14T20:00:00Z:2026-04-15T06:00:00Z,ORDINARY_WEEKDAY_OVERNIGHT,LISTING_AFTER_30_DAYS,1,1,0.009607384033844518,0.003631249843349307,0.01630720673329815,2.0,0.0022,0.014285714285714285,1583.5714285714287,3137.3814285714284,434758.8438,51.53175,742.8571428571429
SYMBOL:MSTRUSDT,2026-04,O,,O:2026-04-15T20:00:00Z:2026-04-16T06:00:00Z,ORDINARY_WEEKDAY_OVERNIGHT,LISTING_AFTER_30_DAYS,1,1,0.010540878116102272,0.003984077442207091,0.014398513701811435,2.5714285714285716,0.002828571428571429,0.002380952380952381,2474.4285714285716,5826.874285714286,836846.2078857142,148.92770000000002,1075.2857142857142
SYMBOL:MSTRUSDT,2026-04,O,,O:2026-04-16T20:00:00Z:2026-04-17T06:00:00Z,ORDINARY_WEEKDAY_OVERNIGHT,LISTING_AFTER_30_DAYS,1,1,0.007600510552597394,0.0028727229656135443,0.05363528009535176,2.2857142857142856,0.002514285714285714,0.011904761904761904,1519.5714285714287,2855.3328571428574,420643.85612857144,58.776,675.8571428571429
SYMBOL:MSTRUSDT,2026-04,O,,O:2026-04-20T20:00:00Z:2026-04-21T06:00:00Z,ORDINARY_WEEKDAY_OVERNIGHT,LISTING_AFTER_30_DAYS,1,1,0.010503570729716829,0.003969976575572565,0.03168469860896399,3.142857142857143,0.0034571428571428574,0.0,2487.0,5254.354285714287,899311.7235571428,94.49000000000001,1165.7142857142858
SYMBOL:MSTRUSDT,2026-04,O,,O:2026-04-21T20:00:00Z:2026-04-22T06:00:00Z,ORDINARY_WEEKDAY_OVERNIGHT,LISTING_AFTER_30_DAYS,1,1,0.015772471180542945,0.005961433757807138,0.15544554455445742,4.714285714285714,0.0051857142857142866,0.0,5261.428571428572,10947.624285714284,1874399.9776714284,120.351,2355.0
SYMBOL:MSTRUSDT,2026-04,O,,O:2026-04-22T20:00:00Z:2026-04-23T06:00:00Z,ORDINARY_WEEKDAY_OVERNIGHT,LISTING_AFTER_30_DAYS,1,1,0.01729245130117895,0.006535932243087827,0.039560942144980696,4.142857142857143,0.004557142857142858,0.0,4565.285714285715,8508.904285714287,1501584.3018428572,100.23449999999998,2275.0
SYMBOL:MSTRUSDT,2026-04,O,,O:2026-04-23T20:00:00Z:2026-04-24T06:00:00Z,ORDINARY_WEEKDAY_OVERNIGHT,LISTING_AFTER_30_DAYS,1,1,0.01286280223579183,0.004861682268472969,0.0002892681515770717,4.142857142857143,0.004557142857142858,0.0,3242.5714285714284,5579.801428571429,979961.9610285714,65.6306,1720.857142857143
SYMBOL:MSTRUSDT,2026-04,O,,O:2026-04-27T20:00:00Z:2026-04-28T06:00:00Z,ORDINARY_WEEKDAY_OVERNIGHT,LISTING_AFTER_30_DAYS,1,1,0.011474136330358,0.00433681589133979,0.01851205029689121,4.0,0.0044,0.0,2842.714285714286,4589.717142857143,779251.3530142857,30.596399999999996,1504.7142857142858
SYMBOL:MSTRUSDT,2026-04,O,,O:2026-04-28T20:00:00Z:2026-04-29T06:00:00Z,ORDINARY_WEEKDAY_OVERNIGHT,LISTING_AFTER_30_DAYS,1,1,0.01201807232455667,0.00454240437273784,0.12881806108897773,3.5714285714285716,0.003928571428571429,0.002380952380952381,2369.5714285714284,3056.87,509616.9034857143,31.384200000000003,1291.2857142857142
SYMBOL:MSTRUSDT,2026-04,O,,O:2026-04-29T20:00:00Z:2026-04-30T06:00:00Z,ORDINARY_WEEKDAY_OVERNIGHT,LISTING_AFTER_30_DAYS,1,1,0.015579803677062189,0.005888612286388031,0.08966648441771403,4.857142857142857,0.005342857142857143,0.0,3236.714285714286,5101.498571428571,810420.7557571428,82.5162,1727.4285714285713
SYMBOL:MSTRUSDT,2026-04,O,,O:2026-04-30T20:00:00Z:2026-05-01T06:00:00Z,ORDINARY_WEEKDAY_OVERNIGHT,LISTING_AFTER_30_DAYS,1,1,0.010059284704865161,0.0038020522423241406,0.10711150131694631,3.2857142857142856,0.0036142857142857144,0.004761904761904762,1938.142857142857,2624.2357142857145,438166.78550000006,33.263000000000005,1036.0
SYMBOL:MSTRUSDT,2026-05,O,,O:2026-05-04T20:00:00Z:2026-05-05T06:00:00Z,ORDINARY_WEEKDAY_OVERNIGHT,LISTING_AFTER_30_DAYS,1,1,0.012509676680400128,0.004728213354023253,0.11896551724137908,3.4285714285714284,0.0037714285714285714,0.0,2645.285714285714,3897.8385714285714,727678.1401714286,55.772999999999996,1543.5714285714287
SYMBOL:MSTRUSDT,2026-05,O,,O:2026-05-05T20:00:00Z:2026-05-06T06:00:00Z,ORDINARY_WEEKDAY_OVERNIGHT,LISTING_AFTER_30_DAYS,1,1,0.0220957407834628,0.008351405020970006,0.012816299704239151,8.142857142857142,0.008957142857142858,0.0,10663.857142857143,9361.117142857143,1699896.2864714286,18.109,5204.285714285715
SYMBOL:MSTRUSDT,2026-05,O,,O:2026-05-06T20:00:00Z:2026-05-07T06:00:00Z,ORDINARY_WEEKDAY_OVERNIGHT,LISTING_AFTER_30_DAYS,1,1,0.01258519868527093,0.004756757988794847,0.0062606715993169925,3.4285714285714284,0.0037714285714285714,0.0,3016.714285714286,4199.544285714286,776121.0394571429,86.74085,1715.4285714285713
SYMBOL:MSTRUSDT,2026-05,O,,O:2026-05-07T20:00:00Z:2026-05-08T06:00:00Z,ORDINARY_WEEKDAY_OVERNIGHT,LISTING_AFTER_30_DAYS,1,1,0.0132750583796975,0.005017500444649091,0.012703101920236423,3.7142857142857144,0.004085714285714286,0.0,2339.8571428571427,3137.842857142857,560992.1375571429,67.83760000000001,1297.4285714285713
SYMBOL:MSTRUSDT,2026-05,O,,O:2026-05-11T20:00:00Z:2026-05-12T06:00:00Z,ORDINARY_WEEKDAY_OVERNIGHT,LISTING_AFTER_30_DAYS,1,1,0.014862290556519806,0.005617417817905024,0.047340165934602364,4.0,0.0044,0.0,3400.1428571428573,5199.08,1001404.4360142857,97.20425,1890.857142857143
SYMBOL:MSTRUSDT,2026-05,O,,O:2026-05-12T20:00:00Z:2026-05-13T06:00:00Z,ORDINARY_WEEKDAY_OVERNIGHT,LISTING_AFTER_30_DAYS,1,1,0.010263344706776296,0.0038791796734087445,0.07444253859348245,2.7142857142857144,0.002985714285714286,0.0,2424.1428571428573,3131.312857142857,580661.3435285714,112.026,1318.857142857143
SYMBOL:MSTRUSDT,2026-05,O,,O:2026-05-13T20:00:00Z:2026-05-14T06:00:00Z,ORDINARY_WEEKDAY_OVERNIGHT,LISTING_AFTER_30_DAYS,1,1,0.01140622353534603,0.004311147267562507,0.031822565091610924,2.5714285714285716,0.002828571428571429,0.0,3080.0,3509.23,625642.9390428571,75.0792,1611.0
SYMBOL:MSTRUSDT,2026-05,O,,O:2026-05-14T20:00:00Z:2026-05-15T06:00:00Z,ORDINARY_WEEKDAY_OVERNIGHT,LISTING_AFTER_30_DAYS,1,1,0.02014933194751216,0.007615731631029419,0.1108334820631799,6.285714285714286,0.006914285714285715,0.0,7510.142857142857,9535.422857142858,1760310.978357143,122.86795000000001,3432.5714285714284
SYMBOL:MSTRUSDT,2026-05,O,,O:2026-05-18T20:00:00Z:2026-05-19T06:00:00Z,ORDINARY_WEEKDAY_OVERNIGHT,LISTING_AFTER_30_DAYS,1,1,0.013678157388475429,0.005169857549072384,0.017251293847038336,4.285714285714286,0.004714285714285714,0.0,2754.8571428571427,2979.2742857142853,496571.81305714283,38.686,1351.5714285714287
SYMBOL:MSTRUSDT,2026-05,O,,O:2026-05-19T20:00:00Z:2026-05-20T06:00:00Z,ORDINARY_WEEKDAY_OVERNIGHT,LISTING_AFTER_30_DAYS,1,1,0.014337387159654482,0.005419022982128067,0.06894553881807636,5.142857142857143,0.005657142857142858,0.0,3472.8571428571427,3638.9785714285713,600236.6063857143,39.5184,1706.2857142857142
SYMBOL:MSTRUSDT,2026-05,O,,O:2026-05-20T20:00:00Z:2026-05-21T06:00:00Z,ORDINARY_WEEKDAY_OVERNIGHT,LISTING_AFTER_30_DAYS,1,1,0.011297518230814712,0.004270060524422021,0.04891504229496008,3.142857142857143,0.0034571428571428574,0.0,2629.4285714285716,2723.5814285714287,455220.4982142857,54.80805000000001,1204.857142857143
SYMBOL:MSTRUSDT,2026-05,O,,O:2026-05-21T20:00:00Z:2026-05-22T06:00:00Z,ORDINARY_WEEKDAY_OVERNIGHT,LISTING_AFTER_30_DAYS,1,1,0.009205763428138568,0.003479451522764011,0.005395683453237543,3.5714285714285716,0.003928571428571429,0.002380952380952381,1988.142857142857,2010.7414285714287,333182.0359714286,54.44835,900.8571428571429
SYMBOL:MSTRUSDT,2026-05,O,,O:2026-05-26T20:00:00Z:2026-05-27T06:00:00Z,ORDINARY_WEEKDAY_OVERNIGHT,LISTING_AFTER_30_DAYS,1,1,0.008235866298559375,0.0031128648653094494,0.037037037037037035,2.0,0.0022,0.0,2812.285714285714,3674.485714285714,585538.8430999999,55.531,1332.4285714285713
SYMBOL:MSTRUSDT,2026-05,O,,O:2026-05-27T20:00:00Z:2026-05-28T06:00:00Z,ORDINARY_WEEKDAY_OVERNIGHT,LISTING_AFTER_30_DAYS,1,1,0.01664347091341295,0.006290640712832527,0.1087015451341825,3.857142857142857,0.004242857142857143,0.0,6198.428571428572,11176.441428571428,1678075.5618999999,115.8469,2844.8571428571427
SYMBOL:MSTRUSDT,2026-05,O,,O:2026-05-28T20:00:00Z:2026-05-29T06:00:00Z,ORDINARY_WEEKDAY_OVERNIGHT,LISTING_AFTER_30_DAYS,1,1,0.011301161590420801,0.004271437584915518,0.042101197373503665,3.142857142857143,0.0034571428571428574,0.0,3260.4285714285716,7367.365714285714,1121044.6252142857,68.33925,1473.4285714285713
SYMBOL:PLTRUSDT,2026-03,W,,W:2026-03-06T21:00:00Z:2026-03-09T06:00:00Z,REGULAR_WEEKEND,LISTING_DAYS_15_30,1,1,0.029034436157316233,0.0039510863086021746,0.02217453505007187,1.6481481481481481,0.001812962962962963,0.20308641975308642,616.3518518518518,658.2337037037038,101824.35806111112,53.373200000000004,403.5925925925926
SYMBOL:PLTRUSDT,2026-03,W,,W:2026-03-13T20:00:00Z:2026-03-16T06:00:00Z,REGULAR_WEEKEND,LISTING_AFTER_30_DAYS,1,1,0.01590716106967967,0.0021449211610717347,0.01415851700481703,1.1272727272727272,0.00124,0.32303030303030306,287.6363636363636,273.50545454545454,41345.11446727273,18.1572,177.4181818181818
SYMBOL:PLTRUSDT,2026-03,W,,W:2026-03-20T20:00:00Z:2026-03-23T06:00:00Z,REGULAR_WEEKEND,LISTING_AFTER_30_DAYS,1,1,0.01957299456314231,0.002639222048492866,0.026600483645157606,1.0545454545454545,0.00116,0.273030303030303,444.8363636363636,448.1276363636364,67823.22155272726,36.4176,265.56363636363636
SYMBOL:PLTRUSDT,2026-03,W,,W:2026-03-27T20:00:00Z:2026-03-30T06:00:00Z,REGULAR_WEEKEND,LISTING_AFTER_30_DAYS,1,1,0.021548303268585506,0.0029055726199993153,0.013489354786282836,1.0727272727272728,0.00118,0.42,331.4,303.25327272727276,42830.60712727273,51.087599999999995,197.8
SYMBOL:PLTRUSDT,2026-04,W,,W:2026-04-02T20:00:00Z:2026-04-06T06:00:00Z,THREE_DAY_LONG_WEEKEND,LISTING_AFTER_30_DAYS,1,1,0.014664871637424299,0.0016499269647899288,0.0013814274750571882,0.46835443037974683,0.0005151898734177216,0.36265822784810126,278.2025316455696,313.66126582278486,46506.94818607595,60.844,167.16455696202533
SYMBOL:PLTRUSDT,2026-04,W,,W:2026-04-10T20:00:00Z:2026-04-13T06:00:00Z,REGULAR_WEEKEND,LISTING_AFTER_30_DAYS,1,1,0.03176551020041819,0.004283260521639332,0.0035486160397445268,1.7636363636363637,0.00194,0.09363636363636364,685.709090909091,1121.9,143958.09463454547,85.3982,446.2
SYMBOL:PLTRUSDT,2026-04,W,,W:2026-04-17T20:00:00Z:2026-04-20T06:00:00Z,REGULAR_WEEKEND,LISTING_AFTER_30_DAYS,1,1,0.029984792347086186,0.004043148575278876,0.023544734996493125,1.2,0.00132,0.18666666666666668,450.9818181818182,539.2452727272728,78513.29414,42.380599999999994,291.3272727272727
SYMBOL:PLTRUSDT,2026-04,W,,W:2026-04-24T20:00:00Z:2026-04-27T06:00:00Z,REGULAR_WEEKEND,LISTING_AFTER_30_DAYS,1,1,0.015334603605149684,0.002067717528304051,0.011791309966080092,0.5454545454545454,0.0006,0.2924242424242424,304.90909090909093,324.58490909090915,46195.45231636364,22.788800000000002,193.25454545454545
SYMBOL:PLTRUSDT,2026-05,W,,W:2026-05-01T20:00:00Z:2026-05-04T06:00:00Z,REGULAR_WEEKEND,LISTING_AFTER_30_DAYS,1,1,0.021192059098136495,0.002857536665855305,0.02669838752313003,0.8545454545454545,0.00094,0.2733333333333333,339.7818181818182,341.5681818181818,49815.050249090906,21.9885,215.03636363636363
SYMBOL:PLTRUSDT,2026-05,W,,W:2026-05-08T20:00:00Z:2026-05-11T06:00:00Z,REGULAR_WEEKEND,LISTING_AFTER_30_DAYS,1,1,0.016673318587564937,0.0022482298197084197,0.017472572125152172,0.8545454545454545,0.00094,0.1690909090909091,390.56363636363636,394.3412727272727,53992.26693272727,21.852,246.25454545454545
SYMBOL:PLTRUSDT,2026-05,W,,W:2026-05-15T20:00:00Z:2026-05-18T06:00:00Z,REGULAR_WEEKEND,LISTING_AFTER_30_DAYS,1,1,0.019594802950254408,0.0026421626908111704,0.0054618855378767515,1.1090909090909091,0.0012200000000000002,0.19454545454545455,592.8727272727273,389.2681818181818,51715.62971636363,21.2128,312.6727272727273
SYMBOL:PLTRUSDT,2026-05,W,,W:2026-05-22T20:00:00Z:2026-05-26T06:00:00Z,THREE_DAY_LONG_WEEKEND,LISTING_AFTER_30_DAYS,1,1,0.02360574206903652,0.0026558534794253433,0.007569524436399423,1.240506329113924,0.0013645569620253165,0.1890295358649789,608.2025316455696,427.62000000000006,59274.284855696205,25.7127,296.1518987341772
SYMBOL:PLTRUSDT,2026-05,W,,W:2026-05-29T20:00:00Z:2026-06-01T06:00:00Z,REGULAR_WEEKEND,LISTING_AFTER_30_DAYS,1,1,0.044097648322959135,0.0059461256868582925,0.027838427947597992,1.8909090909090909,0.0020800000000000003,0.02212121212121212,2558.581818181818,1468.3972727272728,236025.97738363637,45.01840000000001,1264.6181818181817
SYMBOL:PLTRUSDT,2026-03,O,,O:2026-03-02T21:00:00Z:2026-03-03T07:00:00Z,ORDINARY_WEEKDAY_OVERNIGHT,LISTING_DAYS_15_30,1,1,0.016413993768500272,0.006203906504687945,0.07000864304235126,5.428571428571429,0.005971428571428572,0.047619047619047616,812.0,1206.3600000000001,173826.37045714285,132.94685,471.42857142857144
SYMBOL:PLTRUSDT,2026-03,O,,O:2026-03-03T21:00:00Z:2026-03-04T07:00:00Z,ORDINARY_WEEKDAY_OVERNIGHT,LISTING_DAYS_15_30,1,1,0.015972943316651618,0.0060372051030844875,0.020521353300055778,6.142857142857143,0.006757142857142858,0.02142857142857143,1339.142857142857,2594.2285714285713,378255.38560000004,309.1566,737.1428571428571
SYMBOL:PLTRUSDT,2026-03,O,,O:2026-03-04T21:00:00Z:2026-03-05T07:00:00Z,ORDINARY_WEEKDAY_OVERNIGHT,LISTING_DAYS_15_30,1,1,0.014012579267048745,0.0052962571381701025,0.019863236730707067,4.571428571428571,0.005028571428571428,0.030952380952380953,1175.4285714285713,1627.8257142857144,248198.68137142857,152.72,617.7142857142857
SYMBOL:PLTRUSDT,2026-03,O,,O:2026-03-05T21:00:00Z:2026-03-06T07:00:00Z,ORDINARY_WEEKDAY_OVERNIGHT,LISTING_DAYS_15_30,1,1,0.008901435151082248,0.003364426245904613,0.03459459459459609,2.7142857142857144,0.002985714285714286,0.08095238095238096,735.5714285714286,989.0585714285714,151013.90087142857,62.832499999999996,421.57142857142856
SYMBOL:PLTRUSDT,2026-03,O,,O:2026-03-09T20:00:00Z:2026-03-10T06:00:00Z,ORDINARY_WEEKDAY_OVERNIGHT,LISTING_DAYS_15_30,1,1,0.011062130858739243,0.004181092460382488,0.005880047040376528,2.7142857142857144,0.002985714285714286,0.06904761904761905,974.4285714285714,1207.6257142857141,186642.53494285716,55.569599999999994,573.7142857142857
SYMBOL:PLTRUSDT,2026-03,O,,O:2026-03-10T20:00:00Z:2026-03-11T06:00:00Z,ORDINARY_WEEKDAY_OVERNIGHT,LISTING_DAYS_15_30,1,1,0.007533546237041663,0.002847412833374099,0.028382838283829728,1.0,0.0011,0.11666666666666667,666.5714285714286,695.0185714285715,105205.54872857142,102.7106,358.85714285714283
SYMBOL:PLTRUSDT,2026-03,O,,O:2026-03-11T20:00:00Z:2026-03-12T06:00:00Z,ORDINARY_WEEKDAY_OVERNIGHT,LISTING_DAYS_15_30,1,1,0.008069311593852314,0.0030499131041176373,0.005008347245409268,1.7142857142857142,0.0018857142857142857,0.04047619047619048,819.4285714285714,985.3671428571428,147789.55120000002,94.39290000000001,474.14285714285717
SYMBOL:PLTRUSDT,2026-03,O,,O:2026-03-12T20:00:00Z:2026-03-13T06:00:00Z,ORDINARY_WEEKDAY_OVERNIGHT,LISTING_AFTER_30_DAYS,1,1,0.008294945302179302,0.003135194629778565,0.026689381033503993,1.4285714285714286,0.0015714285714285715,0.14285714285714285,767.4285714285714,852.4228571428572,130316.05251428571,145.50675,392.0
SYMBOL:PLTRUSDT,2026-03,O,,O:2026-03-16T20:00:00Z:2026-03-17T06:00:00Z,ORDINARY_WEEKDAY_OVERNIGHT,LISTING_AFTER_30_DAYS,1,1,0.006974010968448893,0.002635928380450356,0.0469707283866569,1.4285714285714286,0.0015714285714285715,0.09761904761904762,582.1428571428571,692.0685714285713,105305.23112857142,36.542399999999994,354.7142857142857
SYMBOL:PLTRUSDT,2026-03,O,,O:2026-03-17T20:00:00Z:2026-03-18T06:00:00Z,ORDINARY_WEEKDAY_OVERNIGHT,LISTING_AFTER_30_DAYS,1,1,0.005548692636642531,0.002097208688298774,0.1086587436332805,0.5714285714285714,0.0006285714285714285,0.1380952380952381,450.42857142857144,523.7857142857143,81403.27885714287,13.9986,273.14285714285717
SYMBOL:PLTRUSDT,2026-03,O,,O:2026-03-18T20:00:00Z:2026-03-19T06:00:00Z,ORDINARY_WEEKDAY_OVERNIGHT,LISTING_AFTER_30_DAYS,1,1,0.009245944126688058,0.003494638399316412,0.008895866038724035,2.142857142857143,0.002357142857142857,0.10714285714285714,758.8571428571429,991.8742857142857,151265.6927,30.558,408.2857142857143
SYMBOL:PLTRUSDT,2026-03,O,,O:2026-03-19T20:00:00Z:2026-03-20T06:00:00Z,ORDINARY_WEEKDAY_OVERNIGHT,LISTING_AFTER_30_DAYS,1,1,0.0062247755209304334,0.0023527439993692094,0.005997001499251132,0.42857142857142855,0.0004714285714285714,0.1380952380952381,491.57142857142856,754.47,117296.85175714285,37.3092,306.85714285714283
SYMBOL:PLTRUSDT,2026-03,O,,O:2026-03-23T20:00:00Z:2026-03-24T06:00:00Z,ORDINARY_WEEKDAY_OVERNIGHT,LISTING_AFTER_30_DAYS,1,1,0.008919085288252434,0.003371097370698683,0.07758620689655155,3.0,0.0033,0.07142857142857142,1006.5714285714286,1759.5028571428572,281182.0561,105.23370000000001,524.0
SYMBOL:PLTRUSDT,2026-03,O,,O:2026-03-24T20:00:00Z:2026-03-25T06:00:00Z,ORDINARY_WEEKDAY_OVERNIGHT,LISTING_AFTER_30_DAYS,1,1,0.010010347280253963,0.0037835556344205405,0.0009293680297402544,2.857142857142857,0.003142857142857143,0.07142857142857142,817.2857142857143,880.9828571428571,138503.1709,12.5328,510.14285714285717
SYMBOL:PLTRUSDT,2026-03,O,,O:2026-03-25T20:00:00Z:2026-03-26T06:00:00Z,ORDINARY_WEEKDAY_OVERNIGHT,LISTING_AFTER_30_DAYS,1,1,0.009674096124524287,0.0036564646435464296,0.02040816326530636,2.2857142857142856,0.002514285714285714,0.21904761904761905,600.4285714285714,881.0257142857143,136409.8491,65.226,315.0
SYMBOL:PLTRUSDT,2026-03,O,,O:2026-03-26T20:00:00Z:2026-03-27T06:00:00Z,ORDINARY_WEEKDAY_OVERNIGHT,LISTING_AFTER_30_DAYS,1,1,0.008725478924161579,0.00329792104332385,0.050707547169812864,1.7142857142857142,0.0018857142857142857,0.24047619047619048,490.57142857142856,922.4985714285714,136769.67495714285,72.3142,274.42857142857144
SYMBOL:PLTRUSDT,2026-03,O,,O:2026-03-30T20:00:00Z:2026-03-31T06:00:00Z,ORDINARY_WEEKDAY_OVERNIGHT,LISTING_AFTER_30_DAYS,1,1,0.017870002640916878,0.006754226130847646,0.04970178926441315,5.428571428571429,0.005971428571428572,0.03333333333333333,1744.142857142857,2887.654285714286,396393.75604285713,79.4716,909.2857142857143
SYMBOL:PLTRUSDT,2026-03,O,,O:2026-03-31T20:00:00Z:2026-04-01T06:00:00Z,ORDINARY_WEEKDAY_OVERNIGHT,LISTING_AFTER_30_DAYS,1,1,0.009139051838140037,0.003454236911806609,0.08502024291498005,2.7142857142857144,0.002985714285714286,0.05952380952380952,777.0,1205.222857142857,177815.676,28.044,421.0
SYMBOL:PLTRUSDT,2026-04,O,,O:2026-04-01T20:00:00Z:2026-04-02T06:00:00Z,ORDINARY_WEEKDAY_OVERNIGHT,LISTING_AFTER_30_DAYS,1,1,0.016407117176327667,0.006201307397151327,0.13823715916296825,4.857142857142857,0.005342857142857143,0.05714285714285714,1822.857142857143,2740.1771428571433,394528.6543714286,109.25379999999998,877.1428571428571
SYMBOL:PLTRUSDT,2026-04,O,,O:2026-04-06T20:00:00Z:2026-04-07T06:00:00Z,ORDINARY_WEEKDAY_OVERNIGHT,LISTING_AFTER_30_DAYS,1,1,0.009396505946773043,0.003551545418300143,0.034634414513468804,1.8571428571428572,0.002042857142857143,0.06904761904761905,985.0,664.0328571428571,97134.19571428571,47.107200000000006,531.2857142857143
SYMBOL:PLTRUSDT,2026-04,O,,O:2026-04-07T20:00:00Z:2026-04-08T06:00:00Z,ORDINARY_WEEKDAY_OVERNIGHT,LISTING_AFTER_30_DAYS,1,1,0.013343231149595852,0.005043267329697301,0.03760445682451202,2.857142857142857,0.003142857142857143,0.06428571428571428,1449.5714285714287,1115.952857142857,173124.51765714286,34.056,754.5714285714286
SYMBOL:PLTRUSDT,2026-04,O,,O:2026-04-08T20:00:00Z:2026-04-09T06:00:00Z,ORDINARY_WEEKDAY_OVERNIGHT,LISTING_AFTER_30_DAYS,1,1,0.007533219318427608,0.0028472892697524207,0.00375469336670855,1.7142857142857142,0.0018857142857142857,0.04285714285714286,730.5714285714286,921.1814285714287,130114.96427142857,16.9662,386.2857142857143
SYMBOL:PLTRUSDT,2026-04,O,,O:2026-04-09T20:00:00Z:2026-04-10T06:00:00Z,ORDINARY_WEEKDAY_OVERNIGHT,LISTING_AFTER_30_DAYS,1,1,0.007660487191763422,0.002895392004428797,0.05347593582887886,2.2857142857142856,0.002514285714285714,0.0380952380952381,526.1428571428571,909.6785714285714,118928.20184285715,49.5026,325.57142857142856
SYMBOL:PLTRUSDT,2026-04,O,,O:2026-04-13T20:00:00Z:2026-04-14T06:00:00Z,ORDINARY_WEEKDAY_OVERNIGHT,LISTING_AFTER_30_DAYS,1,1,0.00846094837365907,0.003197937893208328,0.039901780233269804,1.4285714285714286,0.0015714285714285715,0.0761904761904762,547.5714285714286,1123.0628571428572,149879.783,65.64529999999999,336.14285714285717
SYMBOL:PLTRUSDT,2026-04,O,,O:2026-04-14T20:00:00Z:2026-04-15T06:00:00Z,ORDINARY_WEEKDAY_OVERNIGHT,LISTING_AFTER_30_DAYS,1,1,0.009040129555049039,0.0034168478032092497,0.014594279042615201,0.8571428571428571,0.0009428571428571429,0.15476190476190477,494.57142857142856,1787.1185714285714,243721.46502857143,54.648,280.7142857142857
SYMBOL:PLTRUSDT,2026-04,O,,O:2026-04-15T20:00:00Z:2026-04-16T06:00:00Z,ORDINARY_WEEKDAY_OVERNIGHT,LISTING_AFTER_30_DAYS,1,1,0.008955392772340249,0.0033848203097882248,0.06239826370048756,2.0,0.0022,0.12380952380952381,645.1428571428571,1290.6928571428573,185431.38632857145,69.0264,295.14285714285717
SYMBOL:PLTRUSDT,2026-04,O,,O:2026-04-16T20:00:00Z:2026-04-17T06:00:00Z,ORDINARY_WEEKDAY_OVERNIGHT,LISTING_AFTER_30_DAYS,1,1,0.007256809184308336,0.00274281605907562,0.002033898305084866,1.0,0.0011,0.16428571428571428,440.85714285714283,728.89,103962.53467142857,61.22769999999999,230.42857142857142
SYMBOL:PLTRUSDT,2026-04,O,,O:2026-04-20T20:00:00Z:2026-04-21T06:00:00Z,ORDINARY_WEEKDAY_OVERNIGHT,LISTING_AFTER_30_DAYS,1,1,0.006693592114232575,0.002529940015994634,0.04943502824858589,1.0,0.0011,0.047619047619047616,507.2857142857143,552.4885714285714,80906.40060000001,21.868499999999997,322.85714285714283
SYMBOL:PLTRUSDT,2026-04,O,,O:2026-04-21T20:00:00Z:2026-04-22T06:00:00Z,ORDINARY_WEEKDAY_OVERNIGHT,LISTING_AFTER_30_DAYS,1,1,0.006304328461397501,0.002382812184589179,0.061435973353075476,0.5714285714285714,0.0006285714285714285,0.08571428571428572,544.2857142857143,824.1414285714285,121734.49789999999,23.6656,309.0
SYMBOL:PLTRUSDT,2026-04,O,,O:2026-04-22T20:00:00Z:2026-04-23T06:00:00Z,ORDINARY_WEEKDAY_OVERNIGHT,LISTING_AFTER_30_DAYS,1,1,0.012356902911090532,0.004670470296816519,0.01149425287356289,2.5714285714285716,0.002828571428571429,0.011904761904761904,1027.4285714285713,1790.9328571428573,268420.9883857143,27.1494,598.2857142857143
SYMBOL:PLTRUSDT,2026-04,O,,O:2026-04-23T20:00:00Z:2026-04-24T06:00:00Z,ORDINARY_WEEKDAY_OVERNIGHT,LISTING_AFTER_30_DAYS,1,1,0.010927039634750548,0.00413003277709943,0.03165098374679245,3.4285714285714284,0.0037714285714285714,0.10238095238095238,497.85714285714283,759.9442857142857,108639.97262857143,25.741799999999998,335.2857142857143
SYMBOL:PLTRUSDT,2026-04,O,,O:2026-04-27T20:00:00Z:2026-04-28T06:00:00Z,ORDINARY_WEEKDAY_OVERNIGHT,LISTING_AFTER_30_DAYS,1,1,0.008517924870111116,0.0032194729846637383,0.026996625421821522,2.0,0.0022,0.10476190476190476,433.85714285714283,326.81857142857143,46650.583600000005,18.5289,301.85714285714283
SYMBOL:PLTRUSDT,2026-04,O,,O:2026-04-28T20:00:00Z:2026-04-29T06:00:00Z,ORDINARY_WEEKDAY_OVERNIGHT,LISTING_AFTER_30_DAYS,1,1,0.008058896639370441,0.0030459766213354815,0.021961932650073998,1.0,0.0011,0.3333333333333333,267.7142857142857,566.8957142857142,80133.79047142857,35.332499999999996,179.14285714285714
SYMBOL:PLTRUSDT,2026-04,O,,O:2026-04-29T20:00:00Z:2026-04-30T06:00:00Z,ORDINARY_WEEKDAY_OVERNIGHT,LISTING_AFTER_30_DAYS,1,1,0.013591594919658964,0.0051371400111637905,0.07804522246535273,3.7142857142857144,0.004085714285714286,0.07857142857142857,568.5714285714286,1104.672857142857,152137.05670000002,49.733999999999995,374.57142857142856
SYMBOL:PLTRUSDT,2026-04,O,,O:2026-04-30T20:00:00Z:2026-05-01T06:00:00Z,ORDINARY_WEEKDAY_OVERNIGHT,LISTING_AFTER_30_DAYS,1,1,0.007416242234979192,0.002803076088052684,0.01954887218045269,2.0,0.0022,0.2357142857142857,321.0,542.5814285714285,76650.85867142856,49.51975,201.14285714285714
SYMBOL:PLTRUSDT,2026-05,O,,O:2026-05-04T20:00:00Z:2026-05-05T06:00:00Z,ORDINARY_WEEKDAY_OVERNIGHT,LISTING_AFTER_30_DAYS,1,1,0.013528060148364359,0.005113126124813664,0.029667149059334066,4.285714285714286,0.004714285714285714,0.0,1108.4285714285713,1408.612857142857,201090.4483142857,37.0578,719.2857142857143
SYMBOL:PLTRUSDT,2026-05,O,,O:2026-05-05T20:00:00Z:2026-05-06T06:00:00Z,ORDINARY_WEEKDAY_OVERNIGHT,LISTING_AFTER_30_DAYS,1,1,0.011233900462374675,0.004246015268099558,0.0651376146788994,2.7142857142857144,0.002985714285714286,0.0,1864.142857142857,2398.0685714285714,322330.22505714284,10.814400000000001,1153.5714285714287
SYMBOL:PLTRUSDT,2026-05,O,,O:2026-05-06T20:00:00Z:2026-05-07T06:00:00Z,ORDINARY_WEEKDAY_OVERNIGHT,LISTING_AFTER_30_DAYS,1,1,0.007715451246840738,0.002916166464540545,0.05234899328859046,0.14285714285714285,0.00015714285714285713,0.023809523809523808,571.7142857142857,926.0357142857143,124028.45592857142,35.985600000000005,392.42857142857144
SYMBOL:PLTRUSDT,2026-05,O,,O:2026-05-07T20:00:00Z:2026-05-08T06:00:00Z,ORDINARY_WEEKDAY_OVERNIGHT,LISTING_AFTER_30_DAYS,1,1,0.007849247545393614,0.002966736712013668,0.08168316831683389,1.7142857142857142,0.0018857142857142857,0.03333333333333333,627.2857142857143,1153.337142857143,157717.56057142856,35.3808,406.85714285714283
SYMBOL:PLTRUSDT,2026-05,O,,O:2026-05-11T20:00:00Z:2026-05-12T06:00:00Z,ORDINARY_WEEKDAY_OVERNIGHT,LISTING_AFTER_30_DAYS,1,1,0.010573168268843839,0.003996281972771445,0.018737672583826546,2.4285714285714284,0.0026714285714285716,0.02619047619047619,636.4285714285714,929.7985714285714,126090.5954,28.40775,396.57142857142856
SYMBOL:PLTRUSDT,2026-05,O,,O:2026-05-12T20:00:00Z:2026-05-13T06:00:00Z,ORDINARY_WEEKDAY_OVERNIGHT,LISTING_AFTER_30_DAYS,1,1,0.008997263427838433,0.003400645930028147,0.03102086858432097,2.2857142857142856,0.002514285714285714,0.047619047619047616,751.7142857142857,1026.0857142857144,140158.90097142858,28.6986,431.42857142857144
SYMBOL:PLTRUSDT,2026-05,O,,O:2026-05-13T20:00:00Z:2026-05-14T06:00:00Z,ORDINARY_WEEKDAY_OVERNIGHT,LISTING_AFTER_30_DAYS,1,1,0.00830407248908266,0.0031386443821665496,0.000610873549176481,2.142857142857143,0.002357142857142857,0.009523809523809525,810.4285714285714,751.6814285714287,97972.66971428572,28.5736,437.0
SYMBOL:PLTRUSDT,2026-05,O,,O:2026-05-14T20:00:00Z:2026-05-15T06:00:00Z,ORDINARY_WEEKDAY_OVERNIGHT,LISTING_AFTER_30_DAYS,1,1,0.012159498074987425,0.0045958582819693354,0.11892361111111295,4.142857142857143,0.004557142857142858,0.04523809523809524,1310.142857142857,1519.2514285714285,200695.28757142858,38.6628,584.4285714285714
SYMBOL:PLTRUSDT,2026-05,O,,O:2026-05-18T20:00:00Z:2026-05-19T06:00:00Z,ORDINARY_WEEKDAY_OVERNIGHT,LISTING_AFTER_30_DAYS,1,1,0.009858916122328833,0.0037263200366181915,0.04444444444444528,2.2857142857142856,0.002514285714285714,0.06666666666666667,905.8571428571429,713.157142857143,95637.84567142857,21.3904,428.0
SYMBOL:PLTRUSDT,2026-05,O,,O:2026-05-19T20:00:00Z:2026-05-20T06:00:00Z,ORDINARY_WEEKDAY_OVERNIGHT,LISTING_AFTER_30_DAYS,1,1,0.009064915508758502,0.0034262160131410782,0.037166085946573266,2.0,0.0022,0.09285714285714286,830.7142857142857,506.55428571428575,68240.11744285714,16.1772,380.7142857142857
SYMBOL:PLTRUSDT,2026-05,O,,O:2026-05-20T20:00:00Z:2026-05-21T06:00:00Z,ORDINARY_WEEKDAY_OVERNIGHT,LISTING_AFTER_30_DAYS,1,1,0.008879523427964095,0.003356144393023536,0.004944375772559442,1.7142857142857142,0.0018857142857142857,0.0761904761904762,743.0,519.9528571428572,70737.37334285714,20.4195,343.42857142857144
SYMBOL:PLTRUSDT,2026-05,O,,O:2026-05-21T20:00:00Z:2026-05-22T06:00:00Z,ORDINARY_WEEKDAY_OVERNIGHT,LISTING_AFTER_30_DAYS,1,1,0.006098516956440309,0.002305022747578798,0.030962343096234572,1.2857142857142858,0.0014142857142857145,0.14047619047619048,560.0,335.63,46322.90647142857,16.557,270.57142857142856
SYMBOL:PLTRUSDT,2026-05,O,,O:2026-05-26T20:00:00Z:2026-05-27T06:00:00Z,ORDINARY_WEEKDAY_OVERNIGHT,LISTING_AFTER_30_DAYS,1,1,0.00675044585034604,0.0025514287084033656,0.04236610711430762,0.8571428571428571,0.0009428571428571429,0.14285714285714285,563.4285714285714,370.24571428571426,50071.068257142855,20.354999999999997,280.14285714285717
SYMBOL:PLTRUSDT,2026-05,O,,O:2026-05-27T20:00:00Z:2026-05-28T06:00:00Z,ORDINARY_WEEKDAY_OVERNIGHT,LISTING_AFTER_30_DAYS,1,1,0.007858571379084777,0.002970260789901174,0.04303147077713591,2.142857142857143,0.002357142857142857,0.03571428571428571,907.2857142857143,706.0585714285714,93589.96202857143,26.642000000000003,424.0
SYMBOL:PLTRUSDT,2026-05,O,,O:2026-05-28T20:00:00Z:2026-05-29T06:00:00Z,ORDINARY_WEEKDAY_OVERNIGHT,LISTING_AFTER_30_DAYS,1,1,0.014034967341491985,0.005304719034928733,0.04045092838196291,4.714285714285714,0.0051857142857142866,0.0,2690.0,2202.032857142857,319891.9477285714,29.062,1190.0
SYMBOL:TSLAUSDT,2026-03,W,,W:2026-03-06T21:00:00Z:2026-03-09T06:00:00Z,REGULAR_WEEKEND,LISTING_AFTER_30_DAYS,1,1,0.01876237469153436,0.0025532357976204506,0.030195905140668437,1.2777777777777777,0.0014055555555555555,0.053703703703703705,1923.648148148148,1185.3899999999999,463837.98921851855,179.09410000000003,950.4074074074074
SYMBOL:TSLAUSDT,2026-03,W,,W:2026-03-13T20:00:00Z:2026-03-16T06:00:00Z,REGULAR_WEEKEND,LISTING_AFTER_30_DAYS,1,1,0.013341596386902927,0.0017989804898180081,0.03423423423423386,0.5272727272727272,0.00058,0.08606060606060606,1462.909090909091,1188.074,465583.59599636367,222.68189999999998,729.4363636363636
SYMBOL:TSLAUSDT,2026-03,W,,W:2026-03-20T20:00:00Z:2026-03-23T06:00:00Z,REGULAR_WEEKEND,LISTING_AFTER_30_DAYS,1,1,0.01605934822650417,0.0021654420731116843,0.060861724737553226,0.8545454545454545,0.00094,0.041212121212121214,2358.7636363636366,2140.3925454545456,787301.4851472727,297.8,1169.3090909090909
SYMBOL:TSLAUSDT,2026-03,W,,W:2026-03-27T20:00:00Z:2026-03-30T06:00:00Z,REGULAR_WEEKEND,LISTING_AFTER_30_DAYS,1,1,0.015059484169498125,0.0020306204311686016,0.008108289217985457,0.6909090909090909,0.00076,0.06878787878787879,2667.2181818181816,2671.557818181818,961185.3457036364,280.07460000000003,1170.9272727272728
SYMBOL:TSLAUSDT,2026-04,W,,W:2026-04-02T20:00:00Z:2026-04-06T06:00:00Z,THREE_DAY_LONG_WEEKEND,LISTING_AFTER_30_DAYS,1,1,0.014213251563366515,0.0015991157366761558,0.01393983859134284,0.45569620253164556,0.0005012658227848101,0.1449367088607595,1177.7215189873418,1129.25,408875.48759746837,198.72050000000002,599.0632911392405
SYMBOL:TSLAUSDT,2026-04,W,,W:2026-04-10T20:00:00Z:2026-04-13T06:00:00Z,REGULAR_WEEKEND,LISTING_AFTER_30_DAYS,1,1,0.022483946798055116,0.0030317347677759226,0.029010238907849904,1.1090909090909091,0.0012200000000000002,0.02696969696969697,2204.018181818182,2585.1767272727275,900350.3300254545,176.19,1103.490909090909
SYMBOL:TSLAUSDT,2026-04,W,,W:2026-04-17T20:00:00Z:2026-04-20T06:00:00Z,REGULAR_WEEKEND,LISTING_AFTER_30_DAYS,1,1,0.016310225595252338,0.0021992703706127156,0.0331149282805029,0.7818181818181819,0.0008600000000000001,0.04515151515151515,1440.6909090909091,1598.534909090909,637407.96034,254.9824,783.3272727272728
SYMBOL:TSLAUSDT,2026-04,W,,W:2026-04-24T20:00:00Z:2026-04-27T06:00:00Z,REGULAR_WEEKEND,LISTING_AFTER_30_DAYS,1,1,0.00931973003129642,0.0012566721410589188,0.003662258392675573,0.2545454545454545,0.00028,0.026363636363636363,1105.7818181818182,573.4225454545455,215492.48684181817,33.8517,570.4909090909091
SYMBOL:TSLAUSDT,2026-05,W,,W:2026-05-01T20:00:00Z:2026-05-04T06:00:00Z,REGULAR_WEEKEND,LISTING_AFTER_30_DAYS,1,1,0.011023610269601811,0.0014864233055227848,0.018857088159279733,0.38181818181818183,0.00042,0.01606060606060606,1303.2727272727273,556.6752727272727,218677.11075636366,31.3912,704.6
SYMBOL:TSLAUSDT,2026-05,W,,W:2026-05-08T20:00:00Z:2026-05-11T06:00:00Z,REGULAR_WEEKEND,LISTING_AFTER_30_DAYS,1,1,0.011055445553172696,0.0014907159742837785,0.01640534262485451,0.43636363636363634,0.00048,0.0012121212121212121,1530.3272727272727,867.7265454545454,370967.24571272725,59.827600000000004,763.8909090909091
SYMBOL:TSLAUSDT,2026-05,W,,W:2026-05-15T20:00:00Z:2026-05-18T06:00:00Z,REGULAR_WEEKEND,LISTING_AFTER_30_DAYS,1,1,0.015917491997564884,0.0021463141831036003,0.023630775432055377,0.9090909090909091,0.001,0.03333333333333333,1640.5454545454545,653.8243636363636,272975.79491454543,33.492,864.7272727272727
SYMBOL:TSLAUSDT,2026-05,W,,W:2026-05-22T20:00:00Z:2026-05-26T06:00:00Z,THREE_DAY_LONG_WEEKEND,LISTING_AFTER_30_DAYS,1,1,0.02175604442316582,0.002447746235251296,0.013697040046430646,1.0253164556962024,0.0011278481012658229,0.00569620253164557,2080.5443037974683,1006.1337974683545,432924.73233417724,99.9511,938.6455696202531
SYMBOL:TSLAUSDT,2026-05,W,,W:2026-05-29T20:00:00Z:2026-06-01T06:00:00Z,REGULAR_WEEKEND,LISTING_AFTER_30_DAYS,1,1,0.01380660274446507,0.001861681934280594,0.014007585335019083,0.5454545454545454,0.0006,0.013333333333333334,1676.290909090909,777.08,338765.64042363636,83.5715,838.3818181818182
SYMBOL:TSLAUSDT,2026-03,O,,O:2026-03-02T21:00:00Z:2026-03-03T07:00:00Z,ORDINARY_WEEKDAY_OVERNIGHT,LISTING_AFTER_30_DAYS,1,1,0.0070238815201741555,0.0026547776772518745,0.14542801556420437,0.8571428571428571,0.0009428571428571429,0.002380952380952381,3440.8571428571427,3658.6985714285715,1464692.7901571428,416.42640000000006,1693.142857142857
SYMBOL:TSLAUSDT,2026-03,O,,O:2026-03-03T21:00:00Z:2026-03-04T07:00:00Z,ORDINARY_WEEKDAY_OVERNIGHT,LISTING_AFTER_30_DAYS,1,1,0.01013403549549859,0.003830305385512927,0.05256263304404729,2.857142857142857,0.003142857142857143,0.0,6292.0,6831.528571428571,2657535.2894857144,499.41760000000005,2966.0
SYMBOL:TSLAUSDT,2026-03,O,,O:2026-03-04T21:00:00Z:2026-03-05T07:00:00Z,ORDINARY_WEEKDAY_OVERNIGHT,LISTING_AFTER_30_DAYS,1,1,0.008075775530671214,0.0030523562425909577,0.010624734381640471,1.7142857142857142,0.0018857142857142857,0.002380952380952381,4182.571428571428,4267.429999999999,1728098.0901142857,453.264,1820.4285714285713
SYMBOL:TSLAUSDT,2026-03,O,,O:2026-03-05T21:00:00Z:2026-03-06T07:00:00Z,ORDINARY_WEEKDAY_OVERNIGHT,LISTING_AFTER_30_DAYS,1,1,0.004986269887305149,0.0018846328702370697,0.03971119133574018,1.5714285714285714,0.0017285714285714287,0.0,2445.714285714286,2110.5885714285714,856193.2241714286,408.7975,1021.2857142857143
SYMBOL:TSLAUSDT,2026-03,O,,O:2026-03-09T20:00:00Z:2026-03-10T06:00:00Z,ORDINARY_WEEKDAY_OVERNIGHT,LISTING_AFTER_30_DAYS,1,1,0.006665504315836358,0.002519323826075819,0.0164336521952406,1.2857142857142858,0.0014142857142857145,0.011904761904761904,2853.285714285714,2316.7942857142857,920429.7796428573,305.65535,1246.0
SYMBOL:TSLAUSDT,2026-03,O,,O:2026-03-10T20:00:00Z:2026-03-11T06:00:00Z,ORDINARY_WEEKDAY_OVERNIGHT,LISTING_AFTER_30_DAYS,1,1,0.004478511977691485,0.0016927184195136742,0.023692810457515066,0.42857142857142855,0.0004714285714285714,0.030952380952380953,1670.4285714285713,1676.185714285714,671523.3966142858,300.6825,788.8571428571429
SYMBOL:TSLAUSDT,2026-03,O,,O:2026-03-11T20:00:00Z:2026-03-12T06:00:00Z,ORDINARY_WEEKDAY_OVERNIGHT,LISTING_AFTER_30_DAYS,1,1,0.007406045707279836,0.002799222162834273,0.01989480905556851,1.5714285714285714,0.0017285714285714287,0.007142857142857143,2213.714285714286,1422.5571428571427,576473.1040142857,323.56,977.5714285714286
SYMBOL:TSLAUSDT,2026-03,O,,O:2026-03-12T20:00:00Z:2026-03-13T06:00:00Z,ORDINARY_WEEKDAY_OVERNIGHT,LISTING_AFTER_30_DAYS,1,1,0.005710371473290832,0.002158317544589294,0.028245363766048248,1.2857142857142858,0.0014142857142857145,0.002380952380952381,3141.5714285714284,2739.272857142857,1087939.8801714287,408.8276,1352.7142857142858
SYMBOL:TSLAUSDT,2026-03,O,,O:2026-03-16T20:00:00Z:2026-03-17T06:00:00Z,ORDINARY_WEEKDAY_OVERNIGHT,LISTING_AFTER_30_DAYS,1,1,0.0042395108063753165,0.0016023844677485704,0.0265273311897097,0.42857142857142855,0.0004714285714285714,0.004761904761904762,2025.7142857142858,1972.7742857142857,779685.7741428571,426.4596,936.7142857142857
SYMBOL:TSLAUSDT,2026-03,O,,O:2026-03-17T20:00:00Z:2026-03-18T06:00:00Z,ORDINARY_WEEKDAY_OVERNIGHT,LISTING_AFTER_30_DAYS,1,1,0.0032526101246316444,0.0012293710716608764,0.12316269640141975,0.2857142857142857,0.00031428571428571427,0.007142857142857143,1853.5714285714287,1629.8728571428571,652111.2758285714,224.35840000000002,847.5714285714286
SYMBOL:TSLAUSDT,2026-03,O,,O:2026-03-18T20:00:00Z:2026-03-19T06:00:00Z,ORDINARY_WEEKDAY_OVERNIGHT,LISTING_AFTER_30_DAYS,1,1,0.0037968744473700924,0.0014350836495824377,0.004448398576513531,0.42857142857142855,0.0004714285714285714,0.007142857142857143,2275.1428571428573,2354.0142857142855,927061.9441571429,534.9424,959.8571428571429
SYMBOL:TSLAUSDT,2026-03,O,,O:2026-03-19T20:00:00Z:2026-03-20T06:00:00Z,ORDINARY_WEEKDAY_OVERNIGHT,LISTING_AFTER_30_DAYS,1,1,0.004182149022389365,0.001580703751293451,0.01651527663088484,0.5714285714285714,0.0006285714285714285,0.002380952380952381,2260.1428571428573,2746.4900000000002,1051738.7411428571,456.07939999999996,1064.5714285714287
SYMBOL:TSLAUSDT,2026-03,O,,O:2026-03-23T20:00:00Z:2026-03-24T06:00:00Z,ORDINARY_WEEKDAY_OVERNIGHT,LISTING_AFTER_30_DAYS,1,1,0.007944562904532142,0.003002762531500147,0.07166123778501503,2.142857142857143,0.002357142857142857,0.0,4714.571428571428,4966.507142857144,1881381.6949857143,531.006,2226.4285714285716
SYMBOL:TSLAUSDT,2026-03,O,,O:2026-03-24T20:00:00Z:2026-03-25T06:00:00Z,ORDINARY_WEEKDAY_OVERNIGHT,LISTING_AFTER_30_DAYS,1,1,0.009088129722513574,0.003434990161209337,0.04283965728274182,2.142857142857143,0.002357142857142857,0.002380952380952381,4554.0,5229.762857142857,2032635.6093571428,512.1666,2288.5714285714284
SYMBOL:TSLAUSDT,2026-03,O,,O:2026-03-25T20:00:00Z:2026-03-26T06:00:00Z,ORDINARY_WEEKDAY_OVERNIGHT,LISTING_AFTER_30_DAYS,1,1,0.006713422986645504,0.0025374353812355004,0.03328290468986365,1.0,0.0011,0.004761904761904762,3202.8571428571427,4314.2,1662996.7206714286,553.7664,1528.142857142857
SYMBOL:TSLAUSDT,2026-03,O,,O:2026-03-26T20:00:00Z:2026-03-27T06:00:00Z,ORDINARY_WEEKDAY_OVERNIGHT,LISTING_AFTER_30_DAYS,1,1,0.005861554511917153,0.002215459362111625,0.07644499689247942,0.42857142857142855,0.0004714285714285714,0.0,3428.4285714285716,4893.767142857143,1835993.136457143,420.14560000000006,1471.2857142857142
SYMBOL:TSLAUSDT,2026-03,O,,O:2026-03-30T20:00:00Z:2026-03-31T06:00:00Z,ORDINARY_WEEKDAY_OVERNIGHT,LISTING_AFTER_30_DAYS,1,1,0.013660859920815581,0.005163319720823935,0.07203523120478231,3.0,0.0033,0.0,11224.142857142857,11983.655714285715,4272482.251757143,28.7872,5067.285714285715
SYMBOL:TSLAUSDT,2026-03,O,,O:2026-03-31T20:00:00Z:2026-04-01T06:00:00Z,ORDINARY_WEEKDAY_OVERNIGHT,LISTING_AFTER_30_DAYS,1,1,0.007715128126201666,0.00291604433641848,0.06284088214370451,1.4285714285714286,0.0015714285714285715,0.0,3690.285714285714,4350.602857142857,1631845.3963857144,86.07520000000001,1771.2857142857142
SYMBOL:TSLAUSDT,2026-04,O,,O:2026-04-01T20:00:00Z:2026-04-02T06:00:00Z,ORDINARY_WEEKDAY_OVERNIGHT,LISTING_AFTER_30_DAYS,1,1,0.015346937310932143,0.0058005970730321136,0.138013245033111,4.285714285714286,0.004714285714285714,0.0,8568.57142857143,9810.199999999999,3683659.1422142857,257.3936,4354.428571428572
SYMBOL:TSLAUSDT,2026-04,O,,O:2026-04-06T20:00:00Z:2026-04-07T06:00:00Z,ORDINARY_WEEKDAY_OVERNIGHT,LISTING_AFTER_30_DAYS,1,1,0.008064354587756704,0.003048039531921006,0.039594398841139584,2.7142857142857144,0.002985714285714286,0.0,5390.714285714285,6553.671428571428,2295128.5745,535.5,2156.714285714286
SYMBOL:TSLAUSDT,2026-04,O,,O:2026-04-07T20:00:00Z:2026-04-08T06:00:00Z,ORDINARY_WEEKDAY_OVERNIGHT,LISTING_AFTER_30_DAYS,1,1,0.00986047132737982,0.0037269078488757087,0.13402489626555913,2.2857142857142856,0.002514285714285714,0.0,6082.0,7340.722857142857,2647684.054185714,325.377,2869.8571428571427
SYMBOL:TSLAUSDT,2026-04,O,,O:2026-04-08T20:00:00Z:2026-04-09T06:00:00Z,ORDINARY_WEEKDAY_OVERNIGHT,LISTING_AFTER_30_DAYS,1,1,0.006868144603921092,0.002595914655772203,0.057724024189113876,2.2857142857142856,0.002514285714285714,0.0,4199.571428571428,5917.972857142857,2027113.7178285716,542.3502500000001,1784.857142857143
SYMBOL:TSLAUSDT,2026-04,O,,O:2026-04-09T20:00:00Z:2026-04-10T06:00:00Z,ORDINARY_WEEKDAY_OVERNIGHT,LISTING_AFTER_30_DAYS,1,1,0.005400586006107614,0.0020412296437394713,0.058693244739757476,1.0,0.0011,0.0,2699.0,3817.5614285714287,1322469.5009,308.9368,1215.5714285714287
SYMBOL:TSLAUSDT,2026-04,O,,O:2026-04-13T20:00:00Z:2026-04-14T06:00:00Z,ORDINARY_WEEKDAY_OVERNIGHT,LISTING_AFTER_30_DAYS,1,1,0.0051676874473130276,0.0019532022627000672,0.10665451230628543,0.7142857142857143,0.0007857142857142857,0.0,2295.714285714286,3345.1899999999996,1185607.2053857143,127.1502,1093.7142857142858
SYMBOL:TSLAUSDT,2026-04,O,,O:2026-04-14T20:00:00Z:2026-04-15T06:00:00Z,ORDINARY_WEEKDAY_OVERNIGHT,LISTING_AFTER_30_DAYS,1,1,0.006633213004825635,0.002507118857726874,0.030439684329199718,1.1428571428571428,0.001257142857142857,0.002380952380952381,3601.8571428571427,5287.461428571429,1940581.9408285713,497.7056,1502.2857142857142
SYMBOL:TSLAUSDT,2026-04,O,,O:2026-04-15T20:00:00Z:2026-04-16T06:00:00Z,ORDINARY_WEEKDAY_OVERNIGHT,LISTING_AFTER_30_DAYS,1,1,0.008295251603314948,0.003135310400725882,0.04055220017256155,2.2857142857142856,0.002514285714285714,0.002380952380952381,4058.4285714285716,5732.262857142857,2265353.317242857,347.74080000000004,1890.2857142857142
SYMBOL:TSLAUSDT,2026-04,O,,O:2026-04-16T20:00:00Z:2026-04-17T06:00:00Z,ORDINARY_WEEKDAY_OVERNIGHT,LISTING_AFTER_30_DAYS,1,1,0.006304603355802297,0.002382916084908021,0.022298456260721137,1.4285714285714286,0.0015714285714285715,0.004761904761904762,2623.285714285714,4422.2414285714285,1711655.2506285715,599.509,1281.0
SYMBOL:TSLAUSDT,2026-04,O,,O:2026-04-20T20:00:00Z:2026-04-21T06:00:00Z,ORDINARY_WEEKDAY_OVERNIGHT,LISTING_AFTER_30_DAYS,1,1,0.0035000765456894515,0.00132290458708347,0.06958250497018119,0.2857142857142857,0.00031428571428571427,0.002380952380952381,1450.4285714285713,1544.527142857143,607846.4474285714,193.0992,741.2857142857143
SYMBOL:TSLAUSDT,2026-04,O,,O:2026-04-21T20:00:00Z:2026-04-22T06:00:00Z,ORDINARY_WEEKDAY_OVERNIGHT,LISTING_AFTER_30_DAYS,1,1,0.004111269020799695,0.0015539136288457182,0.058064516129034655,0.5714285714285714,0.0006285714285714285,0.0,2937.0,3469.09,1352995.8761857145,334.81089999999995,1049.7142857142858
SYMBOL:TSLAUSDT,2026-04,O,,O:2026-04-22T20:00:00Z:2026-04-23T06:00:00Z,ORDINARY_WEEKDAY_OVERNIGHT,LISTING_AFTER_30_DAYS,1,1,0.015260622910139285,0.005767973296023335,0.03125745645430701,4.714285714285714,0.0051857142857142866,0.0,13871.142857142857,9206.09,3520433.4224142856,19.253500000000003,5874.0
SYMBOL:TSLAUSDT,2026-04,O,,O:2026-04-23T20:00:00Z:2026-04-24T06:00:00Z,ORDINARY_WEEKDAY_OVERNIGHT,LISTING_AFTER_30_DAYS,1,1,0.006084054855793117,0.0022995565873290755,0.047448522829005774,1.4285714285714286,0.0015714285714285715,0.0,2909.8571428571427,1614.4385714285713,604362.2370428572,18.677000000000003,1440.7142857142858
SYMBOL:TSLAUSDT,2026-04,O,,O:2026-04-27T20:00:00Z:2026-04-28T06:00:00Z,ORDINARY_WEEKDAY_OVERNIGHT,LISTING_AFTER_30_DAYS,1,1,0.005601944489090046,0.0021173359966458636,0.07593719961550763,0.7142857142857143,0.0007857142857142857,0.0,2862.714285714286,1169.3885714285714,440907.16827142856,22.5372,1308.2857142857142
SYMBOL:TSLAUSDT,2026-04,O,,O:2026-04-28T20:00:00Z:2026-04-29T06:00:00Z,ORDINARY_WEEKDAY_OVERNIGHT,LISTING_AFTER_30_DAYS,1,1,0.004122691984489023,0.0015582311032967585,0.01703577512776733,0.42857142857142855,0.0004714285714285714,0.002380952380952381,1926.2857142857142,781.2842857142857,295068.5946,22.6872,888.8571428571429
SYMBOL:TSLAUSDT,2026-04,O,,O:2026-04-29T20:00:00Z:2026-04-30T06:00:00Z,ORDINARY_WEEKDAY_OVERNIGHT,LISTING_AFTER_30_DAYS,1,1,0.007988668637823739,0.0030194329317403904,0.08034610630407925,2.142857142857143,0.002357142857142857,0.0,3909.1428571428573,1376.1171428571429,511569.3475857143,14.946800000000001,1996.142857142857
SYMBOL:TSLAUSDT,2026-04,O,,O:2026-04-30T20:00:00Z:2026-05-01T06:00:00Z,ORDINARY_WEEKDAY_OVERNIGHT,LISTING_AFTER_30_DAYS,1,1,0.00359119054910622,0.0013573424433686498,0.022026431718063094,0.42857142857142855,0.0004714285714285714,0.002380952380952381,2032.2857142857142,1021.5228571428571,390167.7447714285,15.3012,974.7142857142857
SYMBOL:TSLAUSDT,2026-05,O,,O:2026-05-04T20:00:00Z:2026-05-05T06:00:00Z,ORDINARY_WEEKDAY_OVERNIGHT,LISTING_AFTER_30_DAYS,1,1,0.0036298894818898786,0.0013719692651042448,0.046632124352330814,0.5714285714285714,0.0006285714285714285,0.0,4224.571428571428,843.5857142857143,331021.8472,58.836,2730.8571428571427
SYMBOL:TSLAUSDT,2026-05,O,,O:2026-05-05T20:00:00Z:2026-05-06T06:00:00Z,ORDINARY_WEEKDAY_OVERNIGHT,LISTING_AFTER_30_DAYS,1,1,0.004786657393953163,0.0018091864393812284,0.05715381664748646,1.0,0.0011,0.0,2626.4285714285716,842.2014285714286,325996.77724285715,15.522200000000002,1286.857142857143
SYMBOL:TSLAUSDT,2026-05,O,,O:2026-05-06T20:00:00Z:2026-05-07T06:00:00Z,ORDINARY_WEEKDAY_OVERNIGHT,LISTING_AFTER_30_DAYS,1,1,0.0038612010639715146,0.001459396825326661,0.0559502664298395,0.7142857142857143,0.0007857142857142857,0.0,1783.2857142857142,680.7385714285714,270497.6447,31.853600000000004,902.1428571428571
SYMBOL:TSLAUSDT,2026-05,O,,O:2026-05-07T20:00:00Z:2026-05-08T06:00:00Z,ORDINARY_WEEKDAY_OVERNIGHT,LISTING_AFTER_30_DAYS,1,1,0.005673017809651413,0.0021441991867968565,0.09799220857057468,0.8571428571428571,0.0009428571428571429,0.0,2311.714285714286,1007.3371428571428,414317.9351,24.7383,1269.4285714285713
SYMBOL:TSLAUSDT,2026-05,O,,O:2026-05-11T20:00:00Z:2026-05-12T06:00:00Z,ORDINARY_WEEKDAY_OVERNIGHT,LISTING_AFTER_30_DAYS,1,1,0.010237425074268435,0.0038693829731673178,0.08954727030625886,2.2857142857142856,0.002514285714285714,0.0,4541.428571428572,4193.447142857143,1841433.4361142856,61.22200000000001,2443.285714285714
SYMBOL:TSLAUSDT,2026-05,O,,O:2026-05-12T20:00:00Z:2026-05-13T06:00:00Z,ORDINARY_WEEKDAY_OVERNIGHT,LISTING_AFTER_30_DAYS,1,1,0.006975297249157802,0.002636414548860641,0.07198228128460762,1.0,0.0011,0.0,3097.1428571428573,1864.7785714285715,808290.3464857143,103.7376,1579.5714285714287
SYMBOL:TSLAUSDT,2026-05,O,,O:2026-05-13T20:00:00Z:2026-05-14T06:00:00Z,ORDINARY_WEEKDAY_OVERNIGHT,LISTING_AFTER_30_DAYS,1,1,0.007311604447221949,0.002763526721746166,0.011425135297654746,2.2857142857142856,0.002514285714285714,0.0,3453.1428571428573,1866.2057142857143,835249.4045857143,80.442,1758.4285714285713
SYMBOL:TSLAUSDT,2026-05,O,,O:2026-05-14T20:00:00Z:2026-05-15T06:00:00Z,ORDINARY_WEEKDAY_OVERNIGHT,LISTING_AFTER_30_DAYS,1,1,0.010347577499386943,0.003911016676477923,0.18974358974358987,2.5714285714285716,0.002828571428571429,0.0,5519.571428571428,3323.8657142857146,1454948.0630857144,109.635,2743.285714285714
SYMBOL:TSLAUSDT,2026-05,O,,O:2026-05-18T20:00:00Z:2026-05-19T06:00:00Z,ORDINARY_WEEKDAY_OVERNIGHT,LISTING_AFTER_30_DAYS,1,1,0.008388694531500656,0.0031706285078340318,0.07938874394334654,1.8571428571428572,0.002042857142857143,0.0,2999.8571428571427,1212.0614285714287,494294.01234285714,28.494200000000003,1635.857142857143
SYMBOL:TSLAUSDT,2026-05,O,,O:2026-05-19T20:00:00Z:2026-05-20T06:00:00Z,ORDINARY_WEEKDAY_OVERNIGHT,LISTING_AFTER_30_DAYS,1,1,0.010870259336216982,0.004108571841486884,0.000317965023847086,2.2857142857142856,0.002514285714285714,0.0,5024.142857142857,3051.3571428571427,1230785.4115714284,36.4257,2520.1428571428573
SYMBOL:TSLAUSDT,2026-05,O,,O:2026-05-20T20:00:00Z:2026-05-21T06:00:00Z,ORDINARY_WEEKDAY_OVERNIGHT,LISTING_AFTER_30_DAYS,1,1,0.011262755137725695,0.004256921310262458,0.1371076738248978,2.857142857142857,0.003142857142857143,0.0,5942.285714285715,4119.221428571428,1736812.7698,89.082,2844.714285714286
SYMBOL:TSLAUSDT,2026-05,O,,O:2026-05-21T20:00:00Z:2026-05-22T06:00:00Z,ORDINARY_WEEKDAY_OVERNIGHT,LISTING_AFTER_30_DAYS,1,1,0.006397370399150598,0.0024179787315597857,0.02337798791699441,1.8571428571428572,0.002042857142857143,0.0,2062.4285714285716,1049.8785714285714,440429.21737142856,75.37859999999999,969.2857142857143
SYMBOL:TSLAUSDT,2026-05,O,,O:2026-05-26T20:00:00Z:2026-05-27T06:00:00Z,ORDINARY_WEEKDAY_OVERNIGHT,LISTING_AFTER_30_DAYS,1,1,0.004917237238323848,0.001858540981444421,0.00500000000000079,1.1428571428571428,0.001257142857142857,0.0,3283.285714285714,1402.3214285714287,609834.3379285715,117.3393,1844.7142857142858
SYMBOL:TSLAUSDT,2026-05,O,,O:2026-05-27T20:00:00Z:2026-05-28T06:00:00Z,ORDINARY_WEEKDAY_OVERNIGHT,LISTING_AFTER_30_DAYS,1,1,0.012592898021404106,0.004759668064318943,0.07248930279385808,4.0,0.0044,0.0,8033.571428571428,7398.935714285714,3203661.3479285715,68.97200000000001,3971.4285714285716
SYMBOL:TSLAUSDT,2026-05,O,,O:2026-05-28T20:00:00Z:2026-05-29T06:00:00Z,ORDINARY_WEEKDAY_OVERNIGHT,LISTING_AFTER_30_DAYS,1,1,0.0045398980871376405,0.001715920188020577,0.008803390935767237,0.5714285714285714,0.0006285714285714285,0.0,2144.1428571428573,917.3485714285714,403611.19904285716,39.681,1022.7142857142857
