window_id,symbol,asset_group,group,seed,calendar_key,month,split,diagnostic_view,status,skip_reason,tradable_rows,tradable_hours,window_realized_volatility,hourly_realized_volatility,directional_efficiency,completed_grid_cycles_per_hour,fee_adjusted_cycle_capacity_per_hour,zero_trade_ratio,trades_per_hour,aggtrade_event_count_per_hour
AMZNUSDT-O-20260209T210000Z,AMZNUSDT,TRADITIONAL_EQUITY,O,,O:2026-02-09T21:00:00Z:2026-02-10T07:00:00Z,2026-02,DESCRIPTIVE_EXPOSED,O_FULL,SKIPPED,INSUFFICIENT_10H_TRADABLE_ROWS,240,4.0,,,,,,,,
AMZNUSDT-O-20260210T210000Z,AMZNUSDT,TRADITIONAL_EQUITY,O,,O:2026-02-10T21:00:00Z:2026-02-11T07:00:00Z,2026-02,DESCRIPTIVE_EXPOSED,O_FULL,SKIPPED,INSUFFICIENT_10H_TRADABLE_ROWS,420,7.0,,,,,,,,
AMZNUSDT-O-20260211T210000Z,AMZNUSDT,TRADITIONAL_EQUITY,O,,O:2026-02-11T21:00:00Z:2026-02-12T07:00:00Z,2026-02,DESCRIPTIVE_EXPOSED,O_FULL,SKIPPED,INSUFFICIENT_10H_TRADABLE_ROWS,420,7.0,,,,,,,,
AMZNUSDT-O-20260212T210000Z,AMZNUSDT,TRADITIONAL_EQUITY,O,,O:2026-02-12T21:00:00Z:2026-02-13T07:00:00Z,2026-02,DESCRIPTIVE_EXPOSED,O_FULL,SKIPPED,INSUFFICIENT_10H_TRADABLE_ROWS,420,7.0,,,,,,,,
AMZNUSDT-nyse_20260213T210000Z,AMZNUSDT,TRADITIONAL_EQUITY,W,,W:2026-02-13T21:00:00Z:2026-02-17T07:00:00Z,2026-02,DESCRIPTIVE_EXPOSED,W_HEAD_10H,READY,,600,10.0,0.006144943655075528,0.001943201804343877,0.005758157389635547,0.7,0.00077,0.4066666666666667,150.6,104.4
AMZNUSDT-nyse_20260213T210000Z,AMZNUSDT,TRADITIONAL_EQUITY,W,,W:2026-02-13T21:00:00Z:2026-02-17T07:00:00Z,2026-02,DESCRIPTIVE_EXPOSED,W_TAIL_10H,READY,,600,10.0,0.010929877350144897,0.003456330697274357,0.015962441314554078,1.6,0.0017600000000000003,0.68,76.2,56.9
AMZNUSDT-O-20260217T210000Z,AMZNUSDT,TRADITIONAL_EQUITY,O,,O:2026-02-17T21:00:00Z:2026-02-18T07:00:00Z,2026-02,DESCRIPTIVE_EXPOSED,O_FULL,SKIPPED,INSUFFICIENT_10H_TRADABLE_ROWS,420,7.0,,,,,,,,
AMZNUSDT-O-20260218T210000Z,AMZNUSDT,TRADITIONAL_EQUITY,O,,O:2026-02-18T21:00:00Z:2026-02-19T07:00:00Z,2026-02,DESCRIPTIVE_EXPOSED,O_FULL,SKIPPED,INSUFFICIENT_10H_TRADABLE_ROWS,420,7.0,,,,,,,,
AMZNUSDT-O-20260219T210000Z,AMZNUSDT,TRADITIONAL_EQUITY,O,,O:2026-02-19T21:00:00Z:2026-02-20T07:00:00Z,2026-02,DESCRIPTIVE_EXPOSED,O_FULL,SKIPPED,INSUFFICIENT_10H_TRADABLE_ROWS,420,7.0,,,,,,,,
AMZNUSDT-nyse_20260220T210000Z,AMZNUSDT,TRADITIONAL_EQUITY,W,,W:2026-02-20T21:00:00Z:2026-02-23T07:00:00Z,2026-02,DESCRIPTIVE_EXPOSED,W_HEAD_10H,READY,,600,10.0,0.004372936019231187,0.0013828437882960425,0.028019323671496215,0.0,0.0,0.5866666666666667,144.7,129.5
AMZNUSDT-nyse_20260220T210000Z,AMZNUSDT,TRADITIONAL_EQUITY,W,,W:2026-02-20T21:00:00Z:2026-02-23T07:00:00Z,2026-02,DESCRIPTIVE_EXPOSED,W_TAIL_10H,READY,,600,10.0,0.01720432384404252,0.005440484895031784,0.03970789593792784,3.8,0.00418,0.375,265.1,192.8
AMZNUSDT-O-20260223T210000Z,AMZNUSDT,TRADITIONAL_EQUITY,O,,O:2026-02-23T21:00:00Z:2026-02-24T07:00:00Z,2026-02,DESCRIPTIVE_EXPOSED,O_FULL,SKIPPED,INSUFFICIENT_10H_TRADABLE_ROWS,420,7.0,,,,,,,,
AMZNUSDT-O-20260224T210000Z,AMZNUSDT,TRADITIONAL_EQUITY,O,,O:2026-02-24T21:00:00Z:2026-02-25T07:00:00Z,2026-02,DESCRIPTIVE_EXPOSED,O_FULL,SKIPPED,INSUFFICIENT_10H_TRADABLE_ROWS,420,7.0,,,,,,,,
AMZNUSDT-O-20260225T210000Z,AMZNUSDT,TRADITIONAL_EQUITY,O,,O:2026-02-25T21:00:00Z:2026-02-26T07:00:00Z,2026-02,DESCRIPTIVE_EXPOSED,O_FULL,SKIPPED,INSUFFICIENT_10H_TRADABLE_ROWS,420,7.0,,,,,,,,
AMZNUSDT-O-20260226T210000Z,AMZNUSDT,TRADITIONAL_EQUITY,O,,O:2026-02-26T21:00:00Z:2026-02-27T07:00:00Z,2026-02,DESCRIPTIVE_EXPOSED,O_FULL,SKIPPED,INSUFFICIENT_10H_TRADABLE_ROWS,420,7.0,,,,,,,,
AMZNUSDT-nyse_20260227T210000Z,AMZNUSDT,TRADITIONAL_EQUITY,W,,W:2026-02-27T21:00:00Z:2026-03-02T07:00:00Z,2026-02,DESCRIPTIVE_EXPOSED,W_HEAD_10H,READY,,600,10.0,0.005228627070712889,0.0016534370579067005,0.06365503080082152,0.4,0.00044000000000000007,0.25666666666666665,738.6,566.1
AMZNUSDT-nyse_20260227T210000Z,AMZNUSDT,TRADITIONAL_EQUITY,W,,W:2026-02-27T21:00:00Z:2026-03-02T07:00:00Z,2026-02,DESCRIPTIVE_EXPOSED,W_TAIL_10H,READY,,600,10.0,0.016193859424874908,0.005120947989118908,0.064359323352129,4.4,0.0048400000000000006,0.06166666666666667,723.1,499.1
AMZNUSDT-O-20260302T210000Z,AMZNUSDT,TRADITIONAL_EQUITY,O,,O:2026-03-02T21:00:00Z:2026-03-03T07:00:00Z,2026-03,RESEARCH_DEVELOPMENT,O_FULL,SKIPPED,INSUFFICIENT_10H_TRADABLE_ROWS,420,7.0,,,,,,,,
AMZNUSDT-O-20260303T210000Z,AMZNUSDT,TRADITIONAL_EQUITY,O,,O:2026-03-03T21:00:00Z:2026-03-04T07:00:00Z,2026-03,RESEARCH_DEVELOPMENT,O_FULL,SKIPPED,INSUFFICIENT_10H_TRADABLE_ROWS,420,7.0,,,,,,,,
AMZNUSDT-O-20260304T210000Z,AMZNUSDT,TRADITIONAL_EQUITY,O,,O:2026-03-04T21:00:00Z:2026-03-05T07:00:00Z,2026-03,RESEARCH_DEVELOPMENT,O_FULL,SKIPPED,INSUFFICIENT_10H_TRADABLE_ROWS,420,7.0,,,,,,,,
AMZNUSDT-O-20260305T210000Z,AMZNUSDT,TRADITIONAL_EQUITY,O,,O:2026-03-05T21:00:00Z:2026-03-06T07:00:00Z,2026-03,RESEARCH_DEVELOPMENT,O_FULL,SKIPPED,INSUFFICIENT_10H_TRADABLE_ROWS,420,7.0,,,,,,,,
AMZNUSDT-nyse_20260306T210000Z,AMZNUSDT,TRADITIONAL_EQUITY,W,,W:2026-03-06T21:00:00Z:2026-03-09T06:00:00Z,2026-03,RESEARCH_DEVELOPMENT,W_HEAD_10H,READY,,600,10.0,0.0036099075036998217,0.0011415529854224148,0.03099885189437085,0.1,0.00011000000000000002,0.41,134.2,89.7
AMZNUSDT-nyse_20260306T210000Z,AMZNUSDT,TRADITIONAL_EQUITY,W,,W:2026-03-06T21:00:00Z:2026-03-09T06:00:00Z,2026-03,RESEARCH_DEVELOPMENT,W_TAIL_10H,READY,,600,10.0,0.0188264026307519,0.005953431246056194,0.07058580004139876,2.8,0.00308,0.04666666666666667,1582.9,1143.9
AMZNUSDT-O-20260309T200000Z,AMZNUSDT,TRADITIONAL_EQUITY,O,,O:2026-03-09T20:00:00Z:2026-03-10T06:00:00Z,2026-03,RESEARCH_DEVELOPMENT,O_FULL,SKIPPED,INSUFFICIENT_10H_TRADABLE_ROWS,420,7.0,,,,,,,,
AMZNUSDT-O-20260310T200000Z,AMZNUSDT,TRADITIONAL_EQUITY,O,,O:2026-03-10T20:00:00Z:2026-03-11T06:00:00Z,2026-03,RESEARCH_DEVELOPMENT,O_FULL,SKIPPED,INSUFFICIENT_10H_TRADABLE_ROWS,420,7.0,,,,,,,,
AMZNUSDT-O-20260311T200000Z,AMZNUSDT,TRADITIONAL_EQUITY,O,,O:2026-03-11T20:00:00Z:2026-03-12T06:00:00Z,2026-03,RESEARCH_DEVELOPMENT,O_FULL,SKIPPED,INSUFFICIENT_10H_TRADABLE_ROWS,420,7.0,,,,,,,,
AMZNUSDT-O-20260312T200000Z,AMZNUSDT,TRADITIONAL_EQUITY,O,,O:2026-03-12T20:00:00Z:2026-03-13T06:00:00Z,2026-03,RESEARCH_DEVELOPMENT,O_FULL,SKIPPED,INSUFFICIENT_10H_TRADABLE_ROWS,420,7.0,,,,,,,,
AMZNUSDT-nyse_20260313T200000Z,AMZNUSDT,TRADITIONAL_EQUITY,W,,W:2026-03-13T20:00:00Z:2026-03-16T06:00:00Z,2026-03,RESEARCH_DEVELOPMENT,W_HEAD_10H,READY,,600,10.0,0.004876100976302622,0.0015419585186087004,0.02162162162162184,0.2,0.00022000000000000003,0.5166666666666667,181.4,114.7
AMZNUSDT-nyse_20260313T200000Z,AMZNUSDT,TRADITIONAL_EQUITY,W,,W:2026-03-13T20:00:00Z:2026-03-16T06:00:00Z,2026-03,RESEARCH_DEVELOPMENT,W_TAIL_10H,READY,,600,10.0,0.007811312306907117,0.00247015384047307,0.0690717113946328,1.2,0.00132,0.2833333333333333,440.6,292.7
AMZNUSDT-O-20260316T200000Z,AMZNUSDT,TRADITIONAL_EQUITY,O,,O:2026-03-16T20:00:00Z:2026-03-17T06:00:00Z,2026-03,RESEARCH_DEVELOPMENT,O_FULL,SKIPPED,INSUFFICIENT_10H_TRADABLE_ROWS,420,7.0,,,,,,,,
AMZNUSDT-O-20260317T200000Z,AMZNUSDT,TRADITIONAL_EQUITY,O,,O:2026-03-17T20:00:00Z:2026-03-18T06:00:00Z,2026-03,RESEARCH_DEVELOPMENT,O_FULL,SKIPPED,INSUFFICIENT_10H_TRADABLE_ROWS,420,7.0,,,,,,,,
AMZNUSDT-O-20260318T200000Z,AMZNUSDT,TRADITIONAL_EQUITY,O,,O:2026-03-18T20:00:00Z:2026-03-19T06:00:00Z,2026-03,RESEARCH_DEVELOPMENT,O_FULL,SKIPPED,INSUFFICIENT_10H_TRADABLE_ROWS,420,7.0,,,,,,,,
AMZNUSDT-O-20260319T200000Z,AMZNUSDT,TRADITIONAL_EQUITY,O,,O:2026-03-19T20:00:00Z:2026-03-20T06:00:00Z,2026-03,RESEARCH_DEVELOPMENT,O_FULL,SKIPPED,INSUFFICIENT_10H_TRADABLE_ROWS,420,7.0,,,,,,,,
AMZNUSDT-nyse_20260320T200000Z,AMZNUSDT,TRADITIONAL_EQUITY,W,,W:2026-03-20T20:00:00Z:2026-03-23T06:00:00Z,2026-03,RESEARCH_DEVELOPMENT,W_HEAD_10H,READY,,600,10.0,0.003238078397050123,0.001023970297686544,0.08430232558139379,0.0,0.0,0.5416666666666666,161.8,88.7
AMZNUSDT-nyse_20260320T200000Z,AMZNUSDT,TRADITIONAL_EQUITY,W,,W:2026-03-20T20:00:00Z:2026-03-23T06:00:00Z,2026-03,RESEARCH_DEVELOPMENT,W_TAIL_10H,READY,,600,10.0,0.009741111277034963,0.0030804098576581937,0.09549165779197812,1.5,0.00165,0.135,890.0,571.6
AMZNUSDT-O-20260323T200000Z,AMZNUSDT,TRADITIONAL_EQUITY,O,,O:2026-03-23T20:00:00Z:2026-03-24T06:00:00Z,2026-03,RESEARCH_DEVELOPMENT,O_FULL,SKIPPED,INSUFFICIENT_10H_TRADABLE_ROWS,420,7.0,,,,,,,,
AMZNUSDT-O-20260324T200000Z,AMZNUSDT,TRADITIONAL_EQUITY,O,,O:2026-03-24T20:00:00Z:2026-03-25T06:00:00Z,2026-03,RESEARCH_DEVELOPMENT,O_FULL,SKIPPED,INSUFFICIENT_10H_TRADABLE_ROWS,420,7.0,,,,,,,,
AMZNUSDT-O-20260325T200000Z,AMZNUSDT,TRADITIONAL_EQUITY,O,,O:2026-03-25T20:00:00Z:2026-03-26T06:00:00Z,2026-03,RESEARCH_DEVELOPMENT,O_FULL,SKIPPED,INSUFFICIENT_10H_TRADABLE_ROWS,420,7.0,,,,,,,,
AMZNUSDT-O-20260326T200000Z,AMZNUSDT,TRADITIONAL_EQUITY,O,,O:2026-03-26T20:00:00Z:2026-03-27T06:00:00Z,2026-03,RESEARCH_DEVELOPMENT,O_FULL,SKIPPED,INSUFFICIENT_10H_TRADABLE_ROWS,420,7.0,,,,,,,,
AMZNUSDT-nyse_20260327T200000Z,AMZNUSDT,TRADITIONAL_EQUITY,W,,W:2026-03-27T20:00:00Z:2026-03-30T06:00:00Z,2026-03,RESEARCH_DEVELOPMENT,W_HEAD_10H,READY,,600,10.0,0.002344072214410047,0.0007412607197450315,0.07936507936508509,0.1,0.00011000000000000002,0.4483333333333333,134.3,76.8
AMZNUSDT-nyse_20260327T200000Z,AMZNUSDT,TRADITIONAL_EQUITY,W,,W:2026-03-27T20:00:00Z:2026-03-30T06:00:00Z,2026-03,RESEARCH_DEVELOPMENT,W_TAIL_10H,READY,,600,10.0,0.009347784756839875,0.002956029090861724,0.05407523510971833,1.4,0.00154,0.2866666666666667,484.0,323.7
AMZNUSDT-O-20260330T200000Z,AMZNUSDT,TRADITIONAL_EQUITY,O,,O:2026-03-30T20:00:00Z:2026-03-31T06:00:00Z,2026-03,RESEARCH_DEVELOPMENT,O_FULL,SKIPPED,INSUFFICIENT_10H_TRADABLE_ROWS,420,7.0,,,,,,,,
AMZNUSDT-O-20260331T200000Z,AMZNUSDT,TRADITIONAL_EQUITY,O,,O:2026-03-31T20:00:00Z:2026-04-01T06:00:00Z,2026-03,RESEARCH_DEVELOPMENT,O_FULL,SKIPPED,INSUFFICIENT_10H_TRADABLE_ROWS,420,7.0,,,,,,,,
AMZNUSDT-O-20260401T200000Z,AMZNUSDT,TRADITIONAL_EQUITY,O,,O:2026-04-01T20:00:00Z:2026-04-02T06:00:00Z,2026-04,RESEARCH_DEVELOPMENT,O_FULL,SKIPPED,INSUFFICIENT_10H_TRADABLE_ROWS,420,7.0,,,,,,,,
AMZNUSDT-nyse_20260402T200000Z,AMZNUSDT,TRADITIONAL_EQUITY,W,,W:2026-04-02T20:00:00Z:2026-04-06T06:00:00Z,2026-04,RESEARCH_DEVELOPMENT,W_HEAD_10H,READY,,600,10.0,0.0036559942807081122,0.0011561269039586626,0.008474576271184706,0.1,0.00011000000000000002,0.46,410.7,356.6
AMZNUSDT-nyse_20260402T200000Z,AMZNUSDT,TRADITIONAL_EQUITY,W,,W:2026-04-02T20:00:00Z:2026-04-06T06:00:00Z,2026-04,RESEARCH_DEVELOPMENT,W_TAIL_10H,READY,,600,10.0,0.008212341574489636,0.002596970429868059,0.010567514677104126,1.2,0.00132,0.2783333333333333,317.7,223.7
AMZNUSDT-O-20260406T200000Z,AMZNUSDT,TRADITIONAL_EQUITY,O,,O:2026-04-06T20:00:00Z:2026-04-07T06:00:00Z,2026-04,RESEARCH_DEVELOPMENT,O_FULL,SKIPPED,INSUFFICIENT_10H_TRADABLE_ROWS,420,7.0,,,,,,,,
AMZNUSDT-O-20260407T200000Z,AMZNUSDT,TRADITIONAL_EQUITY,O,,O:2026-04-07T20:00:00Z:2026-04-08T06:00:00Z,2026-04,RESEARCH_DEVELOPMENT,O_FULL,SKIPPED,INSUFFICIENT_10H_TRADABLE_ROWS,420,7.0,,,,,,,,
AMZNUSDT-O-20260408T200000Z,AMZNUSDT,TRADITIONAL_EQUITY,O,,O:2026-04-08T20:00:00Z:2026-04-09T06:00:00Z,2026-04,RESEARCH_DEVELOPMENT,O_FULL,SKIPPED,INSUFFICIENT_10H_TRADABLE_ROWS,420,7.0,,,,,,,,
AMZNUSDT-O-20260409T200000Z,AMZNUSDT,TRADITIONAL_EQUITY,O,,O:2026-04-09T20:00:00Z:2026-04-10T06:00:00Z,2026-04,RESEARCH_DEVELOPMENT,O_FULL,SKIPPED,INSUFFICIENT_10H_TRADABLE_ROWS,420,7.0,,,,,,,,
AMZNUSDT-nyse_20260410T200000Z,AMZNUSDT,TRADITIONAL_EQUITY,W,,W:2026-04-10T20:00:00Z:2026-04-13T06:00:00Z,2026-04,RESEARCH_DEVELOPMENT,W_HEAD_10H,READY,,600,10.0,0.00451937327506452,0.0014291513145698535,0.019243530192434674,0.2,0.00022000000000000003,0.29333333333333333,258.2,174.2
AMZNUSDT-nyse_20260410T200000Z,AMZNUSDT,TRADITIONAL_EQUITY,W,,W:2026-04-10T20:00:00Z:2026-04-13T06:00:00Z,2026-04,RESEARCH_DEVELOPMENT,W_TAIL_10H,READY,,600,10.0,0.01484042114378149,0.0046929532250470675,0.02386831275720204,1.7,0.0018700000000000001,0.08666666666666667,854.5,551.4
AMZNUSDT-O-20260413T200000Z,AMZNUSDT,TRADITIONAL_EQUITY,O,,O:2026-04-13T20:00:00Z:2026-04-14T06:00:00Z,2026-04,RESEARCH_DEVELOPMENT,O_FULL,SKIPPED,INSUFFICIENT_10H_TRADABLE_ROWS,420,7.0,,,,,,,,
AMZNUSDT-O-20260414T200000Z,AMZNUSDT,TRADITIONAL_EQUITY,O,,O:2026-04-14T20:00:00Z:2026-04-15T06:00:00Z,2026-04,RESEARCH_DEVELOPMENT,O_FULL,SKIPPED,INSUFFICIENT_10H_TRADABLE_ROWS,420,7.0,,,,,,,,
AMZNUSDT-O-20260415T200000Z,AMZNUSDT,TRADITIONAL_EQUITY,O,,O:2026-04-15T20:00:00Z:2026-04-16T06:00:00Z,2026-04,RESEARCH_DEVELOPMENT,O_FULL,SKIPPED,INSUFFICIENT_10H_TRADABLE_ROWS,420,7.0,,,,,,,,
AMZNUSDT-O-20260416T200000Z,AMZNUSDT,TRADITIONAL_EQUITY,O,,O:2026-04-16T20:00:00Z:2026-04-17T06:00:00Z,2026-04,RESEARCH_DEVELOPMENT,O_FULL,SKIPPED,INSUFFICIENT_10H_TRADABLE_ROWS,420,7.0,,,,,,,,
AMZNUSDT-nyse_20260417T200000Z,AMZNUSDT,TRADITIONAL_EQUITY,W,,W:2026-04-17T20:00:00Z:2026-04-20T06:00:00Z,2026-04,RESEARCH_DEVELOPMENT,W_HEAD_10H,READY,,600,10.0,0.003787941551483623,0.0011978522946280213,0.021571648690292957,0.2,0.00022000000000000003,0.345,204.4,139.9
AMZNUSDT-nyse_20260417T200000Z,AMZNUSDT,TRADITIONAL_EQUITY,W,,W:2026-04-17T20:00:00Z:2026-04-20T06:00:00Z,2026-04,RESEARCH_DEVELOPMENT,W_TAIL_10H,READY,,600,10.0,0.006468836273649494,0.002045625643544866,0.027145359019264813,0.5,0.00055,0.09,1065.0,846.4
AMZNUSDT-O-20260420T200000Z,AMZNUSDT,TRADITIONAL_EQUITY,O,,O:2026-04-20T20:00:00Z:2026-04-21T06:00:00Z,2026-04,RESEARCH_DEVELOPMENT,O_FULL,SKIPPED,INSUFFICIENT_10H_TRADABLE_ROWS,420,7.0,,,,,,,,
AMZNUSDT-O-20260421T200000Z,AMZNUSDT,TRADITIONAL_EQUITY,O,,O:2026-04-21T20:00:00Z:2026-04-22T06:00:00Z,2026-04,RESEARCH_DEVELOPMENT,O_FULL,SKIPPED,INSUFFICIENT_10H_TRADABLE_ROWS,420,7.0,,,,,,,,
AMZNUSDT-O-20260422T200000Z,AMZNUSDT,TRADITIONAL_EQUITY,O,,O:2026-04-22T20:00:00Z:2026-04-23T06:00:00Z,2026-04,RESEARCH_DEVELOPMENT,O_FULL,SKIPPED,INSUFFICIENT_10H_TRADABLE_ROWS,420,7.0,,,,,,,,
AMZNUSDT-O-20260423T200000Z,AMZNUSDT,TRADITIONAL_EQUITY,O,,O:2026-04-23T20:00:00Z:2026-04-24T06:00:00Z,2026-04,RESEARCH_DEVELOPMENT,O_FULL,SKIPPED,INSUFFICIENT_10H_TRADABLE_ROWS,420,7.0,,,,,,,,
AMZNUSDT-nyse_20260424T200000Z,AMZNUSDT,TRADITIONAL_EQUITY,W,,W:2026-04-24T20:00:00Z:2026-04-27T06:00:00Z,2026-04,RESEARCH_DEVELOPMENT,W_HEAD_10H,READY,,600,10.0,0.0032877167443497502,0.001039667321361873,0.018587360594794204,0.2,0.00022000000000000003,0.16,329.5,199.7
AMZNUSDT-nyse_20260424T200000Z,AMZNUSDT,TRADITIONAL_EQUITY,W,,W:2026-04-24T20:00:00Z:2026-04-27T06:00:00Z,2026-04,RESEARCH_DEVELOPMENT,W_TAIL_10H,READY,,600,10.0,0.00821527644109145,0.002597898516177108,0.009578544061303151,0.8,0.0008800000000000001,0.015,1087.2,725.3
AMZNUSDT-O-20260427T200000Z,AMZNUSDT,TRADITIONAL_EQUITY,O,,O:2026-04-27T20:00:00Z:2026-04-28T06:00:00Z,2026-04,RESEARCH_DEVELOPMENT,O_FULL,SKIPPED,INSUFFICIENT_10H_TRADABLE_ROWS,420,7.0,,,,,,,,
AMZNUSDT-O-20260428T200000Z,AMZNUSDT,TRADITIONAL_EQUITY,O,,O:2026-04-28T20:00:00Z:2026-04-29T06:00:00Z,2026-04,RESEARCH_DEVELOPMENT,O_FULL,SKIPPED,INSUFFICIENT_10H_TRADABLE_ROWS,420,7.0,,,,,,,,
AMZNUSDT-O-20260429T200000Z,AMZNUSDT,TRADITIONAL_EQUITY,O,,O:2026-04-29T20:00:00Z:2026-04-30T06:00:00Z,2026-04,RESEARCH_DEVELOPMENT,O_FULL,SKIPPED,INSUFFICIENT_10H_TRADABLE_ROWS,420,7.0,,,,,,,,
AMZNUSDT-O-20260430T200000Z,AMZNUSDT,TRADITIONAL_EQUITY,O,,O:2026-04-30T20:00:00Z:2026-05-01T06:00:00Z,2026-04,RESEARCH_DEVELOPMENT,O_FULL,SKIPPED,INSUFFICIENT_10H_TRADABLE_ROWS,420,7.0,,,,,,,,
AMZNUSDT-nyse_20260501T200000Z,AMZNUSDT,TRADITIONAL_EQUITY,W,,W:2026-05-01T20:00:00Z:2026-05-04T06:00:00Z,2026-05,RESEARCH_DEVELOPMENT,W_HEAD_10H,READY,,600,10.0,0.0038859500424011464,0.0012288453007615512,0.007398273736128505,0.4,0.00044000000000000007,0.11166666666666666,386.6,262.3
AMZNUSDT-nyse_20260501T200000Z,AMZNUSDT,TRADITIONAL_EQUITY,W,,W:2026-05-01T20:00:00Z:2026-05-04T06:00:00Z,2026-05,RESEARCH_DEVELOPMENT,W_TAIL_10H,READY,,600,10.0,0.0068813256813426765,0.00217606624744529,0.006202618883528657,0.5,0.00055,0.06666666666666667,914.5,593.8
AMZNUSDT-O-20260504T200000Z,AMZNUSDT,TRADITIONAL_EQUITY,O,,O:2026-05-04T20:00:00Z:2026-05-05T06:00:00Z,2026-05,RESEARCH_DEVELOPMENT,O_FULL,SKIPPED,INSUFFICIENT_10H_TRADABLE_ROWS,420,7.0,,,,,,,,
AMZNUSDT-O-20260505T200000Z,AMZNUSDT,TRADITIONAL_EQUITY,O,,O:2026-05-05T20:00:00Z:2026-05-06T06:00:00Z,2026-05,RESEARCH_DEVELOPMENT,O_FULL,SKIPPED,INSUFFICIENT_10H_TRADABLE_ROWS,420,7.0,,,,,,,,
AMZNUSDT-O-20260506T200000Z,AMZNUSDT,TRADITIONAL_EQUITY,O,,O:2026-05-06T20:00:00Z:2026-05-07T06:00:00Z,2026-05,RESEARCH_DEVELOPMENT,O_FULL,SKIPPED,INSUFFICIENT_10H_TRADABLE_ROWS,420,7.0,,,,,,,,
AMZNUSDT-O-20260507T200000Z,AMZNUSDT,TRADITIONAL_EQUITY,O,,O:2026-05-07T20:00:00Z:2026-05-08T06:00:00Z,2026-05,RESEARCH_DEVELOPMENT,O_FULL,SKIPPED,INSUFFICIENT_10H_TRADABLE_ROWS,420,7.0,,,,,,,,
AMZNUSDT-nyse_20260508T200000Z,AMZNUSDT,TRADITIONAL_EQUITY,W,,W:2026-05-08T20:00:00Z:2026-05-11T06:00:00Z,2026-05,RESEARCH_DEVELOPMENT,W_HEAD_10H,READY,,600,10.0,0.0024393173293385754,0.000771379869662897,0.021864211737630063,0.1,0.00011000000000000002,0.18666666666666668,337.0,200.7
AMZNUSDT-nyse_20260508T200000Z,AMZNUSDT,TRADITIONAL_EQUITY,W,,W:2026-05-08T20:00:00Z:2026-05-11T06:00:00Z,2026-05,RESEARCH_DEVELOPMENT,W_TAIL_10H,READY,,600,10.0,0.008092924201231165,0.002559207340698934,0.06619078520441167,1.2,0.00132,0.01,1037.3,667.6
AMZNUSDT-O-20260511T200000Z,AMZNUSDT,TRADITIONAL_EQUITY,O,,O:2026-05-11T20:00:00Z:2026-05-12T06:00:00Z,2026-05,RESEARCH_DEVELOPMENT,O_FULL,SKIPPED,INSUFFICIENT_10H_TRADABLE_ROWS,420,7.0,,,,,,,,
AMZNUSDT-O-20260512T200000Z,AMZNUSDT,TRADITIONAL_EQUITY,O,,O:2026-05-12T20:00:00Z:2026-05-13T06:00:00Z,2026-05,RESEARCH_DEVELOPMENT,O_FULL,SKIPPED,INSUFFICIENT_10H_TRADABLE_ROWS,420,7.0,,,,,,,,
AMZNUSDT-O-20260513T200000Z,AMZNUSDT,TRADITIONAL_EQUITY,O,,O:2026-05-13T20:00:00Z:2026-05-14T06:00:00Z,2026-05,RESEARCH_DEVELOPMENT,O_FULL,SKIPPED,INSUFFICIENT_10H_TRADABLE_ROWS,420,7.0,,,,,,,,
AMZNUSDT-O-20260514T200000Z,AMZNUSDT,TRADITIONAL_EQUITY,O,,O:2026-05-14T20:00:00Z:2026-05-15T06:00:00Z,2026-05,RESEARCH_DEVELOPMENT,O_FULL,SKIPPED,INSUFFICIENT_10H_TRADABLE_ROWS,420,7.0,,,,,,,,
AMZNUSDT-nyse_20260515T200000Z,AMZNUSDT,TRADITIONAL_EQUITY,W,,W:2026-05-15T20:00:00Z:2026-05-18T06:00:00Z,2026-05,RESEARCH_DEVELOPMENT,W_HEAD_10H,READY,,600,10.0,0.004207187104632875,0.0013304293793129024,0.022193211488249195,0.3,0.00033,0.25,441.8,252.9
AMZNUSDT-nyse_20260515T200000Z,AMZNUSDT,TRADITIONAL_EQUITY,W,,W:2026-05-15T20:00:00Z:2026-05-18T06:00:00Z,2026-05,RESEARCH_DEVELOPMENT,W_TAIL_10H,READY,,600,10.0,0.008886664223496203,0.002810209974737962,0.036261079774375954,1.2,0.00132,0.16,878.9,437.9
AMZNUSDT-O-20260518T200000Z,AMZNUSDT,TRADITIONAL_EQUITY,O,,O:2026-05-18T20:00:00Z:2026-05-19T06:00:00Z,2026-05,RESEARCH_DEVELOPMENT,O_FULL,SKIPPED,INSUFFICIENT_10H_TRADABLE_ROWS,420,7.0,,,,,,,,
AMZNUSDT-O-20260519T200000Z,AMZNUSDT,TRADITIONAL_EQUITY,O,,O:2026-05-19T20:00:00Z:2026-05-20T06:00:00Z,2026-05,RESEARCH_DEVELOPMENT,O_FULL,SKIPPED,INSUFFICIENT_10H_TRADABLE_ROWS,420,7.0,,,,,,,,
AMZNUSDT-O-20260520T200000Z,AMZNUSDT,TRADITIONAL_EQUITY,O,,O:2026-05-20T20:00:00Z:2026-05-21T06:00:00Z,2026-05,RESEARCH_DEVELOPMENT,O_FULL,SKIPPED,INSUFFICIENT_10H_TRADABLE_ROWS,420,7.0,,,,,,,,
AMZNUSDT-O-20260521T200000Z,AMZNUSDT,TRADITIONAL_EQUITY,O,,O:2026-05-21T20:00:00Z:2026-05-22T06:00:00Z,2026-05,RESEARCH_DEVELOPMENT,O_FULL,SKIPPED,INSUFFICIENT_10H_TRADABLE_ROWS,420,7.0,,,,,,,,
AMZNUSDT-nyse_20260522T200000Z,AMZNUSDT,TRADITIONAL_EQUITY,W,,W:2026-05-22T20:00:00Z:2026-05-26T06:00:00Z,2026-05,RESEARCH_DEVELOPMENT,W_HEAD_10H,READY,,600,10.0,0.0045173732617297445,0.0014285188548209937,0.08460634547590867,0.5,0.00055,0.135,668.3,389.6
AMZNUSDT-nyse_20260522T200000Z,AMZNUSDT,TRADITIONAL_EQUITY,W,,W:2026-05-22T20:00:00Z:2026-05-26T06:00:00Z,2026-05,RESEARCH_DEVELOPMENT,W_TAIL_10H,READY,,600,10.0,0.006091771662451916,0.0019263873439018485,0.08131487889273255,0.8,0.0008800000000000001,0.12333333333333334,845.1,434.2
AMZNUSDT-O-20260526T200000Z,AMZNUSDT,TRADITIONAL_EQUITY,O,,O:2026-05-26T20:00:00Z:2026-05-27T06:00:00Z,2026-05,RESEARCH_DEVELOPMENT,O_FULL,SKIPPED,INSUFFICIENT_10H_TRADABLE_ROWS,420,7.0,,,,,,,,
AMZNUSDT-O-20260527T200000Z,AMZNUSDT,TRADITIONAL_EQUITY,O,,O:2026-05-27T20:00:00Z:2026-05-28T06:00:00Z,2026-05,RESEARCH_DEVELOPMENT,O_FULL,SKIPPED,INSUFFICIENT_10H_TRADABLE_ROWS,420,7.0,,,,,,,,
AMZNUSDT-O-20260528T200000Z,AMZNUSDT,TRADITIONAL_EQUITY,O,,O:2026-05-28T20:00:00Z:2026-05-29T06:00:00Z,2026-05,RESEARCH_DEVELOPMENT,O_FULL,SKIPPED,INSUFFICIENT_10H_TRADABLE_ROWS,420,7.0,,,,,,,,
AMZNUSDT-nyse_20260529T200000Z,AMZNUSDT,TRADITIONAL_EQUITY,W,,W:2026-05-29T20:00:00Z:2026-06-01T06:00:00Z,2026-05,RESEARCH_DEVELOPMENT,W_HEAD_10H,READY,,600,10.0,0.0034120745772446047,0.001078992721044908,0.053545586107090384,0.0,0.0,0.12,502.9,279.5
AMZNUSDT-nyse_20260529T200000Z,AMZNUSDT,TRADITIONAL_EQUITY,W,,W:2026-05-29T20:00:00Z:2026-06-01T06:00:00Z,2026-05,RESEARCH_DEVELOPMENT,W_TAIL_10H,READY,,600,10.0,0.007228456569149299,0.0022858386726118196,0.10132158590308869,0.4,0.00044000000000000007,0.2,591.7,322.4
AMZNUSDT-O-20260601T200000Z,AMZNUSDT,TRADITIONAL_EQUITY,O,,O:2026-06-01T20:00:00Z:2026-06-02T06:00:00Z,2026-06,RESEARCH_VALIDATION_EXPOSED,O_FULL,SKIPPED,INSUFFICIENT_10H_TRADABLE_ROWS,420,7.0,,,,,,,,
AMZNUSDT-O-20260602T200000Z,AMZNUSDT,TRADITIONAL_EQUITY,O,,O:2026-06-02T20:00:00Z:2026-06-03T06:00:00Z,2026-06,RESEARCH_VALIDATION_EXPOSED,O_FULL,SKIPPED,INSUFFICIENT_10H_TRADABLE_ROWS,420,7.0,,,,,,,,
AMZNUSDT-O-20260603T200000Z,AMZNUSDT,TRADITIONAL_EQUITY,O,,O:2026-06-03T20:00:00Z:2026-06-04T06:00:00Z,2026-06,RESEARCH_VALIDATION_EXPOSED,O_FULL,SKIPPED,INSUFFICIENT_10H_TRADABLE_ROWS,420,7.0,,,,,,,,
AMZNUSDT-O-20260604T200000Z,AMZNUSDT,TRADITIONAL_EQUITY,O,,O:2026-06-04T20:00:00Z:2026-06-05T06:00:00Z,2026-06,RESEARCH_VALIDATION_EXPOSED,O_FULL,SKIPPED,INSUFFICIENT_10H_TRADABLE_ROWS,420,7.0,,,,,,,,
AMZNUSDT-nyse_20260605T200000Z,AMZNUSDT,TRADITIONAL_EQUITY,W,,W:2026-06-05T20:00:00Z:2026-06-08T06:00:00Z,2026-06,RESEARCH_VALIDATION_EXPOSED,W_HEAD_10H,READY,,600,10.0,0.009363297177399069,0.0029609345489606718,0.0975927130774228,1.5,0.00165,0.005,1704.4,958.9
AMZNUSDT-nyse_20260605T200000Z,AMZNUSDT,TRADITIONAL_EQUITY,W,,W:2026-06-05T20:00:00Z:2026-06-08T06:00:00Z,2026-06,RESEARCH_VALIDATION_EXPOSED,W_TAIL_10H,READY,,600,10.0,0.009509535036339964,0.0030071790204006365,0.04841869577385884,2.4,0.00264,0.056666666666666664,1373.1,760.0
AMZNUSDT-O-20260608T200000Z,AMZNUSDT,TRADITIONAL_EQUITY,O,,O:2026-06-08T20:00:00Z:2026-06-09T06:00:00Z,2026-06,RESEARCH_VALIDATION_EXPOSED,O_FULL,SKIPPED,INSUFFICIENT_10H_TRADABLE_ROWS,420,7.0,,,,,,,,
AMZNUSDT-O-20260609T200000Z,AMZNUSDT,TRADITIONAL_EQUITY,O,,O:2026-06-09T20:00:00Z:2026-06-10T06:00:00Z,2026-06,RESEARCH_VALIDATION_EXPOSED,O_FULL,SKIPPED,INSUFFICIENT_10H_TRADABLE_ROWS,420,7.0,,,,,,,,
AMZNUSDT-O-20260610T200000Z,AMZNUSDT,TRADITIONAL_EQUITY,O,,O:2026-06-10T20:00:00Z:2026-06-11T06:00:00Z,2026-06,RESEARCH_VALIDATION_EXPOSED,O_FULL,SKIPPED,INSUFFICIENT_10H_TRADABLE_ROWS,420,7.0,,,,,,,,
AMZNUSDT-O-20260611T200000Z,AMZNUSDT,TRADITIONAL_EQUITY,O,,O:2026-06-11T20:00:00Z:2026-06-12T06:00:00Z,2026-06,RESEARCH_VALIDATION_EXPOSED,O_FULL,SKIPPED,INSUFFICIENT_10H_TRADABLE_ROWS,420,7.0,,,,,,,,
AMZNUSDT-nyse_20260612T200000Z,AMZNUSDT,TRADITIONAL_EQUITY,W,,W:2026-06-12T20:00:00Z:2026-06-15T06:00:00Z,2026-06,RESEARCH_VALIDATION_EXPOSED,W_HEAD_10H,READY,,600,10.0,0.006544854815851466,0.0020696648173212525,0.02117916428162525,1.3,0.00143,0.15166666666666667,619.3,367.5
AMZNUSDT-nyse_20260612T200000Z,AMZNUSDT,TRADITIONAL_EQUITY,W,,W:2026-06-12T20:00:00Z:2026-06-15T06:00:00Z,2026-06,RESEARCH_VALIDATION_EXPOSED,W_TAIL_10H,READY,,600,10.0,0.009027097803525298,0.0028546189720243093,0.12026359143327818,1.4,0.00154,0.12666666666666668,1118.7,609.9
AMZNUSDT-O-20260615T200000Z,AMZNUSDT,TRADITIONAL_EQUITY,O,,O:2026-06-15T20:00:00Z:2026-06-16T06:00:00Z,2026-06,RESEARCH_VALIDATION_EXPOSED,O_FULL,SKIPPED,INSUFFICIENT_10H_TRADABLE_ROWS,420,7.0,,,,,,,,
AMZNUSDT-O-20260616T200000Z,AMZNUSDT,TRADITIONAL_EQUITY,O,,O:2026-06-16T20:00:00Z:2026-06-17T06:00:00Z,2026-06,RESEARCH_VALIDATION_EXPOSED,O_FULL,SKIPPED,INSUFFICIENT_10H_TRADABLE_ROWS,420,7.0,,,,,,,,
AMZNUSDT-O-20260617T200000Z,AMZNUSDT,TRADITIONAL_EQUITY,O,,O:2026-06-17T20:00:00Z:2026-06-18T06:00:00Z,2026-06,RESEARCH_VALIDATION_EXPOSED,O_FULL,SKIPPED,INSUFFICIENT_10H_TRADABLE_ROWS,420,7.0,,,,,,,,
AMZNUSDT-nyse_20260618T200000Z,AMZNUSDT,TRADITIONAL_EQUITY,W,,W:2026-06-18T20:00:00Z:2026-06-22T06:00:00Z,2026-06,RESEARCH_VALIDATION_EXPOSED,W_HEAD_10H,READY,,600,10.0,0.0045807594826635135,0.001448563337863129,0.01647989452867494,0.5,0.00055,0.17666666666666667,353.5,222.0
AMZNUSDT-nyse_20260618T200000Z,AMZNUSDT,TRADITIONAL_EQUITY,W,,W:2026-06-18T20:00:00Z:2026-06-22T06:00:00Z,2026-06,RESEARCH_VALIDATION_EXPOSED,W_TAIL_10H,READY,,600,10.0,0.011654075995169957,0.003685342416943053,0.0053872053872053,1.0,0.0011,0.22333333333333333,902.9,572.0
AMZNUSDT-O-20260622T200000Z,AMZNUSDT,TRADITIONAL_EQUITY,O,,O:2026-06-22T20:00:00Z:2026-06-23T06:00:00Z,2026-06,RESEARCH_VALIDATION_EXPOSED,O_FULL,SKIPPED,INSUFFICIENT_10H_TRADABLE_ROWS,420,7.0,,,,,,,,
AMZNUSDT-O-20260623T200000Z,AMZNUSDT,TRADITIONAL_EQUITY,O,,O:2026-06-23T20:00:00Z:2026-06-24T06:00:00Z,2026-06,RESEARCH_VALIDATION_EXPOSED,O_FULL,SKIPPED,INSUFFICIENT_10H_TRADABLE_ROWS,420,7.0,,,,,,,,
AMZNUSDT-O-20260624T200000Z,AMZNUSDT,TRADITIONAL_EQUITY,O,,O:2026-06-24T20:00:00Z:2026-06-25T06:00:00Z,2026-06,RESEARCH_VALIDATION_EXPOSED,O_FULL,SKIPPED,INSUFFICIENT_10H_TRADABLE_ROWS,420,7.0,,,,,,,,
AMZNUSDT-O-20260625T200000Z,AMZNUSDT,TRADITIONAL_EQUITY,O,,O:2026-06-25T20:00:00Z:2026-06-26T06:00:00Z,2026-06,RESEARCH_VALIDATION_EXPOSED,O_FULL,SKIPPED,INSUFFICIENT_10H_TRADABLE_ROWS,420,7.0,,,,,,,,
AMZNUSDT-nyse_20260626T200000Z,AMZNUSDT,TRADITIONAL_EQUITY,W,,W:2026-06-26T20:00:00Z:2026-06-29T06:00:00Z,2026-06,RESEARCH_VALIDATION_EXPOSED,W_HEAD_10H,READY,,600,10.0,0.0066517436127076,0.002103466022763295,0.05020196191575383,1.0,0.0011,0.13166666666666665,632.0,387.6
AMZNUSDT-nyse_20260626T200000Z,AMZNUSDT,TRADITIONAL_EQUITY,W,,W:2026-06-26T20:00:00Z:2026-06-29T06:00:00Z,2026-06,RESEARCH_VALIDATION_EXPOSED,W_TAIL_10H,READY,,600,10.0,0.01195748985349746,0.0037812903035405084,0.048204623708804524,3.3,0.00363,0.14833333333333334,984.5,607.4
AMZNUSDT-O-20260629T200000Z,AMZNUSDT,TRADITIONAL_EQUITY,O,,O:2026-06-29T20:00:00Z:2026-06-30T06:00:00Z,2026-06,RESEARCH_VALIDATION_EXPOSED,O_FULL,SKIPPED,INSUFFICIENT_10H_TRADABLE_ROWS,420,7.0,,,,,,,,
AMZNUSDT-O-20260630T200000Z,AMZNUSDT,TRADITIONAL_EQUITY,O,,O:2026-06-30T20:00:00Z:2026-07-01T06:00:00Z,2026-06,RESEARCH_VALIDATION_EXPOSED,O_FULL,SKIPPED,INSUFFICIENT_10H_TRADABLE_ROWS,420,7.0,,,,,,,,
AMZNUSDT-O-20260701T200000Z,AMZNUSDT,TRADITIONAL_EQUITY,O,,O:2026-07-01T20:00:00Z:2026-07-02T06:00:00Z,2026-07,DESCRIPTIVE_EXPOSED,O_FULL,SKIPPED,INSUFFICIENT_10H_TRADABLE_ROWS,420,7.0,,,,,,,,
AMZNUSDT-nyse_20260702T200000Z,AMZNUSDT,TRADITIONAL_EQUITY,W,,W:2026-07-02T20:00:00Z:2026-07-06T06:00:00Z,2026-07,DESCRIPTIVE_EXPOSED,W_HEAD_10H,READY,,600,10.0,0.008023724846099234,0.002537324583215757,0.01823708206686968,1.1,0.0012100000000000001,0.10166666666666667,612.3,356.9
AMZNUSDT-nyse_20260702T200000Z,AMZNUSDT,TRADITIONAL_EQUITY,W,,W:2026-07-02T20:00:00Z:2026-07-06T06:00:00Z,2026-07,DESCRIPTIVE_EXPOSED,W_TAIL_10H,READY,,600,10.0,0.007939241515625821,0.002510608608354488,0.038062283737023785,1.0,0.0011,0.27,470.5,264.4
AMZNUSDT-O-20260706T200000Z,AMZNUSDT,TRADITIONAL_EQUITY,O,,O:2026-07-06T20:00:00Z:2026-07-07T06:00:00Z,2026-07,DESCRIPTIVE_EXPOSED,O_FULL,SKIPPED,INSUFFICIENT_10H_TRADABLE_ROWS,420,7.0,,,,,,,,
AMZNUSDT-O-20260707T200000Z,AMZNUSDT,TRADITIONAL_EQUITY,O,,O:2026-07-07T20:00:00Z:2026-07-08T06:00:00Z,2026-07,DESCRIPTIVE_EXPOSED,O_FULL,SKIPPED,INSUFFICIENT_10H_TRADABLE_ROWS,420,7.0,,,,,,,,
AMZNUSDT-O-20260708T200000Z,AMZNUSDT,TRADITIONAL_EQUITY,O,,O:2026-07-08T20:00:00Z:2026-07-09T06:00:00Z,2026-07,DESCRIPTIVE_EXPOSED,O_FULL,SKIPPED,INSUFFICIENT_10H_TRADABLE_ROWS,420,7.0,,,,,,,,
AMZNUSDT-O-20260709T200000Z,AMZNUSDT,TRADITIONAL_EQUITY,O,,O:2026-07-09T20:00:00Z:2026-07-10T06:00:00Z,2026-07,DESCRIPTIVE_EXPOSED,O_FULL,SKIPPED,INSUFFICIENT_10H_TRADABLE_ROWS,420,7.0,,,,,,,,
AMZNUSDT-nyse_20260710T200000Z,AMZNUSDT,TRADITIONAL_EQUITY,W,,W:2026-07-10T20:00:00Z:2026-07-13T06:00:00Z,2026-07,DESCRIPTIVE_EXPOSED,W_HEAD_10H,READY,,600,10.0,0.0026808559997062754,0.0008477611037999522,0.0469798657718131,0.0,0.0,0.4,306.5,154.0
AMZNUSDT-nyse_20260710T200000Z,AMZNUSDT,TRADITIONAL_EQUITY,W,,W:2026-07-10T20:00:00Z:2026-07-13T06:00:00Z,2026-07,DESCRIPTIVE_EXPOSED,W_TAIL_10H,READY,,600,10.0,0.008785871528884702,0.0027783365260901495,0.03652517275419475,1.4,0.00154,0.165,893.6,530.6
AMZNUSDT-O-20260713T200000Z,AMZNUSDT,TRADITIONAL_EQUITY,O,,O:2026-07-13T20:00:00Z:2026-07-14T06:00:00Z,2026-07,DESCRIPTIVE_EXPOSED,O_FULL,SKIPPED,INSUFFICIENT_10H_TRADABLE_ROWS,420,7.0,,,,,,,,
AMZNUSDT-O-20260714T200000Z,AMZNUSDT,TRADITIONAL_EQUITY,O,,O:2026-07-14T20:00:00Z:2026-07-15T06:00:00Z,2026-07,DESCRIPTIVE_EXPOSED,O_FULL,SKIPPED,INSUFFICIENT_10H_TRADABLE_ROWS,420,7.0,,,,,,,,
AMZNUSDT-O-20260715T200000Z,AMZNUSDT,TRADITIONAL_EQUITY,O,,O:2026-07-15T20:00:00Z:2026-07-16T06:00:00Z,2026-07,DESCRIPTIVE_EXPOSED,O_FULL,SKIPPED,INSUFFICIENT_10H_TRADABLE_ROWS,420,7.0,,,,,,,,
AMZNUSDT-O-20260716T200000Z,AMZNUSDT,TRADITIONAL_EQUITY,O,,O:2026-07-16T20:00:00Z:2026-07-17T06:00:00Z,2026-07,DESCRIPTIVE_EXPOSED,O_FULL,SKIPPED,INSUFFICIENT_10H_TRADABLE_ROWS,420,7.0,,,,,,,,
AMZNUSDT-nyse_20260717T200000Z,AMZNUSDT,TRADITIONAL_EQUITY,W,,W:2026-07-17T20:00:00Z:2026-07-20T06:00:00Z,2026-07,DESCRIPTIVE_EXPOSED,W_HEAD_10H,READY,,600,10.0,0.0027521569936796403,0.0008703084578389294,0.01948051948052068,0.1,0.00011000000000000002,0.6233333333333333,279.4,109.2
AMZNUSDT-nyse_20260717T200000Z,AMZNUSDT,TRADITIONAL_EQUITY,W,,W:2026-07-17T20:00:00Z:2026-07-20T06:00:00Z,2026-07,DESCRIPTIVE_EXPOSED,W_TAIL_10H,READY,,600,10.0,0.007068281658922296,0.002235186918578787,0.007766103243489561,0.8,0.0008800000000000001,0.30333333333333334,743.0,382.0
AMZNUSDT-O-20260720T200000Z,AMZNUSDT,TRADITIONAL_EQUITY,O,,O:2026-07-20T20:00:00Z:2026-07-21T06:00:00Z,2026-07,DESCRIPTIVE_EXPOSED,O_FULL,SKIPPED,INSUFFICIENT_10H_TRADABLE_ROWS,420,7.0,,,,,,,,
AMZNUSDT-O-20260721T200000Z,AMZNUSDT,TRADITIONAL_EQUITY,O,,O:2026-07-21T20:00:00Z:2026-07-22T06:00:00Z,2026-07,DESCRIPTIVE_EXPOSED,O_FULL,SKIPPED,INSUFFICIENT_10H_TRADABLE_ROWS,420,7.0,,,,,,,,
AMZNUSDT-O-20260722T200000Z,AMZNUSDT,TRADITIONAL_EQUITY,O,,O:2026-07-22T20:00:00Z:2026-07-23T06:00:00Z,2026-07,DESCRIPTIVE_EXPOSED,O_FULL,SKIPPED,INSUFFICIENT_10H_TRADABLE_ROWS,420,7.0,,,,,,,,
AMZNUSDT-O-20260723T200000Z,AMZNUSDT,TRADITIONAL_EQUITY,O,,O:2026-07-23T20:00:00Z:2026-07-24T06:00:00Z,2026-07,DESCRIPTIVE_EXPOSED,O_FULL,SKIPPED,INSUFFICIENT_10H_TRADABLE_ROWS,60,1.0,,,,,,,,
COINUSDT-O-20260209T210000Z,COINUSDT,CRYPTO_SENSITIVE_EQUITY,O,,O:2026-02-09T21:00:00Z:2026-02-10T07:00:00Z,2026-02,DESCRIPTIVE_EXPOSED,O_FULL,SKIPPED,INSUFFICIENT_10H_TRADABLE_ROWS,240,4.0,,,,,,,,
COINUSDT-O-20260210T210000Z,COINUSDT,CRYPTO_SENSITIVE_EQUITY,O,,O:2026-02-10T21:00:00Z:2026-02-11T07:00:00Z,2026-02,DESCRIPTIVE_EXPOSED,O_FULL,SKIPPED,INSUFFICIENT_10H_TRADABLE_ROWS,420,7.0,,,,,,,,
COINUSDT-O-20260211T210000Z,COINUSDT,CRYPTO_SENSITIVE_EQUITY,O,,O:2026-02-11T21:00:00Z:2026-02-12T07:00:00Z,2026-02,DESCRIPTIVE_EXPOSED,O_FULL,SKIPPED,INSUFFICIENT_10H_TRADABLE_ROWS,420,7.0,,,,,,,,
COINUSDT-O-20260212T210000Z,COINUSDT,CRYPTO_SENSITIVE_EQUITY,O,,O:2026-02-12T21:00:00Z:2026-02-13T07:00:00Z,2026-02,DESCRIPTIVE_EXPOSED,O_FULL,SKIPPED,INSUFFICIENT_10H_TRADABLE_ROWS,420,7.0,,,,,,,,
COINUSDT-nyse_20260213T210000Z,COINUSDT,CRYPTO_SENSITIVE_EQUITY,W,,W:2026-02-13T21:00:00Z:2026-02-17T07:00:00Z,2026-02,DESCRIPTIVE_EXPOSED,W_HEAD_10H,READY,,600,10.0,0.013890995474198337,0.004392718466555747,0.03801396431342124,3.3,0.00363,0.041666666666666664,830.6,544.1
COINUSDT-nyse_20260213T210000Z,COINUSDT,CRYPTO_SENSITIVE_EQUITY,W,,W:2026-02-13T21:00:00Z:2026-02-17T07:00:00Z,2026-02,DESCRIPTIVE_EXPOSED,W_TAIL_10H,READY,,600,10.0,0.016114085065348567,0.00509572112162047,0.06636259977194925,2.7,0.0029700000000000004,0.09,578.0,396.4
COINUSDT-O-20260217T210000Z,COINUSDT,CRYPTO_SENSITIVE_EQUITY,O,,O:2026-02-17T21:00:00Z:2026-02-18T07:00:00Z,2026-02,DESCRIPTIVE_EXPOSED,O_FULL,SKIPPED,INSUFFICIENT_10H_TRADABLE_ROWS,420,7.0,,,,,,,,
COINUSDT-O-20260218T210000Z,COINUSDT,CRYPTO_SENSITIVE_EQUITY,O,,O:2026-02-18T21:00:00Z:2026-02-19T07:00:00Z,2026-02,DESCRIPTIVE_EXPOSED,O_FULL,SKIPPED,INSUFFICIENT_10H_TRADABLE_ROWS,420,7.0,,,,,,,,
COINUSDT-O-20260219T210000Z,COINUSDT,CRYPTO_SENSITIVE_EQUITY,O,,O:2026-02-19T21:00:00Z:2026-02-20T07:00:00Z,2026-02,DESCRIPTIVE_EXPOSED,O_FULL,SKIPPED,INSUFFICIENT_10H_TRADABLE_ROWS,420,7.0,,,,,,,,
COINUSDT-nyse_20260220T210000Z,COINUSDT,CRYPTO_SENSITIVE_EQUITY,W,,W:2026-02-20T21:00:00Z:2026-02-23T07:00:00Z,2026-02,DESCRIPTIVE_EXPOSED,W_HEAD_10H,READY,,600,10.0,0.007666790092481394,0.0024244519034654177,0.00389105058365728,0.7,0.00077,0.40166666666666667,207.9,150.8
COINUSDT-nyse_20260220T210000Z,COINUSDT,CRYPTO_SENSITIVE_EQUITY,W,,W:2026-02-20T21:00:00Z:2026-02-23T07:00:00Z,2026-02,DESCRIPTIVE_EXPOSED,W_TAIL_10H,READY,,600,10.0,0.020109795659750254,0.006359275756537926,0.05895777862305079,5.0,0.0055000000000000005,0.13833333333333334,558.6,428.1
COINUSDT-O-20260223T210000Z,COINUSDT,CRYPTO_SENSITIVE_EQUITY,O,,O:2026-02-23T21:00:00Z:2026-02-24T07:00:00Z,2026-02,DESCRIPTIVE_EXPOSED,O_FULL,SKIPPED,INSUFFICIENT_10H_TRADABLE_ROWS,420,7.0,,,,,,,,
COINUSDT-O-20260224T210000Z,COINUSDT,CRYPTO_SENSITIVE_EQUITY,O,,O:2026-02-24T21:00:00Z:2026-02-25T07:00:00Z,2026-02,DESCRIPTIVE_EXPOSED,O_FULL,SKIPPED,INSUFFICIENT_10H_TRADABLE_ROWS,420,7.0,,,,,,,,
COINUSDT-O-20260225T210000Z,COINUSDT,CRYPTO_SENSITIVE_EQUITY,O,,O:2026-02-25T21:00:00Z:2026-02-26T07:00:00Z,2026-02,DESCRIPTIVE_EXPOSED,O_FULL,SKIPPED,INSUFFICIENT_10H_TRADABLE_ROWS,420,7.0,,,,,,,,
COINUSDT-O-20260226T210000Z,COINUSDT,CRYPTO_SENSITIVE_EQUITY,O,,O:2026-02-26T21:00:00Z:2026-02-27T07:00:00Z,2026-02,DESCRIPTIVE_EXPOSED,O_FULL,SKIPPED,INSUFFICIENT_10H_TRADABLE_ROWS,420,7.0,,,,,,,,
COINUSDT-nyse_20260227T210000Z,COINUSDT,CRYPTO_SENSITIVE_EQUITY,W,,W:2026-02-27T21:00:00Z:2026-03-02T07:00:00Z,2026-02,DESCRIPTIVE_EXPOSED,W_HEAD_10H,READY,,600,10.0,0.022578790364236562,0.007140040436245035,0.06948018528049425,4.8,0.00528,0.17166666666666666,1311.8,894.9
COINUSDT-nyse_20260227T210000Z,COINUSDT,CRYPTO_SENSITIVE_EQUITY,W,,W:2026-02-27T21:00:00Z:2026-03-02T07:00:00Z,2026-02,DESCRIPTIVE_EXPOSED,W_TAIL_10H,READY,,600,10.0,0.024073532434550512,0.007612719381911798,0.02337514253135713,6.1,0.00671,0.03833333333333333,1255.3,864.4
COINUSDT-O-20260302T210000Z,COINUSDT,CRYPTO_SENSITIVE_EQUITY,O,,O:2026-03-02T21:00:00Z:2026-03-03T07:00:00Z,2026-03,RESEARCH_DEVELOPMENT,O_FULL,SKIPPED,INSUFFICIENT_10H_TRADABLE_ROWS,420,7.0,,,,,,,,
COINUSDT-O-20260303T210000Z,COINUSDT,CRYPTO_SENSITIVE_EQUITY,O,,O:2026-03-03T21:00:00Z:2026-03-04T07:00:00Z,2026-03,RESEARCH_DEVELOPMENT,O_FULL,SKIPPED,INSUFFICIENT_10H_TRADABLE_ROWS,420,7.0,,,,,,,,
COINUSDT-O-20260304T210000Z,COINUSDT,CRYPTO_SENSITIVE_EQUITY,O,,O:2026-03-04T21:00:00Z:2026-03-05T07:00:00Z,2026-03,RESEARCH_DEVELOPMENT,O_FULL,SKIPPED,INSUFFICIENT_10H_TRADABLE_ROWS,420,7.0,,,,,,,,
COINUSDT-O-20260305T210000Z,COINUSDT,CRYPTO_SENSITIVE_EQUITY,O,,O:2026-03-05T21:00:00Z:2026-03-06T07:00:00Z,2026-03,RESEARCH_DEVELOPMENT,O_FULL,SKIPPED,INSUFFICIENT_10H_TRADABLE_ROWS,420,7.0,,,,,,,,
COINUSDT-nyse_20260306T210000Z,COINUSDT,CRYPTO_SENSITIVE_EQUITY,W,,W:2026-03-06T21:00:00Z:2026-03-09T06:00:00Z,2026-03,RESEARCH_DEVELOPMENT,W_HEAD_10H,READY,,600,10.0,0.007315763910486324,0.0023134476781196964,0.013837638376383958,0.9,0.00099,0.12333333333333334,527.9,336.6
COINUSDT-nyse_20260306T210000Z,COINUSDT,CRYPTO_SENSITIVE_EQUITY,W,,W:2026-03-06T21:00:00Z:2026-03-09T06:00:00Z,2026-03,RESEARCH_DEVELOPMENT,W_TAIL_10H,READY,,600,10.0,0.027981734227701237,0.008848601304102853,0.01104428649535293,7.5,0.00825,0.03333333333333333,3384.4,2316.2
COINUSDT-O-20260309T200000Z,COINUSDT,CRYPTO_SENSITIVE_EQUITY,O,,O:2026-03-09T20:00:00Z:2026-03-10T06:00:00Z,2026-03,RESEARCH_DEVELOPMENT,O_FULL,SKIPPED,INSUFFICIENT_10H_TRADABLE_ROWS,420,7.0,,,,,,,,
COINUSDT-O-20260310T200000Z,COINUSDT,CRYPTO_SENSITIVE_EQUITY,O,,O:2026-03-10T20:00:00Z:2026-03-11T06:00:00Z,2026-03,RESEARCH_DEVELOPMENT,O_FULL,SKIPPED,INSUFFICIENT_10H_TRADABLE_ROWS,420,7.0,,,,,,,,
COINUSDT-O-20260311T200000Z,COINUSDT,CRYPTO_SENSITIVE_EQUITY,O,,O:2026-03-11T20:00:00Z:2026-03-12T06:00:00Z,2026-03,RESEARCH_DEVELOPMENT,O_FULL,SKIPPED,INSUFFICIENT_10H_TRADABLE_ROWS,420,7.0,,,,,,,,
COINUSDT-O-20260312T200000Z,COINUSDT,CRYPTO_SENSITIVE_EQUITY,O,,O:2026-03-12T20:00:00Z:2026-03-13T06:00:00Z,2026-03,RESEARCH_DEVELOPMENT,O_FULL,SKIPPED,INSUFFICIENT_10H_TRADABLE_ROWS,420,7.0,,,,,,,,
COINUSDT-nyse_20260313T200000Z,COINUSDT,CRYPTO_SENSITIVE_EQUITY,W,,W:2026-03-13T20:00:00Z:2026-03-16T06:00:00Z,2026-03,RESEARCH_DEVELOPMENT,W_HEAD_10H,READY,,600,10.0,0.006294173467039311,0.0019903924144042966,0.0073221757322167276,0.7,0.00077,0.17166666666666666,572.6,332.5
COINUSDT-nyse_20260313T200000Z,COINUSDT,CRYPTO_SENSITIVE_EQUITY,W,,W:2026-03-13T20:00:00Z:2026-03-16T06:00:00Z,2026-03,RESEARCH_DEVELOPMENT,W_TAIL_10H,READY,,600,10.0,0.020640326049059146,0.0065270441963531205,0.10850095433857011,5.0,0.0055000000000000005,0.056666666666666664,1912.1,1254.5
COINUSDT-O-20260316T200000Z,COINUSDT,CRYPTO_SENSITIVE_EQUITY,O,,O:2026-03-16T20:00:00Z:2026-03-17T06:00:00Z,2026-03,RESEARCH_DEVELOPMENT,O_FULL,SKIPPED,INSUFFICIENT_10H_TRADABLE_ROWS,420,7.0,,,,,,,,
COINUSDT-O-20260317T200000Z,COINUSDT,CRYPTO_SENSITIVE_EQUITY,O,,O:2026-03-17T20:00:00Z:2026-03-18T06:00:00Z,2026-03,RESEARCH_DEVELOPMENT,O_FULL,SKIPPED,INSUFFICIENT_10H_TRADABLE_ROWS,420,7.0,,,,,,,,
COINUSDT-O-20260318T200000Z,COINUSDT,CRYPTO_SENSITIVE_EQUITY,O,,O:2026-03-18T20:00:00Z:2026-03-19T06:00:00Z,2026-03,RESEARCH_DEVELOPMENT,O_FULL,SKIPPED,INSUFFICIENT_10H_TRADABLE_ROWS,420,7.0,,,,,,,,
COINUSDT-O-20260319T200000Z,COINUSDT,CRYPTO_SENSITIVE_EQUITY,O,,O:2026-03-19T20:00:00Z:2026-03-20T06:00:00Z,2026-03,RESEARCH_DEVELOPMENT,O_FULL,SKIPPED,INSUFFICIENT_10H_TRADABLE_ROWS,420,7.0,,,,,,,,
COINUSDT-nyse_20260320T200000Z,COINUSDT,CRYPTO_SENSITIVE_EQUITY,W,,W:2026-03-20T20:00:00Z:2026-03-23T06:00:00Z,2026-03,RESEARCH_DEVELOPMENT,W_HEAD_10H,READY,,600,10.0,0.007805942511597228,0.0024684557620982565,0.03676804357694135,1.4,0.00154,0.10166666666666667,639.8,376.4
COINUSDT-nyse_20260320T200000Z,COINUSDT,CRYPTO_SENSITIVE_EQUITY,W,,W:2026-03-20T20:00:00Z:2026-03-23T06:00:00Z,2026-03,RESEARCH_DEVELOPMENT,W_TAIL_10H,READY,,600,10.0,0.02474141516932125,0.007823922447089566,0.022182331068085946,6.0,0.0066,0.005,3392.1,2191.7
COINUSDT-O-20260323T200000Z,COINUSDT,CRYPTO_SENSITIVE_EQUITY,O,,O:2026-03-23T20:00:00Z:2026-03-24T06:00:00Z,2026-03,RESEARCH_DEVELOPMENT,O_FULL,SKIPPED,INSUFFICIENT_10H_TRADABLE_ROWS,420,7.0,,,,,,,,
COINUSDT-O-20260324T200000Z,COINUSDT,CRYPTO_SENSITIVE_EQUITY,O,,O:2026-03-24T20:00:00Z:2026-03-25T06:00:00Z,2026-03,RESEARCH_DEVELOPMENT,O_FULL,SKIPPED,INSUFFICIENT_10H_TRADABLE_ROWS,420,7.0,,,,,,,,
COINUSDT-O-20260325T200000Z,COINUSDT,CRYPTO_SENSITIVE_EQUITY,O,,O:2026-03-25T20:00:00Z:2026-03-26T06:00:00Z,2026-03,RESEARCH_DEVELOPMENT,O_FULL,SKIPPED,INSUFFICIENT_10H_TRADABLE_ROWS,420,7.0,,,,,,,,
COINUSDT-O-20260326T200000Z,COINUSDT,CRYPTO_SENSITIVE_EQUITY,O,,O:2026-03-26T20:00:00Z:2026-03-27T06:00:00Z,2026-03,RESEARCH_DEVELOPMENT,O_FULL,SKIPPED,INSUFFICIENT_10H_TRADABLE_ROWS,420,7.0,,,,,,,,
COINUSDT-nyse_20260327T200000Z,COINUSDT,CRYPTO_SENSITIVE_EQUITY,W,,W:2026-03-27T20:00:00Z:2026-03-30T06:00:00Z,2026-03,RESEARCH_DEVELOPMENT,W_HEAD_10H,READY,,600,10.0,0.00603508813737289,0.0019084624393961485,0.0176180408738549,0.9,0.00099,0.155,620.3,315.1
COINUSDT-nyse_20260327T200000Z,COINUSDT,CRYPTO_SENSITIVE_EQUITY,W,,W:2026-03-27T20:00:00Z:2026-03-30T06:00:00Z,2026-03,RESEARCH_DEVELOPMENT,W_TAIL_10H,READY,,600,10.0,0.023447227769113087,0.007414664456714599,0.050641458474004045,6.0,0.0066,0.023333333333333334,2952.6,1843.2
COINUSDT-O-20260330T200000Z,COINUSDT,CRYPTO_SENSITIVE_EQUITY,O,,O:2026-03-30T20:00:00Z:2026-03-31T06:00:00Z,2026-03,RESEARCH_DEVELOPMENT,O_FULL,SKIPPED,INSUFFICIENT_10H_TRADABLE_ROWS,420,7.0,,,,,,,,
COINUSDT-O-20260331T200000Z,COINUSDT,CRYPTO_SENSITIVE_EQUITY,O,,O:2026-03-31T20:00:00Z:2026-04-01T06:00:00Z,2026-03,RESEARCH_DEVELOPMENT,O_FULL,SKIPPED,INSUFFICIENT_10H_TRADABLE_ROWS,420,7.0,,,,,,,,
COINUSDT-O-20260401T200000Z,COINUSDT,CRYPTO_SENSITIVE_EQUITY,O,,O:2026-04-01T20:00:00Z:2026-04-02T06:00:00Z,2026-04,RESEARCH_DEVELOPMENT,O_FULL,SKIPPED,INSUFFICIENT_10H_TRADABLE_ROWS,420,7.0,,,,,,,,
COINUSDT-nyse_20260402T200000Z,COINUSDT,CRYPTO_SENSITIVE_EQUITY,W,,W:2026-04-02T20:00:00Z:2026-04-06T06:00:00Z,2026-04,RESEARCH_DEVELOPMENT,W_HEAD_10H,READY,,600,10.0,0.008153705206977358,0.002578427982362309,0.008645533141210766,2.2,0.0024200000000000003,0.08833333333333333,687.6,388.8
COINUSDT-nyse_20260402T200000Z,COINUSDT,CRYPTO_SENSITIVE_EQUITY,W,,W:2026-04-02T20:00:00Z:2026-04-06T06:00:00Z,2026-04,RESEARCH_DEVELOPMENT,W_TAIL_10H,READY,,600,10.0,0.016496117355844567,0.005216530339390316,0.09162424803331737,3.6,0.00396,0.07,2455.1,1421.4
COINUSDT-O-20260406T200000Z,COINUSDT,CRYPTO_SENSITIVE_EQUITY,O,,O:2026-04-06T20:00:00Z:2026-04-07T06:00:00Z,2026-04,RESEARCH_DEVELOPMENT,O_FULL,SKIPPED,INSUFFICIENT_10H_TRADABLE_ROWS,420,7.0,,,,,,,,
COINUSDT-O-20260407T200000Z,COINUSDT,CRYPTO_SENSITIVE_EQUITY,O,,O:2026-04-07T20:00:00Z:2026-04-08T06:00:00Z,2026-04,RESEARCH_DEVELOPMENT,O_FULL,SKIPPED,INSUFFICIENT_10H_TRADABLE_ROWS,420,7.0,,,,,,,,
COINUSDT-O-20260408T200000Z,COINUSDT,CRYPTO_SENSITIVE_EQUITY,O,,O:2026-04-08T20:00:00Z:2026-04-09T06:00:00Z,2026-04,RESEARCH_DEVELOPMENT,O_FULL,SKIPPED,INSUFFICIENT_10H_TRADABLE_ROWS,420,7.0,,,,,,,,
COINUSDT-O-20260409T200000Z,COINUSDT,CRYPTO_SENSITIVE_EQUITY,O,,O:2026-04-09T20:00:00Z:2026-04-10T06:00:00Z,2026-04,RESEARCH_DEVELOPMENT,O_FULL,SKIPPED,INSUFFICIENT_10H_TRADABLE_ROWS,420,7.0,,,,,,,,
COINUSDT-nyse_20260410T200000Z,COINUSDT,CRYPTO_SENSITIVE_EQUITY,W,,W:2026-04-10T20:00:00Z:2026-04-13T06:00:00Z,2026-04,RESEARCH_DEVELOPMENT,W_HEAD_10H,READY,,600,10.0,0.004280848107027038,0.0013537230335425698,0.02356267672007537,0.2,0.00022000000000000003,0.14,527.7,293.0
COINUSDT-nyse_20260410T200000Z,COINUSDT,CRYPTO_SENSITIVE_EQUITY,W,,W:2026-04-10T20:00:00Z:2026-04-13T06:00:00Z,2026-04,RESEARCH_DEVELOPMENT,W_TAIL_10H,READY,,600,10.0,0.020087131512396404,0.006352108723851542,0.0642551166111383,3.8,0.00418,0.005,2881.1,1563.6
COINUSDT-O-20260413T200000Z,COINUSDT,CRYPTO_SENSITIVE_EQUITY,O,,O:2026-04-13T20:00:00Z:2026-04-14T06:00:00Z,2026-04,RESEARCH_DEVELOPMENT,O_FULL,SKIPPED,INSUFFICIENT_10H_TRADABLE_ROWS,420,7.0,,,,,,,,
COINUSDT-O-20260414T200000Z,COINUSDT,CRYPTO_SENSITIVE_EQUITY,O,,O:2026-04-14T20:00:00Z:2026-04-15T06:00:00Z,2026-04,RESEARCH_DEVELOPMENT,O_FULL,SKIPPED,INSUFFICIENT_10H_TRADABLE_ROWS,420,7.0,,,,,,,,
COINUSDT-O-20260415T200000Z,COINUSDT,CRYPTO_SENSITIVE_EQUITY,O,,O:2026-04-15T20:00:00Z:2026-04-16T06:00:00Z,2026-04,RESEARCH_DEVELOPMENT,O_FULL,SKIPPED,INSUFFICIENT_10H_TRADABLE_ROWS,420,7.0,,,,,,,,
COINUSDT-O-20260416T200000Z,COINUSDT,CRYPTO_SENSITIVE_EQUITY,O,,O:2026-04-16T20:00:00Z:2026-04-17T06:00:00Z,2026-04,RESEARCH_DEVELOPMENT,O_FULL,SKIPPED,INSUFFICIENT_10H_TRADABLE_ROWS,420,7.0,,,,,,,,
COINUSDT-nyse_20260417T200000Z,COINUSDT,CRYPTO_SENSITIVE_EQUITY,W,,W:2026-04-17T20:00:00Z:2026-04-20T06:00:00Z,2026-04,RESEARCH_DEVELOPMENT,W_HEAD_10H,READY,,600,10.0,0.006122092760626753,0.0019359757170408544,0.025278058645096017,0.7,0.00077,0.09166666666666666,666.6,396.6
COINUSDT-nyse_20260417T200000Z,COINUSDT,CRYPTO_SENSITIVE_EQUITY,W,,W:2026-04-17T20:00:00Z:2026-04-20T06:00:00Z,2026-04,RESEARCH_DEVELOPMENT,W_TAIL_10H,READY,,600,10.0,0.026771559745478478,0.008465910531098965,0.06464764123471177,5.3,0.00583,0.0033333333333333335,3941.8,2413.7
COINUSDT-O-20260420T200000Z,COINUSDT,CRYPTO_SENSITIVE_EQUITY,O,,O:2026-04-20T20:00:00Z:2026-04-21T06:00:00Z,2026-04,RESEARCH_DEVELOPMENT,O_FULL,SKIPPED,INSUFFICIENT_10H_TRADABLE_ROWS,420,7.0,,,,,,,,
COINUSDT-O-20260421T200000Z,COINUSDT,CRYPTO_SENSITIVE_EQUITY,O,,O:2026-04-21T20:00:00Z:2026-04-22T06:00:00Z,2026-04,RESEARCH_DEVELOPMENT,O_FULL,SKIPPED,INSUFFICIENT_10H_TRADABLE_ROWS,420,7.0,,,,,,,,
COINUSDT-O-20260422T200000Z,COINUSDT,CRYPTO_SENSITIVE_EQUITY,O,,O:2026-04-22T20:00:00Z:2026-04-23T06:00:00Z,2026-04,RESEARCH_DEVELOPMENT,O_FULL,SKIPPED,INSUFFICIENT_10H_TRADABLE_ROWS,420,7.0,,,,,,,,
COINUSDT-O-20260423T200000Z,COINUSDT,CRYPTO_SENSITIVE_EQUITY,O,,O:2026-04-23T20:00:00Z:2026-04-24T06:00:00Z,2026-04,RESEARCH_DEVELOPMENT,O_FULL,SKIPPED,INSUFFICIENT_10H_TRADABLE_ROWS,420,7.0,,,,,,,,
COINUSDT-nyse_20260424T200000Z,COINUSDT,CRYPTO_SENSITIVE_EQUITY,W,,W:2026-04-24T20:00:00Z:2026-04-27T06:00:00Z,2026-04,RESEARCH_DEVELOPMENT,W_HEAD_10H,READY,,600,10.0,0.0037421951238949076,0.0011833860040283907,0.038709677419353467,0.0,0.0,0.17,320.1,221.1
COINUSDT-nyse_20260424T200000Z,COINUSDT,CRYPTO_SENSITIVE_EQUITY,W,,W:2026-04-24T20:00:00Z:2026-04-27T06:00:00Z,2026-04,RESEARCH_DEVELOPMENT,W_TAIL_10H,READY,,600,10.0,0.018550600800660073,0.005866215049462901,0.011039710001647537,4.9,0.005390000000000001,0.023333333333333334,2041.5,1328.1
COINUSDT-O-20260427T200000Z,COINUSDT,CRYPTO_SENSITIVE_EQUITY,O,,O:2026-04-27T20:00:00Z:2026-04-28T06:00:00Z,2026-04,RESEARCH_DEVELOPMENT,O_FULL,SKIPPED,INSUFFICIENT_10H_TRADABLE_ROWS,420,7.0,,,,,,,,
COINUSDT-O-20260428T200000Z,COINUSDT,CRYPTO_SENSITIVE_EQUITY,O,,O:2026-04-28T20:00:00Z:2026-04-29T06:00:00Z,2026-04,RESEARCH_DEVELOPMENT,O_FULL,SKIPPED,INSUFFICIENT_10H_TRADABLE_ROWS,420,7.0,,,,,,,,
COINUSDT-O-20260429T200000Z,COINUSDT,CRYPTO_SENSITIVE_EQUITY,O,,O:2026-04-29T20:00:00Z:2026-04-30T06:00:00Z,2026-04,RESEARCH_DEVELOPMENT,O_FULL,SKIPPED,INSUFFICIENT_10H_TRADABLE_ROWS,420,7.0,,,,,,,,
COINUSDT-O-20260430T200000Z,COINUSDT,CRYPTO_SENSITIVE_EQUITY,O,,O:2026-04-30T20:00:00Z:2026-05-01T06:00:00Z,2026-04,RESEARCH_DEVELOPMENT,O_FULL,SKIPPED,INSUFFICIENT_10H_TRADABLE_ROWS,420,7.0,,,,,,,,
COINUSDT-nyse_20260501T200000Z,COINUSDT,CRYPTO_SENSITIVE_EQUITY,W,,W:2026-05-01T20:00:00Z:2026-05-04T06:00:00Z,2026-05,RESEARCH_DEVELOPMENT,W_HEAD_10H,READY,,600,10.0,0.008405714518108388,0.0026581203238367165,0.016501650165016403,1.2,0.00132,0.008333333333333333,931.6,544.9
COINUSDT-nyse_20260501T200000Z,COINUSDT,CRYPTO_SENSITIVE_EQUITY,W,,W:2026-05-01T20:00:00Z:2026-05-04T06:00:00Z,2026-05,RESEARCH_DEVELOPMENT,W_TAIL_10H,READY,,600,10.0,0.01589024128664299,0.005024935503543637,0.10055423594615977,3.3,0.00363,0.0033333333333333335,2153.6,1349.9
COINUSDT-O-20260504T200000Z,COINUSDT,CRYPTO_SENSITIVE_EQUITY,O,,O:2026-05-04T20:00:00Z:2026-05-05T06:00:00Z,2026-05,RESEARCH_DEVELOPMENT,O_FULL,SKIPPED,INSUFFICIENT_10H_TRADABLE_ROWS,420,7.0,,,,,,,,
COINUSDT-O-20260505T200000Z,COINUSDT,CRYPTO_SENSITIVE_EQUITY,O,,O:2026-05-05T20:00:00Z:2026-05-06T06:00:00Z,2026-05,RESEARCH_DEVELOPMENT,O_FULL,SKIPPED,INSUFFICIENT_10H_TRADABLE_ROWS,420,7.0,,,,,,,,
COINUSDT-O-20260506T200000Z,COINUSDT,CRYPTO_SENSITIVE_EQUITY,O,,O:2026-05-06T20:00:00Z:2026-05-07T06:00:00Z,2026-05,RESEARCH_DEVELOPMENT,O_FULL,SKIPPED,INSUFFICIENT_10H_TRADABLE_ROWS,420,7.0,,,,,,,,
COINUSDT-O-20260507T200000Z,COINUSDT,CRYPTO_SENSITIVE_EQUITY,O,,O:2026-05-07T20:00:00Z:2026-05-08T06:00:00Z,2026-05,RESEARCH_DEVELOPMENT,O_FULL,SKIPPED,INSUFFICIENT_10H_TRADABLE_ROWS,420,7.0,,,,,,,,
COINUSDT-nyse_20260508T200000Z,COINUSDT,CRYPTO_SENSITIVE_EQUITY,W,,W:2026-05-08T20:00:00Z:2026-05-11T06:00:00Z,2026-05,RESEARCH_DEVELOPMENT,W_HEAD_10H,READY,,600,10.0,0.004709320999424255,0.0014892180591041147,0.04668304668304474,0.6,0.00066,0.015,775.4,471.3
COINUSDT-nyse_20260508T200000Z,COINUSDT,CRYPTO_SENSITIVE_EQUITY,W,,W:2026-05-08T20:00:00Z:2026-05-11T06:00:00Z,2026-05,RESEARCH_DEVELOPMENT,W_TAIL_10H,READY,,600,10.0,0.01902633869215346,0.006016656580099415,0.026812313803376408,3.4,0.0037400000000000003,0.0,3979.4,2233.1
COINUSDT-O-20260511T200000Z,COINUSDT,CRYPTO_SENSITIVE_EQUITY,O,,O:2026-05-11T20:00:00Z:2026-05-12T06:00:00Z,2026-05,RESEARCH_DEVELOPMENT,O_FULL,SKIPPED,INSUFFICIENT_10H_TRADABLE_ROWS,420,7.0,,,,,,,,
COINUSDT-O-20260512T200000Z,COINUSDT,CRYPTO_SENSITIVE_EQUITY,O,,O:2026-05-12T20:00:00Z:2026-05-13T06:00:00Z,2026-05,RESEARCH_DEVELOPMENT,O_FULL,SKIPPED,INSUFFICIENT_10H_TRADABLE_ROWS,420,7.0,,,,,,,,
COINUSDT-O-20260513T200000Z,COINUSDT,CRYPTO_SENSITIVE_EQUITY,O,,O:2026-05-13T20:00:00Z:2026-05-14T06:00:00Z,2026-05,RESEARCH_DEVELOPMENT,O_FULL,SKIPPED,INSUFFICIENT_10H_TRADABLE_ROWS,420,7.0,,,,,,,,
COINUSDT-O-20260514T200000Z,COINUSDT,CRYPTO_SENSITIVE_EQUITY,O,,O:2026-05-14T20:00:00Z:2026-05-15T06:00:00Z,2026-05,RESEARCH_DEVELOPMENT,O_FULL,SKIPPED,INSUFFICIENT_10H_TRADABLE_ROWS,420,7.0,,,,,,,,
COINUSDT-nyse_20260515T200000Z,COINUSDT,CRYPTO_SENSITIVE_EQUITY,W,,W:2026-05-15T20:00:00Z:2026-05-18T06:00:00Z,2026-05,RESEARCH_DEVELOPMENT,W_HEAD_10H,READY,,600,10.0,0.008643093524548206,0.002733186156742477,0.10339892665474254,2.0,0.0022,0.028333333333333332,1176.2,641.9
COINUSDT-nyse_20260515T200000Z,COINUSDT,CRYPTO_SENSITIVE_EQUITY,W,,W:2026-05-15T20:00:00Z:2026-05-18T06:00:00Z,2026-05,RESEARCH_DEVELOPMENT,W_TAIL_10H,READY,,600,10.0,0.02349490846019633,0.00742974241513799,0.04576347983688246,5.4,0.005940000000000001,0.025,3070.5,1686.8
COINUSDT-O-20260518T200000Z,COINUSDT,CRYPTO_SENSITIVE_EQUITY,O,,O:2026-05-18T20:00:00Z:2026-05-19T06:00:00Z,2026-05,RESEARCH_DEVELOPMENT,O_FULL,SKIPPED,INSUFFICIENT_10H_TRADABLE_ROWS,420,7.0,,,,,,,,
COINUSDT-O-20260519T200000Z,COINUSDT,CRYPTO_SENSITIVE_EQUITY,O,,O:2026-05-19T20:00:00Z:2026-05-20T06:00:00Z,2026-05,RESEARCH_DEVELOPMENT,O_FULL,SKIPPED,INSUFFICIENT_10H_TRADABLE_ROWS,420,7.0,,,,,,,,
COINUSDT-O-20260520T200000Z,COINUSDT,CRYPTO_SENSITIVE_EQUITY,O,,O:2026-05-20T20:00:00Z:2026-05-21T06:00:00Z,2026-05,RESEARCH_DEVELOPMENT,O_FULL,SKIPPED,INSUFFICIENT_10H_TRADABLE_ROWS,420,7.0,,,,,,,,
COINUSDT-O-20260521T200000Z,COINUSDT,CRYPTO_SENSITIVE_EQUITY,O,,O:2026-05-21T20:00:00Z:2026-05-22T06:00:00Z,2026-05,RESEARCH_DEVELOPMENT,O_FULL,SKIPPED,INSUFFICIENT_10H_TRADABLE_ROWS,420,7.0,,,,,,,,
COINUSDT-nyse_20260522T200000Z,COINUSDT,CRYPTO_SENSITIVE_EQUITY,W,,W:2026-05-22T20:00:00Z:2026-05-26T06:00:00Z,2026-05,RESEARCH_DEVELOPMENT,W_HEAD_10H,READY,,600,10.0,0.014964044987818274,0.004732046517073234,0.08721761509865752,2.5,0.0027500000000000003,0.013333333333333334,2692.6,1325.7
COINUSDT-nyse_20260522T200000Z,COINUSDT,CRYPTO_SENSITIVE_EQUITY,W,,W:2026-05-22T20:00:00Z:2026-05-26T06:00:00Z,2026-05,RESEARCH_DEVELOPMENT,W_TAIL_10H,READY,,600,10.0,0.012116836860043693,0.0038316802514420946,0.05654610290371841,2.1,0.0023100000000000004,0.0016666666666666668,2919.3,1530.3
COINUSDT-O-20260526T200000Z,COINUSDT,CRYPTO_SENSITIVE_EQUITY,O,,O:2026-05-26T20:00:00Z:2026-05-27T06:00:00Z,2026-05,RESEARCH_DEVELOPMENT,O_FULL,SKIPPED,INSUFFICIENT_10H_TRADABLE_ROWS,420,7.0,,,,,,,,
COINUSDT-O-20260527T200000Z,COINUSDT,CRYPTO_SENSITIVE_EQUITY,O,,O:2026-05-27T20:00:00Z:2026-05-28T06:00:00Z,2026-05,RESEARCH_DEVELOPMENT,O_FULL,SKIPPED,INSUFFICIENT_10H_TRADABLE_ROWS,420,7.0,,,,,,,,
COINUSDT-O-20260528T200000Z,COINUSDT,CRYPTO_SENSITIVE_EQUITY,O,,O:2026-05-28T20:00:00Z:2026-05-29T06:00:00Z,2026-05,RESEARCH_DEVELOPMENT,O_FULL,SKIPPED,INSUFFICIENT_10H_TRADABLE_ROWS,420,7.0,,,,,,,,
COINUSDT-nyse_20260529T200000Z,COINUSDT,CRYPTO_SENSITIVE_EQUITY,W,,W:2026-05-29T20:00:00Z:2026-06-01T06:00:00Z,2026-05,RESEARCH_DEVELOPMENT,W_HEAD_10H,READY,,600,10.0,0.0077555070853041076,0.0024525066799134763,0.03123625164980188,1.3,0.00143,0.04666666666666667,1216.6,620.4
COINUSDT-nyse_20260529T200000Z,COINUSDT,CRYPTO_SENSITIVE_EQUITY,W,,W:2026-05-29T20:00:00Z:2026-06-01T06:00:00Z,2026-05,RESEARCH_DEVELOPMENT,W_TAIL_10H,READY,,600,10.0,0.015550364171998381,0.004917456922859323,0.0010144045445325885,4.2,0.004620000000000001,0.01,3821.7,1947.3
COINUSDT-O-20260601T200000Z,COINUSDT,CRYPTO_SENSITIVE_EQUITY,O,,O:2026-06-01T20:00:00Z:2026-06-02T06:00:00Z,2026-06,RESEARCH_VALIDATION_EXPOSED,O_FULL,SKIPPED,INSUFFICIENT_10H_TRADABLE_ROWS,420,7.0,,,,,,,,
COINUSDT-O-20260602T200000Z,COINUSDT,CRYPTO_SENSITIVE_EQUITY,O,,O:2026-06-02T20:00:00Z:2026-06-03T06:00:00Z,2026-06,RESEARCH_VALIDATION_EXPOSED,O_FULL,SKIPPED,INSUFFICIENT_10H_TRADABLE_ROWS,420,7.0,,,,,,,,
COINUSDT-O-20260603T200000Z,COINUSDT,CRYPTO_SENSITIVE_EQUITY,O,,O:2026-06-03T20:00:00Z:2026-06-04T06:00:00Z,2026-06,RESEARCH_VALIDATION_EXPOSED,O_FULL,SKIPPED,INSUFFICIENT_10H_TRADABLE_ROWS,420,7.0,,,,,,,,
COINUSDT-O-20260604T200000Z,COINUSDT,CRYPTO_SENSITIVE_EQUITY,O,,O:2026-06-04T20:00:00Z:2026-06-05T06:00:00Z,2026-06,RESEARCH_VALIDATION_EXPOSED,O_FULL,SKIPPED,INSUFFICIENT_10H_TRADABLE_ROWS,420,7.0,,,,,,,,
COINUSDT-nyse_20260605T200000Z,COINUSDT,CRYPTO_SENSITIVE_EQUITY,W,,W:2026-06-05T20:00:00Z:2026-06-08T06:00:00Z,2026-06,RESEARCH_VALIDATION_EXPOSED,W_HEAD_10H,READY,,600,10.0,0.02787225171183472,0.00881397989269248,0.039446366782006886,8.0,0.0088,0.0,8371.6,4667.5
COINUSDT-nyse_20260605T200000Z,COINUSDT,CRYPTO_SENSITIVE_EQUITY,W,,W:2026-06-05T20:00:00Z:2026-06-08T06:00:00Z,2026-06,RESEARCH_VALIDATION_EXPOSED,W_TAIL_10H,READY,,600,10.0,0.02849461871678072,0.009010789620309144,0.05339065316877012,7.6,0.00836,0.0,7134.5,4312.0
COINUSDT-O-20260608T200000Z,COINUSDT,CRYPTO_SENSITIVE_EQUITY,O,,O:2026-06-08T20:00:00Z:2026-06-09T06:00:00Z,2026-06,RESEARCH_VALIDATION_EXPOSED,O_FULL,SKIPPED,INSUFFICIENT_10H_TRADABLE_ROWS,420,7.0,,,,,,,,
COINUSDT-O-20260609T200000Z,COINUSDT,CRYPTO_SENSITIVE_EQUITY,O,,O:2026-06-09T20:00:00Z:2026-06-10T06:00:00Z,2026-06,RESEARCH_VALIDATION_EXPOSED,O_FULL,SKIPPED,INSUFFICIENT_10H_TRADABLE_ROWS,420,7.0,,,,,,,,
COINUSDT-O-20260610T200000Z,COINUSDT,CRYPTO_SENSITIVE_EQUITY,O,,O:2026-06-10T20:00:00Z:2026-06-11T06:00:00Z,2026-06,RESEARCH_VALIDATION_EXPOSED,O_FULL,SKIPPED,INSUFFICIENT_10H_TRADABLE_ROWS,420,7.0,,,,,,,,
COINUSDT-O-20260611T200000Z,COINUSDT,CRYPTO_SENSITIVE_EQUITY,O,,O:2026-06-11T20:00:00Z:2026-06-12T06:00:00Z,2026-06,RESEARCH_VALIDATION_EXPOSED,O_FULL,SKIPPED,INSUFFICIENT_10H_TRADABLE_ROWS,420,7.0,,,,,,,,
COINUSDT-nyse_20260612T200000Z,COINUSDT,CRYPTO_SENSITIVE_EQUITY,W,,W:2026-06-12T20:00:00Z:2026-06-15T06:00:00Z,2026-06,RESEARCH_VALIDATION_EXPOSED,W_HEAD_10H,READY,,600,10.0,0.0113287669248839,0.0035824706563814786,0.030325173547679482,2.6,0.00286,0.04,1171.7,674.8
COINUSDT-nyse_20260612T200000Z,COINUSDT,CRYPTO_SENSITIVE_EQUITY,W,,W:2026-06-12T20:00:00Z:2026-06-15T06:00:00Z,2026-06,RESEARCH_VALIDATION_EXPOSED,W_TAIL_10H,READY,,600,10.0,0.023112288360490733,0.0073087473157749504,0.12217194570135848,5.5,0.006050000000000001,0.006666666666666667,4772.5,2874.2
COINUSDT-O-20260615T200000Z,COINUSDT,CRYPTO_SENSITIVE_EQUITY,O,,O:2026-06-15T20:00:00Z:2026-06-16T06:00:00Z,2026-06,RESEARCH_VALIDATION_EXPOSED,O_FULL,SKIPPED,INSUFFICIENT_10H_TRADABLE_ROWS,420,7.0,,,,,,,,
COINUSDT-O-20260616T200000Z,COINUSDT,CRYPTO_SENSITIVE_EQUITY,O,,O:2026-06-16T20:00:00Z:2026-06-17T06:00:00Z,2026-06,RESEARCH_VALIDATION_EXPOSED,O_FULL,SKIPPED,INSUFFICIENT_10H_TRADABLE_ROWS,420,7.0,,,,,,,,
COINUSDT-O-20260617T200000Z,COINUSDT,CRYPTO_SENSITIVE_EQUITY,O,,O:2026-06-17T20:00:00Z:2026-06-18T06:00:00Z,2026-06,RESEARCH_VALIDATION_EXPOSED,O_FULL,SKIPPED,INSUFFICIENT_10H_TRADABLE_ROWS,420,7.0,,,,,,,,
COINUSDT-nyse_20260618T200000Z,COINUSDT,CRYPTO_SENSITIVE_EQUITY,W,,W:2026-06-18T20:00:00Z:2026-06-22T06:00:00Z,2026-06,RESEARCH_VALIDATION_EXPOSED,W_HEAD_10H,READY,,600,10.0,0.015876899120231328,0.005020716340065453,0.0002158428663936844,3.7,0.004070000000000001,0.005,2466.4,1423.2
COINUSDT-nyse_20260618T200000Z,COINUSDT,CRYPTO_SENSITIVE_EQUITY,W,,W:2026-06-18T20:00:00Z:2026-06-22T06:00:00Z,2026-06,RESEARCH_VALIDATION_EXPOSED,W_TAIL_10H,READY,,600,10.0,0.016537639877809283,0.005229660913750602,0.05010706638115588,4.6,0.00506,0.016666666666666666,3339.9,1894.4
COINUSDT-O-20260622T200000Z,COINUSDT,CRYPTO_SENSITIVE_EQUITY,O,,O:2026-06-22T20:00:00Z:2026-06-23T06:00:00Z,2026-06,RESEARCH_VALIDATION_EXPOSED,O_FULL,SKIPPED,INSUFFICIENT_10H_TRADABLE_ROWS,420,7.0,,,,,,,,
COINUSDT-O-20260623T200000Z,COINUSDT,CRYPTO_SENSITIVE_EQUITY,O,,O:2026-06-23T20:00:00Z:2026-06-24T06:00:00Z,2026-06,RESEARCH_VALIDATION_EXPOSED,O_FULL,SKIPPED,INSUFFICIENT_10H_TRADABLE_ROWS,420,7.0,,,,,,,,
COINUSDT-O-20260624T200000Z,COINUSDT,CRYPTO_SENSITIVE_EQUITY,O,,O:2026-06-24T20:00:00Z:2026-06-25T06:00:00Z,2026-06,RESEARCH_VALIDATION_EXPOSED,O_FULL,SKIPPED,INSUFFICIENT_10H_TRADABLE_ROWS,420,7.0,,,,,,,,
COINUSDT-O-20260625T200000Z,COINUSDT,CRYPTO_SENSITIVE_EQUITY,O,,O:2026-06-25T20:00:00Z:2026-06-26T06:00:00Z,2026-06,RESEARCH_VALIDATION_EXPOSED,O_FULL,SKIPPED,INSUFFICIENT_10H_TRADABLE_ROWS,420,7.0,,,,,,,,
COINUSDT-nyse_20260626T200000Z,COINUSDT,CRYPTO_SENSITIVE_EQUITY,W,,W:2026-06-26T20:00:00Z:2026-06-29T06:00:00Z,2026-06,RESEARCH_VALIDATION_EXPOSED,W_HEAD_10H,READY,,600,10.0,0.010940307884472165,0.003459629121843031,0.1084427767354595,2.2,0.0024200000000000003,0.0016666666666666668,2820.1,1358.5
COINUSDT-nyse_20260626T200000Z,COINUSDT,CRYPTO_SENSITIVE_EQUITY,W,,W:2026-06-26T20:00:00Z:2026-06-29T06:00:00Z,2026-06,RESEARCH_VALIDATION_EXPOSED,W_TAIL_10H,READY,,600,10.0,0.020455296544273634,0.006468532729407596,0.025492227979274383,5.0,0.0055000000000000005,0.0033333333333333335,6068.2,3018.6
COINUSDT-O-20260629T200000Z,COINUSDT,CRYPTO_SENSITIVE_EQUITY,O,,O:2026-06-29T20:00:00Z:2026-06-30T06:00:00Z,2026-06,RESEARCH_VALIDATION_EXPOSED,O_FULL,SKIPPED,INSUFFICIENT_10H_TRADABLE_ROWS,420,7.0,,,,,,,,
COINUSDT-O-20260630T200000Z,COINUSDT,CRYPTO_SENSITIVE_EQUITY,O,,O:2026-06-30T20:00:00Z:2026-07-01T06:00:00Z,2026-06,RESEARCH_VALIDATION_EXPOSED,O_FULL,SKIPPED,INSUFFICIENT_10H_TRADABLE_ROWS,420,7.0,,,,,,,,
COINUSDT-O-20260701T200000Z,COINUSDT,CRYPTO_SENSITIVE_EQUITY,O,,O:2026-07-01T20:00:00Z:2026-07-02T06:00:00Z,2026-07,DESCRIPTIVE_EXPOSED,O_FULL,SKIPPED,INSUFFICIENT_10H_TRADABLE_ROWS,420,7.0,,,,,,,,
COINUSDT-nyse_20260702T200000Z,COINUSDT,CRYPTO_SENSITIVE_EQUITY,W,,W:2026-07-02T20:00:00Z:2026-07-06T06:00:00Z,2026-07,DESCRIPTIVE_EXPOSED,W_HEAD_10H,READY,,600,10.0,0.015703347695082765,0.0049658345606016846,0.0007315288953913943,3.8,0.00418,0.0016666666666666668,2610.5,1365.0
COINUSDT-nyse_20260702T200000Z,COINUSDT,CRYPTO_SENSITIVE_EQUITY,W,,W:2026-07-02T20:00:00Z:2026-07-06T06:00:00Z,2026-07,DESCRIPTIVE_EXPOSED,W_TAIL_10H,READY,,600,10.0,0.027806788482503265,0.008793278601924746,0.06779374471682158,5.4,0.005940000000000001,0.005,5116.0,2557.3
COINUSDT-O-20260706T200000Z,COINUSDT,CRYPTO_SENSITIVE_EQUITY,O,,O:2026-07-06T20:00:00Z:2026-07-07T06:00:00Z,2026-07,DESCRIPTIVE_EXPOSED,O_FULL,SKIPPED,INSUFFICIENT_10H_TRADABLE_ROWS,420,7.0,,,,,,,,
COINUSDT-O-20260707T200000Z,COINUSDT,CRYPTO_SENSITIVE_EQUITY,O,,O:2026-07-07T20:00:00Z:2026-07-08T06:00:00Z,2026-07,DESCRIPTIVE_EXPOSED,O_FULL,SKIPPED,INSUFFICIENT_10H_TRADABLE_ROWS,420,7.0,,,,,,,,
COINUSDT-O-20260708T200000Z,COINUSDT,CRYPTO_SENSITIVE_EQUITY,O,,O:2026-07-08T20:00:00Z:2026-07-09T06:00:00Z,2026-07,DESCRIPTIVE_EXPOSED,O_FULL,SKIPPED,INSUFFICIENT_10H_TRADABLE_ROWS,420,7.0,,,,,,,,
COINUSDT-O-20260709T200000Z,COINUSDT,CRYPTO_SENSITIVE_EQUITY,O,,O:2026-07-09T20:00:00Z:2026-07-10T06:00:00Z,2026-07,DESCRIPTIVE_EXPOSED,O_FULL,SKIPPED,INSUFFICIENT_10H_TRADABLE_ROWS,420,7.0,,,,,,,,
COINUSDT-nyse_20260710T200000Z,COINUSDT,CRYPTO_SENSITIVE_EQUITY,W,,W:2026-07-10T20:00:00Z:2026-07-13T06:00:00Z,2026-07,DESCRIPTIVE_EXPOSED,W_HEAD_10H,READY,,600,10.0,0.008154952122074812,0.00257882229153799,0.08488805970149245,1.3,0.00143,0.013333333333333334,1609.7,718.8
COINUSDT-nyse_20260710T200000Z,COINUSDT,CRYPTO_SENSITIVE_EQUITY,W,,W:2026-07-10T20:00:00Z:2026-07-13T06:00:00Z,2026-07,DESCRIPTIVE_EXPOSED,W_TAIL_10H,READY,,600,10.0,0.015506916540934276,0.004903717575549198,0.08870168483647183,4.2,0.004620000000000001,0.023333333333333334,4844.7,2006.1
COINUSDT-O-20260713T200000Z,COINUSDT,CRYPTO_SENSITIVE_EQUITY,O,,O:2026-07-13T20:00:00Z:2026-07-14T06:00:00Z,2026-07,DESCRIPTIVE_EXPOSED,O_FULL,SKIPPED,INSUFFICIENT_10H_TRADABLE_ROWS,420,7.0,,,,,,,,
COINUSDT-O-20260714T200000Z,COINUSDT,CRYPTO_SENSITIVE_EQUITY,O,,O:2026-07-14T20:00:00Z:2026-07-15T06:00:00Z,2026-07,DESCRIPTIVE_EXPOSED,O_FULL,SKIPPED,INSUFFICIENT_10H_TRADABLE_ROWS,420,7.0,,,,,,,,
COINUSDT-O-20260715T200000Z,COINUSDT,CRYPTO_SENSITIVE_EQUITY,O,,O:2026-07-15T20:00:00Z:2026-07-16T06:00:00Z,2026-07,DESCRIPTIVE_EXPOSED,O_FULL,SKIPPED,INSUFFICIENT_10H_TRADABLE_ROWS,420,7.0,,,,,,,,
COINUSDT-O-20260716T200000Z,COINUSDT,CRYPTO_SENSITIVE_EQUITY,O,,O:2026-07-16T20:00:00Z:2026-07-17T06:00:00Z,2026-07,DESCRIPTIVE_EXPOSED,O_FULL,SKIPPED,INSUFFICIENT_10H_TRADABLE_ROWS,420,7.0,,,,,,,,
COINUSDT-nyse_20260717T200000Z,COINUSDT,CRYPTO_SENSITIVE_EQUITY,W,,W:2026-07-17T20:00:00Z:2026-07-20T06:00:00Z,2026-07,DESCRIPTIVE_EXPOSED,W_HEAD_10H,READY,,600,10.0,0.004762806680783745,0.0015061317166343148,0.008130081300814464,0.4,0.00044000000000000007,0.24,851.2,286.0
COINUSDT-nyse_20260717T200000Z,COINUSDT,CRYPTO_SENSITIVE_EQUITY,W,,W:2026-07-17T20:00:00Z:2026-07-20T06:00:00Z,2026-07,DESCRIPTIVE_EXPOSED,W_TAIL_10H,READY,,600,10.0,0.014403458304332718,0.004554773442495808,0.019522776572668814,2.5,0.0027500000000000003,0.025,4409.3,1892.3
COINUSDT-O-20260720T200000Z,COINUSDT,CRYPTO_SENSITIVE_EQUITY,O,,O:2026-07-20T20:00:00Z:2026-07-21T06:00:00Z,2026-07,DESCRIPTIVE_EXPOSED,O_FULL,SKIPPED,INSUFFICIENT_10H_TRADABLE_ROWS,420,7.0,,,,,,,,
COINUSDT-O-20260721T200000Z,COINUSDT,CRYPTO_SENSITIVE_EQUITY,O,,O:2026-07-21T20:00:00Z:2026-07-22T06:00:00Z,2026-07,DESCRIPTIVE_EXPOSED,O_FULL,SKIPPED,INSUFFICIENT_10H_TRADABLE_ROWS,420,7.0,,,,,,,,
COINUSDT-O-20260722T200000Z,COINUSDT,CRYPTO_SENSITIVE_EQUITY,O,,O:2026-07-22T20:00:00Z:2026-07-23T06:00:00Z,2026-07,DESCRIPTIVE_EXPOSED,O_FULL,SKIPPED,INSUFFICIENT_10H_TRADABLE_ROWS,420,7.0,,,,,,,,
COINUSDT-O-20260723T200000Z,COINUSDT,CRYPTO_SENSITIVE_EQUITY,O,,O:2026-07-23T20:00:00Z:2026-07-24T06:00:00Z,2026-07,DESCRIPTIVE_EXPOSED,O_FULL,SKIPPED,INSUFFICIENT_10H_TRADABLE_ROWS,60,1.0,,,,,,,,
CRCLUSDT-O-20260209T210000Z,CRCLUSDT,CRYPTO_SENSITIVE_EQUITY,O,,O:2026-02-09T21:00:00Z:2026-02-10T07:00:00Z,2026-02,DESCRIPTIVE_EXPOSED,O_FULL,SKIPPED,INSUFFICIENT_10H_TRADABLE_ROWS,240,4.0,,,,,,,,
CRCLUSDT-O-20260210T210000Z,CRCLUSDT,CRYPTO_SENSITIVE_EQUITY,O,,O:2026-02-10T21:00:00Z:2026-02-11T07:00:00Z,2026-02,DESCRIPTIVE_EXPOSED,O_FULL,SKIPPED,INSUFFICIENT_10H_TRADABLE_ROWS,420,7.0,,,,,,,,
CRCLUSDT-O-20260211T210000Z,CRCLUSDT,CRYPTO_SENSITIVE_EQUITY,O,,O:2026-02-11T21:00:00Z:2026-02-12T07:00:00Z,2026-02,DESCRIPTIVE_EXPOSED,O_FULL,SKIPPED,INSUFFICIENT_10H_TRADABLE_ROWS,420,7.0,,,,,,,,
CRCLUSDT-O-20260212T210000Z,CRCLUSDT,CRYPTO_SENSITIVE_EQUITY,O,,O:2026-02-12T21:00:00Z:2026-02-13T07:00:00Z,2026-02,DESCRIPTIVE_EXPOSED,O_FULL,SKIPPED,INSUFFICIENT_10H_TRADABLE_ROWS,420,7.0,,,,,,,,
CRCLUSDT-nyse_20260213T210000Z,CRCLUSDT,CRYPTO_SENSITIVE_EQUITY,W,,W:2026-02-13T21:00:00Z:2026-02-17T07:00:00Z,2026-02,DESCRIPTIVE_EXPOSED,W_HEAD_10H,READY,,600,10.0,0.01246112415055826,0.003940553452189506,0.026435733819507416,3.1,0.0034100000000000003,0.27666666666666667,351.0,182.2
CRCLUSDT-nyse_20260213T210000Z,CRCLUSDT,CRYPTO_SENSITIVE_EQUITY,W,,W:2026-02-13T21:00:00Z:2026-02-17T07:00:00Z,2026-02,DESCRIPTIVE_EXPOSED,W_TAIL_10H,READY,,600,10.0,0.01491368994830724,0.00471612285542097,0.08310502283105027,2.4,0.00264,0.465,244.2,152.4
CRCLUSDT-O-20260217T210000Z,CRCLUSDT,CRYPTO_SENSITIVE_EQUITY,O,,O:2026-02-17T21:00:00Z:2026-02-18T07:00:00Z,2026-02,DESCRIPTIVE_EXPOSED,O_FULL,SKIPPED,INSUFFICIENT_10H_TRADABLE_ROWS,420,7.0,,,,,,,,
CRCLUSDT-O-20260218T210000Z,CRCLUSDT,CRYPTO_SENSITIVE_EQUITY,O,,O:2026-02-18T21:00:00Z:2026-02-19T07:00:00Z,2026-02,DESCRIPTIVE_EXPOSED,O_FULL,SKIPPED,INSUFFICIENT_10H_TRADABLE_ROWS,420,7.0,,,,,,,,
CRCLUSDT-O-20260219T210000Z,CRCLUSDT,CRYPTO_SENSITIVE_EQUITY,O,,O:2026-02-19T21:00:00Z:2026-02-20T07:00:00Z,2026-02,DESCRIPTIVE_EXPOSED,O_FULL,SKIPPED,INSUFFICIENT_10H_TRADABLE_ROWS,420,7.0,,,,,,,,
CRCLUSDT-nyse_20260220T210000Z,CRCLUSDT,CRYPTO_SENSITIVE_EQUITY,W,,W:2026-02-20T21:00:00Z:2026-02-23T07:00:00Z,2026-02,DESCRIPTIVE_EXPOSED,W_HEAD_10H,READY,,600,10.0,0.010171774921873745,0.0032165976599702307,0.034406215316314895,1.9,0.00209,0.31,345.3,198.0
CRCLUSDT-nyse_20260220T210000Z,CRCLUSDT,CRYPTO_SENSITIVE_EQUITY,W,,W:2026-02-20T21:00:00Z:2026-02-23T07:00:00Z,2026-02,DESCRIPTIVE_EXPOSED,W_TAIL_10H,READY,,600,10.0,0.026923510152752666,0.008513961468936631,0.076242006886375,4.9,0.005390000000000001,0.16666666666666666,659.5,445.7
CRCLUSDT-O-20260223T210000Z,CRCLUSDT,CRYPTO_SENSITIVE_EQUITY,O,,O:2026-02-23T21:00:00Z:2026-02-24T07:00:00Z,2026-02,DESCRIPTIVE_EXPOSED,O_FULL,SKIPPED,INSUFFICIENT_10H_TRADABLE_ROWS,420,7.0,,,,,,,,
CRCLUSDT-O-20260224T210000Z,CRCLUSDT,CRYPTO_SENSITIVE_EQUITY,O,,O:2026-02-24T21:00:00Z:2026-02-25T07:00:00Z,2026-02,DESCRIPTIVE_EXPOSED,O_FULL,SKIPPED,INSUFFICIENT_10H_TRADABLE_ROWS,420,7.0,,,,,,,,
CRCLUSDT-O-20260225T210000Z,CRCLUSDT,CRYPTO_SENSITIVE_EQUITY,O,,O:2026-02-25T21:00:00Z:2026-02-26T07:00:00Z,2026-02,DESCRIPTIVE_EXPOSED,O_FULL,SKIPPED,INSUFFICIENT_10H_TRADABLE_ROWS,420,7.0,,,,,,,,
CRCLUSDT-O-20260226T210000Z,CRCLUSDT,CRYPTO_SENSITIVE_EQUITY,O,,O:2026-02-26T21:00:00Z:2026-02-27T07:00:00Z,2026-02,DESCRIPTIVE_EXPOSED,O_FULL,SKIPPED,INSUFFICIENT_10H_TRADABLE_ROWS,420,7.0,,,,,,,,
CRCLUSDT-nyse_20260227T210000Z,CRCLUSDT,CRYPTO_SENSITIVE_EQUITY,W,,W:2026-02-27T21:00:00Z:2026-03-02T07:00:00Z,2026-02,DESCRIPTIVE_EXPOSED,W_HEAD_10H,READY,,600,10.0,0.024549269477034185,0.0077631606440678675,0.033410519351637344,4.8,0.00528,0.015,4043.8,2061.5
CRCLUSDT-nyse_20260227T210000Z,CRCLUSDT,CRYPTO_SENSITIVE_EQUITY,W,,W:2026-02-27T21:00:00Z:2026-03-02T07:00:00Z,2026-02,DESCRIPTIVE_EXPOSED,W_TAIL_10H,READY,,600,10.0,0.03712971421703493,0.011741446579696583,0.05994482066716791,7.3,0.00803,0.006666666666666667,3785.9,1884.8
CRCLUSDT-O-20260302T210000Z,CRCLUSDT,CRYPTO_SENSITIVE_EQUITY,O,,O:2026-03-02T21:00:00Z:2026-03-03T07:00:00Z,2026-03,RESEARCH_DEVELOPMENT,O_FULL,SKIPPED,INSUFFICIENT_10H_TRADABLE_ROWS,420,7.0,,,,,,,,
CRCLUSDT-O-20260303T210000Z,CRCLUSDT,CRYPTO_SENSITIVE_EQUITY,O,,O:2026-03-03T21:00:00Z:2026-03-04T07:00:00Z,2026-03,RESEARCH_DEVELOPMENT,O_FULL,SKIPPED,INSUFFICIENT_10H_TRADABLE_ROWS,420,7.0,,,,,,,,
CRCLUSDT-O-20260304T210000Z,CRCLUSDT,CRYPTO_SENSITIVE_EQUITY,O,,O:2026-03-04T21:00:00Z:2026-03-05T07:00:00Z,2026-03,RESEARCH_DEVELOPMENT,O_FULL,SKIPPED,INSUFFICIENT_10H_TRADABLE_ROWS,420,7.0,,,,,,,,
CRCLUSDT-O-20260305T210000Z,CRCLUSDT,CRYPTO_SENSITIVE_EQUITY,O,,O:2026-03-05T21:00:00Z:2026-03-06T07:00:00Z,2026-03,RESEARCH_DEVELOPMENT,O_FULL,SKIPPED,INSUFFICIENT_10H_TRADABLE_ROWS,420,7.0,,,,,,,,
CRCLUSDT-nyse_20260306T210000Z,CRCLUSDT,CRYPTO_SENSITIVE_EQUITY,W,,W:2026-03-06T21:00:00Z:2026-03-09T06:00:00Z,2026-03,RESEARCH_DEVELOPMENT,W_HEAD_10H,READY,,600,10.0,0.01007929713653093,0.0031873536165050874,0.0319284802043424,2.0,0.0022,0.016666666666666666,2468.2,1636.2
CRCLUSDT-nyse_20260306T210000Z,CRCLUSDT,CRYPTO_SENSITIVE_EQUITY,W,,W:2026-03-06T21:00:00Z:2026-03-09T06:00:00Z,2026-03,RESEARCH_DEVELOPMENT,W_TAIL_10H,READY,,600,10.0,0.04450237592761877,0.014072886922032391,0.008842221608179069,11.5,0.012650000000000002,0.0,8281.5,4523.6
CRCLUSDT-O-20260309T200000Z,CRCLUSDT,CRYPTO_SENSITIVE_EQUITY,O,,O:2026-03-09T20:00:00Z:2026-03-10T06:00:00Z,2026-03,RESEARCH_DEVELOPMENT,O_FULL,SKIPPED,INSUFFICIENT_10H_TRADABLE_ROWS,420,7.0,,,,,,,,
CRCLUSDT-O-20260310T200000Z,CRCLUSDT,CRYPTO_SENSITIVE_EQUITY,O,,O:2026-03-10T20:00:00Z:2026-03-11T06:00:00Z,2026-03,RESEARCH_DEVELOPMENT,O_FULL,SKIPPED,INSUFFICIENT_10H_TRADABLE_ROWS,420,7.0,,,,,,,,
CRCLUSDT-O-20260311T200000Z,CRCLUSDT,CRYPTO_SENSITIVE_EQUITY,O,,O:2026-03-11T20:00:00Z:2026-03-12T06:00:00Z,2026-03,RESEARCH_DEVELOPMENT,O_FULL,SKIPPED,INSUFFICIENT_10H_TRADABLE_ROWS,420,7.0,,,,,,,,
CRCLUSDT-O-20260312T200000Z,CRCLUSDT,CRYPTO_SENSITIVE_EQUITY,O,,O:2026-03-12T20:00:00Z:2026-03-13T06:00:00Z,2026-03,RESEARCH_DEVELOPMENT,O_FULL,SKIPPED,INSUFFICIENT_10H_TRADABLE_ROWS,420,7.0,,,,,,,,
CRCLUSDT-nyse_20260313T200000Z,CRCLUSDT,CRYPTO_SENSITIVE_EQUITY,W,,W:2026-03-13T20:00:00Z:2026-03-16T06:00:00Z,2026-03,RESEARCH_DEVELOPMENT,W_HEAD_10H,READY,,600,10.0,0.00767292465178238,0.0024263918214486664,0.004225352112675241,1.2,0.00132,0.043333333333333335,1355.5,777.8
CRCLUSDT-nyse_20260313T200000Z,CRCLUSDT,CRYPTO_SENSITIVE_EQUITY,W,,W:2026-03-13T20:00:00Z:2026-03-16T06:00:00Z,2026-03,RESEARCH_DEVELOPMENT,W_TAIL_10H,READY,,600,10.0,0.030141434819184857,0.00953155859741296,0.07399186089530144,7.8,0.00858,0.035,4383.0,2417.3
CRCLUSDT-O-20260316T200000Z,CRCLUSDT,CRYPTO_SENSITIVE_EQUITY,O,,O:2026-03-16T20:00:00Z:2026-03-17T06:00:00Z,2026-03,RESEARCH_DEVELOPMENT,O_FULL,SKIPPED,INSUFFICIENT_10H_TRADABLE_ROWS,420,7.0,,,,,,,,
CRCLUSDT-O-20260317T200000Z,CRCLUSDT,CRYPTO_SENSITIVE_EQUITY,O,,O:2026-03-17T20:00:00Z:2026-03-18T06:00:00Z,2026-03,RESEARCH_DEVELOPMENT,O_FULL,SKIPPED,INSUFFICIENT_10H_TRADABLE_ROWS,420,7.0,,,,,,,,
CRCLUSDT-O-20260318T200000Z,CRCLUSDT,CRYPTO_SENSITIVE_EQUITY,O,,O:2026-03-18T20:00:00Z:2026-03-19T06:00:00Z,2026-03,RESEARCH_DEVELOPMENT,O_FULL,SKIPPED,INSUFFICIENT_10H_TRADABLE_ROWS,420,7.0,,,,,,,,
CRCLUSDT-O-20260319T200000Z,CRCLUSDT,CRYPTO_SENSITIVE_EQUITY,O,,O:2026-03-19T20:00:00Z:2026-03-20T06:00:00Z,2026-03,RESEARCH_DEVELOPMENT,O_FULL,SKIPPED,INSUFFICIENT_10H_TRADABLE_ROWS,420,7.0,,,,,,,,
CRCLUSDT-nyse_20260320T200000Z,CRCLUSDT,CRYPTO_SENSITIVE_EQUITY,W,,W:2026-03-20T20:00:00Z:2026-03-23T06:00:00Z,2026-03,RESEARCH_DEVELOPMENT,W_HEAD_10H,READY,,600,10.0,0.00922221442139432,0.0029163202642057914,0.04208194905869369,2.6,0.00286,0.013333333333333334,1598.3,794.8
CRCLUSDT-nyse_20260320T200000Z,CRCLUSDT,CRYPTO_SENSITIVE_EQUITY,W,,W:2026-03-20T20:00:00Z:2026-03-23T06:00:00Z,2026-03,RESEARCH_DEVELOPMENT,W_TAIL_10H,READY,,600,10.0,0.030261015348577305,0.009569373281081846,0.06125122830003282,7.1,0.00781,0.0,7369.6,3995.9
CRCLUSDT-O-20260323T200000Z,CRCLUSDT,CRYPTO_SENSITIVE_EQUITY,O,,O:2026-03-23T20:00:00Z:2026-03-24T06:00:00Z,2026-03,RESEARCH_DEVELOPMENT,O_FULL,SKIPPED,INSUFFICIENT_10H_TRADABLE_ROWS,420,7.0,,,,,,,,
CRCLUSDT-O-20260324T200000Z,CRCLUSDT,CRYPTO_SENSITIVE_EQUITY,O,,O:2026-03-24T20:00:00Z:2026-03-25T06:00:00Z,2026-03,RESEARCH_DEVELOPMENT,O_FULL,SKIPPED,INSUFFICIENT_10H_TRADABLE_ROWS,420,7.0,,,,,,,,
CRCLUSDT-O-20260325T200000Z,CRCLUSDT,CRYPTO_SENSITIVE_EQUITY,O,,O:2026-03-25T20:00:00Z:2026-03-26T06:00:00Z,2026-03,RESEARCH_DEVELOPMENT,O_FULL,SKIPPED,INSUFFICIENT_10H_TRADABLE_ROWS,420,7.0,,,,,,,,
CRCLUSDT-O-20260326T200000Z,CRCLUSDT,CRYPTO_SENSITIVE_EQUITY,O,,O:2026-03-26T20:00:00Z:2026-03-27T06:00:00Z,2026-03,RESEARCH_DEVELOPMENT,O_FULL,SKIPPED,INSUFFICIENT_10H_TRADABLE_ROWS,420,7.0,,,,,,,,
CRCLUSDT-nyse_20260327T200000Z,CRCLUSDT,CRYPTO_SENSITIVE_EQUITY,W,,W:2026-03-27T20:00:00Z:2026-03-30T06:00:00Z,2026-03,RESEARCH_DEVELOPMENT,W_HEAD_10H,READY,,600,10.0,0.006108512145809461,0.0019316811495560468,0.00803673938002379,0.5,0.00055,0.035,1200.2,469.2
CRCLUSDT-nyse_20260327T200000Z,CRCLUSDT,CRYPTO_SENSITIVE_EQUITY,W,,W:2026-03-27T20:00:00Z:2026-03-30T06:00:00Z,2026-03,RESEARCH_DEVELOPMENT,W_TAIL_10H,READY,,600,10.0,0.030858346582462576,0.009758266002745467,0.028391167192429113,7.3,0.00803,0.018333333333333333,9488.9,3682.1
CRCLUSDT-O-20260330T200000Z,CRCLUSDT,CRYPTO_SENSITIVE_EQUITY,O,,O:2026-03-30T20:00:00Z:2026-03-31T06:00:00Z,2026-03,RESEARCH_DEVELOPMENT,O_FULL,SKIPPED,INSUFFICIENT_10H_TRADABLE_ROWS,420,7.0,,,,,,,,
CRCLUSDT-O-20260331T200000Z,CRCLUSDT,CRYPTO_SENSITIVE_EQUITY,O,,O:2026-03-31T20:00:00Z:2026-04-01T06:00:00Z,2026-03,RESEARCH_DEVELOPMENT,O_FULL,SKIPPED,INSUFFICIENT_10H_TRADABLE_ROWS,420,7.0,,,,,,,,
CRCLUSDT-O-20260401T200000Z,CRCLUSDT,CRYPTO_SENSITIVE_EQUITY,O,,O:2026-04-01T20:00:00Z:2026-04-02T06:00:00Z,2026-04,RESEARCH_DEVELOPMENT,O_FULL,SKIPPED,INSUFFICIENT_10H_TRADABLE_ROWS,420,7.0,,,,,,,,
CRCLUSDT-nyse_20260402T200000Z,CRCLUSDT,CRYPTO_SENSITIVE_EQUITY,W,,W:2026-04-02T20:00:00Z:2026-04-06T06:00:00Z,2026-04,RESEARCH_DEVELOPMENT,W_HEAD_10H,READY,,600,10.0,0.01044906706247144,0.003304285134125467,0.015075376884422828,2.0,0.0022,0.011666666666666667,2100.0,687.2
CRCLUSDT-nyse_20260402T200000Z,CRCLUSDT,CRYPTO_SENSITIVE_EQUITY,W,,W:2026-04-02T20:00:00Z:2026-04-06T06:00:00Z,2026-04,RESEARCH_DEVELOPMENT,W_TAIL_10H,READY,,600,10.0,0.02024761243266901,0.006402857246757675,0.0667539267015714,4.6,0.00506,0.025,5727.3,2200.8
CRCLUSDT-O-20260406T200000Z,CRCLUSDT,CRYPTO_SENSITIVE_EQUITY,O,,O:2026-04-06T20:00:00Z:2026-04-07T06:00:00Z,2026-04,RESEARCH_DEVELOPMENT,O_FULL,SKIPPED,INSUFFICIENT_10H_TRADABLE_ROWS,420,7.0,,,,,,,,
CRCLUSDT-O-20260407T200000Z,CRCLUSDT,CRYPTO_SENSITIVE_EQUITY,O,,O:2026-04-07T20:00:00Z:2026-04-08T06:00:00Z,2026-04,RESEARCH_DEVELOPMENT,O_FULL,SKIPPED,INSUFFICIENT_10H_TRADABLE_ROWS,420,7.0,,,,,,,,
CRCLUSDT-O-20260408T200000Z,CRCLUSDT,CRYPTO_SENSITIVE_EQUITY,O,,O:2026-04-08T20:00:00Z:2026-04-09T06:00:00Z,2026-04,RESEARCH_DEVELOPMENT,O_FULL,SKIPPED,INSUFFICIENT_10H_TRADABLE_ROWS,420,7.0,,,,,,,,
CRCLUSDT-O-20260409T200000Z,CRCLUSDT,CRYPTO_SENSITIVE_EQUITY,O,,O:2026-04-09T20:00:00Z:2026-04-10T06:00:00Z,2026-04,RESEARCH_DEVELOPMENT,O_FULL,SKIPPED,INSUFFICIENT_10H_TRADABLE_ROWS,420,7.0,,,,,,,,
CRCLUSDT-nyse_20260410T200000Z,CRCLUSDT,CRYPTO_SENSITIVE_EQUITY,W,,W:2026-04-10T20:00:00Z:2026-04-13T06:00:00Z,2026-04,RESEARCH_DEVELOPMENT,W_HEAD_10H,READY,,600,10.0,0.00454998915500805,0.0014388329058890358,0.01935483870967748,0.8,0.0008800000000000001,0.018333333333333333,910.9,378.7
CRCLUSDT-nyse_20260410T200000Z,CRCLUSDT,CRYPTO_SENSITIVE_EQUITY,W,,W:2026-04-10T20:00:00Z:2026-04-13T06:00:00Z,2026-04,RESEARCH_DEVELOPMENT,W_TAIL_10H,READY,,600,10.0,0.02232745688319375,0.007060561811009631,0.04679512386944554,5.0,0.0055000000000000005,0.005,5929.4,3188.3
CRCLUSDT-O-20260413T200000Z,CRCLUSDT,CRYPTO_SENSITIVE_EQUITY,O,,O:2026-04-13T20:00:00Z:2026-04-14T06:00:00Z,2026-04,RESEARCH_DEVELOPMENT,O_FULL,SKIPPED,INSUFFICIENT_10H_TRADABLE_ROWS,420,7.0,,,,,,,,
CRCLUSDT-O-20260414T200000Z,CRCLUSDT,CRYPTO_SENSITIVE_EQUITY,O,,O:2026-04-14T20:00:00Z:2026-04-15T06:00:00Z,2026-04,RESEARCH_DEVELOPMENT,O_FULL,SKIPPED,INSUFFICIENT_10H_TRADABLE_ROWS,420,7.0,,,,,,,,
CRCLUSDT-O-20260415T200000Z,CRCLUSDT,CRYPTO_SENSITIVE_EQUITY,O,,O:2026-04-15T20:00:00Z:2026-04-16T06:00:00Z,2026-04,RESEARCH_DEVELOPMENT,O_FULL,SKIPPED,INSUFFICIENT_10H_TRADABLE_ROWS,420,7.0,,,,,,,,
CRCLUSDT-O-20260416T200000Z,CRCLUSDT,CRYPTO_SENSITIVE_EQUITY,O,,O:2026-04-16T20:00:00Z:2026-04-17T06:00:00Z,2026-04,RESEARCH_DEVELOPMENT,O_FULL,SKIPPED,INSUFFICIENT_10H_TRADABLE_ROWS,420,7.0,,,,,,,,
CRCLUSDT-nyse_20260417T200000Z,CRCLUSDT,CRYPTO_SENSITIVE_EQUITY,W,,W:2026-04-17T20:00:00Z:2026-04-20T06:00:00Z,2026-04,RESEARCH_DEVELOPMENT,W_HEAD_10H,READY,,600,10.0,0.00617397196811173,0.0019523813629265525,0.06963249516440974,1.6,0.0017600000000000003,0.023333333333333334,1433.0,555.4
CRCLUSDT-nyse_20260417T200000Z,CRCLUSDT,CRYPTO_SENSITIVE_EQUITY,W,,W:2026-04-17T20:00:00Z:2026-04-20T06:00:00Z,2026-04,RESEARCH_DEVELOPMENT,W_TAIL_10H,READY,,600,10.0,0.0320355049960874,0.010130516178133969,0.02522255192878324,6.2,0.0068200000000000005,0.0,6671.2,2926.3
CRCLUSDT-O-20260420T200000Z,CRCLUSDT,CRYPTO_SENSITIVE_EQUITY,O,,O:2026-04-20T20:00:00Z:2026-04-21T06:00:00Z,2026-04,RESEARCH_DEVELOPMENT,O_FULL,SKIPPED,INSUFFICIENT_10H_TRADABLE_ROWS,420,7.0,,,,,,,,
CRCLUSDT-O-20260421T200000Z,CRCLUSDT,CRYPTO_SENSITIVE_EQUITY,O,,O:2026-04-21T20:00:00Z:2026-04-22T06:00:00Z,2026-04,RESEARCH_DEVELOPMENT,O_FULL,SKIPPED,INSUFFICIENT_10H_TRADABLE_ROWS,420,7.0,,,,,,,,
CRCLUSDT-O-20260422T200000Z,CRCLUSDT,CRYPTO_SENSITIVE_EQUITY,O,,O:2026-04-22T20:00:00Z:2026-04-23T06:00:00Z,2026-04,RESEARCH_DEVELOPMENT,O_FULL,SKIPPED,INSUFFICIENT_10H_TRADABLE_ROWS,420,7.0,,,,,,,,
CRCLUSDT-O-20260423T200000Z,CRCLUSDT,CRYPTO_SENSITIVE_EQUITY,O,,O:2026-04-23T20:00:00Z:2026-04-24T06:00:00Z,2026-04,RESEARCH_DEVELOPMENT,O_FULL,SKIPPED,INSUFFICIENT_10H_TRADABLE_ROWS,420,7.0,,,,,,,,
CRCLUSDT-nyse_20260424T200000Z,CRCLUSDT,CRYPTO_SENSITIVE_EQUITY,W,,W:2026-04-24T20:00:00Z:2026-04-27T06:00:00Z,2026-04,RESEARCH_DEVELOPMENT,W_HEAD_10H,READY,,600,10.0,0.003876916199174137,0.0012259885486993276,0.005110732538330486,0.0,0.0,0.0033333333333333335,932.4,456.9
CRCLUSDT-nyse_20260424T200000Z,CRCLUSDT,CRYPTO_SENSITIVE_EQUITY,W,,W:2026-04-24T20:00:00Z:2026-04-27T06:00:00Z,2026-04,RESEARCH_DEVELOPMENT,W_TAIL_10H,READY,,600,10.0,0.021505623452317248,0.006800675261125601,0.0021754894851342323,2.9,0.00319,0.0,5498.8,2247.0
CRCLUSDT-O-20260427T200000Z,CRCLUSDT,CRYPTO_SENSITIVE_EQUITY,O,,O:2026-04-27T20:00:00Z:2026-04-28T06:00:00Z,2026-04,RESEARCH_DEVELOPMENT,O_FULL,SKIPPED,INSUFFICIENT_10H_TRADABLE_ROWS,420,7.0,,,,,,,,
CRCLUSDT-O-20260428T200000Z,CRCLUSDT,CRYPTO_SENSITIVE_EQUITY,O,,O:2026-04-28T20:00:00Z:2026-04-29T06:00:00Z,2026-04,RESEARCH_DEVELOPMENT,O_FULL,SKIPPED,INSUFFICIENT_10H_TRADABLE_ROWS,420,7.0,,,,,,,,
CRCLUSDT-O-20260429T200000Z,CRCLUSDT,CRYPTO_SENSITIVE_EQUITY,O,,O:2026-04-29T20:00:00Z:2026-04-30T06:00:00Z,2026-04,RESEARCH_DEVELOPMENT,O_FULL,SKIPPED,INSUFFICIENT_10H_TRADABLE_ROWS,420,7.0,,,,,,,,
CRCLUSDT-O-20260430T200000Z,CRCLUSDT,CRYPTO_SENSITIVE_EQUITY,O,,O:2026-04-30T20:00:00Z:2026-05-01T06:00:00Z,2026-04,RESEARCH_DEVELOPMENT,O_FULL,SKIPPED,INSUFFICIENT_10H_TRADABLE_ROWS,420,7.0,,,,,,,,
CRCLUSDT-nyse_20260501T200000Z,CRCLUSDT,CRYPTO_SENSITIVE_EQUITY,W,,W:2026-05-01T20:00:00Z:2026-05-04T06:00:00Z,2026-05,RESEARCH_DEVELOPMENT,W_HEAD_10H,READY,,600,10.0,0.006070374572848493,0.0019196209900572958,0.014994232987311873,0.5,0.00055,0.0016666666666666668,1124.5,537.4
CRCLUSDT-nyse_20260501T200000Z,CRCLUSDT,CRYPTO_SENSITIVE_EQUITY,W,,W:2026-05-01T20:00:00Z:2026-05-04T06:00:00Z,2026-05,RESEARCH_DEVELOPMENT,W_TAIL_10H,READY,,600,10.0,0.028102561111551967,0.008886810119657744,0.08716838115863573,4.5,0.00495,0.0,6671.5,2766.1
CRCLUSDT-O-20260504T200000Z,CRCLUSDT,CRYPTO_SENSITIVE_EQUITY,O,,O:2026-05-04T20:00:00Z:2026-05-05T06:00:00Z,2026-05,RESEARCH_DEVELOPMENT,O_FULL,SKIPPED,INSUFFICIENT_10H_TRADABLE_ROWS,420,7.0,,,,,,,,
CRCLUSDT-O-20260505T200000Z,CRCLUSDT,CRYPTO_SENSITIVE_EQUITY,O,,O:2026-05-05T20:00:00Z:2026-05-06T06:00:00Z,2026-05,RESEARCH_DEVELOPMENT,O_FULL,SKIPPED,INSUFFICIENT_10H_TRADABLE_ROWS,420,7.0,,,,,,,,
CRCLUSDT-O-20260506T200000Z,CRCLUSDT,CRYPTO_SENSITIVE_EQUITY,O,,O:2026-05-06T20:00:00Z:2026-05-07T06:00:00Z,2026-05,RESEARCH_DEVELOPMENT,O_FULL,SKIPPED,INSUFFICIENT_10H_TRADABLE_ROWS,420,7.0,,,,,,,,
CRCLUSDT-O-20260507T200000Z,CRCLUSDT,CRYPTO_SENSITIVE_EQUITY,O,,O:2026-05-07T20:00:00Z:2026-05-08T06:00:00Z,2026-05,RESEARCH_DEVELOPMENT,O_FULL,SKIPPED,INSUFFICIENT_10H_TRADABLE_ROWS,420,7.0,,,,,,,,
CRCLUSDT-nyse_20260508T200000Z,CRCLUSDT,CRYPTO_SENSITIVE_EQUITY,W,,W:2026-05-08T20:00:00Z:2026-05-11T06:00:00Z,2026-05,RESEARCH_DEVELOPMENT,W_HEAD_10H,READY,,600,10.0,0.0074191719436906,0.00234614816944808,0.015586546349467921,0.8,0.0008800000000000001,0.0,2579.0,1270.4
CRCLUSDT-nyse_20260508T200000Z,CRCLUSDT,CRYPTO_SENSITIVE_EQUITY,W,,W:2026-05-08T20:00:00Z:2026-05-11T06:00:00Z,2026-05,RESEARCH_DEVELOPMENT,W_TAIL_10H,READY,,600,10.0,0.04054557501510784,0.012821636608895673,0.023534570969156583,8.2,0.00902,0.0,13409.8,4958.3
CRCLUSDT-O-20260511T200000Z,CRCLUSDT,CRYPTO_SENSITIVE_EQUITY,O,,O:2026-05-11T20:00:00Z:2026-05-12T06:00:00Z,2026-05,RESEARCH_DEVELOPMENT,O_FULL,SKIPPED,INSUFFICIENT_10H_TRADABLE_ROWS,420,7.0,,,,,,,,
CRCLUSDT-O-20260512T200000Z,CRCLUSDT,CRYPTO_SENSITIVE_EQUITY,O,,O:2026-05-12T20:00:00Z:2026-05-13T06:00:00Z,2026-05,RESEARCH_DEVELOPMENT,O_FULL,SKIPPED,INSUFFICIENT_10H_TRADABLE_ROWS,420,7.0,,,,,,,,
CRCLUSDT-O-20260513T200000Z,CRCLUSDT,CRYPTO_SENSITIVE_EQUITY,O,,O:2026-05-13T20:00:00Z:2026-05-14T06:00:00Z,2026-05,RESEARCH_DEVELOPMENT,O_FULL,SKIPPED,INSUFFICIENT_10H_TRADABLE_ROWS,420,7.0,,,,,,,,
CRCLUSDT-O-20260514T200000Z,CRCLUSDT,CRYPTO_SENSITIVE_EQUITY,O,,O:2026-05-14T20:00:00Z:2026-05-15T06:00:00Z,2026-05,RESEARCH_DEVELOPMENT,O_FULL,SKIPPED,INSUFFICIENT_10H_TRADABLE_ROWS,420,7.0,,,,,,,,
CRCLUSDT-nyse_20260515T200000Z,CRCLUSDT,CRYPTO_SENSITIVE_EQUITY,W,,W:2026-05-15T20:00:00Z:2026-05-18T06:00:00Z,2026-05,RESEARCH_DEVELOPMENT,W_HEAD_10H,READY,,600,10.0,0.010217390444500207,0.0032310225547860874,0.06057007125890837,2.0,0.0022,0.0,3362.7,1223.5
CRCLUSDT-nyse_20260515T200000Z,CRCLUSDT,CRYPTO_SENSITIVE_EQUITY,W,,W:2026-05-15T20:00:00Z:2026-05-18T06:00:00Z,2026-05,RESEARCH_DEVELOPMENT,W_TAIL_10H,READY,,600,10.0,0.0292864246950506,0.009261180655936205,0.03387270765911539,6.8,0.0074800000000000005,0.0,10003.4,3551.9
CRCLUSDT-O-20260518T200000Z,CRCLUSDT,CRYPTO_SENSITIVE_EQUITY,O,,O:2026-05-18T20:00:00Z:2026-05-19T06:00:00Z,2026-05,RESEARCH_DEVELOPMENT,O_FULL,SKIPPED,INSUFFICIENT_10H_TRADABLE_ROWS,420,7.0,,,,,,,,
CRCLUSDT-O-20260519T200000Z,CRCLUSDT,CRYPTO_SENSITIVE_EQUITY,O,,O:2026-05-19T20:00:00Z:2026-05-20T06:00:00Z,2026-05,RESEARCH_DEVELOPMENT,O_FULL,SKIPPED,INSUFFICIENT_10H_TRADABLE_ROWS,420,7.0,,,,,,,,
CRCLUSDT-O-20260520T200000Z,CRCLUSDT,CRYPTO_SENSITIVE_EQUITY,O,,O:2026-05-20T20:00:00Z:2026-05-21T06:00:00Z,2026-05,RESEARCH_DEVELOPMENT,O_FULL,SKIPPED,INSUFFICIENT_10H_TRADABLE_ROWS,420,7.0,,,,,,,,
CRCLUSDT-O-20260521T200000Z,CRCLUSDT,CRYPTO_SENSITIVE_EQUITY,O,,O:2026-05-21T20:00:00Z:2026-05-22T06:00:00Z,2026-05,RESEARCH_DEVELOPMENT,O_FULL,SKIPPED,INSUFFICIENT_10H_TRADABLE_ROWS,420,7.0,,,,,,,,
CRCLUSDT-nyse_20260522T200000Z,CRCLUSDT,CRYPTO_SENSITIVE_EQUITY,W,,W:2026-05-22T20:00:00Z:2026-05-26T06:00:00Z,2026-05,RESEARCH_DEVELOPMENT,W_HEAD_10H,READY,,600,10.0,0.013688182770874163,0.0043285834584637075,0.0632003585835952,3.0,0.0033,0.0016666666666666668,6232.3,1851.2
CRCLUSDT-nyse_20260522T200000Z,CRCLUSDT,CRYPTO_SENSITIVE_EQUITY,W,,W:2026-05-22T20:00:00Z:2026-05-26T06:00:00Z,2026-05,RESEARCH_DEVELOPMENT,W_TAIL_10H,READY,,600,10.0,0.014578676809661012,0.0046101823990005834,0.04206642066420634,3.8,0.00418,0.0,6387.4,1900.5
CRCLUSDT-O-20260526T200000Z,CRCLUSDT,CRYPTO_SENSITIVE_EQUITY,O,,O:2026-05-26T20:00:00Z:2026-05-27T06:00:00Z,2026-05,RESEARCH_DEVELOPMENT,O_FULL,SKIPPED,INSUFFICIENT_10H_TRADABLE_ROWS,420,7.0,,,,,,,,
CRCLUSDT-O-20260527T200000Z,CRCLUSDT,CRYPTO_SENSITIVE_EQUITY,O,,O:2026-05-27T20:00:00Z:2026-05-28T06:00:00Z,2026-05,RESEARCH_DEVELOPMENT,O_FULL,SKIPPED,INSUFFICIENT_10H_TRADABLE_ROWS,420,7.0,,,,,,,,
CRCLUSDT-O-20260528T200000Z,CRCLUSDT,CRYPTO_SENSITIVE_EQUITY,O,,O:2026-05-28T20:00:00Z:2026-05-29T06:00:00Z,2026-05,RESEARCH_DEVELOPMENT,O_FULL,SKIPPED,INSUFFICIENT_10H_TRADABLE_ROWS,420,7.0,,,,,,,,
CRCLUSDT-nyse_20260529T200000Z,CRCLUSDT,CRYPTO_SENSITIVE_EQUITY,W,,W:2026-05-29T20:00:00Z:2026-06-01T06:00:00Z,2026-05,RESEARCH_DEVELOPMENT,W_HEAD_10H,READY,,600,10.0,0.006154241514926081,0.001946142045793155,0.017361111111111834,0.7,0.00077,0.005,1990.9,571.8
CRCLUSDT-nyse_20260529T200000Z,CRCLUSDT,CRYPTO_SENSITIVE_EQUITY,W,,W:2026-05-29T20:00:00Z:2026-06-01T06:00:00Z,2026-05,RESEARCH_DEVELOPMENT,W_TAIL_10H,READY,,600,10.0,0.016299381569710288,0.005154317021245505,0.019149626744563705,4.6,0.00506,0.0033333333333333335,6488.6,1937.8
CRCLUSDT-O-20260601T200000Z,CRCLUSDT,CRYPTO_SENSITIVE_EQUITY,O,,O:2026-06-01T20:00:00Z:2026-06-02T06:00:00Z,2026-06,RESEARCH_VALIDATION_EXPOSED,O_FULL,SKIPPED,INSUFFICIENT_10H_TRADABLE_ROWS,420,7.0,,,,,,,,
CRCLUSDT-O-20260602T200000Z,CRCLUSDT,CRYPTO_SENSITIVE_EQUITY,O,,O:2026-06-02T20:00:00Z:2026-06-03T06:00:00Z,2026-06,RESEARCH_VALIDATION_EXPOSED,O_FULL,SKIPPED,INSUFFICIENT_10H_TRADABLE_ROWS,420,7.0,,,,,,,,
CRCLUSDT-O-20260603T200000Z,CRCLUSDT,CRYPTO_SENSITIVE_EQUITY,O,,O:2026-06-03T20:00:00Z:2026-06-04T06:00:00Z,2026-06,RESEARCH_VALIDATION_EXPOSED,O_FULL,SKIPPED,INSUFFICIENT_10H_TRADABLE_ROWS,420,7.0,,,,,,,,
CRCLUSDT-O-20260604T200000Z,CRCLUSDT,CRYPTO_SENSITIVE_EQUITY,O,,O:2026-06-04T20:00:00Z:2026-06-05T06:00:00Z,2026-06,RESEARCH_VALIDATION_EXPOSED,O_FULL,SKIPPED,INSUFFICIENT_10H_TRADABLE_ROWS,420,7.0,,,,,,,,
CRCLUSDT-nyse_20260605T200000Z,CRCLUSDT,CRYPTO_SENSITIVE_EQUITY,W,,W:2026-06-05T20:00:00Z:2026-06-08T06:00:00Z,2026-06,RESEARCH_VALIDATION_EXPOSED,W_HEAD_10H,READY,,600,10.0,0.03504522820273853,0.011082274224102288,0.06785800531272655,8.6,0.00946,0.0,16686.7,5276.2
CRCLUSDT-nyse_20260605T200000Z,CRCLUSDT,CRYPTO_SENSITIVE_EQUITY,W,,W:2026-06-05T20:00:00Z:2026-06-08T06:00:00Z,2026-06,RESEARCH_VALIDATION_EXPOSED,W_TAIL_10H,READY,,600,10.0,0.03262523722978435,0.010317005884944075,0.02393617021276594,8.6,0.00946,0.0,13407.0,4183.1
CRCLUSDT-O-20260608T200000Z,CRCLUSDT,CRYPTO_SENSITIVE_EQUITY,O,,O:2026-06-08T20:00:00Z:2026-06-09T06:00:00Z,2026-06,RESEARCH_VALIDATION_EXPOSED,O_FULL,SKIPPED,INSUFFICIENT_10H_TRADABLE_ROWS,420,7.0,,,,,,,,
CRCLUSDT-O-20260609T200000Z,CRCLUSDT,CRYPTO_SENSITIVE_EQUITY,O,,O:2026-06-09T20:00:00Z:2026-06-10T06:00:00Z,2026-06,RESEARCH_VALIDATION_EXPOSED,O_FULL,SKIPPED,INSUFFICIENT_10H_TRADABLE_ROWS,420,7.0,,,,,,,,
CRCLUSDT-O-20260610T200000Z,CRCLUSDT,CRYPTO_SENSITIVE_EQUITY,O,,O:2026-06-10T20:00:00Z:2026-06-11T06:00:00Z,2026-06,RESEARCH_VALIDATION_EXPOSED,O_FULL,SKIPPED,INSUFFICIENT_10H_TRADABLE_ROWS,420,7.0,,,,,,,,
CRCLUSDT-O-20260611T200000Z,CRCLUSDT,CRYPTO_SENSITIVE_EQUITY,O,,O:2026-06-11T20:00:00Z:2026-06-12T06:00:00Z,2026-06,RESEARCH_VALIDATION_EXPOSED,O_FULL,SKIPPED,INSUFFICIENT_10H_TRADABLE_ROWS,420,7.0,,,,,,,,
CRCLUSDT-nyse_20260612T200000Z,CRCLUSDT,CRYPTO_SENSITIVE_EQUITY,W,,W:2026-06-12T20:00:00Z:2026-06-15T06:00:00Z,2026-06,RESEARCH_VALIDATION_EXPOSED,W_HEAD_10H,READY,,600,10.0,0.010864986315217652,0.003435810350264794,0.08119079837618538,2.3,0.00253,0.0016666666666666668,3492.9,1087.7
CRCLUSDT-nyse_20260612T200000Z,CRCLUSDT,CRYPTO_SENSITIVE_EQUITY,W,,W:2026-06-12T20:00:00Z:2026-06-15T06:00:00Z,2026-06,RESEARCH_VALIDATION_EXPOSED,W_TAIL_10H,READY,,600,10.0,0.028348448446069516,0.008964566522144064,0.10590858416945372,6.2,0.0068200000000000005,0.0,11666.0,3530.5
CRCLUSDT-O-20260615T200000Z,CRCLUSDT,CRYPTO_SENSITIVE_EQUITY,O,,O:2026-06-15T20:00:00Z:2026-06-16T06:00:00Z,2026-06,RESEARCH_VALIDATION_EXPOSED,O_FULL,SKIPPED,INSUFFICIENT_10H_TRADABLE_ROWS,420,7.0,,,,,,,,
CRCLUSDT-O-20260616T200000Z,CRCLUSDT,CRYPTO_SENSITIVE_EQUITY,O,,O:2026-06-16T20:00:00Z:2026-06-17T06:00:00Z,2026-06,RESEARCH_VALIDATION_EXPOSED,O_FULL,SKIPPED,INSUFFICIENT_10H_TRADABLE_ROWS,420,7.0,,,,,,,,
CRCLUSDT-O-20260617T200000Z,CRCLUSDT,CRYPTO_SENSITIVE_EQUITY,O,,O:2026-06-17T20:00:00Z:2026-06-18T06:00:00Z,2026-06,RESEARCH_VALIDATION_EXPOSED,O_FULL,SKIPPED,INSUFFICIENT_10H_TRADABLE_ROWS,420,7.0,,,,,,,,
CRCLUSDT-nyse_20260618T200000Z,CRCLUSDT,CRYPTO_SENSITIVE_EQUITY,W,,W:2026-06-18T20:00:00Z:2026-06-22T06:00:00Z,2026-06,RESEARCH_VALIDATION_EXPOSED,W_HEAD_10H,READY,,600,10.0,0.01920192601751226,0.006072182167738499,0.04910366328916534,5.2,0.00572,0.0,5861.4,1542.3
CRCLUSDT-nyse_20260618T200000Z,CRCLUSDT,CRYPTO_SENSITIVE_EQUITY,W,,W:2026-06-18T20:00:00Z:2026-06-22T06:00:00Z,2026-06,RESEARCH_VALIDATION_EXPOSED,W_TAIL_10H,READY,,600,10.0,0.02140392751135832,0.006768516180903179,0.03914097679251826,6.1,0.00671,0.0033333333333333335,8040.4,2306.8
CRCLUSDT-O-20260622T200000Z,CRCLUSDT,CRYPTO_SENSITIVE_EQUITY,O,,O:2026-06-22T20:00:00Z:2026-06-23T06:00:00Z,2026-06,RESEARCH_VALIDATION_EXPOSED,O_FULL,SKIPPED,INSUFFICIENT_10H_TRADABLE_ROWS,420,7.0,,,,,,,,
CRCLUSDT-O-20260623T200000Z,CRCLUSDT,CRYPTO_SENSITIVE_EQUITY,O,,O:2026-06-23T20:00:00Z:2026-06-24T06:00:00Z,2026-06,RESEARCH_VALIDATION_EXPOSED,O_FULL,SKIPPED,INSUFFICIENT_10H_TRADABLE_ROWS,420,7.0,,,,,,,,
CRCLUSDT-O-20260624T200000Z,CRCLUSDT,CRYPTO_SENSITIVE_EQUITY,O,,O:2026-06-24T20:00:00Z:2026-06-25T06:00:00Z,2026-06,RESEARCH_VALIDATION_EXPOSED,O_FULL,SKIPPED,INSUFFICIENT_10H_TRADABLE_ROWS,420,7.0,,,,,,,,
CRCLUSDT-O-20260625T200000Z,CRCLUSDT,CRYPTO_SENSITIVE_EQUITY,O,,O:2026-06-25T20:00:00Z:2026-06-26T06:00:00Z,2026-06,RESEARCH_VALIDATION_EXPOSED,O_FULL,SKIPPED,INSUFFICIENT_10H_TRADABLE_ROWS,420,7.0,,,,,,,,
CRCLUSDT-nyse_20260626T200000Z,CRCLUSDT,CRYPTO_SENSITIVE_EQUITY,W,,W:2026-06-26T20:00:00Z:2026-06-29T06:00:00Z,2026-06,RESEARCH_VALIDATION_EXPOSED,W_HEAD_10H,READY,,600,10.0,0.011731057117893282,0.0037096859854073177,0.03415941058271932,2.2,0.0024200000000000003,0.0,4920.1,1714.3
CRCLUSDT-nyse_20260626T200000Z,CRCLUSDT,CRYPTO_SENSITIVE_EQUITY,W,,W:2026-06-26T20:00:00Z:2026-06-29T06:00:00Z,2026-06,RESEARCH_VALIDATION_EXPOSED,W_TAIL_10H,READY,,600,10.0,0.020850265174531528,0.006593432777000781,0.026438569206843218,6.0,0.0066,0.005,7985.2,2323.0
CRCLUSDT-O-20260629T200000Z,CRCLUSDT,CRYPTO_SENSITIVE_EQUITY,O,,O:2026-06-29T20:00:00Z:2026-06-30T06:00:00Z,2026-06,RESEARCH_VALIDATION_EXPOSED,O_FULL,SKIPPED,INSUFFICIENT_10H_TRADABLE_ROWS,420,7.0,,,,,,,,
CRCLUSDT-O-20260630T200000Z,CRCLUSDT,CRYPTO_SENSITIVE_EQUITY,O,,O:2026-06-30T20:00:00Z:2026-07-01T06:00:00Z,2026-06,RESEARCH_VALIDATION_EXPOSED,O_FULL,SKIPPED,INSUFFICIENT_10H_TRADABLE_ROWS,420,7.0,,,,,,,,
CRCLUSDT-O-20260701T200000Z,CRCLUSDT,CRYPTO_SENSITIVE_EQUITY,O,,O:2026-07-01T20:00:00Z:2026-07-02T06:00:00Z,2026-07,DESCRIPTIVE_EXPOSED,O_FULL,SKIPPED,INSUFFICIENT_10H_TRADABLE_ROWS,420,7.0,,,,,,,,
CRCLUSDT-nyse_20260702T200000Z,CRCLUSDT,CRYPTO_SENSITIVE_EQUITY,W,,W:2026-07-02T20:00:00Z:2026-07-06T06:00:00Z,2026-07,DESCRIPTIVE_EXPOSED,W_HEAD_10H,READY,,600,10.0,0.01734925024101013,0.005486314645781721,0.049164677804296154,5.4,0.005940000000000001,0.0,7080.5,2058.2
CRCLUSDT-nyse_20260702T200000Z,CRCLUSDT,CRYPTO_SENSITIVE_EQUITY,W,,W:2026-07-02T20:00:00Z:2026-07-06T06:00:00Z,2026-07,DESCRIPTIVE_EXPOSED,W_TAIL_10H,READY,,600,10.0,0.03160796727132887,0.009995316878545659,0.05291005291005296,8.7,0.00957,0.0,17080.4,4161.6
CRCLUSDT-O-20260706T200000Z,CRCLUSDT,CRYPTO_SENSITIVE_EQUITY,O,,O:2026-07-06T20:00:00Z:2026-07-07T06:00:00Z,2026-07,DESCRIPTIVE_EXPOSED,O_FULL,SKIPPED,INSUFFICIENT_10H_TRADABLE_ROWS,420,7.0,,,,,,,,
CRCLUSDT-O-20260707T200000Z,CRCLUSDT,CRYPTO_SENSITIVE_EQUITY,O,,O:2026-07-07T20:00:00Z:2026-07-08T06:00:00Z,2026-07,DESCRIPTIVE_EXPOSED,O_FULL,SKIPPED,INSUFFICIENT_10H_TRADABLE_ROWS,420,7.0,,,,,,,,
CRCLUSDT-O-20260708T200000Z,CRCLUSDT,CRYPTO_SENSITIVE_EQUITY,O,,O:2026-07-08T20:00:00Z:2026-07-09T06:00:00Z,2026-07,DESCRIPTIVE_EXPOSED,O_FULL,SKIPPED,INSUFFICIENT_10H_TRADABLE_ROWS,420,7.0,,,,,,,,
CRCLUSDT-O-20260709T200000Z,CRCLUSDT,CRYPTO_SENSITIVE_EQUITY,O,,O:2026-07-09T20:00:00Z:2026-07-10T06:00:00Z,2026-07,DESCRIPTIVE_EXPOSED,O_FULL,SKIPPED,INSUFFICIENT_10H_TRADABLE_ROWS,420,7.0,,,,,,,,
CRCLUSDT-nyse_20260710T200000Z,CRCLUSDT,CRYPTO_SENSITIVE_EQUITY,W,,W:2026-07-10T20:00:00Z:2026-07-13T06:00:00Z,2026-07,DESCRIPTIVE_EXPOSED,W_HEAD_10H,READY,,600,10.0,0.013717035516949408,0.004337707497898533,0.05623787976729086,3.4,0.0037400000000000003,0.0,5665.7,1810.6
CRCLUSDT-nyse_20260710T200000Z,CRCLUSDT,CRYPTO_SENSITIVE_EQUITY,W,,W:2026-07-10T20:00:00Z:2026-07-13T06:00:00Z,2026-07,DESCRIPTIVE_EXPOSED,W_TAIL_10H,READY,,600,10.0,0.023976047613200643,0.0075818919746357795,0.09441542788268417,6.3,0.00693,0.0,12691.2,3060.3
CRCLUSDT-O-20260713T200000Z,CRCLUSDT,CRYPTO_SENSITIVE_EQUITY,O,,O:2026-07-13T20:00:00Z:2026-07-14T06:00:00Z,2026-07,DESCRIPTIVE_EXPOSED,O_FULL,SKIPPED,INSUFFICIENT_10H_TRADABLE_ROWS,420,7.0,,,,,,,,
CRCLUSDT-O-20260714T200000Z,CRCLUSDT,CRYPTO_SENSITIVE_EQUITY,O,,O:2026-07-14T20:00:00Z:2026-07-15T06:00:00Z,2026-07,DESCRIPTIVE_EXPOSED,O_FULL,SKIPPED,INSUFFICIENT_10H_TRADABLE_ROWS,420,7.0,,,,,,,,
CRCLUSDT-O-20260715T200000Z,CRCLUSDT,CRYPTO_SENSITIVE_EQUITY,O,,O:2026-07-15T20:00:00Z:2026-07-16T06:00:00Z,2026-07,DESCRIPTIVE_EXPOSED,O_FULL,SKIPPED,INSUFFICIENT_10H_TRADABLE_ROWS,420,7.0,,,,,,,,
CRCLUSDT-O-20260716T200000Z,CRCLUSDT,CRYPTO_SENSITIVE_EQUITY,O,,O:2026-07-16T20:00:00Z:2026-07-17T06:00:00Z,2026-07,DESCRIPTIVE_EXPOSED,O_FULL,SKIPPED,INSUFFICIENT_10H_TRADABLE_ROWS,420,7.0,,,,,,,,
CRCLUSDT-nyse_20260717T200000Z,CRCLUSDT,CRYPTO_SENSITIVE_EQUITY,W,,W:2026-07-17T20:00:00Z:2026-07-20T06:00:00Z,2026-07,DESCRIPTIVE_EXPOSED,W_HEAD_10H,READY,,600,10.0,0.008145323734391833,0.0025757775280106573,0.021028037383177513,1.3,0.00143,0.0033333333333333335,3288.9,1221.3
CRCLUSDT-nyse_20260717T200000Z,CRCLUSDT,CRYPTO_SENSITIVE_EQUITY,W,,W:2026-07-17T20:00:00Z:2026-07-20T06:00:00Z,2026-07,DESCRIPTIVE_EXPOSED,W_TAIL_10H,READY,,600,10.0,0.020415866949814024,0.006456063996836683,0.03813769192669653,5.3,0.00583,0.0033333333333333335,6012.2,1825.9
CRCLUSDT-O-20260720T200000Z,CRCLUSDT,CRYPTO_SENSITIVE_EQUITY,O,,O:2026-07-20T20:00:00Z:2026-07-21T06:00:00Z,2026-07,DESCRIPTIVE_EXPOSED,O_FULL,SKIPPED,INSUFFICIENT_10H_TRADABLE_ROWS,420,7.0,,,,,,,,
CRCLUSDT-O-20260721T200000Z,CRCLUSDT,CRYPTO_SENSITIVE_EQUITY,O,,O:2026-07-21T20:00:00Z:2026-07-22T06:00:00Z,2026-07,DESCRIPTIVE_EXPOSED,O_FULL,SKIPPED,INSUFFICIENT_10H_TRADABLE_ROWS,420,7.0,,,,,,,,
CRCLUSDT-O-20260722T200000Z,CRCLUSDT,CRYPTO_SENSITIVE_EQUITY,O,,O:2026-07-22T20:00:00Z:2026-07-23T06:00:00Z,2026-07,DESCRIPTIVE_EXPOSED,O_FULL,SKIPPED,INSUFFICIENT_10H_TRADABLE_ROWS,420,7.0,,,,,,,,
CRCLUSDT-O-20260723T200000Z,CRCLUSDT,CRYPTO_SENSITIVE_EQUITY,O,,O:2026-07-23T20:00:00Z:2026-07-24T06:00:00Z,2026-07,DESCRIPTIVE_EXPOSED,O_FULL,SKIPPED,INSUFFICIENT_10H_TRADABLE_ROWS,60,1.0,,,,,,,,
HOODUSDT-O-20260202T210000Z,HOODUSDT,CRYPTO_SENSITIVE_EQUITY,O,,O:2026-02-02T21:00:00Z:2026-02-03T07:00:00Z,2026-02,DESCRIPTIVE_EXPOSED,O_FULL,SKIPPED,INSUFFICIENT_10H_TRADABLE_ROWS,240,4.0,,,,,,,,
HOODUSDT-O-20260203T210000Z,HOODUSDT,CRYPTO_SENSITIVE_EQUITY,O,,O:2026-02-03T21:00:00Z:2026-02-04T07:00:00Z,2026-02,DESCRIPTIVE_EXPOSED,O_FULL,SKIPPED,INSUFFICIENT_10H_TRADABLE_ROWS,420,7.0,,,,,,,,
HOODUSDT-O-20260204T210000Z,HOODUSDT,CRYPTO_SENSITIVE_EQUITY,O,,O:2026-02-04T21:00:00Z:2026-02-05T07:00:00Z,2026-02,DESCRIPTIVE_EXPOSED,O_FULL,SKIPPED,INSUFFICIENT_10H_TRADABLE_ROWS,420,7.0,,,,,,,,
HOODUSDT-O-20260205T210000Z,HOODUSDT,CRYPTO_SENSITIVE_EQUITY,O,,O:2026-02-05T21:00:00Z:2026-02-06T07:00:00Z,2026-02,DESCRIPTIVE_EXPOSED,O_FULL,SKIPPED,INSUFFICIENT_10H_TRADABLE_ROWS,420,7.0,,,,,,,,
HOODUSDT-nyse_20260206T210000Z,HOODUSDT,CRYPTO_SENSITIVE_EQUITY,W,,W:2026-02-06T21:00:00Z:2026-02-09T07:00:00Z,2026-02,DESCRIPTIVE_EXPOSED,W_HEAD_10H,READY,,600,10.0,0.012142367639189114,0.0038397537926959198,0.0030807147258170918,2.4,0.00264,0.0,1185.6,686.3
HOODUSDT-nyse_20260206T210000Z,HOODUSDT,CRYPTO_SENSITIVE_EQUITY,W,,W:2026-02-06T21:00:00Z:2026-02-09T07:00:00Z,2026-02,DESCRIPTIVE_EXPOSED,W_TAIL_10H,READY,,600,10.0,0.029295760634697028,0.009264132939274264,0.042245021122510676,6.2,0.0068200000000000005,0.11,1038.7,695.6
HOODUSDT-O-20260209T210000Z,HOODUSDT,CRYPTO_SENSITIVE_EQUITY,O,,O:2026-02-09T21:00:00Z:2026-02-10T07:00:00Z,2026-02,DESCRIPTIVE_EXPOSED,O_FULL,SKIPPED,INSUFFICIENT_10H_TRADABLE_ROWS,420,7.0,,,,,,,,
HOODUSDT-O-20260210T210000Z,HOODUSDT,CRYPTO_SENSITIVE_EQUITY,O,,O:2026-02-10T21:00:00Z:2026-02-11T07:00:00Z,2026-02,DESCRIPTIVE_EXPOSED,O_FULL,SKIPPED,INSUFFICIENT_10H_TRADABLE_ROWS,420,7.0,,,,,,,,
HOODUSDT-O-20260211T210000Z,HOODUSDT,CRYPTO_SENSITIVE_EQUITY,O,,O:2026-02-11T21:00:00Z:2026-02-12T07:00:00Z,2026-02,DESCRIPTIVE_EXPOSED,O_FULL,SKIPPED,INSUFFICIENT_10H_TRADABLE_ROWS,420,7.0,,,,,,,,
HOODUSDT-O-20260212T210000Z,HOODUSDT,CRYPTO_SENSITIVE_EQUITY,O,,O:2026-02-12T21:00:00Z:2026-02-13T07:00:00Z,2026-02,DESCRIPTIVE_EXPOSED,O_FULL,SKIPPED,INSUFFICIENT_10H_TRADABLE_ROWS,420,7.0,,,,,,,,
HOODUSDT-nyse_20260213T210000Z,HOODUSDT,CRYPTO_SENSITIVE_EQUITY,W,,W:2026-02-13T21:00:00Z:2026-02-17T07:00:00Z,2026-02,DESCRIPTIVE_EXPOSED,W_HEAD_10H,READY,,600,10.0,0.009506676570634582,0.0030062750941763877,0.015932521087160506,2.1,0.0023100000000000004,0.225,499.1,272.7
HOODUSDT-nyse_20260213T210000Z,HOODUSDT,CRYPTO_SENSITIVE_EQUITY,W,,W:2026-02-13T21:00:00Z:2026-02-17T07:00:00Z,2026-02,DESCRIPTIVE_EXPOSED,W_TAIL_10H,READY,,600,10.0,0.0193484473391708,0.006118516277960414,0.06478873239436629,4.1,0.00451,0.22666666666666666,714.1,388.5
HOODUSDT-O-20260217T210000Z,HOODUSDT,CRYPTO_SENSITIVE_EQUITY,O,,O:2026-02-17T21:00:00Z:2026-02-18T07:00:00Z,2026-02,DESCRIPTIVE_EXPOSED,O_FULL,SKIPPED,INSUFFICIENT_10H_TRADABLE_ROWS,420,7.0,,,,,,,,
HOODUSDT-O-20260218T210000Z,HOODUSDT,CRYPTO_SENSITIVE_EQUITY,O,,O:2026-02-18T21:00:00Z:2026-02-19T07:00:00Z,2026-02,DESCRIPTIVE_EXPOSED,O_FULL,SKIPPED,INSUFFICIENT_10H_TRADABLE_ROWS,420,7.0,,,,,,,,
HOODUSDT-O-20260219T210000Z,HOODUSDT,CRYPTO_SENSITIVE_EQUITY,O,,O:2026-02-19T21:00:00Z:2026-02-20T07:00:00Z,2026-02,DESCRIPTIVE_EXPOSED,O_FULL,SKIPPED,INSUFFICIENT_10H_TRADABLE_ROWS,420,7.0,,,,,,,,
HOODUSDT-nyse_20260220T210000Z,HOODUSDT,CRYPTO_SENSITIVE_EQUITY,W,,W:2026-02-20T21:00:00Z:2026-02-23T07:00:00Z,2026-02,DESCRIPTIVE_EXPOSED,W_HEAD_10H,READY,,600,10.0,0.0036660870353625442,0.0011593185132159898,0.0605187319884701,0.4,0.00044000000000000007,0.31333333333333335,184.7,99.2
HOODUSDT-nyse_20260220T210000Z,HOODUSDT,CRYPTO_SENSITIVE_EQUITY,W,,W:2026-02-20T21:00:00Z:2026-02-23T07:00:00Z,2026-02,DESCRIPTIVE_EXPOSED,W_TAIL_10H,READY,,600,10.0,0.012914051427344113,0.004083781633095586,0.119856887298748,1.6,0.0017600000000000003,0.24666666666666667,701.2,334.7
HOODUSDT-O-20260223T210000Z,HOODUSDT,CRYPTO_SENSITIVE_EQUITY,O,,O:2026-02-23T21:00:00Z:2026-02-24T07:00:00Z,2026-02,DESCRIPTIVE_EXPOSED,O_FULL,SKIPPED,INSUFFICIENT_10H_TRADABLE_ROWS,420,7.0,,,,,,,,
HOODUSDT-O-20260224T210000Z,HOODUSDT,CRYPTO_SENSITIVE_EQUITY,O,,O:2026-02-24T21:00:00Z:2026-02-25T07:00:00Z,2026-02,DESCRIPTIVE_EXPOSED,O_FULL,SKIPPED,INSUFFICIENT_10H_TRADABLE_ROWS,420,7.0,,,,,,,,
HOODUSDT-O-20260225T210000Z,HOODUSDT,CRYPTO_SENSITIVE_EQUITY,O,,O:2026-02-25T21:00:00Z:2026-02-26T07:00:00Z,2026-02,DESCRIPTIVE_EXPOSED,O_FULL,SKIPPED,INSUFFICIENT_10H_TRADABLE_ROWS,420,7.0,,,,,,,,
HOODUSDT-O-20260226T210000Z,HOODUSDT,CRYPTO_SENSITIVE_EQUITY,O,,O:2026-02-26T21:00:00Z:2026-02-27T07:00:00Z,2026-02,DESCRIPTIVE_EXPOSED,O_FULL,SKIPPED,INSUFFICIENT_10H_TRADABLE_ROWS,420,7.0,,,,,,,,
HOODUSDT-nyse_20260227T210000Z,HOODUSDT,CRYPTO_SENSITIVE_EQUITY,W,,W:2026-02-27T21:00:00Z:2026-03-02T07:00:00Z,2026-02,DESCRIPTIVE_EXPOSED,W_HEAD_10H,READY,,600,10.0,0.013076663611620987,0.004135204120856581,0.06270627062706237,2.5,0.0027500000000000003,0.34,1396.0,736.0
HOODUSDT-nyse_20260227T210000Z,HOODUSDT,CRYPTO_SENSITIVE_EQUITY,W,,W:2026-02-27T21:00:00Z:2026-03-02T07:00:00Z,2026-02,DESCRIPTIVE_EXPOSED,W_TAIL_10H,READY,,600,10.0,0.024197657575234677,0.007651971197856878,0.0387384298937264,6.4,0.007040000000000001,0.013333333333333334,1842.0,938.2
HOODUSDT-O-20260302T210000Z,HOODUSDT,CRYPTO_SENSITIVE_EQUITY,O,,O:2026-03-02T21:00:00Z:2026-03-03T07:00:00Z,2026-03,RESEARCH_DEVELOPMENT,O_FULL,SKIPPED,INSUFFICIENT_10H_TRADABLE_ROWS,420,7.0,,,,,,,,
HOODUSDT-O-20260303T210000Z,HOODUSDT,CRYPTO_SENSITIVE_EQUITY,O,,O:2026-03-03T21:00:00Z:2026-03-04T07:00:00Z,2026-03,RESEARCH_DEVELOPMENT,O_FULL,SKIPPED,INSUFFICIENT_10H_TRADABLE_ROWS,420,7.0,,,,,,,,
HOODUSDT-O-20260304T210000Z,HOODUSDT,CRYPTO_SENSITIVE_EQUITY,O,,O:2026-03-04T21:00:00Z:2026-03-05T07:00:00Z,2026-03,RESEARCH_DEVELOPMENT,O_FULL,SKIPPED,INSUFFICIENT_10H_TRADABLE_ROWS,420,7.0,,,,,,,,
HOODUSDT-O-20260305T210000Z,HOODUSDT,CRYPTO_SENSITIVE_EQUITY,O,,O:2026-03-05T21:00:00Z:2026-03-06T07:00:00Z,2026-03,RESEARCH_DEVELOPMENT,O_FULL,SKIPPED,INSUFFICIENT_10H_TRADABLE_ROWS,420,7.0,,,,,,,,
HOODUSDT-nyse_20260306T210000Z,HOODUSDT,CRYPTO_SENSITIVE_EQUITY,W,,W:2026-03-06T21:00:00Z:2026-03-09T06:00:00Z,2026-03,RESEARCH_DEVELOPMENT,W_HEAD_10H,READY,,600,10.0,0.005959603552289196,0.001884592117686424,0.025559105431310555,0.8,0.0008800000000000001,0.275,407.0,185.5
HOODUSDT-nyse_20260306T210000Z,HOODUSDT,CRYPTO_SENSITIVE_EQUITY,W,,W:2026-03-06T21:00:00Z:2026-03-09T06:00:00Z,2026-03,RESEARCH_DEVELOPMENT,W_TAIL_10H,READY,,600,10.0,0.030078141237228684,0.009511543409387757,0.005920663114268885,6.6,0.00726,0.015,4307.2,2235.8
HOODUSDT-O-20260309T200000Z,HOODUSDT,CRYPTO_SENSITIVE_EQUITY,O,,O:2026-03-09T20:00:00Z:2026-03-10T06:00:00Z,2026-03,RESEARCH_DEVELOPMENT,O_FULL,SKIPPED,INSUFFICIENT_10H_TRADABLE_ROWS,420,7.0,,,,,,,,
HOODUSDT-O-20260310T200000Z,HOODUSDT,CRYPTO_SENSITIVE_EQUITY,O,,O:2026-03-10T20:00:00Z:2026-03-11T06:00:00Z,2026-03,RESEARCH_DEVELOPMENT,O_FULL,SKIPPED,INSUFFICIENT_10H_TRADABLE_ROWS,420,7.0,,,,,,,,
HOODUSDT-O-20260311T200000Z,HOODUSDT,CRYPTO_SENSITIVE_EQUITY,O,,O:2026-03-11T20:00:00Z:2026-03-12T06:00:00Z,2026-03,RESEARCH_DEVELOPMENT,O_FULL,SKIPPED,INSUFFICIENT_10H_TRADABLE_ROWS,420,7.0,,,,,,,,
HOODUSDT-O-20260312T200000Z,HOODUSDT,CRYPTO_SENSITIVE_EQUITY,O,,O:2026-03-12T20:00:00Z:2026-03-13T06:00:00Z,2026-03,RESEARCH_DEVELOPMENT,O_FULL,SKIPPED,INSUFFICIENT_10H_TRADABLE_ROWS,420,7.0,,,,,,,,
HOODUSDT-nyse_20260313T200000Z,HOODUSDT,CRYPTO_SENSITIVE_EQUITY,W,,W:2026-03-13T20:00:00Z:2026-03-16T06:00:00Z,2026-03,RESEARCH_DEVELOPMENT,W_HEAD_10H,READY,,600,10.0,0.004816290477693888,0.0015230447782493073,0.05882352941176616,0.6,0.00066,0.09833333333333333,565.3,313.1
HOODUSDT-nyse_20260313T200000Z,HOODUSDT,CRYPTO_SENSITIVE_EQUITY,W,,W:2026-03-13T20:00:00Z:2026-03-16T06:00:00Z,2026-03,RESEARCH_DEVELOPMENT,W_TAIL_10H,READY,,600,10.0,0.016212959888768426,0.005126988086145841,0.10666666666666634,2.8,0.00308,0.08666666666666667,1971.5,821.3
HOODUSDT-O-20260316T200000Z,HOODUSDT,CRYPTO_SENSITIVE_EQUITY,O,,O:2026-03-16T20:00:00Z:2026-03-17T06:00:00Z,2026-03,RESEARCH_DEVELOPMENT,O_FULL,SKIPPED,INSUFFICIENT_10H_TRADABLE_ROWS,420,7.0,,,,,,,,
HOODUSDT-O-20260317T200000Z,HOODUSDT,CRYPTO_SENSITIVE_EQUITY,O,,O:2026-03-17T20:00:00Z:2026-03-18T06:00:00Z,2026-03,RESEARCH_DEVELOPMENT,O_FULL,SKIPPED,INSUFFICIENT_10H_TRADABLE_ROWS,420,7.0,,,,,,,,
HOODUSDT-O-20260318T200000Z,HOODUSDT,CRYPTO_SENSITIVE_EQUITY,O,,O:2026-03-18T20:00:00Z:2026-03-19T06:00:00Z,2026-03,RESEARCH_DEVELOPMENT,O_FULL,SKIPPED,INSUFFICIENT_10H_TRADABLE_ROWS,420,7.0,,,,,,,,
HOODUSDT-O-20260319T200000Z,HOODUSDT,CRYPTO_SENSITIVE_EQUITY,O,,O:2026-03-19T20:00:00Z:2026-03-20T06:00:00Z,2026-03,RESEARCH_DEVELOPMENT,O_FULL,SKIPPED,INSUFFICIENT_10H_TRADABLE_ROWS,420,7.0,,,,,,,,
HOODUSDT-nyse_20260320T200000Z,HOODUSDT,CRYPTO_SENSITIVE_EQUITY,W,,W:2026-03-20T20:00:00Z:2026-03-23T06:00:00Z,2026-03,RESEARCH_DEVELOPMENT,W_HEAD_10H,READY,,600,10.0,0.00665541136088938,0.002104625866577132,0.007067137809185629,0.6,0.00066,0.37833333333333335,383.0,158.9
HOODUSDT-nyse_20260320T200000Z,HOODUSDT,CRYPTO_SENSITIVE_EQUITY,W,,W:2026-03-20T20:00:00Z:2026-03-23T06:00:00Z,2026-03,RESEARCH_DEVELOPMENT,W_TAIL_10H,READY,,600,10.0,0.020519341171880753,0.006488785418921175,0.061760840998685756,5.9,0.006490000000000001,0.03666666666666667,2089.2,904.5
HOODUSDT-O-20260323T200000Z,HOODUSDT,CRYPTO_SENSITIVE_EQUITY,O,,O:2026-03-23T20:00:00Z:2026-03-24T06:00:00Z,2026-03,RESEARCH_DEVELOPMENT,O_FULL,SKIPPED,INSUFFICIENT_10H_TRADABLE_ROWS,420,7.0,,,,,,,,
HOODUSDT-O-20260324T200000Z,HOODUSDT,CRYPTO_SENSITIVE_EQUITY,O,,O:2026-03-24T20:00:00Z:2026-03-25T06:00:00Z,2026-03,RESEARCH_DEVELOPMENT,O_FULL,SKIPPED,INSUFFICIENT_10H_TRADABLE_ROWS,420,7.0,,,,,,,,
HOODUSDT-O-20260325T200000Z,HOODUSDT,CRYPTO_SENSITIVE_EQUITY,O,,O:2026-03-25T20:00:00Z:2026-03-26T06:00:00Z,2026-03,RESEARCH_DEVELOPMENT,O_FULL,SKIPPED,INSUFFICIENT_10H_TRADABLE_ROWS,420,7.0,,,,,,,,
HOODUSDT-O-20260326T200000Z,HOODUSDT,CRYPTO_SENSITIVE_EQUITY,O,,O:2026-03-26T20:00:00Z:2026-03-27T06:00:00Z,2026-03,RESEARCH_DEVELOPMENT,O_FULL,SKIPPED,INSUFFICIENT_10H_TRADABLE_ROWS,420,7.0,,,,,,,,
HOODUSDT-nyse_20260327T200000Z,HOODUSDT,CRYPTO_SENSITIVE_EQUITY,W,,W:2026-03-27T20:00:00Z:2026-03-30T06:00:00Z,2026-03,RESEARCH_DEVELOPMENT,W_HEAD_10H,READY,,600,10.0,0.0050211003262262055,0.001587811339108929,0.05070993914806974,0.4,0.00044000000000000007,0.25666666666666665,404.7,148.6
HOODUSDT-nyse_20260327T200000Z,HOODUSDT,CRYPTO_SENSITIVE_EQUITY,W,,W:2026-03-27T20:00:00Z:2026-03-30T06:00:00Z,2026-03,RESEARCH_DEVELOPMENT,W_TAIL_10H,READY,,600,10.0,0.019331715720892626,0.00611322527569046,0.05257731958762938,3.8,0.00418,0.11833333333333333,1322.6,620.1
HOODUSDT-O-20260330T200000Z,HOODUSDT,CRYPTO_SENSITIVE_EQUITY,O,,O:2026-03-30T20:00:00Z:2026-03-31T06:00:00Z,2026-03,RESEARCH_DEVELOPMENT,O_FULL,SKIPPED,INSUFFICIENT_10H_TRADABLE_ROWS,420,7.0,,,,,,,,
HOODUSDT-O-20260331T200000Z,HOODUSDT,CRYPTO_SENSITIVE_EQUITY,O,,O:2026-03-31T20:00:00Z:2026-04-01T06:00:00Z,2026-03,RESEARCH_DEVELOPMENT,O_FULL,SKIPPED,INSUFFICIENT_10H_TRADABLE_ROWS,420,7.0,,,,,,,,
HOODUSDT-O-20260401T200000Z,HOODUSDT,CRYPTO_SENSITIVE_EQUITY,O,,O:2026-04-01T20:00:00Z:2026-04-02T06:00:00Z,2026-04,RESEARCH_DEVELOPMENT,O_FULL,SKIPPED,INSUFFICIENT_10H_TRADABLE_ROWS,420,7.0,,,,,,,,
HOODUSDT-nyse_20260402T200000Z,HOODUSDT,CRYPTO_SENSITIVE_EQUITY,W,,W:2026-04-02T20:00:00Z:2026-04-06T06:00:00Z,2026-04,RESEARCH_DEVELOPMENT,W_HEAD_10H,READY,,600,10.0,0.006762015591037456,0.0021383370841248027,0.007173601147776172,0.7,0.00077,0.19833333333333333,607.7,228.1
HOODUSDT-nyse_20260402T200000Z,HOODUSDT,CRYPTO_SENSITIVE_EQUITY,W,,W:2026-04-02T20:00:00Z:2026-04-06T06:00:00Z,2026-04,RESEARCH_DEVELOPMENT,W_TAIL_10H,READY,,600,10.0,0.018189535305032395,0.005752036114394797,0.03814884302689291,2.7,0.0029700000000000004,0.11,1508.9,716.8
HOODUSDT-O-20260406T200000Z,HOODUSDT,CRYPTO_SENSITIVE_EQUITY,O,,O:2026-04-06T20:00:00Z:2026-04-07T06:00:00Z,2026-04,RESEARCH_DEVELOPMENT,O_FULL,SKIPPED,INSUFFICIENT_10H_TRADABLE_ROWS,420,7.0,,,,,,,,
HOODUSDT-O-20260407T200000Z,HOODUSDT,CRYPTO_SENSITIVE_EQUITY,O,,O:2026-04-07T20:00:00Z:2026-04-08T06:00:00Z,2026-04,RESEARCH_DEVELOPMENT,O_FULL,SKIPPED,INSUFFICIENT_10H_TRADABLE_ROWS,420,7.0,,,,,,,,
HOODUSDT-O-20260408T200000Z,HOODUSDT,CRYPTO_SENSITIVE_EQUITY,O,,O:2026-04-08T20:00:00Z:2026-04-09T06:00:00Z,2026-04,RESEARCH_DEVELOPMENT,O_FULL,SKIPPED,INSUFFICIENT_10H_TRADABLE_ROWS,420,7.0,,,,,,,,
HOODUSDT-O-20260409T200000Z,HOODUSDT,CRYPTO_SENSITIVE_EQUITY,O,,O:2026-04-09T20:00:00Z:2026-04-10T06:00:00Z,2026-04,RESEARCH_DEVELOPMENT,O_FULL,SKIPPED,INSUFFICIENT_10H_TRADABLE_ROWS,420,7.0,,,,,,,,
HOODUSDT-nyse_20260410T200000Z,HOODUSDT,CRYPTO_SENSITIVE_EQUITY,W,,W:2026-04-10T20:00:00Z:2026-04-13T06:00:00Z,2026-04,RESEARCH_DEVELOPMENT,W_HEAD_10H,READY,,600,10.0,0.005252589217639479,0.0016610145540982629,0.03105590062111911,0.2,0.00022000000000000003,0.115,423.5,202.8
HOODUSDT-nyse_20260410T200000Z,HOODUSDT,CRYPTO_SENSITIVE_EQUITY,W,,W:2026-04-10T20:00:00Z:2026-04-13T06:00:00Z,2026-04,RESEARCH_DEVELOPMENT,W_TAIL_10H,READY,,600,10.0,0.026202072775853097,0.008285822938918632,0.03193487789605534,3.3,0.00363,0.006666666666666667,2602.9,1350.3
HOODUSDT-O-20260413T200000Z,HOODUSDT,CRYPTO_SENSITIVE_EQUITY,O,,O:2026-04-13T20:00:00Z:2026-04-14T06:00:00Z,2026-04,RESEARCH_DEVELOPMENT,O_FULL,SKIPPED,INSUFFICIENT_10H_TRADABLE_ROWS,420,7.0,,,,,,,,
HOODUSDT-O-20260414T200000Z,HOODUSDT,CRYPTO_SENSITIVE_EQUITY,O,,O:2026-04-14T20:00:00Z:2026-04-15T06:00:00Z,2026-04,RESEARCH_DEVELOPMENT,O_FULL,SKIPPED,INSUFFICIENT_10H_TRADABLE_ROWS,420,7.0,,,,,,,,
HOODUSDT-O-20260415T200000Z,HOODUSDT,CRYPTO_SENSITIVE_EQUITY,O,,O:2026-04-15T20:00:00Z:2026-04-16T06:00:00Z,2026-04,RESEARCH_DEVELOPMENT,O_FULL,SKIPPED,INSUFFICIENT_10H_TRADABLE_ROWS,420,7.0,,,,,,,,
HOODUSDT-O-20260416T200000Z,HOODUSDT,CRYPTO_SENSITIVE_EQUITY,O,,O:2026-04-16T20:00:00Z:2026-04-17T06:00:00Z,2026-04,RESEARCH_DEVELOPMENT,O_FULL,SKIPPED,INSUFFICIENT_10H_TRADABLE_ROWS,420,7.0,,,,,,,,
HOODUSDT-nyse_20260417T200000Z,HOODUSDT,CRYPTO_SENSITIVE_EQUITY,W,,W:2026-04-17T20:00:00Z:2026-04-20T06:00:00Z,2026-04,RESEARCH_DEVELOPMENT,W_HEAD_10H,READY,,600,10.0,0.006954566385559958,0.0021992269917214206,0.012536162005786864,1.0,0.0011,0.06833333333333333,1012.3,502.3
HOODUSDT-nyse_20260417T200000Z,HOODUSDT,CRYPTO_SENSITIVE_EQUITY,W,,W:2026-04-17T20:00:00Z:2026-04-20T06:00:00Z,2026-04,RESEARCH_DEVELOPMENT,W_TAIL_10H,READY,,600,10.0,0.034324837342945766,0.010854466631851075,0.04372990353697762,4.8,0.00528,0.0,3304.8,1757.4
HOODUSDT-O-20260420T200000Z,HOODUSDT,CRYPTO_SENSITIVE_EQUITY,O,,O:2026-04-20T20:00:00Z:2026-04-21T06:00:00Z,2026-04,RESEARCH_DEVELOPMENT,O_FULL,SKIPPED,INSUFFICIENT_10H_TRADABLE_ROWS,420,7.0,,,,,,,,
HOODUSDT-O-20260421T200000Z,HOODUSDT,CRYPTO_SENSITIVE_EQUITY,O,,O:2026-04-21T20:00:00Z:2026-04-22T06:00:00Z,2026-04,RESEARCH_DEVELOPMENT,O_FULL,SKIPPED,INSUFFICIENT_10H_TRADABLE_ROWS,420,7.0,,,,,,,,
HOODUSDT-O-20260422T200000Z,HOODUSDT,CRYPTO_SENSITIVE_EQUITY,O,,O:2026-04-22T20:00:00Z:2026-04-23T06:00:00Z,2026-04,RESEARCH_DEVELOPMENT,O_FULL,SKIPPED,INSUFFICIENT_10H_TRADABLE_ROWS,420,7.0,,,,,,,,
HOODUSDT-O-20260423T200000Z,HOODUSDT,CRYPTO_SENSITIVE_EQUITY,O,,O:2026-04-23T20:00:00Z:2026-04-24T06:00:00Z,2026-04,RESEARCH_DEVELOPMENT,O_FULL,SKIPPED,INSUFFICIENT_10H_TRADABLE_ROWS,420,7.0,,,,,,,,
HOODUSDT-nyse_20260424T200000Z,HOODUSDT,CRYPTO_SENSITIVE_EQUITY,W,,W:2026-04-24T20:00:00Z:2026-04-27T06:00:00Z,2026-04,RESEARCH_DEVELOPMENT,W_HEAD_10H,READY,,600,10.0,0.0034000327965726016,0.0010751847756441358,0.0,0.0,0.0,0.20166666666666666,392.5,217.6
HOODUSDT-nyse_20260424T200000Z,HOODUSDT,CRYPTO_SENSITIVE_EQUITY,W,,W:2026-04-24T20:00:00Z:2026-04-27T06:00:00Z,2026-04,RESEARCH_DEVELOPMENT,W_TAIL_10H,READY,,600,10.0,0.01449032459041637,0.00458224297408622,0.015233949945593078,3.0,0.0033,0.013333333333333334,1299.7,682.8
HOODUSDT-O-20260427T200000Z,HOODUSDT,CRYPTO_SENSITIVE_EQUITY,O,,O:2026-04-27T20:00:00Z:2026-04-28T06:00:00Z,2026-04,RESEARCH_DEVELOPMENT,O_FULL,SKIPPED,INSUFFICIENT_10H_TRADABLE_ROWS,420,7.0,,,,,,,,
HOODUSDT-O-20260428T200000Z,HOODUSDT,CRYPTO_SENSITIVE_EQUITY,O,,O:2026-04-28T20:00:00Z:2026-04-29T06:00:00Z,2026-04,RESEARCH_DEVELOPMENT,O_FULL,SKIPPED,INSUFFICIENT_10H_TRADABLE_ROWS,420,7.0,,,,,,,,
HOODUSDT-O-20260429T200000Z,HOODUSDT,CRYPTO_SENSITIVE_EQUITY,O,,O:2026-04-29T20:00:00Z:2026-04-30T06:00:00Z,2026-04,RESEARCH_DEVELOPMENT,O_FULL,SKIPPED,INSUFFICIENT_10H_TRADABLE_ROWS,420,7.0,,,,,,,,
HOODUSDT-O-20260430T200000Z,HOODUSDT,CRYPTO_SENSITIVE_EQUITY,O,,O:2026-04-30T20:00:00Z:2026-05-01T06:00:00Z,2026-04,RESEARCH_DEVELOPMENT,O_FULL,SKIPPED,INSUFFICIENT_10H_TRADABLE_ROWS,420,7.0,,,,,,,,
HOODUSDT-nyse_20260501T200000Z,HOODUSDT,CRYPTO_SENSITIVE_EQUITY,W,,W:2026-05-01T20:00:00Z:2026-05-04T06:00:00Z,2026-05,RESEARCH_DEVELOPMENT,W_HEAD_10H,READY,,600,10.0,0.004789494525569831,0.0015145711541708227,0.005649717514124233,0.5,0.00055,0.12166666666666667,587.2,315.2
HOODUSDT-nyse_20260501T200000Z,HOODUSDT,CRYPTO_SENSITIVE_EQUITY,W,,W:2026-05-01T20:00:00Z:2026-05-04T06:00:00Z,2026-05,RESEARCH_DEVELOPMENT,W_TAIL_10H,READY,,600,10.0,0.018361852956818366,0.0058065277404643414,0.09100364014560561,2.1,0.0023100000000000004,0.0016666666666666668,2712.5,1218.4
HOODUSDT-O-20260504T200000Z,HOODUSDT,CRYPTO_SENSITIVE_EQUITY,O,,O:2026-05-04T20:00:00Z:2026-05-05T06:00:00Z,2026-05,RESEARCH_DEVELOPMENT,O_FULL,SKIPPED,INSUFFICIENT_10H_TRADABLE_ROWS,420,7.0,,,,,,,,
HOODUSDT-O-20260505T200000Z,HOODUSDT,CRYPTO_SENSITIVE_EQUITY,O,,O:2026-05-05T20:00:00Z:2026-05-06T06:00:00Z,2026-05,RESEARCH_DEVELOPMENT,O_FULL,SKIPPED,INSUFFICIENT_10H_TRADABLE_ROWS,420,7.0,,,,,,,,
HOODUSDT-O-20260506T200000Z,HOODUSDT,CRYPTO_SENSITIVE_EQUITY,O,,O:2026-05-06T20:00:00Z:2026-05-07T06:00:00Z,2026-05,RESEARCH_DEVELOPMENT,O_FULL,SKIPPED,INSUFFICIENT_10H_TRADABLE_ROWS,420,7.0,,,,,,,,
HOODUSDT-O-20260507T200000Z,HOODUSDT,CRYPTO_SENSITIVE_EQUITY,O,,O:2026-05-07T20:00:00Z:2026-05-08T06:00:00Z,2026-05,RESEARCH_DEVELOPMENT,O_FULL,SKIPPED,INSUFFICIENT_10H_TRADABLE_ROWS,420,7.0,,,,,,,,
HOODUSDT-nyse_20260508T200000Z,HOODUSDT,CRYPTO_SENSITIVE_EQUITY,W,,W:2026-05-08T20:00:00Z:2026-05-11T06:00:00Z,2026-05,RESEARCH_DEVELOPMENT,W_HEAD_10H,READY,,600,10.0,0.005662514256556723,0.0017906442333894285,0.014577259475217801,0.4,0.00044000000000000007,0.09333333333333334,566.9,293.6
HOODUSDT-nyse_20260508T200000Z,HOODUSDT,CRYPTO_SENSITIVE_EQUITY,W,,W:2026-05-08T20:00:00Z:2026-05-11T06:00:00Z,2026-05,RESEARCH_DEVELOPMENT,W_TAIL_10H,READY,,600,10.0,0.014422544061751523,0.0045608088889270955,0.04856787048567877,2.6,0.00286,0.006666666666666667,2314.2,949.7
HOODUSDT-O-20260511T200000Z,HOODUSDT,CRYPTO_SENSITIVE_EQUITY,O,,O:2026-05-11T20:00:00Z:2026-05-12T06:00:00Z,2026-05,RESEARCH_DEVELOPMENT,O_FULL,SKIPPED,INSUFFICIENT_10H_TRADABLE_ROWS,420,7.0,,,,,,,,
HOODUSDT-O-20260512T200000Z,HOODUSDT,CRYPTO_SENSITIVE_EQUITY,O,,O:2026-05-12T20:00:00Z:2026-05-13T06:00:00Z,2026-05,RESEARCH_DEVELOPMENT,O_FULL,SKIPPED,INSUFFICIENT_10H_TRADABLE_ROWS,420,7.0,,,,,,,,
HOODUSDT-O-20260513T200000Z,HOODUSDT,CRYPTO_SENSITIVE_EQUITY,O,,O:2026-05-13T20:00:00Z:2026-05-14T06:00:00Z,2026-05,RESEARCH_DEVELOPMENT,O_FULL,SKIPPED,INSUFFICIENT_10H_TRADABLE_ROWS,420,7.0,,,,,,,,
HOODUSDT-O-20260514T200000Z,HOODUSDT,CRYPTO_SENSITIVE_EQUITY,O,,O:2026-05-14T20:00:00Z:2026-05-15T06:00:00Z,2026-05,RESEARCH_DEVELOPMENT,O_FULL,SKIPPED,INSUFFICIENT_10H_TRADABLE_ROWS,420,7.0,,,,,,,,
HOODUSDT-nyse_20260515T200000Z,HOODUSDT,CRYPTO_SENSITIVE_EQUITY,W,,W:2026-05-15T20:00:00Z:2026-05-18T06:00:00Z,2026-05,RESEARCH_DEVELOPMENT,W_HEAD_10H,READY,,600,10.0,0.006608588145829988,0.0020898190658811744,0.04176904176904328,0.7,0.00077,0.08666666666666667,873.7,356.7
HOODUSDT-nyse_20260515T200000Z,HOODUSDT,CRYPTO_SENSITIVE_EQUITY,W,,W:2026-05-15T20:00:00Z:2026-05-18T06:00:00Z,2026-05,RESEARCH_DEVELOPMENT,W_TAIL_10H,READY,,600,10.0,0.016626641182574974,0.0052578055975292404,0.0745179781136012,3.5,0.00385,0.04,2642.6,968.9
HOODUSDT-O-20260518T200000Z,HOODUSDT,CRYPTO_SENSITIVE_EQUITY,O,,O:2026-05-18T20:00:00Z:2026-05-19T06:00:00Z,2026-05,RESEARCH_DEVELOPMENT,O_FULL,SKIPPED,INSUFFICIENT_10H_TRADABLE_ROWS,420,7.0,,,,,,,,
HOODUSDT-O-20260519T200000Z,HOODUSDT,CRYPTO_SENSITIVE_EQUITY,O,,O:2026-05-19T20:00:00Z:2026-05-20T06:00:00Z,2026-05,RESEARCH_DEVELOPMENT,O_FULL,SKIPPED,INSUFFICIENT_10H_TRADABLE_ROWS,420,7.0,,,,,,,,
HOODUSDT-O-20260520T200000Z,HOODUSDT,CRYPTO_SENSITIVE_EQUITY,O,,O:2026-05-20T20:00:00Z:2026-05-21T06:00:00Z,2026-05,RESEARCH_DEVELOPMENT,O_FULL,SKIPPED,INSUFFICIENT_10H_TRADABLE_ROWS,420,7.0,,,,,,,,
HOODUSDT-O-20260521T200000Z,HOODUSDT,CRYPTO_SENSITIVE_EQUITY,O,,O:2026-05-21T20:00:00Z:2026-05-22T06:00:00Z,2026-05,RESEARCH_DEVELOPMENT,O_FULL,SKIPPED,INSUFFICIENT_10H_TRADABLE_ROWS,420,7.0,,,,,,,,
HOODUSDT-nyse_20260522T200000Z,HOODUSDT,CRYPTO_SENSITIVE_EQUITY,W,,W:2026-05-22T20:00:00Z:2026-05-26T06:00:00Z,2026-05,RESEARCH_DEVELOPMENT,W_HEAD_10H,READY,,600,10.0,0.007319507328974604,0.0023146314509855112,0.06352941176470757,0.9,0.00099,0.013333333333333334,1057.1,494.4
HOODUSDT-nyse_20260522T200000Z,HOODUSDT,CRYPTO_SENSITIVE_EQUITY,W,,W:2026-05-22T20:00:00Z:2026-05-26T06:00:00Z,2026-05,RESEARCH_DEVELOPMENT,W_TAIL_10H,READY,,600,10.0,0.01312861062611485,0.004151631209201219,0.11623931623931785,1.7,0.0018700000000000001,0.10666666666666667,1353.9,487.7
HOODUSDT-O-20260526T200000Z,HOODUSDT,CRYPTO_SENSITIVE_EQUITY,O,,O:2026-05-26T20:00:00Z:2026-05-27T06:00:00Z,2026-05,RESEARCH_DEVELOPMENT,O_FULL,SKIPPED,INSUFFICIENT_10H_TRADABLE_ROWS,420,7.0,,,,,,,,
HOODUSDT-O-20260527T200000Z,HOODUSDT,CRYPTO_SENSITIVE_EQUITY,O,,O:2026-05-27T20:00:00Z:2026-05-28T06:00:00Z,2026-05,RESEARCH_DEVELOPMENT,O_FULL,SKIPPED,INSUFFICIENT_10H_TRADABLE_ROWS,420,7.0,,,,,,,,
HOODUSDT-O-20260528T200000Z,HOODUSDT,CRYPTO_SENSITIVE_EQUITY,O,,O:2026-05-28T20:00:00Z:2026-05-29T06:00:00Z,2026-05,RESEARCH_DEVELOPMENT,O_FULL,SKIPPED,INSUFFICIENT_10H_TRADABLE_ROWS,420,7.0,,,,,,,,
HOODUSDT-nyse_20260529T200000Z,HOODUSDT,CRYPTO_SENSITIVE_EQUITY,W,,W:2026-05-29T20:00:00Z:2026-06-01T06:00:00Z,2026-05,RESEARCH_DEVELOPMENT,W_HEAD_10H,READY,,600,10.0,0.009021720552642741,0.0028529185359904064,0.02600140548137771,2.4,0.00264,0.018333333333333333,1663.2,623.7
HOODUSDT-nyse_20260529T200000Z,HOODUSDT,CRYPTO_SENSITIVE_EQUITY,W,,W:2026-05-29T20:00:00Z:2026-06-01T06:00:00Z,2026-05,RESEARCH_DEVELOPMENT,W_TAIL_10H,READY,,600,10.0,0.02698790818706262,0.008534325915462344,0.012445730824891197,5.2,0.00572,0.008333333333333333,4593.4,1731.7
HOODUSDT-O-20260601T200000Z,HOODUSDT,CRYPTO_SENSITIVE_EQUITY,O,,O:2026-06-01T20:00:00Z:2026-06-02T06:00:00Z,2026-06,RESEARCH_VALIDATION_EXPOSED,O_FULL,SKIPPED,INSUFFICIENT_10H_TRADABLE_ROWS,420,7.0,,,,,,,,
HOODUSDT-O-20260602T200000Z,HOODUSDT,CRYPTO_SENSITIVE_EQUITY,O,,O:2026-06-02T20:00:00Z:2026-06-03T06:00:00Z,2026-06,RESEARCH_VALIDATION_EXPOSED,O_FULL,SKIPPED,INSUFFICIENT_10H_TRADABLE_ROWS,420,7.0,,,,,,,,
HOODUSDT-O-20260603T200000Z,HOODUSDT,CRYPTO_SENSITIVE_EQUITY,O,,O:2026-06-03T20:00:00Z:2026-06-04T06:00:00Z,2026-06,RESEARCH_VALIDATION_EXPOSED,O_FULL,SKIPPED,INSUFFICIENT_10H_TRADABLE_ROWS,420,7.0,,,,,,,,
HOODUSDT-O-20260604T200000Z,HOODUSDT,CRYPTO_SENSITIVE_EQUITY,O,,O:2026-06-04T20:00:00Z:2026-06-05T06:00:00Z,2026-06,RESEARCH_VALIDATION_EXPOSED,O_FULL,SKIPPED,INSUFFICIENT_10H_TRADABLE_ROWS,420,7.0,,,,,,,,
HOODUSDT-nyse_20260605T200000Z,HOODUSDT,CRYPTO_SENSITIVE_EQUITY,W,,W:2026-06-05T20:00:00Z:2026-06-08T06:00:00Z,2026-06,RESEARCH_VALIDATION_EXPOSED,W_HEAD_10H,READY,,600,10.0,0.02089953049039228,0.00660901183777754,0.049595497713682546,3.7,0.004070000000000001,0.0016666666666666668,3984.5,1768.2
HOODUSDT-nyse_20260605T200000Z,HOODUSDT,CRYPTO_SENSITIVE_EQUITY,W,,W:2026-06-05T20:00:00Z:2026-06-08T06:00:00Z,2026-06,RESEARCH_VALIDATION_EXPOSED,W_TAIL_10H,READY,,600,10.0,0.025731302977473523,0.008136952457268863,0.0362537764350457,5.3,0.00583,0.0,4302.7,1842.6
HOODUSDT-O-20260608T200000Z,HOODUSDT,CRYPTO_SENSITIVE_EQUITY,O,,O:2026-06-08T20:00:00Z:2026-06-09T06:00:00Z,2026-06,RESEARCH_VALIDATION_EXPOSED,O_FULL,SKIPPED,INSUFFICIENT_10H_TRADABLE_ROWS,420,7.0,,,,,,,,
HOODUSDT-O-20260609T200000Z,HOODUSDT,CRYPTO_SENSITIVE_EQUITY,O,,O:2026-06-09T20:00:00Z:2026-06-10T06:00:00Z,2026-06,RESEARCH_VALIDATION_EXPOSED,O_FULL,SKIPPED,INSUFFICIENT_10H_TRADABLE_ROWS,420,7.0,,,,,,,,
HOODUSDT-O-20260610T200000Z,HOODUSDT,CRYPTO_SENSITIVE_EQUITY,O,,O:2026-06-10T20:00:00Z:2026-06-11T06:00:00Z,2026-06,RESEARCH_VALIDATION_EXPOSED,O_FULL,SKIPPED,INSUFFICIENT_10H_TRADABLE_ROWS,420,7.0,,,,,,,,
HOODUSDT-O-20260611T200000Z,HOODUSDT,CRYPTO_SENSITIVE_EQUITY,O,,O:2026-06-11T20:00:00Z:2026-06-12T06:00:00Z,2026-06,RESEARCH_VALIDATION_EXPOSED,O_FULL,SKIPPED,INSUFFICIENT_10H_TRADABLE_ROWS,420,7.0,,,,,,,,
HOODUSDT-nyse_20260612T200000Z,HOODUSDT,CRYPTO_SENSITIVE_EQUITY,W,,W:2026-06-12T20:00:00Z:2026-06-15T06:00:00Z,2026-06,RESEARCH_VALIDATION_EXPOSED,W_HEAD_10H,READY,,600,10.0,0.009705638319494347,0.0030691923235411146,0.006526468455402771,2.1,0.0023100000000000004,0.035,908.2,421.0
HOODUSDT-nyse_20260612T200000Z,HOODUSDT,CRYPTO_SENSITIVE_EQUITY,W,,W:2026-06-12T20:00:00Z:2026-06-15T06:00:00Z,2026-06,RESEARCH_VALIDATION_EXPOSED,W_TAIL_10H,READY,,600,10.0,0.020078932166347145,0.006349515862967586,0.13219393093826307,3.8,0.00418,0.025,2796.3,1256.0
HOODUSDT-O-20260615T200000Z,HOODUSDT,CRYPTO_SENSITIVE_EQUITY,O,,O:2026-06-15T20:00:00Z:2026-06-16T06:00:00Z,2026-06,RESEARCH_VALIDATION_EXPOSED,O_FULL,SKIPPED,INSUFFICIENT_10H_TRADABLE_ROWS,420,7.0,,,,,,,,
HOODUSDT-O-20260616T200000Z,HOODUSDT,CRYPTO_SENSITIVE_EQUITY,O,,O:2026-06-16T20:00:00Z:2026-06-17T06:00:00Z,2026-06,RESEARCH_VALIDATION_EXPOSED,O_FULL,SKIPPED,INSUFFICIENT_10H_TRADABLE_ROWS,420,7.0,,,,,,,,
HOODUSDT-O-20260617T200000Z,HOODUSDT,CRYPTO_SENSITIVE_EQUITY,O,,O:2026-06-17T20:00:00Z:2026-06-18T06:00:00Z,2026-06,RESEARCH_VALIDATION_EXPOSED,O_FULL,SKIPPED,INSUFFICIENT_10H_TRADABLE_ROWS,420,7.0,,,,,,,,
HOODUSDT-nyse_20260618T200000Z,HOODUSDT,CRYPTO_SENSITIVE_EQUITY,W,,W:2026-06-18T20:00:00Z:2026-06-22T06:00:00Z,2026-06,RESEARCH_VALIDATION_EXPOSED,W_HEAD_10H,READY,,600,10.0,0.015457944678772368,0.004888231312980053,0.023525400613705855,4.7,0.00517,0.0,2268.8,1176.5
HOODUSDT-nyse_20260618T200000Z,HOODUSDT,CRYPTO_SENSITIVE_EQUITY,W,,W:2026-06-18T20:00:00Z:2026-06-22T06:00:00Z,2026-06,RESEARCH_VALIDATION_EXPOSED,W_TAIL_10H,READY,,600,10.0,0.018964195787319005,0.0059970052681298175,0.01695923832192796,4.4,0.0048400000000000006,0.016666666666666666,2486.4,1242.8
HOODUSDT-O-20260622T200000Z,HOODUSDT,CRYPTO_SENSITIVE_EQUITY,O,,O:2026-06-22T20:00:00Z:2026-06-23T06:00:00Z,2026-06,RESEARCH_VALIDATION_EXPOSED,O_FULL,SKIPPED,INSUFFICIENT_10H_TRADABLE_ROWS,420,7.0,,,,,,,,
HOODUSDT-O-20260623T200000Z,HOODUSDT,CRYPTO_SENSITIVE_EQUITY,O,,O:2026-06-23T20:00:00Z:2026-06-24T06:00:00Z,2026-06,RESEARCH_VALIDATION_EXPOSED,O_FULL,SKIPPED,INSUFFICIENT_10H_TRADABLE_ROWS,420,7.0,,,,,,,,
HOODUSDT-O-20260624T200000Z,HOODUSDT,CRYPTO_SENSITIVE_EQUITY,O,,O:2026-06-24T20:00:00Z:2026-06-25T06:00:00Z,2026-06,RESEARCH_VALIDATION_EXPOSED,O_FULL,SKIPPED,INSUFFICIENT_10H_TRADABLE_ROWS,420,7.0,,,,,,,,
HOODUSDT-O-20260625T200000Z,HOODUSDT,CRYPTO_SENSITIVE_EQUITY,O,,O:2026-06-25T20:00:00Z:2026-06-26T06:00:00Z,2026-06,RESEARCH_VALIDATION_EXPOSED,O_FULL,SKIPPED,INSUFFICIENT_10H_TRADABLE_ROWS,420,7.0,,,,,,,,
HOODUSDT-nyse_20260626T200000Z,HOODUSDT,CRYPTO_SENSITIVE_EQUITY,W,,W:2026-06-26T20:00:00Z:2026-06-29T06:00:00Z,2026-06,RESEARCH_VALIDATION_EXPOSED,W_HEAD_10H,READY,,600,10.0,0.007586811896353233,0.0023991605771737524,0.06547085201793797,1.4,0.00154,0.06333333333333334,642.0,315.1
HOODUSDT-nyse_20260626T200000Z,HOODUSDT,CRYPTO_SENSITIVE_EQUITY,W,,W:2026-06-26T20:00:00Z:2026-06-29T06:00:00Z,2026-06,RESEARCH_VALIDATION_EXPOSED,W_TAIL_10H,READY,,600,10.0,0.014423578339133866,0.004561135956153156,0.055018899622007414,3.4,0.0037400000000000003,0.02666666666666667,1491.0,729.5
HOODUSDT-O-20260629T200000Z,HOODUSDT,CRYPTO_SENSITIVE_EQUITY,O,,O:2026-06-29T20:00:00Z:2026-06-30T06:00:00Z,2026-06,RESEARCH_VALIDATION_EXPOSED,O_FULL,SKIPPED,INSUFFICIENT_10H_TRADABLE_ROWS,420,7.0,,,,,,,,
HOODUSDT-O-20260630T200000Z,HOODUSDT,CRYPTO_SENSITIVE_EQUITY,O,,O:2026-06-30T20:00:00Z:2026-07-01T06:00:00Z,2026-06,RESEARCH_VALIDATION_EXPOSED,O_FULL,SKIPPED,INSUFFICIENT_10H_TRADABLE_ROWS,420,7.0,,,,,,,,
HOODUSDT-O-20260701T200000Z,HOODUSDT,CRYPTO_SENSITIVE_EQUITY,O,,O:2026-07-01T20:00:00Z:2026-07-02T06:00:00Z,2026-07,DESCRIPTIVE_EXPOSED,O_FULL,SKIPPED,INSUFFICIENT_10H_TRADABLE_ROWS,420,7.0,,,,,,,,
HOODUSDT-nyse_20260702T200000Z,HOODUSDT,CRYPTO_SENSITIVE_EQUITY,W,,W:2026-07-02T20:00:00Z:2026-07-06T06:00:00Z,2026-07,DESCRIPTIVE_EXPOSED,W_HEAD_10H,READY,,600,10.0,0.01060212815827396,0.003352687302515187,0.010772833723653563,3.4,0.0037400000000000003,0.013333333333333334,1049.4,553.2
HOODUSDT-nyse_20260702T200000Z,HOODUSDT,CRYPTO_SENSITIVE_EQUITY,W,,W:2026-07-02T20:00:00Z:2026-07-06T06:00:00Z,2026-07,DESCRIPTIVE_EXPOSED,W_TAIL_10H,READY,,600,10.0,0.021550378675227983,0.0068148281052842485,0.023789051304098644,4.3,0.00473,0.03833333333333333,2025.8,950.3
HOODUSDT-O-20260706T200000Z,HOODUSDT,CRYPTO_SENSITIVE_EQUITY,O,,O:2026-07-06T20:00:00Z:2026-07-07T06:00:00Z,2026-07,DESCRIPTIVE_EXPOSED,O_FULL,SKIPPED,INSUFFICIENT_10H_TRADABLE_ROWS,420,7.0,,,,,,,,
HOODUSDT-O-20260707T200000Z,HOODUSDT,CRYPTO_SENSITIVE_EQUITY,O,,O:2026-07-07T20:00:00Z:2026-07-08T06:00:00Z,2026-07,DESCRIPTIVE_EXPOSED,O_FULL,SKIPPED,INSUFFICIENT_10H_TRADABLE_ROWS,420,7.0,,,,,,,,
HOODUSDT-O-20260708T200000Z,HOODUSDT,CRYPTO_SENSITIVE_EQUITY,O,,O:2026-07-08T20:00:00Z:2026-07-09T06:00:00Z,2026-07,DESCRIPTIVE_EXPOSED,O_FULL,SKIPPED,INSUFFICIENT_10H_TRADABLE_ROWS,420,7.0,,,,,,,,
HOODUSDT-O-20260709T200000Z,HOODUSDT,CRYPTO_SENSITIVE_EQUITY,O,,O:2026-07-09T20:00:00Z:2026-07-10T06:00:00Z,2026-07,DESCRIPTIVE_EXPOSED,O_FULL,SKIPPED,INSUFFICIENT_10H_TRADABLE_ROWS,420,7.0,,,,,,,,
HOODUSDT-nyse_20260710T200000Z,HOODUSDT,CRYPTO_SENSITIVE_EQUITY,W,,W:2026-07-10T20:00:00Z:2026-07-13T06:00:00Z,2026-07,DESCRIPTIVE_EXPOSED,W_HEAD_10H,READY,,600,10.0,0.007194430030691591,0.0022750785363700524,0.06260032102728837,0.8,0.0008800000000000001,0.06333333333333334,720.9,318.1
HOODUSDT-nyse_20260710T200000Z,HOODUSDT,CRYPTO_SENSITIVE_EQUITY,W,,W:2026-07-10T20:00:00Z:2026-07-13T06:00:00Z,2026-07,DESCRIPTIVE_EXPOSED,W_TAIL_10H,READY,,600,10.0,0.01706054327442278,0.0053950174867043055,0.09937456567060422,4.3,0.00473,0.028333333333333332,2346.0,1017.4
HOODUSDT-O-20260713T200000Z,HOODUSDT,CRYPTO_SENSITIVE_EQUITY,O,,O:2026-07-13T20:00:00Z:2026-07-14T06:00:00Z,2026-07,DESCRIPTIVE_EXPOSED,O_FULL,SKIPPED,INSUFFICIENT_10H_TRADABLE_ROWS,420,7.0,,,,,,,,
HOODUSDT-O-20260714T200000Z,HOODUSDT,CRYPTO_SENSITIVE_EQUITY,O,,O:2026-07-14T20:00:00Z:2026-07-15T06:00:00Z,2026-07,DESCRIPTIVE_EXPOSED,O_FULL,SKIPPED,INSUFFICIENT_10H_TRADABLE_ROWS,420,7.0,,,,,,,,
HOODUSDT-O-20260715T200000Z,HOODUSDT,CRYPTO_SENSITIVE_EQUITY,O,,O:2026-07-15T20:00:00Z:2026-07-16T06:00:00Z,2026-07,DESCRIPTIVE_EXPOSED,O_FULL,SKIPPED,INSUFFICIENT_10H_TRADABLE_ROWS,420,7.0,,,,,,,,
HOODUSDT-O-20260716T200000Z,HOODUSDT,CRYPTO_SENSITIVE_EQUITY,O,,O:2026-07-16T20:00:00Z:2026-07-17T06:00:00Z,2026-07,DESCRIPTIVE_EXPOSED,O_FULL,SKIPPED,INSUFFICIENT_10H_TRADABLE_ROWS,420,7.0,,,,,,,,
HOODUSDT-nyse_20260717T200000Z,HOODUSDT,CRYPTO_SENSITIVE_EQUITY,W,,W:2026-07-17T20:00:00Z:2026-07-20T06:00:00Z,2026-07,DESCRIPTIVE_EXPOSED,W_HEAD_10H,READY,,600,10.0,0.005210300392843132,0.0016476416535054369,0.06963788300835841,1.0,0.0011,0.31166666666666665,420.7,182.3
HOODUSDT-nyse_20260717T200000Z,HOODUSDT,CRYPTO_SENSITIVE_EQUITY,W,,W:2026-07-17T20:00:00Z:2026-07-20T06:00:00Z,2026-07,DESCRIPTIVE_EXPOSED,W_TAIL_10H,READY,,600,10.0,0.015653262832959505,0.004949996336541185,0.018838908112264435,3.6,0.00396,0.105,2040.5,814.7
HOODUSDT-O-20260720T200000Z,HOODUSDT,CRYPTO_SENSITIVE_EQUITY,O,,O:2026-07-20T20:00:00Z:2026-07-21T06:00:00Z,2026-07,DESCRIPTIVE_EXPOSED,O_FULL,SKIPPED,INSUFFICIENT_10H_TRADABLE_ROWS,420,7.0,,,,,,,,
HOODUSDT-O-20260721T200000Z,HOODUSDT,CRYPTO_SENSITIVE_EQUITY,O,,O:2026-07-21T20:00:00Z:2026-07-22T06:00:00Z,2026-07,DESCRIPTIVE_EXPOSED,O_FULL,SKIPPED,INSUFFICIENT_10H_TRADABLE_ROWS,420,7.0,,,,,,,,
HOODUSDT-O-20260722T200000Z,HOODUSDT,CRYPTO_SENSITIVE_EQUITY,O,,O:2026-07-22T20:00:00Z:2026-07-23T06:00:00Z,2026-07,DESCRIPTIVE_EXPOSED,O_FULL,SKIPPED,INSUFFICIENT_10H_TRADABLE_ROWS,420,7.0,,,,,,,,
HOODUSDT-O-20260723T200000Z,HOODUSDT,CRYPTO_SENSITIVE_EQUITY,O,,O:2026-07-23T20:00:00Z:2026-07-24T06:00:00Z,2026-07,DESCRIPTIVE_EXPOSED,O_FULL,SKIPPED,INSUFFICIENT_10H_TRADABLE_ROWS,60,1.0,,,,,,,,
INTCUSDT-O-20260202T210000Z,INTCUSDT,TRADITIONAL_EQUITY,O,,O:2026-02-02T21:00:00Z:2026-02-03T07:00:00Z,2026-02,DESCRIPTIVE_EXPOSED,O_FULL,SKIPPED,INSUFFICIENT_10H_TRADABLE_ROWS,240,4.0,,,,,,,,
INTCUSDT-O-20260203T210000Z,INTCUSDT,TRADITIONAL_EQUITY,O,,O:2026-02-03T21:00:00Z:2026-02-04T07:00:00Z,2026-02,DESCRIPTIVE_EXPOSED,O_FULL,SKIPPED,INSUFFICIENT_10H_TRADABLE_ROWS,420,7.0,,,,,,,,
INTCUSDT-O-20260204T210000Z,INTCUSDT,TRADITIONAL_EQUITY,O,,O:2026-02-04T21:00:00Z:2026-02-05T07:00:00Z,2026-02,DESCRIPTIVE_EXPOSED,O_FULL,SKIPPED,INSUFFICIENT_10H_TRADABLE_ROWS,420,7.0,,,,,,,,
INTCUSDT-O-20260205T210000Z,INTCUSDT,TRADITIONAL_EQUITY,O,,O:2026-02-05T21:00:00Z:2026-02-06T07:00:00Z,2026-02,DESCRIPTIVE_EXPOSED,O_FULL,SKIPPED,INSUFFICIENT_10H_TRADABLE_ROWS,420,7.0,,,,,,,,
INTCUSDT-nyse_20260206T210000Z,INTCUSDT,TRADITIONAL_EQUITY,W,,W:2026-02-06T21:00:00Z:2026-02-09T07:00:00Z,2026-02,DESCRIPTIVE_EXPOSED,W_HEAD_10H,READY,,600,10.0,0.009755521572627032,0.003084966793240916,0.0012330456226886768,1.7,0.0018700000000000001,0.12,546.8,331.9
INTCUSDT-nyse_20260206T210000Z,INTCUSDT,TRADITIONAL_EQUITY,W,,W:2026-02-06T21:00:00Z:2026-02-09T07:00:00Z,2026-02,DESCRIPTIVE_EXPOSED,W_TAIL_10H,READY,,600,10.0,0.02294540600437921,0.007255974481114177,0.0053924505692028515,5.3,0.00583,0.11333333333333333,1066.6,612.9
INTCUSDT-O-20260209T210000Z,INTCUSDT,TRADITIONAL_EQUITY,O,,O:2026-02-09T21:00:00Z:2026-02-10T07:00:00Z,2026-02,DESCRIPTIVE_EXPOSED,O_FULL,SKIPPED,INSUFFICIENT_10H_TRADABLE_ROWS,420,7.0,,,,,,,,
INTCUSDT-O-20260210T210000Z,INTCUSDT,TRADITIONAL_EQUITY,O,,O:2026-02-10T21:00:00Z:2026-02-11T07:00:00Z,2026-02,DESCRIPTIVE_EXPOSED,O_FULL,SKIPPED,INSUFFICIENT_10H_TRADABLE_ROWS,420,7.0,,,,,,,,
INTCUSDT-O-20260211T210000Z,INTCUSDT,TRADITIONAL_EQUITY,O,,O:2026-02-11T21:00:00Z:2026-02-12T07:00:00Z,2026-02,DESCRIPTIVE_EXPOSED,O_FULL,SKIPPED,INSUFFICIENT_10H_TRADABLE_ROWS,420,7.0,,,,,,,,
INTCUSDT-O-20260212T210000Z,INTCUSDT,TRADITIONAL_EQUITY,O,,O:2026-02-12T21:00:00Z:2026-02-13T07:00:00Z,2026-02,DESCRIPTIVE_EXPOSED,O_FULL,SKIPPED,INSUFFICIENT_10H_TRADABLE_ROWS,420,7.0,,,,,,,,
INTCUSDT-nyse_20260213T210000Z,INTCUSDT,TRADITIONAL_EQUITY,W,,W:2026-02-13T21:00:00Z:2026-02-17T07:00:00Z,2026-02,DESCRIPTIVE_EXPOSED,W_HEAD_10H,READY,,600,10.0,0.011272276726924371,0.0035646068872788876,0.0027932960893858544,1.6,0.0017600000000000003,0.285,666.9,357.3
INTCUSDT-nyse_20260213T210000Z,INTCUSDT,TRADITIONAL_EQUITY,W,,W:2026-02-13T21:00:00Z:2026-02-17T07:00:00Z,2026-02,DESCRIPTIVE_EXPOSED,W_TAIL_10H,READY,,600,10.0,0.011427545118141133,0.0036137070637663926,0.04287690179806349,2.3,0.00253,0.40166666666666667,274.5,140.9
INTCUSDT-O-20260217T210000Z,INTCUSDT,TRADITIONAL_EQUITY,O,,O:2026-02-17T21:00:00Z:2026-02-18T07:00:00Z,2026-02,DESCRIPTIVE_EXPOSED,O_FULL,SKIPPED,INSUFFICIENT_10H_TRADABLE_ROWS,420,7.0,,,,,,,,
INTCUSDT-O-20260218T210000Z,INTCUSDT,TRADITIONAL_EQUITY,O,,O:2026-02-18T21:00:00Z:2026-02-19T07:00:00Z,2026-02,DESCRIPTIVE_EXPOSED,O_FULL,SKIPPED,INSUFFICIENT_10H_TRADABLE_ROWS,420,7.0,,,,,,,,
INTCUSDT-O-20260219T210000Z,INTCUSDT,TRADITIONAL_EQUITY,O,,O:2026-02-19T21:00:00Z:2026-02-20T07:00:00Z,2026-02,DESCRIPTIVE_EXPOSED,O_FULL,SKIPPED,INSUFFICIENT_10H_TRADABLE_ROWS,420,7.0,,,,,,,,
INTCUSDT-nyse_20260220T210000Z,INTCUSDT,TRADITIONAL_EQUITY,W,,W:2026-02-20T21:00:00Z:2026-02-23T07:00:00Z,2026-02,DESCRIPTIVE_EXPOSED,W_HEAD_10H,READY,,600,10.0,0.005938639497339613,0.001877962701423063,0.016722408026754693,0.6,0.00066,0.595,122.2,54.7
INTCUSDT-nyse_20260220T210000Z,INTCUSDT,TRADITIONAL_EQUITY,W,,W:2026-02-20T21:00:00Z:2026-02-23T07:00:00Z,2026-02,DESCRIPTIVE_EXPOSED,W_TAIL_10H,READY,,600,10.0,0.015403870245675924,0.004871131475803338,0.05331599479844087,2.6,0.00286,0.35333333333333333,368.6,205.1
INTCUSDT-O-20260223T210000Z,INTCUSDT,TRADITIONAL_EQUITY,O,,O:2026-02-23T21:00:00Z:2026-02-24T07:00:00Z,2026-02,DESCRIPTIVE_EXPOSED,O_FULL,SKIPPED,INSUFFICIENT_10H_TRADABLE_ROWS,420,7.0,,,,,,,,
INTCUSDT-O-20260224T210000Z,INTCUSDT,TRADITIONAL_EQUITY,O,,O:2026-02-24T21:00:00Z:2026-02-25T07:00:00Z,2026-02,DESCRIPTIVE_EXPOSED,O_FULL,SKIPPED,INSUFFICIENT_10H_TRADABLE_ROWS,420,7.0,,,,,,,,
INTCUSDT-O-20260225T210000Z,INTCUSDT,TRADITIONAL_EQUITY,O,,O:2026-02-25T21:00:00Z:2026-02-26T07:00:00Z,2026-02,DESCRIPTIVE_EXPOSED,O_FULL,SKIPPED,INSUFFICIENT_10H_TRADABLE_ROWS,420,7.0,,,,,,,,
INTCUSDT-O-20260226T210000Z,INTCUSDT,TRADITIONAL_EQUITY,O,,O:2026-02-26T21:00:00Z:2026-02-27T07:00:00Z,2026-02,DESCRIPTIVE_EXPOSED,O_FULL,SKIPPED,INSUFFICIENT_10H_TRADABLE_ROWS,420,7.0,,,,,,,,
INTCUSDT-nyse_20260227T210000Z,INTCUSDT,TRADITIONAL_EQUITY,W,,W:2026-02-27T21:00:00Z:2026-03-02T07:00:00Z,2026-02,DESCRIPTIVE_EXPOSED,W_HEAD_10H,READY,,600,10.0,0.012057090685083082,0.003812786852006249,0.007974481658692934,2.3,0.00253,0.33166666666666667,964.4,724.4
INTCUSDT-nyse_20260227T210000Z,INTCUSDT,TRADITIONAL_EQUITY,W,,W:2026-02-27T21:00:00Z:2026-03-02T07:00:00Z,2026-02,DESCRIPTIVE_EXPOSED,W_TAIL_10H,READY,,600,10.0,0.017500145294669762,0.005534031851503497,0.08943089430894317,5.4,0.005940000000000001,0.075,1055.8,684.7
INTCUSDT-O-20260302T210000Z,INTCUSDT,TRADITIONAL_EQUITY,O,,O:2026-03-02T21:00:00Z:2026-03-03T07:00:00Z,2026-03,RESEARCH_DEVELOPMENT,O_FULL,SKIPPED,INSUFFICIENT_10H_TRADABLE_ROWS,420,7.0,,,,,,,,
INTCUSDT-O-20260303T210000Z,INTCUSDT,TRADITIONAL_EQUITY,O,,O:2026-03-03T21:00:00Z:2026-03-04T07:00:00Z,2026-03,RESEARCH_DEVELOPMENT,O_FULL,SKIPPED,INSUFFICIENT_10H_TRADABLE_ROWS,420,7.0,,,,,,,,
INTCUSDT-O-20260304T210000Z,INTCUSDT,TRADITIONAL_EQUITY,O,,O:2026-03-04T21:00:00Z:2026-03-05T07:00:00Z,2026-03,RESEARCH_DEVELOPMENT,O_FULL,SKIPPED,INSUFFICIENT_10H_TRADABLE_ROWS,420,7.0,,,,,,,,
INTCUSDT-O-20260305T210000Z,INTCUSDT,TRADITIONAL_EQUITY,O,,O:2026-03-05T21:00:00Z:2026-03-06T07:00:00Z,2026-03,RESEARCH_DEVELOPMENT,O_FULL,SKIPPED,INSUFFICIENT_10H_TRADABLE_ROWS,420,7.0,,,,,,,,
INTCUSDT-nyse_20260306T210000Z,INTCUSDT,TRADITIONAL_EQUITY,W,,W:2026-03-06T21:00:00Z:2026-03-09T06:00:00Z,2026-03,RESEARCH_DEVELOPMENT,W_HEAD_10H,READY,,600,10.0,0.00470269802402355,0.0014871236903887652,0.04918032786885131,0.3,0.00033,0.51,223.0,77.9
INTCUSDT-nyse_20260306T210000Z,INTCUSDT,TRADITIONAL_EQUITY,W,,W:2026-03-06T21:00:00Z:2026-03-09T06:00:00Z,2026-03,RESEARCH_DEVELOPMENT,W_TAIL_10H,READY,,600,10.0,0.027189819283121624,0.008598175810303093,0.030819672131147495,6.5,0.00715,0.09,2437.7,1013.8
INTCUSDT-O-20260309T200000Z,INTCUSDT,TRADITIONAL_EQUITY,O,,O:2026-03-09T20:00:00Z:2026-03-10T06:00:00Z,2026-03,RESEARCH_DEVELOPMENT,O_FULL,SKIPPED,INSUFFICIENT_10H_TRADABLE_ROWS,420,7.0,,,,,,,,
INTCUSDT-O-20260310T200000Z,INTCUSDT,TRADITIONAL_EQUITY,O,,O:2026-03-10T20:00:00Z:2026-03-11T06:00:00Z,2026-03,RESEARCH_DEVELOPMENT,O_FULL,SKIPPED,INSUFFICIENT_10H_TRADABLE_ROWS,420,7.0,,,,,,,,
INTCUSDT-O-20260311T200000Z,INTCUSDT,TRADITIONAL_EQUITY,O,,O:2026-03-11T20:00:00Z:2026-03-12T06:00:00Z,2026-03,RESEARCH_DEVELOPMENT,O_FULL,SKIPPED,INSUFFICIENT_10H_TRADABLE_ROWS,420,7.0,,,,,,,,
INTCUSDT-O-20260312T200000Z,INTCUSDT,TRADITIONAL_EQUITY,O,,O:2026-03-12T20:00:00Z:2026-03-13T06:00:00Z,2026-03,RESEARCH_DEVELOPMENT,O_FULL,SKIPPED,INSUFFICIENT_10H_TRADABLE_ROWS,420,7.0,,,,,,,,
INTCUSDT-nyse_20260313T200000Z,INTCUSDT,TRADITIONAL_EQUITY,W,,W:2026-03-13T20:00:00Z:2026-03-16T06:00:00Z,2026-03,RESEARCH_DEVELOPMENT,W_HEAD_10H,READY,,600,10.0,0.004336523976971783,0.0013713292895162405,0.022831050228308784,0.3,0.00033,0.5183333333333333,190.9,70.4
INTCUSDT-nyse_20260313T200000Z,INTCUSDT,TRADITIONAL_EQUITY,W,,W:2026-03-13T20:00:00Z:2026-03-16T06:00:00Z,2026-03,RESEARCH_DEVELOPMENT,W_TAIL_10H,READY,,600,10.0,0.01745232855554375,0.005518910870911468,0.07429547395388669,4.2,0.004620000000000001,0.17333333333333334,1511.4,583.8
INTCUSDT-O-20260316T200000Z,INTCUSDT,TRADITIONAL_EQUITY,O,,O:2026-03-16T20:00:00Z:2026-03-17T06:00:00Z,2026-03,RESEARCH_DEVELOPMENT,O_FULL,SKIPPED,INSUFFICIENT_10H_TRADABLE_ROWS,420,7.0,,,,,,,,
INTCUSDT-O-20260317T200000Z,INTCUSDT,TRADITIONAL_EQUITY,O,,O:2026-03-17T20:00:00Z:2026-03-18T06:00:00Z,2026-03,RESEARCH_DEVELOPMENT,O_FULL,SKIPPED,INSUFFICIENT_10H_TRADABLE_ROWS,420,7.0,,,,,,,,
INTCUSDT-O-20260318T200000Z,INTCUSDT,TRADITIONAL_EQUITY,O,,O:2026-03-18T20:00:00Z:2026-03-19T06:00:00Z,2026-03,RESEARCH_DEVELOPMENT,O_FULL,SKIPPED,INSUFFICIENT_10H_TRADABLE_ROWS,420,7.0,,,,,,,,
INTCUSDT-O-20260319T200000Z,INTCUSDT,TRADITIONAL_EQUITY,O,,O:2026-03-19T20:00:00Z:2026-03-20T06:00:00Z,2026-03,RESEARCH_DEVELOPMENT,O_FULL,SKIPPED,INSUFFICIENT_10H_TRADABLE_ROWS,420,7.0,,,,,,,,
INTCUSDT-nyse_20260320T200000Z,INTCUSDT,TRADITIONAL_EQUITY,W,,W:2026-03-20T20:00:00Z:2026-03-23T06:00:00Z,2026-03,RESEARCH_DEVELOPMENT,W_HEAD_10H,READY,,600,10.0,0.0045290310221613094,0.0014322053623590269,0.012765957446809334,0.3,0.00033,0.5166666666666667,191.3,79.1
INTCUSDT-nyse_20260320T200000Z,INTCUSDT,TRADITIONAL_EQUITY,W,,W:2026-03-20T20:00:00Z:2026-03-23T06:00:00Z,2026-03,RESEARCH_DEVELOPMENT,W_TAIL_10H,READY,,600,10.0,0.020801902271818818,0.00657813908431785,0.06401766004414974,4.2,0.004620000000000001,0.028333333333333332,2088.8,747.1
INTCUSDT-O-20260323T200000Z,INTCUSDT,TRADITIONAL_EQUITY,O,,O:2026-03-23T20:00:00Z:2026-03-24T06:00:00Z,2026-03,RESEARCH_DEVELOPMENT,O_FULL,SKIPPED,INSUFFICIENT_10H_TRADABLE_ROWS,420,7.0,,,,,,,,
INTCUSDT-O-20260324T200000Z,INTCUSDT,TRADITIONAL_EQUITY,O,,O:2026-03-24T20:00:00Z:2026-03-25T06:00:00Z,2026-03,RESEARCH_DEVELOPMENT,O_FULL,SKIPPED,INSUFFICIENT_10H_TRADABLE_ROWS,420,7.0,,,,,,,,
INTCUSDT-O-20260325T200000Z,INTCUSDT,TRADITIONAL_EQUITY,O,,O:2026-03-25T20:00:00Z:2026-03-26T06:00:00Z,2026-03,RESEARCH_DEVELOPMENT,O_FULL,SKIPPED,INSUFFICIENT_10H_TRADABLE_ROWS,420,7.0,,,,,,,,
INTCUSDT-O-20260326T200000Z,INTCUSDT,TRADITIONAL_EQUITY,O,,O:2026-03-26T20:00:00Z:2026-03-27T06:00:00Z,2026-03,RESEARCH_DEVELOPMENT,O_FULL,SKIPPED,INSUFFICIENT_10H_TRADABLE_ROWS,420,7.0,,,,,,,,
INTCUSDT-nyse_20260327T200000Z,INTCUSDT,TRADITIONAL_EQUITY,W,,W:2026-03-27T20:00:00Z:2026-03-30T06:00:00Z,2026-03,RESEARCH_DEVELOPMENT,W_HEAD_10H,READY,,600,10.0,0.004655054586440189,0.0014720575125564165,0.0,0.0,0.0,0.42333333333333334,232.3,88.4
INTCUSDT-nyse_20260327T200000Z,INTCUSDT,TRADITIONAL_EQUITY,W,,W:2026-03-27T20:00:00Z:2026-03-30T06:00:00Z,2026-03,RESEARCH_DEVELOPMENT,W_TAIL_10H,READY,,600,10.0,0.017472988544562914,0.00552544413308493,0.021842355175688766,3.8,0.00418,0.175,1001.8,442.2
INTCUSDT-O-20260330T200000Z,INTCUSDT,TRADITIONAL_EQUITY,O,,O:2026-03-30T20:00:00Z:2026-03-31T06:00:00Z,2026-03,RESEARCH_DEVELOPMENT,O_FULL,SKIPPED,INSUFFICIENT_10H_TRADABLE_ROWS,420,7.0,,,,,,,,
INTCUSDT-O-20260331T200000Z,INTCUSDT,TRADITIONAL_EQUITY,O,,O:2026-03-31T20:00:00Z:2026-04-01T06:00:00Z,2026-03,RESEARCH_DEVELOPMENT,O_FULL,SKIPPED,INSUFFICIENT_10H_TRADABLE_ROWS,420,7.0,,,,,,,,
INTCUSDT-O-20260401T200000Z,INTCUSDT,TRADITIONAL_EQUITY,O,,O:2026-04-01T20:00:00Z:2026-04-02T06:00:00Z,2026-04,RESEARCH_DEVELOPMENT,O_FULL,SKIPPED,INSUFFICIENT_10H_TRADABLE_ROWS,420,7.0,,,,,,,,
INTCUSDT-nyse_20260402T200000Z,INTCUSDT,TRADITIONAL_EQUITY,W,,W:2026-04-02T20:00:00Z:2026-04-06T06:00:00Z,2026-04,RESEARCH_DEVELOPMENT,W_HEAD_10H,READY,,600,10.0,0.005649330260181036,0.0017864750876683709,0.018779342723004085,0.7,0.00077,0.18,427.6,162.7
INTCUSDT-nyse_20260402T200000Z,INTCUSDT,TRADITIONAL_EQUITY,W,,W:2026-04-02T20:00:00Z:2026-04-06T06:00:00Z,2026-04,RESEARCH_DEVELOPMENT,W_TAIL_10H,READY,,600,10.0,0.017120895324821472,0.005414102480776419,0.020657995409333947,4.0,0.0044,0.07333333333333333,1567.9,656.6
INTCUSDT-O-20260406T200000Z,INTCUSDT,TRADITIONAL_EQUITY,O,,O:2026-04-06T20:00:00Z:2026-04-07T06:00:00Z,2026-04,RESEARCH_DEVELOPMENT,O_FULL,SKIPPED,INSUFFICIENT_10H_TRADABLE_ROWS,420,7.0,,,,,,,,
INTCUSDT-O-20260407T200000Z,INTCUSDT,TRADITIONAL_EQUITY,O,,O:2026-04-07T20:00:00Z:2026-04-08T06:00:00Z,2026-04,RESEARCH_DEVELOPMENT,O_FULL,SKIPPED,INSUFFICIENT_10H_TRADABLE_ROWS,420,7.0,,,,,,,,
INTCUSDT-O-20260408T200000Z,INTCUSDT,TRADITIONAL_EQUITY,O,,O:2026-04-08T20:00:00Z:2026-04-09T06:00:00Z,2026-04,RESEARCH_DEVELOPMENT,O_FULL,SKIPPED,INSUFFICIENT_10H_TRADABLE_ROWS,420,7.0,,,,,,,,
INTCUSDT-O-20260409T200000Z,INTCUSDT,TRADITIONAL_EQUITY,O,,O:2026-04-09T20:00:00Z:2026-04-10T06:00:00Z,2026-04,RESEARCH_DEVELOPMENT,O_FULL,SKIPPED,INSUFFICIENT_10H_TRADABLE_ROWS,420,7.0,,,,,,,,
INTCUSDT-nyse_20260410T200000Z,INTCUSDT,TRADITIONAL_EQUITY,W,,W:2026-04-10T20:00:00Z:2026-04-13T06:00:00Z,2026-04,RESEARCH_DEVELOPMENT,W_HEAD_10H,READY,,600,10.0,0.006518811917519428,0.002061429329761108,0.011904761904762744,0.6,0.00066,0.19,375.7,165.0
INTCUSDT-nyse_20260410T200000Z,INTCUSDT,TRADITIONAL_EQUITY,W,,W:2026-04-10T20:00:00Z:2026-04-13T06:00:00Z,2026-04,RESEARCH_DEVELOPMENT,W_TAIL_10H,READY,,600,10.0,0.0285138799565853,0.009016880559143261,0.007069059271343274,3.8,0.00418,0.008333333333333333,3207.8,1386.4
INTCUSDT-O-20260413T200000Z,INTCUSDT,TRADITIONAL_EQUITY,O,,O:2026-04-13T20:00:00Z:2026-04-14T06:00:00Z,2026-04,RESEARCH_DEVELOPMENT,O_FULL,SKIPPED,INSUFFICIENT_10H_TRADABLE_ROWS,420,7.0,,,,,,,,
INTCUSDT-O-20260414T200000Z,INTCUSDT,TRADITIONAL_EQUITY,O,,O:2026-04-14T20:00:00Z:2026-04-15T06:00:00Z,2026-04,RESEARCH_DEVELOPMENT,O_FULL,SKIPPED,INSUFFICIENT_10H_TRADABLE_ROWS,420,7.0,,,,,,,,
INTCUSDT-O-20260415T200000Z,INTCUSDT,TRADITIONAL_EQUITY,O,,O:2026-04-15T20:00:00Z:2026-04-16T06:00:00Z,2026-04,RESEARCH_DEVELOPMENT,O_FULL,SKIPPED,INSUFFICIENT_10H_TRADABLE_ROWS,420,7.0,,,,,,,,
INTCUSDT-O-20260416T200000Z,INTCUSDT,TRADITIONAL_EQUITY,O,,O:2026-04-16T20:00:00Z:2026-04-17T06:00:00Z,2026-04,RESEARCH_DEVELOPMENT,O_FULL,SKIPPED,INSUFFICIENT_10H_TRADABLE_ROWS,420,7.0,,,,,,,,
INTCUSDT-nyse_20260417T200000Z,INTCUSDT,TRADITIONAL_EQUITY,W,,W:2026-04-17T20:00:00Z:2026-04-20T06:00:00Z,2026-04,RESEARCH_DEVELOPMENT,W_HEAD_10H,READY,,600,10.0,0.005203943177676093,0.0016456313255550758,0.009174311926604931,0.3,0.00033,0.20333333333333334,617.3,260.3
INTCUSDT-nyse_20260417T200000Z,INTCUSDT,TRADITIONAL_EQUITY,W,,W:2026-04-17T20:00:00Z:2026-04-20T06:00:00Z,2026-04,RESEARCH_DEVELOPMENT,W_TAIL_10H,READY,,600,10.0,0.018324409605773553,0.005794687113211257,0.007589025102159703,2.8,0.00308,0.0016666666666666668,2116.4,907.9
INTCUSDT-O-20260420T200000Z,INTCUSDT,TRADITIONAL_EQUITY,O,,O:2026-04-20T20:00:00Z:2026-04-21T06:00:00Z,2026-04,RESEARCH_DEVELOPMENT,O_FULL,SKIPPED,INSUFFICIENT_10H_TRADABLE_ROWS,420,7.0,,,,,,,,
INTCUSDT-O-20260421T200000Z,INTCUSDT,TRADITIONAL_EQUITY,O,,O:2026-04-21T20:00:00Z:2026-04-22T06:00:00Z,2026-04,RESEARCH_DEVELOPMENT,O_FULL,SKIPPED,INSUFFICIENT_10H_TRADABLE_ROWS,420,7.0,,,,,,,,
INTCUSDT-O-20260422T200000Z,INTCUSDT,TRADITIONAL_EQUITY,O,,O:2026-04-22T20:00:00Z:2026-04-23T06:00:00Z,2026-04,RESEARCH_DEVELOPMENT,O_FULL,SKIPPED,INSUFFICIENT_10H_TRADABLE_ROWS,420,7.0,,,,,,,,
INTCUSDT-O-20260423T200000Z,INTCUSDT,TRADITIONAL_EQUITY,O,,O:2026-04-23T20:00:00Z:2026-04-24T06:00:00Z,2026-04,RESEARCH_DEVELOPMENT,O_FULL,SKIPPED,INSUFFICIENT_10H_TRADABLE_ROWS,420,7.0,,,,,,,,
INTCUSDT-nyse_20260424T200000Z,INTCUSDT,TRADITIONAL_EQUITY,W,,W:2026-04-24T20:00:00Z:2026-04-27T06:00:00Z,2026-04,RESEARCH_DEVELOPMENT,W_HEAD_10H,READY,,600,10.0,0.005819990885380772,0.0018404427159223202,0.0,0.7,0.00077,0.0016666666666666668,1201.6,543.7
INTCUSDT-nyse_20260424T200000Z,INTCUSDT,TRADITIONAL_EQUITY,W,,W:2026-04-24T20:00:00Z:2026-04-27T06:00:00Z,2026-04,RESEARCH_DEVELOPMENT,W_TAIL_10H,READY,,600,10.0,0.026025113700796056,0.008229863565936938,0.04079320113314417,7.0,0.0077,0.0,5360.2,2030.3
INTCUSDT-O-20260427T200000Z,INTCUSDT,TRADITIONAL_EQUITY,O,,O:2026-04-27T20:00:00Z:2026-04-28T06:00:00Z,2026-04,RESEARCH_DEVELOPMENT,O_FULL,SKIPPED,INSUFFICIENT_10H_TRADABLE_ROWS,420,7.0,,,,,,,,
INTCUSDT-O-20260428T200000Z,INTCUSDT,TRADITIONAL_EQUITY,O,,O:2026-04-28T20:00:00Z:2026-04-29T06:00:00Z,2026-04,RESEARCH_DEVELOPMENT,O_FULL,SKIPPED,INSUFFICIENT_10H_TRADABLE_ROWS,420,7.0,,,,,,,,
INTCUSDT-O-20260429T200000Z,INTCUSDT,TRADITIONAL_EQUITY,O,,O:2026-04-29T20:00:00Z:2026-04-30T06:00:00Z,2026-04,RESEARCH_DEVELOPMENT,O_FULL,SKIPPED,INSUFFICIENT_10H_TRADABLE_ROWS,420,7.0,,,,,,,,
INTCUSDT-O-20260430T200000Z,INTCUSDT,TRADITIONAL_EQUITY,O,,O:2026-04-30T20:00:00Z:2026-05-01T06:00:00Z,2026-04,RESEARCH_DEVELOPMENT,O_FULL,SKIPPED,INSUFFICIENT_10H_TRADABLE_ROWS,420,7.0,,,,,,,,
INTCUSDT-nyse_20260501T200000Z,INTCUSDT,TRADITIONAL_EQUITY,W,,W:2026-05-01T20:00:00Z:2026-05-04T06:00:00Z,2026-05,RESEARCH_DEVELOPMENT,W_HEAD_10H,READY,,600,10.0,0.00849384627378718,0.002685990032050163,0.04883907125700547,1.6,0.0017600000000000003,0.0033333333333333335,2738.7,1416.9
INTCUSDT-nyse_20260501T200000Z,INTCUSDT,TRADITIONAL_EQUITY,W,,W:2026-05-01T20:00:00Z:2026-05-04T06:00:00Z,2026-05,RESEARCH_DEVELOPMENT,W_TAIL_10H,READY,,600,10.0,0.017770604208443345,0.005619558469605457,0.0018917896329927143,3.7,0.004070000000000001,0.0,4594.2,2077.6
INTCUSDT-O-20260504T200000Z,INTCUSDT,TRADITIONAL_EQUITY,O,,O:2026-05-04T20:00:00Z:2026-05-05T06:00:00Z,2026-05,RESEARCH_DEVELOPMENT,O_FULL,SKIPPED,INSUFFICIENT_10H_TRADABLE_ROWS,420,7.0,,,,,,,,
INTCUSDT-O-20260505T200000Z,INTCUSDT,TRADITIONAL_EQUITY,O,,O:2026-05-05T20:00:00Z:2026-05-06T06:00:00Z,2026-05,RESEARCH_DEVELOPMENT,O_FULL,SKIPPED,INSUFFICIENT_10H_TRADABLE_ROWS,420,7.0,,,,,,,,
INTCUSDT-O-20260506T200000Z,INTCUSDT,TRADITIONAL_EQUITY,O,,O:2026-05-06T20:00:00Z:2026-05-07T06:00:00Z,2026-05,RESEARCH_DEVELOPMENT,O_FULL,SKIPPED,INSUFFICIENT_10H_TRADABLE_ROWS,420,7.0,,,,,,,,
INTCUSDT-O-20260507T200000Z,INTCUSDT,TRADITIONAL_EQUITY,O,,O:2026-05-07T20:00:00Z:2026-05-08T06:00:00Z,2026-05,RESEARCH_DEVELOPMENT,O_FULL,SKIPPED,INSUFFICIENT_10H_TRADABLE_ROWS,420,7.0,,,,,,,,
INTCUSDT-nyse_20260508T200000Z,INTCUSDT,TRADITIONAL_EQUITY,W,,W:2026-05-08T20:00:00Z:2026-05-11T06:00:00Z,2026-05,RESEARCH_DEVELOPMENT,W_HEAD_10H,READY,,600,10.0,0.00704514143175656,0.002227869336237044,0.017857142857142273,0.9,0.00099,0.0016666666666666668,2136.3,872.7
INTCUSDT-nyse_20260508T200000Z,INTCUSDT,TRADITIONAL_EQUITY,W,,W:2026-05-08T20:00:00Z:2026-05-11T06:00:00Z,2026-05,RESEARCH_DEVELOPMENT,W_TAIL_10H,READY,,600,10.0,0.03163617495771751,0.010004236932196842,0.011833304750471842,7.4,0.008140000000000001,0.0,12539.4,4463.5
INTCUSDT-O-20260511T200000Z,INTCUSDT,TRADITIONAL_EQUITY,O,,O:2026-05-11T20:00:00Z:2026-05-12T06:00:00Z,2026-05,RESEARCH_DEVELOPMENT,O_FULL,SKIPPED,INSUFFICIENT_10H_TRADABLE_ROWS,420,7.0,,,,,,,,
INTCUSDT-O-20260512T200000Z,INTCUSDT,TRADITIONAL_EQUITY,O,,O:2026-05-12T20:00:00Z:2026-05-13T06:00:00Z,2026-05,RESEARCH_DEVELOPMENT,O_FULL,SKIPPED,INSUFFICIENT_10H_TRADABLE_ROWS,420,7.0,,,,,,,,
INTCUSDT-O-20260513T200000Z,INTCUSDT,TRADITIONAL_EQUITY,O,,O:2026-05-13T20:00:00Z:2026-05-14T06:00:00Z,2026-05,RESEARCH_DEVELOPMENT,O_FULL,SKIPPED,INSUFFICIENT_10H_TRADABLE_ROWS,420,7.0,,,,,,,,
INTCUSDT-O-20260514T200000Z,INTCUSDT,TRADITIONAL_EQUITY,O,,O:2026-05-14T20:00:00Z:2026-05-15T06:00:00Z,2026-05,RESEARCH_DEVELOPMENT,O_FULL,SKIPPED,INSUFFICIENT_10H_TRADABLE_ROWS,420,7.0,,,,,,,,
INTCUSDT-nyse_20260515T200000Z,INTCUSDT,TRADITIONAL_EQUITY,W,,W:2026-05-15T20:00:00Z:2026-05-18T06:00:00Z,2026-05,RESEARCH_DEVELOPMENT,W_HEAD_10H,READY,,600,10.0,0.009808737050124328,0.003101795004807405,0.02182428651371,2.9,0.00319,0.0,2055.6,788.0
INTCUSDT-nyse_20260515T200000Z,INTCUSDT,TRADITIONAL_EQUITY,W,,W:2026-05-15T20:00:00Z:2026-05-18T06:00:00Z,2026-05,RESEARCH_DEVELOPMENT,W_TAIL_10H,READY,,600,10.0,0.0395081091182703,0.012493561086020082,0.022512708787218574,9.5,0.010450000000000001,0.0,16431.4,5590.0
INTCUSDT-O-20260518T200000Z,INTCUSDT,TRADITIONAL_EQUITY,O,,O:2026-05-18T20:00:00Z:2026-05-19T06:00:00Z,2026-05,RESEARCH_DEVELOPMENT,O_FULL,SKIPPED,INSUFFICIENT_10H_TRADABLE_ROWS,420,7.0,,,,,,,,
INTCUSDT-O-20260519T200000Z,INTCUSDT,TRADITIONAL_EQUITY,O,,O:2026-05-19T20:00:00Z:2026-05-20T06:00:00Z,2026-05,RESEARCH_DEVELOPMENT,O_FULL,SKIPPED,INSUFFICIENT_10H_TRADABLE_ROWS,420,7.0,,,,,,,,
INTCUSDT-O-20260520T200000Z,INTCUSDT,TRADITIONAL_EQUITY,O,,O:2026-05-20T20:00:00Z:2026-05-21T06:00:00Z,2026-05,RESEARCH_DEVELOPMENT,O_FULL,SKIPPED,INSUFFICIENT_10H_TRADABLE_ROWS,420,7.0,,,,,,,,
INTCUSDT-O-20260521T200000Z,INTCUSDT,TRADITIONAL_EQUITY,O,,O:2026-05-21T20:00:00Z:2026-05-22T06:00:00Z,2026-05,RESEARCH_DEVELOPMENT,O_FULL,SKIPPED,INSUFFICIENT_10H_TRADABLE_ROWS,420,7.0,,,,,,,,
INTCUSDT-nyse_20260522T200000Z,INTCUSDT,TRADITIONAL_EQUITY,W,,W:2026-05-22T20:00:00Z:2026-05-26T06:00:00Z,2026-05,RESEARCH_DEVELOPMENT,W_HEAD_10H,READY,,600,10.0,0.009580957728728086,0.00302976485885744,0.05941143808994996,1.7,0.0018700000000000001,0.0,2931.0,920.5
INTCUSDT-nyse_20260522T200000Z,INTCUSDT,TRADITIONAL_EQUITY,W,,W:2026-05-22T20:00:00Z:2026-05-26T06:00:00Z,2026-05,RESEARCH_DEVELOPMENT,W_TAIL_10H,READY,,600,10.0,0.022101558293392238,0.006989126404610344,0.053071895424836396,5.6,0.00616,0.0,8451.9,2717.1
INTCUSDT-O-20260526T200000Z,INTCUSDT,TRADITIONAL_EQUITY,O,,O:2026-05-26T20:00:00Z:2026-05-27T06:00:00Z,2026-05,RESEARCH_DEVELOPMENT,O_FULL,SKIPPED,INSUFFICIENT_10H_TRADABLE_ROWS,420,7.0,,,,,,,,
INTCUSDT-O-20260527T200000Z,INTCUSDT,TRADITIONAL_EQUITY,O,,O:2026-05-27T20:00:00Z:2026-05-28T06:00:00Z,2026-05,RESEARCH_DEVELOPMENT,O_FULL,SKIPPED,INSUFFICIENT_10H_TRADABLE_ROWS,420,7.0,,,,,,,,
INTCUSDT-O-20260528T200000Z,INTCUSDT,TRADITIONAL_EQUITY,O,,O:2026-05-28T20:00:00Z:2026-05-29T06:00:00Z,2026-05,RESEARCH_DEVELOPMENT,O_FULL,SKIPPED,INSUFFICIENT_10H_TRADABLE_ROWS,420,7.0,,,,,,,,
INTCUSDT-nyse_20260529T200000Z,INTCUSDT,TRADITIONAL_EQUITY,W,,W:2026-05-29T20:00:00Z:2026-06-01T06:00:00Z,2026-05,RESEARCH_DEVELOPMENT,W_HEAD_10H,READY,,600,10.0,0.012025566082637143,0.003802817897400201,0.019830028328612092,2.2,0.0024200000000000003,0.0,4415.5,1330.3
INTCUSDT-nyse_20260529T200000Z,INTCUSDT,TRADITIONAL_EQUITY,W,,W:2026-05-29T20:00:00Z:2026-06-01T06:00:00Z,2026-05,RESEARCH_DEVELOPMENT,W_TAIL_10H,READY,,600,10.0,0.038474022330072154,0.012166554131120656,0.029679595278246047,6.8,0.0074800000000000005,0.0033333333333333335,20736.3,5924.3
INTCUSDT-O-20260601T200000Z,INTCUSDT,TRADITIONAL_EQUITY,O,,O:2026-06-01T20:00:00Z:2026-06-02T06:00:00Z,2026-06,RESEARCH_VALIDATION_EXPOSED,O_FULL,SKIPPED,INSUFFICIENT_10H_TRADABLE_ROWS,420,7.0,,,,,,,,
INTCUSDT-O-20260602T200000Z,INTCUSDT,TRADITIONAL_EQUITY,O,,O:2026-06-02T20:00:00Z:2026-06-03T06:00:00Z,2026-06,RESEARCH_VALIDATION_EXPOSED,O_FULL,SKIPPED,INSUFFICIENT_10H_TRADABLE_ROWS,420,7.0,,,,,,,,
INTCUSDT-O-20260603T200000Z,INTCUSDT,TRADITIONAL_EQUITY,O,,O:2026-06-03T20:00:00Z:2026-06-04T06:00:00Z,2026-06,RESEARCH_VALIDATION_EXPOSED,O_FULL,SKIPPED,INSUFFICIENT_10H_TRADABLE_ROWS,420,7.0,,,,,,,,
INTCUSDT-O-20260604T200000Z,INTCUSDT,TRADITIONAL_EQUITY,O,,O:2026-06-04T20:00:00Z:2026-06-05T06:00:00Z,2026-06,RESEARCH_VALIDATION_EXPOSED,O_FULL,SKIPPED,INSUFFICIENT_10H_TRADABLE_ROWS,420,7.0,,,,,,,,
INTCUSDT-nyse_20260605T200000Z,INTCUSDT,TRADITIONAL_EQUITY,W,,W:2026-06-05T20:00:00Z:2026-06-08T06:00:00Z,2026-06,RESEARCH_VALIDATION_EXPOSED,W_HEAD_10H,READY,,600,10.0,0.02526046474150739,0.007988060333753983,0.04334203655352483,4.6,0.00506,0.0,12199.0,3881.2
INTCUSDT-nyse_20260605T200000Z,INTCUSDT,TRADITIONAL_EQUITY,W,,W:2026-06-05T20:00:00Z:2026-06-08T06:00:00Z,2026-06,RESEARCH_VALIDATION_EXPOSED,W_TAIL_10H,READY,,600,10.0,0.03307640795464535,0.010459678595359068,0.044141252006420564,7.9,0.008690000000000002,0.0,16320.7,5337.7
INTCUSDT-O-20260608T200000Z,INTCUSDT,TRADITIONAL_EQUITY,O,,O:2026-06-08T20:00:00Z:2026-06-09T06:00:00Z,2026-06,RESEARCH_VALIDATION_EXPOSED,O_FULL,SKIPPED,INSUFFICIENT_10H_TRADABLE_ROWS,420,7.0,,,,,,,,
INTCUSDT-O-20260609T200000Z,INTCUSDT,TRADITIONAL_EQUITY,O,,O:2026-06-09T20:00:00Z:2026-06-10T06:00:00Z,2026-06,RESEARCH_VALIDATION_EXPOSED,O_FULL,SKIPPED,INSUFFICIENT_10H_TRADABLE_ROWS,420,7.0,,,,,,,,
INTCUSDT-O-20260610T200000Z,INTCUSDT,TRADITIONAL_EQUITY,O,,O:2026-06-10T20:00:00Z:2026-06-11T06:00:00Z,2026-06,RESEARCH_VALIDATION_EXPOSED,O_FULL,SKIPPED,INSUFFICIENT_10H_TRADABLE_ROWS,420,7.0,,,,,,,,
INTCUSDT-O-20260611T200000Z,INTCUSDT,TRADITIONAL_EQUITY,O,,O:2026-06-11T20:00:00Z:2026-06-12T06:00:00Z,2026-06,RESEARCH_VALIDATION_EXPOSED,O_FULL,SKIPPED,INSUFFICIENT_10H_TRADABLE_ROWS,420,7.0,,,,,,,,
INTCUSDT-nyse_20260612T200000Z,INTCUSDT,TRADITIONAL_EQUITY,W,,W:2026-06-12T20:00:00Z:2026-06-15T06:00:00Z,2026-06,RESEARCH_VALIDATION_EXPOSED,W_HEAD_10H,READY,,600,10.0,0.015583860047569816,0.004928049248762056,0.00182370820668701,4.4,0.0048400000000000006,0.0033333333333333335,3819.1,1423.1
INTCUSDT-nyse_20260612T200000Z,INTCUSDT,TRADITIONAL_EQUITY,W,,W:2026-06-12T20:00:00Z:2026-06-15T06:00:00Z,2026-06,RESEARCH_VALIDATION_EXPOSED,W_TAIL_10H,READY,,600,10.0,0.03518765483341587,0.01112731347934269,0.02091912370284969,6.3,0.00693,0.0,14884.7,5875.4
INTCUSDT-O-20260615T200000Z,INTCUSDT,TRADITIONAL_EQUITY,O,,O:2026-06-15T20:00:00Z:2026-06-16T06:00:00Z,2026-06,RESEARCH_VALIDATION_EXPOSED,O_FULL,SKIPPED,INSUFFICIENT_10H_TRADABLE_ROWS,420,7.0,,,,,,,,
INTCUSDT-O-20260616T200000Z,INTCUSDT,TRADITIONAL_EQUITY,O,,O:2026-06-16T20:00:00Z:2026-06-17T06:00:00Z,2026-06,RESEARCH_VALIDATION_EXPOSED,O_FULL,SKIPPED,INSUFFICIENT_10H_TRADABLE_ROWS,420,7.0,,,,,,,,
INTCUSDT-O-20260617T200000Z,INTCUSDT,TRADITIONAL_EQUITY,O,,O:2026-06-17T20:00:00Z:2026-06-18T06:00:00Z,2026-06,RESEARCH_VALIDATION_EXPOSED,O_FULL,SKIPPED,INSUFFICIENT_10H_TRADABLE_ROWS,420,7.0,,,,,,,,
INTCUSDT-nyse_20260618T200000Z,INTCUSDT,TRADITIONAL_EQUITY,W,,W:2026-06-18T20:00:00Z:2026-06-22T06:00:00Z,2026-06,RESEARCH_VALIDATION_EXPOSED,W_HEAD_10H,READY,,600,10.0,0.035787012852049056,0.011316847126619341,0.011232985331042984,8.8,0.009680000000000001,0.0,21606.2,7256.9
INTCUSDT-nyse_20260618T200000Z,INTCUSDT,TRADITIONAL_EQUITY,W,,W:2026-06-18T20:00:00Z:2026-06-22T06:00:00Z,2026-06,RESEARCH_VALIDATION_EXPOSED,W_TAIL_10H,READY,,600,10.0,0.048063744610726565,0.015199090584653897,0.02963335007533932,10.2,0.011219999999999999,0.0,34708.2,12325.6
INTCUSDT-O-20260622T200000Z,INTCUSDT,TRADITIONAL_EQUITY,O,,O:2026-06-22T20:00:00Z:2026-06-23T06:00:00Z,2026-06,RESEARCH_VALIDATION_EXPOSED,O_FULL,SKIPPED,INSUFFICIENT_10H_TRADABLE_ROWS,420,7.0,,,,,,,,
INTCUSDT-O-20260623T200000Z,INTCUSDT,TRADITIONAL_EQUITY,O,,O:2026-06-23T20:00:00Z:2026-06-24T06:00:00Z,2026-06,RESEARCH_VALIDATION_EXPOSED,O_FULL,SKIPPED,INSUFFICIENT_10H_TRADABLE_ROWS,420,7.0,,,,,,,,
INTCUSDT-O-20260624T200000Z,INTCUSDT,TRADITIONAL_EQUITY,O,,O:2026-06-24T20:00:00Z:2026-06-25T06:00:00Z,2026-06,RESEARCH_VALIDATION_EXPOSED,O_FULL,SKIPPED,INSUFFICIENT_10H_TRADABLE_ROWS,420,7.0,,,,,,,,
INTCUSDT-O-20260625T200000Z,INTCUSDT,TRADITIONAL_EQUITY,O,,O:2026-06-25T20:00:00Z:2026-06-26T06:00:00Z,2026-06,RESEARCH_VALIDATION_EXPOSED,O_FULL,SKIPPED,INSUFFICIENT_10H_TRADABLE_ROWS,420,7.0,,,,,,,,
INTCUSDT-nyse_20260626T200000Z,INTCUSDT,TRADITIONAL_EQUITY,W,,W:2026-06-26T20:00:00Z:2026-06-29T06:00:00Z,2026-06,RESEARCH_VALIDATION_EXPOSED,W_HEAD_10H,READY,,600,10.0,0.010110766773560856,0.0031973051895204216,0.009541117673784332,2.6,0.00286,0.0,3892.4,1658.6
INTCUSDT-nyse_20260626T200000Z,INTCUSDT,TRADITIONAL_EQUITY,W,,W:2026-06-26T20:00:00Z:2026-06-29T06:00:00Z,2026-06,RESEARCH_VALIDATION_EXPOSED,W_TAIL_10H,READY,,600,10.0,0.022232349964985344,0.00703048636273184,0.016275628831114115,5.2,0.00572,0.0,11032.8,4082.3
INTCUSDT-O-20260629T200000Z,INTCUSDT,TRADITIONAL_EQUITY,O,,O:2026-06-29T20:00:00Z:2026-06-30T06:00:00Z,2026-06,RESEARCH_VALIDATION_EXPOSED,O_FULL,SKIPPED,INSUFFICIENT_10H_TRADABLE_ROWS,420,7.0,,,,,,,,
INTCUSDT-O-20260630T200000Z,INTCUSDT,TRADITIONAL_EQUITY,O,,O:2026-06-30T20:00:00Z:2026-07-01T06:00:00Z,2026-06,RESEARCH_VALIDATION_EXPOSED,O_FULL,SKIPPED,INSUFFICIENT_10H_TRADABLE_ROWS,420,7.0,,,,,,,,
INTCUSDT-O-20260701T200000Z,INTCUSDT,TRADITIONAL_EQUITY,O,,O:2026-07-01T20:00:00Z:2026-07-02T06:00:00Z,2026-07,DESCRIPTIVE_EXPOSED,O_FULL,SKIPPED,INSUFFICIENT_10H_TRADABLE_ROWS,420,7.0,,,,,,,,
INTCUSDT-nyse_20260702T200000Z,INTCUSDT,TRADITIONAL_EQUITY,W,,W:2026-07-02T20:00:00Z:2026-07-06T06:00:00Z,2026-07,DESCRIPTIVE_EXPOSED,W_HEAD_10H,READY,,600,10.0,0.02049774439399082,0.006481955918095881,0.03596158141612684,8.2,0.00902,0.0,9056.8,3306.8
INTCUSDT-nyse_20260702T200000Z,INTCUSDT,TRADITIONAL_EQUITY,W,,W:2026-07-02T20:00:00Z:2026-07-06T06:00:00Z,2026-07,DESCRIPTIVE_EXPOSED,W_TAIL_10H,READY,,600,10.0,0.03233829995546664,0.010226268351699624,0.015909463670657653,8.4,0.009240000000000002,0.013333333333333334,14010.6,4930.2
INTCUSDT-O-20260706T200000Z,INTCUSDT,TRADITIONAL_EQUITY,O,,O:2026-07-06T20:00:00Z:2026-07-07T06:00:00Z,2026-07,DESCRIPTIVE_EXPOSED,O_FULL,SKIPPED,INSUFFICIENT_10H_TRADABLE_ROWS,420,7.0,,,,,,,,
INTCUSDT-O-20260707T200000Z,INTCUSDT,TRADITIONAL_EQUITY,O,,O:2026-07-07T20:00:00Z:2026-07-08T06:00:00Z,2026-07,DESCRIPTIVE_EXPOSED,O_FULL,SKIPPED,INSUFFICIENT_10H_TRADABLE_ROWS,420,7.0,,,,,,,,
INTCUSDT-O-20260708T200000Z,INTCUSDT,TRADITIONAL_EQUITY,O,,O:2026-07-08T20:00:00Z:2026-07-09T06:00:00Z,2026-07,DESCRIPTIVE_EXPOSED,O_FULL,SKIPPED,INSUFFICIENT_10H_TRADABLE_ROWS,420,7.0,,,,,,,,
INTCUSDT-O-20260709T200000Z,INTCUSDT,TRADITIONAL_EQUITY,O,,O:2026-07-09T20:00:00Z:2026-07-10T06:00:00Z,2026-07,DESCRIPTIVE_EXPOSED,O_FULL,SKIPPED,INSUFFICIENT_10H_TRADABLE_ROWS,420,7.0,,,,,,,,
INTCUSDT-nyse_20260710T200000Z,INTCUSDT,TRADITIONAL_EQUITY,W,,W:2026-07-10T20:00:00Z:2026-07-13T06:00:00Z,2026-07,DESCRIPTIVE_EXPOSED,W_HEAD_10H,READY,,600,10.0,0.016113702236354676,0.005095600060462965,0.12164788184998092,3.2,0.0035200000000000006,0.0016666666666666668,7586.5,2614.3
INTCUSDT-nyse_20260710T200000Z,INTCUSDT,TRADITIONAL_EQUITY,W,,W:2026-07-10T20:00:00Z:2026-07-13T06:00:00Z,2026-07,DESCRIPTIVE_EXPOSED,W_TAIL_10H,READY,,600,10.0,0.030942768858926065,0.00978496267063357,0.08864985163204733,7.9,0.008690000000000002,0.008333333333333333,17424.1,4991.6
INTCUSDT-O-20260713T200000Z,INTCUSDT,TRADITIONAL_EQUITY,O,,O:2026-07-13T20:00:00Z:2026-07-14T06:00:00Z,2026-07,DESCRIPTIVE_EXPOSED,O_FULL,SKIPPED,INSUFFICIENT_10H_TRADABLE_ROWS,420,7.0,,,,,,,,
INTCUSDT-O-20260714T200000Z,INTCUSDT,TRADITIONAL_EQUITY,O,,O:2026-07-14T20:00:00Z:2026-07-15T06:00:00Z,2026-07,DESCRIPTIVE_EXPOSED,O_FULL,SKIPPED,INSUFFICIENT_10H_TRADABLE_ROWS,420,7.0,,,,,,,,
INTCUSDT-O-20260715T200000Z,INTCUSDT,TRADITIONAL_EQUITY,O,,O:2026-07-15T20:00:00Z:2026-07-16T06:00:00Z,2026-07,DESCRIPTIVE_EXPOSED,O_FULL,SKIPPED,INSUFFICIENT_10H_TRADABLE_ROWS,420,7.0,,,,,,,,
INTCUSDT-O-20260716T200000Z,INTCUSDT,TRADITIONAL_EQUITY,O,,O:2026-07-16T20:00:00Z:2026-07-17T06:00:00Z,2026-07,DESCRIPTIVE_EXPOSED,O_FULL,SKIPPED,INSUFFICIENT_10H_TRADABLE_ROWS,420,7.0,,,,,,,,
INTCUSDT-nyse_20260717T200000Z,INTCUSDT,TRADITIONAL_EQUITY,W,,W:2026-07-17T20:00:00Z:2026-07-20T06:00:00Z,2026-07,DESCRIPTIVE_EXPOSED,W_HEAD_10H,READY,,600,10.0,0.01158322993723195,0.003662938926310218,0.02771362586605089,2.5,0.0027500000000000003,0.02,3980.0,1263.3
INTCUSDT-nyse_20260717T200000Z,INTCUSDT,TRADITIONAL_EQUITY,W,,W:2026-07-17T20:00:00Z:2026-07-20T06:00:00Z,2026-07,DESCRIPTIVE_EXPOSED,W_TAIL_10H,READY,,600,10.0,0.0310407460325592,0.00981594577337222,0.03158302654524343,8.1,0.00891,0.0,16848.5,4606.1
INTCUSDT-O-20260720T200000Z,INTCUSDT,TRADITIONAL_EQUITY,O,,O:2026-07-20T20:00:00Z:2026-07-21T06:00:00Z,2026-07,DESCRIPTIVE_EXPOSED,O_FULL,SKIPPED,INSUFFICIENT_10H_TRADABLE_ROWS,420,7.0,,,,,,,,
INTCUSDT-O-20260721T200000Z,INTCUSDT,TRADITIONAL_EQUITY,O,,O:2026-07-21T20:00:00Z:2026-07-22T06:00:00Z,2026-07,DESCRIPTIVE_EXPOSED,O_FULL,SKIPPED,INSUFFICIENT_10H_TRADABLE_ROWS,420,7.0,,,,,,,,
INTCUSDT-O-20260722T200000Z,INTCUSDT,TRADITIONAL_EQUITY,O,,O:2026-07-22T20:00:00Z:2026-07-23T06:00:00Z,2026-07,DESCRIPTIVE_EXPOSED,O_FULL,SKIPPED,INSUFFICIENT_10H_TRADABLE_ROWS,420,7.0,,,,,,,,
INTCUSDT-O-20260723T200000Z,INTCUSDT,TRADITIONAL_EQUITY,O,,O:2026-07-23T20:00:00Z:2026-07-24T06:00:00Z,2026-07,DESCRIPTIVE_EXPOSED,O_FULL,SKIPPED,INSUFFICIENT_10H_TRADABLE_ROWS,60,1.0,,,,,,,,
MSTRUSDT-O-20260209T210000Z,MSTRUSDT,CRYPTO_SENSITIVE_EQUITY,O,,O:2026-02-09T21:00:00Z:2026-02-10T07:00:00Z,2026-02,DESCRIPTIVE_EXPOSED,O_FULL,SKIPPED,INSUFFICIENT_10H_TRADABLE_ROWS,240,4.0,,,,,,,,
MSTRUSDT-O-20260210T210000Z,MSTRUSDT,CRYPTO_SENSITIVE_EQUITY,O,,O:2026-02-10T21:00:00Z:2026-02-11T07:00:00Z,2026-02,DESCRIPTIVE_EXPOSED,O_FULL,SKIPPED,INSUFFICIENT_10H_TRADABLE_ROWS,420,7.0,,,,,,,,
MSTRUSDT-O-20260211T210000Z,MSTRUSDT,CRYPTO_SENSITIVE_EQUITY,O,,O:2026-02-11T21:00:00Z:2026-02-12T07:00:00Z,2026-02,DESCRIPTIVE_EXPOSED,O_FULL,SKIPPED,INSUFFICIENT_10H_TRADABLE_ROWS,420,7.0,,,,,,,,
MSTRUSDT-O-20260212T210000Z,MSTRUSDT,CRYPTO_SENSITIVE_EQUITY,O,,O:2026-02-12T21:00:00Z:2026-02-13T07:00:00Z,2026-02,DESCRIPTIVE_EXPOSED,O_FULL,SKIPPED,INSUFFICIENT_10H_TRADABLE_ROWS,420,7.0,,,,,,,,
MSTRUSDT-nyse_20260213T210000Z,MSTRUSDT,CRYPTO_SENSITIVE_EQUITY,W,,W:2026-02-13T21:00:00Z:2026-02-17T07:00:00Z,2026-02,DESCRIPTIVE_EXPOSED,W_HEAD_10H,READY,,600,10.0,0.01856580706550706,0.005871023692624924,0.04743169398907091,5.5,0.006050000000000001,0.04,851.7,520.3
MSTRUSDT-nyse_20260213T210000Z,MSTRUSDT,CRYPTO_SENSITIVE_EQUITY,W,,W:2026-02-13T21:00:00Z:2026-02-17T07:00:00Z,2026-02,DESCRIPTIVE_EXPOSED,W_TAIL_10H,READY,,600,10.0,0.018528570514647864,0.005859248461332547,0.0518038852913978,5.3,0.00583,0.011666666666666667,963.1,617.8
MSTRUSDT-O-20260217T210000Z,MSTRUSDT,CRYPTO_SENSITIVE_EQUITY,O,,O:2026-02-17T21:00:00Z:2026-02-18T07:00:00Z,2026-02,DESCRIPTIVE_EXPOSED,O_FULL,SKIPPED,INSUFFICIENT_10H_TRADABLE_ROWS,420,7.0,,,,,,,,
MSTRUSDT-O-20260218T210000Z,MSTRUSDT,CRYPTO_SENSITIVE_EQUITY,O,,O:2026-02-18T21:00:00Z:2026-02-19T07:00:00Z,2026-02,DESCRIPTIVE_EXPOSED,O_FULL,SKIPPED,INSUFFICIENT_10H_TRADABLE_ROWS,420,7.0,,,,,,,,
MSTRUSDT-O-20260219T210000Z,MSTRUSDT,CRYPTO_SENSITIVE_EQUITY,O,,O:2026-02-19T21:00:00Z:2026-02-20T07:00:00Z,2026-02,DESCRIPTIVE_EXPOSED,O_FULL,SKIPPED,INSUFFICIENT_10H_TRADABLE_ROWS,420,7.0,,,,,,,,
MSTRUSDT-nyse_20260220T210000Z,MSTRUSDT,CRYPTO_SENSITIVE_EQUITY,W,,W:2026-02-20T21:00:00Z:2026-02-23T07:00:00Z,2026-02,DESCRIPTIVE_EXPOSED,W_HEAD_10H,READY,,600,10.0,0.008841240775137899,0.0027958458191388344,0.0028785261945890243,1.6,0.0017600000000000003,0.255,285.5,191.9
MSTRUSDT-nyse_20260220T210000Z,MSTRUSDT,CRYPTO_SENSITIVE_EQUITY,W,,W:2026-02-20T21:00:00Z:2026-02-23T07:00:00Z,2026-02,DESCRIPTIVE_EXPOSED,W_TAIL_10H,READY,,600,10.0,0.02214451363743207,0.007002710077094546,0.06964944649446593,5.6,0.00616,0.08333333333333333,641.9,471.9
MSTRUSDT-O-20260223T210000Z,MSTRUSDT,CRYPTO_SENSITIVE_EQUITY,O,,O:2026-02-23T21:00:00Z:2026-02-24T07:00:00Z,2026-02,DESCRIPTIVE_EXPOSED,O_FULL,SKIPPED,INSUFFICIENT_10H_TRADABLE_ROWS,420,7.0,,,,,,,,
MSTRUSDT-O-20260224T210000Z,MSTRUSDT,CRYPTO_SENSITIVE_EQUITY,O,,O:2026-02-24T21:00:00Z:2026-02-25T07:00:00Z,2026-02,DESCRIPTIVE_EXPOSED,O_FULL,SKIPPED,INSUFFICIENT_10H_TRADABLE_ROWS,420,7.0,,,,,,,,
MSTRUSDT-O-20260225T210000Z,MSTRUSDT,CRYPTO_SENSITIVE_EQUITY,O,,O:2026-02-25T21:00:00Z:2026-02-26T07:00:00Z,2026-02,DESCRIPTIVE_EXPOSED,O_FULL,SKIPPED,INSUFFICIENT_10H_TRADABLE_ROWS,420,7.0,,,,,,,,
MSTRUSDT-O-20260226T210000Z,MSTRUSDT,CRYPTO_SENSITIVE_EQUITY,O,,O:2026-02-26T21:00:00Z:2026-02-27T07:00:00Z,2026-02,DESCRIPTIVE_EXPOSED,O_FULL,SKIPPED,INSUFFICIENT_10H_TRADABLE_ROWS,420,7.0,,,,,,,,
MSTRUSDT-nyse_20260227T210000Z,MSTRUSDT,CRYPTO_SENSITIVE_EQUITY,W,,W:2026-02-27T21:00:00Z:2026-03-02T07:00:00Z,2026-02,DESCRIPTIVE_EXPOSED,W_HEAD_10H,READY,,600,10.0,0.032560150449071804,0.01029642363768212,0.029676558852950896,7.8,0.00858,0.11666666666666667,2534.1,1506.1
MSTRUSDT-nyse_20260227T210000Z,MSTRUSDT,CRYPTO_SENSITIVE_EQUITY,W,,W:2026-02-27T21:00:00Z:2026-03-02T07:00:00Z,2026-02,DESCRIPTIVE_EXPOSED,W_TAIL_10H,READY,,600,10.0,0.026104692133061796,0.008255028475795454,0.023312035917803894,6.2,0.0068200000000000005,0.0033333333333333335,2066.5,1279.5
MSTRUSDT-O-20260302T210000Z,MSTRUSDT,CRYPTO_SENSITIVE_EQUITY,O,,O:2026-03-02T21:00:00Z:2026-03-03T07:00:00Z,2026-03,RESEARCH_DEVELOPMENT,O_FULL,SKIPPED,INSUFFICIENT_10H_TRADABLE_ROWS,420,7.0,,,,,,,,
MSTRUSDT-O-20260303T210000Z,MSTRUSDT,CRYPTO_SENSITIVE_EQUITY,O,,O:2026-03-03T21:00:00Z:2026-03-04T07:00:00Z,2026-03,RESEARCH_DEVELOPMENT,O_FULL,SKIPPED,INSUFFICIENT_10H_TRADABLE_ROWS,420,7.0,,,,,,,,
MSTRUSDT-O-20260304T210000Z,MSTRUSDT,CRYPTO_SENSITIVE_EQUITY,O,,O:2026-03-04T21:00:00Z:2026-03-05T07:00:00Z,2026-03,RESEARCH_DEVELOPMENT,O_FULL,SKIPPED,INSUFFICIENT_10H_TRADABLE_ROWS,420,7.0,,,,,,,,
MSTRUSDT-O-20260305T210000Z,MSTRUSDT,CRYPTO_SENSITIVE_EQUITY,O,,O:2026-03-05T21:00:00Z:2026-03-06T07:00:00Z,2026-03,RESEARCH_DEVELOPMENT,O_FULL,SKIPPED,INSUFFICIENT_10H_TRADABLE_ROWS,420,7.0,,,,,,,,
MSTRUSDT-nyse_20260306T210000Z,MSTRUSDT,CRYPTO_SENSITIVE_EQUITY,W,,W:2026-03-06T21:00:00Z:2026-03-09T06:00:00Z,2026-03,RESEARCH_DEVELOPMENT,W_HEAD_10H,READY,,600,10.0,0.009024789619809116,0.0028538890602441847,0.018140589569160682,1.3,0.00143,0.065,996.5,557.7
MSTRUSDT-nyse_20260306T210000Z,MSTRUSDT,CRYPTO_SENSITIVE_EQUITY,W,,W:2026-03-06T21:00:00Z:2026-03-09T06:00:00Z,2026-03,RESEARCH_DEVELOPMENT,W_TAIL_10H,READY,,600,10.0,0.030300731858307294,0.009581932744227747,0.007373965387509525,8.1,0.00891,0.0,4329.8,2648.0
MSTRUSDT-O-20260309T200000Z,MSTRUSDT,CRYPTO_SENSITIVE_EQUITY,O,,O:2026-03-09T20:00:00Z:2026-03-10T06:00:00Z,2026-03,RESEARCH_DEVELOPMENT,O_FULL,SKIPPED,INSUFFICIENT_10H_TRADABLE_ROWS,420,7.0,,,,,,,,
MSTRUSDT-O-20260310T200000Z,MSTRUSDT,CRYPTO_SENSITIVE_EQUITY,O,,O:2026-03-10T20:00:00Z:2026-03-11T06:00:00Z,2026-03,RESEARCH_DEVELOPMENT,O_FULL,SKIPPED,INSUFFICIENT_10H_TRADABLE_ROWS,420,7.0,,,,,,,,
MSTRUSDT-O-20260311T200000Z,MSTRUSDT,CRYPTO_SENSITIVE_EQUITY,O,,O:2026-03-11T20:00:00Z:2026-03-12T06:00:00Z,2026-03,RESEARCH_DEVELOPMENT,O_FULL,SKIPPED,INSUFFICIENT_10H_TRADABLE_ROWS,420,7.0,,,,,,,,
MSTRUSDT-O-20260312T200000Z,MSTRUSDT,CRYPTO_SENSITIVE_EQUITY,O,,O:2026-03-12T20:00:00Z:2026-03-13T06:00:00Z,2026-03,RESEARCH_DEVELOPMENT,O_FULL,SKIPPED,INSUFFICIENT_10H_TRADABLE_ROWS,420,7.0,,,,,,,,
MSTRUSDT-nyse_20260313T200000Z,MSTRUSDT,CRYPTO_SENSITIVE_EQUITY,W,,W:2026-03-13T20:00:00Z:2026-03-16T06:00:00Z,2026-03,RESEARCH_DEVELOPMENT,W_HEAD_10H,READY,,600,10.0,0.009594199480784864,0.003033952268528504,0.003610108303248468,1.4,0.00154,0.03333333333333333,1282.4,653.4
MSTRUSDT-nyse_20260313T200000Z,MSTRUSDT,CRYPTO_SENSITIVE_EQUITY,W,,W:2026-03-13T20:00:00Z:2026-03-16T06:00:00Z,2026-03,RESEARCH_DEVELOPMENT,W_TAIL_10H,READY,,600,10.0,0.021944676315350874,0.006939515967166021,0.11797090051120628,4.6,0.00506,0.011666666666666667,4066.4,2369.4
MSTRUSDT-O-20260316T200000Z,MSTRUSDT,CRYPTO_SENSITIVE_EQUITY,O,,O:2026-03-16T20:00:00Z:2026-03-17T06:00:00Z,2026-03,RESEARCH_DEVELOPMENT,O_FULL,SKIPPED,INSUFFICIENT_10H_TRADABLE_ROWS,420,7.0,,,,,,,,
MSTRUSDT-O-20260317T200000Z,MSTRUSDT,CRYPTO_SENSITIVE_EQUITY,O,,O:2026-03-17T20:00:00Z:2026-03-18T06:00:00Z,2026-03,RESEARCH_DEVELOPMENT,O_FULL,SKIPPED,INSUFFICIENT_10H_TRADABLE_ROWS,420,7.0,,,,,,,,
MSTRUSDT-O-20260318T200000Z,MSTRUSDT,CRYPTO_SENSITIVE_EQUITY,O,,O:2026-03-18T20:00:00Z:2026-03-19T06:00:00Z,2026-03,RESEARCH_DEVELOPMENT,O_FULL,SKIPPED,INSUFFICIENT_10H_TRADABLE_ROWS,420,7.0,,,,,,,,
MSTRUSDT-O-20260319T200000Z,MSTRUSDT,CRYPTO_SENSITIVE_EQUITY,O,,O:2026-03-19T20:00:00Z:2026-03-20T06:00:00Z,2026-03,RESEARCH_DEVELOPMENT,O_FULL,SKIPPED,INSUFFICIENT_10H_TRADABLE_ROWS,420,7.0,,,,,,,,
MSTRUSDT-nyse_20260320T200000Z,MSTRUSDT,CRYPTO_SENSITIVE_EQUITY,W,,W:2026-03-20T20:00:00Z:2026-03-23T06:00:00Z,2026-03,RESEARCH_DEVELOPMENT,W_HEAD_10H,READY,,600,10.0,0.00836867014182388,0.00264640586348078,0.021406727828747543,1.9,0.00209,0.065,931.9,434.9
MSTRUSDT-nyse_20260320T200000Z,MSTRUSDT,CRYPTO_SENSITIVE_EQUITY,W,,W:2026-03-20T20:00:00Z:2026-03-23T06:00:00Z,2026-03,RESEARCH_DEVELOPMENT,W_TAIL_10H,READY,,600,10.0,0.027809833346895203,0.008794241472589233,0.02007168458781318,7.6,0.00836,0.0016666666666666668,5417.3,2824.8
MSTRUSDT-O-20260323T200000Z,MSTRUSDT,CRYPTO_SENSITIVE_EQUITY,O,,O:2026-03-23T20:00:00Z:2026-03-24T06:00:00Z,2026-03,RESEARCH_DEVELOPMENT,O_FULL,SKIPPED,INSUFFICIENT_10H_TRADABLE_ROWS,420,7.0,,,,,,,,
MSTRUSDT-O-20260324T200000Z,MSTRUSDT,CRYPTO_SENSITIVE_EQUITY,O,,O:2026-03-24T20:00:00Z:2026-03-25T06:00:00Z,2026-03,RESEARCH_DEVELOPMENT,O_FULL,SKIPPED,INSUFFICIENT_10H_TRADABLE_ROWS,420,7.0,,,,,,,,
MSTRUSDT-O-20260325T200000Z,MSTRUSDT,CRYPTO_SENSITIVE_EQUITY,O,,O:2026-03-25T20:00:00Z:2026-03-26T06:00:00Z,2026-03,RESEARCH_DEVELOPMENT,O_FULL,SKIPPED,INSUFFICIENT_10H_TRADABLE_ROWS,420,7.0,,,,,,,,
MSTRUSDT-O-20260326T200000Z,MSTRUSDT,CRYPTO_SENSITIVE_EQUITY,O,,O:2026-03-26T20:00:00Z:2026-03-27T06:00:00Z,2026-03,RESEARCH_DEVELOPMENT,O_FULL,SKIPPED,INSUFFICIENT_10H_TRADABLE_ROWS,420,7.0,,,,,,,,
MSTRUSDT-nyse_20260327T200000Z,MSTRUSDT,CRYPTO_SENSITIVE_EQUITY,W,,W:2026-03-27T20:00:00Z:2026-03-30T06:00:00Z,2026-03,RESEARCH_DEVELOPMENT,W_HEAD_10H,READY,,600,10.0,0.006538702287703185,0.0020677192170895655,0.009665427509294356,0.9,0.00099,0.03833333333333333,952.1,460.4
MSTRUSDT-nyse_20260327T200000Z,MSTRUSDT,CRYPTO_SENSITIVE_EQUITY,W,,W:2026-03-27T20:00:00Z:2026-03-30T06:00:00Z,2026-03,RESEARCH_DEVELOPMENT,W_TAIL_10H,READY,,600,10.0,0.024606748052032463,0.007781336965433403,0.05208549491595748,5.4,0.005940000000000001,0.011666666666666667,3918.6,2185.7
MSTRUSDT-O-20260330T200000Z,MSTRUSDT,CRYPTO_SENSITIVE_EQUITY,O,,O:2026-03-30T20:00:00Z:2026-03-31T06:00:00Z,2026-03,RESEARCH_DEVELOPMENT,O_FULL,SKIPPED,INSUFFICIENT_10H_TRADABLE_ROWS,420,7.0,,,,,,,,
MSTRUSDT-O-20260331T200000Z,MSTRUSDT,CRYPTO_SENSITIVE_EQUITY,O,,O:2026-03-31T20:00:00Z:2026-04-01T06:00:00Z,2026-03,RESEARCH_DEVELOPMENT,O_FULL,SKIPPED,INSUFFICIENT_10H_TRADABLE_ROWS,420,7.0,,,,,,,,
MSTRUSDT-O-20260401T200000Z,MSTRUSDT,CRYPTO_SENSITIVE_EQUITY,O,,O:2026-04-01T20:00:00Z:2026-04-02T06:00:00Z,2026-04,RESEARCH_DEVELOPMENT,O_FULL,SKIPPED,INSUFFICIENT_10H_TRADABLE_ROWS,420,7.0,,,,,,,,
MSTRUSDT-nyse_20260402T200000Z,MSTRUSDT,CRYPTO_SENSITIVE_EQUITY,W,,W:2026-04-02T20:00:00Z:2026-04-06T06:00:00Z,2026-04,RESEARCH_DEVELOPMENT,W_HEAD_10H,READY,,600,10.0,0.008788058346202063,0.002779028058445106,0.01349163518618469,1.7,0.0018700000000000001,0.03166666666666667,1052.3,527.6
MSTRUSDT-nyse_20260402T200000Z,MSTRUSDT,CRYPTO_SENSITIVE_EQUITY,W,,W:2026-04-02T20:00:00Z:2026-04-06T06:00:00Z,2026-04,RESEARCH_DEVELOPMENT,W_TAIL_10H,READY,,600,10.0,0.017381907440200697,0.00549664175892612,0.08502269288956095,3.9,0.00429,0.021666666666666667,4258.8,2091.2
MSTRUSDT-O-20260406T200000Z,MSTRUSDT,CRYPTO_SENSITIVE_EQUITY,O,,O:2026-04-06T20:00:00Z:2026-04-07T06:00:00Z,2026-04,RESEARCH_DEVELOPMENT,O_FULL,SKIPPED,INSUFFICIENT_10H_TRADABLE_ROWS,420,7.0,,,,,,,,
MSTRUSDT-O-20260407T200000Z,MSTRUSDT,CRYPTO_SENSITIVE_EQUITY,O,,O:2026-04-07T20:00:00Z:2026-04-08T06:00:00Z,2026-04,RESEARCH_DEVELOPMENT,O_FULL,SKIPPED,INSUFFICIENT_10H_TRADABLE_ROWS,420,7.0,,,,,,,,
MSTRUSDT-O-20260408T200000Z,MSTRUSDT,CRYPTO_SENSITIVE_EQUITY,O,,O:2026-04-08T20:00:00Z:2026-04-09T06:00:00Z,2026-04,RESEARCH_DEVELOPMENT,O_FULL,SKIPPED,INSUFFICIENT_10H_TRADABLE_ROWS,420,7.0,,,,,,,,
MSTRUSDT-O-20260409T200000Z,MSTRUSDT,CRYPTO_SENSITIVE_EQUITY,O,,O:2026-04-09T20:00:00Z:2026-04-10T06:00:00Z,2026-04,RESEARCH_DEVELOPMENT,O_FULL,SKIPPED,INSUFFICIENT_10H_TRADABLE_ROWS,420,7.0,,,,,,,,
MSTRUSDT-nyse_20260410T200000Z,MSTRUSDT,CRYPTO_SENSITIVE_EQUITY,W,,W:2026-04-10T20:00:00Z:2026-04-13T06:00:00Z,2026-04,RESEARCH_DEVELOPMENT,W_HEAD_10H,READY,,600,10.0,0.004328383119743628,0.0013687549244215192,0.018181818181817806,0.4,0.00044000000000000007,0.13333333333333333,523.0,240.2
MSTRUSDT-nyse_20260410T200000Z,MSTRUSDT,CRYPTO_SENSITIVE_EQUITY,W,,W:2026-04-10T20:00:00Z:2026-04-13T06:00:00Z,2026-04,RESEARCH_DEVELOPMENT,W_TAIL_10H,READY,,600,10.0,0.02086797055633365,0.00659903171033454,0.06991458399240727,4.7,0.00517,0.0,4046.1,2072.3
MSTRUSDT-O-20260413T200000Z,MSTRUSDT,CRYPTO_SENSITIVE_EQUITY,O,,O:2026-04-13T20:00:00Z:2026-04-14T06:00:00Z,2026-04,RESEARCH_DEVELOPMENT,O_FULL,SKIPPED,INSUFFICIENT_10H_TRADABLE_ROWS,420,7.0,,,,,,,,
MSTRUSDT-O-20260414T200000Z,MSTRUSDT,CRYPTO_SENSITIVE_EQUITY,O,,O:2026-04-14T20:00:00Z:2026-04-15T06:00:00Z,2026-04,RESEARCH_DEVELOPMENT,O_FULL,SKIPPED,INSUFFICIENT_10H_TRADABLE_ROWS,420,7.0,,,,,,,,
MSTRUSDT-O-20260415T200000Z,MSTRUSDT,CRYPTO_SENSITIVE_EQUITY,O,,O:2026-04-15T20:00:00Z:2026-04-16T06:00:00Z,2026-04,RESEARCH_DEVELOPMENT,O_FULL,SKIPPED,INSUFFICIENT_10H_TRADABLE_ROWS,420,7.0,,,,,,,,
MSTRUSDT-O-20260416T200000Z,MSTRUSDT,CRYPTO_SENSITIVE_EQUITY,O,,O:2026-04-16T20:00:00Z:2026-04-17T06:00:00Z,2026-04,RESEARCH_DEVELOPMENT,O_FULL,SKIPPED,INSUFFICIENT_10H_TRADABLE_ROWS,420,7.0,,,,,,,,
MSTRUSDT-nyse_20260417T200000Z,MSTRUSDT,CRYPTO_SENSITIVE_EQUITY,W,,W:2026-04-17T20:00:00Z:2026-04-20T06:00:00Z,2026-04,RESEARCH_DEVELOPMENT,W_HEAD_10H,READY,,600,10.0,0.006298211115384802,0.001991669230920553,0.0647130647130651,0.9,0.00099,0.02,1310.4,636.7
MSTRUSDT-nyse_20260417T200000Z,MSTRUSDT,CRYPTO_SENSITIVE_EQUITY,W,,W:2026-04-17T20:00:00Z:2026-04-20T06:00:00Z,2026-04,RESEARCH_DEVELOPMENT,W_TAIL_10H,READY,,600,10.0,0.04764066766279374,0.015065301906555877,0.07240965462061633,4.8,0.00528,0.0,8249.0,4240.9
MSTRUSDT-O-20260420T200000Z,MSTRUSDT,CRYPTO_SENSITIVE_EQUITY,O,,O:2026-04-20T20:00:00Z:2026-04-21T06:00:00Z,2026-04,RESEARCH_DEVELOPMENT,O_FULL,SKIPPED,INSUFFICIENT_10H_TRADABLE_ROWS,420,7.0,,,,,,,,
MSTRUSDT-O-20260421T200000Z,MSTRUSDT,CRYPTO_SENSITIVE_EQUITY,O,,O:2026-04-21T20:00:00Z:2026-04-22T06:00:00Z,2026-04,RESEARCH_DEVELOPMENT,O_FULL,SKIPPED,INSUFFICIENT_10H_TRADABLE_ROWS,420,7.0,,,,,,,,
MSTRUSDT-O-20260422T200000Z,MSTRUSDT,CRYPTO_SENSITIVE_EQUITY,O,,O:2026-04-22T20:00:00Z:2026-04-23T06:00:00Z,2026-04,RESEARCH_DEVELOPMENT,O_FULL,SKIPPED,INSUFFICIENT_10H_TRADABLE_ROWS,420,7.0,,,,,,,,
MSTRUSDT-O-20260423T200000Z,MSTRUSDT,CRYPTO_SENSITIVE_EQUITY,O,,O:2026-04-23T20:00:00Z:2026-04-24T06:00:00Z,2026-04,RESEARCH_DEVELOPMENT,O_FULL,SKIPPED,INSUFFICIENT_10H_TRADABLE_ROWS,420,7.0,,,,,,,,
MSTRUSDT-nyse_20260424T200000Z,MSTRUSDT,CRYPTO_SENSITIVE_EQUITY,W,,W:2026-04-24T20:00:00Z:2026-04-27T06:00:00Z,2026-04,RESEARCH_DEVELOPMENT,W_HEAD_10H,READY,,600,10.0,0.003748079702964344,0.001185246871321468,0.04219823356231762,0.3,0.00033,0.0,771.2,422.4
MSTRUSDT-nyse_20260424T200000Z,MSTRUSDT,CRYPTO_SENSITIVE_EQUITY,W,,W:2026-04-24T20:00:00Z:2026-04-27T06:00:00Z,2026-04,RESEARCH_DEVELOPMENT,W_TAIL_10H,READY,,600,10.0,0.021548633313529908,0.006814276173453575,0.008683570684265372,4.1,0.00451,0.0,5317.7,2784.6
MSTRUSDT-O-20260427T200000Z,MSTRUSDT,CRYPTO_SENSITIVE_EQUITY,O,,O:2026-04-27T20:00:00Z:2026-04-28T06:00:00Z,2026-04,RESEARCH_DEVELOPMENT,O_FULL,SKIPPED,INSUFFICIENT_10H_TRADABLE_ROWS,420,7.0,,,,,,,,
MSTRUSDT-O-20260428T200000Z,MSTRUSDT,CRYPTO_SENSITIVE_EQUITY,O,,O:2026-04-28T20:00:00Z:2026-04-29T06:00:00Z,2026-04,RESEARCH_DEVELOPMENT,O_FULL,SKIPPED,INSUFFICIENT_10H_TRADABLE_ROWS,420,7.0,,,,,,,,
MSTRUSDT-O-20260429T200000Z,MSTRUSDT,CRYPTO_SENSITIVE_EQUITY,O,,O:2026-04-29T20:00:00Z:2026-04-30T06:00:00Z,2026-04,RESEARCH_DEVELOPMENT,O_FULL,SKIPPED,INSUFFICIENT_10H_TRADABLE_ROWS,420,7.0,,,,,,,,
MSTRUSDT-O-20260430T200000Z,MSTRUSDT,CRYPTO_SENSITIVE_EQUITY,O,,O:2026-04-30T20:00:00Z:2026-05-01T06:00:00Z,2026-04,RESEARCH_DEVELOPMENT,O_FULL,SKIPPED,INSUFFICIENT_10H_TRADABLE_ROWS,420,7.0,,,,,,,,
MSTRUSDT-nyse_20260501T200000Z,MSTRUSDT,CRYPTO_SENSITIVE_EQUITY,W,,W:2026-05-01T20:00:00Z:2026-05-04T06:00:00Z,2026-05,RESEARCH_DEVELOPMENT,W_HEAD_10H,READY,,600,10.0,0.004894688124038608,0.0015478362908138764,0.04648074369189725,0.6,0.00066,0.016666666666666666,957.6,590.2
MSTRUSDT-nyse_20260501T200000Z,MSTRUSDT,CRYPTO_SENSITIVE_EQUITY,W,,W:2026-05-01T20:00:00Z:2026-05-04T06:00:00Z,2026-05,RESEARCH_DEVELOPMENT,W_TAIL_10H,READY,,600,10.0,0.021698661572979304,0.006861719274778652,0.09486458487494394,5.3,0.00583,0.0,5190.0,3011.4
MSTRUSDT-O-20260504T200000Z,MSTRUSDT,CRYPTO_SENSITIVE_EQUITY,O,,O:2026-05-04T20:00:00Z:2026-05-05T06:00:00Z,2026-05,RESEARCH_DEVELOPMENT,O_FULL,SKIPPED,INSUFFICIENT_10H_TRADABLE_ROWS,420,7.0,,,,,,,,
MSTRUSDT-O-20260505T200000Z,MSTRUSDT,CRYPTO_SENSITIVE_EQUITY,O,,O:2026-05-05T20:00:00Z:2026-05-06T06:00:00Z,2026-05,RESEARCH_DEVELOPMENT,O_FULL,SKIPPED,INSUFFICIENT_10H_TRADABLE_ROWS,420,7.0,,,,,,,,
MSTRUSDT-O-20260506T200000Z,MSTRUSDT,CRYPTO_SENSITIVE_EQUITY,O,,O:2026-05-06T20:00:00Z:2026-05-07T06:00:00Z,2026-05,RESEARCH_DEVELOPMENT,O_FULL,SKIPPED,INSUFFICIENT_10H_TRADABLE_ROWS,420,7.0,,,,,,,,
MSTRUSDT-O-20260507T200000Z,MSTRUSDT,CRYPTO_SENSITIVE_EQUITY,O,,O:2026-05-07T20:00:00Z:2026-05-08T06:00:00Z,2026-05,RESEARCH_DEVELOPMENT,O_FULL,SKIPPED,INSUFFICIENT_10H_TRADABLE_ROWS,420,7.0,,,,,,,,
MSTRUSDT-nyse_20260508T200000Z,MSTRUSDT,CRYPTO_SENSITIVE_EQUITY,W,,W:2026-05-08T20:00:00Z:2026-05-11T06:00:00Z,2026-05,RESEARCH_DEVELOPMENT,W_HEAD_10H,READY,,600,10.0,0.004572170172643176,0.0014458471595437717,0.02435723951285627,0.6,0.00066,0.0,1444.1,732.4
MSTRUSDT-nyse_20260508T200000Z,MSTRUSDT,CRYPTO_SENSITIVE_EQUITY,W,,W:2026-05-08T20:00:00Z:2026-05-11T06:00:00Z,2026-05,RESEARCH_DEVELOPMENT,W_TAIL_10H,READY,,600,10.0,0.02646815678926784,0.008369966092053571,0.01847124192821723,4.8,0.00528,0.0,7106.4,3952.1
MSTRUSDT-O-20260511T200000Z,MSTRUSDT,CRYPTO_SENSITIVE_EQUITY,O,,O:2026-05-11T20:00:00Z:2026-05-12T06:00:00Z,2026-05,RESEARCH_DEVELOPMENT,O_FULL,SKIPPED,INSUFFICIENT_10H_TRADABLE_ROWS,420,7.0,,,,,,,,
MSTRUSDT-O-20260512T200000Z,MSTRUSDT,CRYPTO_SENSITIVE_EQUITY,O,,O:2026-05-12T20:00:00Z:2026-05-13T06:00:00Z,2026-05,RESEARCH_DEVELOPMENT,O_FULL,SKIPPED,INSUFFICIENT_10H_TRADABLE_ROWS,420,7.0,,,,,,,,
MSTRUSDT-O-20260513T200000Z,MSTRUSDT,CRYPTO_SENSITIVE_EQUITY,O,,O:2026-05-13T20:00:00Z:2026-05-14T06:00:00Z,2026-05,RESEARCH_DEVELOPMENT,O_FULL,SKIPPED,INSUFFICIENT_10H_TRADABLE_ROWS,420,7.0,,,,,,,,
MSTRUSDT-O-20260514T200000Z,MSTRUSDT,CRYPTO_SENSITIVE_EQUITY,O,,O:2026-05-14T20:00:00Z:2026-05-15T06:00:00Z,2026-05,RESEARCH_DEVELOPMENT,O_FULL,SKIPPED,INSUFFICIENT_10H_TRADABLE_ROWS,420,7.0,,,,,,,,
MSTRUSDT-nyse_20260515T200000Z,MSTRUSDT,CRYPTO_SENSITIVE_EQUITY,W,,W:2026-05-15T20:00:00Z:2026-05-18T06:00:00Z,2026-05,RESEARCH_DEVELOPMENT,W_HEAD_10H,READY,,600,10.0,0.009084728866552517,0.002872843514338583,0.10283275126115633,1.1,0.0012100000000000001,0.005,1893.0,940.3
MSTRUSDT-nyse_20260515T200000Z,MSTRUSDT,CRYPTO_SENSITIVE_EQUITY,W,,W:2026-05-15T20:00:00Z:2026-05-18T06:00:00Z,2026-05,RESEARCH_DEVELOPMENT,W_TAIL_10H,READY,,600,10.0,0.024554450964499014,0.007764799174273514,0.06501143417183904,5.2,0.00572,0.0033333333333333335,5408.6,2696.2
MSTRUSDT-O-20260518T200000Z,MSTRUSDT,CRYPTO_SENSITIVE_EQUITY,O,,O:2026-05-18T20:00:00Z:2026-05-19T06:00:00Z,2026-05,RESEARCH_DEVELOPMENT,O_FULL,SKIPPED,INSUFFICIENT_10H_TRADABLE_ROWS,420,7.0,,,,,,,,
MSTRUSDT-O-20260519T200000Z,MSTRUSDT,CRYPTO_SENSITIVE_EQUITY,O,,O:2026-05-19T20:00:00Z:2026-05-20T06:00:00Z,2026-05,RESEARCH_DEVELOPMENT,O_FULL,SKIPPED,INSUFFICIENT_10H_TRADABLE_ROWS,420,7.0,,,,,,,,
MSTRUSDT-O-20260520T200000Z,MSTRUSDT,CRYPTO_SENSITIVE_EQUITY,O,,O:2026-05-20T20:00:00Z:2026-05-21T06:00:00Z,2026-05,RESEARCH_DEVELOPMENT,O_FULL,SKIPPED,INSUFFICIENT_10H_TRADABLE_ROWS,420,7.0,,,,,,,,
MSTRUSDT-O-20260521T200000Z,MSTRUSDT,CRYPTO_SENSITIVE_EQUITY,O,,O:2026-05-21T20:00:00Z:2026-05-22T06:00:00Z,2026-05,RESEARCH_DEVELOPMENT,O_FULL,SKIPPED,INSUFFICIENT_10H_TRADABLE_ROWS,420,7.0,,,,,,,,
MSTRUSDT-nyse_20260522T200000Z,MSTRUSDT,CRYPTO_SENSITIVE_EQUITY,W,,W:2026-05-22T20:00:00Z:2026-05-26T06:00:00Z,2026-05,RESEARCH_DEVELOPMENT,W_HEAD_10H,READY,,600,10.0,0.01471384802393428,0.004652927290120002,0.14045354791514156,1.9,0.00209,0.0,3636.7,1650.6
MSTRUSDT-nyse_20260522T200000Z,MSTRUSDT,CRYPTO_SENSITIVE_EQUITY,W,,W:2026-05-22T20:00:00Z:2026-05-26T06:00:00Z,2026-05,RESEARCH_DEVELOPMENT,W_TAIL_10H,READY,,600,10.0,0.013464160286380172,0.00425774132865463,0.07098848111438556,3.1,0.0034100000000000003,0.0016666666666666668,2842.6,1348.1
MSTRUSDT-O-20260526T200000Z,MSTRUSDT,CRYPTO_SENSITIVE_EQUITY,O,,O:2026-05-26T20:00:00Z:2026-05-27T06:00:00Z,2026-05,RESEARCH_DEVELOPMENT,O_FULL,SKIPPED,INSUFFICIENT_10H_TRADABLE_ROWS,420,7.0,,,,,,,,
MSTRUSDT-O-20260527T200000Z,MSTRUSDT,CRYPTO_SENSITIVE_EQUITY,O,,O:2026-05-27T20:00:00Z:2026-05-28T06:00:00Z,2026-05,RESEARCH_DEVELOPMENT,O_FULL,SKIPPED,INSUFFICIENT_10H_TRADABLE_ROWS,420,7.0,,,,,,,,
MSTRUSDT-O-20260528T200000Z,MSTRUSDT,CRYPTO_SENSITIVE_EQUITY,O,,O:2026-05-28T20:00:00Z:2026-05-29T06:00:00Z,2026-05,RESEARCH_DEVELOPMENT,O_FULL,SKIPPED,INSUFFICIENT_10H_TRADABLE_ROWS,420,7.0,,,,,,,,
MSTRUSDT-nyse_20260529T200000Z,MSTRUSDT,CRYPTO_SENSITIVE_EQUITY,W,,W:2026-05-29T20:00:00Z:2026-06-01T06:00:00Z,2026-05,RESEARCH_DEVELOPMENT,W_HEAD_10H,READY,,600,10.0,0.007653906217490036,0.00242037766445926,0.010318949343339606,0.9,0.00099,0.0033333333333333335,1570.4,768.8
MSTRUSDT-nyse_20260529T200000Z,MSTRUSDT,CRYPTO_SENSITIVE_EQUITY,W,,W:2026-05-29T20:00:00Z:2026-06-01T06:00:00Z,2026-05,RESEARCH_DEVELOPMENT,W_TAIL_10H,READY,,600,10.0,0.014904574216289119,0.004713240207849271,0.0009216589861749318,4.7,0.00517,0.0,2445.0,1208.2
MSTRUSDT-O-20260601T200000Z,MSTRUSDT,CRYPTO_SENSITIVE_EQUITY,O,,O:2026-06-01T20:00:00Z:2026-06-02T06:00:00Z,2026-06,RESEARCH_VALIDATION_EXPOSED,O_FULL,SKIPPED,INSUFFICIENT_10H_TRADABLE_ROWS,420,7.0,,,,,,,,
MSTRUSDT-O-20260602T200000Z,MSTRUSDT,CRYPTO_SENSITIVE_EQUITY,O,,O:2026-06-02T20:00:00Z:2026-06-03T06:00:00Z,2026-06,RESEARCH_VALIDATION_EXPOSED,O_FULL,SKIPPED,INSUFFICIENT_10H_TRADABLE_ROWS,420,7.0,,,,,,,,
MSTRUSDT-O-20260603T200000Z,MSTRUSDT,CRYPTO_SENSITIVE_EQUITY,O,,O:2026-06-03T20:00:00Z:2026-06-04T06:00:00Z,2026-06,RESEARCH_VALIDATION_EXPOSED,O_FULL,SKIPPED,INSUFFICIENT_10H_TRADABLE_ROWS,420,7.0,,,,,,,,
MSTRUSDT-O-20260604T200000Z,MSTRUSDT,CRYPTO_SENSITIVE_EQUITY,O,,O:2026-06-04T20:00:00Z:2026-06-05T06:00:00Z,2026-06,RESEARCH_VALIDATION_EXPOSED,O_FULL,SKIPPED,INSUFFICIENT_10H_TRADABLE_ROWS,420,7.0,,,,,,,,
MSTRUSDT-nyse_20260605T200000Z,MSTRUSDT,CRYPTO_SENSITIVE_EQUITY,W,,W:2026-06-05T20:00:00Z:2026-06-08T06:00:00Z,2026-06,RESEARCH_VALIDATION_EXPOSED,W_HEAD_10H,READY,,600,10.0,0.030374141408471632,0.009605146882280514,0.03732057416267947,8.6,0.00946,0.0,9343.3,4570.8
MSTRUSDT-nyse_20260605T200000Z,MSTRUSDT,CRYPTO_SENSITIVE_EQUITY,W,,W:2026-06-05T20:00:00Z:2026-06-08T06:00:00Z,2026-06,RESEARCH_VALIDATION_EXPOSED,W_TAIL_10H,READY,,600,10.0,0.03365220115904681,0.010641760394074617,0.031179138321995314,8.5,0.00935,0.0,11971.8,5425.5
MSTRUSDT-O-20260608T200000Z,MSTRUSDT,CRYPTO_SENSITIVE_EQUITY,O,,O:2026-06-08T20:00:00Z:2026-06-09T06:00:00Z,2026-06,RESEARCH_VALIDATION_EXPOSED,O_FULL,SKIPPED,INSUFFICIENT_10H_TRADABLE_ROWS,420,7.0,,,,,,,,
MSTRUSDT-O-20260609T200000Z,MSTRUSDT,CRYPTO_SENSITIVE_EQUITY,O,,O:2026-06-09T20:00:00Z:2026-06-10T06:00:00Z,2026-06,RESEARCH_VALIDATION_EXPOSED,O_FULL,SKIPPED,INSUFFICIENT_10H_TRADABLE_ROWS,420,7.0,,,,,,,,
MSTRUSDT-O-20260610T200000Z,MSTRUSDT,CRYPTO_SENSITIVE_EQUITY,O,,O:2026-06-10T20:00:00Z:2026-06-11T06:00:00Z,2026-06,RESEARCH_VALIDATION_EXPOSED,O_FULL,SKIPPED,INSUFFICIENT_10H_TRADABLE_ROWS,420,7.0,,,,,,,,
MSTRUSDT-O-20260611T200000Z,MSTRUSDT,CRYPTO_SENSITIVE_EQUITY,O,,O:2026-06-11T20:00:00Z:2026-06-12T06:00:00Z,2026-06,RESEARCH_VALIDATION_EXPOSED,O_FULL,SKIPPED,INSUFFICIENT_10H_TRADABLE_ROWS,420,7.0,,,,,,,,
MSTRUSDT-nyse_20260612T200000Z,MSTRUSDT,CRYPTO_SENSITIVE_EQUITY,W,,W:2026-06-12T20:00:00Z:2026-06-15T06:00:00Z,2026-06,RESEARCH_VALIDATION_EXPOSED,W_HEAD_10H,READY,,600,10.0,0.010616107670746503,0.0033571080125143833,0.01062887511071713,2.6,0.00286,0.0016666666666666668,2237.3,947.9
MSTRUSDT-nyse_20260612T200000Z,MSTRUSDT,CRYPTO_SENSITIVE_EQUITY,W,,W:2026-06-12T20:00:00Z:2026-06-15T06:00:00Z,2026-06,RESEARCH_VALIDATION_EXPOSED,W_TAIL_10H,READY,,600,10.0,0.03026554016402596,0.009570804153362812,0.09935404490925907,8.6,0.00946,0.0033333333333333335,10524.6,4519.1
MSTRUSDT-O-20260615T200000Z,MSTRUSDT,CRYPTO_SENSITIVE_EQUITY,O,,O:2026-06-15T20:00:00Z:2026-06-16T06:00:00Z,2026-06,RESEARCH_VALIDATION_EXPOSED,O_FULL,SKIPPED,INSUFFICIENT_10H_TRADABLE_ROWS,420,7.0,,,,,,,,
MSTRUSDT-O-20260616T200000Z,MSTRUSDT,CRYPTO_SENSITIVE_EQUITY,O,,O:2026-06-16T20:00:00Z:2026-06-17T06:00:00Z,2026-06,RESEARCH_VALIDATION_EXPOSED,O_FULL,SKIPPED,INSUFFICIENT_10H_TRADABLE_ROWS,420,7.0,,,,,,,,
MSTRUSDT-O-20260617T200000Z,MSTRUSDT,CRYPTO_SENSITIVE_EQUITY,O,,O:2026-06-17T20:00:00Z:2026-06-18T06:00:00Z,2026-06,RESEARCH_VALIDATION_EXPOSED,O_FULL,SKIPPED,INSUFFICIENT_10H_TRADABLE_ROWS,420,7.0,,,,,,,,
MSTRUSDT-nyse_20260618T200000Z,MSTRUSDT,CRYPTO_SENSITIVE_EQUITY,W,,W:2026-06-18T20:00:00Z:2026-06-22T06:00:00Z,2026-06,RESEARCH_VALIDATION_EXPOSED,W_HEAD_10H,READY,,600,10.0,0.01835355591356338,0.005803903985011273,0.019696117051209903,5.4,0.005940000000000001,0.0,4320.2,1714.9
MSTRUSDT-nyse_20260618T200000Z,MSTRUSDT,CRYPTO_SENSITIVE_EQUITY,W,,W:2026-06-18T20:00:00Z:2026-06-22T06:00:00Z,2026-06,RESEARCH_VALIDATION_EXPOSED,W_TAIL_10H,READY,,600,10.0,0.02383750442829677,0.007538080772776769,0.06082097571459253,6.2,0.0068200000000000005,0.0,7494.3,2995.1
MSTRUSDT-O-20260622T200000Z,MSTRUSDT,CRYPTO_SENSITIVE_EQUITY,O,,O:2026-06-22T20:00:00Z:2026-06-23T06:00:00Z,2026-06,RESEARCH_VALIDATION_EXPOSED,O_FULL,SKIPPED,INSUFFICIENT_10H_TRADABLE_ROWS,420,7.0,,,,,,,,
MSTRUSDT-O-20260623T200000Z,MSTRUSDT,CRYPTO_SENSITIVE_EQUITY,O,,O:2026-06-23T20:00:00Z:2026-06-24T06:00:00Z,2026-06,RESEARCH_VALIDATION_EXPOSED,O_FULL,SKIPPED,INSUFFICIENT_10H_TRADABLE_ROWS,420,7.0,,,,,,,,
MSTRUSDT-O-20260624T200000Z,MSTRUSDT,CRYPTO_SENSITIVE_EQUITY,O,,O:2026-06-24T20:00:00Z:2026-06-25T06:00:00Z,2026-06,RESEARCH_VALIDATION_EXPOSED,O_FULL,SKIPPED,INSUFFICIENT_10H_TRADABLE_ROWS,420,7.0,,,,,,,,
MSTRUSDT-O-20260625T200000Z,MSTRUSDT,CRYPTO_SENSITIVE_EQUITY,O,,O:2026-06-25T20:00:00Z:2026-06-26T06:00:00Z,2026-06,RESEARCH_VALIDATION_EXPOSED,O_FULL,SKIPPED,INSUFFICIENT_10H_TRADABLE_ROWS,420,7.0,,,,,,,,
MSTRUSDT-nyse_20260626T200000Z,MSTRUSDT,CRYPTO_SENSITIVE_EQUITY,W,,W:2026-06-26T20:00:00Z:2026-06-29T06:00:00Z,2026-06,RESEARCH_VALIDATION_EXPOSED,W_HEAD_10H,READY,,600,10.0,0.016049851230759242,0.005075408599605592,0.05232797692624606,5.0,0.0055000000000000005,0.0,5883.8,2478.7
MSTRUSDT-nyse_20260626T200000Z,MSTRUSDT,CRYPTO_SENSITIVE_EQUITY,W,,W:2026-06-26T20:00:00Z:2026-06-29T06:00:00Z,2026-06,RESEARCH_VALIDATION_EXPOSED,W_TAIL_10H,READY,,600,10.0,0.04051668088096281,0.012812499481404,0.0323465987061362,8.8,0.009680000000000001,0.0,13685.1,4987.2
MSTRUSDT-O-20260629T200000Z,MSTRUSDT,CRYPTO_SENSITIVE_EQUITY,O,,O:2026-06-29T20:00:00Z:2026-06-30T06:00:00Z,2026-06,RESEARCH_VALIDATION_EXPOSED,O_FULL,SKIPPED,INSUFFICIENT_10H_TRADABLE_ROWS,420,7.0,,,,,,,,
MSTRUSDT-O-20260630T200000Z,MSTRUSDT,CRYPTO_SENSITIVE_EQUITY,O,,O:2026-06-30T20:00:00Z:2026-07-01T06:00:00Z,2026-06,RESEARCH_VALIDATION_EXPOSED,O_FULL,SKIPPED,INSUFFICIENT_10H_TRADABLE_ROWS,420,7.0,,,,,,,,
MSTRUSDT-O-20260701T200000Z,MSTRUSDT,CRYPTO_SENSITIVE_EQUITY,O,,O:2026-07-01T20:00:00Z:2026-07-02T06:00:00Z,2026-07,DESCRIPTIVE_EXPOSED,O_FULL,SKIPPED,INSUFFICIENT_10H_TRADABLE_ROWS,420,7.0,,,,,,,,
MSTRUSDT-nyse_20260702T200000Z,MSTRUSDT,CRYPTO_SENSITIVE_EQUITY,W,,W:2026-07-02T20:00:00Z:2026-07-06T06:00:00Z,2026-07,DESCRIPTIVE_EXPOSED,W_HEAD_10H,READY,,600,10.0,0.024507362736919454,0.007749908569260338,0.04585930543187913,8.2,0.00902,0.0,9954.7,3633.7
MSTRUSDT-nyse_20260702T200000Z,MSTRUSDT,CRYPTO_SENSITIVE_EQUITY,W,,W:2026-07-02T20:00:00Z:2026-07-06T06:00:00Z,2026-07,DESCRIPTIVE_EXPOSED,W_TAIL_10H,READY,,600,10.0,0.03139227134476131,0.009927107837548266,0.03957145325730092,10.0,0.011000000000000001,0.0,12045.5,4574.2
MSTRUSDT-O-20260706T200000Z,MSTRUSDT,CRYPTO_SENSITIVE_EQUITY,O,,O:2026-07-06T20:00:00Z:2026-07-07T06:00:00Z,2026-07,DESCRIPTIVE_EXPOSED,O_FULL,SKIPPED,INSUFFICIENT_10H_TRADABLE_ROWS,420,7.0,,,,,,,,
MSTRUSDT-O-20260707T200000Z,MSTRUSDT,CRYPTO_SENSITIVE_EQUITY,O,,O:2026-07-07T20:00:00Z:2026-07-08T06:00:00Z,2026-07,DESCRIPTIVE_EXPOSED,O_FULL,SKIPPED,INSUFFICIENT_10H_TRADABLE_ROWS,420,7.0,,,,,,,,
MSTRUSDT-O-20260708T200000Z,MSTRUSDT,CRYPTO_SENSITIVE_EQUITY,O,,O:2026-07-08T20:00:00Z:2026-07-09T06:00:00Z,2026-07,DESCRIPTIVE_EXPOSED,O_FULL,SKIPPED,INSUFFICIENT_10H_TRADABLE_ROWS,420,7.0,,,,,,,,
MSTRUSDT-O-20260709T200000Z,MSTRUSDT,CRYPTO_SENSITIVE_EQUITY,O,,O:2026-07-09T20:00:00Z:2026-07-10T06:00:00Z,2026-07,DESCRIPTIVE_EXPOSED,O_FULL,SKIPPED,INSUFFICIENT_10H_TRADABLE_ROWS,420,7.0,,,,,,,,
MSTRUSDT-nyse_20260710T200000Z,MSTRUSDT,CRYPTO_SENSITIVE_EQUITY,W,,W:2026-07-10T20:00:00Z:2026-07-13T06:00:00Z,2026-07,DESCRIPTIVE_EXPOSED,W_HEAD_10H,READY,,600,10.0,0.012660689612221528,0.0040036615923054,0.054511278195489336,3.7,0.004070000000000001,0.005,3599.6,1117.9
MSTRUSDT-nyse_20260710T200000Z,MSTRUSDT,CRYPTO_SENSITIVE_EQUITY,W,,W:2026-07-10T20:00:00Z:2026-07-13T06:00:00Z,2026-07,DESCRIPTIVE_EXPOSED,W_TAIL_10H,READY,,600,10.0,0.023633615526325567,0.007473605440790789,0.0765637165844795,6.9,0.007590000000000001,0.0016666666666666668,11883.6,3375.3
MSTRUSDT-O-20260713T200000Z,MSTRUSDT,CRYPTO_SENSITIVE_EQUITY,O,,O:2026-07-13T20:00:00Z:2026-07-14T06:00:00Z,2026-07,DESCRIPTIVE_EXPOSED,O_FULL,SKIPPED,INSUFFICIENT_10H_TRADABLE_ROWS,420,7.0,,,,,,,,
MSTRUSDT-O-20260714T200000Z,MSTRUSDT,CRYPTO_SENSITIVE_EQUITY,O,,O:2026-07-14T20:00:00Z:2026-07-15T06:00:00Z,2026-07,DESCRIPTIVE_EXPOSED,O_FULL,SKIPPED,INSUFFICIENT_10H_TRADABLE_ROWS,420,7.0,,,,,,,,
MSTRUSDT-O-20260715T200000Z,MSTRUSDT,CRYPTO_SENSITIVE_EQUITY,O,,O:2026-07-15T20:00:00Z:2026-07-16T06:00:00Z,2026-07,DESCRIPTIVE_EXPOSED,O_FULL,SKIPPED,INSUFFICIENT_10H_TRADABLE_ROWS,420,7.0,,,,,,,,
MSTRUSDT-O-20260716T200000Z,MSTRUSDT,CRYPTO_SENSITIVE_EQUITY,O,,O:2026-07-16T20:00:00Z:2026-07-17T06:00:00Z,2026-07,DESCRIPTIVE_EXPOSED,O_FULL,SKIPPED,INSUFFICIENT_10H_TRADABLE_ROWS,420,7.0,,,,,,,,
MSTRUSDT-nyse_20260717T200000Z,MSTRUSDT,CRYPTO_SENSITIVE_EQUITY,W,,W:2026-07-17T20:00:00Z:2026-07-20T06:00:00Z,2026-07,DESCRIPTIVE_EXPOSED,W_HEAD_10H,READY,,600,10.0,0.006627207628903587,0.0020957070634179268,0.004906771344455063,1.1,0.0012100000000000001,0.1,2476.0,668.2
MSTRUSDT-nyse_20260717T200000Z,MSTRUSDT,CRYPTO_SENSITIVE_EQUITY,W,,W:2026-07-17T20:00:00Z:2026-07-20T06:00:00Z,2026-07,DESCRIPTIVE_EXPOSED,W_TAIL_10H,READY,,600,10.0,0.01994271299319969,0.006306439578154506,0.006086427267194281,5.4,0.005940000000000001,0.005,10226.8,2922.0
MSTRUSDT-O-20260720T200000Z,MSTRUSDT,CRYPTO_SENSITIVE_EQUITY,O,,O:2026-07-20T20:00:00Z:2026-07-21T06:00:00Z,2026-07,DESCRIPTIVE_EXPOSED,O_FULL,SKIPPED,INSUFFICIENT_10H_TRADABLE_ROWS,420,7.0,,,,,,,,
MSTRUSDT-O-20260721T200000Z,MSTRUSDT,CRYPTO_SENSITIVE_EQUITY,O,,O:2026-07-21T20:00:00Z:2026-07-22T06:00:00Z,2026-07,DESCRIPTIVE_EXPOSED,O_FULL,SKIPPED,INSUFFICIENT_10H_TRADABLE_ROWS,420,7.0,,,,,,,,
MSTRUSDT-O-20260722T200000Z,MSTRUSDT,CRYPTO_SENSITIVE_EQUITY,O,,O:2026-07-22T20:00:00Z:2026-07-23T06:00:00Z,2026-07,DESCRIPTIVE_EXPOSED,O_FULL,SKIPPED,INSUFFICIENT_10H_TRADABLE_ROWS,420,7.0,,,,,,,,
MSTRUSDT-O-20260723T200000Z,MSTRUSDT,CRYPTO_SENSITIVE_EQUITY,O,,O:2026-07-23T20:00:00Z:2026-07-24T06:00:00Z,2026-07,DESCRIPTIVE_EXPOSED,O_FULL,SKIPPED,INSUFFICIENT_10H_TRADABLE_ROWS,60,1.0,,,,,,,,
PLTRUSDT-O-20260209T210000Z,PLTRUSDT,TRADITIONAL_EQUITY,O,,O:2026-02-09T21:00:00Z:2026-02-10T07:00:00Z,2026-02,DESCRIPTIVE_EXPOSED,O_FULL,SKIPPED,INSUFFICIENT_10H_TRADABLE_ROWS,240,4.0,,,,,,,,
PLTRUSDT-O-20260210T210000Z,PLTRUSDT,TRADITIONAL_EQUITY,O,,O:2026-02-10T21:00:00Z:2026-02-11T07:00:00Z,2026-02,DESCRIPTIVE_EXPOSED,O_FULL,SKIPPED,INSUFFICIENT_10H_TRADABLE_ROWS,420,7.0,,,,,,,,
PLTRUSDT-O-20260211T210000Z,PLTRUSDT,TRADITIONAL_EQUITY,O,,O:2026-02-11T21:00:00Z:2026-02-12T07:00:00Z,2026-02,DESCRIPTIVE_EXPOSED,O_FULL,SKIPPED,INSUFFICIENT_10H_TRADABLE_ROWS,420,7.0,,,,,,,,
PLTRUSDT-O-20260212T210000Z,PLTRUSDT,TRADITIONAL_EQUITY,O,,O:2026-02-12T21:00:00Z:2026-02-13T07:00:00Z,2026-02,DESCRIPTIVE_EXPOSED,O_FULL,SKIPPED,INSUFFICIENT_10H_TRADABLE_ROWS,420,7.0,,,,,,,,
PLTRUSDT-nyse_20260213T210000Z,PLTRUSDT,TRADITIONAL_EQUITY,W,,W:2026-02-13T21:00:00Z:2026-02-17T07:00:00Z,2026-02,DESCRIPTIVE_EXPOSED,W_HEAD_10H,READY,,600,10.0,0.007144023849920991,0.002259138702431525,0.0009285051067772493,1.3,0.00143,0.5766666666666667,123.0,81.6
PLTRUSDT-nyse_20260213T210000Z,PLTRUSDT,TRADITIONAL_EQUITY,W,,W:2026-02-13T21:00:00Z:2026-02-17T07:00:00Z,2026-02,DESCRIPTIVE_EXPOSED,W_TAIL_10H,READY,,600,10.0,0.0219499705185004,0.006941190141200836,0.054247155332099284,6.1,0.00671,0.3983333333333333,182.3,135.7
PLTRUSDT-O-20260217T210000Z,PLTRUSDT,TRADITIONAL_EQUITY,O,,O:2026-02-17T21:00:00Z:2026-02-18T07:00:00Z,2026-02,DESCRIPTIVE_EXPOSED,O_FULL,SKIPPED,INSUFFICIENT_10H_TRADABLE_ROWS,420,7.0,,,,,,,,
PLTRUSDT-O-20260218T210000Z,PLTRUSDT,TRADITIONAL_EQUITY,O,,O:2026-02-18T21:00:00Z:2026-02-19T07:00:00Z,2026-02,DESCRIPTIVE_EXPOSED,O_FULL,SKIPPED,INSUFFICIENT_10H_TRADABLE_ROWS,420,7.0,,,,,,,,
PLTRUSDT-O-20260219T210000Z,PLTRUSDT,TRADITIONAL_EQUITY,O,,O:2026-02-19T21:00:00Z:2026-02-20T07:00:00Z,2026-02,DESCRIPTIVE_EXPOSED,O_FULL,SKIPPED,INSUFFICIENT_10H_TRADABLE_ROWS,420,7.0,,,,,,,,
PLTRUSDT-nyse_20260220T210000Z,PLTRUSDT,TRADITIONAL_EQUITY,W,,W:2026-02-20T21:00:00Z:2026-02-23T07:00:00Z,2026-02,DESCRIPTIVE_EXPOSED,W_HEAD_10H,READY,,600,10.0,0.006337857312691772,0.0020042064593259992,0.026190476190474973,0.4,0.00044000000000000007,0.6683333333333333,72.7,55.0
PLTRUSDT-nyse_20260220T210000Z,PLTRUSDT,TRADITIONAL_EQUITY,W,,W:2026-02-20T21:00:00Z:2026-02-23T07:00:00Z,2026-02,DESCRIPTIVE_EXPOSED,W_TAIL_10H,READY,,600,10.0,0.02047467537203703,0.006474660852819241,0.04592422502870318,4.7,0.00517,0.41,204.7,151.0
PLTRUSDT-O-20260223T210000Z,PLTRUSDT,TRADITIONAL_EQUITY,O,,O:2026-02-23T21:00:00Z:2026-02-24T07:00:00Z,2026-02,DESCRIPTIVE_EXPOSED,O_FULL,SKIPPED,INSUFFICIENT_10H_TRADABLE_ROWS,420,7.0,,,,,,,,
PLTRUSDT-O-20260224T210000Z,PLTRUSDT,TRADITIONAL_EQUITY,O,,O:2026-02-24T21:00:00Z:2026-02-25T07:00:00Z,2026-02,DESCRIPTIVE_EXPOSED,O_FULL,SKIPPED,INSUFFICIENT_10H_TRADABLE_ROWS,420,7.0,,,,,,,,
PLTRUSDT-O-20260225T210000Z,PLTRUSDT,TRADITIONAL_EQUITY,O,,O:2026-02-25T21:00:00Z:2026-02-26T07:00:00Z,2026-02,DESCRIPTIVE_EXPOSED,O_FULL,SKIPPED,INSUFFICIENT_10H_TRADABLE_ROWS,420,7.0,,,,,,,,
PLTRUSDT-O-20260226T210000Z,PLTRUSDT,TRADITIONAL_EQUITY,O,,O:2026-02-26T21:00:00Z:2026-02-27T07:00:00Z,2026-02,DESCRIPTIVE_EXPOSED,O_FULL,SKIPPED,INSUFFICIENT_10H_TRADABLE_ROWS,420,7.0,,,,,,,,
PLTRUSDT-nyse_20260227T210000Z,PLTRUSDT,TRADITIONAL_EQUITY,W,,W:2026-02-27T21:00:00Z:2026-03-02T07:00:00Z,2026-02,DESCRIPTIVE_EXPOSED,W_HEAD_10H,READY,,600,10.0,0.008413055918447654,0.0026604418784654383,0.02337662337662421,0.5,0.00055,0.19666666666666666,389.1,247.6
PLTRUSDT-nyse_20260227T210000Z,PLTRUSDT,TRADITIONAL_EQUITY,W,,W:2026-02-27T21:00:00Z:2026-03-02T07:00:00Z,2026-02,DESCRIPTIVE_EXPOSED,W_TAIL_10H,READY,,600,10.0,0.04526392427845758,0.014313709655731954,0.04202334630350179,9.0,0.0099,0.08,1491.6,981.4
PLTRUSDT-O-20260302T210000Z,PLTRUSDT,TRADITIONAL_EQUITY,O,,O:2026-03-02T21:00:00Z:2026-03-03T07:00:00Z,2026-03,RESEARCH_DEVELOPMENT,O_FULL,SKIPPED,INSUFFICIENT_10H_TRADABLE_ROWS,420,7.0,,,,,,,,
PLTRUSDT-O-20260303T210000Z,PLTRUSDT,TRADITIONAL_EQUITY,O,,O:2026-03-03T21:00:00Z:2026-03-04T07:00:00Z,2026-03,RESEARCH_DEVELOPMENT,O_FULL,SKIPPED,INSUFFICIENT_10H_TRADABLE_ROWS,420,7.0,,,,,,,,
PLTRUSDT-O-20260304T210000Z,PLTRUSDT,TRADITIONAL_EQUITY,O,,O:2026-03-04T21:00:00Z:2026-03-05T07:00:00Z,2026-03,RESEARCH_DEVELOPMENT,O_FULL,SKIPPED,INSUFFICIENT_10H_TRADABLE_ROWS,420,7.0,,,,,,,,
PLTRUSDT-O-20260305T210000Z,PLTRUSDT,TRADITIONAL_EQUITY,O,,O:2026-03-05T21:00:00Z:2026-03-06T07:00:00Z,2026-03,RESEARCH_DEVELOPMENT,O_FULL,SKIPPED,INSUFFICIENT_10H_TRADABLE_ROWS,420,7.0,,,,,,,,
PLTRUSDT-nyse_20260306T210000Z,PLTRUSDT,TRADITIONAL_EQUITY,W,,W:2026-03-06T21:00:00Z:2026-03-09T06:00:00Z,2026-03,RESEARCH_DEVELOPMENT,W_HEAD_10H,READY,,600,10.0,0.006170611947872241,0.0019513188312324475,0.021739130434783902,1.1,0.0012100000000000001,0.225,310.6,194.8
PLTRUSDT-nyse_20260306T210000Z,PLTRUSDT,TRADITIONAL_EQUITY,W,,W:2026-03-06T21:00:00Z:2026-03-09T06:00:00Z,2026-03,RESEARCH_DEVELOPMENT,W_TAIL_10H,READY,,600,10.0,0.026271016384531394,0.00830762482227211,0.04355461889708484,5.9,0.006490000000000001,0.07,1976.8,1276.0
PLTRUSDT-O-20260309T200000Z,PLTRUSDT,TRADITIONAL_EQUITY,O,,O:2026-03-09T20:00:00Z:2026-03-10T06:00:00Z,2026-03,RESEARCH_DEVELOPMENT,O_FULL,SKIPPED,INSUFFICIENT_10H_TRADABLE_ROWS,420,7.0,,,,,,,,
PLTRUSDT-O-20260310T200000Z,PLTRUSDT,TRADITIONAL_EQUITY,O,,O:2026-03-10T20:00:00Z:2026-03-11T06:00:00Z,2026-03,RESEARCH_DEVELOPMENT,O_FULL,SKIPPED,INSUFFICIENT_10H_TRADABLE_ROWS,420,7.0,,,,,,,,
PLTRUSDT-O-20260311T200000Z,PLTRUSDT,TRADITIONAL_EQUITY,O,,O:2026-03-11T20:00:00Z:2026-03-12T06:00:00Z,2026-03,RESEARCH_DEVELOPMENT,O_FULL,SKIPPED,INSUFFICIENT_10H_TRADABLE_ROWS,420,7.0,,,,,,,,
PLTRUSDT-O-20260312T200000Z,PLTRUSDT,TRADITIONAL_EQUITY,O,,O:2026-03-12T20:00:00Z:2026-03-13T06:00:00Z,2026-03,RESEARCH_DEVELOPMENT,O_FULL,SKIPPED,INSUFFICIENT_10H_TRADABLE_ROWS,420,7.0,,,,,,,,
PLTRUSDT-nyse_20260313T200000Z,PLTRUSDT,TRADITIONAL_EQUITY,W,,W:2026-03-13T20:00:00Z:2026-03-16T06:00:00Z,2026-03,RESEARCH_DEVELOPMENT,W_HEAD_10H,READY,,600,10.0,0.006860097925034819,0.002169353441490506,0.0025873221216036048,1.9,0.00209,0.27,268.9,165.3
PLTRUSDT-nyse_20260313T200000Z,PLTRUSDT,TRADITIONAL_EQUITY,W,,W:2026-03-13T20:00:00Z:2026-03-16T06:00:00Z,2026-03,RESEARCH_DEVELOPMENT,W_TAIL_10H,READY,,600,10.0,0.011340338009502982,0.003586129754620963,0.022310756972111774,2.9,0.00319,0.15,597.1,383.5
PLTRUSDT-O-20260316T200000Z,PLTRUSDT,TRADITIONAL_EQUITY,O,,O:2026-03-16T20:00:00Z:2026-03-17T06:00:00Z,2026-03,RESEARCH_DEVELOPMENT,O_FULL,SKIPPED,INSUFFICIENT_10H_TRADABLE_ROWS,420,7.0,,,,,,,,
PLTRUSDT-O-20260317T200000Z,PLTRUSDT,TRADITIONAL_EQUITY,O,,O:2026-03-17T20:00:00Z:2026-03-18T06:00:00Z,2026-03,RESEARCH_DEVELOPMENT,O_FULL,SKIPPED,INSUFFICIENT_10H_TRADABLE_ROWS,420,7.0,,,,,,,,
PLTRUSDT-O-20260318T200000Z,PLTRUSDT,TRADITIONAL_EQUITY,O,,O:2026-03-18T20:00:00Z:2026-03-19T06:00:00Z,2026-03,RESEARCH_DEVELOPMENT,O_FULL,SKIPPED,INSUFFICIENT_10H_TRADABLE_ROWS,420,7.0,,,,,,,,
PLTRUSDT-O-20260319T200000Z,PLTRUSDT,TRADITIONAL_EQUITY,O,,O:2026-03-19T20:00:00Z:2026-03-20T06:00:00Z,2026-03,RESEARCH_DEVELOPMENT,O_FULL,SKIPPED,INSUFFICIENT_10H_TRADABLE_ROWS,420,7.0,,,,,,,,
PLTRUSDT-nyse_20260320T200000Z,PLTRUSDT,TRADITIONAL_EQUITY,W,,W:2026-03-20T20:00:00Z:2026-03-23T06:00:00Z,2026-03,RESEARCH_DEVELOPMENT,W_HEAD_10H,READY,,600,10.0,0.007373688761506398,0.0023317651243546325,0.06341463414634164,0.8,0.0008800000000000001,0.36,408.5,237.6
PLTRUSDT-nyse_20260320T200000Z,PLTRUSDT,TRADITIONAL_EQUITY,W,,W:2026-03-20T20:00:00Z:2026-03-23T06:00:00Z,2026-03,RESEARCH_DEVELOPMENT,W_TAIL_10H,READY,,600,10.0,0.016141785538149288,0.005104480780251851,0.03923138510808626,3.3,0.00363,0.07166666666666667,976.5,637.0
PLTRUSDT-O-20260323T200000Z,PLTRUSDT,TRADITIONAL_EQUITY,O,,O:2026-03-23T20:00:00Z:2026-03-24T06:00:00Z,2026-03,RESEARCH_DEVELOPMENT,O_FULL,SKIPPED,INSUFFICIENT_10H_TRADABLE_ROWS,420,7.0,,,,,,,,
PLTRUSDT-O-20260324T200000Z,PLTRUSDT,TRADITIONAL_EQUITY,O,,O:2026-03-24T20:00:00Z:2026-03-25T06:00:00Z,2026-03,RESEARCH_DEVELOPMENT,O_FULL,SKIPPED,INSUFFICIENT_10H_TRADABLE_ROWS,420,7.0,,,,,,,,
PLTRUSDT-O-20260325T200000Z,PLTRUSDT,TRADITIONAL_EQUITY,O,,O:2026-03-25T20:00:00Z:2026-03-26T06:00:00Z,2026-03,RESEARCH_DEVELOPMENT,O_FULL,SKIPPED,INSUFFICIENT_10H_TRADABLE_ROWS,420,7.0,,,,,,,,
PLTRUSDT-O-20260326T200000Z,PLTRUSDT,TRADITIONAL_EQUITY,O,,O:2026-03-26T20:00:00Z:2026-03-27T06:00:00Z,2026-03,RESEARCH_DEVELOPMENT,O_FULL,SKIPPED,INSUFFICIENT_10H_TRADABLE_ROWS,420,7.0,,,,,,,,
PLTRUSDT-nyse_20260327T200000Z,PLTRUSDT,TRADITIONAL_EQUITY,W,,W:2026-03-27T20:00:00Z:2026-03-30T06:00:00Z,2026-03,RESEARCH_DEVELOPMENT,W_HEAD_10H,READY,,600,10.0,0.003679638512813444,0.0011636038666565152,0.09646302250803918,0.2,0.00022000000000000003,0.36833333333333335,280.9,144.7
PLTRUSDT-nyse_20260327T200000Z,PLTRUSDT,TRADITIONAL_EQUITY,W,,W:2026-03-27T20:00:00Z:2026-03-30T06:00:00Z,2026-03,RESEARCH_DEVELOPMENT,W_TAIL_10H,READY,,600,10.0,0.02058511516676334,0.006509584982384899,0.03312226010715982,4.7,0.00517,0.14666666666666667,865.3,594.3
PLTRUSDT-O-20260330T200000Z,PLTRUSDT,TRADITIONAL_EQUITY,O,,O:2026-03-30T20:00:00Z:2026-03-31T06:00:00Z,2026-03,RESEARCH_DEVELOPMENT,O_FULL,SKIPPED,INSUFFICIENT_10H_TRADABLE_ROWS,420,7.0,,,,,,,,
PLTRUSDT-O-20260331T200000Z,PLTRUSDT,TRADITIONAL_EQUITY,O,,O:2026-03-31T20:00:00Z:2026-04-01T06:00:00Z,2026-03,RESEARCH_DEVELOPMENT,O_FULL,SKIPPED,INSUFFICIENT_10H_TRADABLE_ROWS,420,7.0,,,,,,,,
PLTRUSDT-O-20260401T200000Z,PLTRUSDT,TRADITIONAL_EQUITY,O,,O:2026-04-01T20:00:00Z:2026-04-02T06:00:00Z,2026-04,RESEARCH_DEVELOPMENT,O_FULL,SKIPPED,INSUFFICIENT_10H_TRADABLE_ROWS,420,7.0,,,,,,,,
PLTRUSDT-nyse_20260402T200000Z,PLTRUSDT,TRADITIONAL_EQUITY,W,,W:2026-04-02T20:00:00Z:2026-04-06T06:00:00Z,2026-04,RESEARCH_DEVELOPMENT,W_HEAD_10H,READY,,600,10.0,0.0038782854564073065,0.0012264215458552752,0.004329004329004542,0.1,0.00011000000000000002,0.42833333333333334,215.6,130.7
PLTRUSDT-nyse_20260402T200000Z,PLTRUSDT,TRADITIONAL_EQUITY,W,,W:2026-04-02T20:00:00Z:2026-04-06T06:00:00Z,2026-04,RESEARCH_DEVELOPMENT,W_TAIL_10H,READY,,600,10.0,0.012002567256877218,0.0037955450301091296,0.004885381435550392,2.1,0.0023100000000000004,0.16833333333333333,774.0,486.3
PLTRUSDT-O-20260406T200000Z,PLTRUSDT,TRADITIONAL_EQUITY,O,,O:2026-04-06T20:00:00Z:2026-04-07T06:00:00Z,2026-04,RESEARCH_DEVELOPMENT,O_FULL,SKIPPED,INSUFFICIENT_10H_TRADABLE_ROWS,420,7.0,,,,,,,,
PLTRUSDT-O-20260407T200000Z,PLTRUSDT,TRADITIONAL_EQUITY,O,,O:2026-04-07T20:00:00Z:2026-04-08T06:00:00Z,2026-04,RESEARCH_DEVELOPMENT,O_FULL,SKIPPED,INSUFFICIENT_10H_TRADABLE_ROWS,420,7.0,,,,,,,,
PLTRUSDT-O-20260408T200000Z,PLTRUSDT,TRADITIONAL_EQUITY,O,,O:2026-04-08T20:00:00Z:2026-04-09T06:00:00Z,2026-04,RESEARCH_DEVELOPMENT,O_FULL,SKIPPED,INSUFFICIENT_10H_TRADABLE_ROWS,420,7.0,,,,,,,,
PLTRUSDT-O-20260409T200000Z,PLTRUSDT,TRADITIONAL_EQUITY,O,,O:2026-04-09T20:00:00Z:2026-04-10T06:00:00Z,2026-04,RESEARCH_DEVELOPMENT,O_FULL,SKIPPED,INSUFFICIENT_10H_TRADABLE_ROWS,420,7.0,,,,,,,,
PLTRUSDT-nyse_20260410T200000Z,PLTRUSDT,TRADITIONAL_EQUITY,W,,W:2026-04-10T20:00:00Z:2026-04-13T06:00:00Z,2026-04,RESEARCH_DEVELOPMENT,W_HEAD_10H,READY,,600,10.0,0.008082749283586418,0.00255598974922273,0.012820512820510822,0.4,0.00044000000000000007,0.09,442.1,284.3
PLTRUSDT-nyse_20260410T200000Z,PLTRUSDT,TRADITIONAL_EQUITY,W,,W:2026-04-10T20:00:00Z:2026-04-13T06:00:00Z,2026-04,RESEARCH_DEVELOPMENT,W_TAIL_10H,READY,,600,10.0,0.027358762206078104,0.008651600253413976,0.019419503027771998,5.5,0.006050000000000001,0.028333333333333332,1284.9,852.8
PLTRUSDT-O-20260413T200000Z,PLTRUSDT,TRADITIONAL_EQUITY,O,,O:2026-04-13T20:00:00Z:2026-04-14T06:00:00Z,2026-04,RESEARCH_DEVELOPMENT,O_FULL,SKIPPED,INSUFFICIENT_10H_TRADABLE_ROWS,420,7.0,,,,,,,,
PLTRUSDT-O-20260414T200000Z,PLTRUSDT,TRADITIONAL_EQUITY,O,,O:2026-04-14T20:00:00Z:2026-04-15T06:00:00Z,2026-04,RESEARCH_DEVELOPMENT,O_FULL,SKIPPED,INSUFFICIENT_10H_TRADABLE_ROWS,420,7.0,,,,,,,,
PLTRUSDT-O-20260415T200000Z,PLTRUSDT,TRADITIONAL_EQUITY,O,,O:2026-04-15T20:00:00Z:2026-04-16T06:00:00Z,2026-04,RESEARCH_DEVELOPMENT,O_FULL,SKIPPED,INSUFFICIENT_10H_TRADABLE_ROWS,420,7.0,,,,,,,,
PLTRUSDT-O-20260416T200000Z,PLTRUSDT,TRADITIONAL_EQUITY,O,,O:2026-04-16T20:00:00Z:2026-04-17T06:00:00Z,2026-04,RESEARCH_DEVELOPMENT,O_FULL,SKIPPED,INSUFFICIENT_10H_TRADABLE_ROWS,420,7.0,,,,,,,,
PLTRUSDT-nyse_20260417T200000Z,PLTRUSDT,TRADITIONAL_EQUITY,W,,W:2026-04-17T20:00:00Z:2026-04-20T06:00:00Z,2026-04,RESEARCH_DEVELOPMENT,W_HEAD_10H,READY,,600,10.0,0.005956852801902968,0.0018837222540369174,0.01926444833625096,0.4,0.00044000000000000007,0.2866666666666667,440.5,263.3
PLTRUSDT-nyse_20260417T200000Z,PLTRUSDT,TRADITIONAL_EQUITY,W,,W:2026-04-17T20:00:00Z:2026-04-20T06:00:00Z,2026-04,RESEARCH_DEVELOPMENT,W_TAIL_10H,READY,,600,10.0,0.02653981036259148,0.00839262494147283,0.029544316474711636,3.6,0.00396,0.03833333333333333,921.2,604.3
PLTRUSDT-O-20260420T200000Z,PLTRUSDT,TRADITIONAL_EQUITY,O,,O:2026-04-20T20:00:00Z:2026-04-21T06:00:00Z,2026-04,RESEARCH_DEVELOPMENT,O_FULL,SKIPPED,INSUFFICIENT_10H_TRADABLE_ROWS,420,7.0,,,,,,,,
PLTRUSDT-O-20260421T200000Z,PLTRUSDT,TRADITIONAL_EQUITY,O,,O:2026-04-21T20:00:00Z:2026-04-22T06:00:00Z,2026-04,RESEARCH_DEVELOPMENT,O_FULL,SKIPPED,INSUFFICIENT_10H_TRADABLE_ROWS,420,7.0,,,,,,,,
PLTRUSDT-O-20260422T200000Z,PLTRUSDT,TRADITIONAL_EQUITY,O,,O:2026-04-22T20:00:00Z:2026-04-23T06:00:00Z,2026-04,RESEARCH_DEVELOPMENT,O_FULL,SKIPPED,INSUFFICIENT_10H_TRADABLE_ROWS,420,7.0,,,,,,,,
PLTRUSDT-O-20260423T200000Z,PLTRUSDT,TRADITIONAL_EQUITY,O,,O:2026-04-23T20:00:00Z:2026-04-24T06:00:00Z,2026-04,RESEARCH_DEVELOPMENT,O_FULL,SKIPPED,INSUFFICIENT_10H_TRADABLE_ROWS,420,7.0,,,,,,,,
PLTRUSDT-nyse_20260424T200000Z,PLTRUSDT,TRADITIONAL_EQUITY,W,,W:2026-04-24T20:00:00Z:2026-04-27T06:00:00Z,2026-04,RESEARCH_DEVELOPMENT,W_HEAD_10H,READY,,600,10.0,0.004909642213068459,0.0015525651889806032,0.03719912472647919,0.1,0.00011000000000000002,0.285,274.9,167.0
PLTRUSDT-nyse_20260424T200000Z,PLTRUSDT,TRADITIONAL_EQUITY,W,,W:2026-04-24T20:00:00Z:2026-04-27T06:00:00Z,2026-04,RESEARCH_DEVELOPMENT,W_TAIL_10H,READY,,600,10.0,0.012495191981334827,0.003951326646209019,0.042962962962961884,2.3,0.00253,0.028333333333333332,687.9,443.7
PLTRUSDT-O-20260427T200000Z,PLTRUSDT,TRADITIONAL_EQUITY,O,,O:2026-04-27T20:00:00Z:2026-04-28T06:00:00Z,2026-04,RESEARCH_DEVELOPMENT,O_FULL,SKIPPED,INSUFFICIENT_10H_TRADABLE_ROWS,420,7.0,,,,,,,,
PLTRUSDT-O-20260428T200000Z,PLTRUSDT,TRADITIONAL_EQUITY,O,,O:2026-04-28T20:00:00Z:2026-04-29T06:00:00Z,2026-04,RESEARCH_DEVELOPMENT,O_FULL,SKIPPED,INSUFFICIENT_10H_TRADABLE_ROWS,420,7.0,,,,,,,,
PLTRUSDT-O-20260429T200000Z,PLTRUSDT,TRADITIONAL_EQUITY,O,,O:2026-04-29T20:00:00Z:2026-04-30T06:00:00Z,2026-04,RESEARCH_DEVELOPMENT,O_FULL,SKIPPED,INSUFFICIENT_10H_TRADABLE_ROWS,420,7.0,,,,,,,,
PLTRUSDT-O-20260430T200000Z,PLTRUSDT,TRADITIONAL_EQUITY,O,,O:2026-04-30T20:00:00Z:2026-05-01T06:00:00Z,2026-04,RESEARCH_DEVELOPMENT,O_FULL,SKIPPED,INSUFFICIENT_10H_TRADABLE_ROWS,420,7.0,,,,,,,,
PLTRUSDT-nyse_20260501T200000Z,PLTRUSDT,TRADITIONAL_EQUITY,W,,W:2026-05-01T20:00:00Z:2026-05-04T06:00:00Z,2026-05,RESEARCH_DEVELOPMENT,W_HEAD_10H,READY,,600,10.0,0.005512152238336434,0.0017430955882738433,0.009560229445508833,0.0,0.0,0.2733333333333333,198.7,141.1
PLTRUSDT-nyse_20260501T200000Z,PLTRUSDT,TRADITIONAL_EQUITY,W,,W:2026-05-01T20:00:00Z:2026-05-04T06:00:00Z,2026-05,RESEARCH_DEVELOPMENT,W_TAIL_10H,READY,,600,10.0,0.017562814775814915,0.005553849681523463,0.03526448362720406,2.9,0.00319,0.03,885.5,528.4
PLTRUSDT-O-20260504T200000Z,PLTRUSDT,TRADITIONAL_EQUITY,O,,O:2026-05-04T20:00:00Z:2026-05-05T06:00:00Z,2026-05,RESEARCH_DEVELOPMENT,O_FULL,SKIPPED,INSUFFICIENT_10H_TRADABLE_ROWS,420,7.0,,,,,,,,
PLTRUSDT-O-20260505T200000Z,PLTRUSDT,TRADITIONAL_EQUITY,O,,O:2026-05-05T20:00:00Z:2026-05-06T06:00:00Z,2026-05,RESEARCH_DEVELOPMENT,O_FULL,SKIPPED,INSUFFICIENT_10H_TRADABLE_ROWS,420,7.0,,,,,,,,
PLTRUSDT-O-20260506T200000Z,PLTRUSDT,TRADITIONAL_EQUITY,O,,O:2026-05-06T20:00:00Z:2026-05-07T06:00:00Z,2026-05,RESEARCH_DEVELOPMENT,O_FULL,SKIPPED,INSUFFICIENT_10H_TRADABLE_ROWS,420,7.0,,,,,,,,
PLTRUSDT-O-20260507T200000Z,PLTRUSDT,TRADITIONAL_EQUITY,O,,O:2026-05-07T20:00:00Z:2026-05-08T06:00:00Z,2026-05,RESEARCH_DEVELOPMENT,O_FULL,SKIPPED,INSUFFICIENT_10H_TRADABLE_ROWS,420,7.0,,,,,,,,
PLTRUSDT-nyse_20260508T200000Z,PLTRUSDT,TRADITIONAL_EQUITY,W,,W:2026-05-08T20:00:00Z:2026-05-11T06:00:00Z,2026-05,RESEARCH_DEVELOPMENT,W_HEAD_10H,READY,,600,10.0,0.005642417892380031,0.0017842892050407722,0.006008583690986023,0.3,0.00033,0.165,350.9,224.3
PLTRUSDT-nyse_20260508T200000Z,PLTRUSDT,TRADITIONAL_EQUITY,W,,W:2026-05-08T20:00:00Z:2026-05-11T06:00:00Z,2026-05,RESEARCH_DEVELOPMENT,W_TAIL_10H,READY,,600,10.0,0.012800536011370805,0.004047884906693875,0.051667756703727835,3.0,0.0033,0.011666666666666667,880.5,564.2
PLTRUSDT-O-20260511T200000Z,PLTRUSDT,TRADITIONAL_EQUITY,O,,O:2026-05-11T20:00:00Z:2026-05-12T06:00:00Z,2026-05,RESEARCH_DEVELOPMENT,O_FULL,SKIPPED,INSUFFICIENT_10H_TRADABLE_ROWS,420,7.0,,,,,,,,
PLTRUSDT-O-20260512T200000Z,PLTRUSDT,TRADITIONAL_EQUITY,O,,O:2026-05-12T20:00:00Z:2026-05-13T06:00:00Z,2026-05,RESEARCH_DEVELOPMENT,O_FULL,SKIPPED,INSUFFICIENT_10H_TRADABLE_ROWS,420,7.0,,,,,,,,
PLTRUSDT-O-20260513T200000Z,PLTRUSDT,TRADITIONAL_EQUITY,O,,O:2026-05-13T20:00:00Z:2026-05-14T06:00:00Z,2026-05,RESEARCH_DEVELOPMENT,O_FULL,SKIPPED,INSUFFICIENT_10H_TRADABLE_ROWS,420,7.0,,,,,,,,
PLTRUSDT-O-20260514T200000Z,PLTRUSDT,TRADITIONAL_EQUITY,O,,O:2026-05-14T20:00:00Z:2026-05-15T06:00:00Z,2026-05,RESEARCH_DEVELOPMENT,O_FULL,SKIPPED,INSUFFICIENT_10H_TRADABLE_ROWS,420,7.0,,,,,,,,
PLTRUSDT-nyse_20260515T200000Z,PLTRUSDT,TRADITIONAL_EQUITY,W,,W:2026-05-15T20:00:00Z:2026-05-18T06:00:00Z,2026-05,RESEARCH_DEVELOPMENT,W_HEAD_10H,READY,,600,10.0,0.00640983581536513,0.0020269680604276317,0.03169572107765213,0.3,0.00033,0.11,674.9,362.1
PLTRUSDT-nyse_20260515T200000Z,PLTRUSDT,TRADITIONAL_EQUITY,W,,W:2026-05-15T20:00:00Z:2026-05-18T06:00:00Z,2026-05,RESEARCH_DEVELOPMENT,W_TAIL_10H,READY,,600,10.0,0.015544889889587373,0.004915725802761946,0.021914648212225763,4.0,0.0044,0.06666666666666667,1363.9,666.1
PLTRUSDT-O-20260518T200000Z,PLTRUSDT,TRADITIONAL_EQUITY,O,,O:2026-05-18T20:00:00Z:2026-05-19T06:00:00Z,2026-05,RESEARCH_DEVELOPMENT,O_FULL,SKIPPED,INSUFFICIENT_10H_TRADABLE_ROWS,420,7.0,,,,,,,,
PLTRUSDT-O-20260519T200000Z,PLTRUSDT,TRADITIONAL_EQUITY,O,,O:2026-05-19T20:00:00Z:2026-05-20T06:00:00Z,2026-05,RESEARCH_DEVELOPMENT,O_FULL,SKIPPED,INSUFFICIENT_10H_TRADABLE_ROWS,420,7.0,,,,,,,,
PLTRUSDT-O-20260520T200000Z,PLTRUSDT,TRADITIONAL_EQUITY,O,,O:2026-05-20T20:00:00Z:2026-05-21T06:00:00Z,2026-05,RESEARCH_DEVELOPMENT,O_FULL,SKIPPED,INSUFFICIENT_10H_TRADABLE_ROWS,420,7.0,,,,,,,,
PLTRUSDT-O-20260521T200000Z,PLTRUSDT,TRADITIONAL_EQUITY,O,,O:2026-05-21T20:00:00Z:2026-05-22T06:00:00Z,2026-05,RESEARCH_DEVELOPMENT,O_FULL,SKIPPED,INSUFFICIENT_10H_TRADABLE_ROWS,420,7.0,,,,,,,,
PLTRUSDT-nyse_20260522T200000Z,PLTRUSDT,TRADITIONAL_EQUITY,W,,W:2026-05-22T20:00:00Z:2026-05-26T06:00:00Z,2026-05,RESEARCH_DEVELOPMENT,W_HEAD_10H,READY,,600,10.0,0.006138157693235711,0.001941055894790996,0.058620689655172316,0.6,0.00066,0.285,441.2,215.7
PLTRUSDT-nyse_20260522T200000Z,PLTRUSDT,TRADITIONAL_EQUITY,W,,W:2026-05-22T20:00:00Z:2026-05-26T06:00:00Z,2026-05,RESEARCH_DEVELOPMENT,W_TAIL_10H,READY,,600,10.0,0.014315743241474575,0.004527035504122151,0.17905563347358386,1.8,0.00198,0.14666666666666667,891.1,408.0
PLTRUSDT-O-20260526T200000Z,PLTRUSDT,TRADITIONAL_EQUITY,O,,O:2026-05-26T20:00:00Z:2026-05-27T06:00:00Z,2026-05,RESEARCH_DEVELOPMENT,O_FULL,SKIPPED,INSUFFICIENT_10H_TRADABLE_ROWS,420,7.0,,,,,,,,
PLTRUSDT-O-20260527T200000Z,PLTRUSDT,TRADITIONAL_EQUITY,O,,O:2026-05-27T20:00:00Z:2026-05-28T06:00:00Z,2026-05,RESEARCH_DEVELOPMENT,O_FULL,SKIPPED,INSUFFICIENT_10H_TRADABLE_ROWS,420,7.0,,,,,,,,
PLTRUSDT-O-20260528T200000Z,PLTRUSDT,TRADITIONAL_EQUITY,O,,O:2026-05-28T20:00:00Z:2026-05-29T06:00:00Z,2026-05,RESEARCH_DEVELOPMENT,O_FULL,SKIPPED,INSUFFICIENT_10H_TRADABLE_ROWS,420,7.0,,,,,,,,
PLTRUSDT-nyse_20260529T200000Z,PLTRUSDT,TRADITIONAL_EQUITY,W,,W:2026-05-29T20:00:00Z:2026-06-01T06:00:00Z,2026-05,RESEARCH_DEVELOPMENT,W_HEAD_10H,READY,,600,10.0,0.005518556070365363,0.0017451206577702985,0.07480314960629827,0.7,0.00077,0.016666666666666666,930.8,443.6
PLTRUSDT-nyse_20260529T200000Z,PLTRUSDT,TRADITIONAL_EQUITY,W,,W:2026-05-29T20:00:00Z:2026-06-01T06:00:00Z,2026-05,RESEARCH_DEVELOPMENT,W_TAIL_10H,READY,,600,10.0,0.041065814188370964,0.012986150680451116,0.01194416462800374,5.4,0.005940000000000001,0.0016666666666666668,9034.9,4555.3
PLTRUSDT-O-20260601T200000Z,PLTRUSDT,TRADITIONAL_EQUITY,O,,O:2026-06-01T20:00:00Z:2026-06-02T06:00:00Z,2026-06,RESEARCH_VALIDATION_EXPOSED,O_FULL,SKIPPED,INSUFFICIENT_10H_TRADABLE_ROWS,420,7.0,,,,,,,,
PLTRUSDT-O-20260602T200000Z,PLTRUSDT,TRADITIONAL_EQUITY,O,,O:2026-06-02T20:00:00Z:2026-06-03T06:00:00Z,2026-06,RESEARCH_VALIDATION_EXPOSED,O_FULL,SKIPPED,INSUFFICIENT_10H_TRADABLE_ROWS,420,7.0,,,,,,,,
PLTRUSDT-O-20260603T200000Z,PLTRUSDT,TRADITIONAL_EQUITY,O,,O:2026-06-03T20:00:00Z:2026-06-04T06:00:00Z,2026-06,RESEARCH_VALIDATION_EXPOSED,O_FULL,SKIPPED,INSUFFICIENT_10H_TRADABLE_ROWS,420,7.0,,,,,,,,
PLTRUSDT-O-20260604T200000Z,PLTRUSDT,TRADITIONAL_EQUITY,O,,O:2026-06-04T20:00:00Z:2026-06-05T06:00:00Z,2026-06,RESEARCH_VALIDATION_EXPOSED,O_FULL,SKIPPED,INSUFFICIENT_10H_TRADABLE_ROWS,420,7.0,,,,,,,,
PLTRUSDT-nyse_20260605T200000Z,PLTRUSDT,TRADITIONAL_EQUITY,W,,W:2026-06-05T20:00:00Z:2026-06-08T06:00:00Z,2026-06,RESEARCH_VALIDATION_EXPOSED,W_HEAD_10H,READY,,600,10.0,0.013571802432937513,0.004291780764189715,0.07362599377808457,2.3,0.00253,0.0016666666666666668,2368.9,1075.4
PLTRUSDT-nyse_20260605T200000Z,PLTRUSDT,TRADITIONAL_EQUITY,W,,W:2026-06-05T20:00:00Z:2026-06-08T06:00:00Z,2026-06,RESEARCH_VALIDATION_EXPOSED,W_TAIL_10H,READY,,600,10.0,0.017626790670805588,0.005574080635875291,0.0032903062515817682,5.1,0.0056099999999999995,0.018333333333333333,2609.0,1214.5
PLTRUSDT-O-20260608T200000Z,PLTRUSDT,TRADITIONAL_EQUITY,O,,O:2026-06-08T20:00:00Z:2026-06-09T06:00:00Z,2026-06,RESEARCH_VALIDATION_EXPOSED,O_FULL,SKIPPED,INSUFFICIENT_10H_TRADABLE_ROWS,420,7.0,,,,,,,,
PLTRUSDT-O-20260609T200000Z,PLTRUSDT,TRADITIONAL_EQUITY,O,,O:2026-06-09T20:00:00Z:2026-06-10T06:00:00Z,2026-06,RESEARCH_VALIDATION_EXPOSED,O_FULL,SKIPPED,INSUFFICIENT_10H_TRADABLE_ROWS,420,7.0,,,,,,,,
PLTRUSDT-O-20260610T200000Z,PLTRUSDT,TRADITIONAL_EQUITY,O,,O:2026-06-10T20:00:00Z:2026-06-11T06:00:00Z,2026-06,RESEARCH_VALIDATION_EXPOSED,O_FULL,SKIPPED,INSUFFICIENT_10H_TRADABLE_ROWS,420,7.0,,,,,,,,
PLTRUSDT-O-20260611T200000Z,PLTRUSDT,TRADITIONAL_EQUITY,O,,O:2026-06-11T20:00:00Z:2026-06-12T06:00:00Z,2026-06,RESEARCH_VALIDATION_EXPOSED,O_FULL,SKIPPED,INSUFFICIENT_10H_TRADABLE_ROWS,420,7.0,,,,,,,,
PLTRUSDT-nyse_20260612T200000Z,PLTRUSDT,TRADITIONAL_EQUITY,W,,W:2026-06-12T20:00:00Z:2026-06-15T06:00:00Z,2026-06,RESEARCH_VALIDATION_EXPOSED,W_HEAD_10H,READY,,600,10.0,0.007011383457070654,0.002217194127316867,0.012232415902140454,1.2,0.00132,0.19833333333333333,445.3,248.8
PLTRUSDT-nyse_20260612T200000Z,PLTRUSDT,TRADITIONAL_EQUITY,W,,W:2026-06-12T20:00:00Z:2026-06-15T06:00:00Z,2026-06,RESEARCH_VALIDATION_EXPOSED,W_TAIL_10H,READY,,600,10.0,0.012993562269454535,0.004108925169070282,0.09166983643970883,2.7,0.0029700000000000004,0.10666666666666667,1104.2,489.0
PLTRUSDT-O-20260615T200000Z,PLTRUSDT,TRADITIONAL_EQUITY,O,,O:2026-06-15T20:00:00Z:2026-06-16T06:00:00Z,2026-06,RESEARCH_VALIDATION_EXPOSED,O_FULL,SKIPPED,INSUFFICIENT_10H_TRADABLE_ROWS,420,7.0,,,,,,,,
PLTRUSDT-O-20260616T200000Z,PLTRUSDT,TRADITIONAL_EQUITY,O,,O:2026-06-16T20:00:00Z:2026-06-17T06:00:00Z,2026-06,RESEARCH_VALIDATION_EXPOSED,O_FULL,SKIPPED,INSUFFICIENT_10H_TRADABLE_ROWS,420,7.0,,,,,,,,
PLTRUSDT-O-20260617T200000Z,PLTRUSDT,TRADITIONAL_EQUITY,O,,O:2026-06-17T20:00:00Z:2026-06-18T06:00:00Z,2026-06,RESEARCH_VALIDATION_EXPOSED,O_FULL,SKIPPED,INSUFFICIENT_10H_TRADABLE_ROWS,420,7.0,,,,,,,,
PLTRUSDT-nyse_20260618T200000Z,PLTRUSDT,TRADITIONAL_EQUITY,W,,W:2026-06-18T20:00:00Z:2026-06-22T06:00:00Z,2026-06,RESEARCH_VALIDATION_EXPOSED,W_HEAD_10H,READY,,600,10.0,0.00749880369383538,0.0023713299399003747,0.026499302649928943,1.4,0.00154,0.2,433.8,190.1
PLTRUSDT-nyse_20260618T200000Z,PLTRUSDT,TRADITIONAL_EQUITY,W,,W:2026-06-18T20:00:00Z:2026-06-22T06:00:00Z,2026-06,RESEARCH_VALIDATION_EXPOSED,W_TAIL_10H,READY,,600,10.0,0.014284755294215959,0.004517236254787111,0.06833407771326451,2.3,0.00253,0.24666666666666667,760.5,369.1
PLTRUSDT-O-20260622T200000Z,PLTRUSDT,TRADITIONAL_EQUITY,O,,O:2026-06-22T20:00:00Z:2026-06-23T06:00:00Z,2026-06,RESEARCH_VALIDATION_EXPOSED,O_FULL,SKIPPED,INSUFFICIENT_10H_TRADABLE_ROWS,420,7.0,,,,,,,,
PLTRUSDT-O-20260623T200000Z,PLTRUSDT,TRADITIONAL_EQUITY,O,,O:2026-06-23T20:00:00Z:2026-06-24T06:00:00Z,2026-06,RESEARCH_VALIDATION_EXPOSED,O_FULL,SKIPPED,INSUFFICIENT_10H_TRADABLE_ROWS,420,7.0,,,,,,,,
PLTRUSDT-O-20260624T200000Z,PLTRUSDT,TRADITIONAL_EQUITY,O,,O:2026-06-24T20:00:00Z:2026-06-25T06:00:00Z,2026-06,RESEARCH_VALIDATION_EXPOSED,O_FULL,SKIPPED,INSUFFICIENT_10H_TRADABLE_ROWS,420,7.0,,,,,,,,
PLTRUSDT-O-20260625T200000Z,PLTRUSDT,TRADITIONAL_EQUITY,O,,O:2026-06-25T20:00:00Z:2026-06-26T06:00:00Z,2026-06,RESEARCH_VALIDATION_EXPOSED,O_FULL,SKIPPED,INSUFFICIENT_10H_TRADABLE_ROWS,420,7.0,,,,,,,,
PLTRUSDT-nyse_20260626T200000Z,PLTRUSDT,TRADITIONAL_EQUITY,W,,W:2026-06-26T20:00:00Z:2026-06-29T06:00:00Z,2026-06,RESEARCH_VALIDATION_EXPOSED,W_HEAD_10H,READY,,600,10.0,0.005864282712211338,0.0018544490213737545,0.04077253218884049,0.7,0.00077,0.125,350.8,195.6
PLTRUSDT-nyse_20260626T200000Z,PLTRUSDT,TRADITIONAL_EQUITY,W,,W:2026-06-26T20:00:00Z:2026-06-29T06:00:00Z,2026-06,RESEARCH_VALIDATION_EXPOSED,W_TAIL_10H,READY,,600,10.0,0.012011700155278256,0.003798433106167748,0.08150317227915943,2.3,0.00253,0.13666666666666666,749.3,371.9
PLTRUSDT-O-20260629T200000Z,PLTRUSDT,TRADITIONAL_EQUITY,O,,O:2026-06-29T20:00:00Z:2026-06-30T06:00:00Z,2026-06,RESEARCH_VALIDATION_EXPOSED,O_FULL,SKIPPED,INSUFFICIENT_10H_TRADABLE_ROWS,420,7.0,,,,,,,,
PLTRUSDT-O-20260630T200000Z,PLTRUSDT,TRADITIONAL_EQUITY,O,,O:2026-06-30T20:00:00Z:2026-07-01T06:00:00Z,2026-06,RESEARCH_VALIDATION_EXPOSED,O_FULL,SKIPPED,INSUFFICIENT_10H_TRADABLE_ROWS,420,7.0,,,,,,,,
PLTRUSDT-O-20260701T200000Z,PLTRUSDT,TRADITIONAL_EQUITY,O,,O:2026-07-01T20:00:00Z:2026-07-02T06:00:00Z,2026-07,DESCRIPTIVE_EXPOSED,O_FULL,SKIPPED,INSUFFICIENT_10H_TRADABLE_ROWS,420,7.0,,,,,,,,
PLTRUSDT-nyse_20260702T200000Z,PLTRUSDT,TRADITIONAL_EQUITY,W,,W:2026-07-02T20:00:00Z:2026-07-06T06:00:00Z,2026-07,DESCRIPTIVE_EXPOSED,W_HEAD_10H,READY,,600,10.0,0.009217461477594755,0.0029148172514060515,0.03598580841358328,1.8,0.00198,0.08833333333333333,1067.1,487.1
PLTRUSDT-nyse_20260702T200000Z,PLTRUSDT,TRADITIONAL_EQUITY,W,,W:2026-07-02T20:00:00Z:2026-07-06T06:00:00Z,2026-07,DESCRIPTIVE_EXPOSED,W_TAIL_10H,READY,,600,10.0,0.01745939367083438,0.005521145056536476,0.07839046199702,3.2,0.0035200000000000006,0.11,2361.5,1026.4
PLTRUSDT-O-20260706T200000Z,PLTRUSDT,TRADITIONAL_EQUITY,O,,O:2026-07-06T20:00:00Z:2026-07-07T06:00:00Z,2026-07,DESCRIPTIVE_EXPOSED,O_FULL,SKIPPED,INSUFFICIENT_10H_TRADABLE_ROWS,420,7.0,,,,,,,,
PLTRUSDT-O-20260707T200000Z,PLTRUSDT,TRADITIONAL_EQUITY,O,,O:2026-07-07T20:00:00Z:2026-07-08T06:00:00Z,2026-07,DESCRIPTIVE_EXPOSED,O_FULL,SKIPPED,INSUFFICIENT_10H_TRADABLE_ROWS,420,7.0,,,,,,,,
PLTRUSDT-O-20260708T200000Z,PLTRUSDT,TRADITIONAL_EQUITY,O,,O:2026-07-08T20:00:00Z:2026-07-09T06:00:00Z,2026-07,DESCRIPTIVE_EXPOSED,O_FULL,SKIPPED,INSUFFICIENT_10H_TRADABLE_ROWS,420,7.0,,,,,,,,
PLTRUSDT-O-20260709T200000Z,PLTRUSDT,TRADITIONAL_EQUITY,O,,O:2026-07-09T20:00:00Z:2026-07-10T06:00:00Z,2026-07,DESCRIPTIVE_EXPOSED,O_FULL,SKIPPED,INSUFFICIENT_10H_TRADABLE_ROWS,420,7.0,,,,,,,,
PLTRUSDT-nyse_20260710T200000Z,PLTRUSDT,TRADITIONAL_EQUITY,W,,W:2026-07-10T20:00:00Z:2026-07-13T06:00:00Z,2026-07,DESCRIPTIVE_EXPOSED,W_HEAD_10H,READY,,600,10.0,0.005209711844388215,0.0016474555381423457,0.057553956834532925,0.4,0.00044000000000000007,0.38166666666666665,238.9,122.6
PLTRUSDT-nyse_20260710T200000Z,PLTRUSDT,TRADITIONAL_EQUITY,W,,W:2026-07-10T20:00:00Z:2026-07-13T06:00:00Z,2026-07,DESCRIPTIVE_EXPOSED,W_TAIL_10H,READY,,600,10.0,0.013671515484104507,0.004323312799602977,0.004325883201153239,3.1,0.0034100000000000003,0.16166666666666665,1284.7,533.3
PLTRUSDT-O-20260713T200000Z,PLTRUSDT,TRADITIONAL_EQUITY,O,,O:2026-07-13T20:00:00Z:2026-07-14T06:00:00Z,2026-07,DESCRIPTIVE_EXPOSED,O_FULL,SKIPPED,INSUFFICIENT_10H_TRADABLE_ROWS,420,7.0,,,,,,,,
PLTRUSDT-O-20260714T200000Z,PLTRUSDT,TRADITIONAL_EQUITY,O,,O:2026-07-14T20:00:00Z:2026-07-15T06:00:00Z,2026-07,DESCRIPTIVE_EXPOSED,O_FULL,SKIPPED,INSUFFICIENT_10H_TRADABLE_ROWS,420,7.0,,,,,,,,
PLTRUSDT-O-20260715T200000Z,PLTRUSDT,TRADITIONAL_EQUITY,O,,O:2026-07-15T20:00:00Z:2026-07-16T06:00:00Z,2026-07,DESCRIPTIVE_EXPOSED,O_FULL,SKIPPED,INSUFFICIENT_10H_TRADABLE_ROWS,420,7.0,,,,,,,,
PLTRUSDT-O-20260716T200000Z,PLTRUSDT,TRADITIONAL_EQUITY,O,,O:2026-07-16T20:00:00Z:2026-07-17T06:00:00Z,2026-07,DESCRIPTIVE_EXPOSED,O_FULL,SKIPPED,INSUFFICIENT_10H_TRADABLE_ROWS,420,7.0,,,,,,,,
PLTRUSDT-nyse_20260717T200000Z,PLTRUSDT,TRADITIONAL_EQUITY,W,,W:2026-07-17T20:00:00Z:2026-07-20T06:00:00Z,2026-07,DESCRIPTIVE_EXPOSED,W_HEAD_10H,READY,,600,10.0,0.004672347253618116,0.001477525934066565,0.027439024390243743,0.5,0.00055,0.585,175.9,73.9
PLTRUSDT-nyse_20260717T200000Z,PLTRUSDT,TRADITIONAL_EQUITY,W,,W:2026-07-17T20:00:00Z:2026-07-20T06:00:00Z,2026-07,DESCRIPTIVE_EXPOSED,W_TAIL_10H,READY,,600,10.0,0.008668825579163908,0.0027413233468886237,0.025504782146651847,1.1,0.0012100000000000001,0.20166666666666666,683.2,327.3
PLTRUSDT-O-20260720T200000Z,PLTRUSDT,TRADITIONAL_EQUITY,O,,O:2026-07-20T20:00:00Z:2026-07-21T06:00:00Z,2026-07,DESCRIPTIVE_EXPOSED,O_FULL,SKIPPED,INSUFFICIENT_10H_TRADABLE_ROWS,420,7.0,,,,,,,,
PLTRUSDT-O-20260721T200000Z,PLTRUSDT,TRADITIONAL_EQUITY,O,,O:2026-07-21T20:00:00Z:2026-07-22T06:00:00Z,2026-07,DESCRIPTIVE_EXPOSED,O_FULL,SKIPPED,INSUFFICIENT_10H_TRADABLE_ROWS,420,7.0,,,,,,,,
PLTRUSDT-O-20260722T200000Z,PLTRUSDT,TRADITIONAL_EQUITY,O,,O:2026-07-22T20:00:00Z:2026-07-23T06:00:00Z,2026-07,DESCRIPTIVE_EXPOSED,O_FULL,SKIPPED,INSUFFICIENT_10H_TRADABLE_ROWS,420,7.0,,,,,,,,
PLTRUSDT-O-20260723T200000Z,PLTRUSDT,TRADITIONAL_EQUITY,O,,O:2026-07-23T20:00:00Z:2026-07-24T06:00:00Z,2026-07,DESCRIPTIVE_EXPOSED,O_FULL,SKIPPED,INSUFFICIENT_10H_TRADABLE_ROWS,60,1.0,,,,,,,,
TSLAUSDT-O-20260128T210000Z,TSLAUSDT,TRADITIONAL_EQUITY,O,,O:2026-01-28T21:00:00Z:2026-01-29T07:00:00Z,2026-01,DESCRIPTIVE_EXPOSED,O_FULL,SKIPPED,INSUFFICIENT_10H_TRADABLE_ROWS,240,4.0,,,,,,,,
TSLAUSDT-O-20260129T210000Z,TSLAUSDT,TRADITIONAL_EQUITY,O,,O:2026-01-29T21:00:00Z:2026-01-30T07:00:00Z,2026-01,DESCRIPTIVE_EXPOSED,O_FULL,SKIPPED,INSUFFICIENT_10H_TRADABLE_ROWS,420,7.0,,,,,,,,
TSLAUSDT-nyse_20260130T210000Z,TSLAUSDT,TRADITIONAL_EQUITY,W,,W:2026-01-30T21:00:00Z:2026-02-02T07:00:00Z,2026-01,DESCRIPTIVE_EXPOSED,W_HEAD_10H,READY,,600,10.0,0.004959824548703241,0.0015684342368718972,0.0035068788778000307,0.1,0.00011000000000000002,0.0033333333333333335,1375.6,816.6
TSLAUSDT-nyse_20260130T210000Z,TSLAUSDT,TRADITIONAL_EQUITY,W,,W:2026-01-30T21:00:00Z:2026-02-02T07:00:00Z,2026-01,DESCRIPTIVE_EXPOSED,W_TAIL_10H,READY,,600,10.0,0.018568967517880102,0.005872023115418453,0.06981945997763206,4.3,0.00473,0.0,6191.7,3892.3
TSLAUSDT-O-20260202T210000Z,TSLAUSDT,TRADITIONAL_EQUITY,O,,O:2026-02-02T21:00:00Z:2026-02-03T07:00:00Z,2026-02,DESCRIPTIVE_EXPOSED,O_FULL,SKIPPED,INSUFFICIENT_10H_TRADABLE_ROWS,420,7.0,,,,,,,,
TSLAUSDT-O-20260203T210000Z,TSLAUSDT,TRADITIONAL_EQUITY,O,,O:2026-02-03T21:00:00Z:2026-02-04T07:00:00Z,2026-02,DESCRIPTIVE_EXPOSED,O_FULL,SKIPPED,INSUFFICIENT_10H_TRADABLE_ROWS,420,7.0,,,,,,,,
TSLAUSDT-O-20260204T210000Z,TSLAUSDT,TRADITIONAL_EQUITY,O,,O:2026-02-04T21:00:00Z:2026-02-05T07:00:00Z,2026-02,DESCRIPTIVE_EXPOSED,O_FULL,SKIPPED,INSUFFICIENT_10H_TRADABLE_ROWS,420,7.0,,,,,,,,
TSLAUSDT-O-20260205T210000Z,TSLAUSDT,TRADITIONAL_EQUITY,O,,O:2026-02-05T21:00:00Z:2026-02-06T07:00:00Z,2026-02,DESCRIPTIVE_EXPOSED,O_FULL,SKIPPED,INSUFFICIENT_10H_TRADABLE_ROWS,420,7.0,,,,,,,,
TSLAUSDT-nyse_20260206T210000Z,TSLAUSDT,TRADITIONAL_EQUITY,W,,W:2026-02-06T21:00:00Z:2026-02-09T07:00:00Z,2026-02,DESCRIPTIVE_EXPOSED,W_HEAD_10H,READY,,600,10.0,0.004369134573699146,0.0013816416656678104,0.020917889478614202,0.1,0.00011000000000000002,0.005,1340.5,757.3
TSLAUSDT-nyse_20260206T210000Z,TSLAUSDT,TRADITIONAL_EQUITY,W,,W:2026-02-06T21:00:00Z:2026-02-09T07:00:00Z,2026-02,DESCRIPTIVE_EXPOSED,W_TAIL_10H,READY,,600,10.0,0.009103789887860427,0.0028788711385247827,0.03465595178302332,1.7,0.0018700000000000001,0.015,1330.0,809.8
TSLAUSDT-O-20260209T210000Z,TSLAUSDT,TRADITIONAL_EQUITY,O,,O:2026-02-09T21:00:00Z:2026-02-10T07:00:00Z,2026-02,DESCRIPTIVE_EXPOSED,O_FULL,SKIPPED,INSUFFICIENT_10H_TRADABLE_ROWS,420,7.0,,,,,,,,
TSLAUSDT-O-20260210T210000Z,TSLAUSDT,TRADITIONAL_EQUITY,O,,O:2026-02-10T21:00:00Z:2026-02-11T07:00:00Z,2026-02,DESCRIPTIVE_EXPOSED,O_FULL,SKIPPED,INSUFFICIENT_10H_TRADABLE_ROWS,420,7.0,,,,,,,,
TSLAUSDT-O-20260211T210000Z,TSLAUSDT,TRADITIONAL_EQUITY,O,,O:2026-02-11T21:00:00Z:2026-02-12T07:00:00Z,2026-02,DESCRIPTIVE_EXPOSED,O_FULL,SKIPPED,INSUFFICIENT_10H_TRADABLE_ROWS,420,7.0,,,,,,,,
TSLAUSDT-O-20260212T210000Z,TSLAUSDT,TRADITIONAL_EQUITY,O,,O:2026-02-12T21:00:00Z:2026-02-13T07:00:00Z,2026-02,DESCRIPTIVE_EXPOSED,O_FULL,SKIPPED,INSUFFICIENT_10H_TRADABLE_ROWS,420,7.0,,,,,,,,
TSLAUSDT-nyse_20260213T210000Z,TSLAUSDT,TRADITIONAL_EQUITY,W,,W:2026-02-13T21:00:00Z:2026-02-17T07:00:00Z,2026-02,DESCRIPTIVE_EXPOSED,W_HEAD_10H,READY,,600,10.0,0.005882012424295058,0.0018600556486181113,0.026879044300647373,0.8,0.0008800000000000001,0.10166666666666667,1128.5,576.7
TSLAUSDT-nyse_20260213T210000Z,TSLAUSDT,TRADITIONAL_EQUITY,W,,W:2026-02-13T21:00:00Z:2026-02-17T07:00:00Z,2026-02,DESCRIPTIVE_EXPOSED,W_TAIL_10H,READY,,600,10.0,0.00923119980194111,0.0029191616910229138,0.05153970826580182,1.6,0.0017600000000000003,0.02666666666666667,1253.2,696.8
TSLAUSDT-O-20260217T210000Z,TSLAUSDT,TRADITIONAL_EQUITY,O,,O:2026-02-17T21:00:00Z:2026-02-18T07:00:00Z,2026-02,DESCRIPTIVE_EXPOSED,O_FULL,SKIPPED,INSUFFICIENT_10H_TRADABLE_ROWS,420,7.0,,,,,,,,
TSLAUSDT-O-20260218T210000Z,TSLAUSDT,TRADITIONAL_EQUITY,O,,O:2026-02-18T21:00:00Z:2026-02-19T07:00:00Z,2026-02,DESCRIPTIVE_EXPOSED,O_FULL,SKIPPED,INSUFFICIENT_10H_TRADABLE_ROWS,420,7.0,,,,,,,,
TSLAUSDT-O-20260219T210000Z,TSLAUSDT,TRADITIONAL_EQUITY,O,,O:2026-02-19T21:00:00Z:2026-02-20T07:00:00Z,2026-02,DESCRIPTIVE_EXPOSED,O_FULL,SKIPPED,INSUFFICIENT_10H_TRADABLE_ROWS,420,7.0,,,,,,,,
TSLAUSDT-nyse_20260220T210000Z,TSLAUSDT,TRADITIONAL_EQUITY,W,,W:2026-02-20T21:00:00Z:2026-02-23T07:00:00Z,2026-02,DESCRIPTIVE_EXPOSED,W_HEAD_10H,READY,,600,10.0,0.0025576215540917087,0.0008087909503669342,0.01349072512647706,0.0,0.0,0.37166666666666665,350.1,170.7
TSLAUSDT-nyse_20260220T210000Z,TSLAUSDT,TRADITIONAL_EQUITY,W,,W:2026-02-20T21:00:00Z:2026-02-23T07:00:00Z,2026-02,DESCRIPTIVE_EXPOSED,W_TAIL_10H,READY,,600,10.0,0.007963920424045543,0.0025184127644317907,0.08858488450325255,0.7,0.00077,0.08333333333333333,1553.8,852.4
TSLAUSDT-O-20260223T210000Z,TSLAUSDT,TRADITIONAL_EQUITY,O,,O:2026-02-23T21:00:00Z:2026-02-24T07:00:00Z,2026-02,DESCRIPTIVE_EXPOSED,O_FULL,SKIPPED,INSUFFICIENT_10H_TRADABLE_ROWS,420,7.0,,,,,,,,
TSLAUSDT-O-20260224T210000Z,TSLAUSDT,TRADITIONAL_EQUITY,O,,O:2026-02-24T21:00:00Z:2026-02-25T07:00:00Z,2026-02,DESCRIPTIVE_EXPOSED,O_FULL,SKIPPED,INSUFFICIENT_10H_TRADABLE_ROWS,420,7.0,,,,,,,,
TSLAUSDT-O-20260225T210000Z,TSLAUSDT,TRADITIONAL_EQUITY,O,,O:2026-02-25T21:00:00Z:2026-02-26T07:00:00Z,2026-02,DESCRIPTIVE_EXPOSED,O_FULL,SKIPPED,INSUFFICIENT_10H_TRADABLE_ROWS,420,7.0,,,,,,,,
TSLAUSDT-O-20260226T210000Z,TSLAUSDT,TRADITIONAL_EQUITY,O,,O:2026-02-26T21:00:00Z:2026-02-27T07:00:00Z,2026-02,DESCRIPTIVE_EXPOSED,O_FULL,SKIPPED,INSUFFICIENT_10H_TRADABLE_ROWS,420,7.0,,,,,,,,
TSLAUSDT-nyse_20260227T210000Z,TSLAUSDT,TRADITIONAL_EQUITY,W,,W:2026-02-27T21:00:00Z:2026-03-02T07:00:00Z,2026-02,DESCRIPTIVE_EXPOSED,W_HEAD_10H,READY,,600,10.0,0.004688086288963502,0.0014825030540530962,0.04393305439330474,0.3,0.00033,0.06166666666666667,1450.2,810.9
TSLAUSDT-nyse_20260227T210000Z,TSLAUSDT,TRADITIONAL_EQUITY,W,,W:2026-02-27T21:00:00Z:2026-03-02T07:00:00Z,2026-02,DESCRIPTIVE_EXPOSED,W_TAIL_10H,READY,,600,10.0,0.015785163239604525,0.004991706907471251,0.09913473423980147,2.8,0.00308,0.0,4871.5,2665.1
TSLAUSDT-O-20260302T210000Z,TSLAUSDT,TRADITIONAL_EQUITY,O,,O:2026-03-02T21:00:00Z:2026-03-03T07:00:00Z,2026-03,RESEARCH_DEVELOPMENT,O_FULL,SKIPPED,INSUFFICIENT_10H_TRADABLE_ROWS,420,7.0,,,,,,,,
TSLAUSDT-O-20260303T210000Z,TSLAUSDT,TRADITIONAL_EQUITY,O,,O:2026-03-03T21:00:00Z:2026-03-04T07:00:00Z,2026-03,RESEARCH_DEVELOPMENT,O_FULL,SKIPPED,INSUFFICIENT_10H_TRADABLE_ROWS,420,7.0,,,,,,,,
TSLAUSDT-O-20260304T210000Z,TSLAUSDT,TRADITIONAL_EQUITY,O,,O:2026-03-04T21:00:00Z:2026-03-05T07:00:00Z,2026-03,RESEARCH_DEVELOPMENT,O_FULL,SKIPPED,INSUFFICIENT_10H_TRADABLE_ROWS,420,7.0,,,,,,,,
TSLAUSDT-O-20260305T210000Z,TSLAUSDT,TRADITIONAL_EQUITY,O,,O:2026-03-05T21:00:00Z:2026-03-06T07:00:00Z,2026-03,RESEARCH_DEVELOPMENT,O_FULL,SKIPPED,INSUFFICIENT_10H_TRADABLE_ROWS,420,7.0,,,,,,,,
TSLAUSDT-nyse_20260306T210000Z,TSLAUSDT,TRADITIONAL_EQUITY,W,,W:2026-03-06T21:00:00Z:2026-03-09T06:00:00Z,2026-03,RESEARCH_DEVELOPMENT,W_HEAD_10H,READY,,600,10.0,0.0057764348125180455,0.0018266690763044738,0.03717472118959004,1.1,0.0012100000000000001,0.06333333333333334,1077.1,453.5
TSLAUSDT-nyse_20260306T210000Z,TSLAUSDT,TRADITIONAL_EQUITY,W,,W:2026-03-06T21:00:00Z:2026-03-09T06:00:00Z,2026-03,RESEARCH_DEVELOPMENT,W_TAIL_10H,READY,,600,10.0,0.015757010154867784,0.004982804120378468,0.033183660059138836,4.1,0.00451,0.045,5915.4,3042.2
TSLAUSDT-O-20260309T200000Z,TSLAUSDT,TRADITIONAL_EQUITY,O,,O:2026-03-09T20:00:00Z:2026-03-10T06:00:00Z,2026-03,RESEARCH_DEVELOPMENT,O_FULL,SKIPPED,INSUFFICIENT_10H_TRADABLE_ROWS,420,7.0,,,,,,,,
TSLAUSDT-O-20260310T200000Z,TSLAUSDT,TRADITIONAL_EQUITY,O,,O:2026-03-10T20:00:00Z:2026-03-11T06:00:00Z,2026-03,RESEARCH_DEVELOPMENT,O_FULL,SKIPPED,INSUFFICIENT_10H_TRADABLE_ROWS,420,7.0,,,,,,,,
TSLAUSDT-O-20260311T200000Z,TSLAUSDT,TRADITIONAL_EQUITY,O,,O:2026-03-11T20:00:00Z:2026-03-12T06:00:00Z,2026-03,RESEARCH_DEVELOPMENT,O_FULL,SKIPPED,INSUFFICIENT_10H_TRADABLE_ROWS,420,7.0,,,,,,,,
TSLAUSDT-O-20260312T200000Z,TSLAUSDT,TRADITIONAL_EQUITY,O,,O:2026-03-12T20:00:00Z:2026-03-13T06:00:00Z,2026-03,RESEARCH_DEVELOPMENT,O_FULL,SKIPPED,INSUFFICIENT_10H_TRADABLE_ROWS,420,7.0,,,,,,,,
TSLAUSDT-nyse_20260313T200000Z,TSLAUSDT,TRADITIONAL_EQUITY,W,,W:2026-03-13T20:00:00Z:2026-03-16T06:00:00Z,2026-03,RESEARCH_DEVELOPMENT,W_HEAD_10H,READY,,600,10.0,0.00274378954435592,0.0008676624380320302,0.05841446453406853,0.0,0.0,0.09833333333333333,895.0,374.1
TSLAUSDT-nyse_20260313T200000Z,TSLAUSDT,TRADITIONAL_EQUITY,W,,W:2026-03-13T20:00:00Z:2026-03-16T06:00:00Z,2026-03,RESEARCH_DEVELOPMENT,W_TAIL_10H,READY,,600,10.0,0.011792115825954538,0.0037289944442534034,0.06672873991309716,2.0,0.0022,0.006666666666666667,4159.1,2144.9
TSLAUSDT-O-20260316T200000Z,TSLAUSDT,TRADITIONAL_EQUITY,O,,O:2026-03-16T20:00:00Z:2026-03-17T06:00:00Z,2026-03,RESEARCH_DEVELOPMENT,O_FULL,SKIPPED,INSUFFICIENT_10H_TRADABLE_ROWS,420,7.0,,,,,,,,
TSLAUSDT-O-20260317T200000Z,TSLAUSDT,TRADITIONAL_EQUITY,O,,O:2026-03-17T20:00:00Z:2026-03-18T06:00:00Z,2026-03,RESEARCH_DEVELOPMENT,O_FULL,SKIPPED,INSUFFICIENT_10H_TRADABLE_ROWS,420,7.0,,,,,,,,
TSLAUSDT-O-20260318T200000Z,TSLAUSDT,TRADITIONAL_EQUITY,O,,O:2026-03-18T20:00:00Z:2026-03-19T06:00:00Z,2026-03,RESEARCH_DEVELOPMENT,O_FULL,SKIPPED,INSUFFICIENT_10H_TRADABLE_ROWS,420,7.0,,,,,,,,
TSLAUSDT-O-20260319T200000Z,TSLAUSDT,TRADITIONAL_EQUITY,O,,O:2026-03-19T20:00:00Z:2026-03-20T06:00:00Z,2026-03,RESEARCH_DEVELOPMENT,O_FULL,SKIPPED,INSUFFICIENT_10H_TRADABLE_ROWS,420,7.0,,,,,,,,
TSLAUSDT-nyse_20260320T200000Z,TSLAUSDT,TRADITIONAL_EQUITY,W,,W:2026-03-20T20:00:00Z:2026-03-23T06:00:00Z,2026-03,RESEARCH_DEVELOPMENT,W_HEAD_10H,READY,,600,10.0,0.004829892573033356,0.0015273461384716553,0.06026557711950975,0.2,0.00022000000000000003,0.085,990.0,468.5
TSLAUSDT-nyse_20260320T200000Z,TSLAUSDT,TRADITIONAL_EQUITY,W,,W:2026-03-20T20:00:00Z:2026-03-23T06:00:00Z,2026-03,RESEARCH_DEVELOPMENT,W_TAIL_10H,READY,,600,10.0,0.013352925636851495,0.004222565843930511,0.11273832550428074,2.4,0.00264,0.0,8051.2,3969.7
TSLAUSDT-O-20260323T200000Z,TSLAUSDT,TRADITIONAL_EQUITY,O,,O:2026-03-23T20:00:00Z:2026-03-24T06:00:00Z,2026-03,RESEARCH_DEVELOPMENT,O_FULL,SKIPPED,INSUFFICIENT_10H_TRADABLE_ROWS,420,7.0,,,,,,,,
TSLAUSDT-O-20260324T200000Z,TSLAUSDT,TRADITIONAL_EQUITY,O,,O:2026-03-24T20:00:00Z:2026-03-25T06:00:00Z,2026-03,RESEARCH_DEVELOPMENT,O_FULL,SKIPPED,INSUFFICIENT_10H_TRADABLE_ROWS,420,7.0,,,,,,,,
TSLAUSDT-O-20260325T200000Z,TSLAUSDT,TRADITIONAL_EQUITY,O,,O:2026-03-25T20:00:00Z:2026-03-26T06:00:00Z,2026-03,RESEARCH_DEVELOPMENT,O_FULL,SKIPPED,INSUFFICIENT_10H_TRADABLE_ROWS,420,7.0,,,,,,,,
TSLAUSDT-O-20260326T200000Z,TSLAUSDT,TRADITIONAL_EQUITY,O,,O:2026-03-26T20:00:00Z:2026-03-27T06:00:00Z,2026-03,RESEARCH_DEVELOPMENT,O_FULL,SKIPPED,INSUFFICIENT_10H_TRADABLE_ROWS,420,7.0,,,,,,,,
TSLAUSDT-nyse_20260327T200000Z,TSLAUSDT,TRADITIONAL_EQUITY,W,,W:2026-03-27T20:00:00Z:2026-03-30T06:00:00Z,2026-03,RESEARCH_DEVELOPMENT,W_HEAD_10H,READY,,600,10.0,0.003583608319854139,0.0011332364532668285,0.003976143141152256,0.0,0.0,0.041666666666666664,1520.0,606.5
TSLAUSDT-nyse_20260327T200000Z,TSLAUSDT,TRADITIONAL_EQUITY,W,,W:2026-03-27T20:00:00Z:2026-03-30T06:00:00Z,2026-03,RESEARCH_DEVELOPMENT,W_TAIL_10H,READY,,600,10.0,0.013221685114492577,0.0041810639467340675,0.017270668176670775,2.7,0.0029700000000000004,0.028333333333333332,8437.3,3869.3
TSLAUSDT-O-20260330T200000Z,TSLAUSDT,TRADITIONAL_EQUITY,O,,O:2026-03-30T20:00:00Z:2026-03-31T06:00:00Z,2026-03,RESEARCH_DEVELOPMENT,O_FULL,SKIPPED,INSUFFICIENT_10H_TRADABLE_ROWS,420,7.0,,,,,,,,
TSLAUSDT-O-20260331T200000Z,TSLAUSDT,TRADITIONAL_EQUITY,O,,O:2026-03-31T20:00:00Z:2026-04-01T06:00:00Z,2026-03,RESEARCH_DEVELOPMENT,O_FULL,SKIPPED,INSUFFICIENT_10H_TRADABLE_ROWS,420,7.0,,,,,,,,
TSLAUSDT-O-20260401T200000Z,TSLAUSDT,TRADITIONAL_EQUITY,O,,O:2026-04-01T20:00:00Z:2026-04-02T06:00:00Z,2026-04,RESEARCH_DEVELOPMENT,O_FULL,SKIPPED,INSUFFICIENT_10H_TRADABLE_ROWS,420,7.0,,,,,,,,
TSLAUSDT-nyse_20260402T200000Z,TSLAUSDT,TRADITIONAL_EQUITY,W,,W:2026-04-02T20:00:00Z:2026-04-06T06:00:00Z,2026-04,RESEARCH_DEVELOPMENT,W_HEAD_10H,READY,,600,10.0,0.004222220487037884,0.0013351833522465151,0.005150846210448173,0.6,0.00066,0.008333333333333333,1728.9,909.6
TSLAUSDT-nyse_20260402T200000Z,TSLAUSDT,TRADITIONAL_EQUITY,W,,W:2026-04-02T20:00:00Z:2026-04-06T06:00:00Z,2026-04,RESEARCH_DEVELOPMENT,W_TAIL_10H,READY,,600,10.0,0.01281970284354274,0.004053945991213225,0.040000000000000285,2.5,0.0027500000000000003,0.023333333333333334,4276.0,2205.7
TSLAUSDT-O-20260406T200000Z,TSLAUSDT,TRADITIONAL_EQUITY,O,,O:2026-04-06T20:00:00Z:2026-04-07T06:00:00Z,2026-04,RESEARCH_DEVELOPMENT,O_FULL,SKIPPED,INSUFFICIENT_10H_TRADABLE_ROWS,420,7.0,,,,,,,,
TSLAUSDT-O-20260407T200000Z,TSLAUSDT,TRADITIONAL_EQUITY,O,,O:2026-04-07T20:00:00Z:2026-04-08T06:00:00Z,2026-04,RESEARCH_DEVELOPMENT,O_FULL,SKIPPED,INSUFFICIENT_10H_TRADABLE_ROWS,420,7.0,,,,,,,,
TSLAUSDT-O-20260408T200000Z,TSLAUSDT,TRADITIONAL_EQUITY,O,,O:2026-04-08T20:00:00Z:2026-04-09T06:00:00Z,2026-04,RESEARCH_DEVELOPMENT,O_FULL,SKIPPED,INSUFFICIENT_10H_TRADABLE_ROWS,420,7.0,,,,,,,,
TSLAUSDT-O-20260409T200000Z,TSLAUSDT,TRADITIONAL_EQUITY,O,,O:2026-04-09T20:00:00Z:2026-04-10T06:00:00Z,2026-04,RESEARCH_DEVELOPMENT,O_FULL,SKIPPED,INSUFFICIENT_10H_TRADABLE_ROWS,420,7.0,,,,,,,,
TSLAUSDT-nyse_20260410T200000Z,TSLAUSDT,TRADITIONAL_EQUITY,W,,W:2026-04-10T20:00:00Z:2026-04-13T06:00:00Z,2026-04,RESEARCH_DEVELOPMENT,W_HEAD_10H,READY,,600,10.0,0.006258610756794902,0.0019791464979902035,0.01037805782060888,0.8,0.0008800000000000001,0.006666666666666667,1939.5,1006.8
TSLAUSDT-nyse_20260410T200000Z,TSLAUSDT,TRADITIONAL_EQUITY,W,,W:2026-04-10T20:00:00Z:2026-04-13T06:00:00Z,2026-04,RESEARCH_DEVELOPMENT,W_TAIL_10H,READY,,600,10.0,0.019704710681431696,0.00623117663879727,0.01155580608793681,3.0,0.0033,0.005,4405.5,2258.6
TSLAUSDT-O-20260413T200000Z,TSLAUSDT,TRADITIONAL_EQUITY,O,,O:2026-04-13T20:00:00Z:2026-04-14T06:00:00Z,2026-04,RESEARCH_DEVELOPMENT,O_FULL,SKIPPED,INSUFFICIENT_10H_TRADABLE_ROWS,420,7.0,,,,,,,,
TSLAUSDT-O-20260414T200000Z,TSLAUSDT,TRADITIONAL_EQUITY,O,,O:2026-04-14T20:00:00Z:2026-04-15T06:00:00Z,2026-04,RESEARCH_DEVELOPMENT,O_FULL,SKIPPED,INSUFFICIENT_10H_TRADABLE_ROWS,420,7.0,,,,,,,,
TSLAUSDT-O-20260415T200000Z,TSLAUSDT,TRADITIONAL_EQUITY,O,,O:2026-04-15T20:00:00Z:2026-04-16T06:00:00Z,2026-04,RESEARCH_DEVELOPMENT,O_FULL,SKIPPED,INSUFFICIENT_10H_TRADABLE_ROWS,420,7.0,,,,,,,,
TSLAUSDT-O-20260416T200000Z,TSLAUSDT,TRADITIONAL_EQUITY,O,,O:2026-04-16T20:00:00Z:2026-04-17T06:00:00Z,2026-04,RESEARCH_DEVELOPMENT,O_FULL,SKIPPED,INSUFFICIENT_10H_TRADABLE_ROWS,420,7.0,,,,,,,,
TSLAUSDT-nyse_20260417T200000Z,TSLAUSDT,TRADITIONAL_EQUITY,W,,W:2026-04-17T20:00:00Z:2026-04-20T06:00:00Z,2026-04,RESEARCH_DEVELOPMENT,W_HEAD_10H,READY,,600,10.0,0.0034284950281631447,0.001084185323555867,0.0531250000000011,0.4,0.00044000000000000007,0.10166666666666667,810.8,431.8
TSLAUSDT-nyse_20260417T200000Z,TSLAUSDT,TRADITIONAL_EQUITY,W,,W:2026-04-17T20:00:00Z:2026-04-20T06:00:00Z,2026-04,RESEARCH_DEVELOPMENT,W_TAIL_10H,READY,,600,10.0,0.013870213407991962,0.0043861466001860906,0.030319078511849673,2.3,0.00253,0.0,4140.7,2291.0
TSLAUSDT-O-20260420T200000Z,TSLAUSDT,TRADITIONAL_EQUITY,O,,O:2026-04-20T20:00:00Z:2026-04-21T06:00:00Z,2026-04,RESEARCH_DEVELOPMENT,O_FULL,SKIPPED,INSUFFICIENT_10H_TRADABLE_ROWS,420,7.0,,,,,,,,
TSLAUSDT-O-20260421T200000Z,TSLAUSDT,TRADITIONAL_EQUITY,O,,O:2026-04-21T20:00:00Z:2026-04-22T06:00:00Z,2026-04,RESEARCH_DEVELOPMENT,O_FULL,SKIPPED,INSUFFICIENT_10H_TRADABLE_ROWS,420,7.0,,,,,,,,
TSLAUSDT-O-20260422T200000Z,TSLAUSDT,TRADITIONAL_EQUITY,O,,O:2026-04-22T20:00:00Z:2026-04-23T06:00:00Z,2026-04,RESEARCH_DEVELOPMENT,O_FULL,SKIPPED,INSUFFICIENT_10H_TRADABLE_ROWS,420,7.0,,,,,,,,
TSLAUSDT-O-20260423T200000Z,TSLAUSDT,TRADITIONAL_EQUITY,O,,O:2026-04-23T20:00:00Z:2026-04-24T06:00:00Z,2026-04,RESEARCH_DEVELOPMENT,O_FULL,SKIPPED,INSUFFICIENT_10H_TRADABLE_ROWS,420,7.0,,,,,,,,
TSLAUSDT-nyse_20260424T200000Z,TSLAUSDT,TRADITIONAL_EQUITY,W,,W:2026-04-24T20:00:00Z:2026-04-27T06:00:00Z,2026-04,RESEARCH_DEVELOPMENT,W_HEAD_10H,READY,,600,10.0,0.0039425134043793,0.0012467322063583045,0.04094827586206734,0.4,0.00044000000000000007,0.0033333333333333335,1178.5,586.8
TSLAUSDT-nyse_20260424T200000Z,TSLAUSDT,TRADITIONAL_EQUITY,W,,W:2026-04-24T20:00:00Z:2026-04-27T06:00:00Z,2026-04,RESEARCH_DEVELOPMENT,W_TAIL_10H,READY,,600,10.0,0.007487997449078322,0.002367912705261819,0.018911977585804353,0.9,0.00099,0.0,2458.0,1279.3
TSLAUSDT-O-20260427T200000Z,TSLAUSDT,TRADITIONAL_EQUITY,O,,O:2026-04-27T20:00:00Z:2026-04-28T06:00:00Z,2026-04,RESEARCH_DEVELOPMENT,O_FULL,SKIPPED,INSUFFICIENT_10H_TRADABLE_ROWS,420,7.0,,,,,,,,
TSLAUSDT-O-20260428T200000Z,TSLAUSDT,TRADITIONAL_EQUITY,O,,O:2026-04-28T20:00:00Z:2026-04-29T06:00:00Z,2026-04,RESEARCH_DEVELOPMENT,O_FULL,SKIPPED,INSUFFICIENT_10H_TRADABLE_ROWS,420,7.0,,,,,,,,
TSLAUSDT-O-20260429T200000Z,TSLAUSDT,TRADITIONAL_EQUITY,O,,O:2026-04-29T20:00:00Z:2026-04-30T06:00:00Z,2026-04,RESEARCH_DEVELOPMENT,O_FULL,SKIPPED,INSUFFICIENT_10H_TRADABLE_ROWS,420,7.0,,,,,,,,
TSLAUSDT-O-20260430T200000Z,TSLAUSDT,TRADITIONAL_EQUITY,O,,O:2026-04-30T20:00:00Z:2026-05-01T06:00:00Z,2026-04,RESEARCH_DEVELOPMENT,O_FULL,SKIPPED,INSUFFICIENT_10H_TRADABLE_ROWS,420,7.0,,,,,,,,
TSLAUSDT-nyse_20260501T200000Z,TSLAUSDT,TRADITIONAL_EQUITY,W,,W:2026-05-01T20:00:00Z:2026-05-04T06:00:00Z,2026-05,RESEARCH_DEVELOPMENT,W_HEAD_10H,READY,,600,10.0,0.0024649915656088234,0.000779498776042826,0.03846153846153711,0.2,0.00022000000000000003,0.0,857.2,465.2
TSLAUSDT-nyse_20260501T200000Z,TSLAUSDT,TRADITIONAL_EQUITY,W,,W:2026-05-01T20:00:00Z:2026-05-04T06:00:00Z,2026-05,RESEARCH_DEVELOPMENT,W_TAIL_10H,READY,,600,10.0,0.009564818323164827,0.0030246611306913307,0.006864006864006759,1.1,0.0012100000000000001,0.0,3364.9,1897.1
TSLAUSDT-O-20260504T200000Z,TSLAUSDT,TRADITIONAL_EQUITY,O,,O:2026-05-04T20:00:00Z:2026-05-05T06:00:00Z,2026-05,RESEARCH_DEVELOPMENT,O_FULL,SKIPPED,INSUFFICIENT_10H_TRADABLE_ROWS,420,7.0,,,,,,,,
TSLAUSDT-O-20260505T200000Z,TSLAUSDT,TRADITIONAL_EQUITY,O,,O:2026-05-05T20:00:00Z:2026-05-06T06:00:00Z,2026-05,RESEARCH_DEVELOPMENT,O_FULL,SKIPPED,INSUFFICIENT_10H_TRADABLE_ROWS,420,7.0,,,,,,,,
TSLAUSDT-O-20260506T200000Z,TSLAUSDT,TRADITIONAL_EQUITY,O,,O:2026-05-06T20:00:00Z:2026-05-07T06:00:00Z,2026-05,RESEARCH_DEVELOPMENT,O_FULL,SKIPPED,INSUFFICIENT_10H_TRADABLE_ROWS,420,7.0,,,,,,,,
TSLAUSDT-O-20260507T200000Z,TSLAUSDT,TRADITIONAL_EQUITY,O,,O:2026-05-07T20:00:00Z:2026-05-08T06:00:00Z,2026-05,RESEARCH_DEVELOPMENT,O_FULL,SKIPPED,INSUFFICIENT_10H_TRADABLE_ROWS,420,7.0,,,,,,,,
TSLAUSDT-nyse_20260508T200000Z,TSLAUSDT,TRADITIONAL_EQUITY,W,,W:2026-05-08T20:00:00Z:2026-05-11T06:00:00Z,2026-05,RESEARCH_DEVELOPMENT,W_HEAD_10H,READY,,600,10.0,0.0028638609476123156,0.0009056323496463071,0.015954709212557545,0.1,0.00011000000000000002,0.0016666666666666668,1163.1,563.0
TSLAUSDT-nyse_20260508T200000Z,TSLAUSDT,TRADITIONAL_EQUITY,W,,W:2026-05-08T20:00:00Z:2026-05-11T06:00:00Z,2026-05,RESEARCH_DEVELOPMENT,W_TAIL_10H,READY,,600,10.0,0.009041341770566128,0.0028591233099008483,0.05016722408026818,1.7,0.0018700000000000001,0.0,4231.2,2066.7
TSLAUSDT-O-20260511T200000Z,TSLAUSDT,TRADITIONAL_EQUITY,O,,O:2026-05-11T20:00:00Z:2026-05-12T06:00:00Z,2026-05,RESEARCH_DEVELOPMENT,O_FULL,SKIPPED,INSUFFICIENT_10H_TRADABLE_ROWS,420,7.0,,,,,,,,
TSLAUSDT-O-20260512T200000Z,TSLAUSDT,TRADITIONAL_EQUITY,O,,O:2026-05-12T20:00:00Z:2026-05-13T06:00:00Z,2026-05,RESEARCH_DEVELOPMENT,O_FULL,SKIPPED,INSUFFICIENT_10H_TRADABLE_ROWS,420,7.0,,,,,,,,
TSLAUSDT-O-20260513T200000Z,TSLAUSDT,TRADITIONAL_EQUITY,O,,O:2026-05-13T20:00:00Z:2026-05-14T06:00:00Z,2026-05,RESEARCH_DEVELOPMENT,O_FULL,SKIPPED,INSUFFICIENT_10H_TRADABLE_ROWS,420,7.0,,,,,,,,
TSLAUSDT-O-20260514T200000Z,TSLAUSDT,TRADITIONAL_EQUITY,O,,O:2026-05-14T20:00:00Z:2026-05-15T06:00:00Z,2026-05,RESEARCH_DEVELOPMENT,O_FULL,SKIPPED,INSUFFICIENT_10H_TRADABLE_ROWS,420,7.0,,,,,,,,
TSLAUSDT-nyse_20260515T200000Z,TSLAUSDT,TRADITIONAL_EQUITY,W,,W:2026-05-15T20:00:00Z:2026-05-18T06:00:00Z,2026-05,RESEARCH_DEVELOPMENT,W_HEAD_10H,READY,,600,10.0,0.004693038971332522,0.0014840692297344426,0.04420629604822455,0.4,0.00044000000000000007,0.005,1378.9,666.1
TSLAUSDT-nyse_20260515T200000Z,TSLAUSDT,TRADITIONAL_EQUITY,W,,W:2026-05-15T20:00:00Z:2026-05-18T06:00:00Z,2026-05,RESEARCH_DEVELOPMENT,W_TAIL_10H,READY,,600,10.0,0.01374108151648628,0.00434531151061372,0.06728586171310588,3.3,0.00363,0.0033333333333333335,4982.5,2783.7
TSLAUSDT-O-20260518T200000Z,TSLAUSDT,TRADITIONAL_EQUITY,O,,O:2026-05-18T20:00:00Z:2026-05-19T06:00:00Z,2026-05,RESEARCH_DEVELOPMENT,O_FULL,SKIPPED,INSUFFICIENT_10H_TRADABLE_ROWS,420,7.0,,,,,,,,
TSLAUSDT-O-20260519T200000Z,TSLAUSDT,TRADITIONAL_EQUITY,O,,O:2026-05-19T20:00:00Z:2026-05-20T06:00:00Z,2026-05,RESEARCH_DEVELOPMENT,O_FULL,SKIPPED,INSUFFICIENT_10H_TRADABLE_ROWS,420,7.0,,,,,,,,
TSLAUSDT-O-20260520T200000Z,TSLAUSDT,TRADITIONAL_EQUITY,O,,O:2026-05-20T20:00:00Z:2026-05-21T06:00:00Z,2026-05,RESEARCH_DEVELOPMENT,O_FULL,SKIPPED,INSUFFICIENT_10H_TRADABLE_ROWS,420,7.0,,,,,,,,
TSLAUSDT-O-20260521T200000Z,TSLAUSDT,TRADITIONAL_EQUITY,O,,O:2026-05-21T20:00:00Z:2026-05-22T06:00:00Z,2026-05,RESEARCH_DEVELOPMENT,O_FULL,SKIPPED,INSUFFICIENT_10H_TRADABLE_ROWS,420,7.0,,,,,,,,
TSLAUSDT-nyse_20260522T200000Z,TSLAUSDT,TRADITIONAL_EQUITY,W,,W:2026-05-22T20:00:00Z:2026-05-26T06:00:00Z,2026-05,RESEARCH_DEVELOPMENT,W_HEAD_10H,READY,,600,10.0,0.005324499785969274,0.0016837546724741952,0.07593523171412685,0.3,0.00033,0.0033333333333333335,1596.5,715.8
TSLAUSDT-nyse_20260522T200000Z,TSLAUSDT,TRADITIONAL_EQUITY,W,,W:2026-05-22T20:00:00Z:2026-05-26T06:00:00Z,2026-05,RESEARCH_DEVELOPMENT,W_TAIL_10H,READY,,600,10.0,0.012575420029513276,0.003976696982656382,0.108425531914896,1.7,0.0018700000000000001,0.0033333333333333335,3210.9,1473.9
TSLAUSDT-O-20260526T200000Z,TSLAUSDT,TRADITIONAL_EQUITY,O,,O:2026-05-26T20:00:00Z:2026-05-27T06:00:00Z,2026-05,RESEARCH_DEVELOPMENT,O_FULL,SKIPPED,INSUFFICIENT_10H_TRADABLE_ROWS,420,7.0,,,,,,,,
TSLAUSDT-O-20260527T200000Z,TSLAUSDT,TRADITIONAL_EQUITY,O,,O:2026-05-27T20:00:00Z:2026-05-28T06:00:00Z,2026-05,RESEARCH_DEVELOPMENT,O_FULL,SKIPPED,INSUFFICIENT_10H_TRADABLE_ROWS,420,7.0,,,,,,,,
TSLAUSDT-O-20260528T200000Z,TSLAUSDT,TRADITIONAL_EQUITY,O,,O:2026-05-28T20:00:00Z:2026-05-29T06:00:00Z,2026-05,RESEARCH_DEVELOPMENT,O_FULL,SKIPPED,INSUFFICIENT_10H_TRADABLE_ROWS,420,7.0,,,,,,,,
TSLAUSDT-nyse_20260529T200000Z,TSLAUSDT,TRADITIONAL_EQUITY,W,,W:2026-05-29T20:00:00Z:2026-06-01T06:00:00Z,2026-05,RESEARCH_DEVELOPMENT,W_HEAD_10H,READY,,600,10.0,0.005126423664487828,0.0016211175030768378,0.07428920819321437,0.5,0.00055,0.01,1630.8,818.8
TSLAUSDT-nyse_20260529T200000Z,TSLAUSDT,TRADITIONAL_EQUITY,W,,W:2026-05-29T20:00:00Z:2026-06-01T06:00:00Z,2026-05,RESEARCH_DEVELOPMENT,W_TAIL_10H,READY,,600,10.0,0.008652040912100926,0.002736015569119961,0.10068426197458538,1.3,0.00143,0.0016666666666666668,2510.7,1218.6
TSLAUSDT-O-20260601T200000Z,TSLAUSDT,TRADITIONAL_EQUITY,O,,O:2026-06-01T20:00:00Z:2026-06-02T06:00:00Z,2026-06,RESEARCH_VALIDATION_EXPOSED,O_FULL,SKIPPED,INSUFFICIENT_10H_TRADABLE_ROWS,420,7.0,,,,,,,,
TSLAUSDT-O-20260602T200000Z,TSLAUSDT,TRADITIONAL_EQUITY,O,,O:2026-06-02T20:00:00Z:2026-06-03T06:00:00Z,2026-06,RESEARCH_VALIDATION_EXPOSED,O_FULL,SKIPPED,INSUFFICIENT_10H_TRADABLE_ROWS,420,7.0,,,,,,,,
TSLAUSDT-O-20260603T200000Z,TSLAUSDT,TRADITIONAL_EQUITY,O,,O:2026-06-03T20:00:00Z:2026-06-04T06:00:00Z,2026-06,RESEARCH_VALIDATION_EXPOSED,O_FULL,SKIPPED,INSUFFICIENT_10H_TRADABLE_ROWS,420,7.0,,,,,,,,
TSLAUSDT-O-20260604T200000Z,TSLAUSDT,TRADITIONAL_EQUITY,O,,O:2026-06-04T20:00:00Z:2026-06-05T06:00:00Z,2026-06,RESEARCH_VALIDATION_EXPOSED,O_FULL,SKIPPED,INSUFFICIENT_10H_TRADABLE_ROWS,420,7.0,,,,,,,,
TSLAUSDT-nyse_20260605T200000Z,TSLAUSDT,TRADITIONAL_EQUITY,W,,W:2026-06-05T20:00:00Z:2026-06-08T06:00:00Z,2026-06,RESEARCH_VALIDATION_EXPOSED,W_HEAD_10H,READY,,600,10.0,0.01478775826614494,0.004676299760900043,0.058131794985578175,2.7,0.0029700000000000004,0.0,5397.6,2617.8
TSLAUSDT-nyse_20260605T200000Z,TSLAUSDT,TRADITIONAL_EQUITY,W,,W:2026-06-05T20:00:00Z:2026-06-08T06:00:00Z,2026-06,RESEARCH_VALIDATION_EXPOSED,W_TAIL_10H,READY,,600,10.0,0.01608220829901498,0.005085640803014958,0.004629192253188624,3.6,0.00396,0.0,5701.4,3143.6
TSLAUSDT-O-20260608T200000Z,TSLAUSDT,TRADITIONAL_EQUITY,O,,O:2026-06-08T20:00:00Z:2026-06-09T06:00:00Z,2026-06,RESEARCH_VALIDATION_EXPOSED,O_FULL,SKIPPED,INSUFFICIENT_10H_TRADABLE_ROWS,420,7.0,,,,,,,,
TSLAUSDT-O-20260609T200000Z,TSLAUSDT,TRADITIONAL_EQUITY,O,,O:2026-06-09T20:00:00Z:2026-06-10T06:00:00Z,2026-06,RESEARCH_VALIDATION_EXPOSED,O_FULL,SKIPPED,INSUFFICIENT_10H_TRADABLE_ROWS,420,7.0,,,,,,,,
TSLAUSDT-O-20260610T200000Z,TSLAUSDT,TRADITIONAL_EQUITY,O,,O:2026-06-10T20:00:00Z:2026-06-11T06:00:00Z,2026-06,RESEARCH_VALIDATION_EXPOSED,O_FULL,SKIPPED,INSUFFICIENT_10H_TRADABLE_ROWS,420,7.0,,,,,,,,
TSLAUSDT-O-20260611T200000Z,TSLAUSDT,TRADITIONAL_EQUITY,O,,O:2026-06-11T20:00:00Z:2026-06-12T06:00:00Z,2026-06,RESEARCH_VALIDATION_EXPOSED,O_FULL,SKIPPED,INSUFFICIENT_10H_TRADABLE_ROWS,420,7.0,,,,,,,,
TSLAUSDT-nyse_20260612T200000Z,TSLAUSDT,TRADITIONAL_EQUITY,W,,W:2026-06-12T20:00:00Z:2026-06-15T06:00:00Z,2026-06,RESEARCH_VALIDATION_EXPOSED,W_HEAD_10H,READY,,600,10.0,0.0071424223678038775,0.0022586322693193142,0.01016030706705766,0.7,0.00077,0.011666666666666667,2260.7,1214.7
TSLAUSDT-nyse_20260612T200000Z,TSLAUSDT,TRADITIONAL_EQUITY,W,,W:2026-06-12T20:00:00Z:2026-06-15T06:00:00Z,2026-06,RESEARCH_VALIDATION_EXPOSED,W_TAIL_10H,READY,,600,10.0,0.009171848648382554,0.0029003932083225695,0.09436413837908217,1.3,0.00143,0.008333333333333333,3232.9,1596.9
TSLAUSDT-O-20260615T200000Z,TSLAUSDT,TRADITIONAL_EQUITY,O,,O:2026-06-15T20:00:00Z:2026-06-16T06:00:00Z,2026-06,RESEARCH_VALIDATION_EXPOSED,O_FULL,SKIPPED,INSUFFICIENT_10H_TRADABLE_ROWS,420,7.0,,,,,,,,
TSLAUSDT-O-20260616T200000Z,TSLAUSDT,TRADITIONAL_EQUITY,O,,O:2026-06-16T20:00:00Z:2026-06-17T06:00:00Z,2026-06,RESEARCH_VALIDATION_EXPOSED,O_FULL,SKIPPED,INSUFFICIENT_10H_TRADABLE_ROWS,420,7.0,,,,,,,,
TSLAUSDT-O-20260617T200000Z,TSLAUSDT,TRADITIONAL_EQUITY,O,,O:2026-06-17T20:00:00Z:2026-06-18T06:00:00Z,2026-06,RESEARCH_VALIDATION_EXPOSED,O_FULL,SKIPPED,INSUFFICIENT_10H_TRADABLE_ROWS,420,7.0,,,,,,,,
TSLAUSDT-nyse_20260618T200000Z,TSLAUSDT,TRADITIONAL_EQUITY,W,,W:2026-06-18T20:00:00Z:2026-06-22T06:00:00Z,2026-06,RESEARCH_VALIDATION_EXPOSED,W_HEAD_10H,READY,,600,10.0,0.0063976516707092345,0.0020231150955822724,0.02091254752851687,1.0,0.0011,0.0,2405.1,1130.7
TSLAUSDT-nyse_20260618T200000Z,TSLAUSDT,TRADITIONAL_EQUITY,W,,W:2026-06-18T20:00:00Z:2026-06-22T06:00:00Z,2026-06,RESEARCH_VALIDATION_EXPOSED,W_TAIL_10H,READY,,600,10.0,0.012490625919590149,0.003949882730704004,0.10670521822938314,2.0,0.0022,0.015,3489.7,1757.1
TSLAUSDT-O-20260622T200000Z,TSLAUSDT,TRADITIONAL_EQUITY,O,,O:2026-06-22T20:00:00Z:2026-06-23T06:00:00Z,2026-06,RESEARCH_VALIDATION_EXPOSED,O_FULL,SKIPPED,INSUFFICIENT_10H_TRADABLE_ROWS,420,7.0,,,,,,,,
TSLAUSDT-O-20260623T200000Z,TSLAUSDT,TRADITIONAL_EQUITY,O,,O:2026-06-23T20:00:00Z:2026-06-24T06:00:00Z,2026-06,RESEARCH_VALIDATION_EXPOSED,O_FULL,SKIPPED,INSUFFICIENT_10H_TRADABLE_ROWS,420,7.0,,,,,,,,
TSLAUSDT-O-20260624T200000Z,TSLAUSDT,TRADITIONAL_EQUITY,O,,O:2026-06-24T20:00:00Z:2026-06-25T06:00:00Z,2026-06,RESEARCH_VALIDATION_EXPOSED,O_FULL,SKIPPED,INSUFFICIENT_10H_TRADABLE_ROWS,420,7.0,,,,,,,,
TSLAUSDT-O-20260625T200000Z,TSLAUSDT,TRADITIONAL_EQUITY,O,,O:2026-06-25T20:00:00Z:2026-06-26T06:00:00Z,2026-06,RESEARCH_VALIDATION_EXPOSED,O_FULL,SKIPPED,INSUFFICIENT_10H_TRADABLE_ROWS,420,7.0,,,,,,,,
TSLAUSDT-nyse_20260626T200000Z,TSLAUSDT,TRADITIONAL_EQUITY,W,,W:2026-06-26T20:00:00Z:2026-06-29T06:00:00Z,2026-06,RESEARCH_VALIDATION_EXPOSED,W_HEAD_10H,READY,,600,10.0,0.007094835869460063,0.0022435840972554856,0.0625000000000004,0.8,0.0008800000000000001,0.0,2030.9,1094.9
TSLAUSDT-nyse_20260626T200000Z,TSLAUSDT,TRADITIONAL_EQUITY,W,,W:2026-06-26T20:00:00Z:2026-06-29T06:00:00Z,2026-06,RESEARCH_VALIDATION_EXPOSED,W_TAIL_10H,READY,,600,10.0,0.009111219674730641,0.0028812206434287316,0.035122597746851954,2.4,0.00264,0.0016666666666666668,3125.4,1727.7
TSLAUSDT-O-20260629T200000Z,TSLAUSDT,TRADITIONAL_EQUITY,O,,O:2026-06-29T20:00:00Z:2026-06-30T06:00:00Z,2026-06,RESEARCH_VALIDATION_EXPOSED,O_FULL,SKIPPED,INSUFFICIENT_10H_TRADABLE_ROWS,420,7.0,,,,,,,,
TSLAUSDT-O-20260630T200000Z,TSLAUSDT,TRADITIONAL_EQUITY,O,,O:2026-06-30T20:00:00Z:2026-07-01T06:00:00Z,2026-06,RESEARCH_VALIDATION_EXPOSED,O_FULL,SKIPPED,INSUFFICIENT_10H_TRADABLE_ROWS,420,7.0,,,,,,,,
TSLAUSDT-O-20260701T200000Z,TSLAUSDT,TRADITIONAL_EQUITY,O,,O:2026-07-01T20:00:00Z:2026-07-02T06:00:00Z,2026-07,DESCRIPTIVE_EXPOSED,O_FULL,SKIPPED,INSUFFICIENT_10H_TRADABLE_ROWS,420,7.0,,,,,,,,
TSLAUSDT-nyse_20260702T200000Z,TSLAUSDT,TRADITIONAL_EQUITY,W,,W:2026-07-02T20:00:00Z:2026-07-06T06:00:00Z,2026-07,DESCRIPTIVE_EXPOSED,W_HEAD_10H,READY,,600,10.0,0.007639539374165994,0.0024158344696901847,0.05810959911732269,1.6,0.0017600000000000003,0.0,3544.6,1546.4
TSLAUSDT-nyse_20260702T200000Z,TSLAUSDT,TRADITIONAL_EQUITY,W,,W:2026-07-02T20:00:00Z:2026-07-06T06:00:00Z,2026-07,DESCRIPTIVE_EXPOSED,W_TAIL_10H,READY,,600,10.0,0.007749895579654407,0.00245073216601788,0.03684010634257439,1.6,0.0017600000000000003,0.011666666666666667,3163.5,1526.2
TSLAUSDT-O-20260706T200000Z,TSLAUSDT,TRADITIONAL_EQUITY,O,,O:2026-07-06T20:00:00Z:2026-07-07T06:00:00Z,2026-07,DESCRIPTIVE_EXPOSED,O_FULL,SKIPPED,INSUFFICIENT_10H_TRADABLE_ROWS,420,7.0,,,,,,,,
TSLAUSDT-O-20260707T200000Z,TSLAUSDT,TRADITIONAL_EQUITY,O,,O:2026-07-07T20:00:00Z:2026-07-08T06:00:00Z,2026-07,DESCRIPTIVE_EXPOSED,O_FULL,SKIPPED,INSUFFICIENT_10H_TRADABLE_ROWS,420,7.0,,,,,,,,
TSLAUSDT-O-20260708T200000Z,TSLAUSDT,TRADITIONAL_EQUITY,O,,O:2026-07-08T20:00:00Z:2026-07-09T06:00:00Z,2026-07,DESCRIPTIVE_EXPOSED,O_FULL,SKIPPED,INSUFFICIENT_10H_TRADABLE_ROWS,420,7.0,,,,,,,,
TSLAUSDT-O-20260709T200000Z,TSLAUSDT,TRADITIONAL_EQUITY,O,,O:2026-07-09T20:00:00Z:2026-07-10T06:00:00Z,2026-07,DESCRIPTIVE_EXPOSED,O_FULL,SKIPPED,INSUFFICIENT_10H_TRADABLE_ROWS,420,7.0,,,,,,,,
TSLAUSDT-nyse_20260710T200000Z,TSLAUSDT,TRADITIONAL_EQUITY,W,,W:2026-07-10T20:00:00Z:2026-07-13T06:00:00Z,2026-07,DESCRIPTIVE_EXPOSED,W_HEAD_10H,READY,,600,10.0,0.005402525633873933,0.0017084286120486551,0.030743801652893192,0.6,0.00066,0.07666666666666666,1407.8,576.0
TSLAUSDT-nyse_20260710T200000Z,TSLAUSDT,TRADITIONAL_EQUITY,W,,W:2026-07-10T20:00:00Z:2026-07-13T06:00:00Z,2026-07,DESCRIPTIVE_EXPOSED,W_TAIL_10H,READY,,600,10.0,0.00936814783116674,0.0029624684603653437,0.12888746393074774,2.1,0.0023100000000000004,0.045,3268.2,1561.5
TSLAUSDT-O-20260713T200000Z,TSLAUSDT,TRADITIONAL_EQUITY,O,,O:2026-07-13T20:00:00Z:2026-07-14T06:00:00Z,2026-07,DESCRIPTIVE_EXPOSED,O_FULL,SKIPPED,INSUFFICIENT_10H_TRADABLE_ROWS,420,7.0,,,,,,,,
TSLAUSDT-O-20260714T200000Z,TSLAUSDT,TRADITIONAL_EQUITY,O,,O:2026-07-14T20:00:00Z:2026-07-15T06:00:00Z,2026-07,DESCRIPTIVE_EXPOSED,O_FULL,SKIPPED,INSUFFICIENT_10H_TRADABLE_ROWS,420,7.0,,,,,,,,
TSLAUSDT-O-20260715T200000Z,TSLAUSDT,TRADITIONAL_EQUITY,O,,O:2026-07-15T20:00:00Z:2026-07-16T06:00:00Z,2026-07,DESCRIPTIVE_EXPOSED,O_FULL,SKIPPED,INSUFFICIENT_10H_TRADABLE_ROWS,420,7.0,,,,,,,,
TSLAUSDT-O-20260716T200000Z,TSLAUSDT,TRADITIONAL_EQUITY,O,,O:2026-07-16T20:00:00Z:2026-07-17T06:00:00Z,2026-07,DESCRIPTIVE_EXPOSED,O_FULL,SKIPPED,INSUFFICIENT_10H_TRADABLE_ROWS,420,7.0,,,,,,,,
TSLAUSDT-nyse_20260717T200000Z,TSLAUSDT,TRADITIONAL_EQUITY,W,,W:2026-07-17T20:00:00Z:2026-07-20T06:00:00Z,2026-07,DESCRIPTIVE_EXPOSED,W_HEAD_10H,READY,,600,10.0,0.003141974473688444,0.0009935795686964268,0.054794520547948214,0.3,0.00033,0.10166666666666667,1487.4,542.3
TSLAUSDT-nyse_20260717T200000Z,TSLAUSDT,TRADITIONAL_EQUITY,W,,W:2026-07-17T20:00:00Z:2026-07-20T06:00:00Z,2026-07,DESCRIPTIVE_EXPOSED,W_TAIL_10H,READY,,600,10.0,0.011282106477711336,0.003567715327410752,0.025401929260450894,1.9,0.00209,0.04,2857.1,1385.3
TSLAUSDT-O-20260720T200000Z,TSLAUSDT,TRADITIONAL_EQUITY,O,,O:2026-07-20T20:00:00Z:2026-07-21T06:00:00Z,2026-07,DESCRIPTIVE_EXPOSED,O_FULL,SKIPPED,INSUFFICIENT_10H_TRADABLE_ROWS,420,7.0,,,,,,,,
TSLAUSDT-O-20260721T200000Z,TSLAUSDT,TRADITIONAL_EQUITY,O,,O:2026-07-21T20:00:00Z:2026-07-22T06:00:00Z,2026-07,DESCRIPTIVE_EXPOSED,O_FULL,SKIPPED,INSUFFICIENT_10H_TRADABLE_ROWS,420,7.0,,,,,,,,
TSLAUSDT-O-20260722T200000Z,TSLAUSDT,TRADITIONAL_EQUITY,O,,O:2026-07-22T20:00:00Z:2026-07-23T06:00:00Z,2026-07,DESCRIPTIVE_EXPOSED,O_FULL,SKIPPED,INSUFFICIENT_10H_TRADABLE_ROWS,420,7.0,,,,,,,,
TSLAUSDT-O-20260723T200000Z,TSLAUSDT,TRADITIONAL_EQUITY,O,,O:2026-07-23T20:00:00Z:2026-07-24T06:00:00Z,2026-07,DESCRIPTIVE_EXPOSED,O_FULL,SKIPPED,INSUFFICIENT_10H_TRADABLE_ROWS,60,1.0,,,,,,,,
