window_id,symbol,asset_group,group,seed,matched_window_id,matched_calendar_key,calendar_key,market_close,force_close_at,observation_start,observation_end,tradable_start,tradable_end,row_start_index,row_end_index,row_count,observation_rows,tradable_rows,tradable_hours,duration_minutes,month,split,listing_stage,window_type,status,skip_reason,data_gap_count
AMZNUSDT-nyse_20260213T210000Z,AMZNUSDT,TRADITIONAL_EQUITY,W,,,,W:2026-02-13T21:00:00Z:2026-02-17T07:00:00Z,2026-02-13T21:00:00Z,2026-02-17T07:00:00Z,2026-02-13T21:00:00+00:00,2026-02-13T23:59:59.999000+00:00,2026-02-14T00:00:00+00:00,2026-02-17T06:59:59.999000+00:00,5580,10500,4920,180,4740,79.0,4920.0,2026-02,DESCRIPTIVE_EXPOSED,LISTING_DAYS_1_14,THREE_DAY_LONG_WEEKEND,READY,,0
AMZNUSDT-nyse_20260220T210000Z,AMZNUSDT,TRADITIONAL_EQUITY,W,,,,W:2026-02-20T21:00:00Z:2026-02-23T07:00:00Z,2026-02-20T21:00:00Z,2026-02-23T07:00:00Z,2026-02-20T21:00:00+00:00,2026-02-20T23:59:59.999000+00:00,2026-02-21T00:00:00+00:00,2026-02-23T06:59:59.999000+00:00,15660,19140,3480,180,3300,55.0,3480.0,2026-02,DESCRIPTIVE_EXPOSED,LISTING_DAYS_1_14,REGULAR_WEEKEND,READY,,0
AMZNUSDT-nyse_20260227T210000Z,AMZNUSDT,TRADITIONAL_EQUITY,W,,,,W:2026-02-27T21:00:00Z:2026-03-02T07:00:00Z,2026-02-27T21:00:00Z,2026-03-02T07:00:00Z,2026-02-27T21:00:00+00:00,2026-02-27T23:59:59.999000+00:00,2026-02-28T00:00:00+00:00,2026-03-02T06:59:59.999000+00:00,25740,29220,3480,180,3300,55.0,3480.0,2026-02,DESCRIPTIVE_EXPOSED,LISTING_DAYS_15_30,REGULAR_WEEKEND,READY,,0
AMZNUSDT-nyse_20260306T210000Z,AMZNUSDT,TRADITIONAL_EQUITY,W,,,,W:2026-03-06T21:00:00Z:2026-03-09T06:00:00Z,2026-03-06T21:00:00Z,2026-03-09T06:00:00Z,2026-03-06T21:00:00+00:00,2026-03-06T23:59:59.999000+00:00,2026-03-07T00:00:00+00:00,2026-03-09T05:59:59.999000+00:00,35820,39240,3420,180,3240,54.0,3420.0,2026-03,RESEARCH_DEVELOPMENT,LISTING_DAYS_15_30,REGULAR_WEEKEND,READY,,0
AMZNUSDT-nyse_20260313T200000Z,AMZNUSDT,TRADITIONAL_EQUITY,W,,,,W:2026-03-13T20:00:00Z:2026-03-16T06:00:00Z,2026-03-13T20:00:00Z,2026-03-16T06:00:00Z,2026-03-13T20:00:00+00:00,2026-03-13T22:59:59.999000+00:00,2026-03-13T23:00:00+00:00,2026-03-16T05:59:59.999000+00:00,45840,49320,3480,180,3300,55.0,3480.0,2026-03,RESEARCH_DEVELOPMENT,LISTING_AFTER_30_DAYS,REGULAR_WEEKEND,READY,,0
AMZNUSDT-nyse_20260320T200000Z,AMZNUSDT,TRADITIONAL_EQUITY,W,,,,W:2026-03-20T20:00:00Z:2026-03-23T06:00:00Z,2026-03-20T20:00:00Z,2026-03-23T06:00:00Z,2026-03-20T20:00:00+00:00,2026-03-20T22:59:59.999000+00:00,2026-03-20T23:00:00+00:00,2026-03-23T05:59:59.999000+00:00,55920,59400,3480,180,3300,55.0,3480.0,2026-03,RESEARCH_DEVELOPMENT,LISTING_AFTER_30_DAYS,REGULAR_WEEKEND,READY,,0
AMZNUSDT-nyse_20260327T200000Z,AMZNUSDT,TRADITIONAL_EQUITY,W,,,,W:2026-03-27T20:00:00Z:2026-03-30T06:00:00Z,2026-03-27T20:00:00Z,2026-03-30T06:00:00Z,2026-03-27T20:00:00+00:00,2026-03-27T22:59:59.999000+00:00,2026-03-27T23:00:00+00:00,2026-03-30T05:59:59.999000+00:00,66000,69480,3480,180,3300,55.0,3480.0,2026-03,RESEARCH_DEVELOPMENT,LISTING_AFTER_30_DAYS,REGULAR_WEEKEND,READY,,0
AMZNUSDT-nyse_20260402T200000Z,AMZNUSDT,TRADITIONAL_EQUITY,W,,,,W:2026-04-02T20:00:00Z:2026-04-06T06:00:00Z,2026-04-02T20:00:00Z,2026-04-06T06:00:00Z,2026-04-02T20:00:00+00:00,2026-04-02T22:59:59.999000+00:00,2026-04-02T23:00:00+00:00,2026-04-06T05:59:59.999000+00:00,74640,79560,4920,180,4740,79.0,4920.0,2026-04,RESEARCH_DEVELOPMENT,LISTING_AFTER_30_DAYS,THREE_DAY_LONG_WEEKEND,READY,,0
AMZNUSDT-nyse_20260410T200000Z,AMZNUSDT,TRADITIONAL_EQUITY,W,,,,W:2026-04-10T20:00:00Z:2026-04-13T06:00:00Z,2026-04-10T20:00:00Z,2026-04-13T06:00:00Z,2026-04-10T20:00:00+00:00,2026-04-10T22:59:59.999000+00:00,2026-04-10T23:00:00+00:00,2026-04-13T05:59:59.999000+00:00,86160,89640,3480,180,3300,55.0,3480.0,2026-04,RESEARCH_DEVELOPMENT,LISTING_AFTER_30_DAYS,REGULAR_WEEKEND,READY,,0
AMZNUSDT-nyse_20260417T200000Z,AMZNUSDT,TRADITIONAL_EQUITY,W,,,,W:2026-04-17T20:00:00Z:2026-04-20T06:00:00Z,2026-04-17T20:00:00Z,2026-04-20T06:00:00Z,2026-04-17T20:00:00+00:00,2026-04-17T22:59:59.999000+00:00,2026-04-17T23:00:00+00:00,2026-04-20T05:59:59.999000+00:00,96240,99720,3480,180,3300,55.0,3480.0,2026-04,RESEARCH_DEVELOPMENT,LISTING_AFTER_30_DAYS,REGULAR_WEEKEND,READY,,0
AMZNUSDT-nyse_20260424T200000Z,AMZNUSDT,TRADITIONAL_EQUITY,W,,,,W:2026-04-24T20:00:00Z:2026-04-27T06:00:00Z,2026-04-24T20:00:00Z,2026-04-27T06:00:00Z,2026-04-24T20:00:00+00:00,2026-04-24T22:59:59.999000+00:00,2026-04-24T23:00:00+00:00,2026-04-27T05:59:59.999000+00:00,106320,109800,3480,180,3300,55.0,3480.0,2026-04,RESEARCH_DEVELOPMENT,LISTING_AFTER_30_DAYS,REGULAR_WEEKEND,READY,,0
AMZNUSDT-nyse_20260501T200000Z,AMZNUSDT,TRADITIONAL_EQUITY,W,,,,W:2026-05-01T20:00:00Z:2026-05-04T06:00:00Z,2026-05-01T20:00:00Z,2026-05-04T06:00:00Z,2026-05-01T20:00:00+00:00,2026-05-01T22:59:59.999000+00:00,2026-05-01T23:00:00+00:00,2026-05-04T05:59:59.999000+00:00,116400,119880,3480,180,3300,55.0,3480.0,2026-05,RESEARCH_DEVELOPMENT,LISTING_AFTER_30_DAYS,REGULAR_WEEKEND,READY,,0
AMZNUSDT-nyse_20260508T200000Z,AMZNUSDT,TRADITIONAL_EQUITY,W,,,,W:2026-05-08T20:00:00Z:2026-05-11T06:00:00Z,2026-05-08T20:00:00Z,2026-05-11T06:00:00Z,2026-05-08T20:00:00+00:00,2026-05-08T22:59:59.999000+00:00,2026-05-08T23:00:00+00:00,2026-05-11T05:59:59.999000+00:00,126480,129960,3480,180,3300,55.0,3480.0,2026-05,RESEARCH_DEVELOPMENT,LISTING_AFTER_30_DAYS,REGULAR_WEEKEND,READY,,0
AMZNUSDT-nyse_20260515T200000Z,AMZNUSDT,TRADITIONAL_EQUITY,W,,,,W:2026-05-15T20:00:00Z:2026-05-18T06:00:00Z,2026-05-15T20:00:00Z,2026-05-18T06:00:00Z,2026-05-15T20:00:00+00:00,2026-05-15T22:59:59.999000+00:00,2026-05-15T23:00:00+00:00,2026-05-18T05:59:59.999000+00:00,136560,140040,3480,180,3300,55.0,3480.0,2026-05,RESEARCH_DEVELOPMENT,LISTING_AFTER_30_DAYS,REGULAR_WEEKEND,READY,,0
AMZNUSDT-nyse_20260522T200000Z,AMZNUSDT,TRADITIONAL_EQUITY,W,,,,W:2026-05-22T20:00:00Z:2026-05-26T06:00:00Z,2026-05-22T20:00:00Z,2026-05-26T06:00:00Z,2026-05-22T20:00:00+00:00,2026-05-22T22:59:59.999000+00:00,2026-05-22T23:00:00+00:00,2026-05-26T05:59:59.999000+00:00,146640,151560,4920,180,4740,79.0,4920.0,2026-05,RESEARCH_DEVELOPMENT,LISTING_AFTER_30_DAYS,THREE_DAY_LONG_WEEKEND,READY,,0
AMZNUSDT-nyse_20260529T200000Z,AMZNUSDT,TRADITIONAL_EQUITY,W,,,,W:2026-05-29T20:00:00Z:2026-06-01T06:00:00Z,2026-05-29T20:00:00Z,2026-06-01T06:00:00Z,2026-05-29T20:00:00+00:00,2026-05-29T22:59:59.999000+00:00,2026-05-29T23:00:00+00:00,2026-06-01T05:59:59.999000+00:00,156720,160200,3480,180,3300,55.0,3480.0,2026-05,RESEARCH_DEVELOPMENT,LISTING_AFTER_30_DAYS,REGULAR_WEEKEND,READY,,0
AMZNUSDT-nyse_20260605T200000Z,AMZNUSDT,TRADITIONAL_EQUITY,W,,,,W:2026-06-05T20:00:00Z:2026-06-08T06:00:00Z,2026-06-05T20:00:00Z,2026-06-08T06:00:00Z,2026-06-05T20:00:00+00:00,2026-06-05T22:59:59.999000+00:00,2026-06-05T23:00:00+00:00,2026-06-08T05:59:59.999000+00:00,166800,170280,3480,180,3300,55.0,3480.0,2026-06,RESEARCH_VALIDATION_EXPOSED,LISTING_AFTER_30_DAYS,REGULAR_WEEKEND,READY,,0
AMZNUSDT-nyse_20260612T200000Z,AMZNUSDT,TRADITIONAL_EQUITY,W,,,,W:2026-06-12T20:00:00Z:2026-06-15T06:00:00Z,2026-06-12T20:00:00Z,2026-06-15T06:00:00Z,2026-06-12T20:00:00+00:00,2026-06-12T22:59:59.999000+00:00,2026-06-12T23:00:00+00:00,2026-06-15T05:59:59.999000+00:00,176880,180360,3480,180,3300,55.0,3480.0,2026-06,RESEARCH_VALIDATION_EXPOSED,LISTING_AFTER_30_DAYS,REGULAR_WEEKEND,READY,,0
AMZNUSDT-nyse_20260618T200000Z,AMZNUSDT,TRADITIONAL_EQUITY,W,,,,W:2026-06-18T20:00:00Z:2026-06-22T06:00:00Z,2026-06-18T20:00:00Z,2026-06-22T06:00:00Z,2026-06-18T20:00:00+00:00,2026-06-18T22:59:59.999000+00:00,2026-06-18T23:00:00+00:00,2026-06-22T05:59:59.999000+00:00,185520,190440,4920,180,4740,79.0,4920.0,2026-06,RESEARCH_VALIDATION_EXPOSED,LISTING_AFTER_30_DAYS,THREE_DAY_LONG_WEEKEND,READY,,0
AMZNUSDT-nyse_20260626T200000Z,AMZNUSDT,TRADITIONAL_EQUITY,W,,,,W:2026-06-26T20:00:00Z:2026-06-29T06:00:00Z,2026-06-26T20:00:00Z,2026-06-29T06:00:00Z,2026-06-26T20:00:00+00:00,2026-06-26T22:59:59.999000+00:00,2026-06-26T23:00:00+00:00,2026-06-29T05:59:59.999000+00:00,197040,200520,3480,180,3300,55.0,3480.0,2026-06,RESEARCH_VALIDATION_EXPOSED,LISTING_AFTER_30_DAYS,REGULAR_WEEKEND,READY,,0
AMZNUSDT-nyse_20260702T200000Z,AMZNUSDT,TRADITIONAL_EQUITY,W,,,,W:2026-07-02T20:00:00Z:2026-07-06T06:00:00Z,2026-07-02T20:00:00Z,2026-07-06T06:00:00Z,2026-07-02T20:00:00+00:00,2026-07-02T22:59:59.999000+00:00,2026-07-02T23:00:00+00:00,2026-07-06T05:59:59.999000+00:00,205680,210600,4920,180,4740,79.0,4920.0,2026-07,DESCRIPTIVE_EXPOSED,LISTING_AFTER_30_DAYS,THREE_DAY_LONG_WEEKEND,READY,,0
AMZNUSDT-nyse_20260710T200000Z,AMZNUSDT,TRADITIONAL_EQUITY,W,,,,W:2026-07-10T20:00:00Z:2026-07-13T06:00:00Z,2026-07-10T20:00:00Z,2026-07-13T06:00:00Z,2026-07-10T20:00:00+00:00,2026-07-10T22:59:59.999000+00:00,2026-07-10T23:00:00+00:00,2026-07-13T05:59:59.999000+00:00,217200,220680,3480,180,3300,55.0,3480.0,2026-07,DESCRIPTIVE_EXPOSED,LISTING_AFTER_30_DAYS,REGULAR_WEEKEND,READY,,0
AMZNUSDT-nyse_20260717T200000Z,AMZNUSDT,TRADITIONAL_EQUITY,W,,,,W:2026-07-17T20:00:00Z:2026-07-20T06:00:00Z,2026-07-17T20:00:00Z,2026-07-20T06:00:00Z,2026-07-17T20:00:00+00:00,2026-07-17T22:59:59.999000+00:00,2026-07-17T23:00:00+00:00,2026-07-20T05:59:59.999000+00:00,227280,230760,3480,180,3300,55.0,3480.0,2026-07,DESCRIPTIVE_EXPOSED,LISTING_AFTER_30_DAYS,REGULAR_WEEKEND,READY,,0
COINUSDT-nyse_20260213T210000Z,COINUSDT,CRYPTO_SENSITIVE_EQUITY,W,,,,W:2026-02-13T21:00:00Z:2026-02-17T07:00:00Z,2026-02-13T21:00:00Z,2026-02-17T07:00:00Z,2026-02-13T21:00:00+00:00,2026-02-13T23:59:59.999000+00:00,2026-02-14T00:00:00+00:00,2026-02-17T06:59:59.999000+00:00,5580,10500,4920,180,4740,79.0,4920.0,2026-02,DESCRIPTIVE_EXPOSED,LISTING_DAYS_1_14,THREE_DAY_LONG_WEEKEND,READY,,0
COINUSDT-nyse_20260220T210000Z,COINUSDT,CRYPTO_SENSITIVE_EQUITY,W,,,,W:2026-02-20T21:00:00Z:2026-02-23T07:00:00Z,2026-02-20T21:00:00Z,2026-02-23T07:00:00Z,2026-02-20T21:00:00+00:00,2026-02-20T23:59:59.999000+00:00,2026-02-21T00:00:00+00:00,2026-02-23T06:59:59.999000+00:00,15660,19140,3480,180,3300,55.0,3480.0,2026-02,DESCRIPTIVE_EXPOSED,LISTING_DAYS_1_14,REGULAR_WEEKEND,READY,,0
COINUSDT-nyse_20260227T210000Z,COINUSDT,CRYPTO_SENSITIVE_EQUITY,W,,,,W:2026-02-27T21:00:00Z:2026-03-02T07:00:00Z,2026-02-27T21:00:00Z,2026-03-02T07:00:00Z,2026-02-27T21:00:00+00:00,2026-02-27T23:59:59.999000+00:00,2026-02-28T00:00:00+00:00,2026-03-02T06:59:59.999000+00:00,25740,29220,3480,180,3300,55.0,3480.0,2026-02,DESCRIPTIVE_EXPOSED,LISTING_DAYS_15_30,REGULAR_WEEKEND,READY,,0
COINUSDT-nyse_20260306T210000Z,COINUSDT,CRYPTO_SENSITIVE_EQUITY,W,,,,W:2026-03-06T21:00:00Z:2026-03-09T06:00:00Z,2026-03-06T21:00:00Z,2026-03-09T06:00:00Z,2026-03-06T21:00:00+00:00,2026-03-06T23:59:59.999000+00:00,2026-03-07T00:00:00+00:00,2026-03-09T05:59:59.999000+00:00,35820,39240,3420,180,3240,54.0,3420.0,2026-03,RESEARCH_DEVELOPMENT,LISTING_DAYS_15_30,REGULAR_WEEKEND,READY,,0
COINUSDT-nyse_20260313T200000Z,COINUSDT,CRYPTO_SENSITIVE_EQUITY,W,,,,W:2026-03-13T20:00:00Z:2026-03-16T06:00:00Z,2026-03-13T20:00:00Z,2026-03-16T06:00:00Z,2026-03-13T20:00:00+00:00,2026-03-13T22:59:59.999000+00:00,2026-03-13T23:00:00+00:00,2026-03-16T05:59:59.999000+00:00,45840,49320,3480,180,3300,55.0,3480.0,2026-03,RESEARCH_DEVELOPMENT,LISTING_AFTER_30_DAYS,REGULAR_WEEKEND,READY,,0
COINUSDT-nyse_20260320T200000Z,COINUSDT,CRYPTO_SENSITIVE_EQUITY,W,,,,W:2026-03-20T20:00:00Z:2026-03-23T06:00:00Z,2026-03-20T20:00:00Z,2026-03-23T06:00:00Z,2026-03-20T20:00:00+00:00,2026-03-20T22:59:59.999000+00:00,2026-03-20T23:00:00+00:00,2026-03-23T05:59:59.999000+00:00,55920,59400,3480,180,3300,55.0,3480.0,2026-03,RESEARCH_DEVELOPMENT,LISTING_AFTER_30_DAYS,REGULAR_WEEKEND,READY,,0
COINUSDT-nyse_20260327T200000Z,COINUSDT,CRYPTO_SENSITIVE_EQUITY,W,,,,W:2026-03-27T20:00:00Z:2026-03-30T06:00:00Z,2026-03-27T20:00:00Z,2026-03-30T06:00:00Z,2026-03-27T20:00:00+00:00,2026-03-27T22:59:59.999000+00:00,2026-03-27T23:00:00+00:00,2026-03-30T05:59:59.999000+00:00,66000,69480,3480,180,3300,55.0,3480.0,2026-03,RESEARCH_DEVELOPMENT,LISTING_AFTER_30_DAYS,REGULAR_WEEKEND,READY,,0
COINUSDT-nyse_20260402T200000Z,COINUSDT,CRYPTO_SENSITIVE_EQUITY,W,,,,W:2026-04-02T20:00:00Z:2026-04-06T06:00:00Z,2026-04-02T20:00:00Z,2026-04-06T06:00:00Z,2026-04-02T20:00:00+00:00,2026-04-02T22:59:59.999000+00:00,2026-04-02T23:00:00+00:00,2026-04-06T05:59:59.999000+00:00,74640,79560,4920,180,4740,79.0,4920.0,2026-04,RESEARCH_DEVELOPMENT,LISTING_AFTER_30_DAYS,THREE_DAY_LONG_WEEKEND,READY,,0
COINUSDT-nyse_20260410T200000Z,COINUSDT,CRYPTO_SENSITIVE_EQUITY,W,,,,W:2026-04-10T20:00:00Z:2026-04-13T06:00:00Z,2026-04-10T20:00:00Z,2026-04-13T06:00:00Z,2026-04-10T20:00:00+00:00,2026-04-10T22:59:59.999000+00:00,2026-04-10T23:00:00+00:00,2026-04-13T05:59:59.999000+00:00,86160,89640,3480,180,3300,55.0,3480.0,2026-04,RESEARCH_DEVELOPMENT,LISTING_AFTER_30_DAYS,REGULAR_WEEKEND,READY,,0
COINUSDT-nyse_20260417T200000Z,COINUSDT,CRYPTO_SENSITIVE_EQUITY,W,,,,W:2026-04-17T20:00:00Z:2026-04-20T06:00:00Z,2026-04-17T20:00:00Z,2026-04-20T06:00:00Z,2026-04-17T20:00:00+00:00,2026-04-17T22:59:59.999000+00:00,2026-04-17T23:00:00+00:00,2026-04-20T05:59:59.999000+00:00,96240,99720,3480,180,3300,55.0,3480.0,2026-04,RESEARCH_DEVELOPMENT,LISTING_AFTER_30_DAYS,REGULAR_WEEKEND,READY,,0
COINUSDT-nyse_20260424T200000Z,COINUSDT,CRYPTO_SENSITIVE_EQUITY,W,,,,W:2026-04-24T20:00:00Z:2026-04-27T06:00:00Z,2026-04-24T20:00:00Z,2026-04-27T06:00:00Z,2026-04-24T20:00:00+00:00,2026-04-24T22:59:59.999000+00:00,2026-04-24T23:00:00+00:00,2026-04-27T05:59:59.999000+00:00,106320,109800,3480,180,3300,55.0,3480.0,2026-04,RESEARCH_DEVELOPMENT,LISTING_AFTER_30_DAYS,REGULAR_WEEKEND,READY,,0
COINUSDT-nyse_20260501T200000Z,COINUSDT,CRYPTO_SENSITIVE_EQUITY,W,,,,W:2026-05-01T20:00:00Z:2026-05-04T06:00:00Z,2026-05-01T20:00:00Z,2026-05-04T06:00:00Z,2026-05-01T20:00:00+00:00,2026-05-01T22:59:59.999000+00:00,2026-05-01T23:00:00+00:00,2026-05-04T05:59:59.999000+00:00,116400,119880,3480,180,3300,55.0,3480.0,2026-05,RESEARCH_DEVELOPMENT,LISTING_AFTER_30_DAYS,REGULAR_WEEKEND,READY,,0
COINUSDT-nyse_20260508T200000Z,COINUSDT,CRYPTO_SENSITIVE_EQUITY,W,,,,W:2026-05-08T20:00:00Z:2026-05-11T06:00:00Z,2026-05-08T20:00:00Z,2026-05-11T06:00:00Z,2026-05-08T20:00:00+00:00,2026-05-08T22:59:59.999000+00:00,2026-05-08T23:00:00+00:00,2026-05-11T05:59:59.999000+00:00,126480,129960,3480,180,3300,55.0,3480.0,2026-05,RESEARCH_DEVELOPMENT,LISTING_AFTER_30_DAYS,REGULAR_WEEKEND,READY,,0
COINUSDT-nyse_20260515T200000Z,COINUSDT,CRYPTO_SENSITIVE_EQUITY,W,,,,W:2026-05-15T20:00:00Z:2026-05-18T06:00:00Z,2026-05-15T20:00:00Z,2026-05-18T06:00:00Z,2026-05-15T20:00:00+00:00,2026-05-15T22:59:59.999000+00:00,2026-05-15T23:00:00+00:00,2026-05-18T05:59:59.999000+00:00,136560,140040,3480,180,3300,55.0,3480.0,2026-05,RESEARCH_DEVELOPMENT,LISTING_AFTER_30_DAYS,REGULAR_WEEKEND,READY,,0
COINUSDT-nyse_20260522T200000Z,COINUSDT,CRYPTO_SENSITIVE_EQUITY,W,,,,W:2026-05-22T20:00:00Z:2026-05-26T06:00:00Z,2026-05-22T20:00:00Z,2026-05-26T06:00:00Z,2026-05-22T20:00:00+00:00,2026-05-22T22:59:59.999000+00:00,2026-05-22T23:00:00+00:00,2026-05-26T05:59:59.999000+00:00,146640,151560,4920,180,4740,79.0,4920.0,2026-05,RESEARCH_DEVELOPMENT,LISTING_AFTER_30_DAYS,THREE_DAY_LONG_WEEKEND,READY,,0
COINUSDT-nyse_20260529T200000Z,COINUSDT,CRYPTO_SENSITIVE_EQUITY,W,,,,W:2026-05-29T20:00:00Z:2026-06-01T06:00:00Z,2026-05-29T20:00:00Z,2026-06-01T06:00:00Z,2026-05-29T20:00:00+00:00,2026-05-29T22:59:59.999000+00:00,2026-05-29T23:00:00+00:00,2026-06-01T05:59:59.999000+00:00,156720,160200,3480,180,3300,55.0,3480.0,2026-05,RESEARCH_DEVELOPMENT,LISTING_AFTER_30_DAYS,REGULAR_WEEKEND,READY,,0
COINUSDT-nyse_20260605T200000Z,COINUSDT,CRYPTO_SENSITIVE_EQUITY,W,,,,W:2026-06-05T20:00:00Z:2026-06-08T06:00:00Z,2026-06-05T20:00:00Z,2026-06-08T06:00:00Z,2026-06-05T20:00:00+00:00,2026-06-05T22:59:59.999000+00:00,2026-06-05T23:00:00+00:00,2026-06-08T05:59:59.999000+00:00,166800,170280,3480,180,3300,55.0,3480.0,2026-06,RESEARCH_VALIDATION_EXPOSED,LISTING_AFTER_30_DAYS,REGULAR_WEEKEND,READY,,0
COINUSDT-nyse_20260612T200000Z,COINUSDT,CRYPTO_SENSITIVE_EQUITY,W,,,,W:2026-06-12T20:00:00Z:2026-06-15T06:00:00Z,2026-06-12T20:00:00Z,2026-06-15T06:00:00Z,2026-06-12T20:00:00+00:00,2026-06-12T22:59:59.999000+00:00,2026-06-12T23:00:00+00:00,2026-06-15T05:59:59.999000+00:00,176880,180360,3480,180,3300,55.0,3480.0,2026-06,RESEARCH_VALIDATION_EXPOSED,LISTING_AFTER_30_DAYS,REGULAR_WEEKEND,READY,,0
COINUSDT-nyse_20260618T200000Z,COINUSDT,CRYPTO_SENSITIVE_EQUITY,W,,,,W:2026-06-18T20:00:00Z:2026-06-22T06:00:00Z,2026-06-18T20:00:00Z,2026-06-22T06:00:00Z,2026-06-18T20:00:00+00:00,2026-06-18T22:59:59.999000+00:00,2026-06-18T23:00:00+00:00,2026-06-22T05:59:59.999000+00:00,185520,190440,4920,180,4740,79.0,4920.0,2026-06,RESEARCH_VALIDATION_EXPOSED,LISTING_AFTER_30_DAYS,THREE_DAY_LONG_WEEKEND,READY,,0
COINUSDT-nyse_20260626T200000Z,COINUSDT,CRYPTO_SENSITIVE_EQUITY,W,,,,W:2026-06-26T20:00:00Z:2026-06-29T06:00:00Z,2026-06-26T20:00:00Z,2026-06-29T06:00:00Z,2026-06-26T20:00:00+00:00,2026-06-26T22:59:59.999000+00:00,2026-06-26T23:00:00+00:00,2026-06-29T05:59:59.999000+00:00,197040,200520,3480,180,3300,55.0,3480.0,2026-06,RESEARCH_VALIDATION_EXPOSED,LISTING_AFTER_30_DAYS,REGULAR_WEEKEND,READY,,0
COINUSDT-nyse_20260702T200000Z,COINUSDT,CRYPTO_SENSITIVE_EQUITY,W,,,,W:2026-07-02T20:00:00Z:2026-07-06T06:00:00Z,2026-07-02T20:00:00Z,2026-07-06T06:00:00Z,2026-07-02T20:00:00+00:00,2026-07-02T22:59:59.999000+00:00,2026-07-02T23:00:00+00:00,2026-07-06T05:59:59.999000+00:00,205680,210600,4920,180,4740,79.0,4920.0,2026-07,DESCRIPTIVE_EXPOSED,LISTING_AFTER_30_DAYS,THREE_DAY_LONG_WEEKEND,READY,,0
COINUSDT-nyse_20260710T200000Z,COINUSDT,CRYPTO_SENSITIVE_EQUITY,W,,,,W:2026-07-10T20:00:00Z:2026-07-13T06:00:00Z,2026-07-10T20:00:00Z,2026-07-13T06:00:00Z,2026-07-10T20:00:00+00:00,2026-07-10T22:59:59.999000+00:00,2026-07-10T23:00:00+00:00,2026-07-13T05:59:59.999000+00:00,217200,220680,3480,180,3300,55.0,3480.0,2026-07,DESCRIPTIVE_EXPOSED,LISTING_AFTER_30_DAYS,REGULAR_WEEKEND,READY,,0
COINUSDT-nyse_20260717T200000Z,COINUSDT,CRYPTO_SENSITIVE_EQUITY,W,,,,W:2026-07-17T20:00:00Z:2026-07-20T06:00:00Z,2026-07-17T20:00:00Z,2026-07-20T06:00:00Z,2026-07-17T20:00:00+00:00,2026-07-17T22:59:59.999000+00:00,2026-07-17T23:00:00+00:00,2026-07-20T05:59:59.999000+00:00,227280,230760,3480,180,3300,55.0,3480.0,2026-07,DESCRIPTIVE_EXPOSED,LISTING_AFTER_30_DAYS,REGULAR_WEEKEND,READY,,0
CRCLUSDT-nyse_20260213T210000Z,CRCLUSDT,CRYPTO_SENSITIVE_EQUITY,W,,,,W:2026-02-13T21:00:00Z:2026-02-17T07:00:00Z,2026-02-13T21:00:00Z,2026-02-17T07:00:00Z,2026-02-13T21:00:00+00:00,2026-02-13T23:59:59.999000+00:00,2026-02-14T00:00:00+00:00,2026-02-17T06:59:59.999000+00:00,5580,10500,4920,180,4740,79.0,4920.0,2026-02,DESCRIPTIVE_EXPOSED,LISTING_DAYS_1_14,THREE_DAY_LONG_WEEKEND,READY,,0
CRCLUSDT-nyse_20260220T210000Z,CRCLUSDT,CRYPTO_SENSITIVE_EQUITY,W,,,,W:2026-02-20T21:00:00Z:2026-02-23T07:00:00Z,2026-02-20T21:00:00Z,2026-02-23T07:00:00Z,2026-02-20T21:00:00+00:00,2026-02-20T23:59:59.999000+00:00,2026-02-21T00:00:00+00:00,2026-02-23T06:59:59.999000+00:00,15660,19140,3480,180,3300,55.0,3480.0,2026-02,DESCRIPTIVE_EXPOSED,LISTING_DAYS_1_14,REGULAR_WEEKEND,READY,,0
CRCLUSDT-nyse_20260227T210000Z,CRCLUSDT,CRYPTO_SENSITIVE_EQUITY,W,,,,W:2026-02-27T21:00:00Z:2026-03-02T07:00:00Z,2026-02-27T21:00:00Z,2026-03-02T07:00:00Z,2026-02-27T21:00:00+00:00,2026-02-27T23:59:59.999000+00:00,2026-02-28T00:00:00+00:00,2026-03-02T06:59:59.999000+00:00,25740,29220,3480,180,3300,55.0,3480.0,2026-02,DESCRIPTIVE_EXPOSED,LISTING_DAYS_15_30,REGULAR_WEEKEND,READY,,0
CRCLUSDT-nyse_20260306T210000Z,CRCLUSDT,CRYPTO_SENSITIVE_EQUITY,W,,,,W:2026-03-06T21:00:00Z:2026-03-09T06:00:00Z,2026-03-06T21:00:00Z,2026-03-09T06:00:00Z,2026-03-06T21:00:00+00:00,2026-03-06T23:59:59.999000+00:00,2026-03-07T00:00:00+00:00,2026-03-09T05:59:59.999000+00:00,35820,39240,3420,180,3240,54.0,3420.0,2026-03,RESEARCH_DEVELOPMENT,LISTING_DAYS_15_30,REGULAR_WEEKEND,READY,,0
CRCLUSDT-nyse_20260313T200000Z,CRCLUSDT,CRYPTO_SENSITIVE_EQUITY,W,,,,W:2026-03-13T20:00:00Z:2026-03-16T06:00:00Z,2026-03-13T20:00:00Z,2026-03-16T06:00:00Z,2026-03-13T20:00:00+00:00,2026-03-13T22:59:59.999000+00:00,2026-03-13T23:00:00+00:00,2026-03-16T05:59:59.999000+00:00,45840,49320,3480,180,3300,55.0,3480.0,2026-03,RESEARCH_DEVELOPMENT,LISTING_AFTER_30_DAYS,REGULAR_WEEKEND,READY,,0
CRCLUSDT-nyse_20260320T200000Z,CRCLUSDT,CRYPTO_SENSITIVE_EQUITY,W,,,,W:2026-03-20T20:00:00Z:2026-03-23T06:00:00Z,2026-03-20T20:00:00Z,2026-03-23T06:00:00Z,2026-03-20T20:00:00+00:00,2026-03-20T22:59:59.999000+00:00,2026-03-20T23:00:00+00:00,2026-03-23T05:59:59.999000+00:00,55920,59400,3480,180,3300,55.0,3480.0,2026-03,RESEARCH_DEVELOPMENT,LISTING_AFTER_30_DAYS,REGULAR_WEEKEND,READY,,0
CRCLUSDT-nyse_20260327T200000Z,CRCLUSDT,CRYPTO_SENSITIVE_EQUITY,W,,,,W:2026-03-27T20:00:00Z:2026-03-30T06:00:00Z,2026-03-27T20:00:00Z,2026-03-30T06:00:00Z,2026-03-27T20:00:00+00:00,2026-03-27T22:59:59.999000+00:00,2026-03-27T23:00:00+00:00,2026-03-30T05:59:59.999000+00:00,66000,69480,3480,180,3300,55.0,3480.0,2026-03,RESEARCH_DEVELOPMENT,LISTING_AFTER_30_DAYS,REGULAR_WEEKEND,READY,,0
CRCLUSDT-nyse_20260402T200000Z,CRCLUSDT,CRYPTO_SENSITIVE_EQUITY,W,,,,W:2026-04-02T20:00:00Z:2026-04-06T06:00:00Z,2026-04-02T20:00:00Z,2026-04-06T06:00:00Z,2026-04-02T20:00:00+00:00,2026-04-02T22:59:59.999000+00:00,2026-04-02T23:00:00+00:00,2026-04-06T05:59:59.999000+00:00,74640,79560,4920,180,4740,79.0,4920.0,2026-04,RESEARCH_DEVELOPMENT,LISTING_AFTER_30_DAYS,THREE_DAY_LONG_WEEKEND,READY,,0
CRCLUSDT-nyse_20260410T200000Z,CRCLUSDT,CRYPTO_SENSITIVE_EQUITY,W,,,,W:2026-04-10T20:00:00Z:2026-04-13T06:00:00Z,2026-04-10T20:00:00Z,2026-04-13T06:00:00Z,2026-04-10T20:00:00+00:00,2026-04-10T22:59:59.999000+00:00,2026-04-10T23:00:00+00:00,2026-04-13T05:59:59.999000+00:00,86160,89640,3480,180,3300,55.0,3480.0,2026-04,RESEARCH_DEVELOPMENT,LISTING_AFTER_30_DAYS,REGULAR_WEEKEND,READY,,0
CRCLUSDT-nyse_20260417T200000Z,CRCLUSDT,CRYPTO_SENSITIVE_EQUITY,W,,,,W:2026-04-17T20:00:00Z:2026-04-20T06:00:00Z,2026-04-17T20:00:00Z,2026-04-20T06:00:00Z,2026-04-17T20:00:00+00:00,2026-04-17T22:59:59.999000+00:00,2026-04-17T23:00:00+00:00,2026-04-20T05:59:59.999000+00:00,96240,99720,3480,180,3300,55.0,3480.0,2026-04,RESEARCH_DEVELOPMENT,LISTING_AFTER_30_DAYS,REGULAR_WEEKEND,READY,,0
CRCLUSDT-nyse_20260424T200000Z,CRCLUSDT,CRYPTO_SENSITIVE_EQUITY,W,,,,W:2026-04-24T20:00:00Z:2026-04-27T06:00:00Z,2026-04-24T20:00:00Z,2026-04-27T06:00:00Z,2026-04-24T20:00:00+00:00,2026-04-24T22:59:59.999000+00:00,2026-04-24T23:00:00+00:00,2026-04-27T05:59:59.999000+00:00,106320,109800,3480,180,3300,55.0,3480.0,2026-04,RESEARCH_DEVELOPMENT,LISTING_AFTER_30_DAYS,REGULAR_WEEKEND,READY,,0
CRCLUSDT-nyse_20260501T200000Z,CRCLUSDT,CRYPTO_SENSITIVE_EQUITY,W,,,,W:2026-05-01T20:00:00Z:2026-05-04T06:00:00Z,2026-05-01T20:00:00Z,2026-05-04T06:00:00Z,2026-05-01T20:00:00+00:00,2026-05-01T22:59:59.999000+00:00,2026-05-01T23:00:00+00:00,2026-05-04T05:59:59.999000+00:00,116400,119880,3480,180,3300,55.0,3480.0,2026-05,RESEARCH_DEVELOPMENT,LISTING_AFTER_30_DAYS,REGULAR_WEEKEND,READY,,0
CRCLUSDT-nyse_20260508T200000Z,CRCLUSDT,CRYPTO_SENSITIVE_EQUITY,W,,,,W:2026-05-08T20:00:00Z:2026-05-11T06:00:00Z,2026-05-08T20:00:00Z,2026-05-11T06:00:00Z,2026-05-08T20:00:00+00:00,2026-05-08T22:59:59.999000+00:00,2026-05-08T23:00:00+00:00,2026-05-11T05:59:59.999000+00:00,126480,129960,3480,180,3300,55.0,3480.0,2026-05,RESEARCH_DEVELOPMENT,LISTING_AFTER_30_DAYS,REGULAR_WEEKEND,READY,,0
CRCLUSDT-nyse_20260515T200000Z,CRCLUSDT,CRYPTO_SENSITIVE_EQUITY,W,,,,W:2026-05-15T20:00:00Z:2026-05-18T06:00:00Z,2026-05-15T20:00:00Z,2026-05-18T06:00:00Z,2026-05-15T20:00:00+00:00,2026-05-15T22:59:59.999000+00:00,2026-05-15T23:00:00+00:00,2026-05-18T05:59:59.999000+00:00,136560,140040,3480,180,3300,55.0,3480.0,2026-05,RESEARCH_DEVELOPMENT,LISTING_AFTER_30_DAYS,REGULAR_WEEKEND,READY,,0
CRCLUSDT-nyse_20260522T200000Z,CRCLUSDT,CRYPTO_SENSITIVE_EQUITY,W,,,,W:2026-05-22T20:00:00Z:2026-05-26T06:00:00Z,2026-05-22T20:00:00Z,2026-05-26T06:00:00Z,2026-05-22T20:00:00+00:00,2026-05-22T22:59:59.999000+00:00,2026-05-22T23:00:00+00:00,2026-05-26T05:59:59.999000+00:00,146640,151560,4920,180,4740,79.0,4920.0,2026-05,RESEARCH_DEVELOPMENT,LISTING_AFTER_30_DAYS,THREE_DAY_LONG_WEEKEND,READY,,0
CRCLUSDT-nyse_20260529T200000Z,CRCLUSDT,CRYPTO_SENSITIVE_EQUITY,W,,,,W:2026-05-29T20:00:00Z:2026-06-01T06:00:00Z,2026-05-29T20:00:00Z,2026-06-01T06:00:00Z,2026-05-29T20:00:00+00:00,2026-05-29T22:59:59.999000+00:00,2026-05-29T23:00:00+00:00,2026-06-01T05:59:59.999000+00:00,156720,160200,3480,180,3300,55.0,3480.0,2026-05,RESEARCH_DEVELOPMENT,LISTING_AFTER_30_DAYS,REGULAR_WEEKEND,READY,,0
CRCLUSDT-nyse_20260605T200000Z,CRCLUSDT,CRYPTO_SENSITIVE_EQUITY,W,,,,W:2026-06-05T20:00:00Z:2026-06-08T06:00:00Z,2026-06-05T20:00:00Z,2026-06-08T06:00:00Z,2026-06-05T20:00:00+00:00,2026-06-05T22:59:59.999000+00:00,2026-06-05T23:00:00+00:00,2026-06-08T05:59:59.999000+00:00,166800,170280,3480,180,3300,55.0,3480.0,2026-06,RESEARCH_VALIDATION_EXPOSED,LISTING_AFTER_30_DAYS,REGULAR_WEEKEND,READY,,0
CRCLUSDT-nyse_20260612T200000Z,CRCLUSDT,CRYPTO_SENSITIVE_EQUITY,W,,,,W:2026-06-12T20:00:00Z:2026-06-15T06:00:00Z,2026-06-12T20:00:00Z,2026-06-15T06:00:00Z,2026-06-12T20:00:00+00:00,2026-06-12T22:59:59.999000+00:00,2026-06-12T23:00:00+00:00,2026-06-15T05:59:59.999000+00:00,176880,180360,3480,180,3300,55.0,3480.0,2026-06,RESEARCH_VALIDATION_EXPOSED,LISTING_AFTER_30_DAYS,REGULAR_WEEKEND,READY,,0
CRCLUSDT-nyse_20260618T200000Z,CRCLUSDT,CRYPTO_SENSITIVE_EQUITY,W,,,,W:2026-06-18T20:00:00Z:2026-06-22T06:00:00Z,2026-06-18T20:00:00Z,2026-06-22T06:00:00Z,2026-06-18T20:00:00+00:00,2026-06-18T22:59:59.999000+00:00,2026-06-18T23:00:00+00:00,2026-06-22T05:59:59.999000+00:00,185520,190440,4920,180,4740,79.0,4920.0,2026-06,RESEARCH_VALIDATION_EXPOSED,LISTING_AFTER_30_DAYS,THREE_DAY_LONG_WEEKEND,READY,,0
CRCLUSDT-nyse_20260626T200000Z,CRCLUSDT,CRYPTO_SENSITIVE_EQUITY,W,,,,W:2026-06-26T20:00:00Z:2026-06-29T06:00:00Z,2026-06-26T20:00:00Z,2026-06-29T06:00:00Z,2026-06-26T20:00:00+00:00,2026-06-26T22:59:59.999000+00:00,2026-06-26T23:00:00+00:00,2026-06-29T05:59:59.999000+00:00,197040,200520,3480,180,3300,55.0,3480.0,2026-06,RESEARCH_VALIDATION_EXPOSED,LISTING_AFTER_30_DAYS,REGULAR_WEEKEND,READY,,0
CRCLUSDT-nyse_20260702T200000Z,CRCLUSDT,CRYPTO_SENSITIVE_EQUITY,W,,,,W:2026-07-02T20:00:00Z:2026-07-06T06:00:00Z,2026-07-02T20:00:00Z,2026-07-06T06:00:00Z,2026-07-02T20:00:00+00:00,2026-07-02T22:59:59.999000+00:00,2026-07-02T23:00:00+00:00,2026-07-06T05:59:59.999000+00:00,205680,210600,4920,180,4740,79.0,4920.0,2026-07,DESCRIPTIVE_EXPOSED,LISTING_AFTER_30_DAYS,THREE_DAY_LONG_WEEKEND,READY,,0
CRCLUSDT-nyse_20260710T200000Z,CRCLUSDT,CRYPTO_SENSITIVE_EQUITY,W,,,,W:2026-07-10T20:00:00Z:2026-07-13T06:00:00Z,2026-07-10T20:00:00Z,2026-07-13T06:00:00Z,2026-07-10T20:00:00+00:00,2026-07-10T22:59:59.999000+00:00,2026-07-10T23:00:00+00:00,2026-07-13T05:59:59.999000+00:00,217200,220680,3480,180,3300,55.0,3480.0,2026-07,DESCRIPTIVE_EXPOSED,LISTING_AFTER_30_DAYS,REGULAR_WEEKEND,READY,,0
CRCLUSDT-nyse_20260717T200000Z,CRCLUSDT,CRYPTO_SENSITIVE_EQUITY,W,,,,W:2026-07-17T20:00:00Z:2026-07-20T06:00:00Z,2026-07-17T20:00:00Z,2026-07-20T06:00:00Z,2026-07-17T20:00:00+00:00,2026-07-17T22:59:59.999000+00:00,2026-07-17T23:00:00+00:00,2026-07-20T05:59:59.999000+00:00,227280,230760,3480,180,3300,55.0,3480.0,2026-07,DESCRIPTIVE_EXPOSED,LISTING_AFTER_30_DAYS,REGULAR_WEEKEND,READY,,0
HOODUSDT-nyse_20260206T210000Z,HOODUSDT,CRYPTO_SENSITIVE_EQUITY,W,,,,W:2026-02-06T21:00:00Z:2026-02-09T07:00:00Z,2026-02-06T21:00:00Z,2026-02-09T07:00:00Z,2026-02-06T21:00:00+00:00,2026-02-06T23:59:59.999000+00:00,2026-02-07T00:00:00+00:00,2026-02-09T06:59:59.999000+00:00,5580,9060,3480,180,3300,55.0,3480.0,2026-02,DESCRIPTIVE_EXPOSED,LISTING_DAYS_1_14,REGULAR_WEEKEND,READY,,0
HOODUSDT-nyse_20260213T210000Z,HOODUSDT,CRYPTO_SENSITIVE_EQUITY,W,,,,W:2026-02-13T21:00:00Z:2026-02-17T07:00:00Z,2026-02-13T21:00:00Z,2026-02-17T07:00:00Z,2026-02-13T21:00:00+00:00,2026-02-13T23:59:59.999000+00:00,2026-02-14T00:00:00+00:00,2026-02-17T06:59:59.999000+00:00,15660,20580,4920,180,4740,79.0,4920.0,2026-02,DESCRIPTIVE_EXPOSED,LISTING_DAYS_1_14,THREE_DAY_LONG_WEEKEND,READY,,0
HOODUSDT-nyse_20260220T210000Z,HOODUSDT,CRYPTO_SENSITIVE_EQUITY,W,,,,W:2026-02-20T21:00:00Z:2026-02-23T07:00:00Z,2026-02-20T21:00:00Z,2026-02-23T07:00:00Z,2026-02-20T21:00:00+00:00,2026-02-20T23:59:59.999000+00:00,2026-02-21T00:00:00+00:00,2026-02-23T06:59:59.999000+00:00,25740,29220,3480,180,3300,55.0,3480.0,2026-02,DESCRIPTIVE_EXPOSED,LISTING_DAYS_15_30,REGULAR_WEEKEND,READY,,0
HOODUSDT-nyse_20260227T210000Z,HOODUSDT,CRYPTO_SENSITIVE_EQUITY,W,,,,W:2026-02-27T21:00:00Z:2026-03-02T07:00:00Z,2026-02-27T21:00:00Z,2026-03-02T07:00:00Z,2026-02-27T21:00:00+00:00,2026-02-27T23:59:59.999000+00:00,2026-02-28T00:00:00+00:00,2026-03-02T06:59:59.999000+00:00,35820,39300,3480,180,3300,55.0,3480.0,2026-02,DESCRIPTIVE_EXPOSED,LISTING_DAYS_15_30,REGULAR_WEEKEND,READY,,0
HOODUSDT-nyse_20260306T210000Z,HOODUSDT,CRYPTO_SENSITIVE_EQUITY,W,,,,W:2026-03-06T21:00:00Z:2026-03-09T06:00:00Z,2026-03-06T21:00:00Z,2026-03-09T06:00:00Z,2026-03-06T21:00:00+00:00,2026-03-06T23:59:59.999000+00:00,2026-03-07T00:00:00+00:00,2026-03-09T05:59:59.999000+00:00,45900,49320,3420,180,3240,54.0,3420.0,2026-03,RESEARCH_DEVELOPMENT,LISTING_AFTER_30_DAYS,REGULAR_WEEKEND,READY,,0
HOODUSDT-nyse_20260313T200000Z,HOODUSDT,CRYPTO_SENSITIVE_EQUITY,W,,,,W:2026-03-13T20:00:00Z:2026-03-16T06:00:00Z,2026-03-13T20:00:00Z,2026-03-16T06:00:00Z,2026-03-13T20:00:00+00:00,2026-03-13T22:59:59.999000+00:00,2026-03-13T23:00:00+00:00,2026-03-16T05:59:59.999000+00:00,55920,59400,3480,180,3300,55.0,3480.0,2026-03,RESEARCH_DEVELOPMENT,LISTING_AFTER_30_DAYS,REGULAR_WEEKEND,READY,,0
HOODUSDT-nyse_20260320T200000Z,HOODUSDT,CRYPTO_SENSITIVE_EQUITY,W,,,,W:2026-03-20T20:00:00Z:2026-03-23T06:00:00Z,2026-03-20T20:00:00Z,2026-03-23T06:00:00Z,2026-03-20T20:00:00+00:00,2026-03-20T22:59:59.999000+00:00,2026-03-20T23:00:00+00:00,2026-03-23T05:59:59.999000+00:00,66000,69480,3480,180,3300,55.0,3480.0,2026-03,RESEARCH_DEVELOPMENT,LISTING_AFTER_30_DAYS,REGULAR_WEEKEND,READY,,0
HOODUSDT-nyse_20260327T200000Z,HOODUSDT,CRYPTO_SENSITIVE_EQUITY,W,,,,W:2026-03-27T20:00:00Z:2026-03-30T06:00:00Z,2026-03-27T20:00:00Z,2026-03-30T06:00:00Z,2026-03-27T20:00:00+00:00,2026-03-27T22:59:59.999000+00:00,2026-03-27T23:00:00+00:00,2026-03-30T05:59:59.999000+00:00,76080,79560,3480,180,3300,55.0,3480.0,2026-03,RESEARCH_DEVELOPMENT,LISTING_AFTER_30_DAYS,REGULAR_WEEKEND,READY,,0
HOODUSDT-nyse_20260402T200000Z,HOODUSDT,CRYPTO_SENSITIVE_EQUITY,W,,,,W:2026-04-02T20:00:00Z:2026-04-06T06:00:00Z,2026-04-02T20:00:00Z,2026-04-06T06:00:00Z,2026-04-02T20:00:00+00:00,2026-04-02T22:59:59.999000+00:00,2026-04-02T23:00:00+00:00,2026-04-06T05:59:59.999000+00:00,84720,89640,4920,180,4740,79.0,4920.0,2026-04,RESEARCH_DEVELOPMENT,LISTING_AFTER_30_DAYS,THREE_DAY_LONG_WEEKEND,READY,,0
HOODUSDT-nyse_20260410T200000Z,HOODUSDT,CRYPTO_SENSITIVE_EQUITY,W,,,,W:2026-04-10T20:00:00Z:2026-04-13T06:00:00Z,2026-04-10T20:00:00Z,2026-04-13T06:00:00Z,2026-04-10T20:00:00+00:00,2026-04-10T22:59:59.999000+00:00,2026-04-10T23:00:00+00:00,2026-04-13T05:59:59.999000+00:00,96240,99720,3480,180,3300,55.0,3480.0,2026-04,RESEARCH_DEVELOPMENT,LISTING_AFTER_30_DAYS,REGULAR_WEEKEND,READY,,0
HOODUSDT-nyse_20260417T200000Z,HOODUSDT,CRYPTO_SENSITIVE_EQUITY,W,,,,W:2026-04-17T20:00:00Z:2026-04-20T06:00:00Z,2026-04-17T20:00:00Z,2026-04-20T06:00:00Z,2026-04-17T20:00:00+00:00,2026-04-17T22:59:59.999000+00:00,2026-04-17T23:00:00+00:00,2026-04-20T05:59:59.999000+00:00,106320,109800,3480,180,3300,55.0,3480.0,2026-04,RESEARCH_DEVELOPMENT,LISTING_AFTER_30_DAYS,REGULAR_WEEKEND,READY,,0
HOODUSDT-nyse_20260424T200000Z,HOODUSDT,CRYPTO_SENSITIVE_EQUITY,W,,,,W:2026-04-24T20:00:00Z:2026-04-27T06:00:00Z,2026-04-24T20:00:00Z,2026-04-27T06:00:00Z,2026-04-24T20:00:00+00:00,2026-04-24T22:59:59.999000+00:00,2026-04-24T23:00:00+00:00,2026-04-27T05:59:59.999000+00:00,116400,119880,3480,180,3300,55.0,3480.0,2026-04,RESEARCH_DEVELOPMENT,LISTING_AFTER_30_DAYS,REGULAR_WEEKEND,READY,,0
HOODUSDT-nyse_20260501T200000Z,HOODUSDT,CRYPTO_SENSITIVE_EQUITY,W,,,,W:2026-05-01T20:00:00Z:2026-05-04T06:00:00Z,2026-05-01T20:00:00Z,2026-05-04T06:00:00Z,2026-05-01T20:00:00+00:00,2026-05-01T22:59:59.999000+00:00,2026-05-01T23:00:00+00:00,2026-05-04T05:59:59.999000+00:00,126480,129960,3480,180,3300,55.0,3480.0,2026-05,RESEARCH_DEVELOPMENT,LISTING_AFTER_30_DAYS,REGULAR_WEEKEND,READY,,0
HOODUSDT-nyse_20260508T200000Z,HOODUSDT,CRYPTO_SENSITIVE_EQUITY,W,,,,W:2026-05-08T20:00:00Z:2026-05-11T06:00:00Z,2026-05-08T20:00:00Z,2026-05-11T06:00:00Z,2026-05-08T20:00:00+00:00,2026-05-08T22:59:59.999000+00:00,2026-05-08T23:00:00+00:00,2026-05-11T05:59:59.999000+00:00,136560,140040,3480,180,3300,55.0,3480.0,2026-05,RESEARCH_DEVELOPMENT,LISTING_AFTER_30_DAYS,REGULAR_WEEKEND,READY,,0
HOODUSDT-nyse_20260515T200000Z,HOODUSDT,CRYPTO_SENSITIVE_EQUITY,W,,,,W:2026-05-15T20:00:00Z:2026-05-18T06:00:00Z,2026-05-15T20:00:00Z,2026-05-18T06:00:00Z,2026-05-15T20:00:00+00:00,2026-05-15T22:59:59.999000+00:00,2026-05-15T23:00:00+00:00,2026-05-18T05:59:59.999000+00:00,146640,150120,3480,180,3300,55.0,3480.0,2026-05,RESEARCH_DEVELOPMENT,LISTING_AFTER_30_DAYS,REGULAR_WEEKEND,READY,,0
HOODUSDT-nyse_20260522T200000Z,HOODUSDT,CRYPTO_SENSITIVE_EQUITY,W,,,,W:2026-05-22T20:00:00Z:2026-05-26T06:00:00Z,2026-05-22T20:00:00Z,2026-05-26T06:00:00Z,2026-05-22T20:00:00+00:00,2026-05-22T22:59:59.999000+00:00,2026-05-22T23:00:00+00:00,2026-05-26T05:59:59.999000+00:00,156720,161640,4920,180,4740,79.0,4920.0,2026-05,RESEARCH_DEVELOPMENT,LISTING_AFTER_30_DAYS,THREE_DAY_LONG_WEEKEND,READY,,0
HOODUSDT-nyse_20260529T200000Z,HOODUSDT,CRYPTO_SENSITIVE_EQUITY,W,,,,W:2026-05-29T20:00:00Z:2026-06-01T06:00:00Z,2026-05-29T20:00:00Z,2026-06-01T06:00:00Z,2026-05-29T20:00:00+00:00,2026-05-29T22:59:59.999000+00:00,2026-05-29T23:00:00+00:00,2026-06-01T05:59:59.999000+00:00,166800,170280,3480,180,3300,55.0,3480.0,2026-05,RESEARCH_DEVELOPMENT,LISTING_AFTER_30_DAYS,REGULAR_WEEKEND,READY,,0
HOODUSDT-nyse_20260605T200000Z,HOODUSDT,CRYPTO_SENSITIVE_EQUITY,W,,,,W:2026-06-05T20:00:00Z:2026-06-08T06:00:00Z,2026-06-05T20:00:00Z,2026-06-08T06:00:00Z,2026-06-05T20:00:00+00:00,2026-06-05T22:59:59.999000+00:00,2026-06-05T23:00:00+00:00,2026-06-08T05:59:59.999000+00:00,176880,180360,3480,180,3300,55.0,3480.0,2026-06,RESEARCH_VALIDATION_EXPOSED,LISTING_AFTER_30_DAYS,REGULAR_WEEKEND,READY,,0
HOODUSDT-nyse_20260612T200000Z,HOODUSDT,CRYPTO_SENSITIVE_EQUITY,W,,,,W:2026-06-12T20:00:00Z:2026-06-15T06:00:00Z,2026-06-12T20:00:00Z,2026-06-15T06:00:00Z,2026-06-12T20:00:00+00:00,2026-06-12T22:59:59.999000+00:00,2026-06-12T23:00:00+00:00,2026-06-15T05:59:59.999000+00:00,186960,190440,3480,180,3300,55.0,3480.0,2026-06,RESEARCH_VALIDATION_EXPOSED,LISTING_AFTER_30_DAYS,REGULAR_WEEKEND,READY,,0
HOODUSDT-nyse_20260618T200000Z,HOODUSDT,CRYPTO_SENSITIVE_EQUITY,W,,,,W:2026-06-18T20:00:00Z:2026-06-22T06:00:00Z,2026-06-18T20:00:00Z,2026-06-22T06:00:00Z,2026-06-18T20:00:00+00:00,2026-06-18T22:59:59.999000+00:00,2026-06-18T23:00:00+00:00,2026-06-22T05:59:59.999000+00:00,195600,200520,4920,180,4740,79.0,4920.0,2026-06,RESEARCH_VALIDATION_EXPOSED,LISTING_AFTER_30_DAYS,THREE_DAY_LONG_WEEKEND,READY,,0
HOODUSDT-nyse_20260626T200000Z,HOODUSDT,CRYPTO_SENSITIVE_EQUITY,W,,,,W:2026-06-26T20:00:00Z:2026-06-29T06:00:00Z,2026-06-26T20:00:00Z,2026-06-29T06:00:00Z,2026-06-26T20:00:00+00:00,2026-06-26T22:59:59.999000+00:00,2026-06-26T23:00:00+00:00,2026-06-29T05:59:59.999000+00:00,207120,210600,3480,180,3300,55.0,3480.0,2026-06,RESEARCH_VALIDATION_EXPOSED,LISTING_AFTER_30_DAYS,REGULAR_WEEKEND,READY,,0
HOODUSDT-nyse_20260702T200000Z,HOODUSDT,CRYPTO_SENSITIVE_EQUITY,W,,,,W:2026-07-02T20:00:00Z:2026-07-06T06:00:00Z,2026-07-02T20:00:00Z,2026-07-06T06:00:00Z,2026-07-02T20:00:00+00:00,2026-07-02T22:59:59.999000+00:00,2026-07-02T23:00:00+00:00,2026-07-06T05:59:59.999000+00:00,215760,220680,4920,180,4740,79.0,4920.0,2026-07,DESCRIPTIVE_EXPOSED,LISTING_AFTER_30_DAYS,THREE_DAY_LONG_WEEKEND,READY,,0
HOODUSDT-nyse_20260710T200000Z,HOODUSDT,CRYPTO_SENSITIVE_EQUITY,W,,,,W:2026-07-10T20:00:00Z:2026-07-13T06:00:00Z,2026-07-10T20:00:00Z,2026-07-13T06:00:00Z,2026-07-10T20:00:00+00:00,2026-07-10T22:59:59.999000+00:00,2026-07-10T23:00:00+00:00,2026-07-13T05:59:59.999000+00:00,227280,230760,3480,180,3300,55.0,3480.0,2026-07,DESCRIPTIVE_EXPOSED,LISTING_AFTER_30_DAYS,REGULAR_WEEKEND,READY,,0
HOODUSDT-nyse_20260717T200000Z,HOODUSDT,CRYPTO_SENSITIVE_EQUITY,W,,,,W:2026-07-17T20:00:00Z:2026-07-20T06:00:00Z,2026-07-17T20:00:00Z,2026-07-20T06:00:00Z,2026-07-17T20:00:00+00:00,2026-07-17T22:59:59.999000+00:00,2026-07-17T23:00:00+00:00,2026-07-20T05:59:59.999000+00:00,237360,240840,3480,180,3300,55.0,3480.0,2026-07,DESCRIPTIVE_EXPOSED,LISTING_AFTER_30_DAYS,REGULAR_WEEKEND,READY,,0
INTCUSDT-nyse_20260206T210000Z,INTCUSDT,TRADITIONAL_EQUITY,W,,,,W:2026-02-06T21:00:00Z:2026-02-09T07:00:00Z,2026-02-06T21:00:00Z,2026-02-09T07:00:00Z,2026-02-06T21:00:00+00:00,2026-02-06T23:59:59.999000+00:00,2026-02-07T00:00:00+00:00,2026-02-09T06:59:59.999000+00:00,5580,9060,3480,180,3300,55.0,3480.0,2026-02,DESCRIPTIVE_EXPOSED,LISTING_DAYS_1_14,REGULAR_WEEKEND,READY,,0
INTCUSDT-nyse_20260213T210000Z,INTCUSDT,TRADITIONAL_EQUITY,W,,,,W:2026-02-13T21:00:00Z:2026-02-17T07:00:00Z,2026-02-13T21:00:00Z,2026-02-17T07:00:00Z,2026-02-13T21:00:00+00:00,2026-02-13T23:59:59.999000+00:00,2026-02-14T00:00:00+00:00,2026-02-17T06:59:59.999000+00:00,15660,20580,4920,180,4740,79.0,4920.0,2026-02,DESCRIPTIVE_EXPOSED,LISTING_DAYS_1_14,THREE_DAY_LONG_WEEKEND,READY,,0
INTCUSDT-nyse_20260220T210000Z,INTCUSDT,TRADITIONAL_EQUITY,W,,,,W:2026-02-20T21:00:00Z:2026-02-23T07:00:00Z,2026-02-20T21:00:00Z,2026-02-23T07:00:00Z,2026-02-20T21:00:00+00:00,2026-02-20T23:59:59.999000+00:00,2026-02-21T00:00:00+00:00,2026-02-23T06:59:59.999000+00:00,25740,29220,3480,180,3300,55.0,3480.0,2026-02,DESCRIPTIVE_EXPOSED,LISTING_DAYS_15_30,REGULAR_WEEKEND,READY,,0
INTCUSDT-nyse_20260227T210000Z,INTCUSDT,TRADITIONAL_EQUITY,W,,,,W:2026-02-27T21:00:00Z:2026-03-02T07:00:00Z,2026-02-27T21:00:00Z,2026-03-02T07:00:00Z,2026-02-27T21:00:00+00:00,2026-02-27T23:59:59.999000+00:00,2026-02-28T00:00:00+00:00,2026-03-02T06:59:59.999000+00:00,35820,39300,3480,180,3300,55.0,3480.0,2026-02,DESCRIPTIVE_EXPOSED,LISTING_DAYS_15_30,REGULAR_WEEKEND,READY,,0
INTCUSDT-nyse_20260306T210000Z,INTCUSDT,TRADITIONAL_EQUITY,W,,,,W:2026-03-06T21:00:00Z:2026-03-09T06:00:00Z,2026-03-06T21:00:00Z,2026-03-09T06:00:00Z,2026-03-06T21:00:00+00:00,2026-03-06T23:59:59.999000+00:00,2026-03-07T00:00:00+00:00,2026-03-09T05:59:59.999000+00:00,45900,49320,3420,180,3240,54.0,3420.0,2026-03,RESEARCH_DEVELOPMENT,LISTING_AFTER_30_DAYS,REGULAR_WEEKEND,READY,,0
INTCUSDT-nyse_20260313T200000Z,INTCUSDT,TRADITIONAL_EQUITY,W,,,,W:2026-03-13T20:00:00Z:2026-03-16T06:00:00Z,2026-03-13T20:00:00Z,2026-03-16T06:00:00Z,2026-03-13T20:00:00+00:00,2026-03-13T22:59:59.999000+00:00,2026-03-13T23:00:00+00:00,2026-03-16T05:59:59.999000+00:00,55920,59400,3480,180,3300,55.0,3480.0,2026-03,RESEARCH_DEVELOPMENT,LISTING_AFTER_30_DAYS,REGULAR_WEEKEND,READY,,0
INTCUSDT-nyse_20260320T200000Z,INTCUSDT,TRADITIONAL_EQUITY,W,,,,W:2026-03-20T20:00:00Z:2026-03-23T06:00:00Z,2026-03-20T20:00:00Z,2026-03-23T06:00:00Z,2026-03-20T20:00:00+00:00,2026-03-20T22:59:59.999000+00:00,2026-03-20T23:00:00+00:00,2026-03-23T05:59:59.999000+00:00,66000,69480,3480,180,3300,55.0,3480.0,2026-03,RESEARCH_DEVELOPMENT,LISTING_AFTER_30_DAYS,REGULAR_WEEKEND,READY,,0
INTCUSDT-nyse_20260327T200000Z,INTCUSDT,TRADITIONAL_EQUITY,W,,,,W:2026-03-27T20:00:00Z:2026-03-30T06:00:00Z,2026-03-27T20:00:00Z,2026-03-30T06:00:00Z,2026-03-27T20:00:00+00:00,2026-03-27T22:59:59.999000+00:00,2026-03-27T23:00:00+00:00,2026-03-30T05:59:59.999000+00:00,76080,79560,3480,180,3300,55.0,3480.0,2026-03,RESEARCH_DEVELOPMENT,LISTING_AFTER_30_DAYS,REGULAR_WEEKEND,READY,,0
INTCUSDT-nyse_20260402T200000Z,INTCUSDT,TRADITIONAL_EQUITY,W,,,,W:2026-04-02T20:00:00Z:2026-04-06T06:00:00Z,2026-04-02T20:00:00Z,2026-04-06T06:00:00Z,2026-04-02T20:00:00+00:00,2026-04-02T22:59:59.999000+00:00,2026-04-02T23:00:00+00:00,2026-04-06T05:59:59.999000+00:00,84720,89640,4920,180,4740,79.0,4920.0,2026-04,RESEARCH_DEVELOPMENT,LISTING_AFTER_30_DAYS,THREE_DAY_LONG_WEEKEND,READY,,0
INTCUSDT-nyse_20260410T200000Z,INTCUSDT,TRADITIONAL_EQUITY,W,,,,W:2026-04-10T20:00:00Z:2026-04-13T06:00:00Z,2026-04-10T20:00:00Z,2026-04-13T06:00:00Z,2026-04-10T20:00:00+00:00,2026-04-10T22:59:59.999000+00:00,2026-04-10T23:00:00+00:00,2026-04-13T05:59:59.999000+00:00,96240,99720,3480,180,3300,55.0,3480.0,2026-04,RESEARCH_DEVELOPMENT,LISTING_AFTER_30_DAYS,REGULAR_WEEKEND,READY,,0
INTCUSDT-nyse_20260417T200000Z,INTCUSDT,TRADITIONAL_EQUITY,W,,,,W:2026-04-17T20:00:00Z:2026-04-20T06:00:00Z,2026-04-17T20:00:00Z,2026-04-20T06:00:00Z,2026-04-17T20:00:00+00:00,2026-04-17T22:59:59.999000+00:00,2026-04-17T23:00:00+00:00,2026-04-20T05:59:59.999000+00:00,106320,109800,3480,180,3300,55.0,3480.0,2026-04,RESEARCH_DEVELOPMENT,LISTING_AFTER_30_DAYS,REGULAR_WEEKEND,READY,,0
INTCUSDT-nyse_20260424T200000Z,INTCUSDT,TRADITIONAL_EQUITY,W,,,,W:2026-04-24T20:00:00Z:2026-04-27T06:00:00Z,2026-04-24T20:00:00Z,2026-04-27T06:00:00Z,2026-04-24T20:00:00+00:00,2026-04-24T22:59:59.999000+00:00,2026-04-24T23:00:00+00:00,2026-04-27T05:59:59.999000+00:00,116400,119880,3480,180,3300,55.0,3480.0,2026-04,RESEARCH_DEVELOPMENT,LISTING_AFTER_30_DAYS,REGULAR_WEEKEND,READY,,0
INTCUSDT-nyse_20260501T200000Z,INTCUSDT,TRADITIONAL_EQUITY,W,,,,W:2026-05-01T20:00:00Z:2026-05-04T06:00:00Z,2026-05-01T20:00:00Z,2026-05-04T06:00:00Z,2026-05-01T20:00:00+00:00,2026-05-01T22:59:59.999000+00:00,2026-05-01T23:00:00+00:00,2026-05-04T05:59:59.999000+00:00,126480,129960,3480,180,3300,55.0,3480.0,2026-05,RESEARCH_DEVELOPMENT,LISTING_AFTER_30_DAYS,REGULAR_WEEKEND,READY,,0
INTCUSDT-nyse_20260508T200000Z,INTCUSDT,TRADITIONAL_EQUITY,W,,,,W:2026-05-08T20:00:00Z:2026-05-11T06:00:00Z,2026-05-08T20:00:00Z,2026-05-11T06:00:00Z,2026-05-08T20:00:00+00:00,2026-05-08T22:59:59.999000+00:00,2026-05-08T23:00:00+00:00,2026-05-11T05:59:59.999000+00:00,136560,140040,3480,180,3300,55.0,3480.0,2026-05,RESEARCH_DEVELOPMENT,LISTING_AFTER_30_DAYS,REGULAR_WEEKEND,READY,,0
INTCUSDT-nyse_20260515T200000Z,INTCUSDT,TRADITIONAL_EQUITY,W,,,,W:2026-05-15T20:00:00Z:2026-05-18T06:00:00Z,2026-05-15T20:00:00Z,2026-05-18T06:00:00Z,2026-05-15T20:00:00+00:00,2026-05-15T22:59:59.999000+00:00,2026-05-15T23:00:00+00:00,2026-05-18T05:59:59.999000+00:00,146640,150120,3480,180,3300,55.0,3480.0,2026-05,RESEARCH_DEVELOPMENT,LISTING_AFTER_30_DAYS,REGULAR_WEEKEND,READY,,0
INTCUSDT-nyse_20260522T200000Z,INTCUSDT,TRADITIONAL_EQUITY,W,,,,W:2026-05-22T20:00:00Z:2026-05-26T06:00:00Z,2026-05-22T20:00:00Z,2026-05-26T06:00:00Z,2026-05-22T20:00:00+00:00,2026-05-22T22:59:59.999000+00:00,2026-05-22T23:00:00+00:00,2026-05-26T05:59:59.999000+00:00,156720,161640,4920,180,4740,79.0,4920.0,2026-05,RESEARCH_DEVELOPMENT,LISTING_AFTER_30_DAYS,THREE_DAY_LONG_WEEKEND,READY,,0
INTCUSDT-nyse_20260529T200000Z,INTCUSDT,TRADITIONAL_EQUITY,W,,,,W:2026-05-29T20:00:00Z:2026-06-01T06:00:00Z,2026-05-29T20:00:00Z,2026-06-01T06:00:00Z,2026-05-29T20:00:00+00:00,2026-05-29T22:59:59.999000+00:00,2026-05-29T23:00:00+00:00,2026-06-01T05:59:59.999000+00:00,166800,170280,3480,180,3300,55.0,3480.0,2026-05,RESEARCH_DEVELOPMENT,LISTING_AFTER_30_DAYS,REGULAR_WEEKEND,READY,,0
INTCUSDT-nyse_20260605T200000Z,INTCUSDT,TRADITIONAL_EQUITY,W,,,,W:2026-06-05T20:00:00Z:2026-06-08T06:00:00Z,2026-06-05T20:00:00Z,2026-06-08T06:00:00Z,2026-06-05T20:00:00+00:00,2026-06-05T22:59:59.999000+00:00,2026-06-05T23:00:00+00:00,2026-06-08T05:59:59.999000+00:00,176880,180360,3480,180,3300,55.0,3480.0,2026-06,RESEARCH_VALIDATION_EXPOSED,LISTING_AFTER_30_DAYS,REGULAR_WEEKEND,READY,,0
INTCUSDT-nyse_20260612T200000Z,INTCUSDT,TRADITIONAL_EQUITY,W,,,,W:2026-06-12T20:00:00Z:2026-06-15T06:00:00Z,2026-06-12T20:00:00Z,2026-06-15T06:00:00Z,2026-06-12T20:00:00+00:00,2026-06-12T22:59:59.999000+00:00,2026-06-12T23:00:00+00:00,2026-06-15T05:59:59.999000+00:00,186960,190440,3480,180,3300,55.0,3480.0,2026-06,RESEARCH_VALIDATION_EXPOSED,LISTING_AFTER_30_DAYS,REGULAR_WEEKEND,READY,,0
INTCUSDT-nyse_20260618T200000Z,INTCUSDT,TRADITIONAL_EQUITY,W,,,,W:2026-06-18T20:00:00Z:2026-06-22T06:00:00Z,2026-06-18T20:00:00Z,2026-06-22T06:00:00Z,2026-06-18T20:00:00+00:00,2026-06-18T22:59:59.999000+00:00,2026-06-18T23:00:00+00:00,2026-06-22T05:59:59.999000+00:00,195600,200520,4920,180,4740,79.0,4920.0,2026-06,RESEARCH_VALIDATION_EXPOSED,LISTING_AFTER_30_DAYS,THREE_DAY_LONG_WEEKEND,READY,,0
INTCUSDT-nyse_20260626T200000Z,INTCUSDT,TRADITIONAL_EQUITY,W,,,,W:2026-06-26T20:00:00Z:2026-06-29T06:00:00Z,2026-06-26T20:00:00Z,2026-06-29T06:00:00Z,2026-06-26T20:00:00+00:00,2026-06-26T22:59:59.999000+00:00,2026-06-26T23:00:00+00:00,2026-06-29T05:59:59.999000+00:00,207120,210600,3480,180,3300,55.0,3480.0,2026-06,RESEARCH_VALIDATION_EXPOSED,LISTING_AFTER_30_DAYS,REGULAR_WEEKEND,READY,,0
INTCUSDT-nyse_20260702T200000Z,INTCUSDT,TRADITIONAL_EQUITY,W,,,,W:2026-07-02T20:00:00Z:2026-07-06T06:00:00Z,2026-07-02T20:00:00Z,2026-07-06T06:00:00Z,2026-07-02T20:00:00+00:00,2026-07-02T22:59:59.999000+00:00,2026-07-02T23:00:00+00:00,2026-07-06T05:59:59.999000+00:00,215760,220680,4920,180,4740,79.0,4920.0,2026-07,DESCRIPTIVE_EXPOSED,LISTING_AFTER_30_DAYS,THREE_DAY_LONG_WEEKEND,READY,,0
INTCUSDT-nyse_20260710T200000Z,INTCUSDT,TRADITIONAL_EQUITY,W,,,,W:2026-07-10T20:00:00Z:2026-07-13T06:00:00Z,2026-07-10T20:00:00Z,2026-07-13T06:00:00Z,2026-07-10T20:00:00+00:00,2026-07-10T22:59:59.999000+00:00,2026-07-10T23:00:00+00:00,2026-07-13T05:59:59.999000+00:00,227280,230760,3480,180,3300,55.0,3480.0,2026-07,DESCRIPTIVE_EXPOSED,LISTING_AFTER_30_DAYS,REGULAR_WEEKEND,READY,,0
INTCUSDT-nyse_20260717T200000Z,INTCUSDT,TRADITIONAL_EQUITY,W,,,,W:2026-07-17T20:00:00Z:2026-07-20T06:00:00Z,2026-07-17T20:00:00Z,2026-07-20T06:00:00Z,2026-07-17T20:00:00+00:00,2026-07-17T22:59:59.999000+00:00,2026-07-17T23:00:00+00:00,2026-07-20T05:59:59.999000+00:00,237360,240840,3480,180,3300,55.0,3480.0,2026-07,DESCRIPTIVE_EXPOSED,LISTING_AFTER_30_DAYS,REGULAR_WEEKEND,READY,,0
MSTRUSDT-nyse_20260213T210000Z,MSTRUSDT,CRYPTO_SENSITIVE_EQUITY,W,,,,W:2026-02-13T21:00:00Z:2026-02-17T07:00:00Z,2026-02-13T21:00:00Z,2026-02-17T07:00:00Z,2026-02-13T21:00:00+00:00,2026-02-13T23:59:59.999000+00:00,2026-02-14T00:00:00+00:00,2026-02-17T06:59:59.999000+00:00,5580,10500,4920,180,4740,79.0,4920.0,2026-02,DESCRIPTIVE_EXPOSED,LISTING_DAYS_1_14,THREE_DAY_LONG_WEEKEND,READY,,0
MSTRUSDT-nyse_20260220T210000Z,MSTRUSDT,CRYPTO_SENSITIVE_EQUITY,W,,,,W:2026-02-20T21:00:00Z:2026-02-23T07:00:00Z,2026-02-20T21:00:00Z,2026-02-23T07:00:00Z,2026-02-20T21:00:00+00:00,2026-02-20T23:59:59.999000+00:00,2026-02-21T00:00:00+00:00,2026-02-23T06:59:59.999000+00:00,15660,19140,3480,180,3300,55.0,3480.0,2026-02,DESCRIPTIVE_EXPOSED,LISTING_DAYS_1_14,REGULAR_WEEKEND,READY,,0
MSTRUSDT-nyse_20260227T210000Z,MSTRUSDT,CRYPTO_SENSITIVE_EQUITY,W,,,,W:2026-02-27T21:00:00Z:2026-03-02T07:00:00Z,2026-02-27T21:00:00Z,2026-03-02T07:00:00Z,2026-02-27T21:00:00+00:00,2026-02-27T23:59:59.999000+00:00,2026-02-28T00:00:00+00:00,2026-03-02T06:59:59.999000+00:00,25740,29220,3480,180,3300,55.0,3480.0,2026-02,DESCRIPTIVE_EXPOSED,LISTING_DAYS_15_30,REGULAR_WEEKEND,READY,,0
MSTRUSDT-nyse_20260306T210000Z,MSTRUSDT,CRYPTO_SENSITIVE_EQUITY,W,,,,W:2026-03-06T21:00:00Z:2026-03-09T06:00:00Z,2026-03-06T21:00:00Z,2026-03-09T06:00:00Z,2026-03-06T21:00:00+00:00,2026-03-06T23:59:59.999000+00:00,2026-03-07T00:00:00+00:00,2026-03-09T05:59:59.999000+00:00,35820,39240,3420,180,3240,54.0,3420.0,2026-03,RESEARCH_DEVELOPMENT,LISTING_DAYS_15_30,REGULAR_WEEKEND,READY,,0
MSTRUSDT-nyse_20260313T200000Z,MSTRUSDT,CRYPTO_SENSITIVE_EQUITY,W,,,,W:2026-03-13T20:00:00Z:2026-03-16T06:00:00Z,2026-03-13T20:00:00Z,2026-03-16T06:00:00Z,2026-03-13T20:00:00+00:00,2026-03-13T22:59:59.999000+00:00,2026-03-13T23:00:00+00:00,2026-03-16T05:59:59.999000+00:00,45840,49320,3480,180,3300,55.0,3480.0,2026-03,RESEARCH_DEVELOPMENT,LISTING_AFTER_30_DAYS,REGULAR_WEEKEND,READY,,0
MSTRUSDT-nyse_20260320T200000Z,MSTRUSDT,CRYPTO_SENSITIVE_EQUITY,W,,,,W:2026-03-20T20:00:00Z:2026-03-23T06:00:00Z,2026-03-20T20:00:00Z,2026-03-23T06:00:00Z,2026-03-20T20:00:00+00:00,2026-03-20T22:59:59.999000+00:00,2026-03-20T23:00:00+00:00,2026-03-23T05:59:59.999000+00:00,55920,59400,3480,180,3300,55.0,3480.0,2026-03,RESEARCH_DEVELOPMENT,LISTING_AFTER_30_DAYS,REGULAR_WEEKEND,READY,,0
MSTRUSDT-nyse_20260327T200000Z,MSTRUSDT,CRYPTO_SENSITIVE_EQUITY,W,,,,W:2026-03-27T20:00:00Z:2026-03-30T06:00:00Z,2026-03-27T20:00:00Z,2026-03-30T06:00:00Z,2026-03-27T20:00:00+00:00,2026-03-27T22:59:59.999000+00:00,2026-03-27T23:00:00+00:00,2026-03-30T05:59:59.999000+00:00,66000,69480,3480,180,3300,55.0,3480.0,2026-03,RESEARCH_DEVELOPMENT,LISTING_AFTER_30_DAYS,REGULAR_WEEKEND,READY,,0
MSTRUSDT-nyse_20260402T200000Z,MSTRUSDT,CRYPTO_SENSITIVE_EQUITY,W,,,,W:2026-04-02T20:00:00Z:2026-04-06T06:00:00Z,2026-04-02T20:00:00Z,2026-04-06T06:00:00Z,2026-04-02T20:00:00+00:00,2026-04-02T22:59:59.999000+00:00,2026-04-02T23:00:00+00:00,2026-04-06T05:59:59.999000+00:00,74640,79560,4920,180,4740,79.0,4920.0,2026-04,RESEARCH_DEVELOPMENT,LISTING_AFTER_30_DAYS,THREE_DAY_LONG_WEEKEND,READY,,0
MSTRUSDT-nyse_20260410T200000Z,MSTRUSDT,CRYPTO_SENSITIVE_EQUITY,W,,,,W:2026-04-10T20:00:00Z:2026-04-13T06:00:00Z,2026-04-10T20:00:00Z,2026-04-13T06:00:00Z,2026-04-10T20:00:00+00:00,2026-04-10T22:59:59.999000+00:00,2026-04-10T23:00:00+00:00,2026-04-13T05:59:59.999000+00:00,86160,89640,3480,180,3300,55.0,3480.0,2026-04,RESEARCH_DEVELOPMENT,LISTING_AFTER_30_DAYS,REGULAR_WEEKEND,READY,,0
MSTRUSDT-nyse_20260417T200000Z,MSTRUSDT,CRYPTO_SENSITIVE_EQUITY,W,,,,W:2026-04-17T20:00:00Z:2026-04-20T06:00:00Z,2026-04-17T20:00:00Z,2026-04-20T06:00:00Z,2026-04-17T20:00:00+00:00,2026-04-17T22:59:59.999000+00:00,2026-04-17T23:00:00+00:00,2026-04-20T05:59:59.999000+00:00,96240,99720,3480,180,3300,55.0,3480.0,2026-04,RESEARCH_DEVELOPMENT,LISTING_AFTER_30_DAYS,REGULAR_WEEKEND,READY,,0
MSTRUSDT-nyse_20260424T200000Z,MSTRUSDT,CRYPTO_SENSITIVE_EQUITY,W,,,,W:2026-04-24T20:00:00Z:2026-04-27T06:00:00Z,2026-04-24T20:00:00Z,2026-04-27T06:00:00Z,2026-04-24T20:00:00+00:00,2026-04-24T22:59:59.999000+00:00,2026-04-24T23:00:00+00:00,2026-04-27T05:59:59.999000+00:00,106320,109800,3480,180,3300,55.0,3480.0,2026-04,RESEARCH_DEVELOPMENT,LISTING_AFTER_30_DAYS,REGULAR_WEEKEND,READY,,0
MSTRUSDT-nyse_20260501T200000Z,MSTRUSDT,CRYPTO_SENSITIVE_EQUITY,W,,,,W:2026-05-01T20:00:00Z:2026-05-04T06:00:00Z,2026-05-01T20:00:00Z,2026-05-04T06:00:00Z,2026-05-01T20:00:00+00:00,2026-05-01T22:59:59.999000+00:00,2026-05-01T23:00:00+00:00,2026-05-04T05:59:59.999000+00:00,116400,119880,3480,180,3300,55.0,3480.0,2026-05,RESEARCH_DEVELOPMENT,LISTING_AFTER_30_DAYS,REGULAR_WEEKEND,READY,,0
MSTRUSDT-nyse_20260508T200000Z,MSTRUSDT,CRYPTO_SENSITIVE_EQUITY,W,,,,W:2026-05-08T20:00:00Z:2026-05-11T06:00:00Z,2026-05-08T20:00:00Z,2026-05-11T06:00:00Z,2026-05-08T20:00:00+00:00,2026-05-08T22:59:59.999000+00:00,2026-05-08T23:00:00+00:00,2026-05-11T05:59:59.999000+00:00,126480,129960,3480,180,3300,55.0,3480.0,2026-05,RESEARCH_DEVELOPMENT,LISTING_AFTER_30_DAYS,REGULAR_WEEKEND,READY,,0
MSTRUSDT-nyse_20260515T200000Z,MSTRUSDT,CRYPTO_SENSITIVE_EQUITY,W,,,,W:2026-05-15T20:00:00Z:2026-05-18T06:00:00Z,2026-05-15T20:00:00Z,2026-05-18T06:00:00Z,2026-05-15T20:00:00+00:00,2026-05-15T22:59:59.999000+00:00,2026-05-15T23:00:00+00:00,2026-05-18T05:59:59.999000+00:00,136560,140040,3480,180,3300,55.0,3480.0,2026-05,RESEARCH_DEVELOPMENT,LISTING_AFTER_30_DAYS,REGULAR_WEEKEND,READY,,0
MSTRUSDT-nyse_20260522T200000Z,MSTRUSDT,CRYPTO_SENSITIVE_EQUITY,W,,,,W:2026-05-22T20:00:00Z:2026-05-26T06:00:00Z,2026-05-22T20:00:00Z,2026-05-26T06:00:00Z,2026-05-22T20:00:00+00:00,2026-05-22T22:59:59.999000+00:00,2026-05-22T23:00:00+00:00,2026-05-26T05:59:59.999000+00:00,146640,151560,4920,180,4740,79.0,4920.0,2026-05,RESEARCH_DEVELOPMENT,LISTING_AFTER_30_DAYS,THREE_DAY_LONG_WEEKEND,READY,,0
MSTRUSDT-nyse_20260529T200000Z,MSTRUSDT,CRYPTO_SENSITIVE_EQUITY,W,,,,W:2026-05-29T20:00:00Z:2026-06-01T06:00:00Z,2026-05-29T20:00:00Z,2026-06-01T06:00:00Z,2026-05-29T20:00:00+00:00,2026-05-29T22:59:59.999000+00:00,2026-05-29T23:00:00+00:00,2026-06-01T05:59:59.999000+00:00,156720,160200,3480,180,3300,55.0,3480.0,2026-05,RESEARCH_DEVELOPMENT,LISTING_AFTER_30_DAYS,REGULAR_WEEKEND,READY,,0
MSTRUSDT-nyse_20260605T200000Z,MSTRUSDT,CRYPTO_SENSITIVE_EQUITY,W,,,,W:2026-06-05T20:00:00Z:2026-06-08T06:00:00Z,2026-06-05T20:00:00Z,2026-06-08T06:00:00Z,2026-06-05T20:00:00+00:00,2026-06-05T22:59:59.999000+00:00,2026-06-05T23:00:00+00:00,2026-06-08T05:59:59.999000+00:00,166800,170280,3480,180,3300,55.0,3480.0,2026-06,RESEARCH_VALIDATION_EXPOSED,LISTING_AFTER_30_DAYS,REGULAR_WEEKEND,READY,,0
MSTRUSDT-nyse_20260612T200000Z,MSTRUSDT,CRYPTO_SENSITIVE_EQUITY,W,,,,W:2026-06-12T20:00:00Z:2026-06-15T06:00:00Z,2026-06-12T20:00:00Z,2026-06-15T06:00:00Z,2026-06-12T20:00:00+00:00,2026-06-12T22:59:59.999000+00:00,2026-06-12T23:00:00+00:00,2026-06-15T05:59:59.999000+00:00,176880,180360,3480,180,3300,55.0,3480.0,2026-06,RESEARCH_VALIDATION_EXPOSED,LISTING_AFTER_30_DAYS,REGULAR_WEEKEND,READY,,0
MSTRUSDT-nyse_20260618T200000Z,MSTRUSDT,CRYPTO_SENSITIVE_EQUITY,W,,,,W:2026-06-18T20:00:00Z:2026-06-22T06:00:00Z,2026-06-18T20:00:00Z,2026-06-22T06:00:00Z,2026-06-18T20:00:00+00:00,2026-06-18T22:59:59.999000+00:00,2026-06-18T23:00:00+00:00,2026-06-22T05:59:59.999000+00:00,185520,190440,4920,180,4740,79.0,4920.0,2026-06,RESEARCH_VALIDATION_EXPOSED,LISTING_AFTER_30_DAYS,THREE_DAY_LONG_WEEKEND,READY,,0
MSTRUSDT-nyse_20260626T200000Z,MSTRUSDT,CRYPTO_SENSITIVE_EQUITY,W,,,,W:2026-06-26T20:00:00Z:2026-06-29T06:00:00Z,2026-06-26T20:00:00Z,2026-06-29T06:00:00Z,2026-06-26T20:00:00+00:00,2026-06-26T22:59:59.999000+00:00,2026-06-26T23:00:00+00:00,2026-06-29T05:59:59.999000+00:00,197040,200520,3480,180,3300,55.0,3480.0,2026-06,RESEARCH_VALIDATION_EXPOSED,LISTING_AFTER_30_DAYS,REGULAR_WEEKEND,READY,,0
MSTRUSDT-nyse_20260702T200000Z,MSTRUSDT,CRYPTO_SENSITIVE_EQUITY,W,,,,W:2026-07-02T20:00:00Z:2026-07-06T06:00:00Z,2026-07-02T20:00:00Z,2026-07-06T06:00:00Z,2026-07-02T20:00:00+00:00,2026-07-02T22:59:59.999000+00:00,2026-07-02T23:00:00+00:00,2026-07-06T05:59:59.999000+00:00,205680,210600,4920,180,4740,79.0,4920.0,2026-07,DESCRIPTIVE_EXPOSED,LISTING_AFTER_30_DAYS,THREE_DAY_LONG_WEEKEND,READY,,0
MSTRUSDT-nyse_20260710T200000Z,MSTRUSDT,CRYPTO_SENSITIVE_EQUITY,W,,,,W:2026-07-10T20:00:00Z:2026-07-13T06:00:00Z,2026-07-10T20:00:00Z,2026-07-13T06:00:00Z,2026-07-10T20:00:00+00:00,2026-07-10T22:59:59.999000+00:00,2026-07-10T23:00:00+00:00,2026-07-13T05:59:59.999000+00:00,217200,220680,3480,180,3300,55.0,3480.0,2026-07,DESCRIPTIVE_EXPOSED,LISTING_AFTER_30_DAYS,REGULAR_WEEKEND,READY,,0
MSTRUSDT-nyse_20260717T200000Z,MSTRUSDT,CRYPTO_SENSITIVE_EQUITY,W,,,,W:2026-07-17T20:00:00Z:2026-07-20T06:00:00Z,2026-07-17T20:00:00Z,2026-07-20T06:00:00Z,2026-07-17T20:00:00+00:00,2026-07-17T22:59:59.999000+00:00,2026-07-17T23:00:00+00:00,2026-07-20T05:59:59.999000+00:00,227280,230760,3480,180,3300,55.0,3480.0,2026-07,DESCRIPTIVE_EXPOSED,LISTING_AFTER_30_DAYS,REGULAR_WEEKEND,READY,,0
PLTRUSDT-nyse_20260213T210000Z,PLTRUSDT,TRADITIONAL_EQUITY,W,,,,W:2026-02-13T21:00:00Z:2026-02-17T07:00:00Z,2026-02-13T21:00:00Z,2026-02-17T07:00:00Z,2026-02-13T21:00:00+00:00,2026-02-13T23:59:59.999000+00:00,2026-02-14T00:00:00+00:00,2026-02-17T06:59:59.999000+00:00,5580,10500,4920,180,4740,79.0,4920.0,2026-02,DESCRIPTIVE_EXPOSED,LISTING_DAYS_1_14,THREE_DAY_LONG_WEEKEND,READY,,0
PLTRUSDT-nyse_20260220T210000Z,PLTRUSDT,TRADITIONAL_EQUITY,W,,,,W:2026-02-20T21:00:00Z:2026-02-23T07:00:00Z,2026-02-20T21:00:00Z,2026-02-23T07:00:00Z,2026-02-20T21:00:00+00:00,2026-02-20T23:59:59.999000+00:00,2026-02-21T00:00:00+00:00,2026-02-23T06:59:59.999000+00:00,15660,19140,3480,180,3300,55.0,3480.0,2026-02,DESCRIPTIVE_EXPOSED,LISTING_DAYS_1_14,REGULAR_WEEKEND,READY,,0
PLTRUSDT-nyse_20260227T210000Z,PLTRUSDT,TRADITIONAL_EQUITY,W,,,,W:2026-02-27T21:00:00Z:2026-03-02T07:00:00Z,2026-02-27T21:00:00Z,2026-03-02T07:00:00Z,2026-02-27T21:00:00+00:00,2026-02-27T23:59:59.999000+00:00,2026-02-28T00:00:00+00:00,2026-03-02T06:59:59.999000+00:00,25740,29220,3480,180,3300,55.0,3480.0,2026-02,DESCRIPTIVE_EXPOSED,LISTING_DAYS_15_30,REGULAR_WEEKEND,READY,,0
PLTRUSDT-nyse_20260306T210000Z,PLTRUSDT,TRADITIONAL_EQUITY,W,,,,W:2026-03-06T21:00:00Z:2026-03-09T06:00:00Z,2026-03-06T21:00:00Z,2026-03-09T06:00:00Z,2026-03-06T21:00:00+00:00,2026-03-06T23:59:59.999000+00:00,2026-03-07T00:00:00+00:00,2026-03-09T05:59:59.999000+00:00,35820,39240,3420,180,3240,54.0,3420.0,2026-03,RESEARCH_DEVELOPMENT,LISTING_DAYS_15_30,REGULAR_WEEKEND,READY,,0
PLTRUSDT-nyse_20260313T200000Z,PLTRUSDT,TRADITIONAL_EQUITY,W,,,,W:2026-03-13T20:00:00Z:2026-03-16T06:00:00Z,2026-03-13T20:00:00Z,2026-03-16T06:00:00Z,2026-03-13T20:00:00+00:00,2026-03-13T22:59:59.999000+00:00,2026-03-13T23:00:00+00:00,2026-03-16T05:59:59.999000+00:00,45840,49320,3480,180,3300,55.0,3480.0,2026-03,RESEARCH_DEVELOPMENT,LISTING_AFTER_30_DAYS,REGULAR_WEEKEND,READY,,0
PLTRUSDT-nyse_20260320T200000Z,PLTRUSDT,TRADITIONAL_EQUITY,W,,,,W:2026-03-20T20:00:00Z:2026-03-23T06:00:00Z,2026-03-20T20:00:00Z,2026-03-23T06:00:00Z,2026-03-20T20:00:00+00:00,2026-03-20T22:59:59.999000+00:00,2026-03-20T23:00:00+00:00,2026-03-23T05:59:59.999000+00:00,55920,59400,3480,180,3300,55.0,3480.0,2026-03,RESEARCH_DEVELOPMENT,LISTING_AFTER_30_DAYS,REGULAR_WEEKEND,READY,,0
PLTRUSDT-nyse_20260327T200000Z,PLTRUSDT,TRADITIONAL_EQUITY,W,,,,W:2026-03-27T20:00:00Z:2026-03-30T06:00:00Z,2026-03-27T20:00:00Z,2026-03-30T06:00:00Z,2026-03-27T20:00:00+00:00,2026-03-27T22:59:59.999000+00:00,2026-03-27T23:00:00+00:00,2026-03-30T05:59:59.999000+00:00,66000,69480,3480,180,3300,55.0,3480.0,2026-03,RESEARCH_DEVELOPMENT,LISTING_AFTER_30_DAYS,REGULAR_WEEKEND,READY,,0
PLTRUSDT-nyse_20260402T200000Z,PLTRUSDT,TRADITIONAL_EQUITY,W,,,,W:2026-04-02T20:00:00Z:2026-04-06T06:00:00Z,2026-04-02T20:00:00Z,2026-04-06T06:00:00Z,2026-04-02T20:00:00+00:00,2026-04-02T22:59:59.999000+00:00,2026-04-02T23:00:00+00:00,2026-04-06T05:59:59.999000+00:00,74640,79560,4920,180,4740,79.0,4920.0,2026-04,RESEARCH_DEVELOPMENT,LISTING_AFTER_30_DAYS,THREE_DAY_LONG_WEEKEND,READY,,0
PLTRUSDT-nyse_20260410T200000Z,PLTRUSDT,TRADITIONAL_EQUITY,W,,,,W:2026-04-10T20:00:00Z:2026-04-13T06:00:00Z,2026-04-10T20:00:00Z,2026-04-13T06:00:00Z,2026-04-10T20:00:00+00:00,2026-04-10T22:59:59.999000+00:00,2026-04-10T23:00:00+00:00,2026-04-13T05:59:59.999000+00:00,86160,89640,3480,180,3300,55.0,3480.0,2026-04,RESEARCH_DEVELOPMENT,LISTING_AFTER_30_DAYS,REGULAR_WEEKEND,READY,,0
PLTRUSDT-nyse_20260417T200000Z,PLTRUSDT,TRADITIONAL_EQUITY,W,,,,W:2026-04-17T20:00:00Z:2026-04-20T06:00:00Z,2026-04-17T20:00:00Z,2026-04-20T06:00:00Z,2026-04-17T20:00:00+00:00,2026-04-17T22:59:59.999000+00:00,2026-04-17T23:00:00+00:00,2026-04-20T05:59:59.999000+00:00,96240,99720,3480,180,3300,55.0,3480.0,2026-04,RESEARCH_DEVELOPMENT,LISTING_AFTER_30_DAYS,REGULAR_WEEKEND,READY,,0
PLTRUSDT-nyse_20260424T200000Z,PLTRUSDT,TRADITIONAL_EQUITY,W,,,,W:2026-04-24T20:00:00Z:2026-04-27T06:00:00Z,2026-04-24T20:00:00Z,2026-04-27T06:00:00Z,2026-04-24T20:00:00+00:00,2026-04-24T22:59:59.999000+00:00,2026-04-24T23:00:00+00:00,2026-04-27T05:59:59.999000+00:00,106320,109800,3480,180,3300,55.0,3480.0,2026-04,RESEARCH_DEVELOPMENT,LISTING_AFTER_30_DAYS,REGULAR_WEEKEND,READY,,0
PLTRUSDT-nyse_20260501T200000Z,PLTRUSDT,TRADITIONAL_EQUITY,W,,,,W:2026-05-01T20:00:00Z:2026-05-04T06:00:00Z,2026-05-01T20:00:00Z,2026-05-04T06:00:00Z,2026-05-01T20:00:00+00:00,2026-05-01T22:59:59.999000+00:00,2026-05-01T23:00:00+00:00,2026-05-04T05:59:59.999000+00:00,116400,119880,3480,180,3300,55.0,3480.0,2026-05,RESEARCH_DEVELOPMENT,LISTING_AFTER_30_DAYS,REGULAR_WEEKEND,READY,,0
PLTRUSDT-nyse_20260508T200000Z,PLTRUSDT,TRADITIONAL_EQUITY,W,,,,W:2026-05-08T20:00:00Z:2026-05-11T06:00:00Z,2026-05-08T20:00:00Z,2026-05-11T06:00:00Z,2026-05-08T20:00:00+00:00,2026-05-08T22:59:59.999000+00:00,2026-05-08T23:00:00+00:00,2026-05-11T05:59:59.999000+00:00,126480,129960,3480,180,3300,55.0,3480.0,2026-05,RESEARCH_DEVELOPMENT,LISTING_AFTER_30_DAYS,REGULAR_WEEKEND,READY,,0
PLTRUSDT-nyse_20260515T200000Z,PLTRUSDT,TRADITIONAL_EQUITY,W,,,,W:2026-05-15T20:00:00Z:2026-05-18T06:00:00Z,2026-05-15T20:00:00Z,2026-05-18T06:00:00Z,2026-05-15T20:00:00+00:00,2026-05-15T22:59:59.999000+00:00,2026-05-15T23:00:00+00:00,2026-05-18T05:59:59.999000+00:00,136560,140040,3480,180,3300,55.0,3480.0,2026-05,RESEARCH_DEVELOPMENT,LISTING_AFTER_30_DAYS,REGULAR_WEEKEND,READY,,0
PLTRUSDT-nyse_20260522T200000Z,PLTRUSDT,TRADITIONAL_EQUITY,W,,,,W:2026-05-22T20:00:00Z:2026-05-26T06:00:00Z,2026-05-22T20:00:00Z,2026-05-26T06:00:00Z,2026-05-22T20:00:00+00:00,2026-05-22T22:59:59.999000+00:00,2026-05-22T23:00:00+00:00,2026-05-26T05:59:59.999000+00:00,146640,151560,4920,180,4740,79.0,4920.0,2026-05,RESEARCH_DEVELOPMENT,LISTING_AFTER_30_DAYS,THREE_DAY_LONG_WEEKEND,READY,,0
PLTRUSDT-nyse_20260529T200000Z,PLTRUSDT,TRADITIONAL_EQUITY,W,,,,W:2026-05-29T20:00:00Z:2026-06-01T06:00:00Z,2026-05-29T20:00:00Z,2026-06-01T06:00:00Z,2026-05-29T20:00:00+00:00,2026-05-29T22:59:59.999000+00:00,2026-05-29T23:00:00+00:00,2026-06-01T05:59:59.999000+00:00,156720,160200,3480,180,3300,55.0,3480.0,2026-05,RESEARCH_DEVELOPMENT,LISTING_AFTER_30_DAYS,REGULAR_WEEKEND,READY,,0
PLTRUSDT-nyse_20260605T200000Z,PLTRUSDT,TRADITIONAL_EQUITY,W,,,,W:2026-06-05T20:00:00Z:2026-06-08T06:00:00Z,2026-06-05T20:00:00Z,2026-06-08T06:00:00Z,2026-06-05T20:00:00+00:00,2026-06-05T22:59:59.999000+00:00,2026-06-05T23:00:00+00:00,2026-06-08T05:59:59.999000+00:00,166800,170280,3480,180,3300,55.0,3480.0,2026-06,RESEARCH_VALIDATION_EXPOSED,LISTING_AFTER_30_DAYS,REGULAR_WEEKEND,READY,,0
PLTRUSDT-nyse_20260612T200000Z,PLTRUSDT,TRADITIONAL_EQUITY,W,,,,W:2026-06-12T20:00:00Z:2026-06-15T06:00:00Z,2026-06-12T20:00:00Z,2026-06-15T06:00:00Z,2026-06-12T20:00:00+00:00,2026-06-12T22:59:59.999000+00:00,2026-06-12T23:00:00+00:00,2026-06-15T05:59:59.999000+00:00,176880,180360,3480,180,3300,55.0,3480.0,2026-06,RESEARCH_VALIDATION_EXPOSED,LISTING_AFTER_30_DAYS,REGULAR_WEEKEND,READY,,0
PLTRUSDT-nyse_20260618T200000Z,PLTRUSDT,TRADITIONAL_EQUITY,W,,,,W:2026-06-18T20:00:00Z:2026-06-22T06:00:00Z,2026-06-18T20:00:00Z,2026-06-22T06:00:00Z,2026-06-18T20:00:00+00:00,2026-06-18T22:59:59.999000+00:00,2026-06-18T23:00:00+00:00,2026-06-22T05:59:59.999000+00:00,185520,190440,4920,180,4740,79.0,4920.0,2026-06,RESEARCH_VALIDATION_EXPOSED,LISTING_AFTER_30_DAYS,THREE_DAY_LONG_WEEKEND,READY,,0
PLTRUSDT-nyse_20260626T200000Z,PLTRUSDT,TRADITIONAL_EQUITY,W,,,,W:2026-06-26T20:00:00Z:2026-06-29T06:00:00Z,2026-06-26T20:00:00Z,2026-06-29T06:00:00Z,2026-06-26T20:00:00+00:00,2026-06-26T22:59:59.999000+00:00,2026-06-26T23:00:00+00:00,2026-06-29T05:59:59.999000+00:00,197040,200520,3480,180,3300,55.0,3480.0,2026-06,RESEARCH_VALIDATION_EXPOSED,LISTING_AFTER_30_DAYS,REGULAR_WEEKEND,READY,,0
PLTRUSDT-nyse_20260702T200000Z,PLTRUSDT,TRADITIONAL_EQUITY,W,,,,W:2026-07-02T20:00:00Z:2026-07-06T06:00:00Z,2026-07-02T20:00:00Z,2026-07-06T06:00:00Z,2026-07-02T20:00:00+00:00,2026-07-02T22:59:59.999000+00:00,2026-07-02T23:00:00+00:00,2026-07-06T05:59:59.999000+00:00,205680,210600,4920,180,4740,79.0,4920.0,2026-07,DESCRIPTIVE_EXPOSED,LISTING_AFTER_30_DAYS,THREE_DAY_LONG_WEEKEND,READY,,0
PLTRUSDT-nyse_20260710T200000Z,PLTRUSDT,TRADITIONAL_EQUITY,W,,,,W:2026-07-10T20:00:00Z:2026-07-13T06:00:00Z,2026-07-10T20:00:00Z,2026-07-13T06:00:00Z,2026-07-10T20:00:00+00:00,2026-07-10T22:59:59.999000+00:00,2026-07-10T23:00:00+00:00,2026-07-13T05:59:59.999000+00:00,217200,220680,3480,180,3300,55.0,3480.0,2026-07,DESCRIPTIVE_EXPOSED,LISTING_AFTER_30_DAYS,REGULAR_WEEKEND,READY,,0
PLTRUSDT-nyse_20260717T200000Z,PLTRUSDT,TRADITIONAL_EQUITY,W,,,,W:2026-07-17T20:00:00Z:2026-07-20T06:00:00Z,2026-07-17T20:00:00Z,2026-07-20T06:00:00Z,2026-07-17T20:00:00+00:00,2026-07-17T22:59:59.999000+00:00,2026-07-17T23:00:00+00:00,2026-07-20T05:59:59.999000+00:00,227280,230760,3480,180,3300,55.0,3480.0,2026-07,DESCRIPTIVE_EXPOSED,LISTING_AFTER_30_DAYS,REGULAR_WEEKEND,READY,,0
TSLAUSDT-nyse_20260130T210000Z,TSLAUSDT,TRADITIONAL_EQUITY,W,,,,W:2026-01-30T21:00:00Z:2026-02-02T07:00:00Z,2026-01-30T21:00:00Z,2026-02-02T07:00:00Z,2026-01-30T21:00:00+00:00,2026-01-30T23:59:59.999000+00:00,2026-01-31T00:00:00+00:00,2026-02-02T06:59:59.999000+00:00,2700,6180,3480,180,3300,55.0,3480.0,2026-01,DESCRIPTIVE_EXPOSED,LISTING_DAYS_1_14,REGULAR_WEEKEND,READY,,0
TSLAUSDT-nyse_20260206T210000Z,TSLAUSDT,TRADITIONAL_EQUITY,W,,,,W:2026-02-06T21:00:00Z:2026-02-09T07:00:00Z,2026-02-06T21:00:00Z,2026-02-09T07:00:00Z,2026-02-06T21:00:00+00:00,2026-02-06T23:59:59.999000+00:00,2026-02-07T00:00:00+00:00,2026-02-09T06:59:59.999000+00:00,12780,16260,3480,180,3300,55.0,3480.0,2026-02,DESCRIPTIVE_EXPOSED,LISTING_DAYS_1_14,REGULAR_WEEKEND,READY,,0
TSLAUSDT-nyse_20260213T210000Z,TSLAUSDT,TRADITIONAL_EQUITY,W,,,,W:2026-02-13T21:00:00Z:2026-02-17T07:00:00Z,2026-02-13T21:00:00Z,2026-02-17T07:00:00Z,2026-02-13T21:00:00+00:00,2026-02-13T23:59:59.999000+00:00,2026-02-14T00:00:00+00:00,2026-02-17T06:59:59.999000+00:00,22860,27780,4920,180,4740,79.0,4920.0,2026-02,DESCRIPTIVE_EXPOSED,LISTING_DAYS_15_30,THREE_DAY_LONG_WEEKEND,READY,,0
TSLAUSDT-nyse_20260220T210000Z,TSLAUSDT,TRADITIONAL_EQUITY,W,,,,W:2026-02-20T21:00:00Z:2026-02-23T07:00:00Z,2026-02-20T21:00:00Z,2026-02-23T07:00:00Z,2026-02-20T21:00:00+00:00,2026-02-20T23:59:59.999000+00:00,2026-02-21T00:00:00+00:00,2026-02-23T06:59:59.999000+00:00,32940,36420,3480,180,3300,55.0,3480.0,2026-02,DESCRIPTIVE_EXPOSED,LISTING_DAYS_15_30,REGULAR_WEEKEND,READY,,0
TSLAUSDT-nyse_20260227T210000Z,TSLAUSDT,TRADITIONAL_EQUITY,W,,,,W:2026-02-27T21:00:00Z:2026-03-02T07:00:00Z,2026-02-27T21:00:00Z,2026-03-02T07:00:00Z,2026-02-27T21:00:00+00:00,2026-02-27T23:59:59.999000+00:00,2026-02-28T00:00:00+00:00,2026-03-02T06:59:59.999000+00:00,43020,46500,3480,180,3300,55.0,3480.0,2026-02,DESCRIPTIVE_EXPOSED,LISTING_DAYS_15_30,REGULAR_WEEKEND,READY,,0
TSLAUSDT-nyse_20260306T210000Z,TSLAUSDT,TRADITIONAL_EQUITY,W,,,,W:2026-03-06T21:00:00Z:2026-03-09T06:00:00Z,2026-03-06T21:00:00Z,2026-03-09T06:00:00Z,2026-03-06T21:00:00+00:00,2026-03-06T23:59:59.999000+00:00,2026-03-07T00:00:00+00:00,2026-03-09T05:59:59.999000+00:00,53100,56520,3420,180,3240,54.0,3420.0,2026-03,RESEARCH_DEVELOPMENT,LISTING_AFTER_30_DAYS,REGULAR_WEEKEND,READY,,0
TSLAUSDT-nyse_20260313T200000Z,TSLAUSDT,TRADITIONAL_EQUITY,W,,,,W:2026-03-13T20:00:00Z:2026-03-16T06:00:00Z,2026-03-13T20:00:00Z,2026-03-16T06:00:00Z,2026-03-13T20:00:00+00:00,2026-03-13T22:59:59.999000+00:00,2026-03-13T23:00:00+00:00,2026-03-16T05:59:59.999000+00:00,63120,66600,3480,180,3300,55.0,3480.0,2026-03,RESEARCH_DEVELOPMENT,LISTING_AFTER_30_DAYS,REGULAR_WEEKEND,READY,,0
TSLAUSDT-nyse_20260320T200000Z,TSLAUSDT,TRADITIONAL_EQUITY,W,,,,W:2026-03-20T20:00:00Z:2026-03-23T06:00:00Z,2026-03-20T20:00:00Z,2026-03-23T06:00:00Z,2026-03-20T20:00:00+00:00,2026-03-20T22:59:59.999000+00:00,2026-03-20T23:00:00+00:00,2026-03-23T05:59:59.999000+00:00,73200,76680,3480,180,3300,55.0,3480.0,2026-03,RESEARCH_DEVELOPMENT,LISTING_AFTER_30_DAYS,REGULAR_WEEKEND,READY,,0
TSLAUSDT-nyse_20260327T200000Z,TSLAUSDT,TRADITIONAL_EQUITY,W,,,,W:2026-03-27T20:00:00Z:2026-03-30T06:00:00Z,2026-03-27T20:00:00Z,2026-03-30T06:00:00Z,2026-03-27T20:00:00+00:00,2026-03-27T22:59:59.999000+00:00,2026-03-27T23:00:00+00:00,2026-03-30T05:59:59.999000+00:00,83280,86760,3480,180,3300,55.0,3480.0,2026-03,RESEARCH_DEVELOPMENT,LISTING_AFTER_30_DAYS,REGULAR_WEEKEND,READY,,0
TSLAUSDT-nyse_20260402T200000Z,TSLAUSDT,TRADITIONAL_EQUITY,W,,,,W:2026-04-02T20:00:00Z:2026-04-06T06:00:00Z,2026-04-02T20:00:00Z,2026-04-06T06:00:00Z,2026-04-02T20:00:00+00:00,2026-04-02T22:59:59.999000+00:00,2026-04-02T23:00:00+00:00,2026-04-06T05:59:59.999000+00:00,91920,96840,4920,180,4740,79.0,4920.0,2026-04,RESEARCH_DEVELOPMENT,LISTING_AFTER_30_DAYS,THREE_DAY_LONG_WEEKEND,READY,,0
TSLAUSDT-nyse_20260410T200000Z,TSLAUSDT,TRADITIONAL_EQUITY,W,,,,W:2026-04-10T20:00:00Z:2026-04-13T06:00:00Z,2026-04-10T20:00:00Z,2026-04-13T06:00:00Z,2026-04-10T20:00:00+00:00,2026-04-10T22:59:59.999000+00:00,2026-04-10T23:00:00+00:00,2026-04-13T05:59:59.999000+00:00,103440,106920,3480,180,3300,55.0,3480.0,2026-04,RESEARCH_DEVELOPMENT,LISTING_AFTER_30_DAYS,REGULAR_WEEKEND,READY,,0
TSLAUSDT-nyse_20260417T200000Z,TSLAUSDT,TRADITIONAL_EQUITY,W,,,,W:2026-04-17T20:00:00Z:2026-04-20T06:00:00Z,2026-04-17T20:00:00Z,2026-04-20T06:00:00Z,2026-04-17T20:00:00+00:00,2026-04-17T22:59:59.999000+00:00,2026-04-17T23:00:00+00:00,2026-04-20T05:59:59.999000+00:00,113520,117000,3480,180,3300,55.0,3480.0,2026-04,RESEARCH_DEVELOPMENT,LISTING_AFTER_30_DAYS,REGULAR_WEEKEND,READY,,0
TSLAUSDT-nyse_20260424T200000Z,TSLAUSDT,TRADITIONAL_EQUITY,W,,,,W:2026-04-24T20:00:00Z:2026-04-27T06:00:00Z,2026-04-24T20:00:00Z,2026-04-27T06:00:00Z,2026-04-24T20:00:00+00:00,2026-04-24T22:59:59.999000+00:00,2026-04-24T23:00:00+00:00,2026-04-27T05:59:59.999000+00:00,123600,127080,3480,180,3300,55.0,3480.0,2026-04,RESEARCH_DEVELOPMENT,LISTING_AFTER_30_DAYS,REGULAR_WEEKEND,READY,,0
TSLAUSDT-nyse_20260501T200000Z,TSLAUSDT,TRADITIONAL_EQUITY,W,,,,W:2026-05-01T20:00:00Z:2026-05-04T06:00:00Z,2026-05-01T20:00:00Z,2026-05-04T06:00:00Z,2026-05-01T20:00:00+00:00,2026-05-01T22:59:59.999000+00:00,2026-05-01T23:00:00+00:00,2026-05-04T05:59:59.999000+00:00,133680,137160,3480,180,3300,55.0,3480.0,2026-05,RESEARCH_DEVELOPMENT,LISTING_AFTER_30_DAYS,REGULAR_WEEKEND,READY,,0
TSLAUSDT-nyse_20260508T200000Z,TSLAUSDT,TRADITIONAL_EQUITY,W,,,,W:2026-05-08T20:00:00Z:2026-05-11T06:00:00Z,2026-05-08T20:00:00Z,2026-05-11T06:00:00Z,2026-05-08T20:00:00+00:00,2026-05-08T22:59:59.999000+00:00,2026-05-08T23:00:00+00:00,2026-05-11T05:59:59.999000+00:00,143760,147240,3480,180,3300,55.0,3480.0,2026-05,RESEARCH_DEVELOPMENT,LISTING_AFTER_30_DAYS,REGULAR_WEEKEND,READY,,0
TSLAUSDT-nyse_20260515T200000Z,TSLAUSDT,TRADITIONAL_EQUITY,W,,,,W:2026-05-15T20:00:00Z:2026-05-18T06:00:00Z,2026-05-15T20:00:00Z,2026-05-18T06:00:00Z,2026-05-15T20:00:00+00:00,2026-05-15T22:59:59.999000+00:00,2026-05-15T23:00:00+00:00,2026-05-18T05:59:59.999000+00:00,153840,157320,3480,180,3300,55.0,3480.0,2026-05,RESEARCH_DEVELOPMENT,LISTING_AFTER_30_DAYS,REGULAR_WEEKEND,READY,,0
TSLAUSDT-nyse_20260522T200000Z,TSLAUSDT,TRADITIONAL_EQUITY,W,,,,W:2026-05-22T20:00:00Z:2026-05-26T06:00:00Z,2026-05-22T20:00:00Z,2026-05-26T06:00:00Z,2026-05-22T20:00:00+00:00,2026-05-22T22:59:59.999000+00:00,2026-05-22T23:00:00+00:00,2026-05-26T05:59:59.999000+00:00,163920,168840,4920,180,4740,79.0,4920.0,2026-05,RESEARCH_DEVELOPMENT,LISTING_AFTER_30_DAYS,THREE_DAY_LONG_WEEKEND,READY,,0
TSLAUSDT-nyse_20260529T200000Z,TSLAUSDT,TRADITIONAL_EQUITY,W,,,,W:2026-05-29T20:00:00Z:2026-06-01T06:00:00Z,2026-05-29T20:00:00Z,2026-06-01T06:00:00Z,2026-05-29T20:00:00+00:00,2026-05-29T22:59:59.999000+00:00,2026-05-29T23:00:00+00:00,2026-06-01T05:59:59.999000+00:00,174000,177480,3480,180,3300,55.0,3480.0,2026-05,RESEARCH_DEVELOPMENT,LISTING_AFTER_30_DAYS,REGULAR_WEEKEND,READY,,0
TSLAUSDT-nyse_20260605T200000Z,TSLAUSDT,TRADITIONAL_EQUITY,W,,,,W:2026-06-05T20:00:00Z:2026-06-08T06:00:00Z,2026-06-05T20:00:00Z,2026-06-08T06:00:00Z,2026-06-05T20:00:00+00:00,2026-06-05T22:59:59.999000+00:00,2026-06-05T23:00:00+00:00,2026-06-08T05:59:59.999000+00:00,184080,187560,3480,180,3300,55.0,3480.0,2026-06,RESEARCH_VALIDATION_EXPOSED,LISTING_AFTER_30_DAYS,REGULAR_WEEKEND,READY,,0
TSLAUSDT-nyse_20260612T200000Z,TSLAUSDT,TRADITIONAL_EQUITY,W,,,,W:2026-06-12T20:00:00Z:2026-06-15T06:00:00Z,2026-06-12T20:00:00Z,2026-06-15T06:00:00Z,2026-06-12T20:00:00+00:00,2026-06-12T22:59:59.999000+00:00,2026-06-12T23:00:00+00:00,2026-06-15T05:59:59.999000+00:00,194160,197640,3480,180,3300,55.0,3480.0,2026-06,RESEARCH_VALIDATION_EXPOSED,LISTING_AFTER_30_DAYS,REGULAR_WEEKEND,READY,,0
TSLAUSDT-nyse_20260618T200000Z,TSLAUSDT,TRADITIONAL_EQUITY,W,,,,W:2026-06-18T20:00:00Z:2026-06-22T06:00:00Z,2026-06-18T20:00:00Z,2026-06-22T06:00:00Z,2026-06-18T20:00:00+00:00,2026-06-18T22:59:59.999000+00:00,2026-06-18T23:00:00+00:00,2026-06-22T05:59:59.999000+00:00,202800,207720,4920,180,4740,79.0,4920.0,2026-06,RESEARCH_VALIDATION_EXPOSED,LISTING_AFTER_30_DAYS,THREE_DAY_LONG_WEEKEND,READY,,0
TSLAUSDT-nyse_20260626T200000Z,TSLAUSDT,TRADITIONAL_EQUITY,W,,,,W:2026-06-26T20:00:00Z:2026-06-29T06:00:00Z,2026-06-26T20:00:00Z,2026-06-29T06:00:00Z,2026-06-26T20:00:00+00:00,2026-06-26T22:59:59.999000+00:00,2026-06-26T23:00:00+00:00,2026-06-29T05:59:59.999000+00:00,214320,217800,3480,180,3300,55.0,3480.0,2026-06,RESEARCH_VALIDATION_EXPOSED,LISTING_AFTER_30_DAYS,REGULAR_WEEKEND,READY,,0
TSLAUSDT-nyse_20260702T200000Z,TSLAUSDT,TRADITIONAL_EQUITY,W,,,,W:2026-07-02T20:00:00Z:2026-07-06T06:00:00Z,2026-07-02T20:00:00Z,2026-07-06T06:00:00Z,2026-07-02T20:00:00+00:00,2026-07-02T22:59:59.999000+00:00,2026-07-02T23:00:00+00:00,2026-07-06T05:59:59.999000+00:00,222960,227880,4920,180,4740,79.0,4920.0,2026-07,DESCRIPTIVE_EXPOSED,LISTING_AFTER_30_DAYS,THREE_DAY_LONG_WEEKEND,READY,,0
TSLAUSDT-nyse_20260710T200000Z,TSLAUSDT,TRADITIONAL_EQUITY,W,,,,W:2026-07-10T20:00:00Z:2026-07-13T06:00:00Z,2026-07-10T20:00:00Z,2026-07-13T06:00:00Z,2026-07-10T20:00:00+00:00,2026-07-10T22:59:59.999000+00:00,2026-07-10T23:00:00+00:00,2026-07-13T05:59:59.999000+00:00,234480,237960,3480,180,3300,55.0,3480.0,2026-07,DESCRIPTIVE_EXPOSED,LISTING_AFTER_30_DAYS,REGULAR_WEEKEND,READY,,0
TSLAUSDT-nyse_20260717T200000Z,TSLAUSDT,TRADITIONAL_EQUITY,W,,,,W:2026-07-17T20:00:00Z:2026-07-20T06:00:00Z,2026-07-17T20:00:00Z,2026-07-20T06:00:00Z,2026-07-17T20:00:00+00:00,2026-07-17T22:59:59.999000+00:00,2026-07-17T23:00:00+00:00,2026-07-20T05:59:59.999000+00:00,244560,248040,3480,180,3300,55.0,3480.0,2026-07,DESCRIPTIVE_EXPOSED,LISTING_AFTER_30_DAYS,REGULAR_WEEKEND,READY,,0
AMZNUSDT-O-20260209T210000Z,AMZNUSDT,TRADITIONAL_EQUITY,O,,,,O:2026-02-09T21:00:00Z:2026-02-10T07:00:00Z,2026-02-09T21:00:00Z,2026-02-10T07:00:00Z,2026-02-09T21:00:00+00:00,2026-02-10T02:59:59.999000+00:00,2026-02-10T03:00:00+00:00,2026-02-10T06:59:59.999000+00:00,0,420,420,180,240,4.0,600.0,2026-02,DESCRIPTIVE_EXPOSED,LISTING_DAYS_1_14,ORDINARY_WEEKDAY_OVERNIGHT,READY,,0
AMZNUSDT-O-20260210T210000Z,AMZNUSDT,TRADITIONAL_EQUITY,O,,,,O:2026-02-10T21:00:00Z:2026-02-11T07:00:00Z,2026-02-10T21:00:00Z,2026-02-11T07:00:00Z,2026-02-10T21:00:00+00:00,2026-02-10T23:59:59.999000+00:00,2026-02-11T00:00:00+00:00,2026-02-11T06:59:59.999000+00:00,1260,1860,600,180,420,7.0,600.0,2026-02,DESCRIPTIVE_EXPOSED,LISTING_DAYS_1_14,ORDINARY_WEEKDAY_OVERNIGHT,READY,,0
AMZNUSDT-O-20260211T210000Z,AMZNUSDT,TRADITIONAL_EQUITY,O,,,,O:2026-02-11T21:00:00Z:2026-02-12T07:00:00Z,2026-02-11T21:00:00Z,2026-02-12T07:00:00Z,2026-02-11T21:00:00+00:00,2026-02-11T23:59:59.999000+00:00,2026-02-12T00:00:00+00:00,2026-02-12T06:59:59.999000+00:00,2700,3300,600,180,420,7.0,600.0,2026-02,DESCRIPTIVE_EXPOSED,LISTING_DAYS_1_14,ORDINARY_WEEKDAY_OVERNIGHT,READY,,0
AMZNUSDT-O-20260212T210000Z,AMZNUSDT,TRADITIONAL_EQUITY,O,,,,O:2026-02-12T21:00:00Z:2026-02-13T07:00:00Z,2026-02-12T21:00:00Z,2026-02-13T07:00:00Z,2026-02-12T21:00:00+00:00,2026-02-12T23:59:59.999000+00:00,2026-02-13T00:00:00+00:00,2026-02-13T06:59:59.999000+00:00,4140,4740,600,180,420,7.0,600.0,2026-02,DESCRIPTIVE_EXPOSED,LISTING_DAYS_1_14,ORDINARY_WEEKDAY_OVERNIGHT,READY,,0
AMZNUSDT-O-20260217T210000Z,AMZNUSDT,TRADITIONAL_EQUITY,O,,,,O:2026-02-17T21:00:00Z:2026-02-18T07:00:00Z,2026-02-17T21:00:00Z,2026-02-18T07:00:00Z,2026-02-17T21:00:00+00:00,2026-02-17T23:59:59.999000+00:00,2026-02-18T00:00:00+00:00,2026-02-18T06:59:59.999000+00:00,11340,11940,600,180,420,7.0,600.0,2026-02,DESCRIPTIVE_EXPOSED,LISTING_DAYS_1_14,ORDINARY_WEEKDAY_OVERNIGHT,READY,,0
AMZNUSDT-O-20260218T210000Z,AMZNUSDT,TRADITIONAL_EQUITY,O,,,,O:2026-02-18T21:00:00Z:2026-02-19T07:00:00Z,2026-02-18T21:00:00Z,2026-02-19T07:00:00Z,2026-02-18T21:00:00+00:00,2026-02-18T23:59:59.999000+00:00,2026-02-19T00:00:00+00:00,2026-02-19T06:59:59.999000+00:00,12780,13380,600,180,420,7.0,600.0,2026-02,DESCRIPTIVE_EXPOSED,LISTING_DAYS_1_14,ORDINARY_WEEKDAY_OVERNIGHT,READY,,0
AMZNUSDT-O-20260219T210000Z,AMZNUSDT,TRADITIONAL_EQUITY,O,,,,O:2026-02-19T21:00:00Z:2026-02-20T07:00:00Z,2026-02-19T21:00:00Z,2026-02-20T07:00:00Z,2026-02-19T21:00:00+00:00,2026-02-19T23:59:59.999000+00:00,2026-02-20T00:00:00+00:00,2026-02-20T06:59:59.999000+00:00,14220,14820,600,180,420,7.0,600.0,2026-02,DESCRIPTIVE_EXPOSED,LISTING_DAYS_1_14,ORDINARY_WEEKDAY_OVERNIGHT,READY,,0
AMZNUSDT-O-20260223T210000Z,AMZNUSDT,TRADITIONAL_EQUITY,O,,,,O:2026-02-23T21:00:00Z:2026-02-24T07:00:00Z,2026-02-23T21:00:00Z,2026-02-24T07:00:00Z,2026-02-23T21:00:00+00:00,2026-02-23T23:59:59.999000+00:00,2026-02-24T00:00:00+00:00,2026-02-24T06:59:59.999000+00:00,19980,20580,600,180,420,7.0,600.0,2026-02,DESCRIPTIVE_EXPOSED,LISTING_DAYS_1_14,ORDINARY_WEEKDAY_OVERNIGHT,READY,,0
AMZNUSDT-O-20260224T210000Z,AMZNUSDT,TRADITIONAL_EQUITY,O,,,,O:2026-02-24T21:00:00Z:2026-02-25T07:00:00Z,2026-02-24T21:00:00Z,2026-02-25T07:00:00Z,2026-02-24T21:00:00+00:00,2026-02-24T23:59:59.999000+00:00,2026-02-25T00:00:00+00:00,2026-02-25T06:59:59.999000+00:00,21420,22020,600,180,420,7.0,600.0,2026-02,DESCRIPTIVE_EXPOSED,LISTING_DAYS_15_30,ORDINARY_WEEKDAY_OVERNIGHT,READY,,0
AMZNUSDT-O-20260225T210000Z,AMZNUSDT,TRADITIONAL_EQUITY,O,,,,O:2026-02-25T21:00:00Z:2026-02-26T07:00:00Z,2026-02-25T21:00:00Z,2026-02-26T07:00:00Z,2026-02-25T21:00:00+00:00,2026-02-25T23:59:59.999000+00:00,2026-02-26T00:00:00+00:00,2026-02-26T06:59:59.999000+00:00,22860,23460,600,180,420,7.0,600.0,2026-02,DESCRIPTIVE_EXPOSED,LISTING_DAYS_15_30,ORDINARY_WEEKDAY_OVERNIGHT,READY,,0
AMZNUSDT-O-20260226T210000Z,AMZNUSDT,TRADITIONAL_EQUITY,O,,,,O:2026-02-26T21:00:00Z:2026-02-27T07:00:00Z,2026-02-26T21:00:00Z,2026-02-27T07:00:00Z,2026-02-26T21:00:00+00:00,2026-02-26T23:59:59.999000+00:00,2026-02-27T00:00:00+00:00,2026-02-27T06:59:59.999000+00:00,24300,24900,600,180,420,7.0,600.0,2026-02,DESCRIPTIVE_EXPOSED,LISTING_DAYS_15_30,ORDINARY_WEEKDAY_OVERNIGHT,READY,,0
AMZNUSDT-O-20260302T210000Z,AMZNUSDT,TRADITIONAL_EQUITY,O,,,,O:2026-03-02T21:00:00Z:2026-03-03T07:00:00Z,2026-03-02T21:00:00Z,2026-03-03T07:00:00Z,2026-03-02T21:00:00+00:00,2026-03-02T23:59:59.999000+00:00,2026-03-03T00:00:00+00:00,2026-03-03T06:59:59.999000+00:00,30060,30660,600,180,420,7.0,600.0,2026-03,RESEARCH_DEVELOPMENT,LISTING_DAYS_15_30,ORDINARY_WEEKDAY_OVERNIGHT,READY,,0
AMZNUSDT-O-20260303T210000Z,AMZNUSDT,TRADITIONAL_EQUITY,O,,,,O:2026-03-03T21:00:00Z:2026-03-04T07:00:00Z,2026-03-03T21:00:00Z,2026-03-04T07:00:00Z,2026-03-03T21:00:00+00:00,2026-03-03T23:59:59.999000+00:00,2026-03-04T00:00:00+00:00,2026-03-04T06:59:59.999000+00:00,31500,32100,600,180,420,7.0,600.0,2026-03,RESEARCH_DEVELOPMENT,LISTING_DAYS_15_30,ORDINARY_WEEKDAY_OVERNIGHT,READY,,0
AMZNUSDT-O-20260304T210000Z,AMZNUSDT,TRADITIONAL_EQUITY,O,,,,O:2026-03-04T21:00:00Z:2026-03-05T07:00:00Z,2026-03-04T21:00:00Z,2026-03-05T07:00:00Z,2026-03-04T21:00:00+00:00,2026-03-04T23:59:59.999000+00:00,2026-03-05T00:00:00+00:00,2026-03-05T06:59:59.999000+00:00,32940,33540,600,180,420,7.0,600.0,2026-03,RESEARCH_DEVELOPMENT,LISTING_DAYS_15_30,ORDINARY_WEEKDAY_OVERNIGHT,READY,,0
AMZNUSDT-O-20260305T210000Z,AMZNUSDT,TRADITIONAL_EQUITY,O,,,,O:2026-03-05T21:00:00Z:2026-03-06T07:00:00Z,2026-03-05T21:00:00Z,2026-03-06T07:00:00Z,2026-03-05T21:00:00+00:00,2026-03-05T23:59:59.999000+00:00,2026-03-06T00:00:00+00:00,2026-03-06T06:59:59.999000+00:00,34380,34980,600,180,420,7.0,600.0,2026-03,RESEARCH_DEVELOPMENT,LISTING_DAYS_15_30,ORDINARY_WEEKDAY_OVERNIGHT,READY,,0
AMZNUSDT-O-20260309T200000Z,AMZNUSDT,TRADITIONAL_EQUITY,O,,,,O:2026-03-09T20:00:00Z:2026-03-10T06:00:00Z,2026-03-09T20:00:00Z,2026-03-10T06:00:00Z,2026-03-09T20:00:00+00:00,2026-03-09T22:59:59.999000+00:00,2026-03-09T23:00:00+00:00,2026-03-10T05:59:59.999000+00:00,40080,40680,600,180,420,7.0,600.0,2026-03,RESEARCH_DEVELOPMENT,LISTING_DAYS_15_30,ORDINARY_WEEKDAY_OVERNIGHT,READY,,0
AMZNUSDT-O-20260310T200000Z,AMZNUSDT,TRADITIONAL_EQUITY,O,,,,O:2026-03-10T20:00:00Z:2026-03-11T06:00:00Z,2026-03-10T20:00:00Z,2026-03-11T06:00:00Z,2026-03-10T20:00:00+00:00,2026-03-10T22:59:59.999000+00:00,2026-03-10T23:00:00+00:00,2026-03-11T05:59:59.999000+00:00,41520,42120,600,180,420,7.0,600.0,2026-03,RESEARCH_DEVELOPMENT,LISTING_DAYS_15_30,ORDINARY_WEEKDAY_OVERNIGHT,READY,,0
AMZNUSDT-O-20260311T200000Z,AMZNUSDT,TRADITIONAL_EQUITY,O,,,,O:2026-03-11T20:00:00Z:2026-03-12T06:00:00Z,2026-03-11T20:00:00Z,2026-03-12T06:00:00Z,2026-03-11T20:00:00+00:00,2026-03-11T22:59:59.999000+00:00,2026-03-11T23:00:00+00:00,2026-03-12T05:59:59.999000+00:00,42960,43560,600,180,420,7.0,600.0,2026-03,RESEARCH_DEVELOPMENT,LISTING_DAYS_15_30,ORDINARY_WEEKDAY_OVERNIGHT,READY,,0
AMZNUSDT-O-20260312T200000Z,AMZNUSDT,TRADITIONAL_EQUITY,O,,,,O:2026-03-12T20:00:00Z:2026-03-13T06:00:00Z,2026-03-12T20:00:00Z,2026-03-13T06:00:00Z,2026-03-12T20:00:00+00:00,2026-03-12T22:59:59.999000+00:00,2026-03-12T23:00:00+00:00,2026-03-13T05:59:59.999000+00:00,44400,45000,600,180,420,7.0,600.0,2026-03,RESEARCH_DEVELOPMENT,LISTING_AFTER_30_DAYS,ORDINARY_WEEKDAY_OVERNIGHT,READY,,0
AMZNUSDT-O-20260316T200000Z,AMZNUSDT,TRADITIONAL_EQUITY,O,,,,O:2026-03-16T20:00:00Z:2026-03-17T06:00:00Z,2026-03-16T20:00:00Z,2026-03-17T06:00:00Z,2026-03-16T20:00:00+00:00,2026-03-16T22:59:59.999000+00:00,2026-03-16T23:00:00+00:00,2026-03-17T05:59:59.999000+00:00,50160,50760,600,180,420,7.0,600.0,2026-03,RESEARCH_DEVELOPMENT,LISTING_AFTER_30_DAYS,ORDINARY_WEEKDAY_OVERNIGHT,READY,,0
AMZNUSDT-O-20260317T200000Z,AMZNUSDT,TRADITIONAL_EQUITY,O,,,,O:2026-03-17T20:00:00Z:2026-03-18T06:00:00Z,2026-03-17T20:00:00Z,2026-03-18T06:00:00Z,2026-03-17T20:00:00+00:00,2026-03-17T22:59:59.999000+00:00,2026-03-17T23:00:00+00:00,2026-03-18T05:59:59.999000+00:00,51600,52200,600,180,420,7.0,600.0,2026-03,RESEARCH_DEVELOPMENT,LISTING_AFTER_30_DAYS,ORDINARY_WEEKDAY_OVERNIGHT,READY,,0
AMZNUSDT-O-20260318T200000Z,AMZNUSDT,TRADITIONAL_EQUITY,O,,,,O:2026-03-18T20:00:00Z:2026-03-19T06:00:00Z,2026-03-18T20:00:00Z,2026-03-19T06:00:00Z,2026-03-18T20:00:00+00:00,2026-03-18T22:59:59.999000+00:00,2026-03-18T23:00:00+00:00,2026-03-19T05:59:59.999000+00:00,53040,53640,600,180,420,7.0,600.0,2026-03,RESEARCH_DEVELOPMENT,LISTING_AFTER_30_DAYS,ORDINARY_WEEKDAY_OVERNIGHT,READY,,0
AMZNUSDT-O-20260319T200000Z,AMZNUSDT,TRADITIONAL_EQUITY,O,,,,O:2026-03-19T20:00:00Z:2026-03-20T06:00:00Z,2026-03-19T20:00:00Z,2026-03-20T06:00:00Z,2026-03-19T20:00:00+00:00,2026-03-19T22:59:59.999000+00:00,2026-03-19T23:00:00+00:00,2026-03-20T05:59:59.999000+00:00,54480,55080,600,180,420,7.0,600.0,2026-03,RESEARCH_DEVELOPMENT,LISTING_AFTER_30_DAYS,ORDINARY_WEEKDAY_OVERNIGHT,READY,,0
AMZNUSDT-O-20260323T200000Z,AMZNUSDT,TRADITIONAL_EQUITY,O,,,,O:2026-03-23T20:00:00Z:2026-03-24T06:00:00Z,2026-03-23T20:00:00Z,2026-03-24T06:00:00Z,2026-03-23T20:00:00+00:00,2026-03-23T22:59:59.999000+00:00,2026-03-23T23:00:00+00:00,2026-03-24T05:59:59.999000+00:00,60240,60840,600,180,420,7.0,600.0,2026-03,RESEARCH_DEVELOPMENT,LISTING_AFTER_30_DAYS,ORDINARY_WEEKDAY_OVERNIGHT,READY,,0
AMZNUSDT-O-20260324T200000Z,AMZNUSDT,TRADITIONAL_EQUITY,O,,,,O:2026-03-24T20:00:00Z:2026-03-25T06:00:00Z,2026-03-24T20:00:00Z,2026-03-25T06:00:00Z,2026-03-24T20:00:00+00:00,2026-03-24T22:59:59.999000+00:00,2026-03-24T23:00:00+00:00,2026-03-25T05:59:59.999000+00:00,61680,62280,600,180,420,7.0,600.0,2026-03,RESEARCH_DEVELOPMENT,LISTING_AFTER_30_DAYS,ORDINARY_WEEKDAY_OVERNIGHT,READY,,0
AMZNUSDT-O-20260325T200000Z,AMZNUSDT,TRADITIONAL_EQUITY,O,,,,O:2026-03-25T20:00:00Z:2026-03-26T06:00:00Z,2026-03-25T20:00:00Z,2026-03-26T06:00:00Z,2026-03-25T20:00:00+00:00,2026-03-25T22:59:59.999000+00:00,2026-03-25T23:00:00+00:00,2026-03-26T05:59:59.999000+00:00,63120,63720,600,180,420,7.0,600.0,2026-03,RESEARCH_DEVELOPMENT,LISTING_AFTER_30_DAYS,ORDINARY_WEEKDAY_OVERNIGHT,READY,,0
AMZNUSDT-O-20260326T200000Z,AMZNUSDT,TRADITIONAL_EQUITY,O,,,,O:2026-03-26T20:00:00Z:2026-03-27T06:00:00Z,2026-03-26T20:00:00Z,2026-03-27T06:00:00Z,2026-03-26T20:00:00+00:00,2026-03-26T22:59:59.999000+00:00,2026-03-26T23:00:00+00:00,2026-03-27T05:59:59.999000+00:00,64560,65160,600,180,420,7.0,600.0,2026-03,RESEARCH_DEVELOPMENT,LISTING_AFTER_30_DAYS,ORDINARY_WEEKDAY_OVERNIGHT,READY,,0
AMZNUSDT-O-20260330T200000Z,AMZNUSDT,TRADITIONAL_EQUITY,O,,,,O:2026-03-30T20:00:00Z:2026-03-31T06:00:00Z,2026-03-30T20:00:00Z,2026-03-31T06:00:00Z,2026-03-30T20:00:00+00:00,2026-03-30T22:59:59.999000+00:00,2026-03-30T23:00:00+00:00,2026-03-31T05:59:59.999000+00:00,70320,70920,600,180,420,7.0,600.0,2026-03,RESEARCH_DEVELOPMENT,LISTING_AFTER_30_DAYS,ORDINARY_WEEKDAY_OVERNIGHT,READY,,0
AMZNUSDT-O-20260331T200000Z,AMZNUSDT,TRADITIONAL_EQUITY,O,,,,O:2026-03-31T20:00:00Z:2026-04-01T06:00:00Z,2026-03-31T20:00:00Z,2026-04-01T06:00:00Z,2026-03-31T20:00:00+00:00,2026-03-31T22:59:59.999000+00:00,2026-03-31T23:00:00+00:00,2026-04-01T05:59:59.999000+00:00,71760,72360,600,180,420,7.0,600.0,2026-03,RESEARCH_DEVELOPMENT,LISTING_AFTER_30_DAYS,ORDINARY_WEEKDAY_OVERNIGHT,READY,,0
AMZNUSDT-O-20260401T200000Z,AMZNUSDT,TRADITIONAL_EQUITY,O,,,,O:2026-04-01T20:00:00Z:2026-04-02T06:00:00Z,2026-04-01T20:00:00Z,2026-04-02T06:00:00Z,2026-04-01T20:00:00+00:00,2026-04-01T22:59:59.999000+00:00,2026-04-01T23:00:00+00:00,2026-04-02T05:59:59.999000+00:00,73200,73800,600,180,420,7.0,600.0,2026-04,RESEARCH_DEVELOPMENT,LISTING_AFTER_30_DAYS,ORDINARY_WEEKDAY_OVERNIGHT,READY,,0
AMZNUSDT-O-20260406T200000Z,AMZNUSDT,TRADITIONAL_EQUITY,O,,,,O:2026-04-06T20:00:00Z:2026-04-07T06:00:00Z,2026-04-06T20:00:00Z,2026-04-07T06:00:00Z,2026-04-06T20:00:00+00:00,2026-04-06T22:59:59.999000+00:00,2026-04-06T23:00:00+00:00,2026-04-07T05:59:59.999000+00:00,80400,81000,600,180,420,7.0,600.0,2026-04,RESEARCH_DEVELOPMENT,LISTING_AFTER_30_DAYS,ORDINARY_WEEKDAY_OVERNIGHT,READY,,0
AMZNUSDT-O-20260407T200000Z,AMZNUSDT,TRADITIONAL_EQUITY,O,,,,O:2026-04-07T20:00:00Z:2026-04-08T06:00:00Z,2026-04-07T20:00:00Z,2026-04-08T06:00:00Z,2026-04-07T20:00:00+00:00,2026-04-07T22:59:59.999000+00:00,2026-04-07T23:00:00+00:00,2026-04-08T05:59:59.999000+00:00,81840,82440,600,180,420,7.0,600.0,2026-04,RESEARCH_DEVELOPMENT,LISTING_AFTER_30_DAYS,ORDINARY_WEEKDAY_OVERNIGHT,READY,,0
AMZNUSDT-O-20260408T200000Z,AMZNUSDT,TRADITIONAL_EQUITY,O,,,,O:2026-04-08T20:00:00Z:2026-04-09T06:00:00Z,2026-04-08T20:00:00Z,2026-04-09T06:00:00Z,2026-04-08T20:00:00+00:00,2026-04-08T22:59:59.999000+00:00,2026-04-08T23:00:00+00:00,2026-04-09T05:59:59.999000+00:00,83280,83880,600,180,420,7.0,600.0,2026-04,RESEARCH_DEVELOPMENT,LISTING_AFTER_30_DAYS,ORDINARY_WEEKDAY_OVERNIGHT,READY,,0
AMZNUSDT-O-20260409T200000Z,AMZNUSDT,TRADITIONAL_EQUITY,O,,,,O:2026-04-09T20:00:00Z:2026-04-10T06:00:00Z,2026-04-09T20:00:00Z,2026-04-10T06:00:00Z,2026-04-09T20:00:00+00:00,2026-04-09T22:59:59.999000+00:00,2026-04-09T23:00:00+00:00,2026-04-10T05:59:59.999000+00:00,84720,85320,600,180,420,7.0,600.0,2026-04,RESEARCH_DEVELOPMENT,LISTING_AFTER_30_DAYS,ORDINARY_WEEKDAY_OVERNIGHT,READY,,0
AMZNUSDT-O-20260413T200000Z,AMZNUSDT,TRADITIONAL_EQUITY,O,,,,O:2026-04-13T20:00:00Z:2026-04-14T06:00:00Z,2026-04-13T20:00:00Z,2026-04-14T06:00:00Z,2026-04-13T20:00:00+00:00,2026-04-13T22:59:59.999000+00:00,2026-04-13T23:00:00+00:00,2026-04-14T05:59:59.999000+00:00,90480,91080,600,180,420,7.0,600.0,2026-04,RESEARCH_DEVELOPMENT,LISTING_AFTER_30_DAYS,ORDINARY_WEEKDAY_OVERNIGHT,READY,,0
AMZNUSDT-O-20260414T200000Z,AMZNUSDT,TRADITIONAL_EQUITY,O,,,,O:2026-04-14T20:00:00Z:2026-04-15T06:00:00Z,2026-04-14T20:00:00Z,2026-04-15T06:00:00Z,2026-04-14T20:00:00+00:00,2026-04-14T22:59:59.999000+00:00,2026-04-14T23:00:00+00:00,2026-04-15T05:59:59.999000+00:00,91920,92520,600,180,420,7.0,600.0,2026-04,RESEARCH_DEVELOPMENT,LISTING_AFTER_30_DAYS,ORDINARY_WEEKDAY_OVERNIGHT,READY,,0
AMZNUSDT-O-20260415T200000Z,AMZNUSDT,TRADITIONAL_EQUITY,O,,,,O:2026-04-15T20:00:00Z:2026-04-16T06:00:00Z,2026-04-15T20:00:00Z,2026-04-16T06:00:00Z,2026-04-15T20:00:00+00:00,2026-04-15T22:59:59.999000+00:00,2026-04-15T23:00:00+00:00,2026-04-16T05:59:59.999000+00:00,93360,93960,600,180,420,7.0,600.0,2026-04,RESEARCH_DEVELOPMENT,LISTING_AFTER_30_DAYS,ORDINARY_WEEKDAY_OVERNIGHT,READY,,0
AMZNUSDT-O-20260416T200000Z,AMZNUSDT,TRADITIONAL_EQUITY,O,,,,O:2026-04-16T20:00:00Z:2026-04-17T06:00:00Z,2026-04-16T20:00:00Z,2026-04-17T06:00:00Z,2026-04-16T20:00:00+00:00,2026-04-16T22:59:59.999000+00:00,2026-04-16T23:00:00+00:00,2026-04-17T05:59:59.999000+00:00,94800,95400,600,180,420,7.0,600.0,2026-04,RESEARCH_DEVELOPMENT,LISTING_AFTER_30_DAYS,ORDINARY_WEEKDAY_OVERNIGHT,READY,,0
AMZNUSDT-O-20260420T200000Z,AMZNUSDT,TRADITIONAL_EQUITY,O,,,,O:2026-04-20T20:00:00Z:2026-04-21T06:00:00Z,2026-04-20T20:00:00Z,2026-04-21T06:00:00Z,2026-04-20T20:00:00+00:00,2026-04-20T22:59:59.999000+00:00,2026-04-20T23:00:00+00:00,2026-04-21T05:59:59.999000+00:00,100560,101160,600,180,420,7.0,600.0,2026-04,RESEARCH_DEVELOPMENT,LISTING_AFTER_30_DAYS,ORDINARY_WEEKDAY_OVERNIGHT,READY,,0
AMZNUSDT-O-20260421T200000Z,AMZNUSDT,TRADITIONAL_EQUITY,O,,,,O:2026-04-21T20:00:00Z:2026-04-22T06:00:00Z,2026-04-21T20:00:00Z,2026-04-22T06:00:00Z,2026-04-21T20:00:00+00:00,2026-04-21T22:59:59.999000+00:00,2026-04-21T23:00:00+00:00,2026-04-22T05:59:59.999000+00:00,102000,102600,600,180,420,7.0,600.0,2026-04,RESEARCH_DEVELOPMENT,LISTING_AFTER_30_DAYS,ORDINARY_WEEKDAY_OVERNIGHT,READY,,0
AMZNUSDT-O-20260422T200000Z,AMZNUSDT,TRADITIONAL_EQUITY,O,,,,O:2026-04-22T20:00:00Z:2026-04-23T06:00:00Z,2026-04-22T20:00:00Z,2026-04-23T06:00:00Z,2026-04-22T20:00:00+00:00,2026-04-22T22:59:59.999000+00:00,2026-04-22T23:00:00+00:00,2026-04-23T05:59:59.999000+00:00,103440,104040,600,180,420,7.0,600.0,2026-04,RESEARCH_DEVELOPMENT,LISTING_AFTER_30_DAYS,ORDINARY_WEEKDAY_OVERNIGHT,READY,,0
AMZNUSDT-O-20260423T200000Z,AMZNUSDT,TRADITIONAL_EQUITY,O,,,,O:2026-04-23T20:00:00Z:2026-04-24T06:00:00Z,2026-04-23T20:00:00Z,2026-04-24T06:00:00Z,2026-04-23T20:00:00+00:00,2026-04-23T22:59:59.999000+00:00,2026-04-23T23:00:00+00:00,2026-04-24T05:59:59.999000+00:00,104880,105480,600,180,420,7.0,600.0,2026-04,RESEARCH_DEVELOPMENT,LISTING_AFTER_30_DAYS,ORDINARY_WEEKDAY_OVERNIGHT,READY,,0
AMZNUSDT-O-20260427T200000Z,AMZNUSDT,TRADITIONAL_EQUITY,O,,,,O:2026-04-27T20:00:00Z:2026-04-28T06:00:00Z,2026-04-27T20:00:00Z,2026-04-28T06:00:00Z,2026-04-27T20:00:00+00:00,2026-04-27T22:59:59.999000+00:00,2026-04-27T23:00:00+00:00,2026-04-28T05:59:59.999000+00:00,110640,111240,600,180,420,7.0,600.0,2026-04,RESEARCH_DEVELOPMENT,LISTING_AFTER_30_DAYS,ORDINARY_WEEKDAY_OVERNIGHT,READY,,0
AMZNUSDT-O-20260428T200000Z,AMZNUSDT,TRADITIONAL_EQUITY,O,,,,O:2026-04-28T20:00:00Z:2026-04-29T06:00:00Z,2026-04-28T20:00:00Z,2026-04-29T06:00:00Z,2026-04-28T20:00:00+00:00,2026-04-28T22:59:59.999000+00:00,2026-04-28T23:00:00+00:00,2026-04-29T05:59:59.999000+00:00,112080,112680,600,180,420,7.0,600.0,2026-04,RESEARCH_DEVELOPMENT,LISTING_AFTER_30_DAYS,ORDINARY_WEEKDAY_OVERNIGHT,READY,,0
AMZNUSDT-O-20260429T200000Z,AMZNUSDT,TRADITIONAL_EQUITY,O,,,,O:2026-04-29T20:00:00Z:2026-04-30T06:00:00Z,2026-04-29T20:00:00Z,2026-04-30T06:00:00Z,2026-04-29T20:00:00+00:00,2026-04-29T22:59:59.999000+00:00,2026-04-29T23:00:00+00:00,2026-04-30T05:59:59.999000+00:00,113520,114120,600,180,420,7.0,600.0,2026-04,RESEARCH_DEVELOPMENT,LISTING_AFTER_30_DAYS,ORDINARY_WEEKDAY_OVERNIGHT,READY,,0
AMZNUSDT-O-20260430T200000Z,AMZNUSDT,TRADITIONAL_EQUITY,O,,,,O:2026-04-30T20:00:00Z:2026-05-01T06:00:00Z,2026-04-30T20:00:00Z,2026-05-01T06:00:00Z,2026-04-30T20:00:00+00:00,2026-04-30T22:59:59.999000+00:00,2026-04-30T23:00:00+00:00,2026-05-01T05:59:59.999000+00:00,114960,115560,600,180,420,7.0,600.0,2026-04,RESEARCH_DEVELOPMENT,LISTING_AFTER_30_DAYS,ORDINARY_WEEKDAY_OVERNIGHT,READY,,0
AMZNUSDT-O-20260504T200000Z,AMZNUSDT,TRADITIONAL_EQUITY,O,,,,O:2026-05-04T20:00:00Z:2026-05-05T06:00:00Z,2026-05-04T20:00:00Z,2026-05-05T06:00:00Z,2026-05-04T20:00:00+00:00,2026-05-04T22:59:59.999000+00:00,2026-05-04T23:00:00+00:00,2026-05-05T05:59:59.999000+00:00,120720,121320,600,180,420,7.0,600.0,2026-05,RESEARCH_DEVELOPMENT,LISTING_AFTER_30_DAYS,ORDINARY_WEEKDAY_OVERNIGHT,READY,,0
AMZNUSDT-O-20260505T200000Z,AMZNUSDT,TRADITIONAL_EQUITY,O,,,,O:2026-05-05T20:00:00Z:2026-05-06T06:00:00Z,2026-05-05T20:00:00Z,2026-05-06T06:00:00Z,2026-05-05T20:00:00+00:00,2026-05-05T22:59:59.999000+00:00,2026-05-05T23:00:00+00:00,2026-05-06T05:59:59.999000+00:00,122160,122760,600,180,420,7.0,600.0,2026-05,RESEARCH_DEVELOPMENT,LISTING_AFTER_30_DAYS,ORDINARY_WEEKDAY_OVERNIGHT,READY,,0
AMZNUSDT-O-20260506T200000Z,AMZNUSDT,TRADITIONAL_EQUITY,O,,,,O:2026-05-06T20:00:00Z:2026-05-07T06:00:00Z,2026-05-06T20:00:00Z,2026-05-07T06:00:00Z,2026-05-06T20:00:00+00:00,2026-05-06T22:59:59.999000+00:00,2026-05-06T23:00:00+00:00,2026-05-07T05:59:59.999000+00:00,123600,124200,600,180,420,7.0,600.0,2026-05,RESEARCH_DEVELOPMENT,LISTING_AFTER_30_DAYS,ORDINARY_WEEKDAY_OVERNIGHT,READY,,0
AMZNUSDT-O-20260507T200000Z,AMZNUSDT,TRADITIONAL_EQUITY,O,,,,O:2026-05-07T20:00:00Z:2026-05-08T06:00:00Z,2026-05-07T20:00:00Z,2026-05-08T06:00:00Z,2026-05-07T20:00:00+00:00,2026-05-07T22:59:59.999000+00:00,2026-05-07T23:00:00+00:00,2026-05-08T05:59:59.999000+00:00,125040,125640,600,180,420,7.0,600.0,2026-05,RESEARCH_DEVELOPMENT,LISTING_AFTER_30_DAYS,ORDINARY_WEEKDAY_OVERNIGHT,READY,,0
AMZNUSDT-O-20260511T200000Z,AMZNUSDT,TRADITIONAL_EQUITY,O,,,,O:2026-05-11T20:00:00Z:2026-05-12T06:00:00Z,2026-05-11T20:00:00Z,2026-05-12T06:00:00Z,2026-05-11T20:00:00+00:00,2026-05-11T22:59:59.999000+00:00,2026-05-11T23:00:00+00:00,2026-05-12T05:59:59.999000+00:00,130800,131400,600,180,420,7.0,600.0,2026-05,RESEARCH_DEVELOPMENT,LISTING_AFTER_30_DAYS,ORDINARY_WEEKDAY_OVERNIGHT,READY,,0
AMZNUSDT-O-20260512T200000Z,AMZNUSDT,TRADITIONAL_EQUITY,O,,,,O:2026-05-12T20:00:00Z:2026-05-13T06:00:00Z,2026-05-12T20:00:00Z,2026-05-13T06:00:00Z,2026-05-12T20:00:00+00:00,2026-05-12T22:59:59.999000+00:00,2026-05-12T23:00:00+00:00,2026-05-13T05:59:59.999000+00:00,132240,132840,600,180,420,7.0,600.0,2026-05,RESEARCH_DEVELOPMENT,LISTING_AFTER_30_DAYS,ORDINARY_WEEKDAY_OVERNIGHT,READY,,0
AMZNUSDT-O-20260513T200000Z,AMZNUSDT,TRADITIONAL_EQUITY,O,,,,O:2026-05-13T20:00:00Z:2026-05-14T06:00:00Z,2026-05-13T20:00:00Z,2026-05-14T06:00:00Z,2026-05-13T20:00:00+00:00,2026-05-13T22:59:59.999000+00:00,2026-05-13T23:00:00+00:00,2026-05-14T05:59:59.999000+00:00,133680,134280,600,180,420,7.0,600.0,2026-05,RESEARCH_DEVELOPMENT,LISTING_AFTER_30_DAYS,ORDINARY_WEEKDAY_OVERNIGHT,READY,,0
AMZNUSDT-O-20260514T200000Z,AMZNUSDT,TRADITIONAL_EQUITY,O,,,,O:2026-05-14T20:00:00Z:2026-05-15T06:00:00Z,2026-05-14T20:00:00Z,2026-05-15T06:00:00Z,2026-05-14T20:00:00+00:00,2026-05-14T22:59:59.999000+00:00,2026-05-14T23:00:00+00:00,2026-05-15T05:59:59.999000+00:00,135120,135720,600,180,420,7.0,600.0,2026-05,RESEARCH_DEVELOPMENT,LISTING_AFTER_30_DAYS,ORDINARY_WEEKDAY_OVERNIGHT,READY,,0
AMZNUSDT-O-20260518T200000Z,AMZNUSDT,TRADITIONAL_EQUITY,O,,,,O:2026-05-18T20:00:00Z:2026-05-19T06:00:00Z,2026-05-18T20:00:00Z,2026-05-19T06:00:00Z,2026-05-18T20:00:00+00:00,2026-05-18T22:59:59.999000+00:00,2026-05-18T23:00:00+00:00,2026-05-19T05:59:59.999000+00:00,140880,141480,600,180,420,7.0,600.0,2026-05,RESEARCH_DEVELOPMENT,LISTING_AFTER_30_DAYS,ORDINARY_WEEKDAY_OVERNIGHT,READY,,0
AMZNUSDT-O-20260519T200000Z,AMZNUSDT,TRADITIONAL_EQUITY,O,,,,O:2026-05-19T20:00:00Z:2026-05-20T06:00:00Z,2026-05-19T20:00:00Z,2026-05-20T06:00:00Z,2026-05-19T20:00:00+00:00,2026-05-19T22:59:59.999000+00:00,2026-05-19T23:00:00+00:00,2026-05-20T05:59:59.999000+00:00,142320,142920,600,180,420,7.0,600.0,2026-05,RESEARCH_DEVELOPMENT,LISTING_AFTER_30_DAYS,ORDINARY_WEEKDAY_OVERNIGHT,READY,,0
AMZNUSDT-O-20260520T200000Z,AMZNUSDT,TRADITIONAL_EQUITY,O,,,,O:2026-05-20T20:00:00Z:2026-05-21T06:00:00Z,2026-05-20T20:00:00Z,2026-05-21T06:00:00Z,2026-05-20T20:00:00+00:00,2026-05-20T22:59:59.999000+00:00,2026-05-20T23:00:00+00:00,2026-05-21T05:59:59.999000+00:00,143760,144360,600,180,420,7.0,600.0,2026-05,RESEARCH_DEVELOPMENT,LISTING_AFTER_30_DAYS,ORDINARY_WEEKDAY_OVERNIGHT,READY,,0
AMZNUSDT-O-20260521T200000Z,AMZNUSDT,TRADITIONAL_EQUITY,O,,,,O:2026-05-21T20:00:00Z:2026-05-22T06:00:00Z,2026-05-21T20:00:00Z,2026-05-22T06:00:00Z,2026-05-21T20:00:00+00:00,2026-05-21T22:59:59.999000+00:00,2026-05-21T23:00:00+00:00,2026-05-22T05:59:59.999000+00:00,145200,145800,600,180,420,7.0,600.0,2026-05,RESEARCH_DEVELOPMENT,LISTING_AFTER_30_DAYS,ORDINARY_WEEKDAY_OVERNIGHT,READY,,0
AMZNUSDT-O-20260526T200000Z,AMZNUSDT,TRADITIONAL_EQUITY,O,,,,O:2026-05-26T20:00:00Z:2026-05-27T06:00:00Z,2026-05-26T20:00:00Z,2026-05-27T06:00:00Z,2026-05-26T20:00:00+00:00,2026-05-26T22:59:59.999000+00:00,2026-05-26T23:00:00+00:00,2026-05-27T05:59:59.999000+00:00,152400,153000,600,180,420,7.0,600.0,2026-05,RESEARCH_DEVELOPMENT,LISTING_AFTER_30_DAYS,ORDINARY_WEEKDAY_OVERNIGHT,READY,,0
AMZNUSDT-O-20260527T200000Z,AMZNUSDT,TRADITIONAL_EQUITY,O,,,,O:2026-05-27T20:00:00Z:2026-05-28T06:00:00Z,2026-05-27T20:00:00Z,2026-05-28T06:00:00Z,2026-05-27T20:00:00+00:00,2026-05-27T22:59:59.999000+00:00,2026-05-27T23:00:00+00:00,2026-05-28T05:59:59.999000+00:00,153840,154440,600,180,420,7.0,600.0,2026-05,RESEARCH_DEVELOPMENT,LISTING_AFTER_30_DAYS,ORDINARY_WEEKDAY_OVERNIGHT,READY,,0
AMZNUSDT-O-20260528T200000Z,AMZNUSDT,TRADITIONAL_EQUITY,O,,,,O:2026-05-28T20:00:00Z:2026-05-29T06:00:00Z,2026-05-28T20:00:00Z,2026-05-29T06:00:00Z,2026-05-28T20:00:00+00:00,2026-05-28T22:59:59.999000+00:00,2026-05-28T23:00:00+00:00,2026-05-29T05:59:59.999000+00:00,155280,155880,600,180,420,7.0,600.0,2026-05,RESEARCH_DEVELOPMENT,LISTING_AFTER_30_DAYS,ORDINARY_WEEKDAY_OVERNIGHT,READY,,0
AMZNUSDT-O-20260601T200000Z,AMZNUSDT,TRADITIONAL_EQUITY,O,,,,O:2026-06-01T20:00:00Z:2026-06-02T06:00:00Z,2026-06-01T20:00:00Z,2026-06-02T06:00:00Z,2026-06-01T20:00:00+00:00,2026-06-01T22:59:59.999000+00:00,2026-06-01T23:00:00+00:00,2026-06-02T05:59:59.999000+00:00,161040,161640,600,180,420,7.0,600.0,2026-06,RESEARCH_VALIDATION_EXPOSED,LISTING_AFTER_30_DAYS,ORDINARY_WEEKDAY_OVERNIGHT,READY,,0
AMZNUSDT-O-20260602T200000Z,AMZNUSDT,TRADITIONAL_EQUITY,O,,,,O:2026-06-02T20:00:00Z:2026-06-03T06:00:00Z,2026-06-02T20:00:00Z,2026-06-03T06:00:00Z,2026-06-02T20:00:00+00:00,2026-06-02T22:59:59.999000+00:00,2026-06-02T23:00:00+00:00,2026-06-03T05:59:59.999000+00:00,162480,163080,600,180,420,7.0,600.0,2026-06,RESEARCH_VALIDATION_EXPOSED,LISTING_AFTER_30_DAYS,ORDINARY_WEEKDAY_OVERNIGHT,READY,,0
AMZNUSDT-O-20260603T200000Z,AMZNUSDT,TRADITIONAL_EQUITY,O,,,,O:2026-06-03T20:00:00Z:2026-06-04T06:00:00Z,2026-06-03T20:00:00Z,2026-06-04T06:00:00Z,2026-06-03T20:00:00+00:00,2026-06-03T22:59:59.999000+00:00,2026-06-03T23:00:00+00:00,2026-06-04T05:59:59.999000+00:00,163920,164520,600,180,420,7.0,600.0,2026-06,RESEARCH_VALIDATION_EXPOSED,LISTING_AFTER_30_DAYS,ORDINARY_WEEKDAY_OVERNIGHT,READY,,0
AMZNUSDT-O-20260604T200000Z,AMZNUSDT,TRADITIONAL_EQUITY,O,,,,O:2026-06-04T20:00:00Z:2026-06-05T06:00:00Z,2026-06-04T20:00:00Z,2026-06-05T06:00:00Z,2026-06-04T20:00:00+00:00,2026-06-04T22:59:59.999000+00:00,2026-06-04T23:00:00+00:00,2026-06-05T05:59:59.999000+00:00,165360,165960,600,180,420,7.0,600.0,2026-06,RESEARCH_VALIDATION_EXPOSED,LISTING_AFTER_30_DAYS,ORDINARY_WEEKDAY_OVERNIGHT,READY,,0
AMZNUSDT-O-20260608T200000Z,AMZNUSDT,TRADITIONAL_EQUITY,O,,,,O:2026-06-08T20:00:00Z:2026-06-09T06:00:00Z,2026-06-08T20:00:00Z,2026-06-09T06:00:00Z,2026-06-08T20:00:00+00:00,2026-06-08T22:59:59.999000+00:00,2026-06-08T23:00:00+00:00,2026-06-09T05:59:59.999000+00:00,171120,171720,600,180,420,7.0,600.0,2026-06,RESEARCH_VALIDATION_EXPOSED,LISTING_AFTER_30_DAYS,ORDINARY_WEEKDAY_OVERNIGHT,READY,,0
AMZNUSDT-O-20260609T200000Z,AMZNUSDT,TRADITIONAL_EQUITY,O,,,,O:2026-06-09T20:00:00Z:2026-06-10T06:00:00Z,2026-06-09T20:00:00Z,2026-06-10T06:00:00Z,2026-06-09T20:00:00+00:00,2026-06-09T22:59:59.999000+00:00,2026-06-09T23:00:00+00:00,2026-06-10T05:59:59.999000+00:00,172560,173160,600,180,420,7.0,600.0,2026-06,RESEARCH_VALIDATION_EXPOSED,LISTING_AFTER_30_DAYS,ORDINARY_WEEKDAY_OVERNIGHT,READY,,0
AMZNUSDT-O-20260610T200000Z,AMZNUSDT,TRADITIONAL_EQUITY,O,,,,O:2026-06-10T20:00:00Z:2026-06-11T06:00:00Z,2026-06-10T20:00:00Z,2026-06-11T06:00:00Z,2026-06-10T20:00:00+00:00,2026-06-10T22:59:59.999000+00:00,2026-06-10T23:00:00+00:00,2026-06-11T05:59:59.999000+00:00,174000,174600,600,180,420,7.0,600.0,2026-06,RESEARCH_VALIDATION_EXPOSED,LISTING_AFTER_30_DAYS,ORDINARY_WEEKDAY_OVERNIGHT,READY,,0
AMZNUSDT-O-20260611T200000Z,AMZNUSDT,TRADITIONAL_EQUITY,O,,,,O:2026-06-11T20:00:00Z:2026-06-12T06:00:00Z,2026-06-11T20:00:00Z,2026-06-12T06:00:00Z,2026-06-11T20:00:00+00:00,2026-06-11T22:59:59.999000+00:00,2026-06-11T23:00:00+00:00,2026-06-12T05:59:59.999000+00:00,175440,176040,600,180,420,7.0,600.0,2026-06,RESEARCH_VALIDATION_EXPOSED,LISTING_AFTER_30_DAYS,ORDINARY_WEEKDAY_OVERNIGHT,READY,,0
AMZNUSDT-O-20260615T200000Z,AMZNUSDT,TRADITIONAL_EQUITY,O,,,,O:2026-06-15T20:00:00Z:2026-06-16T06:00:00Z,2026-06-15T20:00:00Z,2026-06-16T06:00:00Z,2026-06-15T20:00:00+00:00,2026-06-15T22:59:59.999000+00:00,2026-06-15T23:00:00+00:00,2026-06-16T05:59:59.999000+00:00,181200,181800,600,180,420,7.0,600.0,2026-06,RESEARCH_VALIDATION_EXPOSED,LISTING_AFTER_30_DAYS,ORDINARY_WEEKDAY_OVERNIGHT,READY,,0
AMZNUSDT-O-20260616T200000Z,AMZNUSDT,TRADITIONAL_EQUITY,O,,,,O:2026-06-16T20:00:00Z:2026-06-17T06:00:00Z,2026-06-16T20:00:00Z,2026-06-17T06:00:00Z,2026-06-16T20:00:00+00:00,2026-06-16T22:59:59.999000+00:00,2026-06-16T23:00:00+00:00,2026-06-17T05:59:59.999000+00:00,182640,183240,600,180,420,7.0,600.0,2026-06,RESEARCH_VALIDATION_EXPOSED,LISTING_AFTER_30_DAYS,ORDINARY_WEEKDAY_OVERNIGHT,READY,,0
AMZNUSDT-O-20260617T200000Z,AMZNUSDT,TRADITIONAL_EQUITY,O,,,,O:2026-06-17T20:00:00Z:2026-06-18T06:00:00Z,2026-06-17T20:00:00Z,2026-06-18T06:00:00Z,2026-06-17T20:00:00+00:00,2026-06-17T22:59:59.999000+00:00,2026-06-17T23:00:00+00:00,2026-06-18T05:59:59.999000+00:00,184080,184680,600,180,420,7.0,600.0,2026-06,RESEARCH_VALIDATION_EXPOSED,LISTING_AFTER_30_DAYS,ORDINARY_WEEKDAY_OVERNIGHT,READY,,0
AMZNUSDT-O-20260622T200000Z,AMZNUSDT,TRADITIONAL_EQUITY,O,,,,O:2026-06-22T20:00:00Z:2026-06-23T06:00:00Z,2026-06-22T20:00:00Z,2026-06-23T06:00:00Z,2026-06-22T20:00:00+00:00,2026-06-22T22:59:59.999000+00:00,2026-06-22T23:00:00+00:00,2026-06-23T05:59:59.999000+00:00,191280,191880,600,180,420,7.0,600.0,2026-06,RESEARCH_VALIDATION_EXPOSED,LISTING_AFTER_30_DAYS,ORDINARY_WEEKDAY_OVERNIGHT,READY,,0
AMZNUSDT-O-20260623T200000Z,AMZNUSDT,TRADITIONAL_EQUITY,O,,,,O:2026-06-23T20:00:00Z:2026-06-24T06:00:00Z,2026-06-23T20:00:00Z,2026-06-24T06:00:00Z,2026-06-23T20:00:00+00:00,2026-06-23T22:59:59.999000+00:00,2026-06-23T23:00:00+00:00,2026-06-24T05:59:59.999000+00:00,192720,193320,600,180,420,7.0,600.0,2026-06,RESEARCH_VALIDATION_EXPOSED,LISTING_AFTER_30_DAYS,ORDINARY_WEEKDAY_OVERNIGHT,READY,,0
AMZNUSDT-O-20260624T200000Z,AMZNUSDT,TRADITIONAL_EQUITY,O,,,,O:2026-06-24T20:00:00Z:2026-06-25T06:00:00Z,2026-06-24T20:00:00Z,2026-06-25T06:00:00Z,2026-06-24T20:00:00+00:00,2026-06-24T22:59:59.999000+00:00,2026-06-24T23:00:00+00:00,2026-06-25T05:59:59.999000+00:00,194160,194760,600,180,420,7.0,600.0,2026-06,RESEARCH_VALIDATION_EXPOSED,LISTING_AFTER_30_DAYS,ORDINARY_WEEKDAY_OVERNIGHT,READY,,0
AMZNUSDT-O-20260625T200000Z,AMZNUSDT,TRADITIONAL_EQUITY,O,,,,O:2026-06-25T20:00:00Z:2026-06-26T06:00:00Z,2026-06-25T20:00:00Z,2026-06-26T06:00:00Z,2026-06-25T20:00:00+00:00,2026-06-25T22:59:59.999000+00:00,2026-06-25T23:00:00+00:00,2026-06-26T05:59:59.999000+00:00,195600,196200,600,180,420,7.0,600.0,2026-06,RESEARCH_VALIDATION_EXPOSED,LISTING_AFTER_30_DAYS,ORDINARY_WEEKDAY_OVERNIGHT,READY,,0
AMZNUSDT-O-20260629T200000Z,AMZNUSDT,TRADITIONAL_EQUITY,O,,,,O:2026-06-29T20:00:00Z:2026-06-30T06:00:00Z,2026-06-29T20:00:00Z,2026-06-30T06:00:00Z,2026-06-29T20:00:00+00:00,2026-06-29T22:59:59.999000+00:00,2026-06-29T23:00:00+00:00,2026-06-30T05:59:59.999000+00:00,201360,201960,600,180,420,7.0,600.0,2026-06,RESEARCH_VALIDATION_EXPOSED,LISTING_AFTER_30_DAYS,ORDINARY_WEEKDAY_OVERNIGHT,READY,,0
AMZNUSDT-O-20260630T200000Z,AMZNUSDT,TRADITIONAL_EQUITY,O,,,,O:2026-06-30T20:00:00Z:2026-07-01T06:00:00Z,2026-06-30T20:00:00Z,2026-07-01T06:00:00Z,2026-06-30T20:00:00+00:00,2026-06-30T22:59:59.999000+00:00,2026-06-30T23:00:00+00:00,2026-07-01T05:59:59.999000+00:00,202800,203400,600,180,420,7.0,600.0,2026-06,RESEARCH_VALIDATION_EXPOSED,LISTING_AFTER_30_DAYS,ORDINARY_WEEKDAY_OVERNIGHT,READY,,0
AMZNUSDT-O-20260701T200000Z,AMZNUSDT,TRADITIONAL_EQUITY,O,,,,O:2026-07-01T20:00:00Z:2026-07-02T06:00:00Z,2026-07-01T20:00:00Z,2026-07-02T06:00:00Z,2026-07-01T20:00:00+00:00,2026-07-01T22:59:59.999000+00:00,2026-07-01T23:00:00+00:00,2026-07-02T05:59:59.999000+00:00,204240,204840,600,180,420,7.0,600.0,2026-07,DESCRIPTIVE_EXPOSED,LISTING_AFTER_30_DAYS,ORDINARY_WEEKDAY_OVERNIGHT,READY,,0
AMZNUSDT-O-20260706T200000Z,AMZNUSDT,TRADITIONAL_EQUITY,O,,,,O:2026-07-06T20:00:00Z:2026-07-07T06:00:00Z,2026-07-06T20:00:00Z,2026-07-07T06:00:00Z,2026-07-06T20:00:00+00:00,2026-07-06T22:59:59.999000+00:00,2026-07-06T23:00:00+00:00,2026-07-07T05:59:59.999000+00:00,211440,212040,600,180,420,7.0,600.0,2026-07,DESCRIPTIVE_EXPOSED,LISTING_AFTER_30_DAYS,ORDINARY_WEEKDAY_OVERNIGHT,READY,,0
AMZNUSDT-O-20260707T200000Z,AMZNUSDT,TRADITIONAL_EQUITY,O,,,,O:2026-07-07T20:00:00Z:2026-07-08T06:00:00Z,2026-07-07T20:00:00Z,2026-07-08T06:00:00Z,2026-07-07T20:00:00+00:00,2026-07-07T22:59:59.999000+00:00,2026-07-07T23:00:00+00:00,2026-07-08T05:59:59.999000+00:00,212880,213480,600,180,420,7.0,600.0,2026-07,DESCRIPTIVE_EXPOSED,LISTING_AFTER_30_DAYS,ORDINARY_WEEKDAY_OVERNIGHT,READY,,0
AMZNUSDT-O-20260708T200000Z,AMZNUSDT,TRADITIONAL_EQUITY,O,,,,O:2026-07-08T20:00:00Z:2026-07-09T06:00:00Z,2026-07-08T20:00:00Z,2026-07-09T06:00:00Z,2026-07-08T20:00:00+00:00,2026-07-08T22:59:59.999000+00:00,2026-07-08T23:00:00+00:00,2026-07-09T05:59:59.999000+00:00,214320,214920,600,180,420,7.0,600.0,2026-07,DESCRIPTIVE_EXPOSED,LISTING_AFTER_30_DAYS,ORDINARY_WEEKDAY_OVERNIGHT,READY,,0
AMZNUSDT-O-20260709T200000Z,AMZNUSDT,TRADITIONAL_EQUITY,O,,,,O:2026-07-09T20:00:00Z:2026-07-10T06:00:00Z,2026-07-09T20:00:00Z,2026-07-10T06:00:00Z,2026-07-09T20:00:00+00:00,2026-07-09T22:59:59.999000+00:00,2026-07-09T23:00:00+00:00,2026-07-10T05:59:59.999000+00:00,215760,216360,600,180,420,7.0,600.0,2026-07,DESCRIPTIVE_EXPOSED,LISTING_AFTER_30_DAYS,ORDINARY_WEEKDAY_OVERNIGHT,READY,,0
AMZNUSDT-O-20260713T200000Z,AMZNUSDT,TRADITIONAL_EQUITY,O,,,,O:2026-07-13T20:00:00Z:2026-07-14T06:00:00Z,2026-07-13T20:00:00Z,2026-07-14T06:00:00Z,2026-07-13T20:00:00+00:00,2026-07-13T22:59:59.999000+00:00,2026-07-13T23:00:00+00:00,2026-07-14T05:59:59.999000+00:00,221520,222120,600,180,420,7.0,600.0,2026-07,DESCRIPTIVE_EXPOSED,LISTING_AFTER_30_DAYS,ORDINARY_WEEKDAY_OVERNIGHT,READY,,0
AMZNUSDT-O-20260714T200000Z,AMZNUSDT,TRADITIONAL_EQUITY,O,,,,O:2026-07-14T20:00:00Z:2026-07-15T06:00:00Z,2026-07-14T20:00:00Z,2026-07-15T06:00:00Z,2026-07-14T20:00:00+00:00,2026-07-14T22:59:59.999000+00:00,2026-07-14T23:00:00+00:00,2026-07-15T05:59:59.999000+00:00,222960,223560,600,180,420,7.0,600.0,2026-07,DESCRIPTIVE_EXPOSED,LISTING_AFTER_30_DAYS,ORDINARY_WEEKDAY_OVERNIGHT,READY,,0
AMZNUSDT-O-20260715T200000Z,AMZNUSDT,TRADITIONAL_EQUITY,O,,,,O:2026-07-15T20:00:00Z:2026-07-16T06:00:00Z,2026-07-15T20:00:00Z,2026-07-16T06:00:00Z,2026-07-15T20:00:00+00:00,2026-07-15T22:59:59.999000+00:00,2026-07-15T23:00:00+00:00,2026-07-16T05:59:59.999000+00:00,224400,225000,600,180,420,7.0,600.0,2026-07,DESCRIPTIVE_EXPOSED,LISTING_AFTER_30_DAYS,ORDINARY_WEEKDAY_OVERNIGHT,READY,,0
AMZNUSDT-O-20260716T200000Z,AMZNUSDT,TRADITIONAL_EQUITY,O,,,,O:2026-07-16T20:00:00Z:2026-07-17T06:00:00Z,2026-07-16T20:00:00Z,2026-07-17T06:00:00Z,2026-07-16T20:00:00+00:00,2026-07-16T22:59:59.999000+00:00,2026-07-16T23:00:00+00:00,2026-07-17T05:59:59.999000+00:00,225840,226440,600,180,420,7.0,600.0,2026-07,DESCRIPTIVE_EXPOSED,LISTING_AFTER_30_DAYS,ORDINARY_WEEKDAY_OVERNIGHT,READY,,0
AMZNUSDT-O-20260720T200000Z,AMZNUSDT,TRADITIONAL_EQUITY,O,,,,O:2026-07-20T20:00:00Z:2026-07-21T06:00:00Z,2026-07-20T20:00:00Z,2026-07-21T06:00:00Z,2026-07-20T20:00:00+00:00,2026-07-20T22:59:59.999000+00:00,2026-07-20T23:00:00+00:00,2026-07-21T05:59:59.999000+00:00,231600,232200,600,180,420,7.0,600.0,2026-07,DESCRIPTIVE_EXPOSED,LISTING_AFTER_30_DAYS,ORDINARY_WEEKDAY_OVERNIGHT,READY,,0
AMZNUSDT-O-20260721T200000Z,AMZNUSDT,TRADITIONAL_EQUITY,O,,,,O:2026-07-21T20:00:00Z:2026-07-22T06:00:00Z,2026-07-21T20:00:00Z,2026-07-22T06:00:00Z,2026-07-21T20:00:00+00:00,2026-07-21T22:59:59.999000+00:00,2026-07-21T23:00:00+00:00,2026-07-22T05:59:59.999000+00:00,233040,233640,600,180,420,7.0,600.0,2026-07,DESCRIPTIVE_EXPOSED,LISTING_AFTER_30_DAYS,ORDINARY_WEEKDAY_OVERNIGHT,READY,,0
AMZNUSDT-O-20260722T200000Z,AMZNUSDT,TRADITIONAL_EQUITY,O,,,,O:2026-07-22T20:00:00Z:2026-07-23T06:00:00Z,2026-07-22T20:00:00Z,2026-07-23T06:00:00Z,2026-07-22T20:00:00+00:00,2026-07-22T22:59:59.999000+00:00,2026-07-22T23:00:00+00:00,2026-07-23T05:59:59.999000+00:00,234480,235080,600,180,420,7.0,600.0,2026-07,DESCRIPTIVE_EXPOSED,LISTING_AFTER_30_DAYS,ORDINARY_WEEKDAY_OVERNIGHT,READY,,0
AMZNUSDT-O-20260723T200000Z,AMZNUSDT,TRADITIONAL_EQUITY,O,,,,O:2026-07-23T20:00:00Z:2026-07-24T06:00:00Z,2026-07-23T20:00:00Z,2026-07-24T06:00:00Z,2026-07-23T20:00:00+00:00,2026-07-23T22:59:59.999000+00:00,2026-07-23T23:00:00+00:00,2026-07-23T23:59:59.999000+00:00,235920,236160,240,180,60,1.0,600.0,2026-07,DESCRIPTIVE_EXPOSED,LISTING_AFTER_30_DAYS,ORDINARY_WEEKDAY_OVERNIGHT,READY,,0
AMZNUSDT-O-20260126T210000Z,AMZNUSDT,TRADITIONAL_EQUITY,O,,,,O:2026-01-26T21:00:00Z:2026-01-27T07:00:00Z,2026-01-26T21:00:00Z,2026-01-27T07:00:00Z,2026-01-26T21:00:00+00:00,2026-01-26T21:00:00+00:00,,,0,0,0,0,0,0.0,600.0,2026-01,DESCRIPTIVE_EXPOSED,LISTING_DAYS_1_14,ORDINARY_WEEKDAY_OVERNIGHT,SKIPPED,INSUFFICIENT_TRADABLE_ROWS,0
AMZNUSDT-O-20260127T210000Z,AMZNUSDT,TRADITIONAL_EQUITY,O,,,,O:2026-01-27T21:00:00Z:2026-01-28T07:00:00Z,2026-01-27T21:00:00Z,2026-01-28T07:00:00Z,2026-01-27T21:00:00+00:00,2026-01-27T21:00:00+00:00,,,0,0,0,0,0,0.0,600.0,2026-01,DESCRIPTIVE_EXPOSED,LISTING_DAYS_1_14,ORDINARY_WEEKDAY_OVERNIGHT,SKIPPED,INSUFFICIENT_TRADABLE_ROWS,0
AMZNUSDT-O-20260128T210000Z,AMZNUSDT,TRADITIONAL_EQUITY,O,,,,O:2026-01-28T21:00:00Z:2026-01-29T07:00:00Z,2026-01-28T21:00:00Z,2026-01-29T07:00:00Z,2026-01-28T21:00:00+00:00,2026-01-28T21:00:00+00:00,,,0,0,0,0,0,0.0,600.0,2026-01,DESCRIPTIVE_EXPOSED,LISTING_DAYS_1_14,ORDINARY_WEEKDAY_OVERNIGHT,SKIPPED,INSUFFICIENT_TRADABLE_ROWS,0
AMZNUSDT-O-20260129T210000Z,AMZNUSDT,TRADITIONAL_EQUITY,O,,,,O:2026-01-29T21:00:00Z:2026-01-30T07:00:00Z,2026-01-29T21:00:00Z,2026-01-30T07:00:00Z,2026-01-29T21:00:00+00:00,2026-01-29T21:00:00+00:00,,,0,0,0,0,0,0.0,600.0,2026-01,DESCRIPTIVE_EXPOSED,LISTING_DAYS_1_14,ORDINARY_WEEKDAY_OVERNIGHT,SKIPPED,INSUFFICIENT_TRADABLE_ROWS,0
AMZNUSDT-O-20260202T210000Z,AMZNUSDT,TRADITIONAL_EQUITY,O,,,,O:2026-02-02T21:00:00Z:2026-02-03T07:00:00Z,2026-02-02T21:00:00Z,2026-02-03T07:00:00Z,2026-02-02T21:00:00+00:00,2026-02-02T21:00:00+00:00,,,0,0,0,0,0,0.0,600.0,2026-02,DESCRIPTIVE_EXPOSED,LISTING_DAYS_1_14,ORDINARY_WEEKDAY_OVERNIGHT,SKIPPED,INSUFFICIENT_TRADABLE_ROWS,0
AMZNUSDT-O-20260203T210000Z,AMZNUSDT,TRADITIONAL_EQUITY,O,,,,O:2026-02-03T21:00:00Z:2026-02-04T07:00:00Z,2026-02-03T21:00:00Z,2026-02-04T07:00:00Z,2026-02-03T21:00:00+00:00,2026-02-03T21:00:00+00:00,,,0,0,0,0,0,0.0,600.0,2026-02,DESCRIPTIVE_EXPOSED,LISTING_DAYS_1_14,ORDINARY_WEEKDAY_OVERNIGHT,SKIPPED,INSUFFICIENT_TRADABLE_ROWS,0
AMZNUSDT-O-20260204T210000Z,AMZNUSDT,TRADITIONAL_EQUITY,O,,,,O:2026-02-04T21:00:00Z:2026-02-05T07:00:00Z,2026-02-04T21:00:00Z,2026-02-05T07:00:00Z,2026-02-04T21:00:00+00:00,2026-02-04T21:00:00+00:00,,,0,0,0,0,0,0.0,600.0,2026-02,DESCRIPTIVE_EXPOSED,LISTING_DAYS_1_14,ORDINARY_WEEKDAY_OVERNIGHT,SKIPPED,INSUFFICIENT_TRADABLE_ROWS,0
AMZNUSDT-O-20260205T210000Z,AMZNUSDT,TRADITIONAL_EQUITY,O,,,,O:2026-02-05T21:00:00Z:2026-02-06T07:00:00Z,2026-02-05T21:00:00Z,2026-02-06T07:00:00Z,2026-02-05T21:00:00+00:00,2026-02-05T21:00:00+00:00,,,0,0,0,0,0,0.0,600.0,2026-02,DESCRIPTIVE_EXPOSED,LISTING_DAYS_1_14,ORDINARY_WEEKDAY_OVERNIGHT,SKIPPED,INSUFFICIENT_TRADABLE_ROWS,0
AMZNUSDT-O-20260727T200000Z,AMZNUSDT,TRADITIONAL_EQUITY,O,,,,O:2026-07-27T20:00:00Z:2026-07-28T06:00:00Z,2026-07-27T20:00:00Z,2026-07-28T06:00:00Z,2026-07-27T20:00:00+00:00,2026-07-27T20:00:00+00:00,,,236160,236160,0,0,0,0.0,600.0,2026-07,FORWARD_OOS_FUTURE,LISTING_AFTER_30_DAYS,ORDINARY_WEEKDAY_OVERNIGHT,SKIPPED,INSUFFICIENT_TRADABLE_ROWS,0
AMZNUSDT-O-20260728T200000Z,AMZNUSDT,TRADITIONAL_EQUITY,O,,,,O:2026-07-28T20:00:00Z:2026-07-29T06:00:00Z,2026-07-28T20:00:00Z,2026-07-29T06:00:00Z,2026-07-28T20:00:00+00:00,2026-07-28T20:00:00+00:00,,,236160,236160,0,0,0,0.0,600.0,2026-07,FORWARD_OOS_FUTURE,LISTING_AFTER_30_DAYS,ORDINARY_WEEKDAY_OVERNIGHT,SKIPPED,INSUFFICIENT_TRADABLE_ROWS,0
AMZNUSDT-O-20260729T200000Z,AMZNUSDT,TRADITIONAL_EQUITY,O,,,,O:2026-07-29T20:00:00Z:2026-07-30T06:00:00Z,2026-07-29T20:00:00Z,2026-07-30T06:00:00Z,2026-07-29T20:00:00+00:00,2026-07-29T20:00:00+00:00,,,236160,236160,0,0,0,0.0,600.0,2026-07,FORWARD_OOS_FUTURE,LISTING_AFTER_30_DAYS,ORDINARY_WEEKDAY_OVERNIGHT,SKIPPED,INSUFFICIENT_TRADABLE_ROWS,0
AMZNUSDT-O-20260730T200000Z,AMZNUSDT,TRADITIONAL_EQUITY,O,,,,O:2026-07-30T20:00:00Z:2026-07-31T06:00:00Z,2026-07-30T20:00:00Z,2026-07-31T06:00:00Z,2026-07-30T20:00:00+00:00,2026-07-30T20:00:00+00:00,,,236160,236160,0,0,0,0.0,600.0,2026-07,FORWARD_OOS_FUTURE,LISTING_AFTER_30_DAYS,ORDINARY_WEEKDAY_OVERNIGHT,SKIPPED,INSUFFICIENT_TRADABLE_ROWS,0
AMZNUSDT-O-20260803T200000Z,AMZNUSDT,TRADITIONAL_EQUITY,O,,,,O:2026-08-03T20:00:00Z:2026-08-04T06:00:00Z,2026-08-03T20:00:00Z,2026-08-04T06:00:00Z,2026-08-03T20:00:00+00:00,2026-08-03T20:00:00+00:00,,,236160,236160,0,0,0,0.0,600.0,2026-08,FORWARD_OOS_FUTURE,LISTING_AFTER_30_DAYS,ORDINARY_WEEKDAY_OVERNIGHT,SKIPPED,INSUFFICIENT_TRADABLE_ROWS,0
AMZNUSDT-O-20260804T200000Z,AMZNUSDT,TRADITIONAL_EQUITY,O,,,,O:2026-08-04T20:00:00Z:2026-08-05T06:00:00Z,2026-08-04T20:00:00Z,2026-08-05T06:00:00Z,2026-08-04T20:00:00+00:00,2026-08-04T20:00:00+00:00,,,236160,236160,0,0,0,0.0,600.0,2026-08,FORWARD_OOS_FUTURE,LISTING_AFTER_30_DAYS,ORDINARY_WEEKDAY_OVERNIGHT,SKIPPED,INSUFFICIENT_TRADABLE_ROWS,0
AMZNUSDT-O-20260805T200000Z,AMZNUSDT,TRADITIONAL_EQUITY,O,,,,O:2026-08-05T20:00:00Z:2026-08-06T06:00:00Z,2026-08-05T20:00:00Z,2026-08-06T06:00:00Z,2026-08-05T20:00:00+00:00,2026-08-05T20:00:00+00:00,,,236160,236160,0,0,0,0.0,600.0,2026-08,FORWARD_OOS_FUTURE,LISTING_AFTER_30_DAYS,ORDINARY_WEEKDAY_OVERNIGHT,SKIPPED,INSUFFICIENT_TRADABLE_ROWS,0
COINUSDT-O-20260209T210000Z,COINUSDT,CRYPTO_SENSITIVE_EQUITY,O,,,,O:2026-02-09T21:00:00Z:2026-02-10T07:00:00Z,2026-02-09T21:00:00Z,2026-02-10T07:00:00Z,2026-02-09T21:00:00+00:00,2026-02-10T02:59:59.999000+00:00,2026-02-10T03:00:00+00:00,2026-02-10T06:59:59.999000+00:00,0,420,420,180,240,4.0,600.0,2026-02,DESCRIPTIVE_EXPOSED,LISTING_DAYS_1_14,ORDINARY_WEEKDAY_OVERNIGHT,READY,,0
COINUSDT-O-20260210T210000Z,COINUSDT,CRYPTO_SENSITIVE_EQUITY,O,,,,O:2026-02-10T21:00:00Z:2026-02-11T07:00:00Z,2026-02-10T21:00:00Z,2026-02-11T07:00:00Z,2026-02-10T21:00:00+00:00,2026-02-10T23:59:59.999000+00:00,2026-02-11T00:00:00+00:00,2026-02-11T06:59:59.999000+00:00,1260,1860,600,180,420,7.0,600.0,2026-02,DESCRIPTIVE_EXPOSED,LISTING_DAYS_1_14,ORDINARY_WEEKDAY_OVERNIGHT,READY,,0
COINUSDT-O-20260211T210000Z,COINUSDT,CRYPTO_SENSITIVE_EQUITY,O,,,,O:2026-02-11T21:00:00Z:2026-02-12T07:00:00Z,2026-02-11T21:00:00Z,2026-02-12T07:00:00Z,2026-02-11T21:00:00+00:00,2026-02-11T23:59:59.999000+00:00,2026-02-12T00:00:00+00:00,2026-02-12T06:59:59.999000+00:00,2700,3300,600,180,420,7.0,600.0,2026-02,DESCRIPTIVE_EXPOSED,LISTING_DAYS_1_14,ORDINARY_WEEKDAY_OVERNIGHT,READY,,0
COINUSDT-O-20260212T210000Z,COINUSDT,CRYPTO_SENSITIVE_EQUITY,O,,,,O:2026-02-12T21:00:00Z:2026-02-13T07:00:00Z,2026-02-12T21:00:00Z,2026-02-13T07:00:00Z,2026-02-12T21:00:00+00:00,2026-02-12T23:59:59.999000+00:00,2026-02-13T00:00:00+00:00,2026-02-13T06:59:59.999000+00:00,4140,4740,600,180,420,7.0,600.0,2026-02,DESCRIPTIVE_EXPOSED,LISTING_DAYS_1_14,ORDINARY_WEEKDAY_OVERNIGHT,READY,,0
COINUSDT-O-20260217T210000Z,COINUSDT,CRYPTO_SENSITIVE_EQUITY,O,,,,O:2026-02-17T21:00:00Z:2026-02-18T07:00:00Z,2026-02-17T21:00:00Z,2026-02-18T07:00:00Z,2026-02-17T21:00:00+00:00,2026-02-17T23:59:59.999000+00:00,2026-02-18T00:00:00+00:00,2026-02-18T06:59:59.999000+00:00,11340,11940,600,180,420,7.0,600.0,2026-02,DESCRIPTIVE_EXPOSED,LISTING_DAYS_1_14,ORDINARY_WEEKDAY_OVERNIGHT,READY,,0
COINUSDT-O-20260218T210000Z,COINUSDT,CRYPTO_SENSITIVE_EQUITY,O,,,,O:2026-02-18T21:00:00Z:2026-02-19T07:00:00Z,2026-02-18T21:00:00Z,2026-02-19T07:00:00Z,2026-02-18T21:00:00+00:00,2026-02-18T23:59:59.999000+00:00,2026-02-19T00:00:00+00:00,2026-02-19T06:59:59.999000+00:00,12780,13380,600,180,420,7.0,600.0,2026-02,DESCRIPTIVE_EXPOSED,LISTING_DAYS_1_14,ORDINARY_WEEKDAY_OVERNIGHT,READY,,0
COINUSDT-O-20260219T210000Z,COINUSDT,CRYPTO_SENSITIVE_EQUITY,O,,,,O:2026-02-19T21:00:00Z:2026-02-20T07:00:00Z,2026-02-19T21:00:00Z,2026-02-20T07:00:00Z,2026-02-19T21:00:00+00:00,2026-02-19T23:59:59.999000+00:00,2026-02-20T00:00:00+00:00,2026-02-20T06:59:59.999000+00:00,14220,14820,600,180,420,7.0,600.0,2026-02,DESCRIPTIVE_EXPOSED,LISTING_DAYS_1_14,ORDINARY_WEEKDAY_OVERNIGHT,READY,,0
COINUSDT-O-20260223T210000Z,COINUSDT,CRYPTO_SENSITIVE_EQUITY,O,,,,O:2026-02-23T21:00:00Z:2026-02-24T07:00:00Z,2026-02-23T21:00:00Z,2026-02-24T07:00:00Z,2026-02-23T21:00:00+00:00,2026-02-23T23:59:59.999000+00:00,2026-02-24T00:00:00+00:00,2026-02-24T06:59:59.999000+00:00,19980,20580,600,180,420,7.0,600.0,2026-02,DESCRIPTIVE_EXPOSED,LISTING_DAYS_1_14,ORDINARY_WEEKDAY_OVERNIGHT,READY,,0
COINUSDT-O-20260224T210000Z,COINUSDT,CRYPTO_SENSITIVE_EQUITY,O,,,,O:2026-02-24T21:00:00Z:2026-02-25T07:00:00Z,2026-02-24T21:00:00Z,2026-02-25T07:00:00Z,2026-02-24T21:00:00+00:00,2026-02-24T23:59:59.999000+00:00,2026-02-25T00:00:00+00:00,2026-02-25T06:59:59.999000+00:00,21420,22020,600,180,420,7.0,600.0,2026-02,DESCRIPTIVE_EXPOSED,LISTING_DAYS_15_30,ORDINARY_WEEKDAY_OVERNIGHT,READY,,0
COINUSDT-O-20260225T210000Z,COINUSDT,CRYPTO_SENSITIVE_EQUITY,O,,,,O:2026-02-25T21:00:00Z:2026-02-26T07:00:00Z,2026-02-25T21:00:00Z,2026-02-26T07:00:00Z,2026-02-25T21:00:00+00:00,2026-02-25T23:59:59.999000+00:00,2026-02-26T00:00:00+00:00,2026-02-26T06:59:59.999000+00:00,22860,23460,600,180,420,7.0,600.0,2026-02,DESCRIPTIVE_EXPOSED,LISTING_DAYS_15_30,ORDINARY_WEEKDAY_OVERNIGHT,READY,,0
COINUSDT-O-20260226T210000Z,COINUSDT,CRYPTO_SENSITIVE_EQUITY,O,,,,O:2026-02-26T21:00:00Z:2026-02-27T07:00:00Z,2026-02-26T21:00:00Z,2026-02-27T07:00:00Z,2026-02-26T21:00:00+00:00,2026-02-26T23:59:59.999000+00:00,2026-02-27T00:00:00+00:00,2026-02-27T06:59:59.999000+00:00,24300,24900,600,180,420,7.0,600.0,2026-02,DESCRIPTIVE_EXPOSED,LISTING_DAYS_15_30,ORDINARY_WEEKDAY_OVERNIGHT,READY,,0
COINUSDT-O-20260302T210000Z,COINUSDT,CRYPTO_SENSITIVE_EQUITY,O,,,,O:2026-03-02T21:00:00Z:2026-03-03T07:00:00Z,2026-03-02T21:00:00Z,2026-03-03T07:00:00Z,2026-03-02T21:00:00+00:00,2026-03-02T23:59:59.999000+00:00,2026-03-03T00:00:00+00:00,2026-03-03T06:59:59.999000+00:00,30060,30660,600,180,420,7.0,600.0,2026-03,RESEARCH_DEVELOPMENT,LISTING_DAYS_15_30,ORDINARY_WEEKDAY_OVERNIGHT,READY,,0
COINUSDT-O-20260303T210000Z,COINUSDT,CRYPTO_SENSITIVE_EQUITY,O,,,,O:2026-03-03T21:00:00Z:2026-03-04T07:00:00Z,2026-03-03T21:00:00Z,2026-03-04T07:00:00Z,2026-03-03T21:00:00+00:00,2026-03-03T23:59:59.999000+00:00,2026-03-04T00:00:00+00:00,2026-03-04T06:59:59.999000+00:00,31500,32100,600,180,420,7.0,600.0,2026-03,RESEARCH_DEVELOPMENT,LISTING_DAYS_15_30,ORDINARY_WEEKDAY_OVERNIGHT,READY,,0
COINUSDT-O-20260304T210000Z,COINUSDT,CRYPTO_SENSITIVE_EQUITY,O,,,,O:2026-03-04T21:00:00Z:2026-03-05T07:00:00Z,2026-03-04T21:00:00Z,2026-03-05T07:00:00Z,2026-03-04T21:00:00+00:00,2026-03-04T23:59:59.999000+00:00,2026-03-05T00:00:00+00:00,2026-03-05T06:59:59.999000+00:00,32940,33540,600,180,420,7.0,600.0,2026-03,RESEARCH_DEVELOPMENT,LISTING_DAYS_15_30,ORDINARY_WEEKDAY_OVERNIGHT,READY,,0
COINUSDT-O-20260305T210000Z,COINUSDT,CRYPTO_SENSITIVE_EQUITY,O,,,,O:2026-03-05T21:00:00Z:2026-03-06T07:00:00Z,2026-03-05T21:00:00Z,2026-03-06T07:00:00Z,2026-03-05T21:00:00+00:00,2026-03-05T23:59:59.999000+00:00,2026-03-06T00:00:00+00:00,2026-03-06T06:59:59.999000+00:00,34380,34980,600,180,420,7.0,600.0,2026-03,RESEARCH_DEVELOPMENT,LISTING_DAYS_15_30,ORDINARY_WEEKDAY_OVERNIGHT,READY,,0
COINUSDT-O-20260309T200000Z,COINUSDT,CRYPTO_SENSITIVE_EQUITY,O,,,,O:2026-03-09T20:00:00Z:2026-03-10T06:00:00Z,2026-03-09T20:00:00Z,2026-03-10T06:00:00Z,2026-03-09T20:00:00+00:00,2026-03-09T22:59:59.999000+00:00,2026-03-09T23:00:00+00:00,2026-03-10T05:59:59.999000+00:00,40080,40680,600,180,420,7.0,600.0,2026-03,RESEARCH_DEVELOPMENT,LISTING_DAYS_15_30,ORDINARY_WEEKDAY_OVERNIGHT,READY,,0
COINUSDT-O-20260310T200000Z,COINUSDT,CRYPTO_SENSITIVE_EQUITY,O,,,,O:2026-03-10T20:00:00Z:2026-03-11T06:00:00Z,2026-03-10T20:00:00Z,2026-03-11T06:00:00Z,2026-03-10T20:00:00+00:00,2026-03-10T22:59:59.999000+00:00,2026-03-10T23:00:00+00:00,2026-03-11T05:59:59.999000+00:00,41520,42120,600,180,420,7.0,600.0,2026-03,RESEARCH_DEVELOPMENT,LISTING_DAYS_15_30,ORDINARY_WEEKDAY_OVERNIGHT,READY,,0
COINUSDT-O-20260311T200000Z,COINUSDT,CRYPTO_SENSITIVE_EQUITY,O,,,,O:2026-03-11T20:00:00Z:2026-03-12T06:00:00Z,2026-03-11T20:00:00Z,2026-03-12T06:00:00Z,2026-03-11T20:00:00+00:00,2026-03-11T22:59:59.999000+00:00,2026-03-11T23:00:00+00:00,2026-03-12T05:59:59.999000+00:00,42960,43560,600,180,420,7.0,600.0,2026-03,RESEARCH_DEVELOPMENT,LISTING_DAYS_15_30,ORDINARY_WEEKDAY_OVERNIGHT,READY,,0
COINUSDT-O-20260312T200000Z,COINUSDT,CRYPTO_SENSITIVE_EQUITY,O,,,,O:2026-03-12T20:00:00Z:2026-03-13T06:00:00Z,2026-03-12T20:00:00Z,2026-03-13T06:00:00Z,2026-03-12T20:00:00+00:00,2026-03-12T22:59:59.999000+00:00,2026-03-12T23:00:00+00:00,2026-03-13T05:59:59.999000+00:00,44400,45000,600,180,420,7.0,600.0,2026-03,RESEARCH_DEVELOPMENT,LISTING_AFTER_30_DAYS,ORDINARY_WEEKDAY_OVERNIGHT,READY,,0
COINUSDT-O-20260316T200000Z,COINUSDT,CRYPTO_SENSITIVE_EQUITY,O,,,,O:2026-03-16T20:00:00Z:2026-03-17T06:00:00Z,2026-03-16T20:00:00Z,2026-03-17T06:00:00Z,2026-03-16T20:00:00+00:00,2026-03-16T22:59:59.999000+00:00,2026-03-16T23:00:00+00:00,2026-03-17T05:59:59.999000+00:00,50160,50760,600,180,420,7.0,600.0,2026-03,RESEARCH_DEVELOPMENT,LISTING_AFTER_30_DAYS,ORDINARY_WEEKDAY_OVERNIGHT,READY,,0
COINUSDT-O-20260317T200000Z,COINUSDT,CRYPTO_SENSITIVE_EQUITY,O,,,,O:2026-03-17T20:00:00Z:2026-03-18T06:00:00Z,2026-03-17T20:00:00Z,2026-03-18T06:00:00Z,2026-03-17T20:00:00+00:00,2026-03-17T22:59:59.999000+00:00,2026-03-17T23:00:00+00:00,2026-03-18T05:59:59.999000+00:00,51600,52200,600,180,420,7.0,600.0,2026-03,RESEARCH_DEVELOPMENT,LISTING_AFTER_30_DAYS,ORDINARY_WEEKDAY_OVERNIGHT,READY,,0
COINUSDT-O-20260318T200000Z,COINUSDT,CRYPTO_SENSITIVE_EQUITY,O,,,,O:2026-03-18T20:00:00Z:2026-03-19T06:00:00Z,2026-03-18T20:00:00Z,2026-03-19T06:00:00Z,2026-03-18T20:00:00+00:00,2026-03-18T22:59:59.999000+00:00,2026-03-18T23:00:00+00:00,2026-03-19T05:59:59.999000+00:00,53040,53640,600,180,420,7.0,600.0,2026-03,RESEARCH_DEVELOPMENT,LISTING_AFTER_30_DAYS,ORDINARY_WEEKDAY_OVERNIGHT,READY,,0
COINUSDT-O-20260319T200000Z,COINUSDT,CRYPTO_SENSITIVE_EQUITY,O,,,,O:2026-03-19T20:00:00Z:2026-03-20T06:00:00Z,2026-03-19T20:00:00Z,2026-03-20T06:00:00Z,2026-03-19T20:00:00+00:00,2026-03-19T22:59:59.999000+00:00,2026-03-19T23:00:00+00:00,2026-03-20T05:59:59.999000+00:00,54480,55080,600,180,420,7.0,600.0,2026-03,RESEARCH_DEVELOPMENT,LISTING_AFTER_30_DAYS,ORDINARY_WEEKDAY_OVERNIGHT,READY,,0
COINUSDT-O-20260323T200000Z,COINUSDT,CRYPTO_SENSITIVE_EQUITY,O,,,,O:2026-03-23T20:00:00Z:2026-03-24T06:00:00Z,2026-03-23T20:00:00Z,2026-03-24T06:00:00Z,2026-03-23T20:00:00+00:00,2026-03-23T22:59:59.999000+00:00,2026-03-23T23:00:00+00:00,2026-03-24T05:59:59.999000+00:00,60240,60840,600,180,420,7.0,600.0,2026-03,RESEARCH_DEVELOPMENT,LISTING_AFTER_30_DAYS,ORDINARY_WEEKDAY_OVERNIGHT,READY,,0
COINUSDT-O-20260324T200000Z,COINUSDT,CRYPTO_SENSITIVE_EQUITY,O,,,,O:2026-03-24T20:00:00Z:2026-03-25T06:00:00Z,2026-03-24T20:00:00Z,2026-03-25T06:00:00Z,2026-03-24T20:00:00+00:00,2026-03-24T22:59:59.999000+00:00,2026-03-24T23:00:00+00:00,2026-03-25T05:59:59.999000+00:00,61680,62280,600,180,420,7.0,600.0,2026-03,RESEARCH_DEVELOPMENT,LISTING_AFTER_30_DAYS,ORDINARY_WEEKDAY_OVERNIGHT,READY,,0
COINUSDT-O-20260325T200000Z,COINUSDT,CRYPTO_SENSITIVE_EQUITY,O,,,,O:2026-03-25T20:00:00Z:2026-03-26T06:00:00Z,2026-03-25T20:00:00Z,2026-03-26T06:00:00Z,2026-03-25T20:00:00+00:00,2026-03-25T22:59:59.999000+00:00,2026-03-25T23:00:00+00:00,2026-03-26T05:59:59.999000+00:00,63120,63720,600,180,420,7.0,600.0,2026-03,RESEARCH_DEVELOPMENT,LISTING_AFTER_30_DAYS,ORDINARY_WEEKDAY_OVERNIGHT,READY,,0
COINUSDT-O-20260326T200000Z,COINUSDT,CRYPTO_SENSITIVE_EQUITY,O,,,,O:2026-03-26T20:00:00Z:2026-03-27T06:00:00Z,2026-03-26T20:00:00Z,2026-03-27T06:00:00Z,2026-03-26T20:00:00+00:00,2026-03-26T22:59:59.999000+00:00,2026-03-26T23:00:00+00:00,2026-03-27T05:59:59.999000+00:00,64560,65160,600,180,420,7.0,600.0,2026-03,RESEARCH_DEVELOPMENT,LISTING_AFTER_30_DAYS,ORDINARY_WEEKDAY_OVERNIGHT,READY,,0
COINUSDT-O-20260330T200000Z,COINUSDT,CRYPTO_SENSITIVE_EQUITY,O,,,,O:2026-03-30T20:00:00Z:2026-03-31T06:00:00Z,2026-03-30T20:00:00Z,2026-03-31T06:00:00Z,2026-03-30T20:00:00+00:00,2026-03-30T22:59:59.999000+00:00,2026-03-30T23:00:00+00:00,2026-03-31T05:59:59.999000+00:00,70320,70920,600,180,420,7.0,600.0,2026-03,RESEARCH_DEVELOPMENT,LISTING_AFTER_30_DAYS,ORDINARY_WEEKDAY_OVERNIGHT,READY,,0
COINUSDT-O-20260331T200000Z,COINUSDT,CRYPTO_SENSITIVE_EQUITY,O,,,,O:2026-03-31T20:00:00Z:2026-04-01T06:00:00Z,2026-03-31T20:00:00Z,2026-04-01T06:00:00Z,2026-03-31T20:00:00+00:00,2026-03-31T22:59:59.999000+00:00,2026-03-31T23:00:00+00:00,2026-04-01T05:59:59.999000+00:00,71760,72360,600,180,420,7.0,600.0,2026-03,RESEARCH_DEVELOPMENT,LISTING_AFTER_30_DAYS,ORDINARY_WEEKDAY_OVERNIGHT,READY,,0
COINUSDT-O-20260401T200000Z,COINUSDT,CRYPTO_SENSITIVE_EQUITY,O,,,,O:2026-04-01T20:00:00Z:2026-04-02T06:00:00Z,2026-04-01T20:00:00Z,2026-04-02T06:00:00Z,2026-04-01T20:00:00+00:00,2026-04-01T22:59:59.999000+00:00,2026-04-01T23:00:00+00:00,2026-04-02T05:59:59.999000+00:00,73200,73800,600,180,420,7.0,600.0,2026-04,RESEARCH_DEVELOPMENT,LISTING_AFTER_30_DAYS,ORDINARY_WEEKDAY_OVERNIGHT,READY,,0
COINUSDT-O-20260406T200000Z,COINUSDT,CRYPTO_SENSITIVE_EQUITY,O,,,,O:2026-04-06T20:00:00Z:2026-04-07T06:00:00Z,2026-04-06T20:00:00Z,2026-04-07T06:00:00Z,2026-04-06T20:00:00+00:00,2026-04-06T22:59:59.999000+00:00,2026-04-06T23:00:00+00:00,2026-04-07T05:59:59.999000+00:00,80400,81000,600,180,420,7.0,600.0,2026-04,RESEARCH_DEVELOPMENT,LISTING_AFTER_30_DAYS,ORDINARY_WEEKDAY_OVERNIGHT,READY,,0
COINUSDT-O-20260407T200000Z,COINUSDT,CRYPTO_SENSITIVE_EQUITY,O,,,,O:2026-04-07T20:00:00Z:2026-04-08T06:00:00Z,2026-04-07T20:00:00Z,2026-04-08T06:00:00Z,2026-04-07T20:00:00+00:00,2026-04-07T22:59:59.999000+00:00,2026-04-07T23:00:00+00:00,2026-04-08T05:59:59.999000+00:00,81840,82440,600,180,420,7.0,600.0,2026-04,RESEARCH_DEVELOPMENT,LISTING_AFTER_30_DAYS,ORDINARY_WEEKDAY_OVERNIGHT,READY,,0
COINUSDT-O-20260408T200000Z,COINUSDT,CRYPTO_SENSITIVE_EQUITY,O,,,,O:2026-04-08T20:00:00Z:2026-04-09T06:00:00Z,2026-04-08T20:00:00Z,2026-04-09T06:00:00Z,2026-04-08T20:00:00+00:00,2026-04-08T22:59:59.999000+00:00,2026-04-08T23:00:00+00:00,2026-04-09T05:59:59.999000+00:00,83280,83880,600,180,420,7.0,600.0,2026-04,RESEARCH_DEVELOPMENT,LISTING_AFTER_30_DAYS,ORDINARY_WEEKDAY_OVERNIGHT,READY,,0
COINUSDT-O-20260409T200000Z,COINUSDT,CRYPTO_SENSITIVE_EQUITY,O,,,,O:2026-04-09T20:00:00Z:2026-04-10T06:00:00Z,2026-04-09T20:00:00Z,2026-04-10T06:00:00Z,2026-04-09T20:00:00+00:00,2026-04-09T22:59:59.999000+00:00,2026-04-09T23:00:00+00:00,2026-04-10T05:59:59.999000+00:00,84720,85320,600,180,420,7.0,600.0,2026-04,RESEARCH_DEVELOPMENT,LISTING_AFTER_30_DAYS,ORDINARY_WEEKDAY_OVERNIGHT,READY,,0
COINUSDT-O-20260413T200000Z,COINUSDT,CRYPTO_SENSITIVE_EQUITY,O,,,,O:2026-04-13T20:00:00Z:2026-04-14T06:00:00Z,2026-04-13T20:00:00Z,2026-04-14T06:00:00Z,2026-04-13T20:00:00+00:00,2026-04-13T22:59:59.999000+00:00,2026-04-13T23:00:00+00:00,2026-04-14T05:59:59.999000+00:00,90480,91080,600,180,420,7.0,600.0,2026-04,RESEARCH_DEVELOPMENT,LISTING_AFTER_30_DAYS,ORDINARY_WEEKDAY_OVERNIGHT,READY,,0
COINUSDT-O-20260414T200000Z,COINUSDT,CRYPTO_SENSITIVE_EQUITY,O,,,,O:2026-04-14T20:00:00Z:2026-04-15T06:00:00Z,2026-04-14T20:00:00Z,2026-04-15T06:00:00Z,2026-04-14T20:00:00+00:00,2026-04-14T22:59:59.999000+00:00,2026-04-14T23:00:00+00:00,2026-04-15T05:59:59.999000+00:00,91920,92520,600,180,420,7.0,600.0,2026-04,RESEARCH_DEVELOPMENT,LISTING_AFTER_30_DAYS,ORDINARY_WEEKDAY_OVERNIGHT,READY,,0
COINUSDT-O-20260415T200000Z,COINUSDT,CRYPTO_SENSITIVE_EQUITY,O,,,,O:2026-04-15T20:00:00Z:2026-04-16T06:00:00Z,2026-04-15T20:00:00Z,2026-04-16T06:00:00Z,2026-04-15T20:00:00+00:00,2026-04-15T22:59:59.999000+00:00,2026-04-15T23:00:00+00:00,2026-04-16T05:59:59.999000+00:00,93360,93960,600,180,420,7.0,600.0,2026-04,RESEARCH_DEVELOPMENT,LISTING_AFTER_30_DAYS,ORDINARY_WEEKDAY_OVERNIGHT,READY,,0
COINUSDT-O-20260416T200000Z,COINUSDT,CRYPTO_SENSITIVE_EQUITY,O,,,,O:2026-04-16T20:00:00Z:2026-04-17T06:00:00Z,2026-04-16T20:00:00Z,2026-04-17T06:00:00Z,2026-04-16T20:00:00+00:00,2026-04-16T22:59:59.999000+00:00,2026-04-16T23:00:00+00:00,2026-04-17T05:59:59.999000+00:00,94800,95400,600,180,420,7.0,600.0,2026-04,RESEARCH_DEVELOPMENT,LISTING_AFTER_30_DAYS,ORDINARY_WEEKDAY_OVERNIGHT,READY,,0
COINUSDT-O-20260420T200000Z,COINUSDT,CRYPTO_SENSITIVE_EQUITY,O,,,,O:2026-04-20T20:00:00Z:2026-04-21T06:00:00Z,2026-04-20T20:00:00Z,2026-04-21T06:00:00Z,2026-04-20T20:00:00+00:00,2026-04-20T22:59:59.999000+00:00,2026-04-20T23:00:00+00:00,2026-04-21T05:59:59.999000+00:00,100560,101160,600,180,420,7.0,600.0,2026-04,RESEARCH_DEVELOPMENT,LISTING_AFTER_30_DAYS,ORDINARY_WEEKDAY_OVERNIGHT,READY,,0
COINUSDT-O-20260421T200000Z,COINUSDT,CRYPTO_SENSITIVE_EQUITY,O,,,,O:2026-04-21T20:00:00Z:2026-04-22T06:00:00Z,2026-04-21T20:00:00Z,2026-04-22T06:00:00Z,2026-04-21T20:00:00+00:00,2026-04-21T22:59:59.999000+00:00,2026-04-21T23:00:00+00:00,2026-04-22T05:59:59.999000+00:00,102000,102600,600,180,420,7.0,600.0,2026-04,RESEARCH_DEVELOPMENT,LISTING_AFTER_30_DAYS,ORDINARY_WEEKDAY_OVERNIGHT,READY,,0
COINUSDT-O-20260422T200000Z,COINUSDT,CRYPTO_SENSITIVE_EQUITY,O,,,,O:2026-04-22T20:00:00Z:2026-04-23T06:00:00Z,2026-04-22T20:00:00Z,2026-04-23T06:00:00Z,2026-04-22T20:00:00+00:00,2026-04-22T22:59:59.999000+00:00,2026-04-22T23:00:00+00:00,2026-04-23T05:59:59.999000+00:00,103440,104040,600,180,420,7.0,600.0,2026-04,RESEARCH_DEVELOPMENT,LISTING_AFTER_30_DAYS,ORDINARY_WEEKDAY_OVERNIGHT,READY,,0
COINUSDT-O-20260423T200000Z,COINUSDT,CRYPTO_SENSITIVE_EQUITY,O,,,,O:2026-04-23T20:00:00Z:2026-04-24T06:00:00Z,2026-04-23T20:00:00Z,2026-04-24T06:00:00Z,2026-04-23T20:00:00+00:00,2026-04-23T22:59:59.999000+00:00,2026-04-23T23:00:00+00:00,2026-04-24T05:59:59.999000+00:00,104880,105480,600,180,420,7.0,600.0,2026-04,RESEARCH_DEVELOPMENT,LISTING_AFTER_30_DAYS,ORDINARY_WEEKDAY_OVERNIGHT,READY,,0
COINUSDT-O-20260427T200000Z,COINUSDT,CRYPTO_SENSITIVE_EQUITY,O,,,,O:2026-04-27T20:00:00Z:2026-04-28T06:00:00Z,2026-04-27T20:00:00Z,2026-04-28T06:00:00Z,2026-04-27T20:00:00+00:00,2026-04-27T22:59:59.999000+00:00,2026-04-27T23:00:00+00:00,2026-04-28T05:59:59.999000+00:00,110640,111240,600,180,420,7.0,600.0,2026-04,RESEARCH_DEVELOPMENT,LISTING_AFTER_30_DAYS,ORDINARY_WEEKDAY_OVERNIGHT,READY,,0
COINUSDT-O-20260428T200000Z,COINUSDT,CRYPTO_SENSITIVE_EQUITY,O,,,,O:2026-04-28T20:00:00Z:2026-04-29T06:00:00Z,2026-04-28T20:00:00Z,2026-04-29T06:00:00Z,2026-04-28T20:00:00+00:00,2026-04-28T22:59:59.999000+00:00,2026-04-28T23:00:00+00:00,2026-04-29T05:59:59.999000+00:00,112080,112680,600,180,420,7.0,600.0,2026-04,RESEARCH_DEVELOPMENT,LISTING_AFTER_30_DAYS,ORDINARY_WEEKDAY_OVERNIGHT,READY,,0
COINUSDT-O-20260429T200000Z,COINUSDT,CRYPTO_SENSITIVE_EQUITY,O,,,,O:2026-04-29T20:00:00Z:2026-04-30T06:00:00Z,2026-04-29T20:00:00Z,2026-04-30T06:00:00Z,2026-04-29T20:00:00+00:00,2026-04-29T22:59:59.999000+00:00,2026-04-29T23:00:00+00:00,2026-04-30T05:59:59.999000+00:00,113520,114120,600,180,420,7.0,600.0,2026-04,RESEARCH_DEVELOPMENT,LISTING_AFTER_30_DAYS,ORDINARY_WEEKDAY_OVERNIGHT,READY,,0
COINUSDT-O-20260430T200000Z,COINUSDT,CRYPTO_SENSITIVE_EQUITY,O,,,,O:2026-04-30T20:00:00Z:2026-05-01T06:00:00Z,2026-04-30T20:00:00Z,2026-05-01T06:00:00Z,2026-04-30T20:00:00+00:00,2026-04-30T22:59:59.999000+00:00,2026-04-30T23:00:00+00:00,2026-05-01T05:59:59.999000+00:00,114960,115560,600,180,420,7.0,600.0,2026-04,RESEARCH_DEVELOPMENT,LISTING_AFTER_30_DAYS,ORDINARY_WEEKDAY_OVERNIGHT,READY,,0
COINUSDT-O-20260504T200000Z,COINUSDT,CRYPTO_SENSITIVE_EQUITY,O,,,,O:2026-05-04T20:00:00Z:2026-05-05T06:00:00Z,2026-05-04T20:00:00Z,2026-05-05T06:00:00Z,2026-05-04T20:00:00+00:00,2026-05-04T22:59:59.999000+00:00,2026-05-04T23:00:00+00:00,2026-05-05T05:59:59.999000+00:00,120720,121320,600,180,420,7.0,600.0,2026-05,RESEARCH_DEVELOPMENT,LISTING_AFTER_30_DAYS,ORDINARY_WEEKDAY_OVERNIGHT,READY,,0
COINUSDT-O-20260505T200000Z,COINUSDT,CRYPTO_SENSITIVE_EQUITY,O,,,,O:2026-05-05T20:00:00Z:2026-05-06T06:00:00Z,2026-05-05T20:00:00Z,2026-05-06T06:00:00Z,2026-05-05T20:00:00+00:00,2026-05-05T22:59:59.999000+00:00,2026-05-05T23:00:00+00:00,2026-05-06T05:59:59.999000+00:00,122160,122760,600,180,420,7.0,600.0,2026-05,RESEARCH_DEVELOPMENT,LISTING_AFTER_30_DAYS,ORDINARY_WEEKDAY_OVERNIGHT,READY,,0
COINUSDT-O-20260506T200000Z,COINUSDT,CRYPTO_SENSITIVE_EQUITY,O,,,,O:2026-05-06T20:00:00Z:2026-05-07T06:00:00Z,2026-05-06T20:00:00Z,2026-05-07T06:00:00Z,2026-05-06T20:00:00+00:00,2026-05-06T22:59:59.999000+00:00,2026-05-06T23:00:00+00:00,2026-05-07T05:59:59.999000+00:00,123600,124200,600,180,420,7.0,600.0,2026-05,RESEARCH_DEVELOPMENT,LISTING_AFTER_30_DAYS,ORDINARY_WEEKDAY_OVERNIGHT,READY,,0
COINUSDT-O-20260507T200000Z,COINUSDT,CRYPTO_SENSITIVE_EQUITY,O,,,,O:2026-05-07T20:00:00Z:2026-05-08T06:00:00Z,2026-05-07T20:00:00Z,2026-05-08T06:00:00Z,2026-05-07T20:00:00+00:00,2026-05-07T22:59:59.999000+00:00,2026-05-07T23:00:00+00:00,2026-05-08T05:59:59.999000+00:00,125040,125640,600,180,420,7.0,600.0,2026-05,RESEARCH_DEVELOPMENT,LISTING_AFTER_30_DAYS,ORDINARY_WEEKDAY_OVERNIGHT,READY,,0
COINUSDT-O-20260511T200000Z,COINUSDT,CRYPTO_SENSITIVE_EQUITY,O,,,,O:2026-05-11T20:00:00Z:2026-05-12T06:00:00Z,2026-05-11T20:00:00Z,2026-05-12T06:00:00Z,2026-05-11T20:00:00+00:00,2026-05-11T22:59:59.999000+00:00,2026-05-11T23:00:00+00:00,2026-05-12T05:59:59.999000+00:00,130800,131400,600,180,420,7.0,600.0,2026-05,RESEARCH_DEVELOPMENT,LISTING_AFTER_30_DAYS,ORDINARY_WEEKDAY_OVERNIGHT,READY,,0
COINUSDT-O-20260512T200000Z,COINUSDT,CRYPTO_SENSITIVE_EQUITY,O,,,,O:2026-05-12T20:00:00Z:2026-05-13T06:00:00Z,2026-05-12T20:00:00Z,2026-05-13T06:00:00Z,2026-05-12T20:00:00+00:00,2026-05-12T22:59:59.999000+00:00,2026-05-12T23:00:00+00:00,2026-05-13T05:59:59.999000+00:00,132240,132840,600,180,420,7.0,600.0,2026-05,RESEARCH_DEVELOPMENT,LISTING_AFTER_30_DAYS,ORDINARY_WEEKDAY_OVERNIGHT,READY,,0
COINUSDT-O-20260513T200000Z,COINUSDT,CRYPTO_SENSITIVE_EQUITY,O,,,,O:2026-05-13T20:00:00Z:2026-05-14T06:00:00Z,2026-05-13T20:00:00Z,2026-05-14T06:00:00Z,2026-05-13T20:00:00+00:00,2026-05-13T22:59:59.999000+00:00,2026-05-13T23:00:00+00:00,2026-05-14T05:59:59.999000+00:00,133680,134280,600,180,420,7.0,600.0,2026-05,RESEARCH_DEVELOPMENT,LISTING_AFTER_30_DAYS,ORDINARY_WEEKDAY_OVERNIGHT,READY,,0
COINUSDT-O-20260514T200000Z,COINUSDT,CRYPTO_SENSITIVE_EQUITY,O,,,,O:2026-05-14T20:00:00Z:2026-05-15T06:00:00Z,2026-05-14T20:00:00Z,2026-05-15T06:00:00Z,2026-05-14T20:00:00+00:00,2026-05-14T22:59:59.999000+00:00,2026-05-14T23:00:00+00:00,2026-05-15T05:59:59.999000+00:00,135120,135720,600,180,420,7.0,600.0,2026-05,RESEARCH_DEVELOPMENT,LISTING_AFTER_30_DAYS,ORDINARY_WEEKDAY_OVERNIGHT,READY,,0
COINUSDT-O-20260518T200000Z,COINUSDT,CRYPTO_SENSITIVE_EQUITY,O,,,,O:2026-05-18T20:00:00Z:2026-05-19T06:00:00Z,2026-05-18T20:00:00Z,2026-05-19T06:00:00Z,2026-05-18T20:00:00+00:00,2026-05-18T22:59:59.999000+00:00,2026-05-18T23:00:00+00:00,2026-05-19T05:59:59.999000+00:00,140880,141480,600,180,420,7.0,600.0,2026-05,RESEARCH_DEVELOPMENT,LISTING_AFTER_30_DAYS,ORDINARY_WEEKDAY_OVERNIGHT,READY,,0
COINUSDT-O-20260519T200000Z,COINUSDT,CRYPTO_SENSITIVE_EQUITY,O,,,,O:2026-05-19T20:00:00Z:2026-05-20T06:00:00Z,2026-05-19T20:00:00Z,2026-05-20T06:00:00Z,2026-05-19T20:00:00+00:00,2026-05-19T22:59:59.999000+00:00,2026-05-19T23:00:00+00:00,2026-05-20T05:59:59.999000+00:00,142320,142920,600,180,420,7.0,600.0,2026-05,RESEARCH_DEVELOPMENT,LISTING_AFTER_30_DAYS,ORDINARY_WEEKDAY_OVERNIGHT,READY,,0
COINUSDT-O-20260520T200000Z,COINUSDT,CRYPTO_SENSITIVE_EQUITY,O,,,,O:2026-05-20T20:00:00Z:2026-05-21T06:00:00Z,2026-05-20T20:00:00Z,2026-05-21T06:00:00Z,2026-05-20T20:00:00+00:00,2026-05-20T22:59:59.999000+00:00,2026-05-20T23:00:00+00:00,2026-05-21T05:59:59.999000+00:00,143760,144360,600,180,420,7.0,600.0,2026-05,RESEARCH_DEVELOPMENT,LISTING_AFTER_30_DAYS,ORDINARY_WEEKDAY_OVERNIGHT,READY,,0
COINUSDT-O-20260521T200000Z,COINUSDT,CRYPTO_SENSITIVE_EQUITY,O,,,,O:2026-05-21T20:00:00Z:2026-05-22T06:00:00Z,2026-05-21T20:00:00Z,2026-05-22T06:00:00Z,2026-05-21T20:00:00+00:00,2026-05-21T22:59:59.999000+00:00,2026-05-21T23:00:00+00:00,2026-05-22T05:59:59.999000+00:00,145200,145800,600,180,420,7.0,600.0,2026-05,RESEARCH_DEVELOPMENT,LISTING_AFTER_30_DAYS,ORDINARY_WEEKDAY_OVERNIGHT,READY,,0
COINUSDT-O-20260526T200000Z,COINUSDT,CRYPTO_SENSITIVE_EQUITY,O,,,,O:2026-05-26T20:00:00Z:2026-05-27T06:00:00Z,2026-05-26T20:00:00Z,2026-05-27T06:00:00Z,2026-05-26T20:00:00+00:00,2026-05-26T22:59:59.999000+00:00,2026-05-26T23:00:00+00:00,2026-05-27T05:59:59.999000+00:00,152400,153000,600,180,420,7.0,600.0,2026-05,RESEARCH_DEVELOPMENT,LISTING_AFTER_30_DAYS,ORDINARY_WEEKDAY_OVERNIGHT,READY,,0
COINUSDT-O-20260527T200000Z,COINUSDT,CRYPTO_SENSITIVE_EQUITY,O,,,,O:2026-05-27T20:00:00Z:2026-05-28T06:00:00Z,2026-05-27T20:00:00Z,2026-05-28T06:00:00Z,2026-05-27T20:00:00+00:00,2026-05-27T22:59:59.999000+00:00,2026-05-27T23:00:00+00:00,2026-05-28T05:59:59.999000+00:00,153840,154440,600,180,420,7.0,600.0,2026-05,RESEARCH_DEVELOPMENT,LISTING_AFTER_30_DAYS,ORDINARY_WEEKDAY_OVERNIGHT,READY,,0
COINUSDT-O-20260528T200000Z,COINUSDT,CRYPTO_SENSITIVE_EQUITY,O,,,,O:2026-05-28T20:00:00Z:2026-05-29T06:00:00Z,2026-05-28T20:00:00Z,2026-05-29T06:00:00Z,2026-05-28T20:00:00+00:00,2026-05-28T22:59:59.999000+00:00,2026-05-28T23:00:00+00:00,2026-05-29T05:59:59.999000+00:00,155280,155880,600,180,420,7.0,600.0,2026-05,RESEARCH_DEVELOPMENT,LISTING_AFTER_30_DAYS,ORDINARY_WEEKDAY_OVERNIGHT,READY,,0
COINUSDT-O-20260601T200000Z,COINUSDT,CRYPTO_SENSITIVE_EQUITY,O,,,,O:2026-06-01T20:00:00Z:2026-06-02T06:00:00Z,2026-06-01T20:00:00Z,2026-06-02T06:00:00Z,2026-06-01T20:00:00+00:00,2026-06-01T22:59:59.999000+00:00,2026-06-01T23:00:00+00:00,2026-06-02T05:59:59.999000+00:00,161040,161640,600,180,420,7.0,600.0,2026-06,RESEARCH_VALIDATION_EXPOSED,LISTING_AFTER_30_DAYS,ORDINARY_WEEKDAY_OVERNIGHT,READY,,0
COINUSDT-O-20260602T200000Z,COINUSDT,CRYPTO_SENSITIVE_EQUITY,O,,,,O:2026-06-02T20:00:00Z:2026-06-03T06:00:00Z,2026-06-02T20:00:00Z,2026-06-03T06:00:00Z,2026-06-02T20:00:00+00:00,2026-06-02T22:59:59.999000+00:00,2026-06-02T23:00:00+00:00,2026-06-03T05:59:59.999000+00:00,162480,163080,600,180,420,7.0,600.0,2026-06,RESEARCH_VALIDATION_EXPOSED,LISTING_AFTER_30_DAYS,ORDINARY_WEEKDAY_OVERNIGHT,READY,,0
COINUSDT-O-20260603T200000Z,COINUSDT,CRYPTO_SENSITIVE_EQUITY,O,,,,O:2026-06-03T20:00:00Z:2026-06-04T06:00:00Z,2026-06-03T20:00:00Z,2026-06-04T06:00:00Z,2026-06-03T20:00:00+00:00,2026-06-03T22:59:59.999000+00:00,2026-06-03T23:00:00+00:00,2026-06-04T05:59:59.999000+00:00,163920,164520,600,180,420,7.0,600.0,2026-06,RESEARCH_VALIDATION_EXPOSED,LISTING_AFTER_30_DAYS,ORDINARY_WEEKDAY_OVERNIGHT,READY,,0
COINUSDT-O-20260604T200000Z,COINUSDT,CRYPTO_SENSITIVE_EQUITY,O,,,,O:2026-06-04T20:00:00Z:2026-06-05T06:00:00Z,2026-06-04T20:00:00Z,2026-06-05T06:00:00Z,2026-06-04T20:00:00+00:00,2026-06-04T22:59:59.999000+00:00,2026-06-04T23:00:00+00:00,2026-06-05T05:59:59.999000+00:00,165360,165960,600,180,420,7.0,600.0,2026-06,RESEARCH_VALIDATION_EXPOSED,LISTING_AFTER_30_DAYS,ORDINARY_WEEKDAY_OVERNIGHT,READY,,0
COINUSDT-O-20260608T200000Z,COINUSDT,CRYPTO_SENSITIVE_EQUITY,O,,,,O:2026-06-08T20:00:00Z:2026-06-09T06:00:00Z,2026-06-08T20:00:00Z,2026-06-09T06:00:00Z,2026-06-08T20:00:00+00:00,2026-06-08T22:59:59.999000+00:00,2026-06-08T23:00:00+00:00,2026-06-09T05:59:59.999000+00:00,171120,171720,600,180,420,7.0,600.0,2026-06,RESEARCH_VALIDATION_EXPOSED,LISTING_AFTER_30_DAYS,ORDINARY_WEEKDAY_OVERNIGHT,READY,,0
COINUSDT-O-20260609T200000Z,COINUSDT,CRYPTO_SENSITIVE_EQUITY,O,,,,O:2026-06-09T20:00:00Z:2026-06-10T06:00:00Z,2026-06-09T20:00:00Z,2026-06-10T06:00:00Z,2026-06-09T20:00:00+00:00,2026-06-09T22:59:59.999000+00:00,2026-06-09T23:00:00+00:00,2026-06-10T05:59:59.999000+00:00,172560,173160,600,180,420,7.0,600.0,2026-06,RESEARCH_VALIDATION_EXPOSED,LISTING_AFTER_30_DAYS,ORDINARY_WEEKDAY_OVERNIGHT,READY,,0
COINUSDT-O-20260610T200000Z,COINUSDT,CRYPTO_SENSITIVE_EQUITY,O,,,,O:2026-06-10T20:00:00Z:2026-06-11T06:00:00Z,2026-06-10T20:00:00Z,2026-06-11T06:00:00Z,2026-06-10T20:00:00+00:00,2026-06-10T22:59:59.999000+00:00,2026-06-10T23:00:00+00:00,2026-06-11T05:59:59.999000+00:00,174000,174600,600,180,420,7.0,600.0,2026-06,RESEARCH_VALIDATION_EXPOSED,LISTING_AFTER_30_DAYS,ORDINARY_WEEKDAY_OVERNIGHT,READY,,0
COINUSDT-O-20260611T200000Z,COINUSDT,CRYPTO_SENSITIVE_EQUITY,O,,,,O:2026-06-11T20:00:00Z:2026-06-12T06:00:00Z,2026-06-11T20:00:00Z,2026-06-12T06:00:00Z,2026-06-11T20:00:00+00:00,2026-06-11T22:59:59.999000+00:00,2026-06-11T23:00:00+00:00,2026-06-12T05:59:59.999000+00:00,175440,176040,600,180,420,7.0,600.0,2026-06,RESEARCH_VALIDATION_EXPOSED,LISTING_AFTER_30_DAYS,ORDINARY_WEEKDAY_OVERNIGHT,READY,,0
COINUSDT-O-20260615T200000Z,COINUSDT,CRYPTO_SENSITIVE_EQUITY,O,,,,O:2026-06-15T20:00:00Z:2026-06-16T06:00:00Z,2026-06-15T20:00:00Z,2026-06-16T06:00:00Z,2026-06-15T20:00:00+00:00,2026-06-15T22:59:59.999000+00:00,2026-06-15T23:00:00+00:00,2026-06-16T05:59:59.999000+00:00,181200,181800,600,180,420,7.0,600.0,2026-06,RESEARCH_VALIDATION_EXPOSED,LISTING_AFTER_30_DAYS,ORDINARY_WEEKDAY_OVERNIGHT,READY,,0
COINUSDT-O-20260616T200000Z,COINUSDT,CRYPTO_SENSITIVE_EQUITY,O,,,,O:2026-06-16T20:00:00Z:2026-06-17T06:00:00Z,2026-06-16T20:00:00Z,2026-06-17T06:00:00Z,2026-06-16T20:00:00+00:00,2026-06-16T22:59:59.999000+00:00,2026-06-16T23:00:00+00:00,2026-06-17T05:59:59.999000+00:00,182640,183240,600,180,420,7.0,600.0,2026-06,RESEARCH_VALIDATION_EXPOSED,LISTING_AFTER_30_DAYS,ORDINARY_WEEKDAY_OVERNIGHT,READY,,0
COINUSDT-O-20260617T200000Z,COINUSDT,CRYPTO_SENSITIVE_EQUITY,O,,,,O:2026-06-17T20:00:00Z:2026-06-18T06:00:00Z,2026-06-17T20:00:00Z,2026-06-18T06:00:00Z,2026-06-17T20:00:00+00:00,2026-06-17T22:59:59.999000+00:00,2026-06-17T23:00:00+00:00,2026-06-18T05:59:59.999000+00:00,184080,184680,600,180,420,7.0,600.0,2026-06,RESEARCH_VALIDATION_EXPOSED,LISTING_AFTER_30_DAYS,ORDINARY_WEEKDAY_OVERNIGHT,READY,,0
COINUSDT-O-20260622T200000Z,COINUSDT,CRYPTO_SENSITIVE_EQUITY,O,,,,O:2026-06-22T20:00:00Z:2026-06-23T06:00:00Z,2026-06-22T20:00:00Z,2026-06-23T06:00:00Z,2026-06-22T20:00:00+00:00,2026-06-22T22:59:59.999000+00:00,2026-06-22T23:00:00+00:00,2026-06-23T05:59:59.999000+00:00,191280,191880,600,180,420,7.0,600.0,2026-06,RESEARCH_VALIDATION_EXPOSED,LISTING_AFTER_30_DAYS,ORDINARY_WEEKDAY_OVERNIGHT,READY,,0
COINUSDT-O-20260623T200000Z,COINUSDT,CRYPTO_SENSITIVE_EQUITY,O,,,,O:2026-06-23T20:00:00Z:2026-06-24T06:00:00Z,2026-06-23T20:00:00Z,2026-06-24T06:00:00Z,2026-06-23T20:00:00+00:00,2026-06-23T22:59:59.999000+00:00,2026-06-23T23:00:00+00:00,2026-06-24T05:59:59.999000+00:00,192720,193320,600,180,420,7.0,600.0,2026-06,RESEARCH_VALIDATION_EXPOSED,LISTING_AFTER_30_DAYS,ORDINARY_WEEKDAY_OVERNIGHT,READY,,0
COINUSDT-O-20260624T200000Z,COINUSDT,CRYPTO_SENSITIVE_EQUITY,O,,,,O:2026-06-24T20:00:00Z:2026-06-25T06:00:00Z,2026-06-24T20:00:00Z,2026-06-25T06:00:00Z,2026-06-24T20:00:00+00:00,2026-06-24T22:59:59.999000+00:00,2026-06-24T23:00:00+00:00,2026-06-25T05:59:59.999000+00:00,194160,194760,600,180,420,7.0,600.0,2026-06,RESEARCH_VALIDATION_EXPOSED,LISTING_AFTER_30_DAYS,ORDINARY_WEEKDAY_OVERNIGHT,READY,,0
COINUSDT-O-20260625T200000Z,COINUSDT,CRYPTO_SENSITIVE_EQUITY,O,,,,O:2026-06-25T20:00:00Z:2026-06-26T06:00:00Z,2026-06-25T20:00:00Z,2026-06-26T06:00:00Z,2026-06-25T20:00:00+00:00,2026-06-25T22:59:59.999000+00:00,2026-06-25T23:00:00+00:00,2026-06-26T05:59:59.999000+00:00,195600,196200,600,180,420,7.0,600.0,2026-06,RESEARCH_VALIDATION_EXPOSED,LISTING_AFTER_30_DAYS,ORDINARY_WEEKDAY_OVERNIGHT,READY,,0
COINUSDT-O-20260629T200000Z,COINUSDT,CRYPTO_SENSITIVE_EQUITY,O,,,,O:2026-06-29T20:00:00Z:2026-06-30T06:00:00Z,2026-06-29T20:00:00Z,2026-06-30T06:00:00Z,2026-06-29T20:00:00+00:00,2026-06-29T22:59:59.999000+00:00,2026-06-29T23:00:00+00:00,2026-06-30T05:59:59.999000+00:00,201360,201960,600,180,420,7.0,600.0,2026-06,RESEARCH_VALIDATION_EXPOSED,LISTING_AFTER_30_DAYS,ORDINARY_WEEKDAY_OVERNIGHT,READY,,0
COINUSDT-O-20260630T200000Z,COINUSDT,CRYPTO_SENSITIVE_EQUITY,O,,,,O:2026-06-30T20:00:00Z:2026-07-01T06:00:00Z,2026-06-30T20:00:00Z,2026-07-01T06:00:00Z,2026-06-30T20:00:00+00:00,2026-06-30T22:59:59.999000+00:00,2026-06-30T23:00:00+00:00,2026-07-01T05:59:59.999000+00:00,202800,203400,600,180,420,7.0,600.0,2026-06,RESEARCH_VALIDATION_EXPOSED,LISTING_AFTER_30_DAYS,ORDINARY_WEEKDAY_OVERNIGHT,READY,,0
COINUSDT-O-20260701T200000Z,COINUSDT,CRYPTO_SENSITIVE_EQUITY,O,,,,O:2026-07-01T20:00:00Z:2026-07-02T06:00:00Z,2026-07-01T20:00:00Z,2026-07-02T06:00:00Z,2026-07-01T20:00:00+00:00,2026-07-01T22:59:59.999000+00:00,2026-07-01T23:00:00+00:00,2026-07-02T05:59:59.999000+00:00,204240,204840,600,180,420,7.0,600.0,2026-07,DESCRIPTIVE_EXPOSED,LISTING_AFTER_30_DAYS,ORDINARY_WEEKDAY_OVERNIGHT,READY,,0
COINUSDT-O-20260706T200000Z,COINUSDT,CRYPTO_SENSITIVE_EQUITY,O,,,,O:2026-07-06T20:00:00Z:2026-07-07T06:00:00Z,2026-07-06T20:00:00Z,2026-07-07T06:00:00Z,2026-07-06T20:00:00+00:00,2026-07-06T22:59:59.999000+00:00,2026-07-06T23:00:00+00:00,2026-07-07T05:59:59.999000+00:00,211440,212040,600,180,420,7.0,600.0,2026-07,DESCRIPTIVE_EXPOSED,LISTING_AFTER_30_DAYS,ORDINARY_WEEKDAY_OVERNIGHT,READY,,0
COINUSDT-O-20260707T200000Z,COINUSDT,CRYPTO_SENSITIVE_EQUITY,O,,,,O:2026-07-07T20:00:00Z:2026-07-08T06:00:00Z,2026-07-07T20:00:00Z,2026-07-08T06:00:00Z,2026-07-07T20:00:00+00:00,2026-07-07T22:59:59.999000+00:00,2026-07-07T23:00:00+00:00,2026-07-08T05:59:59.999000+00:00,212880,213480,600,180,420,7.0,600.0,2026-07,DESCRIPTIVE_EXPOSED,LISTING_AFTER_30_DAYS,ORDINARY_WEEKDAY_OVERNIGHT,READY,,0
COINUSDT-O-20260708T200000Z,COINUSDT,CRYPTO_SENSITIVE_EQUITY,O,,,,O:2026-07-08T20:00:00Z:2026-07-09T06:00:00Z,2026-07-08T20:00:00Z,2026-07-09T06:00:00Z,2026-07-08T20:00:00+00:00,2026-07-08T22:59:59.999000+00:00,2026-07-08T23:00:00+00:00,2026-07-09T05:59:59.999000+00:00,214320,214920,600,180,420,7.0,600.0,2026-07,DESCRIPTIVE_EXPOSED,LISTING_AFTER_30_DAYS,ORDINARY_WEEKDAY_OVERNIGHT,READY,,0
COINUSDT-O-20260709T200000Z,COINUSDT,CRYPTO_SENSITIVE_EQUITY,O,,,,O:2026-07-09T20:00:00Z:2026-07-10T06:00:00Z,2026-07-09T20:00:00Z,2026-07-10T06:00:00Z,2026-07-09T20:00:00+00:00,2026-07-09T22:59:59.999000+00:00,2026-07-09T23:00:00+00:00,2026-07-10T05:59:59.999000+00:00,215760,216360,600,180,420,7.0,600.0,2026-07,DESCRIPTIVE_EXPOSED,LISTING_AFTER_30_DAYS,ORDINARY_WEEKDAY_OVERNIGHT,READY,,0
COINUSDT-O-20260713T200000Z,COINUSDT,CRYPTO_SENSITIVE_EQUITY,O,,,,O:2026-07-13T20:00:00Z:2026-07-14T06:00:00Z,2026-07-13T20:00:00Z,2026-07-14T06:00:00Z,2026-07-13T20:00:00+00:00,2026-07-13T22:59:59.999000+00:00,2026-07-13T23:00:00+00:00,2026-07-14T05:59:59.999000+00:00,221520,222120,600,180,420,7.0,600.0,2026-07,DESCRIPTIVE_EXPOSED,LISTING_AFTER_30_DAYS,ORDINARY_WEEKDAY_OVERNIGHT,READY,,0
COINUSDT-O-20260714T200000Z,COINUSDT,CRYPTO_SENSITIVE_EQUITY,O,,,,O:2026-07-14T20:00:00Z:2026-07-15T06:00:00Z,2026-07-14T20:00:00Z,2026-07-15T06:00:00Z,2026-07-14T20:00:00+00:00,2026-07-14T22:59:59.999000+00:00,2026-07-14T23:00:00+00:00,2026-07-15T05:59:59.999000+00:00,222960,223560,600,180,420,7.0,600.0,2026-07,DESCRIPTIVE_EXPOSED,LISTING_AFTER_30_DAYS,ORDINARY_WEEKDAY_OVERNIGHT,READY,,0
COINUSDT-O-20260715T200000Z,COINUSDT,CRYPTO_SENSITIVE_EQUITY,O,,,,O:2026-07-15T20:00:00Z:2026-07-16T06:00:00Z,2026-07-15T20:00:00Z,2026-07-16T06:00:00Z,2026-07-15T20:00:00+00:00,2026-07-15T22:59:59.999000+00:00,2026-07-15T23:00:00+00:00,2026-07-16T05:59:59.999000+00:00,224400,225000,600,180,420,7.0,600.0,2026-07,DESCRIPTIVE_EXPOSED,LISTING_AFTER_30_DAYS,ORDINARY_WEEKDAY_OVERNIGHT,READY,,0
COINUSDT-O-20260716T200000Z,COINUSDT,CRYPTO_SENSITIVE_EQUITY,O,,,,O:2026-07-16T20:00:00Z:2026-07-17T06:00:00Z,2026-07-16T20:00:00Z,2026-07-17T06:00:00Z,2026-07-16T20:00:00+00:00,2026-07-16T22:59:59.999000+00:00,2026-07-16T23:00:00+00:00,2026-07-17T05:59:59.999000+00:00,225840,226440,600,180,420,7.0,600.0,2026-07,DESCRIPTIVE_EXPOSED,LISTING_AFTER_30_DAYS,ORDINARY_WEEKDAY_OVERNIGHT,READY,,0
COINUSDT-O-20260720T200000Z,COINUSDT,CRYPTO_SENSITIVE_EQUITY,O,,,,O:2026-07-20T20:00:00Z:2026-07-21T06:00:00Z,2026-07-20T20:00:00Z,2026-07-21T06:00:00Z,2026-07-20T20:00:00+00:00,2026-07-20T22:59:59.999000+00:00,2026-07-20T23:00:00+00:00,2026-07-21T05:59:59.999000+00:00,231600,232200,600,180,420,7.0,600.0,2026-07,DESCRIPTIVE_EXPOSED,LISTING_AFTER_30_DAYS,ORDINARY_WEEKDAY_OVERNIGHT,READY,,0
COINUSDT-O-20260721T200000Z,COINUSDT,CRYPTO_SENSITIVE_EQUITY,O,,,,O:2026-07-21T20:00:00Z:2026-07-22T06:00:00Z,2026-07-21T20:00:00Z,2026-07-22T06:00:00Z,2026-07-21T20:00:00+00:00,2026-07-21T22:59:59.999000+00:00,2026-07-21T23:00:00+00:00,2026-07-22T05:59:59.999000+00:00,233040,233640,600,180,420,7.0,600.0,2026-07,DESCRIPTIVE_EXPOSED,LISTING_AFTER_30_DAYS,ORDINARY_WEEKDAY_OVERNIGHT,READY,,0
COINUSDT-O-20260722T200000Z,COINUSDT,CRYPTO_SENSITIVE_EQUITY,O,,,,O:2026-07-22T20:00:00Z:2026-07-23T06:00:00Z,2026-07-22T20:00:00Z,2026-07-23T06:00:00Z,2026-07-22T20:00:00+00:00,2026-07-22T22:59:59.999000+00:00,2026-07-22T23:00:00+00:00,2026-07-23T05:59:59.999000+00:00,234480,235080,600,180,420,7.0,600.0,2026-07,DESCRIPTIVE_EXPOSED,LISTING_AFTER_30_DAYS,ORDINARY_WEEKDAY_OVERNIGHT,READY,,0
COINUSDT-O-20260723T200000Z,COINUSDT,CRYPTO_SENSITIVE_EQUITY,O,,,,O:2026-07-23T20:00:00Z:2026-07-24T06:00:00Z,2026-07-23T20:00:00Z,2026-07-24T06:00:00Z,2026-07-23T20:00:00+00:00,2026-07-23T22:59:59.999000+00:00,2026-07-23T23:00:00+00:00,2026-07-23T23:59:59.999000+00:00,235920,236160,240,180,60,1.0,600.0,2026-07,DESCRIPTIVE_EXPOSED,LISTING_AFTER_30_DAYS,ORDINARY_WEEKDAY_OVERNIGHT,READY,,0
COINUSDT-O-20260126T210000Z,COINUSDT,CRYPTO_SENSITIVE_EQUITY,O,,,,O:2026-01-26T21:00:00Z:2026-01-27T07:00:00Z,2026-01-26T21:00:00Z,2026-01-27T07:00:00Z,2026-01-26T21:00:00+00:00,2026-01-26T21:00:00+00:00,,,0,0,0,0,0,0.0,600.0,2026-01,DESCRIPTIVE_EXPOSED,LISTING_DAYS_1_14,ORDINARY_WEEKDAY_OVERNIGHT,SKIPPED,INSUFFICIENT_TRADABLE_ROWS,0
COINUSDT-O-20260127T210000Z,COINUSDT,CRYPTO_SENSITIVE_EQUITY,O,,,,O:2026-01-27T21:00:00Z:2026-01-28T07:00:00Z,2026-01-27T21:00:00Z,2026-01-28T07:00:00Z,2026-01-27T21:00:00+00:00,2026-01-27T21:00:00+00:00,,,0,0,0,0,0,0.0,600.0,2026-01,DESCRIPTIVE_EXPOSED,LISTING_DAYS_1_14,ORDINARY_WEEKDAY_OVERNIGHT,SKIPPED,INSUFFICIENT_TRADABLE_ROWS,0
COINUSDT-O-20260128T210000Z,COINUSDT,CRYPTO_SENSITIVE_EQUITY,O,,,,O:2026-01-28T21:00:00Z:2026-01-29T07:00:00Z,2026-01-28T21:00:00Z,2026-01-29T07:00:00Z,2026-01-28T21:00:00+00:00,2026-01-28T21:00:00+00:00,,,0,0,0,0,0,0.0,600.0,2026-01,DESCRIPTIVE_EXPOSED,LISTING_DAYS_1_14,ORDINARY_WEEKDAY_OVERNIGHT,SKIPPED,INSUFFICIENT_TRADABLE_ROWS,0
COINUSDT-O-20260129T210000Z,COINUSDT,CRYPTO_SENSITIVE_EQUITY,O,,,,O:2026-01-29T21:00:00Z:2026-01-30T07:00:00Z,2026-01-29T21:00:00Z,2026-01-30T07:00:00Z,2026-01-29T21:00:00+00:00,2026-01-29T21:00:00+00:00,,,0,0,0,0,0,0.0,600.0,2026-01,DESCRIPTIVE_EXPOSED,LISTING_DAYS_1_14,ORDINARY_WEEKDAY_OVERNIGHT,SKIPPED,INSUFFICIENT_TRADABLE_ROWS,0
COINUSDT-O-20260202T210000Z,COINUSDT,CRYPTO_SENSITIVE_EQUITY,O,,,,O:2026-02-02T21:00:00Z:2026-02-03T07:00:00Z,2026-02-02T21:00:00Z,2026-02-03T07:00:00Z,2026-02-02T21:00:00+00:00,2026-02-02T21:00:00+00:00,,,0,0,0,0,0,0.0,600.0,2026-02,DESCRIPTIVE_EXPOSED,LISTING_DAYS_1_14,ORDINARY_WEEKDAY_OVERNIGHT,SKIPPED,INSUFFICIENT_TRADABLE_ROWS,0
COINUSDT-O-20260203T210000Z,COINUSDT,CRYPTO_SENSITIVE_EQUITY,O,,,,O:2026-02-03T21:00:00Z:2026-02-04T07:00:00Z,2026-02-03T21:00:00Z,2026-02-04T07:00:00Z,2026-02-03T21:00:00+00:00,2026-02-03T21:00:00+00:00,,,0,0,0,0,0,0.0,600.0,2026-02,DESCRIPTIVE_EXPOSED,LISTING_DAYS_1_14,ORDINARY_WEEKDAY_OVERNIGHT,SKIPPED,INSUFFICIENT_TRADABLE_ROWS,0
COINUSDT-O-20260204T210000Z,COINUSDT,CRYPTO_SENSITIVE_EQUITY,O,,,,O:2026-02-04T21:00:00Z:2026-02-05T07:00:00Z,2026-02-04T21:00:00Z,2026-02-05T07:00:00Z,2026-02-04T21:00:00+00:00,2026-02-04T21:00:00+00:00,,,0,0,0,0,0,0.0,600.0,2026-02,DESCRIPTIVE_EXPOSED,LISTING_DAYS_1_14,ORDINARY_WEEKDAY_OVERNIGHT,SKIPPED,INSUFFICIENT_TRADABLE_ROWS,0
COINUSDT-O-20260205T210000Z,COINUSDT,CRYPTO_SENSITIVE_EQUITY,O,,,,O:2026-02-05T21:00:00Z:2026-02-06T07:00:00Z,2026-02-05T21:00:00Z,2026-02-06T07:00:00Z,2026-02-05T21:00:00+00:00,2026-02-05T21:00:00+00:00,,,0,0,0,0,0,0.0,600.0,2026-02,DESCRIPTIVE_EXPOSED,LISTING_DAYS_1_14,ORDINARY_WEEKDAY_OVERNIGHT,SKIPPED,INSUFFICIENT_TRADABLE_ROWS,0
COINUSDT-O-20260727T200000Z,COINUSDT,CRYPTO_SENSITIVE_EQUITY,O,,,,O:2026-07-27T20:00:00Z:2026-07-28T06:00:00Z,2026-07-27T20:00:00Z,2026-07-28T06:00:00Z,2026-07-27T20:00:00+00:00,2026-07-27T20:00:00+00:00,,,236160,236160,0,0,0,0.0,600.0,2026-07,FORWARD_OOS_FUTURE,LISTING_AFTER_30_DAYS,ORDINARY_WEEKDAY_OVERNIGHT,SKIPPED,INSUFFICIENT_TRADABLE_ROWS,0
COINUSDT-O-20260728T200000Z,COINUSDT,CRYPTO_SENSITIVE_EQUITY,O,,,,O:2026-07-28T20:00:00Z:2026-07-29T06:00:00Z,2026-07-28T20:00:00Z,2026-07-29T06:00:00Z,2026-07-28T20:00:00+00:00,2026-07-28T20:00:00+00:00,,,236160,236160,0,0,0,0.0,600.0,2026-07,FORWARD_OOS_FUTURE,LISTING_AFTER_30_DAYS,ORDINARY_WEEKDAY_OVERNIGHT,SKIPPED,INSUFFICIENT_TRADABLE_ROWS,0
COINUSDT-O-20260729T200000Z,COINUSDT,CRYPTO_SENSITIVE_EQUITY,O,,,,O:2026-07-29T20:00:00Z:2026-07-30T06:00:00Z,2026-07-29T20:00:00Z,2026-07-30T06:00:00Z,2026-07-29T20:00:00+00:00,2026-07-29T20:00:00+00:00,,,236160,236160,0,0,0,0.0,600.0,2026-07,FORWARD_OOS_FUTURE,LISTING_AFTER_30_DAYS,ORDINARY_WEEKDAY_OVERNIGHT,SKIPPED,INSUFFICIENT_TRADABLE_ROWS,0
COINUSDT-O-20260730T200000Z,COINUSDT,CRYPTO_SENSITIVE_EQUITY,O,,,,O:2026-07-30T20:00:00Z:2026-07-31T06:00:00Z,2026-07-30T20:00:00Z,2026-07-31T06:00:00Z,2026-07-30T20:00:00+00:00,2026-07-30T20:00:00+00:00,,,236160,236160,0,0,0,0.0,600.0,2026-07,FORWARD_OOS_FUTURE,LISTING_AFTER_30_DAYS,ORDINARY_WEEKDAY_OVERNIGHT,SKIPPED,INSUFFICIENT_TRADABLE_ROWS,0
COINUSDT-O-20260803T200000Z,COINUSDT,CRYPTO_SENSITIVE_EQUITY,O,,,,O:2026-08-03T20:00:00Z:2026-08-04T06:00:00Z,2026-08-03T20:00:00Z,2026-08-04T06:00:00Z,2026-08-03T20:00:00+00:00,2026-08-03T20:00:00+00:00,,,236160,236160,0,0,0,0.0,600.0,2026-08,FORWARD_OOS_FUTURE,LISTING_AFTER_30_DAYS,ORDINARY_WEEKDAY_OVERNIGHT,SKIPPED,INSUFFICIENT_TRADABLE_ROWS,0
COINUSDT-O-20260804T200000Z,COINUSDT,CRYPTO_SENSITIVE_EQUITY,O,,,,O:2026-08-04T20:00:00Z:2026-08-05T06:00:00Z,2026-08-04T20:00:00Z,2026-08-05T06:00:00Z,2026-08-04T20:00:00+00:00,2026-08-04T20:00:00+00:00,,,236160,236160,0,0,0,0.0,600.0,2026-08,FORWARD_OOS_FUTURE,LISTING_AFTER_30_DAYS,ORDINARY_WEEKDAY_OVERNIGHT,SKIPPED,INSUFFICIENT_TRADABLE_ROWS,0
COINUSDT-O-20260805T200000Z,COINUSDT,CRYPTO_SENSITIVE_EQUITY,O,,,,O:2026-08-05T20:00:00Z:2026-08-06T06:00:00Z,2026-08-05T20:00:00Z,2026-08-06T06:00:00Z,2026-08-05T20:00:00+00:00,2026-08-05T20:00:00+00:00,,,236160,236160,0,0,0,0.0,600.0,2026-08,FORWARD_OOS_FUTURE,LISTING_AFTER_30_DAYS,ORDINARY_WEEKDAY_OVERNIGHT,SKIPPED,INSUFFICIENT_TRADABLE_ROWS,0
CRCLUSDT-O-20260209T210000Z,CRCLUSDT,CRYPTO_SENSITIVE_EQUITY,O,,,,O:2026-02-09T21:00:00Z:2026-02-10T07:00:00Z,2026-02-09T21:00:00Z,2026-02-10T07:00:00Z,2026-02-09T21:00:00+00:00,2026-02-10T02:59:59.999000+00:00,2026-02-10T03:00:00+00:00,2026-02-10T06:59:59.999000+00:00,0,420,420,180,240,4.0,600.0,2026-02,DESCRIPTIVE_EXPOSED,LISTING_DAYS_1_14,ORDINARY_WEEKDAY_OVERNIGHT,READY,,0
CRCLUSDT-O-20260210T210000Z,CRCLUSDT,CRYPTO_SENSITIVE_EQUITY,O,,,,O:2026-02-10T21:00:00Z:2026-02-11T07:00:00Z,2026-02-10T21:00:00Z,2026-02-11T07:00:00Z,2026-02-10T21:00:00+00:00,2026-02-10T23:59:59.999000+00:00,2026-02-11T00:00:00+00:00,2026-02-11T06:59:59.999000+00:00,1260,1860,600,180,420,7.0,600.0,2026-02,DESCRIPTIVE_EXPOSED,LISTING_DAYS_1_14,ORDINARY_WEEKDAY_OVERNIGHT,READY,,0
CRCLUSDT-O-20260211T210000Z,CRCLUSDT,CRYPTO_SENSITIVE_EQUITY,O,,,,O:2026-02-11T21:00:00Z:2026-02-12T07:00:00Z,2026-02-11T21:00:00Z,2026-02-12T07:00:00Z,2026-02-11T21:00:00+00:00,2026-02-11T23:59:59.999000+00:00,2026-02-12T00:00:00+00:00,2026-02-12T06:59:59.999000+00:00,2700,3300,600,180,420,7.0,600.0,2026-02,DESCRIPTIVE_EXPOSED,LISTING_DAYS_1_14,ORDINARY_WEEKDAY_OVERNIGHT,READY,,0
CRCLUSDT-O-20260212T210000Z,CRCLUSDT,CRYPTO_SENSITIVE_EQUITY,O,,,,O:2026-02-12T21:00:00Z:2026-02-13T07:00:00Z,2026-02-12T21:00:00Z,2026-02-13T07:00:00Z,2026-02-12T21:00:00+00:00,2026-02-12T23:59:59.999000+00:00,2026-02-13T00:00:00+00:00,2026-02-13T06:59:59.999000+00:00,4140,4740,600,180,420,7.0,600.0,2026-02,DESCRIPTIVE_EXPOSED,LISTING_DAYS_1_14,ORDINARY_WEEKDAY_OVERNIGHT,READY,,0
CRCLUSDT-O-20260217T210000Z,CRCLUSDT,CRYPTO_SENSITIVE_EQUITY,O,,,,O:2026-02-17T21:00:00Z:2026-02-18T07:00:00Z,2026-02-17T21:00:00Z,2026-02-18T07:00:00Z,2026-02-17T21:00:00+00:00,2026-02-17T23:59:59.999000+00:00,2026-02-18T00:00:00+00:00,2026-02-18T06:59:59.999000+00:00,11340,11940,600,180,420,7.0,600.0,2026-02,DESCRIPTIVE_EXPOSED,LISTING_DAYS_1_14,ORDINARY_WEEKDAY_OVERNIGHT,READY,,0
CRCLUSDT-O-20260218T210000Z,CRCLUSDT,CRYPTO_SENSITIVE_EQUITY,O,,,,O:2026-02-18T21:00:00Z:2026-02-19T07:00:00Z,2026-02-18T21:00:00Z,2026-02-19T07:00:00Z,2026-02-18T21:00:00+00:00,2026-02-18T23:59:59.999000+00:00,2026-02-19T00:00:00+00:00,2026-02-19T06:59:59.999000+00:00,12780,13380,600,180,420,7.0,600.0,2026-02,DESCRIPTIVE_EXPOSED,LISTING_DAYS_1_14,ORDINARY_WEEKDAY_OVERNIGHT,READY,,0
CRCLUSDT-O-20260219T210000Z,CRCLUSDT,CRYPTO_SENSITIVE_EQUITY,O,,,,O:2026-02-19T21:00:00Z:2026-02-20T07:00:00Z,2026-02-19T21:00:00Z,2026-02-20T07:00:00Z,2026-02-19T21:00:00+00:00,2026-02-19T23:59:59.999000+00:00,2026-02-20T00:00:00+00:00,2026-02-20T06:59:59.999000+00:00,14220,14820,600,180,420,7.0,600.0,2026-02,DESCRIPTIVE_EXPOSED,LISTING_DAYS_1_14,ORDINARY_WEEKDAY_OVERNIGHT,READY,,0
CRCLUSDT-O-20260223T210000Z,CRCLUSDT,CRYPTO_SENSITIVE_EQUITY,O,,,,O:2026-02-23T21:00:00Z:2026-02-24T07:00:00Z,2026-02-23T21:00:00Z,2026-02-24T07:00:00Z,2026-02-23T21:00:00+00:00,2026-02-23T23:59:59.999000+00:00,2026-02-24T00:00:00+00:00,2026-02-24T06:59:59.999000+00:00,19980,20580,600,180,420,7.0,600.0,2026-02,DESCRIPTIVE_EXPOSED,LISTING_DAYS_1_14,ORDINARY_WEEKDAY_OVERNIGHT,READY,,0
CRCLUSDT-O-20260224T210000Z,CRCLUSDT,CRYPTO_SENSITIVE_EQUITY,O,,,,O:2026-02-24T21:00:00Z:2026-02-25T07:00:00Z,2026-02-24T21:00:00Z,2026-02-25T07:00:00Z,2026-02-24T21:00:00+00:00,2026-02-24T23:59:59.999000+00:00,2026-02-25T00:00:00+00:00,2026-02-25T06:59:59.999000+00:00,21420,22020,600,180,420,7.0,600.0,2026-02,DESCRIPTIVE_EXPOSED,LISTING_DAYS_15_30,ORDINARY_WEEKDAY_OVERNIGHT,READY,,0
CRCLUSDT-O-20260225T210000Z,CRCLUSDT,CRYPTO_SENSITIVE_EQUITY,O,,,,O:2026-02-25T21:00:00Z:2026-02-26T07:00:00Z,2026-02-25T21:00:00Z,2026-02-26T07:00:00Z,2026-02-25T21:00:00+00:00,2026-02-25T23:59:59.999000+00:00,2026-02-26T00:00:00+00:00,2026-02-26T06:59:59.999000+00:00,22860,23460,600,180,420,7.0,600.0,2026-02,DESCRIPTIVE_EXPOSED,LISTING_DAYS_15_30,ORDINARY_WEEKDAY_OVERNIGHT,READY,,0
CRCLUSDT-O-20260226T210000Z,CRCLUSDT,CRYPTO_SENSITIVE_EQUITY,O,,,,O:2026-02-26T21:00:00Z:2026-02-27T07:00:00Z,2026-02-26T21:00:00Z,2026-02-27T07:00:00Z,2026-02-26T21:00:00+00:00,2026-02-26T23:59:59.999000+00:00,2026-02-27T00:00:00+00:00,2026-02-27T06:59:59.999000+00:00,24300,24900,600,180,420,7.0,600.0,2026-02,DESCRIPTIVE_EXPOSED,LISTING_DAYS_15_30,ORDINARY_WEEKDAY_OVERNIGHT,READY,,0
CRCLUSDT-O-20260302T210000Z,CRCLUSDT,CRYPTO_SENSITIVE_EQUITY,O,,,,O:2026-03-02T21:00:00Z:2026-03-03T07:00:00Z,2026-03-02T21:00:00Z,2026-03-03T07:00:00Z,2026-03-02T21:00:00+00:00,2026-03-02T23:59:59.999000+00:00,2026-03-03T00:00:00+00:00,2026-03-03T06:59:59.999000+00:00,30060,30660,600,180,420,7.0,600.0,2026-03,RESEARCH_DEVELOPMENT,LISTING_DAYS_15_30,ORDINARY_WEEKDAY_OVERNIGHT,READY,,0
CRCLUSDT-O-20260303T210000Z,CRCLUSDT,CRYPTO_SENSITIVE_EQUITY,O,,,,O:2026-03-03T21:00:00Z:2026-03-04T07:00:00Z,2026-03-03T21:00:00Z,2026-03-04T07:00:00Z,2026-03-03T21:00:00+00:00,2026-03-03T23:59:59.999000+00:00,2026-03-04T00:00:00+00:00,2026-03-04T06:59:59.999000+00:00,31500,32100,600,180,420,7.0,600.0,2026-03,RESEARCH_DEVELOPMENT,LISTING_DAYS_15_30,ORDINARY_WEEKDAY_OVERNIGHT,READY,,0
CRCLUSDT-O-20260304T210000Z,CRCLUSDT,CRYPTO_SENSITIVE_EQUITY,O,,,,O:2026-03-04T21:00:00Z:2026-03-05T07:00:00Z,2026-03-04T21:00:00Z,2026-03-05T07:00:00Z,2026-03-04T21:00:00+00:00,2026-03-04T23:59:59.999000+00:00,2026-03-05T00:00:00+00:00,2026-03-05T06:59:59.999000+00:00,32940,33540,600,180,420,7.0,600.0,2026-03,RESEARCH_DEVELOPMENT,LISTING_DAYS_15_30,ORDINARY_WEEKDAY_OVERNIGHT,READY,,0
CRCLUSDT-O-20260305T210000Z,CRCLUSDT,CRYPTO_SENSITIVE_EQUITY,O,,,,O:2026-03-05T21:00:00Z:2026-03-06T07:00:00Z,2026-03-05T21:00:00Z,2026-03-06T07:00:00Z,2026-03-05T21:00:00+00:00,2026-03-05T23:59:59.999000+00:00,2026-03-06T00:00:00+00:00,2026-03-06T06:59:59.999000+00:00,34380,34980,600,180,420,7.0,600.0,2026-03,RESEARCH_DEVELOPMENT,LISTING_DAYS_15_30,ORDINARY_WEEKDAY_OVERNIGHT,READY,,0
CRCLUSDT-O-20260309T200000Z,CRCLUSDT,CRYPTO_SENSITIVE_EQUITY,O,,,,O:2026-03-09T20:00:00Z:2026-03-10T06:00:00Z,2026-03-09T20:00:00Z,2026-03-10T06:00:00Z,2026-03-09T20:00:00+00:00,2026-03-09T22:59:59.999000+00:00,2026-03-09T23:00:00+00:00,2026-03-10T05:59:59.999000+00:00,40080,40680,600,180,420,7.0,600.0,2026-03,RESEARCH_DEVELOPMENT,LISTING_DAYS_15_30,ORDINARY_WEEKDAY_OVERNIGHT,READY,,0
CRCLUSDT-O-20260310T200000Z,CRCLUSDT,CRYPTO_SENSITIVE_EQUITY,O,,,,O:2026-03-10T20:00:00Z:2026-03-11T06:00:00Z,2026-03-10T20:00:00Z,2026-03-11T06:00:00Z,2026-03-10T20:00:00+00:00,2026-03-10T22:59:59.999000+00:00,2026-03-10T23:00:00+00:00,2026-03-11T05:59:59.999000+00:00,41520,42120,600,180,420,7.0,600.0,2026-03,RESEARCH_DEVELOPMENT,LISTING_DAYS_15_30,ORDINARY_WEEKDAY_OVERNIGHT,READY,,0
CRCLUSDT-O-20260311T200000Z,CRCLUSDT,CRYPTO_SENSITIVE_EQUITY,O,,,,O:2026-03-11T20:00:00Z:2026-03-12T06:00:00Z,2026-03-11T20:00:00Z,2026-03-12T06:00:00Z,2026-03-11T20:00:00+00:00,2026-03-11T22:59:59.999000+00:00,2026-03-11T23:00:00+00:00,2026-03-12T05:59:59.999000+00:00,42960,43560,600,180,420,7.0,600.0,2026-03,RESEARCH_DEVELOPMENT,LISTING_DAYS_15_30,ORDINARY_WEEKDAY_OVERNIGHT,READY,,0
CRCLUSDT-O-20260312T200000Z,CRCLUSDT,CRYPTO_SENSITIVE_EQUITY,O,,,,O:2026-03-12T20:00:00Z:2026-03-13T06:00:00Z,2026-03-12T20:00:00Z,2026-03-13T06:00:00Z,2026-03-12T20:00:00+00:00,2026-03-12T22:59:59.999000+00:00,2026-03-12T23:00:00+00:00,2026-03-13T05:59:59.999000+00:00,44400,45000,600,180,420,7.0,600.0,2026-03,RESEARCH_DEVELOPMENT,LISTING_AFTER_30_DAYS,ORDINARY_WEEKDAY_OVERNIGHT,READY,,0
CRCLUSDT-O-20260316T200000Z,CRCLUSDT,CRYPTO_SENSITIVE_EQUITY,O,,,,O:2026-03-16T20:00:00Z:2026-03-17T06:00:00Z,2026-03-16T20:00:00Z,2026-03-17T06:00:00Z,2026-03-16T20:00:00+00:00,2026-03-16T22:59:59.999000+00:00,2026-03-16T23:00:00+00:00,2026-03-17T05:59:59.999000+00:00,50160,50760,600,180,420,7.0,600.0,2026-03,RESEARCH_DEVELOPMENT,LISTING_AFTER_30_DAYS,ORDINARY_WEEKDAY_OVERNIGHT,READY,,0
CRCLUSDT-O-20260317T200000Z,CRCLUSDT,CRYPTO_SENSITIVE_EQUITY,O,,,,O:2026-03-17T20:00:00Z:2026-03-18T06:00:00Z,2026-03-17T20:00:00Z,2026-03-18T06:00:00Z,2026-03-17T20:00:00+00:00,2026-03-17T22:59:59.999000+00:00,2026-03-17T23:00:00+00:00,2026-03-18T05:59:59.999000+00:00,51600,52200,600,180,420,7.0,600.0,2026-03,RESEARCH_DEVELOPMENT,LISTING_AFTER_30_DAYS,ORDINARY_WEEKDAY_OVERNIGHT,READY,,0
CRCLUSDT-O-20260318T200000Z,CRCLUSDT,CRYPTO_SENSITIVE_EQUITY,O,,,,O:2026-03-18T20:00:00Z:2026-03-19T06:00:00Z,2026-03-18T20:00:00Z,2026-03-19T06:00:00Z,2026-03-18T20:00:00+00:00,2026-03-18T22:59:59.999000+00:00,2026-03-18T23:00:00+00:00,2026-03-19T05:59:59.999000+00:00,53040,53640,600,180,420,7.0,600.0,2026-03,RESEARCH_DEVELOPMENT,LISTING_AFTER_30_DAYS,ORDINARY_WEEKDAY_OVERNIGHT,READY,,0
CRCLUSDT-O-20260319T200000Z,CRCLUSDT,CRYPTO_SENSITIVE_EQUITY,O,,,,O:2026-03-19T20:00:00Z:2026-03-20T06:00:00Z,2026-03-19T20:00:00Z,2026-03-20T06:00:00Z,2026-03-19T20:00:00+00:00,2026-03-19T22:59:59.999000+00:00,2026-03-19T23:00:00+00:00,2026-03-20T05:59:59.999000+00:00,54480,55080,600,180,420,7.0,600.0,2026-03,RESEARCH_DEVELOPMENT,LISTING_AFTER_30_DAYS,ORDINARY_WEEKDAY_OVERNIGHT,READY,,0
CRCLUSDT-O-20260323T200000Z,CRCLUSDT,CRYPTO_SENSITIVE_EQUITY,O,,,,O:2026-03-23T20:00:00Z:2026-03-24T06:00:00Z,2026-03-23T20:00:00Z,2026-03-24T06:00:00Z,2026-03-23T20:00:00+00:00,2026-03-23T22:59:59.999000+00:00,2026-03-23T23:00:00+00:00,2026-03-24T05:59:59.999000+00:00,60240,60840,600,180,420,7.0,600.0,2026-03,RESEARCH_DEVELOPMENT,LISTING_AFTER_30_DAYS,ORDINARY_WEEKDAY_OVERNIGHT,READY,,0
CRCLUSDT-O-20260324T200000Z,CRCLUSDT,CRYPTO_SENSITIVE_EQUITY,O,,,,O:2026-03-24T20:00:00Z:2026-03-25T06:00:00Z,2026-03-24T20:00:00Z,2026-03-25T06:00:00Z,2026-03-24T20:00:00+00:00,2026-03-24T22:59:59.999000+00:00,2026-03-24T23:00:00+00:00,2026-03-25T05:59:59.999000+00:00,61680,62280,600,180,420,7.0,600.0,2026-03,RESEARCH_DEVELOPMENT,LISTING_AFTER_30_DAYS,ORDINARY_WEEKDAY_OVERNIGHT,READY,,0
CRCLUSDT-O-20260325T200000Z,CRCLUSDT,CRYPTO_SENSITIVE_EQUITY,O,,,,O:2026-03-25T20:00:00Z:2026-03-26T06:00:00Z,2026-03-25T20:00:00Z,2026-03-26T06:00:00Z,2026-03-25T20:00:00+00:00,2026-03-25T22:59:59.999000+00:00,2026-03-25T23:00:00+00:00,2026-03-26T05:59:59.999000+00:00,63120,63720,600,180,420,7.0,600.0,2026-03,RESEARCH_DEVELOPMENT,LISTING_AFTER_30_DAYS,ORDINARY_WEEKDAY_OVERNIGHT,READY,,0
CRCLUSDT-O-20260326T200000Z,CRCLUSDT,CRYPTO_SENSITIVE_EQUITY,O,,,,O:2026-03-26T20:00:00Z:2026-03-27T06:00:00Z,2026-03-26T20:00:00Z,2026-03-27T06:00:00Z,2026-03-26T20:00:00+00:00,2026-03-26T22:59:59.999000+00:00,2026-03-26T23:00:00+00:00,2026-03-27T05:59:59.999000+00:00,64560,65160,600,180,420,7.0,600.0,2026-03,RESEARCH_DEVELOPMENT,LISTING_AFTER_30_DAYS,ORDINARY_WEEKDAY_OVERNIGHT,READY,,0
CRCLUSDT-O-20260330T200000Z,CRCLUSDT,CRYPTO_SENSITIVE_EQUITY,O,,,,O:2026-03-30T20:00:00Z:2026-03-31T06:00:00Z,2026-03-30T20:00:00Z,2026-03-31T06:00:00Z,2026-03-30T20:00:00+00:00,2026-03-30T22:59:59.999000+00:00,2026-03-30T23:00:00+00:00,2026-03-31T05:59:59.999000+00:00,70320,70920,600,180,420,7.0,600.0,2026-03,RESEARCH_DEVELOPMENT,LISTING_AFTER_30_DAYS,ORDINARY_WEEKDAY_OVERNIGHT,READY,,0
CRCLUSDT-O-20260331T200000Z,CRCLUSDT,CRYPTO_SENSITIVE_EQUITY,O,,,,O:2026-03-31T20:00:00Z:2026-04-01T06:00:00Z,2026-03-31T20:00:00Z,2026-04-01T06:00:00Z,2026-03-31T20:00:00+00:00,2026-03-31T22:59:59.999000+00:00,2026-03-31T23:00:00+00:00,2026-04-01T05:59:59.999000+00:00,71760,72360,600,180,420,7.0,600.0,2026-03,RESEARCH_DEVELOPMENT,LISTING_AFTER_30_DAYS,ORDINARY_WEEKDAY_OVERNIGHT,READY,,0
CRCLUSDT-O-20260401T200000Z,CRCLUSDT,CRYPTO_SENSITIVE_EQUITY,O,,,,O:2026-04-01T20:00:00Z:2026-04-02T06:00:00Z,2026-04-01T20:00:00Z,2026-04-02T06:00:00Z,2026-04-01T20:00:00+00:00,2026-04-01T22:59:59.999000+00:00,2026-04-01T23:00:00+00:00,2026-04-02T05:59:59.999000+00:00,73200,73800,600,180,420,7.0,600.0,2026-04,RESEARCH_DEVELOPMENT,LISTING_AFTER_30_DAYS,ORDINARY_WEEKDAY_OVERNIGHT,READY,,0
CRCLUSDT-O-20260406T200000Z,CRCLUSDT,CRYPTO_SENSITIVE_EQUITY,O,,,,O:2026-04-06T20:00:00Z:2026-04-07T06:00:00Z,2026-04-06T20:00:00Z,2026-04-07T06:00:00Z,2026-04-06T20:00:00+00:00,2026-04-06T22:59:59.999000+00:00,2026-04-06T23:00:00+00:00,2026-04-07T05:59:59.999000+00:00,80400,81000,600,180,420,7.0,600.0,2026-04,RESEARCH_DEVELOPMENT,LISTING_AFTER_30_DAYS,ORDINARY_WEEKDAY_OVERNIGHT,READY,,0
CRCLUSDT-O-20260407T200000Z,CRCLUSDT,CRYPTO_SENSITIVE_EQUITY,O,,,,O:2026-04-07T20:00:00Z:2026-04-08T06:00:00Z,2026-04-07T20:00:00Z,2026-04-08T06:00:00Z,2026-04-07T20:00:00+00:00,2026-04-07T22:59:59.999000+00:00,2026-04-07T23:00:00+00:00,2026-04-08T05:59:59.999000+00:00,81840,82440,600,180,420,7.0,600.0,2026-04,RESEARCH_DEVELOPMENT,LISTING_AFTER_30_DAYS,ORDINARY_WEEKDAY_OVERNIGHT,READY,,0
CRCLUSDT-O-20260408T200000Z,CRCLUSDT,CRYPTO_SENSITIVE_EQUITY,O,,,,O:2026-04-08T20:00:00Z:2026-04-09T06:00:00Z,2026-04-08T20:00:00Z,2026-04-09T06:00:00Z,2026-04-08T20:00:00+00:00,2026-04-08T22:59:59.999000+00:00,2026-04-08T23:00:00+00:00,2026-04-09T05:59:59.999000+00:00,83280,83880,600,180,420,7.0,600.0,2026-04,RESEARCH_DEVELOPMENT,LISTING_AFTER_30_DAYS,ORDINARY_WEEKDAY_OVERNIGHT,READY,,0
CRCLUSDT-O-20260409T200000Z,CRCLUSDT,CRYPTO_SENSITIVE_EQUITY,O,,,,O:2026-04-09T20:00:00Z:2026-04-10T06:00:00Z,2026-04-09T20:00:00Z,2026-04-10T06:00:00Z,2026-04-09T20:00:00+00:00,2026-04-09T22:59:59.999000+00:00,2026-04-09T23:00:00+00:00,2026-04-10T05:59:59.999000+00:00,84720,85320,600,180,420,7.0,600.0,2026-04,RESEARCH_DEVELOPMENT,LISTING_AFTER_30_DAYS,ORDINARY_WEEKDAY_OVERNIGHT,READY,,0
CRCLUSDT-O-20260413T200000Z,CRCLUSDT,CRYPTO_SENSITIVE_EQUITY,O,,,,O:2026-04-13T20:00:00Z:2026-04-14T06:00:00Z,2026-04-13T20:00:00Z,2026-04-14T06:00:00Z,2026-04-13T20:00:00+00:00,2026-04-13T22:59:59.999000+00:00,2026-04-13T23:00:00+00:00,2026-04-14T05:59:59.999000+00:00,90480,91080,600,180,420,7.0,600.0,2026-04,RESEARCH_DEVELOPMENT,LISTING_AFTER_30_DAYS,ORDINARY_WEEKDAY_OVERNIGHT,READY,,0
CRCLUSDT-O-20260414T200000Z,CRCLUSDT,CRYPTO_SENSITIVE_EQUITY,O,,,,O:2026-04-14T20:00:00Z:2026-04-15T06:00:00Z,2026-04-14T20:00:00Z,2026-04-15T06:00:00Z,2026-04-14T20:00:00+00:00,2026-04-14T22:59:59.999000+00:00,2026-04-14T23:00:00+00:00,2026-04-15T05:59:59.999000+00:00,91920,92520,600,180,420,7.0,600.0,2026-04,RESEARCH_DEVELOPMENT,LISTING_AFTER_30_DAYS,ORDINARY_WEEKDAY_OVERNIGHT,READY,,0
CRCLUSDT-O-20260415T200000Z,CRCLUSDT,CRYPTO_SENSITIVE_EQUITY,O,,,,O:2026-04-15T20:00:00Z:2026-04-16T06:00:00Z,2026-04-15T20:00:00Z,2026-04-16T06:00:00Z,2026-04-15T20:00:00+00:00,2026-04-15T22:59:59.999000+00:00,2026-04-15T23:00:00+00:00,2026-04-16T05:59:59.999000+00:00,93360,93960,600,180,420,7.0,600.0,2026-04,RESEARCH_DEVELOPMENT,LISTING_AFTER_30_DAYS,ORDINARY_WEEKDAY_OVERNIGHT,READY,,0
CRCLUSDT-O-20260416T200000Z,CRCLUSDT,CRYPTO_SENSITIVE_EQUITY,O,,,,O:2026-04-16T20:00:00Z:2026-04-17T06:00:00Z,2026-04-16T20:00:00Z,2026-04-17T06:00:00Z,2026-04-16T20:00:00+00:00,2026-04-16T22:59:59.999000+00:00,2026-04-16T23:00:00+00:00,2026-04-17T05:59:59.999000+00:00,94800,95400,600,180,420,7.0,600.0,2026-04,RESEARCH_DEVELOPMENT,LISTING_AFTER_30_DAYS,ORDINARY_WEEKDAY_OVERNIGHT,READY,,0
CRCLUSDT-O-20260420T200000Z,CRCLUSDT,CRYPTO_SENSITIVE_EQUITY,O,,,,O:2026-04-20T20:00:00Z:2026-04-21T06:00:00Z,2026-04-20T20:00:00Z,2026-04-21T06:00:00Z,2026-04-20T20:00:00+00:00,2026-04-20T22:59:59.999000+00:00,2026-04-20T23:00:00+00:00,2026-04-21T05:59:59.999000+00:00,100560,101160,600,180,420,7.0,600.0,2026-04,RESEARCH_DEVELOPMENT,LISTING_AFTER_30_DAYS,ORDINARY_WEEKDAY_OVERNIGHT,READY,,0
CRCLUSDT-O-20260421T200000Z,CRCLUSDT,CRYPTO_SENSITIVE_EQUITY,O,,,,O:2026-04-21T20:00:00Z:2026-04-22T06:00:00Z,2026-04-21T20:00:00Z,2026-04-22T06:00:00Z,2026-04-21T20:00:00+00:00,2026-04-21T22:59:59.999000+00:00,2026-04-21T23:00:00+00:00,2026-04-22T05:59:59.999000+00:00,102000,102600,600,180,420,7.0,600.0,2026-04,RESEARCH_DEVELOPMENT,LISTING_AFTER_30_DAYS,ORDINARY_WEEKDAY_OVERNIGHT,READY,,0
CRCLUSDT-O-20260422T200000Z,CRCLUSDT,CRYPTO_SENSITIVE_EQUITY,O,,,,O:2026-04-22T20:00:00Z:2026-04-23T06:00:00Z,2026-04-22T20:00:00Z,2026-04-23T06:00:00Z,2026-04-22T20:00:00+00:00,2026-04-22T22:59:59.999000+00:00,2026-04-22T23:00:00+00:00,2026-04-23T05:59:59.999000+00:00,103440,104040,600,180,420,7.0,600.0,2026-04,RESEARCH_DEVELOPMENT,LISTING_AFTER_30_DAYS,ORDINARY_WEEKDAY_OVERNIGHT,READY,,0
CRCLUSDT-O-20260423T200000Z,CRCLUSDT,CRYPTO_SENSITIVE_EQUITY,O,,,,O:2026-04-23T20:00:00Z:2026-04-24T06:00:00Z,2026-04-23T20:00:00Z,2026-04-24T06:00:00Z,2026-04-23T20:00:00+00:00,2026-04-23T22:59:59.999000+00:00,2026-04-23T23:00:00+00:00,2026-04-24T05:59:59.999000+00:00,104880,105480,600,180,420,7.0,600.0,2026-04,RESEARCH_DEVELOPMENT,LISTING_AFTER_30_DAYS,ORDINARY_WEEKDAY_OVERNIGHT,READY,,0
CRCLUSDT-O-20260427T200000Z,CRCLUSDT,CRYPTO_SENSITIVE_EQUITY,O,,,,O:2026-04-27T20:00:00Z:2026-04-28T06:00:00Z,2026-04-27T20:00:00Z,2026-04-28T06:00:00Z,2026-04-27T20:00:00+00:00,2026-04-27T22:59:59.999000+00:00,2026-04-27T23:00:00+00:00,2026-04-28T05:59:59.999000+00:00,110640,111240,600,180,420,7.0,600.0,2026-04,RESEARCH_DEVELOPMENT,LISTING_AFTER_30_DAYS,ORDINARY_WEEKDAY_OVERNIGHT,READY,,0
CRCLUSDT-O-20260428T200000Z,CRCLUSDT,CRYPTO_SENSITIVE_EQUITY,O,,,,O:2026-04-28T20:00:00Z:2026-04-29T06:00:00Z,2026-04-28T20:00:00Z,2026-04-29T06:00:00Z,2026-04-28T20:00:00+00:00,2026-04-28T22:59:59.999000+00:00,2026-04-28T23:00:00+00:00,2026-04-29T05:59:59.999000+00:00,112080,112680,600,180,420,7.0,600.0,2026-04,RESEARCH_DEVELOPMENT,LISTING_AFTER_30_DAYS,ORDINARY_WEEKDAY_OVERNIGHT,READY,,0
CRCLUSDT-O-20260429T200000Z,CRCLUSDT,CRYPTO_SENSITIVE_EQUITY,O,,,,O:2026-04-29T20:00:00Z:2026-04-30T06:00:00Z,2026-04-29T20:00:00Z,2026-04-30T06:00:00Z,2026-04-29T20:00:00+00:00,2026-04-29T22:59:59.999000+00:00,2026-04-29T23:00:00+00:00,2026-04-30T05:59:59.999000+00:00,113520,114120,600,180,420,7.0,600.0,2026-04,RESEARCH_DEVELOPMENT,LISTING_AFTER_30_DAYS,ORDINARY_WEEKDAY_OVERNIGHT,READY,,0
CRCLUSDT-O-20260430T200000Z,CRCLUSDT,CRYPTO_SENSITIVE_EQUITY,O,,,,O:2026-04-30T20:00:00Z:2026-05-01T06:00:00Z,2026-04-30T20:00:00Z,2026-05-01T06:00:00Z,2026-04-30T20:00:00+00:00,2026-04-30T22:59:59.999000+00:00,2026-04-30T23:00:00+00:00,2026-05-01T05:59:59.999000+00:00,114960,115560,600,180,420,7.0,600.0,2026-04,RESEARCH_DEVELOPMENT,LISTING_AFTER_30_DAYS,ORDINARY_WEEKDAY_OVERNIGHT,READY,,0
CRCLUSDT-O-20260504T200000Z,CRCLUSDT,CRYPTO_SENSITIVE_EQUITY,O,,,,O:2026-05-04T20:00:00Z:2026-05-05T06:00:00Z,2026-05-04T20:00:00Z,2026-05-05T06:00:00Z,2026-05-04T20:00:00+00:00,2026-05-04T22:59:59.999000+00:00,2026-05-04T23:00:00+00:00,2026-05-05T05:59:59.999000+00:00,120720,121320,600,180,420,7.0,600.0,2026-05,RESEARCH_DEVELOPMENT,LISTING_AFTER_30_DAYS,ORDINARY_WEEKDAY_OVERNIGHT,READY,,0
CRCLUSDT-O-20260505T200000Z,CRCLUSDT,CRYPTO_SENSITIVE_EQUITY,O,,,,O:2026-05-05T20:00:00Z:2026-05-06T06:00:00Z,2026-05-05T20:00:00Z,2026-05-06T06:00:00Z,2026-05-05T20:00:00+00:00,2026-05-05T22:59:59.999000+00:00,2026-05-05T23:00:00+00:00,2026-05-06T05:59:59.999000+00:00,122160,122760,600,180,420,7.0,600.0,2026-05,RESEARCH_DEVELOPMENT,LISTING_AFTER_30_DAYS,ORDINARY_WEEKDAY_OVERNIGHT,READY,,0
CRCLUSDT-O-20260506T200000Z,CRCLUSDT,CRYPTO_SENSITIVE_EQUITY,O,,,,O:2026-05-06T20:00:00Z:2026-05-07T06:00:00Z,2026-05-06T20:00:00Z,2026-05-07T06:00:00Z,2026-05-06T20:00:00+00:00,2026-05-06T22:59:59.999000+00:00,2026-05-06T23:00:00+00:00,2026-05-07T05:59:59.999000+00:00,123600,124200,600,180,420,7.0,600.0,2026-05,RESEARCH_DEVELOPMENT,LISTING_AFTER_30_DAYS,ORDINARY_WEEKDAY_OVERNIGHT,READY,,0
CRCLUSDT-O-20260507T200000Z,CRCLUSDT,CRYPTO_SENSITIVE_EQUITY,O,,,,O:2026-05-07T20:00:00Z:2026-05-08T06:00:00Z,2026-05-07T20:00:00Z,2026-05-08T06:00:00Z,2026-05-07T20:00:00+00:00,2026-05-07T22:59:59.999000+00:00,2026-05-07T23:00:00+00:00,2026-05-08T05:59:59.999000+00:00,125040,125640,600,180,420,7.0,600.0,2026-05,RESEARCH_DEVELOPMENT,LISTING_AFTER_30_DAYS,ORDINARY_WEEKDAY_OVERNIGHT,READY,,0
CRCLUSDT-O-20260511T200000Z,CRCLUSDT,CRYPTO_SENSITIVE_EQUITY,O,,,,O:2026-05-11T20:00:00Z:2026-05-12T06:00:00Z,2026-05-11T20:00:00Z,2026-05-12T06:00:00Z,2026-05-11T20:00:00+00:00,2026-05-11T22:59:59.999000+00:00,2026-05-11T23:00:00+00:00,2026-05-12T05:59:59.999000+00:00,130800,131400,600,180,420,7.0,600.0,2026-05,RESEARCH_DEVELOPMENT,LISTING_AFTER_30_DAYS,ORDINARY_WEEKDAY_OVERNIGHT,READY,,0
CRCLUSDT-O-20260512T200000Z,CRCLUSDT,CRYPTO_SENSITIVE_EQUITY,O,,,,O:2026-05-12T20:00:00Z:2026-05-13T06:00:00Z,2026-05-12T20:00:00Z,2026-05-13T06:00:00Z,2026-05-12T20:00:00+00:00,2026-05-12T22:59:59.999000+00:00,2026-05-12T23:00:00+00:00,2026-05-13T05:59:59.999000+00:00,132240,132840,600,180,420,7.0,600.0,2026-05,RESEARCH_DEVELOPMENT,LISTING_AFTER_30_DAYS,ORDINARY_WEEKDAY_OVERNIGHT,READY,,0
CRCLUSDT-O-20260513T200000Z,CRCLUSDT,CRYPTO_SENSITIVE_EQUITY,O,,,,O:2026-05-13T20:00:00Z:2026-05-14T06:00:00Z,2026-05-13T20:00:00Z,2026-05-14T06:00:00Z,2026-05-13T20:00:00+00:00,2026-05-13T22:59:59.999000+00:00,2026-05-13T23:00:00+00:00,2026-05-14T05:59:59.999000+00:00,133680,134280,600,180,420,7.0,600.0,2026-05,RESEARCH_DEVELOPMENT,LISTING_AFTER_30_DAYS,ORDINARY_WEEKDAY_OVERNIGHT,READY,,0
CRCLUSDT-O-20260514T200000Z,CRCLUSDT,CRYPTO_SENSITIVE_EQUITY,O,,,,O:2026-05-14T20:00:00Z:2026-05-15T06:00:00Z,2026-05-14T20:00:00Z,2026-05-15T06:00:00Z,2026-05-14T20:00:00+00:00,2026-05-14T22:59:59.999000+00:00,2026-05-14T23:00:00+00:00,2026-05-15T05:59:59.999000+00:00,135120,135720,600,180,420,7.0,600.0,2026-05,RESEARCH_DEVELOPMENT,LISTING_AFTER_30_DAYS,ORDINARY_WEEKDAY_OVERNIGHT,READY,,0
CRCLUSDT-O-20260518T200000Z,CRCLUSDT,CRYPTO_SENSITIVE_EQUITY,O,,,,O:2026-05-18T20:00:00Z:2026-05-19T06:00:00Z,2026-05-18T20:00:00Z,2026-05-19T06:00:00Z,2026-05-18T20:00:00+00:00,2026-05-18T22:59:59.999000+00:00,2026-05-18T23:00:00+00:00,2026-05-19T05:59:59.999000+00:00,140880,141480,600,180,420,7.0,600.0,2026-05,RESEARCH_DEVELOPMENT,LISTING_AFTER_30_DAYS,ORDINARY_WEEKDAY_OVERNIGHT,READY,,0
CRCLUSDT-O-20260519T200000Z,CRCLUSDT,CRYPTO_SENSITIVE_EQUITY,O,,,,O:2026-05-19T20:00:00Z:2026-05-20T06:00:00Z,2026-05-19T20:00:00Z,2026-05-20T06:00:00Z,2026-05-19T20:00:00+00:00,2026-05-19T22:59:59.999000+00:00,2026-05-19T23:00:00+00:00,2026-05-20T05:59:59.999000+00:00,142320,142920,600,180,420,7.0,600.0,2026-05,RESEARCH_DEVELOPMENT,LISTING_AFTER_30_DAYS,ORDINARY_WEEKDAY_OVERNIGHT,READY,,0
CRCLUSDT-O-20260520T200000Z,CRCLUSDT,CRYPTO_SENSITIVE_EQUITY,O,,,,O:2026-05-20T20:00:00Z:2026-05-21T06:00:00Z,2026-05-20T20:00:00Z,2026-05-21T06:00:00Z,2026-05-20T20:00:00+00:00,2026-05-20T22:59:59.999000+00:00,2026-05-20T23:00:00+00:00,2026-05-21T05:59:59.999000+00:00,143760,144360,600,180,420,7.0,600.0,2026-05,RESEARCH_DEVELOPMENT,LISTING_AFTER_30_DAYS,ORDINARY_WEEKDAY_OVERNIGHT,READY,,0
CRCLUSDT-O-20260521T200000Z,CRCLUSDT,CRYPTO_SENSITIVE_EQUITY,O,,,,O:2026-05-21T20:00:00Z:2026-05-22T06:00:00Z,2026-05-21T20:00:00Z,2026-05-22T06:00:00Z,2026-05-21T20:00:00+00:00,2026-05-21T22:59:59.999000+00:00,2026-05-21T23:00:00+00:00,2026-05-22T05:59:59.999000+00:00,145200,145800,600,180,420,7.0,600.0,2026-05,RESEARCH_DEVELOPMENT,LISTING_AFTER_30_DAYS,ORDINARY_WEEKDAY_OVERNIGHT,READY,,0
CRCLUSDT-O-20260526T200000Z,CRCLUSDT,CRYPTO_SENSITIVE_EQUITY,O,,,,O:2026-05-26T20:00:00Z:2026-05-27T06:00:00Z,2026-05-26T20:00:00Z,2026-05-27T06:00:00Z,2026-05-26T20:00:00+00:00,2026-05-26T22:59:59.999000+00:00,2026-05-26T23:00:00+00:00,2026-05-27T05:59:59.999000+00:00,152400,153000,600,180,420,7.0,600.0,2026-05,RESEARCH_DEVELOPMENT,LISTING_AFTER_30_DAYS,ORDINARY_WEEKDAY_OVERNIGHT,READY,,0
CRCLUSDT-O-20260527T200000Z,CRCLUSDT,CRYPTO_SENSITIVE_EQUITY,O,,,,O:2026-05-27T20:00:00Z:2026-05-28T06:00:00Z,2026-05-27T20:00:00Z,2026-05-28T06:00:00Z,2026-05-27T20:00:00+00:00,2026-05-27T22:59:59.999000+00:00,2026-05-27T23:00:00+00:00,2026-05-28T05:59:59.999000+00:00,153840,154440,600,180,420,7.0,600.0,2026-05,RESEARCH_DEVELOPMENT,LISTING_AFTER_30_DAYS,ORDINARY_WEEKDAY_OVERNIGHT,READY,,0
CRCLUSDT-O-20260528T200000Z,CRCLUSDT,CRYPTO_SENSITIVE_EQUITY,O,,,,O:2026-05-28T20:00:00Z:2026-05-29T06:00:00Z,2026-05-28T20:00:00Z,2026-05-29T06:00:00Z,2026-05-28T20:00:00+00:00,2026-05-28T22:59:59.999000+00:00,2026-05-28T23:00:00+00:00,2026-05-29T05:59:59.999000+00:00,155280,155880,600,180,420,7.0,600.0,2026-05,RESEARCH_DEVELOPMENT,LISTING_AFTER_30_DAYS,ORDINARY_WEEKDAY_OVERNIGHT,READY,,0
CRCLUSDT-O-20260601T200000Z,CRCLUSDT,CRYPTO_SENSITIVE_EQUITY,O,,,,O:2026-06-01T20:00:00Z:2026-06-02T06:00:00Z,2026-06-01T20:00:00Z,2026-06-02T06:00:00Z,2026-06-01T20:00:00+00:00,2026-06-01T22:59:59.999000+00:00,2026-06-01T23:00:00+00:00,2026-06-02T05:59:59.999000+00:00,161040,161640,600,180,420,7.0,600.0,2026-06,RESEARCH_VALIDATION_EXPOSED,LISTING_AFTER_30_DAYS,ORDINARY_WEEKDAY_OVERNIGHT,READY,,0
CRCLUSDT-O-20260602T200000Z,CRCLUSDT,CRYPTO_SENSITIVE_EQUITY,O,,,,O:2026-06-02T20:00:00Z:2026-06-03T06:00:00Z,2026-06-02T20:00:00Z,2026-06-03T06:00:00Z,2026-06-02T20:00:00+00:00,2026-06-02T22:59:59.999000+00:00,2026-06-02T23:00:00+00:00,2026-06-03T05:59:59.999000+00:00,162480,163080,600,180,420,7.0,600.0,2026-06,RESEARCH_VALIDATION_EXPOSED,LISTING_AFTER_30_DAYS,ORDINARY_WEEKDAY_OVERNIGHT,READY,,0
CRCLUSDT-O-20260603T200000Z,CRCLUSDT,CRYPTO_SENSITIVE_EQUITY,O,,,,O:2026-06-03T20:00:00Z:2026-06-04T06:00:00Z,2026-06-03T20:00:00Z,2026-06-04T06:00:00Z,2026-06-03T20:00:00+00:00,2026-06-03T22:59:59.999000+00:00,2026-06-03T23:00:00+00:00,2026-06-04T05:59:59.999000+00:00,163920,164520,600,180,420,7.0,600.0,2026-06,RESEARCH_VALIDATION_EXPOSED,LISTING_AFTER_30_DAYS,ORDINARY_WEEKDAY_OVERNIGHT,READY,,0
CRCLUSDT-O-20260604T200000Z,CRCLUSDT,CRYPTO_SENSITIVE_EQUITY,O,,,,O:2026-06-04T20:00:00Z:2026-06-05T06:00:00Z,2026-06-04T20:00:00Z,2026-06-05T06:00:00Z,2026-06-04T20:00:00+00:00,2026-06-04T22:59:59.999000+00:00,2026-06-04T23:00:00+00:00,2026-06-05T05:59:59.999000+00:00,165360,165960,600,180,420,7.0,600.0,2026-06,RESEARCH_VALIDATION_EXPOSED,LISTING_AFTER_30_DAYS,ORDINARY_WEEKDAY_OVERNIGHT,READY,,0
CRCLUSDT-O-20260608T200000Z,CRCLUSDT,CRYPTO_SENSITIVE_EQUITY,O,,,,O:2026-06-08T20:00:00Z:2026-06-09T06:00:00Z,2026-06-08T20:00:00Z,2026-06-09T06:00:00Z,2026-06-08T20:00:00+00:00,2026-06-08T22:59:59.999000+00:00,2026-06-08T23:00:00+00:00,2026-06-09T05:59:59.999000+00:00,171120,171720,600,180,420,7.0,600.0,2026-06,RESEARCH_VALIDATION_EXPOSED,LISTING_AFTER_30_DAYS,ORDINARY_WEEKDAY_OVERNIGHT,READY,,0
CRCLUSDT-O-20260609T200000Z,CRCLUSDT,CRYPTO_SENSITIVE_EQUITY,O,,,,O:2026-06-09T20:00:00Z:2026-06-10T06:00:00Z,2026-06-09T20:00:00Z,2026-06-10T06:00:00Z,2026-06-09T20:00:00+00:00,2026-06-09T22:59:59.999000+00:00,2026-06-09T23:00:00+00:00,2026-06-10T05:59:59.999000+00:00,172560,173160,600,180,420,7.0,600.0,2026-06,RESEARCH_VALIDATION_EXPOSED,LISTING_AFTER_30_DAYS,ORDINARY_WEEKDAY_OVERNIGHT,READY,,0
CRCLUSDT-O-20260610T200000Z,CRCLUSDT,CRYPTO_SENSITIVE_EQUITY,O,,,,O:2026-06-10T20:00:00Z:2026-06-11T06:00:00Z,2026-06-10T20:00:00Z,2026-06-11T06:00:00Z,2026-06-10T20:00:00+00:00,2026-06-10T22:59:59.999000+00:00,2026-06-10T23:00:00+00:00,2026-06-11T05:59:59.999000+00:00,174000,174600,600,180,420,7.0,600.0,2026-06,RESEARCH_VALIDATION_EXPOSED,LISTING_AFTER_30_DAYS,ORDINARY_WEEKDAY_OVERNIGHT,READY,,0
CRCLUSDT-O-20260611T200000Z,CRCLUSDT,CRYPTO_SENSITIVE_EQUITY,O,,,,O:2026-06-11T20:00:00Z:2026-06-12T06:00:00Z,2026-06-11T20:00:00Z,2026-06-12T06:00:00Z,2026-06-11T20:00:00+00:00,2026-06-11T22:59:59.999000+00:00,2026-06-11T23:00:00+00:00,2026-06-12T05:59:59.999000+00:00,175440,176040,600,180,420,7.0,600.0,2026-06,RESEARCH_VALIDATION_EXPOSED,LISTING_AFTER_30_DAYS,ORDINARY_WEEKDAY_OVERNIGHT,READY,,0
CRCLUSDT-O-20260615T200000Z,CRCLUSDT,CRYPTO_SENSITIVE_EQUITY,O,,,,O:2026-06-15T20:00:00Z:2026-06-16T06:00:00Z,2026-06-15T20:00:00Z,2026-06-16T06:00:00Z,2026-06-15T20:00:00+00:00,2026-06-15T22:59:59.999000+00:00,2026-06-15T23:00:00+00:00,2026-06-16T05:59:59.999000+00:00,181200,181800,600,180,420,7.0,600.0,2026-06,RESEARCH_VALIDATION_EXPOSED,LISTING_AFTER_30_DAYS,ORDINARY_WEEKDAY_OVERNIGHT,READY,,0
CRCLUSDT-O-20260616T200000Z,CRCLUSDT,CRYPTO_SENSITIVE_EQUITY,O,,,,O:2026-06-16T20:00:00Z:2026-06-17T06:00:00Z,2026-06-16T20:00:00Z,2026-06-17T06:00:00Z,2026-06-16T20:00:00+00:00,2026-06-16T22:59:59.999000+00:00,2026-06-16T23:00:00+00:00,2026-06-17T05:59:59.999000+00:00,182640,183240,600,180,420,7.0,600.0,2026-06,RESEARCH_VALIDATION_EXPOSED,LISTING_AFTER_30_DAYS,ORDINARY_WEEKDAY_OVERNIGHT,READY,,0
CRCLUSDT-O-20260617T200000Z,CRCLUSDT,CRYPTO_SENSITIVE_EQUITY,O,,,,O:2026-06-17T20:00:00Z:2026-06-18T06:00:00Z,2026-06-17T20:00:00Z,2026-06-18T06:00:00Z,2026-06-17T20:00:00+00:00,2026-06-17T22:59:59.999000+00:00,2026-06-17T23:00:00+00:00,2026-06-18T05:59:59.999000+00:00,184080,184680,600,180,420,7.0,600.0,2026-06,RESEARCH_VALIDATION_EXPOSED,LISTING_AFTER_30_DAYS,ORDINARY_WEEKDAY_OVERNIGHT,READY,,0
CRCLUSDT-O-20260622T200000Z,CRCLUSDT,CRYPTO_SENSITIVE_EQUITY,O,,,,O:2026-06-22T20:00:00Z:2026-06-23T06:00:00Z,2026-06-22T20:00:00Z,2026-06-23T06:00:00Z,2026-06-22T20:00:00+00:00,2026-06-22T22:59:59.999000+00:00,2026-06-22T23:00:00+00:00,2026-06-23T05:59:59.999000+00:00,191280,191880,600,180,420,7.0,600.0,2026-06,RESEARCH_VALIDATION_EXPOSED,LISTING_AFTER_30_DAYS,ORDINARY_WEEKDAY_OVERNIGHT,READY,,0
CRCLUSDT-O-20260623T200000Z,CRCLUSDT,CRYPTO_SENSITIVE_EQUITY,O,,,,O:2026-06-23T20:00:00Z:2026-06-24T06:00:00Z,2026-06-23T20:00:00Z,2026-06-24T06:00:00Z,2026-06-23T20:00:00+00:00,2026-06-23T22:59:59.999000+00:00,2026-06-23T23:00:00+00:00,2026-06-24T05:59:59.999000+00:00,192720,193320,600,180,420,7.0,600.0,2026-06,RESEARCH_VALIDATION_EXPOSED,LISTING_AFTER_30_DAYS,ORDINARY_WEEKDAY_OVERNIGHT,READY,,0
CRCLUSDT-O-20260624T200000Z,CRCLUSDT,CRYPTO_SENSITIVE_EQUITY,O,,,,O:2026-06-24T20:00:00Z:2026-06-25T06:00:00Z,2026-06-24T20:00:00Z,2026-06-25T06:00:00Z,2026-06-24T20:00:00+00:00,2026-06-24T22:59:59.999000+00:00,2026-06-24T23:00:00+00:00,2026-06-25T05:59:59.999000+00:00,194160,194760,600,180,420,7.0,600.0,2026-06,RESEARCH_VALIDATION_EXPOSED,LISTING_AFTER_30_DAYS,ORDINARY_WEEKDAY_OVERNIGHT,READY,,0
CRCLUSDT-O-20260625T200000Z,CRCLUSDT,CRYPTO_SENSITIVE_EQUITY,O,,,,O:2026-06-25T20:00:00Z:2026-06-26T06:00:00Z,2026-06-25T20:00:00Z,2026-06-26T06:00:00Z,2026-06-25T20:00:00+00:00,2026-06-25T22:59:59.999000+00:00,2026-06-25T23:00:00+00:00,2026-06-26T05:59:59.999000+00:00,195600,196200,600,180,420,7.0,600.0,2026-06,RESEARCH_VALIDATION_EXPOSED,LISTING_AFTER_30_DAYS,ORDINARY_WEEKDAY_OVERNIGHT,READY,,0
CRCLUSDT-O-20260629T200000Z,CRCLUSDT,CRYPTO_SENSITIVE_EQUITY,O,,,,O:2026-06-29T20:00:00Z:2026-06-30T06:00:00Z,2026-06-29T20:00:00Z,2026-06-30T06:00:00Z,2026-06-29T20:00:00+00:00,2026-06-29T22:59:59.999000+00:00,2026-06-29T23:00:00+00:00,2026-06-30T05:59:59.999000+00:00,201360,201960,600,180,420,7.0,600.0,2026-06,RESEARCH_VALIDATION_EXPOSED,LISTING_AFTER_30_DAYS,ORDINARY_WEEKDAY_OVERNIGHT,READY,,0
CRCLUSDT-O-20260630T200000Z,CRCLUSDT,CRYPTO_SENSITIVE_EQUITY,O,,,,O:2026-06-30T20:00:00Z:2026-07-01T06:00:00Z,2026-06-30T20:00:00Z,2026-07-01T06:00:00Z,2026-06-30T20:00:00+00:00,2026-06-30T22:59:59.999000+00:00,2026-06-30T23:00:00+00:00,2026-07-01T05:59:59.999000+00:00,202800,203400,600,180,420,7.0,600.0,2026-06,RESEARCH_VALIDATION_EXPOSED,LISTING_AFTER_30_DAYS,ORDINARY_WEEKDAY_OVERNIGHT,READY,,0
CRCLUSDT-O-20260701T200000Z,CRCLUSDT,CRYPTO_SENSITIVE_EQUITY,O,,,,O:2026-07-01T20:00:00Z:2026-07-02T06:00:00Z,2026-07-01T20:00:00Z,2026-07-02T06:00:00Z,2026-07-01T20:00:00+00:00,2026-07-01T22:59:59.999000+00:00,2026-07-01T23:00:00+00:00,2026-07-02T05:59:59.999000+00:00,204240,204840,600,180,420,7.0,600.0,2026-07,DESCRIPTIVE_EXPOSED,LISTING_AFTER_30_DAYS,ORDINARY_WEEKDAY_OVERNIGHT,READY,,0
CRCLUSDT-O-20260706T200000Z,CRCLUSDT,CRYPTO_SENSITIVE_EQUITY,O,,,,O:2026-07-06T20:00:00Z:2026-07-07T06:00:00Z,2026-07-06T20:00:00Z,2026-07-07T06:00:00Z,2026-07-06T20:00:00+00:00,2026-07-06T22:59:59.999000+00:00,2026-07-06T23:00:00+00:00,2026-07-07T05:59:59.999000+00:00,211440,212040,600,180,420,7.0,600.0,2026-07,DESCRIPTIVE_EXPOSED,LISTING_AFTER_30_DAYS,ORDINARY_WEEKDAY_OVERNIGHT,READY,,0
CRCLUSDT-O-20260707T200000Z,CRCLUSDT,CRYPTO_SENSITIVE_EQUITY,O,,,,O:2026-07-07T20:00:00Z:2026-07-08T06:00:00Z,2026-07-07T20:00:00Z,2026-07-08T06:00:00Z,2026-07-07T20:00:00+00:00,2026-07-07T22:59:59.999000+00:00,2026-07-07T23:00:00+00:00,2026-07-08T05:59:59.999000+00:00,212880,213480,600,180,420,7.0,600.0,2026-07,DESCRIPTIVE_EXPOSED,LISTING_AFTER_30_DAYS,ORDINARY_WEEKDAY_OVERNIGHT,READY,,0
CRCLUSDT-O-20260708T200000Z,CRCLUSDT,CRYPTO_SENSITIVE_EQUITY,O,,,,O:2026-07-08T20:00:00Z:2026-07-09T06:00:00Z,2026-07-08T20:00:00Z,2026-07-09T06:00:00Z,2026-07-08T20:00:00+00:00,2026-07-08T22:59:59.999000+00:00,2026-07-08T23:00:00+00:00,2026-07-09T05:59:59.999000+00:00,214320,214920,600,180,420,7.0,600.0,2026-07,DESCRIPTIVE_EXPOSED,LISTING_AFTER_30_DAYS,ORDINARY_WEEKDAY_OVERNIGHT,READY,,0
CRCLUSDT-O-20260709T200000Z,CRCLUSDT,CRYPTO_SENSITIVE_EQUITY,O,,,,O:2026-07-09T20:00:00Z:2026-07-10T06:00:00Z,2026-07-09T20:00:00Z,2026-07-10T06:00:00Z,2026-07-09T20:00:00+00:00,2026-07-09T22:59:59.999000+00:00,2026-07-09T23:00:00+00:00,2026-07-10T05:59:59.999000+00:00,215760,216360,600,180,420,7.0,600.0,2026-07,DESCRIPTIVE_EXPOSED,LISTING_AFTER_30_DAYS,ORDINARY_WEEKDAY_OVERNIGHT,READY,,0
CRCLUSDT-O-20260713T200000Z,CRCLUSDT,CRYPTO_SENSITIVE_EQUITY,O,,,,O:2026-07-13T20:00:00Z:2026-07-14T06:00:00Z,2026-07-13T20:00:00Z,2026-07-14T06:00:00Z,2026-07-13T20:00:00+00:00,2026-07-13T22:59:59.999000+00:00,2026-07-13T23:00:00+00:00,2026-07-14T05:59:59.999000+00:00,221520,222120,600,180,420,7.0,600.0,2026-07,DESCRIPTIVE_EXPOSED,LISTING_AFTER_30_DAYS,ORDINARY_WEEKDAY_OVERNIGHT,READY,,0
CRCLUSDT-O-20260714T200000Z,CRCLUSDT,CRYPTO_SENSITIVE_EQUITY,O,,,,O:2026-07-14T20:00:00Z:2026-07-15T06:00:00Z,2026-07-14T20:00:00Z,2026-07-15T06:00:00Z,2026-07-14T20:00:00+00:00,2026-07-14T22:59:59.999000+00:00,2026-07-14T23:00:00+00:00,2026-07-15T05:59:59.999000+00:00,222960,223560,600,180,420,7.0,600.0,2026-07,DESCRIPTIVE_EXPOSED,LISTING_AFTER_30_DAYS,ORDINARY_WEEKDAY_OVERNIGHT,READY,,0
CRCLUSDT-O-20260715T200000Z,CRCLUSDT,CRYPTO_SENSITIVE_EQUITY,O,,,,O:2026-07-15T20:00:00Z:2026-07-16T06:00:00Z,2026-07-15T20:00:00Z,2026-07-16T06:00:00Z,2026-07-15T20:00:00+00:00,2026-07-15T22:59:59.999000+00:00,2026-07-15T23:00:00+00:00,2026-07-16T05:59:59.999000+00:00,224400,225000,600,180,420,7.0,600.0,2026-07,DESCRIPTIVE_EXPOSED,LISTING_AFTER_30_DAYS,ORDINARY_WEEKDAY_OVERNIGHT,READY,,0
CRCLUSDT-O-20260716T200000Z,CRCLUSDT,CRYPTO_SENSITIVE_EQUITY,O,,,,O:2026-07-16T20:00:00Z:2026-07-17T06:00:00Z,2026-07-16T20:00:00Z,2026-07-17T06:00:00Z,2026-07-16T20:00:00+00:00,2026-07-16T22:59:59.999000+00:00,2026-07-16T23:00:00+00:00,2026-07-17T05:59:59.999000+00:00,225840,226440,600,180,420,7.0,600.0,2026-07,DESCRIPTIVE_EXPOSED,LISTING_AFTER_30_DAYS,ORDINARY_WEEKDAY_OVERNIGHT,READY,,0
CRCLUSDT-O-20260720T200000Z,CRCLUSDT,CRYPTO_SENSITIVE_EQUITY,O,,,,O:2026-07-20T20:00:00Z:2026-07-21T06:00:00Z,2026-07-20T20:00:00Z,2026-07-21T06:00:00Z,2026-07-20T20:00:00+00:00,2026-07-20T22:59:59.999000+00:00,2026-07-20T23:00:00+00:00,2026-07-21T05:59:59.999000+00:00,231600,232200,600,180,420,7.0,600.0,2026-07,DESCRIPTIVE_EXPOSED,LISTING_AFTER_30_DAYS,ORDINARY_WEEKDAY_OVERNIGHT,READY,,0
CRCLUSDT-O-20260721T200000Z,CRCLUSDT,CRYPTO_SENSITIVE_EQUITY,O,,,,O:2026-07-21T20:00:00Z:2026-07-22T06:00:00Z,2026-07-21T20:00:00Z,2026-07-22T06:00:00Z,2026-07-21T20:00:00+00:00,2026-07-21T22:59:59.999000+00:00,2026-07-21T23:00:00+00:00,2026-07-22T05:59:59.999000+00:00,233040,233640,600,180,420,7.0,600.0,2026-07,DESCRIPTIVE_EXPOSED,LISTING_AFTER_30_DAYS,ORDINARY_WEEKDAY_OVERNIGHT,READY,,0
CRCLUSDT-O-20260722T200000Z,CRCLUSDT,CRYPTO_SENSITIVE_EQUITY,O,,,,O:2026-07-22T20:00:00Z:2026-07-23T06:00:00Z,2026-07-22T20:00:00Z,2026-07-23T06:00:00Z,2026-07-22T20:00:00+00:00,2026-07-22T22:59:59.999000+00:00,2026-07-22T23:00:00+00:00,2026-07-23T05:59:59.999000+00:00,234480,235080,600,180,420,7.0,600.0,2026-07,DESCRIPTIVE_EXPOSED,LISTING_AFTER_30_DAYS,ORDINARY_WEEKDAY_OVERNIGHT,READY,,0
CRCLUSDT-O-20260723T200000Z,CRCLUSDT,CRYPTO_SENSITIVE_EQUITY,O,,,,O:2026-07-23T20:00:00Z:2026-07-24T06:00:00Z,2026-07-23T20:00:00Z,2026-07-24T06:00:00Z,2026-07-23T20:00:00+00:00,2026-07-23T22:59:59.999000+00:00,2026-07-23T23:00:00+00:00,2026-07-23T23:59:59.999000+00:00,235920,236160,240,180,60,1.0,600.0,2026-07,DESCRIPTIVE_EXPOSED,LISTING_AFTER_30_DAYS,ORDINARY_WEEKDAY_OVERNIGHT,READY,,0
CRCLUSDT-O-20260126T210000Z,CRCLUSDT,CRYPTO_SENSITIVE_EQUITY,O,,,,O:2026-01-26T21:00:00Z:2026-01-27T07:00:00Z,2026-01-26T21:00:00Z,2026-01-27T07:00:00Z,2026-01-26T21:00:00+00:00,2026-01-26T21:00:00+00:00,,,0,0,0,0,0,0.0,600.0,2026-01,DESCRIPTIVE_EXPOSED,LISTING_DAYS_1_14,ORDINARY_WEEKDAY_OVERNIGHT,SKIPPED,INSUFFICIENT_TRADABLE_ROWS,0
CRCLUSDT-O-20260127T210000Z,CRCLUSDT,CRYPTO_SENSITIVE_EQUITY,O,,,,O:2026-01-27T21:00:00Z:2026-01-28T07:00:00Z,2026-01-27T21:00:00Z,2026-01-28T07:00:00Z,2026-01-27T21:00:00+00:00,2026-01-27T21:00:00+00:00,,,0,0,0,0,0,0.0,600.0,2026-01,DESCRIPTIVE_EXPOSED,LISTING_DAYS_1_14,ORDINARY_WEEKDAY_OVERNIGHT,SKIPPED,INSUFFICIENT_TRADABLE_ROWS,0
CRCLUSDT-O-20260128T210000Z,CRCLUSDT,CRYPTO_SENSITIVE_EQUITY,O,,,,O:2026-01-28T21:00:00Z:2026-01-29T07:00:00Z,2026-01-28T21:00:00Z,2026-01-29T07:00:00Z,2026-01-28T21:00:00+00:00,2026-01-28T21:00:00+00:00,,,0,0,0,0,0,0.0,600.0,2026-01,DESCRIPTIVE_EXPOSED,LISTING_DAYS_1_14,ORDINARY_WEEKDAY_OVERNIGHT,SKIPPED,INSUFFICIENT_TRADABLE_ROWS,0
CRCLUSDT-O-20260129T210000Z,CRCLUSDT,CRYPTO_SENSITIVE_EQUITY,O,,,,O:2026-01-29T21:00:00Z:2026-01-30T07:00:00Z,2026-01-29T21:00:00Z,2026-01-30T07:00:00Z,2026-01-29T21:00:00+00:00,2026-01-29T21:00:00+00:00,,,0,0,0,0,0,0.0,600.0,2026-01,DESCRIPTIVE_EXPOSED,LISTING_DAYS_1_14,ORDINARY_WEEKDAY_OVERNIGHT,SKIPPED,INSUFFICIENT_TRADABLE_ROWS,0
CRCLUSDT-O-20260202T210000Z,CRCLUSDT,CRYPTO_SENSITIVE_EQUITY,O,,,,O:2026-02-02T21:00:00Z:2026-02-03T07:00:00Z,2026-02-02T21:00:00Z,2026-02-03T07:00:00Z,2026-02-02T21:00:00+00:00,2026-02-02T21:00:00+00:00,,,0,0,0,0,0,0.0,600.0,2026-02,DESCRIPTIVE_EXPOSED,LISTING_DAYS_1_14,ORDINARY_WEEKDAY_OVERNIGHT,SKIPPED,INSUFFICIENT_TRADABLE_ROWS,0
CRCLUSDT-O-20260203T210000Z,CRCLUSDT,CRYPTO_SENSITIVE_EQUITY,O,,,,O:2026-02-03T21:00:00Z:2026-02-04T07:00:00Z,2026-02-03T21:00:00Z,2026-02-04T07:00:00Z,2026-02-03T21:00:00+00:00,2026-02-03T21:00:00+00:00,,,0,0,0,0,0,0.0,600.0,2026-02,DESCRIPTIVE_EXPOSED,LISTING_DAYS_1_14,ORDINARY_WEEKDAY_OVERNIGHT,SKIPPED,INSUFFICIENT_TRADABLE_ROWS,0
CRCLUSDT-O-20260204T210000Z,CRCLUSDT,CRYPTO_SENSITIVE_EQUITY,O,,,,O:2026-02-04T21:00:00Z:2026-02-05T07:00:00Z,2026-02-04T21:00:00Z,2026-02-05T07:00:00Z,2026-02-04T21:00:00+00:00,2026-02-04T21:00:00+00:00,,,0,0,0,0,0,0.0,600.0,2026-02,DESCRIPTIVE_EXPOSED,LISTING_DAYS_1_14,ORDINARY_WEEKDAY_OVERNIGHT,SKIPPED,INSUFFICIENT_TRADABLE_ROWS,0
CRCLUSDT-O-20260205T210000Z,CRCLUSDT,CRYPTO_SENSITIVE_EQUITY,O,,,,O:2026-02-05T21:00:00Z:2026-02-06T07:00:00Z,2026-02-05T21:00:00Z,2026-02-06T07:00:00Z,2026-02-05T21:00:00+00:00,2026-02-05T21:00:00+00:00,,,0,0,0,0,0,0.0,600.0,2026-02,DESCRIPTIVE_EXPOSED,LISTING_DAYS_1_14,ORDINARY_WEEKDAY_OVERNIGHT,SKIPPED,INSUFFICIENT_TRADABLE_ROWS,0
CRCLUSDT-O-20260727T200000Z,CRCLUSDT,CRYPTO_SENSITIVE_EQUITY,O,,,,O:2026-07-27T20:00:00Z:2026-07-28T06:00:00Z,2026-07-27T20:00:00Z,2026-07-28T06:00:00Z,2026-07-27T20:00:00+00:00,2026-07-27T20:00:00+00:00,,,236160,236160,0,0,0,0.0,600.0,2026-07,FORWARD_OOS_FUTURE,LISTING_AFTER_30_DAYS,ORDINARY_WEEKDAY_OVERNIGHT,SKIPPED,INSUFFICIENT_TRADABLE_ROWS,0
CRCLUSDT-O-20260728T200000Z,CRCLUSDT,CRYPTO_SENSITIVE_EQUITY,O,,,,O:2026-07-28T20:00:00Z:2026-07-29T06:00:00Z,2026-07-28T20:00:00Z,2026-07-29T06:00:00Z,2026-07-28T20:00:00+00:00,2026-07-28T20:00:00+00:00,,,236160,236160,0,0,0,0.0,600.0,2026-07,FORWARD_OOS_FUTURE,LISTING_AFTER_30_DAYS,ORDINARY_WEEKDAY_OVERNIGHT,SKIPPED,INSUFFICIENT_TRADABLE_ROWS,0
CRCLUSDT-O-20260729T200000Z,CRCLUSDT,CRYPTO_SENSITIVE_EQUITY,O,,,,O:2026-07-29T20:00:00Z:2026-07-30T06:00:00Z,2026-07-29T20:00:00Z,2026-07-30T06:00:00Z,2026-07-29T20:00:00+00:00,2026-07-29T20:00:00+00:00,,,236160,236160,0,0,0,0.0,600.0,2026-07,FORWARD_OOS_FUTURE,LISTING_AFTER_30_DAYS,ORDINARY_WEEKDAY_OVERNIGHT,SKIPPED,INSUFFICIENT_TRADABLE_ROWS,0
CRCLUSDT-O-20260730T200000Z,CRCLUSDT,CRYPTO_SENSITIVE_EQUITY,O,,,,O:2026-07-30T20:00:00Z:2026-07-31T06:00:00Z,2026-07-30T20:00:00Z,2026-07-31T06:00:00Z,2026-07-30T20:00:00+00:00,2026-07-30T20:00:00+00:00,,,236160,236160,0,0,0,0.0,600.0,2026-07,FORWARD_OOS_FUTURE,LISTING_AFTER_30_DAYS,ORDINARY_WEEKDAY_OVERNIGHT,SKIPPED,INSUFFICIENT_TRADABLE_ROWS,0
CRCLUSDT-O-20260803T200000Z,CRCLUSDT,CRYPTO_SENSITIVE_EQUITY,O,,,,O:2026-08-03T20:00:00Z:2026-08-04T06:00:00Z,2026-08-03T20:00:00Z,2026-08-04T06:00:00Z,2026-08-03T20:00:00+00:00,2026-08-03T20:00:00+00:00,,,236160,236160,0,0,0,0.0,600.0,2026-08,FORWARD_OOS_FUTURE,LISTING_AFTER_30_DAYS,ORDINARY_WEEKDAY_OVERNIGHT,SKIPPED,INSUFFICIENT_TRADABLE_ROWS,0
CRCLUSDT-O-20260804T200000Z,CRCLUSDT,CRYPTO_SENSITIVE_EQUITY,O,,,,O:2026-08-04T20:00:00Z:2026-08-05T06:00:00Z,2026-08-04T20:00:00Z,2026-08-05T06:00:00Z,2026-08-04T20:00:00+00:00,2026-08-04T20:00:00+00:00,,,236160,236160,0,0,0,0.0,600.0,2026-08,FORWARD_OOS_FUTURE,LISTING_AFTER_30_DAYS,ORDINARY_WEEKDAY_OVERNIGHT,SKIPPED,INSUFFICIENT_TRADABLE_ROWS,0
CRCLUSDT-O-20260805T200000Z,CRCLUSDT,CRYPTO_SENSITIVE_EQUITY,O,,,,O:2026-08-05T20:00:00Z:2026-08-06T06:00:00Z,2026-08-05T20:00:00Z,2026-08-06T06:00:00Z,2026-08-05T20:00:00+00:00,2026-08-05T20:00:00+00:00,,,236160,236160,0,0,0,0.0,600.0,2026-08,FORWARD_OOS_FUTURE,LISTING_AFTER_30_DAYS,ORDINARY_WEEKDAY_OVERNIGHT,SKIPPED,INSUFFICIENT_TRADABLE_ROWS,0
HOODUSDT-O-20260202T210000Z,HOODUSDT,CRYPTO_SENSITIVE_EQUITY,O,,,,O:2026-02-02T21:00:00Z:2026-02-03T07:00:00Z,2026-02-02T21:00:00Z,2026-02-03T07:00:00Z,2026-02-02T21:00:00+00:00,2026-02-03T02:59:59.999000+00:00,2026-02-03T03:00:00+00:00,2026-02-03T06:59:59.999000+00:00,0,420,420,180,240,4.0,600.0,2026-02,DESCRIPTIVE_EXPOSED,LISTING_DAYS_1_14,ORDINARY_WEEKDAY_OVERNIGHT,READY,,0
HOODUSDT-O-20260203T210000Z,HOODUSDT,CRYPTO_SENSITIVE_EQUITY,O,,,,O:2026-02-03T21:00:00Z:2026-02-04T07:00:00Z,2026-02-03T21:00:00Z,2026-02-04T07:00:00Z,2026-02-03T21:00:00+00:00,2026-02-03T23:59:59.999000+00:00,2026-02-04T00:00:00+00:00,2026-02-04T06:59:59.999000+00:00,1260,1860,600,180,420,7.0,600.0,2026-02,DESCRIPTIVE_EXPOSED,LISTING_DAYS_1_14,ORDINARY_WEEKDAY_OVERNIGHT,READY,,0
HOODUSDT-O-20260204T210000Z,HOODUSDT,CRYPTO_SENSITIVE_EQUITY,O,,,,O:2026-02-04T21:00:00Z:2026-02-05T07:00:00Z,2026-02-04T21:00:00Z,2026-02-05T07:00:00Z,2026-02-04T21:00:00+00:00,2026-02-04T23:59:59.999000+00:00,2026-02-05T00:00:00+00:00,2026-02-05T06:59:59.999000+00:00,2700,3300,600,180,420,7.0,600.0,2026-02,DESCRIPTIVE_EXPOSED,LISTING_DAYS_1_14,ORDINARY_WEEKDAY_OVERNIGHT,READY,,0
HOODUSDT-O-20260205T210000Z,HOODUSDT,CRYPTO_SENSITIVE_EQUITY,O,,,,O:2026-02-05T21:00:00Z:2026-02-06T07:00:00Z,2026-02-05T21:00:00Z,2026-02-06T07:00:00Z,2026-02-05T21:00:00+00:00,2026-02-05T23:59:59.999000+00:00,2026-02-06T00:00:00+00:00,2026-02-06T06:59:59.999000+00:00,4140,4740,600,180,420,7.0,600.0,2026-02,DESCRIPTIVE_EXPOSED,LISTING_DAYS_1_14,ORDINARY_WEEKDAY_OVERNIGHT,READY,,0
HOODUSDT-O-20260209T210000Z,HOODUSDT,CRYPTO_SENSITIVE_EQUITY,O,,,,O:2026-02-09T21:00:00Z:2026-02-10T07:00:00Z,2026-02-09T21:00:00Z,2026-02-10T07:00:00Z,2026-02-09T21:00:00+00:00,2026-02-09T23:59:59.999000+00:00,2026-02-10T00:00:00+00:00,2026-02-10T06:59:59.999000+00:00,9900,10500,600,180,420,7.0,600.0,2026-02,DESCRIPTIVE_EXPOSED,LISTING_DAYS_1_14,ORDINARY_WEEKDAY_OVERNIGHT,READY,,0
HOODUSDT-O-20260210T210000Z,HOODUSDT,CRYPTO_SENSITIVE_EQUITY,O,,,,O:2026-02-10T21:00:00Z:2026-02-11T07:00:00Z,2026-02-10T21:00:00Z,2026-02-11T07:00:00Z,2026-02-10T21:00:00+00:00,2026-02-10T23:59:59.999000+00:00,2026-02-11T00:00:00+00:00,2026-02-11T06:59:59.999000+00:00,11340,11940,600,180,420,7.0,600.0,2026-02,DESCRIPTIVE_EXPOSED,LISTING_DAYS_1_14,ORDINARY_WEEKDAY_OVERNIGHT,READY,,0
HOODUSDT-O-20260211T210000Z,HOODUSDT,CRYPTO_SENSITIVE_EQUITY,O,,,,O:2026-02-11T21:00:00Z:2026-02-12T07:00:00Z,2026-02-11T21:00:00Z,2026-02-12T07:00:00Z,2026-02-11T21:00:00+00:00,2026-02-11T23:59:59.999000+00:00,2026-02-12T00:00:00+00:00,2026-02-12T06:59:59.999000+00:00,12780,13380,600,180,420,7.0,600.0,2026-02,DESCRIPTIVE_EXPOSED,LISTING_DAYS_1_14,ORDINARY_WEEKDAY_OVERNIGHT,READY,,0
HOODUSDT-O-20260212T210000Z,HOODUSDT,CRYPTO_SENSITIVE_EQUITY,O,,,,O:2026-02-12T21:00:00Z:2026-02-13T07:00:00Z,2026-02-12T21:00:00Z,2026-02-13T07:00:00Z,2026-02-12T21:00:00+00:00,2026-02-12T23:59:59.999000+00:00,2026-02-13T00:00:00+00:00,2026-02-13T06:59:59.999000+00:00,14220,14820,600,180,420,7.0,600.0,2026-02,DESCRIPTIVE_EXPOSED,LISTING_DAYS_1_14,ORDINARY_WEEKDAY_OVERNIGHT,READY,,0
HOODUSDT-O-20260217T210000Z,HOODUSDT,CRYPTO_SENSITIVE_EQUITY,O,,,,O:2026-02-17T21:00:00Z:2026-02-18T07:00:00Z,2026-02-17T21:00:00Z,2026-02-18T07:00:00Z,2026-02-17T21:00:00+00:00,2026-02-17T23:59:59.999000+00:00,2026-02-18T00:00:00+00:00,2026-02-18T06:59:59.999000+00:00,21420,22020,600,180,420,7.0,600.0,2026-02,DESCRIPTIVE_EXPOSED,LISTING_DAYS_15_30,ORDINARY_WEEKDAY_OVERNIGHT,READY,,0
HOODUSDT-O-20260218T210000Z,HOODUSDT,CRYPTO_SENSITIVE_EQUITY,O,,,,O:2026-02-18T21:00:00Z:2026-02-19T07:00:00Z,2026-02-18T21:00:00Z,2026-02-19T07:00:00Z,2026-02-18T21:00:00+00:00,2026-02-18T23:59:59.999000+00:00,2026-02-19T00:00:00+00:00,2026-02-19T06:59:59.999000+00:00,22860,23460,600,180,420,7.0,600.0,2026-02,DESCRIPTIVE_EXPOSED,LISTING_DAYS_15_30,ORDINARY_WEEKDAY_OVERNIGHT,READY,,0
HOODUSDT-O-20260219T210000Z,HOODUSDT,CRYPTO_SENSITIVE_EQUITY,O,,,,O:2026-02-19T21:00:00Z:2026-02-20T07:00:00Z,2026-02-19T21:00:00Z,2026-02-20T07:00:00Z,2026-02-19T21:00:00+00:00,2026-02-19T23:59:59.999000+00:00,2026-02-20T00:00:00+00:00,2026-02-20T06:59:59.999000+00:00,24300,24900,600,180,420,7.0,600.0,2026-02,DESCRIPTIVE_EXPOSED,LISTING_DAYS_15_30,ORDINARY_WEEKDAY_OVERNIGHT,READY,,0
HOODUSDT-O-20260223T210000Z,HOODUSDT,CRYPTO_SENSITIVE_EQUITY,O,,,,O:2026-02-23T21:00:00Z:2026-02-24T07:00:00Z,2026-02-23T21:00:00Z,2026-02-24T07:00:00Z,2026-02-23T21:00:00+00:00,2026-02-23T23:59:59.999000+00:00,2026-02-24T00:00:00+00:00,2026-02-24T06:59:59.999000+00:00,30060,30660,600,180,420,7.0,600.0,2026-02,DESCRIPTIVE_EXPOSED,LISTING_DAYS_15_30,ORDINARY_WEEKDAY_OVERNIGHT,READY,,0
HOODUSDT-O-20260224T210000Z,HOODUSDT,CRYPTO_SENSITIVE_EQUITY,O,,,,O:2026-02-24T21:00:00Z:2026-02-25T07:00:00Z,2026-02-24T21:00:00Z,2026-02-25T07:00:00Z,2026-02-24T21:00:00+00:00,2026-02-24T23:59:59.999000+00:00,2026-02-25T00:00:00+00:00,2026-02-25T06:59:59.999000+00:00,31500,32100,600,180,420,7.0,600.0,2026-02,DESCRIPTIVE_EXPOSED,LISTING_DAYS_15_30,ORDINARY_WEEKDAY_OVERNIGHT,READY,,0
HOODUSDT-O-20260225T210000Z,HOODUSDT,CRYPTO_SENSITIVE_EQUITY,O,,,,O:2026-02-25T21:00:00Z:2026-02-26T07:00:00Z,2026-02-25T21:00:00Z,2026-02-26T07:00:00Z,2026-02-25T21:00:00+00:00,2026-02-25T23:59:59.999000+00:00,2026-02-26T00:00:00+00:00,2026-02-26T06:59:59.999000+00:00,32940,33540,600,180,420,7.0,600.0,2026-02,DESCRIPTIVE_EXPOSED,LISTING_DAYS_15_30,ORDINARY_WEEKDAY_OVERNIGHT,READY,,0
HOODUSDT-O-20260226T210000Z,HOODUSDT,CRYPTO_SENSITIVE_EQUITY,O,,,,O:2026-02-26T21:00:00Z:2026-02-27T07:00:00Z,2026-02-26T21:00:00Z,2026-02-27T07:00:00Z,2026-02-26T21:00:00+00:00,2026-02-26T23:59:59.999000+00:00,2026-02-27T00:00:00+00:00,2026-02-27T06:59:59.999000+00:00,34380,34980,600,180,420,7.0,600.0,2026-02,DESCRIPTIVE_EXPOSED,LISTING_DAYS_15_30,ORDINARY_WEEKDAY_OVERNIGHT,READY,,0
HOODUSDT-O-20260302T210000Z,HOODUSDT,CRYPTO_SENSITIVE_EQUITY,O,,,,O:2026-03-02T21:00:00Z:2026-03-03T07:00:00Z,2026-03-02T21:00:00Z,2026-03-03T07:00:00Z,2026-03-02T21:00:00+00:00,2026-03-02T23:59:59.999000+00:00,2026-03-03T00:00:00+00:00,2026-03-03T06:59:59.999000+00:00,40140,40740,600,180,420,7.0,600.0,2026-03,RESEARCH_DEVELOPMENT,LISTING_DAYS_15_30,ORDINARY_WEEKDAY_OVERNIGHT,READY,,0
HOODUSDT-O-20260303T210000Z,HOODUSDT,CRYPTO_SENSITIVE_EQUITY,O,,,,O:2026-03-03T21:00:00Z:2026-03-04T07:00:00Z,2026-03-03T21:00:00Z,2026-03-04T07:00:00Z,2026-03-03T21:00:00+00:00,2026-03-03T23:59:59.999000+00:00,2026-03-04T00:00:00+00:00,2026-03-04T06:59:59.999000+00:00,41580,42180,600,180,420,7.0,600.0,2026-03,RESEARCH_DEVELOPMENT,LISTING_DAYS_15_30,ORDINARY_WEEKDAY_OVERNIGHT,READY,,0
HOODUSDT-O-20260304T210000Z,HOODUSDT,CRYPTO_SENSITIVE_EQUITY,O,,,,O:2026-03-04T21:00:00Z:2026-03-05T07:00:00Z,2026-03-04T21:00:00Z,2026-03-05T07:00:00Z,2026-03-04T21:00:00+00:00,2026-03-04T23:59:59.999000+00:00,2026-03-05T00:00:00+00:00,2026-03-05T06:59:59.999000+00:00,43020,43620,600,180,420,7.0,600.0,2026-03,RESEARCH_DEVELOPMENT,LISTING_DAYS_15_30,ORDINARY_WEEKDAY_OVERNIGHT,READY,,0
HOODUSDT-O-20260305T210000Z,HOODUSDT,CRYPTO_SENSITIVE_EQUITY,O,,,,O:2026-03-05T21:00:00Z:2026-03-06T07:00:00Z,2026-03-05T21:00:00Z,2026-03-06T07:00:00Z,2026-03-05T21:00:00+00:00,2026-03-05T23:59:59.999000+00:00,2026-03-06T00:00:00+00:00,2026-03-06T06:59:59.999000+00:00,44460,45060,600,180,420,7.0,600.0,2026-03,RESEARCH_DEVELOPMENT,LISTING_AFTER_30_DAYS,ORDINARY_WEEKDAY_OVERNIGHT,READY,,0
HOODUSDT-O-20260309T200000Z,HOODUSDT,CRYPTO_SENSITIVE_EQUITY,O,,,,O:2026-03-09T20:00:00Z:2026-03-10T06:00:00Z,2026-03-09T20:00:00Z,2026-03-10T06:00:00Z,2026-03-09T20:00:00+00:00,2026-03-09T22:59:59.999000+00:00,2026-03-09T23:00:00+00:00,2026-03-10T05:59:59.999000+00:00,50160,50760,600,180,420,7.0,600.0,2026-03,RESEARCH_DEVELOPMENT,LISTING_AFTER_30_DAYS,ORDINARY_WEEKDAY_OVERNIGHT,READY,,0
HOODUSDT-O-20260310T200000Z,HOODUSDT,CRYPTO_SENSITIVE_EQUITY,O,,,,O:2026-03-10T20:00:00Z:2026-03-11T06:00:00Z,2026-03-10T20:00:00Z,2026-03-11T06:00:00Z,2026-03-10T20:00:00+00:00,2026-03-10T22:59:59.999000+00:00,2026-03-10T23:00:00+00:00,2026-03-11T05:59:59.999000+00:00,51600,52200,600,180,420,7.0,600.0,2026-03,RESEARCH_DEVELOPMENT,LISTING_AFTER_30_DAYS,ORDINARY_WEEKDAY_OVERNIGHT,READY,,0
HOODUSDT-O-20260311T200000Z,HOODUSDT,CRYPTO_SENSITIVE_EQUITY,O,,,,O:2026-03-11T20:00:00Z:2026-03-12T06:00:00Z,2026-03-11T20:00:00Z,2026-03-12T06:00:00Z,2026-03-11T20:00:00+00:00,2026-03-11T22:59:59.999000+00:00,2026-03-11T23:00:00+00:00,2026-03-12T05:59:59.999000+00:00,53040,53640,600,180,420,7.0,600.0,2026-03,RESEARCH_DEVELOPMENT,LISTING_AFTER_30_DAYS,ORDINARY_WEEKDAY_OVERNIGHT,READY,,0
HOODUSDT-O-20260312T200000Z,HOODUSDT,CRYPTO_SENSITIVE_EQUITY,O,,,,O:2026-03-12T20:00:00Z:2026-03-13T06:00:00Z,2026-03-12T20:00:00Z,2026-03-13T06:00:00Z,2026-03-12T20:00:00+00:00,2026-03-12T22:59:59.999000+00:00,2026-03-12T23:00:00+00:00,2026-03-13T05:59:59.999000+00:00,54480,55080,600,180,420,7.0,600.0,2026-03,RESEARCH_DEVELOPMENT,LISTING_AFTER_30_DAYS,ORDINARY_WEEKDAY_OVERNIGHT,READY,,0
HOODUSDT-O-20260316T200000Z,HOODUSDT,CRYPTO_SENSITIVE_EQUITY,O,,,,O:2026-03-16T20:00:00Z:2026-03-17T06:00:00Z,2026-03-16T20:00:00Z,2026-03-17T06:00:00Z,2026-03-16T20:00:00+00:00,2026-03-16T22:59:59.999000+00:00,2026-03-16T23:00:00+00:00,2026-03-17T05:59:59.999000+00:00,60240,60840,600,180,420,7.0,600.0,2026-03,RESEARCH_DEVELOPMENT,LISTING_AFTER_30_DAYS,ORDINARY_WEEKDAY_OVERNIGHT,READY,,0
HOODUSDT-O-20260317T200000Z,HOODUSDT,CRYPTO_SENSITIVE_EQUITY,O,,,,O:2026-03-17T20:00:00Z:2026-03-18T06:00:00Z,2026-03-17T20:00:00Z,2026-03-18T06:00:00Z,2026-03-17T20:00:00+00:00,2026-03-17T22:59:59.999000+00:00,2026-03-17T23:00:00+00:00,2026-03-18T05:59:59.999000+00:00,61680,62280,600,180,420,7.0,600.0,2026-03,RESEARCH_DEVELOPMENT,LISTING_AFTER_30_DAYS,ORDINARY_WEEKDAY_OVERNIGHT,READY,,0
HOODUSDT-O-20260318T200000Z,HOODUSDT,CRYPTO_SENSITIVE_EQUITY,O,,,,O:2026-03-18T20:00:00Z:2026-03-19T06:00:00Z,2026-03-18T20:00:00Z,2026-03-19T06:00:00Z,2026-03-18T20:00:00+00:00,2026-03-18T22:59:59.999000+00:00,2026-03-18T23:00:00+00:00,2026-03-19T05:59:59.999000+00:00,63120,63720,600,180,420,7.0,600.0,2026-03,RESEARCH_DEVELOPMENT,LISTING_AFTER_30_DAYS,ORDINARY_WEEKDAY_OVERNIGHT,READY,,0
HOODUSDT-O-20260319T200000Z,HOODUSDT,CRYPTO_SENSITIVE_EQUITY,O,,,,O:2026-03-19T20:00:00Z:2026-03-20T06:00:00Z,2026-03-19T20:00:00Z,2026-03-20T06:00:00Z,2026-03-19T20:00:00+00:00,2026-03-19T22:59:59.999000+00:00,2026-03-19T23:00:00+00:00,2026-03-20T05:59:59.999000+00:00,64560,65160,600,180,420,7.0,600.0,2026-03,RESEARCH_DEVELOPMENT,LISTING_AFTER_30_DAYS,ORDINARY_WEEKDAY_OVERNIGHT,READY,,0
HOODUSDT-O-20260323T200000Z,HOODUSDT,CRYPTO_SENSITIVE_EQUITY,O,,,,O:2026-03-23T20:00:00Z:2026-03-24T06:00:00Z,2026-03-23T20:00:00Z,2026-03-24T06:00:00Z,2026-03-23T20:00:00+00:00,2026-03-23T22:59:59.999000+00:00,2026-03-23T23:00:00+00:00,2026-03-24T05:59:59.999000+00:00,70320,70920,600,180,420,7.0,600.0,2026-03,RESEARCH_DEVELOPMENT,LISTING_AFTER_30_DAYS,ORDINARY_WEEKDAY_OVERNIGHT,READY,,0
HOODUSDT-O-20260324T200000Z,HOODUSDT,CRYPTO_SENSITIVE_EQUITY,O,,,,O:2026-03-24T20:00:00Z:2026-03-25T06:00:00Z,2026-03-24T20:00:00Z,2026-03-25T06:00:00Z,2026-03-24T20:00:00+00:00,2026-03-24T22:59:59.999000+00:00,2026-03-24T23:00:00+00:00,2026-03-25T05:59:59.999000+00:00,71760,72360,600,180,420,7.0,600.0,2026-03,RESEARCH_DEVELOPMENT,LISTING_AFTER_30_DAYS,ORDINARY_WEEKDAY_OVERNIGHT,READY,,0
HOODUSDT-O-20260325T200000Z,HOODUSDT,CRYPTO_SENSITIVE_EQUITY,O,,,,O:2026-03-25T20:00:00Z:2026-03-26T06:00:00Z,2026-03-25T20:00:00Z,2026-03-26T06:00:00Z,2026-03-25T20:00:00+00:00,2026-03-25T22:59:59.999000+00:00,2026-03-25T23:00:00+00:00,2026-03-26T05:59:59.999000+00:00,73200,73800,600,180,420,7.0,600.0,2026-03,RESEARCH_DEVELOPMENT,LISTING_AFTER_30_DAYS,ORDINARY_WEEKDAY_OVERNIGHT,READY,,0
HOODUSDT-O-20260326T200000Z,HOODUSDT,CRYPTO_SENSITIVE_EQUITY,O,,,,O:2026-03-26T20:00:00Z:2026-03-27T06:00:00Z,2026-03-26T20:00:00Z,2026-03-27T06:00:00Z,2026-03-26T20:00:00+00:00,2026-03-26T22:59:59.999000+00:00,2026-03-26T23:00:00+00:00,2026-03-27T05:59:59.999000+00:00,74640,75240,600,180,420,7.0,600.0,2026-03,RESEARCH_DEVELOPMENT,LISTING_AFTER_30_DAYS,ORDINARY_WEEKDAY_OVERNIGHT,READY,,0
HOODUSDT-O-20260330T200000Z,HOODUSDT,CRYPTO_SENSITIVE_EQUITY,O,,,,O:2026-03-30T20:00:00Z:2026-03-31T06:00:00Z,2026-03-30T20:00:00Z,2026-03-31T06:00:00Z,2026-03-30T20:00:00+00:00,2026-03-30T22:59:59.999000+00:00,2026-03-30T23:00:00+00:00,2026-03-31T05:59:59.999000+00:00,80400,81000,600,180,420,7.0,600.0,2026-03,RESEARCH_DEVELOPMENT,LISTING_AFTER_30_DAYS,ORDINARY_WEEKDAY_OVERNIGHT,READY,,0
HOODUSDT-O-20260331T200000Z,HOODUSDT,CRYPTO_SENSITIVE_EQUITY,O,,,,O:2026-03-31T20:00:00Z:2026-04-01T06:00:00Z,2026-03-31T20:00:00Z,2026-04-01T06:00:00Z,2026-03-31T20:00:00+00:00,2026-03-31T22:59:59.999000+00:00,2026-03-31T23:00:00+00:00,2026-04-01T05:59:59.999000+00:00,81840,82440,600,180,420,7.0,600.0,2026-03,RESEARCH_DEVELOPMENT,LISTING_AFTER_30_DAYS,ORDINARY_WEEKDAY_OVERNIGHT,READY,,0
HOODUSDT-O-20260401T200000Z,HOODUSDT,CRYPTO_SENSITIVE_EQUITY,O,,,,O:2026-04-01T20:00:00Z:2026-04-02T06:00:00Z,2026-04-01T20:00:00Z,2026-04-02T06:00:00Z,2026-04-01T20:00:00+00:00,2026-04-01T22:59:59.999000+00:00,2026-04-01T23:00:00+00:00,2026-04-02T05:59:59.999000+00:00,83280,83880,600,180,420,7.0,600.0,2026-04,RESEARCH_DEVELOPMENT,LISTING_AFTER_30_DAYS,ORDINARY_WEEKDAY_OVERNIGHT,READY,,0
HOODUSDT-O-20260406T200000Z,HOODUSDT,CRYPTO_SENSITIVE_EQUITY,O,,,,O:2026-04-06T20:00:00Z:2026-04-07T06:00:00Z,2026-04-06T20:00:00Z,2026-04-07T06:00:00Z,2026-04-06T20:00:00+00:00,2026-04-06T22:59:59.999000+00:00,2026-04-06T23:00:00+00:00,2026-04-07T05:59:59.999000+00:00,90480,91080,600,180,420,7.0,600.0,2026-04,RESEARCH_DEVELOPMENT,LISTING_AFTER_30_DAYS,ORDINARY_WEEKDAY_OVERNIGHT,READY,,0
HOODUSDT-O-20260407T200000Z,HOODUSDT,CRYPTO_SENSITIVE_EQUITY,O,,,,O:2026-04-07T20:00:00Z:2026-04-08T06:00:00Z,2026-04-07T20:00:00Z,2026-04-08T06:00:00Z,2026-04-07T20:00:00+00:00,2026-04-07T22:59:59.999000+00:00,2026-04-07T23:00:00+00:00,2026-04-08T05:59:59.999000+00:00,91920,92520,600,180,420,7.0,600.0,2026-04,RESEARCH_DEVELOPMENT,LISTING_AFTER_30_DAYS,ORDINARY_WEEKDAY_OVERNIGHT,READY,,0
HOODUSDT-O-20260408T200000Z,HOODUSDT,CRYPTO_SENSITIVE_EQUITY,O,,,,O:2026-04-08T20:00:00Z:2026-04-09T06:00:00Z,2026-04-08T20:00:00Z,2026-04-09T06:00:00Z,2026-04-08T20:00:00+00:00,2026-04-08T22:59:59.999000+00:00,2026-04-08T23:00:00+00:00,2026-04-09T05:59:59.999000+00:00,93360,93960,600,180,420,7.0,600.0,2026-04,RESEARCH_DEVELOPMENT,LISTING_AFTER_30_DAYS,ORDINARY_WEEKDAY_OVERNIGHT,READY,,0
HOODUSDT-O-20260409T200000Z,HOODUSDT,CRYPTO_SENSITIVE_EQUITY,O,,,,O:2026-04-09T20:00:00Z:2026-04-10T06:00:00Z,2026-04-09T20:00:00Z,2026-04-10T06:00:00Z,2026-04-09T20:00:00+00:00,2026-04-09T22:59:59.999000+00:00,2026-04-09T23:00:00+00:00,2026-04-10T05:59:59.999000+00:00,94800,95400,600,180,420,7.0,600.0,2026-04,RESEARCH_DEVELOPMENT,LISTING_AFTER_30_DAYS,ORDINARY_WEEKDAY_OVERNIGHT,READY,,0
HOODUSDT-O-20260413T200000Z,HOODUSDT,CRYPTO_SENSITIVE_EQUITY,O,,,,O:2026-04-13T20:00:00Z:2026-04-14T06:00:00Z,2026-04-13T20:00:00Z,2026-04-14T06:00:00Z,2026-04-13T20:00:00+00:00,2026-04-13T22:59:59.999000+00:00,2026-04-13T23:00:00+00:00,2026-04-14T05:59:59.999000+00:00,100560,101160,600,180,420,7.0,600.0,2026-04,RESEARCH_DEVELOPMENT,LISTING_AFTER_30_DAYS,ORDINARY_WEEKDAY_OVERNIGHT,READY,,0
HOODUSDT-O-20260414T200000Z,HOODUSDT,CRYPTO_SENSITIVE_EQUITY,O,,,,O:2026-04-14T20:00:00Z:2026-04-15T06:00:00Z,2026-04-14T20:00:00Z,2026-04-15T06:00:00Z,2026-04-14T20:00:00+00:00,2026-04-14T22:59:59.999000+00:00,2026-04-14T23:00:00+00:00,2026-04-15T05:59:59.999000+00:00,102000,102600,600,180,420,7.0,600.0,2026-04,RESEARCH_DEVELOPMENT,LISTING_AFTER_30_DAYS,ORDINARY_WEEKDAY_OVERNIGHT,READY,,0
HOODUSDT-O-20260415T200000Z,HOODUSDT,CRYPTO_SENSITIVE_EQUITY,O,,,,O:2026-04-15T20:00:00Z:2026-04-16T06:00:00Z,2026-04-15T20:00:00Z,2026-04-16T06:00:00Z,2026-04-15T20:00:00+00:00,2026-04-15T22:59:59.999000+00:00,2026-04-15T23:00:00+00:00,2026-04-16T05:59:59.999000+00:00,103440,104040,600,180,420,7.0,600.0,2026-04,RESEARCH_DEVELOPMENT,LISTING_AFTER_30_DAYS,ORDINARY_WEEKDAY_OVERNIGHT,READY,,0
HOODUSDT-O-20260416T200000Z,HOODUSDT,CRYPTO_SENSITIVE_EQUITY,O,,,,O:2026-04-16T20:00:00Z:2026-04-17T06:00:00Z,2026-04-16T20:00:00Z,2026-04-17T06:00:00Z,2026-04-16T20:00:00+00:00,2026-04-16T22:59:59.999000+00:00,2026-04-16T23:00:00+00:00,2026-04-17T05:59:59.999000+00:00,104880,105480,600,180,420,7.0,600.0,2026-04,RESEARCH_DEVELOPMENT,LISTING_AFTER_30_DAYS,ORDINARY_WEEKDAY_OVERNIGHT,READY,,0
HOODUSDT-O-20260420T200000Z,HOODUSDT,CRYPTO_SENSITIVE_EQUITY,O,,,,O:2026-04-20T20:00:00Z:2026-04-21T06:00:00Z,2026-04-20T20:00:00Z,2026-04-21T06:00:00Z,2026-04-20T20:00:00+00:00,2026-04-20T22:59:59.999000+00:00,2026-04-20T23:00:00+00:00,2026-04-21T05:59:59.999000+00:00,110640,111240,600,180,420,7.0,600.0,2026-04,RESEARCH_DEVELOPMENT,LISTING_AFTER_30_DAYS,ORDINARY_WEEKDAY_OVERNIGHT,READY,,0
HOODUSDT-O-20260421T200000Z,HOODUSDT,CRYPTO_SENSITIVE_EQUITY,O,,,,O:2026-04-21T20:00:00Z:2026-04-22T06:00:00Z,2026-04-21T20:00:00Z,2026-04-22T06:00:00Z,2026-04-21T20:00:00+00:00,2026-04-21T22:59:59.999000+00:00,2026-04-21T23:00:00+00:00,2026-04-22T05:59:59.999000+00:00,112080,112680,600,180,420,7.0,600.0,2026-04,RESEARCH_DEVELOPMENT,LISTING_AFTER_30_DAYS,ORDINARY_WEEKDAY_OVERNIGHT,READY,,0
HOODUSDT-O-20260422T200000Z,HOODUSDT,CRYPTO_SENSITIVE_EQUITY,O,,,,O:2026-04-22T20:00:00Z:2026-04-23T06:00:00Z,2026-04-22T20:00:00Z,2026-04-23T06:00:00Z,2026-04-22T20:00:00+00:00,2026-04-22T22:59:59.999000+00:00,2026-04-22T23:00:00+00:00,2026-04-23T05:59:59.999000+00:00,113520,114120,600,180,420,7.0,600.0,2026-04,RESEARCH_DEVELOPMENT,LISTING_AFTER_30_DAYS,ORDINARY_WEEKDAY_OVERNIGHT,READY,,0
HOODUSDT-O-20260423T200000Z,HOODUSDT,CRYPTO_SENSITIVE_EQUITY,O,,,,O:2026-04-23T20:00:00Z:2026-04-24T06:00:00Z,2026-04-23T20:00:00Z,2026-04-24T06:00:00Z,2026-04-23T20:00:00+00:00,2026-04-23T22:59:59.999000+00:00,2026-04-23T23:00:00+00:00,2026-04-24T05:59:59.999000+00:00,114960,115560,600,180,420,7.0,600.0,2026-04,RESEARCH_DEVELOPMENT,LISTING_AFTER_30_DAYS,ORDINARY_WEEKDAY_OVERNIGHT,READY,,0
HOODUSDT-O-20260427T200000Z,HOODUSDT,CRYPTO_SENSITIVE_EQUITY,O,,,,O:2026-04-27T20:00:00Z:2026-04-28T06:00:00Z,2026-04-27T20:00:00Z,2026-04-28T06:00:00Z,2026-04-27T20:00:00+00:00,2026-04-27T22:59:59.999000+00:00,2026-04-27T23:00:00+00:00,2026-04-28T05:59:59.999000+00:00,120720,121320,600,180,420,7.0,600.0,2026-04,RESEARCH_DEVELOPMENT,LISTING_AFTER_30_DAYS,ORDINARY_WEEKDAY_OVERNIGHT,READY,,0
HOODUSDT-O-20260428T200000Z,HOODUSDT,CRYPTO_SENSITIVE_EQUITY,O,,,,O:2026-04-28T20:00:00Z:2026-04-29T06:00:00Z,2026-04-28T20:00:00Z,2026-04-29T06:00:00Z,2026-04-28T20:00:00+00:00,2026-04-28T22:59:59.999000+00:00,2026-04-28T23:00:00+00:00,2026-04-29T05:59:59.999000+00:00,122160,122760,600,180,420,7.0,600.0,2026-04,RESEARCH_DEVELOPMENT,LISTING_AFTER_30_DAYS,ORDINARY_WEEKDAY_OVERNIGHT,READY,,0
HOODUSDT-O-20260429T200000Z,HOODUSDT,CRYPTO_SENSITIVE_EQUITY,O,,,,O:2026-04-29T20:00:00Z:2026-04-30T06:00:00Z,2026-04-29T20:00:00Z,2026-04-30T06:00:00Z,2026-04-29T20:00:00+00:00,2026-04-29T22:59:59.999000+00:00,2026-04-29T23:00:00+00:00,2026-04-30T05:59:59.999000+00:00,123600,124200,600,180,420,7.0,600.0,2026-04,RESEARCH_DEVELOPMENT,LISTING_AFTER_30_DAYS,ORDINARY_WEEKDAY_OVERNIGHT,READY,,0
HOODUSDT-O-20260430T200000Z,HOODUSDT,CRYPTO_SENSITIVE_EQUITY,O,,,,O:2026-04-30T20:00:00Z:2026-05-01T06:00:00Z,2026-04-30T20:00:00Z,2026-05-01T06:00:00Z,2026-04-30T20:00:00+00:00,2026-04-30T22:59:59.999000+00:00,2026-04-30T23:00:00+00:00,2026-05-01T05:59:59.999000+00:00,125040,125640,600,180,420,7.0,600.0,2026-04,RESEARCH_DEVELOPMENT,LISTING_AFTER_30_DAYS,ORDINARY_WEEKDAY_OVERNIGHT,READY,,0
HOODUSDT-O-20260504T200000Z,HOODUSDT,CRYPTO_SENSITIVE_EQUITY,O,,,,O:2026-05-04T20:00:00Z:2026-05-05T06:00:00Z,2026-05-04T20:00:00Z,2026-05-05T06:00:00Z,2026-05-04T20:00:00+00:00,2026-05-04T22:59:59.999000+00:00,2026-05-04T23:00:00+00:00,2026-05-05T05:59:59.999000+00:00,130800,131400,600,180,420,7.0,600.0,2026-05,RESEARCH_DEVELOPMENT,LISTING_AFTER_30_DAYS,ORDINARY_WEEKDAY_OVERNIGHT,READY,,0
HOODUSDT-O-20260505T200000Z,HOODUSDT,CRYPTO_SENSITIVE_EQUITY,O,,,,O:2026-05-05T20:00:00Z:2026-05-06T06:00:00Z,2026-05-05T20:00:00Z,2026-05-06T06:00:00Z,2026-05-05T20:00:00+00:00,2026-05-05T22:59:59.999000+00:00,2026-05-05T23:00:00+00:00,2026-05-06T05:59:59.999000+00:00,132240,132840,600,180,420,7.0,600.0,2026-05,RESEARCH_DEVELOPMENT,LISTING_AFTER_30_DAYS,ORDINARY_WEEKDAY_OVERNIGHT,READY,,0
HOODUSDT-O-20260506T200000Z,HOODUSDT,CRYPTO_SENSITIVE_EQUITY,O,,,,O:2026-05-06T20:00:00Z:2026-05-07T06:00:00Z,2026-05-06T20:00:00Z,2026-05-07T06:00:00Z,2026-05-06T20:00:00+00:00,2026-05-06T22:59:59.999000+00:00,2026-05-06T23:00:00+00:00,2026-05-07T05:59:59.999000+00:00,133680,134280,600,180,420,7.0,600.0,2026-05,RESEARCH_DEVELOPMENT,LISTING_AFTER_30_DAYS,ORDINARY_WEEKDAY_OVERNIGHT,READY,,0
HOODUSDT-O-20260507T200000Z,HOODUSDT,CRYPTO_SENSITIVE_EQUITY,O,,,,O:2026-05-07T20:00:00Z:2026-05-08T06:00:00Z,2026-05-07T20:00:00Z,2026-05-08T06:00:00Z,2026-05-07T20:00:00+00:00,2026-05-07T22:59:59.999000+00:00,2026-05-07T23:00:00+00:00,2026-05-08T05:59:59.999000+00:00,135120,135720,600,180,420,7.0,600.0,2026-05,RESEARCH_DEVELOPMENT,LISTING_AFTER_30_DAYS,ORDINARY_WEEKDAY_OVERNIGHT,READY,,0
HOODUSDT-O-20260511T200000Z,HOODUSDT,CRYPTO_SENSITIVE_EQUITY,O,,,,O:2026-05-11T20:00:00Z:2026-05-12T06:00:00Z,2026-05-11T20:00:00Z,2026-05-12T06:00:00Z,2026-05-11T20:00:00+00:00,2026-05-11T22:59:59.999000+00:00,2026-05-11T23:00:00+00:00,2026-05-12T05:59:59.999000+00:00,140880,141480,600,180,420,7.0,600.0,2026-05,RESEARCH_DEVELOPMENT,LISTING_AFTER_30_DAYS,ORDINARY_WEEKDAY_OVERNIGHT,READY,,0
HOODUSDT-O-20260512T200000Z,HOODUSDT,CRYPTO_SENSITIVE_EQUITY,O,,,,O:2026-05-12T20:00:00Z:2026-05-13T06:00:00Z,2026-05-12T20:00:00Z,2026-05-13T06:00:00Z,2026-05-12T20:00:00+00:00,2026-05-12T22:59:59.999000+00:00,2026-05-12T23:00:00+00:00,2026-05-13T05:59:59.999000+00:00,142320,142920,600,180,420,7.0,600.0,2026-05,RESEARCH_DEVELOPMENT,LISTING_AFTER_30_DAYS,ORDINARY_WEEKDAY_OVERNIGHT,READY,,0
HOODUSDT-O-20260513T200000Z,HOODUSDT,CRYPTO_SENSITIVE_EQUITY,O,,,,O:2026-05-13T20:00:00Z:2026-05-14T06:00:00Z,2026-05-13T20:00:00Z,2026-05-14T06:00:00Z,2026-05-13T20:00:00+00:00,2026-05-13T22:59:59.999000+00:00,2026-05-13T23:00:00+00:00,2026-05-14T05:59:59.999000+00:00,143760,144360,600,180,420,7.0,600.0,2026-05,RESEARCH_DEVELOPMENT,LISTING_AFTER_30_DAYS,ORDINARY_WEEKDAY_OVERNIGHT,READY,,0
HOODUSDT-O-20260514T200000Z,HOODUSDT,CRYPTO_SENSITIVE_EQUITY,O,,,,O:2026-05-14T20:00:00Z:2026-05-15T06:00:00Z,2026-05-14T20:00:00Z,2026-05-15T06:00:00Z,2026-05-14T20:00:00+00:00,2026-05-14T22:59:59.999000+00:00,2026-05-14T23:00:00+00:00,2026-05-15T05:59:59.999000+00:00,145200,145800,600,180,420,7.0,600.0,2026-05,RESEARCH_DEVELOPMENT,LISTING_AFTER_30_DAYS,ORDINARY_WEEKDAY_OVERNIGHT,READY,,0
HOODUSDT-O-20260518T200000Z,HOODUSDT,CRYPTO_SENSITIVE_EQUITY,O,,,,O:2026-05-18T20:00:00Z:2026-05-19T06:00:00Z,2026-05-18T20:00:00Z,2026-05-19T06:00:00Z,2026-05-18T20:00:00+00:00,2026-05-18T22:59:59.999000+00:00,2026-05-18T23:00:00+00:00,2026-05-19T05:59:59.999000+00:00,150960,151560,600,180,420,7.0,600.0,2026-05,RESEARCH_DEVELOPMENT,LISTING_AFTER_30_DAYS,ORDINARY_WEEKDAY_OVERNIGHT,READY,,0
HOODUSDT-O-20260519T200000Z,HOODUSDT,CRYPTO_SENSITIVE_EQUITY,O,,,,O:2026-05-19T20:00:00Z:2026-05-20T06:00:00Z,2026-05-19T20:00:00Z,2026-05-20T06:00:00Z,2026-05-19T20:00:00+00:00,2026-05-19T22:59:59.999000+00:00,2026-05-19T23:00:00+00:00,2026-05-20T05:59:59.999000+00:00,152400,153000,600,180,420,7.0,600.0,2026-05,RESEARCH_DEVELOPMENT,LISTING_AFTER_30_DAYS,ORDINARY_WEEKDAY_OVERNIGHT,READY,,0
HOODUSDT-O-20260520T200000Z,HOODUSDT,CRYPTO_SENSITIVE_EQUITY,O,,,,O:2026-05-20T20:00:00Z:2026-05-21T06:00:00Z,2026-05-20T20:00:00Z,2026-05-21T06:00:00Z,2026-05-20T20:00:00+00:00,2026-05-20T22:59:59.999000+00:00,2026-05-20T23:00:00+00:00,2026-05-21T05:59:59.999000+00:00,153840,154440,600,180,420,7.0,600.0,2026-05,RESEARCH_DEVELOPMENT,LISTING_AFTER_30_DAYS,ORDINARY_WEEKDAY_OVERNIGHT,READY,,0
HOODUSDT-O-20260521T200000Z,HOODUSDT,CRYPTO_SENSITIVE_EQUITY,O,,,,O:2026-05-21T20:00:00Z:2026-05-22T06:00:00Z,2026-05-21T20:00:00Z,2026-05-22T06:00:00Z,2026-05-21T20:00:00+00:00,2026-05-21T22:59:59.999000+00:00,2026-05-21T23:00:00+00:00,2026-05-22T05:59:59.999000+00:00,155280,155880,600,180,420,7.0,600.0,2026-05,RESEARCH_DEVELOPMENT,LISTING_AFTER_30_DAYS,ORDINARY_WEEKDAY_OVERNIGHT,READY,,0
HOODUSDT-O-20260526T200000Z,HOODUSDT,CRYPTO_SENSITIVE_EQUITY,O,,,,O:2026-05-26T20:00:00Z:2026-05-27T06:00:00Z,2026-05-26T20:00:00Z,2026-05-27T06:00:00Z,2026-05-26T20:00:00+00:00,2026-05-26T22:59:59.999000+00:00,2026-05-26T23:00:00+00:00,2026-05-27T05:59:59.999000+00:00,162480,163080,600,180,420,7.0,600.0,2026-05,RESEARCH_DEVELOPMENT,LISTING_AFTER_30_DAYS,ORDINARY_WEEKDAY_OVERNIGHT,READY,,0
HOODUSDT-O-20260527T200000Z,HOODUSDT,CRYPTO_SENSITIVE_EQUITY,O,,,,O:2026-05-27T20:00:00Z:2026-05-28T06:00:00Z,2026-05-27T20:00:00Z,2026-05-28T06:00:00Z,2026-05-27T20:00:00+00:00,2026-05-27T22:59:59.999000+00:00,2026-05-27T23:00:00+00:00,2026-05-28T05:59:59.999000+00:00,163920,164520,600,180,420,7.0,600.0,2026-05,RESEARCH_DEVELOPMENT,LISTING_AFTER_30_DAYS,ORDINARY_WEEKDAY_OVERNIGHT,READY,,0
HOODUSDT-O-20260528T200000Z,HOODUSDT,CRYPTO_SENSITIVE_EQUITY,O,,,,O:2026-05-28T20:00:00Z:2026-05-29T06:00:00Z,2026-05-28T20:00:00Z,2026-05-29T06:00:00Z,2026-05-28T20:00:00+00:00,2026-05-28T22:59:59.999000+00:00,2026-05-28T23:00:00+00:00,2026-05-29T05:59:59.999000+00:00,165360,165960,600,180,420,7.0,600.0,2026-05,RESEARCH_DEVELOPMENT,LISTING_AFTER_30_DAYS,ORDINARY_WEEKDAY_OVERNIGHT,READY,,0
HOODUSDT-O-20260601T200000Z,HOODUSDT,CRYPTO_SENSITIVE_EQUITY,O,,,,O:2026-06-01T20:00:00Z:2026-06-02T06:00:00Z,2026-06-01T20:00:00Z,2026-06-02T06:00:00Z,2026-06-01T20:00:00+00:00,2026-06-01T22:59:59.999000+00:00,2026-06-01T23:00:00+00:00,2026-06-02T05:59:59.999000+00:00,171120,171720,600,180,420,7.0,600.0,2026-06,RESEARCH_VALIDATION_EXPOSED,LISTING_AFTER_30_DAYS,ORDINARY_WEEKDAY_OVERNIGHT,READY,,0
HOODUSDT-O-20260602T200000Z,HOODUSDT,CRYPTO_SENSITIVE_EQUITY,O,,,,O:2026-06-02T20:00:00Z:2026-06-03T06:00:00Z,2026-06-02T20:00:00Z,2026-06-03T06:00:00Z,2026-06-02T20:00:00+00:00,2026-06-02T22:59:59.999000+00:00,2026-06-02T23:00:00+00:00,2026-06-03T05:59:59.999000+00:00,172560,173160,600,180,420,7.0,600.0,2026-06,RESEARCH_VALIDATION_EXPOSED,LISTING_AFTER_30_DAYS,ORDINARY_WEEKDAY_OVERNIGHT,READY,,0
HOODUSDT-O-20260603T200000Z,HOODUSDT,CRYPTO_SENSITIVE_EQUITY,O,,,,O:2026-06-03T20:00:00Z:2026-06-04T06:00:00Z,2026-06-03T20:00:00Z,2026-06-04T06:00:00Z,2026-06-03T20:00:00+00:00,2026-06-03T22:59:59.999000+00:00,2026-06-03T23:00:00+00:00,2026-06-04T05:59:59.999000+00:00,174000,174600,600,180,420,7.0,600.0,2026-06,RESEARCH_VALIDATION_EXPOSED,LISTING_AFTER_30_DAYS,ORDINARY_WEEKDAY_OVERNIGHT,READY,,0
HOODUSDT-O-20260604T200000Z,HOODUSDT,CRYPTO_SENSITIVE_EQUITY,O,,,,O:2026-06-04T20:00:00Z:2026-06-05T06:00:00Z,2026-06-04T20:00:00Z,2026-06-05T06:00:00Z,2026-06-04T20:00:00+00:00,2026-06-04T22:59:59.999000+00:00,2026-06-04T23:00:00+00:00,2026-06-05T05:59:59.999000+00:00,175440,176040,600,180,420,7.0,600.0,2026-06,RESEARCH_VALIDATION_EXPOSED,LISTING_AFTER_30_DAYS,ORDINARY_WEEKDAY_OVERNIGHT,READY,,0
HOODUSDT-O-20260608T200000Z,HOODUSDT,CRYPTO_SENSITIVE_EQUITY,O,,,,O:2026-06-08T20:00:00Z:2026-06-09T06:00:00Z,2026-06-08T20:00:00Z,2026-06-09T06:00:00Z,2026-06-08T20:00:00+00:00,2026-06-08T22:59:59.999000+00:00,2026-06-08T23:00:00+00:00,2026-06-09T05:59:59.999000+00:00,181200,181800,600,180,420,7.0,600.0,2026-06,RESEARCH_VALIDATION_EXPOSED,LISTING_AFTER_30_DAYS,ORDINARY_WEEKDAY_OVERNIGHT,READY,,0
HOODUSDT-O-20260609T200000Z,HOODUSDT,CRYPTO_SENSITIVE_EQUITY,O,,,,O:2026-06-09T20:00:00Z:2026-06-10T06:00:00Z,2026-06-09T20:00:00Z,2026-06-10T06:00:00Z,2026-06-09T20:00:00+00:00,2026-06-09T22:59:59.999000+00:00,2026-06-09T23:00:00+00:00,2026-06-10T05:59:59.999000+00:00,182640,183240,600,180,420,7.0,600.0,2026-06,RESEARCH_VALIDATION_EXPOSED,LISTING_AFTER_30_DAYS,ORDINARY_WEEKDAY_OVERNIGHT,READY,,0
HOODUSDT-O-20260610T200000Z,HOODUSDT,CRYPTO_SENSITIVE_EQUITY,O,,,,O:2026-06-10T20:00:00Z:2026-06-11T06:00:00Z,2026-06-10T20:00:00Z,2026-06-11T06:00:00Z,2026-06-10T20:00:00+00:00,2026-06-10T22:59:59.999000+00:00,2026-06-10T23:00:00+00:00,2026-06-11T05:59:59.999000+00:00,184080,184680,600,180,420,7.0,600.0,2026-06,RESEARCH_VALIDATION_EXPOSED,LISTING_AFTER_30_DAYS,ORDINARY_WEEKDAY_OVERNIGHT,READY,,0
HOODUSDT-O-20260611T200000Z,HOODUSDT,CRYPTO_SENSITIVE_EQUITY,O,,,,O:2026-06-11T20:00:00Z:2026-06-12T06:00:00Z,2026-06-11T20:00:00Z,2026-06-12T06:00:00Z,2026-06-11T20:00:00+00:00,2026-06-11T22:59:59.999000+00:00,2026-06-11T23:00:00+00:00,2026-06-12T05:59:59.999000+00:00,185520,186120,600,180,420,7.0,600.0,2026-06,RESEARCH_VALIDATION_EXPOSED,LISTING_AFTER_30_DAYS,ORDINARY_WEEKDAY_OVERNIGHT,READY,,0
HOODUSDT-O-20260615T200000Z,HOODUSDT,CRYPTO_SENSITIVE_EQUITY,O,,,,O:2026-06-15T20:00:00Z:2026-06-16T06:00:00Z,2026-06-15T20:00:00Z,2026-06-16T06:00:00Z,2026-06-15T20:00:00+00:00,2026-06-15T22:59:59.999000+00:00,2026-06-15T23:00:00+00:00,2026-06-16T05:59:59.999000+00:00,191280,191880,600,180,420,7.0,600.0,2026-06,RESEARCH_VALIDATION_EXPOSED,LISTING_AFTER_30_DAYS,ORDINARY_WEEKDAY_OVERNIGHT,READY,,0
HOODUSDT-O-20260616T200000Z,HOODUSDT,CRYPTO_SENSITIVE_EQUITY,O,,,,O:2026-06-16T20:00:00Z:2026-06-17T06:00:00Z,2026-06-16T20:00:00Z,2026-06-17T06:00:00Z,2026-06-16T20:00:00+00:00,2026-06-16T22:59:59.999000+00:00,2026-06-16T23:00:00+00:00,2026-06-17T05:59:59.999000+00:00,192720,193320,600,180,420,7.0,600.0,2026-06,RESEARCH_VALIDATION_EXPOSED,LISTING_AFTER_30_DAYS,ORDINARY_WEEKDAY_OVERNIGHT,READY,,0
HOODUSDT-O-20260617T200000Z,HOODUSDT,CRYPTO_SENSITIVE_EQUITY,O,,,,O:2026-06-17T20:00:00Z:2026-06-18T06:00:00Z,2026-06-17T20:00:00Z,2026-06-18T06:00:00Z,2026-06-17T20:00:00+00:00,2026-06-17T22:59:59.999000+00:00,2026-06-17T23:00:00+00:00,2026-06-18T05:59:59.999000+00:00,194160,194760,600,180,420,7.0,600.0,2026-06,RESEARCH_VALIDATION_EXPOSED,LISTING_AFTER_30_DAYS,ORDINARY_WEEKDAY_OVERNIGHT,READY,,0
HOODUSDT-O-20260622T200000Z,HOODUSDT,CRYPTO_SENSITIVE_EQUITY,O,,,,O:2026-06-22T20:00:00Z:2026-06-23T06:00:00Z,2026-06-22T20:00:00Z,2026-06-23T06:00:00Z,2026-06-22T20:00:00+00:00,2026-06-22T22:59:59.999000+00:00,2026-06-22T23:00:00+00:00,2026-06-23T05:59:59.999000+00:00,201360,201960,600,180,420,7.0,600.0,2026-06,RESEARCH_VALIDATION_EXPOSED,LISTING_AFTER_30_DAYS,ORDINARY_WEEKDAY_OVERNIGHT,READY,,0
HOODUSDT-O-20260623T200000Z,HOODUSDT,CRYPTO_SENSITIVE_EQUITY,O,,,,O:2026-06-23T20:00:00Z:2026-06-24T06:00:00Z,2026-06-23T20:00:00Z,2026-06-24T06:00:00Z,2026-06-23T20:00:00+00:00,2026-06-23T22:59:59.999000+00:00,2026-06-23T23:00:00+00:00,2026-06-24T05:59:59.999000+00:00,202800,203400,600,180,420,7.0,600.0,2026-06,RESEARCH_VALIDATION_EXPOSED,LISTING_AFTER_30_DAYS,ORDINARY_WEEKDAY_OVERNIGHT,READY,,0
HOODUSDT-O-20260624T200000Z,HOODUSDT,CRYPTO_SENSITIVE_EQUITY,O,,,,O:2026-06-24T20:00:00Z:2026-06-25T06:00:00Z,2026-06-24T20:00:00Z,2026-06-25T06:00:00Z,2026-06-24T20:00:00+00:00,2026-06-24T22:59:59.999000+00:00,2026-06-24T23:00:00+00:00,2026-06-25T05:59:59.999000+00:00,204240,204840,600,180,420,7.0,600.0,2026-06,RESEARCH_VALIDATION_EXPOSED,LISTING_AFTER_30_DAYS,ORDINARY_WEEKDAY_OVERNIGHT,READY,,0
HOODUSDT-O-20260625T200000Z,HOODUSDT,CRYPTO_SENSITIVE_EQUITY,O,,,,O:2026-06-25T20:00:00Z:2026-06-26T06:00:00Z,2026-06-25T20:00:00Z,2026-06-26T06:00:00Z,2026-06-25T20:00:00+00:00,2026-06-25T22:59:59.999000+00:00,2026-06-25T23:00:00+00:00,2026-06-26T05:59:59.999000+00:00,205680,206280,600,180,420,7.0,600.0,2026-06,RESEARCH_VALIDATION_EXPOSED,LISTING_AFTER_30_DAYS,ORDINARY_WEEKDAY_OVERNIGHT,READY,,0
HOODUSDT-O-20260629T200000Z,HOODUSDT,CRYPTO_SENSITIVE_EQUITY,O,,,,O:2026-06-29T20:00:00Z:2026-06-30T06:00:00Z,2026-06-29T20:00:00Z,2026-06-30T06:00:00Z,2026-06-29T20:00:00+00:00,2026-06-29T22:59:59.999000+00:00,2026-06-29T23:00:00+00:00,2026-06-30T05:59:59.999000+00:00,211440,212040,600,180,420,7.0,600.0,2026-06,RESEARCH_VALIDATION_EXPOSED,LISTING_AFTER_30_DAYS,ORDINARY_WEEKDAY_OVERNIGHT,READY,,0
HOODUSDT-O-20260630T200000Z,HOODUSDT,CRYPTO_SENSITIVE_EQUITY,O,,,,O:2026-06-30T20:00:00Z:2026-07-01T06:00:00Z,2026-06-30T20:00:00Z,2026-07-01T06:00:00Z,2026-06-30T20:00:00+00:00,2026-06-30T22:59:59.999000+00:00,2026-06-30T23:00:00+00:00,2026-07-01T05:59:59.999000+00:00,212880,213480,600,180,420,7.0,600.0,2026-06,RESEARCH_VALIDATION_EXPOSED,LISTING_AFTER_30_DAYS,ORDINARY_WEEKDAY_OVERNIGHT,READY,,0
HOODUSDT-O-20260701T200000Z,HOODUSDT,CRYPTO_SENSITIVE_EQUITY,O,,,,O:2026-07-01T20:00:00Z:2026-07-02T06:00:00Z,2026-07-01T20:00:00Z,2026-07-02T06:00:00Z,2026-07-01T20:00:00+00:00,2026-07-01T22:59:59.999000+00:00,2026-07-01T23:00:00+00:00,2026-07-02T05:59:59.999000+00:00,214320,214920,600,180,420,7.0,600.0,2026-07,DESCRIPTIVE_EXPOSED,LISTING_AFTER_30_DAYS,ORDINARY_WEEKDAY_OVERNIGHT,READY,,0
HOODUSDT-O-20260706T200000Z,HOODUSDT,CRYPTO_SENSITIVE_EQUITY,O,,,,O:2026-07-06T20:00:00Z:2026-07-07T06:00:00Z,2026-07-06T20:00:00Z,2026-07-07T06:00:00Z,2026-07-06T20:00:00+00:00,2026-07-06T22:59:59.999000+00:00,2026-07-06T23:00:00+00:00,2026-07-07T05:59:59.999000+00:00,221520,222120,600,180,420,7.0,600.0,2026-07,DESCRIPTIVE_EXPOSED,LISTING_AFTER_30_DAYS,ORDINARY_WEEKDAY_OVERNIGHT,READY,,0
HOODUSDT-O-20260707T200000Z,HOODUSDT,CRYPTO_SENSITIVE_EQUITY,O,,,,O:2026-07-07T20:00:00Z:2026-07-08T06:00:00Z,2026-07-07T20:00:00Z,2026-07-08T06:00:00Z,2026-07-07T20:00:00+00:00,2026-07-07T22:59:59.999000+00:00,2026-07-07T23:00:00+00:00,2026-07-08T05:59:59.999000+00:00,222960,223560,600,180,420,7.0,600.0,2026-07,DESCRIPTIVE_EXPOSED,LISTING_AFTER_30_DAYS,ORDINARY_WEEKDAY_OVERNIGHT,READY,,0
HOODUSDT-O-20260708T200000Z,HOODUSDT,CRYPTO_SENSITIVE_EQUITY,O,,,,O:2026-07-08T20:00:00Z:2026-07-09T06:00:00Z,2026-07-08T20:00:00Z,2026-07-09T06:00:00Z,2026-07-08T20:00:00+00:00,2026-07-08T22:59:59.999000+00:00,2026-07-08T23:00:00+00:00,2026-07-09T05:59:59.999000+00:00,224400,225000,600,180,420,7.0,600.0,2026-07,DESCRIPTIVE_EXPOSED,LISTING_AFTER_30_DAYS,ORDINARY_WEEKDAY_OVERNIGHT,READY,,0
HOODUSDT-O-20260709T200000Z,HOODUSDT,CRYPTO_SENSITIVE_EQUITY,O,,,,O:2026-07-09T20:00:00Z:2026-07-10T06:00:00Z,2026-07-09T20:00:00Z,2026-07-10T06:00:00Z,2026-07-09T20:00:00+00:00,2026-07-09T22:59:59.999000+00:00,2026-07-09T23:00:00+00:00,2026-07-10T05:59:59.999000+00:00,225840,226440,600,180,420,7.0,600.0,2026-07,DESCRIPTIVE_EXPOSED,LISTING_AFTER_30_DAYS,ORDINARY_WEEKDAY_OVERNIGHT,READY,,0
HOODUSDT-O-20260713T200000Z,HOODUSDT,CRYPTO_SENSITIVE_EQUITY,O,,,,O:2026-07-13T20:00:00Z:2026-07-14T06:00:00Z,2026-07-13T20:00:00Z,2026-07-14T06:00:00Z,2026-07-13T20:00:00+00:00,2026-07-13T22:59:59.999000+00:00,2026-07-13T23:00:00+00:00,2026-07-14T05:59:59.999000+00:00,231600,232200,600,180,420,7.0,600.0,2026-07,DESCRIPTIVE_EXPOSED,LISTING_AFTER_30_DAYS,ORDINARY_WEEKDAY_OVERNIGHT,READY,,0
HOODUSDT-O-20260714T200000Z,HOODUSDT,CRYPTO_SENSITIVE_EQUITY,O,,,,O:2026-07-14T20:00:00Z:2026-07-15T06:00:00Z,2026-07-14T20:00:00Z,2026-07-15T06:00:00Z,2026-07-14T20:00:00+00:00,2026-07-14T22:59:59.999000+00:00,2026-07-14T23:00:00+00:00,2026-07-15T05:59:59.999000+00:00,233040,233640,600,180,420,7.0,600.0,2026-07,DESCRIPTIVE_EXPOSED,LISTING_AFTER_30_DAYS,ORDINARY_WEEKDAY_OVERNIGHT,READY,,0
HOODUSDT-O-20260715T200000Z,HOODUSDT,CRYPTO_SENSITIVE_EQUITY,O,,,,O:2026-07-15T20:00:00Z:2026-07-16T06:00:00Z,2026-07-15T20:00:00Z,2026-07-16T06:00:00Z,2026-07-15T20:00:00+00:00,2026-07-15T22:59:59.999000+00:00,2026-07-15T23:00:00+00:00,2026-07-16T05:59:59.999000+00:00,234480,235080,600,180,420,7.0,600.0,2026-07,DESCRIPTIVE_EXPOSED,LISTING_AFTER_30_DAYS,ORDINARY_WEEKDAY_OVERNIGHT,READY,,0
HOODUSDT-O-20260716T200000Z,HOODUSDT,CRYPTO_SENSITIVE_EQUITY,O,,,,O:2026-07-16T20:00:00Z:2026-07-17T06:00:00Z,2026-07-16T20:00:00Z,2026-07-17T06:00:00Z,2026-07-16T20:00:00+00:00,2026-07-16T22:59:59.999000+00:00,2026-07-16T23:00:00+00:00,2026-07-17T05:59:59.999000+00:00,235920,236520,600,180,420,7.0,600.0,2026-07,DESCRIPTIVE_EXPOSED,LISTING_AFTER_30_DAYS,ORDINARY_WEEKDAY_OVERNIGHT,READY,,0
HOODUSDT-O-20260720T200000Z,HOODUSDT,CRYPTO_SENSITIVE_EQUITY,O,,,,O:2026-07-20T20:00:00Z:2026-07-21T06:00:00Z,2026-07-20T20:00:00Z,2026-07-21T06:00:00Z,2026-07-20T20:00:00+00:00,2026-07-20T22:59:59.999000+00:00,2026-07-20T23:00:00+00:00,2026-07-21T05:59:59.999000+00:00,241680,242280,600,180,420,7.0,600.0,2026-07,DESCRIPTIVE_EXPOSED,LISTING_AFTER_30_DAYS,ORDINARY_WEEKDAY_OVERNIGHT,READY,,0
HOODUSDT-O-20260721T200000Z,HOODUSDT,CRYPTO_SENSITIVE_EQUITY,O,,,,O:2026-07-21T20:00:00Z:2026-07-22T06:00:00Z,2026-07-21T20:00:00Z,2026-07-22T06:00:00Z,2026-07-21T20:00:00+00:00,2026-07-21T22:59:59.999000+00:00,2026-07-21T23:00:00+00:00,2026-07-22T05:59:59.999000+00:00,243120,243720,600,180,420,7.0,600.0,2026-07,DESCRIPTIVE_EXPOSED,LISTING_AFTER_30_DAYS,ORDINARY_WEEKDAY_OVERNIGHT,READY,,0
HOODUSDT-O-20260722T200000Z,HOODUSDT,CRYPTO_SENSITIVE_EQUITY,O,,,,O:2026-07-22T20:00:00Z:2026-07-23T06:00:00Z,2026-07-22T20:00:00Z,2026-07-23T06:00:00Z,2026-07-22T20:00:00+00:00,2026-07-22T22:59:59.999000+00:00,2026-07-22T23:00:00+00:00,2026-07-23T05:59:59.999000+00:00,244560,245160,600,180,420,7.0,600.0,2026-07,DESCRIPTIVE_EXPOSED,LISTING_AFTER_30_DAYS,ORDINARY_WEEKDAY_OVERNIGHT,READY,,0
HOODUSDT-O-20260723T200000Z,HOODUSDT,CRYPTO_SENSITIVE_EQUITY,O,,,,O:2026-07-23T20:00:00Z:2026-07-24T06:00:00Z,2026-07-23T20:00:00Z,2026-07-24T06:00:00Z,2026-07-23T20:00:00+00:00,2026-07-23T22:59:59.999000+00:00,2026-07-23T23:00:00+00:00,2026-07-23T23:59:59.999000+00:00,246000,246240,240,180,60,1.0,600.0,2026-07,DESCRIPTIVE_EXPOSED,LISTING_AFTER_30_DAYS,ORDINARY_WEEKDAY_OVERNIGHT,READY,,0
HOODUSDT-O-20260120T210000Z,HOODUSDT,CRYPTO_SENSITIVE_EQUITY,O,,,,O:2026-01-20T21:00:00Z:2026-01-21T07:00:00Z,2026-01-20T21:00:00Z,2026-01-21T07:00:00Z,2026-01-20T21:00:00+00:00,2026-01-20T21:00:00+00:00,,,0,0,0,0,0,0.0,600.0,2026-01,DESCRIPTIVE_EXPOSED,LISTING_DAYS_1_14,ORDINARY_WEEKDAY_OVERNIGHT,SKIPPED,INSUFFICIENT_TRADABLE_ROWS,0
HOODUSDT-O-20260121T210000Z,HOODUSDT,CRYPTO_SENSITIVE_EQUITY,O,,,,O:2026-01-21T21:00:00Z:2026-01-22T07:00:00Z,2026-01-21T21:00:00Z,2026-01-22T07:00:00Z,2026-01-21T21:00:00+00:00,2026-01-21T21:00:00+00:00,,,0,0,0,0,0,0.0,600.0,2026-01,DESCRIPTIVE_EXPOSED,LISTING_DAYS_1_14,ORDINARY_WEEKDAY_OVERNIGHT,SKIPPED,INSUFFICIENT_TRADABLE_ROWS,0
HOODUSDT-O-20260122T210000Z,HOODUSDT,CRYPTO_SENSITIVE_EQUITY,O,,,,O:2026-01-22T21:00:00Z:2026-01-23T07:00:00Z,2026-01-22T21:00:00Z,2026-01-23T07:00:00Z,2026-01-22T21:00:00+00:00,2026-01-22T21:00:00+00:00,,,0,0,0,0,0,0.0,600.0,2026-01,DESCRIPTIVE_EXPOSED,LISTING_DAYS_1_14,ORDINARY_WEEKDAY_OVERNIGHT,SKIPPED,INSUFFICIENT_TRADABLE_ROWS,0
HOODUSDT-O-20260126T210000Z,HOODUSDT,CRYPTO_SENSITIVE_EQUITY,O,,,,O:2026-01-26T21:00:00Z:2026-01-27T07:00:00Z,2026-01-26T21:00:00Z,2026-01-27T07:00:00Z,2026-01-26T21:00:00+00:00,2026-01-26T21:00:00+00:00,,,0,0,0,0,0,0.0,600.0,2026-01,DESCRIPTIVE_EXPOSED,LISTING_DAYS_1_14,ORDINARY_WEEKDAY_OVERNIGHT,SKIPPED,INSUFFICIENT_TRADABLE_ROWS,0
HOODUSDT-O-20260127T210000Z,HOODUSDT,CRYPTO_SENSITIVE_EQUITY,O,,,,O:2026-01-27T21:00:00Z:2026-01-28T07:00:00Z,2026-01-27T21:00:00Z,2026-01-28T07:00:00Z,2026-01-27T21:00:00+00:00,2026-01-27T21:00:00+00:00,,,0,0,0,0,0,0.0,600.0,2026-01,DESCRIPTIVE_EXPOSED,LISTING_DAYS_1_14,ORDINARY_WEEKDAY_OVERNIGHT,SKIPPED,INSUFFICIENT_TRADABLE_ROWS,0
HOODUSDT-O-20260128T210000Z,HOODUSDT,CRYPTO_SENSITIVE_EQUITY,O,,,,O:2026-01-28T21:00:00Z:2026-01-29T07:00:00Z,2026-01-28T21:00:00Z,2026-01-29T07:00:00Z,2026-01-28T21:00:00+00:00,2026-01-28T21:00:00+00:00,,,0,0,0,0,0,0.0,600.0,2026-01,DESCRIPTIVE_EXPOSED,LISTING_DAYS_1_14,ORDINARY_WEEKDAY_OVERNIGHT,SKIPPED,INSUFFICIENT_TRADABLE_ROWS,0
HOODUSDT-O-20260129T210000Z,HOODUSDT,CRYPTO_SENSITIVE_EQUITY,O,,,,O:2026-01-29T21:00:00Z:2026-01-30T07:00:00Z,2026-01-29T21:00:00Z,2026-01-30T07:00:00Z,2026-01-29T21:00:00+00:00,2026-01-29T21:00:00+00:00,,,0,0,0,0,0,0.0,600.0,2026-01,DESCRIPTIVE_EXPOSED,LISTING_DAYS_1_14,ORDINARY_WEEKDAY_OVERNIGHT,SKIPPED,INSUFFICIENT_TRADABLE_ROWS,0
HOODUSDT-O-20260727T200000Z,HOODUSDT,CRYPTO_SENSITIVE_EQUITY,O,,,,O:2026-07-27T20:00:00Z:2026-07-28T06:00:00Z,2026-07-27T20:00:00Z,2026-07-28T06:00:00Z,2026-07-27T20:00:00+00:00,2026-07-27T20:00:00+00:00,,,246240,246240,0,0,0,0.0,600.0,2026-07,FORWARD_OOS_FUTURE,LISTING_AFTER_30_DAYS,ORDINARY_WEEKDAY_OVERNIGHT,SKIPPED,INSUFFICIENT_TRADABLE_ROWS,0
HOODUSDT-O-20260728T200000Z,HOODUSDT,CRYPTO_SENSITIVE_EQUITY,O,,,,O:2026-07-28T20:00:00Z:2026-07-29T06:00:00Z,2026-07-28T20:00:00Z,2026-07-29T06:00:00Z,2026-07-28T20:00:00+00:00,2026-07-28T20:00:00+00:00,,,246240,246240,0,0,0,0.0,600.0,2026-07,FORWARD_OOS_FUTURE,LISTING_AFTER_30_DAYS,ORDINARY_WEEKDAY_OVERNIGHT,SKIPPED,INSUFFICIENT_TRADABLE_ROWS,0
HOODUSDT-O-20260729T200000Z,HOODUSDT,CRYPTO_SENSITIVE_EQUITY,O,,,,O:2026-07-29T20:00:00Z:2026-07-30T06:00:00Z,2026-07-29T20:00:00Z,2026-07-30T06:00:00Z,2026-07-29T20:00:00+00:00,2026-07-29T20:00:00+00:00,,,246240,246240,0,0,0,0.0,600.0,2026-07,FORWARD_OOS_FUTURE,LISTING_AFTER_30_DAYS,ORDINARY_WEEKDAY_OVERNIGHT,SKIPPED,INSUFFICIENT_TRADABLE_ROWS,0
HOODUSDT-O-20260730T200000Z,HOODUSDT,CRYPTO_SENSITIVE_EQUITY,O,,,,O:2026-07-30T20:00:00Z:2026-07-31T06:00:00Z,2026-07-30T20:00:00Z,2026-07-31T06:00:00Z,2026-07-30T20:00:00+00:00,2026-07-30T20:00:00+00:00,,,246240,246240,0,0,0,0.0,600.0,2026-07,FORWARD_OOS_FUTURE,LISTING_AFTER_30_DAYS,ORDINARY_WEEKDAY_OVERNIGHT,SKIPPED,INSUFFICIENT_TRADABLE_ROWS,0
HOODUSDT-O-20260803T200000Z,HOODUSDT,CRYPTO_SENSITIVE_EQUITY,O,,,,O:2026-08-03T20:00:00Z:2026-08-04T06:00:00Z,2026-08-03T20:00:00Z,2026-08-04T06:00:00Z,2026-08-03T20:00:00+00:00,2026-08-03T20:00:00+00:00,,,246240,246240,0,0,0,0.0,600.0,2026-08,FORWARD_OOS_FUTURE,LISTING_AFTER_30_DAYS,ORDINARY_WEEKDAY_OVERNIGHT,SKIPPED,INSUFFICIENT_TRADABLE_ROWS,0
HOODUSDT-O-20260804T200000Z,HOODUSDT,CRYPTO_SENSITIVE_EQUITY,O,,,,O:2026-08-04T20:00:00Z:2026-08-05T06:00:00Z,2026-08-04T20:00:00Z,2026-08-05T06:00:00Z,2026-08-04T20:00:00+00:00,2026-08-04T20:00:00+00:00,,,246240,246240,0,0,0,0.0,600.0,2026-08,FORWARD_OOS_FUTURE,LISTING_AFTER_30_DAYS,ORDINARY_WEEKDAY_OVERNIGHT,SKIPPED,INSUFFICIENT_TRADABLE_ROWS,0
HOODUSDT-O-20260805T200000Z,HOODUSDT,CRYPTO_SENSITIVE_EQUITY,O,,,,O:2026-08-05T20:00:00Z:2026-08-06T06:00:00Z,2026-08-05T20:00:00Z,2026-08-06T06:00:00Z,2026-08-05T20:00:00+00:00,2026-08-05T20:00:00+00:00,,,246240,246240,0,0,0,0.0,600.0,2026-08,FORWARD_OOS_FUTURE,LISTING_AFTER_30_DAYS,ORDINARY_WEEKDAY_OVERNIGHT,SKIPPED,INSUFFICIENT_TRADABLE_ROWS,0
INTCUSDT-O-20260202T210000Z,INTCUSDT,TRADITIONAL_EQUITY,O,,,,O:2026-02-02T21:00:00Z:2026-02-03T07:00:00Z,2026-02-02T21:00:00Z,2026-02-03T07:00:00Z,2026-02-02T21:00:00+00:00,2026-02-03T02:59:59.999000+00:00,2026-02-03T03:00:00+00:00,2026-02-03T06:59:59.999000+00:00,0,420,420,180,240,4.0,600.0,2026-02,DESCRIPTIVE_EXPOSED,LISTING_DAYS_1_14,ORDINARY_WEEKDAY_OVERNIGHT,READY,,0
INTCUSDT-O-20260203T210000Z,INTCUSDT,TRADITIONAL_EQUITY,O,,,,O:2026-02-03T21:00:00Z:2026-02-04T07:00:00Z,2026-02-03T21:00:00Z,2026-02-04T07:00:00Z,2026-02-03T21:00:00+00:00,2026-02-03T23:59:59.999000+00:00,2026-02-04T00:00:00+00:00,2026-02-04T06:59:59.999000+00:00,1260,1860,600,180,420,7.0,600.0,2026-02,DESCRIPTIVE_EXPOSED,LISTING_DAYS_1_14,ORDINARY_WEEKDAY_OVERNIGHT,READY,,0
INTCUSDT-O-20260204T210000Z,INTCUSDT,TRADITIONAL_EQUITY,O,,,,O:2026-02-04T21:00:00Z:2026-02-05T07:00:00Z,2026-02-04T21:00:00Z,2026-02-05T07:00:00Z,2026-02-04T21:00:00+00:00,2026-02-04T23:59:59.999000+00:00,2026-02-05T00:00:00+00:00,2026-02-05T06:59:59.999000+00:00,2700,3300,600,180,420,7.0,600.0,2026-02,DESCRIPTIVE_EXPOSED,LISTING_DAYS_1_14,ORDINARY_WEEKDAY_OVERNIGHT,READY,,0
INTCUSDT-O-20260205T210000Z,INTCUSDT,TRADITIONAL_EQUITY,O,,,,O:2026-02-05T21:00:00Z:2026-02-06T07:00:00Z,2026-02-05T21:00:00Z,2026-02-06T07:00:00Z,2026-02-05T21:00:00+00:00,2026-02-05T23:59:59.999000+00:00,2026-02-06T00:00:00+00:00,2026-02-06T06:59:59.999000+00:00,4140,4740,600,180,420,7.0,600.0,2026-02,DESCRIPTIVE_EXPOSED,LISTING_DAYS_1_14,ORDINARY_WEEKDAY_OVERNIGHT,READY,,0
INTCUSDT-O-20260209T210000Z,INTCUSDT,TRADITIONAL_EQUITY,O,,,,O:2026-02-09T21:00:00Z:2026-02-10T07:00:00Z,2026-02-09T21:00:00Z,2026-02-10T07:00:00Z,2026-02-09T21:00:00+00:00,2026-02-09T23:59:59.999000+00:00,2026-02-10T00:00:00+00:00,2026-02-10T06:59:59.999000+00:00,9900,10500,600,180,420,7.0,600.0,2026-02,DESCRIPTIVE_EXPOSED,LISTING_DAYS_1_14,ORDINARY_WEEKDAY_OVERNIGHT,READY,,0
INTCUSDT-O-20260210T210000Z,INTCUSDT,TRADITIONAL_EQUITY,O,,,,O:2026-02-10T21:00:00Z:2026-02-11T07:00:00Z,2026-02-10T21:00:00Z,2026-02-11T07:00:00Z,2026-02-10T21:00:00+00:00,2026-02-10T23:59:59.999000+00:00,2026-02-11T00:00:00+00:00,2026-02-11T06:59:59.999000+00:00,11340,11940,600,180,420,7.0,600.0,2026-02,DESCRIPTIVE_EXPOSED,LISTING_DAYS_1_14,ORDINARY_WEEKDAY_OVERNIGHT,READY,,0
INTCUSDT-O-20260211T210000Z,INTCUSDT,TRADITIONAL_EQUITY,O,,,,O:2026-02-11T21:00:00Z:2026-02-12T07:00:00Z,2026-02-11T21:00:00Z,2026-02-12T07:00:00Z,2026-02-11T21:00:00+00:00,2026-02-11T23:59:59.999000+00:00,2026-02-12T00:00:00+00:00,2026-02-12T06:59:59.999000+00:00,12780,13380,600,180,420,7.0,600.0,2026-02,DESCRIPTIVE_EXPOSED,LISTING_DAYS_1_14,ORDINARY_WEEKDAY_OVERNIGHT,READY,,0
INTCUSDT-O-20260212T210000Z,INTCUSDT,TRADITIONAL_EQUITY,O,,,,O:2026-02-12T21:00:00Z:2026-02-13T07:00:00Z,2026-02-12T21:00:00Z,2026-02-13T07:00:00Z,2026-02-12T21:00:00+00:00,2026-02-12T23:59:59.999000+00:00,2026-02-13T00:00:00+00:00,2026-02-13T06:59:59.999000+00:00,14220,14820,600,180,420,7.0,600.0,2026-02,DESCRIPTIVE_EXPOSED,LISTING_DAYS_1_14,ORDINARY_WEEKDAY_OVERNIGHT,READY,,0
INTCUSDT-O-20260217T210000Z,INTCUSDT,TRADITIONAL_EQUITY,O,,,,O:2026-02-17T21:00:00Z:2026-02-18T07:00:00Z,2026-02-17T21:00:00Z,2026-02-18T07:00:00Z,2026-02-17T21:00:00+00:00,2026-02-17T23:59:59.999000+00:00,2026-02-18T00:00:00+00:00,2026-02-18T06:59:59.999000+00:00,21420,22020,600,180,420,7.0,600.0,2026-02,DESCRIPTIVE_EXPOSED,LISTING_DAYS_15_30,ORDINARY_WEEKDAY_OVERNIGHT,READY,,0
INTCUSDT-O-20260218T210000Z,INTCUSDT,TRADITIONAL_EQUITY,O,,,,O:2026-02-18T21:00:00Z:2026-02-19T07:00:00Z,2026-02-18T21:00:00Z,2026-02-19T07:00:00Z,2026-02-18T21:00:00+00:00,2026-02-18T23:59:59.999000+00:00,2026-02-19T00:00:00+00:00,2026-02-19T06:59:59.999000+00:00,22860,23460,600,180,420,7.0,600.0,2026-02,DESCRIPTIVE_EXPOSED,LISTING_DAYS_15_30,ORDINARY_WEEKDAY_OVERNIGHT,READY,,0
INTCUSDT-O-20260219T210000Z,INTCUSDT,TRADITIONAL_EQUITY,O,,,,O:2026-02-19T21:00:00Z:2026-02-20T07:00:00Z,2026-02-19T21:00:00Z,2026-02-20T07:00:00Z,2026-02-19T21:00:00+00:00,2026-02-19T23:59:59.999000+00:00,2026-02-20T00:00:00+00:00,2026-02-20T06:59:59.999000+00:00,24300,24900,600,180,420,7.0,600.0,2026-02,DESCRIPTIVE_EXPOSED,LISTING_DAYS_15_30,ORDINARY_WEEKDAY_OVERNIGHT,READY,,0
INTCUSDT-O-20260223T210000Z,INTCUSDT,TRADITIONAL_EQUITY,O,,,,O:2026-02-23T21:00:00Z:2026-02-24T07:00:00Z,2026-02-23T21:00:00Z,2026-02-24T07:00:00Z,2026-02-23T21:00:00+00:00,2026-02-23T23:59:59.999000+00:00,2026-02-24T00:00:00+00:00,2026-02-24T06:59:59.999000+00:00,30060,30660,600,180,420,7.0,600.0,2026-02,DESCRIPTIVE_EXPOSED,LISTING_DAYS_15_30,ORDINARY_WEEKDAY_OVERNIGHT,READY,,0
INTCUSDT-O-20260224T210000Z,INTCUSDT,TRADITIONAL_EQUITY,O,,,,O:2026-02-24T21:00:00Z:2026-02-25T07:00:00Z,2026-02-24T21:00:00Z,2026-02-25T07:00:00Z,2026-02-24T21:00:00+00:00,2026-02-24T23:59:59.999000+00:00,2026-02-25T00:00:00+00:00,2026-02-25T06:59:59.999000+00:00,31500,32100,600,180,420,7.0,600.0,2026-02,DESCRIPTIVE_EXPOSED,LISTING_DAYS_15_30,ORDINARY_WEEKDAY_OVERNIGHT,READY,,0
INTCUSDT-O-20260225T210000Z,INTCUSDT,TRADITIONAL_EQUITY,O,,,,O:2026-02-25T21:00:00Z:2026-02-26T07:00:00Z,2026-02-25T21:00:00Z,2026-02-26T07:00:00Z,2026-02-25T21:00:00+00:00,2026-02-25T23:59:59.999000+00:00,2026-02-26T00:00:00+00:00,2026-02-26T06:59:59.999000+00:00,32940,33540,600,180,420,7.0,600.0,2026-02,DESCRIPTIVE_EXPOSED,LISTING_DAYS_15_30,ORDINARY_WEEKDAY_OVERNIGHT,READY,,0
INTCUSDT-O-20260226T210000Z,INTCUSDT,TRADITIONAL_EQUITY,O,,,,O:2026-02-26T21:00:00Z:2026-02-27T07:00:00Z,2026-02-26T21:00:00Z,2026-02-27T07:00:00Z,2026-02-26T21:00:00+00:00,2026-02-26T23:59:59.999000+00:00,2026-02-27T00:00:00+00:00,2026-02-27T06:59:59.999000+00:00,34380,34980,600,180,420,7.0,600.0,2026-02,DESCRIPTIVE_EXPOSED,LISTING_DAYS_15_30,ORDINARY_WEEKDAY_OVERNIGHT,READY,,0
INTCUSDT-O-20260302T210000Z,INTCUSDT,TRADITIONAL_EQUITY,O,,,,O:2026-03-02T21:00:00Z:2026-03-03T07:00:00Z,2026-03-02T21:00:00Z,2026-03-03T07:00:00Z,2026-03-02T21:00:00+00:00,2026-03-02T23:59:59.999000+00:00,2026-03-03T00:00:00+00:00,2026-03-03T06:59:59.999000+00:00,40140,40740,600,180,420,7.0,600.0,2026-03,RESEARCH_DEVELOPMENT,LISTING_DAYS_15_30,ORDINARY_WEEKDAY_OVERNIGHT,READY,,0
INTCUSDT-O-20260303T210000Z,INTCUSDT,TRADITIONAL_EQUITY,O,,,,O:2026-03-03T21:00:00Z:2026-03-04T07:00:00Z,2026-03-03T21:00:00Z,2026-03-04T07:00:00Z,2026-03-03T21:00:00+00:00,2026-03-03T23:59:59.999000+00:00,2026-03-04T00:00:00+00:00,2026-03-04T06:59:59.999000+00:00,41580,42180,600,180,420,7.0,600.0,2026-03,RESEARCH_DEVELOPMENT,LISTING_DAYS_15_30,ORDINARY_WEEKDAY_OVERNIGHT,READY,,0
INTCUSDT-O-20260304T210000Z,INTCUSDT,TRADITIONAL_EQUITY,O,,,,O:2026-03-04T21:00:00Z:2026-03-05T07:00:00Z,2026-03-04T21:00:00Z,2026-03-05T07:00:00Z,2026-03-04T21:00:00+00:00,2026-03-04T23:59:59.999000+00:00,2026-03-05T00:00:00+00:00,2026-03-05T06:59:59.999000+00:00,43020,43620,600,180,420,7.0,600.0,2026-03,RESEARCH_DEVELOPMENT,LISTING_DAYS_15_30,ORDINARY_WEEKDAY_OVERNIGHT,READY,,0
INTCUSDT-O-20260305T210000Z,INTCUSDT,TRADITIONAL_EQUITY,O,,,,O:2026-03-05T21:00:00Z:2026-03-06T07:00:00Z,2026-03-05T21:00:00Z,2026-03-06T07:00:00Z,2026-03-05T21:00:00+00:00,2026-03-05T23:59:59.999000+00:00,2026-03-06T00:00:00+00:00,2026-03-06T06:59:59.999000+00:00,44460,45060,600,180,420,7.0,600.0,2026-03,RESEARCH_DEVELOPMENT,LISTING_AFTER_30_DAYS,ORDINARY_WEEKDAY_OVERNIGHT,READY,,0
INTCUSDT-O-20260309T200000Z,INTCUSDT,TRADITIONAL_EQUITY,O,,,,O:2026-03-09T20:00:00Z:2026-03-10T06:00:00Z,2026-03-09T20:00:00Z,2026-03-10T06:00:00Z,2026-03-09T20:00:00+00:00,2026-03-09T22:59:59.999000+00:00,2026-03-09T23:00:00+00:00,2026-03-10T05:59:59.999000+00:00,50160,50760,600,180,420,7.0,600.0,2026-03,RESEARCH_DEVELOPMENT,LISTING_AFTER_30_DAYS,ORDINARY_WEEKDAY_OVERNIGHT,READY,,0
INTCUSDT-O-20260310T200000Z,INTCUSDT,TRADITIONAL_EQUITY,O,,,,O:2026-03-10T20:00:00Z:2026-03-11T06:00:00Z,2026-03-10T20:00:00Z,2026-03-11T06:00:00Z,2026-03-10T20:00:00+00:00,2026-03-10T22:59:59.999000+00:00,2026-03-10T23:00:00+00:00,2026-03-11T05:59:59.999000+00:00,51600,52200,600,180,420,7.0,600.0,2026-03,RESEARCH_DEVELOPMENT,LISTING_AFTER_30_DAYS,ORDINARY_WEEKDAY_OVERNIGHT,READY,,0
INTCUSDT-O-20260311T200000Z,INTCUSDT,TRADITIONAL_EQUITY,O,,,,O:2026-03-11T20:00:00Z:2026-03-12T06:00:00Z,2026-03-11T20:00:00Z,2026-03-12T06:00:00Z,2026-03-11T20:00:00+00:00,2026-03-11T22:59:59.999000+00:00,2026-03-11T23:00:00+00:00,2026-03-12T05:59:59.999000+00:00,53040,53640,600,180,420,7.0,600.0,2026-03,RESEARCH_DEVELOPMENT,LISTING_AFTER_30_DAYS,ORDINARY_WEEKDAY_OVERNIGHT,READY,,0
INTCUSDT-O-20260312T200000Z,INTCUSDT,TRADITIONAL_EQUITY,O,,,,O:2026-03-12T20:00:00Z:2026-03-13T06:00:00Z,2026-03-12T20:00:00Z,2026-03-13T06:00:00Z,2026-03-12T20:00:00+00:00,2026-03-12T22:59:59.999000+00:00,2026-03-12T23:00:00+00:00,2026-03-13T05:59:59.999000+00:00,54480,55080,600,180,420,7.0,600.0,2026-03,RESEARCH_DEVELOPMENT,LISTING_AFTER_30_DAYS,ORDINARY_WEEKDAY_OVERNIGHT,READY,,0
INTCUSDT-O-20260316T200000Z,INTCUSDT,TRADITIONAL_EQUITY,O,,,,O:2026-03-16T20:00:00Z:2026-03-17T06:00:00Z,2026-03-16T20:00:00Z,2026-03-17T06:00:00Z,2026-03-16T20:00:00+00:00,2026-03-16T22:59:59.999000+00:00,2026-03-16T23:00:00+00:00,2026-03-17T05:59:59.999000+00:00,60240,60840,600,180,420,7.0,600.0,2026-03,RESEARCH_DEVELOPMENT,LISTING_AFTER_30_DAYS,ORDINARY_WEEKDAY_OVERNIGHT,READY,,0
INTCUSDT-O-20260317T200000Z,INTCUSDT,TRADITIONAL_EQUITY,O,,,,O:2026-03-17T20:00:00Z:2026-03-18T06:00:00Z,2026-03-17T20:00:00Z,2026-03-18T06:00:00Z,2026-03-17T20:00:00+00:00,2026-03-17T22:59:59.999000+00:00,2026-03-17T23:00:00+00:00,2026-03-18T05:59:59.999000+00:00,61680,62280,600,180,420,7.0,600.0,2026-03,RESEARCH_DEVELOPMENT,LISTING_AFTER_30_DAYS,ORDINARY_WEEKDAY_OVERNIGHT,READY,,0
INTCUSDT-O-20260318T200000Z,INTCUSDT,TRADITIONAL_EQUITY,O,,,,O:2026-03-18T20:00:00Z:2026-03-19T06:00:00Z,2026-03-18T20:00:00Z,2026-03-19T06:00:00Z,2026-03-18T20:00:00+00:00,2026-03-18T22:59:59.999000+00:00,2026-03-18T23:00:00+00:00,2026-03-19T05:59:59.999000+00:00,63120,63720,600,180,420,7.0,600.0,2026-03,RESEARCH_DEVELOPMENT,LISTING_AFTER_30_DAYS,ORDINARY_WEEKDAY_OVERNIGHT,READY,,0
INTCUSDT-O-20260319T200000Z,INTCUSDT,TRADITIONAL_EQUITY,O,,,,O:2026-03-19T20:00:00Z:2026-03-20T06:00:00Z,2026-03-19T20:00:00Z,2026-03-20T06:00:00Z,2026-03-19T20:00:00+00:00,2026-03-19T22:59:59.999000+00:00,2026-03-19T23:00:00+00:00,2026-03-20T05:59:59.999000+00:00,64560,65160,600,180,420,7.0,600.0,2026-03,RESEARCH_DEVELOPMENT,LISTING_AFTER_30_DAYS,ORDINARY_WEEKDAY_OVERNIGHT,READY,,0
INTCUSDT-O-20260323T200000Z,INTCUSDT,TRADITIONAL_EQUITY,O,,,,O:2026-03-23T20:00:00Z:2026-03-24T06:00:00Z,2026-03-23T20:00:00Z,2026-03-24T06:00:00Z,2026-03-23T20:00:00+00:00,2026-03-23T22:59:59.999000+00:00,2026-03-23T23:00:00+00:00,2026-03-24T05:59:59.999000+00:00,70320,70920,600,180,420,7.0,600.0,2026-03,RESEARCH_DEVELOPMENT,LISTING_AFTER_30_DAYS,ORDINARY_WEEKDAY_OVERNIGHT,READY,,0
INTCUSDT-O-20260324T200000Z,INTCUSDT,TRADITIONAL_EQUITY,O,,,,O:2026-03-24T20:00:00Z:2026-03-25T06:00:00Z,2026-03-24T20:00:00Z,2026-03-25T06:00:00Z,2026-03-24T20:00:00+00:00,2026-03-24T22:59:59.999000+00:00,2026-03-24T23:00:00+00:00,2026-03-25T05:59:59.999000+00:00,71760,72360,600,180,420,7.0,600.0,2026-03,RESEARCH_DEVELOPMENT,LISTING_AFTER_30_DAYS,ORDINARY_WEEKDAY_OVERNIGHT,READY,,0
INTCUSDT-O-20260325T200000Z,INTCUSDT,TRADITIONAL_EQUITY,O,,,,O:2026-03-25T20:00:00Z:2026-03-26T06:00:00Z,2026-03-25T20:00:00Z,2026-03-26T06:00:00Z,2026-03-25T20:00:00+00:00,2026-03-25T22:59:59.999000+00:00,2026-03-25T23:00:00+00:00,2026-03-26T05:59:59.999000+00:00,73200,73800,600,180,420,7.0,600.0,2026-03,RESEARCH_DEVELOPMENT,LISTING_AFTER_30_DAYS,ORDINARY_WEEKDAY_OVERNIGHT,READY,,0
INTCUSDT-O-20260326T200000Z,INTCUSDT,TRADITIONAL_EQUITY,O,,,,O:2026-03-26T20:00:00Z:2026-03-27T06:00:00Z,2026-03-26T20:00:00Z,2026-03-27T06:00:00Z,2026-03-26T20:00:00+00:00,2026-03-26T22:59:59.999000+00:00,2026-03-26T23:00:00+00:00,2026-03-27T05:59:59.999000+00:00,74640,75240,600,180,420,7.0,600.0,2026-03,RESEARCH_DEVELOPMENT,LISTING_AFTER_30_DAYS,ORDINARY_WEEKDAY_OVERNIGHT,READY,,0
INTCUSDT-O-20260330T200000Z,INTCUSDT,TRADITIONAL_EQUITY,O,,,,O:2026-03-30T20:00:00Z:2026-03-31T06:00:00Z,2026-03-30T20:00:00Z,2026-03-31T06:00:00Z,2026-03-30T20:00:00+00:00,2026-03-30T22:59:59.999000+00:00,2026-03-30T23:00:00+00:00,2026-03-31T05:59:59.999000+00:00,80400,81000,600,180,420,7.0,600.0,2026-03,RESEARCH_DEVELOPMENT,LISTING_AFTER_30_DAYS,ORDINARY_WEEKDAY_OVERNIGHT,READY,,0
INTCUSDT-O-20260331T200000Z,INTCUSDT,TRADITIONAL_EQUITY,O,,,,O:2026-03-31T20:00:00Z:2026-04-01T06:00:00Z,2026-03-31T20:00:00Z,2026-04-01T06:00:00Z,2026-03-31T20:00:00+00:00,2026-03-31T22:59:59.999000+00:00,2026-03-31T23:00:00+00:00,2026-04-01T05:59:59.999000+00:00,81840,82440,600,180,420,7.0,600.0,2026-03,RESEARCH_DEVELOPMENT,LISTING_AFTER_30_DAYS,ORDINARY_WEEKDAY_OVERNIGHT,READY,,0
INTCUSDT-O-20260401T200000Z,INTCUSDT,TRADITIONAL_EQUITY,O,,,,O:2026-04-01T20:00:00Z:2026-04-02T06:00:00Z,2026-04-01T20:00:00Z,2026-04-02T06:00:00Z,2026-04-01T20:00:00+00:00,2026-04-01T22:59:59.999000+00:00,2026-04-01T23:00:00+00:00,2026-04-02T05:59:59.999000+00:00,83280,83880,600,180,420,7.0,600.0,2026-04,RESEARCH_DEVELOPMENT,LISTING_AFTER_30_DAYS,ORDINARY_WEEKDAY_OVERNIGHT,READY,,0
INTCUSDT-O-20260406T200000Z,INTCUSDT,TRADITIONAL_EQUITY,O,,,,O:2026-04-06T20:00:00Z:2026-04-07T06:00:00Z,2026-04-06T20:00:00Z,2026-04-07T06:00:00Z,2026-04-06T20:00:00+00:00,2026-04-06T22:59:59.999000+00:00,2026-04-06T23:00:00+00:00,2026-04-07T05:59:59.999000+00:00,90480,91080,600,180,420,7.0,600.0,2026-04,RESEARCH_DEVELOPMENT,LISTING_AFTER_30_DAYS,ORDINARY_WEEKDAY_OVERNIGHT,READY,,0
INTCUSDT-O-20260407T200000Z,INTCUSDT,TRADITIONAL_EQUITY,O,,,,O:2026-04-07T20:00:00Z:2026-04-08T06:00:00Z,2026-04-07T20:00:00Z,2026-04-08T06:00:00Z,2026-04-07T20:00:00+00:00,2026-04-07T22:59:59.999000+00:00,2026-04-07T23:00:00+00:00,2026-04-08T05:59:59.999000+00:00,91920,92520,600,180,420,7.0,600.0,2026-04,RESEARCH_DEVELOPMENT,LISTING_AFTER_30_DAYS,ORDINARY_WEEKDAY_OVERNIGHT,READY,,0
INTCUSDT-O-20260408T200000Z,INTCUSDT,TRADITIONAL_EQUITY,O,,,,O:2026-04-08T20:00:00Z:2026-04-09T06:00:00Z,2026-04-08T20:00:00Z,2026-04-09T06:00:00Z,2026-04-08T20:00:00+00:00,2026-04-08T22:59:59.999000+00:00,2026-04-08T23:00:00+00:00,2026-04-09T05:59:59.999000+00:00,93360,93960,600,180,420,7.0,600.0,2026-04,RESEARCH_DEVELOPMENT,LISTING_AFTER_30_DAYS,ORDINARY_WEEKDAY_OVERNIGHT,READY,,0
INTCUSDT-O-20260409T200000Z,INTCUSDT,TRADITIONAL_EQUITY,O,,,,O:2026-04-09T20:00:00Z:2026-04-10T06:00:00Z,2026-04-09T20:00:00Z,2026-04-10T06:00:00Z,2026-04-09T20:00:00+00:00,2026-04-09T22:59:59.999000+00:00,2026-04-09T23:00:00+00:00,2026-04-10T05:59:59.999000+00:00,94800,95400,600,180,420,7.0,600.0,2026-04,RESEARCH_DEVELOPMENT,LISTING_AFTER_30_DAYS,ORDINARY_WEEKDAY_OVERNIGHT,READY,,0
INTCUSDT-O-20260413T200000Z,INTCUSDT,TRADITIONAL_EQUITY,O,,,,O:2026-04-13T20:00:00Z:2026-04-14T06:00:00Z,2026-04-13T20:00:00Z,2026-04-14T06:00:00Z,2026-04-13T20:00:00+00:00,2026-04-13T22:59:59.999000+00:00,2026-04-13T23:00:00+00:00,2026-04-14T05:59:59.999000+00:00,100560,101160,600,180,420,7.0,600.0,2026-04,RESEARCH_DEVELOPMENT,LISTING_AFTER_30_DAYS,ORDINARY_WEEKDAY_OVERNIGHT,READY,,0
INTCUSDT-O-20260414T200000Z,INTCUSDT,TRADITIONAL_EQUITY,O,,,,O:2026-04-14T20:00:00Z:2026-04-15T06:00:00Z,2026-04-14T20:00:00Z,2026-04-15T06:00:00Z,2026-04-14T20:00:00+00:00,2026-04-14T22:59:59.999000+00:00,2026-04-14T23:00:00+00:00,2026-04-15T05:59:59.999000+00:00,102000,102600,600,180,420,7.0,600.0,2026-04,RESEARCH_DEVELOPMENT,LISTING_AFTER_30_DAYS,ORDINARY_WEEKDAY_OVERNIGHT,READY,,0
INTCUSDT-O-20260415T200000Z,INTCUSDT,TRADITIONAL_EQUITY,O,,,,O:2026-04-15T20:00:00Z:2026-04-16T06:00:00Z,2026-04-15T20:00:00Z,2026-04-16T06:00:00Z,2026-04-15T20:00:00+00:00,2026-04-15T22:59:59.999000+00:00,2026-04-15T23:00:00+00:00,2026-04-16T05:59:59.999000+00:00,103440,104040,600,180,420,7.0,600.0,2026-04,RESEARCH_DEVELOPMENT,LISTING_AFTER_30_DAYS,ORDINARY_WEEKDAY_OVERNIGHT,READY,,0
INTCUSDT-O-20260416T200000Z,INTCUSDT,TRADITIONAL_EQUITY,O,,,,O:2026-04-16T20:00:00Z:2026-04-17T06:00:00Z,2026-04-16T20:00:00Z,2026-04-17T06:00:00Z,2026-04-16T20:00:00+00:00,2026-04-16T22:59:59.999000+00:00,2026-04-16T23:00:00+00:00,2026-04-17T05:59:59.999000+00:00,104880,105480,600,180,420,7.0,600.0,2026-04,RESEARCH_DEVELOPMENT,LISTING_AFTER_30_DAYS,ORDINARY_WEEKDAY_OVERNIGHT,READY,,0
INTCUSDT-O-20260420T200000Z,INTCUSDT,TRADITIONAL_EQUITY,O,,,,O:2026-04-20T20:00:00Z:2026-04-21T06:00:00Z,2026-04-20T20:00:00Z,2026-04-21T06:00:00Z,2026-04-20T20:00:00+00:00,2026-04-20T22:59:59.999000+00:00,2026-04-20T23:00:00+00:00,2026-04-21T05:59:59.999000+00:00,110640,111240,600,180,420,7.0,600.0,2026-04,RESEARCH_DEVELOPMENT,LISTING_AFTER_30_DAYS,ORDINARY_WEEKDAY_OVERNIGHT,READY,,0
INTCUSDT-O-20260421T200000Z,INTCUSDT,TRADITIONAL_EQUITY,O,,,,O:2026-04-21T20:00:00Z:2026-04-22T06:00:00Z,2026-04-21T20:00:00Z,2026-04-22T06:00:00Z,2026-04-21T20:00:00+00:00,2026-04-21T22:59:59.999000+00:00,2026-04-21T23:00:00+00:00,2026-04-22T05:59:59.999000+00:00,112080,112680,600,180,420,7.0,600.0,2026-04,RESEARCH_DEVELOPMENT,LISTING_AFTER_30_DAYS,ORDINARY_WEEKDAY_OVERNIGHT,READY,,0
INTCUSDT-O-20260422T200000Z,INTCUSDT,TRADITIONAL_EQUITY,O,,,,O:2026-04-22T20:00:00Z:2026-04-23T06:00:00Z,2026-04-22T20:00:00Z,2026-04-23T06:00:00Z,2026-04-22T20:00:00+00:00,2026-04-22T22:59:59.999000+00:00,2026-04-22T23:00:00+00:00,2026-04-23T05:59:59.999000+00:00,113520,114120,600,180,420,7.0,600.0,2026-04,RESEARCH_DEVELOPMENT,LISTING_AFTER_30_DAYS,ORDINARY_WEEKDAY_OVERNIGHT,READY,,0
INTCUSDT-O-20260423T200000Z,INTCUSDT,TRADITIONAL_EQUITY,O,,,,O:2026-04-23T20:00:00Z:2026-04-24T06:00:00Z,2026-04-23T20:00:00Z,2026-04-24T06:00:00Z,2026-04-23T20:00:00+00:00,2026-04-23T22:59:59.999000+00:00,2026-04-23T23:00:00+00:00,2026-04-24T05:59:59.999000+00:00,114960,115560,600,180,420,7.0,600.0,2026-04,RESEARCH_DEVELOPMENT,LISTING_AFTER_30_DAYS,ORDINARY_WEEKDAY_OVERNIGHT,READY,,0
INTCUSDT-O-20260427T200000Z,INTCUSDT,TRADITIONAL_EQUITY,O,,,,O:2026-04-27T20:00:00Z:2026-04-28T06:00:00Z,2026-04-27T20:00:00Z,2026-04-28T06:00:00Z,2026-04-27T20:00:00+00:00,2026-04-27T22:59:59.999000+00:00,2026-04-27T23:00:00+00:00,2026-04-28T05:59:59.999000+00:00,120720,121320,600,180,420,7.0,600.0,2026-04,RESEARCH_DEVELOPMENT,LISTING_AFTER_30_DAYS,ORDINARY_WEEKDAY_OVERNIGHT,READY,,0
INTCUSDT-O-20260428T200000Z,INTCUSDT,TRADITIONAL_EQUITY,O,,,,O:2026-04-28T20:00:00Z:2026-04-29T06:00:00Z,2026-04-28T20:00:00Z,2026-04-29T06:00:00Z,2026-04-28T20:00:00+00:00,2026-04-28T22:59:59.999000+00:00,2026-04-28T23:00:00+00:00,2026-04-29T05:59:59.999000+00:00,122160,122760,600,180,420,7.0,600.0,2026-04,RESEARCH_DEVELOPMENT,LISTING_AFTER_30_DAYS,ORDINARY_WEEKDAY_OVERNIGHT,READY,,0
INTCUSDT-O-20260429T200000Z,INTCUSDT,TRADITIONAL_EQUITY,O,,,,O:2026-04-29T20:00:00Z:2026-04-30T06:00:00Z,2026-04-29T20:00:00Z,2026-04-30T06:00:00Z,2026-04-29T20:00:00+00:00,2026-04-29T22:59:59.999000+00:00,2026-04-29T23:00:00+00:00,2026-04-30T05:59:59.999000+00:00,123600,124200,600,180,420,7.0,600.0,2026-04,RESEARCH_DEVELOPMENT,LISTING_AFTER_30_DAYS,ORDINARY_WEEKDAY_OVERNIGHT,READY,,0
INTCUSDT-O-20260430T200000Z,INTCUSDT,TRADITIONAL_EQUITY,O,,,,O:2026-04-30T20:00:00Z:2026-05-01T06:00:00Z,2026-04-30T20:00:00Z,2026-05-01T06:00:00Z,2026-04-30T20:00:00+00:00,2026-04-30T22:59:59.999000+00:00,2026-04-30T23:00:00+00:00,2026-05-01T05:59:59.999000+00:00,125040,125640,600,180,420,7.0,600.0,2026-04,RESEARCH_DEVELOPMENT,LISTING_AFTER_30_DAYS,ORDINARY_WEEKDAY_OVERNIGHT,READY,,0
INTCUSDT-O-20260504T200000Z,INTCUSDT,TRADITIONAL_EQUITY,O,,,,O:2026-05-04T20:00:00Z:2026-05-05T06:00:00Z,2026-05-04T20:00:00Z,2026-05-05T06:00:00Z,2026-05-04T20:00:00+00:00,2026-05-04T22:59:59.999000+00:00,2026-05-04T23:00:00+00:00,2026-05-05T05:59:59.999000+00:00,130800,131400,600,180,420,7.0,600.0,2026-05,RESEARCH_DEVELOPMENT,LISTING_AFTER_30_DAYS,ORDINARY_WEEKDAY_OVERNIGHT,READY,,0
INTCUSDT-O-20260505T200000Z,INTCUSDT,TRADITIONAL_EQUITY,O,,,,O:2026-05-05T20:00:00Z:2026-05-06T06:00:00Z,2026-05-05T20:00:00Z,2026-05-06T06:00:00Z,2026-05-05T20:00:00+00:00,2026-05-05T22:59:59.999000+00:00,2026-05-05T23:00:00+00:00,2026-05-06T05:59:59.999000+00:00,132240,132840,600,180,420,7.0,600.0,2026-05,RESEARCH_DEVELOPMENT,LISTING_AFTER_30_DAYS,ORDINARY_WEEKDAY_OVERNIGHT,READY,,0
INTCUSDT-O-20260506T200000Z,INTCUSDT,TRADITIONAL_EQUITY,O,,,,O:2026-05-06T20:00:00Z:2026-05-07T06:00:00Z,2026-05-06T20:00:00Z,2026-05-07T06:00:00Z,2026-05-06T20:00:00+00:00,2026-05-06T22:59:59.999000+00:00,2026-05-06T23:00:00+00:00,2026-05-07T05:59:59.999000+00:00,133680,134280,600,180,420,7.0,600.0,2026-05,RESEARCH_DEVELOPMENT,LISTING_AFTER_30_DAYS,ORDINARY_WEEKDAY_OVERNIGHT,READY,,0
INTCUSDT-O-20260507T200000Z,INTCUSDT,TRADITIONAL_EQUITY,O,,,,O:2026-05-07T20:00:00Z:2026-05-08T06:00:00Z,2026-05-07T20:00:00Z,2026-05-08T06:00:00Z,2026-05-07T20:00:00+00:00,2026-05-07T22:59:59.999000+00:00,2026-05-07T23:00:00+00:00,2026-05-08T05:59:59.999000+00:00,135120,135720,600,180,420,7.0,600.0,2026-05,RESEARCH_DEVELOPMENT,LISTING_AFTER_30_DAYS,ORDINARY_WEEKDAY_OVERNIGHT,READY,,0
INTCUSDT-O-20260511T200000Z,INTCUSDT,TRADITIONAL_EQUITY,O,,,,O:2026-05-11T20:00:00Z:2026-05-12T06:00:00Z,2026-05-11T20:00:00Z,2026-05-12T06:00:00Z,2026-05-11T20:00:00+00:00,2026-05-11T22:59:59.999000+00:00,2026-05-11T23:00:00+00:00,2026-05-12T05:59:59.999000+00:00,140880,141480,600,180,420,7.0,600.0,2026-05,RESEARCH_DEVELOPMENT,LISTING_AFTER_30_DAYS,ORDINARY_WEEKDAY_OVERNIGHT,READY,,0
INTCUSDT-O-20260512T200000Z,INTCUSDT,TRADITIONAL_EQUITY,O,,,,O:2026-05-12T20:00:00Z:2026-05-13T06:00:00Z,2026-05-12T20:00:00Z,2026-05-13T06:00:00Z,2026-05-12T20:00:00+00:00,2026-05-12T22:59:59.999000+00:00,2026-05-12T23:00:00+00:00,2026-05-13T05:59:59.999000+00:00,142320,142920,600,180,420,7.0,600.0,2026-05,RESEARCH_DEVELOPMENT,LISTING_AFTER_30_DAYS,ORDINARY_WEEKDAY_OVERNIGHT,READY,,0
INTCUSDT-O-20260513T200000Z,INTCUSDT,TRADITIONAL_EQUITY,O,,,,O:2026-05-13T20:00:00Z:2026-05-14T06:00:00Z,2026-05-13T20:00:00Z,2026-05-14T06:00:00Z,2026-05-13T20:00:00+00:00,2026-05-13T22:59:59.999000+00:00,2026-05-13T23:00:00+00:00,2026-05-14T05:59:59.999000+00:00,143760,144360,600,180,420,7.0,600.0,2026-05,RESEARCH_DEVELOPMENT,LISTING_AFTER_30_DAYS,ORDINARY_WEEKDAY_OVERNIGHT,READY,,0
INTCUSDT-O-20260514T200000Z,INTCUSDT,TRADITIONAL_EQUITY,O,,,,O:2026-05-14T20:00:00Z:2026-05-15T06:00:00Z,2026-05-14T20:00:00Z,2026-05-15T06:00:00Z,2026-05-14T20:00:00+00:00,2026-05-14T22:59:59.999000+00:00,2026-05-14T23:00:00+00:00,2026-05-15T05:59:59.999000+00:00,145200,145800,600,180,420,7.0,600.0,2026-05,RESEARCH_DEVELOPMENT,LISTING_AFTER_30_DAYS,ORDINARY_WEEKDAY_OVERNIGHT,READY,,0
INTCUSDT-O-20260518T200000Z,INTCUSDT,TRADITIONAL_EQUITY,O,,,,O:2026-05-18T20:00:00Z:2026-05-19T06:00:00Z,2026-05-18T20:00:00Z,2026-05-19T06:00:00Z,2026-05-18T20:00:00+00:00,2026-05-18T22:59:59.999000+00:00,2026-05-18T23:00:00+00:00,2026-05-19T05:59:59.999000+00:00,150960,151560,600,180,420,7.0,600.0,2026-05,RESEARCH_DEVELOPMENT,LISTING_AFTER_30_DAYS,ORDINARY_WEEKDAY_OVERNIGHT,READY,,0
INTCUSDT-O-20260519T200000Z,INTCUSDT,TRADITIONAL_EQUITY,O,,,,O:2026-05-19T20:00:00Z:2026-05-20T06:00:00Z,2026-05-19T20:00:00Z,2026-05-20T06:00:00Z,2026-05-19T20:00:00+00:00,2026-05-19T22:59:59.999000+00:00,2026-05-19T23:00:00+00:00,2026-05-20T05:59:59.999000+00:00,152400,153000,600,180,420,7.0,600.0,2026-05,RESEARCH_DEVELOPMENT,LISTING_AFTER_30_DAYS,ORDINARY_WEEKDAY_OVERNIGHT,READY,,0
INTCUSDT-O-20260520T200000Z,INTCUSDT,TRADITIONAL_EQUITY,O,,,,O:2026-05-20T20:00:00Z:2026-05-21T06:00:00Z,2026-05-20T20:00:00Z,2026-05-21T06:00:00Z,2026-05-20T20:00:00+00:00,2026-05-20T22:59:59.999000+00:00,2026-05-20T23:00:00+00:00,2026-05-21T05:59:59.999000+00:00,153840,154440,600,180,420,7.0,600.0,2026-05,RESEARCH_DEVELOPMENT,LISTING_AFTER_30_DAYS,ORDINARY_WEEKDAY_OVERNIGHT,READY,,0
INTCUSDT-O-20260521T200000Z,INTCUSDT,TRADITIONAL_EQUITY,O,,,,O:2026-05-21T20:00:00Z:2026-05-22T06:00:00Z,2026-05-21T20:00:00Z,2026-05-22T06:00:00Z,2026-05-21T20:00:00+00:00,2026-05-21T22:59:59.999000+00:00,2026-05-21T23:00:00+00:00,2026-05-22T05:59:59.999000+00:00,155280,155880,600,180,420,7.0,600.0,2026-05,RESEARCH_DEVELOPMENT,LISTING_AFTER_30_DAYS,ORDINARY_WEEKDAY_OVERNIGHT,READY,,0
INTCUSDT-O-20260526T200000Z,INTCUSDT,TRADITIONAL_EQUITY,O,,,,O:2026-05-26T20:00:00Z:2026-05-27T06:00:00Z,2026-05-26T20:00:00Z,2026-05-27T06:00:00Z,2026-05-26T20:00:00+00:00,2026-05-26T22:59:59.999000+00:00,2026-05-26T23:00:00+00:00,2026-05-27T05:59:59.999000+00:00,162480,163080,600,180,420,7.0,600.0,2026-05,RESEARCH_DEVELOPMENT,LISTING_AFTER_30_DAYS,ORDINARY_WEEKDAY_OVERNIGHT,READY,,0
INTCUSDT-O-20260527T200000Z,INTCUSDT,TRADITIONAL_EQUITY,O,,,,O:2026-05-27T20:00:00Z:2026-05-28T06:00:00Z,2026-05-27T20:00:00Z,2026-05-28T06:00:00Z,2026-05-27T20:00:00+00:00,2026-05-27T22:59:59.999000+00:00,2026-05-27T23:00:00+00:00,2026-05-28T05:59:59.999000+00:00,163920,164520,600,180,420,7.0,600.0,2026-05,RESEARCH_DEVELOPMENT,LISTING_AFTER_30_DAYS,ORDINARY_WEEKDAY_OVERNIGHT,READY,,0
INTCUSDT-O-20260528T200000Z,INTCUSDT,TRADITIONAL_EQUITY,O,,,,O:2026-05-28T20:00:00Z:2026-05-29T06:00:00Z,2026-05-28T20:00:00Z,2026-05-29T06:00:00Z,2026-05-28T20:00:00+00:00,2026-05-28T22:59:59.999000+00:00,2026-05-28T23:00:00+00:00,2026-05-29T05:59:59.999000+00:00,165360,165960,600,180,420,7.0,600.0,2026-05,RESEARCH_DEVELOPMENT,LISTING_AFTER_30_DAYS,ORDINARY_WEEKDAY_OVERNIGHT,READY,,0
INTCUSDT-O-20260601T200000Z,INTCUSDT,TRADITIONAL_EQUITY,O,,,,O:2026-06-01T20:00:00Z:2026-06-02T06:00:00Z,2026-06-01T20:00:00Z,2026-06-02T06:00:00Z,2026-06-01T20:00:00+00:00,2026-06-01T22:59:59.999000+00:00,2026-06-01T23:00:00+00:00,2026-06-02T05:59:59.999000+00:00,171120,171720,600,180,420,7.0,600.0,2026-06,RESEARCH_VALIDATION_EXPOSED,LISTING_AFTER_30_DAYS,ORDINARY_WEEKDAY_OVERNIGHT,READY,,0
INTCUSDT-O-20260602T200000Z,INTCUSDT,TRADITIONAL_EQUITY,O,,,,O:2026-06-02T20:00:00Z:2026-06-03T06:00:00Z,2026-06-02T20:00:00Z,2026-06-03T06:00:00Z,2026-06-02T20:00:00+00:00,2026-06-02T22:59:59.999000+00:00,2026-06-02T23:00:00+00:00,2026-06-03T05:59:59.999000+00:00,172560,173160,600,180,420,7.0,600.0,2026-06,RESEARCH_VALIDATION_EXPOSED,LISTING_AFTER_30_DAYS,ORDINARY_WEEKDAY_OVERNIGHT,READY,,0
INTCUSDT-O-20260603T200000Z,INTCUSDT,TRADITIONAL_EQUITY,O,,,,O:2026-06-03T20:00:00Z:2026-06-04T06:00:00Z,2026-06-03T20:00:00Z,2026-06-04T06:00:00Z,2026-06-03T20:00:00+00:00,2026-06-03T22:59:59.999000+00:00,2026-06-03T23:00:00+00:00,2026-06-04T05:59:59.999000+00:00,174000,174600,600,180,420,7.0,600.0,2026-06,RESEARCH_VALIDATION_EXPOSED,LISTING_AFTER_30_DAYS,ORDINARY_WEEKDAY_OVERNIGHT,READY,,0
INTCUSDT-O-20260604T200000Z,INTCUSDT,TRADITIONAL_EQUITY,O,,,,O:2026-06-04T20:00:00Z:2026-06-05T06:00:00Z,2026-06-04T20:00:00Z,2026-06-05T06:00:00Z,2026-06-04T20:00:00+00:00,2026-06-04T22:59:59.999000+00:00,2026-06-04T23:00:00+00:00,2026-06-05T05:59:59.999000+00:00,175440,176040,600,180,420,7.0,600.0,2026-06,RESEARCH_VALIDATION_EXPOSED,LISTING_AFTER_30_DAYS,ORDINARY_WEEKDAY_OVERNIGHT,READY,,0
INTCUSDT-O-20260608T200000Z,INTCUSDT,TRADITIONAL_EQUITY,O,,,,O:2026-06-08T20:00:00Z:2026-06-09T06:00:00Z,2026-06-08T20:00:00Z,2026-06-09T06:00:00Z,2026-06-08T20:00:00+00:00,2026-06-08T22:59:59.999000+00:00,2026-06-08T23:00:00+00:00,2026-06-09T05:59:59.999000+00:00,181200,181800,600,180,420,7.0,600.0,2026-06,RESEARCH_VALIDATION_EXPOSED,LISTING_AFTER_30_DAYS,ORDINARY_WEEKDAY_OVERNIGHT,READY,,0
INTCUSDT-O-20260609T200000Z,INTCUSDT,TRADITIONAL_EQUITY,O,,,,O:2026-06-09T20:00:00Z:2026-06-10T06:00:00Z,2026-06-09T20:00:00Z,2026-06-10T06:00:00Z,2026-06-09T20:00:00+00:00,2026-06-09T22:59:59.999000+00:00,2026-06-09T23:00:00+00:00,2026-06-10T05:59:59.999000+00:00,182640,183240,600,180,420,7.0,600.0,2026-06,RESEARCH_VALIDATION_EXPOSED,LISTING_AFTER_30_DAYS,ORDINARY_WEEKDAY_OVERNIGHT,READY,,0
INTCUSDT-O-20260610T200000Z,INTCUSDT,TRADITIONAL_EQUITY,O,,,,O:2026-06-10T20:00:00Z:2026-06-11T06:00:00Z,2026-06-10T20:00:00Z,2026-06-11T06:00:00Z,2026-06-10T20:00:00+00:00,2026-06-10T22:59:59.999000+00:00,2026-06-10T23:00:00+00:00,2026-06-11T05:59:59.999000+00:00,184080,184680,600,180,420,7.0,600.0,2026-06,RESEARCH_VALIDATION_EXPOSED,LISTING_AFTER_30_DAYS,ORDINARY_WEEKDAY_OVERNIGHT,READY,,0
INTCUSDT-O-20260611T200000Z,INTCUSDT,TRADITIONAL_EQUITY,O,,,,O:2026-06-11T20:00:00Z:2026-06-12T06:00:00Z,2026-06-11T20:00:00Z,2026-06-12T06:00:00Z,2026-06-11T20:00:00+00:00,2026-06-11T22:59:59.999000+00:00,2026-06-11T23:00:00+00:00,2026-06-12T05:59:59.999000+00:00,185520,186120,600,180,420,7.0,600.0,2026-06,RESEARCH_VALIDATION_EXPOSED,LISTING_AFTER_30_DAYS,ORDINARY_WEEKDAY_OVERNIGHT,READY,,0
INTCUSDT-O-20260615T200000Z,INTCUSDT,TRADITIONAL_EQUITY,O,,,,O:2026-06-15T20:00:00Z:2026-06-16T06:00:00Z,2026-06-15T20:00:00Z,2026-06-16T06:00:00Z,2026-06-15T20:00:00+00:00,2026-06-15T22:59:59.999000+00:00,2026-06-15T23:00:00+00:00,2026-06-16T05:59:59.999000+00:00,191280,191880,600,180,420,7.0,600.0,2026-06,RESEARCH_VALIDATION_EXPOSED,LISTING_AFTER_30_DAYS,ORDINARY_WEEKDAY_OVERNIGHT,READY,,0
INTCUSDT-O-20260616T200000Z,INTCUSDT,TRADITIONAL_EQUITY,O,,,,O:2026-06-16T20:00:00Z:2026-06-17T06:00:00Z,2026-06-16T20:00:00Z,2026-06-17T06:00:00Z,2026-06-16T20:00:00+00:00,2026-06-16T22:59:59.999000+00:00,2026-06-16T23:00:00+00:00,2026-06-17T05:59:59.999000+00:00,192720,193320,600,180,420,7.0,600.0,2026-06,RESEARCH_VALIDATION_EXPOSED,LISTING_AFTER_30_DAYS,ORDINARY_WEEKDAY_OVERNIGHT,READY,,0
INTCUSDT-O-20260617T200000Z,INTCUSDT,TRADITIONAL_EQUITY,O,,,,O:2026-06-17T20:00:00Z:2026-06-18T06:00:00Z,2026-06-17T20:00:00Z,2026-06-18T06:00:00Z,2026-06-17T20:00:00+00:00,2026-06-17T22:59:59.999000+00:00,2026-06-17T23:00:00+00:00,2026-06-18T05:59:59.999000+00:00,194160,194760,600,180,420,7.0,600.0,2026-06,RESEARCH_VALIDATION_EXPOSED,LISTING_AFTER_30_DAYS,ORDINARY_WEEKDAY_OVERNIGHT,READY,,0
INTCUSDT-O-20260622T200000Z,INTCUSDT,TRADITIONAL_EQUITY,O,,,,O:2026-06-22T20:00:00Z:2026-06-23T06:00:00Z,2026-06-22T20:00:00Z,2026-06-23T06:00:00Z,2026-06-22T20:00:00+00:00,2026-06-22T22:59:59.999000+00:00,2026-06-22T23:00:00+00:00,2026-06-23T05:59:59.999000+00:00,201360,201960,600,180,420,7.0,600.0,2026-06,RESEARCH_VALIDATION_EXPOSED,LISTING_AFTER_30_DAYS,ORDINARY_WEEKDAY_OVERNIGHT,READY,,0
INTCUSDT-O-20260623T200000Z,INTCUSDT,TRADITIONAL_EQUITY,O,,,,O:2026-06-23T20:00:00Z:2026-06-24T06:00:00Z,2026-06-23T20:00:00Z,2026-06-24T06:00:00Z,2026-06-23T20:00:00+00:00,2026-06-23T22:59:59.999000+00:00,2026-06-23T23:00:00+00:00,2026-06-24T05:59:59.999000+00:00,202800,203400,600,180,420,7.0,600.0,2026-06,RESEARCH_VALIDATION_EXPOSED,LISTING_AFTER_30_DAYS,ORDINARY_WEEKDAY_OVERNIGHT,READY,,0
INTCUSDT-O-20260624T200000Z,INTCUSDT,TRADITIONAL_EQUITY,O,,,,O:2026-06-24T20:00:00Z:2026-06-25T06:00:00Z,2026-06-24T20:00:00Z,2026-06-25T06:00:00Z,2026-06-24T20:00:00+00:00,2026-06-24T22:59:59.999000+00:00,2026-06-24T23:00:00+00:00,2026-06-25T05:59:59.999000+00:00,204240,204840,600,180,420,7.0,600.0,2026-06,RESEARCH_VALIDATION_EXPOSED,LISTING_AFTER_30_DAYS,ORDINARY_WEEKDAY_OVERNIGHT,READY,,0
INTCUSDT-O-20260625T200000Z,INTCUSDT,TRADITIONAL_EQUITY,O,,,,O:2026-06-25T20:00:00Z:2026-06-26T06:00:00Z,2026-06-25T20:00:00Z,2026-06-26T06:00:00Z,2026-06-25T20:00:00+00:00,2026-06-25T22:59:59.999000+00:00,2026-06-25T23:00:00+00:00,2026-06-26T05:59:59.999000+00:00,205680,206280,600,180,420,7.0,600.0,2026-06,RESEARCH_VALIDATION_EXPOSED,LISTING_AFTER_30_DAYS,ORDINARY_WEEKDAY_OVERNIGHT,READY,,0
INTCUSDT-O-20260629T200000Z,INTCUSDT,TRADITIONAL_EQUITY,O,,,,O:2026-06-29T20:00:00Z:2026-06-30T06:00:00Z,2026-06-29T20:00:00Z,2026-06-30T06:00:00Z,2026-06-29T20:00:00+00:00,2026-06-29T22:59:59.999000+00:00,2026-06-29T23:00:00+00:00,2026-06-30T05:59:59.999000+00:00,211440,212040,600,180,420,7.0,600.0,2026-06,RESEARCH_VALIDATION_EXPOSED,LISTING_AFTER_30_DAYS,ORDINARY_WEEKDAY_OVERNIGHT,READY,,0
INTCUSDT-O-20260630T200000Z,INTCUSDT,TRADITIONAL_EQUITY,O,,,,O:2026-06-30T20:00:00Z:2026-07-01T06:00:00Z,2026-06-30T20:00:00Z,2026-07-01T06:00:00Z,2026-06-30T20:00:00+00:00,2026-06-30T22:59:59.999000+00:00,2026-06-30T23:00:00+00:00,2026-07-01T05:59:59.999000+00:00,212880,213480,600,180,420,7.0,600.0,2026-06,RESEARCH_VALIDATION_EXPOSED,LISTING_AFTER_30_DAYS,ORDINARY_WEEKDAY_OVERNIGHT,READY,,0
INTCUSDT-O-20260701T200000Z,INTCUSDT,TRADITIONAL_EQUITY,O,,,,O:2026-07-01T20:00:00Z:2026-07-02T06:00:00Z,2026-07-01T20:00:00Z,2026-07-02T06:00:00Z,2026-07-01T20:00:00+00:00,2026-07-01T22:59:59.999000+00:00,2026-07-01T23:00:00+00:00,2026-07-02T05:59:59.999000+00:00,214320,214920,600,180,420,7.0,600.0,2026-07,DESCRIPTIVE_EXPOSED,LISTING_AFTER_30_DAYS,ORDINARY_WEEKDAY_OVERNIGHT,READY,,0
INTCUSDT-O-20260706T200000Z,INTCUSDT,TRADITIONAL_EQUITY,O,,,,O:2026-07-06T20:00:00Z:2026-07-07T06:00:00Z,2026-07-06T20:00:00Z,2026-07-07T06:00:00Z,2026-07-06T20:00:00+00:00,2026-07-06T22:59:59.999000+00:00,2026-07-06T23:00:00+00:00,2026-07-07T05:59:59.999000+00:00,221520,222120,600,180,420,7.0,600.0,2026-07,DESCRIPTIVE_EXPOSED,LISTING_AFTER_30_DAYS,ORDINARY_WEEKDAY_OVERNIGHT,READY,,0
INTCUSDT-O-20260707T200000Z,INTCUSDT,TRADITIONAL_EQUITY,O,,,,O:2026-07-07T20:00:00Z:2026-07-08T06:00:00Z,2026-07-07T20:00:00Z,2026-07-08T06:00:00Z,2026-07-07T20:00:00+00:00,2026-07-07T22:59:59.999000+00:00,2026-07-07T23:00:00+00:00,2026-07-08T05:59:59.999000+00:00,222960,223560,600,180,420,7.0,600.0,2026-07,DESCRIPTIVE_EXPOSED,LISTING_AFTER_30_DAYS,ORDINARY_WEEKDAY_OVERNIGHT,READY,,0
INTCUSDT-O-20260708T200000Z,INTCUSDT,TRADITIONAL_EQUITY,O,,,,O:2026-07-08T20:00:00Z:2026-07-09T06:00:00Z,2026-07-08T20:00:00Z,2026-07-09T06:00:00Z,2026-07-08T20:00:00+00:00,2026-07-08T22:59:59.999000+00:00,2026-07-08T23:00:00+00:00,2026-07-09T05:59:59.999000+00:00,224400,225000,600,180,420,7.0,600.0,2026-07,DESCRIPTIVE_EXPOSED,LISTING_AFTER_30_DAYS,ORDINARY_WEEKDAY_OVERNIGHT,READY,,0
INTCUSDT-O-20260709T200000Z,INTCUSDT,TRADITIONAL_EQUITY,O,,,,O:2026-07-09T20:00:00Z:2026-07-10T06:00:00Z,2026-07-09T20:00:00Z,2026-07-10T06:00:00Z,2026-07-09T20:00:00+00:00,2026-07-09T22:59:59.999000+00:00,2026-07-09T23:00:00+00:00,2026-07-10T05:59:59.999000+00:00,225840,226440,600,180,420,7.0,600.0,2026-07,DESCRIPTIVE_EXPOSED,LISTING_AFTER_30_DAYS,ORDINARY_WEEKDAY_OVERNIGHT,READY,,0
INTCUSDT-O-20260713T200000Z,INTCUSDT,TRADITIONAL_EQUITY,O,,,,O:2026-07-13T20:00:00Z:2026-07-14T06:00:00Z,2026-07-13T20:00:00Z,2026-07-14T06:00:00Z,2026-07-13T20:00:00+00:00,2026-07-13T22:59:59.999000+00:00,2026-07-13T23:00:00+00:00,2026-07-14T05:59:59.999000+00:00,231600,232200,600,180,420,7.0,600.0,2026-07,DESCRIPTIVE_EXPOSED,LISTING_AFTER_30_DAYS,ORDINARY_WEEKDAY_OVERNIGHT,READY,,0
INTCUSDT-O-20260714T200000Z,INTCUSDT,TRADITIONAL_EQUITY,O,,,,O:2026-07-14T20:00:00Z:2026-07-15T06:00:00Z,2026-07-14T20:00:00Z,2026-07-15T06:00:00Z,2026-07-14T20:00:00+00:00,2026-07-14T22:59:59.999000+00:00,2026-07-14T23:00:00+00:00,2026-07-15T05:59:59.999000+00:00,233040,233640,600,180,420,7.0,600.0,2026-07,DESCRIPTIVE_EXPOSED,LISTING_AFTER_30_DAYS,ORDINARY_WEEKDAY_OVERNIGHT,READY,,0
INTCUSDT-O-20260715T200000Z,INTCUSDT,TRADITIONAL_EQUITY,O,,,,O:2026-07-15T20:00:00Z:2026-07-16T06:00:00Z,2026-07-15T20:00:00Z,2026-07-16T06:00:00Z,2026-07-15T20:00:00+00:00,2026-07-15T22:59:59.999000+00:00,2026-07-15T23:00:00+00:00,2026-07-16T05:59:59.999000+00:00,234480,235080,600,180,420,7.0,600.0,2026-07,DESCRIPTIVE_EXPOSED,LISTING_AFTER_30_DAYS,ORDINARY_WEEKDAY_OVERNIGHT,READY,,0
INTCUSDT-O-20260716T200000Z,INTCUSDT,TRADITIONAL_EQUITY,O,,,,O:2026-07-16T20:00:00Z:2026-07-17T06:00:00Z,2026-07-16T20:00:00Z,2026-07-17T06:00:00Z,2026-07-16T20:00:00+00:00,2026-07-16T22:59:59.999000+00:00,2026-07-16T23:00:00+00:00,2026-07-17T05:59:59.999000+00:00,235920,236520,600,180,420,7.0,600.0,2026-07,DESCRIPTIVE_EXPOSED,LISTING_AFTER_30_DAYS,ORDINARY_WEEKDAY_OVERNIGHT,READY,,0
INTCUSDT-O-20260720T200000Z,INTCUSDT,TRADITIONAL_EQUITY,O,,,,O:2026-07-20T20:00:00Z:2026-07-21T06:00:00Z,2026-07-20T20:00:00Z,2026-07-21T06:00:00Z,2026-07-20T20:00:00+00:00,2026-07-20T22:59:59.999000+00:00,2026-07-20T23:00:00+00:00,2026-07-21T05:59:59.999000+00:00,241680,242280,600,180,420,7.0,600.0,2026-07,DESCRIPTIVE_EXPOSED,LISTING_AFTER_30_DAYS,ORDINARY_WEEKDAY_OVERNIGHT,READY,,0
INTCUSDT-O-20260721T200000Z,INTCUSDT,TRADITIONAL_EQUITY,O,,,,O:2026-07-21T20:00:00Z:2026-07-22T06:00:00Z,2026-07-21T20:00:00Z,2026-07-22T06:00:00Z,2026-07-21T20:00:00+00:00,2026-07-21T22:59:59.999000+00:00,2026-07-21T23:00:00+00:00,2026-07-22T05:59:59.999000+00:00,243120,243720,600,180,420,7.0,600.0,2026-07,DESCRIPTIVE_EXPOSED,LISTING_AFTER_30_DAYS,ORDINARY_WEEKDAY_OVERNIGHT,READY,,0
INTCUSDT-O-20260722T200000Z,INTCUSDT,TRADITIONAL_EQUITY,O,,,,O:2026-07-22T20:00:00Z:2026-07-23T06:00:00Z,2026-07-22T20:00:00Z,2026-07-23T06:00:00Z,2026-07-22T20:00:00+00:00,2026-07-22T22:59:59.999000+00:00,2026-07-22T23:00:00+00:00,2026-07-23T05:59:59.999000+00:00,244560,245160,600,180,420,7.0,600.0,2026-07,DESCRIPTIVE_EXPOSED,LISTING_AFTER_30_DAYS,ORDINARY_WEEKDAY_OVERNIGHT,READY,,0
INTCUSDT-O-20260723T200000Z,INTCUSDT,TRADITIONAL_EQUITY,O,,,,O:2026-07-23T20:00:00Z:2026-07-24T06:00:00Z,2026-07-23T20:00:00Z,2026-07-24T06:00:00Z,2026-07-23T20:00:00+00:00,2026-07-23T22:59:59.999000+00:00,2026-07-23T23:00:00+00:00,2026-07-23T23:59:59.999000+00:00,246000,246240,240,180,60,1.0,600.0,2026-07,DESCRIPTIVE_EXPOSED,LISTING_AFTER_30_DAYS,ORDINARY_WEEKDAY_OVERNIGHT,READY,,0
INTCUSDT-O-20260120T210000Z,INTCUSDT,TRADITIONAL_EQUITY,O,,,,O:2026-01-20T21:00:00Z:2026-01-21T07:00:00Z,2026-01-20T21:00:00Z,2026-01-21T07:00:00Z,2026-01-20T21:00:00+00:00,2026-01-20T21:00:00+00:00,,,0,0,0,0,0,0.0,600.0,2026-01,DESCRIPTIVE_EXPOSED,LISTING_DAYS_1_14,ORDINARY_WEEKDAY_OVERNIGHT,SKIPPED,INSUFFICIENT_TRADABLE_ROWS,0
INTCUSDT-O-20260121T210000Z,INTCUSDT,TRADITIONAL_EQUITY,O,,,,O:2026-01-21T21:00:00Z:2026-01-22T07:00:00Z,2026-01-21T21:00:00Z,2026-01-22T07:00:00Z,2026-01-21T21:00:00+00:00,2026-01-21T21:00:00+00:00,,,0,0,0,0,0,0.0,600.0,2026-01,DESCRIPTIVE_EXPOSED,LISTING_DAYS_1_14,ORDINARY_WEEKDAY_OVERNIGHT,SKIPPED,INSUFFICIENT_TRADABLE_ROWS,0
INTCUSDT-O-20260122T210000Z,INTCUSDT,TRADITIONAL_EQUITY,O,,,,O:2026-01-22T21:00:00Z:2026-01-23T07:00:00Z,2026-01-22T21:00:00Z,2026-01-23T07:00:00Z,2026-01-22T21:00:00+00:00,2026-01-22T21:00:00+00:00,,,0,0,0,0,0,0.0,600.0,2026-01,DESCRIPTIVE_EXPOSED,LISTING_DAYS_1_14,ORDINARY_WEEKDAY_OVERNIGHT,SKIPPED,INSUFFICIENT_TRADABLE_ROWS,0
INTCUSDT-O-20260126T210000Z,INTCUSDT,TRADITIONAL_EQUITY,O,,,,O:2026-01-26T21:00:00Z:2026-01-27T07:00:00Z,2026-01-26T21:00:00Z,2026-01-27T07:00:00Z,2026-01-26T21:00:00+00:00,2026-01-26T21:00:00+00:00,,,0,0,0,0,0,0.0,600.0,2026-01,DESCRIPTIVE_EXPOSED,LISTING_DAYS_1_14,ORDINARY_WEEKDAY_OVERNIGHT,SKIPPED,INSUFFICIENT_TRADABLE_ROWS,0
INTCUSDT-O-20260127T210000Z,INTCUSDT,TRADITIONAL_EQUITY,O,,,,O:2026-01-27T21:00:00Z:2026-01-28T07:00:00Z,2026-01-27T21:00:00Z,2026-01-28T07:00:00Z,2026-01-27T21:00:00+00:00,2026-01-27T21:00:00+00:00,,,0,0,0,0,0,0.0,600.0,2026-01,DESCRIPTIVE_EXPOSED,LISTING_DAYS_1_14,ORDINARY_WEEKDAY_OVERNIGHT,SKIPPED,INSUFFICIENT_TRADABLE_ROWS,0
INTCUSDT-O-20260128T210000Z,INTCUSDT,TRADITIONAL_EQUITY,O,,,,O:2026-01-28T21:00:00Z:2026-01-29T07:00:00Z,2026-01-28T21:00:00Z,2026-01-29T07:00:00Z,2026-01-28T21:00:00+00:00,2026-01-28T21:00:00+00:00,,,0,0,0,0,0,0.0,600.0,2026-01,DESCRIPTIVE_EXPOSED,LISTING_DAYS_1_14,ORDINARY_WEEKDAY_OVERNIGHT,SKIPPED,INSUFFICIENT_TRADABLE_ROWS,0
INTCUSDT-O-20260129T210000Z,INTCUSDT,TRADITIONAL_EQUITY,O,,,,O:2026-01-29T21:00:00Z:2026-01-30T07:00:00Z,2026-01-29T21:00:00Z,2026-01-30T07:00:00Z,2026-01-29T21:00:00+00:00,2026-01-29T21:00:00+00:00,,,0,0,0,0,0,0.0,600.0,2026-01,DESCRIPTIVE_EXPOSED,LISTING_DAYS_1_14,ORDINARY_WEEKDAY_OVERNIGHT,SKIPPED,INSUFFICIENT_TRADABLE_ROWS,0
INTCUSDT-O-20260727T200000Z,INTCUSDT,TRADITIONAL_EQUITY,O,,,,O:2026-07-27T20:00:00Z:2026-07-28T06:00:00Z,2026-07-27T20:00:00Z,2026-07-28T06:00:00Z,2026-07-27T20:00:00+00:00,2026-07-27T20:00:00+00:00,,,246240,246240,0,0,0,0.0,600.0,2026-07,FORWARD_OOS_FUTURE,LISTING_AFTER_30_DAYS,ORDINARY_WEEKDAY_OVERNIGHT,SKIPPED,INSUFFICIENT_TRADABLE_ROWS,0
INTCUSDT-O-20260728T200000Z,INTCUSDT,TRADITIONAL_EQUITY,O,,,,O:2026-07-28T20:00:00Z:2026-07-29T06:00:00Z,2026-07-28T20:00:00Z,2026-07-29T06:00:00Z,2026-07-28T20:00:00+00:00,2026-07-28T20:00:00+00:00,,,246240,246240,0,0,0,0.0,600.0,2026-07,FORWARD_OOS_FUTURE,LISTING_AFTER_30_DAYS,ORDINARY_WEEKDAY_OVERNIGHT,SKIPPED,INSUFFICIENT_TRADABLE_ROWS,0
INTCUSDT-O-20260729T200000Z,INTCUSDT,TRADITIONAL_EQUITY,O,,,,O:2026-07-29T20:00:00Z:2026-07-30T06:00:00Z,2026-07-29T20:00:00Z,2026-07-30T06:00:00Z,2026-07-29T20:00:00+00:00,2026-07-29T20:00:00+00:00,,,246240,246240,0,0,0,0.0,600.0,2026-07,FORWARD_OOS_FUTURE,LISTING_AFTER_30_DAYS,ORDINARY_WEEKDAY_OVERNIGHT,SKIPPED,INSUFFICIENT_TRADABLE_ROWS,0
INTCUSDT-O-20260730T200000Z,INTCUSDT,TRADITIONAL_EQUITY,O,,,,O:2026-07-30T20:00:00Z:2026-07-31T06:00:00Z,2026-07-30T20:00:00Z,2026-07-31T06:00:00Z,2026-07-30T20:00:00+00:00,2026-07-30T20:00:00+00:00,,,246240,246240,0,0,0,0.0,600.0,2026-07,FORWARD_OOS_FUTURE,LISTING_AFTER_30_DAYS,ORDINARY_WEEKDAY_OVERNIGHT,SKIPPED,INSUFFICIENT_TRADABLE_ROWS,0
INTCUSDT-O-20260803T200000Z,INTCUSDT,TRADITIONAL_EQUITY,O,,,,O:2026-08-03T20:00:00Z:2026-08-04T06:00:00Z,2026-08-03T20:00:00Z,2026-08-04T06:00:00Z,2026-08-03T20:00:00+00:00,2026-08-03T20:00:00+00:00,,,246240,246240,0,0,0,0.0,600.0,2026-08,FORWARD_OOS_FUTURE,LISTING_AFTER_30_DAYS,ORDINARY_WEEKDAY_OVERNIGHT,SKIPPED,INSUFFICIENT_TRADABLE_ROWS,0
INTCUSDT-O-20260804T200000Z,INTCUSDT,TRADITIONAL_EQUITY,O,,,,O:2026-08-04T20:00:00Z:2026-08-05T06:00:00Z,2026-08-04T20:00:00Z,2026-08-05T06:00:00Z,2026-08-04T20:00:00+00:00,2026-08-04T20:00:00+00:00,,,246240,246240,0,0,0,0.0,600.0,2026-08,FORWARD_OOS_FUTURE,LISTING_AFTER_30_DAYS,ORDINARY_WEEKDAY_OVERNIGHT,SKIPPED,INSUFFICIENT_TRADABLE_ROWS,0
INTCUSDT-O-20260805T200000Z,INTCUSDT,TRADITIONAL_EQUITY,O,,,,O:2026-08-05T20:00:00Z:2026-08-06T06:00:00Z,2026-08-05T20:00:00Z,2026-08-06T06:00:00Z,2026-08-05T20:00:00+00:00,2026-08-05T20:00:00+00:00,,,246240,246240,0,0,0,0.0,600.0,2026-08,FORWARD_OOS_FUTURE,LISTING_AFTER_30_DAYS,ORDINARY_WEEKDAY_OVERNIGHT,SKIPPED,INSUFFICIENT_TRADABLE_ROWS,0
MSTRUSDT-O-20260209T210000Z,MSTRUSDT,CRYPTO_SENSITIVE_EQUITY,O,,,,O:2026-02-09T21:00:00Z:2026-02-10T07:00:00Z,2026-02-09T21:00:00Z,2026-02-10T07:00:00Z,2026-02-09T21:00:00+00:00,2026-02-10T02:59:59.999000+00:00,2026-02-10T03:00:00+00:00,2026-02-10T06:59:59.999000+00:00,0,420,420,180,240,4.0,600.0,2026-02,DESCRIPTIVE_EXPOSED,LISTING_DAYS_1_14,ORDINARY_WEEKDAY_OVERNIGHT,READY,,0
MSTRUSDT-O-20260210T210000Z,MSTRUSDT,CRYPTO_SENSITIVE_EQUITY,O,,,,O:2026-02-10T21:00:00Z:2026-02-11T07:00:00Z,2026-02-10T21:00:00Z,2026-02-11T07:00:00Z,2026-02-10T21:00:00+00:00,2026-02-10T23:59:59.999000+00:00,2026-02-11T00:00:00+00:00,2026-02-11T06:59:59.999000+00:00,1260,1860,600,180,420,7.0,600.0,2026-02,DESCRIPTIVE_EXPOSED,LISTING_DAYS_1_14,ORDINARY_WEEKDAY_OVERNIGHT,READY,,0
MSTRUSDT-O-20260211T210000Z,MSTRUSDT,CRYPTO_SENSITIVE_EQUITY,O,,,,O:2026-02-11T21:00:00Z:2026-02-12T07:00:00Z,2026-02-11T21:00:00Z,2026-02-12T07:00:00Z,2026-02-11T21:00:00+00:00,2026-02-11T23:59:59.999000+00:00,2026-02-12T00:00:00+00:00,2026-02-12T06:59:59.999000+00:00,2700,3300,600,180,420,7.0,600.0,2026-02,DESCRIPTIVE_EXPOSED,LISTING_DAYS_1_14,ORDINARY_WEEKDAY_OVERNIGHT,READY,,0
MSTRUSDT-O-20260212T210000Z,MSTRUSDT,CRYPTO_SENSITIVE_EQUITY,O,,,,O:2026-02-12T21:00:00Z:2026-02-13T07:00:00Z,2026-02-12T21:00:00Z,2026-02-13T07:00:00Z,2026-02-12T21:00:00+00:00,2026-02-12T23:59:59.999000+00:00,2026-02-13T00:00:00+00:00,2026-02-13T06:59:59.999000+00:00,4140,4740,600,180,420,7.0,600.0,2026-02,DESCRIPTIVE_EXPOSED,LISTING_DAYS_1_14,ORDINARY_WEEKDAY_OVERNIGHT,READY,,0
MSTRUSDT-O-20260217T210000Z,MSTRUSDT,CRYPTO_SENSITIVE_EQUITY,O,,,,O:2026-02-17T21:00:00Z:2026-02-18T07:00:00Z,2026-02-17T21:00:00Z,2026-02-18T07:00:00Z,2026-02-17T21:00:00+00:00,2026-02-17T23:59:59.999000+00:00,2026-02-18T00:00:00+00:00,2026-02-18T06:59:59.999000+00:00,11340,11940,600,180,420,7.0,600.0,2026-02,DESCRIPTIVE_EXPOSED,LISTING_DAYS_1_14,ORDINARY_WEEKDAY_OVERNIGHT,READY,,0
MSTRUSDT-O-20260218T210000Z,MSTRUSDT,CRYPTO_SENSITIVE_EQUITY,O,,,,O:2026-02-18T21:00:00Z:2026-02-19T07:00:00Z,2026-02-18T21:00:00Z,2026-02-19T07:00:00Z,2026-02-18T21:00:00+00:00,2026-02-18T23:59:59.999000+00:00,2026-02-19T00:00:00+00:00,2026-02-19T06:59:59.999000+00:00,12780,13380,600,180,420,7.0,600.0,2026-02,DESCRIPTIVE_EXPOSED,LISTING_DAYS_1_14,ORDINARY_WEEKDAY_OVERNIGHT,READY,,0
MSTRUSDT-O-20260219T210000Z,MSTRUSDT,CRYPTO_SENSITIVE_EQUITY,O,,,,O:2026-02-19T21:00:00Z:2026-02-20T07:00:00Z,2026-02-19T21:00:00Z,2026-02-20T07:00:00Z,2026-02-19T21:00:00+00:00,2026-02-19T23:59:59.999000+00:00,2026-02-20T00:00:00+00:00,2026-02-20T06:59:59.999000+00:00,14220,14820,600,180,420,7.0,600.0,2026-02,DESCRIPTIVE_EXPOSED,LISTING_DAYS_1_14,ORDINARY_WEEKDAY_OVERNIGHT,READY,,0
MSTRUSDT-O-20260223T210000Z,MSTRUSDT,CRYPTO_SENSITIVE_EQUITY,O,,,,O:2026-02-23T21:00:00Z:2026-02-24T07:00:00Z,2026-02-23T21:00:00Z,2026-02-24T07:00:00Z,2026-02-23T21:00:00+00:00,2026-02-23T23:59:59.999000+00:00,2026-02-24T00:00:00+00:00,2026-02-24T06:59:59.999000+00:00,19980,20580,600,180,420,7.0,600.0,2026-02,DESCRIPTIVE_EXPOSED,LISTING_DAYS_1_14,ORDINARY_WEEKDAY_OVERNIGHT,READY,,0
MSTRUSDT-O-20260224T210000Z,MSTRUSDT,CRYPTO_SENSITIVE_EQUITY,O,,,,O:2026-02-24T21:00:00Z:2026-02-25T07:00:00Z,2026-02-24T21:00:00Z,2026-02-25T07:00:00Z,2026-02-24T21:00:00+00:00,2026-02-24T23:59:59.999000+00:00,2026-02-25T00:00:00+00:00,2026-02-25T06:59:59.999000+00:00,21420,22020,600,180,420,7.0,600.0,2026-02,DESCRIPTIVE_EXPOSED,LISTING_DAYS_15_30,ORDINARY_WEEKDAY_OVERNIGHT,READY,,0
MSTRUSDT-O-20260225T210000Z,MSTRUSDT,CRYPTO_SENSITIVE_EQUITY,O,,,,O:2026-02-25T21:00:00Z:2026-02-26T07:00:00Z,2026-02-25T21:00:00Z,2026-02-26T07:00:00Z,2026-02-25T21:00:00+00:00,2026-02-25T23:59:59.999000+00:00,2026-02-26T00:00:00+00:00,2026-02-26T06:59:59.999000+00:00,22860,23460,600,180,420,7.0,600.0,2026-02,DESCRIPTIVE_EXPOSED,LISTING_DAYS_15_30,ORDINARY_WEEKDAY_OVERNIGHT,READY,,0
MSTRUSDT-O-20260226T210000Z,MSTRUSDT,CRYPTO_SENSITIVE_EQUITY,O,,,,O:2026-02-26T21:00:00Z:2026-02-27T07:00:00Z,2026-02-26T21:00:00Z,2026-02-27T07:00:00Z,2026-02-26T21:00:00+00:00,2026-02-26T23:59:59.999000+00:00,2026-02-27T00:00:00+00:00,2026-02-27T06:59:59.999000+00:00,24300,24900,600,180,420,7.0,600.0,2026-02,DESCRIPTIVE_EXPOSED,LISTING_DAYS_15_30,ORDINARY_WEEKDAY_OVERNIGHT,READY,,0
MSTRUSDT-O-20260302T210000Z,MSTRUSDT,CRYPTO_SENSITIVE_EQUITY,O,,,,O:2026-03-02T21:00:00Z:2026-03-03T07:00:00Z,2026-03-02T21:00:00Z,2026-03-03T07:00:00Z,2026-03-02T21:00:00+00:00,2026-03-02T23:59:59.999000+00:00,2026-03-03T00:00:00+00:00,2026-03-03T06:59:59.999000+00:00,30060,30660,600,180,420,7.0,600.0,2026-03,RESEARCH_DEVELOPMENT,LISTING_DAYS_15_30,ORDINARY_WEEKDAY_OVERNIGHT,READY,,0
MSTRUSDT-O-20260303T210000Z,MSTRUSDT,CRYPTO_SENSITIVE_EQUITY,O,,,,O:2026-03-03T21:00:00Z:2026-03-04T07:00:00Z,2026-03-03T21:00:00Z,2026-03-04T07:00:00Z,2026-03-03T21:00:00+00:00,2026-03-03T23:59:59.999000+00:00,2026-03-04T00:00:00+00:00,2026-03-04T06:59:59.999000+00:00,31500,32100,600,180,420,7.0,600.0,2026-03,RESEARCH_DEVELOPMENT,LISTING_DAYS_15_30,ORDINARY_WEEKDAY_OVERNIGHT,READY,,0
MSTRUSDT-O-20260304T210000Z,MSTRUSDT,CRYPTO_SENSITIVE_EQUITY,O,,,,O:2026-03-04T21:00:00Z:2026-03-05T07:00:00Z,2026-03-04T21:00:00Z,2026-03-05T07:00:00Z,2026-03-04T21:00:00+00:00,2026-03-04T23:59:59.999000+00:00,2026-03-05T00:00:00+00:00,2026-03-05T06:59:59.999000+00:00,32940,33540,600,180,420,7.0,600.0,2026-03,RESEARCH_DEVELOPMENT,LISTING_DAYS_15_30,ORDINARY_WEEKDAY_OVERNIGHT,READY,,0
MSTRUSDT-O-20260305T210000Z,MSTRUSDT,CRYPTO_SENSITIVE_EQUITY,O,,,,O:2026-03-05T21:00:00Z:2026-03-06T07:00:00Z,2026-03-05T21:00:00Z,2026-03-06T07:00:00Z,2026-03-05T21:00:00+00:00,2026-03-05T23:59:59.999000+00:00,2026-03-06T00:00:00+00:00,2026-03-06T06:59:59.999000+00:00,34380,34980,600,180,420,7.0,600.0,2026-03,RESEARCH_DEVELOPMENT,LISTING_DAYS_15_30,ORDINARY_WEEKDAY_OVERNIGHT,READY,,0
MSTRUSDT-O-20260309T200000Z,MSTRUSDT,CRYPTO_SENSITIVE_EQUITY,O,,,,O:2026-03-09T20:00:00Z:2026-03-10T06:00:00Z,2026-03-09T20:00:00Z,2026-03-10T06:00:00Z,2026-03-09T20:00:00+00:00,2026-03-09T22:59:59.999000+00:00,2026-03-09T23:00:00+00:00,2026-03-10T05:59:59.999000+00:00,40080,40680,600,180,420,7.0,600.0,2026-03,RESEARCH_DEVELOPMENT,LISTING_DAYS_15_30,ORDINARY_WEEKDAY_OVERNIGHT,READY,,0
MSTRUSDT-O-20260310T200000Z,MSTRUSDT,CRYPTO_SENSITIVE_EQUITY,O,,,,O:2026-03-10T20:00:00Z:2026-03-11T06:00:00Z,2026-03-10T20:00:00Z,2026-03-11T06:00:00Z,2026-03-10T20:00:00+00:00,2026-03-10T22:59:59.999000+00:00,2026-03-10T23:00:00+00:00,2026-03-11T05:59:59.999000+00:00,41520,42120,600,180,420,7.0,600.0,2026-03,RESEARCH_DEVELOPMENT,LISTING_DAYS_15_30,ORDINARY_WEEKDAY_OVERNIGHT,READY,,0
MSTRUSDT-O-20260311T200000Z,MSTRUSDT,CRYPTO_SENSITIVE_EQUITY,O,,,,O:2026-03-11T20:00:00Z:2026-03-12T06:00:00Z,2026-03-11T20:00:00Z,2026-03-12T06:00:00Z,2026-03-11T20:00:00+00:00,2026-03-11T22:59:59.999000+00:00,2026-03-11T23:00:00+00:00,2026-03-12T05:59:59.999000+00:00,42960,43560,600,180,420,7.0,600.0,2026-03,RESEARCH_DEVELOPMENT,LISTING_DAYS_15_30,ORDINARY_WEEKDAY_OVERNIGHT,READY,,0
MSTRUSDT-O-20260312T200000Z,MSTRUSDT,CRYPTO_SENSITIVE_EQUITY,O,,,,O:2026-03-12T20:00:00Z:2026-03-13T06:00:00Z,2026-03-12T20:00:00Z,2026-03-13T06:00:00Z,2026-03-12T20:00:00+00:00,2026-03-12T22:59:59.999000+00:00,2026-03-12T23:00:00+00:00,2026-03-13T05:59:59.999000+00:00,44400,45000,600,180,420,7.0,600.0,2026-03,RESEARCH_DEVELOPMENT,LISTING_AFTER_30_DAYS,ORDINARY_WEEKDAY_OVERNIGHT,READY,,0
MSTRUSDT-O-20260316T200000Z,MSTRUSDT,CRYPTO_SENSITIVE_EQUITY,O,,,,O:2026-03-16T20:00:00Z:2026-03-17T06:00:00Z,2026-03-16T20:00:00Z,2026-03-17T06:00:00Z,2026-03-16T20:00:00+00:00,2026-03-16T22:59:59.999000+00:00,2026-03-16T23:00:00+00:00,2026-03-17T05:59:59.999000+00:00,50160,50760,600,180,420,7.0,600.0,2026-03,RESEARCH_DEVELOPMENT,LISTING_AFTER_30_DAYS,ORDINARY_WEEKDAY_OVERNIGHT,READY,,0
MSTRUSDT-O-20260317T200000Z,MSTRUSDT,CRYPTO_SENSITIVE_EQUITY,O,,,,O:2026-03-17T20:00:00Z:2026-03-18T06:00:00Z,2026-03-17T20:00:00Z,2026-03-18T06:00:00Z,2026-03-17T20:00:00+00:00,2026-03-17T22:59:59.999000+00:00,2026-03-17T23:00:00+00:00,2026-03-18T05:59:59.999000+00:00,51600,52200,600,180,420,7.0,600.0,2026-03,RESEARCH_DEVELOPMENT,LISTING_AFTER_30_DAYS,ORDINARY_WEEKDAY_OVERNIGHT,READY,,0
MSTRUSDT-O-20260318T200000Z,MSTRUSDT,CRYPTO_SENSITIVE_EQUITY,O,,,,O:2026-03-18T20:00:00Z:2026-03-19T06:00:00Z,2026-03-18T20:00:00Z,2026-03-19T06:00:00Z,2026-03-18T20:00:00+00:00,2026-03-18T22:59:59.999000+00:00,2026-03-18T23:00:00+00:00,2026-03-19T05:59:59.999000+00:00,53040,53640,600,180,420,7.0,600.0,2026-03,RESEARCH_DEVELOPMENT,LISTING_AFTER_30_DAYS,ORDINARY_WEEKDAY_OVERNIGHT,READY,,0
MSTRUSDT-O-20260319T200000Z,MSTRUSDT,CRYPTO_SENSITIVE_EQUITY,O,,,,O:2026-03-19T20:00:00Z:2026-03-20T06:00:00Z,2026-03-19T20:00:00Z,2026-03-20T06:00:00Z,2026-03-19T20:00:00+00:00,2026-03-19T22:59:59.999000+00:00,2026-03-19T23:00:00+00:00,2026-03-20T05:59:59.999000+00:00,54480,55080,600,180,420,7.0,600.0,2026-03,RESEARCH_DEVELOPMENT,LISTING_AFTER_30_DAYS,ORDINARY_WEEKDAY_OVERNIGHT,READY,,0
MSTRUSDT-O-20260323T200000Z,MSTRUSDT,CRYPTO_SENSITIVE_EQUITY,O,,,,O:2026-03-23T20:00:00Z:2026-03-24T06:00:00Z,2026-03-23T20:00:00Z,2026-03-24T06:00:00Z,2026-03-23T20:00:00+00:00,2026-03-23T22:59:59.999000+00:00,2026-03-23T23:00:00+00:00,2026-03-24T05:59:59.999000+00:00,60240,60840,600,180,420,7.0,600.0,2026-03,RESEARCH_DEVELOPMENT,LISTING_AFTER_30_DAYS,ORDINARY_WEEKDAY_OVERNIGHT,READY,,0
MSTRUSDT-O-20260324T200000Z,MSTRUSDT,CRYPTO_SENSITIVE_EQUITY,O,,,,O:2026-03-24T20:00:00Z:2026-03-25T06:00:00Z,2026-03-24T20:00:00Z,2026-03-25T06:00:00Z,2026-03-24T20:00:00+00:00,2026-03-24T22:59:59.999000+00:00,2026-03-24T23:00:00+00:00,2026-03-25T05:59:59.999000+00:00,61680,62280,600,180,420,7.0,600.0,2026-03,RESEARCH_DEVELOPMENT,LISTING_AFTER_30_DAYS,ORDINARY_WEEKDAY_OVERNIGHT,READY,,0
MSTRUSDT-O-20260325T200000Z,MSTRUSDT,CRYPTO_SENSITIVE_EQUITY,O,,,,O:2026-03-25T20:00:00Z:2026-03-26T06:00:00Z,2026-03-25T20:00:00Z,2026-03-26T06:00:00Z,2026-03-25T20:00:00+00:00,2026-03-25T22:59:59.999000+00:00,2026-03-25T23:00:00+00:00,2026-03-26T05:59:59.999000+00:00,63120,63720,600,180,420,7.0,600.0,2026-03,RESEARCH_DEVELOPMENT,LISTING_AFTER_30_DAYS,ORDINARY_WEEKDAY_OVERNIGHT,READY,,0
MSTRUSDT-O-20260326T200000Z,MSTRUSDT,CRYPTO_SENSITIVE_EQUITY,O,,,,O:2026-03-26T20:00:00Z:2026-03-27T06:00:00Z,2026-03-26T20:00:00Z,2026-03-27T06:00:00Z,2026-03-26T20:00:00+00:00,2026-03-26T22:59:59.999000+00:00,2026-03-26T23:00:00+00:00,2026-03-27T05:59:59.999000+00:00,64560,65160,600,180,420,7.0,600.0,2026-03,RESEARCH_DEVELOPMENT,LISTING_AFTER_30_DAYS,ORDINARY_WEEKDAY_OVERNIGHT,READY,,0
MSTRUSDT-O-20260330T200000Z,MSTRUSDT,CRYPTO_SENSITIVE_EQUITY,O,,,,O:2026-03-30T20:00:00Z:2026-03-31T06:00:00Z,2026-03-30T20:00:00Z,2026-03-31T06:00:00Z,2026-03-30T20:00:00+00:00,2026-03-30T22:59:59.999000+00:00,2026-03-30T23:00:00+00:00,2026-03-31T05:59:59.999000+00:00,70320,70920,600,180,420,7.0,600.0,2026-03,RESEARCH_DEVELOPMENT,LISTING_AFTER_30_DAYS,ORDINARY_WEEKDAY_OVERNIGHT,READY,,0
MSTRUSDT-O-20260331T200000Z,MSTRUSDT,CRYPTO_SENSITIVE_EQUITY,O,,,,O:2026-03-31T20:00:00Z:2026-04-01T06:00:00Z,2026-03-31T20:00:00Z,2026-04-01T06:00:00Z,2026-03-31T20:00:00+00:00,2026-03-31T22:59:59.999000+00:00,2026-03-31T23:00:00+00:00,2026-04-01T05:59:59.999000+00:00,71760,72360,600,180,420,7.0,600.0,2026-03,RESEARCH_DEVELOPMENT,LISTING_AFTER_30_DAYS,ORDINARY_WEEKDAY_OVERNIGHT,READY,,0
MSTRUSDT-O-20260401T200000Z,MSTRUSDT,CRYPTO_SENSITIVE_EQUITY,O,,,,O:2026-04-01T20:00:00Z:2026-04-02T06:00:00Z,2026-04-01T20:00:00Z,2026-04-02T06:00:00Z,2026-04-01T20:00:00+00:00,2026-04-01T22:59:59.999000+00:00,2026-04-01T23:00:00+00:00,2026-04-02T05:59:59.999000+00:00,73200,73800,600,180,420,7.0,600.0,2026-04,RESEARCH_DEVELOPMENT,LISTING_AFTER_30_DAYS,ORDINARY_WEEKDAY_OVERNIGHT,READY,,0
MSTRUSDT-O-20260406T200000Z,MSTRUSDT,CRYPTO_SENSITIVE_EQUITY,O,,,,O:2026-04-06T20:00:00Z:2026-04-07T06:00:00Z,2026-04-06T20:00:00Z,2026-04-07T06:00:00Z,2026-04-06T20:00:00+00:00,2026-04-06T22:59:59.999000+00:00,2026-04-06T23:00:00+00:00,2026-04-07T05:59:59.999000+00:00,80400,81000,600,180,420,7.0,600.0,2026-04,RESEARCH_DEVELOPMENT,LISTING_AFTER_30_DAYS,ORDINARY_WEEKDAY_OVERNIGHT,READY,,0
MSTRUSDT-O-20260407T200000Z,MSTRUSDT,CRYPTO_SENSITIVE_EQUITY,O,,,,O:2026-04-07T20:00:00Z:2026-04-08T06:00:00Z,2026-04-07T20:00:00Z,2026-04-08T06:00:00Z,2026-04-07T20:00:00+00:00,2026-04-07T22:59:59.999000+00:00,2026-04-07T23:00:00+00:00,2026-04-08T05:59:59.999000+00:00,81840,82440,600,180,420,7.0,600.0,2026-04,RESEARCH_DEVELOPMENT,LISTING_AFTER_30_DAYS,ORDINARY_WEEKDAY_OVERNIGHT,READY,,0
MSTRUSDT-O-20260408T200000Z,MSTRUSDT,CRYPTO_SENSITIVE_EQUITY,O,,,,O:2026-04-08T20:00:00Z:2026-04-09T06:00:00Z,2026-04-08T20:00:00Z,2026-04-09T06:00:00Z,2026-04-08T20:00:00+00:00,2026-04-08T22:59:59.999000+00:00,2026-04-08T23:00:00+00:00,2026-04-09T05:59:59.999000+00:00,83280,83880,600,180,420,7.0,600.0,2026-04,RESEARCH_DEVELOPMENT,LISTING_AFTER_30_DAYS,ORDINARY_WEEKDAY_OVERNIGHT,READY,,0
MSTRUSDT-O-20260409T200000Z,MSTRUSDT,CRYPTO_SENSITIVE_EQUITY,O,,,,O:2026-04-09T20:00:00Z:2026-04-10T06:00:00Z,2026-04-09T20:00:00Z,2026-04-10T06:00:00Z,2026-04-09T20:00:00+00:00,2026-04-09T22:59:59.999000+00:00,2026-04-09T23:00:00+00:00,2026-04-10T05:59:59.999000+00:00,84720,85320,600,180,420,7.0,600.0,2026-04,RESEARCH_DEVELOPMENT,LISTING_AFTER_30_DAYS,ORDINARY_WEEKDAY_OVERNIGHT,READY,,0
MSTRUSDT-O-20260413T200000Z,MSTRUSDT,CRYPTO_SENSITIVE_EQUITY,O,,,,O:2026-04-13T20:00:00Z:2026-04-14T06:00:00Z,2026-04-13T20:00:00Z,2026-04-14T06:00:00Z,2026-04-13T20:00:00+00:00,2026-04-13T22:59:59.999000+00:00,2026-04-13T23:00:00+00:00,2026-04-14T05:59:59.999000+00:00,90480,91080,600,180,420,7.0,600.0,2026-04,RESEARCH_DEVELOPMENT,LISTING_AFTER_30_DAYS,ORDINARY_WEEKDAY_OVERNIGHT,READY,,0
MSTRUSDT-O-20260414T200000Z,MSTRUSDT,CRYPTO_SENSITIVE_EQUITY,O,,,,O:2026-04-14T20:00:00Z:2026-04-15T06:00:00Z,2026-04-14T20:00:00Z,2026-04-15T06:00:00Z,2026-04-14T20:00:00+00:00,2026-04-14T22:59:59.999000+00:00,2026-04-14T23:00:00+00:00,2026-04-15T05:59:59.999000+00:00,91920,92520,600,180,420,7.0,600.0,2026-04,RESEARCH_DEVELOPMENT,LISTING_AFTER_30_DAYS,ORDINARY_WEEKDAY_OVERNIGHT,READY,,0
MSTRUSDT-O-20260415T200000Z,MSTRUSDT,CRYPTO_SENSITIVE_EQUITY,O,,,,O:2026-04-15T20:00:00Z:2026-04-16T06:00:00Z,2026-04-15T20:00:00Z,2026-04-16T06:00:00Z,2026-04-15T20:00:00+00:00,2026-04-15T22:59:59.999000+00:00,2026-04-15T23:00:00+00:00,2026-04-16T05:59:59.999000+00:00,93360,93960,600,180,420,7.0,600.0,2026-04,RESEARCH_DEVELOPMENT,LISTING_AFTER_30_DAYS,ORDINARY_WEEKDAY_OVERNIGHT,READY,,0
MSTRUSDT-O-20260416T200000Z,MSTRUSDT,CRYPTO_SENSITIVE_EQUITY,O,,,,O:2026-04-16T20:00:00Z:2026-04-17T06:00:00Z,2026-04-16T20:00:00Z,2026-04-17T06:00:00Z,2026-04-16T20:00:00+00:00,2026-04-16T22:59:59.999000+00:00,2026-04-16T23:00:00+00:00,2026-04-17T05:59:59.999000+00:00,94800,95400,600,180,420,7.0,600.0,2026-04,RESEARCH_DEVELOPMENT,LISTING_AFTER_30_DAYS,ORDINARY_WEEKDAY_OVERNIGHT,READY,,0
MSTRUSDT-O-20260420T200000Z,MSTRUSDT,CRYPTO_SENSITIVE_EQUITY,O,,,,O:2026-04-20T20:00:00Z:2026-04-21T06:00:00Z,2026-04-20T20:00:00Z,2026-04-21T06:00:00Z,2026-04-20T20:00:00+00:00,2026-04-20T22:59:59.999000+00:00,2026-04-20T23:00:00+00:00,2026-04-21T05:59:59.999000+00:00,100560,101160,600,180,420,7.0,600.0,2026-04,RESEARCH_DEVELOPMENT,LISTING_AFTER_30_DAYS,ORDINARY_WEEKDAY_OVERNIGHT,READY,,0
MSTRUSDT-O-20260421T200000Z,MSTRUSDT,CRYPTO_SENSITIVE_EQUITY,O,,,,O:2026-04-21T20:00:00Z:2026-04-22T06:00:00Z,2026-04-21T20:00:00Z,2026-04-22T06:00:00Z,2026-04-21T20:00:00+00:00,2026-04-21T22:59:59.999000+00:00,2026-04-21T23:00:00+00:00,2026-04-22T05:59:59.999000+00:00,102000,102600,600,180,420,7.0,600.0,2026-04,RESEARCH_DEVELOPMENT,LISTING_AFTER_30_DAYS,ORDINARY_WEEKDAY_OVERNIGHT,READY,,0
MSTRUSDT-O-20260422T200000Z,MSTRUSDT,CRYPTO_SENSITIVE_EQUITY,O,,,,O:2026-04-22T20:00:00Z:2026-04-23T06:00:00Z,2026-04-22T20:00:00Z,2026-04-23T06:00:00Z,2026-04-22T20:00:00+00:00,2026-04-22T22:59:59.999000+00:00,2026-04-22T23:00:00+00:00,2026-04-23T05:59:59.999000+00:00,103440,104040,600,180,420,7.0,600.0,2026-04,RESEARCH_DEVELOPMENT,LISTING_AFTER_30_DAYS,ORDINARY_WEEKDAY_OVERNIGHT,READY,,0
MSTRUSDT-O-20260423T200000Z,MSTRUSDT,CRYPTO_SENSITIVE_EQUITY,O,,,,O:2026-04-23T20:00:00Z:2026-04-24T06:00:00Z,2026-04-23T20:00:00Z,2026-04-24T06:00:00Z,2026-04-23T20:00:00+00:00,2026-04-23T22:59:59.999000+00:00,2026-04-23T23:00:00+00:00,2026-04-24T05:59:59.999000+00:00,104880,105480,600,180,420,7.0,600.0,2026-04,RESEARCH_DEVELOPMENT,LISTING_AFTER_30_DAYS,ORDINARY_WEEKDAY_OVERNIGHT,READY,,0
MSTRUSDT-O-20260427T200000Z,MSTRUSDT,CRYPTO_SENSITIVE_EQUITY,O,,,,O:2026-04-27T20:00:00Z:2026-04-28T06:00:00Z,2026-04-27T20:00:00Z,2026-04-28T06:00:00Z,2026-04-27T20:00:00+00:00,2026-04-27T22:59:59.999000+00:00,2026-04-27T23:00:00+00:00,2026-04-28T05:59:59.999000+00:00,110640,111240,600,180,420,7.0,600.0,2026-04,RESEARCH_DEVELOPMENT,LISTING_AFTER_30_DAYS,ORDINARY_WEEKDAY_OVERNIGHT,READY,,0
MSTRUSDT-O-20260428T200000Z,MSTRUSDT,CRYPTO_SENSITIVE_EQUITY,O,,,,O:2026-04-28T20:00:00Z:2026-04-29T06:00:00Z,2026-04-28T20:00:00Z,2026-04-29T06:00:00Z,2026-04-28T20:00:00+00:00,2026-04-28T22:59:59.999000+00:00,2026-04-28T23:00:00+00:00,2026-04-29T05:59:59.999000+00:00,112080,112680,600,180,420,7.0,600.0,2026-04,RESEARCH_DEVELOPMENT,LISTING_AFTER_30_DAYS,ORDINARY_WEEKDAY_OVERNIGHT,READY,,0
MSTRUSDT-O-20260429T200000Z,MSTRUSDT,CRYPTO_SENSITIVE_EQUITY,O,,,,O:2026-04-29T20:00:00Z:2026-04-30T06:00:00Z,2026-04-29T20:00:00Z,2026-04-30T06:00:00Z,2026-04-29T20:00:00+00:00,2026-04-29T22:59:59.999000+00:00,2026-04-29T23:00:00+00:00,2026-04-30T05:59:59.999000+00:00,113520,114120,600,180,420,7.0,600.0,2026-04,RESEARCH_DEVELOPMENT,LISTING_AFTER_30_DAYS,ORDINARY_WEEKDAY_OVERNIGHT,READY,,0
MSTRUSDT-O-20260430T200000Z,MSTRUSDT,CRYPTO_SENSITIVE_EQUITY,O,,,,O:2026-04-30T20:00:00Z:2026-05-01T06:00:00Z,2026-04-30T20:00:00Z,2026-05-01T06:00:00Z,2026-04-30T20:00:00+00:00,2026-04-30T22:59:59.999000+00:00,2026-04-30T23:00:00+00:00,2026-05-01T05:59:59.999000+00:00,114960,115560,600,180,420,7.0,600.0,2026-04,RESEARCH_DEVELOPMENT,LISTING_AFTER_30_DAYS,ORDINARY_WEEKDAY_OVERNIGHT,READY,,0
MSTRUSDT-O-20260504T200000Z,MSTRUSDT,CRYPTO_SENSITIVE_EQUITY,O,,,,O:2026-05-04T20:00:00Z:2026-05-05T06:00:00Z,2026-05-04T20:00:00Z,2026-05-05T06:00:00Z,2026-05-04T20:00:00+00:00,2026-05-04T22:59:59.999000+00:00,2026-05-04T23:00:00+00:00,2026-05-05T05:59:59.999000+00:00,120720,121320,600,180,420,7.0,600.0,2026-05,RESEARCH_DEVELOPMENT,LISTING_AFTER_30_DAYS,ORDINARY_WEEKDAY_OVERNIGHT,READY,,0
MSTRUSDT-O-20260505T200000Z,MSTRUSDT,CRYPTO_SENSITIVE_EQUITY,O,,,,O:2026-05-05T20:00:00Z:2026-05-06T06:00:00Z,2026-05-05T20:00:00Z,2026-05-06T06:00:00Z,2026-05-05T20:00:00+00:00,2026-05-05T22:59:59.999000+00:00,2026-05-05T23:00:00+00:00,2026-05-06T05:59:59.999000+00:00,122160,122760,600,180,420,7.0,600.0,2026-05,RESEARCH_DEVELOPMENT,LISTING_AFTER_30_DAYS,ORDINARY_WEEKDAY_OVERNIGHT,READY,,0
MSTRUSDT-O-20260506T200000Z,MSTRUSDT,CRYPTO_SENSITIVE_EQUITY,O,,,,O:2026-05-06T20:00:00Z:2026-05-07T06:00:00Z,2026-05-06T20:00:00Z,2026-05-07T06:00:00Z,2026-05-06T20:00:00+00:00,2026-05-06T22:59:59.999000+00:00,2026-05-06T23:00:00+00:00,2026-05-07T05:59:59.999000+00:00,123600,124200,600,180,420,7.0,600.0,2026-05,RESEARCH_DEVELOPMENT,LISTING_AFTER_30_DAYS,ORDINARY_WEEKDAY_OVERNIGHT,READY,,0
MSTRUSDT-O-20260507T200000Z,MSTRUSDT,CRYPTO_SENSITIVE_EQUITY,O,,,,O:2026-05-07T20:00:00Z:2026-05-08T06:00:00Z,2026-05-07T20:00:00Z,2026-05-08T06:00:00Z,2026-05-07T20:00:00+00:00,2026-05-07T22:59:59.999000+00:00,2026-05-07T23:00:00+00:00,2026-05-08T05:59:59.999000+00:00,125040,125640,600,180,420,7.0,600.0,2026-05,RESEARCH_DEVELOPMENT,LISTING_AFTER_30_DAYS,ORDINARY_WEEKDAY_OVERNIGHT,READY,,0
MSTRUSDT-O-20260511T200000Z,MSTRUSDT,CRYPTO_SENSITIVE_EQUITY,O,,,,O:2026-05-11T20:00:00Z:2026-05-12T06:00:00Z,2026-05-11T20:00:00Z,2026-05-12T06:00:00Z,2026-05-11T20:00:00+00:00,2026-05-11T22:59:59.999000+00:00,2026-05-11T23:00:00+00:00,2026-05-12T05:59:59.999000+00:00,130800,131400,600,180,420,7.0,600.0,2026-05,RESEARCH_DEVELOPMENT,LISTING_AFTER_30_DAYS,ORDINARY_WEEKDAY_OVERNIGHT,READY,,0
MSTRUSDT-O-20260512T200000Z,MSTRUSDT,CRYPTO_SENSITIVE_EQUITY,O,,,,O:2026-05-12T20:00:00Z:2026-05-13T06:00:00Z,2026-05-12T20:00:00Z,2026-05-13T06:00:00Z,2026-05-12T20:00:00+00:00,2026-05-12T22:59:59.999000+00:00,2026-05-12T23:00:00+00:00,2026-05-13T05:59:59.999000+00:00,132240,132840,600,180,420,7.0,600.0,2026-05,RESEARCH_DEVELOPMENT,LISTING_AFTER_30_DAYS,ORDINARY_WEEKDAY_OVERNIGHT,READY,,0
MSTRUSDT-O-20260513T200000Z,MSTRUSDT,CRYPTO_SENSITIVE_EQUITY,O,,,,O:2026-05-13T20:00:00Z:2026-05-14T06:00:00Z,2026-05-13T20:00:00Z,2026-05-14T06:00:00Z,2026-05-13T20:00:00+00:00,2026-05-13T22:59:59.999000+00:00,2026-05-13T23:00:00+00:00,2026-05-14T05:59:59.999000+00:00,133680,134280,600,180,420,7.0,600.0,2026-05,RESEARCH_DEVELOPMENT,LISTING_AFTER_30_DAYS,ORDINARY_WEEKDAY_OVERNIGHT,READY,,0
MSTRUSDT-O-20260514T200000Z,MSTRUSDT,CRYPTO_SENSITIVE_EQUITY,O,,,,O:2026-05-14T20:00:00Z:2026-05-15T06:00:00Z,2026-05-14T20:00:00Z,2026-05-15T06:00:00Z,2026-05-14T20:00:00+00:00,2026-05-14T22:59:59.999000+00:00,2026-05-14T23:00:00+00:00,2026-05-15T05:59:59.999000+00:00,135120,135720,600,180,420,7.0,600.0,2026-05,RESEARCH_DEVELOPMENT,LISTING_AFTER_30_DAYS,ORDINARY_WEEKDAY_OVERNIGHT,READY,,0
MSTRUSDT-O-20260518T200000Z,MSTRUSDT,CRYPTO_SENSITIVE_EQUITY,O,,,,O:2026-05-18T20:00:00Z:2026-05-19T06:00:00Z,2026-05-18T20:00:00Z,2026-05-19T06:00:00Z,2026-05-18T20:00:00+00:00,2026-05-18T22:59:59.999000+00:00,2026-05-18T23:00:00+00:00,2026-05-19T05:59:59.999000+00:00,140880,141480,600,180,420,7.0,600.0,2026-05,RESEARCH_DEVELOPMENT,LISTING_AFTER_30_DAYS,ORDINARY_WEEKDAY_OVERNIGHT,READY,,0
MSTRUSDT-O-20260519T200000Z,MSTRUSDT,CRYPTO_SENSITIVE_EQUITY,O,,,,O:2026-05-19T20:00:00Z:2026-05-20T06:00:00Z,2026-05-19T20:00:00Z,2026-05-20T06:00:00Z,2026-05-19T20:00:00+00:00,2026-05-19T22:59:59.999000+00:00,2026-05-19T23:00:00+00:00,2026-05-20T05:59:59.999000+00:00,142320,142920,600,180,420,7.0,600.0,2026-05,RESEARCH_DEVELOPMENT,LISTING_AFTER_30_DAYS,ORDINARY_WEEKDAY_OVERNIGHT,READY,,0
MSTRUSDT-O-20260520T200000Z,MSTRUSDT,CRYPTO_SENSITIVE_EQUITY,O,,,,O:2026-05-20T20:00:00Z:2026-05-21T06:00:00Z,2026-05-20T20:00:00Z,2026-05-21T06:00:00Z,2026-05-20T20:00:00+00:00,2026-05-20T22:59:59.999000+00:00,2026-05-20T23:00:00+00:00,2026-05-21T05:59:59.999000+00:00,143760,144360,600,180,420,7.0,600.0,2026-05,RESEARCH_DEVELOPMENT,LISTING_AFTER_30_DAYS,ORDINARY_WEEKDAY_OVERNIGHT,READY,,0
MSTRUSDT-O-20260521T200000Z,MSTRUSDT,CRYPTO_SENSITIVE_EQUITY,O,,,,O:2026-05-21T20:00:00Z:2026-05-22T06:00:00Z,2026-05-21T20:00:00Z,2026-05-22T06:00:00Z,2026-05-21T20:00:00+00:00,2026-05-21T22:59:59.999000+00:00,2026-05-21T23:00:00+00:00,2026-05-22T05:59:59.999000+00:00,145200,145800,600,180,420,7.0,600.0,2026-05,RESEARCH_DEVELOPMENT,LISTING_AFTER_30_DAYS,ORDINARY_WEEKDAY_OVERNIGHT,READY,,0
MSTRUSDT-O-20260526T200000Z,MSTRUSDT,CRYPTO_SENSITIVE_EQUITY,O,,,,O:2026-05-26T20:00:00Z:2026-05-27T06:00:00Z,2026-05-26T20:00:00Z,2026-05-27T06:00:00Z,2026-05-26T20:00:00+00:00,2026-05-26T22:59:59.999000+00:00,2026-05-26T23:00:00+00:00,2026-05-27T05:59:59.999000+00:00,152400,153000,600,180,420,7.0,600.0,2026-05,RESEARCH_DEVELOPMENT,LISTING_AFTER_30_DAYS,ORDINARY_WEEKDAY_OVERNIGHT,READY,,0
MSTRUSDT-O-20260527T200000Z,MSTRUSDT,CRYPTO_SENSITIVE_EQUITY,O,,,,O:2026-05-27T20:00:00Z:2026-05-28T06:00:00Z,2026-05-27T20:00:00Z,2026-05-28T06:00:00Z,2026-05-27T20:00:00+00:00,2026-05-27T22:59:59.999000+00:00,2026-05-27T23:00:00+00:00,2026-05-28T05:59:59.999000+00:00,153840,154440,600,180,420,7.0,600.0,2026-05,RESEARCH_DEVELOPMENT,LISTING_AFTER_30_DAYS,ORDINARY_WEEKDAY_OVERNIGHT,READY,,0
MSTRUSDT-O-20260528T200000Z,MSTRUSDT,CRYPTO_SENSITIVE_EQUITY,O,,,,O:2026-05-28T20:00:00Z:2026-05-29T06:00:00Z,2026-05-28T20:00:00Z,2026-05-29T06:00:00Z,2026-05-28T20:00:00+00:00,2026-05-28T22:59:59.999000+00:00,2026-05-28T23:00:00+00:00,2026-05-29T05:59:59.999000+00:00,155280,155880,600,180,420,7.0,600.0,2026-05,RESEARCH_DEVELOPMENT,LISTING_AFTER_30_DAYS,ORDINARY_WEEKDAY_OVERNIGHT,READY,,0
MSTRUSDT-O-20260601T200000Z,MSTRUSDT,CRYPTO_SENSITIVE_EQUITY,O,,,,O:2026-06-01T20:00:00Z:2026-06-02T06:00:00Z,2026-06-01T20:00:00Z,2026-06-02T06:00:00Z,2026-06-01T20:00:00+00:00,2026-06-01T22:59:59.999000+00:00,2026-06-01T23:00:00+00:00,2026-06-02T05:59:59.999000+00:00,161040,161640,600,180,420,7.0,600.0,2026-06,RESEARCH_VALIDATION_EXPOSED,LISTING_AFTER_30_DAYS,ORDINARY_WEEKDAY_OVERNIGHT,READY,,0
MSTRUSDT-O-20260602T200000Z,MSTRUSDT,CRYPTO_SENSITIVE_EQUITY,O,,,,O:2026-06-02T20:00:00Z:2026-06-03T06:00:00Z,2026-06-02T20:00:00Z,2026-06-03T06:00:00Z,2026-06-02T20:00:00+00:00,2026-06-02T22:59:59.999000+00:00,2026-06-02T23:00:00+00:00,2026-06-03T05:59:59.999000+00:00,162480,163080,600,180,420,7.0,600.0,2026-06,RESEARCH_VALIDATION_EXPOSED,LISTING_AFTER_30_DAYS,ORDINARY_WEEKDAY_OVERNIGHT,READY,,0
MSTRUSDT-O-20260603T200000Z,MSTRUSDT,CRYPTO_SENSITIVE_EQUITY,O,,,,O:2026-06-03T20:00:00Z:2026-06-04T06:00:00Z,2026-06-03T20:00:00Z,2026-06-04T06:00:00Z,2026-06-03T20:00:00+00:00,2026-06-03T22:59:59.999000+00:00,2026-06-03T23:00:00+00:00,2026-06-04T05:59:59.999000+00:00,163920,164520,600,180,420,7.0,600.0,2026-06,RESEARCH_VALIDATION_EXPOSED,LISTING_AFTER_30_DAYS,ORDINARY_WEEKDAY_OVERNIGHT,READY,,0
MSTRUSDT-O-20260604T200000Z,MSTRUSDT,CRYPTO_SENSITIVE_EQUITY,O,,,,O:2026-06-04T20:00:00Z:2026-06-05T06:00:00Z,2026-06-04T20:00:00Z,2026-06-05T06:00:00Z,2026-06-04T20:00:00+00:00,2026-06-04T22:59:59.999000+00:00,2026-06-04T23:00:00+00:00,2026-06-05T05:59:59.999000+00:00,165360,165960,600,180,420,7.0,600.0,2026-06,RESEARCH_VALIDATION_EXPOSED,LISTING_AFTER_30_DAYS,ORDINARY_WEEKDAY_OVERNIGHT,READY,,0
MSTRUSDT-O-20260608T200000Z,MSTRUSDT,CRYPTO_SENSITIVE_EQUITY,O,,,,O:2026-06-08T20:00:00Z:2026-06-09T06:00:00Z,2026-06-08T20:00:00Z,2026-06-09T06:00:00Z,2026-06-08T20:00:00+00:00,2026-06-08T22:59:59.999000+00:00,2026-06-08T23:00:00+00:00,2026-06-09T05:59:59.999000+00:00,171120,171720,600,180,420,7.0,600.0,2026-06,RESEARCH_VALIDATION_EXPOSED,LISTING_AFTER_30_DAYS,ORDINARY_WEEKDAY_OVERNIGHT,READY,,0
MSTRUSDT-O-20260609T200000Z,MSTRUSDT,CRYPTO_SENSITIVE_EQUITY,O,,,,O:2026-06-09T20:00:00Z:2026-06-10T06:00:00Z,2026-06-09T20:00:00Z,2026-06-10T06:00:00Z,2026-06-09T20:00:00+00:00,2026-06-09T22:59:59.999000+00:00,2026-06-09T23:00:00+00:00,2026-06-10T05:59:59.999000+00:00,172560,173160,600,180,420,7.0,600.0,2026-06,RESEARCH_VALIDATION_EXPOSED,LISTING_AFTER_30_DAYS,ORDINARY_WEEKDAY_OVERNIGHT,READY,,0
MSTRUSDT-O-20260610T200000Z,MSTRUSDT,CRYPTO_SENSITIVE_EQUITY,O,,,,O:2026-06-10T20:00:00Z:2026-06-11T06:00:00Z,2026-06-10T20:00:00Z,2026-06-11T06:00:00Z,2026-06-10T20:00:00+00:00,2026-06-10T22:59:59.999000+00:00,2026-06-10T23:00:00+00:00,2026-06-11T05:59:59.999000+00:00,174000,174600,600,180,420,7.0,600.0,2026-06,RESEARCH_VALIDATION_EXPOSED,LISTING_AFTER_30_DAYS,ORDINARY_WEEKDAY_OVERNIGHT,READY,,0
MSTRUSDT-O-20260611T200000Z,MSTRUSDT,CRYPTO_SENSITIVE_EQUITY,O,,,,O:2026-06-11T20:00:00Z:2026-06-12T06:00:00Z,2026-06-11T20:00:00Z,2026-06-12T06:00:00Z,2026-06-11T20:00:00+00:00,2026-06-11T22:59:59.999000+00:00,2026-06-11T23:00:00+00:00,2026-06-12T05:59:59.999000+00:00,175440,176040,600,180,420,7.0,600.0,2026-06,RESEARCH_VALIDATION_EXPOSED,LISTING_AFTER_30_DAYS,ORDINARY_WEEKDAY_OVERNIGHT,READY,,0
MSTRUSDT-O-20260615T200000Z,MSTRUSDT,CRYPTO_SENSITIVE_EQUITY,O,,,,O:2026-06-15T20:00:00Z:2026-06-16T06:00:00Z,2026-06-15T20:00:00Z,2026-06-16T06:00:00Z,2026-06-15T20:00:00+00:00,2026-06-15T22:59:59.999000+00:00,2026-06-15T23:00:00+00:00,2026-06-16T05:59:59.999000+00:00,181200,181800,600,180,420,7.0,600.0,2026-06,RESEARCH_VALIDATION_EXPOSED,LISTING_AFTER_30_DAYS,ORDINARY_WEEKDAY_OVERNIGHT,READY,,0
MSTRUSDT-O-20260616T200000Z,MSTRUSDT,CRYPTO_SENSITIVE_EQUITY,O,,,,O:2026-06-16T20:00:00Z:2026-06-17T06:00:00Z,2026-06-16T20:00:00Z,2026-06-17T06:00:00Z,2026-06-16T20:00:00+00:00,2026-06-16T22:59:59.999000+00:00,2026-06-16T23:00:00+00:00,2026-06-17T05:59:59.999000+00:00,182640,183240,600,180,420,7.0,600.0,2026-06,RESEARCH_VALIDATION_EXPOSED,LISTING_AFTER_30_DAYS,ORDINARY_WEEKDAY_OVERNIGHT,READY,,0
MSTRUSDT-O-20260617T200000Z,MSTRUSDT,CRYPTO_SENSITIVE_EQUITY,O,,,,O:2026-06-17T20:00:00Z:2026-06-18T06:00:00Z,2026-06-17T20:00:00Z,2026-06-18T06:00:00Z,2026-06-17T20:00:00+00:00,2026-06-17T22:59:59.999000+00:00,2026-06-17T23:00:00+00:00,2026-06-18T05:59:59.999000+00:00,184080,184680,600,180,420,7.0,600.0,2026-06,RESEARCH_VALIDATION_EXPOSED,LISTING_AFTER_30_DAYS,ORDINARY_WEEKDAY_OVERNIGHT,READY,,0
MSTRUSDT-O-20260622T200000Z,MSTRUSDT,CRYPTO_SENSITIVE_EQUITY,O,,,,O:2026-06-22T20:00:00Z:2026-06-23T06:00:00Z,2026-06-22T20:00:00Z,2026-06-23T06:00:00Z,2026-06-22T20:00:00+00:00,2026-06-22T22:59:59.999000+00:00,2026-06-22T23:00:00+00:00,2026-06-23T05:59:59.999000+00:00,191280,191880,600,180,420,7.0,600.0,2026-06,RESEARCH_VALIDATION_EXPOSED,LISTING_AFTER_30_DAYS,ORDINARY_WEEKDAY_OVERNIGHT,READY,,0
MSTRUSDT-O-20260623T200000Z,MSTRUSDT,CRYPTO_SENSITIVE_EQUITY,O,,,,O:2026-06-23T20:00:00Z:2026-06-24T06:00:00Z,2026-06-23T20:00:00Z,2026-06-24T06:00:00Z,2026-06-23T20:00:00+00:00,2026-06-23T22:59:59.999000+00:00,2026-06-23T23:00:00+00:00,2026-06-24T05:59:59.999000+00:00,192720,193320,600,180,420,7.0,600.0,2026-06,RESEARCH_VALIDATION_EXPOSED,LISTING_AFTER_30_DAYS,ORDINARY_WEEKDAY_OVERNIGHT,READY,,0
MSTRUSDT-O-20260624T200000Z,MSTRUSDT,CRYPTO_SENSITIVE_EQUITY,O,,,,O:2026-06-24T20:00:00Z:2026-06-25T06:00:00Z,2026-06-24T20:00:00Z,2026-06-25T06:00:00Z,2026-06-24T20:00:00+00:00,2026-06-24T22:59:59.999000+00:00,2026-06-24T23:00:00+00:00,2026-06-25T05:59:59.999000+00:00,194160,194760,600,180,420,7.0,600.0,2026-06,RESEARCH_VALIDATION_EXPOSED,LISTING_AFTER_30_DAYS,ORDINARY_WEEKDAY_OVERNIGHT,READY,,0
MSTRUSDT-O-20260625T200000Z,MSTRUSDT,CRYPTO_SENSITIVE_EQUITY,O,,,,O:2026-06-25T20:00:00Z:2026-06-26T06:00:00Z,2026-06-25T20:00:00Z,2026-06-26T06:00:00Z,2026-06-25T20:00:00+00:00,2026-06-25T22:59:59.999000+00:00,2026-06-25T23:00:00+00:00,2026-06-26T05:59:59.999000+00:00,195600,196200,600,180,420,7.0,600.0,2026-06,RESEARCH_VALIDATION_EXPOSED,LISTING_AFTER_30_DAYS,ORDINARY_WEEKDAY_OVERNIGHT,READY,,0
MSTRUSDT-O-20260629T200000Z,MSTRUSDT,CRYPTO_SENSITIVE_EQUITY,O,,,,O:2026-06-29T20:00:00Z:2026-06-30T06:00:00Z,2026-06-29T20:00:00Z,2026-06-30T06:00:00Z,2026-06-29T20:00:00+00:00,2026-06-29T22:59:59.999000+00:00,2026-06-29T23:00:00+00:00,2026-06-30T05:59:59.999000+00:00,201360,201960,600,180,420,7.0,600.0,2026-06,RESEARCH_VALIDATION_EXPOSED,LISTING_AFTER_30_DAYS,ORDINARY_WEEKDAY_OVERNIGHT,READY,,0
MSTRUSDT-O-20260630T200000Z,MSTRUSDT,CRYPTO_SENSITIVE_EQUITY,O,,,,O:2026-06-30T20:00:00Z:2026-07-01T06:00:00Z,2026-06-30T20:00:00Z,2026-07-01T06:00:00Z,2026-06-30T20:00:00+00:00,2026-06-30T22:59:59.999000+00:00,2026-06-30T23:00:00+00:00,2026-07-01T05:59:59.999000+00:00,202800,203400,600,180,420,7.0,600.0,2026-06,RESEARCH_VALIDATION_EXPOSED,LISTING_AFTER_30_DAYS,ORDINARY_WEEKDAY_OVERNIGHT,READY,,0
MSTRUSDT-O-20260701T200000Z,MSTRUSDT,CRYPTO_SENSITIVE_EQUITY,O,,,,O:2026-07-01T20:00:00Z:2026-07-02T06:00:00Z,2026-07-01T20:00:00Z,2026-07-02T06:00:00Z,2026-07-01T20:00:00+00:00,2026-07-01T22:59:59.999000+00:00,2026-07-01T23:00:00+00:00,2026-07-02T05:59:59.999000+00:00,204240,204840,600,180,420,7.0,600.0,2026-07,DESCRIPTIVE_EXPOSED,LISTING_AFTER_30_DAYS,ORDINARY_WEEKDAY_OVERNIGHT,READY,,0
MSTRUSDT-O-20260706T200000Z,MSTRUSDT,CRYPTO_SENSITIVE_EQUITY,O,,,,O:2026-07-06T20:00:00Z:2026-07-07T06:00:00Z,2026-07-06T20:00:00Z,2026-07-07T06:00:00Z,2026-07-06T20:00:00+00:00,2026-07-06T22:59:59.999000+00:00,2026-07-06T23:00:00+00:00,2026-07-07T05:59:59.999000+00:00,211440,212040,600,180,420,7.0,600.0,2026-07,DESCRIPTIVE_EXPOSED,LISTING_AFTER_30_DAYS,ORDINARY_WEEKDAY_OVERNIGHT,READY,,0
MSTRUSDT-O-20260707T200000Z,MSTRUSDT,CRYPTO_SENSITIVE_EQUITY,O,,,,O:2026-07-07T20:00:00Z:2026-07-08T06:00:00Z,2026-07-07T20:00:00Z,2026-07-08T06:00:00Z,2026-07-07T20:00:00+00:00,2026-07-07T22:59:59.999000+00:00,2026-07-07T23:00:00+00:00,2026-07-08T05:59:59.999000+00:00,212880,213480,600,180,420,7.0,600.0,2026-07,DESCRIPTIVE_EXPOSED,LISTING_AFTER_30_DAYS,ORDINARY_WEEKDAY_OVERNIGHT,READY,,0
MSTRUSDT-O-20260708T200000Z,MSTRUSDT,CRYPTO_SENSITIVE_EQUITY,O,,,,O:2026-07-08T20:00:00Z:2026-07-09T06:00:00Z,2026-07-08T20:00:00Z,2026-07-09T06:00:00Z,2026-07-08T20:00:00+00:00,2026-07-08T22:59:59.999000+00:00,2026-07-08T23:00:00+00:00,2026-07-09T05:59:59.999000+00:00,214320,214920,600,180,420,7.0,600.0,2026-07,DESCRIPTIVE_EXPOSED,LISTING_AFTER_30_DAYS,ORDINARY_WEEKDAY_OVERNIGHT,READY,,0
MSTRUSDT-O-20260709T200000Z,MSTRUSDT,CRYPTO_SENSITIVE_EQUITY,O,,,,O:2026-07-09T20:00:00Z:2026-07-10T06:00:00Z,2026-07-09T20:00:00Z,2026-07-10T06:00:00Z,2026-07-09T20:00:00+00:00,2026-07-09T22:59:59.999000+00:00,2026-07-09T23:00:00+00:00,2026-07-10T05:59:59.999000+00:00,215760,216360,600,180,420,7.0,600.0,2026-07,DESCRIPTIVE_EXPOSED,LISTING_AFTER_30_DAYS,ORDINARY_WEEKDAY_OVERNIGHT,READY,,0
MSTRUSDT-O-20260713T200000Z,MSTRUSDT,CRYPTO_SENSITIVE_EQUITY,O,,,,O:2026-07-13T20:00:00Z:2026-07-14T06:00:00Z,2026-07-13T20:00:00Z,2026-07-14T06:00:00Z,2026-07-13T20:00:00+00:00,2026-07-13T22:59:59.999000+00:00,2026-07-13T23:00:00+00:00,2026-07-14T05:59:59.999000+00:00,221520,222120,600,180,420,7.0,600.0,2026-07,DESCRIPTIVE_EXPOSED,LISTING_AFTER_30_DAYS,ORDINARY_WEEKDAY_OVERNIGHT,READY,,0
MSTRUSDT-O-20260714T200000Z,MSTRUSDT,CRYPTO_SENSITIVE_EQUITY,O,,,,O:2026-07-14T20:00:00Z:2026-07-15T06:00:00Z,2026-07-14T20:00:00Z,2026-07-15T06:00:00Z,2026-07-14T20:00:00+00:00,2026-07-14T22:59:59.999000+00:00,2026-07-14T23:00:00+00:00,2026-07-15T05:59:59.999000+00:00,222960,223560,600,180,420,7.0,600.0,2026-07,DESCRIPTIVE_EXPOSED,LISTING_AFTER_30_DAYS,ORDINARY_WEEKDAY_OVERNIGHT,READY,,0
MSTRUSDT-O-20260715T200000Z,MSTRUSDT,CRYPTO_SENSITIVE_EQUITY,O,,,,O:2026-07-15T20:00:00Z:2026-07-16T06:00:00Z,2026-07-15T20:00:00Z,2026-07-16T06:00:00Z,2026-07-15T20:00:00+00:00,2026-07-15T22:59:59.999000+00:00,2026-07-15T23:00:00+00:00,2026-07-16T05:59:59.999000+00:00,224400,225000,600,180,420,7.0,600.0,2026-07,DESCRIPTIVE_EXPOSED,LISTING_AFTER_30_DAYS,ORDINARY_WEEKDAY_OVERNIGHT,READY,,0
MSTRUSDT-O-20260716T200000Z,MSTRUSDT,CRYPTO_SENSITIVE_EQUITY,O,,,,O:2026-07-16T20:00:00Z:2026-07-17T06:00:00Z,2026-07-16T20:00:00Z,2026-07-17T06:00:00Z,2026-07-16T20:00:00+00:00,2026-07-16T22:59:59.999000+00:00,2026-07-16T23:00:00+00:00,2026-07-17T05:59:59.999000+00:00,225840,226440,600,180,420,7.0,600.0,2026-07,DESCRIPTIVE_EXPOSED,LISTING_AFTER_30_DAYS,ORDINARY_WEEKDAY_OVERNIGHT,READY,,0
MSTRUSDT-O-20260720T200000Z,MSTRUSDT,CRYPTO_SENSITIVE_EQUITY,O,,,,O:2026-07-20T20:00:00Z:2026-07-21T06:00:00Z,2026-07-20T20:00:00Z,2026-07-21T06:00:00Z,2026-07-20T20:00:00+00:00,2026-07-20T22:59:59.999000+00:00,2026-07-20T23:00:00+00:00,2026-07-21T05:59:59.999000+00:00,231600,232200,600,180,420,7.0,600.0,2026-07,DESCRIPTIVE_EXPOSED,LISTING_AFTER_30_DAYS,ORDINARY_WEEKDAY_OVERNIGHT,READY,,0
MSTRUSDT-O-20260721T200000Z,MSTRUSDT,CRYPTO_SENSITIVE_EQUITY,O,,,,O:2026-07-21T20:00:00Z:2026-07-22T06:00:00Z,2026-07-21T20:00:00Z,2026-07-22T06:00:00Z,2026-07-21T20:00:00+00:00,2026-07-21T22:59:59.999000+00:00,2026-07-21T23:00:00+00:00,2026-07-22T05:59:59.999000+00:00,233040,233640,600,180,420,7.0,600.0,2026-07,DESCRIPTIVE_EXPOSED,LISTING_AFTER_30_DAYS,ORDINARY_WEEKDAY_OVERNIGHT,READY,,0
MSTRUSDT-O-20260722T200000Z,MSTRUSDT,CRYPTO_SENSITIVE_EQUITY,O,,,,O:2026-07-22T20:00:00Z:2026-07-23T06:00:00Z,2026-07-22T20:00:00Z,2026-07-23T06:00:00Z,2026-07-22T20:00:00+00:00,2026-07-22T22:59:59.999000+00:00,2026-07-22T23:00:00+00:00,2026-07-23T05:59:59.999000+00:00,234480,235080,600,180,420,7.0,600.0,2026-07,DESCRIPTIVE_EXPOSED,LISTING_AFTER_30_DAYS,ORDINARY_WEEKDAY_OVERNIGHT,READY,,0
MSTRUSDT-O-20260723T200000Z,MSTRUSDT,CRYPTO_SENSITIVE_EQUITY,O,,,,O:2026-07-23T20:00:00Z:2026-07-24T06:00:00Z,2026-07-23T20:00:00Z,2026-07-24T06:00:00Z,2026-07-23T20:00:00+00:00,2026-07-23T22:59:59.999000+00:00,2026-07-23T23:00:00+00:00,2026-07-23T23:59:59.999000+00:00,235920,236160,240,180,60,1.0,600.0,2026-07,DESCRIPTIVE_EXPOSED,LISTING_AFTER_30_DAYS,ORDINARY_WEEKDAY_OVERNIGHT,READY,,0
MSTRUSDT-O-20260126T210000Z,MSTRUSDT,CRYPTO_SENSITIVE_EQUITY,O,,,,O:2026-01-26T21:00:00Z:2026-01-27T07:00:00Z,2026-01-26T21:00:00Z,2026-01-27T07:00:00Z,2026-01-26T21:00:00+00:00,2026-01-26T21:00:00+00:00,,,0,0,0,0,0,0.0,600.0,2026-01,DESCRIPTIVE_EXPOSED,LISTING_DAYS_1_14,ORDINARY_WEEKDAY_OVERNIGHT,SKIPPED,INSUFFICIENT_TRADABLE_ROWS,0
MSTRUSDT-O-20260127T210000Z,MSTRUSDT,CRYPTO_SENSITIVE_EQUITY,O,,,,O:2026-01-27T21:00:00Z:2026-01-28T07:00:00Z,2026-01-27T21:00:00Z,2026-01-28T07:00:00Z,2026-01-27T21:00:00+00:00,2026-01-27T21:00:00+00:00,,,0,0,0,0,0,0.0,600.0,2026-01,DESCRIPTIVE_EXPOSED,LISTING_DAYS_1_14,ORDINARY_WEEKDAY_OVERNIGHT,SKIPPED,INSUFFICIENT_TRADABLE_ROWS,0
MSTRUSDT-O-20260128T210000Z,MSTRUSDT,CRYPTO_SENSITIVE_EQUITY,O,,,,O:2026-01-28T21:00:00Z:2026-01-29T07:00:00Z,2026-01-28T21:00:00Z,2026-01-29T07:00:00Z,2026-01-28T21:00:00+00:00,2026-01-28T21:00:00+00:00,,,0,0,0,0,0,0.0,600.0,2026-01,DESCRIPTIVE_EXPOSED,LISTING_DAYS_1_14,ORDINARY_WEEKDAY_OVERNIGHT,SKIPPED,INSUFFICIENT_TRADABLE_ROWS,0
MSTRUSDT-O-20260129T210000Z,MSTRUSDT,CRYPTO_SENSITIVE_EQUITY,O,,,,O:2026-01-29T21:00:00Z:2026-01-30T07:00:00Z,2026-01-29T21:00:00Z,2026-01-30T07:00:00Z,2026-01-29T21:00:00+00:00,2026-01-29T21:00:00+00:00,,,0,0,0,0,0,0.0,600.0,2026-01,DESCRIPTIVE_EXPOSED,LISTING_DAYS_1_14,ORDINARY_WEEKDAY_OVERNIGHT,SKIPPED,INSUFFICIENT_TRADABLE_ROWS,0
MSTRUSDT-O-20260202T210000Z,MSTRUSDT,CRYPTO_SENSITIVE_EQUITY,O,,,,O:2026-02-02T21:00:00Z:2026-02-03T07:00:00Z,2026-02-02T21:00:00Z,2026-02-03T07:00:00Z,2026-02-02T21:00:00+00:00,2026-02-02T21:00:00+00:00,,,0,0,0,0,0,0.0,600.0,2026-02,DESCRIPTIVE_EXPOSED,LISTING_DAYS_1_14,ORDINARY_WEEKDAY_OVERNIGHT,SKIPPED,INSUFFICIENT_TRADABLE_ROWS,0
MSTRUSDT-O-20260203T210000Z,MSTRUSDT,CRYPTO_SENSITIVE_EQUITY,O,,,,O:2026-02-03T21:00:00Z:2026-02-04T07:00:00Z,2026-02-03T21:00:00Z,2026-02-04T07:00:00Z,2026-02-03T21:00:00+00:00,2026-02-03T21:00:00+00:00,,,0,0,0,0,0,0.0,600.0,2026-02,DESCRIPTIVE_EXPOSED,LISTING_DAYS_1_14,ORDINARY_WEEKDAY_OVERNIGHT,SKIPPED,INSUFFICIENT_TRADABLE_ROWS,0
MSTRUSDT-O-20260204T210000Z,MSTRUSDT,CRYPTO_SENSITIVE_EQUITY,O,,,,O:2026-02-04T21:00:00Z:2026-02-05T07:00:00Z,2026-02-04T21:00:00Z,2026-02-05T07:00:00Z,2026-02-04T21:00:00+00:00,2026-02-04T21:00:00+00:00,,,0,0,0,0,0,0.0,600.0,2026-02,DESCRIPTIVE_EXPOSED,LISTING_DAYS_1_14,ORDINARY_WEEKDAY_OVERNIGHT,SKIPPED,INSUFFICIENT_TRADABLE_ROWS,0
MSTRUSDT-O-20260205T210000Z,MSTRUSDT,CRYPTO_SENSITIVE_EQUITY,O,,,,O:2026-02-05T21:00:00Z:2026-02-06T07:00:00Z,2026-02-05T21:00:00Z,2026-02-06T07:00:00Z,2026-02-05T21:00:00+00:00,2026-02-05T21:00:00+00:00,,,0,0,0,0,0,0.0,600.0,2026-02,DESCRIPTIVE_EXPOSED,LISTING_DAYS_1_14,ORDINARY_WEEKDAY_OVERNIGHT,SKIPPED,INSUFFICIENT_TRADABLE_ROWS,0
MSTRUSDT-O-20260727T200000Z,MSTRUSDT,CRYPTO_SENSITIVE_EQUITY,O,,,,O:2026-07-27T20:00:00Z:2026-07-28T06:00:00Z,2026-07-27T20:00:00Z,2026-07-28T06:00:00Z,2026-07-27T20:00:00+00:00,2026-07-27T20:00:00+00:00,,,236160,236160,0,0,0,0.0,600.0,2026-07,FORWARD_OOS_FUTURE,LISTING_AFTER_30_DAYS,ORDINARY_WEEKDAY_OVERNIGHT,SKIPPED,INSUFFICIENT_TRADABLE_ROWS,0
MSTRUSDT-O-20260728T200000Z,MSTRUSDT,CRYPTO_SENSITIVE_EQUITY,O,,,,O:2026-07-28T20:00:00Z:2026-07-29T06:00:00Z,2026-07-28T20:00:00Z,2026-07-29T06:00:00Z,2026-07-28T20:00:00+00:00,2026-07-28T20:00:00+00:00,,,236160,236160,0,0,0,0.0,600.0,2026-07,FORWARD_OOS_FUTURE,LISTING_AFTER_30_DAYS,ORDINARY_WEEKDAY_OVERNIGHT,SKIPPED,INSUFFICIENT_TRADABLE_ROWS,0
MSTRUSDT-O-20260729T200000Z,MSTRUSDT,CRYPTO_SENSITIVE_EQUITY,O,,,,O:2026-07-29T20:00:00Z:2026-07-30T06:00:00Z,2026-07-29T20:00:00Z,2026-07-30T06:00:00Z,2026-07-29T20:00:00+00:00,2026-07-29T20:00:00+00:00,,,236160,236160,0,0,0,0.0,600.0,2026-07,FORWARD_OOS_FUTURE,LISTING_AFTER_30_DAYS,ORDINARY_WEEKDAY_OVERNIGHT,SKIPPED,INSUFFICIENT_TRADABLE_ROWS,0
MSTRUSDT-O-20260730T200000Z,MSTRUSDT,CRYPTO_SENSITIVE_EQUITY,O,,,,O:2026-07-30T20:00:00Z:2026-07-31T06:00:00Z,2026-07-30T20:00:00Z,2026-07-31T06:00:00Z,2026-07-30T20:00:00+00:00,2026-07-30T20:00:00+00:00,,,236160,236160,0,0,0,0.0,600.0,2026-07,FORWARD_OOS_FUTURE,LISTING_AFTER_30_DAYS,ORDINARY_WEEKDAY_OVERNIGHT,SKIPPED,INSUFFICIENT_TRADABLE_ROWS,0
MSTRUSDT-O-20260803T200000Z,MSTRUSDT,CRYPTO_SENSITIVE_EQUITY,O,,,,O:2026-08-03T20:00:00Z:2026-08-04T06:00:00Z,2026-08-03T20:00:00Z,2026-08-04T06:00:00Z,2026-08-03T20:00:00+00:00,2026-08-03T20:00:00+00:00,,,236160,236160,0,0,0,0.0,600.0,2026-08,FORWARD_OOS_FUTURE,LISTING_AFTER_30_DAYS,ORDINARY_WEEKDAY_OVERNIGHT,SKIPPED,INSUFFICIENT_TRADABLE_ROWS,0
MSTRUSDT-O-20260804T200000Z,MSTRUSDT,CRYPTO_SENSITIVE_EQUITY,O,,,,O:2026-08-04T20:00:00Z:2026-08-05T06:00:00Z,2026-08-04T20:00:00Z,2026-08-05T06:00:00Z,2026-08-04T20:00:00+00:00,2026-08-04T20:00:00+00:00,,,236160,236160,0,0,0,0.0,600.0,2026-08,FORWARD_OOS_FUTURE,LISTING_AFTER_30_DAYS,ORDINARY_WEEKDAY_OVERNIGHT,SKIPPED,INSUFFICIENT_TRADABLE_ROWS,0
MSTRUSDT-O-20260805T200000Z,MSTRUSDT,CRYPTO_SENSITIVE_EQUITY,O,,,,O:2026-08-05T20:00:00Z:2026-08-06T06:00:00Z,2026-08-05T20:00:00Z,2026-08-06T06:00:00Z,2026-08-05T20:00:00+00:00,2026-08-05T20:00:00+00:00,,,236160,236160,0,0,0,0.0,600.0,2026-08,FORWARD_OOS_FUTURE,LISTING_AFTER_30_DAYS,ORDINARY_WEEKDAY_OVERNIGHT,SKIPPED,INSUFFICIENT_TRADABLE_ROWS,0
PLTRUSDT-O-20260209T210000Z,PLTRUSDT,TRADITIONAL_EQUITY,O,,,,O:2026-02-09T21:00:00Z:2026-02-10T07:00:00Z,2026-02-09T21:00:00Z,2026-02-10T07:00:00Z,2026-02-09T21:00:00+00:00,2026-02-10T02:59:59.999000+00:00,2026-02-10T03:00:00+00:00,2026-02-10T06:59:59.999000+00:00,0,420,420,180,240,4.0,600.0,2026-02,DESCRIPTIVE_EXPOSED,LISTING_DAYS_1_14,ORDINARY_WEEKDAY_OVERNIGHT,READY,,0
PLTRUSDT-O-20260210T210000Z,PLTRUSDT,TRADITIONAL_EQUITY,O,,,,O:2026-02-10T21:00:00Z:2026-02-11T07:00:00Z,2026-02-10T21:00:00Z,2026-02-11T07:00:00Z,2026-02-10T21:00:00+00:00,2026-02-10T23:59:59.999000+00:00,2026-02-11T00:00:00+00:00,2026-02-11T06:59:59.999000+00:00,1260,1860,600,180,420,7.0,600.0,2026-02,DESCRIPTIVE_EXPOSED,LISTING_DAYS_1_14,ORDINARY_WEEKDAY_OVERNIGHT,READY,,0
PLTRUSDT-O-20260211T210000Z,PLTRUSDT,TRADITIONAL_EQUITY,O,,,,O:2026-02-11T21:00:00Z:2026-02-12T07:00:00Z,2026-02-11T21:00:00Z,2026-02-12T07:00:00Z,2026-02-11T21:00:00+00:00,2026-02-11T23:59:59.999000+00:00,2026-02-12T00:00:00+00:00,2026-02-12T06:59:59.999000+00:00,2700,3300,600,180,420,7.0,600.0,2026-02,DESCRIPTIVE_EXPOSED,LISTING_DAYS_1_14,ORDINARY_WEEKDAY_OVERNIGHT,READY,,0
PLTRUSDT-O-20260212T210000Z,PLTRUSDT,TRADITIONAL_EQUITY,O,,,,O:2026-02-12T21:00:00Z:2026-02-13T07:00:00Z,2026-02-12T21:00:00Z,2026-02-13T07:00:00Z,2026-02-12T21:00:00+00:00,2026-02-12T23:59:59.999000+00:00,2026-02-13T00:00:00+00:00,2026-02-13T06:59:59.999000+00:00,4140,4740,600,180,420,7.0,600.0,2026-02,DESCRIPTIVE_EXPOSED,LISTING_DAYS_1_14,ORDINARY_WEEKDAY_OVERNIGHT,READY,,0
PLTRUSDT-O-20260217T210000Z,PLTRUSDT,TRADITIONAL_EQUITY,O,,,,O:2026-02-17T21:00:00Z:2026-02-18T07:00:00Z,2026-02-17T21:00:00Z,2026-02-18T07:00:00Z,2026-02-17T21:00:00+00:00,2026-02-17T23:59:59.999000+00:00,2026-02-18T00:00:00+00:00,2026-02-18T06:59:59.999000+00:00,11340,11940,600,180,420,7.0,600.0,2026-02,DESCRIPTIVE_EXPOSED,LISTING_DAYS_1_14,ORDINARY_WEEKDAY_OVERNIGHT,READY,,0
PLTRUSDT-O-20260218T210000Z,PLTRUSDT,TRADITIONAL_EQUITY,O,,,,O:2026-02-18T21:00:00Z:2026-02-19T07:00:00Z,2026-02-18T21:00:00Z,2026-02-19T07:00:00Z,2026-02-18T21:00:00+00:00,2026-02-18T23:59:59.999000+00:00,2026-02-19T00:00:00+00:00,2026-02-19T06:59:59.999000+00:00,12780,13380,600,180,420,7.0,600.0,2026-02,DESCRIPTIVE_EXPOSED,LISTING_DAYS_1_14,ORDINARY_WEEKDAY_OVERNIGHT,READY,,0
PLTRUSDT-O-20260219T210000Z,PLTRUSDT,TRADITIONAL_EQUITY,O,,,,O:2026-02-19T21:00:00Z:2026-02-20T07:00:00Z,2026-02-19T21:00:00Z,2026-02-20T07:00:00Z,2026-02-19T21:00:00+00:00,2026-02-19T23:59:59.999000+00:00,2026-02-20T00:00:00+00:00,2026-02-20T06:59:59.999000+00:00,14220,14820,600,180,420,7.0,600.0,2026-02,DESCRIPTIVE_EXPOSED,LISTING_DAYS_1_14,ORDINARY_WEEKDAY_OVERNIGHT,READY,,0
PLTRUSDT-O-20260223T210000Z,PLTRUSDT,TRADITIONAL_EQUITY,O,,,,O:2026-02-23T21:00:00Z:2026-02-24T07:00:00Z,2026-02-23T21:00:00Z,2026-02-24T07:00:00Z,2026-02-23T21:00:00+00:00,2026-02-23T23:59:59.999000+00:00,2026-02-24T00:00:00+00:00,2026-02-24T06:59:59.999000+00:00,19980,20580,600,180,420,7.0,600.0,2026-02,DESCRIPTIVE_EXPOSED,LISTING_DAYS_1_14,ORDINARY_WEEKDAY_OVERNIGHT,READY,,0
PLTRUSDT-O-20260224T210000Z,PLTRUSDT,TRADITIONAL_EQUITY,O,,,,O:2026-02-24T21:00:00Z:2026-02-25T07:00:00Z,2026-02-24T21:00:00Z,2026-02-25T07:00:00Z,2026-02-24T21:00:00+00:00,2026-02-24T23:59:59.999000+00:00,2026-02-25T00:00:00+00:00,2026-02-25T06:59:59.999000+00:00,21420,22020,600,180,420,7.0,600.0,2026-02,DESCRIPTIVE_EXPOSED,LISTING_DAYS_15_30,ORDINARY_WEEKDAY_OVERNIGHT,READY,,0
PLTRUSDT-O-20260225T210000Z,PLTRUSDT,TRADITIONAL_EQUITY,O,,,,O:2026-02-25T21:00:00Z:2026-02-26T07:00:00Z,2026-02-25T21:00:00Z,2026-02-26T07:00:00Z,2026-02-25T21:00:00+00:00,2026-02-25T23:59:59.999000+00:00,2026-02-26T00:00:00+00:00,2026-02-26T06:59:59.999000+00:00,22860,23460,600,180,420,7.0,600.0,2026-02,DESCRIPTIVE_EXPOSED,LISTING_DAYS_15_30,ORDINARY_WEEKDAY_OVERNIGHT,READY,,0
PLTRUSDT-O-20260226T210000Z,PLTRUSDT,TRADITIONAL_EQUITY,O,,,,O:2026-02-26T21:00:00Z:2026-02-27T07:00:00Z,2026-02-26T21:00:00Z,2026-02-27T07:00:00Z,2026-02-26T21:00:00+00:00,2026-02-26T23:59:59.999000+00:00,2026-02-27T00:00:00+00:00,2026-02-27T06:59:59.999000+00:00,24300,24900,600,180,420,7.0,600.0,2026-02,DESCRIPTIVE_EXPOSED,LISTING_DAYS_15_30,ORDINARY_WEEKDAY_OVERNIGHT,READY,,0
PLTRUSDT-O-20260302T210000Z,PLTRUSDT,TRADITIONAL_EQUITY,O,,,,O:2026-03-02T21:00:00Z:2026-03-03T07:00:00Z,2026-03-02T21:00:00Z,2026-03-03T07:00:00Z,2026-03-02T21:00:00+00:00,2026-03-02T23:59:59.999000+00:00,2026-03-03T00:00:00+00:00,2026-03-03T06:59:59.999000+00:00,30060,30660,600,180,420,7.0,600.0,2026-03,RESEARCH_DEVELOPMENT,LISTING_DAYS_15_30,ORDINARY_WEEKDAY_OVERNIGHT,READY,,0
PLTRUSDT-O-20260303T210000Z,PLTRUSDT,TRADITIONAL_EQUITY,O,,,,O:2026-03-03T21:00:00Z:2026-03-04T07:00:00Z,2026-03-03T21:00:00Z,2026-03-04T07:00:00Z,2026-03-03T21:00:00+00:00,2026-03-03T23:59:59.999000+00:00,2026-03-04T00:00:00+00:00,2026-03-04T06:59:59.999000+00:00,31500,32100,600,180,420,7.0,600.0,2026-03,RESEARCH_DEVELOPMENT,LISTING_DAYS_15_30,ORDINARY_WEEKDAY_OVERNIGHT,READY,,0
PLTRUSDT-O-20260304T210000Z,PLTRUSDT,TRADITIONAL_EQUITY,O,,,,O:2026-03-04T21:00:00Z:2026-03-05T07:00:00Z,2026-03-04T21:00:00Z,2026-03-05T07:00:00Z,2026-03-04T21:00:00+00:00,2026-03-04T23:59:59.999000+00:00,2026-03-05T00:00:00+00:00,2026-03-05T06:59:59.999000+00:00,32940,33540,600,180,420,7.0,600.0,2026-03,RESEARCH_DEVELOPMENT,LISTING_DAYS_15_30,ORDINARY_WEEKDAY_OVERNIGHT,READY,,0
PLTRUSDT-O-20260305T210000Z,PLTRUSDT,TRADITIONAL_EQUITY,O,,,,O:2026-03-05T21:00:00Z:2026-03-06T07:00:00Z,2026-03-05T21:00:00Z,2026-03-06T07:00:00Z,2026-03-05T21:00:00+00:00,2026-03-05T23:59:59.999000+00:00,2026-03-06T00:00:00+00:00,2026-03-06T06:59:59.999000+00:00,34380,34980,600,180,420,7.0,600.0,2026-03,RESEARCH_DEVELOPMENT,LISTING_DAYS_15_30,ORDINARY_WEEKDAY_OVERNIGHT,READY,,0
PLTRUSDT-O-20260309T200000Z,PLTRUSDT,TRADITIONAL_EQUITY,O,,,,O:2026-03-09T20:00:00Z:2026-03-10T06:00:00Z,2026-03-09T20:00:00Z,2026-03-10T06:00:00Z,2026-03-09T20:00:00+00:00,2026-03-09T22:59:59.999000+00:00,2026-03-09T23:00:00+00:00,2026-03-10T05:59:59.999000+00:00,40080,40680,600,180,420,7.0,600.0,2026-03,RESEARCH_DEVELOPMENT,LISTING_DAYS_15_30,ORDINARY_WEEKDAY_OVERNIGHT,READY,,0
PLTRUSDT-O-20260310T200000Z,PLTRUSDT,TRADITIONAL_EQUITY,O,,,,O:2026-03-10T20:00:00Z:2026-03-11T06:00:00Z,2026-03-10T20:00:00Z,2026-03-11T06:00:00Z,2026-03-10T20:00:00+00:00,2026-03-10T22:59:59.999000+00:00,2026-03-10T23:00:00+00:00,2026-03-11T05:59:59.999000+00:00,41520,42120,600,180,420,7.0,600.0,2026-03,RESEARCH_DEVELOPMENT,LISTING_DAYS_15_30,ORDINARY_WEEKDAY_OVERNIGHT,READY,,0
PLTRUSDT-O-20260311T200000Z,PLTRUSDT,TRADITIONAL_EQUITY,O,,,,O:2026-03-11T20:00:00Z:2026-03-12T06:00:00Z,2026-03-11T20:00:00Z,2026-03-12T06:00:00Z,2026-03-11T20:00:00+00:00,2026-03-11T22:59:59.999000+00:00,2026-03-11T23:00:00+00:00,2026-03-12T05:59:59.999000+00:00,42960,43560,600,180,420,7.0,600.0,2026-03,RESEARCH_DEVELOPMENT,LISTING_DAYS_15_30,ORDINARY_WEEKDAY_OVERNIGHT,READY,,0
PLTRUSDT-O-20260312T200000Z,PLTRUSDT,TRADITIONAL_EQUITY,O,,,,O:2026-03-12T20:00:00Z:2026-03-13T06:00:00Z,2026-03-12T20:00:00Z,2026-03-13T06:00:00Z,2026-03-12T20:00:00+00:00,2026-03-12T22:59:59.999000+00:00,2026-03-12T23:00:00+00:00,2026-03-13T05:59:59.999000+00:00,44400,45000,600,180,420,7.0,600.0,2026-03,RESEARCH_DEVELOPMENT,LISTING_AFTER_30_DAYS,ORDINARY_WEEKDAY_OVERNIGHT,READY,,0
PLTRUSDT-O-20260316T200000Z,PLTRUSDT,TRADITIONAL_EQUITY,O,,,,O:2026-03-16T20:00:00Z:2026-03-17T06:00:00Z,2026-03-16T20:00:00Z,2026-03-17T06:00:00Z,2026-03-16T20:00:00+00:00,2026-03-16T22:59:59.999000+00:00,2026-03-16T23:00:00+00:00,2026-03-17T05:59:59.999000+00:00,50160,50760,600,180,420,7.0,600.0,2026-03,RESEARCH_DEVELOPMENT,LISTING_AFTER_30_DAYS,ORDINARY_WEEKDAY_OVERNIGHT,READY,,0
PLTRUSDT-O-20260317T200000Z,PLTRUSDT,TRADITIONAL_EQUITY,O,,,,O:2026-03-17T20:00:00Z:2026-03-18T06:00:00Z,2026-03-17T20:00:00Z,2026-03-18T06:00:00Z,2026-03-17T20:00:00+00:00,2026-03-17T22:59:59.999000+00:00,2026-03-17T23:00:00+00:00,2026-03-18T05:59:59.999000+00:00,51600,52200,600,180,420,7.0,600.0,2026-03,RESEARCH_DEVELOPMENT,LISTING_AFTER_30_DAYS,ORDINARY_WEEKDAY_OVERNIGHT,READY,,0
PLTRUSDT-O-20260318T200000Z,PLTRUSDT,TRADITIONAL_EQUITY,O,,,,O:2026-03-18T20:00:00Z:2026-03-19T06:00:00Z,2026-03-18T20:00:00Z,2026-03-19T06:00:00Z,2026-03-18T20:00:00+00:00,2026-03-18T22:59:59.999000+00:00,2026-03-18T23:00:00+00:00,2026-03-19T05:59:59.999000+00:00,53040,53640,600,180,420,7.0,600.0,2026-03,RESEARCH_DEVELOPMENT,LISTING_AFTER_30_DAYS,ORDINARY_WEEKDAY_OVERNIGHT,READY,,0
PLTRUSDT-O-20260319T200000Z,PLTRUSDT,TRADITIONAL_EQUITY,O,,,,O:2026-03-19T20:00:00Z:2026-03-20T06:00:00Z,2026-03-19T20:00:00Z,2026-03-20T06:00:00Z,2026-03-19T20:00:00+00:00,2026-03-19T22:59:59.999000+00:00,2026-03-19T23:00:00+00:00,2026-03-20T05:59:59.999000+00:00,54480,55080,600,180,420,7.0,600.0,2026-03,RESEARCH_DEVELOPMENT,LISTING_AFTER_30_DAYS,ORDINARY_WEEKDAY_OVERNIGHT,READY,,0
PLTRUSDT-O-20260323T200000Z,PLTRUSDT,TRADITIONAL_EQUITY,O,,,,O:2026-03-23T20:00:00Z:2026-03-24T06:00:00Z,2026-03-23T20:00:00Z,2026-03-24T06:00:00Z,2026-03-23T20:00:00+00:00,2026-03-23T22:59:59.999000+00:00,2026-03-23T23:00:00+00:00,2026-03-24T05:59:59.999000+00:00,60240,60840,600,180,420,7.0,600.0,2026-03,RESEARCH_DEVELOPMENT,LISTING_AFTER_30_DAYS,ORDINARY_WEEKDAY_OVERNIGHT,READY,,0
PLTRUSDT-O-20260324T200000Z,PLTRUSDT,TRADITIONAL_EQUITY,O,,,,O:2026-03-24T20:00:00Z:2026-03-25T06:00:00Z,2026-03-24T20:00:00Z,2026-03-25T06:00:00Z,2026-03-24T20:00:00+00:00,2026-03-24T22:59:59.999000+00:00,2026-03-24T23:00:00+00:00,2026-03-25T05:59:59.999000+00:00,61680,62280,600,180,420,7.0,600.0,2026-03,RESEARCH_DEVELOPMENT,LISTING_AFTER_30_DAYS,ORDINARY_WEEKDAY_OVERNIGHT,READY,,0
PLTRUSDT-O-20260325T200000Z,PLTRUSDT,TRADITIONAL_EQUITY,O,,,,O:2026-03-25T20:00:00Z:2026-03-26T06:00:00Z,2026-03-25T20:00:00Z,2026-03-26T06:00:00Z,2026-03-25T20:00:00+00:00,2026-03-25T22:59:59.999000+00:00,2026-03-25T23:00:00+00:00,2026-03-26T05:59:59.999000+00:00,63120,63720,600,180,420,7.0,600.0,2026-03,RESEARCH_DEVELOPMENT,LISTING_AFTER_30_DAYS,ORDINARY_WEEKDAY_OVERNIGHT,READY,,0
PLTRUSDT-O-20260326T200000Z,PLTRUSDT,TRADITIONAL_EQUITY,O,,,,O:2026-03-26T20:00:00Z:2026-03-27T06:00:00Z,2026-03-26T20:00:00Z,2026-03-27T06:00:00Z,2026-03-26T20:00:00+00:00,2026-03-26T22:59:59.999000+00:00,2026-03-26T23:00:00+00:00,2026-03-27T05:59:59.999000+00:00,64560,65160,600,180,420,7.0,600.0,2026-03,RESEARCH_DEVELOPMENT,LISTING_AFTER_30_DAYS,ORDINARY_WEEKDAY_OVERNIGHT,READY,,0
PLTRUSDT-O-20260330T200000Z,PLTRUSDT,TRADITIONAL_EQUITY,O,,,,O:2026-03-30T20:00:00Z:2026-03-31T06:00:00Z,2026-03-30T20:00:00Z,2026-03-31T06:00:00Z,2026-03-30T20:00:00+00:00,2026-03-30T22:59:59.999000+00:00,2026-03-30T23:00:00+00:00,2026-03-31T05:59:59.999000+00:00,70320,70920,600,180,420,7.0,600.0,2026-03,RESEARCH_DEVELOPMENT,LISTING_AFTER_30_DAYS,ORDINARY_WEEKDAY_OVERNIGHT,READY,,0
PLTRUSDT-O-20260331T200000Z,PLTRUSDT,TRADITIONAL_EQUITY,O,,,,O:2026-03-31T20:00:00Z:2026-04-01T06:00:00Z,2026-03-31T20:00:00Z,2026-04-01T06:00:00Z,2026-03-31T20:00:00+00:00,2026-03-31T22:59:59.999000+00:00,2026-03-31T23:00:00+00:00,2026-04-01T05:59:59.999000+00:00,71760,72360,600,180,420,7.0,600.0,2026-03,RESEARCH_DEVELOPMENT,LISTING_AFTER_30_DAYS,ORDINARY_WEEKDAY_OVERNIGHT,READY,,0
PLTRUSDT-O-20260401T200000Z,PLTRUSDT,TRADITIONAL_EQUITY,O,,,,O:2026-04-01T20:00:00Z:2026-04-02T06:00:00Z,2026-04-01T20:00:00Z,2026-04-02T06:00:00Z,2026-04-01T20:00:00+00:00,2026-04-01T22:59:59.999000+00:00,2026-04-01T23:00:00+00:00,2026-04-02T05:59:59.999000+00:00,73200,73800,600,180,420,7.0,600.0,2026-04,RESEARCH_DEVELOPMENT,LISTING_AFTER_30_DAYS,ORDINARY_WEEKDAY_OVERNIGHT,READY,,0
PLTRUSDT-O-20260406T200000Z,PLTRUSDT,TRADITIONAL_EQUITY,O,,,,O:2026-04-06T20:00:00Z:2026-04-07T06:00:00Z,2026-04-06T20:00:00Z,2026-04-07T06:00:00Z,2026-04-06T20:00:00+00:00,2026-04-06T22:59:59.999000+00:00,2026-04-06T23:00:00+00:00,2026-04-07T05:59:59.999000+00:00,80400,81000,600,180,420,7.0,600.0,2026-04,RESEARCH_DEVELOPMENT,LISTING_AFTER_30_DAYS,ORDINARY_WEEKDAY_OVERNIGHT,READY,,0
PLTRUSDT-O-20260407T200000Z,PLTRUSDT,TRADITIONAL_EQUITY,O,,,,O:2026-04-07T20:00:00Z:2026-04-08T06:00:00Z,2026-04-07T20:00:00Z,2026-04-08T06:00:00Z,2026-04-07T20:00:00+00:00,2026-04-07T22:59:59.999000+00:00,2026-04-07T23:00:00+00:00,2026-04-08T05:59:59.999000+00:00,81840,82440,600,180,420,7.0,600.0,2026-04,RESEARCH_DEVELOPMENT,LISTING_AFTER_30_DAYS,ORDINARY_WEEKDAY_OVERNIGHT,READY,,0
PLTRUSDT-O-20260408T200000Z,PLTRUSDT,TRADITIONAL_EQUITY,O,,,,O:2026-04-08T20:00:00Z:2026-04-09T06:00:00Z,2026-04-08T20:00:00Z,2026-04-09T06:00:00Z,2026-04-08T20:00:00+00:00,2026-04-08T22:59:59.999000+00:00,2026-04-08T23:00:00+00:00,2026-04-09T05:59:59.999000+00:00,83280,83880,600,180,420,7.0,600.0,2026-04,RESEARCH_DEVELOPMENT,LISTING_AFTER_30_DAYS,ORDINARY_WEEKDAY_OVERNIGHT,READY,,0
PLTRUSDT-O-20260409T200000Z,PLTRUSDT,TRADITIONAL_EQUITY,O,,,,O:2026-04-09T20:00:00Z:2026-04-10T06:00:00Z,2026-04-09T20:00:00Z,2026-04-10T06:00:00Z,2026-04-09T20:00:00+00:00,2026-04-09T22:59:59.999000+00:00,2026-04-09T23:00:00+00:00,2026-04-10T05:59:59.999000+00:00,84720,85320,600,180,420,7.0,600.0,2026-04,RESEARCH_DEVELOPMENT,LISTING_AFTER_30_DAYS,ORDINARY_WEEKDAY_OVERNIGHT,READY,,0
PLTRUSDT-O-20260413T200000Z,PLTRUSDT,TRADITIONAL_EQUITY,O,,,,O:2026-04-13T20:00:00Z:2026-04-14T06:00:00Z,2026-04-13T20:00:00Z,2026-04-14T06:00:00Z,2026-04-13T20:00:00+00:00,2026-04-13T22:59:59.999000+00:00,2026-04-13T23:00:00+00:00,2026-04-14T05:59:59.999000+00:00,90480,91080,600,180,420,7.0,600.0,2026-04,RESEARCH_DEVELOPMENT,LISTING_AFTER_30_DAYS,ORDINARY_WEEKDAY_OVERNIGHT,READY,,0
PLTRUSDT-O-20260414T200000Z,PLTRUSDT,TRADITIONAL_EQUITY,O,,,,O:2026-04-14T20:00:00Z:2026-04-15T06:00:00Z,2026-04-14T20:00:00Z,2026-04-15T06:00:00Z,2026-04-14T20:00:00+00:00,2026-04-14T22:59:59.999000+00:00,2026-04-14T23:00:00+00:00,2026-04-15T05:59:59.999000+00:00,91920,92520,600,180,420,7.0,600.0,2026-04,RESEARCH_DEVELOPMENT,LISTING_AFTER_30_DAYS,ORDINARY_WEEKDAY_OVERNIGHT,READY,,0
PLTRUSDT-O-20260415T200000Z,PLTRUSDT,TRADITIONAL_EQUITY,O,,,,O:2026-04-15T20:00:00Z:2026-04-16T06:00:00Z,2026-04-15T20:00:00Z,2026-04-16T06:00:00Z,2026-04-15T20:00:00+00:00,2026-04-15T22:59:59.999000+00:00,2026-04-15T23:00:00+00:00,2026-04-16T05:59:59.999000+00:00,93360,93960,600,180,420,7.0,600.0,2026-04,RESEARCH_DEVELOPMENT,LISTING_AFTER_30_DAYS,ORDINARY_WEEKDAY_OVERNIGHT,READY,,0
PLTRUSDT-O-20260416T200000Z,PLTRUSDT,TRADITIONAL_EQUITY,O,,,,O:2026-04-16T20:00:00Z:2026-04-17T06:00:00Z,2026-04-16T20:00:00Z,2026-04-17T06:00:00Z,2026-04-16T20:00:00+00:00,2026-04-16T22:59:59.999000+00:00,2026-04-16T23:00:00+00:00,2026-04-17T05:59:59.999000+00:00,94800,95400,600,180,420,7.0,600.0,2026-04,RESEARCH_DEVELOPMENT,LISTING_AFTER_30_DAYS,ORDINARY_WEEKDAY_OVERNIGHT,READY,,0
PLTRUSDT-O-20260420T200000Z,PLTRUSDT,TRADITIONAL_EQUITY,O,,,,O:2026-04-20T20:00:00Z:2026-04-21T06:00:00Z,2026-04-20T20:00:00Z,2026-04-21T06:00:00Z,2026-04-20T20:00:00+00:00,2026-04-20T22:59:59.999000+00:00,2026-04-20T23:00:00+00:00,2026-04-21T05:59:59.999000+00:00,100560,101160,600,180,420,7.0,600.0,2026-04,RESEARCH_DEVELOPMENT,LISTING_AFTER_30_DAYS,ORDINARY_WEEKDAY_OVERNIGHT,READY,,0
PLTRUSDT-O-20260421T200000Z,PLTRUSDT,TRADITIONAL_EQUITY,O,,,,O:2026-04-21T20:00:00Z:2026-04-22T06:00:00Z,2026-04-21T20:00:00Z,2026-04-22T06:00:00Z,2026-04-21T20:00:00+00:00,2026-04-21T22:59:59.999000+00:00,2026-04-21T23:00:00+00:00,2026-04-22T05:59:59.999000+00:00,102000,102600,600,180,420,7.0,600.0,2026-04,RESEARCH_DEVELOPMENT,LISTING_AFTER_30_DAYS,ORDINARY_WEEKDAY_OVERNIGHT,READY,,0
PLTRUSDT-O-20260422T200000Z,PLTRUSDT,TRADITIONAL_EQUITY,O,,,,O:2026-04-22T20:00:00Z:2026-04-23T06:00:00Z,2026-04-22T20:00:00Z,2026-04-23T06:00:00Z,2026-04-22T20:00:00+00:00,2026-04-22T22:59:59.999000+00:00,2026-04-22T23:00:00+00:00,2026-04-23T05:59:59.999000+00:00,103440,104040,600,180,420,7.0,600.0,2026-04,RESEARCH_DEVELOPMENT,LISTING_AFTER_30_DAYS,ORDINARY_WEEKDAY_OVERNIGHT,READY,,0
PLTRUSDT-O-20260423T200000Z,PLTRUSDT,TRADITIONAL_EQUITY,O,,,,O:2026-04-23T20:00:00Z:2026-04-24T06:00:00Z,2026-04-23T20:00:00Z,2026-04-24T06:00:00Z,2026-04-23T20:00:00+00:00,2026-04-23T22:59:59.999000+00:00,2026-04-23T23:00:00+00:00,2026-04-24T05:59:59.999000+00:00,104880,105480,600,180,420,7.0,600.0,2026-04,RESEARCH_DEVELOPMENT,LISTING_AFTER_30_DAYS,ORDINARY_WEEKDAY_OVERNIGHT,READY,,0
PLTRUSDT-O-20260427T200000Z,PLTRUSDT,TRADITIONAL_EQUITY,O,,,,O:2026-04-27T20:00:00Z:2026-04-28T06:00:00Z,2026-04-27T20:00:00Z,2026-04-28T06:00:00Z,2026-04-27T20:00:00+00:00,2026-04-27T22:59:59.999000+00:00,2026-04-27T23:00:00+00:00,2026-04-28T05:59:59.999000+00:00,110640,111240,600,180,420,7.0,600.0,2026-04,RESEARCH_DEVELOPMENT,LISTING_AFTER_30_DAYS,ORDINARY_WEEKDAY_OVERNIGHT,READY,,0
PLTRUSDT-O-20260428T200000Z,PLTRUSDT,TRADITIONAL_EQUITY,O,,,,O:2026-04-28T20:00:00Z:2026-04-29T06:00:00Z,2026-04-28T20:00:00Z,2026-04-29T06:00:00Z,2026-04-28T20:00:00+00:00,2026-04-28T22:59:59.999000+00:00,2026-04-28T23:00:00+00:00,2026-04-29T05:59:59.999000+00:00,112080,112680,600,180,420,7.0,600.0,2026-04,RESEARCH_DEVELOPMENT,LISTING_AFTER_30_DAYS,ORDINARY_WEEKDAY_OVERNIGHT,READY,,0
PLTRUSDT-O-20260429T200000Z,PLTRUSDT,TRADITIONAL_EQUITY,O,,,,O:2026-04-29T20:00:00Z:2026-04-30T06:00:00Z,2026-04-29T20:00:00Z,2026-04-30T06:00:00Z,2026-04-29T20:00:00+00:00,2026-04-29T22:59:59.999000+00:00,2026-04-29T23:00:00+00:00,2026-04-30T05:59:59.999000+00:00,113520,114120,600,180,420,7.0,600.0,2026-04,RESEARCH_DEVELOPMENT,LISTING_AFTER_30_DAYS,ORDINARY_WEEKDAY_OVERNIGHT,READY,,0
PLTRUSDT-O-20260430T200000Z,PLTRUSDT,TRADITIONAL_EQUITY,O,,,,O:2026-04-30T20:00:00Z:2026-05-01T06:00:00Z,2026-04-30T20:00:00Z,2026-05-01T06:00:00Z,2026-04-30T20:00:00+00:00,2026-04-30T22:59:59.999000+00:00,2026-04-30T23:00:00+00:00,2026-05-01T05:59:59.999000+00:00,114960,115560,600,180,420,7.0,600.0,2026-04,RESEARCH_DEVELOPMENT,LISTING_AFTER_30_DAYS,ORDINARY_WEEKDAY_OVERNIGHT,READY,,0
PLTRUSDT-O-20260504T200000Z,PLTRUSDT,TRADITIONAL_EQUITY,O,,,,O:2026-05-04T20:00:00Z:2026-05-05T06:00:00Z,2026-05-04T20:00:00Z,2026-05-05T06:00:00Z,2026-05-04T20:00:00+00:00,2026-05-04T22:59:59.999000+00:00,2026-05-04T23:00:00+00:00,2026-05-05T05:59:59.999000+00:00,120720,121320,600,180,420,7.0,600.0,2026-05,RESEARCH_DEVELOPMENT,LISTING_AFTER_30_DAYS,ORDINARY_WEEKDAY_OVERNIGHT,READY,,0
PLTRUSDT-O-20260505T200000Z,PLTRUSDT,TRADITIONAL_EQUITY,O,,,,O:2026-05-05T20:00:00Z:2026-05-06T06:00:00Z,2026-05-05T20:00:00Z,2026-05-06T06:00:00Z,2026-05-05T20:00:00+00:00,2026-05-05T22:59:59.999000+00:00,2026-05-05T23:00:00+00:00,2026-05-06T05:59:59.999000+00:00,122160,122760,600,180,420,7.0,600.0,2026-05,RESEARCH_DEVELOPMENT,LISTING_AFTER_30_DAYS,ORDINARY_WEEKDAY_OVERNIGHT,READY,,0
PLTRUSDT-O-20260506T200000Z,PLTRUSDT,TRADITIONAL_EQUITY,O,,,,O:2026-05-06T20:00:00Z:2026-05-07T06:00:00Z,2026-05-06T20:00:00Z,2026-05-07T06:00:00Z,2026-05-06T20:00:00+00:00,2026-05-06T22:59:59.999000+00:00,2026-05-06T23:00:00+00:00,2026-05-07T05:59:59.999000+00:00,123600,124200,600,180,420,7.0,600.0,2026-05,RESEARCH_DEVELOPMENT,LISTING_AFTER_30_DAYS,ORDINARY_WEEKDAY_OVERNIGHT,READY,,0
PLTRUSDT-O-20260507T200000Z,PLTRUSDT,TRADITIONAL_EQUITY,O,,,,O:2026-05-07T20:00:00Z:2026-05-08T06:00:00Z,2026-05-07T20:00:00Z,2026-05-08T06:00:00Z,2026-05-07T20:00:00+00:00,2026-05-07T22:59:59.999000+00:00,2026-05-07T23:00:00+00:00,2026-05-08T05:59:59.999000+00:00,125040,125640,600,180,420,7.0,600.0,2026-05,RESEARCH_DEVELOPMENT,LISTING_AFTER_30_DAYS,ORDINARY_WEEKDAY_OVERNIGHT,READY,,0
PLTRUSDT-O-20260511T200000Z,PLTRUSDT,TRADITIONAL_EQUITY,O,,,,O:2026-05-11T20:00:00Z:2026-05-12T06:00:00Z,2026-05-11T20:00:00Z,2026-05-12T06:00:00Z,2026-05-11T20:00:00+00:00,2026-05-11T22:59:59.999000+00:00,2026-05-11T23:00:00+00:00,2026-05-12T05:59:59.999000+00:00,130800,131400,600,180,420,7.0,600.0,2026-05,RESEARCH_DEVELOPMENT,LISTING_AFTER_30_DAYS,ORDINARY_WEEKDAY_OVERNIGHT,READY,,0
PLTRUSDT-O-20260512T200000Z,PLTRUSDT,TRADITIONAL_EQUITY,O,,,,O:2026-05-12T20:00:00Z:2026-05-13T06:00:00Z,2026-05-12T20:00:00Z,2026-05-13T06:00:00Z,2026-05-12T20:00:00+00:00,2026-05-12T22:59:59.999000+00:00,2026-05-12T23:00:00+00:00,2026-05-13T05:59:59.999000+00:00,132240,132840,600,180,420,7.0,600.0,2026-05,RESEARCH_DEVELOPMENT,LISTING_AFTER_30_DAYS,ORDINARY_WEEKDAY_OVERNIGHT,READY,,0
PLTRUSDT-O-20260513T200000Z,PLTRUSDT,TRADITIONAL_EQUITY,O,,,,O:2026-05-13T20:00:00Z:2026-05-14T06:00:00Z,2026-05-13T20:00:00Z,2026-05-14T06:00:00Z,2026-05-13T20:00:00+00:00,2026-05-13T22:59:59.999000+00:00,2026-05-13T23:00:00+00:00,2026-05-14T05:59:59.999000+00:00,133680,134280,600,180,420,7.0,600.0,2026-05,RESEARCH_DEVELOPMENT,LISTING_AFTER_30_DAYS,ORDINARY_WEEKDAY_OVERNIGHT,READY,,0
PLTRUSDT-O-20260514T200000Z,PLTRUSDT,TRADITIONAL_EQUITY,O,,,,O:2026-05-14T20:00:00Z:2026-05-15T06:00:00Z,2026-05-14T20:00:00Z,2026-05-15T06:00:00Z,2026-05-14T20:00:00+00:00,2026-05-14T22:59:59.999000+00:00,2026-05-14T23:00:00+00:00,2026-05-15T05:59:59.999000+00:00,135120,135720,600,180,420,7.0,600.0,2026-05,RESEARCH_DEVELOPMENT,LISTING_AFTER_30_DAYS,ORDINARY_WEEKDAY_OVERNIGHT,READY,,0
PLTRUSDT-O-20260518T200000Z,PLTRUSDT,TRADITIONAL_EQUITY,O,,,,O:2026-05-18T20:00:00Z:2026-05-19T06:00:00Z,2026-05-18T20:00:00Z,2026-05-19T06:00:00Z,2026-05-18T20:00:00+00:00,2026-05-18T22:59:59.999000+00:00,2026-05-18T23:00:00+00:00,2026-05-19T05:59:59.999000+00:00,140880,141480,600,180,420,7.0,600.0,2026-05,RESEARCH_DEVELOPMENT,LISTING_AFTER_30_DAYS,ORDINARY_WEEKDAY_OVERNIGHT,READY,,0
PLTRUSDT-O-20260519T200000Z,PLTRUSDT,TRADITIONAL_EQUITY,O,,,,O:2026-05-19T20:00:00Z:2026-05-20T06:00:00Z,2026-05-19T20:00:00Z,2026-05-20T06:00:00Z,2026-05-19T20:00:00+00:00,2026-05-19T22:59:59.999000+00:00,2026-05-19T23:00:00+00:00,2026-05-20T05:59:59.999000+00:00,142320,142920,600,180,420,7.0,600.0,2026-05,RESEARCH_DEVELOPMENT,LISTING_AFTER_30_DAYS,ORDINARY_WEEKDAY_OVERNIGHT,READY,,0
PLTRUSDT-O-20260520T200000Z,PLTRUSDT,TRADITIONAL_EQUITY,O,,,,O:2026-05-20T20:00:00Z:2026-05-21T06:00:00Z,2026-05-20T20:00:00Z,2026-05-21T06:00:00Z,2026-05-20T20:00:00+00:00,2026-05-20T22:59:59.999000+00:00,2026-05-20T23:00:00+00:00,2026-05-21T05:59:59.999000+00:00,143760,144360,600,180,420,7.0,600.0,2026-05,RESEARCH_DEVELOPMENT,LISTING_AFTER_30_DAYS,ORDINARY_WEEKDAY_OVERNIGHT,READY,,0
PLTRUSDT-O-20260521T200000Z,PLTRUSDT,TRADITIONAL_EQUITY,O,,,,O:2026-05-21T20:00:00Z:2026-05-22T06:00:00Z,2026-05-21T20:00:00Z,2026-05-22T06:00:00Z,2026-05-21T20:00:00+00:00,2026-05-21T22:59:59.999000+00:00,2026-05-21T23:00:00+00:00,2026-05-22T05:59:59.999000+00:00,145200,145800,600,180,420,7.0,600.0,2026-05,RESEARCH_DEVELOPMENT,LISTING_AFTER_30_DAYS,ORDINARY_WEEKDAY_OVERNIGHT,READY,,0
PLTRUSDT-O-20260526T200000Z,PLTRUSDT,TRADITIONAL_EQUITY,O,,,,O:2026-05-26T20:00:00Z:2026-05-27T06:00:00Z,2026-05-26T20:00:00Z,2026-05-27T06:00:00Z,2026-05-26T20:00:00+00:00,2026-05-26T22:59:59.999000+00:00,2026-05-26T23:00:00+00:00,2026-05-27T05:59:59.999000+00:00,152400,153000,600,180,420,7.0,600.0,2026-05,RESEARCH_DEVELOPMENT,LISTING_AFTER_30_DAYS,ORDINARY_WEEKDAY_OVERNIGHT,READY,,0
PLTRUSDT-O-20260527T200000Z,PLTRUSDT,TRADITIONAL_EQUITY,O,,,,O:2026-05-27T20:00:00Z:2026-05-28T06:00:00Z,2026-05-27T20:00:00Z,2026-05-28T06:00:00Z,2026-05-27T20:00:00+00:00,2026-05-27T22:59:59.999000+00:00,2026-05-27T23:00:00+00:00,2026-05-28T05:59:59.999000+00:00,153840,154440,600,180,420,7.0,600.0,2026-05,RESEARCH_DEVELOPMENT,LISTING_AFTER_30_DAYS,ORDINARY_WEEKDAY_OVERNIGHT,READY,,0
PLTRUSDT-O-20260528T200000Z,PLTRUSDT,TRADITIONAL_EQUITY,O,,,,O:2026-05-28T20:00:00Z:2026-05-29T06:00:00Z,2026-05-28T20:00:00Z,2026-05-29T06:00:00Z,2026-05-28T20:00:00+00:00,2026-05-28T22:59:59.999000+00:00,2026-05-28T23:00:00+00:00,2026-05-29T05:59:59.999000+00:00,155280,155880,600,180,420,7.0,600.0,2026-05,RESEARCH_DEVELOPMENT,LISTING_AFTER_30_DAYS,ORDINARY_WEEKDAY_OVERNIGHT,READY,,0
PLTRUSDT-O-20260601T200000Z,PLTRUSDT,TRADITIONAL_EQUITY,O,,,,O:2026-06-01T20:00:00Z:2026-06-02T06:00:00Z,2026-06-01T20:00:00Z,2026-06-02T06:00:00Z,2026-06-01T20:00:00+00:00,2026-06-01T22:59:59.999000+00:00,2026-06-01T23:00:00+00:00,2026-06-02T05:59:59.999000+00:00,161040,161640,600,180,420,7.0,600.0,2026-06,RESEARCH_VALIDATION_EXPOSED,LISTING_AFTER_30_DAYS,ORDINARY_WEEKDAY_OVERNIGHT,READY,,0
PLTRUSDT-O-20260602T200000Z,PLTRUSDT,TRADITIONAL_EQUITY,O,,,,O:2026-06-02T20:00:00Z:2026-06-03T06:00:00Z,2026-06-02T20:00:00Z,2026-06-03T06:00:00Z,2026-06-02T20:00:00+00:00,2026-06-02T22:59:59.999000+00:00,2026-06-02T23:00:00+00:00,2026-06-03T05:59:59.999000+00:00,162480,163080,600,180,420,7.0,600.0,2026-06,RESEARCH_VALIDATION_EXPOSED,LISTING_AFTER_30_DAYS,ORDINARY_WEEKDAY_OVERNIGHT,READY,,0
PLTRUSDT-O-20260603T200000Z,PLTRUSDT,TRADITIONAL_EQUITY,O,,,,O:2026-06-03T20:00:00Z:2026-06-04T06:00:00Z,2026-06-03T20:00:00Z,2026-06-04T06:00:00Z,2026-06-03T20:00:00+00:00,2026-06-03T22:59:59.999000+00:00,2026-06-03T23:00:00+00:00,2026-06-04T05:59:59.999000+00:00,163920,164520,600,180,420,7.0,600.0,2026-06,RESEARCH_VALIDATION_EXPOSED,LISTING_AFTER_30_DAYS,ORDINARY_WEEKDAY_OVERNIGHT,READY,,0
PLTRUSDT-O-20260604T200000Z,PLTRUSDT,TRADITIONAL_EQUITY,O,,,,O:2026-06-04T20:00:00Z:2026-06-05T06:00:00Z,2026-06-04T20:00:00Z,2026-06-05T06:00:00Z,2026-06-04T20:00:00+00:00,2026-06-04T22:59:59.999000+00:00,2026-06-04T23:00:00+00:00,2026-06-05T05:59:59.999000+00:00,165360,165960,600,180,420,7.0,600.0,2026-06,RESEARCH_VALIDATION_EXPOSED,LISTING_AFTER_30_DAYS,ORDINARY_WEEKDAY_OVERNIGHT,READY,,0
PLTRUSDT-O-20260608T200000Z,PLTRUSDT,TRADITIONAL_EQUITY,O,,,,O:2026-06-08T20:00:00Z:2026-06-09T06:00:00Z,2026-06-08T20:00:00Z,2026-06-09T06:00:00Z,2026-06-08T20:00:00+00:00,2026-06-08T22:59:59.999000+00:00,2026-06-08T23:00:00+00:00,2026-06-09T05:59:59.999000+00:00,171120,171720,600,180,420,7.0,600.0,2026-06,RESEARCH_VALIDATION_EXPOSED,LISTING_AFTER_30_DAYS,ORDINARY_WEEKDAY_OVERNIGHT,READY,,0
PLTRUSDT-O-20260609T200000Z,PLTRUSDT,TRADITIONAL_EQUITY,O,,,,O:2026-06-09T20:00:00Z:2026-06-10T06:00:00Z,2026-06-09T20:00:00Z,2026-06-10T06:00:00Z,2026-06-09T20:00:00+00:00,2026-06-09T22:59:59.999000+00:00,2026-06-09T23:00:00+00:00,2026-06-10T05:59:59.999000+00:00,172560,173160,600,180,420,7.0,600.0,2026-06,RESEARCH_VALIDATION_EXPOSED,LISTING_AFTER_30_DAYS,ORDINARY_WEEKDAY_OVERNIGHT,READY,,0
PLTRUSDT-O-20260610T200000Z,PLTRUSDT,TRADITIONAL_EQUITY,O,,,,O:2026-06-10T20:00:00Z:2026-06-11T06:00:00Z,2026-06-10T20:00:00Z,2026-06-11T06:00:00Z,2026-06-10T20:00:00+00:00,2026-06-10T22:59:59.999000+00:00,2026-06-10T23:00:00+00:00,2026-06-11T05:59:59.999000+00:00,174000,174600,600,180,420,7.0,600.0,2026-06,RESEARCH_VALIDATION_EXPOSED,LISTING_AFTER_30_DAYS,ORDINARY_WEEKDAY_OVERNIGHT,READY,,0
PLTRUSDT-O-20260611T200000Z,PLTRUSDT,TRADITIONAL_EQUITY,O,,,,O:2026-06-11T20:00:00Z:2026-06-12T06:00:00Z,2026-06-11T20:00:00Z,2026-06-12T06:00:00Z,2026-06-11T20:00:00+00:00,2026-06-11T22:59:59.999000+00:00,2026-06-11T23:00:00+00:00,2026-06-12T05:59:59.999000+00:00,175440,176040,600,180,420,7.0,600.0,2026-06,RESEARCH_VALIDATION_EXPOSED,LISTING_AFTER_30_DAYS,ORDINARY_WEEKDAY_OVERNIGHT,READY,,0
PLTRUSDT-O-20260615T200000Z,PLTRUSDT,TRADITIONAL_EQUITY,O,,,,O:2026-06-15T20:00:00Z:2026-06-16T06:00:00Z,2026-06-15T20:00:00Z,2026-06-16T06:00:00Z,2026-06-15T20:00:00+00:00,2026-06-15T22:59:59.999000+00:00,2026-06-15T23:00:00+00:00,2026-06-16T05:59:59.999000+00:00,181200,181800,600,180,420,7.0,600.0,2026-06,RESEARCH_VALIDATION_EXPOSED,LISTING_AFTER_30_DAYS,ORDINARY_WEEKDAY_OVERNIGHT,READY,,0
PLTRUSDT-O-20260616T200000Z,PLTRUSDT,TRADITIONAL_EQUITY,O,,,,O:2026-06-16T20:00:00Z:2026-06-17T06:00:00Z,2026-06-16T20:00:00Z,2026-06-17T06:00:00Z,2026-06-16T20:00:00+00:00,2026-06-16T22:59:59.999000+00:00,2026-06-16T23:00:00+00:00,2026-06-17T05:59:59.999000+00:00,182640,183240,600,180,420,7.0,600.0,2026-06,RESEARCH_VALIDATION_EXPOSED,LISTING_AFTER_30_DAYS,ORDINARY_WEEKDAY_OVERNIGHT,READY,,0
PLTRUSDT-O-20260617T200000Z,PLTRUSDT,TRADITIONAL_EQUITY,O,,,,O:2026-06-17T20:00:00Z:2026-06-18T06:00:00Z,2026-06-17T20:00:00Z,2026-06-18T06:00:00Z,2026-06-17T20:00:00+00:00,2026-06-17T22:59:59.999000+00:00,2026-06-17T23:00:00+00:00,2026-06-18T05:59:59.999000+00:00,184080,184680,600,180,420,7.0,600.0,2026-06,RESEARCH_VALIDATION_EXPOSED,LISTING_AFTER_30_DAYS,ORDINARY_WEEKDAY_OVERNIGHT,READY,,0
PLTRUSDT-O-20260622T200000Z,PLTRUSDT,TRADITIONAL_EQUITY,O,,,,O:2026-06-22T20:00:00Z:2026-06-23T06:00:00Z,2026-06-22T20:00:00Z,2026-06-23T06:00:00Z,2026-06-22T20:00:00+00:00,2026-06-22T22:59:59.999000+00:00,2026-06-22T23:00:00+00:00,2026-06-23T05:59:59.999000+00:00,191280,191880,600,180,420,7.0,600.0,2026-06,RESEARCH_VALIDATION_EXPOSED,LISTING_AFTER_30_DAYS,ORDINARY_WEEKDAY_OVERNIGHT,READY,,0
PLTRUSDT-O-20260623T200000Z,PLTRUSDT,TRADITIONAL_EQUITY,O,,,,O:2026-06-23T20:00:00Z:2026-06-24T06:00:00Z,2026-06-23T20:00:00Z,2026-06-24T06:00:00Z,2026-06-23T20:00:00+00:00,2026-06-23T22:59:59.999000+00:00,2026-06-23T23:00:00+00:00,2026-06-24T05:59:59.999000+00:00,192720,193320,600,180,420,7.0,600.0,2026-06,RESEARCH_VALIDATION_EXPOSED,LISTING_AFTER_30_DAYS,ORDINARY_WEEKDAY_OVERNIGHT,READY,,0
PLTRUSDT-O-20260624T200000Z,PLTRUSDT,TRADITIONAL_EQUITY,O,,,,O:2026-06-24T20:00:00Z:2026-06-25T06:00:00Z,2026-06-24T20:00:00Z,2026-06-25T06:00:00Z,2026-06-24T20:00:00+00:00,2026-06-24T22:59:59.999000+00:00,2026-06-24T23:00:00+00:00,2026-06-25T05:59:59.999000+00:00,194160,194760,600,180,420,7.0,600.0,2026-06,RESEARCH_VALIDATION_EXPOSED,LISTING_AFTER_30_DAYS,ORDINARY_WEEKDAY_OVERNIGHT,READY,,0
PLTRUSDT-O-20260625T200000Z,PLTRUSDT,TRADITIONAL_EQUITY,O,,,,O:2026-06-25T20:00:00Z:2026-06-26T06:00:00Z,2026-06-25T20:00:00Z,2026-06-26T06:00:00Z,2026-06-25T20:00:00+00:00,2026-06-25T22:59:59.999000+00:00,2026-06-25T23:00:00+00:00,2026-06-26T05:59:59.999000+00:00,195600,196200,600,180,420,7.0,600.0,2026-06,RESEARCH_VALIDATION_EXPOSED,LISTING_AFTER_30_DAYS,ORDINARY_WEEKDAY_OVERNIGHT,READY,,0
PLTRUSDT-O-20260629T200000Z,PLTRUSDT,TRADITIONAL_EQUITY,O,,,,O:2026-06-29T20:00:00Z:2026-06-30T06:00:00Z,2026-06-29T20:00:00Z,2026-06-30T06:00:00Z,2026-06-29T20:00:00+00:00,2026-06-29T22:59:59.999000+00:00,2026-06-29T23:00:00+00:00,2026-06-30T05:59:59.999000+00:00,201360,201960,600,180,420,7.0,600.0,2026-06,RESEARCH_VALIDATION_EXPOSED,LISTING_AFTER_30_DAYS,ORDINARY_WEEKDAY_OVERNIGHT,READY,,0
PLTRUSDT-O-20260630T200000Z,PLTRUSDT,TRADITIONAL_EQUITY,O,,,,O:2026-06-30T20:00:00Z:2026-07-01T06:00:00Z,2026-06-30T20:00:00Z,2026-07-01T06:00:00Z,2026-06-30T20:00:00+00:00,2026-06-30T22:59:59.999000+00:00,2026-06-30T23:00:00+00:00,2026-07-01T05:59:59.999000+00:00,202800,203400,600,180,420,7.0,600.0,2026-06,RESEARCH_VALIDATION_EXPOSED,LISTING_AFTER_30_DAYS,ORDINARY_WEEKDAY_OVERNIGHT,READY,,0
PLTRUSDT-O-20260701T200000Z,PLTRUSDT,TRADITIONAL_EQUITY,O,,,,O:2026-07-01T20:00:00Z:2026-07-02T06:00:00Z,2026-07-01T20:00:00Z,2026-07-02T06:00:00Z,2026-07-01T20:00:00+00:00,2026-07-01T22:59:59.999000+00:00,2026-07-01T23:00:00+00:00,2026-07-02T05:59:59.999000+00:00,204240,204840,600,180,420,7.0,600.0,2026-07,DESCRIPTIVE_EXPOSED,LISTING_AFTER_30_DAYS,ORDINARY_WEEKDAY_OVERNIGHT,READY,,0
PLTRUSDT-O-20260706T200000Z,PLTRUSDT,TRADITIONAL_EQUITY,O,,,,O:2026-07-06T20:00:00Z:2026-07-07T06:00:00Z,2026-07-06T20:00:00Z,2026-07-07T06:00:00Z,2026-07-06T20:00:00+00:00,2026-07-06T22:59:59.999000+00:00,2026-07-06T23:00:00+00:00,2026-07-07T05:59:59.999000+00:00,211440,212040,600,180,420,7.0,600.0,2026-07,DESCRIPTIVE_EXPOSED,LISTING_AFTER_30_DAYS,ORDINARY_WEEKDAY_OVERNIGHT,READY,,0
PLTRUSDT-O-20260707T200000Z,PLTRUSDT,TRADITIONAL_EQUITY,O,,,,O:2026-07-07T20:00:00Z:2026-07-08T06:00:00Z,2026-07-07T20:00:00Z,2026-07-08T06:00:00Z,2026-07-07T20:00:00+00:00,2026-07-07T22:59:59.999000+00:00,2026-07-07T23:00:00+00:00,2026-07-08T05:59:59.999000+00:00,212880,213480,600,180,420,7.0,600.0,2026-07,DESCRIPTIVE_EXPOSED,LISTING_AFTER_30_DAYS,ORDINARY_WEEKDAY_OVERNIGHT,READY,,0
PLTRUSDT-O-20260708T200000Z,PLTRUSDT,TRADITIONAL_EQUITY,O,,,,O:2026-07-08T20:00:00Z:2026-07-09T06:00:00Z,2026-07-08T20:00:00Z,2026-07-09T06:00:00Z,2026-07-08T20:00:00+00:00,2026-07-08T22:59:59.999000+00:00,2026-07-08T23:00:00+00:00,2026-07-09T05:59:59.999000+00:00,214320,214920,600,180,420,7.0,600.0,2026-07,DESCRIPTIVE_EXPOSED,LISTING_AFTER_30_DAYS,ORDINARY_WEEKDAY_OVERNIGHT,READY,,0
PLTRUSDT-O-20260709T200000Z,PLTRUSDT,TRADITIONAL_EQUITY,O,,,,O:2026-07-09T20:00:00Z:2026-07-10T06:00:00Z,2026-07-09T20:00:00Z,2026-07-10T06:00:00Z,2026-07-09T20:00:00+00:00,2026-07-09T22:59:59.999000+00:00,2026-07-09T23:00:00+00:00,2026-07-10T05:59:59.999000+00:00,215760,216360,600,180,420,7.0,600.0,2026-07,DESCRIPTIVE_EXPOSED,LISTING_AFTER_30_DAYS,ORDINARY_WEEKDAY_OVERNIGHT,READY,,0
PLTRUSDT-O-20260713T200000Z,PLTRUSDT,TRADITIONAL_EQUITY,O,,,,O:2026-07-13T20:00:00Z:2026-07-14T06:00:00Z,2026-07-13T20:00:00Z,2026-07-14T06:00:00Z,2026-07-13T20:00:00+00:00,2026-07-13T22:59:59.999000+00:00,2026-07-13T23:00:00+00:00,2026-07-14T05:59:59.999000+00:00,221520,222120,600,180,420,7.0,600.0,2026-07,DESCRIPTIVE_EXPOSED,LISTING_AFTER_30_DAYS,ORDINARY_WEEKDAY_OVERNIGHT,READY,,0
PLTRUSDT-O-20260714T200000Z,PLTRUSDT,TRADITIONAL_EQUITY,O,,,,O:2026-07-14T20:00:00Z:2026-07-15T06:00:00Z,2026-07-14T20:00:00Z,2026-07-15T06:00:00Z,2026-07-14T20:00:00+00:00,2026-07-14T22:59:59.999000+00:00,2026-07-14T23:00:00+00:00,2026-07-15T05:59:59.999000+00:00,222960,223560,600,180,420,7.0,600.0,2026-07,DESCRIPTIVE_EXPOSED,LISTING_AFTER_30_DAYS,ORDINARY_WEEKDAY_OVERNIGHT,READY,,0
PLTRUSDT-O-20260715T200000Z,PLTRUSDT,TRADITIONAL_EQUITY,O,,,,O:2026-07-15T20:00:00Z:2026-07-16T06:00:00Z,2026-07-15T20:00:00Z,2026-07-16T06:00:00Z,2026-07-15T20:00:00+00:00,2026-07-15T22:59:59.999000+00:00,2026-07-15T23:00:00+00:00,2026-07-16T05:59:59.999000+00:00,224400,225000,600,180,420,7.0,600.0,2026-07,DESCRIPTIVE_EXPOSED,LISTING_AFTER_30_DAYS,ORDINARY_WEEKDAY_OVERNIGHT,READY,,0
PLTRUSDT-O-20260716T200000Z,PLTRUSDT,TRADITIONAL_EQUITY,O,,,,O:2026-07-16T20:00:00Z:2026-07-17T06:00:00Z,2026-07-16T20:00:00Z,2026-07-17T06:00:00Z,2026-07-16T20:00:00+00:00,2026-07-16T22:59:59.999000+00:00,2026-07-16T23:00:00+00:00,2026-07-17T05:59:59.999000+00:00,225840,226440,600,180,420,7.0,600.0,2026-07,DESCRIPTIVE_EXPOSED,LISTING_AFTER_30_DAYS,ORDINARY_WEEKDAY_OVERNIGHT,READY,,0
PLTRUSDT-O-20260720T200000Z,PLTRUSDT,TRADITIONAL_EQUITY,O,,,,O:2026-07-20T20:00:00Z:2026-07-21T06:00:00Z,2026-07-20T20:00:00Z,2026-07-21T06:00:00Z,2026-07-20T20:00:00+00:00,2026-07-20T22:59:59.999000+00:00,2026-07-20T23:00:00+00:00,2026-07-21T05:59:59.999000+00:00,231600,232200,600,180,420,7.0,600.0,2026-07,DESCRIPTIVE_EXPOSED,LISTING_AFTER_30_DAYS,ORDINARY_WEEKDAY_OVERNIGHT,READY,,0
PLTRUSDT-O-20260721T200000Z,PLTRUSDT,TRADITIONAL_EQUITY,O,,,,O:2026-07-21T20:00:00Z:2026-07-22T06:00:00Z,2026-07-21T20:00:00Z,2026-07-22T06:00:00Z,2026-07-21T20:00:00+00:00,2026-07-21T22:59:59.999000+00:00,2026-07-21T23:00:00+00:00,2026-07-22T05:59:59.999000+00:00,233040,233640,600,180,420,7.0,600.0,2026-07,DESCRIPTIVE_EXPOSED,LISTING_AFTER_30_DAYS,ORDINARY_WEEKDAY_OVERNIGHT,READY,,0
PLTRUSDT-O-20260722T200000Z,PLTRUSDT,TRADITIONAL_EQUITY,O,,,,O:2026-07-22T20:00:00Z:2026-07-23T06:00:00Z,2026-07-22T20:00:00Z,2026-07-23T06:00:00Z,2026-07-22T20:00:00+00:00,2026-07-22T22:59:59.999000+00:00,2026-07-22T23:00:00+00:00,2026-07-23T05:59:59.999000+00:00,234480,235080,600,180,420,7.0,600.0,2026-07,DESCRIPTIVE_EXPOSED,LISTING_AFTER_30_DAYS,ORDINARY_WEEKDAY_OVERNIGHT,READY,,0
PLTRUSDT-O-20260723T200000Z,PLTRUSDT,TRADITIONAL_EQUITY,O,,,,O:2026-07-23T20:00:00Z:2026-07-24T06:00:00Z,2026-07-23T20:00:00Z,2026-07-24T06:00:00Z,2026-07-23T20:00:00+00:00,2026-07-23T22:59:59.999000+00:00,2026-07-23T23:00:00+00:00,2026-07-23T23:59:59.999000+00:00,235920,236160,240,180,60,1.0,600.0,2026-07,DESCRIPTIVE_EXPOSED,LISTING_AFTER_30_DAYS,ORDINARY_WEEKDAY_OVERNIGHT,READY,,0
PLTRUSDT-O-20260126T210000Z,PLTRUSDT,TRADITIONAL_EQUITY,O,,,,O:2026-01-26T21:00:00Z:2026-01-27T07:00:00Z,2026-01-26T21:00:00Z,2026-01-27T07:00:00Z,2026-01-26T21:00:00+00:00,2026-01-26T21:00:00+00:00,,,0,0,0,0,0,0.0,600.0,2026-01,DESCRIPTIVE_EXPOSED,LISTING_DAYS_1_14,ORDINARY_WEEKDAY_OVERNIGHT,SKIPPED,INSUFFICIENT_TRADABLE_ROWS,0
PLTRUSDT-O-20260127T210000Z,PLTRUSDT,TRADITIONAL_EQUITY,O,,,,O:2026-01-27T21:00:00Z:2026-01-28T07:00:00Z,2026-01-27T21:00:00Z,2026-01-28T07:00:00Z,2026-01-27T21:00:00+00:00,2026-01-27T21:00:00+00:00,,,0,0,0,0,0,0.0,600.0,2026-01,DESCRIPTIVE_EXPOSED,LISTING_DAYS_1_14,ORDINARY_WEEKDAY_OVERNIGHT,SKIPPED,INSUFFICIENT_TRADABLE_ROWS,0
PLTRUSDT-O-20260128T210000Z,PLTRUSDT,TRADITIONAL_EQUITY,O,,,,O:2026-01-28T21:00:00Z:2026-01-29T07:00:00Z,2026-01-28T21:00:00Z,2026-01-29T07:00:00Z,2026-01-28T21:00:00+00:00,2026-01-28T21:00:00+00:00,,,0,0,0,0,0,0.0,600.0,2026-01,DESCRIPTIVE_EXPOSED,LISTING_DAYS_1_14,ORDINARY_WEEKDAY_OVERNIGHT,SKIPPED,INSUFFICIENT_TRADABLE_ROWS,0
PLTRUSDT-O-20260129T210000Z,PLTRUSDT,TRADITIONAL_EQUITY,O,,,,O:2026-01-29T21:00:00Z:2026-01-30T07:00:00Z,2026-01-29T21:00:00Z,2026-01-30T07:00:00Z,2026-01-29T21:00:00+00:00,2026-01-29T21:00:00+00:00,,,0,0,0,0,0,0.0,600.0,2026-01,DESCRIPTIVE_EXPOSED,LISTING_DAYS_1_14,ORDINARY_WEEKDAY_OVERNIGHT,SKIPPED,INSUFFICIENT_TRADABLE_ROWS,0
PLTRUSDT-O-20260202T210000Z,PLTRUSDT,TRADITIONAL_EQUITY,O,,,,O:2026-02-02T21:00:00Z:2026-02-03T07:00:00Z,2026-02-02T21:00:00Z,2026-02-03T07:00:00Z,2026-02-02T21:00:00+00:00,2026-02-02T21:00:00+00:00,,,0,0,0,0,0,0.0,600.0,2026-02,DESCRIPTIVE_EXPOSED,LISTING_DAYS_1_14,ORDINARY_WEEKDAY_OVERNIGHT,SKIPPED,INSUFFICIENT_TRADABLE_ROWS,0
PLTRUSDT-O-20260203T210000Z,PLTRUSDT,TRADITIONAL_EQUITY,O,,,,O:2026-02-03T21:00:00Z:2026-02-04T07:00:00Z,2026-02-03T21:00:00Z,2026-02-04T07:00:00Z,2026-02-03T21:00:00+00:00,2026-02-03T21:00:00+00:00,,,0,0,0,0,0,0.0,600.0,2026-02,DESCRIPTIVE_EXPOSED,LISTING_DAYS_1_14,ORDINARY_WEEKDAY_OVERNIGHT,SKIPPED,INSUFFICIENT_TRADABLE_ROWS,0
PLTRUSDT-O-20260204T210000Z,PLTRUSDT,TRADITIONAL_EQUITY,O,,,,O:2026-02-04T21:00:00Z:2026-02-05T07:00:00Z,2026-02-04T21:00:00Z,2026-02-05T07:00:00Z,2026-02-04T21:00:00+00:00,2026-02-04T21:00:00+00:00,,,0,0,0,0,0,0.0,600.0,2026-02,DESCRIPTIVE_EXPOSED,LISTING_DAYS_1_14,ORDINARY_WEEKDAY_OVERNIGHT,SKIPPED,INSUFFICIENT_TRADABLE_ROWS,0
PLTRUSDT-O-20260205T210000Z,PLTRUSDT,TRADITIONAL_EQUITY,O,,,,O:2026-02-05T21:00:00Z:2026-02-06T07:00:00Z,2026-02-05T21:00:00Z,2026-02-06T07:00:00Z,2026-02-05T21:00:00+00:00,2026-02-05T21:00:00+00:00,,,0,0,0,0,0,0.0,600.0,2026-02,DESCRIPTIVE_EXPOSED,LISTING_DAYS_1_14,ORDINARY_WEEKDAY_OVERNIGHT,SKIPPED,INSUFFICIENT_TRADABLE_ROWS,0
PLTRUSDT-O-20260727T200000Z,PLTRUSDT,TRADITIONAL_EQUITY,O,,,,O:2026-07-27T20:00:00Z:2026-07-28T06:00:00Z,2026-07-27T20:00:00Z,2026-07-28T06:00:00Z,2026-07-27T20:00:00+00:00,2026-07-27T20:00:00+00:00,,,236160,236160,0,0,0,0.0,600.0,2026-07,FORWARD_OOS_FUTURE,LISTING_AFTER_30_DAYS,ORDINARY_WEEKDAY_OVERNIGHT,SKIPPED,INSUFFICIENT_TRADABLE_ROWS,0
PLTRUSDT-O-20260728T200000Z,PLTRUSDT,TRADITIONAL_EQUITY,O,,,,O:2026-07-28T20:00:00Z:2026-07-29T06:00:00Z,2026-07-28T20:00:00Z,2026-07-29T06:00:00Z,2026-07-28T20:00:00+00:00,2026-07-28T20:00:00+00:00,,,236160,236160,0,0,0,0.0,600.0,2026-07,FORWARD_OOS_FUTURE,LISTING_AFTER_30_DAYS,ORDINARY_WEEKDAY_OVERNIGHT,SKIPPED,INSUFFICIENT_TRADABLE_ROWS,0
PLTRUSDT-O-20260729T200000Z,PLTRUSDT,TRADITIONAL_EQUITY,O,,,,O:2026-07-29T20:00:00Z:2026-07-30T06:00:00Z,2026-07-29T20:00:00Z,2026-07-30T06:00:00Z,2026-07-29T20:00:00+00:00,2026-07-29T20:00:00+00:00,,,236160,236160,0,0,0,0.0,600.0,2026-07,FORWARD_OOS_FUTURE,LISTING_AFTER_30_DAYS,ORDINARY_WEEKDAY_OVERNIGHT,SKIPPED,INSUFFICIENT_TRADABLE_ROWS,0
PLTRUSDT-O-20260730T200000Z,PLTRUSDT,TRADITIONAL_EQUITY,O,,,,O:2026-07-30T20:00:00Z:2026-07-31T06:00:00Z,2026-07-30T20:00:00Z,2026-07-31T06:00:00Z,2026-07-30T20:00:00+00:00,2026-07-30T20:00:00+00:00,,,236160,236160,0,0,0,0.0,600.0,2026-07,FORWARD_OOS_FUTURE,LISTING_AFTER_30_DAYS,ORDINARY_WEEKDAY_OVERNIGHT,SKIPPED,INSUFFICIENT_TRADABLE_ROWS,0
PLTRUSDT-O-20260803T200000Z,PLTRUSDT,TRADITIONAL_EQUITY,O,,,,O:2026-08-03T20:00:00Z:2026-08-04T06:00:00Z,2026-08-03T20:00:00Z,2026-08-04T06:00:00Z,2026-08-03T20:00:00+00:00,2026-08-03T20:00:00+00:00,,,236160,236160,0,0,0,0.0,600.0,2026-08,FORWARD_OOS_FUTURE,LISTING_AFTER_30_DAYS,ORDINARY_WEEKDAY_OVERNIGHT,SKIPPED,INSUFFICIENT_TRADABLE_ROWS,0
PLTRUSDT-O-20260804T200000Z,PLTRUSDT,TRADITIONAL_EQUITY,O,,,,O:2026-08-04T20:00:00Z:2026-08-05T06:00:00Z,2026-08-04T20:00:00Z,2026-08-05T06:00:00Z,2026-08-04T20:00:00+00:00,2026-08-04T20:00:00+00:00,,,236160,236160,0,0,0,0.0,600.0,2026-08,FORWARD_OOS_FUTURE,LISTING_AFTER_30_DAYS,ORDINARY_WEEKDAY_OVERNIGHT,SKIPPED,INSUFFICIENT_TRADABLE_ROWS,0
PLTRUSDT-O-20260805T200000Z,PLTRUSDT,TRADITIONAL_EQUITY,O,,,,O:2026-08-05T20:00:00Z:2026-08-06T06:00:00Z,2026-08-05T20:00:00Z,2026-08-06T06:00:00Z,2026-08-05T20:00:00+00:00,2026-08-05T20:00:00+00:00,,,236160,236160,0,0,0,0.0,600.0,2026-08,FORWARD_OOS_FUTURE,LISTING_AFTER_30_DAYS,ORDINARY_WEEKDAY_OVERNIGHT,SKIPPED,INSUFFICIENT_TRADABLE_ROWS,0
TSLAUSDT-O-20260128T210000Z,TSLAUSDT,TRADITIONAL_EQUITY,O,,,,O:2026-01-28T21:00:00Z:2026-01-29T07:00:00Z,2026-01-28T21:00:00Z,2026-01-29T07:00:00Z,2026-01-28T21:00:00+00:00,2026-01-29T02:59:59.999000+00:00,2026-01-29T03:00:00+00:00,2026-01-29T06:59:59.999000+00:00,0,420,420,180,240,4.0,600.0,2026-01,DESCRIPTIVE_EXPOSED,LISTING_DAYS_1_14,ORDINARY_WEEKDAY_OVERNIGHT,READY,,0
TSLAUSDT-O-20260129T210000Z,TSLAUSDT,TRADITIONAL_EQUITY,O,,,,O:2026-01-29T21:00:00Z:2026-01-30T07:00:00Z,2026-01-29T21:00:00Z,2026-01-30T07:00:00Z,2026-01-29T21:00:00+00:00,2026-01-29T23:59:59.999000+00:00,2026-01-30T00:00:00+00:00,2026-01-30T06:59:59.999000+00:00,1260,1860,600,180,420,7.0,600.0,2026-01,DESCRIPTIVE_EXPOSED,LISTING_DAYS_1_14,ORDINARY_WEEKDAY_OVERNIGHT,READY,,0
TSLAUSDT-O-20260202T210000Z,TSLAUSDT,TRADITIONAL_EQUITY,O,,,,O:2026-02-02T21:00:00Z:2026-02-03T07:00:00Z,2026-02-02T21:00:00Z,2026-02-03T07:00:00Z,2026-02-02T21:00:00+00:00,2026-02-02T23:59:59.999000+00:00,2026-02-03T00:00:00+00:00,2026-02-03T06:59:59.999000+00:00,7020,7620,600,180,420,7.0,600.0,2026-02,DESCRIPTIVE_EXPOSED,LISTING_DAYS_1_14,ORDINARY_WEEKDAY_OVERNIGHT,READY,,0
TSLAUSDT-O-20260203T210000Z,TSLAUSDT,TRADITIONAL_EQUITY,O,,,,O:2026-02-03T21:00:00Z:2026-02-04T07:00:00Z,2026-02-03T21:00:00Z,2026-02-04T07:00:00Z,2026-02-03T21:00:00+00:00,2026-02-03T23:59:59.999000+00:00,2026-02-04T00:00:00+00:00,2026-02-04T06:59:59.999000+00:00,8460,9060,600,180,420,7.0,600.0,2026-02,DESCRIPTIVE_EXPOSED,LISTING_DAYS_1_14,ORDINARY_WEEKDAY_OVERNIGHT,READY,,0
TSLAUSDT-O-20260204T210000Z,TSLAUSDT,TRADITIONAL_EQUITY,O,,,,O:2026-02-04T21:00:00Z:2026-02-05T07:00:00Z,2026-02-04T21:00:00Z,2026-02-05T07:00:00Z,2026-02-04T21:00:00+00:00,2026-02-04T23:59:59.999000+00:00,2026-02-05T00:00:00+00:00,2026-02-05T06:59:59.999000+00:00,9900,10500,600,180,420,7.0,600.0,2026-02,DESCRIPTIVE_EXPOSED,LISTING_DAYS_1_14,ORDINARY_WEEKDAY_OVERNIGHT,READY,,0
TSLAUSDT-O-20260205T210000Z,TSLAUSDT,TRADITIONAL_EQUITY,O,,,,O:2026-02-05T21:00:00Z:2026-02-06T07:00:00Z,2026-02-05T21:00:00Z,2026-02-06T07:00:00Z,2026-02-05T21:00:00+00:00,2026-02-05T23:59:59.999000+00:00,2026-02-06T00:00:00+00:00,2026-02-06T06:59:59.999000+00:00,11340,11940,600,180,420,7.0,600.0,2026-02,DESCRIPTIVE_EXPOSED,LISTING_DAYS_1_14,ORDINARY_WEEKDAY_OVERNIGHT,READY,,0
TSLAUSDT-O-20260209T210000Z,TSLAUSDT,TRADITIONAL_EQUITY,O,,,,O:2026-02-09T21:00:00Z:2026-02-10T07:00:00Z,2026-02-09T21:00:00Z,2026-02-10T07:00:00Z,2026-02-09T21:00:00+00:00,2026-02-09T23:59:59.999000+00:00,2026-02-10T00:00:00+00:00,2026-02-10T06:59:59.999000+00:00,17100,17700,600,180,420,7.0,600.0,2026-02,DESCRIPTIVE_EXPOSED,LISTING_DAYS_1_14,ORDINARY_WEEKDAY_OVERNIGHT,READY,,0
TSLAUSDT-O-20260210T210000Z,TSLAUSDT,TRADITIONAL_EQUITY,O,,,,O:2026-02-10T21:00:00Z:2026-02-11T07:00:00Z,2026-02-10T21:00:00Z,2026-02-11T07:00:00Z,2026-02-10T21:00:00+00:00,2026-02-10T23:59:59.999000+00:00,2026-02-11T00:00:00+00:00,2026-02-11T06:59:59.999000+00:00,18540,19140,600,180,420,7.0,600.0,2026-02,DESCRIPTIVE_EXPOSED,LISTING_DAYS_1_14,ORDINARY_WEEKDAY_OVERNIGHT,READY,,0
TSLAUSDT-O-20260211T210000Z,TSLAUSDT,TRADITIONAL_EQUITY,O,,,,O:2026-02-11T21:00:00Z:2026-02-12T07:00:00Z,2026-02-11T21:00:00Z,2026-02-12T07:00:00Z,2026-02-11T21:00:00+00:00,2026-02-11T23:59:59.999000+00:00,2026-02-12T00:00:00+00:00,2026-02-12T06:59:59.999000+00:00,19980,20580,600,180,420,7.0,600.0,2026-02,DESCRIPTIVE_EXPOSED,LISTING_DAYS_1_14,ORDINARY_WEEKDAY_OVERNIGHT,READY,,0
TSLAUSDT-O-20260212T210000Z,TSLAUSDT,TRADITIONAL_EQUITY,O,,,,O:2026-02-12T21:00:00Z:2026-02-13T07:00:00Z,2026-02-12T21:00:00Z,2026-02-13T07:00:00Z,2026-02-12T21:00:00+00:00,2026-02-12T23:59:59.999000+00:00,2026-02-13T00:00:00+00:00,2026-02-13T06:59:59.999000+00:00,21420,22020,600,180,420,7.0,600.0,2026-02,DESCRIPTIVE_EXPOSED,LISTING_DAYS_15_30,ORDINARY_WEEKDAY_OVERNIGHT,READY,,0
TSLAUSDT-O-20260217T210000Z,TSLAUSDT,TRADITIONAL_EQUITY,O,,,,O:2026-02-17T21:00:00Z:2026-02-18T07:00:00Z,2026-02-17T21:00:00Z,2026-02-18T07:00:00Z,2026-02-17T21:00:00+00:00,2026-02-17T23:59:59.999000+00:00,2026-02-18T00:00:00+00:00,2026-02-18T06:59:59.999000+00:00,28620,29220,600,180,420,7.0,600.0,2026-02,DESCRIPTIVE_EXPOSED,LISTING_DAYS_15_30,ORDINARY_WEEKDAY_OVERNIGHT,READY,,0
TSLAUSDT-O-20260218T210000Z,TSLAUSDT,TRADITIONAL_EQUITY,O,,,,O:2026-02-18T21:00:00Z:2026-02-19T07:00:00Z,2026-02-18T21:00:00Z,2026-02-19T07:00:00Z,2026-02-18T21:00:00+00:00,2026-02-18T23:59:59.999000+00:00,2026-02-19T00:00:00+00:00,2026-02-19T06:59:59.999000+00:00,30060,30660,600,180,420,7.0,600.0,2026-02,DESCRIPTIVE_EXPOSED,LISTING_DAYS_15_30,ORDINARY_WEEKDAY_OVERNIGHT,READY,,0
TSLAUSDT-O-20260219T210000Z,TSLAUSDT,TRADITIONAL_EQUITY,O,,,,O:2026-02-19T21:00:00Z:2026-02-20T07:00:00Z,2026-02-19T21:00:00Z,2026-02-20T07:00:00Z,2026-02-19T21:00:00+00:00,2026-02-19T23:59:59.999000+00:00,2026-02-20T00:00:00+00:00,2026-02-20T06:59:59.999000+00:00,31500,32100,600,180,420,7.0,600.0,2026-02,DESCRIPTIVE_EXPOSED,LISTING_DAYS_15_30,ORDINARY_WEEKDAY_OVERNIGHT,READY,,0
TSLAUSDT-O-20260223T210000Z,TSLAUSDT,TRADITIONAL_EQUITY,O,,,,O:2026-02-23T21:00:00Z:2026-02-24T07:00:00Z,2026-02-23T21:00:00Z,2026-02-24T07:00:00Z,2026-02-23T21:00:00+00:00,2026-02-23T23:59:59.999000+00:00,2026-02-24T00:00:00+00:00,2026-02-24T06:59:59.999000+00:00,37260,37860,600,180,420,7.0,600.0,2026-02,DESCRIPTIVE_EXPOSED,LISTING_DAYS_15_30,ORDINARY_WEEKDAY_OVERNIGHT,READY,,0
TSLAUSDT-O-20260224T210000Z,TSLAUSDT,TRADITIONAL_EQUITY,O,,,,O:2026-02-24T21:00:00Z:2026-02-25T07:00:00Z,2026-02-24T21:00:00Z,2026-02-25T07:00:00Z,2026-02-24T21:00:00+00:00,2026-02-24T23:59:59.999000+00:00,2026-02-25T00:00:00+00:00,2026-02-25T06:59:59.999000+00:00,38700,39300,600,180,420,7.0,600.0,2026-02,DESCRIPTIVE_EXPOSED,LISTING_DAYS_15_30,ORDINARY_WEEKDAY_OVERNIGHT,READY,,0
TSLAUSDT-O-20260225T210000Z,TSLAUSDT,TRADITIONAL_EQUITY,O,,,,O:2026-02-25T21:00:00Z:2026-02-26T07:00:00Z,2026-02-25T21:00:00Z,2026-02-26T07:00:00Z,2026-02-25T21:00:00+00:00,2026-02-25T23:59:59.999000+00:00,2026-02-26T00:00:00+00:00,2026-02-26T06:59:59.999000+00:00,40140,40740,600,180,420,7.0,600.0,2026-02,DESCRIPTIVE_EXPOSED,LISTING_DAYS_15_30,ORDINARY_WEEKDAY_OVERNIGHT,READY,,0
TSLAUSDT-O-20260226T210000Z,TSLAUSDT,TRADITIONAL_EQUITY,O,,,,O:2026-02-26T21:00:00Z:2026-02-27T07:00:00Z,2026-02-26T21:00:00Z,2026-02-27T07:00:00Z,2026-02-26T21:00:00+00:00,2026-02-26T23:59:59.999000+00:00,2026-02-27T00:00:00+00:00,2026-02-27T06:59:59.999000+00:00,41580,42180,600,180,420,7.0,600.0,2026-02,DESCRIPTIVE_EXPOSED,LISTING_DAYS_15_30,ORDINARY_WEEKDAY_OVERNIGHT,READY,,0
TSLAUSDT-O-20260302T210000Z,TSLAUSDT,TRADITIONAL_EQUITY,O,,,,O:2026-03-02T21:00:00Z:2026-03-03T07:00:00Z,2026-03-02T21:00:00Z,2026-03-03T07:00:00Z,2026-03-02T21:00:00+00:00,2026-03-02T23:59:59.999000+00:00,2026-03-03T00:00:00+00:00,2026-03-03T06:59:59.999000+00:00,47340,47940,600,180,420,7.0,600.0,2026-03,RESEARCH_DEVELOPMENT,LISTING_AFTER_30_DAYS,ORDINARY_WEEKDAY_OVERNIGHT,READY,,0
TSLAUSDT-O-20260303T210000Z,TSLAUSDT,TRADITIONAL_EQUITY,O,,,,O:2026-03-03T21:00:00Z:2026-03-04T07:00:00Z,2026-03-03T21:00:00Z,2026-03-04T07:00:00Z,2026-03-03T21:00:00+00:00,2026-03-03T23:59:59.999000+00:00,2026-03-04T00:00:00+00:00,2026-03-04T06:59:59.999000+00:00,48780,49380,600,180,420,7.0,600.0,2026-03,RESEARCH_DEVELOPMENT,LISTING_AFTER_30_DAYS,ORDINARY_WEEKDAY_OVERNIGHT,READY,,0
TSLAUSDT-O-20260304T210000Z,TSLAUSDT,TRADITIONAL_EQUITY,O,,,,O:2026-03-04T21:00:00Z:2026-03-05T07:00:00Z,2026-03-04T21:00:00Z,2026-03-05T07:00:00Z,2026-03-04T21:00:00+00:00,2026-03-04T23:59:59.999000+00:00,2026-03-05T00:00:00+00:00,2026-03-05T06:59:59.999000+00:00,50220,50820,600,180,420,7.0,600.0,2026-03,RESEARCH_DEVELOPMENT,LISTING_AFTER_30_DAYS,ORDINARY_WEEKDAY_OVERNIGHT,READY,,0
TSLAUSDT-O-20260305T210000Z,TSLAUSDT,TRADITIONAL_EQUITY,O,,,,O:2026-03-05T21:00:00Z:2026-03-06T07:00:00Z,2026-03-05T21:00:00Z,2026-03-06T07:00:00Z,2026-03-05T21:00:00+00:00,2026-03-05T23:59:59.999000+00:00,2026-03-06T00:00:00+00:00,2026-03-06T06:59:59.999000+00:00,51660,52260,600,180,420,7.0,600.0,2026-03,RESEARCH_DEVELOPMENT,LISTING_AFTER_30_DAYS,ORDINARY_WEEKDAY_OVERNIGHT,READY,,0
TSLAUSDT-O-20260309T200000Z,TSLAUSDT,TRADITIONAL_EQUITY,O,,,,O:2026-03-09T20:00:00Z:2026-03-10T06:00:00Z,2026-03-09T20:00:00Z,2026-03-10T06:00:00Z,2026-03-09T20:00:00+00:00,2026-03-09T22:59:59.999000+00:00,2026-03-09T23:00:00+00:00,2026-03-10T05:59:59.999000+00:00,57360,57960,600,180,420,7.0,600.0,2026-03,RESEARCH_DEVELOPMENT,LISTING_AFTER_30_DAYS,ORDINARY_WEEKDAY_OVERNIGHT,READY,,0
TSLAUSDT-O-20260310T200000Z,TSLAUSDT,TRADITIONAL_EQUITY,O,,,,O:2026-03-10T20:00:00Z:2026-03-11T06:00:00Z,2026-03-10T20:00:00Z,2026-03-11T06:00:00Z,2026-03-10T20:00:00+00:00,2026-03-10T22:59:59.999000+00:00,2026-03-10T23:00:00+00:00,2026-03-11T05:59:59.999000+00:00,58800,59400,600,180,420,7.0,600.0,2026-03,RESEARCH_DEVELOPMENT,LISTING_AFTER_30_DAYS,ORDINARY_WEEKDAY_OVERNIGHT,READY,,0
TSLAUSDT-O-20260311T200000Z,TSLAUSDT,TRADITIONAL_EQUITY,O,,,,O:2026-03-11T20:00:00Z:2026-03-12T06:00:00Z,2026-03-11T20:00:00Z,2026-03-12T06:00:00Z,2026-03-11T20:00:00+00:00,2026-03-11T22:59:59.999000+00:00,2026-03-11T23:00:00+00:00,2026-03-12T05:59:59.999000+00:00,60240,60840,600,180,420,7.0,600.0,2026-03,RESEARCH_DEVELOPMENT,LISTING_AFTER_30_DAYS,ORDINARY_WEEKDAY_OVERNIGHT,READY,,0
TSLAUSDT-O-20260312T200000Z,TSLAUSDT,TRADITIONAL_EQUITY,O,,,,O:2026-03-12T20:00:00Z:2026-03-13T06:00:00Z,2026-03-12T20:00:00Z,2026-03-13T06:00:00Z,2026-03-12T20:00:00+00:00,2026-03-12T22:59:59.999000+00:00,2026-03-12T23:00:00+00:00,2026-03-13T05:59:59.999000+00:00,61680,62280,600,180,420,7.0,600.0,2026-03,RESEARCH_DEVELOPMENT,LISTING_AFTER_30_DAYS,ORDINARY_WEEKDAY_OVERNIGHT,READY,,0
TSLAUSDT-O-20260316T200000Z,TSLAUSDT,TRADITIONAL_EQUITY,O,,,,O:2026-03-16T20:00:00Z:2026-03-17T06:00:00Z,2026-03-16T20:00:00Z,2026-03-17T06:00:00Z,2026-03-16T20:00:00+00:00,2026-03-16T22:59:59.999000+00:00,2026-03-16T23:00:00+00:00,2026-03-17T05:59:59.999000+00:00,67440,68040,600,180,420,7.0,600.0,2026-03,RESEARCH_DEVELOPMENT,LISTING_AFTER_30_DAYS,ORDINARY_WEEKDAY_OVERNIGHT,READY,,0
TSLAUSDT-O-20260317T200000Z,TSLAUSDT,TRADITIONAL_EQUITY,O,,,,O:2026-03-17T20:00:00Z:2026-03-18T06:00:00Z,2026-03-17T20:00:00Z,2026-03-18T06:00:00Z,2026-03-17T20:00:00+00:00,2026-03-17T22:59:59.999000+00:00,2026-03-17T23:00:00+00:00,2026-03-18T05:59:59.999000+00:00,68880,69480,600,180,420,7.0,600.0,2026-03,RESEARCH_DEVELOPMENT,LISTING_AFTER_30_DAYS,ORDINARY_WEEKDAY_OVERNIGHT,READY,,0
TSLAUSDT-O-20260318T200000Z,TSLAUSDT,TRADITIONAL_EQUITY,O,,,,O:2026-03-18T20:00:00Z:2026-03-19T06:00:00Z,2026-03-18T20:00:00Z,2026-03-19T06:00:00Z,2026-03-18T20:00:00+00:00,2026-03-18T22:59:59.999000+00:00,2026-03-18T23:00:00+00:00,2026-03-19T05:59:59.999000+00:00,70320,70920,600,180,420,7.0,600.0,2026-03,RESEARCH_DEVELOPMENT,LISTING_AFTER_30_DAYS,ORDINARY_WEEKDAY_OVERNIGHT,READY,,0
TSLAUSDT-O-20260319T200000Z,TSLAUSDT,TRADITIONAL_EQUITY,O,,,,O:2026-03-19T20:00:00Z:2026-03-20T06:00:00Z,2026-03-19T20:00:00Z,2026-03-20T06:00:00Z,2026-03-19T20:00:00+00:00,2026-03-19T22:59:59.999000+00:00,2026-03-19T23:00:00+00:00,2026-03-20T05:59:59.999000+00:00,71760,72360,600,180,420,7.0,600.0,2026-03,RESEARCH_DEVELOPMENT,LISTING_AFTER_30_DAYS,ORDINARY_WEEKDAY_OVERNIGHT,READY,,0
TSLAUSDT-O-20260323T200000Z,TSLAUSDT,TRADITIONAL_EQUITY,O,,,,O:2026-03-23T20:00:00Z:2026-03-24T06:00:00Z,2026-03-23T20:00:00Z,2026-03-24T06:00:00Z,2026-03-23T20:00:00+00:00,2026-03-23T22:59:59.999000+00:00,2026-03-23T23:00:00+00:00,2026-03-24T05:59:59.999000+00:00,77520,78120,600,180,420,7.0,600.0,2026-03,RESEARCH_DEVELOPMENT,LISTING_AFTER_30_DAYS,ORDINARY_WEEKDAY_OVERNIGHT,READY,,0
TSLAUSDT-O-20260324T200000Z,TSLAUSDT,TRADITIONAL_EQUITY,O,,,,O:2026-03-24T20:00:00Z:2026-03-25T06:00:00Z,2026-03-24T20:00:00Z,2026-03-25T06:00:00Z,2026-03-24T20:00:00+00:00,2026-03-24T22:59:59.999000+00:00,2026-03-24T23:00:00+00:00,2026-03-25T05:59:59.999000+00:00,78960,79560,600,180,420,7.0,600.0,2026-03,RESEARCH_DEVELOPMENT,LISTING_AFTER_30_DAYS,ORDINARY_WEEKDAY_OVERNIGHT,READY,,0
TSLAUSDT-O-20260325T200000Z,TSLAUSDT,TRADITIONAL_EQUITY,O,,,,O:2026-03-25T20:00:00Z:2026-03-26T06:00:00Z,2026-03-25T20:00:00Z,2026-03-26T06:00:00Z,2026-03-25T20:00:00+00:00,2026-03-25T22:59:59.999000+00:00,2026-03-25T23:00:00+00:00,2026-03-26T05:59:59.999000+00:00,80400,81000,600,180,420,7.0,600.0,2026-03,RESEARCH_DEVELOPMENT,LISTING_AFTER_30_DAYS,ORDINARY_WEEKDAY_OVERNIGHT,READY,,0
TSLAUSDT-O-20260326T200000Z,TSLAUSDT,TRADITIONAL_EQUITY,O,,,,O:2026-03-26T20:00:00Z:2026-03-27T06:00:00Z,2026-03-26T20:00:00Z,2026-03-27T06:00:00Z,2026-03-26T20:00:00+00:00,2026-03-26T22:59:59.999000+00:00,2026-03-26T23:00:00+00:00,2026-03-27T05:59:59.999000+00:00,81840,82440,600,180,420,7.0,600.0,2026-03,RESEARCH_DEVELOPMENT,LISTING_AFTER_30_DAYS,ORDINARY_WEEKDAY_OVERNIGHT,READY,,0
TSLAUSDT-O-20260330T200000Z,TSLAUSDT,TRADITIONAL_EQUITY,O,,,,O:2026-03-30T20:00:00Z:2026-03-31T06:00:00Z,2026-03-30T20:00:00Z,2026-03-31T06:00:00Z,2026-03-30T20:00:00+00:00,2026-03-30T22:59:59.999000+00:00,2026-03-30T23:00:00+00:00,2026-03-31T05:59:59.999000+00:00,87600,88200,600,180,420,7.0,600.0,2026-03,RESEARCH_DEVELOPMENT,LISTING_AFTER_30_DAYS,ORDINARY_WEEKDAY_OVERNIGHT,READY,,0
TSLAUSDT-O-20260331T200000Z,TSLAUSDT,TRADITIONAL_EQUITY,O,,,,O:2026-03-31T20:00:00Z:2026-04-01T06:00:00Z,2026-03-31T20:00:00Z,2026-04-01T06:00:00Z,2026-03-31T20:00:00+00:00,2026-03-31T22:59:59.999000+00:00,2026-03-31T23:00:00+00:00,2026-04-01T05:59:59.999000+00:00,89040,89640,600,180,420,7.0,600.0,2026-03,RESEARCH_DEVELOPMENT,LISTING_AFTER_30_DAYS,ORDINARY_WEEKDAY_OVERNIGHT,READY,,0
TSLAUSDT-O-20260401T200000Z,TSLAUSDT,TRADITIONAL_EQUITY,O,,,,O:2026-04-01T20:00:00Z:2026-04-02T06:00:00Z,2026-04-01T20:00:00Z,2026-04-02T06:00:00Z,2026-04-01T20:00:00+00:00,2026-04-01T22:59:59.999000+00:00,2026-04-01T23:00:00+00:00,2026-04-02T05:59:59.999000+00:00,90480,91080,600,180,420,7.0,600.0,2026-04,RESEARCH_DEVELOPMENT,LISTING_AFTER_30_DAYS,ORDINARY_WEEKDAY_OVERNIGHT,READY,,0
TSLAUSDT-O-20260406T200000Z,TSLAUSDT,TRADITIONAL_EQUITY,O,,,,O:2026-04-06T20:00:00Z:2026-04-07T06:00:00Z,2026-04-06T20:00:00Z,2026-04-07T06:00:00Z,2026-04-06T20:00:00+00:00,2026-04-06T22:59:59.999000+00:00,2026-04-06T23:00:00+00:00,2026-04-07T05:59:59.999000+00:00,97680,98280,600,180,420,7.0,600.0,2026-04,RESEARCH_DEVELOPMENT,LISTING_AFTER_30_DAYS,ORDINARY_WEEKDAY_OVERNIGHT,READY,,0
TSLAUSDT-O-20260407T200000Z,TSLAUSDT,TRADITIONAL_EQUITY,O,,,,O:2026-04-07T20:00:00Z:2026-04-08T06:00:00Z,2026-04-07T20:00:00Z,2026-04-08T06:00:00Z,2026-04-07T20:00:00+00:00,2026-04-07T22:59:59.999000+00:00,2026-04-07T23:00:00+00:00,2026-04-08T05:59:59.999000+00:00,99120,99720,600,180,420,7.0,600.0,2026-04,RESEARCH_DEVELOPMENT,LISTING_AFTER_30_DAYS,ORDINARY_WEEKDAY_OVERNIGHT,READY,,0
TSLAUSDT-O-20260408T200000Z,TSLAUSDT,TRADITIONAL_EQUITY,O,,,,O:2026-04-08T20:00:00Z:2026-04-09T06:00:00Z,2026-04-08T20:00:00Z,2026-04-09T06:00:00Z,2026-04-08T20:00:00+00:00,2026-04-08T22:59:59.999000+00:00,2026-04-08T23:00:00+00:00,2026-04-09T05:59:59.999000+00:00,100560,101160,600,180,420,7.0,600.0,2026-04,RESEARCH_DEVELOPMENT,LISTING_AFTER_30_DAYS,ORDINARY_WEEKDAY_OVERNIGHT,READY,,0
TSLAUSDT-O-20260409T200000Z,TSLAUSDT,TRADITIONAL_EQUITY,O,,,,O:2026-04-09T20:00:00Z:2026-04-10T06:00:00Z,2026-04-09T20:00:00Z,2026-04-10T06:00:00Z,2026-04-09T20:00:00+00:00,2026-04-09T22:59:59.999000+00:00,2026-04-09T23:00:00+00:00,2026-04-10T05:59:59.999000+00:00,102000,102600,600,180,420,7.0,600.0,2026-04,RESEARCH_DEVELOPMENT,LISTING_AFTER_30_DAYS,ORDINARY_WEEKDAY_OVERNIGHT,READY,,0
TSLAUSDT-O-20260413T200000Z,TSLAUSDT,TRADITIONAL_EQUITY,O,,,,O:2026-04-13T20:00:00Z:2026-04-14T06:00:00Z,2026-04-13T20:00:00Z,2026-04-14T06:00:00Z,2026-04-13T20:00:00+00:00,2026-04-13T22:59:59.999000+00:00,2026-04-13T23:00:00+00:00,2026-04-14T05:59:59.999000+00:00,107760,108360,600,180,420,7.0,600.0,2026-04,RESEARCH_DEVELOPMENT,LISTING_AFTER_30_DAYS,ORDINARY_WEEKDAY_OVERNIGHT,READY,,0
TSLAUSDT-O-20260414T200000Z,TSLAUSDT,TRADITIONAL_EQUITY,O,,,,O:2026-04-14T20:00:00Z:2026-04-15T06:00:00Z,2026-04-14T20:00:00Z,2026-04-15T06:00:00Z,2026-04-14T20:00:00+00:00,2026-04-14T22:59:59.999000+00:00,2026-04-14T23:00:00+00:00,2026-04-15T05:59:59.999000+00:00,109200,109800,600,180,420,7.0,600.0,2026-04,RESEARCH_DEVELOPMENT,LISTING_AFTER_30_DAYS,ORDINARY_WEEKDAY_OVERNIGHT,READY,,0
TSLAUSDT-O-20260415T200000Z,TSLAUSDT,TRADITIONAL_EQUITY,O,,,,O:2026-04-15T20:00:00Z:2026-04-16T06:00:00Z,2026-04-15T20:00:00Z,2026-04-16T06:00:00Z,2026-04-15T20:00:00+00:00,2026-04-15T22:59:59.999000+00:00,2026-04-15T23:00:00+00:00,2026-04-16T05:59:59.999000+00:00,110640,111240,600,180,420,7.0,600.0,2026-04,RESEARCH_DEVELOPMENT,LISTING_AFTER_30_DAYS,ORDINARY_WEEKDAY_OVERNIGHT,READY,,0
TSLAUSDT-O-20260416T200000Z,TSLAUSDT,TRADITIONAL_EQUITY,O,,,,O:2026-04-16T20:00:00Z:2026-04-17T06:00:00Z,2026-04-16T20:00:00Z,2026-04-17T06:00:00Z,2026-04-16T20:00:00+00:00,2026-04-16T22:59:59.999000+00:00,2026-04-16T23:00:00+00:00,2026-04-17T05:59:59.999000+00:00,112080,112680,600,180,420,7.0,600.0,2026-04,RESEARCH_DEVELOPMENT,LISTING_AFTER_30_DAYS,ORDINARY_WEEKDAY_OVERNIGHT,READY,,0
TSLAUSDT-O-20260420T200000Z,TSLAUSDT,TRADITIONAL_EQUITY,O,,,,O:2026-04-20T20:00:00Z:2026-04-21T06:00:00Z,2026-04-20T20:00:00Z,2026-04-21T06:00:00Z,2026-04-20T20:00:00+00:00,2026-04-20T22:59:59.999000+00:00,2026-04-20T23:00:00+00:00,2026-04-21T05:59:59.999000+00:00,117840,118440,600,180,420,7.0,600.0,2026-04,RESEARCH_DEVELOPMENT,LISTING_AFTER_30_DAYS,ORDINARY_WEEKDAY_OVERNIGHT,READY,,0
TSLAUSDT-O-20260421T200000Z,TSLAUSDT,TRADITIONAL_EQUITY,O,,,,O:2026-04-21T20:00:00Z:2026-04-22T06:00:00Z,2026-04-21T20:00:00Z,2026-04-22T06:00:00Z,2026-04-21T20:00:00+00:00,2026-04-21T22:59:59.999000+00:00,2026-04-21T23:00:00+00:00,2026-04-22T05:59:59.999000+00:00,119280,119880,600,180,420,7.0,600.0,2026-04,RESEARCH_DEVELOPMENT,LISTING_AFTER_30_DAYS,ORDINARY_WEEKDAY_OVERNIGHT,READY,,0
TSLAUSDT-O-20260422T200000Z,TSLAUSDT,TRADITIONAL_EQUITY,O,,,,O:2026-04-22T20:00:00Z:2026-04-23T06:00:00Z,2026-04-22T20:00:00Z,2026-04-23T06:00:00Z,2026-04-22T20:00:00+00:00,2026-04-22T22:59:59.999000+00:00,2026-04-22T23:00:00+00:00,2026-04-23T05:59:59.999000+00:00,120720,121320,600,180,420,7.0,600.0,2026-04,RESEARCH_DEVELOPMENT,LISTING_AFTER_30_DAYS,ORDINARY_WEEKDAY_OVERNIGHT,READY,,0
TSLAUSDT-O-20260423T200000Z,TSLAUSDT,TRADITIONAL_EQUITY,O,,,,O:2026-04-23T20:00:00Z:2026-04-24T06:00:00Z,2026-04-23T20:00:00Z,2026-04-24T06:00:00Z,2026-04-23T20:00:00+00:00,2026-04-23T22:59:59.999000+00:00,2026-04-23T23:00:00+00:00,2026-04-24T05:59:59.999000+00:00,122160,122760,600,180,420,7.0,600.0,2026-04,RESEARCH_DEVELOPMENT,LISTING_AFTER_30_DAYS,ORDINARY_WEEKDAY_OVERNIGHT,READY,,0
TSLAUSDT-O-20260427T200000Z,TSLAUSDT,TRADITIONAL_EQUITY,O,,,,O:2026-04-27T20:00:00Z:2026-04-28T06:00:00Z,2026-04-27T20:00:00Z,2026-04-28T06:00:00Z,2026-04-27T20:00:00+00:00,2026-04-27T22:59:59.999000+00:00,2026-04-27T23:00:00+00:00,2026-04-28T05:59:59.999000+00:00,127920,128520,600,180,420,7.0,600.0,2026-04,RESEARCH_DEVELOPMENT,LISTING_AFTER_30_DAYS,ORDINARY_WEEKDAY_OVERNIGHT,READY,,0
TSLAUSDT-O-20260428T200000Z,TSLAUSDT,TRADITIONAL_EQUITY,O,,,,O:2026-04-28T20:00:00Z:2026-04-29T06:00:00Z,2026-04-28T20:00:00Z,2026-04-29T06:00:00Z,2026-04-28T20:00:00+00:00,2026-04-28T22:59:59.999000+00:00,2026-04-28T23:00:00+00:00,2026-04-29T05:59:59.999000+00:00,129360,129960,600,180,420,7.0,600.0,2026-04,RESEARCH_DEVELOPMENT,LISTING_AFTER_30_DAYS,ORDINARY_WEEKDAY_OVERNIGHT,READY,,0
TSLAUSDT-O-20260429T200000Z,TSLAUSDT,TRADITIONAL_EQUITY,O,,,,O:2026-04-29T20:00:00Z:2026-04-30T06:00:00Z,2026-04-29T20:00:00Z,2026-04-30T06:00:00Z,2026-04-29T20:00:00+00:00,2026-04-29T22:59:59.999000+00:00,2026-04-29T23:00:00+00:00,2026-04-30T05:59:59.999000+00:00,130800,131400,600,180,420,7.0,600.0,2026-04,RESEARCH_DEVELOPMENT,LISTING_AFTER_30_DAYS,ORDINARY_WEEKDAY_OVERNIGHT,READY,,0
TSLAUSDT-O-20260430T200000Z,TSLAUSDT,TRADITIONAL_EQUITY,O,,,,O:2026-04-30T20:00:00Z:2026-05-01T06:00:00Z,2026-04-30T20:00:00Z,2026-05-01T06:00:00Z,2026-04-30T20:00:00+00:00,2026-04-30T22:59:59.999000+00:00,2026-04-30T23:00:00+00:00,2026-05-01T05:59:59.999000+00:00,132240,132840,600,180,420,7.0,600.0,2026-04,RESEARCH_DEVELOPMENT,LISTING_AFTER_30_DAYS,ORDINARY_WEEKDAY_OVERNIGHT,READY,,0
TSLAUSDT-O-20260504T200000Z,TSLAUSDT,TRADITIONAL_EQUITY,O,,,,O:2026-05-04T20:00:00Z:2026-05-05T06:00:00Z,2026-05-04T20:00:00Z,2026-05-05T06:00:00Z,2026-05-04T20:00:00+00:00,2026-05-04T22:59:59.999000+00:00,2026-05-04T23:00:00+00:00,2026-05-05T05:59:59.999000+00:00,138000,138600,600,180,420,7.0,600.0,2026-05,RESEARCH_DEVELOPMENT,LISTING_AFTER_30_DAYS,ORDINARY_WEEKDAY_OVERNIGHT,READY,,0
TSLAUSDT-O-20260505T200000Z,TSLAUSDT,TRADITIONAL_EQUITY,O,,,,O:2026-05-05T20:00:00Z:2026-05-06T06:00:00Z,2026-05-05T20:00:00Z,2026-05-06T06:00:00Z,2026-05-05T20:00:00+00:00,2026-05-05T22:59:59.999000+00:00,2026-05-05T23:00:00+00:00,2026-05-06T05:59:59.999000+00:00,139440,140040,600,180,420,7.0,600.0,2026-05,RESEARCH_DEVELOPMENT,LISTING_AFTER_30_DAYS,ORDINARY_WEEKDAY_OVERNIGHT,READY,,0
TSLAUSDT-O-20260506T200000Z,TSLAUSDT,TRADITIONAL_EQUITY,O,,,,O:2026-05-06T20:00:00Z:2026-05-07T06:00:00Z,2026-05-06T20:00:00Z,2026-05-07T06:00:00Z,2026-05-06T20:00:00+00:00,2026-05-06T22:59:59.999000+00:00,2026-05-06T23:00:00+00:00,2026-05-07T05:59:59.999000+00:00,140880,141480,600,180,420,7.0,600.0,2026-05,RESEARCH_DEVELOPMENT,LISTING_AFTER_30_DAYS,ORDINARY_WEEKDAY_OVERNIGHT,READY,,0
TSLAUSDT-O-20260507T200000Z,TSLAUSDT,TRADITIONAL_EQUITY,O,,,,O:2026-05-07T20:00:00Z:2026-05-08T06:00:00Z,2026-05-07T20:00:00Z,2026-05-08T06:00:00Z,2026-05-07T20:00:00+00:00,2026-05-07T22:59:59.999000+00:00,2026-05-07T23:00:00+00:00,2026-05-08T05:59:59.999000+00:00,142320,142920,600,180,420,7.0,600.0,2026-05,RESEARCH_DEVELOPMENT,LISTING_AFTER_30_DAYS,ORDINARY_WEEKDAY_OVERNIGHT,READY,,0
TSLAUSDT-O-20260511T200000Z,TSLAUSDT,TRADITIONAL_EQUITY,O,,,,O:2026-05-11T20:00:00Z:2026-05-12T06:00:00Z,2026-05-11T20:00:00Z,2026-05-12T06:00:00Z,2026-05-11T20:00:00+00:00,2026-05-11T22:59:59.999000+00:00,2026-05-11T23:00:00+00:00,2026-05-12T05:59:59.999000+00:00,148080,148680,600,180,420,7.0,600.0,2026-05,RESEARCH_DEVELOPMENT,LISTING_AFTER_30_DAYS,ORDINARY_WEEKDAY_OVERNIGHT,READY,,0
TSLAUSDT-O-20260512T200000Z,TSLAUSDT,TRADITIONAL_EQUITY,O,,,,O:2026-05-12T20:00:00Z:2026-05-13T06:00:00Z,2026-05-12T20:00:00Z,2026-05-13T06:00:00Z,2026-05-12T20:00:00+00:00,2026-05-12T22:59:59.999000+00:00,2026-05-12T23:00:00+00:00,2026-05-13T05:59:59.999000+00:00,149520,150120,600,180,420,7.0,600.0,2026-05,RESEARCH_DEVELOPMENT,LISTING_AFTER_30_DAYS,ORDINARY_WEEKDAY_OVERNIGHT,READY,,0
TSLAUSDT-O-20260513T200000Z,TSLAUSDT,TRADITIONAL_EQUITY,O,,,,O:2026-05-13T20:00:00Z:2026-05-14T06:00:00Z,2026-05-13T20:00:00Z,2026-05-14T06:00:00Z,2026-05-13T20:00:00+00:00,2026-05-13T22:59:59.999000+00:00,2026-05-13T23:00:00+00:00,2026-05-14T05:59:59.999000+00:00,150960,151560,600,180,420,7.0,600.0,2026-05,RESEARCH_DEVELOPMENT,LISTING_AFTER_30_DAYS,ORDINARY_WEEKDAY_OVERNIGHT,READY,,0
TSLAUSDT-O-20260514T200000Z,TSLAUSDT,TRADITIONAL_EQUITY,O,,,,O:2026-05-14T20:00:00Z:2026-05-15T06:00:00Z,2026-05-14T20:00:00Z,2026-05-15T06:00:00Z,2026-05-14T20:00:00+00:00,2026-05-14T22:59:59.999000+00:00,2026-05-14T23:00:00+00:00,2026-05-15T05:59:59.999000+00:00,152400,153000,600,180,420,7.0,600.0,2026-05,RESEARCH_DEVELOPMENT,LISTING_AFTER_30_DAYS,ORDINARY_WEEKDAY_OVERNIGHT,READY,,0
TSLAUSDT-O-20260518T200000Z,TSLAUSDT,TRADITIONAL_EQUITY,O,,,,O:2026-05-18T20:00:00Z:2026-05-19T06:00:00Z,2026-05-18T20:00:00Z,2026-05-19T06:00:00Z,2026-05-18T20:00:00+00:00,2026-05-18T22:59:59.999000+00:00,2026-05-18T23:00:00+00:00,2026-05-19T05:59:59.999000+00:00,158160,158760,600,180,420,7.0,600.0,2026-05,RESEARCH_DEVELOPMENT,LISTING_AFTER_30_DAYS,ORDINARY_WEEKDAY_OVERNIGHT,READY,,0
TSLAUSDT-O-20260519T200000Z,TSLAUSDT,TRADITIONAL_EQUITY,O,,,,O:2026-05-19T20:00:00Z:2026-05-20T06:00:00Z,2026-05-19T20:00:00Z,2026-05-20T06:00:00Z,2026-05-19T20:00:00+00:00,2026-05-19T22:59:59.999000+00:00,2026-05-19T23:00:00+00:00,2026-05-20T05:59:59.999000+00:00,159600,160200,600,180,420,7.0,600.0,2026-05,RESEARCH_DEVELOPMENT,LISTING_AFTER_30_DAYS,ORDINARY_WEEKDAY_OVERNIGHT,READY,,0
TSLAUSDT-O-20260520T200000Z,TSLAUSDT,TRADITIONAL_EQUITY,O,,,,O:2026-05-20T20:00:00Z:2026-05-21T06:00:00Z,2026-05-20T20:00:00Z,2026-05-21T06:00:00Z,2026-05-20T20:00:00+00:00,2026-05-20T22:59:59.999000+00:00,2026-05-20T23:00:00+00:00,2026-05-21T05:59:59.999000+00:00,161040,161640,600,180,420,7.0,600.0,2026-05,RESEARCH_DEVELOPMENT,LISTING_AFTER_30_DAYS,ORDINARY_WEEKDAY_OVERNIGHT,READY,,0
TSLAUSDT-O-20260521T200000Z,TSLAUSDT,TRADITIONAL_EQUITY,O,,,,O:2026-05-21T20:00:00Z:2026-05-22T06:00:00Z,2026-05-21T20:00:00Z,2026-05-22T06:00:00Z,2026-05-21T20:00:00+00:00,2026-05-21T22:59:59.999000+00:00,2026-05-21T23:00:00+00:00,2026-05-22T05:59:59.999000+00:00,162480,163080,600,180,420,7.0,600.0,2026-05,RESEARCH_DEVELOPMENT,LISTING_AFTER_30_DAYS,ORDINARY_WEEKDAY_OVERNIGHT,READY,,0
TSLAUSDT-O-20260526T200000Z,TSLAUSDT,TRADITIONAL_EQUITY,O,,,,O:2026-05-26T20:00:00Z:2026-05-27T06:00:00Z,2026-05-26T20:00:00Z,2026-05-27T06:00:00Z,2026-05-26T20:00:00+00:00,2026-05-26T22:59:59.999000+00:00,2026-05-26T23:00:00+00:00,2026-05-27T05:59:59.999000+00:00,169680,170280,600,180,420,7.0,600.0,2026-05,RESEARCH_DEVELOPMENT,LISTING_AFTER_30_DAYS,ORDINARY_WEEKDAY_OVERNIGHT,READY,,0
TSLAUSDT-O-20260527T200000Z,TSLAUSDT,TRADITIONAL_EQUITY,O,,,,O:2026-05-27T20:00:00Z:2026-05-28T06:00:00Z,2026-05-27T20:00:00Z,2026-05-28T06:00:00Z,2026-05-27T20:00:00+00:00,2026-05-27T22:59:59.999000+00:00,2026-05-27T23:00:00+00:00,2026-05-28T05:59:59.999000+00:00,171120,171720,600,180,420,7.0,600.0,2026-05,RESEARCH_DEVELOPMENT,LISTING_AFTER_30_DAYS,ORDINARY_WEEKDAY_OVERNIGHT,READY,,0
TSLAUSDT-O-20260528T200000Z,TSLAUSDT,TRADITIONAL_EQUITY,O,,,,O:2026-05-28T20:00:00Z:2026-05-29T06:00:00Z,2026-05-28T20:00:00Z,2026-05-29T06:00:00Z,2026-05-28T20:00:00+00:00,2026-05-28T22:59:59.999000+00:00,2026-05-28T23:00:00+00:00,2026-05-29T05:59:59.999000+00:00,172560,173160,600,180,420,7.0,600.0,2026-05,RESEARCH_DEVELOPMENT,LISTING_AFTER_30_DAYS,ORDINARY_WEEKDAY_OVERNIGHT,READY,,0
TSLAUSDT-O-20260601T200000Z,TSLAUSDT,TRADITIONAL_EQUITY,O,,,,O:2026-06-01T20:00:00Z:2026-06-02T06:00:00Z,2026-06-01T20:00:00Z,2026-06-02T06:00:00Z,2026-06-01T20:00:00+00:00,2026-06-01T22:59:59.999000+00:00,2026-06-01T23:00:00+00:00,2026-06-02T05:59:59.999000+00:00,178320,178920,600,180,420,7.0,600.0,2026-06,RESEARCH_VALIDATION_EXPOSED,LISTING_AFTER_30_DAYS,ORDINARY_WEEKDAY_OVERNIGHT,READY,,0
TSLAUSDT-O-20260602T200000Z,TSLAUSDT,TRADITIONAL_EQUITY,O,,,,O:2026-06-02T20:00:00Z:2026-06-03T06:00:00Z,2026-06-02T20:00:00Z,2026-06-03T06:00:00Z,2026-06-02T20:00:00+00:00,2026-06-02T22:59:59.999000+00:00,2026-06-02T23:00:00+00:00,2026-06-03T05:59:59.999000+00:00,179760,180360,600,180,420,7.0,600.0,2026-06,RESEARCH_VALIDATION_EXPOSED,LISTING_AFTER_30_DAYS,ORDINARY_WEEKDAY_OVERNIGHT,READY,,0
TSLAUSDT-O-20260603T200000Z,TSLAUSDT,TRADITIONAL_EQUITY,O,,,,O:2026-06-03T20:00:00Z:2026-06-04T06:00:00Z,2026-06-03T20:00:00Z,2026-06-04T06:00:00Z,2026-06-03T20:00:00+00:00,2026-06-03T22:59:59.999000+00:00,2026-06-03T23:00:00+00:00,2026-06-04T05:59:59.999000+00:00,181200,181800,600,180,420,7.0,600.0,2026-06,RESEARCH_VALIDATION_EXPOSED,LISTING_AFTER_30_DAYS,ORDINARY_WEEKDAY_OVERNIGHT,READY,,0
TSLAUSDT-O-20260604T200000Z,TSLAUSDT,TRADITIONAL_EQUITY,O,,,,O:2026-06-04T20:00:00Z:2026-06-05T06:00:00Z,2026-06-04T20:00:00Z,2026-06-05T06:00:00Z,2026-06-04T20:00:00+00:00,2026-06-04T22:59:59.999000+00:00,2026-06-04T23:00:00+00:00,2026-06-05T05:59:59.999000+00:00,182640,183240,600,180,420,7.0,600.0,2026-06,RESEARCH_VALIDATION_EXPOSED,LISTING_AFTER_30_DAYS,ORDINARY_WEEKDAY_OVERNIGHT,READY,,0
TSLAUSDT-O-20260608T200000Z,TSLAUSDT,TRADITIONAL_EQUITY,O,,,,O:2026-06-08T20:00:00Z:2026-06-09T06:00:00Z,2026-06-08T20:00:00Z,2026-06-09T06:00:00Z,2026-06-08T20:00:00+00:00,2026-06-08T22:59:59.999000+00:00,2026-06-08T23:00:00+00:00,2026-06-09T05:59:59.999000+00:00,188400,189000,600,180,420,7.0,600.0,2026-06,RESEARCH_VALIDATION_EXPOSED,LISTING_AFTER_30_DAYS,ORDINARY_WEEKDAY_OVERNIGHT,READY,,0
TSLAUSDT-O-20260609T200000Z,TSLAUSDT,TRADITIONAL_EQUITY,O,,,,O:2026-06-09T20:00:00Z:2026-06-10T06:00:00Z,2026-06-09T20:00:00Z,2026-06-10T06:00:00Z,2026-06-09T20:00:00+00:00,2026-06-09T22:59:59.999000+00:00,2026-06-09T23:00:00+00:00,2026-06-10T05:59:59.999000+00:00,189840,190440,600,180,420,7.0,600.0,2026-06,RESEARCH_VALIDATION_EXPOSED,LISTING_AFTER_30_DAYS,ORDINARY_WEEKDAY_OVERNIGHT,READY,,0
TSLAUSDT-O-20260610T200000Z,TSLAUSDT,TRADITIONAL_EQUITY,O,,,,O:2026-06-10T20:00:00Z:2026-06-11T06:00:00Z,2026-06-10T20:00:00Z,2026-06-11T06:00:00Z,2026-06-10T20:00:00+00:00,2026-06-10T22:59:59.999000+00:00,2026-06-10T23:00:00+00:00,2026-06-11T05:59:59.999000+00:00,191280,191880,600,180,420,7.0,600.0,2026-06,RESEARCH_VALIDATION_EXPOSED,LISTING_AFTER_30_DAYS,ORDINARY_WEEKDAY_OVERNIGHT,READY,,0
TSLAUSDT-O-20260611T200000Z,TSLAUSDT,TRADITIONAL_EQUITY,O,,,,O:2026-06-11T20:00:00Z:2026-06-12T06:00:00Z,2026-06-11T20:00:00Z,2026-06-12T06:00:00Z,2026-06-11T20:00:00+00:00,2026-06-11T22:59:59.999000+00:00,2026-06-11T23:00:00+00:00,2026-06-12T05:59:59.999000+00:00,192720,193320,600,180,420,7.0,600.0,2026-06,RESEARCH_VALIDATION_EXPOSED,LISTING_AFTER_30_DAYS,ORDINARY_WEEKDAY_OVERNIGHT,READY,,0
TSLAUSDT-O-20260615T200000Z,TSLAUSDT,TRADITIONAL_EQUITY,O,,,,O:2026-06-15T20:00:00Z:2026-06-16T06:00:00Z,2026-06-15T20:00:00Z,2026-06-16T06:00:00Z,2026-06-15T20:00:00+00:00,2026-06-15T22:59:59.999000+00:00,2026-06-15T23:00:00+00:00,2026-06-16T05:59:59.999000+00:00,198480,199080,600,180,420,7.0,600.0,2026-06,RESEARCH_VALIDATION_EXPOSED,LISTING_AFTER_30_DAYS,ORDINARY_WEEKDAY_OVERNIGHT,READY,,0
TSLAUSDT-O-20260616T200000Z,TSLAUSDT,TRADITIONAL_EQUITY,O,,,,O:2026-06-16T20:00:00Z:2026-06-17T06:00:00Z,2026-06-16T20:00:00Z,2026-06-17T06:00:00Z,2026-06-16T20:00:00+00:00,2026-06-16T22:59:59.999000+00:00,2026-06-16T23:00:00+00:00,2026-06-17T05:59:59.999000+00:00,199920,200520,600,180,420,7.0,600.0,2026-06,RESEARCH_VALIDATION_EXPOSED,LISTING_AFTER_30_DAYS,ORDINARY_WEEKDAY_OVERNIGHT,READY,,0
TSLAUSDT-O-20260617T200000Z,TSLAUSDT,TRADITIONAL_EQUITY,O,,,,O:2026-06-17T20:00:00Z:2026-06-18T06:00:00Z,2026-06-17T20:00:00Z,2026-06-18T06:00:00Z,2026-06-17T20:00:00+00:00,2026-06-17T22:59:59.999000+00:00,2026-06-17T23:00:00+00:00,2026-06-18T05:59:59.999000+00:00,201360,201960,600,180,420,7.0,600.0,2026-06,RESEARCH_VALIDATION_EXPOSED,LISTING_AFTER_30_DAYS,ORDINARY_WEEKDAY_OVERNIGHT,READY,,0
TSLAUSDT-O-20260622T200000Z,TSLAUSDT,TRADITIONAL_EQUITY,O,,,,O:2026-06-22T20:00:00Z:2026-06-23T06:00:00Z,2026-06-22T20:00:00Z,2026-06-23T06:00:00Z,2026-06-22T20:00:00+00:00,2026-06-22T22:59:59.999000+00:00,2026-06-22T23:00:00+00:00,2026-06-23T05:59:59.999000+00:00,208560,209160,600,180,420,7.0,600.0,2026-06,RESEARCH_VALIDATION_EXPOSED,LISTING_AFTER_30_DAYS,ORDINARY_WEEKDAY_OVERNIGHT,READY,,0
TSLAUSDT-O-20260623T200000Z,TSLAUSDT,TRADITIONAL_EQUITY,O,,,,O:2026-06-23T20:00:00Z:2026-06-24T06:00:00Z,2026-06-23T20:00:00Z,2026-06-24T06:00:00Z,2026-06-23T20:00:00+00:00,2026-06-23T22:59:59.999000+00:00,2026-06-23T23:00:00+00:00,2026-06-24T05:59:59.999000+00:00,210000,210600,600,180,420,7.0,600.0,2026-06,RESEARCH_VALIDATION_EXPOSED,LISTING_AFTER_30_DAYS,ORDINARY_WEEKDAY_OVERNIGHT,READY,,0
TSLAUSDT-O-20260624T200000Z,TSLAUSDT,TRADITIONAL_EQUITY,O,,,,O:2026-06-24T20:00:00Z:2026-06-25T06:00:00Z,2026-06-24T20:00:00Z,2026-06-25T06:00:00Z,2026-06-24T20:00:00+00:00,2026-06-24T22:59:59.999000+00:00,2026-06-24T23:00:00+00:00,2026-06-25T05:59:59.999000+00:00,211440,212040,600,180,420,7.0,600.0,2026-06,RESEARCH_VALIDATION_EXPOSED,LISTING_AFTER_30_DAYS,ORDINARY_WEEKDAY_OVERNIGHT,READY,,0
TSLAUSDT-O-20260625T200000Z,TSLAUSDT,TRADITIONAL_EQUITY,O,,,,O:2026-06-25T20:00:00Z:2026-06-26T06:00:00Z,2026-06-25T20:00:00Z,2026-06-26T06:00:00Z,2026-06-25T20:00:00+00:00,2026-06-25T22:59:59.999000+00:00,2026-06-25T23:00:00+00:00,2026-06-26T05:59:59.999000+00:00,212880,213480,600,180,420,7.0,600.0,2026-06,RESEARCH_VALIDATION_EXPOSED,LISTING_AFTER_30_DAYS,ORDINARY_WEEKDAY_OVERNIGHT,READY,,0
TSLAUSDT-O-20260629T200000Z,TSLAUSDT,TRADITIONAL_EQUITY,O,,,,O:2026-06-29T20:00:00Z:2026-06-30T06:00:00Z,2026-06-29T20:00:00Z,2026-06-30T06:00:00Z,2026-06-29T20:00:00+00:00,2026-06-29T22:59:59.999000+00:00,2026-06-29T23:00:00+00:00,2026-06-30T05:59:59.999000+00:00,218640,219240,600,180,420,7.0,600.0,2026-06,RESEARCH_VALIDATION_EXPOSED,LISTING_AFTER_30_DAYS,ORDINARY_WEEKDAY_OVERNIGHT,READY,,0
TSLAUSDT-O-20260630T200000Z,TSLAUSDT,TRADITIONAL_EQUITY,O,,,,O:2026-06-30T20:00:00Z:2026-07-01T06:00:00Z,2026-06-30T20:00:00Z,2026-07-01T06:00:00Z,2026-06-30T20:00:00+00:00,2026-06-30T22:59:59.999000+00:00,2026-06-30T23:00:00+00:00,2026-07-01T05:59:59.999000+00:00,220080,220680,600,180,420,7.0,600.0,2026-06,RESEARCH_VALIDATION_EXPOSED,LISTING_AFTER_30_DAYS,ORDINARY_WEEKDAY_OVERNIGHT,READY,,0
TSLAUSDT-O-20260701T200000Z,TSLAUSDT,TRADITIONAL_EQUITY,O,,,,O:2026-07-01T20:00:00Z:2026-07-02T06:00:00Z,2026-07-01T20:00:00Z,2026-07-02T06:00:00Z,2026-07-01T20:00:00+00:00,2026-07-01T22:59:59.999000+00:00,2026-07-01T23:00:00+00:00,2026-07-02T05:59:59.999000+00:00,221520,222120,600,180,420,7.0,600.0,2026-07,DESCRIPTIVE_EXPOSED,LISTING_AFTER_30_DAYS,ORDINARY_WEEKDAY_OVERNIGHT,READY,,0
TSLAUSDT-O-20260706T200000Z,TSLAUSDT,TRADITIONAL_EQUITY,O,,,,O:2026-07-06T20:00:00Z:2026-07-07T06:00:00Z,2026-07-06T20:00:00Z,2026-07-07T06:00:00Z,2026-07-06T20:00:00+00:00,2026-07-06T22:59:59.999000+00:00,2026-07-06T23:00:00+00:00,2026-07-07T05:59:59.999000+00:00,228720,229320,600,180,420,7.0,600.0,2026-07,DESCRIPTIVE_EXPOSED,LISTING_AFTER_30_DAYS,ORDINARY_WEEKDAY_OVERNIGHT,READY,,0
TSLAUSDT-O-20260707T200000Z,TSLAUSDT,TRADITIONAL_EQUITY,O,,,,O:2026-07-07T20:00:00Z:2026-07-08T06:00:00Z,2026-07-07T20:00:00Z,2026-07-08T06:00:00Z,2026-07-07T20:00:00+00:00,2026-07-07T22:59:59.999000+00:00,2026-07-07T23:00:00+00:00,2026-07-08T05:59:59.999000+00:00,230160,230760,600,180,420,7.0,600.0,2026-07,DESCRIPTIVE_EXPOSED,LISTING_AFTER_30_DAYS,ORDINARY_WEEKDAY_OVERNIGHT,READY,,0
TSLAUSDT-O-20260708T200000Z,TSLAUSDT,TRADITIONAL_EQUITY,O,,,,O:2026-07-08T20:00:00Z:2026-07-09T06:00:00Z,2026-07-08T20:00:00Z,2026-07-09T06:00:00Z,2026-07-08T20:00:00+00:00,2026-07-08T22:59:59.999000+00:00,2026-07-08T23:00:00+00:00,2026-07-09T05:59:59.999000+00:00,231600,232200,600,180,420,7.0,600.0,2026-07,DESCRIPTIVE_EXPOSED,LISTING_AFTER_30_DAYS,ORDINARY_WEEKDAY_OVERNIGHT,READY,,0
TSLAUSDT-O-20260709T200000Z,TSLAUSDT,TRADITIONAL_EQUITY,O,,,,O:2026-07-09T20:00:00Z:2026-07-10T06:00:00Z,2026-07-09T20:00:00Z,2026-07-10T06:00:00Z,2026-07-09T20:00:00+00:00,2026-07-09T22:59:59.999000+00:00,2026-07-09T23:00:00+00:00,2026-07-10T05:59:59.999000+00:00,233040,233640,600,180,420,7.0,600.0,2026-07,DESCRIPTIVE_EXPOSED,LISTING_AFTER_30_DAYS,ORDINARY_WEEKDAY_OVERNIGHT,READY,,0
TSLAUSDT-O-20260713T200000Z,TSLAUSDT,TRADITIONAL_EQUITY,O,,,,O:2026-07-13T20:00:00Z:2026-07-14T06:00:00Z,2026-07-13T20:00:00Z,2026-07-14T06:00:00Z,2026-07-13T20:00:00+00:00,2026-07-13T22:59:59.999000+00:00,2026-07-13T23:00:00+00:00,2026-07-14T05:59:59.999000+00:00,238800,239400,600,180,420,7.0,600.0,2026-07,DESCRIPTIVE_EXPOSED,LISTING_AFTER_30_DAYS,ORDINARY_WEEKDAY_OVERNIGHT,READY,,0
TSLAUSDT-O-20260714T200000Z,TSLAUSDT,TRADITIONAL_EQUITY,O,,,,O:2026-07-14T20:00:00Z:2026-07-15T06:00:00Z,2026-07-14T20:00:00Z,2026-07-15T06:00:00Z,2026-07-14T20:00:00+00:00,2026-07-14T22:59:59.999000+00:00,2026-07-14T23:00:00+00:00,2026-07-15T05:59:59.999000+00:00,240240,240840,600,180,420,7.0,600.0,2026-07,DESCRIPTIVE_EXPOSED,LISTING_AFTER_30_DAYS,ORDINARY_WEEKDAY_OVERNIGHT,READY,,0
TSLAUSDT-O-20260715T200000Z,TSLAUSDT,TRADITIONAL_EQUITY,O,,,,O:2026-07-15T20:00:00Z:2026-07-16T06:00:00Z,2026-07-15T20:00:00Z,2026-07-16T06:00:00Z,2026-07-15T20:00:00+00:00,2026-07-15T22:59:59.999000+00:00,2026-07-15T23:00:00+00:00,2026-07-16T05:59:59.999000+00:00,241680,242280,600,180,420,7.0,600.0,2026-07,DESCRIPTIVE_EXPOSED,LISTING_AFTER_30_DAYS,ORDINARY_WEEKDAY_OVERNIGHT,READY,,0
TSLAUSDT-O-20260716T200000Z,TSLAUSDT,TRADITIONAL_EQUITY,O,,,,O:2026-07-16T20:00:00Z:2026-07-17T06:00:00Z,2026-07-16T20:00:00Z,2026-07-17T06:00:00Z,2026-07-16T20:00:00+00:00,2026-07-16T22:59:59.999000+00:00,2026-07-16T23:00:00+00:00,2026-07-17T05:59:59.999000+00:00,243120,243720,600,180,420,7.0,600.0,2026-07,DESCRIPTIVE_EXPOSED,LISTING_AFTER_30_DAYS,ORDINARY_WEEKDAY_OVERNIGHT,READY,,0
TSLAUSDT-O-20260720T200000Z,TSLAUSDT,TRADITIONAL_EQUITY,O,,,,O:2026-07-20T20:00:00Z:2026-07-21T06:00:00Z,2026-07-20T20:00:00Z,2026-07-21T06:00:00Z,2026-07-20T20:00:00+00:00,2026-07-20T22:59:59.999000+00:00,2026-07-20T23:00:00+00:00,2026-07-21T05:59:59.999000+00:00,248880,249480,600,180,420,7.0,600.0,2026-07,DESCRIPTIVE_EXPOSED,LISTING_AFTER_30_DAYS,ORDINARY_WEEKDAY_OVERNIGHT,READY,,0
TSLAUSDT-O-20260721T200000Z,TSLAUSDT,TRADITIONAL_EQUITY,O,,,,O:2026-07-21T20:00:00Z:2026-07-22T06:00:00Z,2026-07-21T20:00:00Z,2026-07-22T06:00:00Z,2026-07-21T20:00:00+00:00,2026-07-21T22:59:59.999000+00:00,2026-07-21T23:00:00+00:00,2026-07-22T05:59:59.999000+00:00,250320,250920,600,180,420,7.0,600.0,2026-07,DESCRIPTIVE_EXPOSED,LISTING_AFTER_30_DAYS,ORDINARY_WEEKDAY_OVERNIGHT,READY,,0
TSLAUSDT-O-20260722T200000Z,TSLAUSDT,TRADITIONAL_EQUITY,O,,,,O:2026-07-22T20:00:00Z:2026-07-23T06:00:00Z,2026-07-22T20:00:00Z,2026-07-23T06:00:00Z,2026-07-22T20:00:00+00:00,2026-07-22T22:59:59.999000+00:00,2026-07-22T23:00:00+00:00,2026-07-23T05:59:59.999000+00:00,251760,252360,600,180,420,7.0,600.0,2026-07,DESCRIPTIVE_EXPOSED,LISTING_AFTER_30_DAYS,ORDINARY_WEEKDAY_OVERNIGHT,READY,,0
TSLAUSDT-O-20260723T200000Z,TSLAUSDT,TRADITIONAL_EQUITY,O,,,,O:2026-07-23T20:00:00Z:2026-07-24T06:00:00Z,2026-07-23T20:00:00Z,2026-07-24T06:00:00Z,2026-07-23T20:00:00+00:00,2026-07-23T22:59:59.999000+00:00,2026-07-23T23:00:00+00:00,2026-07-23T23:59:59.999000+00:00,253200,253440,240,180,60,1.0,600.0,2026-07,DESCRIPTIVE_EXPOSED,LISTING_AFTER_30_DAYS,ORDINARY_WEEKDAY_OVERNIGHT,READY,,0
TSLAUSDT-O-20260114T210000Z,TSLAUSDT,TRADITIONAL_EQUITY,O,,,,O:2026-01-14T21:00:00Z:2026-01-15T07:00:00Z,2026-01-14T21:00:00Z,2026-01-15T07:00:00Z,2026-01-14T21:00:00+00:00,2026-01-14T21:00:00+00:00,,,0,0,0,0,0,0.0,600.0,2026-01,DESCRIPTIVE_EXPOSED,LISTING_DAYS_1_14,ORDINARY_WEEKDAY_OVERNIGHT,SKIPPED,INSUFFICIENT_TRADABLE_ROWS,0
TSLAUSDT-O-20260115T210000Z,TSLAUSDT,TRADITIONAL_EQUITY,O,,,,O:2026-01-15T21:00:00Z:2026-01-16T07:00:00Z,2026-01-15T21:00:00Z,2026-01-16T07:00:00Z,2026-01-15T21:00:00+00:00,2026-01-15T21:00:00+00:00,,,0,0,0,0,0,0.0,600.0,2026-01,DESCRIPTIVE_EXPOSED,LISTING_DAYS_1_14,ORDINARY_WEEKDAY_OVERNIGHT,SKIPPED,INSUFFICIENT_TRADABLE_ROWS,0
TSLAUSDT-O-20260120T210000Z,TSLAUSDT,TRADITIONAL_EQUITY,O,,,,O:2026-01-20T21:00:00Z:2026-01-21T07:00:00Z,2026-01-20T21:00:00Z,2026-01-21T07:00:00Z,2026-01-20T21:00:00+00:00,2026-01-20T21:00:00+00:00,,,0,0,0,0,0,0.0,600.0,2026-01,DESCRIPTIVE_EXPOSED,LISTING_DAYS_1_14,ORDINARY_WEEKDAY_OVERNIGHT,SKIPPED,INSUFFICIENT_TRADABLE_ROWS,0
TSLAUSDT-O-20260121T210000Z,TSLAUSDT,TRADITIONAL_EQUITY,O,,,,O:2026-01-21T21:00:00Z:2026-01-22T07:00:00Z,2026-01-21T21:00:00Z,2026-01-22T07:00:00Z,2026-01-21T21:00:00+00:00,2026-01-21T21:00:00+00:00,,,0,0,0,0,0,0.0,600.0,2026-01,DESCRIPTIVE_EXPOSED,LISTING_DAYS_1_14,ORDINARY_WEEKDAY_OVERNIGHT,SKIPPED,INSUFFICIENT_TRADABLE_ROWS,0
TSLAUSDT-O-20260122T210000Z,TSLAUSDT,TRADITIONAL_EQUITY,O,,,,O:2026-01-22T21:00:00Z:2026-01-23T07:00:00Z,2026-01-22T21:00:00Z,2026-01-23T07:00:00Z,2026-01-22T21:00:00+00:00,2026-01-22T21:00:00+00:00,,,0,0,0,0,0,0.0,600.0,2026-01,DESCRIPTIVE_EXPOSED,LISTING_DAYS_1_14,ORDINARY_WEEKDAY_OVERNIGHT,SKIPPED,INSUFFICIENT_TRADABLE_ROWS,0
TSLAUSDT-O-20260126T210000Z,TSLAUSDT,TRADITIONAL_EQUITY,O,,,,O:2026-01-26T21:00:00Z:2026-01-27T07:00:00Z,2026-01-26T21:00:00Z,2026-01-27T07:00:00Z,2026-01-26T21:00:00+00:00,2026-01-26T21:00:00+00:00,,,0,0,0,0,0,0.0,600.0,2026-01,DESCRIPTIVE_EXPOSED,LISTING_DAYS_1_14,ORDINARY_WEEKDAY_OVERNIGHT,SKIPPED,INSUFFICIENT_TRADABLE_ROWS,0
TSLAUSDT-O-20260127T210000Z,TSLAUSDT,TRADITIONAL_EQUITY,O,,,,O:2026-01-27T21:00:00Z:2026-01-28T07:00:00Z,2026-01-27T21:00:00Z,2026-01-28T07:00:00Z,2026-01-27T21:00:00+00:00,2026-01-27T21:00:00+00:00,,,0,0,0,0,0,0.0,600.0,2026-01,DESCRIPTIVE_EXPOSED,LISTING_DAYS_1_14,ORDINARY_WEEKDAY_OVERNIGHT,SKIPPED,INSUFFICIENT_TRADABLE_ROWS,0
TSLAUSDT-O-20260727T200000Z,TSLAUSDT,TRADITIONAL_EQUITY,O,,,,O:2026-07-27T20:00:00Z:2026-07-28T06:00:00Z,2026-07-27T20:00:00Z,2026-07-28T06:00:00Z,2026-07-27T20:00:00+00:00,2026-07-27T20:00:00+00:00,,,253440,253440,0,0,0,0.0,600.0,2026-07,FORWARD_OOS_FUTURE,LISTING_AFTER_30_DAYS,ORDINARY_WEEKDAY_OVERNIGHT,SKIPPED,INSUFFICIENT_TRADABLE_ROWS,0
TSLAUSDT-O-20260728T200000Z,TSLAUSDT,TRADITIONAL_EQUITY,O,,,,O:2026-07-28T20:00:00Z:2026-07-29T06:00:00Z,2026-07-28T20:00:00Z,2026-07-29T06:00:00Z,2026-07-28T20:00:00+00:00,2026-07-28T20:00:00+00:00,,,253440,253440,0,0,0,0.0,600.0,2026-07,FORWARD_OOS_FUTURE,LISTING_AFTER_30_DAYS,ORDINARY_WEEKDAY_OVERNIGHT,SKIPPED,INSUFFICIENT_TRADABLE_ROWS,0
TSLAUSDT-O-20260729T200000Z,TSLAUSDT,TRADITIONAL_EQUITY,O,,,,O:2026-07-29T20:00:00Z:2026-07-30T06:00:00Z,2026-07-29T20:00:00Z,2026-07-30T06:00:00Z,2026-07-29T20:00:00+00:00,2026-07-29T20:00:00+00:00,,,253440,253440,0,0,0,0.0,600.0,2026-07,FORWARD_OOS_FUTURE,LISTING_AFTER_30_DAYS,ORDINARY_WEEKDAY_OVERNIGHT,SKIPPED,INSUFFICIENT_TRADABLE_ROWS,0
TSLAUSDT-O-20260730T200000Z,TSLAUSDT,TRADITIONAL_EQUITY,O,,,,O:2026-07-30T20:00:00Z:2026-07-31T06:00:00Z,2026-07-30T20:00:00Z,2026-07-31T06:00:00Z,2026-07-30T20:00:00+00:00,2026-07-30T20:00:00+00:00,,,253440,253440,0,0,0,0.0,600.0,2026-07,FORWARD_OOS_FUTURE,LISTING_AFTER_30_DAYS,ORDINARY_WEEKDAY_OVERNIGHT,SKIPPED,INSUFFICIENT_TRADABLE_ROWS,0
TSLAUSDT-O-20260803T200000Z,TSLAUSDT,TRADITIONAL_EQUITY,O,,,,O:2026-08-03T20:00:00Z:2026-08-04T06:00:00Z,2026-08-03T20:00:00Z,2026-08-04T06:00:00Z,2026-08-03T20:00:00+00:00,2026-08-03T20:00:00+00:00,,,253440,253440,0,0,0,0.0,600.0,2026-08,FORWARD_OOS_FUTURE,LISTING_AFTER_30_DAYS,ORDINARY_WEEKDAY_OVERNIGHT,SKIPPED,INSUFFICIENT_TRADABLE_ROWS,0
TSLAUSDT-O-20260804T200000Z,TSLAUSDT,TRADITIONAL_EQUITY,O,,,,O:2026-08-04T20:00:00Z:2026-08-05T06:00:00Z,2026-08-04T20:00:00Z,2026-08-05T06:00:00Z,2026-08-04T20:00:00+00:00,2026-08-04T20:00:00+00:00,,,253440,253440,0,0,0,0.0,600.0,2026-08,FORWARD_OOS_FUTURE,LISTING_AFTER_30_DAYS,ORDINARY_WEEKDAY_OVERNIGHT,SKIPPED,INSUFFICIENT_TRADABLE_ROWS,0
TSLAUSDT-O-20260805T200000Z,TSLAUSDT,TRADITIONAL_EQUITY,O,,,,O:2026-08-05T20:00:00Z:2026-08-06T06:00:00Z,2026-08-05T20:00:00Z,2026-08-06T06:00:00Z,2026-08-05T20:00:00+00:00,2026-08-05T20:00:00+00:00,,,253440,253440,0,0,0,0.0,600.0,2026-08,FORWARD_OOS_FUTURE,LISTING_AFTER_30_DAYS,ORDINARY_WEEKDAY_OVERNIGHT,SKIPPED,INSUFFICIENT_TRADABLE_ROWS,0
AMZNUSDT-R-1769806800000-s3,AMZNUSDT,TRADITIONAL_EQUITY,R,3,,W:2026-01-30T21:00:00Z:2026-02-02T07:00:00Z,,,,,,,,,,0,0,0,0.0,0.0,2026-01,DESCRIPTIVE_EXPOSED,,MATCHED_RANDOM,SKIPPED,W_BLOCK_NOT_ALL_CORE_READY,0
COINUSDT-R-1769806800000-s3,COINUSDT,CRYPTO_SENSITIVE_EQUITY,R,3,,W:2026-01-30T21:00:00Z:2026-02-02T07:00:00Z,,,,,,,,,,0,0,0,0.0,0.0,2026-01,DESCRIPTIVE_EXPOSED,,MATCHED_RANDOM,SKIPPED,W_BLOCK_NOT_ALL_CORE_READY,0
CRCLUSDT-R-1769806800000-s3,CRCLUSDT,CRYPTO_SENSITIVE_EQUITY,R,3,,W:2026-01-30T21:00:00Z:2026-02-02T07:00:00Z,,,,,,,,,,0,0,0,0.0,0.0,2026-01,DESCRIPTIVE_EXPOSED,,MATCHED_RANDOM,SKIPPED,W_BLOCK_NOT_ALL_CORE_READY,0
HOODUSDT-R-1769806800000-s3,HOODUSDT,CRYPTO_SENSITIVE_EQUITY,R,3,,W:2026-01-30T21:00:00Z:2026-02-02T07:00:00Z,,,,,,,,,,0,0,0,0.0,0.0,2026-01,DESCRIPTIVE_EXPOSED,,MATCHED_RANDOM,SKIPPED,W_BLOCK_NOT_ALL_CORE_READY,0
INTCUSDT-R-1769806800000-s3,INTCUSDT,TRADITIONAL_EQUITY,R,3,,W:2026-01-30T21:00:00Z:2026-02-02T07:00:00Z,,,,,,,,,,0,0,0,0.0,0.0,2026-01,DESCRIPTIVE_EXPOSED,,MATCHED_RANDOM,SKIPPED,W_BLOCK_NOT_ALL_CORE_READY,0
MSTRUSDT-R-1769806800000-s3,MSTRUSDT,CRYPTO_SENSITIVE_EQUITY,R,3,,W:2026-01-30T21:00:00Z:2026-02-02T07:00:00Z,,,,,,,,,,0,0,0,0.0,0.0,2026-01,DESCRIPTIVE_EXPOSED,,MATCHED_RANDOM,SKIPPED,W_BLOCK_NOT_ALL_CORE_READY,0
PLTRUSDT-R-1769806800000-s3,PLTRUSDT,TRADITIONAL_EQUITY,R,3,,W:2026-01-30T21:00:00Z:2026-02-02T07:00:00Z,,,,,,,,,,0,0,0,0.0,0.0,2026-01,DESCRIPTIVE_EXPOSED,,MATCHED_RANDOM,SKIPPED,W_BLOCK_NOT_ALL_CORE_READY,0
TSLAUSDT-R-1769806800000-s3,TSLAUSDT,TRADITIONAL_EQUITY,R,3,TSLAUSDT-nyse_20260130T210000Z,W:2026-01-30T21:00:00Z:2026-02-02T07:00:00Z,,,,,,,,,,0,0,0,0.0,0.0,2026-01,DESCRIPTIVE_EXPOSED,LISTING_DAYS_1_14,MATCHED_RANDOM,SKIPPED,W_BLOCK_NOT_ALL_CORE_READY,0
AMZNUSDT-R-1769806800000-s10,AMZNUSDT,TRADITIONAL_EQUITY,R,10,,W:2026-01-30T21:00:00Z:2026-02-02T07:00:00Z,,,,,,,,,,0,0,0,0.0,0.0,2026-01,DESCRIPTIVE_EXPOSED,,MATCHED_RANDOM,SKIPPED,W_BLOCK_NOT_ALL_CORE_READY,0
COINUSDT-R-1769806800000-s10,COINUSDT,CRYPTO_SENSITIVE_EQUITY,R,10,,W:2026-01-30T21:00:00Z:2026-02-02T07:00:00Z,,,,,,,,,,0,0,0,0.0,0.0,2026-01,DESCRIPTIVE_EXPOSED,,MATCHED_RANDOM,SKIPPED,W_BLOCK_NOT_ALL_CORE_READY,0
CRCLUSDT-R-1769806800000-s10,CRCLUSDT,CRYPTO_SENSITIVE_EQUITY,R,10,,W:2026-01-30T21:00:00Z:2026-02-02T07:00:00Z,,,,,,,,,,0,0,0,0.0,0.0,2026-01,DESCRIPTIVE_EXPOSED,,MATCHED_RANDOM,SKIPPED,W_BLOCK_NOT_ALL_CORE_READY,0
HOODUSDT-R-1769806800000-s10,HOODUSDT,CRYPTO_SENSITIVE_EQUITY,R,10,,W:2026-01-30T21:00:00Z:2026-02-02T07:00:00Z,,,,,,,,,,0,0,0,0.0,0.0,2026-01,DESCRIPTIVE_EXPOSED,,MATCHED_RANDOM,SKIPPED,W_BLOCK_NOT_ALL_CORE_READY,0
INTCUSDT-R-1769806800000-s10,INTCUSDT,TRADITIONAL_EQUITY,R,10,,W:2026-01-30T21:00:00Z:2026-02-02T07:00:00Z,,,,,,,,,,0,0,0,0.0,0.0,2026-01,DESCRIPTIVE_EXPOSED,,MATCHED_RANDOM,SKIPPED,W_BLOCK_NOT_ALL_CORE_READY,0
MSTRUSDT-R-1769806800000-s10,MSTRUSDT,CRYPTO_SENSITIVE_EQUITY,R,10,,W:2026-01-30T21:00:00Z:2026-02-02T07:00:00Z,,,,,,,,,,0,0,0,0.0,0.0,2026-01,DESCRIPTIVE_EXPOSED,,MATCHED_RANDOM,SKIPPED,W_BLOCK_NOT_ALL_CORE_READY,0
PLTRUSDT-R-1769806800000-s10,PLTRUSDT,TRADITIONAL_EQUITY,R,10,,W:2026-01-30T21:00:00Z:2026-02-02T07:00:00Z,,,,,,,,,,0,0,0,0.0,0.0,2026-01,DESCRIPTIVE_EXPOSED,,MATCHED_RANDOM,SKIPPED,W_BLOCK_NOT_ALL_CORE_READY,0
TSLAUSDT-R-1769806800000-s10,TSLAUSDT,TRADITIONAL_EQUITY,R,10,TSLAUSDT-nyse_20260130T210000Z,W:2026-01-30T21:00:00Z:2026-02-02T07:00:00Z,,,,,,,,,,0,0,0,0.0,0.0,2026-01,DESCRIPTIVE_EXPOSED,LISTING_DAYS_1_14,MATCHED_RANDOM,SKIPPED,W_BLOCK_NOT_ALL_CORE_READY,0
AMZNUSDT-R-1769806800000-s17,AMZNUSDT,TRADITIONAL_EQUITY,R,17,,W:2026-01-30T21:00:00Z:2026-02-02T07:00:00Z,,,,,,,,,,0,0,0,0.0,0.0,2026-01,DESCRIPTIVE_EXPOSED,,MATCHED_RANDOM,SKIPPED,W_BLOCK_NOT_ALL_CORE_READY,0
COINUSDT-R-1769806800000-s17,COINUSDT,CRYPTO_SENSITIVE_EQUITY,R,17,,W:2026-01-30T21:00:00Z:2026-02-02T07:00:00Z,,,,,,,,,,0,0,0,0.0,0.0,2026-01,DESCRIPTIVE_EXPOSED,,MATCHED_RANDOM,SKIPPED,W_BLOCK_NOT_ALL_CORE_READY,0
CRCLUSDT-R-1769806800000-s17,CRCLUSDT,CRYPTO_SENSITIVE_EQUITY,R,17,,W:2026-01-30T21:00:00Z:2026-02-02T07:00:00Z,,,,,,,,,,0,0,0,0.0,0.0,2026-01,DESCRIPTIVE_EXPOSED,,MATCHED_RANDOM,SKIPPED,W_BLOCK_NOT_ALL_CORE_READY,0
HOODUSDT-R-1769806800000-s17,HOODUSDT,CRYPTO_SENSITIVE_EQUITY,R,17,,W:2026-01-30T21:00:00Z:2026-02-02T07:00:00Z,,,,,,,,,,0,0,0,0.0,0.0,2026-01,DESCRIPTIVE_EXPOSED,,MATCHED_RANDOM,SKIPPED,W_BLOCK_NOT_ALL_CORE_READY,0
INTCUSDT-R-1769806800000-s17,INTCUSDT,TRADITIONAL_EQUITY,R,17,,W:2026-01-30T21:00:00Z:2026-02-02T07:00:00Z,,,,,,,,,,0,0,0,0.0,0.0,2026-01,DESCRIPTIVE_EXPOSED,,MATCHED_RANDOM,SKIPPED,W_BLOCK_NOT_ALL_CORE_READY,0
MSTRUSDT-R-1769806800000-s17,MSTRUSDT,CRYPTO_SENSITIVE_EQUITY,R,17,,W:2026-01-30T21:00:00Z:2026-02-02T07:00:00Z,,,,,,,,,,0,0,0,0.0,0.0,2026-01,DESCRIPTIVE_EXPOSED,,MATCHED_RANDOM,SKIPPED,W_BLOCK_NOT_ALL_CORE_READY,0
PLTRUSDT-R-1769806800000-s17,PLTRUSDT,TRADITIONAL_EQUITY,R,17,,W:2026-01-30T21:00:00Z:2026-02-02T07:00:00Z,,,,,,,,,,0,0,0,0.0,0.0,2026-01,DESCRIPTIVE_EXPOSED,,MATCHED_RANDOM,SKIPPED,W_BLOCK_NOT_ALL_CORE_READY,0
TSLAUSDT-R-1769806800000-s17,TSLAUSDT,TRADITIONAL_EQUITY,R,17,TSLAUSDT-nyse_20260130T210000Z,W:2026-01-30T21:00:00Z:2026-02-02T07:00:00Z,,,,,,,,,,0,0,0,0.0,0.0,2026-01,DESCRIPTIVE_EXPOSED,LISTING_DAYS_1_14,MATCHED_RANDOM,SKIPPED,W_BLOCK_NOT_ALL_CORE_READY,0
AMZNUSDT-R-1769806800000-s31,AMZNUSDT,TRADITIONAL_EQUITY,R,31,,W:2026-01-30T21:00:00Z:2026-02-02T07:00:00Z,,,,,,,,,,0,0,0,0.0,0.0,2026-01,DESCRIPTIVE_EXPOSED,,MATCHED_RANDOM,SKIPPED,W_BLOCK_NOT_ALL_CORE_READY,0
COINUSDT-R-1769806800000-s31,COINUSDT,CRYPTO_SENSITIVE_EQUITY,R,31,,W:2026-01-30T21:00:00Z:2026-02-02T07:00:00Z,,,,,,,,,,0,0,0,0.0,0.0,2026-01,DESCRIPTIVE_EXPOSED,,MATCHED_RANDOM,SKIPPED,W_BLOCK_NOT_ALL_CORE_READY,0
CRCLUSDT-R-1769806800000-s31,CRCLUSDT,CRYPTO_SENSITIVE_EQUITY,R,31,,W:2026-01-30T21:00:00Z:2026-02-02T07:00:00Z,,,,,,,,,,0,0,0,0.0,0.0,2026-01,DESCRIPTIVE_EXPOSED,,MATCHED_RANDOM,SKIPPED,W_BLOCK_NOT_ALL_CORE_READY,0
HOODUSDT-R-1769806800000-s31,HOODUSDT,CRYPTO_SENSITIVE_EQUITY,R,31,,W:2026-01-30T21:00:00Z:2026-02-02T07:00:00Z,,,,,,,,,,0,0,0,0.0,0.0,2026-01,DESCRIPTIVE_EXPOSED,,MATCHED_RANDOM,SKIPPED,W_BLOCK_NOT_ALL_CORE_READY,0
INTCUSDT-R-1769806800000-s31,INTCUSDT,TRADITIONAL_EQUITY,R,31,,W:2026-01-30T21:00:00Z:2026-02-02T07:00:00Z,,,,,,,,,,0,0,0,0.0,0.0,2026-01,DESCRIPTIVE_EXPOSED,,MATCHED_RANDOM,SKIPPED,W_BLOCK_NOT_ALL_CORE_READY,0
MSTRUSDT-R-1769806800000-s31,MSTRUSDT,CRYPTO_SENSITIVE_EQUITY,R,31,,W:2026-01-30T21:00:00Z:2026-02-02T07:00:00Z,,,,,,,,,,0,0,0,0.0,0.0,2026-01,DESCRIPTIVE_EXPOSED,,MATCHED_RANDOM,SKIPPED,W_BLOCK_NOT_ALL_CORE_READY,0
PLTRUSDT-R-1769806800000-s31,PLTRUSDT,TRADITIONAL_EQUITY,R,31,,W:2026-01-30T21:00:00Z:2026-02-02T07:00:00Z,,,,,,,,,,0,0,0,0.0,0.0,2026-01,DESCRIPTIVE_EXPOSED,,MATCHED_RANDOM,SKIPPED,W_BLOCK_NOT_ALL_CORE_READY,0
TSLAUSDT-R-1769806800000-s31,TSLAUSDT,TRADITIONAL_EQUITY,R,31,TSLAUSDT-nyse_20260130T210000Z,W:2026-01-30T21:00:00Z:2026-02-02T07:00:00Z,,,,,,,,,,0,0,0,0.0,0.0,2026-01,DESCRIPTIVE_EXPOSED,LISTING_DAYS_1_14,MATCHED_RANDOM,SKIPPED,W_BLOCK_NOT_ALL_CORE_READY,0
AMZNUSDT-R-1769806800000-s59,AMZNUSDT,TRADITIONAL_EQUITY,R,59,,W:2026-01-30T21:00:00Z:2026-02-02T07:00:00Z,,,,,,,,,,0,0,0,0.0,0.0,2026-01,DESCRIPTIVE_EXPOSED,,MATCHED_RANDOM,SKIPPED,W_BLOCK_NOT_ALL_CORE_READY,0
COINUSDT-R-1769806800000-s59,COINUSDT,CRYPTO_SENSITIVE_EQUITY,R,59,,W:2026-01-30T21:00:00Z:2026-02-02T07:00:00Z,,,,,,,,,,0,0,0,0.0,0.0,2026-01,DESCRIPTIVE_EXPOSED,,MATCHED_RANDOM,SKIPPED,W_BLOCK_NOT_ALL_CORE_READY,0
CRCLUSDT-R-1769806800000-s59,CRCLUSDT,CRYPTO_SENSITIVE_EQUITY,R,59,,W:2026-01-30T21:00:00Z:2026-02-02T07:00:00Z,,,,,,,,,,0,0,0,0.0,0.0,2026-01,DESCRIPTIVE_EXPOSED,,MATCHED_RANDOM,SKIPPED,W_BLOCK_NOT_ALL_CORE_READY,0
HOODUSDT-R-1769806800000-s59,HOODUSDT,CRYPTO_SENSITIVE_EQUITY,R,59,,W:2026-01-30T21:00:00Z:2026-02-02T07:00:00Z,,,,,,,,,,0,0,0,0.0,0.0,2026-01,DESCRIPTIVE_EXPOSED,,MATCHED_RANDOM,SKIPPED,W_BLOCK_NOT_ALL_CORE_READY,0
INTCUSDT-R-1769806800000-s59,INTCUSDT,TRADITIONAL_EQUITY,R,59,,W:2026-01-30T21:00:00Z:2026-02-02T07:00:00Z,,,,,,,,,,0,0,0,0.0,0.0,2026-01,DESCRIPTIVE_EXPOSED,,MATCHED_RANDOM,SKIPPED,W_BLOCK_NOT_ALL_CORE_READY,0
MSTRUSDT-R-1769806800000-s59,MSTRUSDT,CRYPTO_SENSITIVE_EQUITY,R,59,,W:2026-01-30T21:00:00Z:2026-02-02T07:00:00Z,,,,,,,,,,0,0,0,0.0,0.0,2026-01,DESCRIPTIVE_EXPOSED,,MATCHED_RANDOM,SKIPPED,W_BLOCK_NOT_ALL_CORE_READY,0
PLTRUSDT-R-1769806800000-s59,PLTRUSDT,TRADITIONAL_EQUITY,R,59,,W:2026-01-30T21:00:00Z:2026-02-02T07:00:00Z,,,,,,,,,,0,0,0,0.0,0.0,2026-01,DESCRIPTIVE_EXPOSED,,MATCHED_RANDOM,SKIPPED,W_BLOCK_NOT_ALL_CORE_READY,0
TSLAUSDT-R-1769806800000-s59,TSLAUSDT,TRADITIONAL_EQUITY,R,59,TSLAUSDT-nyse_20260130T210000Z,W:2026-01-30T21:00:00Z:2026-02-02T07:00:00Z,,,,,,,,,,0,0,0,0.0,0.0,2026-01,DESCRIPTIVE_EXPOSED,LISTING_DAYS_1_14,MATCHED_RANDOM,SKIPPED,W_BLOCK_NOT_ALL_CORE_READY,0
AMZNUSDT-R-1769806800000-s97,AMZNUSDT,TRADITIONAL_EQUITY,R,97,,W:2026-01-30T21:00:00Z:2026-02-02T07:00:00Z,,,,,,,,,,0,0,0,0.0,0.0,2026-01,DESCRIPTIVE_EXPOSED,,MATCHED_RANDOM,SKIPPED,W_BLOCK_NOT_ALL_CORE_READY,0
COINUSDT-R-1769806800000-s97,COINUSDT,CRYPTO_SENSITIVE_EQUITY,R,97,,W:2026-01-30T21:00:00Z:2026-02-02T07:00:00Z,,,,,,,,,,0,0,0,0.0,0.0,2026-01,DESCRIPTIVE_EXPOSED,,MATCHED_RANDOM,SKIPPED,W_BLOCK_NOT_ALL_CORE_READY,0
CRCLUSDT-R-1769806800000-s97,CRCLUSDT,CRYPTO_SENSITIVE_EQUITY,R,97,,W:2026-01-30T21:00:00Z:2026-02-02T07:00:00Z,,,,,,,,,,0,0,0,0.0,0.0,2026-01,DESCRIPTIVE_EXPOSED,,MATCHED_RANDOM,SKIPPED,W_BLOCK_NOT_ALL_CORE_READY,0
HOODUSDT-R-1769806800000-s97,HOODUSDT,CRYPTO_SENSITIVE_EQUITY,R,97,,W:2026-01-30T21:00:00Z:2026-02-02T07:00:00Z,,,,,,,,,,0,0,0,0.0,0.0,2026-01,DESCRIPTIVE_EXPOSED,,MATCHED_RANDOM,SKIPPED,W_BLOCK_NOT_ALL_CORE_READY,0
INTCUSDT-R-1769806800000-s97,INTCUSDT,TRADITIONAL_EQUITY,R,97,,W:2026-01-30T21:00:00Z:2026-02-02T07:00:00Z,,,,,,,,,,0,0,0,0.0,0.0,2026-01,DESCRIPTIVE_EXPOSED,,MATCHED_RANDOM,SKIPPED,W_BLOCK_NOT_ALL_CORE_READY,0
MSTRUSDT-R-1769806800000-s97,MSTRUSDT,CRYPTO_SENSITIVE_EQUITY,R,97,,W:2026-01-30T21:00:00Z:2026-02-02T07:00:00Z,,,,,,,,,,0,0,0,0.0,0.0,2026-01,DESCRIPTIVE_EXPOSED,,MATCHED_RANDOM,SKIPPED,W_BLOCK_NOT_ALL_CORE_READY,0
PLTRUSDT-R-1769806800000-s97,PLTRUSDT,TRADITIONAL_EQUITY,R,97,,W:2026-01-30T21:00:00Z:2026-02-02T07:00:00Z,,,,,,,,,,0,0,0,0.0,0.0,2026-01,DESCRIPTIVE_EXPOSED,,MATCHED_RANDOM,SKIPPED,W_BLOCK_NOT_ALL_CORE_READY,0
TSLAUSDT-R-1769806800000-s97,TSLAUSDT,TRADITIONAL_EQUITY,R,97,TSLAUSDT-nyse_20260130T210000Z,W:2026-01-30T21:00:00Z:2026-02-02T07:00:00Z,,,,,,,,,,0,0,0,0.0,0.0,2026-01,DESCRIPTIVE_EXPOSED,LISTING_DAYS_1_14,MATCHED_RANDOM,SKIPPED,W_BLOCK_NOT_ALL_CORE_READY,0
AMZNUSDT-R-1770411600000-s3,AMZNUSDT,TRADITIONAL_EQUITY,R,3,,W:2026-02-06T21:00:00Z:2026-02-09T07:00:00Z,,,,,,,,,,0,0,0,0.0,0.0,2026-02,DESCRIPTIVE_EXPOSED,,MATCHED_RANDOM,SKIPPED,W_BLOCK_NOT_ALL_CORE_READY,0
COINUSDT-R-1770411600000-s3,COINUSDT,CRYPTO_SENSITIVE_EQUITY,R,3,,W:2026-02-06T21:00:00Z:2026-02-09T07:00:00Z,,,,,,,,,,0,0,0,0.0,0.0,2026-02,DESCRIPTIVE_EXPOSED,,MATCHED_RANDOM,SKIPPED,W_BLOCK_NOT_ALL_CORE_READY,0
CRCLUSDT-R-1770411600000-s3,CRCLUSDT,CRYPTO_SENSITIVE_EQUITY,R,3,,W:2026-02-06T21:00:00Z:2026-02-09T07:00:00Z,,,,,,,,,,0,0,0,0.0,0.0,2026-02,DESCRIPTIVE_EXPOSED,,MATCHED_RANDOM,SKIPPED,W_BLOCK_NOT_ALL_CORE_READY,0
HOODUSDT-R-1770411600000-s3,HOODUSDT,CRYPTO_SENSITIVE_EQUITY,R,3,HOODUSDT-nyse_20260206T210000Z,W:2026-02-06T21:00:00Z:2026-02-09T07:00:00Z,,,,,,,,,,0,0,0,0.0,0.0,2026-02,DESCRIPTIVE_EXPOSED,LISTING_DAYS_1_14,MATCHED_RANDOM,SKIPPED,W_BLOCK_NOT_ALL_CORE_READY,0
INTCUSDT-R-1770411600000-s3,INTCUSDT,TRADITIONAL_EQUITY,R,3,INTCUSDT-nyse_20260206T210000Z,W:2026-02-06T21:00:00Z:2026-02-09T07:00:00Z,,,,,,,,,,0,0,0,0.0,0.0,2026-02,DESCRIPTIVE_EXPOSED,LISTING_DAYS_1_14,MATCHED_RANDOM,SKIPPED,W_BLOCK_NOT_ALL_CORE_READY,0
MSTRUSDT-R-1770411600000-s3,MSTRUSDT,CRYPTO_SENSITIVE_EQUITY,R,3,,W:2026-02-06T21:00:00Z:2026-02-09T07:00:00Z,,,,,,,,,,0,0,0,0.0,0.0,2026-02,DESCRIPTIVE_EXPOSED,,MATCHED_RANDOM,SKIPPED,W_BLOCK_NOT_ALL_CORE_READY,0
PLTRUSDT-R-1770411600000-s3,PLTRUSDT,TRADITIONAL_EQUITY,R,3,,W:2026-02-06T21:00:00Z:2026-02-09T07:00:00Z,,,,,,,,,,0,0,0,0.0,0.0,2026-02,DESCRIPTIVE_EXPOSED,,MATCHED_RANDOM,SKIPPED,W_BLOCK_NOT_ALL_CORE_READY,0
TSLAUSDT-R-1770411600000-s3,TSLAUSDT,TRADITIONAL_EQUITY,R,3,TSLAUSDT-nyse_20260206T210000Z,W:2026-02-06T21:00:00Z:2026-02-09T07:00:00Z,,,,,,,,,,0,0,0,0.0,0.0,2026-02,DESCRIPTIVE_EXPOSED,LISTING_DAYS_1_14,MATCHED_RANDOM,SKIPPED,W_BLOCK_NOT_ALL_CORE_READY,0
AMZNUSDT-R-1770411600000-s10,AMZNUSDT,TRADITIONAL_EQUITY,R,10,,W:2026-02-06T21:00:00Z:2026-02-09T07:00:00Z,,,,,,,,,,0,0,0,0.0,0.0,2026-02,DESCRIPTIVE_EXPOSED,,MATCHED_RANDOM,SKIPPED,W_BLOCK_NOT_ALL_CORE_READY,0
COINUSDT-R-1770411600000-s10,COINUSDT,CRYPTO_SENSITIVE_EQUITY,R,10,,W:2026-02-06T21:00:00Z:2026-02-09T07:00:00Z,,,,,,,,,,0,0,0,0.0,0.0,2026-02,DESCRIPTIVE_EXPOSED,,MATCHED_RANDOM,SKIPPED,W_BLOCK_NOT_ALL_CORE_READY,0
CRCLUSDT-R-1770411600000-s10,CRCLUSDT,CRYPTO_SENSITIVE_EQUITY,R,10,,W:2026-02-06T21:00:00Z:2026-02-09T07:00:00Z,,,,,,,,,,0,0,0,0.0,0.0,2026-02,DESCRIPTIVE_EXPOSED,,MATCHED_RANDOM,SKIPPED,W_BLOCK_NOT_ALL_CORE_READY,0
HOODUSDT-R-1770411600000-s10,HOODUSDT,CRYPTO_SENSITIVE_EQUITY,R,10,HOODUSDT-nyse_20260206T210000Z,W:2026-02-06T21:00:00Z:2026-02-09T07:00:00Z,,,,,,,,,,0,0,0,0.0,0.0,2026-02,DESCRIPTIVE_EXPOSED,LISTING_DAYS_1_14,MATCHED_RANDOM,SKIPPED,W_BLOCK_NOT_ALL_CORE_READY,0
INTCUSDT-R-1770411600000-s10,INTCUSDT,TRADITIONAL_EQUITY,R,10,INTCUSDT-nyse_20260206T210000Z,W:2026-02-06T21:00:00Z:2026-02-09T07:00:00Z,,,,,,,,,,0,0,0,0.0,0.0,2026-02,DESCRIPTIVE_EXPOSED,LISTING_DAYS_1_14,MATCHED_RANDOM,SKIPPED,W_BLOCK_NOT_ALL_CORE_READY,0
MSTRUSDT-R-1770411600000-s10,MSTRUSDT,CRYPTO_SENSITIVE_EQUITY,R,10,,W:2026-02-06T21:00:00Z:2026-02-09T07:00:00Z,,,,,,,,,,0,0,0,0.0,0.0,2026-02,DESCRIPTIVE_EXPOSED,,MATCHED_RANDOM,SKIPPED,W_BLOCK_NOT_ALL_CORE_READY,0
PLTRUSDT-R-1770411600000-s10,PLTRUSDT,TRADITIONAL_EQUITY,R,10,,W:2026-02-06T21:00:00Z:2026-02-09T07:00:00Z,,,,,,,,,,0,0,0,0.0,0.0,2026-02,DESCRIPTIVE_EXPOSED,,MATCHED_RANDOM,SKIPPED,W_BLOCK_NOT_ALL_CORE_READY,0
TSLAUSDT-R-1770411600000-s10,TSLAUSDT,TRADITIONAL_EQUITY,R,10,TSLAUSDT-nyse_20260206T210000Z,W:2026-02-06T21:00:00Z:2026-02-09T07:00:00Z,,,,,,,,,,0,0,0,0.0,0.0,2026-02,DESCRIPTIVE_EXPOSED,LISTING_DAYS_1_14,MATCHED_RANDOM,SKIPPED,W_BLOCK_NOT_ALL_CORE_READY,0
AMZNUSDT-R-1770411600000-s17,AMZNUSDT,TRADITIONAL_EQUITY,R,17,,W:2026-02-06T21:00:00Z:2026-02-09T07:00:00Z,,,,,,,,,,0,0,0,0.0,0.0,2026-02,DESCRIPTIVE_EXPOSED,,MATCHED_RANDOM,SKIPPED,W_BLOCK_NOT_ALL_CORE_READY,0
COINUSDT-R-1770411600000-s17,COINUSDT,CRYPTO_SENSITIVE_EQUITY,R,17,,W:2026-02-06T21:00:00Z:2026-02-09T07:00:00Z,,,,,,,,,,0,0,0,0.0,0.0,2026-02,DESCRIPTIVE_EXPOSED,,MATCHED_RANDOM,SKIPPED,W_BLOCK_NOT_ALL_CORE_READY,0
CRCLUSDT-R-1770411600000-s17,CRCLUSDT,CRYPTO_SENSITIVE_EQUITY,R,17,,W:2026-02-06T21:00:00Z:2026-02-09T07:00:00Z,,,,,,,,,,0,0,0,0.0,0.0,2026-02,DESCRIPTIVE_EXPOSED,,MATCHED_RANDOM,SKIPPED,W_BLOCK_NOT_ALL_CORE_READY,0
HOODUSDT-R-1770411600000-s17,HOODUSDT,CRYPTO_SENSITIVE_EQUITY,R,17,HOODUSDT-nyse_20260206T210000Z,W:2026-02-06T21:00:00Z:2026-02-09T07:00:00Z,,,,,,,,,,0,0,0,0.0,0.0,2026-02,DESCRIPTIVE_EXPOSED,LISTING_DAYS_1_14,MATCHED_RANDOM,SKIPPED,W_BLOCK_NOT_ALL_CORE_READY,0
INTCUSDT-R-1770411600000-s17,INTCUSDT,TRADITIONAL_EQUITY,R,17,INTCUSDT-nyse_20260206T210000Z,W:2026-02-06T21:00:00Z:2026-02-09T07:00:00Z,,,,,,,,,,0,0,0,0.0,0.0,2026-02,DESCRIPTIVE_EXPOSED,LISTING_DAYS_1_14,MATCHED_RANDOM,SKIPPED,W_BLOCK_NOT_ALL_CORE_READY,0
MSTRUSDT-R-1770411600000-s17,MSTRUSDT,CRYPTO_SENSITIVE_EQUITY,R,17,,W:2026-02-06T21:00:00Z:2026-02-09T07:00:00Z,,,,,,,,,,0,0,0,0.0,0.0,2026-02,DESCRIPTIVE_EXPOSED,,MATCHED_RANDOM,SKIPPED,W_BLOCK_NOT_ALL_CORE_READY,0
PLTRUSDT-R-1770411600000-s17,PLTRUSDT,TRADITIONAL_EQUITY,R,17,,W:2026-02-06T21:00:00Z:2026-02-09T07:00:00Z,,,,,,,,,,0,0,0,0.0,0.0,2026-02,DESCRIPTIVE_EXPOSED,,MATCHED_RANDOM,SKIPPED,W_BLOCK_NOT_ALL_CORE_READY,0
TSLAUSDT-R-1770411600000-s17,TSLAUSDT,TRADITIONAL_EQUITY,R,17,TSLAUSDT-nyse_20260206T210000Z,W:2026-02-06T21:00:00Z:2026-02-09T07:00:00Z,,,,,,,,,,0,0,0,0.0,0.0,2026-02,DESCRIPTIVE_EXPOSED,LISTING_DAYS_1_14,MATCHED_RANDOM,SKIPPED,W_BLOCK_NOT_ALL_CORE_READY,0
AMZNUSDT-R-1770411600000-s31,AMZNUSDT,TRADITIONAL_EQUITY,R,31,,W:2026-02-06T21:00:00Z:2026-02-09T07:00:00Z,,,,,,,,,,0,0,0,0.0,0.0,2026-02,DESCRIPTIVE_EXPOSED,,MATCHED_RANDOM,SKIPPED,W_BLOCK_NOT_ALL_CORE_READY,0
COINUSDT-R-1770411600000-s31,COINUSDT,CRYPTO_SENSITIVE_EQUITY,R,31,,W:2026-02-06T21:00:00Z:2026-02-09T07:00:00Z,,,,,,,,,,0,0,0,0.0,0.0,2026-02,DESCRIPTIVE_EXPOSED,,MATCHED_RANDOM,SKIPPED,W_BLOCK_NOT_ALL_CORE_READY,0
CRCLUSDT-R-1770411600000-s31,CRCLUSDT,CRYPTO_SENSITIVE_EQUITY,R,31,,W:2026-02-06T21:00:00Z:2026-02-09T07:00:00Z,,,,,,,,,,0,0,0,0.0,0.0,2026-02,DESCRIPTIVE_EXPOSED,,MATCHED_RANDOM,SKIPPED,W_BLOCK_NOT_ALL_CORE_READY,0
HOODUSDT-R-1770411600000-s31,HOODUSDT,CRYPTO_SENSITIVE_EQUITY,R,31,HOODUSDT-nyse_20260206T210000Z,W:2026-02-06T21:00:00Z:2026-02-09T07:00:00Z,,,,,,,,,,0,0,0,0.0,0.0,2026-02,DESCRIPTIVE_EXPOSED,LISTING_DAYS_1_14,MATCHED_RANDOM,SKIPPED,W_BLOCK_NOT_ALL_CORE_READY,0
INTCUSDT-R-1770411600000-s31,INTCUSDT,TRADITIONAL_EQUITY,R,31,INTCUSDT-nyse_20260206T210000Z,W:2026-02-06T21:00:00Z:2026-02-09T07:00:00Z,,,,,,,,,,0,0,0,0.0,0.0,2026-02,DESCRIPTIVE_EXPOSED,LISTING_DAYS_1_14,MATCHED_RANDOM,SKIPPED,W_BLOCK_NOT_ALL_CORE_READY,0
MSTRUSDT-R-1770411600000-s31,MSTRUSDT,CRYPTO_SENSITIVE_EQUITY,R,31,,W:2026-02-06T21:00:00Z:2026-02-09T07:00:00Z,,,,,,,,,,0,0,0,0.0,0.0,2026-02,DESCRIPTIVE_EXPOSED,,MATCHED_RANDOM,SKIPPED,W_BLOCK_NOT_ALL_CORE_READY,0
PLTRUSDT-R-1770411600000-s31,PLTRUSDT,TRADITIONAL_EQUITY,R,31,,W:2026-02-06T21:00:00Z:2026-02-09T07:00:00Z,,,,,,,,,,0,0,0,0.0,0.0,2026-02,DESCRIPTIVE_EXPOSED,,MATCHED_RANDOM,SKIPPED,W_BLOCK_NOT_ALL_CORE_READY,0
TSLAUSDT-R-1770411600000-s31,TSLAUSDT,TRADITIONAL_EQUITY,R,31,TSLAUSDT-nyse_20260206T210000Z,W:2026-02-06T21:00:00Z:2026-02-09T07:00:00Z,,,,,,,,,,0,0,0,0.0,0.0,2026-02,DESCRIPTIVE_EXPOSED,LISTING_DAYS_1_14,MATCHED_RANDOM,SKIPPED,W_BLOCK_NOT_ALL_CORE_READY,0
AMZNUSDT-R-1770411600000-s59,AMZNUSDT,TRADITIONAL_EQUITY,R,59,,W:2026-02-06T21:00:00Z:2026-02-09T07:00:00Z,,,,,,,,,,0,0,0,0.0,0.0,2026-02,DESCRIPTIVE_EXPOSED,,MATCHED_RANDOM,SKIPPED,W_BLOCK_NOT_ALL_CORE_READY,0
COINUSDT-R-1770411600000-s59,COINUSDT,CRYPTO_SENSITIVE_EQUITY,R,59,,W:2026-02-06T21:00:00Z:2026-02-09T07:00:00Z,,,,,,,,,,0,0,0,0.0,0.0,2026-02,DESCRIPTIVE_EXPOSED,,MATCHED_RANDOM,SKIPPED,W_BLOCK_NOT_ALL_CORE_READY,0
CRCLUSDT-R-1770411600000-s59,CRCLUSDT,CRYPTO_SENSITIVE_EQUITY,R,59,,W:2026-02-06T21:00:00Z:2026-02-09T07:00:00Z,,,,,,,,,,0,0,0,0.0,0.0,2026-02,DESCRIPTIVE_EXPOSED,,MATCHED_RANDOM,SKIPPED,W_BLOCK_NOT_ALL_CORE_READY,0
HOODUSDT-R-1770411600000-s59,HOODUSDT,CRYPTO_SENSITIVE_EQUITY,R,59,HOODUSDT-nyse_20260206T210000Z,W:2026-02-06T21:00:00Z:2026-02-09T07:00:00Z,,,,,,,,,,0,0,0,0.0,0.0,2026-02,DESCRIPTIVE_EXPOSED,LISTING_DAYS_1_14,MATCHED_RANDOM,SKIPPED,W_BLOCK_NOT_ALL_CORE_READY,0
INTCUSDT-R-1770411600000-s59,INTCUSDT,TRADITIONAL_EQUITY,R,59,INTCUSDT-nyse_20260206T210000Z,W:2026-02-06T21:00:00Z:2026-02-09T07:00:00Z,,,,,,,,,,0,0,0,0.0,0.0,2026-02,DESCRIPTIVE_EXPOSED,LISTING_DAYS_1_14,MATCHED_RANDOM,SKIPPED,W_BLOCK_NOT_ALL_CORE_READY,0
MSTRUSDT-R-1770411600000-s59,MSTRUSDT,CRYPTO_SENSITIVE_EQUITY,R,59,,W:2026-02-06T21:00:00Z:2026-02-09T07:00:00Z,,,,,,,,,,0,0,0,0.0,0.0,2026-02,DESCRIPTIVE_EXPOSED,,MATCHED_RANDOM,SKIPPED,W_BLOCK_NOT_ALL_CORE_READY,0
PLTRUSDT-R-1770411600000-s59,PLTRUSDT,TRADITIONAL_EQUITY,R,59,,W:2026-02-06T21:00:00Z:2026-02-09T07:00:00Z,,,,,,,,,,0,0,0,0.0,0.0,2026-02,DESCRIPTIVE_EXPOSED,,MATCHED_RANDOM,SKIPPED,W_BLOCK_NOT_ALL_CORE_READY,0
TSLAUSDT-R-1770411600000-s59,TSLAUSDT,TRADITIONAL_EQUITY,R,59,TSLAUSDT-nyse_20260206T210000Z,W:2026-02-06T21:00:00Z:2026-02-09T07:00:00Z,,,,,,,,,,0,0,0,0.0,0.0,2026-02,DESCRIPTIVE_EXPOSED,LISTING_DAYS_1_14,MATCHED_RANDOM,SKIPPED,W_BLOCK_NOT_ALL_CORE_READY,0
AMZNUSDT-R-1770411600000-s97,AMZNUSDT,TRADITIONAL_EQUITY,R,97,,W:2026-02-06T21:00:00Z:2026-02-09T07:00:00Z,,,,,,,,,,0,0,0,0.0,0.0,2026-02,DESCRIPTIVE_EXPOSED,,MATCHED_RANDOM,SKIPPED,W_BLOCK_NOT_ALL_CORE_READY,0
COINUSDT-R-1770411600000-s97,COINUSDT,CRYPTO_SENSITIVE_EQUITY,R,97,,W:2026-02-06T21:00:00Z:2026-02-09T07:00:00Z,,,,,,,,,,0,0,0,0.0,0.0,2026-02,DESCRIPTIVE_EXPOSED,,MATCHED_RANDOM,SKIPPED,W_BLOCK_NOT_ALL_CORE_READY,0
CRCLUSDT-R-1770411600000-s97,CRCLUSDT,CRYPTO_SENSITIVE_EQUITY,R,97,,W:2026-02-06T21:00:00Z:2026-02-09T07:00:00Z,,,,,,,,,,0,0,0,0.0,0.0,2026-02,DESCRIPTIVE_EXPOSED,,MATCHED_RANDOM,SKIPPED,W_BLOCK_NOT_ALL_CORE_READY,0
HOODUSDT-R-1770411600000-s97,HOODUSDT,CRYPTO_SENSITIVE_EQUITY,R,97,HOODUSDT-nyse_20260206T210000Z,W:2026-02-06T21:00:00Z:2026-02-09T07:00:00Z,,,,,,,,,,0,0,0,0.0,0.0,2026-02,DESCRIPTIVE_EXPOSED,LISTING_DAYS_1_14,MATCHED_RANDOM,SKIPPED,W_BLOCK_NOT_ALL_CORE_READY,0
INTCUSDT-R-1770411600000-s97,INTCUSDT,TRADITIONAL_EQUITY,R,97,INTCUSDT-nyse_20260206T210000Z,W:2026-02-06T21:00:00Z:2026-02-09T07:00:00Z,,,,,,,,,,0,0,0,0.0,0.0,2026-02,DESCRIPTIVE_EXPOSED,LISTING_DAYS_1_14,MATCHED_RANDOM,SKIPPED,W_BLOCK_NOT_ALL_CORE_READY,0
MSTRUSDT-R-1770411600000-s97,MSTRUSDT,CRYPTO_SENSITIVE_EQUITY,R,97,,W:2026-02-06T21:00:00Z:2026-02-09T07:00:00Z,,,,,,,,,,0,0,0,0.0,0.0,2026-02,DESCRIPTIVE_EXPOSED,,MATCHED_RANDOM,SKIPPED,W_BLOCK_NOT_ALL_CORE_READY,0
PLTRUSDT-R-1770411600000-s97,PLTRUSDT,TRADITIONAL_EQUITY,R,97,,W:2026-02-06T21:00:00Z:2026-02-09T07:00:00Z,,,,,,,,,,0,0,0,0.0,0.0,2026-02,DESCRIPTIVE_EXPOSED,,MATCHED_RANDOM,SKIPPED,W_BLOCK_NOT_ALL_CORE_READY,0
TSLAUSDT-R-1770411600000-s97,TSLAUSDT,TRADITIONAL_EQUITY,R,97,TSLAUSDT-nyse_20260206T210000Z,W:2026-02-06T21:00:00Z:2026-02-09T07:00:00Z,,,,,,,,,,0,0,0,0.0,0.0,2026-02,DESCRIPTIVE_EXPOSED,LISTING_DAYS_1_14,MATCHED_RANDOM,SKIPPED,W_BLOCK_NOT_ALL_CORE_READY,0
AMZNUSDT-R-1771016400000-s3,AMZNUSDT,TRADITIONAL_EQUITY,R,3,AMZNUSDT-nyse_20260213T210000Z,W:2026-02-13T21:00:00Z:2026-02-17T07:00:00Z,,,,,,,,,,0,0,0,0.0,0.0,2026-02,DESCRIPTIVE_EXPOSED,LISTING_DAYS_1_14,MATCHED_RANDOM,SKIPPED,NO_MATCHED_RANDOM_BLOCK,0
COINUSDT-R-1771016400000-s3,COINUSDT,CRYPTO_SENSITIVE_EQUITY,R,3,COINUSDT-nyse_20260213T210000Z,W:2026-02-13T21:00:00Z:2026-02-17T07:00:00Z,,,,,,,,,,0,0,0,0.0,0.0,2026-02,DESCRIPTIVE_EXPOSED,LISTING_DAYS_1_14,MATCHED_RANDOM,SKIPPED,NO_MATCHED_RANDOM_BLOCK,0
CRCLUSDT-R-1771016400000-s3,CRCLUSDT,CRYPTO_SENSITIVE_EQUITY,R,3,CRCLUSDT-nyse_20260213T210000Z,W:2026-02-13T21:00:00Z:2026-02-17T07:00:00Z,,,,,,,,,,0,0,0,0.0,0.0,2026-02,DESCRIPTIVE_EXPOSED,LISTING_DAYS_1_14,MATCHED_RANDOM,SKIPPED,NO_MATCHED_RANDOM_BLOCK,0
HOODUSDT-R-1771016400000-s3,HOODUSDT,CRYPTO_SENSITIVE_EQUITY,R,3,HOODUSDT-nyse_20260213T210000Z,W:2026-02-13T21:00:00Z:2026-02-17T07:00:00Z,,,,,,,,,,0,0,0,0.0,0.0,2026-02,DESCRIPTIVE_EXPOSED,LISTING_DAYS_1_14,MATCHED_RANDOM,SKIPPED,NO_MATCHED_RANDOM_BLOCK,0
INTCUSDT-R-1771016400000-s3,INTCUSDT,TRADITIONAL_EQUITY,R,3,INTCUSDT-nyse_20260213T210000Z,W:2026-02-13T21:00:00Z:2026-02-17T07:00:00Z,,,,,,,,,,0,0,0,0.0,0.0,2026-02,DESCRIPTIVE_EXPOSED,LISTING_DAYS_1_14,MATCHED_RANDOM,SKIPPED,NO_MATCHED_RANDOM_BLOCK,0
MSTRUSDT-R-1771016400000-s3,MSTRUSDT,CRYPTO_SENSITIVE_EQUITY,R,3,MSTRUSDT-nyse_20260213T210000Z,W:2026-02-13T21:00:00Z:2026-02-17T07:00:00Z,,,,,,,,,,0,0,0,0.0,0.0,2026-02,DESCRIPTIVE_EXPOSED,LISTING_DAYS_1_14,MATCHED_RANDOM,SKIPPED,NO_MATCHED_RANDOM_BLOCK,0
PLTRUSDT-R-1771016400000-s3,PLTRUSDT,TRADITIONAL_EQUITY,R,3,PLTRUSDT-nyse_20260213T210000Z,W:2026-02-13T21:00:00Z:2026-02-17T07:00:00Z,,,,,,,,,,0,0,0,0.0,0.0,2026-02,DESCRIPTIVE_EXPOSED,LISTING_DAYS_1_14,MATCHED_RANDOM,SKIPPED,NO_MATCHED_RANDOM_BLOCK,0
TSLAUSDT-R-1771016400000-s3,TSLAUSDT,TRADITIONAL_EQUITY,R,3,TSLAUSDT-nyse_20260213T210000Z,W:2026-02-13T21:00:00Z:2026-02-17T07:00:00Z,,,,,,,,,,0,0,0,0.0,0.0,2026-02,DESCRIPTIVE_EXPOSED,LISTING_DAYS_15_30,MATCHED_RANDOM,SKIPPED,NO_MATCHED_RANDOM_BLOCK,0
AMZNUSDT-R-1771016400000-s10,AMZNUSDT,TRADITIONAL_EQUITY,R,10,AMZNUSDT-nyse_20260213T210000Z,W:2026-02-13T21:00:00Z:2026-02-17T07:00:00Z,,,,,,,,,,0,0,0,0.0,0.0,2026-02,DESCRIPTIVE_EXPOSED,LISTING_DAYS_1_14,MATCHED_RANDOM,SKIPPED,NO_MATCHED_RANDOM_BLOCK,0
COINUSDT-R-1771016400000-s10,COINUSDT,CRYPTO_SENSITIVE_EQUITY,R,10,COINUSDT-nyse_20260213T210000Z,W:2026-02-13T21:00:00Z:2026-02-17T07:00:00Z,,,,,,,,,,0,0,0,0.0,0.0,2026-02,DESCRIPTIVE_EXPOSED,LISTING_DAYS_1_14,MATCHED_RANDOM,SKIPPED,NO_MATCHED_RANDOM_BLOCK,0
CRCLUSDT-R-1771016400000-s10,CRCLUSDT,CRYPTO_SENSITIVE_EQUITY,R,10,CRCLUSDT-nyse_20260213T210000Z,W:2026-02-13T21:00:00Z:2026-02-17T07:00:00Z,,,,,,,,,,0,0,0,0.0,0.0,2026-02,DESCRIPTIVE_EXPOSED,LISTING_DAYS_1_14,MATCHED_RANDOM,SKIPPED,NO_MATCHED_RANDOM_BLOCK,0
HOODUSDT-R-1771016400000-s10,HOODUSDT,CRYPTO_SENSITIVE_EQUITY,R,10,HOODUSDT-nyse_20260213T210000Z,W:2026-02-13T21:00:00Z:2026-02-17T07:00:00Z,,,,,,,,,,0,0,0,0.0,0.0,2026-02,DESCRIPTIVE_EXPOSED,LISTING_DAYS_1_14,MATCHED_RANDOM,SKIPPED,NO_MATCHED_RANDOM_BLOCK,0
INTCUSDT-R-1771016400000-s10,INTCUSDT,TRADITIONAL_EQUITY,R,10,INTCUSDT-nyse_20260213T210000Z,W:2026-02-13T21:00:00Z:2026-02-17T07:00:00Z,,,,,,,,,,0,0,0,0.0,0.0,2026-02,DESCRIPTIVE_EXPOSED,LISTING_DAYS_1_14,MATCHED_RANDOM,SKIPPED,NO_MATCHED_RANDOM_BLOCK,0
MSTRUSDT-R-1771016400000-s10,MSTRUSDT,CRYPTO_SENSITIVE_EQUITY,R,10,MSTRUSDT-nyse_20260213T210000Z,W:2026-02-13T21:00:00Z:2026-02-17T07:00:00Z,,,,,,,,,,0,0,0,0.0,0.0,2026-02,DESCRIPTIVE_EXPOSED,LISTING_DAYS_1_14,MATCHED_RANDOM,SKIPPED,NO_MATCHED_RANDOM_BLOCK,0
PLTRUSDT-R-1771016400000-s10,PLTRUSDT,TRADITIONAL_EQUITY,R,10,PLTRUSDT-nyse_20260213T210000Z,W:2026-02-13T21:00:00Z:2026-02-17T07:00:00Z,,,,,,,,,,0,0,0,0.0,0.0,2026-02,DESCRIPTIVE_EXPOSED,LISTING_DAYS_1_14,MATCHED_RANDOM,SKIPPED,NO_MATCHED_RANDOM_BLOCK,0
TSLAUSDT-R-1771016400000-s10,TSLAUSDT,TRADITIONAL_EQUITY,R,10,TSLAUSDT-nyse_20260213T210000Z,W:2026-02-13T21:00:00Z:2026-02-17T07:00:00Z,,,,,,,,,,0,0,0,0.0,0.0,2026-02,DESCRIPTIVE_EXPOSED,LISTING_DAYS_15_30,MATCHED_RANDOM,SKIPPED,NO_MATCHED_RANDOM_BLOCK,0
AMZNUSDT-R-1771016400000-s17,AMZNUSDT,TRADITIONAL_EQUITY,R,17,AMZNUSDT-nyse_20260213T210000Z,W:2026-02-13T21:00:00Z:2026-02-17T07:00:00Z,,,,,,,,,,0,0,0,0.0,0.0,2026-02,DESCRIPTIVE_EXPOSED,LISTING_DAYS_1_14,MATCHED_RANDOM,SKIPPED,NO_MATCHED_RANDOM_BLOCK,0
COINUSDT-R-1771016400000-s17,COINUSDT,CRYPTO_SENSITIVE_EQUITY,R,17,COINUSDT-nyse_20260213T210000Z,W:2026-02-13T21:00:00Z:2026-02-17T07:00:00Z,,,,,,,,,,0,0,0,0.0,0.0,2026-02,DESCRIPTIVE_EXPOSED,LISTING_DAYS_1_14,MATCHED_RANDOM,SKIPPED,NO_MATCHED_RANDOM_BLOCK,0
CRCLUSDT-R-1771016400000-s17,CRCLUSDT,CRYPTO_SENSITIVE_EQUITY,R,17,CRCLUSDT-nyse_20260213T210000Z,W:2026-02-13T21:00:00Z:2026-02-17T07:00:00Z,,,,,,,,,,0,0,0,0.0,0.0,2026-02,DESCRIPTIVE_EXPOSED,LISTING_DAYS_1_14,MATCHED_RANDOM,SKIPPED,NO_MATCHED_RANDOM_BLOCK,0
HOODUSDT-R-1771016400000-s17,HOODUSDT,CRYPTO_SENSITIVE_EQUITY,R,17,HOODUSDT-nyse_20260213T210000Z,W:2026-02-13T21:00:00Z:2026-02-17T07:00:00Z,,,,,,,,,,0,0,0,0.0,0.0,2026-02,DESCRIPTIVE_EXPOSED,LISTING_DAYS_1_14,MATCHED_RANDOM,SKIPPED,NO_MATCHED_RANDOM_BLOCK,0
INTCUSDT-R-1771016400000-s17,INTCUSDT,TRADITIONAL_EQUITY,R,17,INTCUSDT-nyse_20260213T210000Z,W:2026-02-13T21:00:00Z:2026-02-17T07:00:00Z,,,,,,,,,,0,0,0,0.0,0.0,2026-02,DESCRIPTIVE_EXPOSED,LISTING_DAYS_1_14,MATCHED_RANDOM,SKIPPED,NO_MATCHED_RANDOM_BLOCK,0
MSTRUSDT-R-1771016400000-s17,MSTRUSDT,CRYPTO_SENSITIVE_EQUITY,R,17,MSTRUSDT-nyse_20260213T210000Z,W:2026-02-13T21:00:00Z:2026-02-17T07:00:00Z,,,,,,,,,,0,0,0,0.0,0.0,2026-02,DESCRIPTIVE_EXPOSED,LISTING_DAYS_1_14,MATCHED_RANDOM,SKIPPED,NO_MATCHED_RANDOM_BLOCK,0
PLTRUSDT-R-1771016400000-s17,PLTRUSDT,TRADITIONAL_EQUITY,R,17,PLTRUSDT-nyse_20260213T210000Z,W:2026-02-13T21:00:00Z:2026-02-17T07:00:00Z,,,,,,,,,,0,0,0,0.0,0.0,2026-02,DESCRIPTIVE_EXPOSED,LISTING_DAYS_1_14,MATCHED_RANDOM,SKIPPED,NO_MATCHED_RANDOM_BLOCK,0
TSLAUSDT-R-1771016400000-s17,TSLAUSDT,TRADITIONAL_EQUITY,R,17,TSLAUSDT-nyse_20260213T210000Z,W:2026-02-13T21:00:00Z:2026-02-17T07:00:00Z,,,,,,,,,,0,0,0,0.0,0.0,2026-02,DESCRIPTIVE_EXPOSED,LISTING_DAYS_15_30,MATCHED_RANDOM,SKIPPED,NO_MATCHED_RANDOM_BLOCK,0
AMZNUSDT-R-1771016400000-s31,AMZNUSDT,TRADITIONAL_EQUITY,R,31,AMZNUSDT-nyse_20260213T210000Z,W:2026-02-13T21:00:00Z:2026-02-17T07:00:00Z,,,,,,,,,,0,0,0,0.0,0.0,2026-02,DESCRIPTIVE_EXPOSED,LISTING_DAYS_1_14,MATCHED_RANDOM,SKIPPED,NO_MATCHED_RANDOM_BLOCK,0
COINUSDT-R-1771016400000-s31,COINUSDT,CRYPTO_SENSITIVE_EQUITY,R,31,COINUSDT-nyse_20260213T210000Z,W:2026-02-13T21:00:00Z:2026-02-17T07:00:00Z,,,,,,,,,,0,0,0,0.0,0.0,2026-02,DESCRIPTIVE_EXPOSED,LISTING_DAYS_1_14,MATCHED_RANDOM,SKIPPED,NO_MATCHED_RANDOM_BLOCK,0
CRCLUSDT-R-1771016400000-s31,CRCLUSDT,CRYPTO_SENSITIVE_EQUITY,R,31,CRCLUSDT-nyse_20260213T210000Z,W:2026-02-13T21:00:00Z:2026-02-17T07:00:00Z,,,,,,,,,,0,0,0,0.0,0.0,2026-02,DESCRIPTIVE_EXPOSED,LISTING_DAYS_1_14,MATCHED_RANDOM,SKIPPED,NO_MATCHED_RANDOM_BLOCK,0
HOODUSDT-R-1771016400000-s31,HOODUSDT,CRYPTO_SENSITIVE_EQUITY,R,31,HOODUSDT-nyse_20260213T210000Z,W:2026-02-13T21:00:00Z:2026-02-17T07:00:00Z,,,,,,,,,,0,0,0,0.0,0.0,2026-02,DESCRIPTIVE_EXPOSED,LISTING_DAYS_1_14,MATCHED_RANDOM,SKIPPED,NO_MATCHED_RANDOM_BLOCK,0
INTCUSDT-R-1771016400000-s31,INTCUSDT,TRADITIONAL_EQUITY,R,31,INTCUSDT-nyse_20260213T210000Z,W:2026-02-13T21:00:00Z:2026-02-17T07:00:00Z,,,,,,,,,,0,0,0,0.0,0.0,2026-02,DESCRIPTIVE_EXPOSED,LISTING_DAYS_1_14,MATCHED_RANDOM,SKIPPED,NO_MATCHED_RANDOM_BLOCK,0
MSTRUSDT-R-1771016400000-s31,MSTRUSDT,CRYPTO_SENSITIVE_EQUITY,R,31,MSTRUSDT-nyse_20260213T210000Z,W:2026-02-13T21:00:00Z:2026-02-17T07:00:00Z,,,,,,,,,,0,0,0,0.0,0.0,2026-02,DESCRIPTIVE_EXPOSED,LISTING_DAYS_1_14,MATCHED_RANDOM,SKIPPED,NO_MATCHED_RANDOM_BLOCK,0
PLTRUSDT-R-1771016400000-s31,PLTRUSDT,TRADITIONAL_EQUITY,R,31,PLTRUSDT-nyse_20260213T210000Z,W:2026-02-13T21:00:00Z:2026-02-17T07:00:00Z,,,,,,,,,,0,0,0,0.0,0.0,2026-02,DESCRIPTIVE_EXPOSED,LISTING_DAYS_1_14,MATCHED_RANDOM,SKIPPED,NO_MATCHED_RANDOM_BLOCK,0
TSLAUSDT-R-1771016400000-s31,TSLAUSDT,TRADITIONAL_EQUITY,R,31,TSLAUSDT-nyse_20260213T210000Z,W:2026-02-13T21:00:00Z:2026-02-17T07:00:00Z,,,,,,,,,,0,0,0,0.0,0.0,2026-02,DESCRIPTIVE_EXPOSED,LISTING_DAYS_15_30,MATCHED_RANDOM,SKIPPED,NO_MATCHED_RANDOM_BLOCK,0
AMZNUSDT-R-1771016400000-s59,AMZNUSDT,TRADITIONAL_EQUITY,R,59,AMZNUSDT-nyse_20260213T210000Z,W:2026-02-13T21:00:00Z:2026-02-17T07:00:00Z,,,,,,,,,,0,0,0,0.0,0.0,2026-02,DESCRIPTIVE_EXPOSED,LISTING_DAYS_1_14,MATCHED_RANDOM,SKIPPED,NO_MATCHED_RANDOM_BLOCK,0
COINUSDT-R-1771016400000-s59,COINUSDT,CRYPTO_SENSITIVE_EQUITY,R,59,COINUSDT-nyse_20260213T210000Z,W:2026-02-13T21:00:00Z:2026-02-17T07:00:00Z,,,,,,,,,,0,0,0,0.0,0.0,2026-02,DESCRIPTIVE_EXPOSED,LISTING_DAYS_1_14,MATCHED_RANDOM,SKIPPED,NO_MATCHED_RANDOM_BLOCK,0
CRCLUSDT-R-1771016400000-s59,CRCLUSDT,CRYPTO_SENSITIVE_EQUITY,R,59,CRCLUSDT-nyse_20260213T210000Z,W:2026-02-13T21:00:00Z:2026-02-17T07:00:00Z,,,,,,,,,,0,0,0,0.0,0.0,2026-02,DESCRIPTIVE_EXPOSED,LISTING_DAYS_1_14,MATCHED_RANDOM,SKIPPED,NO_MATCHED_RANDOM_BLOCK,0
HOODUSDT-R-1771016400000-s59,HOODUSDT,CRYPTO_SENSITIVE_EQUITY,R,59,HOODUSDT-nyse_20260213T210000Z,W:2026-02-13T21:00:00Z:2026-02-17T07:00:00Z,,,,,,,,,,0,0,0,0.0,0.0,2026-02,DESCRIPTIVE_EXPOSED,LISTING_DAYS_1_14,MATCHED_RANDOM,SKIPPED,NO_MATCHED_RANDOM_BLOCK,0
INTCUSDT-R-1771016400000-s59,INTCUSDT,TRADITIONAL_EQUITY,R,59,INTCUSDT-nyse_20260213T210000Z,W:2026-02-13T21:00:00Z:2026-02-17T07:00:00Z,,,,,,,,,,0,0,0,0.0,0.0,2026-02,DESCRIPTIVE_EXPOSED,LISTING_DAYS_1_14,MATCHED_RANDOM,SKIPPED,NO_MATCHED_RANDOM_BLOCK,0
MSTRUSDT-R-1771016400000-s59,MSTRUSDT,CRYPTO_SENSITIVE_EQUITY,R,59,MSTRUSDT-nyse_20260213T210000Z,W:2026-02-13T21:00:00Z:2026-02-17T07:00:00Z,,,,,,,,,,0,0,0,0.0,0.0,2026-02,DESCRIPTIVE_EXPOSED,LISTING_DAYS_1_14,MATCHED_RANDOM,SKIPPED,NO_MATCHED_RANDOM_BLOCK,0
PLTRUSDT-R-1771016400000-s59,PLTRUSDT,TRADITIONAL_EQUITY,R,59,PLTRUSDT-nyse_20260213T210000Z,W:2026-02-13T21:00:00Z:2026-02-17T07:00:00Z,,,,,,,,,,0,0,0,0.0,0.0,2026-02,DESCRIPTIVE_EXPOSED,LISTING_DAYS_1_14,MATCHED_RANDOM,SKIPPED,NO_MATCHED_RANDOM_BLOCK,0
TSLAUSDT-R-1771016400000-s59,TSLAUSDT,TRADITIONAL_EQUITY,R,59,TSLAUSDT-nyse_20260213T210000Z,W:2026-02-13T21:00:00Z:2026-02-17T07:00:00Z,,,,,,,,,,0,0,0,0.0,0.0,2026-02,DESCRIPTIVE_EXPOSED,LISTING_DAYS_15_30,MATCHED_RANDOM,SKIPPED,NO_MATCHED_RANDOM_BLOCK,0
AMZNUSDT-R-1771016400000-s97,AMZNUSDT,TRADITIONAL_EQUITY,R,97,AMZNUSDT-nyse_20260213T210000Z,W:2026-02-13T21:00:00Z:2026-02-17T07:00:00Z,,,,,,,,,,0,0,0,0.0,0.0,2026-02,DESCRIPTIVE_EXPOSED,LISTING_DAYS_1_14,MATCHED_RANDOM,SKIPPED,NO_MATCHED_RANDOM_BLOCK,0
COINUSDT-R-1771016400000-s97,COINUSDT,CRYPTO_SENSITIVE_EQUITY,R,97,COINUSDT-nyse_20260213T210000Z,W:2026-02-13T21:00:00Z:2026-02-17T07:00:00Z,,,,,,,,,,0,0,0,0.0,0.0,2026-02,DESCRIPTIVE_EXPOSED,LISTING_DAYS_1_14,MATCHED_RANDOM,SKIPPED,NO_MATCHED_RANDOM_BLOCK,0
CRCLUSDT-R-1771016400000-s97,CRCLUSDT,CRYPTO_SENSITIVE_EQUITY,R,97,CRCLUSDT-nyse_20260213T210000Z,W:2026-02-13T21:00:00Z:2026-02-17T07:00:00Z,,,,,,,,,,0,0,0,0.0,0.0,2026-02,DESCRIPTIVE_EXPOSED,LISTING_DAYS_1_14,MATCHED_RANDOM,SKIPPED,NO_MATCHED_RANDOM_BLOCK,0
HOODUSDT-R-1771016400000-s97,HOODUSDT,CRYPTO_SENSITIVE_EQUITY,R,97,HOODUSDT-nyse_20260213T210000Z,W:2026-02-13T21:00:00Z:2026-02-17T07:00:00Z,,,,,,,,,,0,0,0,0.0,0.0,2026-02,DESCRIPTIVE_EXPOSED,LISTING_DAYS_1_14,MATCHED_RANDOM,SKIPPED,NO_MATCHED_RANDOM_BLOCK,0
INTCUSDT-R-1771016400000-s97,INTCUSDT,TRADITIONAL_EQUITY,R,97,INTCUSDT-nyse_20260213T210000Z,W:2026-02-13T21:00:00Z:2026-02-17T07:00:00Z,,,,,,,,,,0,0,0,0.0,0.0,2026-02,DESCRIPTIVE_EXPOSED,LISTING_DAYS_1_14,MATCHED_RANDOM,SKIPPED,NO_MATCHED_RANDOM_BLOCK,0
MSTRUSDT-R-1771016400000-s97,MSTRUSDT,CRYPTO_SENSITIVE_EQUITY,R,97,MSTRUSDT-nyse_20260213T210000Z,W:2026-02-13T21:00:00Z:2026-02-17T07:00:00Z,,,,,,,,,,0,0,0,0.0,0.0,2026-02,DESCRIPTIVE_EXPOSED,LISTING_DAYS_1_14,MATCHED_RANDOM,SKIPPED,NO_MATCHED_RANDOM_BLOCK,0
PLTRUSDT-R-1771016400000-s97,PLTRUSDT,TRADITIONAL_EQUITY,R,97,PLTRUSDT-nyse_20260213T210000Z,W:2026-02-13T21:00:00Z:2026-02-17T07:00:00Z,,,,,,,,,,0,0,0,0.0,0.0,2026-02,DESCRIPTIVE_EXPOSED,LISTING_DAYS_1_14,MATCHED_RANDOM,SKIPPED,NO_MATCHED_RANDOM_BLOCK,0
TSLAUSDT-R-1771016400000-s97,TSLAUSDT,TRADITIONAL_EQUITY,R,97,TSLAUSDT-nyse_20260213T210000Z,W:2026-02-13T21:00:00Z:2026-02-17T07:00:00Z,,,,,,,,,,0,0,0,0.0,0.0,2026-02,DESCRIPTIVE_EXPOSED,LISTING_DAYS_15_30,MATCHED_RANDOM,SKIPPED,NO_MATCHED_RANDOM_BLOCK,0
AMZNUSDT-R-1771621200000-s3,AMZNUSDT,TRADITIONAL_EQUITY,R,3,AMZNUSDT-nyse_20260220T210000Z,W:2026-02-20T21:00:00Z:2026-02-23T07:00:00Z,,,,,,,,,,0,0,0,0.0,0.0,2026-02,DESCRIPTIVE_EXPOSED,LISTING_DAYS_1_14,MATCHED_RANDOM,SKIPPED,NO_MATCHED_RANDOM_BLOCK,0
COINUSDT-R-1771621200000-s3,COINUSDT,CRYPTO_SENSITIVE_EQUITY,R,3,COINUSDT-nyse_20260220T210000Z,W:2026-02-20T21:00:00Z:2026-02-23T07:00:00Z,,,,,,,,,,0,0,0,0.0,0.0,2026-02,DESCRIPTIVE_EXPOSED,LISTING_DAYS_1_14,MATCHED_RANDOM,SKIPPED,NO_MATCHED_RANDOM_BLOCK,0
CRCLUSDT-R-1771621200000-s3,CRCLUSDT,CRYPTO_SENSITIVE_EQUITY,R,3,CRCLUSDT-nyse_20260220T210000Z,W:2026-02-20T21:00:00Z:2026-02-23T07:00:00Z,,,,,,,,,,0,0,0,0.0,0.0,2026-02,DESCRIPTIVE_EXPOSED,LISTING_DAYS_1_14,MATCHED_RANDOM,SKIPPED,NO_MATCHED_RANDOM_BLOCK,0
HOODUSDT-R-1771621200000-s3,HOODUSDT,CRYPTO_SENSITIVE_EQUITY,R,3,HOODUSDT-nyse_20260220T210000Z,W:2026-02-20T21:00:00Z:2026-02-23T07:00:00Z,,,,,,,,,,0,0,0,0.0,0.0,2026-02,DESCRIPTIVE_EXPOSED,LISTING_DAYS_15_30,MATCHED_RANDOM,SKIPPED,NO_MATCHED_RANDOM_BLOCK,0
INTCUSDT-R-1771621200000-s3,INTCUSDT,TRADITIONAL_EQUITY,R,3,INTCUSDT-nyse_20260220T210000Z,W:2026-02-20T21:00:00Z:2026-02-23T07:00:00Z,,,,,,,,,,0,0,0,0.0,0.0,2026-02,DESCRIPTIVE_EXPOSED,LISTING_DAYS_15_30,MATCHED_RANDOM,SKIPPED,NO_MATCHED_RANDOM_BLOCK,0
MSTRUSDT-R-1771621200000-s3,MSTRUSDT,CRYPTO_SENSITIVE_EQUITY,R,3,MSTRUSDT-nyse_20260220T210000Z,W:2026-02-20T21:00:00Z:2026-02-23T07:00:00Z,,,,,,,,,,0,0,0,0.0,0.0,2026-02,DESCRIPTIVE_EXPOSED,LISTING_DAYS_1_14,MATCHED_RANDOM,SKIPPED,NO_MATCHED_RANDOM_BLOCK,0
PLTRUSDT-R-1771621200000-s3,PLTRUSDT,TRADITIONAL_EQUITY,R,3,PLTRUSDT-nyse_20260220T210000Z,W:2026-02-20T21:00:00Z:2026-02-23T07:00:00Z,,,,,,,,,,0,0,0,0.0,0.0,2026-02,DESCRIPTIVE_EXPOSED,LISTING_DAYS_1_14,MATCHED_RANDOM,SKIPPED,NO_MATCHED_RANDOM_BLOCK,0
TSLAUSDT-R-1771621200000-s3,TSLAUSDT,TRADITIONAL_EQUITY,R,3,TSLAUSDT-nyse_20260220T210000Z,W:2026-02-20T21:00:00Z:2026-02-23T07:00:00Z,,,,,,,,,,0,0,0,0.0,0.0,2026-02,DESCRIPTIVE_EXPOSED,LISTING_DAYS_15_30,MATCHED_RANDOM,SKIPPED,NO_MATCHED_RANDOM_BLOCK,0
AMZNUSDT-R-1771621200000-s10,AMZNUSDT,TRADITIONAL_EQUITY,R,10,AMZNUSDT-nyse_20260220T210000Z,W:2026-02-20T21:00:00Z:2026-02-23T07:00:00Z,,,,,,,,,,0,0,0,0.0,0.0,2026-02,DESCRIPTIVE_EXPOSED,LISTING_DAYS_1_14,MATCHED_RANDOM,SKIPPED,NO_MATCHED_RANDOM_BLOCK,0
COINUSDT-R-1771621200000-s10,COINUSDT,CRYPTO_SENSITIVE_EQUITY,R,10,COINUSDT-nyse_20260220T210000Z,W:2026-02-20T21:00:00Z:2026-02-23T07:00:00Z,,,,,,,,,,0,0,0,0.0,0.0,2026-02,DESCRIPTIVE_EXPOSED,LISTING_DAYS_1_14,MATCHED_RANDOM,SKIPPED,NO_MATCHED_RANDOM_BLOCK,0
CRCLUSDT-R-1771621200000-s10,CRCLUSDT,CRYPTO_SENSITIVE_EQUITY,R,10,CRCLUSDT-nyse_20260220T210000Z,W:2026-02-20T21:00:00Z:2026-02-23T07:00:00Z,,,,,,,,,,0,0,0,0.0,0.0,2026-02,DESCRIPTIVE_EXPOSED,LISTING_DAYS_1_14,MATCHED_RANDOM,SKIPPED,NO_MATCHED_RANDOM_BLOCK,0
HOODUSDT-R-1771621200000-s10,HOODUSDT,CRYPTO_SENSITIVE_EQUITY,R,10,HOODUSDT-nyse_20260220T210000Z,W:2026-02-20T21:00:00Z:2026-02-23T07:00:00Z,,,,,,,,,,0,0,0,0.0,0.0,2026-02,DESCRIPTIVE_EXPOSED,LISTING_DAYS_15_30,MATCHED_RANDOM,SKIPPED,NO_MATCHED_RANDOM_BLOCK,0
INTCUSDT-R-1771621200000-s10,INTCUSDT,TRADITIONAL_EQUITY,R,10,INTCUSDT-nyse_20260220T210000Z,W:2026-02-20T21:00:00Z:2026-02-23T07:00:00Z,,,,,,,,,,0,0,0,0.0,0.0,2026-02,DESCRIPTIVE_EXPOSED,LISTING_DAYS_15_30,MATCHED_RANDOM,SKIPPED,NO_MATCHED_RANDOM_BLOCK,0
MSTRUSDT-R-1771621200000-s10,MSTRUSDT,CRYPTO_SENSITIVE_EQUITY,R,10,MSTRUSDT-nyse_20260220T210000Z,W:2026-02-20T21:00:00Z:2026-02-23T07:00:00Z,,,,,,,,,,0,0,0,0.0,0.0,2026-02,DESCRIPTIVE_EXPOSED,LISTING_DAYS_1_14,MATCHED_RANDOM,SKIPPED,NO_MATCHED_RANDOM_BLOCK,0
PLTRUSDT-R-1771621200000-s10,PLTRUSDT,TRADITIONAL_EQUITY,R,10,PLTRUSDT-nyse_20260220T210000Z,W:2026-02-20T21:00:00Z:2026-02-23T07:00:00Z,,,,,,,,,,0,0,0,0.0,0.0,2026-02,DESCRIPTIVE_EXPOSED,LISTING_DAYS_1_14,MATCHED_RANDOM,SKIPPED,NO_MATCHED_RANDOM_BLOCK,0
TSLAUSDT-R-1771621200000-s10,TSLAUSDT,TRADITIONAL_EQUITY,R,10,TSLAUSDT-nyse_20260220T210000Z,W:2026-02-20T21:00:00Z:2026-02-23T07:00:00Z,,,,,,,,,,0,0,0,0.0,0.0,2026-02,DESCRIPTIVE_EXPOSED,LISTING_DAYS_15_30,MATCHED_RANDOM,SKIPPED,NO_MATCHED_RANDOM_BLOCK,0
AMZNUSDT-R-1771621200000-s17,AMZNUSDT,TRADITIONAL_EQUITY,R,17,AMZNUSDT-nyse_20260220T210000Z,W:2026-02-20T21:00:00Z:2026-02-23T07:00:00Z,,,,,,,,,,0,0,0,0.0,0.0,2026-02,DESCRIPTIVE_EXPOSED,LISTING_DAYS_1_14,MATCHED_RANDOM,SKIPPED,NO_MATCHED_RANDOM_BLOCK,0
COINUSDT-R-1771621200000-s17,COINUSDT,CRYPTO_SENSITIVE_EQUITY,R,17,COINUSDT-nyse_20260220T210000Z,W:2026-02-20T21:00:00Z:2026-02-23T07:00:00Z,,,,,,,,,,0,0,0,0.0,0.0,2026-02,DESCRIPTIVE_EXPOSED,LISTING_DAYS_1_14,MATCHED_RANDOM,SKIPPED,NO_MATCHED_RANDOM_BLOCK,0
CRCLUSDT-R-1771621200000-s17,CRCLUSDT,CRYPTO_SENSITIVE_EQUITY,R,17,CRCLUSDT-nyse_20260220T210000Z,W:2026-02-20T21:00:00Z:2026-02-23T07:00:00Z,,,,,,,,,,0,0,0,0.0,0.0,2026-02,DESCRIPTIVE_EXPOSED,LISTING_DAYS_1_14,MATCHED_RANDOM,SKIPPED,NO_MATCHED_RANDOM_BLOCK,0
HOODUSDT-R-1771621200000-s17,HOODUSDT,CRYPTO_SENSITIVE_EQUITY,R,17,HOODUSDT-nyse_20260220T210000Z,W:2026-02-20T21:00:00Z:2026-02-23T07:00:00Z,,,,,,,,,,0,0,0,0.0,0.0,2026-02,DESCRIPTIVE_EXPOSED,LISTING_DAYS_15_30,MATCHED_RANDOM,SKIPPED,NO_MATCHED_RANDOM_BLOCK,0
INTCUSDT-R-1771621200000-s17,INTCUSDT,TRADITIONAL_EQUITY,R,17,INTCUSDT-nyse_20260220T210000Z,W:2026-02-20T21:00:00Z:2026-02-23T07:00:00Z,,,,,,,,,,0,0,0,0.0,0.0,2026-02,DESCRIPTIVE_EXPOSED,LISTING_DAYS_15_30,MATCHED_RANDOM,SKIPPED,NO_MATCHED_RANDOM_BLOCK,0
MSTRUSDT-R-1771621200000-s17,MSTRUSDT,CRYPTO_SENSITIVE_EQUITY,R,17,MSTRUSDT-nyse_20260220T210000Z,W:2026-02-20T21:00:00Z:2026-02-23T07:00:00Z,,,,,,,,,,0,0,0,0.0,0.0,2026-02,DESCRIPTIVE_EXPOSED,LISTING_DAYS_1_14,MATCHED_RANDOM,SKIPPED,NO_MATCHED_RANDOM_BLOCK,0
PLTRUSDT-R-1771621200000-s17,PLTRUSDT,TRADITIONAL_EQUITY,R,17,PLTRUSDT-nyse_20260220T210000Z,W:2026-02-20T21:00:00Z:2026-02-23T07:00:00Z,,,,,,,,,,0,0,0,0.0,0.0,2026-02,DESCRIPTIVE_EXPOSED,LISTING_DAYS_1_14,MATCHED_RANDOM,SKIPPED,NO_MATCHED_RANDOM_BLOCK,0
TSLAUSDT-R-1771621200000-s17,TSLAUSDT,TRADITIONAL_EQUITY,R,17,TSLAUSDT-nyse_20260220T210000Z,W:2026-02-20T21:00:00Z:2026-02-23T07:00:00Z,,,,,,,,,,0,0,0,0.0,0.0,2026-02,DESCRIPTIVE_EXPOSED,LISTING_DAYS_15_30,MATCHED_RANDOM,SKIPPED,NO_MATCHED_RANDOM_BLOCK,0
AMZNUSDT-R-1771621200000-s31,AMZNUSDT,TRADITIONAL_EQUITY,R,31,AMZNUSDT-nyse_20260220T210000Z,W:2026-02-20T21:00:00Z:2026-02-23T07:00:00Z,,,,,,,,,,0,0,0,0.0,0.0,2026-02,DESCRIPTIVE_EXPOSED,LISTING_DAYS_1_14,MATCHED_RANDOM,SKIPPED,NO_MATCHED_RANDOM_BLOCK,0
COINUSDT-R-1771621200000-s31,COINUSDT,CRYPTO_SENSITIVE_EQUITY,R,31,COINUSDT-nyse_20260220T210000Z,W:2026-02-20T21:00:00Z:2026-02-23T07:00:00Z,,,,,,,,,,0,0,0,0.0,0.0,2026-02,DESCRIPTIVE_EXPOSED,LISTING_DAYS_1_14,MATCHED_RANDOM,SKIPPED,NO_MATCHED_RANDOM_BLOCK,0
CRCLUSDT-R-1771621200000-s31,CRCLUSDT,CRYPTO_SENSITIVE_EQUITY,R,31,CRCLUSDT-nyse_20260220T210000Z,W:2026-02-20T21:00:00Z:2026-02-23T07:00:00Z,,,,,,,,,,0,0,0,0.0,0.0,2026-02,DESCRIPTIVE_EXPOSED,LISTING_DAYS_1_14,MATCHED_RANDOM,SKIPPED,NO_MATCHED_RANDOM_BLOCK,0
HOODUSDT-R-1771621200000-s31,HOODUSDT,CRYPTO_SENSITIVE_EQUITY,R,31,HOODUSDT-nyse_20260220T210000Z,W:2026-02-20T21:00:00Z:2026-02-23T07:00:00Z,,,,,,,,,,0,0,0,0.0,0.0,2026-02,DESCRIPTIVE_EXPOSED,LISTING_DAYS_15_30,MATCHED_RANDOM,SKIPPED,NO_MATCHED_RANDOM_BLOCK,0
INTCUSDT-R-1771621200000-s31,INTCUSDT,TRADITIONAL_EQUITY,R,31,INTCUSDT-nyse_20260220T210000Z,W:2026-02-20T21:00:00Z:2026-02-23T07:00:00Z,,,,,,,,,,0,0,0,0.0,0.0,2026-02,DESCRIPTIVE_EXPOSED,LISTING_DAYS_15_30,MATCHED_RANDOM,SKIPPED,NO_MATCHED_RANDOM_BLOCK,0
MSTRUSDT-R-1771621200000-s31,MSTRUSDT,CRYPTO_SENSITIVE_EQUITY,R,31,MSTRUSDT-nyse_20260220T210000Z,W:2026-02-20T21:00:00Z:2026-02-23T07:00:00Z,,,,,,,,,,0,0,0,0.0,0.0,2026-02,DESCRIPTIVE_EXPOSED,LISTING_DAYS_1_14,MATCHED_RANDOM,SKIPPED,NO_MATCHED_RANDOM_BLOCK,0
PLTRUSDT-R-1771621200000-s31,PLTRUSDT,TRADITIONAL_EQUITY,R,31,PLTRUSDT-nyse_20260220T210000Z,W:2026-02-20T21:00:00Z:2026-02-23T07:00:00Z,,,,,,,,,,0,0,0,0.0,0.0,2026-02,DESCRIPTIVE_EXPOSED,LISTING_DAYS_1_14,MATCHED_RANDOM,SKIPPED,NO_MATCHED_RANDOM_BLOCK,0
TSLAUSDT-R-1771621200000-s31,TSLAUSDT,TRADITIONAL_EQUITY,R,31,TSLAUSDT-nyse_20260220T210000Z,W:2026-02-20T21:00:00Z:2026-02-23T07:00:00Z,,,,,,,,,,0,0,0,0.0,0.0,2026-02,DESCRIPTIVE_EXPOSED,LISTING_DAYS_15_30,MATCHED_RANDOM,SKIPPED,NO_MATCHED_RANDOM_BLOCK,0
AMZNUSDT-R-1771621200000-s59,AMZNUSDT,TRADITIONAL_EQUITY,R,59,AMZNUSDT-nyse_20260220T210000Z,W:2026-02-20T21:00:00Z:2026-02-23T07:00:00Z,,,,,,,,,,0,0,0,0.0,0.0,2026-02,DESCRIPTIVE_EXPOSED,LISTING_DAYS_1_14,MATCHED_RANDOM,SKIPPED,NO_MATCHED_RANDOM_BLOCK,0
COINUSDT-R-1771621200000-s59,COINUSDT,CRYPTO_SENSITIVE_EQUITY,R,59,COINUSDT-nyse_20260220T210000Z,W:2026-02-20T21:00:00Z:2026-02-23T07:00:00Z,,,,,,,,,,0,0,0,0.0,0.0,2026-02,DESCRIPTIVE_EXPOSED,LISTING_DAYS_1_14,MATCHED_RANDOM,SKIPPED,NO_MATCHED_RANDOM_BLOCK,0
CRCLUSDT-R-1771621200000-s59,CRCLUSDT,CRYPTO_SENSITIVE_EQUITY,R,59,CRCLUSDT-nyse_20260220T210000Z,W:2026-02-20T21:00:00Z:2026-02-23T07:00:00Z,,,,,,,,,,0,0,0,0.0,0.0,2026-02,DESCRIPTIVE_EXPOSED,LISTING_DAYS_1_14,MATCHED_RANDOM,SKIPPED,NO_MATCHED_RANDOM_BLOCK,0
HOODUSDT-R-1771621200000-s59,HOODUSDT,CRYPTO_SENSITIVE_EQUITY,R,59,HOODUSDT-nyse_20260220T210000Z,W:2026-02-20T21:00:00Z:2026-02-23T07:00:00Z,,,,,,,,,,0,0,0,0.0,0.0,2026-02,DESCRIPTIVE_EXPOSED,LISTING_DAYS_15_30,MATCHED_RANDOM,SKIPPED,NO_MATCHED_RANDOM_BLOCK,0
INTCUSDT-R-1771621200000-s59,INTCUSDT,TRADITIONAL_EQUITY,R,59,INTCUSDT-nyse_20260220T210000Z,W:2026-02-20T21:00:00Z:2026-02-23T07:00:00Z,,,,,,,,,,0,0,0,0.0,0.0,2026-02,DESCRIPTIVE_EXPOSED,LISTING_DAYS_15_30,MATCHED_RANDOM,SKIPPED,NO_MATCHED_RANDOM_BLOCK,0
MSTRUSDT-R-1771621200000-s59,MSTRUSDT,CRYPTO_SENSITIVE_EQUITY,R,59,MSTRUSDT-nyse_20260220T210000Z,W:2026-02-20T21:00:00Z:2026-02-23T07:00:00Z,,,,,,,,,,0,0,0,0.0,0.0,2026-02,DESCRIPTIVE_EXPOSED,LISTING_DAYS_1_14,MATCHED_RANDOM,SKIPPED,NO_MATCHED_RANDOM_BLOCK,0
PLTRUSDT-R-1771621200000-s59,PLTRUSDT,TRADITIONAL_EQUITY,R,59,PLTRUSDT-nyse_20260220T210000Z,W:2026-02-20T21:00:00Z:2026-02-23T07:00:00Z,,,,,,,,,,0,0,0,0.0,0.0,2026-02,DESCRIPTIVE_EXPOSED,LISTING_DAYS_1_14,MATCHED_RANDOM,SKIPPED,NO_MATCHED_RANDOM_BLOCK,0
TSLAUSDT-R-1771621200000-s59,TSLAUSDT,TRADITIONAL_EQUITY,R,59,TSLAUSDT-nyse_20260220T210000Z,W:2026-02-20T21:00:00Z:2026-02-23T07:00:00Z,,,,,,,,,,0,0,0,0.0,0.0,2026-02,DESCRIPTIVE_EXPOSED,LISTING_DAYS_15_30,MATCHED_RANDOM,SKIPPED,NO_MATCHED_RANDOM_BLOCK,0
AMZNUSDT-R-1771621200000-s97,AMZNUSDT,TRADITIONAL_EQUITY,R,97,AMZNUSDT-nyse_20260220T210000Z,W:2026-02-20T21:00:00Z:2026-02-23T07:00:00Z,,,,,,,,,,0,0,0,0.0,0.0,2026-02,DESCRIPTIVE_EXPOSED,LISTING_DAYS_1_14,MATCHED_RANDOM,SKIPPED,NO_MATCHED_RANDOM_BLOCK,0
COINUSDT-R-1771621200000-s97,COINUSDT,CRYPTO_SENSITIVE_EQUITY,R,97,COINUSDT-nyse_20260220T210000Z,W:2026-02-20T21:00:00Z:2026-02-23T07:00:00Z,,,,,,,,,,0,0,0,0.0,0.0,2026-02,DESCRIPTIVE_EXPOSED,LISTING_DAYS_1_14,MATCHED_RANDOM,SKIPPED,NO_MATCHED_RANDOM_BLOCK,0
CRCLUSDT-R-1771621200000-s97,CRCLUSDT,CRYPTO_SENSITIVE_EQUITY,R,97,CRCLUSDT-nyse_20260220T210000Z,W:2026-02-20T21:00:00Z:2026-02-23T07:00:00Z,,,,,,,,,,0,0,0,0.0,0.0,2026-02,DESCRIPTIVE_EXPOSED,LISTING_DAYS_1_14,MATCHED_RANDOM,SKIPPED,NO_MATCHED_RANDOM_BLOCK,0
HOODUSDT-R-1771621200000-s97,HOODUSDT,CRYPTO_SENSITIVE_EQUITY,R,97,HOODUSDT-nyse_20260220T210000Z,W:2026-02-20T21:00:00Z:2026-02-23T07:00:00Z,,,,,,,,,,0,0,0,0.0,0.0,2026-02,DESCRIPTIVE_EXPOSED,LISTING_DAYS_15_30,MATCHED_RANDOM,SKIPPED,NO_MATCHED_RANDOM_BLOCK,0
INTCUSDT-R-1771621200000-s97,INTCUSDT,TRADITIONAL_EQUITY,R,97,INTCUSDT-nyse_20260220T210000Z,W:2026-02-20T21:00:00Z:2026-02-23T07:00:00Z,,,,,,,,,,0,0,0,0.0,0.0,2026-02,DESCRIPTIVE_EXPOSED,LISTING_DAYS_15_30,MATCHED_RANDOM,SKIPPED,NO_MATCHED_RANDOM_BLOCK,0
MSTRUSDT-R-1771621200000-s97,MSTRUSDT,CRYPTO_SENSITIVE_EQUITY,R,97,MSTRUSDT-nyse_20260220T210000Z,W:2026-02-20T21:00:00Z:2026-02-23T07:00:00Z,,,,,,,,,,0,0,0,0.0,0.0,2026-02,DESCRIPTIVE_EXPOSED,LISTING_DAYS_1_14,MATCHED_RANDOM,SKIPPED,NO_MATCHED_RANDOM_BLOCK,0
PLTRUSDT-R-1771621200000-s97,PLTRUSDT,TRADITIONAL_EQUITY,R,97,PLTRUSDT-nyse_20260220T210000Z,W:2026-02-20T21:00:00Z:2026-02-23T07:00:00Z,,,,,,,,,,0,0,0,0.0,0.0,2026-02,DESCRIPTIVE_EXPOSED,LISTING_DAYS_1_14,MATCHED_RANDOM,SKIPPED,NO_MATCHED_RANDOM_BLOCK,0
TSLAUSDT-R-1771621200000-s97,TSLAUSDT,TRADITIONAL_EQUITY,R,97,TSLAUSDT-nyse_20260220T210000Z,W:2026-02-20T21:00:00Z:2026-02-23T07:00:00Z,,,,,,,,,,0,0,0,0.0,0.0,2026-02,DESCRIPTIVE_EXPOSED,LISTING_DAYS_15_30,MATCHED_RANDOM,SKIPPED,NO_MATCHED_RANDOM_BLOCK,0
AMZNUSDT-R-1772226000000-s3,AMZNUSDT,TRADITIONAL_EQUITY,R,3,AMZNUSDT-nyse_20260227T210000Z,W:2026-02-27T21:00:00Z:2026-03-02T07:00:00Z,,,,,,,,,,0,0,0,0.0,0.0,2026-02,DESCRIPTIVE_EXPOSED,LISTING_DAYS_15_30,MATCHED_RANDOM,SKIPPED,NO_MATCHED_RANDOM_BLOCK,0
COINUSDT-R-1772226000000-s3,COINUSDT,CRYPTO_SENSITIVE_EQUITY,R,3,COINUSDT-nyse_20260227T210000Z,W:2026-02-27T21:00:00Z:2026-03-02T07:00:00Z,,,,,,,,,,0,0,0,0.0,0.0,2026-02,DESCRIPTIVE_EXPOSED,LISTING_DAYS_15_30,MATCHED_RANDOM,SKIPPED,NO_MATCHED_RANDOM_BLOCK,0
CRCLUSDT-R-1772226000000-s3,CRCLUSDT,CRYPTO_SENSITIVE_EQUITY,R,3,CRCLUSDT-nyse_20260227T210000Z,W:2026-02-27T21:00:00Z:2026-03-02T07:00:00Z,,,,,,,,,,0,0,0,0.0,0.0,2026-02,DESCRIPTIVE_EXPOSED,LISTING_DAYS_15_30,MATCHED_RANDOM,SKIPPED,NO_MATCHED_RANDOM_BLOCK,0
HOODUSDT-R-1772226000000-s3,HOODUSDT,CRYPTO_SENSITIVE_EQUITY,R,3,HOODUSDT-nyse_20260227T210000Z,W:2026-02-27T21:00:00Z:2026-03-02T07:00:00Z,,,,,,,,,,0,0,0,0.0,0.0,2026-02,DESCRIPTIVE_EXPOSED,LISTING_DAYS_15_30,MATCHED_RANDOM,SKIPPED,NO_MATCHED_RANDOM_BLOCK,0
INTCUSDT-R-1772226000000-s3,INTCUSDT,TRADITIONAL_EQUITY,R,3,INTCUSDT-nyse_20260227T210000Z,W:2026-02-27T21:00:00Z:2026-03-02T07:00:00Z,,,,,,,,,,0,0,0,0.0,0.0,2026-02,DESCRIPTIVE_EXPOSED,LISTING_DAYS_15_30,MATCHED_RANDOM,SKIPPED,NO_MATCHED_RANDOM_BLOCK,0
MSTRUSDT-R-1772226000000-s3,MSTRUSDT,CRYPTO_SENSITIVE_EQUITY,R,3,MSTRUSDT-nyse_20260227T210000Z,W:2026-02-27T21:00:00Z:2026-03-02T07:00:00Z,,,,,,,,,,0,0,0,0.0,0.0,2026-02,DESCRIPTIVE_EXPOSED,LISTING_DAYS_15_30,MATCHED_RANDOM,SKIPPED,NO_MATCHED_RANDOM_BLOCK,0
PLTRUSDT-R-1772226000000-s3,PLTRUSDT,TRADITIONAL_EQUITY,R,3,PLTRUSDT-nyse_20260227T210000Z,W:2026-02-27T21:00:00Z:2026-03-02T07:00:00Z,,,,,,,,,,0,0,0,0.0,0.0,2026-02,DESCRIPTIVE_EXPOSED,LISTING_DAYS_15_30,MATCHED_RANDOM,SKIPPED,NO_MATCHED_RANDOM_BLOCK,0
TSLAUSDT-R-1772226000000-s3,TSLAUSDT,TRADITIONAL_EQUITY,R,3,TSLAUSDT-nyse_20260227T210000Z,W:2026-02-27T21:00:00Z:2026-03-02T07:00:00Z,,,,,,,,,,0,0,0,0.0,0.0,2026-02,DESCRIPTIVE_EXPOSED,LISTING_DAYS_15_30,MATCHED_RANDOM,SKIPPED,NO_MATCHED_RANDOM_BLOCK,0
AMZNUSDT-R-1772226000000-s10,AMZNUSDT,TRADITIONAL_EQUITY,R,10,AMZNUSDT-nyse_20260227T210000Z,W:2026-02-27T21:00:00Z:2026-03-02T07:00:00Z,,,,,,,,,,0,0,0,0.0,0.0,2026-02,DESCRIPTIVE_EXPOSED,LISTING_DAYS_15_30,MATCHED_RANDOM,SKIPPED,NO_MATCHED_RANDOM_BLOCK,0
COINUSDT-R-1772226000000-s10,COINUSDT,CRYPTO_SENSITIVE_EQUITY,R,10,COINUSDT-nyse_20260227T210000Z,W:2026-02-27T21:00:00Z:2026-03-02T07:00:00Z,,,,,,,,,,0,0,0,0.0,0.0,2026-02,DESCRIPTIVE_EXPOSED,LISTING_DAYS_15_30,MATCHED_RANDOM,SKIPPED,NO_MATCHED_RANDOM_BLOCK,0
CRCLUSDT-R-1772226000000-s10,CRCLUSDT,CRYPTO_SENSITIVE_EQUITY,R,10,CRCLUSDT-nyse_20260227T210000Z,W:2026-02-27T21:00:00Z:2026-03-02T07:00:00Z,,,,,,,,,,0,0,0,0.0,0.0,2026-02,DESCRIPTIVE_EXPOSED,LISTING_DAYS_15_30,MATCHED_RANDOM,SKIPPED,NO_MATCHED_RANDOM_BLOCK,0
HOODUSDT-R-1772226000000-s10,HOODUSDT,CRYPTO_SENSITIVE_EQUITY,R,10,HOODUSDT-nyse_20260227T210000Z,W:2026-02-27T21:00:00Z:2026-03-02T07:00:00Z,,,,,,,,,,0,0,0,0.0,0.0,2026-02,DESCRIPTIVE_EXPOSED,LISTING_DAYS_15_30,MATCHED_RANDOM,SKIPPED,NO_MATCHED_RANDOM_BLOCK,0
INTCUSDT-R-1772226000000-s10,INTCUSDT,TRADITIONAL_EQUITY,R,10,INTCUSDT-nyse_20260227T210000Z,W:2026-02-27T21:00:00Z:2026-03-02T07:00:00Z,,,,,,,,,,0,0,0,0.0,0.0,2026-02,DESCRIPTIVE_EXPOSED,LISTING_DAYS_15_30,MATCHED_RANDOM,SKIPPED,NO_MATCHED_RANDOM_BLOCK,0
MSTRUSDT-R-1772226000000-s10,MSTRUSDT,CRYPTO_SENSITIVE_EQUITY,R,10,MSTRUSDT-nyse_20260227T210000Z,W:2026-02-27T21:00:00Z:2026-03-02T07:00:00Z,,,,,,,,,,0,0,0,0.0,0.0,2026-02,DESCRIPTIVE_EXPOSED,LISTING_DAYS_15_30,MATCHED_RANDOM,SKIPPED,NO_MATCHED_RANDOM_BLOCK,0
PLTRUSDT-R-1772226000000-s10,PLTRUSDT,TRADITIONAL_EQUITY,R,10,PLTRUSDT-nyse_20260227T210000Z,W:2026-02-27T21:00:00Z:2026-03-02T07:00:00Z,,,,,,,,,,0,0,0,0.0,0.0,2026-02,DESCRIPTIVE_EXPOSED,LISTING_DAYS_15_30,MATCHED_RANDOM,SKIPPED,NO_MATCHED_RANDOM_BLOCK,0
TSLAUSDT-R-1772226000000-s10,TSLAUSDT,TRADITIONAL_EQUITY,R,10,TSLAUSDT-nyse_20260227T210000Z,W:2026-02-27T21:00:00Z:2026-03-02T07:00:00Z,,,,,,,,,,0,0,0,0.0,0.0,2026-02,DESCRIPTIVE_EXPOSED,LISTING_DAYS_15_30,MATCHED_RANDOM,SKIPPED,NO_MATCHED_RANDOM_BLOCK,0
AMZNUSDT-R-1772226000000-s17,AMZNUSDT,TRADITIONAL_EQUITY,R,17,AMZNUSDT-nyse_20260227T210000Z,W:2026-02-27T21:00:00Z:2026-03-02T07:00:00Z,,,,,,,,,,0,0,0,0.0,0.0,2026-02,DESCRIPTIVE_EXPOSED,LISTING_DAYS_15_30,MATCHED_RANDOM,SKIPPED,NO_MATCHED_RANDOM_BLOCK,0
COINUSDT-R-1772226000000-s17,COINUSDT,CRYPTO_SENSITIVE_EQUITY,R,17,COINUSDT-nyse_20260227T210000Z,W:2026-02-27T21:00:00Z:2026-03-02T07:00:00Z,,,,,,,,,,0,0,0,0.0,0.0,2026-02,DESCRIPTIVE_EXPOSED,LISTING_DAYS_15_30,MATCHED_RANDOM,SKIPPED,NO_MATCHED_RANDOM_BLOCK,0
CRCLUSDT-R-1772226000000-s17,CRCLUSDT,CRYPTO_SENSITIVE_EQUITY,R,17,CRCLUSDT-nyse_20260227T210000Z,W:2026-02-27T21:00:00Z:2026-03-02T07:00:00Z,,,,,,,,,,0,0,0,0.0,0.0,2026-02,DESCRIPTIVE_EXPOSED,LISTING_DAYS_15_30,MATCHED_RANDOM,SKIPPED,NO_MATCHED_RANDOM_BLOCK,0
HOODUSDT-R-1772226000000-s17,HOODUSDT,CRYPTO_SENSITIVE_EQUITY,R,17,HOODUSDT-nyse_20260227T210000Z,W:2026-02-27T21:00:00Z:2026-03-02T07:00:00Z,,,,,,,,,,0,0,0,0.0,0.0,2026-02,DESCRIPTIVE_EXPOSED,LISTING_DAYS_15_30,MATCHED_RANDOM,SKIPPED,NO_MATCHED_RANDOM_BLOCK,0
INTCUSDT-R-1772226000000-s17,INTCUSDT,TRADITIONAL_EQUITY,R,17,INTCUSDT-nyse_20260227T210000Z,W:2026-02-27T21:00:00Z:2026-03-02T07:00:00Z,,,,,,,,,,0,0,0,0.0,0.0,2026-02,DESCRIPTIVE_EXPOSED,LISTING_DAYS_15_30,MATCHED_RANDOM,SKIPPED,NO_MATCHED_RANDOM_BLOCK,0
MSTRUSDT-R-1772226000000-s17,MSTRUSDT,CRYPTO_SENSITIVE_EQUITY,R,17,MSTRUSDT-nyse_20260227T210000Z,W:2026-02-27T21:00:00Z:2026-03-02T07:00:00Z,,,,,,,,,,0,0,0,0.0,0.0,2026-02,DESCRIPTIVE_EXPOSED,LISTING_DAYS_15_30,MATCHED_RANDOM,SKIPPED,NO_MATCHED_RANDOM_BLOCK,0
PLTRUSDT-R-1772226000000-s17,PLTRUSDT,TRADITIONAL_EQUITY,R,17,PLTRUSDT-nyse_20260227T210000Z,W:2026-02-27T21:00:00Z:2026-03-02T07:00:00Z,,,,,,,,,,0,0,0,0.0,0.0,2026-02,DESCRIPTIVE_EXPOSED,LISTING_DAYS_15_30,MATCHED_RANDOM,SKIPPED,NO_MATCHED_RANDOM_BLOCK,0
TSLAUSDT-R-1772226000000-s17,TSLAUSDT,TRADITIONAL_EQUITY,R,17,TSLAUSDT-nyse_20260227T210000Z,W:2026-02-27T21:00:00Z:2026-03-02T07:00:00Z,,,,,,,,,,0,0,0,0.0,0.0,2026-02,DESCRIPTIVE_EXPOSED,LISTING_DAYS_15_30,MATCHED_RANDOM,SKIPPED,NO_MATCHED_RANDOM_BLOCK,0
AMZNUSDT-R-1772226000000-s31,AMZNUSDT,TRADITIONAL_EQUITY,R,31,AMZNUSDT-nyse_20260227T210000Z,W:2026-02-27T21:00:00Z:2026-03-02T07:00:00Z,,,,,,,,,,0,0,0,0.0,0.0,2026-02,DESCRIPTIVE_EXPOSED,LISTING_DAYS_15_30,MATCHED_RANDOM,SKIPPED,NO_MATCHED_RANDOM_BLOCK,0
COINUSDT-R-1772226000000-s31,COINUSDT,CRYPTO_SENSITIVE_EQUITY,R,31,COINUSDT-nyse_20260227T210000Z,W:2026-02-27T21:00:00Z:2026-03-02T07:00:00Z,,,,,,,,,,0,0,0,0.0,0.0,2026-02,DESCRIPTIVE_EXPOSED,LISTING_DAYS_15_30,MATCHED_RANDOM,SKIPPED,NO_MATCHED_RANDOM_BLOCK,0
CRCLUSDT-R-1772226000000-s31,CRCLUSDT,CRYPTO_SENSITIVE_EQUITY,R,31,CRCLUSDT-nyse_20260227T210000Z,W:2026-02-27T21:00:00Z:2026-03-02T07:00:00Z,,,,,,,,,,0,0,0,0.0,0.0,2026-02,DESCRIPTIVE_EXPOSED,LISTING_DAYS_15_30,MATCHED_RANDOM,SKIPPED,NO_MATCHED_RANDOM_BLOCK,0
HOODUSDT-R-1772226000000-s31,HOODUSDT,CRYPTO_SENSITIVE_EQUITY,R,31,HOODUSDT-nyse_20260227T210000Z,W:2026-02-27T21:00:00Z:2026-03-02T07:00:00Z,,,,,,,,,,0,0,0,0.0,0.0,2026-02,DESCRIPTIVE_EXPOSED,LISTING_DAYS_15_30,MATCHED_RANDOM,SKIPPED,NO_MATCHED_RANDOM_BLOCK,0
INTCUSDT-R-1772226000000-s31,INTCUSDT,TRADITIONAL_EQUITY,R,31,INTCUSDT-nyse_20260227T210000Z,W:2026-02-27T21:00:00Z:2026-03-02T07:00:00Z,,,,,,,,,,0,0,0,0.0,0.0,2026-02,DESCRIPTIVE_EXPOSED,LISTING_DAYS_15_30,MATCHED_RANDOM,SKIPPED,NO_MATCHED_RANDOM_BLOCK,0
MSTRUSDT-R-1772226000000-s31,MSTRUSDT,CRYPTO_SENSITIVE_EQUITY,R,31,MSTRUSDT-nyse_20260227T210000Z,W:2026-02-27T21:00:00Z:2026-03-02T07:00:00Z,,,,,,,,,,0,0,0,0.0,0.0,2026-02,DESCRIPTIVE_EXPOSED,LISTING_DAYS_15_30,MATCHED_RANDOM,SKIPPED,NO_MATCHED_RANDOM_BLOCK,0
PLTRUSDT-R-1772226000000-s31,PLTRUSDT,TRADITIONAL_EQUITY,R,31,PLTRUSDT-nyse_20260227T210000Z,W:2026-02-27T21:00:00Z:2026-03-02T07:00:00Z,,,,,,,,,,0,0,0,0.0,0.0,2026-02,DESCRIPTIVE_EXPOSED,LISTING_DAYS_15_30,MATCHED_RANDOM,SKIPPED,NO_MATCHED_RANDOM_BLOCK,0
TSLAUSDT-R-1772226000000-s31,TSLAUSDT,TRADITIONAL_EQUITY,R,31,TSLAUSDT-nyse_20260227T210000Z,W:2026-02-27T21:00:00Z:2026-03-02T07:00:00Z,,,,,,,,,,0,0,0,0.0,0.0,2026-02,DESCRIPTIVE_EXPOSED,LISTING_DAYS_15_30,MATCHED_RANDOM,SKIPPED,NO_MATCHED_RANDOM_BLOCK,0
AMZNUSDT-R-1772226000000-s59,AMZNUSDT,TRADITIONAL_EQUITY,R,59,AMZNUSDT-nyse_20260227T210000Z,W:2026-02-27T21:00:00Z:2026-03-02T07:00:00Z,,,,,,,,,,0,0,0,0.0,0.0,2026-02,DESCRIPTIVE_EXPOSED,LISTING_DAYS_15_30,MATCHED_RANDOM,SKIPPED,NO_MATCHED_RANDOM_BLOCK,0
COINUSDT-R-1772226000000-s59,COINUSDT,CRYPTO_SENSITIVE_EQUITY,R,59,COINUSDT-nyse_20260227T210000Z,W:2026-02-27T21:00:00Z:2026-03-02T07:00:00Z,,,,,,,,,,0,0,0,0.0,0.0,2026-02,DESCRIPTIVE_EXPOSED,LISTING_DAYS_15_30,MATCHED_RANDOM,SKIPPED,NO_MATCHED_RANDOM_BLOCK,0
CRCLUSDT-R-1772226000000-s59,CRCLUSDT,CRYPTO_SENSITIVE_EQUITY,R,59,CRCLUSDT-nyse_20260227T210000Z,W:2026-02-27T21:00:00Z:2026-03-02T07:00:00Z,,,,,,,,,,0,0,0,0.0,0.0,2026-02,DESCRIPTIVE_EXPOSED,LISTING_DAYS_15_30,MATCHED_RANDOM,SKIPPED,NO_MATCHED_RANDOM_BLOCK,0
HOODUSDT-R-1772226000000-s59,HOODUSDT,CRYPTO_SENSITIVE_EQUITY,R,59,HOODUSDT-nyse_20260227T210000Z,W:2026-02-27T21:00:00Z:2026-03-02T07:00:00Z,,,,,,,,,,0,0,0,0.0,0.0,2026-02,DESCRIPTIVE_EXPOSED,LISTING_DAYS_15_30,MATCHED_RANDOM,SKIPPED,NO_MATCHED_RANDOM_BLOCK,0
INTCUSDT-R-1772226000000-s59,INTCUSDT,TRADITIONAL_EQUITY,R,59,INTCUSDT-nyse_20260227T210000Z,W:2026-02-27T21:00:00Z:2026-03-02T07:00:00Z,,,,,,,,,,0,0,0,0.0,0.0,2026-02,DESCRIPTIVE_EXPOSED,LISTING_DAYS_15_30,MATCHED_RANDOM,SKIPPED,NO_MATCHED_RANDOM_BLOCK,0
MSTRUSDT-R-1772226000000-s59,MSTRUSDT,CRYPTO_SENSITIVE_EQUITY,R,59,MSTRUSDT-nyse_20260227T210000Z,W:2026-02-27T21:00:00Z:2026-03-02T07:00:00Z,,,,,,,,,,0,0,0,0.0,0.0,2026-02,DESCRIPTIVE_EXPOSED,LISTING_DAYS_15_30,MATCHED_RANDOM,SKIPPED,NO_MATCHED_RANDOM_BLOCK,0
PLTRUSDT-R-1772226000000-s59,PLTRUSDT,TRADITIONAL_EQUITY,R,59,PLTRUSDT-nyse_20260227T210000Z,W:2026-02-27T21:00:00Z:2026-03-02T07:00:00Z,,,,,,,,,,0,0,0,0.0,0.0,2026-02,DESCRIPTIVE_EXPOSED,LISTING_DAYS_15_30,MATCHED_RANDOM,SKIPPED,NO_MATCHED_RANDOM_BLOCK,0
TSLAUSDT-R-1772226000000-s59,TSLAUSDT,TRADITIONAL_EQUITY,R,59,TSLAUSDT-nyse_20260227T210000Z,W:2026-02-27T21:00:00Z:2026-03-02T07:00:00Z,,,,,,,,,,0,0,0,0.0,0.0,2026-02,DESCRIPTIVE_EXPOSED,LISTING_DAYS_15_30,MATCHED_RANDOM,SKIPPED,NO_MATCHED_RANDOM_BLOCK,0
AMZNUSDT-R-1772226000000-s97,AMZNUSDT,TRADITIONAL_EQUITY,R,97,AMZNUSDT-nyse_20260227T210000Z,W:2026-02-27T21:00:00Z:2026-03-02T07:00:00Z,,,,,,,,,,0,0,0,0.0,0.0,2026-02,DESCRIPTIVE_EXPOSED,LISTING_DAYS_15_30,MATCHED_RANDOM,SKIPPED,NO_MATCHED_RANDOM_BLOCK,0
COINUSDT-R-1772226000000-s97,COINUSDT,CRYPTO_SENSITIVE_EQUITY,R,97,COINUSDT-nyse_20260227T210000Z,W:2026-02-27T21:00:00Z:2026-03-02T07:00:00Z,,,,,,,,,,0,0,0,0.0,0.0,2026-02,DESCRIPTIVE_EXPOSED,LISTING_DAYS_15_30,MATCHED_RANDOM,SKIPPED,NO_MATCHED_RANDOM_BLOCK,0
CRCLUSDT-R-1772226000000-s97,CRCLUSDT,CRYPTO_SENSITIVE_EQUITY,R,97,CRCLUSDT-nyse_20260227T210000Z,W:2026-02-27T21:00:00Z:2026-03-02T07:00:00Z,,,,,,,,,,0,0,0,0.0,0.0,2026-02,DESCRIPTIVE_EXPOSED,LISTING_DAYS_15_30,MATCHED_RANDOM,SKIPPED,NO_MATCHED_RANDOM_BLOCK,0
HOODUSDT-R-1772226000000-s97,HOODUSDT,CRYPTO_SENSITIVE_EQUITY,R,97,HOODUSDT-nyse_20260227T210000Z,W:2026-02-27T21:00:00Z:2026-03-02T07:00:00Z,,,,,,,,,,0,0,0,0.0,0.0,2026-02,DESCRIPTIVE_EXPOSED,LISTING_DAYS_15_30,MATCHED_RANDOM,SKIPPED,NO_MATCHED_RANDOM_BLOCK,0
INTCUSDT-R-1772226000000-s97,INTCUSDT,TRADITIONAL_EQUITY,R,97,INTCUSDT-nyse_20260227T210000Z,W:2026-02-27T21:00:00Z:2026-03-02T07:00:00Z,,,,,,,,,,0,0,0,0.0,0.0,2026-02,DESCRIPTIVE_EXPOSED,LISTING_DAYS_15_30,MATCHED_RANDOM,SKIPPED,NO_MATCHED_RANDOM_BLOCK,0
MSTRUSDT-R-1772226000000-s97,MSTRUSDT,CRYPTO_SENSITIVE_EQUITY,R,97,MSTRUSDT-nyse_20260227T210000Z,W:2026-02-27T21:00:00Z:2026-03-02T07:00:00Z,,,,,,,,,,0,0,0,0.0,0.0,2026-02,DESCRIPTIVE_EXPOSED,LISTING_DAYS_15_30,MATCHED_RANDOM,SKIPPED,NO_MATCHED_RANDOM_BLOCK,0
PLTRUSDT-R-1772226000000-s97,PLTRUSDT,TRADITIONAL_EQUITY,R,97,PLTRUSDT-nyse_20260227T210000Z,W:2026-02-27T21:00:00Z:2026-03-02T07:00:00Z,,,,,,,,,,0,0,0,0.0,0.0,2026-02,DESCRIPTIVE_EXPOSED,LISTING_DAYS_15_30,MATCHED_RANDOM,SKIPPED,NO_MATCHED_RANDOM_BLOCK,0
TSLAUSDT-R-1772226000000-s97,TSLAUSDT,TRADITIONAL_EQUITY,R,97,TSLAUSDT-nyse_20260227T210000Z,W:2026-02-27T21:00:00Z:2026-03-02T07:00:00Z,,,,,,,,,,0,0,0,0.0,0.0,2026-02,DESCRIPTIVE_EXPOSED,LISTING_DAYS_15_30,MATCHED_RANDOM,SKIPPED,NO_MATCHED_RANDOM_BLOCK,0
AMZNUSDT-R-1772830800000-s3,AMZNUSDT,TRADITIONAL_EQUITY,R,3,AMZNUSDT-nyse_20260306T210000Z,W:2026-03-06T21:00:00Z:2026-03-09T06:00:00Z,,,,,,,,,,0,0,0,0.0,0.0,2026-03,RESEARCH_DEVELOPMENT,LISTING_DAYS_15_30,MATCHED_RANDOM,SKIPPED,NO_MATCHED_RANDOM_BLOCK,0
COINUSDT-R-1772830800000-s3,COINUSDT,CRYPTO_SENSITIVE_EQUITY,R,3,COINUSDT-nyse_20260306T210000Z,W:2026-03-06T21:00:00Z:2026-03-09T06:00:00Z,,,,,,,,,,0,0,0,0.0,0.0,2026-03,RESEARCH_DEVELOPMENT,LISTING_DAYS_15_30,MATCHED_RANDOM,SKIPPED,NO_MATCHED_RANDOM_BLOCK,0
CRCLUSDT-R-1772830800000-s3,CRCLUSDT,CRYPTO_SENSITIVE_EQUITY,R,3,CRCLUSDT-nyse_20260306T210000Z,W:2026-03-06T21:00:00Z:2026-03-09T06:00:00Z,,,,,,,,,,0,0,0,0.0,0.0,2026-03,RESEARCH_DEVELOPMENT,LISTING_DAYS_15_30,MATCHED_RANDOM,SKIPPED,NO_MATCHED_RANDOM_BLOCK,0
HOODUSDT-R-1772830800000-s3,HOODUSDT,CRYPTO_SENSITIVE_EQUITY,R,3,HOODUSDT-nyse_20260306T210000Z,W:2026-03-06T21:00:00Z:2026-03-09T06:00:00Z,,,,,,,,,,0,0,0,0.0,0.0,2026-03,RESEARCH_DEVELOPMENT,LISTING_AFTER_30_DAYS,MATCHED_RANDOM,SKIPPED,NO_MATCHED_RANDOM_BLOCK,0
INTCUSDT-R-1772830800000-s3,INTCUSDT,TRADITIONAL_EQUITY,R,3,INTCUSDT-nyse_20260306T210000Z,W:2026-03-06T21:00:00Z:2026-03-09T06:00:00Z,,,,,,,,,,0,0,0,0.0,0.0,2026-03,RESEARCH_DEVELOPMENT,LISTING_AFTER_30_DAYS,MATCHED_RANDOM,SKIPPED,NO_MATCHED_RANDOM_BLOCK,0
MSTRUSDT-R-1772830800000-s3,MSTRUSDT,CRYPTO_SENSITIVE_EQUITY,R,3,MSTRUSDT-nyse_20260306T210000Z,W:2026-03-06T21:00:00Z:2026-03-09T06:00:00Z,,,,,,,,,,0,0,0,0.0,0.0,2026-03,RESEARCH_DEVELOPMENT,LISTING_DAYS_15_30,MATCHED_RANDOM,SKIPPED,NO_MATCHED_RANDOM_BLOCK,0
PLTRUSDT-R-1772830800000-s3,PLTRUSDT,TRADITIONAL_EQUITY,R,3,PLTRUSDT-nyse_20260306T210000Z,W:2026-03-06T21:00:00Z:2026-03-09T06:00:00Z,,,,,,,,,,0,0,0,0.0,0.0,2026-03,RESEARCH_DEVELOPMENT,LISTING_DAYS_15_30,MATCHED_RANDOM,SKIPPED,NO_MATCHED_RANDOM_BLOCK,0
TSLAUSDT-R-1772830800000-s3,TSLAUSDT,TRADITIONAL_EQUITY,R,3,TSLAUSDT-nyse_20260306T210000Z,W:2026-03-06T21:00:00Z:2026-03-09T06:00:00Z,,,,,,,,,,0,0,0,0.0,0.0,2026-03,RESEARCH_DEVELOPMENT,LISTING_AFTER_30_DAYS,MATCHED_RANDOM,SKIPPED,NO_MATCHED_RANDOM_BLOCK,0
AMZNUSDT-R-1772830800000-s10,AMZNUSDT,TRADITIONAL_EQUITY,R,10,AMZNUSDT-nyse_20260306T210000Z,W:2026-03-06T21:00:00Z:2026-03-09T06:00:00Z,,,,,,,,,,0,0,0,0.0,0.0,2026-03,RESEARCH_DEVELOPMENT,LISTING_DAYS_15_30,MATCHED_RANDOM,SKIPPED,NO_MATCHED_RANDOM_BLOCK,0
COINUSDT-R-1772830800000-s10,COINUSDT,CRYPTO_SENSITIVE_EQUITY,R,10,COINUSDT-nyse_20260306T210000Z,W:2026-03-06T21:00:00Z:2026-03-09T06:00:00Z,,,,,,,,,,0,0,0,0.0,0.0,2026-03,RESEARCH_DEVELOPMENT,LISTING_DAYS_15_30,MATCHED_RANDOM,SKIPPED,NO_MATCHED_RANDOM_BLOCK,0
CRCLUSDT-R-1772830800000-s10,CRCLUSDT,CRYPTO_SENSITIVE_EQUITY,R,10,CRCLUSDT-nyse_20260306T210000Z,W:2026-03-06T21:00:00Z:2026-03-09T06:00:00Z,,,,,,,,,,0,0,0,0.0,0.0,2026-03,RESEARCH_DEVELOPMENT,LISTING_DAYS_15_30,MATCHED_RANDOM,SKIPPED,NO_MATCHED_RANDOM_BLOCK,0
HOODUSDT-R-1772830800000-s10,HOODUSDT,CRYPTO_SENSITIVE_EQUITY,R,10,HOODUSDT-nyse_20260306T210000Z,W:2026-03-06T21:00:00Z:2026-03-09T06:00:00Z,,,,,,,,,,0,0,0,0.0,0.0,2026-03,RESEARCH_DEVELOPMENT,LISTING_AFTER_30_DAYS,MATCHED_RANDOM,SKIPPED,NO_MATCHED_RANDOM_BLOCK,0
INTCUSDT-R-1772830800000-s10,INTCUSDT,TRADITIONAL_EQUITY,R,10,INTCUSDT-nyse_20260306T210000Z,W:2026-03-06T21:00:00Z:2026-03-09T06:00:00Z,,,,,,,,,,0,0,0,0.0,0.0,2026-03,RESEARCH_DEVELOPMENT,LISTING_AFTER_30_DAYS,MATCHED_RANDOM,SKIPPED,NO_MATCHED_RANDOM_BLOCK,0
MSTRUSDT-R-1772830800000-s10,MSTRUSDT,CRYPTO_SENSITIVE_EQUITY,R,10,MSTRUSDT-nyse_20260306T210000Z,W:2026-03-06T21:00:00Z:2026-03-09T06:00:00Z,,,,,,,,,,0,0,0,0.0,0.0,2026-03,RESEARCH_DEVELOPMENT,LISTING_DAYS_15_30,MATCHED_RANDOM,SKIPPED,NO_MATCHED_RANDOM_BLOCK,0
PLTRUSDT-R-1772830800000-s10,PLTRUSDT,TRADITIONAL_EQUITY,R,10,PLTRUSDT-nyse_20260306T210000Z,W:2026-03-06T21:00:00Z:2026-03-09T06:00:00Z,,,,,,,,,,0,0,0,0.0,0.0,2026-03,RESEARCH_DEVELOPMENT,LISTING_DAYS_15_30,MATCHED_RANDOM,SKIPPED,NO_MATCHED_RANDOM_BLOCK,0
TSLAUSDT-R-1772830800000-s10,TSLAUSDT,TRADITIONAL_EQUITY,R,10,TSLAUSDT-nyse_20260306T210000Z,W:2026-03-06T21:00:00Z:2026-03-09T06:00:00Z,,,,,,,,,,0,0,0,0.0,0.0,2026-03,RESEARCH_DEVELOPMENT,LISTING_AFTER_30_DAYS,MATCHED_RANDOM,SKIPPED,NO_MATCHED_RANDOM_BLOCK,0
AMZNUSDT-R-1772830800000-s17,AMZNUSDT,TRADITIONAL_EQUITY,R,17,AMZNUSDT-nyse_20260306T210000Z,W:2026-03-06T21:00:00Z:2026-03-09T06:00:00Z,,,,,,,,,,0,0,0,0.0,0.0,2026-03,RESEARCH_DEVELOPMENT,LISTING_DAYS_15_30,MATCHED_RANDOM,SKIPPED,NO_MATCHED_RANDOM_BLOCK,0
COINUSDT-R-1772830800000-s17,COINUSDT,CRYPTO_SENSITIVE_EQUITY,R,17,COINUSDT-nyse_20260306T210000Z,W:2026-03-06T21:00:00Z:2026-03-09T06:00:00Z,,,,,,,,,,0,0,0,0.0,0.0,2026-03,RESEARCH_DEVELOPMENT,LISTING_DAYS_15_30,MATCHED_RANDOM,SKIPPED,NO_MATCHED_RANDOM_BLOCK,0
CRCLUSDT-R-1772830800000-s17,CRCLUSDT,CRYPTO_SENSITIVE_EQUITY,R,17,CRCLUSDT-nyse_20260306T210000Z,W:2026-03-06T21:00:00Z:2026-03-09T06:00:00Z,,,,,,,,,,0,0,0,0.0,0.0,2026-03,RESEARCH_DEVELOPMENT,LISTING_DAYS_15_30,MATCHED_RANDOM,SKIPPED,NO_MATCHED_RANDOM_BLOCK,0
HOODUSDT-R-1772830800000-s17,HOODUSDT,CRYPTO_SENSITIVE_EQUITY,R,17,HOODUSDT-nyse_20260306T210000Z,W:2026-03-06T21:00:00Z:2026-03-09T06:00:00Z,,,,,,,,,,0,0,0,0.0,0.0,2026-03,RESEARCH_DEVELOPMENT,LISTING_AFTER_30_DAYS,MATCHED_RANDOM,SKIPPED,NO_MATCHED_RANDOM_BLOCK,0
INTCUSDT-R-1772830800000-s17,INTCUSDT,TRADITIONAL_EQUITY,R,17,INTCUSDT-nyse_20260306T210000Z,W:2026-03-06T21:00:00Z:2026-03-09T06:00:00Z,,,,,,,,,,0,0,0,0.0,0.0,2026-03,RESEARCH_DEVELOPMENT,LISTING_AFTER_30_DAYS,MATCHED_RANDOM,SKIPPED,NO_MATCHED_RANDOM_BLOCK,0
MSTRUSDT-R-1772830800000-s17,MSTRUSDT,CRYPTO_SENSITIVE_EQUITY,R,17,MSTRUSDT-nyse_20260306T210000Z,W:2026-03-06T21:00:00Z:2026-03-09T06:00:00Z,,,,,,,,,,0,0,0,0.0,0.0,2026-03,RESEARCH_DEVELOPMENT,LISTING_DAYS_15_30,MATCHED_RANDOM,SKIPPED,NO_MATCHED_RANDOM_BLOCK,0
PLTRUSDT-R-1772830800000-s17,PLTRUSDT,TRADITIONAL_EQUITY,R,17,PLTRUSDT-nyse_20260306T210000Z,W:2026-03-06T21:00:00Z:2026-03-09T06:00:00Z,,,,,,,,,,0,0,0,0.0,0.0,2026-03,RESEARCH_DEVELOPMENT,LISTING_DAYS_15_30,MATCHED_RANDOM,SKIPPED,NO_MATCHED_RANDOM_BLOCK,0
TSLAUSDT-R-1772830800000-s17,TSLAUSDT,TRADITIONAL_EQUITY,R,17,TSLAUSDT-nyse_20260306T210000Z,W:2026-03-06T21:00:00Z:2026-03-09T06:00:00Z,,,,,,,,,,0,0,0,0.0,0.0,2026-03,RESEARCH_DEVELOPMENT,LISTING_AFTER_30_DAYS,MATCHED_RANDOM,SKIPPED,NO_MATCHED_RANDOM_BLOCK,0
AMZNUSDT-R-1772830800000-s31,AMZNUSDT,TRADITIONAL_EQUITY,R,31,AMZNUSDT-nyse_20260306T210000Z,W:2026-03-06T21:00:00Z:2026-03-09T06:00:00Z,,,,,,,,,,0,0,0,0.0,0.0,2026-03,RESEARCH_DEVELOPMENT,LISTING_DAYS_15_30,MATCHED_RANDOM,SKIPPED,NO_MATCHED_RANDOM_BLOCK,0
COINUSDT-R-1772830800000-s31,COINUSDT,CRYPTO_SENSITIVE_EQUITY,R,31,COINUSDT-nyse_20260306T210000Z,W:2026-03-06T21:00:00Z:2026-03-09T06:00:00Z,,,,,,,,,,0,0,0,0.0,0.0,2026-03,RESEARCH_DEVELOPMENT,LISTING_DAYS_15_30,MATCHED_RANDOM,SKIPPED,NO_MATCHED_RANDOM_BLOCK,0
CRCLUSDT-R-1772830800000-s31,CRCLUSDT,CRYPTO_SENSITIVE_EQUITY,R,31,CRCLUSDT-nyse_20260306T210000Z,W:2026-03-06T21:00:00Z:2026-03-09T06:00:00Z,,,,,,,,,,0,0,0,0.0,0.0,2026-03,RESEARCH_DEVELOPMENT,LISTING_DAYS_15_30,MATCHED_RANDOM,SKIPPED,NO_MATCHED_RANDOM_BLOCK,0
HOODUSDT-R-1772830800000-s31,HOODUSDT,CRYPTO_SENSITIVE_EQUITY,R,31,HOODUSDT-nyse_20260306T210000Z,W:2026-03-06T21:00:00Z:2026-03-09T06:00:00Z,,,,,,,,,,0,0,0,0.0,0.0,2026-03,RESEARCH_DEVELOPMENT,LISTING_AFTER_30_DAYS,MATCHED_RANDOM,SKIPPED,NO_MATCHED_RANDOM_BLOCK,0
INTCUSDT-R-1772830800000-s31,INTCUSDT,TRADITIONAL_EQUITY,R,31,INTCUSDT-nyse_20260306T210000Z,W:2026-03-06T21:00:00Z:2026-03-09T06:00:00Z,,,,,,,,,,0,0,0,0.0,0.0,2026-03,RESEARCH_DEVELOPMENT,LISTING_AFTER_30_DAYS,MATCHED_RANDOM,SKIPPED,NO_MATCHED_RANDOM_BLOCK,0
MSTRUSDT-R-1772830800000-s31,MSTRUSDT,CRYPTO_SENSITIVE_EQUITY,R,31,MSTRUSDT-nyse_20260306T210000Z,W:2026-03-06T21:00:00Z:2026-03-09T06:00:00Z,,,,,,,,,,0,0,0,0.0,0.0,2026-03,RESEARCH_DEVELOPMENT,LISTING_DAYS_15_30,MATCHED_RANDOM,SKIPPED,NO_MATCHED_RANDOM_BLOCK,0
PLTRUSDT-R-1772830800000-s31,PLTRUSDT,TRADITIONAL_EQUITY,R,31,PLTRUSDT-nyse_20260306T210000Z,W:2026-03-06T21:00:00Z:2026-03-09T06:00:00Z,,,,,,,,,,0,0,0,0.0,0.0,2026-03,RESEARCH_DEVELOPMENT,LISTING_DAYS_15_30,MATCHED_RANDOM,SKIPPED,NO_MATCHED_RANDOM_BLOCK,0
TSLAUSDT-R-1772830800000-s31,TSLAUSDT,TRADITIONAL_EQUITY,R,31,TSLAUSDT-nyse_20260306T210000Z,W:2026-03-06T21:00:00Z:2026-03-09T06:00:00Z,,,,,,,,,,0,0,0,0.0,0.0,2026-03,RESEARCH_DEVELOPMENT,LISTING_AFTER_30_DAYS,MATCHED_RANDOM,SKIPPED,NO_MATCHED_RANDOM_BLOCK,0
AMZNUSDT-R-1772830800000-s59,AMZNUSDT,TRADITIONAL_EQUITY,R,59,AMZNUSDT-nyse_20260306T210000Z,W:2026-03-06T21:00:00Z:2026-03-09T06:00:00Z,,,,,,,,,,0,0,0,0.0,0.0,2026-03,RESEARCH_DEVELOPMENT,LISTING_DAYS_15_30,MATCHED_RANDOM,SKIPPED,NO_MATCHED_RANDOM_BLOCK,0
COINUSDT-R-1772830800000-s59,COINUSDT,CRYPTO_SENSITIVE_EQUITY,R,59,COINUSDT-nyse_20260306T210000Z,W:2026-03-06T21:00:00Z:2026-03-09T06:00:00Z,,,,,,,,,,0,0,0,0.0,0.0,2026-03,RESEARCH_DEVELOPMENT,LISTING_DAYS_15_30,MATCHED_RANDOM,SKIPPED,NO_MATCHED_RANDOM_BLOCK,0
CRCLUSDT-R-1772830800000-s59,CRCLUSDT,CRYPTO_SENSITIVE_EQUITY,R,59,CRCLUSDT-nyse_20260306T210000Z,W:2026-03-06T21:00:00Z:2026-03-09T06:00:00Z,,,,,,,,,,0,0,0,0.0,0.0,2026-03,RESEARCH_DEVELOPMENT,LISTING_DAYS_15_30,MATCHED_RANDOM,SKIPPED,NO_MATCHED_RANDOM_BLOCK,0
HOODUSDT-R-1772830800000-s59,HOODUSDT,CRYPTO_SENSITIVE_EQUITY,R,59,HOODUSDT-nyse_20260306T210000Z,W:2026-03-06T21:00:00Z:2026-03-09T06:00:00Z,,,,,,,,,,0,0,0,0.0,0.0,2026-03,RESEARCH_DEVELOPMENT,LISTING_AFTER_30_DAYS,MATCHED_RANDOM,SKIPPED,NO_MATCHED_RANDOM_BLOCK,0
INTCUSDT-R-1772830800000-s59,INTCUSDT,TRADITIONAL_EQUITY,R,59,INTCUSDT-nyse_20260306T210000Z,W:2026-03-06T21:00:00Z:2026-03-09T06:00:00Z,,,,,,,,,,0,0,0,0.0,0.0,2026-03,RESEARCH_DEVELOPMENT,LISTING_AFTER_30_DAYS,MATCHED_RANDOM,SKIPPED,NO_MATCHED_RANDOM_BLOCK,0
MSTRUSDT-R-1772830800000-s59,MSTRUSDT,CRYPTO_SENSITIVE_EQUITY,R,59,MSTRUSDT-nyse_20260306T210000Z,W:2026-03-06T21:00:00Z:2026-03-09T06:00:00Z,,,,,,,,,,0,0,0,0.0,0.0,2026-03,RESEARCH_DEVELOPMENT,LISTING_DAYS_15_30,MATCHED_RANDOM,SKIPPED,NO_MATCHED_RANDOM_BLOCK,0
PLTRUSDT-R-1772830800000-s59,PLTRUSDT,TRADITIONAL_EQUITY,R,59,PLTRUSDT-nyse_20260306T210000Z,W:2026-03-06T21:00:00Z:2026-03-09T06:00:00Z,,,,,,,,,,0,0,0,0.0,0.0,2026-03,RESEARCH_DEVELOPMENT,LISTING_DAYS_15_30,MATCHED_RANDOM,SKIPPED,NO_MATCHED_RANDOM_BLOCK,0
TSLAUSDT-R-1772830800000-s59,TSLAUSDT,TRADITIONAL_EQUITY,R,59,TSLAUSDT-nyse_20260306T210000Z,W:2026-03-06T21:00:00Z:2026-03-09T06:00:00Z,,,,,,,,,,0,0,0,0.0,0.0,2026-03,RESEARCH_DEVELOPMENT,LISTING_AFTER_30_DAYS,MATCHED_RANDOM,SKIPPED,NO_MATCHED_RANDOM_BLOCK,0
AMZNUSDT-R-1772830800000-s97,AMZNUSDT,TRADITIONAL_EQUITY,R,97,AMZNUSDT-nyse_20260306T210000Z,W:2026-03-06T21:00:00Z:2026-03-09T06:00:00Z,,,,,,,,,,0,0,0,0.0,0.0,2026-03,RESEARCH_DEVELOPMENT,LISTING_DAYS_15_30,MATCHED_RANDOM,SKIPPED,NO_MATCHED_RANDOM_BLOCK,0
COINUSDT-R-1772830800000-s97,COINUSDT,CRYPTO_SENSITIVE_EQUITY,R,97,COINUSDT-nyse_20260306T210000Z,W:2026-03-06T21:00:00Z:2026-03-09T06:00:00Z,,,,,,,,,,0,0,0,0.0,0.0,2026-03,RESEARCH_DEVELOPMENT,LISTING_DAYS_15_30,MATCHED_RANDOM,SKIPPED,NO_MATCHED_RANDOM_BLOCK,0
CRCLUSDT-R-1772830800000-s97,CRCLUSDT,CRYPTO_SENSITIVE_EQUITY,R,97,CRCLUSDT-nyse_20260306T210000Z,W:2026-03-06T21:00:00Z:2026-03-09T06:00:00Z,,,,,,,,,,0,0,0,0.0,0.0,2026-03,RESEARCH_DEVELOPMENT,LISTING_DAYS_15_30,MATCHED_RANDOM,SKIPPED,NO_MATCHED_RANDOM_BLOCK,0
HOODUSDT-R-1772830800000-s97,HOODUSDT,CRYPTO_SENSITIVE_EQUITY,R,97,HOODUSDT-nyse_20260306T210000Z,W:2026-03-06T21:00:00Z:2026-03-09T06:00:00Z,,,,,,,,,,0,0,0,0.0,0.0,2026-03,RESEARCH_DEVELOPMENT,LISTING_AFTER_30_DAYS,MATCHED_RANDOM,SKIPPED,NO_MATCHED_RANDOM_BLOCK,0
INTCUSDT-R-1772830800000-s97,INTCUSDT,TRADITIONAL_EQUITY,R,97,INTCUSDT-nyse_20260306T210000Z,W:2026-03-06T21:00:00Z:2026-03-09T06:00:00Z,,,,,,,,,,0,0,0,0.0,0.0,2026-03,RESEARCH_DEVELOPMENT,LISTING_AFTER_30_DAYS,MATCHED_RANDOM,SKIPPED,NO_MATCHED_RANDOM_BLOCK,0
MSTRUSDT-R-1772830800000-s97,MSTRUSDT,CRYPTO_SENSITIVE_EQUITY,R,97,MSTRUSDT-nyse_20260306T210000Z,W:2026-03-06T21:00:00Z:2026-03-09T06:00:00Z,,,,,,,,,,0,0,0,0.0,0.0,2026-03,RESEARCH_DEVELOPMENT,LISTING_DAYS_15_30,MATCHED_RANDOM,SKIPPED,NO_MATCHED_RANDOM_BLOCK,0
PLTRUSDT-R-1772830800000-s97,PLTRUSDT,TRADITIONAL_EQUITY,R,97,PLTRUSDT-nyse_20260306T210000Z,W:2026-03-06T21:00:00Z:2026-03-09T06:00:00Z,,,,,,,,,,0,0,0,0.0,0.0,2026-03,RESEARCH_DEVELOPMENT,LISTING_DAYS_15_30,MATCHED_RANDOM,SKIPPED,NO_MATCHED_RANDOM_BLOCK,0
TSLAUSDT-R-1772830800000-s97,TSLAUSDT,TRADITIONAL_EQUITY,R,97,TSLAUSDT-nyse_20260306T210000Z,W:2026-03-06T21:00:00Z:2026-03-09T06:00:00Z,,,,,,,,,,0,0,0,0.0,0.0,2026-03,RESEARCH_DEVELOPMENT,LISTING_AFTER_30_DAYS,MATCHED_RANDOM,SKIPPED,NO_MATCHED_RANDOM_BLOCK,0
AMZNUSDT-R-1773432000000-s3,AMZNUSDT,TRADITIONAL_EQUITY,R,3,AMZNUSDT-nyse_20260313T200000Z,W:2026-03-13T20:00:00Z:2026-03-16T06:00:00Z,,,,,,,,,,0,0,0,0.0,0.0,2026-03,RESEARCH_DEVELOPMENT,LISTING_AFTER_30_DAYS,MATCHED_RANDOM,SKIPPED,NO_MATCHED_RANDOM_BLOCK,0
COINUSDT-R-1773432000000-s3,COINUSDT,CRYPTO_SENSITIVE_EQUITY,R,3,COINUSDT-nyse_20260313T200000Z,W:2026-03-13T20:00:00Z:2026-03-16T06:00:00Z,,,,,,,,,,0,0,0,0.0,0.0,2026-03,RESEARCH_DEVELOPMENT,LISTING_AFTER_30_DAYS,MATCHED_RANDOM,SKIPPED,NO_MATCHED_RANDOM_BLOCK,0
CRCLUSDT-R-1773432000000-s3,CRCLUSDT,CRYPTO_SENSITIVE_EQUITY,R,3,CRCLUSDT-nyse_20260313T200000Z,W:2026-03-13T20:00:00Z:2026-03-16T06:00:00Z,,,,,,,,,,0,0,0,0.0,0.0,2026-03,RESEARCH_DEVELOPMENT,LISTING_AFTER_30_DAYS,MATCHED_RANDOM,SKIPPED,NO_MATCHED_RANDOM_BLOCK,0
HOODUSDT-R-1773432000000-s3,HOODUSDT,CRYPTO_SENSITIVE_EQUITY,R,3,HOODUSDT-nyse_20260313T200000Z,W:2026-03-13T20:00:00Z:2026-03-16T06:00:00Z,,,,,,,,,,0,0,0,0.0,0.0,2026-03,RESEARCH_DEVELOPMENT,LISTING_AFTER_30_DAYS,MATCHED_RANDOM,SKIPPED,NO_MATCHED_RANDOM_BLOCK,0
INTCUSDT-R-1773432000000-s3,INTCUSDT,TRADITIONAL_EQUITY,R,3,INTCUSDT-nyse_20260313T200000Z,W:2026-03-13T20:00:00Z:2026-03-16T06:00:00Z,,,,,,,,,,0,0,0,0.0,0.0,2026-03,RESEARCH_DEVELOPMENT,LISTING_AFTER_30_DAYS,MATCHED_RANDOM,SKIPPED,NO_MATCHED_RANDOM_BLOCK,0
MSTRUSDT-R-1773432000000-s3,MSTRUSDT,CRYPTO_SENSITIVE_EQUITY,R,3,MSTRUSDT-nyse_20260313T200000Z,W:2026-03-13T20:00:00Z:2026-03-16T06:00:00Z,,,,,,,,,,0,0,0,0.0,0.0,2026-03,RESEARCH_DEVELOPMENT,LISTING_AFTER_30_DAYS,MATCHED_RANDOM,SKIPPED,NO_MATCHED_RANDOM_BLOCK,0
PLTRUSDT-R-1773432000000-s3,PLTRUSDT,TRADITIONAL_EQUITY,R,3,PLTRUSDT-nyse_20260313T200000Z,W:2026-03-13T20:00:00Z:2026-03-16T06:00:00Z,,,,,,,,,,0,0,0,0.0,0.0,2026-03,RESEARCH_DEVELOPMENT,LISTING_AFTER_30_DAYS,MATCHED_RANDOM,SKIPPED,NO_MATCHED_RANDOM_BLOCK,0
TSLAUSDT-R-1773432000000-s3,TSLAUSDT,TRADITIONAL_EQUITY,R,3,TSLAUSDT-nyse_20260313T200000Z,W:2026-03-13T20:00:00Z:2026-03-16T06:00:00Z,,,,,,,,,,0,0,0,0.0,0.0,2026-03,RESEARCH_DEVELOPMENT,LISTING_AFTER_30_DAYS,MATCHED_RANDOM,SKIPPED,NO_MATCHED_RANDOM_BLOCK,0
AMZNUSDT-R-1773432000000-s10,AMZNUSDT,TRADITIONAL_EQUITY,R,10,AMZNUSDT-nyse_20260313T200000Z,W:2026-03-13T20:00:00Z:2026-03-16T06:00:00Z,,,,,,,,,,0,0,0,0.0,0.0,2026-03,RESEARCH_DEVELOPMENT,LISTING_AFTER_30_DAYS,MATCHED_RANDOM,SKIPPED,NO_MATCHED_RANDOM_BLOCK,0
COINUSDT-R-1773432000000-s10,COINUSDT,CRYPTO_SENSITIVE_EQUITY,R,10,COINUSDT-nyse_20260313T200000Z,W:2026-03-13T20:00:00Z:2026-03-16T06:00:00Z,,,,,,,,,,0,0,0,0.0,0.0,2026-03,RESEARCH_DEVELOPMENT,LISTING_AFTER_30_DAYS,MATCHED_RANDOM,SKIPPED,NO_MATCHED_RANDOM_BLOCK,0
CRCLUSDT-R-1773432000000-s10,CRCLUSDT,CRYPTO_SENSITIVE_EQUITY,R,10,CRCLUSDT-nyse_20260313T200000Z,W:2026-03-13T20:00:00Z:2026-03-16T06:00:00Z,,,,,,,,,,0,0,0,0.0,0.0,2026-03,RESEARCH_DEVELOPMENT,LISTING_AFTER_30_DAYS,MATCHED_RANDOM,SKIPPED,NO_MATCHED_RANDOM_BLOCK,0
HOODUSDT-R-1773432000000-s10,HOODUSDT,CRYPTO_SENSITIVE_EQUITY,R,10,HOODUSDT-nyse_20260313T200000Z,W:2026-03-13T20:00:00Z:2026-03-16T06:00:00Z,,,,,,,,,,0,0,0,0.0,0.0,2026-03,RESEARCH_DEVELOPMENT,LISTING_AFTER_30_DAYS,MATCHED_RANDOM,SKIPPED,NO_MATCHED_RANDOM_BLOCK,0
INTCUSDT-R-1773432000000-s10,INTCUSDT,TRADITIONAL_EQUITY,R,10,INTCUSDT-nyse_20260313T200000Z,W:2026-03-13T20:00:00Z:2026-03-16T06:00:00Z,,,,,,,,,,0,0,0,0.0,0.0,2026-03,RESEARCH_DEVELOPMENT,LISTING_AFTER_30_DAYS,MATCHED_RANDOM,SKIPPED,NO_MATCHED_RANDOM_BLOCK,0
MSTRUSDT-R-1773432000000-s10,MSTRUSDT,CRYPTO_SENSITIVE_EQUITY,R,10,MSTRUSDT-nyse_20260313T200000Z,W:2026-03-13T20:00:00Z:2026-03-16T06:00:00Z,,,,,,,,,,0,0,0,0.0,0.0,2026-03,RESEARCH_DEVELOPMENT,LISTING_AFTER_30_DAYS,MATCHED_RANDOM,SKIPPED,NO_MATCHED_RANDOM_BLOCK,0
PLTRUSDT-R-1773432000000-s10,PLTRUSDT,TRADITIONAL_EQUITY,R,10,PLTRUSDT-nyse_20260313T200000Z,W:2026-03-13T20:00:00Z:2026-03-16T06:00:00Z,,,,,,,,,,0,0,0,0.0,0.0,2026-03,RESEARCH_DEVELOPMENT,LISTING_AFTER_30_DAYS,MATCHED_RANDOM,SKIPPED,NO_MATCHED_RANDOM_BLOCK,0
TSLAUSDT-R-1773432000000-s10,TSLAUSDT,TRADITIONAL_EQUITY,R,10,TSLAUSDT-nyse_20260313T200000Z,W:2026-03-13T20:00:00Z:2026-03-16T06:00:00Z,,,,,,,,,,0,0,0,0.0,0.0,2026-03,RESEARCH_DEVELOPMENT,LISTING_AFTER_30_DAYS,MATCHED_RANDOM,SKIPPED,NO_MATCHED_RANDOM_BLOCK,0
AMZNUSDT-R-1773432000000-s17,AMZNUSDT,TRADITIONAL_EQUITY,R,17,AMZNUSDT-nyse_20260313T200000Z,W:2026-03-13T20:00:00Z:2026-03-16T06:00:00Z,,,,,,,,,,0,0,0,0.0,0.0,2026-03,RESEARCH_DEVELOPMENT,LISTING_AFTER_30_DAYS,MATCHED_RANDOM,SKIPPED,NO_MATCHED_RANDOM_BLOCK,0
COINUSDT-R-1773432000000-s17,COINUSDT,CRYPTO_SENSITIVE_EQUITY,R,17,COINUSDT-nyse_20260313T200000Z,W:2026-03-13T20:00:00Z:2026-03-16T06:00:00Z,,,,,,,,,,0,0,0,0.0,0.0,2026-03,RESEARCH_DEVELOPMENT,LISTING_AFTER_30_DAYS,MATCHED_RANDOM,SKIPPED,NO_MATCHED_RANDOM_BLOCK,0
CRCLUSDT-R-1773432000000-s17,CRCLUSDT,CRYPTO_SENSITIVE_EQUITY,R,17,CRCLUSDT-nyse_20260313T200000Z,W:2026-03-13T20:00:00Z:2026-03-16T06:00:00Z,,,,,,,,,,0,0,0,0.0,0.0,2026-03,RESEARCH_DEVELOPMENT,LISTING_AFTER_30_DAYS,MATCHED_RANDOM,SKIPPED,NO_MATCHED_RANDOM_BLOCK,0
HOODUSDT-R-1773432000000-s17,HOODUSDT,CRYPTO_SENSITIVE_EQUITY,R,17,HOODUSDT-nyse_20260313T200000Z,W:2026-03-13T20:00:00Z:2026-03-16T06:00:00Z,,,,,,,,,,0,0,0,0.0,0.0,2026-03,RESEARCH_DEVELOPMENT,LISTING_AFTER_30_DAYS,MATCHED_RANDOM,SKIPPED,NO_MATCHED_RANDOM_BLOCK,0
INTCUSDT-R-1773432000000-s17,INTCUSDT,TRADITIONAL_EQUITY,R,17,INTCUSDT-nyse_20260313T200000Z,W:2026-03-13T20:00:00Z:2026-03-16T06:00:00Z,,,,,,,,,,0,0,0,0.0,0.0,2026-03,RESEARCH_DEVELOPMENT,LISTING_AFTER_30_DAYS,MATCHED_RANDOM,SKIPPED,NO_MATCHED_RANDOM_BLOCK,0
MSTRUSDT-R-1773432000000-s17,MSTRUSDT,CRYPTO_SENSITIVE_EQUITY,R,17,MSTRUSDT-nyse_20260313T200000Z,W:2026-03-13T20:00:00Z:2026-03-16T06:00:00Z,,,,,,,,,,0,0,0,0.0,0.0,2026-03,RESEARCH_DEVELOPMENT,LISTING_AFTER_30_DAYS,MATCHED_RANDOM,SKIPPED,NO_MATCHED_RANDOM_BLOCK,0
PLTRUSDT-R-1773432000000-s17,PLTRUSDT,TRADITIONAL_EQUITY,R,17,PLTRUSDT-nyse_20260313T200000Z,W:2026-03-13T20:00:00Z:2026-03-16T06:00:00Z,,,,,,,,,,0,0,0,0.0,0.0,2026-03,RESEARCH_DEVELOPMENT,LISTING_AFTER_30_DAYS,MATCHED_RANDOM,SKIPPED,NO_MATCHED_RANDOM_BLOCK,0
TSLAUSDT-R-1773432000000-s17,TSLAUSDT,TRADITIONAL_EQUITY,R,17,TSLAUSDT-nyse_20260313T200000Z,W:2026-03-13T20:00:00Z:2026-03-16T06:00:00Z,,,,,,,,,,0,0,0,0.0,0.0,2026-03,RESEARCH_DEVELOPMENT,LISTING_AFTER_30_DAYS,MATCHED_RANDOM,SKIPPED,NO_MATCHED_RANDOM_BLOCK,0
AMZNUSDT-R-1773432000000-s31,AMZNUSDT,TRADITIONAL_EQUITY,R,31,AMZNUSDT-nyse_20260313T200000Z,W:2026-03-13T20:00:00Z:2026-03-16T06:00:00Z,,,,,,,,,,0,0,0,0.0,0.0,2026-03,RESEARCH_DEVELOPMENT,LISTING_AFTER_30_DAYS,MATCHED_RANDOM,SKIPPED,NO_MATCHED_RANDOM_BLOCK,0
COINUSDT-R-1773432000000-s31,COINUSDT,CRYPTO_SENSITIVE_EQUITY,R,31,COINUSDT-nyse_20260313T200000Z,W:2026-03-13T20:00:00Z:2026-03-16T06:00:00Z,,,,,,,,,,0,0,0,0.0,0.0,2026-03,RESEARCH_DEVELOPMENT,LISTING_AFTER_30_DAYS,MATCHED_RANDOM,SKIPPED,NO_MATCHED_RANDOM_BLOCK,0
CRCLUSDT-R-1773432000000-s31,CRCLUSDT,CRYPTO_SENSITIVE_EQUITY,R,31,CRCLUSDT-nyse_20260313T200000Z,W:2026-03-13T20:00:00Z:2026-03-16T06:00:00Z,,,,,,,,,,0,0,0,0.0,0.0,2026-03,RESEARCH_DEVELOPMENT,LISTING_AFTER_30_DAYS,MATCHED_RANDOM,SKIPPED,NO_MATCHED_RANDOM_BLOCK,0
HOODUSDT-R-1773432000000-s31,HOODUSDT,CRYPTO_SENSITIVE_EQUITY,R,31,HOODUSDT-nyse_20260313T200000Z,W:2026-03-13T20:00:00Z:2026-03-16T06:00:00Z,,,,,,,,,,0,0,0,0.0,0.0,2026-03,RESEARCH_DEVELOPMENT,LISTING_AFTER_30_DAYS,MATCHED_RANDOM,SKIPPED,NO_MATCHED_RANDOM_BLOCK,0
INTCUSDT-R-1773432000000-s31,INTCUSDT,TRADITIONAL_EQUITY,R,31,INTCUSDT-nyse_20260313T200000Z,W:2026-03-13T20:00:00Z:2026-03-16T06:00:00Z,,,,,,,,,,0,0,0,0.0,0.0,2026-03,RESEARCH_DEVELOPMENT,LISTING_AFTER_30_DAYS,MATCHED_RANDOM,SKIPPED,NO_MATCHED_RANDOM_BLOCK,0
MSTRUSDT-R-1773432000000-s31,MSTRUSDT,CRYPTO_SENSITIVE_EQUITY,R,31,MSTRUSDT-nyse_20260313T200000Z,W:2026-03-13T20:00:00Z:2026-03-16T06:00:00Z,,,,,,,,,,0,0,0,0.0,0.0,2026-03,RESEARCH_DEVELOPMENT,LISTING_AFTER_30_DAYS,MATCHED_RANDOM,SKIPPED,NO_MATCHED_RANDOM_BLOCK,0
PLTRUSDT-R-1773432000000-s31,PLTRUSDT,TRADITIONAL_EQUITY,R,31,PLTRUSDT-nyse_20260313T200000Z,W:2026-03-13T20:00:00Z:2026-03-16T06:00:00Z,,,,,,,,,,0,0,0,0.0,0.0,2026-03,RESEARCH_DEVELOPMENT,LISTING_AFTER_30_DAYS,MATCHED_RANDOM,SKIPPED,NO_MATCHED_RANDOM_BLOCK,0
TSLAUSDT-R-1773432000000-s31,TSLAUSDT,TRADITIONAL_EQUITY,R,31,TSLAUSDT-nyse_20260313T200000Z,W:2026-03-13T20:00:00Z:2026-03-16T06:00:00Z,,,,,,,,,,0,0,0,0.0,0.0,2026-03,RESEARCH_DEVELOPMENT,LISTING_AFTER_30_DAYS,MATCHED_RANDOM,SKIPPED,NO_MATCHED_RANDOM_BLOCK,0
AMZNUSDT-R-1773432000000-s59,AMZNUSDT,TRADITIONAL_EQUITY,R,59,AMZNUSDT-nyse_20260313T200000Z,W:2026-03-13T20:00:00Z:2026-03-16T06:00:00Z,,,,,,,,,,0,0,0,0.0,0.0,2026-03,RESEARCH_DEVELOPMENT,LISTING_AFTER_30_DAYS,MATCHED_RANDOM,SKIPPED,NO_MATCHED_RANDOM_BLOCK,0
COINUSDT-R-1773432000000-s59,COINUSDT,CRYPTO_SENSITIVE_EQUITY,R,59,COINUSDT-nyse_20260313T200000Z,W:2026-03-13T20:00:00Z:2026-03-16T06:00:00Z,,,,,,,,,,0,0,0,0.0,0.0,2026-03,RESEARCH_DEVELOPMENT,LISTING_AFTER_30_DAYS,MATCHED_RANDOM,SKIPPED,NO_MATCHED_RANDOM_BLOCK,0
CRCLUSDT-R-1773432000000-s59,CRCLUSDT,CRYPTO_SENSITIVE_EQUITY,R,59,CRCLUSDT-nyse_20260313T200000Z,W:2026-03-13T20:00:00Z:2026-03-16T06:00:00Z,,,,,,,,,,0,0,0,0.0,0.0,2026-03,RESEARCH_DEVELOPMENT,LISTING_AFTER_30_DAYS,MATCHED_RANDOM,SKIPPED,NO_MATCHED_RANDOM_BLOCK,0
HOODUSDT-R-1773432000000-s59,HOODUSDT,CRYPTO_SENSITIVE_EQUITY,R,59,HOODUSDT-nyse_20260313T200000Z,W:2026-03-13T20:00:00Z:2026-03-16T06:00:00Z,,,,,,,,,,0,0,0,0.0,0.0,2026-03,RESEARCH_DEVELOPMENT,LISTING_AFTER_30_DAYS,MATCHED_RANDOM,SKIPPED,NO_MATCHED_RANDOM_BLOCK,0
INTCUSDT-R-1773432000000-s59,INTCUSDT,TRADITIONAL_EQUITY,R,59,INTCUSDT-nyse_20260313T200000Z,W:2026-03-13T20:00:00Z:2026-03-16T06:00:00Z,,,,,,,,,,0,0,0,0.0,0.0,2026-03,RESEARCH_DEVELOPMENT,LISTING_AFTER_30_DAYS,MATCHED_RANDOM,SKIPPED,NO_MATCHED_RANDOM_BLOCK,0
MSTRUSDT-R-1773432000000-s59,MSTRUSDT,CRYPTO_SENSITIVE_EQUITY,R,59,MSTRUSDT-nyse_20260313T200000Z,W:2026-03-13T20:00:00Z:2026-03-16T06:00:00Z,,,,,,,,,,0,0,0,0.0,0.0,2026-03,RESEARCH_DEVELOPMENT,LISTING_AFTER_30_DAYS,MATCHED_RANDOM,SKIPPED,NO_MATCHED_RANDOM_BLOCK,0
PLTRUSDT-R-1773432000000-s59,PLTRUSDT,TRADITIONAL_EQUITY,R,59,PLTRUSDT-nyse_20260313T200000Z,W:2026-03-13T20:00:00Z:2026-03-16T06:00:00Z,,,,,,,,,,0,0,0,0.0,0.0,2026-03,RESEARCH_DEVELOPMENT,LISTING_AFTER_30_DAYS,MATCHED_RANDOM,SKIPPED,NO_MATCHED_RANDOM_BLOCK,0
TSLAUSDT-R-1773432000000-s59,TSLAUSDT,TRADITIONAL_EQUITY,R,59,TSLAUSDT-nyse_20260313T200000Z,W:2026-03-13T20:00:00Z:2026-03-16T06:00:00Z,,,,,,,,,,0,0,0,0.0,0.0,2026-03,RESEARCH_DEVELOPMENT,LISTING_AFTER_30_DAYS,MATCHED_RANDOM,SKIPPED,NO_MATCHED_RANDOM_BLOCK,0
AMZNUSDT-R-1773432000000-s97,AMZNUSDT,TRADITIONAL_EQUITY,R,97,AMZNUSDT-nyse_20260313T200000Z,W:2026-03-13T20:00:00Z:2026-03-16T06:00:00Z,,,,,,,,,,0,0,0,0.0,0.0,2026-03,RESEARCH_DEVELOPMENT,LISTING_AFTER_30_DAYS,MATCHED_RANDOM,SKIPPED,NO_MATCHED_RANDOM_BLOCK,0
COINUSDT-R-1773432000000-s97,COINUSDT,CRYPTO_SENSITIVE_EQUITY,R,97,COINUSDT-nyse_20260313T200000Z,W:2026-03-13T20:00:00Z:2026-03-16T06:00:00Z,,,,,,,,,,0,0,0,0.0,0.0,2026-03,RESEARCH_DEVELOPMENT,LISTING_AFTER_30_DAYS,MATCHED_RANDOM,SKIPPED,NO_MATCHED_RANDOM_BLOCK,0
CRCLUSDT-R-1773432000000-s97,CRCLUSDT,CRYPTO_SENSITIVE_EQUITY,R,97,CRCLUSDT-nyse_20260313T200000Z,W:2026-03-13T20:00:00Z:2026-03-16T06:00:00Z,,,,,,,,,,0,0,0,0.0,0.0,2026-03,RESEARCH_DEVELOPMENT,LISTING_AFTER_30_DAYS,MATCHED_RANDOM,SKIPPED,NO_MATCHED_RANDOM_BLOCK,0
HOODUSDT-R-1773432000000-s97,HOODUSDT,CRYPTO_SENSITIVE_EQUITY,R,97,HOODUSDT-nyse_20260313T200000Z,W:2026-03-13T20:00:00Z:2026-03-16T06:00:00Z,,,,,,,,,,0,0,0,0.0,0.0,2026-03,RESEARCH_DEVELOPMENT,LISTING_AFTER_30_DAYS,MATCHED_RANDOM,SKIPPED,NO_MATCHED_RANDOM_BLOCK,0
INTCUSDT-R-1773432000000-s97,INTCUSDT,TRADITIONAL_EQUITY,R,97,INTCUSDT-nyse_20260313T200000Z,W:2026-03-13T20:00:00Z:2026-03-16T06:00:00Z,,,,,,,,,,0,0,0,0.0,0.0,2026-03,RESEARCH_DEVELOPMENT,LISTING_AFTER_30_DAYS,MATCHED_RANDOM,SKIPPED,NO_MATCHED_RANDOM_BLOCK,0
MSTRUSDT-R-1773432000000-s97,MSTRUSDT,CRYPTO_SENSITIVE_EQUITY,R,97,MSTRUSDT-nyse_20260313T200000Z,W:2026-03-13T20:00:00Z:2026-03-16T06:00:00Z,,,,,,,,,,0,0,0,0.0,0.0,2026-03,RESEARCH_DEVELOPMENT,LISTING_AFTER_30_DAYS,MATCHED_RANDOM,SKIPPED,NO_MATCHED_RANDOM_BLOCK,0
PLTRUSDT-R-1773432000000-s97,PLTRUSDT,TRADITIONAL_EQUITY,R,97,PLTRUSDT-nyse_20260313T200000Z,W:2026-03-13T20:00:00Z:2026-03-16T06:00:00Z,,,,,,,,,,0,0,0,0.0,0.0,2026-03,RESEARCH_DEVELOPMENT,LISTING_AFTER_30_DAYS,MATCHED_RANDOM,SKIPPED,NO_MATCHED_RANDOM_BLOCK,0
TSLAUSDT-R-1773432000000-s97,TSLAUSDT,TRADITIONAL_EQUITY,R,97,TSLAUSDT-nyse_20260313T200000Z,W:2026-03-13T20:00:00Z:2026-03-16T06:00:00Z,,,,,,,,,,0,0,0,0.0,0.0,2026-03,RESEARCH_DEVELOPMENT,LISTING_AFTER_30_DAYS,MATCHED_RANDOM,SKIPPED,NO_MATCHED_RANDOM_BLOCK,0
AMZNUSDT-R-1774036800000-s3,AMZNUSDT,TRADITIONAL_EQUITY,R,3,AMZNUSDT-nyse_20260320T200000Z,W:2026-03-20T20:00:00Z:2026-03-23T06:00:00Z,,,,,,,,,,0,0,0,0.0,0.0,2026-03,RESEARCH_DEVELOPMENT,LISTING_AFTER_30_DAYS,MATCHED_RANDOM,SKIPPED,NO_MATCHED_RANDOM_BLOCK,0
COINUSDT-R-1774036800000-s3,COINUSDT,CRYPTO_SENSITIVE_EQUITY,R,3,COINUSDT-nyse_20260320T200000Z,W:2026-03-20T20:00:00Z:2026-03-23T06:00:00Z,,,,,,,,,,0,0,0,0.0,0.0,2026-03,RESEARCH_DEVELOPMENT,LISTING_AFTER_30_DAYS,MATCHED_RANDOM,SKIPPED,NO_MATCHED_RANDOM_BLOCK,0
CRCLUSDT-R-1774036800000-s3,CRCLUSDT,CRYPTO_SENSITIVE_EQUITY,R,3,CRCLUSDT-nyse_20260320T200000Z,W:2026-03-20T20:00:00Z:2026-03-23T06:00:00Z,,,,,,,,,,0,0,0,0.0,0.0,2026-03,RESEARCH_DEVELOPMENT,LISTING_AFTER_30_DAYS,MATCHED_RANDOM,SKIPPED,NO_MATCHED_RANDOM_BLOCK,0
HOODUSDT-R-1774036800000-s3,HOODUSDT,CRYPTO_SENSITIVE_EQUITY,R,3,HOODUSDT-nyse_20260320T200000Z,W:2026-03-20T20:00:00Z:2026-03-23T06:00:00Z,,,,,,,,,,0,0,0,0.0,0.0,2026-03,RESEARCH_DEVELOPMENT,LISTING_AFTER_30_DAYS,MATCHED_RANDOM,SKIPPED,NO_MATCHED_RANDOM_BLOCK,0
INTCUSDT-R-1774036800000-s3,INTCUSDT,TRADITIONAL_EQUITY,R,3,INTCUSDT-nyse_20260320T200000Z,W:2026-03-20T20:00:00Z:2026-03-23T06:00:00Z,,,,,,,,,,0,0,0,0.0,0.0,2026-03,RESEARCH_DEVELOPMENT,LISTING_AFTER_30_DAYS,MATCHED_RANDOM,SKIPPED,NO_MATCHED_RANDOM_BLOCK,0
MSTRUSDT-R-1774036800000-s3,MSTRUSDT,CRYPTO_SENSITIVE_EQUITY,R,3,MSTRUSDT-nyse_20260320T200000Z,W:2026-03-20T20:00:00Z:2026-03-23T06:00:00Z,,,,,,,,,,0,0,0,0.0,0.0,2026-03,RESEARCH_DEVELOPMENT,LISTING_AFTER_30_DAYS,MATCHED_RANDOM,SKIPPED,NO_MATCHED_RANDOM_BLOCK,0
PLTRUSDT-R-1774036800000-s3,PLTRUSDT,TRADITIONAL_EQUITY,R,3,PLTRUSDT-nyse_20260320T200000Z,W:2026-03-20T20:00:00Z:2026-03-23T06:00:00Z,,,,,,,,,,0,0,0,0.0,0.0,2026-03,RESEARCH_DEVELOPMENT,LISTING_AFTER_30_DAYS,MATCHED_RANDOM,SKIPPED,NO_MATCHED_RANDOM_BLOCK,0
TSLAUSDT-R-1774036800000-s3,TSLAUSDT,TRADITIONAL_EQUITY,R,3,TSLAUSDT-nyse_20260320T200000Z,W:2026-03-20T20:00:00Z:2026-03-23T06:00:00Z,,,,,,,,,,0,0,0,0.0,0.0,2026-03,RESEARCH_DEVELOPMENT,LISTING_AFTER_30_DAYS,MATCHED_RANDOM,SKIPPED,NO_MATCHED_RANDOM_BLOCK,0
AMZNUSDT-R-1774036800000-s10,AMZNUSDT,TRADITIONAL_EQUITY,R,10,AMZNUSDT-nyse_20260320T200000Z,W:2026-03-20T20:00:00Z:2026-03-23T06:00:00Z,,,,,,,,,,0,0,0,0.0,0.0,2026-03,RESEARCH_DEVELOPMENT,LISTING_AFTER_30_DAYS,MATCHED_RANDOM,SKIPPED,NO_MATCHED_RANDOM_BLOCK,0
COINUSDT-R-1774036800000-s10,COINUSDT,CRYPTO_SENSITIVE_EQUITY,R,10,COINUSDT-nyse_20260320T200000Z,W:2026-03-20T20:00:00Z:2026-03-23T06:00:00Z,,,,,,,,,,0,0,0,0.0,0.0,2026-03,RESEARCH_DEVELOPMENT,LISTING_AFTER_30_DAYS,MATCHED_RANDOM,SKIPPED,NO_MATCHED_RANDOM_BLOCK,0
CRCLUSDT-R-1774036800000-s10,CRCLUSDT,CRYPTO_SENSITIVE_EQUITY,R,10,CRCLUSDT-nyse_20260320T200000Z,W:2026-03-20T20:00:00Z:2026-03-23T06:00:00Z,,,,,,,,,,0,0,0,0.0,0.0,2026-03,RESEARCH_DEVELOPMENT,LISTING_AFTER_30_DAYS,MATCHED_RANDOM,SKIPPED,NO_MATCHED_RANDOM_BLOCK,0
HOODUSDT-R-1774036800000-s10,HOODUSDT,CRYPTO_SENSITIVE_EQUITY,R,10,HOODUSDT-nyse_20260320T200000Z,W:2026-03-20T20:00:00Z:2026-03-23T06:00:00Z,,,,,,,,,,0,0,0,0.0,0.0,2026-03,RESEARCH_DEVELOPMENT,LISTING_AFTER_30_DAYS,MATCHED_RANDOM,SKIPPED,NO_MATCHED_RANDOM_BLOCK,0
INTCUSDT-R-1774036800000-s10,INTCUSDT,TRADITIONAL_EQUITY,R,10,INTCUSDT-nyse_20260320T200000Z,W:2026-03-20T20:00:00Z:2026-03-23T06:00:00Z,,,,,,,,,,0,0,0,0.0,0.0,2026-03,RESEARCH_DEVELOPMENT,LISTING_AFTER_30_DAYS,MATCHED_RANDOM,SKIPPED,NO_MATCHED_RANDOM_BLOCK,0
MSTRUSDT-R-1774036800000-s10,MSTRUSDT,CRYPTO_SENSITIVE_EQUITY,R,10,MSTRUSDT-nyse_20260320T200000Z,W:2026-03-20T20:00:00Z:2026-03-23T06:00:00Z,,,,,,,,,,0,0,0,0.0,0.0,2026-03,RESEARCH_DEVELOPMENT,LISTING_AFTER_30_DAYS,MATCHED_RANDOM,SKIPPED,NO_MATCHED_RANDOM_BLOCK,0
PLTRUSDT-R-1774036800000-s10,PLTRUSDT,TRADITIONAL_EQUITY,R,10,PLTRUSDT-nyse_20260320T200000Z,W:2026-03-20T20:00:00Z:2026-03-23T06:00:00Z,,,,,,,,,,0,0,0,0.0,0.0,2026-03,RESEARCH_DEVELOPMENT,LISTING_AFTER_30_DAYS,MATCHED_RANDOM,SKIPPED,NO_MATCHED_RANDOM_BLOCK,0
TSLAUSDT-R-1774036800000-s10,TSLAUSDT,TRADITIONAL_EQUITY,R,10,TSLAUSDT-nyse_20260320T200000Z,W:2026-03-20T20:00:00Z:2026-03-23T06:00:00Z,,,,,,,,,,0,0,0,0.0,0.0,2026-03,RESEARCH_DEVELOPMENT,LISTING_AFTER_30_DAYS,MATCHED_RANDOM,SKIPPED,NO_MATCHED_RANDOM_BLOCK,0
AMZNUSDT-R-1774036800000-s17,AMZNUSDT,TRADITIONAL_EQUITY,R,17,AMZNUSDT-nyse_20260320T200000Z,W:2026-03-20T20:00:00Z:2026-03-23T06:00:00Z,,,,,,,,,,0,0,0,0.0,0.0,2026-03,RESEARCH_DEVELOPMENT,LISTING_AFTER_30_DAYS,MATCHED_RANDOM,SKIPPED,NO_MATCHED_RANDOM_BLOCK,0
COINUSDT-R-1774036800000-s17,COINUSDT,CRYPTO_SENSITIVE_EQUITY,R,17,COINUSDT-nyse_20260320T200000Z,W:2026-03-20T20:00:00Z:2026-03-23T06:00:00Z,,,,,,,,,,0,0,0,0.0,0.0,2026-03,RESEARCH_DEVELOPMENT,LISTING_AFTER_30_DAYS,MATCHED_RANDOM,SKIPPED,NO_MATCHED_RANDOM_BLOCK,0
CRCLUSDT-R-1774036800000-s17,CRCLUSDT,CRYPTO_SENSITIVE_EQUITY,R,17,CRCLUSDT-nyse_20260320T200000Z,W:2026-03-20T20:00:00Z:2026-03-23T06:00:00Z,,,,,,,,,,0,0,0,0.0,0.0,2026-03,RESEARCH_DEVELOPMENT,LISTING_AFTER_30_DAYS,MATCHED_RANDOM,SKIPPED,NO_MATCHED_RANDOM_BLOCK,0
HOODUSDT-R-1774036800000-s17,HOODUSDT,CRYPTO_SENSITIVE_EQUITY,R,17,HOODUSDT-nyse_20260320T200000Z,W:2026-03-20T20:00:00Z:2026-03-23T06:00:00Z,,,,,,,,,,0,0,0,0.0,0.0,2026-03,RESEARCH_DEVELOPMENT,LISTING_AFTER_30_DAYS,MATCHED_RANDOM,SKIPPED,NO_MATCHED_RANDOM_BLOCK,0
INTCUSDT-R-1774036800000-s17,INTCUSDT,TRADITIONAL_EQUITY,R,17,INTCUSDT-nyse_20260320T200000Z,W:2026-03-20T20:00:00Z:2026-03-23T06:00:00Z,,,,,,,,,,0,0,0,0.0,0.0,2026-03,RESEARCH_DEVELOPMENT,LISTING_AFTER_30_DAYS,MATCHED_RANDOM,SKIPPED,NO_MATCHED_RANDOM_BLOCK,0
MSTRUSDT-R-1774036800000-s17,MSTRUSDT,CRYPTO_SENSITIVE_EQUITY,R,17,MSTRUSDT-nyse_20260320T200000Z,W:2026-03-20T20:00:00Z:2026-03-23T06:00:00Z,,,,,,,,,,0,0,0,0.0,0.0,2026-03,RESEARCH_DEVELOPMENT,LISTING_AFTER_30_DAYS,MATCHED_RANDOM,SKIPPED,NO_MATCHED_RANDOM_BLOCK,0
PLTRUSDT-R-1774036800000-s17,PLTRUSDT,TRADITIONAL_EQUITY,R,17,PLTRUSDT-nyse_20260320T200000Z,W:2026-03-20T20:00:00Z:2026-03-23T06:00:00Z,,,,,,,,,,0,0,0,0.0,0.0,2026-03,RESEARCH_DEVELOPMENT,LISTING_AFTER_30_DAYS,MATCHED_RANDOM,SKIPPED,NO_MATCHED_RANDOM_BLOCK,0
TSLAUSDT-R-1774036800000-s17,TSLAUSDT,TRADITIONAL_EQUITY,R,17,TSLAUSDT-nyse_20260320T200000Z,W:2026-03-20T20:00:00Z:2026-03-23T06:00:00Z,,,,,,,,,,0,0,0,0.0,0.0,2026-03,RESEARCH_DEVELOPMENT,LISTING_AFTER_30_DAYS,MATCHED_RANDOM,SKIPPED,NO_MATCHED_RANDOM_BLOCK,0
AMZNUSDT-R-1774036800000-s31,AMZNUSDT,TRADITIONAL_EQUITY,R,31,AMZNUSDT-nyse_20260320T200000Z,W:2026-03-20T20:00:00Z:2026-03-23T06:00:00Z,,,,,,,,,,0,0,0,0.0,0.0,2026-03,RESEARCH_DEVELOPMENT,LISTING_AFTER_30_DAYS,MATCHED_RANDOM,SKIPPED,NO_MATCHED_RANDOM_BLOCK,0
COINUSDT-R-1774036800000-s31,COINUSDT,CRYPTO_SENSITIVE_EQUITY,R,31,COINUSDT-nyse_20260320T200000Z,W:2026-03-20T20:00:00Z:2026-03-23T06:00:00Z,,,,,,,,,,0,0,0,0.0,0.0,2026-03,RESEARCH_DEVELOPMENT,LISTING_AFTER_30_DAYS,MATCHED_RANDOM,SKIPPED,NO_MATCHED_RANDOM_BLOCK,0
CRCLUSDT-R-1774036800000-s31,CRCLUSDT,CRYPTO_SENSITIVE_EQUITY,R,31,CRCLUSDT-nyse_20260320T200000Z,W:2026-03-20T20:00:00Z:2026-03-23T06:00:00Z,,,,,,,,,,0,0,0,0.0,0.0,2026-03,RESEARCH_DEVELOPMENT,LISTING_AFTER_30_DAYS,MATCHED_RANDOM,SKIPPED,NO_MATCHED_RANDOM_BLOCK,0
HOODUSDT-R-1774036800000-s31,HOODUSDT,CRYPTO_SENSITIVE_EQUITY,R,31,HOODUSDT-nyse_20260320T200000Z,W:2026-03-20T20:00:00Z:2026-03-23T06:00:00Z,,,,,,,,,,0,0,0,0.0,0.0,2026-03,RESEARCH_DEVELOPMENT,LISTING_AFTER_30_DAYS,MATCHED_RANDOM,SKIPPED,NO_MATCHED_RANDOM_BLOCK,0
INTCUSDT-R-1774036800000-s31,INTCUSDT,TRADITIONAL_EQUITY,R,31,INTCUSDT-nyse_20260320T200000Z,W:2026-03-20T20:00:00Z:2026-03-23T06:00:00Z,,,,,,,,,,0,0,0,0.0,0.0,2026-03,RESEARCH_DEVELOPMENT,LISTING_AFTER_30_DAYS,MATCHED_RANDOM,SKIPPED,NO_MATCHED_RANDOM_BLOCK,0
MSTRUSDT-R-1774036800000-s31,MSTRUSDT,CRYPTO_SENSITIVE_EQUITY,R,31,MSTRUSDT-nyse_20260320T200000Z,W:2026-03-20T20:00:00Z:2026-03-23T06:00:00Z,,,,,,,,,,0,0,0,0.0,0.0,2026-03,RESEARCH_DEVELOPMENT,LISTING_AFTER_30_DAYS,MATCHED_RANDOM,SKIPPED,NO_MATCHED_RANDOM_BLOCK,0
PLTRUSDT-R-1774036800000-s31,PLTRUSDT,TRADITIONAL_EQUITY,R,31,PLTRUSDT-nyse_20260320T200000Z,W:2026-03-20T20:00:00Z:2026-03-23T06:00:00Z,,,,,,,,,,0,0,0,0.0,0.0,2026-03,RESEARCH_DEVELOPMENT,LISTING_AFTER_30_DAYS,MATCHED_RANDOM,SKIPPED,NO_MATCHED_RANDOM_BLOCK,0
TSLAUSDT-R-1774036800000-s31,TSLAUSDT,TRADITIONAL_EQUITY,R,31,TSLAUSDT-nyse_20260320T200000Z,W:2026-03-20T20:00:00Z:2026-03-23T06:00:00Z,,,,,,,,,,0,0,0,0.0,0.0,2026-03,RESEARCH_DEVELOPMENT,LISTING_AFTER_30_DAYS,MATCHED_RANDOM,SKIPPED,NO_MATCHED_RANDOM_BLOCK,0
AMZNUSDT-R-1774036800000-s59,AMZNUSDT,TRADITIONAL_EQUITY,R,59,AMZNUSDT-nyse_20260320T200000Z,W:2026-03-20T20:00:00Z:2026-03-23T06:00:00Z,,,,,,,,,,0,0,0,0.0,0.0,2026-03,RESEARCH_DEVELOPMENT,LISTING_AFTER_30_DAYS,MATCHED_RANDOM,SKIPPED,NO_MATCHED_RANDOM_BLOCK,0
COINUSDT-R-1774036800000-s59,COINUSDT,CRYPTO_SENSITIVE_EQUITY,R,59,COINUSDT-nyse_20260320T200000Z,W:2026-03-20T20:00:00Z:2026-03-23T06:00:00Z,,,,,,,,,,0,0,0,0.0,0.0,2026-03,RESEARCH_DEVELOPMENT,LISTING_AFTER_30_DAYS,MATCHED_RANDOM,SKIPPED,NO_MATCHED_RANDOM_BLOCK,0
CRCLUSDT-R-1774036800000-s59,CRCLUSDT,CRYPTO_SENSITIVE_EQUITY,R,59,CRCLUSDT-nyse_20260320T200000Z,W:2026-03-20T20:00:00Z:2026-03-23T06:00:00Z,,,,,,,,,,0,0,0,0.0,0.0,2026-03,RESEARCH_DEVELOPMENT,LISTING_AFTER_30_DAYS,MATCHED_RANDOM,SKIPPED,NO_MATCHED_RANDOM_BLOCK,0
HOODUSDT-R-1774036800000-s59,HOODUSDT,CRYPTO_SENSITIVE_EQUITY,R,59,HOODUSDT-nyse_20260320T200000Z,W:2026-03-20T20:00:00Z:2026-03-23T06:00:00Z,,,,,,,,,,0,0,0,0.0,0.0,2026-03,RESEARCH_DEVELOPMENT,LISTING_AFTER_30_DAYS,MATCHED_RANDOM,SKIPPED,NO_MATCHED_RANDOM_BLOCK,0
INTCUSDT-R-1774036800000-s59,INTCUSDT,TRADITIONAL_EQUITY,R,59,INTCUSDT-nyse_20260320T200000Z,W:2026-03-20T20:00:00Z:2026-03-23T06:00:00Z,,,,,,,,,,0,0,0,0.0,0.0,2026-03,RESEARCH_DEVELOPMENT,LISTING_AFTER_30_DAYS,MATCHED_RANDOM,SKIPPED,NO_MATCHED_RANDOM_BLOCK,0
MSTRUSDT-R-1774036800000-s59,MSTRUSDT,CRYPTO_SENSITIVE_EQUITY,R,59,MSTRUSDT-nyse_20260320T200000Z,W:2026-03-20T20:00:00Z:2026-03-23T06:00:00Z,,,,,,,,,,0,0,0,0.0,0.0,2026-03,RESEARCH_DEVELOPMENT,LISTING_AFTER_30_DAYS,MATCHED_RANDOM,SKIPPED,NO_MATCHED_RANDOM_BLOCK,0
PLTRUSDT-R-1774036800000-s59,PLTRUSDT,TRADITIONAL_EQUITY,R,59,PLTRUSDT-nyse_20260320T200000Z,W:2026-03-20T20:00:00Z:2026-03-23T06:00:00Z,,,,,,,,,,0,0,0,0.0,0.0,2026-03,RESEARCH_DEVELOPMENT,LISTING_AFTER_30_DAYS,MATCHED_RANDOM,SKIPPED,NO_MATCHED_RANDOM_BLOCK,0
TSLAUSDT-R-1774036800000-s59,TSLAUSDT,TRADITIONAL_EQUITY,R,59,TSLAUSDT-nyse_20260320T200000Z,W:2026-03-20T20:00:00Z:2026-03-23T06:00:00Z,,,,,,,,,,0,0,0,0.0,0.0,2026-03,RESEARCH_DEVELOPMENT,LISTING_AFTER_30_DAYS,MATCHED_RANDOM,SKIPPED,NO_MATCHED_RANDOM_BLOCK,0
AMZNUSDT-R-1774036800000-s97,AMZNUSDT,TRADITIONAL_EQUITY,R,97,AMZNUSDT-nyse_20260320T200000Z,W:2026-03-20T20:00:00Z:2026-03-23T06:00:00Z,,,,,,,,,,0,0,0,0.0,0.0,2026-03,RESEARCH_DEVELOPMENT,LISTING_AFTER_30_DAYS,MATCHED_RANDOM,SKIPPED,NO_MATCHED_RANDOM_BLOCK,0
COINUSDT-R-1774036800000-s97,COINUSDT,CRYPTO_SENSITIVE_EQUITY,R,97,COINUSDT-nyse_20260320T200000Z,W:2026-03-20T20:00:00Z:2026-03-23T06:00:00Z,,,,,,,,,,0,0,0,0.0,0.0,2026-03,RESEARCH_DEVELOPMENT,LISTING_AFTER_30_DAYS,MATCHED_RANDOM,SKIPPED,NO_MATCHED_RANDOM_BLOCK,0
CRCLUSDT-R-1774036800000-s97,CRCLUSDT,CRYPTO_SENSITIVE_EQUITY,R,97,CRCLUSDT-nyse_20260320T200000Z,W:2026-03-20T20:00:00Z:2026-03-23T06:00:00Z,,,,,,,,,,0,0,0,0.0,0.0,2026-03,RESEARCH_DEVELOPMENT,LISTING_AFTER_30_DAYS,MATCHED_RANDOM,SKIPPED,NO_MATCHED_RANDOM_BLOCK,0
HOODUSDT-R-1774036800000-s97,HOODUSDT,CRYPTO_SENSITIVE_EQUITY,R,97,HOODUSDT-nyse_20260320T200000Z,W:2026-03-20T20:00:00Z:2026-03-23T06:00:00Z,,,,,,,,,,0,0,0,0.0,0.0,2026-03,RESEARCH_DEVELOPMENT,LISTING_AFTER_30_DAYS,MATCHED_RANDOM,SKIPPED,NO_MATCHED_RANDOM_BLOCK,0
INTCUSDT-R-1774036800000-s97,INTCUSDT,TRADITIONAL_EQUITY,R,97,INTCUSDT-nyse_20260320T200000Z,W:2026-03-20T20:00:00Z:2026-03-23T06:00:00Z,,,,,,,,,,0,0,0,0.0,0.0,2026-03,RESEARCH_DEVELOPMENT,LISTING_AFTER_30_DAYS,MATCHED_RANDOM,SKIPPED,NO_MATCHED_RANDOM_BLOCK,0
MSTRUSDT-R-1774036800000-s97,MSTRUSDT,CRYPTO_SENSITIVE_EQUITY,R,97,MSTRUSDT-nyse_20260320T200000Z,W:2026-03-20T20:00:00Z:2026-03-23T06:00:00Z,,,,,,,,,,0,0,0,0.0,0.0,2026-03,RESEARCH_DEVELOPMENT,LISTING_AFTER_30_DAYS,MATCHED_RANDOM,SKIPPED,NO_MATCHED_RANDOM_BLOCK,0
PLTRUSDT-R-1774036800000-s97,PLTRUSDT,TRADITIONAL_EQUITY,R,97,PLTRUSDT-nyse_20260320T200000Z,W:2026-03-20T20:00:00Z:2026-03-23T06:00:00Z,,,,,,,,,,0,0,0,0.0,0.0,2026-03,RESEARCH_DEVELOPMENT,LISTING_AFTER_30_DAYS,MATCHED_RANDOM,SKIPPED,NO_MATCHED_RANDOM_BLOCK,0
TSLAUSDT-R-1774036800000-s97,TSLAUSDT,TRADITIONAL_EQUITY,R,97,TSLAUSDT-nyse_20260320T200000Z,W:2026-03-20T20:00:00Z:2026-03-23T06:00:00Z,,,,,,,,,,0,0,0,0.0,0.0,2026-03,RESEARCH_DEVELOPMENT,LISTING_AFTER_30_DAYS,MATCHED_RANDOM,SKIPPED,NO_MATCHED_RANDOM_BLOCK,0
AMZNUSDT-R-1774641600000-s3,AMZNUSDT,TRADITIONAL_EQUITY,R,3,AMZNUSDT-nyse_20260327T200000Z,W:2026-03-27T20:00:00Z:2026-03-30T06:00:00Z,,,,,,,,,,0,0,0,0.0,0.0,2026-03,RESEARCH_DEVELOPMENT,LISTING_AFTER_30_DAYS,MATCHED_RANDOM,SKIPPED,NO_MATCHED_RANDOM_BLOCK,0
COINUSDT-R-1774641600000-s3,COINUSDT,CRYPTO_SENSITIVE_EQUITY,R,3,COINUSDT-nyse_20260327T200000Z,W:2026-03-27T20:00:00Z:2026-03-30T06:00:00Z,,,,,,,,,,0,0,0,0.0,0.0,2026-03,RESEARCH_DEVELOPMENT,LISTING_AFTER_30_DAYS,MATCHED_RANDOM,SKIPPED,NO_MATCHED_RANDOM_BLOCK,0
CRCLUSDT-R-1774641600000-s3,CRCLUSDT,CRYPTO_SENSITIVE_EQUITY,R,3,CRCLUSDT-nyse_20260327T200000Z,W:2026-03-27T20:00:00Z:2026-03-30T06:00:00Z,,,,,,,,,,0,0,0,0.0,0.0,2026-03,RESEARCH_DEVELOPMENT,LISTING_AFTER_30_DAYS,MATCHED_RANDOM,SKIPPED,NO_MATCHED_RANDOM_BLOCK,0
HOODUSDT-R-1774641600000-s3,HOODUSDT,CRYPTO_SENSITIVE_EQUITY,R,3,HOODUSDT-nyse_20260327T200000Z,W:2026-03-27T20:00:00Z:2026-03-30T06:00:00Z,,,,,,,,,,0,0,0,0.0,0.0,2026-03,RESEARCH_DEVELOPMENT,LISTING_AFTER_30_DAYS,MATCHED_RANDOM,SKIPPED,NO_MATCHED_RANDOM_BLOCK,0
INTCUSDT-R-1774641600000-s3,INTCUSDT,TRADITIONAL_EQUITY,R,3,INTCUSDT-nyse_20260327T200000Z,W:2026-03-27T20:00:00Z:2026-03-30T06:00:00Z,,,,,,,,,,0,0,0,0.0,0.0,2026-03,RESEARCH_DEVELOPMENT,LISTING_AFTER_30_DAYS,MATCHED_RANDOM,SKIPPED,NO_MATCHED_RANDOM_BLOCK,0
MSTRUSDT-R-1774641600000-s3,MSTRUSDT,CRYPTO_SENSITIVE_EQUITY,R,3,MSTRUSDT-nyse_20260327T200000Z,W:2026-03-27T20:00:00Z:2026-03-30T06:00:00Z,,,,,,,,,,0,0,0,0.0,0.0,2026-03,RESEARCH_DEVELOPMENT,LISTING_AFTER_30_DAYS,MATCHED_RANDOM,SKIPPED,NO_MATCHED_RANDOM_BLOCK,0
PLTRUSDT-R-1774641600000-s3,PLTRUSDT,TRADITIONAL_EQUITY,R,3,PLTRUSDT-nyse_20260327T200000Z,W:2026-03-27T20:00:00Z:2026-03-30T06:00:00Z,,,,,,,,,,0,0,0,0.0,0.0,2026-03,RESEARCH_DEVELOPMENT,LISTING_AFTER_30_DAYS,MATCHED_RANDOM,SKIPPED,NO_MATCHED_RANDOM_BLOCK,0
TSLAUSDT-R-1774641600000-s3,TSLAUSDT,TRADITIONAL_EQUITY,R,3,TSLAUSDT-nyse_20260327T200000Z,W:2026-03-27T20:00:00Z:2026-03-30T06:00:00Z,,,,,,,,,,0,0,0,0.0,0.0,2026-03,RESEARCH_DEVELOPMENT,LISTING_AFTER_30_DAYS,MATCHED_RANDOM,SKIPPED,NO_MATCHED_RANDOM_BLOCK,0
AMZNUSDT-R-1774641600000-s10,AMZNUSDT,TRADITIONAL_EQUITY,R,10,AMZNUSDT-nyse_20260327T200000Z,W:2026-03-27T20:00:00Z:2026-03-30T06:00:00Z,,,,,,,,,,0,0,0,0.0,0.0,2026-03,RESEARCH_DEVELOPMENT,LISTING_AFTER_30_DAYS,MATCHED_RANDOM,SKIPPED,NO_MATCHED_RANDOM_BLOCK,0
COINUSDT-R-1774641600000-s10,COINUSDT,CRYPTO_SENSITIVE_EQUITY,R,10,COINUSDT-nyse_20260327T200000Z,W:2026-03-27T20:00:00Z:2026-03-30T06:00:00Z,,,,,,,,,,0,0,0,0.0,0.0,2026-03,RESEARCH_DEVELOPMENT,LISTING_AFTER_30_DAYS,MATCHED_RANDOM,SKIPPED,NO_MATCHED_RANDOM_BLOCK,0
CRCLUSDT-R-1774641600000-s10,CRCLUSDT,CRYPTO_SENSITIVE_EQUITY,R,10,CRCLUSDT-nyse_20260327T200000Z,W:2026-03-27T20:00:00Z:2026-03-30T06:00:00Z,,,,,,,,,,0,0,0,0.0,0.0,2026-03,RESEARCH_DEVELOPMENT,LISTING_AFTER_30_DAYS,MATCHED_RANDOM,SKIPPED,NO_MATCHED_RANDOM_BLOCK,0
HOODUSDT-R-1774641600000-s10,HOODUSDT,CRYPTO_SENSITIVE_EQUITY,R,10,HOODUSDT-nyse_20260327T200000Z,W:2026-03-27T20:00:00Z:2026-03-30T06:00:00Z,,,,,,,,,,0,0,0,0.0,0.0,2026-03,RESEARCH_DEVELOPMENT,LISTING_AFTER_30_DAYS,MATCHED_RANDOM,SKIPPED,NO_MATCHED_RANDOM_BLOCK,0
INTCUSDT-R-1774641600000-s10,INTCUSDT,TRADITIONAL_EQUITY,R,10,INTCUSDT-nyse_20260327T200000Z,W:2026-03-27T20:00:00Z:2026-03-30T06:00:00Z,,,,,,,,,,0,0,0,0.0,0.0,2026-03,RESEARCH_DEVELOPMENT,LISTING_AFTER_30_DAYS,MATCHED_RANDOM,SKIPPED,NO_MATCHED_RANDOM_BLOCK,0
MSTRUSDT-R-1774641600000-s10,MSTRUSDT,CRYPTO_SENSITIVE_EQUITY,R,10,MSTRUSDT-nyse_20260327T200000Z,W:2026-03-27T20:00:00Z:2026-03-30T06:00:00Z,,,,,,,,,,0,0,0,0.0,0.0,2026-03,RESEARCH_DEVELOPMENT,LISTING_AFTER_30_DAYS,MATCHED_RANDOM,SKIPPED,NO_MATCHED_RANDOM_BLOCK,0
PLTRUSDT-R-1774641600000-s10,PLTRUSDT,TRADITIONAL_EQUITY,R,10,PLTRUSDT-nyse_20260327T200000Z,W:2026-03-27T20:00:00Z:2026-03-30T06:00:00Z,,,,,,,,,,0,0,0,0.0,0.0,2026-03,RESEARCH_DEVELOPMENT,LISTING_AFTER_30_DAYS,MATCHED_RANDOM,SKIPPED,NO_MATCHED_RANDOM_BLOCK,0
TSLAUSDT-R-1774641600000-s10,TSLAUSDT,TRADITIONAL_EQUITY,R,10,TSLAUSDT-nyse_20260327T200000Z,W:2026-03-27T20:00:00Z:2026-03-30T06:00:00Z,,,,,,,,,,0,0,0,0.0,0.0,2026-03,RESEARCH_DEVELOPMENT,LISTING_AFTER_30_DAYS,MATCHED_RANDOM,SKIPPED,NO_MATCHED_RANDOM_BLOCK,0
AMZNUSDT-R-1774641600000-s17,AMZNUSDT,TRADITIONAL_EQUITY,R,17,AMZNUSDT-nyse_20260327T200000Z,W:2026-03-27T20:00:00Z:2026-03-30T06:00:00Z,,,,,,,,,,0,0,0,0.0,0.0,2026-03,RESEARCH_DEVELOPMENT,LISTING_AFTER_30_DAYS,MATCHED_RANDOM,SKIPPED,NO_MATCHED_RANDOM_BLOCK,0
COINUSDT-R-1774641600000-s17,COINUSDT,CRYPTO_SENSITIVE_EQUITY,R,17,COINUSDT-nyse_20260327T200000Z,W:2026-03-27T20:00:00Z:2026-03-30T06:00:00Z,,,,,,,,,,0,0,0,0.0,0.0,2026-03,RESEARCH_DEVELOPMENT,LISTING_AFTER_30_DAYS,MATCHED_RANDOM,SKIPPED,NO_MATCHED_RANDOM_BLOCK,0
CRCLUSDT-R-1774641600000-s17,CRCLUSDT,CRYPTO_SENSITIVE_EQUITY,R,17,CRCLUSDT-nyse_20260327T200000Z,W:2026-03-27T20:00:00Z:2026-03-30T06:00:00Z,,,,,,,,,,0,0,0,0.0,0.0,2026-03,RESEARCH_DEVELOPMENT,LISTING_AFTER_30_DAYS,MATCHED_RANDOM,SKIPPED,NO_MATCHED_RANDOM_BLOCK,0
HOODUSDT-R-1774641600000-s17,HOODUSDT,CRYPTO_SENSITIVE_EQUITY,R,17,HOODUSDT-nyse_20260327T200000Z,W:2026-03-27T20:00:00Z:2026-03-30T06:00:00Z,,,,,,,,,,0,0,0,0.0,0.0,2026-03,RESEARCH_DEVELOPMENT,LISTING_AFTER_30_DAYS,MATCHED_RANDOM,SKIPPED,NO_MATCHED_RANDOM_BLOCK,0
INTCUSDT-R-1774641600000-s17,INTCUSDT,TRADITIONAL_EQUITY,R,17,INTCUSDT-nyse_20260327T200000Z,W:2026-03-27T20:00:00Z:2026-03-30T06:00:00Z,,,,,,,,,,0,0,0,0.0,0.0,2026-03,RESEARCH_DEVELOPMENT,LISTING_AFTER_30_DAYS,MATCHED_RANDOM,SKIPPED,NO_MATCHED_RANDOM_BLOCK,0
MSTRUSDT-R-1774641600000-s17,MSTRUSDT,CRYPTO_SENSITIVE_EQUITY,R,17,MSTRUSDT-nyse_20260327T200000Z,W:2026-03-27T20:00:00Z:2026-03-30T06:00:00Z,,,,,,,,,,0,0,0,0.0,0.0,2026-03,RESEARCH_DEVELOPMENT,LISTING_AFTER_30_DAYS,MATCHED_RANDOM,SKIPPED,NO_MATCHED_RANDOM_BLOCK,0
PLTRUSDT-R-1774641600000-s17,PLTRUSDT,TRADITIONAL_EQUITY,R,17,PLTRUSDT-nyse_20260327T200000Z,W:2026-03-27T20:00:00Z:2026-03-30T06:00:00Z,,,,,,,,,,0,0,0,0.0,0.0,2026-03,RESEARCH_DEVELOPMENT,LISTING_AFTER_30_DAYS,MATCHED_RANDOM,SKIPPED,NO_MATCHED_RANDOM_BLOCK,0
TSLAUSDT-R-1774641600000-s17,TSLAUSDT,TRADITIONAL_EQUITY,R,17,TSLAUSDT-nyse_20260327T200000Z,W:2026-03-27T20:00:00Z:2026-03-30T06:00:00Z,,,,,,,,,,0,0,0,0.0,0.0,2026-03,RESEARCH_DEVELOPMENT,LISTING_AFTER_30_DAYS,MATCHED_RANDOM,SKIPPED,NO_MATCHED_RANDOM_BLOCK,0
AMZNUSDT-R-1774641600000-s31,AMZNUSDT,TRADITIONAL_EQUITY,R,31,AMZNUSDT-nyse_20260327T200000Z,W:2026-03-27T20:00:00Z:2026-03-30T06:00:00Z,,,,,,,,,,0,0,0,0.0,0.0,2026-03,RESEARCH_DEVELOPMENT,LISTING_AFTER_30_DAYS,MATCHED_RANDOM,SKIPPED,NO_MATCHED_RANDOM_BLOCK,0
COINUSDT-R-1774641600000-s31,COINUSDT,CRYPTO_SENSITIVE_EQUITY,R,31,COINUSDT-nyse_20260327T200000Z,W:2026-03-27T20:00:00Z:2026-03-30T06:00:00Z,,,,,,,,,,0,0,0,0.0,0.0,2026-03,RESEARCH_DEVELOPMENT,LISTING_AFTER_30_DAYS,MATCHED_RANDOM,SKIPPED,NO_MATCHED_RANDOM_BLOCK,0
CRCLUSDT-R-1774641600000-s31,CRCLUSDT,CRYPTO_SENSITIVE_EQUITY,R,31,CRCLUSDT-nyse_20260327T200000Z,W:2026-03-27T20:00:00Z:2026-03-30T06:00:00Z,,,,,,,,,,0,0,0,0.0,0.0,2026-03,RESEARCH_DEVELOPMENT,LISTING_AFTER_30_DAYS,MATCHED_RANDOM,SKIPPED,NO_MATCHED_RANDOM_BLOCK,0
HOODUSDT-R-1774641600000-s31,HOODUSDT,CRYPTO_SENSITIVE_EQUITY,R,31,HOODUSDT-nyse_20260327T200000Z,W:2026-03-27T20:00:00Z:2026-03-30T06:00:00Z,,,,,,,,,,0,0,0,0.0,0.0,2026-03,RESEARCH_DEVELOPMENT,LISTING_AFTER_30_DAYS,MATCHED_RANDOM,SKIPPED,NO_MATCHED_RANDOM_BLOCK,0
INTCUSDT-R-1774641600000-s31,INTCUSDT,TRADITIONAL_EQUITY,R,31,INTCUSDT-nyse_20260327T200000Z,W:2026-03-27T20:00:00Z:2026-03-30T06:00:00Z,,,,,,,,,,0,0,0,0.0,0.0,2026-03,RESEARCH_DEVELOPMENT,LISTING_AFTER_30_DAYS,MATCHED_RANDOM,SKIPPED,NO_MATCHED_RANDOM_BLOCK,0
MSTRUSDT-R-1774641600000-s31,MSTRUSDT,CRYPTO_SENSITIVE_EQUITY,R,31,MSTRUSDT-nyse_20260327T200000Z,W:2026-03-27T20:00:00Z:2026-03-30T06:00:00Z,,,,,,,,,,0,0,0,0.0,0.0,2026-03,RESEARCH_DEVELOPMENT,LISTING_AFTER_30_DAYS,MATCHED_RANDOM,SKIPPED,NO_MATCHED_RANDOM_BLOCK,0
PLTRUSDT-R-1774641600000-s31,PLTRUSDT,TRADITIONAL_EQUITY,R,31,PLTRUSDT-nyse_20260327T200000Z,W:2026-03-27T20:00:00Z:2026-03-30T06:00:00Z,,,,,,,,,,0,0,0,0.0,0.0,2026-03,RESEARCH_DEVELOPMENT,LISTING_AFTER_30_DAYS,MATCHED_RANDOM,SKIPPED,NO_MATCHED_RANDOM_BLOCK,0
TSLAUSDT-R-1774641600000-s31,TSLAUSDT,TRADITIONAL_EQUITY,R,31,TSLAUSDT-nyse_20260327T200000Z,W:2026-03-27T20:00:00Z:2026-03-30T06:00:00Z,,,,,,,,,,0,0,0,0.0,0.0,2026-03,RESEARCH_DEVELOPMENT,LISTING_AFTER_30_DAYS,MATCHED_RANDOM,SKIPPED,NO_MATCHED_RANDOM_BLOCK,0
AMZNUSDT-R-1774641600000-s59,AMZNUSDT,TRADITIONAL_EQUITY,R,59,AMZNUSDT-nyse_20260327T200000Z,W:2026-03-27T20:00:00Z:2026-03-30T06:00:00Z,,,,,,,,,,0,0,0,0.0,0.0,2026-03,RESEARCH_DEVELOPMENT,LISTING_AFTER_30_DAYS,MATCHED_RANDOM,SKIPPED,NO_MATCHED_RANDOM_BLOCK,0
COINUSDT-R-1774641600000-s59,COINUSDT,CRYPTO_SENSITIVE_EQUITY,R,59,COINUSDT-nyse_20260327T200000Z,W:2026-03-27T20:00:00Z:2026-03-30T06:00:00Z,,,,,,,,,,0,0,0,0.0,0.0,2026-03,RESEARCH_DEVELOPMENT,LISTING_AFTER_30_DAYS,MATCHED_RANDOM,SKIPPED,NO_MATCHED_RANDOM_BLOCK,0
CRCLUSDT-R-1774641600000-s59,CRCLUSDT,CRYPTO_SENSITIVE_EQUITY,R,59,CRCLUSDT-nyse_20260327T200000Z,W:2026-03-27T20:00:00Z:2026-03-30T06:00:00Z,,,,,,,,,,0,0,0,0.0,0.0,2026-03,RESEARCH_DEVELOPMENT,LISTING_AFTER_30_DAYS,MATCHED_RANDOM,SKIPPED,NO_MATCHED_RANDOM_BLOCK,0
HOODUSDT-R-1774641600000-s59,HOODUSDT,CRYPTO_SENSITIVE_EQUITY,R,59,HOODUSDT-nyse_20260327T200000Z,W:2026-03-27T20:00:00Z:2026-03-30T06:00:00Z,,,,,,,,,,0,0,0,0.0,0.0,2026-03,RESEARCH_DEVELOPMENT,LISTING_AFTER_30_DAYS,MATCHED_RANDOM,SKIPPED,NO_MATCHED_RANDOM_BLOCK,0
INTCUSDT-R-1774641600000-s59,INTCUSDT,TRADITIONAL_EQUITY,R,59,INTCUSDT-nyse_20260327T200000Z,W:2026-03-27T20:00:00Z:2026-03-30T06:00:00Z,,,,,,,,,,0,0,0,0.0,0.0,2026-03,RESEARCH_DEVELOPMENT,LISTING_AFTER_30_DAYS,MATCHED_RANDOM,SKIPPED,NO_MATCHED_RANDOM_BLOCK,0
MSTRUSDT-R-1774641600000-s59,MSTRUSDT,CRYPTO_SENSITIVE_EQUITY,R,59,MSTRUSDT-nyse_20260327T200000Z,W:2026-03-27T20:00:00Z:2026-03-30T06:00:00Z,,,,,,,,,,0,0,0,0.0,0.0,2026-03,RESEARCH_DEVELOPMENT,LISTING_AFTER_30_DAYS,MATCHED_RANDOM,SKIPPED,NO_MATCHED_RANDOM_BLOCK,0
PLTRUSDT-R-1774641600000-s59,PLTRUSDT,TRADITIONAL_EQUITY,R,59,PLTRUSDT-nyse_20260327T200000Z,W:2026-03-27T20:00:00Z:2026-03-30T06:00:00Z,,,,,,,,,,0,0,0,0.0,0.0,2026-03,RESEARCH_DEVELOPMENT,LISTING_AFTER_30_DAYS,MATCHED_RANDOM,SKIPPED,NO_MATCHED_RANDOM_BLOCK,0
TSLAUSDT-R-1774641600000-s59,TSLAUSDT,TRADITIONAL_EQUITY,R,59,TSLAUSDT-nyse_20260327T200000Z,W:2026-03-27T20:00:00Z:2026-03-30T06:00:00Z,,,,,,,,,,0,0,0,0.0,0.0,2026-03,RESEARCH_DEVELOPMENT,LISTING_AFTER_30_DAYS,MATCHED_RANDOM,SKIPPED,NO_MATCHED_RANDOM_BLOCK,0
AMZNUSDT-R-1774641600000-s97,AMZNUSDT,TRADITIONAL_EQUITY,R,97,AMZNUSDT-nyse_20260327T200000Z,W:2026-03-27T20:00:00Z:2026-03-30T06:00:00Z,,,,,,,,,,0,0,0,0.0,0.0,2026-03,RESEARCH_DEVELOPMENT,LISTING_AFTER_30_DAYS,MATCHED_RANDOM,SKIPPED,NO_MATCHED_RANDOM_BLOCK,0
COINUSDT-R-1774641600000-s97,COINUSDT,CRYPTO_SENSITIVE_EQUITY,R,97,COINUSDT-nyse_20260327T200000Z,W:2026-03-27T20:00:00Z:2026-03-30T06:00:00Z,,,,,,,,,,0,0,0,0.0,0.0,2026-03,RESEARCH_DEVELOPMENT,LISTING_AFTER_30_DAYS,MATCHED_RANDOM,SKIPPED,NO_MATCHED_RANDOM_BLOCK,0
CRCLUSDT-R-1774641600000-s97,CRCLUSDT,CRYPTO_SENSITIVE_EQUITY,R,97,CRCLUSDT-nyse_20260327T200000Z,W:2026-03-27T20:00:00Z:2026-03-30T06:00:00Z,,,,,,,,,,0,0,0,0.0,0.0,2026-03,RESEARCH_DEVELOPMENT,LISTING_AFTER_30_DAYS,MATCHED_RANDOM,SKIPPED,NO_MATCHED_RANDOM_BLOCK,0
HOODUSDT-R-1774641600000-s97,HOODUSDT,CRYPTO_SENSITIVE_EQUITY,R,97,HOODUSDT-nyse_20260327T200000Z,W:2026-03-27T20:00:00Z:2026-03-30T06:00:00Z,,,,,,,,,,0,0,0,0.0,0.0,2026-03,RESEARCH_DEVELOPMENT,LISTING_AFTER_30_DAYS,MATCHED_RANDOM,SKIPPED,NO_MATCHED_RANDOM_BLOCK,0
INTCUSDT-R-1774641600000-s97,INTCUSDT,TRADITIONAL_EQUITY,R,97,INTCUSDT-nyse_20260327T200000Z,W:2026-03-27T20:00:00Z:2026-03-30T06:00:00Z,,,,,,,,,,0,0,0,0.0,0.0,2026-03,RESEARCH_DEVELOPMENT,LISTING_AFTER_30_DAYS,MATCHED_RANDOM,SKIPPED,NO_MATCHED_RANDOM_BLOCK,0
MSTRUSDT-R-1774641600000-s97,MSTRUSDT,CRYPTO_SENSITIVE_EQUITY,R,97,MSTRUSDT-nyse_20260327T200000Z,W:2026-03-27T20:00:00Z:2026-03-30T06:00:00Z,,,,,,,,,,0,0,0,0.0,0.0,2026-03,RESEARCH_DEVELOPMENT,LISTING_AFTER_30_DAYS,MATCHED_RANDOM,SKIPPED,NO_MATCHED_RANDOM_BLOCK,0
PLTRUSDT-R-1774641600000-s97,PLTRUSDT,TRADITIONAL_EQUITY,R,97,PLTRUSDT-nyse_20260327T200000Z,W:2026-03-27T20:00:00Z:2026-03-30T06:00:00Z,,,,,,,,,,0,0,0,0.0,0.0,2026-03,RESEARCH_DEVELOPMENT,LISTING_AFTER_30_DAYS,MATCHED_RANDOM,SKIPPED,NO_MATCHED_RANDOM_BLOCK,0
TSLAUSDT-R-1774641600000-s97,TSLAUSDT,TRADITIONAL_EQUITY,R,97,TSLAUSDT-nyse_20260327T200000Z,W:2026-03-27T20:00:00Z:2026-03-30T06:00:00Z,,,,,,,,,,0,0,0,0.0,0.0,2026-03,RESEARCH_DEVELOPMENT,LISTING_AFTER_30_DAYS,MATCHED_RANDOM,SKIPPED,NO_MATCHED_RANDOM_BLOCK,0
AMZNUSDT-R-1775160000000-s3,AMZNUSDT,TRADITIONAL_EQUITY,R,3,AMZNUSDT-nyse_20260402T200000Z,W:2026-04-02T20:00:00Z:2026-04-06T06:00:00Z,,,,,,,,,,0,0,0,0.0,0.0,2026-04,RESEARCH_DEVELOPMENT,LISTING_AFTER_30_DAYS,MATCHED_RANDOM,SKIPPED,NO_MATCHED_RANDOM_BLOCK,0
COINUSDT-R-1775160000000-s3,COINUSDT,CRYPTO_SENSITIVE_EQUITY,R,3,COINUSDT-nyse_20260402T200000Z,W:2026-04-02T20:00:00Z:2026-04-06T06:00:00Z,,,,,,,,,,0,0,0,0.0,0.0,2026-04,RESEARCH_DEVELOPMENT,LISTING_AFTER_30_DAYS,MATCHED_RANDOM,SKIPPED,NO_MATCHED_RANDOM_BLOCK,0
CRCLUSDT-R-1775160000000-s3,CRCLUSDT,CRYPTO_SENSITIVE_EQUITY,R,3,CRCLUSDT-nyse_20260402T200000Z,W:2026-04-02T20:00:00Z:2026-04-06T06:00:00Z,,,,,,,,,,0,0,0,0.0,0.0,2026-04,RESEARCH_DEVELOPMENT,LISTING_AFTER_30_DAYS,MATCHED_RANDOM,SKIPPED,NO_MATCHED_RANDOM_BLOCK,0
HOODUSDT-R-1775160000000-s3,HOODUSDT,CRYPTO_SENSITIVE_EQUITY,R,3,HOODUSDT-nyse_20260402T200000Z,W:2026-04-02T20:00:00Z:2026-04-06T06:00:00Z,,,,,,,,,,0,0,0,0.0,0.0,2026-04,RESEARCH_DEVELOPMENT,LISTING_AFTER_30_DAYS,MATCHED_RANDOM,SKIPPED,NO_MATCHED_RANDOM_BLOCK,0
INTCUSDT-R-1775160000000-s3,INTCUSDT,TRADITIONAL_EQUITY,R,3,INTCUSDT-nyse_20260402T200000Z,W:2026-04-02T20:00:00Z:2026-04-06T06:00:00Z,,,,,,,,,,0,0,0,0.0,0.0,2026-04,RESEARCH_DEVELOPMENT,LISTING_AFTER_30_DAYS,MATCHED_RANDOM,SKIPPED,NO_MATCHED_RANDOM_BLOCK,0
MSTRUSDT-R-1775160000000-s3,MSTRUSDT,CRYPTO_SENSITIVE_EQUITY,R,3,MSTRUSDT-nyse_20260402T200000Z,W:2026-04-02T20:00:00Z:2026-04-06T06:00:00Z,,,,,,,,,,0,0,0,0.0,0.0,2026-04,RESEARCH_DEVELOPMENT,LISTING_AFTER_30_DAYS,MATCHED_RANDOM,SKIPPED,NO_MATCHED_RANDOM_BLOCK,0
PLTRUSDT-R-1775160000000-s3,PLTRUSDT,TRADITIONAL_EQUITY,R,3,PLTRUSDT-nyse_20260402T200000Z,W:2026-04-02T20:00:00Z:2026-04-06T06:00:00Z,,,,,,,,,,0,0,0,0.0,0.0,2026-04,RESEARCH_DEVELOPMENT,LISTING_AFTER_30_DAYS,MATCHED_RANDOM,SKIPPED,NO_MATCHED_RANDOM_BLOCK,0
TSLAUSDT-R-1775160000000-s3,TSLAUSDT,TRADITIONAL_EQUITY,R,3,TSLAUSDT-nyse_20260402T200000Z,W:2026-04-02T20:00:00Z:2026-04-06T06:00:00Z,,,,,,,,,,0,0,0,0.0,0.0,2026-04,RESEARCH_DEVELOPMENT,LISTING_AFTER_30_DAYS,MATCHED_RANDOM,SKIPPED,NO_MATCHED_RANDOM_BLOCK,0
AMZNUSDT-R-1775160000000-s10,AMZNUSDT,TRADITIONAL_EQUITY,R,10,AMZNUSDT-nyse_20260402T200000Z,W:2026-04-02T20:00:00Z:2026-04-06T06:00:00Z,,,,,,,,,,0,0,0,0.0,0.0,2026-04,RESEARCH_DEVELOPMENT,LISTING_AFTER_30_DAYS,MATCHED_RANDOM,SKIPPED,NO_MATCHED_RANDOM_BLOCK,0
COINUSDT-R-1775160000000-s10,COINUSDT,CRYPTO_SENSITIVE_EQUITY,R,10,COINUSDT-nyse_20260402T200000Z,W:2026-04-02T20:00:00Z:2026-04-06T06:00:00Z,,,,,,,,,,0,0,0,0.0,0.0,2026-04,RESEARCH_DEVELOPMENT,LISTING_AFTER_30_DAYS,MATCHED_RANDOM,SKIPPED,NO_MATCHED_RANDOM_BLOCK,0
CRCLUSDT-R-1775160000000-s10,CRCLUSDT,CRYPTO_SENSITIVE_EQUITY,R,10,CRCLUSDT-nyse_20260402T200000Z,W:2026-04-02T20:00:00Z:2026-04-06T06:00:00Z,,,,,,,,,,0,0,0,0.0,0.0,2026-04,RESEARCH_DEVELOPMENT,LISTING_AFTER_30_DAYS,MATCHED_RANDOM,SKIPPED,NO_MATCHED_RANDOM_BLOCK,0
HOODUSDT-R-1775160000000-s10,HOODUSDT,CRYPTO_SENSITIVE_EQUITY,R,10,HOODUSDT-nyse_20260402T200000Z,W:2026-04-02T20:00:00Z:2026-04-06T06:00:00Z,,,,,,,,,,0,0,0,0.0,0.0,2026-04,RESEARCH_DEVELOPMENT,LISTING_AFTER_30_DAYS,MATCHED_RANDOM,SKIPPED,NO_MATCHED_RANDOM_BLOCK,0
INTCUSDT-R-1775160000000-s10,INTCUSDT,TRADITIONAL_EQUITY,R,10,INTCUSDT-nyse_20260402T200000Z,W:2026-04-02T20:00:00Z:2026-04-06T06:00:00Z,,,,,,,,,,0,0,0,0.0,0.0,2026-04,RESEARCH_DEVELOPMENT,LISTING_AFTER_30_DAYS,MATCHED_RANDOM,SKIPPED,NO_MATCHED_RANDOM_BLOCK,0
MSTRUSDT-R-1775160000000-s10,MSTRUSDT,CRYPTO_SENSITIVE_EQUITY,R,10,MSTRUSDT-nyse_20260402T200000Z,W:2026-04-02T20:00:00Z:2026-04-06T06:00:00Z,,,,,,,,,,0,0,0,0.0,0.0,2026-04,RESEARCH_DEVELOPMENT,LISTING_AFTER_30_DAYS,MATCHED_RANDOM,SKIPPED,NO_MATCHED_RANDOM_BLOCK,0
PLTRUSDT-R-1775160000000-s10,PLTRUSDT,TRADITIONAL_EQUITY,R,10,PLTRUSDT-nyse_20260402T200000Z,W:2026-04-02T20:00:00Z:2026-04-06T06:00:00Z,,,,,,,,,,0,0,0,0.0,0.0,2026-04,RESEARCH_DEVELOPMENT,LISTING_AFTER_30_DAYS,MATCHED_RANDOM,SKIPPED,NO_MATCHED_RANDOM_BLOCK,0
TSLAUSDT-R-1775160000000-s10,TSLAUSDT,TRADITIONAL_EQUITY,R,10,TSLAUSDT-nyse_20260402T200000Z,W:2026-04-02T20:00:00Z:2026-04-06T06:00:00Z,,,,,,,,,,0,0,0,0.0,0.0,2026-04,RESEARCH_DEVELOPMENT,LISTING_AFTER_30_DAYS,MATCHED_RANDOM,SKIPPED,NO_MATCHED_RANDOM_BLOCK,0
AMZNUSDT-R-1775160000000-s17,AMZNUSDT,TRADITIONAL_EQUITY,R,17,AMZNUSDT-nyse_20260402T200000Z,W:2026-04-02T20:00:00Z:2026-04-06T06:00:00Z,,,,,,,,,,0,0,0,0.0,0.0,2026-04,RESEARCH_DEVELOPMENT,LISTING_AFTER_30_DAYS,MATCHED_RANDOM,SKIPPED,NO_MATCHED_RANDOM_BLOCK,0
COINUSDT-R-1775160000000-s17,COINUSDT,CRYPTO_SENSITIVE_EQUITY,R,17,COINUSDT-nyse_20260402T200000Z,W:2026-04-02T20:00:00Z:2026-04-06T06:00:00Z,,,,,,,,,,0,0,0,0.0,0.0,2026-04,RESEARCH_DEVELOPMENT,LISTING_AFTER_30_DAYS,MATCHED_RANDOM,SKIPPED,NO_MATCHED_RANDOM_BLOCK,0
CRCLUSDT-R-1775160000000-s17,CRCLUSDT,CRYPTO_SENSITIVE_EQUITY,R,17,CRCLUSDT-nyse_20260402T200000Z,W:2026-04-02T20:00:00Z:2026-04-06T06:00:00Z,,,,,,,,,,0,0,0,0.0,0.0,2026-04,RESEARCH_DEVELOPMENT,LISTING_AFTER_30_DAYS,MATCHED_RANDOM,SKIPPED,NO_MATCHED_RANDOM_BLOCK,0
HOODUSDT-R-1775160000000-s17,HOODUSDT,CRYPTO_SENSITIVE_EQUITY,R,17,HOODUSDT-nyse_20260402T200000Z,W:2026-04-02T20:00:00Z:2026-04-06T06:00:00Z,,,,,,,,,,0,0,0,0.0,0.0,2026-04,RESEARCH_DEVELOPMENT,LISTING_AFTER_30_DAYS,MATCHED_RANDOM,SKIPPED,NO_MATCHED_RANDOM_BLOCK,0
INTCUSDT-R-1775160000000-s17,INTCUSDT,TRADITIONAL_EQUITY,R,17,INTCUSDT-nyse_20260402T200000Z,W:2026-04-02T20:00:00Z:2026-04-06T06:00:00Z,,,,,,,,,,0,0,0,0.0,0.0,2026-04,RESEARCH_DEVELOPMENT,LISTING_AFTER_30_DAYS,MATCHED_RANDOM,SKIPPED,NO_MATCHED_RANDOM_BLOCK,0
MSTRUSDT-R-1775160000000-s17,MSTRUSDT,CRYPTO_SENSITIVE_EQUITY,R,17,MSTRUSDT-nyse_20260402T200000Z,W:2026-04-02T20:00:00Z:2026-04-06T06:00:00Z,,,,,,,,,,0,0,0,0.0,0.0,2026-04,RESEARCH_DEVELOPMENT,LISTING_AFTER_30_DAYS,MATCHED_RANDOM,SKIPPED,NO_MATCHED_RANDOM_BLOCK,0
PLTRUSDT-R-1775160000000-s17,PLTRUSDT,TRADITIONAL_EQUITY,R,17,PLTRUSDT-nyse_20260402T200000Z,W:2026-04-02T20:00:00Z:2026-04-06T06:00:00Z,,,,,,,,,,0,0,0,0.0,0.0,2026-04,RESEARCH_DEVELOPMENT,LISTING_AFTER_30_DAYS,MATCHED_RANDOM,SKIPPED,NO_MATCHED_RANDOM_BLOCK,0
TSLAUSDT-R-1775160000000-s17,TSLAUSDT,TRADITIONAL_EQUITY,R,17,TSLAUSDT-nyse_20260402T200000Z,W:2026-04-02T20:00:00Z:2026-04-06T06:00:00Z,,,,,,,,,,0,0,0,0.0,0.0,2026-04,RESEARCH_DEVELOPMENT,LISTING_AFTER_30_DAYS,MATCHED_RANDOM,SKIPPED,NO_MATCHED_RANDOM_BLOCK,0
AMZNUSDT-R-1775160000000-s31,AMZNUSDT,TRADITIONAL_EQUITY,R,31,AMZNUSDT-nyse_20260402T200000Z,W:2026-04-02T20:00:00Z:2026-04-06T06:00:00Z,,,,,,,,,,0,0,0,0.0,0.0,2026-04,RESEARCH_DEVELOPMENT,LISTING_AFTER_30_DAYS,MATCHED_RANDOM,SKIPPED,NO_MATCHED_RANDOM_BLOCK,0
COINUSDT-R-1775160000000-s31,COINUSDT,CRYPTO_SENSITIVE_EQUITY,R,31,COINUSDT-nyse_20260402T200000Z,W:2026-04-02T20:00:00Z:2026-04-06T06:00:00Z,,,,,,,,,,0,0,0,0.0,0.0,2026-04,RESEARCH_DEVELOPMENT,LISTING_AFTER_30_DAYS,MATCHED_RANDOM,SKIPPED,NO_MATCHED_RANDOM_BLOCK,0
CRCLUSDT-R-1775160000000-s31,CRCLUSDT,CRYPTO_SENSITIVE_EQUITY,R,31,CRCLUSDT-nyse_20260402T200000Z,W:2026-04-02T20:00:00Z:2026-04-06T06:00:00Z,,,,,,,,,,0,0,0,0.0,0.0,2026-04,RESEARCH_DEVELOPMENT,LISTING_AFTER_30_DAYS,MATCHED_RANDOM,SKIPPED,NO_MATCHED_RANDOM_BLOCK,0
HOODUSDT-R-1775160000000-s31,HOODUSDT,CRYPTO_SENSITIVE_EQUITY,R,31,HOODUSDT-nyse_20260402T200000Z,W:2026-04-02T20:00:00Z:2026-04-06T06:00:00Z,,,,,,,,,,0,0,0,0.0,0.0,2026-04,RESEARCH_DEVELOPMENT,LISTING_AFTER_30_DAYS,MATCHED_RANDOM,SKIPPED,NO_MATCHED_RANDOM_BLOCK,0
INTCUSDT-R-1775160000000-s31,INTCUSDT,TRADITIONAL_EQUITY,R,31,INTCUSDT-nyse_20260402T200000Z,W:2026-04-02T20:00:00Z:2026-04-06T06:00:00Z,,,,,,,,,,0,0,0,0.0,0.0,2026-04,RESEARCH_DEVELOPMENT,LISTING_AFTER_30_DAYS,MATCHED_RANDOM,SKIPPED,NO_MATCHED_RANDOM_BLOCK,0
MSTRUSDT-R-1775160000000-s31,MSTRUSDT,CRYPTO_SENSITIVE_EQUITY,R,31,MSTRUSDT-nyse_20260402T200000Z,W:2026-04-02T20:00:00Z:2026-04-06T06:00:00Z,,,,,,,,,,0,0,0,0.0,0.0,2026-04,RESEARCH_DEVELOPMENT,LISTING_AFTER_30_DAYS,MATCHED_RANDOM,SKIPPED,NO_MATCHED_RANDOM_BLOCK,0
PLTRUSDT-R-1775160000000-s31,PLTRUSDT,TRADITIONAL_EQUITY,R,31,PLTRUSDT-nyse_20260402T200000Z,W:2026-04-02T20:00:00Z:2026-04-06T06:00:00Z,,,,,,,,,,0,0,0,0.0,0.0,2026-04,RESEARCH_DEVELOPMENT,LISTING_AFTER_30_DAYS,MATCHED_RANDOM,SKIPPED,NO_MATCHED_RANDOM_BLOCK,0
TSLAUSDT-R-1775160000000-s31,TSLAUSDT,TRADITIONAL_EQUITY,R,31,TSLAUSDT-nyse_20260402T200000Z,W:2026-04-02T20:00:00Z:2026-04-06T06:00:00Z,,,,,,,,,,0,0,0,0.0,0.0,2026-04,RESEARCH_DEVELOPMENT,LISTING_AFTER_30_DAYS,MATCHED_RANDOM,SKIPPED,NO_MATCHED_RANDOM_BLOCK,0
AMZNUSDT-R-1775160000000-s59,AMZNUSDT,TRADITIONAL_EQUITY,R,59,AMZNUSDT-nyse_20260402T200000Z,W:2026-04-02T20:00:00Z:2026-04-06T06:00:00Z,,,,,,,,,,0,0,0,0.0,0.0,2026-04,RESEARCH_DEVELOPMENT,LISTING_AFTER_30_DAYS,MATCHED_RANDOM,SKIPPED,NO_MATCHED_RANDOM_BLOCK,0
COINUSDT-R-1775160000000-s59,COINUSDT,CRYPTO_SENSITIVE_EQUITY,R,59,COINUSDT-nyse_20260402T200000Z,W:2026-04-02T20:00:00Z:2026-04-06T06:00:00Z,,,,,,,,,,0,0,0,0.0,0.0,2026-04,RESEARCH_DEVELOPMENT,LISTING_AFTER_30_DAYS,MATCHED_RANDOM,SKIPPED,NO_MATCHED_RANDOM_BLOCK,0
CRCLUSDT-R-1775160000000-s59,CRCLUSDT,CRYPTO_SENSITIVE_EQUITY,R,59,CRCLUSDT-nyse_20260402T200000Z,W:2026-04-02T20:00:00Z:2026-04-06T06:00:00Z,,,,,,,,,,0,0,0,0.0,0.0,2026-04,RESEARCH_DEVELOPMENT,LISTING_AFTER_30_DAYS,MATCHED_RANDOM,SKIPPED,NO_MATCHED_RANDOM_BLOCK,0
HOODUSDT-R-1775160000000-s59,HOODUSDT,CRYPTO_SENSITIVE_EQUITY,R,59,HOODUSDT-nyse_20260402T200000Z,W:2026-04-02T20:00:00Z:2026-04-06T06:00:00Z,,,,,,,,,,0,0,0,0.0,0.0,2026-04,RESEARCH_DEVELOPMENT,LISTING_AFTER_30_DAYS,MATCHED_RANDOM,SKIPPED,NO_MATCHED_RANDOM_BLOCK,0
INTCUSDT-R-1775160000000-s59,INTCUSDT,TRADITIONAL_EQUITY,R,59,INTCUSDT-nyse_20260402T200000Z,W:2026-04-02T20:00:00Z:2026-04-06T06:00:00Z,,,,,,,,,,0,0,0,0.0,0.0,2026-04,RESEARCH_DEVELOPMENT,LISTING_AFTER_30_DAYS,MATCHED_RANDOM,SKIPPED,NO_MATCHED_RANDOM_BLOCK,0
MSTRUSDT-R-1775160000000-s59,MSTRUSDT,CRYPTO_SENSITIVE_EQUITY,R,59,MSTRUSDT-nyse_20260402T200000Z,W:2026-04-02T20:00:00Z:2026-04-06T06:00:00Z,,,,,,,,,,0,0,0,0.0,0.0,2026-04,RESEARCH_DEVELOPMENT,LISTING_AFTER_30_DAYS,MATCHED_RANDOM,SKIPPED,NO_MATCHED_RANDOM_BLOCK,0
PLTRUSDT-R-1775160000000-s59,PLTRUSDT,TRADITIONAL_EQUITY,R,59,PLTRUSDT-nyse_20260402T200000Z,W:2026-04-02T20:00:00Z:2026-04-06T06:00:00Z,,,,,,,,,,0,0,0,0.0,0.0,2026-04,RESEARCH_DEVELOPMENT,LISTING_AFTER_30_DAYS,MATCHED_RANDOM,SKIPPED,NO_MATCHED_RANDOM_BLOCK,0
TSLAUSDT-R-1775160000000-s59,TSLAUSDT,TRADITIONAL_EQUITY,R,59,TSLAUSDT-nyse_20260402T200000Z,W:2026-04-02T20:00:00Z:2026-04-06T06:00:00Z,,,,,,,,,,0,0,0,0.0,0.0,2026-04,RESEARCH_DEVELOPMENT,LISTING_AFTER_30_DAYS,MATCHED_RANDOM,SKIPPED,NO_MATCHED_RANDOM_BLOCK,0
AMZNUSDT-R-1775160000000-s97,AMZNUSDT,TRADITIONAL_EQUITY,R,97,AMZNUSDT-nyse_20260402T200000Z,W:2026-04-02T20:00:00Z:2026-04-06T06:00:00Z,,,,,,,,,,0,0,0,0.0,0.0,2026-04,RESEARCH_DEVELOPMENT,LISTING_AFTER_30_DAYS,MATCHED_RANDOM,SKIPPED,NO_MATCHED_RANDOM_BLOCK,0
COINUSDT-R-1775160000000-s97,COINUSDT,CRYPTO_SENSITIVE_EQUITY,R,97,COINUSDT-nyse_20260402T200000Z,W:2026-04-02T20:00:00Z:2026-04-06T06:00:00Z,,,,,,,,,,0,0,0,0.0,0.0,2026-04,RESEARCH_DEVELOPMENT,LISTING_AFTER_30_DAYS,MATCHED_RANDOM,SKIPPED,NO_MATCHED_RANDOM_BLOCK,0
CRCLUSDT-R-1775160000000-s97,CRCLUSDT,CRYPTO_SENSITIVE_EQUITY,R,97,CRCLUSDT-nyse_20260402T200000Z,W:2026-04-02T20:00:00Z:2026-04-06T06:00:00Z,,,,,,,,,,0,0,0,0.0,0.0,2026-04,RESEARCH_DEVELOPMENT,LISTING_AFTER_30_DAYS,MATCHED_RANDOM,SKIPPED,NO_MATCHED_RANDOM_BLOCK,0
HOODUSDT-R-1775160000000-s97,HOODUSDT,CRYPTO_SENSITIVE_EQUITY,R,97,HOODUSDT-nyse_20260402T200000Z,W:2026-04-02T20:00:00Z:2026-04-06T06:00:00Z,,,,,,,,,,0,0,0,0.0,0.0,2026-04,RESEARCH_DEVELOPMENT,LISTING_AFTER_30_DAYS,MATCHED_RANDOM,SKIPPED,NO_MATCHED_RANDOM_BLOCK,0
INTCUSDT-R-1775160000000-s97,INTCUSDT,TRADITIONAL_EQUITY,R,97,INTCUSDT-nyse_20260402T200000Z,W:2026-04-02T20:00:00Z:2026-04-06T06:00:00Z,,,,,,,,,,0,0,0,0.0,0.0,2026-04,RESEARCH_DEVELOPMENT,LISTING_AFTER_30_DAYS,MATCHED_RANDOM,SKIPPED,NO_MATCHED_RANDOM_BLOCK,0
MSTRUSDT-R-1775160000000-s97,MSTRUSDT,CRYPTO_SENSITIVE_EQUITY,R,97,MSTRUSDT-nyse_20260402T200000Z,W:2026-04-02T20:00:00Z:2026-04-06T06:00:00Z,,,,,,,,,,0,0,0,0.0,0.0,2026-04,RESEARCH_DEVELOPMENT,LISTING_AFTER_30_DAYS,MATCHED_RANDOM,SKIPPED,NO_MATCHED_RANDOM_BLOCK,0
PLTRUSDT-R-1775160000000-s97,PLTRUSDT,TRADITIONAL_EQUITY,R,97,PLTRUSDT-nyse_20260402T200000Z,W:2026-04-02T20:00:00Z:2026-04-06T06:00:00Z,,,,,,,,,,0,0,0,0.0,0.0,2026-04,RESEARCH_DEVELOPMENT,LISTING_AFTER_30_DAYS,MATCHED_RANDOM,SKIPPED,NO_MATCHED_RANDOM_BLOCK,0
TSLAUSDT-R-1775160000000-s97,TSLAUSDT,TRADITIONAL_EQUITY,R,97,TSLAUSDT-nyse_20260402T200000Z,W:2026-04-02T20:00:00Z:2026-04-06T06:00:00Z,,,,,,,,,,0,0,0,0.0,0.0,2026-04,RESEARCH_DEVELOPMENT,LISTING_AFTER_30_DAYS,MATCHED_RANDOM,SKIPPED,NO_MATCHED_RANDOM_BLOCK,0
AMZNUSDT-R-1775851200000-s3,AMZNUSDT,TRADITIONAL_EQUITY,R,3,AMZNUSDT-nyse_20260410T200000Z,W:2026-04-10T20:00:00Z:2026-04-13T06:00:00Z,,,,,,,,,,0,0,0,0.0,0.0,2026-04,RESEARCH_DEVELOPMENT,LISTING_AFTER_30_DAYS,MATCHED_RANDOM,SKIPPED,NO_MATCHED_RANDOM_BLOCK,0
COINUSDT-R-1775851200000-s3,COINUSDT,CRYPTO_SENSITIVE_EQUITY,R,3,COINUSDT-nyse_20260410T200000Z,W:2026-04-10T20:00:00Z:2026-04-13T06:00:00Z,,,,,,,,,,0,0,0,0.0,0.0,2026-04,RESEARCH_DEVELOPMENT,LISTING_AFTER_30_DAYS,MATCHED_RANDOM,SKIPPED,NO_MATCHED_RANDOM_BLOCK,0
CRCLUSDT-R-1775851200000-s3,CRCLUSDT,CRYPTO_SENSITIVE_EQUITY,R,3,CRCLUSDT-nyse_20260410T200000Z,W:2026-04-10T20:00:00Z:2026-04-13T06:00:00Z,,,,,,,,,,0,0,0,0.0,0.0,2026-04,RESEARCH_DEVELOPMENT,LISTING_AFTER_30_DAYS,MATCHED_RANDOM,SKIPPED,NO_MATCHED_RANDOM_BLOCK,0
HOODUSDT-R-1775851200000-s3,HOODUSDT,CRYPTO_SENSITIVE_EQUITY,R,3,HOODUSDT-nyse_20260410T200000Z,W:2026-04-10T20:00:00Z:2026-04-13T06:00:00Z,,,,,,,,,,0,0,0,0.0,0.0,2026-04,RESEARCH_DEVELOPMENT,LISTING_AFTER_30_DAYS,MATCHED_RANDOM,SKIPPED,NO_MATCHED_RANDOM_BLOCK,0
INTCUSDT-R-1775851200000-s3,INTCUSDT,TRADITIONAL_EQUITY,R,3,INTCUSDT-nyse_20260410T200000Z,W:2026-04-10T20:00:00Z:2026-04-13T06:00:00Z,,,,,,,,,,0,0,0,0.0,0.0,2026-04,RESEARCH_DEVELOPMENT,LISTING_AFTER_30_DAYS,MATCHED_RANDOM,SKIPPED,NO_MATCHED_RANDOM_BLOCK,0
MSTRUSDT-R-1775851200000-s3,MSTRUSDT,CRYPTO_SENSITIVE_EQUITY,R,3,MSTRUSDT-nyse_20260410T200000Z,W:2026-04-10T20:00:00Z:2026-04-13T06:00:00Z,,,,,,,,,,0,0,0,0.0,0.0,2026-04,RESEARCH_DEVELOPMENT,LISTING_AFTER_30_DAYS,MATCHED_RANDOM,SKIPPED,NO_MATCHED_RANDOM_BLOCK,0
PLTRUSDT-R-1775851200000-s3,PLTRUSDT,TRADITIONAL_EQUITY,R,3,PLTRUSDT-nyse_20260410T200000Z,W:2026-04-10T20:00:00Z:2026-04-13T06:00:00Z,,,,,,,,,,0,0,0,0.0,0.0,2026-04,RESEARCH_DEVELOPMENT,LISTING_AFTER_30_DAYS,MATCHED_RANDOM,SKIPPED,NO_MATCHED_RANDOM_BLOCK,0
TSLAUSDT-R-1775851200000-s3,TSLAUSDT,TRADITIONAL_EQUITY,R,3,TSLAUSDT-nyse_20260410T200000Z,W:2026-04-10T20:00:00Z:2026-04-13T06:00:00Z,,,,,,,,,,0,0,0,0.0,0.0,2026-04,RESEARCH_DEVELOPMENT,LISTING_AFTER_30_DAYS,MATCHED_RANDOM,SKIPPED,NO_MATCHED_RANDOM_BLOCK,0
AMZNUSDT-R-1775851200000-s10,AMZNUSDT,TRADITIONAL_EQUITY,R,10,AMZNUSDT-nyse_20260410T200000Z,W:2026-04-10T20:00:00Z:2026-04-13T06:00:00Z,,,,,,,,,,0,0,0,0.0,0.0,2026-04,RESEARCH_DEVELOPMENT,LISTING_AFTER_30_DAYS,MATCHED_RANDOM,SKIPPED,NO_MATCHED_RANDOM_BLOCK,0
COINUSDT-R-1775851200000-s10,COINUSDT,CRYPTO_SENSITIVE_EQUITY,R,10,COINUSDT-nyse_20260410T200000Z,W:2026-04-10T20:00:00Z:2026-04-13T06:00:00Z,,,,,,,,,,0,0,0,0.0,0.0,2026-04,RESEARCH_DEVELOPMENT,LISTING_AFTER_30_DAYS,MATCHED_RANDOM,SKIPPED,NO_MATCHED_RANDOM_BLOCK,0
CRCLUSDT-R-1775851200000-s10,CRCLUSDT,CRYPTO_SENSITIVE_EQUITY,R,10,CRCLUSDT-nyse_20260410T200000Z,W:2026-04-10T20:00:00Z:2026-04-13T06:00:00Z,,,,,,,,,,0,0,0,0.0,0.0,2026-04,RESEARCH_DEVELOPMENT,LISTING_AFTER_30_DAYS,MATCHED_RANDOM,SKIPPED,NO_MATCHED_RANDOM_BLOCK,0
HOODUSDT-R-1775851200000-s10,HOODUSDT,CRYPTO_SENSITIVE_EQUITY,R,10,HOODUSDT-nyse_20260410T200000Z,W:2026-04-10T20:00:00Z:2026-04-13T06:00:00Z,,,,,,,,,,0,0,0,0.0,0.0,2026-04,RESEARCH_DEVELOPMENT,LISTING_AFTER_30_DAYS,MATCHED_RANDOM,SKIPPED,NO_MATCHED_RANDOM_BLOCK,0
INTCUSDT-R-1775851200000-s10,INTCUSDT,TRADITIONAL_EQUITY,R,10,INTCUSDT-nyse_20260410T200000Z,W:2026-04-10T20:00:00Z:2026-04-13T06:00:00Z,,,,,,,,,,0,0,0,0.0,0.0,2026-04,RESEARCH_DEVELOPMENT,LISTING_AFTER_30_DAYS,MATCHED_RANDOM,SKIPPED,NO_MATCHED_RANDOM_BLOCK,0
MSTRUSDT-R-1775851200000-s10,MSTRUSDT,CRYPTO_SENSITIVE_EQUITY,R,10,MSTRUSDT-nyse_20260410T200000Z,W:2026-04-10T20:00:00Z:2026-04-13T06:00:00Z,,,,,,,,,,0,0,0,0.0,0.0,2026-04,RESEARCH_DEVELOPMENT,LISTING_AFTER_30_DAYS,MATCHED_RANDOM,SKIPPED,NO_MATCHED_RANDOM_BLOCK,0
PLTRUSDT-R-1775851200000-s10,PLTRUSDT,TRADITIONAL_EQUITY,R,10,PLTRUSDT-nyse_20260410T200000Z,W:2026-04-10T20:00:00Z:2026-04-13T06:00:00Z,,,,,,,,,,0,0,0,0.0,0.0,2026-04,RESEARCH_DEVELOPMENT,LISTING_AFTER_30_DAYS,MATCHED_RANDOM,SKIPPED,NO_MATCHED_RANDOM_BLOCK,0
TSLAUSDT-R-1775851200000-s10,TSLAUSDT,TRADITIONAL_EQUITY,R,10,TSLAUSDT-nyse_20260410T200000Z,W:2026-04-10T20:00:00Z:2026-04-13T06:00:00Z,,,,,,,,,,0,0,0,0.0,0.0,2026-04,RESEARCH_DEVELOPMENT,LISTING_AFTER_30_DAYS,MATCHED_RANDOM,SKIPPED,NO_MATCHED_RANDOM_BLOCK,0
AMZNUSDT-R-1775851200000-s17,AMZNUSDT,TRADITIONAL_EQUITY,R,17,AMZNUSDT-nyse_20260410T200000Z,W:2026-04-10T20:00:00Z:2026-04-13T06:00:00Z,,,,,,,,,,0,0,0,0.0,0.0,2026-04,RESEARCH_DEVELOPMENT,LISTING_AFTER_30_DAYS,MATCHED_RANDOM,SKIPPED,NO_MATCHED_RANDOM_BLOCK,0
COINUSDT-R-1775851200000-s17,COINUSDT,CRYPTO_SENSITIVE_EQUITY,R,17,COINUSDT-nyse_20260410T200000Z,W:2026-04-10T20:00:00Z:2026-04-13T06:00:00Z,,,,,,,,,,0,0,0,0.0,0.0,2026-04,RESEARCH_DEVELOPMENT,LISTING_AFTER_30_DAYS,MATCHED_RANDOM,SKIPPED,NO_MATCHED_RANDOM_BLOCK,0
CRCLUSDT-R-1775851200000-s17,CRCLUSDT,CRYPTO_SENSITIVE_EQUITY,R,17,CRCLUSDT-nyse_20260410T200000Z,W:2026-04-10T20:00:00Z:2026-04-13T06:00:00Z,,,,,,,,,,0,0,0,0.0,0.0,2026-04,RESEARCH_DEVELOPMENT,LISTING_AFTER_30_DAYS,MATCHED_RANDOM,SKIPPED,NO_MATCHED_RANDOM_BLOCK,0
HOODUSDT-R-1775851200000-s17,HOODUSDT,CRYPTO_SENSITIVE_EQUITY,R,17,HOODUSDT-nyse_20260410T200000Z,W:2026-04-10T20:00:00Z:2026-04-13T06:00:00Z,,,,,,,,,,0,0,0,0.0,0.0,2026-04,RESEARCH_DEVELOPMENT,LISTING_AFTER_30_DAYS,MATCHED_RANDOM,SKIPPED,NO_MATCHED_RANDOM_BLOCK,0
INTCUSDT-R-1775851200000-s17,INTCUSDT,TRADITIONAL_EQUITY,R,17,INTCUSDT-nyse_20260410T200000Z,W:2026-04-10T20:00:00Z:2026-04-13T06:00:00Z,,,,,,,,,,0,0,0,0.0,0.0,2026-04,RESEARCH_DEVELOPMENT,LISTING_AFTER_30_DAYS,MATCHED_RANDOM,SKIPPED,NO_MATCHED_RANDOM_BLOCK,0
MSTRUSDT-R-1775851200000-s17,MSTRUSDT,CRYPTO_SENSITIVE_EQUITY,R,17,MSTRUSDT-nyse_20260410T200000Z,W:2026-04-10T20:00:00Z:2026-04-13T06:00:00Z,,,,,,,,,,0,0,0,0.0,0.0,2026-04,RESEARCH_DEVELOPMENT,LISTING_AFTER_30_DAYS,MATCHED_RANDOM,SKIPPED,NO_MATCHED_RANDOM_BLOCK,0
PLTRUSDT-R-1775851200000-s17,PLTRUSDT,TRADITIONAL_EQUITY,R,17,PLTRUSDT-nyse_20260410T200000Z,W:2026-04-10T20:00:00Z:2026-04-13T06:00:00Z,,,,,,,,,,0,0,0,0.0,0.0,2026-04,RESEARCH_DEVELOPMENT,LISTING_AFTER_30_DAYS,MATCHED_RANDOM,SKIPPED,NO_MATCHED_RANDOM_BLOCK,0
TSLAUSDT-R-1775851200000-s17,TSLAUSDT,TRADITIONAL_EQUITY,R,17,TSLAUSDT-nyse_20260410T200000Z,W:2026-04-10T20:00:00Z:2026-04-13T06:00:00Z,,,,,,,,,,0,0,0,0.0,0.0,2026-04,RESEARCH_DEVELOPMENT,LISTING_AFTER_30_DAYS,MATCHED_RANDOM,SKIPPED,NO_MATCHED_RANDOM_BLOCK,0
AMZNUSDT-R-1775851200000-s31,AMZNUSDT,TRADITIONAL_EQUITY,R,31,AMZNUSDT-nyse_20260410T200000Z,W:2026-04-10T20:00:00Z:2026-04-13T06:00:00Z,,,,,,,,,,0,0,0,0.0,0.0,2026-04,RESEARCH_DEVELOPMENT,LISTING_AFTER_30_DAYS,MATCHED_RANDOM,SKIPPED,NO_MATCHED_RANDOM_BLOCK,0
COINUSDT-R-1775851200000-s31,COINUSDT,CRYPTO_SENSITIVE_EQUITY,R,31,COINUSDT-nyse_20260410T200000Z,W:2026-04-10T20:00:00Z:2026-04-13T06:00:00Z,,,,,,,,,,0,0,0,0.0,0.0,2026-04,RESEARCH_DEVELOPMENT,LISTING_AFTER_30_DAYS,MATCHED_RANDOM,SKIPPED,NO_MATCHED_RANDOM_BLOCK,0
CRCLUSDT-R-1775851200000-s31,CRCLUSDT,CRYPTO_SENSITIVE_EQUITY,R,31,CRCLUSDT-nyse_20260410T200000Z,W:2026-04-10T20:00:00Z:2026-04-13T06:00:00Z,,,,,,,,,,0,0,0,0.0,0.0,2026-04,RESEARCH_DEVELOPMENT,LISTING_AFTER_30_DAYS,MATCHED_RANDOM,SKIPPED,NO_MATCHED_RANDOM_BLOCK,0
HOODUSDT-R-1775851200000-s31,HOODUSDT,CRYPTO_SENSITIVE_EQUITY,R,31,HOODUSDT-nyse_20260410T200000Z,W:2026-04-10T20:00:00Z:2026-04-13T06:00:00Z,,,,,,,,,,0,0,0,0.0,0.0,2026-04,RESEARCH_DEVELOPMENT,LISTING_AFTER_30_DAYS,MATCHED_RANDOM,SKIPPED,NO_MATCHED_RANDOM_BLOCK,0
INTCUSDT-R-1775851200000-s31,INTCUSDT,TRADITIONAL_EQUITY,R,31,INTCUSDT-nyse_20260410T200000Z,W:2026-04-10T20:00:00Z:2026-04-13T06:00:00Z,,,,,,,,,,0,0,0,0.0,0.0,2026-04,RESEARCH_DEVELOPMENT,LISTING_AFTER_30_DAYS,MATCHED_RANDOM,SKIPPED,NO_MATCHED_RANDOM_BLOCK,0
MSTRUSDT-R-1775851200000-s31,MSTRUSDT,CRYPTO_SENSITIVE_EQUITY,R,31,MSTRUSDT-nyse_20260410T200000Z,W:2026-04-10T20:00:00Z:2026-04-13T06:00:00Z,,,,,,,,,,0,0,0,0.0,0.0,2026-04,RESEARCH_DEVELOPMENT,LISTING_AFTER_30_DAYS,MATCHED_RANDOM,SKIPPED,NO_MATCHED_RANDOM_BLOCK,0
PLTRUSDT-R-1775851200000-s31,PLTRUSDT,TRADITIONAL_EQUITY,R,31,PLTRUSDT-nyse_20260410T200000Z,W:2026-04-10T20:00:00Z:2026-04-13T06:00:00Z,,,,,,,,,,0,0,0,0.0,0.0,2026-04,RESEARCH_DEVELOPMENT,LISTING_AFTER_30_DAYS,MATCHED_RANDOM,SKIPPED,NO_MATCHED_RANDOM_BLOCK,0
TSLAUSDT-R-1775851200000-s31,TSLAUSDT,TRADITIONAL_EQUITY,R,31,TSLAUSDT-nyse_20260410T200000Z,W:2026-04-10T20:00:00Z:2026-04-13T06:00:00Z,,,,,,,,,,0,0,0,0.0,0.0,2026-04,RESEARCH_DEVELOPMENT,LISTING_AFTER_30_DAYS,MATCHED_RANDOM,SKIPPED,NO_MATCHED_RANDOM_BLOCK,0
AMZNUSDT-R-1775851200000-s59,AMZNUSDT,TRADITIONAL_EQUITY,R,59,AMZNUSDT-nyse_20260410T200000Z,W:2026-04-10T20:00:00Z:2026-04-13T06:00:00Z,,,,,,,,,,0,0,0,0.0,0.0,2026-04,RESEARCH_DEVELOPMENT,LISTING_AFTER_30_DAYS,MATCHED_RANDOM,SKIPPED,NO_MATCHED_RANDOM_BLOCK,0
COINUSDT-R-1775851200000-s59,COINUSDT,CRYPTO_SENSITIVE_EQUITY,R,59,COINUSDT-nyse_20260410T200000Z,W:2026-04-10T20:00:00Z:2026-04-13T06:00:00Z,,,,,,,,,,0,0,0,0.0,0.0,2026-04,RESEARCH_DEVELOPMENT,LISTING_AFTER_30_DAYS,MATCHED_RANDOM,SKIPPED,NO_MATCHED_RANDOM_BLOCK,0
CRCLUSDT-R-1775851200000-s59,CRCLUSDT,CRYPTO_SENSITIVE_EQUITY,R,59,CRCLUSDT-nyse_20260410T200000Z,W:2026-04-10T20:00:00Z:2026-04-13T06:00:00Z,,,,,,,,,,0,0,0,0.0,0.0,2026-04,RESEARCH_DEVELOPMENT,LISTING_AFTER_30_DAYS,MATCHED_RANDOM,SKIPPED,NO_MATCHED_RANDOM_BLOCK,0
HOODUSDT-R-1775851200000-s59,HOODUSDT,CRYPTO_SENSITIVE_EQUITY,R,59,HOODUSDT-nyse_20260410T200000Z,W:2026-04-10T20:00:00Z:2026-04-13T06:00:00Z,,,,,,,,,,0,0,0,0.0,0.0,2026-04,RESEARCH_DEVELOPMENT,LISTING_AFTER_30_DAYS,MATCHED_RANDOM,SKIPPED,NO_MATCHED_RANDOM_BLOCK,0
INTCUSDT-R-1775851200000-s59,INTCUSDT,TRADITIONAL_EQUITY,R,59,INTCUSDT-nyse_20260410T200000Z,W:2026-04-10T20:00:00Z:2026-04-13T06:00:00Z,,,,,,,,,,0,0,0,0.0,0.0,2026-04,RESEARCH_DEVELOPMENT,LISTING_AFTER_30_DAYS,MATCHED_RANDOM,SKIPPED,NO_MATCHED_RANDOM_BLOCK,0
MSTRUSDT-R-1775851200000-s59,MSTRUSDT,CRYPTO_SENSITIVE_EQUITY,R,59,MSTRUSDT-nyse_20260410T200000Z,W:2026-04-10T20:00:00Z:2026-04-13T06:00:00Z,,,,,,,,,,0,0,0,0.0,0.0,2026-04,RESEARCH_DEVELOPMENT,LISTING_AFTER_30_DAYS,MATCHED_RANDOM,SKIPPED,NO_MATCHED_RANDOM_BLOCK,0
PLTRUSDT-R-1775851200000-s59,PLTRUSDT,TRADITIONAL_EQUITY,R,59,PLTRUSDT-nyse_20260410T200000Z,W:2026-04-10T20:00:00Z:2026-04-13T06:00:00Z,,,,,,,,,,0,0,0,0.0,0.0,2026-04,RESEARCH_DEVELOPMENT,LISTING_AFTER_30_DAYS,MATCHED_RANDOM,SKIPPED,NO_MATCHED_RANDOM_BLOCK,0
TSLAUSDT-R-1775851200000-s59,TSLAUSDT,TRADITIONAL_EQUITY,R,59,TSLAUSDT-nyse_20260410T200000Z,W:2026-04-10T20:00:00Z:2026-04-13T06:00:00Z,,,,,,,,,,0,0,0,0.0,0.0,2026-04,RESEARCH_DEVELOPMENT,LISTING_AFTER_30_DAYS,MATCHED_RANDOM,SKIPPED,NO_MATCHED_RANDOM_BLOCK,0
AMZNUSDT-R-1775851200000-s97,AMZNUSDT,TRADITIONAL_EQUITY,R,97,AMZNUSDT-nyse_20260410T200000Z,W:2026-04-10T20:00:00Z:2026-04-13T06:00:00Z,,,,,,,,,,0,0,0,0.0,0.0,2026-04,RESEARCH_DEVELOPMENT,LISTING_AFTER_30_DAYS,MATCHED_RANDOM,SKIPPED,NO_MATCHED_RANDOM_BLOCK,0
COINUSDT-R-1775851200000-s97,COINUSDT,CRYPTO_SENSITIVE_EQUITY,R,97,COINUSDT-nyse_20260410T200000Z,W:2026-04-10T20:00:00Z:2026-04-13T06:00:00Z,,,,,,,,,,0,0,0,0.0,0.0,2026-04,RESEARCH_DEVELOPMENT,LISTING_AFTER_30_DAYS,MATCHED_RANDOM,SKIPPED,NO_MATCHED_RANDOM_BLOCK,0
CRCLUSDT-R-1775851200000-s97,CRCLUSDT,CRYPTO_SENSITIVE_EQUITY,R,97,CRCLUSDT-nyse_20260410T200000Z,W:2026-04-10T20:00:00Z:2026-04-13T06:00:00Z,,,,,,,,,,0,0,0,0.0,0.0,2026-04,RESEARCH_DEVELOPMENT,LISTING_AFTER_30_DAYS,MATCHED_RANDOM,SKIPPED,NO_MATCHED_RANDOM_BLOCK,0
HOODUSDT-R-1775851200000-s97,HOODUSDT,CRYPTO_SENSITIVE_EQUITY,R,97,HOODUSDT-nyse_20260410T200000Z,W:2026-04-10T20:00:00Z:2026-04-13T06:00:00Z,,,,,,,,,,0,0,0,0.0,0.0,2026-04,RESEARCH_DEVELOPMENT,LISTING_AFTER_30_DAYS,MATCHED_RANDOM,SKIPPED,NO_MATCHED_RANDOM_BLOCK,0
INTCUSDT-R-1775851200000-s97,INTCUSDT,TRADITIONAL_EQUITY,R,97,INTCUSDT-nyse_20260410T200000Z,W:2026-04-10T20:00:00Z:2026-04-13T06:00:00Z,,,,,,,,,,0,0,0,0.0,0.0,2026-04,RESEARCH_DEVELOPMENT,LISTING_AFTER_30_DAYS,MATCHED_RANDOM,SKIPPED,NO_MATCHED_RANDOM_BLOCK,0
MSTRUSDT-R-1775851200000-s97,MSTRUSDT,CRYPTO_SENSITIVE_EQUITY,R,97,MSTRUSDT-nyse_20260410T200000Z,W:2026-04-10T20:00:00Z:2026-04-13T06:00:00Z,,,,,,,,,,0,0,0,0.0,0.0,2026-04,RESEARCH_DEVELOPMENT,LISTING_AFTER_30_DAYS,MATCHED_RANDOM,SKIPPED,NO_MATCHED_RANDOM_BLOCK,0
PLTRUSDT-R-1775851200000-s97,PLTRUSDT,TRADITIONAL_EQUITY,R,97,PLTRUSDT-nyse_20260410T200000Z,W:2026-04-10T20:00:00Z:2026-04-13T06:00:00Z,,,,,,,,,,0,0,0,0.0,0.0,2026-04,RESEARCH_DEVELOPMENT,LISTING_AFTER_30_DAYS,MATCHED_RANDOM,SKIPPED,NO_MATCHED_RANDOM_BLOCK,0
TSLAUSDT-R-1775851200000-s97,TSLAUSDT,TRADITIONAL_EQUITY,R,97,TSLAUSDT-nyse_20260410T200000Z,W:2026-04-10T20:00:00Z:2026-04-13T06:00:00Z,,,,,,,,,,0,0,0,0.0,0.0,2026-04,RESEARCH_DEVELOPMENT,LISTING_AFTER_30_DAYS,MATCHED_RANDOM,SKIPPED,NO_MATCHED_RANDOM_BLOCK,0
AMZNUSDT-R-1776456000000-s3,AMZNUSDT,TRADITIONAL_EQUITY,R,3,AMZNUSDT-nyse_20260417T200000Z,W:2026-04-17T20:00:00Z:2026-04-20T06:00:00Z,,,,,,,,,,0,0,0,0.0,0.0,2026-04,RESEARCH_DEVELOPMENT,LISTING_AFTER_30_DAYS,MATCHED_RANDOM,SKIPPED,NO_MATCHED_RANDOM_BLOCK,0
COINUSDT-R-1776456000000-s3,COINUSDT,CRYPTO_SENSITIVE_EQUITY,R,3,COINUSDT-nyse_20260417T200000Z,W:2026-04-17T20:00:00Z:2026-04-20T06:00:00Z,,,,,,,,,,0,0,0,0.0,0.0,2026-04,RESEARCH_DEVELOPMENT,LISTING_AFTER_30_DAYS,MATCHED_RANDOM,SKIPPED,NO_MATCHED_RANDOM_BLOCK,0
CRCLUSDT-R-1776456000000-s3,CRCLUSDT,CRYPTO_SENSITIVE_EQUITY,R,3,CRCLUSDT-nyse_20260417T200000Z,W:2026-04-17T20:00:00Z:2026-04-20T06:00:00Z,,,,,,,,,,0,0,0,0.0,0.0,2026-04,RESEARCH_DEVELOPMENT,LISTING_AFTER_30_DAYS,MATCHED_RANDOM,SKIPPED,NO_MATCHED_RANDOM_BLOCK,0
HOODUSDT-R-1776456000000-s3,HOODUSDT,CRYPTO_SENSITIVE_EQUITY,R,3,HOODUSDT-nyse_20260417T200000Z,W:2026-04-17T20:00:00Z:2026-04-20T06:00:00Z,,,,,,,,,,0,0,0,0.0,0.0,2026-04,RESEARCH_DEVELOPMENT,LISTING_AFTER_30_DAYS,MATCHED_RANDOM,SKIPPED,NO_MATCHED_RANDOM_BLOCK,0
INTCUSDT-R-1776456000000-s3,INTCUSDT,TRADITIONAL_EQUITY,R,3,INTCUSDT-nyse_20260417T200000Z,W:2026-04-17T20:00:00Z:2026-04-20T06:00:00Z,,,,,,,,,,0,0,0,0.0,0.0,2026-04,RESEARCH_DEVELOPMENT,LISTING_AFTER_30_DAYS,MATCHED_RANDOM,SKIPPED,NO_MATCHED_RANDOM_BLOCK,0
MSTRUSDT-R-1776456000000-s3,MSTRUSDT,CRYPTO_SENSITIVE_EQUITY,R,3,MSTRUSDT-nyse_20260417T200000Z,W:2026-04-17T20:00:00Z:2026-04-20T06:00:00Z,,,,,,,,,,0,0,0,0.0,0.0,2026-04,RESEARCH_DEVELOPMENT,LISTING_AFTER_30_DAYS,MATCHED_RANDOM,SKIPPED,NO_MATCHED_RANDOM_BLOCK,0
PLTRUSDT-R-1776456000000-s3,PLTRUSDT,TRADITIONAL_EQUITY,R,3,PLTRUSDT-nyse_20260417T200000Z,W:2026-04-17T20:00:00Z:2026-04-20T06:00:00Z,,,,,,,,,,0,0,0,0.0,0.0,2026-04,RESEARCH_DEVELOPMENT,LISTING_AFTER_30_DAYS,MATCHED_RANDOM,SKIPPED,NO_MATCHED_RANDOM_BLOCK,0
TSLAUSDT-R-1776456000000-s3,TSLAUSDT,TRADITIONAL_EQUITY,R,3,TSLAUSDT-nyse_20260417T200000Z,W:2026-04-17T20:00:00Z:2026-04-20T06:00:00Z,,,,,,,,,,0,0,0,0.0,0.0,2026-04,RESEARCH_DEVELOPMENT,LISTING_AFTER_30_DAYS,MATCHED_RANDOM,SKIPPED,NO_MATCHED_RANDOM_BLOCK,0
AMZNUSDT-R-1776456000000-s10,AMZNUSDT,TRADITIONAL_EQUITY,R,10,AMZNUSDT-nyse_20260417T200000Z,W:2026-04-17T20:00:00Z:2026-04-20T06:00:00Z,,,,,,,,,,0,0,0,0.0,0.0,2026-04,RESEARCH_DEVELOPMENT,LISTING_AFTER_30_DAYS,MATCHED_RANDOM,SKIPPED,NO_MATCHED_RANDOM_BLOCK,0
COINUSDT-R-1776456000000-s10,COINUSDT,CRYPTO_SENSITIVE_EQUITY,R,10,COINUSDT-nyse_20260417T200000Z,W:2026-04-17T20:00:00Z:2026-04-20T06:00:00Z,,,,,,,,,,0,0,0,0.0,0.0,2026-04,RESEARCH_DEVELOPMENT,LISTING_AFTER_30_DAYS,MATCHED_RANDOM,SKIPPED,NO_MATCHED_RANDOM_BLOCK,0
CRCLUSDT-R-1776456000000-s10,CRCLUSDT,CRYPTO_SENSITIVE_EQUITY,R,10,CRCLUSDT-nyse_20260417T200000Z,W:2026-04-17T20:00:00Z:2026-04-20T06:00:00Z,,,,,,,,,,0,0,0,0.0,0.0,2026-04,RESEARCH_DEVELOPMENT,LISTING_AFTER_30_DAYS,MATCHED_RANDOM,SKIPPED,NO_MATCHED_RANDOM_BLOCK,0
HOODUSDT-R-1776456000000-s10,HOODUSDT,CRYPTO_SENSITIVE_EQUITY,R,10,HOODUSDT-nyse_20260417T200000Z,W:2026-04-17T20:00:00Z:2026-04-20T06:00:00Z,,,,,,,,,,0,0,0,0.0,0.0,2026-04,RESEARCH_DEVELOPMENT,LISTING_AFTER_30_DAYS,MATCHED_RANDOM,SKIPPED,NO_MATCHED_RANDOM_BLOCK,0
INTCUSDT-R-1776456000000-s10,INTCUSDT,TRADITIONAL_EQUITY,R,10,INTCUSDT-nyse_20260417T200000Z,W:2026-04-17T20:00:00Z:2026-04-20T06:00:00Z,,,,,,,,,,0,0,0,0.0,0.0,2026-04,RESEARCH_DEVELOPMENT,LISTING_AFTER_30_DAYS,MATCHED_RANDOM,SKIPPED,NO_MATCHED_RANDOM_BLOCK,0
MSTRUSDT-R-1776456000000-s10,MSTRUSDT,CRYPTO_SENSITIVE_EQUITY,R,10,MSTRUSDT-nyse_20260417T200000Z,W:2026-04-17T20:00:00Z:2026-04-20T06:00:00Z,,,,,,,,,,0,0,0,0.0,0.0,2026-04,RESEARCH_DEVELOPMENT,LISTING_AFTER_30_DAYS,MATCHED_RANDOM,SKIPPED,NO_MATCHED_RANDOM_BLOCK,0
PLTRUSDT-R-1776456000000-s10,PLTRUSDT,TRADITIONAL_EQUITY,R,10,PLTRUSDT-nyse_20260417T200000Z,W:2026-04-17T20:00:00Z:2026-04-20T06:00:00Z,,,,,,,,,,0,0,0,0.0,0.0,2026-04,RESEARCH_DEVELOPMENT,LISTING_AFTER_30_DAYS,MATCHED_RANDOM,SKIPPED,NO_MATCHED_RANDOM_BLOCK,0
TSLAUSDT-R-1776456000000-s10,TSLAUSDT,TRADITIONAL_EQUITY,R,10,TSLAUSDT-nyse_20260417T200000Z,W:2026-04-17T20:00:00Z:2026-04-20T06:00:00Z,,,,,,,,,,0,0,0,0.0,0.0,2026-04,RESEARCH_DEVELOPMENT,LISTING_AFTER_30_DAYS,MATCHED_RANDOM,SKIPPED,NO_MATCHED_RANDOM_BLOCK,0
AMZNUSDT-R-1776456000000-s17,AMZNUSDT,TRADITIONAL_EQUITY,R,17,AMZNUSDT-nyse_20260417T200000Z,W:2026-04-17T20:00:00Z:2026-04-20T06:00:00Z,,,,,,,,,,0,0,0,0.0,0.0,2026-04,RESEARCH_DEVELOPMENT,LISTING_AFTER_30_DAYS,MATCHED_RANDOM,SKIPPED,NO_MATCHED_RANDOM_BLOCK,0
COINUSDT-R-1776456000000-s17,COINUSDT,CRYPTO_SENSITIVE_EQUITY,R,17,COINUSDT-nyse_20260417T200000Z,W:2026-04-17T20:00:00Z:2026-04-20T06:00:00Z,,,,,,,,,,0,0,0,0.0,0.0,2026-04,RESEARCH_DEVELOPMENT,LISTING_AFTER_30_DAYS,MATCHED_RANDOM,SKIPPED,NO_MATCHED_RANDOM_BLOCK,0
CRCLUSDT-R-1776456000000-s17,CRCLUSDT,CRYPTO_SENSITIVE_EQUITY,R,17,CRCLUSDT-nyse_20260417T200000Z,W:2026-04-17T20:00:00Z:2026-04-20T06:00:00Z,,,,,,,,,,0,0,0,0.0,0.0,2026-04,RESEARCH_DEVELOPMENT,LISTING_AFTER_30_DAYS,MATCHED_RANDOM,SKIPPED,NO_MATCHED_RANDOM_BLOCK,0
HOODUSDT-R-1776456000000-s17,HOODUSDT,CRYPTO_SENSITIVE_EQUITY,R,17,HOODUSDT-nyse_20260417T200000Z,W:2026-04-17T20:00:00Z:2026-04-20T06:00:00Z,,,,,,,,,,0,0,0,0.0,0.0,2026-04,RESEARCH_DEVELOPMENT,LISTING_AFTER_30_DAYS,MATCHED_RANDOM,SKIPPED,NO_MATCHED_RANDOM_BLOCK,0
INTCUSDT-R-1776456000000-s17,INTCUSDT,TRADITIONAL_EQUITY,R,17,INTCUSDT-nyse_20260417T200000Z,W:2026-04-17T20:00:00Z:2026-04-20T06:00:00Z,,,,,,,,,,0,0,0,0.0,0.0,2026-04,RESEARCH_DEVELOPMENT,LISTING_AFTER_30_DAYS,MATCHED_RANDOM,SKIPPED,NO_MATCHED_RANDOM_BLOCK,0
MSTRUSDT-R-1776456000000-s17,MSTRUSDT,CRYPTO_SENSITIVE_EQUITY,R,17,MSTRUSDT-nyse_20260417T200000Z,W:2026-04-17T20:00:00Z:2026-04-20T06:00:00Z,,,,,,,,,,0,0,0,0.0,0.0,2026-04,RESEARCH_DEVELOPMENT,LISTING_AFTER_30_DAYS,MATCHED_RANDOM,SKIPPED,NO_MATCHED_RANDOM_BLOCK,0
PLTRUSDT-R-1776456000000-s17,PLTRUSDT,TRADITIONAL_EQUITY,R,17,PLTRUSDT-nyse_20260417T200000Z,W:2026-04-17T20:00:00Z:2026-04-20T06:00:00Z,,,,,,,,,,0,0,0,0.0,0.0,2026-04,RESEARCH_DEVELOPMENT,LISTING_AFTER_30_DAYS,MATCHED_RANDOM,SKIPPED,NO_MATCHED_RANDOM_BLOCK,0
TSLAUSDT-R-1776456000000-s17,TSLAUSDT,TRADITIONAL_EQUITY,R,17,TSLAUSDT-nyse_20260417T200000Z,W:2026-04-17T20:00:00Z:2026-04-20T06:00:00Z,,,,,,,,,,0,0,0,0.0,0.0,2026-04,RESEARCH_DEVELOPMENT,LISTING_AFTER_30_DAYS,MATCHED_RANDOM,SKIPPED,NO_MATCHED_RANDOM_BLOCK,0
AMZNUSDT-R-1776456000000-s31,AMZNUSDT,TRADITIONAL_EQUITY,R,31,AMZNUSDT-nyse_20260417T200000Z,W:2026-04-17T20:00:00Z:2026-04-20T06:00:00Z,,,,,,,,,,0,0,0,0.0,0.0,2026-04,RESEARCH_DEVELOPMENT,LISTING_AFTER_30_DAYS,MATCHED_RANDOM,SKIPPED,NO_MATCHED_RANDOM_BLOCK,0
COINUSDT-R-1776456000000-s31,COINUSDT,CRYPTO_SENSITIVE_EQUITY,R,31,COINUSDT-nyse_20260417T200000Z,W:2026-04-17T20:00:00Z:2026-04-20T06:00:00Z,,,,,,,,,,0,0,0,0.0,0.0,2026-04,RESEARCH_DEVELOPMENT,LISTING_AFTER_30_DAYS,MATCHED_RANDOM,SKIPPED,NO_MATCHED_RANDOM_BLOCK,0
CRCLUSDT-R-1776456000000-s31,CRCLUSDT,CRYPTO_SENSITIVE_EQUITY,R,31,CRCLUSDT-nyse_20260417T200000Z,W:2026-04-17T20:00:00Z:2026-04-20T06:00:00Z,,,,,,,,,,0,0,0,0.0,0.0,2026-04,RESEARCH_DEVELOPMENT,LISTING_AFTER_30_DAYS,MATCHED_RANDOM,SKIPPED,NO_MATCHED_RANDOM_BLOCK,0
HOODUSDT-R-1776456000000-s31,HOODUSDT,CRYPTO_SENSITIVE_EQUITY,R,31,HOODUSDT-nyse_20260417T200000Z,W:2026-04-17T20:00:00Z:2026-04-20T06:00:00Z,,,,,,,,,,0,0,0,0.0,0.0,2026-04,RESEARCH_DEVELOPMENT,LISTING_AFTER_30_DAYS,MATCHED_RANDOM,SKIPPED,NO_MATCHED_RANDOM_BLOCK,0
INTCUSDT-R-1776456000000-s31,INTCUSDT,TRADITIONAL_EQUITY,R,31,INTCUSDT-nyse_20260417T200000Z,W:2026-04-17T20:00:00Z:2026-04-20T06:00:00Z,,,,,,,,,,0,0,0,0.0,0.0,2026-04,RESEARCH_DEVELOPMENT,LISTING_AFTER_30_DAYS,MATCHED_RANDOM,SKIPPED,NO_MATCHED_RANDOM_BLOCK,0
MSTRUSDT-R-1776456000000-s31,MSTRUSDT,CRYPTO_SENSITIVE_EQUITY,R,31,MSTRUSDT-nyse_20260417T200000Z,W:2026-04-17T20:00:00Z:2026-04-20T06:00:00Z,,,,,,,,,,0,0,0,0.0,0.0,2026-04,RESEARCH_DEVELOPMENT,LISTING_AFTER_30_DAYS,MATCHED_RANDOM,SKIPPED,NO_MATCHED_RANDOM_BLOCK,0
PLTRUSDT-R-1776456000000-s31,PLTRUSDT,TRADITIONAL_EQUITY,R,31,PLTRUSDT-nyse_20260417T200000Z,W:2026-04-17T20:00:00Z:2026-04-20T06:00:00Z,,,,,,,,,,0,0,0,0.0,0.0,2026-04,RESEARCH_DEVELOPMENT,LISTING_AFTER_30_DAYS,MATCHED_RANDOM,SKIPPED,NO_MATCHED_RANDOM_BLOCK,0
TSLAUSDT-R-1776456000000-s31,TSLAUSDT,TRADITIONAL_EQUITY,R,31,TSLAUSDT-nyse_20260417T200000Z,W:2026-04-17T20:00:00Z:2026-04-20T06:00:00Z,,,,,,,,,,0,0,0,0.0,0.0,2026-04,RESEARCH_DEVELOPMENT,LISTING_AFTER_30_DAYS,MATCHED_RANDOM,SKIPPED,NO_MATCHED_RANDOM_BLOCK,0
AMZNUSDT-R-1776456000000-s59,AMZNUSDT,TRADITIONAL_EQUITY,R,59,AMZNUSDT-nyse_20260417T200000Z,W:2026-04-17T20:00:00Z:2026-04-20T06:00:00Z,,,,,,,,,,0,0,0,0.0,0.0,2026-04,RESEARCH_DEVELOPMENT,LISTING_AFTER_30_DAYS,MATCHED_RANDOM,SKIPPED,NO_MATCHED_RANDOM_BLOCK,0
COINUSDT-R-1776456000000-s59,COINUSDT,CRYPTO_SENSITIVE_EQUITY,R,59,COINUSDT-nyse_20260417T200000Z,W:2026-04-17T20:00:00Z:2026-04-20T06:00:00Z,,,,,,,,,,0,0,0,0.0,0.0,2026-04,RESEARCH_DEVELOPMENT,LISTING_AFTER_30_DAYS,MATCHED_RANDOM,SKIPPED,NO_MATCHED_RANDOM_BLOCK,0
CRCLUSDT-R-1776456000000-s59,CRCLUSDT,CRYPTO_SENSITIVE_EQUITY,R,59,CRCLUSDT-nyse_20260417T200000Z,W:2026-04-17T20:00:00Z:2026-04-20T06:00:00Z,,,,,,,,,,0,0,0,0.0,0.0,2026-04,RESEARCH_DEVELOPMENT,LISTING_AFTER_30_DAYS,MATCHED_RANDOM,SKIPPED,NO_MATCHED_RANDOM_BLOCK,0
HOODUSDT-R-1776456000000-s59,HOODUSDT,CRYPTO_SENSITIVE_EQUITY,R,59,HOODUSDT-nyse_20260417T200000Z,W:2026-04-17T20:00:00Z:2026-04-20T06:00:00Z,,,,,,,,,,0,0,0,0.0,0.0,2026-04,RESEARCH_DEVELOPMENT,LISTING_AFTER_30_DAYS,MATCHED_RANDOM,SKIPPED,NO_MATCHED_RANDOM_BLOCK,0
INTCUSDT-R-1776456000000-s59,INTCUSDT,TRADITIONAL_EQUITY,R,59,INTCUSDT-nyse_20260417T200000Z,W:2026-04-17T20:00:00Z:2026-04-20T06:00:00Z,,,,,,,,,,0,0,0,0.0,0.0,2026-04,RESEARCH_DEVELOPMENT,LISTING_AFTER_30_DAYS,MATCHED_RANDOM,SKIPPED,NO_MATCHED_RANDOM_BLOCK,0
MSTRUSDT-R-1776456000000-s59,MSTRUSDT,CRYPTO_SENSITIVE_EQUITY,R,59,MSTRUSDT-nyse_20260417T200000Z,W:2026-04-17T20:00:00Z:2026-04-20T06:00:00Z,,,,,,,,,,0,0,0,0.0,0.0,2026-04,RESEARCH_DEVELOPMENT,LISTING_AFTER_30_DAYS,MATCHED_RANDOM,SKIPPED,NO_MATCHED_RANDOM_BLOCK,0
PLTRUSDT-R-1776456000000-s59,PLTRUSDT,TRADITIONAL_EQUITY,R,59,PLTRUSDT-nyse_20260417T200000Z,W:2026-04-17T20:00:00Z:2026-04-20T06:00:00Z,,,,,,,,,,0,0,0,0.0,0.0,2026-04,RESEARCH_DEVELOPMENT,LISTING_AFTER_30_DAYS,MATCHED_RANDOM,SKIPPED,NO_MATCHED_RANDOM_BLOCK,0
TSLAUSDT-R-1776456000000-s59,TSLAUSDT,TRADITIONAL_EQUITY,R,59,TSLAUSDT-nyse_20260417T200000Z,W:2026-04-17T20:00:00Z:2026-04-20T06:00:00Z,,,,,,,,,,0,0,0,0.0,0.0,2026-04,RESEARCH_DEVELOPMENT,LISTING_AFTER_30_DAYS,MATCHED_RANDOM,SKIPPED,NO_MATCHED_RANDOM_BLOCK,0
AMZNUSDT-R-1776456000000-s97,AMZNUSDT,TRADITIONAL_EQUITY,R,97,AMZNUSDT-nyse_20260417T200000Z,W:2026-04-17T20:00:00Z:2026-04-20T06:00:00Z,,,,,,,,,,0,0,0,0.0,0.0,2026-04,RESEARCH_DEVELOPMENT,LISTING_AFTER_30_DAYS,MATCHED_RANDOM,SKIPPED,NO_MATCHED_RANDOM_BLOCK,0
COINUSDT-R-1776456000000-s97,COINUSDT,CRYPTO_SENSITIVE_EQUITY,R,97,COINUSDT-nyse_20260417T200000Z,W:2026-04-17T20:00:00Z:2026-04-20T06:00:00Z,,,,,,,,,,0,0,0,0.0,0.0,2026-04,RESEARCH_DEVELOPMENT,LISTING_AFTER_30_DAYS,MATCHED_RANDOM,SKIPPED,NO_MATCHED_RANDOM_BLOCK,0
CRCLUSDT-R-1776456000000-s97,CRCLUSDT,CRYPTO_SENSITIVE_EQUITY,R,97,CRCLUSDT-nyse_20260417T200000Z,W:2026-04-17T20:00:00Z:2026-04-20T06:00:00Z,,,,,,,,,,0,0,0,0.0,0.0,2026-04,RESEARCH_DEVELOPMENT,LISTING_AFTER_30_DAYS,MATCHED_RANDOM,SKIPPED,NO_MATCHED_RANDOM_BLOCK,0
HOODUSDT-R-1776456000000-s97,HOODUSDT,CRYPTO_SENSITIVE_EQUITY,R,97,HOODUSDT-nyse_20260417T200000Z,W:2026-04-17T20:00:00Z:2026-04-20T06:00:00Z,,,,,,,,,,0,0,0,0.0,0.0,2026-04,RESEARCH_DEVELOPMENT,LISTING_AFTER_30_DAYS,MATCHED_RANDOM,SKIPPED,NO_MATCHED_RANDOM_BLOCK,0
INTCUSDT-R-1776456000000-s97,INTCUSDT,TRADITIONAL_EQUITY,R,97,INTCUSDT-nyse_20260417T200000Z,W:2026-04-17T20:00:00Z:2026-04-20T06:00:00Z,,,,,,,,,,0,0,0,0.0,0.0,2026-04,RESEARCH_DEVELOPMENT,LISTING_AFTER_30_DAYS,MATCHED_RANDOM,SKIPPED,NO_MATCHED_RANDOM_BLOCK,0
MSTRUSDT-R-1776456000000-s97,MSTRUSDT,CRYPTO_SENSITIVE_EQUITY,R,97,MSTRUSDT-nyse_20260417T200000Z,W:2026-04-17T20:00:00Z:2026-04-20T06:00:00Z,,,,,,,,,,0,0,0,0.0,0.0,2026-04,RESEARCH_DEVELOPMENT,LISTING_AFTER_30_DAYS,MATCHED_RANDOM,SKIPPED,NO_MATCHED_RANDOM_BLOCK,0
PLTRUSDT-R-1776456000000-s97,PLTRUSDT,TRADITIONAL_EQUITY,R,97,PLTRUSDT-nyse_20260417T200000Z,W:2026-04-17T20:00:00Z:2026-04-20T06:00:00Z,,,,,,,,,,0,0,0,0.0,0.0,2026-04,RESEARCH_DEVELOPMENT,LISTING_AFTER_30_DAYS,MATCHED_RANDOM,SKIPPED,NO_MATCHED_RANDOM_BLOCK,0
TSLAUSDT-R-1776456000000-s97,TSLAUSDT,TRADITIONAL_EQUITY,R,97,TSLAUSDT-nyse_20260417T200000Z,W:2026-04-17T20:00:00Z:2026-04-20T06:00:00Z,,,,,,,,,,0,0,0,0.0,0.0,2026-04,RESEARCH_DEVELOPMENT,LISTING_AFTER_30_DAYS,MATCHED_RANDOM,SKIPPED,NO_MATCHED_RANDOM_BLOCK,0
AMZNUSDT-R-1777060800000-s3,AMZNUSDT,TRADITIONAL_EQUITY,R,3,AMZNUSDT-nyse_20260424T200000Z,W:2026-04-24T20:00:00Z:2026-04-27T06:00:00Z,,,,,,,,,,0,0,0,0.0,0.0,2026-04,RESEARCH_DEVELOPMENT,LISTING_AFTER_30_DAYS,MATCHED_RANDOM,SKIPPED,NO_MATCHED_RANDOM_BLOCK,0
COINUSDT-R-1777060800000-s3,COINUSDT,CRYPTO_SENSITIVE_EQUITY,R,3,COINUSDT-nyse_20260424T200000Z,W:2026-04-24T20:00:00Z:2026-04-27T06:00:00Z,,,,,,,,,,0,0,0,0.0,0.0,2026-04,RESEARCH_DEVELOPMENT,LISTING_AFTER_30_DAYS,MATCHED_RANDOM,SKIPPED,NO_MATCHED_RANDOM_BLOCK,0
CRCLUSDT-R-1777060800000-s3,CRCLUSDT,CRYPTO_SENSITIVE_EQUITY,R,3,CRCLUSDT-nyse_20260424T200000Z,W:2026-04-24T20:00:00Z:2026-04-27T06:00:00Z,,,,,,,,,,0,0,0,0.0,0.0,2026-04,RESEARCH_DEVELOPMENT,LISTING_AFTER_30_DAYS,MATCHED_RANDOM,SKIPPED,NO_MATCHED_RANDOM_BLOCK,0
HOODUSDT-R-1777060800000-s3,HOODUSDT,CRYPTO_SENSITIVE_EQUITY,R,3,HOODUSDT-nyse_20260424T200000Z,W:2026-04-24T20:00:00Z:2026-04-27T06:00:00Z,,,,,,,,,,0,0,0,0.0,0.0,2026-04,RESEARCH_DEVELOPMENT,LISTING_AFTER_30_DAYS,MATCHED_RANDOM,SKIPPED,NO_MATCHED_RANDOM_BLOCK,0
INTCUSDT-R-1777060800000-s3,INTCUSDT,TRADITIONAL_EQUITY,R,3,INTCUSDT-nyse_20260424T200000Z,W:2026-04-24T20:00:00Z:2026-04-27T06:00:00Z,,,,,,,,,,0,0,0,0.0,0.0,2026-04,RESEARCH_DEVELOPMENT,LISTING_AFTER_30_DAYS,MATCHED_RANDOM,SKIPPED,NO_MATCHED_RANDOM_BLOCK,0
MSTRUSDT-R-1777060800000-s3,MSTRUSDT,CRYPTO_SENSITIVE_EQUITY,R,3,MSTRUSDT-nyse_20260424T200000Z,W:2026-04-24T20:00:00Z:2026-04-27T06:00:00Z,,,,,,,,,,0,0,0,0.0,0.0,2026-04,RESEARCH_DEVELOPMENT,LISTING_AFTER_30_DAYS,MATCHED_RANDOM,SKIPPED,NO_MATCHED_RANDOM_BLOCK,0
PLTRUSDT-R-1777060800000-s3,PLTRUSDT,TRADITIONAL_EQUITY,R,3,PLTRUSDT-nyse_20260424T200000Z,W:2026-04-24T20:00:00Z:2026-04-27T06:00:00Z,,,,,,,,,,0,0,0,0.0,0.0,2026-04,RESEARCH_DEVELOPMENT,LISTING_AFTER_30_DAYS,MATCHED_RANDOM,SKIPPED,NO_MATCHED_RANDOM_BLOCK,0
TSLAUSDT-R-1777060800000-s3,TSLAUSDT,TRADITIONAL_EQUITY,R,3,TSLAUSDT-nyse_20260424T200000Z,W:2026-04-24T20:00:00Z:2026-04-27T06:00:00Z,,,,,,,,,,0,0,0,0.0,0.0,2026-04,RESEARCH_DEVELOPMENT,LISTING_AFTER_30_DAYS,MATCHED_RANDOM,SKIPPED,NO_MATCHED_RANDOM_BLOCK,0
AMZNUSDT-R-1777060800000-s10,AMZNUSDT,TRADITIONAL_EQUITY,R,10,AMZNUSDT-nyse_20260424T200000Z,W:2026-04-24T20:00:00Z:2026-04-27T06:00:00Z,,,,,,,,,,0,0,0,0.0,0.0,2026-04,RESEARCH_DEVELOPMENT,LISTING_AFTER_30_DAYS,MATCHED_RANDOM,SKIPPED,NO_MATCHED_RANDOM_BLOCK,0
COINUSDT-R-1777060800000-s10,COINUSDT,CRYPTO_SENSITIVE_EQUITY,R,10,COINUSDT-nyse_20260424T200000Z,W:2026-04-24T20:00:00Z:2026-04-27T06:00:00Z,,,,,,,,,,0,0,0,0.0,0.0,2026-04,RESEARCH_DEVELOPMENT,LISTING_AFTER_30_DAYS,MATCHED_RANDOM,SKIPPED,NO_MATCHED_RANDOM_BLOCK,0
CRCLUSDT-R-1777060800000-s10,CRCLUSDT,CRYPTO_SENSITIVE_EQUITY,R,10,CRCLUSDT-nyse_20260424T200000Z,W:2026-04-24T20:00:00Z:2026-04-27T06:00:00Z,,,,,,,,,,0,0,0,0.0,0.0,2026-04,RESEARCH_DEVELOPMENT,LISTING_AFTER_30_DAYS,MATCHED_RANDOM,SKIPPED,NO_MATCHED_RANDOM_BLOCK,0
HOODUSDT-R-1777060800000-s10,HOODUSDT,CRYPTO_SENSITIVE_EQUITY,R,10,HOODUSDT-nyse_20260424T200000Z,W:2026-04-24T20:00:00Z:2026-04-27T06:00:00Z,,,,,,,,,,0,0,0,0.0,0.0,2026-04,RESEARCH_DEVELOPMENT,LISTING_AFTER_30_DAYS,MATCHED_RANDOM,SKIPPED,NO_MATCHED_RANDOM_BLOCK,0
INTCUSDT-R-1777060800000-s10,INTCUSDT,TRADITIONAL_EQUITY,R,10,INTCUSDT-nyse_20260424T200000Z,W:2026-04-24T20:00:00Z:2026-04-27T06:00:00Z,,,,,,,,,,0,0,0,0.0,0.0,2026-04,RESEARCH_DEVELOPMENT,LISTING_AFTER_30_DAYS,MATCHED_RANDOM,SKIPPED,NO_MATCHED_RANDOM_BLOCK,0
MSTRUSDT-R-1777060800000-s10,MSTRUSDT,CRYPTO_SENSITIVE_EQUITY,R,10,MSTRUSDT-nyse_20260424T200000Z,W:2026-04-24T20:00:00Z:2026-04-27T06:00:00Z,,,,,,,,,,0,0,0,0.0,0.0,2026-04,RESEARCH_DEVELOPMENT,LISTING_AFTER_30_DAYS,MATCHED_RANDOM,SKIPPED,NO_MATCHED_RANDOM_BLOCK,0
PLTRUSDT-R-1777060800000-s10,PLTRUSDT,TRADITIONAL_EQUITY,R,10,PLTRUSDT-nyse_20260424T200000Z,W:2026-04-24T20:00:00Z:2026-04-27T06:00:00Z,,,,,,,,,,0,0,0,0.0,0.0,2026-04,RESEARCH_DEVELOPMENT,LISTING_AFTER_30_DAYS,MATCHED_RANDOM,SKIPPED,NO_MATCHED_RANDOM_BLOCK,0
TSLAUSDT-R-1777060800000-s10,TSLAUSDT,TRADITIONAL_EQUITY,R,10,TSLAUSDT-nyse_20260424T200000Z,W:2026-04-24T20:00:00Z:2026-04-27T06:00:00Z,,,,,,,,,,0,0,0,0.0,0.0,2026-04,RESEARCH_DEVELOPMENT,LISTING_AFTER_30_DAYS,MATCHED_RANDOM,SKIPPED,NO_MATCHED_RANDOM_BLOCK,0
AMZNUSDT-R-1777060800000-s17,AMZNUSDT,TRADITIONAL_EQUITY,R,17,AMZNUSDT-nyse_20260424T200000Z,W:2026-04-24T20:00:00Z:2026-04-27T06:00:00Z,,,,,,,,,,0,0,0,0.0,0.0,2026-04,RESEARCH_DEVELOPMENT,LISTING_AFTER_30_DAYS,MATCHED_RANDOM,SKIPPED,NO_MATCHED_RANDOM_BLOCK,0
COINUSDT-R-1777060800000-s17,COINUSDT,CRYPTO_SENSITIVE_EQUITY,R,17,COINUSDT-nyse_20260424T200000Z,W:2026-04-24T20:00:00Z:2026-04-27T06:00:00Z,,,,,,,,,,0,0,0,0.0,0.0,2026-04,RESEARCH_DEVELOPMENT,LISTING_AFTER_30_DAYS,MATCHED_RANDOM,SKIPPED,NO_MATCHED_RANDOM_BLOCK,0
CRCLUSDT-R-1777060800000-s17,CRCLUSDT,CRYPTO_SENSITIVE_EQUITY,R,17,CRCLUSDT-nyse_20260424T200000Z,W:2026-04-24T20:00:00Z:2026-04-27T06:00:00Z,,,,,,,,,,0,0,0,0.0,0.0,2026-04,RESEARCH_DEVELOPMENT,LISTING_AFTER_30_DAYS,MATCHED_RANDOM,SKIPPED,NO_MATCHED_RANDOM_BLOCK,0
HOODUSDT-R-1777060800000-s17,HOODUSDT,CRYPTO_SENSITIVE_EQUITY,R,17,HOODUSDT-nyse_20260424T200000Z,W:2026-04-24T20:00:00Z:2026-04-27T06:00:00Z,,,,,,,,,,0,0,0,0.0,0.0,2026-04,RESEARCH_DEVELOPMENT,LISTING_AFTER_30_DAYS,MATCHED_RANDOM,SKIPPED,NO_MATCHED_RANDOM_BLOCK,0
INTCUSDT-R-1777060800000-s17,INTCUSDT,TRADITIONAL_EQUITY,R,17,INTCUSDT-nyse_20260424T200000Z,W:2026-04-24T20:00:00Z:2026-04-27T06:00:00Z,,,,,,,,,,0,0,0,0.0,0.0,2026-04,RESEARCH_DEVELOPMENT,LISTING_AFTER_30_DAYS,MATCHED_RANDOM,SKIPPED,NO_MATCHED_RANDOM_BLOCK,0
MSTRUSDT-R-1777060800000-s17,MSTRUSDT,CRYPTO_SENSITIVE_EQUITY,R,17,MSTRUSDT-nyse_20260424T200000Z,W:2026-04-24T20:00:00Z:2026-04-27T06:00:00Z,,,,,,,,,,0,0,0,0.0,0.0,2026-04,RESEARCH_DEVELOPMENT,LISTING_AFTER_30_DAYS,MATCHED_RANDOM,SKIPPED,NO_MATCHED_RANDOM_BLOCK,0
PLTRUSDT-R-1777060800000-s17,PLTRUSDT,TRADITIONAL_EQUITY,R,17,PLTRUSDT-nyse_20260424T200000Z,W:2026-04-24T20:00:00Z:2026-04-27T06:00:00Z,,,,,,,,,,0,0,0,0.0,0.0,2026-04,RESEARCH_DEVELOPMENT,LISTING_AFTER_30_DAYS,MATCHED_RANDOM,SKIPPED,NO_MATCHED_RANDOM_BLOCK,0
TSLAUSDT-R-1777060800000-s17,TSLAUSDT,TRADITIONAL_EQUITY,R,17,TSLAUSDT-nyse_20260424T200000Z,W:2026-04-24T20:00:00Z:2026-04-27T06:00:00Z,,,,,,,,,,0,0,0,0.0,0.0,2026-04,RESEARCH_DEVELOPMENT,LISTING_AFTER_30_DAYS,MATCHED_RANDOM,SKIPPED,NO_MATCHED_RANDOM_BLOCK,0
AMZNUSDT-R-1777060800000-s31,AMZNUSDT,TRADITIONAL_EQUITY,R,31,AMZNUSDT-nyse_20260424T200000Z,W:2026-04-24T20:00:00Z:2026-04-27T06:00:00Z,,,,,,,,,,0,0,0,0.0,0.0,2026-04,RESEARCH_DEVELOPMENT,LISTING_AFTER_30_DAYS,MATCHED_RANDOM,SKIPPED,NO_MATCHED_RANDOM_BLOCK,0
COINUSDT-R-1777060800000-s31,COINUSDT,CRYPTO_SENSITIVE_EQUITY,R,31,COINUSDT-nyse_20260424T200000Z,W:2026-04-24T20:00:00Z:2026-04-27T06:00:00Z,,,,,,,,,,0,0,0,0.0,0.0,2026-04,RESEARCH_DEVELOPMENT,LISTING_AFTER_30_DAYS,MATCHED_RANDOM,SKIPPED,NO_MATCHED_RANDOM_BLOCK,0
CRCLUSDT-R-1777060800000-s31,CRCLUSDT,CRYPTO_SENSITIVE_EQUITY,R,31,CRCLUSDT-nyse_20260424T200000Z,W:2026-04-24T20:00:00Z:2026-04-27T06:00:00Z,,,,,,,,,,0,0,0,0.0,0.0,2026-04,RESEARCH_DEVELOPMENT,LISTING_AFTER_30_DAYS,MATCHED_RANDOM,SKIPPED,NO_MATCHED_RANDOM_BLOCK,0
HOODUSDT-R-1777060800000-s31,HOODUSDT,CRYPTO_SENSITIVE_EQUITY,R,31,HOODUSDT-nyse_20260424T200000Z,W:2026-04-24T20:00:00Z:2026-04-27T06:00:00Z,,,,,,,,,,0,0,0,0.0,0.0,2026-04,RESEARCH_DEVELOPMENT,LISTING_AFTER_30_DAYS,MATCHED_RANDOM,SKIPPED,NO_MATCHED_RANDOM_BLOCK,0
INTCUSDT-R-1777060800000-s31,INTCUSDT,TRADITIONAL_EQUITY,R,31,INTCUSDT-nyse_20260424T200000Z,W:2026-04-24T20:00:00Z:2026-04-27T06:00:00Z,,,,,,,,,,0,0,0,0.0,0.0,2026-04,RESEARCH_DEVELOPMENT,LISTING_AFTER_30_DAYS,MATCHED_RANDOM,SKIPPED,NO_MATCHED_RANDOM_BLOCK,0
MSTRUSDT-R-1777060800000-s31,MSTRUSDT,CRYPTO_SENSITIVE_EQUITY,R,31,MSTRUSDT-nyse_20260424T200000Z,W:2026-04-24T20:00:00Z:2026-04-27T06:00:00Z,,,,,,,,,,0,0,0,0.0,0.0,2026-04,RESEARCH_DEVELOPMENT,LISTING_AFTER_30_DAYS,MATCHED_RANDOM,SKIPPED,NO_MATCHED_RANDOM_BLOCK,0
PLTRUSDT-R-1777060800000-s31,PLTRUSDT,TRADITIONAL_EQUITY,R,31,PLTRUSDT-nyse_20260424T200000Z,W:2026-04-24T20:00:00Z:2026-04-27T06:00:00Z,,,,,,,,,,0,0,0,0.0,0.0,2026-04,RESEARCH_DEVELOPMENT,LISTING_AFTER_30_DAYS,MATCHED_RANDOM,SKIPPED,NO_MATCHED_RANDOM_BLOCK,0
TSLAUSDT-R-1777060800000-s31,TSLAUSDT,TRADITIONAL_EQUITY,R,31,TSLAUSDT-nyse_20260424T200000Z,W:2026-04-24T20:00:00Z:2026-04-27T06:00:00Z,,,,,,,,,,0,0,0,0.0,0.0,2026-04,RESEARCH_DEVELOPMENT,LISTING_AFTER_30_DAYS,MATCHED_RANDOM,SKIPPED,NO_MATCHED_RANDOM_BLOCK,0
AMZNUSDT-R-1777060800000-s59,AMZNUSDT,TRADITIONAL_EQUITY,R,59,AMZNUSDT-nyse_20260424T200000Z,W:2026-04-24T20:00:00Z:2026-04-27T06:00:00Z,,,,,,,,,,0,0,0,0.0,0.0,2026-04,RESEARCH_DEVELOPMENT,LISTING_AFTER_30_DAYS,MATCHED_RANDOM,SKIPPED,NO_MATCHED_RANDOM_BLOCK,0
COINUSDT-R-1777060800000-s59,COINUSDT,CRYPTO_SENSITIVE_EQUITY,R,59,COINUSDT-nyse_20260424T200000Z,W:2026-04-24T20:00:00Z:2026-04-27T06:00:00Z,,,,,,,,,,0,0,0,0.0,0.0,2026-04,RESEARCH_DEVELOPMENT,LISTING_AFTER_30_DAYS,MATCHED_RANDOM,SKIPPED,NO_MATCHED_RANDOM_BLOCK,0
CRCLUSDT-R-1777060800000-s59,CRCLUSDT,CRYPTO_SENSITIVE_EQUITY,R,59,CRCLUSDT-nyse_20260424T200000Z,W:2026-04-24T20:00:00Z:2026-04-27T06:00:00Z,,,,,,,,,,0,0,0,0.0,0.0,2026-04,RESEARCH_DEVELOPMENT,LISTING_AFTER_30_DAYS,MATCHED_RANDOM,SKIPPED,NO_MATCHED_RANDOM_BLOCK,0
HOODUSDT-R-1777060800000-s59,HOODUSDT,CRYPTO_SENSITIVE_EQUITY,R,59,HOODUSDT-nyse_20260424T200000Z,W:2026-04-24T20:00:00Z:2026-04-27T06:00:00Z,,,,,,,,,,0,0,0,0.0,0.0,2026-04,RESEARCH_DEVELOPMENT,LISTING_AFTER_30_DAYS,MATCHED_RANDOM,SKIPPED,NO_MATCHED_RANDOM_BLOCK,0
INTCUSDT-R-1777060800000-s59,INTCUSDT,TRADITIONAL_EQUITY,R,59,INTCUSDT-nyse_20260424T200000Z,W:2026-04-24T20:00:00Z:2026-04-27T06:00:00Z,,,,,,,,,,0,0,0,0.0,0.0,2026-04,RESEARCH_DEVELOPMENT,LISTING_AFTER_30_DAYS,MATCHED_RANDOM,SKIPPED,NO_MATCHED_RANDOM_BLOCK,0
MSTRUSDT-R-1777060800000-s59,MSTRUSDT,CRYPTO_SENSITIVE_EQUITY,R,59,MSTRUSDT-nyse_20260424T200000Z,W:2026-04-24T20:00:00Z:2026-04-27T06:00:00Z,,,,,,,,,,0,0,0,0.0,0.0,2026-04,RESEARCH_DEVELOPMENT,LISTING_AFTER_30_DAYS,MATCHED_RANDOM,SKIPPED,NO_MATCHED_RANDOM_BLOCK,0
PLTRUSDT-R-1777060800000-s59,PLTRUSDT,TRADITIONAL_EQUITY,R,59,PLTRUSDT-nyse_20260424T200000Z,W:2026-04-24T20:00:00Z:2026-04-27T06:00:00Z,,,,,,,,,,0,0,0,0.0,0.0,2026-04,RESEARCH_DEVELOPMENT,LISTING_AFTER_30_DAYS,MATCHED_RANDOM,SKIPPED,NO_MATCHED_RANDOM_BLOCK,0
TSLAUSDT-R-1777060800000-s59,TSLAUSDT,TRADITIONAL_EQUITY,R,59,TSLAUSDT-nyse_20260424T200000Z,W:2026-04-24T20:00:00Z:2026-04-27T06:00:00Z,,,,,,,,,,0,0,0,0.0,0.0,2026-04,RESEARCH_DEVELOPMENT,LISTING_AFTER_30_DAYS,MATCHED_RANDOM,SKIPPED,NO_MATCHED_RANDOM_BLOCK,0
AMZNUSDT-R-1777060800000-s97,AMZNUSDT,TRADITIONAL_EQUITY,R,97,AMZNUSDT-nyse_20260424T200000Z,W:2026-04-24T20:00:00Z:2026-04-27T06:00:00Z,,,,,,,,,,0,0,0,0.0,0.0,2026-04,RESEARCH_DEVELOPMENT,LISTING_AFTER_30_DAYS,MATCHED_RANDOM,SKIPPED,NO_MATCHED_RANDOM_BLOCK,0
COINUSDT-R-1777060800000-s97,COINUSDT,CRYPTO_SENSITIVE_EQUITY,R,97,COINUSDT-nyse_20260424T200000Z,W:2026-04-24T20:00:00Z:2026-04-27T06:00:00Z,,,,,,,,,,0,0,0,0.0,0.0,2026-04,RESEARCH_DEVELOPMENT,LISTING_AFTER_30_DAYS,MATCHED_RANDOM,SKIPPED,NO_MATCHED_RANDOM_BLOCK,0
CRCLUSDT-R-1777060800000-s97,CRCLUSDT,CRYPTO_SENSITIVE_EQUITY,R,97,CRCLUSDT-nyse_20260424T200000Z,W:2026-04-24T20:00:00Z:2026-04-27T06:00:00Z,,,,,,,,,,0,0,0,0.0,0.0,2026-04,RESEARCH_DEVELOPMENT,LISTING_AFTER_30_DAYS,MATCHED_RANDOM,SKIPPED,NO_MATCHED_RANDOM_BLOCK,0
HOODUSDT-R-1777060800000-s97,HOODUSDT,CRYPTO_SENSITIVE_EQUITY,R,97,HOODUSDT-nyse_20260424T200000Z,W:2026-04-24T20:00:00Z:2026-04-27T06:00:00Z,,,,,,,,,,0,0,0,0.0,0.0,2026-04,RESEARCH_DEVELOPMENT,LISTING_AFTER_30_DAYS,MATCHED_RANDOM,SKIPPED,NO_MATCHED_RANDOM_BLOCK,0
INTCUSDT-R-1777060800000-s97,INTCUSDT,TRADITIONAL_EQUITY,R,97,INTCUSDT-nyse_20260424T200000Z,W:2026-04-24T20:00:00Z:2026-04-27T06:00:00Z,,,,,,,,,,0,0,0,0.0,0.0,2026-04,RESEARCH_DEVELOPMENT,LISTING_AFTER_30_DAYS,MATCHED_RANDOM,SKIPPED,NO_MATCHED_RANDOM_BLOCK,0
MSTRUSDT-R-1777060800000-s97,MSTRUSDT,CRYPTO_SENSITIVE_EQUITY,R,97,MSTRUSDT-nyse_20260424T200000Z,W:2026-04-24T20:00:00Z:2026-04-27T06:00:00Z,,,,,,,,,,0,0,0,0.0,0.0,2026-04,RESEARCH_DEVELOPMENT,LISTING_AFTER_30_DAYS,MATCHED_RANDOM,SKIPPED,NO_MATCHED_RANDOM_BLOCK,0
PLTRUSDT-R-1777060800000-s97,PLTRUSDT,TRADITIONAL_EQUITY,R,97,PLTRUSDT-nyse_20260424T200000Z,W:2026-04-24T20:00:00Z:2026-04-27T06:00:00Z,,,,,,,,,,0,0,0,0.0,0.0,2026-04,RESEARCH_DEVELOPMENT,LISTING_AFTER_30_DAYS,MATCHED_RANDOM,SKIPPED,NO_MATCHED_RANDOM_BLOCK,0
TSLAUSDT-R-1777060800000-s97,TSLAUSDT,TRADITIONAL_EQUITY,R,97,TSLAUSDT-nyse_20260424T200000Z,W:2026-04-24T20:00:00Z:2026-04-27T06:00:00Z,,,,,,,,,,0,0,0,0.0,0.0,2026-04,RESEARCH_DEVELOPMENT,LISTING_AFTER_30_DAYS,MATCHED_RANDOM,SKIPPED,NO_MATCHED_RANDOM_BLOCK,0
AMZNUSDT-R-1777665600000-s3,AMZNUSDT,TRADITIONAL_EQUITY,R,3,AMZNUSDT-nyse_20260501T200000Z,W:2026-05-01T20:00:00Z:2026-05-04T06:00:00Z,,,,,,,,,,0,0,0,0.0,0.0,2026-05,RESEARCH_DEVELOPMENT,LISTING_AFTER_30_DAYS,MATCHED_RANDOM,SKIPPED,NO_MATCHED_RANDOM_BLOCK,0
COINUSDT-R-1777665600000-s3,COINUSDT,CRYPTO_SENSITIVE_EQUITY,R,3,COINUSDT-nyse_20260501T200000Z,W:2026-05-01T20:00:00Z:2026-05-04T06:00:00Z,,,,,,,,,,0,0,0,0.0,0.0,2026-05,RESEARCH_DEVELOPMENT,LISTING_AFTER_30_DAYS,MATCHED_RANDOM,SKIPPED,NO_MATCHED_RANDOM_BLOCK,0
CRCLUSDT-R-1777665600000-s3,CRCLUSDT,CRYPTO_SENSITIVE_EQUITY,R,3,CRCLUSDT-nyse_20260501T200000Z,W:2026-05-01T20:00:00Z:2026-05-04T06:00:00Z,,,,,,,,,,0,0,0,0.0,0.0,2026-05,RESEARCH_DEVELOPMENT,LISTING_AFTER_30_DAYS,MATCHED_RANDOM,SKIPPED,NO_MATCHED_RANDOM_BLOCK,0
HOODUSDT-R-1777665600000-s3,HOODUSDT,CRYPTO_SENSITIVE_EQUITY,R,3,HOODUSDT-nyse_20260501T200000Z,W:2026-05-01T20:00:00Z:2026-05-04T06:00:00Z,,,,,,,,,,0,0,0,0.0,0.0,2026-05,RESEARCH_DEVELOPMENT,LISTING_AFTER_30_DAYS,MATCHED_RANDOM,SKIPPED,NO_MATCHED_RANDOM_BLOCK,0
INTCUSDT-R-1777665600000-s3,INTCUSDT,TRADITIONAL_EQUITY,R,3,INTCUSDT-nyse_20260501T200000Z,W:2026-05-01T20:00:00Z:2026-05-04T06:00:00Z,,,,,,,,,,0,0,0,0.0,0.0,2026-05,RESEARCH_DEVELOPMENT,LISTING_AFTER_30_DAYS,MATCHED_RANDOM,SKIPPED,NO_MATCHED_RANDOM_BLOCK,0
MSTRUSDT-R-1777665600000-s3,MSTRUSDT,CRYPTO_SENSITIVE_EQUITY,R,3,MSTRUSDT-nyse_20260501T200000Z,W:2026-05-01T20:00:00Z:2026-05-04T06:00:00Z,,,,,,,,,,0,0,0,0.0,0.0,2026-05,RESEARCH_DEVELOPMENT,LISTING_AFTER_30_DAYS,MATCHED_RANDOM,SKIPPED,NO_MATCHED_RANDOM_BLOCK,0
PLTRUSDT-R-1777665600000-s3,PLTRUSDT,TRADITIONAL_EQUITY,R,3,PLTRUSDT-nyse_20260501T200000Z,W:2026-05-01T20:00:00Z:2026-05-04T06:00:00Z,,,,,,,,,,0,0,0,0.0,0.0,2026-05,RESEARCH_DEVELOPMENT,LISTING_AFTER_30_DAYS,MATCHED_RANDOM,SKIPPED,NO_MATCHED_RANDOM_BLOCK,0
TSLAUSDT-R-1777665600000-s3,TSLAUSDT,TRADITIONAL_EQUITY,R,3,TSLAUSDT-nyse_20260501T200000Z,W:2026-05-01T20:00:00Z:2026-05-04T06:00:00Z,,,,,,,,,,0,0,0,0.0,0.0,2026-05,RESEARCH_DEVELOPMENT,LISTING_AFTER_30_DAYS,MATCHED_RANDOM,SKIPPED,NO_MATCHED_RANDOM_BLOCK,0
AMZNUSDT-R-1777665600000-s10,AMZNUSDT,TRADITIONAL_EQUITY,R,10,AMZNUSDT-nyse_20260501T200000Z,W:2026-05-01T20:00:00Z:2026-05-04T06:00:00Z,,,,,,,,,,0,0,0,0.0,0.0,2026-05,RESEARCH_DEVELOPMENT,LISTING_AFTER_30_DAYS,MATCHED_RANDOM,SKIPPED,NO_MATCHED_RANDOM_BLOCK,0
COINUSDT-R-1777665600000-s10,COINUSDT,CRYPTO_SENSITIVE_EQUITY,R,10,COINUSDT-nyse_20260501T200000Z,W:2026-05-01T20:00:00Z:2026-05-04T06:00:00Z,,,,,,,,,,0,0,0,0.0,0.0,2026-05,RESEARCH_DEVELOPMENT,LISTING_AFTER_30_DAYS,MATCHED_RANDOM,SKIPPED,NO_MATCHED_RANDOM_BLOCK,0
CRCLUSDT-R-1777665600000-s10,CRCLUSDT,CRYPTO_SENSITIVE_EQUITY,R,10,CRCLUSDT-nyse_20260501T200000Z,W:2026-05-01T20:00:00Z:2026-05-04T06:00:00Z,,,,,,,,,,0,0,0,0.0,0.0,2026-05,RESEARCH_DEVELOPMENT,LISTING_AFTER_30_DAYS,MATCHED_RANDOM,SKIPPED,NO_MATCHED_RANDOM_BLOCK,0
HOODUSDT-R-1777665600000-s10,HOODUSDT,CRYPTO_SENSITIVE_EQUITY,R,10,HOODUSDT-nyse_20260501T200000Z,W:2026-05-01T20:00:00Z:2026-05-04T06:00:00Z,,,,,,,,,,0,0,0,0.0,0.0,2026-05,RESEARCH_DEVELOPMENT,LISTING_AFTER_30_DAYS,MATCHED_RANDOM,SKIPPED,NO_MATCHED_RANDOM_BLOCK,0
INTCUSDT-R-1777665600000-s10,INTCUSDT,TRADITIONAL_EQUITY,R,10,INTCUSDT-nyse_20260501T200000Z,W:2026-05-01T20:00:00Z:2026-05-04T06:00:00Z,,,,,,,,,,0,0,0,0.0,0.0,2026-05,RESEARCH_DEVELOPMENT,LISTING_AFTER_30_DAYS,MATCHED_RANDOM,SKIPPED,NO_MATCHED_RANDOM_BLOCK,0
MSTRUSDT-R-1777665600000-s10,MSTRUSDT,CRYPTO_SENSITIVE_EQUITY,R,10,MSTRUSDT-nyse_20260501T200000Z,W:2026-05-01T20:00:00Z:2026-05-04T06:00:00Z,,,,,,,,,,0,0,0,0.0,0.0,2026-05,RESEARCH_DEVELOPMENT,LISTING_AFTER_30_DAYS,MATCHED_RANDOM,SKIPPED,NO_MATCHED_RANDOM_BLOCK,0
PLTRUSDT-R-1777665600000-s10,PLTRUSDT,TRADITIONAL_EQUITY,R,10,PLTRUSDT-nyse_20260501T200000Z,W:2026-05-01T20:00:00Z:2026-05-04T06:00:00Z,,,,,,,,,,0,0,0,0.0,0.0,2026-05,RESEARCH_DEVELOPMENT,LISTING_AFTER_30_DAYS,MATCHED_RANDOM,SKIPPED,NO_MATCHED_RANDOM_BLOCK,0
TSLAUSDT-R-1777665600000-s10,TSLAUSDT,TRADITIONAL_EQUITY,R,10,TSLAUSDT-nyse_20260501T200000Z,W:2026-05-01T20:00:00Z:2026-05-04T06:00:00Z,,,,,,,,,,0,0,0,0.0,0.0,2026-05,RESEARCH_DEVELOPMENT,LISTING_AFTER_30_DAYS,MATCHED_RANDOM,SKIPPED,NO_MATCHED_RANDOM_BLOCK,0
AMZNUSDT-R-1777665600000-s17,AMZNUSDT,TRADITIONAL_EQUITY,R,17,AMZNUSDT-nyse_20260501T200000Z,W:2026-05-01T20:00:00Z:2026-05-04T06:00:00Z,,,,,,,,,,0,0,0,0.0,0.0,2026-05,RESEARCH_DEVELOPMENT,LISTING_AFTER_30_DAYS,MATCHED_RANDOM,SKIPPED,NO_MATCHED_RANDOM_BLOCK,0
COINUSDT-R-1777665600000-s17,COINUSDT,CRYPTO_SENSITIVE_EQUITY,R,17,COINUSDT-nyse_20260501T200000Z,W:2026-05-01T20:00:00Z:2026-05-04T06:00:00Z,,,,,,,,,,0,0,0,0.0,0.0,2026-05,RESEARCH_DEVELOPMENT,LISTING_AFTER_30_DAYS,MATCHED_RANDOM,SKIPPED,NO_MATCHED_RANDOM_BLOCK,0
CRCLUSDT-R-1777665600000-s17,CRCLUSDT,CRYPTO_SENSITIVE_EQUITY,R,17,CRCLUSDT-nyse_20260501T200000Z,W:2026-05-01T20:00:00Z:2026-05-04T06:00:00Z,,,,,,,,,,0,0,0,0.0,0.0,2026-05,RESEARCH_DEVELOPMENT,LISTING_AFTER_30_DAYS,MATCHED_RANDOM,SKIPPED,NO_MATCHED_RANDOM_BLOCK,0
HOODUSDT-R-1777665600000-s17,HOODUSDT,CRYPTO_SENSITIVE_EQUITY,R,17,HOODUSDT-nyse_20260501T200000Z,W:2026-05-01T20:00:00Z:2026-05-04T06:00:00Z,,,,,,,,,,0,0,0,0.0,0.0,2026-05,RESEARCH_DEVELOPMENT,LISTING_AFTER_30_DAYS,MATCHED_RANDOM,SKIPPED,NO_MATCHED_RANDOM_BLOCK,0
INTCUSDT-R-1777665600000-s17,INTCUSDT,TRADITIONAL_EQUITY,R,17,INTCUSDT-nyse_20260501T200000Z,W:2026-05-01T20:00:00Z:2026-05-04T06:00:00Z,,,,,,,,,,0,0,0,0.0,0.0,2026-05,RESEARCH_DEVELOPMENT,LISTING_AFTER_30_DAYS,MATCHED_RANDOM,SKIPPED,NO_MATCHED_RANDOM_BLOCK,0
MSTRUSDT-R-1777665600000-s17,MSTRUSDT,CRYPTO_SENSITIVE_EQUITY,R,17,MSTRUSDT-nyse_20260501T200000Z,W:2026-05-01T20:00:00Z:2026-05-04T06:00:00Z,,,,,,,,,,0,0,0,0.0,0.0,2026-05,RESEARCH_DEVELOPMENT,LISTING_AFTER_30_DAYS,MATCHED_RANDOM,SKIPPED,NO_MATCHED_RANDOM_BLOCK,0
PLTRUSDT-R-1777665600000-s17,PLTRUSDT,TRADITIONAL_EQUITY,R,17,PLTRUSDT-nyse_20260501T200000Z,W:2026-05-01T20:00:00Z:2026-05-04T06:00:00Z,,,,,,,,,,0,0,0,0.0,0.0,2026-05,RESEARCH_DEVELOPMENT,LISTING_AFTER_30_DAYS,MATCHED_RANDOM,SKIPPED,NO_MATCHED_RANDOM_BLOCK,0
TSLAUSDT-R-1777665600000-s17,TSLAUSDT,TRADITIONAL_EQUITY,R,17,TSLAUSDT-nyse_20260501T200000Z,W:2026-05-01T20:00:00Z:2026-05-04T06:00:00Z,,,,,,,,,,0,0,0,0.0,0.0,2026-05,RESEARCH_DEVELOPMENT,LISTING_AFTER_30_DAYS,MATCHED_RANDOM,SKIPPED,NO_MATCHED_RANDOM_BLOCK,0
AMZNUSDT-R-1777665600000-s31,AMZNUSDT,TRADITIONAL_EQUITY,R,31,AMZNUSDT-nyse_20260501T200000Z,W:2026-05-01T20:00:00Z:2026-05-04T06:00:00Z,,,,,,,,,,0,0,0,0.0,0.0,2026-05,RESEARCH_DEVELOPMENT,LISTING_AFTER_30_DAYS,MATCHED_RANDOM,SKIPPED,NO_MATCHED_RANDOM_BLOCK,0
COINUSDT-R-1777665600000-s31,COINUSDT,CRYPTO_SENSITIVE_EQUITY,R,31,COINUSDT-nyse_20260501T200000Z,W:2026-05-01T20:00:00Z:2026-05-04T06:00:00Z,,,,,,,,,,0,0,0,0.0,0.0,2026-05,RESEARCH_DEVELOPMENT,LISTING_AFTER_30_DAYS,MATCHED_RANDOM,SKIPPED,NO_MATCHED_RANDOM_BLOCK,0
CRCLUSDT-R-1777665600000-s31,CRCLUSDT,CRYPTO_SENSITIVE_EQUITY,R,31,CRCLUSDT-nyse_20260501T200000Z,W:2026-05-01T20:00:00Z:2026-05-04T06:00:00Z,,,,,,,,,,0,0,0,0.0,0.0,2026-05,RESEARCH_DEVELOPMENT,LISTING_AFTER_30_DAYS,MATCHED_RANDOM,SKIPPED,NO_MATCHED_RANDOM_BLOCK,0
HOODUSDT-R-1777665600000-s31,HOODUSDT,CRYPTO_SENSITIVE_EQUITY,R,31,HOODUSDT-nyse_20260501T200000Z,W:2026-05-01T20:00:00Z:2026-05-04T06:00:00Z,,,,,,,,,,0,0,0,0.0,0.0,2026-05,RESEARCH_DEVELOPMENT,LISTING_AFTER_30_DAYS,MATCHED_RANDOM,SKIPPED,NO_MATCHED_RANDOM_BLOCK,0
INTCUSDT-R-1777665600000-s31,INTCUSDT,TRADITIONAL_EQUITY,R,31,INTCUSDT-nyse_20260501T200000Z,W:2026-05-01T20:00:00Z:2026-05-04T06:00:00Z,,,,,,,,,,0,0,0,0.0,0.0,2026-05,RESEARCH_DEVELOPMENT,LISTING_AFTER_30_DAYS,MATCHED_RANDOM,SKIPPED,NO_MATCHED_RANDOM_BLOCK,0
MSTRUSDT-R-1777665600000-s31,MSTRUSDT,CRYPTO_SENSITIVE_EQUITY,R,31,MSTRUSDT-nyse_20260501T200000Z,W:2026-05-01T20:00:00Z:2026-05-04T06:00:00Z,,,,,,,,,,0,0,0,0.0,0.0,2026-05,RESEARCH_DEVELOPMENT,LISTING_AFTER_30_DAYS,MATCHED_RANDOM,SKIPPED,NO_MATCHED_RANDOM_BLOCK,0
PLTRUSDT-R-1777665600000-s31,PLTRUSDT,TRADITIONAL_EQUITY,R,31,PLTRUSDT-nyse_20260501T200000Z,W:2026-05-01T20:00:00Z:2026-05-04T06:00:00Z,,,,,,,,,,0,0,0,0.0,0.0,2026-05,RESEARCH_DEVELOPMENT,LISTING_AFTER_30_DAYS,MATCHED_RANDOM,SKIPPED,NO_MATCHED_RANDOM_BLOCK,0
TSLAUSDT-R-1777665600000-s31,TSLAUSDT,TRADITIONAL_EQUITY,R,31,TSLAUSDT-nyse_20260501T200000Z,W:2026-05-01T20:00:00Z:2026-05-04T06:00:00Z,,,,,,,,,,0,0,0,0.0,0.0,2026-05,RESEARCH_DEVELOPMENT,LISTING_AFTER_30_DAYS,MATCHED_RANDOM,SKIPPED,NO_MATCHED_RANDOM_BLOCK,0
AMZNUSDT-R-1777665600000-s59,AMZNUSDT,TRADITIONAL_EQUITY,R,59,AMZNUSDT-nyse_20260501T200000Z,W:2026-05-01T20:00:00Z:2026-05-04T06:00:00Z,,,,,,,,,,0,0,0,0.0,0.0,2026-05,RESEARCH_DEVELOPMENT,LISTING_AFTER_30_DAYS,MATCHED_RANDOM,SKIPPED,NO_MATCHED_RANDOM_BLOCK,0
COINUSDT-R-1777665600000-s59,COINUSDT,CRYPTO_SENSITIVE_EQUITY,R,59,COINUSDT-nyse_20260501T200000Z,W:2026-05-01T20:00:00Z:2026-05-04T06:00:00Z,,,,,,,,,,0,0,0,0.0,0.0,2026-05,RESEARCH_DEVELOPMENT,LISTING_AFTER_30_DAYS,MATCHED_RANDOM,SKIPPED,NO_MATCHED_RANDOM_BLOCK,0
CRCLUSDT-R-1777665600000-s59,CRCLUSDT,CRYPTO_SENSITIVE_EQUITY,R,59,CRCLUSDT-nyse_20260501T200000Z,W:2026-05-01T20:00:00Z:2026-05-04T06:00:00Z,,,,,,,,,,0,0,0,0.0,0.0,2026-05,RESEARCH_DEVELOPMENT,LISTING_AFTER_30_DAYS,MATCHED_RANDOM,SKIPPED,NO_MATCHED_RANDOM_BLOCK,0
HOODUSDT-R-1777665600000-s59,HOODUSDT,CRYPTO_SENSITIVE_EQUITY,R,59,HOODUSDT-nyse_20260501T200000Z,W:2026-05-01T20:00:00Z:2026-05-04T06:00:00Z,,,,,,,,,,0,0,0,0.0,0.0,2026-05,RESEARCH_DEVELOPMENT,LISTING_AFTER_30_DAYS,MATCHED_RANDOM,SKIPPED,NO_MATCHED_RANDOM_BLOCK,0
INTCUSDT-R-1777665600000-s59,INTCUSDT,TRADITIONAL_EQUITY,R,59,INTCUSDT-nyse_20260501T200000Z,W:2026-05-01T20:00:00Z:2026-05-04T06:00:00Z,,,,,,,,,,0,0,0,0.0,0.0,2026-05,RESEARCH_DEVELOPMENT,LISTING_AFTER_30_DAYS,MATCHED_RANDOM,SKIPPED,NO_MATCHED_RANDOM_BLOCK,0
MSTRUSDT-R-1777665600000-s59,MSTRUSDT,CRYPTO_SENSITIVE_EQUITY,R,59,MSTRUSDT-nyse_20260501T200000Z,W:2026-05-01T20:00:00Z:2026-05-04T06:00:00Z,,,,,,,,,,0,0,0,0.0,0.0,2026-05,RESEARCH_DEVELOPMENT,LISTING_AFTER_30_DAYS,MATCHED_RANDOM,SKIPPED,NO_MATCHED_RANDOM_BLOCK,0
PLTRUSDT-R-1777665600000-s59,PLTRUSDT,TRADITIONAL_EQUITY,R,59,PLTRUSDT-nyse_20260501T200000Z,W:2026-05-01T20:00:00Z:2026-05-04T06:00:00Z,,,,,,,,,,0,0,0,0.0,0.0,2026-05,RESEARCH_DEVELOPMENT,LISTING_AFTER_30_DAYS,MATCHED_RANDOM,SKIPPED,NO_MATCHED_RANDOM_BLOCK,0
TSLAUSDT-R-1777665600000-s59,TSLAUSDT,TRADITIONAL_EQUITY,R,59,TSLAUSDT-nyse_20260501T200000Z,W:2026-05-01T20:00:00Z:2026-05-04T06:00:00Z,,,,,,,,,,0,0,0,0.0,0.0,2026-05,RESEARCH_DEVELOPMENT,LISTING_AFTER_30_DAYS,MATCHED_RANDOM,SKIPPED,NO_MATCHED_RANDOM_BLOCK,0
AMZNUSDT-R-1777665600000-s97,AMZNUSDT,TRADITIONAL_EQUITY,R,97,AMZNUSDT-nyse_20260501T200000Z,W:2026-05-01T20:00:00Z:2026-05-04T06:00:00Z,,,,,,,,,,0,0,0,0.0,0.0,2026-05,RESEARCH_DEVELOPMENT,LISTING_AFTER_30_DAYS,MATCHED_RANDOM,SKIPPED,NO_MATCHED_RANDOM_BLOCK,0
COINUSDT-R-1777665600000-s97,COINUSDT,CRYPTO_SENSITIVE_EQUITY,R,97,COINUSDT-nyse_20260501T200000Z,W:2026-05-01T20:00:00Z:2026-05-04T06:00:00Z,,,,,,,,,,0,0,0,0.0,0.0,2026-05,RESEARCH_DEVELOPMENT,LISTING_AFTER_30_DAYS,MATCHED_RANDOM,SKIPPED,NO_MATCHED_RANDOM_BLOCK,0
CRCLUSDT-R-1777665600000-s97,CRCLUSDT,CRYPTO_SENSITIVE_EQUITY,R,97,CRCLUSDT-nyse_20260501T200000Z,W:2026-05-01T20:00:00Z:2026-05-04T06:00:00Z,,,,,,,,,,0,0,0,0.0,0.0,2026-05,RESEARCH_DEVELOPMENT,LISTING_AFTER_30_DAYS,MATCHED_RANDOM,SKIPPED,NO_MATCHED_RANDOM_BLOCK,0
HOODUSDT-R-1777665600000-s97,HOODUSDT,CRYPTO_SENSITIVE_EQUITY,R,97,HOODUSDT-nyse_20260501T200000Z,W:2026-05-01T20:00:00Z:2026-05-04T06:00:00Z,,,,,,,,,,0,0,0,0.0,0.0,2026-05,RESEARCH_DEVELOPMENT,LISTING_AFTER_30_DAYS,MATCHED_RANDOM,SKIPPED,NO_MATCHED_RANDOM_BLOCK,0
INTCUSDT-R-1777665600000-s97,INTCUSDT,TRADITIONAL_EQUITY,R,97,INTCUSDT-nyse_20260501T200000Z,W:2026-05-01T20:00:00Z:2026-05-04T06:00:00Z,,,,,,,,,,0,0,0,0.0,0.0,2026-05,RESEARCH_DEVELOPMENT,LISTING_AFTER_30_DAYS,MATCHED_RANDOM,SKIPPED,NO_MATCHED_RANDOM_BLOCK,0
MSTRUSDT-R-1777665600000-s97,MSTRUSDT,CRYPTO_SENSITIVE_EQUITY,R,97,MSTRUSDT-nyse_20260501T200000Z,W:2026-05-01T20:00:00Z:2026-05-04T06:00:00Z,,,,,,,,,,0,0,0,0.0,0.0,2026-05,RESEARCH_DEVELOPMENT,LISTING_AFTER_30_DAYS,MATCHED_RANDOM,SKIPPED,NO_MATCHED_RANDOM_BLOCK,0
PLTRUSDT-R-1777665600000-s97,PLTRUSDT,TRADITIONAL_EQUITY,R,97,PLTRUSDT-nyse_20260501T200000Z,W:2026-05-01T20:00:00Z:2026-05-04T06:00:00Z,,,,,,,,,,0,0,0,0.0,0.0,2026-05,RESEARCH_DEVELOPMENT,LISTING_AFTER_30_DAYS,MATCHED_RANDOM,SKIPPED,NO_MATCHED_RANDOM_BLOCK,0
TSLAUSDT-R-1777665600000-s97,TSLAUSDT,TRADITIONAL_EQUITY,R,97,TSLAUSDT-nyse_20260501T200000Z,W:2026-05-01T20:00:00Z:2026-05-04T06:00:00Z,,,,,,,,,,0,0,0,0.0,0.0,2026-05,RESEARCH_DEVELOPMENT,LISTING_AFTER_30_DAYS,MATCHED_RANDOM,SKIPPED,NO_MATCHED_RANDOM_BLOCK,0
AMZNUSDT-R-1778270400000-s3,AMZNUSDT,TRADITIONAL_EQUITY,R,3,AMZNUSDT-nyse_20260508T200000Z,W:2026-05-08T20:00:00Z:2026-05-11T06:00:00Z,,,,,,,,,,0,0,0,0.0,0.0,2026-05,RESEARCH_DEVELOPMENT,LISTING_AFTER_30_DAYS,MATCHED_RANDOM,SKIPPED,NO_MATCHED_RANDOM_BLOCK,0
COINUSDT-R-1778270400000-s3,COINUSDT,CRYPTO_SENSITIVE_EQUITY,R,3,COINUSDT-nyse_20260508T200000Z,W:2026-05-08T20:00:00Z:2026-05-11T06:00:00Z,,,,,,,,,,0,0,0,0.0,0.0,2026-05,RESEARCH_DEVELOPMENT,LISTING_AFTER_30_DAYS,MATCHED_RANDOM,SKIPPED,NO_MATCHED_RANDOM_BLOCK,0
CRCLUSDT-R-1778270400000-s3,CRCLUSDT,CRYPTO_SENSITIVE_EQUITY,R,3,CRCLUSDT-nyse_20260508T200000Z,W:2026-05-08T20:00:00Z:2026-05-11T06:00:00Z,,,,,,,,,,0,0,0,0.0,0.0,2026-05,RESEARCH_DEVELOPMENT,LISTING_AFTER_30_DAYS,MATCHED_RANDOM,SKIPPED,NO_MATCHED_RANDOM_BLOCK,0
HOODUSDT-R-1778270400000-s3,HOODUSDT,CRYPTO_SENSITIVE_EQUITY,R,3,HOODUSDT-nyse_20260508T200000Z,W:2026-05-08T20:00:00Z:2026-05-11T06:00:00Z,,,,,,,,,,0,0,0,0.0,0.0,2026-05,RESEARCH_DEVELOPMENT,LISTING_AFTER_30_DAYS,MATCHED_RANDOM,SKIPPED,NO_MATCHED_RANDOM_BLOCK,0
INTCUSDT-R-1778270400000-s3,INTCUSDT,TRADITIONAL_EQUITY,R,3,INTCUSDT-nyse_20260508T200000Z,W:2026-05-08T20:00:00Z:2026-05-11T06:00:00Z,,,,,,,,,,0,0,0,0.0,0.0,2026-05,RESEARCH_DEVELOPMENT,LISTING_AFTER_30_DAYS,MATCHED_RANDOM,SKIPPED,NO_MATCHED_RANDOM_BLOCK,0
MSTRUSDT-R-1778270400000-s3,MSTRUSDT,CRYPTO_SENSITIVE_EQUITY,R,3,MSTRUSDT-nyse_20260508T200000Z,W:2026-05-08T20:00:00Z:2026-05-11T06:00:00Z,,,,,,,,,,0,0,0,0.0,0.0,2026-05,RESEARCH_DEVELOPMENT,LISTING_AFTER_30_DAYS,MATCHED_RANDOM,SKIPPED,NO_MATCHED_RANDOM_BLOCK,0
PLTRUSDT-R-1778270400000-s3,PLTRUSDT,TRADITIONAL_EQUITY,R,3,PLTRUSDT-nyse_20260508T200000Z,W:2026-05-08T20:00:00Z:2026-05-11T06:00:00Z,,,,,,,,,,0,0,0,0.0,0.0,2026-05,RESEARCH_DEVELOPMENT,LISTING_AFTER_30_DAYS,MATCHED_RANDOM,SKIPPED,NO_MATCHED_RANDOM_BLOCK,0
TSLAUSDT-R-1778270400000-s3,TSLAUSDT,TRADITIONAL_EQUITY,R,3,TSLAUSDT-nyse_20260508T200000Z,W:2026-05-08T20:00:00Z:2026-05-11T06:00:00Z,,,,,,,,,,0,0,0,0.0,0.0,2026-05,RESEARCH_DEVELOPMENT,LISTING_AFTER_30_DAYS,MATCHED_RANDOM,SKIPPED,NO_MATCHED_RANDOM_BLOCK,0
AMZNUSDT-R-1778270400000-s10,AMZNUSDT,TRADITIONAL_EQUITY,R,10,AMZNUSDT-nyse_20260508T200000Z,W:2026-05-08T20:00:00Z:2026-05-11T06:00:00Z,,,,,,,,,,0,0,0,0.0,0.0,2026-05,RESEARCH_DEVELOPMENT,LISTING_AFTER_30_DAYS,MATCHED_RANDOM,SKIPPED,NO_MATCHED_RANDOM_BLOCK,0
COINUSDT-R-1778270400000-s10,COINUSDT,CRYPTO_SENSITIVE_EQUITY,R,10,COINUSDT-nyse_20260508T200000Z,W:2026-05-08T20:00:00Z:2026-05-11T06:00:00Z,,,,,,,,,,0,0,0,0.0,0.0,2026-05,RESEARCH_DEVELOPMENT,LISTING_AFTER_30_DAYS,MATCHED_RANDOM,SKIPPED,NO_MATCHED_RANDOM_BLOCK,0
CRCLUSDT-R-1778270400000-s10,CRCLUSDT,CRYPTO_SENSITIVE_EQUITY,R,10,CRCLUSDT-nyse_20260508T200000Z,W:2026-05-08T20:00:00Z:2026-05-11T06:00:00Z,,,,,,,,,,0,0,0,0.0,0.0,2026-05,RESEARCH_DEVELOPMENT,LISTING_AFTER_30_DAYS,MATCHED_RANDOM,SKIPPED,NO_MATCHED_RANDOM_BLOCK,0
HOODUSDT-R-1778270400000-s10,HOODUSDT,CRYPTO_SENSITIVE_EQUITY,R,10,HOODUSDT-nyse_20260508T200000Z,W:2026-05-08T20:00:00Z:2026-05-11T06:00:00Z,,,,,,,,,,0,0,0,0.0,0.0,2026-05,RESEARCH_DEVELOPMENT,LISTING_AFTER_30_DAYS,MATCHED_RANDOM,SKIPPED,NO_MATCHED_RANDOM_BLOCK,0
INTCUSDT-R-1778270400000-s10,INTCUSDT,TRADITIONAL_EQUITY,R,10,INTCUSDT-nyse_20260508T200000Z,W:2026-05-08T20:00:00Z:2026-05-11T06:00:00Z,,,,,,,,,,0,0,0,0.0,0.0,2026-05,RESEARCH_DEVELOPMENT,LISTING_AFTER_30_DAYS,MATCHED_RANDOM,SKIPPED,NO_MATCHED_RANDOM_BLOCK,0
MSTRUSDT-R-1778270400000-s10,MSTRUSDT,CRYPTO_SENSITIVE_EQUITY,R,10,MSTRUSDT-nyse_20260508T200000Z,W:2026-05-08T20:00:00Z:2026-05-11T06:00:00Z,,,,,,,,,,0,0,0,0.0,0.0,2026-05,RESEARCH_DEVELOPMENT,LISTING_AFTER_30_DAYS,MATCHED_RANDOM,SKIPPED,NO_MATCHED_RANDOM_BLOCK,0
PLTRUSDT-R-1778270400000-s10,PLTRUSDT,TRADITIONAL_EQUITY,R,10,PLTRUSDT-nyse_20260508T200000Z,W:2026-05-08T20:00:00Z:2026-05-11T06:00:00Z,,,,,,,,,,0,0,0,0.0,0.0,2026-05,RESEARCH_DEVELOPMENT,LISTING_AFTER_30_DAYS,MATCHED_RANDOM,SKIPPED,NO_MATCHED_RANDOM_BLOCK,0
TSLAUSDT-R-1778270400000-s10,TSLAUSDT,TRADITIONAL_EQUITY,R,10,TSLAUSDT-nyse_20260508T200000Z,W:2026-05-08T20:00:00Z:2026-05-11T06:00:00Z,,,,,,,,,,0,0,0,0.0,0.0,2026-05,RESEARCH_DEVELOPMENT,LISTING_AFTER_30_DAYS,MATCHED_RANDOM,SKIPPED,NO_MATCHED_RANDOM_BLOCK,0
AMZNUSDT-R-1778270400000-s17,AMZNUSDT,TRADITIONAL_EQUITY,R,17,AMZNUSDT-nyse_20260508T200000Z,W:2026-05-08T20:00:00Z:2026-05-11T06:00:00Z,,,,,,,,,,0,0,0,0.0,0.0,2026-05,RESEARCH_DEVELOPMENT,LISTING_AFTER_30_DAYS,MATCHED_RANDOM,SKIPPED,NO_MATCHED_RANDOM_BLOCK,0
COINUSDT-R-1778270400000-s17,COINUSDT,CRYPTO_SENSITIVE_EQUITY,R,17,COINUSDT-nyse_20260508T200000Z,W:2026-05-08T20:00:00Z:2026-05-11T06:00:00Z,,,,,,,,,,0,0,0,0.0,0.0,2026-05,RESEARCH_DEVELOPMENT,LISTING_AFTER_30_DAYS,MATCHED_RANDOM,SKIPPED,NO_MATCHED_RANDOM_BLOCK,0
CRCLUSDT-R-1778270400000-s17,CRCLUSDT,CRYPTO_SENSITIVE_EQUITY,R,17,CRCLUSDT-nyse_20260508T200000Z,W:2026-05-08T20:00:00Z:2026-05-11T06:00:00Z,,,,,,,,,,0,0,0,0.0,0.0,2026-05,RESEARCH_DEVELOPMENT,LISTING_AFTER_30_DAYS,MATCHED_RANDOM,SKIPPED,NO_MATCHED_RANDOM_BLOCK,0
HOODUSDT-R-1778270400000-s17,HOODUSDT,CRYPTO_SENSITIVE_EQUITY,R,17,HOODUSDT-nyse_20260508T200000Z,W:2026-05-08T20:00:00Z:2026-05-11T06:00:00Z,,,,,,,,,,0,0,0,0.0,0.0,2026-05,RESEARCH_DEVELOPMENT,LISTING_AFTER_30_DAYS,MATCHED_RANDOM,SKIPPED,NO_MATCHED_RANDOM_BLOCK,0
INTCUSDT-R-1778270400000-s17,INTCUSDT,TRADITIONAL_EQUITY,R,17,INTCUSDT-nyse_20260508T200000Z,W:2026-05-08T20:00:00Z:2026-05-11T06:00:00Z,,,,,,,,,,0,0,0,0.0,0.0,2026-05,RESEARCH_DEVELOPMENT,LISTING_AFTER_30_DAYS,MATCHED_RANDOM,SKIPPED,NO_MATCHED_RANDOM_BLOCK,0
MSTRUSDT-R-1778270400000-s17,MSTRUSDT,CRYPTO_SENSITIVE_EQUITY,R,17,MSTRUSDT-nyse_20260508T200000Z,W:2026-05-08T20:00:00Z:2026-05-11T06:00:00Z,,,,,,,,,,0,0,0,0.0,0.0,2026-05,RESEARCH_DEVELOPMENT,LISTING_AFTER_30_DAYS,MATCHED_RANDOM,SKIPPED,NO_MATCHED_RANDOM_BLOCK,0
PLTRUSDT-R-1778270400000-s17,PLTRUSDT,TRADITIONAL_EQUITY,R,17,PLTRUSDT-nyse_20260508T200000Z,W:2026-05-08T20:00:00Z:2026-05-11T06:00:00Z,,,,,,,,,,0,0,0,0.0,0.0,2026-05,RESEARCH_DEVELOPMENT,LISTING_AFTER_30_DAYS,MATCHED_RANDOM,SKIPPED,NO_MATCHED_RANDOM_BLOCK,0
TSLAUSDT-R-1778270400000-s17,TSLAUSDT,TRADITIONAL_EQUITY,R,17,TSLAUSDT-nyse_20260508T200000Z,W:2026-05-08T20:00:00Z:2026-05-11T06:00:00Z,,,,,,,,,,0,0,0,0.0,0.0,2026-05,RESEARCH_DEVELOPMENT,LISTING_AFTER_30_DAYS,MATCHED_RANDOM,SKIPPED,NO_MATCHED_RANDOM_BLOCK,0
AMZNUSDT-R-1778270400000-s31,AMZNUSDT,TRADITIONAL_EQUITY,R,31,AMZNUSDT-nyse_20260508T200000Z,W:2026-05-08T20:00:00Z:2026-05-11T06:00:00Z,,,,,,,,,,0,0,0,0.0,0.0,2026-05,RESEARCH_DEVELOPMENT,LISTING_AFTER_30_DAYS,MATCHED_RANDOM,SKIPPED,NO_MATCHED_RANDOM_BLOCK,0
COINUSDT-R-1778270400000-s31,COINUSDT,CRYPTO_SENSITIVE_EQUITY,R,31,COINUSDT-nyse_20260508T200000Z,W:2026-05-08T20:00:00Z:2026-05-11T06:00:00Z,,,,,,,,,,0,0,0,0.0,0.0,2026-05,RESEARCH_DEVELOPMENT,LISTING_AFTER_30_DAYS,MATCHED_RANDOM,SKIPPED,NO_MATCHED_RANDOM_BLOCK,0
CRCLUSDT-R-1778270400000-s31,CRCLUSDT,CRYPTO_SENSITIVE_EQUITY,R,31,CRCLUSDT-nyse_20260508T200000Z,W:2026-05-08T20:00:00Z:2026-05-11T06:00:00Z,,,,,,,,,,0,0,0,0.0,0.0,2026-05,RESEARCH_DEVELOPMENT,LISTING_AFTER_30_DAYS,MATCHED_RANDOM,SKIPPED,NO_MATCHED_RANDOM_BLOCK,0
HOODUSDT-R-1778270400000-s31,HOODUSDT,CRYPTO_SENSITIVE_EQUITY,R,31,HOODUSDT-nyse_20260508T200000Z,W:2026-05-08T20:00:00Z:2026-05-11T06:00:00Z,,,,,,,,,,0,0,0,0.0,0.0,2026-05,RESEARCH_DEVELOPMENT,LISTING_AFTER_30_DAYS,MATCHED_RANDOM,SKIPPED,NO_MATCHED_RANDOM_BLOCK,0
INTCUSDT-R-1778270400000-s31,INTCUSDT,TRADITIONAL_EQUITY,R,31,INTCUSDT-nyse_20260508T200000Z,W:2026-05-08T20:00:00Z:2026-05-11T06:00:00Z,,,,,,,,,,0,0,0,0.0,0.0,2026-05,RESEARCH_DEVELOPMENT,LISTING_AFTER_30_DAYS,MATCHED_RANDOM,SKIPPED,NO_MATCHED_RANDOM_BLOCK,0
MSTRUSDT-R-1778270400000-s31,MSTRUSDT,CRYPTO_SENSITIVE_EQUITY,R,31,MSTRUSDT-nyse_20260508T200000Z,W:2026-05-08T20:00:00Z:2026-05-11T06:00:00Z,,,,,,,,,,0,0,0,0.0,0.0,2026-05,RESEARCH_DEVELOPMENT,LISTING_AFTER_30_DAYS,MATCHED_RANDOM,SKIPPED,NO_MATCHED_RANDOM_BLOCK,0
PLTRUSDT-R-1778270400000-s31,PLTRUSDT,TRADITIONAL_EQUITY,R,31,PLTRUSDT-nyse_20260508T200000Z,W:2026-05-08T20:00:00Z:2026-05-11T06:00:00Z,,,,,,,,,,0,0,0,0.0,0.0,2026-05,RESEARCH_DEVELOPMENT,LISTING_AFTER_30_DAYS,MATCHED_RANDOM,SKIPPED,NO_MATCHED_RANDOM_BLOCK,0
TSLAUSDT-R-1778270400000-s31,TSLAUSDT,TRADITIONAL_EQUITY,R,31,TSLAUSDT-nyse_20260508T200000Z,W:2026-05-08T20:00:00Z:2026-05-11T06:00:00Z,,,,,,,,,,0,0,0,0.0,0.0,2026-05,RESEARCH_DEVELOPMENT,LISTING_AFTER_30_DAYS,MATCHED_RANDOM,SKIPPED,NO_MATCHED_RANDOM_BLOCK,0
AMZNUSDT-R-1778270400000-s59,AMZNUSDT,TRADITIONAL_EQUITY,R,59,AMZNUSDT-nyse_20260508T200000Z,W:2026-05-08T20:00:00Z:2026-05-11T06:00:00Z,,,,,,,,,,0,0,0,0.0,0.0,2026-05,RESEARCH_DEVELOPMENT,LISTING_AFTER_30_DAYS,MATCHED_RANDOM,SKIPPED,NO_MATCHED_RANDOM_BLOCK,0
COINUSDT-R-1778270400000-s59,COINUSDT,CRYPTO_SENSITIVE_EQUITY,R,59,COINUSDT-nyse_20260508T200000Z,W:2026-05-08T20:00:00Z:2026-05-11T06:00:00Z,,,,,,,,,,0,0,0,0.0,0.0,2026-05,RESEARCH_DEVELOPMENT,LISTING_AFTER_30_DAYS,MATCHED_RANDOM,SKIPPED,NO_MATCHED_RANDOM_BLOCK,0
CRCLUSDT-R-1778270400000-s59,CRCLUSDT,CRYPTO_SENSITIVE_EQUITY,R,59,CRCLUSDT-nyse_20260508T200000Z,W:2026-05-08T20:00:00Z:2026-05-11T06:00:00Z,,,,,,,,,,0,0,0,0.0,0.0,2026-05,RESEARCH_DEVELOPMENT,LISTING_AFTER_30_DAYS,MATCHED_RANDOM,SKIPPED,NO_MATCHED_RANDOM_BLOCK,0
HOODUSDT-R-1778270400000-s59,HOODUSDT,CRYPTO_SENSITIVE_EQUITY,R,59,HOODUSDT-nyse_20260508T200000Z,W:2026-05-08T20:00:00Z:2026-05-11T06:00:00Z,,,,,,,,,,0,0,0,0.0,0.0,2026-05,RESEARCH_DEVELOPMENT,LISTING_AFTER_30_DAYS,MATCHED_RANDOM,SKIPPED,NO_MATCHED_RANDOM_BLOCK,0
INTCUSDT-R-1778270400000-s59,INTCUSDT,TRADITIONAL_EQUITY,R,59,INTCUSDT-nyse_20260508T200000Z,W:2026-05-08T20:00:00Z:2026-05-11T06:00:00Z,,,,,,,,,,0,0,0,0.0,0.0,2026-05,RESEARCH_DEVELOPMENT,LISTING_AFTER_30_DAYS,MATCHED_RANDOM,SKIPPED,NO_MATCHED_RANDOM_BLOCK,0
MSTRUSDT-R-1778270400000-s59,MSTRUSDT,CRYPTO_SENSITIVE_EQUITY,R,59,MSTRUSDT-nyse_20260508T200000Z,W:2026-05-08T20:00:00Z:2026-05-11T06:00:00Z,,,,,,,,,,0,0,0,0.0,0.0,2026-05,RESEARCH_DEVELOPMENT,LISTING_AFTER_30_DAYS,MATCHED_RANDOM,SKIPPED,NO_MATCHED_RANDOM_BLOCK,0
PLTRUSDT-R-1778270400000-s59,PLTRUSDT,TRADITIONAL_EQUITY,R,59,PLTRUSDT-nyse_20260508T200000Z,W:2026-05-08T20:00:00Z:2026-05-11T06:00:00Z,,,,,,,,,,0,0,0,0.0,0.0,2026-05,RESEARCH_DEVELOPMENT,LISTING_AFTER_30_DAYS,MATCHED_RANDOM,SKIPPED,NO_MATCHED_RANDOM_BLOCK,0
TSLAUSDT-R-1778270400000-s59,TSLAUSDT,TRADITIONAL_EQUITY,R,59,TSLAUSDT-nyse_20260508T200000Z,W:2026-05-08T20:00:00Z:2026-05-11T06:00:00Z,,,,,,,,,,0,0,0,0.0,0.0,2026-05,RESEARCH_DEVELOPMENT,LISTING_AFTER_30_DAYS,MATCHED_RANDOM,SKIPPED,NO_MATCHED_RANDOM_BLOCK,0
AMZNUSDT-R-1778270400000-s97,AMZNUSDT,TRADITIONAL_EQUITY,R,97,AMZNUSDT-nyse_20260508T200000Z,W:2026-05-08T20:00:00Z:2026-05-11T06:00:00Z,,,,,,,,,,0,0,0,0.0,0.0,2026-05,RESEARCH_DEVELOPMENT,LISTING_AFTER_30_DAYS,MATCHED_RANDOM,SKIPPED,NO_MATCHED_RANDOM_BLOCK,0
COINUSDT-R-1778270400000-s97,COINUSDT,CRYPTO_SENSITIVE_EQUITY,R,97,COINUSDT-nyse_20260508T200000Z,W:2026-05-08T20:00:00Z:2026-05-11T06:00:00Z,,,,,,,,,,0,0,0,0.0,0.0,2026-05,RESEARCH_DEVELOPMENT,LISTING_AFTER_30_DAYS,MATCHED_RANDOM,SKIPPED,NO_MATCHED_RANDOM_BLOCK,0
CRCLUSDT-R-1778270400000-s97,CRCLUSDT,CRYPTO_SENSITIVE_EQUITY,R,97,CRCLUSDT-nyse_20260508T200000Z,W:2026-05-08T20:00:00Z:2026-05-11T06:00:00Z,,,,,,,,,,0,0,0,0.0,0.0,2026-05,RESEARCH_DEVELOPMENT,LISTING_AFTER_30_DAYS,MATCHED_RANDOM,SKIPPED,NO_MATCHED_RANDOM_BLOCK,0
HOODUSDT-R-1778270400000-s97,HOODUSDT,CRYPTO_SENSITIVE_EQUITY,R,97,HOODUSDT-nyse_20260508T200000Z,W:2026-05-08T20:00:00Z:2026-05-11T06:00:00Z,,,,,,,,,,0,0,0,0.0,0.0,2026-05,RESEARCH_DEVELOPMENT,LISTING_AFTER_30_DAYS,MATCHED_RANDOM,SKIPPED,NO_MATCHED_RANDOM_BLOCK,0
INTCUSDT-R-1778270400000-s97,INTCUSDT,TRADITIONAL_EQUITY,R,97,INTCUSDT-nyse_20260508T200000Z,W:2026-05-08T20:00:00Z:2026-05-11T06:00:00Z,,,,,,,,,,0,0,0,0.0,0.0,2026-05,RESEARCH_DEVELOPMENT,LISTING_AFTER_30_DAYS,MATCHED_RANDOM,SKIPPED,NO_MATCHED_RANDOM_BLOCK,0
MSTRUSDT-R-1778270400000-s97,MSTRUSDT,CRYPTO_SENSITIVE_EQUITY,R,97,MSTRUSDT-nyse_20260508T200000Z,W:2026-05-08T20:00:00Z:2026-05-11T06:00:00Z,,,,,,,,,,0,0,0,0.0,0.0,2026-05,RESEARCH_DEVELOPMENT,LISTING_AFTER_30_DAYS,MATCHED_RANDOM,SKIPPED,NO_MATCHED_RANDOM_BLOCK,0
PLTRUSDT-R-1778270400000-s97,PLTRUSDT,TRADITIONAL_EQUITY,R,97,PLTRUSDT-nyse_20260508T200000Z,W:2026-05-08T20:00:00Z:2026-05-11T06:00:00Z,,,,,,,,,,0,0,0,0.0,0.0,2026-05,RESEARCH_DEVELOPMENT,LISTING_AFTER_30_DAYS,MATCHED_RANDOM,SKIPPED,NO_MATCHED_RANDOM_BLOCK,0
TSLAUSDT-R-1778270400000-s97,TSLAUSDT,TRADITIONAL_EQUITY,R,97,TSLAUSDT-nyse_20260508T200000Z,W:2026-05-08T20:00:00Z:2026-05-11T06:00:00Z,,,,,,,,,,0,0,0,0.0,0.0,2026-05,RESEARCH_DEVELOPMENT,LISTING_AFTER_30_DAYS,MATCHED_RANDOM,SKIPPED,NO_MATCHED_RANDOM_BLOCK,0
AMZNUSDT-R-1778875200000-s3,AMZNUSDT,TRADITIONAL_EQUITY,R,3,AMZNUSDT-nyse_20260515T200000Z,W:2026-05-15T20:00:00Z:2026-05-18T06:00:00Z,,,,,,,,,,0,0,0,0.0,0.0,2026-05,RESEARCH_DEVELOPMENT,LISTING_AFTER_30_DAYS,MATCHED_RANDOM,SKIPPED,NO_MATCHED_RANDOM_BLOCK,0
COINUSDT-R-1778875200000-s3,COINUSDT,CRYPTO_SENSITIVE_EQUITY,R,3,COINUSDT-nyse_20260515T200000Z,W:2026-05-15T20:00:00Z:2026-05-18T06:00:00Z,,,,,,,,,,0,0,0,0.0,0.0,2026-05,RESEARCH_DEVELOPMENT,LISTING_AFTER_30_DAYS,MATCHED_RANDOM,SKIPPED,NO_MATCHED_RANDOM_BLOCK,0
CRCLUSDT-R-1778875200000-s3,CRCLUSDT,CRYPTO_SENSITIVE_EQUITY,R,3,CRCLUSDT-nyse_20260515T200000Z,W:2026-05-15T20:00:00Z:2026-05-18T06:00:00Z,,,,,,,,,,0,0,0,0.0,0.0,2026-05,RESEARCH_DEVELOPMENT,LISTING_AFTER_30_DAYS,MATCHED_RANDOM,SKIPPED,NO_MATCHED_RANDOM_BLOCK,0
HOODUSDT-R-1778875200000-s3,HOODUSDT,CRYPTO_SENSITIVE_EQUITY,R,3,HOODUSDT-nyse_20260515T200000Z,W:2026-05-15T20:00:00Z:2026-05-18T06:00:00Z,,,,,,,,,,0,0,0,0.0,0.0,2026-05,RESEARCH_DEVELOPMENT,LISTING_AFTER_30_DAYS,MATCHED_RANDOM,SKIPPED,NO_MATCHED_RANDOM_BLOCK,0
INTCUSDT-R-1778875200000-s3,INTCUSDT,TRADITIONAL_EQUITY,R,3,INTCUSDT-nyse_20260515T200000Z,W:2026-05-15T20:00:00Z:2026-05-18T06:00:00Z,,,,,,,,,,0,0,0,0.0,0.0,2026-05,RESEARCH_DEVELOPMENT,LISTING_AFTER_30_DAYS,MATCHED_RANDOM,SKIPPED,NO_MATCHED_RANDOM_BLOCK,0
MSTRUSDT-R-1778875200000-s3,MSTRUSDT,CRYPTO_SENSITIVE_EQUITY,R,3,MSTRUSDT-nyse_20260515T200000Z,W:2026-05-15T20:00:00Z:2026-05-18T06:00:00Z,,,,,,,,,,0,0,0,0.0,0.0,2026-05,RESEARCH_DEVELOPMENT,LISTING_AFTER_30_DAYS,MATCHED_RANDOM,SKIPPED,NO_MATCHED_RANDOM_BLOCK,0
PLTRUSDT-R-1778875200000-s3,PLTRUSDT,TRADITIONAL_EQUITY,R,3,PLTRUSDT-nyse_20260515T200000Z,W:2026-05-15T20:00:00Z:2026-05-18T06:00:00Z,,,,,,,,,,0,0,0,0.0,0.0,2026-05,RESEARCH_DEVELOPMENT,LISTING_AFTER_30_DAYS,MATCHED_RANDOM,SKIPPED,NO_MATCHED_RANDOM_BLOCK,0
TSLAUSDT-R-1778875200000-s3,TSLAUSDT,TRADITIONAL_EQUITY,R,3,TSLAUSDT-nyse_20260515T200000Z,W:2026-05-15T20:00:00Z:2026-05-18T06:00:00Z,,,,,,,,,,0,0,0,0.0,0.0,2026-05,RESEARCH_DEVELOPMENT,LISTING_AFTER_30_DAYS,MATCHED_RANDOM,SKIPPED,NO_MATCHED_RANDOM_BLOCK,0
AMZNUSDT-R-1778875200000-s10,AMZNUSDT,TRADITIONAL_EQUITY,R,10,AMZNUSDT-nyse_20260515T200000Z,W:2026-05-15T20:00:00Z:2026-05-18T06:00:00Z,,,,,,,,,,0,0,0,0.0,0.0,2026-05,RESEARCH_DEVELOPMENT,LISTING_AFTER_30_DAYS,MATCHED_RANDOM,SKIPPED,NO_MATCHED_RANDOM_BLOCK,0
COINUSDT-R-1778875200000-s10,COINUSDT,CRYPTO_SENSITIVE_EQUITY,R,10,COINUSDT-nyse_20260515T200000Z,W:2026-05-15T20:00:00Z:2026-05-18T06:00:00Z,,,,,,,,,,0,0,0,0.0,0.0,2026-05,RESEARCH_DEVELOPMENT,LISTING_AFTER_30_DAYS,MATCHED_RANDOM,SKIPPED,NO_MATCHED_RANDOM_BLOCK,0
CRCLUSDT-R-1778875200000-s10,CRCLUSDT,CRYPTO_SENSITIVE_EQUITY,R,10,CRCLUSDT-nyse_20260515T200000Z,W:2026-05-15T20:00:00Z:2026-05-18T06:00:00Z,,,,,,,,,,0,0,0,0.0,0.0,2026-05,RESEARCH_DEVELOPMENT,LISTING_AFTER_30_DAYS,MATCHED_RANDOM,SKIPPED,NO_MATCHED_RANDOM_BLOCK,0
HOODUSDT-R-1778875200000-s10,HOODUSDT,CRYPTO_SENSITIVE_EQUITY,R,10,HOODUSDT-nyse_20260515T200000Z,W:2026-05-15T20:00:00Z:2026-05-18T06:00:00Z,,,,,,,,,,0,0,0,0.0,0.0,2026-05,RESEARCH_DEVELOPMENT,LISTING_AFTER_30_DAYS,MATCHED_RANDOM,SKIPPED,NO_MATCHED_RANDOM_BLOCK,0
INTCUSDT-R-1778875200000-s10,INTCUSDT,TRADITIONAL_EQUITY,R,10,INTCUSDT-nyse_20260515T200000Z,W:2026-05-15T20:00:00Z:2026-05-18T06:00:00Z,,,,,,,,,,0,0,0,0.0,0.0,2026-05,RESEARCH_DEVELOPMENT,LISTING_AFTER_30_DAYS,MATCHED_RANDOM,SKIPPED,NO_MATCHED_RANDOM_BLOCK,0
MSTRUSDT-R-1778875200000-s10,MSTRUSDT,CRYPTO_SENSITIVE_EQUITY,R,10,MSTRUSDT-nyse_20260515T200000Z,W:2026-05-15T20:00:00Z:2026-05-18T06:00:00Z,,,,,,,,,,0,0,0,0.0,0.0,2026-05,RESEARCH_DEVELOPMENT,LISTING_AFTER_30_DAYS,MATCHED_RANDOM,SKIPPED,NO_MATCHED_RANDOM_BLOCK,0
PLTRUSDT-R-1778875200000-s10,PLTRUSDT,TRADITIONAL_EQUITY,R,10,PLTRUSDT-nyse_20260515T200000Z,W:2026-05-15T20:00:00Z:2026-05-18T06:00:00Z,,,,,,,,,,0,0,0,0.0,0.0,2026-05,RESEARCH_DEVELOPMENT,LISTING_AFTER_30_DAYS,MATCHED_RANDOM,SKIPPED,NO_MATCHED_RANDOM_BLOCK,0
TSLAUSDT-R-1778875200000-s10,TSLAUSDT,TRADITIONAL_EQUITY,R,10,TSLAUSDT-nyse_20260515T200000Z,W:2026-05-15T20:00:00Z:2026-05-18T06:00:00Z,,,,,,,,,,0,0,0,0.0,0.0,2026-05,RESEARCH_DEVELOPMENT,LISTING_AFTER_30_DAYS,MATCHED_RANDOM,SKIPPED,NO_MATCHED_RANDOM_BLOCK,0
AMZNUSDT-R-1778875200000-s17,AMZNUSDT,TRADITIONAL_EQUITY,R,17,AMZNUSDT-nyse_20260515T200000Z,W:2026-05-15T20:00:00Z:2026-05-18T06:00:00Z,,,,,,,,,,0,0,0,0.0,0.0,2026-05,RESEARCH_DEVELOPMENT,LISTING_AFTER_30_DAYS,MATCHED_RANDOM,SKIPPED,NO_MATCHED_RANDOM_BLOCK,0
COINUSDT-R-1778875200000-s17,COINUSDT,CRYPTO_SENSITIVE_EQUITY,R,17,COINUSDT-nyse_20260515T200000Z,W:2026-05-15T20:00:00Z:2026-05-18T06:00:00Z,,,,,,,,,,0,0,0,0.0,0.0,2026-05,RESEARCH_DEVELOPMENT,LISTING_AFTER_30_DAYS,MATCHED_RANDOM,SKIPPED,NO_MATCHED_RANDOM_BLOCK,0
CRCLUSDT-R-1778875200000-s17,CRCLUSDT,CRYPTO_SENSITIVE_EQUITY,R,17,CRCLUSDT-nyse_20260515T200000Z,W:2026-05-15T20:00:00Z:2026-05-18T06:00:00Z,,,,,,,,,,0,0,0,0.0,0.0,2026-05,RESEARCH_DEVELOPMENT,LISTING_AFTER_30_DAYS,MATCHED_RANDOM,SKIPPED,NO_MATCHED_RANDOM_BLOCK,0
HOODUSDT-R-1778875200000-s17,HOODUSDT,CRYPTO_SENSITIVE_EQUITY,R,17,HOODUSDT-nyse_20260515T200000Z,W:2026-05-15T20:00:00Z:2026-05-18T06:00:00Z,,,,,,,,,,0,0,0,0.0,0.0,2026-05,RESEARCH_DEVELOPMENT,LISTING_AFTER_30_DAYS,MATCHED_RANDOM,SKIPPED,NO_MATCHED_RANDOM_BLOCK,0
INTCUSDT-R-1778875200000-s17,INTCUSDT,TRADITIONAL_EQUITY,R,17,INTCUSDT-nyse_20260515T200000Z,W:2026-05-15T20:00:00Z:2026-05-18T06:00:00Z,,,,,,,,,,0,0,0,0.0,0.0,2026-05,RESEARCH_DEVELOPMENT,LISTING_AFTER_30_DAYS,MATCHED_RANDOM,SKIPPED,NO_MATCHED_RANDOM_BLOCK,0
MSTRUSDT-R-1778875200000-s17,MSTRUSDT,CRYPTO_SENSITIVE_EQUITY,R,17,MSTRUSDT-nyse_20260515T200000Z,W:2026-05-15T20:00:00Z:2026-05-18T06:00:00Z,,,,,,,,,,0,0,0,0.0,0.0,2026-05,RESEARCH_DEVELOPMENT,LISTING_AFTER_30_DAYS,MATCHED_RANDOM,SKIPPED,NO_MATCHED_RANDOM_BLOCK,0
PLTRUSDT-R-1778875200000-s17,PLTRUSDT,TRADITIONAL_EQUITY,R,17,PLTRUSDT-nyse_20260515T200000Z,W:2026-05-15T20:00:00Z:2026-05-18T06:00:00Z,,,,,,,,,,0,0,0,0.0,0.0,2026-05,RESEARCH_DEVELOPMENT,LISTING_AFTER_30_DAYS,MATCHED_RANDOM,SKIPPED,NO_MATCHED_RANDOM_BLOCK,0
TSLAUSDT-R-1778875200000-s17,TSLAUSDT,TRADITIONAL_EQUITY,R,17,TSLAUSDT-nyse_20260515T200000Z,W:2026-05-15T20:00:00Z:2026-05-18T06:00:00Z,,,,,,,,,,0,0,0,0.0,0.0,2026-05,RESEARCH_DEVELOPMENT,LISTING_AFTER_30_DAYS,MATCHED_RANDOM,SKIPPED,NO_MATCHED_RANDOM_BLOCK,0
AMZNUSDT-R-1778875200000-s31,AMZNUSDT,TRADITIONAL_EQUITY,R,31,AMZNUSDT-nyse_20260515T200000Z,W:2026-05-15T20:00:00Z:2026-05-18T06:00:00Z,,,,,,,,,,0,0,0,0.0,0.0,2026-05,RESEARCH_DEVELOPMENT,LISTING_AFTER_30_DAYS,MATCHED_RANDOM,SKIPPED,NO_MATCHED_RANDOM_BLOCK,0
COINUSDT-R-1778875200000-s31,COINUSDT,CRYPTO_SENSITIVE_EQUITY,R,31,COINUSDT-nyse_20260515T200000Z,W:2026-05-15T20:00:00Z:2026-05-18T06:00:00Z,,,,,,,,,,0,0,0,0.0,0.0,2026-05,RESEARCH_DEVELOPMENT,LISTING_AFTER_30_DAYS,MATCHED_RANDOM,SKIPPED,NO_MATCHED_RANDOM_BLOCK,0
CRCLUSDT-R-1778875200000-s31,CRCLUSDT,CRYPTO_SENSITIVE_EQUITY,R,31,CRCLUSDT-nyse_20260515T200000Z,W:2026-05-15T20:00:00Z:2026-05-18T06:00:00Z,,,,,,,,,,0,0,0,0.0,0.0,2026-05,RESEARCH_DEVELOPMENT,LISTING_AFTER_30_DAYS,MATCHED_RANDOM,SKIPPED,NO_MATCHED_RANDOM_BLOCK,0
HOODUSDT-R-1778875200000-s31,HOODUSDT,CRYPTO_SENSITIVE_EQUITY,R,31,HOODUSDT-nyse_20260515T200000Z,W:2026-05-15T20:00:00Z:2026-05-18T06:00:00Z,,,,,,,,,,0,0,0,0.0,0.0,2026-05,RESEARCH_DEVELOPMENT,LISTING_AFTER_30_DAYS,MATCHED_RANDOM,SKIPPED,NO_MATCHED_RANDOM_BLOCK,0
INTCUSDT-R-1778875200000-s31,INTCUSDT,TRADITIONAL_EQUITY,R,31,INTCUSDT-nyse_20260515T200000Z,W:2026-05-15T20:00:00Z:2026-05-18T06:00:00Z,,,,,,,,,,0,0,0,0.0,0.0,2026-05,RESEARCH_DEVELOPMENT,LISTING_AFTER_30_DAYS,MATCHED_RANDOM,SKIPPED,NO_MATCHED_RANDOM_BLOCK,0
MSTRUSDT-R-1778875200000-s31,MSTRUSDT,CRYPTO_SENSITIVE_EQUITY,R,31,MSTRUSDT-nyse_20260515T200000Z,W:2026-05-15T20:00:00Z:2026-05-18T06:00:00Z,,,,,,,,,,0,0,0,0.0,0.0,2026-05,RESEARCH_DEVELOPMENT,LISTING_AFTER_30_DAYS,MATCHED_RANDOM,SKIPPED,NO_MATCHED_RANDOM_BLOCK,0
PLTRUSDT-R-1778875200000-s31,PLTRUSDT,TRADITIONAL_EQUITY,R,31,PLTRUSDT-nyse_20260515T200000Z,W:2026-05-15T20:00:00Z:2026-05-18T06:00:00Z,,,,,,,,,,0,0,0,0.0,0.0,2026-05,RESEARCH_DEVELOPMENT,LISTING_AFTER_30_DAYS,MATCHED_RANDOM,SKIPPED,NO_MATCHED_RANDOM_BLOCK,0
TSLAUSDT-R-1778875200000-s31,TSLAUSDT,TRADITIONAL_EQUITY,R,31,TSLAUSDT-nyse_20260515T200000Z,W:2026-05-15T20:00:00Z:2026-05-18T06:00:00Z,,,,,,,,,,0,0,0,0.0,0.0,2026-05,RESEARCH_DEVELOPMENT,LISTING_AFTER_30_DAYS,MATCHED_RANDOM,SKIPPED,NO_MATCHED_RANDOM_BLOCK,0
AMZNUSDT-R-1778875200000-s59,AMZNUSDT,TRADITIONAL_EQUITY,R,59,AMZNUSDT-nyse_20260515T200000Z,W:2026-05-15T20:00:00Z:2026-05-18T06:00:00Z,,,,,,,,,,0,0,0,0.0,0.0,2026-05,RESEARCH_DEVELOPMENT,LISTING_AFTER_30_DAYS,MATCHED_RANDOM,SKIPPED,NO_MATCHED_RANDOM_BLOCK,0
COINUSDT-R-1778875200000-s59,COINUSDT,CRYPTO_SENSITIVE_EQUITY,R,59,COINUSDT-nyse_20260515T200000Z,W:2026-05-15T20:00:00Z:2026-05-18T06:00:00Z,,,,,,,,,,0,0,0,0.0,0.0,2026-05,RESEARCH_DEVELOPMENT,LISTING_AFTER_30_DAYS,MATCHED_RANDOM,SKIPPED,NO_MATCHED_RANDOM_BLOCK,0
CRCLUSDT-R-1778875200000-s59,CRCLUSDT,CRYPTO_SENSITIVE_EQUITY,R,59,CRCLUSDT-nyse_20260515T200000Z,W:2026-05-15T20:00:00Z:2026-05-18T06:00:00Z,,,,,,,,,,0,0,0,0.0,0.0,2026-05,RESEARCH_DEVELOPMENT,LISTING_AFTER_30_DAYS,MATCHED_RANDOM,SKIPPED,NO_MATCHED_RANDOM_BLOCK,0
HOODUSDT-R-1778875200000-s59,HOODUSDT,CRYPTO_SENSITIVE_EQUITY,R,59,HOODUSDT-nyse_20260515T200000Z,W:2026-05-15T20:00:00Z:2026-05-18T06:00:00Z,,,,,,,,,,0,0,0,0.0,0.0,2026-05,RESEARCH_DEVELOPMENT,LISTING_AFTER_30_DAYS,MATCHED_RANDOM,SKIPPED,NO_MATCHED_RANDOM_BLOCK,0
INTCUSDT-R-1778875200000-s59,INTCUSDT,TRADITIONAL_EQUITY,R,59,INTCUSDT-nyse_20260515T200000Z,W:2026-05-15T20:00:00Z:2026-05-18T06:00:00Z,,,,,,,,,,0,0,0,0.0,0.0,2026-05,RESEARCH_DEVELOPMENT,LISTING_AFTER_30_DAYS,MATCHED_RANDOM,SKIPPED,NO_MATCHED_RANDOM_BLOCK,0
MSTRUSDT-R-1778875200000-s59,MSTRUSDT,CRYPTO_SENSITIVE_EQUITY,R,59,MSTRUSDT-nyse_20260515T200000Z,W:2026-05-15T20:00:00Z:2026-05-18T06:00:00Z,,,,,,,,,,0,0,0,0.0,0.0,2026-05,RESEARCH_DEVELOPMENT,LISTING_AFTER_30_DAYS,MATCHED_RANDOM,SKIPPED,NO_MATCHED_RANDOM_BLOCK,0
PLTRUSDT-R-1778875200000-s59,PLTRUSDT,TRADITIONAL_EQUITY,R,59,PLTRUSDT-nyse_20260515T200000Z,W:2026-05-15T20:00:00Z:2026-05-18T06:00:00Z,,,,,,,,,,0,0,0,0.0,0.0,2026-05,RESEARCH_DEVELOPMENT,LISTING_AFTER_30_DAYS,MATCHED_RANDOM,SKIPPED,NO_MATCHED_RANDOM_BLOCK,0
TSLAUSDT-R-1778875200000-s59,TSLAUSDT,TRADITIONAL_EQUITY,R,59,TSLAUSDT-nyse_20260515T200000Z,W:2026-05-15T20:00:00Z:2026-05-18T06:00:00Z,,,,,,,,,,0,0,0,0.0,0.0,2026-05,RESEARCH_DEVELOPMENT,LISTING_AFTER_30_DAYS,MATCHED_RANDOM,SKIPPED,NO_MATCHED_RANDOM_BLOCK,0
AMZNUSDT-R-1778875200000-s97,AMZNUSDT,TRADITIONAL_EQUITY,R,97,AMZNUSDT-nyse_20260515T200000Z,W:2026-05-15T20:00:00Z:2026-05-18T06:00:00Z,,,,,,,,,,0,0,0,0.0,0.0,2026-05,RESEARCH_DEVELOPMENT,LISTING_AFTER_30_DAYS,MATCHED_RANDOM,SKIPPED,NO_MATCHED_RANDOM_BLOCK,0
COINUSDT-R-1778875200000-s97,COINUSDT,CRYPTO_SENSITIVE_EQUITY,R,97,COINUSDT-nyse_20260515T200000Z,W:2026-05-15T20:00:00Z:2026-05-18T06:00:00Z,,,,,,,,,,0,0,0,0.0,0.0,2026-05,RESEARCH_DEVELOPMENT,LISTING_AFTER_30_DAYS,MATCHED_RANDOM,SKIPPED,NO_MATCHED_RANDOM_BLOCK,0
CRCLUSDT-R-1778875200000-s97,CRCLUSDT,CRYPTO_SENSITIVE_EQUITY,R,97,CRCLUSDT-nyse_20260515T200000Z,W:2026-05-15T20:00:00Z:2026-05-18T06:00:00Z,,,,,,,,,,0,0,0,0.0,0.0,2026-05,RESEARCH_DEVELOPMENT,LISTING_AFTER_30_DAYS,MATCHED_RANDOM,SKIPPED,NO_MATCHED_RANDOM_BLOCK,0
HOODUSDT-R-1778875200000-s97,HOODUSDT,CRYPTO_SENSITIVE_EQUITY,R,97,HOODUSDT-nyse_20260515T200000Z,W:2026-05-15T20:00:00Z:2026-05-18T06:00:00Z,,,,,,,,,,0,0,0,0.0,0.0,2026-05,RESEARCH_DEVELOPMENT,LISTING_AFTER_30_DAYS,MATCHED_RANDOM,SKIPPED,NO_MATCHED_RANDOM_BLOCK,0
INTCUSDT-R-1778875200000-s97,INTCUSDT,TRADITIONAL_EQUITY,R,97,INTCUSDT-nyse_20260515T200000Z,W:2026-05-15T20:00:00Z:2026-05-18T06:00:00Z,,,,,,,,,,0,0,0,0.0,0.0,2026-05,RESEARCH_DEVELOPMENT,LISTING_AFTER_30_DAYS,MATCHED_RANDOM,SKIPPED,NO_MATCHED_RANDOM_BLOCK,0
MSTRUSDT-R-1778875200000-s97,MSTRUSDT,CRYPTO_SENSITIVE_EQUITY,R,97,MSTRUSDT-nyse_20260515T200000Z,W:2026-05-15T20:00:00Z:2026-05-18T06:00:00Z,,,,,,,,,,0,0,0,0.0,0.0,2026-05,RESEARCH_DEVELOPMENT,LISTING_AFTER_30_DAYS,MATCHED_RANDOM,SKIPPED,NO_MATCHED_RANDOM_BLOCK,0
PLTRUSDT-R-1778875200000-s97,PLTRUSDT,TRADITIONAL_EQUITY,R,97,PLTRUSDT-nyse_20260515T200000Z,W:2026-05-15T20:00:00Z:2026-05-18T06:00:00Z,,,,,,,,,,0,0,0,0.0,0.0,2026-05,RESEARCH_DEVELOPMENT,LISTING_AFTER_30_DAYS,MATCHED_RANDOM,SKIPPED,NO_MATCHED_RANDOM_BLOCK,0
TSLAUSDT-R-1778875200000-s97,TSLAUSDT,TRADITIONAL_EQUITY,R,97,TSLAUSDT-nyse_20260515T200000Z,W:2026-05-15T20:00:00Z:2026-05-18T06:00:00Z,,,,,,,,,,0,0,0,0.0,0.0,2026-05,RESEARCH_DEVELOPMENT,LISTING_AFTER_30_DAYS,MATCHED_RANDOM,SKIPPED,NO_MATCHED_RANDOM_BLOCK,0
AMZNUSDT-R-1779480000000-s3,AMZNUSDT,TRADITIONAL_EQUITY,R,3,AMZNUSDT-nyse_20260522T200000Z,W:2026-05-22T20:00:00Z:2026-05-26T06:00:00Z,,,,,,,,,,0,0,0,0.0,0.0,2026-05,RESEARCH_DEVELOPMENT,LISTING_AFTER_30_DAYS,MATCHED_RANDOM,SKIPPED,NO_MATCHED_RANDOM_BLOCK,0
COINUSDT-R-1779480000000-s3,COINUSDT,CRYPTO_SENSITIVE_EQUITY,R,3,COINUSDT-nyse_20260522T200000Z,W:2026-05-22T20:00:00Z:2026-05-26T06:00:00Z,,,,,,,,,,0,0,0,0.0,0.0,2026-05,RESEARCH_DEVELOPMENT,LISTING_AFTER_30_DAYS,MATCHED_RANDOM,SKIPPED,NO_MATCHED_RANDOM_BLOCK,0
CRCLUSDT-R-1779480000000-s3,CRCLUSDT,CRYPTO_SENSITIVE_EQUITY,R,3,CRCLUSDT-nyse_20260522T200000Z,W:2026-05-22T20:00:00Z:2026-05-26T06:00:00Z,,,,,,,,,,0,0,0,0.0,0.0,2026-05,RESEARCH_DEVELOPMENT,LISTING_AFTER_30_DAYS,MATCHED_RANDOM,SKIPPED,NO_MATCHED_RANDOM_BLOCK,0
HOODUSDT-R-1779480000000-s3,HOODUSDT,CRYPTO_SENSITIVE_EQUITY,R,3,HOODUSDT-nyse_20260522T200000Z,W:2026-05-22T20:00:00Z:2026-05-26T06:00:00Z,,,,,,,,,,0,0,0,0.0,0.0,2026-05,RESEARCH_DEVELOPMENT,LISTING_AFTER_30_DAYS,MATCHED_RANDOM,SKIPPED,NO_MATCHED_RANDOM_BLOCK,0
INTCUSDT-R-1779480000000-s3,INTCUSDT,TRADITIONAL_EQUITY,R,3,INTCUSDT-nyse_20260522T200000Z,W:2026-05-22T20:00:00Z:2026-05-26T06:00:00Z,,,,,,,,,,0,0,0,0.0,0.0,2026-05,RESEARCH_DEVELOPMENT,LISTING_AFTER_30_DAYS,MATCHED_RANDOM,SKIPPED,NO_MATCHED_RANDOM_BLOCK,0
MSTRUSDT-R-1779480000000-s3,MSTRUSDT,CRYPTO_SENSITIVE_EQUITY,R,3,MSTRUSDT-nyse_20260522T200000Z,W:2026-05-22T20:00:00Z:2026-05-26T06:00:00Z,,,,,,,,,,0,0,0,0.0,0.0,2026-05,RESEARCH_DEVELOPMENT,LISTING_AFTER_30_DAYS,MATCHED_RANDOM,SKIPPED,NO_MATCHED_RANDOM_BLOCK,0
PLTRUSDT-R-1779480000000-s3,PLTRUSDT,TRADITIONAL_EQUITY,R,3,PLTRUSDT-nyse_20260522T200000Z,W:2026-05-22T20:00:00Z:2026-05-26T06:00:00Z,,,,,,,,,,0,0,0,0.0,0.0,2026-05,RESEARCH_DEVELOPMENT,LISTING_AFTER_30_DAYS,MATCHED_RANDOM,SKIPPED,NO_MATCHED_RANDOM_BLOCK,0
TSLAUSDT-R-1779480000000-s3,TSLAUSDT,TRADITIONAL_EQUITY,R,3,TSLAUSDT-nyse_20260522T200000Z,W:2026-05-22T20:00:00Z:2026-05-26T06:00:00Z,,,,,,,,,,0,0,0,0.0,0.0,2026-05,RESEARCH_DEVELOPMENT,LISTING_AFTER_30_DAYS,MATCHED_RANDOM,SKIPPED,NO_MATCHED_RANDOM_BLOCK,0
AMZNUSDT-R-1779480000000-s10,AMZNUSDT,TRADITIONAL_EQUITY,R,10,AMZNUSDT-nyse_20260522T200000Z,W:2026-05-22T20:00:00Z:2026-05-26T06:00:00Z,,,,,,,,,,0,0,0,0.0,0.0,2026-05,RESEARCH_DEVELOPMENT,LISTING_AFTER_30_DAYS,MATCHED_RANDOM,SKIPPED,NO_MATCHED_RANDOM_BLOCK,0
COINUSDT-R-1779480000000-s10,COINUSDT,CRYPTO_SENSITIVE_EQUITY,R,10,COINUSDT-nyse_20260522T200000Z,W:2026-05-22T20:00:00Z:2026-05-26T06:00:00Z,,,,,,,,,,0,0,0,0.0,0.0,2026-05,RESEARCH_DEVELOPMENT,LISTING_AFTER_30_DAYS,MATCHED_RANDOM,SKIPPED,NO_MATCHED_RANDOM_BLOCK,0
CRCLUSDT-R-1779480000000-s10,CRCLUSDT,CRYPTO_SENSITIVE_EQUITY,R,10,CRCLUSDT-nyse_20260522T200000Z,W:2026-05-22T20:00:00Z:2026-05-26T06:00:00Z,,,,,,,,,,0,0,0,0.0,0.0,2026-05,RESEARCH_DEVELOPMENT,LISTING_AFTER_30_DAYS,MATCHED_RANDOM,SKIPPED,NO_MATCHED_RANDOM_BLOCK,0
HOODUSDT-R-1779480000000-s10,HOODUSDT,CRYPTO_SENSITIVE_EQUITY,R,10,HOODUSDT-nyse_20260522T200000Z,W:2026-05-22T20:00:00Z:2026-05-26T06:00:00Z,,,,,,,,,,0,0,0,0.0,0.0,2026-05,RESEARCH_DEVELOPMENT,LISTING_AFTER_30_DAYS,MATCHED_RANDOM,SKIPPED,NO_MATCHED_RANDOM_BLOCK,0
INTCUSDT-R-1779480000000-s10,INTCUSDT,TRADITIONAL_EQUITY,R,10,INTCUSDT-nyse_20260522T200000Z,W:2026-05-22T20:00:00Z:2026-05-26T06:00:00Z,,,,,,,,,,0,0,0,0.0,0.0,2026-05,RESEARCH_DEVELOPMENT,LISTING_AFTER_30_DAYS,MATCHED_RANDOM,SKIPPED,NO_MATCHED_RANDOM_BLOCK,0
MSTRUSDT-R-1779480000000-s10,MSTRUSDT,CRYPTO_SENSITIVE_EQUITY,R,10,MSTRUSDT-nyse_20260522T200000Z,W:2026-05-22T20:00:00Z:2026-05-26T06:00:00Z,,,,,,,,,,0,0,0,0.0,0.0,2026-05,RESEARCH_DEVELOPMENT,LISTING_AFTER_30_DAYS,MATCHED_RANDOM,SKIPPED,NO_MATCHED_RANDOM_BLOCK,0
PLTRUSDT-R-1779480000000-s10,PLTRUSDT,TRADITIONAL_EQUITY,R,10,PLTRUSDT-nyse_20260522T200000Z,W:2026-05-22T20:00:00Z:2026-05-26T06:00:00Z,,,,,,,,,,0,0,0,0.0,0.0,2026-05,RESEARCH_DEVELOPMENT,LISTING_AFTER_30_DAYS,MATCHED_RANDOM,SKIPPED,NO_MATCHED_RANDOM_BLOCK,0
TSLAUSDT-R-1779480000000-s10,TSLAUSDT,TRADITIONAL_EQUITY,R,10,TSLAUSDT-nyse_20260522T200000Z,W:2026-05-22T20:00:00Z:2026-05-26T06:00:00Z,,,,,,,,,,0,0,0,0.0,0.0,2026-05,RESEARCH_DEVELOPMENT,LISTING_AFTER_30_DAYS,MATCHED_RANDOM,SKIPPED,NO_MATCHED_RANDOM_BLOCK,0
AMZNUSDT-R-1779480000000-s17,AMZNUSDT,TRADITIONAL_EQUITY,R,17,AMZNUSDT-nyse_20260522T200000Z,W:2026-05-22T20:00:00Z:2026-05-26T06:00:00Z,,,,,,,,,,0,0,0,0.0,0.0,2026-05,RESEARCH_DEVELOPMENT,LISTING_AFTER_30_DAYS,MATCHED_RANDOM,SKIPPED,NO_MATCHED_RANDOM_BLOCK,0
COINUSDT-R-1779480000000-s17,COINUSDT,CRYPTO_SENSITIVE_EQUITY,R,17,COINUSDT-nyse_20260522T200000Z,W:2026-05-22T20:00:00Z:2026-05-26T06:00:00Z,,,,,,,,,,0,0,0,0.0,0.0,2026-05,RESEARCH_DEVELOPMENT,LISTING_AFTER_30_DAYS,MATCHED_RANDOM,SKIPPED,NO_MATCHED_RANDOM_BLOCK,0
CRCLUSDT-R-1779480000000-s17,CRCLUSDT,CRYPTO_SENSITIVE_EQUITY,R,17,CRCLUSDT-nyse_20260522T200000Z,W:2026-05-22T20:00:00Z:2026-05-26T06:00:00Z,,,,,,,,,,0,0,0,0.0,0.0,2026-05,RESEARCH_DEVELOPMENT,LISTING_AFTER_30_DAYS,MATCHED_RANDOM,SKIPPED,NO_MATCHED_RANDOM_BLOCK,0
HOODUSDT-R-1779480000000-s17,HOODUSDT,CRYPTO_SENSITIVE_EQUITY,R,17,HOODUSDT-nyse_20260522T200000Z,W:2026-05-22T20:00:00Z:2026-05-26T06:00:00Z,,,,,,,,,,0,0,0,0.0,0.0,2026-05,RESEARCH_DEVELOPMENT,LISTING_AFTER_30_DAYS,MATCHED_RANDOM,SKIPPED,NO_MATCHED_RANDOM_BLOCK,0
INTCUSDT-R-1779480000000-s17,INTCUSDT,TRADITIONAL_EQUITY,R,17,INTCUSDT-nyse_20260522T200000Z,W:2026-05-22T20:00:00Z:2026-05-26T06:00:00Z,,,,,,,,,,0,0,0,0.0,0.0,2026-05,RESEARCH_DEVELOPMENT,LISTING_AFTER_30_DAYS,MATCHED_RANDOM,SKIPPED,NO_MATCHED_RANDOM_BLOCK,0
MSTRUSDT-R-1779480000000-s17,MSTRUSDT,CRYPTO_SENSITIVE_EQUITY,R,17,MSTRUSDT-nyse_20260522T200000Z,W:2026-05-22T20:00:00Z:2026-05-26T06:00:00Z,,,,,,,,,,0,0,0,0.0,0.0,2026-05,RESEARCH_DEVELOPMENT,LISTING_AFTER_30_DAYS,MATCHED_RANDOM,SKIPPED,NO_MATCHED_RANDOM_BLOCK,0
PLTRUSDT-R-1779480000000-s17,PLTRUSDT,TRADITIONAL_EQUITY,R,17,PLTRUSDT-nyse_20260522T200000Z,W:2026-05-22T20:00:00Z:2026-05-26T06:00:00Z,,,,,,,,,,0,0,0,0.0,0.0,2026-05,RESEARCH_DEVELOPMENT,LISTING_AFTER_30_DAYS,MATCHED_RANDOM,SKIPPED,NO_MATCHED_RANDOM_BLOCK,0
TSLAUSDT-R-1779480000000-s17,TSLAUSDT,TRADITIONAL_EQUITY,R,17,TSLAUSDT-nyse_20260522T200000Z,W:2026-05-22T20:00:00Z:2026-05-26T06:00:00Z,,,,,,,,,,0,0,0,0.0,0.0,2026-05,RESEARCH_DEVELOPMENT,LISTING_AFTER_30_DAYS,MATCHED_RANDOM,SKIPPED,NO_MATCHED_RANDOM_BLOCK,0
AMZNUSDT-R-1779480000000-s31,AMZNUSDT,TRADITIONAL_EQUITY,R,31,AMZNUSDT-nyse_20260522T200000Z,W:2026-05-22T20:00:00Z:2026-05-26T06:00:00Z,,,,,,,,,,0,0,0,0.0,0.0,2026-05,RESEARCH_DEVELOPMENT,LISTING_AFTER_30_DAYS,MATCHED_RANDOM,SKIPPED,NO_MATCHED_RANDOM_BLOCK,0
COINUSDT-R-1779480000000-s31,COINUSDT,CRYPTO_SENSITIVE_EQUITY,R,31,COINUSDT-nyse_20260522T200000Z,W:2026-05-22T20:00:00Z:2026-05-26T06:00:00Z,,,,,,,,,,0,0,0,0.0,0.0,2026-05,RESEARCH_DEVELOPMENT,LISTING_AFTER_30_DAYS,MATCHED_RANDOM,SKIPPED,NO_MATCHED_RANDOM_BLOCK,0
CRCLUSDT-R-1779480000000-s31,CRCLUSDT,CRYPTO_SENSITIVE_EQUITY,R,31,CRCLUSDT-nyse_20260522T200000Z,W:2026-05-22T20:00:00Z:2026-05-26T06:00:00Z,,,,,,,,,,0,0,0,0.0,0.0,2026-05,RESEARCH_DEVELOPMENT,LISTING_AFTER_30_DAYS,MATCHED_RANDOM,SKIPPED,NO_MATCHED_RANDOM_BLOCK,0
HOODUSDT-R-1779480000000-s31,HOODUSDT,CRYPTO_SENSITIVE_EQUITY,R,31,HOODUSDT-nyse_20260522T200000Z,W:2026-05-22T20:00:00Z:2026-05-26T06:00:00Z,,,,,,,,,,0,0,0,0.0,0.0,2026-05,RESEARCH_DEVELOPMENT,LISTING_AFTER_30_DAYS,MATCHED_RANDOM,SKIPPED,NO_MATCHED_RANDOM_BLOCK,0
INTCUSDT-R-1779480000000-s31,INTCUSDT,TRADITIONAL_EQUITY,R,31,INTCUSDT-nyse_20260522T200000Z,W:2026-05-22T20:00:00Z:2026-05-26T06:00:00Z,,,,,,,,,,0,0,0,0.0,0.0,2026-05,RESEARCH_DEVELOPMENT,LISTING_AFTER_30_DAYS,MATCHED_RANDOM,SKIPPED,NO_MATCHED_RANDOM_BLOCK,0
MSTRUSDT-R-1779480000000-s31,MSTRUSDT,CRYPTO_SENSITIVE_EQUITY,R,31,MSTRUSDT-nyse_20260522T200000Z,W:2026-05-22T20:00:00Z:2026-05-26T06:00:00Z,,,,,,,,,,0,0,0,0.0,0.0,2026-05,RESEARCH_DEVELOPMENT,LISTING_AFTER_30_DAYS,MATCHED_RANDOM,SKIPPED,NO_MATCHED_RANDOM_BLOCK,0
PLTRUSDT-R-1779480000000-s31,PLTRUSDT,TRADITIONAL_EQUITY,R,31,PLTRUSDT-nyse_20260522T200000Z,W:2026-05-22T20:00:00Z:2026-05-26T06:00:00Z,,,,,,,,,,0,0,0,0.0,0.0,2026-05,RESEARCH_DEVELOPMENT,LISTING_AFTER_30_DAYS,MATCHED_RANDOM,SKIPPED,NO_MATCHED_RANDOM_BLOCK,0
TSLAUSDT-R-1779480000000-s31,TSLAUSDT,TRADITIONAL_EQUITY,R,31,TSLAUSDT-nyse_20260522T200000Z,W:2026-05-22T20:00:00Z:2026-05-26T06:00:00Z,,,,,,,,,,0,0,0,0.0,0.0,2026-05,RESEARCH_DEVELOPMENT,LISTING_AFTER_30_DAYS,MATCHED_RANDOM,SKIPPED,NO_MATCHED_RANDOM_BLOCK,0
AMZNUSDT-R-1779480000000-s59,AMZNUSDT,TRADITIONAL_EQUITY,R,59,AMZNUSDT-nyse_20260522T200000Z,W:2026-05-22T20:00:00Z:2026-05-26T06:00:00Z,,,,,,,,,,0,0,0,0.0,0.0,2026-05,RESEARCH_DEVELOPMENT,LISTING_AFTER_30_DAYS,MATCHED_RANDOM,SKIPPED,NO_MATCHED_RANDOM_BLOCK,0
COINUSDT-R-1779480000000-s59,COINUSDT,CRYPTO_SENSITIVE_EQUITY,R,59,COINUSDT-nyse_20260522T200000Z,W:2026-05-22T20:00:00Z:2026-05-26T06:00:00Z,,,,,,,,,,0,0,0,0.0,0.0,2026-05,RESEARCH_DEVELOPMENT,LISTING_AFTER_30_DAYS,MATCHED_RANDOM,SKIPPED,NO_MATCHED_RANDOM_BLOCK,0
CRCLUSDT-R-1779480000000-s59,CRCLUSDT,CRYPTO_SENSITIVE_EQUITY,R,59,CRCLUSDT-nyse_20260522T200000Z,W:2026-05-22T20:00:00Z:2026-05-26T06:00:00Z,,,,,,,,,,0,0,0,0.0,0.0,2026-05,RESEARCH_DEVELOPMENT,LISTING_AFTER_30_DAYS,MATCHED_RANDOM,SKIPPED,NO_MATCHED_RANDOM_BLOCK,0
HOODUSDT-R-1779480000000-s59,HOODUSDT,CRYPTO_SENSITIVE_EQUITY,R,59,HOODUSDT-nyse_20260522T200000Z,W:2026-05-22T20:00:00Z:2026-05-26T06:00:00Z,,,,,,,,,,0,0,0,0.0,0.0,2026-05,RESEARCH_DEVELOPMENT,LISTING_AFTER_30_DAYS,MATCHED_RANDOM,SKIPPED,NO_MATCHED_RANDOM_BLOCK,0
INTCUSDT-R-1779480000000-s59,INTCUSDT,TRADITIONAL_EQUITY,R,59,INTCUSDT-nyse_20260522T200000Z,W:2026-05-22T20:00:00Z:2026-05-26T06:00:00Z,,,,,,,,,,0,0,0,0.0,0.0,2026-05,RESEARCH_DEVELOPMENT,LISTING_AFTER_30_DAYS,MATCHED_RANDOM,SKIPPED,NO_MATCHED_RANDOM_BLOCK,0
MSTRUSDT-R-1779480000000-s59,MSTRUSDT,CRYPTO_SENSITIVE_EQUITY,R,59,MSTRUSDT-nyse_20260522T200000Z,W:2026-05-22T20:00:00Z:2026-05-26T06:00:00Z,,,,,,,,,,0,0,0,0.0,0.0,2026-05,RESEARCH_DEVELOPMENT,LISTING_AFTER_30_DAYS,MATCHED_RANDOM,SKIPPED,NO_MATCHED_RANDOM_BLOCK,0
PLTRUSDT-R-1779480000000-s59,PLTRUSDT,TRADITIONAL_EQUITY,R,59,PLTRUSDT-nyse_20260522T200000Z,W:2026-05-22T20:00:00Z:2026-05-26T06:00:00Z,,,,,,,,,,0,0,0,0.0,0.0,2026-05,RESEARCH_DEVELOPMENT,LISTING_AFTER_30_DAYS,MATCHED_RANDOM,SKIPPED,NO_MATCHED_RANDOM_BLOCK,0
TSLAUSDT-R-1779480000000-s59,TSLAUSDT,TRADITIONAL_EQUITY,R,59,TSLAUSDT-nyse_20260522T200000Z,W:2026-05-22T20:00:00Z:2026-05-26T06:00:00Z,,,,,,,,,,0,0,0,0.0,0.0,2026-05,RESEARCH_DEVELOPMENT,LISTING_AFTER_30_DAYS,MATCHED_RANDOM,SKIPPED,NO_MATCHED_RANDOM_BLOCK,0
AMZNUSDT-R-1779480000000-s97,AMZNUSDT,TRADITIONAL_EQUITY,R,97,AMZNUSDT-nyse_20260522T200000Z,W:2026-05-22T20:00:00Z:2026-05-26T06:00:00Z,,,,,,,,,,0,0,0,0.0,0.0,2026-05,RESEARCH_DEVELOPMENT,LISTING_AFTER_30_DAYS,MATCHED_RANDOM,SKIPPED,NO_MATCHED_RANDOM_BLOCK,0
COINUSDT-R-1779480000000-s97,COINUSDT,CRYPTO_SENSITIVE_EQUITY,R,97,COINUSDT-nyse_20260522T200000Z,W:2026-05-22T20:00:00Z:2026-05-26T06:00:00Z,,,,,,,,,,0,0,0,0.0,0.0,2026-05,RESEARCH_DEVELOPMENT,LISTING_AFTER_30_DAYS,MATCHED_RANDOM,SKIPPED,NO_MATCHED_RANDOM_BLOCK,0
CRCLUSDT-R-1779480000000-s97,CRCLUSDT,CRYPTO_SENSITIVE_EQUITY,R,97,CRCLUSDT-nyse_20260522T200000Z,W:2026-05-22T20:00:00Z:2026-05-26T06:00:00Z,,,,,,,,,,0,0,0,0.0,0.0,2026-05,RESEARCH_DEVELOPMENT,LISTING_AFTER_30_DAYS,MATCHED_RANDOM,SKIPPED,NO_MATCHED_RANDOM_BLOCK,0
HOODUSDT-R-1779480000000-s97,HOODUSDT,CRYPTO_SENSITIVE_EQUITY,R,97,HOODUSDT-nyse_20260522T200000Z,W:2026-05-22T20:00:00Z:2026-05-26T06:00:00Z,,,,,,,,,,0,0,0,0.0,0.0,2026-05,RESEARCH_DEVELOPMENT,LISTING_AFTER_30_DAYS,MATCHED_RANDOM,SKIPPED,NO_MATCHED_RANDOM_BLOCK,0
INTCUSDT-R-1779480000000-s97,INTCUSDT,TRADITIONAL_EQUITY,R,97,INTCUSDT-nyse_20260522T200000Z,W:2026-05-22T20:00:00Z:2026-05-26T06:00:00Z,,,,,,,,,,0,0,0,0.0,0.0,2026-05,RESEARCH_DEVELOPMENT,LISTING_AFTER_30_DAYS,MATCHED_RANDOM,SKIPPED,NO_MATCHED_RANDOM_BLOCK,0
MSTRUSDT-R-1779480000000-s97,MSTRUSDT,CRYPTO_SENSITIVE_EQUITY,R,97,MSTRUSDT-nyse_20260522T200000Z,W:2026-05-22T20:00:00Z:2026-05-26T06:00:00Z,,,,,,,,,,0,0,0,0.0,0.0,2026-05,RESEARCH_DEVELOPMENT,LISTING_AFTER_30_DAYS,MATCHED_RANDOM,SKIPPED,NO_MATCHED_RANDOM_BLOCK,0
PLTRUSDT-R-1779480000000-s97,PLTRUSDT,TRADITIONAL_EQUITY,R,97,PLTRUSDT-nyse_20260522T200000Z,W:2026-05-22T20:00:00Z:2026-05-26T06:00:00Z,,,,,,,,,,0,0,0,0.0,0.0,2026-05,RESEARCH_DEVELOPMENT,LISTING_AFTER_30_DAYS,MATCHED_RANDOM,SKIPPED,NO_MATCHED_RANDOM_BLOCK,0
TSLAUSDT-R-1779480000000-s97,TSLAUSDT,TRADITIONAL_EQUITY,R,97,TSLAUSDT-nyse_20260522T200000Z,W:2026-05-22T20:00:00Z:2026-05-26T06:00:00Z,,,,,,,,,,0,0,0,0.0,0.0,2026-05,RESEARCH_DEVELOPMENT,LISTING_AFTER_30_DAYS,MATCHED_RANDOM,SKIPPED,NO_MATCHED_RANDOM_BLOCK,0
AMZNUSDT-R-1780084800000-s3,AMZNUSDT,TRADITIONAL_EQUITY,R,3,AMZNUSDT-nyse_20260529T200000Z,W:2026-05-29T20:00:00Z:2026-06-01T06:00:00Z,,,,,,,,,,0,0,0,0.0,0.0,2026-05,RESEARCH_DEVELOPMENT,LISTING_AFTER_30_DAYS,MATCHED_RANDOM,SKIPPED,NO_MATCHED_RANDOM_BLOCK,0
COINUSDT-R-1780084800000-s3,COINUSDT,CRYPTO_SENSITIVE_EQUITY,R,3,COINUSDT-nyse_20260529T200000Z,W:2026-05-29T20:00:00Z:2026-06-01T06:00:00Z,,,,,,,,,,0,0,0,0.0,0.0,2026-05,RESEARCH_DEVELOPMENT,LISTING_AFTER_30_DAYS,MATCHED_RANDOM,SKIPPED,NO_MATCHED_RANDOM_BLOCK,0
CRCLUSDT-R-1780084800000-s3,CRCLUSDT,CRYPTO_SENSITIVE_EQUITY,R,3,CRCLUSDT-nyse_20260529T200000Z,W:2026-05-29T20:00:00Z:2026-06-01T06:00:00Z,,,,,,,,,,0,0,0,0.0,0.0,2026-05,RESEARCH_DEVELOPMENT,LISTING_AFTER_30_DAYS,MATCHED_RANDOM,SKIPPED,NO_MATCHED_RANDOM_BLOCK,0
HOODUSDT-R-1780084800000-s3,HOODUSDT,CRYPTO_SENSITIVE_EQUITY,R,3,HOODUSDT-nyse_20260529T200000Z,W:2026-05-29T20:00:00Z:2026-06-01T06:00:00Z,,,,,,,,,,0,0,0,0.0,0.0,2026-05,RESEARCH_DEVELOPMENT,LISTING_AFTER_30_DAYS,MATCHED_RANDOM,SKIPPED,NO_MATCHED_RANDOM_BLOCK,0
INTCUSDT-R-1780084800000-s3,INTCUSDT,TRADITIONAL_EQUITY,R,3,INTCUSDT-nyse_20260529T200000Z,W:2026-05-29T20:00:00Z:2026-06-01T06:00:00Z,,,,,,,,,,0,0,0,0.0,0.0,2026-05,RESEARCH_DEVELOPMENT,LISTING_AFTER_30_DAYS,MATCHED_RANDOM,SKIPPED,NO_MATCHED_RANDOM_BLOCK,0
MSTRUSDT-R-1780084800000-s3,MSTRUSDT,CRYPTO_SENSITIVE_EQUITY,R,3,MSTRUSDT-nyse_20260529T200000Z,W:2026-05-29T20:00:00Z:2026-06-01T06:00:00Z,,,,,,,,,,0,0,0,0.0,0.0,2026-05,RESEARCH_DEVELOPMENT,LISTING_AFTER_30_DAYS,MATCHED_RANDOM,SKIPPED,NO_MATCHED_RANDOM_BLOCK,0
PLTRUSDT-R-1780084800000-s3,PLTRUSDT,TRADITIONAL_EQUITY,R,3,PLTRUSDT-nyse_20260529T200000Z,W:2026-05-29T20:00:00Z:2026-06-01T06:00:00Z,,,,,,,,,,0,0,0,0.0,0.0,2026-05,RESEARCH_DEVELOPMENT,LISTING_AFTER_30_DAYS,MATCHED_RANDOM,SKIPPED,NO_MATCHED_RANDOM_BLOCK,0
TSLAUSDT-R-1780084800000-s3,TSLAUSDT,TRADITIONAL_EQUITY,R,3,TSLAUSDT-nyse_20260529T200000Z,W:2026-05-29T20:00:00Z:2026-06-01T06:00:00Z,,,,,,,,,,0,0,0,0.0,0.0,2026-05,RESEARCH_DEVELOPMENT,LISTING_AFTER_30_DAYS,MATCHED_RANDOM,SKIPPED,NO_MATCHED_RANDOM_BLOCK,0
AMZNUSDT-R-1780084800000-s10,AMZNUSDT,TRADITIONAL_EQUITY,R,10,AMZNUSDT-nyse_20260529T200000Z,W:2026-05-29T20:00:00Z:2026-06-01T06:00:00Z,,,,,,,,,,0,0,0,0.0,0.0,2026-05,RESEARCH_DEVELOPMENT,LISTING_AFTER_30_DAYS,MATCHED_RANDOM,SKIPPED,NO_MATCHED_RANDOM_BLOCK,0
COINUSDT-R-1780084800000-s10,COINUSDT,CRYPTO_SENSITIVE_EQUITY,R,10,COINUSDT-nyse_20260529T200000Z,W:2026-05-29T20:00:00Z:2026-06-01T06:00:00Z,,,,,,,,,,0,0,0,0.0,0.0,2026-05,RESEARCH_DEVELOPMENT,LISTING_AFTER_30_DAYS,MATCHED_RANDOM,SKIPPED,NO_MATCHED_RANDOM_BLOCK,0
CRCLUSDT-R-1780084800000-s10,CRCLUSDT,CRYPTO_SENSITIVE_EQUITY,R,10,CRCLUSDT-nyse_20260529T200000Z,W:2026-05-29T20:00:00Z:2026-06-01T06:00:00Z,,,,,,,,,,0,0,0,0.0,0.0,2026-05,RESEARCH_DEVELOPMENT,LISTING_AFTER_30_DAYS,MATCHED_RANDOM,SKIPPED,NO_MATCHED_RANDOM_BLOCK,0
HOODUSDT-R-1780084800000-s10,HOODUSDT,CRYPTO_SENSITIVE_EQUITY,R,10,HOODUSDT-nyse_20260529T200000Z,W:2026-05-29T20:00:00Z:2026-06-01T06:00:00Z,,,,,,,,,,0,0,0,0.0,0.0,2026-05,RESEARCH_DEVELOPMENT,LISTING_AFTER_30_DAYS,MATCHED_RANDOM,SKIPPED,NO_MATCHED_RANDOM_BLOCK,0
INTCUSDT-R-1780084800000-s10,INTCUSDT,TRADITIONAL_EQUITY,R,10,INTCUSDT-nyse_20260529T200000Z,W:2026-05-29T20:00:00Z:2026-06-01T06:00:00Z,,,,,,,,,,0,0,0,0.0,0.0,2026-05,RESEARCH_DEVELOPMENT,LISTING_AFTER_30_DAYS,MATCHED_RANDOM,SKIPPED,NO_MATCHED_RANDOM_BLOCK,0
MSTRUSDT-R-1780084800000-s10,MSTRUSDT,CRYPTO_SENSITIVE_EQUITY,R,10,MSTRUSDT-nyse_20260529T200000Z,W:2026-05-29T20:00:00Z:2026-06-01T06:00:00Z,,,,,,,,,,0,0,0,0.0,0.0,2026-05,RESEARCH_DEVELOPMENT,LISTING_AFTER_30_DAYS,MATCHED_RANDOM,SKIPPED,NO_MATCHED_RANDOM_BLOCK,0
PLTRUSDT-R-1780084800000-s10,PLTRUSDT,TRADITIONAL_EQUITY,R,10,PLTRUSDT-nyse_20260529T200000Z,W:2026-05-29T20:00:00Z:2026-06-01T06:00:00Z,,,,,,,,,,0,0,0,0.0,0.0,2026-05,RESEARCH_DEVELOPMENT,LISTING_AFTER_30_DAYS,MATCHED_RANDOM,SKIPPED,NO_MATCHED_RANDOM_BLOCK,0
TSLAUSDT-R-1780084800000-s10,TSLAUSDT,TRADITIONAL_EQUITY,R,10,TSLAUSDT-nyse_20260529T200000Z,W:2026-05-29T20:00:00Z:2026-06-01T06:00:00Z,,,,,,,,,,0,0,0,0.0,0.0,2026-05,RESEARCH_DEVELOPMENT,LISTING_AFTER_30_DAYS,MATCHED_RANDOM,SKIPPED,NO_MATCHED_RANDOM_BLOCK,0
AMZNUSDT-R-1780084800000-s17,AMZNUSDT,TRADITIONAL_EQUITY,R,17,AMZNUSDT-nyse_20260529T200000Z,W:2026-05-29T20:00:00Z:2026-06-01T06:00:00Z,,,,,,,,,,0,0,0,0.0,0.0,2026-05,RESEARCH_DEVELOPMENT,LISTING_AFTER_30_DAYS,MATCHED_RANDOM,SKIPPED,NO_MATCHED_RANDOM_BLOCK,0
COINUSDT-R-1780084800000-s17,COINUSDT,CRYPTO_SENSITIVE_EQUITY,R,17,COINUSDT-nyse_20260529T200000Z,W:2026-05-29T20:00:00Z:2026-06-01T06:00:00Z,,,,,,,,,,0,0,0,0.0,0.0,2026-05,RESEARCH_DEVELOPMENT,LISTING_AFTER_30_DAYS,MATCHED_RANDOM,SKIPPED,NO_MATCHED_RANDOM_BLOCK,0
CRCLUSDT-R-1780084800000-s17,CRCLUSDT,CRYPTO_SENSITIVE_EQUITY,R,17,CRCLUSDT-nyse_20260529T200000Z,W:2026-05-29T20:00:00Z:2026-06-01T06:00:00Z,,,,,,,,,,0,0,0,0.0,0.0,2026-05,RESEARCH_DEVELOPMENT,LISTING_AFTER_30_DAYS,MATCHED_RANDOM,SKIPPED,NO_MATCHED_RANDOM_BLOCK,0
HOODUSDT-R-1780084800000-s17,HOODUSDT,CRYPTO_SENSITIVE_EQUITY,R,17,HOODUSDT-nyse_20260529T200000Z,W:2026-05-29T20:00:00Z:2026-06-01T06:00:00Z,,,,,,,,,,0,0,0,0.0,0.0,2026-05,RESEARCH_DEVELOPMENT,LISTING_AFTER_30_DAYS,MATCHED_RANDOM,SKIPPED,NO_MATCHED_RANDOM_BLOCK,0
INTCUSDT-R-1780084800000-s17,INTCUSDT,TRADITIONAL_EQUITY,R,17,INTCUSDT-nyse_20260529T200000Z,W:2026-05-29T20:00:00Z:2026-06-01T06:00:00Z,,,,,,,,,,0,0,0,0.0,0.0,2026-05,RESEARCH_DEVELOPMENT,LISTING_AFTER_30_DAYS,MATCHED_RANDOM,SKIPPED,NO_MATCHED_RANDOM_BLOCK,0
MSTRUSDT-R-1780084800000-s17,MSTRUSDT,CRYPTO_SENSITIVE_EQUITY,R,17,MSTRUSDT-nyse_20260529T200000Z,W:2026-05-29T20:00:00Z:2026-06-01T06:00:00Z,,,,,,,,,,0,0,0,0.0,0.0,2026-05,RESEARCH_DEVELOPMENT,LISTING_AFTER_30_DAYS,MATCHED_RANDOM,SKIPPED,NO_MATCHED_RANDOM_BLOCK,0
PLTRUSDT-R-1780084800000-s17,PLTRUSDT,TRADITIONAL_EQUITY,R,17,PLTRUSDT-nyse_20260529T200000Z,W:2026-05-29T20:00:00Z:2026-06-01T06:00:00Z,,,,,,,,,,0,0,0,0.0,0.0,2026-05,RESEARCH_DEVELOPMENT,LISTING_AFTER_30_DAYS,MATCHED_RANDOM,SKIPPED,NO_MATCHED_RANDOM_BLOCK,0
TSLAUSDT-R-1780084800000-s17,TSLAUSDT,TRADITIONAL_EQUITY,R,17,TSLAUSDT-nyse_20260529T200000Z,W:2026-05-29T20:00:00Z:2026-06-01T06:00:00Z,,,,,,,,,,0,0,0,0.0,0.0,2026-05,RESEARCH_DEVELOPMENT,LISTING_AFTER_30_DAYS,MATCHED_RANDOM,SKIPPED,NO_MATCHED_RANDOM_BLOCK,0
AMZNUSDT-R-1780084800000-s31,AMZNUSDT,TRADITIONAL_EQUITY,R,31,AMZNUSDT-nyse_20260529T200000Z,W:2026-05-29T20:00:00Z:2026-06-01T06:00:00Z,,,,,,,,,,0,0,0,0.0,0.0,2026-05,RESEARCH_DEVELOPMENT,LISTING_AFTER_30_DAYS,MATCHED_RANDOM,SKIPPED,NO_MATCHED_RANDOM_BLOCK,0
COINUSDT-R-1780084800000-s31,COINUSDT,CRYPTO_SENSITIVE_EQUITY,R,31,COINUSDT-nyse_20260529T200000Z,W:2026-05-29T20:00:00Z:2026-06-01T06:00:00Z,,,,,,,,,,0,0,0,0.0,0.0,2026-05,RESEARCH_DEVELOPMENT,LISTING_AFTER_30_DAYS,MATCHED_RANDOM,SKIPPED,NO_MATCHED_RANDOM_BLOCK,0
CRCLUSDT-R-1780084800000-s31,CRCLUSDT,CRYPTO_SENSITIVE_EQUITY,R,31,CRCLUSDT-nyse_20260529T200000Z,W:2026-05-29T20:00:00Z:2026-06-01T06:00:00Z,,,,,,,,,,0,0,0,0.0,0.0,2026-05,RESEARCH_DEVELOPMENT,LISTING_AFTER_30_DAYS,MATCHED_RANDOM,SKIPPED,NO_MATCHED_RANDOM_BLOCK,0
HOODUSDT-R-1780084800000-s31,HOODUSDT,CRYPTO_SENSITIVE_EQUITY,R,31,HOODUSDT-nyse_20260529T200000Z,W:2026-05-29T20:00:00Z:2026-06-01T06:00:00Z,,,,,,,,,,0,0,0,0.0,0.0,2026-05,RESEARCH_DEVELOPMENT,LISTING_AFTER_30_DAYS,MATCHED_RANDOM,SKIPPED,NO_MATCHED_RANDOM_BLOCK,0
INTCUSDT-R-1780084800000-s31,INTCUSDT,TRADITIONAL_EQUITY,R,31,INTCUSDT-nyse_20260529T200000Z,W:2026-05-29T20:00:00Z:2026-06-01T06:00:00Z,,,,,,,,,,0,0,0,0.0,0.0,2026-05,RESEARCH_DEVELOPMENT,LISTING_AFTER_30_DAYS,MATCHED_RANDOM,SKIPPED,NO_MATCHED_RANDOM_BLOCK,0
MSTRUSDT-R-1780084800000-s31,MSTRUSDT,CRYPTO_SENSITIVE_EQUITY,R,31,MSTRUSDT-nyse_20260529T200000Z,W:2026-05-29T20:00:00Z:2026-06-01T06:00:00Z,,,,,,,,,,0,0,0,0.0,0.0,2026-05,RESEARCH_DEVELOPMENT,LISTING_AFTER_30_DAYS,MATCHED_RANDOM,SKIPPED,NO_MATCHED_RANDOM_BLOCK,0
PLTRUSDT-R-1780084800000-s31,PLTRUSDT,TRADITIONAL_EQUITY,R,31,PLTRUSDT-nyse_20260529T200000Z,W:2026-05-29T20:00:00Z:2026-06-01T06:00:00Z,,,,,,,,,,0,0,0,0.0,0.0,2026-05,RESEARCH_DEVELOPMENT,LISTING_AFTER_30_DAYS,MATCHED_RANDOM,SKIPPED,NO_MATCHED_RANDOM_BLOCK,0
TSLAUSDT-R-1780084800000-s31,TSLAUSDT,TRADITIONAL_EQUITY,R,31,TSLAUSDT-nyse_20260529T200000Z,W:2026-05-29T20:00:00Z:2026-06-01T06:00:00Z,,,,,,,,,,0,0,0,0.0,0.0,2026-05,RESEARCH_DEVELOPMENT,LISTING_AFTER_30_DAYS,MATCHED_RANDOM,SKIPPED,NO_MATCHED_RANDOM_BLOCK,0
AMZNUSDT-R-1780084800000-s59,AMZNUSDT,TRADITIONAL_EQUITY,R,59,AMZNUSDT-nyse_20260529T200000Z,W:2026-05-29T20:00:00Z:2026-06-01T06:00:00Z,,,,,,,,,,0,0,0,0.0,0.0,2026-05,RESEARCH_DEVELOPMENT,LISTING_AFTER_30_DAYS,MATCHED_RANDOM,SKIPPED,NO_MATCHED_RANDOM_BLOCK,0
COINUSDT-R-1780084800000-s59,COINUSDT,CRYPTO_SENSITIVE_EQUITY,R,59,COINUSDT-nyse_20260529T200000Z,W:2026-05-29T20:00:00Z:2026-06-01T06:00:00Z,,,,,,,,,,0,0,0,0.0,0.0,2026-05,RESEARCH_DEVELOPMENT,LISTING_AFTER_30_DAYS,MATCHED_RANDOM,SKIPPED,NO_MATCHED_RANDOM_BLOCK,0
CRCLUSDT-R-1780084800000-s59,CRCLUSDT,CRYPTO_SENSITIVE_EQUITY,R,59,CRCLUSDT-nyse_20260529T200000Z,W:2026-05-29T20:00:00Z:2026-06-01T06:00:00Z,,,,,,,,,,0,0,0,0.0,0.0,2026-05,RESEARCH_DEVELOPMENT,LISTING_AFTER_30_DAYS,MATCHED_RANDOM,SKIPPED,NO_MATCHED_RANDOM_BLOCK,0
HOODUSDT-R-1780084800000-s59,HOODUSDT,CRYPTO_SENSITIVE_EQUITY,R,59,HOODUSDT-nyse_20260529T200000Z,W:2026-05-29T20:00:00Z:2026-06-01T06:00:00Z,,,,,,,,,,0,0,0,0.0,0.0,2026-05,RESEARCH_DEVELOPMENT,LISTING_AFTER_30_DAYS,MATCHED_RANDOM,SKIPPED,NO_MATCHED_RANDOM_BLOCK,0
INTCUSDT-R-1780084800000-s59,INTCUSDT,TRADITIONAL_EQUITY,R,59,INTCUSDT-nyse_20260529T200000Z,W:2026-05-29T20:00:00Z:2026-06-01T06:00:00Z,,,,,,,,,,0,0,0,0.0,0.0,2026-05,RESEARCH_DEVELOPMENT,LISTING_AFTER_30_DAYS,MATCHED_RANDOM,SKIPPED,NO_MATCHED_RANDOM_BLOCK,0
MSTRUSDT-R-1780084800000-s59,MSTRUSDT,CRYPTO_SENSITIVE_EQUITY,R,59,MSTRUSDT-nyse_20260529T200000Z,W:2026-05-29T20:00:00Z:2026-06-01T06:00:00Z,,,,,,,,,,0,0,0,0.0,0.0,2026-05,RESEARCH_DEVELOPMENT,LISTING_AFTER_30_DAYS,MATCHED_RANDOM,SKIPPED,NO_MATCHED_RANDOM_BLOCK,0
PLTRUSDT-R-1780084800000-s59,PLTRUSDT,TRADITIONAL_EQUITY,R,59,PLTRUSDT-nyse_20260529T200000Z,W:2026-05-29T20:00:00Z:2026-06-01T06:00:00Z,,,,,,,,,,0,0,0,0.0,0.0,2026-05,RESEARCH_DEVELOPMENT,LISTING_AFTER_30_DAYS,MATCHED_RANDOM,SKIPPED,NO_MATCHED_RANDOM_BLOCK,0
TSLAUSDT-R-1780084800000-s59,TSLAUSDT,TRADITIONAL_EQUITY,R,59,TSLAUSDT-nyse_20260529T200000Z,W:2026-05-29T20:00:00Z:2026-06-01T06:00:00Z,,,,,,,,,,0,0,0,0.0,0.0,2026-05,RESEARCH_DEVELOPMENT,LISTING_AFTER_30_DAYS,MATCHED_RANDOM,SKIPPED,NO_MATCHED_RANDOM_BLOCK,0
AMZNUSDT-R-1780084800000-s97,AMZNUSDT,TRADITIONAL_EQUITY,R,97,AMZNUSDT-nyse_20260529T200000Z,W:2026-05-29T20:00:00Z:2026-06-01T06:00:00Z,,,,,,,,,,0,0,0,0.0,0.0,2026-05,RESEARCH_DEVELOPMENT,LISTING_AFTER_30_DAYS,MATCHED_RANDOM,SKIPPED,NO_MATCHED_RANDOM_BLOCK,0
COINUSDT-R-1780084800000-s97,COINUSDT,CRYPTO_SENSITIVE_EQUITY,R,97,COINUSDT-nyse_20260529T200000Z,W:2026-05-29T20:00:00Z:2026-06-01T06:00:00Z,,,,,,,,,,0,0,0,0.0,0.0,2026-05,RESEARCH_DEVELOPMENT,LISTING_AFTER_30_DAYS,MATCHED_RANDOM,SKIPPED,NO_MATCHED_RANDOM_BLOCK,0
CRCLUSDT-R-1780084800000-s97,CRCLUSDT,CRYPTO_SENSITIVE_EQUITY,R,97,CRCLUSDT-nyse_20260529T200000Z,W:2026-05-29T20:00:00Z:2026-06-01T06:00:00Z,,,,,,,,,,0,0,0,0.0,0.0,2026-05,RESEARCH_DEVELOPMENT,LISTING_AFTER_30_DAYS,MATCHED_RANDOM,SKIPPED,NO_MATCHED_RANDOM_BLOCK,0
HOODUSDT-R-1780084800000-s97,HOODUSDT,CRYPTO_SENSITIVE_EQUITY,R,97,HOODUSDT-nyse_20260529T200000Z,W:2026-05-29T20:00:00Z:2026-06-01T06:00:00Z,,,,,,,,,,0,0,0,0.0,0.0,2026-05,RESEARCH_DEVELOPMENT,LISTING_AFTER_30_DAYS,MATCHED_RANDOM,SKIPPED,NO_MATCHED_RANDOM_BLOCK,0
INTCUSDT-R-1780084800000-s97,INTCUSDT,TRADITIONAL_EQUITY,R,97,INTCUSDT-nyse_20260529T200000Z,W:2026-05-29T20:00:00Z:2026-06-01T06:00:00Z,,,,,,,,,,0,0,0,0.0,0.0,2026-05,RESEARCH_DEVELOPMENT,LISTING_AFTER_30_DAYS,MATCHED_RANDOM,SKIPPED,NO_MATCHED_RANDOM_BLOCK,0
MSTRUSDT-R-1780084800000-s97,MSTRUSDT,CRYPTO_SENSITIVE_EQUITY,R,97,MSTRUSDT-nyse_20260529T200000Z,W:2026-05-29T20:00:00Z:2026-06-01T06:00:00Z,,,,,,,,,,0,0,0,0.0,0.0,2026-05,RESEARCH_DEVELOPMENT,LISTING_AFTER_30_DAYS,MATCHED_RANDOM,SKIPPED,NO_MATCHED_RANDOM_BLOCK,0
PLTRUSDT-R-1780084800000-s97,PLTRUSDT,TRADITIONAL_EQUITY,R,97,PLTRUSDT-nyse_20260529T200000Z,W:2026-05-29T20:00:00Z:2026-06-01T06:00:00Z,,,,,,,,,,0,0,0,0.0,0.0,2026-05,RESEARCH_DEVELOPMENT,LISTING_AFTER_30_DAYS,MATCHED_RANDOM,SKIPPED,NO_MATCHED_RANDOM_BLOCK,0
TSLAUSDT-R-1780084800000-s97,TSLAUSDT,TRADITIONAL_EQUITY,R,97,TSLAUSDT-nyse_20260529T200000Z,W:2026-05-29T20:00:00Z:2026-06-01T06:00:00Z,,,,,,,,,,0,0,0,0.0,0.0,2026-05,RESEARCH_DEVELOPMENT,LISTING_AFTER_30_DAYS,MATCHED_RANDOM,SKIPPED,NO_MATCHED_RANDOM_BLOCK,0
AMZNUSDT-R-1780689600000-s3,AMZNUSDT,TRADITIONAL_EQUITY,R,3,AMZNUSDT-nyse_20260605T200000Z,W:2026-06-05T20:00:00Z:2026-06-08T06:00:00Z,,,,,,,,,,0,0,0,0.0,0.0,2026-06,RESEARCH_VALIDATION_EXPOSED,LISTING_AFTER_30_DAYS,MATCHED_RANDOM,SKIPPED,NO_MATCHED_RANDOM_BLOCK,0
COINUSDT-R-1780689600000-s3,COINUSDT,CRYPTO_SENSITIVE_EQUITY,R,3,COINUSDT-nyse_20260605T200000Z,W:2026-06-05T20:00:00Z:2026-06-08T06:00:00Z,,,,,,,,,,0,0,0,0.0,0.0,2026-06,RESEARCH_VALIDATION_EXPOSED,LISTING_AFTER_30_DAYS,MATCHED_RANDOM,SKIPPED,NO_MATCHED_RANDOM_BLOCK,0
CRCLUSDT-R-1780689600000-s3,CRCLUSDT,CRYPTO_SENSITIVE_EQUITY,R,3,CRCLUSDT-nyse_20260605T200000Z,W:2026-06-05T20:00:00Z:2026-06-08T06:00:00Z,,,,,,,,,,0,0,0,0.0,0.0,2026-06,RESEARCH_VALIDATION_EXPOSED,LISTING_AFTER_30_DAYS,MATCHED_RANDOM,SKIPPED,NO_MATCHED_RANDOM_BLOCK,0
HOODUSDT-R-1780689600000-s3,HOODUSDT,CRYPTO_SENSITIVE_EQUITY,R,3,HOODUSDT-nyse_20260605T200000Z,W:2026-06-05T20:00:00Z:2026-06-08T06:00:00Z,,,,,,,,,,0,0,0,0.0,0.0,2026-06,RESEARCH_VALIDATION_EXPOSED,LISTING_AFTER_30_DAYS,MATCHED_RANDOM,SKIPPED,NO_MATCHED_RANDOM_BLOCK,0
INTCUSDT-R-1780689600000-s3,INTCUSDT,TRADITIONAL_EQUITY,R,3,INTCUSDT-nyse_20260605T200000Z,W:2026-06-05T20:00:00Z:2026-06-08T06:00:00Z,,,,,,,,,,0,0,0,0.0,0.0,2026-06,RESEARCH_VALIDATION_EXPOSED,LISTING_AFTER_30_DAYS,MATCHED_RANDOM,SKIPPED,NO_MATCHED_RANDOM_BLOCK,0
MSTRUSDT-R-1780689600000-s3,MSTRUSDT,CRYPTO_SENSITIVE_EQUITY,R,3,MSTRUSDT-nyse_20260605T200000Z,W:2026-06-05T20:00:00Z:2026-06-08T06:00:00Z,,,,,,,,,,0,0,0,0.0,0.0,2026-06,RESEARCH_VALIDATION_EXPOSED,LISTING_AFTER_30_DAYS,MATCHED_RANDOM,SKIPPED,NO_MATCHED_RANDOM_BLOCK,0
PLTRUSDT-R-1780689600000-s3,PLTRUSDT,TRADITIONAL_EQUITY,R,3,PLTRUSDT-nyse_20260605T200000Z,W:2026-06-05T20:00:00Z:2026-06-08T06:00:00Z,,,,,,,,,,0,0,0,0.0,0.0,2026-06,RESEARCH_VALIDATION_EXPOSED,LISTING_AFTER_30_DAYS,MATCHED_RANDOM,SKIPPED,NO_MATCHED_RANDOM_BLOCK,0
TSLAUSDT-R-1780689600000-s3,TSLAUSDT,TRADITIONAL_EQUITY,R,3,TSLAUSDT-nyse_20260605T200000Z,W:2026-06-05T20:00:00Z:2026-06-08T06:00:00Z,,,,,,,,,,0,0,0,0.0,0.0,2026-06,RESEARCH_VALIDATION_EXPOSED,LISTING_AFTER_30_DAYS,MATCHED_RANDOM,SKIPPED,NO_MATCHED_RANDOM_BLOCK,0
AMZNUSDT-R-1780689600000-s10,AMZNUSDT,TRADITIONAL_EQUITY,R,10,AMZNUSDT-nyse_20260605T200000Z,W:2026-06-05T20:00:00Z:2026-06-08T06:00:00Z,,,,,,,,,,0,0,0,0.0,0.0,2026-06,RESEARCH_VALIDATION_EXPOSED,LISTING_AFTER_30_DAYS,MATCHED_RANDOM,SKIPPED,NO_MATCHED_RANDOM_BLOCK,0
COINUSDT-R-1780689600000-s10,COINUSDT,CRYPTO_SENSITIVE_EQUITY,R,10,COINUSDT-nyse_20260605T200000Z,W:2026-06-05T20:00:00Z:2026-06-08T06:00:00Z,,,,,,,,,,0,0,0,0.0,0.0,2026-06,RESEARCH_VALIDATION_EXPOSED,LISTING_AFTER_30_DAYS,MATCHED_RANDOM,SKIPPED,NO_MATCHED_RANDOM_BLOCK,0
CRCLUSDT-R-1780689600000-s10,CRCLUSDT,CRYPTO_SENSITIVE_EQUITY,R,10,CRCLUSDT-nyse_20260605T200000Z,W:2026-06-05T20:00:00Z:2026-06-08T06:00:00Z,,,,,,,,,,0,0,0,0.0,0.0,2026-06,RESEARCH_VALIDATION_EXPOSED,LISTING_AFTER_30_DAYS,MATCHED_RANDOM,SKIPPED,NO_MATCHED_RANDOM_BLOCK,0
HOODUSDT-R-1780689600000-s10,HOODUSDT,CRYPTO_SENSITIVE_EQUITY,R,10,HOODUSDT-nyse_20260605T200000Z,W:2026-06-05T20:00:00Z:2026-06-08T06:00:00Z,,,,,,,,,,0,0,0,0.0,0.0,2026-06,RESEARCH_VALIDATION_EXPOSED,LISTING_AFTER_30_DAYS,MATCHED_RANDOM,SKIPPED,NO_MATCHED_RANDOM_BLOCK,0
INTCUSDT-R-1780689600000-s10,INTCUSDT,TRADITIONAL_EQUITY,R,10,INTCUSDT-nyse_20260605T200000Z,W:2026-06-05T20:00:00Z:2026-06-08T06:00:00Z,,,,,,,,,,0,0,0,0.0,0.0,2026-06,RESEARCH_VALIDATION_EXPOSED,LISTING_AFTER_30_DAYS,MATCHED_RANDOM,SKIPPED,NO_MATCHED_RANDOM_BLOCK,0
MSTRUSDT-R-1780689600000-s10,MSTRUSDT,CRYPTO_SENSITIVE_EQUITY,R,10,MSTRUSDT-nyse_20260605T200000Z,W:2026-06-05T20:00:00Z:2026-06-08T06:00:00Z,,,,,,,,,,0,0,0,0.0,0.0,2026-06,RESEARCH_VALIDATION_EXPOSED,LISTING_AFTER_30_DAYS,MATCHED_RANDOM,SKIPPED,NO_MATCHED_RANDOM_BLOCK,0
PLTRUSDT-R-1780689600000-s10,PLTRUSDT,TRADITIONAL_EQUITY,R,10,PLTRUSDT-nyse_20260605T200000Z,W:2026-06-05T20:00:00Z:2026-06-08T06:00:00Z,,,,,,,,,,0,0,0,0.0,0.0,2026-06,RESEARCH_VALIDATION_EXPOSED,LISTING_AFTER_30_DAYS,MATCHED_RANDOM,SKIPPED,NO_MATCHED_RANDOM_BLOCK,0
TSLAUSDT-R-1780689600000-s10,TSLAUSDT,TRADITIONAL_EQUITY,R,10,TSLAUSDT-nyse_20260605T200000Z,W:2026-06-05T20:00:00Z:2026-06-08T06:00:00Z,,,,,,,,,,0,0,0,0.0,0.0,2026-06,RESEARCH_VALIDATION_EXPOSED,LISTING_AFTER_30_DAYS,MATCHED_RANDOM,SKIPPED,NO_MATCHED_RANDOM_BLOCK,0
AMZNUSDT-R-1780689600000-s17,AMZNUSDT,TRADITIONAL_EQUITY,R,17,AMZNUSDT-nyse_20260605T200000Z,W:2026-06-05T20:00:00Z:2026-06-08T06:00:00Z,,,,,,,,,,0,0,0,0.0,0.0,2026-06,RESEARCH_VALIDATION_EXPOSED,LISTING_AFTER_30_DAYS,MATCHED_RANDOM,SKIPPED,NO_MATCHED_RANDOM_BLOCK,0
COINUSDT-R-1780689600000-s17,COINUSDT,CRYPTO_SENSITIVE_EQUITY,R,17,COINUSDT-nyse_20260605T200000Z,W:2026-06-05T20:00:00Z:2026-06-08T06:00:00Z,,,,,,,,,,0,0,0,0.0,0.0,2026-06,RESEARCH_VALIDATION_EXPOSED,LISTING_AFTER_30_DAYS,MATCHED_RANDOM,SKIPPED,NO_MATCHED_RANDOM_BLOCK,0
CRCLUSDT-R-1780689600000-s17,CRCLUSDT,CRYPTO_SENSITIVE_EQUITY,R,17,CRCLUSDT-nyse_20260605T200000Z,W:2026-06-05T20:00:00Z:2026-06-08T06:00:00Z,,,,,,,,,,0,0,0,0.0,0.0,2026-06,RESEARCH_VALIDATION_EXPOSED,LISTING_AFTER_30_DAYS,MATCHED_RANDOM,SKIPPED,NO_MATCHED_RANDOM_BLOCK,0
HOODUSDT-R-1780689600000-s17,HOODUSDT,CRYPTO_SENSITIVE_EQUITY,R,17,HOODUSDT-nyse_20260605T200000Z,W:2026-06-05T20:00:00Z:2026-06-08T06:00:00Z,,,,,,,,,,0,0,0,0.0,0.0,2026-06,RESEARCH_VALIDATION_EXPOSED,LISTING_AFTER_30_DAYS,MATCHED_RANDOM,SKIPPED,NO_MATCHED_RANDOM_BLOCK,0
INTCUSDT-R-1780689600000-s17,INTCUSDT,TRADITIONAL_EQUITY,R,17,INTCUSDT-nyse_20260605T200000Z,W:2026-06-05T20:00:00Z:2026-06-08T06:00:00Z,,,,,,,,,,0,0,0,0.0,0.0,2026-06,RESEARCH_VALIDATION_EXPOSED,LISTING_AFTER_30_DAYS,MATCHED_RANDOM,SKIPPED,NO_MATCHED_RANDOM_BLOCK,0
MSTRUSDT-R-1780689600000-s17,MSTRUSDT,CRYPTO_SENSITIVE_EQUITY,R,17,MSTRUSDT-nyse_20260605T200000Z,W:2026-06-05T20:00:00Z:2026-06-08T06:00:00Z,,,,,,,,,,0,0,0,0.0,0.0,2026-06,RESEARCH_VALIDATION_EXPOSED,LISTING_AFTER_30_DAYS,MATCHED_RANDOM,SKIPPED,NO_MATCHED_RANDOM_BLOCK,0
PLTRUSDT-R-1780689600000-s17,PLTRUSDT,TRADITIONAL_EQUITY,R,17,PLTRUSDT-nyse_20260605T200000Z,W:2026-06-05T20:00:00Z:2026-06-08T06:00:00Z,,,,,,,,,,0,0,0,0.0,0.0,2026-06,RESEARCH_VALIDATION_EXPOSED,LISTING_AFTER_30_DAYS,MATCHED_RANDOM,SKIPPED,NO_MATCHED_RANDOM_BLOCK,0
TSLAUSDT-R-1780689600000-s17,TSLAUSDT,TRADITIONAL_EQUITY,R,17,TSLAUSDT-nyse_20260605T200000Z,W:2026-06-05T20:00:00Z:2026-06-08T06:00:00Z,,,,,,,,,,0,0,0,0.0,0.0,2026-06,RESEARCH_VALIDATION_EXPOSED,LISTING_AFTER_30_DAYS,MATCHED_RANDOM,SKIPPED,NO_MATCHED_RANDOM_BLOCK,0
AMZNUSDT-R-1780689600000-s31,AMZNUSDT,TRADITIONAL_EQUITY,R,31,AMZNUSDT-nyse_20260605T200000Z,W:2026-06-05T20:00:00Z:2026-06-08T06:00:00Z,,,,,,,,,,0,0,0,0.0,0.0,2026-06,RESEARCH_VALIDATION_EXPOSED,LISTING_AFTER_30_DAYS,MATCHED_RANDOM,SKIPPED,NO_MATCHED_RANDOM_BLOCK,0
COINUSDT-R-1780689600000-s31,COINUSDT,CRYPTO_SENSITIVE_EQUITY,R,31,COINUSDT-nyse_20260605T200000Z,W:2026-06-05T20:00:00Z:2026-06-08T06:00:00Z,,,,,,,,,,0,0,0,0.0,0.0,2026-06,RESEARCH_VALIDATION_EXPOSED,LISTING_AFTER_30_DAYS,MATCHED_RANDOM,SKIPPED,NO_MATCHED_RANDOM_BLOCK,0
CRCLUSDT-R-1780689600000-s31,CRCLUSDT,CRYPTO_SENSITIVE_EQUITY,R,31,CRCLUSDT-nyse_20260605T200000Z,W:2026-06-05T20:00:00Z:2026-06-08T06:00:00Z,,,,,,,,,,0,0,0,0.0,0.0,2026-06,RESEARCH_VALIDATION_EXPOSED,LISTING_AFTER_30_DAYS,MATCHED_RANDOM,SKIPPED,NO_MATCHED_RANDOM_BLOCK,0
HOODUSDT-R-1780689600000-s31,HOODUSDT,CRYPTO_SENSITIVE_EQUITY,R,31,HOODUSDT-nyse_20260605T200000Z,W:2026-06-05T20:00:00Z:2026-06-08T06:00:00Z,,,,,,,,,,0,0,0,0.0,0.0,2026-06,RESEARCH_VALIDATION_EXPOSED,LISTING_AFTER_30_DAYS,MATCHED_RANDOM,SKIPPED,NO_MATCHED_RANDOM_BLOCK,0
INTCUSDT-R-1780689600000-s31,INTCUSDT,TRADITIONAL_EQUITY,R,31,INTCUSDT-nyse_20260605T200000Z,W:2026-06-05T20:00:00Z:2026-06-08T06:00:00Z,,,,,,,,,,0,0,0,0.0,0.0,2026-06,RESEARCH_VALIDATION_EXPOSED,LISTING_AFTER_30_DAYS,MATCHED_RANDOM,SKIPPED,NO_MATCHED_RANDOM_BLOCK,0
MSTRUSDT-R-1780689600000-s31,MSTRUSDT,CRYPTO_SENSITIVE_EQUITY,R,31,MSTRUSDT-nyse_20260605T200000Z,W:2026-06-05T20:00:00Z:2026-06-08T06:00:00Z,,,,,,,,,,0,0,0,0.0,0.0,2026-06,RESEARCH_VALIDATION_EXPOSED,LISTING_AFTER_30_DAYS,MATCHED_RANDOM,SKIPPED,NO_MATCHED_RANDOM_BLOCK,0
PLTRUSDT-R-1780689600000-s31,PLTRUSDT,TRADITIONAL_EQUITY,R,31,PLTRUSDT-nyse_20260605T200000Z,W:2026-06-05T20:00:00Z:2026-06-08T06:00:00Z,,,,,,,,,,0,0,0,0.0,0.0,2026-06,RESEARCH_VALIDATION_EXPOSED,LISTING_AFTER_30_DAYS,MATCHED_RANDOM,SKIPPED,NO_MATCHED_RANDOM_BLOCK,0
TSLAUSDT-R-1780689600000-s31,TSLAUSDT,TRADITIONAL_EQUITY,R,31,TSLAUSDT-nyse_20260605T200000Z,W:2026-06-05T20:00:00Z:2026-06-08T06:00:00Z,,,,,,,,,,0,0,0,0.0,0.0,2026-06,RESEARCH_VALIDATION_EXPOSED,LISTING_AFTER_30_DAYS,MATCHED_RANDOM,SKIPPED,NO_MATCHED_RANDOM_BLOCK,0
AMZNUSDT-R-1780689600000-s59,AMZNUSDT,TRADITIONAL_EQUITY,R,59,AMZNUSDT-nyse_20260605T200000Z,W:2026-06-05T20:00:00Z:2026-06-08T06:00:00Z,,,,,,,,,,0,0,0,0.0,0.0,2026-06,RESEARCH_VALIDATION_EXPOSED,LISTING_AFTER_30_DAYS,MATCHED_RANDOM,SKIPPED,NO_MATCHED_RANDOM_BLOCK,0
COINUSDT-R-1780689600000-s59,COINUSDT,CRYPTO_SENSITIVE_EQUITY,R,59,COINUSDT-nyse_20260605T200000Z,W:2026-06-05T20:00:00Z:2026-06-08T06:00:00Z,,,,,,,,,,0,0,0,0.0,0.0,2026-06,RESEARCH_VALIDATION_EXPOSED,LISTING_AFTER_30_DAYS,MATCHED_RANDOM,SKIPPED,NO_MATCHED_RANDOM_BLOCK,0
CRCLUSDT-R-1780689600000-s59,CRCLUSDT,CRYPTO_SENSITIVE_EQUITY,R,59,CRCLUSDT-nyse_20260605T200000Z,W:2026-06-05T20:00:00Z:2026-06-08T06:00:00Z,,,,,,,,,,0,0,0,0.0,0.0,2026-06,RESEARCH_VALIDATION_EXPOSED,LISTING_AFTER_30_DAYS,MATCHED_RANDOM,SKIPPED,NO_MATCHED_RANDOM_BLOCK,0
HOODUSDT-R-1780689600000-s59,HOODUSDT,CRYPTO_SENSITIVE_EQUITY,R,59,HOODUSDT-nyse_20260605T200000Z,W:2026-06-05T20:00:00Z:2026-06-08T06:00:00Z,,,,,,,,,,0,0,0,0.0,0.0,2026-06,RESEARCH_VALIDATION_EXPOSED,LISTING_AFTER_30_DAYS,MATCHED_RANDOM,SKIPPED,NO_MATCHED_RANDOM_BLOCK,0
INTCUSDT-R-1780689600000-s59,INTCUSDT,TRADITIONAL_EQUITY,R,59,INTCUSDT-nyse_20260605T200000Z,W:2026-06-05T20:00:00Z:2026-06-08T06:00:00Z,,,,,,,,,,0,0,0,0.0,0.0,2026-06,RESEARCH_VALIDATION_EXPOSED,LISTING_AFTER_30_DAYS,MATCHED_RANDOM,SKIPPED,NO_MATCHED_RANDOM_BLOCK,0
MSTRUSDT-R-1780689600000-s59,MSTRUSDT,CRYPTO_SENSITIVE_EQUITY,R,59,MSTRUSDT-nyse_20260605T200000Z,W:2026-06-05T20:00:00Z:2026-06-08T06:00:00Z,,,,,,,,,,0,0,0,0.0,0.0,2026-06,RESEARCH_VALIDATION_EXPOSED,LISTING_AFTER_30_DAYS,MATCHED_RANDOM,SKIPPED,NO_MATCHED_RANDOM_BLOCK,0
PLTRUSDT-R-1780689600000-s59,PLTRUSDT,TRADITIONAL_EQUITY,R,59,PLTRUSDT-nyse_20260605T200000Z,W:2026-06-05T20:00:00Z:2026-06-08T06:00:00Z,,,,,,,,,,0,0,0,0.0,0.0,2026-06,RESEARCH_VALIDATION_EXPOSED,LISTING_AFTER_30_DAYS,MATCHED_RANDOM,SKIPPED,NO_MATCHED_RANDOM_BLOCK,0
TSLAUSDT-R-1780689600000-s59,TSLAUSDT,TRADITIONAL_EQUITY,R,59,TSLAUSDT-nyse_20260605T200000Z,W:2026-06-05T20:00:00Z:2026-06-08T06:00:00Z,,,,,,,,,,0,0,0,0.0,0.0,2026-06,RESEARCH_VALIDATION_EXPOSED,LISTING_AFTER_30_DAYS,MATCHED_RANDOM,SKIPPED,NO_MATCHED_RANDOM_BLOCK,0
AMZNUSDT-R-1780689600000-s97,AMZNUSDT,TRADITIONAL_EQUITY,R,97,AMZNUSDT-nyse_20260605T200000Z,W:2026-06-05T20:00:00Z:2026-06-08T06:00:00Z,,,,,,,,,,0,0,0,0.0,0.0,2026-06,RESEARCH_VALIDATION_EXPOSED,LISTING_AFTER_30_DAYS,MATCHED_RANDOM,SKIPPED,NO_MATCHED_RANDOM_BLOCK,0
COINUSDT-R-1780689600000-s97,COINUSDT,CRYPTO_SENSITIVE_EQUITY,R,97,COINUSDT-nyse_20260605T200000Z,W:2026-06-05T20:00:00Z:2026-06-08T06:00:00Z,,,,,,,,,,0,0,0,0.0,0.0,2026-06,RESEARCH_VALIDATION_EXPOSED,LISTING_AFTER_30_DAYS,MATCHED_RANDOM,SKIPPED,NO_MATCHED_RANDOM_BLOCK,0
CRCLUSDT-R-1780689600000-s97,CRCLUSDT,CRYPTO_SENSITIVE_EQUITY,R,97,CRCLUSDT-nyse_20260605T200000Z,W:2026-06-05T20:00:00Z:2026-06-08T06:00:00Z,,,,,,,,,,0,0,0,0.0,0.0,2026-06,RESEARCH_VALIDATION_EXPOSED,LISTING_AFTER_30_DAYS,MATCHED_RANDOM,SKIPPED,NO_MATCHED_RANDOM_BLOCK,0
HOODUSDT-R-1780689600000-s97,HOODUSDT,CRYPTO_SENSITIVE_EQUITY,R,97,HOODUSDT-nyse_20260605T200000Z,W:2026-06-05T20:00:00Z:2026-06-08T06:00:00Z,,,,,,,,,,0,0,0,0.0,0.0,2026-06,RESEARCH_VALIDATION_EXPOSED,LISTING_AFTER_30_DAYS,MATCHED_RANDOM,SKIPPED,NO_MATCHED_RANDOM_BLOCK,0
INTCUSDT-R-1780689600000-s97,INTCUSDT,TRADITIONAL_EQUITY,R,97,INTCUSDT-nyse_20260605T200000Z,W:2026-06-05T20:00:00Z:2026-06-08T06:00:00Z,,,,,,,,,,0,0,0,0.0,0.0,2026-06,RESEARCH_VALIDATION_EXPOSED,LISTING_AFTER_30_DAYS,MATCHED_RANDOM,SKIPPED,NO_MATCHED_RANDOM_BLOCK,0
MSTRUSDT-R-1780689600000-s97,MSTRUSDT,CRYPTO_SENSITIVE_EQUITY,R,97,MSTRUSDT-nyse_20260605T200000Z,W:2026-06-05T20:00:00Z:2026-06-08T06:00:00Z,,,,,,,,,,0,0,0,0.0,0.0,2026-06,RESEARCH_VALIDATION_EXPOSED,LISTING_AFTER_30_DAYS,MATCHED_RANDOM,SKIPPED,NO_MATCHED_RANDOM_BLOCK,0
PLTRUSDT-R-1780689600000-s97,PLTRUSDT,TRADITIONAL_EQUITY,R,97,PLTRUSDT-nyse_20260605T200000Z,W:2026-06-05T20:00:00Z:2026-06-08T06:00:00Z,,,,,,,,,,0,0,0,0.0,0.0,2026-06,RESEARCH_VALIDATION_EXPOSED,LISTING_AFTER_30_DAYS,MATCHED_RANDOM,SKIPPED,NO_MATCHED_RANDOM_BLOCK,0
TSLAUSDT-R-1780689600000-s97,TSLAUSDT,TRADITIONAL_EQUITY,R,97,TSLAUSDT-nyse_20260605T200000Z,W:2026-06-05T20:00:00Z:2026-06-08T06:00:00Z,,,,,,,,,,0,0,0,0.0,0.0,2026-06,RESEARCH_VALIDATION_EXPOSED,LISTING_AFTER_30_DAYS,MATCHED_RANDOM,SKIPPED,NO_MATCHED_RANDOM_BLOCK,0
AMZNUSDT-R-1781294400000-s3,AMZNUSDT,TRADITIONAL_EQUITY,R,3,AMZNUSDT-nyse_20260612T200000Z,W:2026-06-12T20:00:00Z:2026-06-15T06:00:00Z,,,,,,,,,,0,0,0,0.0,0.0,2026-06,RESEARCH_VALIDATION_EXPOSED,LISTING_AFTER_30_DAYS,MATCHED_RANDOM,SKIPPED,NO_MATCHED_RANDOM_BLOCK,0
COINUSDT-R-1781294400000-s3,COINUSDT,CRYPTO_SENSITIVE_EQUITY,R,3,COINUSDT-nyse_20260612T200000Z,W:2026-06-12T20:00:00Z:2026-06-15T06:00:00Z,,,,,,,,,,0,0,0,0.0,0.0,2026-06,RESEARCH_VALIDATION_EXPOSED,LISTING_AFTER_30_DAYS,MATCHED_RANDOM,SKIPPED,NO_MATCHED_RANDOM_BLOCK,0
CRCLUSDT-R-1781294400000-s3,CRCLUSDT,CRYPTO_SENSITIVE_EQUITY,R,3,CRCLUSDT-nyse_20260612T200000Z,W:2026-06-12T20:00:00Z:2026-06-15T06:00:00Z,,,,,,,,,,0,0,0,0.0,0.0,2026-06,RESEARCH_VALIDATION_EXPOSED,LISTING_AFTER_30_DAYS,MATCHED_RANDOM,SKIPPED,NO_MATCHED_RANDOM_BLOCK,0
HOODUSDT-R-1781294400000-s3,HOODUSDT,CRYPTO_SENSITIVE_EQUITY,R,3,HOODUSDT-nyse_20260612T200000Z,W:2026-06-12T20:00:00Z:2026-06-15T06:00:00Z,,,,,,,,,,0,0,0,0.0,0.0,2026-06,RESEARCH_VALIDATION_EXPOSED,LISTING_AFTER_30_DAYS,MATCHED_RANDOM,SKIPPED,NO_MATCHED_RANDOM_BLOCK,0
INTCUSDT-R-1781294400000-s3,INTCUSDT,TRADITIONAL_EQUITY,R,3,INTCUSDT-nyse_20260612T200000Z,W:2026-06-12T20:00:00Z:2026-06-15T06:00:00Z,,,,,,,,,,0,0,0,0.0,0.0,2026-06,RESEARCH_VALIDATION_EXPOSED,LISTING_AFTER_30_DAYS,MATCHED_RANDOM,SKIPPED,NO_MATCHED_RANDOM_BLOCK,0
MSTRUSDT-R-1781294400000-s3,MSTRUSDT,CRYPTO_SENSITIVE_EQUITY,R,3,MSTRUSDT-nyse_20260612T200000Z,W:2026-06-12T20:00:00Z:2026-06-15T06:00:00Z,,,,,,,,,,0,0,0,0.0,0.0,2026-06,RESEARCH_VALIDATION_EXPOSED,LISTING_AFTER_30_DAYS,MATCHED_RANDOM,SKIPPED,NO_MATCHED_RANDOM_BLOCK,0
PLTRUSDT-R-1781294400000-s3,PLTRUSDT,TRADITIONAL_EQUITY,R,3,PLTRUSDT-nyse_20260612T200000Z,W:2026-06-12T20:00:00Z:2026-06-15T06:00:00Z,,,,,,,,,,0,0,0,0.0,0.0,2026-06,RESEARCH_VALIDATION_EXPOSED,LISTING_AFTER_30_DAYS,MATCHED_RANDOM,SKIPPED,NO_MATCHED_RANDOM_BLOCK,0
TSLAUSDT-R-1781294400000-s3,TSLAUSDT,TRADITIONAL_EQUITY,R,3,TSLAUSDT-nyse_20260612T200000Z,W:2026-06-12T20:00:00Z:2026-06-15T06:00:00Z,,,,,,,,,,0,0,0,0.0,0.0,2026-06,RESEARCH_VALIDATION_EXPOSED,LISTING_AFTER_30_DAYS,MATCHED_RANDOM,SKIPPED,NO_MATCHED_RANDOM_BLOCK,0
AMZNUSDT-R-1781294400000-s10,AMZNUSDT,TRADITIONAL_EQUITY,R,10,AMZNUSDT-nyse_20260612T200000Z,W:2026-06-12T20:00:00Z:2026-06-15T06:00:00Z,,,,,,,,,,0,0,0,0.0,0.0,2026-06,RESEARCH_VALIDATION_EXPOSED,LISTING_AFTER_30_DAYS,MATCHED_RANDOM,SKIPPED,NO_MATCHED_RANDOM_BLOCK,0
COINUSDT-R-1781294400000-s10,COINUSDT,CRYPTO_SENSITIVE_EQUITY,R,10,COINUSDT-nyse_20260612T200000Z,W:2026-06-12T20:00:00Z:2026-06-15T06:00:00Z,,,,,,,,,,0,0,0,0.0,0.0,2026-06,RESEARCH_VALIDATION_EXPOSED,LISTING_AFTER_30_DAYS,MATCHED_RANDOM,SKIPPED,NO_MATCHED_RANDOM_BLOCK,0
CRCLUSDT-R-1781294400000-s10,CRCLUSDT,CRYPTO_SENSITIVE_EQUITY,R,10,CRCLUSDT-nyse_20260612T200000Z,W:2026-06-12T20:00:00Z:2026-06-15T06:00:00Z,,,,,,,,,,0,0,0,0.0,0.0,2026-06,RESEARCH_VALIDATION_EXPOSED,LISTING_AFTER_30_DAYS,MATCHED_RANDOM,SKIPPED,NO_MATCHED_RANDOM_BLOCK,0
HOODUSDT-R-1781294400000-s10,HOODUSDT,CRYPTO_SENSITIVE_EQUITY,R,10,HOODUSDT-nyse_20260612T200000Z,W:2026-06-12T20:00:00Z:2026-06-15T06:00:00Z,,,,,,,,,,0,0,0,0.0,0.0,2026-06,RESEARCH_VALIDATION_EXPOSED,LISTING_AFTER_30_DAYS,MATCHED_RANDOM,SKIPPED,NO_MATCHED_RANDOM_BLOCK,0
INTCUSDT-R-1781294400000-s10,INTCUSDT,TRADITIONAL_EQUITY,R,10,INTCUSDT-nyse_20260612T200000Z,W:2026-06-12T20:00:00Z:2026-06-15T06:00:00Z,,,,,,,,,,0,0,0,0.0,0.0,2026-06,RESEARCH_VALIDATION_EXPOSED,LISTING_AFTER_30_DAYS,MATCHED_RANDOM,SKIPPED,NO_MATCHED_RANDOM_BLOCK,0
MSTRUSDT-R-1781294400000-s10,MSTRUSDT,CRYPTO_SENSITIVE_EQUITY,R,10,MSTRUSDT-nyse_20260612T200000Z,W:2026-06-12T20:00:00Z:2026-06-15T06:00:00Z,,,,,,,,,,0,0,0,0.0,0.0,2026-06,RESEARCH_VALIDATION_EXPOSED,LISTING_AFTER_30_DAYS,MATCHED_RANDOM,SKIPPED,NO_MATCHED_RANDOM_BLOCK,0
PLTRUSDT-R-1781294400000-s10,PLTRUSDT,TRADITIONAL_EQUITY,R,10,PLTRUSDT-nyse_20260612T200000Z,W:2026-06-12T20:00:00Z:2026-06-15T06:00:00Z,,,,,,,,,,0,0,0,0.0,0.0,2026-06,RESEARCH_VALIDATION_EXPOSED,LISTING_AFTER_30_DAYS,MATCHED_RANDOM,SKIPPED,NO_MATCHED_RANDOM_BLOCK,0
TSLAUSDT-R-1781294400000-s10,TSLAUSDT,TRADITIONAL_EQUITY,R,10,TSLAUSDT-nyse_20260612T200000Z,W:2026-06-12T20:00:00Z:2026-06-15T06:00:00Z,,,,,,,,,,0,0,0,0.0,0.0,2026-06,RESEARCH_VALIDATION_EXPOSED,LISTING_AFTER_30_DAYS,MATCHED_RANDOM,SKIPPED,NO_MATCHED_RANDOM_BLOCK,0
AMZNUSDT-R-1781294400000-s17,AMZNUSDT,TRADITIONAL_EQUITY,R,17,AMZNUSDT-nyse_20260612T200000Z,W:2026-06-12T20:00:00Z:2026-06-15T06:00:00Z,,,,,,,,,,0,0,0,0.0,0.0,2026-06,RESEARCH_VALIDATION_EXPOSED,LISTING_AFTER_30_DAYS,MATCHED_RANDOM,SKIPPED,NO_MATCHED_RANDOM_BLOCK,0
COINUSDT-R-1781294400000-s17,COINUSDT,CRYPTO_SENSITIVE_EQUITY,R,17,COINUSDT-nyse_20260612T200000Z,W:2026-06-12T20:00:00Z:2026-06-15T06:00:00Z,,,,,,,,,,0,0,0,0.0,0.0,2026-06,RESEARCH_VALIDATION_EXPOSED,LISTING_AFTER_30_DAYS,MATCHED_RANDOM,SKIPPED,NO_MATCHED_RANDOM_BLOCK,0
CRCLUSDT-R-1781294400000-s17,CRCLUSDT,CRYPTO_SENSITIVE_EQUITY,R,17,CRCLUSDT-nyse_20260612T200000Z,W:2026-06-12T20:00:00Z:2026-06-15T06:00:00Z,,,,,,,,,,0,0,0,0.0,0.0,2026-06,RESEARCH_VALIDATION_EXPOSED,LISTING_AFTER_30_DAYS,MATCHED_RANDOM,SKIPPED,NO_MATCHED_RANDOM_BLOCK,0
HOODUSDT-R-1781294400000-s17,HOODUSDT,CRYPTO_SENSITIVE_EQUITY,R,17,HOODUSDT-nyse_20260612T200000Z,W:2026-06-12T20:00:00Z:2026-06-15T06:00:00Z,,,,,,,,,,0,0,0,0.0,0.0,2026-06,RESEARCH_VALIDATION_EXPOSED,LISTING_AFTER_30_DAYS,MATCHED_RANDOM,SKIPPED,NO_MATCHED_RANDOM_BLOCK,0
INTCUSDT-R-1781294400000-s17,INTCUSDT,TRADITIONAL_EQUITY,R,17,INTCUSDT-nyse_20260612T200000Z,W:2026-06-12T20:00:00Z:2026-06-15T06:00:00Z,,,,,,,,,,0,0,0,0.0,0.0,2026-06,RESEARCH_VALIDATION_EXPOSED,LISTING_AFTER_30_DAYS,MATCHED_RANDOM,SKIPPED,NO_MATCHED_RANDOM_BLOCK,0
MSTRUSDT-R-1781294400000-s17,MSTRUSDT,CRYPTO_SENSITIVE_EQUITY,R,17,MSTRUSDT-nyse_20260612T200000Z,W:2026-06-12T20:00:00Z:2026-06-15T06:00:00Z,,,,,,,,,,0,0,0,0.0,0.0,2026-06,RESEARCH_VALIDATION_EXPOSED,LISTING_AFTER_30_DAYS,MATCHED_RANDOM,SKIPPED,NO_MATCHED_RANDOM_BLOCK,0
PLTRUSDT-R-1781294400000-s17,PLTRUSDT,TRADITIONAL_EQUITY,R,17,PLTRUSDT-nyse_20260612T200000Z,W:2026-06-12T20:00:00Z:2026-06-15T06:00:00Z,,,,,,,,,,0,0,0,0.0,0.0,2026-06,RESEARCH_VALIDATION_EXPOSED,LISTING_AFTER_30_DAYS,MATCHED_RANDOM,SKIPPED,NO_MATCHED_RANDOM_BLOCK,0
TSLAUSDT-R-1781294400000-s17,TSLAUSDT,TRADITIONAL_EQUITY,R,17,TSLAUSDT-nyse_20260612T200000Z,W:2026-06-12T20:00:00Z:2026-06-15T06:00:00Z,,,,,,,,,,0,0,0,0.0,0.0,2026-06,RESEARCH_VALIDATION_EXPOSED,LISTING_AFTER_30_DAYS,MATCHED_RANDOM,SKIPPED,NO_MATCHED_RANDOM_BLOCK,0
AMZNUSDT-R-1781294400000-s31,AMZNUSDT,TRADITIONAL_EQUITY,R,31,AMZNUSDT-nyse_20260612T200000Z,W:2026-06-12T20:00:00Z:2026-06-15T06:00:00Z,,,,,,,,,,0,0,0,0.0,0.0,2026-06,RESEARCH_VALIDATION_EXPOSED,LISTING_AFTER_30_DAYS,MATCHED_RANDOM,SKIPPED,NO_MATCHED_RANDOM_BLOCK,0
COINUSDT-R-1781294400000-s31,COINUSDT,CRYPTO_SENSITIVE_EQUITY,R,31,COINUSDT-nyse_20260612T200000Z,W:2026-06-12T20:00:00Z:2026-06-15T06:00:00Z,,,,,,,,,,0,0,0,0.0,0.0,2026-06,RESEARCH_VALIDATION_EXPOSED,LISTING_AFTER_30_DAYS,MATCHED_RANDOM,SKIPPED,NO_MATCHED_RANDOM_BLOCK,0
CRCLUSDT-R-1781294400000-s31,CRCLUSDT,CRYPTO_SENSITIVE_EQUITY,R,31,CRCLUSDT-nyse_20260612T200000Z,W:2026-06-12T20:00:00Z:2026-06-15T06:00:00Z,,,,,,,,,,0,0,0,0.0,0.0,2026-06,RESEARCH_VALIDATION_EXPOSED,LISTING_AFTER_30_DAYS,MATCHED_RANDOM,SKIPPED,NO_MATCHED_RANDOM_BLOCK,0
HOODUSDT-R-1781294400000-s31,HOODUSDT,CRYPTO_SENSITIVE_EQUITY,R,31,HOODUSDT-nyse_20260612T200000Z,W:2026-06-12T20:00:00Z:2026-06-15T06:00:00Z,,,,,,,,,,0,0,0,0.0,0.0,2026-06,RESEARCH_VALIDATION_EXPOSED,LISTING_AFTER_30_DAYS,MATCHED_RANDOM,SKIPPED,NO_MATCHED_RANDOM_BLOCK,0
INTCUSDT-R-1781294400000-s31,INTCUSDT,TRADITIONAL_EQUITY,R,31,INTCUSDT-nyse_20260612T200000Z,W:2026-06-12T20:00:00Z:2026-06-15T06:00:00Z,,,,,,,,,,0,0,0,0.0,0.0,2026-06,RESEARCH_VALIDATION_EXPOSED,LISTING_AFTER_30_DAYS,MATCHED_RANDOM,SKIPPED,NO_MATCHED_RANDOM_BLOCK,0
MSTRUSDT-R-1781294400000-s31,MSTRUSDT,CRYPTO_SENSITIVE_EQUITY,R,31,MSTRUSDT-nyse_20260612T200000Z,W:2026-06-12T20:00:00Z:2026-06-15T06:00:00Z,,,,,,,,,,0,0,0,0.0,0.0,2026-06,RESEARCH_VALIDATION_EXPOSED,LISTING_AFTER_30_DAYS,MATCHED_RANDOM,SKIPPED,NO_MATCHED_RANDOM_BLOCK,0
PLTRUSDT-R-1781294400000-s31,PLTRUSDT,TRADITIONAL_EQUITY,R,31,PLTRUSDT-nyse_20260612T200000Z,W:2026-06-12T20:00:00Z:2026-06-15T06:00:00Z,,,,,,,,,,0,0,0,0.0,0.0,2026-06,RESEARCH_VALIDATION_EXPOSED,LISTING_AFTER_30_DAYS,MATCHED_RANDOM,SKIPPED,NO_MATCHED_RANDOM_BLOCK,0
TSLAUSDT-R-1781294400000-s31,TSLAUSDT,TRADITIONAL_EQUITY,R,31,TSLAUSDT-nyse_20260612T200000Z,W:2026-06-12T20:00:00Z:2026-06-15T06:00:00Z,,,,,,,,,,0,0,0,0.0,0.0,2026-06,RESEARCH_VALIDATION_EXPOSED,LISTING_AFTER_30_DAYS,MATCHED_RANDOM,SKIPPED,NO_MATCHED_RANDOM_BLOCK,0
AMZNUSDT-R-1781294400000-s59,AMZNUSDT,TRADITIONAL_EQUITY,R,59,AMZNUSDT-nyse_20260612T200000Z,W:2026-06-12T20:00:00Z:2026-06-15T06:00:00Z,,,,,,,,,,0,0,0,0.0,0.0,2026-06,RESEARCH_VALIDATION_EXPOSED,LISTING_AFTER_30_DAYS,MATCHED_RANDOM,SKIPPED,NO_MATCHED_RANDOM_BLOCK,0
COINUSDT-R-1781294400000-s59,COINUSDT,CRYPTO_SENSITIVE_EQUITY,R,59,COINUSDT-nyse_20260612T200000Z,W:2026-06-12T20:00:00Z:2026-06-15T06:00:00Z,,,,,,,,,,0,0,0,0.0,0.0,2026-06,RESEARCH_VALIDATION_EXPOSED,LISTING_AFTER_30_DAYS,MATCHED_RANDOM,SKIPPED,NO_MATCHED_RANDOM_BLOCK,0
CRCLUSDT-R-1781294400000-s59,CRCLUSDT,CRYPTO_SENSITIVE_EQUITY,R,59,CRCLUSDT-nyse_20260612T200000Z,W:2026-06-12T20:00:00Z:2026-06-15T06:00:00Z,,,,,,,,,,0,0,0,0.0,0.0,2026-06,RESEARCH_VALIDATION_EXPOSED,LISTING_AFTER_30_DAYS,MATCHED_RANDOM,SKIPPED,NO_MATCHED_RANDOM_BLOCK,0
HOODUSDT-R-1781294400000-s59,HOODUSDT,CRYPTO_SENSITIVE_EQUITY,R,59,HOODUSDT-nyse_20260612T200000Z,W:2026-06-12T20:00:00Z:2026-06-15T06:00:00Z,,,,,,,,,,0,0,0,0.0,0.0,2026-06,RESEARCH_VALIDATION_EXPOSED,LISTING_AFTER_30_DAYS,MATCHED_RANDOM,SKIPPED,NO_MATCHED_RANDOM_BLOCK,0
INTCUSDT-R-1781294400000-s59,INTCUSDT,TRADITIONAL_EQUITY,R,59,INTCUSDT-nyse_20260612T200000Z,W:2026-06-12T20:00:00Z:2026-06-15T06:00:00Z,,,,,,,,,,0,0,0,0.0,0.0,2026-06,RESEARCH_VALIDATION_EXPOSED,LISTING_AFTER_30_DAYS,MATCHED_RANDOM,SKIPPED,NO_MATCHED_RANDOM_BLOCK,0
MSTRUSDT-R-1781294400000-s59,MSTRUSDT,CRYPTO_SENSITIVE_EQUITY,R,59,MSTRUSDT-nyse_20260612T200000Z,W:2026-06-12T20:00:00Z:2026-06-15T06:00:00Z,,,,,,,,,,0,0,0,0.0,0.0,2026-06,RESEARCH_VALIDATION_EXPOSED,LISTING_AFTER_30_DAYS,MATCHED_RANDOM,SKIPPED,NO_MATCHED_RANDOM_BLOCK,0
PLTRUSDT-R-1781294400000-s59,PLTRUSDT,TRADITIONAL_EQUITY,R,59,PLTRUSDT-nyse_20260612T200000Z,W:2026-06-12T20:00:00Z:2026-06-15T06:00:00Z,,,,,,,,,,0,0,0,0.0,0.0,2026-06,RESEARCH_VALIDATION_EXPOSED,LISTING_AFTER_30_DAYS,MATCHED_RANDOM,SKIPPED,NO_MATCHED_RANDOM_BLOCK,0
TSLAUSDT-R-1781294400000-s59,TSLAUSDT,TRADITIONAL_EQUITY,R,59,TSLAUSDT-nyse_20260612T200000Z,W:2026-06-12T20:00:00Z:2026-06-15T06:00:00Z,,,,,,,,,,0,0,0,0.0,0.0,2026-06,RESEARCH_VALIDATION_EXPOSED,LISTING_AFTER_30_DAYS,MATCHED_RANDOM,SKIPPED,NO_MATCHED_RANDOM_BLOCK,0
AMZNUSDT-R-1781294400000-s97,AMZNUSDT,TRADITIONAL_EQUITY,R,97,AMZNUSDT-nyse_20260612T200000Z,W:2026-06-12T20:00:00Z:2026-06-15T06:00:00Z,,,,,,,,,,0,0,0,0.0,0.0,2026-06,RESEARCH_VALIDATION_EXPOSED,LISTING_AFTER_30_DAYS,MATCHED_RANDOM,SKIPPED,NO_MATCHED_RANDOM_BLOCK,0
COINUSDT-R-1781294400000-s97,COINUSDT,CRYPTO_SENSITIVE_EQUITY,R,97,COINUSDT-nyse_20260612T200000Z,W:2026-06-12T20:00:00Z:2026-06-15T06:00:00Z,,,,,,,,,,0,0,0,0.0,0.0,2026-06,RESEARCH_VALIDATION_EXPOSED,LISTING_AFTER_30_DAYS,MATCHED_RANDOM,SKIPPED,NO_MATCHED_RANDOM_BLOCK,0
CRCLUSDT-R-1781294400000-s97,CRCLUSDT,CRYPTO_SENSITIVE_EQUITY,R,97,CRCLUSDT-nyse_20260612T200000Z,W:2026-06-12T20:00:00Z:2026-06-15T06:00:00Z,,,,,,,,,,0,0,0,0.0,0.0,2026-06,RESEARCH_VALIDATION_EXPOSED,LISTING_AFTER_30_DAYS,MATCHED_RANDOM,SKIPPED,NO_MATCHED_RANDOM_BLOCK,0
HOODUSDT-R-1781294400000-s97,HOODUSDT,CRYPTO_SENSITIVE_EQUITY,R,97,HOODUSDT-nyse_20260612T200000Z,W:2026-06-12T20:00:00Z:2026-06-15T06:00:00Z,,,,,,,,,,0,0,0,0.0,0.0,2026-06,RESEARCH_VALIDATION_EXPOSED,LISTING_AFTER_30_DAYS,MATCHED_RANDOM,SKIPPED,NO_MATCHED_RANDOM_BLOCK,0
INTCUSDT-R-1781294400000-s97,INTCUSDT,TRADITIONAL_EQUITY,R,97,INTCUSDT-nyse_20260612T200000Z,W:2026-06-12T20:00:00Z:2026-06-15T06:00:00Z,,,,,,,,,,0,0,0,0.0,0.0,2026-06,RESEARCH_VALIDATION_EXPOSED,LISTING_AFTER_30_DAYS,MATCHED_RANDOM,SKIPPED,NO_MATCHED_RANDOM_BLOCK,0
MSTRUSDT-R-1781294400000-s97,MSTRUSDT,CRYPTO_SENSITIVE_EQUITY,R,97,MSTRUSDT-nyse_20260612T200000Z,W:2026-06-12T20:00:00Z:2026-06-15T06:00:00Z,,,,,,,,,,0,0,0,0.0,0.0,2026-06,RESEARCH_VALIDATION_EXPOSED,LISTING_AFTER_30_DAYS,MATCHED_RANDOM,SKIPPED,NO_MATCHED_RANDOM_BLOCK,0
PLTRUSDT-R-1781294400000-s97,PLTRUSDT,TRADITIONAL_EQUITY,R,97,PLTRUSDT-nyse_20260612T200000Z,W:2026-06-12T20:00:00Z:2026-06-15T06:00:00Z,,,,,,,,,,0,0,0,0.0,0.0,2026-06,RESEARCH_VALIDATION_EXPOSED,LISTING_AFTER_30_DAYS,MATCHED_RANDOM,SKIPPED,NO_MATCHED_RANDOM_BLOCK,0
TSLAUSDT-R-1781294400000-s97,TSLAUSDT,TRADITIONAL_EQUITY,R,97,TSLAUSDT-nyse_20260612T200000Z,W:2026-06-12T20:00:00Z:2026-06-15T06:00:00Z,,,,,,,,,,0,0,0,0.0,0.0,2026-06,RESEARCH_VALIDATION_EXPOSED,LISTING_AFTER_30_DAYS,MATCHED_RANDOM,SKIPPED,NO_MATCHED_RANDOM_BLOCK,0
AMZNUSDT-R-1781812800000-s3,AMZNUSDT,TRADITIONAL_EQUITY,R,3,AMZNUSDT-nyse_20260618T200000Z,W:2026-06-18T20:00:00Z:2026-06-22T06:00:00Z,,,,,,,,,,0,0,0,0.0,0.0,2026-06,RESEARCH_VALIDATION_EXPOSED,LISTING_AFTER_30_DAYS,MATCHED_RANDOM,SKIPPED,NO_MATCHED_RANDOM_BLOCK,0
COINUSDT-R-1781812800000-s3,COINUSDT,CRYPTO_SENSITIVE_EQUITY,R,3,COINUSDT-nyse_20260618T200000Z,W:2026-06-18T20:00:00Z:2026-06-22T06:00:00Z,,,,,,,,,,0,0,0,0.0,0.0,2026-06,RESEARCH_VALIDATION_EXPOSED,LISTING_AFTER_30_DAYS,MATCHED_RANDOM,SKIPPED,NO_MATCHED_RANDOM_BLOCK,0
CRCLUSDT-R-1781812800000-s3,CRCLUSDT,CRYPTO_SENSITIVE_EQUITY,R,3,CRCLUSDT-nyse_20260618T200000Z,W:2026-06-18T20:00:00Z:2026-06-22T06:00:00Z,,,,,,,,,,0,0,0,0.0,0.0,2026-06,RESEARCH_VALIDATION_EXPOSED,LISTING_AFTER_30_DAYS,MATCHED_RANDOM,SKIPPED,NO_MATCHED_RANDOM_BLOCK,0
HOODUSDT-R-1781812800000-s3,HOODUSDT,CRYPTO_SENSITIVE_EQUITY,R,3,HOODUSDT-nyse_20260618T200000Z,W:2026-06-18T20:00:00Z:2026-06-22T06:00:00Z,,,,,,,,,,0,0,0,0.0,0.0,2026-06,RESEARCH_VALIDATION_EXPOSED,LISTING_AFTER_30_DAYS,MATCHED_RANDOM,SKIPPED,NO_MATCHED_RANDOM_BLOCK,0
INTCUSDT-R-1781812800000-s3,INTCUSDT,TRADITIONAL_EQUITY,R,3,INTCUSDT-nyse_20260618T200000Z,W:2026-06-18T20:00:00Z:2026-06-22T06:00:00Z,,,,,,,,,,0,0,0,0.0,0.0,2026-06,RESEARCH_VALIDATION_EXPOSED,LISTING_AFTER_30_DAYS,MATCHED_RANDOM,SKIPPED,NO_MATCHED_RANDOM_BLOCK,0
MSTRUSDT-R-1781812800000-s3,MSTRUSDT,CRYPTO_SENSITIVE_EQUITY,R,3,MSTRUSDT-nyse_20260618T200000Z,W:2026-06-18T20:00:00Z:2026-06-22T06:00:00Z,,,,,,,,,,0,0,0,0.0,0.0,2026-06,RESEARCH_VALIDATION_EXPOSED,LISTING_AFTER_30_DAYS,MATCHED_RANDOM,SKIPPED,NO_MATCHED_RANDOM_BLOCK,0
PLTRUSDT-R-1781812800000-s3,PLTRUSDT,TRADITIONAL_EQUITY,R,3,PLTRUSDT-nyse_20260618T200000Z,W:2026-06-18T20:00:00Z:2026-06-22T06:00:00Z,,,,,,,,,,0,0,0,0.0,0.0,2026-06,RESEARCH_VALIDATION_EXPOSED,LISTING_AFTER_30_DAYS,MATCHED_RANDOM,SKIPPED,NO_MATCHED_RANDOM_BLOCK,0
TSLAUSDT-R-1781812800000-s3,TSLAUSDT,TRADITIONAL_EQUITY,R,3,TSLAUSDT-nyse_20260618T200000Z,W:2026-06-18T20:00:00Z:2026-06-22T06:00:00Z,,,,,,,,,,0,0,0,0.0,0.0,2026-06,RESEARCH_VALIDATION_EXPOSED,LISTING_AFTER_30_DAYS,MATCHED_RANDOM,SKIPPED,NO_MATCHED_RANDOM_BLOCK,0
AMZNUSDT-R-1781812800000-s10,AMZNUSDT,TRADITIONAL_EQUITY,R,10,AMZNUSDT-nyse_20260618T200000Z,W:2026-06-18T20:00:00Z:2026-06-22T06:00:00Z,,,,,,,,,,0,0,0,0.0,0.0,2026-06,RESEARCH_VALIDATION_EXPOSED,LISTING_AFTER_30_DAYS,MATCHED_RANDOM,SKIPPED,NO_MATCHED_RANDOM_BLOCK,0
COINUSDT-R-1781812800000-s10,COINUSDT,CRYPTO_SENSITIVE_EQUITY,R,10,COINUSDT-nyse_20260618T200000Z,W:2026-06-18T20:00:00Z:2026-06-22T06:00:00Z,,,,,,,,,,0,0,0,0.0,0.0,2026-06,RESEARCH_VALIDATION_EXPOSED,LISTING_AFTER_30_DAYS,MATCHED_RANDOM,SKIPPED,NO_MATCHED_RANDOM_BLOCK,0
CRCLUSDT-R-1781812800000-s10,CRCLUSDT,CRYPTO_SENSITIVE_EQUITY,R,10,CRCLUSDT-nyse_20260618T200000Z,W:2026-06-18T20:00:00Z:2026-06-22T06:00:00Z,,,,,,,,,,0,0,0,0.0,0.0,2026-06,RESEARCH_VALIDATION_EXPOSED,LISTING_AFTER_30_DAYS,MATCHED_RANDOM,SKIPPED,NO_MATCHED_RANDOM_BLOCK,0
HOODUSDT-R-1781812800000-s10,HOODUSDT,CRYPTO_SENSITIVE_EQUITY,R,10,HOODUSDT-nyse_20260618T200000Z,W:2026-06-18T20:00:00Z:2026-06-22T06:00:00Z,,,,,,,,,,0,0,0,0.0,0.0,2026-06,RESEARCH_VALIDATION_EXPOSED,LISTING_AFTER_30_DAYS,MATCHED_RANDOM,SKIPPED,NO_MATCHED_RANDOM_BLOCK,0
INTCUSDT-R-1781812800000-s10,INTCUSDT,TRADITIONAL_EQUITY,R,10,INTCUSDT-nyse_20260618T200000Z,W:2026-06-18T20:00:00Z:2026-06-22T06:00:00Z,,,,,,,,,,0,0,0,0.0,0.0,2026-06,RESEARCH_VALIDATION_EXPOSED,LISTING_AFTER_30_DAYS,MATCHED_RANDOM,SKIPPED,NO_MATCHED_RANDOM_BLOCK,0
MSTRUSDT-R-1781812800000-s10,MSTRUSDT,CRYPTO_SENSITIVE_EQUITY,R,10,MSTRUSDT-nyse_20260618T200000Z,W:2026-06-18T20:00:00Z:2026-06-22T06:00:00Z,,,,,,,,,,0,0,0,0.0,0.0,2026-06,RESEARCH_VALIDATION_EXPOSED,LISTING_AFTER_30_DAYS,MATCHED_RANDOM,SKIPPED,NO_MATCHED_RANDOM_BLOCK,0
PLTRUSDT-R-1781812800000-s10,PLTRUSDT,TRADITIONAL_EQUITY,R,10,PLTRUSDT-nyse_20260618T200000Z,W:2026-06-18T20:00:00Z:2026-06-22T06:00:00Z,,,,,,,,,,0,0,0,0.0,0.0,2026-06,RESEARCH_VALIDATION_EXPOSED,LISTING_AFTER_30_DAYS,MATCHED_RANDOM,SKIPPED,NO_MATCHED_RANDOM_BLOCK,0
TSLAUSDT-R-1781812800000-s10,TSLAUSDT,TRADITIONAL_EQUITY,R,10,TSLAUSDT-nyse_20260618T200000Z,W:2026-06-18T20:00:00Z:2026-06-22T06:00:00Z,,,,,,,,,,0,0,0,0.0,0.0,2026-06,RESEARCH_VALIDATION_EXPOSED,LISTING_AFTER_30_DAYS,MATCHED_RANDOM,SKIPPED,NO_MATCHED_RANDOM_BLOCK,0
AMZNUSDT-R-1781812800000-s17,AMZNUSDT,TRADITIONAL_EQUITY,R,17,AMZNUSDT-nyse_20260618T200000Z,W:2026-06-18T20:00:00Z:2026-06-22T06:00:00Z,,,,,,,,,,0,0,0,0.0,0.0,2026-06,RESEARCH_VALIDATION_EXPOSED,LISTING_AFTER_30_DAYS,MATCHED_RANDOM,SKIPPED,NO_MATCHED_RANDOM_BLOCK,0
COINUSDT-R-1781812800000-s17,COINUSDT,CRYPTO_SENSITIVE_EQUITY,R,17,COINUSDT-nyse_20260618T200000Z,W:2026-06-18T20:00:00Z:2026-06-22T06:00:00Z,,,,,,,,,,0,0,0,0.0,0.0,2026-06,RESEARCH_VALIDATION_EXPOSED,LISTING_AFTER_30_DAYS,MATCHED_RANDOM,SKIPPED,NO_MATCHED_RANDOM_BLOCK,0
CRCLUSDT-R-1781812800000-s17,CRCLUSDT,CRYPTO_SENSITIVE_EQUITY,R,17,CRCLUSDT-nyse_20260618T200000Z,W:2026-06-18T20:00:00Z:2026-06-22T06:00:00Z,,,,,,,,,,0,0,0,0.0,0.0,2026-06,RESEARCH_VALIDATION_EXPOSED,LISTING_AFTER_30_DAYS,MATCHED_RANDOM,SKIPPED,NO_MATCHED_RANDOM_BLOCK,0
HOODUSDT-R-1781812800000-s17,HOODUSDT,CRYPTO_SENSITIVE_EQUITY,R,17,HOODUSDT-nyse_20260618T200000Z,W:2026-06-18T20:00:00Z:2026-06-22T06:00:00Z,,,,,,,,,,0,0,0,0.0,0.0,2026-06,RESEARCH_VALIDATION_EXPOSED,LISTING_AFTER_30_DAYS,MATCHED_RANDOM,SKIPPED,NO_MATCHED_RANDOM_BLOCK,0
INTCUSDT-R-1781812800000-s17,INTCUSDT,TRADITIONAL_EQUITY,R,17,INTCUSDT-nyse_20260618T200000Z,W:2026-06-18T20:00:00Z:2026-06-22T06:00:00Z,,,,,,,,,,0,0,0,0.0,0.0,2026-06,RESEARCH_VALIDATION_EXPOSED,LISTING_AFTER_30_DAYS,MATCHED_RANDOM,SKIPPED,NO_MATCHED_RANDOM_BLOCK,0
MSTRUSDT-R-1781812800000-s17,MSTRUSDT,CRYPTO_SENSITIVE_EQUITY,R,17,MSTRUSDT-nyse_20260618T200000Z,W:2026-06-18T20:00:00Z:2026-06-22T06:00:00Z,,,,,,,,,,0,0,0,0.0,0.0,2026-06,RESEARCH_VALIDATION_EXPOSED,LISTING_AFTER_30_DAYS,MATCHED_RANDOM,SKIPPED,NO_MATCHED_RANDOM_BLOCK,0
PLTRUSDT-R-1781812800000-s17,PLTRUSDT,TRADITIONAL_EQUITY,R,17,PLTRUSDT-nyse_20260618T200000Z,W:2026-06-18T20:00:00Z:2026-06-22T06:00:00Z,,,,,,,,,,0,0,0,0.0,0.0,2026-06,RESEARCH_VALIDATION_EXPOSED,LISTING_AFTER_30_DAYS,MATCHED_RANDOM,SKIPPED,NO_MATCHED_RANDOM_BLOCK,0
TSLAUSDT-R-1781812800000-s17,TSLAUSDT,TRADITIONAL_EQUITY,R,17,TSLAUSDT-nyse_20260618T200000Z,W:2026-06-18T20:00:00Z:2026-06-22T06:00:00Z,,,,,,,,,,0,0,0,0.0,0.0,2026-06,RESEARCH_VALIDATION_EXPOSED,LISTING_AFTER_30_DAYS,MATCHED_RANDOM,SKIPPED,NO_MATCHED_RANDOM_BLOCK,0
AMZNUSDT-R-1781812800000-s31,AMZNUSDT,TRADITIONAL_EQUITY,R,31,AMZNUSDT-nyse_20260618T200000Z,W:2026-06-18T20:00:00Z:2026-06-22T06:00:00Z,,,,,,,,,,0,0,0,0.0,0.0,2026-06,RESEARCH_VALIDATION_EXPOSED,LISTING_AFTER_30_DAYS,MATCHED_RANDOM,SKIPPED,NO_MATCHED_RANDOM_BLOCK,0
COINUSDT-R-1781812800000-s31,COINUSDT,CRYPTO_SENSITIVE_EQUITY,R,31,COINUSDT-nyse_20260618T200000Z,W:2026-06-18T20:00:00Z:2026-06-22T06:00:00Z,,,,,,,,,,0,0,0,0.0,0.0,2026-06,RESEARCH_VALIDATION_EXPOSED,LISTING_AFTER_30_DAYS,MATCHED_RANDOM,SKIPPED,NO_MATCHED_RANDOM_BLOCK,0
CRCLUSDT-R-1781812800000-s31,CRCLUSDT,CRYPTO_SENSITIVE_EQUITY,R,31,CRCLUSDT-nyse_20260618T200000Z,W:2026-06-18T20:00:00Z:2026-06-22T06:00:00Z,,,,,,,,,,0,0,0,0.0,0.0,2026-06,RESEARCH_VALIDATION_EXPOSED,LISTING_AFTER_30_DAYS,MATCHED_RANDOM,SKIPPED,NO_MATCHED_RANDOM_BLOCK,0
HOODUSDT-R-1781812800000-s31,HOODUSDT,CRYPTO_SENSITIVE_EQUITY,R,31,HOODUSDT-nyse_20260618T200000Z,W:2026-06-18T20:00:00Z:2026-06-22T06:00:00Z,,,,,,,,,,0,0,0,0.0,0.0,2026-06,RESEARCH_VALIDATION_EXPOSED,LISTING_AFTER_30_DAYS,MATCHED_RANDOM,SKIPPED,NO_MATCHED_RANDOM_BLOCK,0
INTCUSDT-R-1781812800000-s31,INTCUSDT,TRADITIONAL_EQUITY,R,31,INTCUSDT-nyse_20260618T200000Z,W:2026-06-18T20:00:00Z:2026-06-22T06:00:00Z,,,,,,,,,,0,0,0,0.0,0.0,2026-06,RESEARCH_VALIDATION_EXPOSED,LISTING_AFTER_30_DAYS,MATCHED_RANDOM,SKIPPED,NO_MATCHED_RANDOM_BLOCK,0
MSTRUSDT-R-1781812800000-s31,MSTRUSDT,CRYPTO_SENSITIVE_EQUITY,R,31,MSTRUSDT-nyse_20260618T200000Z,W:2026-06-18T20:00:00Z:2026-06-22T06:00:00Z,,,,,,,,,,0,0,0,0.0,0.0,2026-06,RESEARCH_VALIDATION_EXPOSED,LISTING_AFTER_30_DAYS,MATCHED_RANDOM,SKIPPED,NO_MATCHED_RANDOM_BLOCK,0
PLTRUSDT-R-1781812800000-s31,PLTRUSDT,TRADITIONAL_EQUITY,R,31,PLTRUSDT-nyse_20260618T200000Z,W:2026-06-18T20:00:00Z:2026-06-22T06:00:00Z,,,,,,,,,,0,0,0,0.0,0.0,2026-06,RESEARCH_VALIDATION_EXPOSED,LISTING_AFTER_30_DAYS,MATCHED_RANDOM,SKIPPED,NO_MATCHED_RANDOM_BLOCK,0
TSLAUSDT-R-1781812800000-s31,TSLAUSDT,TRADITIONAL_EQUITY,R,31,TSLAUSDT-nyse_20260618T200000Z,W:2026-06-18T20:00:00Z:2026-06-22T06:00:00Z,,,,,,,,,,0,0,0,0.0,0.0,2026-06,RESEARCH_VALIDATION_EXPOSED,LISTING_AFTER_30_DAYS,MATCHED_RANDOM,SKIPPED,NO_MATCHED_RANDOM_BLOCK,0
AMZNUSDT-R-1781812800000-s59,AMZNUSDT,TRADITIONAL_EQUITY,R,59,AMZNUSDT-nyse_20260618T200000Z,W:2026-06-18T20:00:00Z:2026-06-22T06:00:00Z,,,,,,,,,,0,0,0,0.0,0.0,2026-06,RESEARCH_VALIDATION_EXPOSED,LISTING_AFTER_30_DAYS,MATCHED_RANDOM,SKIPPED,NO_MATCHED_RANDOM_BLOCK,0
COINUSDT-R-1781812800000-s59,COINUSDT,CRYPTO_SENSITIVE_EQUITY,R,59,COINUSDT-nyse_20260618T200000Z,W:2026-06-18T20:00:00Z:2026-06-22T06:00:00Z,,,,,,,,,,0,0,0,0.0,0.0,2026-06,RESEARCH_VALIDATION_EXPOSED,LISTING_AFTER_30_DAYS,MATCHED_RANDOM,SKIPPED,NO_MATCHED_RANDOM_BLOCK,0
CRCLUSDT-R-1781812800000-s59,CRCLUSDT,CRYPTO_SENSITIVE_EQUITY,R,59,CRCLUSDT-nyse_20260618T200000Z,W:2026-06-18T20:00:00Z:2026-06-22T06:00:00Z,,,,,,,,,,0,0,0,0.0,0.0,2026-06,RESEARCH_VALIDATION_EXPOSED,LISTING_AFTER_30_DAYS,MATCHED_RANDOM,SKIPPED,NO_MATCHED_RANDOM_BLOCK,0
HOODUSDT-R-1781812800000-s59,HOODUSDT,CRYPTO_SENSITIVE_EQUITY,R,59,HOODUSDT-nyse_20260618T200000Z,W:2026-06-18T20:00:00Z:2026-06-22T06:00:00Z,,,,,,,,,,0,0,0,0.0,0.0,2026-06,RESEARCH_VALIDATION_EXPOSED,LISTING_AFTER_30_DAYS,MATCHED_RANDOM,SKIPPED,NO_MATCHED_RANDOM_BLOCK,0
INTCUSDT-R-1781812800000-s59,INTCUSDT,TRADITIONAL_EQUITY,R,59,INTCUSDT-nyse_20260618T200000Z,W:2026-06-18T20:00:00Z:2026-06-22T06:00:00Z,,,,,,,,,,0,0,0,0.0,0.0,2026-06,RESEARCH_VALIDATION_EXPOSED,LISTING_AFTER_30_DAYS,MATCHED_RANDOM,SKIPPED,NO_MATCHED_RANDOM_BLOCK,0
MSTRUSDT-R-1781812800000-s59,MSTRUSDT,CRYPTO_SENSITIVE_EQUITY,R,59,MSTRUSDT-nyse_20260618T200000Z,W:2026-06-18T20:00:00Z:2026-06-22T06:00:00Z,,,,,,,,,,0,0,0,0.0,0.0,2026-06,RESEARCH_VALIDATION_EXPOSED,LISTING_AFTER_30_DAYS,MATCHED_RANDOM,SKIPPED,NO_MATCHED_RANDOM_BLOCK,0
PLTRUSDT-R-1781812800000-s59,PLTRUSDT,TRADITIONAL_EQUITY,R,59,PLTRUSDT-nyse_20260618T200000Z,W:2026-06-18T20:00:00Z:2026-06-22T06:00:00Z,,,,,,,,,,0,0,0,0.0,0.0,2026-06,RESEARCH_VALIDATION_EXPOSED,LISTING_AFTER_30_DAYS,MATCHED_RANDOM,SKIPPED,NO_MATCHED_RANDOM_BLOCK,0
TSLAUSDT-R-1781812800000-s59,TSLAUSDT,TRADITIONAL_EQUITY,R,59,TSLAUSDT-nyse_20260618T200000Z,W:2026-06-18T20:00:00Z:2026-06-22T06:00:00Z,,,,,,,,,,0,0,0,0.0,0.0,2026-06,RESEARCH_VALIDATION_EXPOSED,LISTING_AFTER_30_DAYS,MATCHED_RANDOM,SKIPPED,NO_MATCHED_RANDOM_BLOCK,0
AMZNUSDT-R-1781812800000-s97,AMZNUSDT,TRADITIONAL_EQUITY,R,97,AMZNUSDT-nyse_20260618T200000Z,W:2026-06-18T20:00:00Z:2026-06-22T06:00:00Z,,,,,,,,,,0,0,0,0.0,0.0,2026-06,RESEARCH_VALIDATION_EXPOSED,LISTING_AFTER_30_DAYS,MATCHED_RANDOM,SKIPPED,NO_MATCHED_RANDOM_BLOCK,0
COINUSDT-R-1781812800000-s97,COINUSDT,CRYPTO_SENSITIVE_EQUITY,R,97,COINUSDT-nyse_20260618T200000Z,W:2026-06-18T20:00:00Z:2026-06-22T06:00:00Z,,,,,,,,,,0,0,0,0.0,0.0,2026-06,RESEARCH_VALIDATION_EXPOSED,LISTING_AFTER_30_DAYS,MATCHED_RANDOM,SKIPPED,NO_MATCHED_RANDOM_BLOCK,0
CRCLUSDT-R-1781812800000-s97,CRCLUSDT,CRYPTO_SENSITIVE_EQUITY,R,97,CRCLUSDT-nyse_20260618T200000Z,W:2026-06-18T20:00:00Z:2026-06-22T06:00:00Z,,,,,,,,,,0,0,0,0.0,0.0,2026-06,RESEARCH_VALIDATION_EXPOSED,LISTING_AFTER_30_DAYS,MATCHED_RANDOM,SKIPPED,NO_MATCHED_RANDOM_BLOCK,0
HOODUSDT-R-1781812800000-s97,HOODUSDT,CRYPTO_SENSITIVE_EQUITY,R,97,HOODUSDT-nyse_20260618T200000Z,W:2026-06-18T20:00:00Z:2026-06-22T06:00:00Z,,,,,,,,,,0,0,0,0.0,0.0,2026-06,RESEARCH_VALIDATION_EXPOSED,LISTING_AFTER_30_DAYS,MATCHED_RANDOM,SKIPPED,NO_MATCHED_RANDOM_BLOCK,0
INTCUSDT-R-1781812800000-s97,INTCUSDT,TRADITIONAL_EQUITY,R,97,INTCUSDT-nyse_20260618T200000Z,W:2026-06-18T20:00:00Z:2026-06-22T06:00:00Z,,,,,,,,,,0,0,0,0.0,0.0,2026-06,RESEARCH_VALIDATION_EXPOSED,LISTING_AFTER_30_DAYS,MATCHED_RANDOM,SKIPPED,NO_MATCHED_RANDOM_BLOCK,0
MSTRUSDT-R-1781812800000-s97,MSTRUSDT,CRYPTO_SENSITIVE_EQUITY,R,97,MSTRUSDT-nyse_20260618T200000Z,W:2026-06-18T20:00:00Z:2026-06-22T06:00:00Z,,,,,,,,,,0,0,0,0.0,0.0,2026-06,RESEARCH_VALIDATION_EXPOSED,LISTING_AFTER_30_DAYS,MATCHED_RANDOM,SKIPPED,NO_MATCHED_RANDOM_BLOCK,0
PLTRUSDT-R-1781812800000-s97,PLTRUSDT,TRADITIONAL_EQUITY,R,97,PLTRUSDT-nyse_20260618T200000Z,W:2026-06-18T20:00:00Z:2026-06-22T06:00:00Z,,,,,,,,,,0,0,0,0.0,0.0,2026-06,RESEARCH_VALIDATION_EXPOSED,LISTING_AFTER_30_DAYS,MATCHED_RANDOM,SKIPPED,NO_MATCHED_RANDOM_BLOCK,0
TSLAUSDT-R-1781812800000-s97,TSLAUSDT,TRADITIONAL_EQUITY,R,97,TSLAUSDT-nyse_20260618T200000Z,W:2026-06-18T20:00:00Z:2026-06-22T06:00:00Z,,,,,,,,,,0,0,0,0.0,0.0,2026-06,RESEARCH_VALIDATION_EXPOSED,LISTING_AFTER_30_DAYS,MATCHED_RANDOM,SKIPPED,NO_MATCHED_RANDOM_BLOCK,0
AMZNUSDT-R-1782504000000-s3,AMZNUSDT,TRADITIONAL_EQUITY,R,3,AMZNUSDT-nyse_20260626T200000Z,W:2026-06-26T20:00:00Z:2026-06-29T06:00:00Z,,,,,,,,,,0,0,0,0.0,0.0,2026-06,RESEARCH_VALIDATION_EXPOSED,LISTING_AFTER_30_DAYS,MATCHED_RANDOM,SKIPPED,NO_MATCHED_RANDOM_BLOCK,0
COINUSDT-R-1782504000000-s3,COINUSDT,CRYPTO_SENSITIVE_EQUITY,R,3,COINUSDT-nyse_20260626T200000Z,W:2026-06-26T20:00:00Z:2026-06-29T06:00:00Z,,,,,,,,,,0,0,0,0.0,0.0,2026-06,RESEARCH_VALIDATION_EXPOSED,LISTING_AFTER_30_DAYS,MATCHED_RANDOM,SKIPPED,NO_MATCHED_RANDOM_BLOCK,0
CRCLUSDT-R-1782504000000-s3,CRCLUSDT,CRYPTO_SENSITIVE_EQUITY,R,3,CRCLUSDT-nyse_20260626T200000Z,W:2026-06-26T20:00:00Z:2026-06-29T06:00:00Z,,,,,,,,,,0,0,0,0.0,0.0,2026-06,RESEARCH_VALIDATION_EXPOSED,LISTING_AFTER_30_DAYS,MATCHED_RANDOM,SKIPPED,NO_MATCHED_RANDOM_BLOCK,0
HOODUSDT-R-1782504000000-s3,HOODUSDT,CRYPTO_SENSITIVE_EQUITY,R,3,HOODUSDT-nyse_20260626T200000Z,W:2026-06-26T20:00:00Z:2026-06-29T06:00:00Z,,,,,,,,,,0,0,0,0.0,0.0,2026-06,RESEARCH_VALIDATION_EXPOSED,LISTING_AFTER_30_DAYS,MATCHED_RANDOM,SKIPPED,NO_MATCHED_RANDOM_BLOCK,0
INTCUSDT-R-1782504000000-s3,INTCUSDT,TRADITIONAL_EQUITY,R,3,INTCUSDT-nyse_20260626T200000Z,W:2026-06-26T20:00:00Z:2026-06-29T06:00:00Z,,,,,,,,,,0,0,0,0.0,0.0,2026-06,RESEARCH_VALIDATION_EXPOSED,LISTING_AFTER_30_DAYS,MATCHED_RANDOM,SKIPPED,NO_MATCHED_RANDOM_BLOCK,0
MSTRUSDT-R-1782504000000-s3,MSTRUSDT,CRYPTO_SENSITIVE_EQUITY,R,3,MSTRUSDT-nyse_20260626T200000Z,W:2026-06-26T20:00:00Z:2026-06-29T06:00:00Z,,,,,,,,,,0,0,0,0.0,0.0,2026-06,RESEARCH_VALIDATION_EXPOSED,LISTING_AFTER_30_DAYS,MATCHED_RANDOM,SKIPPED,NO_MATCHED_RANDOM_BLOCK,0
PLTRUSDT-R-1782504000000-s3,PLTRUSDT,TRADITIONAL_EQUITY,R,3,PLTRUSDT-nyse_20260626T200000Z,W:2026-06-26T20:00:00Z:2026-06-29T06:00:00Z,,,,,,,,,,0,0,0,0.0,0.0,2026-06,RESEARCH_VALIDATION_EXPOSED,LISTING_AFTER_30_DAYS,MATCHED_RANDOM,SKIPPED,NO_MATCHED_RANDOM_BLOCK,0
TSLAUSDT-R-1782504000000-s3,TSLAUSDT,TRADITIONAL_EQUITY,R,3,TSLAUSDT-nyse_20260626T200000Z,W:2026-06-26T20:00:00Z:2026-06-29T06:00:00Z,,,,,,,,,,0,0,0,0.0,0.0,2026-06,RESEARCH_VALIDATION_EXPOSED,LISTING_AFTER_30_DAYS,MATCHED_RANDOM,SKIPPED,NO_MATCHED_RANDOM_BLOCK,0
AMZNUSDT-R-1782504000000-s10,AMZNUSDT,TRADITIONAL_EQUITY,R,10,AMZNUSDT-nyse_20260626T200000Z,W:2026-06-26T20:00:00Z:2026-06-29T06:00:00Z,,,,,,,,,,0,0,0,0.0,0.0,2026-06,RESEARCH_VALIDATION_EXPOSED,LISTING_AFTER_30_DAYS,MATCHED_RANDOM,SKIPPED,NO_MATCHED_RANDOM_BLOCK,0
COINUSDT-R-1782504000000-s10,COINUSDT,CRYPTO_SENSITIVE_EQUITY,R,10,COINUSDT-nyse_20260626T200000Z,W:2026-06-26T20:00:00Z:2026-06-29T06:00:00Z,,,,,,,,,,0,0,0,0.0,0.0,2026-06,RESEARCH_VALIDATION_EXPOSED,LISTING_AFTER_30_DAYS,MATCHED_RANDOM,SKIPPED,NO_MATCHED_RANDOM_BLOCK,0
CRCLUSDT-R-1782504000000-s10,CRCLUSDT,CRYPTO_SENSITIVE_EQUITY,R,10,CRCLUSDT-nyse_20260626T200000Z,W:2026-06-26T20:00:00Z:2026-06-29T06:00:00Z,,,,,,,,,,0,0,0,0.0,0.0,2026-06,RESEARCH_VALIDATION_EXPOSED,LISTING_AFTER_30_DAYS,MATCHED_RANDOM,SKIPPED,NO_MATCHED_RANDOM_BLOCK,0
HOODUSDT-R-1782504000000-s10,HOODUSDT,CRYPTO_SENSITIVE_EQUITY,R,10,HOODUSDT-nyse_20260626T200000Z,W:2026-06-26T20:00:00Z:2026-06-29T06:00:00Z,,,,,,,,,,0,0,0,0.0,0.0,2026-06,RESEARCH_VALIDATION_EXPOSED,LISTING_AFTER_30_DAYS,MATCHED_RANDOM,SKIPPED,NO_MATCHED_RANDOM_BLOCK,0
INTCUSDT-R-1782504000000-s10,INTCUSDT,TRADITIONAL_EQUITY,R,10,INTCUSDT-nyse_20260626T200000Z,W:2026-06-26T20:00:00Z:2026-06-29T06:00:00Z,,,,,,,,,,0,0,0,0.0,0.0,2026-06,RESEARCH_VALIDATION_EXPOSED,LISTING_AFTER_30_DAYS,MATCHED_RANDOM,SKIPPED,NO_MATCHED_RANDOM_BLOCK,0
MSTRUSDT-R-1782504000000-s10,MSTRUSDT,CRYPTO_SENSITIVE_EQUITY,R,10,MSTRUSDT-nyse_20260626T200000Z,W:2026-06-26T20:00:00Z:2026-06-29T06:00:00Z,,,,,,,,,,0,0,0,0.0,0.0,2026-06,RESEARCH_VALIDATION_EXPOSED,LISTING_AFTER_30_DAYS,MATCHED_RANDOM,SKIPPED,NO_MATCHED_RANDOM_BLOCK,0
PLTRUSDT-R-1782504000000-s10,PLTRUSDT,TRADITIONAL_EQUITY,R,10,PLTRUSDT-nyse_20260626T200000Z,W:2026-06-26T20:00:00Z:2026-06-29T06:00:00Z,,,,,,,,,,0,0,0,0.0,0.0,2026-06,RESEARCH_VALIDATION_EXPOSED,LISTING_AFTER_30_DAYS,MATCHED_RANDOM,SKIPPED,NO_MATCHED_RANDOM_BLOCK,0
TSLAUSDT-R-1782504000000-s10,TSLAUSDT,TRADITIONAL_EQUITY,R,10,TSLAUSDT-nyse_20260626T200000Z,W:2026-06-26T20:00:00Z:2026-06-29T06:00:00Z,,,,,,,,,,0,0,0,0.0,0.0,2026-06,RESEARCH_VALIDATION_EXPOSED,LISTING_AFTER_30_DAYS,MATCHED_RANDOM,SKIPPED,NO_MATCHED_RANDOM_BLOCK,0
AMZNUSDT-R-1782504000000-s17,AMZNUSDT,TRADITIONAL_EQUITY,R,17,AMZNUSDT-nyse_20260626T200000Z,W:2026-06-26T20:00:00Z:2026-06-29T06:00:00Z,,,,,,,,,,0,0,0,0.0,0.0,2026-06,RESEARCH_VALIDATION_EXPOSED,LISTING_AFTER_30_DAYS,MATCHED_RANDOM,SKIPPED,NO_MATCHED_RANDOM_BLOCK,0
COINUSDT-R-1782504000000-s17,COINUSDT,CRYPTO_SENSITIVE_EQUITY,R,17,COINUSDT-nyse_20260626T200000Z,W:2026-06-26T20:00:00Z:2026-06-29T06:00:00Z,,,,,,,,,,0,0,0,0.0,0.0,2026-06,RESEARCH_VALIDATION_EXPOSED,LISTING_AFTER_30_DAYS,MATCHED_RANDOM,SKIPPED,NO_MATCHED_RANDOM_BLOCK,0
CRCLUSDT-R-1782504000000-s17,CRCLUSDT,CRYPTO_SENSITIVE_EQUITY,R,17,CRCLUSDT-nyse_20260626T200000Z,W:2026-06-26T20:00:00Z:2026-06-29T06:00:00Z,,,,,,,,,,0,0,0,0.0,0.0,2026-06,RESEARCH_VALIDATION_EXPOSED,LISTING_AFTER_30_DAYS,MATCHED_RANDOM,SKIPPED,NO_MATCHED_RANDOM_BLOCK,0
HOODUSDT-R-1782504000000-s17,HOODUSDT,CRYPTO_SENSITIVE_EQUITY,R,17,HOODUSDT-nyse_20260626T200000Z,W:2026-06-26T20:00:00Z:2026-06-29T06:00:00Z,,,,,,,,,,0,0,0,0.0,0.0,2026-06,RESEARCH_VALIDATION_EXPOSED,LISTING_AFTER_30_DAYS,MATCHED_RANDOM,SKIPPED,NO_MATCHED_RANDOM_BLOCK,0
INTCUSDT-R-1782504000000-s17,INTCUSDT,TRADITIONAL_EQUITY,R,17,INTCUSDT-nyse_20260626T200000Z,W:2026-06-26T20:00:00Z:2026-06-29T06:00:00Z,,,,,,,,,,0,0,0,0.0,0.0,2026-06,RESEARCH_VALIDATION_EXPOSED,LISTING_AFTER_30_DAYS,MATCHED_RANDOM,SKIPPED,NO_MATCHED_RANDOM_BLOCK,0
MSTRUSDT-R-1782504000000-s17,MSTRUSDT,CRYPTO_SENSITIVE_EQUITY,R,17,MSTRUSDT-nyse_20260626T200000Z,W:2026-06-26T20:00:00Z:2026-06-29T06:00:00Z,,,,,,,,,,0,0,0,0.0,0.0,2026-06,RESEARCH_VALIDATION_EXPOSED,LISTING_AFTER_30_DAYS,MATCHED_RANDOM,SKIPPED,NO_MATCHED_RANDOM_BLOCK,0
PLTRUSDT-R-1782504000000-s17,PLTRUSDT,TRADITIONAL_EQUITY,R,17,PLTRUSDT-nyse_20260626T200000Z,W:2026-06-26T20:00:00Z:2026-06-29T06:00:00Z,,,,,,,,,,0,0,0,0.0,0.0,2026-06,RESEARCH_VALIDATION_EXPOSED,LISTING_AFTER_30_DAYS,MATCHED_RANDOM,SKIPPED,NO_MATCHED_RANDOM_BLOCK,0
TSLAUSDT-R-1782504000000-s17,TSLAUSDT,TRADITIONAL_EQUITY,R,17,TSLAUSDT-nyse_20260626T200000Z,W:2026-06-26T20:00:00Z:2026-06-29T06:00:00Z,,,,,,,,,,0,0,0,0.0,0.0,2026-06,RESEARCH_VALIDATION_EXPOSED,LISTING_AFTER_30_DAYS,MATCHED_RANDOM,SKIPPED,NO_MATCHED_RANDOM_BLOCK,0
AMZNUSDT-R-1782504000000-s31,AMZNUSDT,TRADITIONAL_EQUITY,R,31,AMZNUSDT-nyse_20260626T200000Z,W:2026-06-26T20:00:00Z:2026-06-29T06:00:00Z,,,,,,,,,,0,0,0,0.0,0.0,2026-06,RESEARCH_VALIDATION_EXPOSED,LISTING_AFTER_30_DAYS,MATCHED_RANDOM,SKIPPED,NO_MATCHED_RANDOM_BLOCK,0
COINUSDT-R-1782504000000-s31,COINUSDT,CRYPTO_SENSITIVE_EQUITY,R,31,COINUSDT-nyse_20260626T200000Z,W:2026-06-26T20:00:00Z:2026-06-29T06:00:00Z,,,,,,,,,,0,0,0,0.0,0.0,2026-06,RESEARCH_VALIDATION_EXPOSED,LISTING_AFTER_30_DAYS,MATCHED_RANDOM,SKIPPED,NO_MATCHED_RANDOM_BLOCK,0
CRCLUSDT-R-1782504000000-s31,CRCLUSDT,CRYPTO_SENSITIVE_EQUITY,R,31,CRCLUSDT-nyse_20260626T200000Z,W:2026-06-26T20:00:00Z:2026-06-29T06:00:00Z,,,,,,,,,,0,0,0,0.0,0.0,2026-06,RESEARCH_VALIDATION_EXPOSED,LISTING_AFTER_30_DAYS,MATCHED_RANDOM,SKIPPED,NO_MATCHED_RANDOM_BLOCK,0
HOODUSDT-R-1782504000000-s31,HOODUSDT,CRYPTO_SENSITIVE_EQUITY,R,31,HOODUSDT-nyse_20260626T200000Z,W:2026-06-26T20:00:00Z:2026-06-29T06:00:00Z,,,,,,,,,,0,0,0,0.0,0.0,2026-06,RESEARCH_VALIDATION_EXPOSED,LISTING_AFTER_30_DAYS,MATCHED_RANDOM,SKIPPED,NO_MATCHED_RANDOM_BLOCK,0
INTCUSDT-R-1782504000000-s31,INTCUSDT,TRADITIONAL_EQUITY,R,31,INTCUSDT-nyse_20260626T200000Z,W:2026-06-26T20:00:00Z:2026-06-29T06:00:00Z,,,,,,,,,,0,0,0,0.0,0.0,2026-06,RESEARCH_VALIDATION_EXPOSED,LISTING_AFTER_30_DAYS,MATCHED_RANDOM,SKIPPED,NO_MATCHED_RANDOM_BLOCK,0
MSTRUSDT-R-1782504000000-s31,MSTRUSDT,CRYPTO_SENSITIVE_EQUITY,R,31,MSTRUSDT-nyse_20260626T200000Z,W:2026-06-26T20:00:00Z:2026-06-29T06:00:00Z,,,,,,,,,,0,0,0,0.0,0.0,2026-06,RESEARCH_VALIDATION_EXPOSED,LISTING_AFTER_30_DAYS,MATCHED_RANDOM,SKIPPED,NO_MATCHED_RANDOM_BLOCK,0
PLTRUSDT-R-1782504000000-s31,PLTRUSDT,TRADITIONAL_EQUITY,R,31,PLTRUSDT-nyse_20260626T200000Z,W:2026-06-26T20:00:00Z:2026-06-29T06:00:00Z,,,,,,,,,,0,0,0,0.0,0.0,2026-06,RESEARCH_VALIDATION_EXPOSED,LISTING_AFTER_30_DAYS,MATCHED_RANDOM,SKIPPED,NO_MATCHED_RANDOM_BLOCK,0
TSLAUSDT-R-1782504000000-s31,TSLAUSDT,TRADITIONAL_EQUITY,R,31,TSLAUSDT-nyse_20260626T200000Z,W:2026-06-26T20:00:00Z:2026-06-29T06:00:00Z,,,,,,,,,,0,0,0,0.0,0.0,2026-06,RESEARCH_VALIDATION_EXPOSED,LISTING_AFTER_30_DAYS,MATCHED_RANDOM,SKIPPED,NO_MATCHED_RANDOM_BLOCK,0
AMZNUSDT-R-1782504000000-s59,AMZNUSDT,TRADITIONAL_EQUITY,R,59,AMZNUSDT-nyse_20260626T200000Z,W:2026-06-26T20:00:00Z:2026-06-29T06:00:00Z,,,,,,,,,,0,0,0,0.0,0.0,2026-06,RESEARCH_VALIDATION_EXPOSED,LISTING_AFTER_30_DAYS,MATCHED_RANDOM,SKIPPED,NO_MATCHED_RANDOM_BLOCK,0
COINUSDT-R-1782504000000-s59,COINUSDT,CRYPTO_SENSITIVE_EQUITY,R,59,COINUSDT-nyse_20260626T200000Z,W:2026-06-26T20:00:00Z:2026-06-29T06:00:00Z,,,,,,,,,,0,0,0,0.0,0.0,2026-06,RESEARCH_VALIDATION_EXPOSED,LISTING_AFTER_30_DAYS,MATCHED_RANDOM,SKIPPED,NO_MATCHED_RANDOM_BLOCK,0
CRCLUSDT-R-1782504000000-s59,CRCLUSDT,CRYPTO_SENSITIVE_EQUITY,R,59,CRCLUSDT-nyse_20260626T200000Z,W:2026-06-26T20:00:00Z:2026-06-29T06:00:00Z,,,,,,,,,,0,0,0,0.0,0.0,2026-06,RESEARCH_VALIDATION_EXPOSED,LISTING_AFTER_30_DAYS,MATCHED_RANDOM,SKIPPED,NO_MATCHED_RANDOM_BLOCK,0
HOODUSDT-R-1782504000000-s59,HOODUSDT,CRYPTO_SENSITIVE_EQUITY,R,59,HOODUSDT-nyse_20260626T200000Z,W:2026-06-26T20:00:00Z:2026-06-29T06:00:00Z,,,,,,,,,,0,0,0,0.0,0.0,2026-06,RESEARCH_VALIDATION_EXPOSED,LISTING_AFTER_30_DAYS,MATCHED_RANDOM,SKIPPED,NO_MATCHED_RANDOM_BLOCK,0
INTCUSDT-R-1782504000000-s59,INTCUSDT,TRADITIONAL_EQUITY,R,59,INTCUSDT-nyse_20260626T200000Z,W:2026-06-26T20:00:00Z:2026-06-29T06:00:00Z,,,,,,,,,,0,0,0,0.0,0.0,2026-06,RESEARCH_VALIDATION_EXPOSED,LISTING_AFTER_30_DAYS,MATCHED_RANDOM,SKIPPED,NO_MATCHED_RANDOM_BLOCK,0
MSTRUSDT-R-1782504000000-s59,MSTRUSDT,CRYPTO_SENSITIVE_EQUITY,R,59,MSTRUSDT-nyse_20260626T200000Z,W:2026-06-26T20:00:00Z:2026-06-29T06:00:00Z,,,,,,,,,,0,0,0,0.0,0.0,2026-06,RESEARCH_VALIDATION_EXPOSED,LISTING_AFTER_30_DAYS,MATCHED_RANDOM,SKIPPED,NO_MATCHED_RANDOM_BLOCK,0
PLTRUSDT-R-1782504000000-s59,PLTRUSDT,TRADITIONAL_EQUITY,R,59,PLTRUSDT-nyse_20260626T200000Z,W:2026-06-26T20:00:00Z:2026-06-29T06:00:00Z,,,,,,,,,,0,0,0,0.0,0.0,2026-06,RESEARCH_VALIDATION_EXPOSED,LISTING_AFTER_30_DAYS,MATCHED_RANDOM,SKIPPED,NO_MATCHED_RANDOM_BLOCK,0
TSLAUSDT-R-1782504000000-s59,TSLAUSDT,TRADITIONAL_EQUITY,R,59,TSLAUSDT-nyse_20260626T200000Z,W:2026-06-26T20:00:00Z:2026-06-29T06:00:00Z,,,,,,,,,,0,0,0,0.0,0.0,2026-06,RESEARCH_VALIDATION_EXPOSED,LISTING_AFTER_30_DAYS,MATCHED_RANDOM,SKIPPED,NO_MATCHED_RANDOM_BLOCK,0
AMZNUSDT-R-1782504000000-s97,AMZNUSDT,TRADITIONAL_EQUITY,R,97,AMZNUSDT-nyse_20260626T200000Z,W:2026-06-26T20:00:00Z:2026-06-29T06:00:00Z,,,,,,,,,,0,0,0,0.0,0.0,2026-06,RESEARCH_VALIDATION_EXPOSED,LISTING_AFTER_30_DAYS,MATCHED_RANDOM,SKIPPED,NO_MATCHED_RANDOM_BLOCK,0
COINUSDT-R-1782504000000-s97,COINUSDT,CRYPTO_SENSITIVE_EQUITY,R,97,COINUSDT-nyse_20260626T200000Z,W:2026-06-26T20:00:00Z:2026-06-29T06:00:00Z,,,,,,,,,,0,0,0,0.0,0.0,2026-06,RESEARCH_VALIDATION_EXPOSED,LISTING_AFTER_30_DAYS,MATCHED_RANDOM,SKIPPED,NO_MATCHED_RANDOM_BLOCK,0
CRCLUSDT-R-1782504000000-s97,CRCLUSDT,CRYPTO_SENSITIVE_EQUITY,R,97,CRCLUSDT-nyse_20260626T200000Z,W:2026-06-26T20:00:00Z:2026-06-29T06:00:00Z,,,,,,,,,,0,0,0,0.0,0.0,2026-06,RESEARCH_VALIDATION_EXPOSED,LISTING_AFTER_30_DAYS,MATCHED_RANDOM,SKIPPED,NO_MATCHED_RANDOM_BLOCK,0
HOODUSDT-R-1782504000000-s97,HOODUSDT,CRYPTO_SENSITIVE_EQUITY,R,97,HOODUSDT-nyse_20260626T200000Z,W:2026-06-26T20:00:00Z:2026-06-29T06:00:00Z,,,,,,,,,,0,0,0,0.0,0.0,2026-06,RESEARCH_VALIDATION_EXPOSED,LISTING_AFTER_30_DAYS,MATCHED_RANDOM,SKIPPED,NO_MATCHED_RANDOM_BLOCK,0
INTCUSDT-R-1782504000000-s97,INTCUSDT,TRADITIONAL_EQUITY,R,97,INTCUSDT-nyse_20260626T200000Z,W:2026-06-26T20:00:00Z:2026-06-29T06:00:00Z,,,,,,,,,,0,0,0,0.0,0.0,2026-06,RESEARCH_VALIDATION_EXPOSED,LISTING_AFTER_30_DAYS,MATCHED_RANDOM,SKIPPED,NO_MATCHED_RANDOM_BLOCK,0
MSTRUSDT-R-1782504000000-s97,MSTRUSDT,CRYPTO_SENSITIVE_EQUITY,R,97,MSTRUSDT-nyse_20260626T200000Z,W:2026-06-26T20:00:00Z:2026-06-29T06:00:00Z,,,,,,,,,,0,0,0,0.0,0.0,2026-06,RESEARCH_VALIDATION_EXPOSED,LISTING_AFTER_30_DAYS,MATCHED_RANDOM,SKIPPED,NO_MATCHED_RANDOM_BLOCK,0
PLTRUSDT-R-1782504000000-s97,PLTRUSDT,TRADITIONAL_EQUITY,R,97,PLTRUSDT-nyse_20260626T200000Z,W:2026-06-26T20:00:00Z:2026-06-29T06:00:00Z,,,,,,,,,,0,0,0,0.0,0.0,2026-06,RESEARCH_VALIDATION_EXPOSED,LISTING_AFTER_30_DAYS,MATCHED_RANDOM,SKIPPED,NO_MATCHED_RANDOM_BLOCK,0
TSLAUSDT-R-1782504000000-s97,TSLAUSDT,TRADITIONAL_EQUITY,R,97,TSLAUSDT-nyse_20260626T200000Z,W:2026-06-26T20:00:00Z:2026-06-29T06:00:00Z,,,,,,,,,,0,0,0,0.0,0.0,2026-06,RESEARCH_VALIDATION_EXPOSED,LISTING_AFTER_30_DAYS,MATCHED_RANDOM,SKIPPED,NO_MATCHED_RANDOM_BLOCK,0
AMZNUSDT-R-1783022400000-s3,AMZNUSDT,TRADITIONAL_EQUITY,R,3,AMZNUSDT-nyse_20260702T200000Z,W:2026-07-02T20:00:00Z:2026-07-06T06:00:00Z,,,,,,,,,,0,0,0,0.0,0.0,2026-07,DESCRIPTIVE_EXPOSED,LISTING_AFTER_30_DAYS,MATCHED_RANDOM,SKIPPED,NO_MATCHED_RANDOM_BLOCK,0
COINUSDT-R-1783022400000-s3,COINUSDT,CRYPTO_SENSITIVE_EQUITY,R,3,COINUSDT-nyse_20260702T200000Z,W:2026-07-02T20:00:00Z:2026-07-06T06:00:00Z,,,,,,,,,,0,0,0,0.0,0.0,2026-07,DESCRIPTIVE_EXPOSED,LISTING_AFTER_30_DAYS,MATCHED_RANDOM,SKIPPED,NO_MATCHED_RANDOM_BLOCK,0
CRCLUSDT-R-1783022400000-s3,CRCLUSDT,CRYPTO_SENSITIVE_EQUITY,R,3,CRCLUSDT-nyse_20260702T200000Z,W:2026-07-02T20:00:00Z:2026-07-06T06:00:00Z,,,,,,,,,,0,0,0,0.0,0.0,2026-07,DESCRIPTIVE_EXPOSED,LISTING_AFTER_30_DAYS,MATCHED_RANDOM,SKIPPED,NO_MATCHED_RANDOM_BLOCK,0
HOODUSDT-R-1783022400000-s3,HOODUSDT,CRYPTO_SENSITIVE_EQUITY,R,3,HOODUSDT-nyse_20260702T200000Z,W:2026-07-02T20:00:00Z:2026-07-06T06:00:00Z,,,,,,,,,,0,0,0,0.0,0.0,2026-07,DESCRIPTIVE_EXPOSED,LISTING_AFTER_30_DAYS,MATCHED_RANDOM,SKIPPED,NO_MATCHED_RANDOM_BLOCK,0
INTCUSDT-R-1783022400000-s3,INTCUSDT,TRADITIONAL_EQUITY,R,3,INTCUSDT-nyse_20260702T200000Z,W:2026-07-02T20:00:00Z:2026-07-06T06:00:00Z,,,,,,,,,,0,0,0,0.0,0.0,2026-07,DESCRIPTIVE_EXPOSED,LISTING_AFTER_30_DAYS,MATCHED_RANDOM,SKIPPED,NO_MATCHED_RANDOM_BLOCK,0
MSTRUSDT-R-1783022400000-s3,MSTRUSDT,CRYPTO_SENSITIVE_EQUITY,R,3,MSTRUSDT-nyse_20260702T200000Z,W:2026-07-02T20:00:00Z:2026-07-06T06:00:00Z,,,,,,,,,,0,0,0,0.0,0.0,2026-07,DESCRIPTIVE_EXPOSED,LISTING_AFTER_30_DAYS,MATCHED_RANDOM,SKIPPED,NO_MATCHED_RANDOM_BLOCK,0
PLTRUSDT-R-1783022400000-s3,PLTRUSDT,TRADITIONAL_EQUITY,R,3,PLTRUSDT-nyse_20260702T200000Z,W:2026-07-02T20:00:00Z:2026-07-06T06:00:00Z,,,,,,,,,,0,0,0,0.0,0.0,2026-07,DESCRIPTIVE_EXPOSED,LISTING_AFTER_30_DAYS,MATCHED_RANDOM,SKIPPED,NO_MATCHED_RANDOM_BLOCK,0
TSLAUSDT-R-1783022400000-s3,TSLAUSDT,TRADITIONAL_EQUITY,R,3,TSLAUSDT-nyse_20260702T200000Z,W:2026-07-02T20:00:00Z:2026-07-06T06:00:00Z,,,,,,,,,,0,0,0,0.0,0.0,2026-07,DESCRIPTIVE_EXPOSED,LISTING_AFTER_30_DAYS,MATCHED_RANDOM,SKIPPED,NO_MATCHED_RANDOM_BLOCK,0
AMZNUSDT-R-1783022400000-s10,AMZNUSDT,TRADITIONAL_EQUITY,R,10,AMZNUSDT-nyse_20260702T200000Z,W:2026-07-02T20:00:00Z:2026-07-06T06:00:00Z,,,,,,,,,,0,0,0,0.0,0.0,2026-07,DESCRIPTIVE_EXPOSED,LISTING_AFTER_30_DAYS,MATCHED_RANDOM,SKIPPED,NO_MATCHED_RANDOM_BLOCK,0
COINUSDT-R-1783022400000-s10,COINUSDT,CRYPTO_SENSITIVE_EQUITY,R,10,COINUSDT-nyse_20260702T200000Z,W:2026-07-02T20:00:00Z:2026-07-06T06:00:00Z,,,,,,,,,,0,0,0,0.0,0.0,2026-07,DESCRIPTIVE_EXPOSED,LISTING_AFTER_30_DAYS,MATCHED_RANDOM,SKIPPED,NO_MATCHED_RANDOM_BLOCK,0
CRCLUSDT-R-1783022400000-s10,CRCLUSDT,CRYPTO_SENSITIVE_EQUITY,R,10,CRCLUSDT-nyse_20260702T200000Z,W:2026-07-02T20:00:00Z:2026-07-06T06:00:00Z,,,,,,,,,,0,0,0,0.0,0.0,2026-07,DESCRIPTIVE_EXPOSED,LISTING_AFTER_30_DAYS,MATCHED_RANDOM,SKIPPED,NO_MATCHED_RANDOM_BLOCK,0
HOODUSDT-R-1783022400000-s10,HOODUSDT,CRYPTO_SENSITIVE_EQUITY,R,10,HOODUSDT-nyse_20260702T200000Z,W:2026-07-02T20:00:00Z:2026-07-06T06:00:00Z,,,,,,,,,,0,0,0,0.0,0.0,2026-07,DESCRIPTIVE_EXPOSED,LISTING_AFTER_30_DAYS,MATCHED_RANDOM,SKIPPED,NO_MATCHED_RANDOM_BLOCK,0
INTCUSDT-R-1783022400000-s10,INTCUSDT,TRADITIONAL_EQUITY,R,10,INTCUSDT-nyse_20260702T200000Z,W:2026-07-02T20:00:00Z:2026-07-06T06:00:00Z,,,,,,,,,,0,0,0,0.0,0.0,2026-07,DESCRIPTIVE_EXPOSED,LISTING_AFTER_30_DAYS,MATCHED_RANDOM,SKIPPED,NO_MATCHED_RANDOM_BLOCK,0
MSTRUSDT-R-1783022400000-s10,MSTRUSDT,CRYPTO_SENSITIVE_EQUITY,R,10,MSTRUSDT-nyse_20260702T200000Z,W:2026-07-02T20:00:00Z:2026-07-06T06:00:00Z,,,,,,,,,,0,0,0,0.0,0.0,2026-07,DESCRIPTIVE_EXPOSED,LISTING_AFTER_30_DAYS,MATCHED_RANDOM,SKIPPED,NO_MATCHED_RANDOM_BLOCK,0
PLTRUSDT-R-1783022400000-s10,PLTRUSDT,TRADITIONAL_EQUITY,R,10,PLTRUSDT-nyse_20260702T200000Z,W:2026-07-02T20:00:00Z:2026-07-06T06:00:00Z,,,,,,,,,,0,0,0,0.0,0.0,2026-07,DESCRIPTIVE_EXPOSED,LISTING_AFTER_30_DAYS,MATCHED_RANDOM,SKIPPED,NO_MATCHED_RANDOM_BLOCK,0
TSLAUSDT-R-1783022400000-s10,TSLAUSDT,TRADITIONAL_EQUITY,R,10,TSLAUSDT-nyse_20260702T200000Z,W:2026-07-02T20:00:00Z:2026-07-06T06:00:00Z,,,,,,,,,,0,0,0,0.0,0.0,2026-07,DESCRIPTIVE_EXPOSED,LISTING_AFTER_30_DAYS,MATCHED_RANDOM,SKIPPED,NO_MATCHED_RANDOM_BLOCK,0
AMZNUSDT-R-1783022400000-s17,AMZNUSDT,TRADITIONAL_EQUITY,R,17,AMZNUSDT-nyse_20260702T200000Z,W:2026-07-02T20:00:00Z:2026-07-06T06:00:00Z,,,,,,,,,,0,0,0,0.0,0.0,2026-07,DESCRIPTIVE_EXPOSED,LISTING_AFTER_30_DAYS,MATCHED_RANDOM,SKIPPED,NO_MATCHED_RANDOM_BLOCK,0
COINUSDT-R-1783022400000-s17,COINUSDT,CRYPTO_SENSITIVE_EQUITY,R,17,COINUSDT-nyse_20260702T200000Z,W:2026-07-02T20:00:00Z:2026-07-06T06:00:00Z,,,,,,,,,,0,0,0,0.0,0.0,2026-07,DESCRIPTIVE_EXPOSED,LISTING_AFTER_30_DAYS,MATCHED_RANDOM,SKIPPED,NO_MATCHED_RANDOM_BLOCK,0
CRCLUSDT-R-1783022400000-s17,CRCLUSDT,CRYPTO_SENSITIVE_EQUITY,R,17,CRCLUSDT-nyse_20260702T200000Z,W:2026-07-02T20:00:00Z:2026-07-06T06:00:00Z,,,,,,,,,,0,0,0,0.0,0.0,2026-07,DESCRIPTIVE_EXPOSED,LISTING_AFTER_30_DAYS,MATCHED_RANDOM,SKIPPED,NO_MATCHED_RANDOM_BLOCK,0
HOODUSDT-R-1783022400000-s17,HOODUSDT,CRYPTO_SENSITIVE_EQUITY,R,17,HOODUSDT-nyse_20260702T200000Z,W:2026-07-02T20:00:00Z:2026-07-06T06:00:00Z,,,,,,,,,,0,0,0,0.0,0.0,2026-07,DESCRIPTIVE_EXPOSED,LISTING_AFTER_30_DAYS,MATCHED_RANDOM,SKIPPED,NO_MATCHED_RANDOM_BLOCK,0
INTCUSDT-R-1783022400000-s17,INTCUSDT,TRADITIONAL_EQUITY,R,17,INTCUSDT-nyse_20260702T200000Z,W:2026-07-02T20:00:00Z:2026-07-06T06:00:00Z,,,,,,,,,,0,0,0,0.0,0.0,2026-07,DESCRIPTIVE_EXPOSED,LISTING_AFTER_30_DAYS,MATCHED_RANDOM,SKIPPED,NO_MATCHED_RANDOM_BLOCK,0
MSTRUSDT-R-1783022400000-s17,MSTRUSDT,CRYPTO_SENSITIVE_EQUITY,R,17,MSTRUSDT-nyse_20260702T200000Z,W:2026-07-02T20:00:00Z:2026-07-06T06:00:00Z,,,,,,,,,,0,0,0,0.0,0.0,2026-07,DESCRIPTIVE_EXPOSED,LISTING_AFTER_30_DAYS,MATCHED_RANDOM,SKIPPED,NO_MATCHED_RANDOM_BLOCK,0
PLTRUSDT-R-1783022400000-s17,PLTRUSDT,TRADITIONAL_EQUITY,R,17,PLTRUSDT-nyse_20260702T200000Z,W:2026-07-02T20:00:00Z:2026-07-06T06:00:00Z,,,,,,,,,,0,0,0,0.0,0.0,2026-07,DESCRIPTIVE_EXPOSED,LISTING_AFTER_30_DAYS,MATCHED_RANDOM,SKIPPED,NO_MATCHED_RANDOM_BLOCK,0
TSLAUSDT-R-1783022400000-s17,TSLAUSDT,TRADITIONAL_EQUITY,R,17,TSLAUSDT-nyse_20260702T200000Z,W:2026-07-02T20:00:00Z:2026-07-06T06:00:00Z,,,,,,,,,,0,0,0,0.0,0.0,2026-07,DESCRIPTIVE_EXPOSED,LISTING_AFTER_30_DAYS,MATCHED_RANDOM,SKIPPED,NO_MATCHED_RANDOM_BLOCK,0
AMZNUSDT-R-1783022400000-s31,AMZNUSDT,TRADITIONAL_EQUITY,R,31,AMZNUSDT-nyse_20260702T200000Z,W:2026-07-02T20:00:00Z:2026-07-06T06:00:00Z,,,,,,,,,,0,0,0,0.0,0.0,2026-07,DESCRIPTIVE_EXPOSED,LISTING_AFTER_30_DAYS,MATCHED_RANDOM,SKIPPED,NO_MATCHED_RANDOM_BLOCK,0
COINUSDT-R-1783022400000-s31,COINUSDT,CRYPTO_SENSITIVE_EQUITY,R,31,COINUSDT-nyse_20260702T200000Z,W:2026-07-02T20:00:00Z:2026-07-06T06:00:00Z,,,,,,,,,,0,0,0,0.0,0.0,2026-07,DESCRIPTIVE_EXPOSED,LISTING_AFTER_30_DAYS,MATCHED_RANDOM,SKIPPED,NO_MATCHED_RANDOM_BLOCK,0
CRCLUSDT-R-1783022400000-s31,CRCLUSDT,CRYPTO_SENSITIVE_EQUITY,R,31,CRCLUSDT-nyse_20260702T200000Z,W:2026-07-02T20:00:00Z:2026-07-06T06:00:00Z,,,,,,,,,,0,0,0,0.0,0.0,2026-07,DESCRIPTIVE_EXPOSED,LISTING_AFTER_30_DAYS,MATCHED_RANDOM,SKIPPED,NO_MATCHED_RANDOM_BLOCK,0
HOODUSDT-R-1783022400000-s31,HOODUSDT,CRYPTO_SENSITIVE_EQUITY,R,31,HOODUSDT-nyse_20260702T200000Z,W:2026-07-02T20:00:00Z:2026-07-06T06:00:00Z,,,,,,,,,,0,0,0,0.0,0.0,2026-07,DESCRIPTIVE_EXPOSED,LISTING_AFTER_30_DAYS,MATCHED_RANDOM,SKIPPED,NO_MATCHED_RANDOM_BLOCK,0
INTCUSDT-R-1783022400000-s31,INTCUSDT,TRADITIONAL_EQUITY,R,31,INTCUSDT-nyse_20260702T200000Z,W:2026-07-02T20:00:00Z:2026-07-06T06:00:00Z,,,,,,,,,,0,0,0,0.0,0.0,2026-07,DESCRIPTIVE_EXPOSED,LISTING_AFTER_30_DAYS,MATCHED_RANDOM,SKIPPED,NO_MATCHED_RANDOM_BLOCK,0
MSTRUSDT-R-1783022400000-s31,MSTRUSDT,CRYPTO_SENSITIVE_EQUITY,R,31,MSTRUSDT-nyse_20260702T200000Z,W:2026-07-02T20:00:00Z:2026-07-06T06:00:00Z,,,,,,,,,,0,0,0,0.0,0.0,2026-07,DESCRIPTIVE_EXPOSED,LISTING_AFTER_30_DAYS,MATCHED_RANDOM,SKIPPED,NO_MATCHED_RANDOM_BLOCK,0
PLTRUSDT-R-1783022400000-s31,PLTRUSDT,TRADITIONAL_EQUITY,R,31,PLTRUSDT-nyse_20260702T200000Z,W:2026-07-02T20:00:00Z:2026-07-06T06:00:00Z,,,,,,,,,,0,0,0,0.0,0.0,2026-07,DESCRIPTIVE_EXPOSED,LISTING_AFTER_30_DAYS,MATCHED_RANDOM,SKIPPED,NO_MATCHED_RANDOM_BLOCK,0
TSLAUSDT-R-1783022400000-s31,TSLAUSDT,TRADITIONAL_EQUITY,R,31,TSLAUSDT-nyse_20260702T200000Z,W:2026-07-02T20:00:00Z:2026-07-06T06:00:00Z,,,,,,,,,,0,0,0,0.0,0.0,2026-07,DESCRIPTIVE_EXPOSED,LISTING_AFTER_30_DAYS,MATCHED_RANDOM,SKIPPED,NO_MATCHED_RANDOM_BLOCK,0
AMZNUSDT-R-1783022400000-s59,AMZNUSDT,TRADITIONAL_EQUITY,R,59,AMZNUSDT-nyse_20260702T200000Z,W:2026-07-02T20:00:00Z:2026-07-06T06:00:00Z,,,,,,,,,,0,0,0,0.0,0.0,2026-07,DESCRIPTIVE_EXPOSED,LISTING_AFTER_30_DAYS,MATCHED_RANDOM,SKIPPED,NO_MATCHED_RANDOM_BLOCK,0
COINUSDT-R-1783022400000-s59,COINUSDT,CRYPTO_SENSITIVE_EQUITY,R,59,COINUSDT-nyse_20260702T200000Z,W:2026-07-02T20:00:00Z:2026-07-06T06:00:00Z,,,,,,,,,,0,0,0,0.0,0.0,2026-07,DESCRIPTIVE_EXPOSED,LISTING_AFTER_30_DAYS,MATCHED_RANDOM,SKIPPED,NO_MATCHED_RANDOM_BLOCK,0
CRCLUSDT-R-1783022400000-s59,CRCLUSDT,CRYPTO_SENSITIVE_EQUITY,R,59,CRCLUSDT-nyse_20260702T200000Z,W:2026-07-02T20:00:00Z:2026-07-06T06:00:00Z,,,,,,,,,,0,0,0,0.0,0.0,2026-07,DESCRIPTIVE_EXPOSED,LISTING_AFTER_30_DAYS,MATCHED_RANDOM,SKIPPED,NO_MATCHED_RANDOM_BLOCK,0
HOODUSDT-R-1783022400000-s59,HOODUSDT,CRYPTO_SENSITIVE_EQUITY,R,59,HOODUSDT-nyse_20260702T200000Z,W:2026-07-02T20:00:00Z:2026-07-06T06:00:00Z,,,,,,,,,,0,0,0,0.0,0.0,2026-07,DESCRIPTIVE_EXPOSED,LISTING_AFTER_30_DAYS,MATCHED_RANDOM,SKIPPED,NO_MATCHED_RANDOM_BLOCK,0
INTCUSDT-R-1783022400000-s59,INTCUSDT,TRADITIONAL_EQUITY,R,59,INTCUSDT-nyse_20260702T200000Z,W:2026-07-02T20:00:00Z:2026-07-06T06:00:00Z,,,,,,,,,,0,0,0,0.0,0.0,2026-07,DESCRIPTIVE_EXPOSED,LISTING_AFTER_30_DAYS,MATCHED_RANDOM,SKIPPED,NO_MATCHED_RANDOM_BLOCK,0
MSTRUSDT-R-1783022400000-s59,MSTRUSDT,CRYPTO_SENSITIVE_EQUITY,R,59,MSTRUSDT-nyse_20260702T200000Z,W:2026-07-02T20:00:00Z:2026-07-06T06:00:00Z,,,,,,,,,,0,0,0,0.0,0.0,2026-07,DESCRIPTIVE_EXPOSED,LISTING_AFTER_30_DAYS,MATCHED_RANDOM,SKIPPED,NO_MATCHED_RANDOM_BLOCK,0
PLTRUSDT-R-1783022400000-s59,PLTRUSDT,TRADITIONAL_EQUITY,R,59,PLTRUSDT-nyse_20260702T200000Z,W:2026-07-02T20:00:00Z:2026-07-06T06:00:00Z,,,,,,,,,,0,0,0,0.0,0.0,2026-07,DESCRIPTIVE_EXPOSED,LISTING_AFTER_30_DAYS,MATCHED_RANDOM,SKIPPED,NO_MATCHED_RANDOM_BLOCK,0
TSLAUSDT-R-1783022400000-s59,TSLAUSDT,TRADITIONAL_EQUITY,R,59,TSLAUSDT-nyse_20260702T200000Z,W:2026-07-02T20:00:00Z:2026-07-06T06:00:00Z,,,,,,,,,,0,0,0,0.0,0.0,2026-07,DESCRIPTIVE_EXPOSED,LISTING_AFTER_30_DAYS,MATCHED_RANDOM,SKIPPED,NO_MATCHED_RANDOM_BLOCK,0
AMZNUSDT-R-1783022400000-s97,AMZNUSDT,TRADITIONAL_EQUITY,R,97,AMZNUSDT-nyse_20260702T200000Z,W:2026-07-02T20:00:00Z:2026-07-06T06:00:00Z,,,,,,,,,,0,0,0,0.0,0.0,2026-07,DESCRIPTIVE_EXPOSED,LISTING_AFTER_30_DAYS,MATCHED_RANDOM,SKIPPED,NO_MATCHED_RANDOM_BLOCK,0
COINUSDT-R-1783022400000-s97,COINUSDT,CRYPTO_SENSITIVE_EQUITY,R,97,COINUSDT-nyse_20260702T200000Z,W:2026-07-02T20:00:00Z:2026-07-06T06:00:00Z,,,,,,,,,,0,0,0,0.0,0.0,2026-07,DESCRIPTIVE_EXPOSED,LISTING_AFTER_30_DAYS,MATCHED_RANDOM,SKIPPED,NO_MATCHED_RANDOM_BLOCK,0
CRCLUSDT-R-1783022400000-s97,CRCLUSDT,CRYPTO_SENSITIVE_EQUITY,R,97,CRCLUSDT-nyse_20260702T200000Z,W:2026-07-02T20:00:00Z:2026-07-06T06:00:00Z,,,,,,,,,,0,0,0,0.0,0.0,2026-07,DESCRIPTIVE_EXPOSED,LISTING_AFTER_30_DAYS,MATCHED_RANDOM,SKIPPED,NO_MATCHED_RANDOM_BLOCK,0
HOODUSDT-R-1783022400000-s97,HOODUSDT,CRYPTO_SENSITIVE_EQUITY,R,97,HOODUSDT-nyse_20260702T200000Z,W:2026-07-02T20:00:00Z:2026-07-06T06:00:00Z,,,,,,,,,,0,0,0,0.0,0.0,2026-07,DESCRIPTIVE_EXPOSED,LISTING_AFTER_30_DAYS,MATCHED_RANDOM,SKIPPED,NO_MATCHED_RANDOM_BLOCK,0
INTCUSDT-R-1783022400000-s97,INTCUSDT,TRADITIONAL_EQUITY,R,97,INTCUSDT-nyse_20260702T200000Z,W:2026-07-02T20:00:00Z:2026-07-06T06:00:00Z,,,,,,,,,,0,0,0,0.0,0.0,2026-07,DESCRIPTIVE_EXPOSED,LISTING_AFTER_30_DAYS,MATCHED_RANDOM,SKIPPED,NO_MATCHED_RANDOM_BLOCK,0
MSTRUSDT-R-1783022400000-s97,MSTRUSDT,CRYPTO_SENSITIVE_EQUITY,R,97,MSTRUSDT-nyse_20260702T200000Z,W:2026-07-02T20:00:00Z:2026-07-06T06:00:00Z,,,,,,,,,,0,0,0,0.0,0.0,2026-07,DESCRIPTIVE_EXPOSED,LISTING_AFTER_30_DAYS,MATCHED_RANDOM,SKIPPED,NO_MATCHED_RANDOM_BLOCK,0
PLTRUSDT-R-1783022400000-s97,PLTRUSDT,TRADITIONAL_EQUITY,R,97,PLTRUSDT-nyse_20260702T200000Z,W:2026-07-02T20:00:00Z:2026-07-06T06:00:00Z,,,,,,,,,,0,0,0,0.0,0.0,2026-07,DESCRIPTIVE_EXPOSED,LISTING_AFTER_30_DAYS,MATCHED_RANDOM,SKIPPED,NO_MATCHED_RANDOM_BLOCK,0
TSLAUSDT-R-1783022400000-s97,TSLAUSDT,TRADITIONAL_EQUITY,R,97,TSLAUSDT-nyse_20260702T200000Z,W:2026-07-02T20:00:00Z:2026-07-06T06:00:00Z,,,,,,,,,,0,0,0,0.0,0.0,2026-07,DESCRIPTIVE_EXPOSED,LISTING_AFTER_30_DAYS,MATCHED_RANDOM,SKIPPED,NO_MATCHED_RANDOM_BLOCK,0
AMZNUSDT-R-1783713600000-s3,AMZNUSDT,TRADITIONAL_EQUITY,R,3,AMZNUSDT-nyse_20260710T200000Z,W:2026-07-10T20:00:00Z:2026-07-13T06:00:00Z,,,,,,,,,,0,0,0,0.0,0.0,2026-07,DESCRIPTIVE_EXPOSED,LISTING_AFTER_30_DAYS,MATCHED_RANDOM,SKIPPED,NO_MATCHED_RANDOM_BLOCK,0
COINUSDT-R-1783713600000-s3,COINUSDT,CRYPTO_SENSITIVE_EQUITY,R,3,COINUSDT-nyse_20260710T200000Z,W:2026-07-10T20:00:00Z:2026-07-13T06:00:00Z,,,,,,,,,,0,0,0,0.0,0.0,2026-07,DESCRIPTIVE_EXPOSED,LISTING_AFTER_30_DAYS,MATCHED_RANDOM,SKIPPED,NO_MATCHED_RANDOM_BLOCK,0
CRCLUSDT-R-1783713600000-s3,CRCLUSDT,CRYPTO_SENSITIVE_EQUITY,R,3,CRCLUSDT-nyse_20260710T200000Z,W:2026-07-10T20:00:00Z:2026-07-13T06:00:00Z,,,,,,,,,,0,0,0,0.0,0.0,2026-07,DESCRIPTIVE_EXPOSED,LISTING_AFTER_30_DAYS,MATCHED_RANDOM,SKIPPED,NO_MATCHED_RANDOM_BLOCK,0
HOODUSDT-R-1783713600000-s3,HOODUSDT,CRYPTO_SENSITIVE_EQUITY,R,3,HOODUSDT-nyse_20260710T200000Z,W:2026-07-10T20:00:00Z:2026-07-13T06:00:00Z,,,,,,,,,,0,0,0,0.0,0.0,2026-07,DESCRIPTIVE_EXPOSED,LISTING_AFTER_30_DAYS,MATCHED_RANDOM,SKIPPED,NO_MATCHED_RANDOM_BLOCK,0
INTCUSDT-R-1783713600000-s3,INTCUSDT,TRADITIONAL_EQUITY,R,3,INTCUSDT-nyse_20260710T200000Z,W:2026-07-10T20:00:00Z:2026-07-13T06:00:00Z,,,,,,,,,,0,0,0,0.0,0.0,2026-07,DESCRIPTIVE_EXPOSED,LISTING_AFTER_30_DAYS,MATCHED_RANDOM,SKIPPED,NO_MATCHED_RANDOM_BLOCK,0
MSTRUSDT-R-1783713600000-s3,MSTRUSDT,CRYPTO_SENSITIVE_EQUITY,R,3,MSTRUSDT-nyse_20260710T200000Z,W:2026-07-10T20:00:00Z:2026-07-13T06:00:00Z,,,,,,,,,,0,0,0,0.0,0.0,2026-07,DESCRIPTIVE_EXPOSED,LISTING_AFTER_30_DAYS,MATCHED_RANDOM,SKIPPED,NO_MATCHED_RANDOM_BLOCK,0
PLTRUSDT-R-1783713600000-s3,PLTRUSDT,TRADITIONAL_EQUITY,R,3,PLTRUSDT-nyse_20260710T200000Z,W:2026-07-10T20:00:00Z:2026-07-13T06:00:00Z,,,,,,,,,,0,0,0,0.0,0.0,2026-07,DESCRIPTIVE_EXPOSED,LISTING_AFTER_30_DAYS,MATCHED_RANDOM,SKIPPED,NO_MATCHED_RANDOM_BLOCK,0
TSLAUSDT-R-1783713600000-s3,TSLAUSDT,TRADITIONAL_EQUITY,R,3,TSLAUSDT-nyse_20260710T200000Z,W:2026-07-10T20:00:00Z:2026-07-13T06:00:00Z,,,,,,,,,,0,0,0,0.0,0.0,2026-07,DESCRIPTIVE_EXPOSED,LISTING_AFTER_30_DAYS,MATCHED_RANDOM,SKIPPED,NO_MATCHED_RANDOM_BLOCK,0
AMZNUSDT-R-1783713600000-s10,AMZNUSDT,TRADITIONAL_EQUITY,R,10,AMZNUSDT-nyse_20260710T200000Z,W:2026-07-10T20:00:00Z:2026-07-13T06:00:00Z,,,,,,,,,,0,0,0,0.0,0.0,2026-07,DESCRIPTIVE_EXPOSED,LISTING_AFTER_30_DAYS,MATCHED_RANDOM,SKIPPED,NO_MATCHED_RANDOM_BLOCK,0
COINUSDT-R-1783713600000-s10,COINUSDT,CRYPTO_SENSITIVE_EQUITY,R,10,COINUSDT-nyse_20260710T200000Z,W:2026-07-10T20:00:00Z:2026-07-13T06:00:00Z,,,,,,,,,,0,0,0,0.0,0.0,2026-07,DESCRIPTIVE_EXPOSED,LISTING_AFTER_30_DAYS,MATCHED_RANDOM,SKIPPED,NO_MATCHED_RANDOM_BLOCK,0
CRCLUSDT-R-1783713600000-s10,CRCLUSDT,CRYPTO_SENSITIVE_EQUITY,R,10,CRCLUSDT-nyse_20260710T200000Z,W:2026-07-10T20:00:00Z:2026-07-13T06:00:00Z,,,,,,,,,,0,0,0,0.0,0.0,2026-07,DESCRIPTIVE_EXPOSED,LISTING_AFTER_30_DAYS,MATCHED_RANDOM,SKIPPED,NO_MATCHED_RANDOM_BLOCK,0
HOODUSDT-R-1783713600000-s10,HOODUSDT,CRYPTO_SENSITIVE_EQUITY,R,10,HOODUSDT-nyse_20260710T200000Z,W:2026-07-10T20:00:00Z:2026-07-13T06:00:00Z,,,,,,,,,,0,0,0,0.0,0.0,2026-07,DESCRIPTIVE_EXPOSED,LISTING_AFTER_30_DAYS,MATCHED_RANDOM,SKIPPED,NO_MATCHED_RANDOM_BLOCK,0
INTCUSDT-R-1783713600000-s10,INTCUSDT,TRADITIONAL_EQUITY,R,10,INTCUSDT-nyse_20260710T200000Z,W:2026-07-10T20:00:00Z:2026-07-13T06:00:00Z,,,,,,,,,,0,0,0,0.0,0.0,2026-07,DESCRIPTIVE_EXPOSED,LISTING_AFTER_30_DAYS,MATCHED_RANDOM,SKIPPED,NO_MATCHED_RANDOM_BLOCK,0
MSTRUSDT-R-1783713600000-s10,MSTRUSDT,CRYPTO_SENSITIVE_EQUITY,R,10,MSTRUSDT-nyse_20260710T200000Z,W:2026-07-10T20:00:00Z:2026-07-13T06:00:00Z,,,,,,,,,,0,0,0,0.0,0.0,2026-07,DESCRIPTIVE_EXPOSED,LISTING_AFTER_30_DAYS,MATCHED_RANDOM,SKIPPED,NO_MATCHED_RANDOM_BLOCK,0
PLTRUSDT-R-1783713600000-s10,PLTRUSDT,TRADITIONAL_EQUITY,R,10,PLTRUSDT-nyse_20260710T200000Z,W:2026-07-10T20:00:00Z:2026-07-13T06:00:00Z,,,,,,,,,,0,0,0,0.0,0.0,2026-07,DESCRIPTIVE_EXPOSED,LISTING_AFTER_30_DAYS,MATCHED_RANDOM,SKIPPED,NO_MATCHED_RANDOM_BLOCK,0
TSLAUSDT-R-1783713600000-s10,TSLAUSDT,TRADITIONAL_EQUITY,R,10,TSLAUSDT-nyse_20260710T200000Z,W:2026-07-10T20:00:00Z:2026-07-13T06:00:00Z,,,,,,,,,,0,0,0,0.0,0.0,2026-07,DESCRIPTIVE_EXPOSED,LISTING_AFTER_30_DAYS,MATCHED_RANDOM,SKIPPED,NO_MATCHED_RANDOM_BLOCK,0
AMZNUSDT-R-1783713600000-s17,AMZNUSDT,TRADITIONAL_EQUITY,R,17,AMZNUSDT-nyse_20260710T200000Z,W:2026-07-10T20:00:00Z:2026-07-13T06:00:00Z,,,,,,,,,,0,0,0,0.0,0.0,2026-07,DESCRIPTIVE_EXPOSED,LISTING_AFTER_30_DAYS,MATCHED_RANDOM,SKIPPED,NO_MATCHED_RANDOM_BLOCK,0
COINUSDT-R-1783713600000-s17,COINUSDT,CRYPTO_SENSITIVE_EQUITY,R,17,COINUSDT-nyse_20260710T200000Z,W:2026-07-10T20:00:00Z:2026-07-13T06:00:00Z,,,,,,,,,,0,0,0,0.0,0.0,2026-07,DESCRIPTIVE_EXPOSED,LISTING_AFTER_30_DAYS,MATCHED_RANDOM,SKIPPED,NO_MATCHED_RANDOM_BLOCK,0
CRCLUSDT-R-1783713600000-s17,CRCLUSDT,CRYPTO_SENSITIVE_EQUITY,R,17,CRCLUSDT-nyse_20260710T200000Z,W:2026-07-10T20:00:00Z:2026-07-13T06:00:00Z,,,,,,,,,,0,0,0,0.0,0.0,2026-07,DESCRIPTIVE_EXPOSED,LISTING_AFTER_30_DAYS,MATCHED_RANDOM,SKIPPED,NO_MATCHED_RANDOM_BLOCK,0
HOODUSDT-R-1783713600000-s17,HOODUSDT,CRYPTO_SENSITIVE_EQUITY,R,17,HOODUSDT-nyse_20260710T200000Z,W:2026-07-10T20:00:00Z:2026-07-13T06:00:00Z,,,,,,,,,,0,0,0,0.0,0.0,2026-07,DESCRIPTIVE_EXPOSED,LISTING_AFTER_30_DAYS,MATCHED_RANDOM,SKIPPED,NO_MATCHED_RANDOM_BLOCK,0
INTCUSDT-R-1783713600000-s17,INTCUSDT,TRADITIONAL_EQUITY,R,17,INTCUSDT-nyse_20260710T200000Z,W:2026-07-10T20:00:00Z:2026-07-13T06:00:00Z,,,,,,,,,,0,0,0,0.0,0.0,2026-07,DESCRIPTIVE_EXPOSED,LISTING_AFTER_30_DAYS,MATCHED_RANDOM,SKIPPED,NO_MATCHED_RANDOM_BLOCK,0
MSTRUSDT-R-1783713600000-s17,MSTRUSDT,CRYPTO_SENSITIVE_EQUITY,R,17,MSTRUSDT-nyse_20260710T200000Z,W:2026-07-10T20:00:00Z:2026-07-13T06:00:00Z,,,,,,,,,,0,0,0,0.0,0.0,2026-07,DESCRIPTIVE_EXPOSED,LISTING_AFTER_30_DAYS,MATCHED_RANDOM,SKIPPED,NO_MATCHED_RANDOM_BLOCK,0
PLTRUSDT-R-1783713600000-s17,PLTRUSDT,TRADITIONAL_EQUITY,R,17,PLTRUSDT-nyse_20260710T200000Z,W:2026-07-10T20:00:00Z:2026-07-13T06:00:00Z,,,,,,,,,,0,0,0,0.0,0.0,2026-07,DESCRIPTIVE_EXPOSED,LISTING_AFTER_30_DAYS,MATCHED_RANDOM,SKIPPED,NO_MATCHED_RANDOM_BLOCK,0
TSLAUSDT-R-1783713600000-s17,TSLAUSDT,TRADITIONAL_EQUITY,R,17,TSLAUSDT-nyse_20260710T200000Z,W:2026-07-10T20:00:00Z:2026-07-13T06:00:00Z,,,,,,,,,,0,0,0,0.0,0.0,2026-07,DESCRIPTIVE_EXPOSED,LISTING_AFTER_30_DAYS,MATCHED_RANDOM,SKIPPED,NO_MATCHED_RANDOM_BLOCK,0
AMZNUSDT-R-1783713600000-s31,AMZNUSDT,TRADITIONAL_EQUITY,R,31,AMZNUSDT-nyse_20260710T200000Z,W:2026-07-10T20:00:00Z:2026-07-13T06:00:00Z,,,,,,,,,,0,0,0,0.0,0.0,2026-07,DESCRIPTIVE_EXPOSED,LISTING_AFTER_30_DAYS,MATCHED_RANDOM,SKIPPED,NO_MATCHED_RANDOM_BLOCK,0
COINUSDT-R-1783713600000-s31,COINUSDT,CRYPTO_SENSITIVE_EQUITY,R,31,COINUSDT-nyse_20260710T200000Z,W:2026-07-10T20:00:00Z:2026-07-13T06:00:00Z,,,,,,,,,,0,0,0,0.0,0.0,2026-07,DESCRIPTIVE_EXPOSED,LISTING_AFTER_30_DAYS,MATCHED_RANDOM,SKIPPED,NO_MATCHED_RANDOM_BLOCK,0
CRCLUSDT-R-1783713600000-s31,CRCLUSDT,CRYPTO_SENSITIVE_EQUITY,R,31,CRCLUSDT-nyse_20260710T200000Z,W:2026-07-10T20:00:00Z:2026-07-13T06:00:00Z,,,,,,,,,,0,0,0,0.0,0.0,2026-07,DESCRIPTIVE_EXPOSED,LISTING_AFTER_30_DAYS,MATCHED_RANDOM,SKIPPED,NO_MATCHED_RANDOM_BLOCK,0
HOODUSDT-R-1783713600000-s31,HOODUSDT,CRYPTO_SENSITIVE_EQUITY,R,31,HOODUSDT-nyse_20260710T200000Z,W:2026-07-10T20:00:00Z:2026-07-13T06:00:00Z,,,,,,,,,,0,0,0,0.0,0.0,2026-07,DESCRIPTIVE_EXPOSED,LISTING_AFTER_30_DAYS,MATCHED_RANDOM,SKIPPED,NO_MATCHED_RANDOM_BLOCK,0
INTCUSDT-R-1783713600000-s31,INTCUSDT,TRADITIONAL_EQUITY,R,31,INTCUSDT-nyse_20260710T200000Z,W:2026-07-10T20:00:00Z:2026-07-13T06:00:00Z,,,,,,,,,,0,0,0,0.0,0.0,2026-07,DESCRIPTIVE_EXPOSED,LISTING_AFTER_30_DAYS,MATCHED_RANDOM,SKIPPED,NO_MATCHED_RANDOM_BLOCK,0
MSTRUSDT-R-1783713600000-s31,MSTRUSDT,CRYPTO_SENSITIVE_EQUITY,R,31,MSTRUSDT-nyse_20260710T200000Z,W:2026-07-10T20:00:00Z:2026-07-13T06:00:00Z,,,,,,,,,,0,0,0,0.0,0.0,2026-07,DESCRIPTIVE_EXPOSED,LISTING_AFTER_30_DAYS,MATCHED_RANDOM,SKIPPED,NO_MATCHED_RANDOM_BLOCK,0
PLTRUSDT-R-1783713600000-s31,PLTRUSDT,TRADITIONAL_EQUITY,R,31,PLTRUSDT-nyse_20260710T200000Z,W:2026-07-10T20:00:00Z:2026-07-13T06:00:00Z,,,,,,,,,,0,0,0,0.0,0.0,2026-07,DESCRIPTIVE_EXPOSED,LISTING_AFTER_30_DAYS,MATCHED_RANDOM,SKIPPED,NO_MATCHED_RANDOM_BLOCK,0
TSLAUSDT-R-1783713600000-s31,TSLAUSDT,TRADITIONAL_EQUITY,R,31,TSLAUSDT-nyse_20260710T200000Z,W:2026-07-10T20:00:00Z:2026-07-13T06:00:00Z,,,,,,,,,,0,0,0,0.0,0.0,2026-07,DESCRIPTIVE_EXPOSED,LISTING_AFTER_30_DAYS,MATCHED_RANDOM,SKIPPED,NO_MATCHED_RANDOM_BLOCK,0
AMZNUSDT-R-1783713600000-s59,AMZNUSDT,TRADITIONAL_EQUITY,R,59,AMZNUSDT-nyse_20260710T200000Z,W:2026-07-10T20:00:00Z:2026-07-13T06:00:00Z,,,,,,,,,,0,0,0,0.0,0.0,2026-07,DESCRIPTIVE_EXPOSED,LISTING_AFTER_30_DAYS,MATCHED_RANDOM,SKIPPED,NO_MATCHED_RANDOM_BLOCK,0
COINUSDT-R-1783713600000-s59,COINUSDT,CRYPTO_SENSITIVE_EQUITY,R,59,COINUSDT-nyse_20260710T200000Z,W:2026-07-10T20:00:00Z:2026-07-13T06:00:00Z,,,,,,,,,,0,0,0,0.0,0.0,2026-07,DESCRIPTIVE_EXPOSED,LISTING_AFTER_30_DAYS,MATCHED_RANDOM,SKIPPED,NO_MATCHED_RANDOM_BLOCK,0
CRCLUSDT-R-1783713600000-s59,CRCLUSDT,CRYPTO_SENSITIVE_EQUITY,R,59,CRCLUSDT-nyse_20260710T200000Z,W:2026-07-10T20:00:00Z:2026-07-13T06:00:00Z,,,,,,,,,,0,0,0,0.0,0.0,2026-07,DESCRIPTIVE_EXPOSED,LISTING_AFTER_30_DAYS,MATCHED_RANDOM,SKIPPED,NO_MATCHED_RANDOM_BLOCK,0
HOODUSDT-R-1783713600000-s59,HOODUSDT,CRYPTO_SENSITIVE_EQUITY,R,59,HOODUSDT-nyse_20260710T200000Z,W:2026-07-10T20:00:00Z:2026-07-13T06:00:00Z,,,,,,,,,,0,0,0,0.0,0.0,2026-07,DESCRIPTIVE_EXPOSED,LISTING_AFTER_30_DAYS,MATCHED_RANDOM,SKIPPED,NO_MATCHED_RANDOM_BLOCK,0
INTCUSDT-R-1783713600000-s59,INTCUSDT,TRADITIONAL_EQUITY,R,59,INTCUSDT-nyse_20260710T200000Z,W:2026-07-10T20:00:00Z:2026-07-13T06:00:00Z,,,,,,,,,,0,0,0,0.0,0.0,2026-07,DESCRIPTIVE_EXPOSED,LISTING_AFTER_30_DAYS,MATCHED_RANDOM,SKIPPED,NO_MATCHED_RANDOM_BLOCK,0
MSTRUSDT-R-1783713600000-s59,MSTRUSDT,CRYPTO_SENSITIVE_EQUITY,R,59,MSTRUSDT-nyse_20260710T200000Z,W:2026-07-10T20:00:00Z:2026-07-13T06:00:00Z,,,,,,,,,,0,0,0,0.0,0.0,2026-07,DESCRIPTIVE_EXPOSED,LISTING_AFTER_30_DAYS,MATCHED_RANDOM,SKIPPED,NO_MATCHED_RANDOM_BLOCK,0
PLTRUSDT-R-1783713600000-s59,PLTRUSDT,TRADITIONAL_EQUITY,R,59,PLTRUSDT-nyse_20260710T200000Z,W:2026-07-10T20:00:00Z:2026-07-13T06:00:00Z,,,,,,,,,,0,0,0,0.0,0.0,2026-07,DESCRIPTIVE_EXPOSED,LISTING_AFTER_30_DAYS,MATCHED_RANDOM,SKIPPED,NO_MATCHED_RANDOM_BLOCK,0
TSLAUSDT-R-1783713600000-s59,TSLAUSDT,TRADITIONAL_EQUITY,R,59,TSLAUSDT-nyse_20260710T200000Z,W:2026-07-10T20:00:00Z:2026-07-13T06:00:00Z,,,,,,,,,,0,0,0,0.0,0.0,2026-07,DESCRIPTIVE_EXPOSED,LISTING_AFTER_30_DAYS,MATCHED_RANDOM,SKIPPED,NO_MATCHED_RANDOM_BLOCK,0
AMZNUSDT-R-1783713600000-s97,AMZNUSDT,TRADITIONAL_EQUITY,R,97,AMZNUSDT-nyse_20260710T200000Z,W:2026-07-10T20:00:00Z:2026-07-13T06:00:00Z,,,,,,,,,,0,0,0,0.0,0.0,2026-07,DESCRIPTIVE_EXPOSED,LISTING_AFTER_30_DAYS,MATCHED_RANDOM,SKIPPED,NO_MATCHED_RANDOM_BLOCK,0
COINUSDT-R-1783713600000-s97,COINUSDT,CRYPTO_SENSITIVE_EQUITY,R,97,COINUSDT-nyse_20260710T200000Z,W:2026-07-10T20:00:00Z:2026-07-13T06:00:00Z,,,,,,,,,,0,0,0,0.0,0.0,2026-07,DESCRIPTIVE_EXPOSED,LISTING_AFTER_30_DAYS,MATCHED_RANDOM,SKIPPED,NO_MATCHED_RANDOM_BLOCK,0
CRCLUSDT-R-1783713600000-s97,CRCLUSDT,CRYPTO_SENSITIVE_EQUITY,R,97,CRCLUSDT-nyse_20260710T200000Z,W:2026-07-10T20:00:00Z:2026-07-13T06:00:00Z,,,,,,,,,,0,0,0,0.0,0.0,2026-07,DESCRIPTIVE_EXPOSED,LISTING_AFTER_30_DAYS,MATCHED_RANDOM,SKIPPED,NO_MATCHED_RANDOM_BLOCK,0
HOODUSDT-R-1783713600000-s97,HOODUSDT,CRYPTO_SENSITIVE_EQUITY,R,97,HOODUSDT-nyse_20260710T200000Z,W:2026-07-10T20:00:00Z:2026-07-13T06:00:00Z,,,,,,,,,,0,0,0,0.0,0.0,2026-07,DESCRIPTIVE_EXPOSED,LISTING_AFTER_30_DAYS,MATCHED_RANDOM,SKIPPED,NO_MATCHED_RANDOM_BLOCK,0
INTCUSDT-R-1783713600000-s97,INTCUSDT,TRADITIONAL_EQUITY,R,97,INTCUSDT-nyse_20260710T200000Z,W:2026-07-10T20:00:00Z:2026-07-13T06:00:00Z,,,,,,,,,,0,0,0,0.0,0.0,2026-07,DESCRIPTIVE_EXPOSED,LISTING_AFTER_30_DAYS,MATCHED_RANDOM,SKIPPED,NO_MATCHED_RANDOM_BLOCK,0
MSTRUSDT-R-1783713600000-s97,MSTRUSDT,CRYPTO_SENSITIVE_EQUITY,R,97,MSTRUSDT-nyse_20260710T200000Z,W:2026-07-10T20:00:00Z:2026-07-13T06:00:00Z,,,,,,,,,,0,0,0,0.0,0.0,2026-07,DESCRIPTIVE_EXPOSED,LISTING_AFTER_30_DAYS,MATCHED_RANDOM,SKIPPED,NO_MATCHED_RANDOM_BLOCK,0
PLTRUSDT-R-1783713600000-s97,PLTRUSDT,TRADITIONAL_EQUITY,R,97,PLTRUSDT-nyse_20260710T200000Z,W:2026-07-10T20:00:00Z:2026-07-13T06:00:00Z,,,,,,,,,,0,0,0,0.0,0.0,2026-07,DESCRIPTIVE_EXPOSED,LISTING_AFTER_30_DAYS,MATCHED_RANDOM,SKIPPED,NO_MATCHED_RANDOM_BLOCK,0
TSLAUSDT-R-1783713600000-s97,TSLAUSDT,TRADITIONAL_EQUITY,R,97,TSLAUSDT-nyse_20260710T200000Z,W:2026-07-10T20:00:00Z:2026-07-13T06:00:00Z,,,,,,,,,,0,0,0,0.0,0.0,2026-07,DESCRIPTIVE_EXPOSED,LISTING_AFTER_30_DAYS,MATCHED_RANDOM,SKIPPED,NO_MATCHED_RANDOM_BLOCK,0
AMZNUSDT-R-1784318400000-s3,AMZNUSDT,TRADITIONAL_EQUITY,R,3,AMZNUSDT-nyse_20260717T200000Z,W:2026-07-17T20:00:00Z:2026-07-20T06:00:00Z,,,,,,,,,,0,0,0,0.0,0.0,2026-07,DESCRIPTIVE_EXPOSED,LISTING_AFTER_30_DAYS,MATCHED_RANDOM,SKIPPED,NO_MATCHED_RANDOM_BLOCK,0
COINUSDT-R-1784318400000-s3,COINUSDT,CRYPTO_SENSITIVE_EQUITY,R,3,COINUSDT-nyse_20260717T200000Z,W:2026-07-17T20:00:00Z:2026-07-20T06:00:00Z,,,,,,,,,,0,0,0,0.0,0.0,2026-07,DESCRIPTIVE_EXPOSED,LISTING_AFTER_30_DAYS,MATCHED_RANDOM,SKIPPED,NO_MATCHED_RANDOM_BLOCK,0
CRCLUSDT-R-1784318400000-s3,CRCLUSDT,CRYPTO_SENSITIVE_EQUITY,R,3,CRCLUSDT-nyse_20260717T200000Z,W:2026-07-17T20:00:00Z:2026-07-20T06:00:00Z,,,,,,,,,,0,0,0,0.0,0.0,2026-07,DESCRIPTIVE_EXPOSED,LISTING_AFTER_30_DAYS,MATCHED_RANDOM,SKIPPED,NO_MATCHED_RANDOM_BLOCK,0
HOODUSDT-R-1784318400000-s3,HOODUSDT,CRYPTO_SENSITIVE_EQUITY,R,3,HOODUSDT-nyse_20260717T200000Z,W:2026-07-17T20:00:00Z:2026-07-20T06:00:00Z,,,,,,,,,,0,0,0,0.0,0.0,2026-07,DESCRIPTIVE_EXPOSED,LISTING_AFTER_30_DAYS,MATCHED_RANDOM,SKIPPED,NO_MATCHED_RANDOM_BLOCK,0
INTCUSDT-R-1784318400000-s3,INTCUSDT,TRADITIONAL_EQUITY,R,3,INTCUSDT-nyse_20260717T200000Z,W:2026-07-17T20:00:00Z:2026-07-20T06:00:00Z,,,,,,,,,,0,0,0,0.0,0.0,2026-07,DESCRIPTIVE_EXPOSED,LISTING_AFTER_30_DAYS,MATCHED_RANDOM,SKIPPED,NO_MATCHED_RANDOM_BLOCK,0
MSTRUSDT-R-1784318400000-s3,MSTRUSDT,CRYPTO_SENSITIVE_EQUITY,R,3,MSTRUSDT-nyse_20260717T200000Z,W:2026-07-17T20:00:00Z:2026-07-20T06:00:00Z,,,,,,,,,,0,0,0,0.0,0.0,2026-07,DESCRIPTIVE_EXPOSED,LISTING_AFTER_30_DAYS,MATCHED_RANDOM,SKIPPED,NO_MATCHED_RANDOM_BLOCK,0
PLTRUSDT-R-1784318400000-s3,PLTRUSDT,TRADITIONAL_EQUITY,R,3,PLTRUSDT-nyse_20260717T200000Z,W:2026-07-17T20:00:00Z:2026-07-20T06:00:00Z,,,,,,,,,,0,0,0,0.0,0.0,2026-07,DESCRIPTIVE_EXPOSED,LISTING_AFTER_30_DAYS,MATCHED_RANDOM,SKIPPED,NO_MATCHED_RANDOM_BLOCK,0
TSLAUSDT-R-1784318400000-s3,TSLAUSDT,TRADITIONAL_EQUITY,R,3,TSLAUSDT-nyse_20260717T200000Z,W:2026-07-17T20:00:00Z:2026-07-20T06:00:00Z,,,,,,,,,,0,0,0,0.0,0.0,2026-07,DESCRIPTIVE_EXPOSED,LISTING_AFTER_30_DAYS,MATCHED_RANDOM,SKIPPED,NO_MATCHED_RANDOM_BLOCK,0
AMZNUSDT-R-1784318400000-s10,AMZNUSDT,TRADITIONAL_EQUITY,R,10,AMZNUSDT-nyse_20260717T200000Z,W:2026-07-17T20:00:00Z:2026-07-20T06:00:00Z,,,,,,,,,,0,0,0,0.0,0.0,2026-07,DESCRIPTIVE_EXPOSED,LISTING_AFTER_30_DAYS,MATCHED_RANDOM,SKIPPED,NO_MATCHED_RANDOM_BLOCK,0
COINUSDT-R-1784318400000-s10,COINUSDT,CRYPTO_SENSITIVE_EQUITY,R,10,COINUSDT-nyse_20260717T200000Z,W:2026-07-17T20:00:00Z:2026-07-20T06:00:00Z,,,,,,,,,,0,0,0,0.0,0.0,2026-07,DESCRIPTIVE_EXPOSED,LISTING_AFTER_30_DAYS,MATCHED_RANDOM,SKIPPED,NO_MATCHED_RANDOM_BLOCK,0
CRCLUSDT-R-1784318400000-s10,CRCLUSDT,CRYPTO_SENSITIVE_EQUITY,R,10,CRCLUSDT-nyse_20260717T200000Z,W:2026-07-17T20:00:00Z:2026-07-20T06:00:00Z,,,,,,,,,,0,0,0,0.0,0.0,2026-07,DESCRIPTIVE_EXPOSED,LISTING_AFTER_30_DAYS,MATCHED_RANDOM,SKIPPED,NO_MATCHED_RANDOM_BLOCK,0
HOODUSDT-R-1784318400000-s10,HOODUSDT,CRYPTO_SENSITIVE_EQUITY,R,10,HOODUSDT-nyse_20260717T200000Z,W:2026-07-17T20:00:00Z:2026-07-20T06:00:00Z,,,,,,,,,,0,0,0,0.0,0.0,2026-07,DESCRIPTIVE_EXPOSED,LISTING_AFTER_30_DAYS,MATCHED_RANDOM,SKIPPED,NO_MATCHED_RANDOM_BLOCK,0
INTCUSDT-R-1784318400000-s10,INTCUSDT,TRADITIONAL_EQUITY,R,10,INTCUSDT-nyse_20260717T200000Z,W:2026-07-17T20:00:00Z:2026-07-20T06:00:00Z,,,,,,,,,,0,0,0,0.0,0.0,2026-07,DESCRIPTIVE_EXPOSED,LISTING_AFTER_30_DAYS,MATCHED_RANDOM,SKIPPED,NO_MATCHED_RANDOM_BLOCK,0
MSTRUSDT-R-1784318400000-s10,MSTRUSDT,CRYPTO_SENSITIVE_EQUITY,R,10,MSTRUSDT-nyse_20260717T200000Z,W:2026-07-17T20:00:00Z:2026-07-20T06:00:00Z,,,,,,,,,,0,0,0,0.0,0.0,2026-07,DESCRIPTIVE_EXPOSED,LISTING_AFTER_30_DAYS,MATCHED_RANDOM,SKIPPED,NO_MATCHED_RANDOM_BLOCK,0
PLTRUSDT-R-1784318400000-s10,PLTRUSDT,TRADITIONAL_EQUITY,R,10,PLTRUSDT-nyse_20260717T200000Z,W:2026-07-17T20:00:00Z:2026-07-20T06:00:00Z,,,,,,,,,,0,0,0,0.0,0.0,2026-07,DESCRIPTIVE_EXPOSED,LISTING_AFTER_30_DAYS,MATCHED_RANDOM,SKIPPED,NO_MATCHED_RANDOM_BLOCK,0
TSLAUSDT-R-1784318400000-s10,TSLAUSDT,TRADITIONAL_EQUITY,R,10,TSLAUSDT-nyse_20260717T200000Z,W:2026-07-17T20:00:00Z:2026-07-20T06:00:00Z,,,,,,,,,,0,0,0,0.0,0.0,2026-07,DESCRIPTIVE_EXPOSED,LISTING_AFTER_30_DAYS,MATCHED_RANDOM,SKIPPED,NO_MATCHED_RANDOM_BLOCK,0
AMZNUSDT-R-1784318400000-s17,AMZNUSDT,TRADITIONAL_EQUITY,R,17,AMZNUSDT-nyse_20260717T200000Z,W:2026-07-17T20:00:00Z:2026-07-20T06:00:00Z,,,,,,,,,,0,0,0,0.0,0.0,2026-07,DESCRIPTIVE_EXPOSED,LISTING_AFTER_30_DAYS,MATCHED_RANDOM,SKIPPED,NO_MATCHED_RANDOM_BLOCK,0
COINUSDT-R-1784318400000-s17,COINUSDT,CRYPTO_SENSITIVE_EQUITY,R,17,COINUSDT-nyse_20260717T200000Z,W:2026-07-17T20:00:00Z:2026-07-20T06:00:00Z,,,,,,,,,,0,0,0,0.0,0.0,2026-07,DESCRIPTIVE_EXPOSED,LISTING_AFTER_30_DAYS,MATCHED_RANDOM,SKIPPED,NO_MATCHED_RANDOM_BLOCK,0
CRCLUSDT-R-1784318400000-s17,CRCLUSDT,CRYPTO_SENSITIVE_EQUITY,R,17,CRCLUSDT-nyse_20260717T200000Z,W:2026-07-17T20:00:00Z:2026-07-20T06:00:00Z,,,,,,,,,,0,0,0,0.0,0.0,2026-07,DESCRIPTIVE_EXPOSED,LISTING_AFTER_30_DAYS,MATCHED_RANDOM,SKIPPED,NO_MATCHED_RANDOM_BLOCK,0
HOODUSDT-R-1784318400000-s17,HOODUSDT,CRYPTO_SENSITIVE_EQUITY,R,17,HOODUSDT-nyse_20260717T200000Z,W:2026-07-17T20:00:00Z:2026-07-20T06:00:00Z,,,,,,,,,,0,0,0,0.0,0.0,2026-07,DESCRIPTIVE_EXPOSED,LISTING_AFTER_30_DAYS,MATCHED_RANDOM,SKIPPED,NO_MATCHED_RANDOM_BLOCK,0
INTCUSDT-R-1784318400000-s17,INTCUSDT,TRADITIONAL_EQUITY,R,17,INTCUSDT-nyse_20260717T200000Z,W:2026-07-17T20:00:00Z:2026-07-20T06:00:00Z,,,,,,,,,,0,0,0,0.0,0.0,2026-07,DESCRIPTIVE_EXPOSED,LISTING_AFTER_30_DAYS,MATCHED_RANDOM,SKIPPED,NO_MATCHED_RANDOM_BLOCK,0
MSTRUSDT-R-1784318400000-s17,MSTRUSDT,CRYPTO_SENSITIVE_EQUITY,R,17,MSTRUSDT-nyse_20260717T200000Z,W:2026-07-17T20:00:00Z:2026-07-20T06:00:00Z,,,,,,,,,,0,0,0,0.0,0.0,2026-07,DESCRIPTIVE_EXPOSED,LISTING_AFTER_30_DAYS,MATCHED_RANDOM,SKIPPED,NO_MATCHED_RANDOM_BLOCK,0
PLTRUSDT-R-1784318400000-s17,PLTRUSDT,TRADITIONAL_EQUITY,R,17,PLTRUSDT-nyse_20260717T200000Z,W:2026-07-17T20:00:00Z:2026-07-20T06:00:00Z,,,,,,,,,,0,0,0,0.0,0.0,2026-07,DESCRIPTIVE_EXPOSED,LISTING_AFTER_30_DAYS,MATCHED_RANDOM,SKIPPED,NO_MATCHED_RANDOM_BLOCK,0
TSLAUSDT-R-1784318400000-s17,TSLAUSDT,TRADITIONAL_EQUITY,R,17,TSLAUSDT-nyse_20260717T200000Z,W:2026-07-17T20:00:00Z:2026-07-20T06:00:00Z,,,,,,,,,,0,0,0,0.0,0.0,2026-07,DESCRIPTIVE_EXPOSED,LISTING_AFTER_30_DAYS,MATCHED_RANDOM,SKIPPED,NO_MATCHED_RANDOM_BLOCK,0
AMZNUSDT-R-1784318400000-s31,AMZNUSDT,TRADITIONAL_EQUITY,R,31,AMZNUSDT-nyse_20260717T200000Z,W:2026-07-17T20:00:00Z:2026-07-20T06:00:00Z,,,,,,,,,,0,0,0,0.0,0.0,2026-07,DESCRIPTIVE_EXPOSED,LISTING_AFTER_30_DAYS,MATCHED_RANDOM,SKIPPED,NO_MATCHED_RANDOM_BLOCK,0
COINUSDT-R-1784318400000-s31,COINUSDT,CRYPTO_SENSITIVE_EQUITY,R,31,COINUSDT-nyse_20260717T200000Z,W:2026-07-17T20:00:00Z:2026-07-20T06:00:00Z,,,,,,,,,,0,0,0,0.0,0.0,2026-07,DESCRIPTIVE_EXPOSED,LISTING_AFTER_30_DAYS,MATCHED_RANDOM,SKIPPED,NO_MATCHED_RANDOM_BLOCK,0
CRCLUSDT-R-1784318400000-s31,CRCLUSDT,CRYPTO_SENSITIVE_EQUITY,R,31,CRCLUSDT-nyse_20260717T200000Z,W:2026-07-17T20:00:00Z:2026-07-20T06:00:00Z,,,,,,,,,,0,0,0,0.0,0.0,2026-07,DESCRIPTIVE_EXPOSED,LISTING_AFTER_30_DAYS,MATCHED_RANDOM,SKIPPED,NO_MATCHED_RANDOM_BLOCK,0
HOODUSDT-R-1784318400000-s31,HOODUSDT,CRYPTO_SENSITIVE_EQUITY,R,31,HOODUSDT-nyse_20260717T200000Z,W:2026-07-17T20:00:00Z:2026-07-20T06:00:00Z,,,,,,,,,,0,0,0,0.0,0.0,2026-07,DESCRIPTIVE_EXPOSED,LISTING_AFTER_30_DAYS,MATCHED_RANDOM,SKIPPED,NO_MATCHED_RANDOM_BLOCK,0
INTCUSDT-R-1784318400000-s31,INTCUSDT,TRADITIONAL_EQUITY,R,31,INTCUSDT-nyse_20260717T200000Z,W:2026-07-17T20:00:00Z:2026-07-20T06:00:00Z,,,,,,,,,,0,0,0,0.0,0.0,2026-07,DESCRIPTIVE_EXPOSED,LISTING_AFTER_30_DAYS,MATCHED_RANDOM,SKIPPED,NO_MATCHED_RANDOM_BLOCK,0
MSTRUSDT-R-1784318400000-s31,MSTRUSDT,CRYPTO_SENSITIVE_EQUITY,R,31,MSTRUSDT-nyse_20260717T200000Z,W:2026-07-17T20:00:00Z:2026-07-20T06:00:00Z,,,,,,,,,,0,0,0,0.0,0.0,2026-07,DESCRIPTIVE_EXPOSED,LISTING_AFTER_30_DAYS,MATCHED_RANDOM,SKIPPED,NO_MATCHED_RANDOM_BLOCK,0
PLTRUSDT-R-1784318400000-s31,PLTRUSDT,TRADITIONAL_EQUITY,R,31,PLTRUSDT-nyse_20260717T200000Z,W:2026-07-17T20:00:00Z:2026-07-20T06:00:00Z,,,,,,,,,,0,0,0,0.0,0.0,2026-07,DESCRIPTIVE_EXPOSED,LISTING_AFTER_30_DAYS,MATCHED_RANDOM,SKIPPED,NO_MATCHED_RANDOM_BLOCK,0
TSLAUSDT-R-1784318400000-s31,TSLAUSDT,TRADITIONAL_EQUITY,R,31,TSLAUSDT-nyse_20260717T200000Z,W:2026-07-17T20:00:00Z:2026-07-20T06:00:00Z,,,,,,,,,,0,0,0,0.0,0.0,2026-07,DESCRIPTIVE_EXPOSED,LISTING_AFTER_30_DAYS,MATCHED_RANDOM,SKIPPED,NO_MATCHED_RANDOM_BLOCK,0
AMZNUSDT-R-1784318400000-s59,AMZNUSDT,TRADITIONAL_EQUITY,R,59,AMZNUSDT-nyse_20260717T200000Z,W:2026-07-17T20:00:00Z:2026-07-20T06:00:00Z,,,,,,,,,,0,0,0,0.0,0.0,2026-07,DESCRIPTIVE_EXPOSED,LISTING_AFTER_30_DAYS,MATCHED_RANDOM,SKIPPED,NO_MATCHED_RANDOM_BLOCK,0
COINUSDT-R-1784318400000-s59,COINUSDT,CRYPTO_SENSITIVE_EQUITY,R,59,COINUSDT-nyse_20260717T200000Z,W:2026-07-17T20:00:00Z:2026-07-20T06:00:00Z,,,,,,,,,,0,0,0,0.0,0.0,2026-07,DESCRIPTIVE_EXPOSED,LISTING_AFTER_30_DAYS,MATCHED_RANDOM,SKIPPED,NO_MATCHED_RANDOM_BLOCK,0
CRCLUSDT-R-1784318400000-s59,CRCLUSDT,CRYPTO_SENSITIVE_EQUITY,R,59,CRCLUSDT-nyse_20260717T200000Z,W:2026-07-17T20:00:00Z:2026-07-20T06:00:00Z,,,,,,,,,,0,0,0,0.0,0.0,2026-07,DESCRIPTIVE_EXPOSED,LISTING_AFTER_30_DAYS,MATCHED_RANDOM,SKIPPED,NO_MATCHED_RANDOM_BLOCK,0
HOODUSDT-R-1784318400000-s59,HOODUSDT,CRYPTO_SENSITIVE_EQUITY,R,59,HOODUSDT-nyse_20260717T200000Z,W:2026-07-17T20:00:00Z:2026-07-20T06:00:00Z,,,,,,,,,,0,0,0,0.0,0.0,2026-07,DESCRIPTIVE_EXPOSED,LISTING_AFTER_30_DAYS,MATCHED_RANDOM,SKIPPED,NO_MATCHED_RANDOM_BLOCK,0
INTCUSDT-R-1784318400000-s59,INTCUSDT,TRADITIONAL_EQUITY,R,59,INTCUSDT-nyse_20260717T200000Z,W:2026-07-17T20:00:00Z:2026-07-20T06:00:00Z,,,,,,,,,,0,0,0,0.0,0.0,2026-07,DESCRIPTIVE_EXPOSED,LISTING_AFTER_30_DAYS,MATCHED_RANDOM,SKIPPED,NO_MATCHED_RANDOM_BLOCK,0
MSTRUSDT-R-1784318400000-s59,MSTRUSDT,CRYPTO_SENSITIVE_EQUITY,R,59,MSTRUSDT-nyse_20260717T200000Z,W:2026-07-17T20:00:00Z:2026-07-20T06:00:00Z,,,,,,,,,,0,0,0,0.0,0.0,2026-07,DESCRIPTIVE_EXPOSED,LISTING_AFTER_30_DAYS,MATCHED_RANDOM,SKIPPED,NO_MATCHED_RANDOM_BLOCK,0
PLTRUSDT-R-1784318400000-s59,PLTRUSDT,TRADITIONAL_EQUITY,R,59,PLTRUSDT-nyse_20260717T200000Z,W:2026-07-17T20:00:00Z:2026-07-20T06:00:00Z,,,,,,,,,,0,0,0,0.0,0.0,2026-07,DESCRIPTIVE_EXPOSED,LISTING_AFTER_30_DAYS,MATCHED_RANDOM,SKIPPED,NO_MATCHED_RANDOM_BLOCK,0
TSLAUSDT-R-1784318400000-s59,TSLAUSDT,TRADITIONAL_EQUITY,R,59,TSLAUSDT-nyse_20260717T200000Z,W:2026-07-17T20:00:00Z:2026-07-20T06:00:00Z,,,,,,,,,,0,0,0,0.0,0.0,2026-07,DESCRIPTIVE_EXPOSED,LISTING_AFTER_30_DAYS,MATCHED_RANDOM,SKIPPED,NO_MATCHED_RANDOM_BLOCK,0
AMZNUSDT-R-1784318400000-s97,AMZNUSDT,TRADITIONAL_EQUITY,R,97,AMZNUSDT-nyse_20260717T200000Z,W:2026-07-17T20:00:00Z:2026-07-20T06:00:00Z,,,,,,,,,,0,0,0,0.0,0.0,2026-07,DESCRIPTIVE_EXPOSED,LISTING_AFTER_30_DAYS,MATCHED_RANDOM,SKIPPED,NO_MATCHED_RANDOM_BLOCK,0
COINUSDT-R-1784318400000-s97,COINUSDT,CRYPTO_SENSITIVE_EQUITY,R,97,COINUSDT-nyse_20260717T200000Z,W:2026-07-17T20:00:00Z:2026-07-20T06:00:00Z,,,,,,,,,,0,0,0,0.0,0.0,2026-07,DESCRIPTIVE_EXPOSED,LISTING_AFTER_30_DAYS,MATCHED_RANDOM,SKIPPED,NO_MATCHED_RANDOM_BLOCK,0
CRCLUSDT-R-1784318400000-s97,CRCLUSDT,CRYPTO_SENSITIVE_EQUITY,R,97,CRCLUSDT-nyse_20260717T200000Z,W:2026-07-17T20:00:00Z:2026-07-20T06:00:00Z,,,,,,,,,,0,0,0,0.0,0.0,2026-07,DESCRIPTIVE_EXPOSED,LISTING_AFTER_30_DAYS,MATCHED_RANDOM,SKIPPED,NO_MATCHED_RANDOM_BLOCK,0
HOODUSDT-R-1784318400000-s97,HOODUSDT,CRYPTO_SENSITIVE_EQUITY,R,97,HOODUSDT-nyse_20260717T200000Z,W:2026-07-17T20:00:00Z:2026-07-20T06:00:00Z,,,,,,,,,,0,0,0,0.0,0.0,2026-07,DESCRIPTIVE_EXPOSED,LISTING_AFTER_30_DAYS,MATCHED_RANDOM,SKIPPED,NO_MATCHED_RANDOM_BLOCK,0
INTCUSDT-R-1784318400000-s97,INTCUSDT,TRADITIONAL_EQUITY,R,97,INTCUSDT-nyse_20260717T200000Z,W:2026-07-17T20:00:00Z:2026-07-20T06:00:00Z,,,,,,,,,,0,0,0,0.0,0.0,2026-07,DESCRIPTIVE_EXPOSED,LISTING_AFTER_30_DAYS,MATCHED_RANDOM,SKIPPED,NO_MATCHED_RANDOM_BLOCK,0
MSTRUSDT-R-1784318400000-s97,MSTRUSDT,CRYPTO_SENSITIVE_EQUITY,R,97,MSTRUSDT-nyse_20260717T200000Z,W:2026-07-17T20:00:00Z:2026-07-20T06:00:00Z,,,,,,,,,,0,0,0,0.0,0.0,2026-07,DESCRIPTIVE_EXPOSED,LISTING_AFTER_30_DAYS,MATCHED_RANDOM,SKIPPED,NO_MATCHED_RANDOM_BLOCK,0
PLTRUSDT-R-1784318400000-s97,PLTRUSDT,TRADITIONAL_EQUITY,R,97,PLTRUSDT-nyse_20260717T200000Z,W:2026-07-17T20:00:00Z:2026-07-20T06:00:00Z,,,,,,,,,,0,0,0,0.0,0.0,2026-07,DESCRIPTIVE_EXPOSED,LISTING_AFTER_30_DAYS,MATCHED_RANDOM,SKIPPED,NO_MATCHED_RANDOM_BLOCK,0
TSLAUSDT-R-1784318400000-s97,TSLAUSDT,TRADITIONAL_EQUITY,R,97,TSLAUSDT-nyse_20260717T200000Z,W:2026-07-17T20:00:00Z:2026-07-20T06:00:00Z,,,,,,,,,,0,0,0,0.0,0.0,2026-07,DESCRIPTIVE_EXPOSED,LISTING_AFTER_30_DAYS,MATCHED_RANDOM,SKIPPED,NO_MATCHED_RANDOM_BLOCK,0
