blocked_adverse_add_opportunity_cost,blocked_beneficial_fill_cost,classification,confirmation_flatten_fee,confirmation_flatten_slippage,early_flatten_fee,early_flatten_slippage,flatten_realized_pnl,missed_paired_grid_pnl,profile_id,reentry_opportunity_loss,scenario,seed,suspected_episode_id,symbol,window_key
0.0,0.0,FALSE_BREAKOUT,0.0,0.0,0.0,0.0,0.0,0.0,S1,0.0,PRIMARY_ZERO_MAKER,3,D2-bc8ed57a704b6a79,SNDKUSDT,US_STOCK:2026-05-29T20:00:00+00:00:2026-06-01T08:00:00+00:00
0.0,0.0,FALSE_BREAKOUT,0.0,0.0,0.009546130000000002,0.019092260000000003,-0.08140000000000101,0.0,S2,0.0,PRIMARY_ZERO_MAKER,3,D2-bc8ed57a704b6a79,SNDKUSDT,US_STOCK:2026-05-29T20:00:00+00:00:2026-06-01T08:00:00+00:00
0.0,0.0,FALSE_BREAKOUT,0.0,0.0,0.023865325000000003,0.04773065,-0.2035000000000025,0.0,S3,0.0,PRIMARY_ZERO_MAKER,3,D2-bc8ed57a704b6a79,SNDKUSDT,US_STOCK:2026-05-29T20:00:00+00:00:2026-06-01T08:00:00+00:00
0.0,0.0,FALSE_BREAKOUT,0.0,0.0,0.0,0.0,0.0,0.0,S1,0.0,PRIMARY_ZERO_MAKER,10,D2-bc8ed57a704b6a79,SNDKUSDT,US_STOCK:2026-05-29T20:00:00+00:00:2026-06-01T08:00:00+00:00
0.0,0.0,FALSE_BREAKOUT,0.0,0.0,0.009546130000000002,0.019092260000000003,-0.08140000000000101,0.0,S2,0.0,PRIMARY_ZERO_MAKER,10,D2-bc8ed57a704b6a79,SNDKUSDT,US_STOCK:2026-05-29T20:00:00+00:00:2026-06-01T08:00:00+00:00
0.0,0.0,FALSE_BREAKOUT,0.0,0.0,0.023865325000000003,0.04773065,-0.2035000000000025,0.0,S3,0.0,PRIMARY_ZERO_MAKER,10,D2-bc8ed57a704b6a79,SNDKUSDT,US_STOCK:2026-05-29T20:00:00+00:00:2026-06-01T08:00:00+00:00
0.0,0.0,FALSE_BREAKOUT,0.0,0.0,0.0,0.0,0.0,0.0,S1,0.0,PRIMARY_ZERO_MAKER,17,D2-bc8ed57a704b6a79,SNDKUSDT,US_STOCK:2026-05-29T20:00:00+00:00:2026-06-01T08:00:00+00:00
0.0,0.0,FALSE_BREAKOUT,0.0,0.0,0.009546130000000002,0.019092260000000003,-0.08140000000000101,0.0,S2,0.0,PRIMARY_ZERO_MAKER,17,D2-bc8ed57a704b6a79,SNDKUSDT,US_STOCK:2026-05-29T20:00:00+00:00:2026-06-01T08:00:00+00:00
0.0,0.0,FALSE_BREAKOUT,0.0,0.0,0.023865325000000003,0.04773065,-0.2035000000000025,0.0,S3,0.0,PRIMARY_ZERO_MAKER,17,D2-bc8ed57a704b6a79,SNDKUSDT,US_STOCK:2026-05-29T20:00:00+00:00:2026-06-01T08:00:00+00:00
0.0,0.0,FALSE_BREAKOUT,0.0,0.0,0.0,0.0,0.0,0.0,S1,0.0,PRIMARY_ZERO_MAKER,31,D2-bc8ed57a704b6a79,SNDKUSDT,US_STOCK:2026-05-29T20:00:00+00:00:2026-06-01T08:00:00+00:00
0.0,0.0,FALSE_BREAKOUT,0.0,0.0,0.009546130000000002,0.019092260000000003,-0.08140000000000101,0.0,S2,0.0,PRIMARY_ZERO_MAKER,31,D2-bc8ed57a704b6a79,SNDKUSDT,US_STOCK:2026-05-29T20:00:00+00:00:2026-06-01T08:00:00+00:00
0.0,0.0,FALSE_BREAKOUT,0.0,0.0,0.023865325000000003,0.04773065,-0.2035000000000025,0.0,S3,0.0,PRIMARY_ZERO_MAKER,31,D2-bc8ed57a704b6a79,SNDKUSDT,US_STOCK:2026-05-29T20:00:00+00:00:2026-06-01T08:00:00+00:00
0.0,0.0,FALSE_BREAKOUT,0.0,0.0,0.0,0.0,0.0,0.0,S1,0.0,PRIMARY_ZERO_MAKER,59,D2-bc8ed57a704b6a79,SNDKUSDT,US_STOCK:2026-05-29T20:00:00+00:00:2026-06-01T08:00:00+00:00
0.0,0.0,FALSE_BREAKOUT,0.0,0.0,0.009546130000000002,0.019092260000000003,-0.08140000000000101,0.0,S2,0.0,PRIMARY_ZERO_MAKER,59,D2-bc8ed57a704b6a79,SNDKUSDT,US_STOCK:2026-05-29T20:00:00+00:00:2026-06-01T08:00:00+00:00
0.0,0.0,FALSE_BREAKOUT,0.0,0.0,0.023865325000000003,0.04773065,-0.2035000000000025,0.0,S3,0.0,PRIMARY_ZERO_MAKER,59,D2-bc8ed57a704b6a79,SNDKUSDT,US_STOCK:2026-05-29T20:00:00+00:00:2026-06-01T08:00:00+00:00
0.0,0.0,FALSE_BREAKOUT,0.0,0.0,0.0,0.0,0.0,0.0,S1,0.0,PRIMARY_ZERO_MAKER,97,D2-bc8ed57a704b6a79,SNDKUSDT,US_STOCK:2026-05-29T20:00:00+00:00:2026-06-01T08:00:00+00:00
0.0,0.0,FALSE_BREAKOUT,0.0,0.0,0.009546130000000002,0.019092260000000003,-0.08140000000000101,0.0,S2,0.0,PRIMARY_ZERO_MAKER,97,D2-bc8ed57a704b6a79,SNDKUSDT,US_STOCK:2026-05-29T20:00:00+00:00:2026-06-01T08:00:00+00:00
0.0,0.0,FALSE_BREAKOUT,0.0,0.0,0.023865325000000003,0.04773065,-0.2035000000000025,0.0,S3,0.0,PRIMARY_ZERO_MAKER,97,D2-bc8ed57a704b6a79,SNDKUSDT,US_STOCK:2026-05-29T20:00:00+00:00:2026-06-01T08:00:00+00:00
0.0,0.0,FALSE_BREAKOUT,0.0,0.0,0.0,0.0,0.0,0.0,S1,0.0,EXECUTION_STRESS,3,D2-bc8ed57a704b6a79,SNDKUSDT,US_STOCK:2026-05-29T20:00:00+00:00:2026-06-01T08:00:00+00:00
0.0,0.0,FALSE_BREAKOUT,0.0,0.0,0.014319195000000003,0.047730650000000006,-0.08140000000000101,0.0,S2,0.0,EXECUTION_STRESS,3,D2-bc8ed57a704b6a79,SNDKUSDT,US_STOCK:2026-05-29T20:00:00+00:00:2026-06-01T08:00:00+00:00
0.0,0.0,FALSE_BREAKOUT,0.0,0.0,0.0357979875,0.11932662500000002,-0.2035000000000025,0.0,S3,0.0,EXECUTION_STRESS,3,D2-bc8ed57a704b6a79,SNDKUSDT,US_STOCK:2026-05-29T20:00:00+00:00:2026-06-01T08:00:00+00:00
0.0,0.0,FALSE_BREAKOUT,0.0,0.0,0.0,0.0,0.0,0.0,S1,0.0,EXECUTION_STRESS,10,D2-bc8ed57a704b6a79,SNDKUSDT,US_STOCK:2026-05-29T20:00:00+00:00:2026-06-01T08:00:00+00:00
0.0,0.0,FALSE_BREAKOUT,0.0,0.0,0.014319195000000003,0.047730650000000006,-0.08140000000000101,0.0,S2,0.0,EXECUTION_STRESS,10,D2-bc8ed57a704b6a79,SNDKUSDT,US_STOCK:2026-05-29T20:00:00+00:00:2026-06-01T08:00:00+00:00
0.0,0.0,FALSE_BREAKOUT,0.0,0.0,0.0357979875,0.11932662500000002,-0.2035000000000025,0.0,S3,0.0,EXECUTION_STRESS,10,D2-bc8ed57a704b6a79,SNDKUSDT,US_STOCK:2026-05-29T20:00:00+00:00:2026-06-01T08:00:00+00:00
0.0,0.0,FALSE_BREAKOUT,0.0,0.0,0.0,0.0,0.0,0.0,S1,0.0,EXECUTION_STRESS,17,D2-bc8ed57a704b6a79,SNDKUSDT,US_STOCK:2026-05-29T20:00:00+00:00:2026-06-01T08:00:00+00:00
0.0,0.0,FALSE_BREAKOUT,0.0,0.0,0.014319195000000003,0.047730650000000006,-0.08140000000000101,0.0,S2,0.0,EXECUTION_STRESS,17,D2-bc8ed57a704b6a79,SNDKUSDT,US_STOCK:2026-05-29T20:00:00+00:00:2026-06-01T08:00:00+00:00
0.0,0.0,FALSE_BREAKOUT,0.0,0.0,0.0357979875,0.11932662500000002,-0.2035000000000025,0.0,S3,0.0,EXECUTION_STRESS,17,D2-bc8ed57a704b6a79,SNDKUSDT,US_STOCK:2026-05-29T20:00:00+00:00:2026-06-01T08:00:00+00:00
0.0,0.0,FALSE_BREAKOUT,0.0,0.0,0.0,0.0,0.0,0.0,S1,0.0,EXECUTION_STRESS,31,D2-bc8ed57a704b6a79,SNDKUSDT,US_STOCK:2026-05-29T20:00:00+00:00:2026-06-01T08:00:00+00:00
0.0,0.0,FALSE_BREAKOUT,0.0,0.0,0.014319195000000003,0.047730650000000006,-0.08140000000000101,0.0,S2,0.0,EXECUTION_STRESS,31,D2-bc8ed57a704b6a79,SNDKUSDT,US_STOCK:2026-05-29T20:00:00+00:00:2026-06-01T08:00:00+00:00
0.0,0.0,FALSE_BREAKOUT,0.0,0.0,0.0357979875,0.11932662500000002,-0.2035000000000025,0.0,S3,0.0,EXECUTION_STRESS,31,D2-bc8ed57a704b6a79,SNDKUSDT,US_STOCK:2026-05-29T20:00:00+00:00:2026-06-01T08:00:00+00:00
0.0,0.0,FALSE_BREAKOUT,0.0,0.0,0.0,0.0,0.0,0.0,S1,0.0,EXECUTION_STRESS,59,D2-bc8ed57a704b6a79,SNDKUSDT,US_STOCK:2026-05-29T20:00:00+00:00:2026-06-01T08:00:00+00:00
0.0,0.0,FALSE_BREAKOUT,0.0,0.0,0.014319195000000003,0.047730650000000006,-0.08140000000000101,0.0,S2,0.0,EXECUTION_STRESS,59,D2-bc8ed57a704b6a79,SNDKUSDT,US_STOCK:2026-05-29T20:00:00+00:00:2026-06-01T08:00:00+00:00
0.0,0.0,FALSE_BREAKOUT,0.0,0.0,0.0357979875,0.11932662500000002,-0.2035000000000025,0.0,S3,0.0,EXECUTION_STRESS,59,D2-bc8ed57a704b6a79,SNDKUSDT,US_STOCK:2026-05-29T20:00:00+00:00:2026-06-01T08:00:00+00:00
0.0,0.0,FALSE_BREAKOUT,0.0,0.0,0.0,0.0,0.0,0.0,S1,0.0,EXECUTION_STRESS,97,D2-bc8ed57a704b6a79,SNDKUSDT,US_STOCK:2026-05-29T20:00:00+00:00:2026-06-01T08:00:00+00:00
0.0,0.0,FALSE_BREAKOUT,0.0,0.0,0.014319195000000003,0.047730650000000006,-0.08140000000000101,0.0,S2,0.0,EXECUTION_STRESS,97,D2-bc8ed57a704b6a79,SNDKUSDT,US_STOCK:2026-05-29T20:00:00+00:00:2026-06-01T08:00:00+00:00
0.0,0.0,FALSE_BREAKOUT,0.0,0.0,0.0357979875,0.11932662500000002,-0.2035000000000025,0.0,S3,0.0,EXECUTION_STRESS,97,D2-bc8ed57a704b6a79,SNDKUSDT,US_STOCK:2026-05-29T20:00:00+00:00:2026-06-01T08:00:00+00:00
0.0,0.0,FALSE_BREAKOUT,0.0,0.0,0.0,0.0,0.0,0.0,S1,0.0,MAKER_PROMO_OFF,3,D2-bc8ed57a704b6a79,SNDKUSDT,US_STOCK:2026-05-29T20:00:00+00:00:2026-06-01T08:00:00+00:00
0.0,0.0,FALSE_BREAKOUT,0.0,0.0,0.009546130000000002,0.028638390000000003,-0.08140000000000101,0.0,S2,0.0,MAKER_PROMO_OFF,3,D2-bc8ed57a704b6a79,SNDKUSDT,US_STOCK:2026-05-29T20:00:00+00:00:2026-06-01T08:00:00+00:00
0.0,0.0,FALSE_BREAKOUT,0.0,0.0,0.023865325000000003,0.071595975,-0.2035000000000025,0.0,S3,0.0,MAKER_PROMO_OFF,3,D2-bc8ed57a704b6a79,SNDKUSDT,US_STOCK:2026-05-29T20:00:00+00:00:2026-06-01T08:00:00+00:00
0.0,0.0,FALSE_BREAKOUT,0.0,0.0,0.0,0.0,0.0,0.0,S1,0.0,MAKER_PROMO_OFF,10,D2-bc8ed57a704b6a79,SNDKUSDT,US_STOCK:2026-05-29T20:00:00+00:00:2026-06-01T08:00:00+00:00
0.0,0.0,FALSE_BREAKOUT,0.0,0.0,0.009546130000000002,0.028638390000000003,-0.08140000000000101,0.0,S2,0.0,MAKER_PROMO_OFF,10,D2-bc8ed57a704b6a79,SNDKUSDT,US_STOCK:2026-05-29T20:00:00+00:00:2026-06-01T08:00:00+00:00
0.0,0.0,FALSE_BREAKOUT,0.0,0.0,0.023865325000000003,0.071595975,-0.2035000000000025,0.0,S3,0.0,MAKER_PROMO_OFF,10,D2-bc8ed57a704b6a79,SNDKUSDT,US_STOCK:2026-05-29T20:00:00+00:00:2026-06-01T08:00:00+00:00
0.0,0.0,FALSE_BREAKOUT,0.0,0.0,0.0,0.0,0.0,0.0,S1,0.0,MAKER_PROMO_OFF,17,D2-bc8ed57a704b6a79,SNDKUSDT,US_STOCK:2026-05-29T20:00:00+00:00:2026-06-01T08:00:00+00:00
0.0,0.0,FALSE_BREAKOUT,0.0,0.0,0.009546130000000002,0.028638390000000003,-0.08140000000000101,0.0,S2,0.0,MAKER_PROMO_OFF,17,D2-bc8ed57a704b6a79,SNDKUSDT,US_STOCK:2026-05-29T20:00:00+00:00:2026-06-01T08:00:00+00:00
0.0,0.0,FALSE_BREAKOUT,0.0,0.0,0.023865325000000003,0.071595975,-0.2035000000000025,0.0,S3,0.0,MAKER_PROMO_OFF,17,D2-bc8ed57a704b6a79,SNDKUSDT,US_STOCK:2026-05-29T20:00:00+00:00:2026-06-01T08:00:00+00:00
0.0,0.0,FALSE_BREAKOUT,0.0,0.0,0.0,0.0,0.0,0.0,S1,0.0,MAKER_PROMO_OFF,31,D2-bc8ed57a704b6a79,SNDKUSDT,US_STOCK:2026-05-29T20:00:00+00:00:2026-06-01T08:00:00+00:00
0.0,0.0,FALSE_BREAKOUT,0.0,0.0,0.009546130000000002,0.028638390000000003,-0.08140000000000101,0.0,S2,0.0,MAKER_PROMO_OFF,31,D2-bc8ed57a704b6a79,SNDKUSDT,US_STOCK:2026-05-29T20:00:00+00:00:2026-06-01T08:00:00+00:00
0.0,0.0,FALSE_BREAKOUT,0.0,0.0,0.023865325000000003,0.071595975,-0.2035000000000025,0.0,S3,0.0,MAKER_PROMO_OFF,31,D2-bc8ed57a704b6a79,SNDKUSDT,US_STOCK:2026-05-29T20:00:00+00:00:2026-06-01T08:00:00+00:00
0.0,0.0,FALSE_BREAKOUT,0.0,0.0,0.0,0.0,0.0,0.0,S1,0.0,MAKER_PROMO_OFF,59,D2-bc8ed57a704b6a79,SNDKUSDT,US_STOCK:2026-05-29T20:00:00+00:00:2026-06-01T08:00:00+00:00
0.0,0.0,FALSE_BREAKOUT,0.0,0.0,0.009546130000000002,0.028638390000000003,-0.08140000000000101,0.0,S2,0.0,MAKER_PROMO_OFF,59,D2-bc8ed57a704b6a79,SNDKUSDT,US_STOCK:2026-05-29T20:00:00+00:00:2026-06-01T08:00:00+00:00
0.0,0.0,FALSE_BREAKOUT,0.0,0.0,0.023865325000000003,0.071595975,-0.2035000000000025,0.0,S3,0.0,MAKER_PROMO_OFF,59,D2-bc8ed57a704b6a79,SNDKUSDT,US_STOCK:2026-05-29T20:00:00+00:00:2026-06-01T08:00:00+00:00
0.0,0.0,FALSE_BREAKOUT,0.0,0.0,0.0,0.0,0.0,0.0,S1,0.0,MAKER_PROMO_OFF,97,D2-bc8ed57a704b6a79,SNDKUSDT,US_STOCK:2026-05-29T20:00:00+00:00:2026-06-01T08:00:00+00:00
0.0,0.0,FALSE_BREAKOUT,0.0,0.0,0.009546130000000002,0.028638390000000003,-0.08140000000000101,0.0,S2,0.0,MAKER_PROMO_OFF,97,D2-bc8ed57a704b6a79,SNDKUSDT,US_STOCK:2026-05-29T20:00:00+00:00:2026-06-01T08:00:00+00:00
0.0,0.0,FALSE_BREAKOUT,0.0,0.0,0.023865325000000003,0.071595975,-0.2035000000000025,0.0,S3,0.0,MAKER_PROMO_OFF,97,D2-bc8ed57a704b6a79,SNDKUSDT,US_STOCK:2026-05-29T20:00:00+00:00:2026-06-01T08:00:00+00:00
0.0,0.0,FALSE_BREAKOUT,0.0,0.0,0.0,0.0,0.0,0.0,S1,0.0,PRIMARY_ZERO_MAKER,3,D2-cb237b14dd2e1af4,SNDKUSDT,US_STOCK:2026-06-05T20:00:00+00:00:2026-06-08T08:00:00+00:00
0.0,0.0,FALSE_BREAKOUT,0.0,0.0,0.011457825000000003,0.022915650000000006,-0.2866499999999986,0.0,S2,0.0,PRIMARY_ZERO_MAKER,3,D2-cb237b14dd2e1af4,SNDKUSDT,US_STOCK:2026-06-05T20:00:00+00:00:2026-06-08T08:00:00+00:00
0.0,0.0,FALSE_BREAKOUT,0.0,0.0,0.02864456250000001,0.05728912500000001,-0.7166249999999964,0.0,S3,0.0,PRIMARY_ZERO_MAKER,3,D2-cb237b14dd2e1af4,SNDKUSDT,US_STOCK:2026-06-05T20:00:00+00:00:2026-06-08T08:00:00+00:00
0.0,0.0,FALSE_BREAKOUT,0.0,0.0,0.0,0.0,0.0,0.0,S1,0.0,PRIMARY_ZERO_MAKER,10,D2-cb237b14dd2e1af4,SNDKUSDT,US_STOCK:2026-06-05T20:00:00+00:00:2026-06-08T08:00:00+00:00
0.0,0.0,FALSE_BREAKOUT,0.0,0.0,0.011457825000000003,0.022915650000000006,-0.2866499999999986,0.0,S2,0.0,PRIMARY_ZERO_MAKER,10,D2-cb237b14dd2e1af4,SNDKUSDT,US_STOCK:2026-06-05T20:00:00+00:00:2026-06-08T08:00:00+00:00
0.0,0.0,FALSE_BREAKOUT,0.0,0.0,0.02864456250000001,0.05728912500000001,-0.7166249999999964,0.0,S3,0.0,PRIMARY_ZERO_MAKER,10,D2-cb237b14dd2e1af4,SNDKUSDT,US_STOCK:2026-06-05T20:00:00+00:00:2026-06-08T08:00:00+00:00
0.0,0.0,FALSE_BREAKOUT,0.0,0.0,0.0,0.0,0.0,0.0,S1,0.0,PRIMARY_ZERO_MAKER,17,D2-cb237b14dd2e1af4,SNDKUSDT,US_STOCK:2026-06-05T20:00:00+00:00:2026-06-08T08:00:00+00:00
0.0,0.0,FALSE_BREAKOUT,0.0,0.0,0.011457825000000003,0.022915650000000006,-0.2866499999999986,0.0,S2,0.0,PRIMARY_ZERO_MAKER,17,D2-cb237b14dd2e1af4,SNDKUSDT,US_STOCK:2026-06-05T20:00:00+00:00:2026-06-08T08:00:00+00:00
0.0,0.0,FALSE_BREAKOUT,0.0,0.0,0.02864456250000001,0.05728912500000001,-0.7166249999999964,0.0,S3,0.0,PRIMARY_ZERO_MAKER,17,D2-cb237b14dd2e1af4,SNDKUSDT,US_STOCK:2026-06-05T20:00:00+00:00:2026-06-08T08:00:00+00:00
0.0,0.0,FALSE_BREAKOUT,0.0,0.0,0.0,0.0,0.0,0.0,S1,0.0,PRIMARY_ZERO_MAKER,31,D2-cb237b14dd2e1af4,SNDKUSDT,US_STOCK:2026-06-05T20:00:00+00:00:2026-06-08T08:00:00+00:00
0.0,0.0,FALSE_BREAKOUT,0.0,0.0,0.011457825000000003,0.022915650000000006,-0.2866499999999986,0.0,S2,0.0,PRIMARY_ZERO_MAKER,31,D2-cb237b14dd2e1af4,SNDKUSDT,US_STOCK:2026-06-05T20:00:00+00:00:2026-06-08T08:00:00+00:00
0.0,0.0,FALSE_BREAKOUT,0.0,0.0,0.02864456250000001,0.05728912500000001,-0.7166249999999964,0.0,S3,0.0,PRIMARY_ZERO_MAKER,31,D2-cb237b14dd2e1af4,SNDKUSDT,US_STOCK:2026-06-05T20:00:00+00:00:2026-06-08T08:00:00+00:00
0.0,0.0,FALSE_BREAKOUT,0.0,0.0,0.0,0.0,0.0,0.0,S1,0.0,PRIMARY_ZERO_MAKER,59,D2-cb237b14dd2e1af4,SNDKUSDT,US_STOCK:2026-06-05T20:00:00+00:00:2026-06-08T08:00:00+00:00
0.0,0.0,FALSE_BREAKOUT,0.0,0.0,0.011457825000000003,0.022915650000000006,-0.2866499999999986,0.0,S2,0.0,PRIMARY_ZERO_MAKER,59,D2-cb237b14dd2e1af4,SNDKUSDT,US_STOCK:2026-06-05T20:00:00+00:00:2026-06-08T08:00:00+00:00
0.0,0.0,FALSE_BREAKOUT,0.0,0.0,0.02864456250000001,0.05728912500000001,-0.7166249999999964,0.0,S3,0.0,PRIMARY_ZERO_MAKER,59,D2-cb237b14dd2e1af4,SNDKUSDT,US_STOCK:2026-06-05T20:00:00+00:00:2026-06-08T08:00:00+00:00
0.0,0.0,FALSE_BREAKOUT,0.0,0.0,0.0,0.0,0.0,0.0,S1,0.0,PRIMARY_ZERO_MAKER,97,D2-cb237b14dd2e1af4,SNDKUSDT,US_STOCK:2026-06-05T20:00:00+00:00:2026-06-08T08:00:00+00:00
0.0,0.0,FALSE_BREAKOUT,0.0,0.0,0.011457825000000003,0.022915650000000006,-0.2866499999999986,0.0,S2,0.0,PRIMARY_ZERO_MAKER,97,D2-cb237b14dd2e1af4,SNDKUSDT,US_STOCK:2026-06-05T20:00:00+00:00:2026-06-08T08:00:00+00:00
0.0,0.0,FALSE_BREAKOUT,0.0,0.0,0.02864456250000001,0.05728912500000001,-0.7166249999999964,0.0,S3,0.0,PRIMARY_ZERO_MAKER,97,D2-cb237b14dd2e1af4,SNDKUSDT,US_STOCK:2026-06-05T20:00:00+00:00:2026-06-08T08:00:00+00:00
0.0,0.0,FALSE_BREAKOUT,0.0,0.0,0.0,0.0,0.0,0.0,S1,0.0,EXECUTION_STRESS,3,D2-cb237b14dd2e1af4,SNDKUSDT,US_STOCK:2026-06-05T20:00:00+00:00:2026-06-08T08:00:00+00:00
0.0,0.0,FALSE_BREAKOUT,0.0,0.0,0.017186737500000004,0.05728912500000001,-0.2866499999999986,0.0,S2,0.0,EXECUTION_STRESS,3,D2-cb237b14dd2e1af4,SNDKUSDT,US_STOCK:2026-06-05T20:00:00+00:00:2026-06-08T08:00:00+00:00
0.0,0.0,FALSE_BREAKOUT,0.0,0.0,0.04296684375000001,0.14322281250000002,-0.7166249999999964,0.0,S3,0.0,EXECUTION_STRESS,3,D2-cb237b14dd2e1af4,SNDKUSDT,US_STOCK:2026-06-05T20:00:00+00:00:2026-06-08T08:00:00+00:00
0.0,0.0,FALSE_BREAKOUT,0.0,0.0,0.0,0.0,0.0,0.0,S1,0.0,EXECUTION_STRESS,10,D2-cb237b14dd2e1af4,SNDKUSDT,US_STOCK:2026-06-05T20:00:00+00:00:2026-06-08T08:00:00+00:00
0.0,0.0,FALSE_BREAKOUT,0.0,0.0,0.017186737500000004,0.05728912500000001,-0.2866499999999986,0.0,S2,0.0,EXECUTION_STRESS,10,D2-cb237b14dd2e1af4,SNDKUSDT,US_STOCK:2026-06-05T20:00:00+00:00:2026-06-08T08:00:00+00:00
0.0,0.0,FALSE_BREAKOUT,0.0,0.0,0.04296684375000001,0.14322281250000002,-0.7166249999999964,0.0,S3,0.0,EXECUTION_STRESS,10,D2-cb237b14dd2e1af4,SNDKUSDT,US_STOCK:2026-06-05T20:00:00+00:00:2026-06-08T08:00:00+00:00
0.0,0.0,FALSE_BREAKOUT,0.0,0.0,0.0,0.0,0.0,0.0,S1,0.0,EXECUTION_STRESS,17,D2-cb237b14dd2e1af4,SNDKUSDT,US_STOCK:2026-06-05T20:00:00+00:00:2026-06-08T08:00:00+00:00
0.0,0.0,FALSE_BREAKOUT,0.0,0.0,0.017186737500000004,0.05728912500000001,-0.2866499999999986,0.0,S2,0.0,EXECUTION_STRESS,17,D2-cb237b14dd2e1af4,SNDKUSDT,US_STOCK:2026-06-05T20:00:00+00:00:2026-06-08T08:00:00+00:00
0.0,0.0,FALSE_BREAKOUT,0.0,0.0,0.04296684375000001,0.14322281250000002,-0.7166249999999964,0.0,S3,0.0,EXECUTION_STRESS,17,D2-cb237b14dd2e1af4,SNDKUSDT,US_STOCK:2026-06-05T20:00:00+00:00:2026-06-08T08:00:00+00:00
0.0,0.0,FALSE_BREAKOUT,0.0,0.0,0.0,0.0,0.0,0.0,S1,0.0,EXECUTION_STRESS,31,D2-cb237b14dd2e1af4,SNDKUSDT,US_STOCK:2026-06-05T20:00:00+00:00:2026-06-08T08:00:00+00:00
0.0,0.0,FALSE_BREAKOUT,0.0,0.0,0.017186737500000004,0.05728912500000001,-0.2866499999999986,0.0,S2,0.0,EXECUTION_STRESS,31,D2-cb237b14dd2e1af4,SNDKUSDT,US_STOCK:2026-06-05T20:00:00+00:00:2026-06-08T08:00:00+00:00
0.0,0.0,FALSE_BREAKOUT,0.0,0.0,0.04296684375000001,0.14322281250000002,-0.7166249999999964,0.0,S3,0.0,EXECUTION_STRESS,31,D2-cb237b14dd2e1af4,SNDKUSDT,US_STOCK:2026-06-05T20:00:00+00:00:2026-06-08T08:00:00+00:00
0.0,0.0,FALSE_BREAKOUT,0.0,0.0,0.0,0.0,0.0,0.0,S1,0.0,EXECUTION_STRESS,59,D2-cb237b14dd2e1af4,SNDKUSDT,US_STOCK:2026-06-05T20:00:00+00:00:2026-06-08T08:00:00+00:00
0.0,0.0,FALSE_BREAKOUT,0.0,0.0,0.017186737500000004,0.05728912500000001,-0.2866499999999986,0.0,S2,0.0,EXECUTION_STRESS,59,D2-cb237b14dd2e1af4,SNDKUSDT,US_STOCK:2026-06-05T20:00:00+00:00:2026-06-08T08:00:00+00:00
0.0,0.0,FALSE_BREAKOUT,0.0,0.0,0.04296684375000001,0.14322281250000002,-0.7166249999999964,0.0,S3,0.0,EXECUTION_STRESS,59,D2-cb237b14dd2e1af4,SNDKUSDT,US_STOCK:2026-06-05T20:00:00+00:00:2026-06-08T08:00:00+00:00
0.0,0.0,FALSE_BREAKOUT,0.0,0.0,0.0,0.0,0.0,0.0,S1,0.0,EXECUTION_STRESS,97,D2-cb237b14dd2e1af4,SNDKUSDT,US_STOCK:2026-06-05T20:00:00+00:00:2026-06-08T08:00:00+00:00
0.0,0.0,FALSE_BREAKOUT,0.0,0.0,0.017186737500000004,0.05728912500000001,-0.2866499999999986,0.0,S2,0.0,EXECUTION_STRESS,97,D2-cb237b14dd2e1af4,SNDKUSDT,US_STOCK:2026-06-05T20:00:00+00:00:2026-06-08T08:00:00+00:00
0.0,0.0,FALSE_BREAKOUT,0.0,0.0,0.04296684375000001,0.14322281250000002,-0.7166249999999964,0.0,S3,0.0,EXECUTION_STRESS,97,D2-cb237b14dd2e1af4,SNDKUSDT,US_STOCK:2026-06-05T20:00:00+00:00:2026-06-08T08:00:00+00:00
0.0,0.0,FALSE_BREAKOUT,0.0,0.0,0.0,0.0,0.0,0.0,S1,0.0,MAKER_PROMO_OFF,3,D2-cb237b14dd2e1af4,SNDKUSDT,US_STOCK:2026-06-05T20:00:00+00:00:2026-06-08T08:00:00+00:00
0.0,0.0,FALSE_BREAKOUT,0.0,0.0,0.011457825000000003,0.03437347500000001,-0.2866499999999986,0.0,S2,0.0,MAKER_PROMO_OFF,3,D2-cb237b14dd2e1af4,SNDKUSDT,US_STOCK:2026-06-05T20:00:00+00:00:2026-06-08T08:00:00+00:00
0.0,0.0,FALSE_BREAKOUT,0.0,0.0,0.02864456250000001,0.08593368750000002,-0.7166249999999964,0.0,S3,0.0,MAKER_PROMO_OFF,3,D2-cb237b14dd2e1af4,SNDKUSDT,US_STOCK:2026-06-05T20:00:00+00:00:2026-06-08T08:00:00+00:00
0.0,0.0,FALSE_BREAKOUT,0.0,0.0,0.0,0.0,0.0,0.0,S1,0.0,MAKER_PROMO_OFF,10,D2-cb237b14dd2e1af4,SNDKUSDT,US_STOCK:2026-06-05T20:00:00+00:00:2026-06-08T08:00:00+00:00
0.0,0.0,FALSE_BREAKOUT,0.0,0.0,0.011457825000000003,0.03437347500000001,-0.2866499999999986,0.0,S2,0.0,MAKER_PROMO_OFF,10,D2-cb237b14dd2e1af4,SNDKUSDT,US_STOCK:2026-06-05T20:00:00+00:00:2026-06-08T08:00:00+00:00
0.0,0.0,FALSE_BREAKOUT,0.0,0.0,0.02864456250000001,0.08593368750000002,-0.7166249999999964,0.0,S3,0.0,MAKER_PROMO_OFF,10,D2-cb237b14dd2e1af4,SNDKUSDT,US_STOCK:2026-06-05T20:00:00+00:00:2026-06-08T08:00:00+00:00
0.0,0.0,FALSE_BREAKOUT,0.0,0.0,0.0,0.0,0.0,0.0,S1,0.0,MAKER_PROMO_OFF,17,D2-cb237b14dd2e1af4,SNDKUSDT,US_STOCK:2026-06-05T20:00:00+00:00:2026-06-08T08:00:00+00:00
0.0,0.0,FALSE_BREAKOUT,0.0,0.0,0.011457825000000003,0.03437347500000001,-0.2866499999999986,0.0,S2,0.0,MAKER_PROMO_OFF,17,D2-cb237b14dd2e1af4,SNDKUSDT,US_STOCK:2026-06-05T20:00:00+00:00:2026-06-08T08:00:00+00:00
0.0,0.0,FALSE_BREAKOUT,0.0,0.0,0.02864456250000001,0.08593368750000002,-0.7166249999999964,0.0,S3,0.0,MAKER_PROMO_OFF,17,D2-cb237b14dd2e1af4,SNDKUSDT,US_STOCK:2026-06-05T20:00:00+00:00:2026-06-08T08:00:00+00:00
0.0,0.0,FALSE_BREAKOUT,0.0,0.0,0.0,0.0,0.0,0.0,S1,0.0,MAKER_PROMO_OFF,31,D2-cb237b14dd2e1af4,SNDKUSDT,US_STOCK:2026-06-05T20:00:00+00:00:2026-06-08T08:00:00+00:00
0.0,0.0,FALSE_BREAKOUT,0.0,0.0,0.011457825000000003,0.03437347500000001,-0.2866499999999986,0.0,S2,0.0,MAKER_PROMO_OFF,31,D2-cb237b14dd2e1af4,SNDKUSDT,US_STOCK:2026-06-05T20:00:00+00:00:2026-06-08T08:00:00+00:00
0.0,0.0,FALSE_BREAKOUT,0.0,0.0,0.02864456250000001,0.08593368750000002,-0.7166249999999964,0.0,S3,0.0,MAKER_PROMO_OFF,31,D2-cb237b14dd2e1af4,SNDKUSDT,US_STOCK:2026-06-05T20:00:00+00:00:2026-06-08T08:00:00+00:00
0.0,0.0,FALSE_BREAKOUT,0.0,0.0,0.0,0.0,0.0,0.0,S1,0.0,MAKER_PROMO_OFF,59,D2-cb237b14dd2e1af4,SNDKUSDT,US_STOCK:2026-06-05T20:00:00+00:00:2026-06-08T08:00:00+00:00
0.0,0.0,FALSE_BREAKOUT,0.0,0.0,0.011457825000000003,0.03437347500000001,-0.2866499999999986,0.0,S2,0.0,MAKER_PROMO_OFF,59,D2-cb237b14dd2e1af4,SNDKUSDT,US_STOCK:2026-06-05T20:00:00+00:00:2026-06-08T08:00:00+00:00
0.0,0.0,FALSE_BREAKOUT,0.0,0.0,0.02864456250000001,0.08593368750000002,-0.7166249999999964,0.0,S3,0.0,MAKER_PROMO_OFF,59,D2-cb237b14dd2e1af4,SNDKUSDT,US_STOCK:2026-06-05T20:00:00+00:00:2026-06-08T08:00:00+00:00
0.0,0.0,FALSE_BREAKOUT,0.0,0.0,0.0,0.0,0.0,0.0,S1,0.0,MAKER_PROMO_OFF,97,D2-cb237b14dd2e1af4,SNDKUSDT,US_STOCK:2026-06-05T20:00:00+00:00:2026-06-08T08:00:00+00:00
0.0,0.0,FALSE_BREAKOUT,0.0,0.0,0.011457825000000003,0.03437347500000001,-0.2866499999999986,0.0,S2,0.0,MAKER_PROMO_OFF,97,D2-cb237b14dd2e1af4,SNDKUSDT,US_STOCK:2026-06-05T20:00:00+00:00:2026-06-08T08:00:00+00:00
0.0,0.0,FALSE_BREAKOUT,0.0,0.0,0.02864456250000001,0.08593368750000002,-0.7166249999999964,0.0,S3,0.0,MAKER_PROMO_OFF,97,D2-cb237b14dd2e1af4,SNDKUSDT,US_STOCK:2026-06-05T20:00:00+00:00:2026-06-08T08:00:00+00:00
0.0,0.0,FALSE_BREAKOUT,0.0,0.0,0.0,0.0,0.0,0.0,S1,0.0,PRIMARY_ZERO_MAKER,3,D2-26e2b0070e7b30d2,SNDKUSDT,US_STOCK:2026-06-18T20:00:00+00:00:2026-06-22T08:00:00+00:00
0.0,0.0,FALSE_BREAKOUT,0.0,0.0,0.011331700000000004,0.022663400000000007,-0.22660000000000313,0.0,S2,0.0,PRIMARY_ZERO_MAKER,3,D2-26e2b0070e7b30d2,SNDKUSDT,US_STOCK:2026-06-18T20:00:00+00:00:2026-06-22T08:00:00+00:00
0.0,0.0,FALSE_BREAKOUT,0.0,0.0,0.028329250000000004,0.0566585,-0.5665000000000078,0.0,S3,0.0,PRIMARY_ZERO_MAKER,3,D2-26e2b0070e7b30d2,SNDKUSDT,US_STOCK:2026-06-18T20:00:00+00:00:2026-06-22T08:00:00+00:00
0.0,0.0,FALSE_BREAKOUT,0.0,0.0,0.0,0.0,0.0,0.0,S1,0.0,PRIMARY_ZERO_MAKER,10,D2-26e2b0070e7b30d2,SNDKUSDT,US_STOCK:2026-06-18T20:00:00+00:00:2026-06-22T08:00:00+00:00
0.0,0.0,FALSE_BREAKOUT,0.0,0.0,0.011331700000000004,0.022663400000000007,-0.22660000000000313,0.0,S2,0.0,PRIMARY_ZERO_MAKER,10,D2-26e2b0070e7b30d2,SNDKUSDT,US_STOCK:2026-06-18T20:00:00+00:00:2026-06-22T08:00:00+00:00
0.0,0.0,FALSE_BREAKOUT,0.0,0.0,0.028329250000000004,0.0566585,-0.5665000000000078,0.0,S3,0.0,PRIMARY_ZERO_MAKER,10,D2-26e2b0070e7b30d2,SNDKUSDT,US_STOCK:2026-06-18T20:00:00+00:00:2026-06-22T08:00:00+00:00
0.0,0.0,FALSE_BREAKOUT,0.0,0.0,0.0,0.0,0.0,0.0,S1,0.0,PRIMARY_ZERO_MAKER,17,D2-26e2b0070e7b30d2,SNDKUSDT,US_STOCK:2026-06-18T20:00:00+00:00:2026-06-22T08:00:00+00:00
0.0,0.0,FALSE_BREAKOUT,0.0,0.0,0.011331700000000004,0.022663400000000007,-0.22660000000000313,0.0,S2,0.0,PRIMARY_ZERO_MAKER,17,D2-26e2b0070e7b30d2,SNDKUSDT,US_STOCK:2026-06-18T20:00:00+00:00:2026-06-22T08:00:00+00:00
0.0,0.0,FALSE_BREAKOUT,0.0,0.0,0.028329250000000004,0.0566585,-0.5665000000000078,0.0,S3,0.0,PRIMARY_ZERO_MAKER,17,D2-26e2b0070e7b30d2,SNDKUSDT,US_STOCK:2026-06-18T20:00:00+00:00:2026-06-22T08:00:00+00:00
0.0,0.0,FALSE_BREAKOUT,0.0,0.0,0.0,0.0,0.0,0.0,S1,0.0,PRIMARY_ZERO_MAKER,31,D2-26e2b0070e7b30d2,SNDKUSDT,US_STOCK:2026-06-18T20:00:00+00:00:2026-06-22T08:00:00+00:00
0.0,0.0,FALSE_BREAKOUT,0.0,0.0,0.011331700000000004,0.022663400000000007,-0.22660000000000313,0.0,S2,0.0,PRIMARY_ZERO_MAKER,31,D2-26e2b0070e7b30d2,SNDKUSDT,US_STOCK:2026-06-18T20:00:00+00:00:2026-06-22T08:00:00+00:00
0.0,0.0,FALSE_BREAKOUT,0.0,0.0,0.028329250000000004,0.0566585,-0.5665000000000078,0.0,S3,0.0,PRIMARY_ZERO_MAKER,31,D2-26e2b0070e7b30d2,SNDKUSDT,US_STOCK:2026-06-18T20:00:00+00:00:2026-06-22T08:00:00+00:00
0.0,0.0,FALSE_BREAKOUT,0.0,0.0,0.0,0.0,0.0,0.0,S1,0.0,PRIMARY_ZERO_MAKER,59,D2-26e2b0070e7b30d2,SNDKUSDT,US_STOCK:2026-06-18T20:00:00+00:00:2026-06-22T08:00:00+00:00
0.0,0.0,FALSE_BREAKOUT,0.0,0.0,0.011331700000000004,0.022663400000000007,-0.22660000000000313,0.0,S2,0.0,PRIMARY_ZERO_MAKER,59,D2-26e2b0070e7b30d2,SNDKUSDT,US_STOCK:2026-06-18T20:00:00+00:00:2026-06-22T08:00:00+00:00
0.0,0.0,FALSE_BREAKOUT,0.0,0.0,0.028329250000000004,0.0566585,-0.5665000000000078,0.0,S3,0.0,PRIMARY_ZERO_MAKER,59,D2-26e2b0070e7b30d2,SNDKUSDT,US_STOCK:2026-06-18T20:00:00+00:00:2026-06-22T08:00:00+00:00
0.0,0.0,FALSE_BREAKOUT,0.0,0.0,0.0,0.0,0.0,0.0,S1,0.0,PRIMARY_ZERO_MAKER,97,D2-26e2b0070e7b30d2,SNDKUSDT,US_STOCK:2026-06-18T20:00:00+00:00:2026-06-22T08:00:00+00:00
0.0,0.0,FALSE_BREAKOUT,0.0,0.0,0.011331700000000004,0.022663400000000007,-0.22660000000000313,0.0,S2,0.0,PRIMARY_ZERO_MAKER,97,D2-26e2b0070e7b30d2,SNDKUSDT,US_STOCK:2026-06-18T20:00:00+00:00:2026-06-22T08:00:00+00:00
0.0,0.0,FALSE_BREAKOUT,0.0,0.0,0.028329250000000004,0.0566585,-0.5665000000000078,0.0,S3,0.0,PRIMARY_ZERO_MAKER,97,D2-26e2b0070e7b30d2,SNDKUSDT,US_STOCK:2026-06-18T20:00:00+00:00:2026-06-22T08:00:00+00:00
0.0,0.0,FALSE_BREAKOUT,0.0,0.0,0.0,0.0,0.0,0.0,S1,0.0,EXECUTION_STRESS,3,D2-26e2b0070e7b30d2,SNDKUSDT,US_STOCK:2026-06-18T20:00:00+00:00:2026-06-22T08:00:00+00:00
0.0,0.0,FALSE_BREAKOUT,0.0,0.0,0.016997550000000004,0.056658500000000014,-0.22660000000000313,0.0,S2,0.0,EXECUTION_STRESS,3,D2-26e2b0070e7b30d2,SNDKUSDT,US_STOCK:2026-06-18T20:00:00+00:00:2026-06-22T08:00:00+00:00
0.0,0.0,FALSE_BREAKOUT,0.0,0.0,0.042493875,0.14164625,-0.5665000000000078,0.0,S3,0.0,EXECUTION_STRESS,3,D2-26e2b0070e7b30d2,SNDKUSDT,US_STOCK:2026-06-18T20:00:00+00:00:2026-06-22T08:00:00+00:00
0.0,0.0,FALSE_BREAKOUT,0.0,0.0,0.0,0.0,0.0,0.0,S1,0.0,EXECUTION_STRESS,10,D2-26e2b0070e7b30d2,SNDKUSDT,US_STOCK:2026-06-18T20:00:00+00:00:2026-06-22T08:00:00+00:00
0.0,0.0,FALSE_BREAKOUT,0.0,0.0,0.016997550000000004,0.056658500000000014,-0.22660000000000313,0.0,S2,0.0,EXECUTION_STRESS,10,D2-26e2b0070e7b30d2,SNDKUSDT,US_STOCK:2026-06-18T20:00:00+00:00:2026-06-22T08:00:00+00:00
0.0,0.0,FALSE_BREAKOUT,0.0,0.0,0.042493875,0.14164625,-0.5665000000000078,0.0,S3,0.0,EXECUTION_STRESS,10,D2-26e2b0070e7b30d2,SNDKUSDT,US_STOCK:2026-06-18T20:00:00+00:00:2026-06-22T08:00:00+00:00
0.0,0.0,FALSE_BREAKOUT,0.0,0.0,0.0,0.0,0.0,0.0,S1,0.0,EXECUTION_STRESS,17,D2-26e2b0070e7b30d2,SNDKUSDT,US_STOCK:2026-06-18T20:00:00+00:00:2026-06-22T08:00:00+00:00
0.0,0.0,FALSE_BREAKOUT,0.0,0.0,0.016997550000000004,0.056658500000000014,-0.22660000000000313,0.0,S2,0.0,EXECUTION_STRESS,17,D2-26e2b0070e7b30d2,SNDKUSDT,US_STOCK:2026-06-18T20:00:00+00:00:2026-06-22T08:00:00+00:00
0.0,0.0,FALSE_BREAKOUT,0.0,0.0,0.042493875,0.14164625,-0.5665000000000078,0.0,S3,0.0,EXECUTION_STRESS,17,D2-26e2b0070e7b30d2,SNDKUSDT,US_STOCK:2026-06-18T20:00:00+00:00:2026-06-22T08:00:00+00:00
0.0,0.0,FALSE_BREAKOUT,0.0,0.0,0.0,0.0,0.0,0.0,S1,0.0,EXECUTION_STRESS,31,D2-26e2b0070e7b30d2,SNDKUSDT,US_STOCK:2026-06-18T20:00:00+00:00:2026-06-22T08:00:00+00:00
0.0,0.0,FALSE_BREAKOUT,0.0,0.0,0.016997550000000004,0.056658500000000014,-0.22660000000000313,0.0,S2,0.0,EXECUTION_STRESS,31,D2-26e2b0070e7b30d2,SNDKUSDT,US_STOCK:2026-06-18T20:00:00+00:00:2026-06-22T08:00:00+00:00
0.0,0.0,FALSE_BREAKOUT,0.0,0.0,0.042493875,0.14164625,-0.5665000000000078,0.0,S3,0.0,EXECUTION_STRESS,31,D2-26e2b0070e7b30d2,SNDKUSDT,US_STOCK:2026-06-18T20:00:00+00:00:2026-06-22T08:00:00+00:00
0.0,0.0,FALSE_BREAKOUT,0.0,0.0,0.0,0.0,0.0,0.0,S1,0.0,EXECUTION_STRESS,59,D2-26e2b0070e7b30d2,SNDKUSDT,US_STOCK:2026-06-18T20:00:00+00:00:2026-06-22T08:00:00+00:00
0.0,0.0,FALSE_BREAKOUT,0.0,0.0,0.016997550000000004,0.056658500000000014,-0.22660000000000313,0.0,S2,0.0,EXECUTION_STRESS,59,D2-26e2b0070e7b30d2,SNDKUSDT,US_STOCK:2026-06-18T20:00:00+00:00:2026-06-22T08:00:00+00:00
0.0,0.0,FALSE_BREAKOUT,0.0,0.0,0.042493875,0.14164625,-0.5665000000000078,0.0,S3,0.0,EXECUTION_STRESS,59,D2-26e2b0070e7b30d2,SNDKUSDT,US_STOCK:2026-06-18T20:00:00+00:00:2026-06-22T08:00:00+00:00
0.0,0.0,FALSE_BREAKOUT,0.0,0.0,0.0,0.0,0.0,0.0,S1,0.0,EXECUTION_STRESS,97,D2-26e2b0070e7b30d2,SNDKUSDT,US_STOCK:2026-06-18T20:00:00+00:00:2026-06-22T08:00:00+00:00
0.0,0.0,FALSE_BREAKOUT,0.0,0.0,0.016997550000000004,0.056658500000000014,-0.22660000000000313,0.0,S2,0.0,EXECUTION_STRESS,97,D2-26e2b0070e7b30d2,SNDKUSDT,US_STOCK:2026-06-18T20:00:00+00:00:2026-06-22T08:00:00+00:00
0.0,0.0,FALSE_BREAKOUT,0.0,0.0,0.042493875,0.14164625,-0.5665000000000078,0.0,S3,0.0,EXECUTION_STRESS,97,D2-26e2b0070e7b30d2,SNDKUSDT,US_STOCK:2026-06-18T20:00:00+00:00:2026-06-22T08:00:00+00:00
0.0,0.0,FALSE_BREAKOUT,0.0,0.0,0.0,0.0,0.0,0.0,S1,0.0,MAKER_PROMO_OFF,3,D2-26e2b0070e7b30d2,SNDKUSDT,US_STOCK:2026-06-18T20:00:00+00:00:2026-06-22T08:00:00+00:00
0.0,0.0,FALSE_BREAKOUT,0.0,0.0,0.011331700000000004,0.03399510000000001,-0.22660000000000313,0.0,S2,0.0,MAKER_PROMO_OFF,3,D2-26e2b0070e7b30d2,SNDKUSDT,US_STOCK:2026-06-18T20:00:00+00:00:2026-06-22T08:00:00+00:00
0.0,0.0,FALSE_BREAKOUT,0.0,0.0,0.028329250000000004,0.08498775,-0.5665000000000078,0.0,S3,0.0,MAKER_PROMO_OFF,3,D2-26e2b0070e7b30d2,SNDKUSDT,US_STOCK:2026-06-18T20:00:00+00:00:2026-06-22T08:00:00+00:00
0.0,0.0,FALSE_BREAKOUT,0.0,0.0,0.0,0.0,0.0,0.0,S1,0.0,MAKER_PROMO_OFF,10,D2-26e2b0070e7b30d2,SNDKUSDT,US_STOCK:2026-06-18T20:00:00+00:00:2026-06-22T08:00:00+00:00
0.0,0.0,FALSE_BREAKOUT,0.0,0.0,0.011331700000000004,0.03399510000000001,-0.22660000000000313,0.0,S2,0.0,MAKER_PROMO_OFF,10,D2-26e2b0070e7b30d2,SNDKUSDT,US_STOCK:2026-06-18T20:00:00+00:00:2026-06-22T08:00:00+00:00
0.0,0.0,FALSE_BREAKOUT,0.0,0.0,0.028329250000000004,0.08498775,-0.5665000000000078,0.0,S3,0.0,MAKER_PROMO_OFF,10,D2-26e2b0070e7b30d2,SNDKUSDT,US_STOCK:2026-06-18T20:00:00+00:00:2026-06-22T08:00:00+00:00
0.0,0.0,FALSE_BREAKOUT,0.0,0.0,0.0,0.0,0.0,0.0,S1,0.0,MAKER_PROMO_OFF,17,D2-26e2b0070e7b30d2,SNDKUSDT,US_STOCK:2026-06-18T20:00:00+00:00:2026-06-22T08:00:00+00:00
0.0,0.0,FALSE_BREAKOUT,0.0,0.0,0.011331700000000004,0.03399510000000001,-0.22660000000000313,0.0,S2,0.0,MAKER_PROMO_OFF,17,D2-26e2b0070e7b30d2,SNDKUSDT,US_STOCK:2026-06-18T20:00:00+00:00:2026-06-22T08:00:00+00:00
0.0,0.0,FALSE_BREAKOUT,0.0,0.0,0.028329250000000004,0.08498775,-0.5665000000000078,0.0,S3,0.0,MAKER_PROMO_OFF,17,D2-26e2b0070e7b30d2,SNDKUSDT,US_STOCK:2026-06-18T20:00:00+00:00:2026-06-22T08:00:00+00:00
0.0,0.0,FALSE_BREAKOUT,0.0,0.0,0.0,0.0,0.0,0.0,S1,0.0,MAKER_PROMO_OFF,31,D2-26e2b0070e7b30d2,SNDKUSDT,US_STOCK:2026-06-18T20:00:00+00:00:2026-06-22T08:00:00+00:00
0.0,0.0,FALSE_BREAKOUT,0.0,0.0,0.011331700000000004,0.03399510000000001,-0.22660000000000313,0.0,S2,0.0,MAKER_PROMO_OFF,31,D2-26e2b0070e7b30d2,SNDKUSDT,US_STOCK:2026-06-18T20:00:00+00:00:2026-06-22T08:00:00+00:00
0.0,0.0,FALSE_BREAKOUT,0.0,0.0,0.028329250000000004,0.08498775,-0.5665000000000078,0.0,S3,0.0,MAKER_PROMO_OFF,31,D2-26e2b0070e7b30d2,SNDKUSDT,US_STOCK:2026-06-18T20:00:00+00:00:2026-06-22T08:00:00+00:00
0.0,0.0,FALSE_BREAKOUT,0.0,0.0,0.0,0.0,0.0,0.0,S1,0.0,MAKER_PROMO_OFF,59,D2-26e2b0070e7b30d2,SNDKUSDT,US_STOCK:2026-06-18T20:00:00+00:00:2026-06-22T08:00:00+00:00
0.0,0.0,FALSE_BREAKOUT,0.0,0.0,0.011331700000000004,0.03399510000000001,-0.22660000000000313,0.0,S2,0.0,MAKER_PROMO_OFF,59,D2-26e2b0070e7b30d2,SNDKUSDT,US_STOCK:2026-06-18T20:00:00+00:00:2026-06-22T08:00:00+00:00
0.0,0.0,FALSE_BREAKOUT,0.0,0.0,0.028329250000000004,0.08498775,-0.5665000000000078,0.0,S3,0.0,MAKER_PROMO_OFF,59,D2-26e2b0070e7b30d2,SNDKUSDT,US_STOCK:2026-06-18T20:00:00+00:00:2026-06-22T08:00:00+00:00
0.0,0.0,FALSE_BREAKOUT,0.0,0.0,0.0,0.0,0.0,0.0,S1,0.0,MAKER_PROMO_OFF,97,D2-26e2b0070e7b30d2,SNDKUSDT,US_STOCK:2026-06-18T20:00:00+00:00:2026-06-22T08:00:00+00:00
0.0,0.0,FALSE_BREAKOUT,0.0,0.0,0.011331700000000004,0.03399510000000001,-0.22660000000000313,0.0,S2,0.0,MAKER_PROMO_OFF,97,D2-26e2b0070e7b30d2,SNDKUSDT,US_STOCK:2026-06-18T20:00:00+00:00:2026-06-22T08:00:00+00:00
0.0,0.0,FALSE_BREAKOUT,0.0,0.0,0.028329250000000004,0.08498775,-0.5665000000000078,0.0,S3,0.0,MAKER_PROMO_OFF,97,D2-26e2b0070e7b30d2,SNDKUSDT,US_STOCK:2026-06-18T20:00:00+00:00:2026-06-22T08:00:00+00:00
0.0,0.0,FALSE_BREAKOUT,0.0,0.0,0.0,0.0,0.0,0.0,S1,0.0,PRIMARY_ZERO_MAKER,3,D2-2a53b8b913c713d1,MUUSDT,US_STOCK:2026-05-08T20:00:00+00:00:2026-05-11T08:00:00+00:00
0.0,0.0,FALSE_BREAKOUT,0.0,0.0,0.01249362,0.02498724,-0.15933999999999957,0.0,S2,0.0,PRIMARY_ZERO_MAKER,3,D2-2a53b8b913c713d1,MUUSDT,US_STOCK:2026-05-08T20:00:00+00:00:2026-05-11T08:00:00+00:00
0.0,0.0,FALSE_BREAKOUT,0.0,0.0,0.03123405,0.062468100000000006,-0.3983499999999989,0.0,S3,0.0,PRIMARY_ZERO_MAKER,3,D2-2a53b8b913c713d1,MUUSDT,US_STOCK:2026-05-08T20:00:00+00:00:2026-05-11T08:00:00+00:00
0.0,0.0,FALSE_BREAKOUT,0.0,0.0,0.0,0.0,0.0,0.0,S1,0.0,PRIMARY_ZERO_MAKER,10,D2-2a53b8b913c713d1,MUUSDT,US_STOCK:2026-05-08T20:00:00+00:00:2026-05-11T08:00:00+00:00
0.0,0.0,FALSE_BREAKOUT,0.0,0.0,0.01249362,0.02498724,-0.15933999999999957,0.0,S2,0.0,PRIMARY_ZERO_MAKER,10,D2-2a53b8b913c713d1,MUUSDT,US_STOCK:2026-05-08T20:00:00+00:00:2026-05-11T08:00:00+00:00
0.0,0.0,FALSE_BREAKOUT,0.0,0.0,0.03123405,0.062468100000000006,-0.3983499999999989,0.0,S3,0.0,PRIMARY_ZERO_MAKER,10,D2-2a53b8b913c713d1,MUUSDT,US_STOCK:2026-05-08T20:00:00+00:00:2026-05-11T08:00:00+00:00
0.0,0.0,FALSE_BREAKOUT,0.0,0.0,0.0,0.0,0.0,0.0,S1,0.0,PRIMARY_ZERO_MAKER,17,D2-2a53b8b913c713d1,MUUSDT,US_STOCK:2026-05-08T20:00:00+00:00:2026-05-11T08:00:00+00:00
0.0,0.0,FALSE_BREAKOUT,0.0,0.0,0.01249362,0.02498724,-0.15933999999999957,0.0,S2,0.0,PRIMARY_ZERO_MAKER,17,D2-2a53b8b913c713d1,MUUSDT,US_STOCK:2026-05-08T20:00:00+00:00:2026-05-11T08:00:00+00:00
0.0,0.0,FALSE_BREAKOUT,0.0,0.0,0.03123405,0.062468100000000006,-0.3983499999999989,0.0,S3,0.0,PRIMARY_ZERO_MAKER,17,D2-2a53b8b913c713d1,MUUSDT,US_STOCK:2026-05-08T20:00:00+00:00:2026-05-11T08:00:00+00:00
0.0,0.0,FALSE_BREAKOUT,0.0,0.0,0.0,0.0,0.0,0.0,S1,0.0,PRIMARY_ZERO_MAKER,31,D2-2a53b8b913c713d1,MUUSDT,US_STOCK:2026-05-08T20:00:00+00:00:2026-05-11T08:00:00+00:00
0.0,0.0,FALSE_BREAKOUT,0.0,0.0,0.01249362,0.02498724,-0.15933999999999957,0.0,S2,0.0,PRIMARY_ZERO_MAKER,31,D2-2a53b8b913c713d1,MUUSDT,US_STOCK:2026-05-08T20:00:00+00:00:2026-05-11T08:00:00+00:00
0.0,0.0,FALSE_BREAKOUT,0.0,0.0,0.03123405,0.062468100000000006,-0.3983499999999989,0.0,S3,0.0,PRIMARY_ZERO_MAKER,31,D2-2a53b8b913c713d1,MUUSDT,US_STOCK:2026-05-08T20:00:00+00:00:2026-05-11T08:00:00+00:00
0.0,0.0,FALSE_BREAKOUT,0.0,0.0,0.0,0.0,0.0,0.0,S1,0.0,PRIMARY_ZERO_MAKER,59,D2-2a53b8b913c713d1,MUUSDT,US_STOCK:2026-05-08T20:00:00+00:00:2026-05-11T08:00:00+00:00
0.0,0.0,FALSE_BREAKOUT,0.0,0.0,0.01249362,0.02498724,-0.15933999999999957,0.0,S2,0.0,PRIMARY_ZERO_MAKER,59,D2-2a53b8b913c713d1,MUUSDT,US_STOCK:2026-05-08T20:00:00+00:00:2026-05-11T08:00:00+00:00
0.0,0.0,FALSE_BREAKOUT,0.0,0.0,0.03123405,0.062468100000000006,-0.3983499999999989,0.0,S3,0.0,PRIMARY_ZERO_MAKER,59,D2-2a53b8b913c713d1,MUUSDT,US_STOCK:2026-05-08T20:00:00+00:00:2026-05-11T08:00:00+00:00
0.0,0.0,FALSE_BREAKOUT,0.0,0.0,0.0,0.0,0.0,0.0,S1,0.0,PRIMARY_ZERO_MAKER,97,D2-2a53b8b913c713d1,MUUSDT,US_STOCK:2026-05-08T20:00:00+00:00:2026-05-11T08:00:00+00:00
0.0,0.0,FALSE_BREAKOUT,0.0,0.0,0.01249362,0.02498724,-0.15933999999999957,0.0,S2,0.0,PRIMARY_ZERO_MAKER,97,D2-2a53b8b913c713d1,MUUSDT,US_STOCK:2026-05-08T20:00:00+00:00:2026-05-11T08:00:00+00:00
0.0,0.0,FALSE_BREAKOUT,0.0,0.0,0.03123405,0.062468100000000006,-0.3983499999999989,0.0,S3,0.0,PRIMARY_ZERO_MAKER,97,D2-2a53b8b913c713d1,MUUSDT,US_STOCK:2026-05-08T20:00:00+00:00:2026-05-11T08:00:00+00:00
0.0,0.0,FALSE_BREAKOUT,0.0,0.0,0.0,0.0,0.0,0.0,S1,0.0,EXECUTION_STRESS,3,D2-2a53b8b913c713d1,MUUSDT,US_STOCK:2026-05-08T20:00:00+00:00:2026-05-11T08:00:00+00:00
0.0,0.0,FALSE_BREAKOUT,0.0,0.0,0.01874043,0.062468100000000006,-0.15933999999999957,0.0,S2,0.0,EXECUTION_STRESS,3,D2-2a53b8b913c713d1,MUUSDT,US_STOCK:2026-05-08T20:00:00+00:00:2026-05-11T08:00:00+00:00
0.0,0.0,FALSE_BREAKOUT,0.0,0.0,0.046851075,0.15617025,-0.3983499999999989,0.0,S3,0.0,EXECUTION_STRESS,3,D2-2a53b8b913c713d1,MUUSDT,US_STOCK:2026-05-08T20:00:00+00:00:2026-05-11T08:00:00+00:00
0.0,0.0,FALSE_BREAKOUT,0.0,0.0,0.0,0.0,0.0,0.0,S1,0.0,EXECUTION_STRESS,10,D2-2a53b8b913c713d1,MUUSDT,US_STOCK:2026-05-08T20:00:00+00:00:2026-05-11T08:00:00+00:00
0.0,0.0,FALSE_BREAKOUT,0.0,0.0,0.01874043,0.062468100000000006,-0.15933999999999957,0.0,S2,0.0,EXECUTION_STRESS,10,D2-2a53b8b913c713d1,MUUSDT,US_STOCK:2026-05-08T20:00:00+00:00:2026-05-11T08:00:00+00:00
0.0,0.0,FALSE_BREAKOUT,0.0,0.0,0.046851075,0.15617025,-0.3983499999999989,0.0,S3,0.0,EXECUTION_STRESS,10,D2-2a53b8b913c713d1,MUUSDT,US_STOCK:2026-05-08T20:00:00+00:00:2026-05-11T08:00:00+00:00
0.0,0.0,FALSE_BREAKOUT,0.0,0.0,0.0,0.0,0.0,0.0,S1,0.0,EXECUTION_STRESS,17,D2-2a53b8b913c713d1,MUUSDT,US_STOCK:2026-05-08T20:00:00+00:00:2026-05-11T08:00:00+00:00
0.0,0.0,FALSE_BREAKOUT,0.0,0.0,0.01874043,0.062468100000000006,-0.15933999999999957,0.0,S2,0.0,EXECUTION_STRESS,17,D2-2a53b8b913c713d1,MUUSDT,US_STOCK:2026-05-08T20:00:00+00:00:2026-05-11T08:00:00+00:00
0.0,0.0,FALSE_BREAKOUT,0.0,0.0,0.046851075,0.15617025,-0.3983499999999989,0.0,S3,0.0,EXECUTION_STRESS,17,D2-2a53b8b913c713d1,MUUSDT,US_STOCK:2026-05-08T20:00:00+00:00:2026-05-11T08:00:00+00:00
0.0,0.0,FALSE_BREAKOUT,0.0,0.0,0.0,0.0,0.0,0.0,S1,0.0,EXECUTION_STRESS,31,D2-2a53b8b913c713d1,MUUSDT,US_STOCK:2026-05-08T20:00:00+00:00:2026-05-11T08:00:00+00:00
0.0,0.0,FALSE_BREAKOUT,0.0,0.0,0.01874043,0.062468100000000006,-0.15933999999999957,0.0,S2,0.0,EXECUTION_STRESS,31,D2-2a53b8b913c713d1,MUUSDT,US_STOCK:2026-05-08T20:00:00+00:00:2026-05-11T08:00:00+00:00
0.0,0.0,FALSE_BREAKOUT,0.0,0.0,0.046851075,0.15617025,-0.3983499999999989,0.0,S3,0.0,EXECUTION_STRESS,31,D2-2a53b8b913c713d1,MUUSDT,US_STOCK:2026-05-08T20:00:00+00:00:2026-05-11T08:00:00+00:00
0.0,0.0,FALSE_BREAKOUT,0.0,0.0,0.0,0.0,0.0,0.0,S1,0.0,EXECUTION_STRESS,59,D2-2a53b8b913c713d1,MUUSDT,US_STOCK:2026-05-08T20:00:00+00:00:2026-05-11T08:00:00+00:00
0.0,0.0,FALSE_BREAKOUT,0.0,0.0,0.01874043,0.062468100000000006,-0.15933999999999957,0.0,S2,0.0,EXECUTION_STRESS,59,D2-2a53b8b913c713d1,MUUSDT,US_STOCK:2026-05-08T20:00:00+00:00:2026-05-11T08:00:00+00:00
0.0,0.0,FALSE_BREAKOUT,0.0,0.0,0.046851075,0.15617025,-0.3983499999999989,0.0,S3,0.0,EXECUTION_STRESS,59,D2-2a53b8b913c713d1,MUUSDT,US_STOCK:2026-05-08T20:00:00+00:00:2026-05-11T08:00:00+00:00
0.0,0.0,FALSE_BREAKOUT,0.0,0.0,0.0,0.0,0.0,0.0,S1,0.0,EXECUTION_STRESS,97,D2-2a53b8b913c713d1,MUUSDT,US_STOCK:2026-05-08T20:00:00+00:00:2026-05-11T08:00:00+00:00
0.0,0.0,FALSE_BREAKOUT,0.0,0.0,0.01874043,0.062468100000000006,-0.15933999999999957,0.0,S2,0.0,EXECUTION_STRESS,97,D2-2a53b8b913c713d1,MUUSDT,US_STOCK:2026-05-08T20:00:00+00:00:2026-05-11T08:00:00+00:00
0.0,0.0,FALSE_BREAKOUT,0.0,0.0,0.046851075,0.15617025,-0.3983499999999989,0.0,S3,0.0,EXECUTION_STRESS,97,D2-2a53b8b913c713d1,MUUSDT,US_STOCK:2026-05-08T20:00:00+00:00:2026-05-11T08:00:00+00:00
0.0,0.0,FALSE_BREAKOUT,0.0,0.0,0.0,0.0,0.0,0.0,S1,0.0,MAKER_PROMO_OFF,3,D2-2a53b8b913c713d1,MUUSDT,US_STOCK:2026-05-08T20:00:00+00:00:2026-05-11T08:00:00+00:00
0.0,0.0,FALSE_BREAKOUT,0.0,0.0,0.01249362,0.037480860000000005,-0.15933999999999957,0.0,S2,0.0,MAKER_PROMO_OFF,3,D2-2a53b8b913c713d1,MUUSDT,US_STOCK:2026-05-08T20:00:00+00:00:2026-05-11T08:00:00+00:00
0.0,0.0,FALSE_BREAKOUT,0.0,0.0,0.03123405,0.09370215,-0.3983499999999989,0.0,S3,0.0,MAKER_PROMO_OFF,3,D2-2a53b8b913c713d1,MUUSDT,US_STOCK:2026-05-08T20:00:00+00:00:2026-05-11T08:00:00+00:00
0.0,0.0,FALSE_BREAKOUT,0.0,0.0,0.0,0.0,0.0,0.0,S1,0.0,MAKER_PROMO_OFF,10,D2-2a53b8b913c713d1,MUUSDT,US_STOCK:2026-05-08T20:00:00+00:00:2026-05-11T08:00:00+00:00
0.0,0.0,FALSE_BREAKOUT,0.0,0.0,0.01249362,0.037480860000000005,-0.15933999999999957,0.0,S2,0.0,MAKER_PROMO_OFF,10,D2-2a53b8b913c713d1,MUUSDT,US_STOCK:2026-05-08T20:00:00+00:00:2026-05-11T08:00:00+00:00
0.0,0.0,FALSE_BREAKOUT,0.0,0.0,0.03123405,0.09370215,-0.3983499999999989,0.0,S3,0.0,MAKER_PROMO_OFF,10,D2-2a53b8b913c713d1,MUUSDT,US_STOCK:2026-05-08T20:00:00+00:00:2026-05-11T08:00:00+00:00
0.0,0.0,FALSE_BREAKOUT,0.0,0.0,0.0,0.0,0.0,0.0,S1,0.0,MAKER_PROMO_OFF,17,D2-2a53b8b913c713d1,MUUSDT,US_STOCK:2026-05-08T20:00:00+00:00:2026-05-11T08:00:00+00:00
0.0,0.0,FALSE_BREAKOUT,0.0,0.0,0.01249362,0.037480860000000005,-0.15933999999999957,0.0,S2,0.0,MAKER_PROMO_OFF,17,D2-2a53b8b913c713d1,MUUSDT,US_STOCK:2026-05-08T20:00:00+00:00:2026-05-11T08:00:00+00:00
0.0,0.0,FALSE_BREAKOUT,0.0,0.0,0.03123405,0.09370215,-0.3983499999999989,0.0,S3,0.0,MAKER_PROMO_OFF,17,D2-2a53b8b913c713d1,MUUSDT,US_STOCK:2026-05-08T20:00:00+00:00:2026-05-11T08:00:00+00:00
0.0,0.0,FALSE_BREAKOUT,0.0,0.0,0.0,0.0,0.0,0.0,S1,0.0,MAKER_PROMO_OFF,31,D2-2a53b8b913c713d1,MUUSDT,US_STOCK:2026-05-08T20:00:00+00:00:2026-05-11T08:00:00+00:00
0.0,0.0,FALSE_BREAKOUT,0.0,0.0,0.01249362,0.037480860000000005,-0.15933999999999957,0.0,S2,0.0,MAKER_PROMO_OFF,31,D2-2a53b8b913c713d1,MUUSDT,US_STOCK:2026-05-08T20:00:00+00:00:2026-05-11T08:00:00+00:00
0.0,0.0,FALSE_BREAKOUT,0.0,0.0,0.03123405,0.09370215,-0.3983499999999989,0.0,S3,0.0,MAKER_PROMO_OFF,31,D2-2a53b8b913c713d1,MUUSDT,US_STOCK:2026-05-08T20:00:00+00:00:2026-05-11T08:00:00+00:00
0.0,0.0,FALSE_BREAKOUT,0.0,0.0,0.0,0.0,0.0,0.0,S1,0.0,MAKER_PROMO_OFF,59,D2-2a53b8b913c713d1,MUUSDT,US_STOCK:2026-05-08T20:00:00+00:00:2026-05-11T08:00:00+00:00
0.0,0.0,FALSE_BREAKOUT,0.0,0.0,0.01249362,0.037480860000000005,-0.15933999999999957,0.0,S2,0.0,MAKER_PROMO_OFF,59,D2-2a53b8b913c713d1,MUUSDT,US_STOCK:2026-05-08T20:00:00+00:00:2026-05-11T08:00:00+00:00
0.0,0.0,FALSE_BREAKOUT,0.0,0.0,0.03123405,0.09370215,-0.3983499999999989,0.0,S3,0.0,MAKER_PROMO_OFF,59,D2-2a53b8b913c713d1,MUUSDT,US_STOCK:2026-05-08T20:00:00+00:00:2026-05-11T08:00:00+00:00
0.0,0.0,FALSE_BREAKOUT,0.0,0.0,0.0,0.0,0.0,0.0,S1,0.0,MAKER_PROMO_OFF,97,D2-2a53b8b913c713d1,MUUSDT,US_STOCK:2026-05-08T20:00:00+00:00:2026-05-11T08:00:00+00:00
0.0,0.0,FALSE_BREAKOUT,0.0,0.0,0.01249362,0.037480860000000005,-0.15933999999999957,0.0,S2,0.0,MAKER_PROMO_OFF,97,D2-2a53b8b913c713d1,MUUSDT,US_STOCK:2026-05-08T20:00:00+00:00:2026-05-11T08:00:00+00:00
0.0,0.0,FALSE_BREAKOUT,0.0,0.0,0.03123405,0.09370215,-0.3983499999999989,0.0,S3,0.0,MAKER_PROMO_OFF,97,D2-2a53b8b913c713d1,MUUSDT,US_STOCK:2026-05-08T20:00:00+00:00:2026-05-11T08:00:00+00:00
0.0,0.0,FALSE_BREAKOUT,0.0,0.0,0.0,0.0,0.0,0.0,S1,0.0,PRIMARY_ZERO_MAKER,3,D2-7914871e1abb9850,MUUSDT,US_STOCK:2026-05-29T20:00:00+00:00:2026-06-01T08:00:00+00:00
0.0,0.0,FALSE_BREAKOUT,0.0,0.0,0.01267058,0.02534116,-0.04991999999999894,0.0,S2,0.0,PRIMARY_ZERO_MAKER,3,D2-7914871e1abb9850,MUUSDT,US_STOCK:2026-05-29T20:00:00+00:00:2026-06-01T08:00:00+00:00
0.0,0.0,FALSE_BREAKOUT,0.0,0.0,0.03167645,0.0633529,-0.12479999999999734,0.0,S3,0.0,PRIMARY_ZERO_MAKER,3,D2-7914871e1abb9850,MUUSDT,US_STOCK:2026-05-29T20:00:00+00:00:2026-06-01T08:00:00+00:00
0.0,0.0,FALSE_BREAKOUT,0.0,0.0,0.0,0.0,0.0,0.0,S1,0.0,PRIMARY_ZERO_MAKER,10,D2-7914871e1abb9850,MUUSDT,US_STOCK:2026-05-29T20:00:00+00:00:2026-06-01T08:00:00+00:00
0.0,0.0,FALSE_BREAKOUT,0.0,0.0,0.01267058,0.02534116,-0.04991999999999894,0.0,S2,0.0,PRIMARY_ZERO_MAKER,10,D2-7914871e1abb9850,MUUSDT,US_STOCK:2026-05-29T20:00:00+00:00:2026-06-01T08:00:00+00:00
0.0,0.0,FALSE_BREAKOUT,0.0,0.0,0.03167645,0.0633529,-0.12479999999999734,0.0,S3,0.0,PRIMARY_ZERO_MAKER,10,D2-7914871e1abb9850,MUUSDT,US_STOCK:2026-05-29T20:00:00+00:00:2026-06-01T08:00:00+00:00
0.0,0.0,FALSE_BREAKOUT,0.0,0.0,0.0,0.0,0.0,0.0,S1,0.0,PRIMARY_ZERO_MAKER,17,D2-7914871e1abb9850,MUUSDT,US_STOCK:2026-05-29T20:00:00+00:00:2026-06-01T08:00:00+00:00
0.0,0.0,FALSE_BREAKOUT,0.0,0.0,0.01267058,0.02534116,-0.04991999999999894,0.0,S2,0.0,PRIMARY_ZERO_MAKER,17,D2-7914871e1abb9850,MUUSDT,US_STOCK:2026-05-29T20:00:00+00:00:2026-06-01T08:00:00+00:00
0.0,0.0,FALSE_BREAKOUT,0.0,0.0,0.03167645,0.0633529,-0.12479999999999734,0.0,S3,0.0,PRIMARY_ZERO_MAKER,17,D2-7914871e1abb9850,MUUSDT,US_STOCK:2026-05-29T20:00:00+00:00:2026-06-01T08:00:00+00:00
0.0,0.0,FALSE_BREAKOUT,0.0,0.0,0.0,0.0,0.0,0.0,S1,0.0,PRIMARY_ZERO_MAKER,31,D2-7914871e1abb9850,MUUSDT,US_STOCK:2026-05-29T20:00:00+00:00:2026-06-01T08:00:00+00:00
0.0,0.0,FALSE_BREAKOUT,0.0,0.0,0.01267058,0.02534116,-0.04991999999999894,0.0,S2,0.0,PRIMARY_ZERO_MAKER,31,D2-7914871e1abb9850,MUUSDT,US_STOCK:2026-05-29T20:00:00+00:00:2026-06-01T08:00:00+00:00
0.0,0.0,FALSE_BREAKOUT,0.0,0.0,0.03167645,0.0633529,-0.12479999999999734,0.0,S3,0.0,PRIMARY_ZERO_MAKER,31,D2-7914871e1abb9850,MUUSDT,US_STOCK:2026-05-29T20:00:00+00:00:2026-06-01T08:00:00+00:00
0.0,0.0,FALSE_BREAKOUT,0.0,0.0,0.0,0.0,0.0,0.0,S1,0.0,PRIMARY_ZERO_MAKER,59,D2-7914871e1abb9850,MUUSDT,US_STOCK:2026-05-29T20:00:00+00:00:2026-06-01T08:00:00+00:00
0.0,0.0,FALSE_BREAKOUT,0.0,0.0,0.01267058,0.02534116,-0.04991999999999894,0.0,S2,0.0,PRIMARY_ZERO_MAKER,59,D2-7914871e1abb9850,MUUSDT,US_STOCK:2026-05-29T20:00:00+00:00:2026-06-01T08:00:00+00:00
0.0,0.0,FALSE_BREAKOUT,0.0,0.0,0.03167645,0.0633529,-0.12479999999999734,0.0,S3,0.0,PRIMARY_ZERO_MAKER,59,D2-7914871e1abb9850,MUUSDT,US_STOCK:2026-05-29T20:00:00+00:00:2026-06-01T08:00:00+00:00
0.0,0.0,FALSE_BREAKOUT,0.0,0.0,0.0,0.0,0.0,0.0,S1,0.0,PRIMARY_ZERO_MAKER,97,D2-7914871e1abb9850,MUUSDT,US_STOCK:2026-05-29T20:00:00+00:00:2026-06-01T08:00:00+00:00
0.0,0.0,FALSE_BREAKOUT,0.0,0.0,0.01267058,0.02534116,-0.04991999999999894,0.0,S2,0.0,PRIMARY_ZERO_MAKER,97,D2-7914871e1abb9850,MUUSDT,US_STOCK:2026-05-29T20:00:00+00:00:2026-06-01T08:00:00+00:00
0.0,0.0,FALSE_BREAKOUT,0.0,0.0,0.03167645,0.0633529,-0.12479999999999734,0.0,S3,0.0,PRIMARY_ZERO_MAKER,97,D2-7914871e1abb9850,MUUSDT,US_STOCK:2026-05-29T20:00:00+00:00:2026-06-01T08:00:00+00:00
0.0,0.0,FALSE_BREAKOUT,0.0,0.0,0.0,0.0,0.0,0.0,S1,0.0,EXECUTION_STRESS,3,D2-7914871e1abb9850,MUUSDT,US_STOCK:2026-05-29T20:00:00+00:00:2026-06-01T08:00:00+00:00
0.0,0.0,FALSE_BREAKOUT,0.0,0.0,0.01900587,0.0633529,-0.04991999999999894,0.0,S2,0.0,EXECUTION_STRESS,3,D2-7914871e1abb9850,MUUSDT,US_STOCK:2026-05-29T20:00:00+00:00:2026-06-01T08:00:00+00:00
0.0,0.0,FALSE_BREAKOUT,0.0,0.0,0.047514675,0.15838225,-0.12479999999999734,0.0,S3,0.0,EXECUTION_STRESS,3,D2-7914871e1abb9850,MUUSDT,US_STOCK:2026-05-29T20:00:00+00:00:2026-06-01T08:00:00+00:00
0.0,0.0,FALSE_BREAKOUT,0.0,0.0,0.0,0.0,0.0,0.0,S1,0.0,EXECUTION_STRESS,10,D2-7914871e1abb9850,MUUSDT,US_STOCK:2026-05-29T20:00:00+00:00:2026-06-01T08:00:00+00:00
0.0,0.0,FALSE_BREAKOUT,0.0,0.0,0.01900587,0.0633529,-0.04991999999999894,0.0,S2,0.0,EXECUTION_STRESS,10,D2-7914871e1abb9850,MUUSDT,US_STOCK:2026-05-29T20:00:00+00:00:2026-06-01T08:00:00+00:00
0.0,0.0,FALSE_BREAKOUT,0.0,0.0,0.047514675,0.15838225,-0.12479999999999734,0.0,S3,0.0,EXECUTION_STRESS,10,D2-7914871e1abb9850,MUUSDT,US_STOCK:2026-05-29T20:00:00+00:00:2026-06-01T08:00:00+00:00
0.0,0.0,FALSE_BREAKOUT,0.0,0.0,0.0,0.0,0.0,0.0,S1,0.0,EXECUTION_STRESS,17,D2-7914871e1abb9850,MUUSDT,US_STOCK:2026-05-29T20:00:00+00:00:2026-06-01T08:00:00+00:00
0.0,0.0,FALSE_BREAKOUT,0.0,0.0,0.01900587,0.0633529,-0.04991999999999894,0.0,S2,0.0,EXECUTION_STRESS,17,D2-7914871e1abb9850,MUUSDT,US_STOCK:2026-05-29T20:00:00+00:00:2026-06-01T08:00:00+00:00
0.0,0.0,FALSE_BREAKOUT,0.0,0.0,0.047514675,0.15838225,-0.12479999999999734,0.0,S3,0.0,EXECUTION_STRESS,17,D2-7914871e1abb9850,MUUSDT,US_STOCK:2026-05-29T20:00:00+00:00:2026-06-01T08:00:00+00:00
0.0,0.0,FALSE_BREAKOUT,0.0,0.0,0.0,0.0,0.0,0.0,S1,0.0,EXECUTION_STRESS,31,D2-7914871e1abb9850,MUUSDT,US_STOCK:2026-05-29T20:00:00+00:00:2026-06-01T08:00:00+00:00
0.0,0.0,FALSE_BREAKOUT,0.0,0.0,0.01900587,0.0633529,-0.04991999999999894,0.0,S2,0.0,EXECUTION_STRESS,31,D2-7914871e1abb9850,MUUSDT,US_STOCK:2026-05-29T20:00:00+00:00:2026-06-01T08:00:00+00:00
0.0,0.0,FALSE_BREAKOUT,0.0,0.0,0.047514675,0.15838225,-0.12479999999999734,0.0,S3,0.0,EXECUTION_STRESS,31,D2-7914871e1abb9850,MUUSDT,US_STOCK:2026-05-29T20:00:00+00:00:2026-06-01T08:00:00+00:00
0.0,0.0,FALSE_BREAKOUT,0.0,0.0,0.0,0.0,0.0,0.0,S1,0.0,EXECUTION_STRESS,59,D2-7914871e1abb9850,MUUSDT,US_STOCK:2026-05-29T20:00:00+00:00:2026-06-01T08:00:00+00:00
0.0,0.0,FALSE_BREAKOUT,0.0,0.0,0.01900587,0.0633529,-0.04991999999999894,0.0,S2,0.0,EXECUTION_STRESS,59,D2-7914871e1abb9850,MUUSDT,US_STOCK:2026-05-29T20:00:00+00:00:2026-06-01T08:00:00+00:00
0.0,0.0,FALSE_BREAKOUT,0.0,0.0,0.047514675,0.15838225,-0.12479999999999734,0.0,S3,0.0,EXECUTION_STRESS,59,D2-7914871e1abb9850,MUUSDT,US_STOCK:2026-05-29T20:00:00+00:00:2026-06-01T08:00:00+00:00
0.0,0.0,FALSE_BREAKOUT,0.0,0.0,0.0,0.0,0.0,0.0,S1,0.0,EXECUTION_STRESS,97,D2-7914871e1abb9850,MUUSDT,US_STOCK:2026-05-29T20:00:00+00:00:2026-06-01T08:00:00+00:00
0.0,0.0,FALSE_BREAKOUT,0.0,0.0,0.01900587,0.0633529,-0.04991999999999894,0.0,S2,0.0,EXECUTION_STRESS,97,D2-7914871e1abb9850,MUUSDT,US_STOCK:2026-05-29T20:00:00+00:00:2026-06-01T08:00:00+00:00
0.0,0.0,FALSE_BREAKOUT,0.0,0.0,0.047514675,0.15838225,-0.12479999999999734,0.0,S3,0.0,EXECUTION_STRESS,97,D2-7914871e1abb9850,MUUSDT,US_STOCK:2026-05-29T20:00:00+00:00:2026-06-01T08:00:00+00:00
0.0,0.0,FALSE_BREAKOUT,0.0,0.0,0.0,0.0,0.0,0.0,S1,0.0,MAKER_PROMO_OFF,3,D2-7914871e1abb9850,MUUSDT,US_STOCK:2026-05-29T20:00:00+00:00:2026-06-01T08:00:00+00:00
0.0,0.0,FALSE_BREAKOUT,0.0,0.0,0.01267058,0.03801174,-0.04991999999999894,0.0,S2,0.0,MAKER_PROMO_OFF,3,D2-7914871e1abb9850,MUUSDT,US_STOCK:2026-05-29T20:00:00+00:00:2026-06-01T08:00:00+00:00
0.0,0.0,FALSE_BREAKOUT,0.0,0.0,0.03167645,0.09502935,-0.12479999999999734,0.0,S3,0.0,MAKER_PROMO_OFF,3,D2-7914871e1abb9850,MUUSDT,US_STOCK:2026-05-29T20:00:00+00:00:2026-06-01T08:00:00+00:00
0.0,0.0,FALSE_BREAKOUT,0.0,0.0,0.0,0.0,0.0,0.0,S1,0.0,MAKER_PROMO_OFF,10,D2-7914871e1abb9850,MUUSDT,US_STOCK:2026-05-29T20:00:00+00:00:2026-06-01T08:00:00+00:00
0.0,0.0,FALSE_BREAKOUT,0.0,0.0,0.01267058,0.03801174,-0.04991999999999894,0.0,S2,0.0,MAKER_PROMO_OFF,10,D2-7914871e1abb9850,MUUSDT,US_STOCK:2026-05-29T20:00:00+00:00:2026-06-01T08:00:00+00:00
0.0,0.0,FALSE_BREAKOUT,0.0,0.0,0.03167645,0.09502935,-0.12479999999999734,0.0,S3,0.0,MAKER_PROMO_OFF,10,D2-7914871e1abb9850,MUUSDT,US_STOCK:2026-05-29T20:00:00+00:00:2026-06-01T08:00:00+00:00
0.0,0.0,FALSE_BREAKOUT,0.0,0.0,0.0,0.0,0.0,0.0,S1,0.0,MAKER_PROMO_OFF,17,D2-7914871e1abb9850,MUUSDT,US_STOCK:2026-05-29T20:00:00+00:00:2026-06-01T08:00:00+00:00
0.0,0.0,FALSE_BREAKOUT,0.0,0.0,0.01267058,0.03801174,-0.04991999999999894,0.0,S2,0.0,MAKER_PROMO_OFF,17,D2-7914871e1abb9850,MUUSDT,US_STOCK:2026-05-29T20:00:00+00:00:2026-06-01T08:00:00+00:00
0.0,0.0,FALSE_BREAKOUT,0.0,0.0,0.03167645,0.09502935,-0.12479999999999734,0.0,S3,0.0,MAKER_PROMO_OFF,17,D2-7914871e1abb9850,MUUSDT,US_STOCK:2026-05-29T20:00:00+00:00:2026-06-01T08:00:00+00:00
0.0,0.0,FALSE_BREAKOUT,0.0,0.0,0.0,0.0,0.0,0.0,S1,0.0,MAKER_PROMO_OFF,31,D2-7914871e1abb9850,MUUSDT,US_STOCK:2026-05-29T20:00:00+00:00:2026-06-01T08:00:00+00:00
0.0,0.0,FALSE_BREAKOUT,0.0,0.0,0.01267058,0.03801174,-0.04991999999999894,0.0,S2,0.0,MAKER_PROMO_OFF,31,D2-7914871e1abb9850,MUUSDT,US_STOCK:2026-05-29T20:00:00+00:00:2026-06-01T08:00:00+00:00
0.0,0.0,FALSE_BREAKOUT,0.0,0.0,0.03167645,0.09502935,-0.12479999999999734,0.0,S3,0.0,MAKER_PROMO_OFF,31,D2-7914871e1abb9850,MUUSDT,US_STOCK:2026-05-29T20:00:00+00:00:2026-06-01T08:00:00+00:00
0.0,0.0,FALSE_BREAKOUT,0.0,0.0,0.0,0.0,0.0,0.0,S1,0.0,MAKER_PROMO_OFF,59,D2-7914871e1abb9850,MUUSDT,US_STOCK:2026-05-29T20:00:00+00:00:2026-06-01T08:00:00+00:00
0.0,0.0,FALSE_BREAKOUT,0.0,0.0,0.01267058,0.03801174,-0.04991999999999894,0.0,S2,0.0,MAKER_PROMO_OFF,59,D2-7914871e1abb9850,MUUSDT,US_STOCK:2026-05-29T20:00:00+00:00:2026-06-01T08:00:00+00:00
0.0,0.0,FALSE_BREAKOUT,0.0,0.0,0.03167645,0.09502935,-0.12479999999999734,0.0,S3,0.0,MAKER_PROMO_OFF,59,D2-7914871e1abb9850,MUUSDT,US_STOCK:2026-05-29T20:00:00+00:00:2026-06-01T08:00:00+00:00
0.0,0.0,FALSE_BREAKOUT,0.0,0.0,0.0,0.0,0.0,0.0,S1,0.0,MAKER_PROMO_OFF,97,D2-7914871e1abb9850,MUUSDT,US_STOCK:2026-05-29T20:00:00+00:00:2026-06-01T08:00:00+00:00
0.0,0.0,FALSE_BREAKOUT,0.0,0.0,0.01267058,0.03801174,-0.04991999999999894,0.0,S2,0.0,MAKER_PROMO_OFF,97,D2-7914871e1abb9850,MUUSDT,US_STOCK:2026-05-29T20:00:00+00:00:2026-06-01T08:00:00+00:00
0.0,0.0,FALSE_BREAKOUT,0.0,0.0,0.03167645,0.09502935,-0.12479999999999734,0.0,S3,0.0,MAKER_PROMO_OFF,97,D2-7914871e1abb9850,MUUSDT,US_STOCK:2026-05-29T20:00:00+00:00:2026-06-01T08:00:00+00:00
0.0,0.0,FALSE_BREAKOUT,0.0,0.0,0.0,0.0,0.0,0.0,S1,0.0,PRIMARY_ZERO_MAKER,3,D2-e91166da0fe9e2c3,MUUSDT,US_STOCK:2026-06-05T20:00:00+00:00:2026-06-08T08:00:00+00:00
0.0,0.0,FALSE_BREAKOUT,0.0,0.0,0.009679205000000001,0.019358410000000003,-0.11362000000000128,0.0,S2,0.0,PRIMARY_ZERO_MAKER,3,D2-e91166da0fe9e2c3,MUUSDT,US_STOCK:2026-06-05T20:00:00+00:00:2026-06-08T08:00:00+00:00
0.0,0.0,FALSE_BREAKOUT,0.0,0.0,0.0241980125,0.048396025,-0.28405000000000313,0.0,S3,0.0,PRIMARY_ZERO_MAKER,3,D2-e91166da0fe9e2c3,MUUSDT,US_STOCK:2026-06-05T20:00:00+00:00:2026-06-08T08:00:00+00:00
0.0,0.0,FALSE_BREAKOUT,0.0,0.0,0.0,0.0,0.0,0.0,S1,0.0,PRIMARY_ZERO_MAKER,10,D2-e91166da0fe9e2c3,MUUSDT,US_STOCK:2026-06-05T20:00:00+00:00:2026-06-08T08:00:00+00:00
0.0,0.0,FALSE_BREAKOUT,0.0,0.0,0.009679205000000001,0.019358410000000003,-0.11362000000000128,0.0,S2,0.0,PRIMARY_ZERO_MAKER,10,D2-e91166da0fe9e2c3,MUUSDT,US_STOCK:2026-06-05T20:00:00+00:00:2026-06-08T08:00:00+00:00
0.0,0.0,FALSE_BREAKOUT,0.0,0.0,0.0241980125,0.048396025,-0.28405000000000313,0.0,S3,0.0,PRIMARY_ZERO_MAKER,10,D2-e91166da0fe9e2c3,MUUSDT,US_STOCK:2026-06-05T20:00:00+00:00:2026-06-08T08:00:00+00:00
0.0,0.0,FALSE_BREAKOUT,0.0,0.0,0.0,0.0,0.0,0.0,S1,0.0,PRIMARY_ZERO_MAKER,17,D2-e91166da0fe9e2c3,MUUSDT,US_STOCK:2026-06-05T20:00:00+00:00:2026-06-08T08:00:00+00:00
0.0,0.0,FALSE_BREAKOUT,0.0,0.0,0.009679205000000001,0.019358410000000003,-0.11362000000000128,0.0,S2,0.0,PRIMARY_ZERO_MAKER,17,D2-e91166da0fe9e2c3,MUUSDT,US_STOCK:2026-06-05T20:00:00+00:00:2026-06-08T08:00:00+00:00
0.0,0.0,FALSE_BREAKOUT,0.0,0.0,0.0241980125,0.048396025,-0.28405000000000313,0.0,S3,0.0,PRIMARY_ZERO_MAKER,17,D2-e91166da0fe9e2c3,MUUSDT,US_STOCK:2026-06-05T20:00:00+00:00:2026-06-08T08:00:00+00:00
0.0,0.0,FALSE_BREAKOUT,0.0,0.0,0.0,0.0,0.0,0.0,S1,0.0,PRIMARY_ZERO_MAKER,31,D2-e91166da0fe9e2c3,MUUSDT,US_STOCK:2026-06-05T20:00:00+00:00:2026-06-08T08:00:00+00:00
0.0,0.0,FALSE_BREAKOUT,0.0,0.0,0.009679205000000001,0.019358410000000003,-0.11362000000000128,0.0,S2,0.0,PRIMARY_ZERO_MAKER,31,D2-e91166da0fe9e2c3,MUUSDT,US_STOCK:2026-06-05T20:00:00+00:00:2026-06-08T08:00:00+00:00
0.0,0.0,FALSE_BREAKOUT,0.0,0.0,0.0241980125,0.048396025,-0.28405000000000313,0.0,S3,0.0,PRIMARY_ZERO_MAKER,31,D2-e91166da0fe9e2c3,MUUSDT,US_STOCK:2026-06-05T20:00:00+00:00:2026-06-08T08:00:00+00:00
0.0,0.0,FALSE_BREAKOUT,0.0,0.0,0.0,0.0,0.0,0.0,S1,0.0,PRIMARY_ZERO_MAKER,59,D2-e91166da0fe9e2c3,MUUSDT,US_STOCK:2026-06-05T20:00:00+00:00:2026-06-08T08:00:00+00:00
0.0,0.0,FALSE_BREAKOUT,0.0,0.0,0.009679205000000001,0.019358410000000003,-0.11362000000000128,0.0,S2,0.0,PRIMARY_ZERO_MAKER,59,D2-e91166da0fe9e2c3,MUUSDT,US_STOCK:2026-06-05T20:00:00+00:00:2026-06-08T08:00:00+00:00
0.0,0.0,FALSE_BREAKOUT,0.0,0.0,0.0241980125,0.048396025,-0.28405000000000313,0.0,S3,0.0,PRIMARY_ZERO_MAKER,59,D2-e91166da0fe9e2c3,MUUSDT,US_STOCK:2026-06-05T20:00:00+00:00:2026-06-08T08:00:00+00:00
0.0,0.0,FALSE_BREAKOUT,0.0,0.0,0.0,0.0,0.0,0.0,S1,0.0,PRIMARY_ZERO_MAKER,97,D2-e91166da0fe9e2c3,MUUSDT,US_STOCK:2026-06-05T20:00:00+00:00:2026-06-08T08:00:00+00:00
0.0,0.0,FALSE_BREAKOUT,0.0,0.0,0.009679205000000001,0.019358410000000003,-0.11362000000000128,0.0,S2,0.0,PRIMARY_ZERO_MAKER,97,D2-e91166da0fe9e2c3,MUUSDT,US_STOCK:2026-06-05T20:00:00+00:00:2026-06-08T08:00:00+00:00
0.0,0.0,FALSE_BREAKOUT,0.0,0.0,0.0241980125,0.048396025,-0.28405000000000313,0.0,S3,0.0,PRIMARY_ZERO_MAKER,97,D2-e91166da0fe9e2c3,MUUSDT,US_STOCK:2026-06-05T20:00:00+00:00:2026-06-08T08:00:00+00:00
0.0,0.0,FALSE_BREAKOUT,0.0,0.0,0.0,0.0,0.0,0.0,S1,0.0,EXECUTION_STRESS,3,D2-e91166da0fe9e2c3,MUUSDT,US_STOCK:2026-06-05T20:00:00+00:00:2026-06-08T08:00:00+00:00
0.0,0.0,FALSE_BREAKOUT,0.0,0.0,0.014518807500000003,0.04839602500000001,-0.11362000000000128,0.0,S2,0.0,EXECUTION_STRESS,3,D2-e91166da0fe9e2c3,MUUSDT,US_STOCK:2026-06-05T20:00:00+00:00:2026-06-08T08:00:00+00:00
0.0,0.0,FALSE_BREAKOUT,0.0,0.0,0.03629701875,0.1209900625,-0.28405000000000313,0.0,S3,0.0,EXECUTION_STRESS,3,D2-e91166da0fe9e2c3,MUUSDT,US_STOCK:2026-06-05T20:00:00+00:00:2026-06-08T08:00:00+00:00
0.0,0.0,FALSE_BREAKOUT,0.0,0.0,0.0,0.0,0.0,0.0,S1,0.0,EXECUTION_STRESS,10,D2-e91166da0fe9e2c3,MUUSDT,US_STOCK:2026-06-05T20:00:00+00:00:2026-06-08T08:00:00+00:00
0.0,0.0,FALSE_BREAKOUT,0.0,0.0,0.014518807500000003,0.04839602500000001,-0.11362000000000128,0.0,S2,0.0,EXECUTION_STRESS,10,D2-e91166da0fe9e2c3,MUUSDT,US_STOCK:2026-06-05T20:00:00+00:00:2026-06-08T08:00:00+00:00
0.0,0.0,FALSE_BREAKOUT,0.0,0.0,0.03629701875,0.1209900625,-0.28405000000000313,0.0,S3,0.0,EXECUTION_STRESS,10,D2-e91166da0fe9e2c3,MUUSDT,US_STOCK:2026-06-05T20:00:00+00:00:2026-06-08T08:00:00+00:00
0.0,0.0,FALSE_BREAKOUT,0.0,0.0,0.0,0.0,0.0,0.0,S1,0.0,EXECUTION_STRESS,17,D2-e91166da0fe9e2c3,MUUSDT,US_STOCK:2026-06-05T20:00:00+00:00:2026-06-08T08:00:00+00:00
0.0,0.0,FALSE_BREAKOUT,0.0,0.0,0.014518807500000003,0.04839602500000001,-0.11362000000000128,0.0,S2,0.0,EXECUTION_STRESS,17,D2-e91166da0fe9e2c3,MUUSDT,US_STOCK:2026-06-05T20:00:00+00:00:2026-06-08T08:00:00+00:00
0.0,0.0,FALSE_BREAKOUT,0.0,0.0,0.03629701875,0.1209900625,-0.28405000000000313,0.0,S3,0.0,EXECUTION_STRESS,17,D2-e91166da0fe9e2c3,MUUSDT,US_STOCK:2026-06-05T20:00:00+00:00:2026-06-08T08:00:00+00:00
0.0,0.0,FALSE_BREAKOUT,0.0,0.0,0.0,0.0,0.0,0.0,S1,0.0,EXECUTION_STRESS,31,D2-e91166da0fe9e2c3,MUUSDT,US_STOCK:2026-06-05T20:00:00+00:00:2026-06-08T08:00:00+00:00
0.0,0.0,FALSE_BREAKOUT,0.0,0.0,0.014518807500000003,0.04839602500000001,-0.11362000000000128,0.0,S2,0.0,EXECUTION_STRESS,31,D2-e91166da0fe9e2c3,MUUSDT,US_STOCK:2026-06-05T20:00:00+00:00:2026-06-08T08:00:00+00:00
0.0,0.0,FALSE_BREAKOUT,0.0,0.0,0.03629701875,0.1209900625,-0.28405000000000313,0.0,S3,0.0,EXECUTION_STRESS,31,D2-e91166da0fe9e2c3,MUUSDT,US_STOCK:2026-06-05T20:00:00+00:00:2026-06-08T08:00:00+00:00
0.0,0.0,FALSE_BREAKOUT,0.0,0.0,0.0,0.0,0.0,0.0,S1,0.0,EXECUTION_STRESS,59,D2-e91166da0fe9e2c3,MUUSDT,US_STOCK:2026-06-05T20:00:00+00:00:2026-06-08T08:00:00+00:00
0.0,0.0,FALSE_BREAKOUT,0.0,0.0,0.014518807500000003,0.04839602500000001,-0.11362000000000128,0.0,S2,0.0,EXECUTION_STRESS,59,D2-e91166da0fe9e2c3,MUUSDT,US_STOCK:2026-06-05T20:00:00+00:00:2026-06-08T08:00:00+00:00
0.0,0.0,FALSE_BREAKOUT,0.0,0.0,0.03629701875,0.1209900625,-0.28405000000000313,0.0,S3,0.0,EXECUTION_STRESS,59,D2-e91166da0fe9e2c3,MUUSDT,US_STOCK:2026-06-05T20:00:00+00:00:2026-06-08T08:00:00+00:00
0.0,0.0,FALSE_BREAKOUT,0.0,0.0,0.0,0.0,0.0,0.0,S1,0.0,EXECUTION_STRESS,97,D2-e91166da0fe9e2c3,MUUSDT,US_STOCK:2026-06-05T20:00:00+00:00:2026-06-08T08:00:00+00:00
0.0,0.0,FALSE_BREAKOUT,0.0,0.0,0.014518807500000003,0.04839602500000001,-0.11362000000000128,0.0,S2,0.0,EXECUTION_STRESS,97,D2-e91166da0fe9e2c3,MUUSDT,US_STOCK:2026-06-05T20:00:00+00:00:2026-06-08T08:00:00+00:00
0.0,0.0,FALSE_BREAKOUT,0.0,0.0,0.03629701875,0.1209900625,-0.28405000000000313,0.0,S3,0.0,EXECUTION_STRESS,97,D2-e91166da0fe9e2c3,MUUSDT,US_STOCK:2026-06-05T20:00:00+00:00:2026-06-08T08:00:00+00:00
0.0,0.0,FALSE_BREAKOUT,0.0,0.0,0.0,0.0,0.0,0.0,S1,0.0,MAKER_PROMO_OFF,3,D2-e91166da0fe9e2c3,MUUSDT,US_STOCK:2026-06-05T20:00:00+00:00:2026-06-08T08:00:00+00:00
0.0,0.0,FALSE_BREAKOUT,0.0,0.0,0.009679205000000001,0.029037615000000006,-0.11362000000000128,0.0,S2,0.0,MAKER_PROMO_OFF,3,D2-e91166da0fe9e2c3,MUUSDT,US_STOCK:2026-06-05T20:00:00+00:00:2026-06-08T08:00:00+00:00
0.0,0.0,FALSE_BREAKOUT,0.0,0.0,0.0241980125,0.0725940375,-0.28405000000000313,0.0,S3,0.0,MAKER_PROMO_OFF,3,D2-e91166da0fe9e2c3,MUUSDT,US_STOCK:2026-06-05T20:00:00+00:00:2026-06-08T08:00:00+00:00
0.0,0.0,FALSE_BREAKOUT,0.0,0.0,0.0,0.0,0.0,0.0,S1,0.0,MAKER_PROMO_OFF,10,D2-e91166da0fe9e2c3,MUUSDT,US_STOCK:2026-06-05T20:00:00+00:00:2026-06-08T08:00:00+00:00
0.0,0.0,FALSE_BREAKOUT,0.0,0.0,0.009679205000000001,0.029037615000000006,-0.11362000000000128,0.0,S2,0.0,MAKER_PROMO_OFF,10,D2-e91166da0fe9e2c3,MUUSDT,US_STOCK:2026-06-05T20:00:00+00:00:2026-06-08T08:00:00+00:00
0.0,0.0,FALSE_BREAKOUT,0.0,0.0,0.0241980125,0.0725940375,-0.28405000000000313,0.0,S3,0.0,MAKER_PROMO_OFF,10,D2-e91166da0fe9e2c3,MUUSDT,US_STOCK:2026-06-05T20:00:00+00:00:2026-06-08T08:00:00+00:00
0.0,0.0,FALSE_BREAKOUT,0.0,0.0,0.0,0.0,0.0,0.0,S1,0.0,MAKER_PROMO_OFF,17,D2-e91166da0fe9e2c3,MUUSDT,US_STOCK:2026-06-05T20:00:00+00:00:2026-06-08T08:00:00+00:00
0.0,0.0,FALSE_BREAKOUT,0.0,0.0,0.009679205000000001,0.029037615000000006,-0.11362000000000128,0.0,S2,0.0,MAKER_PROMO_OFF,17,D2-e91166da0fe9e2c3,MUUSDT,US_STOCK:2026-06-05T20:00:00+00:00:2026-06-08T08:00:00+00:00
0.0,0.0,FALSE_BREAKOUT,0.0,0.0,0.0241980125,0.0725940375,-0.28405000000000313,0.0,S3,0.0,MAKER_PROMO_OFF,17,D2-e91166da0fe9e2c3,MUUSDT,US_STOCK:2026-06-05T20:00:00+00:00:2026-06-08T08:00:00+00:00
0.0,0.0,FALSE_BREAKOUT,0.0,0.0,0.0,0.0,0.0,0.0,S1,0.0,MAKER_PROMO_OFF,31,D2-e91166da0fe9e2c3,MUUSDT,US_STOCK:2026-06-05T20:00:00+00:00:2026-06-08T08:00:00+00:00
0.0,0.0,FALSE_BREAKOUT,0.0,0.0,0.009679205000000001,0.029037615000000006,-0.11362000000000128,0.0,S2,0.0,MAKER_PROMO_OFF,31,D2-e91166da0fe9e2c3,MUUSDT,US_STOCK:2026-06-05T20:00:00+00:00:2026-06-08T08:00:00+00:00
0.0,0.0,FALSE_BREAKOUT,0.0,0.0,0.0241980125,0.0725940375,-0.28405000000000313,0.0,S3,0.0,MAKER_PROMO_OFF,31,D2-e91166da0fe9e2c3,MUUSDT,US_STOCK:2026-06-05T20:00:00+00:00:2026-06-08T08:00:00+00:00
0.0,0.0,FALSE_BREAKOUT,0.0,0.0,0.0,0.0,0.0,0.0,S1,0.0,MAKER_PROMO_OFF,59,D2-e91166da0fe9e2c3,MUUSDT,US_STOCK:2026-06-05T20:00:00+00:00:2026-06-08T08:00:00+00:00
0.0,0.0,FALSE_BREAKOUT,0.0,0.0,0.009679205000000001,0.029037615000000006,-0.11362000000000128,0.0,S2,0.0,MAKER_PROMO_OFF,59,D2-e91166da0fe9e2c3,MUUSDT,US_STOCK:2026-06-05T20:00:00+00:00:2026-06-08T08:00:00+00:00
0.0,0.0,FALSE_BREAKOUT,0.0,0.0,0.0241980125,0.0725940375,-0.28405000000000313,0.0,S3,0.0,MAKER_PROMO_OFF,59,D2-e91166da0fe9e2c3,MUUSDT,US_STOCK:2026-06-05T20:00:00+00:00:2026-06-08T08:00:00+00:00
0.0,0.0,FALSE_BREAKOUT,0.0,0.0,0.0,0.0,0.0,0.0,S1,0.0,MAKER_PROMO_OFF,97,D2-e91166da0fe9e2c3,MUUSDT,US_STOCK:2026-06-05T20:00:00+00:00:2026-06-08T08:00:00+00:00
0.0,0.0,FALSE_BREAKOUT,0.0,0.0,0.009679205000000001,0.029037615000000006,-0.11362000000000128,0.0,S2,0.0,MAKER_PROMO_OFF,97,D2-e91166da0fe9e2c3,MUUSDT,US_STOCK:2026-06-05T20:00:00+00:00:2026-06-08T08:00:00+00:00
0.0,0.0,FALSE_BREAKOUT,0.0,0.0,0.0241980125,0.0725940375,-0.28405000000000313,0.0,S3,0.0,MAKER_PROMO_OFF,97,D2-e91166da0fe9e2c3,MUUSDT,US_STOCK:2026-06-05T20:00:00+00:00:2026-06-08T08:00:00+00:00
0.0,0.0,FALSE_BREAKOUT,0.0,0.0,0.0,0.0,0.0,0.0,S1,0.0,PRIMARY_ZERO_MAKER,3,D2-aabb8c8c40d9a340,MUUSDT,US_STOCK:2026-06-18T20:00:00+00:00:2026-06-22T08:00:00+00:00
0.0,0.0,FALSE_BREAKOUT,0.0,0.0,0.0094554,0.0189108,-0.1691499999999969,0.0,S2,0.0,PRIMARY_ZERO_MAKER,3,D2-aabb8c8c40d9a340,MUUSDT,US_STOCK:2026-06-18T20:00:00+00:00:2026-06-22T08:00:00+00:00
0.0,0.0,FALSE_BREAKOUT,0.0,0.0,0.0236385,0.047277,-0.42287499999999223,0.0,S3,0.0,PRIMARY_ZERO_MAKER,3,D2-aabb8c8c40d9a340,MUUSDT,US_STOCK:2026-06-18T20:00:00+00:00:2026-06-22T08:00:00+00:00
0.0,0.0,FALSE_BREAKOUT,0.0,0.0,0.0,0.0,0.0,0.0,S1,0.0,PRIMARY_ZERO_MAKER,10,D2-aabb8c8c40d9a340,MUUSDT,US_STOCK:2026-06-18T20:00:00+00:00:2026-06-22T08:00:00+00:00
0.0,0.0,FALSE_BREAKOUT,0.0,0.0,0.0094554,0.0189108,-0.1691499999999969,0.0,S2,0.0,PRIMARY_ZERO_MAKER,10,D2-aabb8c8c40d9a340,MUUSDT,US_STOCK:2026-06-18T20:00:00+00:00:2026-06-22T08:00:00+00:00
0.0,0.0,FALSE_BREAKOUT,0.0,0.0,0.0236385,0.047277,-0.42287499999999223,0.0,S3,0.0,PRIMARY_ZERO_MAKER,10,D2-aabb8c8c40d9a340,MUUSDT,US_STOCK:2026-06-18T20:00:00+00:00:2026-06-22T08:00:00+00:00
0.0,0.0,FALSE_BREAKOUT,0.0,0.0,0.0,0.0,0.0,0.0,S1,0.0,PRIMARY_ZERO_MAKER,17,D2-aabb8c8c40d9a340,MUUSDT,US_STOCK:2026-06-18T20:00:00+00:00:2026-06-22T08:00:00+00:00
0.0,0.0,FALSE_BREAKOUT,0.0,0.0,0.0094554,0.0189108,-0.1691499999999969,0.0,S2,0.0,PRIMARY_ZERO_MAKER,17,D2-aabb8c8c40d9a340,MUUSDT,US_STOCK:2026-06-18T20:00:00+00:00:2026-06-22T08:00:00+00:00
0.0,0.0,FALSE_BREAKOUT,0.0,0.0,0.0236385,0.047277,-0.42287499999999223,0.0,S3,0.0,PRIMARY_ZERO_MAKER,17,D2-aabb8c8c40d9a340,MUUSDT,US_STOCK:2026-06-18T20:00:00+00:00:2026-06-22T08:00:00+00:00
0.0,0.0,FALSE_BREAKOUT,0.0,0.0,0.0,0.0,0.0,0.0,S1,0.0,PRIMARY_ZERO_MAKER,31,D2-aabb8c8c40d9a340,MUUSDT,US_STOCK:2026-06-18T20:00:00+00:00:2026-06-22T08:00:00+00:00
0.0,0.0,FALSE_BREAKOUT,0.0,0.0,0.0094554,0.0189108,-0.1691499999999969,0.0,S2,0.0,PRIMARY_ZERO_MAKER,31,D2-aabb8c8c40d9a340,MUUSDT,US_STOCK:2026-06-18T20:00:00+00:00:2026-06-22T08:00:00+00:00
0.0,0.0,FALSE_BREAKOUT,0.0,0.0,0.0236385,0.047277,-0.42287499999999223,0.0,S3,0.0,PRIMARY_ZERO_MAKER,31,D2-aabb8c8c40d9a340,MUUSDT,US_STOCK:2026-06-18T20:00:00+00:00:2026-06-22T08:00:00+00:00
0.0,0.0,FALSE_BREAKOUT,0.0,0.0,0.0,0.0,0.0,0.0,S1,0.0,PRIMARY_ZERO_MAKER,59,D2-aabb8c8c40d9a340,MUUSDT,US_STOCK:2026-06-18T20:00:00+00:00:2026-06-22T08:00:00+00:00
0.0,0.0,FALSE_BREAKOUT,0.0,0.0,0.0094554,0.0189108,-0.1691499999999969,0.0,S2,0.0,PRIMARY_ZERO_MAKER,59,D2-aabb8c8c40d9a340,MUUSDT,US_STOCK:2026-06-18T20:00:00+00:00:2026-06-22T08:00:00+00:00
0.0,0.0,FALSE_BREAKOUT,0.0,0.0,0.0236385,0.047277,-0.42287499999999223,0.0,S3,0.0,PRIMARY_ZERO_MAKER,59,D2-aabb8c8c40d9a340,MUUSDT,US_STOCK:2026-06-18T20:00:00+00:00:2026-06-22T08:00:00+00:00
0.0,0.0,FALSE_BREAKOUT,0.0,0.0,0.0,0.0,0.0,0.0,S1,0.0,PRIMARY_ZERO_MAKER,97,D2-aabb8c8c40d9a340,MUUSDT,US_STOCK:2026-06-18T20:00:00+00:00:2026-06-22T08:00:00+00:00
0.0,0.0,FALSE_BREAKOUT,0.0,0.0,0.0094554,0.0189108,-0.1691499999999969,0.0,S2,0.0,PRIMARY_ZERO_MAKER,97,D2-aabb8c8c40d9a340,MUUSDT,US_STOCK:2026-06-18T20:00:00+00:00:2026-06-22T08:00:00+00:00
0.0,0.0,FALSE_BREAKOUT,0.0,0.0,0.0236385,0.047277,-0.42287499999999223,0.0,S3,0.0,PRIMARY_ZERO_MAKER,97,D2-aabb8c8c40d9a340,MUUSDT,US_STOCK:2026-06-18T20:00:00+00:00:2026-06-22T08:00:00+00:00
0.0,0.0,FALSE_BREAKOUT,0.0,0.0,0.0,0.0,0.0,0.0,S1,0.0,EXECUTION_STRESS,3,D2-aabb8c8c40d9a340,MUUSDT,US_STOCK:2026-06-18T20:00:00+00:00:2026-06-22T08:00:00+00:00
0.0,0.0,FALSE_BREAKOUT,0.0,0.0,0.014183099999999999,0.047277,-0.1691499999999969,0.0,S2,0.0,EXECUTION_STRESS,3,D2-aabb8c8c40d9a340,MUUSDT,US_STOCK:2026-06-18T20:00:00+00:00:2026-06-22T08:00:00+00:00
0.0,0.0,FALSE_BREAKOUT,0.0,0.0,0.03545775,0.11819249999999999,-0.42287499999999223,0.0,S3,0.0,EXECUTION_STRESS,3,D2-aabb8c8c40d9a340,MUUSDT,US_STOCK:2026-06-18T20:00:00+00:00:2026-06-22T08:00:00+00:00
0.0,0.0,FALSE_BREAKOUT,0.0,0.0,0.0,0.0,0.0,0.0,S1,0.0,EXECUTION_STRESS,10,D2-aabb8c8c40d9a340,MUUSDT,US_STOCK:2026-06-18T20:00:00+00:00:2026-06-22T08:00:00+00:00
0.0,0.0,FALSE_BREAKOUT,0.0,0.0,0.014183099999999999,0.047277,-0.1691499999999969,0.0,S2,0.0,EXECUTION_STRESS,10,D2-aabb8c8c40d9a340,MUUSDT,US_STOCK:2026-06-18T20:00:00+00:00:2026-06-22T08:00:00+00:00
0.0,0.0,FALSE_BREAKOUT,0.0,0.0,0.03545775,0.11819249999999999,-0.42287499999999223,0.0,S3,0.0,EXECUTION_STRESS,10,D2-aabb8c8c40d9a340,MUUSDT,US_STOCK:2026-06-18T20:00:00+00:00:2026-06-22T08:00:00+00:00
0.0,0.0,FALSE_BREAKOUT,0.0,0.0,0.0,0.0,0.0,0.0,S1,0.0,EXECUTION_STRESS,17,D2-aabb8c8c40d9a340,MUUSDT,US_STOCK:2026-06-18T20:00:00+00:00:2026-06-22T08:00:00+00:00
0.0,0.0,FALSE_BREAKOUT,0.0,0.0,0.014183099999999999,0.047277,-0.1691499999999969,0.0,S2,0.0,EXECUTION_STRESS,17,D2-aabb8c8c40d9a340,MUUSDT,US_STOCK:2026-06-18T20:00:00+00:00:2026-06-22T08:00:00+00:00
0.0,0.0,FALSE_BREAKOUT,0.0,0.0,0.03545775,0.11819249999999999,-0.42287499999999223,0.0,S3,0.0,EXECUTION_STRESS,17,D2-aabb8c8c40d9a340,MUUSDT,US_STOCK:2026-06-18T20:00:00+00:00:2026-06-22T08:00:00+00:00
0.0,0.0,FALSE_BREAKOUT,0.0,0.0,0.0,0.0,0.0,0.0,S1,0.0,EXECUTION_STRESS,31,D2-aabb8c8c40d9a340,MUUSDT,US_STOCK:2026-06-18T20:00:00+00:00:2026-06-22T08:00:00+00:00
0.0,0.0,FALSE_BREAKOUT,0.0,0.0,0.014183099999999999,0.047277,-0.1691499999999969,0.0,S2,0.0,EXECUTION_STRESS,31,D2-aabb8c8c40d9a340,MUUSDT,US_STOCK:2026-06-18T20:00:00+00:00:2026-06-22T08:00:00+00:00
0.0,0.0,FALSE_BREAKOUT,0.0,0.0,0.03545775,0.11819249999999999,-0.42287499999999223,0.0,S3,0.0,EXECUTION_STRESS,31,D2-aabb8c8c40d9a340,MUUSDT,US_STOCK:2026-06-18T20:00:00+00:00:2026-06-22T08:00:00+00:00
0.0,0.0,FALSE_BREAKOUT,0.0,0.0,0.0,0.0,0.0,0.0,S1,0.0,EXECUTION_STRESS,59,D2-aabb8c8c40d9a340,MUUSDT,US_STOCK:2026-06-18T20:00:00+00:00:2026-06-22T08:00:00+00:00
0.0,0.0,FALSE_BREAKOUT,0.0,0.0,0.014183099999999999,0.047277,-0.1691499999999969,0.0,S2,0.0,EXECUTION_STRESS,59,D2-aabb8c8c40d9a340,MUUSDT,US_STOCK:2026-06-18T20:00:00+00:00:2026-06-22T08:00:00+00:00
0.0,0.0,FALSE_BREAKOUT,0.0,0.0,0.03545775,0.11819249999999999,-0.42287499999999223,0.0,S3,0.0,EXECUTION_STRESS,59,D2-aabb8c8c40d9a340,MUUSDT,US_STOCK:2026-06-18T20:00:00+00:00:2026-06-22T08:00:00+00:00
0.0,0.0,FALSE_BREAKOUT,0.0,0.0,0.0,0.0,0.0,0.0,S1,0.0,EXECUTION_STRESS,97,D2-aabb8c8c40d9a340,MUUSDT,US_STOCK:2026-06-18T20:00:00+00:00:2026-06-22T08:00:00+00:00
0.0,0.0,FALSE_BREAKOUT,0.0,0.0,0.014183099999999999,0.047277,-0.1691499999999969,0.0,S2,0.0,EXECUTION_STRESS,97,D2-aabb8c8c40d9a340,MUUSDT,US_STOCK:2026-06-18T20:00:00+00:00:2026-06-22T08:00:00+00:00
0.0,0.0,FALSE_BREAKOUT,0.0,0.0,0.03545775,0.11819249999999999,-0.42287499999999223,0.0,S3,0.0,EXECUTION_STRESS,97,D2-aabb8c8c40d9a340,MUUSDT,US_STOCK:2026-06-18T20:00:00+00:00:2026-06-22T08:00:00+00:00
0.0,0.0,FALSE_BREAKOUT,0.0,0.0,0.0,0.0,0.0,0.0,S1,0.0,MAKER_PROMO_OFF,3,D2-aabb8c8c40d9a340,MUUSDT,US_STOCK:2026-06-18T20:00:00+00:00:2026-06-22T08:00:00+00:00
0.0,0.0,FALSE_BREAKOUT,0.0,0.0,0.0094554,0.028366199999999998,-0.1691499999999969,0.0,S2,0.0,MAKER_PROMO_OFF,3,D2-aabb8c8c40d9a340,MUUSDT,US_STOCK:2026-06-18T20:00:00+00:00:2026-06-22T08:00:00+00:00
0.0,0.0,FALSE_BREAKOUT,0.0,0.0,0.0236385,0.07091549999999999,-0.42287499999999223,0.0,S3,0.0,MAKER_PROMO_OFF,3,D2-aabb8c8c40d9a340,MUUSDT,US_STOCK:2026-06-18T20:00:00+00:00:2026-06-22T08:00:00+00:00
0.0,0.0,FALSE_BREAKOUT,0.0,0.0,0.0,0.0,0.0,0.0,S1,0.0,MAKER_PROMO_OFF,10,D2-aabb8c8c40d9a340,MUUSDT,US_STOCK:2026-06-18T20:00:00+00:00:2026-06-22T08:00:00+00:00
0.0,0.0,FALSE_BREAKOUT,0.0,0.0,0.0094554,0.028366199999999998,-0.1691499999999969,0.0,S2,0.0,MAKER_PROMO_OFF,10,D2-aabb8c8c40d9a340,MUUSDT,US_STOCK:2026-06-18T20:00:00+00:00:2026-06-22T08:00:00+00:00
0.0,0.0,FALSE_BREAKOUT,0.0,0.0,0.0236385,0.07091549999999999,-0.42287499999999223,0.0,S3,0.0,MAKER_PROMO_OFF,10,D2-aabb8c8c40d9a340,MUUSDT,US_STOCK:2026-06-18T20:00:00+00:00:2026-06-22T08:00:00+00:00
0.0,0.0,FALSE_BREAKOUT,0.0,0.0,0.0,0.0,0.0,0.0,S1,0.0,MAKER_PROMO_OFF,17,D2-aabb8c8c40d9a340,MUUSDT,US_STOCK:2026-06-18T20:00:00+00:00:2026-06-22T08:00:00+00:00
0.0,0.0,FALSE_BREAKOUT,0.0,0.0,0.0094554,0.028366199999999998,-0.1691499999999969,0.0,S2,0.0,MAKER_PROMO_OFF,17,D2-aabb8c8c40d9a340,MUUSDT,US_STOCK:2026-06-18T20:00:00+00:00:2026-06-22T08:00:00+00:00
0.0,0.0,FALSE_BREAKOUT,0.0,0.0,0.0236385,0.07091549999999999,-0.42287499999999223,0.0,S3,0.0,MAKER_PROMO_OFF,17,D2-aabb8c8c40d9a340,MUUSDT,US_STOCK:2026-06-18T20:00:00+00:00:2026-06-22T08:00:00+00:00
0.0,0.0,FALSE_BREAKOUT,0.0,0.0,0.0,0.0,0.0,0.0,S1,0.0,MAKER_PROMO_OFF,31,D2-aabb8c8c40d9a340,MUUSDT,US_STOCK:2026-06-18T20:00:00+00:00:2026-06-22T08:00:00+00:00
0.0,0.0,FALSE_BREAKOUT,0.0,0.0,0.0094554,0.028366199999999998,-0.1691499999999969,0.0,S2,0.0,MAKER_PROMO_OFF,31,D2-aabb8c8c40d9a340,MUUSDT,US_STOCK:2026-06-18T20:00:00+00:00:2026-06-22T08:00:00+00:00
0.0,0.0,FALSE_BREAKOUT,0.0,0.0,0.0236385,0.07091549999999999,-0.42287499999999223,0.0,S3,0.0,MAKER_PROMO_OFF,31,D2-aabb8c8c40d9a340,MUUSDT,US_STOCK:2026-06-18T20:00:00+00:00:2026-06-22T08:00:00+00:00
0.0,0.0,FALSE_BREAKOUT,0.0,0.0,0.0,0.0,0.0,0.0,S1,0.0,MAKER_PROMO_OFF,59,D2-aabb8c8c40d9a340,MUUSDT,US_STOCK:2026-06-18T20:00:00+00:00:2026-06-22T08:00:00+00:00
0.0,0.0,FALSE_BREAKOUT,0.0,0.0,0.0094554,0.028366199999999998,-0.1691499999999969,0.0,S2,0.0,MAKER_PROMO_OFF,59,D2-aabb8c8c40d9a340,MUUSDT,US_STOCK:2026-06-18T20:00:00+00:00:2026-06-22T08:00:00+00:00
0.0,0.0,FALSE_BREAKOUT,0.0,0.0,0.0236385,0.07091549999999999,-0.42287499999999223,0.0,S3,0.0,MAKER_PROMO_OFF,59,D2-aabb8c8c40d9a340,MUUSDT,US_STOCK:2026-06-18T20:00:00+00:00:2026-06-22T08:00:00+00:00
0.0,0.0,FALSE_BREAKOUT,0.0,0.0,0.0,0.0,0.0,0.0,S1,0.0,MAKER_PROMO_OFF,97,D2-aabb8c8c40d9a340,MUUSDT,US_STOCK:2026-06-18T20:00:00+00:00:2026-06-22T08:00:00+00:00
0.0,0.0,FALSE_BREAKOUT,0.0,0.0,0.0094554,0.028366199999999998,-0.1691499999999969,0.0,S2,0.0,MAKER_PROMO_OFF,97,D2-aabb8c8c40d9a340,MUUSDT,US_STOCK:2026-06-18T20:00:00+00:00:2026-06-22T08:00:00+00:00
0.0,0.0,FALSE_BREAKOUT,0.0,0.0,0.0236385,0.07091549999999999,-0.42287499999999223,0.0,S3,0.0,MAKER_PROMO_OFF,97,D2-aabb8c8c40d9a340,MUUSDT,US_STOCK:2026-06-18T20:00:00+00:00:2026-06-22T08:00:00+00:00
0.0,0.0,TRUE_BREAKOUT,0.04680750000000001,0.093615,0.0,0.0,0.0,0.0,S1,0.0,PRIMARY_ZERO_MAKER,3,D2-928e959c7af15629,MUUSDT,US_STOCK:2026-07-10T20:00:00+00:00:2026-07-13T08:00:00+00:00
0.0,0.0,TRUE_BREAKOUT,0.037446,0.074892,0.009409800000000003,0.018819600000000006,0.0,0.0,S2,0.0,PRIMARY_ZERO_MAKER,3,D2-928e959c7af15629,MUUSDT,US_STOCK:2026-07-10T20:00:00+00:00:2026-07-13T08:00:00+00:00
0.0,0.0,TRUE_BREAKOUT,0.023403750000000004,0.0468075,0.023524500000000004,0.04704900000000001,0.0,0.0,S3,0.0,PRIMARY_ZERO_MAKER,3,D2-928e959c7af15629,MUUSDT,US_STOCK:2026-07-10T20:00:00+00:00:2026-07-13T08:00:00+00:00
0.0,0.0,TRUE_BREAKOUT,0.04680750000000001,0.093615,0.0,0.0,0.0,0.0,S1,0.0,PRIMARY_ZERO_MAKER,10,D2-928e959c7af15629,MUUSDT,US_STOCK:2026-07-10T20:00:00+00:00:2026-07-13T08:00:00+00:00
0.0,0.0,TRUE_BREAKOUT,0.037446,0.074892,0.009409800000000003,0.018819600000000006,0.0,0.0,S2,0.0,PRIMARY_ZERO_MAKER,10,D2-928e959c7af15629,MUUSDT,US_STOCK:2026-07-10T20:00:00+00:00:2026-07-13T08:00:00+00:00
0.0,0.0,TRUE_BREAKOUT,0.023403750000000004,0.0468075,0.023524500000000004,0.04704900000000001,0.0,0.0,S3,0.0,PRIMARY_ZERO_MAKER,10,D2-928e959c7af15629,MUUSDT,US_STOCK:2026-07-10T20:00:00+00:00:2026-07-13T08:00:00+00:00
0.0,0.0,TRUE_BREAKOUT,0.04680750000000001,0.093615,0.0,0.0,0.0,0.0,S1,0.0,PRIMARY_ZERO_MAKER,17,D2-928e959c7af15629,MUUSDT,US_STOCK:2026-07-10T20:00:00+00:00:2026-07-13T08:00:00+00:00
0.0,0.0,TRUE_BREAKOUT,0.037446,0.074892,0.009409800000000003,0.018819600000000006,0.0,0.0,S2,0.0,PRIMARY_ZERO_MAKER,17,D2-928e959c7af15629,MUUSDT,US_STOCK:2026-07-10T20:00:00+00:00:2026-07-13T08:00:00+00:00
0.0,0.0,TRUE_BREAKOUT,0.023403750000000004,0.0468075,0.023524500000000004,0.04704900000000001,0.0,0.0,S3,0.0,PRIMARY_ZERO_MAKER,17,D2-928e959c7af15629,MUUSDT,US_STOCK:2026-07-10T20:00:00+00:00:2026-07-13T08:00:00+00:00
0.0,0.0,TRUE_BREAKOUT,0.04680750000000001,0.093615,0.0,0.0,0.0,0.0,S1,0.0,PRIMARY_ZERO_MAKER,31,D2-928e959c7af15629,MUUSDT,US_STOCK:2026-07-10T20:00:00+00:00:2026-07-13T08:00:00+00:00
0.0,0.0,TRUE_BREAKOUT,0.037446,0.074892,0.009409800000000003,0.018819600000000006,0.0,0.0,S2,0.0,PRIMARY_ZERO_MAKER,31,D2-928e959c7af15629,MUUSDT,US_STOCK:2026-07-10T20:00:00+00:00:2026-07-13T08:00:00+00:00
0.0,0.0,TRUE_BREAKOUT,0.023403750000000004,0.0468075,0.023524500000000004,0.04704900000000001,0.0,0.0,S3,0.0,PRIMARY_ZERO_MAKER,31,D2-928e959c7af15629,MUUSDT,US_STOCK:2026-07-10T20:00:00+00:00:2026-07-13T08:00:00+00:00
0.0,0.0,TRUE_BREAKOUT,0.04680750000000001,0.093615,0.0,0.0,0.0,0.0,S1,0.0,PRIMARY_ZERO_MAKER,59,D2-928e959c7af15629,MUUSDT,US_STOCK:2026-07-10T20:00:00+00:00:2026-07-13T08:00:00+00:00
0.0,0.0,TRUE_BREAKOUT,0.037446,0.074892,0.009409800000000003,0.018819600000000006,0.0,0.0,S2,0.0,PRIMARY_ZERO_MAKER,59,D2-928e959c7af15629,MUUSDT,US_STOCK:2026-07-10T20:00:00+00:00:2026-07-13T08:00:00+00:00
0.0,0.0,TRUE_BREAKOUT,0.023403750000000004,0.0468075,0.023524500000000004,0.04704900000000001,0.0,0.0,S3,0.0,PRIMARY_ZERO_MAKER,59,D2-928e959c7af15629,MUUSDT,US_STOCK:2026-07-10T20:00:00+00:00:2026-07-13T08:00:00+00:00
0.0,0.0,TRUE_BREAKOUT,0.04680750000000001,0.093615,0.0,0.0,0.0,0.0,S1,0.0,PRIMARY_ZERO_MAKER,97,D2-928e959c7af15629,MUUSDT,US_STOCK:2026-07-10T20:00:00+00:00:2026-07-13T08:00:00+00:00
0.0,0.0,TRUE_BREAKOUT,0.037446,0.074892,0.009409800000000003,0.018819600000000006,0.0,0.0,S2,0.0,PRIMARY_ZERO_MAKER,97,D2-928e959c7af15629,MUUSDT,US_STOCK:2026-07-10T20:00:00+00:00:2026-07-13T08:00:00+00:00
0.0,0.0,TRUE_BREAKOUT,0.023403750000000004,0.0468075,0.023524500000000004,0.04704900000000001,0.0,0.0,S3,0.0,PRIMARY_ZERO_MAKER,97,D2-928e959c7af15629,MUUSDT,US_STOCK:2026-07-10T20:00:00+00:00:2026-07-13T08:00:00+00:00
0.0,0.0,TRUE_BREAKOUT,0.07021125,0.2340375,0.0,0.0,0.0,0.0,S1,0.0,EXECUTION_STRESS,3,D2-928e959c7af15629,MUUSDT,US_STOCK:2026-07-10T20:00:00+00:00:2026-07-13T08:00:00+00:00
0.0,0.0,TRUE_BREAKOUT,0.056169,0.18723,0.014114700000000004,0.047049000000000014,0.0,0.0,S2,0.0,EXECUTION_STRESS,3,D2-928e959c7af15629,MUUSDT,US_STOCK:2026-07-10T20:00:00+00:00:2026-07-13T08:00:00+00:00
0.0,0.0,TRUE_BREAKOUT,0.035105625,0.11701875,0.035286750000000006,0.11762250000000002,0.0,0.0,S3,0.0,EXECUTION_STRESS,3,D2-928e959c7af15629,MUUSDT,US_STOCK:2026-07-10T20:00:00+00:00:2026-07-13T08:00:00+00:00
0.0,0.0,TRUE_BREAKOUT,0.07021125,0.2340375,0.0,0.0,0.0,0.0,S1,0.0,EXECUTION_STRESS,10,D2-928e959c7af15629,MUUSDT,US_STOCK:2026-07-10T20:00:00+00:00:2026-07-13T08:00:00+00:00
0.0,0.0,TRUE_BREAKOUT,0.056169,0.18723,0.014114700000000004,0.047049000000000014,0.0,0.0,S2,0.0,EXECUTION_STRESS,10,D2-928e959c7af15629,MUUSDT,US_STOCK:2026-07-10T20:00:00+00:00:2026-07-13T08:00:00+00:00
0.0,0.0,TRUE_BREAKOUT,0.035105625,0.11701875,0.035286750000000006,0.11762250000000002,0.0,0.0,S3,0.0,EXECUTION_STRESS,10,D2-928e959c7af15629,MUUSDT,US_STOCK:2026-07-10T20:00:00+00:00:2026-07-13T08:00:00+00:00
0.0,0.0,TRUE_BREAKOUT,0.07021125,0.2340375,0.0,0.0,0.0,0.0,S1,0.0,EXECUTION_STRESS,17,D2-928e959c7af15629,MUUSDT,US_STOCK:2026-07-10T20:00:00+00:00:2026-07-13T08:00:00+00:00
0.0,0.0,TRUE_BREAKOUT,0.056169,0.18723,0.014114700000000004,0.047049000000000014,0.0,0.0,S2,0.0,EXECUTION_STRESS,17,D2-928e959c7af15629,MUUSDT,US_STOCK:2026-07-10T20:00:00+00:00:2026-07-13T08:00:00+00:00
0.0,0.0,TRUE_BREAKOUT,0.035105625,0.11701875,0.035286750000000006,0.11762250000000002,0.0,0.0,S3,0.0,EXECUTION_STRESS,17,D2-928e959c7af15629,MUUSDT,US_STOCK:2026-07-10T20:00:00+00:00:2026-07-13T08:00:00+00:00
0.0,0.0,TRUE_BREAKOUT,0.07021125,0.2340375,0.0,0.0,0.0,0.0,S1,0.0,EXECUTION_STRESS,31,D2-928e959c7af15629,MUUSDT,US_STOCK:2026-07-10T20:00:00+00:00:2026-07-13T08:00:00+00:00
0.0,0.0,TRUE_BREAKOUT,0.056169,0.18723,0.014114700000000004,0.047049000000000014,0.0,0.0,S2,0.0,EXECUTION_STRESS,31,D2-928e959c7af15629,MUUSDT,US_STOCK:2026-07-10T20:00:00+00:00:2026-07-13T08:00:00+00:00
0.0,0.0,TRUE_BREAKOUT,0.035105625,0.11701875,0.035286750000000006,0.11762250000000002,0.0,0.0,S3,0.0,EXECUTION_STRESS,31,D2-928e959c7af15629,MUUSDT,US_STOCK:2026-07-10T20:00:00+00:00:2026-07-13T08:00:00+00:00
0.0,0.0,TRUE_BREAKOUT,0.07021125,0.2340375,0.0,0.0,0.0,0.0,S1,0.0,EXECUTION_STRESS,59,D2-928e959c7af15629,MUUSDT,US_STOCK:2026-07-10T20:00:00+00:00:2026-07-13T08:00:00+00:00
0.0,0.0,TRUE_BREAKOUT,0.056169,0.18723,0.014114700000000004,0.047049000000000014,0.0,0.0,S2,0.0,EXECUTION_STRESS,59,D2-928e959c7af15629,MUUSDT,US_STOCK:2026-07-10T20:00:00+00:00:2026-07-13T08:00:00+00:00
0.0,0.0,TRUE_BREAKOUT,0.035105625,0.11701875,0.035286750000000006,0.11762250000000002,0.0,0.0,S3,0.0,EXECUTION_STRESS,59,D2-928e959c7af15629,MUUSDT,US_STOCK:2026-07-10T20:00:00+00:00:2026-07-13T08:00:00+00:00
0.0,0.0,TRUE_BREAKOUT,0.07021125,0.2340375,0.0,0.0,0.0,0.0,S1,0.0,EXECUTION_STRESS,97,D2-928e959c7af15629,MUUSDT,US_STOCK:2026-07-10T20:00:00+00:00:2026-07-13T08:00:00+00:00
0.0,0.0,TRUE_BREAKOUT,0.056169,0.18723,0.014114700000000004,0.047049000000000014,0.0,0.0,S2,0.0,EXECUTION_STRESS,97,D2-928e959c7af15629,MUUSDT,US_STOCK:2026-07-10T20:00:00+00:00:2026-07-13T08:00:00+00:00
0.0,0.0,TRUE_BREAKOUT,0.035105625,0.11701875,0.035286750000000006,0.11762250000000002,0.0,0.0,S3,0.0,EXECUTION_STRESS,97,D2-928e959c7af15629,MUUSDT,US_STOCK:2026-07-10T20:00:00+00:00:2026-07-13T08:00:00+00:00
0.0,0.0,TRUE_BREAKOUT,0.04680750000000001,0.1404225,0.0,0.0,0.0,0.0,S1,0.0,MAKER_PROMO_OFF,3,D2-928e959c7af15629,MUUSDT,US_STOCK:2026-07-10T20:00:00+00:00:2026-07-13T08:00:00+00:00
0.0,0.0,TRUE_BREAKOUT,0.037446,0.112338,0.009409800000000003,0.02822940000000001,0.0,0.0,S2,0.0,MAKER_PROMO_OFF,3,D2-928e959c7af15629,MUUSDT,US_STOCK:2026-07-10T20:00:00+00:00:2026-07-13T08:00:00+00:00
0.0,0.0,TRUE_BREAKOUT,0.023403750000000004,0.07021125,0.023524500000000004,0.07057350000000001,0.0,0.0,S3,0.0,MAKER_PROMO_OFF,3,D2-928e959c7af15629,MUUSDT,US_STOCK:2026-07-10T20:00:00+00:00:2026-07-13T08:00:00+00:00
0.0,0.0,TRUE_BREAKOUT,0.04680750000000001,0.1404225,0.0,0.0,0.0,0.0,S1,0.0,MAKER_PROMO_OFF,10,D2-928e959c7af15629,MUUSDT,US_STOCK:2026-07-10T20:00:00+00:00:2026-07-13T08:00:00+00:00
0.0,0.0,TRUE_BREAKOUT,0.037446,0.112338,0.009409800000000003,0.02822940000000001,0.0,0.0,S2,0.0,MAKER_PROMO_OFF,10,D2-928e959c7af15629,MUUSDT,US_STOCK:2026-07-10T20:00:00+00:00:2026-07-13T08:00:00+00:00
0.0,0.0,TRUE_BREAKOUT,0.023403750000000004,0.07021125,0.023524500000000004,0.07057350000000001,0.0,0.0,S3,0.0,MAKER_PROMO_OFF,10,D2-928e959c7af15629,MUUSDT,US_STOCK:2026-07-10T20:00:00+00:00:2026-07-13T08:00:00+00:00
0.0,0.0,TRUE_BREAKOUT,0.04680750000000001,0.1404225,0.0,0.0,0.0,0.0,S1,0.0,MAKER_PROMO_OFF,17,D2-928e959c7af15629,MUUSDT,US_STOCK:2026-07-10T20:00:00+00:00:2026-07-13T08:00:00+00:00
0.0,0.0,TRUE_BREAKOUT,0.037446,0.112338,0.009409800000000003,0.02822940000000001,0.0,0.0,S2,0.0,MAKER_PROMO_OFF,17,D2-928e959c7af15629,MUUSDT,US_STOCK:2026-07-10T20:00:00+00:00:2026-07-13T08:00:00+00:00
0.0,0.0,TRUE_BREAKOUT,0.023403750000000004,0.07021125,0.023524500000000004,0.07057350000000001,0.0,0.0,S3,0.0,MAKER_PROMO_OFF,17,D2-928e959c7af15629,MUUSDT,US_STOCK:2026-07-10T20:00:00+00:00:2026-07-13T08:00:00+00:00
0.0,0.0,TRUE_BREAKOUT,0.04680750000000001,0.1404225,0.0,0.0,0.0,0.0,S1,0.0,MAKER_PROMO_OFF,31,D2-928e959c7af15629,MUUSDT,US_STOCK:2026-07-10T20:00:00+00:00:2026-07-13T08:00:00+00:00
0.0,0.0,TRUE_BREAKOUT,0.037446,0.112338,0.009409800000000003,0.02822940000000001,0.0,0.0,S2,0.0,MAKER_PROMO_OFF,31,D2-928e959c7af15629,MUUSDT,US_STOCK:2026-07-10T20:00:00+00:00:2026-07-13T08:00:00+00:00
0.0,0.0,TRUE_BREAKOUT,0.023403750000000004,0.07021125,0.023524500000000004,0.07057350000000001,0.0,0.0,S3,0.0,MAKER_PROMO_OFF,31,D2-928e959c7af15629,MUUSDT,US_STOCK:2026-07-10T20:00:00+00:00:2026-07-13T08:00:00+00:00
0.0,0.0,TRUE_BREAKOUT,0.04680750000000001,0.1404225,0.0,0.0,0.0,0.0,S1,0.0,MAKER_PROMO_OFF,59,D2-928e959c7af15629,MUUSDT,US_STOCK:2026-07-10T20:00:00+00:00:2026-07-13T08:00:00+00:00
0.0,0.0,TRUE_BREAKOUT,0.037446,0.112338,0.009409800000000003,0.02822940000000001,0.0,0.0,S2,0.0,MAKER_PROMO_OFF,59,D2-928e959c7af15629,MUUSDT,US_STOCK:2026-07-10T20:00:00+00:00:2026-07-13T08:00:00+00:00
0.0,0.0,TRUE_BREAKOUT,0.023403750000000004,0.07021125,0.023524500000000004,0.07057350000000001,0.0,0.0,S3,0.0,MAKER_PROMO_OFF,59,D2-928e959c7af15629,MUUSDT,US_STOCK:2026-07-10T20:00:00+00:00:2026-07-13T08:00:00+00:00
0.0,0.0,TRUE_BREAKOUT,0.04680750000000001,0.1404225,0.0,0.0,0.0,0.0,S1,0.0,MAKER_PROMO_OFF,97,D2-928e959c7af15629,MUUSDT,US_STOCK:2026-07-10T20:00:00+00:00:2026-07-13T08:00:00+00:00
0.0,0.0,TRUE_BREAKOUT,0.037446,0.112338,0.009409800000000003,0.02822940000000001,0.0,0.0,S2,0.0,MAKER_PROMO_OFF,97,D2-928e959c7af15629,MUUSDT,US_STOCK:2026-07-10T20:00:00+00:00:2026-07-13T08:00:00+00:00
0.0,0.0,TRUE_BREAKOUT,0.023403750000000004,0.07021125,0.023524500000000004,0.07057350000000001,0.0,0.0,S3,0.0,MAKER_PROMO_OFF,97,D2-928e959c7af15629,MUUSDT,US_STOCK:2026-07-10T20:00:00+00:00:2026-07-13T08:00:00+00:00
0.0,0.0,FALSE_BREAKOUT,0.0,0.0,0.0,0.0,0.0,0.0,S1,0.0,PRIMARY_ZERO_MAKER,3,D2-65dad30b2f4a428a,SOXLUSDT,US_LEVERAGED_ETF:2026-06-18T20:00:00+00:00:2026-06-22T08:00:00+00:00
0.0,0.0,FALSE_BREAKOUT,0.0,0.0,0.005814675000000001,0.011629350000000002,-0.06536000000000168,0.0,S2,0.0,PRIMARY_ZERO_MAKER,3,D2-65dad30b2f4a428a,SOXLUSDT,US_LEVERAGED_ETF:2026-06-18T20:00:00+00:00:2026-06-22T08:00:00+00:00
0.0,0.0,FALSE_BREAKOUT,0.0,0.0,0.014536687500000001,0.029073375000000005,-0.16340000000000418,0.0,S3,0.0,PRIMARY_ZERO_MAKER,3,D2-65dad30b2f4a428a,SOXLUSDT,US_LEVERAGED_ETF:2026-06-18T20:00:00+00:00:2026-06-22T08:00:00+00:00
0.0,0.0,FALSE_BREAKOUT,0.0,0.0,0.0,0.0,0.0,0.0,S1,0.0,PRIMARY_ZERO_MAKER,10,D2-65dad30b2f4a428a,SOXLUSDT,US_LEVERAGED_ETF:2026-06-18T20:00:00+00:00:2026-06-22T08:00:00+00:00
0.0,0.0,FALSE_BREAKOUT,0.0,0.0,0.005814675000000001,0.011629350000000002,-0.06536000000000168,0.0,S2,0.0,PRIMARY_ZERO_MAKER,10,D2-65dad30b2f4a428a,SOXLUSDT,US_LEVERAGED_ETF:2026-06-18T20:00:00+00:00:2026-06-22T08:00:00+00:00
0.0,0.0,FALSE_BREAKOUT,0.0,0.0,0.014536687500000001,0.029073375000000005,-0.16340000000000418,0.0,S3,0.0,PRIMARY_ZERO_MAKER,10,D2-65dad30b2f4a428a,SOXLUSDT,US_LEVERAGED_ETF:2026-06-18T20:00:00+00:00:2026-06-22T08:00:00+00:00
0.0,0.0,FALSE_BREAKOUT,0.0,0.0,0.0,0.0,0.0,0.0,S1,0.0,PRIMARY_ZERO_MAKER,17,D2-65dad30b2f4a428a,SOXLUSDT,US_LEVERAGED_ETF:2026-06-18T20:00:00+00:00:2026-06-22T08:00:00+00:00
0.0,0.0,FALSE_BREAKOUT,0.0,0.0,0.005814675000000001,0.011629350000000002,-0.06536000000000168,0.0,S2,0.0,PRIMARY_ZERO_MAKER,17,D2-65dad30b2f4a428a,SOXLUSDT,US_LEVERAGED_ETF:2026-06-18T20:00:00+00:00:2026-06-22T08:00:00+00:00
0.0,0.0,FALSE_BREAKOUT,0.0,0.0,0.014536687500000001,0.029073375000000005,-0.16340000000000418,0.0,S3,0.0,PRIMARY_ZERO_MAKER,17,D2-65dad30b2f4a428a,SOXLUSDT,US_LEVERAGED_ETF:2026-06-18T20:00:00+00:00:2026-06-22T08:00:00+00:00
0.0,0.0,FALSE_BREAKOUT,0.0,0.0,0.0,0.0,0.0,0.0,S1,0.0,PRIMARY_ZERO_MAKER,31,D2-65dad30b2f4a428a,SOXLUSDT,US_LEVERAGED_ETF:2026-06-18T20:00:00+00:00:2026-06-22T08:00:00+00:00
0.0,0.0,FALSE_BREAKOUT,0.0,0.0,0.005814675000000001,0.011629350000000002,-0.06536000000000168,0.0,S2,0.0,PRIMARY_ZERO_MAKER,31,D2-65dad30b2f4a428a,SOXLUSDT,US_LEVERAGED_ETF:2026-06-18T20:00:00+00:00:2026-06-22T08:00:00+00:00
0.0,0.0,FALSE_BREAKOUT,0.0,0.0,0.014536687500000001,0.029073375000000005,-0.16340000000000418,0.0,S3,0.0,PRIMARY_ZERO_MAKER,31,D2-65dad30b2f4a428a,SOXLUSDT,US_LEVERAGED_ETF:2026-06-18T20:00:00+00:00:2026-06-22T08:00:00+00:00
0.0,0.0,FALSE_BREAKOUT,0.0,0.0,0.0,0.0,0.0,0.0,S1,0.0,PRIMARY_ZERO_MAKER,59,D2-65dad30b2f4a428a,SOXLUSDT,US_LEVERAGED_ETF:2026-06-18T20:00:00+00:00:2026-06-22T08:00:00+00:00
0.0,0.0,FALSE_BREAKOUT,0.0,0.0,0.005814675000000001,0.011629350000000002,-0.06536000000000168,0.0,S2,0.0,PRIMARY_ZERO_MAKER,59,D2-65dad30b2f4a428a,SOXLUSDT,US_LEVERAGED_ETF:2026-06-18T20:00:00+00:00:2026-06-22T08:00:00+00:00
0.0,0.0,FALSE_BREAKOUT,0.0,0.0,0.014536687500000001,0.029073375000000005,-0.16340000000000418,0.0,S3,0.0,PRIMARY_ZERO_MAKER,59,D2-65dad30b2f4a428a,SOXLUSDT,US_LEVERAGED_ETF:2026-06-18T20:00:00+00:00:2026-06-22T08:00:00+00:00
0.0,0.0,FALSE_BREAKOUT,0.0,0.0,0.0,0.0,0.0,0.0,S1,0.0,PRIMARY_ZERO_MAKER,97,D2-65dad30b2f4a428a,SOXLUSDT,US_LEVERAGED_ETF:2026-06-18T20:00:00+00:00:2026-06-22T08:00:00+00:00
0.0,0.0,FALSE_BREAKOUT,0.0,0.0,0.005814675000000001,0.011629350000000002,-0.06536000000000168,0.0,S2,0.0,PRIMARY_ZERO_MAKER,97,D2-65dad30b2f4a428a,SOXLUSDT,US_LEVERAGED_ETF:2026-06-18T20:00:00+00:00:2026-06-22T08:00:00+00:00
0.0,0.0,FALSE_BREAKOUT,0.0,0.0,0.014536687500000001,0.029073375000000005,-0.16340000000000418,0.0,S3,0.0,PRIMARY_ZERO_MAKER,97,D2-65dad30b2f4a428a,SOXLUSDT,US_LEVERAGED_ETF:2026-06-18T20:00:00+00:00:2026-06-22T08:00:00+00:00
0.0,0.0,FALSE_BREAKOUT,0.0,0.0,0.0,0.0,0.0,0.0,S1,0.0,EXECUTION_STRESS,3,D2-65dad30b2f4a428a,SOXLUSDT,US_LEVERAGED_ETF:2026-06-18T20:00:00+00:00:2026-06-22T08:00:00+00:00
0.0,0.0,FALSE_BREAKOUT,0.0,0.0,0.008722012500000003,0.029073375000000005,-0.06536000000000168,0.0,S2,0.0,EXECUTION_STRESS,3,D2-65dad30b2f4a428a,SOXLUSDT,US_LEVERAGED_ETF:2026-06-18T20:00:00+00:00:2026-06-22T08:00:00+00:00
0.0,0.0,FALSE_BREAKOUT,0.0,0.0,0.021805031250000002,0.0726834375,-0.16340000000000418,0.0,S3,0.0,EXECUTION_STRESS,3,D2-65dad30b2f4a428a,SOXLUSDT,US_LEVERAGED_ETF:2026-06-18T20:00:00+00:00:2026-06-22T08:00:00+00:00
0.0,0.0,FALSE_BREAKOUT,0.0,0.0,0.0,0.0,0.0,0.0,S1,0.0,EXECUTION_STRESS,10,D2-65dad30b2f4a428a,SOXLUSDT,US_LEVERAGED_ETF:2026-06-18T20:00:00+00:00:2026-06-22T08:00:00+00:00
0.0,0.0,FALSE_BREAKOUT,0.0,0.0,0.008722012500000003,0.029073375000000005,-0.06536000000000168,0.0,S2,0.0,EXECUTION_STRESS,10,D2-65dad30b2f4a428a,SOXLUSDT,US_LEVERAGED_ETF:2026-06-18T20:00:00+00:00:2026-06-22T08:00:00+00:00
0.0,0.0,FALSE_BREAKOUT,0.0,0.0,0.021805031250000002,0.0726834375,-0.16340000000000418,0.0,S3,0.0,EXECUTION_STRESS,10,D2-65dad30b2f4a428a,SOXLUSDT,US_LEVERAGED_ETF:2026-06-18T20:00:00+00:00:2026-06-22T08:00:00+00:00
0.0,0.0,FALSE_BREAKOUT,0.0,0.0,0.0,0.0,0.0,0.0,S1,0.0,EXECUTION_STRESS,17,D2-65dad30b2f4a428a,SOXLUSDT,US_LEVERAGED_ETF:2026-06-18T20:00:00+00:00:2026-06-22T08:00:00+00:00
0.0,0.0,FALSE_BREAKOUT,0.0,0.0,0.008722012500000003,0.029073375000000005,-0.06536000000000168,0.0,S2,0.0,EXECUTION_STRESS,17,D2-65dad30b2f4a428a,SOXLUSDT,US_LEVERAGED_ETF:2026-06-18T20:00:00+00:00:2026-06-22T08:00:00+00:00
0.0,0.0,FALSE_BREAKOUT,0.0,0.0,0.021805031250000002,0.0726834375,-0.16340000000000418,0.0,S3,0.0,EXECUTION_STRESS,17,D2-65dad30b2f4a428a,SOXLUSDT,US_LEVERAGED_ETF:2026-06-18T20:00:00+00:00:2026-06-22T08:00:00+00:00
0.0,0.0,FALSE_BREAKOUT,0.0,0.0,0.0,0.0,0.0,0.0,S1,0.0,EXECUTION_STRESS,31,D2-65dad30b2f4a428a,SOXLUSDT,US_LEVERAGED_ETF:2026-06-18T20:00:00+00:00:2026-06-22T08:00:00+00:00
0.0,0.0,FALSE_BREAKOUT,0.0,0.0,0.008722012500000003,0.029073375000000005,-0.06536000000000168,0.0,S2,0.0,EXECUTION_STRESS,31,D2-65dad30b2f4a428a,SOXLUSDT,US_LEVERAGED_ETF:2026-06-18T20:00:00+00:00:2026-06-22T08:00:00+00:00
0.0,0.0,FALSE_BREAKOUT,0.0,0.0,0.021805031250000002,0.0726834375,-0.16340000000000418,0.0,S3,0.0,EXECUTION_STRESS,31,D2-65dad30b2f4a428a,SOXLUSDT,US_LEVERAGED_ETF:2026-06-18T20:00:00+00:00:2026-06-22T08:00:00+00:00
0.0,0.0,FALSE_BREAKOUT,0.0,0.0,0.0,0.0,0.0,0.0,S1,0.0,EXECUTION_STRESS,59,D2-65dad30b2f4a428a,SOXLUSDT,US_LEVERAGED_ETF:2026-06-18T20:00:00+00:00:2026-06-22T08:00:00+00:00
0.0,0.0,FALSE_BREAKOUT,0.0,0.0,0.008722012500000003,0.029073375000000005,-0.06536000000000168,0.0,S2,0.0,EXECUTION_STRESS,59,D2-65dad30b2f4a428a,SOXLUSDT,US_LEVERAGED_ETF:2026-06-18T20:00:00+00:00:2026-06-22T08:00:00+00:00
0.0,0.0,FALSE_BREAKOUT,0.0,0.0,0.021805031250000002,0.0726834375,-0.16340000000000418,0.0,S3,0.0,EXECUTION_STRESS,59,D2-65dad30b2f4a428a,SOXLUSDT,US_LEVERAGED_ETF:2026-06-18T20:00:00+00:00:2026-06-22T08:00:00+00:00
0.0,0.0,FALSE_BREAKOUT,0.0,0.0,0.0,0.0,0.0,0.0,S1,0.0,EXECUTION_STRESS,97,D2-65dad30b2f4a428a,SOXLUSDT,US_LEVERAGED_ETF:2026-06-18T20:00:00+00:00:2026-06-22T08:00:00+00:00
0.0,0.0,FALSE_BREAKOUT,0.0,0.0,0.008722012500000003,0.029073375000000005,-0.06536000000000168,0.0,S2,0.0,EXECUTION_STRESS,97,D2-65dad30b2f4a428a,SOXLUSDT,US_LEVERAGED_ETF:2026-06-18T20:00:00+00:00:2026-06-22T08:00:00+00:00
0.0,0.0,FALSE_BREAKOUT,0.0,0.0,0.021805031250000002,0.0726834375,-0.16340000000000418,0.0,S3,0.0,EXECUTION_STRESS,97,D2-65dad30b2f4a428a,SOXLUSDT,US_LEVERAGED_ETF:2026-06-18T20:00:00+00:00:2026-06-22T08:00:00+00:00
0.0,0.0,FALSE_BREAKOUT,0.0,0.0,0.0,0.0,0.0,0.0,S1,0.0,MAKER_PROMO_OFF,3,D2-65dad30b2f4a428a,SOXLUSDT,US_LEVERAGED_ETF:2026-06-18T20:00:00+00:00:2026-06-22T08:00:00+00:00
0.0,0.0,FALSE_BREAKOUT,0.0,0.0,0.005814675000000001,0.017444025000000005,-0.06536000000000168,0.0,S2,0.0,MAKER_PROMO_OFF,3,D2-65dad30b2f4a428a,SOXLUSDT,US_LEVERAGED_ETF:2026-06-18T20:00:00+00:00:2026-06-22T08:00:00+00:00
0.0,0.0,FALSE_BREAKOUT,0.0,0.0,0.014536687500000001,0.043610062500000005,-0.16340000000000418,0.0,S3,0.0,MAKER_PROMO_OFF,3,D2-65dad30b2f4a428a,SOXLUSDT,US_LEVERAGED_ETF:2026-06-18T20:00:00+00:00:2026-06-22T08:00:00+00:00
0.0,0.0,FALSE_BREAKOUT,0.0,0.0,0.0,0.0,0.0,0.0,S1,0.0,MAKER_PROMO_OFF,10,D2-65dad30b2f4a428a,SOXLUSDT,US_LEVERAGED_ETF:2026-06-18T20:00:00+00:00:2026-06-22T08:00:00+00:00
0.0,0.0,FALSE_BREAKOUT,0.0,0.0,0.005814675000000001,0.017444025000000005,-0.06536000000000168,0.0,S2,0.0,MAKER_PROMO_OFF,10,D2-65dad30b2f4a428a,SOXLUSDT,US_LEVERAGED_ETF:2026-06-18T20:00:00+00:00:2026-06-22T08:00:00+00:00
0.0,0.0,FALSE_BREAKOUT,0.0,0.0,0.014536687500000001,0.043610062500000005,-0.16340000000000418,0.0,S3,0.0,MAKER_PROMO_OFF,10,D2-65dad30b2f4a428a,SOXLUSDT,US_LEVERAGED_ETF:2026-06-18T20:00:00+00:00:2026-06-22T08:00:00+00:00
0.0,0.0,FALSE_BREAKOUT,0.0,0.0,0.0,0.0,0.0,0.0,S1,0.0,MAKER_PROMO_OFF,17,D2-65dad30b2f4a428a,SOXLUSDT,US_LEVERAGED_ETF:2026-06-18T20:00:00+00:00:2026-06-22T08:00:00+00:00
0.0,0.0,FALSE_BREAKOUT,0.0,0.0,0.005814675000000001,0.017444025000000005,-0.06536000000000168,0.0,S2,0.0,MAKER_PROMO_OFF,17,D2-65dad30b2f4a428a,SOXLUSDT,US_LEVERAGED_ETF:2026-06-18T20:00:00+00:00:2026-06-22T08:00:00+00:00
0.0,0.0,FALSE_BREAKOUT,0.0,0.0,0.014536687500000001,0.043610062500000005,-0.16340000000000418,0.0,S3,0.0,MAKER_PROMO_OFF,17,D2-65dad30b2f4a428a,SOXLUSDT,US_LEVERAGED_ETF:2026-06-18T20:00:00+00:00:2026-06-22T08:00:00+00:00
0.0,0.0,FALSE_BREAKOUT,0.0,0.0,0.0,0.0,0.0,0.0,S1,0.0,MAKER_PROMO_OFF,31,D2-65dad30b2f4a428a,SOXLUSDT,US_LEVERAGED_ETF:2026-06-18T20:00:00+00:00:2026-06-22T08:00:00+00:00
0.0,0.0,FALSE_BREAKOUT,0.0,0.0,0.005814675000000001,0.017444025000000005,-0.06536000000000168,0.0,S2,0.0,MAKER_PROMO_OFF,31,D2-65dad30b2f4a428a,SOXLUSDT,US_LEVERAGED_ETF:2026-06-18T20:00:00+00:00:2026-06-22T08:00:00+00:00
0.0,0.0,FALSE_BREAKOUT,0.0,0.0,0.014536687500000001,0.043610062500000005,-0.16340000000000418,0.0,S3,0.0,MAKER_PROMO_OFF,31,D2-65dad30b2f4a428a,SOXLUSDT,US_LEVERAGED_ETF:2026-06-18T20:00:00+00:00:2026-06-22T08:00:00+00:00
0.0,0.0,FALSE_BREAKOUT,0.0,0.0,0.0,0.0,0.0,0.0,S1,0.0,MAKER_PROMO_OFF,59,D2-65dad30b2f4a428a,SOXLUSDT,US_LEVERAGED_ETF:2026-06-18T20:00:00+00:00:2026-06-22T08:00:00+00:00
0.0,0.0,FALSE_BREAKOUT,0.0,0.0,0.005814675000000001,0.017444025000000005,-0.06536000000000168,0.0,S2,0.0,MAKER_PROMO_OFF,59,D2-65dad30b2f4a428a,SOXLUSDT,US_LEVERAGED_ETF:2026-06-18T20:00:00+00:00:2026-06-22T08:00:00+00:00
0.0,0.0,FALSE_BREAKOUT,0.0,0.0,0.014536687500000001,0.043610062500000005,-0.16340000000000418,0.0,S3,0.0,MAKER_PROMO_OFF,59,D2-65dad30b2f4a428a,SOXLUSDT,US_LEVERAGED_ETF:2026-06-18T20:00:00+00:00:2026-06-22T08:00:00+00:00
0.0,0.0,FALSE_BREAKOUT,0.0,0.0,0.0,0.0,0.0,0.0,S1,0.0,MAKER_PROMO_OFF,97,D2-65dad30b2f4a428a,SOXLUSDT,US_LEVERAGED_ETF:2026-06-18T20:00:00+00:00:2026-06-22T08:00:00+00:00
0.0,0.0,FALSE_BREAKOUT,0.0,0.0,0.005814675000000001,0.017444025000000005,-0.06536000000000168,0.0,S2,0.0,MAKER_PROMO_OFF,97,D2-65dad30b2f4a428a,SOXLUSDT,US_LEVERAGED_ETF:2026-06-18T20:00:00+00:00:2026-06-22T08:00:00+00:00
0.0,0.0,FALSE_BREAKOUT,0.0,0.0,0.014536687500000001,0.043610062500000005,-0.16340000000000418,0.0,S3,0.0,MAKER_PROMO_OFF,97,D2-65dad30b2f4a428a,SOXLUSDT,US_LEVERAGED_ETF:2026-06-18T20:00:00+00:00:2026-06-22T08:00:00+00:00
0.0,0.0,FALSE_BREAKOUT,0.0,0.0,0.0,0.0,0.0,0.0,S1,0.0,PRIMARY_ZERO_MAKER,3,D2-0acac97ea7d9f11f,SOXLUSDT,US_LEVERAGED_ETF:2026-06-26T20:00:00+00:00:2026-06-29T08:00:00+00:00
0.0,0.0,FALSE_BREAKOUT,0.0,0.0,0.005162245,0.01032449,-0.0441799999999999,0.0,S2,0.0,PRIMARY_ZERO_MAKER,3,D2-0acac97ea7d9f11f,SOXLUSDT,US_LEVERAGED_ETF:2026-06-26T20:00:00+00:00:2026-06-29T08:00:00+00:00
0.0,0.0,FALSE_BREAKOUT,0.0,0.0,0.0129056125,0.025811225,-0.11044999999999974,0.0,S3,0.0,PRIMARY_ZERO_MAKER,3,D2-0acac97ea7d9f11f,SOXLUSDT,US_LEVERAGED_ETF:2026-06-26T20:00:00+00:00:2026-06-29T08:00:00+00:00
0.0,0.0,FALSE_BREAKOUT,0.0,0.0,0.0,0.0,0.0,0.0,S1,0.0,PRIMARY_ZERO_MAKER,10,D2-0acac97ea7d9f11f,SOXLUSDT,US_LEVERAGED_ETF:2026-06-26T20:00:00+00:00:2026-06-29T08:00:00+00:00
0.0,0.0,FALSE_BREAKOUT,0.0,0.0,0.005162245,0.01032449,-0.0441799999999999,0.0,S2,0.0,PRIMARY_ZERO_MAKER,10,D2-0acac97ea7d9f11f,SOXLUSDT,US_LEVERAGED_ETF:2026-06-26T20:00:00+00:00:2026-06-29T08:00:00+00:00
0.0,0.0,FALSE_BREAKOUT,0.0,0.0,0.0129056125,0.025811225,-0.11044999999999974,0.0,S3,0.0,PRIMARY_ZERO_MAKER,10,D2-0acac97ea7d9f11f,SOXLUSDT,US_LEVERAGED_ETF:2026-06-26T20:00:00+00:00:2026-06-29T08:00:00+00:00
0.0,0.0,FALSE_BREAKOUT,0.0,0.0,0.0,0.0,0.0,0.0,S1,0.0,PRIMARY_ZERO_MAKER,17,D2-0acac97ea7d9f11f,SOXLUSDT,US_LEVERAGED_ETF:2026-06-26T20:00:00+00:00:2026-06-29T08:00:00+00:00
0.0,0.0,FALSE_BREAKOUT,0.0,0.0,0.005162245,0.01032449,-0.0441799999999999,0.0,S2,0.0,PRIMARY_ZERO_MAKER,17,D2-0acac97ea7d9f11f,SOXLUSDT,US_LEVERAGED_ETF:2026-06-26T20:00:00+00:00:2026-06-29T08:00:00+00:00
0.0,0.0,FALSE_BREAKOUT,0.0,0.0,0.0129056125,0.025811225,-0.11044999999999974,0.0,S3,0.0,PRIMARY_ZERO_MAKER,17,D2-0acac97ea7d9f11f,SOXLUSDT,US_LEVERAGED_ETF:2026-06-26T20:00:00+00:00:2026-06-29T08:00:00+00:00
0.0,0.0,FALSE_BREAKOUT,0.0,0.0,0.0,0.0,0.0,0.0,S1,0.0,PRIMARY_ZERO_MAKER,31,D2-0acac97ea7d9f11f,SOXLUSDT,US_LEVERAGED_ETF:2026-06-26T20:00:00+00:00:2026-06-29T08:00:00+00:00
0.0,0.0,FALSE_BREAKOUT,0.0,0.0,0.005162245,0.01032449,-0.0441799999999999,0.0,S2,0.0,PRIMARY_ZERO_MAKER,31,D2-0acac97ea7d9f11f,SOXLUSDT,US_LEVERAGED_ETF:2026-06-26T20:00:00+00:00:2026-06-29T08:00:00+00:00
0.0,0.0,FALSE_BREAKOUT,0.0,0.0,0.0129056125,0.025811225,-0.11044999999999974,0.0,S3,0.0,PRIMARY_ZERO_MAKER,31,D2-0acac97ea7d9f11f,SOXLUSDT,US_LEVERAGED_ETF:2026-06-26T20:00:00+00:00:2026-06-29T08:00:00+00:00
0.0,0.0,FALSE_BREAKOUT,0.0,0.0,0.0,0.0,0.0,0.0,S1,0.0,PRIMARY_ZERO_MAKER,59,D2-0acac97ea7d9f11f,SOXLUSDT,US_LEVERAGED_ETF:2026-06-26T20:00:00+00:00:2026-06-29T08:00:00+00:00
0.0,0.0,FALSE_BREAKOUT,0.0,0.0,0.005162245,0.01032449,-0.0441799999999999,0.0,S2,0.0,PRIMARY_ZERO_MAKER,59,D2-0acac97ea7d9f11f,SOXLUSDT,US_LEVERAGED_ETF:2026-06-26T20:00:00+00:00:2026-06-29T08:00:00+00:00
0.0,0.0,FALSE_BREAKOUT,0.0,0.0,0.0129056125,0.025811225,-0.11044999999999974,0.0,S3,0.0,PRIMARY_ZERO_MAKER,59,D2-0acac97ea7d9f11f,SOXLUSDT,US_LEVERAGED_ETF:2026-06-26T20:00:00+00:00:2026-06-29T08:00:00+00:00
0.0,0.0,FALSE_BREAKOUT,0.0,0.0,0.0,0.0,0.0,0.0,S1,0.0,PRIMARY_ZERO_MAKER,97,D2-0acac97ea7d9f11f,SOXLUSDT,US_LEVERAGED_ETF:2026-06-26T20:00:00+00:00:2026-06-29T08:00:00+00:00
0.0,0.0,FALSE_BREAKOUT,0.0,0.0,0.005162245,0.01032449,-0.0441799999999999,0.0,S2,0.0,PRIMARY_ZERO_MAKER,97,D2-0acac97ea7d9f11f,SOXLUSDT,US_LEVERAGED_ETF:2026-06-26T20:00:00+00:00:2026-06-29T08:00:00+00:00
0.0,0.0,FALSE_BREAKOUT,0.0,0.0,0.0129056125,0.025811225,-0.11044999999999974,0.0,S3,0.0,PRIMARY_ZERO_MAKER,97,D2-0acac97ea7d9f11f,SOXLUSDT,US_LEVERAGED_ETF:2026-06-26T20:00:00+00:00:2026-06-29T08:00:00+00:00
0.0,0.0,FALSE_BREAKOUT,0.0,0.0,0.0,0.0,0.0,0.0,S1,0.0,EXECUTION_STRESS,3,D2-0acac97ea7d9f11f,SOXLUSDT,US_LEVERAGED_ETF:2026-06-26T20:00:00+00:00:2026-06-29T08:00:00+00:00
0.0,0.0,FALSE_BREAKOUT,0.0,0.0,0.007743367500000001,0.025811225,-0.0441799999999999,0.0,S2,0.0,EXECUTION_STRESS,3,D2-0acac97ea7d9f11f,SOXLUSDT,US_LEVERAGED_ETF:2026-06-26T20:00:00+00:00:2026-06-29T08:00:00+00:00
0.0,0.0,FALSE_BREAKOUT,0.0,0.0,0.019358418750000002,0.0645280625,-0.11044999999999974,0.0,S3,0.0,EXECUTION_STRESS,3,D2-0acac97ea7d9f11f,SOXLUSDT,US_LEVERAGED_ETF:2026-06-26T20:00:00+00:00:2026-06-29T08:00:00+00:00
0.0,0.0,FALSE_BREAKOUT,0.0,0.0,0.0,0.0,0.0,0.0,S1,0.0,EXECUTION_STRESS,10,D2-0acac97ea7d9f11f,SOXLUSDT,US_LEVERAGED_ETF:2026-06-26T20:00:00+00:00:2026-06-29T08:00:00+00:00
0.0,0.0,FALSE_BREAKOUT,0.0,0.0,0.007743367500000001,0.025811225,-0.0441799999999999,0.0,S2,0.0,EXECUTION_STRESS,10,D2-0acac97ea7d9f11f,SOXLUSDT,US_LEVERAGED_ETF:2026-06-26T20:00:00+00:00:2026-06-29T08:00:00+00:00
0.0,0.0,FALSE_BREAKOUT,0.0,0.0,0.019358418750000002,0.0645280625,-0.11044999999999974,0.0,S3,0.0,EXECUTION_STRESS,10,D2-0acac97ea7d9f11f,SOXLUSDT,US_LEVERAGED_ETF:2026-06-26T20:00:00+00:00:2026-06-29T08:00:00+00:00
0.0,0.0,FALSE_BREAKOUT,0.0,0.0,0.0,0.0,0.0,0.0,S1,0.0,EXECUTION_STRESS,17,D2-0acac97ea7d9f11f,SOXLUSDT,US_LEVERAGED_ETF:2026-06-26T20:00:00+00:00:2026-06-29T08:00:00+00:00
0.0,0.0,FALSE_BREAKOUT,0.0,0.0,0.007743367500000001,0.025811225,-0.0441799999999999,0.0,S2,0.0,EXECUTION_STRESS,17,D2-0acac97ea7d9f11f,SOXLUSDT,US_LEVERAGED_ETF:2026-06-26T20:00:00+00:00:2026-06-29T08:00:00+00:00
0.0,0.0,FALSE_BREAKOUT,0.0,0.0,0.019358418750000002,0.0645280625,-0.11044999999999974,0.0,S3,0.0,EXECUTION_STRESS,17,D2-0acac97ea7d9f11f,SOXLUSDT,US_LEVERAGED_ETF:2026-06-26T20:00:00+00:00:2026-06-29T08:00:00+00:00
0.0,0.0,FALSE_BREAKOUT,0.0,0.0,0.0,0.0,0.0,0.0,S1,0.0,EXECUTION_STRESS,31,D2-0acac97ea7d9f11f,SOXLUSDT,US_LEVERAGED_ETF:2026-06-26T20:00:00+00:00:2026-06-29T08:00:00+00:00
0.0,0.0,FALSE_BREAKOUT,0.0,0.0,0.007743367500000001,0.025811225,-0.0441799999999999,0.0,S2,0.0,EXECUTION_STRESS,31,D2-0acac97ea7d9f11f,SOXLUSDT,US_LEVERAGED_ETF:2026-06-26T20:00:00+00:00:2026-06-29T08:00:00+00:00
0.0,0.0,FALSE_BREAKOUT,0.0,0.0,0.019358418750000002,0.0645280625,-0.11044999999999974,0.0,S3,0.0,EXECUTION_STRESS,31,D2-0acac97ea7d9f11f,SOXLUSDT,US_LEVERAGED_ETF:2026-06-26T20:00:00+00:00:2026-06-29T08:00:00+00:00
0.0,0.0,FALSE_BREAKOUT,0.0,0.0,0.0,0.0,0.0,0.0,S1,0.0,EXECUTION_STRESS,59,D2-0acac97ea7d9f11f,SOXLUSDT,US_LEVERAGED_ETF:2026-06-26T20:00:00+00:00:2026-06-29T08:00:00+00:00
0.0,0.0,FALSE_BREAKOUT,0.0,0.0,0.007743367500000001,0.025811225,-0.0441799999999999,0.0,S2,0.0,EXECUTION_STRESS,59,D2-0acac97ea7d9f11f,SOXLUSDT,US_LEVERAGED_ETF:2026-06-26T20:00:00+00:00:2026-06-29T08:00:00+00:00
0.0,0.0,FALSE_BREAKOUT,0.0,0.0,0.019358418750000002,0.0645280625,-0.11044999999999974,0.0,S3,0.0,EXECUTION_STRESS,59,D2-0acac97ea7d9f11f,SOXLUSDT,US_LEVERAGED_ETF:2026-06-26T20:00:00+00:00:2026-06-29T08:00:00+00:00
0.0,0.0,FALSE_BREAKOUT,0.0,0.0,0.0,0.0,0.0,0.0,S1,0.0,EXECUTION_STRESS,97,D2-0acac97ea7d9f11f,SOXLUSDT,US_LEVERAGED_ETF:2026-06-26T20:00:00+00:00:2026-06-29T08:00:00+00:00
0.0,0.0,FALSE_BREAKOUT,0.0,0.0,0.007743367500000001,0.025811225,-0.0441799999999999,0.0,S2,0.0,EXECUTION_STRESS,97,D2-0acac97ea7d9f11f,SOXLUSDT,US_LEVERAGED_ETF:2026-06-26T20:00:00+00:00:2026-06-29T08:00:00+00:00
0.0,0.0,FALSE_BREAKOUT,0.0,0.0,0.019358418750000002,0.0645280625,-0.11044999999999974,0.0,S3,0.0,EXECUTION_STRESS,97,D2-0acac97ea7d9f11f,SOXLUSDT,US_LEVERAGED_ETF:2026-06-26T20:00:00+00:00:2026-06-29T08:00:00+00:00
0.0,0.0,FALSE_BREAKOUT,0.0,0.0,0.0,0.0,0.0,0.0,S1,0.0,MAKER_PROMO_OFF,3,D2-0acac97ea7d9f11f,SOXLUSDT,US_LEVERAGED_ETF:2026-06-26T20:00:00+00:00:2026-06-29T08:00:00+00:00
0.0,0.0,FALSE_BREAKOUT,0.0,0.0,0.005162245,0.015486735000000001,-0.0441799999999999,0.0,S2,0.0,MAKER_PROMO_OFF,3,D2-0acac97ea7d9f11f,SOXLUSDT,US_LEVERAGED_ETF:2026-06-26T20:00:00+00:00:2026-06-29T08:00:00+00:00
0.0,0.0,FALSE_BREAKOUT,0.0,0.0,0.0129056125,0.038716837500000004,-0.11044999999999974,0.0,S3,0.0,MAKER_PROMO_OFF,3,D2-0acac97ea7d9f11f,SOXLUSDT,US_LEVERAGED_ETF:2026-06-26T20:00:00+00:00:2026-06-29T08:00:00+00:00
0.0,0.0,FALSE_BREAKOUT,0.0,0.0,0.0,0.0,0.0,0.0,S1,0.0,MAKER_PROMO_OFF,10,D2-0acac97ea7d9f11f,SOXLUSDT,US_LEVERAGED_ETF:2026-06-26T20:00:00+00:00:2026-06-29T08:00:00+00:00
0.0,0.0,FALSE_BREAKOUT,0.0,0.0,0.005162245,0.015486735000000001,-0.0441799999999999,0.0,S2,0.0,MAKER_PROMO_OFF,10,D2-0acac97ea7d9f11f,SOXLUSDT,US_LEVERAGED_ETF:2026-06-26T20:00:00+00:00:2026-06-29T08:00:00+00:00
0.0,0.0,FALSE_BREAKOUT,0.0,0.0,0.0129056125,0.038716837500000004,-0.11044999999999974,0.0,S3,0.0,MAKER_PROMO_OFF,10,D2-0acac97ea7d9f11f,SOXLUSDT,US_LEVERAGED_ETF:2026-06-26T20:00:00+00:00:2026-06-29T08:00:00+00:00
0.0,0.0,FALSE_BREAKOUT,0.0,0.0,0.0,0.0,0.0,0.0,S1,0.0,MAKER_PROMO_OFF,17,D2-0acac97ea7d9f11f,SOXLUSDT,US_LEVERAGED_ETF:2026-06-26T20:00:00+00:00:2026-06-29T08:00:00+00:00
0.0,0.0,FALSE_BREAKOUT,0.0,0.0,0.005162245,0.015486735000000001,-0.0441799999999999,0.0,S2,0.0,MAKER_PROMO_OFF,17,D2-0acac97ea7d9f11f,SOXLUSDT,US_LEVERAGED_ETF:2026-06-26T20:00:00+00:00:2026-06-29T08:00:00+00:00
0.0,0.0,FALSE_BREAKOUT,0.0,0.0,0.0129056125,0.038716837500000004,-0.11044999999999974,0.0,S3,0.0,MAKER_PROMO_OFF,17,D2-0acac97ea7d9f11f,SOXLUSDT,US_LEVERAGED_ETF:2026-06-26T20:00:00+00:00:2026-06-29T08:00:00+00:00
0.0,0.0,FALSE_BREAKOUT,0.0,0.0,0.0,0.0,0.0,0.0,S1,0.0,MAKER_PROMO_OFF,31,D2-0acac97ea7d9f11f,SOXLUSDT,US_LEVERAGED_ETF:2026-06-26T20:00:00+00:00:2026-06-29T08:00:00+00:00
0.0,0.0,FALSE_BREAKOUT,0.0,0.0,0.005162245,0.015486735000000001,-0.0441799999999999,0.0,S2,0.0,MAKER_PROMO_OFF,31,D2-0acac97ea7d9f11f,SOXLUSDT,US_LEVERAGED_ETF:2026-06-26T20:00:00+00:00:2026-06-29T08:00:00+00:00
0.0,0.0,FALSE_BREAKOUT,0.0,0.0,0.0129056125,0.038716837500000004,-0.11044999999999974,0.0,S3,0.0,MAKER_PROMO_OFF,31,D2-0acac97ea7d9f11f,SOXLUSDT,US_LEVERAGED_ETF:2026-06-26T20:00:00+00:00:2026-06-29T08:00:00+00:00
0.0,0.0,FALSE_BREAKOUT,0.0,0.0,0.0,0.0,0.0,0.0,S1,0.0,MAKER_PROMO_OFF,59,D2-0acac97ea7d9f11f,SOXLUSDT,US_LEVERAGED_ETF:2026-06-26T20:00:00+00:00:2026-06-29T08:00:00+00:00
0.0,0.0,FALSE_BREAKOUT,0.0,0.0,0.005162245,0.015486735000000001,-0.0441799999999999,0.0,S2,0.0,MAKER_PROMO_OFF,59,D2-0acac97ea7d9f11f,SOXLUSDT,US_LEVERAGED_ETF:2026-06-26T20:00:00+00:00:2026-06-29T08:00:00+00:00
0.0,0.0,FALSE_BREAKOUT,0.0,0.0,0.0129056125,0.038716837500000004,-0.11044999999999974,0.0,S3,0.0,MAKER_PROMO_OFF,59,D2-0acac97ea7d9f11f,SOXLUSDT,US_LEVERAGED_ETF:2026-06-26T20:00:00+00:00:2026-06-29T08:00:00+00:00
0.0,0.0,FALSE_BREAKOUT,0.0,0.0,0.0,0.0,0.0,0.0,S1,0.0,MAKER_PROMO_OFF,97,D2-0acac97ea7d9f11f,SOXLUSDT,US_LEVERAGED_ETF:2026-06-26T20:00:00+00:00:2026-06-29T08:00:00+00:00
0.0,0.0,FALSE_BREAKOUT,0.0,0.0,0.005162245,0.015486735000000001,-0.0441799999999999,0.0,S2,0.0,MAKER_PROMO_OFF,97,D2-0acac97ea7d9f11f,SOXLUSDT,US_LEVERAGED_ETF:2026-06-26T20:00:00+00:00:2026-06-29T08:00:00+00:00
0.0,0.0,FALSE_BREAKOUT,0.0,0.0,0.0129056125,0.038716837500000004,-0.11044999999999974,0.0,S3,0.0,MAKER_PROMO_OFF,97,D2-0acac97ea7d9f11f,SOXLUSDT,US_LEVERAGED_ETF:2026-06-26T20:00:00+00:00:2026-06-29T08:00:00+00:00
0.0,0.0,FALSE_BREAKOUT,0.0,0.0,0.0,0.0,0.0,0.0,S1,0.0,PRIMARY_ZERO_MAKER,3,D2-313a655ca9d40d2b,SKHYNIXUSDT,KR_STOCK:2026-07-03T06:30:00+00:00:2026-07-06T00:00:00+00:00
0.0,0.0,FALSE_BREAKOUT,0.0,0.0,0.007354934999999999,0.014709869999999998,-0.03807000000000016,0.0,S2,0.0,PRIMARY_ZERO_MAKER,3,D2-313a655ca9d40d2b,SKHYNIXUSDT,KR_STOCK:2026-07-03T06:30:00+00:00:2026-07-06T00:00:00+00:00
0.0,0.0,FALSE_BREAKOUT,0.0,0.0,0.0183873375,0.036774675,-0.09517500000000041,0.0,S3,0.0,PRIMARY_ZERO_MAKER,3,D2-313a655ca9d40d2b,SKHYNIXUSDT,KR_STOCK:2026-07-03T06:30:00+00:00:2026-07-06T00:00:00+00:00
0.0,0.0,FALSE_BREAKOUT,0.0,0.0,0.0,0.0,0.0,0.0,S1,0.0,PRIMARY_ZERO_MAKER,10,D2-313a655ca9d40d2b,SKHYNIXUSDT,KR_STOCK:2026-07-03T06:30:00+00:00:2026-07-06T00:00:00+00:00
0.0,0.0,FALSE_BREAKOUT,0.0,0.0,0.007354934999999999,0.014709869999999998,-0.03807000000000016,0.0,S2,0.0,PRIMARY_ZERO_MAKER,10,D2-313a655ca9d40d2b,SKHYNIXUSDT,KR_STOCK:2026-07-03T06:30:00+00:00:2026-07-06T00:00:00+00:00
0.0,0.0,FALSE_BREAKOUT,0.0,0.0,0.0183873375,0.036774675,-0.09517500000000041,0.0,S3,0.0,PRIMARY_ZERO_MAKER,10,D2-313a655ca9d40d2b,SKHYNIXUSDT,KR_STOCK:2026-07-03T06:30:00+00:00:2026-07-06T00:00:00+00:00
0.0,0.0,FALSE_BREAKOUT,0.0,0.0,0.0,0.0,0.0,0.0,S1,0.0,PRIMARY_ZERO_MAKER,17,D2-313a655ca9d40d2b,SKHYNIXUSDT,KR_STOCK:2026-07-03T06:30:00+00:00:2026-07-06T00:00:00+00:00
0.0,0.0,FALSE_BREAKOUT,0.0,0.0,0.007354934999999999,0.014709869999999998,-0.03807000000000016,0.0,S2,0.0,PRIMARY_ZERO_MAKER,17,D2-313a655ca9d40d2b,SKHYNIXUSDT,KR_STOCK:2026-07-03T06:30:00+00:00:2026-07-06T00:00:00+00:00
0.0,0.0,FALSE_BREAKOUT,0.0,0.0,0.0183873375,0.036774675,-0.09517500000000041,0.0,S3,0.0,PRIMARY_ZERO_MAKER,17,D2-313a655ca9d40d2b,SKHYNIXUSDT,KR_STOCK:2026-07-03T06:30:00+00:00:2026-07-06T00:00:00+00:00
0.0,0.0,FALSE_BREAKOUT,0.0,0.0,0.0,0.0,0.0,0.0,S1,0.0,PRIMARY_ZERO_MAKER,31,D2-313a655ca9d40d2b,SKHYNIXUSDT,KR_STOCK:2026-07-03T06:30:00+00:00:2026-07-06T00:00:00+00:00
0.0,0.0,FALSE_BREAKOUT,0.0,0.0,0.007354934999999999,0.014709869999999998,-0.03807000000000016,0.0,S2,0.0,PRIMARY_ZERO_MAKER,31,D2-313a655ca9d40d2b,SKHYNIXUSDT,KR_STOCK:2026-07-03T06:30:00+00:00:2026-07-06T00:00:00+00:00
0.0,0.0,FALSE_BREAKOUT,0.0,0.0,0.0183873375,0.036774675,-0.09517500000000041,0.0,S3,0.0,PRIMARY_ZERO_MAKER,31,D2-313a655ca9d40d2b,SKHYNIXUSDT,KR_STOCK:2026-07-03T06:30:00+00:00:2026-07-06T00:00:00+00:00
0.0,0.0,FALSE_BREAKOUT,0.0,0.0,0.0,0.0,0.0,0.0,S1,0.0,PRIMARY_ZERO_MAKER,59,D2-313a655ca9d40d2b,SKHYNIXUSDT,KR_STOCK:2026-07-03T06:30:00+00:00:2026-07-06T00:00:00+00:00
0.0,0.0,FALSE_BREAKOUT,0.0,0.0,0.007354934999999999,0.014709869999999998,-0.03807000000000016,0.0,S2,0.0,PRIMARY_ZERO_MAKER,59,D2-313a655ca9d40d2b,SKHYNIXUSDT,KR_STOCK:2026-07-03T06:30:00+00:00:2026-07-06T00:00:00+00:00
0.0,0.0,FALSE_BREAKOUT,0.0,0.0,0.0183873375,0.036774675,-0.09517500000000041,0.0,S3,0.0,PRIMARY_ZERO_MAKER,59,D2-313a655ca9d40d2b,SKHYNIXUSDT,KR_STOCK:2026-07-03T06:30:00+00:00:2026-07-06T00:00:00+00:00
0.0,0.0,FALSE_BREAKOUT,0.0,0.0,0.0,0.0,0.0,0.0,S1,0.0,PRIMARY_ZERO_MAKER,97,D2-313a655ca9d40d2b,SKHYNIXUSDT,KR_STOCK:2026-07-03T06:30:00+00:00:2026-07-06T00:00:00+00:00
0.0,0.0,FALSE_BREAKOUT,0.0,0.0,0.007354934999999999,0.014709869999999998,-0.03807000000000016,0.0,S2,0.0,PRIMARY_ZERO_MAKER,97,D2-313a655ca9d40d2b,SKHYNIXUSDT,KR_STOCK:2026-07-03T06:30:00+00:00:2026-07-06T00:00:00+00:00
0.0,0.0,FALSE_BREAKOUT,0.0,0.0,0.0183873375,0.036774675,-0.09517500000000041,0.0,S3,0.0,PRIMARY_ZERO_MAKER,97,D2-313a655ca9d40d2b,SKHYNIXUSDT,KR_STOCK:2026-07-03T06:30:00+00:00:2026-07-06T00:00:00+00:00
0.0,0.0,FALSE_BREAKOUT,0.0,0.0,0.0,0.0,0.0,0.0,S1,0.0,EXECUTION_STRESS,3,D2-313a655ca9d40d2b,SKHYNIXUSDT,KR_STOCK:2026-07-03T06:30:00+00:00:2026-07-06T00:00:00+00:00
0.0,0.0,FALSE_BREAKOUT,0.0,0.0,0.0110324025,0.036774675,-0.03807000000000016,0.0,S2,0.0,EXECUTION_STRESS,3,D2-313a655ca9d40d2b,SKHYNIXUSDT,KR_STOCK:2026-07-03T06:30:00+00:00:2026-07-06T00:00:00+00:00
0.0,0.0,FALSE_BREAKOUT,0.0,0.0,0.02758100625,0.0919366875,-0.09517500000000041,0.0,S3,0.0,EXECUTION_STRESS,3,D2-313a655ca9d40d2b,SKHYNIXUSDT,KR_STOCK:2026-07-03T06:30:00+00:00:2026-07-06T00:00:00+00:00
0.0,0.0,FALSE_BREAKOUT,0.0,0.0,0.0,0.0,0.0,0.0,S1,0.0,EXECUTION_STRESS,10,D2-313a655ca9d40d2b,SKHYNIXUSDT,KR_STOCK:2026-07-03T06:30:00+00:00:2026-07-06T00:00:00+00:00
0.0,0.0,FALSE_BREAKOUT,0.0,0.0,0.0110324025,0.036774675,-0.03807000000000016,0.0,S2,0.0,EXECUTION_STRESS,10,D2-313a655ca9d40d2b,SKHYNIXUSDT,KR_STOCK:2026-07-03T06:30:00+00:00:2026-07-06T00:00:00+00:00
0.0,0.0,FALSE_BREAKOUT,0.0,0.0,0.02758100625,0.0919366875,-0.09517500000000041,0.0,S3,0.0,EXECUTION_STRESS,10,D2-313a655ca9d40d2b,SKHYNIXUSDT,KR_STOCK:2026-07-03T06:30:00+00:00:2026-07-06T00:00:00+00:00
0.0,0.0,FALSE_BREAKOUT,0.0,0.0,0.0,0.0,0.0,0.0,S1,0.0,EXECUTION_STRESS,17,D2-313a655ca9d40d2b,SKHYNIXUSDT,KR_STOCK:2026-07-03T06:30:00+00:00:2026-07-06T00:00:00+00:00
0.0,0.0,FALSE_BREAKOUT,0.0,0.0,0.0110324025,0.036774675,-0.03807000000000016,0.0,S2,0.0,EXECUTION_STRESS,17,D2-313a655ca9d40d2b,SKHYNIXUSDT,KR_STOCK:2026-07-03T06:30:00+00:00:2026-07-06T00:00:00+00:00
0.0,0.0,FALSE_BREAKOUT,0.0,0.0,0.02758100625,0.0919366875,-0.09517500000000041,0.0,S3,0.0,EXECUTION_STRESS,17,D2-313a655ca9d40d2b,SKHYNIXUSDT,KR_STOCK:2026-07-03T06:30:00+00:00:2026-07-06T00:00:00+00:00
0.0,0.0,FALSE_BREAKOUT,0.0,0.0,0.0,0.0,0.0,0.0,S1,0.0,EXECUTION_STRESS,31,D2-313a655ca9d40d2b,SKHYNIXUSDT,KR_STOCK:2026-07-03T06:30:00+00:00:2026-07-06T00:00:00+00:00
0.0,0.0,FALSE_BREAKOUT,0.0,0.0,0.0110324025,0.036774675,-0.03807000000000016,0.0,S2,0.0,EXECUTION_STRESS,31,D2-313a655ca9d40d2b,SKHYNIXUSDT,KR_STOCK:2026-07-03T06:30:00+00:00:2026-07-06T00:00:00+00:00
0.0,0.0,FALSE_BREAKOUT,0.0,0.0,0.02758100625,0.0919366875,-0.09517500000000041,0.0,S3,0.0,EXECUTION_STRESS,31,D2-313a655ca9d40d2b,SKHYNIXUSDT,KR_STOCK:2026-07-03T06:30:00+00:00:2026-07-06T00:00:00+00:00
0.0,0.0,FALSE_BREAKOUT,0.0,0.0,0.0,0.0,0.0,0.0,S1,0.0,EXECUTION_STRESS,59,D2-313a655ca9d40d2b,SKHYNIXUSDT,KR_STOCK:2026-07-03T06:30:00+00:00:2026-07-06T00:00:00+00:00
0.0,0.0,FALSE_BREAKOUT,0.0,0.0,0.0110324025,0.036774675,-0.03807000000000016,0.0,S2,0.0,EXECUTION_STRESS,59,D2-313a655ca9d40d2b,SKHYNIXUSDT,KR_STOCK:2026-07-03T06:30:00+00:00:2026-07-06T00:00:00+00:00
0.0,0.0,FALSE_BREAKOUT,0.0,0.0,0.02758100625,0.0919366875,-0.09517500000000041,0.0,S3,0.0,EXECUTION_STRESS,59,D2-313a655ca9d40d2b,SKHYNIXUSDT,KR_STOCK:2026-07-03T06:30:00+00:00:2026-07-06T00:00:00+00:00
0.0,0.0,FALSE_BREAKOUT,0.0,0.0,0.0,0.0,0.0,0.0,S1,0.0,EXECUTION_STRESS,97,D2-313a655ca9d40d2b,SKHYNIXUSDT,KR_STOCK:2026-07-03T06:30:00+00:00:2026-07-06T00:00:00+00:00
0.0,0.0,FALSE_BREAKOUT,0.0,0.0,0.0110324025,0.036774675,-0.03807000000000016,0.0,S2,0.0,EXECUTION_STRESS,97,D2-313a655ca9d40d2b,SKHYNIXUSDT,KR_STOCK:2026-07-03T06:30:00+00:00:2026-07-06T00:00:00+00:00
0.0,0.0,FALSE_BREAKOUT,0.0,0.0,0.02758100625,0.0919366875,-0.09517500000000041,0.0,S3,0.0,EXECUTION_STRESS,97,D2-313a655ca9d40d2b,SKHYNIXUSDT,KR_STOCK:2026-07-03T06:30:00+00:00:2026-07-06T00:00:00+00:00
0.0,0.0,FALSE_BREAKOUT,0.0,0.0,0.0,0.0,0.0,0.0,S1,0.0,MAKER_PROMO_OFF,3,D2-313a655ca9d40d2b,SKHYNIXUSDT,KR_STOCK:2026-07-03T06:30:00+00:00:2026-07-06T00:00:00+00:00
0.0,0.0,FALSE_BREAKOUT,0.0,0.0,0.007354934999999999,0.022064805,-0.03807000000000016,0.0,S2,0.0,MAKER_PROMO_OFF,3,D2-313a655ca9d40d2b,SKHYNIXUSDT,KR_STOCK:2026-07-03T06:30:00+00:00:2026-07-06T00:00:00+00:00
0.0,0.0,FALSE_BREAKOUT,0.0,0.0,0.0183873375,0.0551620125,-0.09517500000000041,0.0,S3,0.0,MAKER_PROMO_OFF,3,D2-313a655ca9d40d2b,SKHYNIXUSDT,KR_STOCK:2026-07-03T06:30:00+00:00:2026-07-06T00:00:00+00:00
0.0,0.0,FALSE_BREAKOUT,0.0,0.0,0.0,0.0,0.0,0.0,S1,0.0,MAKER_PROMO_OFF,10,D2-313a655ca9d40d2b,SKHYNIXUSDT,KR_STOCK:2026-07-03T06:30:00+00:00:2026-07-06T00:00:00+00:00
0.0,0.0,FALSE_BREAKOUT,0.0,0.0,0.007354934999999999,0.022064805,-0.03807000000000016,0.0,S2,0.0,MAKER_PROMO_OFF,10,D2-313a655ca9d40d2b,SKHYNIXUSDT,KR_STOCK:2026-07-03T06:30:00+00:00:2026-07-06T00:00:00+00:00
0.0,0.0,FALSE_BREAKOUT,0.0,0.0,0.0183873375,0.0551620125,-0.09517500000000041,0.0,S3,0.0,MAKER_PROMO_OFF,10,D2-313a655ca9d40d2b,SKHYNIXUSDT,KR_STOCK:2026-07-03T06:30:00+00:00:2026-07-06T00:00:00+00:00
0.0,0.0,FALSE_BREAKOUT,0.0,0.0,0.0,0.0,0.0,0.0,S1,0.0,MAKER_PROMO_OFF,17,D2-313a655ca9d40d2b,SKHYNIXUSDT,KR_STOCK:2026-07-03T06:30:00+00:00:2026-07-06T00:00:00+00:00
0.0,0.0,FALSE_BREAKOUT,0.0,0.0,0.007354934999999999,0.022064805,-0.03807000000000016,0.0,S2,0.0,MAKER_PROMO_OFF,17,D2-313a655ca9d40d2b,SKHYNIXUSDT,KR_STOCK:2026-07-03T06:30:00+00:00:2026-07-06T00:00:00+00:00
0.0,0.0,FALSE_BREAKOUT,0.0,0.0,0.0183873375,0.0551620125,-0.09517500000000041,0.0,S3,0.0,MAKER_PROMO_OFF,17,D2-313a655ca9d40d2b,SKHYNIXUSDT,KR_STOCK:2026-07-03T06:30:00+00:00:2026-07-06T00:00:00+00:00
0.0,0.0,FALSE_BREAKOUT,0.0,0.0,0.0,0.0,0.0,0.0,S1,0.0,MAKER_PROMO_OFF,31,D2-313a655ca9d40d2b,SKHYNIXUSDT,KR_STOCK:2026-07-03T06:30:00+00:00:2026-07-06T00:00:00+00:00
0.0,0.0,FALSE_BREAKOUT,0.0,0.0,0.007354934999999999,0.022064805,-0.03807000000000016,0.0,S2,0.0,MAKER_PROMO_OFF,31,D2-313a655ca9d40d2b,SKHYNIXUSDT,KR_STOCK:2026-07-03T06:30:00+00:00:2026-07-06T00:00:00+00:00
0.0,0.0,FALSE_BREAKOUT,0.0,0.0,0.0183873375,0.0551620125,-0.09517500000000041,0.0,S3,0.0,MAKER_PROMO_OFF,31,D2-313a655ca9d40d2b,SKHYNIXUSDT,KR_STOCK:2026-07-03T06:30:00+00:00:2026-07-06T00:00:00+00:00
0.0,0.0,FALSE_BREAKOUT,0.0,0.0,0.0,0.0,0.0,0.0,S1,0.0,MAKER_PROMO_OFF,59,D2-313a655ca9d40d2b,SKHYNIXUSDT,KR_STOCK:2026-07-03T06:30:00+00:00:2026-07-06T00:00:00+00:00
0.0,0.0,FALSE_BREAKOUT,0.0,0.0,0.007354934999999999,0.022064805,-0.03807000000000016,0.0,S2,0.0,MAKER_PROMO_OFF,59,D2-313a655ca9d40d2b,SKHYNIXUSDT,KR_STOCK:2026-07-03T06:30:00+00:00:2026-07-06T00:00:00+00:00
0.0,0.0,FALSE_BREAKOUT,0.0,0.0,0.0183873375,0.0551620125,-0.09517500000000041,0.0,S3,0.0,MAKER_PROMO_OFF,59,D2-313a655ca9d40d2b,SKHYNIXUSDT,KR_STOCK:2026-07-03T06:30:00+00:00:2026-07-06T00:00:00+00:00
0.0,0.0,FALSE_BREAKOUT,0.0,0.0,0.0,0.0,0.0,0.0,S1,0.0,MAKER_PROMO_OFF,97,D2-313a655ca9d40d2b,SKHYNIXUSDT,KR_STOCK:2026-07-03T06:30:00+00:00:2026-07-06T00:00:00+00:00
0.0,0.0,FALSE_BREAKOUT,0.0,0.0,0.007354934999999999,0.022064805,-0.03807000000000016,0.0,S2,0.0,MAKER_PROMO_OFF,97,D2-313a655ca9d40d2b,SKHYNIXUSDT,KR_STOCK:2026-07-03T06:30:00+00:00:2026-07-06T00:00:00+00:00
0.0,0.0,FALSE_BREAKOUT,0.0,0.0,0.0183873375,0.0551620125,-0.09517500000000041,0.0,S3,0.0,MAKER_PROMO_OFF,97,D2-313a655ca9d40d2b,SKHYNIXUSDT,KR_STOCK:2026-07-03T06:30:00+00:00:2026-07-06T00:00:00+00:00
0.0,0.0,TRUE_BREAKOUT,0.038832074999999994,0.07766415,0.0,0.0,0.0,0.0,S1,0.0,PRIMARY_ZERO_MAKER,3,D2-0394ea9b3d716901,SNDKUSDT,NYSE:2026-08-14T20:00:00+00:00:2026-08-17T06:00:00+00:00
0.0,0.0,TRUE_BREAKOUT,0.031065659999999995,0.06213131999999998,0.007763445,0.01552689,0.0,0.0,S2,0.0,PRIMARY_ZERO_MAKER,3,D2-0394ea9b3d716901,SNDKUSDT,NYSE:2026-08-14T20:00:00+00:00:2026-08-17T06:00:00+00:00
0.0,0.0,TRUE_BREAKOUT,0.019416037499999997,0.038832075,0.019408612500000002,0.038817225000000004,0.0,0.0,S3,0.0,PRIMARY_ZERO_MAKER,3,D2-0394ea9b3d716901,SNDKUSDT,NYSE:2026-08-14T20:00:00+00:00:2026-08-17T06:00:00+00:00
0.0,0.0,TRUE_BREAKOUT,0.038832074999999994,0.07766415,0.0,0.0,0.0,0.0,S1,0.0,PRIMARY_ZERO_MAKER,10,D2-0394ea9b3d716901,SNDKUSDT,NYSE:2026-08-14T20:00:00+00:00:2026-08-17T06:00:00+00:00
0.0,0.0,TRUE_BREAKOUT,0.031065659999999995,0.06213131999999998,0.007763445,0.01552689,0.0,0.0,S2,0.0,PRIMARY_ZERO_MAKER,10,D2-0394ea9b3d716901,SNDKUSDT,NYSE:2026-08-14T20:00:00+00:00:2026-08-17T06:00:00+00:00
0.0,0.0,TRUE_BREAKOUT,0.019416037499999997,0.038832075,0.019408612500000002,0.038817225000000004,0.0,0.0,S3,0.0,PRIMARY_ZERO_MAKER,10,D2-0394ea9b3d716901,SNDKUSDT,NYSE:2026-08-14T20:00:00+00:00:2026-08-17T06:00:00+00:00
0.0,0.0,TRUE_BREAKOUT,0.038832074999999994,0.07766415,0.0,0.0,0.0,0.0,S1,0.0,PRIMARY_ZERO_MAKER,17,D2-0394ea9b3d716901,SNDKUSDT,NYSE:2026-08-14T20:00:00+00:00:2026-08-17T06:00:00+00:00
0.0,0.0,TRUE_BREAKOUT,0.031065659999999995,0.06213131999999998,0.007763445,0.01552689,0.0,0.0,S2,0.0,PRIMARY_ZERO_MAKER,17,D2-0394ea9b3d716901,SNDKUSDT,NYSE:2026-08-14T20:00:00+00:00:2026-08-17T06:00:00+00:00
0.0,0.0,TRUE_BREAKOUT,0.019416037499999997,0.038832075,0.019408612500000002,0.038817225000000004,0.0,0.0,S3,0.0,PRIMARY_ZERO_MAKER,17,D2-0394ea9b3d716901,SNDKUSDT,NYSE:2026-08-14T20:00:00+00:00:2026-08-17T06:00:00+00:00
0.0,0.0,TRUE_BREAKOUT,0.038832074999999994,0.07766415,0.0,0.0,0.0,0.0,S1,0.0,PRIMARY_ZERO_MAKER,31,D2-0394ea9b3d716901,SNDKUSDT,NYSE:2026-08-14T20:00:00+00:00:2026-08-17T06:00:00+00:00
0.0,0.0,TRUE_BREAKOUT,0.031065659999999995,0.06213131999999998,0.007763445,0.01552689,0.0,0.0,S2,0.0,PRIMARY_ZERO_MAKER,31,D2-0394ea9b3d716901,SNDKUSDT,NYSE:2026-08-14T20:00:00+00:00:2026-08-17T06:00:00+00:00
0.0,0.0,TRUE_BREAKOUT,0.019416037499999997,0.038832075,0.019408612500000002,0.038817225000000004,0.0,0.0,S3,0.0,PRIMARY_ZERO_MAKER,31,D2-0394ea9b3d716901,SNDKUSDT,NYSE:2026-08-14T20:00:00+00:00:2026-08-17T06:00:00+00:00
0.0,0.0,TRUE_BREAKOUT,0.038832074999999994,0.07766415,0.0,0.0,0.0,0.0,S1,0.0,PRIMARY_ZERO_MAKER,59,D2-0394ea9b3d716901,SNDKUSDT,NYSE:2026-08-14T20:00:00+00:00:2026-08-17T06:00:00+00:00
0.0,0.0,TRUE_BREAKOUT,0.031065659999999995,0.06213131999999998,0.007763445,0.01552689,0.0,0.0,S2,0.0,PRIMARY_ZERO_MAKER,59,D2-0394ea9b3d716901,SNDKUSDT,NYSE:2026-08-14T20:00:00+00:00:2026-08-17T06:00:00+00:00
0.0,0.0,TRUE_BREAKOUT,0.019416037499999997,0.038832075,0.019408612500000002,0.038817225000000004,0.0,0.0,S3,0.0,PRIMARY_ZERO_MAKER,59,D2-0394ea9b3d716901,SNDKUSDT,NYSE:2026-08-14T20:00:00+00:00:2026-08-17T06:00:00+00:00
0.0,0.0,TRUE_BREAKOUT,0.038832074999999994,0.07766415,0.0,0.0,0.0,0.0,S1,0.0,PRIMARY_ZERO_MAKER,97,D2-0394ea9b3d716901,SNDKUSDT,NYSE:2026-08-14T20:00:00+00:00:2026-08-17T06:00:00+00:00
0.0,0.0,TRUE_BREAKOUT,0.031065659999999995,0.06213131999999998,0.007763445,0.01552689,0.0,0.0,S2,0.0,PRIMARY_ZERO_MAKER,97,D2-0394ea9b3d716901,SNDKUSDT,NYSE:2026-08-14T20:00:00+00:00:2026-08-17T06:00:00+00:00
0.0,0.0,TRUE_BREAKOUT,0.019416037499999997,0.038832075,0.019408612500000002,0.038817225000000004,0.0,0.0,S3,0.0,PRIMARY_ZERO_MAKER,97,D2-0394ea9b3d716901,SNDKUSDT,NYSE:2026-08-14T20:00:00+00:00:2026-08-17T06:00:00+00:00
0.0,0.0,TRUE_BREAKOUT,0.0582481125,0.19416037499999997,0.0,0.0,0.0,0.0,S1,0.0,EXECUTION_STRESS,3,D2-0394ea9b3d716901,SNDKUSDT,NYSE:2026-08-14T20:00:00+00:00:2026-08-17T06:00:00+00:00
0.0,0.0,TRUE_BREAKOUT,0.04659848999999999,0.15532829999999997,0.0116451675,0.038817225000000004,0.0,0.0,S2,0.0,EXECUTION_STRESS,3,D2-0394ea9b3d716901,SNDKUSDT,NYSE:2026-08-14T20:00:00+00:00:2026-08-17T06:00:00+00:00
0.0,0.0,TRUE_BREAKOUT,0.02912405625,0.09708018749999998,0.02911291875,0.0970430625,0.0,0.0,S3,0.0,EXECUTION_STRESS,3,D2-0394ea9b3d716901,SNDKUSDT,NYSE:2026-08-14T20:00:00+00:00:2026-08-17T06:00:00+00:00
0.0,0.0,TRUE_BREAKOUT,0.0582481125,0.19416037499999997,0.0,0.0,0.0,0.0,S1,0.0,EXECUTION_STRESS,10,D2-0394ea9b3d716901,SNDKUSDT,NYSE:2026-08-14T20:00:00+00:00:2026-08-17T06:00:00+00:00
0.0,0.0,TRUE_BREAKOUT,0.04659848999999999,0.15532829999999997,0.0116451675,0.038817225000000004,0.0,0.0,S2,0.0,EXECUTION_STRESS,10,D2-0394ea9b3d716901,SNDKUSDT,NYSE:2026-08-14T20:00:00+00:00:2026-08-17T06:00:00+00:00
0.0,0.0,TRUE_BREAKOUT,0.02912405625,0.09708018749999998,0.02911291875,0.0970430625,0.0,0.0,S3,0.0,EXECUTION_STRESS,10,D2-0394ea9b3d716901,SNDKUSDT,NYSE:2026-08-14T20:00:00+00:00:2026-08-17T06:00:00+00:00
0.0,0.0,TRUE_BREAKOUT,0.0582481125,0.19416037499999997,0.0,0.0,0.0,0.0,S1,0.0,EXECUTION_STRESS,17,D2-0394ea9b3d716901,SNDKUSDT,NYSE:2026-08-14T20:00:00+00:00:2026-08-17T06:00:00+00:00
0.0,0.0,TRUE_BREAKOUT,0.04659848999999999,0.15532829999999997,0.0116451675,0.038817225000000004,0.0,0.0,S2,0.0,EXECUTION_STRESS,17,D2-0394ea9b3d716901,SNDKUSDT,NYSE:2026-08-14T20:00:00+00:00:2026-08-17T06:00:00+00:00
0.0,0.0,TRUE_BREAKOUT,0.02912405625,0.09708018749999998,0.02911291875,0.0970430625,0.0,0.0,S3,0.0,EXECUTION_STRESS,17,D2-0394ea9b3d716901,SNDKUSDT,NYSE:2026-08-14T20:00:00+00:00:2026-08-17T06:00:00+00:00
0.0,0.0,TRUE_BREAKOUT,0.0582481125,0.19416037499999997,0.0,0.0,0.0,0.0,S1,0.0,EXECUTION_STRESS,31,D2-0394ea9b3d716901,SNDKUSDT,NYSE:2026-08-14T20:00:00+00:00:2026-08-17T06:00:00+00:00
0.0,0.0,TRUE_BREAKOUT,0.04659848999999999,0.15532829999999997,0.0116451675,0.038817225000000004,0.0,0.0,S2,0.0,EXECUTION_STRESS,31,D2-0394ea9b3d716901,SNDKUSDT,NYSE:2026-08-14T20:00:00+00:00:2026-08-17T06:00:00+00:00
0.0,0.0,TRUE_BREAKOUT,0.02912405625,0.09708018749999998,0.02911291875,0.0970430625,0.0,0.0,S3,0.0,EXECUTION_STRESS,31,D2-0394ea9b3d716901,SNDKUSDT,NYSE:2026-08-14T20:00:00+00:00:2026-08-17T06:00:00+00:00
0.0,0.0,TRUE_BREAKOUT,0.0582481125,0.19416037499999997,0.0,0.0,0.0,0.0,S1,0.0,EXECUTION_STRESS,59,D2-0394ea9b3d716901,SNDKUSDT,NYSE:2026-08-14T20:00:00+00:00:2026-08-17T06:00:00+00:00
0.0,0.0,TRUE_BREAKOUT,0.04659848999999999,0.15532829999999997,0.0116451675,0.038817225000000004,0.0,0.0,S2,0.0,EXECUTION_STRESS,59,D2-0394ea9b3d716901,SNDKUSDT,NYSE:2026-08-14T20:00:00+00:00:2026-08-17T06:00:00+00:00
0.0,0.0,TRUE_BREAKOUT,0.02912405625,0.09708018749999998,0.02911291875,0.0970430625,0.0,0.0,S3,0.0,EXECUTION_STRESS,59,D2-0394ea9b3d716901,SNDKUSDT,NYSE:2026-08-14T20:00:00+00:00:2026-08-17T06:00:00+00:00
0.0,0.0,TRUE_BREAKOUT,0.0582481125,0.19416037499999997,0.0,0.0,0.0,0.0,S1,0.0,EXECUTION_STRESS,97,D2-0394ea9b3d716901,SNDKUSDT,NYSE:2026-08-14T20:00:00+00:00:2026-08-17T06:00:00+00:00
0.0,0.0,TRUE_BREAKOUT,0.04659848999999999,0.15532829999999997,0.0116451675,0.038817225000000004,0.0,0.0,S2,0.0,EXECUTION_STRESS,97,D2-0394ea9b3d716901,SNDKUSDT,NYSE:2026-08-14T20:00:00+00:00:2026-08-17T06:00:00+00:00
0.0,0.0,TRUE_BREAKOUT,0.02912405625,0.09708018749999998,0.02911291875,0.0970430625,0.0,0.0,S3,0.0,EXECUTION_STRESS,97,D2-0394ea9b3d716901,SNDKUSDT,NYSE:2026-08-14T20:00:00+00:00:2026-08-17T06:00:00+00:00
0.0,0.0,TRUE_BREAKOUT,0.038832074999999994,0.11649622499999998,0.0,0.0,0.0,0.0,S1,0.0,MAKER_PROMO_OFF,3,D2-0394ea9b3d716901,SNDKUSDT,NYSE:2026-08-14T20:00:00+00:00:2026-08-17T06:00:00+00:00
0.0,0.0,TRUE_BREAKOUT,0.031065659999999995,0.09319697999999998,0.007763445,0.023290335,0.0,0.0,S2,0.0,MAKER_PROMO_OFF,3,D2-0394ea9b3d716901,SNDKUSDT,NYSE:2026-08-14T20:00:00+00:00:2026-08-17T06:00:00+00:00
0.0,0.0,TRUE_BREAKOUT,0.019416037499999997,0.05824811249999999,0.019408612500000002,0.0582258375,0.0,0.0,S3,0.0,MAKER_PROMO_OFF,3,D2-0394ea9b3d716901,SNDKUSDT,NYSE:2026-08-14T20:00:00+00:00:2026-08-17T06:00:00+00:00
0.0,0.0,TRUE_BREAKOUT,0.038832074999999994,0.11649622499999998,0.0,0.0,0.0,0.0,S1,0.0,MAKER_PROMO_OFF,10,D2-0394ea9b3d716901,SNDKUSDT,NYSE:2026-08-14T20:00:00+00:00:2026-08-17T06:00:00+00:00
0.0,0.0,TRUE_BREAKOUT,0.031065659999999995,0.09319697999999998,0.007763445,0.023290335,0.0,0.0,S2,0.0,MAKER_PROMO_OFF,10,D2-0394ea9b3d716901,SNDKUSDT,NYSE:2026-08-14T20:00:00+00:00:2026-08-17T06:00:00+00:00
0.0,0.0,TRUE_BREAKOUT,0.019416037499999997,0.05824811249999999,0.019408612500000002,0.0582258375,0.0,0.0,S3,0.0,MAKER_PROMO_OFF,10,D2-0394ea9b3d716901,SNDKUSDT,NYSE:2026-08-14T20:00:00+00:00:2026-08-17T06:00:00+00:00
0.0,0.0,TRUE_BREAKOUT,0.038832074999999994,0.11649622499999998,0.0,0.0,0.0,0.0,S1,0.0,MAKER_PROMO_OFF,17,D2-0394ea9b3d716901,SNDKUSDT,NYSE:2026-08-14T20:00:00+00:00:2026-08-17T06:00:00+00:00
0.0,0.0,TRUE_BREAKOUT,0.031065659999999995,0.09319697999999998,0.007763445,0.023290335,0.0,0.0,S2,0.0,MAKER_PROMO_OFF,17,D2-0394ea9b3d716901,SNDKUSDT,NYSE:2026-08-14T20:00:00+00:00:2026-08-17T06:00:00+00:00
0.0,0.0,TRUE_BREAKOUT,0.019416037499999997,0.05824811249999999,0.019408612500000002,0.0582258375,0.0,0.0,S3,0.0,MAKER_PROMO_OFF,17,D2-0394ea9b3d716901,SNDKUSDT,NYSE:2026-08-14T20:00:00+00:00:2026-08-17T06:00:00+00:00
0.0,0.0,TRUE_BREAKOUT,0.038832074999999994,0.11649622499999998,0.0,0.0,0.0,0.0,S1,0.0,MAKER_PROMO_OFF,31,D2-0394ea9b3d716901,SNDKUSDT,NYSE:2026-08-14T20:00:00+00:00:2026-08-17T06:00:00+00:00
0.0,0.0,TRUE_BREAKOUT,0.031065659999999995,0.09319697999999998,0.007763445,0.023290335,0.0,0.0,S2,0.0,MAKER_PROMO_OFF,31,D2-0394ea9b3d716901,SNDKUSDT,NYSE:2026-08-14T20:00:00+00:00:2026-08-17T06:00:00+00:00
0.0,0.0,TRUE_BREAKOUT,0.019416037499999997,0.05824811249999999,0.019408612500000002,0.0582258375,0.0,0.0,S3,0.0,MAKER_PROMO_OFF,31,D2-0394ea9b3d716901,SNDKUSDT,NYSE:2026-08-14T20:00:00+00:00:2026-08-17T06:00:00+00:00
0.0,0.0,TRUE_BREAKOUT,0.038832074999999994,0.11649622499999998,0.0,0.0,0.0,0.0,S1,0.0,MAKER_PROMO_OFF,59,D2-0394ea9b3d716901,SNDKUSDT,NYSE:2026-08-14T20:00:00+00:00:2026-08-17T06:00:00+00:00
0.0,0.0,TRUE_BREAKOUT,0.031065659999999995,0.09319697999999998,0.007763445,0.023290335,0.0,0.0,S2,0.0,MAKER_PROMO_OFF,59,D2-0394ea9b3d716901,SNDKUSDT,NYSE:2026-08-14T20:00:00+00:00:2026-08-17T06:00:00+00:00
0.0,0.0,TRUE_BREAKOUT,0.019416037499999997,0.05824811249999999,0.019408612500000002,0.0582258375,0.0,0.0,S3,0.0,MAKER_PROMO_OFF,59,D2-0394ea9b3d716901,SNDKUSDT,NYSE:2026-08-14T20:00:00+00:00:2026-08-17T06:00:00+00:00
0.0,0.0,TRUE_BREAKOUT,0.038832074999999994,0.11649622499999998,0.0,0.0,0.0,0.0,S1,0.0,MAKER_PROMO_OFF,97,D2-0394ea9b3d716901,SNDKUSDT,NYSE:2026-08-14T20:00:00+00:00:2026-08-17T06:00:00+00:00
0.0,0.0,TRUE_BREAKOUT,0.031065659999999995,0.09319697999999998,0.007763445,0.023290335,0.0,0.0,S2,0.0,MAKER_PROMO_OFF,97,D2-0394ea9b3d716901,SNDKUSDT,NYSE:2026-08-14T20:00:00+00:00:2026-08-17T06:00:00+00:00
0.0,0.0,TRUE_BREAKOUT,0.019416037499999997,0.05824811249999999,0.019408612500000002,0.0582258375,0.0,0.0,S3,0.0,MAKER_PROMO_OFF,97,D2-0394ea9b3d716901,SNDKUSDT,NYSE:2026-08-14T20:00:00+00:00:2026-08-17T06:00:00+00:00
