blocked_adverse_add_opportunity_cost,early_flatten_fee,early_flatten_slippage,false_breakout_defense_cost,missed_paired_grid_pnl,profile_id,scenario,seed,suspected_episode_id,symbol,window_key
,,,0.0,,D2-R3,PRIMARY_ZERO_MAKER,3,D2-bc8ed57a704b6a79,SNDKUSDT,US_STOCK:2026-05-29T20:00:00+00:00:2026-06-01T08:00:00+00:00
,,,0.0,,S0,PRIMARY_ZERO_MAKER,3,D2-bc8ed57a704b6a79,SNDKUSDT,US_STOCK:2026-05-29T20:00:00+00:00:2026-06-01T08:00:00+00:00
0.0,0.0,0.0,0.0,0.0,S1,PRIMARY_ZERO_MAKER,3,D2-bc8ed57a704b6a79,SNDKUSDT,US_STOCK:2026-05-29T20:00:00+00:00:2026-06-01T08:00:00+00:00
0.0,0.009546130000000002,0.019092260000000003,0.1100383900000006,0.0,S2,PRIMARY_ZERO_MAKER,3,D2-bc8ed57a704b6a79,SNDKUSDT,US_STOCK:2026-05-29T20:00:00+00:00:2026-06-01T08:00:00+00:00
0.0,0.023865325000000003,0.04773065,0.2750959750000028,0.0,S3,PRIMARY_ZERO_MAKER,3,D2-bc8ed57a704b6a79,SNDKUSDT,US_STOCK:2026-05-29T20:00:00+00:00:2026-06-01T08:00:00+00:00
,,,0.0,,D2-R3,PRIMARY_ZERO_MAKER,10,D2-bc8ed57a704b6a79,SNDKUSDT,US_STOCK:2026-05-29T20:00:00+00:00:2026-06-01T08:00:00+00:00
,,,0.0,,S0,PRIMARY_ZERO_MAKER,10,D2-bc8ed57a704b6a79,SNDKUSDT,US_STOCK:2026-05-29T20:00:00+00:00:2026-06-01T08:00:00+00:00
0.0,0.0,0.0,0.0,0.0,S1,PRIMARY_ZERO_MAKER,10,D2-bc8ed57a704b6a79,SNDKUSDT,US_STOCK:2026-05-29T20:00:00+00:00:2026-06-01T08:00:00+00:00
0.0,0.009546130000000002,0.019092260000000003,0.1100383900000006,0.0,S2,PRIMARY_ZERO_MAKER,10,D2-bc8ed57a704b6a79,SNDKUSDT,US_STOCK:2026-05-29T20:00:00+00:00:2026-06-01T08:00:00+00:00
0.0,0.023865325000000003,0.04773065,0.2750959750000028,0.0,S3,PRIMARY_ZERO_MAKER,10,D2-bc8ed57a704b6a79,SNDKUSDT,US_STOCK:2026-05-29T20:00:00+00:00:2026-06-01T08:00:00+00:00
,,,0.0,,D2-R3,PRIMARY_ZERO_MAKER,17,D2-bc8ed57a704b6a79,SNDKUSDT,US_STOCK:2026-05-29T20:00:00+00:00:2026-06-01T08:00:00+00:00
,,,0.0,,S0,PRIMARY_ZERO_MAKER,17,D2-bc8ed57a704b6a79,SNDKUSDT,US_STOCK:2026-05-29T20:00:00+00:00:2026-06-01T08:00:00+00:00
0.0,0.0,0.0,0.0,0.0,S1,PRIMARY_ZERO_MAKER,17,D2-bc8ed57a704b6a79,SNDKUSDT,US_STOCK:2026-05-29T20:00:00+00:00:2026-06-01T08:00:00+00:00
0.0,0.009546130000000002,0.019092260000000003,0.1100383900000006,0.0,S2,PRIMARY_ZERO_MAKER,17,D2-bc8ed57a704b6a79,SNDKUSDT,US_STOCK:2026-05-29T20:00:00+00:00:2026-06-01T08:00:00+00:00
0.0,0.023865325000000003,0.04773065,0.2750959750000028,0.0,S3,PRIMARY_ZERO_MAKER,17,D2-bc8ed57a704b6a79,SNDKUSDT,US_STOCK:2026-05-29T20:00:00+00:00:2026-06-01T08:00:00+00:00
,,,0.0,,D2-R3,PRIMARY_ZERO_MAKER,31,D2-bc8ed57a704b6a79,SNDKUSDT,US_STOCK:2026-05-29T20:00:00+00:00:2026-06-01T08:00:00+00:00
,,,0.0,,S0,PRIMARY_ZERO_MAKER,31,D2-bc8ed57a704b6a79,SNDKUSDT,US_STOCK:2026-05-29T20:00:00+00:00:2026-06-01T08:00:00+00:00
0.0,0.0,0.0,0.0,0.0,S1,PRIMARY_ZERO_MAKER,31,D2-bc8ed57a704b6a79,SNDKUSDT,US_STOCK:2026-05-29T20:00:00+00:00:2026-06-01T08:00:00+00:00
0.0,0.009546130000000002,0.019092260000000003,0.1100383900000006,0.0,S2,PRIMARY_ZERO_MAKER,31,D2-bc8ed57a704b6a79,SNDKUSDT,US_STOCK:2026-05-29T20:00:00+00:00:2026-06-01T08:00:00+00:00
0.0,0.023865325000000003,0.04773065,0.2750959750000028,0.0,S3,PRIMARY_ZERO_MAKER,31,D2-bc8ed57a704b6a79,SNDKUSDT,US_STOCK:2026-05-29T20:00:00+00:00:2026-06-01T08:00:00+00:00
,,,0.0,,D2-R3,PRIMARY_ZERO_MAKER,59,D2-bc8ed57a704b6a79,SNDKUSDT,US_STOCK:2026-05-29T20:00:00+00:00:2026-06-01T08:00:00+00:00
,,,0.0,,S0,PRIMARY_ZERO_MAKER,59,D2-bc8ed57a704b6a79,SNDKUSDT,US_STOCK:2026-05-29T20:00:00+00:00:2026-06-01T08:00:00+00:00
0.0,0.0,0.0,0.0,0.0,S1,PRIMARY_ZERO_MAKER,59,D2-bc8ed57a704b6a79,SNDKUSDT,US_STOCK:2026-05-29T20:00:00+00:00:2026-06-01T08:00:00+00:00
0.0,0.009546130000000002,0.019092260000000003,0.1100383900000006,0.0,S2,PRIMARY_ZERO_MAKER,59,D2-bc8ed57a704b6a79,SNDKUSDT,US_STOCK:2026-05-29T20:00:00+00:00:2026-06-01T08:00:00+00:00
0.0,0.023865325000000003,0.04773065,0.2750959750000028,0.0,S3,PRIMARY_ZERO_MAKER,59,D2-bc8ed57a704b6a79,SNDKUSDT,US_STOCK:2026-05-29T20:00:00+00:00:2026-06-01T08:00:00+00:00
,,,0.0,,D2-R3,PRIMARY_ZERO_MAKER,97,D2-bc8ed57a704b6a79,SNDKUSDT,US_STOCK:2026-05-29T20:00:00+00:00:2026-06-01T08:00:00+00:00
,,,0.0,,S0,PRIMARY_ZERO_MAKER,97,D2-bc8ed57a704b6a79,SNDKUSDT,US_STOCK:2026-05-29T20:00:00+00:00:2026-06-01T08:00:00+00:00
0.0,0.0,0.0,0.0,0.0,S1,PRIMARY_ZERO_MAKER,97,D2-bc8ed57a704b6a79,SNDKUSDT,US_STOCK:2026-05-29T20:00:00+00:00:2026-06-01T08:00:00+00:00
0.0,0.009546130000000002,0.019092260000000003,0.1100383900000006,0.0,S2,PRIMARY_ZERO_MAKER,97,D2-bc8ed57a704b6a79,SNDKUSDT,US_STOCK:2026-05-29T20:00:00+00:00:2026-06-01T08:00:00+00:00
0.0,0.023865325000000003,0.04773065,0.2750959750000028,0.0,S3,PRIMARY_ZERO_MAKER,97,D2-bc8ed57a704b6a79,SNDKUSDT,US_STOCK:2026-05-29T20:00:00+00:00:2026-06-01T08:00:00+00:00
,,,0.0,,D2-R3,EXECUTION_STRESS,3,D2-bc8ed57a704b6a79,SNDKUSDT,US_STOCK:2026-05-29T20:00:00+00:00:2026-06-01T08:00:00+00:00
,,,0.0,,S0,EXECUTION_STRESS,3,D2-bc8ed57a704b6a79,SNDKUSDT,US_STOCK:2026-05-29T20:00:00+00:00:2026-06-01T08:00:00+00:00
0.0,0.0,0.0,0.0,0.0,S1,EXECUTION_STRESS,3,D2-bc8ed57a704b6a79,SNDKUSDT,US_STOCK:2026-05-29T20:00:00+00:00:2026-06-01T08:00:00+00:00
0.0,0.014319195000000003,0.047730650000000006,0.14344984500000102,0.0,S2,EXECUTION_STRESS,3,D2-bc8ed57a704b6a79,SNDKUSDT,US_STOCK:2026-05-29T20:00:00+00:00:2026-06-01T08:00:00+00:00
0.0,0.0357979875,0.11932662500000002,0.358624612500003,0.0,S3,EXECUTION_STRESS,3,D2-bc8ed57a704b6a79,SNDKUSDT,US_STOCK:2026-05-29T20:00:00+00:00:2026-06-01T08:00:00+00:00
,,,0.0,,D2-R3,EXECUTION_STRESS,10,D2-bc8ed57a704b6a79,SNDKUSDT,US_STOCK:2026-05-29T20:00:00+00:00:2026-06-01T08:00:00+00:00
,,,0.0,,S0,EXECUTION_STRESS,10,D2-bc8ed57a704b6a79,SNDKUSDT,US_STOCK:2026-05-29T20:00:00+00:00:2026-06-01T08:00:00+00:00
0.0,0.0,0.0,0.0,0.0,S1,EXECUTION_STRESS,10,D2-bc8ed57a704b6a79,SNDKUSDT,US_STOCK:2026-05-29T20:00:00+00:00:2026-06-01T08:00:00+00:00
0.0,0.014319195000000003,0.047730650000000006,0.14344984500000102,0.0,S2,EXECUTION_STRESS,10,D2-bc8ed57a704b6a79,SNDKUSDT,US_STOCK:2026-05-29T20:00:00+00:00:2026-06-01T08:00:00+00:00
0.0,0.0357979875,0.11932662500000002,0.358624612500003,0.0,S3,EXECUTION_STRESS,10,D2-bc8ed57a704b6a79,SNDKUSDT,US_STOCK:2026-05-29T20:00:00+00:00:2026-06-01T08:00:00+00:00
,,,0.0,,D2-R3,EXECUTION_STRESS,17,D2-bc8ed57a704b6a79,SNDKUSDT,US_STOCK:2026-05-29T20:00:00+00:00:2026-06-01T08:00:00+00:00
,,,0.0,,S0,EXECUTION_STRESS,17,D2-bc8ed57a704b6a79,SNDKUSDT,US_STOCK:2026-05-29T20:00:00+00:00:2026-06-01T08:00:00+00:00
0.0,0.0,0.0,0.0,0.0,S1,EXECUTION_STRESS,17,D2-bc8ed57a704b6a79,SNDKUSDT,US_STOCK:2026-05-29T20:00:00+00:00:2026-06-01T08:00:00+00:00
0.0,0.014319195000000003,0.047730650000000006,0.14344984500000102,0.0,S2,EXECUTION_STRESS,17,D2-bc8ed57a704b6a79,SNDKUSDT,US_STOCK:2026-05-29T20:00:00+00:00:2026-06-01T08:00:00+00:00
0.0,0.0357979875,0.11932662500000002,0.358624612500003,0.0,S3,EXECUTION_STRESS,17,D2-bc8ed57a704b6a79,SNDKUSDT,US_STOCK:2026-05-29T20:00:00+00:00:2026-06-01T08:00:00+00:00
,,,0.0,,D2-R3,EXECUTION_STRESS,31,D2-bc8ed57a704b6a79,SNDKUSDT,US_STOCK:2026-05-29T20:00:00+00:00:2026-06-01T08:00:00+00:00
,,,0.0,,S0,EXECUTION_STRESS,31,D2-bc8ed57a704b6a79,SNDKUSDT,US_STOCK:2026-05-29T20:00:00+00:00:2026-06-01T08:00:00+00:00
0.0,0.0,0.0,0.0,0.0,S1,EXECUTION_STRESS,31,D2-bc8ed57a704b6a79,SNDKUSDT,US_STOCK:2026-05-29T20:00:00+00:00:2026-06-01T08:00:00+00:00
0.0,0.014319195000000003,0.047730650000000006,0.14344984500000102,0.0,S2,EXECUTION_STRESS,31,D2-bc8ed57a704b6a79,SNDKUSDT,US_STOCK:2026-05-29T20:00:00+00:00:2026-06-01T08:00:00+00:00
0.0,0.0357979875,0.11932662500000002,0.358624612500003,0.0,S3,EXECUTION_STRESS,31,D2-bc8ed57a704b6a79,SNDKUSDT,US_STOCK:2026-05-29T20:00:00+00:00:2026-06-01T08:00:00+00:00
,,,0.0,,D2-R3,EXECUTION_STRESS,59,D2-bc8ed57a704b6a79,SNDKUSDT,US_STOCK:2026-05-29T20:00:00+00:00:2026-06-01T08:00:00+00:00
,,,0.0,,S0,EXECUTION_STRESS,59,D2-bc8ed57a704b6a79,SNDKUSDT,US_STOCK:2026-05-29T20:00:00+00:00:2026-06-01T08:00:00+00:00
0.0,0.0,0.0,0.0,0.0,S1,EXECUTION_STRESS,59,D2-bc8ed57a704b6a79,SNDKUSDT,US_STOCK:2026-05-29T20:00:00+00:00:2026-06-01T08:00:00+00:00
0.0,0.014319195000000003,0.047730650000000006,0.14344984500000102,0.0,S2,EXECUTION_STRESS,59,D2-bc8ed57a704b6a79,SNDKUSDT,US_STOCK:2026-05-29T20:00:00+00:00:2026-06-01T08:00:00+00:00
0.0,0.0357979875,0.11932662500000002,0.358624612500003,0.0,S3,EXECUTION_STRESS,59,D2-bc8ed57a704b6a79,SNDKUSDT,US_STOCK:2026-05-29T20:00:00+00:00:2026-06-01T08:00:00+00:00
,,,0.0,,D2-R3,EXECUTION_STRESS,97,D2-bc8ed57a704b6a79,SNDKUSDT,US_STOCK:2026-05-29T20:00:00+00:00:2026-06-01T08:00:00+00:00
,,,0.0,,S0,EXECUTION_STRESS,97,D2-bc8ed57a704b6a79,SNDKUSDT,US_STOCK:2026-05-29T20:00:00+00:00:2026-06-01T08:00:00+00:00
0.0,0.0,0.0,0.0,0.0,S1,EXECUTION_STRESS,97,D2-bc8ed57a704b6a79,SNDKUSDT,US_STOCK:2026-05-29T20:00:00+00:00:2026-06-01T08:00:00+00:00
0.0,0.014319195000000003,0.047730650000000006,0.14344984500000102,0.0,S2,EXECUTION_STRESS,97,D2-bc8ed57a704b6a79,SNDKUSDT,US_STOCK:2026-05-29T20:00:00+00:00:2026-06-01T08:00:00+00:00
0.0,0.0357979875,0.11932662500000002,0.358624612500003,0.0,S3,EXECUTION_STRESS,97,D2-bc8ed57a704b6a79,SNDKUSDT,US_STOCK:2026-05-29T20:00:00+00:00:2026-06-01T08:00:00+00:00
,,,0.0,,D2-R3,MAKER_PROMO_OFF,3,D2-bc8ed57a704b6a79,SNDKUSDT,US_STOCK:2026-05-29T20:00:00+00:00:2026-06-01T08:00:00+00:00
,,,0.0,,S0,MAKER_PROMO_OFF,3,D2-bc8ed57a704b6a79,SNDKUSDT,US_STOCK:2026-05-29T20:00:00+00:00:2026-06-01T08:00:00+00:00
0.0,0.0,0.0,0.0,0.0,S1,MAKER_PROMO_OFF,3,D2-bc8ed57a704b6a79,SNDKUSDT,US_STOCK:2026-05-29T20:00:00+00:00:2026-06-01T08:00:00+00:00
0.0,0.009546130000000002,0.028638390000000003,0.11958452000000053,0.0,S2,MAKER_PROMO_OFF,3,D2-bc8ed57a704b6a79,SNDKUSDT,US_STOCK:2026-05-29T20:00:00+00:00:2026-06-01T08:00:00+00:00
0.0,0.023865325000000003,0.071595975,0.29896130000000287,0.0,S3,MAKER_PROMO_OFF,3,D2-bc8ed57a704b6a79,SNDKUSDT,US_STOCK:2026-05-29T20:00:00+00:00:2026-06-01T08:00:00+00:00
,,,0.0,,D2-R3,MAKER_PROMO_OFF,10,D2-bc8ed57a704b6a79,SNDKUSDT,US_STOCK:2026-05-29T20:00:00+00:00:2026-06-01T08:00:00+00:00
,,,0.0,,S0,MAKER_PROMO_OFF,10,D2-bc8ed57a704b6a79,SNDKUSDT,US_STOCK:2026-05-29T20:00:00+00:00:2026-06-01T08:00:00+00:00
0.0,0.0,0.0,0.0,0.0,S1,MAKER_PROMO_OFF,10,D2-bc8ed57a704b6a79,SNDKUSDT,US_STOCK:2026-05-29T20:00:00+00:00:2026-06-01T08:00:00+00:00
0.0,0.009546130000000002,0.028638390000000003,0.11958452000000053,0.0,S2,MAKER_PROMO_OFF,10,D2-bc8ed57a704b6a79,SNDKUSDT,US_STOCK:2026-05-29T20:00:00+00:00:2026-06-01T08:00:00+00:00
0.0,0.023865325000000003,0.071595975,0.29896130000000287,0.0,S3,MAKER_PROMO_OFF,10,D2-bc8ed57a704b6a79,SNDKUSDT,US_STOCK:2026-05-29T20:00:00+00:00:2026-06-01T08:00:00+00:00
,,,0.0,,D2-R3,MAKER_PROMO_OFF,17,D2-bc8ed57a704b6a79,SNDKUSDT,US_STOCK:2026-05-29T20:00:00+00:00:2026-06-01T08:00:00+00:00
,,,0.0,,S0,MAKER_PROMO_OFF,17,D2-bc8ed57a704b6a79,SNDKUSDT,US_STOCK:2026-05-29T20:00:00+00:00:2026-06-01T08:00:00+00:00
0.0,0.0,0.0,0.0,0.0,S1,MAKER_PROMO_OFF,17,D2-bc8ed57a704b6a79,SNDKUSDT,US_STOCK:2026-05-29T20:00:00+00:00:2026-06-01T08:00:00+00:00
0.0,0.009546130000000002,0.028638390000000003,0.11958452000000053,0.0,S2,MAKER_PROMO_OFF,17,D2-bc8ed57a704b6a79,SNDKUSDT,US_STOCK:2026-05-29T20:00:00+00:00:2026-06-01T08:00:00+00:00
0.0,0.023865325000000003,0.071595975,0.29896130000000287,0.0,S3,MAKER_PROMO_OFF,17,D2-bc8ed57a704b6a79,SNDKUSDT,US_STOCK:2026-05-29T20:00:00+00:00:2026-06-01T08:00:00+00:00
,,,0.0,,D2-R3,MAKER_PROMO_OFF,31,D2-bc8ed57a704b6a79,SNDKUSDT,US_STOCK:2026-05-29T20:00:00+00:00:2026-06-01T08:00:00+00:00
,,,0.0,,S0,MAKER_PROMO_OFF,31,D2-bc8ed57a704b6a79,SNDKUSDT,US_STOCK:2026-05-29T20:00:00+00:00:2026-06-01T08:00:00+00:00
0.0,0.0,0.0,0.0,0.0,S1,MAKER_PROMO_OFF,31,D2-bc8ed57a704b6a79,SNDKUSDT,US_STOCK:2026-05-29T20:00:00+00:00:2026-06-01T08:00:00+00:00
0.0,0.009546130000000002,0.028638390000000003,0.11958452000000053,0.0,S2,MAKER_PROMO_OFF,31,D2-bc8ed57a704b6a79,SNDKUSDT,US_STOCK:2026-05-29T20:00:00+00:00:2026-06-01T08:00:00+00:00
0.0,0.023865325000000003,0.071595975,0.29896130000000287,0.0,S3,MAKER_PROMO_OFF,31,D2-bc8ed57a704b6a79,SNDKUSDT,US_STOCK:2026-05-29T20:00:00+00:00:2026-06-01T08:00:00+00:00
,,,0.0,,D2-R3,MAKER_PROMO_OFF,59,D2-bc8ed57a704b6a79,SNDKUSDT,US_STOCK:2026-05-29T20:00:00+00:00:2026-06-01T08:00:00+00:00
,,,0.0,,S0,MAKER_PROMO_OFF,59,D2-bc8ed57a704b6a79,SNDKUSDT,US_STOCK:2026-05-29T20:00:00+00:00:2026-06-01T08:00:00+00:00
0.0,0.0,0.0,0.0,0.0,S1,MAKER_PROMO_OFF,59,D2-bc8ed57a704b6a79,SNDKUSDT,US_STOCK:2026-05-29T20:00:00+00:00:2026-06-01T08:00:00+00:00
0.0,0.009546130000000002,0.028638390000000003,0.11958452000000053,0.0,S2,MAKER_PROMO_OFF,59,D2-bc8ed57a704b6a79,SNDKUSDT,US_STOCK:2026-05-29T20:00:00+00:00:2026-06-01T08:00:00+00:00
0.0,0.023865325000000003,0.071595975,0.29896130000000287,0.0,S3,MAKER_PROMO_OFF,59,D2-bc8ed57a704b6a79,SNDKUSDT,US_STOCK:2026-05-29T20:00:00+00:00:2026-06-01T08:00:00+00:00
,,,0.0,,D2-R3,MAKER_PROMO_OFF,97,D2-bc8ed57a704b6a79,SNDKUSDT,US_STOCK:2026-05-29T20:00:00+00:00:2026-06-01T08:00:00+00:00
,,,0.0,,S0,MAKER_PROMO_OFF,97,D2-bc8ed57a704b6a79,SNDKUSDT,US_STOCK:2026-05-29T20:00:00+00:00:2026-06-01T08:00:00+00:00
0.0,0.0,0.0,0.0,0.0,S1,MAKER_PROMO_OFF,97,D2-bc8ed57a704b6a79,SNDKUSDT,US_STOCK:2026-05-29T20:00:00+00:00:2026-06-01T08:00:00+00:00
0.0,0.009546130000000002,0.028638390000000003,0.11958452000000053,0.0,S2,MAKER_PROMO_OFF,97,D2-bc8ed57a704b6a79,SNDKUSDT,US_STOCK:2026-05-29T20:00:00+00:00:2026-06-01T08:00:00+00:00
0.0,0.023865325000000003,0.071595975,0.29896130000000287,0.0,S3,MAKER_PROMO_OFF,97,D2-bc8ed57a704b6a79,SNDKUSDT,US_STOCK:2026-05-29T20:00:00+00:00:2026-06-01T08:00:00+00:00
,,,0.0,,D2-R3,PRIMARY_ZERO_MAKER,3,D2-cb237b14dd2e1af4,SNDKUSDT,US_STOCK:2026-06-05T20:00:00+00:00:2026-06-08T08:00:00+00:00
,,,0.0,,S0,PRIMARY_ZERO_MAKER,3,D2-cb237b14dd2e1af4,SNDKUSDT,US_STOCK:2026-06-05T20:00:00+00:00:2026-06-08T08:00:00+00:00
0.0,0.0,0.0,0.0,0.0,S1,PRIMARY_ZERO_MAKER,3,D2-cb237b14dd2e1af4,SNDKUSDT,US_STOCK:2026-06-05T20:00:00+00:00:2026-06-08T08:00:00+00:00
0.0,0.011457825000000003,0.022915650000000006,0.3210234749999987,0.0,S2,PRIMARY_ZERO_MAKER,3,D2-cb237b14dd2e1af4,SNDKUSDT,US_STOCK:2026-06-05T20:00:00+00:00:2026-06-08T08:00:00+00:00
0.0,0.02864456250000001,0.05728912500000001,0.8025586874999959,0.0,S3,PRIMARY_ZERO_MAKER,3,D2-cb237b14dd2e1af4,SNDKUSDT,US_STOCK:2026-06-05T20:00:00+00:00:2026-06-08T08:00:00+00:00
,,,0.0,,D2-R3,PRIMARY_ZERO_MAKER,10,D2-cb237b14dd2e1af4,SNDKUSDT,US_STOCK:2026-06-05T20:00:00+00:00:2026-06-08T08:00:00+00:00
,,,0.0,,S0,PRIMARY_ZERO_MAKER,10,D2-cb237b14dd2e1af4,SNDKUSDT,US_STOCK:2026-06-05T20:00:00+00:00:2026-06-08T08:00:00+00:00
0.0,0.0,0.0,0.0,0.0,S1,PRIMARY_ZERO_MAKER,10,D2-cb237b14dd2e1af4,SNDKUSDT,US_STOCK:2026-06-05T20:00:00+00:00:2026-06-08T08:00:00+00:00
0.0,0.011457825000000003,0.022915650000000006,0.3210234749999987,0.0,S2,PRIMARY_ZERO_MAKER,10,D2-cb237b14dd2e1af4,SNDKUSDT,US_STOCK:2026-06-05T20:00:00+00:00:2026-06-08T08:00:00+00:00
0.0,0.02864456250000001,0.05728912500000001,0.8025586874999959,0.0,S3,PRIMARY_ZERO_MAKER,10,D2-cb237b14dd2e1af4,SNDKUSDT,US_STOCK:2026-06-05T20:00:00+00:00:2026-06-08T08:00:00+00:00
,,,0.0,,D2-R3,PRIMARY_ZERO_MAKER,17,D2-cb237b14dd2e1af4,SNDKUSDT,US_STOCK:2026-06-05T20:00:00+00:00:2026-06-08T08:00:00+00:00
,,,0.0,,S0,PRIMARY_ZERO_MAKER,17,D2-cb237b14dd2e1af4,SNDKUSDT,US_STOCK:2026-06-05T20:00:00+00:00:2026-06-08T08:00:00+00:00
0.0,0.0,0.0,0.0,0.0,S1,PRIMARY_ZERO_MAKER,17,D2-cb237b14dd2e1af4,SNDKUSDT,US_STOCK:2026-06-05T20:00:00+00:00:2026-06-08T08:00:00+00:00
0.0,0.011457825000000003,0.022915650000000006,0.3210234749999987,0.0,S2,PRIMARY_ZERO_MAKER,17,D2-cb237b14dd2e1af4,SNDKUSDT,US_STOCK:2026-06-05T20:00:00+00:00:2026-06-08T08:00:00+00:00
0.0,0.02864456250000001,0.05728912500000001,0.8025586874999959,0.0,S3,PRIMARY_ZERO_MAKER,17,D2-cb237b14dd2e1af4,SNDKUSDT,US_STOCK:2026-06-05T20:00:00+00:00:2026-06-08T08:00:00+00:00
,,,0.0,,D2-R3,PRIMARY_ZERO_MAKER,31,D2-cb237b14dd2e1af4,SNDKUSDT,US_STOCK:2026-06-05T20:00:00+00:00:2026-06-08T08:00:00+00:00
,,,0.0,,S0,PRIMARY_ZERO_MAKER,31,D2-cb237b14dd2e1af4,SNDKUSDT,US_STOCK:2026-06-05T20:00:00+00:00:2026-06-08T08:00:00+00:00
0.0,0.0,0.0,0.0,0.0,S1,PRIMARY_ZERO_MAKER,31,D2-cb237b14dd2e1af4,SNDKUSDT,US_STOCK:2026-06-05T20:00:00+00:00:2026-06-08T08:00:00+00:00
0.0,0.011457825000000003,0.022915650000000006,0.3210234749999987,0.0,S2,PRIMARY_ZERO_MAKER,31,D2-cb237b14dd2e1af4,SNDKUSDT,US_STOCK:2026-06-05T20:00:00+00:00:2026-06-08T08:00:00+00:00
0.0,0.02864456250000001,0.05728912500000001,0.8025586874999959,0.0,S3,PRIMARY_ZERO_MAKER,31,D2-cb237b14dd2e1af4,SNDKUSDT,US_STOCK:2026-06-05T20:00:00+00:00:2026-06-08T08:00:00+00:00
,,,0.0,,D2-R3,PRIMARY_ZERO_MAKER,59,D2-cb237b14dd2e1af4,SNDKUSDT,US_STOCK:2026-06-05T20:00:00+00:00:2026-06-08T08:00:00+00:00
,,,0.0,,S0,PRIMARY_ZERO_MAKER,59,D2-cb237b14dd2e1af4,SNDKUSDT,US_STOCK:2026-06-05T20:00:00+00:00:2026-06-08T08:00:00+00:00
0.0,0.0,0.0,0.0,0.0,S1,PRIMARY_ZERO_MAKER,59,D2-cb237b14dd2e1af4,SNDKUSDT,US_STOCK:2026-06-05T20:00:00+00:00:2026-06-08T08:00:00+00:00
0.0,0.011457825000000003,0.022915650000000006,0.3210234749999987,0.0,S2,PRIMARY_ZERO_MAKER,59,D2-cb237b14dd2e1af4,SNDKUSDT,US_STOCK:2026-06-05T20:00:00+00:00:2026-06-08T08:00:00+00:00
0.0,0.02864456250000001,0.05728912500000001,0.8025586874999959,0.0,S3,PRIMARY_ZERO_MAKER,59,D2-cb237b14dd2e1af4,SNDKUSDT,US_STOCK:2026-06-05T20:00:00+00:00:2026-06-08T08:00:00+00:00
,,,0.0,,D2-R3,PRIMARY_ZERO_MAKER,97,D2-cb237b14dd2e1af4,SNDKUSDT,US_STOCK:2026-06-05T20:00:00+00:00:2026-06-08T08:00:00+00:00
,,,0.0,,S0,PRIMARY_ZERO_MAKER,97,D2-cb237b14dd2e1af4,SNDKUSDT,US_STOCK:2026-06-05T20:00:00+00:00:2026-06-08T08:00:00+00:00
0.0,0.0,0.0,0.0,0.0,S1,PRIMARY_ZERO_MAKER,97,D2-cb237b14dd2e1af4,SNDKUSDT,US_STOCK:2026-06-05T20:00:00+00:00:2026-06-08T08:00:00+00:00
0.0,0.011457825000000003,0.022915650000000006,0.3210234749999987,0.0,S2,PRIMARY_ZERO_MAKER,97,D2-cb237b14dd2e1af4,SNDKUSDT,US_STOCK:2026-06-05T20:00:00+00:00:2026-06-08T08:00:00+00:00
0.0,0.02864456250000001,0.05728912500000001,0.8025586874999959,0.0,S3,PRIMARY_ZERO_MAKER,97,D2-cb237b14dd2e1af4,SNDKUSDT,US_STOCK:2026-06-05T20:00:00+00:00:2026-06-08T08:00:00+00:00
,,,0.0,,D2-R3,EXECUTION_STRESS,3,D2-cb237b14dd2e1af4,SNDKUSDT,US_STOCK:2026-06-05T20:00:00+00:00:2026-06-08T08:00:00+00:00
,,,0.0,,S0,EXECUTION_STRESS,3,D2-cb237b14dd2e1af4,SNDKUSDT,US_STOCK:2026-06-05T20:00:00+00:00:2026-06-08T08:00:00+00:00
0.0,0.0,0.0,0.0,0.0,S1,EXECUTION_STRESS,3,D2-cb237b14dd2e1af4,SNDKUSDT,US_STOCK:2026-06-05T20:00:00+00:00:2026-06-08T08:00:00+00:00
0.0,0.017186737500000004,0.05728912500000001,0.3611258624999989,0.0,S2,EXECUTION_STRESS,3,D2-cb237b14dd2e1af4,SNDKUSDT,US_STOCK:2026-06-05T20:00:00+00:00:2026-06-08T08:00:00+00:00
0.0,0.04296684375000001,0.14322281250000002,0.9028146562499968,0.0,S3,EXECUTION_STRESS,3,D2-cb237b14dd2e1af4,SNDKUSDT,US_STOCK:2026-06-05T20:00:00+00:00:2026-06-08T08:00:00+00:00
,,,0.0,,D2-R3,EXECUTION_STRESS,10,D2-cb237b14dd2e1af4,SNDKUSDT,US_STOCK:2026-06-05T20:00:00+00:00:2026-06-08T08:00:00+00:00
,,,0.0,,S0,EXECUTION_STRESS,10,D2-cb237b14dd2e1af4,SNDKUSDT,US_STOCK:2026-06-05T20:00:00+00:00:2026-06-08T08:00:00+00:00
0.0,0.0,0.0,0.0,0.0,S1,EXECUTION_STRESS,10,D2-cb237b14dd2e1af4,SNDKUSDT,US_STOCK:2026-06-05T20:00:00+00:00:2026-06-08T08:00:00+00:00
0.0,0.017186737500000004,0.05728912500000001,0.3611258624999989,0.0,S2,EXECUTION_STRESS,10,D2-cb237b14dd2e1af4,SNDKUSDT,US_STOCK:2026-06-05T20:00:00+00:00:2026-06-08T08:00:00+00:00
0.0,0.04296684375000001,0.14322281250000002,0.9028146562499968,0.0,S3,EXECUTION_STRESS,10,D2-cb237b14dd2e1af4,SNDKUSDT,US_STOCK:2026-06-05T20:00:00+00:00:2026-06-08T08:00:00+00:00
,,,0.0,,D2-R3,EXECUTION_STRESS,17,D2-cb237b14dd2e1af4,SNDKUSDT,US_STOCK:2026-06-05T20:00:00+00:00:2026-06-08T08:00:00+00:00
,,,0.0,,S0,EXECUTION_STRESS,17,D2-cb237b14dd2e1af4,SNDKUSDT,US_STOCK:2026-06-05T20:00:00+00:00:2026-06-08T08:00:00+00:00
0.0,0.0,0.0,0.0,0.0,S1,EXECUTION_STRESS,17,D2-cb237b14dd2e1af4,SNDKUSDT,US_STOCK:2026-06-05T20:00:00+00:00:2026-06-08T08:00:00+00:00
0.0,0.017186737500000004,0.05728912500000001,0.3611258624999989,0.0,S2,EXECUTION_STRESS,17,D2-cb237b14dd2e1af4,SNDKUSDT,US_STOCK:2026-06-05T20:00:00+00:00:2026-06-08T08:00:00+00:00
0.0,0.04296684375000001,0.14322281250000002,0.9028146562499968,0.0,S3,EXECUTION_STRESS,17,D2-cb237b14dd2e1af4,SNDKUSDT,US_STOCK:2026-06-05T20:00:00+00:00:2026-06-08T08:00:00+00:00
,,,0.0,,D2-R3,EXECUTION_STRESS,31,D2-cb237b14dd2e1af4,SNDKUSDT,US_STOCK:2026-06-05T20:00:00+00:00:2026-06-08T08:00:00+00:00
,,,0.0,,S0,EXECUTION_STRESS,31,D2-cb237b14dd2e1af4,SNDKUSDT,US_STOCK:2026-06-05T20:00:00+00:00:2026-06-08T08:00:00+00:00
0.0,0.0,0.0,0.0,0.0,S1,EXECUTION_STRESS,31,D2-cb237b14dd2e1af4,SNDKUSDT,US_STOCK:2026-06-05T20:00:00+00:00:2026-06-08T08:00:00+00:00
0.0,0.017186737500000004,0.05728912500000001,0.3611258624999989,0.0,S2,EXECUTION_STRESS,31,D2-cb237b14dd2e1af4,SNDKUSDT,US_STOCK:2026-06-05T20:00:00+00:00:2026-06-08T08:00:00+00:00
0.0,0.04296684375000001,0.14322281250000002,0.9028146562499968,0.0,S3,EXECUTION_STRESS,31,D2-cb237b14dd2e1af4,SNDKUSDT,US_STOCK:2026-06-05T20:00:00+00:00:2026-06-08T08:00:00+00:00
,,,0.0,,D2-R3,EXECUTION_STRESS,59,D2-cb237b14dd2e1af4,SNDKUSDT,US_STOCK:2026-06-05T20:00:00+00:00:2026-06-08T08:00:00+00:00
,,,0.0,,S0,EXECUTION_STRESS,59,D2-cb237b14dd2e1af4,SNDKUSDT,US_STOCK:2026-06-05T20:00:00+00:00:2026-06-08T08:00:00+00:00
0.0,0.0,0.0,0.0,0.0,S1,EXECUTION_STRESS,59,D2-cb237b14dd2e1af4,SNDKUSDT,US_STOCK:2026-06-05T20:00:00+00:00:2026-06-08T08:00:00+00:00
0.0,0.017186737500000004,0.05728912500000001,0.3611258624999989,0.0,S2,EXECUTION_STRESS,59,D2-cb237b14dd2e1af4,SNDKUSDT,US_STOCK:2026-06-05T20:00:00+00:00:2026-06-08T08:00:00+00:00
0.0,0.04296684375000001,0.14322281250000002,0.9028146562499968,0.0,S3,EXECUTION_STRESS,59,D2-cb237b14dd2e1af4,SNDKUSDT,US_STOCK:2026-06-05T20:00:00+00:00:2026-06-08T08:00:00+00:00
,,,0.0,,D2-R3,EXECUTION_STRESS,97,D2-cb237b14dd2e1af4,SNDKUSDT,US_STOCK:2026-06-05T20:00:00+00:00:2026-06-08T08:00:00+00:00
,,,0.0,,S0,EXECUTION_STRESS,97,D2-cb237b14dd2e1af4,SNDKUSDT,US_STOCK:2026-06-05T20:00:00+00:00:2026-06-08T08:00:00+00:00
0.0,0.0,0.0,0.0,0.0,S1,EXECUTION_STRESS,97,D2-cb237b14dd2e1af4,SNDKUSDT,US_STOCK:2026-06-05T20:00:00+00:00:2026-06-08T08:00:00+00:00
0.0,0.017186737500000004,0.05728912500000001,0.3611258624999989,0.0,S2,EXECUTION_STRESS,97,D2-cb237b14dd2e1af4,SNDKUSDT,US_STOCK:2026-06-05T20:00:00+00:00:2026-06-08T08:00:00+00:00
0.0,0.04296684375000001,0.14322281250000002,0.9028146562499968,0.0,S3,EXECUTION_STRESS,97,D2-cb237b14dd2e1af4,SNDKUSDT,US_STOCK:2026-06-05T20:00:00+00:00:2026-06-08T08:00:00+00:00
,,,0.0,,D2-R3,MAKER_PROMO_OFF,3,D2-cb237b14dd2e1af4,SNDKUSDT,US_STOCK:2026-06-05T20:00:00+00:00:2026-06-08T08:00:00+00:00
,,,0.0,,S0,MAKER_PROMO_OFF,3,D2-cb237b14dd2e1af4,SNDKUSDT,US_STOCK:2026-06-05T20:00:00+00:00:2026-06-08T08:00:00+00:00
0.0,0.0,0.0,0.0,0.0,S1,MAKER_PROMO_OFF,3,D2-cb237b14dd2e1af4,SNDKUSDT,US_STOCK:2026-06-05T20:00:00+00:00:2026-06-08T08:00:00+00:00
0.0,0.011457825000000003,0.03437347500000001,0.33248129999999865,0.0,S2,MAKER_PROMO_OFF,3,D2-cb237b14dd2e1af4,SNDKUSDT,US_STOCK:2026-06-05T20:00:00+00:00:2026-06-08T08:00:00+00:00
0.0,0.02864456250000001,0.08593368750000002,0.8312032499999962,0.0,S3,MAKER_PROMO_OFF,3,D2-cb237b14dd2e1af4,SNDKUSDT,US_STOCK:2026-06-05T20:00:00+00:00:2026-06-08T08:00:00+00:00
,,,0.0,,D2-R3,MAKER_PROMO_OFF,10,D2-cb237b14dd2e1af4,SNDKUSDT,US_STOCK:2026-06-05T20:00:00+00:00:2026-06-08T08:00:00+00:00
,,,0.0,,S0,MAKER_PROMO_OFF,10,D2-cb237b14dd2e1af4,SNDKUSDT,US_STOCK:2026-06-05T20:00:00+00:00:2026-06-08T08:00:00+00:00
0.0,0.0,0.0,0.0,0.0,S1,MAKER_PROMO_OFF,10,D2-cb237b14dd2e1af4,SNDKUSDT,US_STOCK:2026-06-05T20:00:00+00:00:2026-06-08T08:00:00+00:00
0.0,0.011457825000000003,0.03437347500000001,0.33248129999999865,0.0,S2,MAKER_PROMO_OFF,10,D2-cb237b14dd2e1af4,SNDKUSDT,US_STOCK:2026-06-05T20:00:00+00:00:2026-06-08T08:00:00+00:00
0.0,0.02864456250000001,0.08593368750000002,0.8312032499999962,0.0,S3,MAKER_PROMO_OFF,10,D2-cb237b14dd2e1af4,SNDKUSDT,US_STOCK:2026-06-05T20:00:00+00:00:2026-06-08T08:00:00+00:00
,,,0.0,,D2-R3,MAKER_PROMO_OFF,17,D2-cb237b14dd2e1af4,SNDKUSDT,US_STOCK:2026-06-05T20:00:00+00:00:2026-06-08T08:00:00+00:00
,,,0.0,,S0,MAKER_PROMO_OFF,17,D2-cb237b14dd2e1af4,SNDKUSDT,US_STOCK:2026-06-05T20:00:00+00:00:2026-06-08T08:00:00+00:00
0.0,0.0,0.0,0.0,0.0,S1,MAKER_PROMO_OFF,17,D2-cb237b14dd2e1af4,SNDKUSDT,US_STOCK:2026-06-05T20:00:00+00:00:2026-06-08T08:00:00+00:00
0.0,0.011457825000000003,0.03437347500000001,0.33248129999999865,0.0,S2,MAKER_PROMO_OFF,17,D2-cb237b14dd2e1af4,SNDKUSDT,US_STOCK:2026-06-05T20:00:00+00:00:2026-06-08T08:00:00+00:00
0.0,0.02864456250000001,0.08593368750000002,0.8312032499999962,0.0,S3,MAKER_PROMO_OFF,17,D2-cb237b14dd2e1af4,SNDKUSDT,US_STOCK:2026-06-05T20:00:00+00:00:2026-06-08T08:00:00+00:00
,,,0.0,,D2-R3,MAKER_PROMO_OFF,31,D2-cb237b14dd2e1af4,SNDKUSDT,US_STOCK:2026-06-05T20:00:00+00:00:2026-06-08T08:00:00+00:00
,,,0.0,,S0,MAKER_PROMO_OFF,31,D2-cb237b14dd2e1af4,SNDKUSDT,US_STOCK:2026-06-05T20:00:00+00:00:2026-06-08T08:00:00+00:00
0.0,0.0,0.0,0.0,0.0,S1,MAKER_PROMO_OFF,31,D2-cb237b14dd2e1af4,SNDKUSDT,US_STOCK:2026-06-05T20:00:00+00:00:2026-06-08T08:00:00+00:00
0.0,0.011457825000000003,0.03437347500000001,0.33248129999999865,0.0,S2,MAKER_PROMO_OFF,31,D2-cb237b14dd2e1af4,SNDKUSDT,US_STOCK:2026-06-05T20:00:00+00:00:2026-06-08T08:00:00+00:00
0.0,0.02864456250000001,0.08593368750000002,0.8312032499999962,0.0,S3,MAKER_PROMO_OFF,31,D2-cb237b14dd2e1af4,SNDKUSDT,US_STOCK:2026-06-05T20:00:00+00:00:2026-06-08T08:00:00+00:00
,,,0.0,,D2-R3,MAKER_PROMO_OFF,59,D2-cb237b14dd2e1af4,SNDKUSDT,US_STOCK:2026-06-05T20:00:00+00:00:2026-06-08T08:00:00+00:00
,,,0.0,,S0,MAKER_PROMO_OFF,59,D2-cb237b14dd2e1af4,SNDKUSDT,US_STOCK:2026-06-05T20:00:00+00:00:2026-06-08T08:00:00+00:00
0.0,0.0,0.0,0.0,0.0,S1,MAKER_PROMO_OFF,59,D2-cb237b14dd2e1af4,SNDKUSDT,US_STOCK:2026-06-05T20:00:00+00:00:2026-06-08T08:00:00+00:00
0.0,0.011457825000000003,0.03437347500000001,0.33248129999999865,0.0,S2,MAKER_PROMO_OFF,59,D2-cb237b14dd2e1af4,SNDKUSDT,US_STOCK:2026-06-05T20:00:00+00:00:2026-06-08T08:00:00+00:00
0.0,0.02864456250000001,0.08593368750000002,0.8312032499999962,0.0,S3,MAKER_PROMO_OFF,59,D2-cb237b14dd2e1af4,SNDKUSDT,US_STOCK:2026-06-05T20:00:00+00:00:2026-06-08T08:00:00+00:00
,,,0.0,,D2-R3,MAKER_PROMO_OFF,97,D2-cb237b14dd2e1af4,SNDKUSDT,US_STOCK:2026-06-05T20:00:00+00:00:2026-06-08T08:00:00+00:00
,,,0.0,,S0,MAKER_PROMO_OFF,97,D2-cb237b14dd2e1af4,SNDKUSDT,US_STOCK:2026-06-05T20:00:00+00:00:2026-06-08T08:00:00+00:00
0.0,0.0,0.0,0.0,0.0,S1,MAKER_PROMO_OFF,97,D2-cb237b14dd2e1af4,SNDKUSDT,US_STOCK:2026-06-05T20:00:00+00:00:2026-06-08T08:00:00+00:00
0.0,0.011457825000000003,0.03437347500000001,0.33248129999999865,0.0,S2,MAKER_PROMO_OFF,97,D2-cb237b14dd2e1af4,SNDKUSDT,US_STOCK:2026-06-05T20:00:00+00:00:2026-06-08T08:00:00+00:00
0.0,0.02864456250000001,0.08593368750000002,0.8312032499999962,0.0,S3,MAKER_PROMO_OFF,97,D2-cb237b14dd2e1af4,SNDKUSDT,US_STOCK:2026-06-05T20:00:00+00:00:2026-06-08T08:00:00+00:00
,,,0.0,,D2-R3,PRIMARY_ZERO_MAKER,3,D2-26e2b0070e7b30d2,SNDKUSDT,US_STOCK:2026-06-18T20:00:00+00:00:2026-06-22T08:00:00+00:00
,,,0.0,,S0,PRIMARY_ZERO_MAKER,3,D2-26e2b0070e7b30d2,SNDKUSDT,US_STOCK:2026-06-18T20:00:00+00:00:2026-06-22T08:00:00+00:00
0.0,0.0,0.0,0.0,0.0,S1,PRIMARY_ZERO_MAKER,3,D2-26e2b0070e7b30d2,SNDKUSDT,US_STOCK:2026-06-18T20:00:00+00:00:2026-06-22T08:00:00+00:00
0.0,0.011331700000000004,0.022663400000000007,0.2605951000000033,0.0,S2,PRIMARY_ZERO_MAKER,3,D2-26e2b0070e7b30d2,SNDKUSDT,US_STOCK:2026-06-18T20:00:00+00:00:2026-06-22T08:00:00+00:00
0.0,0.028329250000000004,0.0566585,0.6514877500000074,0.0,S3,PRIMARY_ZERO_MAKER,3,D2-26e2b0070e7b30d2,SNDKUSDT,US_STOCK:2026-06-18T20:00:00+00:00:2026-06-22T08:00:00+00:00
,,,0.0,,D2-R3,PRIMARY_ZERO_MAKER,10,D2-26e2b0070e7b30d2,SNDKUSDT,US_STOCK:2026-06-18T20:00:00+00:00:2026-06-22T08:00:00+00:00
,,,0.0,,S0,PRIMARY_ZERO_MAKER,10,D2-26e2b0070e7b30d2,SNDKUSDT,US_STOCK:2026-06-18T20:00:00+00:00:2026-06-22T08:00:00+00:00
0.0,0.0,0.0,0.0,0.0,S1,PRIMARY_ZERO_MAKER,10,D2-26e2b0070e7b30d2,SNDKUSDT,US_STOCK:2026-06-18T20:00:00+00:00:2026-06-22T08:00:00+00:00
0.0,0.011331700000000004,0.022663400000000007,0.2605951000000033,0.0,S2,PRIMARY_ZERO_MAKER,10,D2-26e2b0070e7b30d2,SNDKUSDT,US_STOCK:2026-06-18T20:00:00+00:00:2026-06-22T08:00:00+00:00
0.0,0.028329250000000004,0.0566585,0.6514877500000074,0.0,S3,PRIMARY_ZERO_MAKER,10,D2-26e2b0070e7b30d2,SNDKUSDT,US_STOCK:2026-06-18T20:00:00+00:00:2026-06-22T08:00:00+00:00
,,,0.0,,D2-R3,PRIMARY_ZERO_MAKER,17,D2-26e2b0070e7b30d2,SNDKUSDT,US_STOCK:2026-06-18T20:00:00+00:00:2026-06-22T08:00:00+00:00
,,,0.0,,S0,PRIMARY_ZERO_MAKER,17,D2-26e2b0070e7b30d2,SNDKUSDT,US_STOCK:2026-06-18T20:00:00+00:00:2026-06-22T08:00:00+00:00
0.0,0.0,0.0,0.0,0.0,S1,PRIMARY_ZERO_MAKER,17,D2-26e2b0070e7b30d2,SNDKUSDT,US_STOCK:2026-06-18T20:00:00+00:00:2026-06-22T08:00:00+00:00
0.0,0.011331700000000004,0.022663400000000007,0.2605951000000033,0.0,S2,PRIMARY_ZERO_MAKER,17,D2-26e2b0070e7b30d2,SNDKUSDT,US_STOCK:2026-06-18T20:00:00+00:00:2026-06-22T08:00:00+00:00
0.0,0.028329250000000004,0.0566585,0.6514877500000074,0.0,S3,PRIMARY_ZERO_MAKER,17,D2-26e2b0070e7b30d2,SNDKUSDT,US_STOCK:2026-06-18T20:00:00+00:00:2026-06-22T08:00:00+00:00
,,,0.0,,D2-R3,PRIMARY_ZERO_MAKER,31,D2-26e2b0070e7b30d2,SNDKUSDT,US_STOCK:2026-06-18T20:00:00+00:00:2026-06-22T08:00:00+00:00
,,,0.0,,S0,PRIMARY_ZERO_MAKER,31,D2-26e2b0070e7b30d2,SNDKUSDT,US_STOCK:2026-06-18T20:00:00+00:00:2026-06-22T08:00:00+00:00
0.0,0.0,0.0,0.0,0.0,S1,PRIMARY_ZERO_MAKER,31,D2-26e2b0070e7b30d2,SNDKUSDT,US_STOCK:2026-06-18T20:00:00+00:00:2026-06-22T08:00:00+00:00
0.0,0.011331700000000004,0.022663400000000007,0.2605951000000033,0.0,S2,PRIMARY_ZERO_MAKER,31,D2-26e2b0070e7b30d2,SNDKUSDT,US_STOCK:2026-06-18T20:00:00+00:00:2026-06-22T08:00:00+00:00
0.0,0.028329250000000004,0.0566585,0.6514877500000074,0.0,S3,PRIMARY_ZERO_MAKER,31,D2-26e2b0070e7b30d2,SNDKUSDT,US_STOCK:2026-06-18T20:00:00+00:00:2026-06-22T08:00:00+00:00
,,,0.0,,D2-R3,PRIMARY_ZERO_MAKER,59,D2-26e2b0070e7b30d2,SNDKUSDT,US_STOCK:2026-06-18T20:00:00+00:00:2026-06-22T08:00:00+00:00
,,,0.0,,S0,PRIMARY_ZERO_MAKER,59,D2-26e2b0070e7b30d2,SNDKUSDT,US_STOCK:2026-06-18T20:00:00+00:00:2026-06-22T08:00:00+00:00
0.0,0.0,0.0,0.0,0.0,S1,PRIMARY_ZERO_MAKER,59,D2-26e2b0070e7b30d2,SNDKUSDT,US_STOCK:2026-06-18T20:00:00+00:00:2026-06-22T08:00:00+00:00
0.0,0.011331700000000004,0.022663400000000007,0.26059510000000286,0.0,S2,PRIMARY_ZERO_MAKER,59,D2-26e2b0070e7b30d2,SNDKUSDT,US_STOCK:2026-06-18T20:00:00+00:00:2026-06-22T08:00:00+00:00
0.0,0.028329250000000004,0.0566585,0.6514877500000082,0.0,S3,PRIMARY_ZERO_MAKER,59,D2-26e2b0070e7b30d2,SNDKUSDT,US_STOCK:2026-06-18T20:00:00+00:00:2026-06-22T08:00:00+00:00
,,,0.0,,D2-R3,PRIMARY_ZERO_MAKER,97,D2-26e2b0070e7b30d2,SNDKUSDT,US_STOCK:2026-06-18T20:00:00+00:00:2026-06-22T08:00:00+00:00
,,,0.0,,S0,PRIMARY_ZERO_MAKER,97,D2-26e2b0070e7b30d2,SNDKUSDT,US_STOCK:2026-06-18T20:00:00+00:00:2026-06-22T08:00:00+00:00
0.0,0.0,0.0,0.0,0.0,S1,PRIMARY_ZERO_MAKER,97,D2-26e2b0070e7b30d2,SNDKUSDT,US_STOCK:2026-06-18T20:00:00+00:00:2026-06-22T08:00:00+00:00
0.0,0.011331700000000004,0.022663400000000007,0.26059510000000286,0.0,S2,PRIMARY_ZERO_MAKER,97,D2-26e2b0070e7b30d2,SNDKUSDT,US_STOCK:2026-06-18T20:00:00+00:00:2026-06-22T08:00:00+00:00
0.0,0.028329250000000004,0.0566585,0.6514877500000078,0.0,S3,PRIMARY_ZERO_MAKER,97,D2-26e2b0070e7b30d2,SNDKUSDT,US_STOCK:2026-06-18T20:00:00+00:00:2026-06-22T08:00:00+00:00
,,,0.0,,D2-R3,EXECUTION_STRESS,3,D2-26e2b0070e7b30d2,SNDKUSDT,US_STOCK:2026-06-18T20:00:00+00:00:2026-06-22T08:00:00+00:00
,,,0.0,,S0,EXECUTION_STRESS,3,D2-26e2b0070e7b30d2,SNDKUSDT,US_STOCK:2026-06-18T20:00:00+00:00:2026-06-22T08:00:00+00:00
0.0,0.0,0.0,0.0,0.0,S1,EXECUTION_STRESS,3,D2-26e2b0070e7b30d2,SNDKUSDT,US_STOCK:2026-06-18T20:00:00+00:00:2026-06-22T08:00:00+00:00
0.0,0.016997550000000004,0.056658500000000014,0.3002560500000033,0.0,S2,EXECUTION_STRESS,3,D2-26e2b0070e7b30d2,SNDKUSDT,US_STOCK:2026-06-18T20:00:00+00:00:2026-06-22T08:00:00+00:00
0.0,0.042493875,0.14164625,0.7506401250000077,0.0,S3,EXECUTION_STRESS,3,D2-26e2b0070e7b30d2,SNDKUSDT,US_STOCK:2026-06-18T20:00:00+00:00:2026-06-22T08:00:00+00:00
,,,0.0,,D2-R3,EXECUTION_STRESS,10,D2-26e2b0070e7b30d2,SNDKUSDT,US_STOCK:2026-06-18T20:00:00+00:00:2026-06-22T08:00:00+00:00
,,,0.0,,S0,EXECUTION_STRESS,10,D2-26e2b0070e7b30d2,SNDKUSDT,US_STOCK:2026-06-18T20:00:00+00:00:2026-06-22T08:00:00+00:00
0.0,0.0,0.0,0.0,0.0,S1,EXECUTION_STRESS,10,D2-26e2b0070e7b30d2,SNDKUSDT,US_STOCK:2026-06-18T20:00:00+00:00:2026-06-22T08:00:00+00:00
0.0,0.016997550000000004,0.056658500000000014,0.3002560500000033,0.0,S2,EXECUTION_STRESS,10,D2-26e2b0070e7b30d2,SNDKUSDT,US_STOCK:2026-06-18T20:00:00+00:00:2026-06-22T08:00:00+00:00
0.0,0.042493875,0.14164625,0.7506401250000079,0.0,S3,EXECUTION_STRESS,10,D2-26e2b0070e7b30d2,SNDKUSDT,US_STOCK:2026-06-18T20:00:00+00:00:2026-06-22T08:00:00+00:00
,,,0.0,,D2-R3,EXECUTION_STRESS,17,D2-26e2b0070e7b30d2,SNDKUSDT,US_STOCK:2026-06-18T20:00:00+00:00:2026-06-22T08:00:00+00:00
,,,0.0,,S0,EXECUTION_STRESS,17,D2-26e2b0070e7b30d2,SNDKUSDT,US_STOCK:2026-06-18T20:00:00+00:00:2026-06-22T08:00:00+00:00
0.0,0.0,0.0,0.0,0.0,S1,EXECUTION_STRESS,17,D2-26e2b0070e7b30d2,SNDKUSDT,US_STOCK:2026-06-18T20:00:00+00:00:2026-06-22T08:00:00+00:00
0.0,0.016997550000000004,0.056658500000000014,0.3002560500000033,0.0,S2,EXECUTION_STRESS,17,D2-26e2b0070e7b30d2,SNDKUSDT,US_STOCK:2026-06-18T20:00:00+00:00:2026-06-22T08:00:00+00:00
0.0,0.042493875,0.14164625,0.7506401250000079,0.0,S3,EXECUTION_STRESS,17,D2-26e2b0070e7b30d2,SNDKUSDT,US_STOCK:2026-06-18T20:00:00+00:00:2026-06-22T08:00:00+00:00
,,,0.0,,D2-R3,EXECUTION_STRESS,31,D2-26e2b0070e7b30d2,SNDKUSDT,US_STOCK:2026-06-18T20:00:00+00:00:2026-06-22T08:00:00+00:00
,,,0.0,,S0,EXECUTION_STRESS,31,D2-26e2b0070e7b30d2,SNDKUSDT,US_STOCK:2026-06-18T20:00:00+00:00:2026-06-22T08:00:00+00:00
0.0,0.0,0.0,0.0,0.0,S1,EXECUTION_STRESS,31,D2-26e2b0070e7b30d2,SNDKUSDT,US_STOCK:2026-06-18T20:00:00+00:00:2026-06-22T08:00:00+00:00
0.0,0.016997550000000004,0.056658500000000014,0.3002560500000033,0.0,S2,EXECUTION_STRESS,31,D2-26e2b0070e7b30d2,SNDKUSDT,US_STOCK:2026-06-18T20:00:00+00:00:2026-06-22T08:00:00+00:00
0.0,0.042493875,0.14164625,0.7506401250000077,0.0,S3,EXECUTION_STRESS,31,D2-26e2b0070e7b30d2,SNDKUSDT,US_STOCK:2026-06-18T20:00:00+00:00:2026-06-22T08:00:00+00:00
,,,0.0,,D2-R3,EXECUTION_STRESS,59,D2-26e2b0070e7b30d2,SNDKUSDT,US_STOCK:2026-06-18T20:00:00+00:00:2026-06-22T08:00:00+00:00
,,,0.0,,S0,EXECUTION_STRESS,59,D2-26e2b0070e7b30d2,SNDKUSDT,US_STOCK:2026-06-18T20:00:00+00:00:2026-06-22T08:00:00+00:00
0.0,0.0,0.0,0.0,0.0,S1,EXECUTION_STRESS,59,D2-26e2b0070e7b30d2,SNDKUSDT,US_STOCK:2026-06-18T20:00:00+00:00:2026-06-22T08:00:00+00:00
0.0,0.016997550000000004,0.056658500000000014,0.3002560500000033,0.0,S2,EXECUTION_STRESS,59,D2-26e2b0070e7b30d2,SNDKUSDT,US_STOCK:2026-06-18T20:00:00+00:00:2026-06-22T08:00:00+00:00
0.0,0.042493875,0.14164625,0.7506401250000077,0.0,S3,EXECUTION_STRESS,59,D2-26e2b0070e7b30d2,SNDKUSDT,US_STOCK:2026-06-18T20:00:00+00:00:2026-06-22T08:00:00+00:00
,,,0.0,,D2-R3,EXECUTION_STRESS,97,D2-26e2b0070e7b30d2,SNDKUSDT,US_STOCK:2026-06-18T20:00:00+00:00:2026-06-22T08:00:00+00:00
,,,0.0,,S0,EXECUTION_STRESS,97,D2-26e2b0070e7b30d2,SNDKUSDT,US_STOCK:2026-06-18T20:00:00+00:00:2026-06-22T08:00:00+00:00
0.0,0.0,0.0,0.0,0.0,S1,EXECUTION_STRESS,97,D2-26e2b0070e7b30d2,SNDKUSDT,US_STOCK:2026-06-18T20:00:00+00:00:2026-06-22T08:00:00+00:00
0.0,0.016997550000000004,0.056658500000000014,0.3002560500000033,0.0,S2,EXECUTION_STRESS,97,D2-26e2b0070e7b30d2,SNDKUSDT,US_STOCK:2026-06-18T20:00:00+00:00:2026-06-22T08:00:00+00:00
0.0,0.042493875,0.14164625,0.7506401250000079,0.0,S3,EXECUTION_STRESS,97,D2-26e2b0070e7b30d2,SNDKUSDT,US_STOCK:2026-06-18T20:00:00+00:00:2026-06-22T08:00:00+00:00
,,,0.0,,D2-R3,MAKER_PROMO_OFF,3,D2-26e2b0070e7b30d2,SNDKUSDT,US_STOCK:2026-06-18T20:00:00+00:00:2026-06-22T08:00:00+00:00
,,,0.0,,S0,MAKER_PROMO_OFF,3,D2-26e2b0070e7b30d2,SNDKUSDT,US_STOCK:2026-06-18T20:00:00+00:00:2026-06-22T08:00:00+00:00
0.0,0.0,0.0,0.0,0.0,S1,MAKER_PROMO_OFF,3,D2-26e2b0070e7b30d2,SNDKUSDT,US_STOCK:2026-06-18T20:00:00+00:00:2026-06-22T08:00:00+00:00
0.0,0.011331700000000004,0.03399510000000001,0.2719268000000028,0.0,S2,MAKER_PROMO_OFF,3,D2-26e2b0070e7b30d2,SNDKUSDT,US_STOCK:2026-06-18T20:00:00+00:00:2026-06-22T08:00:00+00:00
0.0,0.028329250000000004,0.08498775,0.6798170000000079,0.0,S3,MAKER_PROMO_OFF,3,D2-26e2b0070e7b30d2,SNDKUSDT,US_STOCK:2026-06-18T20:00:00+00:00:2026-06-22T08:00:00+00:00
,,,0.0,,D2-R3,MAKER_PROMO_OFF,10,D2-26e2b0070e7b30d2,SNDKUSDT,US_STOCK:2026-06-18T20:00:00+00:00:2026-06-22T08:00:00+00:00
,,,0.0,,S0,MAKER_PROMO_OFF,10,D2-26e2b0070e7b30d2,SNDKUSDT,US_STOCK:2026-06-18T20:00:00+00:00:2026-06-22T08:00:00+00:00
0.0,0.0,0.0,0.0,0.0,S1,MAKER_PROMO_OFF,10,D2-26e2b0070e7b30d2,SNDKUSDT,US_STOCK:2026-06-18T20:00:00+00:00:2026-06-22T08:00:00+00:00
0.0,0.011331700000000004,0.03399510000000001,0.2719268000000028,0.0,S2,MAKER_PROMO_OFF,10,D2-26e2b0070e7b30d2,SNDKUSDT,US_STOCK:2026-06-18T20:00:00+00:00:2026-06-22T08:00:00+00:00
0.0,0.028329250000000004,0.08498775,0.6798170000000079,0.0,S3,MAKER_PROMO_OFF,10,D2-26e2b0070e7b30d2,SNDKUSDT,US_STOCK:2026-06-18T20:00:00+00:00:2026-06-22T08:00:00+00:00
,,,0.0,,D2-R3,MAKER_PROMO_OFF,17,D2-26e2b0070e7b30d2,SNDKUSDT,US_STOCK:2026-06-18T20:00:00+00:00:2026-06-22T08:00:00+00:00
,,,0.0,,S0,MAKER_PROMO_OFF,17,D2-26e2b0070e7b30d2,SNDKUSDT,US_STOCK:2026-06-18T20:00:00+00:00:2026-06-22T08:00:00+00:00
0.0,0.0,0.0,0.0,0.0,S1,MAKER_PROMO_OFF,17,D2-26e2b0070e7b30d2,SNDKUSDT,US_STOCK:2026-06-18T20:00:00+00:00:2026-06-22T08:00:00+00:00
0.0,0.011331700000000004,0.03399510000000001,0.2719268000000037,0.0,S2,MAKER_PROMO_OFF,17,D2-26e2b0070e7b30d2,SNDKUSDT,US_STOCK:2026-06-18T20:00:00+00:00:2026-06-22T08:00:00+00:00
0.0,0.028329250000000004,0.08498775,0.679817000000007,0.0,S3,MAKER_PROMO_OFF,17,D2-26e2b0070e7b30d2,SNDKUSDT,US_STOCK:2026-06-18T20:00:00+00:00:2026-06-22T08:00:00+00:00
,,,0.0,,D2-R3,MAKER_PROMO_OFF,31,D2-26e2b0070e7b30d2,SNDKUSDT,US_STOCK:2026-06-18T20:00:00+00:00:2026-06-22T08:00:00+00:00
,,,0.0,,S0,MAKER_PROMO_OFF,31,D2-26e2b0070e7b30d2,SNDKUSDT,US_STOCK:2026-06-18T20:00:00+00:00:2026-06-22T08:00:00+00:00
0.0,0.0,0.0,0.0,0.0,S1,MAKER_PROMO_OFF,31,D2-26e2b0070e7b30d2,SNDKUSDT,US_STOCK:2026-06-18T20:00:00+00:00:2026-06-22T08:00:00+00:00
0.0,0.011331700000000004,0.03399510000000001,0.2719268000000037,0.0,S2,MAKER_PROMO_OFF,31,D2-26e2b0070e7b30d2,SNDKUSDT,US_STOCK:2026-06-18T20:00:00+00:00:2026-06-22T08:00:00+00:00
0.0,0.028329250000000004,0.08498775,0.679817000000007,0.0,S3,MAKER_PROMO_OFF,31,D2-26e2b0070e7b30d2,SNDKUSDT,US_STOCK:2026-06-18T20:00:00+00:00:2026-06-22T08:00:00+00:00
,,,0.0,,D2-R3,MAKER_PROMO_OFF,59,D2-26e2b0070e7b30d2,SNDKUSDT,US_STOCK:2026-06-18T20:00:00+00:00:2026-06-22T08:00:00+00:00
,,,0.0,,S0,MAKER_PROMO_OFF,59,D2-26e2b0070e7b30d2,SNDKUSDT,US_STOCK:2026-06-18T20:00:00+00:00:2026-06-22T08:00:00+00:00
0.0,0.0,0.0,0.0,0.0,S1,MAKER_PROMO_OFF,59,D2-26e2b0070e7b30d2,SNDKUSDT,US_STOCK:2026-06-18T20:00:00+00:00:2026-06-22T08:00:00+00:00
0.0,0.011331700000000004,0.03399510000000001,0.2719268000000028,0.0,S2,MAKER_PROMO_OFF,59,D2-26e2b0070e7b30d2,SNDKUSDT,US_STOCK:2026-06-18T20:00:00+00:00:2026-06-22T08:00:00+00:00
0.0,0.028329250000000004,0.08498775,0.6798170000000079,0.0,S3,MAKER_PROMO_OFF,59,D2-26e2b0070e7b30d2,SNDKUSDT,US_STOCK:2026-06-18T20:00:00+00:00:2026-06-22T08:00:00+00:00
,,,0.0,,D2-R3,MAKER_PROMO_OFF,97,D2-26e2b0070e7b30d2,SNDKUSDT,US_STOCK:2026-06-18T20:00:00+00:00:2026-06-22T08:00:00+00:00
,,,0.0,,S0,MAKER_PROMO_OFF,97,D2-26e2b0070e7b30d2,SNDKUSDT,US_STOCK:2026-06-18T20:00:00+00:00:2026-06-22T08:00:00+00:00
0.0,0.0,0.0,0.0,0.0,S1,MAKER_PROMO_OFF,97,D2-26e2b0070e7b30d2,SNDKUSDT,US_STOCK:2026-06-18T20:00:00+00:00:2026-06-22T08:00:00+00:00
0.0,0.011331700000000004,0.03399510000000001,0.2719268000000028,0.0,S2,MAKER_PROMO_OFF,97,D2-26e2b0070e7b30d2,SNDKUSDT,US_STOCK:2026-06-18T20:00:00+00:00:2026-06-22T08:00:00+00:00
0.0,0.028329250000000004,0.08498775,0.6798170000000079,0.0,S3,MAKER_PROMO_OFF,97,D2-26e2b0070e7b30d2,SNDKUSDT,US_STOCK:2026-06-18T20:00:00+00:00:2026-06-22T08:00:00+00:00
,,,0.0,,D2-R3,PRIMARY_ZERO_MAKER,3,D2-2a53b8b913c713d1,MUUSDT,US_STOCK:2026-05-08T20:00:00+00:00:2026-05-11T08:00:00+00:00
,,,0.0,,S0,PRIMARY_ZERO_MAKER,3,D2-2a53b8b913c713d1,MUUSDT,US_STOCK:2026-05-08T20:00:00+00:00:2026-05-11T08:00:00+00:00
0.0,0.0,0.0,0.0,0.0,S1,PRIMARY_ZERO_MAKER,3,D2-2a53b8b913c713d1,MUUSDT,US_STOCK:2026-05-08T20:00:00+00:00:2026-05-11T08:00:00+00:00
0.0,0.01249362,0.02498724,0.19682085999999943,0.0,S2,PRIMARY_ZERO_MAKER,3,D2-2a53b8b913c713d1,MUUSDT,US_STOCK:2026-05-08T20:00:00+00:00:2026-05-11T08:00:00+00:00
0.0,0.03123405,0.062468100000000006,0.4920521499999988,0.0,S3,PRIMARY_ZERO_MAKER,3,D2-2a53b8b913c713d1,MUUSDT,US_STOCK:2026-05-08T20:00:00+00:00:2026-05-11T08:00:00+00:00
,,,0.0,,D2-R3,PRIMARY_ZERO_MAKER,10,D2-2a53b8b913c713d1,MUUSDT,US_STOCK:2026-05-08T20:00:00+00:00:2026-05-11T08:00:00+00:00
,,,0.0,,S0,PRIMARY_ZERO_MAKER,10,D2-2a53b8b913c713d1,MUUSDT,US_STOCK:2026-05-08T20:00:00+00:00:2026-05-11T08:00:00+00:00
0.0,0.0,0.0,0.0,0.0,S1,PRIMARY_ZERO_MAKER,10,D2-2a53b8b913c713d1,MUUSDT,US_STOCK:2026-05-08T20:00:00+00:00:2026-05-11T08:00:00+00:00
0.0,0.01249362,0.02498724,0.19682085999999954,0.0,S2,PRIMARY_ZERO_MAKER,10,D2-2a53b8b913c713d1,MUUSDT,US_STOCK:2026-05-08T20:00:00+00:00:2026-05-11T08:00:00+00:00
0.0,0.03123405,0.062468100000000006,0.4920521499999989,0.0,S3,PRIMARY_ZERO_MAKER,10,D2-2a53b8b913c713d1,MUUSDT,US_STOCK:2026-05-08T20:00:00+00:00:2026-05-11T08:00:00+00:00
,,,0.0,,D2-R3,PRIMARY_ZERO_MAKER,17,D2-2a53b8b913c713d1,MUUSDT,US_STOCK:2026-05-08T20:00:00+00:00:2026-05-11T08:00:00+00:00
,,,0.0,,S0,PRIMARY_ZERO_MAKER,17,D2-2a53b8b913c713d1,MUUSDT,US_STOCK:2026-05-08T20:00:00+00:00:2026-05-11T08:00:00+00:00
0.0,0.0,0.0,0.0,0.0,S1,PRIMARY_ZERO_MAKER,17,D2-2a53b8b913c713d1,MUUSDT,US_STOCK:2026-05-08T20:00:00+00:00:2026-05-11T08:00:00+00:00
0.0,0.01249362,0.02498724,0.19682085999999954,0.0,S2,PRIMARY_ZERO_MAKER,17,D2-2a53b8b913c713d1,MUUSDT,US_STOCK:2026-05-08T20:00:00+00:00:2026-05-11T08:00:00+00:00
0.0,0.03123405,0.062468100000000006,0.4920521499999988,0.0,S3,PRIMARY_ZERO_MAKER,17,D2-2a53b8b913c713d1,MUUSDT,US_STOCK:2026-05-08T20:00:00+00:00:2026-05-11T08:00:00+00:00
,,,0.0,,D2-R3,PRIMARY_ZERO_MAKER,31,D2-2a53b8b913c713d1,MUUSDT,US_STOCK:2026-05-08T20:00:00+00:00:2026-05-11T08:00:00+00:00
,,,0.0,,S0,PRIMARY_ZERO_MAKER,31,D2-2a53b8b913c713d1,MUUSDT,US_STOCK:2026-05-08T20:00:00+00:00:2026-05-11T08:00:00+00:00
0.0,0.0,0.0,0.0,0.0,S1,PRIMARY_ZERO_MAKER,31,D2-2a53b8b913c713d1,MUUSDT,US_STOCK:2026-05-08T20:00:00+00:00:2026-05-11T08:00:00+00:00
0.0,0.01249362,0.02498724,0.19682085999999954,0.0,S2,PRIMARY_ZERO_MAKER,31,D2-2a53b8b913c713d1,MUUSDT,US_STOCK:2026-05-08T20:00:00+00:00:2026-05-11T08:00:00+00:00
0.0,0.03123405,0.062468100000000006,0.4920521499999989,0.0,S3,PRIMARY_ZERO_MAKER,31,D2-2a53b8b913c713d1,MUUSDT,US_STOCK:2026-05-08T20:00:00+00:00:2026-05-11T08:00:00+00:00
,,,0.0,,D2-R3,PRIMARY_ZERO_MAKER,59,D2-2a53b8b913c713d1,MUUSDT,US_STOCK:2026-05-08T20:00:00+00:00:2026-05-11T08:00:00+00:00
,,,0.0,,S0,PRIMARY_ZERO_MAKER,59,D2-2a53b8b913c713d1,MUUSDT,US_STOCK:2026-05-08T20:00:00+00:00:2026-05-11T08:00:00+00:00
0.0,0.0,0.0,0.0,0.0,S1,PRIMARY_ZERO_MAKER,59,D2-2a53b8b913c713d1,MUUSDT,US_STOCK:2026-05-08T20:00:00+00:00:2026-05-11T08:00:00+00:00
0.0,0.01249362,0.02498724,0.19682085999999965,0.0,S2,PRIMARY_ZERO_MAKER,59,D2-2a53b8b913c713d1,MUUSDT,US_STOCK:2026-05-08T20:00:00+00:00:2026-05-11T08:00:00+00:00
0.0,0.03123405,0.062468100000000006,0.4920521499999988,0.0,S3,PRIMARY_ZERO_MAKER,59,D2-2a53b8b913c713d1,MUUSDT,US_STOCK:2026-05-08T20:00:00+00:00:2026-05-11T08:00:00+00:00
,,,0.0,,D2-R3,PRIMARY_ZERO_MAKER,97,D2-2a53b8b913c713d1,MUUSDT,US_STOCK:2026-05-08T20:00:00+00:00:2026-05-11T08:00:00+00:00
,,,0.0,,S0,PRIMARY_ZERO_MAKER,97,D2-2a53b8b913c713d1,MUUSDT,US_STOCK:2026-05-08T20:00:00+00:00:2026-05-11T08:00:00+00:00
0.0,0.0,0.0,0.0,0.0,S1,PRIMARY_ZERO_MAKER,97,D2-2a53b8b913c713d1,MUUSDT,US_STOCK:2026-05-08T20:00:00+00:00:2026-05-11T08:00:00+00:00
0.0,0.01249362,0.02498724,0.19682085999999954,0.0,S2,PRIMARY_ZERO_MAKER,97,D2-2a53b8b913c713d1,MUUSDT,US_STOCK:2026-05-08T20:00:00+00:00:2026-05-11T08:00:00+00:00
0.0,0.03123405,0.062468100000000006,0.4920521499999989,0.0,S3,PRIMARY_ZERO_MAKER,97,D2-2a53b8b913c713d1,MUUSDT,US_STOCK:2026-05-08T20:00:00+00:00:2026-05-11T08:00:00+00:00
,,,0.0,,D2-R3,EXECUTION_STRESS,3,D2-2a53b8b913c713d1,MUUSDT,US_STOCK:2026-05-08T20:00:00+00:00:2026-05-11T08:00:00+00:00
,,,0.0,,S0,EXECUTION_STRESS,3,D2-2a53b8b913c713d1,MUUSDT,US_STOCK:2026-05-08T20:00:00+00:00:2026-05-11T08:00:00+00:00
0.0,0.0,0.0,0.0,0.0,S1,EXECUTION_STRESS,3,D2-2a53b8b913c713d1,MUUSDT,US_STOCK:2026-05-08T20:00:00+00:00:2026-05-11T08:00:00+00:00
0.0,0.01874043,0.062468100000000006,0.24054852999999898,0.0,S2,EXECUTION_STRESS,3,D2-2a53b8b913c713d1,MUUSDT,US_STOCK:2026-05-08T20:00:00+00:00:2026-05-11T08:00:00+00:00
0.0,0.046851075,0.15617025,0.6013713249999992,0.0,S3,EXECUTION_STRESS,3,D2-2a53b8b913c713d1,MUUSDT,US_STOCK:2026-05-08T20:00:00+00:00:2026-05-11T08:00:00+00:00
,,,0.0,,D2-R3,EXECUTION_STRESS,10,D2-2a53b8b913c713d1,MUUSDT,US_STOCK:2026-05-08T20:00:00+00:00:2026-05-11T08:00:00+00:00
,,,0.0,,S0,EXECUTION_STRESS,10,D2-2a53b8b913c713d1,MUUSDT,US_STOCK:2026-05-08T20:00:00+00:00:2026-05-11T08:00:00+00:00
0.0,0.0,0.0,0.0,0.0,S1,EXECUTION_STRESS,10,D2-2a53b8b913c713d1,MUUSDT,US_STOCK:2026-05-08T20:00:00+00:00:2026-05-11T08:00:00+00:00
0.0,0.01874043,0.062468100000000006,0.24054852999999957,0.0,S2,EXECUTION_STRESS,10,D2-2a53b8b913c713d1,MUUSDT,US_STOCK:2026-05-08T20:00:00+00:00:2026-05-11T08:00:00+00:00
0.0,0.046851075,0.15617025,0.601371324999999,0.0,S3,EXECUTION_STRESS,10,D2-2a53b8b913c713d1,MUUSDT,US_STOCK:2026-05-08T20:00:00+00:00:2026-05-11T08:00:00+00:00
,,,0.0,,D2-R3,EXECUTION_STRESS,17,D2-2a53b8b913c713d1,MUUSDT,US_STOCK:2026-05-08T20:00:00+00:00:2026-05-11T08:00:00+00:00
,,,0.0,,S0,EXECUTION_STRESS,17,D2-2a53b8b913c713d1,MUUSDT,US_STOCK:2026-05-08T20:00:00+00:00:2026-05-11T08:00:00+00:00
0.0,0.0,0.0,0.0,0.0,S1,EXECUTION_STRESS,17,D2-2a53b8b913c713d1,MUUSDT,US_STOCK:2026-05-08T20:00:00+00:00:2026-05-11T08:00:00+00:00
0.0,0.01874043,0.062468100000000006,0.2405485299999996,0.0,S2,EXECUTION_STRESS,17,D2-2a53b8b913c713d1,MUUSDT,US_STOCK:2026-05-08T20:00:00+00:00:2026-05-11T08:00:00+00:00
0.0,0.046851075,0.15617025,0.6013713249999989,0.0,S3,EXECUTION_STRESS,17,D2-2a53b8b913c713d1,MUUSDT,US_STOCK:2026-05-08T20:00:00+00:00:2026-05-11T08:00:00+00:00
,,,0.0,,D2-R3,EXECUTION_STRESS,31,D2-2a53b8b913c713d1,MUUSDT,US_STOCK:2026-05-08T20:00:00+00:00:2026-05-11T08:00:00+00:00
,,,0.0,,S0,EXECUTION_STRESS,31,D2-2a53b8b913c713d1,MUUSDT,US_STOCK:2026-05-08T20:00:00+00:00:2026-05-11T08:00:00+00:00
0.0,0.0,0.0,0.0,0.0,S1,EXECUTION_STRESS,31,D2-2a53b8b913c713d1,MUUSDT,US_STOCK:2026-05-08T20:00:00+00:00:2026-05-11T08:00:00+00:00
0.0,0.01874043,0.062468100000000006,0.24054852999999965,0.0,S2,EXECUTION_STRESS,31,D2-2a53b8b913c713d1,MUUSDT,US_STOCK:2026-05-08T20:00:00+00:00:2026-05-11T08:00:00+00:00
0.0,0.046851075,0.15617025,0.6013713249999988,0.0,S3,EXECUTION_STRESS,31,D2-2a53b8b913c713d1,MUUSDT,US_STOCK:2026-05-08T20:00:00+00:00:2026-05-11T08:00:00+00:00
,,,0.0,,D2-R3,EXECUTION_STRESS,59,D2-2a53b8b913c713d1,MUUSDT,US_STOCK:2026-05-08T20:00:00+00:00:2026-05-11T08:00:00+00:00
,,,0.0,,S0,EXECUTION_STRESS,59,D2-2a53b8b913c713d1,MUUSDT,US_STOCK:2026-05-08T20:00:00+00:00:2026-05-11T08:00:00+00:00
0.0,0.0,0.0,0.0,0.0,S1,EXECUTION_STRESS,59,D2-2a53b8b913c713d1,MUUSDT,US_STOCK:2026-05-08T20:00:00+00:00:2026-05-11T08:00:00+00:00
0.0,0.01874043,0.062468100000000006,0.24054852999999965,0.0,S2,EXECUTION_STRESS,59,D2-2a53b8b913c713d1,MUUSDT,US_STOCK:2026-05-08T20:00:00+00:00:2026-05-11T08:00:00+00:00
0.0,0.046851075,0.15617025,0.6013713249999988,0.0,S3,EXECUTION_STRESS,59,D2-2a53b8b913c713d1,MUUSDT,US_STOCK:2026-05-08T20:00:00+00:00:2026-05-11T08:00:00+00:00
,,,0.0,,D2-R3,EXECUTION_STRESS,97,D2-2a53b8b913c713d1,MUUSDT,US_STOCK:2026-05-08T20:00:00+00:00:2026-05-11T08:00:00+00:00
,,,0.0,,S0,EXECUTION_STRESS,97,D2-2a53b8b913c713d1,MUUSDT,US_STOCK:2026-05-08T20:00:00+00:00:2026-05-11T08:00:00+00:00
0.0,0.0,0.0,0.0,0.0,S1,EXECUTION_STRESS,97,D2-2a53b8b913c713d1,MUUSDT,US_STOCK:2026-05-08T20:00:00+00:00:2026-05-11T08:00:00+00:00
0.0,0.01874043,0.062468100000000006,0.24054852999999957,0.0,S2,EXECUTION_STRESS,97,D2-2a53b8b913c713d1,MUUSDT,US_STOCK:2026-05-08T20:00:00+00:00:2026-05-11T08:00:00+00:00
0.0,0.046851075,0.15617025,0.601371324999999,0.0,S3,EXECUTION_STRESS,97,D2-2a53b8b913c713d1,MUUSDT,US_STOCK:2026-05-08T20:00:00+00:00:2026-05-11T08:00:00+00:00
,,,0.0,,D2-R3,MAKER_PROMO_OFF,3,D2-2a53b8b913c713d1,MUUSDT,US_STOCK:2026-05-08T20:00:00+00:00:2026-05-11T08:00:00+00:00
,,,0.0,,S0,MAKER_PROMO_OFF,3,D2-2a53b8b913c713d1,MUUSDT,US_STOCK:2026-05-08T20:00:00+00:00:2026-05-11T08:00:00+00:00
0.0,0.0,0.0,0.0,0.0,S1,MAKER_PROMO_OFF,3,D2-2a53b8b913c713d1,MUUSDT,US_STOCK:2026-05-08T20:00:00+00:00:2026-05-11T08:00:00+00:00
0.0,0.01249362,0.037480860000000005,0.2093144799999993,0.0,S2,MAKER_PROMO_OFF,3,D2-2a53b8b913c713d1,MUUSDT,US_STOCK:2026-05-08T20:00:00+00:00:2026-05-11T08:00:00+00:00
0.0,0.03123405,0.09370215,0.5232861999999989,0.0,S3,MAKER_PROMO_OFF,3,D2-2a53b8b913c713d1,MUUSDT,US_STOCK:2026-05-08T20:00:00+00:00:2026-05-11T08:00:00+00:00
,,,0.0,,D2-R3,MAKER_PROMO_OFF,10,D2-2a53b8b913c713d1,MUUSDT,US_STOCK:2026-05-08T20:00:00+00:00:2026-05-11T08:00:00+00:00
,,,0.0,,S0,MAKER_PROMO_OFF,10,D2-2a53b8b913c713d1,MUUSDT,US_STOCK:2026-05-08T20:00:00+00:00:2026-05-11T08:00:00+00:00
0.0,0.0,0.0,0.0,0.0,S1,MAKER_PROMO_OFF,10,D2-2a53b8b913c713d1,MUUSDT,US_STOCK:2026-05-08T20:00:00+00:00:2026-05-11T08:00:00+00:00
0.0,0.01249362,0.037480860000000005,0.20931447999999958,0.0,S2,MAKER_PROMO_OFF,10,D2-2a53b8b913c713d1,MUUSDT,US_STOCK:2026-05-08T20:00:00+00:00:2026-05-11T08:00:00+00:00
0.0,0.03123405,0.09370215,0.5232861999999989,0.0,S3,MAKER_PROMO_OFF,10,D2-2a53b8b913c713d1,MUUSDT,US_STOCK:2026-05-08T20:00:00+00:00:2026-05-11T08:00:00+00:00
,,,0.0,,D2-R3,MAKER_PROMO_OFF,17,D2-2a53b8b913c713d1,MUUSDT,US_STOCK:2026-05-08T20:00:00+00:00:2026-05-11T08:00:00+00:00
,,,0.0,,S0,MAKER_PROMO_OFF,17,D2-2a53b8b913c713d1,MUUSDT,US_STOCK:2026-05-08T20:00:00+00:00:2026-05-11T08:00:00+00:00
0.0,0.0,0.0,0.0,0.0,S1,MAKER_PROMO_OFF,17,D2-2a53b8b913c713d1,MUUSDT,US_STOCK:2026-05-08T20:00:00+00:00:2026-05-11T08:00:00+00:00
0.0,0.01249362,0.037480860000000005,0.20931447999999975,0.0,S2,MAKER_PROMO_OFF,17,D2-2a53b8b913c713d1,MUUSDT,US_STOCK:2026-05-08T20:00:00+00:00:2026-05-11T08:00:00+00:00
0.0,0.03123405,0.09370215,0.5232861999999987,0.0,S3,MAKER_PROMO_OFF,17,D2-2a53b8b913c713d1,MUUSDT,US_STOCK:2026-05-08T20:00:00+00:00:2026-05-11T08:00:00+00:00
,,,0.0,,D2-R3,MAKER_PROMO_OFF,31,D2-2a53b8b913c713d1,MUUSDT,US_STOCK:2026-05-08T20:00:00+00:00:2026-05-11T08:00:00+00:00
,,,0.0,,S0,MAKER_PROMO_OFF,31,D2-2a53b8b913c713d1,MUUSDT,US_STOCK:2026-05-08T20:00:00+00:00:2026-05-11T08:00:00+00:00
0.0,0.0,0.0,0.0,0.0,S1,MAKER_PROMO_OFF,31,D2-2a53b8b913c713d1,MUUSDT,US_STOCK:2026-05-08T20:00:00+00:00:2026-05-11T08:00:00+00:00
0.0,0.01249362,0.037480860000000005,0.20931447999999958,0.0,S2,MAKER_PROMO_OFF,31,D2-2a53b8b913c713d1,MUUSDT,US_STOCK:2026-05-08T20:00:00+00:00:2026-05-11T08:00:00+00:00
0.0,0.03123405,0.09370215,0.5232861999999989,0.0,S3,MAKER_PROMO_OFF,31,D2-2a53b8b913c713d1,MUUSDT,US_STOCK:2026-05-08T20:00:00+00:00:2026-05-11T08:00:00+00:00
,,,0.0,,D2-R3,MAKER_PROMO_OFF,59,D2-2a53b8b913c713d1,MUUSDT,US_STOCK:2026-05-08T20:00:00+00:00:2026-05-11T08:00:00+00:00
,,,0.0,,S0,MAKER_PROMO_OFF,59,D2-2a53b8b913c713d1,MUUSDT,US_STOCK:2026-05-08T20:00:00+00:00:2026-05-11T08:00:00+00:00
0.0,0.0,0.0,0.0,0.0,S1,MAKER_PROMO_OFF,59,D2-2a53b8b913c713d1,MUUSDT,US_STOCK:2026-05-08T20:00:00+00:00:2026-05-11T08:00:00+00:00
0.0,0.01249362,0.037480860000000005,0.20931447999999975,0.0,S2,MAKER_PROMO_OFF,59,D2-2a53b8b913c713d1,MUUSDT,US_STOCK:2026-05-08T20:00:00+00:00:2026-05-11T08:00:00+00:00
0.0,0.03123405,0.09370215,0.5232861999999989,0.0,S3,MAKER_PROMO_OFF,59,D2-2a53b8b913c713d1,MUUSDT,US_STOCK:2026-05-08T20:00:00+00:00:2026-05-11T08:00:00+00:00
,,,0.0,,D2-R3,MAKER_PROMO_OFF,97,D2-2a53b8b913c713d1,MUUSDT,US_STOCK:2026-05-08T20:00:00+00:00:2026-05-11T08:00:00+00:00
,,,0.0,,S0,MAKER_PROMO_OFF,97,D2-2a53b8b913c713d1,MUUSDT,US_STOCK:2026-05-08T20:00:00+00:00:2026-05-11T08:00:00+00:00
0.0,0.0,0.0,0.0,0.0,S1,MAKER_PROMO_OFF,97,D2-2a53b8b913c713d1,MUUSDT,US_STOCK:2026-05-08T20:00:00+00:00:2026-05-11T08:00:00+00:00
0.0,0.01249362,0.037480860000000005,0.20931447999999958,0.0,S2,MAKER_PROMO_OFF,97,D2-2a53b8b913c713d1,MUUSDT,US_STOCK:2026-05-08T20:00:00+00:00:2026-05-11T08:00:00+00:00
0.0,0.03123405,0.09370215,0.5232861999999989,0.0,S3,MAKER_PROMO_OFF,97,D2-2a53b8b913c713d1,MUUSDT,US_STOCK:2026-05-08T20:00:00+00:00:2026-05-11T08:00:00+00:00
,,,0.0,,D2-R3,PRIMARY_ZERO_MAKER,3,D2-7914871e1abb9850,MUUSDT,US_STOCK:2026-05-29T20:00:00+00:00:2026-06-01T08:00:00+00:00
,,,0.0,,S0,PRIMARY_ZERO_MAKER,3,D2-7914871e1abb9850,MUUSDT,US_STOCK:2026-05-29T20:00:00+00:00:2026-06-01T08:00:00+00:00
0.0,0.0,0.0,0.0,0.0,S1,PRIMARY_ZERO_MAKER,3,D2-7914871e1abb9850,MUUSDT,US_STOCK:2026-05-29T20:00:00+00:00:2026-06-01T08:00:00+00:00
0.0,0.01267058,0.02534116,0.08793173999999926,0.0,S2,PRIMARY_ZERO_MAKER,3,D2-7914871e1abb9850,MUUSDT,US_STOCK:2026-05-29T20:00:00+00:00:2026-06-01T08:00:00+00:00
0.0,0.03167645,0.0633529,0.21982934999999681,0.0,S3,PRIMARY_ZERO_MAKER,3,D2-7914871e1abb9850,MUUSDT,US_STOCK:2026-05-29T20:00:00+00:00:2026-06-01T08:00:00+00:00
,,,0.0,,D2-R3,PRIMARY_ZERO_MAKER,10,D2-7914871e1abb9850,MUUSDT,US_STOCK:2026-05-29T20:00:00+00:00:2026-06-01T08:00:00+00:00
,,,0.0,,S0,PRIMARY_ZERO_MAKER,10,D2-7914871e1abb9850,MUUSDT,US_STOCK:2026-05-29T20:00:00+00:00:2026-06-01T08:00:00+00:00
0.0,0.0,0.0,0.0,0.0,S1,PRIMARY_ZERO_MAKER,10,D2-7914871e1abb9850,MUUSDT,US_STOCK:2026-05-29T20:00:00+00:00:2026-06-01T08:00:00+00:00
0.0,0.01267058,0.02534116,0.08793173999999926,0.0,S2,PRIMARY_ZERO_MAKER,10,D2-7914871e1abb9850,MUUSDT,US_STOCK:2026-05-29T20:00:00+00:00:2026-06-01T08:00:00+00:00
0.0,0.03167645,0.0633529,0.21982934999999681,0.0,S3,PRIMARY_ZERO_MAKER,10,D2-7914871e1abb9850,MUUSDT,US_STOCK:2026-05-29T20:00:00+00:00:2026-06-01T08:00:00+00:00
,,,0.0,,D2-R3,PRIMARY_ZERO_MAKER,17,D2-7914871e1abb9850,MUUSDT,US_STOCK:2026-05-29T20:00:00+00:00:2026-06-01T08:00:00+00:00
,,,0.0,,S0,PRIMARY_ZERO_MAKER,17,D2-7914871e1abb9850,MUUSDT,US_STOCK:2026-05-29T20:00:00+00:00:2026-06-01T08:00:00+00:00
0.0,0.0,0.0,0.0,0.0,S1,PRIMARY_ZERO_MAKER,17,D2-7914871e1abb9850,MUUSDT,US_STOCK:2026-05-29T20:00:00+00:00:2026-06-01T08:00:00+00:00
0.0,0.01267058,0.02534116,0.08793173999999926,0.0,S2,PRIMARY_ZERO_MAKER,17,D2-7914871e1abb9850,MUUSDT,US_STOCK:2026-05-29T20:00:00+00:00:2026-06-01T08:00:00+00:00
0.0,0.03167645,0.0633529,0.21982934999999681,0.0,S3,PRIMARY_ZERO_MAKER,17,D2-7914871e1abb9850,MUUSDT,US_STOCK:2026-05-29T20:00:00+00:00:2026-06-01T08:00:00+00:00
,,,0.0,,D2-R3,PRIMARY_ZERO_MAKER,31,D2-7914871e1abb9850,MUUSDT,US_STOCK:2026-05-29T20:00:00+00:00:2026-06-01T08:00:00+00:00
,,,0.0,,S0,PRIMARY_ZERO_MAKER,31,D2-7914871e1abb9850,MUUSDT,US_STOCK:2026-05-29T20:00:00+00:00:2026-06-01T08:00:00+00:00
0.0,0.0,0.0,0.0,0.0,S1,PRIMARY_ZERO_MAKER,31,D2-7914871e1abb9850,MUUSDT,US_STOCK:2026-05-29T20:00:00+00:00:2026-06-01T08:00:00+00:00
0.0,0.01267058,0.02534116,0.08793173999999926,0.0,S2,PRIMARY_ZERO_MAKER,31,D2-7914871e1abb9850,MUUSDT,US_STOCK:2026-05-29T20:00:00+00:00:2026-06-01T08:00:00+00:00
0.0,0.03167645,0.0633529,0.21982934999999681,0.0,S3,PRIMARY_ZERO_MAKER,31,D2-7914871e1abb9850,MUUSDT,US_STOCK:2026-05-29T20:00:00+00:00:2026-06-01T08:00:00+00:00
,,,0.0,,D2-R3,PRIMARY_ZERO_MAKER,59,D2-7914871e1abb9850,MUUSDT,US_STOCK:2026-05-29T20:00:00+00:00:2026-06-01T08:00:00+00:00
,,,0.0,,S0,PRIMARY_ZERO_MAKER,59,D2-7914871e1abb9850,MUUSDT,US_STOCK:2026-05-29T20:00:00+00:00:2026-06-01T08:00:00+00:00
0.0,0.0,0.0,0.0,0.0,S1,PRIMARY_ZERO_MAKER,59,D2-7914871e1abb9850,MUUSDT,US_STOCK:2026-05-29T20:00:00+00:00:2026-06-01T08:00:00+00:00
0.0,0.01267058,0.02534116,0.08793173999999926,0.0,S2,PRIMARY_ZERO_MAKER,59,D2-7914871e1abb9850,MUUSDT,US_STOCK:2026-05-29T20:00:00+00:00:2026-06-01T08:00:00+00:00
0.0,0.03167645,0.0633529,0.21982934999999681,0.0,S3,PRIMARY_ZERO_MAKER,59,D2-7914871e1abb9850,MUUSDT,US_STOCK:2026-05-29T20:00:00+00:00:2026-06-01T08:00:00+00:00
,,,0.0,,D2-R3,PRIMARY_ZERO_MAKER,97,D2-7914871e1abb9850,MUUSDT,US_STOCK:2026-05-29T20:00:00+00:00:2026-06-01T08:00:00+00:00
,,,0.0,,S0,PRIMARY_ZERO_MAKER,97,D2-7914871e1abb9850,MUUSDT,US_STOCK:2026-05-29T20:00:00+00:00:2026-06-01T08:00:00+00:00
0.0,0.0,0.0,0.0,0.0,S1,PRIMARY_ZERO_MAKER,97,D2-7914871e1abb9850,MUUSDT,US_STOCK:2026-05-29T20:00:00+00:00:2026-06-01T08:00:00+00:00
0.0,0.01267058,0.02534116,0.08793173999999926,0.0,S2,PRIMARY_ZERO_MAKER,97,D2-7914871e1abb9850,MUUSDT,US_STOCK:2026-05-29T20:00:00+00:00:2026-06-01T08:00:00+00:00
0.0,0.03167645,0.0633529,0.21982934999999681,0.0,S3,PRIMARY_ZERO_MAKER,97,D2-7914871e1abb9850,MUUSDT,US_STOCK:2026-05-29T20:00:00+00:00:2026-06-01T08:00:00+00:00
,,,0.0,,D2-R3,EXECUTION_STRESS,3,D2-7914871e1abb9850,MUUSDT,US_STOCK:2026-05-29T20:00:00+00:00:2026-06-01T08:00:00+00:00
,,,0.0,,S0,EXECUTION_STRESS,3,D2-7914871e1abb9850,MUUSDT,US_STOCK:2026-05-29T20:00:00+00:00:2026-06-01T08:00:00+00:00
0.0,0.0,0.0,0.0,0.0,S1,EXECUTION_STRESS,3,D2-7914871e1abb9850,MUUSDT,US_STOCK:2026-05-29T20:00:00+00:00:2026-06-01T08:00:00+00:00
0.0,0.01900587,0.0633529,0.1322787699999992,0.0,S2,EXECUTION_STRESS,3,D2-7914871e1abb9850,MUUSDT,US_STOCK:2026-05-29T20:00:00+00:00:2026-06-01T08:00:00+00:00
0.0,0.047514675,0.15838225,0.33069692499999714,0.0,S3,EXECUTION_STRESS,3,D2-7914871e1abb9850,MUUSDT,US_STOCK:2026-05-29T20:00:00+00:00:2026-06-01T08:00:00+00:00
,,,0.0,,D2-R3,EXECUTION_STRESS,10,D2-7914871e1abb9850,MUUSDT,US_STOCK:2026-05-29T20:00:00+00:00:2026-06-01T08:00:00+00:00
,,,0.0,,S0,EXECUTION_STRESS,10,D2-7914871e1abb9850,MUUSDT,US_STOCK:2026-05-29T20:00:00+00:00:2026-06-01T08:00:00+00:00
0.0,0.0,0.0,0.0,0.0,S1,EXECUTION_STRESS,10,D2-7914871e1abb9850,MUUSDT,US_STOCK:2026-05-29T20:00:00+00:00:2026-06-01T08:00:00+00:00
0.0,0.01900587,0.0633529,0.1322787699999992,0.0,S2,EXECUTION_STRESS,10,D2-7914871e1abb9850,MUUSDT,US_STOCK:2026-05-29T20:00:00+00:00:2026-06-01T08:00:00+00:00
0.0,0.047514675,0.15838225,0.33069692499999714,0.0,S3,EXECUTION_STRESS,10,D2-7914871e1abb9850,MUUSDT,US_STOCK:2026-05-29T20:00:00+00:00:2026-06-01T08:00:00+00:00
,,,0.0,,D2-R3,EXECUTION_STRESS,17,D2-7914871e1abb9850,MUUSDT,US_STOCK:2026-05-29T20:00:00+00:00:2026-06-01T08:00:00+00:00
,,,0.0,,S0,EXECUTION_STRESS,17,D2-7914871e1abb9850,MUUSDT,US_STOCK:2026-05-29T20:00:00+00:00:2026-06-01T08:00:00+00:00
0.0,0.0,0.0,0.0,0.0,S1,EXECUTION_STRESS,17,D2-7914871e1abb9850,MUUSDT,US_STOCK:2026-05-29T20:00:00+00:00:2026-06-01T08:00:00+00:00
0.0,0.01900587,0.0633529,0.1322787699999992,0.0,S2,EXECUTION_STRESS,17,D2-7914871e1abb9850,MUUSDT,US_STOCK:2026-05-29T20:00:00+00:00:2026-06-01T08:00:00+00:00
0.0,0.047514675,0.15838225,0.33069692499999714,0.0,S3,EXECUTION_STRESS,17,D2-7914871e1abb9850,MUUSDT,US_STOCK:2026-05-29T20:00:00+00:00:2026-06-01T08:00:00+00:00
,,,0.0,,D2-R3,EXECUTION_STRESS,31,D2-7914871e1abb9850,MUUSDT,US_STOCK:2026-05-29T20:00:00+00:00:2026-06-01T08:00:00+00:00
,,,0.0,,S0,EXECUTION_STRESS,31,D2-7914871e1abb9850,MUUSDT,US_STOCK:2026-05-29T20:00:00+00:00:2026-06-01T08:00:00+00:00
0.0,0.0,0.0,0.0,0.0,S1,EXECUTION_STRESS,31,D2-7914871e1abb9850,MUUSDT,US_STOCK:2026-05-29T20:00:00+00:00:2026-06-01T08:00:00+00:00
0.0,0.01900587,0.0633529,0.1322787699999992,0.0,S2,EXECUTION_STRESS,31,D2-7914871e1abb9850,MUUSDT,US_STOCK:2026-05-29T20:00:00+00:00:2026-06-01T08:00:00+00:00
0.0,0.047514675,0.15838225,0.33069692499999714,0.0,S3,EXECUTION_STRESS,31,D2-7914871e1abb9850,MUUSDT,US_STOCK:2026-05-29T20:00:00+00:00:2026-06-01T08:00:00+00:00
,,,0.0,,D2-R3,EXECUTION_STRESS,59,D2-7914871e1abb9850,MUUSDT,US_STOCK:2026-05-29T20:00:00+00:00:2026-06-01T08:00:00+00:00
,,,0.0,,S0,EXECUTION_STRESS,59,D2-7914871e1abb9850,MUUSDT,US_STOCK:2026-05-29T20:00:00+00:00:2026-06-01T08:00:00+00:00
0.0,0.0,0.0,0.0,0.0,S1,EXECUTION_STRESS,59,D2-7914871e1abb9850,MUUSDT,US_STOCK:2026-05-29T20:00:00+00:00:2026-06-01T08:00:00+00:00
0.0,0.01900587,0.0633529,0.1322787699999992,0.0,S2,EXECUTION_STRESS,59,D2-7914871e1abb9850,MUUSDT,US_STOCK:2026-05-29T20:00:00+00:00:2026-06-01T08:00:00+00:00
0.0,0.047514675,0.15838225,0.33069692499999714,0.0,S3,EXECUTION_STRESS,59,D2-7914871e1abb9850,MUUSDT,US_STOCK:2026-05-29T20:00:00+00:00:2026-06-01T08:00:00+00:00
,,,0.0,,D2-R3,EXECUTION_STRESS,97,D2-7914871e1abb9850,MUUSDT,US_STOCK:2026-05-29T20:00:00+00:00:2026-06-01T08:00:00+00:00
,,,0.0,,S0,EXECUTION_STRESS,97,D2-7914871e1abb9850,MUUSDT,US_STOCK:2026-05-29T20:00:00+00:00:2026-06-01T08:00:00+00:00
0.0,0.0,0.0,0.0,0.0,S1,EXECUTION_STRESS,97,D2-7914871e1abb9850,MUUSDT,US_STOCK:2026-05-29T20:00:00+00:00:2026-06-01T08:00:00+00:00
0.0,0.01900587,0.0633529,0.1322787699999992,0.0,S2,EXECUTION_STRESS,97,D2-7914871e1abb9850,MUUSDT,US_STOCK:2026-05-29T20:00:00+00:00:2026-06-01T08:00:00+00:00
0.0,0.047514675,0.15838225,0.33069692499999714,0.0,S3,EXECUTION_STRESS,97,D2-7914871e1abb9850,MUUSDT,US_STOCK:2026-05-29T20:00:00+00:00:2026-06-01T08:00:00+00:00
,,,0.0,,D2-R3,MAKER_PROMO_OFF,3,D2-7914871e1abb9850,MUUSDT,US_STOCK:2026-05-29T20:00:00+00:00:2026-06-01T08:00:00+00:00
,,,0.0,,S0,MAKER_PROMO_OFF,3,D2-7914871e1abb9850,MUUSDT,US_STOCK:2026-05-29T20:00:00+00:00:2026-06-01T08:00:00+00:00
0.0,0.0,0.0,0.0,0.0,S1,MAKER_PROMO_OFF,3,D2-7914871e1abb9850,MUUSDT,US_STOCK:2026-05-29T20:00:00+00:00:2026-06-01T08:00:00+00:00
0.0,0.01267058,0.03801174,0.10060231999999925,0.0,S2,MAKER_PROMO_OFF,3,D2-7914871e1abb9850,MUUSDT,US_STOCK:2026-05-29T20:00:00+00:00:2026-06-01T08:00:00+00:00
0.0,0.03167645,0.09502935,0.2515057999999968,0.0,S3,MAKER_PROMO_OFF,3,D2-7914871e1abb9850,MUUSDT,US_STOCK:2026-05-29T20:00:00+00:00:2026-06-01T08:00:00+00:00
,,,0.0,,D2-R3,MAKER_PROMO_OFF,10,D2-7914871e1abb9850,MUUSDT,US_STOCK:2026-05-29T20:00:00+00:00:2026-06-01T08:00:00+00:00
,,,0.0,,S0,MAKER_PROMO_OFF,10,D2-7914871e1abb9850,MUUSDT,US_STOCK:2026-05-29T20:00:00+00:00:2026-06-01T08:00:00+00:00
0.0,0.0,0.0,0.0,0.0,S1,MAKER_PROMO_OFF,10,D2-7914871e1abb9850,MUUSDT,US_STOCK:2026-05-29T20:00:00+00:00:2026-06-01T08:00:00+00:00
0.0,0.01267058,0.03801174,0.10060231999999925,0.0,S2,MAKER_PROMO_OFF,10,D2-7914871e1abb9850,MUUSDT,US_STOCK:2026-05-29T20:00:00+00:00:2026-06-01T08:00:00+00:00
0.0,0.03167645,0.09502935,0.2515057999999968,0.0,S3,MAKER_PROMO_OFF,10,D2-7914871e1abb9850,MUUSDT,US_STOCK:2026-05-29T20:00:00+00:00:2026-06-01T08:00:00+00:00
,,,0.0,,D2-R3,MAKER_PROMO_OFF,17,D2-7914871e1abb9850,MUUSDT,US_STOCK:2026-05-29T20:00:00+00:00:2026-06-01T08:00:00+00:00
,,,0.0,,S0,MAKER_PROMO_OFF,17,D2-7914871e1abb9850,MUUSDT,US_STOCK:2026-05-29T20:00:00+00:00:2026-06-01T08:00:00+00:00
0.0,0.0,0.0,0.0,0.0,S1,MAKER_PROMO_OFF,17,D2-7914871e1abb9850,MUUSDT,US_STOCK:2026-05-29T20:00:00+00:00:2026-06-01T08:00:00+00:00
0.0,0.01267058,0.03801174,0.10060231999999925,0.0,S2,MAKER_PROMO_OFF,17,D2-7914871e1abb9850,MUUSDT,US_STOCK:2026-05-29T20:00:00+00:00:2026-06-01T08:00:00+00:00
0.0,0.03167645,0.09502935,0.2515057999999968,0.0,S3,MAKER_PROMO_OFF,17,D2-7914871e1abb9850,MUUSDT,US_STOCK:2026-05-29T20:00:00+00:00:2026-06-01T08:00:00+00:00
,,,0.0,,D2-R3,MAKER_PROMO_OFF,31,D2-7914871e1abb9850,MUUSDT,US_STOCK:2026-05-29T20:00:00+00:00:2026-06-01T08:00:00+00:00
,,,0.0,,S0,MAKER_PROMO_OFF,31,D2-7914871e1abb9850,MUUSDT,US_STOCK:2026-05-29T20:00:00+00:00:2026-06-01T08:00:00+00:00
0.0,0.0,0.0,0.0,0.0,S1,MAKER_PROMO_OFF,31,D2-7914871e1abb9850,MUUSDT,US_STOCK:2026-05-29T20:00:00+00:00:2026-06-01T08:00:00+00:00
0.0,0.01267058,0.03801174,0.10060231999999925,0.0,S2,MAKER_PROMO_OFF,31,D2-7914871e1abb9850,MUUSDT,US_STOCK:2026-05-29T20:00:00+00:00:2026-06-01T08:00:00+00:00
0.0,0.03167645,0.09502935,0.2515057999999968,0.0,S3,MAKER_PROMO_OFF,31,D2-7914871e1abb9850,MUUSDT,US_STOCK:2026-05-29T20:00:00+00:00:2026-06-01T08:00:00+00:00
,,,0.0,,D2-R3,MAKER_PROMO_OFF,59,D2-7914871e1abb9850,MUUSDT,US_STOCK:2026-05-29T20:00:00+00:00:2026-06-01T08:00:00+00:00
,,,0.0,,S0,MAKER_PROMO_OFF,59,D2-7914871e1abb9850,MUUSDT,US_STOCK:2026-05-29T20:00:00+00:00:2026-06-01T08:00:00+00:00
0.0,0.0,0.0,0.0,0.0,S1,MAKER_PROMO_OFF,59,D2-7914871e1abb9850,MUUSDT,US_STOCK:2026-05-29T20:00:00+00:00:2026-06-01T08:00:00+00:00
0.0,0.01267058,0.03801174,0.10060231999999925,0.0,S2,MAKER_PROMO_OFF,59,D2-7914871e1abb9850,MUUSDT,US_STOCK:2026-05-29T20:00:00+00:00:2026-06-01T08:00:00+00:00
0.0,0.03167645,0.09502935,0.2515057999999968,0.0,S3,MAKER_PROMO_OFF,59,D2-7914871e1abb9850,MUUSDT,US_STOCK:2026-05-29T20:00:00+00:00:2026-06-01T08:00:00+00:00
,,,0.0,,D2-R3,MAKER_PROMO_OFF,97,D2-7914871e1abb9850,MUUSDT,US_STOCK:2026-05-29T20:00:00+00:00:2026-06-01T08:00:00+00:00
,,,0.0,,S0,MAKER_PROMO_OFF,97,D2-7914871e1abb9850,MUUSDT,US_STOCK:2026-05-29T20:00:00+00:00:2026-06-01T08:00:00+00:00
0.0,0.0,0.0,0.0,0.0,S1,MAKER_PROMO_OFF,97,D2-7914871e1abb9850,MUUSDT,US_STOCK:2026-05-29T20:00:00+00:00:2026-06-01T08:00:00+00:00
0.0,0.01267058,0.03801174,0.10060231999999925,0.0,S2,MAKER_PROMO_OFF,97,D2-7914871e1abb9850,MUUSDT,US_STOCK:2026-05-29T20:00:00+00:00:2026-06-01T08:00:00+00:00
0.0,0.03167645,0.09502935,0.2515057999999968,0.0,S3,MAKER_PROMO_OFF,97,D2-7914871e1abb9850,MUUSDT,US_STOCK:2026-05-29T20:00:00+00:00:2026-06-01T08:00:00+00:00
,,,0.0,,D2-R3,PRIMARY_ZERO_MAKER,3,D2-e91166da0fe9e2c3,MUUSDT,US_STOCK:2026-06-05T20:00:00+00:00:2026-06-08T08:00:00+00:00
,,,0.0,,S0,PRIMARY_ZERO_MAKER,3,D2-e91166da0fe9e2c3,MUUSDT,US_STOCK:2026-06-05T20:00:00+00:00:2026-06-08T08:00:00+00:00
0.0,0.0,0.0,0.0,0.0,S1,PRIMARY_ZERO_MAKER,3,D2-e91166da0fe9e2c3,MUUSDT,US_STOCK:2026-06-05T20:00:00+00:00:2026-06-08T08:00:00+00:00
0.0,0.009679205000000001,0.019358410000000003,0.14265761500000096,0.0,S2,PRIMARY_ZERO_MAKER,3,D2-e91166da0fe9e2c3,MUUSDT,US_STOCK:2026-06-05T20:00:00+00:00:2026-06-08T08:00:00+00:00
0.0,0.0241980125,0.048396025,0.3566440375000033,0.0,S3,PRIMARY_ZERO_MAKER,3,D2-e91166da0fe9e2c3,MUUSDT,US_STOCK:2026-06-05T20:00:00+00:00:2026-06-08T08:00:00+00:00
,,,0.0,,D2-R3,PRIMARY_ZERO_MAKER,10,D2-e91166da0fe9e2c3,MUUSDT,US_STOCK:2026-06-05T20:00:00+00:00:2026-06-08T08:00:00+00:00
,,,0.0,,S0,PRIMARY_ZERO_MAKER,10,D2-e91166da0fe9e2c3,MUUSDT,US_STOCK:2026-06-05T20:00:00+00:00:2026-06-08T08:00:00+00:00
0.0,0.0,0.0,0.0,0.0,S1,PRIMARY_ZERO_MAKER,10,D2-e91166da0fe9e2c3,MUUSDT,US_STOCK:2026-06-05T20:00:00+00:00:2026-06-08T08:00:00+00:00
0.0,0.009679205000000001,0.019358410000000003,0.1426576150000014,0.0,S2,PRIMARY_ZERO_MAKER,10,D2-e91166da0fe9e2c3,MUUSDT,US_STOCK:2026-06-05T20:00:00+00:00:2026-06-08T08:00:00+00:00
0.0,0.0241980125,0.048396025,0.3566440375000033,0.0,S3,PRIMARY_ZERO_MAKER,10,D2-e91166da0fe9e2c3,MUUSDT,US_STOCK:2026-06-05T20:00:00+00:00:2026-06-08T08:00:00+00:00
,,,0.0,,D2-R3,PRIMARY_ZERO_MAKER,17,D2-e91166da0fe9e2c3,MUUSDT,US_STOCK:2026-06-05T20:00:00+00:00:2026-06-08T08:00:00+00:00
,,,0.0,,S0,PRIMARY_ZERO_MAKER,17,D2-e91166da0fe9e2c3,MUUSDT,US_STOCK:2026-06-05T20:00:00+00:00:2026-06-08T08:00:00+00:00
0.0,0.0,0.0,0.0,0.0,S1,PRIMARY_ZERO_MAKER,17,D2-e91166da0fe9e2c3,MUUSDT,US_STOCK:2026-06-05T20:00:00+00:00:2026-06-08T08:00:00+00:00
0.0,0.009679205000000001,0.019358410000000003,0.1426576150000014,0.0,S2,PRIMARY_ZERO_MAKER,17,D2-e91166da0fe9e2c3,MUUSDT,US_STOCK:2026-06-05T20:00:00+00:00:2026-06-08T08:00:00+00:00
0.0,0.0241980125,0.048396025,0.3566440375000033,0.0,S3,PRIMARY_ZERO_MAKER,17,D2-e91166da0fe9e2c3,MUUSDT,US_STOCK:2026-06-05T20:00:00+00:00:2026-06-08T08:00:00+00:00
,,,0.0,,D2-R3,PRIMARY_ZERO_MAKER,31,D2-e91166da0fe9e2c3,MUUSDT,US_STOCK:2026-06-05T20:00:00+00:00:2026-06-08T08:00:00+00:00
,,,0.0,,S0,PRIMARY_ZERO_MAKER,31,D2-e91166da0fe9e2c3,MUUSDT,US_STOCK:2026-06-05T20:00:00+00:00:2026-06-08T08:00:00+00:00
0.0,0.0,0.0,0.0,0.0,S1,PRIMARY_ZERO_MAKER,31,D2-e91166da0fe9e2c3,MUUSDT,US_STOCK:2026-06-05T20:00:00+00:00:2026-06-08T08:00:00+00:00
0.0,0.009679205000000001,0.019358410000000003,0.1426576150000014,0.0,S2,PRIMARY_ZERO_MAKER,31,D2-e91166da0fe9e2c3,MUUSDT,US_STOCK:2026-06-05T20:00:00+00:00:2026-06-08T08:00:00+00:00
0.0,0.0241980125,0.048396025,0.3566440375000033,0.0,S3,PRIMARY_ZERO_MAKER,31,D2-e91166da0fe9e2c3,MUUSDT,US_STOCK:2026-06-05T20:00:00+00:00:2026-06-08T08:00:00+00:00
,,,0.0,,D2-R3,PRIMARY_ZERO_MAKER,59,D2-e91166da0fe9e2c3,MUUSDT,US_STOCK:2026-06-05T20:00:00+00:00:2026-06-08T08:00:00+00:00
,,,0.0,,S0,PRIMARY_ZERO_MAKER,59,D2-e91166da0fe9e2c3,MUUSDT,US_STOCK:2026-06-05T20:00:00+00:00:2026-06-08T08:00:00+00:00
0.0,0.0,0.0,0.0,0.0,S1,PRIMARY_ZERO_MAKER,59,D2-e91166da0fe9e2c3,MUUSDT,US_STOCK:2026-06-05T20:00:00+00:00:2026-06-08T08:00:00+00:00
0.0,0.009679205000000001,0.019358410000000003,0.1426576150000014,0.0,S2,PRIMARY_ZERO_MAKER,59,D2-e91166da0fe9e2c3,MUUSDT,US_STOCK:2026-06-05T20:00:00+00:00:2026-06-08T08:00:00+00:00
0.0,0.0241980125,0.048396025,0.3566440375000033,0.0,S3,PRIMARY_ZERO_MAKER,59,D2-e91166da0fe9e2c3,MUUSDT,US_STOCK:2026-06-05T20:00:00+00:00:2026-06-08T08:00:00+00:00
,,,0.0,,D2-R3,PRIMARY_ZERO_MAKER,97,D2-e91166da0fe9e2c3,MUUSDT,US_STOCK:2026-06-05T20:00:00+00:00:2026-06-08T08:00:00+00:00
,,,0.0,,S0,PRIMARY_ZERO_MAKER,97,D2-e91166da0fe9e2c3,MUUSDT,US_STOCK:2026-06-05T20:00:00+00:00:2026-06-08T08:00:00+00:00
0.0,0.0,0.0,0.0,0.0,S1,PRIMARY_ZERO_MAKER,97,D2-e91166da0fe9e2c3,MUUSDT,US_STOCK:2026-06-05T20:00:00+00:00:2026-06-08T08:00:00+00:00
0.0,0.009679205000000001,0.019358410000000003,0.1426576150000014,0.0,S2,PRIMARY_ZERO_MAKER,97,D2-e91166da0fe9e2c3,MUUSDT,US_STOCK:2026-06-05T20:00:00+00:00:2026-06-08T08:00:00+00:00
0.0,0.0241980125,0.048396025,0.3566440375000033,0.0,S3,PRIMARY_ZERO_MAKER,97,D2-e91166da0fe9e2c3,MUUSDT,US_STOCK:2026-06-05T20:00:00+00:00:2026-06-08T08:00:00+00:00
,,,0.0,,D2-R3,EXECUTION_STRESS,3,D2-e91166da0fe9e2c3,MUUSDT,US_STOCK:2026-06-05T20:00:00+00:00:2026-06-08T08:00:00+00:00
,,,0.0,,S0,EXECUTION_STRESS,3,D2-e91166da0fe9e2c3,MUUSDT,US_STOCK:2026-06-05T20:00:00+00:00:2026-06-08T08:00:00+00:00
0.0,0.0,0.0,0.0,0.0,S1,EXECUTION_STRESS,3,D2-e91166da0fe9e2c3,MUUSDT,US_STOCK:2026-06-05T20:00:00+00:00:2026-06-08T08:00:00+00:00
0.0,0.014518807500000003,0.04839602500000001,0.17653483250000068,0.0,S2,EXECUTION_STRESS,3,D2-e91166da0fe9e2c3,MUUSDT,US_STOCK:2026-06-05T20:00:00+00:00:2026-06-08T08:00:00+00:00
0.0,0.03629701875,0.1209900625,0.44133708125000304,0.0,S3,EXECUTION_STRESS,3,D2-e91166da0fe9e2c3,MUUSDT,US_STOCK:2026-06-05T20:00:00+00:00:2026-06-08T08:00:00+00:00
,,,0.0,,D2-R3,EXECUTION_STRESS,10,D2-e91166da0fe9e2c3,MUUSDT,US_STOCK:2026-06-05T20:00:00+00:00:2026-06-08T08:00:00+00:00
,,,0.0,,S0,EXECUTION_STRESS,10,D2-e91166da0fe9e2c3,MUUSDT,US_STOCK:2026-06-05T20:00:00+00:00:2026-06-08T08:00:00+00:00
0.0,0.0,0.0,0.0,0.0,S1,EXECUTION_STRESS,10,D2-e91166da0fe9e2c3,MUUSDT,US_STOCK:2026-06-05T20:00:00+00:00:2026-06-08T08:00:00+00:00
0.0,0.014518807500000003,0.04839602500000001,0.17653483250000157,0.0,S2,EXECUTION_STRESS,10,D2-e91166da0fe9e2c3,MUUSDT,US_STOCK:2026-06-05T20:00:00+00:00:2026-06-08T08:00:00+00:00
0.0,0.03629701875,0.1209900625,0.44133708125000304,0.0,S3,EXECUTION_STRESS,10,D2-e91166da0fe9e2c3,MUUSDT,US_STOCK:2026-06-05T20:00:00+00:00:2026-06-08T08:00:00+00:00
,,,0.0,,D2-R3,EXECUTION_STRESS,17,D2-e91166da0fe9e2c3,MUUSDT,US_STOCK:2026-06-05T20:00:00+00:00:2026-06-08T08:00:00+00:00
,,,0.0,,S0,EXECUTION_STRESS,17,D2-e91166da0fe9e2c3,MUUSDT,US_STOCK:2026-06-05T20:00:00+00:00:2026-06-08T08:00:00+00:00
0.0,0.0,0.0,0.0,0.0,S1,EXECUTION_STRESS,17,D2-e91166da0fe9e2c3,MUUSDT,US_STOCK:2026-06-05T20:00:00+00:00:2026-06-08T08:00:00+00:00
0.0,0.014518807500000003,0.04839602500000001,0.17653483250000157,0.0,S2,EXECUTION_STRESS,17,D2-e91166da0fe9e2c3,MUUSDT,US_STOCK:2026-06-05T20:00:00+00:00:2026-06-08T08:00:00+00:00
0.0,0.03629701875,0.1209900625,0.44133708125000304,0.0,S3,EXECUTION_STRESS,17,D2-e91166da0fe9e2c3,MUUSDT,US_STOCK:2026-06-05T20:00:00+00:00:2026-06-08T08:00:00+00:00
,,,0.0,,D2-R3,EXECUTION_STRESS,31,D2-e91166da0fe9e2c3,MUUSDT,US_STOCK:2026-06-05T20:00:00+00:00:2026-06-08T08:00:00+00:00
,,,0.0,,S0,EXECUTION_STRESS,31,D2-e91166da0fe9e2c3,MUUSDT,US_STOCK:2026-06-05T20:00:00+00:00:2026-06-08T08:00:00+00:00
0.0,0.0,0.0,0.0,0.0,S1,EXECUTION_STRESS,31,D2-e91166da0fe9e2c3,MUUSDT,US_STOCK:2026-06-05T20:00:00+00:00:2026-06-08T08:00:00+00:00
0.0,0.014518807500000003,0.04839602500000001,0.17653483250000068,0.0,S2,EXECUTION_STRESS,31,D2-e91166da0fe9e2c3,MUUSDT,US_STOCK:2026-06-05T20:00:00+00:00:2026-06-08T08:00:00+00:00
0.0,0.03629701875,0.1209900625,0.44133708125000304,0.0,S3,EXECUTION_STRESS,31,D2-e91166da0fe9e2c3,MUUSDT,US_STOCK:2026-06-05T20:00:00+00:00:2026-06-08T08:00:00+00:00
,,,0.0,,D2-R3,EXECUTION_STRESS,59,D2-e91166da0fe9e2c3,MUUSDT,US_STOCK:2026-06-05T20:00:00+00:00:2026-06-08T08:00:00+00:00
,,,0.0,,S0,EXECUTION_STRESS,59,D2-e91166da0fe9e2c3,MUUSDT,US_STOCK:2026-06-05T20:00:00+00:00:2026-06-08T08:00:00+00:00
0.0,0.0,0.0,0.0,0.0,S1,EXECUTION_STRESS,59,D2-e91166da0fe9e2c3,MUUSDT,US_STOCK:2026-06-05T20:00:00+00:00:2026-06-08T08:00:00+00:00
0.0,0.014518807500000003,0.04839602500000001,0.17653483250000157,0.0,S2,EXECUTION_STRESS,59,D2-e91166da0fe9e2c3,MUUSDT,US_STOCK:2026-06-05T20:00:00+00:00:2026-06-08T08:00:00+00:00
0.0,0.03629701875,0.1209900625,0.44133708125000304,0.0,S3,EXECUTION_STRESS,59,D2-e91166da0fe9e2c3,MUUSDT,US_STOCK:2026-06-05T20:00:00+00:00:2026-06-08T08:00:00+00:00
,,,0.0,,D2-R3,EXECUTION_STRESS,97,D2-e91166da0fe9e2c3,MUUSDT,US_STOCK:2026-06-05T20:00:00+00:00:2026-06-08T08:00:00+00:00
,,,0.0,,S0,EXECUTION_STRESS,97,D2-e91166da0fe9e2c3,MUUSDT,US_STOCK:2026-06-05T20:00:00+00:00:2026-06-08T08:00:00+00:00
0.0,0.0,0.0,0.0,0.0,S1,EXECUTION_STRESS,97,D2-e91166da0fe9e2c3,MUUSDT,US_STOCK:2026-06-05T20:00:00+00:00:2026-06-08T08:00:00+00:00
0.0,0.014518807500000003,0.04839602500000001,0.17653483250000157,0.0,S2,EXECUTION_STRESS,97,D2-e91166da0fe9e2c3,MUUSDT,US_STOCK:2026-06-05T20:00:00+00:00:2026-06-08T08:00:00+00:00
0.0,0.03629701875,0.1209900625,0.44133708125000304,0.0,S3,EXECUTION_STRESS,97,D2-e91166da0fe9e2c3,MUUSDT,US_STOCK:2026-06-05T20:00:00+00:00:2026-06-08T08:00:00+00:00
,,,0.0,,D2-R3,MAKER_PROMO_OFF,3,D2-e91166da0fe9e2c3,MUUSDT,US_STOCK:2026-06-05T20:00:00+00:00:2026-06-08T08:00:00+00:00
,,,0.0,,S0,MAKER_PROMO_OFF,3,D2-e91166da0fe9e2c3,MUUSDT,US_STOCK:2026-06-05T20:00:00+00:00:2026-06-08T08:00:00+00:00
0.0,0.0,0.0,0.0,0.0,S1,MAKER_PROMO_OFF,3,D2-e91166da0fe9e2c3,MUUSDT,US_STOCK:2026-06-05T20:00:00+00:00:2026-06-08T08:00:00+00:00
0.0,0.009679205000000001,0.029037615000000006,0.15233682000000126,0.0,S2,MAKER_PROMO_OFF,3,D2-e91166da0fe9e2c3,MUUSDT,US_STOCK:2026-06-05T20:00:00+00:00:2026-06-08T08:00:00+00:00
0.0,0.0241980125,0.0725940375,0.3808420500000036,0.0,S3,MAKER_PROMO_OFF,3,D2-e91166da0fe9e2c3,MUUSDT,US_STOCK:2026-06-05T20:00:00+00:00:2026-06-08T08:00:00+00:00
,,,0.0,,D2-R3,MAKER_PROMO_OFF,10,D2-e91166da0fe9e2c3,MUUSDT,US_STOCK:2026-06-05T20:00:00+00:00:2026-06-08T08:00:00+00:00
,,,0.0,,S0,MAKER_PROMO_OFF,10,D2-e91166da0fe9e2c3,MUUSDT,US_STOCK:2026-06-05T20:00:00+00:00:2026-06-08T08:00:00+00:00
0.0,0.0,0.0,0.0,0.0,S1,MAKER_PROMO_OFF,10,D2-e91166da0fe9e2c3,MUUSDT,US_STOCK:2026-06-05T20:00:00+00:00:2026-06-08T08:00:00+00:00
0.0,0.009679205000000001,0.029037615000000006,0.15233682000000126,0.0,S2,MAKER_PROMO_OFF,10,D2-e91166da0fe9e2c3,MUUSDT,US_STOCK:2026-06-05T20:00:00+00:00:2026-06-08T08:00:00+00:00
0.0,0.0241980125,0.0725940375,0.38084205000000315,0.0,S3,MAKER_PROMO_OFF,10,D2-e91166da0fe9e2c3,MUUSDT,US_STOCK:2026-06-05T20:00:00+00:00:2026-06-08T08:00:00+00:00
,,,0.0,,D2-R3,MAKER_PROMO_OFF,17,D2-e91166da0fe9e2c3,MUUSDT,US_STOCK:2026-06-05T20:00:00+00:00:2026-06-08T08:00:00+00:00
,,,0.0,,S0,MAKER_PROMO_OFF,17,D2-e91166da0fe9e2c3,MUUSDT,US_STOCK:2026-06-05T20:00:00+00:00:2026-06-08T08:00:00+00:00
0.0,0.0,0.0,0.0,0.0,S1,MAKER_PROMO_OFF,17,D2-e91166da0fe9e2c3,MUUSDT,US_STOCK:2026-06-05T20:00:00+00:00:2026-06-08T08:00:00+00:00
0.0,0.009679205000000001,0.029037615000000006,0.15233682000000126,0.0,S2,MAKER_PROMO_OFF,17,D2-e91166da0fe9e2c3,MUUSDT,US_STOCK:2026-06-05T20:00:00+00:00:2026-06-08T08:00:00+00:00
0.0,0.0241980125,0.0725940375,0.38084205000000315,0.0,S3,MAKER_PROMO_OFF,17,D2-e91166da0fe9e2c3,MUUSDT,US_STOCK:2026-06-05T20:00:00+00:00:2026-06-08T08:00:00+00:00
,,,0.0,,D2-R3,MAKER_PROMO_OFF,31,D2-e91166da0fe9e2c3,MUUSDT,US_STOCK:2026-06-05T20:00:00+00:00:2026-06-08T08:00:00+00:00
,,,0.0,,S0,MAKER_PROMO_OFF,31,D2-e91166da0fe9e2c3,MUUSDT,US_STOCK:2026-06-05T20:00:00+00:00:2026-06-08T08:00:00+00:00
0.0,0.0,0.0,0.0,0.0,S1,MAKER_PROMO_OFF,31,D2-e91166da0fe9e2c3,MUUSDT,US_STOCK:2026-06-05T20:00:00+00:00:2026-06-08T08:00:00+00:00
0.0,0.009679205000000001,0.029037615000000006,0.15233682000000126,0.0,S2,MAKER_PROMO_OFF,31,D2-e91166da0fe9e2c3,MUUSDT,US_STOCK:2026-06-05T20:00:00+00:00:2026-06-08T08:00:00+00:00
0.0,0.0241980125,0.0725940375,0.38084205000000315,0.0,S3,MAKER_PROMO_OFF,31,D2-e91166da0fe9e2c3,MUUSDT,US_STOCK:2026-06-05T20:00:00+00:00:2026-06-08T08:00:00+00:00
,,,0.0,,D2-R3,MAKER_PROMO_OFF,59,D2-e91166da0fe9e2c3,MUUSDT,US_STOCK:2026-06-05T20:00:00+00:00:2026-06-08T08:00:00+00:00
,,,0.0,,S0,MAKER_PROMO_OFF,59,D2-e91166da0fe9e2c3,MUUSDT,US_STOCK:2026-06-05T20:00:00+00:00:2026-06-08T08:00:00+00:00
0.0,0.0,0.0,0.0,0.0,S1,MAKER_PROMO_OFF,59,D2-e91166da0fe9e2c3,MUUSDT,US_STOCK:2026-06-05T20:00:00+00:00:2026-06-08T08:00:00+00:00
0.0,0.009679205000000001,0.029037615000000006,0.15233682000000126,0.0,S2,MAKER_PROMO_OFF,59,D2-e91166da0fe9e2c3,MUUSDT,US_STOCK:2026-06-05T20:00:00+00:00:2026-06-08T08:00:00+00:00
0.0,0.0241980125,0.0725940375,0.38084205000000315,0.0,S3,MAKER_PROMO_OFF,59,D2-e91166da0fe9e2c3,MUUSDT,US_STOCK:2026-06-05T20:00:00+00:00:2026-06-08T08:00:00+00:00
,,,0.0,,D2-R3,MAKER_PROMO_OFF,97,D2-e91166da0fe9e2c3,MUUSDT,US_STOCK:2026-06-05T20:00:00+00:00:2026-06-08T08:00:00+00:00
,,,0.0,,S0,MAKER_PROMO_OFF,97,D2-e91166da0fe9e2c3,MUUSDT,US_STOCK:2026-06-05T20:00:00+00:00:2026-06-08T08:00:00+00:00
0.0,0.0,0.0,0.0,0.0,S1,MAKER_PROMO_OFF,97,D2-e91166da0fe9e2c3,MUUSDT,US_STOCK:2026-06-05T20:00:00+00:00:2026-06-08T08:00:00+00:00
0.0,0.009679205000000001,0.029037615000000006,0.15233682000000126,0.0,S2,MAKER_PROMO_OFF,97,D2-e91166da0fe9e2c3,MUUSDT,US_STOCK:2026-06-05T20:00:00+00:00:2026-06-08T08:00:00+00:00
0.0,0.0241980125,0.0725940375,0.38084205000000315,0.0,S3,MAKER_PROMO_OFF,97,D2-e91166da0fe9e2c3,MUUSDT,US_STOCK:2026-06-05T20:00:00+00:00:2026-06-08T08:00:00+00:00
,,,0.0,,D2-R3,PRIMARY_ZERO_MAKER,3,D2-aabb8c8c40d9a340,MUUSDT,US_STOCK:2026-06-18T20:00:00+00:00:2026-06-22T08:00:00+00:00
,,,0.0,,S0,PRIMARY_ZERO_MAKER,3,D2-aabb8c8c40d9a340,MUUSDT,US_STOCK:2026-06-18T20:00:00+00:00:2026-06-22T08:00:00+00:00
0.0,0.0,0.0,0.0,0.0,S1,PRIMARY_ZERO_MAKER,3,D2-aabb8c8c40d9a340,MUUSDT,US_STOCK:2026-06-18T20:00:00+00:00:2026-06-22T08:00:00+00:00
0.0,0.0094554,0.0189108,0.19751619999999637,0.0,S2,PRIMARY_ZERO_MAKER,3,D2-aabb8c8c40d9a340,MUUSDT,US_STOCK:2026-06-18T20:00:00+00:00:2026-06-22T08:00:00+00:00
0.0,0.0236385,0.047277,0.49379049999999225,0.0,S3,PRIMARY_ZERO_MAKER,3,D2-aabb8c8c40d9a340,MUUSDT,US_STOCK:2026-06-18T20:00:00+00:00:2026-06-22T08:00:00+00:00
,,,0.0,,D2-R3,PRIMARY_ZERO_MAKER,10,D2-aabb8c8c40d9a340,MUUSDT,US_STOCK:2026-06-18T20:00:00+00:00:2026-06-22T08:00:00+00:00
,,,0.0,,S0,PRIMARY_ZERO_MAKER,10,D2-aabb8c8c40d9a340,MUUSDT,US_STOCK:2026-06-18T20:00:00+00:00:2026-06-22T08:00:00+00:00
0.0,0.0,0.0,0.0,0.0,S1,PRIMARY_ZERO_MAKER,10,D2-aabb8c8c40d9a340,MUUSDT,US_STOCK:2026-06-18T20:00:00+00:00:2026-06-22T08:00:00+00:00
0.0,0.0094554,0.0189108,0.19751619999999637,0.0,S2,PRIMARY_ZERO_MAKER,10,D2-aabb8c8c40d9a340,MUUSDT,US_STOCK:2026-06-18T20:00:00+00:00:2026-06-22T08:00:00+00:00
0.0,0.0236385,0.047277,0.49379049999999225,0.0,S3,PRIMARY_ZERO_MAKER,10,D2-aabb8c8c40d9a340,MUUSDT,US_STOCK:2026-06-18T20:00:00+00:00:2026-06-22T08:00:00+00:00
,,,0.0,,D2-R3,PRIMARY_ZERO_MAKER,17,D2-aabb8c8c40d9a340,MUUSDT,US_STOCK:2026-06-18T20:00:00+00:00:2026-06-22T08:00:00+00:00
,,,0.0,,S0,PRIMARY_ZERO_MAKER,17,D2-aabb8c8c40d9a340,MUUSDT,US_STOCK:2026-06-18T20:00:00+00:00:2026-06-22T08:00:00+00:00
0.0,0.0,0.0,0.0,0.0,S1,PRIMARY_ZERO_MAKER,17,D2-aabb8c8c40d9a340,MUUSDT,US_STOCK:2026-06-18T20:00:00+00:00:2026-06-22T08:00:00+00:00
0.0,0.0094554,0.0189108,0.19751619999999637,0.0,S2,PRIMARY_ZERO_MAKER,17,D2-aabb8c8c40d9a340,MUUSDT,US_STOCK:2026-06-18T20:00:00+00:00:2026-06-22T08:00:00+00:00
0.0,0.0236385,0.047277,0.49379049999999225,0.0,S3,PRIMARY_ZERO_MAKER,17,D2-aabb8c8c40d9a340,MUUSDT,US_STOCK:2026-06-18T20:00:00+00:00:2026-06-22T08:00:00+00:00
,,,0.0,,D2-R3,PRIMARY_ZERO_MAKER,31,D2-aabb8c8c40d9a340,MUUSDT,US_STOCK:2026-06-18T20:00:00+00:00:2026-06-22T08:00:00+00:00
,,,0.0,,S0,PRIMARY_ZERO_MAKER,31,D2-aabb8c8c40d9a340,MUUSDT,US_STOCK:2026-06-18T20:00:00+00:00:2026-06-22T08:00:00+00:00
0.0,0.0,0.0,0.0,0.0,S1,PRIMARY_ZERO_MAKER,31,D2-aabb8c8c40d9a340,MUUSDT,US_STOCK:2026-06-18T20:00:00+00:00:2026-06-22T08:00:00+00:00
0.0,0.0094554,0.0189108,0.19751619999999637,0.0,S2,PRIMARY_ZERO_MAKER,31,D2-aabb8c8c40d9a340,MUUSDT,US_STOCK:2026-06-18T20:00:00+00:00:2026-06-22T08:00:00+00:00
0.0,0.0236385,0.047277,0.49379049999999225,0.0,S3,PRIMARY_ZERO_MAKER,31,D2-aabb8c8c40d9a340,MUUSDT,US_STOCK:2026-06-18T20:00:00+00:00:2026-06-22T08:00:00+00:00
,,,0.0,,D2-R3,PRIMARY_ZERO_MAKER,59,D2-aabb8c8c40d9a340,MUUSDT,US_STOCK:2026-06-18T20:00:00+00:00:2026-06-22T08:00:00+00:00
,,,0.0,,S0,PRIMARY_ZERO_MAKER,59,D2-aabb8c8c40d9a340,MUUSDT,US_STOCK:2026-06-18T20:00:00+00:00:2026-06-22T08:00:00+00:00
0.0,0.0,0.0,0.0,0.0,S1,PRIMARY_ZERO_MAKER,59,D2-aabb8c8c40d9a340,MUUSDT,US_STOCK:2026-06-18T20:00:00+00:00:2026-06-22T08:00:00+00:00
0.0,0.0094554,0.0189108,0.19751619999999637,0.0,S2,PRIMARY_ZERO_MAKER,59,D2-aabb8c8c40d9a340,MUUSDT,US_STOCK:2026-06-18T20:00:00+00:00:2026-06-22T08:00:00+00:00
0.0,0.0236385,0.047277,0.49379049999999225,0.0,S3,PRIMARY_ZERO_MAKER,59,D2-aabb8c8c40d9a340,MUUSDT,US_STOCK:2026-06-18T20:00:00+00:00:2026-06-22T08:00:00+00:00
,,,0.0,,D2-R3,PRIMARY_ZERO_MAKER,97,D2-aabb8c8c40d9a340,MUUSDT,US_STOCK:2026-06-18T20:00:00+00:00:2026-06-22T08:00:00+00:00
,,,0.0,,S0,PRIMARY_ZERO_MAKER,97,D2-aabb8c8c40d9a340,MUUSDT,US_STOCK:2026-06-18T20:00:00+00:00:2026-06-22T08:00:00+00:00
0.0,0.0,0.0,0.0,0.0,S1,PRIMARY_ZERO_MAKER,97,D2-aabb8c8c40d9a340,MUUSDT,US_STOCK:2026-06-18T20:00:00+00:00:2026-06-22T08:00:00+00:00
0.0,0.0094554,0.0189108,0.19751619999999637,0.0,S2,PRIMARY_ZERO_MAKER,97,D2-aabb8c8c40d9a340,MUUSDT,US_STOCK:2026-06-18T20:00:00+00:00:2026-06-22T08:00:00+00:00
0.0,0.0236385,0.047277,0.49379049999999225,0.0,S3,PRIMARY_ZERO_MAKER,97,D2-aabb8c8c40d9a340,MUUSDT,US_STOCK:2026-06-18T20:00:00+00:00:2026-06-22T08:00:00+00:00
,,,0.0,,D2-R3,EXECUTION_STRESS,3,D2-aabb8c8c40d9a340,MUUSDT,US_STOCK:2026-06-18T20:00:00+00:00:2026-06-22T08:00:00+00:00
,,,0.0,,S0,EXECUTION_STRESS,3,D2-aabb8c8c40d9a340,MUUSDT,US_STOCK:2026-06-18T20:00:00+00:00:2026-06-22T08:00:00+00:00
0.0,0.0,0.0,0.0,0.0,S1,EXECUTION_STRESS,3,D2-aabb8c8c40d9a340,MUUSDT,US_STOCK:2026-06-18T20:00:00+00:00:2026-06-22T08:00:00+00:00
0.0,0.014183099999999999,0.047277,0.23061009999999715,0.0,S2,EXECUTION_STRESS,3,D2-aabb8c8c40d9a340,MUUSDT,US_STOCK:2026-06-18T20:00:00+00:00:2026-06-22T08:00:00+00:00
0.0,0.03545775,0.11819249999999999,0.5765252499999924,0.0,S3,EXECUTION_STRESS,3,D2-aabb8c8c40d9a340,MUUSDT,US_STOCK:2026-06-18T20:00:00+00:00:2026-06-22T08:00:00+00:00
,,,0.0,,D2-R3,EXECUTION_STRESS,10,D2-aabb8c8c40d9a340,MUUSDT,US_STOCK:2026-06-18T20:00:00+00:00:2026-06-22T08:00:00+00:00
,,,0.0,,S0,EXECUTION_STRESS,10,D2-aabb8c8c40d9a340,MUUSDT,US_STOCK:2026-06-18T20:00:00+00:00:2026-06-22T08:00:00+00:00
0.0,0.0,0.0,0.0,0.0,S1,EXECUTION_STRESS,10,D2-aabb8c8c40d9a340,MUUSDT,US_STOCK:2026-06-18T20:00:00+00:00:2026-06-22T08:00:00+00:00
0.0,0.014183099999999999,0.047277,0.23061009999999715,0.0,S2,EXECUTION_STRESS,10,D2-aabb8c8c40d9a340,MUUSDT,US_STOCK:2026-06-18T20:00:00+00:00:2026-06-22T08:00:00+00:00
0.0,0.03545775,0.11819249999999999,0.5765252499999924,0.0,S3,EXECUTION_STRESS,10,D2-aabb8c8c40d9a340,MUUSDT,US_STOCK:2026-06-18T20:00:00+00:00:2026-06-22T08:00:00+00:00
,,,0.0,,D2-R3,EXECUTION_STRESS,17,D2-aabb8c8c40d9a340,MUUSDT,US_STOCK:2026-06-18T20:00:00+00:00:2026-06-22T08:00:00+00:00
,,,0.0,,S0,EXECUTION_STRESS,17,D2-aabb8c8c40d9a340,MUUSDT,US_STOCK:2026-06-18T20:00:00+00:00:2026-06-22T08:00:00+00:00
0.0,0.0,0.0,0.0,0.0,S1,EXECUTION_STRESS,17,D2-aabb8c8c40d9a340,MUUSDT,US_STOCK:2026-06-18T20:00:00+00:00:2026-06-22T08:00:00+00:00
0.0,0.014183099999999999,0.047277,0.23061009999999715,0.0,S2,EXECUTION_STRESS,17,D2-aabb8c8c40d9a340,MUUSDT,US_STOCK:2026-06-18T20:00:00+00:00:2026-06-22T08:00:00+00:00
0.0,0.03545775,0.11819249999999999,0.5765252499999924,0.0,S3,EXECUTION_STRESS,17,D2-aabb8c8c40d9a340,MUUSDT,US_STOCK:2026-06-18T20:00:00+00:00:2026-06-22T08:00:00+00:00
,,,0.0,,D2-R3,EXECUTION_STRESS,31,D2-aabb8c8c40d9a340,MUUSDT,US_STOCK:2026-06-18T20:00:00+00:00:2026-06-22T08:00:00+00:00
,,,0.0,,S0,EXECUTION_STRESS,31,D2-aabb8c8c40d9a340,MUUSDT,US_STOCK:2026-06-18T20:00:00+00:00:2026-06-22T08:00:00+00:00
0.0,0.0,0.0,0.0,0.0,S1,EXECUTION_STRESS,31,D2-aabb8c8c40d9a340,MUUSDT,US_STOCK:2026-06-18T20:00:00+00:00:2026-06-22T08:00:00+00:00
0.0,0.014183099999999999,0.047277,0.23061009999999715,0.0,S2,EXECUTION_STRESS,31,D2-aabb8c8c40d9a340,MUUSDT,US_STOCK:2026-06-18T20:00:00+00:00:2026-06-22T08:00:00+00:00
0.0,0.03545775,0.11819249999999999,0.5765252499999924,0.0,S3,EXECUTION_STRESS,31,D2-aabb8c8c40d9a340,MUUSDT,US_STOCK:2026-06-18T20:00:00+00:00:2026-06-22T08:00:00+00:00
,,,0.0,,D2-R3,EXECUTION_STRESS,59,D2-aabb8c8c40d9a340,MUUSDT,US_STOCK:2026-06-18T20:00:00+00:00:2026-06-22T08:00:00+00:00
,,,0.0,,S0,EXECUTION_STRESS,59,D2-aabb8c8c40d9a340,MUUSDT,US_STOCK:2026-06-18T20:00:00+00:00:2026-06-22T08:00:00+00:00
0.0,0.0,0.0,0.0,0.0,S1,EXECUTION_STRESS,59,D2-aabb8c8c40d9a340,MUUSDT,US_STOCK:2026-06-18T20:00:00+00:00:2026-06-22T08:00:00+00:00
0.0,0.014183099999999999,0.047277,0.23061009999999715,0.0,S2,EXECUTION_STRESS,59,D2-aabb8c8c40d9a340,MUUSDT,US_STOCK:2026-06-18T20:00:00+00:00:2026-06-22T08:00:00+00:00
0.0,0.03545775,0.11819249999999999,0.5765252499999924,0.0,S3,EXECUTION_STRESS,59,D2-aabb8c8c40d9a340,MUUSDT,US_STOCK:2026-06-18T20:00:00+00:00:2026-06-22T08:00:00+00:00
,,,0.0,,D2-R3,EXECUTION_STRESS,97,D2-aabb8c8c40d9a340,MUUSDT,US_STOCK:2026-06-18T20:00:00+00:00:2026-06-22T08:00:00+00:00
,,,0.0,,S0,EXECUTION_STRESS,97,D2-aabb8c8c40d9a340,MUUSDT,US_STOCK:2026-06-18T20:00:00+00:00:2026-06-22T08:00:00+00:00
0.0,0.0,0.0,0.0,0.0,S1,EXECUTION_STRESS,97,D2-aabb8c8c40d9a340,MUUSDT,US_STOCK:2026-06-18T20:00:00+00:00:2026-06-22T08:00:00+00:00
0.0,0.014183099999999999,0.047277,0.23061009999999715,0.0,S2,EXECUTION_STRESS,97,D2-aabb8c8c40d9a340,MUUSDT,US_STOCK:2026-06-18T20:00:00+00:00:2026-06-22T08:00:00+00:00
0.0,0.03545775,0.11819249999999999,0.5765252499999924,0.0,S3,EXECUTION_STRESS,97,D2-aabb8c8c40d9a340,MUUSDT,US_STOCK:2026-06-18T20:00:00+00:00:2026-06-22T08:00:00+00:00
,,,0.0,,D2-R3,MAKER_PROMO_OFF,3,D2-aabb8c8c40d9a340,MUUSDT,US_STOCK:2026-06-18T20:00:00+00:00:2026-06-22T08:00:00+00:00
,,,0.0,,S0,MAKER_PROMO_OFF,3,D2-aabb8c8c40d9a340,MUUSDT,US_STOCK:2026-06-18T20:00:00+00:00:2026-06-22T08:00:00+00:00
0.0,0.0,0.0,0.0,0.0,S1,MAKER_PROMO_OFF,3,D2-aabb8c8c40d9a340,MUUSDT,US_STOCK:2026-06-18T20:00:00+00:00:2026-06-22T08:00:00+00:00
0.0,0.0094554,0.028366199999999998,0.2069715999999966,0.0,S2,MAKER_PROMO_OFF,3,D2-aabb8c8c40d9a340,MUUSDT,US_STOCK:2026-06-18T20:00:00+00:00:2026-06-22T08:00:00+00:00
0.0,0.0236385,0.07091549999999999,0.5174289999999919,0.0,S3,MAKER_PROMO_OFF,3,D2-aabb8c8c40d9a340,MUUSDT,US_STOCK:2026-06-18T20:00:00+00:00:2026-06-22T08:00:00+00:00
,,,0.0,,D2-R3,MAKER_PROMO_OFF,10,D2-aabb8c8c40d9a340,MUUSDT,US_STOCK:2026-06-18T20:00:00+00:00:2026-06-22T08:00:00+00:00
,,,0.0,,S0,MAKER_PROMO_OFF,10,D2-aabb8c8c40d9a340,MUUSDT,US_STOCK:2026-06-18T20:00:00+00:00:2026-06-22T08:00:00+00:00
0.0,0.0,0.0,0.0,0.0,S1,MAKER_PROMO_OFF,10,D2-aabb8c8c40d9a340,MUUSDT,US_STOCK:2026-06-18T20:00:00+00:00:2026-06-22T08:00:00+00:00
0.0,0.0094554,0.028366199999999998,0.2069715999999966,0.0,S2,MAKER_PROMO_OFF,10,D2-aabb8c8c40d9a340,MUUSDT,US_STOCK:2026-06-18T20:00:00+00:00:2026-06-22T08:00:00+00:00
0.0,0.0236385,0.07091549999999999,0.5174289999999919,0.0,S3,MAKER_PROMO_OFF,10,D2-aabb8c8c40d9a340,MUUSDT,US_STOCK:2026-06-18T20:00:00+00:00:2026-06-22T08:00:00+00:00
,,,0.0,,D2-R3,MAKER_PROMO_OFF,17,D2-aabb8c8c40d9a340,MUUSDT,US_STOCK:2026-06-18T20:00:00+00:00:2026-06-22T08:00:00+00:00
,,,0.0,,S0,MAKER_PROMO_OFF,17,D2-aabb8c8c40d9a340,MUUSDT,US_STOCK:2026-06-18T20:00:00+00:00:2026-06-22T08:00:00+00:00
0.0,0.0,0.0,0.0,0.0,S1,MAKER_PROMO_OFF,17,D2-aabb8c8c40d9a340,MUUSDT,US_STOCK:2026-06-18T20:00:00+00:00:2026-06-22T08:00:00+00:00
0.0,0.0094554,0.028366199999999998,0.2069715999999966,0.0,S2,MAKER_PROMO_OFF,17,D2-aabb8c8c40d9a340,MUUSDT,US_STOCK:2026-06-18T20:00:00+00:00:2026-06-22T08:00:00+00:00
0.0,0.0236385,0.07091549999999999,0.5174289999999919,0.0,S3,MAKER_PROMO_OFF,17,D2-aabb8c8c40d9a340,MUUSDT,US_STOCK:2026-06-18T20:00:00+00:00:2026-06-22T08:00:00+00:00
,,,0.0,,D2-R3,MAKER_PROMO_OFF,31,D2-aabb8c8c40d9a340,MUUSDT,US_STOCK:2026-06-18T20:00:00+00:00:2026-06-22T08:00:00+00:00
,,,0.0,,S0,MAKER_PROMO_OFF,31,D2-aabb8c8c40d9a340,MUUSDT,US_STOCK:2026-06-18T20:00:00+00:00:2026-06-22T08:00:00+00:00
0.0,0.0,0.0,0.0,0.0,S1,MAKER_PROMO_OFF,31,D2-aabb8c8c40d9a340,MUUSDT,US_STOCK:2026-06-18T20:00:00+00:00:2026-06-22T08:00:00+00:00
0.0,0.0094554,0.028366199999999998,0.2069715999999966,0.0,S2,MAKER_PROMO_OFF,31,D2-aabb8c8c40d9a340,MUUSDT,US_STOCK:2026-06-18T20:00:00+00:00:2026-06-22T08:00:00+00:00
0.0,0.0236385,0.07091549999999999,0.5174289999999919,0.0,S3,MAKER_PROMO_OFF,31,D2-aabb8c8c40d9a340,MUUSDT,US_STOCK:2026-06-18T20:00:00+00:00:2026-06-22T08:00:00+00:00
,,,0.0,,D2-R3,MAKER_PROMO_OFF,59,D2-aabb8c8c40d9a340,MUUSDT,US_STOCK:2026-06-18T20:00:00+00:00:2026-06-22T08:00:00+00:00
,,,0.0,,S0,MAKER_PROMO_OFF,59,D2-aabb8c8c40d9a340,MUUSDT,US_STOCK:2026-06-18T20:00:00+00:00:2026-06-22T08:00:00+00:00
0.0,0.0,0.0,0.0,0.0,S1,MAKER_PROMO_OFF,59,D2-aabb8c8c40d9a340,MUUSDT,US_STOCK:2026-06-18T20:00:00+00:00:2026-06-22T08:00:00+00:00
0.0,0.0094554,0.028366199999999998,0.2069715999999966,0.0,S2,MAKER_PROMO_OFF,59,D2-aabb8c8c40d9a340,MUUSDT,US_STOCK:2026-06-18T20:00:00+00:00:2026-06-22T08:00:00+00:00
0.0,0.0236385,0.07091549999999999,0.5174289999999919,0.0,S3,MAKER_PROMO_OFF,59,D2-aabb8c8c40d9a340,MUUSDT,US_STOCK:2026-06-18T20:00:00+00:00:2026-06-22T08:00:00+00:00
,,,0.0,,D2-R3,MAKER_PROMO_OFF,97,D2-aabb8c8c40d9a340,MUUSDT,US_STOCK:2026-06-18T20:00:00+00:00:2026-06-22T08:00:00+00:00
,,,0.0,,S0,MAKER_PROMO_OFF,97,D2-aabb8c8c40d9a340,MUUSDT,US_STOCK:2026-06-18T20:00:00+00:00:2026-06-22T08:00:00+00:00
0.0,0.0,0.0,0.0,0.0,S1,MAKER_PROMO_OFF,97,D2-aabb8c8c40d9a340,MUUSDT,US_STOCK:2026-06-18T20:00:00+00:00:2026-06-22T08:00:00+00:00
0.0,0.0094554,0.028366199999999998,0.2069715999999966,0.0,S2,MAKER_PROMO_OFF,97,D2-aabb8c8c40d9a340,MUUSDT,US_STOCK:2026-06-18T20:00:00+00:00:2026-06-22T08:00:00+00:00
0.0,0.0236385,0.07091549999999999,0.5174289999999919,0.0,S3,MAKER_PROMO_OFF,97,D2-aabb8c8c40d9a340,MUUSDT,US_STOCK:2026-06-18T20:00:00+00:00:2026-06-22T08:00:00+00:00
,,,0.0,,D2-R3,PRIMARY_ZERO_MAKER,3,D2-65dad30b2f4a428a,SOXLUSDT,US_LEVERAGED_ETF:2026-06-18T20:00:00+00:00:2026-06-22T08:00:00+00:00
,,,0.0,,S0,PRIMARY_ZERO_MAKER,3,D2-65dad30b2f4a428a,SOXLUSDT,US_LEVERAGED_ETF:2026-06-18T20:00:00+00:00:2026-06-22T08:00:00+00:00
0.0,0.0,0.0,0.0,0.0,S1,PRIMARY_ZERO_MAKER,3,D2-65dad30b2f4a428a,SOXLUSDT,US_LEVERAGED_ETF:2026-06-18T20:00:00+00:00:2026-06-22T08:00:00+00:00
0.0,0.005814675000000001,0.011629350000000002,0.08280402500000167,0.0,S2,PRIMARY_ZERO_MAKER,3,D2-65dad30b2f4a428a,SOXLUSDT,US_LEVERAGED_ETF:2026-06-18T20:00:00+00:00:2026-06-22T08:00:00+00:00
0.0,0.014536687500000001,0.029073375000000005,0.20701006250000414,0.0,S3,PRIMARY_ZERO_MAKER,3,D2-65dad30b2f4a428a,SOXLUSDT,US_LEVERAGED_ETF:2026-06-18T20:00:00+00:00:2026-06-22T08:00:00+00:00
,,,0.0,,D2-R3,PRIMARY_ZERO_MAKER,10,D2-65dad30b2f4a428a,SOXLUSDT,US_LEVERAGED_ETF:2026-06-18T20:00:00+00:00:2026-06-22T08:00:00+00:00
,,,0.0,,S0,PRIMARY_ZERO_MAKER,10,D2-65dad30b2f4a428a,SOXLUSDT,US_LEVERAGED_ETF:2026-06-18T20:00:00+00:00:2026-06-22T08:00:00+00:00
0.0,0.0,0.0,0.0,0.0,S1,PRIMARY_ZERO_MAKER,10,D2-65dad30b2f4a428a,SOXLUSDT,US_LEVERAGED_ETF:2026-06-18T20:00:00+00:00:2026-06-22T08:00:00+00:00
0.0,0.005814675000000001,0.011629350000000002,0.08280402500000167,0.0,S2,PRIMARY_ZERO_MAKER,10,D2-65dad30b2f4a428a,SOXLUSDT,US_LEVERAGED_ETF:2026-06-18T20:00:00+00:00:2026-06-22T08:00:00+00:00
0.0,0.014536687500000001,0.029073375000000005,0.20701006250000414,0.0,S3,PRIMARY_ZERO_MAKER,10,D2-65dad30b2f4a428a,SOXLUSDT,US_LEVERAGED_ETF:2026-06-18T20:00:00+00:00:2026-06-22T08:00:00+00:00
,,,0.0,,D2-R3,PRIMARY_ZERO_MAKER,17,D2-65dad30b2f4a428a,SOXLUSDT,US_LEVERAGED_ETF:2026-06-18T20:00:00+00:00:2026-06-22T08:00:00+00:00
,,,0.0,,S0,PRIMARY_ZERO_MAKER,17,D2-65dad30b2f4a428a,SOXLUSDT,US_LEVERAGED_ETF:2026-06-18T20:00:00+00:00:2026-06-22T08:00:00+00:00
0.0,0.0,0.0,0.0,0.0,S1,PRIMARY_ZERO_MAKER,17,D2-65dad30b2f4a428a,SOXLUSDT,US_LEVERAGED_ETF:2026-06-18T20:00:00+00:00:2026-06-22T08:00:00+00:00
0.0,0.005814675000000001,0.011629350000000002,0.08280402500000167,0.0,S2,PRIMARY_ZERO_MAKER,17,D2-65dad30b2f4a428a,SOXLUSDT,US_LEVERAGED_ETF:2026-06-18T20:00:00+00:00:2026-06-22T08:00:00+00:00
0.0,0.014536687500000001,0.029073375000000005,0.20701006250000414,0.0,S3,PRIMARY_ZERO_MAKER,17,D2-65dad30b2f4a428a,SOXLUSDT,US_LEVERAGED_ETF:2026-06-18T20:00:00+00:00:2026-06-22T08:00:00+00:00
,,,0.0,,D2-R3,PRIMARY_ZERO_MAKER,31,D2-65dad30b2f4a428a,SOXLUSDT,US_LEVERAGED_ETF:2026-06-18T20:00:00+00:00:2026-06-22T08:00:00+00:00
,,,0.0,,S0,PRIMARY_ZERO_MAKER,31,D2-65dad30b2f4a428a,SOXLUSDT,US_LEVERAGED_ETF:2026-06-18T20:00:00+00:00:2026-06-22T08:00:00+00:00
0.0,0.0,0.0,0.0,0.0,S1,PRIMARY_ZERO_MAKER,31,D2-65dad30b2f4a428a,SOXLUSDT,US_LEVERAGED_ETF:2026-06-18T20:00:00+00:00:2026-06-22T08:00:00+00:00
0.0,0.005814675000000001,0.011629350000000002,0.08280402500000167,0.0,S2,PRIMARY_ZERO_MAKER,31,D2-65dad30b2f4a428a,SOXLUSDT,US_LEVERAGED_ETF:2026-06-18T20:00:00+00:00:2026-06-22T08:00:00+00:00
0.0,0.014536687500000001,0.029073375000000005,0.20701006250000414,0.0,S3,PRIMARY_ZERO_MAKER,31,D2-65dad30b2f4a428a,SOXLUSDT,US_LEVERAGED_ETF:2026-06-18T20:00:00+00:00:2026-06-22T08:00:00+00:00
,,,0.0,,D2-R3,PRIMARY_ZERO_MAKER,59,D2-65dad30b2f4a428a,SOXLUSDT,US_LEVERAGED_ETF:2026-06-18T20:00:00+00:00:2026-06-22T08:00:00+00:00
,,,0.0,,S0,PRIMARY_ZERO_MAKER,59,D2-65dad30b2f4a428a,SOXLUSDT,US_LEVERAGED_ETF:2026-06-18T20:00:00+00:00:2026-06-22T08:00:00+00:00
0.0,0.0,0.0,0.0,0.0,S1,PRIMARY_ZERO_MAKER,59,D2-65dad30b2f4a428a,SOXLUSDT,US_LEVERAGED_ETF:2026-06-18T20:00:00+00:00:2026-06-22T08:00:00+00:00
0.0,0.005814675000000001,0.011629350000000002,0.08280402500000167,0.0,S2,PRIMARY_ZERO_MAKER,59,D2-65dad30b2f4a428a,SOXLUSDT,US_LEVERAGED_ETF:2026-06-18T20:00:00+00:00:2026-06-22T08:00:00+00:00
0.0,0.014536687500000001,0.029073375000000005,0.20701006250000414,0.0,S3,PRIMARY_ZERO_MAKER,59,D2-65dad30b2f4a428a,SOXLUSDT,US_LEVERAGED_ETF:2026-06-18T20:00:00+00:00:2026-06-22T08:00:00+00:00
,,,0.0,,D2-R3,PRIMARY_ZERO_MAKER,97,D2-65dad30b2f4a428a,SOXLUSDT,US_LEVERAGED_ETF:2026-06-18T20:00:00+00:00:2026-06-22T08:00:00+00:00
,,,0.0,,S0,PRIMARY_ZERO_MAKER,97,D2-65dad30b2f4a428a,SOXLUSDT,US_LEVERAGED_ETF:2026-06-18T20:00:00+00:00:2026-06-22T08:00:00+00:00
0.0,0.0,0.0,0.0,0.0,S1,PRIMARY_ZERO_MAKER,97,D2-65dad30b2f4a428a,SOXLUSDT,US_LEVERAGED_ETF:2026-06-18T20:00:00+00:00:2026-06-22T08:00:00+00:00
0.0,0.005814675000000001,0.011629350000000002,0.08280402500000167,0.0,S2,PRIMARY_ZERO_MAKER,97,D2-65dad30b2f4a428a,SOXLUSDT,US_LEVERAGED_ETF:2026-06-18T20:00:00+00:00:2026-06-22T08:00:00+00:00
0.0,0.014536687500000001,0.029073375000000005,0.20701006250000414,0.0,S3,PRIMARY_ZERO_MAKER,97,D2-65dad30b2f4a428a,SOXLUSDT,US_LEVERAGED_ETF:2026-06-18T20:00:00+00:00:2026-06-22T08:00:00+00:00
,,,0.0,,D2-R3,EXECUTION_STRESS,3,D2-65dad30b2f4a428a,SOXLUSDT,US_LEVERAGED_ETF:2026-06-18T20:00:00+00:00:2026-06-22T08:00:00+00:00
,,,0.0,,S0,EXECUTION_STRESS,3,D2-65dad30b2f4a428a,SOXLUSDT,US_LEVERAGED_ETF:2026-06-18T20:00:00+00:00:2026-06-22T08:00:00+00:00
0.0,0.0,0.0,0.0,0.0,S1,EXECUTION_STRESS,3,D2-65dad30b2f4a428a,SOXLUSDT,US_LEVERAGED_ETF:2026-06-18T20:00:00+00:00:2026-06-22T08:00:00+00:00
0.0,0.008722012500000003,0.029073375000000005,0.10315538750000164,0.0,S2,EXECUTION_STRESS,3,D2-65dad30b2f4a428a,SOXLUSDT,US_LEVERAGED_ETF:2026-06-18T20:00:00+00:00:2026-06-22T08:00:00+00:00
0.0,0.021805031250000002,0.0726834375,0.25788846875000415,0.0,S3,EXECUTION_STRESS,3,D2-65dad30b2f4a428a,SOXLUSDT,US_LEVERAGED_ETF:2026-06-18T20:00:00+00:00:2026-06-22T08:00:00+00:00
,,,0.0,,D2-R3,EXECUTION_STRESS,10,D2-65dad30b2f4a428a,SOXLUSDT,US_LEVERAGED_ETF:2026-06-18T20:00:00+00:00:2026-06-22T08:00:00+00:00
,,,0.0,,S0,EXECUTION_STRESS,10,D2-65dad30b2f4a428a,SOXLUSDT,US_LEVERAGED_ETF:2026-06-18T20:00:00+00:00:2026-06-22T08:00:00+00:00
0.0,0.0,0.0,0.0,0.0,S1,EXECUTION_STRESS,10,D2-65dad30b2f4a428a,SOXLUSDT,US_LEVERAGED_ETF:2026-06-18T20:00:00+00:00:2026-06-22T08:00:00+00:00
0.0,0.008722012500000003,0.029073375000000005,0.10315538750000164,0.0,S2,EXECUTION_STRESS,10,D2-65dad30b2f4a428a,SOXLUSDT,US_LEVERAGED_ETF:2026-06-18T20:00:00+00:00:2026-06-22T08:00:00+00:00
0.0,0.021805031250000002,0.0726834375,0.25788846875000415,0.0,S3,EXECUTION_STRESS,10,D2-65dad30b2f4a428a,SOXLUSDT,US_LEVERAGED_ETF:2026-06-18T20:00:00+00:00:2026-06-22T08:00:00+00:00
,,,0.0,,D2-R3,EXECUTION_STRESS,17,D2-65dad30b2f4a428a,SOXLUSDT,US_LEVERAGED_ETF:2026-06-18T20:00:00+00:00:2026-06-22T08:00:00+00:00
,,,0.0,,S0,EXECUTION_STRESS,17,D2-65dad30b2f4a428a,SOXLUSDT,US_LEVERAGED_ETF:2026-06-18T20:00:00+00:00:2026-06-22T08:00:00+00:00
0.0,0.0,0.0,0.0,0.0,S1,EXECUTION_STRESS,17,D2-65dad30b2f4a428a,SOXLUSDT,US_LEVERAGED_ETF:2026-06-18T20:00:00+00:00:2026-06-22T08:00:00+00:00
0.0,0.008722012500000003,0.029073375000000005,0.10315538750000164,0.0,S2,EXECUTION_STRESS,17,D2-65dad30b2f4a428a,SOXLUSDT,US_LEVERAGED_ETF:2026-06-18T20:00:00+00:00:2026-06-22T08:00:00+00:00
0.0,0.021805031250000002,0.0726834375,0.25788846875000415,0.0,S3,EXECUTION_STRESS,17,D2-65dad30b2f4a428a,SOXLUSDT,US_LEVERAGED_ETF:2026-06-18T20:00:00+00:00:2026-06-22T08:00:00+00:00
,,,0.0,,D2-R3,EXECUTION_STRESS,31,D2-65dad30b2f4a428a,SOXLUSDT,US_LEVERAGED_ETF:2026-06-18T20:00:00+00:00:2026-06-22T08:00:00+00:00
,,,0.0,,S0,EXECUTION_STRESS,31,D2-65dad30b2f4a428a,SOXLUSDT,US_LEVERAGED_ETF:2026-06-18T20:00:00+00:00:2026-06-22T08:00:00+00:00
0.0,0.0,0.0,0.0,0.0,S1,EXECUTION_STRESS,31,D2-65dad30b2f4a428a,SOXLUSDT,US_LEVERAGED_ETF:2026-06-18T20:00:00+00:00:2026-06-22T08:00:00+00:00
0.0,0.008722012500000003,0.029073375000000005,0.10315538750000164,0.0,S2,EXECUTION_STRESS,31,D2-65dad30b2f4a428a,SOXLUSDT,US_LEVERAGED_ETF:2026-06-18T20:00:00+00:00:2026-06-22T08:00:00+00:00
0.0,0.021805031250000002,0.0726834375,0.25788846875000415,0.0,S3,EXECUTION_STRESS,31,D2-65dad30b2f4a428a,SOXLUSDT,US_LEVERAGED_ETF:2026-06-18T20:00:00+00:00:2026-06-22T08:00:00+00:00
,,,0.0,,D2-R3,EXECUTION_STRESS,59,D2-65dad30b2f4a428a,SOXLUSDT,US_LEVERAGED_ETF:2026-06-18T20:00:00+00:00:2026-06-22T08:00:00+00:00
,,,0.0,,S0,EXECUTION_STRESS,59,D2-65dad30b2f4a428a,SOXLUSDT,US_LEVERAGED_ETF:2026-06-18T20:00:00+00:00:2026-06-22T08:00:00+00:00
0.0,0.0,0.0,0.0,0.0,S1,EXECUTION_STRESS,59,D2-65dad30b2f4a428a,SOXLUSDT,US_LEVERAGED_ETF:2026-06-18T20:00:00+00:00:2026-06-22T08:00:00+00:00
0.0,0.008722012500000003,0.029073375000000005,0.10315538750000164,0.0,S2,EXECUTION_STRESS,59,D2-65dad30b2f4a428a,SOXLUSDT,US_LEVERAGED_ETF:2026-06-18T20:00:00+00:00:2026-06-22T08:00:00+00:00
0.0,0.021805031250000002,0.0726834375,0.25788846875000415,0.0,S3,EXECUTION_STRESS,59,D2-65dad30b2f4a428a,SOXLUSDT,US_LEVERAGED_ETF:2026-06-18T20:00:00+00:00:2026-06-22T08:00:00+00:00
,,,0.0,,D2-R3,EXECUTION_STRESS,97,D2-65dad30b2f4a428a,SOXLUSDT,US_LEVERAGED_ETF:2026-06-18T20:00:00+00:00:2026-06-22T08:00:00+00:00
,,,0.0,,S0,EXECUTION_STRESS,97,D2-65dad30b2f4a428a,SOXLUSDT,US_LEVERAGED_ETF:2026-06-18T20:00:00+00:00:2026-06-22T08:00:00+00:00
0.0,0.0,0.0,0.0,0.0,S1,EXECUTION_STRESS,97,D2-65dad30b2f4a428a,SOXLUSDT,US_LEVERAGED_ETF:2026-06-18T20:00:00+00:00:2026-06-22T08:00:00+00:00
0.0,0.008722012500000003,0.029073375000000005,0.10315538750000164,0.0,S2,EXECUTION_STRESS,97,D2-65dad30b2f4a428a,SOXLUSDT,US_LEVERAGED_ETF:2026-06-18T20:00:00+00:00:2026-06-22T08:00:00+00:00
0.0,0.021805031250000002,0.0726834375,0.25788846875000415,0.0,S3,EXECUTION_STRESS,97,D2-65dad30b2f4a428a,SOXLUSDT,US_LEVERAGED_ETF:2026-06-18T20:00:00+00:00:2026-06-22T08:00:00+00:00
,,,0.0,,D2-R3,MAKER_PROMO_OFF,3,D2-65dad30b2f4a428a,SOXLUSDT,US_LEVERAGED_ETF:2026-06-18T20:00:00+00:00:2026-06-22T08:00:00+00:00
,,,0.0,,S0,MAKER_PROMO_OFF,3,D2-65dad30b2f4a428a,SOXLUSDT,US_LEVERAGED_ETF:2026-06-18T20:00:00+00:00:2026-06-22T08:00:00+00:00
0.0,0.0,0.0,0.0,0.0,S1,MAKER_PROMO_OFF,3,D2-65dad30b2f4a428a,SOXLUSDT,US_LEVERAGED_ETF:2026-06-18T20:00:00+00:00:2026-06-22T08:00:00+00:00
0.0,0.005814675000000001,0.017444025000000005,0.0886187000000016,0.0,S2,MAKER_PROMO_OFF,3,D2-65dad30b2f4a428a,SOXLUSDT,US_LEVERAGED_ETF:2026-06-18T20:00:00+00:00:2026-06-22T08:00:00+00:00
0.0,0.014536687500000001,0.043610062500000005,0.22154675000000423,0.0,S3,MAKER_PROMO_OFF,3,D2-65dad30b2f4a428a,SOXLUSDT,US_LEVERAGED_ETF:2026-06-18T20:00:00+00:00:2026-06-22T08:00:00+00:00
,,,0.0,,D2-R3,MAKER_PROMO_OFF,10,D2-65dad30b2f4a428a,SOXLUSDT,US_LEVERAGED_ETF:2026-06-18T20:00:00+00:00:2026-06-22T08:00:00+00:00
,,,0.0,,S0,MAKER_PROMO_OFF,10,D2-65dad30b2f4a428a,SOXLUSDT,US_LEVERAGED_ETF:2026-06-18T20:00:00+00:00:2026-06-22T08:00:00+00:00
0.0,0.0,0.0,0.0,0.0,S1,MAKER_PROMO_OFF,10,D2-65dad30b2f4a428a,SOXLUSDT,US_LEVERAGED_ETF:2026-06-18T20:00:00+00:00:2026-06-22T08:00:00+00:00
0.0,0.005814675000000001,0.017444025000000005,0.0886187000000016,0.0,S2,MAKER_PROMO_OFF,10,D2-65dad30b2f4a428a,SOXLUSDT,US_LEVERAGED_ETF:2026-06-18T20:00:00+00:00:2026-06-22T08:00:00+00:00
0.0,0.014536687500000001,0.043610062500000005,0.22154675000000423,0.0,S3,MAKER_PROMO_OFF,10,D2-65dad30b2f4a428a,SOXLUSDT,US_LEVERAGED_ETF:2026-06-18T20:00:00+00:00:2026-06-22T08:00:00+00:00
,,,0.0,,D2-R3,MAKER_PROMO_OFF,17,D2-65dad30b2f4a428a,SOXLUSDT,US_LEVERAGED_ETF:2026-06-18T20:00:00+00:00:2026-06-22T08:00:00+00:00
,,,0.0,,S0,MAKER_PROMO_OFF,17,D2-65dad30b2f4a428a,SOXLUSDT,US_LEVERAGED_ETF:2026-06-18T20:00:00+00:00:2026-06-22T08:00:00+00:00
0.0,0.0,0.0,0.0,0.0,S1,MAKER_PROMO_OFF,17,D2-65dad30b2f4a428a,SOXLUSDT,US_LEVERAGED_ETF:2026-06-18T20:00:00+00:00:2026-06-22T08:00:00+00:00
0.0,0.005814675000000001,0.017444025000000005,0.0886187000000016,0.0,S2,MAKER_PROMO_OFF,17,D2-65dad30b2f4a428a,SOXLUSDT,US_LEVERAGED_ETF:2026-06-18T20:00:00+00:00:2026-06-22T08:00:00+00:00
0.0,0.014536687500000001,0.043610062500000005,0.22154675000000423,0.0,S3,MAKER_PROMO_OFF,17,D2-65dad30b2f4a428a,SOXLUSDT,US_LEVERAGED_ETF:2026-06-18T20:00:00+00:00:2026-06-22T08:00:00+00:00
,,,0.0,,D2-R3,MAKER_PROMO_OFF,31,D2-65dad30b2f4a428a,SOXLUSDT,US_LEVERAGED_ETF:2026-06-18T20:00:00+00:00:2026-06-22T08:00:00+00:00
,,,0.0,,S0,MAKER_PROMO_OFF,31,D2-65dad30b2f4a428a,SOXLUSDT,US_LEVERAGED_ETF:2026-06-18T20:00:00+00:00:2026-06-22T08:00:00+00:00
0.0,0.0,0.0,0.0,0.0,S1,MAKER_PROMO_OFF,31,D2-65dad30b2f4a428a,SOXLUSDT,US_LEVERAGED_ETF:2026-06-18T20:00:00+00:00:2026-06-22T08:00:00+00:00
0.0,0.005814675000000001,0.017444025000000005,0.0886187000000016,0.0,S2,MAKER_PROMO_OFF,31,D2-65dad30b2f4a428a,SOXLUSDT,US_LEVERAGED_ETF:2026-06-18T20:00:00+00:00:2026-06-22T08:00:00+00:00
0.0,0.014536687500000001,0.043610062500000005,0.22154675000000423,0.0,S3,MAKER_PROMO_OFF,31,D2-65dad30b2f4a428a,SOXLUSDT,US_LEVERAGED_ETF:2026-06-18T20:00:00+00:00:2026-06-22T08:00:00+00:00
,,,0.0,,D2-R3,MAKER_PROMO_OFF,59,D2-65dad30b2f4a428a,SOXLUSDT,US_LEVERAGED_ETF:2026-06-18T20:00:00+00:00:2026-06-22T08:00:00+00:00
,,,0.0,,S0,MAKER_PROMO_OFF,59,D2-65dad30b2f4a428a,SOXLUSDT,US_LEVERAGED_ETF:2026-06-18T20:00:00+00:00:2026-06-22T08:00:00+00:00
0.0,0.0,0.0,0.0,0.0,S1,MAKER_PROMO_OFF,59,D2-65dad30b2f4a428a,SOXLUSDT,US_LEVERAGED_ETF:2026-06-18T20:00:00+00:00:2026-06-22T08:00:00+00:00
0.0,0.005814675000000001,0.017444025000000005,0.0886187000000016,0.0,S2,MAKER_PROMO_OFF,59,D2-65dad30b2f4a428a,SOXLUSDT,US_LEVERAGED_ETF:2026-06-18T20:00:00+00:00:2026-06-22T08:00:00+00:00
0.0,0.014536687500000001,0.043610062500000005,0.22154675000000423,0.0,S3,MAKER_PROMO_OFF,59,D2-65dad30b2f4a428a,SOXLUSDT,US_LEVERAGED_ETF:2026-06-18T20:00:00+00:00:2026-06-22T08:00:00+00:00
,,,0.0,,D2-R3,MAKER_PROMO_OFF,97,D2-65dad30b2f4a428a,SOXLUSDT,US_LEVERAGED_ETF:2026-06-18T20:00:00+00:00:2026-06-22T08:00:00+00:00
,,,0.0,,S0,MAKER_PROMO_OFF,97,D2-65dad30b2f4a428a,SOXLUSDT,US_LEVERAGED_ETF:2026-06-18T20:00:00+00:00:2026-06-22T08:00:00+00:00
0.0,0.0,0.0,0.0,0.0,S1,MAKER_PROMO_OFF,97,D2-65dad30b2f4a428a,SOXLUSDT,US_LEVERAGED_ETF:2026-06-18T20:00:00+00:00:2026-06-22T08:00:00+00:00
0.0,0.005814675000000001,0.017444025000000005,0.0886187000000016,0.0,S2,MAKER_PROMO_OFF,97,D2-65dad30b2f4a428a,SOXLUSDT,US_LEVERAGED_ETF:2026-06-18T20:00:00+00:00:2026-06-22T08:00:00+00:00
0.0,0.014536687500000001,0.043610062500000005,0.22154675000000423,0.0,S3,MAKER_PROMO_OFF,97,D2-65dad30b2f4a428a,SOXLUSDT,US_LEVERAGED_ETF:2026-06-18T20:00:00+00:00:2026-06-22T08:00:00+00:00
,,,0.0,,D2-R3,PRIMARY_ZERO_MAKER,3,D2-0acac97ea7d9f11f,SOXLUSDT,US_LEVERAGED_ETF:2026-06-26T20:00:00+00:00:2026-06-29T08:00:00+00:00
,,,0.0,,S0,PRIMARY_ZERO_MAKER,3,D2-0acac97ea7d9f11f,SOXLUSDT,US_LEVERAGED_ETF:2026-06-26T20:00:00+00:00:2026-06-29T08:00:00+00:00
0.0,0.0,0.0,0.0,0.0,S1,PRIMARY_ZERO_MAKER,3,D2-0acac97ea7d9f11f,SOXLUSDT,US_LEVERAGED_ETF:2026-06-26T20:00:00+00:00:2026-06-29T08:00:00+00:00
0.0,0.005162245,0.01032449,0.059666734999999915,0.0,S2,PRIMARY_ZERO_MAKER,3,D2-0acac97ea7d9f11f,SOXLUSDT,US_LEVERAGED_ETF:2026-06-26T20:00:00+00:00:2026-06-29T08:00:00+00:00
0.0,0.0129056125,0.025811225,0.14916683749999973,0.0,S3,PRIMARY_ZERO_MAKER,3,D2-0acac97ea7d9f11f,SOXLUSDT,US_LEVERAGED_ETF:2026-06-26T20:00:00+00:00:2026-06-29T08:00:00+00:00
,,,0.0,,D2-R3,PRIMARY_ZERO_MAKER,10,D2-0acac97ea7d9f11f,SOXLUSDT,US_LEVERAGED_ETF:2026-06-26T20:00:00+00:00:2026-06-29T08:00:00+00:00
,,,0.0,,S0,PRIMARY_ZERO_MAKER,10,D2-0acac97ea7d9f11f,SOXLUSDT,US_LEVERAGED_ETF:2026-06-26T20:00:00+00:00:2026-06-29T08:00:00+00:00
0.0,0.0,0.0,0.0,0.0,S1,PRIMARY_ZERO_MAKER,10,D2-0acac97ea7d9f11f,SOXLUSDT,US_LEVERAGED_ETF:2026-06-26T20:00:00+00:00:2026-06-29T08:00:00+00:00
0.0,0.005162245,0.01032449,0.05966673499999997,0.0,S2,PRIMARY_ZERO_MAKER,10,D2-0acac97ea7d9f11f,SOXLUSDT,US_LEVERAGED_ETF:2026-06-26T20:00:00+00:00:2026-06-29T08:00:00+00:00
0.0,0.0129056125,0.025811225,0.1491668374999997,0.0,S3,PRIMARY_ZERO_MAKER,10,D2-0acac97ea7d9f11f,SOXLUSDT,US_LEVERAGED_ETF:2026-06-26T20:00:00+00:00:2026-06-29T08:00:00+00:00
,,,0.0,,D2-R3,PRIMARY_ZERO_MAKER,17,D2-0acac97ea7d9f11f,SOXLUSDT,US_LEVERAGED_ETF:2026-06-26T20:00:00+00:00:2026-06-29T08:00:00+00:00
,,,0.0,,S0,PRIMARY_ZERO_MAKER,17,D2-0acac97ea7d9f11f,SOXLUSDT,US_LEVERAGED_ETF:2026-06-26T20:00:00+00:00:2026-06-29T08:00:00+00:00
0.0,0.0,0.0,0.0,0.0,S1,PRIMARY_ZERO_MAKER,17,D2-0acac97ea7d9f11f,SOXLUSDT,US_LEVERAGED_ETF:2026-06-26T20:00:00+00:00:2026-06-29T08:00:00+00:00
0.0,0.005162245,0.01032449,0.05966673499999997,0.0,S2,PRIMARY_ZERO_MAKER,17,D2-0acac97ea7d9f11f,SOXLUSDT,US_LEVERAGED_ETF:2026-06-26T20:00:00+00:00:2026-06-29T08:00:00+00:00
0.0,0.0129056125,0.025811225,0.1491668374999997,0.0,S3,PRIMARY_ZERO_MAKER,17,D2-0acac97ea7d9f11f,SOXLUSDT,US_LEVERAGED_ETF:2026-06-26T20:00:00+00:00:2026-06-29T08:00:00+00:00
,,,0.0,,D2-R3,PRIMARY_ZERO_MAKER,31,D2-0acac97ea7d9f11f,SOXLUSDT,US_LEVERAGED_ETF:2026-06-26T20:00:00+00:00:2026-06-29T08:00:00+00:00
,,,0.0,,S0,PRIMARY_ZERO_MAKER,31,D2-0acac97ea7d9f11f,SOXLUSDT,US_LEVERAGED_ETF:2026-06-26T20:00:00+00:00:2026-06-29T08:00:00+00:00
0.0,0.0,0.0,0.0,0.0,S1,PRIMARY_ZERO_MAKER,31,D2-0acac97ea7d9f11f,SOXLUSDT,US_LEVERAGED_ETF:2026-06-26T20:00:00+00:00:2026-06-29T08:00:00+00:00
0.0,0.005162245,0.01032449,0.05966673499999997,0.0,S2,PRIMARY_ZERO_MAKER,31,D2-0acac97ea7d9f11f,SOXLUSDT,US_LEVERAGED_ETF:2026-06-26T20:00:00+00:00:2026-06-29T08:00:00+00:00
0.0,0.0129056125,0.025811225,0.1491668374999997,0.0,S3,PRIMARY_ZERO_MAKER,31,D2-0acac97ea7d9f11f,SOXLUSDT,US_LEVERAGED_ETF:2026-06-26T20:00:00+00:00:2026-06-29T08:00:00+00:00
,,,0.0,,D2-R3,PRIMARY_ZERO_MAKER,59,D2-0acac97ea7d9f11f,SOXLUSDT,US_LEVERAGED_ETF:2026-06-26T20:00:00+00:00:2026-06-29T08:00:00+00:00
,,,0.0,,S0,PRIMARY_ZERO_MAKER,59,D2-0acac97ea7d9f11f,SOXLUSDT,US_LEVERAGED_ETF:2026-06-26T20:00:00+00:00:2026-06-29T08:00:00+00:00
0.0,0.0,0.0,0.0,0.0,S1,PRIMARY_ZERO_MAKER,59,D2-0acac97ea7d9f11f,SOXLUSDT,US_LEVERAGED_ETF:2026-06-26T20:00:00+00:00:2026-06-29T08:00:00+00:00
0.0,0.005162245,0.01032449,0.05966673499999997,0.0,S2,PRIMARY_ZERO_MAKER,59,D2-0acac97ea7d9f11f,SOXLUSDT,US_LEVERAGED_ETF:2026-06-26T20:00:00+00:00:2026-06-29T08:00:00+00:00
0.0,0.0129056125,0.025811225,0.1491668374999997,0.0,S3,PRIMARY_ZERO_MAKER,59,D2-0acac97ea7d9f11f,SOXLUSDT,US_LEVERAGED_ETF:2026-06-26T20:00:00+00:00:2026-06-29T08:00:00+00:00
,,,0.0,,D2-R3,PRIMARY_ZERO_MAKER,97,D2-0acac97ea7d9f11f,SOXLUSDT,US_LEVERAGED_ETF:2026-06-26T20:00:00+00:00:2026-06-29T08:00:00+00:00
,,,0.0,,S0,PRIMARY_ZERO_MAKER,97,D2-0acac97ea7d9f11f,SOXLUSDT,US_LEVERAGED_ETF:2026-06-26T20:00:00+00:00:2026-06-29T08:00:00+00:00
0.0,0.0,0.0,0.0,0.0,S1,PRIMARY_ZERO_MAKER,97,D2-0acac97ea7d9f11f,SOXLUSDT,US_LEVERAGED_ETF:2026-06-26T20:00:00+00:00:2026-06-29T08:00:00+00:00
0.0,0.005162245,0.01032449,0.05966673499999997,0.0,S2,PRIMARY_ZERO_MAKER,97,D2-0acac97ea7d9f11f,SOXLUSDT,US_LEVERAGED_ETF:2026-06-26T20:00:00+00:00:2026-06-29T08:00:00+00:00
0.0,0.0129056125,0.025811225,0.1491668374999997,0.0,S3,PRIMARY_ZERO_MAKER,97,D2-0acac97ea7d9f11f,SOXLUSDT,US_LEVERAGED_ETF:2026-06-26T20:00:00+00:00:2026-06-29T08:00:00+00:00
,,,0.0,,D2-R3,EXECUTION_STRESS,3,D2-0acac97ea7d9f11f,SOXLUSDT,US_LEVERAGED_ETF:2026-06-26T20:00:00+00:00:2026-06-29T08:00:00+00:00
,,,0.0,,S0,EXECUTION_STRESS,3,D2-0acac97ea7d9f11f,SOXLUSDT,US_LEVERAGED_ETF:2026-06-26T20:00:00+00:00:2026-06-29T08:00:00+00:00
0.0,0.0,0.0,0.0,0.0,S1,EXECUTION_STRESS,3,D2-0acac97ea7d9f11f,SOXLUSDT,US_LEVERAGED_ETF:2026-06-26T20:00:00+00:00:2026-06-29T08:00:00+00:00
0.0,0.007743367500000001,0.025811225,0.07773459249999998,0.0,S2,EXECUTION_STRESS,3,D2-0acac97ea7d9f11f,SOXLUSDT,US_LEVERAGED_ETF:2026-06-26T20:00:00+00:00:2026-06-29T08:00:00+00:00
0.0,0.019358418750000002,0.0645280625,0.19433648124999975,0.0,S3,EXECUTION_STRESS,3,D2-0acac97ea7d9f11f,SOXLUSDT,US_LEVERAGED_ETF:2026-06-26T20:00:00+00:00:2026-06-29T08:00:00+00:00
,,,0.0,,D2-R3,EXECUTION_STRESS,10,D2-0acac97ea7d9f11f,SOXLUSDT,US_LEVERAGED_ETF:2026-06-26T20:00:00+00:00:2026-06-29T08:00:00+00:00
,,,0.0,,S0,EXECUTION_STRESS,10,D2-0acac97ea7d9f11f,SOXLUSDT,US_LEVERAGED_ETF:2026-06-26T20:00:00+00:00:2026-06-29T08:00:00+00:00
0.0,0.0,0.0,0.0,0.0,S1,EXECUTION_STRESS,10,D2-0acac97ea7d9f11f,SOXLUSDT,US_LEVERAGED_ETF:2026-06-26T20:00:00+00:00:2026-06-29T08:00:00+00:00
0.0,0.007743367500000001,0.025811225,0.07773459249999992,0.0,S2,EXECUTION_STRESS,10,D2-0acac97ea7d9f11f,SOXLUSDT,US_LEVERAGED_ETF:2026-06-26T20:00:00+00:00:2026-06-29T08:00:00+00:00
0.0,0.019358418750000002,0.0645280625,0.1943364812499997,0.0,S3,EXECUTION_STRESS,10,D2-0acac97ea7d9f11f,SOXLUSDT,US_LEVERAGED_ETF:2026-06-26T20:00:00+00:00:2026-06-29T08:00:00+00:00
,,,0.0,,D2-R3,EXECUTION_STRESS,17,D2-0acac97ea7d9f11f,SOXLUSDT,US_LEVERAGED_ETF:2026-06-26T20:00:00+00:00:2026-06-29T08:00:00+00:00
,,,0.0,,S0,EXECUTION_STRESS,17,D2-0acac97ea7d9f11f,SOXLUSDT,US_LEVERAGED_ETF:2026-06-26T20:00:00+00:00:2026-06-29T08:00:00+00:00
0.0,0.0,0.0,0.0,0.0,S1,EXECUTION_STRESS,17,D2-0acac97ea7d9f11f,SOXLUSDT,US_LEVERAGED_ETF:2026-06-26T20:00:00+00:00:2026-06-29T08:00:00+00:00
0.0,0.007743367500000001,0.025811225,0.07773459249999992,0.0,S2,EXECUTION_STRESS,17,D2-0acac97ea7d9f11f,SOXLUSDT,US_LEVERAGED_ETF:2026-06-26T20:00:00+00:00:2026-06-29T08:00:00+00:00
0.0,0.019358418750000002,0.0645280625,0.1943364812499997,0.0,S3,EXECUTION_STRESS,17,D2-0acac97ea7d9f11f,SOXLUSDT,US_LEVERAGED_ETF:2026-06-26T20:00:00+00:00:2026-06-29T08:00:00+00:00
,,,0.0,,D2-R3,EXECUTION_STRESS,31,D2-0acac97ea7d9f11f,SOXLUSDT,US_LEVERAGED_ETF:2026-06-26T20:00:00+00:00:2026-06-29T08:00:00+00:00
,,,0.0,,S0,EXECUTION_STRESS,31,D2-0acac97ea7d9f11f,SOXLUSDT,US_LEVERAGED_ETF:2026-06-26T20:00:00+00:00:2026-06-29T08:00:00+00:00
0.0,0.0,0.0,0.0,0.0,S1,EXECUTION_STRESS,31,D2-0acac97ea7d9f11f,SOXLUSDT,US_LEVERAGED_ETF:2026-06-26T20:00:00+00:00:2026-06-29T08:00:00+00:00
0.0,0.007743367500000001,0.025811225,0.07773459249999992,0.0,S2,EXECUTION_STRESS,31,D2-0acac97ea7d9f11f,SOXLUSDT,US_LEVERAGED_ETF:2026-06-26T20:00:00+00:00:2026-06-29T08:00:00+00:00
0.0,0.019358418750000002,0.0645280625,0.1943364812499997,0.0,S3,EXECUTION_STRESS,31,D2-0acac97ea7d9f11f,SOXLUSDT,US_LEVERAGED_ETF:2026-06-26T20:00:00+00:00:2026-06-29T08:00:00+00:00
,,,0.0,,D2-R3,EXECUTION_STRESS,59,D2-0acac97ea7d9f11f,SOXLUSDT,US_LEVERAGED_ETF:2026-06-26T20:00:00+00:00:2026-06-29T08:00:00+00:00
,,,0.0,,S0,EXECUTION_STRESS,59,D2-0acac97ea7d9f11f,SOXLUSDT,US_LEVERAGED_ETF:2026-06-26T20:00:00+00:00:2026-06-29T08:00:00+00:00
0.0,0.0,0.0,0.0,0.0,S1,EXECUTION_STRESS,59,D2-0acac97ea7d9f11f,SOXLUSDT,US_LEVERAGED_ETF:2026-06-26T20:00:00+00:00:2026-06-29T08:00:00+00:00
0.0,0.007743367500000001,0.025811225,0.07773459249999992,0.0,S2,EXECUTION_STRESS,59,D2-0acac97ea7d9f11f,SOXLUSDT,US_LEVERAGED_ETF:2026-06-26T20:00:00+00:00:2026-06-29T08:00:00+00:00
0.0,0.019358418750000002,0.0645280625,0.1943364812499997,0.0,S3,EXECUTION_STRESS,59,D2-0acac97ea7d9f11f,SOXLUSDT,US_LEVERAGED_ETF:2026-06-26T20:00:00+00:00:2026-06-29T08:00:00+00:00
,,,0.0,,D2-R3,EXECUTION_STRESS,97,D2-0acac97ea7d9f11f,SOXLUSDT,US_LEVERAGED_ETF:2026-06-26T20:00:00+00:00:2026-06-29T08:00:00+00:00
,,,0.0,,S0,EXECUTION_STRESS,97,D2-0acac97ea7d9f11f,SOXLUSDT,US_LEVERAGED_ETF:2026-06-26T20:00:00+00:00:2026-06-29T08:00:00+00:00
0.0,0.0,0.0,0.0,0.0,S1,EXECUTION_STRESS,97,D2-0acac97ea7d9f11f,SOXLUSDT,US_LEVERAGED_ETF:2026-06-26T20:00:00+00:00:2026-06-29T08:00:00+00:00
0.0,0.007743367500000001,0.025811225,0.07773459249999992,0.0,S2,EXECUTION_STRESS,97,D2-0acac97ea7d9f11f,SOXLUSDT,US_LEVERAGED_ETF:2026-06-26T20:00:00+00:00:2026-06-29T08:00:00+00:00
0.0,0.019358418750000002,0.0645280625,0.1943364812499997,0.0,S3,EXECUTION_STRESS,97,D2-0acac97ea7d9f11f,SOXLUSDT,US_LEVERAGED_ETF:2026-06-26T20:00:00+00:00:2026-06-29T08:00:00+00:00
,,,0.0,,D2-R3,MAKER_PROMO_OFF,3,D2-0acac97ea7d9f11f,SOXLUSDT,US_LEVERAGED_ETF:2026-06-26T20:00:00+00:00:2026-06-29T08:00:00+00:00
,,,0.0,,S0,MAKER_PROMO_OFF,3,D2-0acac97ea7d9f11f,SOXLUSDT,US_LEVERAGED_ETF:2026-06-26T20:00:00+00:00:2026-06-29T08:00:00+00:00
0.0,0.0,0.0,0.0,0.0,S1,MAKER_PROMO_OFF,3,D2-0acac97ea7d9f11f,SOXLUSDT,US_LEVERAGED_ETF:2026-06-26T20:00:00+00:00:2026-06-29T08:00:00+00:00
0.0,0.005162245,0.015486735000000001,0.0648289799999999,0.0,S2,MAKER_PROMO_OFF,3,D2-0acac97ea7d9f11f,SOXLUSDT,US_LEVERAGED_ETF:2026-06-26T20:00:00+00:00:2026-06-29T08:00:00+00:00
0.0,0.0129056125,0.038716837500000004,0.16207244999999976,0.0,S3,MAKER_PROMO_OFF,3,D2-0acac97ea7d9f11f,SOXLUSDT,US_LEVERAGED_ETF:2026-06-26T20:00:00+00:00:2026-06-29T08:00:00+00:00
,,,0.0,,D2-R3,MAKER_PROMO_OFF,10,D2-0acac97ea7d9f11f,SOXLUSDT,US_LEVERAGED_ETF:2026-06-26T20:00:00+00:00:2026-06-29T08:00:00+00:00
,,,0.0,,S0,MAKER_PROMO_OFF,10,D2-0acac97ea7d9f11f,SOXLUSDT,US_LEVERAGED_ETF:2026-06-26T20:00:00+00:00:2026-06-29T08:00:00+00:00
0.0,0.0,0.0,0.0,0.0,S1,MAKER_PROMO_OFF,10,D2-0acac97ea7d9f11f,SOXLUSDT,US_LEVERAGED_ETF:2026-06-26T20:00:00+00:00:2026-06-29T08:00:00+00:00
0.0,0.005162245,0.015486735000000001,0.06482897999999992,0.0,S2,MAKER_PROMO_OFF,10,D2-0acac97ea7d9f11f,SOXLUSDT,US_LEVERAGED_ETF:2026-06-26T20:00:00+00:00:2026-06-29T08:00:00+00:00
0.0,0.0129056125,0.038716837500000004,0.1620724499999997,0.0,S3,MAKER_PROMO_OFF,10,D2-0acac97ea7d9f11f,SOXLUSDT,US_LEVERAGED_ETF:2026-06-26T20:00:00+00:00:2026-06-29T08:00:00+00:00
,,,0.0,,D2-R3,MAKER_PROMO_OFF,17,D2-0acac97ea7d9f11f,SOXLUSDT,US_LEVERAGED_ETF:2026-06-26T20:00:00+00:00:2026-06-29T08:00:00+00:00
,,,0.0,,S0,MAKER_PROMO_OFF,17,D2-0acac97ea7d9f11f,SOXLUSDT,US_LEVERAGED_ETF:2026-06-26T20:00:00+00:00:2026-06-29T08:00:00+00:00
0.0,0.0,0.0,0.0,0.0,S1,MAKER_PROMO_OFF,17,D2-0acac97ea7d9f11f,SOXLUSDT,US_LEVERAGED_ETF:2026-06-26T20:00:00+00:00:2026-06-29T08:00:00+00:00
0.0,0.005162245,0.015486735000000001,0.06482897999999992,0.0,S2,MAKER_PROMO_OFF,17,D2-0acac97ea7d9f11f,SOXLUSDT,US_LEVERAGED_ETF:2026-06-26T20:00:00+00:00:2026-06-29T08:00:00+00:00
0.0,0.0129056125,0.038716837500000004,0.1620724499999997,0.0,S3,MAKER_PROMO_OFF,17,D2-0acac97ea7d9f11f,SOXLUSDT,US_LEVERAGED_ETF:2026-06-26T20:00:00+00:00:2026-06-29T08:00:00+00:00
,,,0.0,,D2-R3,MAKER_PROMO_OFF,31,D2-0acac97ea7d9f11f,SOXLUSDT,US_LEVERAGED_ETF:2026-06-26T20:00:00+00:00:2026-06-29T08:00:00+00:00
,,,0.0,,S0,MAKER_PROMO_OFF,31,D2-0acac97ea7d9f11f,SOXLUSDT,US_LEVERAGED_ETF:2026-06-26T20:00:00+00:00:2026-06-29T08:00:00+00:00
0.0,0.0,0.0,0.0,0.0,S1,MAKER_PROMO_OFF,31,D2-0acac97ea7d9f11f,SOXLUSDT,US_LEVERAGED_ETF:2026-06-26T20:00:00+00:00:2026-06-29T08:00:00+00:00
0.0,0.005162245,0.015486735000000001,0.06482897999999992,0.0,S2,MAKER_PROMO_OFF,31,D2-0acac97ea7d9f11f,SOXLUSDT,US_LEVERAGED_ETF:2026-06-26T20:00:00+00:00:2026-06-29T08:00:00+00:00
0.0,0.0129056125,0.038716837500000004,0.1620724499999997,0.0,S3,MAKER_PROMO_OFF,31,D2-0acac97ea7d9f11f,SOXLUSDT,US_LEVERAGED_ETF:2026-06-26T20:00:00+00:00:2026-06-29T08:00:00+00:00
,,,0.0,,D2-R3,MAKER_PROMO_OFF,59,D2-0acac97ea7d9f11f,SOXLUSDT,US_LEVERAGED_ETF:2026-06-26T20:00:00+00:00:2026-06-29T08:00:00+00:00
,,,0.0,,S0,MAKER_PROMO_OFF,59,D2-0acac97ea7d9f11f,SOXLUSDT,US_LEVERAGED_ETF:2026-06-26T20:00:00+00:00:2026-06-29T08:00:00+00:00
0.0,0.0,0.0,0.0,0.0,S1,MAKER_PROMO_OFF,59,D2-0acac97ea7d9f11f,SOXLUSDT,US_LEVERAGED_ETF:2026-06-26T20:00:00+00:00:2026-06-29T08:00:00+00:00
0.0,0.005162245,0.015486735000000001,0.06482897999999992,0.0,S2,MAKER_PROMO_OFF,59,D2-0acac97ea7d9f11f,SOXLUSDT,US_LEVERAGED_ETF:2026-06-26T20:00:00+00:00:2026-06-29T08:00:00+00:00
0.0,0.0129056125,0.038716837500000004,0.1620724499999997,0.0,S3,MAKER_PROMO_OFF,59,D2-0acac97ea7d9f11f,SOXLUSDT,US_LEVERAGED_ETF:2026-06-26T20:00:00+00:00:2026-06-29T08:00:00+00:00
,,,0.0,,D2-R3,MAKER_PROMO_OFF,97,D2-0acac97ea7d9f11f,SOXLUSDT,US_LEVERAGED_ETF:2026-06-26T20:00:00+00:00:2026-06-29T08:00:00+00:00
,,,0.0,,S0,MAKER_PROMO_OFF,97,D2-0acac97ea7d9f11f,SOXLUSDT,US_LEVERAGED_ETF:2026-06-26T20:00:00+00:00:2026-06-29T08:00:00+00:00
0.0,0.0,0.0,0.0,0.0,S1,MAKER_PROMO_OFF,97,D2-0acac97ea7d9f11f,SOXLUSDT,US_LEVERAGED_ETF:2026-06-26T20:00:00+00:00:2026-06-29T08:00:00+00:00
0.0,0.005162245,0.015486735000000001,0.06482897999999992,0.0,S2,MAKER_PROMO_OFF,97,D2-0acac97ea7d9f11f,SOXLUSDT,US_LEVERAGED_ETF:2026-06-26T20:00:00+00:00:2026-06-29T08:00:00+00:00
0.0,0.0129056125,0.038716837500000004,0.1620724499999997,0.0,S3,MAKER_PROMO_OFF,97,D2-0acac97ea7d9f11f,SOXLUSDT,US_LEVERAGED_ETF:2026-06-26T20:00:00+00:00:2026-06-29T08:00:00+00:00
,,,0.0,,D2-R3,PRIMARY_ZERO_MAKER,3,D2-313a655ca9d40d2b,SKHYNIXUSDT,KR_STOCK:2026-07-03T06:30:00+00:00:2026-07-06T00:00:00+00:00
,,,0.0,,S0,PRIMARY_ZERO_MAKER,3,D2-313a655ca9d40d2b,SKHYNIXUSDT,KR_STOCK:2026-07-03T06:30:00+00:00:2026-07-06T00:00:00+00:00
0.0,0.0,0.0,0.0,0.0,S1,PRIMARY_ZERO_MAKER,3,D2-313a655ca9d40d2b,SKHYNIXUSDT,KR_STOCK:2026-07-03T06:30:00+00:00:2026-07-06T00:00:00+00:00
0.0,0.007354934999999999,0.014709869999999998,0.06013480500000057,0.0,S2,PRIMARY_ZERO_MAKER,3,D2-313a655ca9d40d2b,SKHYNIXUSDT,KR_STOCK:2026-07-03T06:30:00+00:00:2026-07-06T00:00:00+00:00
0.0,0.0183873375,0.036774675,0.15033701250000053,0.0,S3,PRIMARY_ZERO_MAKER,3,D2-313a655ca9d40d2b,SKHYNIXUSDT,KR_STOCK:2026-07-03T06:30:00+00:00:2026-07-06T00:00:00+00:00
,,,0.0,,D2-R3,PRIMARY_ZERO_MAKER,10,D2-313a655ca9d40d2b,SKHYNIXUSDT,KR_STOCK:2026-07-03T06:30:00+00:00:2026-07-06T00:00:00+00:00
,,,0.0,,S0,PRIMARY_ZERO_MAKER,10,D2-313a655ca9d40d2b,SKHYNIXUSDT,KR_STOCK:2026-07-03T06:30:00+00:00:2026-07-06T00:00:00+00:00
0.0,0.0,0.0,0.0,0.0,S1,PRIMARY_ZERO_MAKER,10,D2-313a655ca9d40d2b,SKHYNIXUSDT,KR_STOCK:2026-07-03T06:30:00+00:00:2026-07-06T00:00:00+00:00
0.0,0.007354934999999999,0.014709869999999998,0.06013480500000057,0.0,S2,PRIMARY_ZERO_MAKER,10,D2-313a655ca9d40d2b,SKHYNIXUSDT,KR_STOCK:2026-07-03T06:30:00+00:00:2026-07-06T00:00:00+00:00
0.0,0.0183873375,0.036774675,0.15033701250000053,0.0,S3,PRIMARY_ZERO_MAKER,10,D2-313a655ca9d40d2b,SKHYNIXUSDT,KR_STOCK:2026-07-03T06:30:00+00:00:2026-07-06T00:00:00+00:00
,,,0.0,,D2-R3,PRIMARY_ZERO_MAKER,17,D2-313a655ca9d40d2b,SKHYNIXUSDT,KR_STOCK:2026-07-03T06:30:00+00:00:2026-07-06T00:00:00+00:00
,,,0.0,,S0,PRIMARY_ZERO_MAKER,17,D2-313a655ca9d40d2b,SKHYNIXUSDT,KR_STOCK:2026-07-03T06:30:00+00:00:2026-07-06T00:00:00+00:00
0.0,0.0,0.0,0.0,0.0,S1,PRIMARY_ZERO_MAKER,17,D2-313a655ca9d40d2b,SKHYNIXUSDT,KR_STOCK:2026-07-03T06:30:00+00:00:2026-07-06T00:00:00+00:00
0.0,0.007354934999999999,0.014709869999999998,0.06013480500000057,0.0,S2,PRIMARY_ZERO_MAKER,17,D2-313a655ca9d40d2b,SKHYNIXUSDT,KR_STOCK:2026-07-03T06:30:00+00:00:2026-07-06T00:00:00+00:00
0.0,0.0183873375,0.036774675,0.15033701250000053,0.0,S3,PRIMARY_ZERO_MAKER,17,D2-313a655ca9d40d2b,SKHYNIXUSDT,KR_STOCK:2026-07-03T06:30:00+00:00:2026-07-06T00:00:00+00:00
,,,0.0,,D2-R3,PRIMARY_ZERO_MAKER,31,D2-313a655ca9d40d2b,SKHYNIXUSDT,KR_STOCK:2026-07-03T06:30:00+00:00:2026-07-06T00:00:00+00:00
,,,0.0,,S0,PRIMARY_ZERO_MAKER,31,D2-313a655ca9d40d2b,SKHYNIXUSDT,KR_STOCK:2026-07-03T06:30:00+00:00:2026-07-06T00:00:00+00:00
0.0,0.0,0.0,0.0,0.0,S1,PRIMARY_ZERO_MAKER,31,D2-313a655ca9d40d2b,SKHYNIXUSDT,KR_STOCK:2026-07-03T06:30:00+00:00:2026-07-06T00:00:00+00:00
0.0,0.007354934999999999,0.014709869999999998,0.06013480500000057,0.0,S2,PRIMARY_ZERO_MAKER,31,D2-313a655ca9d40d2b,SKHYNIXUSDT,KR_STOCK:2026-07-03T06:30:00+00:00:2026-07-06T00:00:00+00:00
0.0,0.0183873375,0.036774675,0.15033701250000053,0.0,S3,PRIMARY_ZERO_MAKER,31,D2-313a655ca9d40d2b,SKHYNIXUSDT,KR_STOCK:2026-07-03T06:30:00+00:00:2026-07-06T00:00:00+00:00
,,,0.0,,D2-R3,PRIMARY_ZERO_MAKER,59,D2-313a655ca9d40d2b,SKHYNIXUSDT,KR_STOCK:2026-07-03T06:30:00+00:00:2026-07-06T00:00:00+00:00
,,,0.0,,S0,PRIMARY_ZERO_MAKER,59,D2-313a655ca9d40d2b,SKHYNIXUSDT,KR_STOCK:2026-07-03T06:30:00+00:00:2026-07-06T00:00:00+00:00
0.0,0.0,0.0,0.0,0.0,S1,PRIMARY_ZERO_MAKER,59,D2-313a655ca9d40d2b,SKHYNIXUSDT,KR_STOCK:2026-07-03T06:30:00+00:00:2026-07-06T00:00:00+00:00
0.0,0.007354934999999999,0.014709869999999998,0.06013480500000057,0.0,S2,PRIMARY_ZERO_MAKER,59,D2-313a655ca9d40d2b,SKHYNIXUSDT,KR_STOCK:2026-07-03T06:30:00+00:00:2026-07-06T00:00:00+00:00
0.0,0.0183873375,0.036774675,0.15033701250000053,0.0,S3,PRIMARY_ZERO_MAKER,59,D2-313a655ca9d40d2b,SKHYNIXUSDT,KR_STOCK:2026-07-03T06:30:00+00:00:2026-07-06T00:00:00+00:00
,,,0.0,,D2-R3,PRIMARY_ZERO_MAKER,97,D2-313a655ca9d40d2b,SKHYNIXUSDT,KR_STOCK:2026-07-03T06:30:00+00:00:2026-07-06T00:00:00+00:00
,,,0.0,,S0,PRIMARY_ZERO_MAKER,97,D2-313a655ca9d40d2b,SKHYNIXUSDT,KR_STOCK:2026-07-03T06:30:00+00:00:2026-07-06T00:00:00+00:00
0.0,0.0,0.0,0.0,0.0,S1,PRIMARY_ZERO_MAKER,97,D2-313a655ca9d40d2b,SKHYNIXUSDT,KR_STOCK:2026-07-03T06:30:00+00:00:2026-07-06T00:00:00+00:00
0.0,0.007354934999999999,0.014709869999999998,0.06013480500000057,0.0,S2,PRIMARY_ZERO_MAKER,97,D2-313a655ca9d40d2b,SKHYNIXUSDT,KR_STOCK:2026-07-03T06:30:00+00:00:2026-07-06T00:00:00+00:00
0.0,0.0183873375,0.036774675,0.15033701250000053,0.0,S3,PRIMARY_ZERO_MAKER,97,D2-313a655ca9d40d2b,SKHYNIXUSDT,KR_STOCK:2026-07-03T06:30:00+00:00:2026-07-06T00:00:00+00:00
,,,0.0,,D2-R3,EXECUTION_STRESS,3,D2-313a655ca9d40d2b,SKHYNIXUSDT,KR_STOCK:2026-07-03T06:30:00+00:00:2026-07-06T00:00:00+00:00
,,,0.0,,S0,EXECUTION_STRESS,3,D2-313a655ca9d40d2b,SKHYNIXUSDT,KR_STOCK:2026-07-03T06:30:00+00:00:2026-07-06T00:00:00+00:00
0.0,0.0,0.0,0.0,0.0,S1,EXECUTION_STRESS,3,D2-313a655ca9d40d2b,SKHYNIXUSDT,KR_STOCK:2026-07-03T06:30:00+00:00:2026-07-06T00:00:00+00:00
0.0,0.0110324025,0.036774675,0.08587707750000018,0.0,S2,EXECUTION_STRESS,3,D2-313a655ca9d40d2b,SKHYNIXUSDT,KR_STOCK:2026-07-03T06:30:00+00:00:2026-07-06T00:00:00+00:00
0.0,0.02758100625,0.0919366875,0.21469269375000044,0.0,S3,EXECUTION_STRESS,3,D2-313a655ca9d40d2b,SKHYNIXUSDT,KR_STOCK:2026-07-03T06:30:00+00:00:2026-07-06T00:00:00+00:00
,,,0.0,,D2-R3,EXECUTION_STRESS,10,D2-313a655ca9d40d2b,SKHYNIXUSDT,KR_STOCK:2026-07-03T06:30:00+00:00:2026-07-06T00:00:00+00:00
,,,0.0,,S0,EXECUTION_STRESS,10,D2-313a655ca9d40d2b,SKHYNIXUSDT,KR_STOCK:2026-07-03T06:30:00+00:00:2026-07-06T00:00:00+00:00
0.0,0.0,0.0,0.0,0.0,S1,EXECUTION_STRESS,10,D2-313a655ca9d40d2b,SKHYNIXUSDT,KR_STOCK:2026-07-03T06:30:00+00:00:2026-07-06T00:00:00+00:00
0.0,0.0110324025,0.036774675,0.08587707750000018,0.0,S2,EXECUTION_STRESS,10,D2-313a655ca9d40d2b,SKHYNIXUSDT,KR_STOCK:2026-07-03T06:30:00+00:00:2026-07-06T00:00:00+00:00
0.0,0.02758100625,0.0919366875,0.21469269375,0.0,S3,EXECUTION_STRESS,10,D2-313a655ca9d40d2b,SKHYNIXUSDT,KR_STOCK:2026-07-03T06:30:00+00:00:2026-07-06T00:00:00+00:00
,,,0.0,,D2-R3,EXECUTION_STRESS,17,D2-313a655ca9d40d2b,SKHYNIXUSDT,KR_STOCK:2026-07-03T06:30:00+00:00:2026-07-06T00:00:00+00:00
,,,0.0,,S0,EXECUTION_STRESS,17,D2-313a655ca9d40d2b,SKHYNIXUSDT,KR_STOCK:2026-07-03T06:30:00+00:00:2026-07-06T00:00:00+00:00
0.0,0.0,0.0,0.0,0.0,S1,EXECUTION_STRESS,17,D2-313a655ca9d40d2b,SKHYNIXUSDT,KR_STOCK:2026-07-03T06:30:00+00:00:2026-07-06T00:00:00+00:00
0.0,0.0110324025,0.036774675,0.08587707750000018,0.0,S2,EXECUTION_STRESS,17,D2-313a655ca9d40d2b,SKHYNIXUSDT,KR_STOCK:2026-07-03T06:30:00+00:00:2026-07-06T00:00:00+00:00
0.0,0.02758100625,0.0919366875,0.21469269375000044,0.0,S3,EXECUTION_STRESS,17,D2-313a655ca9d40d2b,SKHYNIXUSDT,KR_STOCK:2026-07-03T06:30:00+00:00:2026-07-06T00:00:00+00:00
,,,0.0,,D2-R3,EXECUTION_STRESS,31,D2-313a655ca9d40d2b,SKHYNIXUSDT,KR_STOCK:2026-07-03T06:30:00+00:00:2026-07-06T00:00:00+00:00
,,,0.0,,S0,EXECUTION_STRESS,31,D2-313a655ca9d40d2b,SKHYNIXUSDT,KR_STOCK:2026-07-03T06:30:00+00:00:2026-07-06T00:00:00+00:00
0.0,0.0,0.0,0.0,0.0,S1,EXECUTION_STRESS,31,D2-313a655ca9d40d2b,SKHYNIXUSDT,KR_STOCK:2026-07-03T06:30:00+00:00:2026-07-06T00:00:00+00:00
0.0,0.0110324025,0.036774675,0.08587707750000018,0.0,S2,EXECUTION_STRESS,31,D2-313a655ca9d40d2b,SKHYNIXUSDT,KR_STOCK:2026-07-03T06:30:00+00:00:2026-07-06T00:00:00+00:00
0.0,0.02758100625,0.0919366875,0.21469269375000044,0.0,S3,EXECUTION_STRESS,31,D2-313a655ca9d40d2b,SKHYNIXUSDT,KR_STOCK:2026-07-03T06:30:00+00:00:2026-07-06T00:00:00+00:00
,,,0.0,,D2-R3,EXECUTION_STRESS,59,D2-313a655ca9d40d2b,SKHYNIXUSDT,KR_STOCK:2026-07-03T06:30:00+00:00:2026-07-06T00:00:00+00:00
,,,0.0,,S0,EXECUTION_STRESS,59,D2-313a655ca9d40d2b,SKHYNIXUSDT,KR_STOCK:2026-07-03T06:30:00+00:00:2026-07-06T00:00:00+00:00
0.0,0.0,0.0,0.0,0.0,S1,EXECUTION_STRESS,59,D2-313a655ca9d40d2b,SKHYNIXUSDT,KR_STOCK:2026-07-03T06:30:00+00:00:2026-07-06T00:00:00+00:00
0.0,0.0110324025,0.036774675,0.08587707750000062,0.0,S2,EXECUTION_STRESS,59,D2-313a655ca9d40d2b,SKHYNIXUSDT,KR_STOCK:2026-07-03T06:30:00+00:00:2026-07-06T00:00:00+00:00
0.0,0.02758100625,0.0919366875,0.21469269375000044,0.0,S3,EXECUTION_STRESS,59,D2-313a655ca9d40d2b,SKHYNIXUSDT,KR_STOCK:2026-07-03T06:30:00+00:00:2026-07-06T00:00:00+00:00
,,,0.0,,D2-R3,EXECUTION_STRESS,97,D2-313a655ca9d40d2b,SKHYNIXUSDT,KR_STOCK:2026-07-03T06:30:00+00:00:2026-07-06T00:00:00+00:00
,,,0.0,,S0,EXECUTION_STRESS,97,D2-313a655ca9d40d2b,SKHYNIXUSDT,KR_STOCK:2026-07-03T06:30:00+00:00:2026-07-06T00:00:00+00:00
0.0,0.0,0.0,0.0,0.0,S1,EXECUTION_STRESS,97,D2-313a655ca9d40d2b,SKHYNIXUSDT,KR_STOCK:2026-07-03T06:30:00+00:00:2026-07-06T00:00:00+00:00
0.0,0.0110324025,0.036774675,0.08587707750000062,0.0,S2,EXECUTION_STRESS,97,D2-313a655ca9d40d2b,SKHYNIXUSDT,KR_STOCK:2026-07-03T06:30:00+00:00:2026-07-06T00:00:00+00:00
0.0,0.02758100625,0.0919366875,0.21469269375000044,0.0,S3,EXECUTION_STRESS,97,D2-313a655ca9d40d2b,SKHYNIXUSDT,KR_STOCK:2026-07-03T06:30:00+00:00:2026-07-06T00:00:00+00:00
,,,0.0,,D2-R3,MAKER_PROMO_OFF,3,D2-313a655ca9d40d2b,SKHYNIXUSDT,KR_STOCK:2026-07-03T06:30:00+00:00:2026-07-06T00:00:00+00:00
,,,0.0,,S0,MAKER_PROMO_OFF,3,D2-313a655ca9d40d2b,SKHYNIXUSDT,KR_STOCK:2026-07-03T06:30:00+00:00:2026-07-06T00:00:00+00:00
0.0,0.0,0.0,0.0,0.0,S1,MAKER_PROMO_OFF,3,D2-313a655ca9d40d2b,SKHYNIXUSDT,KR_STOCK:2026-07-03T06:30:00+00:00:2026-07-06T00:00:00+00:00
0.0,0.007354934999999999,0.022064805,0.06748974000000096,0.0,S2,MAKER_PROMO_OFF,3,D2-313a655ca9d40d2b,SKHYNIXUSDT,KR_STOCK:2026-07-03T06:30:00+00:00:2026-07-06T00:00:00+00:00
0.0,0.0183873375,0.0551620125,0.16872435000000063,0.0,S3,MAKER_PROMO_OFF,3,D2-313a655ca9d40d2b,SKHYNIXUSDT,KR_STOCK:2026-07-03T06:30:00+00:00:2026-07-06T00:00:00+00:00
,,,0.0,,D2-R3,MAKER_PROMO_OFF,10,D2-313a655ca9d40d2b,SKHYNIXUSDT,KR_STOCK:2026-07-03T06:30:00+00:00:2026-07-06T00:00:00+00:00
,,,0.0,,S0,MAKER_PROMO_OFF,10,D2-313a655ca9d40d2b,SKHYNIXUSDT,KR_STOCK:2026-07-03T06:30:00+00:00:2026-07-06T00:00:00+00:00
0.0,0.0,0.0,0.0,0.0,S1,MAKER_PROMO_OFF,10,D2-313a655ca9d40d2b,SKHYNIXUSDT,KR_STOCK:2026-07-03T06:30:00+00:00:2026-07-06T00:00:00+00:00
0.0,0.007354934999999999,0.022064805,0.06748974000000096,0.0,S2,MAKER_PROMO_OFF,10,D2-313a655ca9d40d2b,SKHYNIXUSDT,KR_STOCK:2026-07-03T06:30:00+00:00:2026-07-06T00:00:00+00:00
0.0,0.0183873375,0.0551620125,0.16872435000000063,0.0,S3,MAKER_PROMO_OFF,10,D2-313a655ca9d40d2b,SKHYNIXUSDT,KR_STOCK:2026-07-03T06:30:00+00:00:2026-07-06T00:00:00+00:00
,,,0.0,,D2-R3,MAKER_PROMO_OFF,17,D2-313a655ca9d40d2b,SKHYNIXUSDT,KR_STOCK:2026-07-03T06:30:00+00:00:2026-07-06T00:00:00+00:00
,,,0.0,,S0,MAKER_PROMO_OFF,17,D2-313a655ca9d40d2b,SKHYNIXUSDT,KR_STOCK:2026-07-03T06:30:00+00:00:2026-07-06T00:00:00+00:00
0.0,0.0,0.0,0.0,0.0,S1,MAKER_PROMO_OFF,17,D2-313a655ca9d40d2b,SKHYNIXUSDT,KR_STOCK:2026-07-03T06:30:00+00:00:2026-07-06T00:00:00+00:00
0.0,0.007354934999999999,0.022064805,0.06748974000000096,0.0,S2,MAKER_PROMO_OFF,17,D2-313a655ca9d40d2b,SKHYNIXUSDT,KR_STOCK:2026-07-03T06:30:00+00:00:2026-07-06T00:00:00+00:00
0.0,0.0183873375,0.0551620125,0.16872435000000063,0.0,S3,MAKER_PROMO_OFF,17,D2-313a655ca9d40d2b,SKHYNIXUSDT,KR_STOCK:2026-07-03T06:30:00+00:00:2026-07-06T00:00:00+00:00
,,,0.0,,D2-R3,MAKER_PROMO_OFF,31,D2-313a655ca9d40d2b,SKHYNIXUSDT,KR_STOCK:2026-07-03T06:30:00+00:00:2026-07-06T00:00:00+00:00
,,,0.0,,S0,MAKER_PROMO_OFF,31,D2-313a655ca9d40d2b,SKHYNIXUSDT,KR_STOCK:2026-07-03T06:30:00+00:00:2026-07-06T00:00:00+00:00
0.0,0.0,0.0,0.0,0.0,S1,MAKER_PROMO_OFF,31,D2-313a655ca9d40d2b,SKHYNIXUSDT,KR_STOCK:2026-07-03T06:30:00+00:00:2026-07-06T00:00:00+00:00
0.0,0.007354934999999999,0.022064805,0.06748974000000096,0.0,S2,MAKER_PROMO_OFF,31,D2-313a655ca9d40d2b,SKHYNIXUSDT,KR_STOCK:2026-07-03T06:30:00+00:00:2026-07-06T00:00:00+00:00
0.0,0.0183873375,0.0551620125,0.16872435000000063,0.0,S3,MAKER_PROMO_OFF,31,D2-313a655ca9d40d2b,SKHYNIXUSDT,KR_STOCK:2026-07-03T06:30:00+00:00:2026-07-06T00:00:00+00:00
,,,0.0,,D2-R3,MAKER_PROMO_OFF,59,D2-313a655ca9d40d2b,SKHYNIXUSDT,KR_STOCK:2026-07-03T06:30:00+00:00:2026-07-06T00:00:00+00:00
,,,0.0,,S0,MAKER_PROMO_OFF,59,D2-313a655ca9d40d2b,SKHYNIXUSDT,KR_STOCK:2026-07-03T06:30:00+00:00:2026-07-06T00:00:00+00:00
0.0,0.0,0.0,0.0,0.0,S1,MAKER_PROMO_OFF,59,D2-313a655ca9d40d2b,SKHYNIXUSDT,KR_STOCK:2026-07-03T06:30:00+00:00:2026-07-06T00:00:00+00:00
0.0,0.007354934999999999,0.022064805,0.06748974000000096,0.0,S2,MAKER_PROMO_OFF,59,D2-313a655ca9d40d2b,SKHYNIXUSDT,KR_STOCK:2026-07-03T06:30:00+00:00:2026-07-06T00:00:00+00:00
0.0,0.0183873375,0.0551620125,0.16872435000000063,0.0,S3,MAKER_PROMO_OFF,59,D2-313a655ca9d40d2b,SKHYNIXUSDT,KR_STOCK:2026-07-03T06:30:00+00:00:2026-07-06T00:00:00+00:00
,,,0.0,,D2-R3,MAKER_PROMO_OFF,97,D2-313a655ca9d40d2b,SKHYNIXUSDT,KR_STOCK:2026-07-03T06:30:00+00:00:2026-07-06T00:00:00+00:00
,,,0.0,,S0,MAKER_PROMO_OFF,97,D2-313a655ca9d40d2b,SKHYNIXUSDT,KR_STOCK:2026-07-03T06:30:00+00:00:2026-07-06T00:00:00+00:00
0.0,0.0,0.0,0.0,0.0,S1,MAKER_PROMO_OFF,97,D2-313a655ca9d40d2b,SKHYNIXUSDT,KR_STOCK:2026-07-03T06:30:00+00:00:2026-07-06T00:00:00+00:00
0.0,0.007354934999999999,0.022064805,0.06748974000000096,0.0,S2,MAKER_PROMO_OFF,97,D2-313a655ca9d40d2b,SKHYNIXUSDT,KR_STOCK:2026-07-03T06:30:00+00:00:2026-07-06T00:00:00+00:00
0.0,0.0183873375,0.0551620125,0.16872435000000063,0.0,S3,MAKER_PROMO_OFF,97,D2-313a655ca9d40d2b,SKHYNIXUSDT,KR_STOCK:2026-07-03T06:30:00+00:00:2026-07-06T00:00:00+00:00
