adverse_inventory_qty,classification,gross_inventory_qty,inventory_drag,inventory_loss_before_confirmation,max_drawdown,net_inventory_qty,profile_id,scenario,seed,suspected_episode_id,symbol,tail_saved_before_confirmation,window_key
0.11,FALSE_BREAKOUT,0.11,0.9289996274435135,0.0,3.177953737477901,-0.11,D2-R3,PRIMARY_ZERO_MAKER,3,D2-bc8ed57a704b6a79,SNDKUSDT,,US_STOCK:2026-05-29T20:00:00+00:00:2026-06-01T08:00:00+00:00
0.11,FALSE_BREAKOUT,0.11,3.6190885004225355,0.0,4.379806223967412,-0.11,S0,PRIMARY_ZERO_MAKER,3,D2-bc8ed57a704b6a79,SNDKUSDT,0.0,US_STOCK:2026-05-29T20:00:00+00:00:2026-06-01T08:00:00+00:00
0.11,FALSE_BREAKOUT,0.11,3.6190885004225355,0.0,4.379806223967412,-0.11,S1,PRIMARY_ZERO_MAKER,3,D2-bc8ed57a704b6a79,SNDKUSDT,0.0,US_STOCK:2026-05-29T20:00:00+00:00:2026-06-01T08:00:00+00:00
0.11,FALSE_BREAKOUT,0.11,3.6190885004225355,0.0,4.408444613967412,-0.11,S2,PRIMARY_ZERO_MAKER,3,D2-bc8ed57a704b6a79,SNDKUSDT,0.0,US_STOCK:2026-05-29T20:00:00+00:00:2026-06-01T08:00:00+00:00
0.11,FALSE_BREAKOUT,0.11,3.6190885004225355,0.0,4.451402198967412,-0.11,S3,PRIMARY_ZERO_MAKER,3,D2-bc8ed57a704b6a79,SNDKUSDT,0.0,US_STOCK:2026-05-29T20:00:00+00:00:2026-06-01T08:00:00+00:00
0.11,FALSE_BREAKOUT,0.11,0.9289996274435135,0.0,3.177953737477901,-0.11,D2-R3,PRIMARY_ZERO_MAKER,10,D2-bc8ed57a704b6a79,SNDKUSDT,,US_STOCK:2026-05-29T20:00:00+00:00:2026-06-01T08:00:00+00:00
0.11,FALSE_BREAKOUT,0.11,3.6190885004225355,0.0,4.379806223967412,-0.11,S0,PRIMARY_ZERO_MAKER,10,D2-bc8ed57a704b6a79,SNDKUSDT,0.0,US_STOCK:2026-05-29T20:00:00+00:00:2026-06-01T08:00:00+00:00
0.11,FALSE_BREAKOUT,0.11,3.6190885004225355,0.0,4.379806223967412,-0.11,S1,PRIMARY_ZERO_MAKER,10,D2-bc8ed57a704b6a79,SNDKUSDT,0.0,US_STOCK:2026-05-29T20:00:00+00:00:2026-06-01T08:00:00+00:00
0.11,FALSE_BREAKOUT,0.11,3.6190885004225355,0.0,4.408444613967412,-0.11,S2,PRIMARY_ZERO_MAKER,10,D2-bc8ed57a704b6a79,SNDKUSDT,0.0,US_STOCK:2026-05-29T20:00:00+00:00:2026-06-01T08:00:00+00:00
0.11,FALSE_BREAKOUT,0.11,3.6190885004225355,0.0,4.451402198967412,-0.11,S3,PRIMARY_ZERO_MAKER,10,D2-bc8ed57a704b6a79,SNDKUSDT,0.0,US_STOCK:2026-05-29T20:00:00+00:00:2026-06-01T08:00:00+00:00
0.11,FALSE_BREAKOUT,0.11,0.9289996274435135,0.0,3.177953737477901,-0.11,D2-R3,PRIMARY_ZERO_MAKER,17,D2-bc8ed57a704b6a79,SNDKUSDT,,US_STOCK:2026-05-29T20:00:00+00:00:2026-06-01T08:00:00+00:00
0.11,FALSE_BREAKOUT,0.11,3.6190885004225355,0.0,4.379806223967412,-0.11,S0,PRIMARY_ZERO_MAKER,17,D2-bc8ed57a704b6a79,SNDKUSDT,0.0,US_STOCK:2026-05-29T20:00:00+00:00:2026-06-01T08:00:00+00:00
0.11,FALSE_BREAKOUT,0.11,3.6190885004225355,0.0,4.379806223967412,-0.11,S1,PRIMARY_ZERO_MAKER,17,D2-bc8ed57a704b6a79,SNDKUSDT,0.0,US_STOCK:2026-05-29T20:00:00+00:00:2026-06-01T08:00:00+00:00
0.11,FALSE_BREAKOUT,0.11,3.6190885004225355,0.0,4.408444613967412,-0.11,S2,PRIMARY_ZERO_MAKER,17,D2-bc8ed57a704b6a79,SNDKUSDT,0.0,US_STOCK:2026-05-29T20:00:00+00:00:2026-06-01T08:00:00+00:00
0.11,FALSE_BREAKOUT,0.11,3.6190885004225355,0.0,4.451402198967412,-0.11,S3,PRIMARY_ZERO_MAKER,17,D2-bc8ed57a704b6a79,SNDKUSDT,0.0,US_STOCK:2026-05-29T20:00:00+00:00:2026-06-01T08:00:00+00:00
0.11,FALSE_BREAKOUT,0.11,0.9289996274435135,0.0,3.177953737477901,-0.11,D2-R3,PRIMARY_ZERO_MAKER,31,D2-bc8ed57a704b6a79,SNDKUSDT,,US_STOCK:2026-05-29T20:00:00+00:00:2026-06-01T08:00:00+00:00
0.11,FALSE_BREAKOUT,0.11,3.6190885004225355,0.0,4.379806223967412,-0.11,S0,PRIMARY_ZERO_MAKER,31,D2-bc8ed57a704b6a79,SNDKUSDT,0.0,US_STOCK:2026-05-29T20:00:00+00:00:2026-06-01T08:00:00+00:00
0.11,FALSE_BREAKOUT,0.11,3.6190885004225355,0.0,4.379806223967412,-0.11,S1,PRIMARY_ZERO_MAKER,31,D2-bc8ed57a704b6a79,SNDKUSDT,0.0,US_STOCK:2026-05-29T20:00:00+00:00:2026-06-01T08:00:00+00:00
0.11,FALSE_BREAKOUT,0.11,3.6190885004225355,0.0,4.408444613967412,-0.11,S2,PRIMARY_ZERO_MAKER,31,D2-bc8ed57a704b6a79,SNDKUSDT,0.0,US_STOCK:2026-05-29T20:00:00+00:00:2026-06-01T08:00:00+00:00
0.11,FALSE_BREAKOUT,0.11,3.6190885004225355,0.0,4.451402198967412,-0.11,S3,PRIMARY_ZERO_MAKER,31,D2-bc8ed57a704b6a79,SNDKUSDT,0.0,US_STOCK:2026-05-29T20:00:00+00:00:2026-06-01T08:00:00+00:00
0.11,FALSE_BREAKOUT,0.11,0.9289996274435135,0.0,3.177953737477901,-0.11,D2-R3,PRIMARY_ZERO_MAKER,59,D2-bc8ed57a704b6a79,SNDKUSDT,,US_STOCK:2026-05-29T20:00:00+00:00:2026-06-01T08:00:00+00:00
0.11,FALSE_BREAKOUT,0.11,3.6190885004225355,0.0,4.379806223967412,-0.11,S0,PRIMARY_ZERO_MAKER,59,D2-bc8ed57a704b6a79,SNDKUSDT,0.0,US_STOCK:2026-05-29T20:00:00+00:00:2026-06-01T08:00:00+00:00
0.11,FALSE_BREAKOUT,0.11,3.6190885004225355,0.0,4.379806223967412,-0.11,S1,PRIMARY_ZERO_MAKER,59,D2-bc8ed57a704b6a79,SNDKUSDT,0.0,US_STOCK:2026-05-29T20:00:00+00:00:2026-06-01T08:00:00+00:00
0.11,FALSE_BREAKOUT,0.11,3.6190885004225355,0.0,4.408444613967412,-0.11,S2,PRIMARY_ZERO_MAKER,59,D2-bc8ed57a704b6a79,SNDKUSDT,0.0,US_STOCK:2026-05-29T20:00:00+00:00:2026-06-01T08:00:00+00:00
0.11,FALSE_BREAKOUT,0.11,3.6190885004225355,0.0,4.451402198967412,-0.11,S3,PRIMARY_ZERO_MAKER,59,D2-bc8ed57a704b6a79,SNDKUSDT,0.0,US_STOCK:2026-05-29T20:00:00+00:00:2026-06-01T08:00:00+00:00
0.11,FALSE_BREAKOUT,0.11,0.9289996274435135,0.0,3.177953737477901,-0.11,D2-R3,PRIMARY_ZERO_MAKER,97,D2-bc8ed57a704b6a79,SNDKUSDT,,US_STOCK:2026-05-29T20:00:00+00:00:2026-06-01T08:00:00+00:00
0.11,FALSE_BREAKOUT,0.11,3.6190885004225355,0.0,4.379806223967412,-0.11,S0,PRIMARY_ZERO_MAKER,97,D2-bc8ed57a704b6a79,SNDKUSDT,0.0,US_STOCK:2026-05-29T20:00:00+00:00:2026-06-01T08:00:00+00:00
0.11,FALSE_BREAKOUT,0.11,3.6190885004225355,0.0,4.379806223967412,-0.11,S1,PRIMARY_ZERO_MAKER,97,D2-bc8ed57a704b6a79,SNDKUSDT,0.0,US_STOCK:2026-05-29T20:00:00+00:00:2026-06-01T08:00:00+00:00
0.11,FALSE_BREAKOUT,0.11,3.6190885004225355,0.0,4.408444613967412,-0.11,S2,PRIMARY_ZERO_MAKER,97,D2-bc8ed57a704b6a79,SNDKUSDT,0.0,US_STOCK:2026-05-29T20:00:00+00:00:2026-06-01T08:00:00+00:00
0.11,FALSE_BREAKOUT,0.11,3.6190885004225355,0.0,4.451402198967412,-0.11,S3,PRIMARY_ZERO_MAKER,97,D2-bc8ed57a704b6a79,SNDKUSDT,0.0,US_STOCK:2026-05-29T20:00:00+00:00:2026-06-01T08:00:00+00:00
0.11,FALSE_BREAKOUT,0.11,0.9289996274435135,0.0,3.6789659795378378,-0.11,D2-R3,EXECUTION_STRESS,3,D2-bc8ed57a704b6a79,SNDKUSDT,,US_STOCK:2026-05-29T20:00:00+00:00:2026-06-01T08:00:00+00:00
0.11,FALSE_BREAKOUT,0.11,3.6190885004225355,0.0,4.7137611910273485,-0.11,S0,EXECUTION_STRESS,3,D2-bc8ed57a704b6a79,SNDKUSDT,0.0,US_STOCK:2026-05-29T20:00:00+00:00:2026-06-01T08:00:00+00:00
0.11,FALSE_BREAKOUT,0.11,3.6190885004225355,0.0,4.7137611910273485,-0.11,S1,EXECUTION_STRESS,3,D2-bc8ed57a704b6a79,SNDKUSDT,0.0,US_STOCK:2026-05-29T20:00:00+00:00:2026-06-01T08:00:00+00:00
0.11,FALSE_BREAKOUT,0.11,3.6190885004225355,0.0,4.775811036027348,-0.11,S2,EXECUTION_STRESS,3,D2-bc8ed57a704b6a79,SNDKUSDT,0.0,US_STOCK:2026-05-29T20:00:00+00:00:2026-06-01T08:00:00+00:00
0.11,FALSE_BREAKOUT,0.11,3.6190885004225355,0.0,4.868885803527348,-0.11,S3,EXECUTION_STRESS,3,D2-bc8ed57a704b6a79,SNDKUSDT,0.0,US_STOCK:2026-05-29T20:00:00+00:00:2026-06-01T08:00:00+00:00
0.11,FALSE_BREAKOUT,0.11,0.9289996274435135,0.0,3.6789659795378378,-0.11,D2-R3,EXECUTION_STRESS,10,D2-bc8ed57a704b6a79,SNDKUSDT,,US_STOCK:2026-05-29T20:00:00+00:00:2026-06-01T08:00:00+00:00
0.11,FALSE_BREAKOUT,0.11,3.6190885004225355,0.0,4.7137611910273485,-0.11,S0,EXECUTION_STRESS,10,D2-bc8ed57a704b6a79,SNDKUSDT,0.0,US_STOCK:2026-05-29T20:00:00+00:00:2026-06-01T08:00:00+00:00
0.11,FALSE_BREAKOUT,0.11,3.6190885004225355,0.0,4.7137611910273485,-0.11,S1,EXECUTION_STRESS,10,D2-bc8ed57a704b6a79,SNDKUSDT,0.0,US_STOCK:2026-05-29T20:00:00+00:00:2026-06-01T08:00:00+00:00
0.11,FALSE_BREAKOUT,0.11,3.6190885004225355,0.0,4.775811036027348,-0.11,S2,EXECUTION_STRESS,10,D2-bc8ed57a704b6a79,SNDKUSDT,0.0,US_STOCK:2026-05-29T20:00:00+00:00:2026-06-01T08:00:00+00:00
0.11,FALSE_BREAKOUT,0.11,3.6190885004225355,0.0,4.868885803527348,-0.11,S3,EXECUTION_STRESS,10,D2-bc8ed57a704b6a79,SNDKUSDT,0.0,US_STOCK:2026-05-29T20:00:00+00:00:2026-06-01T08:00:00+00:00
0.11,FALSE_BREAKOUT,0.11,0.9289996274435135,0.0,3.6789659795378378,-0.11,D2-R3,EXECUTION_STRESS,17,D2-bc8ed57a704b6a79,SNDKUSDT,,US_STOCK:2026-05-29T20:00:00+00:00:2026-06-01T08:00:00+00:00
0.11,FALSE_BREAKOUT,0.11,3.6190885004225355,0.0,4.7137611910273485,-0.11,S0,EXECUTION_STRESS,17,D2-bc8ed57a704b6a79,SNDKUSDT,0.0,US_STOCK:2026-05-29T20:00:00+00:00:2026-06-01T08:00:00+00:00
0.11,FALSE_BREAKOUT,0.11,3.6190885004225355,0.0,4.7137611910273485,-0.11,S1,EXECUTION_STRESS,17,D2-bc8ed57a704b6a79,SNDKUSDT,0.0,US_STOCK:2026-05-29T20:00:00+00:00:2026-06-01T08:00:00+00:00
0.11,FALSE_BREAKOUT,0.11,3.6190885004225355,0.0,4.775811036027348,-0.11,S2,EXECUTION_STRESS,17,D2-bc8ed57a704b6a79,SNDKUSDT,0.0,US_STOCK:2026-05-29T20:00:00+00:00:2026-06-01T08:00:00+00:00
0.11,FALSE_BREAKOUT,0.11,3.6190885004225355,0.0,4.868885803527348,-0.11,S3,EXECUTION_STRESS,17,D2-bc8ed57a704b6a79,SNDKUSDT,0.0,US_STOCK:2026-05-29T20:00:00+00:00:2026-06-01T08:00:00+00:00
0.11,FALSE_BREAKOUT,0.11,0.9289996274435135,0.0,3.6789659795378378,-0.11,D2-R3,EXECUTION_STRESS,31,D2-bc8ed57a704b6a79,SNDKUSDT,,US_STOCK:2026-05-29T20:00:00+00:00:2026-06-01T08:00:00+00:00
0.11,FALSE_BREAKOUT,0.11,3.6190885004225355,0.0,4.7137611910273485,-0.11,S0,EXECUTION_STRESS,31,D2-bc8ed57a704b6a79,SNDKUSDT,0.0,US_STOCK:2026-05-29T20:00:00+00:00:2026-06-01T08:00:00+00:00
0.11,FALSE_BREAKOUT,0.11,3.6190885004225355,0.0,4.7137611910273485,-0.11,S1,EXECUTION_STRESS,31,D2-bc8ed57a704b6a79,SNDKUSDT,0.0,US_STOCK:2026-05-29T20:00:00+00:00:2026-06-01T08:00:00+00:00
0.11,FALSE_BREAKOUT,0.11,3.6190885004225355,0.0,4.775811036027348,-0.11,S2,EXECUTION_STRESS,31,D2-bc8ed57a704b6a79,SNDKUSDT,0.0,US_STOCK:2026-05-29T20:00:00+00:00:2026-06-01T08:00:00+00:00
0.11,FALSE_BREAKOUT,0.11,3.6190885004225355,0.0,4.868885803527348,-0.11,S3,EXECUTION_STRESS,31,D2-bc8ed57a704b6a79,SNDKUSDT,0.0,US_STOCK:2026-05-29T20:00:00+00:00:2026-06-01T08:00:00+00:00
0.11,FALSE_BREAKOUT,0.11,0.9289996274435135,0.0,3.6789659795378378,-0.11,D2-R3,EXECUTION_STRESS,59,D2-bc8ed57a704b6a79,SNDKUSDT,,US_STOCK:2026-05-29T20:00:00+00:00:2026-06-01T08:00:00+00:00
0.11,FALSE_BREAKOUT,0.11,3.6190885004225355,0.0,4.7137611910273485,-0.11,S0,EXECUTION_STRESS,59,D2-bc8ed57a704b6a79,SNDKUSDT,0.0,US_STOCK:2026-05-29T20:00:00+00:00:2026-06-01T08:00:00+00:00
0.11,FALSE_BREAKOUT,0.11,3.6190885004225355,0.0,4.7137611910273485,-0.11,S1,EXECUTION_STRESS,59,D2-bc8ed57a704b6a79,SNDKUSDT,0.0,US_STOCK:2026-05-29T20:00:00+00:00:2026-06-01T08:00:00+00:00
0.11,FALSE_BREAKOUT,0.11,3.6190885004225355,0.0,4.775811036027348,-0.11,S2,EXECUTION_STRESS,59,D2-bc8ed57a704b6a79,SNDKUSDT,0.0,US_STOCK:2026-05-29T20:00:00+00:00:2026-06-01T08:00:00+00:00
0.11,FALSE_BREAKOUT,0.11,3.6190885004225355,0.0,4.868885803527348,-0.11,S3,EXECUTION_STRESS,59,D2-bc8ed57a704b6a79,SNDKUSDT,0.0,US_STOCK:2026-05-29T20:00:00+00:00:2026-06-01T08:00:00+00:00
0.11,FALSE_BREAKOUT,0.11,0.9289996274435135,0.0,3.6789659795378378,-0.11,D2-R3,EXECUTION_STRESS,97,D2-bc8ed57a704b6a79,SNDKUSDT,,US_STOCK:2026-05-29T20:00:00+00:00:2026-06-01T08:00:00+00:00
0.11,FALSE_BREAKOUT,0.11,3.6190885004225355,0.0,4.7137611910273485,-0.11,S0,EXECUTION_STRESS,97,D2-bc8ed57a704b6a79,SNDKUSDT,0.0,US_STOCK:2026-05-29T20:00:00+00:00:2026-06-01T08:00:00+00:00
0.11,FALSE_BREAKOUT,0.11,3.6190885004225355,0.0,4.7137611910273485,-0.11,S1,EXECUTION_STRESS,97,D2-bc8ed57a704b6a79,SNDKUSDT,0.0,US_STOCK:2026-05-29T20:00:00+00:00:2026-06-01T08:00:00+00:00
0.11,FALSE_BREAKOUT,0.11,3.6190885004225355,0.0,4.775811036027348,-0.11,S2,EXECUTION_STRESS,97,D2-bc8ed57a704b6a79,SNDKUSDT,0.0,US_STOCK:2026-05-29T20:00:00+00:00:2026-06-01T08:00:00+00:00
0.11,FALSE_BREAKOUT,0.11,3.6190885004225355,0.0,4.868885803527348,-0.11,S3,EXECUTION_STRESS,97,D2-bc8ed57a704b6a79,SNDKUSDT,0.0,US_STOCK:2026-05-29T20:00:00+00:00:2026-06-01T08:00:00+00:00
0.11,FALSE_BREAKOUT,0.11,0.9289996274435135,0.0,3.338151352125258,-0.11,D2-R3,MAKER_PROMO_OFF,3,D2-bc8ed57a704b6a79,SNDKUSDT,,US_STOCK:2026-05-29T20:00:00+00:00:2026-06-01T08:00:00+00:00
0.11,FALSE_BREAKOUT,0.11,3.6190885004225355,0.0,4.492273188614769,-0.11,S0,MAKER_PROMO_OFF,3,D2-bc8ed57a704b6a79,SNDKUSDT,0.0,US_STOCK:2026-05-29T20:00:00+00:00:2026-06-01T08:00:00+00:00
0.11,FALSE_BREAKOUT,0.11,3.6190885004225355,0.0,4.492273188614769,-0.11,S1,MAKER_PROMO_OFF,3,D2-bc8ed57a704b6a79,SNDKUSDT,0.0,US_STOCK:2026-05-29T20:00:00+00:00:2026-06-01T08:00:00+00:00
0.11,FALSE_BREAKOUT,0.11,3.6190885004225355,0.0,4.53045770861477,-0.11,S2,MAKER_PROMO_OFF,3,D2-bc8ed57a704b6a79,SNDKUSDT,0.0,US_STOCK:2026-05-29T20:00:00+00:00:2026-06-01T08:00:00+00:00
0.11,FALSE_BREAKOUT,0.11,3.6190885004225355,0.0,4.587734488614769,-0.11,S3,MAKER_PROMO_OFF,3,D2-bc8ed57a704b6a79,SNDKUSDT,0.0,US_STOCK:2026-05-29T20:00:00+00:00:2026-06-01T08:00:00+00:00
0.11,FALSE_BREAKOUT,0.11,0.9289996274435135,0.0,3.338151352125258,-0.11,D2-R3,MAKER_PROMO_OFF,10,D2-bc8ed57a704b6a79,SNDKUSDT,,US_STOCK:2026-05-29T20:00:00+00:00:2026-06-01T08:00:00+00:00
0.11,FALSE_BREAKOUT,0.11,3.6190885004225355,0.0,4.492273188614769,-0.11,S0,MAKER_PROMO_OFF,10,D2-bc8ed57a704b6a79,SNDKUSDT,0.0,US_STOCK:2026-05-29T20:00:00+00:00:2026-06-01T08:00:00+00:00
0.11,FALSE_BREAKOUT,0.11,3.6190885004225355,0.0,4.492273188614769,-0.11,S1,MAKER_PROMO_OFF,10,D2-bc8ed57a704b6a79,SNDKUSDT,0.0,US_STOCK:2026-05-29T20:00:00+00:00:2026-06-01T08:00:00+00:00
0.11,FALSE_BREAKOUT,0.11,3.6190885004225355,0.0,4.53045770861477,-0.11,S2,MAKER_PROMO_OFF,10,D2-bc8ed57a704b6a79,SNDKUSDT,0.0,US_STOCK:2026-05-29T20:00:00+00:00:2026-06-01T08:00:00+00:00
0.11,FALSE_BREAKOUT,0.11,3.6190885004225355,0.0,4.587734488614769,-0.11,S3,MAKER_PROMO_OFF,10,D2-bc8ed57a704b6a79,SNDKUSDT,0.0,US_STOCK:2026-05-29T20:00:00+00:00:2026-06-01T08:00:00+00:00
0.11,FALSE_BREAKOUT,0.11,0.9289996274435135,0.0,3.338151352125258,-0.11,D2-R3,MAKER_PROMO_OFF,17,D2-bc8ed57a704b6a79,SNDKUSDT,,US_STOCK:2026-05-29T20:00:00+00:00:2026-06-01T08:00:00+00:00
0.11,FALSE_BREAKOUT,0.11,3.6190885004225355,0.0,4.492273188614769,-0.11,S0,MAKER_PROMO_OFF,17,D2-bc8ed57a704b6a79,SNDKUSDT,0.0,US_STOCK:2026-05-29T20:00:00+00:00:2026-06-01T08:00:00+00:00
0.11,FALSE_BREAKOUT,0.11,3.6190885004225355,0.0,4.492273188614769,-0.11,S1,MAKER_PROMO_OFF,17,D2-bc8ed57a704b6a79,SNDKUSDT,0.0,US_STOCK:2026-05-29T20:00:00+00:00:2026-06-01T08:00:00+00:00
0.11,FALSE_BREAKOUT,0.11,3.6190885004225355,0.0,4.53045770861477,-0.11,S2,MAKER_PROMO_OFF,17,D2-bc8ed57a704b6a79,SNDKUSDT,0.0,US_STOCK:2026-05-29T20:00:00+00:00:2026-06-01T08:00:00+00:00
0.11,FALSE_BREAKOUT,0.11,3.6190885004225355,0.0,4.587734488614769,-0.11,S3,MAKER_PROMO_OFF,17,D2-bc8ed57a704b6a79,SNDKUSDT,0.0,US_STOCK:2026-05-29T20:00:00+00:00:2026-06-01T08:00:00+00:00
0.11,FALSE_BREAKOUT,0.11,0.9289996274435135,0.0,3.338151352125258,-0.11,D2-R3,MAKER_PROMO_OFF,31,D2-bc8ed57a704b6a79,SNDKUSDT,,US_STOCK:2026-05-29T20:00:00+00:00:2026-06-01T08:00:00+00:00
0.11,FALSE_BREAKOUT,0.11,3.6190885004225355,0.0,4.492273188614769,-0.11,S0,MAKER_PROMO_OFF,31,D2-bc8ed57a704b6a79,SNDKUSDT,0.0,US_STOCK:2026-05-29T20:00:00+00:00:2026-06-01T08:00:00+00:00
0.11,FALSE_BREAKOUT,0.11,3.6190885004225355,0.0,4.492273188614769,-0.11,S1,MAKER_PROMO_OFF,31,D2-bc8ed57a704b6a79,SNDKUSDT,0.0,US_STOCK:2026-05-29T20:00:00+00:00:2026-06-01T08:00:00+00:00
0.11,FALSE_BREAKOUT,0.11,3.6190885004225355,0.0,4.53045770861477,-0.11,S2,MAKER_PROMO_OFF,31,D2-bc8ed57a704b6a79,SNDKUSDT,0.0,US_STOCK:2026-05-29T20:00:00+00:00:2026-06-01T08:00:00+00:00
0.11,FALSE_BREAKOUT,0.11,3.6190885004225355,0.0,4.587734488614769,-0.11,S3,MAKER_PROMO_OFF,31,D2-bc8ed57a704b6a79,SNDKUSDT,0.0,US_STOCK:2026-05-29T20:00:00+00:00:2026-06-01T08:00:00+00:00
0.11,FALSE_BREAKOUT,0.11,0.9289996274435135,0.0,3.338151352125258,-0.11,D2-R3,MAKER_PROMO_OFF,59,D2-bc8ed57a704b6a79,SNDKUSDT,,US_STOCK:2026-05-29T20:00:00+00:00:2026-06-01T08:00:00+00:00
0.11,FALSE_BREAKOUT,0.11,3.6190885004225355,0.0,4.492273188614769,-0.11,S0,MAKER_PROMO_OFF,59,D2-bc8ed57a704b6a79,SNDKUSDT,0.0,US_STOCK:2026-05-29T20:00:00+00:00:2026-06-01T08:00:00+00:00
0.11,FALSE_BREAKOUT,0.11,3.6190885004225355,0.0,4.492273188614769,-0.11,S1,MAKER_PROMO_OFF,59,D2-bc8ed57a704b6a79,SNDKUSDT,0.0,US_STOCK:2026-05-29T20:00:00+00:00:2026-06-01T08:00:00+00:00
0.11,FALSE_BREAKOUT,0.11,3.6190885004225355,0.0,4.53045770861477,-0.11,S2,MAKER_PROMO_OFF,59,D2-bc8ed57a704b6a79,SNDKUSDT,0.0,US_STOCK:2026-05-29T20:00:00+00:00:2026-06-01T08:00:00+00:00
0.11,FALSE_BREAKOUT,0.11,3.6190885004225355,0.0,4.587734488614769,-0.11,S3,MAKER_PROMO_OFF,59,D2-bc8ed57a704b6a79,SNDKUSDT,0.0,US_STOCK:2026-05-29T20:00:00+00:00:2026-06-01T08:00:00+00:00
0.11,FALSE_BREAKOUT,0.11,0.9289996274435135,0.0,3.338151352125258,-0.11,D2-R3,MAKER_PROMO_OFF,97,D2-bc8ed57a704b6a79,SNDKUSDT,,US_STOCK:2026-05-29T20:00:00+00:00:2026-06-01T08:00:00+00:00
0.11,FALSE_BREAKOUT,0.11,3.6190885004225355,0.0,4.492273188614769,-0.11,S0,MAKER_PROMO_OFF,97,D2-bc8ed57a704b6a79,SNDKUSDT,0.0,US_STOCK:2026-05-29T20:00:00+00:00:2026-06-01T08:00:00+00:00
0.11,FALSE_BREAKOUT,0.11,3.6190885004225355,0.0,4.492273188614769,-0.11,S1,MAKER_PROMO_OFF,97,D2-bc8ed57a704b6a79,SNDKUSDT,0.0,US_STOCK:2026-05-29T20:00:00+00:00:2026-06-01T08:00:00+00:00
0.11,FALSE_BREAKOUT,0.11,3.6190885004225355,0.0,4.53045770861477,-0.11,S2,MAKER_PROMO_OFF,97,D2-bc8ed57a704b6a79,SNDKUSDT,0.0,US_STOCK:2026-05-29T20:00:00+00:00:2026-06-01T08:00:00+00:00
0.11,FALSE_BREAKOUT,0.11,3.6190885004225355,0.0,4.587734488614769,-0.11,S3,MAKER_PROMO_OFF,97,D2-bc8ed57a704b6a79,SNDKUSDT,0.0,US_STOCK:2026-05-29T20:00:00+00:00:2026-06-01T08:00:00+00:00
0.15000000000000002,FALSE_BREAKOUT,0.15000000000000002,0.9510703010333534,0.0,4.134971615218096,0.15000000000000002,D2-R3,PRIMARY_ZERO_MAKER,3,D2-cb237b14dd2e1af4,SNDKUSDT,,US_STOCK:2026-06-05T20:00:00+00:00:2026-06-08T08:00:00+00:00
0.15000000000000002,FALSE_BREAKOUT,0.15000000000000002,4.755351505166768,0.0,5.865244842284803,0.15000000000000002,S0,PRIMARY_ZERO_MAKER,3,D2-cb237b14dd2e1af4,SNDKUSDT,0.0,US_STOCK:2026-06-05T20:00:00+00:00:2026-06-08T08:00:00+00:00
0.15000000000000002,FALSE_BREAKOUT,0.15000000000000002,4.755351505166768,0.0,5.865244842284803,0.15000000000000002,S1,PRIMARY_ZERO_MAKER,3,D2-cb237b14dd2e1af4,SNDKUSDT,0.0,US_STOCK:2026-06-05T20:00:00+00:00:2026-06-08T08:00:00+00:00
0.15000000000000002,FALSE_BREAKOUT,0.15000000000000002,4.755351505166768,0.0,5.899618317284803,0.15000000000000002,S2,PRIMARY_ZERO_MAKER,3,D2-cb237b14dd2e1af4,SNDKUSDT,0.0,US_STOCK:2026-06-05T20:00:00+00:00:2026-06-08T08:00:00+00:00
0.15000000000000002,FALSE_BREAKOUT,0.15000000000000002,4.755351505166768,0.0,5.951178529784803,0.15000000000000002,S3,PRIMARY_ZERO_MAKER,3,D2-cb237b14dd2e1af4,SNDKUSDT,0.0,US_STOCK:2026-06-05T20:00:00+00:00:2026-06-08T08:00:00+00:00
0.15000000000000002,FALSE_BREAKOUT,0.15000000000000002,0.9510703010333534,0.0,4.134971615218096,0.15000000000000002,D2-R3,PRIMARY_ZERO_MAKER,10,D2-cb237b14dd2e1af4,SNDKUSDT,,US_STOCK:2026-06-05T20:00:00+00:00:2026-06-08T08:00:00+00:00
0.15000000000000002,FALSE_BREAKOUT,0.15000000000000002,4.755351505166768,0.0,5.865244842284803,0.15000000000000002,S0,PRIMARY_ZERO_MAKER,10,D2-cb237b14dd2e1af4,SNDKUSDT,0.0,US_STOCK:2026-06-05T20:00:00+00:00:2026-06-08T08:00:00+00:00
0.15000000000000002,FALSE_BREAKOUT,0.15000000000000002,4.755351505166768,0.0,5.865244842284803,0.15000000000000002,S1,PRIMARY_ZERO_MAKER,10,D2-cb237b14dd2e1af4,SNDKUSDT,0.0,US_STOCK:2026-06-05T20:00:00+00:00:2026-06-08T08:00:00+00:00
0.15000000000000002,FALSE_BREAKOUT,0.15000000000000002,4.755351505166768,0.0,5.899618317284803,0.15000000000000002,S2,PRIMARY_ZERO_MAKER,10,D2-cb237b14dd2e1af4,SNDKUSDT,0.0,US_STOCK:2026-06-05T20:00:00+00:00:2026-06-08T08:00:00+00:00
0.15000000000000002,FALSE_BREAKOUT,0.15000000000000002,4.755351505166768,0.0,5.951178529784803,0.15000000000000002,S3,PRIMARY_ZERO_MAKER,10,D2-cb237b14dd2e1af4,SNDKUSDT,0.0,US_STOCK:2026-06-05T20:00:00+00:00:2026-06-08T08:00:00+00:00
0.15000000000000002,FALSE_BREAKOUT,0.15000000000000002,0.9510703010333534,0.0,4.134971615218096,0.15000000000000002,D2-R3,PRIMARY_ZERO_MAKER,17,D2-cb237b14dd2e1af4,SNDKUSDT,,US_STOCK:2026-06-05T20:00:00+00:00:2026-06-08T08:00:00+00:00
0.15000000000000002,FALSE_BREAKOUT,0.15000000000000002,4.755351505166768,0.0,5.865244842284803,0.15000000000000002,S0,PRIMARY_ZERO_MAKER,17,D2-cb237b14dd2e1af4,SNDKUSDT,0.0,US_STOCK:2026-06-05T20:00:00+00:00:2026-06-08T08:00:00+00:00
0.15000000000000002,FALSE_BREAKOUT,0.15000000000000002,4.755351505166768,0.0,5.865244842284803,0.15000000000000002,S1,PRIMARY_ZERO_MAKER,17,D2-cb237b14dd2e1af4,SNDKUSDT,0.0,US_STOCK:2026-06-05T20:00:00+00:00:2026-06-08T08:00:00+00:00
0.15000000000000002,FALSE_BREAKOUT,0.15000000000000002,4.755351505166768,0.0,5.899618317284803,0.15000000000000002,S2,PRIMARY_ZERO_MAKER,17,D2-cb237b14dd2e1af4,SNDKUSDT,0.0,US_STOCK:2026-06-05T20:00:00+00:00:2026-06-08T08:00:00+00:00
0.15000000000000002,FALSE_BREAKOUT,0.15000000000000002,4.755351505166768,0.0,5.951178529784803,0.15000000000000002,S3,PRIMARY_ZERO_MAKER,17,D2-cb237b14dd2e1af4,SNDKUSDT,0.0,US_STOCK:2026-06-05T20:00:00+00:00:2026-06-08T08:00:00+00:00
0.15000000000000002,FALSE_BREAKOUT,0.15000000000000002,0.9510703010333534,0.0,4.134971615218096,0.15000000000000002,D2-R3,PRIMARY_ZERO_MAKER,31,D2-cb237b14dd2e1af4,SNDKUSDT,,US_STOCK:2026-06-05T20:00:00+00:00:2026-06-08T08:00:00+00:00
0.15000000000000002,FALSE_BREAKOUT,0.15000000000000002,4.755351505166768,0.0,5.865244842284803,0.15000000000000002,S0,PRIMARY_ZERO_MAKER,31,D2-cb237b14dd2e1af4,SNDKUSDT,0.0,US_STOCK:2026-06-05T20:00:00+00:00:2026-06-08T08:00:00+00:00
0.15000000000000002,FALSE_BREAKOUT,0.15000000000000002,4.755351505166768,0.0,5.865244842284803,0.15000000000000002,S1,PRIMARY_ZERO_MAKER,31,D2-cb237b14dd2e1af4,SNDKUSDT,0.0,US_STOCK:2026-06-05T20:00:00+00:00:2026-06-08T08:00:00+00:00
0.15000000000000002,FALSE_BREAKOUT,0.15000000000000002,4.755351505166768,0.0,5.899618317284803,0.15000000000000002,S2,PRIMARY_ZERO_MAKER,31,D2-cb237b14dd2e1af4,SNDKUSDT,0.0,US_STOCK:2026-06-05T20:00:00+00:00:2026-06-08T08:00:00+00:00
0.15000000000000002,FALSE_BREAKOUT,0.15000000000000002,4.755351505166768,0.0,5.951178529784803,0.15000000000000002,S3,PRIMARY_ZERO_MAKER,31,D2-cb237b14dd2e1af4,SNDKUSDT,0.0,US_STOCK:2026-06-05T20:00:00+00:00:2026-06-08T08:00:00+00:00
0.15000000000000002,FALSE_BREAKOUT,0.15000000000000002,0.9510703010333534,0.0,4.134971615218096,0.15000000000000002,D2-R3,PRIMARY_ZERO_MAKER,59,D2-cb237b14dd2e1af4,SNDKUSDT,,US_STOCK:2026-06-05T20:00:00+00:00:2026-06-08T08:00:00+00:00
0.15000000000000002,FALSE_BREAKOUT,0.15000000000000002,4.755351505166768,0.0,5.865244842284803,0.15000000000000002,S0,PRIMARY_ZERO_MAKER,59,D2-cb237b14dd2e1af4,SNDKUSDT,0.0,US_STOCK:2026-06-05T20:00:00+00:00:2026-06-08T08:00:00+00:00
0.15000000000000002,FALSE_BREAKOUT,0.15000000000000002,4.755351505166768,0.0,5.865244842284803,0.15000000000000002,S1,PRIMARY_ZERO_MAKER,59,D2-cb237b14dd2e1af4,SNDKUSDT,0.0,US_STOCK:2026-06-05T20:00:00+00:00:2026-06-08T08:00:00+00:00
0.15000000000000002,FALSE_BREAKOUT,0.15000000000000002,4.755351505166768,0.0,5.899618317284803,0.15000000000000002,S2,PRIMARY_ZERO_MAKER,59,D2-cb237b14dd2e1af4,SNDKUSDT,0.0,US_STOCK:2026-06-05T20:00:00+00:00:2026-06-08T08:00:00+00:00
0.15000000000000002,FALSE_BREAKOUT,0.15000000000000002,4.755351505166768,0.0,5.951178529784803,0.15000000000000002,S3,PRIMARY_ZERO_MAKER,59,D2-cb237b14dd2e1af4,SNDKUSDT,0.0,US_STOCK:2026-06-05T20:00:00+00:00:2026-06-08T08:00:00+00:00
0.15000000000000002,FALSE_BREAKOUT,0.15000000000000002,0.9510703010333534,0.0,4.134971615218096,0.15000000000000002,D2-R3,PRIMARY_ZERO_MAKER,97,D2-cb237b14dd2e1af4,SNDKUSDT,,US_STOCK:2026-06-05T20:00:00+00:00:2026-06-08T08:00:00+00:00
0.15000000000000002,FALSE_BREAKOUT,0.15000000000000002,4.755351505166768,0.0,5.865244842284803,0.15000000000000002,S0,PRIMARY_ZERO_MAKER,97,D2-cb237b14dd2e1af4,SNDKUSDT,0.0,US_STOCK:2026-06-05T20:00:00+00:00:2026-06-08T08:00:00+00:00
0.15000000000000002,FALSE_BREAKOUT,0.15000000000000002,4.755351505166768,0.0,5.865244842284803,0.15000000000000002,S1,PRIMARY_ZERO_MAKER,97,D2-cb237b14dd2e1af4,SNDKUSDT,0.0,US_STOCK:2026-06-05T20:00:00+00:00:2026-06-08T08:00:00+00:00
0.15000000000000002,FALSE_BREAKOUT,0.15000000000000002,4.755351505166768,0.0,5.899618317284803,0.15000000000000002,S2,PRIMARY_ZERO_MAKER,97,D2-cb237b14dd2e1af4,SNDKUSDT,0.0,US_STOCK:2026-06-05T20:00:00+00:00:2026-06-08T08:00:00+00:00
0.15000000000000002,FALSE_BREAKOUT,0.15000000000000002,4.755351505166768,0.0,5.951178529784803,0.15000000000000002,S3,PRIMARY_ZERO_MAKER,97,D2-cb237b14dd2e1af4,SNDKUSDT,0.0,US_STOCK:2026-06-05T20:00:00+00:00:2026-06-08T08:00:00+00:00
0.15000000000000002,FALSE_BREAKOUT,0.15000000000000002,0.9510703010333534,0.0,4.732546014617364,0.15000000000000002,D2-R3,EXECUTION_STRESS,3,D2-cb237b14dd2e1af4,SNDKUSDT,,US_STOCK:2026-06-05T20:00:00+00:00:2026-06-08T08:00:00+00:00
0.15000000000000002,FALSE_BREAKOUT,0.15000000000000002,4.755351505166768,0.0,6.2623073041840716,0.15000000000000002,S0,EXECUTION_STRESS,3,D2-cb237b14dd2e1af4,SNDKUSDT,0.0,US_STOCK:2026-06-05T20:00:00+00:00:2026-06-08T08:00:00+00:00
0.15000000000000002,FALSE_BREAKOUT,0.15000000000000002,4.755351505166768,0.0,6.2623073041840716,0.15000000000000002,S1,EXECUTION_STRESS,3,D2-cb237b14dd2e1af4,SNDKUSDT,0.0,US_STOCK:2026-06-05T20:00:00+00:00:2026-06-08T08:00:00+00:00
0.15000000000000002,FALSE_BREAKOUT,0.15000000000000002,4.755351505166768,0.0,6.3367831666840715,0.15000000000000002,S2,EXECUTION_STRESS,3,D2-cb237b14dd2e1af4,SNDKUSDT,0.0,US_STOCK:2026-06-05T20:00:00+00:00:2026-06-08T08:00:00+00:00
0.15000000000000002,FALSE_BREAKOUT,0.15000000000000002,4.755351505166768,0.0,6.448496960434072,0.15000000000000002,S3,EXECUTION_STRESS,3,D2-cb237b14dd2e1af4,SNDKUSDT,0.0,US_STOCK:2026-06-05T20:00:00+00:00:2026-06-08T08:00:00+00:00
0.15000000000000002,FALSE_BREAKOUT,0.15000000000000002,0.9510703010333534,0.0,4.732546014617364,0.15000000000000002,D2-R3,EXECUTION_STRESS,10,D2-cb237b14dd2e1af4,SNDKUSDT,,US_STOCK:2026-06-05T20:00:00+00:00:2026-06-08T08:00:00+00:00
0.15000000000000002,FALSE_BREAKOUT,0.15000000000000002,4.755351505166768,0.0,6.2623073041840716,0.15000000000000002,S0,EXECUTION_STRESS,10,D2-cb237b14dd2e1af4,SNDKUSDT,0.0,US_STOCK:2026-06-05T20:00:00+00:00:2026-06-08T08:00:00+00:00
0.15000000000000002,FALSE_BREAKOUT,0.15000000000000002,4.755351505166768,0.0,6.2623073041840716,0.15000000000000002,S1,EXECUTION_STRESS,10,D2-cb237b14dd2e1af4,SNDKUSDT,0.0,US_STOCK:2026-06-05T20:00:00+00:00:2026-06-08T08:00:00+00:00
0.15000000000000002,FALSE_BREAKOUT,0.15000000000000002,4.755351505166768,0.0,6.3367831666840715,0.15000000000000002,S2,EXECUTION_STRESS,10,D2-cb237b14dd2e1af4,SNDKUSDT,0.0,US_STOCK:2026-06-05T20:00:00+00:00:2026-06-08T08:00:00+00:00
0.15000000000000002,FALSE_BREAKOUT,0.15000000000000002,4.755351505166768,0.0,6.448496960434072,0.15000000000000002,S3,EXECUTION_STRESS,10,D2-cb237b14dd2e1af4,SNDKUSDT,0.0,US_STOCK:2026-06-05T20:00:00+00:00:2026-06-08T08:00:00+00:00
0.15000000000000002,FALSE_BREAKOUT,0.15000000000000002,0.9510703010333534,0.0,4.732546014617364,0.15000000000000002,D2-R3,EXECUTION_STRESS,17,D2-cb237b14dd2e1af4,SNDKUSDT,,US_STOCK:2026-06-05T20:00:00+00:00:2026-06-08T08:00:00+00:00
0.15000000000000002,FALSE_BREAKOUT,0.15000000000000002,4.755351505166768,0.0,6.2623073041840716,0.15000000000000002,S0,EXECUTION_STRESS,17,D2-cb237b14dd2e1af4,SNDKUSDT,0.0,US_STOCK:2026-06-05T20:00:00+00:00:2026-06-08T08:00:00+00:00
0.15000000000000002,FALSE_BREAKOUT,0.15000000000000002,4.755351505166768,0.0,6.2623073041840716,0.15000000000000002,S1,EXECUTION_STRESS,17,D2-cb237b14dd2e1af4,SNDKUSDT,0.0,US_STOCK:2026-06-05T20:00:00+00:00:2026-06-08T08:00:00+00:00
0.15000000000000002,FALSE_BREAKOUT,0.15000000000000002,4.755351505166768,0.0,6.3367831666840715,0.15000000000000002,S2,EXECUTION_STRESS,17,D2-cb237b14dd2e1af4,SNDKUSDT,0.0,US_STOCK:2026-06-05T20:00:00+00:00:2026-06-08T08:00:00+00:00
0.15000000000000002,FALSE_BREAKOUT,0.15000000000000002,4.755351505166768,0.0,6.448496960434072,0.15000000000000002,S3,EXECUTION_STRESS,17,D2-cb237b14dd2e1af4,SNDKUSDT,0.0,US_STOCK:2026-06-05T20:00:00+00:00:2026-06-08T08:00:00+00:00
0.15000000000000002,FALSE_BREAKOUT,0.15000000000000002,0.9510703010333534,0.0,4.732546014617364,0.15000000000000002,D2-R3,EXECUTION_STRESS,31,D2-cb237b14dd2e1af4,SNDKUSDT,,US_STOCK:2026-06-05T20:00:00+00:00:2026-06-08T08:00:00+00:00
0.15000000000000002,FALSE_BREAKOUT,0.15000000000000002,4.755351505166768,0.0,6.2623073041840716,0.15000000000000002,S0,EXECUTION_STRESS,31,D2-cb237b14dd2e1af4,SNDKUSDT,0.0,US_STOCK:2026-06-05T20:00:00+00:00:2026-06-08T08:00:00+00:00
0.15000000000000002,FALSE_BREAKOUT,0.15000000000000002,4.755351505166768,0.0,6.2623073041840716,0.15000000000000002,S1,EXECUTION_STRESS,31,D2-cb237b14dd2e1af4,SNDKUSDT,0.0,US_STOCK:2026-06-05T20:00:00+00:00:2026-06-08T08:00:00+00:00
0.15000000000000002,FALSE_BREAKOUT,0.15000000000000002,4.755351505166768,0.0,6.3367831666840715,0.15000000000000002,S2,EXECUTION_STRESS,31,D2-cb237b14dd2e1af4,SNDKUSDT,0.0,US_STOCK:2026-06-05T20:00:00+00:00:2026-06-08T08:00:00+00:00
0.15000000000000002,FALSE_BREAKOUT,0.15000000000000002,4.755351505166768,0.0,6.448496960434072,0.15000000000000002,S3,EXECUTION_STRESS,31,D2-cb237b14dd2e1af4,SNDKUSDT,0.0,US_STOCK:2026-06-05T20:00:00+00:00:2026-06-08T08:00:00+00:00
0.15000000000000002,FALSE_BREAKOUT,0.15000000000000002,0.9510703010333534,0.0,4.732546014617364,0.15000000000000002,D2-R3,EXECUTION_STRESS,59,D2-cb237b14dd2e1af4,SNDKUSDT,,US_STOCK:2026-06-05T20:00:00+00:00:2026-06-08T08:00:00+00:00
0.15000000000000002,FALSE_BREAKOUT,0.15000000000000002,4.755351505166768,0.0,6.2623073041840716,0.15000000000000002,S0,EXECUTION_STRESS,59,D2-cb237b14dd2e1af4,SNDKUSDT,0.0,US_STOCK:2026-06-05T20:00:00+00:00:2026-06-08T08:00:00+00:00
0.15000000000000002,FALSE_BREAKOUT,0.15000000000000002,4.755351505166768,0.0,6.2623073041840716,0.15000000000000002,S1,EXECUTION_STRESS,59,D2-cb237b14dd2e1af4,SNDKUSDT,0.0,US_STOCK:2026-06-05T20:00:00+00:00:2026-06-08T08:00:00+00:00
0.15000000000000002,FALSE_BREAKOUT,0.15000000000000002,4.755351505166768,0.0,6.3367831666840715,0.15000000000000002,S2,EXECUTION_STRESS,59,D2-cb237b14dd2e1af4,SNDKUSDT,0.0,US_STOCK:2026-06-05T20:00:00+00:00:2026-06-08T08:00:00+00:00
0.15000000000000002,FALSE_BREAKOUT,0.15000000000000002,4.755351505166768,0.0,6.448496960434072,0.15000000000000002,S3,EXECUTION_STRESS,59,D2-cb237b14dd2e1af4,SNDKUSDT,0.0,US_STOCK:2026-06-05T20:00:00+00:00:2026-06-08T08:00:00+00:00
0.15000000000000002,FALSE_BREAKOUT,0.15000000000000002,0.9510703010333534,0.0,4.732546014617364,0.15000000000000002,D2-R3,EXECUTION_STRESS,97,D2-cb237b14dd2e1af4,SNDKUSDT,,US_STOCK:2026-06-05T20:00:00+00:00:2026-06-08T08:00:00+00:00
0.15000000000000002,FALSE_BREAKOUT,0.15000000000000002,4.755351505166768,0.0,6.2623073041840716,0.15000000000000002,S0,EXECUTION_STRESS,97,D2-cb237b14dd2e1af4,SNDKUSDT,0.0,US_STOCK:2026-06-05T20:00:00+00:00:2026-06-08T08:00:00+00:00
0.15000000000000002,FALSE_BREAKOUT,0.15000000000000002,4.755351505166768,0.0,6.2623073041840716,0.15000000000000002,S1,EXECUTION_STRESS,97,D2-cb237b14dd2e1af4,SNDKUSDT,0.0,US_STOCK:2026-06-05T20:00:00+00:00:2026-06-08T08:00:00+00:00
0.15000000000000002,FALSE_BREAKOUT,0.15000000000000002,4.755351505166768,0.0,6.3367831666840715,0.15000000000000002,S2,EXECUTION_STRESS,97,D2-cb237b14dd2e1af4,SNDKUSDT,0.0,US_STOCK:2026-06-05T20:00:00+00:00:2026-06-08T08:00:00+00:00
0.15000000000000002,FALSE_BREAKOUT,0.15000000000000002,4.755351505166768,0.0,6.448496960434072,0.15000000000000002,S3,EXECUTION_STRESS,97,D2-cb237b14dd2e1af4,SNDKUSDT,0.0,US_STOCK:2026-06-05T20:00:00+00:00:2026-06-08T08:00:00+00:00
0.15000000000000002,FALSE_BREAKOUT,0.15000000000000002,0.9510703010333534,0.0,4.305739596653375,0.15000000000000002,D2-R3,MAKER_PROMO_OFF,3,D2-cb237b14dd2e1af4,SNDKUSDT,,US_STOCK:2026-06-05T20:00:00+00:00:2026-06-08T08:00:00+00:00
0.15000000000000002,FALSE_BREAKOUT,0.15000000000000002,4.755351505166768,0.0,5.978723698720081,0.15000000000000002,S0,MAKER_PROMO_OFF,3,D2-cb237b14dd2e1af4,SNDKUSDT,0.0,US_STOCK:2026-06-05T20:00:00+00:00:2026-06-08T08:00:00+00:00
0.15000000000000002,FALSE_BREAKOUT,0.15000000000000002,4.755351505166768,0.0,5.978723698720081,0.15000000000000002,S1,MAKER_PROMO_OFF,3,D2-cb237b14dd2e1af4,SNDKUSDT,0.0,US_STOCK:2026-06-05T20:00:00+00:00:2026-06-08T08:00:00+00:00
0.15000000000000002,FALSE_BREAKOUT,0.15000000000000002,4.755351505166768,0.0,6.024554998720081,0.15000000000000002,S2,MAKER_PROMO_OFF,3,D2-cb237b14dd2e1af4,SNDKUSDT,0.0,US_STOCK:2026-06-05T20:00:00+00:00:2026-06-08T08:00:00+00:00
0.15000000000000002,FALSE_BREAKOUT,0.15000000000000002,4.755351505166768,0.0,6.0933019487200815,0.15000000000000002,S3,MAKER_PROMO_OFF,3,D2-cb237b14dd2e1af4,SNDKUSDT,0.0,US_STOCK:2026-06-05T20:00:00+00:00:2026-06-08T08:00:00+00:00
0.15000000000000002,FALSE_BREAKOUT,0.15000000000000002,0.9510703010333534,0.0,4.305739596653375,0.15000000000000002,D2-R3,MAKER_PROMO_OFF,10,D2-cb237b14dd2e1af4,SNDKUSDT,,US_STOCK:2026-06-05T20:00:00+00:00:2026-06-08T08:00:00+00:00
0.15000000000000002,FALSE_BREAKOUT,0.15000000000000002,4.755351505166768,0.0,5.978723698720081,0.15000000000000002,S0,MAKER_PROMO_OFF,10,D2-cb237b14dd2e1af4,SNDKUSDT,0.0,US_STOCK:2026-06-05T20:00:00+00:00:2026-06-08T08:00:00+00:00
0.15000000000000002,FALSE_BREAKOUT,0.15000000000000002,4.755351505166768,0.0,5.978723698720081,0.15000000000000002,S1,MAKER_PROMO_OFF,10,D2-cb237b14dd2e1af4,SNDKUSDT,0.0,US_STOCK:2026-06-05T20:00:00+00:00:2026-06-08T08:00:00+00:00
0.15000000000000002,FALSE_BREAKOUT,0.15000000000000002,4.755351505166768,0.0,6.024554998720081,0.15000000000000002,S2,MAKER_PROMO_OFF,10,D2-cb237b14dd2e1af4,SNDKUSDT,0.0,US_STOCK:2026-06-05T20:00:00+00:00:2026-06-08T08:00:00+00:00
0.15000000000000002,FALSE_BREAKOUT,0.15000000000000002,4.755351505166768,0.0,6.0933019487200815,0.15000000000000002,S3,MAKER_PROMO_OFF,10,D2-cb237b14dd2e1af4,SNDKUSDT,0.0,US_STOCK:2026-06-05T20:00:00+00:00:2026-06-08T08:00:00+00:00
0.15000000000000002,FALSE_BREAKOUT,0.15000000000000002,0.9510703010333534,0.0,4.305739596653375,0.15000000000000002,D2-R3,MAKER_PROMO_OFF,17,D2-cb237b14dd2e1af4,SNDKUSDT,,US_STOCK:2026-06-05T20:00:00+00:00:2026-06-08T08:00:00+00:00
0.15000000000000002,FALSE_BREAKOUT,0.15000000000000002,4.755351505166768,0.0,5.978723698720081,0.15000000000000002,S0,MAKER_PROMO_OFF,17,D2-cb237b14dd2e1af4,SNDKUSDT,0.0,US_STOCK:2026-06-05T20:00:00+00:00:2026-06-08T08:00:00+00:00
0.15000000000000002,FALSE_BREAKOUT,0.15000000000000002,4.755351505166768,0.0,5.978723698720081,0.15000000000000002,S1,MAKER_PROMO_OFF,17,D2-cb237b14dd2e1af4,SNDKUSDT,0.0,US_STOCK:2026-06-05T20:00:00+00:00:2026-06-08T08:00:00+00:00
0.15000000000000002,FALSE_BREAKOUT,0.15000000000000002,4.755351505166768,0.0,6.024554998720081,0.15000000000000002,S2,MAKER_PROMO_OFF,17,D2-cb237b14dd2e1af4,SNDKUSDT,0.0,US_STOCK:2026-06-05T20:00:00+00:00:2026-06-08T08:00:00+00:00
0.15000000000000002,FALSE_BREAKOUT,0.15000000000000002,4.755351505166768,0.0,6.0933019487200815,0.15000000000000002,S3,MAKER_PROMO_OFF,17,D2-cb237b14dd2e1af4,SNDKUSDT,0.0,US_STOCK:2026-06-05T20:00:00+00:00:2026-06-08T08:00:00+00:00
0.15000000000000002,FALSE_BREAKOUT,0.15000000000000002,0.9510703010333534,0.0,4.305739596653375,0.15000000000000002,D2-R3,MAKER_PROMO_OFF,31,D2-cb237b14dd2e1af4,SNDKUSDT,,US_STOCK:2026-06-05T20:00:00+00:00:2026-06-08T08:00:00+00:00
0.15000000000000002,FALSE_BREAKOUT,0.15000000000000002,4.755351505166768,0.0,5.978723698720081,0.15000000000000002,S0,MAKER_PROMO_OFF,31,D2-cb237b14dd2e1af4,SNDKUSDT,0.0,US_STOCK:2026-06-05T20:00:00+00:00:2026-06-08T08:00:00+00:00
0.15000000000000002,FALSE_BREAKOUT,0.15000000000000002,4.755351505166768,0.0,5.978723698720081,0.15000000000000002,S1,MAKER_PROMO_OFF,31,D2-cb237b14dd2e1af4,SNDKUSDT,0.0,US_STOCK:2026-06-05T20:00:00+00:00:2026-06-08T08:00:00+00:00
0.15000000000000002,FALSE_BREAKOUT,0.15000000000000002,4.755351505166768,0.0,6.024554998720081,0.15000000000000002,S2,MAKER_PROMO_OFF,31,D2-cb237b14dd2e1af4,SNDKUSDT,0.0,US_STOCK:2026-06-05T20:00:00+00:00:2026-06-08T08:00:00+00:00
0.15000000000000002,FALSE_BREAKOUT,0.15000000000000002,4.755351505166768,0.0,6.0933019487200815,0.15000000000000002,S3,MAKER_PROMO_OFF,31,D2-cb237b14dd2e1af4,SNDKUSDT,0.0,US_STOCK:2026-06-05T20:00:00+00:00:2026-06-08T08:00:00+00:00
0.15000000000000002,FALSE_BREAKOUT,0.15000000000000002,0.9510703010333534,0.0,4.305739596653375,0.15000000000000002,D2-R3,MAKER_PROMO_OFF,59,D2-cb237b14dd2e1af4,SNDKUSDT,,US_STOCK:2026-06-05T20:00:00+00:00:2026-06-08T08:00:00+00:00
0.15000000000000002,FALSE_BREAKOUT,0.15000000000000002,4.755351505166768,0.0,5.978723698720081,0.15000000000000002,S0,MAKER_PROMO_OFF,59,D2-cb237b14dd2e1af4,SNDKUSDT,0.0,US_STOCK:2026-06-05T20:00:00+00:00:2026-06-08T08:00:00+00:00
0.15000000000000002,FALSE_BREAKOUT,0.15000000000000002,4.755351505166768,0.0,5.978723698720081,0.15000000000000002,S1,MAKER_PROMO_OFF,59,D2-cb237b14dd2e1af4,SNDKUSDT,0.0,US_STOCK:2026-06-05T20:00:00+00:00:2026-06-08T08:00:00+00:00
0.15000000000000002,FALSE_BREAKOUT,0.15000000000000002,4.755351505166768,0.0,6.024554998720081,0.15000000000000002,S2,MAKER_PROMO_OFF,59,D2-cb237b14dd2e1af4,SNDKUSDT,0.0,US_STOCK:2026-06-05T20:00:00+00:00:2026-06-08T08:00:00+00:00
0.15000000000000002,FALSE_BREAKOUT,0.15000000000000002,4.755351505166768,0.0,6.0933019487200815,0.15000000000000002,S3,MAKER_PROMO_OFF,59,D2-cb237b14dd2e1af4,SNDKUSDT,0.0,US_STOCK:2026-06-05T20:00:00+00:00:2026-06-08T08:00:00+00:00
0.15000000000000002,FALSE_BREAKOUT,0.15000000000000002,0.9510703010333534,0.0,4.305739596653375,0.15000000000000002,D2-R3,MAKER_PROMO_OFF,97,D2-cb237b14dd2e1af4,SNDKUSDT,,US_STOCK:2026-06-05T20:00:00+00:00:2026-06-08T08:00:00+00:00
0.15000000000000002,FALSE_BREAKOUT,0.15000000000000002,4.755351505166768,0.0,5.978723698720081,0.15000000000000002,S0,MAKER_PROMO_OFF,97,D2-cb237b14dd2e1af4,SNDKUSDT,0.0,US_STOCK:2026-06-05T20:00:00+00:00:2026-06-08T08:00:00+00:00
0.15000000000000002,FALSE_BREAKOUT,0.15000000000000002,4.755351505166768,0.0,5.978723698720081,0.15000000000000002,S1,MAKER_PROMO_OFF,97,D2-cb237b14dd2e1af4,SNDKUSDT,0.0,US_STOCK:2026-06-05T20:00:00+00:00:2026-06-08T08:00:00+00:00
0.15000000000000002,FALSE_BREAKOUT,0.15000000000000002,4.755351505166768,0.0,6.024554998720081,0.15000000000000002,S2,MAKER_PROMO_OFF,97,D2-cb237b14dd2e1af4,SNDKUSDT,0.0,US_STOCK:2026-06-05T20:00:00+00:00:2026-06-08T08:00:00+00:00
0.15000000000000002,FALSE_BREAKOUT,0.15000000000000002,4.755351505166768,0.0,6.0933019487200815,0.15000000000000002,S3,MAKER_PROMO_OFF,97,D2-cb237b14dd2e1af4,SNDKUSDT,0.0,US_STOCK:2026-06-05T20:00:00+00:00:2026-06-08T08:00:00+00:00
0.1,FALSE_BREAKOUT,0.1,0.8933710244956444,0.0,3.4561493525823015,-0.1,D2-R3,PRIMARY_ZERO_MAKER,3,D2-26e2b0070e7b30d2,SNDKUSDT,,US_STOCK:2026-06-18T20:00:00+00:00:2026-06-22T08:00:00+00:00
0.1,FALSE_BREAKOUT,0.1,4.466855122478223,0.0,5.072915901573591,-0.1,S0,PRIMARY_ZERO_MAKER,3,D2-26e2b0070e7b30d2,SNDKUSDT,0.0,US_STOCK:2026-06-18T20:00:00+00:00:2026-06-22T08:00:00+00:00
0.1,FALSE_BREAKOUT,0.1,4.466855122478223,0.0,5.072915901573591,-0.1,S1,PRIMARY_ZERO_MAKER,3,D2-26e2b0070e7b30d2,SNDKUSDT,0.0,US_STOCK:2026-06-18T20:00:00+00:00:2026-06-22T08:00:00+00:00
0.1,FALSE_BREAKOUT,0.1,4.466855122478223,0.0,5.106911001573591,-0.1,S2,PRIMARY_ZERO_MAKER,3,D2-26e2b0070e7b30d2,SNDKUSDT,0.0,US_STOCK:2026-06-18T20:00:00+00:00:2026-06-22T08:00:00+00:00
0.1,FALSE_BREAKOUT,0.1,4.466855122478223,0.0,5.157903651573591,-0.1,S3,PRIMARY_ZERO_MAKER,3,D2-26e2b0070e7b30d2,SNDKUSDT,0.0,US_STOCK:2026-06-18T20:00:00+00:00:2026-06-22T08:00:00+00:00
0.1,FALSE_BREAKOUT,0.1,0.8933710244956444,0.0,3.4561493525823015,-0.1,D2-R3,PRIMARY_ZERO_MAKER,10,D2-26e2b0070e7b30d2,SNDKUSDT,,US_STOCK:2026-06-18T20:00:00+00:00:2026-06-22T08:00:00+00:00
0.1,FALSE_BREAKOUT,0.1,4.466855122478223,0.0,5.072915901573591,-0.1,S0,PRIMARY_ZERO_MAKER,10,D2-26e2b0070e7b30d2,SNDKUSDT,0.0,US_STOCK:2026-06-18T20:00:00+00:00:2026-06-22T08:00:00+00:00
0.1,FALSE_BREAKOUT,0.1,4.466855122478223,0.0,5.072915901573591,-0.1,S1,PRIMARY_ZERO_MAKER,10,D2-26e2b0070e7b30d2,SNDKUSDT,0.0,US_STOCK:2026-06-18T20:00:00+00:00:2026-06-22T08:00:00+00:00
0.1,FALSE_BREAKOUT,0.1,4.466855122478223,0.0,5.106911001573591,-0.1,S2,PRIMARY_ZERO_MAKER,10,D2-26e2b0070e7b30d2,SNDKUSDT,0.0,US_STOCK:2026-06-18T20:00:00+00:00:2026-06-22T08:00:00+00:00
0.1,FALSE_BREAKOUT,0.1,4.466855122478223,0.0,5.157903651573591,-0.1,S3,PRIMARY_ZERO_MAKER,10,D2-26e2b0070e7b30d2,SNDKUSDT,0.0,US_STOCK:2026-06-18T20:00:00+00:00:2026-06-22T08:00:00+00:00
0.1,FALSE_BREAKOUT,0.1,0.8933710244956444,0.0,3.4561493525823015,-0.1,D2-R3,PRIMARY_ZERO_MAKER,17,D2-26e2b0070e7b30d2,SNDKUSDT,,US_STOCK:2026-06-18T20:00:00+00:00:2026-06-22T08:00:00+00:00
0.1,FALSE_BREAKOUT,0.1,4.466855122478223,0.0,5.072915901573591,-0.1,S0,PRIMARY_ZERO_MAKER,17,D2-26e2b0070e7b30d2,SNDKUSDT,0.0,US_STOCK:2026-06-18T20:00:00+00:00:2026-06-22T08:00:00+00:00
0.1,FALSE_BREAKOUT,0.1,4.466855122478223,0.0,5.072915901573591,-0.1,S1,PRIMARY_ZERO_MAKER,17,D2-26e2b0070e7b30d2,SNDKUSDT,0.0,US_STOCK:2026-06-18T20:00:00+00:00:2026-06-22T08:00:00+00:00
0.1,FALSE_BREAKOUT,0.1,4.466855122478223,0.0,5.106911001573591,-0.1,S2,PRIMARY_ZERO_MAKER,17,D2-26e2b0070e7b30d2,SNDKUSDT,0.0,US_STOCK:2026-06-18T20:00:00+00:00:2026-06-22T08:00:00+00:00
0.1,FALSE_BREAKOUT,0.1,4.466855122478223,0.0,5.157903651573591,-0.1,S3,PRIMARY_ZERO_MAKER,17,D2-26e2b0070e7b30d2,SNDKUSDT,0.0,US_STOCK:2026-06-18T20:00:00+00:00:2026-06-22T08:00:00+00:00
0.1,FALSE_BREAKOUT,0.1,0.8933710244956444,0.0,3.223083444290783,-0.1,D2-R3,PRIMARY_ZERO_MAKER,31,D2-26e2b0070e7b30d2,SNDKUSDT,,US_STOCK:2026-06-18T20:00:00+00:00:2026-06-22T08:00:00+00:00
0.1,FALSE_BREAKOUT,0.1,4.466855122478223,0.0,4.839849993282073,-0.1,S0,PRIMARY_ZERO_MAKER,31,D2-26e2b0070e7b30d2,SNDKUSDT,0.0,US_STOCK:2026-06-18T20:00:00+00:00:2026-06-22T08:00:00+00:00
0.1,FALSE_BREAKOUT,0.1,4.466855122478223,0.0,4.839849993282073,-0.1,S1,PRIMARY_ZERO_MAKER,31,D2-26e2b0070e7b30d2,SNDKUSDT,0.0,US_STOCK:2026-06-18T20:00:00+00:00:2026-06-22T08:00:00+00:00
0.1,FALSE_BREAKOUT,0.1,4.466855122478223,0.0,4.873845093282073,-0.1,S2,PRIMARY_ZERO_MAKER,31,D2-26e2b0070e7b30d2,SNDKUSDT,0.0,US_STOCK:2026-06-18T20:00:00+00:00:2026-06-22T08:00:00+00:00
0.1,FALSE_BREAKOUT,0.1,4.466855122478223,0.0,4.9248377432820725,-0.1,S3,PRIMARY_ZERO_MAKER,31,D2-26e2b0070e7b30d2,SNDKUSDT,0.0,US_STOCK:2026-06-18T20:00:00+00:00:2026-06-22T08:00:00+00:00
0.1,FALSE_BREAKOUT,0.1,0.8933710244956444,0.0,3.4561493525823015,-0.1,D2-R3,PRIMARY_ZERO_MAKER,59,D2-26e2b0070e7b30d2,SNDKUSDT,,US_STOCK:2026-06-18T20:00:00+00:00:2026-06-22T08:00:00+00:00
0.1,FALSE_BREAKOUT,0.1,4.466855122478223,0.0,5.072915901573591,-0.1,S0,PRIMARY_ZERO_MAKER,59,D2-26e2b0070e7b30d2,SNDKUSDT,0.0,US_STOCK:2026-06-18T20:00:00+00:00:2026-06-22T08:00:00+00:00
0.1,FALSE_BREAKOUT,0.1,4.466855122478223,0.0,5.072915901573591,-0.1,S1,PRIMARY_ZERO_MAKER,59,D2-26e2b0070e7b30d2,SNDKUSDT,0.0,US_STOCK:2026-06-18T20:00:00+00:00:2026-06-22T08:00:00+00:00
0.1,FALSE_BREAKOUT,0.1,4.466855122478223,0.0,5.106911001573591,-0.1,S2,PRIMARY_ZERO_MAKER,59,D2-26e2b0070e7b30d2,SNDKUSDT,0.0,US_STOCK:2026-06-18T20:00:00+00:00:2026-06-22T08:00:00+00:00
0.1,FALSE_BREAKOUT,0.1,4.466855122478223,0.0,5.157903651573591,-0.1,S3,PRIMARY_ZERO_MAKER,59,D2-26e2b0070e7b30d2,SNDKUSDT,0.0,US_STOCK:2026-06-18T20:00:00+00:00:2026-06-22T08:00:00+00:00
0.1,FALSE_BREAKOUT,0.1,0.8933710244956444,0.0,3.4561493525823015,-0.1,D2-R3,PRIMARY_ZERO_MAKER,97,D2-26e2b0070e7b30d2,SNDKUSDT,,US_STOCK:2026-06-18T20:00:00+00:00:2026-06-22T08:00:00+00:00
0.1,FALSE_BREAKOUT,0.1,4.466855122478223,0.0,5.072915901573591,-0.1,S0,PRIMARY_ZERO_MAKER,97,D2-26e2b0070e7b30d2,SNDKUSDT,0.0,US_STOCK:2026-06-18T20:00:00+00:00:2026-06-22T08:00:00+00:00
0.1,FALSE_BREAKOUT,0.1,4.466855122478223,0.0,5.072915901573591,-0.1,S1,PRIMARY_ZERO_MAKER,97,D2-26e2b0070e7b30d2,SNDKUSDT,0.0,US_STOCK:2026-06-18T20:00:00+00:00:2026-06-22T08:00:00+00:00
0.1,FALSE_BREAKOUT,0.1,4.466855122478223,0.0,5.106911001573591,-0.1,S2,PRIMARY_ZERO_MAKER,97,D2-26e2b0070e7b30d2,SNDKUSDT,0.0,US_STOCK:2026-06-18T20:00:00+00:00:2026-06-22T08:00:00+00:00
0.1,FALSE_BREAKOUT,0.1,4.466855122478223,0.0,5.157903651573591,-0.1,S3,PRIMARY_ZERO_MAKER,97,D2-26e2b0070e7b30d2,SNDKUSDT,0.0,US_STOCK:2026-06-18T20:00:00+00:00:2026-06-22T08:00:00+00:00
0.1,FALSE_BREAKOUT,0.1,0.8933710244956444,0.0,4.0898115779932915,-0.1,D2-R3,EXECUTION_STRESS,3,D2-26e2b0070e7b30d2,SNDKUSDT,,US_STOCK:2026-06-18T20:00:00+00:00:2026-06-22T08:00:00+00:00
0.1,FALSE_BREAKOUT,0.1,4.466855122478223,0.0,5.508273376984581,-0.1,S0,EXECUTION_STRESS,3,D2-26e2b0070e7b30d2,SNDKUSDT,0.0,US_STOCK:2026-06-18T20:00:00+00:00:2026-06-22T08:00:00+00:00
0.1,FALSE_BREAKOUT,0.1,4.466855122478223,0.0,5.508273376984581,-0.1,S1,EXECUTION_STRESS,3,D2-26e2b0070e7b30d2,SNDKUSDT,0.0,US_STOCK:2026-06-18T20:00:00+00:00:2026-06-22T08:00:00+00:00
0.1,FALSE_BREAKOUT,0.1,4.466855122478223,0.0,5.581929426984582,-0.1,S2,EXECUTION_STRESS,3,D2-26e2b0070e7b30d2,SNDKUSDT,0.0,US_STOCK:2026-06-18T20:00:00+00:00:2026-06-22T08:00:00+00:00
0.1,FALSE_BREAKOUT,0.1,4.466855122478223,0.0,5.692413501984581,-0.1,S3,EXECUTION_STRESS,3,D2-26e2b0070e7b30d2,SNDKUSDT,0.0,US_STOCK:2026-06-18T20:00:00+00:00:2026-06-22T08:00:00+00:00
0.1,FALSE_BREAKOUT,0.1,0.8933710244956444,0.0,3.856745669701772,-0.1,D2-R3,EXECUTION_STRESS,10,D2-26e2b0070e7b30d2,SNDKUSDT,,US_STOCK:2026-06-18T20:00:00+00:00:2026-06-22T08:00:00+00:00
0.1,FALSE_BREAKOUT,0.1,4.466855122478223,0.0,5.275207468693061,-0.1,S0,EXECUTION_STRESS,10,D2-26e2b0070e7b30d2,SNDKUSDT,0.0,US_STOCK:2026-06-18T20:00:00+00:00:2026-06-22T08:00:00+00:00
0.1,FALSE_BREAKOUT,0.1,4.466855122478223,0.0,5.275207468693061,-0.1,S1,EXECUTION_STRESS,10,D2-26e2b0070e7b30d2,SNDKUSDT,0.0,US_STOCK:2026-06-18T20:00:00+00:00:2026-06-22T08:00:00+00:00
0.1,FALSE_BREAKOUT,0.1,4.466855122478223,0.0,5.3488635186930615,-0.1,S2,EXECUTION_STRESS,10,D2-26e2b0070e7b30d2,SNDKUSDT,0.0,US_STOCK:2026-06-18T20:00:00+00:00:2026-06-22T08:00:00+00:00
0.1,FALSE_BREAKOUT,0.1,4.466855122478223,0.0,5.459347593693061,-0.1,S3,EXECUTION_STRESS,10,D2-26e2b0070e7b30d2,SNDKUSDT,0.0,US_STOCK:2026-06-18T20:00:00+00:00:2026-06-22T08:00:00+00:00
0.1,FALSE_BREAKOUT,0.1,0.8933710244956444,0.0,3.856745669701772,-0.1,D2-R3,EXECUTION_STRESS,17,D2-26e2b0070e7b30d2,SNDKUSDT,,US_STOCK:2026-06-18T20:00:00+00:00:2026-06-22T08:00:00+00:00
0.1,FALSE_BREAKOUT,0.1,4.466855122478223,0.0,5.275207468693061,-0.1,S0,EXECUTION_STRESS,17,D2-26e2b0070e7b30d2,SNDKUSDT,0.0,US_STOCK:2026-06-18T20:00:00+00:00:2026-06-22T08:00:00+00:00
0.1,FALSE_BREAKOUT,0.1,4.466855122478223,0.0,5.275207468693061,-0.1,S1,EXECUTION_STRESS,17,D2-26e2b0070e7b30d2,SNDKUSDT,0.0,US_STOCK:2026-06-18T20:00:00+00:00:2026-06-22T08:00:00+00:00
0.1,FALSE_BREAKOUT,0.1,4.466855122478223,0.0,5.3488635186930615,-0.1,S2,EXECUTION_STRESS,17,D2-26e2b0070e7b30d2,SNDKUSDT,0.0,US_STOCK:2026-06-18T20:00:00+00:00:2026-06-22T08:00:00+00:00
0.1,FALSE_BREAKOUT,0.1,4.466855122478223,0.0,5.459347593693061,-0.1,S3,EXECUTION_STRESS,17,D2-26e2b0070e7b30d2,SNDKUSDT,0.0,US_STOCK:2026-06-18T20:00:00+00:00:2026-06-22T08:00:00+00:00
0.1,FALSE_BREAKOUT,0.1,0.8933710244956444,0.0,3.8974923055662622,-0.1,D2-R3,EXECUTION_STRESS,31,D2-26e2b0070e7b30d2,SNDKUSDT,,US_STOCK:2026-06-18T20:00:00+00:00:2026-06-22T08:00:00+00:00
0.1,FALSE_BREAKOUT,0.1,4.466855122478223,0.0,5.315954104557552,-0.1,S0,EXECUTION_STRESS,31,D2-26e2b0070e7b30d2,SNDKUSDT,0.0,US_STOCK:2026-06-18T20:00:00+00:00:2026-06-22T08:00:00+00:00
0.1,FALSE_BREAKOUT,0.1,4.466855122478223,0.0,5.315954104557552,-0.1,S1,EXECUTION_STRESS,31,D2-26e2b0070e7b30d2,SNDKUSDT,0.0,US_STOCK:2026-06-18T20:00:00+00:00:2026-06-22T08:00:00+00:00
0.1,FALSE_BREAKOUT,0.1,4.466855122478223,0.0,5.389610154557552,-0.1,S2,EXECUTION_STRESS,31,D2-26e2b0070e7b30d2,SNDKUSDT,0.0,US_STOCK:2026-06-18T20:00:00+00:00:2026-06-22T08:00:00+00:00
0.1,FALSE_BREAKOUT,0.1,4.466855122478223,0.0,5.5000942295575515,-0.1,S3,EXECUTION_STRESS,31,D2-26e2b0070e7b30d2,SNDKUSDT,0.0,US_STOCK:2026-06-18T20:00:00+00:00:2026-06-22T08:00:00+00:00
0.1,FALSE_BREAKOUT,0.1,0.8933710244956444,0.0,4.0898115779932915,-0.1,D2-R3,EXECUTION_STRESS,59,D2-26e2b0070e7b30d2,SNDKUSDT,,US_STOCK:2026-06-18T20:00:00+00:00:2026-06-22T08:00:00+00:00
0.1,FALSE_BREAKOUT,0.1,4.466855122478223,0.0,5.508273376984581,-0.1,S0,EXECUTION_STRESS,59,D2-26e2b0070e7b30d2,SNDKUSDT,0.0,US_STOCK:2026-06-18T20:00:00+00:00:2026-06-22T08:00:00+00:00
0.1,FALSE_BREAKOUT,0.1,4.466855122478223,0.0,5.508273376984581,-0.1,S1,EXECUTION_STRESS,59,D2-26e2b0070e7b30d2,SNDKUSDT,0.0,US_STOCK:2026-06-18T20:00:00+00:00:2026-06-22T08:00:00+00:00
0.1,FALSE_BREAKOUT,0.1,4.466855122478223,0.0,5.581929426984582,-0.1,S2,EXECUTION_STRESS,59,D2-26e2b0070e7b30d2,SNDKUSDT,0.0,US_STOCK:2026-06-18T20:00:00+00:00:2026-06-22T08:00:00+00:00
0.1,FALSE_BREAKOUT,0.1,4.466855122478223,0.0,5.692413501984581,-0.1,S3,EXECUTION_STRESS,59,D2-26e2b0070e7b30d2,SNDKUSDT,0.0,US_STOCK:2026-06-18T20:00:00+00:00:2026-06-22T08:00:00+00:00
0.1,FALSE_BREAKOUT,0.1,0.8933710244956444,0.0,4.189479761410242,-0.1,D2-R3,EXECUTION_STRESS,97,D2-26e2b0070e7b30d2,SNDKUSDT,,US_STOCK:2026-06-18T20:00:00+00:00:2026-06-22T08:00:00+00:00
0.1,FALSE_BREAKOUT,0.1,4.466855122478223,0.0,5.607941560401532,-0.1,S0,EXECUTION_STRESS,97,D2-26e2b0070e7b30d2,SNDKUSDT,0.0,US_STOCK:2026-06-18T20:00:00+00:00:2026-06-22T08:00:00+00:00
0.1,FALSE_BREAKOUT,0.1,4.466855122478223,0.0,5.607941560401532,-0.1,S1,EXECUTION_STRESS,97,D2-26e2b0070e7b30d2,SNDKUSDT,0.0,US_STOCK:2026-06-18T20:00:00+00:00:2026-06-22T08:00:00+00:00
0.1,FALSE_BREAKOUT,0.1,4.466855122478223,0.0,5.681597610401532,-0.1,S2,EXECUTION_STRESS,97,D2-26e2b0070e7b30d2,SNDKUSDT,0.0,US_STOCK:2026-06-18T20:00:00+00:00:2026-06-22T08:00:00+00:00
0.1,FALSE_BREAKOUT,0.1,4.466855122478223,0.0,5.792081685401532,-0.1,S3,EXECUTION_STRESS,97,D2-26e2b0070e7b30d2,SNDKUSDT,0.0,US_STOCK:2026-06-18T20:00:00+00:00:2026-06-22T08:00:00+00:00
0.1,FALSE_BREAKOUT,0.1,0.8933710244956444,0.0,3.6594244444244697,-0.1,D2-R3,MAKER_PROMO_OFF,3,D2-26e2b0070e7b30d2,SNDKUSDT,,US_STOCK:2026-06-18T20:00:00+00:00:2026-06-22T08:00:00+00:00
0.1,FALSE_BREAKOUT,0.1,4.466855122478223,0.0,5.219532493415759,-0.1,S0,MAKER_PROMO_OFF,3,D2-26e2b0070e7b30d2,SNDKUSDT,0.0,US_STOCK:2026-06-18T20:00:00+00:00:2026-06-22T08:00:00+00:00
0.1,FALSE_BREAKOUT,0.1,4.466855122478223,0.0,5.219532493415759,-0.1,S1,MAKER_PROMO_OFF,3,D2-26e2b0070e7b30d2,SNDKUSDT,0.0,US_STOCK:2026-06-18T20:00:00+00:00:2026-06-22T08:00:00+00:00
0.1,FALSE_BREAKOUT,0.1,4.466855122478223,0.0,5.26485929341576,-0.1,S2,MAKER_PROMO_OFF,3,D2-26e2b0070e7b30d2,SNDKUSDT,0.0,US_STOCK:2026-06-18T20:00:00+00:00:2026-06-22T08:00:00+00:00
0.1,FALSE_BREAKOUT,0.1,4.466855122478223,0.0,5.332849493415758,-0.1,S3,MAKER_PROMO_OFF,3,D2-26e2b0070e7b30d2,SNDKUSDT,0.0,US_STOCK:2026-06-18T20:00:00+00:00:2026-06-22T08:00:00+00:00
0.1,FALSE_BREAKOUT,0.1,0.8933710244956444,0.0,3.6594244444244715,-0.1,D2-R3,MAKER_PROMO_OFF,10,D2-26e2b0070e7b30d2,SNDKUSDT,,US_STOCK:2026-06-18T20:00:00+00:00:2026-06-22T08:00:00+00:00
0.1,FALSE_BREAKOUT,0.1,4.466855122478223,0.0,5.219532493415761,-0.1,S0,MAKER_PROMO_OFF,10,D2-26e2b0070e7b30d2,SNDKUSDT,0.0,US_STOCK:2026-06-18T20:00:00+00:00:2026-06-22T08:00:00+00:00
0.1,FALSE_BREAKOUT,0.1,4.466855122478223,0.0,5.219532493415761,-0.1,S1,MAKER_PROMO_OFF,10,D2-26e2b0070e7b30d2,SNDKUSDT,0.0,US_STOCK:2026-06-18T20:00:00+00:00:2026-06-22T08:00:00+00:00
0.1,FALSE_BREAKOUT,0.1,4.466855122478223,0.0,5.264859293415761,-0.1,S2,MAKER_PROMO_OFF,10,D2-26e2b0070e7b30d2,SNDKUSDT,0.0,US_STOCK:2026-06-18T20:00:00+00:00:2026-06-22T08:00:00+00:00
0.1,FALSE_BREAKOUT,0.1,4.466855122478223,0.0,5.33284949341576,-0.1,S3,MAKER_PROMO_OFF,10,D2-26e2b0070e7b30d2,SNDKUSDT,0.0,US_STOCK:2026-06-18T20:00:00+00:00:2026-06-22T08:00:00+00:00
0.1,FALSE_BREAKOUT,0.1,0.8933710244956444,0.0,3.6594244444244697,-0.1,D2-R3,MAKER_PROMO_OFF,17,D2-26e2b0070e7b30d2,SNDKUSDT,,US_STOCK:2026-06-18T20:00:00+00:00:2026-06-22T08:00:00+00:00
0.1,FALSE_BREAKOUT,0.1,4.466855122478223,0.0,5.219532493415759,-0.1,S0,MAKER_PROMO_OFF,17,D2-26e2b0070e7b30d2,SNDKUSDT,0.0,US_STOCK:2026-06-18T20:00:00+00:00:2026-06-22T08:00:00+00:00
0.1,FALSE_BREAKOUT,0.1,4.466855122478223,0.0,5.219532493415759,-0.1,S1,MAKER_PROMO_OFF,17,D2-26e2b0070e7b30d2,SNDKUSDT,0.0,US_STOCK:2026-06-18T20:00:00+00:00:2026-06-22T08:00:00+00:00
0.1,FALSE_BREAKOUT,0.1,4.466855122478223,0.0,5.26485929341576,-0.1,S2,MAKER_PROMO_OFF,17,D2-26e2b0070e7b30d2,SNDKUSDT,0.0,US_STOCK:2026-06-18T20:00:00+00:00:2026-06-22T08:00:00+00:00
0.1,FALSE_BREAKOUT,0.1,4.466855122478223,0.0,5.332849493415758,-0.1,S3,MAKER_PROMO_OFF,17,D2-26e2b0070e7b30d2,SNDKUSDT,0.0,US_STOCK:2026-06-18T20:00:00+00:00:2026-06-22T08:00:00+00:00
0.1,FALSE_BREAKOUT,0.1,0.8933710244956444,0.0,3.4529169893146103,-0.1,D2-R3,MAKER_PROMO_OFF,31,D2-26e2b0070e7b30d2,SNDKUSDT,,US_STOCK:2026-06-18T20:00:00+00:00:2026-06-22T08:00:00+00:00
0.1,FALSE_BREAKOUT,0.1,4.466855122478223,0.0,5.0130250383059,-0.1,S0,MAKER_PROMO_OFF,31,D2-26e2b0070e7b30d2,SNDKUSDT,0.0,US_STOCK:2026-06-18T20:00:00+00:00:2026-06-22T08:00:00+00:00
0.1,FALSE_BREAKOUT,0.1,4.466855122478223,0.0,5.0130250383059,-0.1,S1,MAKER_PROMO_OFF,31,D2-26e2b0070e7b30d2,SNDKUSDT,0.0,US_STOCK:2026-06-18T20:00:00+00:00:2026-06-22T08:00:00+00:00
0.1,FALSE_BREAKOUT,0.1,4.466855122478223,0.0,5.0583518383059,-0.1,S2,MAKER_PROMO_OFF,31,D2-26e2b0070e7b30d2,SNDKUSDT,0.0,US_STOCK:2026-06-18T20:00:00+00:00:2026-06-22T08:00:00+00:00
0.1,FALSE_BREAKOUT,0.1,4.466855122478223,0.0,5.126342038305899,-0.1,S3,MAKER_PROMO_OFF,31,D2-26e2b0070e7b30d2,SNDKUSDT,0.0,US_STOCK:2026-06-18T20:00:00+00:00:2026-06-22T08:00:00+00:00
0.1,FALSE_BREAKOUT,0.1,0.8933710244956444,0.0,3.6594244444244732,-0.1,D2-R3,MAKER_PROMO_OFF,59,D2-26e2b0070e7b30d2,SNDKUSDT,,US_STOCK:2026-06-18T20:00:00+00:00:2026-06-22T08:00:00+00:00
0.1,FALSE_BREAKOUT,0.1,4.466855122478223,0.0,5.2195324934157625,-0.1,S0,MAKER_PROMO_OFF,59,D2-26e2b0070e7b30d2,SNDKUSDT,0.0,US_STOCK:2026-06-18T20:00:00+00:00:2026-06-22T08:00:00+00:00
0.1,FALSE_BREAKOUT,0.1,4.466855122478223,0.0,5.2195324934157625,-0.1,S1,MAKER_PROMO_OFF,59,D2-26e2b0070e7b30d2,SNDKUSDT,0.0,US_STOCK:2026-06-18T20:00:00+00:00:2026-06-22T08:00:00+00:00
0.1,FALSE_BREAKOUT,0.1,4.466855122478223,0.0,5.264859293415763,-0.1,S2,MAKER_PROMO_OFF,59,D2-26e2b0070e7b30d2,SNDKUSDT,0.0,US_STOCK:2026-06-18T20:00:00+00:00:2026-06-22T08:00:00+00:00
0.1,FALSE_BREAKOUT,0.1,4.466855122478223,0.0,5.332849493415762,-0.1,S3,MAKER_PROMO_OFF,59,D2-26e2b0070e7b30d2,SNDKUSDT,0.0,US_STOCK:2026-06-18T20:00:00+00:00:2026-06-22T08:00:00+00:00
0.1,FALSE_BREAKOUT,0.1,0.8933710244956444,0.0,3.6594244444244697,-0.1,D2-R3,MAKER_PROMO_OFF,97,D2-26e2b0070e7b30d2,SNDKUSDT,,US_STOCK:2026-06-18T20:00:00+00:00:2026-06-22T08:00:00+00:00
0.1,FALSE_BREAKOUT,0.1,4.466855122478223,0.0,5.219532493415759,-0.1,S0,MAKER_PROMO_OFF,97,D2-26e2b0070e7b30d2,SNDKUSDT,0.0,US_STOCK:2026-06-18T20:00:00+00:00:2026-06-22T08:00:00+00:00
0.1,FALSE_BREAKOUT,0.1,4.466855122478223,0.0,5.219532493415759,-0.1,S1,MAKER_PROMO_OFF,97,D2-26e2b0070e7b30d2,SNDKUSDT,0.0,US_STOCK:2026-06-18T20:00:00+00:00:2026-06-22T08:00:00+00:00
0.1,FALSE_BREAKOUT,0.1,4.466855122478223,0.0,5.26485929341576,-0.1,S2,MAKER_PROMO_OFF,97,D2-26e2b0070e7b30d2,SNDKUSDT,0.0,US_STOCK:2026-06-18T20:00:00+00:00:2026-06-22T08:00:00+00:00
0.1,FALSE_BREAKOUT,0.1,4.466855122478223,0.0,5.332849493415758,-0.1,S3,MAKER_PROMO_OFF,97,D2-26e2b0070e7b30d2,SNDKUSDT,0.0,US_STOCK:2026-06-18T20:00:00+00:00:2026-06-22T08:00:00+00:00
0.31,FALSE_BREAKOUT,0.31,1.0118593701167466,0.0,3.9030847657059153,-0.31,D2-R3,PRIMARY_ZERO_MAKER,3,D2-2a53b8b913c713d1,MUUSDT,,US_STOCK:2026-05-08T20:00:00+00:00:2026-05-11T08:00:00+00:00
0.31,FALSE_BREAKOUT,0.31,5.059296850583735,0.0,5.745139183142073,-0.31,S0,PRIMARY_ZERO_MAKER,3,D2-2a53b8b913c713d1,MUUSDT,0.0,US_STOCK:2026-05-08T20:00:00+00:00:2026-05-11T08:00:00+00:00
0.31,FALSE_BREAKOUT,0.31,5.059296850583735,0.0,5.745139183142073,-0.31,S1,PRIMARY_ZERO_MAKER,3,D2-2a53b8b913c713d1,MUUSDT,0.0,US_STOCK:2026-05-08T20:00:00+00:00:2026-05-11T08:00:00+00:00
0.31,FALSE_BREAKOUT,0.31,5.059296850583735,0.0,5.782620043142073,-0.31,S2,PRIMARY_ZERO_MAKER,3,D2-2a53b8b913c713d1,MUUSDT,0.0,US_STOCK:2026-05-08T20:00:00+00:00:2026-05-11T08:00:00+00:00
0.31,FALSE_BREAKOUT,0.31,5.059296850583735,0.0,5.838841333142073,-0.31,S3,PRIMARY_ZERO_MAKER,3,D2-2a53b8b913c713d1,MUUSDT,0.0,US_STOCK:2026-05-08T20:00:00+00:00:2026-05-11T08:00:00+00:00
0.31,FALSE_BREAKOUT,0.31,0.6911986954563324,0.0,3.0182592212303976,-0.31,D2-R3,PRIMARY_ZERO_MAKER,10,D2-2a53b8b913c713d1,MUUSDT,,US_STOCK:2026-05-08T20:00:00+00:00:2026-05-11T08:00:00+00:00
0.31,FALSE_BREAKOUT,0.31,3.455993477281663,0.0,4.218992289345726,-0.31,S0,PRIMARY_ZERO_MAKER,10,D2-2a53b8b913c713d1,MUUSDT,0.0,US_STOCK:2026-05-08T20:00:00+00:00:2026-05-11T08:00:00+00:00
0.31,FALSE_BREAKOUT,0.31,3.455993477281663,0.0,4.218992289345726,-0.31,S1,PRIMARY_ZERO_MAKER,10,D2-2a53b8b913c713d1,MUUSDT,0.0,US_STOCK:2026-05-08T20:00:00+00:00:2026-05-11T08:00:00+00:00
0.31,FALSE_BREAKOUT,0.31,3.455993477281663,0.0,4.256473149345726,-0.31,S2,PRIMARY_ZERO_MAKER,10,D2-2a53b8b913c713d1,MUUSDT,0.0,US_STOCK:2026-05-08T20:00:00+00:00:2026-05-11T08:00:00+00:00
0.31,FALSE_BREAKOUT,0.31,3.455993477281663,0.0,4.3126944393457265,-0.31,S3,PRIMARY_ZERO_MAKER,10,D2-2a53b8b913c713d1,MUUSDT,0.0,US_STOCK:2026-05-08T20:00:00+00:00:2026-05-11T08:00:00+00:00
0.31,FALSE_BREAKOUT,0.31,1.0118593701167466,0.0,3.9030847657059162,-0.31,D2-R3,PRIMARY_ZERO_MAKER,17,D2-2a53b8b913c713d1,MUUSDT,,US_STOCK:2026-05-08T20:00:00+00:00:2026-05-11T08:00:00+00:00
0.31,FALSE_BREAKOUT,0.31,5.059296850583735,0.0,5.745139183142074,-0.31,S0,PRIMARY_ZERO_MAKER,17,D2-2a53b8b913c713d1,MUUSDT,0.0,US_STOCK:2026-05-08T20:00:00+00:00:2026-05-11T08:00:00+00:00
0.31,FALSE_BREAKOUT,0.31,5.059296850583735,0.0,5.745139183142074,-0.31,S1,PRIMARY_ZERO_MAKER,17,D2-2a53b8b913c713d1,MUUSDT,0.0,US_STOCK:2026-05-08T20:00:00+00:00:2026-05-11T08:00:00+00:00
0.31,FALSE_BREAKOUT,0.31,5.059296850583735,0.0,5.782620043142074,-0.31,S2,PRIMARY_ZERO_MAKER,17,D2-2a53b8b913c713d1,MUUSDT,0.0,US_STOCK:2026-05-08T20:00:00+00:00:2026-05-11T08:00:00+00:00
0.31,FALSE_BREAKOUT,0.31,5.059296850583735,0.0,5.838841333142074,-0.31,S3,PRIMARY_ZERO_MAKER,17,D2-2a53b8b913c713d1,MUUSDT,0.0,US_STOCK:2026-05-08T20:00:00+00:00:2026-05-11T08:00:00+00:00
0.31,FALSE_BREAKOUT,0.31,0.6911986954563324,0.0,3.0182592212303976,-0.31,D2-R3,PRIMARY_ZERO_MAKER,31,D2-2a53b8b913c713d1,MUUSDT,,US_STOCK:2026-05-08T20:00:00+00:00:2026-05-11T08:00:00+00:00
0.31,FALSE_BREAKOUT,0.31,3.455993477281663,0.0,4.218992289345726,-0.31,S0,PRIMARY_ZERO_MAKER,31,D2-2a53b8b913c713d1,MUUSDT,0.0,US_STOCK:2026-05-08T20:00:00+00:00:2026-05-11T08:00:00+00:00
0.31,FALSE_BREAKOUT,0.31,3.455993477281663,0.0,4.218992289345726,-0.31,S1,PRIMARY_ZERO_MAKER,31,D2-2a53b8b913c713d1,MUUSDT,0.0,US_STOCK:2026-05-08T20:00:00+00:00:2026-05-11T08:00:00+00:00
0.31,FALSE_BREAKOUT,0.31,3.455993477281663,0.0,4.256473149345726,-0.31,S2,PRIMARY_ZERO_MAKER,31,D2-2a53b8b913c713d1,MUUSDT,0.0,US_STOCK:2026-05-08T20:00:00+00:00:2026-05-11T08:00:00+00:00
0.31,FALSE_BREAKOUT,0.31,3.455993477281663,0.0,4.3126944393457265,-0.31,S3,PRIMARY_ZERO_MAKER,31,D2-2a53b8b913c713d1,MUUSDT,0.0,US_STOCK:2026-05-08T20:00:00+00:00:2026-05-11T08:00:00+00:00
0.31,FALSE_BREAKOUT,0.31,1.0118593701167466,0.0,3.9030847657059162,-0.31,D2-R3,PRIMARY_ZERO_MAKER,59,D2-2a53b8b913c713d1,MUUSDT,,US_STOCK:2026-05-08T20:00:00+00:00:2026-05-11T08:00:00+00:00
0.31,FALSE_BREAKOUT,0.31,5.059296850583735,0.0,5.745139183142074,-0.31,S0,PRIMARY_ZERO_MAKER,59,D2-2a53b8b913c713d1,MUUSDT,0.0,US_STOCK:2026-05-08T20:00:00+00:00:2026-05-11T08:00:00+00:00
0.31,FALSE_BREAKOUT,0.31,5.059296850583735,0.0,5.745139183142074,-0.31,S1,PRIMARY_ZERO_MAKER,59,D2-2a53b8b913c713d1,MUUSDT,0.0,US_STOCK:2026-05-08T20:00:00+00:00:2026-05-11T08:00:00+00:00
0.31,FALSE_BREAKOUT,0.31,5.059296850583735,0.0,5.782620043142074,-0.31,S2,PRIMARY_ZERO_MAKER,59,D2-2a53b8b913c713d1,MUUSDT,0.0,US_STOCK:2026-05-08T20:00:00+00:00:2026-05-11T08:00:00+00:00
0.31,FALSE_BREAKOUT,0.31,5.059296850583735,0.0,5.838841333142074,-0.31,S3,PRIMARY_ZERO_MAKER,59,D2-2a53b8b913c713d1,MUUSDT,0.0,US_STOCK:2026-05-08T20:00:00+00:00:2026-05-11T08:00:00+00:00
0.31,FALSE_BREAKOUT,0.31,0.6911986954563324,0.0,3.0182592212303976,-0.31,D2-R3,PRIMARY_ZERO_MAKER,97,D2-2a53b8b913c713d1,MUUSDT,,US_STOCK:2026-05-08T20:00:00+00:00:2026-05-11T08:00:00+00:00
0.31,FALSE_BREAKOUT,0.31,3.455993477281663,0.0,4.218992289345726,-0.31,S0,PRIMARY_ZERO_MAKER,97,D2-2a53b8b913c713d1,MUUSDT,0.0,US_STOCK:2026-05-08T20:00:00+00:00:2026-05-11T08:00:00+00:00
0.31,FALSE_BREAKOUT,0.31,3.455993477281663,0.0,4.218992289345726,-0.31,S1,PRIMARY_ZERO_MAKER,97,D2-2a53b8b913c713d1,MUUSDT,0.0,US_STOCK:2026-05-08T20:00:00+00:00:2026-05-11T08:00:00+00:00
0.31,FALSE_BREAKOUT,0.31,3.455993477281663,0.0,4.256473149345726,-0.31,S2,PRIMARY_ZERO_MAKER,97,D2-2a53b8b913c713d1,MUUSDT,0.0,US_STOCK:2026-05-08T20:00:00+00:00:2026-05-11T08:00:00+00:00
0.31,FALSE_BREAKOUT,0.31,3.455993477281663,0.0,4.3126944393457265,-0.31,S3,PRIMARY_ZERO_MAKER,97,D2-2a53b8b913c713d1,MUUSDT,0.0,US_STOCK:2026-05-08T20:00:00+00:00:2026-05-11T08:00:00+00:00
0.31,FALSE_BREAKOUT,0.31,1.0118593701167466,0.0,4.549918043757188,-0.31,D2-R3,EXECUTION_STRESS,3,D2-2a53b8b913c713d1,MUUSDT,,US_STOCK:2026-05-08T20:00:00+00:00:2026-05-11T08:00:00+00:00
0.31,FALSE_BREAKOUT,0.31,5.059296850583735,0.0,6.179440932033258,-0.31,S0,EXECUTION_STRESS,3,D2-2a53b8b913c713d1,MUUSDT,0.0,US_STOCK:2026-05-08T20:00:00+00:00:2026-05-11T08:00:00+00:00
0.31,FALSE_BREAKOUT,0.31,5.059296850583735,0.0,6.179440932033258,-0.31,S1,EXECUTION_STRESS,3,D2-2a53b8b913c713d1,MUUSDT,0.0,US_STOCK:2026-05-08T20:00:00+00:00:2026-05-11T08:00:00+00:00
0.31,FALSE_BREAKOUT,0.31,5.059296850583735,0.0,6.260649462033259,-0.31,S2,EXECUTION_STRESS,3,D2-2a53b8b913c713d1,MUUSDT,0.0,US_STOCK:2026-05-08T20:00:00+00:00:2026-05-11T08:00:00+00:00
0.31,FALSE_BREAKOUT,0.31,5.059296850583735,0.0,6.382462257033258,-0.31,S3,EXECUTION_STRESS,3,D2-2a53b8b913c713d1,MUUSDT,0.0,US_STOCK:2026-05-08T20:00:00+00:00:2026-05-11T08:00:00+00:00
0.31,FALSE_BREAKOUT,0.31,0.6911986954563324,0.0,3.4750854841417755,-0.31,D2-R3,EXECUTION_STRESS,10,D2-2a53b8b913c713d1,MUUSDT,,US_STOCK:2026-05-08T20:00:00+00:00:2026-05-11T08:00:00+00:00
0.31,FALSE_BREAKOUT,0.31,3.455993477281663,0.0,4.463287023097017,-0.31,S0,EXECUTION_STRESS,10,D2-2a53b8b913c713d1,MUUSDT,0.0,US_STOCK:2026-05-08T20:00:00+00:00:2026-05-11T08:00:00+00:00
0.31,FALSE_BREAKOUT,0.31,3.455993477281663,0.0,4.463287023097017,-0.31,S1,EXECUTION_STRESS,10,D2-2a53b8b913c713d1,MUUSDT,0.0,US_STOCK:2026-05-08T20:00:00+00:00:2026-05-11T08:00:00+00:00
0.31,FALSE_BREAKOUT,0.31,3.455993477281663,0.0,4.5444955530970175,-0.31,S2,EXECUTION_STRESS,10,D2-2a53b8b913c713d1,MUUSDT,0.0,US_STOCK:2026-05-08T20:00:00+00:00:2026-05-11T08:00:00+00:00
0.31,FALSE_BREAKOUT,0.31,3.455993477281663,0.0,4.666308348097017,-0.31,S3,EXECUTION_STRESS,10,D2-2a53b8b913c713d1,MUUSDT,0.0,US_STOCK:2026-05-08T20:00:00+00:00:2026-05-11T08:00:00+00:00
0.31,FALSE_BREAKOUT,0.31,0.6911986954563324,0.0,3.4750854841417764,-0.31,D2-R3,EXECUTION_STRESS,17,D2-2a53b8b913c713d1,MUUSDT,,US_STOCK:2026-05-08T20:00:00+00:00:2026-05-11T08:00:00+00:00
0.31,FALSE_BREAKOUT,0.31,3.455993477281663,0.0,4.463287023097018,-0.31,S0,EXECUTION_STRESS,17,D2-2a53b8b913c713d1,MUUSDT,0.0,US_STOCK:2026-05-08T20:00:00+00:00:2026-05-11T08:00:00+00:00
0.31,FALSE_BREAKOUT,0.31,3.455993477281663,0.0,4.463287023097018,-0.31,S1,EXECUTION_STRESS,17,D2-2a53b8b913c713d1,MUUSDT,0.0,US_STOCK:2026-05-08T20:00:00+00:00:2026-05-11T08:00:00+00:00
0.31,FALSE_BREAKOUT,0.31,3.455993477281663,0.0,4.544495553097018,-0.31,S2,EXECUTION_STRESS,17,D2-2a53b8b913c713d1,MUUSDT,0.0,US_STOCK:2026-05-08T20:00:00+00:00:2026-05-11T08:00:00+00:00
0.31,FALSE_BREAKOUT,0.31,3.455993477281663,0.0,4.666308348097018,-0.31,S3,EXECUTION_STRESS,17,D2-2a53b8b913c713d1,MUUSDT,0.0,US_STOCK:2026-05-08T20:00:00+00:00:2026-05-11T08:00:00+00:00
0.31,FALSE_BREAKOUT,0.31,0.6911986954563324,0.0,3.4750854841417755,-0.31,D2-R3,EXECUTION_STRESS,31,D2-2a53b8b913c713d1,MUUSDT,,US_STOCK:2026-05-08T20:00:00+00:00:2026-05-11T08:00:00+00:00
0.31,FALSE_BREAKOUT,0.31,3.455993477281663,0.0,4.463287023097017,-0.31,S0,EXECUTION_STRESS,31,D2-2a53b8b913c713d1,MUUSDT,0.0,US_STOCK:2026-05-08T20:00:00+00:00:2026-05-11T08:00:00+00:00
0.31,FALSE_BREAKOUT,0.31,3.455993477281663,0.0,4.463287023097017,-0.31,S1,EXECUTION_STRESS,31,D2-2a53b8b913c713d1,MUUSDT,0.0,US_STOCK:2026-05-08T20:00:00+00:00:2026-05-11T08:00:00+00:00
0.31,FALSE_BREAKOUT,0.31,3.455993477281663,0.0,4.5444955530970175,-0.31,S2,EXECUTION_STRESS,31,D2-2a53b8b913c713d1,MUUSDT,0.0,US_STOCK:2026-05-08T20:00:00+00:00:2026-05-11T08:00:00+00:00
0.31,FALSE_BREAKOUT,0.31,3.455993477281663,0.0,4.666308348097017,-0.31,S3,EXECUTION_STRESS,31,D2-2a53b8b913c713d1,MUUSDT,0.0,US_STOCK:2026-05-08T20:00:00+00:00:2026-05-11T08:00:00+00:00
0.31,FALSE_BREAKOUT,0.31,0.6911986954563324,0.0,3.4750854841417755,-0.31,D2-R3,EXECUTION_STRESS,59,D2-2a53b8b913c713d1,MUUSDT,,US_STOCK:2026-05-08T20:00:00+00:00:2026-05-11T08:00:00+00:00
0.31,FALSE_BREAKOUT,0.31,3.455993477281663,0.0,4.463287023097017,-0.31,S0,EXECUTION_STRESS,59,D2-2a53b8b913c713d1,MUUSDT,0.0,US_STOCK:2026-05-08T20:00:00+00:00:2026-05-11T08:00:00+00:00
0.31,FALSE_BREAKOUT,0.31,3.455993477281663,0.0,4.463287023097017,-0.31,S1,EXECUTION_STRESS,59,D2-2a53b8b913c713d1,MUUSDT,0.0,US_STOCK:2026-05-08T20:00:00+00:00:2026-05-11T08:00:00+00:00
0.31,FALSE_BREAKOUT,0.31,3.455993477281663,0.0,4.5444955530970175,-0.31,S2,EXECUTION_STRESS,59,D2-2a53b8b913c713d1,MUUSDT,0.0,US_STOCK:2026-05-08T20:00:00+00:00:2026-05-11T08:00:00+00:00
0.31,FALSE_BREAKOUT,0.31,3.455993477281663,0.0,4.666308348097017,-0.31,S3,EXECUTION_STRESS,59,D2-2a53b8b913c713d1,MUUSDT,0.0,US_STOCK:2026-05-08T20:00:00+00:00:2026-05-11T08:00:00+00:00
0.31,FALSE_BREAKOUT,0.31,0.6911986954563324,0.0,3.4750854841417755,-0.31,D2-R3,EXECUTION_STRESS,97,D2-2a53b8b913c713d1,MUUSDT,,US_STOCK:2026-05-08T20:00:00+00:00:2026-05-11T08:00:00+00:00
0.31,FALSE_BREAKOUT,0.31,3.455993477281663,0.0,4.463287023097017,-0.31,S0,EXECUTION_STRESS,97,D2-2a53b8b913c713d1,MUUSDT,0.0,US_STOCK:2026-05-08T20:00:00+00:00:2026-05-11T08:00:00+00:00
0.31,FALSE_BREAKOUT,0.31,3.455993477281663,0.0,4.463287023097017,-0.31,S1,EXECUTION_STRESS,97,D2-2a53b8b913c713d1,MUUSDT,0.0,US_STOCK:2026-05-08T20:00:00+00:00:2026-05-11T08:00:00+00:00
0.31,FALSE_BREAKOUT,0.31,3.455993477281663,0.0,4.5444955530970175,-0.31,S2,EXECUTION_STRESS,97,D2-2a53b8b913c713d1,MUUSDT,0.0,US_STOCK:2026-05-08T20:00:00+00:00:2026-05-11T08:00:00+00:00
0.31,FALSE_BREAKOUT,0.31,3.455993477281663,0.0,4.666308348097017,-0.31,S3,EXECUTION_STRESS,97,D2-2a53b8b913c713d1,MUUSDT,0.0,US_STOCK:2026-05-08T20:00:00+00:00:2026-05-11T08:00:00+00:00
0.31,FALSE_BREAKOUT,0.31,1.0118593701167466,0.0,4.109188695441548,-0.31,D2-R3,MAKER_PROMO_OFF,3,D2-2a53b8b913c713d1,MUUSDT,,US_STOCK:2026-05-08T20:00:00+00:00:2026-05-11T08:00:00+00:00
0.31,FALSE_BREAKOUT,0.31,5.059296850583735,0.0,5.890567350051956,-0.31,S0,MAKER_PROMO_OFF,3,D2-2a53b8b913c713d1,MUUSDT,0.0,US_STOCK:2026-05-08T20:00:00+00:00:2026-05-11T08:00:00+00:00
0.31,FALSE_BREAKOUT,0.31,5.059296850583735,0.0,5.890567350051956,-0.31,S1,MAKER_PROMO_OFF,3,D2-2a53b8b913c713d1,MUUSDT,0.0,US_STOCK:2026-05-08T20:00:00+00:00:2026-05-11T08:00:00+00:00
0.31,FALSE_BREAKOUT,0.31,5.059296850583735,0.0,5.940541830051956,-0.31,S2,MAKER_PROMO_OFF,3,D2-2a53b8b913c713d1,MUUSDT,0.0,US_STOCK:2026-05-08T20:00:00+00:00:2026-05-11T08:00:00+00:00
0.31,FALSE_BREAKOUT,0.31,5.059296850583735,0.0,6.015503550051957,-0.31,S3,MAKER_PROMO_OFF,3,D2-2a53b8b913c713d1,MUUSDT,0.0,US_STOCK:2026-05-08T20:00:00+00:00:2026-05-11T08:00:00+00:00
0.31,FALSE_BREAKOUT,0.31,0.6911986954563324,0.0,3.1487135526431898,-0.31,D2-R3,MAKER_PROMO_OFF,10,D2-2a53b8b913c713d1,MUUSDT,,US_STOCK:2026-05-08T20:00:00+00:00:2026-05-11T08:00:00+00:00
0.31,FALSE_BREAKOUT,0.31,3.455993477281663,0.0,4.288770857932768,-0.31,S0,MAKER_PROMO_OFF,10,D2-2a53b8b913c713d1,MUUSDT,0.0,US_STOCK:2026-05-08T20:00:00+00:00:2026-05-11T08:00:00+00:00
0.31,FALSE_BREAKOUT,0.31,3.455993477281663,0.0,4.288770857932768,-0.31,S1,MAKER_PROMO_OFF,10,D2-2a53b8b913c713d1,MUUSDT,0.0,US_STOCK:2026-05-08T20:00:00+00:00:2026-05-11T08:00:00+00:00
0.31,FALSE_BREAKOUT,0.31,3.455993477281663,0.0,4.338745337932767,-0.31,S2,MAKER_PROMO_OFF,10,D2-2a53b8b913c713d1,MUUSDT,0.0,US_STOCK:2026-05-08T20:00:00+00:00:2026-05-11T08:00:00+00:00
0.31,FALSE_BREAKOUT,0.31,3.455993477281663,0.0,4.413707057932768,-0.31,S3,MAKER_PROMO_OFF,10,D2-2a53b8b913c713d1,MUUSDT,0.0,US_STOCK:2026-05-08T20:00:00+00:00:2026-05-11T08:00:00+00:00
0.31,FALSE_BREAKOUT,0.31,1.0118593701167466,0.0,4.1091886954415475,-0.31,D2-R3,MAKER_PROMO_OFF,17,D2-2a53b8b913c713d1,MUUSDT,,US_STOCK:2026-05-08T20:00:00+00:00:2026-05-11T08:00:00+00:00
0.31,FALSE_BREAKOUT,0.31,5.059296850583735,0.0,5.890567350051955,-0.31,S0,MAKER_PROMO_OFF,17,D2-2a53b8b913c713d1,MUUSDT,0.0,US_STOCK:2026-05-08T20:00:00+00:00:2026-05-11T08:00:00+00:00
0.31,FALSE_BREAKOUT,0.31,5.059296850583735,0.0,5.890567350051955,-0.31,S1,MAKER_PROMO_OFF,17,D2-2a53b8b913c713d1,MUUSDT,0.0,US_STOCK:2026-05-08T20:00:00+00:00:2026-05-11T08:00:00+00:00
0.31,FALSE_BREAKOUT,0.31,5.059296850583735,0.0,5.940541830051955,-0.31,S2,MAKER_PROMO_OFF,17,D2-2a53b8b913c713d1,MUUSDT,0.0,US_STOCK:2026-05-08T20:00:00+00:00:2026-05-11T08:00:00+00:00
0.31,FALSE_BREAKOUT,0.31,5.059296850583735,0.0,6.015503550051956,-0.31,S3,MAKER_PROMO_OFF,17,D2-2a53b8b913c713d1,MUUSDT,0.0,US_STOCK:2026-05-08T20:00:00+00:00:2026-05-11T08:00:00+00:00
0.31,FALSE_BREAKOUT,0.31,0.6911986954563324,0.0,3.1487135526431898,-0.31,D2-R3,MAKER_PROMO_OFF,31,D2-2a53b8b913c713d1,MUUSDT,,US_STOCK:2026-05-08T20:00:00+00:00:2026-05-11T08:00:00+00:00
0.31,FALSE_BREAKOUT,0.31,3.455993477281663,0.0,4.288770857932768,-0.31,S0,MAKER_PROMO_OFF,31,D2-2a53b8b913c713d1,MUUSDT,0.0,US_STOCK:2026-05-08T20:00:00+00:00:2026-05-11T08:00:00+00:00
0.31,FALSE_BREAKOUT,0.31,3.455993477281663,0.0,4.288770857932768,-0.31,S1,MAKER_PROMO_OFF,31,D2-2a53b8b913c713d1,MUUSDT,0.0,US_STOCK:2026-05-08T20:00:00+00:00:2026-05-11T08:00:00+00:00
0.31,FALSE_BREAKOUT,0.31,3.455993477281663,0.0,4.338745337932767,-0.31,S2,MAKER_PROMO_OFF,31,D2-2a53b8b913c713d1,MUUSDT,0.0,US_STOCK:2026-05-08T20:00:00+00:00:2026-05-11T08:00:00+00:00
0.31,FALSE_BREAKOUT,0.31,3.455993477281663,0.0,4.413707057932768,-0.31,S3,MAKER_PROMO_OFF,31,D2-2a53b8b913c713d1,MUUSDT,0.0,US_STOCK:2026-05-08T20:00:00+00:00:2026-05-11T08:00:00+00:00
0.31,FALSE_BREAKOUT,0.31,1.0118593701167466,0.0,4.109188695441548,-0.31,D2-R3,MAKER_PROMO_OFF,59,D2-2a53b8b913c713d1,MUUSDT,,US_STOCK:2026-05-08T20:00:00+00:00:2026-05-11T08:00:00+00:00
0.31,FALSE_BREAKOUT,0.31,5.059296850583735,0.0,5.890567350051956,-0.31,S0,MAKER_PROMO_OFF,59,D2-2a53b8b913c713d1,MUUSDT,0.0,US_STOCK:2026-05-08T20:00:00+00:00:2026-05-11T08:00:00+00:00
0.31,FALSE_BREAKOUT,0.31,5.059296850583735,0.0,5.890567350051956,-0.31,S1,MAKER_PROMO_OFF,59,D2-2a53b8b913c713d1,MUUSDT,0.0,US_STOCK:2026-05-08T20:00:00+00:00:2026-05-11T08:00:00+00:00
0.31,FALSE_BREAKOUT,0.31,5.059296850583735,0.0,5.940541830051956,-0.31,S2,MAKER_PROMO_OFF,59,D2-2a53b8b913c713d1,MUUSDT,0.0,US_STOCK:2026-05-08T20:00:00+00:00:2026-05-11T08:00:00+00:00
0.31,FALSE_BREAKOUT,0.31,5.059296850583735,0.0,6.015503550051957,-0.31,S3,MAKER_PROMO_OFF,59,D2-2a53b8b913c713d1,MUUSDT,0.0,US_STOCK:2026-05-08T20:00:00+00:00:2026-05-11T08:00:00+00:00
0.31,FALSE_BREAKOUT,0.31,0.6911986954563324,0.0,3.1487135526431898,-0.31,D2-R3,MAKER_PROMO_OFF,97,D2-2a53b8b913c713d1,MUUSDT,,US_STOCK:2026-05-08T20:00:00+00:00:2026-05-11T08:00:00+00:00
0.31,FALSE_BREAKOUT,0.31,3.455993477281663,0.0,4.288770857932768,-0.31,S0,MAKER_PROMO_OFF,97,D2-2a53b8b913c713d1,MUUSDT,0.0,US_STOCK:2026-05-08T20:00:00+00:00:2026-05-11T08:00:00+00:00
0.31,FALSE_BREAKOUT,0.31,3.455993477281663,0.0,4.288770857932768,-0.31,S1,MAKER_PROMO_OFF,97,D2-2a53b8b913c713d1,MUUSDT,0.0,US_STOCK:2026-05-08T20:00:00+00:00:2026-05-11T08:00:00+00:00
0.31,FALSE_BREAKOUT,0.31,3.455993477281663,0.0,4.338745337932767,-0.31,S2,MAKER_PROMO_OFF,97,D2-2a53b8b913c713d1,MUUSDT,0.0,US_STOCK:2026-05-08T20:00:00+00:00:2026-05-11T08:00:00+00:00
0.31,FALSE_BREAKOUT,0.31,3.455993477281663,0.0,4.413707057932768,-0.31,S3,MAKER_PROMO_OFF,97,D2-2a53b8b913c713d1,MUUSDT,0.0,US_STOCK:2026-05-08T20:00:00+00:00:2026-05-11T08:00:00+00:00
0.26,FALSE_BREAKOUT,0.26,1.0779867529503384,0.0,3.9990618047408706,-0.26,D2-R3,PRIMARY_ZERO_MAKER,3,D2-7914871e1abb9850,MUUSDT,,US_STOCK:2026-05-29T20:00:00+00:00:2026-06-01T08:00:00+00:00
0.26,FALSE_BREAKOUT,0.26,5.389933764751693,0.0,5.964976610641548,-0.26,S0,PRIMARY_ZERO_MAKER,3,D2-7914871e1abb9850,MUUSDT,0.0,US_STOCK:2026-05-29T20:00:00+00:00:2026-06-01T08:00:00+00:00
0.26,FALSE_BREAKOUT,0.26,5.389933764751693,0.0,5.964976610641548,-0.26,S1,PRIMARY_ZERO_MAKER,3,D2-7914871e1abb9850,MUUSDT,0.0,US_STOCK:2026-05-29T20:00:00+00:00:2026-06-01T08:00:00+00:00
0.26,FALSE_BREAKOUT,0.26,5.389933764751693,0.0,6.002988350641548,-0.26,S2,PRIMARY_ZERO_MAKER,3,D2-7914871e1abb9850,MUUSDT,0.0,US_STOCK:2026-05-29T20:00:00+00:00:2026-06-01T08:00:00+00:00
0.26,FALSE_BREAKOUT,0.26,5.389933764751693,0.0,6.060005960641548,-0.26,S3,PRIMARY_ZERO_MAKER,3,D2-7914871e1abb9850,MUUSDT,0.0,US_STOCK:2026-05-29T20:00:00+00:00:2026-06-01T08:00:00+00:00
0.26,FALSE_BREAKOUT,0.26,1.0779867529503384,0.0,3.859168460621511,-0.26,D2-R3,PRIMARY_ZERO_MAKER,10,D2-7914871e1abb9850,MUUSDT,,US_STOCK:2026-05-29T20:00:00+00:00:2026-06-01T08:00:00+00:00
0.26,FALSE_BREAKOUT,0.26,5.389933764751693,0.0,5.8250832665221886,-0.26,S0,PRIMARY_ZERO_MAKER,10,D2-7914871e1abb9850,MUUSDT,0.0,US_STOCK:2026-05-29T20:00:00+00:00:2026-06-01T08:00:00+00:00
0.26,FALSE_BREAKOUT,0.26,5.389933764751693,0.0,5.8250832665221886,-0.26,S1,PRIMARY_ZERO_MAKER,10,D2-7914871e1abb9850,MUUSDT,0.0,US_STOCK:2026-05-29T20:00:00+00:00:2026-06-01T08:00:00+00:00
0.26,FALSE_BREAKOUT,0.26,5.389933764751693,0.0,5.8630950065221885,-0.26,S2,PRIMARY_ZERO_MAKER,10,D2-7914871e1abb9850,MUUSDT,0.0,US_STOCK:2026-05-29T20:00:00+00:00:2026-06-01T08:00:00+00:00
0.26,FALSE_BREAKOUT,0.26,5.389933764751693,0.0,5.9201126165221885,-0.26,S3,PRIMARY_ZERO_MAKER,10,D2-7914871e1abb9850,MUUSDT,0.0,US_STOCK:2026-05-29T20:00:00+00:00:2026-06-01T08:00:00+00:00
0.26,FALSE_BREAKOUT,0.26,1.0779867529503384,0.0,3.859168460621511,-0.26,D2-R3,PRIMARY_ZERO_MAKER,17,D2-7914871e1abb9850,MUUSDT,,US_STOCK:2026-05-29T20:00:00+00:00:2026-06-01T08:00:00+00:00
0.26,FALSE_BREAKOUT,0.26,5.389933764751693,0.0,5.8250832665221886,-0.26,S0,PRIMARY_ZERO_MAKER,17,D2-7914871e1abb9850,MUUSDT,0.0,US_STOCK:2026-05-29T20:00:00+00:00:2026-06-01T08:00:00+00:00
0.26,FALSE_BREAKOUT,0.26,5.389933764751693,0.0,5.8250832665221886,-0.26,S1,PRIMARY_ZERO_MAKER,17,D2-7914871e1abb9850,MUUSDT,0.0,US_STOCK:2026-05-29T20:00:00+00:00:2026-06-01T08:00:00+00:00
0.26,FALSE_BREAKOUT,0.26,5.389933764751693,0.0,5.8630950065221885,-0.26,S2,PRIMARY_ZERO_MAKER,17,D2-7914871e1abb9850,MUUSDT,0.0,US_STOCK:2026-05-29T20:00:00+00:00:2026-06-01T08:00:00+00:00
0.26,FALSE_BREAKOUT,0.26,5.389933764751693,0.0,5.9201126165221885,-0.26,S3,PRIMARY_ZERO_MAKER,17,D2-7914871e1abb9850,MUUSDT,0.0,US_STOCK:2026-05-29T20:00:00+00:00:2026-06-01T08:00:00+00:00
0.26,FALSE_BREAKOUT,0.26,1.0779867529503384,0.0,3.9990618047408706,-0.26,D2-R3,PRIMARY_ZERO_MAKER,31,D2-7914871e1abb9850,MUUSDT,,US_STOCK:2026-05-29T20:00:00+00:00:2026-06-01T08:00:00+00:00
0.26,FALSE_BREAKOUT,0.26,5.389933764751693,0.0,5.964976610641548,-0.26,S0,PRIMARY_ZERO_MAKER,31,D2-7914871e1abb9850,MUUSDT,0.0,US_STOCK:2026-05-29T20:00:00+00:00:2026-06-01T08:00:00+00:00
0.26,FALSE_BREAKOUT,0.26,5.389933764751693,0.0,5.964976610641548,-0.26,S1,PRIMARY_ZERO_MAKER,31,D2-7914871e1abb9850,MUUSDT,0.0,US_STOCK:2026-05-29T20:00:00+00:00:2026-06-01T08:00:00+00:00
0.26,FALSE_BREAKOUT,0.26,5.389933764751693,0.0,6.002988350641548,-0.26,S2,PRIMARY_ZERO_MAKER,31,D2-7914871e1abb9850,MUUSDT,0.0,US_STOCK:2026-05-29T20:00:00+00:00:2026-06-01T08:00:00+00:00
0.26,FALSE_BREAKOUT,0.26,5.389933764751693,0.0,6.060005960641548,-0.26,S3,PRIMARY_ZERO_MAKER,31,D2-7914871e1abb9850,MUUSDT,0.0,US_STOCK:2026-05-29T20:00:00+00:00:2026-06-01T08:00:00+00:00
0.26,FALSE_BREAKOUT,0.26,1.0779867529503384,0.0,3.859168460621511,-0.26,D2-R3,PRIMARY_ZERO_MAKER,59,D2-7914871e1abb9850,MUUSDT,,US_STOCK:2026-05-29T20:00:00+00:00:2026-06-01T08:00:00+00:00
0.26,FALSE_BREAKOUT,0.26,5.389933764751693,0.0,5.8250832665221886,-0.26,S0,PRIMARY_ZERO_MAKER,59,D2-7914871e1abb9850,MUUSDT,0.0,US_STOCK:2026-05-29T20:00:00+00:00:2026-06-01T08:00:00+00:00
0.26,FALSE_BREAKOUT,0.26,5.389933764751693,0.0,5.8250832665221886,-0.26,S1,PRIMARY_ZERO_MAKER,59,D2-7914871e1abb9850,MUUSDT,0.0,US_STOCK:2026-05-29T20:00:00+00:00:2026-06-01T08:00:00+00:00
0.26,FALSE_BREAKOUT,0.26,5.389933764751693,0.0,5.8630950065221885,-0.26,S2,PRIMARY_ZERO_MAKER,59,D2-7914871e1abb9850,MUUSDT,0.0,US_STOCK:2026-05-29T20:00:00+00:00:2026-06-01T08:00:00+00:00
0.26,FALSE_BREAKOUT,0.26,5.389933764751693,0.0,5.9201126165221885,-0.26,S3,PRIMARY_ZERO_MAKER,59,D2-7914871e1abb9850,MUUSDT,0.0,US_STOCK:2026-05-29T20:00:00+00:00:2026-06-01T08:00:00+00:00
0.26,FALSE_BREAKOUT,0.26,1.0779867529503384,0.0,3.859168460621511,-0.26,D2-R3,PRIMARY_ZERO_MAKER,97,D2-7914871e1abb9850,MUUSDT,,US_STOCK:2026-05-29T20:00:00+00:00:2026-06-01T08:00:00+00:00
0.26,FALSE_BREAKOUT,0.26,5.389933764751693,0.0,5.8250832665221886,-0.26,S0,PRIMARY_ZERO_MAKER,97,D2-7914871e1abb9850,MUUSDT,0.0,US_STOCK:2026-05-29T20:00:00+00:00:2026-06-01T08:00:00+00:00
0.26,FALSE_BREAKOUT,0.26,5.389933764751693,0.0,5.8250832665221886,-0.26,S1,PRIMARY_ZERO_MAKER,97,D2-7914871e1abb9850,MUUSDT,0.0,US_STOCK:2026-05-29T20:00:00+00:00:2026-06-01T08:00:00+00:00
0.26,FALSE_BREAKOUT,0.26,5.389933764751693,0.0,5.8630950065221885,-0.26,S2,PRIMARY_ZERO_MAKER,97,D2-7914871e1abb9850,MUUSDT,0.0,US_STOCK:2026-05-29T20:00:00+00:00:2026-06-01T08:00:00+00:00
0.26,FALSE_BREAKOUT,0.26,5.389933764751693,0.0,5.9201126165221885,-0.26,S3,PRIMARY_ZERO_MAKER,97,D2-7914871e1abb9850,MUUSDT,0.0,US_STOCK:2026-05-29T20:00:00+00:00:2026-06-01T08:00:00+00:00
0.26,FALSE_BREAKOUT,0.26,1.0779867529503384,0.0,4.702641970757574,-0.26,D2-R3,EXECUTION_STRESS,3,D2-7914871e1abb9850,MUUSDT,,US_STOCK:2026-05-29T20:00:00+00:00:2026-06-01T08:00:00+00:00
0.26,FALSE_BREAKOUT,0.26,5.389933764751693,0.0,6.4468216266582505,-0.26,S0,EXECUTION_STRESS,3,D2-7914871e1abb9850,MUUSDT,0.0,US_STOCK:2026-05-29T20:00:00+00:00:2026-06-01T08:00:00+00:00
0.26,FALSE_BREAKOUT,0.26,5.389933764751693,0.0,6.4468216266582505,-0.26,S1,EXECUTION_STRESS,3,D2-7914871e1abb9850,MUUSDT,0.0,US_STOCK:2026-05-29T20:00:00+00:00:2026-06-01T08:00:00+00:00
0.26,FALSE_BREAKOUT,0.26,5.389933764751693,0.0,6.5291803966582505,-0.26,S2,EXECUTION_STRESS,3,D2-7914871e1abb9850,MUUSDT,0.0,US_STOCK:2026-05-29T20:00:00+00:00:2026-06-01T08:00:00+00:00
0.26,FALSE_BREAKOUT,0.26,5.389933764751693,0.0,6.652718551658251,-0.26,S3,EXECUTION_STRESS,3,D2-7914871e1abb9850,MUUSDT,0.0,US_STOCK:2026-05-29T20:00:00+00:00:2026-06-01T08:00:00+00:00
0.26,FALSE_BREAKOUT,0.26,1.0779867529503384,0.0,4.562748626638214,-0.26,D2-R3,EXECUTION_STRESS,10,D2-7914871e1abb9850,MUUSDT,,US_STOCK:2026-05-29T20:00:00+00:00:2026-06-01T08:00:00+00:00
0.26,FALSE_BREAKOUT,0.26,5.389933764751693,0.0,6.306928282538891,-0.26,S0,EXECUTION_STRESS,10,D2-7914871e1abb9850,MUUSDT,0.0,US_STOCK:2026-05-29T20:00:00+00:00:2026-06-01T08:00:00+00:00
0.26,FALSE_BREAKOUT,0.26,5.389933764751693,0.0,6.306928282538891,-0.26,S1,EXECUTION_STRESS,10,D2-7914871e1abb9850,MUUSDT,0.0,US_STOCK:2026-05-29T20:00:00+00:00:2026-06-01T08:00:00+00:00
0.26,FALSE_BREAKOUT,0.26,5.389933764751693,0.0,6.389287052538891,-0.26,S2,EXECUTION_STRESS,10,D2-7914871e1abb9850,MUUSDT,0.0,US_STOCK:2026-05-29T20:00:00+00:00:2026-06-01T08:00:00+00:00
0.26,FALSE_BREAKOUT,0.26,5.389933764751693,0.0,6.512825207538891,-0.26,S3,EXECUTION_STRESS,10,D2-7914871e1abb9850,MUUSDT,0.0,US_STOCK:2026-05-29T20:00:00+00:00:2026-06-01T08:00:00+00:00
0.26,FALSE_BREAKOUT,0.26,1.0779867529503384,0.0,4.562748626638214,-0.26,D2-R3,EXECUTION_STRESS,17,D2-7914871e1abb9850,MUUSDT,,US_STOCK:2026-05-29T20:00:00+00:00:2026-06-01T08:00:00+00:00
0.26,FALSE_BREAKOUT,0.26,5.389933764751693,0.0,6.306928282538891,-0.26,S0,EXECUTION_STRESS,17,D2-7914871e1abb9850,MUUSDT,0.0,US_STOCK:2026-05-29T20:00:00+00:00:2026-06-01T08:00:00+00:00
0.26,FALSE_BREAKOUT,0.26,5.389933764751693,0.0,6.306928282538891,-0.26,S1,EXECUTION_STRESS,17,D2-7914871e1abb9850,MUUSDT,0.0,US_STOCK:2026-05-29T20:00:00+00:00:2026-06-01T08:00:00+00:00
0.26,FALSE_BREAKOUT,0.26,5.389933764751693,0.0,6.389287052538891,-0.26,S2,EXECUTION_STRESS,17,D2-7914871e1abb9850,MUUSDT,0.0,US_STOCK:2026-05-29T20:00:00+00:00:2026-06-01T08:00:00+00:00
0.26,FALSE_BREAKOUT,0.26,5.389933764751693,0.0,6.512825207538891,-0.26,S3,EXECUTION_STRESS,17,D2-7914871e1abb9850,MUUSDT,0.0,US_STOCK:2026-05-29T20:00:00+00:00:2026-06-01T08:00:00+00:00
0.26,FALSE_BREAKOUT,0.26,1.0779867529503384,0.0,4.702641970757574,-0.26,D2-R3,EXECUTION_STRESS,31,D2-7914871e1abb9850,MUUSDT,,US_STOCK:2026-05-29T20:00:00+00:00:2026-06-01T08:00:00+00:00
0.26,FALSE_BREAKOUT,0.26,5.389933764751693,0.0,6.4468216266582505,-0.26,S0,EXECUTION_STRESS,31,D2-7914871e1abb9850,MUUSDT,0.0,US_STOCK:2026-05-29T20:00:00+00:00:2026-06-01T08:00:00+00:00
0.26,FALSE_BREAKOUT,0.26,5.389933764751693,0.0,6.4468216266582505,-0.26,S1,EXECUTION_STRESS,31,D2-7914871e1abb9850,MUUSDT,0.0,US_STOCK:2026-05-29T20:00:00+00:00:2026-06-01T08:00:00+00:00
0.26,FALSE_BREAKOUT,0.26,5.389933764751693,0.0,6.5291803966582505,-0.26,S2,EXECUTION_STRESS,31,D2-7914871e1abb9850,MUUSDT,0.0,US_STOCK:2026-05-29T20:00:00+00:00:2026-06-01T08:00:00+00:00
0.26,FALSE_BREAKOUT,0.26,5.389933764751693,0.0,6.652718551658251,-0.26,S3,EXECUTION_STRESS,31,D2-7914871e1abb9850,MUUSDT,0.0,US_STOCK:2026-05-29T20:00:00+00:00:2026-06-01T08:00:00+00:00
0.26,FALSE_BREAKOUT,0.26,1.0779867529503384,0.0,4.562748626638214,-0.26,D2-R3,EXECUTION_STRESS,59,D2-7914871e1abb9850,MUUSDT,,US_STOCK:2026-05-29T20:00:00+00:00:2026-06-01T08:00:00+00:00
0.26,FALSE_BREAKOUT,0.26,5.389933764751693,0.0,6.306928282538891,-0.26,S0,EXECUTION_STRESS,59,D2-7914871e1abb9850,MUUSDT,0.0,US_STOCK:2026-05-29T20:00:00+00:00:2026-06-01T08:00:00+00:00
0.26,FALSE_BREAKOUT,0.26,5.389933764751693,0.0,6.306928282538891,-0.26,S1,EXECUTION_STRESS,59,D2-7914871e1abb9850,MUUSDT,0.0,US_STOCK:2026-05-29T20:00:00+00:00:2026-06-01T08:00:00+00:00
0.26,FALSE_BREAKOUT,0.26,5.389933764751693,0.0,6.389287052538891,-0.26,S2,EXECUTION_STRESS,59,D2-7914871e1abb9850,MUUSDT,0.0,US_STOCK:2026-05-29T20:00:00+00:00:2026-06-01T08:00:00+00:00
0.26,FALSE_BREAKOUT,0.26,5.389933764751693,0.0,6.512825207538891,-0.26,S3,EXECUTION_STRESS,59,D2-7914871e1abb9850,MUUSDT,0.0,US_STOCK:2026-05-29T20:00:00+00:00:2026-06-01T08:00:00+00:00
0.26,FALSE_BREAKOUT,0.26,1.0779867529503384,0.0,4.702641970757574,-0.26,D2-R3,EXECUTION_STRESS,97,D2-7914871e1abb9850,MUUSDT,,US_STOCK:2026-05-29T20:00:00+00:00:2026-06-01T08:00:00+00:00
0.26,FALSE_BREAKOUT,0.26,5.389933764751693,0.0,6.4468216266582505,-0.26,S0,EXECUTION_STRESS,97,D2-7914871e1abb9850,MUUSDT,0.0,US_STOCK:2026-05-29T20:00:00+00:00:2026-06-01T08:00:00+00:00
0.26,FALSE_BREAKOUT,0.26,5.389933764751693,0.0,6.4468216266582505,-0.26,S1,EXECUTION_STRESS,97,D2-7914871e1abb9850,MUUSDT,0.0,US_STOCK:2026-05-29T20:00:00+00:00:2026-06-01T08:00:00+00:00
0.26,FALSE_BREAKOUT,0.26,5.389933764751693,0.0,6.5291803966582505,-0.26,S2,EXECUTION_STRESS,97,D2-7914871e1abb9850,MUUSDT,0.0,US_STOCK:2026-05-29T20:00:00+00:00:2026-06-01T08:00:00+00:00
0.26,FALSE_BREAKOUT,0.26,5.389933764751693,0.0,6.652718551658251,-0.26,S3,EXECUTION_STRESS,97,D2-7914871e1abb9850,MUUSDT,0.0,US_STOCK:2026-05-29T20:00:00+00:00:2026-06-01T08:00:00+00:00
0.26,FALSE_BREAKOUT,0.26,1.0779867529503384,0.0,4.227059267242517,-0.26,D2-R3,MAKER_PROMO_OFF,3,D2-7914871e1abb9850,MUUSDT,,US_STOCK:2026-05-29T20:00:00+00:00:2026-06-01T08:00:00+00:00
0.26,FALSE_BREAKOUT,0.26,5.389933764751693,0.0,6.129621173143194,-0.26,S0,MAKER_PROMO_OFF,3,D2-7914871e1abb9850,MUUSDT,0.0,US_STOCK:2026-05-29T20:00:00+00:00:2026-06-01T08:00:00+00:00
0.26,FALSE_BREAKOUT,0.26,5.389933764751693,0.0,6.129621173143194,-0.26,S1,MAKER_PROMO_OFF,3,D2-7914871e1abb9850,MUUSDT,0.0,US_STOCK:2026-05-29T20:00:00+00:00:2026-06-01T08:00:00+00:00
0.26,FALSE_BREAKOUT,0.26,5.389933764751693,0.0,6.180303493143194,-0.26,S2,MAKER_PROMO_OFF,3,D2-7914871e1abb9850,MUUSDT,0.0,US_STOCK:2026-05-29T20:00:00+00:00:2026-06-01T08:00:00+00:00
0.26,FALSE_BREAKOUT,0.26,5.389933764751693,0.0,6.256326973143194,-0.26,S3,MAKER_PROMO_OFF,3,D2-7914871e1abb9850,MUUSDT,0.0,US_STOCK:2026-05-29T20:00:00+00:00:2026-06-01T08:00:00+00:00
0.26,FALSE_BREAKOUT,0.26,1.0779867529503384,0.0,4.060152061791982,-0.26,D2-R3,MAKER_PROMO_OFF,10,D2-7914871e1abb9850,MUUSDT,,US_STOCK:2026-05-29T20:00:00+00:00:2026-06-01T08:00:00+00:00
0.26,FALSE_BREAKOUT,0.26,5.389933764751693,0.0,5.962713967692659,-0.26,S0,MAKER_PROMO_OFF,10,D2-7914871e1abb9850,MUUSDT,0.0,US_STOCK:2026-05-29T20:00:00+00:00:2026-06-01T08:00:00+00:00
0.26,FALSE_BREAKOUT,0.26,5.389933764751693,0.0,5.962713967692659,-0.26,S1,MAKER_PROMO_OFF,10,D2-7914871e1abb9850,MUUSDT,0.0,US_STOCK:2026-05-29T20:00:00+00:00:2026-06-01T08:00:00+00:00
0.26,FALSE_BREAKOUT,0.26,5.389933764751693,0.0,6.013396287692659,-0.26,S2,MAKER_PROMO_OFF,10,D2-7914871e1abb9850,MUUSDT,0.0,US_STOCK:2026-05-29T20:00:00+00:00:2026-06-01T08:00:00+00:00
0.26,FALSE_BREAKOUT,0.26,5.389933764751693,0.0,6.089419767692659,-0.26,S3,MAKER_PROMO_OFF,10,D2-7914871e1abb9850,MUUSDT,0.0,US_STOCK:2026-05-29T20:00:00+00:00:2026-06-01T08:00:00+00:00
0.26,FALSE_BREAKOUT,0.26,1.0779867529503384,0.0,4.105431698706772,-0.26,D2-R3,MAKER_PROMO_OFF,17,D2-7914871e1abb9850,MUUSDT,,US_STOCK:2026-05-29T20:00:00+00:00:2026-06-01T08:00:00+00:00
0.26,FALSE_BREAKOUT,0.26,5.389933764751693,0.0,6.007993604607449,-0.26,S0,MAKER_PROMO_OFF,17,D2-7914871e1abb9850,MUUSDT,0.0,US_STOCK:2026-05-29T20:00:00+00:00:2026-06-01T08:00:00+00:00
0.26,FALSE_BREAKOUT,0.26,5.389933764751693,0.0,6.007993604607449,-0.26,S1,MAKER_PROMO_OFF,17,D2-7914871e1abb9850,MUUSDT,0.0,US_STOCK:2026-05-29T20:00:00+00:00:2026-06-01T08:00:00+00:00
0.26,FALSE_BREAKOUT,0.26,5.389933764751693,0.0,6.058675924607449,-0.26,S2,MAKER_PROMO_OFF,17,D2-7914871e1abb9850,MUUSDT,0.0,US_STOCK:2026-05-29T20:00:00+00:00:2026-06-01T08:00:00+00:00
0.26,FALSE_BREAKOUT,0.26,5.389933764751693,0.0,6.134699404607449,-0.26,S3,MAKER_PROMO_OFF,17,D2-7914871e1abb9850,MUUSDT,0.0,US_STOCK:2026-05-29T20:00:00+00:00:2026-06-01T08:00:00+00:00
0.26,FALSE_BREAKOUT,0.26,1.0779867529503384,0.0,4.227059267242517,-0.26,D2-R3,MAKER_PROMO_OFF,31,D2-7914871e1abb9850,MUUSDT,,US_STOCK:2026-05-29T20:00:00+00:00:2026-06-01T08:00:00+00:00
0.26,FALSE_BREAKOUT,0.26,5.389933764751693,0.0,6.129621173143194,-0.26,S0,MAKER_PROMO_OFF,31,D2-7914871e1abb9850,MUUSDT,0.0,US_STOCK:2026-05-29T20:00:00+00:00:2026-06-01T08:00:00+00:00
0.26,FALSE_BREAKOUT,0.26,5.389933764751693,0.0,6.129621173143194,-0.26,S1,MAKER_PROMO_OFF,31,D2-7914871e1abb9850,MUUSDT,0.0,US_STOCK:2026-05-29T20:00:00+00:00:2026-06-01T08:00:00+00:00
0.26,FALSE_BREAKOUT,0.26,5.389933764751693,0.0,6.180303493143194,-0.26,S2,MAKER_PROMO_OFF,31,D2-7914871e1abb9850,MUUSDT,0.0,US_STOCK:2026-05-29T20:00:00+00:00:2026-06-01T08:00:00+00:00
0.26,FALSE_BREAKOUT,0.26,5.389933764751693,0.0,6.256326973143194,-0.26,S3,MAKER_PROMO_OFF,31,D2-7914871e1abb9850,MUUSDT,0.0,US_STOCK:2026-05-29T20:00:00+00:00:2026-06-01T08:00:00+00:00
0.26,FALSE_BREAKOUT,0.26,1.0779867529503384,0.0,4.060152061791982,-0.26,D2-R3,MAKER_PROMO_OFF,59,D2-7914871e1abb9850,MUUSDT,,US_STOCK:2026-05-29T20:00:00+00:00:2026-06-01T08:00:00+00:00
0.26,FALSE_BREAKOUT,0.26,5.389933764751693,0.0,5.962713967692659,-0.26,S0,MAKER_PROMO_OFF,59,D2-7914871e1abb9850,MUUSDT,0.0,US_STOCK:2026-05-29T20:00:00+00:00:2026-06-01T08:00:00+00:00
0.26,FALSE_BREAKOUT,0.26,5.389933764751693,0.0,5.962713967692659,-0.26,S1,MAKER_PROMO_OFF,59,D2-7914871e1abb9850,MUUSDT,0.0,US_STOCK:2026-05-29T20:00:00+00:00:2026-06-01T08:00:00+00:00
0.26,FALSE_BREAKOUT,0.26,5.389933764751693,0.0,6.013396287692659,-0.26,S2,MAKER_PROMO_OFF,59,D2-7914871e1abb9850,MUUSDT,0.0,US_STOCK:2026-05-29T20:00:00+00:00:2026-06-01T08:00:00+00:00
0.26,FALSE_BREAKOUT,0.26,5.389933764751693,0.0,6.089419767692659,-0.26,S3,MAKER_PROMO_OFF,59,D2-7914871e1abb9850,MUUSDT,0.0,US_STOCK:2026-05-29T20:00:00+00:00:2026-06-01T08:00:00+00:00
0.26,FALSE_BREAKOUT,0.26,1.0779867529503384,0.0,4.060152061791982,-0.26,D2-R3,MAKER_PROMO_OFF,97,D2-7914871e1abb9850,MUUSDT,,US_STOCK:2026-05-29T20:00:00+00:00:2026-06-01T08:00:00+00:00
0.26,FALSE_BREAKOUT,0.26,5.389933764751693,0.0,5.962713967692659,-0.26,S0,MAKER_PROMO_OFF,97,D2-7914871e1abb9850,MUUSDT,0.0,US_STOCK:2026-05-29T20:00:00+00:00:2026-06-01T08:00:00+00:00
0.26,FALSE_BREAKOUT,0.26,5.389933764751693,0.0,5.962713967692659,-0.26,S1,MAKER_PROMO_OFF,97,D2-7914871e1abb9850,MUUSDT,0.0,US_STOCK:2026-05-29T20:00:00+00:00:2026-06-01T08:00:00+00:00
0.26,FALSE_BREAKOUT,0.26,5.389933764751693,0.0,6.013396287692659,-0.26,S2,MAKER_PROMO_OFF,97,D2-7914871e1abb9850,MUUSDT,0.0,US_STOCK:2026-05-29T20:00:00+00:00:2026-06-01T08:00:00+00:00
0.26,FALSE_BREAKOUT,0.26,5.389933764751693,0.0,6.089419767692659,-0.26,S3,MAKER_PROMO_OFF,97,D2-7914871e1abb9850,MUUSDT,0.0,US_STOCK:2026-05-29T20:00:00+00:00:2026-06-01T08:00:00+00:00
0.23,FALSE_BREAKOUT,0.23,1.3098986858739992,0.0,4.546570920393785,0.23,D2-R3,PRIMARY_ZERO_MAKER,3,D2-e91166da0fe9e2c3,MUUSDT,,US_STOCK:2026-06-05T20:00:00+00:00:2026-06-08T08:00:00+00:00
0.23,FALSE_BREAKOUT,0.23,4.975155309612737,0.0,6.234011157263154,0.23,S0,PRIMARY_ZERO_MAKER,3,D2-e91166da0fe9e2c3,MUUSDT,0.0,US_STOCK:2026-06-05T20:00:00+00:00:2026-06-08T08:00:00+00:00
0.23,FALSE_BREAKOUT,0.23,4.975155309612737,0.0,6.234011157263154,0.23,S1,PRIMARY_ZERO_MAKER,3,D2-e91166da0fe9e2c3,MUUSDT,0.0,US_STOCK:2026-06-05T20:00:00+00:00:2026-06-08T08:00:00+00:00
0.23,FALSE_BREAKOUT,0.23,4.975155309612737,0.0,6.263048772263154,0.23,S2,PRIMARY_ZERO_MAKER,3,D2-e91166da0fe9e2c3,MUUSDT,0.0,US_STOCK:2026-06-05T20:00:00+00:00:2026-06-08T08:00:00+00:00
0.23,FALSE_BREAKOUT,0.23,4.975155309612737,0.0,6.306605194763154,0.23,S3,PRIMARY_ZERO_MAKER,3,D2-e91166da0fe9e2c3,MUUSDT,0.0,US_STOCK:2026-06-05T20:00:00+00:00:2026-06-08T08:00:00+00:00
0.23,FALSE_BREAKOUT,0.23,1.3098986858739992,0.0,4.227070920393787,0.23,D2-R3,PRIMARY_ZERO_MAKER,10,D2-e91166da0fe9e2c3,MUUSDT,,US_STOCK:2026-06-05T20:00:00+00:00:2026-06-08T08:00:00+00:00
0.23,FALSE_BREAKOUT,0.23,4.975155309612737,0.0,5.914511157263156,0.23,S0,PRIMARY_ZERO_MAKER,10,D2-e91166da0fe9e2c3,MUUSDT,0.0,US_STOCK:2026-06-05T20:00:00+00:00:2026-06-08T08:00:00+00:00
0.23,FALSE_BREAKOUT,0.23,4.975155309612737,0.0,5.914511157263156,0.23,S1,PRIMARY_ZERO_MAKER,10,D2-e91166da0fe9e2c3,MUUSDT,0.0,US_STOCK:2026-06-05T20:00:00+00:00:2026-06-08T08:00:00+00:00
0.23,FALSE_BREAKOUT,0.23,4.975155309612737,0.0,5.943548772263156,0.23,S2,PRIMARY_ZERO_MAKER,10,D2-e91166da0fe9e2c3,MUUSDT,0.0,US_STOCK:2026-06-05T20:00:00+00:00:2026-06-08T08:00:00+00:00
0.23,FALSE_BREAKOUT,0.23,4.975155309612737,0.0,5.987105194763156,0.23,S3,PRIMARY_ZERO_MAKER,10,D2-e91166da0fe9e2c3,MUUSDT,0.0,US_STOCK:2026-06-05T20:00:00+00:00:2026-06-08T08:00:00+00:00
0.23,FALSE_BREAKOUT,0.23,1.3098986858739992,0.0,4.227070920393787,0.23,D2-R3,PRIMARY_ZERO_MAKER,17,D2-e91166da0fe9e2c3,MUUSDT,,US_STOCK:2026-06-05T20:00:00+00:00:2026-06-08T08:00:00+00:00
0.23,FALSE_BREAKOUT,0.23,4.975155309612737,0.0,5.914511157263156,0.23,S0,PRIMARY_ZERO_MAKER,17,D2-e91166da0fe9e2c3,MUUSDT,0.0,US_STOCK:2026-06-05T20:00:00+00:00:2026-06-08T08:00:00+00:00
0.23,FALSE_BREAKOUT,0.23,4.975155309612737,0.0,5.914511157263156,0.23,S1,PRIMARY_ZERO_MAKER,17,D2-e91166da0fe9e2c3,MUUSDT,0.0,US_STOCK:2026-06-05T20:00:00+00:00:2026-06-08T08:00:00+00:00
0.23,FALSE_BREAKOUT,0.23,4.975155309612737,0.0,5.943548772263156,0.23,S2,PRIMARY_ZERO_MAKER,17,D2-e91166da0fe9e2c3,MUUSDT,0.0,US_STOCK:2026-06-05T20:00:00+00:00:2026-06-08T08:00:00+00:00
0.23,FALSE_BREAKOUT,0.23,4.975155309612737,0.0,5.987105194763156,0.23,S3,PRIMARY_ZERO_MAKER,17,D2-e91166da0fe9e2c3,MUUSDT,0.0,US_STOCK:2026-06-05T20:00:00+00:00:2026-06-08T08:00:00+00:00
0.23,FALSE_BREAKOUT,0.23,1.3098986858739992,0.0,4.227070920393787,0.23,D2-R3,PRIMARY_ZERO_MAKER,31,D2-e91166da0fe9e2c3,MUUSDT,,US_STOCK:2026-06-05T20:00:00+00:00:2026-06-08T08:00:00+00:00
0.23,FALSE_BREAKOUT,0.23,4.975155309612737,0.0,5.914511157263156,0.23,S0,PRIMARY_ZERO_MAKER,31,D2-e91166da0fe9e2c3,MUUSDT,0.0,US_STOCK:2026-06-05T20:00:00+00:00:2026-06-08T08:00:00+00:00
0.23,FALSE_BREAKOUT,0.23,4.975155309612737,0.0,5.914511157263156,0.23,S1,PRIMARY_ZERO_MAKER,31,D2-e91166da0fe9e2c3,MUUSDT,0.0,US_STOCK:2026-06-05T20:00:00+00:00:2026-06-08T08:00:00+00:00
0.23,FALSE_BREAKOUT,0.23,4.975155309612737,0.0,5.943548772263156,0.23,S2,PRIMARY_ZERO_MAKER,31,D2-e91166da0fe9e2c3,MUUSDT,0.0,US_STOCK:2026-06-05T20:00:00+00:00:2026-06-08T08:00:00+00:00
0.23,FALSE_BREAKOUT,0.23,4.975155309612737,0.0,5.987105194763156,0.23,S3,PRIMARY_ZERO_MAKER,31,D2-e91166da0fe9e2c3,MUUSDT,0.0,US_STOCK:2026-06-05T20:00:00+00:00:2026-06-08T08:00:00+00:00
0.23,FALSE_BREAKOUT,0.23,1.3101946240149478,0.0,4.226656884849273,0.23,D2-R3,PRIMARY_ZERO_MAKER,59,D2-e91166da0fe9e2c3,MUUSDT,,US_STOCK:2026-06-05T20:00:00+00:00:2026-06-08T08:00:00+00:00
0.23,FALSE_BREAKOUT,0.23,4.976279318842715,0.0,5.914511157263156,0.23,S0,PRIMARY_ZERO_MAKER,59,D2-e91166da0fe9e2c3,MUUSDT,0.0,US_STOCK:2026-06-05T20:00:00+00:00:2026-06-08T08:00:00+00:00
0.23,FALSE_BREAKOUT,0.23,4.976279318842715,0.0,5.914511157263156,0.23,S1,PRIMARY_ZERO_MAKER,59,D2-e91166da0fe9e2c3,MUUSDT,0.0,US_STOCK:2026-06-05T20:00:00+00:00:2026-06-08T08:00:00+00:00
0.23,FALSE_BREAKOUT,0.23,4.976279318842715,0.0,5.943548772263156,0.23,S2,PRIMARY_ZERO_MAKER,59,D2-e91166da0fe9e2c3,MUUSDT,0.0,US_STOCK:2026-06-05T20:00:00+00:00:2026-06-08T08:00:00+00:00
0.23,FALSE_BREAKOUT,0.23,4.976279318842715,0.0,5.987105194763156,0.23,S3,PRIMARY_ZERO_MAKER,59,D2-e91166da0fe9e2c3,MUUSDT,0.0,US_STOCK:2026-06-05T20:00:00+00:00:2026-06-08T08:00:00+00:00
0.23,FALSE_BREAKOUT,0.23,1.3101946240149478,0.0,4.226656884849273,0.23,D2-R3,PRIMARY_ZERO_MAKER,97,D2-e91166da0fe9e2c3,MUUSDT,,US_STOCK:2026-06-05T20:00:00+00:00:2026-06-08T08:00:00+00:00
0.23,FALSE_BREAKOUT,0.23,4.976279318842715,0.0,5.914511157263156,0.23,S0,PRIMARY_ZERO_MAKER,97,D2-e91166da0fe9e2c3,MUUSDT,0.0,US_STOCK:2026-06-05T20:00:00+00:00:2026-06-08T08:00:00+00:00
0.23,FALSE_BREAKOUT,0.23,4.976279318842715,0.0,5.914511157263156,0.23,S1,PRIMARY_ZERO_MAKER,97,D2-e91166da0fe9e2c3,MUUSDT,0.0,US_STOCK:2026-06-05T20:00:00+00:00:2026-06-08T08:00:00+00:00
0.23,FALSE_BREAKOUT,0.23,4.976279318842715,0.0,5.943548772263156,0.23,S2,PRIMARY_ZERO_MAKER,97,D2-e91166da0fe9e2c3,MUUSDT,0.0,US_STOCK:2026-06-05T20:00:00+00:00:2026-06-08T08:00:00+00:00
0.23,FALSE_BREAKOUT,0.23,4.976279318842715,0.0,5.987105194763156,0.23,S3,PRIMARY_ZERO_MAKER,97,D2-e91166da0fe9e2c3,MUUSDT,0.0,US_STOCK:2026-06-05T20:00:00+00:00:2026-06-08T08:00:00+00:00
0.23,FALSE_BREAKOUT,0.23,1.3098986858739992,0.0,5.912560146719638,0.23,D2-R3,EXECUTION_STRESS,3,D2-e91166da0fe9e2c3,MUUSDT,,US_STOCK:2026-06-05T20:00:00+00:00:2026-06-08T08:00:00+00:00
0.23,FALSE_BREAKOUT,0.23,4.975155309612737,0.0,7.430614296089008,0.23,S0,EXECUTION_STRESS,3,D2-e91166da0fe9e2c3,MUUSDT,0.0,US_STOCK:2026-06-05T20:00:00+00:00:2026-06-08T08:00:00+00:00
0.23,FALSE_BREAKOUT,0.23,4.975155309612737,0.0,7.430614296089008,0.23,S1,EXECUTION_STRESS,3,D2-e91166da0fe9e2c3,MUUSDT,0.0,US_STOCK:2026-06-05T20:00:00+00:00:2026-06-08T08:00:00+00:00
0.23,FALSE_BREAKOUT,0.23,4.975155309612737,0.0,7.4935291285890075,0.23,S2,EXECUTION_STRESS,3,D2-e91166da0fe9e2c3,MUUSDT,0.0,US_STOCK:2026-06-05T20:00:00+00:00:2026-06-08T08:00:00+00:00
0.23,FALSE_BREAKOUT,0.23,4.975155309612737,0.0,7.587901377339008,0.23,S3,EXECUTION_STRESS,3,D2-e91166da0fe9e2c3,MUUSDT,0.0,US_STOCK:2026-06-05T20:00:00+00:00:2026-06-08T08:00:00+00:00
0.23,FALSE_BREAKOUT,0.23,1.3098986858739992,0.0,4.81143428805229,0.23,D2-R3,EXECUTION_STRESS,10,D2-e91166da0fe9e2c3,MUUSDT,,US_STOCK:2026-06-05T20:00:00+00:00:2026-06-08T08:00:00+00:00
0.23,FALSE_BREAKOUT,0.23,4.975155309612737,0.0,6.3294884374216585,0.23,S0,EXECUTION_STRESS,10,D2-e91166da0fe9e2c3,MUUSDT,0.0,US_STOCK:2026-06-05T20:00:00+00:00:2026-06-08T08:00:00+00:00
0.23,FALSE_BREAKOUT,0.23,4.975155309612737,0.0,6.3294884374216585,0.23,S1,EXECUTION_STRESS,10,D2-e91166da0fe9e2c3,MUUSDT,0.0,US_STOCK:2026-06-05T20:00:00+00:00:2026-06-08T08:00:00+00:00
0.23,FALSE_BREAKOUT,0.23,4.975155309612737,0.0,6.392403269921658,0.23,S2,EXECUTION_STRESS,10,D2-e91166da0fe9e2c3,MUUSDT,0.0,US_STOCK:2026-06-05T20:00:00+00:00:2026-06-08T08:00:00+00:00
0.23,FALSE_BREAKOUT,0.23,4.975155309612737,0.0,6.486775518671658,0.23,S3,EXECUTION_STRESS,10,D2-e91166da0fe9e2c3,MUUSDT,0.0,US_STOCK:2026-06-05T20:00:00+00:00:2026-06-08T08:00:00+00:00
0.23,FALSE_BREAKOUT,0.23,1.3098986858739992,0.0,5.010684155949619,0.23,D2-R3,EXECUTION_STRESS,17,D2-e91166da0fe9e2c3,MUUSDT,,US_STOCK:2026-06-05T20:00:00+00:00:2026-06-08T08:00:00+00:00
0.23,FALSE_BREAKOUT,0.23,4.975155309612737,0.0,6.5287383053189885,0.23,S0,EXECUTION_STRESS,17,D2-e91166da0fe9e2c3,MUUSDT,0.0,US_STOCK:2026-06-05T20:00:00+00:00:2026-06-08T08:00:00+00:00
0.23,FALSE_BREAKOUT,0.23,4.975155309612737,0.0,6.5287383053189885,0.23,S1,EXECUTION_STRESS,17,D2-e91166da0fe9e2c3,MUUSDT,0.0,US_STOCK:2026-06-05T20:00:00+00:00:2026-06-08T08:00:00+00:00
0.23,FALSE_BREAKOUT,0.23,4.975155309612737,0.0,6.591653137818988,0.23,S2,EXECUTION_STRESS,17,D2-e91166da0fe9e2c3,MUUSDT,0.0,US_STOCK:2026-06-05T20:00:00+00:00:2026-06-08T08:00:00+00:00
0.23,FALSE_BREAKOUT,0.23,4.975155309612737,0.0,6.686025386568988,0.23,S3,EXECUTION_STRESS,17,D2-e91166da0fe9e2c3,MUUSDT,0.0,US_STOCK:2026-06-05T20:00:00+00:00:2026-06-08T08:00:00+00:00
0.23,FALSE_BREAKOUT,0.23,1.3098986858739992,0.0,5.130934288052288,0.23,D2-R3,EXECUTION_STRESS,31,D2-e91166da0fe9e2c3,MUUSDT,,US_STOCK:2026-06-05T20:00:00+00:00:2026-06-08T08:00:00+00:00
0.23,FALSE_BREAKOUT,0.23,4.975155309612737,0.0,6.648988437421657,0.23,S0,EXECUTION_STRESS,31,D2-e91166da0fe9e2c3,MUUSDT,0.0,US_STOCK:2026-06-05T20:00:00+00:00:2026-06-08T08:00:00+00:00
0.23,FALSE_BREAKOUT,0.23,4.975155309612737,0.0,6.648988437421657,0.23,S1,EXECUTION_STRESS,31,D2-e91166da0fe9e2c3,MUUSDT,0.0,US_STOCK:2026-06-05T20:00:00+00:00:2026-06-08T08:00:00+00:00
0.23,FALSE_BREAKOUT,0.23,4.975155309612737,0.0,6.711903269921657,0.23,S2,EXECUTION_STRESS,31,D2-e91166da0fe9e2c3,MUUSDT,0.0,US_STOCK:2026-06-05T20:00:00+00:00:2026-06-08T08:00:00+00:00
0.23,FALSE_BREAKOUT,0.23,4.975155309612737,0.0,6.806275518671657,0.23,S3,EXECUTION_STRESS,31,D2-e91166da0fe9e2c3,MUUSDT,0.0,US_STOCK:2026-06-05T20:00:00+00:00:2026-06-08T08:00:00+00:00
0.23,FALSE_BREAKOUT,0.23,1.3101946240149478,0.0,4.811020252507774,0.23,D2-R3,EXECUTION_STRESS,59,D2-e91166da0fe9e2c3,MUUSDT,,US_STOCK:2026-06-05T20:00:00+00:00:2026-06-08T08:00:00+00:00
0.23,FALSE_BREAKOUT,0.23,4.976279318842715,0.0,6.329488437421658,0.23,S0,EXECUTION_STRESS,59,D2-e91166da0fe9e2c3,MUUSDT,0.0,US_STOCK:2026-06-05T20:00:00+00:00:2026-06-08T08:00:00+00:00
0.23,FALSE_BREAKOUT,0.23,4.976279318842715,0.0,6.329488437421658,0.23,S1,EXECUTION_STRESS,59,D2-e91166da0fe9e2c3,MUUSDT,0.0,US_STOCK:2026-06-05T20:00:00+00:00:2026-06-08T08:00:00+00:00
0.23,FALSE_BREAKOUT,0.23,4.976279318842715,0.0,6.392403269921657,0.23,S2,EXECUTION_STRESS,59,D2-e91166da0fe9e2c3,MUUSDT,0.0,US_STOCK:2026-06-05T20:00:00+00:00:2026-06-08T08:00:00+00:00
0.23,FALSE_BREAKOUT,0.23,4.976279318842715,0.0,6.486775518671657,0.23,S3,EXECUTION_STRESS,59,D2-e91166da0fe9e2c3,MUUSDT,0.0,US_STOCK:2026-06-05T20:00:00+00:00:2026-06-08T08:00:00+00:00
0.23,FALSE_BREAKOUT,0.23,1.3101946240149478,0.0,5.010270120405105,0.23,D2-R3,EXECUTION_STRESS,97,D2-e91166da0fe9e2c3,MUUSDT,,US_STOCK:2026-06-05T20:00:00+00:00:2026-06-08T08:00:00+00:00
0.23,FALSE_BREAKOUT,0.23,4.976279318842715,0.0,6.5287383053189885,0.23,S0,EXECUTION_STRESS,97,D2-e91166da0fe9e2c3,MUUSDT,0.0,US_STOCK:2026-06-05T20:00:00+00:00:2026-06-08T08:00:00+00:00
0.23,FALSE_BREAKOUT,0.23,4.976279318842715,0.0,6.5287383053189885,0.23,S1,EXECUTION_STRESS,97,D2-e91166da0fe9e2c3,MUUSDT,0.0,US_STOCK:2026-06-05T20:00:00+00:00:2026-06-08T08:00:00+00:00
0.23,FALSE_BREAKOUT,0.23,4.976279318842715,0.0,6.591653137818988,0.23,S2,EXECUTION_STRESS,97,D2-e91166da0fe9e2c3,MUUSDT,0.0,US_STOCK:2026-06-05T20:00:00+00:00:2026-06-08T08:00:00+00:00
0.23,FALSE_BREAKOUT,0.23,4.976279318842715,0.0,6.686025386568988,0.23,S3,EXECUTION_STRESS,97,D2-e91166da0fe9e2c3,MUUSDT,0.0,US_STOCK:2026-06-05T20:00:00+00:00:2026-06-08T08:00:00+00:00
0.23,FALSE_BREAKOUT,0.23,1.3098986858739992,0.0,4.735937883420253,0.23,D2-R3,MAKER_PROMO_OFF,3,D2-e91166da0fe9e2c3,MUUSDT,,US_STOCK:2026-06-05T20:00:00+00:00:2026-06-08T08:00:00+00:00
0.23,FALSE_BREAKOUT,0.23,4.975155309612737,0.0,6.374982095289623,0.23,S0,MAKER_PROMO_OFF,3,D2-e91166da0fe9e2c3,MUUSDT,0.0,US_STOCK:2026-06-05T20:00:00+00:00:2026-06-08T08:00:00+00:00
0.23,FALSE_BREAKOUT,0.23,4.975155309612737,0.0,6.374982095289623,0.23,S1,MAKER_PROMO_OFF,3,D2-e91166da0fe9e2c3,MUUSDT,0.0,US_STOCK:2026-06-05T20:00:00+00:00:2026-06-08T08:00:00+00:00
0.23,FALSE_BREAKOUT,0.23,4.975155309612737,0.0,6.413698915289623,0.23,S2,MAKER_PROMO_OFF,3,D2-e91166da0fe9e2c3,MUUSDT,0.0,US_STOCK:2026-06-05T20:00:00+00:00:2026-06-08T08:00:00+00:00
0.23,FALSE_BREAKOUT,0.23,4.975155309612737,0.0,6.471774145289623,0.23,S3,MAKER_PROMO_OFF,3,D2-e91166da0fe9e2c3,MUUSDT,0.0,US_STOCK:2026-06-05T20:00:00+00:00:2026-06-08T08:00:00+00:00
0.23,FALSE_BREAKOUT,0.23,1.3098986858739992,0.0,4.416437883420255,0.23,D2-R3,MAKER_PROMO_OFF,10,D2-e91166da0fe9e2c3,MUUSDT,,US_STOCK:2026-06-05T20:00:00+00:00:2026-06-08T08:00:00+00:00
0.23,FALSE_BREAKOUT,0.23,4.975155309612737,0.0,6.055482095289625,0.23,S0,MAKER_PROMO_OFF,10,D2-e91166da0fe9e2c3,MUUSDT,0.0,US_STOCK:2026-06-05T20:00:00+00:00:2026-06-08T08:00:00+00:00
0.23,FALSE_BREAKOUT,0.23,4.975155309612737,0.0,6.055482095289625,0.23,S1,MAKER_PROMO_OFF,10,D2-e91166da0fe9e2c3,MUUSDT,0.0,US_STOCK:2026-06-05T20:00:00+00:00:2026-06-08T08:00:00+00:00
0.23,FALSE_BREAKOUT,0.23,4.975155309612737,0.0,6.094198915289625,0.23,S2,MAKER_PROMO_OFF,10,D2-e91166da0fe9e2c3,MUUSDT,0.0,US_STOCK:2026-06-05T20:00:00+00:00:2026-06-08T08:00:00+00:00
0.23,FALSE_BREAKOUT,0.23,4.975155309612737,0.0,6.152274145289625,0.23,S3,MAKER_PROMO_OFF,10,D2-e91166da0fe9e2c3,MUUSDT,0.0,US_STOCK:2026-06-05T20:00:00+00:00:2026-06-08T08:00:00+00:00
0.23,FALSE_BREAKOUT,0.23,1.3098986858739992,0.0,4.416437883420255,0.23,D2-R3,MAKER_PROMO_OFF,17,D2-e91166da0fe9e2c3,MUUSDT,,US_STOCK:2026-06-05T20:00:00+00:00:2026-06-08T08:00:00+00:00
0.23,FALSE_BREAKOUT,0.23,4.975155309612737,0.0,6.055482095289625,0.23,S0,MAKER_PROMO_OFF,17,D2-e91166da0fe9e2c3,MUUSDT,0.0,US_STOCK:2026-06-05T20:00:00+00:00:2026-06-08T08:00:00+00:00
0.23,FALSE_BREAKOUT,0.23,4.975155309612737,0.0,6.055482095289625,0.23,S1,MAKER_PROMO_OFF,17,D2-e91166da0fe9e2c3,MUUSDT,0.0,US_STOCK:2026-06-05T20:00:00+00:00:2026-06-08T08:00:00+00:00
0.23,FALSE_BREAKOUT,0.23,4.975155309612737,0.0,6.094198915289625,0.23,S2,MAKER_PROMO_OFF,17,D2-e91166da0fe9e2c3,MUUSDT,0.0,US_STOCK:2026-06-05T20:00:00+00:00:2026-06-08T08:00:00+00:00
0.23,FALSE_BREAKOUT,0.23,4.975155309612737,0.0,6.152274145289625,0.23,S3,MAKER_PROMO_OFF,17,D2-e91166da0fe9e2c3,MUUSDT,0.0,US_STOCK:2026-06-05T20:00:00+00:00:2026-06-08T08:00:00+00:00
0.23,FALSE_BREAKOUT,0.23,1.3098986858739992,0.0,4.416437883420255,0.23,D2-R3,MAKER_PROMO_OFF,31,D2-e91166da0fe9e2c3,MUUSDT,,US_STOCK:2026-06-05T20:00:00+00:00:2026-06-08T08:00:00+00:00
0.23,FALSE_BREAKOUT,0.23,4.975155309612737,0.0,6.055482095289625,0.23,S0,MAKER_PROMO_OFF,31,D2-e91166da0fe9e2c3,MUUSDT,0.0,US_STOCK:2026-06-05T20:00:00+00:00:2026-06-08T08:00:00+00:00
0.23,FALSE_BREAKOUT,0.23,4.975155309612737,0.0,6.055482095289625,0.23,S1,MAKER_PROMO_OFF,31,D2-e91166da0fe9e2c3,MUUSDT,0.0,US_STOCK:2026-06-05T20:00:00+00:00:2026-06-08T08:00:00+00:00
0.23,FALSE_BREAKOUT,0.23,4.975155309612737,0.0,6.094198915289625,0.23,S2,MAKER_PROMO_OFF,31,D2-e91166da0fe9e2c3,MUUSDT,0.0,US_STOCK:2026-06-05T20:00:00+00:00:2026-06-08T08:00:00+00:00
0.23,FALSE_BREAKOUT,0.23,4.975155309612737,0.0,6.152274145289625,0.23,S3,MAKER_PROMO_OFF,31,D2-e91166da0fe9e2c3,MUUSDT,0.0,US_STOCK:2026-06-05T20:00:00+00:00:2026-06-08T08:00:00+00:00
0.23,FALSE_BREAKOUT,0.23,1.3101946240149478,0.0,4.416023847875739,0.23,D2-R3,MAKER_PROMO_OFF,59,D2-e91166da0fe9e2c3,MUUSDT,,US_STOCK:2026-06-05T20:00:00+00:00:2026-06-08T08:00:00+00:00
0.23,FALSE_BREAKOUT,0.23,4.976279318842715,0.0,6.055482095289623,0.23,S0,MAKER_PROMO_OFF,59,D2-e91166da0fe9e2c3,MUUSDT,0.0,US_STOCK:2026-06-05T20:00:00+00:00:2026-06-08T08:00:00+00:00
0.23,FALSE_BREAKOUT,0.23,4.976279318842715,0.0,6.055482095289623,0.23,S1,MAKER_PROMO_OFF,59,D2-e91166da0fe9e2c3,MUUSDT,0.0,US_STOCK:2026-06-05T20:00:00+00:00:2026-06-08T08:00:00+00:00
0.23,FALSE_BREAKOUT,0.23,4.976279318842715,0.0,6.094198915289623,0.23,S2,MAKER_PROMO_OFF,59,D2-e91166da0fe9e2c3,MUUSDT,0.0,US_STOCK:2026-06-05T20:00:00+00:00:2026-06-08T08:00:00+00:00
0.23,FALSE_BREAKOUT,0.23,4.976279318842715,0.0,6.152274145289623,0.23,S3,MAKER_PROMO_OFF,59,D2-e91166da0fe9e2c3,MUUSDT,0.0,US_STOCK:2026-06-05T20:00:00+00:00:2026-06-08T08:00:00+00:00
0.23,FALSE_BREAKOUT,0.23,1.3101946240149478,0.0,4.41602384787574,0.23,D2-R3,MAKER_PROMO_OFF,97,D2-e91166da0fe9e2c3,MUUSDT,,US_STOCK:2026-06-05T20:00:00+00:00:2026-06-08T08:00:00+00:00
0.23,FALSE_BREAKOUT,0.23,4.976279318842715,0.0,6.055482095289624,0.23,S0,MAKER_PROMO_OFF,97,D2-e91166da0fe9e2c3,MUUSDT,0.0,US_STOCK:2026-06-05T20:00:00+00:00:2026-06-08T08:00:00+00:00
0.23,FALSE_BREAKOUT,0.23,4.976279318842715,0.0,6.055482095289624,0.23,S1,MAKER_PROMO_OFF,97,D2-e91166da0fe9e2c3,MUUSDT,0.0,US_STOCK:2026-06-05T20:00:00+00:00:2026-06-08T08:00:00+00:00
0.23,FALSE_BREAKOUT,0.23,4.976279318842715,0.0,6.094198915289624,0.23,S2,MAKER_PROMO_OFF,97,D2-e91166da0fe9e2c3,MUUSDT,0.0,US_STOCK:2026-06-05T20:00:00+00:00:2026-06-08T08:00:00+00:00
0.23,FALSE_BREAKOUT,0.23,4.976279318842715,0.0,6.152274145289624,0.23,S3,MAKER_PROMO_OFF,97,D2-e91166da0fe9e2c3,MUUSDT,0.0,US_STOCK:2026-06-05T20:00:00+00:00:2026-06-08T08:00:00+00:00
0.16999999999999998,FALSE_BREAKOUT,0.16999999999999998,0.9724396316845363,0.0,3.7273387958150717,0.16999999999999998,D2-R3,PRIMARY_ZERO_MAKER,3,D2-aabb8c8c40d9a340,MUUSDT,,US_STOCK:2026-06-18T20:00:00+00:00:2026-06-22T08:00:00+00:00
0.16999999999999998,FALSE_BREAKOUT,0.16999999999999998,4.862198158422682,0.0,5.530387059184145,0.16999999999999998,S0,PRIMARY_ZERO_MAKER,3,D2-aabb8c8c40d9a340,MUUSDT,0.0,US_STOCK:2026-06-18T20:00:00+00:00:2026-06-22T08:00:00+00:00
0.16999999999999998,FALSE_BREAKOUT,0.16999999999999998,4.862198158422682,0.0,5.530387059184145,0.16999999999999998,S1,PRIMARY_ZERO_MAKER,3,D2-aabb8c8c40d9a340,MUUSDT,0.0,US_STOCK:2026-06-18T20:00:00+00:00:2026-06-22T08:00:00+00:00
0.16999999999999998,FALSE_BREAKOUT,0.16999999999999998,4.862198158422682,0.0,5.558753259184145,0.16999999999999998,S2,PRIMARY_ZERO_MAKER,3,D2-aabb8c8c40d9a340,MUUSDT,0.0,US_STOCK:2026-06-18T20:00:00+00:00:2026-06-22T08:00:00+00:00
0.16999999999999998,FALSE_BREAKOUT,0.16999999999999998,4.862198158422682,0.0,5.601302559184145,0.16999999999999998,S3,PRIMARY_ZERO_MAKER,3,D2-aabb8c8c40d9a340,MUUSDT,0.0,US_STOCK:2026-06-18T20:00:00+00:00:2026-06-22T08:00:00+00:00
0.16999999999999998,FALSE_BREAKOUT,0.16999999999999998,0.9724396316845363,0.0,3.7273387958150717,0.16999999999999998,D2-R3,PRIMARY_ZERO_MAKER,10,D2-aabb8c8c40d9a340,MUUSDT,,US_STOCK:2026-06-18T20:00:00+00:00:2026-06-22T08:00:00+00:00
0.16999999999999998,FALSE_BREAKOUT,0.16999999999999998,4.862198158422682,0.0,5.530387059184145,0.16999999999999998,S0,PRIMARY_ZERO_MAKER,10,D2-aabb8c8c40d9a340,MUUSDT,0.0,US_STOCK:2026-06-18T20:00:00+00:00:2026-06-22T08:00:00+00:00
0.16999999999999998,FALSE_BREAKOUT,0.16999999999999998,4.862198158422682,0.0,5.530387059184145,0.16999999999999998,S1,PRIMARY_ZERO_MAKER,10,D2-aabb8c8c40d9a340,MUUSDT,0.0,US_STOCK:2026-06-18T20:00:00+00:00:2026-06-22T08:00:00+00:00
0.16999999999999998,FALSE_BREAKOUT,0.16999999999999998,4.862198158422682,0.0,5.558753259184145,0.16999999999999998,S2,PRIMARY_ZERO_MAKER,10,D2-aabb8c8c40d9a340,MUUSDT,0.0,US_STOCK:2026-06-18T20:00:00+00:00:2026-06-22T08:00:00+00:00
0.16999999999999998,FALSE_BREAKOUT,0.16999999999999998,4.862198158422682,0.0,5.601302559184145,0.16999999999999998,S3,PRIMARY_ZERO_MAKER,10,D2-aabb8c8c40d9a340,MUUSDT,0.0,US_STOCK:2026-06-18T20:00:00+00:00:2026-06-22T08:00:00+00:00
0.16999999999999998,FALSE_BREAKOUT,0.16999999999999998,0.9724396316845363,0.0,3.7273387958150717,0.16999999999999998,D2-R3,PRIMARY_ZERO_MAKER,17,D2-aabb8c8c40d9a340,MUUSDT,,US_STOCK:2026-06-18T20:00:00+00:00:2026-06-22T08:00:00+00:00
0.16999999999999998,FALSE_BREAKOUT,0.16999999999999998,4.862198158422682,0.0,5.530387059184145,0.16999999999999998,S0,PRIMARY_ZERO_MAKER,17,D2-aabb8c8c40d9a340,MUUSDT,0.0,US_STOCK:2026-06-18T20:00:00+00:00:2026-06-22T08:00:00+00:00
0.16999999999999998,FALSE_BREAKOUT,0.16999999999999998,4.862198158422682,0.0,5.530387059184145,0.16999999999999998,S1,PRIMARY_ZERO_MAKER,17,D2-aabb8c8c40d9a340,MUUSDT,0.0,US_STOCK:2026-06-18T20:00:00+00:00:2026-06-22T08:00:00+00:00
0.16999999999999998,FALSE_BREAKOUT,0.16999999999999998,4.862198158422682,0.0,5.558753259184145,0.16999999999999998,S2,PRIMARY_ZERO_MAKER,17,D2-aabb8c8c40d9a340,MUUSDT,0.0,US_STOCK:2026-06-18T20:00:00+00:00:2026-06-22T08:00:00+00:00
0.16999999999999998,FALSE_BREAKOUT,0.16999999999999998,4.862198158422682,0.0,5.601302559184145,0.16999999999999998,S3,PRIMARY_ZERO_MAKER,17,D2-aabb8c8c40d9a340,MUUSDT,0.0,US_STOCK:2026-06-18T20:00:00+00:00:2026-06-22T08:00:00+00:00
0.16999999999999998,FALSE_BREAKOUT,0.16999999999999998,0.9724396316845363,0.0,3.7273387958150717,0.16999999999999998,D2-R3,PRIMARY_ZERO_MAKER,31,D2-aabb8c8c40d9a340,MUUSDT,,US_STOCK:2026-06-18T20:00:00+00:00:2026-06-22T08:00:00+00:00
0.16999999999999998,FALSE_BREAKOUT,0.16999999999999998,4.862198158422682,0.0,5.530387059184145,0.16999999999999998,S0,PRIMARY_ZERO_MAKER,31,D2-aabb8c8c40d9a340,MUUSDT,0.0,US_STOCK:2026-06-18T20:00:00+00:00:2026-06-22T08:00:00+00:00
0.16999999999999998,FALSE_BREAKOUT,0.16999999999999998,4.862198158422682,0.0,5.530387059184145,0.16999999999999998,S1,PRIMARY_ZERO_MAKER,31,D2-aabb8c8c40d9a340,MUUSDT,0.0,US_STOCK:2026-06-18T20:00:00+00:00:2026-06-22T08:00:00+00:00
0.16999999999999998,FALSE_BREAKOUT,0.16999999999999998,4.862198158422682,0.0,5.558753259184145,0.16999999999999998,S2,PRIMARY_ZERO_MAKER,31,D2-aabb8c8c40d9a340,MUUSDT,0.0,US_STOCK:2026-06-18T20:00:00+00:00:2026-06-22T08:00:00+00:00
0.16999999999999998,FALSE_BREAKOUT,0.16999999999999998,4.862198158422682,0.0,5.601302559184145,0.16999999999999998,S3,PRIMARY_ZERO_MAKER,31,D2-aabb8c8c40d9a340,MUUSDT,0.0,US_STOCK:2026-06-18T20:00:00+00:00:2026-06-22T08:00:00+00:00
0.16999999999999998,FALSE_BREAKOUT,0.16999999999999998,0.9724396316845363,0.0,3.7273387958150717,0.16999999999999998,D2-R3,PRIMARY_ZERO_MAKER,59,D2-aabb8c8c40d9a340,MUUSDT,,US_STOCK:2026-06-18T20:00:00+00:00:2026-06-22T08:00:00+00:00
0.16999999999999998,FALSE_BREAKOUT,0.16999999999999998,4.862198158422682,0.0,5.530387059184145,0.16999999999999998,S0,PRIMARY_ZERO_MAKER,59,D2-aabb8c8c40d9a340,MUUSDT,0.0,US_STOCK:2026-06-18T20:00:00+00:00:2026-06-22T08:00:00+00:00
0.16999999999999998,FALSE_BREAKOUT,0.16999999999999998,4.862198158422682,0.0,5.530387059184145,0.16999999999999998,S1,PRIMARY_ZERO_MAKER,59,D2-aabb8c8c40d9a340,MUUSDT,0.0,US_STOCK:2026-06-18T20:00:00+00:00:2026-06-22T08:00:00+00:00
0.16999999999999998,FALSE_BREAKOUT,0.16999999999999998,4.862198158422682,0.0,5.558753259184145,0.16999999999999998,S2,PRIMARY_ZERO_MAKER,59,D2-aabb8c8c40d9a340,MUUSDT,0.0,US_STOCK:2026-06-18T20:00:00+00:00:2026-06-22T08:00:00+00:00
0.16999999999999998,FALSE_BREAKOUT,0.16999999999999998,4.862198158422682,0.0,5.601302559184145,0.16999999999999998,S3,PRIMARY_ZERO_MAKER,59,D2-aabb8c8c40d9a340,MUUSDT,0.0,US_STOCK:2026-06-18T20:00:00+00:00:2026-06-22T08:00:00+00:00
0.16999999999999998,FALSE_BREAKOUT,0.16999999999999998,0.9724396316845363,0.0,3.7273387958150717,0.16999999999999998,D2-R3,PRIMARY_ZERO_MAKER,97,D2-aabb8c8c40d9a340,MUUSDT,,US_STOCK:2026-06-18T20:00:00+00:00:2026-06-22T08:00:00+00:00
0.16999999999999998,FALSE_BREAKOUT,0.16999999999999998,4.862198158422682,0.0,5.530387059184145,0.16999999999999998,S0,PRIMARY_ZERO_MAKER,97,D2-aabb8c8c40d9a340,MUUSDT,0.0,US_STOCK:2026-06-18T20:00:00+00:00:2026-06-22T08:00:00+00:00
0.16999999999999998,FALSE_BREAKOUT,0.16999999999999998,4.862198158422682,0.0,5.530387059184145,0.16999999999999998,S1,PRIMARY_ZERO_MAKER,97,D2-aabb8c8c40d9a340,MUUSDT,0.0,US_STOCK:2026-06-18T20:00:00+00:00:2026-06-22T08:00:00+00:00
0.16999999999999998,FALSE_BREAKOUT,0.16999999999999998,4.862198158422682,0.0,5.558753259184145,0.16999999999999998,S2,PRIMARY_ZERO_MAKER,97,D2-aabb8c8c40d9a340,MUUSDT,0.0,US_STOCK:2026-06-18T20:00:00+00:00:2026-06-22T08:00:00+00:00
0.16999999999999998,FALSE_BREAKOUT,0.16999999999999998,4.862198158422682,0.0,5.601302559184145,0.16999999999999998,S3,PRIMARY_ZERO_MAKER,97,D2-aabb8c8c40d9a340,MUUSDT,0.0,US_STOCK:2026-06-18T20:00:00+00:00:2026-06-22T08:00:00+00:00
0.16999999999999998,FALSE_BREAKOUT,0.16999999999999998,0.9724396316845363,0.0,4.302343268535278,0.16999999999999998,D2-R3,EXECUTION_STRESS,3,D2-aabb8c8c40d9a340,MUUSDT,,US_STOCK:2026-06-18T20:00:00+00:00:2026-06-22T08:00:00+00:00
0.16999999999999998,FALSE_BREAKOUT,0.16999999999999998,4.862198158422682,0.0,5.939922031904351,0.16999999999999998,S0,EXECUTION_STRESS,3,D2-aabb8c8c40d9a340,MUUSDT,0.0,US_STOCK:2026-06-18T20:00:00+00:00:2026-06-22T08:00:00+00:00
0.16999999999999998,FALSE_BREAKOUT,0.16999999999999998,4.862198158422682,0.0,5.939922031904351,0.16999999999999998,S1,EXECUTION_STRESS,3,D2-aabb8c8c40d9a340,MUUSDT,0.0,US_STOCK:2026-06-18T20:00:00+00:00:2026-06-22T08:00:00+00:00
0.16999999999999998,FALSE_BREAKOUT,0.16999999999999998,4.862198158422682,0.0,6.001382131904352,0.16999999999999998,S2,EXECUTION_STRESS,3,D2-aabb8c8c40d9a340,MUUSDT,0.0,US_STOCK:2026-06-18T20:00:00+00:00:2026-06-22T08:00:00+00:00
0.16999999999999998,FALSE_BREAKOUT,0.16999999999999998,4.862198158422682,0.0,6.093572281904351,0.16999999999999998,S3,EXECUTION_STRESS,3,D2-aabb8c8c40d9a340,MUUSDT,0.0,US_STOCK:2026-06-18T20:00:00+00:00:2026-06-22T08:00:00+00:00
0.16999999999999998,FALSE_BREAKOUT,0.16999999999999998,0.9724396316845363,0.0,4.302343268535278,0.16999999999999998,D2-R3,EXECUTION_STRESS,10,D2-aabb8c8c40d9a340,MUUSDT,,US_STOCK:2026-06-18T20:00:00+00:00:2026-06-22T08:00:00+00:00
0.16999999999999998,FALSE_BREAKOUT,0.16999999999999998,4.862198158422682,0.0,5.939922031904351,0.16999999999999998,S0,EXECUTION_STRESS,10,D2-aabb8c8c40d9a340,MUUSDT,0.0,US_STOCK:2026-06-18T20:00:00+00:00:2026-06-22T08:00:00+00:00
0.16999999999999998,FALSE_BREAKOUT,0.16999999999999998,4.862198158422682,0.0,5.939922031904351,0.16999999999999998,S1,EXECUTION_STRESS,10,D2-aabb8c8c40d9a340,MUUSDT,0.0,US_STOCK:2026-06-18T20:00:00+00:00:2026-06-22T08:00:00+00:00
0.16999999999999998,FALSE_BREAKOUT,0.16999999999999998,4.862198158422682,0.0,6.001382131904352,0.16999999999999998,S2,EXECUTION_STRESS,10,D2-aabb8c8c40d9a340,MUUSDT,0.0,US_STOCK:2026-06-18T20:00:00+00:00:2026-06-22T08:00:00+00:00
0.16999999999999998,FALSE_BREAKOUT,0.16999999999999998,4.862198158422682,0.0,6.093572281904351,0.16999999999999998,S3,EXECUTION_STRESS,10,D2-aabb8c8c40d9a340,MUUSDT,0.0,US_STOCK:2026-06-18T20:00:00+00:00:2026-06-22T08:00:00+00:00
0.16999999999999998,FALSE_BREAKOUT,0.16999999999999998,0.9724396316845363,0.0,4.302343268535278,0.16999999999999998,D2-R3,EXECUTION_STRESS,17,D2-aabb8c8c40d9a340,MUUSDT,,US_STOCK:2026-06-18T20:00:00+00:00:2026-06-22T08:00:00+00:00
0.16999999999999998,FALSE_BREAKOUT,0.16999999999999998,4.862198158422682,0.0,5.939922031904351,0.16999999999999998,S0,EXECUTION_STRESS,17,D2-aabb8c8c40d9a340,MUUSDT,0.0,US_STOCK:2026-06-18T20:00:00+00:00:2026-06-22T08:00:00+00:00
0.16999999999999998,FALSE_BREAKOUT,0.16999999999999998,4.862198158422682,0.0,5.939922031904351,0.16999999999999998,S1,EXECUTION_STRESS,17,D2-aabb8c8c40d9a340,MUUSDT,0.0,US_STOCK:2026-06-18T20:00:00+00:00:2026-06-22T08:00:00+00:00
0.16999999999999998,FALSE_BREAKOUT,0.16999999999999998,4.862198158422682,0.0,6.001382131904352,0.16999999999999998,S2,EXECUTION_STRESS,17,D2-aabb8c8c40d9a340,MUUSDT,0.0,US_STOCK:2026-06-18T20:00:00+00:00:2026-06-22T08:00:00+00:00
0.16999999999999998,FALSE_BREAKOUT,0.16999999999999998,4.862198158422682,0.0,6.093572281904351,0.16999999999999998,S3,EXECUTION_STRESS,17,D2-aabb8c8c40d9a340,MUUSDT,0.0,US_STOCK:2026-06-18T20:00:00+00:00:2026-06-22T08:00:00+00:00
0.16999999999999998,FALSE_BREAKOUT,0.16999999999999998,0.9724396316845363,0.0,4.302343268535278,0.16999999999999998,D2-R3,EXECUTION_STRESS,31,D2-aabb8c8c40d9a340,MUUSDT,,US_STOCK:2026-06-18T20:00:00+00:00:2026-06-22T08:00:00+00:00
0.16999999999999998,FALSE_BREAKOUT,0.16999999999999998,4.862198158422682,0.0,5.939922031904351,0.16999999999999998,S0,EXECUTION_STRESS,31,D2-aabb8c8c40d9a340,MUUSDT,0.0,US_STOCK:2026-06-18T20:00:00+00:00:2026-06-22T08:00:00+00:00
0.16999999999999998,FALSE_BREAKOUT,0.16999999999999998,4.862198158422682,0.0,5.939922031904351,0.16999999999999998,S1,EXECUTION_STRESS,31,D2-aabb8c8c40d9a340,MUUSDT,0.0,US_STOCK:2026-06-18T20:00:00+00:00:2026-06-22T08:00:00+00:00
0.16999999999999998,FALSE_BREAKOUT,0.16999999999999998,4.862198158422682,0.0,6.001382131904352,0.16999999999999998,S2,EXECUTION_STRESS,31,D2-aabb8c8c40d9a340,MUUSDT,0.0,US_STOCK:2026-06-18T20:00:00+00:00:2026-06-22T08:00:00+00:00
0.16999999999999998,FALSE_BREAKOUT,0.16999999999999998,4.862198158422682,0.0,6.093572281904351,0.16999999999999998,S3,EXECUTION_STRESS,31,D2-aabb8c8c40d9a340,MUUSDT,0.0,US_STOCK:2026-06-18T20:00:00+00:00:2026-06-22T08:00:00+00:00
0.16999999999999998,FALSE_BREAKOUT,0.16999999999999998,0.9724396316845363,0.0,4.302343268535278,0.16999999999999998,D2-R3,EXECUTION_STRESS,59,D2-aabb8c8c40d9a340,MUUSDT,,US_STOCK:2026-06-18T20:00:00+00:00:2026-06-22T08:00:00+00:00
0.16999999999999998,FALSE_BREAKOUT,0.16999999999999998,4.862198158422682,0.0,5.939922031904351,0.16999999999999998,S0,EXECUTION_STRESS,59,D2-aabb8c8c40d9a340,MUUSDT,0.0,US_STOCK:2026-06-18T20:00:00+00:00:2026-06-22T08:00:00+00:00
0.16999999999999998,FALSE_BREAKOUT,0.16999999999999998,4.862198158422682,0.0,5.939922031904351,0.16999999999999998,S1,EXECUTION_STRESS,59,D2-aabb8c8c40d9a340,MUUSDT,0.0,US_STOCK:2026-06-18T20:00:00+00:00:2026-06-22T08:00:00+00:00
0.16999999999999998,FALSE_BREAKOUT,0.16999999999999998,4.862198158422682,0.0,6.001382131904352,0.16999999999999998,S2,EXECUTION_STRESS,59,D2-aabb8c8c40d9a340,MUUSDT,0.0,US_STOCK:2026-06-18T20:00:00+00:00:2026-06-22T08:00:00+00:00
0.16999999999999998,FALSE_BREAKOUT,0.16999999999999998,4.862198158422682,0.0,6.093572281904351,0.16999999999999998,S3,EXECUTION_STRESS,59,D2-aabb8c8c40d9a340,MUUSDT,0.0,US_STOCK:2026-06-18T20:00:00+00:00:2026-06-22T08:00:00+00:00
0.16999999999999998,FALSE_BREAKOUT,0.16999999999999998,0.9724396316845363,0.0,4.302343268535278,0.16999999999999998,D2-R3,EXECUTION_STRESS,97,D2-aabb8c8c40d9a340,MUUSDT,,US_STOCK:2026-06-18T20:00:00+00:00:2026-06-22T08:00:00+00:00
0.16999999999999998,FALSE_BREAKOUT,0.16999999999999998,4.862198158422682,0.0,5.939922031904351,0.16999999999999998,S0,EXECUTION_STRESS,97,D2-aabb8c8c40d9a340,MUUSDT,0.0,US_STOCK:2026-06-18T20:00:00+00:00:2026-06-22T08:00:00+00:00
0.16999999999999998,FALSE_BREAKOUT,0.16999999999999998,4.862198158422682,0.0,5.939922031904351,0.16999999999999998,S1,EXECUTION_STRESS,97,D2-aabb8c8c40d9a340,MUUSDT,0.0,US_STOCK:2026-06-18T20:00:00+00:00:2026-06-22T08:00:00+00:00
0.16999999999999998,FALSE_BREAKOUT,0.16999999999999998,4.862198158422682,0.0,6.001382131904352,0.16999999999999998,S2,EXECUTION_STRESS,97,D2-aabb8c8c40d9a340,MUUSDT,0.0,US_STOCK:2026-06-18T20:00:00+00:00:2026-06-22T08:00:00+00:00
0.16999999999999998,FALSE_BREAKOUT,0.16999999999999998,4.862198158422682,0.0,6.093572281904351,0.16999999999999998,S3,EXECUTION_STRESS,97,D2-aabb8c8c40d9a340,MUUSDT,0.0,US_STOCK:2026-06-18T20:00:00+00:00:2026-06-22T08:00:00+00:00
0.16999999999999998,FALSE_BREAKOUT,0.16999999999999998,0.9724396316845363,0.0,3.891659245735377,0.16999999999999998,D2-R3,MAKER_PROMO_OFF,3,D2-aabb8c8c40d9a340,MUUSDT,,US_STOCK:2026-06-18T20:00:00+00:00:2026-06-22T08:00:00+00:00
0.16999999999999998,FALSE_BREAKOUT,0.16999999999999998,4.862198158422682,0.0,5.64743050910445,0.16999999999999998,S0,MAKER_PROMO_OFF,3,D2-aabb8c8c40d9a340,MUUSDT,0.0,US_STOCK:2026-06-18T20:00:00+00:00:2026-06-22T08:00:00+00:00
0.16999999999999998,FALSE_BREAKOUT,0.16999999999999998,4.862198158422682,0.0,5.64743050910445,0.16999999999999998,S1,MAKER_PROMO_OFF,3,D2-aabb8c8c40d9a340,MUUSDT,0.0,US_STOCK:2026-06-18T20:00:00+00:00:2026-06-22T08:00:00+00:00
0.16999999999999998,FALSE_BREAKOUT,0.16999999999999998,4.862198158422682,0.0,5.68525210910445,0.16999999999999998,S2,MAKER_PROMO_OFF,3,D2-aabb8c8c40d9a340,MUUSDT,0.0,US_STOCK:2026-06-18T20:00:00+00:00:2026-06-22T08:00:00+00:00
0.16999999999999998,FALSE_BREAKOUT,0.16999999999999998,4.862198158422682,0.0,5.74198450910445,0.16999999999999998,S3,MAKER_PROMO_OFF,3,D2-aabb8c8c40d9a340,MUUSDT,0.0,US_STOCK:2026-06-18T20:00:00+00:00:2026-06-22T08:00:00+00:00
0.16999999999999998,FALSE_BREAKOUT,0.16999999999999998,0.9724396316845363,0.0,3.891659245735377,0.16999999999999998,D2-R3,MAKER_PROMO_OFF,10,D2-aabb8c8c40d9a340,MUUSDT,,US_STOCK:2026-06-18T20:00:00+00:00:2026-06-22T08:00:00+00:00
0.16999999999999998,FALSE_BREAKOUT,0.16999999999999998,4.862198158422682,0.0,5.64743050910445,0.16999999999999998,S0,MAKER_PROMO_OFF,10,D2-aabb8c8c40d9a340,MUUSDT,0.0,US_STOCK:2026-06-18T20:00:00+00:00:2026-06-22T08:00:00+00:00
0.16999999999999998,FALSE_BREAKOUT,0.16999999999999998,4.862198158422682,0.0,5.64743050910445,0.16999999999999998,S1,MAKER_PROMO_OFF,10,D2-aabb8c8c40d9a340,MUUSDT,0.0,US_STOCK:2026-06-18T20:00:00+00:00:2026-06-22T08:00:00+00:00
0.16999999999999998,FALSE_BREAKOUT,0.16999999999999998,4.862198158422682,0.0,5.68525210910445,0.16999999999999998,S2,MAKER_PROMO_OFF,10,D2-aabb8c8c40d9a340,MUUSDT,0.0,US_STOCK:2026-06-18T20:00:00+00:00:2026-06-22T08:00:00+00:00
0.16999999999999998,FALSE_BREAKOUT,0.16999999999999998,4.862198158422682,0.0,5.74198450910445,0.16999999999999998,S3,MAKER_PROMO_OFF,10,D2-aabb8c8c40d9a340,MUUSDT,0.0,US_STOCK:2026-06-18T20:00:00+00:00:2026-06-22T08:00:00+00:00
0.16999999999999998,FALSE_BREAKOUT,0.16999999999999998,0.9724396316845363,0.0,3.891659245735377,0.16999999999999998,D2-R3,MAKER_PROMO_OFF,17,D2-aabb8c8c40d9a340,MUUSDT,,US_STOCK:2026-06-18T20:00:00+00:00:2026-06-22T08:00:00+00:00
0.16999999999999998,FALSE_BREAKOUT,0.16999999999999998,4.862198158422682,0.0,5.64743050910445,0.16999999999999998,S0,MAKER_PROMO_OFF,17,D2-aabb8c8c40d9a340,MUUSDT,0.0,US_STOCK:2026-06-18T20:00:00+00:00:2026-06-22T08:00:00+00:00
0.16999999999999998,FALSE_BREAKOUT,0.16999999999999998,4.862198158422682,0.0,5.64743050910445,0.16999999999999998,S1,MAKER_PROMO_OFF,17,D2-aabb8c8c40d9a340,MUUSDT,0.0,US_STOCK:2026-06-18T20:00:00+00:00:2026-06-22T08:00:00+00:00
0.16999999999999998,FALSE_BREAKOUT,0.16999999999999998,4.862198158422682,0.0,5.68525210910445,0.16999999999999998,S2,MAKER_PROMO_OFF,17,D2-aabb8c8c40d9a340,MUUSDT,0.0,US_STOCK:2026-06-18T20:00:00+00:00:2026-06-22T08:00:00+00:00
0.16999999999999998,FALSE_BREAKOUT,0.16999999999999998,4.862198158422682,0.0,5.74198450910445,0.16999999999999998,S3,MAKER_PROMO_OFF,17,D2-aabb8c8c40d9a340,MUUSDT,0.0,US_STOCK:2026-06-18T20:00:00+00:00:2026-06-22T08:00:00+00:00
0.16999999999999998,FALSE_BREAKOUT,0.16999999999999998,0.9724396316845363,0.0,3.891659245735377,0.16999999999999998,D2-R3,MAKER_PROMO_OFF,31,D2-aabb8c8c40d9a340,MUUSDT,,US_STOCK:2026-06-18T20:00:00+00:00:2026-06-22T08:00:00+00:00
0.16999999999999998,FALSE_BREAKOUT,0.16999999999999998,4.862198158422682,0.0,5.64743050910445,0.16999999999999998,S0,MAKER_PROMO_OFF,31,D2-aabb8c8c40d9a340,MUUSDT,0.0,US_STOCK:2026-06-18T20:00:00+00:00:2026-06-22T08:00:00+00:00
0.16999999999999998,FALSE_BREAKOUT,0.16999999999999998,4.862198158422682,0.0,5.64743050910445,0.16999999999999998,S1,MAKER_PROMO_OFF,31,D2-aabb8c8c40d9a340,MUUSDT,0.0,US_STOCK:2026-06-18T20:00:00+00:00:2026-06-22T08:00:00+00:00
0.16999999999999998,FALSE_BREAKOUT,0.16999999999999998,4.862198158422682,0.0,5.68525210910445,0.16999999999999998,S2,MAKER_PROMO_OFF,31,D2-aabb8c8c40d9a340,MUUSDT,0.0,US_STOCK:2026-06-18T20:00:00+00:00:2026-06-22T08:00:00+00:00
0.16999999999999998,FALSE_BREAKOUT,0.16999999999999998,4.862198158422682,0.0,5.74198450910445,0.16999999999999998,S3,MAKER_PROMO_OFF,31,D2-aabb8c8c40d9a340,MUUSDT,0.0,US_STOCK:2026-06-18T20:00:00+00:00:2026-06-22T08:00:00+00:00
0.16999999999999998,FALSE_BREAKOUT,0.16999999999999998,0.9724396316845363,0.0,3.891659245735377,0.16999999999999998,D2-R3,MAKER_PROMO_OFF,59,D2-aabb8c8c40d9a340,MUUSDT,,US_STOCK:2026-06-18T20:00:00+00:00:2026-06-22T08:00:00+00:00
0.16999999999999998,FALSE_BREAKOUT,0.16999999999999998,4.862198158422682,0.0,5.64743050910445,0.16999999999999998,S0,MAKER_PROMO_OFF,59,D2-aabb8c8c40d9a340,MUUSDT,0.0,US_STOCK:2026-06-18T20:00:00+00:00:2026-06-22T08:00:00+00:00
0.16999999999999998,FALSE_BREAKOUT,0.16999999999999998,4.862198158422682,0.0,5.64743050910445,0.16999999999999998,S1,MAKER_PROMO_OFF,59,D2-aabb8c8c40d9a340,MUUSDT,0.0,US_STOCK:2026-06-18T20:00:00+00:00:2026-06-22T08:00:00+00:00
0.16999999999999998,FALSE_BREAKOUT,0.16999999999999998,4.862198158422682,0.0,5.68525210910445,0.16999999999999998,S2,MAKER_PROMO_OFF,59,D2-aabb8c8c40d9a340,MUUSDT,0.0,US_STOCK:2026-06-18T20:00:00+00:00:2026-06-22T08:00:00+00:00
0.16999999999999998,FALSE_BREAKOUT,0.16999999999999998,4.862198158422682,0.0,5.74198450910445,0.16999999999999998,S3,MAKER_PROMO_OFF,59,D2-aabb8c8c40d9a340,MUUSDT,0.0,US_STOCK:2026-06-18T20:00:00+00:00:2026-06-22T08:00:00+00:00
0.16999999999999998,FALSE_BREAKOUT,0.16999999999999998,0.9724396316845363,0.0,3.891659245735377,0.16999999999999998,D2-R3,MAKER_PROMO_OFF,97,D2-aabb8c8c40d9a340,MUUSDT,,US_STOCK:2026-06-18T20:00:00+00:00:2026-06-22T08:00:00+00:00
0.16999999999999998,FALSE_BREAKOUT,0.16999999999999998,4.862198158422682,0.0,5.64743050910445,0.16999999999999998,S0,MAKER_PROMO_OFF,97,D2-aabb8c8c40d9a340,MUUSDT,0.0,US_STOCK:2026-06-18T20:00:00+00:00:2026-06-22T08:00:00+00:00
0.16999999999999998,FALSE_BREAKOUT,0.16999999999999998,4.862198158422682,0.0,5.64743050910445,0.16999999999999998,S1,MAKER_PROMO_OFF,97,D2-aabb8c8c40d9a340,MUUSDT,0.0,US_STOCK:2026-06-18T20:00:00+00:00:2026-06-22T08:00:00+00:00
0.16999999999999998,FALSE_BREAKOUT,0.16999999999999998,4.862198158422682,0.0,5.68525210910445,0.16999999999999998,S2,MAKER_PROMO_OFF,97,D2-aabb8c8c40d9a340,MUUSDT,0.0,US_STOCK:2026-06-18T20:00:00+00:00:2026-06-22T08:00:00+00:00
0.16999999999999998,FALSE_BREAKOUT,0.16999999999999998,4.862198158422682,0.0,5.74198450910445,0.16999999999999998,S3,MAKER_PROMO_OFF,97,D2-aabb8c8c40d9a340,MUUSDT,0.0,US_STOCK:2026-06-18T20:00:00+00:00:2026-06-22T08:00:00+00:00
0.2,TRUE_BREAKOUT,0.2,0.8554287536550043,0.0,2.9235125165837688,0.2,D2-R3,PRIMARY_ZERO_MAKER,3,D2-928e959c7af15629,MUUSDT,,US_STOCK:2026-07-10T20:00:00+00:00:2026-07-13T08:00:00+00:00
0.2,TRUE_BREAKOUT,0.2,1.3384287536550084,0.9660000000000082,3.406512516583773,0.2,S0,PRIMARY_ZERO_MAKER,3,D2-928e959c7af15629,MUUSDT,0.0,US_STOCK:2026-07-10T20:00:00+00:00:2026-07-13T08:00:00+00:00
0.2,TRUE_BREAKOUT,0.2,1.3384287536550084,0.9660000000000082,3.406512516583773,0.2,S1,PRIMARY_ZERO_MAKER,3,D2-928e959c7af15629,MUUSDT,0.0,US_STOCK:2026-07-10T20:00:00+00:00:2026-07-13T08:00:00+00:00
0.2,TRUE_BREAKOUT,0.2,1.2418287536550074,0.8694000000000074,3.3583574165837726,0.2,S2,PRIMARY_ZERO_MAKER,3,D2-928e959c7af15629,MUUSDT,0.09660000000000084,US_STOCK:2026-07-10T20:00:00+00:00:2026-07-13T08:00:00+00:00
0.2,TRUE_BREAKOUT,0.2,1.0969287536550063,0.7245000000000061,3.2861247665837716,0.2,S3,PRIMARY_ZERO_MAKER,3,D2-928e959c7af15629,MUUSDT,0.24150000000000205,US_STOCK:2026-07-10T20:00:00+00:00:2026-07-13T08:00:00+00:00
0.2,TRUE_BREAKOUT,0.2,0.8554287536550043,0.0,2.878652864728362,0.2,D2-R3,PRIMARY_ZERO_MAKER,10,D2-928e959c7af15629,MUUSDT,,US_STOCK:2026-07-10T20:00:00+00:00:2026-07-13T08:00:00+00:00
0.2,TRUE_BREAKOUT,0.2,1.3384287536550084,0.9660000000000082,3.361652864728366,0.2,S0,PRIMARY_ZERO_MAKER,10,D2-928e959c7af15629,MUUSDT,0.0,US_STOCK:2026-07-10T20:00:00+00:00:2026-07-13T08:00:00+00:00
0.2,TRUE_BREAKOUT,0.2,1.3384287536550084,0.9660000000000082,3.361652864728366,0.2,S1,PRIMARY_ZERO_MAKER,10,D2-928e959c7af15629,MUUSDT,0.0,US_STOCK:2026-07-10T20:00:00+00:00:2026-07-13T08:00:00+00:00
0.2,TRUE_BREAKOUT,0.2,1.2418287536550074,0.8694000000000074,3.313497764728366,0.2,S2,PRIMARY_ZERO_MAKER,10,D2-928e959c7af15629,MUUSDT,0.09660000000000084,US_STOCK:2026-07-10T20:00:00+00:00:2026-07-13T08:00:00+00:00
0.2,TRUE_BREAKOUT,0.2,1.0969287536550063,0.7245000000000061,3.241265114728365,0.2,S3,PRIMARY_ZERO_MAKER,10,D2-928e959c7af15629,MUUSDT,0.24150000000000205,US_STOCK:2026-07-10T20:00:00+00:00:2026-07-13T08:00:00+00:00
0.2,TRUE_BREAKOUT,0.2,0.8554287536550043,0.0,2.901082690656065,0.2,D2-R3,PRIMARY_ZERO_MAKER,17,D2-928e959c7af15629,MUUSDT,,US_STOCK:2026-07-10T20:00:00+00:00:2026-07-13T08:00:00+00:00
0.2,TRUE_BREAKOUT,0.2,1.3384287536550084,0.9660000000000082,3.384082690656069,0.2,S0,PRIMARY_ZERO_MAKER,17,D2-928e959c7af15629,MUUSDT,0.0,US_STOCK:2026-07-10T20:00:00+00:00:2026-07-13T08:00:00+00:00
0.2,TRUE_BREAKOUT,0.2,1.3384287536550084,0.9660000000000082,3.384082690656069,0.2,S1,PRIMARY_ZERO_MAKER,17,D2-928e959c7af15629,MUUSDT,0.0,US_STOCK:2026-07-10T20:00:00+00:00:2026-07-13T08:00:00+00:00
0.2,TRUE_BREAKOUT,0.2,1.2418287536550074,0.8694000000000074,3.335927590656069,0.2,S2,PRIMARY_ZERO_MAKER,17,D2-928e959c7af15629,MUUSDT,0.09660000000000084,US_STOCK:2026-07-10T20:00:00+00:00:2026-07-13T08:00:00+00:00
0.2,TRUE_BREAKOUT,0.2,1.0969287536550063,0.7245000000000061,3.263694940656068,0.2,S3,PRIMARY_ZERO_MAKER,17,D2-928e959c7af15629,MUUSDT,0.24150000000000205,US_STOCK:2026-07-10T20:00:00+00:00:2026-07-13T08:00:00+00:00
0.2,TRUE_BREAKOUT,0.2,0.8554287536550043,0.0,2.878652864728362,0.2,D2-R3,PRIMARY_ZERO_MAKER,31,D2-928e959c7af15629,MUUSDT,,US_STOCK:2026-07-10T20:00:00+00:00:2026-07-13T08:00:00+00:00
0.2,TRUE_BREAKOUT,0.2,1.3384287536550084,0.9660000000000082,3.361652864728366,0.2,S0,PRIMARY_ZERO_MAKER,31,D2-928e959c7af15629,MUUSDT,0.0,US_STOCK:2026-07-10T20:00:00+00:00:2026-07-13T08:00:00+00:00
0.2,TRUE_BREAKOUT,0.2,1.3384287536550084,0.9660000000000082,3.361652864728366,0.2,S1,PRIMARY_ZERO_MAKER,31,D2-928e959c7af15629,MUUSDT,0.0,US_STOCK:2026-07-10T20:00:00+00:00:2026-07-13T08:00:00+00:00
0.2,TRUE_BREAKOUT,0.2,1.2418287536550074,0.8694000000000074,3.313497764728366,0.2,S2,PRIMARY_ZERO_MAKER,31,D2-928e959c7af15629,MUUSDT,0.09660000000000084,US_STOCK:2026-07-10T20:00:00+00:00:2026-07-13T08:00:00+00:00
0.2,TRUE_BREAKOUT,0.2,1.0969287536550063,0.7245000000000061,3.241265114728365,0.2,S3,PRIMARY_ZERO_MAKER,31,D2-928e959c7af15629,MUUSDT,0.24150000000000205,US_STOCK:2026-07-10T20:00:00+00:00:2026-07-13T08:00:00+00:00
0.2,TRUE_BREAKOUT,0.2,0.8554287536550043,0.0,2.878652864728362,0.2,D2-R3,PRIMARY_ZERO_MAKER,59,D2-928e959c7af15629,MUUSDT,,US_STOCK:2026-07-10T20:00:00+00:00:2026-07-13T08:00:00+00:00
0.2,TRUE_BREAKOUT,0.2,1.3384287536550084,0.9660000000000082,3.361652864728366,0.2,S0,PRIMARY_ZERO_MAKER,59,D2-928e959c7af15629,MUUSDT,0.0,US_STOCK:2026-07-10T20:00:00+00:00:2026-07-13T08:00:00+00:00
0.2,TRUE_BREAKOUT,0.2,1.3384287536550084,0.9660000000000082,3.361652864728366,0.2,S1,PRIMARY_ZERO_MAKER,59,D2-928e959c7af15629,MUUSDT,0.0,US_STOCK:2026-07-10T20:00:00+00:00:2026-07-13T08:00:00+00:00
0.2,TRUE_BREAKOUT,0.2,1.2418287536550074,0.8694000000000074,3.313497764728366,0.2,S2,PRIMARY_ZERO_MAKER,59,D2-928e959c7af15629,MUUSDT,0.09660000000000084,US_STOCK:2026-07-10T20:00:00+00:00:2026-07-13T08:00:00+00:00
0.2,TRUE_BREAKOUT,0.2,1.0969287536550063,0.7245000000000061,3.241265114728365,0.2,S3,PRIMARY_ZERO_MAKER,59,D2-928e959c7af15629,MUUSDT,0.24150000000000205,US_STOCK:2026-07-10T20:00:00+00:00:2026-07-13T08:00:00+00:00
0.2,TRUE_BREAKOUT,0.2,0.8554287536550043,0.0,3.24201251658376,0.2,D2-R3,PRIMARY_ZERO_MAKER,97,D2-928e959c7af15629,MUUSDT,,US_STOCK:2026-07-10T20:00:00+00:00:2026-07-13T08:00:00+00:00
0.2,TRUE_BREAKOUT,0.2,1.3384287536550084,0.9660000000000082,3.725012516583764,0.2,S0,PRIMARY_ZERO_MAKER,97,D2-928e959c7af15629,MUUSDT,0.0,US_STOCK:2026-07-10T20:00:00+00:00:2026-07-13T08:00:00+00:00
0.2,TRUE_BREAKOUT,0.2,1.3384287536550084,0.9660000000000082,3.725012516583764,0.2,S1,PRIMARY_ZERO_MAKER,97,D2-928e959c7af15629,MUUSDT,0.0,US_STOCK:2026-07-10T20:00:00+00:00:2026-07-13T08:00:00+00:00
0.2,TRUE_BREAKOUT,0.2,1.2418287536550074,0.8694000000000074,3.676857416583764,0.2,S2,PRIMARY_ZERO_MAKER,97,D2-928e959c7af15629,MUUSDT,0.09660000000000084,US_STOCK:2026-07-10T20:00:00+00:00:2026-07-13T08:00:00+00:00
0.2,TRUE_BREAKOUT,0.2,1.0969287536550063,0.7245000000000061,3.604624766583763,0.2,S3,PRIMARY_ZERO_MAKER,97,D2-928e959c7af15629,MUUSDT,0.24150000000000205,US_STOCK:2026-07-10T20:00:00+00:00:2026-07-13T08:00:00+00:00
0.2,TRUE_BREAKOUT,0.2,0.8554287536550043,0.0,3.4907454998816267,0.2,D2-R3,EXECUTION_STRESS,3,D2-928e959c7af15629,MUUSDT,,US_STOCK:2026-07-10T20:00:00+00:00:2026-07-13T08:00:00+00:00
0.2,TRUE_BREAKOUT,0.2,1.3384287536550084,0.9660000000000082,3.973745499881631,0.2,S0,EXECUTION_STRESS,3,D2-928e959c7af15629,MUUSDT,0.0,US_STOCK:2026-07-10T20:00:00+00:00:2026-07-13T08:00:00+00:00
0.2,TRUE_BREAKOUT,0.2,1.3384287536550084,0.9660000000000082,3.9737454998816313,0.2,S1,EXECUTION_STRESS,3,D2-928e959c7af15629,MUUSDT,0.0,US_STOCK:2026-07-10T20:00:00+00:00:2026-07-13T08:00:00+00:00
0.2,TRUE_BREAKOUT,0.2,1.2418287536550074,0.8694000000000074,3.925759449881631,0.2,S2,EXECUTION_STRESS,3,D2-928e959c7af15629,MUUSDT,0.09660000000000084,US_STOCK:2026-07-10T20:00:00+00:00:2026-07-13T08:00:00+00:00
0.2,TRUE_BREAKOUT,0.2,1.0969287536550063,0.7245000000000061,3.8537803748816293,0.2,S3,EXECUTION_STRESS,3,D2-928e959c7af15629,MUUSDT,0.24150000000000205,US_STOCK:2026-07-10T20:00:00+00:00:2026-07-13T08:00:00+00:00
0.2,TRUE_BREAKOUT,0.2,0.8554287536550043,0.0,3.83576597661969,0.2,D2-R3,EXECUTION_STRESS,10,D2-928e959c7af15629,MUUSDT,,US_STOCK:2026-07-10T20:00:00+00:00:2026-07-13T08:00:00+00:00
0.2,TRUE_BREAKOUT,0.2,1.3384287536550084,0.9660000000000082,4.318765976619694,0.2,S0,EXECUTION_STRESS,10,D2-928e959c7af15629,MUUSDT,0.0,US_STOCK:2026-07-10T20:00:00+00:00:2026-07-13T08:00:00+00:00
0.2,TRUE_BREAKOUT,0.2,1.3384287536550084,0.9660000000000082,4.318765976619694,0.2,S1,EXECUTION_STRESS,10,D2-928e959c7af15629,MUUSDT,0.0,US_STOCK:2026-07-10T20:00:00+00:00:2026-07-13T08:00:00+00:00
0.2,TRUE_BREAKOUT,0.2,1.2418287536550074,0.8694000000000074,4.270779926619695,0.2,S2,EXECUTION_STRESS,10,D2-928e959c7af15629,MUUSDT,0.09660000000000084,US_STOCK:2026-07-10T20:00:00+00:00:2026-07-13T08:00:00+00:00
0.2,TRUE_BREAKOUT,0.2,1.0969287536550063,0.7245000000000061,4.198800851619693,0.2,S3,EXECUTION_STRESS,10,D2-928e959c7af15629,MUUSDT,0.24150000000000205,US_STOCK:2026-07-10T20:00:00+00:00:2026-07-13T08:00:00+00:00
0.2,TRUE_BREAKOUT,0.2,0.8554287536550043,0.0,3.468315673953923,0.2,D2-R3,EXECUTION_STRESS,17,D2-928e959c7af15629,MUUSDT,,US_STOCK:2026-07-10T20:00:00+00:00:2026-07-13T08:00:00+00:00
0.2,TRUE_BREAKOUT,0.2,1.3384287536550084,0.9660000000000082,3.951315673953927,0.2,S0,EXECUTION_STRESS,17,D2-928e959c7af15629,MUUSDT,0.0,US_STOCK:2026-07-10T20:00:00+00:00:2026-07-13T08:00:00+00:00
0.2,TRUE_BREAKOUT,0.2,1.3384287536550084,0.9660000000000082,3.9513156739539275,0.2,S1,EXECUTION_STRESS,17,D2-928e959c7af15629,MUUSDT,0.0,US_STOCK:2026-07-10T20:00:00+00:00:2026-07-13T08:00:00+00:00
0.2,TRUE_BREAKOUT,0.2,1.2418287536550074,0.8694000000000074,3.903329623953927,0.2,S2,EXECUTION_STRESS,17,D2-928e959c7af15629,MUUSDT,0.09660000000000084,US_STOCK:2026-07-10T20:00:00+00:00:2026-07-13T08:00:00+00:00
0.2,TRUE_BREAKOUT,0.2,1.0969287536550063,0.7245000000000061,3.8313505489539255,0.2,S3,EXECUTION_STRESS,17,D2-928e959c7af15629,MUUSDT,0.24150000000000205,US_STOCK:2026-07-10T20:00:00+00:00:2026-07-13T08:00:00+00:00
0.2,TRUE_BREAKOUT,0.2,0.8554287536550043,0.0,3.468315673953923,0.2,D2-R3,EXECUTION_STRESS,31,D2-928e959c7af15629,MUUSDT,,US_STOCK:2026-07-10T20:00:00+00:00:2026-07-13T08:00:00+00:00
0.2,TRUE_BREAKOUT,0.2,1.3384287536550084,0.9660000000000082,3.951315673953927,0.2,S0,EXECUTION_STRESS,31,D2-928e959c7af15629,MUUSDT,0.0,US_STOCK:2026-07-10T20:00:00+00:00:2026-07-13T08:00:00+00:00
0.2,TRUE_BREAKOUT,0.2,1.3384287536550084,0.9660000000000082,3.9513156739539275,0.2,S1,EXECUTION_STRESS,31,D2-928e959c7af15629,MUUSDT,0.0,US_STOCK:2026-07-10T20:00:00+00:00:2026-07-13T08:00:00+00:00
0.2,TRUE_BREAKOUT,0.2,1.2418287536550074,0.8694000000000074,3.903329623953927,0.2,S2,EXECUTION_STRESS,31,D2-928e959c7af15629,MUUSDT,0.09660000000000084,US_STOCK:2026-07-10T20:00:00+00:00:2026-07-13T08:00:00+00:00
0.2,TRUE_BREAKOUT,0.2,1.0969287536550063,0.7245000000000061,3.8313505489539255,0.2,S3,EXECUTION_STRESS,31,D2-928e959c7af15629,MUUSDT,0.24150000000000205,US_STOCK:2026-07-10T20:00:00+00:00:2026-07-13T08:00:00+00:00
0.2,TRUE_BREAKOUT,0.2,0.8554287536550043,0.0,3.9459332074317834,0.2,D2-R3,EXECUTION_STRESS,59,D2-928e959c7af15629,MUUSDT,,US_STOCK:2026-07-10T20:00:00+00:00:2026-07-13T08:00:00+00:00
0.2,TRUE_BREAKOUT,0.2,1.3384287536550084,0.9660000000000082,4.428933207431788,0.2,S0,EXECUTION_STRESS,59,D2-928e959c7af15629,MUUSDT,0.0,US_STOCK:2026-07-10T20:00:00+00:00:2026-07-13T08:00:00+00:00
0.2,TRUE_BREAKOUT,0.2,1.3384287536550084,0.9660000000000082,4.428933207431788,0.2,S1,EXECUTION_STRESS,59,D2-928e959c7af15629,MUUSDT,0.0,US_STOCK:2026-07-10T20:00:00+00:00:2026-07-13T08:00:00+00:00
0.2,TRUE_BREAKOUT,0.2,1.2418287536550074,0.8694000000000074,4.380947157431788,0.2,S2,EXECUTION_STRESS,59,D2-928e959c7af15629,MUUSDT,0.09660000000000084,US_STOCK:2026-07-10T20:00:00+00:00:2026-07-13T08:00:00+00:00
0.2,TRUE_BREAKOUT,0.2,1.0969287536550063,0.7245000000000061,4.308968082431787,0.2,S3,EXECUTION_STRESS,59,D2-928e959c7af15629,MUUSDT,0.24150000000000205,US_STOCK:2026-07-10T20:00:00+00:00:2026-07-13T08:00:00+00:00
0.2,TRUE_BREAKOUT,0.2,0.8554287536550043,0.0,3.809245499881618,0.2,D2-R3,EXECUTION_STRESS,97,D2-928e959c7af15629,MUUSDT,,US_STOCK:2026-07-10T20:00:00+00:00:2026-07-13T08:00:00+00:00
0.2,TRUE_BREAKOUT,0.2,1.3384287536550084,0.9660000000000082,4.292245499881622,0.2,S0,EXECUTION_STRESS,97,D2-928e959c7af15629,MUUSDT,0.0,US_STOCK:2026-07-10T20:00:00+00:00:2026-07-13T08:00:00+00:00
0.2,TRUE_BREAKOUT,0.2,1.3384287536550084,0.9660000000000082,4.292245499881622,0.2,S1,EXECUTION_STRESS,97,D2-928e959c7af15629,MUUSDT,0.0,US_STOCK:2026-07-10T20:00:00+00:00:2026-07-13T08:00:00+00:00
0.2,TRUE_BREAKOUT,0.2,1.2418287536550074,0.8694000000000074,4.244259449881622,0.2,S2,EXECUTION_STRESS,97,D2-928e959c7af15629,MUUSDT,0.09660000000000084,US_STOCK:2026-07-10T20:00:00+00:00:2026-07-13T08:00:00+00:00
0.2,TRUE_BREAKOUT,0.2,1.0969287536550063,0.7245000000000061,4.172280374881621,0.2,S3,EXECUTION_STRESS,97,D2-928e959c7af15629,MUUSDT,0.24150000000000205,US_STOCK:2026-07-10T20:00:00+00:00:2026-07-13T08:00:00+00:00
0.2,TRUE_BREAKOUT,0.2,0.8554287536550043,0.0,3.157863485631635,0.2,D2-R3,MAKER_PROMO_OFF,3,D2-928e959c7af15629,MUUSDT,,US_STOCK:2026-07-10T20:00:00+00:00:2026-07-13T08:00:00+00:00
0.2,TRUE_BREAKOUT,0.2,1.3384287536550084,0.9660000000000082,3.6408634856316393,0.2,S0,MAKER_PROMO_OFF,3,D2-928e959c7af15629,MUUSDT,0.0,US_STOCK:2026-07-10T20:00:00+00:00:2026-07-13T08:00:00+00:00
0.2,TRUE_BREAKOUT,0.2,1.3384287536550084,0.9660000000000082,3.6408634856316393,0.2,S1,MAKER_PROMO_OFF,3,D2-928e959c7af15629,MUUSDT,0.0,US_STOCK:2026-07-10T20:00:00+00:00:2026-07-13T08:00:00+00:00
0.2,TRUE_BREAKOUT,0.2,1.2418287536550074,0.8694000000000074,3.5927566856316386,0.2,S2,MAKER_PROMO_OFF,3,D2-928e959c7af15629,MUUSDT,0.09660000000000084,US_STOCK:2026-07-10T20:00:00+00:00:2026-07-13T08:00:00+00:00
0.2,TRUE_BREAKOUT,0.2,1.0969287536550063,0.7245000000000061,3.5205964856316383,0.2,S3,MAKER_PROMO_OFF,3,D2-928e959c7af15629,MUUSDT,0.24150000000000205,US_STOCK:2026-07-10T20:00:00+00:00:2026-07-13T08:00:00+00:00
0.2,TRUE_BREAKOUT,0.2,0.8554287536550043,0.0,3.062176821845857,0.2,D2-R3,MAKER_PROMO_OFF,10,D2-928e959c7af15629,MUUSDT,,US_STOCK:2026-07-10T20:00:00+00:00:2026-07-13T08:00:00+00:00
0.2,TRUE_BREAKOUT,0.2,1.3384287536550084,0.9660000000000082,3.5451768218458612,0.2,S0,MAKER_PROMO_OFF,10,D2-928e959c7af15629,MUUSDT,0.0,US_STOCK:2026-07-10T20:00:00+00:00:2026-07-13T08:00:00+00:00
0.2,TRUE_BREAKOUT,0.2,1.3384287536550084,0.9660000000000082,3.5451768218458612,0.2,S1,MAKER_PROMO_OFF,10,D2-928e959c7af15629,MUUSDT,0.0,US_STOCK:2026-07-10T20:00:00+00:00:2026-07-13T08:00:00+00:00
0.2,TRUE_BREAKOUT,0.2,1.2418287536550074,0.8694000000000074,3.4970700218458606,0.2,S2,MAKER_PROMO_OFF,10,D2-928e959c7af15629,MUUSDT,0.09660000000000084,US_STOCK:2026-07-10T20:00:00+00:00:2026-07-13T08:00:00+00:00
0.2,TRUE_BREAKOUT,0.2,1.0969287536550063,0.7245000000000061,3.4249098218458602,0.2,S3,MAKER_PROMO_OFF,10,D2-928e959c7af15629,MUUSDT,0.24150000000000205,US_STOCK:2026-07-10T20:00:00+00:00:2026-07-13T08:00:00+00:00
0.2,TRUE_BREAKOUT,0.2,0.8554287536550043,0.0,3.1100201537387457,0.2,D2-R3,MAKER_PROMO_OFF,17,D2-928e959c7af15629,MUUSDT,,US_STOCK:2026-07-10T20:00:00+00:00:2026-07-13T08:00:00+00:00
0.2,TRUE_BREAKOUT,0.2,1.3384287536550084,0.9660000000000082,3.59302015373875,0.2,S0,MAKER_PROMO_OFF,17,D2-928e959c7af15629,MUUSDT,0.0,US_STOCK:2026-07-10T20:00:00+00:00:2026-07-13T08:00:00+00:00
0.2,TRUE_BREAKOUT,0.2,1.3384287536550084,0.9660000000000082,3.59302015373875,0.2,S1,MAKER_PROMO_OFF,17,D2-928e959c7af15629,MUUSDT,0.0,US_STOCK:2026-07-10T20:00:00+00:00:2026-07-13T08:00:00+00:00
0.2,TRUE_BREAKOUT,0.2,1.2418287536550074,0.8694000000000074,3.544913353738749,0.2,S2,MAKER_PROMO_OFF,17,D2-928e959c7af15629,MUUSDT,0.09660000000000084,US_STOCK:2026-07-10T20:00:00+00:00:2026-07-13T08:00:00+00:00
0.2,TRUE_BREAKOUT,0.2,1.0969287536550063,0.7245000000000061,3.472753153738749,0.2,S3,MAKER_PROMO_OFF,17,D2-928e959c7af15629,MUUSDT,0.24150000000000205,US_STOCK:2026-07-10T20:00:00+00:00:2026-07-13T08:00:00+00:00
0.2,TRUE_BREAKOUT,0.2,0.8554287536550043,0.0,3.062176821845857,0.2,D2-R3,MAKER_PROMO_OFF,31,D2-928e959c7af15629,MUUSDT,,US_STOCK:2026-07-10T20:00:00+00:00:2026-07-13T08:00:00+00:00
0.2,TRUE_BREAKOUT,0.2,1.3384287536550084,0.9660000000000082,3.5451768218458612,0.2,S0,MAKER_PROMO_OFF,31,D2-928e959c7af15629,MUUSDT,0.0,US_STOCK:2026-07-10T20:00:00+00:00:2026-07-13T08:00:00+00:00
0.2,TRUE_BREAKOUT,0.2,1.3384287536550084,0.9660000000000082,3.5451768218458612,0.2,S1,MAKER_PROMO_OFF,31,D2-928e959c7af15629,MUUSDT,0.0,US_STOCK:2026-07-10T20:00:00+00:00:2026-07-13T08:00:00+00:00
0.2,TRUE_BREAKOUT,0.2,1.2418287536550074,0.8694000000000074,3.4970700218458606,0.2,S2,MAKER_PROMO_OFF,31,D2-928e959c7af15629,MUUSDT,0.09660000000000084,US_STOCK:2026-07-10T20:00:00+00:00:2026-07-13T08:00:00+00:00
0.2,TRUE_BREAKOUT,0.2,1.0969287536550063,0.7245000000000061,3.4249098218458602,0.2,S3,MAKER_PROMO_OFF,31,D2-928e959c7af15629,MUUSDT,0.24150000000000205,US_STOCK:2026-07-10T20:00:00+00:00:2026-07-13T08:00:00+00:00
0.2,TRUE_BREAKOUT,0.2,0.8554287536550043,0.0,3.062176821845857,0.2,D2-R3,MAKER_PROMO_OFF,59,D2-928e959c7af15629,MUUSDT,,US_STOCK:2026-07-10T20:00:00+00:00:2026-07-13T08:00:00+00:00
0.2,TRUE_BREAKOUT,0.2,1.3384287536550084,0.9660000000000082,3.5451768218458612,0.2,S0,MAKER_PROMO_OFF,59,D2-928e959c7af15629,MUUSDT,0.0,US_STOCK:2026-07-10T20:00:00+00:00:2026-07-13T08:00:00+00:00
0.2,TRUE_BREAKOUT,0.2,1.3384287536550084,0.9660000000000082,3.5451768218458612,0.2,S1,MAKER_PROMO_OFF,59,D2-928e959c7af15629,MUUSDT,0.0,US_STOCK:2026-07-10T20:00:00+00:00:2026-07-13T08:00:00+00:00
0.2,TRUE_BREAKOUT,0.2,1.2418287536550074,0.8694000000000074,3.4970700218458606,0.2,S2,MAKER_PROMO_OFF,59,D2-928e959c7af15629,MUUSDT,0.09660000000000084,US_STOCK:2026-07-10T20:00:00+00:00:2026-07-13T08:00:00+00:00
0.2,TRUE_BREAKOUT,0.2,1.0969287536550063,0.7245000000000061,3.4249098218458602,0.2,S3,MAKER_PROMO_OFF,59,D2-928e959c7af15629,MUUSDT,0.24150000000000205,US_STOCK:2026-07-10T20:00:00+00:00:2026-07-13T08:00:00+00:00
0.2,TRUE_BREAKOUT,0.2,0.8554287536550043,0.0,3.4763634856316266,0.2,D2-R3,MAKER_PROMO_OFF,97,D2-928e959c7af15629,MUUSDT,,US_STOCK:2026-07-10T20:00:00+00:00:2026-07-13T08:00:00+00:00
0.2,TRUE_BREAKOUT,0.2,1.3384287536550084,0.9660000000000082,3.9593634856316307,0.2,S0,MAKER_PROMO_OFF,97,D2-928e959c7af15629,MUUSDT,0.0,US_STOCK:2026-07-10T20:00:00+00:00:2026-07-13T08:00:00+00:00
0.2,TRUE_BREAKOUT,0.2,1.3384287536550084,0.9660000000000082,3.95936348563163,0.2,S1,MAKER_PROMO_OFF,97,D2-928e959c7af15629,MUUSDT,0.0,US_STOCK:2026-07-10T20:00:00+00:00:2026-07-13T08:00:00+00:00
0.2,TRUE_BREAKOUT,0.2,1.2418287536550074,0.8694000000000074,3.91125668563163,0.2,S2,MAKER_PROMO_OFF,97,D2-928e959c7af15629,MUUSDT,0.09660000000000084,US_STOCK:2026-07-10T20:00:00+00:00:2026-07-13T08:00:00+00:00
0.2,TRUE_BREAKOUT,0.2,1.0969287536550063,0.7245000000000061,3.83909648563163,0.2,S3,MAKER_PROMO_OFF,97,D2-928e959c7af15629,MUUSDT,0.24150000000000205,US_STOCK:2026-07-10T20:00:00+00:00:2026-07-13T08:00:00+00:00
0.43000000000000005,FALSE_BREAKOUT,0.43000000000000005,0.5043172327574652,0.0,1.9380755322256096,0.43000000000000005,D2-R3,PRIMARY_ZERO_MAKER,3,D2-65dad30b2f4a428a,SOXLUSDT,,US_LEVERAGED_ETF:2026-06-18T20:00:00+00:00:2026-06-22T08:00:00+00:00
0.43000000000000005,FALSE_BREAKOUT,0.43000000000000005,2.5215861637873265,0.0,2.8594898727405402,0.43000000000000005,S0,PRIMARY_ZERO_MAKER,3,D2-65dad30b2f4a428a,SOXLUSDT,0.0,US_LEVERAGED_ETF:2026-06-18T20:00:00+00:00:2026-06-22T08:00:00+00:00
0.43000000000000005,FALSE_BREAKOUT,0.43000000000000005,2.5215861637873265,0.0,2.8594898727405402,0.43000000000000005,S1,PRIMARY_ZERO_MAKER,3,D2-65dad30b2f4a428a,SOXLUSDT,0.0,US_LEVERAGED_ETF:2026-06-18T20:00:00+00:00:2026-06-22T08:00:00+00:00
0.43000000000000005,FALSE_BREAKOUT,0.43000000000000005,2.5215861637873265,0.0,2.8769338977405403,0.43000000000000005,S2,PRIMARY_ZERO_MAKER,3,D2-65dad30b2f4a428a,SOXLUSDT,0.0,US_LEVERAGED_ETF:2026-06-18T20:00:00+00:00:2026-06-22T08:00:00+00:00
0.43000000000000005,FALSE_BREAKOUT,0.43000000000000005,2.5215861637873265,0.0,2.90309993524054,0.43000000000000005,S3,PRIMARY_ZERO_MAKER,3,D2-65dad30b2f4a428a,SOXLUSDT,0.0,US_LEVERAGED_ETF:2026-06-18T20:00:00+00:00:2026-06-22T08:00:00+00:00
0.43000000000000005,FALSE_BREAKOUT,0.43000000000000005,0.5043172327574652,0.0,1.9380755322256096,0.43000000000000005,D2-R3,PRIMARY_ZERO_MAKER,10,D2-65dad30b2f4a428a,SOXLUSDT,,US_LEVERAGED_ETF:2026-06-18T20:00:00+00:00:2026-06-22T08:00:00+00:00
0.43000000000000005,FALSE_BREAKOUT,0.43000000000000005,2.5215861637873265,0.0,2.8594898727405402,0.43000000000000005,S0,PRIMARY_ZERO_MAKER,10,D2-65dad30b2f4a428a,SOXLUSDT,0.0,US_LEVERAGED_ETF:2026-06-18T20:00:00+00:00:2026-06-22T08:00:00+00:00
0.43000000000000005,FALSE_BREAKOUT,0.43000000000000005,2.5215861637873265,0.0,2.8594898727405402,0.43000000000000005,S1,PRIMARY_ZERO_MAKER,10,D2-65dad30b2f4a428a,SOXLUSDT,0.0,US_LEVERAGED_ETF:2026-06-18T20:00:00+00:00:2026-06-22T08:00:00+00:00
0.43000000000000005,FALSE_BREAKOUT,0.43000000000000005,2.5215861637873265,0.0,2.8769338977405403,0.43000000000000005,S2,PRIMARY_ZERO_MAKER,10,D2-65dad30b2f4a428a,SOXLUSDT,0.0,US_LEVERAGED_ETF:2026-06-18T20:00:00+00:00:2026-06-22T08:00:00+00:00
0.43000000000000005,FALSE_BREAKOUT,0.43000000000000005,2.5215861637873265,0.0,2.90309993524054,0.43000000000000005,S3,PRIMARY_ZERO_MAKER,10,D2-65dad30b2f4a428a,SOXLUSDT,0.0,US_LEVERAGED_ETF:2026-06-18T20:00:00+00:00:2026-06-22T08:00:00+00:00
0.43000000000000005,FALSE_BREAKOUT,0.43000000000000005,0.5043172327574652,0.0,1.9380755322256096,0.43000000000000005,D2-R3,PRIMARY_ZERO_MAKER,17,D2-65dad30b2f4a428a,SOXLUSDT,,US_LEVERAGED_ETF:2026-06-18T20:00:00+00:00:2026-06-22T08:00:00+00:00
0.43000000000000005,FALSE_BREAKOUT,0.43000000000000005,2.5215861637873265,0.0,2.8594898727405402,0.43000000000000005,S0,PRIMARY_ZERO_MAKER,17,D2-65dad30b2f4a428a,SOXLUSDT,0.0,US_LEVERAGED_ETF:2026-06-18T20:00:00+00:00:2026-06-22T08:00:00+00:00
0.43000000000000005,FALSE_BREAKOUT,0.43000000000000005,2.5215861637873265,0.0,2.8594898727405402,0.43000000000000005,S1,PRIMARY_ZERO_MAKER,17,D2-65dad30b2f4a428a,SOXLUSDT,0.0,US_LEVERAGED_ETF:2026-06-18T20:00:00+00:00:2026-06-22T08:00:00+00:00
0.43000000000000005,FALSE_BREAKOUT,0.43000000000000005,2.5215861637873265,0.0,2.8769338977405403,0.43000000000000005,S2,PRIMARY_ZERO_MAKER,17,D2-65dad30b2f4a428a,SOXLUSDT,0.0,US_LEVERAGED_ETF:2026-06-18T20:00:00+00:00:2026-06-22T08:00:00+00:00
0.43000000000000005,FALSE_BREAKOUT,0.43000000000000005,2.5215861637873265,0.0,2.90309993524054,0.43000000000000005,S3,PRIMARY_ZERO_MAKER,17,D2-65dad30b2f4a428a,SOXLUSDT,0.0,US_LEVERAGED_ETF:2026-06-18T20:00:00+00:00:2026-06-22T08:00:00+00:00
0.43000000000000005,FALSE_BREAKOUT,0.43000000000000005,0.5043172327574652,0.0,1.9380755322256096,0.43000000000000005,D2-R3,PRIMARY_ZERO_MAKER,31,D2-65dad30b2f4a428a,SOXLUSDT,,US_LEVERAGED_ETF:2026-06-18T20:00:00+00:00:2026-06-22T08:00:00+00:00
0.43000000000000005,FALSE_BREAKOUT,0.43000000000000005,2.5215861637873265,0.0,2.8594898727405402,0.43000000000000005,S0,PRIMARY_ZERO_MAKER,31,D2-65dad30b2f4a428a,SOXLUSDT,0.0,US_LEVERAGED_ETF:2026-06-18T20:00:00+00:00:2026-06-22T08:00:00+00:00
0.43000000000000005,FALSE_BREAKOUT,0.43000000000000005,2.5215861637873265,0.0,2.8594898727405402,0.43000000000000005,S1,PRIMARY_ZERO_MAKER,31,D2-65dad30b2f4a428a,SOXLUSDT,0.0,US_LEVERAGED_ETF:2026-06-18T20:00:00+00:00:2026-06-22T08:00:00+00:00
0.43000000000000005,FALSE_BREAKOUT,0.43000000000000005,2.5215861637873265,0.0,2.8769338977405403,0.43000000000000005,S2,PRIMARY_ZERO_MAKER,31,D2-65dad30b2f4a428a,SOXLUSDT,0.0,US_LEVERAGED_ETF:2026-06-18T20:00:00+00:00:2026-06-22T08:00:00+00:00
0.43000000000000005,FALSE_BREAKOUT,0.43000000000000005,2.5215861637873265,0.0,2.90309993524054,0.43000000000000005,S3,PRIMARY_ZERO_MAKER,31,D2-65dad30b2f4a428a,SOXLUSDT,0.0,US_LEVERAGED_ETF:2026-06-18T20:00:00+00:00:2026-06-22T08:00:00+00:00
0.43000000000000005,FALSE_BREAKOUT,0.43000000000000005,0.5043172327574652,0.0,1.9380755322256096,0.43000000000000005,D2-R3,PRIMARY_ZERO_MAKER,59,D2-65dad30b2f4a428a,SOXLUSDT,,US_LEVERAGED_ETF:2026-06-18T20:00:00+00:00:2026-06-22T08:00:00+00:00
0.43000000000000005,FALSE_BREAKOUT,0.43000000000000005,2.5215861637873265,0.0,2.8594898727405402,0.43000000000000005,S0,PRIMARY_ZERO_MAKER,59,D2-65dad30b2f4a428a,SOXLUSDT,0.0,US_LEVERAGED_ETF:2026-06-18T20:00:00+00:00:2026-06-22T08:00:00+00:00
0.43000000000000005,FALSE_BREAKOUT,0.43000000000000005,2.5215861637873265,0.0,2.8594898727405402,0.43000000000000005,S1,PRIMARY_ZERO_MAKER,59,D2-65dad30b2f4a428a,SOXLUSDT,0.0,US_LEVERAGED_ETF:2026-06-18T20:00:00+00:00:2026-06-22T08:00:00+00:00
0.43000000000000005,FALSE_BREAKOUT,0.43000000000000005,2.5215861637873265,0.0,2.8769338977405403,0.43000000000000005,S2,PRIMARY_ZERO_MAKER,59,D2-65dad30b2f4a428a,SOXLUSDT,0.0,US_LEVERAGED_ETF:2026-06-18T20:00:00+00:00:2026-06-22T08:00:00+00:00
0.43000000000000005,FALSE_BREAKOUT,0.43000000000000005,2.5215861637873265,0.0,2.90309993524054,0.43000000000000005,S3,PRIMARY_ZERO_MAKER,59,D2-65dad30b2f4a428a,SOXLUSDT,0.0,US_LEVERAGED_ETF:2026-06-18T20:00:00+00:00:2026-06-22T08:00:00+00:00
0.43000000000000005,FALSE_BREAKOUT,0.43000000000000005,0.5043172327574652,0.0,2.069172456156098,0.43000000000000005,D2-R3,PRIMARY_ZERO_MAKER,97,D2-65dad30b2f4a428a,SOXLUSDT,,US_LEVERAGED_ETF:2026-06-18T20:00:00+00:00:2026-06-22T08:00:00+00:00
0.43000000000000005,FALSE_BREAKOUT,0.43000000000000005,2.5215861637873265,0.0,2.9905867966710282,0.43000000000000005,S0,PRIMARY_ZERO_MAKER,97,D2-65dad30b2f4a428a,SOXLUSDT,0.0,US_LEVERAGED_ETF:2026-06-18T20:00:00+00:00:2026-06-22T08:00:00+00:00
0.43000000000000005,FALSE_BREAKOUT,0.43000000000000005,2.5215861637873265,0.0,2.9905867966710282,0.43000000000000005,S1,PRIMARY_ZERO_MAKER,97,D2-65dad30b2f4a428a,SOXLUSDT,0.0,US_LEVERAGED_ETF:2026-06-18T20:00:00+00:00:2026-06-22T08:00:00+00:00
0.43000000000000005,FALSE_BREAKOUT,0.43000000000000005,2.5215861637873265,0.0,3.0080308216710283,0.43000000000000005,S2,PRIMARY_ZERO_MAKER,97,D2-65dad30b2f4a428a,SOXLUSDT,0.0,US_LEVERAGED_ETF:2026-06-18T20:00:00+00:00:2026-06-22T08:00:00+00:00
0.43000000000000005,FALSE_BREAKOUT,0.43000000000000005,2.5215861637873265,0.0,3.034196859171028,0.43000000000000005,S3,PRIMARY_ZERO_MAKER,97,D2-65dad30b2f4a428a,SOXLUSDT,0.0,US_LEVERAGED_ETF:2026-06-18T20:00:00+00:00:2026-06-22T08:00:00+00:00
0.43000000000000005,FALSE_BREAKOUT,0.43000000000000005,0.5043172327574652,0.0,2.249158568845879,0.43000000000000005,D2-R3,EXECUTION_STRESS,3,D2-65dad30b2f4a428a,SOXLUSDT,,US_LEVERAGED_ETF:2026-06-18T20:00:00+00:00:2026-06-22T08:00:00+00:00
0.43000000000000005,FALSE_BREAKOUT,0.43000000000000005,2.5215861637873265,0.0,3.0688160968608096,0.43000000000000005,S0,EXECUTION_STRESS,3,D2-65dad30b2f4a428a,SOXLUSDT,0.0,US_LEVERAGED_ETF:2026-06-18T20:00:00+00:00:2026-06-22T08:00:00+00:00
0.43000000000000005,FALSE_BREAKOUT,0.43000000000000005,2.5215861637873265,0.0,3.0688160968608096,0.43000000000000005,S1,EXECUTION_STRESS,3,D2-65dad30b2f4a428a,SOXLUSDT,0.0,US_LEVERAGED_ETF:2026-06-18T20:00:00+00:00:2026-06-22T08:00:00+00:00
0.43000000000000005,FALSE_BREAKOUT,0.43000000000000005,2.5215861637873265,0.0,3.1066114843608092,0.43000000000000005,S2,EXECUTION_STRESS,3,D2-65dad30b2f4a428a,SOXLUSDT,0.0,US_LEVERAGED_ETF:2026-06-18T20:00:00+00:00:2026-06-22T08:00:00+00:00
0.43000000000000005,FALSE_BREAKOUT,0.43000000000000005,2.5215861637873265,0.0,3.1633045656108094,0.43000000000000005,S3,EXECUTION_STRESS,3,D2-65dad30b2f4a428a,SOXLUSDT,0.0,US_LEVERAGED_ETF:2026-06-18T20:00:00+00:00:2026-06-22T08:00:00+00:00
0.43000000000000005,FALSE_BREAKOUT,0.43000000000000005,0.5043172327574652,0.0,2.249158568845879,0.43000000000000005,D2-R3,EXECUTION_STRESS,10,D2-65dad30b2f4a428a,SOXLUSDT,,US_LEVERAGED_ETF:2026-06-18T20:00:00+00:00:2026-06-22T08:00:00+00:00
0.43000000000000005,FALSE_BREAKOUT,0.43000000000000005,2.5215861637873265,0.0,3.0688160968608096,0.43000000000000005,S0,EXECUTION_STRESS,10,D2-65dad30b2f4a428a,SOXLUSDT,0.0,US_LEVERAGED_ETF:2026-06-18T20:00:00+00:00:2026-06-22T08:00:00+00:00
0.43000000000000005,FALSE_BREAKOUT,0.43000000000000005,2.5215861637873265,0.0,3.0688160968608096,0.43000000000000005,S1,EXECUTION_STRESS,10,D2-65dad30b2f4a428a,SOXLUSDT,0.0,US_LEVERAGED_ETF:2026-06-18T20:00:00+00:00:2026-06-22T08:00:00+00:00
0.43000000000000005,FALSE_BREAKOUT,0.43000000000000005,2.5215861637873265,0.0,3.1066114843608092,0.43000000000000005,S2,EXECUTION_STRESS,10,D2-65dad30b2f4a428a,SOXLUSDT,0.0,US_LEVERAGED_ETF:2026-06-18T20:00:00+00:00:2026-06-22T08:00:00+00:00
0.43000000000000005,FALSE_BREAKOUT,0.43000000000000005,2.5215861637873265,0.0,3.1633045656108094,0.43000000000000005,S3,EXECUTION_STRESS,10,D2-65dad30b2f4a428a,SOXLUSDT,0.0,US_LEVERAGED_ETF:2026-06-18T20:00:00+00:00:2026-06-22T08:00:00+00:00
0.43000000000000005,FALSE_BREAKOUT,0.43000000000000005,0.5043172327574652,0.0,2.249158568845879,0.43000000000000005,D2-R3,EXECUTION_STRESS,17,D2-65dad30b2f4a428a,SOXLUSDT,,US_LEVERAGED_ETF:2026-06-18T20:00:00+00:00:2026-06-22T08:00:00+00:00
0.43000000000000005,FALSE_BREAKOUT,0.43000000000000005,2.5215861637873265,0.0,3.0688160968608096,0.43000000000000005,S0,EXECUTION_STRESS,17,D2-65dad30b2f4a428a,SOXLUSDT,0.0,US_LEVERAGED_ETF:2026-06-18T20:00:00+00:00:2026-06-22T08:00:00+00:00
0.43000000000000005,FALSE_BREAKOUT,0.43000000000000005,2.5215861637873265,0.0,3.0688160968608096,0.43000000000000005,S1,EXECUTION_STRESS,17,D2-65dad30b2f4a428a,SOXLUSDT,0.0,US_LEVERAGED_ETF:2026-06-18T20:00:00+00:00:2026-06-22T08:00:00+00:00
0.43000000000000005,FALSE_BREAKOUT,0.43000000000000005,2.5215861637873265,0.0,3.1066114843608092,0.43000000000000005,S2,EXECUTION_STRESS,17,D2-65dad30b2f4a428a,SOXLUSDT,0.0,US_LEVERAGED_ETF:2026-06-18T20:00:00+00:00:2026-06-22T08:00:00+00:00
0.43000000000000005,FALSE_BREAKOUT,0.43000000000000005,2.5215861637873265,0.0,3.1633045656108094,0.43000000000000005,S3,EXECUTION_STRESS,17,D2-65dad30b2f4a428a,SOXLUSDT,0.0,US_LEVERAGED_ETF:2026-06-18T20:00:00+00:00:2026-06-22T08:00:00+00:00
0.43000000000000005,FALSE_BREAKOUT,0.43000000000000005,0.5043172327574652,0.0,2.380255492776367,0.43000000000000005,D2-R3,EXECUTION_STRESS,31,D2-65dad30b2f4a428a,SOXLUSDT,,US_LEVERAGED_ETF:2026-06-18T20:00:00+00:00:2026-06-22T08:00:00+00:00
0.43000000000000005,FALSE_BREAKOUT,0.43000000000000005,2.5215861637873265,0.0,3.1999130207912976,0.43000000000000005,S0,EXECUTION_STRESS,31,D2-65dad30b2f4a428a,SOXLUSDT,0.0,US_LEVERAGED_ETF:2026-06-18T20:00:00+00:00:2026-06-22T08:00:00+00:00
0.43000000000000005,FALSE_BREAKOUT,0.43000000000000005,2.5215861637873265,0.0,3.1999130207912976,0.43000000000000005,S1,EXECUTION_STRESS,31,D2-65dad30b2f4a428a,SOXLUSDT,0.0,US_LEVERAGED_ETF:2026-06-18T20:00:00+00:00:2026-06-22T08:00:00+00:00
0.43000000000000005,FALSE_BREAKOUT,0.43000000000000005,2.5215861637873265,0.0,3.2377084082912972,0.43000000000000005,S2,EXECUTION_STRESS,31,D2-65dad30b2f4a428a,SOXLUSDT,0.0,US_LEVERAGED_ETF:2026-06-18T20:00:00+00:00:2026-06-22T08:00:00+00:00
0.43000000000000005,FALSE_BREAKOUT,0.43000000000000005,2.5215861637873265,0.0,3.2944014895412974,0.43000000000000005,S3,EXECUTION_STRESS,31,D2-65dad30b2f4a428a,SOXLUSDT,0.0,US_LEVERAGED_ETF:2026-06-18T20:00:00+00:00:2026-06-22T08:00:00+00:00
0.43000000000000005,FALSE_BREAKOUT,0.43000000000000005,0.5043172327574652,0.0,2.249158568845879,0.43000000000000005,D2-R3,EXECUTION_STRESS,59,D2-65dad30b2f4a428a,SOXLUSDT,,US_LEVERAGED_ETF:2026-06-18T20:00:00+00:00:2026-06-22T08:00:00+00:00
0.43000000000000005,FALSE_BREAKOUT,0.43000000000000005,2.5215861637873265,0.0,3.0688160968608096,0.43000000000000005,S0,EXECUTION_STRESS,59,D2-65dad30b2f4a428a,SOXLUSDT,0.0,US_LEVERAGED_ETF:2026-06-18T20:00:00+00:00:2026-06-22T08:00:00+00:00
0.43000000000000005,FALSE_BREAKOUT,0.43000000000000005,2.5215861637873265,0.0,3.0688160968608096,0.43000000000000005,S1,EXECUTION_STRESS,59,D2-65dad30b2f4a428a,SOXLUSDT,0.0,US_LEVERAGED_ETF:2026-06-18T20:00:00+00:00:2026-06-22T08:00:00+00:00
0.43000000000000005,FALSE_BREAKOUT,0.43000000000000005,2.5215861637873265,0.0,3.1066114843608092,0.43000000000000005,S2,EXECUTION_STRESS,59,D2-65dad30b2f4a428a,SOXLUSDT,0.0,US_LEVERAGED_ETF:2026-06-18T20:00:00+00:00:2026-06-22T08:00:00+00:00
0.43000000000000005,FALSE_BREAKOUT,0.43000000000000005,2.5215861637873265,0.0,3.1633045656108094,0.43000000000000005,S3,EXECUTION_STRESS,59,D2-65dad30b2f4a428a,SOXLUSDT,0.0,US_LEVERAGED_ETF:2026-06-18T20:00:00+00:00:2026-06-22T08:00:00+00:00
0.43000000000000005,FALSE_BREAKOUT,0.43000000000000005,0.5043172327574652,0.0,2.380255492776367,0.43000000000000005,D2-R3,EXECUTION_STRESS,97,D2-65dad30b2f4a428a,SOXLUSDT,,US_LEVERAGED_ETF:2026-06-18T20:00:00+00:00:2026-06-22T08:00:00+00:00
0.43000000000000005,FALSE_BREAKOUT,0.43000000000000005,2.5215861637873265,0.0,3.1999130207912976,0.43000000000000005,S0,EXECUTION_STRESS,97,D2-65dad30b2f4a428a,SOXLUSDT,0.0,US_LEVERAGED_ETF:2026-06-18T20:00:00+00:00:2026-06-22T08:00:00+00:00
0.43000000000000005,FALSE_BREAKOUT,0.43000000000000005,2.5215861637873265,0.0,3.1999130207912976,0.43000000000000005,S1,EXECUTION_STRESS,97,D2-65dad30b2f4a428a,SOXLUSDT,0.0,US_LEVERAGED_ETF:2026-06-18T20:00:00+00:00:2026-06-22T08:00:00+00:00
0.43000000000000005,FALSE_BREAKOUT,0.43000000000000005,2.5215861637873265,0.0,3.2377084082912972,0.43000000000000005,S2,EXECUTION_STRESS,97,D2-65dad30b2f4a428a,SOXLUSDT,0.0,US_LEVERAGED_ETF:2026-06-18T20:00:00+00:00:2026-06-22T08:00:00+00:00
0.43000000000000005,FALSE_BREAKOUT,0.43000000000000005,2.5215861637873265,0.0,3.2944014895412974,0.43000000000000005,S3,EXECUTION_STRESS,97,D2-65dad30b2f4a428a,SOXLUSDT,0.0,US_LEVERAGED_ETF:2026-06-18T20:00:00+00:00:2026-06-22T08:00:00+00:00
0.43000000000000005,FALSE_BREAKOUT,0.43000000000000005,0.5043172327574652,0.0,2.0380218668191783,0.43000000000000005,D2-R3,MAKER_PROMO_OFF,3,D2-65dad30b2f4a428a,SOXLUSDT,,US_LEVERAGED_ETF:2026-06-18T20:00:00+00:00:2026-06-22T08:00:00+00:00
0.43000000000000005,FALSE_BREAKOUT,0.43000000000000005,2.5215861637873265,0.0,2.930362832334109,0.43000000000000005,S0,MAKER_PROMO_OFF,3,D2-65dad30b2f4a428a,SOXLUSDT,0.0,US_LEVERAGED_ETF:2026-06-18T20:00:00+00:00:2026-06-22T08:00:00+00:00
0.43000000000000005,FALSE_BREAKOUT,0.43000000000000005,2.5215861637873265,0.0,2.930362832334109,0.43000000000000005,S1,MAKER_PROMO_OFF,3,D2-65dad30b2f4a428a,SOXLUSDT,0.0,US_LEVERAGED_ETF:2026-06-18T20:00:00+00:00:2026-06-22T08:00:00+00:00
0.43000000000000005,FALSE_BREAKOUT,0.43000000000000005,2.5215861637873265,0.0,2.953621532334109,0.43000000000000005,S2,MAKER_PROMO_OFF,3,D2-65dad30b2f4a428a,SOXLUSDT,0.0,US_LEVERAGED_ETF:2026-06-18T20:00:00+00:00:2026-06-22T08:00:00+00:00
0.43000000000000005,FALSE_BREAKOUT,0.43000000000000005,2.5215861637873265,0.0,2.988509582334109,0.43000000000000005,S3,MAKER_PROMO_OFF,3,D2-65dad30b2f4a428a,SOXLUSDT,0.0,US_LEVERAGED_ETF:2026-06-18T20:00:00+00:00:2026-06-22T08:00:00+00:00
0.43000000000000005,FALSE_BREAKOUT,0.43000000000000005,0.5043172327574652,0.0,2.0380218668191783,0.43000000000000005,D2-R3,MAKER_PROMO_OFF,10,D2-65dad30b2f4a428a,SOXLUSDT,,US_LEVERAGED_ETF:2026-06-18T20:00:00+00:00:2026-06-22T08:00:00+00:00
0.43000000000000005,FALSE_BREAKOUT,0.43000000000000005,2.5215861637873265,0.0,2.930362832334109,0.43000000000000005,S0,MAKER_PROMO_OFF,10,D2-65dad30b2f4a428a,SOXLUSDT,0.0,US_LEVERAGED_ETF:2026-06-18T20:00:00+00:00:2026-06-22T08:00:00+00:00
0.43000000000000005,FALSE_BREAKOUT,0.43000000000000005,2.5215861637873265,0.0,2.930362832334109,0.43000000000000005,S1,MAKER_PROMO_OFF,10,D2-65dad30b2f4a428a,SOXLUSDT,0.0,US_LEVERAGED_ETF:2026-06-18T20:00:00+00:00:2026-06-22T08:00:00+00:00
0.43000000000000005,FALSE_BREAKOUT,0.43000000000000005,2.5215861637873265,0.0,2.953621532334109,0.43000000000000005,S2,MAKER_PROMO_OFF,10,D2-65dad30b2f4a428a,SOXLUSDT,0.0,US_LEVERAGED_ETF:2026-06-18T20:00:00+00:00:2026-06-22T08:00:00+00:00
0.43000000000000005,FALSE_BREAKOUT,0.43000000000000005,2.5215861637873265,0.0,2.988509582334109,0.43000000000000005,S3,MAKER_PROMO_OFF,10,D2-65dad30b2f4a428a,SOXLUSDT,0.0,US_LEVERAGED_ETF:2026-06-18T20:00:00+00:00:2026-06-22T08:00:00+00:00
0.43000000000000005,FALSE_BREAKOUT,0.43000000000000005,0.5043172327574652,0.0,2.0380218668191783,0.43000000000000005,D2-R3,MAKER_PROMO_OFF,17,D2-65dad30b2f4a428a,SOXLUSDT,,US_LEVERAGED_ETF:2026-06-18T20:00:00+00:00:2026-06-22T08:00:00+00:00
0.43000000000000005,FALSE_BREAKOUT,0.43000000000000005,2.5215861637873265,0.0,2.930362832334109,0.43000000000000005,S0,MAKER_PROMO_OFF,17,D2-65dad30b2f4a428a,SOXLUSDT,0.0,US_LEVERAGED_ETF:2026-06-18T20:00:00+00:00:2026-06-22T08:00:00+00:00
0.43000000000000005,FALSE_BREAKOUT,0.43000000000000005,2.5215861637873265,0.0,2.930362832334109,0.43000000000000005,S1,MAKER_PROMO_OFF,17,D2-65dad30b2f4a428a,SOXLUSDT,0.0,US_LEVERAGED_ETF:2026-06-18T20:00:00+00:00:2026-06-22T08:00:00+00:00
0.43000000000000005,FALSE_BREAKOUT,0.43000000000000005,2.5215861637873265,0.0,2.953621532334109,0.43000000000000005,S2,MAKER_PROMO_OFF,17,D2-65dad30b2f4a428a,SOXLUSDT,0.0,US_LEVERAGED_ETF:2026-06-18T20:00:00+00:00:2026-06-22T08:00:00+00:00
0.43000000000000005,FALSE_BREAKOUT,0.43000000000000005,2.5215861637873265,0.0,2.988509582334109,0.43000000000000005,S3,MAKER_PROMO_OFF,17,D2-65dad30b2f4a428a,SOXLUSDT,0.0,US_LEVERAGED_ETF:2026-06-18T20:00:00+00:00:2026-06-22T08:00:00+00:00
0.43000000000000005,FALSE_BREAKOUT,0.43000000000000005,0.5043172327574652,0.0,2.0380218668191783,0.43000000000000005,D2-R3,MAKER_PROMO_OFF,31,D2-65dad30b2f4a428a,SOXLUSDT,,US_LEVERAGED_ETF:2026-06-18T20:00:00+00:00:2026-06-22T08:00:00+00:00
0.43000000000000005,FALSE_BREAKOUT,0.43000000000000005,2.5215861637873265,0.0,2.930362832334109,0.43000000000000005,S0,MAKER_PROMO_OFF,31,D2-65dad30b2f4a428a,SOXLUSDT,0.0,US_LEVERAGED_ETF:2026-06-18T20:00:00+00:00:2026-06-22T08:00:00+00:00
0.43000000000000005,FALSE_BREAKOUT,0.43000000000000005,2.5215861637873265,0.0,2.930362832334109,0.43000000000000005,S1,MAKER_PROMO_OFF,31,D2-65dad30b2f4a428a,SOXLUSDT,0.0,US_LEVERAGED_ETF:2026-06-18T20:00:00+00:00:2026-06-22T08:00:00+00:00
0.43000000000000005,FALSE_BREAKOUT,0.43000000000000005,2.5215861637873265,0.0,2.953621532334109,0.43000000000000005,S2,MAKER_PROMO_OFF,31,D2-65dad30b2f4a428a,SOXLUSDT,0.0,US_LEVERAGED_ETF:2026-06-18T20:00:00+00:00:2026-06-22T08:00:00+00:00
0.43000000000000005,FALSE_BREAKOUT,0.43000000000000005,2.5215861637873265,0.0,2.988509582334109,0.43000000000000005,S3,MAKER_PROMO_OFF,31,D2-65dad30b2f4a428a,SOXLUSDT,0.0,US_LEVERAGED_ETF:2026-06-18T20:00:00+00:00:2026-06-22T08:00:00+00:00
0.43000000000000005,FALSE_BREAKOUT,0.43000000000000005,0.5043172327574652,0.0,2.0380218668191783,0.43000000000000005,D2-R3,MAKER_PROMO_OFF,59,D2-65dad30b2f4a428a,SOXLUSDT,,US_LEVERAGED_ETF:2026-06-18T20:00:00+00:00:2026-06-22T08:00:00+00:00
0.43000000000000005,FALSE_BREAKOUT,0.43000000000000005,2.5215861637873265,0.0,2.930362832334109,0.43000000000000005,S0,MAKER_PROMO_OFF,59,D2-65dad30b2f4a428a,SOXLUSDT,0.0,US_LEVERAGED_ETF:2026-06-18T20:00:00+00:00:2026-06-22T08:00:00+00:00
0.43000000000000005,FALSE_BREAKOUT,0.43000000000000005,2.5215861637873265,0.0,2.930362832334109,0.43000000000000005,S1,MAKER_PROMO_OFF,59,D2-65dad30b2f4a428a,SOXLUSDT,0.0,US_LEVERAGED_ETF:2026-06-18T20:00:00+00:00:2026-06-22T08:00:00+00:00
0.43000000000000005,FALSE_BREAKOUT,0.43000000000000005,2.5215861637873265,0.0,2.953621532334109,0.43000000000000005,S2,MAKER_PROMO_OFF,59,D2-65dad30b2f4a428a,SOXLUSDT,0.0,US_LEVERAGED_ETF:2026-06-18T20:00:00+00:00:2026-06-22T08:00:00+00:00
0.43000000000000005,FALSE_BREAKOUT,0.43000000000000005,2.5215861637873265,0.0,2.988509582334109,0.43000000000000005,S3,MAKER_PROMO_OFF,59,D2-65dad30b2f4a428a,SOXLUSDT,0.0,US_LEVERAGED_ETF:2026-06-18T20:00:00+00:00:2026-06-22T08:00:00+00:00
0.43000000000000005,FALSE_BREAKOUT,0.43000000000000005,0.5043172327574652,0.0,2.18028377136488,0.43000000000000005,D2-R3,MAKER_PROMO_OFF,97,D2-65dad30b2f4a428a,SOXLUSDT,,US_LEVERAGED_ETF:2026-06-18T20:00:00+00:00:2026-06-22T08:00:00+00:00
0.43000000000000005,FALSE_BREAKOUT,0.43000000000000005,2.5215861637873265,0.0,3.0726247368798107,0.43000000000000005,S0,MAKER_PROMO_OFF,97,D2-65dad30b2f4a428a,SOXLUSDT,0.0,US_LEVERAGED_ETF:2026-06-18T20:00:00+00:00:2026-06-22T08:00:00+00:00
0.43000000000000005,FALSE_BREAKOUT,0.43000000000000005,2.5215861637873265,0.0,3.0726247368798107,0.43000000000000005,S1,MAKER_PROMO_OFF,97,D2-65dad30b2f4a428a,SOXLUSDT,0.0,US_LEVERAGED_ETF:2026-06-18T20:00:00+00:00:2026-06-22T08:00:00+00:00
0.43000000000000005,FALSE_BREAKOUT,0.43000000000000005,2.5215861637873265,0.0,3.0958834368798107,0.43000000000000005,S2,MAKER_PROMO_OFF,97,D2-65dad30b2f4a428a,SOXLUSDT,0.0,US_LEVERAGED_ETF:2026-06-18T20:00:00+00:00:2026-06-22T08:00:00+00:00
0.43000000000000005,FALSE_BREAKOUT,0.43000000000000005,2.5215861637873265,0.0,3.130771486879811,0.43000000000000005,S3,MAKER_PROMO_OFF,97,D2-65dad30b2f4a428a,SOXLUSDT,0.0,US_LEVERAGED_ETF:2026-06-18T20:00:00+00:00:2026-06-22T08:00:00+00:00
0.47000000000000003,FALSE_BREAKOUT,0.47000000000000003,0.7659187400474123,0.0,2.4173397504402647,-0.47000000000000003,D2-R3,PRIMARY_ZERO_MAKER,3,D2-0acac97ea7d9f11f,SOXLUSDT,,US_LEVERAGED_ETF:2026-06-26T20:00:00+00:00:2026-06-29T08:00:00+00:00
0.47000000000000003,FALSE_BREAKOUT,0.47000000000000003,2.533705671371443,0.0,3.22379954110228,-0.47000000000000003,S0,PRIMARY_ZERO_MAKER,3,D2-0acac97ea7d9f11f,SOXLUSDT,0.0,US_LEVERAGED_ETF:2026-06-26T20:00:00+00:00:2026-06-29T08:00:00+00:00
0.47000000000000003,FALSE_BREAKOUT,0.47000000000000003,2.533705671371443,0.0,3.22379954110228,-0.47000000000000003,S1,PRIMARY_ZERO_MAKER,3,D2-0acac97ea7d9f11f,SOXLUSDT,0.0,US_LEVERAGED_ETF:2026-06-26T20:00:00+00:00:2026-06-29T08:00:00+00:00
0.47000000000000003,FALSE_BREAKOUT,0.47000000000000003,2.533705671371443,0.0,3.23928627610228,-0.47000000000000003,S2,PRIMARY_ZERO_MAKER,3,D2-0acac97ea7d9f11f,SOXLUSDT,0.0,US_LEVERAGED_ETF:2026-06-26T20:00:00+00:00:2026-06-29T08:00:00+00:00
0.47000000000000003,FALSE_BREAKOUT,0.47000000000000003,2.533705671371443,0.0,3.26251637860228,-0.47000000000000003,S3,PRIMARY_ZERO_MAKER,3,D2-0acac97ea7d9f11f,SOXLUSDT,0.0,US_LEVERAGED_ETF:2026-06-26T20:00:00+00:00:2026-06-29T08:00:00+00:00
0.47000000000000003,FALSE_BREAKOUT,0.47000000000000003,0.7659187400474123,0.0,2.4173397504402647,-0.47000000000000003,D2-R3,PRIMARY_ZERO_MAKER,10,D2-0acac97ea7d9f11f,SOXLUSDT,,US_LEVERAGED_ETF:2026-06-26T20:00:00+00:00:2026-06-29T08:00:00+00:00
0.47000000000000003,FALSE_BREAKOUT,0.47000000000000003,2.533705671371443,0.0,3.22379954110228,-0.47000000000000003,S0,PRIMARY_ZERO_MAKER,10,D2-0acac97ea7d9f11f,SOXLUSDT,0.0,US_LEVERAGED_ETF:2026-06-26T20:00:00+00:00:2026-06-29T08:00:00+00:00
0.47000000000000003,FALSE_BREAKOUT,0.47000000000000003,2.533705671371443,0.0,3.22379954110228,-0.47000000000000003,S1,PRIMARY_ZERO_MAKER,10,D2-0acac97ea7d9f11f,SOXLUSDT,0.0,US_LEVERAGED_ETF:2026-06-26T20:00:00+00:00:2026-06-29T08:00:00+00:00
0.47000000000000003,FALSE_BREAKOUT,0.47000000000000003,2.533705671371443,0.0,3.23928627610228,-0.47000000000000003,S2,PRIMARY_ZERO_MAKER,10,D2-0acac97ea7d9f11f,SOXLUSDT,0.0,US_LEVERAGED_ETF:2026-06-26T20:00:00+00:00:2026-06-29T08:00:00+00:00
0.47000000000000003,FALSE_BREAKOUT,0.47000000000000003,2.533705671371443,0.0,3.26251637860228,-0.47000000000000003,S3,PRIMARY_ZERO_MAKER,10,D2-0acac97ea7d9f11f,SOXLUSDT,0.0,US_LEVERAGED_ETF:2026-06-26T20:00:00+00:00:2026-06-29T08:00:00+00:00
0.47000000000000003,FALSE_BREAKOUT,0.47000000000000003,0.7659187400474123,0.0,2.4173397504402647,-0.47000000000000003,D2-R3,PRIMARY_ZERO_MAKER,17,D2-0acac97ea7d9f11f,SOXLUSDT,,US_LEVERAGED_ETF:2026-06-26T20:00:00+00:00:2026-06-29T08:00:00+00:00
0.47000000000000003,FALSE_BREAKOUT,0.47000000000000003,2.533705671371443,0.0,3.22379954110228,-0.47000000000000003,S0,PRIMARY_ZERO_MAKER,17,D2-0acac97ea7d9f11f,SOXLUSDT,0.0,US_LEVERAGED_ETF:2026-06-26T20:00:00+00:00:2026-06-29T08:00:00+00:00
0.47000000000000003,FALSE_BREAKOUT,0.47000000000000003,2.533705671371443,0.0,3.22379954110228,-0.47000000000000003,S1,PRIMARY_ZERO_MAKER,17,D2-0acac97ea7d9f11f,SOXLUSDT,0.0,US_LEVERAGED_ETF:2026-06-26T20:00:00+00:00:2026-06-29T08:00:00+00:00
0.47000000000000003,FALSE_BREAKOUT,0.47000000000000003,2.533705671371443,0.0,3.23928627610228,-0.47000000000000003,S2,PRIMARY_ZERO_MAKER,17,D2-0acac97ea7d9f11f,SOXLUSDT,0.0,US_LEVERAGED_ETF:2026-06-26T20:00:00+00:00:2026-06-29T08:00:00+00:00
0.47000000000000003,FALSE_BREAKOUT,0.47000000000000003,2.533705671371443,0.0,3.26251637860228,-0.47000000000000003,S3,PRIMARY_ZERO_MAKER,17,D2-0acac97ea7d9f11f,SOXLUSDT,0.0,US_LEVERAGED_ETF:2026-06-26T20:00:00+00:00:2026-06-29T08:00:00+00:00
0.47000000000000003,FALSE_BREAKOUT,0.47000000000000003,0.7659187400474123,0.0,2.4173397504402647,-0.47000000000000003,D2-R3,PRIMARY_ZERO_MAKER,31,D2-0acac97ea7d9f11f,SOXLUSDT,,US_LEVERAGED_ETF:2026-06-26T20:00:00+00:00:2026-06-29T08:00:00+00:00
0.47000000000000003,FALSE_BREAKOUT,0.47000000000000003,2.533705671371443,0.0,3.22379954110228,-0.47000000000000003,S0,PRIMARY_ZERO_MAKER,31,D2-0acac97ea7d9f11f,SOXLUSDT,0.0,US_LEVERAGED_ETF:2026-06-26T20:00:00+00:00:2026-06-29T08:00:00+00:00
0.47000000000000003,FALSE_BREAKOUT,0.47000000000000003,2.533705671371443,0.0,3.22379954110228,-0.47000000000000003,S1,PRIMARY_ZERO_MAKER,31,D2-0acac97ea7d9f11f,SOXLUSDT,0.0,US_LEVERAGED_ETF:2026-06-26T20:00:00+00:00:2026-06-29T08:00:00+00:00
0.47000000000000003,FALSE_BREAKOUT,0.47000000000000003,2.533705671371443,0.0,3.23928627610228,-0.47000000000000003,S2,PRIMARY_ZERO_MAKER,31,D2-0acac97ea7d9f11f,SOXLUSDT,0.0,US_LEVERAGED_ETF:2026-06-26T20:00:00+00:00:2026-06-29T08:00:00+00:00
0.47000000000000003,FALSE_BREAKOUT,0.47000000000000003,2.533705671371443,0.0,3.26251637860228,-0.47000000000000003,S3,PRIMARY_ZERO_MAKER,31,D2-0acac97ea7d9f11f,SOXLUSDT,0.0,US_LEVERAGED_ETF:2026-06-26T20:00:00+00:00:2026-06-29T08:00:00+00:00
0.47000000000000003,FALSE_BREAKOUT,0.47000000000000003,0.7659187400474123,0.0,2.4173397504402647,-0.47000000000000003,D2-R3,PRIMARY_ZERO_MAKER,59,D2-0acac97ea7d9f11f,SOXLUSDT,,US_LEVERAGED_ETF:2026-06-26T20:00:00+00:00:2026-06-29T08:00:00+00:00
0.47000000000000003,FALSE_BREAKOUT,0.47000000000000003,2.533705671371443,0.0,3.22379954110228,-0.47000000000000003,S0,PRIMARY_ZERO_MAKER,59,D2-0acac97ea7d9f11f,SOXLUSDT,0.0,US_LEVERAGED_ETF:2026-06-26T20:00:00+00:00:2026-06-29T08:00:00+00:00
0.47000000000000003,FALSE_BREAKOUT,0.47000000000000003,2.533705671371443,0.0,3.22379954110228,-0.47000000000000003,S1,PRIMARY_ZERO_MAKER,59,D2-0acac97ea7d9f11f,SOXLUSDT,0.0,US_LEVERAGED_ETF:2026-06-26T20:00:00+00:00:2026-06-29T08:00:00+00:00
0.47000000000000003,FALSE_BREAKOUT,0.47000000000000003,2.533705671371443,0.0,3.23928627610228,-0.47000000000000003,S2,PRIMARY_ZERO_MAKER,59,D2-0acac97ea7d9f11f,SOXLUSDT,0.0,US_LEVERAGED_ETF:2026-06-26T20:00:00+00:00:2026-06-29T08:00:00+00:00
0.47000000000000003,FALSE_BREAKOUT,0.47000000000000003,2.533705671371443,0.0,3.26251637860228,-0.47000000000000003,S3,PRIMARY_ZERO_MAKER,59,D2-0acac97ea7d9f11f,SOXLUSDT,0.0,US_LEVERAGED_ETF:2026-06-26T20:00:00+00:00:2026-06-29T08:00:00+00:00
0.47000000000000003,FALSE_BREAKOUT,0.47000000000000003,0.7659187400474123,0.0,2.4173397504402647,-0.47000000000000003,D2-R3,PRIMARY_ZERO_MAKER,97,D2-0acac97ea7d9f11f,SOXLUSDT,,US_LEVERAGED_ETF:2026-06-26T20:00:00+00:00:2026-06-29T08:00:00+00:00
0.47000000000000003,FALSE_BREAKOUT,0.47000000000000003,2.533705671371443,0.0,3.22379954110228,-0.47000000000000003,S0,PRIMARY_ZERO_MAKER,97,D2-0acac97ea7d9f11f,SOXLUSDT,0.0,US_LEVERAGED_ETF:2026-06-26T20:00:00+00:00:2026-06-29T08:00:00+00:00
0.47000000000000003,FALSE_BREAKOUT,0.47000000000000003,2.533705671371443,0.0,3.22379954110228,-0.47000000000000003,S1,PRIMARY_ZERO_MAKER,97,D2-0acac97ea7d9f11f,SOXLUSDT,0.0,US_LEVERAGED_ETF:2026-06-26T20:00:00+00:00:2026-06-29T08:00:00+00:00
0.47000000000000003,FALSE_BREAKOUT,0.47000000000000003,2.533705671371443,0.0,3.23928627610228,-0.47000000000000003,S2,PRIMARY_ZERO_MAKER,97,D2-0acac97ea7d9f11f,SOXLUSDT,0.0,US_LEVERAGED_ETF:2026-06-26T20:00:00+00:00:2026-06-29T08:00:00+00:00
0.47000000000000003,FALSE_BREAKOUT,0.47000000000000003,2.533705671371443,0.0,3.26251637860228,-0.47000000000000003,S3,PRIMARY_ZERO_MAKER,97,D2-0acac97ea7d9f11f,SOXLUSDT,0.0,US_LEVERAGED_ETF:2026-06-26T20:00:00+00:00:2026-06-29T08:00:00+00:00
0.47000000000000003,FALSE_BREAKOUT,0.47000000000000003,0.7659187400474123,0.0,2.813111909175772,-0.47000000000000003,D2-R3,EXECUTION_STRESS,3,D2-0acac97ea7d9f11f,SOXLUSDT,,US_LEVERAGED_ETF:2026-06-26T20:00:00+00:00:2026-06-29T08:00:00+00:00
0.47000000000000003,FALSE_BREAKOUT,0.47000000000000003,2.533705671371443,0.0,3.5292324123377874,-0.47000000000000003,S0,EXECUTION_STRESS,3,D2-0acac97ea7d9f11f,SOXLUSDT,0.0,US_LEVERAGED_ETF:2026-06-26T20:00:00+00:00:2026-06-29T08:00:00+00:00
0.47000000000000003,FALSE_BREAKOUT,0.47000000000000003,2.533705671371443,0.0,3.5292324123377874,-0.47000000000000003,S1,EXECUTION_STRESS,3,D2-0acac97ea7d9f11f,SOXLUSDT,0.0,US_LEVERAGED_ETF:2026-06-26T20:00:00+00:00:2026-06-29T08:00:00+00:00
0.47000000000000003,FALSE_BREAKOUT,0.47000000000000003,2.533705671371443,0.0,3.562787004837787,-0.47000000000000003,S2,EXECUTION_STRESS,3,D2-0acac97ea7d9f11f,SOXLUSDT,0.0,US_LEVERAGED_ETF:2026-06-26T20:00:00+00:00:2026-06-29T08:00:00+00:00
0.47000000000000003,FALSE_BREAKOUT,0.47000000000000003,2.533705671371443,0.0,3.6131188935877874,-0.47000000000000003,S3,EXECUTION_STRESS,3,D2-0acac97ea7d9f11f,SOXLUSDT,0.0,US_LEVERAGED_ETF:2026-06-26T20:00:00+00:00:2026-06-29T08:00:00+00:00
0.47000000000000003,FALSE_BREAKOUT,0.47000000000000003,0.7659187400474123,0.0,2.726311909175772,-0.47000000000000003,D2-R3,EXECUTION_STRESS,10,D2-0acac97ea7d9f11f,SOXLUSDT,,US_LEVERAGED_ETF:2026-06-26T20:00:00+00:00:2026-06-29T08:00:00+00:00
0.47000000000000003,FALSE_BREAKOUT,0.47000000000000003,2.533705671371443,0.0,3.442432412337787,-0.47000000000000003,S0,EXECUTION_STRESS,10,D2-0acac97ea7d9f11f,SOXLUSDT,0.0,US_LEVERAGED_ETF:2026-06-26T20:00:00+00:00:2026-06-29T08:00:00+00:00
0.47000000000000003,FALSE_BREAKOUT,0.47000000000000003,2.533705671371443,0.0,3.442432412337787,-0.47000000000000003,S1,EXECUTION_STRESS,10,D2-0acac97ea7d9f11f,SOXLUSDT,0.0,US_LEVERAGED_ETF:2026-06-26T20:00:00+00:00:2026-06-29T08:00:00+00:00
0.47000000000000003,FALSE_BREAKOUT,0.47000000000000003,2.533705671371443,0.0,3.475987004837787,-0.47000000000000003,S2,EXECUTION_STRESS,10,D2-0acac97ea7d9f11f,SOXLUSDT,0.0,US_LEVERAGED_ETF:2026-06-26T20:00:00+00:00:2026-06-29T08:00:00+00:00
0.47000000000000003,FALSE_BREAKOUT,0.47000000000000003,2.533705671371443,0.0,3.526318893587787,-0.47000000000000003,S3,EXECUTION_STRESS,10,D2-0acac97ea7d9f11f,SOXLUSDT,0.0,US_LEVERAGED_ETF:2026-06-26T20:00:00+00:00:2026-06-29T08:00:00+00:00
0.47000000000000003,FALSE_BREAKOUT,0.47000000000000003,0.7659187400474123,0.0,2.726311909175772,-0.47000000000000003,D2-R3,EXECUTION_STRESS,17,D2-0acac97ea7d9f11f,SOXLUSDT,,US_LEVERAGED_ETF:2026-06-26T20:00:00+00:00:2026-06-29T08:00:00+00:00
0.47000000000000003,FALSE_BREAKOUT,0.47000000000000003,2.533705671371443,0.0,3.442432412337787,-0.47000000000000003,S0,EXECUTION_STRESS,17,D2-0acac97ea7d9f11f,SOXLUSDT,0.0,US_LEVERAGED_ETF:2026-06-26T20:00:00+00:00:2026-06-29T08:00:00+00:00
0.47000000000000003,FALSE_BREAKOUT,0.47000000000000003,2.533705671371443,0.0,3.442432412337787,-0.47000000000000003,S1,EXECUTION_STRESS,17,D2-0acac97ea7d9f11f,SOXLUSDT,0.0,US_LEVERAGED_ETF:2026-06-26T20:00:00+00:00:2026-06-29T08:00:00+00:00
0.47000000000000003,FALSE_BREAKOUT,0.47000000000000003,2.533705671371443,0.0,3.475987004837787,-0.47000000000000003,S2,EXECUTION_STRESS,17,D2-0acac97ea7d9f11f,SOXLUSDT,0.0,US_LEVERAGED_ETF:2026-06-26T20:00:00+00:00:2026-06-29T08:00:00+00:00
0.47000000000000003,FALSE_BREAKOUT,0.47000000000000003,2.533705671371443,0.0,3.526318893587787,-0.47000000000000003,S3,EXECUTION_STRESS,17,D2-0acac97ea7d9f11f,SOXLUSDT,0.0,US_LEVERAGED_ETF:2026-06-26T20:00:00+00:00:2026-06-29T08:00:00+00:00
0.47000000000000003,FALSE_BREAKOUT,0.47000000000000003,0.7659187400474123,0.0,2.726311909175772,-0.47000000000000003,D2-R3,EXECUTION_STRESS,31,D2-0acac97ea7d9f11f,SOXLUSDT,,US_LEVERAGED_ETF:2026-06-26T20:00:00+00:00:2026-06-29T08:00:00+00:00
0.47000000000000003,FALSE_BREAKOUT,0.47000000000000003,2.533705671371443,0.0,3.442432412337787,-0.47000000000000003,S0,EXECUTION_STRESS,31,D2-0acac97ea7d9f11f,SOXLUSDT,0.0,US_LEVERAGED_ETF:2026-06-26T20:00:00+00:00:2026-06-29T08:00:00+00:00
0.47000000000000003,FALSE_BREAKOUT,0.47000000000000003,2.533705671371443,0.0,3.442432412337787,-0.47000000000000003,S1,EXECUTION_STRESS,31,D2-0acac97ea7d9f11f,SOXLUSDT,0.0,US_LEVERAGED_ETF:2026-06-26T20:00:00+00:00:2026-06-29T08:00:00+00:00
0.47000000000000003,FALSE_BREAKOUT,0.47000000000000003,2.533705671371443,0.0,3.475987004837787,-0.47000000000000003,S2,EXECUTION_STRESS,31,D2-0acac97ea7d9f11f,SOXLUSDT,0.0,US_LEVERAGED_ETF:2026-06-26T20:00:00+00:00:2026-06-29T08:00:00+00:00
0.47000000000000003,FALSE_BREAKOUT,0.47000000000000003,2.533705671371443,0.0,3.526318893587787,-0.47000000000000003,S3,EXECUTION_STRESS,31,D2-0acac97ea7d9f11f,SOXLUSDT,0.0,US_LEVERAGED_ETF:2026-06-26T20:00:00+00:00:2026-06-29T08:00:00+00:00
0.47000000000000003,FALSE_BREAKOUT,0.47000000000000003,0.7659187400474123,0.0,2.726311909175772,-0.47000000000000003,D2-R3,EXECUTION_STRESS,59,D2-0acac97ea7d9f11f,SOXLUSDT,,US_LEVERAGED_ETF:2026-06-26T20:00:00+00:00:2026-06-29T08:00:00+00:00
0.47000000000000003,FALSE_BREAKOUT,0.47000000000000003,2.533705671371443,0.0,3.442432412337787,-0.47000000000000003,S0,EXECUTION_STRESS,59,D2-0acac97ea7d9f11f,SOXLUSDT,0.0,US_LEVERAGED_ETF:2026-06-26T20:00:00+00:00:2026-06-29T08:00:00+00:00
0.47000000000000003,FALSE_BREAKOUT,0.47000000000000003,2.533705671371443,0.0,3.442432412337787,-0.47000000000000003,S1,EXECUTION_STRESS,59,D2-0acac97ea7d9f11f,SOXLUSDT,0.0,US_LEVERAGED_ETF:2026-06-26T20:00:00+00:00:2026-06-29T08:00:00+00:00
0.47000000000000003,FALSE_BREAKOUT,0.47000000000000003,2.533705671371443,0.0,3.475987004837787,-0.47000000000000003,S2,EXECUTION_STRESS,59,D2-0acac97ea7d9f11f,SOXLUSDT,0.0,US_LEVERAGED_ETF:2026-06-26T20:00:00+00:00:2026-06-29T08:00:00+00:00
0.47000000000000003,FALSE_BREAKOUT,0.47000000000000003,2.533705671371443,0.0,3.526318893587787,-0.47000000000000003,S3,EXECUTION_STRESS,59,D2-0acac97ea7d9f11f,SOXLUSDT,0.0,US_LEVERAGED_ETF:2026-06-26T20:00:00+00:00:2026-06-29T08:00:00+00:00
0.47000000000000003,FALSE_BREAKOUT,0.47000000000000003,0.7659187400474123,0.0,2.726311909175772,-0.47000000000000003,D2-R3,EXECUTION_STRESS,97,D2-0acac97ea7d9f11f,SOXLUSDT,,US_LEVERAGED_ETF:2026-06-26T20:00:00+00:00:2026-06-29T08:00:00+00:00
0.47000000000000003,FALSE_BREAKOUT,0.47000000000000003,2.533705671371443,0.0,3.442432412337787,-0.47000000000000003,S0,EXECUTION_STRESS,97,D2-0acac97ea7d9f11f,SOXLUSDT,0.0,US_LEVERAGED_ETF:2026-06-26T20:00:00+00:00:2026-06-29T08:00:00+00:00
0.47000000000000003,FALSE_BREAKOUT,0.47000000000000003,2.533705671371443,0.0,3.442432412337787,-0.47000000000000003,S1,EXECUTION_STRESS,97,D2-0acac97ea7d9f11f,SOXLUSDT,0.0,US_LEVERAGED_ETF:2026-06-26T20:00:00+00:00:2026-06-29T08:00:00+00:00
0.47000000000000003,FALSE_BREAKOUT,0.47000000000000003,2.533705671371443,0.0,3.475987004837787,-0.47000000000000003,S2,EXECUTION_STRESS,97,D2-0acac97ea7d9f11f,SOXLUSDT,0.0,US_LEVERAGED_ETF:2026-06-26T20:00:00+00:00:2026-06-29T08:00:00+00:00
0.47000000000000003,FALSE_BREAKOUT,0.47000000000000003,2.533705671371443,0.0,3.526318893587787,-0.47000000000000003,S3,EXECUTION_STRESS,97,D2-0acac97ea7d9f11f,SOXLUSDT,0.0,US_LEVERAGED_ETF:2026-06-26T20:00:00+00:00:2026-06-29T08:00:00+00:00
0.47000000000000003,FALSE_BREAKOUT,0.47000000000000003,0.7659187400474123,0.0,2.5168197165097723,-0.47000000000000003,D2-R3,MAKER_PROMO_OFF,3,D2-0acac97ea7d9f11f,SOXLUSDT,,US_LEVERAGED_ETF:2026-06-26T20:00:00+00:00:2026-06-29T08:00:00+00:00
0.47000000000000003,FALSE_BREAKOUT,0.47000000000000003,2.533705671371443,0.0,3.2974682821717876,-0.47000000000000003,S0,MAKER_PROMO_OFF,3,D2-0acac97ea7d9f11f,SOXLUSDT,0.0,US_LEVERAGED_ETF:2026-06-26T20:00:00+00:00:2026-06-29T08:00:00+00:00
0.47000000000000003,FALSE_BREAKOUT,0.47000000000000003,2.533705671371443,0.0,3.2974682821717876,-0.47000000000000003,S1,MAKER_PROMO_OFF,3,D2-0acac97ea7d9f11f,SOXLUSDT,0.0,US_LEVERAGED_ETF:2026-06-26T20:00:00+00:00:2026-06-29T08:00:00+00:00
0.47000000000000003,FALSE_BREAKOUT,0.47000000000000003,2.533705671371443,0.0,3.318117262171788,-0.47000000000000003,S2,MAKER_PROMO_OFF,3,D2-0acac97ea7d9f11f,SOXLUSDT,0.0,US_LEVERAGED_ETF:2026-06-26T20:00:00+00:00:2026-06-29T08:00:00+00:00
0.47000000000000003,FALSE_BREAKOUT,0.47000000000000003,2.533705671371443,0.0,3.3490907321717875,-0.47000000000000003,S3,MAKER_PROMO_OFF,3,D2-0acac97ea7d9f11f,SOXLUSDT,0.0,US_LEVERAGED_ETF:2026-06-26T20:00:00+00:00:2026-06-29T08:00:00+00:00
0.47000000000000003,FALSE_BREAKOUT,0.47000000000000003,0.7659187400474123,0.0,2.5168197165097714,-0.47000000000000003,D2-R3,MAKER_PROMO_OFF,10,D2-0acac97ea7d9f11f,SOXLUSDT,,US_LEVERAGED_ETF:2026-06-26T20:00:00+00:00:2026-06-29T08:00:00+00:00
0.47000000000000003,FALSE_BREAKOUT,0.47000000000000003,2.533705671371443,0.0,3.297468282171787,-0.47000000000000003,S0,MAKER_PROMO_OFF,10,D2-0acac97ea7d9f11f,SOXLUSDT,0.0,US_LEVERAGED_ETF:2026-06-26T20:00:00+00:00:2026-06-29T08:00:00+00:00
0.47000000000000003,FALSE_BREAKOUT,0.47000000000000003,2.533705671371443,0.0,3.297468282171787,-0.47000000000000003,S1,MAKER_PROMO_OFF,10,D2-0acac97ea7d9f11f,SOXLUSDT,0.0,US_LEVERAGED_ETF:2026-06-26T20:00:00+00:00:2026-06-29T08:00:00+00:00
0.47000000000000003,FALSE_BREAKOUT,0.47000000000000003,2.533705671371443,0.0,3.3181172621717874,-0.47000000000000003,S2,MAKER_PROMO_OFF,10,D2-0acac97ea7d9f11f,SOXLUSDT,0.0,US_LEVERAGED_ETF:2026-06-26T20:00:00+00:00:2026-06-29T08:00:00+00:00
0.47000000000000003,FALSE_BREAKOUT,0.47000000000000003,2.533705671371443,0.0,3.349090732171787,-0.47000000000000003,S3,MAKER_PROMO_OFF,10,D2-0acac97ea7d9f11f,SOXLUSDT,0.0,US_LEVERAGED_ETF:2026-06-26T20:00:00+00:00:2026-06-29T08:00:00+00:00
0.47000000000000003,FALSE_BREAKOUT,0.47000000000000003,0.7659187400474123,0.0,2.5168197165097714,-0.47000000000000003,D2-R3,MAKER_PROMO_OFF,17,D2-0acac97ea7d9f11f,SOXLUSDT,,US_LEVERAGED_ETF:2026-06-26T20:00:00+00:00:2026-06-29T08:00:00+00:00
0.47000000000000003,FALSE_BREAKOUT,0.47000000000000003,2.533705671371443,0.0,3.297468282171787,-0.47000000000000003,S0,MAKER_PROMO_OFF,17,D2-0acac97ea7d9f11f,SOXLUSDT,0.0,US_LEVERAGED_ETF:2026-06-26T20:00:00+00:00:2026-06-29T08:00:00+00:00
0.47000000000000003,FALSE_BREAKOUT,0.47000000000000003,2.533705671371443,0.0,3.297468282171787,-0.47000000000000003,S1,MAKER_PROMO_OFF,17,D2-0acac97ea7d9f11f,SOXLUSDT,0.0,US_LEVERAGED_ETF:2026-06-26T20:00:00+00:00:2026-06-29T08:00:00+00:00
0.47000000000000003,FALSE_BREAKOUT,0.47000000000000003,2.533705671371443,0.0,3.3181172621717874,-0.47000000000000003,S2,MAKER_PROMO_OFF,17,D2-0acac97ea7d9f11f,SOXLUSDT,0.0,US_LEVERAGED_ETF:2026-06-26T20:00:00+00:00:2026-06-29T08:00:00+00:00
0.47000000000000003,FALSE_BREAKOUT,0.47000000000000003,2.533705671371443,0.0,3.349090732171787,-0.47000000000000003,S3,MAKER_PROMO_OFF,17,D2-0acac97ea7d9f11f,SOXLUSDT,0.0,US_LEVERAGED_ETF:2026-06-26T20:00:00+00:00:2026-06-29T08:00:00+00:00
0.47000000000000003,FALSE_BREAKOUT,0.47000000000000003,0.7659187400474123,0.0,2.5168197165097714,-0.47000000000000003,D2-R3,MAKER_PROMO_OFF,31,D2-0acac97ea7d9f11f,SOXLUSDT,,US_LEVERAGED_ETF:2026-06-26T20:00:00+00:00:2026-06-29T08:00:00+00:00
0.47000000000000003,FALSE_BREAKOUT,0.47000000000000003,2.533705671371443,0.0,3.297468282171787,-0.47000000000000003,S0,MAKER_PROMO_OFF,31,D2-0acac97ea7d9f11f,SOXLUSDT,0.0,US_LEVERAGED_ETF:2026-06-26T20:00:00+00:00:2026-06-29T08:00:00+00:00
0.47000000000000003,FALSE_BREAKOUT,0.47000000000000003,2.533705671371443,0.0,3.297468282171787,-0.47000000000000003,S1,MAKER_PROMO_OFF,31,D2-0acac97ea7d9f11f,SOXLUSDT,0.0,US_LEVERAGED_ETF:2026-06-26T20:00:00+00:00:2026-06-29T08:00:00+00:00
0.47000000000000003,FALSE_BREAKOUT,0.47000000000000003,2.533705671371443,0.0,3.3181172621717874,-0.47000000000000003,S2,MAKER_PROMO_OFF,31,D2-0acac97ea7d9f11f,SOXLUSDT,0.0,US_LEVERAGED_ETF:2026-06-26T20:00:00+00:00:2026-06-29T08:00:00+00:00
0.47000000000000003,FALSE_BREAKOUT,0.47000000000000003,2.533705671371443,0.0,3.349090732171787,-0.47000000000000003,S3,MAKER_PROMO_OFF,31,D2-0acac97ea7d9f11f,SOXLUSDT,0.0,US_LEVERAGED_ETF:2026-06-26T20:00:00+00:00:2026-06-29T08:00:00+00:00
0.47000000000000003,FALSE_BREAKOUT,0.47000000000000003,0.7659187400474123,0.0,2.5168197165097714,-0.47000000000000003,D2-R3,MAKER_PROMO_OFF,59,D2-0acac97ea7d9f11f,SOXLUSDT,,US_LEVERAGED_ETF:2026-06-26T20:00:00+00:00:2026-06-29T08:00:00+00:00
0.47000000000000003,FALSE_BREAKOUT,0.47000000000000003,2.533705671371443,0.0,3.297468282171787,-0.47000000000000003,S0,MAKER_PROMO_OFF,59,D2-0acac97ea7d9f11f,SOXLUSDT,0.0,US_LEVERAGED_ETF:2026-06-26T20:00:00+00:00:2026-06-29T08:00:00+00:00
0.47000000000000003,FALSE_BREAKOUT,0.47000000000000003,2.533705671371443,0.0,3.297468282171787,-0.47000000000000003,S1,MAKER_PROMO_OFF,59,D2-0acac97ea7d9f11f,SOXLUSDT,0.0,US_LEVERAGED_ETF:2026-06-26T20:00:00+00:00:2026-06-29T08:00:00+00:00
0.47000000000000003,FALSE_BREAKOUT,0.47000000000000003,2.533705671371443,0.0,3.3181172621717874,-0.47000000000000003,S2,MAKER_PROMO_OFF,59,D2-0acac97ea7d9f11f,SOXLUSDT,0.0,US_LEVERAGED_ETF:2026-06-26T20:00:00+00:00:2026-06-29T08:00:00+00:00
0.47000000000000003,FALSE_BREAKOUT,0.47000000000000003,2.533705671371443,0.0,3.349090732171787,-0.47000000000000003,S3,MAKER_PROMO_OFF,59,D2-0acac97ea7d9f11f,SOXLUSDT,0.0,US_LEVERAGED_ETF:2026-06-26T20:00:00+00:00:2026-06-29T08:00:00+00:00
0.47000000000000003,FALSE_BREAKOUT,0.47000000000000003,0.7659187400474123,0.0,2.5168197165097714,-0.47000000000000003,D2-R3,MAKER_PROMO_OFF,97,D2-0acac97ea7d9f11f,SOXLUSDT,,US_LEVERAGED_ETF:2026-06-26T20:00:00+00:00:2026-06-29T08:00:00+00:00
0.47000000000000003,FALSE_BREAKOUT,0.47000000000000003,2.533705671371443,0.0,3.297468282171787,-0.47000000000000003,S0,MAKER_PROMO_OFF,97,D2-0acac97ea7d9f11f,SOXLUSDT,0.0,US_LEVERAGED_ETF:2026-06-26T20:00:00+00:00:2026-06-29T08:00:00+00:00
0.47000000000000003,FALSE_BREAKOUT,0.47000000000000003,2.533705671371443,0.0,3.297468282171787,-0.47000000000000003,S1,MAKER_PROMO_OFF,97,D2-0acac97ea7d9f11f,SOXLUSDT,0.0,US_LEVERAGED_ETF:2026-06-26T20:00:00+00:00:2026-06-29T08:00:00+00:00
0.47000000000000003,FALSE_BREAKOUT,0.47000000000000003,2.533705671371443,0.0,3.3181172621717874,-0.47000000000000003,S2,MAKER_PROMO_OFF,97,D2-0acac97ea7d9f11f,SOXLUSDT,0.0,US_LEVERAGED_ETF:2026-06-26T20:00:00+00:00:2026-06-29T08:00:00+00:00
0.47000000000000003,FALSE_BREAKOUT,0.47000000000000003,2.533705671371443,0.0,3.349090732171787,-0.47000000000000003,S3,MAKER_PROMO_OFF,97,D2-0acac97ea7d9f11f,SOXLUSDT,0.0,US_LEVERAGED_ETF:2026-06-26T20:00:00+00:00:2026-06-29T08:00:00+00:00
0.09,FALSE_BREAKOUT,0.09,0.3378022140652328,0.0,1.7293604574533528,-0.09,D2-R3,PRIMARY_ZERO_MAKER,3,D2-313a655ca9d40d2b,SKHYNIXUSDT,,KR_STOCK:2026-07-03T06:30:00+00:00:2026-07-06T00:00:00+00:00
0.09,FALSE_BREAKOUT,0.09,1.6890110703261645,0.0,2.2946408605838187,-0.09,S0,PRIMARY_ZERO_MAKER,3,D2-313a655ca9d40d2b,SKHYNIXUSDT,0.0,KR_STOCK:2026-07-03T06:30:00+00:00:2026-07-06T00:00:00+00:00
0.09,FALSE_BREAKOUT,0.09,1.6890110703261645,0.0,2.2946408605838187,-0.09,S1,PRIMARY_ZERO_MAKER,3,D2-313a655ca9d40d2b,SKHYNIXUSDT,0.0,KR_STOCK:2026-07-03T06:30:00+00:00:2026-07-06T00:00:00+00:00
0.09,FALSE_BREAKOUT,0.09,1.6890110703261645,0.0,2.3167056655838185,-0.09,S2,PRIMARY_ZERO_MAKER,3,D2-313a655ca9d40d2b,SKHYNIXUSDT,0.0,KR_STOCK:2026-07-03T06:30:00+00:00:2026-07-06T00:00:00+00:00
0.09,FALSE_BREAKOUT,0.09,1.6890110703261645,0.0,2.349802873083819,-0.09,S3,PRIMARY_ZERO_MAKER,3,D2-313a655ca9d40d2b,SKHYNIXUSDT,0.0,KR_STOCK:2026-07-03T06:30:00+00:00:2026-07-06T00:00:00+00:00
0.09,FALSE_BREAKOUT,0.09,0.3378022140652328,0.0,1.8315604574533562,-0.09,D2-R3,PRIMARY_ZERO_MAKER,10,D2-313a655ca9d40d2b,SKHYNIXUSDT,,KR_STOCK:2026-07-03T06:30:00+00:00:2026-07-06T00:00:00+00:00
0.09,FALSE_BREAKOUT,0.09,1.6890110703261645,0.0,2.396840860583822,-0.09,S0,PRIMARY_ZERO_MAKER,10,D2-313a655ca9d40d2b,SKHYNIXUSDT,0.0,KR_STOCK:2026-07-03T06:30:00+00:00:2026-07-06T00:00:00+00:00
0.09,FALSE_BREAKOUT,0.09,1.6890110703261645,0.0,2.396840860583822,-0.09,S1,PRIMARY_ZERO_MAKER,10,D2-313a655ca9d40d2b,SKHYNIXUSDT,0.0,KR_STOCK:2026-07-03T06:30:00+00:00:2026-07-06T00:00:00+00:00
0.09,FALSE_BREAKOUT,0.09,1.6890110703261645,0.0,2.418905665583822,-0.09,S2,PRIMARY_ZERO_MAKER,10,D2-313a655ca9d40d2b,SKHYNIXUSDT,0.0,KR_STOCK:2026-07-03T06:30:00+00:00:2026-07-06T00:00:00+00:00
0.09,FALSE_BREAKOUT,0.09,1.6890110703261645,0.0,2.4520028730838224,-0.09,S3,PRIMARY_ZERO_MAKER,10,D2-313a655ca9d40d2b,SKHYNIXUSDT,0.0,KR_STOCK:2026-07-03T06:30:00+00:00:2026-07-06T00:00:00+00:00
0.09,FALSE_BREAKOUT,0.09,0.3378022140652328,0.0,1.8315604574533562,-0.09,D2-R3,PRIMARY_ZERO_MAKER,17,D2-313a655ca9d40d2b,SKHYNIXUSDT,,KR_STOCK:2026-07-03T06:30:00+00:00:2026-07-06T00:00:00+00:00
0.09,FALSE_BREAKOUT,0.09,1.6890110703261645,0.0,2.396840860583822,-0.09,S0,PRIMARY_ZERO_MAKER,17,D2-313a655ca9d40d2b,SKHYNIXUSDT,0.0,KR_STOCK:2026-07-03T06:30:00+00:00:2026-07-06T00:00:00+00:00
0.09,FALSE_BREAKOUT,0.09,1.6890110703261645,0.0,2.396840860583822,-0.09,S1,PRIMARY_ZERO_MAKER,17,D2-313a655ca9d40d2b,SKHYNIXUSDT,0.0,KR_STOCK:2026-07-03T06:30:00+00:00:2026-07-06T00:00:00+00:00
0.09,FALSE_BREAKOUT,0.09,1.6890110703261645,0.0,2.418905665583822,-0.09,S2,PRIMARY_ZERO_MAKER,17,D2-313a655ca9d40d2b,SKHYNIXUSDT,0.0,KR_STOCK:2026-07-03T06:30:00+00:00:2026-07-06T00:00:00+00:00
0.09,FALSE_BREAKOUT,0.09,1.6890110703261645,0.0,2.4520028730838224,-0.09,S3,PRIMARY_ZERO_MAKER,17,D2-313a655ca9d40d2b,SKHYNIXUSDT,0.0,KR_STOCK:2026-07-03T06:30:00+00:00:2026-07-06T00:00:00+00:00
0.09,FALSE_BREAKOUT,0.09,0.3378022140652328,0.0,1.8315604574533562,-0.09,D2-R3,PRIMARY_ZERO_MAKER,31,D2-313a655ca9d40d2b,SKHYNIXUSDT,,KR_STOCK:2026-07-03T06:30:00+00:00:2026-07-06T00:00:00+00:00
0.09,FALSE_BREAKOUT,0.09,1.6890110703261645,0.0,2.396840860583822,-0.09,S0,PRIMARY_ZERO_MAKER,31,D2-313a655ca9d40d2b,SKHYNIXUSDT,0.0,KR_STOCK:2026-07-03T06:30:00+00:00:2026-07-06T00:00:00+00:00
0.09,FALSE_BREAKOUT,0.09,1.6890110703261645,0.0,2.396840860583822,-0.09,S1,PRIMARY_ZERO_MAKER,31,D2-313a655ca9d40d2b,SKHYNIXUSDT,0.0,KR_STOCK:2026-07-03T06:30:00+00:00:2026-07-06T00:00:00+00:00
0.09,FALSE_BREAKOUT,0.09,1.6890110703261645,0.0,2.418905665583822,-0.09,S2,PRIMARY_ZERO_MAKER,31,D2-313a655ca9d40d2b,SKHYNIXUSDT,0.0,KR_STOCK:2026-07-03T06:30:00+00:00:2026-07-06T00:00:00+00:00
0.09,FALSE_BREAKOUT,0.09,1.6890110703261645,0.0,2.4520028730838224,-0.09,S3,PRIMARY_ZERO_MAKER,31,D2-313a655ca9d40d2b,SKHYNIXUSDT,0.0,KR_STOCK:2026-07-03T06:30:00+00:00:2026-07-06T00:00:00+00:00
0.09,FALSE_BREAKOUT,0.09,0.3378022140652328,0.0,1.8315604574533562,-0.09,D2-R3,PRIMARY_ZERO_MAKER,59,D2-313a655ca9d40d2b,SKHYNIXUSDT,,KR_STOCK:2026-07-03T06:30:00+00:00:2026-07-06T00:00:00+00:00
0.09,FALSE_BREAKOUT,0.09,1.6890110703261645,0.0,2.396840860583822,-0.09,S0,PRIMARY_ZERO_MAKER,59,D2-313a655ca9d40d2b,SKHYNIXUSDT,0.0,KR_STOCK:2026-07-03T06:30:00+00:00:2026-07-06T00:00:00+00:00
0.09,FALSE_BREAKOUT,0.09,1.6890110703261645,0.0,2.396840860583822,-0.09,S1,PRIMARY_ZERO_MAKER,59,D2-313a655ca9d40d2b,SKHYNIXUSDT,0.0,KR_STOCK:2026-07-03T06:30:00+00:00:2026-07-06T00:00:00+00:00
0.09,FALSE_BREAKOUT,0.09,1.6890110703261645,0.0,2.418905665583822,-0.09,S2,PRIMARY_ZERO_MAKER,59,D2-313a655ca9d40d2b,SKHYNIXUSDT,0.0,KR_STOCK:2026-07-03T06:30:00+00:00:2026-07-06T00:00:00+00:00
0.09,FALSE_BREAKOUT,0.09,1.6890110703261645,0.0,2.4520028730838224,-0.09,S3,PRIMARY_ZERO_MAKER,59,D2-313a655ca9d40d2b,SKHYNIXUSDT,0.0,KR_STOCK:2026-07-03T06:30:00+00:00:2026-07-06T00:00:00+00:00
0.09,FALSE_BREAKOUT,0.09,0.3378022140652328,0.0,2.406260457453358,-0.09,D2-R3,PRIMARY_ZERO_MAKER,97,D2-313a655ca9d40d2b,SKHYNIXUSDT,,KR_STOCK:2026-07-03T06:30:00+00:00:2026-07-06T00:00:00+00:00
0.09,FALSE_BREAKOUT,0.09,1.6890110703261645,0.0,2.971540860583824,-0.09,S0,PRIMARY_ZERO_MAKER,97,D2-313a655ca9d40d2b,SKHYNIXUSDT,0.0,KR_STOCK:2026-07-03T06:30:00+00:00:2026-07-06T00:00:00+00:00
0.09,FALSE_BREAKOUT,0.09,1.6890110703261645,0.0,2.971540860583824,-0.09,S1,PRIMARY_ZERO_MAKER,97,D2-313a655ca9d40d2b,SKHYNIXUSDT,0.0,KR_STOCK:2026-07-03T06:30:00+00:00:2026-07-06T00:00:00+00:00
0.09,FALSE_BREAKOUT,0.09,1.6890110703261645,0.0,2.9936056655838237,-0.09,S2,PRIMARY_ZERO_MAKER,97,D2-313a655ca9d40d2b,SKHYNIXUSDT,0.0,KR_STOCK:2026-07-03T06:30:00+00:00:2026-07-06T00:00:00+00:00
0.09,FALSE_BREAKOUT,0.09,1.6890110703261645,0.0,3.026702873083824,-0.09,S3,PRIMARY_ZERO_MAKER,97,D2-313a655ca9d40d2b,SKHYNIXUSDT,0.0,KR_STOCK:2026-07-03T06:30:00+00:00:2026-07-06T00:00:00+00:00
0.09,FALSE_BREAKOUT,0.09,0.3378022140652328,0.0,2.058236029269481,-0.09,D2-R3,EXECUTION_STRESS,3,D2-313a655ca9d40d2b,SKHYNIXUSDT,,KR_STOCK:2026-07-03T06:30:00+00:00:2026-07-06T00:00:00+00:00
0.09,FALSE_BREAKOUT,0.09,1.6890110703261645,0.0,2.4948050698999467,-0.09,S0,EXECUTION_STRESS,3,D2-313a655ca9d40d2b,SKHYNIXUSDT,0.0,KR_STOCK:2026-07-03T06:30:00+00:00:2026-07-06T00:00:00+00:00
0.09,FALSE_BREAKOUT,0.09,1.6890110703261645,0.0,2.4948050698999467,-0.09,S1,EXECUTION_STRESS,3,D2-313a655ca9d40d2b,SKHYNIXUSDT,0.0,KR_STOCK:2026-07-03T06:30:00+00:00:2026-07-06T00:00:00+00:00
0.09,FALSE_BREAKOUT,0.09,1.6890110703261645,0.0,2.542612147399947,-0.09,S2,EXECUTION_STRESS,3,D2-313a655ca9d40d2b,SKHYNIXUSDT,0.0,KR_STOCK:2026-07-03T06:30:00+00:00:2026-07-06T00:00:00+00:00
0.09,FALSE_BREAKOUT,0.09,1.6890110703261645,0.0,2.614322763649947,-0.09,S3,EXECUTION_STRESS,3,D2-313a655ca9d40d2b,SKHYNIXUSDT,0.0,KR_STOCK:2026-07-03T06:30:00+00:00:2026-07-06T00:00:00+00:00
0.09,FALSE_BREAKOUT,0.09,0.3378022140652328,0.0,2.058236029269481,-0.09,D2-R3,EXECUTION_STRESS,10,D2-313a655ca9d40d2b,SKHYNIXUSDT,,KR_STOCK:2026-07-03T06:30:00+00:00:2026-07-06T00:00:00+00:00
0.09,FALSE_BREAKOUT,0.09,1.6890110703261645,0.0,2.4948050698999467,-0.09,S0,EXECUTION_STRESS,10,D2-313a655ca9d40d2b,SKHYNIXUSDT,0.0,KR_STOCK:2026-07-03T06:30:00+00:00:2026-07-06T00:00:00+00:00
0.09,FALSE_BREAKOUT,0.09,1.6890110703261645,0.0,2.4948050698999467,-0.09,S1,EXECUTION_STRESS,10,D2-313a655ca9d40d2b,SKHYNIXUSDT,0.0,KR_STOCK:2026-07-03T06:30:00+00:00:2026-07-06T00:00:00+00:00
0.09,FALSE_BREAKOUT,0.09,1.6890110703261645,0.0,2.542612147399947,-0.09,S2,EXECUTION_STRESS,10,D2-313a655ca9d40d2b,SKHYNIXUSDT,0.0,KR_STOCK:2026-07-03T06:30:00+00:00:2026-07-06T00:00:00+00:00
0.09,FALSE_BREAKOUT,0.09,1.6890110703261645,0.0,2.614322763649947,-0.09,S3,EXECUTION_STRESS,10,D2-313a655ca9d40d2b,SKHYNIXUSDT,0.0,KR_STOCK:2026-07-03T06:30:00+00:00:2026-07-06T00:00:00+00:00
0.09,FALSE_BREAKOUT,0.09,0.3378022140652328,0.0,2.058236029269481,-0.09,D2-R3,EXECUTION_STRESS,17,D2-313a655ca9d40d2b,SKHYNIXUSDT,,KR_STOCK:2026-07-03T06:30:00+00:00:2026-07-06T00:00:00+00:00
0.09,FALSE_BREAKOUT,0.09,1.6890110703261645,0.0,2.4948050698999467,-0.09,S0,EXECUTION_STRESS,17,D2-313a655ca9d40d2b,SKHYNIXUSDT,0.0,KR_STOCK:2026-07-03T06:30:00+00:00:2026-07-06T00:00:00+00:00
0.09,FALSE_BREAKOUT,0.09,1.6890110703261645,0.0,2.4948050698999467,-0.09,S1,EXECUTION_STRESS,17,D2-313a655ca9d40d2b,SKHYNIXUSDT,0.0,KR_STOCK:2026-07-03T06:30:00+00:00:2026-07-06T00:00:00+00:00
0.09,FALSE_BREAKOUT,0.09,1.6890110703261645,0.0,2.542612147399947,-0.09,S2,EXECUTION_STRESS,17,D2-313a655ca9d40d2b,SKHYNIXUSDT,0.0,KR_STOCK:2026-07-03T06:30:00+00:00:2026-07-06T00:00:00+00:00
0.09,FALSE_BREAKOUT,0.09,1.6890110703261645,0.0,2.614322763649947,-0.09,S3,EXECUTION_STRESS,17,D2-313a655ca9d40d2b,SKHYNIXUSDT,0.0,KR_STOCK:2026-07-03T06:30:00+00:00:2026-07-06T00:00:00+00:00
0.09,FALSE_BREAKOUT,0.09,0.3378022140652328,0.0,2.1604360292694835,-0.09,D2-R3,EXECUTION_STRESS,31,D2-313a655ca9d40d2b,SKHYNIXUSDT,,KR_STOCK:2026-07-03T06:30:00+00:00:2026-07-06T00:00:00+00:00
0.09,FALSE_BREAKOUT,0.09,1.6890110703261645,0.0,2.597005069899949,-0.09,S0,EXECUTION_STRESS,31,D2-313a655ca9d40d2b,SKHYNIXUSDT,0.0,KR_STOCK:2026-07-03T06:30:00+00:00:2026-07-06T00:00:00+00:00
0.09,FALSE_BREAKOUT,0.09,1.6890110703261645,0.0,2.597005069899949,-0.09,S1,EXECUTION_STRESS,31,D2-313a655ca9d40d2b,SKHYNIXUSDT,0.0,KR_STOCK:2026-07-03T06:30:00+00:00:2026-07-06T00:00:00+00:00
0.09,FALSE_BREAKOUT,0.09,1.6890110703261645,0.0,2.6448121473999495,-0.09,S2,EXECUTION_STRESS,31,D2-313a655ca9d40d2b,SKHYNIXUSDT,0.0,KR_STOCK:2026-07-03T06:30:00+00:00:2026-07-06T00:00:00+00:00
0.09,FALSE_BREAKOUT,0.09,1.6890110703261645,0.0,2.7165227636499494,-0.09,S3,EXECUTION_STRESS,31,D2-313a655ca9d40d2b,SKHYNIXUSDT,0.0,KR_STOCK:2026-07-03T06:30:00+00:00:2026-07-06T00:00:00+00:00
0.09,FALSE_BREAKOUT,0.09,0.3378022140652328,0.0,2.1604360292694835,-0.09,D2-R3,EXECUTION_STRESS,59,D2-313a655ca9d40d2b,SKHYNIXUSDT,,KR_STOCK:2026-07-03T06:30:00+00:00:2026-07-06T00:00:00+00:00
0.09,FALSE_BREAKOUT,0.09,1.6890110703261645,0.0,2.597005069899949,-0.09,S0,EXECUTION_STRESS,59,D2-313a655ca9d40d2b,SKHYNIXUSDT,0.0,KR_STOCK:2026-07-03T06:30:00+00:00:2026-07-06T00:00:00+00:00
0.09,FALSE_BREAKOUT,0.09,1.6890110703261645,0.0,2.597005069899949,-0.09,S1,EXECUTION_STRESS,59,D2-313a655ca9d40d2b,SKHYNIXUSDT,0.0,KR_STOCK:2026-07-03T06:30:00+00:00:2026-07-06T00:00:00+00:00
0.09,FALSE_BREAKOUT,0.09,1.6890110703261645,0.0,2.6448121473999495,-0.09,S2,EXECUTION_STRESS,59,D2-313a655ca9d40d2b,SKHYNIXUSDT,0.0,KR_STOCK:2026-07-03T06:30:00+00:00:2026-07-06T00:00:00+00:00
0.09,FALSE_BREAKOUT,0.09,1.6890110703261645,0.0,2.7165227636499494,-0.09,S3,EXECUTION_STRESS,59,D2-313a655ca9d40d2b,SKHYNIXUSDT,0.0,KR_STOCK:2026-07-03T06:30:00+00:00:2026-07-06T00:00:00+00:00
0.09,FALSE_BREAKOUT,0.09,0.3378022140652328,0.0,2.735136029269485,-0.09,D2-R3,EXECUTION_STRESS,97,D2-313a655ca9d40d2b,SKHYNIXUSDT,,KR_STOCK:2026-07-03T06:30:00+00:00:2026-07-06T00:00:00+00:00
0.09,FALSE_BREAKOUT,0.09,1.6890110703261645,0.0,3.171705069899951,-0.09,S0,EXECUTION_STRESS,97,D2-313a655ca9d40d2b,SKHYNIXUSDT,0.0,KR_STOCK:2026-07-03T06:30:00+00:00:2026-07-06T00:00:00+00:00
0.09,FALSE_BREAKOUT,0.09,1.6890110703261645,0.0,3.171705069899951,-0.09,S1,EXECUTION_STRESS,97,D2-313a655ca9d40d2b,SKHYNIXUSDT,0.0,KR_STOCK:2026-07-03T06:30:00+00:00:2026-07-06T00:00:00+00:00
0.09,FALSE_BREAKOUT,0.09,1.6890110703261645,0.0,3.2195121473999513,-0.09,S2,EXECUTION_STRESS,97,D2-313a655ca9d40d2b,SKHYNIXUSDT,0.0,KR_STOCK:2026-07-03T06:30:00+00:00:2026-07-06T00:00:00+00:00
0.09,FALSE_BREAKOUT,0.09,1.6890110703261645,0.0,3.291222763649951,-0.09,S3,EXECUTION_STRESS,97,D2-313a655ca9d40d2b,SKHYNIXUSDT,0.0,KR_STOCK:2026-07-03T06:30:00+00:00:2026-07-06T00:00:00+00:00
0.09,FALSE_BREAKOUT,0.09,0.3378022140652328,0.0,1.8233085794366775,-0.09,D2-R3,MAKER_PROMO_OFF,3,D2-313a655ca9d40d2b,SKHYNIXUSDT,,KR_STOCK:2026-07-03T06:30:00+00:00:2026-07-06T00:00:00+00:00
0.09,FALSE_BREAKOUT,0.09,1.6890110703261645,0.0,2.3518143075671434,-0.09,S0,MAKER_PROMO_OFF,3,D2-313a655ca9d40d2b,SKHYNIXUSDT,0.0,KR_STOCK:2026-07-03T06:30:00+00:00:2026-07-06T00:00:00+00:00
0.09,FALSE_BREAKOUT,0.09,1.6890110703261645,0.0,2.3518143075671434,-0.09,S1,MAKER_PROMO_OFF,3,D2-313a655ca9d40d2b,SKHYNIXUSDT,0.0,KR_STOCK:2026-07-03T06:30:00+00:00:2026-07-06T00:00:00+00:00
0.09,FALSE_BREAKOUT,0.09,1.6890110703261645,0.0,2.381234047567143,-0.09,S2,MAKER_PROMO_OFF,3,D2-313a655ca9d40d2b,SKHYNIXUSDT,0.0,KR_STOCK:2026-07-03T06:30:00+00:00:2026-07-06T00:00:00+00:00
0.09,FALSE_BREAKOUT,0.09,1.6890110703261645,0.0,2.4253636575671433,-0.09,S3,MAKER_PROMO_OFF,3,D2-313a655ca9d40d2b,SKHYNIXUSDT,0.0,KR_STOCK:2026-07-03T06:30:00+00:00:2026-07-06T00:00:00+00:00
0.09,FALSE_BREAKOUT,0.09,0.3378022140652328,0.0,1.9255085794366809,-0.09,D2-R3,MAKER_PROMO_OFF,10,D2-313a655ca9d40d2b,SKHYNIXUSDT,,KR_STOCK:2026-07-03T06:30:00+00:00:2026-07-06T00:00:00+00:00
0.09,FALSE_BREAKOUT,0.09,1.6890110703261645,0.0,2.454014307567147,-0.09,S0,MAKER_PROMO_OFF,10,D2-313a655ca9d40d2b,SKHYNIXUSDT,0.0,KR_STOCK:2026-07-03T06:30:00+00:00:2026-07-06T00:00:00+00:00
0.09,FALSE_BREAKOUT,0.09,1.6890110703261645,0.0,2.454014307567147,-0.09,S1,MAKER_PROMO_OFF,10,D2-313a655ca9d40d2b,SKHYNIXUSDT,0.0,KR_STOCK:2026-07-03T06:30:00+00:00:2026-07-06T00:00:00+00:00
0.09,FALSE_BREAKOUT,0.09,1.6890110703261645,0.0,2.4834340475671466,-0.09,S2,MAKER_PROMO_OFF,10,D2-313a655ca9d40d2b,SKHYNIXUSDT,0.0,KR_STOCK:2026-07-03T06:30:00+00:00:2026-07-06T00:00:00+00:00
0.09,FALSE_BREAKOUT,0.09,1.6890110703261645,0.0,2.5275636575671467,-0.09,S3,MAKER_PROMO_OFF,10,D2-313a655ca9d40d2b,SKHYNIXUSDT,0.0,KR_STOCK:2026-07-03T06:30:00+00:00:2026-07-06T00:00:00+00:00
0.09,FALSE_BREAKOUT,0.09,0.3378022140652328,0.0,1.9255085794366809,-0.09,D2-R3,MAKER_PROMO_OFF,17,D2-313a655ca9d40d2b,SKHYNIXUSDT,,KR_STOCK:2026-07-03T06:30:00+00:00:2026-07-06T00:00:00+00:00
0.09,FALSE_BREAKOUT,0.09,1.6890110703261645,0.0,2.454014307567147,-0.09,S0,MAKER_PROMO_OFF,17,D2-313a655ca9d40d2b,SKHYNIXUSDT,0.0,KR_STOCK:2026-07-03T06:30:00+00:00:2026-07-06T00:00:00+00:00
0.09,FALSE_BREAKOUT,0.09,1.6890110703261645,0.0,2.454014307567147,-0.09,S1,MAKER_PROMO_OFF,17,D2-313a655ca9d40d2b,SKHYNIXUSDT,0.0,KR_STOCK:2026-07-03T06:30:00+00:00:2026-07-06T00:00:00+00:00
0.09,FALSE_BREAKOUT,0.09,1.6890110703261645,0.0,2.4834340475671466,-0.09,S2,MAKER_PROMO_OFF,17,D2-313a655ca9d40d2b,SKHYNIXUSDT,0.0,KR_STOCK:2026-07-03T06:30:00+00:00:2026-07-06T00:00:00+00:00
0.09,FALSE_BREAKOUT,0.09,1.6890110703261645,0.0,2.5275636575671467,-0.09,S3,MAKER_PROMO_OFF,17,D2-313a655ca9d40d2b,SKHYNIXUSDT,0.0,KR_STOCK:2026-07-03T06:30:00+00:00:2026-07-06T00:00:00+00:00
0.09,FALSE_BREAKOUT,0.09,0.3378022140652328,0.0,1.9255085794366809,-0.09,D2-R3,MAKER_PROMO_OFF,31,D2-313a655ca9d40d2b,SKHYNIXUSDT,,KR_STOCK:2026-07-03T06:30:00+00:00:2026-07-06T00:00:00+00:00
0.09,FALSE_BREAKOUT,0.09,1.6890110703261645,0.0,2.454014307567147,-0.09,S0,MAKER_PROMO_OFF,31,D2-313a655ca9d40d2b,SKHYNIXUSDT,0.0,KR_STOCK:2026-07-03T06:30:00+00:00:2026-07-06T00:00:00+00:00
0.09,FALSE_BREAKOUT,0.09,1.6890110703261645,0.0,2.454014307567147,-0.09,S1,MAKER_PROMO_OFF,31,D2-313a655ca9d40d2b,SKHYNIXUSDT,0.0,KR_STOCK:2026-07-03T06:30:00+00:00:2026-07-06T00:00:00+00:00
0.09,FALSE_BREAKOUT,0.09,1.6890110703261645,0.0,2.4834340475671466,-0.09,S2,MAKER_PROMO_OFF,31,D2-313a655ca9d40d2b,SKHYNIXUSDT,0.0,KR_STOCK:2026-07-03T06:30:00+00:00:2026-07-06T00:00:00+00:00
0.09,FALSE_BREAKOUT,0.09,1.6890110703261645,0.0,2.5275636575671467,-0.09,S3,MAKER_PROMO_OFF,31,D2-313a655ca9d40d2b,SKHYNIXUSDT,0.0,KR_STOCK:2026-07-03T06:30:00+00:00:2026-07-06T00:00:00+00:00
0.09,FALSE_BREAKOUT,0.09,0.3378022140652328,0.0,1.92550857943668,-0.09,D2-R3,MAKER_PROMO_OFF,59,D2-313a655ca9d40d2b,SKHYNIXUSDT,,KR_STOCK:2026-07-03T06:30:00+00:00:2026-07-06T00:00:00+00:00
0.09,FALSE_BREAKOUT,0.09,1.6890110703261645,0.0,2.454014307567146,-0.09,S0,MAKER_PROMO_OFF,59,D2-313a655ca9d40d2b,SKHYNIXUSDT,0.0,KR_STOCK:2026-07-03T06:30:00+00:00:2026-07-06T00:00:00+00:00
0.09,FALSE_BREAKOUT,0.09,1.6890110703261645,0.0,2.454014307567146,-0.09,S1,MAKER_PROMO_OFF,59,D2-313a655ca9d40d2b,SKHYNIXUSDT,0.0,KR_STOCK:2026-07-03T06:30:00+00:00:2026-07-06T00:00:00+00:00
0.09,FALSE_BREAKOUT,0.09,1.6890110703261645,0.0,2.4834340475671457,-0.09,S2,MAKER_PROMO_OFF,59,D2-313a655ca9d40d2b,SKHYNIXUSDT,0.0,KR_STOCK:2026-07-03T06:30:00+00:00:2026-07-06T00:00:00+00:00
0.09,FALSE_BREAKOUT,0.09,1.6890110703261645,0.0,2.527563657567146,-0.09,S3,MAKER_PROMO_OFF,59,D2-313a655ca9d40d2b,SKHYNIXUSDT,0.0,KR_STOCK:2026-07-03T06:30:00+00:00:2026-07-06T00:00:00+00:00
0.09,FALSE_BREAKOUT,0.09,0.3378022140652328,0.0,2.5002085794366824,-0.09,D2-R3,MAKER_PROMO_OFF,97,D2-313a655ca9d40d2b,SKHYNIXUSDT,,KR_STOCK:2026-07-03T06:30:00+00:00:2026-07-06T00:00:00+00:00
0.09,FALSE_BREAKOUT,0.09,1.6890110703261645,0.0,3.0287143075671485,-0.09,S0,MAKER_PROMO_OFF,97,D2-313a655ca9d40d2b,SKHYNIXUSDT,0.0,KR_STOCK:2026-07-03T06:30:00+00:00:2026-07-06T00:00:00+00:00
0.09,FALSE_BREAKOUT,0.09,1.6890110703261645,0.0,3.0287143075671485,-0.09,S1,MAKER_PROMO_OFF,97,D2-313a655ca9d40d2b,SKHYNIXUSDT,0.0,KR_STOCK:2026-07-03T06:30:00+00:00:2026-07-06T00:00:00+00:00
0.09,FALSE_BREAKOUT,0.09,1.6890110703261645,0.0,3.0581340475671484,-0.09,S2,MAKER_PROMO_OFF,97,D2-313a655ca9d40d2b,SKHYNIXUSDT,0.0,KR_STOCK:2026-07-03T06:30:00+00:00:2026-07-06T00:00:00+00:00
0.09,FALSE_BREAKOUT,0.09,1.6890110703261645,0.0,3.1022636575671485,-0.09,S3,MAKER_PROMO_OFF,97,D2-313a655ca9d40d2b,SKHYNIXUSDT,0.0,KR_STOCK:2026-07-03T06:30:00+00:00:2026-07-06T00:00:00+00:00
0.09,TRUE_BREAKOUT,0.09,1.1401489772085807,0.0,3.559563905079503,-0.09,D2-R3,PRIMARY_ZERO_MAKER,3,D2-0394ea9b3d716901,SNDKUSDT,,NYSE:2026-08-14T20:00:00+00:00:2026-08-17T06:00:00+00:00
0.09,TRUE_BREAKOUT,0.09,1.169848977208574,0.0593999999999869,3.5893084550794967,-0.09,S0,PRIMARY_ZERO_MAKER,3,D2-0394ea9b3d716901,SNDKUSDT,0.0,NYSE:2026-08-14T20:00:00+00:00:2026-08-17T06:00:00+00:00
0.09,TRUE_BREAKOUT,0.09,1.169848977208574,0.0593999999999869,3.5893084550794967,-0.09,S1,PRIMARY_ZERO_MAKER,3,D2-0394ea9b3d716901,SNDKUSDT,0.0,NYSE:2026-08-14T20:00:00+00:00:2026-08-17T06:00:00+00:00
0.09,TRUE_BREAKOUT,0.09,1.1639089772085753,0.05345999999998821,3.5863295450794968,-0.09,S2,PRIMARY_ZERO_MAKER,3,D2-0394ea9b3d716901,SNDKUSDT,0.00593999999999869,NYSE:2026-08-14T20:00:00+00:00:2026-08-17T06:00:00+00:00
0.09,TRUE_BREAKOUT,0.09,1.1549989772085774,0.044549999999990174,3.5818611800794984,-0.09,S3,PRIMARY_ZERO_MAKER,3,D2-0394ea9b3d716901,SNDKUSDT,0.014849999999996725,NYSE:2026-08-14T20:00:00+00:00:2026-08-17T06:00:00+00:00
0.09,TRUE_BREAKOUT,0.09,1.1401069293495787,0.0,3.559437761502496,-0.09,D2-R3,PRIMARY_ZERO_MAKER,10,D2-0394ea9b3d716901,SNDKUSDT,,NYSE:2026-08-14T20:00:00+00:00:2026-08-17T06:00:00+00:00
0.09,TRUE_BREAKOUT,0.09,1.169806929349572,0.0593999999999869,3.5891823115024897,-0.09,S0,PRIMARY_ZERO_MAKER,10,D2-0394ea9b3d716901,SNDKUSDT,0.0,NYSE:2026-08-14T20:00:00+00:00:2026-08-17T06:00:00+00:00
0.09,TRUE_BREAKOUT,0.09,1.169806929349572,0.0593999999999869,3.5891823115024897,-0.09,S1,PRIMARY_ZERO_MAKER,10,D2-0394ea9b3d716901,SNDKUSDT,0.0,NYSE:2026-08-14T20:00:00+00:00:2026-08-17T06:00:00+00:00
0.09,TRUE_BREAKOUT,0.09,1.1638669293495734,0.05345999999998821,3.5862034015024897,-0.09,S2,PRIMARY_ZERO_MAKER,10,D2-0394ea9b3d716901,SNDKUSDT,0.00593999999999869,NYSE:2026-08-14T20:00:00+00:00:2026-08-17T06:00:00+00:00
0.09,TRUE_BREAKOUT,0.09,1.1549569293495754,0.044549999999990174,3.5817350365024914,-0.09,S3,PRIMARY_ZERO_MAKER,10,D2-0394ea9b3d716901,SNDKUSDT,0.014849999999996725,NYSE:2026-08-14T20:00:00+00:00:2026-08-17T06:00:00+00:00
0.09,TRUE_BREAKOUT,0.09,1.1401489772085807,0.0,3.559563905079503,-0.09,D2-R3,PRIMARY_ZERO_MAKER,17,D2-0394ea9b3d716901,SNDKUSDT,,NYSE:2026-08-14T20:00:00+00:00:2026-08-17T06:00:00+00:00
0.09,TRUE_BREAKOUT,0.09,1.169848977208574,0.0593999999999869,3.5893084550794967,-0.09,S0,PRIMARY_ZERO_MAKER,17,D2-0394ea9b3d716901,SNDKUSDT,0.0,NYSE:2026-08-14T20:00:00+00:00:2026-08-17T06:00:00+00:00
0.09,TRUE_BREAKOUT,0.09,1.169848977208574,0.0593999999999869,3.5893084550794967,-0.09,S1,PRIMARY_ZERO_MAKER,17,D2-0394ea9b3d716901,SNDKUSDT,0.0,NYSE:2026-08-14T20:00:00+00:00:2026-08-17T06:00:00+00:00
0.09,TRUE_BREAKOUT,0.09,1.1639089772085753,0.05345999999998821,3.5863295450794968,-0.09,S2,PRIMARY_ZERO_MAKER,17,D2-0394ea9b3d716901,SNDKUSDT,0.00593999999999869,NYSE:2026-08-14T20:00:00+00:00:2026-08-17T06:00:00+00:00
0.09,TRUE_BREAKOUT,0.09,1.1549989772085774,0.044549999999990174,3.5818611800794984,-0.09,S3,PRIMARY_ZERO_MAKER,17,D2-0394ea9b3d716901,SNDKUSDT,0.014849999999996725,NYSE:2026-08-14T20:00:00+00:00:2026-08-17T06:00:00+00:00
0.09,TRUE_BREAKOUT,0.09,1.1401069293495787,0.0,3.559437761502496,-0.09,D2-R3,PRIMARY_ZERO_MAKER,31,D2-0394ea9b3d716901,SNDKUSDT,,NYSE:2026-08-14T20:00:00+00:00:2026-08-17T06:00:00+00:00
0.09,TRUE_BREAKOUT,0.09,1.169806929349572,0.0593999999999869,3.5891823115024897,-0.09,S0,PRIMARY_ZERO_MAKER,31,D2-0394ea9b3d716901,SNDKUSDT,0.0,NYSE:2026-08-14T20:00:00+00:00:2026-08-17T06:00:00+00:00
0.09,TRUE_BREAKOUT,0.09,1.169806929349572,0.0593999999999869,3.5891823115024897,-0.09,S1,PRIMARY_ZERO_MAKER,31,D2-0394ea9b3d716901,SNDKUSDT,0.0,NYSE:2026-08-14T20:00:00+00:00:2026-08-17T06:00:00+00:00
0.09,TRUE_BREAKOUT,0.09,1.1638669293495734,0.05345999999998821,3.5862034015024897,-0.09,S2,PRIMARY_ZERO_MAKER,31,D2-0394ea9b3d716901,SNDKUSDT,0.00593999999999869,NYSE:2026-08-14T20:00:00+00:00:2026-08-17T06:00:00+00:00
0.09,TRUE_BREAKOUT,0.09,1.1549569293495754,0.044549999999990174,3.5817350365024914,-0.09,S3,PRIMARY_ZERO_MAKER,31,D2-0394ea9b3d716901,SNDKUSDT,0.014849999999996725,NYSE:2026-08-14T20:00:00+00:00:2026-08-17T06:00:00+00:00
0.09,TRUE_BREAKOUT,0.09,1.1401069293495787,0.0,3.559437761502496,-0.09,D2-R3,PRIMARY_ZERO_MAKER,59,D2-0394ea9b3d716901,SNDKUSDT,,NYSE:2026-08-14T20:00:00+00:00:2026-08-17T06:00:00+00:00
0.09,TRUE_BREAKOUT,0.09,1.169806929349572,0.0593999999999869,3.5891823115024897,-0.09,S0,PRIMARY_ZERO_MAKER,59,D2-0394ea9b3d716901,SNDKUSDT,0.0,NYSE:2026-08-14T20:00:00+00:00:2026-08-17T06:00:00+00:00
0.09,TRUE_BREAKOUT,0.09,1.169806929349572,0.0593999999999869,3.5891823115024897,-0.09,S1,PRIMARY_ZERO_MAKER,59,D2-0394ea9b3d716901,SNDKUSDT,0.0,NYSE:2026-08-14T20:00:00+00:00:2026-08-17T06:00:00+00:00
0.09,TRUE_BREAKOUT,0.09,1.1638669293495734,0.05345999999998821,3.5862034015024897,-0.09,S2,PRIMARY_ZERO_MAKER,59,D2-0394ea9b3d716901,SNDKUSDT,0.00593999999999869,NYSE:2026-08-14T20:00:00+00:00:2026-08-17T06:00:00+00:00
0.09,TRUE_BREAKOUT,0.09,1.1549569293495754,0.044549999999990174,3.5817350365024914,-0.09,S3,PRIMARY_ZERO_MAKER,59,D2-0394ea9b3d716901,SNDKUSDT,0.014849999999996725,NYSE:2026-08-14T20:00:00+00:00:2026-08-17T06:00:00+00:00
0.09,TRUE_BREAKOUT,0.09,1.1401069293495787,0.0,4.153227522207482,-0.09,D2-R3,PRIMARY_ZERO_MAKER,97,D2-0394ea9b3d716901,SNDKUSDT,,NYSE:2026-08-14T20:00:00+00:00:2026-08-17T06:00:00+00:00
0.09,TRUE_BREAKOUT,0.09,1.169806929349572,0.0593999999999869,4.182972072207475,-0.09,S0,PRIMARY_ZERO_MAKER,97,D2-0394ea9b3d716901,SNDKUSDT,0.0,NYSE:2026-08-14T20:00:00+00:00:2026-08-17T06:00:00+00:00
0.09,TRUE_BREAKOUT,0.09,1.169806929349572,0.0593999999999869,4.182972072207476,-0.09,S1,PRIMARY_ZERO_MAKER,97,D2-0394ea9b3d716901,SNDKUSDT,0.0,NYSE:2026-08-14T20:00:00+00:00:2026-08-17T06:00:00+00:00
0.09,TRUE_BREAKOUT,0.09,1.1638669293495734,0.05345999999998821,4.179993162207476,-0.09,S2,PRIMARY_ZERO_MAKER,97,D2-0394ea9b3d716901,SNDKUSDT,0.00593999999999869,NYSE:2026-08-14T20:00:00+00:00:2026-08-17T06:00:00+00:00
0.09,TRUE_BREAKOUT,0.09,1.1549569293495754,0.044549999999990174,4.175524797207477,-0.09,S3,PRIMARY_ZERO_MAKER,97,D2-0394ea9b3d716901,SNDKUSDT,0.014849999999996725,NYSE:2026-08-14T20:00:00+00:00:2026-08-17T06:00:00+00:00
0.09,TRUE_BREAKOUT,0.09,1.1401489772085807,0.0,4.561901121881465,-0.09,D2-R3,EXECUTION_STRESS,3,D2-0394ea9b3d716901,SNDKUSDT,,NYSE:2026-08-14T20:00:00+00:00:2026-08-17T06:00:00+00:00
0.09,TRUE_BREAKOUT,0.09,1.169848977208574,0.0593999999999869,4.5916976468814585,-0.09,S0,EXECUTION_STRESS,3,D2-0394ea9b3d716901,SNDKUSDT,0.0,NYSE:2026-08-14T20:00:00+00:00:2026-08-17T06:00:00+00:00
0.09,TRUE_BREAKOUT,0.09,1.169848977208574,0.0593999999999869,4.5916976468814585,-0.09,S1,EXECUTION_STRESS,3,D2-0394ea9b3d716901,SNDKUSDT,0.0,NYSE:2026-08-14T20:00:00+00:00:2026-08-17T06:00:00+00:00
0.09,TRUE_BREAKOUT,0.09,1.1639089772085753,0.05345999999998821,4.588708341881459,-0.09,S2,EXECUTION_STRESS,3,D2-0394ea9b3d716901,SNDKUSDT,0.00593999999999869,NYSE:2026-08-14T20:00:00+00:00:2026-08-17T06:00:00+00:00
0.09,TRUE_BREAKOUT,0.09,1.1549989772085774,0.044549999999990174,4.584224384381459,-0.09,S3,EXECUTION_STRESS,3,D2-0394ea9b3d716901,SNDKUSDT,0.014849999999996725,NYSE:2026-08-14T20:00:00+00:00:2026-08-17T06:00:00+00:00
0.09,TRUE_BREAKOUT,0.09,1.1401796199708731,0.0,3.9680500756518944,-0.09,D2-R3,EXECUTION_STRESS,10,D2-0394ea9b3d716901,SNDKUSDT,,NYSE:2026-08-14T20:00:00+00:00:2026-08-17T06:00:00+00:00
0.09,TRUE_BREAKOUT,0.09,1.1698796199708665,0.0593999999999869,3.997846600651888,-0.09,S0,EXECUTION_STRESS,10,D2-0394ea9b3d716901,SNDKUSDT,0.0,NYSE:2026-08-14T20:00:00+00:00:2026-08-17T06:00:00+00:00
0.09,TRUE_BREAKOUT,0.09,1.1698796199708665,0.0593999999999869,3.997846600651888,-0.09,S1,EXECUTION_STRESS,10,D2-0394ea9b3d716901,SNDKUSDT,0.0,NYSE:2026-08-14T20:00:00+00:00:2026-08-17T06:00:00+00:00
0.09,TRUE_BREAKOUT,0.09,1.1639396199708678,0.05345999999998821,3.994857295651888,-0.09,S2,EXECUTION_STRESS,10,D2-0394ea9b3d716901,SNDKUSDT,0.00593999999999869,NYSE:2026-08-14T20:00:00+00:00:2026-08-17T06:00:00+00:00
0.09,TRUE_BREAKOUT,0.09,1.1550296199708698,0.044549999999990174,3.990373338151889,-0.09,S3,EXECUTION_STRESS,10,D2-0394ea9b3d716901,SNDKUSDT,0.014849999999996725,NYSE:2026-08-14T20:00:00+00:00:2026-08-17T06:00:00+00:00
0.09,TRUE_BREAKOUT,0.09,1.1401489772085807,0.0,3.9681113611764802,-0.09,D2-R3,EXECUTION_STRESS,17,D2-0394ea9b3d716901,SNDKUSDT,,NYSE:2026-08-14T20:00:00+00:00:2026-08-17T06:00:00+00:00
0.09,TRUE_BREAKOUT,0.09,1.169848977208574,0.0593999999999869,3.9979078861764736,-0.09,S0,EXECUTION_STRESS,17,D2-0394ea9b3d716901,SNDKUSDT,0.0,NYSE:2026-08-14T20:00:00+00:00:2026-08-17T06:00:00+00:00
0.09,TRUE_BREAKOUT,0.09,1.169848977208574,0.0593999999999869,3.9979078861764736,-0.09,S1,EXECUTION_STRESS,17,D2-0394ea9b3d716901,SNDKUSDT,0.0,NYSE:2026-08-14T20:00:00+00:00:2026-08-17T06:00:00+00:00
0.09,TRUE_BREAKOUT,0.09,1.1639089772085753,0.05345999999998821,3.994918581176474,-0.09,S2,EXECUTION_STRESS,17,D2-0394ea9b3d716901,SNDKUSDT,0.00593999999999869,NYSE:2026-08-14T20:00:00+00:00:2026-08-17T06:00:00+00:00
0.09,TRUE_BREAKOUT,0.09,1.1549989772085774,0.044549999999990174,3.990434623676475,-0.09,S3,EXECUTION_STRESS,17,D2-0394ea9b3d716901,SNDKUSDT,0.014849999999996725,NYSE:2026-08-14T20:00:00+00:00:2026-08-17T06:00:00+00:00
0.09,TRUE_BREAKOUT,0.09,1.140137572111871,0.0,3.967923932074888,-0.09,D2-R3,EXECUTION_STRESS,31,D2-0394ea9b3d716901,SNDKUSDT,,NYSE:2026-08-14T20:00:00+00:00:2026-08-17T06:00:00+00:00
0.09,TRUE_BREAKOUT,0.09,1.1698375721118643,0.0593999999999869,3.997720457074881,-0.09,S0,EXECUTION_STRESS,31,D2-0394ea9b3d716901,SNDKUSDT,0.0,NYSE:2026-08-14T20:00:00+00:00:2026-08-17T06:00:00+00:00
0.09,TRUE_BREAKOUT,0.09,1.1698375721118643,0.0593999999999869,3.9977204570748817,-0.09,S1,EXECUTION_STRESS,31,D2-0394ea9b3d716901,SNDKUSDT,0.0,NYSE:2026-08-14T20:00:00+00:00:2026-08-17T06:00:00+00:00
0.09,TRUE_BREAKOUT,0.09,1.1638975721118656,0.05345999999998821,3.994731152074882,-0.09,S2,EXECUTION_STRESS,31,D2-0394ea9b3d716901,SNDKUSDT,0.00593999999999869,NYSE:2026-08-14T20:00:00+00:00:2026-08-17T06:00:00+00:00
0.09,TRUE_BREAKOUT,0.09,1.1549875721118676,0.044549999999990174,3.990247194574882,-0.09,S3,EXECUTION_STRESS,31,D2-0394ea9b3d716901,SNDKUSDT,0.014849999999996725,NYSE:2026-08-14T20:00:00+00:00:2026-08-17T06:00:00+00:00
0.09,TRUE_BREAKOUT,0.09,1.1401069293495787,0.0,3.967985217599473,-0.09,D2-R3,EXECUTION_STRESS,59,D2-0394ea9b3d716901,SNDKUSDT,,NYSE:2026-08-14T20:00:00+00:00:2026-08-17T06:00:00+00:00
0.09,TRUE_BREAKOUT,0.09,1.169806929349572,0.0593999999999869,3.9977817425994666,-0.09,S0,EXECUTION_STRESS,59,D2-0394ea9b3d716901,SNDKUSDT,0.0,NYSE:2026-08-14T20:00:00+00:00:2026-08-17T06:00:00+00:00
0.09,TRUE_BREAKOUT,0.09,1.169806929349572,0.0593999999999869,3.9977817425994666,-0.09,S1,EXECUTION_STRESS,59,D2-0394ea9b3d716901,SNDKUSDT,0.0,NYSE:2026-08-14T20:00:00+00:00:2026-08-17T06:00:00+00:00
0.09,TRUE_BREAKOUT,0.09,1.1638669293495734,0.05345999999998821,3.994792437599467,-0.09,S2,EXECUTION_STRESS,59,D2-0394ea9b3d716901,SNDKUSDT,0.00593999999999869,NYSE:2026-08-14T20:00:00+00:00:2026-08-17T06:00:00+00:00
0.09,TRUE_BREAKOUT,0.09,1.1549569293495754,0.044549999999990174,3.990308480099468,-0.09,S3,EXECUTION_STRESS,59,D2-0394ea9b3d716901,SNDKUSDT,0.014849999999996725,NYSE:2026-08-14T20:00:00+00:00:2026-08-17T06:00:00+00:00
0.09,TRUE_BREAKOUT,0.09,1.1401489772085807,0.0,4.561901121881465,-0.09,D2-R3,EXECUTION_STRESS,97,D2-0394ea9b3d716901,SNDKUSDT,,NYSE:2026-08-14T20:00:00+00:00:2026-08-17T06:00:00+00:00
0.09,TRUE_BREAKOUT,0.09,1.169848977208574,0.0593999999999869,4.5916976468814585,-0.09,S0,EXECUTION_STRESS,97,D2-0394ea9b3d716901,SNDKUSDT,0.0,NYSE:2026-08-14T20:00:00+00:00:2026-08-17T06:00:00+00:00
0.09,TRUE_BREAKOUT,0.09,1.169848977208574,0.0593999999999869,4.5916976468814585,-0.09,S1,EXECUTION_STRESS,97,D2-0394ea9b3d716901,SNDKUSDT,0.0,NYSE:2026-08-14T20:00:00+00:00:2026-08-17T06:00:00+00:00
0.09,TRUE_BREAKOUT,0.09,1.1639089772085753,0.05345999999998821,4.588708341881459,-0.09,S2,EXECUTION_STRESS,97,D2-0394ea9b3d716901,SNDKUSDT,0.00593999999999869,NYSE:2026-08-14T20:00:00+00:00:2026-08-17T06:00:00+00:00
0.09,TRUE_BREAKOUT,0.09,1.1549989772085774,0.044549999999990174,4.584224384381459,-0.09,S3,EXECUTION_STRESS,97,D2-0394ea9b3d716901,SNDKUSDT,0.014849999999996725,NYSE:2026-08-14T20:00:00+00:00:2026-08-17T06:00:00+00:00
0.09,TRUE_BREAKOUT,0.09,1.1401489772085807,0.0,3.7164431604003854,-0.09,D2-R3,MAKER_PROMO_OFF,3,D2-0394ea9b3d716901,SNDKUSDT,,NYSE:2026-08-14T20:00:00+00:00:2026-08-17T06:00:00+00:00
0.09,TRUE_BREAKOUT,0.09,1.169848977208574,0.0593999999999869,3.746202560400379,-0.09,S0,MAKER_PROMO_OFF,3,D2-0394ea9b3d716901,SNDKUSDT,0.0,NYSE:2026-08-14T20:00:00+00:00:2026-08-17T06:00:00+00:00
0.09,TRUE_BREAKOUT,0.09,1.169848977208574,0.0593999999999869,3.7462025604003792,-0.09,S1,MAKER_PROMO_OFF,3,D2-0394ea9b3d716901,SNDKUSDT,0.0,NYSE:2026-08-14T20:00:00+00:00:2026-08-17T06:00:00+00:00
0.09,TRUE_BREAKOUT,0.09,1.1639089772085753,0.05345999999998821,3.7432206804003796,-0.09,S2,MAKER_PROMO_OFF,3,D2-0394ea9b3d716901,SNDKUSDT,0.00593999999999869,NYSE:2026-08-14T20:00:00+00:00:2026-08-17T06:00:00+00:00
0.09,TRUE_BREAKOUT,0.09,1.1549989772085774,0.044549999999990174,3.7387478604003808,-0.09,S3,MAKER_PROMO_OFF,3,D2-0394ea9b3d716901,SNDKUSDT,0.014849999999996725,NYSE:2026-08-14T20:00:00+00:00:2026-08-17T06:00:00+00:00
0.09,TRUE_BREAKOUT,0.09,1.1401069293495787,0.0,3.7163170588712378,-0.09,D2-R3,MAKER_PROMO_OFF,10,D2-0394ea9b3d716901,SNDKUSDT,,NYSE:2026-08-14T20:00:00+00:00:2026-08-17T06:00:00+00:00
0.09,TRUE_BREAKOUT,0.09,1.169806929349572,0.0593999999999869,3.746076458871231,-0.09,S0,MAKER_PROMO_OFF,10,D2-0394ea9b3d716901,SNDKUSDT,0.0,NYSE:2026-08-14T20:00:00+00:00:2026-08-17T06:00:00+00:00
0.09,TRUE_BREAKOUT,0.09,1.169806929349572,0.0593999999999869,3.7460764588712316,-0.09,S1,MAKER_PROMO_OFF,10,D2-0394ea9b3d716901,SNDKUSDT,0.0,NYSE:2026-08-14T20:00:00+00:00:2026-08-17T06:00:00+00:00
0.09,TRUE_BREAKOUT,0.09,1.1638669293495734,0.05345999999998821,3.743094578871232,-0.09,S2,MAKER_PROMO_OFF,10,D2-0394ea9b3d716901,SNDKUSDT,0.00593999999999869,NYSE:2026-08-14T20:00:00+00:00:2026-08-17T06:00:00+00:00
0.09,TRUE_BREAKOUT,0.09,1.1549569293495754,0.044549999999990174,3.738621758871233,-0.09,S3,MAKER_PROMO_OFF,10,D2-0394ea9b3d716901,SNDKUSDT,0.014849999999996725,NYSE:2026-08-14T20:00:00+00:00:2026-08-17T06:00:00+00:00
0.09,TRUE_BREAKOUT,0.09,1.1401489772085807,0.0,3.7164431604003854,-0.09,D2-R3,MAKER_PROMO_OFF,17,D2-0394ea9b3d716901,SNDKUSDT,,NYSE:2026-08-14T20:00:00+00:00:2026-08-17T06:00:00+00:00
0.09,TRUE_BREAKOUT,0.09,1.169848977208574,0.0593999999999869,3.746202560400379,-0.09,S0,MAKER_PROMO_OFF,17,D2-0394ea9b3d716901,SNDKUSDT,0.0,NYSE:2026-08-14T20:00:00+00:00:2026-08-17T06:00:00+00:00
0.09,TRUE_BREAKOUT,0.09,1.169848977208574,0.0593999999999869,3.7462025604003792,-0.09,S1,MAKER_PROMO_OFF,17,D2-0394ea9b3d716901,SNDKUSDT,0.0,NYSE:2026-08-14T20:00:00+00:00:2026-08-17T06:00:00+00:00
0.09,TRUE_BREAKOUT,0.09,1.1639089772085753,0.05345999999998821,3.7432206804003796,-0.09,S2,MAKER_PROMO_OFF,17,D2-0394ea9b3d716901,SNDKUSDT,0.00593999999999869,NYSE:2026-08-14T20:00:00+00:00:2026-08-17T06:00:00+00:00
0.09,TRUE_BREAKOUT,0.09,1.1549989772085774,0.044549999999990174,3.7387478604003808,-0.09,S3,MAKER_PROMO_OFF,17,D2-0394ea9b3d716901,SNDKUSDT,0.014849999999996725,NYSE:2026-08-14T20:00:00+00:00:2026-08-17T06:00:00+00:00
0.09,TRUE_BREAKOUT,0.09,1.1401069293495787,0.0,3.7163170588712378,-0.09,D2-R3,MAKER_PROMO_OFF,31,D2-0394ea9b3d716901,SNDKUSDT,,NYSE:2026-08-14T20:00:00+00:00:2026-08-17T06:00:00+00:00
0.09,TRUE_BREAKOUT,0.09,1.169806929349572,0.0593999999999869,3.746076458871231,-0.09,S0,MAKER_PROMO_OFF,31,D2-0394ea9b3d716901,SNDKUSDT,0.0,NYSE:2026-08-14T20:00:00+00:00:2026-08-17T06:00:00+00:00
0.09,TRUE_BREAKOUT,0.09,1.169806929349572,0.0593999999999869,3.7460764588712316,-0.09,S1,MAKER_PROMO_OFF,31,D2-0394ea9b3d716901,SNDKUSDT,0.0,NYSE:2026-08-14T20:00:00+00:00:2026-08-17T06:00:00+00:00
0.09,TRUE_BREAKOUT,0.09,1.1638669293495734,0.05345999999998821,3.743094578871232,-0.09,S2,MAKER_PROMO_OFF,31,D2-0394ea9b3d716901,SNDKUSDT,0.00593999999999869,NYSE:2026-08-14T20:00:00+00:00:2026-08-17T06:00:00+00:00
0.09,TRUE_BREAKOUT,0.09,1.1549569293495754,0.044549999999990174,3.738621758871233,-0.09,S3,MAKER_PROMO_OFF,31,D2-0394ea9b3d716901,SNDKUSDT,0.014849999999996725,NYSE:2026-08-14T20:00:00+00:00:2026-08-17T06:00:00+00:00
0.09,TRUE_BREAKOUT,0.09,1.1401069293495787,0.0,3.7163170588712378,-0.09,D2-R3,MAKER_PROMO_OFF,59,D2-0394ea9b3d716901,SNDKUSDT,,NYSE:2026-08-14T20:00:00+00:00:2026-08-17T06:00:00+00:00
0.09,TRUE_BREAKOUT,0.09,1.169806929349572,0.0593999999999869,3.746076458871231,-0.09,S0,MAKER_PROMO_OFF,59,D2-0394ea9b3d716901,SNDKUSDT,0.0,NYSE:2026-08-14T20:00:00+00:00:2026-08-17T06:00:00+00:00
0.09,TRUE_BREAKOUT,0.09,1.169806929349572,0.0593999999999869,3.7460764588712316,-0.09,S1,MAKER_PROMO_OFF,59,D2-0394ea9b3d716901,SNDKUSDT,0.0,NYSE:2026-08-14T20:00:00+00:00:2026-08-17T06:00:00+00:00
0.09,TRUE_BREAKOUT,0.09,1.1638669293495734,0.05345999999998821,3.743094578871232,-0.09,S2,MAKER_PROMO_OFF,59,D2-0394ea9b3d716901,SNDKUSDT,0.00593999999999869,NYSE:2026-08-14T20:00:00+00:00:2026-08-17T06:00:00+00:00
0.09,TRUE_BREAKOUT,0.09,1.1549569293495754,0.044549999999990174,3.738621758871233,-0.09,S3,MAKER_PROMO_OFF,59,D2-0394ea9b3d716901,SNDKUSDT,0.014849999999996725,NYSE:2026-08-14T20:00:00+00:00:2026-08-17T06:00:00+00:00
0.09,TRUE_BREAKOUT,0.09,1.1401069293495787,0.0,4.2832644575283645,-0.09,D2-R3,MAKER_PROMO_OFF,97,D2-0394ea9b3d716901,SNDKUSDT,,NYSE:2026-08-14T20:00:00+00:00:2026-08-17T06:00:00+00:00
0.09,TRUE_BREAKOUT,0.09,1.169806929349572,0.0593999999999869,4.313023857528358,-0.09,S0,MAKER_PROMO_OFF,97,D2-0394ea9b3d716901,SNDKUSDT,0.0,NYSE:2026-08-14T20:00:00+00:00:2026-08-17T06:00:00+00:00
0.09,TRUE_BREAKOUT,0.09,1.169806929349572,0.0593999999999869,4.313023857528358,-0.09,S1,MAKER_PROMO_OFF,97,D2-0394ea9b3d716901,SNDKUSDT,0.0,NYSE:2026-08-14T20:00:00+00:00:2026-08-17T06:00:00+00:00
0.09,TRUE_BREAKOUT,0.09,1.1638669293495734,0.05345999999998821,4.31004197752836,-0.09,S2,MAKER_PROMO_OFF,97,D2-0394ea9b3d716901,SNDKUSDT,0.00593999999999869,NYSE:2026-08-14T20:00:00+00:00:2026-08-17T06:00:00+00:00
0.09,TRUE_BREAKOUT,0.09,1.1549569293495754,0.044549999999990174,4.30556915752836,-0.09,S3,MAKER_PROMO_OFF,97,D2-0394ea9b3d716901,SNDKUSDT,0.014849999999996725,NYSE:2026-08-14T20:00:00+00:00:2026-08-17T06:00:00+00:00
