classification,confirmation_time,inventory_loss_before_confirmation,profile_id,scenario,seed,suspected_time,symbol,time_to_confirmation_minutes,window_key
FALSE_BREAKOUT,,0.0,D2-C1-R3-10m,PRIMARY_ZERO_MAKER,3,2026-05-31T22:59:59.999000+00:00,SNDKUSDT,,US_STOCK:2026-05-29T20:00:00+00:00:2026-06-01T08:00:00+00:00
FALSE_BREAKOUT,,0.0,D2-C1-R3-20m,PRIMARY_ZERO_MAKER,3,2026-05-31T22:59:59.999000+00:00,SNDKUSDT,,US_STOCK:2026-05-29T20:00:00+00:00:2026-06-01T08:00:00+00:00
FALSE_BREAKOUT,,0.0,D2-C1-R3-30m,PRIMARY_ZERO_MAKER,3,2026-05-31T22:59:59.999000+00:00,SNDKUSDT,,US_STOCK:2026-05-29T20:00:00+00:00:2026-06-01T08:00:00+00:00
FALSE_BREAKOUT,,0.0,D2-C2-R3-10m,PRIMARY_ZERO_MAKER,3,2026-05-31T22:59:59.999000+00:00,SNDKUSDT,,US_STOCK:2026-05-29T20:00:00+00:00:2026-06-01T08:00:00+00:00
FALSE_BREAKOUT,,0.0,D2-C2-R3-20m,PRIMARY_ZERO_MAKER,3,2026-05-31T22:59:59.999000+00:00,SNDKUSDT,,US_STOCK:2026-05-29T20:00:00+00:00:2026-06-01T08:00:00+00:00
FALSE_BREAKOUT,,0.0,D2-C2-R3-30m,PRIMARY_ZERO_MAKER,3,2026-05-31T22:59:59.999000+00:00,SNDKUSDT,,US_STOCK:2026-05-29T20:00:00+00:00:2026-06-01T08:00:00+00:00
FALSE_BREAKOUT,,0.0,D2-C3-R3-10m,PRIMARY_ZERO_MAKER,3,2026-05-31T22:59:59.999000+00:00,SNDKUSDT,,US_STOCK:2026-05-29T20:00:00+00:00:2026-06-01T08:00:00+00:00
FALSE_BREAKOUT,,0.0,D2-C3-R3-20m,PRIMARY_ZERO_MAKER,3,2026-05-31T22:59:59.999000+00:00,SNDKUSDT,,US_STOCK:2026-05-29T20:00:00+00:00:2026-06-01T08:00:00+00:00
FALSE_BREAKOUT,,0.0,D2-C3-R3-30m,PRIMARY_ZERO_MAKER,3,2026-05-31T22:59:59.999000+00:00,SNDKUSDT,,US_STOCK:2026-05-29T20:00:00+00:00:2026-06-01T08:00:00+00:00
FALSE_BREAKOUT,,0.0,D2-C1-R3-10m,PRIMARY_ZERO_MAKER,10,2026-05-31T22:59:59.999000+00:00,SNDKUSDT,,US_STOCK:2026-05-29T20:00:00+00:00:2026-06-01T08:00:00+00:00
FALSE_BREAKOUT,,0.0,D2-C1-R3-20m,PRIMARY_ZERO_MAKER,10,2026-05-31T22:59:59.999000+00:00,SNDKUSDT,,US_STOCK:2026-05-29T20:00:00+00:00:2026-06-01T08:00:00+00:00
FALSE_BREAKOUT,,0.0,D2-C1-R3-30m,PRIMARY_ZERO_MAKER,10,2026-05-31T22:59:59.999000+00:00,SNDKUSDT,,US_STOCK:2026-05-29T20:00:00+00:00:2026-06-01T08:00:00+00:00
FALSE_BREAKOUT,,0.0,D2-C2-R3-10m,PRIMARY_ZERO_MAKER,10,2026-05-31T22:59:59.999000+00:00,SNDKUSDT,,US_STOCK:2026-05-29T20:00:00+00:00:2026-06-01T08:00:00+00:00
FALSE_BREAKOUT,,0.0,D2-C2-R3-20m,PRIMARY_ZERO_MAKER,10,2026-05-31T22:59:59.999000+00:00,SNDKUSDT,,US_STOCK:2026-05-29T20:00:00+00:00:2026-06-01T08:00:00+00:00
FALSE_BREAKOUT,,0.0,D2-C2-R3-30m,PRIMARY_ZERO_MAKER,10,2026-05-31T22:59:59.999000+00:00,SNDKUSDT,,US_STOCK:2026-05-29T20:00:00+00:00:2026-06-01T08:00:00+00:00
FALSE_BREAKOUT,,0.0,D2-C3-R3-10m,PRIMARY_ZERO_MAKER,10,2026-05-31T22:59:59.999000+00:00,SNDKUSDT,,US_STOCK:2026-05-29T20:00:00+00:00:2026-06-01T08:00:00+00:00
FALSE_BREAKOUT,,0.0,D2-C3-R3-20m,PRIMARY_ZERO_MAKER,10,2026-05-31T22:59:59.999000+00:00,SNDKUSDT,,US_STOCK:2026-05-29T20:00:00+00:00:2026-06-01T08:00:00+00:00
FALSE_BREAKOUT,,0.0,D2-C3-R3-30m,PRIMARY_ZERO_MAKER,10,2026-05-31T22:59:59.999000+00:00,SNDKUSDT,,US_STOCK:2026-05-29T20:00:00+00:00:2026-06-01T08:00:00+00:00
FALSE_BREAKOUT,,0.0,D2-C1-R3-10m,PRIMARY_ZERO_MAKER,17,2026-05-31T22:59:59.999000+00:00,SNDKUSDT,,US_STOCK:2026-05-29T20:00:00+00:00:2026-06-01T08:00:00+00:00
FALSE_BREAKOUT,,0.0,D2-C1-R3-20m,PRIMARY_ZERO_MAKER,17,2026-05-31T22:59:59.999000+00:00,SNDKUSDT,,US_STOCK:2026-05-29T20:00:00+00:00:2026-06-01T08:00:00+00:00
FALSE_BREAKOUT,,0.0,D2-C1-R3-30m,PRIMARY_ZERO_MAKER,17,2026-05-31T22:59:59.999000+00:00,SNDKUSDT,,US_STOCK:2026-05-29T20:00:00+00:00:2026-06-01T08:00:00+00:00
FALSE_BREAKOUT,,0.0,D2-C2-R3-10m,PRIMARY_ZERO_MAKER,17,2026-05-31T22:59:59.999000+00:00,SNDKUSDT,,US_STOCK:2026-05-29T20:00:00+00:00:2026-06-01T08:00:00+00:00
FALSE_BREAKOUT,,0.0,D2-C2-R3-20m,PRIMARY_ZERO_MAKER,17,2026-05-31T22:59:59.999000+00:00,SNDKUSDT,,US_STOCK:2026-05-29T20:00:00+00:00:2026-06-01T08:00:00+00:00
FALSE_BREAKOUT,,0.0,D2-C2-R3-30m,PRIMARY_ZERO_MAKER,17,2026-05-31T22:59:59.999000+00:00,SNDKUSDT,,US_STOCK:2026-05-29T20:00:00+00:00:2026-06-01T08:00:00+00:00
FALSE_BREAKOUT,,0.0,D2-C3-R3-10m,PRIMARY_ZERO_MAKER,17,2026-05-31T22:59:59.999000+00:00,SNDKUSDT,,US_STOCK:2026-05-29T20:00:00+00:00:2026-06-01T08:00:00+00:00
FALSE_BREAKOUT,,0.0,D2-C3-R3-20m,PRIMARY_ZERO_MAKER,17,2026-05-31T22:59:59.999000+00:00,SNDKUSDT,,US_STOCK:2026-05-29T20:00:00+00:00:2026-06-01T08:00:00+00:00
FALSE_BREAKOUT,,0.0,D2-C3-R3-30m,PRIMARY_ZERO_MAKER,17,2026-05-31T22:59:59.999000+00:00,SNDKUSDT,,US_STOCK:2026-05-29T20:00:00+00:00:2026-06-01T08:00:00+00:00
FALSE_BREAKOUT,,0.0,D2-C1-R3-10m,PRIMARY_ZERO_MAKER,31,2026-05-31T22:59:59.999000+00:00,SNDKUSDT,,US_STOCK:2026-05-29T20:00:00+00:00:2026-06-01T08:00:00+00:00
FALSE_BREAKOUT,,0.0,D2-C1-R3-20m,PRIMARY_ZERO_MAKER,31,2026-05-31T22:59:59.999000+00:00,SNDKUSDT,,US_STOCK:2026-05-29T20:00:00+00:00:2026-06-01T08:00:00+00:00
FALSE_BREAKOUT,,0.0,D2-C1-R3-30m,PRIMARY_ZERO_MAKER,31,2026-05-31T22:59:59.999000+00:00,SNDKUSDT,,US_STOCK:2026-05-29T20:00:00+00:00:2026-06-01T08:00:00+00:00
FALSE_BREAKOUT,,0.0,D2-C2-R3-10m,PRIMARY_ZERO_MAKER,31,2026-05-31T22:59:59.999000+00:00,SNDKUSDT,,US_STOCK:2026-05-29T20:00:00+00:00:2026-06-01T08:00:00+00:00
FALSE_BREAKOUT,,0.0,D2-C2-R3-20m,PRIMARY_ZERO_MAKER,31,2026-05-31T22:59:59.999000+00:00,SNDKUSDT,,US_STOCK:2026-05-29T20:00:00+00:00:2026-06-01T08:00:00+00:00
FALSE_BREAKOUT,,0.0,D2-C2-R3-30m,PRIMARY_ZERO_MAKER,31,2026-05-31T22:59:59.999000+00:00,SNDKUSDT,,US_STOCK:2026-05-29T20:00:00+00:00:2026-06-01T08:00:00+00:00
FALSE_BREAKOUT,,0.0,D2-C3-R3-10m,PRIMARY_ZERO_MAKER,31,2026-05-31T22:59:59.999000+00:00,SNDKUSDT,,US_STOCK:2026-05-29T20:00:00+00:00:2026-06-01T08:00:00+00:00
FALSE_BREAKOUT,,0.0,D2-C3-R3-20m,PRIMARY_ZERO_MAKER,31,2026-05-31T22:59:59.999000+00:00,SNDKUSDT,,US_STOCK:2026-05-29T20:00:00+00:00:2026-06-01T08:00:00+00:00
FALSE_BREAKOUT,,0.0,D2-C3-R3-30m,PRIMARY_ZERO_MAKER,31,2026-05-31T22:59:59.999000+00:00,SNDKUSDT,,US_STOCK:2026-05-29T20:00:00+00:00:2026-06-01T08:00:00+00:00
FALSE_BREAKOUT,,0.0,D2-C1-R3-10m,PRIMARY_ZERO_MAKER,59,2026-05-31T22:59:59.999000+00:00,SNDKUSDT,,US_STOCK:2026-05-29T20:00:00+00:00:2026-06-01T08:00:00+00:00
FALSE_BREAKOUT,,0.0,D2-C1-R3-20m,PRIMARY_ZERO_MAKER,59,2026-05-31T22:59:59.999000+00:00,SNDKUSDT,,US_STOCK:2026-05-29T20:00:00+00:00:2026-06-01T08:00:00+00:00
FALSE_BREAKOUT,,0.0,D2-C1-R3-30m,PRIMARY_ZERO_MAKER,59,2026-05-31T22:59:59.999000+00:00,SNDKUSDT,,US_STOCK:2026-05-29T20:00:00+00:00:2026-06-01T08:00:00+00:00
FALSE_BREAKOUT,,0.0,D2-C2-R3-10m,PRIMARY_ZERO_MAKER,59,2026-05-31T22:59:59.999000+00:00,SNDKUSDT,,US_STOCK:2026-05-29T20:00:00+00:00:2026-06-01T08:00:00+00:00
FALSE_BREAKOUT,,0.0,D2-C2-R3-20m,PRIMARY_ZERO_MAKER,59,2026-05-31T22:59:59.999000+00:00,SNDKUSDT,,US_STOCK:2026-05-29T20:00:00+00:00:2026-06-01T08:00:00+00:00
FALSE_BREAKOUT,,0.0,D2-C2-R3-30m,PRIMARY_ZERO_MAKER,59,2026-05-31T22:59:59.999000+00:00,SNDKUSDT,,US_STOCK:2026-05-29T20:00:00+00:00:2026-06-01T08:00:00+00:00
FALSE_BREAKOUT,,0.0,D2-C3-R3-10m,PRIMARY_ZERO_MAKER,59,2026-05-31T22:59:59.999000+00:00,SNDKUSDT,,US_STOCK:2026-05-29T20:00:00+00:00:2026-06-01T08:00:00+00:00
FALSE_BREAKOUT,,0.0,D2-C3-R3-20m,PRIMARY_ZERO_MAKER,59,2026-05-31T22:59:59.999000+00:00,SNDKUSDT,,US_STOCK:2026-05-29T20:00:00+00:00:2026-06-01T08:00:00+00:00
FALSE_BREAKOUT,,0.0,D2-C3-R3-30m,PRIMARY_ZERO_MAKER,59,2026-05-31T22:59:59.999000+00:00,SNDKUSDT,,US_STOCK:2026-05-29T20:00:00+00:00:2026-06-01T08:00:00+00:00
FALSE_BREAKOUT,,0.0,D2-C1-R3-10m,PRIMARY_ZERO_MAKER,97,2026-05-31T22:59:59.999000+00:00,SNDKUSDT,,US_STOCK:2026-05-29T20:00:00+00:00:2026-06-01T08:00:00+00:00
FALSE_BREAKOUT,,0.0,D2-C1-R3-20m,PRIMARY_ZERO_MAKER,97,2026-05-31T22:59:59.999000+00:00,SNDKUSDT,,US_STOCK:2026-05-29T20:00:00+00:00:2026-06-01T08:00:00+00:00
FALSE_BREAKOUT,,0.0,D2-C1-R3-30m,PRIMARY_ZERO_MAKER,97,2026-05-31T22:59:59.999000+00:00,SNDKUSDT,,US_STOCK:2026-05-29T20:00:00+00:00:2026-06-01T08:00:00+00:00
FALSE_BREAKOUT,,0.0,D2-C2-R3-10m,PRIMARY_ZERO_MAKER,97,2026-05-31T22:59:59.999000+00:00,SNDKUSDT,,US_STOCK:2026-05-29T20:00:00+00:00:2026-06-01T08:00:00+00:00
FALSE_BREAKOUT,,0.0,D2-C2-R3-20m,PRIMARY_ZERO_MAKER,97,2026-05-31T22:59:59.999000+00:00,SNDKUSDT,,US_STOCK:2026-05-29T20:00:00+00:00:2026-06-01T08:00:00+00:00
FALSE_BREAKOUT,,0.0,D2-C2-R3-30m,PRIMARY_ZERO_MAKER,97,2026-05-31T22:59:59.999000+00:00,SNDKUSDT,,US_STOCK:2026-05-29T20:00:00+00:00:2026-06-01T08:00:00+00:00
FALSE_BREAKOUT,,0.0,D2-C3-R3-10m,PRIMARY_ZERO_MAKER,97,2026-05-31T22:59:59.999000+00:00,SNDKUSDT,,US_STOCK:2026-05-29T20:00:00+00:00:2026-06-01T08:00:00+00:00
FALSE_BREAKOUT,,0.0,D2-C3-R3-20m,PRIMARY_ZERO_MAKER,97,2026-05-31T22:59:59.999000+00:00,SNDKUSDT,,US_STOCK:2026-05-29T20:00:00+00:00:2026-06-01T08:00:00+00:00
FALSE_BREAKOUT,,0.0,D2-C3-R3-30m,PRIMARY_ZERO_MAKER,97,2026-05-31T22:59:59.999000+00:00,SNDKUSDT,,US_STOCK:2026-05-29T20:00:00+00:00:2026-06-01T08:00:00+00:00
FALSE_BREAKOUT,,0.0,D2-C1-R3-10m,EXECUTION_STRESS,3,2026-05-31T22:59:59.999000+00:00,SNDKUSDT,,US_STOCK:2026-05-29T20:00:00+00:00:2026-06-01T08:00:00+00:00
FALSE_BREAKOUT,,0.0,D2-C1-R3-20m,EXECUTION_STRESS,3,2026-05-31T22:59:59.999000+00:00,SNDKUSDT,,US_STOCK:2026-05-29T20:00:00+00:00:2026-06-01T08:00:00+00:00
FALSE_BREAKOUT,,0.0,D2-C1-R3-30m,EXECUTION_STRESS,3,2026-05-31T22:59:59.999000+00:00,SNDKUSDT,,US_STOCK:2026-05-29T20:00:00+00:00:2026-06-01T08:00:00+00:00
FALSE_BREAKOUT,,0.0,D2-C2-R3-10m,EXECUTION_STRESS,3,2026-05-31T22:59:59.999000+00:00,SNDKUSDT,,US_STOCK:2026-05-29T20:00:00+00:00:2026-06-01T08:00:00+00:00
FALSE_BREAKOUT,,0.0,D2-C2-R3-20m,EXECUTION_STRESS,3,2026-05-31T22:59:59.999000+00:00,SNDKUSDT,,US_STOCK:2026-05-29T20:00:00+00:00:2026-06-01T08:00:00+00:00
FALSE_BREAKOUT,,0.0,D2-C2-R3-30m,EXECUTION_STRESS,3,2026-05-31T22:59:59.999000+00:00,SNDKUSDT,,US_STOCK:2026-05-29T20:00:00+00:00:2026-06-01T08:00:00+00:00
FALSE_BREAKOUT,,0.0,D2-C3-R3-10m,EXECUTION_STRESS,3,2026-05-31T22:59:59.999000+00:00,SNDKUSDT,,US_STOCK:2026-05-29T20:00:00+00:00:2026-06-01T08:00:00+00:00
FALSE_BREAKOUT,,0.0,D2-C3-R3-20m,EXECUTION_STRESS,3,2026-05-31T22:59:59.999000+00:00,SNDKUSDT,,US_STOCK:2026-05-29T20:00:00+00:00:2026-06-01T08:00:00+00:00
FALSE_BREAKOUT,,0.0,D2-C3-R3-30m,EXECUTION_STRESS,3,2026-05-31T22:59:59.999000+00:00,SNDKUSDT,,US_STOCK:2026-05-29T20:00:00+00:00:2026-06-01T08:00:00+00:00
FALSE_BREAKOUT,,0.0,D2-C1-R3-10m,EXECUTION_STRESS,10,2026-05-31T22:59:59.999000+00:00,SNDKUSDT,,US_STOCK:2026-05-29T20:00:00+00:00:2026-06-01T08:00:00+00:00
FALSE_BREAKOUT,,0.0,D2-C1-R3-20m,EXECUTION_STRESS,10,2026-05-31T22:59:59.999000+00:00,SNDKUSDT,,US_STOCK:2026-05-29T20:00:00+00:00:2026-06-01T08:00:00+00:00
FALSE_BREAKOUT,,0.0,D2-C1-R3-30m,EXECUTION_STRESS,10,2026-05-31T22:59:59.999000+00:00,SNDKUSDT,,US_STOCK:2026-05-29T20:00:00+00:00:2026-06-01T08:00:00+00:00
FALSE_BREAKOUT,,0.0,D2-C2-R3-10m,EXECUTION_STRESS,10,2026-05-31T22:59:59.999000+00:00,SNDKUSDT,,US_STOCK:2026-05-29T20:00:00+00:00:2026-06-01T08:00:00+00:00
FALSE_BREAKOUT,,0.0,D2-C2-R3-20m,EXECUTION_STRESS,10,2026-05-31T22:59:59.999000+00:00,SNDKUSDT,,US_STOCK:2026-05-29T20:00:00+00:00:2026-06-01T08:00:00+00:00
FALSE_BREAKOUT,,0.0,D2-C2-R3-30m,EXECUTION_STRESS,10,2026-05-31T22:59:59.999000+00:00,SNDKUSDT,,US_STOCK:2026-05-29T20:00:00+00:00:2026-06-01T08:00:00+00:00
FALSE_BREAKOUT,,0.0,D2-C3-R3-10m,EXECUTION_STRESS,10,2026-05-31T22:59:59.999000+00:00,SNDKUSDT,,US_STOCK:2026-05-29T20:00:00+00:00:2026-06-01T08:00:00+00:00
FALSE_BREAKOUT,,0.0,D2-C3-R3-20m,EXECUTION_STRESS,10,2026-05-31T22:59:59.999000+00:00,SNDKUSDT,,US_STOCK:2026-05-29T20:00:00+00:00:2026-06-01T08:00:00+00:00
FALSE_BREAKOUT,,0.0,D2-C3-R3-30m,EXECUTION_STRESS,10,2026-05-31T22:59:59.999000+00:00,SNDKUSDT,,US_STOCK:2026-05-29T20:00:00+00:00:2026-06-01T08:00:00+00:00
FALSE_BREAKOUT,,0.0,D2-C1-R3-10m,EXECUTION_STRESS,17,2026-05-31T22:59:59.999000+00:00,SNDKUSDT,,US_STOCK:2026-05-29T20:00:00+00:00:2026-06-01T08:00:00+00:00
FALSE_BREAKOUT,,0.0,D2-C1-R3-20m,EXECUTION_STRESS,17,2026-05-31T22:59:59.999000+00:00,SNDKUSDT,,US_STOCK:2026-05-29T20:00:00+00:00:2026-06-01T08:00:00+00:00
FALSE_BREAKOUT,,0.0,D2-C1-R3-30m,EXECUTION_STRESS,17,2026-05-31T22:59:59.999000+00:00,SNDKUSDT,,US_STOCK:2026-05-29T20:00:00+00:00:2026-06-01T08:00:00+00:00
FALSE_BREAKOUT,,0.0,D2-C2-R3-10m,EXECUTION_STRESS,17,2026-05-31T22:59:59.999000+00:00,SNDKUSDT,,US_STOCK:2026-05-29T20:00:00+00:00:2026-06-01T08:00:00+00:00
FALSE_BREAKOUT,,0.0,D2-C2-R3-20m,EXECUTION_STRESS,17,2026-05-31T22:59:59.999000+00:00,SNDKUSDT,,US_STOCK:2026-05-29T20:00:00+00:00:2026-06-01T08:00:00+00:00
FALSE_BREAKOUT,,0.0,D2-C2-R3-30m,EXECUTION_STRESS,17,2026-05-31T22:59:59.999000+00:00,SNDKUSDT,,US_STOCK:2026-05-29T20:00:00+00:00:2026-06-01T08:00:00+00:00
FALSE_BREAKOUT,,0.0,D2-C3-R3-10m,EXECUTION_STRESS,17,2026-05-31T22:59:59.999000+00:00,SNDKUSDT,,US_STOCK:2026-05-29T20:00:00+00:00:2026-06-01T08:00:00+00:00
FALSE_BREAKOUT,,0.0,D2-C3-R3-20m,EXECUTION_STRESS,17,2026-05-31T22:59:59.999000+00:00,SNDKUSDT,,US_STOCK:2026-05-29T20:00:00+00:00:2026-06-01T08:00:00+00:00
FALSE_BREAKOUT,,0.0,D2-C3-R3-30m,EXECUTION_STRESS,17,2026-05-31T22:59:59.999000+00:00,SNDKUSDT,,US_STOCK:2026-05-29T20:00:00+00:00:2026-06-01T08:00:00+00:00
FALSE_BREAKOUT,,0.0,D2-C1-R3-10m,EXECUTION_STRESS,31,2026-05-31T22:59:59.999000+00:00,SNDKUSDT,,US_STOCK:2026-05-29T20:00:00+00:00:2026-06-01T08:00:00+00:00
FALSE_BREAKOUT,,0.0,D2-C1-R3-20m,EXECUTION_STRESS,31,2026-05-31T22:59:59.999000+00:00,SNDKUSDT,,US_STOCK:2026-05-29T20:00:00+00:00:2026-06-01T08:00:00+00:00
FALSE_BREAKOUT,,0.0,D2-C1-R3-30m,EXECUTION_STRESS,31,2026-05-31T22:59:59.999000+00:00,SNDKUSDT,,US_STOCK:2026-05-29T20:00:00+00:00:2026-06-01T08:00:00+00:00
FALSE_BREAKOUT,,0.0,D2-C2-R3-10m,EXECUTION_STRESS,31,2026-05-31T22:59:59.999000+00:00,SNDKUSDT,,US_STOCK:2026-05-29T20:00:00+00:00:2026-06-01T08:00:00+00:00
FALSE_BREAKOUT,,0.0,D2-C2-R3-20m,EXECUTION_STRESS,31,2026-05-31T22:59:59.999000+00:00,SNDKUSDT,,US_STOCK:2026-05-29T20:00:00+00:00:2026-06-01T08:00:00+00:00
FALSE_BREAKOUT,,0.0,D2-C2-R3-30m,EXECUTION_STRESS,31,2026-05-31T22:59:59.999000+00:00,SNDKUSDT,,US_STOCK:2026-05-29T20:00:00+00:00:2026-06-01T08:00:00+00:00
FALSE_BREAKOUT,,0.0,D2-C3-R3-10m,EXECUTION_STRESS,31,2026-05-31T22:59:59.999000+00:00,SNDKUSDT,,US_STOCK:2026-05-29T20:00:00+00:00:2026-06-01T08:00:00+00:00
FALSE_BREAKOUT,,0.0,D2-C3-R3-20m,EXECUTION_STRESS,31,2026-05-31T22:59:59.999000+00:00,SNDKUSDT,,US_STOCK:2026-05-29T20:00:00+00:00:2026-06-01T08:00:00+00:00
FALSE_BREAKOUT,,0.0,D2-C3-R3-30m,EXECUTION_STRESS,31,2026-05-31T22:59:59.999000+00:00,SNDKUSDT,,US_STOCK:2026-05-29T20:00:00+00:00:2026-06-01T08:00:00+00:00
FALSE_BREAKOUT,,0.0,D2-C1-R3-10m,EXECUTION_STRESS,59,2026-05-31T22:59:59.999000+00:00,SNDKUSDT,,US_STOCK:2026-05-29T20:00:00+00:00:2026-06-01T08:00:00+00:00
FALSE_BREAKOUT,,0.0,D2-C1-R3-20m,EXECUTION_STRESS,59,2026-05-31T22:59:59.999000+00:00,SNDKUSDT,,US_STOCK:2026-05-29T20:00:00+00:00:2026-06-01T08:00:00+00:00
FALSE_BREAKOUT,,0.0,D2-C1-R3-30m,EXECUTION_STRESS,59,2026-05-31T22:59:59.999000+00:00,SNDKUSDT,,US_STOCK:2026-05-29T20:00:00+00:00:2026-06-01T08:00:00+00:00
FALSE_BREAKOUT,,0.0,D2-C2-R3-10m,EXECUTION_STRESS,59,2026-05-31T22:59:59.999000+00:00,SNDKUSDT,,US_STOCK:2026-05-29T20:00:00+00:00:2026-06-01T08:00:00+00:00
FALSE_BREAKOUT,,0.0,D2-C2-R3-20m,EXECUTION_STRESS,59,2026-05-31T22:59:59.999000+00:00,SNDKUSDT,,US_STOCK:2026-05-29T20:00:00+00:00:2026-06-01T08:00:00+00:00
FALSE_BREAKOUT,,0.0,D2-C2-R3-30m,EXECUTION_STRESS,59,2026-05-31T22:59:59.999000+00:00,SNDKUSDT,,US_STOCK:2026-05-29T20:00:00+00:00:2026-06-01T08:00:00+00:00
FALSE_BREAKOUT,,0.0,D2-C3-R3-10m,EXECUTION_STRESS,59,2026-05-31T22:59:59.999000+00:00,SNDKUSDT,,US_STOCK:2026-05-29T20:00:00+00:00:2026-06-01T08:00:00+00:00
FALSE_BREAKOUT,,0.0,D2-C3-R3-20m,EXECUTION_STRESS,59,2026-05-31T22:59:59.999000+00:00,SNDKUSDT,,US_STOCK:2026-05-29T20:00:00+00:00:2026-06-01T08:00:00+00:00
FALSE_BREAKOUT,,0.0,D2-C3-R3-30m,EXECUTION_STRESS,59,2026-05-31T22:59:59.999000+00:00,SNDKUSDT,,US_STOCK:2026-05-29T20:00:00+00:00:2026-06-01T08:00:00+00:00
FALSE_BREAKOUT,,0.0,D2-C1-R3-10m,EXECUTION_STRESS,97,2026-05-31T22:59:59.999000+00:00,SNDKUSDT,,US_STOCK:2026-05-29T20:00:00+00:00:2026-06-01T08:00:00+00:00
FALSE_BREAKOUT,,0.0,D2-C1-R3-20m,EXECUTION_STRESS,97,2026-05-31T22:59:59.999000+00:00,SNDKUSDT,,US_STOCK:2026-05-29T20:00:00+00:00:2026-06-01T08:00:00+00:00
FALSE_BREAKOUT,,0.0,D2-C1-R3-30m,EXECUTION_STRESS,97,2026-05-31T22:59:59.999000+00:00,SNDKUSDT,,US_STOCK:2026-05-29T20:00:00+00:00:2026-06-01T08:00:00+00:00
FALSE_BREAKOUT,,0.0,D2-C2-R3-10m,EXECUTION_STRESS,97,2026-05-31T22:59:59.999000+00:00,SNDKUSDT,,US_STOCK:2026-05-29T20:00:00+00:00:2026-06-01T08:00:00+00:00
FALSE_BREAKOUT,,0.0,D2-C2-R3-20m,EXECUTION_STRESS,97,2026-05-31T22:59:59.999000+00:00,SNDKUSDT,,US_STOCK:2026-05-29T20:00:00+00:00:2026-06-01T08:00:00+00:00
FALSE_BREAKOUT,,0.0,D2-C2-R3-30m,EXECUTION_STRESS,97,2026-05-31T22:59:59.999000+00:00,SNDKUSDT,,US_STOCK:2026-05-29T20:00:00+00:00:2026-06-01T08:00:00+00:00
FALSE_BREAKOUT,,0.0,D2-C3-R3-10m,EXECUTION_STRESS,97,2026-05-31T22:59:59.999000+00:00,SNDKUSDT,,US_STOCK:2026-05-29T20:00:00+00:00:2026-06-01T08:00:00+00:00
FALSE_BREAKOUT,,0.0,D2-C3-R3-20m,EXECUTION_STRESS,97,2026-05-31T22:59:59.999000+00:00,SNDKUSDT,,US_STOCK:2026-05-29T20:00:00+00:00:2026-06-01T08:00:00+00:00
FALSE_BREAKOUT,,0.0,D2-C3-R3-30m,EXECUTION_STRESS,97,2026-05-31T22:59:59.999000+00:00,SNDKUSDT,,US_STOCK:2026-05-29T20:00:00+00:00:2026-06-01T08:00:00+00:00
FALSE_BREAKOUT,,0.0,D2-C1-R3-10m,MAKER_PROMO_OFF,3,2026-05-31T22:59:59.999000+00:00,SNDKUSDT,,US_STOCK:2026-05-29T20:00:00+00:00:2026-06-01T08:00:00+00:00
FALSE_BREAKOUT,,0.0,D2-C1-R3-20m,MAKER_PROMO_OFF,3,2026-05-31T22:59:59.999000+00:00,SNDKUSDT,,US_STOCK:2026-05-29T20:00:00+00:00:2026-06-01T08:00:00+00:00
FALSE_BREAKOUT,,0.0,D2-C1-R3-30m,MAKER_PROMO_OFF,3,2026-05-31T22:59:59.999000+00:00,SNDKUSDT,,US_STOCK:2026-05-29T20:00:00+00:00:2026-06-01T08:00:00+00:00
FALSE_BREAKOUT,,0.0,D2-C2-R3-10m,MAKER_PROMO_OFF,3,2026-05-31T22:59:59.999000+00:00,SNDKUSDT,,US_STOCK:2026-05-29T20:00:00+00:00:2026-06-01T08:00:00+00:00
FALSE_BREAKOUT,,0.0,D2-C2-R3-20m,MAKER_PROMO_OFF,3,2026-05-31T22:59:59.999000+00:00,SNDKUSDT,,US_STOCK:2026-05-29T20:00:00+00:00:2026-06-01T08:00:00+00:00
FALSE_BREAKOUT,,0.0,D2-C2-R3-30m,MAKER_PROMO_OFF,3,2026-05-31T22:59:59.999000+00:00,SNDKUSDT,,US_STOCK:2026-05-29T20:00:00+00:00:2026-06-01T08:00:00+00:00
FALSE_BREAKOUT,,0.0,D2-C3-R3-10m,MAKER_PROMO_OFF,3,2026-05-31T22:59:59.999000+00:00,SNDKUSDT,,US_STOCK:2026-05-29T20:00:00+00:00:2026-06-01T08:00:00+00:00
FALSE_BREAKOUT,,0.0,D2-C3-R3-20m,MAKER_PROMO_OFF,3,2026-05-31T22:59:59.999000+00:00,SNDKUSDT,,US_STOCK:2026-05-29T20:00:00+00:00:2026-06-01T08:00:00+00:00
FALSE_BREAKOUT,,0.0,D2-C3-R3-30m,MAKER_PROMO_OFF,3,2026-05-31T22:59:59.999000+00:00,SNDKUSDT,,US_STOCK:2026-05-29T20:00:00+00:00:2026-06-01T08:00:00+00:00
FALSE_BREAKOUT,,0.0,D2-C1-R3-10m,MAKER_PROMO_OFF,10,2026-05-31T22:59:59.999000+00:00,SNDKUSDT,,US_STOCK:2026-05-29T20:00:00+00:00:2026-06-01T08:00:00+00:00
FALSE_BREAKOUT,,0.0,D2-C1-R3-20m,MAKER_PROMO_OFF,10,2026-05-31T22:59:59.999000+00:00,SNDKUSDT,,US_STOCK:2026-05-29T20:00:00+00:00:2026-06-01T08:00:00+00:00
FALSE_BREAKOUT,,0.0,D2-C1-R3-30m,MAKER_PROMO_OFF,10,2026-05-31T22:59:59.999000+00:00,SNDKUSDT,,US_STOCK:2026-05-29T20:00:00+00:00:2026-06-01T08:00:00+00:00
FALSE_BREAKOUT,,0.0,D2-C2-R3-10m,MAKER_PROMO_OFF,10,2026-05-31T22:59:59.999000+00:00,SNDKUSDT,,US_STOCK:2026-05-29T20:00:00+00:00:2026-06-01T08:00:00+00:00
FALSE_BREAKOUT,,0.0,D2-C2-R3-20m,MAKER_PROMO_OFF,10,2026-05-31T22:59:59.999000+00:00,SNDKUSDT,,US_STOCK:2026-05-29T20:00:00+00:00:2026-06-01T08:00:00+00:00
FALSE_BREAKOUT,,0.0,D2-C2-R3-30m,MAKER_PROMO_OFF,10,2026-05-31T22:59:59.999000+00:00,SNDKUSDT,,US_STOCK:2026-05-29T20:00:00+00:00:2026-06-01T08:00:00+00:00
FALSE_BREAKOUT,,0.0,D2-C3-R3-10m,MAKER_PROMO_OFF,10,2026-05-31T22:59:59.999000+00:00,SNDKUSDT,,US_STOCK:2026-05-29T20:00:00+00:00:2026-06-01T08:00:00+00:00
FALSE_BREAKOUT,,0.0,D2-C3-R3-20m,MAKER_PROMO_OFF,10,2026-05-31T22:59:59.999000+00:00,SNDKUSDT,,US_STOCK:2026-05-29T20:00:00+00:00:2026-06-01T08:00:00+00:00
FALSE_BREAKOUT,,0.0,D2-C3-R3-30m,MAKER_PROMO_OFF,10,2026-05-31T22:59:59.999000+00:00,SNDKUSDT,,US_STOCK:2026-05-29T20:00:00+00:00:2026-06-01T08:00:00+00:00
FALSE_BREAKOUT,,0.0,D2-C1-R3-10m,MAKER_PROMO_OFF,17,2026-05-31T22:59:59.999000+00:00,SNDKUSDT,,US_STOCK:2026-05-29T20:00:00+00:00:2026-06-01T08:00:00+00:00
FALSE_BREAKOUT,,0.0,D2-C1-R3-20m,MAKER_PROMO_OFF,17,2026-05-31T22:59:59.999000+00:00,SNDKUSDT,,US_STOCK:2026-05-29T20:00:00+00:00:2026-06-01T08:00:00+00:00
FALSE_BREAKOUT,,0.0,D2-C1-R3-30m,MAKER_PROMO_OFF,17,2026-05-31T22:59:59.999000+00:00,SNDKUSDT,,US_STOCK:2026-05-29T20:00:00+00:00:2026-06-01T08:00:00+00:00
FALSE_BREAKOUT,,0.0,D2-C2-R3-10m,MAKER_PROMO_OFF,17,2026-05-31T22:59:59.999000+00:00,SNDKUSDT,,US_STOCK:2026-05-29T20:00:00+00:00:2026-06-01T08:00:00+00:00
FALSE_BREAKOUT,,0.0,D2-C2-R3-20m,MAKER_PROMO_OFF,17,2026-05-31T22:59:59.999000+00:00,SNDKUSDT,,US_STOCK:2026-05-29T20:00:00+00:00:2026-06-01T08:00:00+00:00
FALSE_BREAKOUT,,0.0,D2-C2-R3-30m,MAKER_PROMO_OFF,17,2026-05-31T22:59:59.999000+00:00,SNDKUSDT,,US_STOCK:2026-05-29T20:00:00+00:00:2026-06-01T08:00:00+00:00
FALSE_BREAKOUT,,0.0,D2-C3-R3-10m,MAKER_PROMO_OFF,17,2026-05-31T22:59:59.999000+00:00,SNDKUSDT,,US_STOCK:2026-05-29T20:00:00+00:00:2026-06-01T08:00:00+00:00
FALSE_BREAKOUT,,0.0,D2-C3-R3-20m,MAKER_PROMO_OFF,17,2026-05-31T22:59:59.999000+00:00,SNDKUSDT,,US_STOCK:2026-05-29T20:00:00+00:00:2026-06-01T08:00:00+00:00
FALSE_BREAKOUT,,0.0,D2-C3-R3-30m,MAKER_PROMO_OFF,17,2026-05-31T22:59:59.999000+00:00,SNDKUSDT,,US_STOCK:2026-05-29T20:00:00+00:00:2026-06-01T08:00:00+00:00
FALSE_BREAKOUT,,0.0,D2-C1-R3-10m,MAKER_PROMO_OFF,31,2026-05-31T22:59:59.999000+00:00,SNDKUSDT,,US_STOCK:2026-05-29T20:00:00+00:00:2026-06-01T08:00:00+00:00
FALSE_BREAKOUT,,0.0,D2-C1-R3-20m,MAKER_PROMO_OFF,31,2026-05-31T22:59:59.999000+00:00,SNDKUSDT,,US_STOCK:2026-05-29T20:00:00+00:00:2026-06-01T08:00:00+00:00
FALSE_BREAKOUT,,0.0,D2-C1-R3-30m,MAKER_PROMO_OFF,31,2026-05-31T22:59:59.999000+00:00,SNDKUSDT,,US_STOCK:2026-05-29T20:00:00+00:00:2026-06-01T08:00:00+00:00
FALSE_BREAKOUT,,0.0,D2-C2-R3-10m,MAKER_PROMO_OFF,31,2026-05-31T22:59:59.999000+00:00,SNDKUSDT,,US_STOCK:2026-05-29T20:00:00+00:00:2026-06-01T08:00:00+00:00
FALSE_BREAKOUT,,0.0,D2-C2-R3-20m,MAKER_PROMO_OFF,31,2026-05-31T22:59:59.999000+00:00,SNDKUSDT,,US_STOCK:2026-05-29T20:00:00+00:00:2026-06-01T08:00:00+00:00
FALSE_BREAKOUT,,0.0,D2-C2-R3-30m,MAKER_PROMO_OFF,31,2026-05-31T22:59:59.999000+00:00,SNDKUSDT,,US_STOCK:2026-05-29T20:00:00+00:00:2026-06-01T08:00:00+00:00
FALSE_BREAKOUT,,0.0,D2-C3-R3-10m,MAKER_PROMO_OFF,31,2026-05-31T22:59:59.999000+00:00,SNDKUSDT,,US_STOCK:2026-05-29T20:00:00+00:00:2026-06-01T08:00:00+00:00
FALSE_BREAKOUT,,0.0,D2-C3-R3-20m,MAKER_PROMO_OFF,31,2026-05-31T22:59:59.999000+00:00,SNDKUSDT,,US_STOCK:2026-05-29T20:00:00+00:00:2026-06-01T08:00:00+00:00
FALSE_BREAKOUT,,0.0,D2-C3-R3-30m,MAKER_PROMO_OFF,31,2026-05-31T22:59:59.999000+00:00,SNDKUSDT,,US_STOCK:2026-05-29T20:00:00+00:00:2026-06-01T08:00:00+00:00
FALSE_BREAKOUT,,0.0,D2-C1-R3-10m,MAKER_PROMO_OFF,59,2026-05-31T22:59:59.999000+00:00,SNDKUSDT,,US_STOCK:2026-05-29T20:00:00+00:00:2026-06-01T08:00:00+00:00
FALSE_BREAKOUT,,0.0,D2-C1-R3-20m,MAKER_PROMO_OFF,59,2026-05-31T22:59:59.999000+00:00,SNDKUSDT,,US_STOCK:2026-05-29T20:00:00+00:00:2026-06-01T08:00:00+00:00
FALSE_BREAKOUT,,0.0,D2-C1-R3-30m,MAKER_PROMO_OFF,59,2026-05-31T22:59:59.999000+00:00,SNDKUSDT,,US_STOCK:2026-05-29T20:00:00+00:00:2026-06-01T08:00:00+00:00
FALSE_BREAKOUT,,0.0,D2-C2-R3-10m,MAKER_PROMO_OFF,59,2026-05-31T22:59:59.999000+00:00,SNDKUSDT,,US_STOCK:2026-05-29T20:00:00+00:00:2026-06-01T08:00:00+00:00
FALSE_BREAKOUT,,0.0,D2-C2-R3-20m,MAKER_PROMO_OFF,59,2026-05-31T22:59:59.999000+00:00,SNDKUSDT,,US_STOCK:2026-05-29T20:00:00+00:00:2026-06-01T08:00:00+00:00
FALSE_BREAKOUT,,0.0,D2-C2-R3-30m,MAKER_PROMO_OFF,59,2026-05-31T22:59:59.999000+00:00,SNDKUSDT,,US_STOCK:2026-05-29T20:00:00+00:00:2026-06-01T08:00:00+00:00
FALSE_BREAKOUT,,0.0,D2-C3-R3-10m,MAKER_PROMO_OFF,59,2026-05-31T22:59:59.999000+00:00,SNDKUSDT,,US_STOCK:2026-05-29T20:00:00+00:00:2026-06-01T08:00:00+00:00
FALSE_BREAKOUT,,0.0,D2-C3-R3-20m,MAKER_PROMO_OFF,59,2026-05-31T22:59:59.999000+00:00,SNDKUSDT,,US_STOCK:2026-05-29T20:00:00+00:00:2026-06-01T08:00:00+00:00
FALSE_BREAKOUT,,0.0,D2-C3-R3-30m,MAKER_PROMO_OFF,59,2026-05-31T22:59:59.999000+00:00,SNDKUSDT,,US_STOCK:2026-05-29T20:00:00+00:00:2026-06-01T08:00:00+00:00
FALSE_BREAKOUT,,0.0,D2-C1-R3-10m,MAKER_PROMO_OFF,97,2026-05-31T22:59:59.999000+00:00,SNDKUSDT,,US_STOCK:2026-05-29T20:00:00+00:00:2026-06-01T08:00:00+00:00
FALSE_BREAKOUT,,0.0,D2-C1-R3-20m,MAKER_PROMO_OFF,97,2026-05-31T22:59:59.999000+00:00,SNDKUSDT,,US_STOCK:2026-05-29T20:00:00+00:00:2026-06-01T08:00:00+00:00
FALSE_BREAKOUT,,0.0,D2-C1-R3-30m,MAKER_PROMO_OFF,97,2026-05-31T22:59:59.999000+00:00,SNDKUSDT,,US_STOCK:2026-05-29T20:00:00+00:00:2026-06-01T08:00:00+00:00
FALSE_BREAKOUT,,0.0,D2-C2-R3-10m,MAKER_PROMO_OFF,97,2026-05-31T22:59:59.999000+00:00,SNDKUSDT,,US_STOCK:2026-05-29T20:00:00+00:00:2026-06-01T08:00:00+00:00
FALSE_BREAKOUT,,0.0,D2-C2-R3-20m,MAKER_PROMO_OFF,97,2026-05-31T22:59:59.999000+00:00,SNDKUSDT,,US_STOCK:2026-05-29T20:00:00+00:00:2026-06-01T08:00:00+00:00
FALSE_BREAKOUT,,0.0,D2-C2-R3-30m,MAKER_PROMO_OFF,97,2026-05-31T22:59:59.999000+00:00,SNDKUSDT,,US_STOCK:2026-05-29T20:00:00+00:00:2026-06-01T08:00:00+00:00
FALSE_BREAKOUT,,0.0,D2-C3-R3-10m,MAKER_PROMO_OFF,97,2026-05-31T22:59:59.999000+00:00,SNDKUSDT,,US_STOCK:2026-05-29T20:00:00+00:00:2026-06-01T08:00:00+00:00
FALSE_BREAKOUT,,0.0,D2-C3-R3-20m,MAKER_PROMO_OFF,97,2026-05-31T22:59:59.999000+00:00,SNDKUSDT,,US_STOCK:2026-05-29T20:00:00+00:00:2026-06-01T08:00:00+00:00
FALSE_BREAKOUT,,0.0,D2-C3-R3-30m,MAKER_PROMO_OFF,97,2026-05-31T22:59:59.999000+00:00,SNDKUSDT,,US_STOCK:2026-05-29T20:00:00+00:00:2026-06-01T08:00:00+00:00
FALSE_BREAKOUT,,0.0,D2-C1-R3-10m,PRIMARY_ZERO_MAKER,3,2026-06-05T23:48:59.999000+00:00,SNDKUSDT,,US_STOCK:2026-06-05T20:00:00+00:00:2026-06-08T08:00:00+00:00
FALSE_BREAKOUT,,0.0,D2-C1-R3-20m,PRIMARY_ZERO_MAKER,3,2026-06-05T23:48:59.999000+00:00,SNDKUSDT,,US_STOCK:2026-06-05T20:00:00+00:00:2026-06-08T08:00:00+00:00
FALSE_BREAKOUT,,0.0,D2-C1-R3-30m,PRIMARY_ZERO_MAKER,3,2026-06-05T23:48:59.999000+00:00,SNDKUSDT,,US_STOCK:2026-06-05T20:00:00+00:00:2026-06-08T08:00:00+00:00
FALSE_BREAKOUT,,0.0,D2-C2-R3-10m,PRIMARY_ZERO_MAKER,3,2026-06-05T23:48:59.999000+00:00,SNDKUSDT,,US_STOCK:2026-06-05T20:00:00+00:00:2026-06-08T08:00:00+00:00
FALSE_BREAKOUT,,0.0,D2-C2-R3-20m,PRIMARY_ZERO_MAKER,3,2026-06-05T23:48:59.999000+00:00,SNDKUSDT,,US_STOCK:2026-06-05T20:00:00+00:00:2026-06-08T08:00:00+00:00
FALSE_BREAKOUT,,0.0,D2-C2-R3-30m,PRIMARY_ZERO_MAKER,3,2026-06-05T23:48:59.999000+00:00,SNDKUSDT,,US_STOCK:2026-06-05T20:00:00+00:00:2026-06-08T08:00:00+00:00
FALSE_BREAKOUT,,0.0,D2-C3-R3-10m,PRIMARY_ZERO_MAKER,3,2026-06-05T23:48:59.999000+00:00,SNDKUSDT,,US_STOCK:2026-06-05T20:00:00+00:00:2026-06-08T08:00:00+00:00
FALSE_BREAKOUT,,0.0,D2-C3-R3-20m,PRIMARY_ZERO_MAKER,3,2026-06-05T23:48:59.999000+00:00,SNDKUSDT,,US_STOCK:2026-06-05T20:00:00+00:00:2026-06-08T08:00:00+00:00
FALSE_BREAKOUT,,0.0,D2-C3-R3-30m,PRIMARY_ZERO_MAKER,3,2026-06-05T23:48:59.999000+00:00,SNDKUSDT,,US_STOCK:2026-06-05T20:00:00+00:00:2026-06-08T08:00:00+00:00
FALSE_BREAKOUT,,0.0,D2-C1-R3-10m,PRIMARY_ZERO_MAKER,10,2026-06-05T23:48:59.999000+00:00,SNDKUSDT,,US_STOCK:2026-06-05T20:00:00+00:00:2026-06-08T08:00:00+00:00
FALSE_BREAKOUT,,0.0,D2-C1-R3-20m,PRIMARY_ZERO_MAKER,10,2026-06-05T23:48:59.999000+00:00,SNDKUSDT,,US_STOCK:2026-06-05T20:00:00+00:00:2026-06-08T08:00:00+00:00
FALSE_BREAKOUT,,0.0,D2-C1-R3-30m,PRIMARY_ZERO_MAKER,10,2026-06-05T23:48:59.999000+00:00,SNDKUSDT,,US_STOCK:2026-06-05T20:00:00+00:00:2026-06-08T08:00:00+00:00
FALSE_BREAKOUT,,0.0,D2-C2-R3-10m,PRIMARY_ZERO_MAKER,10,2026-06-05T23:48:59.999000+00:00,SNDKUSDT,,US_STOCK:2026-06-05T20:00:00+00:00:2026-06-08T08:00:00+00:00
FALSE_BREAKOUT,,0.0,D2-C2-R3-20m,PRIMARY_ZERO_MAKER,10,2026-06-05T23:48:59.999000+00:00,SNDKUSDT,,US_STOCK:2026-06-05T20:00:00+00:00:2026-06-08T08:00:00+00:00
FALSE_BREAKOUT,,0.0,D2-C2-R3-30m,PRIMARY_ZERO_MAKER,10,2026-06-05T23:48:59.999000+00:00,SNDKUSDT,,US_STOCK:2026-06-05T20:00:00+00:00:2026-06-08T08:00:00+00:00
FALSE_BREAKOUT,,0.0,D2-C3-R3-10m,PRIMARY_ZERO_MAKER,10,2026-06-05T23:48:59.999000+00:00,SNDKUSDT,,US_STOCK:2026-06-05T20:00:00+00:00:2026-06-08T08:00:00+00:00
FALSE_BREAKOUT,,0.0,D2-C3-R3-20m,PRIMARY_ZERO_MAKER,10,2026-06-05T23:48:59.999000+00:00,SNDKUSDT,,US_STOCK:2026-06-05T20:00:00+00:00:2026-06-08T08:00:00+00:00
FALSE_BREAKOUT,,0.0,D2-C3-R3-30m,PRIMARY_ZERO_MAKER,10,2026-06-05T23:48:59.999000+00:00,SNDKUSDT,,US_STOCK:2026-06-05T20:00:00+00:00:2026-06-08T08:00:00+00:00
FALSE_BREAKOUT,,0.0,D2-C1-R3-10m,PRIMARY_ZERO_MAKER,17,2026-06-05T23:48:59.999000+00:00,SNDKUSDT,,US_STOCK:2026-06-05T20:00:00+00:00:2026-06-08T08:00:00+00:00
FALSE_BREAKOUT,,0.0,D2-C1-R3-20m,PRIMARY_ZERO_MAKER,17,2026-06-05T23:48:59.999000+00:00,SNDKUSDT,,US_STOCK:2026-06-05T20:00:00+00:00:2026-06-08T08:00:00+00:00
FALSE_BREAKOUT,,0.0,D2-C1-R3-30m,PRIMARY_ZERO_MAKER,17,2026-06-05T23:48:59.999000+00:00,SNDKUSDT,,US_STOCK:2026-06-05T20:00:00+00:00:2026-06-08T08:00:00+00:00
FALSE_BREAKOUT,,0.0,D2-C2-R3-10m,PRIMARY_ZERO_MAKER,17,2026-06-05T23:48:59.999000+00:00,SNDKUSDT,,US_STOCK:2026-06-05T20:00:00+00:00:2026-06-08T08:00:00+00:00
FALSE_BREAKOUT,,0.0,D2-C2-R3-20m,PRIMARY_ZERO_MAKER,17,2026-06-05T23:48:59.999000+00:00,SNDKUSDT,,US_STOCK:2026-06-05T20:00:00+00:00:2026-06-08T08:00:00+00:00
FALSE_BREAKOUT,,0.0,D2-C2-R3-30m,PRIMARY_ZERO_MAKER,17,2026-06-05T23:48:59.999000+00:00,SNDKUSDT,,US_STOCK:2026-06-05T20:00:00+00:00:2026-06-08T08:00:00+00:00
FALSE_BREAKOUT,,0.0,D2-C3-R3-10m,PRIMARY_ZERO_MAKER,17,2026-06-05T23:48:59.999000+00:00,SNDKUSDT,,US_STOCK:2026-06-05T20:00:00+00:00:2026-06-08T08:00:00+00:00
FALSE_BREAKOUT,,0.0,D2-C3-R3-20m,PRIMARY_ZERO_MAKER,17,2026-06-05T23:48:59.999000+00:00,SNDKUSDT,,US_STOCK:2026-06-05T20:00:00+00:00:2026-06-08T08:00:00+00:00
FALSE_BREAKOUT,,0.0,D2-C3-R3-30m,PRIMARY_ZERO_MAKER,17,2026-06-05T23:48:59.999000+00:00,SNDKUSDT,,US_STOCK:2026-06-05T20:00:00+00:00:2026-06-08T08:00:00+00:00
FALSE_BREAKOUT,,0.0,D2-C1-R3-10m,PRIMARY_ZERO_MAKER,31,2026-06-05T23:48:59.999000+00:00,SNDKUSDT,,US_STOCK:2026-06-05T20:00:00+00:00:2026-06-08T08:00:00+00:00
FALSE_BREAKOUT,,0.0,D2-C1-R3-20m,PRIMARY_ZERO_MAKER,31,2026-06-05T23:48:59.999000+00:00,SNDKUSDT,,US_STOCK:2026-06-05T20:00:00+00:00:2026-06-08T08:00:00+00:00
FALSE_BREAKOUT,,0.0,D2-C1-R3-30m,PRIMARY_ZERO_MAKER,31,2026-06-05T23:48:59.999000+00:00,SNDKUSDT,,US_STOCK:2026-06-05T20:00:00+00:00:2026-06-08T08:00:00+00:00
FALSE_BREAKOUT,,0.0,D2-C2-R3-10m,PRIMARY_ZERO_MAKER,31,2026-06-05T23:48:59.999000+00:00,SNDKUSDT,,US_STOCK:2026-06-05T20:00:00+00:00:2026-06-08T08:00:00+00:00
FALSE_BREAKOUT,,0.0,D2-C2-R3-20m,PRIMARY_ZERO_MAKER,31,2026-06-05T23:48:59.999000+00:00,SNDKUSDT,,US_STOCK:2026-06-05T20:00:00+00:00:2026-06-08T08:00:00+00:00
FALSE_BREAKOUT,,0.0,D2-C2-R3-30m,PRIMARY_ZERO_MAKER,31,2026-06-05T23:48:59.999000+00:00,SNDKUSDT,,US_STOCK:2026-06-05T20:00:00+00:00:2026-06-08T08:00:00+00:00
FALSE_BREAKOUT,,0.0,D2-C3-R3-10m,PRIMARY_ZERO_MAKER,31,2026-06-05T23:48:59.999000+00:00,SNDKUSDT,,US_STOCK:2026-06-05T20:00:00+00:00:2026-06-08T08:00:00+00:00
FALSE_BREAKOUT,,0.0,D2-C3-R3-20m,PRIMARY_ZERO_MAKER,31,2026-06-05T23:48:59.999000+00:00,SNDKUSDT,,US_STOCK:2026-06-05T20:00:00+00:00:2026-06-08T08:00:00+00:00
FALSE_BREAKOUT,,0.0,D2-C3-R3-30m,PRIMARY_ZERO_MAKER,31,2026-06-05T23:48:59.999000+00:00,SNDKUSDT,,US_STOCK:2026-06-05T20:00:00+00:00:2026-06-08T08:00:00+00:00
FALSE_BREAKOUT,,0.0,D2-C1-R3-10m,PRIMARY_ZERO_MAKER,59,2026-06-05T23:48:59.999000+00:00,SNDKUSDT,,US_STOCK:2026-06-05T20:00:00+00:00:2026-06-08T08:00:00+00:00
FALSE_BREAKOUT,,0.0,D2-C1-R3-20m,PRIMARY_ZERO_MAKER,59,2026-06-05T23:48:59.999000+00:00,SNDKUSDT,,US_STOCK:2026-06-05T20:00:00+00:00:2026-06-08T08:00:00+00:00
FALSE_BREAKOUT,,0.0,D2-C1-R3-30m,PRIMARY_ZERO_MAKER,59,2026-06-05T23:48:59.999000+00:00,SNDKUSDT,,US_STOCK:2026-06-05T20:00:00+00:00:2026-06-08T08:00:00+00:00
FALSE_BREAKOUT,,0.0,D2-C2-R3-10m,PRIMARY_ZERO_MAKER,59,2026-06-05T23:48:59.999000+00:00,SNDKUSDT,,US_STOCK:2026-06-05T20:00:00+00:00:2026-06-08T08:00:00+00:00
FALSE_BREAKOUT,,0.0,D2-C2-R3-20m,PRIMARY_ZERO_MAKER,59,2026-06-05T23:48:59.999000+00:00,SNDKUSDT,,US_STOCK:2026-06-05T20:00:00+00:00:2026-06-08T08:00:00+00:00
FALSE_BREAKOUT,,0.0,D2-C2-R3-30m,PRIMARY_ZERO_MAKER,59,2026-06-05T23:48:59.999000+00:00,SNDKUSDT,,US_STOCK:2026-06-05T20:00:00+00:00:2026-06-08T08:00:00+00:00
FALSE_BREAKOUT,,0.0,D2-C3-R3-10m,PRIMARY_ZERO_MAKER,59,2026-06-05T23:48:59.999000+00:00,SNDKUSDT,,US_STOCK:2026-06-05T20:00:00+00:00:2026-06-08T08:00:00+00:00
FALSE_BREAKOUT,,0.0,D2-C3-R3-20m,PRIMARY_ZERO_MAKER,59,2026-06-05T23:48:59.999000+00:00,SNDKUSDT,,US_STOCK:2026-06-05T20:00:00+00:00:2026-06-08T08:00:00+00:00
FALSE_BREAKOUT,,0.0,D2-C3-R3-30m,PRIMARY_ZERO_MAKER,59,2026-06-05T23:48:59.999000+00:00,SNDKUSDT,,US_STOCK:2026-06-05T20:00:00+00:00:2026-06-08T08:00:00+00:00
FALSE_BREAKOUT,,0.0,D2-C1-R3-10m,PRIMARY_ZERO_MAKER,97,2026-06-05T23:48:59.999000+00:00,SNDKUSDT,,US_STOCK:2026-06-05T20:00:00+00:00:2026-06-08T08:00:00+00:00
FALSE_BREAKOUT,,0.0,D2-C1-R3-20m,PRIMARY_ZERO_MAKER,97,2026-06-05T23:48:59.999000+00:00,SNDKUSDT,,US_STOCK:2026-06-05T20:00:00+00:00:2026-06-08T08:00:00+00:00
FALSE_BREAKOUT,,0.0,D2-C1-R3-30m,PRIMARY_ZERO_MAKER,97,2026-06-05T23:48:59.999000+00:00,SNDKUSDT,,US_STOCK:2026-06-05T20:00:00+00:00:2026-06-08T08:00:00+00:00
FALSE_BREAKOUT,,0.0,D2-C2-R3-10m,PRIMARY_ZERO_MAKER,97,2026-06-05T23:48:59.999000+00:00,SNDKUSDT,,US_STOCK:2026-06-05T20:00:00+00:00:2026-06-08T08:00:00+00:00
FALSE_BREAKOUT,,0.0,D2-C2-R3-20m,PRIMARY_ZERO_MAKER,97,2026-06-05T23:48:59.999000+00:00,SNDKUSDT,,US_STOCK:2026-06-05T20:00:00+00:00:2026-06-08T08:00:00+00:00
FALSE_BREAKOUT,,0.0,D2-C2-R3-30m,PRIMARY_ZERO_MAKER,97,2026-06-05T23:48:59.999000+00:00,SNDKUSDT,,US_STOCK:2026-06-05T20:00:00+00:00:2026-06-08T08:00:00+00:00
FALSE_BREAKOUT,,0.0,D2-C3-R3-10m,PRIMARY_ZERO_MAKER,97,2026-06-05T23:48:59.999000+00:00,SNDKUSDT,,US_STOCK:2026-06-05T20:00:00+00:00:2026-06-08T08:00:00+00:00
FALSE_BREAKOUT,,0.0,D2-C3-R3-20m,PRIMARY_ZERO_MAKER,97,2026-06-05T23:48:59.999000+00:00,SNDKUSDT,,US_STOCK:2026-06-05T20:00:00+00:00:2026-06-08T08:00:00+00:00
FALSE_BREAKOUT,,0.0,D2-C3-R3-30m,PRIMARY_ZERO_MAKER,97,2026-06-05T23:48:59.999000+00:00,SNDKUSDT,,US_STOCK:2026-06-05T20:00:00+00:00:2026-06-08T08:00:00+00:00
FALSE_BREAKOUT,,0.0,D2-C1-R3-10m,EXECUTION_STRESS,3,2026-06-05T23:48:59.999000+00:00,SNDKUSDT,,US_STOCK:2026-06-05T20:00:00+00:00:2026-06-08T08:00:00+00:00
FALSE_BREAKOUT,,0.0,D2-C1-R3-20m,EXECUTION_STRESS,3,2026-06-05T23:48:59.999000+00:00,SNDKUSDT,,US_STOCK:2026-06-05T20:00:00+00:00:2026-06-08T08:00:00+00:00
FALSE_BREAKOUT,,0.0,D2-C1-R3-30m,EXECUTION_STRESS,3,2026-06-05T23:48:59.999000+00:00,SNDKUSDT,,US_STOCK:2026-06-05T20:00:00+00:00:2026-06-08T08:00:00+00:00
FALSE_BREAKOUT,,0.0,D2-C2-R3-10m,EXECUTION_STRESS,3,2026-06-05T23:48:59.999000+00:00,SNDKUSDT,,US_STOCK:2026-06-05T20:00:00+00:00:2026-06-08T08:00:00+00:00
FALSE_BREAKOUT,,0.0,D2-C2-R3-20m,EXECUTION_STRESS,3,2026-06-05T23:48:59.999000+00:00,SNDKUSDT,,US_STOCK:2026-06-05T20:00:00+00:00:2026-06-08T08:00:00+00:00
FALSE_BREAKOUT,,0.0,D2-C2-R3-30m,EXECUTION_STRESS,3,2026-06-05T23:48:59.999000+00:00,SNDKUSDT,,US_STOCK:2026-06-05T20:00:00+00:00:2026-06-08T08:00:00+00:00
FALSE_BREAKOUT,,0.0,D2-C3-R3-10m,EXECUTION_STRESS,3,2026-06-05T23:48:59.999000+00:00,SNDKUSDT,,US_STOCK:2026-06-05T20:00:00+00:00:2026-06-08T08:00:00+00:00
FALSE_BREAKOUT,,0.0,D2-C3-R3-20m,EXECUTION_STRESS,3,2026-06-05T23:48:59.999000+00:00,SNDKUSDT,,US_STOCK:2026-06-05T20:00:00+00:00:2026-06-08T08:00:00+00:00
FALSE_BREAKOUT,,0.0,D2-C3-R3-30m,EXECUTION_STRESS,3,2026-06-05T23:48:59.999000+00:00,SNDKUSDT,,US_STOCK:2026-06-05T20:00:00+00:00:2026-06-08T08:00:00+00:00
FALSE_BREAKOUT,,0.0,D2-C1-R3-10m,EXECUTION_STRESS,10,2026-06-05T23:48:59.999000+00:00,SNDKUSDT,,US_STOCK:2026-06-05T20:00:00+00:00:2026-06-08T08:00:00+00:00
FALSE_BREAKOUT,,0.0,D2-C1-R3-20m,EXECUTION_STRESS,10,2026-06-05T23:48:59.999000+00:00,SNDKUSDT,,US_STOCK:2026-06-05T20:00:00+00:00:2026-06-08T08:00:00+00:00
FALSE_BREAKOUT,,0.0,D2-C1-R3-30m,EXECUTION_STRESS,10,2026-06-05T23:48:59.999000+00:00,SNDKUSDT,,US_STOCK:2026-06-05T20:00:00+00:00:2026-06-08T08:00:00+00:00
FALSE_BREAKOUT,,0.0,D2-C2-R3-10m,EXECUTION_STRESS,10,2026-06-05T23:48:59.999000+00:00,SNDKUSDT,,US_STOCK:2026-06-05T20:00:00+00:00:2026-06-08T08:00:00+00:00
FALSE_BREAKOUT,,0.0,D2-C2-R3-20m,EXECUTION_STRESS,10,2026-06-05T23:48:59.999000+00:00,SNDKUSDT,,US_STOCK:2026-06-05T20:00:00+00:00:2026-06-08T08:00:00+00:00
FALSE_BREAKOUT,,0.0,D2-C2-R3-30m,EXECUTION_STRESS,10,2026-06-05T23:48:59.999000+00:00,SNDKUSDT,,US_STOCK:2026-06-05T20:00:00+00:00:2026-06-08T08:00:00+00:00
FALSE_BREAKOUT,,0.0,D2-C3-R3-10m,EXECUTION_STRESS,10,2026-06-05T23:48:59.999000+00:00,SNDKUSDT,,US_STOCK:2026-06-05T20:00:00+00:00:2026-06-08T08:00:00+00:00
FALSE_BREAKOUT,,0.0,D2-C3-R3-20m,EXECUTION_STRESS,10,2026-06-05T23:48:59.999000+00:00,SNDKUSDT,,US_STOCK:2026-06-05T20:00:00+00:00:2026-06-08T08:00:00+00:00
FALSE_BREAKOUT,,0.0,D2-C3-R3-30m,EXECUTION_STRESS,10,2026-06-05T23:48:59.999000+00:00,SNDKUSDT,,US_STOCK:2026-06-05T20:00:00+00:00:2026-06-08T08:00:00+00:00
FALSE_BREAKOUT,,0.0,D2-C1-R3-10m,EXECUTION_STRESS,17,2026-06-05T23:48:59.999000+00:00,SNDKUSDT,,US_STOCK:2026-06-05T20:00:00+00:00:2026-06-08T08:00:00+00:00
FALSE_BREAKOUT,,0.0,D2-C1-R3-20m,EXECUTION_STRESS,17,2026-06-05T23:48:59.999000+00:00,SNDKUSDT,,US_STOCK:2026-06-05T20:00:00+00:00:2026-06-08T08:00:00+00:00
FALSE_BREAKOUT,,0.0,D2-C1-R3-30m,EXECUTION_STRESS,17,2026-06-05T23:48:59.999000+00:00,SNDKUSDT,,US_STOCK:2026-06-05T20:00:00+00:00:2026-06-08T08:00:00+00:00
FALSE_BREAKOUT,,0.0,D2-C2-R3-10m,EXECUTION_STRESS,17,2026-06-05T23:48:59.999000+00:00,SNDKUSDT,,US_STOCK:2026-06-05T20:00:00+00:00:2026-06-08T08:00:00+00:00
FALSE_BREAKOUT,,0.0,D2-C2-R3-20m,EXECUTION_STRESS,17,2026-06-05T23:48:59.999000+00:00,SNDKUSDT,,US_STOCK:2026-06-05T20:00:00+00:00:2026-06-08T08:00:00+00:00
FALSE_BREAKOUT,,0.0,D2-C2-R3-30m,EXECUTION_STRESS,17,2026-06-05T23:48:59.999000+00:00,SNDKUSDT,,US_STOCK:2026-06-05T20:00:00+00:00:2026-06-08T08:00:00+00:00
FALSE_BREAKOUT,,0.0,D2-C3-R3-10m,EXECUTION_STRESS,17,2026-06-05T23:48:59.999000+00:00,SNDKUSDT,,US_STOCK:2026-06-05T20:00:00+00:00:2026-06-08T08:00:00+00:00
FALSE_BREAKOUT,,0.0,D2-C3-R3-20m,EXECUTION_STRESS,17,2026-06-05T23:48:59.999000+00:00,SNDKUSDT,,US_STOCK:2026-06-05T20:00:00+00:00:2026-06-08T08:00:00+00:00
FALSE_BREAKOUT,,0.0,D2-C3-R3-30m,EXECUTION_STRESS,17,2026-06-05T23:48:59.999000+00:00,SNDKUSDT,,US_STOCK:2026-06-05T20:00:00+00:00:2026-06-08T08:00:00+00:00
FALSE_BREAKOUT,,0.0,D2-C1-R3-10m,EXECUTION_STRESS,31,2026-06-05T23:48:59.999000+00:00,SNDKUSDT,,US_STOCK:2026-06-05T20:00:00+00:00:2026-06-08T08:00:00+00:00
FALSE_BREAKOUT,,0.0,D2-C1-R3-20m,EXECUTION_STRESS,31,2026-06-05T23:48:59.999000+00:00,SNDKUSDT,,US_STOCK:2026-06-05T20:00:00+00:00:2026-06-08T08:00:00+00:00
FALSE_BREAKOUT,,0.0,D2-C1-R3-30m,EXECUTION_STRESS,31,2026-06-05T23:48:59.999000+00:00,SNDKUSDT,,US_STOCK:2026-06-05T20:00:00+00:00:2026-06-08T08:00:00+00:00
FALSE_BREAKOUT,,0.0,D2-C2-R3-10m,EXECUTION_STRESS,31,2026-06-05T23:48:59.999000+00:00,SNDKUSDT,,US_STOCK:2026-06-05T20:00:00+00:00:2026-06-08T08:00:00+00:00
FALSE_BREAKOUT,,0.0,D2-C2-R3-20m,EXECUTION_STRESS,31,2026-06-05T23:48:59.999000+00:00,SNDKUSDT,,US_STOCK:2026-06-05T20:00:00+00:00:2026-06-08T08:00:00+00:00
FALSE_BREAKOUT,,0.0,D2-C2-R3-30m,EXECUTION_STRESS,31,2026-06-05T23:48:59.999000+00:00,SNDKUSDT,,US_STOCK:2026-06-05T20:00:00+00:00:2026-06-08T08:00:00+00:00
FALSE_BREAKOUT,,0.0,D2-C3-R3-10m,EXECUTION_STRESS,31,2026-06-05T23:48:59.999000+00:00,SNDKUSDT,,US_STOCK:2026-06-05T20:00:00+00:00:2026-06-08T08:00:00+00:00
FALSE_BREAKOUT,,0.0,D2-C3-R3-20m,EXECUTION_STRESS,31,2026-06-05T23:48:59.999000+00:00,SNDKUSDT,,US_STOCK:2026-06-05T20:00:00+00:00:2026-06-08T08:00:00+00:00
FALSE_BREAKOUT,,0.0,D2-C3-R3-30m,EXECUTION_STRESS,31,2026-06-05T23:48:59.999000+00:00,SNDKUSDT,,US_STOCK:2026-06-05T20:00:00+00:00:2026-06-08T08:00:00+00:00
FALSE_BREAKOUT,,0.0,D2-C1-R3-10m,EXECUTION_STRESS,59,2026-06-05T23:48:59.999000+00:00,SNDKUSDT,,US_STOCK:2026-06-05T20:00:00+00:00:2026-06-08T08:00:00+00:00
FALSE_BREAKOUT,,0.0,D2-C1-R3-20m,EXECUTION_STRESS,59,2026-06-05T23:48:59.999000+00:00,SNDKUSDT,,US_STOCK:2026-06-05T20:00:00+00:00:2026-06-08T08:00:00+00:00
FALSE_BREAKOUT,,0.0,D2-C1-R3-30m,EXECUTION_STRESS,59,2026-06-05T23:48:59.999000+00:00,SNDKUSDT,,US_STOCK:2026-06-05T20:00:00+00:00:2026-06-08T08:00:00+00:00
FALSE_BREAKOUT,,0.0,D2-C2-R3-10m,EXECUTION_STRESS,59,2026-06-05T23:48:59.999000+00:00,SNDKUSDT,,US_STOCK:2026-06-05T20:00:00+00:00:2026-06-08T08:00:00+00:00
FALSE_BREAKOUT,,0.0,D2-C2-R3-20m,EXECUTION_STRESS,59,2026-06-05T23:48:59.999000+00:00,SNDKUSDT,,US_STOCK:2026-06-05T20:00:00+00:00:2026-06-08T08:00:00+00:00
FALSE_BREAKOUT,,0.0,D2-C2-R3-30m,EXECUTION_STRESS,59,2026-06-05T23:48:59.999000+00:00,SNDKUSDT,,US_STOCK:2026-06-05T20:00:00+00:00:2026-06-08T08:00:00+00:00
FALSE_BREAKOUT,,0.0,D2-C3-R3-10m,EXECUTION_STRESS,59,2026-06-05T23:48:59.999000+00:00,SNDKUSDT,,US_STOCK:2026-06-05T20:00:00+00:00:2026-06-08T08:00:00+00:00
FALSE_BREAKOUT,,0.0,D2-C3-R3-20m,EXECUTION_STRESS,59,2026-06-05T23:48:59.999000+00:00,SNDKUSDT,,US_STOCK:2026-06-05T20:00:00+00:00:2026-06-08T08:00:00+00:00
FALSE_BREAKOUT,,0.0,D2-C3-R3-30m,EXECUTION_STRESS,59,2026-06-05T23:48:59.999000+00:00,SNDKUSDT,,US_STOCK:2026-06-05T20:00:00+00:00:2026-06-08T08:00:00+00:00
FALSE_BREAKOUT,,0.0,D2-C1-R3-10m,EXECUTION_STRESS,97,2026-06-05T23:48:59.999000+00:00,SNDKUSDT,,US_STOCK:2026-06-05T20:00:00+00:00:2026-06-08T08:00:00+00:00
FALSE_BREAKOUT,,0.0,D2-C1-R3-20m,EXECUTION_STRESS,97,2026-06-05T23:48:59.999000+00:00,SNDKUSDT,,US_STOCK:2026-06-05T20:00:00+00:00:2026-06-08T08:00:00+00:00
FALSE_BREAKOUT,,0.0,D2-C1-R3-30m,EXECUTION_STRESS,97,2026-06-05T23:48:59.999000+00:00,SNDKUSDT,,US_STOCK:2026-06-05T20:00:00+00:00:2026-06-08T08:00:00+00:00
FALSE_BREAKOUT,,0.0,D2-C2-R3-10m,EXECUTION_STRESS,97,2026-06-05T23:48:59.999000+00:00,SNDKUSDT,,US_STOCK:2026-06-05T20:00:00+00:00:2026-06-08T08:00:00+00:00
FALSE_BREAKOUT,,0.0,D2-C2-R3-20m,EXECUTION_STRESS,97,2026-06-05T23:48:59.999000+00:00,SNDKUSDT,,US_STOCK:2026-06-05T20:00:00+00:00:2026-06-08T08:00:00+00:00
FALSE_BREAKOUT,,0.0,D2-C2-R3-30m,EXECUTION_STRESS,97,2026-06-05T23:48:59.999000+00:00,SNDKUSDT,,US_STOCK:2026-06-05T20:00:00+00:00:2026-06-08T08:00:00+00:00
FALSE_BREAKOUT,,0.0,D2-C3-R3-10m,EXECUTION_STRESS,97,2026-06-05T23:48:59.999000+00:00,SNDKUSDT,,US_STOCK:2026-06-05T20:00:00+00:00:2026-06-08T08:00:00+00:00
FALSE_BREAKOUT,,0.0,D2-C3-R3-20m,EXECUTION_STRESS,97,2026-06-05T23:48:59.999000+00:00,SNDKUSDT,,US_STOCK:2026-06-05T20:00:00+00:00:2026-06-08T08:00:00+00:00
FALSE_BREAKOUT,,0.0,D2-C3-R3-30m,EXECUTION_STRESS,97,2026-06-05T23:48:59.999000+00:00,SNDKUSDT,,US_STOCK:2026-06-05T20:00:00+00:00:2026-06-08T08:00:00+00:00
FALSE_BREAKOUT,,0.0,D2-C1-R3-10m,MAKER_PROMO_OFF,3,2026-06-05T23:48:59.999000+00:00,SNDKUSDT,,US_STOCK:2026-06-05T20:00:00+00:00:2026-06-08T08:00:00+00:00
FALSE_BREAKOUT,,0.0,D2-C1-R3-20m,MAKER_PROMO_OFF,3,2026-06-05T23:48:59.999000+00:00,SNDKUSDT,,US_STOCK:2026-06-05T20:00:00+00:00:2026-06-08T08:00:00+00:00
FALSE_BREAKOUT,,0.0,D2-C1-R3-30m,MAKER_PROMO_OFF,3,2026-06-05T23:48:59.999000+00:00,SNDKUSDT,,US_STOCK:2026-06-05T20:00:00+00:00:2026-06-08T08:00:00+00:00
FALSE_BREAKOUT,,0.0,D2-C2-R3-10m,MAKER_PROMO_OFF,3,2026-06-05T23:48:59.999000+00:00,SNDKUSDT,,US_STOCK:2026-06-05T20:00:00+00:00:2026-06-08T08:00:00+00:00
FALSE_BREAKOUT,,0.0,D2-C2-R3-20m,MAKER_PROMO_OFF,3,2026-06-05T23:48:59.999000+00:00,SNDKUSDT,,US_STOCK:2026-06-05T20:00:00+00:00:2026-06-08T08:00:00+00:00
FALSE_BREAKOUT,,0.0,D2-C2-R3-30m,MAKER_PROMO_OFF,3,2026-06-05T23:48:59.999000+00:00,SNDKUSDT,,US_STOCK:2026-06-05T20:00:00+00:00:2026-06-08T08:00:00+00:00
FALSE_BREAKOUT,,0.0,D2-C3-R3-10m,MAKER_PROMO_OFF,3,2026-06-05T23:48:59.999000+00:00,SNDKUSDT,,US_STOCK:2026-06-05T20:00:00+00:00:2026-06-08T08:00:00+00:00
FALSE_BREAKOUT,,0.0,D2-C3-R3-20m,MAKER_PROMO_OFF,3,2026-06-05T23:48:59.999000+00:00,SNDKUSDT,,US_STOCK:2026-06-05T20:00:00+00:00:2026-06-08T08:00:00+00:00
FALSE_BREAKOUT,,0.0,D2-C3-R3-30m,MAKER_PROMO_OFF,3,2026-06-05T23:48:59.999000+00:00,SNDKUSDT,,US_STOCK:2026-06-05T20:00:00+00:00:2026-06-08T08:00:00+00:00
FALSE_BREAKOUT,,0.0,D2-C1-R3-10m,MAKER_PROMO_OFF,10,2026-06-05T23:48:59.999000+00:00,SNDKUSDT,,US_STOCK:2026-06-05T20:00:00+00:00:2026-06-08T08:00:00+00:00
FALSE_BREAKOUT,,0.0,D2-C1-R3-20m,MAKER_PROMO_OFF,10,2026-06-05T23:48:59.999000+00:00,SNDKUSDT,,US_STOCK:2026-06-05T20:00:00+00:00:2026-06-08T08:00:00+00:00
FALSE_BREAKOUT,,0.0,D2-C1-R3-30m,MAKER_PROMO_OFF,10,2026-06-05T23:48:59.999000+00:00,SNDKUSDT,,US_STOCK:2026-06-05T20:00:00+00:00:2026-06-08T08:00:00+00:00
FALSE_BREAKOUT,,0.0,D2-C2-R3-10m,MAKER_PROMO_OFF,10,2026-06-05T23:48:59.999000+00:00,SNDKUSDT,,US_STOCK:2026-06-05T20:00:00+00:00:2026-06-08T08:00:00+00:00
FALSE_BREAKOUT,,0.0,D2-C2-R3-20m,MAKER_PROMO_OFF,10,2026-06-05T23:48:59.999000+00:00,SNDKUSDT,,US_STOCK:2026-06-05T20:00:00+00:00:2026-06-08T08:00:00+00:00
FALSE_BREAKOUT,,0.0,D2-C2-R3-30m,MAKER_PROMO_OFF,10,2026-06-05T23:48:59.999000+00:00,SNDKUSDT,,US_STOCK:2026-06-05T20:00:00+00:00:2026-06-08T08:00:00+00:00
FALSE_BREAKOUT,,0.0,D2-C3-R3-10m,MAKER_PROMO_OFF,10,2026-06-05T23:48:59.999000+00:00,SNDKUSDT,,US_STOCK:2026-06-05T20:00:00+00:00:2026-06-08T08:00:00+00:00
FALSE_BREAKOUT,,0.0,D2-C3-R3-20m,MAKER_PROMO_OFF,10,2026-06-05T23:48:59.999000+00:00,SNDKUSDT,,US_STOCK:2026-06-05T20:00:00+00:00:2026-06-08T08:00:00+00:00
FALSE_BREAKOUT,,0.0,D2-C3-R3-30m,MAKER_PROMO_OFF,10,2026-06-05T23:48:59.999000+00:00,SNDKUSDT,,US_STOCK:2026-06-05T20:00:00+00:00:2026-06-08T08:00:00+00:00
FALSE_BREAKOUT,,0.0,D2-C1-R3-10m,MAKER_PROMO_OFF,17,2026-06-05T23:48:59.999000+00:00,SNDKUSDT,,US_STOCK:2026-06-05T20:00:00+00:00:2026-06-08T08:00:00+00:00
FALSE_BREAKOUT,,0.0,D2-C1-R3-20m,MAKER_PROMO_OFF,17,2026-06-05T23:48:59.999000+00:00,SNDKUSDT,,US_STOCK:2026-06-05T20:00:00+00:00:2026-06-08T08:00:00+00:00
FALSE_BREAKOUT,,0.0,D2-C1-R3-30m,MAKER_PROMO_OFF,17,2026-06-05T23:48:59.999000+00:00,SNDKUSDT,,US_STOCK:2026-06-05T20:00:00+00:00:2026-06-08T08:00:00+00:00
FALSE_BREAKOUT,,0.0,D2-C2-R3-10m,MAKER_PROMO_OFF,17,2026-06-05T23:48:59.999000+00:00,SNDKUSDT,,US_STOCK:2026-06-05T20:00:00+00:00:2026-06-08T08:00:00+00:00
FALSE_BREAKOUT,,0.0,D2-C2-R3-20m,MAKER_PROMO_OFF,17,2026-06-05T23:48:59.999000+00:00,SNDKUSDT,,US_STOCK:2026-06-05T20:00:00+00:00:2026-06-08T08:00:00+00:00
FALSE_BREAKOUT,,0.0,D2-C2-R3-30m,MAKER_PROMO_OFF,17,2026-06-05T23:48:59.999000+00:00,SNDKUSDT,,US_STOCK:2026-06-05T20:00:00+00:00:2026-06-08T08:00:00+00:00
FALSE_BREAKOUT,,0.0,D2-C3-R3-10m,MAKER_PROMO_OFF,17,2026-06-05T23:48:59.999000+00:00,SNDKUSDT,,US_STOCK:2026-06-05T20:00:00+00:00:2026-06-08T08:00:00+00:00
FALSE_BREAKOUT,,0.0,D2-C3-R3-20m,MAKER_PROMO_OFF,17,2026-06-05T23:48:59.999000+00:00,SNDKUSDT,,US_STOCK:2026-06-05T20:00:00+00:00:2026-06-08T08:00:00+00:00
FALSE_BREAKOUT,,0.0,D2-C3-R3-30m,MAKER_PROMO_OFF,17,2026-06-05T23:48:59.999000+00:00,SNDKUSDT,,US_STOCK:2026-06-05T20:00:00+00:00:2026-06-08T08:00:00+00:00
FALSE_BREAKOUT,,0.0,D2-C1-R3-10m,MAKER_PROMO_OFF,31,2026-06-05T23:48:59.999000+00:00,SNDKUSDT,,US_STOCK:2026-06-05T20:00:00+00:00:2026-06-08T08:00:00+00:00
FALSE_BREAKOUT,,0.0,D2-C1-R3-20m,MAKER_PROMO_OFF,31,2026-06-05T23:48:59.999000+00:00,SNDKUSDT,,US_STOCK:2026-06-05T20:00:00+00:00:2026-06-08T08:00:00+00:00
FALSE_BREAKOUT,,0.0,D2-C1-R3-30m,MAKER_PROMO_OFF,31,2026-06-05T23:48:59.999000+00:00,SNDKUSDT,,US_STOCK:2026-06-05T20:00:00+00:00:2026-06-08T08:00:00+00:00
FALSE_BREAKOUT,,0.0,D2-C2-R3-10m,MAKER_PROMO_OFF,31,2026-06-05T23:48:59.999000+00:00,SNDKUSDT,,US_STOCK:2026-06-05T20:00:00+00:00:2026-06-08T08:00:00+00:00
FALSE_BREAKOUT,,0.0,D2-C2-R3-20m,MAKER_PROMO_OFF,31,2026-06-05T23:48:59.999000+00:00,SNDKUSDT,,US_STOCK:2026-06-05T20:00:00+00:00:2026-06-08T08:00:00+00:00
FALSE_BREAKOUT,,0.0,D2-C2-R3-30m,MAKER_PROMO_OFF,31,2026-06-05T23:48:59.999000+00:00,SNDKUSDT,,US_STOCK:2026-06-05T20:00:00+00:00:2026-06-08T08:00:00+00:00
FALSE_BREAKOUT,,0.0,D2-C3-R3-10m,MAKER_PROMO_OFF,31,2026-06-05T23:48:59.999000+00:00,SNDKUSDT,,US_STOCK:2026-06-05T20:00:00+00:00:2026-06-08T08:00:00+00:00
FALSE_BREAKOUT,,0.0,D2-C3-R3-20m,MAKER_PROMO_OFF,31,2026-06-05T23:48:59.999000+00:00,SNDKUSDT,,US_STOCK:2026-06-05T20:00:00+00:00:2026-06-08T08:00:00+00:00
FALSE_BREAKOUT,,0.0,D2-C3-R3-30m,MAKER_PROMO_OFF,31,2026-06-05T23:48:59.999000+00:00,SNDKUSDT,,US_STOCK:2026-06-05T20:00:00+00:00:2026-06-08T08:00:00+00:00
FALSE_BREAKOUT,,0.0,D2-C1-R3-10m,MAKER_PROMO_OFF,59,2026-06-05T23:48:59.999000+00:00,SNDKUSDT,,US_STOCK:2026-06-05T20:00:00+00:00:2026-06-08T08:00:00+00:00
FALSE_BREAKOUT,,0.0,D2-C1-R3-20m,MAKER_PROMO_OFF,59,2026-06-05T23:48:59.999000+00:00,SNDKUSDT,,US_STOCK:2026-06-05T20:00:00+00:00:2026-06-08T08:00:00+00:00
FALSE_BREAKOUT,,0.0,D2-C1-R3-30m,MAKER_PROMO_OFF,59,2026-06-05T23:48:59.999000+00:00,SNDKUSDT,,US_STOCK:2026-06-05T20:00:00+00:00:2026-06-08T08:00:00+00:00
FALSE_BREAKOUT,,0.0,D2-C2-R3-10m,MAKER_PROMO_OFF,59,2026-06-05T23:48:59.999000+00:00,SNDKUSDT,,US_STOCK:2026-06-05T20:00:00+00:00:2026-06-08T08:00:00+00:00
FALSE_BREAKOUT,,0.0,D2-C2-R3-20m,MAKER_PROMO_OFF,59,2026-06-05T23:48:59.999000+00:00,SNDKUSDT,,US_STOCK:2026-06-05T20:00:00+00:00:2026-06-08T08:00:00+00:00
FALSE_BREAKOUT,,0.0,D2-C2-R3-30m,MAKER_PROMO_OFF,59,2026-06-05T23:48:59.999000+00:00,SNDKUSDT,,US_STOCK:2026-06-05T20:00:00+00:00:2026-06-08T08:00:00+00:00
FALSE_BREAKOUT,,0.0,D2-C3-R3-10m,MAKER_PROMO_OFF,59,2026-06-05T23:48:59.999000+00:00,SNDKUSDT,,US_STOCK:2026-06-05T20:00:00+00:00:2026-06-08T08:00:00+00:00
FALSE_BREAKOUT,,0.0,D2-C3-R3-20m,MAKER_PROMO_OFF,59,2026-06-05T23:48:59.999000+00:00,SNDKUSDT,,US_STOCK:2026-06-05T20:00:00+00:00:2026-06-08T08:00:00+00:00
FALSE_BREAKOUT,,0.0,D2-C3-R3-30m,MAKER_PROMO_OFF,59,2026-06-05T23:48:59.999000+00:00,SNDKUSDT,,US_STOCK:2026-06-05T20:00:00+00:00:2026-06-08T08:00:00+00:00
FALSE_BREAKOUT,,0.0,D2-C1-R3-10m,MAKER_PROMO_OFF,97,2026-06-05T23:48:59.999000+00:00,SNDKUSDT,,US_STOCK:2026-06-05T20:00:00+00:00:2026-06-08T08:00:00+00:00
FALSE_BREAKOUT,,0.0,D2-C1-R3-20m,MAKER_PROMO_OFF,97,2026-06-05T23:48:59.999000+00:00,SNDKUSDT,,US_STOCK:2026-06-05T20:00:00+00:00:2026-06-08T08:00:00+00:00
FALSE_BREAKOUT,,0.0,D2-C1-R3-30m,MAKER_PROMO_OFF,97,2026-06-05T23:48:59.999000+00:00,SNDKUSDT,,US_STOCK:2026-06-05T20:00:00+00:00:2026-06-08T08:00:00+00:00
FALSE_BREAKOUT,,0.0,D2-C2-R3-10m,MAKER_PROMO_OFF,97,2026-06-05T23:48:59.999000+00:00,SNDKUSDT,,US_STOCK:2026-06-05T20:00:00+00:00:2026-06-08T08:00:00+00:00
FALSE_BREAKOUT,,0.0,D2-C2-R3-20m,MAKER_PROMO_OFF,97,2026-06-05T23:48:59.999000+00:00,SNDKUSDT,,US_STOCK:2026-06-05T20:00:00+00:00:2026-06-08T08:00:00+00:00
FALSE_BREAKOUT,,0.0,D2-C2-R3-30m,MAKER_PROMO_OFF,97,2026-06-05T23:48:59.999000+00:00,SNDKUSDT,,US_STOCK:2026-06-05T20:00:00+00:00:2026-06-08T08:00:00+00:00
FALSE_BREAKOUT,,0.0,D2-C3-R3-10m,MAKER_PROMO_OFF,97,2026-06-05T23:48:59.999000+00:00,SNDKUSDT,,US_STOCK:2026-06-05T20:00:00+00:00:2026-06-08T08:00:00+00:00
FALSE_BREAKOUT,,0.0,D2-C3-R3-20m,MAKER_PROMO_OFF,97,2026-06-05T23:48:59.999000+00:00,SNDKUSDT,,US_STOCK:2026-06-05T20:00:00+00:00:2026-06-08T08:00:00+00:00
FALSE_BREAKOUT,,0.0,D2-C3-R3-30m,MAKER_PROMO_OFF,97,2026-06-05T23:48:59.999000+00:00,SNDKUSDT,,US_STOCK:2026-06-05T20:00:00+00:00:2026-06-08T08:00:00+00:00
FALSE_BREAKOUT,,0.0,D2-C1-R3-10m,PRIMARY_ZERO_MAKER,3,2026-06-22T01:41:59.999000+00:00,SNDKUSDT,,US_STOCK:2026-06-18T20:00:00+00:00:2026-06-22T08:00:00+00:00
FALSE_BREAKOUT,,0.0,D2-C1-R3-20m,PRIMARY_ZERO_MAKER,3,2026-06-22T01:41:59.999000+00:00,SNDKUSDT,,US_STOCK:2026-06-18T20:00:00+00:00:2026-06-22T08:00:00+00:00
FALSE_BREAKOUT,,0.0,D2-C1-R3-30m,PRIMARY_ZERO_MAKER,3,2026-06-22T01:41:59.999000+00:00,SNDKUSDT,,US_STOCK:2026-06-18T20:00:00+00:00:2026-06-22T08:00:00+00:00
FALSE_BREAKOUT,,0.0,D2-C2-R3-10m,PRIMARY_ZERO_MAKER,3,2026-06-22T01:41:59.999000+00:00,SNDKUSDT,,US_STOCK:2026-06-18T20:00:00+00:00:2026-06-22T08:00:00+00:00
FALSE_BREAKOUT,,0.0,D2-C2-R3-20m,PRIMARY_ZERO_MAKER,3,2026-06-22T01:41:59.999000+00:00,SNDKUSDT,,US_STOCK:2026-06-18T20:00:00+00:00:2026-06-22T08:00:00+00:00
FALSE_BREAKOUT,,0.0,D2-C2-R3-30m,PRIMARY_ZERO_MAKER,3,2026-06-22T01:41:59.999000+00:00,SNDKUSDT,,US_STOCK:2026-06-18T20:00:00+00:00:2026-06-22T08:00:00+00:00
FALSE_BREAKOUT,,0.0,D2-C3-R3-10m,PRIMARY_ZERO_MAKER,3,2026-06-22T01:41:59.999000+00:00,SNDKUSDT,,US_STOCK:2026-06-18T20:00:00+00:00:2026-06-22T08:00:00+00:00
FALSE_BREAKOUT,,0.0,D2-C3-R3-20m,PRIMARY_ZERO_MAKER,3,2026-06-22T01:41:59.999000+00:00,SNDKUSDT,,US_STOCK:2026-06-18T20:00:00+00:00:2026-06-22T08:00:00+00:00
FALSE_BREAKOUT,,0.0,D2-C3-R3-30m,PRIMARY_ZERO_MAKER,3,2026-06-22T01:41:59.999000+00:00,SNDKUSDT,,US_STOCK:2026-06-18T20:00:00+00:00:2026-06-22T08:00:00+00:00
FALSE_BREAKOUT,,0.0,D2-C1-R3-10m,PRIMARY_ZERO_MAKER,10,2026-06-22T01:41:59.999000+00:00,SNDKUSDT,,US_STOCK:2026-06-18T20:00:00+00:00:2026-06-22T08:00:00+00:00
FALSE_BREAKOUT,,0.0,D2-C1-R3-20m,PRIMARY_ZERO_MAKER,10,2026-06-22T01:41:59.999000+00:00,SNDKUSDT,,US_STOCK:2026-06-18T20:00:00+00:00:2026-06-22T08:00:00+00:00
FALSE_BREAKOUT,,0.0,D2-C1-R3-30m,PRIMARY_ZERO_MAKER,10,2026-06-22T01:41:59.999000+00:00,SNDKUSDT,,US_STOCK:2026-06-18T20:00:00+00:00:2026-06-22T08:00:00+00:00
FALSE_BREAKOUT,,0.0,D2-C2-R3-10m,PRIMARY_ZERO_MAKER,10,2026-06-22T01:41:59.999000+00:00,SNDKUSDT,,US_STOCK:2026-06-18T20:00:00+00:00:2026-06-22T08:00:00+00:00
FALSE_BREAKOUT,,0.0,D2-C2-R3-20m,PRIMARY_ZERO_MAKER,10,2026-06-22T01:41:59.999000+00:00,SNDKUSDT,,US_STOCK:2026-06-18T20:00:00+00:00:2026-06-22T08:00:00+00:00
FALSE_BREAKOUT,,0.0,D2-C2-R3-30m,PRIMARY_ZERO_MAKER,10,2026-06-22T01:41:59.999000+00:00,SNDKUSDT,,US_STOCK:2026-06-18T20:00:00+00:00:2026-06-22T08:00:00+00:00
FALSE_BREAKOUT,,0.0,D2-C3-R3-10m,PRIMARY_ZERO_MAKER,10,2026-06-22T01:41:59.999000+00:00,SNDKUSDT,,US_STOCK:2026-06-18T20:00:00+00:00:2026-06-22T08:00:00+00:00
FALSE_BREAKOUT,,0.0,D2-C3-R3-20m,PRIMARY_ZERO_MAKER,10,2026-06-22T01:41:59.999000+00:00,SNDKUSDT,,US_STOCK:2026-06-18T20:00:00+00:00:2026-06-22T08:00:00+00:00
FALSE_BREAKOUT,,0.0,D2-C3-R3-30m,PRIMARY_ZERO_MAKER,10,2026-06-22T01:41:59.999000+00:00,SNDKUSDT,,US_STOCK:2026-06-18T20:00:00+00:00:2026-06-22T08:00:00+00:00
FALSE_BREAKOUT,,0.0,D2-C1-R3-10m,PRIMARY_ZERO_MAKER,17,2026-06-22T01:41:59.999000+00:00,SNDKUSDT,,US_STOCK:2026-06-18T20:00:00+00:00:2026-06-22T08:00:00+00:00
FALSE_BREAKOUT,,0.0,D2-C1-R3-20m,PRIMARY_ZERO_MAKER,17,2026-06-22T01:41:59.999000+00:00,SNDKUSDT,,US_STOCK:2026-06-18T20:00:00+00:00:2026-06-22T08:00:00+00:00
FALSE_BREAKOUT,,0.0,D2-C1-R3-30m,PRIMARY_ZERO_MAKER,17,2026-06-22T01:41:59.999000+00:00,SNDKUSDT,,US_STOCK:2026-06-18T20:00:00+00:00:2026-06-22T08:00:00+00:00
FALSE_BREAKOUT,,0.0,D2-C2-R3-10m,PRIMARY_ZERO_MAKER,17,2026-06-22T01:41:59.999000+00:00,SNDKUSDT,,US_STOCK:2026-06-18T20:00:00+00:00:2026-06-22T08:00:00+00:00
FALSE_BREAKOUT,,0.0,D2-C2-R3-20m,PRIMARY_ZERO_MAKER,17,2026-06-22T01:41:59.999000+00:00,SNDKUSDT,,US_STOCK:2026-06-18T20:00:00+00:00:2026-06-22T08:00:00+00:00
FALSE_BREAKOUT,,0.0,D2-C2-R3-30m,PRIMARY_ZERO_MAKER,17,2026-06-22T01:41:59.999000+00:00,SNDKUSDT,,US_STOCK:2026-06-18T20:00:00+00:00:2026-06-22T08:00:00+00:00
FALSE_BREAKOUT,,0.0,D2-C3-R3-10m,PRIMARY_ZERO_MAKER,17,2026-06-22T01:41:59.999000+00:00,SNDKUSDT,,US_STOCK:2026-06-18T20:00:00+00:00:2026-06-22T08:00:00+00:00
FALSE_BREAKOUT,,0.0,D2-C3-R3-20m,PRIMARY_ZERO_MAKER,17,2026-06-22T01:41:59.999000+00:00,SNDKUSDT,,US_STOCK:2026-06-18T20:00:00+00:00:2026-06-22T08:00:00+00:00
FALSE_BREAKOUT,,0.0,D2-C3-R3-30m,PRIMARY_ZERO_MAKER,17,2026-06-22T01:41:59.999000+00:00,SNDKUSDT,,US_STOCK:2026-06-18T20:00:00+00:00:2026-06-22T08:00:00+00:00
FALSE_BREAKOUT,,0.0,D2-C1-R3-10m,PRIMARY_ZERO_MAKER,31,2026-06-22T01:41:59.999000+00:00,SNDKUSDT,,US_STOCK:2026-06-18T20:00:00+00:00:2026-06-22T08:00:00+00:00
FALSE_BREAKOUT,,0.0,D2-C1-R3-20m,PRIMARY_ZERO_MAKER,31,2026-06-22T01:41:59.999000+00:00,SNDKUSDT,,US_STOCK:2026-06-18T20:00:00+00:00:2026-06-22T08:00:00+00:00
FALSE_BREAKOUT,,0.0,D2-C1-R3-30m,PRIMARY_ZERO_MAKER,31,2026-06-22T01:41:59.999000+00:00,SNDKUSDT,,US_STOCK:2026-06-18T20:00:00+00:00:2026-06-22T08:00:00+00:00
FALSE_BREAKOUT,,0.0,D2-C2-R3-10m,PRIMARY_ZERO_MAKER,31,2026-06-22T01:41:59.999000+00:00,SNDKUSDT,,US_STOCK:2026-06-18T20:00:00+00:00:2026-06-22T08:00:00+00:00
FALSE_BREAKOUT,,0.0,D2-C2-R3-20m,PRIMARY_ZERO_MAKER,31,2026-06-22T01:41:59.999000+00:00,SNDKUSDT,,US_STOCK:2026-06-18T20:00:00+00:00:2026-06-22T08:00:00+00:00
FALSE_BREAKOUT,,0.0,D2-C2-R3-30m,PRIMARY_ZERO_MAKER,31,2026-06-22T01:41:59.999000+00:00,SNDKUSDT,,US_STOCK:2026-06-18T20:00:00+00:00:2026-06-22T08:00:00+00:00
FALSE_BREAKOUT,,0.0,D2-C3-R3-10m,PRIMARY_ZERO_MAKER,31,2026-06-22T01:41:59.999000+00:00,SNDKUSDT,,US_STOCK:2026-06-18T20:00:00+00:00:2026-06-22T08:00:00+00:00
FALSE_BREAKOUT,,0.0,D2-C3-R3-20m,PRIMARY_ZERO_MAKER,31,2026-06-22T01:41:59.999000+00:00,SNDKUSDT,,US_STOCK:2026-06-18T20:00:00+00:00:2026-06-22T08:00:00+00:00
FALSE_BREAKOUT,,0.0,D2-C3-R3-30m,PRIMARY_ZERO_MAKER,31,2026-06-22T01:41:59.999000+00:00,SNDKUSDT,,US_STOCK:2026-06-18T20:00:00+00:00:2026-06-22T08:00:00+00:00
FALSE_BREAKOUT,,0.0,D2-C1-R3-10m,PRIMARY_ZERO_MAKER,59,2026-06-22T01:41:59.999000+00:00,SNDKUSDT,,US_STOCK:2026-06-18T20:00:00+00:00:2026-06-22T08:00:00+00:00
FALSE_BREAKOUT,,0.0,D2-C1-R3-20m,PRIMARY_ZERO_MAKER,59,2026-06-22T01:41:59.999000+00:00,SNDKUSDT,,US_STOCK:2026-06-18T20:00:00+00:00:2026-06-22T08:00:00+00:00
FALSE_BREAKOUT,,0.0,D2-C1-R3-30m,PRIMARY_ZERO_MAKER,59,2026-06-22T01:41:59.999000+00:00,SNDKUSDT,,US_STOCK:2026-06-18T20:00:00+00:00:2026-06-22T08:00:00+00:00
FALSE_BREAKOUT,,0.0,D2-C2-R3-10m,PRIMARY_ZERO_MAKER,59,2026-06-22T01:41:59.999000+00:00,SNDKUSDT,,US_STOCK:2026-06-18T20:00:00+00:00:2026-06-22T08:00:00+00:00
FALSE_BREAKOUT,,0.0,D2-C2-R3-20m,PRIMARY_ZERO_MAKER,59,2026-06-22T01:41:59.999000+00:00,SNDKUSDT,,US_STOCK:2026-06-18T20:00:00+00:00:2026-06-22T08:00:00+00:00
FALSE_BREAKOUT,,0.0,D2-C2-R3-30m,PRIMARY_ZERO_MAKER,59,2026-06-22T01:41:59.999000+00:00,SNDKUSDT,,US_STOCK:2026-06-18T20:00:00+00:00:2026-06-22T08:00:00+00:00
FALSE_BREAKOUT,,0.0,D2-C3-R3-10m,PRIMARY_ZERO_MAKER,59,2026-06-22T01:41:59.999000+00:00,SNDKUSDT,,US_STOCK:2026-06-18T20:00:00+00:00:2026-06-22T08:00:00+00:00
FALSE_BREAKOUT,,0.0,D2-C3-R3-20m,PRIMARY_ZERO_MAKER,59,2026-06-22T01:41:59.999000+00:00,SNDKUSDT,,US_STOCK:2026-06-18T20:00:00+00:00:2026-06-22T08:00:00+00:00
FALSE_BREAKOUT,,0.0,D2-C3-R3-30m,PRIMARY_ZERO_MAKER,59,2026-06-22T01:41:59.999000+00:00,SNDKUSDT,,US_STOCK:2026-06-18T20:00:00+00:00:2026-06-22T08:00:00+00:00
FALSE_BREAKOUT,,0.0,D2-C1-R3-10m,PRIMARY_ZERO_MAKER,97,2026-06-22T01:41:59.999000+00:00,SNDKUSDT,,US_STOCK:2026-06-18T20:00:00+00:00:2026-06-22T08:00:00+00:00
FALSE_BREAKOUT,,0.0,D2-C1-R3-20m,PRIMARY_ZERO_MAKER,97,2026-06-22T01:41:59.999000+00:00,SNDKUSDT,,US_STOCK:2026-06-18T20:00:00+00:00:2026-06-22T08:00:00+00:00
FALSE_BREAKOUT,,0.0,D2-C1-R3-30m,PRIMARY_ZERO_MAKER,97,2026-06-22T01:41:59.999000+00:00,SNDKUSDT,,US_STOCK:2026-06-18T20:00:00+00:00:2026-06-22T08:00:00+00:00
FALSE_BREAKOUT,,0.0,D2-C2-R3-10m,PRIMARY_ZERO_MAKER,97,2026-06-22T01:41:59.999000+00:00,SNDKUSDT,,US_STOCK:2026-06-18T20:00:00+00:00:2026-06-22T08:00:00+00:00
FALSE_BREAKOUT,,0.0,D2-C2-R3-20m,PRIMARY_ZERO_MAKER,97,2026-06-22T01:41:59.999000+00:00,SNDKUSDT,,US_STOCK:2026-06-18T20:00:00+00:00:2026-06-22T08:00:00+00:00
FALSE_BREAKOUT,,0.0,D2-C2-R3-30m,PRIMARY_ZERO_MAKER,97,2026-06-22T01:41:59.999000+00:00,SNDKUSDT,,US_STOCK:2026-06-18T20:00:00+00:00:2026-06-22T08:00:00+00:00
FALSE_BREAKOUT,,0.0,D2-C3-R3-10m,PRIMARY_ZERO_MAKER,97,2026-06-22T01:41:59.999000+00:00,SNDKUSDT,,US_STOCK:2026-06-18T20:00:00+00:00:2026-06-22T08:00:00+00:00
FALSE_BREAKOUT,,0.0,D2-C3-R3-20m,PRIMARY_ZERO_MAKER,97,2026-06-22T01:41:59.999000+00:00,SNDKUSDT,,US_STOCK:2026-06-18T20:00:00+00:00:2026-06-22T08:00:00+00:00
FALSE_BREAKOUT,,0.0,D2-C3-R3-30m,PRIMARY_ZERO_MAKER,97,2026-06-22T01:41:59.999000+00:00,SNDKUSDT,,US_STOCK:2026-06-18T20:00:00+00:00:2026-06-22T08:00:00+00:00
FALSE_BREAKOUT,,0.0,D2-C1-R3-10m,EXECUTION_STRESS,3,2026-06-22T01:41:59.999000+00:00,SNDKUSDT,,US_STOCK:2026-06-18T20:00:00+00:00:2026-06-22T08:00:00+00:00
FALSE_BREAKOUT,,0.0,D2-C1-R3-20m,EXECUTION_STRESS,3,2026-06-22T01:41:59.999000+00:00,SNDKUSDT,,US_STOCK:2026-06-18T20:00:00+00:00:2026-06-22T08:00:00+00:00
FALSE_BREAKOUT,,0.0,D2-C1-R3-30m,EXECUTION_STRESS,3,2026-06-22T01:41:59.999000+00:00,SNDKUSDT,,US_STOCK:2026-06-18T20:00:00+00:00:2026-06-22T08:00:00+00:00
FALSE_BREAKOUT,,0.0,D2-C2-R3-10m,EXECUTION_STRESS,3,2026-06-22T01:41:59.999000+00:00,SNDKUSDT,,US_STOCK:2026-06-18T20:00:00+00:00:2026-06-22T08:00:00+00:00
FALSE_BREAKOUT,,0.0,D2-C2-R3-20m,EXECUTION_STRESS,3,2026-06-22T01:41:59.999000+00:00,SNDKUSDT,,US_STOCK:2026-06-18T20:00:00+00:00:2026-06-22T08:00:00+00:00
FALSE_BREAKOUT,,0.0,D2-C2-R3-30m,EXECUTION_STRESS,3,2026-06-22T01:41:59.999000+00:00,SNDKUSDT,,US_STOCK:2026-06-18T20:00:00+00:00:2026-06-22T08:00:00+00:00
FALSE_BREAKOUT,,0.0,D2-C3-R3-10m,EXECUTION_STRESS,3,2026-06-22T01:41:59.999000+00:00,SNDKUSDT,,US_STOCK:2026-06-18T20:00:00+00:00:2026-06-22T08:00:00+00:00
FALSE_BREAKOUT,,0.0,D2-C3-R3-20m,EXECUTION_STRESS,3,2026-06-22T01:41:59.999000+00:00,SNDKUSDT,,US_STOCK:2026-06-18T20:00:00+00:00:2026-06-22T08:00:00+00:00
FALSE_BREAKOUT,,0.0,D2-C3-R3-30m,EXECUTION_STRESS,3,2026-06-22T01:41:59.999000+00:00,SNDKUSDT,,US_STOCK:2026-06-18T20:00:00+00:00:2026-06-22T08:00:00+00:00
FALSE_BREAKOUT,,0.0,D2-C1-R3-10m,EXECUTION_STRESS,10,2026-06-22T01:41:59.999000+00:00,SNDKUSDT,,US_STOCK:2026-06-18T20:00:00+00:00:2026-06-22T08:00:00+00:00
FALSE_BREAKOUT,,0.0,D2-C1-R3-20m,EXECUTION_STRESS,10,2026-06-22T01:41:59.999000+00:00,SNDKUSDT,,US_STOCK:2026-06-18T20:00:00+00:00:2026-06-22T08:00:00+00:00
FALSE_BREAKOUT,,0.0,D2-C1-R3-30m,EXECUTION_STRESS,10,2026-06-22T01:41:59.999000+00:00,SNDKUSDT,,US_STOCK:2026-06-18T20:00:00+00:00:2026-06-22T08:00:00+00:00
FALSE_BREAKOUT,,0.0,D2-C2-R3-10m,EXECUTION_STRESS,10,2026-06-22T01:41:59.999000+00:00,SNDKUSDT,,US_STOCK:2026-06-18T20:00:00+00:00:2026-06-22T08:00:00+00:00
FALSE_BREAKOUT,,0.0,D2-C2-R3-20m,EXECUTION_STRESS,10,2026-06-22T01:41:59.999000+00:00,SNDKUSDT,,US_STOCK:2026-06-18T20:00:00+00:00:2026-06-22T08:00:00+00:00
FALSE_BREAKOUT,,0.0,D2-C2-R3-30m,EXECUTION_STRESS,10,2026-06-22T01:41:59.999000+00:00,SNDKUSDT,,US_STOCK:2026-06-18T20:00:00+00:00:2026-06-22T08:00:00+00:00
FALSE_BREAKOUT,,0.0,D2-C3-R3-10m,EXECUTION_STRESS,10,2026-06-22T01:41:59.999000+00:00,SNDKUSDT,,US_STOCK:2026-06-18T20:00:00+00:00:2026-06-22T08:00:00+00:00
FALSE_BREAKOUT,,0.0,D2-C3-R3-20m,EXECUTION_STRESS,10,2026-06-22T01:41:59.999000+00:00,SNDKUSDT,,US_STOCK:2026-06-18T20:00:00+00:00:2026-06-22T08:00:00+00:00
FALSE_BREAKOUT,,0.0,D2-C3-R3-30m,EXECUTION_STRESS,10,2026-06-22T01:41:59.999000+00:00,SNDKUSDT,,US_STOCK:2026-06-18T20:00:00+00:00:2026-06-22T08:00:00+00:00
FALSE_BREAKOUT,,0.0,D2-C1-R3-10m,EXECUTION_STRESS,17,2026-06-22T01:41:59.999000+00:00,SNDKUSDT,,US_STOCK:2026-06-18T20:00:00+00:00:2026-06-22T08:00:00+00:00
FALSE_BREAKOUT,,0.0,D2-C1-R3-20m,EXECUTION_STRESS,17,2026-06-22T01:41:59.999000+00:00,SNDKUSDT,,US_STOCK:2026-06-18T20:00:00+00:00:2026-06-22T08:00:00+00:00
FALSE_BREAKOUT,,0.0,D2-C1-R3-30m,EXECUTION_STRESS,17,2026-06-22T01:41:59.999000+00:00,SNDKUSDT,,US_STOCK:2026-06-18T20:00:00+00:00:2026-06-22T08:00:00+00:00
FALSE_BREAKOUT,,0.0,D2-C2-R3-10m,EXECUTION_STRESS,17,2026-06-22T01:41:59.999000+00:00,SNDKUSDT,,US_STOCK:2026-06-18T20:00:00+00:00:2026-06-22T08:00:00+00:00
FALSE_BREAKOUT,,0.0,D2-C2-R3-20m,EXECUTION_STRESS,17,2026-06-22T01:41:59.999000+00:00,SNDKUSDT,,US_STOCK:2026-06-18T20:00:00+00:00:2026-06-22T08:00:00+00:00
FALSE_BREAKOUT,,0.0,D2-C2-R3-30m,EXECUTION_STRESS,17,2026-06-22T01:41:59.999000+00:00,SNDKUSDT,,US_STOCK:2026-06-18T20:00:00+00:00:2026-06-22T08:00:00+00:00
FALSE_BREAKOUT,,0.0,D2-C3-R3-10m,EXECUTION_STRESS,17,2026-06-22T01:41:59.999000+00:00,SNDKUSDT,,US_STOCK:2026-06-18T20:00:00+00:00:2026-06-22T08:00:00+00:00
FALSE_BREAKOUT,,0.0,D2-C3-R3-20m,EXECUTION_STRESS,17,2026-06-22T01:41:59.999000+00:00,SNDKUSDT,,US_STOCK:2026-06-18T20:00:00+00:00:2026-06-22T08:00:00+00:00
FALSE_BREAKOUT,,0.0,D2-C3-R3-30m,EXECUTION_STRESS,17,2026-06-22T01:41:59.999000+00:00,SNDKUSDT,,US_STOCK:2026-06-18T20:00:00+00:00:2026-06-22T08:00:00+00:00
FALSE_BREAKOUT,,0.0,D2-C1-R3-10m,EXECUTION_STRESS,31,2026-06-22T01:41:59.999000+00:00,SNDKUSDT,,US_STOCK:2026-06-18T20:00:00+00:00:2026-06-22T08:00:00+00:00
FALSE_BREAKOUT,,0.0,D2-C1-R3-20m,EXECUTION_STRESS,31,2026-06-22T01:41:59.999000+00:00,SNDKUSDT,,US_STOCK:2026-06-18T20:00:00+00:00:2026-06-22T08:00:00+00:00
FALSE_BREAKOUT,,0.0,D2-C1-R3-30m,EXECUTION_STRESS,31,2026-06-22T01:41:59.999000+00:00,SNDKUSDT,,US_STOCK:2026-06-18T20:00:00+00:00:2026-06-22T08:00:00+00:00
FALSE_BREAKOUT,,0.0,D2-C2-R3-10m,EXECUTION_STRESS,31,2026-06-22T01:41:59.999000+00:00,SNDKUSDT,,US_STOCK:2026-06-18T20:00:00+00:00:2026-06-22T08:00:00+00:00
FALSE_BREAKOUT,,0.0,D2-C2-R3-20m,EXECUTION_STRESS,31,2026-06-22T01:41:59.999000+00:00,SNDKUSDT,,US_STOCK:2026-06-18T20:00:00+00:00:2026-06-22T08:00:00+00:00
FALSE_BREAKOUT,,0.0,D2-C2-R3-30m,EXECUTION_STRESS,31,2026-06-22T01:41:59.999000+00:00,SNDKUSDT,,US_STOCK:2026-06-18T20:00:00+00:00:2026-06-22T08:00:00+00:00
FALSE_BREAKOUT,,0.0,D2-C3-R3-10m,EXECUTION_STRESS,31,2026-06-22T01:41:59.999000+00:00,SNDKUSDT,,US_STOCK:2026-06-18T20:00:00+00:00:2026-06-22T08:00:00+00:00
FALSE_BREAKOUT,,0.0,D2-C3-R3-20m,EXECUTION_STRESS,31,2026-06-22T01:41:59.999000+00:00,SNDKUSDT,,US_STOCK:2026-06-18T20:00:00+00:00:2026-06-22T08:00:00+00:00
FALSE_BREAKOUT,,0.0,D2-C3-R3-30m,EXECUTION_STRESS,31,2026-06-22T01:41:59.999000+00:00,SNDKUSDT,,US_STOCK:2026-06-18T20:00:00+00:00:2026-06-22T08:00:00+00:00
FALSE_BREAKOUT,,0.0,D2-C1-R3-10m,EXECUTION_STRESS,59,2026-06-22T01:41:59.999000+00:00,SNDKUSDT,,US_STOCK:2026-06-18T20:00:00+00:00:2026-06-22T08:00:00+00:00
FALSE_BREAKOUT,,0.0,D2-C1-R3-20m,EXECUTION_STRESS,59,2026-06-22T01:41:59.999000+00:00,SNDKUSDT,,US_STOCK:2026-06-18T20:00:00+00:00:2026-06-22T08:00:00+00:00
FALSE_BREAKOUT,,0.0,D2-C1-R3-30m,EXECUTION_STRESS,59,2026-06-22T01:41:59.999000+00:00,SNDKUSDT,,US_STOCK:2026-06-18T20:00:00+00:00:2026-06-22T08:00:00+00:00
FALSE_BREAKOUT,,0.0,D2-C2-R3-10m,EXECUTION_STRESS,59,2026-06-22T01:41:59.999000+00:00,SNDKUSDT,,US_STOCK:2026-06-18T20:00:00+00:00:2026-06-22T08:00:00+00:00
FALSE_BREAKOUT,,0.0,D2-C2-R3-20m,EXECUTION_STRESS,59,2026-06-22T01:41:59.999000+00:00,SNDKUSDT,,US_STOCK:2026-06-18T20:00:00+00:00:2026-06-22T08:00:00+00:00
FALSE_BREAKOUT,,0.0,D2-C2-R3-30m,EXECUTION_STRESS,59,2026-06-22T01:41:59.999000+00:00,SNDKUSDT,,US_STOCK:2026-06-18T20:00:00+00:00:2026-06-22T08:00:00+00:00
FALSE_BREAKOUT,,0.0,D2-C3-R3-10m,EXECUTION_STRESS,59,2026-06-22T01:41:59.999000+00:00,SNDKUSDT,,US_STOCK:2026-06-18T20:00:00+00:00:2026-06-22T08:00:00+00:00
FALSE_BREAKOUT,,0.0,D2-C3-R3-20m,EXECUTION_STRESS,59,2026-06-22T01:41:59.999000+00:00,SNDKUSDT,,US_STOCK:2026-06-18T20:00:00+00:00:2026-06-22T08:00:00+00:00
FALSE_BREAKOUT,,0.0,D2-C3-R3-30m,EXECUTION_STRESS,59,2026-06-22T01:41:59.999000+00:00,SNDKUSDT,,US_STOCK:2026-06-18T20:00:00+00:00:2026-06-22T08:00:00+00:00
FALSE_BREAKOUT,,0.0,D2-C1-R3-10m,EXECUTION_STRESS,97,2026-06-22T01:41:59.999000+00:00,SNDKUSDT,,US_STOCK:2026-06-18T20:00:00+00:00:2026-06-22T08:00:00+00:00
FALSE_BREAKOUT,,0.0,D2-C1-R3-20m,EXECUTION_STRESS,97,2026-06-22T01:41:59.999000+00:00,SNDKUSDT,,US_STOCK:2026-06-18T20:00:00+00:00:2026-06-22T08:00:00+00:00
FALSE_BREAKOUT,,0.0,D2-C1-R3-30m,EXECUTION_STRESS,97,2026-06-22T01:41:59.999000+00:00,SNDKUSDT,,US_STOCK:2026-06-18T20:00:00+00:00:2026-06-22T08:00:00+00:00
FALSE_BREAKOUT,,0.0,D2-C2-R3-10m,EXECUTION_STRESS,97,2026-06-22T01:41:59.999000+00:00,SNDKUSDT,,US_STOCK:2026-06-18T20:00:00+00:00:2026-06-22T08:00:00+00:00
FALSE_BREAKOUT,,0.0,D2-C2-R3-20m,EXECUTION_STRESS,97,2026-06-22T01:41:59.999000+00:00,SNDKUSDT,,US_STOCK:2026-06-18T20:00:00+00:00:2026-06-22T08:00:00+00:00
FALSE_BREAKOUT,,0.0,D2-C2-R3-30m,EXECUTION_STRESS,97,2026-06-22T01:41:59.999000+00:00,SNDKUSDT,,US_STOCK:2026-06-18T20:00:00+00:00:2026-06-22T08:00:00+00:00
FALSE_BREAKOUT,,0.0,D2-C3-R3-10m,EXECUTION_STRESS,97,2026-06-22T01:41:59.999000+00:00,SNDKUSDT,,US_STOCK:2026-06-18T20:00:00+00:00:2026-06-22T08:00:00+00:00
FALSE_BREAKOUT,,0.0,D2-C3-R3-20m,EXECUTION_STRESS,97,2026-06-22T01:41:59.999000+00:00,SNDKUSDT,,US_STOCK:2026-06-18T20:00:00+00:00:2026-06-22T08:00:00+00:00
FALSE_BREAKOUT,,0.0,D2-C3-R3-30m,EXECUTION_STRESS,97,2026-06-22T01:41:59.999000+00:00,SNDKUSDT,,US_STOCK:2026-06-18T20:00:00+00:00:2026-06-22T08:00:00+00:00
FALSE_BREAKOUT,,0.0,D2-C1-R3-10m,MAKER_PROMO_OFF,3,2026-06-22T01:41:59.999000+00:00,SNDKUSDT,,US_STOCK:2026-06-18T20:00:00+00:00:2026-06-22T08:00:00+00:00
FALSE_BREAKOUT,,0.0,D2-C1-R3-20m,MAKER_PROMO_OFF,3,2026-06-22T01:41:59.999000+00:00,SNDKUSDT,,US_STOCK:2026-06-18T20:00:00+00:00:2026-06-22T08:00:00+00:00
FALSE_BREAKOUT,,0.0,D2-C1-R3-30m,MAKER_PROMO_OFF,3,2026-06-22T01:41:59.999000+00:00,SNDKUSDT,,US_STOCK:2026-06-18T20:00:00+00:00:2026-06-22T08:00:00+00:00
FALSE_BREAKOUT,,0.0,D2-C2-R3-10m,MAKER_PROMO_OFF,3,2026-06-22T01:41:59.999000+00:00,SNDKUSDT,,US_STOCK:2026-06-18T20:00:00+00:00:2026-06-22T08:00:00+00:00
FALSE_BREAKOUT,,0.0,D2-C2-R3-20m,MAKER_PROMO_OFF,3,2026-06-22T01:41:59.999000+00:00,SNDKUSDT,,US_STOCK:2026-06-18T20:00:00+00:00:2026-06-22T08:00:00+00:00
FALSE_BREAKOUT,,0.0,D2-C2-R3-30m,MAKER_PROMO_OFF,3,2026-06-22T01:41:59.999000+00:00,SNDKUSDT,,US_STOCK:2026-06-18T20:00:00+00:00:2026-06-22T08:00:00+00:00
FALSE_BREAKOUT,,0.0,D2-C3-R3-10m,MAKER_PROMO_OFF,3,2026-06-22T01:41:59.999000+00:00,SNDKUSDT,,US_STOCK:2026-06-18T20:00:00+00:00:2026-06-22T08:00:00+00:00
FALSE_BREAKOUT,,0.0,D2-C3-R3-20m,MAKER_PROMO_OFF,3,2026-06-22T01:41:59.999000+00:00,SNDKUSDT,,US_STOCK:2026-06-18T20:00:00+00:00:2026-06-22T08:00:00+00:00
FALSE_BREAKOUT,,0.0,D2-C3-R3-30m,MAKER_PROMO_OFF,3,2026-06-22T01:41:59.999000+00:00,SNDKUSDT,,US_STOCK:2026-06-18T20:00:00+00:00:2026-06-22T08:00:00+00:00
FALSE_BREAKOUT,,0.0,D2-C1-R3-10m,MAKER_PROMO_OFF,10,2026-06-22T01:41:59.999000+00:00,SNDKUSDT,,US_STOCK:2026-06-18T20:00:00+00:00:2026-06-22T08:00:00+00:00
FALSE_BREAKOUT,,0.0,D2-C1-R3-20m,MAKER_PROMO_OFF,10,2026-06-22T01:41:59.999000+00:00,SNDKUSDT,,US_STOCK:2026-06-18T20:00:00+00:00:2026-06-22T08:00:00+00:00
FALSE_BREAKOUT,,0.0,D2-C1-R3-30m,MAKER_PROMO_OFF,10,2026-06-22T01:41:59.999000+00:00,SNDKUSDT,,US_STOCK:2026-06-18T20:00:00+00:00:2026-06-22T08:00:00+00:00
FALSE_BREAKOUT,,0.0,D2-C2-R3-10m,MAKER_PROMO_OFF,10,2026-06-22T01:41:59.999000+00:00,SNDKUSDT,,US_STOCK:2026-06-18T20:00:00+00:00:2026-06-22T08:00:00+00:00
FALSE_BREAKOUT,,0.0,D2-C2-R3-20m,MAKER_PROMO_OFF,10,2026-06-22T01:41:59.999000+00:00,SNDKUSDT,,US_STOCK:2026-06-18T20:00:00+00:00:2026-06-22T08:00:00+00:00
FALSE_BREAKOUT,,0.0,D2-C2-R3-30m,MAKER_PROMO_OFF,10,2026-06-22T01:41:59.999000+00:00,SNDKUSDT,,US_STOCK:2026-06-18T20:00:00+00:00:2026-06-22T08:00:00+00:00
FALSE_BREAKOUT,,0.0,D2-C3-R3-10m,MAKER_PROMO_OFF,10,2026-06-22T01:41:59.999000+00:00,SNDKUSDT,,US_STOCK:2026-06-18T20:00:00+00:00:2026-06-22T08:00:00+00:00
FALSE_BREAKOUT,,0.0,D2-C3-R3-20m,MAKER_PROMO_OFF,10,2026-06-22T01:41:59.999000+00:00,SNDKUSDT,,US_STOCK:2026-06-18T20:00:00+00:00:2026-06-22T08:00:00+00:00
FALSE_BREAKOUT,,0.0,D2-C3-R3-30m,MAKER_PROMO_OFF,10,2026-06-22T01:41:59.999000+00:00,SNDKUSDT,,US_STOCK:2026-06-18T20:00:00+00:00:2026-06-22T08:00:00+00:00
FALSE_BREAKOUT,,0.0,D2-C1-R3-10m,MAKER_PROMO_OFF,17,2026-06-22T01:41:59.999000+00:00,SNDKUSDT,,US_STOCK:2026-06-18T20:00:00+00:00:2026-06-22T08:00:00+00:00
FALSE_BREAKOUT,,0.0,D2-C1-R3-20m,MAKER_PROMO_OFF,17,2026-06-22T01:41:59.999000+00:00,SNDKUSDT,,US_STOCK:2026-06-18T20:00:00+00:00:2026-06-22T08:00:00+00:00
FALSE_BREAKOUT,,0.0,D2-C1-R3-30m,MAKER_PROMO_OFF,17,2026-06-22T01:41:59.999000+00:00,SNDKUSDT,,US_STOCK:2026-06-18T20:00:00+00:00:2026-06-22T08:00:00+00:00
FALSE_BREAKOUT,,0.0,D2-C2-R3-10m,MAKER_PROMO_OFF,17,2026-06-22T01:41:59.999000+00:00,SNDKUSDT,,US_STOCK:2026-06-18T20:00:00+00:00:2026-06-22T08:00:00+00:00
FALSE_BREAKOUT,,0.0,D2-C2-R3-20m,MAKER_PROMO_OFF,17,2026-06-22T01:41:59.999000+00:00,SNDKUSDT,,US_STOCK:2026-06-18T20:00:00+00:00:2026-06-22T08:00:00+00:00
FALSE_BREAKOUT,,0.0,D2-C2-R3-30m,MAKER_PROMO_OFF,17,2026-06-22T01:41:59.999000+00:00,SNDKUSDT,,US_STOCK:2026-06-18T20:00:00+00:00:2026-06-22T08:00:00+00:00
FALSE_BREAKOUT,,0.0,D2-C3-R3-10m,MAKER_PROMO_OFF,17,2026-06-22T01:41:59.999000+00:00,SNDKUSDT,,US_STOCK:2026-06-18T20:00:00+00:00:2026-06-22T08:00:00+00:00
FALSE_BREAKOUT,,0.0,D2-C3-R3-20m,MAKER_PROMO_OFF,17,2026-06-22T01:41:59.999000+00:00,SNDKUSDT,,US_STOCK:2026-06-18T20:00:00+00:00:2026-06-22T08:00:00+00:00
FALSE_BREAKOUT,,0.0,D2-C3-R3-30m,MAKER_PROMO_OFF,17,2026-06-22T01:41:59.999000+00:00,SNDKUSDT,,US_STOCK:2026-06-18T20:00:00+00:00:2026-06-22T08:00:00+00:00
FALSE_BREAKOUT,,0.0,D2-C1-R3-10m,MAKER_PROMO_OFF,31,2026-06-22T01:41:59.999000+00:00,SNDKUSDT,,US_STOCK:2026-06-18T20:00:00+00:00:2026-06-22T08:00:00+00:00
FALSE_BREAKOUT,,0.0,D2-C1-R3-20m,MAKER_PROMO_OFF,31,2026-06-22T01:41:59.999000+00:00,SNDKUSDT,,US_STOCK:2026-06-18T20:00:00+00:00:2026-06-22T08:00:00+00:00
FALSE_BREAKOUT,,0.0,D2-C1-R3-30m,MAKER_PROMO_OFF,31,2026-06-22T01:41:59.999000+00:00,SNDKUSDT,,US_STOCK:2026-06-18T20:00:00+00:00:2026-06-22T08:00:00+00:00
FALSE_BREAKOUT,,0.0,D2-C2-R3-10m,MAKER_PROMO_OFF,31,2026-06-22T01:41:59.999000+00:00,SNDKUSDT,,US_STOCK:2026-06-18T20:00:00+00:00:2026-06-22T08:00:00+00:00
FALSE_BREAKOUT,,0.0,D2-C2-R3-20m,MAKER_PROMO_OFF,31,2026-06-22T01:41:59.999000+00:00,SNDKUSDT,,US_STOCK:2026-06-18T20:00:00+00:00:2026-06-22T08:00:00+00:00
FALSE_BREAKOUT,,0.0,D2-C2-R3-30m,MAKER_PROMO_OFF,31,2026-06-22T01:41:59.999000+00:00,SNDKUSDT,,US_STOCK:2026-06-18T20:00:00+00:00:2026-06-22T08:00:00+00:00
FALSE_BREAKOUT,,0.0,D2-C3-R3-10m,MAKER_PROMO_OFF,31,2026-06-22T01:41:59.999000+00:00,SNDKUSDT,,US_STOCK:2026-06-18T20:00:00+00:00:2026-06-22T08:00:00+00:00
FALSE_BREAKOUT,,0.0,D2-C3-R3-20m,MAKER_PROMO_OFF,31,2026-06-22T01:41:59.999000+00:00,SNDKUSDT,,US_STOCK:2026-06-18T20:00:00+00:00:2026-06-22T08:00:00+00:00
FALSE_BREAKOUT,,0.0,D2-C3-R3-30m,MAKER_PROMO_OFF,31,2026-06-22T01:41:59.999000+00:00,SNDKUSDT,,US_STOCK:2026-06-18T20:00:00+00:00:2026-06-22T08:00:00+00:00
FALSE_BREAKOUT,,0.0,D2-C1-R3-10m,MAKER_PROMO_OFF,59,2026-06-22T01:41:59.999000+00:00,SNDKUSDT,,US_STOCK:2026-06-18T20:00:00+00:00:2026-06-22T08:00:00+00:00
FALSE_BREAKOUT,,0.0,D2-C1-R3-20m,MAKER_PROMO_OFF,59,2026-06-22T01:41:59.999000+00:00,SNDKUSDT,,US_STOCK:2026-06-18T20:00:00+00:00:2026-06-22T08:00:00+00:00
FALSE_BREAKOUT,,0.0,D2-C1-R3-30m,MAKER_PROMO_OFF,59,2026-06-22T01:41:59.999000+00:00,SNDKUSDT,,US_STOCK:2026-06-18T20:00:00+00:00:2026-06-22T08:00:00+00:00
FALSE_BREAKOUT,,0.0,D2-C2-R3-10m,MAKER_PROMO_OFF,59,2026-06-22T01:41:59.999000+00:00,SNDKUSDT,,US_STOCK:2026-06-18T20:00:00+00:00:2026-06-22T08:00:00+00:00
FALSE_BREAKOUT,,0.0,D2-C2-R3-20m,MAKER_PROMO_OFF,59,2026-06-22T01:41:59.999000+00:00,SNDKUSDT,,US_STOCK:2026-06-18T20:00:00+00:00:2026-06-22T08:00:00+00:00
FALSE_BREAKOUT,,0.0,D2-C2-R3-30m,MAKER_PROMO_OFF,59,2026-06-22T01:41:59.999000+00:00,SNDKUSDT,,US_STOCK:2026-06-18T20:00:00+00:00:2026-06-22T08:00:00+00:00
FALSE_BREAKOUT,,0.0,D2-C3-R3-10m,MAKER_PROMO_OFF,59,2026-06-22T01:41:59.999000+00:00,SNDKUSDT,,US_STOCK:2026-06-18T20:00:00+00:00:2026-06-22T08:00:00+00:00
FALSE_BREAKOUT,,0.0,D2-C3-R3-20m,MAKER_PROMO_OFF,59,2026-06-22T01:41:59.999000+00:00,SNDKUSDT,,US_STOCK:2026-06-18T20:00:00+00:00:2026-06-22T08:00:00+00:00
FALSE_BREAKOUT,,0.0,D2-C3-R3-30m,MAKER_PROMO_OFF,59,2026-06-22T01:41:59.999000+00:00,SNDKUSDT,,US_STOCK:2026-06-18T20:00:00+00:00:2026-06-22T08:00:00+00:00
FALSE_BREAKOUT,,0.0,D2-C1-R3-10m,MAKER_PROMO_OFF,97,2026-06-22T01:41:59.999000+00:00,SNDKUSDT,,US_STOCK:2026-06-18T20:00:00+00:00:2026-06-22T08:00:00+00:00
FALSE_BREAKOUT,,0.0,D2-C1-R3-20m,MAKER_PROMO_OFF,97,2026-06-22T01:41:59.999000+00:00,SNDKUSDT,,US_STOCK:2026-06-18T20:00:00+00:00:2026-06-22T08:00:00+00:00
FALSE_BREAKOUT,,0.0,D2-C1-R3-30m,MAKER_PROMO_OFF,97,2026-06-22T01:41:59.999000+00:00,SNDKUSDT,,US_STOCK:2026-06-18T20:00:00+00:00:2026-06-22T08:00:00+00:00
FALSE_BREAKOUT,,0.0,D2-C2-R3-10m,MAKER_PROMO_OFF,97,2026-06-22T01:41:59.999000+00:00,SNDKUSDT,,US_STOCK:2026-06-18T20:00:00+00:00:2026-06-22T08:00:00+00:00
FALSE_BREAKOUT,,0.0,D2-C2-R3-20m,MAKER_PROMO_OFF,97,2026-06-22T01:41:59.999000+00:00,SNDKUSDT,,US_STOCK:2026-06-18T20:00:00+00:00:2026-06-22T08:00:00+00:00
FALSE_BREAKOUT,,0.0,D2-C2-R3-30m,MAKER_PROMO_OFF,97,2026-06-22T01:41:59.999000+00:00,SNDKUSDT,,US_STOCK:2026-06-18T20:00:00+00:00:2026-06-22T08:00:00+00:00
FALSE_BREAKOUT,,0.0,D2-C3-R3-10m,MAKER_PROMO_OFF,97,2026-06-22T01:41:59.999000+00:00,SNDKUSDT,,US_STOCK:2026-06-18T20:00:00+00:00:2026-06-22T08:00:00+00:00
FALSE_BREAKOUT,,0.0,D2-C3-R3-20m,MAKER_PROMO_OFF,97,2026-06-22T01:41:59.999000+00:00,SNDKUSDT,,US_STOCK:2026-06-18T20:00:00+00:00:2026-06-22T08:00:00+00:00
FALSE_BREAKOUT,,0.0,D2-C3-R3-30m,MAKER_PROMO_OFF,97,2026-06-22T01:41:59.999000+00:00,SNDKUSDT,,US_STOCK:2026-06-18T20:00:00+00:00:2026-06-22T08:00:00+00:00
FALSE_BREAKOUT,,0.0,D2-C1-R3-10m,PRIMARY_ZERO_MAKER,3,2026-05-11T00:20:59.999000+00:00,MUUSDT,,US_STOCK:2026-05-08T20:00:00+00:00:2026-05-11T08:00:00+00:00
FALSE_BREAKOUT,,0.0,D2-C1-R3-20m,PRIMARY_ZERO_MAKER,3,2026-05-11T00:20:59.999000+00:00,MUUSDT,,US_STOCK:2026-05-08T20:00:00+00:00:2026-05-11T08:00:00+00:00
FALSE_BREAKOUT,,0.0,D2-C1-R3-30m,PRIMARY_ZERO_MAKER,3,2026-05-11T00:20:59.999000+00:00,MUUSDT,,US_STOCK:2026-05-08T20:00:00+00:00:2026-05-11T08:00:00+00:00
FALSE_BREAKOUT,,0.0,D2-C2-R3-10m,PRIMARY_ZERO_MAKER,3,2026-05-11T00:20:59.999000+00:00,MUUSDT,,US_STOCK:2026-05-08T20:00:00+00:00:2026-05-11T08:00:00+00:00
FALSE_BREAKOUT,,0.0,D2-C2-R3-20m,PRIMARY_ZERO_MAKER,3,2026-05-11T00:20:59.999000+00:00,MUUSDT,,US_STOCK:2026-05-08T20:00:00+00:00:2026-05-11T08:00:00+00:00
FALSE_BREAKOUT,,0.0,D2-C2-R3-30m,PRIMARY_ZERO_MAKER,3,2026-05-11T00:20:59.999000+00:00,MUUSDT,,US_STOCK:2026-05-08T20:00:00+00:00:2026-05-11T08:00:00+00:00
FALSE_BREAKOUT,,0.0,D2-C3-R3-10m,PRIMARY_ZERO_MAKER,3,2026-05-11T00:20:59.999000+00:00,MUUSDT,,US_STOCK:2026-05-08T20:00:00+00:00:2026-05-11T08:00:00+00:00
FALSE_BREAKOUT,,0.0,D2-C3-R3-20m,PRIMARY_ZERO_MAKER,3,2026-05-11T00:20:59.999000+00:00,MUUSDT,,US_STOCK:2026-05-08T20:00:00+00:00:2026-05-11T08:00:00+00:00
FALSE_BREAKOUT,,0.0,D2-C3-R3-30m,PRIMARY_ZERO_MAKER,3,2026-05-11T00:20:59.999000+00:00,MUUSDT,,US_STOCK:2026-05-08T20:00:00+00:00:2026-05-11T08:00:00+00:00
FALSE_BREAKOUT,,0.0,D2-C1-R3-10m,PRIMARY_ZERO_MAKER,10,2026-05-11T00:20:59.999000+00:00,MUUSDT,,US_STOCK:2026-05-08T20:00:00+00:00:2026-05-11T08:00:00+00:00
FALSE_BREAKOUT,,0.0,D2-C1-R3-20m,PRIMARY_ZERO_MAKER,10,2026-05-11T00:20:59.999000+00:00,MUUSDT,,US_STOCK:2026-05-08T20:00:00+00:00:2026-05-11T08:00:00+00:00
FALSE_BREAKOUT,,0.0,D2-C1-R3-30m,PRIMARY_ZERO_MAKER,10,2026-05-11T00:20:59.999000+00:00,MUUSDT,,US_STOCK:2026-05-08T20:00:00+00:00:2026-05-11T08:00:00+00:00
FALSE_BREAKOUT,,0.0,D2-C2-R3-10m,PRIMARY_ZERO_MAKER,10,2026-05-11T00:20:59.999000+00:00,MUUSDT,,US_STOCK:2026-05-08T20:00:00+00:00:2026-05-11T08:00:00+00:00
FALSE_BREAKOUT,,0.0,D2-C2-R3-20m,PRIMARY_ZERO_MAKER,10,2026-05-11T00:20:59.999000+00:00,MUUSDT,,US_STOCK:2026-05-08T20:00:00+00:00:2026-05-11T08:00:00+00:00
FALSE_BREAKOUT,,0.0,D2-C2-R3-30m,PRIMARY_ZERO_MAKER,10,2026-05-11T00:20:59.999000+00:00,MUUSDT,,US_STOCK:2026-05-08T20:00:00+00:00:2026-05-11T08:00:00+00:00
FALSE_BREAKOUT,,0.0,D2-C3-R3-10m,PRIMARY_ZERO_MAKER,10,2026-05-11T00:20:59.999000+00:00,MUUSDT,,US_STOCK:2026-05-08T20:00:00+00:00:2026-05-11T08:00:00+00:00
FALSE_BREAKOUT,,0.0,D2-C3-R3-20m,PRIMARY_ZERO_MAKER,10,2026-05-11T00:20:59.999000+00:00,MUUSDT,,US_STOCK:2026-05-08T20:00:00+00:00:2026-05-11T08:00:00+00:00
FALSE_BREAKOUT,,0.0,D2-C3-R3-30m,PRIMARY_ZERO_MAKER,10,2026-05-11T00:20:59.999000+00:00,MUUSDT,,US_STOCK:2026-05-08T20:00:00+00:00:2026-05-11T08:00:00+00:00
FALSE_BREAKOUT,,0.0,D2-C1-R3-10m,PRIMARY_ZERO_MAKER,17,2026-05-11T00:20:59.999000+00:00,MUUSDT,,US_STOCK:2026-05-08T20:00:00+00:00:2026-05-11T08:00:00+00:00
FALSE_BREAKOUT,,0.0,D2-C1-R3-20m,PRIMARY_ZERO_MAKER,17,2026-05-11T00:20:59.999000+00:00,MUUSDT,,US_STOCK:2026-05-08T20:00:00+00:00:2026-05-11T08:00:00+00:00
FALSE_BREAKOUT,,0.0,D2-C1-R3-30m,PRIMARY_ZERO_MAKER,17,2026-05-11T00:20:59.999000+00:00,MUUSDT,,US_STOCK:2026-05-08T20:00:00+00:00:2026-05-11T08:00:00+00:00
FALSE_BREAKOUT,,0.0,D2-C2-R3-10m,PRIMARY_ZERO_MAKER,17,2026-05-11T00:20:59.999000+00:00,MUUSDT,,US_STOCK:2026-05-08T20:00:00+00:00:2026-05-11T08:00:00+00:00
FALSE_BREAKOUT,,0.0,D2-C2-R3-20m,PRIMARY_ZERO_MAKER,17,2026-05-11T00:20:59.999000+00:00,MUUSDT,,US_STOCK:2026-05-08T20:00:00+00:00:2026-05-11T08:00:00+00:00
FALSE_BREAKOUT,,0.0,D2-C2-R3-30m,PRIMARY_ZERO_MAKER,17,2026-05-11T00:20:59.999000+00:00,MUUSDT,,US_STOCK:2026-05-08T20:00:00+00:00:2026-05-11T08:00:00+00:00
FALSE_BREAKOUT,,0.0,D2-C3-R3-10m,PRIMARY_ZERO_MAKER,17,2026-05-11T00:20:59.999000+00:00,MUUSDT,,US_STOCK:2026-05-08T20:00:00+00:00:2026-05-11T08:00:00+00:00
FALSE_BREAKOUT,,0.0,D2-C3-R3-20m,PRIMARY_ZERO_MAKER,17,2026-05-11T00:20:59.999000+00:00,MUUSDT,,US_STOCK:2026-05-08T20:00:00+00:00:2026-05-11T08:00:00+00:00
FALSE_BREAKOUT,,0.0,D2-C3-R3-30m,PRIMARY_ZERO_MAKER,17,2026-05-11T00:20:59.999000+00:00,MUUSDT,,US_STOCK:2026-05-08T20:00:00+00:00:2026-05-11T08:00:00+00:00
FALSE_BREAKOUT,,0.0,D2-C1-R3-10m,PRIMARY_ZERO_MAKER,31,2026-05-11T00:20:59.999000+00:00,MUUSDT,,US_STOCK:2026-05-08T20:00:00+00:00:2026-05-11T08:00:00+00:00
FALSE_BREAKOUT,,0.0,D2-C1-R3-20m,PRIMARY_ZERO_MAKER,31,2026-05-11T00:20:59.999000+00:00,MUUSDT,,US_STOCK:2026-05-08T20:00:00+00:00:2026-05-11T08:00:00+00:00
FALSE_BREAKOUT,,0.0,D2-C1-R3-30m,PRIMARY_ZERO_MAKER,31,2026-05-11T00:20:59.999000+00:00,MUUSDT,,US_STOCK:2026-05-08T20:00:00+00:00:2026-05-11T08:00:00+00:00
FALSE_BREAKOUT,,0.0,D2-C2-R3-10m,PRIMARY_ZERO_MAKER,31,2026-05-11T00:20:59.999000+00:00,MUUSDT,,US_STOCK:2026-05-08T20:00:00+00:00:2026-05-11T08:00:00+00:00
FALSE_BREAKOUT,,0.0,D2-C2-R3-20m,PRIMARY_ZERO_MAKER,31,2026-05-11T00:20:59.999000+00:00,MUUSDT,,US_STOCK:2026-05-08T20:00:00+00:00:2026-05-11T08:00:00+00:00
FALSE_BREAKOUT,,0.0,D2-C2-R3-30m,PRIMARY_ZERO_MAKER,31,2026-05-11T00:20:59.999000+00:00,MUUSDT,,US_STOCK:2026-05-08T20:00:00+00:00:2026-05-11T08:00:00+00:00
FALSE_BREAKOUT,,0.0,D2-C3-R3-10m,PRIMARY_ZERO_MAKER,31,2026-05-11T00:20:59.999000+00:00,MUUSDT,,US_STOCK:2026-05-08T20:00:00+00:00:2026-05-11T08:00:00+00:00
FALSE_BREAKOUT,,0.0,D2-C3-R3-20m,PRIMARY_ZERO_MAKER,31,2026-05-11T00:20:59.999000+00:00,MUUSDT,,US_STOCK:2026-05-08T20:00:00+00:00:2026-05-11T08:00:00+00:00
FALSE_BREAKOUT,,0.0,D2-C3-R3-30m,PRIMARY_ZERO_MAKER,31,2026-05-11T00:20:59.999000+00:00,MUUSDT,,US_STOCK:2026-05-08T20:00:00+00:00:2026-05-11T08:00:00+00:00
FALSE_BREAKOUT,,0.0,D2-C1-R3-10m,PRIMARY_ZERO_MAKER,59,2026-05-11T00:20:59.999000+00:00,MUUSDT,,US_STOCK:2026-05-08T20:00:00+00:00:2026-05-11T08:00:00+00:00
FALSE_BREAKOUT,,0.0,D2-C1-R3-20m,PRIMARY_ZERO_MAKER,59,2026-05-11T00:20:59.999000+00:00,MUUSDT,,US_STOCK:2026-05-08T20:00:00+00:00:2026-05-11T08:00:00+00:00
FALSE_BREAKOUT,,0.0,D2-C1-R3-30m,PRIMARY_ZERO_MAKER,59,2026-05-11T00:20:59.999000+00:00,MUUSDT,,US_STOCK:2026-05-08T20:00:00+00:00:2026-05-11T08:00:00+00:00
FALSE_BREAKOUT,,0.0,D2-C2-R3-10m,PRIMARY_ZERO_MAKER,59,2026-05-11T00:20:59.999000+00:00,MUUSDT,,US_STOCK:2026-05-08T20:00:00+00:00:2026-05-11T08:00:00+00:00
FALSE_BREAKOUT,,0.0,D2-C2-R3-20m,PRIMARY_ZERO_MAKER,59,2026-05-11T00:20:59.999000+00:00,MUUSDT,,US_STOCK:2026-05-08T20:00:00+00:00:2026-05-11T08:00:00+00:00
FALSE_BREAKOUT,,0.0,D2-C2-R3-30m,PRIMARY_ZERO_MAKER,59,2026-05-11T00:20:59.999000+00:00,MUUSDT,,US_STOCK:2026-05-08T20:00:00+00:00:2026-05-11T08:00:00+00:00
FALSE_BREAKOUT,,0.0,D2-C3-R3-10m,PRIMARY_ZERO_MAKER,59,2026-05-11T00:20:59.999000+00:00,MUUSDT,,US_STOCK:2026-05-08T20:00:00+00:00:2026-05-11T08:00:00+00:00
FALSE_BREAKOUT,,0.0,D2-C3-R3-20m,PRIMARY_ZERO_MAKER,59,2026-05-11T00:20:59.999000+00:00,MUUSDT,,US_STOCK:2026-05-08T20:00:00+00:00:2026-05-11T08:00:00+00:00
FALSE_BREAKOUT,,0.0,D2-C3-R3-30m,PRIMARY_ZERO_MAKER,59,2026-05-11T00:20:59.999000+00:00,MUUSDT,,US_STOCK:2026-05-08T20:00:00+00:00:2026-05-11T08:00:00+00:00
FALSE_BREAKOUT,,0.0,D2-C1-R3-10m,PRIMARY_ZERO_MAKER,97,2026-05-11T00:20:59.999000+00:00,MUUSDT,,US_STOCK:2026-05-08T20:00:00+00:00:2026-05-11T08:00:00+00:00
FALSE_BREAKOUT,,0.0,D2-C1-R3-20m,PRIMARY_ZERO_MAKER,97,2026-05-11T00:20:59.999000+00:00,MUUSDT,,US_STOCK:2026-05-08T20:00:00+00:00:2026-05-11T08:00:00+00:00
FALSE_BREAKOUT,,0.0,D2-C1-R3-30m,PRIMARY_ZERO_MAKER,97,2026-05-11T00:20:59.999000+00:00,MUUSDT,,US_STOCK:2026-05-08T20:00:00+00:00:2026-05-11T08:00:00+00:00
FALSE_BREAKOUT,,0.0,D2-C2-R3-10m,PRIMARY_ZERO_MAKER,97,2026-05-11T00:20:59.999000+00:00,MUUSDT,,US_STOCK:2026-05-08T20:00:00+00:00:2026-05-11T08:00:00+00:00
FALSE_BREAKOUT,,0.0,D2-C2-R3-20m,PRIMARY_ZERO_MAKER,97,2026-05-11T00:20:59.999000+00:00,MUUSDT,,US_STOCK:2026-05-08T20:00:00+00:00:2026-05-11T08:00:00+00:00
FALSE_BREAKOUT,,0.0,D2-C2-R3-30m,PRIMARY_ZERO_MAKER,97,2026-05-11T00:20:59.999000+00:00,MUUSDT,,US_STOCK:2026-05-08T20:00:00+00:00:2026-05-11T08:00:00+00:00
FALSE_BREAKOUT,,0.0,D2-C3-R3-10m,PRIMARY_ZERO_MAKER,97,2026-05-11T00:20:59.999000+00:00,MUUSDT,,US_STOCK:2026-05-08T20:00:00+00:00:2026-05-11T08:00:00+00:00
FALSE_BREAKOUT,,0.0,D2-C3-R3-20m,PRIMARY_ZERO_MAKER,97,2026-05-11T00:20:59.999000+00:00,MUUSDT,,US_STOCK:2026-05-08T20:00:00+00:00:2026-05-11T08:00:00+00:00
FALSE_BREAKOUT,,0.0,D2-C3-R3-30m,PRIMARY_ZERO_MAKER,97,2026-05-11T00:20:59.999000+00:00,MUUSDT,,US_STOCK:2026-05-08T20:00:00+00:00:2026-05-11T08:00:00+00:00
FALSE_BREAKOUT,,0.0,D2-C1-R3-10m,EXECUTION_STRESS,3,2026-05-11T00:20:59.999000+00:00,MUUSDT,,US_STOCK:2026-05-08T20:00:00+00:00:2026-05-11T08:00:00+00:00
FALSE_BREAKOUT,,0.0,D2-C1-R3-20m,EXECUTION_STRESS,3,2026-05-11T00:20:59.999000+00:00,MUUSDT,,US_STOCK:2026-05-08T20:00:00+00:00:2026-05-11T08:00:00+00:00
FALSE_BREAKOUT,,0.0,D2-C1-R3-30m,EXECUTION_STRESS,3,2026-05-11T00:20:59.999000+00:00,MUUSDT,,US_STOCK:2026-05-08T20:00:00+00:00:2026-05-11T08:00:00+00:00
FALSE_BREAKOUT,,0.0,D2-C2-R3-10m,EXECUTION_STRESS,3,2026-05-11T00:20:59.999000+00:00,MUUSDT,,US_STOCK:2026-05-08T20:00:00+00:00:2026-05-11T08:00:00+00:00
FALSE_BREAKOUT,,0.0,D2-C2-R3-20m,EXECUTION_STRESS,3,2026-05-11T00:20:59.999000+00:00,MUUSDT,,US_STOCK:2026-05-08T20:00:00+00:00:2026-05-11T08:00:00+00:00
FALSE_BREAKOUT,,0.0,D2-C2-R3-30m,EXECUTION_STRESS,3,2026-05-11T00:20:59.999000+00:00,MUUSDT,,US_STOCK:2026-05-08T20:00:00+00:00:2026-05-11T08:00:00+00:00
FALSE_BREAKOUT,,0.0,D2-C3-R3-10m,EXECUTION_STRESS,3,2026-05-11T00:20:59.999000+00:00,MUUSDT,,US_STOCK:2026-05-08T20:00:00+00:00:2026-05-11T08:00:00+00:00
FALSE_BREAKOUT,,0.0,D2-C3-R3-20m,EXECUTION_STRESS,3,2026-05-11T00:20:59.999000+00:00,MUUSDT,,US_STOCK:2026-05-08T20:00:00+00:00:2026-05-11T08:00:00+00:00
FALSE_BREAKOUT,,0.0,D2-C3-R3-30m,EXECUTION_STRESS,3,2026-05-11T00:20:59.999000+00:00,MUUSDT,,US_STOCK:2026-05-08T20:00:00+00:00:2026-05-11T08:00:00+00:00
FALSE_BREAKOUT,,0.0,D2-C1-R3-10m,EXECUTION_STRESS,10,2026-05-11T00:20:59.999000+00:00,MUUSDT,,US_STOCK:2026-05-08T20:00:00+00:00:2026-05-11T08:00:00+00:00
FALSE_BREAKOUT,,0.0,D2-C1-R3-20m,EXECUTION_STRESS,10,2026-05-11T00:20:59.999000+00:00,MUUSDT,,US_STOCK:2026-05-08T20:00:00+00:00:2026-05-11T08:00:00+00:00
FALSE_BREAKOUT,,0.0,D2-C1-R3-30m,EXECUTION_STRESS,10,2026-05-11T00:20:59.999000+00:00,MUUSDT,,US_STOCK:2026-05-08T20:00:00+00:00:2026-05-11T08:00:00+00:00
FALSE_BREAKOUT,,0.0,D2-C2-R3-10m,EXECUTION_STRESS,10,2026-05-11T00:20:59.999000+00:00,MUUSDT,,US_STOCK:2026-05-08T20:00:00+00:00:2026-05-11T08:00:00+00:00
FALSE_BREAKOUT,,0.0,D2-C2-R3-20m,EXECUTION_STRESS,10,2026-05-11T00:20:59.999000+00:00,MUUSDT,,US_STOCK:2026-05-08T20:00:00+00:00:2026-05-11T08:00:00+00:00
FALSE_BREAKOUT,,0.0,D2-C2-R3-30m,EXECUTION_STRESS,10,2026-05-11T00:20:59.999000+00:00,MUUSDT,,US_STOCK:2026-05-08T20:00:00+00:00:2026-05-11T08:00:00+00:00
FALSE_BREAKOUT,,0.0,D2-C3-R3-10m,EXECUTION_STRESS,10,2026-05-11T00:20:59.999000+00:00,MUUSDT,,US_STOCK:2026-05-08T20:00:00+00:00:2026-05-11T08:00:00+00:00
FALSE_BREAKOUT,,0.0,D2-C3-R3-20m,EXECUTION_STRESS,10,2026-05-11T00:20:59.999000+00:00,MUUSDT,,US_STOCK:2026-05-08T20:00:00+00:00:2026-05-11T08:00:00+00:00
FALSE_BREAKOUT,,0.0,D2-C3-R3-30m,EXECUTION_STRESS,10,2026-05-11T00:20:59.999000+00:00,MUUSDT,,US_STOCK:2026-05-08T20:00:00+00:00:2026-05-11T08:00:00+00:00
FALSE_BREAKOUT,,0.0,D2-C1-R3-10m,EXECUTION_STRESS,17,2026-05-11T00:20:59.999000+00:00,MUUSDT,,US_STOCK:2026-05-08T20:00:00+00:00:2026-05-11T08:00:00+00:00
FALSE_BREAKOUT,,0.0,D2-C1-R3-20m,EXECUTION_STRESS,17,2026-05-11T00:20:59.999000+00:00,MUUSDT,,US_STOCK:2026-05-08T20:00:00+00:00:2026-05-11T08:00:00+00:00
FALSE_BREAKOUT,,0.0,D2-C1-R3-30m,EXECUTION_STRESS,17,2026-05-11T00:20:59.999000+00:00,MUUSDT,,US_STOCK:2026-05-08T20:00:00+00:00:2026-05-11T08:00:00+00:00
FALSE_BREAKOUT,,0.0,D2-C2-R3-10m,EXECUTION_STRESS,17,2026-05-11T00:20:59.999000+00:00,MUUSDT,,US_STOCK:2026-05-08T20:00:00+00:00:2026-05-11T08:00:00+00:00
FALSE_BREAKOUT,,0.0,D2-C2-R3-20m,EXECUTION_STRESS,17,2026-05-11T00:20:59.999000+00:00,MUUSDT,,US_STOCK:2026-05-08T20:00:00+00:00:2026-05-11T08:00:00+00:00
FALSE_BREAKOUT,,0.0,D2-C2-R3-30m,EXECUTION_STRESS,17,2026-05-11T00:20:59.999000+00:00,MUUSDT,,US_STOCK:2026-05-08T20:00:00+00:00:2026-05-11T08:00:00+00:00
FALSE_BREAKOUT,,0.0,D2-C3-R3-10m,EXECUTION_STRESS,17,2026-05-11T00:20:59.999000+00:00,MUUSDT,,US_STOCK:2026-05-08T20:00:00+00:00:2026-05-11T08:00:00+00:00
FALSE_BREAKOUT,,0.0,D2-C3-R3-20m,EXECUTION_STRESS,17,2026-05-11T00:20:59.999000+00:00,MUUSDT,,US_STOCK:2026-05-08T20:00:00+00:00:2026-05-11T08:00:00+00:00
FALSE_BREAKOUT,,0.0,D2-C3-R3-30m,EXECUTION_STRESS,17,2026-05-11T00:20:59.999000+00:00,MUUSDT,,US_STOCK:2026-05-08T20:00:00+00:00:2026-05-11T08:00:00+00:00
FALSE_BREAKOUT,,0.0,D2-C1-R3-10m,EXECUTION_STRESS,31,2026-05-11T00:20:59.999000+00:00,MUUSDT,,US_STOCK:2026-05-08T20:00:00+00:00:2026-05-11T08:00:00+00:00
FALSE_BREAKOUT,,0.0,D2-C1-R3-20m,EXECUTION_STRESS,31,2026-05-11T00:20:59.999000+00:00,MUUSDT,,US_STOCK:2026-05-08T20:00:00+00:00:2026-05-11T08:00:00+00:00
FALSE_BREAKOUT,,0.0,D2-C1-R3-30m,EXECUTION_STRESS,31,2026-05-11T00:20:59.999000+00:00,MUUSDT,,US_STOCK:2026-05-08T20:00:00+00:00:2026-05-11T08:00:00+00:00
FALSE_BREAKOUT,,0.0,D2-C2-R3-10m,EXECUTION_STRESS,31,2026-05-11T00:20:59.999000+00:00,MUUSDT,,US_STOCK:2026-05-08T20:00:00+00:00:2026-05-11T08:00:00+00:00
FALSE_BREAKOUT,,0.0,D2-C2-R3-20m,EXECUTION_STRESS,31,2026-05-11T00:20:59.999000+00:00,MUUSDT,,US_STOCK:2026-05-08T20:00:00+00:00:2026-05-11T08:00:00+00:00
FALSE_BREAKOUT,,0.0,D2-C2-R3-30m,EXECUTION_STRESS,31,2026-05-11T00:20:59.999000+00:00,MUUSDT,,US_STOCK:2026-05-08T20:00:00+00:00:2026-05-11T08:00:00+00:00
FALSE_BREAKOUT,,0.0,D2-C3-R3-10m,EXECUTION_STRESS,31,2026-05-11T00:20:59.999000+00:00,MUUSDT,,US_STOCK:2026-05-08T20:00:00+00:00:2026-05-11T08:00:00+00:00
FALSE_BREAKOUT,,0.0,D2-C3-R3-20m,EXECUTION_STRESS,31,2026-05-11T00:20:59.999000+00:00,MUUSDT,,US_STOCK:2026-05-08T20:00:00+00:00:2026-05-11T08:00:00+00:00
FALSE_BREAKOUT,,0.0,D2-C3-R3-30m,EXECUTION_STRESS,31,2026-05-11T00:20:59.999000+00:00,MUUSDT,,US_STOCK:2026-05-08T20:00:00+00:00:2026-05-11T08:00:00+00:00
FALSE_BREAKOUT,,0.0,D2-C1-R3-10m,EXECUTION_STRESS,59,2026-05-11T00:20:59.999000+00:00,MUUSDT,,US_STOCK:2026-05-08T20:00:00+00:00:2026-05-11T08:00:00+00:00
FALSE_BREAKOUT,,0.0,D2-C1-R3-20m,EXECUTION_STRESS,59,2026-05-11T00:20:59.999000+00:00,MUUSDT,,US_STOCK:2026-05-08T20:00:00+00:00:2026-05-11T08:00:00+00:00
FALSE_BREAKOUT,,0.0,D2-C1-R3-30m,EXECUTION_STRESS,59,2026-05-11T00:20:59.999000+00:00,MUUSDT,,US_STOCK:2026-05-08T20:00:00+00:00:2026-05-11T08:00:00+00:00
FALSE_BREAKOUT,,0.0,D2-C2-R3-10m,EXECUTION_STRESS,59,2026-05-11T00:20:59.999000+00:00,MUUSDT,,US_STOCK:2026-05-08T20:00:00+00:00:2026-05-11T08:00:00+00:00
FALSE_BREAKOUT,,0.0,D2-C2-R3-20m,EXECUTION_STRESS,59,2026-05-11T00:20:59.999000+00:00,MUUSDT,,US_STOCK:2026-05-08T20:00:00+00:00:2026-05-11T08:00:00+00:00
FALSE_BREAKOUT,,0.0,D2-C2-R3-30m,EXECUTION_STRESS,59,2026-05-11T00:20:59.999000+00:00,MUUSDT,,US_STOCK:2026-05-08T20:00:00+00:00:2026-05-11T08:00:00+00:00
FALSE_BREAKOUT,,0.0,D2-C3-R3-10m,EXECUTION_STRESS,59,2026-05-11T00:20:59.999000+00:00,MUUSDT,,US_STOCK:2026-05-08T20:00:00+00:00:2026-05-11T08:00:00+00:00
FALSE_BREAKOUT,,0.0,D2-C3-R3-20m,EXECUTION_STRESS,59,2026-05-11T00:20:59.999000+00:00,MUUSDT,,US_STOCK:2026-05-08T20:00:00+00:00:2026-05-11T08:00:00+00:00
FALSE_BREAKOUT,,0.0,D2-C3-R3-30m,EXECUTION_STRESS,59,2026-05-11T00:20:59.999000+00:00,MUUSDT,,US_STOCK:2026-05-08T20:00:00+00:00:2026-05-11T08:00:00+00:00
FALSE_BREAKOUT,,0.0,D2-C1-R3-10m,EXECUTION_STRESS,97,2026-05-11T00:20:59.999000+00:00,MUUSDT,,US_STOCK:2026-05-08T20:00:00+00:00:2026-05-11T08:00:00+00:00
FALSE_BREAKOUT,,0.0,D2-C1-R3-20m,EXECUTION_STRESS,97,2026-05-11T00:20:59.999000+00:00,MUUSDT,,US_STOCK:2026-05-08T20:00:00+00:00:2026-05-11T08:00:00+00:00
FALSE_BREAKOUT,,0.0,D2-C1-R3-30m,EXECUTION_STRESS,97,2026-05-11T00:20:59.999000+00:00,MUUSDT,,US_STOCK:2026-05-08T20:00:00+00:00:2026-05-11T08:00:00+00:00
FALSE_BREAKOUT,,0.0,D2-C2-R3-10m,EXECUTION_STRESS,97,2026-05-11T00:20:59.999000+00:00,MUUSDT,,US_STOCK:2026-05-08T20:00:00+00:00:2026-05-11T08:00:00+00:00
FALSE_BREAKOUT,,0.0,D2-C2-R3-20m,EXECUTION_STRESS,97,2026-05-11T00:20:59.999000+00:00,MUUSDT,,US_STOCK:2026-05-08T20:00:00+00:00:2026-05-11T08:00:00+00:00
FALSE_BREAKOUT,,0.0,D2-C2-R3-30m,EXECUTION_STRESS,97,2026-05-11T00:20:59.999000+00:00,MUUSDT,,US_STOCK:2026-05-08T20:00:00+00:00:2026-05-11T08:00:00+00:00
FALSE_BREAKOUT,,0.0,D2-C3-R3-10m,EXECUTION_STRESS,97,2026-05-11T00:20:59.999000+00:00,MUUSDT,,US_STOCK:2026-05-08T20:00:00+00:00:2026-05-11T08:00:00+00:00
FALSE_BREAKOUT,,0.0,D2-C3-R3-20m,EXECUTION_STRESS,97,2026-05-11T00:20:59.999000+00:00,MUUSDT,,US_STOCK:2026-05-08T20:00:00+00:00:2026-05-11T08:00:00+00:00
FALSE_BREAKOUT,,0.0,D2-C3-R3-30m,EXECUTION_STRESS,97,2026-05-11T00:20:59.999000+00:00,MUUSDT,,US_STOCK:2026-05-08T20:00:00+00:00:2026-05-11T08:00:00+00:00
FALSE_BREAKOUT,,0.0,D2-C1-R3-10m,MAKER_PROMO_OFF,3,2026-05-11T00:20:59.999000+00:00,MUUSDT,,US_STOCK:2026-05-08T20:00:00+00:00:2026-05-11T08:00:00+00:00
FALSE_BREAKOUT,,0.0,D2-C1-R3-20m,MAKER_PROMO_OFF,3,2026-05-11T00:20:59.999000+00:00,MUUSDT,,US_STOCK:2026-05-08T20:00:00+00:00:2026-05-11T08:00:00+00:00
FALSE_BREAKOUT,,0.0,D2-C1-R3-30m,MAKER_PROMO_OFF,3,2026-05-11T00:20:59.999000+00:00,MUUSDT,,US_STOCK:2026-05-08T20:00:00+00:00:2026-05-11T08:00:00+00:00
FALSE_BREAKOUT,,0.0,D2-C2-R3-10m,MAKER_PROMO_OFF,3,2026-05-11T00:20:59.999000+00:00,MUUSDT,,US_STOCK:2026-05-08T20:00:00+00:00:2026-05-11T08:00:00+00:00
FALSE_BREAKOUT,,0.0,D2-C2-R3-20m,MAKER_PROMO_OFF,3,2026-05-11T00:20:59.999000+00:00,MUUSDT,,US_STOCK:2026-05-08T20:00:00+00:00:2026-05-11T08:00:00+00:00
FALSE_BREAKOUT,,0.0,D2-C2-R3-30m,MAKER_PROMO_OFF,3,2026-05-11T00:20:59.999000+00:00,MUUSDT,,US_STOCK:2026-05-08T20:00:00+00:00:2026-05-11T08:00:00+00:00
FALSE_BREAKOUT,,0.0,D2-C3-R3-10m,MAKER_PROMO_OFF,3,2026-05-11T00:20:59.999000+00:00,MUUSDT,,US_STOCK:2026-05-08T20:00:00+00:00:2026-05-11T08:00:00+00:00
FALSE_BREAKOUT,,0.0,D2-C3-R3-20m,MAKER_PROMO_OFF,3,2026-05-11T00:20:59.999000+00:00,MUUSDT,,US_STOCK:2026-05-08T20:00:00+00:00:2026-05-11T08:00:00+00:00
FALSE_BREAKOUT,,0.0,D2-C3-R3-30m,MAKER_PROMO_OFF,3,2026-05-11T00:20:59.999000+00:00,MUUSDT,,US_STOCK:2026-05-08T20:00:00+00:00:2026-05-11T08:00:00+00:00
FALSE_BREAKOUT,,0.0,D2-C1-R3-10m,MAKER_PROMO_OFF,10,2026-05-11T00:20:59.999000+00:00,MUUSDT,,US_STOCK:2026-05-08T20:00:00+00:00:2026-05-11T08:00:00+00:00
FALSE_BREAKOUT,,0.0,D2-C1-R3-20m,MAKER_PROMO_OFF,10,2026-05-11T00:20:59.999000+00:00,MUUSDT,,US_STOCK:2026-05-08T20:00:00+00:00:2026-05-11T08:00:00+00:00
FALSE_BREAKOUT,,0.0,D2-C1-R3-30m,MAKER_PROMO_OFF,10,2026-05-11T00:20:59.999000+00:00,MUUSDT,,US_STOCK:2026-05-08T20:00:00+00:00:2026-05-11T08:00:00+00:00
FALSE_BREAKOUT,,0.0,D2-C2-R3-10m,MAKER_PROMO_OFF,10,2026-05-11T00:20:59.999000+00:00,MUUSDT,,US_STOCK:2026-05-08T20:00:00+00:00:2026-05-11T08:00:00+00:00
FALSE_BREAKOUT,,0.0,D2-C2-R3-20m,MAKER_PROMO_OFF,10,2026-05-11T00:20:59.999000+00:00,MUUSDT,,US_STOCK:2026-05-08T20:00:00+00:00:2026-05-11T08:00:00+00:00
FALSE_BREAKOUT,,0.0,D2-C2-R3-30m,MAKER_PROMO_OFF,10,2026-05-11T00:20:59.999000+00:00,MUUSDT,,US_STOCK:2026-05-08T20:00:00+00:00:2026-05-11T08:00:00+00:00
FALSE_BREAKOUT,,0.0,D2-C3-R3-10m,MAKER_PROMO_OFF,10,2026-05-11T00:20:59.999000+00:00,MUUSDT,,US_STOCK:2026-05-08T20:00:00+00:00:2026-05-11T08:00:00+00:00
FALSE_BREAKOUT,,0.0,D2-C3-R3-20m,MAKER_PROMO_OFF,10,2026-05-11T00:20:59.999000+00:00,MUUSDT,,US_STOCK:2026-05-08T20:00:00+00:00:2026-05-11T08:00:00+00:00
FALSE_BREAKOUT,,0.0,D2-C3-R3-30m,MAKER_PROMO_OFF,10,2026-05-11T00:20:59.999000+00:00,MUUSDT,,US_STOCK:2026-05-08T20:00:00+00:00:2026-05-11T08:00:00+00:00
FALSE_BREAKOUT,,0.0,D2-C1-R3-10m,MAKER_PROMO_OFF,17,2026-05-11T00:20:59.999000+00:00,MUUSDT,,US_STOCK:2026-05-08T20:00:00+00:00:2026-05-11T08:00:00+00:00
FALSE_BREAKOUT,,0.0,D2-C1-R3-20m,MAKER_PROMO_OFF,17,2026-05-11T00:20:59.999000+00:00,MUUSDT,,US_STOCK:2026-05-08T20:00:00+00:00:2026-05-11T08:00:00+00:00
FALSE_BREAKOUT,,0.0,D2-C1-R3-30m,MAKER_PROMO_OFF,17,2026-05-11T00:20:59.999000+00:00,MUUSDT,,US_STOCK:2026-05-08T20:00:00+00:00:2026-05-11T08:00:00+00:00
FALSE_BREAKOUT,,0.0,D2-C2-R3-10m,MAKER_PROMO_OFF,17,2026-05-11T00:20:59.999000+00:00,MUUSDT,,US_STOCK:2026-05-08T20:00:00+00:00:2026-05-11T08:00:00+00:00
FALSE_BREAKOUT,,0.0,D2-C2-R3-20m,MAKER_PROMO_OFF,17,2026-05-11T00:20:59.999000+00:00,MUUSDT,,US_STOCK:2026-05-08T20:00:00+00:00:2026-05-11T08:00:00+00:00
FALSE_BREAKOUT,,0.0,D2-C2-R3-30m,MAKER_PROMO_OFF,17,2026-05-11T00:20:59.999000+00:00,MUUSDT,,US_STOCK:2026-05-08T20:00:00+00:00:2026-05-11T08:00:00+00:00
FALSE_BREAKOUT,,0.0,D2-C3-R3-10m,MAKER_PROMO_OFF,17,2026-05-11T00:20:59.999000+00:00,MUUSDT,,US_STOCK:2026-05-08T20:00:00+00:00:2026-05-11T08:00:00+00:00
FALSE_BREAKOUT,,0.0,D2-C3-R3-20m,MAKER_PROMO_OFF,17,2026-05-11T00:20:59.999000+00:00,MUUSDT,,US_STOCK:2026-05-08T20:00:00+00:00:2026-05-11T08:00:00+00:00
FALSE_BREAKOUT,,0.0,D2-C3-R3-30m,MAKER_PROMO_OFF,17,2026-05-11T00:20:59.999000+00:00,MUUSDT,,US_STOCK:2026-05-08T20:00:00+00:00:2026-05-11T08:00:00+00:00
FALSE_BREAKOUT,,0.0,D2-C1-R3-10m,MAKER_PROMO_OFF,31,2026-05-11T00:20:59.999000+00:00,MUUSDT,,US_STOCK:2026-05-08T20:00:00+00:00:2026-05-11T08:00:00+00:00
FALSE_BREAKOUT,,0.0,D2-C1-R3-20m,MAKER_PROMO_OFF,31,2026-05-11T00:20:59.999000+00:00,MUUSDT,,US_STOCK:2026-05-08T20:00:00+00:00:2026-05-11T08:00:00+00:00
FALSE_BREAKOUT,,0.0,D2-C1-R3-30m,MAKER_PROMO_OFF,31,2026-05-11T00:20:59.999000+00:00,MUUSDT,,US_STOCK:2026-05-08T20:00:00+00:00:2026-05-11T08:00:00+00:00
FALSE_BREAKOUT,,0.0,D2-C2-R3-10m,MAKER_PROMO_OFF,31,2026-05-11T00:20:59.999000+00:00,MUUSDT,,US_STOCK:2026-05-08T20:00:00+00:00:2026-05-11T08:00:00+00:00
FALSE_BREAKOUT,,0.0,D2-C2-R3-20m,MAKER_PROMO_OFF,31,2026-05-11T00:20:59.999000+00:00,MUUSDT,,US_STOCK:2026-05-08T20:00:00+00:00:2026-05-11T08:00:00+00:00
FALSE_BREAKOUT,,0.0,D2-C2-R3-30m,MAKER_PROMO_OFF,31,2026-05-11T00:20:59.999000+00:00,MUUSDT,,US_STOCK:2026-05-08T20:00:00+00:00:2026-05-11T08:00:00+00:00
FALSE_BREAKOUT,,0.0,D2-C3-R3-10m,MAKER_PROMO_OFF,31,2026-05-11T00:20:59.999000+00:00,MUUSDT,,US_STOCK:2026-05-08T20:00:00+00:00:2026-05-11T08:00:00+00:00
FALSE_BREAKOUT,,0.0,D2-C3-R3-20m,MAKER_PROMO_OFF,31,2026-05-11T00:20:59.999000+00:00,MUUSDT,,US_STOCK:2026-05-08T20:00:00+00:00:2026-05-11T08:00:00+00:00
FALSE_BREAKOUT,,0.0,D2-C3-R3-30m,MAKER_PROMO_OFF,31,2026-05-11T00:20:59.999000+00:00,MUUSDT,,US_STOCK:2026-05-08T20:00:00+00:00:2026-05-11T08:00:00+00:00
FALSE_BREAKOUT,,0.0,D2-C1-R3-10m,MAKER_PROMO_OFF,59,2026-05-11T00:20:59.999000+00:00,MUUSDT,,US_STOCK:2026-05-08T20:00:00+00:00:2026-05-11T08:00:00+00:00
FALSE_BREAKOUT,,0.0,D2-C1-R3-20m,MAKER_PROMO_OFF,59,2026-05-11T00:20:59.999000+00:00,MUUSDT,,US_STOCK:2026-05-08T20:00:00+00:00:2026-05-11T08:00:00+00:00
FALSE_BREAKOUT,,0.0,D2-C1-R3-30m,MAKER_PROMO_OFF,59,2026-05-11T00:20:59.999000+00:00,MUUSDT,,US_STOCK:2026-05-08T20:00:00+00:00:2026-05-11T08:00:00+00:00
FALSE_BREAKOUT,,0.0,D2-C2-R3-10m,MAKER_PROMO_OFF,59,2026-05-11T00:20:59.999000+00:00,MUUSDT,,US_STOCK:2026-05-08T20:00:00+00:00:2026-05-11T08:00:00+00:00
FALSE_BREAKOUT,,0.0,D2-C2-R3-20m,MAKER_PROMO_OFF,59,2026-05-11T00:20:59.999000+00:00,MUUSDT,,US_STOCK:2026-05-08T20:00:00+00:00:2026-05-11T08:00:00+00:00
FALSE_BREAKOUT,,0.0,D2-C2-R3-30m,MAKER_PROMO_OFF,59,2026-05-11T00:20:59.999000+00:00,MUUSDT,,US_STOCK:2026-05-08T20:00:00+00:00:2026-05-11T08:00:00+00:00
FALSE_BREAKOUT,,0.0,D2-C3-R3-10m,MAKER_PROMO_OFF,59,2026-05-11T00:20:59.999000+00:00,MUUSDT,,US_STOCK:2026-05-08T20:00:00+00:00:2026-05-11T08:00:00+00:00
FALSE_BREAKOUT,,0.0,D2-C3-R3-20m,MAKER_PROMO_OFF,59,2026-05-11T00:20:59.999000+00:00,MUUSDT,,US_STOCK:2026-05-08T20:00:00+00:00:2026-05-11T08:00:00+00:00
FALSE_BREAKOUT,,0.0,D2-C3-R3-30m,MAKER_PROMO_OFF,59,2026-05-11T00:20:59.999000+00:00,MUUSDT,,US_STOCK:2026-05-08T20:00:00+00:00:2026-05-11T08:00:00+00:00
FALSE_BREAKOUT,,0.0,D2-C1-R3-10m,MAKER_PROMO_OFF,97,2026-05-11T00:20:59.999000+00:00,MUUSDT,,US_STOCK:2026-05-08T20:00:00+00:00:2026-05-11T08:00:00+00:00
FALSE_BREAKOUT,,0.0,D2-C1-R3-20m,MAKER_PROMO_OFF,97,2026-05-11T00:20:59.999000+00:00,MUUSDT,,US_STOCK:2026-05-08T20:00:00+00:00:2026-05-11T08:00:00+00:00
FALSE_BREAKOUT,,0.0,D2-C1-R3-30m,MAKER_PROMO_OFF,97,2026-05-11T00:20:59.999000+00:00,MUUSDT,,US_STOCK:2026-05-08T20:00:00+00:00:2026-05-11T08:00:00+00:00
FALSE_BREAKOUT,,0.0,D2-C2-R3-10m,MAKER_PROMO_OFF,97,2026-05-11T00:20:59.999000+00:00,MUUSDT,,US_STOCK:2026-05-08T20:00:00+00:00:2026-05-11T08:00:00+00:00
FALSE_BREAKOUT,,0.0,D2-C2-R3-20m,MAKER_PROMO_OFF,97,2026-05-11T00:20:59.999000+00:00,MUUSDT,,US_STOCK:2026-05-08T20:00:00+00:00:2026-05-11T08:00:00+00:00
FALSE_BREAKOUT,,0.0,D2-C2-R3-30m,MAKER_PROMO_OFF,97,2026-05-11T00:20:59.999000+00:00,MUUSDT,,US_STOCK:2026-05-08T20:00:00+00:00:2026-05-11T08:00:00+00:00
FALSE_BREAKOUT,,0.0,D2-C3-R3-10m,MAKER_PROMO_OFF,97,2026-05-11T00:20:59.999000+00:00,MUUSDT,,US_STOCK:2026-05-08T20:00:00+00:00:2026-05-11T08:00:00+00:00
FALSE_BREAKOUT,,0.0,D2-C3-R3-20m,MAKER_PROMO_OFF,97,2026-05-11T00:20:59.999000+00:00,MUUSDT,,US_STOCK:2026-05-08T20:00:00+00:00:2026-05-11T08:00:00+00:00
FALSE_BREAKOUT,,0.0,D2-C3-R3-30m,MAKER_PROMO_OFF,97,2026-05-11T00:20:59.999000+00:00,MUUSDT,,US_STOCK:2026-05-08T20:00:00+00:00:2026-05-11T08:00:00+00:00
FALSE_BREAKOUT,2026-05-30T07:50:59.999000+00:00,2.882753371262856,D2-C1-R3-10m,PRIMARY_ZERO_MAKER,3,2026-05-30T07:40:59.999000+00:00,MUUSDT,10,US_STOCK:2026-05-29T20:00:00+00:00:2026-06-01T08:00:00+00:00
FALSE_BREAKOUT,,0.0,D2-C1-R3-20m,PRIMARY_ZERO_MAKER,3,2026-05-30T07:40:59.999000+00:00,MUUSDT,,US_STOCK:2026-05-29T20:00:00+00:00:2026-06-01T08:00:00+00:00
FALSE_BREAKOUT,,0.0,D2-C1-R3-30m,PRIMARY_ZERO_MAKER,3,2026-05-30T07:40:59.999000+00:00,MUUSDT,,US_STOCK:2026-05-29T20:00:00+00:00:2026-06-01T08:00:00+00:00
FALSE_BREAKOUT,2026-05-30T07:50:59.999000+00:00,2.882753371262856,D2-C2-R3-10m,PRIMARY_ZERO_MAKER,3,2026-05-30T07:40:59.999000+00:00,MUUSDT,10,US_STOCK:2026-05-29T20:00:00+00:00:2026-06-01T08:00:00+00:00
FALSE_BREAKOUT,,0.0,D2-C2-R3-20m,PRIMARY_ZERO_MAKER,3,2026-05-30T07:40:59.999000+00:00,MUUSDT,,US_STOCK:2026-05-29T20:00:00+00:00:2026-06-01T08:00:00+00:00
FALSE_BREAKOUT,,0.0,D2-C2-R3-30m,PRIMARY_ZERO_MAKER,3,2026-05-30T07:40:59.999000+00:00,MUUSDT,,US_STOCK:2026-05-29T20:00:00+00:00:2026-06-01T08:00:00+00:00
FALSE_BREAKOUT,2026-05-30T07:50:59.999000+00:00,2.882753371262856,D2-C3-R3-10m,PRIMARY_ZERO_MAKER,3,2026-05-30T07:40:59.999000+00:00,MUUSDT,10,US_STOCK:2026-05-29T20:00:00+00:00:2026-06-01T08:00:00+00:00
FALSE_BREAKOUT,,0.0,D2-C3-R3-20m,PRIMARY_ZERO_MAKER,3,2026-05-30T07:40:59.999000+00:00,MUUSDT,,US_STOCK:2026-05-29T20:00:00+00:00:2026-06-01T08:00:00+00:00
FALSE_BREAKOUT,,0.0,D2-C3-R3-30m,PRIMARY_ZERO_MAKER,3,2026-05-30T07:40:59.999000+00:00,MUUSDT,,US_STOCK:2026-05-29T20:00:00+00:00:2026-06-01T08:00:00+00:00
FALSE_BREAKOUT,2026-05-30T07:50:59.999000+00:00,2.882753371262856,D2-C1-R3-10m,PRIMARY_ZERO_MAKER,10,2026-05-30T07:40:59.999000+00:00,MUUSDT,10,US_STOCK:2026-05-29T20:00:00+00:00:2026-06-01T08:00:00+00:00
FALSE_BREAKOUT,,0.0,D2-C1-R3-20m,PRIMARY_ZERO_MAKER,10,2026-05-30T07:40:59.999000+00:00,MUUSDT,,US_STOCK:2026-05-29T20:00:00+00:00:2026-06-01T08:00:00+00:00
FALSE_BREAKOUT,,0.0,D2-C1-R3-30m,PRIMARY_ZERO_MAKER,10,2026-05-30T07:40:59.999000+00:00,MUUSDT,,US_STOCK:2026-05-29T20:00:00+00:00:2026-06-01T08:00:00+00:00
FALSE_BREAKOUT,2026-05-30T07:50:59.999000+00:00,2.882753371262856,D2-C2-R3-10m,PRIMARY_ZERO_MAKER,10,2026-05-30T07:40:59.999000+00:00,MUUSDT,10,US_STOCK:2026-05-29T20:00:00+00:00:2026-06-01T08:00:00+00:00
FALSE_BREAKOUT,,0.0,D2-C2-R3-20m,PRIMARY_ZERO_MAKER,10,2026-05-30T07:40:59.999000+00:00,MUUSDT,,US_STOCK:2026-05-29T20:00:00+00:00:2026-06-01T08:00:00+00:00
FALSE_BREAKOUT,,0.0,D2-C2-R3-30m,PRIMARY_ZERO_MAKER,10,2026-05-30T07:40:59.999000+00:00,MUUSDT,,US_STOCK:2026-05-29T20:00:00+00:00:2026-06-01T08:00:00+00:00
FALSE_BREAKOUT,2026-05-30T07:50:59.999000+00:00,2.882753371262856,D2-C3-R3-10m,PRIMARY_ZERO_MAKER,10,2026-05-30T07:40:59.999000+00:00,MUUSDT,10,US_STOCK:2026-05-29T20:00:00+00:00:2026-06-01T08:00:00+00:00
FALSE_BREAKOUT,,0.0,D2-C3-R3-20m,PRIMARY_ZERO_MAKER,10,2026-05-30T07:40:59.999000+00:00,MUUSDT,,US_STOCK:2026-05-29T20:00:00+00:00:2026-06-01T08:00:00+00:00
FALSE_BREAKOUT,,0.0,D2-C3-R3-30m,PRIMARY_ZERO_MAKER,10,2026-05-30T07:40:59.999000+00:00,MUUSDT,,US_STOCK:2026-05-29T20:00:00+00:00:2026-06-01T08:00:00+00:00
FALSE_BREAKOUT,2026-05-30T07:50:59.999000+00:00,2.882753371262856,D2-C1-R3-10m,PRIMARY_ZERO_MAKER,17,2026-05-30T07:40:59.999000+00:00,MUUSDT,10,US_STOCK:2026-05-29T20:00:00+00:00:2026-06-01T08:00:00+00:00
FALSE_BREAKOUT,,0.0,D2-C1-R3-20m,PRIMARY_ZERO_MAKER,17,2026-05-30T07:40:59.999000+00:00,MUUSDT,,US_STOCK:2026-05-29T20:00:00+00:00:2026-06-01T08:00:00+00:00
FALSE_BREAKOUT,,0.0,D2-C1-R3-30m,PRIMARY_ZERO_MAKER,17,2026-05-30T07:40:59.999000+00:00,MUUSDT,,US_STOCK:2026-05-29T20:00:00+00:00:2026-06-01T08:00:00+00:00
FALSE_BREAKOUT,2026-05-30T07:50:59.999000+00:00,2.882753371262856,D2-C2-R3-10m,PRIMARY_ZERO_MAKER,17,2026-05-30T07:40:59.999000+00:00,MUUSDT,10,US_STOCK:2026-05-29T20:00:00+00:00:2026-06-01T08:00:00+00:00
FALSE_BREAKOUT,,0.0,D2-C2-R3-20m,PRIMARY_ZERO_MAKER,17,2026-05-30T07:40:59.999000+00:00,MUUSDT,,US_STOCK:2026-05-29T20:00:00+00:00:2026-06-01T08:00:00+00:00
FALSE_BREAKOUT,,0.0,D2-C2-R3-30m,PRIMARY_ZERO_MAKER,17,2026-05-30T07:40:59.999000+00:00,MUUSDT,,US_STOCK:2026-05-29T20:00:00+00:00:2026-06-01T08:00:00+00:00
FALSE_BREAKOUT,2026-05-30T07:50:59.999000+00:00,2.882753371262856,D2-C3-R3-10m,PRIMARY_ZERO_MAKER,17,2026-05-30T07:40:59.999000+00:00,MUUSDT,10,US_STOCK:2026-05-29T20:00:00+00:00:2026-06-01T08:00:00+00:00
FALSE_BREAKOUT,,0.0,D2-C3-R3-20m,PRIMARY_ZERO_MAKER,17,2026-05-30T07:40:59.999000+00:00,MUUSDT,,US_STOCK:2026-05-29T20:00:00+00:00:2026-06-01T08:00:00+00:00
FALSE_BREAKOUT,,0.0,D2-C3-R3-30m,PRIMARY_ZERO_MAKER,17,2026-05-30T07:40:59.999000+00:00,MUUSDT,,US_STOCK:2026-05-29T20:00:00+00:00:2026-06-01T08:00:00+00:00
FALSE_BREAKOUT,2026-05-30T07:50:59.999000+00:00,2.882753371262856,D2-C1-R3-10m,PRIMARY_ZERO_MAKER,31,2026-05-30T07:40:59.999000+00:00,MUUSDT,10,US_STOCK:2026-05-29T20:00:00+00:00:2026-06-01T08:00:00+00:00
FALSE_BREAKOUT,,0.0,D2-C1-R3-20m,PRIMARY_ZERO_MAKER,31,2026-05-30T07:40:59.999000+00:00,MUUSDT,,US_STOCK:2026-05-29T20:00:00+00:00:2026-06-01T08:00:00+00:00
FALSE_BREAKOUT,,0.0,D2-C1-R3-30m,PRIMARY_ZERO_MAKER,31,2026-05-30T07:40:59.999000+00:00,MUUSDT,,US_STOCK:2026-05-29T20:00:00+00:00:2026-06-01T08:00:00+00:00
FALSE_BREAKOUT,2026-05-30T07:50:59.999000+00:00,2.882753371262856,D2-C2-R3-10m,PRIMARY_ZERO_MAKER,31,2026-05-30T07:40:59.999000+00:00,MUUSDT,10,US_STOCK:2026-05-29T20:00:00+00:00:2026-06-01T08:00:00+00:00
FALSE_BREAKOUT,,0.0,D2-C2-R3-20m,PRIMARY_ZERO_MAKER,31,2026-05-30T07:40:59.999000+00:00,MUUSDT,,US_STOCK:2026-05-29T20:00:00+00:00:2026-06-01T08:00:00+00:00
FALSE_BREAKOUT,,0.0,D2-C2-R3-30m,PRIMARY_ZERO_MAKER,31,2026-05-30T07:40:59.999000+00:00,MUUSDT,,US_STOCK:2026-05-29T20:00:00+00:00:2026-06-01T08:00:00+00:00
FALSE_BREAKOUT,2026-05-30T07:50:59.999000+00:00,2.882753371262856,D2-C3-R3-10m,PRIMARY_ZERO_MAKER,31,2026-05-30T07:40:59.999000+00:00,MUUSDT,10,US_STOCK:2026-05-29T20:00:00+00:00:2026-06-01T08:00:00+00:00
FALSE_BREAKOUT,,0.0,D2-C3-R3-20m,PRIMARY_ZERO_MAKER,31,2026-05-30T07:40:59.999000+00:00,MUUSDT,,US_STOCK:2026-05-29T20:00:00+00:00:2026-06-01T08:00:00+00:00
FALSE_BREAKOUT,,0.0,D2-C3-R3-30m,PRIMARY_ZERO_MAKER,31,2026-05-30T07:40:59.999000+00:00,MUUSDT,,US_STOCK:2026-05-29T20:00:00+00:00:2026-06-01T08:00:00+00:00
FALSE_BREAKOUT,2026-05-30T07:50:59.999000+00:00,2.882753371262856,D2-C1-R3-10m,PRIMARY_ZERO_MAKER,59,2026-05-30T07:40:59.999000+00:00,MUUSDT,10,US_STOCK:2026-05-29T20:00:00+00:00:2026-06-01T08:00:00+00:00
FALSE_BREAKOUT,,0.0,D2-C1-R3-20m,PRIMARY_ZERO_MAKER,59,2026-05-30T07:40:59.999000+00:00,MUUSDT,,US_STOCK:2026-05-29T20:00:00+00:00:2026-06-01T08:00:00+00:00
FALSE_BREAKOUT,,0.0,D2-C1-R3-30m,PRIMARY_ZERO_MAKER,59,2026-05-30T07:40:59.999000+00:00,MUUSDT,,US_STOCK:2026-05-29T20:00:00+00:00:2026-06-01T08:00:00+00:00
FALSE_BREAKOUT,2026-05-30T07:50:59.999000+00:00,2.882753371262856,D2-C2-R3-10m,PRIMARY_ZERO_MAKER,59,2026-05-30T07:40:59.999000+00:00,MUUSDT,10,US_STOCK:2026-05-29T20:00:00+00:00:2026-06-01T08:00:00+00:00
FALSE_BREAKOUT,,0.0,D2-C2-R3-20m,PRIMARY_ZERO_MAKER,59,2026-05-30T07:40:59.999000+00:00,MUUSDT,,US_STOCK:2026-05-29T20:00:00+00:00:2026-06-01T08:00:00+00:00
FALSE_BREAKOUT,,0.0,D2-C2-R3-30m,PRIMARY_ZERO_MAKER,59,2026-05-30T07:40:59.999000+00:00,MUUSDT,,US_STOCK:2026-05-29T20:00:00+00:00:2026-06-01T08:00:00+00:00
FALSE_BREAKOUT,2026-05-30T07:50:59.999000+00:00,2.882753371262856,D2-C3-R3-10m,PRIMARY_ZERO_MAKER,59,2026-05-30T07:40:59.999000+00:00,MUUSDT,10,US_STOCK:2026-05-29T20:00:00+00:00:2026-06-01T08:00:00+00:00
FALSE_BREAKOUT,,0.0,D2-C3-R3-20m,PRIMARY_ZERO_MAKER,59,2026-05-30T07:40:59.999000+00:00,MUUSDT,,US_STOCK:2026-05-29T20:00:00+00:00:2026-06-01T08:00:00+00:00
FALSE_BREAKOUT,,0.0,D2-C3-R3-30m,PRIMARY_ZERO_MAKER,59,2026-05-30T07:40:59.999000+00:00,MUUSDT,,US_STOCK:2026-05-29T20:00:00+00:00:2026-06-01T08:00:00+00:00
FALSE_BREAKOUT,2026-05-30T07:50:59.999000+00:00,2.882753371262856,D2-C1-R3-10m,PRIMARY_ZERO_MAKER,97,2026-05-30T07:40:59.999000+00:00,MUUSDT,10,US_STOCK:2026-05-29T20:00:00+00:00:2026-06-01T08:00:00+00:00
FALSE_BREAKOUT,,0.0,D2-C1-R3-20m,PRIMARY_ZERO_MAKER,97,2026-05-30T07:40:59.999000+00:00,MUUSDT,,US_STOCK:2026-05-29T20:00:00+00:00:2026-06-01T08:00:00+00:00
FALSE_BREAKOUT,,0.0,D2-C1-R3-30m,PRIMARY_ZERO_MAKER,97,2026-05-30T07:40:59.999000+00:00,MUUSDT,,US_STOCK:2026-05-29T20:00:00+00:00:2026-06-01T08:00:00+00:00
FALSE_BREAKOUT,2026-05-30T07:50:59.999000+00:00,2.882753371262856,D2-C2-R3-10m,PRIMARY_ZERO_MAKER,97,2026-05-30T07:40:59.999000+00:00,MUUSDT,10,US_STOCK:2026-05-29T20:00:00+00:00:2026-06-01T08:00:00+00:00
FALSE_BREAKOUT,,0.0,D2-C2-R3-20m,PRIMARY_ZERO_MAKER,97,2026-05-30T07:40:59.999000+00:00,MUUSDT,,US_STOCK:2026-05-29T20:00:00+00:00:2026-06-01T08:00:00+00:00
FALSE_BREAKOUT,,0.0,D2-C2-R3-30m,PRIMARY_ZERO_MAKER,97,2026-05-30T07:40:59.999000+00:00,MUUSDT,,US_STOCK:2026-05-29T20:00:00+00:00:2026-06-01T08:00:00+00:00
FALSE_BREAKOUT,2026-05-30T07:50:59.999000+00:00,2.882753371262856,D2-C3-R3-10m,PRIMARY_ZERO_MAKER,97,2026-05-30T07:40:59.999000+00:00,MUUSDT,10,US_STOCK:2026-05-29T20:00:00+00:00:2026-06-01T08:00:00+00:00
FALSE_BREAKOUT,,0.0,D2-C3-R3-20m,PRIMARY_ZERO_MAKER,97,2026-05-30T07:40:59.999000+00:00,MUUSDT,,US_STOCK:2026-05-29T20:00:00+00:00:2026-06-01T08:00:00+00:00
FALSE_BREAKOUT,,0.0,D2-C3-R3-30m,PRIMARY_ZERO_MAKER,97,2026-05-30T07:40:59.999000+00:00,MUUSDT,,US_STOCK:2026-05-29T20:00:00+00:00:2026-06-01T08:00:00+00:00
FALSE_BREAKOUT,2026-05-30T07:50:59.999000+00:00,2.882753371262856,D2-C1-R3-10m,EXECUTION_STRESS,3,2026-05-30T07:40:59.999000+00:00,MUUSDT,10,US_STOCK:2026-05-29T20:00:00+00:00:2026-06-01T08:00:00+00:00
FALSE_BREAKOUT,,0.0,D2-C1-R3-20m,EXECUTION_STRESS,3,2026-05-30T07:40:59.999000+00:00,MUUSDT,,US_STOCK:2026-05-29T20:00:00+00:00:2026-06-01T08:00:00+00:00
FALSE_BREAKOUT,,0.0,D2-C1-R3-30m,EXECUTION_STRESS,3,2026-05-30T07:40:59.999000+00:00,MUUSDT,,US_STOCK:2026-05-29T20:00:00+00:00:2026-06-01T08:00:00+00:00
FALSE_BREAKOUT,2026-05-30T07:50:59.999000+00:00,2.882753371262856,D2-C2-R3-10m,EXECUTION_STRESS,3,2026-05-30T07:40:59.999000+00:00,MUUSDT,10,US_STOCK:2026-05-29T20:00:00+00:00:2026-06-01T08:00:00+00:00
FALSE_BREAKOUT,,0.0,D2-C2-R3-20m,EXECUTION_STRESS,3,2026-05-30T07:40:59.999000+00:00,MUUSDT,,US_STOCK:2026-05-29T20:00:00+00:00:2026-06-01T08:00:00+00:00
FALSE_BREAKOUT,,0.0,D2-C2-R3-30m,EXECUTION_STRESS,3,2026-05-30T07:40:59.999000+00:00,MUUSDT,,US_STOCK:2026-05-29T20:00:00+00:00:2026-06-01T08:00:00+00:00
FALSE_BREAKOUT,2026-05-30T07:50:59.999000+00:00,2.882753371262856,D2-C3-R3-10m,EXECUTION_STRESS,3,2026-05-30T07:40:59.999000+00:00,MUUSDT,10,US_STOCK:2026-05-29T20:00:00+00:00:2026-06-01T08:00:00+00:00
FALSE_BREAKOUT,,0.0,D2-C3-R3-20m,EXECUTION_STRESS,3,2026-05-30T07:40:59.999000+00:00,MUUSDT,,US_STOCK:2026-05-29T20:00:00+00:00:2026-06-01T08:00:00+00:00
FALSE_BREAKOUT,,0.0,D2-C3-R3-30m,EXECUTION_STRESS,3,2026-05-30T07:40:59.999000+00:00,MUUSDT,,US_STOCK:2026-05-29T20:00:00+00:00:2026-06-01T08:00:00+00:00
FALSE_BREAKOUT,2026-05-30T07:50:59.999000+00:00,2.882753371262856,D2-C1-R3-10m,EXECUTION_STRESS,10,2026-05-30T07:40:59.999000+00:00,MUUSDT,10,US_STOCK:2026-05-29T20:00:00+00:00:2026-06-01T08:00:00+00:00
FALSE_BREAKOUT,,0.0,D2-C1-R3-20m,EXECUTION_STRESS,10,2026-05-30T07:40:59.999000+00:00,MUUSDT,,US_STOCK:2026-05-29T20:00:00+00:00:2026-06-01T08:00:00+00:00
FALSE_BREAKOUT,,0.0,D2-C1-R3-30m,EXECUTION_STRESS,10,2026-05-30T07:40:59.999000+00:00,MUUSDT,,US_STOCK:2026-05-29T20:00:00+00:00:2026-06-01T08:00:00+00:00
FALSE_BREAKOUT,2026-05-30T07:50:59.999000+00:00,2.882753371262856,D2-C2-R3-10m,EXECUTION_STRESS,10,2026-05-30T07:40:59.999000+00:00,MUUSDT,10,US_STOCK:2026-05-29T20:00:00+00:00:2026-06-01T08:00:00+00:00
FALSE_BREAKOUT,,0.0,D2-C2-R3-20m,EXECUTION_STRESS,10,2026-05-30T07:40:59.999000+00:00,MUUSDT,,US_STOCK:2026-05-29T20:00:00+00:00:2026-06-01T08:00:00+00:00
FALSE_BREAKOUT,,0.0,D2-C2-R3-30m,EXECUTION_STRESS,10,2026-05-30T07:40:59.999000+00:00,MUUSDT,,US_STOCK:2026-05-29T20:00:00+00:00:2026-06-01T08:00:00+00:00
FALSE_BREAKOUT,2026-05-30T07:50:59.999000+00:00,2.882753371262856,D2-C3-R3-10m,EXECUTION_STRESS,10,2026-05-30T07:40:59.999000+00:00,MUUSDT,10,US_STOCK:2026-05-29T20:00:00+00:00:2026-06-01T08:00:00+00:00
FALSE_BREAKOUT,,0.0,D2-C3-R3-20m,EXECUTION_STRESS,10,2026-05-30T07:40:59.999000+00:00,MUUSDT,,US_STOCK:2026-05-29T20:00:00+00:00:2026-06-01T08:00:00+00:00
FALSE_BREAKOUT,,0.0,D2-C3-R3-30m,EXECUTION_STRESS,10,2026-05-30T07:40:59.999000+00:00,MUUSDT,,US_STOCK:2026-05-29T20:00:00+00:00:2026-06-01T08:00:00+00:00
FALSE_BREAKOUT,2026-05-30T07:50:59.999000+00:00,2.882753371262856,D2-C1-R3-10m,EXECUTION_STRESS,17,2026-05-30T07:40:59.999000+00:00,MUUSDT,10,US_STOCK:2026-05-29T20:00:00+00:00:2026-06-01T08:00:00+00:00
FALSE_BREAKOUT,,0.0,D2-C1-R3-20m,EXECUTION_STRESS,17,2026-05-30T07:40:59.999000+00:00,MUUSDT,,US_STOCK:2026-05-29T20:00:00+00:00:2026-06-01T08:00:00+00:00
FALSE_BREAKOUT,,0.0,D2-C1-R3-30m,EXECUTION_STRESS,17,2026-05-30T07:40:59.999000+00:00,MUUSDT,,US_STOCK:2026-05-29T20:00:00+00:00:2026-06-01T08:00:00+00:00
FALSE_BREAKOUT,2026-05-30T07:50:59.999000+00:00,2.882753371262856,D2-C2-R3-10m,EXECUTION_STRESS,17,2026-05-30T07:40:59.999000+00:00,MUUSDT,10,US_STOCK:2026-05-29T20:00:00+00:00:2026-06-01T08:00:00+00:00
FALSE_BREAKOUT,,0.0,D2-C2-R3-20m,EXECUTION_STRESS,17,2026-05-30T07:40:59.999000+00:00,MUUSDT,,US_STOCK:2026-05-29T20:00:00+00:00:2026-06-01T08:00:00+00:00
FALSE_BREAKOUT,,0.0,D2-C2-R3-30m,EXECUTION_STRESS,17,2026-05-30T07:40:59.999000+00:00,MUUSDT,,US_STOCK:2026-05-29T20:00:00+00:00:2026-06-01T08:00:00+00:00
FALSE_BREAKOUT,2026-05-30T07:50:59.999000+00:00,2.882753371262856,D2-C3-R3-10m,EXECUTION_STRESS,17,2026-05-30T07:40:59.999000+00:00,MUUSDT,10,US_STOCK:2026-05-29T20:00:00+00:00:2026-06-01T08:00:00+00:00
FALSE_BREAKOUT,,0.0,D2-C3-R3-20m,EXECUTION_STRESS,17,2026-05-30T07:40:59.999000+00:00,MUUSDT,,US_STOCK:2026-05-29T20:00:00+00:00:2026-06-01T08:00:00+00:00
FALSE_BREAKOUT,,0.0,D2-C3-R3-30m,EXECUTION_STRESS,17,2026-05-30T07:40:59.999000+00:00,MUUSDT,,US_STOCK:2026-05-29T20:00:00+00:00:2026-06-01T08:00:00+00:00
FALSE_BREAKOUT,2026-05-30T07:50:59.999000+00:00,2.882753371262856,D2-C1-R3-10m,EXECUTION_STRESS,31,2026-05-30T07:40:59.999000+00:00,MUUSDT,10,US_STOCK:2026-05-29T20:00:00+00:00:2026-06-01T08:00:00+00:00
FALSE_BREAKOUT,,0.0,D2-C1-R3-20m,EXECUTION_STRESS,31,2026-05-30T07:40:59.999000+00:00,MUUSDT,,US_STOCK:2026-05-29T20:00:00+00:00:2026-06-01T08:00:00+00:00
FALSE_BREAKOUT,,0.0,D2-C1-R3-30m,EXECUTION_STRESS,31,2026-05-30T07:40:59.999000+00:00,MUUSDT,,US_STOCK:2026-05-29T20:00:00+00:00:2026-06-01T08:00:00+00:00
FALSE_BREAKOUT,2026-05-30T07:50:59.999000+00:00,2.882753371262856,D2-C2-R3-10m,EXECUTION_STRESS,31,2026-05-30T07:40:59.999000+00:00,MUUSDT,10,US_STOCK:2026-05-29T20:00:00+00:00:2026-06-01T08:00:00+00:00
FALSE_BREAKOUT,,0.0,D2-C2-R3-20m,EXECUTION_STRESS,31,2026-05-30T07:40:59.999000+00:00,MUUSDT,,US_STOCK:2026-05-29T20:00:00+00:00:2026-06-01T08:00:00+00:00
FALSE_BREAKOUT,,0.0,D2-C2-R3-30m,EXECUTION_STRESS,31,2026-05-30T07:40:59.999000+00:00,MUUSDT,,US_STOCK:2026-05-29T20:00:00+00:00:2026-06-01T08:00:00+00:00
FALSE_BREAKOUT,2026-05-30T07:50:59.999000+00:00,2.882753371262856,D2-C3-R3-10m,EXECUTION_STRESS,31,2026-05-30T07:40:59.999000+00:00,MUUSDT,10,US_STOCK:2026-05-29T20:00:00+00:00:2026-06-01T08:00:00+00:00
FALSE_BREAKOUT,,0.0,D2-C3-R3-20m,EXECUTION_STRESS,31,2026-05-30T07:40:59.999000+00:00,MUUSDT,,US_STOCK:2026-05-29T20:00:00+00:00:2026-06-01T08:00:00+00:00
FALSE_BREAKOUT,,0.0,D2-C3-R3-30m,EXECUTION_STRESS,31,2026-05-30T07:40:59.999000+00:00,MUUSDT,,US_STOCK:2026-05-29T20:00:00+00:00:2026-06-01T08:00:00+00:00
FALSE_BREAKOUT,2026-05-30T07:50:59.999000+00:00,2.882753371262856,D2-C1-R3-10m,EXECUTION_STRESS,59,2026-05-30T07:40:59.999000+00:00,MUUSDT,10,US_STOCK:2026-05-29T20:00:00+00:00:2026-06-01T08:00:00+00:00
FALSE_BREAKOUT,,0.0,D2-C1-R3-20m,EXECUTION_STRESS,59,2026-05-30T07:40:59.999000+00:00,MUUSDT,,US_STOCK:2026-05-29T20:00:00+00:00:2026-06-01T08:00:00+00:00
FALSE_BREAKOUT,,0.0,D2-C1-R3-30m,EXECUTION_STRESS,59,2026-05-30T07:40:59.999000+00:00,MUUSDT,,US_STOCK:2026-05-29T20:00:00+00:00:2026-06-01T08:00:00+00:00
FALSE_BREAKOUT,2026-05-30T07:50:59.999000+00:00,2.882753371262856,D2-C2-R3-10m,EXECUTION_STRESS,59,2026-05-30T07:40:59.999000+00:00,MUUSDT,10,US_STOCK:2026-05-29T20:00:00+00:00:2026-06-01T08:00:00+00:00
FALSE_BREAKOUT,,0.0,D2-C2-R3-20m,EXECUTION_STRESS,59,2026-05-30T07:40:59.999000+00:00,MUUSDT,,US_STOCK:2026-05-29T20:00:00+00:00:2026-06-01T08:00:00+00:00
FALSE_BREAKOUT,,0.0,D2-C2-R3-30m,EXECUTION_STRESS,59,2026-05-30T07:40:59.999000+00:00,MUUSDT,,US_STOCK:2026-05-29T20:00:00+00:00:2026-06-01T08:00:00+00:00
FALSE_BREAKOUT,2026-05-30T07:50:59.999000+00:00,2.882753371262856,D2-C3-R3-10m,EXECUTION_STRESS,59,2026-05-30T07:40:59.999000+00:00,MUUSDT,10,US_STOCK:2026-05-29T20:00:00+00:00:2026-06-01T08:00:00+00:00
FALSE_BREAKOUT,,0.0,D2-C3-R3-20m,EXECUTION_STRESS,59,2026-05-30T07:40:59.999000+00:00,MUUSDT,,US_STOCK:2026-05-29T20:00:00+00:00:2026-06-01T08:00:00+00:00
FALSE_BREAKOUT,,0.0,D2-C3-R3-30m,EXECUTION_STRESS,59,2026-05-30T07:40:59.999000+00:00,MUUSDT,,US_STOCK:2026-05-29T20:00:00+00:00:2026-06-01T08:00:00+00:00
FALSE_BREAKOUT,2026-05-30T07:50:59.999000+00:00,2.882753371262856,D2-C1-R3-10m,EXECUTION_STRESS,97,2026-05-30T07:40:59.999000+00:00,MUUSDT,10,US_STOCK:2026-05-29T20:00:00+00:00:2026-06-01T08:00:00+00:00
FALSE_BREAKOUT,,0.0,D2-C1-R3-20m,EXECUTION_STRESS,97,2026-05-30T07:40:59.999000+00:00,MUUSDT,,US_STOCK:2026-05-29T20:00:00+00:00:2026-06-01T08:00:00+00:00
FALSE_BREAKOUT,,0.0,D2-C1-R3-30m,EXECUTION_STRESS,97,2026-05-30T07:40:59.999000+00:00,MUUSDT,,US_STOCK:2026-05-29T20:00:00+00:00:2026-06-01T08:00:00+00:00
FALSE_BREAKOUT,2026-05-30T07:50:59.999000+00:00,2.882753371262856,D2-C2-R3-10m,EXECUTION_STRESS,97,2026-05-30T07:40:59.999000+00:00,MUUSDT,10,US_STOCK:2026-05-29T20:00:00+00:00:2026-06-01T08:00:00+00:00
FALSE_BREAKOUT,,0.0,D2-C2-R3-20m,EXECUTION_STRESS,97,2026-05-30T07:40:59.999000+00:00,MUUSDT,,US_STOCK:2026-05-29T20:00:00+00:00:2026-06-01T08:00:00+00:00
FALSE_BREAKOUT,,0.0,D2-C2-R3-30m,EXECUTION_STRESS,97,2026-05-30T07:40:59.999000+00:00,MUUSDT,,US_STOCK:2026-05-29T20:00:00+00:00:2026-06-01T08:00:00+00:00
FALSE_BREAKOUT,2026-05-30T07:50:59.999000+00:00,2.882753371262856,D2-C3-R3-10m,EXECUTION_STRESS,97,2026-05-30T07:40:59.999000+00:00,MUUSDT,10,US_STOCK:2026-05-29T20:00:00+00:00:2026-06-01T08:00:00+00:00
FALSE_BREAKOUT,,0.0,D2-C3-R3-20m,EXECUTION_STRESS,97,2026-05-30T07:40:59.999000+00:00,MUUSDT,,US_STOCK:2026-05-29T20:00:00+00:00:2026-06-01T08:00:00+00:00
FALSE_BREAKOUT,,0.0,D2-C3-R3-30m,EXECUTION_STRESS,97,2026-05-30T07:40:59.999000+00:00,MUUSDT,,US_STOCK:2026-05-29T20:00:00+00:00:2026-06-01T08:00:00+00:00
FALSE_BREAKOUT,2026-05-30T07:50:59.999000+00:00,2.882753371262856,D2-C1-R3-10m,MAKER_PROMO_OFF,3,2026-05-30T07:40:59.999000+00:00,MUUSDT,10,US_STOCK:2026-05-29T20:00:00+00:00:2026-06-01T08:00:00+00:00
FALSE_BREAKOUT,,0.0,D2-C1-R3-20m,MAKER_PROMO_OFF,3,2026-05-30T07:40:59.999000+00:00,MUUSDT,,US_STOCK:2026-05-29T20:00:00+00:00:2026-06-01T08:00:00+00:00
FALSE_BREAKOUT,,0.0,D2-C1-R3-30m,MAKER_PROMO_OFF,3,2026-05-30T07:40:59.999000+00:00,MUUSDT,,US_STOCK:2026-05-29T20:00:00+00:00:2026-06-01T08:00:00+00:00
FALSE_BREAKOUT,2026-05-30T07:50:59.999000+00:00,2.882753371262856,D2-C2-R3-10m,MAKER_PROMO_OFF,3,2026-05-30T07:40:59.999000+00:00,MUUSDT,10,US_STOCK:2026-05-29T20:00:00+00:00:2026-06-01T08:00:00+00:00
FALSE_BREAKOUT,,0.0,D2-C2-R3-20m,MAKER_PROMO_OFF,3,2026-05-30T07:40:59.999000+00:00,MUUSDT,,US_STOCK:2026-05-29T20:00:00+00:00:2026-06-01T08:00:00+00:00
FALSE_BREAKOUT,,0.0,D2-C2-R3-30m,MAKER_PROMO_OFF,3,2026-05-30T07:40:59.999000+00:00,MUUSDT,,US_STOCK:2026-05-29T20:00:00+00:00:2026-06-01T08:00:00+00:00
FALSE_BREAKOUT,2026-05-30T07:50:59.999000+00:00,2.882753371262856,D2-C3-R3-10m,MAKER_PROMO_OFF,3,2026-05-30T07:40:59.999000+00:00,MUUSDT,10,US_STOCK:2026-05-29T20:00:00+00:00:2026-06-01T08:00:00+00:00
FALSE_BREAKOUT,,0.0,D2-C3-R3-20m,MAKER_PROMO_OFF,3,2026-05-30T07:40:59.999000+00:00,MUUSDT,,US_STOCK:2026-05-29T20:00:00+00:00:2026-06-01T08:00:00+00:00
FALSE_BREAKOUT,,0.0,D2-C3-R3-30m,MAKER_PROMO_OFF,3,2026-05-30T07:40:59.999000+00:00,MUUSDT,,US_STOCK:2026-05-29T20:00:00+00:00:2026-06-01T08:00:00+00:00
FALSE_BREAKOUT,2026-05-30T07:50:59.999000+00:00,2.882753371262856,D2-C1-R3-10m,MAKER_PROMO_OFF,10,2026-05-30T07:40:59.999000+00:00,MUUSDT,10,US_STOCK:2026-05-29T20:00:00+00:00:2026-06-01T08:00:00+00:00
FALSE_BREAKOUT,,0.0,D2-C1-R3-20m,MAKER_PROMO_OFF,10,2026-05-30T07:40:59.999000+00:00,MUUSDT,,US_STOCK:2026-05-29T20:00:00+00:00:2026-06-01T08:00:00+00:00
FALSE_BREAKOUT,,0.0,D2-C1-R3-30m,MAKER_PROMO_OFF,10,2026-05-30T07:40:59.999000+00:00,MUUSDT,,US_STOCK:2026-05-29T20:00:00+00:00:2026-06-01T08:00:00+00:00
FALSE_BREAKOUT,2026-05-30T07:50:59.999000+00:00,2.882753371262856,D2-C2-R3-10m,MAKER_PROMO_OFF,10,2026-05-30T07:40:59.999000+00:00,MUUSDT,10,US_STOCK:2026-05-29T20:00:00+00:00:2026-06-01T08:00:00+00:00
FALSE_BREAKOUT,,0.0,D2-C2-R3-20m,MAKER_PROMO_OFF,10,2026-05-30T07:40:59.999000+00:00,MUUSDT,,US_STOCK:2026-05-29T20:00:00+00:00:2026-06-01T08:00:00+00:00
FALSE_BREAKOUT,,0.0,D2-C2-R3-30m,MAKER_PROMO_OFF,10,2026-05-30T07:40:59.999000+00:00,MUUSDT,,US_STOCK:2026-05-29T20:00:00+00:00:2026-06-01T08:00:00+00:00
FALSE_BREAKOUT,2026-05-30T07:50:59.999000+00:00,2.882753371262856,D2-C3-R3-10m,MAKER_PROMO_OFF,10,2026-05-30T07:40:59.999000+00:00,MUUSDT,10,US_STOCK:2026-05-29T20:00:00+00:00:2026-06-01T08:00:00+00:00
FALSE_BREAKOUT,,0.0,D2-C3-R3-20m,MAKER_PROMO_OFF,10,2026-05-30T07:40:59.999000+00:00,MUUSDT,,US_STOCK:2026-05-29T20:00:00+00:00:2026-06-01T08:00:00+00:00
FALSE_BREAKOUT,,0.0,D2-C3-R3-30m,MAKER_PROMO_OFF,10,2026-05-30T07:40:59.999000+00:00,MUUSDT,,US_STOCK:2026-05-29T20:00:00+00:00:2026-06-01T08:00:00+00:00
FALSE_BREAKOUT,2026-05-30T07:50:59.999000+00:00,2.882753371262856,D2-C1-R3-10m,MAKER_PROMO_OFF,17,2026-05-30T07:40:59.999000+00:00,MUUSDT,10,US_STOCK:2026-05-29T20:00:00+00:00:2026-06-01T08:00:00+00:00
FALSE_BREAKOUT,,0.0,D2-C1-R3-20m,MAKER_PROMO_OFF,17,2026-05-30T07:40:59.999000+00:00,MUUSDT,,US_STOCK:2026-05-29T20:00:00+00:00:2026-06-01T08:00:00+00:00
FALSE_BREAKOUT,,0.0,D2-C1-R3-30m,MAKER_PROMO_OFF,17,2026-05-30T07:40:59.999000+00:00,MUUSDT,,US_STOCK:2026-05-29T20:00:00+00:00:2026-06-01T08:00:00+00:00
FALSE_BREAKOUT,2026-05-30T07:50:59.999000+00:00,2.882753371262856,D2-C2-R3-10m,MAKER_PROMO_OFF,17,2026-05-30T07:40:59.999000+00:00,MUUSDT,10,US_STOCK:2026-05-29T20:00:00+00:00:2026-06-01T08:00:00+00:00
FALSE_BREAKOUT,,0.0,D2-C2-R3-20m,MAKER_PROMO_OFF,17,2026-05-30T07:40:59.999000+00:00,MUUSDT,,US_STOCK:2026-05-29T20:00:00+00:00:2026-06-01T08:00:00+00:00
FALSE_BREAKOUT,,0.0,D2-C2-R3-30m,MAKER_PROMO_OFF,17,2026-05-30T07:40:59.999000+00:00,MUUSDT,,US_STOCK:2026-05-29T20:00:00+00:00:2026-06-01T08:00:00+00:00
FALSE_BREAKOUT,2026-05-30T07:50:59.999000+00:00,2.882753371262856,D2-C3-R3-10m,MAKER_PROMO_OFF,17,2026-05-30T07:40:59.999000+00:00,MUUSDT,10,US_STOCK:2026-05-29T20:00:00+00:00:2026-06-01T08:00:00+00:00
FALSE_BREAKOUT,,0.0,D2-C3-R3-20m,MAKER_PROMO_OFF,17,2026-05-30T07:40:59.999000+00:00,MUUSDT,,US_STOCK:2026-05-29T20:00:00+00:00:2026-06-01T08:00:00+00:00
FALSE_BREAKOUT,,0.0,D2-C3-R3-30m,MAKER_PROMO_OFF,17,2026-05-30T07:40:59.999000+00:00,MUUSDT,,US_STOCK:2026-05-29T20:00:00+00:00:2026-06-01T08:00:00+00:00
FALSE_BREAKOUT,2026-05-30T07:50:59.999000+00:00,2.882753371262856,D2-C1-R3-10m,MAKER_PROMO_OFF,31,2026-05-30T07:40:59.999000+00:00,MUUSDT,10,US_STOCK:2026-05-29T20:00:00+00:00:2026-06-01T08:00:00+00:00
FALSE_BREAKOUT,,0.0,D2-C1-R3-20m,MAKER_PROMO_OFF,31,2026-05-30T07:40:59.999000+00:00,MUUSDT,,US_STOCK:2026-05-29T20:00:00+00:00:2026-06-01T08:00:00+00:00
FALSE_BREAKOUT,,0.0,D2-C1-R3-30m,MAKER_PROMO_OFF,31,2026-05-30T07:40:59.999000+00:00,MUUSDT,,US_STOCK:2026-05-29T20:00:00+00:00:2026-06-01T08:00:00+00:00
FALSE_BREAKOUT,2026-05-30T07:50:59.999000+00:00,2.882753371262856,D2-C2-R3-10m,MAKER_PROMO_OFF,31,2026-05-30T07:40:59.999000+00:00,MUUSDT,10,US_STOCK:2026-05-29T20:00:00+00:00:2026-06-01T08:00:00+00:00
FALSE_BREAKOUT,,0.0,D2-C2-R3-20m,MAKER_PROMO_OFF,31,2026-05-30T07:40:59.999000+00:00,MUUSDT,,US_STOCK:2026-05-29T20:00:00+00:00:2026-06-01T08:00:00+00:00
FALSE_BREAKOUT,,0.0,D2-C2-R3-30m,MAKER_PROMO_OFF,31,2026-05-30T07:40:59.999000+00:00,MUUSDT,,US_STOCK:2026-05-29T20:00:00+00:00:2026-06-01T08:00:00+00:00
FALSE_BREAKOUT,2026-05-30T07:50:59.999000+00:00,2.882753371262856,D2-C3-R3-10m,MAKER_PROMO_OFF,31,2026-05-30T07:40:59.999000+00:00,MUUSDT,10,US_STOCK:2026-05-29T20:00:00+00:00:2026-06-01T08:00:00+00:00
FALSE_BREAKOUT,,0.0,D2-C3-R3-20m,MAKER_PROMO_OFF,31,2026-05-30T07:40:59.999000+00:00,MUUSDT,,US_STOCK:2026-05-29T20:00:00+00:00:2026-06-01T08:00:00+00:00
FALSE_BREAKOUT,,0.0,D2-C3-R3-30m,MAKER_PROMO_OFF,31,2026-05-30T07:40:59.999000+00:00,MUUSDT,,US_STOCK:2026-05-29T20:00:00+00:00:2026-06-01T08:00:00+00:00
FALSE_BREAKOUT,2026-05-30T07:50:59.999000+00:00,2.882753371262856,D2-C1-R3-10m,MAKER_PROMO_OFF,59,2026-05-30T07:40:59.999000+00:00,MUUSDT,10,US_STOCK:2026-05-29T20:00:00+00:00:2026-06-01T08:00:00+00:00
FALSE_BREAKOUT,,0.0,D2-C1-R3-20m,MAKER_PROMO_OFF,59,2026-05-30T07:40:59.999000+00:00,MUUSDT,,US_STOCK:2026-05-29T20:00:00+00:00:2026-06-01T08:00:00+00:00
FALSE_BREAKOUT,,0.0,D2-C1-R3-30m,MAKER_PROMO_OFF,59,2026-05-30T07:40:59.999000+00:00,MUUSDT,,US_STOCK:2026-05-29T20:00:00+00:00:2026-06-01T08:00:00+00:00
FALSE_BREAKOUT,2026-05-30T07:50:59.999000+00:00,2.882753371262856,D2-C2-R3-10m,MAKER_PROMO_OFF,59,2026-05-30T07:40:59.999000+00:00,MUUSDT,10,US_STOCK:2026-05-29T20:00:00+00:00:2026-06-01T08:00:00+00:00
FALSE_BREAKOUT,,0.0,D2-C2-R3-20m,MAKER_PROMO_OFF,59,2026-05-30T07:40:59.999000+00:00,MUUSDT,,US_STOCK:2026-05-29T20:00:00+00:00:2026-06-01T08:00:00+00:00
FALSE_BREAKOUT,,0.0,D2-C2-R3-30m,MAKER_PROMO_OFF,59,2026-05-30T07:40:59.999000+00:00,MUUSDT,,US_STOCK:2026-05-29T20:00:00+00:00:2026-06-01T08:00:00+00:00
FALSE_BREAKOUT,2026-05-30T07:50:59.999000+00:00,2.882753371262856,D2-C3-R3-10m,MAKER_PROMO_OFF,59,2026-05-30T07:40:59.999000+00:00,MUUSDT,10,US_STOCK:2026-05-29T20:00:00+00:00:2026-06-01T08:00:00+00:00
FALSE_BREAKOUT,,0.0,D2-C3-R3-20m,MAKER_PROMO_OFF,59,2026-05-30T07:40:59.999000+00:00,MUUSDT,,US_STOCK:2026-05-29T20:00:00+00:00:2026-06-01T08:00:00+00:00
FALSE_BREAKOUT,,0.0,D2-C3-R3-30m,MAKER_PROMO_OFF,59,2026-05-30T07:40:59.999000+00:00,MUUSDT,,US_STOCK:2026-05-29T20:00:00+00:00:2026-06-01T08:00:00+00:00
FALSE_BREAKOUT,2026-05-30T07:50:59.999000+00:00,2.882753371262856,D2-C1-R3-10m,MAKER_PROMO_OFF,97,2026-05-30T07:40:59.999000+00:00,MUUSDT,10,US_STOCK:2026-05-29T20:00:00+00:00:2026-06-01T08:00:00+00:00
FALSE_BREAKOUT,,0.0,D2-C1-R3-20m,MAKER_PROMO_OFF,97,2026-05-30T07:40:59.999000+00:00,MUUSDT,,US_STOCK:2026-05-29T20:00:00+00:00:2026-06-01T08:00:00+00:00
FALSE_BREAKOUT,,0.0,D2-C1-R3-30m,MAKER_PROMO_OFF,97,2026-05-30T07:40:59.999000+00:00,MUUSDT,,US_STOCK:2026-05-29T20:00:00+00:00:2026-06-01T08:00:00+00:00
FALSE_BREAKOUT,2026-05-30T07:50:59.999000+00:00,2.882753371262856,D2-C2-R3-10m,MAKER_PROMO_OFF,97,2026-05-30T07:40:59.999000+00:00,MUUSDT,10,US_STOCK:2026-05-29T20:00:00+00:00:2026-06-01T08:00:00+00:00
FALSE_BREAKOUT,,0.0,D2-C2-R3-20m,MAKER_PROMO_OFF,97,2026-05-30T07:40:59.999000+00:00,MUUSDT,,US_STOCK:2026-05-29T20:00:00+00:00:2026-06-01T08:00:00+00:00
FALSE_BREAKOUT,,0.0,D2-C2-R3-30m,MAKER_PROMO_OFF,97,2026-05-30T07:40:59.999000+00:00,MUUSDT,,US_STOCK:2026-05-29T20:00:00+00:00:2026-06-01T08:00:00+00:00
FALSE_BREAKOUT,2026-05-30T07:50:59.999000+00:00,2.882753371262856,D2-C3-R3-10m,MAKER_PROMO_OFF,97,2026-05-30T07:40:59.999000+00:00,MUUSDT,10,US_STOCK:2026-05-29T20:00:00+00:00:2026-06-01T08:00:00+00:00
FALSE_BREAKOUT,,0.0,D2-C3-R3-20m,MAKER_PROMO_OFF,97,2026-05-30T07:40:59.999000+00:00,MUUSDT,,US_STOCK:2026-05-29T20:00:00+00:00:2026-06-01T08:00:00+00:00
FALSE_BREAKOUT,,0.0,D2-C3-R3-30m,MAKER_PROMO_OFF,97,2026-05-30T07:40:59.999000+00:00,MUUSDT,,US_STOCK:2026-05-29T20:00:00+00:00:2026-06-01T08:00:00+00:00
FALSE_BREAKOUT,,0.0,D2-C1-R3-10m,PRIMARY_ZERO_MAKER,3,2026-06-06T03:23:59.999000+00:00,MUUSDT,,US_STOCK:2026-06-05T20:00:00+00:00:2026-06-08T08:00:00+00:00
FALSE_BREAKOUT,,0.0,D2-C1-R3-20m,PRIMARY_ZERO_MAKER,3,2026-06-06T03:23:59.999000+00:00,MUUSDT,,US_STOCK:2026-06-05T20:00:00+00:00:2026-06-08T08:00:00+00:00
FALSE_BREAKOUT,,0.0,D2-C1-R3-30m,PRIMARY_ZERO_MAKER,3,2026-06-06T03:23:59.999000+00:00,MUUSDT,,US_STOCK:2026-06-05T20:00:00+00:00:2026-06-08T08:00:00+00:00
FALSE_BREAKOUT,,0.0,D2-C2-R3-10m,PRIMARY_ZERO_MAKER,3,2026-06-06T03:23:59.999000+00:00,MUUSDT,,US_STOCK:2026-06-05T20:00:00+00:00:2026-06-08T08:00:00+00:00
FALSE_BREAKOUT,,0.0,D2-C2-R3-20m,PRIMARY_ZERO_MAKER,3,2026-06-06T03:23:59.999000+00:00,MUUSDT,,US_STOCK:2026-06-05T20:00:00+00:00:2026-06-08T08:00:00+00:00
FALSE_BREAKOUT,,0.0,D2-C2-R3-30m,PRIMARY_ZERO_MAKER,3,2026-06-06T03:23:59.999000+00:00,MUUSDT,,US_STOCK:2026-06-05T20:00:00+00:00:2026-06-08T08:00:00+00:00
FALSE_BREAKOUT,,0.0,D2-C3-R3-10m,PRIMARY_ZERO_MAKER,3,2026-06-06T03:23:59.999000+00:00,MUUSDT,,US_STOCK:2026-06-05T20:00:00+00:00:2026-06-08T08:00:00+00:00
FALSE_BREAKOUT,,0.0,D2-C3-R3-20m,PRIMARY_ZERO_MAKER,3,2026-06-06T03:23:59.999000+00:00,MUUSDT,,US_STOCK:2026-06-05T20:00:00+00:00:2026-06-08T08:00:00+00:00
FALSE_BREAKOUT,,0.0,D2-C3-R3-30m,PRIMARY_ZERO_MAKER,3,2026-06-06T03:23:59.999000+00:00,MUUSDT,,US_STOCK:2026-06-05T20:00:00+00:00:2026-06-08T08:00:00+00:00
FALSE_BREAKOUT,,0.0,D2-C1-R3-10m,PRIMARY_ZERO_MAKER,10,2026-06-06T03:23:59.999000+00:00,MUUSDT,,US_STOCK:2026-06-05T20:00:00+00:00:2026-06-08T08:00:00+00:00
FALSE_BREAKOUT,,0.0,D2-C1-R3-20m,PRIMARY_ZERO_MAKER,10,2026-06-06T03:23:59.999000+00:00,MUUSDT,,US_STOCK:2026-06-05T20:00:00+00:00:2026-06-08T08:00:00+00:00
FALSE_BREAKOUT,,0.0,D2-C1-R3-30m,PRIMARY_ZERO_MAKER,10,2026-06-06T03:23:59.999000+00:00,MUUSDT,,US_STOCK:2026-06-05T20:00:00+00:00:2026-06-08T08:00:00+00:00
FALSE_BREAKOUT,,0.0,D2-C2-R3-10m,PRIMARY_ZERO_MAKER,10,2026-06-06T03:23:59.999000+00:00,MUUSDT,,US_STOCK:2026-06-05T20:00:00+00:00:2026-06-08T08:00:00+00:00
FALSE_BREAKOUT,,0.0,D2-C2-R3-20m,PRIMARY_ZERO_MAKER,10,2026-06-06T03:23:59.999000+00:00,MUUSDT,,US_STOCK:2026-06-05T20:00:00+00:00:2026-06-08T08:00:00+00:00
FALSE_BREAKOUT,,0.0,D2-C2-R3-30m,PRIMARY_ZERO_MAKER,10,2026-06-06T03:23:59.999000+00:00,MUUSDT,,US_STOCK:2026-06-05T20:00:00+00:00:2026-06-08T08:00:00+00:00
FALSE_BREAKOUT,,0.0,D2-C3-R3-10m,PRIMARY_ZERO_MAKER,10,2026-06-06T03:23:59.999000+00:00,MUUSDT,,US_STOCK:2026-06-05T20:00:00+00:00:2026-06-08T08:00:00+00:00
FALSE_BREAKOUT,,0.0,D2-C3-R3-20m,PRIMARY_ZERO_MAKER,10,2026-06-06T03:23:59.999000+00:00,MUUSDT,,US_STOCK:2026-06-05T20:00:00+00:00:2026-06-08T08:00:00+00:00
FALSE_BREAKOUT,,0.0,D2-C3-R3-30m,PRIMARY_ZERO_MAKER,10,2026-06-06T03:23:59.999000+00:00,MUUSDT,,US_STOCK:2026-06-05T20:00:00+00:00:2026-06-08T08:00:00+00:00
FALSE_BREAKOUT,,0.0,D2-C1-R3-10m,PRIMARY_ZERO_MAKER,17,2026-06-06T03:23:59.999000+00:00,MUUSDT,,US_STOCK:2026-06-05T20:00:00+00:00:2026-06-08T08:00:00+00:00
FALSE_BREAKOUT,,0.0,D2-C1-R3-20m,PRIMARY_ZERO_MAKER,17,2026-06-06T03:23:59.999000+00:00,MUUSDT,,US_STOCK:2026-06-05T20:00:00+00:00:2026-06-08T08:00:00+00:00
FALSE_BREAKOUT,,0.0,D2-C1-R3-30m,PRIMARY_ZERO_MAKER,17,2026-06-06T03:23:59.999000+00:00,MUUSDT,,US_STOCK:2026-06-05T20:00:00+00:00:2026-06-08T08:00:00+00:00
FALSE_BREAKOUT,,0.0,D2-C2-R3-10m,PRIMARY_ZERO_MAKER,17,2026-06-06T03:23:59.999000+00:00,MUUSDT,,US_STOCK:2026-06-05T20:00:00+00:00:2026-06-08T08:00:00+00:00
FALSE_BREAKOUT,,0.0,D2-C2-R3-20m,PRIMARY_ZERO_MAKER,17,2026-06-06T03:23:59.999000+00:00,MUUSDT,,US_STOCK:2026-06-05T20:00:00+00:00:2026-06-08T08:00:00+00:00
FALSE_BREAKOUT,,0.0,D2-C2-R3-30m,PRIMARY_ZERO_MAKER,17,2026-06-06T03:23:59.999000+00:00,MUUSDT,,US_STOCK:2026-06-05T20:00:00+00:00:2026-06-08T08:00:00+00:00
FALSE_BREAKOUT,,0.0,D2-C3-R3-10m,PRIMARY_ZERO_MAKER,17,2026-06-06T03:23:59.999000+00:00,MUUSDT,,US_STOCK:2026-06-05T20:00:00+00:00:2026-06-08T08:00:00+00:00
FALSE_BREAKOUT,,0.0,D2-C3-R3-20m,PRIMARY_ZERO_MAKER,17,2026-06-06T03:23:59.999000+00:00,MUUSDT,,US_STOCK:2026-06-05T20:00:00+00:00:2026-06-08T08:00:00+00:00
FALSE_BREAKOUT,,0.0,D2-C3-R3-30m,PRIMARY_ZERO_MAKER,17,2026-06-06T03:23:59.999000+00:00,MUUSDT,,US_STOCK:2026-06-05T20:00:00+00:00:2026-06-08T08:00:00+00:00
FALSE_BREAKOUT,,0.0,D2-C1-R3-10m,PRIMARY_ZERO_MAKER,31,2026-06-06T03:23:59.999000+00:00,MUUSDT,,US_STOCK:2026-06-05T20:00:00+00:00:2026-06-08T08:00:00+00:00
FALSE_BREAKOUT,,0.0,D2-C1-R3-20m,PRIMARY_ZERO_MAKER,31,2026-06-06T03:23:59.999000+00:00,MUUSDT,,US_STOCK:2026-06-05T20:00:00+00:00:2026-06-08T08:00:00+00:00
FALSE_BREAKOUT,,0.0,D2-C1-R3-30m,PRIMARY_ZERO_MAKER,31,2026-06-06T03:23:59.999000+00:00,MUUSDT,,US_STOCK:2026-06-05T20:00:00+00:00:2026-06-08T08:00:00+00:00
FALSE_BREAKOUT,,0.0,D2-C2-R3-10m,PRIMARY_ZERO_MAKER,31,2026-06-06T03:23:59.999000+00:00,MUUSDT,,US_STOCK:2026-06-05T20:00:00+00:00:2026-06-08T08:00:00+00:00
FALSE_BREAKOUT,,0.0,D2-C2-R3-20m,PRIMARY_ZERO_MAKER,31,2026-06-06T03:23:59.999000+00:00,MUUSDT,,US_STOCK:2026-06-05T20:00:00+00:00:2026-06-08T08:00:00+00:00
FALSE_BREAKOUT,,0.0,D2-C2-R3-30m,PRIMARY_ZERO_MAKER,31,2026-06-06T03:23:59.999000+00:00,MUUSDT,,US_STOCK:2026-06-05T20:00:00+00:00:2026-06-08T08:00:00+00:00
FALSE_BREAKOUT,,0.0,D2-C3-R3-10m,PRIMARY_ZERO_MAKER,31,2026-06-06T03:23:59.999000+00:00,MUUSDT,,US_STOCK:2026-06-05T20:00:00+00:00:2026-06-08T08:00:00+00:00
FALSE_BREAKOUT,,0.0,D2-C3-R3-20m,PRIMARY_ZERO_MAKER,31,2026-06-06T03:23:59.999000+00:00,MUUSDT,,US_STOCK:2026-06-05T20:00:00+00:00:2026-06-08T08:00:00+00:00
FALSE_BREAKOUT,,0.0,D2-C3-R3-30m,PRIMARY_ZERO_MAKER,31,2026-06-06T03:23:59.999000+00:00,MUUSDT,,US_STOCK:2026-06-05T20:00:00+00:00:2026-06-08T08:00:00+00:00
FALSE_BREAKOUT,,0.0,D2-C1-R3-10m,PRIMARY_ZERO_MAKER,59,2026-06-06T03:23:59.999000+00:00,MUUSDT,,US_STOCK:2026-06-05T20:00:00+00:00:2026-06-08T08:00:00+00:00
FALSE_BREAKOUT,,0.0,D2-C1-R3-20m,PRIMARY_ZERO_MAKER,59,2026-06-06T03:23:59.999000+00:00,MUUSDT,,US_STOCK:2026-06-05T20:00:00+00:00:2026-06-08T08:00:00+00:00
FALSE_BREAKOUT,,0.0,D2-C1-R3-30m,PRIMARY_ZERO_MAKER,59,2026-06-06T03:23:59.999000+00:00,MUUSDT,,US_STOCK:2026-06-05T20:00:00+00:00:2026-06-08T08:00:00+00:00
FALSE_BREAKOUT,,0.0,D2-C2-R3-10m,PRIMARY_ZERO_MAKER,59,2026-06-06T03:23:59.999000+00:00,MUUSDT,,US_STOCK:2026-06-05T20:00:00+00:00:2026-06-08T08:00:00+00:00
FALSE_BREAKOUT,,0.0,D2-C2-R3-20m,PRIMARY_ZERO_MAKER,59,2026-06-06T03:23:59.999000+00:00,MUUSDT,,US_STOCK:2026-06-05T20:00:00+00:00:2026-06-08T08:00:00+00:00
FALSE_BREAKOUT,,0.0,D2-C2-R3-30m,PRIMARY_ZERO_MAKER,59,2026-06-06T03:23:59.999000+00:00,MUUSDT,,US_STOCK:2026-06-05T20:00:00+00:00:2026-06-08T08:00:00+00:00
FALSE_BREAKOUT,,0.0,D2-C3-R3-10m,PRIMARY_ZERO_MAKER,59,2026-06-06T03:23:59.999000+00:00,MUUSDT,,US_STOCK:2026-06-05T20:00:00+00:00:2026-06-08T08:00:00+00:00
FALSE_BREAKOUT,,0.0,D2-C3-R3-20m,PRIMARY_ZERO_MAKER,59,2026-06-06T03:23:59.999000+00:00,MUUSDT,,US_STOCK:2026-06-05T20:00:00+00:00:2026-06-08T08:00:00+00:00
FALSE_BREAKOUT,,0.0,D2-C3-R3-30m,PRIMARY_ZERO_MAKER,59,2026-06-06T03:23:59.999000+00:00,MUUSDT,,US_STOCK:2026-06-05T20:00:00+00:00:2026-06-08T08:00:00+00:00
FALSE_BREAKOUT,,0.0,D2-C1-R3-10m,PRIMARY_ZERO_MAKER,97,2026-06-06T03:23:59.999000+00:00,MUUSDT,,US_STOCK:2026-06-05T20:00:00+00:00:2026-06-08T08:00:00+00:00
FALSE_BREAKOUT,,0.0,D2-C1-R3-20m,PRIMARY_ZERO_MAKER,97,2026-06-06T03:23:59.999000+00:00,MUUSDT,,US_STOCK:2026-06-05T20:00:00+00:00:2026-06-08T08:00:00+00:00
FALSE_BREAKOUT,,0.0,D2-C1-R3-30m,PRIMARY_ZERO_MAKER,97,2026-06-06T03:23:59.999000+00:00,MUUSDT,,US_STOCK:2026-06-05T20:00:00+00:00:2026-06-08T08:00:00+00:00
FALSE_BREAKOUT,,0.0,D2-C2-R3-10m,PRIMARY_ZERO_MAKER,97,2026-06-06T03:23:59.999000+00:00,MUUSDT,,US_STOCK:2026-06-05T20:00:00+00:00:2026-06-08T08:00:00+00:00
FALSE_BREAKOUT,,0.0,D2-C2-R3-20m,PRIMARY_ZERO_MAKER,97,2026-06-06T03:23:59.999000+00:00,MUUSDT,,US_STOCK:2026-06-05T20:00:00+00:00:2026-06-08T08:00:00+00:00
FALSE_BREAKOUT,,0.0,D2-C2-R3-30m,PRIMARY_ZERO_MAKER,97,2026-06-06T03:23:59.999000+00:00,MUUSDT,,US_STOCK:2026-06-05T20:00:00+00:00:2026-06-08T08:00:00+00:00
FALSE_BREAKOUT,,0.0,D2-C3-R3-10m,PRIMARY_ZERO_MAKER,97,2026-06-06T03:23:59.999000+00:00,MUUSDT,,US_STOCK:2026-06-05T20:00:00+00:00:2026-06-08T08:00:00+00:00
FALSE_BREAKOUT,,0.0,D2-C3-R3-20m,PRIMARY_ZERO_MAKER,97,2026-06-06T03:23:59.999000+00:00,MUUSDT,,US_STOCK:2026-06-05T20:00:00+00:00:2026-06-08T08:00:00+00:00
FALSE_BREAKOUT,,0.0,D2-C3-R3-30m,PRIMARY_ZERO_MAKER,97,2026-06-06T03:23:59.999000+00:00,MUUSDT,,US_STOCK:2026-06-05T20:00:00+00:00:2026-06-08T08:00:00+00:00
FALSE_BREAKOUT,,0.0,D2-C1-R3-10m,EXECUTION_STRESS,3,2026-06-06T03:23:59.999000+00:00,MUUSDT,,US_STOCK:2026-06-05T20:00:00+00:00:2026-06-08T08:00:00+00:00
FALSE_BREAKOUT,,0.0,D2-C1-R3-20m,EXECUTION_STRESS,3,2026-06-06T03:23:59.999000+00:00,MUUSDT,,US_STOCK:2026-06-05T20:00:00+00:00:2026-06-08T08:00:00+00:00
FALSE_BREAKOUT,,0.0,D2-C1-R3-30m,EXECUTION_STRESS,3,2026-06-06T03:23:59.999000+00:00,MUUSDT,,US_STOCK:2026-06-05T20:00:00+00:00:2026-06-08T08:00:00+00:00
FALSE_BREAKOUT,,0.0,D2-C2-R3-10m,EXECUTION_STRESS,3,2026-06-06T03:23:59.999000+00:00,MUUSDT,,US_STOCK:2026-06-05T20:00:00+00:00:2026-06-08T08:00:00+00:00
FALSE_BREAKOUT,,0.0,D2-C2-R3-20m,EXECUTION_STRESS,3,2026-06-06T03:23:59.999000+00:00,MUUSDT,,US_STOCK:2026-06-05T20:00:00+00:00:2026-06-08T08:00:00+00:00
FALSE_BREAKOUT,,0.0,D2-C2-R3-30m,EXECUTION_STRESS,3,2026-06-06T03:23:59.999000+00:00,MUUSDT,,US_STOCK:2026-06-05T20:00:00+00:00:2026-06-08T08:00:00+00:00
FALSE_BREAKOUT,,0.0,D2-C3-R3-10m,EXECUTION_STRESS,3,2026-06-06T03:23:59.999000+00:00,MUUSDT,,US_STOCK:2026-06-05T20:00:00+00:00:2026-06-08T08:00:00+00:00
FALSE_BREAKOUT,,0.0,D2-C3-R3-20m,EXECUTION_STRESS,3,2026-06-06T03:23:59.999000+00:00,MUUSDT,,US_STOCK:2026-06-05T20:00:00+00:00:2026-06-08T08:00:00+00:00
FALSE_BREAKOUT,,0.0,D2-C3-R3-30m,EXECUTION_STRESS,3,2026-06-06T03:23:59.999000+00:00,MUUSDT,,US_STOCK:2026-06-05T20:00:00+00:00:2026-06-08T08:00:00+00:00
FALSE_BREAKOUT,,0.0,D2-C1-R3-10m,EXECUTION_STRESS,10,2026-06-06T03:23:59.999000+00:00,MUUSDT,,US_STOCK:2026-06-05T20:00:00+00:00:2026-06-08T08:00:00+00:00
FALSE_BREAKOUT,,0.0,D2-C1-R3-20m,EXECUTION_STRESS,10,2026-06-06T03:23:59.999000+00:00,MUUSDT,,US_STOCK:2026-06-05T20:00:00+00:00:2026-06-08T08:00:00+00:00
FALSE_BREAKOUT,,0.0,D2-C1-R3-30m,EXECUTION_STRESS,10,2026-06-06T03:23:59.999000+00:00,MUUSDT,,US_STOCK:2026-06-05T20:00:00+00:00:2026-06-08T08:00:00+00:00
FALSE_BREAKOUT,,0.0,D2-C2-R3-10m,EXECUTION_STRESS,10,2026-06-06T03:23:59.999000+00:00,MUUSDT,,US_STOCK:2026-06-05T20:00:00+00:00:2026-06-08T08:00:00+00:00
FALSE_BREAKOUT,,0.0,D2-C2-R3-20m,EXECUTION_STRESS,10,2026-06-06T03:23:59.999000+00:00,MUUSDT,,US_STOCK:2026-06-05T20:00:00+00:00:2026-06-08T08:00:00+00:00
FALSE_BREAKOUT,,0.0,D2-C2-R3-30m,EXECUTION_STRESS,10,2026-06-06T03:23:59.999000+00:00,MUUSDT,,US_STOCK:2026-06-05T20:00:00+00:00:2026-06-08T08:00:00+00:00
FALSE_BREAKOUT,,0.0,D2-C3-R3-10m,EXECUTION_STRESS,10,2026-06-06T03:23:59.999000+00:00,MUUSDT,,US_STOCK:2026-06-05T20:00:00+00:00:2026-06-08T08:00:00+00:00
FALSE_BREAKOUT,,0.0,D2-C3-R3-20m,EXECUTION_STRESS,10,2026-06-06T03:23:59.999000+00:00,MUUSDT,,US_STOCK:2026-06-05T20:00:00+00:00:2026-06-08T08:00:00+00:00
FALSE_BREAKOUT,,0.0,D2-C3-R3-30m,EXECUTION_STRESS,10,2026-06-06T03:23:59.999000+00:00,MUUSDT,,US_STOCK:2026-06-05T20:00:00+00:00:2026-06-08T08:00:00+00:00
FALSE_BREAKOUT,,0.0,D2-C1-R3-10m,EXECUTION_STRESS,17,2026-06-06T03:23:59.999000+00:00,MUUSDT,,US_STOCK:2026-06-05T20:00:00+00:00:2026-06-08T08:00:00+00:00
FALSE_BREAKOUT,,0.0,D2-C1-R3-20m,EXECUTION_STRESS,17,2026-06-06T03:23:59.999000+00:00,MUUSDT,,US_STOCK:2026-06-05T20:00:00+00:00:2026-06-08T08:00:00+00:00
FALSE_BREAKOUT,,0.0,D2-C1-R3-30m,EXECUTION_STRESS,17,2026-06-06T03:23:59.999000+00:00,MUUSDT,,US_STOCK:2026-06-05T20:00:00+00:00:2026-06-08T08:00:00+00:00
FALSE_BREAKOUT,,0.0,D2-C2-R3-10m,EXECUTION_STRESS,17,2026-06-06T03:23:59.999000+00:00,MUUSDT,,US_STOCK:2026-06-05T20:00:00+00:00:2026-06-08T08:00:00+00:00
FALSE_BREAKOUT,,0.0,D2-C2-R3-20m,EXECUTION_STRESS,17,2026-06-06T03:23:59.999000+00:00,MUUSDT,,US_STOCK:2026-06-05T20:00:00+00:00:2026-06-08T08:00:00+00:00
FALSE_BREAKOUT,,0.0,D2-C2-R3-30m,EXECUTION_STRESS,17,2026-06-06T03:23:59.999000+00:00,MUUSDT,,US_STOCK:2026-06-05T20:00:00+00:00:2026-06-08T08:00:00+00:00
FALSE_BREAKOUT,,0.0,D2-C3-R3-10m,EXECUTION_STRESS,17,2026-06-06T03:23:59.999000+00:00,MUUSDT,,US_STOCK:2026-06-05T20:00:00+00:00:2026-06-08T08:00:00+00:00
FALSE_BREAKOUT,,0.0,D2-C3-R3-20m,EXECUTION_STRESS,17,2026-06-06T03:23:59.999000+00:00,MUUSDT,,US_STOCK:2026-06-05T20:00:00+00:00:2026-06-08T08:00:00+00:00
FALSE_BREAKOUT,,0.0,D2-C3-R3-30m,EXECUTION_STRESS,17,2026-06-06T03:23:59.999000+00:00,MUUSDT,,US_STOCK:2026-06-05T20:00:00+00:00:2026-06-08T08:00:00+00:00
FALSE_BREAKOUT,,0.0,D2-C1-R3-10m,EXECUTION_STRESS,31,2026-06-06T03:23:59.999000+00:00,MUUSDT,,US_STOCK:2026-06-05T20:00:00+00:00:2026-06-08T08:00:00+00:00
FALSE_BREAKOUT,,0.0,D2-C1-R3-20m,EXECUTION_STRESS,31,2026-06-06T03:23:59.999000+00:00,MUUSDT,,US_STOCK:2026-06-05T20:00:00+00:00:2026-06-08T08:00:00+00:00
FALSE_BREAKOUT,,0.0,D2-C1-R3-30m,EXECUTION_STRESS,31,2026-06-06T03:23:59.999000+00:00,MUUSDT,,US_STOCK:2026-06-05T20:00:00+00:00:2026-06-08T08:00:00+00:00
FALSE_BREAKOUT,,0.0,D2-C2-R3-10m,EXECUTION_STRESS,31,2026-06-06T03:23:59.999000+00:00,MUUSDT,,US_STOCK:2026-06-05T20:00:00+00:00:2026-06-08T08:00:00+00:00
FALSE_BREAKOUT,,0.0,D2-C2-R3-20m,EXECUTION_STRESS,31,2026-06-06T03:23:59.999000+00:00,MUUSDT,,US_STOCK:2026-06-05T20:00:00+00:00:2026-06-08T08:00:00+00:00
FALSE_BREAKOUT,,0.0,D2-C2-R3-30m,EXECUTION_STRESS,31,2026-06-06T03:23:59.999000+00:00,MUUSDT,,US_STOCK:2026-06-05T20:00:00+00:00:2026-06-08T08:00:00+00:00
FALSE_BREAKOUT,,0.0,D2-C3-R3-10m,EXECUTION_STRESS,31,2026-06-06T03:23:59.999000+00:00,MUUSDT,,US_STOCK:2026-06-05T20:00:00+00:00:2026-06-08T08:00:00+00:00
FALSE_BREAKOUT,,0.0,D2-C3-R3-20m,EXECUTION_STRESS,31,2026-06-06T03:23:59.999000+00:00,MUUSDT,,US_STOCK:2026-06-05T20:00:00+00:00:2026-06-08T08:00:00+00:00
FALSE_BREAKOUT,,0.0,D2-C3-R3-30m,EXECUTION_STRESS,31,2026-06-06T03:23:59.999000+00:00,MUUSDT,,US_STOCK:2026-06-05T20:00:00+00:00:2026-06-08T08:00:00+00:00
FALSE_BREAKOUT,,0.0,D2-C1-R3-10m,EXECUTION_STRESS,59,2026-06-06T03:23:59.999000+00:00,MUUSDT,,US_STOCK:2026-06-05T20:00:00+00:00:2026-06-08T08:00:00+00:00
FALSE_BREAKOUT,,0.0,D2-C1-R3-20m,EXECUTION_STRESS,59,2026-06-06T03:23:59.999000+00:00,MUUSDT,,US_STOCK:2026-06-05T20:00:00+00:00:2026-06-08T08:00:00+00:00
FALSE_BREAKOUT,,0.0,D2-C1-R3-30m,EXECUTION_STRESS,59,2026-06-06T03:23:59.999000+00:00,MUUSDT,,US_STOCK:2026-06-05T20:00:00+00:00:2026-06-08T08:00:00+00:00
FALSE_BREAKOUT,,0.0,D2-C2-R3-10m,EXECUTION_STRESS,59,2026-06-06T03:23:59.999000+00:00,MUUSDT,,US_STOCK:2026-06-05T20:00:00+00:00:2026-06-08T08:00:00+00:00
FALSE_BREAKOUT,,0.0,D2-C2-R3-20m,EXECUTION_STRESS,59,2026-06-06T03:23:59.999000+00:00,MUUSDT,,US_STOCK:2026-06-05T20:00:00+00:00:2026-06-08T08:00:00+00:00
FALSE_BREAKOUT,,0.0,D2-C2-R3-30m,EXECUTION_STRESS,59,2026-06-06T03:23:59.999000+00:00,MUUSDT,,US_STOCK:2026-06-05T20:00:00+00:00:2026-06-08T08:00:00+00:00
FALSE_BREAKOUT,,0.0,D2-C3-R3-10m,EXECUTION_STRESS,59,2026-06-06T03:23:59.999000+00:00,MUUSDT,,US_STOCK:2026-06-05T20:00:00+00:00:2026-06-08T08:00:00+00:00
FALSE_BREAKOUT,,0.0,D2-C3-R3-20m,EXECUTION_STRESS,59,2026-06-06T03:23:59.999000+00:00,MUUSDT,,US_STOCK:2026-06-05T20:00:00+00:00:2026-06-08T08:00:00+00:00
FALSE_BREAKOUT,,0.0,D2-C3-R3-30m,EXECUTION_STRESS,59,2026-06-06T03:23:59.999000+00:00,MUUSDT,,US_STOCK:2026-06-05T20:00:00+00:00:2026-06-08T08:00:00+00:00
FALSE_BREAKOUT,,0.0,D2-C1-R3-10m,EXECUTION_STRESS,97,2026-06-06T03:23:59.999000+00:00,MUUSDT,,US_STOCK:2026-06-05T20:00:00+00:00:2026-06-08T08:00:00+00:00
FALSE_BREAKOUT,,0.0,D2-C1-R3-20m,EXECUTION_STRESS,97,2026-06-06T03:23:59.999000+00:00,MUUSDT,,US_STOCK:2026-06-05T20:00:00+00:00:2026-06-08T08:00:00+00:00
FALSE_BREAKOUT,,0.0,D2-C1-R3-30m,EXECUTION_STRESS,97,2026-06-06T03:23:59.999000+00:00,MUUSDT,,US_STOCK:2026-06-05T20:00:00+00:00:2026-06-08T08:00:00+00:00
FALSE_BREAKOUT,,0.0,D2-C2-R3-10m,EXECUTION_STRESS,97,2026-06-06T03:23:59.999000+00:00,MUUSDT,,US_STOCK:2026-06-05T20:00:00+00:00:2026-06-08T08:00:00+00:00
FALSE_BREAKOUT,,0.0,D2-C2-R3-20m,EXECUTION_STRESS,97,2026-06-06T03:23:59.999000+00:00,MUUSDT,,US_STOCK:2026-06-05T20:00:00+00:00:2026-06-08T08:00:00+00:00
FALSE_BREAKOUT,,0.0,D2-C2-R3-30m,EXECUTION_STRESS,97,2026-06-06T03:23:59.999000+00:00,MUUSDT,,US_STOCK:2026-06-05T20:00:00+00:00:2026-06-08T08:00:00+00:00
FALSE_BREAKOUT,,0.0,D2-C3-R3-10m,EXECUTION_STRESS,97,2026-06-06T03:23:59.999000+00:00,MUUSDT,,US_STOCK:2026-06-05T20:00:00+00:00:2026-06-08T08:00:00+00:00
FALSE_BREAKOUT,,0.0,D2-C3-R3-20m,EXECUTION_STRESS,97,2026-06-06T03:23:59.999000+00:00,MUUSDT,,US_STOCK:2026-06-05T20:00:00+00:00:2026-06-08T08:00:00+00:00
FALSE_BREAKOUT,,0.0,D2-C3-R3-30m,EXECUTION_STRESS,97,2026-06-06T03:23:59.999000+00:00,MUUSDT,,US_STOCK:2026-06-05T20:00:00+00:00:2026-06-08T08:00:00+00:00
FALSE_BREAKOUT,,0.0,D2-C1-R3-10m,MAKER_PROMO_OFF,3,2026-06-06T03:23:59.999000+00:00,MUUSDT,,US_STOCK:2026-06-05T20:00:00+00:00:2026-06-08T08:00:00+00:00
FALSE_BREAKOUT,,0.0,D2-C1-R3-20m,MAKER_PROMO_OFF,3,2026-06-06T03:23:59.999000+00:00,MUUSDT,,US_STOCK:2026-06-05T20:00:00+00:00:2026-06-08T08:00:00+00:00
FALSE_BREAKOUT,,0.0,D2-C1-R3-30m,MAKER_PROMO_OFF,3,2026-06-06T03:23:59.999000+00:00,MUUSDT,,US_STOCK:2026-06-05T20:00:00+00:00:2026-06-08T08:00:00+00:00
FALSE_BREAKOUT,,0.0,D2-C2-R3-10m,MAKER_PROMO_OFF,3,2026-06-06T03:23:59.999000+00:00,MUUSDT,,US_STOCK:2026-06-05T20:00:00+00:00:2026-06-08T08:00:00+00:00
FALSE_BREAKOUT,,0.0,D2-C2-R3-20m,MAKER_PROMO_OFF,3,2026-06-06T03:23:59.999000+00:00,MUUSDT,,US_STOCK:2026-06-05T20:00:00+00:00:2026-06-08T08:00:00+00:00
FALSE_BREAKOUT,,0.0,D2-C2-R3-30m,MAKER_PROMO_OFF,3,2026-06-06T03:23:59.999000+00:00,MUUSDT,,US_STOCK:2026-06-05T20:00:00+00:00:2026-06-08T08:00:00+00:00
FALSE_BREAKOUT,,0.0,D2-C3-R3-10m,MAKER_PROMO_OFF,3,2026-06-06T03:23:59.999000+00:00,MUUSDT,,US_STOCK:2026-06-05T20:00:00+00:00:2026-06-08T08:00:00+00:00
FALSE_BREAKOUT,,0.0,D2-C3-R3-20m,MAKER_PROMO_OFF,3,2026-06-06T03:23:59.999000+00:00,MUUSDT,,US_STOCK:2026-06-05T20:00:00+00:00:2026-06-08T08:00:00+00:00
FALSE_BREAKOUT,,0.0,D2-C3-R3-30m,MAKER_PROMO_OFF,3,2026-06-06T03:23:59.999000+00:00,MUUSDT,,US_STOCK:2026-06-05T20:00:00+00:00:2026-06-08T08:00:00+00:00
FALSE_BREAKOUT,,0.0,D2-C1-R3-10m,MAKER_PROMO_OFF,10,2026-06-06T03:23:59.999000+00:00,MUUSDT,,US_STOCK:2026-06-05T20:00:00+00:00:2026-06-08T08:00:00+00:00
FALSE_BREAKOUT,,0.0,D2-C1-R3-20m,MAKER_PROMO_OFF,10,2026-06-06T03:23:59.999000+00:00,MUUSDT,,US_STOCK:2026-06-05T20:00:00+00:00:2026-06-08T08:00:00+00:00
FALSE_BREAKOUT,,0.0,D2-C1-R3-30m,MAKER_PROMO_OFF,10,2026-06-06T03:23:59.999000+00:00,MUUSDT,,US_STOCK:2026-06-05T20:00:00+00:00:2026-06-08T08:00:00+00:00
FALSE_BREAKOUT,,0.0,D2-C2-R3-10m,MAKER_PROMO_OFF,10,2026-06-06T03:23:59.999000+00:00,MUUSDT,,US_STOCK:2026-06-05T20:00:00+00:00:2026-06-08T08:00:00+00:00
FALSE_BREAKOUT,,0.0,D2-C2-R3-20m,MAKER_PROMO_OFF,10,2026-06-06T03:23:59.999000+00:00,MUUSDT,,US_STOCK:2026-06-05T20:00:00+00:00:2026-06-08T08:00:00+00:00
FALSE_BREAKOUT,,0.0,D2-C2-R3-30m,MAKER_PROMO_OFF,10,2026-06-06T03:23:59.999000+00:00,MUUSDT,,US_STOCK:2026-06-05T20:00:00+00:00:2026-06-08T08:00:00+00:00
FALSE_BREAKOUT,,0.0,D2-C3-R3-10m,MAKER_PROMO_OFF,10,2026-06-06T03:23:59.999000+00:00,MUUSDT,,US_STOCK:2026-06-05T20:00:00+00:00:2026-06-08T08:00:00+00:00
FALSE_BREAKOUT,,0.0,D2-C3-R3-20m,MAKER_PROMO_OFF,10,2026-06-06T03:23:59.999000+00:00,MUUSDT,,US_STOCK:2026-06-05T20:00:00+00:00:2026-06-08T08:00:00+00:00
FALSE_BREAKOUT,,0.0,D2-C3-R3-30m,MAKER_PROMO_OFF,10,2026-06-06T03:23:59.999000+00:00,MUUSDT,,US_STOCK:2026-06-05T20:00:00+00:00:2026-06-08T08:00:00+00:00
FALSE_BREAKOUT,,0.0,D2-C1-R3-10m,MAKER_PROMO_OFF,17,2026-06-06T03:23:59.999000+00:00,MUUSDT,,US_STOCK:2026-06-05T20:00:00+00:00:2026-06-08T08:00:00+00:00
FALSE_BREAKOUT,,0.0,D2-C1-R3-20m,MAKER_PROMO_OFF,17,2026-06-06T03:23:59.999000+00:00,MUUSDT,,US_STOCK:2026-06-05T20:00:00+00:00:2026-06-08T08:00:00+00:00
FALSE_BREAKOUT,,0.0,D2-C1-R3-30m,MAKER_PROMO_OFF,17,2026-06-06T03:23:59.999000+00:00,MUUSDT,,US_STOCK:2026-06-05T20:00:00+00:00:2026-06-08T08:00:00+00:00
FALSE_BREAKOUT,,0.0,D2-C2-R3-10m,MAKER_PROMO_OFF,17,2026-06-06T03:23:59.999000+00:00,MUUSDT,,US_STOCK:2026-06-05T20:00:00+00:00:2026-06-08T08:00:00+00:00
FALSE_BREAKOUT,,0.0,D2-C2-R3-20m,MAKER_PROMO_OFF,17,2026-06-06T03:23:59.999000+00:00,MUUSDT,,US_STOCK:2026-06-05T20:00:00+00:00:2026-06-08T08:00:00+00:00
FALSE_BREAKOUT,,0.0,D2-C2-R3-30m,MAKER_PROMO_OFF,17,2026-06-06T03:23:59.999000+00:00,MUUSDT,,US_STOCK:2026-06-05T20:00:00+00:00:2026-06-08T08:00:00+00:00
FALSE_BREAKOUT,,0.0,D2-C3-R3-10m,MAKER_PROMO_OFF,17,2026-06-06T03:23:59.999000+00:00,MUUSDT,,US_STOCK:2026-06-05T20:00:00+00:00:2026-06-08T08:00:00+00:00
FALSE_BREAKOUT,,0.0,D2-C3-R3-20m,MAKER_PROMO_OFF,17,2026-06-06T03:23:59.999000+00:00,MUUSDT,,US_STOCK:2026-06-05T20:00:00+00:00:2026-06-08T08:00:00+00:00
FALSE_BREAKOUT,,0.0,D2-C3-R3-30m,MAKER_PROMO_OFF,17,2026-06-06T03:23:59.999000+00:00,MUUSDT,,US_STOCK:2026-06-05T20:00:00+00:00:2026-06-08T08:00:00+00:00
FALSE_BREAKOUT,,0.0,D2-C1-R3-10m,MAKER_PROMO_OFF,31,2026-06-06T03:23:59.999000+00:00,MUUSDT,,US_STOCK:2026-06-05T20:00:00+00:00:2026-06-08T08:00:00+00:00
FALSE_BREAKOUT,,0.0,D2-C1-R3-20m,MAKER_PROMO_OFF,31,2026-06-06T03:23:59.999000+00:00,MUUSDT,,US_STOCK:2026-06-05T20:00:00+00:00:2026-06-08T08:00:00+00:00
FALSE_BREAKOUT,,0.0,D2-C1-R3-30m,MAKER_PROMO_OFF,31,2026-06-06T03:23:59.999000+00:00,MUUSDT,,US_STOCK:2026-06-05T20:00:00+00:00:2026-06-08T08:00:00+00:00
FALSE_BREAKOUT,,0.0,D2-C2-R3-10m,MAKER_PROMO_OFF,31,2026-06-06T03:23:59.999000+00:00,MUUSDT,,US_STOCK:2026-06-05T20:00:00+00:00:2026-06-08T08:00:00+00:00
FALSE_BREAKOUT,,0.0,D2-C2-R3-20m,MAKER_PROMO_OFF,31,2026-06-06T03:23:59.999000+00:00,MUUSDT,,US_STOCK:2026-06-05T20:00:00+00:00:2026-06-08T08:00:00+00:00
FALSE_BREAKOUT,,0.0,D2-C2-R3-30m,MAKER_PROMO_OFF,31,2026-06-06T03:23:59.999000+00:00,MUUSDT,,US_STOCK:2026-06-05T20:00:00+00:00:2026-06-08T08:00:00+00:00
FALSE_BREAKOUT,,0.0,D2-C3-R3-10m,MAKER_PROMO_OFF,31,2026-06-06T03:23:59.999000+00:00,MUUSDT,,US_STOCK:2026-06-05T20:00:00+00:00:2026-06-08T08:00:00+00:00
FALSE_BREAKOUT,,0.0,D2-C3-R3-20m,MAKER_PROMO_OFF,31,2026-06-06T03:23:59.999000+00:00,MUUSDT,,US_STOCK:2026-06-05T20:00:00+00:00:2026-06-08T08:00:00+00:00
FALSE_BREAKOUT,,0.0,D2-C3-R3-30m,MAKER_PROMO_OFF,31,2026-06-06T03:23:59.999000+00:00,MUUSDT,,US_STOCK:2026-06-05T20:00:00+00:00:2026-06-08T08:00:00+00:00
FALSE_BREAKOUT,,0.0,D2-C1-R3-10m,MAKER_PROMO_OFF,59,2026-06-06T03:23:59.999000+00:00,MUUSDT,,US_STOCK:2026-06-05T20:00:00+00:00:2026-06-08T08:00:00+00:00
FALSE_BREAKOUT,,0.0,D2-C1-R3-20m,MAKER_PROMO_OFF,59,2026-06-06T03:23:59.999000+00:00,MUUSDT,,US_STOCK:2026-06-05T20:00:00+00:00:2026-06-08T08:00:00+00:00
FALSE_BREAKOUT,,0.0,D2-C1-R3-30m,MAKER_PROMO_OFF,59,2026-06-06T03:23:59.999000+00:00,MUUSDT,,US_STOCK:2026-06-05T20:00:00+00:00:2026-06-08T08:00:00+00:00
FALSE_BREAKOUT,,0.0,D2-C2-R3-10m,MAKER_PROMO_OFF,59,2026-06-06T03:23:59.999000+00:00,MUUSDT,,US_STOCK:2026-06-05T20:00:00+00:00:2026-06-08T08:00:00+00:00
FALSE_BREAKOUT,,0.0,D2-C2-R3-20m,MAKER_PROMO_OFF,59,2026-06-06T03:23:59.999000+00:00,MUUSDT,,US_STOCK:2026-06-05T20:00:00+00:00:2026-06-08T08:00:00+00:00
FALSE_BREAKOUT,,0.0,D2-C2-R3-30m,MAKER_PROMO_OFF,59,2026-06-06T03:23:59.999000+00:00,MUUSDT,,US_STOCK:2026-06-05T20:00:00+00:00:2026-06-08T08:00:00+00:00
FALSE_BREAKOUT,,0.0,D2-C3-R3-10m,MAKER_PROMO_OFF,59,2026-06-06T03:23:59.999000+00:00,MUUSDT,,US_STOCK:2026-06-05T20:00:00+00:00:2026-06-08T08:00:00+00:00
FALSE_BREAKOUT,,0.0,D2-C3-R3-20m,MAKER_PROMO_OFF,59,2026-06-06T03:23:59.999000+00:00,MUUSDT,,US_STOCK:2026-06-05T20:00:00+00:00:2026-06-08T08:00:00+00:00
FALSE_BREAKOUT,,0.0,D2-C3-R3-30m,MAKER_PROMO_OFF,59,2026-06-06T03:23:59.999000+00:00,MUUSDT,,US_STOCK:2026-06-05T20:00:00+00:00:2026-06-08T08:00:00+00:00
FALSE_BREAKOUT,,0.0,D2-C1-R3-10m,MAKER_PROMO_OFF,97,2026-06-06T03:23:59.999000+00:00,MUUSDT,,US_STOCK:2026-06-05T20:00:00+00:00:2026-06-08T08:00:00+00:00
FALSE_BREAKOUT,,0.0,D2-C1-R3-20m,MAKER_PROMO_OFF,97,2026-06-06T03:23:59.999000+00:00,MUUSDT,,US_STOCK:2026-06-05T20:00:00+00:00:2026-06-08T08:00:00+00:00
FALSE_BREAKOUT,,0.0,D2-C1-R3-30m,MAKER_PROMO_OFF,97,2026-06-06T03:23:59.999000+00:00,MUUSDT,,US_STOCK:2026-06-05T20:00:00+00:00:2026-06-08T08:00:00+00:00
FALSE_BREAKOUT,,0.0,D2-C2-R3-10m,MAKER_PROMO_OFF,97,2026-06-06T03:23:59.999000+00:00,MUUSDT,,US_STOCK:2026-06-05T20:00:00+00:00:2026-06-08T08:00:00+00:00
FALSE_BREAKOUT,,0.0,D2-C2-R3-20m,MAKER_PROMO_OFF,97,2026-06-06T03:23:59.999000+00:00,MUUSDT,,US_STOCK:2026-06-05T20:00:00+00:00:2026-06-08T08:00:00+00:00
FALSE_BREAKOUT,,0.0,D2-C2-R3-30m,MAKER_PROMO_OFF,97,2026-06-06T03:23:59.999000+00:00,MUUSDT,,US_STOCK:2026-06-05T20:00:00+00:00:2026-06-08T08:00:00+00:00
FALSE_BREAKOUT,,0.0,D2-C3-R3-10m,MAKER_PROMO_OFF,97,2026-06-06T03:23:59.999000+00:00,MUUSDT,,US_STOCK:2026-06-05T20:00:00+00:00:2026-06-08T08:00:00+00:00
FALSE_BREAKOUT,,0.0,D2-C3-R3-20m,MAKER_PROMO_OFF,97,2026-06-06T03:23:59.999000+00:00,MUUSDT,,US_STOCK:2026-06-05T20:00:00+00:00:2026-06-08T08:00:00+00:00
FALSE_BREAKOUT,,0.0,D2-C3-R3-30m,MAKER_PROMO_OFF,97,2026-06-06T03:23:59.999000+00:00,MUUSDT,,US_STOCK:2026-06-05T20:00:00+00:00:2026-06-08T08:00:00+00:00
FALSE_BREAKOUT,,0.0,D2-C1-R3-10m,PRIMARY_ZERO_MAKER,3,2026-06-19T04:03:59.999000+00:00,MUUSDT,,US_STOCK:2026-06-18T20:00:00+00:00:2026-06-22T08:00:00+00:00
FALSE_BREAKOUT,,0.0,D2-C1-R3-20m,PRIMARY_ZERO_MAKER,3,2026-06-19T04:03:59.999000+00:00,MUUSDT,,US_STOCK:2026-06-18T20:00:00+00:00:2026-06-22T08:00:00+00:00
FALSE_BREAKOUT,,0.0,D2-C1-R3-30m,PRIMARY_ZERO_MAKER,3,2026-06-19T04:03:59.999000+00:00,MUUSDT,,US_STOCK:2026-06-18T20:00:00+00:00:2026-06-22T08:00:00+00:00
FALSE_BREAKOUT,,0.0,D2-C2-R3-10m,PRIMARY_ZERO_MAKER,3,2026-06-19T04:03:59.999000+00:00,MUUSDT,,US_STOCK:2026-06-18T20:00:00+00:00:2026-06-22T08:00:00+00:00
FALSE_BREAKOUT,,0.0,D2-C2-R3-20m,PRIMARY_ZERO_MAKER,3,2026-06-19T04:03:59.999000+00:00,MUUSDT,,US_STOCK:2026-06-18T20:00:00+00:00:2026-06-22T08:00:00+00:00
FALSE_BREAKOUT,,0.0,D2-C2-R3-30m,PRIMARY_ZERO_MAKER,3,2026-06-19T04:03:59.999000+00:00,MUUSDT,,US_STOCK:2026-06-18T20:00:00+00:00:2026-06-22T08:00:00+00:00
FALSE_BREAKOUT,,0.0,D2-C3-R3-10m,PRIMARY_ZERO_MAKER,3,2026-06-19T04:03:59.999000+00:00,MUUSDT,,US_STOCK:2026-06-18T20:00:00+00:00:2026-06-22T08:00:00+00:00
FALSE_BREAKOUT,,0.0,D2-C3-R3-20m,PRIMARY_ZERO_MAKER,3,2026-06-19T04:03:59.999000+00:00,MUUSDT,,US_STOCK:2026-06-18T20:00:00+00:00:2026-06-22T08:00:00+00:00
FALSE_BREAKOUT,,0.0,D2-C3-R3-30m,PRIMARY_ZERO_MAKER,3,2026-06-19T04:03:59.999000+00:00,MUUSDT,,US_STOCK:2026-06-18T20:00:00+00:00:2026-06-22T08:00:00+00:00
FALSE_BREAKOUT,,0.0,D2-C1-R3-10m,PRIMARY_ZERO_MAKER,10,2026-06-19T04:03:59.999000+00:00,MUUSDT,,US_STOCK:2026-06-18T20:00:00+00:00:2026-06-22T08:00:00+00:00
FALSE_BREAKOUT,,0.0,D2-C1-R3-20m,PRIMARY_ZERO_MAKER,10,2026-06-19T04:03:59.999000+00:00,MUUSDT,,US_STOCK:2026-06-18T20:00:00+00:00:2026-06-22T08:00:00+00:00
FALSE_BREAKOUT,,0.0,D2-C1-R3-30m,PRIMARY_ZERO_MAKER,10,2026-06-19T04:03:59.999000+00:00,MUUSDT,,US_STOCK:2026-06-18T20:00:00+00:00:2026-06-22T08:00:00+00:00
FALSE_BREAKOUT,,0.0,D2-C2-R3-10m,PRIMARY_ZERO_MAKER,10,2026-06-19T04:03:59.999000+00:00,MUUSDT,,US_STOCK:2026-06-18T20:00:00+00:00:2026-06-22T08:00:00+00:00
FALSE_BREAKOUT,,0.0,D2-C2-R3-20m,PRIMARY_ZERO_MAKER,10,2026-06-19T04:03:59.999000+00:00,MUUSDT,,US_STOCK:2026-06-18T20:00:00+00:00:2026-06-22T08:00:00+00:00
FALSE_BREAKOUT,,0.0,D2-C2-R3-30m,PRIMARY_ZERO_MAKER,10,2026-06-19T04:03:59.999000+00:00,MUUSDT,,US_STOCK:2026-06-18T20:00:00+00:00:2026-06-22T08:00:00+00:00
FALSE_BREAKOUT,,0.0,D2-C3-R3-10m,PRIMARY_ZERO_MAKER,10,2026-06-19T04:03:59.999000+00:00,MUUSDT,,US_STOCK:2026-06-18T20:00:00+00:00:2026-06-22T08:00:00+00:00
FALSE_BREAKOUT,,0.0,D2-C3-R3-20m,PRIMARY_ZERO_MAKER,10,2026-06-19T04:03:59.999000+00:00,MUUSDT,,US_STOCK:2026-06-18T20:00:00+00:00:2026-06-22T08:00:00+00:00
FALSE_BREAKOUT,,0.0,D2-C3-R3-30m,PRIMARY_ZERO_MAKER,10,2026-06-19T04:03:59.999000+00:00,MUUSDT,,US_STOCK:2026-06-18T20:00:00+00:00:2026-06-22T08:00:00+00:00
FALSE_BREAKOUT,,0.0,D2-C1-R3-10m,PRIMARY_ZERO_MAKER,17,2026-06-19T04:03:59.999000+00:00,MUUSDT,,US_STOCK:2026-06-18T20:00:00+00:00:2026-06-22T08:00:00+00:00
FALSE_BREAKOUT,,0.0,D2-C1-R3-20m,PRIMARY_ZERO_MAKER,17,2026-06-19T04:03:59.999000+00:00,MUUSDT,,US_STOCK:2026-06-18T20:00:00+00:00:2026-06-22T08:00:00+00:00
FALSE_BREAKOUT,,0.0,D2-C1-R3-30m,PRIMARY_ZERO_MAKER,17,2026-06-19T04:03:59.999000+00:00,MUUSDT,,US_STOCK:2026-06-18T20:00:00+00:00:2026-06-22T08:00:00+00:00
FALSE_BREAKOUT,,0.0,D2-C2-R3-10m,PRIMARY_ZERO_MAKER,17,2026-06-19T04:03:59.999000+00:00,MUUSDT,,US_STOCK:2026-06-18T20:00:00+00:00:2026-06-22T08:00:00+00:00
FALSE_BREAKOUT,,0.0,D2-C2-R3-20m,PRIMARY_ZERO_MAKER,17,2026-06-19T04:03:59.999000+00:00,MUUSDT,,US_STOCK:2026-06-18T20:00:00+00:00:2026-06-22T08:00:00+00:00
FALSE_BREAKOUT,,0.0,D2-C2-R3-30m,PRIMARY_ZERO_MAKER,17,2026-06-19T04:03:59.999000+00:00,MUUSDT,,US_STOCK:2026-06-18T20:00:00+00:00:2026-06-22T08:00:00+00:00
FALSE_BREAKOUT,,0.0,D2-C3-R3-10m,PRIMARY_ZERO_MAKER,17,2026-06-19T04:03:59.999000+00:00,MUUSDT,,US_STOCK:2026-06-18T20:00:00+00:00:2026-06-22T08:00:00+00:00
FALSE_BREAKOUT,,0.0,D2-C3-R3-20m,PRIMARY_ZERO_MAKER,17,2026-06-19T04:03:59.999000+00:00,MUUSDT,,US_STOCK:2026-06-18T20:00:00+00:00:2026-06-22T08:00:00+00:00
FALSE_BREAKOUT,,0.0,D2-C3-R3-30m,PRIMARY_ZERO_MAKER,17,2026-06-19T04:03:59.999000+00:00,MUUSDT,,US_STOCK:2026-06-18T20:00:00+00:00:2026-06-22T08:00:00+00:00
FALSE_BREAKOUT,,0.0,D2-C1-R3-10m,PRIMARY_ZERO_MAKER,31,2026-06-19T04:03:59.999000+00:00,MUUSDT,,US_STOCK:2026-06-18T20:00:00+00:00:2026-06-22T08:00:00+00:00
FALSE_BREAKOUT,,0.0,D2-C1-R3-20m,PRIMARY_ZERO_MAKER,31,2026-06-19T04:03:59.999000+00:00,MUUSDT,,US_STOCK:2026-06-18T20:00:00+00:00:2026-06-22T08:00:00+00:00
FALSE_BREAKOUT,,0.0,D2-C1-R3-30m,PRIMARY_ZERO_MAKER,31,2026-06-19T04:03:59.999000+00:00,MUUSDT,,US_STOCK:2026-06-18T20:00:00+00:00:2026-06-22T08:00:00+00:00
FALSE_BREAKOUT,,0.0,D2-C2-R3-10m,PRIMARY_ZERO_MAKER,31,2026-06-19T04:03:59.999000+00:00,MUUSDT,,US_STOCK:2026-06-18T20:00:00+00:00:2026-06-22T08:00:00+00:00
FALSE_BREAKOUT,,0.0,D2-C2-R3-20m,PRIMARY_ZERO_MAKER,31,2026-06-19T04:03:59.999000+00:00,MUUSDT,,US_STOCK:2026-06-18T20:00:00+00:00:2026-06-22T08:00:00+00:00
FALSE_BREAKOUT,,0.0,D2-C2-R3-30m,PRIMARY_ZERO_MAKER,31,2026-06-19T04:03:59.999000+00:00,MUUSDT,,US_STOCK:2026-06-18T20:00:00+00:00:2026-06-22T08:00:00+00:00
FALSE_BREAKOUT,,0.0,D2-C3-R3-10m,PRIMARY_ZERO_MAKER,31,2026-06-19T04:03:59.999000+00:00,MUUSDT,,US_STOCK:2026-06-18T20:00:00+00:00:2026-06-22T08:00:00+00:00
FALSE_BREAKOUT,,0.0,D2-C3-R3-20m,PRIMARY_ZERO_MAKER,31,2026-06-19T04:03:59.999000+00:00,MUUSDT,,US_STOCK:2026-06-18T20:00:00+00:00:2026-06-22T08:00:00+00:00
FALSE_BREAKOUT,,0.0,D2-C3-R3-30m,PRIMARY_ZERO_MAKER,31,2026-06-19T04:03:59.999000+00:00,MUUSDT,,US_STOCK:2026-06-18T20:00:00+00:00:2026-06-22T08:00:00+00:00
FALSE_BREAKOUT,,0.0,D2-C1-R3-10m,PRIMARY_ZERO_MAKER,59,2026-06-19T04:03:59.999000+00:00,MUUSDT,,US_STOCK:2026-06-18T20:00:00+00:00:2026-06-22T08:00:00+00:00
FALSE_BREAKOUT,,0.0,D2-C1-R3-20m,PRIMARY_ZERO_MAKER,59,2026-06-19T04:03:59.999000+00:00,MUUSDT,,US_STOCK:2026-06-18T20:00:00+00:00:2026-06-22T08:00:00+00:00
FALSE_BREAKOUT,,0.0,D2-C1-R3-30m,PRIMARY_ZERO_MAKER,59,2026-06-19T04:03:59.999000+00:00,MUUSDT,,US_STOCK:2026-06-18T20:00:00+00:00:2026-06-22T08:00:00+00:00
FALSE_BREAKOUT,,0.0,D2-C2-R3-10m,PRIMARY_ZERO_MAKER,59,2026-06-19T04:03:59.999000+00:00,MUUSDT,,US_STOCK:2026-06-18T20:00:00+00:00:2026-06-22T08:00:00+00:00
FALSE_BREAKOUT,,0.0,D2-C2-R3-20m,PRIMARY_ZERO_MAKER,59,2026-06-19T04:03:59.999000+00:00,MUUSDT,,US_STOCK:2026-06-18T20:00:00+00:00:2026-06-22T08:00:00+00:00
FALSE_BREAKOUT,,0.0,D2-C2-R3-30m,PRIMARY_ZERO_MAKER,59,2026-06-19T04:03:59.999000+00:00,MUUSDT,,US_STOCK:2026-06-18T20:00:00+00:00:2026-06-22T08:00:00+00:00
FALSE_BREAKOUT,,0.0,D2-C3-R3-10m,PRIMARY_ZERO_MAKER,59,2026-06-19T04:03:59.999000+00:00,MUUSDT,,US_STOCK:2026-06-18T20:00:00+00:00:2026-06-22T08:00:00+00:00
FALSE_BREAKOUT,,0.0,D2-C3-R3-20m,PRIMARY_ZERO_MAKER,59,2026-06-19T04:03:59.999000+00:00,MUUSDT,,US_STOCK:2026-06-18T20:00:00+00:00:2026-06-22T08:00:00+00:00
FALSE_BREAKOUT,,0.0,D2-C3-R3-30m,PRIMARY_ZERO_MAKER,59,2026-06-19T04:03:59.999000+00:00,MUUSDT,,US_STOCK:2026-06-18T20:00:00+00:00:2026-06-22T08:00:00+00:00
FALSE_BREAKOUT,,0.0,D2-C1-R3-10m,PRIMARY_ZERO_MAKER,97,2026-06-19T04:03:59.999000+00:00,MUUSDT,,US_STOCK:2026-06-18T20:00:00+00:00:2026-06-22T08:00:00+00:00
FALSE_BREAKOUT,,0.0,D2-C1-R3-20m,PRIMARY_ZERO_MAKER,97,2026-06-19T04:03:59.999000+00:00,MUUSDT,,US_STOCK:2026-06-18T20:00:00+00:00:2026-06-22T08:00:00+00:00
FALSE_BREAKOUT,,0.0,D2-C1-R3-30m,PRIMARY_ZERO_MAKER,97,2026-06-19T04:03:59.999000+00:00,MUUSDT,,US_STOCK:2026-06-18T20:00:00+00:00:2026-06-22T08:00:00+00:00
FALSE_BREAKOUT,,0.0,D2-C2-R3-10m,PRIMARY_ZERO_MAKER,97,2026-06-19T04:03:59.999000+00:00,MUUSDT,,US_STOCK:2026-06-18T20:00:00+00:00:2026-06-22T08:00:00+00:00
FALSE_BREAKOUT,,0.0,D2-C2-R3-20m,PRIMARY_ZERO_MAKER,97,2026-06-19T04:03:59.999000+00:00,MUUSDT,,US_STOCK:2026-06-18T20:00:00+00:00:2026-06-22T08:00:00+00:00
FALSE_BREAKOUT,,0.0,D2-C2-R3-30m,PRIMARY_ZERO_MAKER,97,2026-06-19T04:03:59.999000+00:00,MUUSDT,,US_STOCK:2026-06-18T20:00:00+00:00:2026-06-22T08:00:00+00:00
FALSE_BREAKOUT,,0.0,D2-C3-R3-10m,PRIMARY_ZERO_MAKER,97,2026-06-19T04:03:59.999000+00:00,MUUSDT,,US_STOCK:2026-06-18T20:00:00+00:00:2026-06-22T08:00:00+00:00
FALSE_BREAKOUT,,0.0,D2-C3-R3-20m,PRIMARY_ZERO_MAKER,97,2026-06-19T04:03:59.999000+00:00,MUUSDT,,US_STOCK:2026-06-18T20:00:00+00:00:2026-06-22T08:00:00+00:00
FALSE_BREAKOUT,,0.0,D2-C3-R3-30m,PRIMARY_ZERO_MAKER,97,2026-06-19T04:03:59.999000+00:00,MUUSDT,,US_STOCK:2026-06-18T20:00:00+00:00:2026-06-22T08:00:00+00:00
FALSE_BREAKOUT,,0.0,D2-C1-R3-10m,EXECUTION_STRESS,3,2026-06-19T04:03:59.999000+00:00,MUUSDT,,US_STOCK:2026-06-18T20:00:00+00:00:2026-06-22T08:00:00+00:00
FALSE_BREAKOUT,,0.0,D2-C1-R3-20m,EXECUTION_STRESS,3,2026-06-19T04:03:59.999000+00:00,MUUSDT,,US_STOCK:2026-06-18T20:00:00+00:00:2026-06-22T08:00:00+00:00
FALSE_BREAKOUT,,0.0,D2-C1-R3-30m,EXECUTION_STRESS,3,2026-06-19T04:03:59.999000+00:00,MUUSDT,,US_STOCK:2026-06-18T20:00:00+00:00:2026-06-22T08:00:00+00:00
FALSE_BREAKOUT,,0.0,D2-C2-R3-10m,EXECUTION_STRESS,3,2026-06-19T04:03:59.999000+00:00,MUUSDT,,US_STOCK:2026-06-18T20:00:00+00:00:2026-06-22T08:00:00+00:00
FALSE_BREAKOUT,,0.0,D2-C2-R3-20m,EXECUTION_STRESS,3,2026-06-19T04:03:59.999000+00:00,MUUSDT,,US_STOCK:2026-06-18T20:00:00+00:00:2026-06-22T08:00:00+00:00
FALSE_BREAKOUT,,0.0,D2-C2-R3-30m,EXECUTION_STRESS,3,2026-06-19T04:03:59.999000+00:00,MUUSDT,,US_STOCK:2026-06-18T20:00:00+00:00:2026-06-22T08:00:00+00:00
FALSE_BREAKOUT,,0.0,D2-C3-R3-10m,EXECUTION_STRESS,3,2026-06-19T04:03:59.999000+00:00,MUUSDT,,US_STOCK:2026-06-18T20:00:00+00:00:2026-06-22T08:00:00+00:00
FALSE_BREAKOUT,,0.0,D2-C3-R3-20m,EXECUTION_STRESS,3,2026-06-19T04:03:59.999000+00:00,MUUSDT,,US_STOCK:2026-06-18T20:00:00+00:00:2026-06-22T08:00:00+00:00
FALSE_BREAKOUT,,0.0,D2-C3-R3-30m,EXECUTION_STRESS,3,2026-06-19T04:03:59.999000+00:00,MUUSDT,,US_STOCK:2026-06-18T20:00:00+00:00:2026-06-22T08:00:00+00:00
FALSE_BREAKOUT,,0.0,D2-C1-R3-10m,EXECUTION_STRESS,10,2026-06-19T04:03:59.999000+00:00,MUUSDT,,US_STOCK:2026-06-18T20:00:00+00:00:2026-06-22T08:00:00+00:00
FALSE_BREAKOUT,,0.0,D2-C1-R3-20m,EXECUTION_STRESS,10,2026-06-19T04:03:59.999000+00:00,MUUSDT,,US_STOCK:2026-06-18T20:00:00+00:00:2026-06-22T08:00:00+00:00
FALSE_BREAKOUT,,0.0,D2-C1-R3-30m,EXECUTION_STRESS,10,2026-06-19T04:03:59.999000+00:00,MUUSDT,,US_STOCK:2026-06-18T20:00:00+00:00:2026-06-22T08:00:00+00:00
FALSE_BREAKOUT,,0.0,D2-C2-R3-10m,EXECUTION_STRESS,10,2026-06-19T04:03:59.999000+00:00,MUUSDT,,US_STOCK:2026-06-18T20:00:00+00:00:2026-06-22T08:00:00+00:00
FALSE_BREAKOUT,,0.0,D2-C2-R3-20m,EXECUTION_STRESS,10,2026-06-19T04:03:59.999000+00:00,MUUSDT,,US_STOCK:2026-06-18T20:00:00+00:00:2026-06-22T08:00:00+00:00
FALSE_BREAKOUT,,0.0,D2-C2-R3-30m,EXECUTION_STRESS,10,2026-06-19T04:03:59.999000+00:00,MUUSDT,,US_STOCK:2026-06-18T20:00:00+00:00:2026-06-22T08:00:00+00:00
FALSE_BREAKOUT,,0.0,D2-C3-R3-10m,EXECUTION_STRESS,10,2026-06-19T04:03:59.999000+00:00,MUUSDT,,US_STOCK:2026-06-18T20:00:00+00:00:2026-06-22T08:00:00+00:00
FALSE_BREAKOUT,,0.0,D2-C3-R3-20m,EXECUTION_STRESS,10,2026-06-19T04:03:59.999000+00:00,MUUSDT,,US_STOCK:2026-06-18T20:00:00+00:00:2026-06-22T08:00:00+00:00
FALSE_BREAKOUT,,0.0,D2-C3-R3-30m,EXECUTION_STRESS,10,2026-06-19T04:03:59.999000+00:00,MUUSDT,,US_STOCK:2026-06-18T20:00:00+00:00:2026-06-22T08:00:00+00:00
FALSE_BREAKOUT,,0.0,D2-C1-R3-10m,EXECUTION_STRESS,17,2026-06-19T04:03:59.999000+00:00,MUUSDT,,US_STOCK:2026-06-18T20:00:00+00:00:2026-06-22T08:00:00+00:00
FALSE_BREAKOUT,,0.0,D2-C1-R3-20m,EXECUTION_STRESS,17,2026-06-19T04:03:59.999000+00:00,MUUSDT,,US_STOCK:2026-06-18T20:00:00+00:00:2026-06-22T08:00:00+00:00
FALSE_BREAKOUT,,0.0,D2-C1-R3-30m,EXECUTION_STRESS,17,2026-06-19T04:03:59.999000+00:00,MUUSDT,,US_STOCK:2026-06-18T20:00:00+00:00:2026-06-22T08:00:00+00:00
FALSE_BREAKOUT,,0.0,D2-C2-R3-10m,EXECUTION_STRESS,17,2026-06-19T04:03:59.999000+00:00,MUUSDT,,US_STOCK:2026-06-18T20:00:00+00:00:2026-06-22T08:00:00+00:00
FALSE_BREAKOUT,,0.0,D2-C2-R3-20m,EXECUTION_STRESS,17,2026-06-19T04:03:59.999000+00:00,MUUSDT,,US_STOCK:2026-06-18T20:00:00+00:00:2026-06-22T08:00:00+00:00
FALSE_BREAKOUT,,0.0,D2-C2-R3-30m,EXECUTION_STRESS,17,2026-06-19T04:03:59.999000+00:00,MUUSDT,,US_STOCK:2026-06-18T20:00:00+00:00:2026-06-22T08:00:00+00:00
FALSE_BREAKOUT,,0.0,D2-C3-R3-10m,EXECUTION_STRESS,17,2026-06-19T04:03:59.999000+00:00,MUUSDT,,US_STOCK:2026-06-18T20:00:00+00:00:2026-06-22T08:00:00+00:00
FALSE_BREAKOUT,,0.0,D2-C3-R3-20m,EXECUTION_STRESS,17,2026-06-19T04:03:59.999000+00:00,MUUSDT,,US_STOCK:2026-06-18T20:00:00+00:00:2026-06-22T08:00:00+00:00
FALSE_BREAKOUT,,0.0,D2-C3-R3-30m,EXECUTION_STRESS,17,2026-06-19T04:03:59.999000+00:00,MUUSDT,,US_STOCK:2026-06-18T20:00:00+00:00:2026-06-22T08:00:00+00:00
FALSE_BREAKOUT,,0.0,D2-C1-R3-10m,EXECUTION_STRESS,31,2026-06-19T04:03:59.999000+00:00,MUUSDT,,US_STOCK:2026-06-18T20:00:00+00:00:2026-06-22T08:00:00+00:00
FALSE_BREAKOUT,,0.0,D2-C1-R3-20m,EXECUTION_STRESS,31,2026-06-19T04:03:59.999000+00:00,MUUSDT,,US_STOCK:2026-06-18T20:00:00+00:00:2026-06-22T08:00:00+00:00
FALSE_BREAKOUT,,0.0,D2-C1-R3-30m,EXECUTION_STRESS,31,2026-06-19T04:03:59.999000+00:00,MUUSDT,,US_STOCK:2026-06-18T20:00:00+00:00:2026-06-22T08:00:00+00:00
FALSE_BREAKOUT,,0.0,D2-C2-R3-10m,EXECUTION_STRESS,31,2026-06-19T04:03:59.999000+00:00,MUUSDT,,US_STOCK:2026-06-18T20:00:00+00:00:2026-06-22T08:00:00+00:00
FALSE_BREAKOUT,,0.0,D2-C2-R3-20m,EXECUTION_STRESS,31,2026-06-19T04:03:59.999000+00:00,MUUSDT,,US_STOCK:2026-06-18T20:00:00+00:00:2026-06-22T08:00:00+00:00
FALSE_BREAKOUT,,0.0,D2-C2-R3-30m,EXECUTION_STRESS,31,2026-06-19T04:03:59.999000+00:00,MUUSDT,,US_STOCK:2026-06-18T20:00:00+00:00:2026-06-22T08:00:00+00:00
FALSE_BREAKOUT,,0.0,D2-C3-R3-10m,EXECUTION_STRESS,31,2026-06-19T04:03:59.999000+00:00,MUUSDT,,US_STOCK:2026-06-18T20:00:00+00:00:2026-06-22T08:00:00+00:00
FALSE_BREAKOUT,,0.0,D2-C3-R3-20m,EXECUTION_STRESS,31,2026-06-19T04:03:59.999000+00:00,MUUSDT,,US_STOCK:2026-06-18T20:00:00+00:00:2026-06-22T08:00:00+00:00
FALSE_BREAKOUT,,0.0,D2-C3-R3-30m,EXECUTION_STRESS,31,2026-06-19T04:03:59.999000+00:00,MUUSDT,,US_STOCK:2026-06-18T20:00:00+00:00:2026-06-22T08:00:00+00:00
FALSE_BREAKOUT,,0.0,D2-C1-R3-10m,EXECUTION_STRESS,59,2026-06-19T04:03:59.999000+00:00,MUUSDT,,US_STOCK:2026-06-18T20:00:00+00:00:2026-06-22T08:00:00+00:00
FALSE_BREAKOUT,,0.0,D2-C1-R3-20m,EXECUTION_STRESS,59,2026-06-19T04:03:59.999000+00:00,MUUSDT,,US_STOCK:2026-06-18T20:00:00+00:00:2026-06-22T08:00:00+00:00
FALSE_BREAKOUT,,0.0,D2-C1-R3-30m,EXECUTION_STRESS,59,2026-06-19T04:03:59.999000+00:00,MUUSDT,,US_STOCK:2026-06-18T20:00:00+00:00:2026-06-22T08:00:00+00:00
FALSE_BREAKOUT,,0.0,D2-C2-R3-10m,EXECUTION_STRESS,59,2026-06-19T04:03:59.999000+00:00,MUUSDT,,US_STOCK:2026-06-18T20:00:00+00:00:2026-06-22T08:00:00+00:00
FALSE_BREAKOUT,,0.0,D2-C2-R3-20m,EXECUTION_STRESS,59,2026-06-19T04:03:59.999000+00:00,MUUSDT,,US_STOCK:2026-06-18T20:00:00+00:00:2026-06-22T08:00:00+00:00
FALSE_BREAKOUT,,0.0,D2-C2-R3-30m,EXECUTION_STRESS,59,2026-06-19T04:03:59.999000+00:00,MUUSDT,,US_STOCK:2026-06-18T20:00:00+00:00:2026-06-22T08:00:00+00:00
FALSE_BREAKOUT,,0.0,D2-C3-R3-10m,EXECUTION_STRESS,59,2026-06-19T04:03:59.999000+00:00,MUUSDT,,US_STOCK:2026-06-18T20:00:00+00:00:2026-06-22T08:00:00+00:00
FALSE_BREAKOUT,,0.0,D2-C3-R3-20m,EXECUTION_STRESS,59,2026-06-19T04:03:59.999000+00:00,MUUSDT,,US_STOCK:2026-06-18T20:00:00+00:00:2026-06-22T08:00:00+00:00
FALSE_BREAKOUT,,0.0,D2-C3-R3-30m,EXECUTION_STRESS,59,2026-06-19T04:03:59.999000+00:00,MUUSDT,,US_STOCK:2026-06-18T20:00:00+00:00:2026-06-22T08:00:00+00:00
FALSE_BREAKOUT,,0.0,D2-C1-R3-10m,EXECUTION_STRESS,97,2026-06-19T04:03:59.999000+00:00,MUUSDT,,US_STOCK:2026-06-18T20:00:00+00:00:2026-06-22T08:00:00+00:00
FALSE_BREAKOUT,,0.0,D2-C1-R3-20m,EXECUTION_STRESS,97,2026-06-19T04:03:59.999000+00:00,MUUSDT,,US_STOCK:2026-06-18T20:00:00+00:00:2026-06-22T08:00:00+00:00
FALSE_BREAKOUT,,0.0,D2-C1-R3-30m,EXECUTION_STRESS,97,2026-06-19T04:03:59.999000+00:00,MUUSDT,,US_STOCK:2026-06-18T20:00:00+00:00:2026-06-22T08:00:00+00:00
FALSE_BREAKOUT,,0.0,D2-C2-R3-10m,EXECUTION_STRESS,97,2026-06-19T04:03:59.999000+00:00,MUUSDT,,US_STOCK:2026-06-18T20:00:00+00:00:2026-06-22T08:00:00+00:00
FALSE_BREAKOUT,,0.0,D2-C2-R3-20m,EXECUTION_STRESS,97,2026-06-19T04:03:59.999000+00:00,MUUSDT,,US_STOCK:2026-06-18T20:00:00+00:00:2026-06-22T08:00:00+00:00
FALSE_BREAKOUT,,0.0,D2-C2-R3-30m,EXECUTION_STRESS,97,2026-06-19T04:03:59.999000+00:00,MUUSDT,,US_STOCK:2026-06-18T20:00:00+00:00:2026-06-22T08:00:00+00:00
FALSE_BREAKOUT,,0.0,D2-C3-R3-10m,EXECUTION_STRESS,97,2026-06-19T04:03:59.999000+00:00,MUUSDT,,US_STOCK:2026-06-18T20:00:00+00:00:2026-06-22T08:00:00+00:00
FALSE_BREAKOUT,,0.0,D2-C3-R3-20m,EXECUTION_STRESS,97,2026-06-19T04:03:59.999000+00:00,MUUSDT,,US_STOCK:2026-06-18T20:00:00+00:00:2026-06-22T08:00:00+00:00
FALSE_BREAKOUT,,0.0,D2-C3-R3-30m,EXECUTION_STRESS,97,2026-06-19T04:03:59.999000+00:00,MUUSDT,,US_STOCK:2026-06-18T20:00:00+00:00:2026-06-22T08:00:00+00:00
FALSE_BREAKOUT,,0.0,D2-C1-R3-10m,MAKER_PROMO_OFF,3,2026-06-19T04:03:59.999000+00:00,MUUSDT,,US_STOCK:2026-06-18T20:00:00+00:00:2026-06-22T08:00:00+00:00
FALSE_BREAKOUT,,0.0,D2-C1-R3-20m,MAKER_PROMO_OFF,3,2026-06-19T04:03:59.999000+00:00,MUUSDT,,US_STOCK:2026-06-18T20:00:00+00:00:2026-06-22T08:00:00+00:00
FALSE_BREAKOUT,,0.0,D2-C1-R3-30m,MAKER_PROMO_OFF,3,2026-06-19T04:03:59.999000+00:00,MUUSDT,,US_STOCK:2026-06-18T20:00:00+00:00:2026-06-22T08:00:00+00:00
FALSE_BREAKOUT,,0.0,D2-C2-R3-10m,MAKER_PROMO_OFF,3,2026-06-19T04:03:59.999000+00:00,MUUSDT,,US_STOCK:2026-06-18T20:00:00+00:00:2026-06-22T08:00:00+00:00
FALSE_BREAKOUT,,0.0,D2-C2-R3-20m,MAKER_PROMO_OFF,3,2026-06-19T04:03:59.999000+00:00,MUUSDT,,US_STOCK:2026-06-18T20:00:00+00:00:2026-06-22T08:00:00+00:00
FALSE_BREAKOUT,,0.0,D2-C2-R3-30m,MAKER_PROMO_OFF,3,2026-06-19T04:03:59.999000+00:00,MUUSDT,,US_STOCK:2026-06-18T20:00:00+00:00:2026-06-22T08:00:00+00:00
FALSE_BREAKOUT,,0.0,D2-C3-R3-10m,MAKER_PROMO_OFF,3,2026-06-19T04:03:59.999000+00:00,MUUSDT,,US_STOCK:2026-06-18T20:00:00+00:00:2026-06-22T08:00:00+00:00
FALSE_BREAKOUT,,0.0,D2-C3-R3-20m,MAKER_PROMO_OFF,3,2026-06-19T04:03:59.999000+00:00,MUUSDT,,US_STOCK:2026-06-18T20:00:00+00:00:2026-06-22T08:00:00+00:00
FALSE_BREAKOUT,,0.0,D2-C3-R3-30m,MAKER_PROMO_OFF,3,2026-06-19T04:03:59.999000+00:00,MUUSDT,,US_STOCK:2026-06-18T20:00:00+00:00:2026-06-22T08:00:00+00:00
FALSE_BREAKOUT,,0.0,D2-C1-R3-10m,MAKER_PROMO_OFF,10,2026-06-19T04:03:59.999000+00:00,MUUSDT,,US_STOCK:2026-06-18T20:00:00+00:00:2026-06-22T08:00:00+00:00
FALSE_BREAKOUT,,0.0,D2-C1-R3-20m,MAKER_PROMO_OFF,10,2026-06-19T04:03:59.999000+00:00,MUUSDT,,US_STOCK:2026-06-18T20:00:00+00:00:2026-06-22T08:00:00+00:00
FALSE_BREAKOUT,,0.0,D2-C1-R3-30m,MAKER_PROMO_OFF,10,2026-06-19T04:03:59.999000+00:00,MUUSDT,,US_STOCK:2026-06-18T20:00:00+00:00:2026-06-22T08:00:00+00:00
FALSE_BREAKOUT,,0.0,D2-C2-R3-10m,MAKER_PROMO_OFF,10,2026-06-19T04:03:59.999000+00:00,MUUSDT,,US_STOCK:2026-06-18T20:00:00+00:00:2026-06-22T08:00:00+00:00
FALSE_BREAKOUT,,0.0,D2-C2-R3-20m,MAKER_PROMO_OFF,10,2026-06-19T04:03:59.999000+00:00,MUUSDT,,US_STOCK:2026-06-18T20:00:00+00:00:2026-06-22T08:00:00+00:00
FALSE_BREAKOUT,,0.0,D2-C2-R3-30m,MAKER_PROMO_OFF,10,2026-06-19T04:03:59.999000+00:00,MUUSDT,,US_STOCK:2026-06-18T20:00:00+00:00:2026-06-22T08:00:00+00:00
FALSE_BREAKOUT,,0.0,D2-C3-R3-10m,MAKER_PROMO_OFF,10,2026-06-19T04:03:59.999000+00:00,MUUSDT,,US_STOCK:2026-06-18T20:00:00+00:00:2026-06-22T08:00:00+00:00
FALSE_BREAKOUT,,0.0,D2-C3-R3-20m,MAKER_PROMO_OFF,10,2026-06-19T04:03:59.999000+00:00,MUUSDT,,US_STOCK:2026-06-18T20:00:00+00:00:2026-06-22T08:00:00+00:00
FALSE_BREAKOUT,,0.0,D2-C3-R3-30m,MAKER_PROMO_OFF,10,2026-06-19T04:03:59.999000+00:00,MUUSDT,,US_STOCK:2026-06-18T20:00:00+00:00:2026-06-22T08:00:00+00:00
FALSE_BREAKOUT,,0.0,D2-C1-R3-10m,MAKER_PROMO_OFF,17,2026-06-19T04:03:59.999000+00:00,MUUSDT,,US_STOCK:2026-06-18T20:00:00+00:00:2026-06-22T08:00:00+00:00
FALSE_BREAKOUT,,0.0,D2-C1-R3-20m,MAKER_PROMO_OFF,17,2026-06-19T04:03:59.999000+00:00,MUUSDT,,US_STOCK:2026-06-18T20:00:00+00:00:2026-06-22T08:00:00+00:00
FALSE_BREAKOUT,,0.0,D2-C1-R3-30m,MAKER_PROMO_OFF,17,2026-06-19T04:03:59.999000+00:00,MUUSDT,,US_STOCK:2026-06-18T20:00:00+00:00:2026-06-22T08:00:00+00:00
FALSE_BREAKOUT,,0.0,D2-C2-R3-10m,MAKER_PROMO_OFF,17,2026-06-19T04:03:59.999000+00:00,MUUSDT,,US_STOCK:2026-06-18T20:00:00+00:00:2026-06-22T08:00:00+00:00
FALSE_BREAKOUT,,0.0,D2-C2-R3-20m,MAKER_PROMO_OFF,17,2026-06-19T04:03:59.999000+00:00,MUUSDT,,US_STOCK:2026-06-18T20:00:00+00:00:2026-06-22T08:00:00+00:00
FALSE_BREAKOUT,,0.0,D2-C2-R3-30m,MAKER_PROMO_OFF,17,2026-06-19T04:03:59.999000+00:00,MUUSDT,,US_STOCK:2026-06-18T20:00:00+00:00:2026-06-22T08:00:00+00:00
FALSE_BREAKOUT,,0.0,D2-C3-R3-10m,MAKER_PROMO_OFF,17,2026-06-19T04:03:59.999000+00:00,MUUSDT,,US_STOCK:2026-06-18T20:00:00+00:00:2026-06-22T08:00:00+00:00
FALSE_BREAKOUT,,0.0,D2-C3-R3-20m,MAKER_PROMO_OFF,17,2026-06-19T04:03:59.999000+00:00,MUUSDT,,US_STOCK:2026-06-18T20:00:00+00:00:2026-06-22T08:00:00+00:00
FALSE_BREAKOUT,,0.0,D2-C3-R3-30m,MAKER_PROMO_OFF,17,2026-06-19T04:03:59.999000+00:00,MUUSDT,,US_STOCK:2026-06-18T20:00:00+00:00:2026-06-22T08:00:00+00:00
FALSE_BREAKOUT,,0.0,D2-C1-R3-10m,MAKER_PROMO_OFF,31,2026-06-19T04:03:59.999000+00:00,MUUSDT,,US_STOCK:2026-06-18T20:00:00+00:00:2026-06-22T08:00:00+00:00
FALSE_BREAKOUT,,0.0,D2-C1-R3-20m,MAKER_PROMO_OFF,31,2026-06-19T04:03:59.999000+00:00,MUUSDT,,US_STOCK:2026-06-18T20:00:00+00:00:2026-06-22T08:00:00+00:00
FALSE_BREAKOUT,,0.0,D2-C1-R3-30m,MAKER_PROMO_OFF,31,2026-06-19T04:03:59.999000+00:00,MUUSDT,,US_STOCK:2026-06-18T20:00:00+00:00:2026-06-22T08:00:00+00:00
FALSE_BREAKOUT,,0.0,D2-C2-R3-10m,MAKER_PROMO_OFF,31,2026-06-19T04:03:59.999000+00:00,MUUSDT,,US_STOCK:2026-06-18T20:00:00+00:00:2026-06-22T08:00:00+00:00
FALSE_BREAKOUT,,0.0,D2-C2-R3-20m,MAKER_PROMO_OFF,31,2026-06-19T04:03:59.999000+00:00,MUUSDT,,US_STOCK:2026-06-18T20:00:00+00:00:2026-06-22T08:00:00+00:00
FALSE_BREAKOUT,,0.0,D2-C2-R3-30m,MAKER_PROMO_OFF,31,2026-06-19T04:03:59.999000+00:00,MUUSDT,,US_STOCK:2026-06-18T20:00:00+00:00:2026-06-22T08:00:00+00:00
FALSE_BREAKOUT,,0.0,D2-C3-R3-10m,MAKER_PROMO_OFF,31,2026-06-19T04:03:59.999000+00:00,MUUSDT,,US_STOCK:2026-06-18T20:00:00+00:00:2026-06-22T08:00:00+00:00
FALSE_BREAKOUT,,0.0,D2-C3-R3-20m,MAKER_PROMO_OFF,31,2026-06-19T04:03:59.999000+00:00,MUUSDT,,US_STOCK:2026-06-18T20:00:00+00:00:2026-06-22T08:00:00+00:00
FALSE_BREAKOUT,,0.0,D2-C3-R3-30m,MAKER_PROMO_OFF,31,2026-06-19T04:03:59.999000+00:00,MUUSDT,,US_STOCK:2026-06-18T20:00:00+00:00:2026-06-22T08:00:00+00:00
FALSE_BREAKOUT,,0.0,D2-C1-R3-10m,MAKER_PROMO_OFF,59,2026-06-19T04:03:59.999000+00:00,MUUSDT,,US_STOCK:2026-06-18T20:00:00+00:00:2026-06-22T08:00:00+00:00
FALSE_BREAKOUT,,0.0,D2-C1-R3-20m,MAKER_PROMO_OFF,59,2026-06-19T04:03:59.999000+00:00,MUUSDT,,US_STOCK:2026-06-18T20:00:00+00:00:2026-06-22T08:00:00+00:00
FALSE_BREAKOUT,,0.0,D2-C1-R3-30m,MAKER_PROMO_OFF,59,2026-06-19T04:03:59.999000+00:00,MUUSDT,,US_STOCK:2026-06-18T20:00:00+00:00:2026-06-22T08:00:00+00:00
FALSE_BREAKOUT,,0.0,D2-C2-R3-10m,MAKER_PROMO_OFF,59,2026-06-19T04:03:59.999000+00:00,MUUSDT,,US_STOCK:2026-06-18T20:00:00+00:00:2026-06-22T08:00:00+00:00
FALSE_BREAKOUT,,0.0,D2-C2-R3-20m,MAKER_PROMO_OFF,59,2026-06-19T04:03:59.999000+00:00,MUUSDT,,US_STOCK:2026-06-18T20:00:00+00:00:2026-06-22T08:00:00+00:00
FALSE_BREAKOUT,,0.0,D2-C2-R3-30m,MAKER_PROMO_OFF,59,2026-06-19T04:03:59.999000+00:00,MUUSDT,,US_STOCK:2026-06-18T20:00:00+00:00:2026-06-22T08:00:00+00:00
FALSE_BREAKOUT,,0.0,D2-C3-R3-10m,MAKER_PROMO_OFF,59,2026-06-19T04:03:59.999000+00:00,MUUSDT,,US_STOCK:2026-06-18T20:00:00+00:00:2026-06-22T08:00:00+00:00
FALSE_BREAKOUT,,0.0,D2-C3-R3-20m,MAKER_PROMO_OFF,59,2026-06-19T04:03:59.999000+00:00,MUUSDT,,US_STOCK:2026-06-18T20:00:00+00:00:2026-06-22T08:00:00+00:00
FALSE_BREAKOUT,,0.0,D2-C3-R3-30m,MAKER_PROMO_OFF,59,2026-06-19T04:03:59.999000+00:00,MUUSDT,,US_STOCK:2026-06-18T20:00:00+00:00:2026-06-22T08:00:00+00:00
FALSE_BREAKOUT,,0.0,D2-C1-R3-10m,MAKER_PROMO_OFF,97,2026-06-19T04:03:59.999000+00:00,MUUSDT,,US_STOCK:2026-06-18T20:00:00+00:00:2026-06-22T08:00:00+00:00
FALSE_BREAKOUT,,0.0,D2-C1-R3-20m,MAKER_PROMO_OFF,97,2026-06-19T04:03:59.999000+00:00,MUUSDT,,US_STOCK:2026-06-18T20:00:00+00:00:2026-06-22T08:00:00+00:00
FALSE_BREAKOUT,,0.0,D2-C1-R3-30m,MAKER_PROMO_OFF,97,2026-06-19T04:03:59.999000+00:00,MUUSDT,,US_STOCK:2026-06-18T20:00:00+00:00:2026-06-22T08:00:00+00:00
FALSE_BREAKOUT,,0.0,D2-C2-R3-10m,MAKER_PROMO_OFF,97,2026-06-19T04:03:59.999000+00:00,MUUSDT,,US_STOCK:2026-06-18T20:00:00+00:00:2026-06-22T08:00:00+00:00
FALSE_BREAKOUT,,0.0,D2-C2-R3-20m,MAKER_PROMO_OFF,97,2026-06-19T04:03:59.999000+00:00,MUUSDT,,US_STOCK:2026-06-18T20:00:00+00:00:2026-06-22T08:00:00+00:00
FALSE_BREAKOUT,,0.0,D2-C2-R3-30m,MAKER_PROMO_OFF,97,2026-06-19T04:03:59.999000+00:00,MUUSDT,,US_STOCK:2026-06-18T20:00:00+00:00:2026-06-22T08:00:00+00:00
FALSE_BREAKOUT,,0.0,D2-C3-R3-10m,MAKER_PROMO_OFF,97,2026-06-19T04:03:59.999000+00:00,MUUSDT,,US_STOCK:2026-06-18T20:00:00+00:00:2026-06-22T08:00:00+00:00
FALSE_BREAKOUT,,0.0,D2-C3-R3-20m,MAKER_PROMO_OFF,97,2026-06-19T04:03:59.999000+00:00,MUUSDT,,US_STOCK:2026-06-18T20:00:00+00:00:2026-06-22T08:00:00+00:00
FALSE_BREAKOUT,,0.0,D2-C3-R3-30m,MAKER_PROMO_OFF,97,2026-06-19T04:03:59.999000+00:00,MUUSDT,,US_STOCK:2026-06-18T20:00:00+00:00:2026-06-22T08:00:00+00:00
TRUE_BREAKOUT,2026-07-13T02:08:59.999000+00:00,5.014645671534811,D2-C1-R3-10m,PRIMARY_ZERO_MAKER,3,2026-07-13T01:58:59.999000+00:00,MUUSDT,10,US_STOCK:2026-07-10T20:00:00+00:00:2026-07-13T08:00:00+00:00
TRUE_BREAKOUT,2026-07-13T02:18:59.999000+00:00,4.844645671534806,D2-C1-R3-20m,PRIMARY_ZERO_MAKER,3,2026-07-13T01:58:59.999000+00:00,MUUSDT,20,US_STOCK:2026-07-10T20:00:00+00:00:2026-07-13T08:00:00+00:00
TRUE_BREAKOUT,2026-07-13T02:28:59.999000+00:00,4.074645671534801,D2-C1-R3-30m,PRIMARY_ZERO_MAKER,3,2026-07-13T01:58:59.999000+00:00,MUUSDT,30,US_STOCK:2026-07-10T20:00:00+00:00:2026-07-13T08:00:00+00:00
TRUE_BREAKOUT,2026-07-13T02:08:59.999000+00:00,5.014645671534811,D2-C2-R3-10m,PRIMARY_ZERO_MAKER,3,2026-07-13T01:58:59.999000+00:00,MUUSDT,10,US_STOCK:2026-07-10T20:00:00+00:00:2026-07-13T08:00:00+00:00
TRUE_BREAKOUT,,0.0,D2-C2-R3-20m,PRIMARY_ZERO_MAKER,3,2026-07-13T01:58:59.999000+00:00,MUUSDT,,US_STOCK:2026-07-10T20:00:00+00:00:2026-07-13T08:00:00+00:00
TRUE_BREAKOUT,,0.0,D2-C2-R3-30m,PRIMARY_ZERO_MAKER,3,2026-07-13T01:58:59.999000+00:00,MUUSDT,,US_STOCK:2026-07-10T20:00:00+00:00:2026-07-13T08:00:00+00:00
TRUE_BREAKOUT,2026-07-13T02:08:59.999000+00:00,5.014645671534811,D2-C3-R3-10m,PRIMARY_ZERO_MAKER,3,2026-07-13T01:58:59.999000+00:00,MUUSDT,10,US_STOCK:2026-07-10T20:00:00+00:00:2026-07-13T08:00:00+00:00
TRUE_BREAKOUT,,0.0,D2-C3-R3-20m,PRIMARY_ZERO_MAKER,3,2026-07-13T01:58:59.999000+00:00,MUUSDT,,US_STOCK:2026-07-10T20:00:00+00:00:2026-07-13T08:00:00+00:00
TRUE_BREAKOUT,,0.0,D2-C3-R3-30m,PRIMARY_ZERO_MAKER,3,2026-07-13T01:58:59.999000+00:00,MUUSDT,,US_STOCK:2026-07-10T20:00:00+00:00:2026-07-13T08:00:00+00:00
TRUE_BREAKOUT,2026-07-13T02:08:59.999000+00:00,5.014645671534811,D2-C1-R3-10m,PRIMARY_ZERO_MAKER,10,2026-07-13T01:58:59.999000+00:00,MUUSDT,10,US_STOCK:2026-07-10T20:00:00+00:00:2026-07-13T08:00:00+00:00
TRUE_BREAKOUT,2026-07-13T02:18:59.999000+00:00,4.844645671534806,D2-C1-R3-20m,PRIMARY_ZERO_MAKER,10,2026-07-13T01:58:59.999000+00:00,MUUSDT,20,US_STOCK:2026-07-10T20:00:00+00:00:2026-07-13T08:00:00+00:00
TRUE_BREAKOUT,2026-07-13T02:28:59.999000+00:00,4.074645671534801,D2-C1-R3-30m,PRIMARY_ZERO_MAKER,10,2026-07-13T01:58:59.999000+00:00,MUUSDT,30,US_STOCK:2026-07-10T20:00:00+00:00:2026-07-13T08:00:00+00:00
TRUE_BREAKOUT,2026-07-13T02:08:59.999000+00:00,5.014645671534811,D2-C2-R3-10m,PRIMARY_ZERO_MAKER,10,2026-07-13T01:58:59.999000+00:00,MUUSDT,10,US_STOCK:2026-07-10T20:00:00+00:00:2026-07-13T08:00:00+00:00
TRUE_BREAKOUT,,0.0,D2-C2-R3-20m,PRIMARY_ZERO_MAKER,10,2026-07-13T01:58:59.999000+00:00,MUUSDT,,US_STOCK:2026-07-10T20:00:00+00:00:2026-07-13T08:00:00+00:00
TRUE_BREAKOUT,,0.0,D2-C2-R3-30m,PRIMARY_ZERO_MAKER,10,2026-07-13T01:58:59.999000+00:00,MUUSDT,,US_STOCK:2026-07-10T20:00:00+00:00:2026-07-13T08:00:00+00:00
TRUE_BREAKOUT,2026-07-13T02:08:59.999000+00:00,5.014645671534811,D2-C3-R3-10m,PRIMARY_ZERO_MAKER,10,2026-07-13T01:58:59.999000+00:00,MUUSDT,10,US_STOCK:2026-07-10T20:00:00+00:00:2026-07-13T08:00:00+00:00
TRUE_BREAKOUT,,0.0,D2-C3-R3-20m,PRIMARY_ZERO_MAKER,10,2026-07-13T01:58:59.999000+00:00,MUUSDT,,US_STOCK:2026-07-10T20:00:00+00:00:2026-07-13T08:00:00+00:00
TRUE_BREAKOUT,,0.0,D2-C3-R3-30m,PRIMARY_ZERO_MAKER,10,2026-07-13T01:58:59.999000+00:00,MUUSDT,,US_STOCK:2026-07-10T20:00:00+00:00:2026-07-13T08:00:00+00:00
TRUE_BREAKOUT,2026-07-13T02:08:59.999000+00:00,5.014645671534811,D2-C1-R3-10m,PRIMARY_ZERO_MAKER,17,2026-07-13T01:58:59.999000+00:00,MUUSDT,10,US_STOCK:2026-07-10T20:00:00+00:00:2026-07-13T08:00:00+00:00
TRUE_BREAKOUT,2026-07-13T02:18:59.999000+00:00,4.844645671534806,D2-C1-R3-20m,PRIMARY_ZERO_MAKER,17,2026-07-13T01:58:59.999000+00:00,MUUSDT,20,US_STOCK:2026-07-10T20:00:00+00:00:2026-07-13T08:00:00+00:00
TRUE_BREAKOUT,2026-07-13T02:28:59.999000+00:00,4.074645671534801,D2-C1-R3-30m,PRIMARY_ZERO_MAKER,17,2026-07-13T01:58:59.999000+00:00,MUUSDT,30,US_STOCK:2026-07-10T20:00:00+00:00:2026-07-13T08:00:00+00:00
TRUE_BREAKOUT,2026-07-13T02:08:59.999000+00:00,5.014645671534811,D2-C2-R3-10m,PRIMARY_ZERO_MAKER,17,2026-07-13T01:58:59.999000+00:00,MUUSDT,10,US_STOCK:2026-07-10T20:00:00+00:00:2026-07-13T08:00:00+00:00
TRUE_BREAKOUT,,0.0,D2-C2-R3-20m,PRIMARY_ZERO_MAKER,17,2026-07-13T01:58:59.999000+00:00,MUUSDT,,US_STOCK:2026-07-10T20:00:00+00:00:2026-07-13T08:00:00+00:00
TRUE_BREAKOUT,,0.0,D2-C2-R3-30m,PRIMARY_ZERO_MAKER,17,2026-07-13T01:58:59.999000+00:00,MUUSDT,,US_STOCK:2026-07-10T20:00:00+00:00:2026-07-13T08:00:00+00:00
TRUE_BREAKOUT,2026-07-13T02:08:59.999000+00:00,5.014645671534811,D2-C3-R3-10m,PRIMARY_ZERO_MAKER,17,2026-07-13T01:58:59.999000+00:00,MUUSDT,10,US_STOCK:2026-07-10T20:00:00+00:00:2026-07-13T08:00:00+00:00
TRUE_BREAKOUT,,0.0,D2-C3-R3-20m,PRIMARY_ZERO_MAKER,17,2026-07-13T01:58:59.999000+00:00,MUUSDT,,US_STOCK:2026-07-10T20:00:00+00:00:2026-07-13T08:00:00+00:00
TRUE_BREAKOUT,,0.0,D2-C3-R3-30m,PRIMARY_ZERO_MAKER,17,2026-07-13T01:58:59.999000+00:00,MUUSDT,,US_STOCK:2026-07-10T20:00:00+00:00:2026-07-13T08:00:00+00:00
TRUE_BREAKOUT,2026-07-13T02:08:59.999000+00:00,5.014645671534811,D2-C1-R3-10m,PRIMARY_ZERO_MAKER,31,2026-07-13T01:58:59.999000+00:00,MUUSDT,10,US_STOCK:2026-07-10T20:00:00+00:00:2026-07-13T08:00:00+00:00
TRUE_BREAKOUT,2026-07-13T02:18:59.999000+00:00,4.844645671534806,D2-C1-R3-20m,PRIMARY_ZERO_MAKER,31,2026-07-13T01:58:59.999000+00:00,MUUSDT,20,US_STOCK:2026-07-10T20:00:00+00:00:2026-07-13T08:00:00+00:00
TRUE_BREAKOUT,2026-07-13T02:28:59.999000+00:00,4.074645671534801,D2-C1-R3-30m,PRIMARY_ZERO_MAKER,31,2026-07-13T01:58:59.999000+00:00,MUUSDT,30,US_STOCK:2026-07-10T20:00:00+00:00:2026-07-13T08:00:00+00:00
TRUE_BREAKOUT,2026-07-13T02:08:59.999000+00:00,5.014645671534811,D2-C2-R3-10m,PRIMARY_ZERO_MAKER,31,2026-07-13T01:58:59.999000+00:00,MUUSDT,10,US_STOCK:2026-07-10T20:00:00+00:00:2026-07-13T08:00:00+00:00
TRUE_BREAKOUT,,0.0,D2-C2-R3-20m,PRIMARY_ZERO_MAKER,31,2026-07-13T01:58:59.999000+00:00,MUUSDT,,US_STOCK:2026-07-10T20:00:00+00:00:2026-07-13T08:00:00+00:00
TRUE_BREAKOUT,,0.0,D2-C2-R3-30m,PRIMARY_ZERO_MAKER,31,2026-07-13T01:58:59.999000+00:00,MUUSDT,,US_STOCK:2026-07-10T20:00:00+00:00:2026-07-13T08:00:00+00:00
TRUE_BREAKOUT,2026-07-13T02:08:59.999000+00:00,5.014645671534811,D2-C3-R3-10m,PRIMARY_ZERO_MAKER,31,2026-07-13T01:58:59.999000+00:00,MUUSDT,10,US_STOCK:2026-07-10T20:00:00+00:00:2026-07-13T08:00:00+00:00
TRUE_BREAKOUT,,0.0,D2-C3-R3-20m,PRIMARY_ZERO_MAKER,31,2026-07-13T01:58:59.999000+00:00,MUUSDT,,US_STOCK:2026-07-10T20:00:00+00:00:2026-07-13T08:00:00+00:00
TRUE_BREAKOUT,,0.0,D2-C3-R3-30m,PRIMARY_ZERO_MAKER,31,2026-07-13T01:58:59.999000+00:00,MUUSDT,,US_STOCK:2026-07-10T20:00:00+00:00:2026-07-13T08:00:00+00:00
TRUE_BREAKOUT,2026-07-13T02:08:59.999000+00:00,5.014645671534811,D2-C1-R3-10m,PRIMARY_ZERO_MAKER,59,2026-07-13T01:58:59.999000+00:00,MUUSDT,10,US_STOCK:2026-07-10T20:00:00+00:00:2026-07-13T08:00:00+00:00
TRUE_BREAKOUT,2026-07-13T02:18:59.999000+00:00,4.844645671534806,D2-C1-R3-20m,PRIMARY_ZERO_MAKER,59,2026-07-13T01:58:59.999000+00:00,MUUSDT,20,US_STOCK:2026-07-10T20:00:00+00:00:2026-07-13T08:00:00+00:00
TRUE_BREAKOUT,2026-07-13T02:28:59.999000+00:00,4.074645671534801,D2-C1-R3-30m,PRIMARY_ZERO_MAKER,59,2026-07-13T01:58:59.999000+00:00,MUUSDT,30,US_STOCK:2026-07-10T20:00:00+00:00:2026-07-13T08:00:00+00:00
TRUE_BREAKOUT,2026-07-13T02:08:59.999000+00:00,5.014645671534811,D2-C2-R3-10m,PRIMARY_ZERO_MAKER,59,2026-07-13T01:58:59.999000+00:00,MUUSDT,10,US_STOCK:2026-07-10T20:00:00+00:00:2026-07-13T08:00:00+00:00
TRUE_BREAKOUT,,0.0,D2-C2-R3-20m,PRIMARY_ZERO_MAKER,59,2026-07-13T01:58:59.999000+00:00,MUUSDT,,US_STOCK:2026-07-10T20:00:00+00:00:2026-07-13T08:00:00+00:00
TRUE_BREAKOUT,,0.0,D2-C2-R3-30m,PRIMARY_ZERO_MAKER,59,2026-07-13T01:58:59.999000+00:00,MUUSDT,,US_STOCK:2026-07-10T20:00:00+00:00:2026-07-13T08:00:00+00:00
TRUE_BREAKOUT,2026-07-13T02:08:59.999000+00:00,5.014645671534811,D2-C3-R3-10m,PRIMARY_ZERO_MAKER,59,2026-07-13T01:58:59.999000+00:00,MUUSDT,10,US_STOCK:2026-07-10T20:00:00+00:00:2026-07-13T08:00:00+00:00
TRUE_BREAKOUT,,0.0,D2-C3-R3-20m,PRIMARY_ZERO_MAKER,59,2026-07-13T01:58:59.999000+00:00,MUUSDT,,US_STOCK:2026-07-10T20:00:00+00:00:2026-07-13T08:00:00+00:00
TRUE_BREAKOUT,,0.0,D2-C3-R3-30m,PRIMARY_ZERO_MAKER,59,2026-07-13T01:58:59.999000+00:00,MUUSDT,,US_STOCK:2026-07-10T20:00:00+00:00:2026-07-13T08:00:00+00:00
TRUE_BREAKOUT,2026-07-13T02:08:59.999000+00:00,5.014645671534811,D2-C1-R3-10m,PRIMARY_ZERO_MAKER,97,2026-07-13T01:58:59.999000+00:00,MUUSDT,10,US_STOCK:2026-07-10T20:00:00+00:00:2026-07-13T08:00:00+00:00
TRUE_BREAKOUT,2026-07-13T02:18:59.999000+00:00,4.844645671534806,D2-C1-R3-20m,PRIMARY_ZERO_MAKER,97,2026-07-13T01:58:59.999000+00:00,MUUSDT,20,US_STOCK:2026-07-10T20:00:00+00:00:2026-07-13T08:00:00+00:00
TRUE_BREAKOUT,2026-07-13T02:28:59.999000+00:00,4.074645671534801,D2-C1-R3-30m,PRIMARY_ZERO_MAKER,97,2026-07-13T01:58:59.999000+00:00,MUUSDT,30,US_STOCK:2026-07-10T20:00:00+00:00:2026-07-13T08:00:00+00:00
TRUE_BREAKOUT,2026-07-13T02:08:59.999000+00:00,5.014645671534811,D2-C2-R3-10m,PRIMARY_ZERO_MAKER,97,2026-07-13T01:58:59.999000+00:00,MUUSDT,10,US_STOCK:2026-07-10T20:00:00+00:00:2026-07-13T08:00:00+00:00
TRUE_BREAKOUT,,0.0,D2-C2-R3-20m,PRIMARY_ZERO_MAKER,97,2026-07-13T01:58:59.999000+00:00,MUUSDT,,US_STOCK:2026-07-10T20:00:00+00:00:2026-07-13T08:00:00+00:00
TRUE_BREAKOUT,,0.0,D2-C2-R3-30m,PRIMARY_ZERO_MAKER,97,2026-07-13T01:58:59.999000+00:00,MUUSDT,,US_STOCK:2026-07-10T20:00:00+00:00:2026-07-13T08:00:00+00:00
TRUE_BREAKOUT,2026-07-13T02:08:59.999000+00:00,5.014645671534811,D2-C3-R3-10m,PRIMARY_ZERO_MAKER,97,2026-07-13T01:58:59.999000+00:00,MUUSDT,10,US_STOCK:2026-07-10T20:00:00+00:00:2026-07-13T08:00:00+00:00
TRUE_BREAKOUT,,0.0,D2-C3-R3-20m,PRIMARY_ZERO_MAKER,97,2026-07-13T01:58:59.999000+00:00,MUUSDT,,US_STOCK:2026-07-10T20:00:00+00:00:2026-07-13T08:00:00+00:00
TRUE_BREAKOUT,,0.0,D2-C3-R3-30m,PRIMARY_ZERO_MAKER,97,2026-07-13T01:58:59.999000+00:00,MUUSDT,,US_STOCK:2026-07-10T20:00:00+00:00:2026-07-13T08:00:00+00:00
TRUE_BREAKOUT,2026-07-13T02:08:59.999000+00:00,5.014645671534811,D2-C1-R3-10m,EXECUTION_STRESS,3,2026-07-13T01:58:59.999000+00:00,MUUSDT,10,US_STOCK:2026-07-10T20:00:00+00:00:2026-07-13T08:00:00+00:00
TRUE_BREAKOUT,2026-07-13T02:18:59.999000+00:00,4.844645671534806,D2-C1-R3-20m,EXECUTION_STRESS,3,2026-07-13T01:58:59.999000+00:00,MUUSDT,20,US_STOCK:2026-07-10T20:00:00+00:00:2026-07-13T08:00:00+00:00
TRUE_BREAKOUT,2026-07-13T02:28:59.999000+00:00,4.074645671534801,D2-C1-R3-30m,EXECUTION_STRESS,3,2026-07-13T01:58:59.999000+00:00,MUUSDT,30,US_STOCK:2026-07-10T20:00:00+00:00:2026-07-13T08:00:00+00:00
TRUE_BREAKOUT,2026-07-13T02:08:59.999000+00:00,5.014645671534811,D2-C2-R3-10m,EXECUTION_STRESS,3,2026-07-13T01:58:59.999000+00:00,MUUSDT,10,US_STOCK:2026-07-10T20:00:00+00:00:2026-07-13T08:00:00+00:00
TRUE_BREAKOUT,,0.0,D2-C2-R3-20m,EXECUTION_STRESS,3,2026-07-13T01:58:59.999000+00:00,MUUSDT,,US_STOCK:2026-07-10T20:00:00+00:00:2026-07-13T08:00:00+00:00
TRUE_BREAKOUT,,0.0,D2-C2-R3-30m,EXECUTION_STRESS,3,2026-07-13T01:58:59.999000+00:00,MUUSDT,,US_STOCK:2026-07-10T20:00:00+00:00:2026-07-13T08:00:00+00:00
TRUE_BREAKOUT,2026-07-13T02:08:59.999000+00:00,5.014645671534811,D2-C3-R3-10m,EXECUTION_STRESS,3,2026-07-13T01:58:59.999000+00:00,MUUSDT,10,US_STOCK:2026-07-10T20:00:00+00:00:2026-07-13T08:00:00+00:00
TRUE_BREAKOUT,,0.0,D2-C3-R3-20m,EXECUTION_STRESS,3,2026-07-13T01:58:59.999000+00:00,MUUSDT,,US_STOCK:2026-07-10T20:00:00+00:00:2026-07-13T08:00:00+00:00
TRUE_BREAKOUT,,0.0,D2-C3-R3-30m,EXECUTION_STRESS,3,2026-07-13T01:58:59.999000+00:00,MUUSDT,,US_STOCK:2026-07-10T20:00:00+00:00:2026-07-13T08:00:00+00:00
TRUE_BREAKOUT,2026-07-13T02:08:59.999000+00:00,5.014645671534811,D2-C1-R3-10m,EXECUTION_STRESS,10,2026-07-13T01:58:59.999000+00:00,MUUSDT,10,US_STOCK:2026-07-10T20:00:00+00:00:2026-07-13T08:00:00+00:00
TRUE_BREAKOUT,2026-07-13T02:18:59.999000+00:00,4.844645671534806,D2-C1-R3-20m,EXECUTION_STRESS,10,2026-07-13T01:58:59.999000+00:00,MUUSDT,20,US_STOCK:2026-07-10T20:00:00+00:00:2026-07-13T08:00:00+00:00
TRUE_BREAKOUT,2026-07-13T02:28:59.999000+00:00,4.074645671534801,D2-C1-R3-30m,EXECUTION_STRESS,10,2026-07-13T01:58:59.999000+00:00,MUUSDT,30,US_STOCK:2026-07-10T20:00:00+00:00:2026-07-13T08:00:00+00:00
TRUE_BREAKOUT,2026-07-13T02:08:59.999000+00:00,5.014645671534811,D2-C2-R3-10m,EXECUTION_STRESS,10,2026-07-13T01:58:59.999000+00:00,MUUSDT,10,US_STOCK:2026-07-10T20:00:00+00:00:2026-07-13T08:00:00+00:00
TRUE_BREAKOUT,,0.0,D2-C2-R3-20m,EXECUTION_STRESS,10,2026-07-13T01:58:59.999000+00:00,MUUSDT,,US_STOCK:2026-07-10T20:00:00+00:00:2026-07-13T08:00:00+00:00
TRUE_BREAKOUT,,0.0,D2-C2-R3-30m,EXECUTION_STRESS,10,2026-07-13T01:58:59.999000+00:00,MUUSDT,,US_STOCK:2026-07-10T20:00:00+00:00:2026-07-13T08:00:00+00:00
TRUE_BREAKOUT,2026-07-13T02:08:59.999000+00:00,5.014645671534811,D2-C3-R3-10m,EXECUTION_STRESS,10,2026-07-13T01:58:59.999000+00:00,MUUSDT,10,US_STOCK:2026-07-10T20:00:00+00:00:2026-07-13T08:00:00+00:00
TRUE_BREAKOUT,,0.0,D2-C3-R3-20m,EXECUTION_STRESS,10,2026-07-13T01:58:59.999000+00:00,MUUSDT,,US_STOCK:2026-07-10T20:00:00+00:00:2026-07-13T08:00:00+00:00
TRUE_BREAKOUT,,0.0,D2-C3-R3-30m,EXECUTION_STRESS,10,2026-07-13T01:58:59.999000+00:00,MUUSDT,,US_STOCK:2026-07-10T20:00:00+00:00:2026-07-13T08:00:00+00:00
TRUE_BREAKOUT,2026-07-13T02:08:59.999000+00:00,5.014645671534811,D2-C1-R3-10m,EXECUTION_STRESS,17,2026-07-13T01:58:59.999000+00:00,MUUSDT,10,US_STOCK:2026-07-10T20:00:00+00:00:2026-07-13T08:00:00+00:00
TRUE_BREAKOUT,2026-07-13T02:18:59.999000+00:00,4.844645671534806,D2-C1-R3-20m,EXECUTION_STRESS,17,2026-07-13T01:58:59.999000+00:00,MUUSDT,20,US_STOCK:2026-07-10T20:00:00+00:00:2026-07-13T08:00:00+00:00
TRUE_BREAKOUT,2026-07-13T02:28:59.999000+00:00,4.074645671534801,D2-C1-R3-30m,EXECUTION_STRESS,17,2026-07-13T01:58:59.999000+00:00,MUUSDT,30,US_STOCK:2026-07-10T20:00:00+00:00:2026-07-13T08:00:00+00:00
TRUE_BREAKOUT,2026-07-13T02:08:59.999000+00:00,5.014645671534811,D2-C2-R3-10m,EXECUTION_STRESS,17,2026-07-13T01:58:59.999000+00:00,MUUSDT,10,US_STOCK:2026-07-10T20:00:00+00:00:2026-07-13T08:00:00+00:00
TRUE_BREAKOUT,,0.0,D2-C2-R3-20m,EXECUTION_STRESS,17,2026-07-13T01:58:59.999000+00:00,MUUSDT,,US_STOCK:2026-07-10T20:00:00+00:00:2026-07-13T08:00:00+00:00
TRUE_BREAKOUT,,0.0,D2-C2-R3-30m,EXECUTION_STRESS,17,2026-07-13T01:58:59.999000+00:00,MUUSDT,,US_STOCK:2026-07-10T20:00:00+00:00:2026-07-13T08:00:00+00:00
TRUE_BREAKOUT,2026-07-13T02:08:59.999000+00:00,5.014645671534811,D2-C3-R3-10m,EXECUTION_STRESS,17,2026-07-13T01:58:59.999000+00:00,MUUSDT,10,US_STOCK:2026-07-10T20:00:00+00:00:2026-07-13T08:00:00+00:00
TRUE_BREAKOUT,,0.0,D2-C3-R3-20m,EXECUTION_STRESS,17,2026-07-13T01:58:59.999000+00:00,MUUSDT,,US_STOCK:2026-07-10T20:00:00+00:00:2026-07-13T08:00:00+00:00
TRUE_BREAKOUT,,0.0,D2-C3-R3-30m,EXECUTION_STRESS,17,2026-07-13T01:58:59.999000+00:00,MUUSDT,,US_STOCK:2026-07-10T20:00:00+00:00:2026-07-13T08:00:00+00:00
TRUE_BREAKOUT,2026-07-13T02:08:59.999000+00:00,5.014645671534811,D2-C1-R3-10m,EXECUTION_STRESS,31,2026-07-13T01:58:59.999000+00:00,MUUSDT,10,US_STOCK:2026-07-10T20:00:00+00:00:2026-07-13T08:00:00+00:00
TRUE_BREAKOUT,2026-07-13T02:18:59.999000+00:00,4.844645671534806,D2-C1-R3-20m,EXECUTION_STRESS,31,2026-07-13T01:58:59.999000+00:00,MUUSDT,20,US_STOCK:2026-07-10T20:00:00+00:00:2026-07-13T08:00:00+00:00
TRUE_BREAKOUT,2026-07-13T02:28:59.999000+00:00,4.074645671534801,D2-C1-R3-30m,EXECUTION_STRESS,31,2026-07-13T01:58:59.999000+00:00,MUUSDT,30,US_STOCK:2026-07-10T20:00:00+00:00:2026-07-13T08:00:00+00:00
TRUE_BREAKOUT,2026-07-13T02:08:59.999000+00:00,5.014645671534811,D2-C2-R3-10m,EXECUTION_STRESS,31,2026-07-13T01:58:59.999000+00:00,MUUSDT,10,US_STOCK:2026-07-10T20:00:00+00:00:2026-07-13T08:00:00+00:00
TRUE_BREAKOUT,,0.0,D2-C2-R3-20m,EXECUTION_STRESS,31,2026-07-13T01:58:59.999000+00:00,MUUSDT,,US_STOCK:2026-07-10T20:00:00+00:00:2026-07-13T08:00:00+00:00
TRUE_BREAKOUT,,0.0,D2-C2-R3-30m,EXECUTION_STRESS,31,2026-07-13T01:58:59.999000+00:00,MUUSDT,,US_STOCK:2026-07-10T20:00:00+00:00:2026-07-13T08:00:00+00:00
TRUE_BREAKOUT,2026-07-13T02:08:59.999000+00:00,5.014645671534811,D2-C3-R3-10m,EXECUTION_STRESS,31,2026-07-13T01:58:59.999000+00:00,MUUSDT,10,US_STOCK:2026-07-10T20:00:00+00:00:2026-07-13T08:00:00+00:00
TRUE_BREAKOUT,,0.0,D2-C3-R3-20m,EXECUTION_STRESS,31,2026-07-13T01:58:59.999000+00:00,MUUSDT,,US_STOCK:2026-07-10T20:00:00+00:00:2026-07-13T08:00:00+00:00
TRUE_BREAKOUT,,0.0,D2-C3-R3-30m,EXECUTION_STRESS,31,2026-07-13T01:58:59.999000+00:00,MUUSDT,,US_STOCK:2026-07-10T20:00:00+00:00:2026-07-13T08:00:00+00:00
TRUE_BREAKOUT,2026-07-13T02:08:59.999000+00:00,5.014645671534811,D2-C1-R3-10m,EXECUTION_STRESS,59,2026-07-13T01:58:59.999000+00:00,MUUSDT,10,US_STOCK:2026-07-10T20:00:00+00:00:2026-07-13T08:00:00+00:00
TRUE_BREAKOUT,2026-07-13T02:18:59.999000+00:00,4.844645671534806,D2-C1-R3-20m,EXECUTION_STRESS,59,2026-07-13T01:58:59.999000+00:00,MUUSDT,20,US_STOCK:2026-07-10T20:00:00+00:00:2026-07-13T08:00:00+00:00
TRUE_BREAKOUT,2026-07-13T02:28:59.999000+00:00,4.074645671534801,D2-C1-R3-30m,EXECUTION_STRESS,59,2026-07-13T01:58:59.999000+00:00,MUUSDT,30,US_STOCK:2026-07-10T20:00:00+00:00:2026-07-13T08:00:00+00:00
TRUE_BREAKOUT,2026-07-13T02:08:59.999000+00:00,5.014645671534811,D2-C2-R3-10m,EXECUTION_STRESS,59,2026-07-13T01:58:59.999000+00:00,MUUSDT,10,US_STOCK:2026-07-10T20:00:00+00:00:2026-07-13T08:00:00+00:00
TRUE_BREAKOUT,,0.0,D2-C2-R3-20m,EXECUTION_STRESS,59,2026-07-13T01:58:59.999000+00:00,MUUSDT,,US_STOCK:2026-07-10T20:00:00+00:00:2026-07-13T08:00:00+00:00
TRUE_BREAKOUT,,0.0,D2-C2-R3-30m,EXECUTION_STRESS,59,2026-07-13T01:58:59.999000+00:00,MUUSDT,,US_STOCK:2026-07-10T20:00:00+00:00:2026-07-13T08:00:00+00:00
TRUE_BREAKOUT,2026-07-13T02:08:59.999000+00:00,5.014645671534811,D2-C3-R3-10m,EXECUTION_STRESS,59,2026-07-13T01:58:59.999000+00:00,MUUSDT,10,US_STOCK:2026-07-10T20:00:00+00:00:2026-07-13T08:00:00+00:00
TRUE_BREAKOUT,,0.0,D2-C3-R3-20m,EXECUTION_STRESS,59,2026-07-13T01:58:59.999000+00:00,MUUSDT,,US_STOCK:2026-07-10T20:00:00+00:00:2026-07-13T08:00:00+00:00
TRUE_BREAKOUT,,0.0,D2-C3-R3-30m,EXECUTION_STRESS,59,2026-07-13T01:58:59.999000+00:00,MUUSDT,,US_STOCK:2026-07-10T20:00:00+00:00:2026-07-13T08:00:00+00:00
TRUE_BREAKOUT,2026-07-13T02:08:59.999000+00:00,5.014645671534811,D2-C1-R3-10m,EXECUTION_STRESS,97,2026-07-13T01:58:59.999000+00:00,MUUSDT,10,US_STOCK:2026-07-10T20:00:00+00:00:2026-07-13T08:00:00+00:00
TRUE_BREAKOUT,2026-07-13T02:18:59.999000+00:00,4.844645671534806,D2-C1-R3-20m,EXECUTION_STRESS,97,2026-07-13T01:58:59.999000+00:00,MUUSDT,20,US_STOCK:2026-07-10T20:00:00+00:00:2026-07-13T08:00:00+00:00
TRUE_BREAKOUT,2026-07-13T02:28:59.999000+00:00,4.074645671534801,D2-C1-R3-30m,EXECUTION_STRESS,97,2026-07-13T01:58:59.999000+00:00,MUUSDT,30,US_STOCK:2026-07-10T20:00:00+00:00:2026-07-13T08:00:00+00:00
TRUE_BREAKOUT,2026-07-13T02:08:59.999000+00:00,5.014645671534811,D2-C2-R3-10m,EXECUTION_STRESS,97,2026-07-13T01:58:59.999000+00:00,MUUSDT,10,US_STOCK:2026-07-10T20:00:00+00:00:2026-07-13T08:00:00+00:00
TRUE_BREAKOUT,,0.0,D2-C2-R3-20m,EXECUTION_STRESS,97,2026-07-13T01:58:59.999000+00:00,MUUSDT,,US_STOCK:2026-07-10T20:00:00+00:00:2026-07-13T08:00:00+00:00
TRUE_BREAKOUT,,0.0,D2-C2-R3-30m,EXECUTION_STRESS,97,2026-07-13T01:58:59.999000+00:00,MUUSDT,,US_STOCK:2026-07-10T20:00:00+00:00:2026-07-13T08:00:00+00:00
TRUE_BREAKOUT,2026-07-13T02:08:59.999000+00:00,5.014645671534811,D2-C3-R3-10m,EXECUTION_STRESS,97,2026-07-13T01:58:59.999000+00:00,MUUSDT,10,US_STOCK:2026-07-10T20:00:00+00:00:2026-07-13T08:00:00+00:00
TRUE_BREAKOUT,,0.0,D2-C3-R3-20m,EXECUTION_STRESS,97,2026-07-13T01:58:59.999000+00:00,MUUSDT,,US_STOCK:2026-07-10T20:00:00+00:00:2026-07-13T08:00:00+00:00
TRUE_BREAKOUT,,0.0,D2-C3-R3-30m,EXECUTION_STRESS,97,2026-07-13T01:58:59.999000+00:00,MUUSDT,,US_STOCK:2026-07-10T20:00:00+00:00:2026-07-13T08:00:00+00:00
TRUE_BREAKOUT,2026-07-13T02:08:59.999000+00:00,5.014645671534811,D2-C1-R3-10m,MAKER_PROMO_OFF,3,2026-07-13T01:58:59.999000+00:00,MUUSDT,10,US_STOCK:2026-07-10T20:00:00+00:00:2026-07-13T08:00:00+00:00
TRUE_BREAKOUT,2026-07-13T02:18:59.999000+00:00,4.844645671534806,D2-C1-R3-20m,MAKER_PROMO_OFF,3,2026-07-13T01:58:59.999000+00:00,MUUSDT,20,US_STOCK:2026-07-10T20:00:00+00:00:2026-07-13T08:00:00+00:00
TRUE_BREAKOUT,2026-07-13T02:28:59.999000+00:00,4.074645671534801,D2-C1-R3-30m,MAKER_PROMO_OFF,3,2026-07-13T01:58:59.999000+00:00,MUUSDT,30,US_STOCK:2026-07-10T20:00:00+00:00:2026-07-13T08:00:00+00:00
TRUE_BREAKOUT,2026-07-13T02:08:59.999000+00:00,5.014645671534811,D2-C2-R3-10m,MAKER_PROMO_OFF,3,2026-07-13T01:58:59.999000+00:00,MUUSDT,10,US_STOCK:2026-07-10T20:00:00+00:00:2026-07-13T08:00:00+00:00
TRUE_BREAKOUT,,0.0,D2-C2-R3-20m,MAKER_PROMO_OFF,3,2026-07-13T01:58:59.999000+00:00,MUUSDT,,US_STOCK:2026-07-10T20:00:00+00:00:2026-07-13T08:00:00+00:00
TRUE_BREAKOUT,,0.0,D2-C2-R3-30m,MAKER_PROMO_OFF,3,2026-07-13T01:58:59.999000+00:00,MUUSDT,,US_STOCK:2026-07-10T20:00:00+00:00:2026-07-13T08:00:00+00:00
TRUE_BREAKOUT,2026-07-13T02:08:59.999000+00:00,5.014645671534811,D2-C3-R3-10m,MAKER_PROMO_OFF,3,2026-07-13T01:58:59.999000+00:00,MUUSDT,10,US_STOCK:2026-07-10T20:00:00+00:00:2026-07-13T08:00:00+00:00
TRUE_BREAKOUT,,0.0,D2-C3-R3-20m,MAKER_PROMO_OFF,3,2026-07-13T01:58:59.999000+00:00,MUUSDT,,US_STOCK:2026-07-10T20:00:00+00:00:2026-07-13T08:00:00+00:00
TRUE_BREAKOUT,,0.0,D2-C3-R3-30m,MAKER_PROMO_OFF,3,2026-07-13T01:58:59.999000+00:00,MUUSDT,,US_STOCK:2026-07-10T20:00:00+00:00:2026-07-13T08:00:00+00:00
TRUE_BREAKOUT,2026-07-13T02:08:59.999000+00:00,5.014645671534811,D2-C1-R3-10m,MAKER_PROMO_OFF,10,2026-07-13T01:58:59.999000+00:00,MUUSDT,10,US_STOCK:2026-07-10T20:00:00+00:00:2026-07-13T08:00:00+00:00
TRUE_BREAKOUT,2026-07-13T02:18:59.999000+00:00,4.844645671534806,D2-C1-R3-20m,MAKER_PROMO_OFF,10,2026-07-13T01:58:59.999000+00:00,MUUSDT,20,US_STOCK:2026-07-10T20:00:00+00:00:2026-07-13T08:00:00+00:00
TRUE_BREAKOUT,2026-07-13T02:28:59.999000+00:00,4.074645671534801,D2-C1-R3-30m,MAKER_PROMO_OFF,10,2026-07-13T01:58:59.999000+00:00,MUUSDT,30,US_STOCK:2026-07-10T20:00:00+00:00:2026-07-13T08:00:00+00:00
TRUE_BREAKOUT,2026-07-13T02:08:59.999000+00:00,5.014645671534811,D2-C2-R3-10m,MAKER_PROMO_OFF,10,2026-07-13T01:58:59.999000+00:00,MUUSDT,10,US_STOCK:2026-07-10T20:00:00+00:00:2026-07-13T08:00:00+00:00
TRUE_BREAKOUT,,0.0,D2-C2-R3-20m,MAKER_PROMO_OFF,10,2026-07-13T01:58:59.999000+00:00,MUUSDT,,US_STOCK:2026-07-10T20:00:00+00:00:2026-07-13T08:00:00+00:00
TRUE_BREAKOUT,,0.0,D2-C2-R3-30m,MAKER_PROMO_OFF,10,2026-07-13T01:58:59.999000+00:00,MUUSDT,,US_STOCK:2026-07-10T20:00:00+00:00:2026-07-13T08:00:00+00:00
TRUE_BREAKOUT,2026-07-13T02:08:59.999000+00:00,5.014645671534811,D2-C3-R3-10m,MAKER_PROMO_OFF,10,2026-07-13T01:58:59.999000+00:00,MUUSDT,10,US_STOCK:2026-07-10T20:00:00+00:00:2026-07-13T08:00:00+00:00
TRUE_BREAKOUT,,0.0,D2-C3-R3-20m,MAKER_PROMO_OFF,10,2026-07-13T01:58:59.999000+00:00,MUUSDT,,US_STOCK:2026-07-10T20:00:00+00:00:2026-07-13T08:00:00+00:00
TRUE_BREAKOUT,,0.0,D2-C3-R3-30m,MAKER_PROMO_OFF,10,2026-07-13T01:58:59.999000+00:00,MUUSDT,,US_STOCK:2026-07-10T20:00:00+00:00:2026-07-13T08:00:00+00:00
TRUE_BREAKOUT,2026-07-13T02:08:59.999000+00:00,5.014645671534811,D2-C1-R3-10m,MAKER_PROMO_OFF,17,2026-07-13T01:58:59.999000+00:00,MUUSDT,10,US_STOCK:2026-07-10T20:00:00+00:00:2026-07-13T08:00:00+00:00
TRUE_BREAKOUT,2026-07-13T02:18:59.999000+00:00,4.844645671534806,D2-C1-R3-20m,MAKER_PROMO_OFF,17,2026-07-13T01:58:59.999000+00:00,MUUSDT,20,US_STOCK:2026-07-10T20:00:00+00:00:2026-07-13T08:00:00+00:00
TRUE_BREAKOUT,2026-07-13T02:28:59.999000+00:00,4.074645671534801,D2-C1-R3-30m,MAKER_PROMO_OFF,17,2026-07-13T01:58:59.999000+00:00,MUUSDT,30,US_STOCK:2026-07-10T20:00:00+00:00:2026-07-13T08:00:00+00:00
TRUE_BREAKOUT,2026-07-13T02:08:59.999000+00:00,5.014645671534811,D2-C2-R3-10m,MAKER_PROMO_OFF,17,2026-07-13T01:58:59.999000+00:00,MUUSDT,10,US_STOCK:2026-07-10T20:00:00+00:00:2026-07-13T08:00:00+00:00
TRUE_BREAKOUT,,0.0,D2-C2-R3-20m,MAKER_PROMO_OFF,17,2026-07-13T01:58:59.999000+00:00,MUUSDT,,US_STOCK:2026-07-10T20:00:00+00:00:2026-07-13T08:00:00+00:00
TRUE_BREAKOUT,,0.0,D2-C2-R3-30m,MAKER_PROMO_OFF,17,2026-07-13T01:58:59.999000+00:00,MUUSDT,,US_STOCK:2026-07-10T20:00:00+00:00:2026-07-13T08:00:00+00:00
TRUE_BREAKOUT,2026-07-13T02:08:59.999000+00:00,5.014645671534811,D2-C3-R3-10m,MAKER_PROMO_OFF,17,2026-07-13T01:58:59.999000+00:00,MUUSDT,10,US_STOCK:2026-07-10T20:00:00+00:00:2026-07-13T08:00:00+00:00
TRUE_BREAKOUT,,0.0,D2-C3-R3-20m,MAKER_PROMO_OFF,17,2026-07-13T01:58:59.999000+00:00,MUUSDT,,US_STOCK:2026-07-10T20:00:00+00:00:2026-07-13T08:00:00+00:00
TRUE_BREAKOUT,,0.0,D2-C3-R3-30m,MAKER_PROMO_OFF,17,2026-07-13T01:58:59.999000+00:00,MUUSDT,,US_STOCK:2026-07-10T20:00:00+00:00:2026-07-13T08:00:00+00:00
TRUE_BREAKOUT,2026-07-13T02:08:59.999000+00:00,5.014645671534811,D2-C1-R3-10m,MAKER_PROMO_OFF,31,2026-07-13T01:58:59.999000+00:00,MUUSDT,10,US_STOCK:2026-07-10T20:00:00+00:00:2026-07-13T08:00:00+00:00
TRUE_BREAKOUT,2026-07-13T02:18:59.999000+00:00,4.844645671534806,D2-C1-R3-20m,MAKER_PROMO_OFF,31,2026-07-13T01:58:59.999000+00:00,MUUSDT,20,US_STOCK:2026-07-10T20:00:00+00:00:2026-07-13T08:00:00+00:00
TRUE_BREAKOUT,2026-07-13T02:28:59.999000+00:00,4.074645671534801,D2-C1-R3-30m,MAKER_PROMO_OFF,31,2026-07-13T01:58:59.999000+00:00,MUUSDT,30,US_STOCK:2026-07-10T20:00:00+00:00:2026-07-13T08:00:00+00:00
TRUE_BREAKOUT,2026-07-13T02:08:59.999000+00:00,5.014645671534811,D2-C2-R3-10m,MAKER_PROMO_OFF,31,2026-07-13T01:58:59.999000+00:00,MUUSDT,10,US_STOCK:2026-07-10T20:00:00+00:00:2026-07-13T08:00:00+00:00
TRUE_BREAKOUT,,0.0,D2-C2-R3-20m,MAKER_PROMO_OFF,31,2026-07-13T01:58:59.999000+00:00,MUUSDT,,US_STOCK:2026-07-10T20:00:00+00:00:2026-07-13T08:00:00+00:00
TRUE_BREAKOUT,,0.0,D2-C2-R3-30m,MAKER_PROMO_OFF,31,2026-07-13T01:58:59.999000+00:00,MUUSDT,,US_STOCK:2026-07-10T20:00:00+00:00:2026-07-13T08:00:00+00:00
TRUE_BREAKOUT,2026-07-13T02:08:59.999000+00:00,5.014645671534811,D2-C3-R3-10m,MAKER_PROMO_OFF,31,2026-07-13T01:58:59.999000+00:00,MUUSDT,10,US_STOCK:2026-07-10T20:00:00+00:00:2026-07-13T08:00:00+00:00
TRUE_BREAKOUT,,0.0,D2-C3-R3-20m,MAKER_PROMO_OFF,31,2026-07-13T01:58:59.999000+00:00,MUUSDT,,US_STOCK:2026-07-10T20:00:00+00:00:2026-07-13T08:00:00+00:00
TRUE_BREAKOUT,,0.0,D2-C3-R3-30m,MAKER_PROMO_OFF,31,2026-07-13T01:58:59.999000+00:00,MUUSDT,,US_STOCK:2026-07-10T20:00:00+00:00:2026-07-13T08:00:00+00:00
TRUE_BREAKOUT,2026-07-13T02:08:59.999000+00:00,5.014645671534811,D2-C1-R3-10m,MAKER_PROMO_OFF,59,2026-07-13T01:58:59.999000+00:00,MUUSDT,10,US_STOCK:2026-07-10T20:00:00+00:00:2026-07-13T08:00:00+00:00
TRUE_BREAKOUT,2026-07-13T02:18:59.999000+00:00,4.844645671534806,D2-C1-R3-20m,MAKER_PROMO_OFF,59,2026-07-13T01:58:59.999000+00:00,MUUSDT,20,US_STOCK:2026-07-10T20:00:00+00:00:2026-07-13T08:00:00+00:00
TRUE_BREAKOUT,2026-07-13T02:28:59.999000+00:00,4.074645671534801,D2-C1-R3-30m,MAKER_PROMO_OFF,59,2026-07-13T01:58:59.999000+00:00,MUUSDT,30,US_STOCK:2026-07-10T20:00:00+00:00:2026-07-13T08:00:00+00:00
TRUE_BREAKOUT,2026-07-13T02:08:59.999000+00:00,5.014645671534811,D2-C2-R3-10m,MAKER_PROMO_OFF,59,2026-07-13T01:58:59.999000+00:00,MUUSDT,10,US_STOCK:2026-07-10T20:00:00+00:00:2026-07-13T08:00:00+00:00
TRUE_BREAKOUT,,0.0,D2-C2-R3-20m,MAKER_PROMO_OFF,59,2026-07-13T01:58:59.999000+00:00,MUUSDT,,US_STOCK:2026-07-10T20:00:00+00:00:2026-07-13T08:00:00+00:00
TRUE_BREAKOUT,,0.0,D2-C2-R3-30m,MAKER_PROMO_OFF,59,2026-07-13T01:58:59.999000+00:00,MUUSDT,,US_STOCK:2026-07-10T20:00:00+00:00:2026-07-13T08:00:00+00:00
TRUE_BREAKOUT,2026-07-13T02:08:59.999000+00:00,5.014645671534811,D2-C3-R3-10m,MAKER_PROMO_OFF,59,2026-07-13T01:58:59.999000+00:00,MUUSDT,10,US_STOCK:2026-07-10T20:00:00+00:00:2026-07-13T08:00:00+00:00
TRUE_BREAKOUT,,0.0,D2-C3-R3-20m,MAKER_PROMO_OFF,59,2026-07-13T01:58:59.999000+00:00,MUUSDT,,US_STOCK:2026-07-10T20:00:00+00:00:2026-07-13T08:00:00+00:00
TRUE_BREAKOUT,,0.0,D2-C3-R3-30m,MAKER_PROMO_OFF,59,2026-07-13T01:58:59.999000+00:00,MUUSDT,,US_STOCK:2026-07-10T20:00:00+00:00:2026-07-13T08:00:00+00:00
TRUE_BREAKOUT,2026-07-13T02:08:59.999000+00:00,5.014645671534811,D2-C1-R3-10m,MAKER_PROMO_OFF,97,2026-07-13T01:58:59.999000+00:00,MUUSDT,10,US_STOCK:2026-07-10T20:00:00+00:00:2026-07-13T08:00:00+00:00
TRUE_BREAKOUT,2026-07-13T02:18:59.999000+00:00,4.844645671534806,D2-C1-R3-20m,MAKER_PROMO_OFF,97,2026-07-13T01:58:59.999000+00:00,MUUSDT,20,US_STOCK:2026-07-10T20:00:00+00:00:2026-07-13T08:00:00+00:00
TRUE_BREAKOUT,2026-07-13T02:28:59.999000+00:00,4.074645671534801,D2-C1-R3-30m,MAKER_PROMO_OFF,97,2026-07-13T01:58:59.999000+00:00,MUUSDT,30,US_STOCK:2026-07-10T20:00:00+00:00:2026-07-13T08:00:00+00:00
TRUE_BREAKOUT,2026-07-13T02:08:59.999000+00:00,5.014645671534811,D2-C2-R3-10m,MAKER_PROMO_OFF,97,2026-07-13T01:58:59.999000+00:00,MUUSDT,10,US_STOCK:2026-07-10T20:00:00+00:00:2026-07-13T08:00:00+00:00
TRUE_BREAKOUT,,0.0,D2-C2-R3-20m,MAKER_PROMO_OFF,97,2026-07-13T01:58:59.999000+00:00,MUUSDT,,US_STOCK:2026-07-10T20:00:00+00:00:2026-07-13T08:00:00+00:00
TRUE_BREAKOUT,,0.0,D2-C2-R3-30m,MAKER_PROMO_OFF,97,2026-07-13T01:58:59.999000+00:00,MUUSDT,,US_STOCK:2026-07-10T20:00:00+00:00:2026-07-13T08:00:00+00:00
TRUE_BREAKOUT,2026-07-13T02:08:59.999000+00:00,5.014645671534811,D2-C3-R3-10m,MAKER_PROMO_OFF,97,2026-07-13T01:58:59.999000+00:00,MUUSDT,10,US_STOCK:2026-07-10T20:00:00+00:00:2026-07-13T08:00:00+00:00
TRUE_BREAKOUT,,0.0,D2-C3-R3-20m,MAKER_PROMO_OFF,97,2026-07-13T01:58:59.999000+00:00,MUUSDT,,US_STOCK:2026-07-10T20:00:00+00:00:2026-07-13T08:00:00+00:00
TRUE_BREAKOUT,,0.0,D2-C3-R3-30m,MAKER_PROMO_OFF,97,2026-07-13T01:58:59.999000+00:00,MUUSDT,,US_STOCK:2026-07-10T20:00:00+00:00:2026-07-13T08:00:00+00:00
FALSE_BREAKOUT,,0.0,D2-C1-R3-10m,PRIMARY_ZERO_MAKER,3,2026-06-19T04:55:59.999000+00:00,SOXLUSDT,,US_LEVERAGED_ETF:2026-06-18T20:00:00+00:00:2026-06-22T08:00:00+00:00
FALSE_BREAKOUT,,0.0,D2-C1-R3-20m,PRIMARY_ZERO_MAKER,3,2026-06-19T04:55:59.999000+00:00,SOXLUSDT,,US_LEVERAGED_ETF:2026-06-18T20:00:00+00:00:2026-06-22T08:00:00+00:00
FALSE_BREAKOUT,,0.0,D2-C1-R3-30m,PRIMARY_ZERO_MAKER,3,2026-06-19T04:55:59.999000+00:00,SOXLUSDT,,US_LEVERAGED_ETF:2026-06-18T20:00:00+00:00:2026-06-22T08:00:00+00:00
FALSE_BREAKOUT,,0.0,D2-C2-R3-10m,PRIMARY_ZERO_MAKER,3,2026-06-19T04:55:59.999000+00:00,SOXLUSDT,,US_LEVERAGED_ETF:2026-06-18T20:00:00+00:00:2026-06-22T08:00:00+00:00
FALSE_BREAKOUT,,0.0,D2-C2-R3-20m,PRIMARY_ZERO_MAKER,3,2026-06-19T04:55:59.999000+00:00,SOXLUSDT,,US_LEVERAGED_ETF:2026-06-18T20:00:00+00:00:2026-06-22T08:00:00+00:00
FALSE_BREAKOUT,,0.0,D2-C2-R3-30m,PRIMARY_ZERO_MAKER,3,2026-06-19T04:55:59.999000+00:00,SOXLUSDT,,US_LEVERAGED_ETF:2026-06-18T20:00:00+00:00:2026-06-22T08:00:00+00:00
FALSE_BREAKOUT,,0.0,D2-C3-R3-10m,PRIMARY_ZERO_MAKER,3,2026-06-19T04:55:59.999000+00:00,SOXLUSDT,,US_LEVERAGED_ETF:2026-06-18T20:00:00+00:00:2026-06-22T08:00:00+00:00
FALSE_BREAKOUT,,0.0,D2-C3-R3-20m,PRIMARY_ZERO_MAKER,3,2026-06-19T04:55:59.999000+00:00,SOXLUSDT,,US_LEVERAGED_ETF:2026-06-18T20:00:00+00:00:2026-06-22T08:00:00+00:00
FALSE_BREAKOUT,,0.0,D2-C3-R3-30m,PRIMARY_ZERO_MAKER,3,2026-06-19T04:55:59.999000+00:00,SOXLUSDT,,US_LEVERAGED_ETF:2026-06-18T20:00:00+00:00:2026-06-22T08:00:00+00:00
FALSE_BREAKOUT,,0.0,D2-C1-R3-10m,PRIMARY_ZERO_MAKER,10,2026-06-19T04:55:59.999000+00:00,SOXLUSDT,,US_LEVERAGED_ETF:2026-06-18T20:00:00+00:00:2026-06-22T08:00:00+00:00
FALSE_BREAKOUT,,0.0,D2-C1-R3-20m,PRIMARY_ZERO_MAKER,10,2026-06-19T04:55:59.999000+00:00,SOXLUSDT,,US_LEVERAGED_ETF:2026-06-18T20:00:00+00:00:2026-06-22T08:00:00+00:00
FALSE_BREAKOUT,,0.0,D2-C1-R3-30m,PRIMARY_ZERO_MAKER,10,2026-06-19T04:55:59.999000+00:00,SOXLUSDT,,US_LEVERAGED_ETF:2026-06-18T20:00:00+00:00:2026-06-22T08:00:00+00:00
FALSE_BREAKOUT,,0.0,D2-C2-R3-10m,PRIMARY_ZERO_MAKER,10,2026-06-19T04:55:59.999000+00:00,SOXLUSDT,,US_LEVERAGED_ETF:2026-06-18T20:00:00+00:00:2026-06-22T08:00:00+00:00
FALSE_BREAKOUT,,0.0,D2-C2-R3-20m,PRIMARY_ZERO_MAKER,10,2026-06-19T04:55:59.999000+00:00,SOXLUSDT,,US_LEVERAGED_ETF:2026-06-18T20:00:00+00:00:2026-06-22T08:00:00+00:00
FALSE_BREAKOUT,,0.0,D2-C2-R3-30m,PRIMARY_ZERO_MAKER,10,2026-06-19T04:55:59.999000+00:00,SOXLUSDT,,US_LEVERAGED_ETF:2026-06-18T20:00:00+00:00:2026-06-22T08:00:00+00:00
FALSE_BREAKOUT,,0.0,D2-C3-R3-10m,PRIMARY_ZERO_MAKER,10,2026-06-19T04:55:59.999000+00:00,SOXLUSDT,,US_LEVERAGED_ETF:2026-06-18T20:00:00+00:00:2026-06-22T08:00:00+00:00
FALSE_BREAKOUT,,0.0,D2-C3-R3-20m,PRIMARY_ZERO_MAKER,10,2026-06-19T04:55:59.999000+00:00,SOXLUSDT,,US_LEVERAGED_ETF:2026-06-18T20:00:00+00:00:2026-06-22T08:00:00+00:00
FALSE_BREAKOUT,,0.0,D2-C3-R3-30m,PRIMARY_ZERO_MAKER,10,2026-06-19T04:55:59.999000+00:00,SOXLUSDT,,US_LEVERAGED_ETF:2026-06-18T20:00:00+00:00:2026-06-22T08:00:00+00:00
FALSE_BREAKOUT,,0.0,D2-C1-R3-10m,PRIMARY_ZERO_MAKER,17,2026-06-19T04:55:59.999000+00:00,SOXLUSDT,,US_LEVERAGED_ETF:2026-06-18T20:00:00+00:00:2026-06-22T08:00:00+00:00
FALSE_BREAKOUT,,0.0,D2-C1-R3-20m,PRIMARY_ZERO_MAKER,17,2026-06-19T04:55:59.999000+00:00,SOXLUSDT,,US_LEVERAGED_ETF:2026-06-18T20:00:00+00:00:2026-06-22T08:00:00+00:00
FALSE_BREAKOUT,,0.0,D2-C1-R3-30m,PRIMARY_ZERO_MAKER,17,2026-06-19T04:55:59.999000+00:00,SOXLUSDT,,US_LEVERAGED_ETF:2026-06-18T20:00:00+00:00:2026-06-22T08:00:00+00:00
FALSE_BREAKOUT,,0.0,D2-C2-R3-10m,PRIMARY_ZERO_MAKER,17,2026-06-19T04:55:59.999000+00:00,SOXLUSDT,,US_LEVERAGED_ETF:2026-06-18T20:00:00+00:00:2026-06-22T08:00:00+00:00
FALSE_BREAKOUT,,0.0,D2-C2-R3-20m,PRIMARY_ZERO_MAKER,17,2026-06-19T04:55:59.999000+00:00,SOXLUSDT,,US_LEVERAGED_ETF:2026-06-18T20:00:00+00:00:2026-06-22T08:00:00+00:00
FALSE_BREAKOUT,,0.0,D2-C2-R3-30m,PRIMARY_ZERO_MAKER,17,2026-06-19T04:55:59.999000+00:00,SOXLUSDT,,US_LEVERAGED_ETF:2026-06-18T20:00:00+00:00:2026-06-22T08:00:00+00:00
FALSE_BREAKOUT,,0.0,D2-C3-R3-10m,PRIMARY_ZERO_MAKER,17,2026-06-19T04:55:59.999000+00:00,SOXLUSDT,,US_LEVERAGED_ETF:2026-06-18T20:00:00+00:00:2026-06-22T08:00:00+00:00
FALSE_BREAKOUT,,0.0,D2-C3-R3-20m,PRIMARY_ZERO_MAKER,17,2026-06-19T04:55:59.999000+00:00,SOXLUSDT,,US_LEVERAGED_ETF:2026-06-18T20:00:00+00:00:2026-06-22T08:00:00+00:00
FALSE_BREAKOUT,,0.0,D2-C3-R3-30m,PRIMARY_ZERO_MAKER,17,2026-06-19T04:55:59.999000+00:00,SOXLUSDT,,US_LEVERAGED_ETF:2026-06-18T20:00:00+00:00:2026-06-22T08:00:00+00:00
FALSE_BREAKOUT,,0.0,D2-C1-R3-10m,PRIMARY_ZERO_MAKER,31,2026-06-19T04:55:59.999000+00:00,SOXLUSDT,,US_LEVERAGED_ETF:2026-06-18T20:00:00+00:00:2026-06-22T08:00:00+00:00
FALSE_BREAKOUT,,0.0,D2-C1-R3-20m,PRIMARY_ZERO_MAKER,31,2026-06-19T04:55:59.999000+00:00,SOXLUSDT,,US_LEVERAGED_ETF:2026-06-18T20:00:00+00:00:2026-06-22T08:00:00+00:00
FALSE_BREAKOUT,,0.0,D2-C1-R3-30m,PRIMARY_ZERO_MAKER,31,2026-06-19T04:55:59.999000+00:00,SOXLUSDT,,US_LEVERAGED_ETF:2026-06-18T20:00:00+00:00:2026-06-22T08:00:00+00:00
FALSE_BREAKOUT,,0.0,D2-C2-R3-10m,PRIMARY_ZERO_MAKER,31,2026-06-19T04:55:59.999000+00:00,SOXLUSDT,,US_LEVERAGED_ETF:2026-06-18T20:00:00+00:00:2026-06-22T08:00:00+00:00
FALSE_BREAKOUT,,0.0,D2-C2-R3-20m,PRIMARY_ZERO_MAKER,31,2026-06-19T04:55:59.999000+00:00,SOXLUSDT,,US_LEVERAGED_ETF:2026-06-18T20:00:00+00:00:2026-06-22T08:00:00+00:00
FALSE_BREAKOUT,,0.0,D2-C2-R3-30m,PRIMARY_ZERO_MAKER,31,2026-06-19T04:55:59.999000+00:00,SOXLUSDT,,US_LEVERAGED_ETF:2026-06-18T20:00:00+00:00:2026-06-22T08:00:00+00:00
FALSE_BREAKOUT,,0.0,D2-C3-R3-10m,PRIMARY_ZERO_MAKER,31,2026-06-19T04:55:59.999000+00:00,SOXLUSDT,,US_LEVERAGED_ETF:2026-06-18T20:00:00+00:00:2026-06-22T08:00:00+00:00
FALSE_BREAKOUT,,0.0,D2-C3-R3-20m,PRIMARY_ZERO_MAKER,31,2026-06-19T04:55:59.999000+00:00,SOXLUSDT,,US_LEVERAGED_ETF:2026-06-18T20:00:00+00:00:2026-06-22T08:00:00+00:00
FALSE_BREAKOUT,,0.0,D2-C3-R3-30m,PRIMARY_ZERO_MAKER,31,2026-06-19T04:55:59.999000+00:00,SOXLUSDT,,US_LEVERAGED_ETF:2026-06-18T20:00:00+00:00:2026-06-22T08:00:00+00:00
FALSE_BREAKOUT,,0.0,D2-C1-R3-10m,PRIMARY_ZERO_MAKER,59,2026-06-19T04:55:59.999000+00:00,SOXLUSDT,,US_LEVERAGED_ETF:2026-06-18T20:00:00+00:00:2026-06-22T08:00:00+00:00
FALSE_BREAKOUT,,0.0,D2-C1-R3-20m,PRIMARY_ZERO_MAKER,59,2026-06-19T04:55:59.999000+00:00,SOXLUSDT,,US_LEVERAGED_ETF:2026-06-18T20:00:00+00:00:2026-06-22T08:00:00+00:00
FALSE_BREAKOUT,,0.0,D2-C1-R3-30m,PRIMARY_ZERO_MAKER,59,2026-06-19T04:55:59.999000+00:00,SOXLUSDT,,US_LEVERAGED_ETF:2026-06-18T20:00:00+00:00:2026-06-22T08:00:00+00:00
FALSE_BREAKOUT,,0.0,D2-C2-R3-10m,PRIMARY_ZERO_MAKER,59,2026-06-19T04:55:59.999000+00:00,SOXLUSDT,,US_LEVERAGED_ETF:2026-06-18T20:00:00+00:00:2026-06-22T08:00:00+00:00
FALSE_BREAKOUT,,0.0,D2-C2-R3-20m,PRIMARY_ZERO_MAKER,59,2026-06-19T04:55:59.999000+00:00,SOXLUSDT,,US_LEVERAGED_ETF:2026-06-18T20:00:00+00:00:2026-06-22T08:00:00+00:00
FALSE_BREAKOUT,,0.0,D2-C2-R3-30m,PRIMARY_ZERO_MAKER,59,2026-06-19T04:55:59.999000+00:00,SOXLUSDT,,US_LEVERAGED_ETF:2026-06-18T20:00:00+00:00:2026-06-22T08:00:00+00:00
FALSE_BREAKOUT,,0.0,D2-C3-R3-10m,PRIMARY_ZERO_MAKER,59,2026-06-19T04:55:59.999000+00:00,SOXLUSDT,,US_LEVERAGED_ETF:2026-06-18T20:00:00+00:00:2026-06-22T08:00:00+00:00
FALSE_BREAKOUT,,0.0,D2-C3-R3-20m,PRIMARY_ZERO_MAKER,59,2026-06-19T04:55:59.999000+00:00,SOXLUSDT,,US_LEVERAGED_ETF:2026-06-18T20:00:00+00:00:2026-06-22T08:00:00+00:00
FALSE_BREAKOUT,,0.0,D2-C3-R3-30m,PRIMARY_ZERO_MAKER,59,2026-06-19T04:55:59.999000+00:00,SOXLUSDT,,US_LEVERAGED_ETF:2026-06-18T20:00:00+00:00:2026-06-22T08:00:00+00:00
FALSE_BREAKOUT,,0.0,D2-C1-R3-10m,PRIMARY_ZERO_MAKER,97,2026-06-19T04:55:59.999000+00:00,SOXLUSDT,,US_LEVERAGED_ETF:2026-06-18T20:00:00+00:00:2026-06-22T08:00:00+00:00
FALSE_BREAKOUT,,0.0,D2-C1-R3-20m,PRIMARY_ZERO_MAKER,97,2026-06-19T04:55:59.999000+00:00,SOXLUSDT,,US_LEVERAGED_ETF:2026-06-18T20:00:00+00:00:2026-06-22T08:00:00+00:00
FALSE_BREAKOUT,,0.0,D2-C1-R3-30m,PRIMARY_ZERO_MAKER,97,2026-06-19T04:55:59.999000+00:00,SOXLUSDT,,US_LEVERAGED_ETF:2026-06-18T20:00:00+00:00:2026-06-22T08:00:00+00:00
FALSE_BREAKOUT,,0.0,D2-C2-R3-10m,PRIMARY_ZERO_MAKER,97,2026-06-19T04:55:59.999000+00:00,SOXLUSDT,,US_LEVERAGED_ETF:2026-06-18T20:00:00+00:00:2026-06-22T08:00:00+00:00
FALSE_BREAKOUT,,0.0,D2-C2-R3-20m,PRIMARY_ZERO_MAKER,97,2026-06-19T04:55:59.999000+00:00,SOXLUSDT,,US_LEVERAGED_ETF:2026-06-18T20:00:00+00:00:2026-06-22T08:00:00+00:00
FALSE_BREAKOUT,,0.0,D2-C2-R3-30m,PRIMARY_ZERO_MAKER,97,2026-06-19T04:55:59.999000+00:00,SOXLUSDT,,US_LEVERAGED_ETF:2026-06-18T20:00:00+00:00:2026-06-22T08:00:00+00:00
FALSE_BREAKOUT,,0.0,D2-C3-R3-10m,PRIMARY_ZERO_MAKER,97,2026-06-19T04:55:59.999000+00:00,SOXLUSDT,,US_LEVERAGED_ETF:2026-06-18T20:00:00+00:00:2026-06-22T08:00:00+00:00
FALSE_BREAKOUT,,0.0,D2-C3-R3-20m,PRIMARY_ZERO_MAKER,97,2026-06-19T04:55:59.999000+00:00,SOXLUSDT,,US_LEVERAGED_ETF:2026-06-18T20:00:00+00:00:2026-06-22T08:00:00+00:00
FALSE_BREAKOUT,,0.0,D2-C3-R3-30m,PRIMARY_ZERO_MAKER,97,2026-06-19T04:55:59.999000+00:00,SOXLUSDT,,US_LEVERAGED_ETF:2026-06-18T20:00:00+00:00:2026-06-22T08:00:00+00:00
FALSE_BREAKOUT,,0.0,D2-C1-R3-10m,EXECUTION_STRESS,3,2026-06-19T04:55:59.999000+00:00,SOXLUSDT,,US_LEVERAGED_ETF:2026-06-18T20:00:00+00:00:2026-06-22T08:00:00+00:00
FALSE_BREAKOUT,,0.0,D2-C1-R3-20m,EXECUTION_STRESS,3,2026-06-19T04:55:59.999000+00:00,SOXLUSDT,,US_LEVERAGED_ETF:2026-06-18T20:00:00+00:00:2026-06-22T08:00:00+00:00
FALSE_BREAKOUT,,0.0,D2-C1-R3-30m,EXECUTION_STRESS,3,2026-06-19T04:55:59.999000+00:00,SOXLUSDT,,US_LEVERAGED_ETF:2026-06-18T20:00:00+00:00:2026-06-22T08:00:00+00:00
FALSE_BREAKOUT,,0.0,D2-C2-R3-10m,EXECUTION_STRESS,3,2026-06-19T04:55:59.999000+00:00,SOXLUSDT,,US_LEVERAGED_ETF:2026-06-18T20:00:00+00:00:2026-06-22T08:00:00+00:00
FALSE_BREAKOUT,,0.0,D2-C2-R3-20m,EXECUTION_STRESS,3,2026-06-19T04:55:59.999000+00:00,SOXLUSDT,,US_LEVERAGED_ETF:2026-06-18T20:00:00+00:00:2026-06-22T08:00:00+00:00
FALSE_BREAKOUT,,0.0,D2-C2-R3-30m,EXECUTION_STRESS,3,2026-06-19T04:55:59.999000+00:00,SOXLUSDT,,US_LEVERAGED_ETF:2026-06-18T20:00:00+00:00:2026-06-22T08:00:00+00:00
FALSE_BREAKOUT,,0.0,D2-C3-R3-10m,EXECUTION_STRESS,3,2026-06-19T04:55:59.999000+00:00,SOXLUSDT,,US_LEVERAGED_ETF:2026-06-18T20:00:00+00:00:2026-06-22T08:00:00+00:00
FALSE_BREAKOUT,,0.0,D2-C3-R3-20m,EXECUTION_STRESS,3,2026-06-19T04:55:59.999000+00:00,SOXLUSDT,,US_LEVERAGED_ETF:2026-06-18T20:00:00+00:00:2026-06-22T08:00:00+00:00
FALSE_BREAKOUT,,0.0,D2-C3-R3-30m,EXECUTION_STRESS,3,2026-06-19T04:55:59.999000+00:00,SOXLUSDT,,US_LEVERAGED_ETF:2026-06-18T20:00:00+00:00:2026-06-22T08:00:00+00:00
FALSE_BREAKOUT,,0.0,D2-C1-R3-10m,EXECUTION_STRESS,10,2026-06-19T04:55:59.999000+00:00,SOXLUSDT,,US_LEVERAGED_ETF:2026-06-18T20:00:00+00:00:2026-06-22T08:00:00+00:00
FALSE_BREAKOUT,,0.0,D2-C1-R3-20m,EXECUTION_STRESS,10,2026-06-19T04:55:59.999000+00:00,SOXLUSDT,,US_LEVERAGED_ETF:2026-06-18T20:00:00+00:00:2026-06-22T08:00:00+00:00
FALSE_BREAKOUT,,0.0,D2-C1-R3-30m,EXECUTION_STRESS,10,2026-06-19T04:55:59.999000+00:00,SOXLUSDT,,US_LEVERAGED_ETF:2026-06-18T20:00:00+00:00:2026-06-22T08:00:00+00:00
FALSE_BREAKOUT,,0.0,D2-C2-R3-10m,EXECUTION_STRESS,10,2026-06-19T04:55:59.999000+00:00,SOXLUSDT,,US_LEVERAGED_ETF:2026-06-18T20:00:00+00:00:2026-06-22T08:00:00+00:00
FALSE_BREAKOUT,,0.0,D2-C2-R3-20m,EXECUTION_STRESS,10,2026-06-19T04:55:59.999000+00:00,SOXLUSDT,,US_LEVERAGED_ETF:2026-06-18T20:00:00+00:00:2026-06-22T08:00:00+00:00
FALSE_BREAKOUT,,0.0,D2-C2-R3-30m,EXECUTION_STRESS,10,2026-06-19T04:55:59.999000+00:00,SOXLUSDT,,US_LEVERAGED_ETF:2026-06-18T20:00:00+00:00:2026-06-22T08:00:00+00:00
FALSE_BREAKOUT,,0.0,D2-C3-R3-10m,EXECUTION_STRESS,10,2026-06-19T04:55:59.999000+00:00,SOXLUSDT,,US_LEVERAGED_ETF:2026-06-18T20:00:00+00:00:2026-06-22T08:00:00+00:00
FALSE_BREAKOUT,,0.0,D2-C3-R3-20m,EXECUTION_STRESS,10,2026-06-19T04:55:59.999000+00:00,SOXLUSDT,,US_LEVERAGED_ETF:2026-06-18T20:00:00+00:00:2026-06-22T08:00:00+00:00
FALSE_BREAKOUT,,0.0,D2-C3-R3-30m,EXECUTION_STRESS,10,2026-06-19T04:55:59.999000+00:00,SOXLUSDT,,US_LEVERAGED_ETF:2026-06-18T20:00:00+00:00:2026-06-22T08:00:00+00:00
FALSE_BREAKOUT,,0.0,D2-C1-R3-10m,EXECUTION_STRESS,17,2026-06-19T04:55:59.999000+00:00,SOXLUSDT,,US_LEVERAGED_ETF:2026-06-18T20:00:00+00:00:2026-06-22T08:00:00+00:00
FALSE_BREAKOUT,,0.0,D2-C1-R3-20m,EXECUTION_STRESS,17,2026-06-19T04:55:59.999000+00:00,SOXLUSDT,,US_LEVERAGED_ETF:2026-06-18T20:00:00+00:00:2026-06-22T08:00:00+00:00
FALSE_BREAKOUT,,0.0,D2-C1-R3-30m,EXECUTION_STRESS,17,2026-06-19T04:55:59.999000+00:00,SOXLUSDT,,US_LEVERAGED_ETF:2026-06-18T20:00:00+00:00:2026-06-22T08:00:00+00:00
FALSE_BREAKOUT,,0.0,D2-C2-R3-10m,EXECUTION_STRESS,17,2026-06-19T04:55:59.999000+00:00,SOXLUSDT,,US_LEVERAGED_ETF:2026-06-18T20:00:00+00:00:2026-06-22T08:00:00+00:00
FALSE_BREAKOUT,,0.0,D2-C2-R3-20m,EXECUTION_STRESS,17,2026-06-19T04:55:59.999000+00:00,SOXLUSDT,,US_LEVERAGED_ETF:2026-06-18T20:00:00+00:00:2026-06-22T08:00:00+00:00
FALSE_BREAKOUT,,0.0,D2-C2-R3-30m,EXECUTION_STRESS,17,2026-06-19T04:55:59.999000+00:00,SOXLUSDT,,US_LEVERAGED_ETF:2026-06-18T20:00:00+00:00:2026-06-22T08:00:00+00:00
FALSE_BREAKOUT,,0.0,D2-C3-R3-10m,EXECUTION_STRESS,17,2026-06-19T04:55:59.999000+00:00,SOXLUSDT,,US_LEVERAGED_ETF:2026-06-18T20:00:00+00:00:2026-06-22T08:00:00+00:00
FALSE_BREAKOUT,,0.0,D2-C3-R3-20m,EXECUTION_STRESS,17,2026-06-19T04:55:59.999000+00:00,SOXLUSDT,,US_LEVERAGED_ETF:2026-06-18T20:00:00+00:00:2026-06-22T08:00:00+00:00
FALSE_BREAKOUT,,0.0,D2-C3-R3-30m,EXECUTION_STRESS,17,2026-06-19T04:55:59.999000+00:00,SOXLUSDT,,US_LEVERAGED_ETF:2026-06-18T20:00:00+00:00:2026-06-22T08:00:00+00:00
FALSE_BREAKOUT,,0.0,D2-C1-R3-10m,EXECUTION_STRESS,31,2026-06-19T04:55:59.999000+00:00,SOXLUSDT,,US_LEVERAGED_ETF:2026-06-18T20:00:00+00:00:2026-06-22T08:00:00+00:00
FALSE_BREAKOUT,,0.0,D2-C1-R3-20m,EXECUTION_STRESS,31,2026-06-19T04:55:59.999000+00:00,SOXLUSDT,,US_LEVERAGED_ETF:2026-06-18T20:00:00+00:00:2026-06-22T08:00:00+00:00
FALSE_BREAKOUT,,0.0,D2-C1-R3-30m,EXECUTION_STRESS,31,2026-06-19T04:55:59.999000+00:00,SOXLUSDT,,US_LEVERAGED_ETF:2026-06-18T20:00:00+00:00:2026-06-22T08:00:00+00:00
FALSE_BREAKOUT,,0.0,D2-C2-R3-10m,EXECUTION_STRESS,31,2026-06-19T04:55:59.999000+00:00,SOXLUSDT,,US_LEVERAGED_ETF:2026-06-18T20:00:00+00:00:2026-06-22T08:00:00+00:00
FALSE_BREAKOUT,,0.0,D2-C2-R3-20m,EXECUTION_STRESS,31,2026-06-19T04:55:59.999000+00:00,SOXLUSDT,,US_LEVERAGED_ETF:2026-06-18T20:00:00+00:00:2026-06-22T08:00:00+00:00
FALSE_BREAKOUT,,0.0,D2-C2-R3-30m,EXECUTION_STRESS,31,2026-06-19T04:55:59.999000+00:00,SOXLUSDT,,US_LEVERAGED_ETF:2026-06-18T20:00:00+00:00:2026-06-22T08:00:00+00:00
FALSE_BREAKOUT,,0.0,D2-C3-R3-10m,EXECUTION_STRESS,31,2026-06-19T04:55:59.999000+00:00,SOXLUSDT,,US_LEVERAGED_ETF:2026-06-18T20:00:00+00:00:2026-06-22T08:00:00+00:00
FALSE_BREAKOUT,,0.0,D2-C3-R3-20m,EXECUTION_STRESS,31,2026-06-19T04:55:59.999000+00:00,SOXLUSDT,,US_LEVERAGED_ETF:2026-06-18T20:00:00+00:00:2026-06-22T08:00:00+00:00
FALSE_BREAKOUT,,0.0,D2-C3-R3-30m,EXECUTION_STRESS,31,2026-06-19T04:55:59.999000+00:00,SOXLUSDT,,US_LEVERAGED_ETF:2026-06-18T20:00:00+00:00:2026-06-22T08:00:00+00:00
FALSE_BREAKOUT,,0.0,D2-C1-R3-10m,EXECUTION_STRESS,59,2026-06-19T04:55:59.999000+00:00,SOXLUSDT,,US_LEVERAGED_ETF:2026-06-18T20:00:00+00:00:2026-06-22T08:00:00+00:00
FALSE_BREAKOUT,,0.0,D2-C1-R3-20m,EXECUTION_STRESS,59,2026-06-19T04:55:59.999000+00:00,SOXLUSDT,,US_LEVERAGED_ETF:2026-06-18T20:00:00+00:00:2026-06-22T08:00:00+00:00
FALSE_BREAKOUT,,0.0,D2-C1-R3-30m,EXECUTION_STRESS,59,2026-06-19T04:55:59.999000+00:00,SOXLUSDT,,US_LEVERAGED_ETF:2026-06-18T20:00:00+00:00:2026-06-22T08:00:00+00:00
FALSE_BREAKOUT,,0.0,D2-C2-R3-10m,EXECUTION_STRESS,59,2026-06-19T04:55:59.999000+00:00,SOXLUSDT,,US_LEVERAGED_ETF:2026-06-18T20:00:00+00:00:2026-06-22T08:00:00+00:00
FALSE_BREAKOUT,,0.0,D2-C2-R3-20m,EXECUTION_STRESS,59,2026-06-19T04:55:59.999000+00:00,SOXLUSDT,,US_LEVERAGED_ETF:2026-06-18T20:00:00+00:00:2026-06-22T08:00:00+00:00
FALSE_BREAKOUT,,0.0,D2-C2-R3-30m,EXECUTION_STRESS,59,2026-06-19T04:55:59.999000+00:00,SOXLUSDT,,US_LEVERAGED_ETF:2026-06-18T20:00:00+00:00:2026-06-22T08:00:00+00:00
FALSE_BREAKOUT,,0.0,D2-C3-R3-10m,EXECUTION_STRESS,59,2026-06-19T04:55:59.999000+00:00,SOXLUSDT,,US_LEVERAGED_ETF:2026-06-18T20:00:00+00:00:2026-06-22T08:00:00+00:00
FALSE_BREAKOUT,,0.0,D2-C3-R3-20m,EXECUTION_STRESS,59,2026-06-19T04:55:59.999000+00:00,SOXLUSDT,,US_LEVERAGED_ETF:2026-06-18T20:00:00+00:00:2026-06-22T08:00:00+00:00
FALSE_BREAKOUT,,0.0,D2-C3-R3-30m,EXECUTION_STRESS,59,2026-06-19T04:55:59.999000+00:00,SOXLUSDT,,US_LEVERAGED_ETF:2026-06-18T20:00:00+00:00:2026-06-22T08:00:00+00:00
FALSE_BREAKOUT,,0.0,D2-C1-R3-10m,EXECUTION_STRESS,97,2026-06-19T04:55:59.999000+00:00,SOXLUSDT,,US_LEVERAGED_ETF:2026-06-18T20:00:00+00:00:2026-06-22T08:00:00+00:00
FALSE_BREAKOUT,,0.0,D2-C1-R3-20m,EXECUTION_STRESS,97,2026-06-19T04:55:59.999000+00:00,SOXLUSDT,,US_LEVERAGED_ETF:2026-06-18T20:00:00+00:00:2026-06-22T08:00:00+00:00
FALSE_BREAKOUT,,0.0,D2-C1-R3-30m,EXECUTION_STRESS,97,2026-06-19T04:55:59.999000+00:00,SOXLUSDT,,US_LEVERAGED_ETF:2026-06-18T20:00:00+00:00:2026-06-22T08:00:00+00:00
FALSE_BREAKOUT,,0.0,D2-C2-R3-10m,EXECUTION_STRESS,97,2026-06-19T04:55:59.999000+00:00,SOXLUSDT,,US_LEVERAGED_ETF:2026-06-18T20:00:00+00:00:2026-06-22T08:00:00+00:00
FALSE_BREAKOUT,,0.0,D2-C2-R3-20m,EXECUTION_STRESS,97,2026-06-19T04:55:59.999000+00:00,SOXLUSDT,,US_LEVERAGED_ETF:2026-06-18T20:00:00+00:00:2026-06-22T08:00:00+00:00
FALSE_BREAKOUT,,0.0,D2-C2-R3-30m,EXECUTION_STRESS,97,2026-06-19T04:55:59.999000+00:00,SOXLUSDT,,US_LEVERAGED_ETF:2026-06-18T20:00:00+00:00:2026-06-22T08:00:00+00:00
FALSE_BREAKOUT,,0.0,D2-C3-R3-10m,EXECUTION_STRESS,97,2026-06-19T04:55:59.999000+00:00,SOXLUSDT,,US_LEVERAGED_ETF:2026-06-18T20:00:00+00:00:2026-06-22T08:00:00+00:00
FALSE_BREAKOUT,,0.0,D2-C3-R3-20m,EXECUTION_STRESS,97,2026-06-19T04:55:59.999000+00:00,SOXLUSDT,,US_LEVERAGED_ETF:2026-06-18T20:00:00+00:00:2026-06-22T08:00:00+00:00
FALSE_BREAKOUT,,0.0,D2-C3-R3-30m,EXECUTION_STRESS,97,2026-06-19T04:55:59.999000+00:00,SOXLUSDT,,US_LEVERAGED_ETF:2026-06-18T20:00:00+00:00:2026-06-22T08:00:00+00:00
FALSE_BREAKOUT,,0.0,D2-C1-R3-10m,MAKER_PROMO_OFF,3,2026-06-19T04:55:59.999000+00:00,SOXLUSDT,,US_LEVERAGED_ETF:2026-06-18T20:00:00+00:00:2026-06-22T08:00:00+00:00
FALSE_BREAKOUT,,0.0,D2-C1-R3-20m,MAKER_PROMO_OFF,3,2026-06-19T04:55:59.999000+00:00,SOXLUSDT,,US_LEVERAGED_ETF:2026-06-18T20:00:00+00:00:2026-06-22T08:00:00+00:00
FALSE_BREAKOUT,,0.0,D2-C1-R3-30m,MAKER_PROMO_OFF,3,2026-06-19T04:55:59.999000+00:00,SOXLUSDT,,US_LEVERAGED_ETF:2026-06-18T20:00:00+00:00:2026-06-22T08:00:00+00:00
FALSE_BREAKOUT,,0.0,D2-C2-R3-10m,MAKER_PROMO_OFF,3,2026-06-19T04:55:59.999000+00:00,SOXLUSDT,,US_LEVERAGED_ETF:2026-06-18T20:00:00+00:00:2026-06-22T08:00:00+00:00
FALSE_BREAKOUT,,0.0,D2-C2-R3-20m,MAKER_PROMO_OFF,3,2026-06-19T04:55:59.999000+00:00,SOXLUSDT,,US_LEVERAGED_ETF:2026-06-18T20:00:00+00:00:2026-06-22T08:00:00+00:00
FALSE_BREAKOUT,,0.0,D2-C2-R3-30m,MAKER_PROMO_OFF,3,2026-06-19T04:55:59.999000+00:00,SOXLUSDT,,US_LEVERAGED_ETF:2026-06-18T20:00:00+00:00:2026-06-22T08:00:00+00:00
FALSE_BREAKOUT,,0.0,D2-C3-R3-10m,MAKER_PROMO_OFF,3,2026-06-19T04:55:59.999000+00:00,SOXLUSDT,,US_LEVERAGED_ETF:2026-06-18T20:00:00+00:00:2026-06-22T08:00:00+00:00
FALSE_BREAKOUT,,0.0,D2-C3-R3-20m,MAKER_PROMO_OFF,3,2026-06-19T04:55:59.999000+00:00,SOXLUSDT,,US_LEVERAGED_ETF:2026-06-18T20:00:00+00:00:2026-06-22T08:00:00+00:00
FALSE_BREAKOUT,,0.0,D2-C3-R3-30m,MAKER_PROMO_OFF,3,2026-06-19T04:55:59.999000+00:00,SOXLUSDT,,US_LEVERAGED_ETF:2026-06-18T20:00:00+00:00:2026-06-22T08:00:00+00:00
FALSE_BREAKOUT,,0.0,D2-C1-R3-10m,MAKER_PROMO_OFF,10,2026-06-19T04:55:59.999000+00:00,SOXLUSDT,,US_LEVERAGED_ETF:2026-06-18T20:00:00+00:00:2026-06-22T08:00:00+00:00
FALSE_BREAKOUT,,0.0,D2-C1-R3-20m,MAKER_PROMO_OFF,10,2026-06-19T04:55:59.999000+00:00,SOXLUSDT,,US_LEVERAGED_ETF:2026-06-18T20:00:00+00:00:2026-06-22T08:00:00+00:00
FALSE_BREAKOUT,,0.0,D2-C1-R3-30m,MAKER_PROMO_OFF,10,2026-06-19T04:55:59.999000+00:00,SOXLUSDT,,US_LEVERAGED_ETF:2026-06-18T20:00:00+00:00:2026-06-22T08:00:00+00:00
FALSE_BREAKOUT,,0.0,D2-C2-R3-10m,MAKER_PROMO_OFF,10,2026-06-19T04:55:59.999000+00:00,SOXLUSDT,,US_LEVERAGED_ETF:2026-06-18T20:00:00+00:00:2026-06-22T08:00:00+00:00
FALSE_BREAKOUT,,0.0,D2-C2-R3-20m,MAKER_PROMO_OFF,10,2026-06-19T04:55:59.999000+00:00,SOXLUSDT,,US_LEVERAGED_ETF:2026-06-18T20:00:00+00:00:2026-06-22T08:00:00+00:00
FALSE_BREAKOUT,,0.0,D2-C2-R3-30m,MAKER_PROMO_OFF,10,2026-06-19T04:55:59.999000+00:00,SOXLUSDT,,US_LEVERAGED_ETF:2026-06-18T20:00:00+00:00:2026-06-22T08:00:00+00:00
FALSE_BREAKOUT,,0.0,D2-C3-R3-10m,MAKER_PROMO_OFF,10,2026-06-19T04:55:59.999000+00:00,SOXLUSDT,,US_LEVERAGED_ETF:2026-06-18T20:00:00+00:00:2026-06-22T08:00:00+00:00
FALSE_BREAKOUT,,0.0,D2-C3-R3-20m,MAKER_PROMO_OFF,10,2026-06-19T04:55:59.999000+00:00,SOXLUSDT,,US_LEVERAGED_ETF:2026-06-18T20:00:00+00:00:2026-06-22T08:00:00+00:00
FALSE_BREAKOUT,,0.0,D2-C3-R3-30m,MAKER_PROMO_OFF,10,2026-06-19T04:55:59.999000+00:00,SOXLUSDT,,US_LEVERAGED_ETF:2026-06-18T20:00:00+00:00:2026-06-22T08:00:00+00:00
FALSE_BREAKOUT,,0.0,D2-C1-R3-10m,MAKER_PROMO_OFF,17,2026-06-19T04:55:59.999000+00:00,SOXLUSDT,,US_LEVERAGED_ETF:2026-06-18T20:00:00+00:00:2026-06-22T08:00:00+00:00
FALSE_BREAKOUT,,0.0,D2-C1-R3-20m,MAKER_PROMO_OFF,17,2026-06-19T04:55:59.999000+00:00,SOXLUSDT,,US_LEVERAGED_ETF:2026-06-18T20:00:00+00:00:2026-06-22T08:00:00+00:00
FALSE_BREAKOUT,,0.0,D2-C1-R3-30m,MAKER_PROMO_OFF,17,2026-06-19T04:55:59.999000+00:00,SOXLUSDT,,US_LEVERAGED_ETF:2026-06-18T20:00:00+00:00:2026-06-22T08:00:00+00:00
FALSE_BREAKOUT,,0.0,D2-C2-R3-10m,MAKER_PROMO_OFF,17,2026-06-19T04:55:59.999000+00:00,SOXLUSDT,,US_LEVERAGED_ETF:2026-06-18T20:00:00+00:00:2026-06-22T08:00:00+00:00
FALSE_BREAKOUT,,0.0,D2-C2-R3-20m,MAKER_PROMO_OFF,17,2026-06-19T04:55:59.999000+00:00,SOXLUSDT,,US_LEVERAGED_ETF:2026-06-18T20:00:00+00:00:2026-06-22T08:00:00+00:00
FALSE_BREAKOUT,,0.0,D2-C2-R3-30m,MAKER_PROMO_OFF,17,2026-06-19T04:55:59.999000+00:00,SOXLUSDT,,US_LEVERAGED_ETF:2026-06-18T20:00:00+00:00:2026-06-22T08:00:00+00:00
FALSE_BREAKOUT,,0.0,D2-C3-R3-10m,MAKER_PROMO_OFF,17,2026-06-19T04:55:59.999000+00:00,SOXLUSDT,,US_LEVERAGED_ETF:2026-06-18T20:00:00+00:00:2026-06-22T08:00:00+00:00
FALSE_BREAKOUT,,0.0,D2-C3-R3-20m,MAKER_PROMO_OFF,17,2026-06-19T04:55:59.999000+00:00,SOXLUSDT,,US_LEVERAGED_ETF:2026-06-18T20:00:00+00:00:2026-06-22T08:00:00+00:00
FALSE_BREAKOUT,,0.0,D2-C3-R3-30m,MAKER_PROMO_OFF,17,2026-06-19T04:55:59.999000+00:00,SOXLUSDT,,US_LEVERAGED_ETF:2026-06-18T20:00:00+00:00:2026-06-22T08:00:00+00:00
FALSE_BREAKOUT,,0.0,D2-C1-R3-10m,MAKER_PROMO_OFF,31,2026-06-19T04:55:59.999000+00:00,SOXLUSDT,,US_LEVERAGED_ETF:2026-06-18T20:00:00+00:00:2026-06-22T08:00:00+00:00
FALSE_BREAKOUT,,0.0,D2-C1-R3-20m,MAKER_PROMO_OFF,31,2026-06-19T04:55:59.999000+00:00,SOXLUSDT,,US_LEVERAGED_ETF:2026-06-18T20:00:00+00:00:2026-06-22T08:00:00+00:00
FALSE_BREAKOUT,,0.0,D2-C1-R3-30m,MAKER_PROMO_OFF,31,2026-06-19T04:55:59.999000+00:00,SOXLUSDT,,US_LEVERAGED_ETF:2026-06-18T20:00:00+00:00:2026-06-22T08:00:00+00:00
FALSE_BREAKOUT,,0.0,D2-C2-R3-10m,MAKER_PROMO_OFF,31,2026-06-19T04:55:59.999000+00:00,SOXLUSDT,,US_LEVERAGED_ETF:2026-06-18T20:00:00+00:00:2026-06-22T08:00:00+00:00
FALSE_BREAKOUT,,0.0,D2-C2-R3-20m,MAKER_PROMO_OFF,31,2026-06-19T04:55:59.999000+00:00,SOXLUSDT,,US_LEVERAGED_ETF:2026-06-18T20:00:00+00:00:2026-06-22T08:00:00+00:00
FALSE_BREAKOUT,,0.0,D2-C2-R3-30m,MAKER_PROMO_OFF,31,2026-06-19T04:55:59.999000+00:00,SOXLUSDT,,US_LEVERAGED_ETF:2026-06-18T20:00:00+00:00:2026-06-22T08:00:00+00:00
FALSE_BREAKOUT,,0.0,D2-C3-R3-10m,MAKER_PROMO_OFF,31,2026-06-19T04:55:59.999000+00:00,SOXLUSDT,,US_LEVERAGED_ETF:2026-06-18T20:00:00+00:00:2026-06-22T08:00:00+00:00
FALSE_BREAKOUT,,0.0,D2-C3-R3-20m,MAKER_PROMO_OFF,31,2026-06-19T04:55:59.999000+00:00,SOXLUSDT,,US_LEVERAGED_ETF:2026-06-18T20:00:00+00:00:2026-06-22T08:00:00+00:00
FALSE_BREAKOUT,,0.0,D2-C3-R3-30m,MAKER_PROMO_OFF,31,2026-06-19T04:55:59.999000+00:00,SOXLUSDT,,US_LEVERAGED_ETF:2026-06-18T20:00:00+00:00:2026-06-22T08:00:00+00:00
FALSE_BREAKOUT,,0.0,D2-C1-R3-10m,MAKER_PROMO_OFF,59,2026-06-19T04:55:59.999000+00:00,SOXLUSDT,,US_LEVERAGED_ETF:2026-06-18T20:00:00+00:00:2026-06-22T08:00:00+00:00
FALSE_BREAKOUT,,0.0,D2-C1-R3-20m,MAKER_PROMO_OFF,59,2026-06-19T04:55:59.999000+00:00,SOXLUSDT,,US_LEVERAGED_ETF:2026-06-18T20:00:00+00:00:2026-06-22T08:00:00+00:00
FALSE_BREAKOUT,,0.0,D2-C1-R3-30m,MAKER_PROMO_OFF,59,2026-06-19T04:55:59.999000+00:00,SOXLUSDT,,US_LEVERAGED_ETF:2026-06-18T20:00:00+00:00:2026-06-22T08:00:00+00:00
FALSE_BREAKOUT,,0.0,D2-C2-R3-10m,MAKER_PROMO_OFF,59,2026-06-19T04:55:59.999000+00:00,SOXLUSDT,,US_LEVERAGED_ETF:2026-06-18T20:00:00+00:00:2026-06-22T08:00:00+00:00
FALSE_BREAKOUT,,0.0,D2-C2-R3-20m,MAKER_PROMO_OFF,59,2026-06-19T04:55:59.999000+00:00,SOXLUSDT,,US_LEVERAGED_ETF:2026-06-18T20:00:00+00:00:2026-06-22T08:00:00+00:00
FALSE_BREAKOUT,,0.0,D2-C2-R3-30m,MAKER_PROMO_OFF,59,2026-06-19T04:55:59.999000+00:00,SOXLUSDT,,US_LEVERAGED_ETF:2026-06-18T20:00:00+00:00:2026-06-22T08:00:00+00:00
FALSE_BREAKOUT,,0.0,D2-C3-R3-10m,MAKER_PROMO_OFF,59,2026-06-19T04:55:59.999000+00:00,SOXLUSDT,,US_LEVERAGED_ETF:2026-06-18T20:00:00+00:00:2026-06-22T08:00:00+00:00
FALSE_BREAKOUT,,0.0,D2-C3-R3-20m,MAKER_PROMO_OFF,59,2026-06-19T04:55:59.999000+00:00,SOXLUSDT,,US_LEVERAGED_ETF:2026-06-18T20:00:00+00:00:2026-06-22T08:00:00+00:00
FALSE_BREAKOUT,,0.0,D2-C3-R3-30m,MAKER_PROMO_OFF,59,2026-06-19T04:55:59.999000+00:00,SOXLUSDT,,US_LEVERAGED_ETF:2026-06-18T20:00:00+00:00:2026-06-22T08:00:00+00:00
FALSE_BREAKOUT,,0.0,D2-C1-R3-10m,MAKER_PROMO_OFF,97,2026-06-19T04:55:59.999000+00:00,SOXLUSDT,,US_LEVERAGED_ETF:2026-06-18T20:00:00+00:00:2026-06-22T08:00:00+00:00
FALSE_BREAKOUT,,0.0,D2-C1-R3-20m,MAKER_PROMO_OFF,97,2026-06-19T04:55:59.999000+00:00,SOXLUSDT,,US_LEVERAGED_ETF:2026-06-18T20:00:00+00:00:2026-06-22T08:00:00+00:00
FALSE_BREAKOUT,,0.0,D2-C1-R3-30m,MAKER_PROMO_OFF,97,2026-06-19T04:55:59.999000+00:00,SOXLUSDT,,US_LEVERAGED_ETF:2026-06-18T20:00:00+00:00:2026-06-22T08:00:00+00:00
FALSE_BREAKOUT,,0.0,D2-C2-R3-10m,MAKER_PROMO_OFF,97,2026-06-19T04:55:59.999000+00:00,SOXLUSDT,,US_LEVERAGED_ETF:2026-06-18T20:00:00+00:00:2026-06-22T08:00:00+00:00
FALSE_BREAKOUT,,0.0,D2-C2-R3-20m,MAKER_PROMO_OFF,97,2026-06-19T04:55:59.999000+00:00,SOXLUSDT,,US_LEVERAGED_ETF:2026-06-18T20:00:00+00:00:2026-06-22T08:00:00+00:00
FALSE_BREAKOUT,,0.0,D2-C2-R3-30m,MAKER_PROMO_OFF,97,2026-06-19T04:55:59.999000+00:00,SOXLUSDT,,US_LEVERAGED_ETF:2026-06-18T20:00:00+00:00:2026-06-22T08:00:00+00:00
FALSE_BREAKOUT,,0.0,D2-C3-R3-10m,MAKER_PROMO_OFF,97,2026-06-19T04:55:59.999000+00:00,SOXLUSDT,,US_LEVERAGED_ETF:2026-06-18T20:00:00+00:00:2026-06-22T08:00:00+00:00
FALSE_BREAKOUT,,0.0,D2-C3-R3-20m,MAKER_PROMO_OFF,97,2026-06-19T04:55:59.999000+00:00,SOXLUSDT,,US_LEVERAGED_ETF:2026-06-18T20:00:00+00:00:2026-06-22T08:00:00+00:00
FALSE_BREAKOUT,,0.0,D2-C3-R3-30m,MAKER_PROMO_OFF,97,2026-06-19T04:55:59.999000+00:00,SOXLUSDT,,US_LEVERAGED_ETF:2026-06-18T20:00:00+00:00:2026-06-22T08:00:00+00:00
FALSE_BREAKOUT,2026-06-28T20:54:59.999000+00:00,1.5176266475565197,D2-C1-R3-10m,PRIMARY_ZERO_MAKER,3,2026-06-28T20:44:59.999000+00:00,SOXLUSDT,10,US_LEVERAGED_ETF:2026-06-26T20:00:00+00:00:2026-06-29T08:00:00+00:00
FALSE_BREAKOUT,,0.0,D2-C1-R3-20m,PRIMARY_ZERO_MAKER,3,2026-06-28T20:44:59.999000+00:00,SOXLUSDT,,US_LEVERAGED_ETF:2026-06-26T20:00:00+00:00:2026-06-29T08:00:00+00:00
FALSE_BREAKOUT,,0.0,D2-C1-R3-30m,PRIMARY_ZERO_MAKER,3,2026-06-28T20:44:59.999000+00:00,SOXLUSDT,,US_LEVERAGED_ETF:2026-06-26T20:00:00+00:00:2026-06-29T08:00:00+00:00
FALSE_BREAKOUT,,0.0,D2-C2-R3-10m,PRIMARY_ZERO_MAKER,3,2026-06-28T20:44:59.999000+00:00,SOXLUSDT,,US_LEVERAGED_ETF:2026-06-26T20:00:00+00:00:2026-06-29T08:00:00+00:00
FALSE_BREAKOUT,,0.0,D2-C2-R3-20m,PRIMARY_ZERO_MAKER,3,2026-06-28T20:44:59.999000+00:00,SOXLUSDT,,US_LEVERAGED_ETF:2026-06-26T20:00:00+00:00:2026-06-29T08:00:00+00:00
FALSE_BREAKOUT,,0.0,D2-C2-R3-30m,PRIMARY_ZERO_MAKER,3,2026-06-28T20:44:59.999000+00:00,SOXLUSDT,,US_LEVERAGED_ETF:2026-06-26T20:00:00+00:00:2026-06-29T08:00:00+00:00
FALSE_BREAKOUT,,0.0,D2-C3-R3-10m,PRIMARY_ZERO_MAKER,3,2026-06-28T20:44:59.999000+00:00,SOXLUSDT,,US_LEVERAGED_ETF:2026-06-26T20:00:00+00:00:2026-06-29T08:00:00+00:00
FALSE_BREAKOUT,,0.0,D2-C3-R3-20m,PRIMARY_ZERO_MAKER,3,2026-06-28T20:44:59.999000+00:00,SOXLUSDT,,US_LEVERAGED_ETF:2026-06-26T20:00:00+00:00:2026-06-29T08:00:00+00:00
FALSE_BREAKOUT,,0.0,D2-C3-R3-30m,PRIMARY_ZERO_MAKER,3,2026-06-28T20:44:59.999000+00:00,SOXLUSDT,,US_LEVERAGED_ETF:2026-06-26T20:00:00+00:00:2026-06-29T08:00:00+00:00
FALSE_BREAKOUT,2026-06-28T20:54:59.999000+00:00,1.5176266475565197,D2-C1-R3-10m,PRIMARY_ZERO_MAKER,10,2026-06-28T20:44:59.999000+00:00,SOXLUSDT,10,US_LEVERAGED_ETF:2026-06-26T20:00:00+00:00:2026-06-29T08:00:00+00:00
FALSE_BREAKOUT,,0.0,D2-C1-R3-20m,PRIMARY_ZERO_MAKER,10,2026-06-28T20:44:59.999000+00:00,SOXLUSDT,,US_LEVERAGED_ETF:2026-06-26T20:00:00+00:00:2026-06-29T08:00:00+00:00
FALSE_BREAKOUT,,0.0,D2-C1-R3-30m,PRIMARY_ZERO_MAKER,10,2026-06-28T20:44:59.999000+00:00,SOXLUSDT,,US_LEVERAGED_ETF:2026-06-26T20:00:00+00:00:2026-06-29T08:00:00+00:00
FALSE_BREAKOUT,,0.0,D2-C2-R3-10m,PRIMARY_ZERO_MAKER,10,2026-06-28T20:44:59.999000+00:00,SOXLUSDT,,US_LEVERAGED_ETF:2026-06-26T20:00:00+00:00:2026-06-29T08:00:00+00:00
FALSE_BREAKOUT,,0.0,D2-C2-R3-20m,PRIMARY_ZERO_MAKER,10,2026-06-28T20:44:59.999000+00:00,SOXLUSDT,,US_LEVERAGED_ETF:2026-06-26T20:00:00+00:00:2026-06-29T08:00:00+00:00
FALSE_BREAKOUT,,0.0,D2-C2-R3-30m,PRIMARY_ZERO_MAKER,10,2026-06-28T20:44:59.999000+00:00,SOXLUSDT,,US_LEVERAGED_ETF:2026-06-26T20:00:00+00:00:2026-06-29T08:00:00+00:00
FALSE_BREAKOUT,,0.0,D2-C3-R3-10m,PRIMARY_ZERO_MAKER,10,2026-06-28T20:44:59.999000+00:00,SOXLUSDT,,US_LEVERAGED_ETF:2026-06-26T20:00:00+00:00:2026-06-29T08:00:00+00:00
FALSE_BREAKOUT,,0.0,D2-C3-R3-20m,PRIMARY_ZERO_MAKER,10,2026-06-28T20:44:59.999000+00:00,SOXLUSDT,,US_LEVERAGED_ETF:2026-06-26T20:00:00+00:00:2026-06-29T08:00:00+00:00
FALSE_BREAKOUT,,0.0,D2-C3-R3-30m,PRIMARY_ZERO_MAKER,10,2026-06-28T20:44:59.999000+00:00,SOXLUSDT,,US_LEVERAGED_ETF:2026-06-26T20:00:00+00:00:2026-06-29T08:00:00+00:00
FALSE_BREAKOUT,2026-06-28T20:54:59.999000+00:00,1.5176266475565197,D2-C1-R3-10m,PRIMARY_ZERO_MAKER,17,2026-06-28T20:44:59.999000+00:00,SOXLUSDT,10,US_LEVERAGED_ETF:2026-06-26T20:00:00+00:00:2026-06-29T08:00:00+00:00
FALSE_BREAKOUT,,0.0,D2-C1-R3-20m,PRIMARY_ZERO_MAKER,17,2026-06-28T20:44:59.999000+00:00,SOXLUSDT,,US_LEVERAGED_ETF:2026-06-26T20:00:00+00:00:2026-06-29T08:00:00+00:00
FALSE_BREAKOUT,,0.0,D2-C1-R3-30m,PRIMARY_ZERO_MAKER,17,2026-06-28T20:44:59.999000+00:00,SOXLUSDT,,US_LEVERAGED_ETF:2026-06-26T20:00:00+00:00:2026-06-29T08:00:00+00:00
FALSE_BREAKOUT,,0.0,D2-C2-R3-10m,PRIMARY_ZERO_MAKER,17,2026-06-28T20:44:59.999000+00:00,SOXLUSDT,,US_LEVERAGED_ETF:2026-06-26T20:00:00+00:00:2026-06-29T08:00:00+00:00
FALSE_BREAKOUT,,0.0,D2-C2-R3-20m,PRIMARY_ZERO_MAKER,17,2026-06-28T20:44:59.999000+00:00,SOXLUSDT,,US_LEVERAGED_ETF:2026-06-26T20:00:00+00:00:2026-06-29T08:00:00+00:00
FALSE_BREAKOUT,,0.0,D2-C2-R3-30m,PRIMARY_ZERO_MAKER,17,2026-06-28T20:44:59.999000+00:00,SOXLUSDT,,US_LEVERAGED_ETF:2026-06-26T20:00:00+00:00:2026-06-29T08:00:00+00:00
FALSE_BREAKOUT,,0.0,D2-C3-R3-10m,PRIMARY_ZERO_MAKER,17,2026-06-28T20:44:59.999000+00:00,SOXLUSDT,,US_LEVERAGED_ETF:2026-06-26T20:00:00+00:00:2026-06-29T08:00:00+00:00
FALSE_BREAKOUT,,0.0,D2-C3-R3-20m,PRIMARY_ZERO_MAKER,17,2026-06-28T20:44:59.999000+00:00,SOXLUSDT,,US_LEVERAGED_ETF:2026-06-26T20:00:00+00:00:2026-06-29T08:00:00+00:00
FALSE_BREAKOUT,,0.0,D2-C3-R3-30m,PRIMARY_ZERO_MAKER,17,2026-06-28T20:44:59.999000+00:00,SOXLUSDT,,US_LEVERAGED_ETF:2026-06-26T20:00:00+00:00:2026-06-29T08:00:00+00:00
FALSE_BREAKOUT,2026-06-28T20:54:59.999000+00:00,1.5176266475565197,D2-C1-R3-10m,PRIMARY_ZERO_MAKER,31,2026-06-28T20:44:59.999000+00:00,SOXLUSDT,10,US_LEVERAGED_ETF:2026-06-26T20:00:00+00:00:2026-06-29T08:00:00+00:00
FALSE_BREAKOUT,,0.0,D2-C1-R3-20m,PRIMARY_ZERO_MAKER,31,2026-06-28T20:44:59.999000+00:00,SOXLUSDT,,US_LEVERAGED_ETF:2026-06-26T20:00:00+00:00:2026-06-29T08:00:00+00:00
FALSE_BREAKOUT,,0.0,D2-C1-R3-30m,PRIMARY_ZERO_MAKER,31,2026-06-28T20:44:59.999000+00:00,SOXLUSDT,,US_LEVERAGED_ETF:2026-06-26T20:00:00+00:00:2026-06-29T08:00:00+00:00
FALSE_BREAKOUT,,0.0,D2-C2-R3-10m,PRIMARY_ZERO_MAKER,31,2026-06-28T20:44:59.999000+00:00,SOXLUSDT,,US_LEVERAGED_ETF:2026-06-26T20:00:00+00:00:2026-06-29T08:00:00+00:00
FALSE_BREAKOUT,,0.0,D2-C2-R3-20m,PRIMARY_ZERO_MAKER,31,2026-06-28T20:44:59.999000+00:00,SOXLUSDT,,US_LEVERAGED_ETF:2026-06-26T20:00:00+00:00:2026-06-29T08:00:00+00:00
FALSE_BREAKOUT,,0.0,D2-C2-R3-30m,PRIMARY_ZERO_MAKER,31,2026-06-28T20:44:59.999000+00:00,SOXLUSDT,,US_LEVERAGED_ETF:2026-06-26T20:00:00+00:00:2026-06-29T08:00:00+00:00
FALSE_BREAKOUT,,0.0,D2-C3-R3-10m,PRIMARY_ZERO_MAKER,31,2026-06-28T20:44:59.999000+00:00,SOXLUSDT,,US_LEVERAGED_ETF:2026-06-26T20:00:00+00:00:2026-06-29T08:00:00+00:00
FALSE_BREAKOUT,,0.0,D2-C3-R3-20m,PRIMARY_ZERO_MAKER,31,2026-06-28T20:44:59.999000+00:00,SOXLUSDT,,US_LEVERAGED_ETF:2026-06-26T20:00:00+00:00:2026-06-29T08:00:00+00:00
FALSE_BREAKOUT,,0.0,D2-C3-R3-30m,PRIMARY_ZERO_MAKER,31,2026-06-28T20:44:59.999000+00:00,SOXLUSDT,,US_LEVERAGED_ETF:2026-06-26T20:00:00+00:00:2026-06-29T08:00:00+00:00
FALSE_BREAKOUT,2026-06-28T20:54:59.999000+00:00,1.5176266475565197,D2-C1-R3-10m,PRIMARY_ZERO_MAKER,59,2026-06-28T20:44:59.999000+00:00,SOXLUSDT,10,US_LEVERAGED_ETF:2026-06-26T20:00:00+00:00:2026-06-29T08:00:00+00:00
FALSE_BREAKOUT,,0.0,D2-C1-R3-20m,PRIMARY_ZERO_MAKER,59,2026-06-28T20:44:59.999000+00:00,SOXLUSDT,,US_LEVERAGED_ETF:2026-06-26T20:00:00+00:00:2026-06-29T08:00:00+00:00
FALSE_BREAKOUT,,0.0,D2-C1-R3-30m,PRIMARY_ZERO_MAKER,59,2026-06-28T20:44:59.999000+00:00,SOXLUSDT,,US_LEVERAGED_ETF:2026-06-26T20:00:00+00:00:2026-06-29T08:00:00+00:00
FALSE_BREAKOUT,,0.0,D2-C2-R3-10m,PRIMARY_ZERO_MAKER,59,2026-06-28T20:44:59.999000+00:00,SOXLUSDT,,US_LEVERAGED_ETF:2026-06-26T20:00:00+00:00:2026-06-29T08:00:00+00:00
FALSE_BREAKOUT,,0.0,D2-C2-R3-20m,PRIMARY_ZERO_MAKER,59,2026-06-28T20:44:59.999000+00:00,SOXLUSDT,,US_LEVERAGED_ETF:2026-06-26T20:00:00+00:00:2026-06-29T08:00:00+00:00
FALSE_BREAKOUT,,0.0,D2-C2-R3-30m,PRIMARY_ZERO_MAKER,59,2026-06-28T20:44:59.999000+00:00,SOXLUSDT,,US_LEVERAGED_ETF:2026-06-26T20:00:00+00:00:2026-06-29T08:00:00+00:00
FALSE_BREAKOUT,,0.0,D2-C3-R3-10m,PRIMARY_ZERO_MAKER,59,2026-06-28T20:44:59.999000+00:00,SOXLUSDT,,US_LEVERAGED_ETF:2026-06-26T20:00:00+00:00:2026-06-29T08:00:00+00:00
FALSE_BREAKOUT,,0.0,D2-C3-R3-20m,PRIMARY_ZERO_MAKER,59,2026-06-28T20:44:59.999000+00:00,SOXLUSDT,,US_LEVERAGED_ETF:2026-06-26T20:00:00+00:00:2026-06-29T08:00:00+00:00
FALSE_BREAKOUT,,0.0,D2-C3-R3-30m,PRIMARY_ZERO_MAKER,59,2026-06-28T20:44:59.999000+00:00,SOXLUSDT,,US_LEVERAGED_ETF:2026-06-26T20:00:00+00:00:2026-06-29T08:00:00+00:00
FALSE_BREAKOUT,2026-06-28T20:54:59.999000+00:00,1.5176266475565197,D2-C1-R3-10m,PRIMARY_ZERO_MAKER,97,2026-06-28T20:44:59.999000+00:00,SOXLUSDT,10,US_LEVERAGED_ETF:2026-06-26T20:00:00+00:00:2026-06-29T08:00:00+00:00
FALSE_BREAKOUT,,0.0,D2-C1-R3-20m,PRIMARY_ZERO_MAKER,97,2026-06-28T20:44:59.999000+00:00,SOXLUSDT,,US_LEVERAGED_ETF:2026-06-26T20:00:00+00:00:2026-06-29T08:00:00+00:00
FALSE_BREAKOUT,,0.0,D2-C1-R3-30m,PRIMARY_ZERO_MAKER,97,2026-06-28T20:44:59.999000+00:00,SOXLUSDT,,US_LEVERAGED_ETF:2026-06-26T20:00:00+00:00:2026-06-29T08:00:00+00:00
FALSE_BREAKOUT,,0.0,D2-C2-R3-10m,PRIMARY_ZERO_MAKER,97,2026-06-28T20:44:59.999000+00:00,SOXLUSDT,,US_LEVERAGED_ETF:2026-06-26T20:00:00+00:00:2026-06-29T08:00:00+00:00
FALSE_BREAKOUT,,0.0,D2-C2-R3-20m,PRIMARY_ZERO_MAKER,97,2026-06-28T20:44:59.999000+00:00,SOXLUSDT,,US_LEVERAGED_ETF:2026-06-26T20:00:00+00:00:2026-06-29T08:00:00+00:00
FALSE_BREAKOUT,,0.0,D2-C2-R3-30m,PRIMARY_ZERO_MAKER,97,2026-06-28T20:44:59.999000+00:00,SOXLUSDT,,US_LEVERAGED_ETF:2026-06-26T20:00:00+00:00:2026-06-29T08:00:00+00:00
FALSE_BREAKOUT,,0.0,D2-C3-R3-10m,PRIMARY_ZERO_MAKER,97,2026-06-28T20:44:59.999000+00:00,SOXLUSDT,,US_LEVERAGED_ETF:2026-06-26T20:00:00+00:00:2026-06-29T08:00:00+00:00
FALSE_BREAKOUT,,0.0,D2-C3-R3-20m,PRIMARY_ZERO_MAKER,97,2026-06-28T20:44:59.999000+00:00,SOXLUSDT,,US_LEVERAGED_ETF:2026-06-26T20:00:00+00:00:2026-06-29T08:00:00+00:00
FALSE_BREAKOUT,,0.0,D2-C3-R3-30m,PRIMARY_ZERO_MAKER,97,2026-06-28T20:44:59.999000+00:00,SOXLUSDT,,US_LEVERAGED_ETF:2026-06-26T20:00:00+00:00:2026-06-29T08:00:00+00:00
FALSE_BREAKOUT,2026-06-28T20:54:59.999000+00:00,1.5176266475565197,D2-C1-R3-10m,EXECUTION_STRESS,3,2026-06-28T20:44:59.999000+00:00,SOXLUSDT,10,US_LEVERAGED_ETF:2026-06-26T20:00:00+00:00:2026-06-29T08:00:00+00:00
FALSE_BREAKOUT,,0.0,D2-C1-R3-20m,EXECUTION_STRESS,3,2026-06-28T20:44:59.999000+00:00,SOXLUSDT,,US_LEVERAGED_ETF:2026-06-26T20:00:00+00:00:2026-06-29T08:00:00+00:00
FALSE_BREAKOUT,,0.0,D2-C1-R3-30m,EXECUTION_STRESS,3,2026-06-28T20:44:59.999000+00:00,SOXLUSDT,,US_LEVERAGED_ETF:2026-06-26T20:00:00+00:00:2026-06-29T08:00:00+00:00
FALSE_BREAKOUT,,0.0,D2-C2-R3-10m,EXECUTION_STRESS,3,2026-06-28T20:44:59.999000+00:00,SOXLUSDT,,US_LEVERAGED_ETF:2026-06-26T20:00:00+00:00:2026-06-29T08:00:00+00:00
FALSE_BREAKOUT,,0.0,D2-C2-R3-20m,EXECUTION_STRESS,3,2026-06-28T20:44:59.999000+00:00,SOXLUSDT,,US_LEVERAGED_ETF:2026-06-26T20:00:00+00:00:2026-06-29T08:00:00+00:00
FALSE_BREAKOUT,,0.0,D2-C2-R3-30m,EXECUTION_STRESS,3,2026-06-28T20:44:59.999000+00:00,SOXLUSDT,,US_LEVERAGED_ETF:2026-06-26T20:00:00+00:00:2026-06-29T08:00:00+00:00
FALSE_BREAKOUT,,0.0,D2-C3-R3-10m,EXECUTION_STRESS,3,2026-06-28T20:44:59.999000+00:00,SOXLUSDT,,US_LEVERAGED_ETF:2026-06-26T20:00:00+00:00:2026-06-29T08:00:00+00:00
FALSE_BREAKOUT,,0.0,D2-C3-R3-20m,EXECUTION_STRESS,3,2026-06-28T20:44:59.999000+00:00,SOXLUSDT,,US_LEVERAGED_ETF:2026-06-26T20:00:00+00:00:2026-06-29T08:00:00+00:00
FALSE_BREAKOUT,,0.0,D2-C3-R3-30m,EXECUTION_STRESS,3,2026-06-28T20:44:59.999000+00:00,SOXLUSDT,,US_LEVERAGED_ETF:2026-06-26T20:00:00+00:00:2026-06-29T08:00:00+00:00
FALSE_BREAKOUT,2026-06-28T20:54:59.999000+00:00,1.5176266475565197,D2-C1-R3-10m,EXECUTION_STRESS,10,2026-06-28T20:44:59.999000+00:00,SOXLUSDT,10,US_LEVERAGED_ETF:2026-06-26T20:00:00+00:00:2026-06-29T08:00:00+00:00
FALSE_BREAKOUT,,0.0,D2-C1-R3-20m,EXECUTION_STRESS,10,2026-06-28T20:44:59.999000+00:00,SOXLUSDT,,US_LEVERAGED_ETF:2026-06-26T20:00:00+00:00:2026-06-29T08:00:00+00:00
FALSE_BREAKOUT,,0.0,D2-C1-R3-30m,EXECUTION_STRESS,10,2026-06-28T20:44:59.999000+00:00,SOXLUSDT,,US_LEVERAGED_ETF:2026-06-26T20:00:00+00:00:2026-06-29T08:00:00+00:00
FALSE_BREAKOUT,,0.0,D2-C2-R3-10m,EXECUTION_STRESS,10,2026-06-28T20:44:59.999000+00:00,SOXLUSDT,,US_LEVERAGED_ETF:2026-06-26T20:00:00+00:00:2026-06-29T08:00:00+00:00
FALSE_BREAKOUT,,0.0,D2-C2-R3-20m,EXECUTION_STRESS,10,2026-06-28T20:44:59.999000+00:00,SOXLUSDT,,US_LEVERAGED_ETF:2026-06-26T20:00:00+00:00:2026-06-29T08:00:00+00:00
FALSE_BREAKOUT,,0.0,D2-C2-R3-30m,EXECUTION_STRESS,10,2026-06-28T20:44:59.999000+00:00,SOXLUSDT,,US_LEVERAGED_ETF:2026-06-26T20:00:00+00:00:2026-06-29T08:00:00+00:00
FALSE_BREAKOUT,,0.0,D2-C3-R3-10m,EXECUTION_STRESS,10,2026-06-28T20:44:59.999000+00:00,SOXLUSDT,,US_LEVERAGED_ETF:2026-06-26T20:00:00+00:00:2026-06-29T08:00:00+00:00
FALSE_BREAKOUT,,0.0,D2-C3-R3-20m,EXECUTION_STRESS,10,2026-06-28T20:44:59.999000+00:00,SOXLUSDT,,US_LEVERAGED_ETF:2026-06-26T20:00:00+00:00:2026-06-29T08:00:00+00:00
FALSE_BREAKOUT,,0.0,D2-C3-R3-30m,EXECUTION_STRESS,10,2026-06-28T20:44:59.999000+00:00,SOXLUSDT,,US_LEVERAGED_ETF:2026-06-26T20:00:00+00:00:2026-06-29T08:00:00+00:00
FALSE_BREAKOUT,2026-06-28T20:54:59.999000+00:00,1.5176266475565197,D2-C1-R3-10m,EXECUTION_STRESS,17,2026-06-28T20:44:59.999000+00:00,SOXLUSDT,10,US_LEVERAGED_ETF:2026-06-26T20:00:00+00:00:2026-06-29T08:00:00+00:00
FALSE_BREAKOUT,,0.0,D2-C1-R3-20m,EXECUTION_STRESS,17,2026-06-28T20:44:59.999000+00:00,SOXLUSDT,,US_LEVERAGED_ETF:2026-06-26T20:00:00+00:00:2026-06-29T08:00:00+00:00
FALSE_BREAKOUT,,0.0,D2-C1-R3-30m,EXECUTION_STRESS,17,2026-06-28T20:44:59.999000+00:00,SOXLUSDT,,US_LEVERAGED_ETF:2026-06-26T20:00:00+00:00:2026-06-29T08:00:00+00:00
FALSE_BREAKOUT,,0.0,D2-C2-R3-10m,EXECUTION_STRESS,17,2026-06-28T20:44:59.999000+00:00,SOXLUSDT,,US_LEVERAGED_ETF:2026-06-26T20:00:00+00:00:2026-06-29T08:00:00+00:00
FALSE_BREAKOUT,,0.0,D2-C2-R3-20m,EXECUTION_STRESS,17,2026-06-28T20:44:59.999000+00:00,SOXLUSDT,,US_LEVERAGED_ETF:2026-06-26T20:00:00+00:00:2026-06-29T08:00:00+00:00
FALSE_BREAKOUT,,0.0,D2-C2-R3-30m,EXECUTION_STRESS,17,2026-06-28T20:44:59.999000+00:00,SOXLUSDT,,US_LEVERAGED_ETF:2026-06-26T20:00:00+00:00:2026-06-29T08:00:00+00:00
FALSE_BREAKOUT,,0.0,D2-C3-R3-10m,EXECUTION_STRESS,17,2026-06-28T20:44:59.999000+00:00,SOXLUSDT,,US_LEVERAGED_ETF:2026-06-26T20:00:00+00:00:2026-06-29T08:00:00+00:00
FALSE_BREAKOUT,,0.0,D2-C3-R3-20m,EXECUTION_STRESS,17,2026-06-28T20:44:59.999000+00:00,SOXLUSDT,,US_LEVERAGED_ETF:2026-06-26T20:00:00+00:00:2026-06-29T08:00:00+00:00
FALSE_BREAKOUT,,0.0,D2-C3-R3-30m,EXECUTION_STRESS,17,2026-06-28T20:44:59.999000+00:00,SOXLUSDT,,US_LEVERAGED_ETF:2026-06-26T20:00:00+00:00:2026-06-29T08:00:00+00:00
FALSE_BREAKOUT,2026-06-28T20:54:59.999000+00:00,1.5176266475565197,D2-C1-R3-10m,EXECUTION_STRESS,31,2026-06-28T20:44:59.999000+00:00,SOXLUSDT,10,US_LEVERAGED_ETF:2026-06-26T20:00:00+00:00:2026-06-29T08:00:00+00:00
FALSE_BREAKOUT,,0.0,D2-C1-R3-20m,EXECUTION_STRESS,31,2026-06-28T20:44:59.999000+00:00,SOXLUSDT,,US_LEVERAGED_ETF:2026-06-26T20:00:00+00:00:2026-06-29T08:00:00+00:00
FALSE_BREAKOUT,,0.0,D2-C1-R3-30m,EXECUTION_STRESS,31,2026-06-28T20:44:59.999000+00:00,SOXLUSDT,,US_LEVERAGED_ETF:2026-06-26T20:00:00+00:00:2026-06-29T08:00:00+00:00
FALSE_BREAKOUT,,0.0,D2-C2-R3-10m,EXECUTION_STRESS,31,2026-06-28T20:44:59.999000+00:00,SOXLUSDT,,US_LEVERAGED_ETF:2026-06-26T20:00:00+00:00:2026-06-29T08:00:00+00:00
FALSE_BREAKOUT,,0.0,D2-C2-R3-20m,EXECUTION_STRESS,31,2026-06-28T20:44:59.999000+00:00,SOXLUSDT,,US_LEVERAGED_ETF:2026-06-26T20:00:00+00:00:2026-06-29T08:00:00+00:00
FALSE_BREAKOUT,,0.0,D2-C2-R3-30m,EXECUTION_STRESS,31,2026-06-28T20:44:59.999000+00:00,SOXLUSDT,,US_LEVERAGED_ETF:2026-06-26T20:00:00+00:00:2026-06-29T08:00:00+00:00
FALSE_BREAKOUT,,0.0,D2-C3-R3-10m,EXECUTION_STRESS,31,2026-06-28T20:44:59.999000+00:00,SOXLUSDT,,US_LEVERAGED_ETF:2026-06-26T20:00:00+00:00:2026-06-29T08:00:00+00:00
FALSE_BREAKOUT,,0.0,D2-C3-R3-20m,EXECUTION_STRESS,31,2026-06-28T20:44:59.999000+00:00,SOXLUSDT,,US_LEVERAGED_ETF:2026-06-26T20:00:00+00:00:2026-06-29T08:00:00+00:00
FALSE_BREAKOUT,,0.0,D2-C3-R3-30m,EXECUTION_STRESS,31,2026-06-28T20:44:59.999000+00:00,SOXLUSDT,,US_LEVERAGED_ETF:2026-06-26T20:00:00+00:00:2026-06-29T08:00:00+00:00
FALSE_BREAKOUT,2026-06-28T20:54:59.999000+00:00,1.5176266475565197,D2-C1-R3-10m,EXECUTION_STRESS,59,2026-06-28T20:44:59.999000+00:00,SOXLUSDT,10,US_LEVERAGED_ETF:2026-06-26T20:00:00+00:00:2026-06-29T08:00:00+00:00
FALSE_BREAKOUT,,0.0,D2-C1-R3-20m,EXECUTION_STRESS,59,2026-06-28T20:44:59.999000+00:00,SOXLUSDT,,US_LEVERAGED_ETF:2026-06-26T20:00:00+00:00:2026-06-29T08:00:00+00:00
FALSE_BREAKOUT,,0.0,D2-C1-R3-30m,EXECUTION_STRESS,59,2026-06-28T20:44:59.999000+00:00,SOXLUSDT,,US_LEVERAGED_ETF:2026-06-26T20:00:00+00:00:2026-06-29T08:00:00+00:00
FALSE_BREAKOUT,,0.0,D2-C2-R3-10m,EXECUTION_STRESS,59,2026-06-28T20:44:59.999000+00:00,SOXLUSDT,,US_LEVERAGED_ETF:2026-06-26T20:00:00+00:00:2026-06-29T08:00:00+00:00
FALSE_BREAKOUT,,0.0,D2-C2-R3-20m,EXECUTION_STRESS,59,2026-06-28T20:44:59.999000+00:00,SOXLUSDT,,US_LEVERAGED_ETF:2026-06-26T20:00:00+00:00:2026-06-29T08:00:00+00:00
FALSE_BREAKOUT,,0.0,D2-C2-R3-30m,EXECUTION_STRESS,59,2026-06-28T20:44:59.999000+00:00,SOXLUSDT,,US_LEVERAGED_ETF:2026-06-26T20:00:00+00:00:2026-06-29T08:00:00+00:00
FALSE_BREAKOUT,,0.0,D2-C3-R3-10m,EXECUTION_STRESS,59,2026-06-28T20:44:59.999000+00:00,SOXLUSDT,,US_LEVERAGED_ETF:2026-06-26T20:00:00+00:00:2026-06-29T08:00:00+00:00
FALSE_BREAKOUT,,0.0,D2-C3-R3-20m,EXECUTION_STRESS,59,2026-06-28T20:44:59.999000+00:00,SOXLUSDT,,US_LEVERAGED_ETF:2026-06-26T20:00:00+00:00:2026-06-29T08:00:00+00:00
FALSE_BREAKOUT,,0.0,D2-C3-R3-30m,EXECUTION_STRESS,59,2026-06-28T20:44:59.999000+00:00,SOXLUSDT,,US_LEVERAGED_ETF:2026-06-26T20:00:00+00:00:2026-06-29T08:00:00+00:00
FALSE_BREAKOUT,2026-06-28T20:54:59.999000+00:00,1.5176266475565197,D2-C1-R3-10m,EXECUTION_STRESS,97,2026-06-28T20:44:59.999000+00:00,SOXLUSDT,10,US_LEVERAGED_ETF:2026-06-26T20:00:00+00:00:2026-06-29T08:00:00+00:00
FALSE_BREAKOUT,,0.0,D2-C1-R3-20m,EXECUTION_STRESS,97,2026-06-28T20:44:59.999000+00:00,SOXLUSDT,,US_LEVERAGED_ETF:2026-06-26T20:00:00+00:00:2026-06-29T08:00:00+00:00
FALSE_BREAKOUT,,0.0,D2-C1-R3-30m,EXECUTION_STRESS,97,2026-06-28T20:44:59.999000+00:00,SOXLUSDT,,US_LEVERAGED_ETF:2026-06-26T20:00:00+00:00:2026-06-29T08:00:00+00:00
FALSE_BREAKOUT,,0.0,D2-C2-R3-10m,EXECUTION_STRESS,97,2026-06-28T20:44:59.999000+00:00,SOXLUSDT,,US_LEVERAGED_ETF:2026-06-26T20:00:00+00:00:2026-06-29T08:00:00+00:00
FALSE_BREAKOUT,,0.0,D2-C2-R3-20m,EXECUTION_STRESS,97,2026-06-28T20:44:59.999000+00:00,SOXLUSDT,,US_LEVERAGED_ETF:2026-06-26T20:00:00+00:00:2026-06-29T08:00:00+00:00
FALSE_BREAKOUT,,0.0,D2-C2-R3-30m,EXECUTION_STRESS,97,2026-06-28T20:44:59.999000+00:00,SOXLUSDT,,US_LEVERAGED_ETF:2026-06-26T20:00:00+00:00:2026-06-29T08:00:00+00:00
FALSE_BREAKOUT,,0.0,D2-C3-R3-10m,EXECUTION_STRESS,97,2026-06-28T20:44:59.999000+00:00,SOXLUSDT,,US_LEVERAGED_ETF:2026-06-26T20:00:00+00:00:2026-06-29T08:00:00+00:00
FALSE_BREAKOUT,,0.0,D2-C3-R3-20m,EXECUTION_STRESS,97,2026-06-28T20:44:59.999000+00:00,SOXLUSDT,,US_LEVERAGED_ETF:2026-06-26T20:00:00+00:00:2026-06-29T08:00:00+00:00
FALSE_BREAKOUT,,0.0,D2-C3-R3-30m,EXECUTION_STRESS,97,2026-06-28T20:44:59.999000+00:00,SOXLUSDT,,US_LEVERAGED_ETF:2026-06-26T20:00:00+00:00:2026-06-29T08:00:00+00:00
FALSE_BREAKOUT,2026-06-28T20:54:59.999000+00:00,1.5176266475565197,D2-C1-R3-10m,MAKER_PROMO_OFF,3,2026-06-28T20:44:59.999000+00:00,SOXLUSDT,10,US_LEVERAGED_ETF:2026-06-26T20:00:00+00:00:2026-06-29T08:00:00+00:00
FALSE_BREAKOUT,,0.0,D2-C1-R3-20m,MAKER_PROMO_OFF,3,2026-06-28T20:44:59.999000+00:00,SOXLUSDT,,US_LEVERAGED_ETF:2026-06-26T20:00:00+00:00:2026-06-29T08:00:00+00:00
FALSE_BREAKOUT,,0.0,D2-C1-R3-30m,MAKER_PROMO_OFF,3,2026-06-28T20:44:59.999000+00:00,SOXLUSDT,,US_LEVERAGED_ETF:2026-06-26T20:00:00+00:00:2026-06-29T08:00:00+00:00
FALSE_BREAKOUT,,0.0,D2-C2-R3-10m,MAKER_PROMO_OFF,3,2026-06-28T20:44:59.999000+00:00,SOXLUSDT,,US_LEVERAGED_ETF:2026-06-26T20:00:00+00:00:2026-06-29T08:00:00+00:00
FALSE_BREAKOUT,,0.0,D2-C2-R3-20m,MAKER_PROMO_OFF,3,2026-06-28T20:44:59.999000+00:00,SOXLUSDT,,US_LEVERAGED_ETF:2026-06-26T20:00:00+00:00:2026-06-29T08:00:00+00:00
FALSE_BREAKOUT,,0.0,D2-C2-R3-30m,MAKER_PROMO_OFF,3,2026-06-28T20:44:59.999000+00:00,SOXLUSDT,,US_LEVERAGED_ETF:2026-06-26T20:00:00+00:00:2026-06-29T08:00:00+00:00
FALSE_BREAKOUT,,0.0,D2-C3-R3-10m,MAKER_PROMO_OFF,3,2026-06-28T20:44:59.999000+00:00,SOXLUSDT,,US_LEVERAGED_ETF:2026-06-26T20:00:00+00:00:2026-06-29T08:00:00+00:00
FALSE_BREAKOUT,,0.0,D2-C3-R3-20m,MAKER_PROMO_OFF,3,2026-06-28T20:44:59.999000+00:00,SOXLUSDT,,US_LEVERAGED_ETF:2026-06-26T20:00:00+00:00:2026-06-29T08:00:00+00:00
FALSE_BREAKOUT,,0.0,D2-C3-R3-30m,MAKER_PROMO_OFF,3,2026-06-28T20:44:59.999000+00:00,SOXLUSDT,,US_LEVERAGED_ETF:2026-06-26T20:00:00+00:00:2026-06-29T08:00:00+00:00
FALSE_BREAKOUT,2026-06-28T20:54:59.999000+00:00,1.5176266475565197,D2-C1-R3-10m,MAKER_PROMO_OFF,10,2026-06-28T20:44:59.999000+00:00,SOXLUSDT,10,US_LEVERAGED_ETF:2026-06-26T20:00:00+00:00:2026-06-29T08:00:00+00:00
FALSE_BREAKOUT,,0.0,D2-C1-R3-20m,MAKER_PROMO_OFF,10,2026-06-28T20:44:59.999000+00:00,SOXLUSDT,,US_LEVERAGED_ETF:2026-06-26T20:00:00+00:00:2026-06-29T08:00:00+00:00
FALSE_BREAKOUT,,0.0,D2-C1-R3-30m,MAKER_PROMO_OFF,10,2026-06-28T20:44:59.999000+00:00,SOXLUSDT,,US_LEVERAGED_ETF:2026-06-26T20:00:00+00:00:2026-06-29T08:00:00+00:00
FALSE_BREAKOUT,,0.0,D2-C2-R3-10m,MAKER_PROMO_OFF,10,2026-06-28T20:44:59.999000+00:00,SOXLUSDT,,US_LEVERAGED_ETF:2026-06-26T20:00:00+00:00:2026-06-29T08:00:00+00:00
FALSE_BREAKOUT,,0.0,D2-C2-R3-20m,MAKER_PROMO_OFF,10,2026-06-28T20:44:59.999000+00:00,SOXLUSDT,,US_LEVERAGED_ETF:2026-06-26T20:00:00+00:00:2026-06-29T08:00:00+00:00
FALSE_BREAKOUT,,0.0,D2-C2-R3-30m,MAKER_PROMO_OFF,10,2026-06-28T20:44:59.999000+00:00,SOXLUSDT,,US_LEVERAGED_ETF:2026-06-26T20:00:00+00:00:2026-06-29T08:00:00+00:00
FALSE_BREAKOUT,,0.0,D2-C3-R3-10m,MAKER_PROMO_OFF,10,2026-06-28T20:44:59.999000+00:00,SOXLUSDT,,US_LEVERAGED_ETF:2026-06-26T20:00:00+00:00:2026-06-29T08:00:00+00:00
FALSE_BREAKOUT,,0.0,D2-C3-R3-20m,MAKER_PROMO_OFF,10,2026-06-28T20:44:59.999000+00:00,SOXLUSDT,,US_LEVERAGED_ETF:2026-06-26T20:00:00+00:00:2026-06-29T08:00:00+00:00
FALSE_BREAKOUT,,0.0,D2-C3-R3-30m,MAKER_PROMO_OFF,10,2026-06-28T20:44:59.999000+00:00,SOXLUSDT,,US_LEVERAGED_ETF:2026-06-26T20:00:00+00:00:2026-06-29T08:00:00+00:00
FALSE_BREAKOUT,2026-06-28T20:54:59.999000+00:00,1.5176266475565197,D2-C1-R3-10m,MAKER_PROMO_OFF,17,2026-06-28T20:44:59.999000+00:00,SOXLUSDT,10,US_LEVERAGED_ETF:2026-06-26T20:00:00+00:00:2026-06-29T08:00:00+00:00
FALSE_BREAKOUT,,0.0,D2-C1-R3-20m,MAKER_PROMO_OFF,17,2026-06-28T20:44:59.999000+00:00,SOXLUSDT,,US_LEVERAGED_ETF:2026-06-26T20:00:00+00:00:2026-06-29T08:00:00+00:00
FALSE_BREAKOUT,,0.0,D2-C1-R3-30m,MAKER_PROMO_OFF,17,2026-06-28T20:44:59.999000+00:00,SOXLUSDT,,US_LEVERAGED_ETF:2026-06-26T20:00:00+00:00:2026-06-29T08:00:00+00:00
FALSE_BREAKOUT,,0.0,D2-C2-R3-10m,MAKER_PROMO_OFF,17,2026-06-28T20:44:59.999000+00:00,SOXLUSDT,,US_LEVERAGED_ETF:2026-06-26T20:00:00+00:00:2026-06-29T08:00:00+00:00
FALSE_BREAKOUT,,0.0,D2-C2-R3-20m,MAKER_PROMO_OFF,17,2026-06-28T20:44:59.999000+00:00,SOXLUSDT,,US_LEVERAGED_ETF:2026-06-26T20:00:00+00:00:2026-06-29T08:00:00+00:00
FALSE_BREAKOUT,,0.0,D2-C2-R3-30m,MAKER_PROMO_OFF,17,2026-06-28T20:44:59.999000+00:00,SOXLUSDT,,US_LEVERAGED_ETF:2026-06-26T20:00:00+00:00:2026-06-29T08:00:00+00:00
FALSE_BREAKOUT,,0.0,D2-C3-R3-10m,MAKER_PROMO_OFF,17,2026-06-28T20:44:59.999000+00:00,SOXLUSDT,,US_LEVERAGED_ETF:2026-06-26T20:00:00+00:00:2026-06-29T08:00:00+00:00
FALSE_BREAKOUT,,0.0,D2-C3-R3-20m,MAKER_PROMO_OFF,17,2026-06-28T20:44:59.999000+00:00,SOXLUSDT,,US_LEVERAGED_ETF:2026-06-26T20:00:00+00:00:2026-06-29T08:00:00+00:00
FALSE_BREAKOUT,,0.0,D2-C3-R3-30m,MAKER_PROMO_OFF,17,2026-06-28T20:44:59.999000+00:00,SOXLUSDT,,US_LEVERAGED_ETF:2026-06-26T20:00:00+00:00:2026-06-29T08:00:00+00:00
FALSE_BREAKOUT,2026-06-28T20:54:59.999000+00:00,1.5176266475565197,D2-C1-R3-10m,MAKER_PROMO_OFF,31,2026-06-28T20:44:59.999000+00:00,SOXLUSDT,10,US_LEVERAGED_ETF:2026-06-26T20:00:00+00:00:2026-06-29T08:00:00+00:00
FALSE_BREAKOUT,,0.0,D2-C1-R3-20m,MAKER_PROMO_OFF,31,2026-06-28T20:44:59.999000+00:00,SOXLUSDT,,US_LEVERAGED_ETF:2026-06-26T20:00:00+00:00:2026-06-29T08:00:00+00:00
FALSE_BREAKOUT,,0.0,D2-C1-R3-30m,MAKER_PROMO_OFF,31,2026-06-28T20:44:59.999000+00:00,SOXLUSDT,,US_LEVERAGED_ETF:2026-06-26T20:00:00+00:00:2026-06-29T08:00:00+00:00
FALSE_BREAKOUT,,0.0,D2-C2-R3-10m,MAKER_PROMO_OFF,31,2026-06-28T20:44:59.999000+00:00,SOXLUSDT,,US_LEVERAGED_ETF:2026-06-26T20:00:00+00:00:2026-06-29T08:00:00+00:00
FALSE_BREAKOUT,,0.0,D2-C2-R3-20m,MAKER_PROMO_OFF,31,2026-06-28T20:44:59.999000+00:00,SOXLUSDT,,US_LEVERAGED_ETF:2026-06-26T20:00:00+00:00:2026-06-29T08:00:00+00:00
FALSE_BREAKOUT,,0.0,D2-C2-R3-30m,MAKER_PROMO_OFF,31,2026-06-28T20:44:59.999000+00:00,SOXLUSDT,,US_LEVERAGED_ETF:2026-06-26T20:00:00+00:00:2026-06-29T08:00:00+00:00
FALSE_BREAKOUT,,0.0,D2-C3-R3-10m,MAKER_PROMO_OFF,31,2026-06-28T20:44:59.999000+00:00,SOXLUSDT,,US_LEVERAGED_ETF:2026-06-26T20:00:00+00:00:2026-06-29T08:00:00+00:00
FALSE_BREAKOUT,,0.0,D2-C3-R3-20m,MAKER_PROMO_OFF,31,2026-06-28T20:44:59.999000+00:00,SOXLUSDT,,US_LEVERAGED_ETF:2026-06-26T20:00:00+00:00:2026-06-29T08:00:00+00:00
FALSE_BREAKOUT,,0.0,D2-C3-R3-30m,MAKER_PROMO_OFF,31,2026-06-28T20:44:59.999000+00:00,SOXLUSDT,,US_LEVERAGED_ETF:2026-06-26T20:00:00+00:00:2026-06-29T08:00:00+00:00
FALSE_BREAKOUT,2026-06-28T20:54:59.999000+00:00,1.5176266475565197,D2-C1-R3-10m,MAKER_PROMO_OFF,59,2026-06-28T20:44:59.999000+00:00,SOXLUSDT,10,US_LEVERAGED_ETF:2026-06-26T20:00:00+00:00:2026-06-29T08:00:00+00:00
FALSE_BREAKOUT,,0.0,D2-C1-R3-20m,MAKER_PROMO_OFF,59,2026-06-28T20:44:59.999000+00:00,SOXLUSDT,,US_LEVERAGED_ETF:2026-06-26T20:00:00+00:00:2026-06-29T08:00:00+00:00
FALSE_BREAKOUT,,0.0,D2-C1-R3-30m,MAKER_PROMO_OFF,59,2026-06-28T20:44:59.999000+00:00,SOXLUSDT,,US_LEVERAGED_ETF:2026-06-26T20:00:00+00:00:2026-06-29T08:00:00+00:00
FALSE_BREAKOUT,,0.0,D2-C2-R3-10m,MAKER_PROMO_OFF,59,2026-06-28T20:44:59.999000+00:00,SOXLUSDT,,US_LEVERAGED_ETF:2026-06-26T20:00:00+00:00:2026-06-29T08:00:00+00:00
FALSE_BREAKOUT,,0.0,D2-C2-R3-20m,MAKER_PROMO_OFF,59,2026-06-28T20:44:59.999000+00:00,SOXLUSDT,,US_LEVERAGED_ETF:2026-06-26T20:00:00+00:00:2026-06-29T08:00:00+00:00
FALSE_BREAKOUT,,0.0,D2-C2-R3-30m,MAKER_PROMO_OFF,59,2026-06-28T20:44:59.999000+00:00,SOXLUSDT,,US_LEVERAGED_ETF:2026-06-26T20:00:00+00:00:2026-06-29T08:00:00+00:00
FALSE_BREAKOUT,,0.0,D2-C3-R3-10m,MAKER_PROMO_OFF,59,2026-06-28T20:44:59.999000+00:00,SOXLUSDT,,US_LEVERAGED_ETF:2026-06-26T20:00:00+00:00:2026-06-29T08:00:00+00:00
FALSE_BREAKOUT,,0.0,D2-C3-R3-20m,MAKER_PROMO_OFF,59,2026-06-28T20:44:59.999000+00:00,SOXLUSDT,,US_LEVERAGED_ETF:2026-06-26T20:00:00+00:00:2026-06-29T08:00:00+00:00
FALSE_BREAKOUT,,0.0,D2-C3-R3-30m,MAKER_PROMO_OFF,59,2026-06-28T20:44:59.999000+00:00,SOXLUSDT,,US_LEVERAGED_ETF:2026-06-26T20:00:00+00:00:2026-06-29T08:00:00+00:00
FALSE_BREAKOUT,2026-06-28T20:54:59.999000+00:00,1.5176266475565197,D2-C1-R3-10m,MAKER_PROMO_OFF,97,2026-06-28T20:44:59.999000+00:00,SOXLUSDT,10,US_LEVERAGED_ETF:2026-06-26T20:00:00+00:00:2026-06-29T08:00:00+00:00
FALSE_BREAKOUT,,0.0,D2-C1-R3-20m,MAKER_PROMO_OFF,97,2026-06-28T20:44:59.999000+00:00,SOXLUSDT,,US_LEVERAGED_ETF:2026-06-26T20:00:00+00:00:2026-06-29T08:00:00+00:00
FALSE_BREAKOUT,,0.0,D2-C1-R3-30m,MAKER_PROMO_OFF,97,2026-06-28T20:44:59.999000+00:00,SOXLUSDT,,US_LEVERAGED_ETF:2026-06-26T20:00:00+00:00:2026-06-29T08:00:00+00:00
FALSE_BREAKOUT,,0.0,D2-C2-R3-10m,MAKER_PROMO_OFF,97,2026-06-28T20:44:59.999000+00:00,SOXLUSDT,,US_LEVERAGED_ETF:2026-06-26T20:00:00+00:00:2026-06-29T08:00:00+00:00
FALSE_BREAKOUT,,0.0,D2-C2-R3-20m,MAKER_PROMO_OFF,97,2026-06-28T20:44:59.999000+00:00,SOXLUSDT,,US_LEVERAGED_ETF:2026-06-26T20:00:00+00:00:2026-06-29T08:00:00+00:00
FALSE_BREAKOUT,,0.0,D2-C2-R3-30m,MAKER_PROMO_OFF,97,2026-06-28T20:44:59.999000+00:00,SOXLUSDT,,US_LEVERAGED_ETF:2026-06-26T20:00:00+00:00:2026-06-29T08:00:00+00:00
FALSE_BREAKOUT,,0.0,D2-C3-R3-10m,MAKER_PROMO_OFF,97,2026-06-28T20:44:59.999000+00:00,SOXLUSDT,,US_LEVERAGED_ETF:2026-06-26T20:00:00+00:00:2026-06-29T08:00:00+00:00
FALSE_BREAKOUT,,0.0,D2-C3-R3-20m,MAKER_PROMO_OFF,97,2026-06-28T20:44:59.999000+00:00,SOXLUSDT,,US_LEVERAGED_ETF:2026-06-26T20:00:00+00:00:2026-06-29T08:00:00+00:00
FALSE_BREAKOUT,,0.0,D2-C3-R3-30m,MAKER_PROMO_OFF,97,2026-06-28T20:44:59.999000+00:00,SOXLUSDT,,US_LEVERAGED_ETF:2026-06-26T20:00:00+00:00:2026-06-29T08:00:00+00:00
FALSE_BREAKOUT,,0.0,D2-C1-R3-10m,PRIMARY_ZERO_MAKER,3,2026-07-05T11:12:59.999000+00:00,SKHYNIXUSDT,,KR_STOCK:2026-07-03T06:30:00+00:00:2026-07-06T00:00:00+00:00
FALSE_BREAKOUT,,0.0,D2-C1-R3-20m,PRIMARY_ZERO_MAKER,3,2026-07-05T11:12:59.999000+00:00,SKHYNIXUSDT,,KR_STOCK:2026-07-03T06:30:00+00:00:2026-07-06T00:00:00+00:00
FALSE_BREAKOUT,,0.0,D2-C1-R3-30m,PRIMARY_ZERO_MAKER,3,2026-07-05T11:12:59.999000+00:00,SKHYNIXUSDT,,KR_STOCK:2026-07-03T06:30:00+00:00:2026-07-06T00:00:00+00:00
FALSE_BREAKOUT,,0.0,D2-C2-R3-10m,PRIMARY_ZERO_MAKER,3,2026-07-05T11:12:59.999000+00:00,SKHYNIXUSDT,,KR_STOCK:2026-07-03T06:30:00+00:00:2026-07-06T00:00:00+00:00
FALSE_BREAKOUT,,0.0,D2-C2-R3-20m,PRIMARY_ZERO_MAKER,3,2026-07-05T11:12:59.999000+00:00,SKHYNIXUSDT,,KR_STOCK:2026-07-03T06:30:00+00:00:2026-07-06T00:00:00+00:00
FALSE_BREAKOUT,,0.0,D2-C2-R3-30m,PRIMARY_ZERO_MAKER,3,2026-07-05T11:12:59.999000+00:00,SKHYNIXUSDT,,KR_STOCK:2026-07-03T06:30:00+00:00:2026-07-06T00:00:00+00:00
FALSE_BREAKOUT,,0.0,D2-C3-R3-10m,PRIMARY_ZERO_MAKER,3,2026-07-05T11:12:59.999000+00:00,SKHYNIXUSDT,,KR_STOCK:2026-07-03T06:30:00+00:00:2026-07-06T00:00:00+00:00
FALSE_BREAKOUT,,0.0,D2-C3-R3-20m,PRIMARY_ZERO_MAKER,3,2026-07-05T11:12:59.999000+00:00,SKHYNIXUSDT,,KR_STOCK:2026-07-03T06:30:00+00:00:2026-07-06T00:00:00+00:00
FALSE_BREAKOUT,,0.0,D2-C3-R3-30m,PRIMARY_ZERO_MAKER,3,2026-07-05T11:12:59.999000+00:00,SKHYNIXUSDT,,KR_STOCK:2026-07-03T06:30:00+00:00:2026-07-06T00:00:00+00:00
FALSE_BREAKOUT,,0.0,D2-C1-R3-10m,PRIMARY_ZERO_MAKER,10,2026-07-05T11:12:59.999000+00:00,SKHYNIXUSDT,,KR_STOCK:2026-07-03T06:30:00+00:00:2026-07-06T00:00:00+00:00
FALSE_BREAKOUT,,0.0,D2-C1-R3-20m,PRIMARY_ZERO_MAKER,10,2026-07-05T11:12:59.999000+00:00,SKHYNIXUSDT,,KR_STOCK:2026-07-03T06:30:00+00:00:2026-07-06T00:00:00+00:00
FALSE_BREAKOUT,,0.0,D2-C1-R3-30m,PRIMARY_ZERO_MAKER,10,2026-07-05T11:12:59.999000+00:00,SKHYNIXUSDT,,KR_STOCK:2026-07-03T06:30:00+00:00:2026-07-06T00:00:00+00:00
FALSE_BREAKOUT,,0.0,D2-C2-R3-10m,PRIMARY_ZERO_MAKER,10,2026-07-05T11:12:59.999000+00:00,SKHYNIXUSDT,,KR_STOCK:2026-07-03T06:30:00+00:00:2026-07-06T00:00:00+00:00
FALSE_BREAKOUT,,0.0,D2-C2-R3-20m,PRIMARY_ZERO_MAKER,10,2026-07-05T11:12:59.999000+00:00,SKHYNIXUSDT,,KR_STOCK:2026-07-03T06:30:00+00:00:2026-07-06T00:00:00+00:00
FALSE_BREAKOUT,,0.0,D2-C2-R3-30m,PRIMARY_ZERO_MAKER,10,2026-07-05T11:12:59.999000+00:00,SKHYNIXUSDT,,KR_STOCK:2026-07-03T06:30:00+00:00:2026-07-06T00:00:00+00:00
FALSE_BREAKOUT,,0.0,D2-C3-R3-10m,PRIMARY_ZERO_MAKER,10,2026-07-05T11:12:59.999000+00:00,SKHYNIXUSDT,,KR_STOCK:2026-07-03T06:30:00+00:00:2026-07-06T00:00:00+00:00
FALSE_BREAKOUT,,0.0,D2-C3-R3-20m,PRIMARY_ZERO_MAKER,10,2026-07-05T11:12:59.999000+00:00,SKHYNIXUSDT,,KR_STOCK:2026-07-03T06:30:00+00:00:2026-07-06T00:00:00+00:00
FALSE_BREAKOUT,,0.0,D2-C3-R3-30m,PRIMARY_ZERO_MAKER,10,2026-07-05T11:12:59.999000+00:00,SKHYNIXUSDT,,KR_STOCK:2026-07-03T06:30:00+00:00:2026-07-06T00:00:00+00:00
FALSE_BREAKOUT,,0.0,D2-C1-R3-10m,PRIMARY_ZERO_MAKER,17,2026-07-05T11:12:59.999000+00:00,SKHYNIXUSDT,,KR_STOCK:2026-07-03T06:30:00+00:00:2026-07-06T00:00:00+00:00
FALSE_BREAKOUT,,0.0,D2-C1-R3-20m,PRIMARY_ZERO_MAKER,17,2026-07-05T11:12:59.999000+00:00,SKHYNIXUSDT,,KR_STOCK:2026-07-03T06:30:00+00:00:2026-07-06T00:00:00+00:00
FALSE_BREAKOUT,,0.0,D2-C1-R3-30m,PRIMARY_ZERO_MAKER,17,2026-07-05T11:12:59.999000+00:00,SKHYNIXUSDT,,KR_STOCK:2026-07-03T06:30:00+00:00:2026-07-06T00:00:00+00:00
FALSE_BREAKOUT,,0.0,D2-C2-R3-10m,PRIMARY_ZERO_MAKER,17,2026-07-05T11:12:59.999000+00:00,SKHYNIXUSDT,,KR_STOCK:2026-07-03T06:30:00+00:00:2026-07-06T00:00:00+00:00
FALSE_BREAKOUT,,0.0,D2-C2-R3-20m,PRIMARY_ZERO_MAKER,17,2026-07-05T11:12:59.999000+00:00,SKHYNIXUSDT,,KR_STOCK:2026-07-03T06:30:00+00:00:2026-07-06T00:00:00+00:00
FALSE_BREAKOUT,,0.0,D2-C2-R3-30m,PRIMARY_ZERO_MAKER,17,2026-07-05T11:12:59.999000+00:00,SKHYNIXUSDT,,KR_STOCK:2026-07-03T06:30:00+00:00:2026-07-06T00:00:00+00:00
FALSE_BREAKOUT,,0.0,D2-C3-R3-10m,PRIMARY_ZERO_MAKER,17,2026-07-05T11:12:59.999000+00:00,SKHYNIXUSDT,,KR_STOCK:2026-07-03T06:30:00+00:00:2026-07-06T00:00:00+00:00
FALSE_BREAKOUT,,0.0,D2-C3-R3-20m,PRIMARY_ZERO_MAKER,17,2026-07-05T11:12:59.999000+00:00,SKHYNIXUSDT,,KR_STOCK:2026-07-03T06:30:00+00:00:2026-07-06T00:00:00+00:00
FALSE_BREAKOUT,,0.0,D2-C3-R3-30m,PRIMARY_ZERO_MAKER,17,2026-07-05T11:12:59.999000+00:00,SKHYNIXUSDT,,KR_STOCK:2026-07-03T06:30:00+00:00:2026-07-06T00:00:00+00:00
FALSE_BREAKOUT,,0.0,D2-C1-R3-10m,PRIMARY_ZERO_MAKER,31,2026-07-05T11:12:59.999000+00:00,SKHYNIXUSDT,,KR_STOCK:2026-07-03T06:30:00+00:00:2026-07-06T00:00:00+00:00
FALSE_BREAKOUT,,0.0,D2-C1-R3-20m,PRIMARY_ZERO_MAKER,31,2026-07-05T11:12:59.999000+00:00,SKHYNIXUSDT,,KR_STOCK:2026-07-03T06:30:00+00:00:2026-07-06T00:00:00+00:00
FALSE_BREAKOUT,,0.0,D2-C1-R3-30m,PRIMARY_ZERO_MAKER,31,2026-07-05T11:12:59.999000+00:00,SKHYNIXUSDT,,KR_STOCK:2026-07-03T06:30:00+00:00:2026-07-06T00:00:00+00:00
FALSE_BREAKOUT,,0.0,D2-C2-R3-10m,PRIMARY_ZERO_MAKER,31,2026-07-05T11:12:59.999000+00:00,SKHYNIXUSDT,,KR_STOCK:2026-07-03T06:30:00+00:00:2026-07-06T00:00:00+00:00
FALSE_BREAKOUT,,0.0,D2-C2-R3-20m,PRIMARY_ZERO_MAKER,31,2026-07-05T11:12:59.999000+00:00,SKHYNIXUSDT,,KR_STOCK:2026-07-03T06:30:00+00:00:2026-07-06T00:00:00+00:00
FALSE_BREAKOUT,,0.0,D2-C2-R3-30m,PRIMARY_ZERO_MAKER,31,2026-07-05T11:12:59.999000+00:00,SKHYNIXUSDT,,KR_STOCK:2026-07-03T06:30:00+00:00:2026-07-06T00:00:00+00:00
FALSE_BREAKOUT,,0.0,D2-C3-R3-10m,PRIMARY_ZERO_MAKER,31,2026-07-05T11:12:59.999000+00:00,SKHYNIXUSDT,,KR_STOCK:2026-07-03T06:30:00+00:00:2026-07-06T00:00:00+00:00
FALSE_BREAKOUT,,0.0,D2-C3-R3-20m,PRIMARY_ZERO_MAKER,31,2026-07-05T11:12:59.999000+00:00,SKHYNIXUSDT,,KR_STOCK:2026-07-03T06:30:00+00:00:2026-07-06T00:00:00+00:00
FALSE_BREAKOUT,,0.0,D2-C3-R3-30m,PRIMARY_ZERO_MAKER,31,2026-07-05T11:12:59.999000+00:00,SKHYNIXUSDT,,KR_STOCK:2026-07-03T06:30:00+00:00:2026-07-06T00:00:00+00:00
FALSE_BREAKOUT,,0.0,D2-C1-R3-10m,PRIMARY_ZERO_MAKER,59,2026-07-05T11:12:59.999000+00:00,SKHYNIXUSDT,,KR_STOCK:2026-07-03T06:30:00+00:00:2026-07-06T00:00:00+00:00
FALSE_BREAKOUT,,0.0,D2-C1-R3-20m,PRIMARY_ZERO_MAKER,59,2026-07-05T11:12:59.999000+00:00,SKHYNIXUSDT,,KR_STOCK:2026-07-03T06:30:00+00:00:2026-07-06T00:00:00+00:00
FALSE_BREAKOUT,,0.0,D2-C1-R3-30m,PRIMARY_ZERO_MAKER,59,2026-07-05T11:12:59.999000+00:00,SKHYNIXUSDT,,KR_STOCK:2026-07-03T06:30:00+00:00:2026-07-06T00:00:00+00:00
FALSE_BREAKOUT,,0.0,D2-C2-R3-10m,PRIMARY_ZERO_MAKER,59,2026-07-05T11:12:59.999000+00:00,SKHYNIXUSDT,,KR_STOCK:2026-07-03T06:30:00+00:00:2026-07-06T00:00:00+00:00
FALSE_BREAKOUT,,0.0,D2-C2-R3-20m,PRIMARY_ZERO_MAKER,59,2026-07-05T11:12:59.999000+00:00,SKHYNIXUSDT,,KR_STOCK:2026-07-03T06:30:00+00:00:2026-07-06T00:00:00+00:00
FALSE_BREAKOUT,,0.0,D2-C2-R3-30m,PRIMARY_ZERO_MAKER,59,2026-07-05T11:12:59.999000+00:00,SKHYNIXUSDT,,KR_STOCK:2026-07-03T06:30:00+00:00:2026-07-06T00:00:00+00:00
FALSE_BREAKOUT,,0.0,D2-C3-R3-10m,PRIMARY_ZERO_MAKER,59,2026-07-05T11:12:59.999000+00:00,SKHYNIXUSDT,,KR_STOCK:2026-07-03T06:30:00+00:00:2026-07-06T00:00:00+00:00
FALSE_BREAKOUT,,0.0,D2-C3-R3-20m,PRIMARY_ZERO_MAKER,59,2026-07-05T11:12:59.999000+00:00,SKHYNIXUSDT,,KR_STOCK:2026-07-03T06:30:00+00:00:2026-07-06T00:00:00+00:00
FALSE_BREAKOUT,,0.0,D2-C3-R3-30m,PRIMARY_ZERO_MAKER,59,2026-07-05T11:12:59.999000+00:00,SKHYNIXUSDT,,KR_STOCK:2026-07-03T06:30:00+00:00:2026-07-06T00:00:00+00:00
FALSE_BREAKOUT,,0.0,D2-C1-R3-10m,PRIMARY_ZERO_MAKER,97,2026-07-05T11:12:59.999000+00:00,SKHYNIXUSDT,,KR_STOCK:2026-07-03T06:30:00+00:00:2026-07-06T00:00:00+00:00
FALSE_BREAKOUT,,0.0,D2-C1-R3-20m,PRIMARY_ZERO_MAKER,97,2026-07-05T11:12:59.999000+00:00,SKHYNIXUSDT,,KR_STOCK:2026-07-03T06:30:00+00:00:2026-07-06T00:00:00+00:00
FALSE_BREAKOUT,,0.0,D2-C1-R3-30m,PRIMARY_ZERO_MAKER,97,2026-07-05T11:12:59.999000+00:00,SKHYNIXUSDT,,KR_STOCK:2026-07-03T06:30:00+00:00:2026-07-06T00:00:00+00:00
FALSE_BREAKOUT,,0.0,D2-C2-R3-10m,PRIMARY_ZERO_MAKER,97,2026-07-05T11:12:59.999000+00:00,SKHYNIXUSDT,,KR_STOCK:2026-07-03T06:30:00+00:00:2026-07-06T00:00:00+00:00
FALSE_BREAKOUT,,0.0,D2-C2-R3-20m,PRIMARY_ZERO_MAKER,97,2026-07-05T11:12:59.999000+00:00,SKHYNIXUSDT,,KR_STOCK:2026-07-03T06:30:00+00:00:2026-07-06T00:00:00+00:00
FALSE_BREAKOUT,,0.0,D2-C2-R3-30m,PRIMARY_ZERO_MAKER,97,2026-07-05T11:12:59.999000+00:00,SKHYNIXUSDT,,KR_STOCK:2026-07-03T06:30:00+00:00:2026-07-06T00:00:00+00:00
FALSE_BREAKOUT,,0.0,D2-C3-R3-10m,PRIMARY_ZERO_MAKER,97,2026-07-05T11:12:59.999000+00:00,SKHYNIXUSDT,,KR_STOCK:2026-07-03T06:30:00+00:00:2026-07-06T00:00:00+00:00
FALSE_BREAKOUT,,0.0,D2-C3-R3-20m,PRIMARY_ZERO_MAKER,97,2026-07-05T11:12:59.999000+00:00,SKHYNIXUSDT,,KR_STOCK:2026-07-03T06:30:00+00:00:2026-07-06T00:00:00+00:00
FALSE_BREAKOUT,,0.0,D2-C3-R3-30m,PRIMARY_ZERO_MAKER,97,2026-07-05T11:12:59.999000+00:00,SKHYNIXUSDT,,KR_STOCK:2026-07-03T06:30:00+00:00:2026-07-06T00:00:00+00:00
FALSE_BREAKOUT,,0.0,D2-C1-R3-10m,EXECUTION_STRESS,3,2026-07-05T11:12:59.999000+00:00,SKHYNIXUSDT,,KR_STOCK:2026-07-03T06:30:00+00:00:2026-07-06T00:00:00+00:00
FALSE_BREAKOUT,,0.0,D2-C1-R3-20m,EXECUTION_STRESS,3,2026-07-05T11:12:59.999000+00:00,SKHYNIXUSDT,,KR_STOCK:2026-07-03T06:30:00+00:00:2026-07-06T00:00:00+00:00
FALSE_BREAKOUT,,0.0,D2-C1-R3-30m,EXECUTION_STRESS,3,2026-07-05T11:12:59.999000+00:00,SKHYNIXUSDT,,KR_STOCK:2026-07-03T06:30:00+00:00:2026-07-06T00:00:00+00:00
FALSE_BREAKOUT,,0.0,D2-C2-R3-10m,EXECUTION_STRESS,3,2026-07-05T11:12:59.999000+00:00,SKHYNIXUSDT,,KR_STOCK:2026-07-03T06:30:00+00:00:2026-07-06T00:00:00+00:00
FALSE_BREAKOUT,,0.0,D2-C2-R3-20m,EXECUTION_STRESS,3,2026-07-05T11:12:59.999000+00:00,SKHYNIXUSDT,,KR_STOCK:2026-07-03T06:30:00+00:00:2026-07-06T00:00:00+00:00
FALSE_BREAKOUT,,0.0,D2-C2-R3-30m,EXECUTION_STRESS,3,2026-07-05T11:12:59.999000+00:00,SKHYNIXUSDT,,KR_STOCK:2026-07-03T06:30:00+00:00:2026-07-06T00:00:00+00:00
FALSE_BREAKOUT,,0.0,D2-C3-R3-10m,EXECUTION_STRESS,3,2026-07-05T11:12:59.999000+00:00,SKHYNIXUSDT,,KR_STOCK:2026-07-03T06:30:00+00:00:2026-07-06T00:00:00+00:00
FALSE_BREAKOUT,,0.0,D2-C3-R3-20m,EXECUTION_STRESS,3,2026-07-05T11:12:59.999000+00:00,SKHYNIXUSDT,,KR_STOCK:2026-07-03T06:30:00+00:00:2026-07-06T00:00:00+00:00
FALSE_BREAKOUT,,0.0,D2-C3-R3-30m,EXECUTION_STRESS,3,2026-07-05T11:12:59.999000+00:00,SKHYNIXUSDT,,KR_STOCK:2026-07-03T06:30:00+00:00:2026-07-06T00:00:00+00:00
FALSE_BREAKOUT,,0.0,D2-C1-R3-10m,EXECUTION_STRESS,10,2026-07-05T11:12:59.999000+00:00,SKHYNIXUSDT,,KR_STOCK:2026-07-03T06:30:00+00:00:2026-07-06T00:00:00+00:00
FALSE_BREAKOUT,,0.0,D2-C1-R3-20m,EXECUTION_STRESS,10,2026-07-05T11:12:59.999000+00:00,SKHYNIXUSDT,,KR_STOCK:2026-07-03T06:30:00+00:00:2026-07-06T00:00:00+00:00
FALSE_BREAKOUT,,0.0,D2-C1-R3-30m,EXECUTION_STRESS,10,2026-07-05T11:12:59.999000+00:00,SKHYNIXUSDT,,KR_STOCK:2026-07-03T06:30:00+00:00:2026-07-06T00:00:00+00:00
FALSE_BREAKOUT,,0.0,D2-C2-R3-10m,EXECUTION_STRESS,10,2026-07-05T11:12:59.999000+00:00,SKHYNIXUSDT,,KR_STOCK:2026-07-03T06:30:00+00:00:2026-07-06T00:00:00+00:00
FALSE_BREAKOUT,,0.0,D2-C2-R3-20m,EXECUTION_STRESS,10,2026-07-05T11:12:59.999000+00:00,SKHYNIXUSDT,,KR_STOCK:2026-07-03T06:30:00+00:00:2026-07-06T00:00:00+00:00
FALSE_BREAKOUT,,0.0,D2-C2-R3-30m,EXECUTION_STRESS,10,2026-07-05T11:12:59.999000+00:00,SKHYNIXUSDT,,KR_STOCK:2026-07-03T06:30:00+00:00:2026-07-06T00:00:00+00:00
FALSE_BREAKOUT,,0.0,D2-C3-R3-10m,EXECUTION_STRESS,10,2026-07-05T11:12:59.999000+00:00,SKHYNIXUSDT,,KR_STOCK:2026-07-03T06:30:00+00:00:2026-07-06T00:00:00+00:00
FALSE_BREAKOUT,,0.0,D2-C3-R3-20m,EXECUTION_STRESS,10,2026-07-05T11:12:59.999000+00:00,SKHYNIXUSDT,,KR_STOCK:2026-07-03T06:30:00+00:00:2026-07-06T00:00:00+00:00
FALSE_BREAKOUT,,0.0,D2-C3-R3-30m,EXECUTION_STRESS,10,2026-07-05T11:12:59.999000+00:00,SKHYNIXUSDT,,KR_STOCK:2026-07-03T06:30:00+00:00:2026-07-06T00:00:00+00:00
FALSE_BREAKOUT,,0.0,D2-C1-R3-10m,EXECUTION_STRESS,17,2026-07-05T11:12:59.999000+00:00,SKHYNIXUSDT,,KR_STOCK:2026-07-03T06:30:00+00:00:2026-07-06T00:00:00+00:00
FALSE_BREAKOUT,,0.0,D2-C1-R3-20m,EXECUTION_STRESS,17,2026-07-05T11:12:59.999000+00:00,SKHYNIXUSDT,,KR_STOCK:2026-07-03T06:30:00+00:00:2026-07-06T00:00:00+00:00
FALSE_BREAKOUT,,0.0,D2-C1-R3-30m,EXECUTION_STRESS,17,2026-07-05T11:12:59.999000+00:00,SKHYNIXUSDT,,KR_STOCK:2026-07-03T06:30:00+00:00:2026-07-06T00:00:00+00:00
FALSE_BREAKOUT,,0.0,D2-C2-R3-10m,EXECUTION_STRESS,17,2026-07-05T11:12:59.999000+00:00,SKHYNIXUSDT,,KR_STOCK:2026-07-03T06:30:00+00:00:2026-07-06T00:00:00+00:00
FALSE_BREAKOUT,,0.0,D2-C2-R3-20m,EXECUTION_STRESS,17,2026-07-05T11:12:59.999000+00:00,SKHYNIXUSDT,,KR_STOCK:2026-07-03T06:30:00+00:00:2026-07-06T00:00:00+00:00
FALSE_BREAKOUT,,0.0,D2-C2-R3-30m,EXECUTION_STRESS,17,2026-07-05T11:12:59.999000+00:00,SKHYNIXUSDT,,KR_STOCK:2026-07-03T06:30:00+00:00:2026-07-06T00:00:00+00:00
FALSE_BREAKOUT,,0.0,D2-C3-R3-10m,EXECUTION_STRESS,17,2026-07-05T11:12:59.999000+00:00,SKHYNIXUSDT,,KR_STOCK:2026-07-03T06:30:00+00:00:2026-07-06T00:00:00+00:00
FALSE_BREAKOUT,,0.0,D2-C3-R3-20m,EXECUTION_STRESS,17,2026-07-05T11:12:59.999000+00:00,SKHYNIXUSDT,,KR_STOCK:2026-07-03T06:30:00+00:00:2026-07-06T00:00:00+00:00
FALSE_BREAKOUT,,0.0,D2-C3-R3-30m,EXECUTION_STRESS,17,2026-07-05T11:12:59.999000+00:00,SKHYNIXUSDT,,KR_STOCK:2026-07-03T06:30:00+00:00:2026-07-06T00:00:00+00:00
FALSE_BREAKOUT,,0.0,D2-C1-R3-10m,EXECUTION_STRESS,31,2026-07-05T11:12:59.999000+00:00,SKHYNIXUSDT,,KR_STOCK:2026-07-03T06:30:00+00:00:2026-07-06T00:00:00+00:00
FALSE_BREAKOUT,,0.0,D2-C1-R3-20m,EXECUTION_STRESS,31,2026-07-05T11:12:59.999000+00:00,SKHYNIXUSDT,,KR_STOCK:2026-07-03T06:30:00+00:00:2026-07-06T00:00:00+00:00
FALSE_BREAKOUT,,0.0,D2-C1-R3-30m,EXECUTION_STRESS,31,2026-07-05T11:12:59.999000+00:00,SKHYNIXUSDT,,KR_STOCK:2026-07-03T06:30:00+00:00:2026-07-06T00:00:00+00:00
FALSE_BREAKOUT,,0.0,D2-C2-R3-10m,EXECUTION_STRESS,31,2026-07-05T11:12:59.999000+00:00,SKHYNIXUSDT,,KR_STOCK:2026-07-03T06:30:00+00:00:2026-07-06T00:00:00+00:00
FALSE_BREAKOUT,,0.0,D2-C2-R3-20m,EXECUTION_STRESS,31,2026-07-05T11:12:59.999000+00:00,SKHYNIXUSDT,,KR_STOCK:2026-07-03T06:30:00+00:00:2026-07-06T00:00:00+00:00
FALSE_BREAKOUT,,0.0,D2-C2-R3-30m,EXECUTION_STRESS,31,2026-07-05T11:12:59.999000+00:00,SKHYNIXUSDT,,KR_STOCK:2026-07-03T06:30:00+00:00:2026-07-06T00:00:00+00:00
FALSE_BREAKOUT,,0.0,D2-C3-R3-10m,EXECUTION_STRESS,31,2026-07-05T11:12:59.999000+00:00,SKHYNIXUSDT,,KR_STOCK:2026-07-03T06:30:00+00:00:2026-07-06T00:00:00+00:00
FALSE_BREAKOUT,,0.0,D2-C3-R3-20m,EXECUTION_STRESS,31,2026-07-05T11:12:59.999000+00:00,SKHYNIXUSDT,,KR_STOCK:2026-07-03T06:30:00+00:00:2026-07-06T00:00:00+00:00
FALSE_BREAKOUT,,0.0,D2-C3-R3-30m,EXECUTION_STRESS,31,2026-07-05T11:12:59.999000+00:00,SKHYNIXUSDT,,KR_STOCK:2026-07-03T06:30:00+00:00:2026-07-06T00:00:00+00:00
FALSE_BREAKOUT,,0.0,D2-C1-R3-10m,EXECUTION_STRESS,59,2026-07-05T11:12:59.999000+00:00,SKHYNIXUSDT,,KR_STOCK:2026-07-03T06:30:00+00:00:2026-07-06T00:00:00+00:00
FALSE_BREAKOUT,,0.0,D2-C1-R3-20m,EXECUTION_STRESS,59,2026-07-05T11:12:59.999000+00:00,SKHYNIXUSDT,,KR_STOCK:2026-07-03T06:30:00+00:00:2026-07-06T00:00:00+00:00
FALSE_BREAKOUT,,0.0,D2-C1-R3-30m,EXECUTION_STRESS,59,2026-07-05T11:12:59.999000+00:00,SKHYNIXUSDT,,KR_STOCK:2026-07-03T06:30:00+00:00:2026-07-06T00:00:00+00:00
FALSE_BREAKOUT,,0.0,D2-C2-R3-10m,EXECUTION_STRESS,59,2026-07-05T11:12:59.999000+00:00,SKHYNIXUSDT,,KR_STOCK:2026-07-03T06:30:00+00:00:2026-07-06T00:00:00+00:00
FALSE_BREAKOUT,,0.0,D2-C2-R3-20m,EXECUTION_STRESS,59,2026-07-05T11:12:59.999000+00:00,SKHYNIXUSDT,,KR_STOCK:2026-07-03T06:30:00+00:00:2026-07-06T00:00:00+00:00
FALSE_BREAKOUT,,0.0,D2-C2-R3-30m,EXECUTION_STRESS,59,2026-07-05T11:12:59.999000+00:00,SKHYNIXUSDT,,KR_STOCK:2026-07-03T06:30:00+00:00:2026-07-06T00:00:00+00:00
FALSE_BREAKOUT,,0.0,D2-C3-R3-10m,EXECUTION_STRESS,59,2026-07-05T11:12:59.999000+00:00,SKHYNIXUSDT,,KR_STOCK:2026-07-03T06:30:00+00:00:2026-07-06T00:00:00+00:00
FALSE_BREAKOUT,,0.0,D2-C3-R3-20m,EXECUTION_STRESS,59,2026-07-05T11:12:59.999000+00:00,SKHYNIXUSDT,,KR_STOCK:2026-07-03T06:30:00+00:00:2026-07-06T00:00:00+00:00
FALSE_BREAKOUT,,0.0,D2-C3-R3-30m,EXECUTION_STRESS,59,2026-07-05T11:12:59.999000+00:00,SKHYNIXUSDT,,KR_STOCK:2026-07-03T06:30:00+00:00:2026-07-06T00:00:00+00:00
FALSE_BREAKOUT,,0.0,D2-C1-R3-10m,EXECUTION_STRESS,97,2026-07-05T11:12:59.999000+00:00,SKHYNIXUSDT,,KR_STOCK:2026-07-03T06:30:00+00:00:2026-07-06T00:00:00+00:00
FALSE_BREAKOUT,,0.0,D2-C1-R3-20m,EXECUTION_STRESS,97,2026-07-05T11:12:59.999000+00:00,SKHYNIXUSDT,,KR_STOCK:2026-07-03T06:30:00+00:00:2026-07-06T00:00:00+00:00
FALSE_BREAKOUT,,0.0,D2-C1-R3-30m,EXECUTION_STRESS,97,2026-07-05T11:12:59.999000+00:00,SKHYNIXUSDT,,KR_STOCK:2026-07-03T06:30:00+00:00:2026-07-06T00:00:00+00:00
FALSE_BREAKOUT,,0.0,D2-C2-R3-10m,EXECUTION_STRESS,97,2026-07-05T11:12:59.999000+00:00,SKHYNIXUSDT,,KR_STOCK:2026-07-03T06:30:00+00:00:2026-07-06T00:00:00+00:00
FALSE_BREAKOUT,,0.0,D2-C2-R3-20m,EXECUTION_STRESS,97,2026-07-05T11:12:59.999000+00:00,SKHYNIXUSDT,,KR_STOCK:2026-07-03T06:30:00+00:00:2026-07-06T00:00:00+00:00
FALSE_BREAKOUT,,0.0,D2-C2-R3-30m,EXECUTION_STRESS,97,2026-07-05T11:12:59.999000+00:00,SKHYNIXUSDT,,KR_STOCK:2026-07-03T06:30:00+00:00:2026-07-06T00:00:00+00:00
FALSE_BREAKOUT,,0.0,D2-C3-R3-10m,EXECUTION_STRESS,97,2026-07-05T11:12:59.999000+00:00,SKHYNIXUSDT,,KR_STOCK:2026-07-03T06:30:00+00:00:2026-07-06T00:00:00+00:00
FALSE_BREAKOUT,,0.0,D2-C3-R3-20m,EXECUTION_STRESS,97,2026-07-05T11:12:59.999000+00:00,SKHYNIXUSDT,,KR_STOCK:2026-07-03T06:30:00+00:00:2026-07-06T00:00:00+00:00
FALSE_BREAKOUT,,0.0,D2-C3-R3-30m,EXECUTION_STRESS,97,2026-07-05T11:12:59.999000+00:00,SKHYNIXUSDT,,KR_STOCK:2026-07-03T06:30:00+00:00:2026-07-06T00:00:00+00:00
FALSE_BREAKOUT,,0.0,D2-C1-R3-10m,MAKER_PROMO_OFF,3,2026-07-05T11:12:59.999000+00:00,SKHYNIXUSDT,,KR_STOCK:2026-07-03T06:30:00+00:00:2026-07-06T00:00:00+00:00
FALSE_BREAKOUT,,0.0,D2-C1-R3-20m,MAKER_PROMO_OFF,3,2026-07-05T11:12:59.999000+00:00,SKHYNIXUSDT,,KR_STOCK:2026-07-03T06:30:00+00:00:2026-07-06T00:00:00+00:00
FALSE_BREAKOUT,,0.0,D2-C1-R3-30m,MAKER_PROMO_OFF,3,2026-07-05T11:12:59.999000+00:00,SKHYNIXUSDT,,KR_STOCK:2026-07-03T06:30:00+00:00:2026-07-06T00:00:00+00:00
FALSE_BREAKOUT,,0.0,D2-C2-R3-10m,MAKER_PROMO_OFF,3,2026-07-05T11:12:59.999000+00:00,SKHYNIXUSDT,,KR_STOCK:2026-07-03T06:30:00+00:00:2026-07-06T00:00:00+00:00
FALSE_BREAKOUT,,0.0,D2-C2-R3-20m,MAKER_PROMO_OFF,3,2026-07-05T11:12:59.999000+00:00,SKHYNIXUSDT,,KR_STOCK:2026-07-03T06:30:00+00:00:2026-07-06T00:00:00+00:00
FALSE_BREAKOUT,,0.0,D2-C2-R3-30m,MAKER_PROMO_OFF,3,2026-07-05T11:12:59.999000+00:00,SKHYNIXUSDT,,KR_STOCK:2026-07-03T06:30:00+00:00:2026-07-06T00:00:00+00:00
FALSE_BREAKOUT,,0.0,D2-C3-R3-10m,MAKER_PROMO_OFF,3,2026-07-05T11:12:59.999000+00:00,SKHYNIXUSDT,,KR_STOCK:2026-07-03T06:30:00+00:00:2026-07-06T00:00:00+00:00
FALSE_BREAKOUT,,0.0,D2-C3-R3-20m,MAKER_PROMO_OFF,3,2026-07-05T11:12:59.999000+00:00,SKHYNIXUSDT,,KR_STOCK:2026-07-03T06:30:00+00:00:2026-07-06T00:00:00+00:00
FALSE_BREAKOUT,,0.0,D2-C3-R3-30m,MAKER_PROMO_OFF,3,2026-07-05T11:12:59.999000+00:00,SKHYNIXUSDT,,KR_STOCK:2026-07-03T06:30:00+00:00:2026-07-06T00:00:00+00:00
FALSE_BREAKOUT,,0.0,D2-C1-R3-10m,MAKER_PROMO_OFF,10,2026-07-05T11:12:59.999000+00:00,SKHYNIXUSDT,,KR_STOCK:2026-07-03T06:30:00+00:00:2026-07-06T00:00:00+00:00
FALSE_BREAKOUT,,0.0,D2-C1-R3-20m,MAKER_PROMO_OFF,10,2026-07-05T11:12:59.999000+00:00,SKHYNIXUSDT,,KR_STOCK:2026-07-03T06:30:00+00:00:2026-07-06T00:00:00+00:00
FALSE_BREAKOUT,,0.0,D2-C1-R3-30m,MAKER_PROMO_OFF,10,2026-07-05T11:12:59.999000+00:00,SKHYNIXUSDT,,KR_STOCK:2026-07-03T06:30:00+00:00:2026-07-06T00:00:00+00:00
FALSE_BREAKOUT,,0.0,D2-C2-R3-10m,MAKER_PROMO_OFF,10,2026-07-05T11:12:59.999000+00:00,SKHYNIXUSDT,,KR_STOCK:2026-07-03T06:30:00+00:00:2026-07-06T00:00:00+00:00
FALSE_BREAKOUT,,0.0,D2-C2-R3-20m,MAKER_PROMO_OFF,10,2026-07-05T11:12:59.999000+00:00,SKHYNIXUSDT,,KR_STOCK:2026-07-03T06:30:00+00:00:2026-07-06T00:00:00+00:00
FALSE_BREAKOUT,,0.0,D2-C2-R3-30m,MAKER_PROMO_OFF,10,2026-07-05T11:12:59.999000+00:00,SKHYNIXUSDT,,KR_STOCK:2026-07-03T06:30:00+00:00:2026-07-06T00:00:00+00:00
FALSE_BREAKOUT,,0.0,D2-C3-R3-10m,MAKER_PROMO_OFF,10,2026-07-05T11:12:59.999000+00:00,SKHYNIXUSDT,,KR_STOCK:2026-07-03T06:30:00+00:00:2026-07-06T00:00:00+00:00
FALSE_BREAKOUT,,0.0,D2-C3-R3-20m,MAKER_PROMO_OFF,10,2026-07-05T11:12:59.999000+00:00,SKHYNIXUSDT,,KR_STOCK:2026-07-03T06:30:00+00:00:2026-07-06T00:00:00+00:00
FALSE_BREAKOUT,,0.0,D2-C3-R3-30m,MAKER_PROMO_OFF,10,2026-07-05T11:12:59.999000+00:00,SKHYNIXUSDT,,KR_STOCK:2026-07-03T06:30:00+00:00:2026-07-06T00:00:00+00:00
FALSE_BREAKOUT,,0.0,D2-C1-R3-10m,MAKER_PROMO_OFF,17,2026-07-05T11:12:59.999000+00:00,SKHYNIXUSDT,,KR_STOCK:2026-07-03T06:30:00+00:00:2026-07-06T00:00:00+00:00
FALSE_BREAKOUT,,0.0,D2-C1-R3-20m,MAKER_PROMO_OFF,17,2026-07-05T11:12:59.999000+00:00,SKHYNIXUSDT,,KR_STOCK:2026-07-03T06:30:00+00:00:2026-07-06T00:00:00+00:00
FALSE_BREAKOUT,,0.0,D2-C1-R3-30m,MAKER_PROMO_OFF,17,2026-07-05T11:12:59.999000+00:00,SKHYNIXUSDT,,KR_STOCK:2026-07-03T06:30:00+00:00:2026-07-06T00:00:00+00:00
FALSE_BREAKOUT,,0.0,D2-C2-R3-10m,MAKER_PROMO_OFF,17,2026-07-05T11:12:59.999000+00:00,SKHYNIXUSDT,,KR_STOCK:2026-07-03T06:30:00+00:00:2026-07-06T00:00:00+00:00
FALSE_BREAKOUT,,0.0,D2-C2-R3-20m,MAKER_PROMO_OFF,17,2026-07-05T11:12:59.999000+00:00,SKHYNIXUSDT,,KR_STOCK:2026-07-03T06:30:00+00:00:2026-07-06T00:00:00+00:00
FALSE_BREAKOUT,,0.0,D2-C2-R3-30m,MAKER_PROMO_OFF,17,2026-07-05T11:12:59.999000+00:00,SKHYNIXUSDT,,KR_STOCK:2026-07-03T06:30:00+00:00:2026-07-06T00:00:00+00:00
FALSE_BREAKOUT,,0.0,D2-C3-R3-10m,MAKER_PROMO_OFF,17,2026-07-05T11:12:59.999000+00:00,SKHYNIXUSDT,,KR_STOCK:2026-07-03T06:30:00+00:00:2026-07-06T00:00:00+00:00
FALSE_BREAKOUT,,0.0,D2-C3-R3-20m,MAKER_PROMO_OFF,17,2026-07-05T11:12:59.999000+00:00,SKHYNIXUSDT,,KR_STOCK:2026-07-03T06:30:00+00:00:2026-07-06T00:00:00+00:00
FALSE_BREAKOUT,,0.0,D2-C3-R3-30m,MAKER_PROMO_OFF,17,2026-07-05T11:12:59.999000+00:00,SKHYNIXUSDT,,KR_STOCK:2026-07-03T06:30:00+00:00:2026-07-06T00:00:00+00:00
FALSE_BREAKOUT,,0.0,D2-C1-R3-10m,MAKER_PROMO_OFF,31,2026-07-05T11:12:59.999000+00:00,SKHYNIXUSDT,,KR_STOCK:2026-07-03T06:30:00+00:00:2026-07-06T00:00:00+00:00
FALSE_BREAKOUT,,0.0,D2-C1-R3-20m,MAKER_PROMO_OFF,31,2026-07-05T11:12:59.999000+00:00,SKHYNIXUSDT,,KR_STOCK:2026-07-03T06:30:00+00:00:2026-07-06T00:00:00+00:00
FALSE_BREAKOUT,,0.0,D2-C1-R3-30m,MAKER_PROMO_OFF,31,2026-07-05T11:12:59.999000+00:00,SKHYNIXUSDT,,KR_STOCK:2026-07-03T06:30:00+00:00:2026-07-06T00:00:00+00:00
FALSE_BREAKOUT,,0.0,D2-C2-R3-10m,MAKER_PROMO_OFF,31,2026-07-05T11:12:59.999000+00:00,SKHYNIXUSDT,,KR_STOCK:2026-07-03T06:30:00+00:00:2026-07-06T00:00:00+00:00
FALSE_BREAKOUT,,0.0,D2-C2-R3-20m,MAKER_PROMO_OFF,31,2026-07-05T11:12:59.999000+00:00,SKHYNIXUSDT,,KR_STOCK:2026-07-03T06:30:00+00:00:2026-07-06T00:00:00+00:00
FALSE_BREAKOUT,,0.0,D2-C2-R3-30m,MAKER_PROMO_OFF,31,2026-07-05T11:12:59.999000+00:00,SKHYNIXUSDT,,KR_STOCK:2026-07-03T06:30:00+00:00:2026-07-06T00:00:00+00:00
FALSE_BREAKOUT,,0.0,D2-C3-R3-10m,MAKER_PROMO_OFF,31,2026-07-05T11:12:59.999000+00:00,SKHYNIXUSDT,,KR_STOCK:2026-07-03T06:30:00+00:00:2026-07-06T00:00:00+00:00
FALSE_BREAKOUT,,0.0,D2-C3-R3-20m,MAKER_PROMO_OFF,31,2026-07-05T11:12:59.999000+00:00,SKHYNIXUSDT,,KR_STOCK:2026-07-03T06:30:00+00:00:2026-07-06T00:00:00+00:00
FALSE_BREAKOUT,,0.0,D2-C3-R3-30m,MAKER_PROMO_OFF,31,2026-07-05T11:12:59.999000+00:00,SKHYNIXUSDT,,KR_STOCK:2026-07-03T06:30:00+00:00:2026-07-06T00:00:00+00:00
FALSE_BREAKOUT,,0.0,D2-C1-R3-10m,MAKER_PROMO_OFF,59,2026-07-05T11:12:59.999000+00:00,SKHYNIXUSDT,,KR_STOCK:2026-07-03T06:30:00+00:00:2026-07-06T00:00:00+00:00
FALSE_BREAKOUT,,0.0,D2-C1-R3-20m,MAKER_PROMO_OFF,59,2026-07-05T11:12:59.999000+00:00,SKHYNIXUSDT,,KR_STOCK:2026-07-03T06:30:00+00:00:2026-07-06T00:00:00+00:00
FALSE_BREAKOUT,,0.0,D2-C1-R3-30m,MAKER_PROMO_OFF,59,2026-07-05T11:12:59.999000+00:00,SKHYNIXUSDT,,KR_STOCK:2026-07-03T06:30:00+00:00:2026-07-06T00:00:00+00:00
FALSE_BREAKOUT,,0.0,D2-C2-R3-10m,MAKER_PROMO_OFF,59,2026-07-05T11:12:59.999000+00:00,SKHYNIXUSDT,,KR_STOCK:2026-07-03T06:30:00+00:00:2026-07-06T00:00:00+00:00
FALSE_BREAKOUT,,0.0,D2-C2-R3-20m,MAKER_PROMO_OFF,59,2026-07-05T11:12:59.999000+00:00,SKHYNIXUSDT,,KR_STOCK:2026-07-03T06:30:00+00:00:2026-07-06T00:00:00+00:00
FALSE_BREAKOUT,,0.0,D2-C2-R3-30m,MAKER_PROMO_OFF,59,2026-07-05T11:12:59.999000+00:00,SKHYNIXUSDT,,KR_STOCK:2026-07-03T06:30:00+00:00:2026-07-06T00:00:00+00:00
FALSE_BREAKOUT,,0.0,D2-C3-R3-10m,MAKER_PROMO_OFF,59,2026-07-05T11:12:59.999000+00:00,SKHYNIXUSDT,,KR_STOCK:2026-07-03T06:30:00+00:00:2026-07-06T00:00:00+00:00
FALSE_BREAKOUT,,0.0,D2-C3-R3-20m,MAKER_PROMO_OFF,59,2026-07-05T11:12:59.999000+00:00,SKHYNIXUSDT,,KR_STOCK:2026-07-03T06:30:00+00:00:2026-07-06T00:00:00+00:00
FALSE_BREAKOUT,,0.0,D2-C3-R3-30m,MAKER_PROMO_OFF,59,2026-07-05T11:12:59.999000+00:00,SKHYNIXUSDT,,KR_STOCK:2026-07-03T06:30:00+00:00:2026-07-06T00:00:00+00:00
FALSE_BREAKOUT,,0.0,D2-C1-R3-10m,MAKER_PROMO_OFF,97,2026-07-05T11:12:59.999000+00:00,SKHYNIXUSDT,,KR_STOCK:2026-07-03T06:30:00+00:00:2026-07-06T00:00:00+00:00
FALSE_BREAKOUT,,0.0,D2-C1-R3-20m,MAKER_PROMO_OFF,97,2026-07-05T11:12:59.999000+00:00,SKHYNIXUSDT,,KR_STOCK:2026-07-03T06:30:00+00:00:2026-07-06T00:00:00+00:00
FALSE_BREAKOUT,,0.0,D2-C1-R3-30m,MAKER_PROMO_OFF,97,2026-07-05T11:12:59.999000+00:00,SKHYNIXUSDT,,KR_STOCK:2026-07-03T06:30:00+00:00:2026-07-06T00:00:00+00:00
FALSE_BREAKOUT,,0.0,D2-C2-R3-10m,MAKER_PROMO_OFF,97,2026-07-05T11:12:59.999000+00:00,SKHYNIXUSDT,,KR_STOCK:2026-07-03T06:30:00+00:00:2026-07-06T00:00:00+00:00
FALSE_BREAKOUT,,0.0,D2-C2-R3-20m,MAKER_PROMO_OFF,97,2026-07-05T11:12:59.999000+00:00,SKHYNIXUSDT,,KR_STOCK:2026-07-03T06:30:00+00:00:2026-07-06T00:00:00+00:00
FALSE_BREAKOUT,,0.0,D2-C2-R3-30m,MAKER_PROMO_OFF,97,2026-07-05T11:12:59.999000+00:00,SKHYNIXUSDT,,KR_STOCK:2026-07-03T06:30:00+00:00:2026-07-06T00:00:00+00:00
FALSE_BREAKOUT,,0.0,D2-C3-R3-10m,MAKER_PROMO_OFF,97,2026-07-05T11:12:59.999000+00:00,SKHYNIXUSDT,,KR_STOCK:2026-07-03T06:30:00+00:00:2026-07-06T00:00:00+00:00
FALSE_BREAKOUT,,0.0,D2-C3-R3-20m,MAKER_PROMO_OFF,97,2026-07-05T11:12:59.999000+00:00,SKHYNIXUSDT,,KR_STOCK:2026-07-03T06:30:00+00:00:2026-07-06T00:00:00+00:00
FALSE_BREAKOUT,,0.0,D2-C3-R3-30m,MAKER_PROMO_OFF,97,2026-07-05T11:12:59.999000+00:00,SKHYNIXUSDT,,KR_STOCK:2026-07-03T06:30:00+00:00:2026-07-06T00:00:00+00:00
TRUE_BREAKOUT,,0.0,D2-C1-R3-10m,PRIMARY_ZERO_MAKER,3,2026-08-17T03:16:59.999000+00:00,SNDKUSDT,,NYSE:2026-08-14T20:00:00+00:00:2026-08-17T06:00:00+00:00
TRUE_BREAKOUT,2026-08-17T03:36:59.999000+00:00,0.0593999999999869,D2-C1-R3-20m,PRIMARY_ZERO_MAKER,3,2026-08-17T03:16:59.999000+00:00,SNDKUSDT,20,NYSE:2026-08-14T20:00:00+00:00:2026-08-17T06:00:00+00:00
TRUE_BREAKOUT,,0.0,D2-C1-R3-30m,PRIMARY_ZERO_MAKER,3,2026-08-17T03:16:59.999000+00:00,SNDKUSDT,,NYSE:2026-08-14T20:00:00+00:00:2026-08-17T06:00:00+00:00
TRUE_BREAKOUT,,0.0,D2-C2-R3-10m,PRIMARY_ZERO_MAKER,3,2026-08-17T03:16:59.999000+00:00,SNDKUSDT,,NYSE:2026-08-14T20:00:00+00:00:2026-08-17T06:00:00+00:00
TRUE_BREAKOUT,,0.0,D2-C2-R3-20m,PRIMARY_ZERO_MAKER,3,2026-08-17T03:16:59.999000+00:00,SNDKUSDT,,NYSE:2026-08-14T20:00:00+00:00:2026-08-17T06:00:00+00:00
TRUE_BREAKOUT,,0.0,D2-C2-R3-30m,PRIMARY_ZERO_MAKER,3,2026-08-17T03:16:59.999000+00:00,SNDKUSDT,,NYSE:2026-08-14T20:00:00+00:00:2026-08-17T06:00:00+00:00
TRUE_BREAKOUT,,0.0,D2-C3-R3-10m,PRIMARY_ZERO_MAKER,3,2026-08-17T03:16:59.999000+00:00,SNDKUSDT,,NYSE:2026-08-14T20:00:00+00:00:2026-08-17T06:00:00+00:00
TRUE_BREAKOUT,,0.0,D2-C3-R3-20m,PRIMARY_ZERO_MAKER,3,2026-08-17T03:16:59.999000+00:00,SNDKUSDT,,NYSE:2026-08-14T20:00:00+00:00:2026-08-17T06:00:00+00:00
TRUE_BREAKOUT,,0.0,D2-C3-R3-30m,PRIMARY_ZERO_MAKER,3,2026-08-17T03:16:59.999000+00:00,SNDKUSDT,,NYSE:2026-08-14T20:00:00+00:00:2026-08-17T06:00:00+00:00
TRUE_BREAKOUT,,0.0,D2-C1-R3-10m,PRIMARY_ZERO_MAKER,10,2026-08-17T03:16:59.999000+00:00,SNDKUSDT,,NYSE:2026-08-14T20:00:00+00:00:2026-08-17T06:00:00+00:00
TRUE_BREAKOUT,2026-08-17T03:36:59.999000+00:00,0.0593999999999869,D2-C1-R3-20m,PRIMARY_ZERO_MAKER,10,2026-08-17T03:16:59.999000+00:00,SNDKUSDT,20,NYSE:2026-08-14T20:00:00+00:00:2026-08-17T06:00:00+00:00
TRUE_BREAKOUT,,0.0,D2-C1-R3-30m,PRIMARY_ZERO_MAKER,10,2026-08-17T03:16:59.999000+00:00,SNDKUSDT,,NYSE:2026-08-14T20:00:00+00:00:2026-08-17T06:00:00+00:00
TRUE_BREAKOUT,,0.0,D2-C2-R3-10m,PRIMARY_ZERO_MAKER,10,2026-08-17T03:16:59.999000+00:00,SNDKUSDT,,NYSE:2026-08-14T20:00:00+00:00:2026-08-17T06:00:00+00:00
TRUE_BREAKOUT,,0.0,D2-C2-R3-20m,PRIMARY_ZERO_MAKER,10,2026-08-17T03:16:59.999000+00:00,SNDKUSDT,,NYSE:2026-08-14T20:00:00+00:00:2026-08-17T06:00:00+00:00
TRUE_BREAKOUT,,0.0,D2-C2-R3-30m,PRIMARY_ZERO_MAKER,10,2026-08-17T03:16:59.999000+00:00,SNDKUSDT,,NYSE:2026-08-14T20:00:00+00:00:2026-08-17T06:00:00+00:00
TRUE_BREAKOUT,,0.0,D2-C3-R3-10m,PRIMARY_ZERO_MAKER,10,2026-08-17T03:16:59.999000+00:00,SNDKUSDT,,NYSE:2026-08-14T20:00:00+00:00:2026-08-17T06:00:00+00:00
TRUE_BREAKOUT,,0.0,D2-C3-R3-20m,PRIMARY_ZERO_MAKER,10,2026-08-17T03:16:59.999000+00:00,SNDKUSDT,,NYSE:2026-08-14T20:00:00+00:00:2026-08-17T06:00:00+00:00
TRUE_BREAKOUT,,0.0,D2-C3-R3-30m,PRIMARY_ZERO_MAKER,10,2026-08-17T03:16:59.999000+00:00,SNDKUSDT,,NYSE:2026-08-14T20:00:00+00:00:2026-08-17T06:00:00+00:00
TRUE_BREAKOUT,,0.0,D2-C1-R3-10m,PRIMARY_ZERO_MAKER,17,2026-08-17T03:16:59.999000+00:00,SNDKUSDT,,NYSE:2026-08-14T20:00:00+00:00:2026-08-17T06:00:00+00:00
TRUE_BREAKOUT,2026-08-17T03:36:59.999000+00:00,0.0593999999999869,D2-C1-R3-20m,PRIMARY_ZERO_MAKER,17,2026-08-17T03:16:59.999000+00:00,SNDKUSDT,20,NYSE:2026-08-14T20:00:00+00:00:2026-08-17T06:00:00+00:00
TRUE_BREAKOUT,,0.0,D2-C1-R3-30m,PRIMARY_ZERO_MAKER,17,2026-08-17T03:16:59.999000+00:00,SNDKUSDT,,NYSE:2026-08-14T20:00:00+00:00:2026-08-17T06:00:00+00:00
TRUE_BREAKOUT,,0.0,D2-C2-R3-10m,PRIMARY_ZERO_MAKER,17,2026-08-17T03:16:59.999000+00:00,SNDKUSDT,,NYSE:2026-08-14T20:00:00+00:00:2026-08-17T06:00:00+00:00
TRUE_BREAKOUT,,0.0,D2-C2-R3-20m,PRIMARY_ZERO_MAKER,17,2026-08-17T03:16:59.999000+00:00,SNDKUSDT,,NYSE:2026-08-14T20:00:00+00:00:2026-08-17T06:00:00+00:00
TRUE_BREAKOUT,,0.0,D2-C2-R3-30m,PRIMARY_ZERO_MAKER,17,2026-08-17T03:16:59.999000+00:00,SNDKUSDT,,NYSE:2026-08-14T20:00:00+00:00:2026-08-17T06:00:00+00:00
TRUE_BREAKOUT,,0.0,D2-C3-R3-10m,PRIMARY_ZERO_MAKER,17,2026-08-17T03:16:59.999000+00:00,SNDKUSDT,,NYSE:2026-08-14T20:00:00+00:00:2026-08-17T06:00:00+00:00
TRUE_BREAKOUT,,0.0,D2-C3-R3-20m,PRIMARY_ZERO_MAKER,17,2026-08-17T03:16:59.999000+00:00,SNDKUSDT,,NYSE:2026-08-14T20:00:00+00:00:2026-08-17T06:00:00+00:00
TRUE_BREAKOUT,,0.0,D2-C3-R3-30m,PRIMARY_ZERO_MAKER,17,2026-08-17T03:16:59.999000+00:00,SNDKUSDT,,NYSE:2026-08-14T20:00:00+00:00:2026-08-17T06:00:00+00:00
TRUE_BREAKOUT,,0.0,D2-C1-R3-10m,PRIMARY_ZERO_MAKER,31,2026-08-17T03:16:59.999000+00:00,SNDKUSDT,,NYSE:2026-08-14T20:00:00+00:00:2026-08-17T06:00:00+00:00
TRUE_BREAKOUT,2026-08-17T03:36:59.999000+00:00,0.0593999999999869,D2-C1-R3-20m,PRIMARY_ZERO_MAKER,31,2026-08-17T03:16:59.999000+00:00,SNDKUSDT,20,NYSE:2026-08-14T20:00:00+00:00:2026-08-17T06:00:00+00:00
TRUE_BREAKOUT,,0.0,D2-C1-R3-30m,PRIMARY_ZERO_MAKER,31,2026-08-17T03:16:59.999000+00:00,SNDKUSDT,,NYSE:2026-08-14T20:00:00+00:00:2026-08-17T06:00:00+00:00
TRUE_BREAKOUT,,0.0,D2-C2-R3-10m,PRIMARY_ZERO_MAKER,31,2026-08-17T03:16:59.999000+00:00,SNDKUSDT,,NYSE:2026-08-14T20:00:00+00:00:2026-08-17T06:00:00+00:00
TRUE_BREAKOUT,,0.0,D2-C2-R3-20m,PRIMARY_ZERO_MAKER,31,2026-08-17T03:16:59.999000+00:00,SNDKUSDT,,NYSE:2026-08-14T20:00:00+00:00:2026-08-17T06:00:00+00:00
TRUE_BREAKOUT,,0.0,D2-C2-R3-30m,PRIMARY_ZERO_MAKER,31,2026-08-17T03:16:59.999000+00:00,SNDKUSDT,,NYSE:2026-08-14T20:00:00+00:00:2026-08-17T06:00:00+00:00
TRUE_BREAKOUT,,0.0,D2-C3-R3-10m,PRIMARY_ZERO_MAKER,31,2026-08-17T03:16:59.999000+00:00,SNDKUSDT,,NYSE:2026-08-14T20:00:00+00:00:2026-08-17T06:00:00+00:00
TRUE_BREAKOUT,,0.0,D2-C3-R3-20m,PRIMARY_ZERO_MAKER,31,2026-08-17T03:16:59.999000+00:00,SNDKUSDT,,NYSE:2026-08-14T20:00:00+00:00:2026-08-17T06:00:00+00:00
TRUE_BREAKOUT,,0.0,D2-C3-R3-30m,PRIMARY_ZERO_MAKER,31,2026-08-17T03:16:59.999000+00:00,SNDKUSDT,,NYSE:2026-08-14T20:00:00+00:00:2026-08-17T06:00:00+00:00
TRUE_BREAKOUT,,0.0,D2-C1-R3-10m,PRIMARY_ZERO_MAKER,59,2026-08-17T03:16:59.999000+00:00,SNDKUSDT,,NYSE:2026-08-14T20:00:00+00:00:2026-08-17T06:00:00+00:00
TRUE_BREAKOUT,2026-08-17T03:36:59.999000+00:00,0.0593999999999869,D2-C1-R3-20m,PRIMARY_ZERO_MAKER,59,2026-08-17T03:16:59.999000+00:00,SNDKUSDT,20,NYSE:2026-08-14T20:00:00+00:00:2026-08-17T06:00:00+00:00
TRUE_BREAKOUT,,0.0,D2-C1-R3-30m,PRIMARY_ZERO_MAKER,59,2026-08-17T03:16:59.999000+00:00,SNDKUSDT,,NYSE:2026-08-14T20:00:00+00:00:2026-08-17T06:00:00+00:00
TRUE_BREAKOUT,,0.0,D2-C2-R3-10m,PRIMARY_ZERO_MAKER,59,2026-08-17T03:16:59.999000+00:00,SNDKUSDT,,NYSE:2026-08-14T20:00:00+00:00:2026-08-17T06:00:00+00:00
TRUE_BREAKOUT,,0.0,D2-C2-R3-20m,PRIMARY_ZERO_MAKER,59,2026-08-17T03:16:59.999000+00:00,SNDKUSDT,,NYSE:2026-08-14T20:00:00+00:00:2026-08-17T06:00:00+00:00
TRUE_BREAKOUT,,0.0,D2-C2-R3-30m,PRIMARY_ZERO_MAKER,59,2026-08-17T03:16:59.999000+00:00,SNDKUSDT,,NYSE:2026-08-14T20:00:00+00:00:2026-08-17T06:00:00+00:00
TRUE_BREAKOUT,,0.0,D2-C3-R3-10m,PRIMARY_ZERO_MAKER,59,2026-08-17T03:16:59.999000+00:00,SNDKUSDT,,NYSE:2026-08-14T20:00:00+00:00:2026-08-17T06:00:00+00:00
TRUE_BREAKOUT,,0.0,D2-C3-R3-20m,PRIMARY_ZERO_MAKER,59,2026-08-17T03:16:59.999000+00:00,SNDKUSDT,,NYSE:2026-08-14T20:00:00+00:00:2026-08-17T06:00:00+00:00
TRUE_BREAKOUT,,0.0,D2-C3-R3-30m,PRIMARY_ZERO_MAKER,59,2026-08-17T03:16:59.999000+00:00,SNDKUSDT,,NYSE:2026-08-14T20:00:00+00:00:2026-08-17T06:00:00+00:00
TRUE_BREAKOUT,,0.0,D2-C1-R3-10m,PRIMARY_ZERO_MAKER,97,2026-08-17T03:16:59.999000+00:00,SNDKUSDT,,NYSE:2026-08-14T20:00:00+00:00:2026-08-17T06:00:00+00:00
TRUE_BREAKOUT,2026-08-17T03:36:59.999000+00:00,0.0593999999999869,D2-C1-R3-20m,PRIMARY_ZERO_MAKER,97,2026-08-17T03:16:59.999000+00:00,SNDKUSDT,20,NYSE:2026-08-14T20:00:00+00:00:2026-08-17T06:00:00+00:00
TRUE_BREAKOUT,,0.0,D2-C1-R3-30m,PRIMARY_ZERO_MAKER,97,2026-08-17T03:16:59.999000+00:00,SNDKUSDT,,NYSE:2026-08-14T20:00:00+00:00:2026-08-17T06:00:00+00:00
TRUE_BREAKOUT,,0.0,D2-C2-R3-10m,PRIMARY_ZERO_MAKER,97,2026-08-17T03:16:59.999000+00:00,SNDKUSDT,,NYSE:2026-08-14T20:00:00+00:00:2026-08-17T06:00:00+00:00
TRUE_BREAKOUT,,0.0,D2-C2-R3-20m,PRIMARY_ZERO_MAKER,97,2026-08-17T03:16:59.999000+00:00,SNDKUSDT,,NYSE:2026-08-14T20:00:00+00:00:2026-08-17T06:00:00+00:00
TRUE_BREAKOUT,,0.0,D2-C2-R3-30m,PRIMARY_ZERO_MAKER,97,2026-08-17T03:16:59.999000+00:00,SNDKUSDT,,NYSE:2026-08-14T20:00:00+00:00:2026-08-17T06:00:00+00:00
TRUE_BREAKOUT,,0.0,D2-C3-R3-10m,PRIMARY_ZERO_MAKER,97,2026-08-17T03:16:59.999000+00:00,SNDKUSDT,,NYSE:2026-08-14T20:00:00+00:00:2026-08-17T06:00:00+00:00
TRUE_BREAKOUT,,0.0,D2-C3-R3-20m,PRIMARY_ZERO_MAKER,97,2026-08-17T03:16:59.999000+00:00,SNDKUSDT,,NYSE:2026-08-14T20:00:00+00:00:2026-08-17T06:00:00+00:00
TRUE_BREAKOUT,,0.0,D2-C3-R3-30m,PRIMARY_ZERO_MAKER,97,2026-08-17T03:16:59.999000+00:00,SNDKUSDT,,NYSE:2026-08-14T20:00:00+00:00:2026-08-17T06:00:00+00:00
TRUE_BREAKOUT,,0.0,D2-C1-R3-10m,EXECUTION_STRESS,3,2026-08-17T03:16:59.999000+00:00,SNDKUSDT,,NYSE:2026-08-14T20:00:00+00:00:2026-08-17T06:00:00+00:00
TRUE_BREAKOUT,2026-08-17T03:36:59.999000+00:00,0.0593999999999869,D2-C1-R3-20m,EXECUTION_STRESS,3,2026-08-17T03:16:59.999000+00:00,SNDKUSDT,20,NYSE:2026-08-14T20:00:00+00:00:2026-08-17T06:00:00+00:00
TRUE_BREAKOUT,,0.0,D2-C1-R3-30m,EXECUTION_STRESS,3,2026-08-17T03:16:59.999000+00:00,SNDKUSDT,,NYSE:2026-08-14T20:00:00+00:00:2026-08-17T06:00:00+00:00
TRUE_BREAKOUT,,0.0,D2-C2-R3-10m,EXECUTION_STRESS,3,2026-08-17T03:16:59.999000+00:00,SNDKUSDT,,NYSE:2026-08-14T20:00:00+00:00:2026-08-17T06:00:00+00:00
TRUE_BREAKOUT,,0.0,D2-C2-R3-20m,EXECUTION_STRESS,3,2026-08-17T03:16:59.999000+00:00,SNDKUSDT,,NYSE:2026-08-14T20:00:00+00:00:2026-08-17T06:00:00+00:00
TRUE_BREAKOUT,,0.0,D2-C2-R3-30m,EXECUTION_STRESS,3,2026-08-17T03:16:59.999000+00:00,SNDKUSDT,,NYSE:2026-08-14T20:00:00+00:00:2026-08-17T06:00:00+00:00
TRUE_BREAKOUT,,0.0,D2-C3-R3-10m,EXECUTION_STRESS,3,2026-08-17T03:16:59.999000+00:00,SNDKUSDT,,NYSE:2026-08-14T20:00:00+00:00:2026-08-17T06:00:00+00:00
TRUE_BREAKOUT,,0.0,D2-C3-R3-20m,EXECUTION_STRESS,3,2026-08-17T03:16:59.999000+00:00,SNDKUSDT,,NYSE:2026-08-14T20:00:00+00:00:2026-08-17T06:00:00+00:00
TRUE_BREAKOUT,,0.0,D2-C3-R3-30m,EXECUTION_STRESS,3,2026-08-17T03:16:59.999000+00:00,SNDKUSDT,,NYSE:2026-08-14T20:00:00+00:00:2026-08-17T06:00:00+00:00
TRUE_BREAKOUT,,0.0,D2-C1-R3-10m,EXECUTION_STRESS,10,2026-08-17T03:16:59.999000+00:00,SNDKUSDT,,NYSE:2026-08-14T20:00:00+00:00:2026-08-17T06:00:00+00:00
TRUE_BREAKOUT,2026-08-17T03:36:59.999000+00:00,0.0593999999999869,D2-C1-R3-20m,EXECUTION_STRESS,10,2026-08-17T03:16:59.999000+00:00,SNDKUSDT,20,NYSE:2026-08-14T20:00:00+00:00:2026-08-17T06:00:00+00:00
TRUE_BREAKOUT,,0.0,D2-C1-R3-30m,EXECUTION_STRESS,10,2026-08-17T03:16:59.999000+00:00,SNDKUSDT,,NYSE:2026-08-14T20:00:00+00:00:2026-08-17T06:00:00+00:00
TRUE_BREAKOUT,,0.0,D2-C2-R3-10m,EXECUTION_STRESS,10,2026-08-17T03:16:59.999000+00:00,SNDKUSDT,,NYSE:2026-08-14T20:00:00+00:00:2026-08-17T06:00:00+00:00
TRUE_BREAKOUT,,0.0,D2-C2-R3-20m,EXECUTION_STRESS,10,2026-08-17T03:16:59.999000+00:00,SNDKUSDT,,NYSE:2026-08-14T20:00:00+00:00:2026-08-17T06:00:00+00:00
TRUE_BREAKOUT,,0.0,D2-C2-R3-30m,EXECUTION_STRESS,10,2026-08-17T03:16:59.999000+00:00,SNDKUSDT,,NYSE:2026-08-14T20:00:00+00:00:2026-08-17T06:00:00+00:00
TRUE_BREAKOUT,,0.0,D2-C3-R3-10m,EXECUTION_STRESS,10,2026-08-17T03:16:59.999000+00:00,SNDKUSDT,,NYSE:2026-08-14T20:00:00+00:00:2026-08-17T06:00:00+00:00
TRUE_BREAKOUT,,0.0,D2-C3-R3-20m,EXECUTION_STRESS,10,2026-08-17T03:16:59.999000+00:00,SNDKUSDT,,NYSE:2026-08-14T20:00:00+00:00:2026-08-17T06:00:00+00:00
TRUE_BREAKOUT,,0.0,D2-C3-R3-30m,EXECUTION_STRESS,10,2026-08-17T03:16:59.999000+00:00,SNDKUSDT,,NYSE:2026-08-14T20:00:00+00:00:2026-08-17T06:00:00+00:00
TRUE_BREAKOUT,,0.0,D2-C1-R3-10m,EXECUTION_STRESS,17,2026-08-17T03:16:59.999000+00:00,SNDKUSDT,,NYSE:2026-08-14T20:00:00+00:00:2026-08-17T06:00:00+00:00
TRUE_BREAKOUT,2026-08-17T03:36:59.999000+00:00,0.0593999999999869,D2-C1-R3-20m,EXECUTION_STRESS,17,2026-08-17T03:16:59.999000+00:00,SNDKUSDT,20,NYSE:2026-08-14T20:00:00+00:00:2026-08-17T06:00:00+00:00
TRUE_BREAKOUT,,0.0,D2-C1-R3-30m,EXECUTION_STRESS,17,2026-08-17T03:16:59.999000+00:00,SNDKUSDT,,NYSE:2026-08-14T20:00:00+00:00:2026-08-17T06:00:00+00:00
TRUE_BREAKOUT,,0.0,D2-C2-R3-10m,EXECUTION_STRESS,17,2026-08-17T03:16:59.999000+00:00,SNDKUSDT,,NYSE:2026-08-14T20:00:00+00:00:2026-08-17T06:00:00+00:00
TRUE_BREAKOUT,,0.0,D2-C2-R3-20m,EXECUTION_STRESS,17,2026-08-17T03:16:59.999000+00:00,SNDKUSDT,,NYSE:2026-08-14T20:00:00+00:00:2026-08-17T06:00:00+00:00
TRUE_BREAKOUT,,0.0,D2-C2-R3-30m,EXECUTION_STRESS,17,2026-08-17T03:16:59.999000+00:00,SNDKUSDT,,NYSE:2026-08-14T20:00:00+00:00:2026-08-17T06:00:00+00:00
TRUE_BREAKOUT,,0.0,D2-C3-R3-10m,EXECUTION_STRESS,17,2026-08-17T03:16:59.999000+00:00,SNDKUSDT,,NYSE:2026-08-14T20:00:00+00:00:2026-08-17T06:00:00+00:00
TRUE_BREAKOUT,,0.0,D2-C3-R3-20m,EXECUTION_STRESS,17,2026-08-17T03:16:59.999000+00:00,SNDKUSDT,,NYSE:2026-08-14T20:00:00+00:00:2026-08-17T06:00:00+00:00
TRUE_BREAKOUT,,0.0,D2-C3-R3-30m,EXECUTION_STRESS,17,2026-08-17T03:16:59.999000+00:00,SNDKUSDT,,NYSE:2026-08-14T20:00:00+00:00:2026-08-17T06:00:00+00:00
TRUE_BREAKOUT,,0.0,D2-C1-R3-10m,EXECUTION_STRESS,31,2026-08-17T03:16:59.999000+00:00,SNDKUSDT,,NYSE:2026-08-14T20:00:00+00:00:2026-08-17T06:00:00+00:00
TRUE_BREAKOUT,2026-08-17T03:36:59.999000+00:00,0.0593999999999869,D2-C1-R3-20m,EXECUTION_STRESS,31,2026-08-17T03:16:59.999000+00:00,SNDKUSDT,20,NYSE:2026-08-14T20:00:00+00:00:2026-08-17T06:00:00+00:00
TRUE_BREAKOUT,,0.0,D2-C1-R3-30m,EXECUTION_STRESS,31,2026-08-17T03:16:59.999000+00:00,SNDKUSDT,,NYSE:2026-08-14T20:00:00+00:00:2026-08-17T06:00:00+00:00
TRUE_BREAKOUT,,0.0,D2-C2-R3-10m,EXECUTION_STRESS,31,2026-08-17T03:16:59.999000+00:00,SNDKUSDT,,NYSE:2026-08-14T20:00:00+00:00:2026-08-17T06:00:00+00:00
TRUE_BREAKOUT,,0.0,D2-C2-R3-20m,EXECUTION_STRESS,31,2026-08-17T03:16:59.999000+00:00,SNDKUSDT,,NYSE:2026-08-14T20:00:00+00:00:2026-08-17T06:00:00+00:00
TRUE_BREAKOUT,,0.0,D2-C2-R3-30m,EXECUTION_STRESS,31,2026-08-17T03:16:59.999000+00:00,SNDKUSDT,,NYSE:2026-08-14T20:00:00+00:00:2026-08-17T06:00:00+00:00
TRUE_BREAKOUT,,0.0,D2-C3-R3-10m,EXECUTION_STRESS,31,2026-08-17T03:16:59.999000+00:00,SNDKUSDT,,NYSE:2026-08-14T20:00:00+00:00:2026-08-17T06:00:00+00:00
TRUE_BREAKOUT,,0.0,D2-C3-R3-20m,EXECUTION_STRESS,31,2026-08-17T03:16:59.999000+00:00,SNDKUSDT,,NYSE:2026-08-14T20:00:00+00:00:2026-08-17T06:00:00+00:00
TRUE_BREAKOUT,,0.0,D2-C3-R3-30m,EXECUTION_STRESS,31,2026-08-17T03:16:59.999000+00:00,SNDKUSDT,,NYSE:2026-08-14T20:00:00+00:00:2026-08-17T06:00:00+00:00
TRUE_BREAKOUT,,0.0,D2-C1-R3-10m,EXECUTION_STRESS,59,2026-08-17T03:16:59.999000+00:00,SNDKUSDT,,NYSE:2026-08-14T20:00:00+00:00:2026-08-17T06:00:00+00:00
TRUE_BREAKOUT,2026-08-17T03:36:59.999000+00:00,0.0593999999999869,D2-C1-R3-20m,EXECUTION_STRESS,59,2026-08-17T03:16:59.999000+00:00,SNDKUSDT,20,NYSE:2026-08-14T20:00:00+00:00:2026-08-17T06:00:00+00:00
TRUE_BREAKOUT,,0.0,D2-C1-R3-30m,EXECUTION_STRESS,59,2026-08-17T03:16:59.999000+00:00,SNDKUSDT,,NYSE:2026-08-14T20:00:00+00:00:2026-08-17T06:00:00+00:00
TRUE_BREAKOUT,,0.0,D2-C2-R3-10m,EXECUTION_STRESS,59,2026-08-17T03:16:59.999000+00:00,SNDKUSDT,,NYSE:2026-08-14T20:00:00+00:00:2026-08-17T06:00:00+00:00
TRUE_BREAKOUT,,0.0,D2-C2-R3-20m,EXECUTION_STRESS,59,2026-08-17T03:16:59.999000+00:00,SNDKUSDT,,NYSE:2026-08-14T20:00:00+00:00:2026-08-17T06:00:00+00:00
TRUE_BREAKOUT,,0.0,D2-C2-R3-30m,EXECUTION_STRESS,59,2026-08-17T03:16:59.999000+00:00,SNDKUSDT,,NYSE:2026-08-14T20:00:00+00:00:2026-08-17T06:00:00+00:00
TRUE_BREAKOUT,,0.0,D2-C3-R3-10m,EXECUTION_STRESS,59,2026-08-17T03:16:59.999000+00:00,SNDKUSDT,,NYSE:2026-08-14T20:00:00+00:00:2026-08-17T06:00:00+00:00
TRUE_BREAKOUT,,0.0,D2-C3-R3-20m,EXECUTION_STRESS,59,2026-08-17T03:16:59.999000+00:00,SNDKUSDT,,NYSE:2026-08-14T20:00:00+00:00:2026-08-17T06:00:00+00:00
TRUE_BREAKOUT,,0.0,D2-C3-R3-30m,EXECUTION_STRESS,59,2026-08-17T03:16:59.999000+00:00,SNDKUSDT,,NYSE:2026-08-14T20:00:00+00:00:2026-08-17T06:00:00+00:00
TRUE_BREAKOUT,,0.0,D2-C1-R3-10m,EXECUTION_STRESS,97,2026-08-17T03:16:59.999000+00:00,SNDKUSDT,,NYSE:2026-08-14T20:00:00+00:00:2026-08-17T06:00:00+00:00
TRUE_BREAKOUT,2026-08-17T03:36:59.999000+00:00,0.0593999999999869,D2-C1-R3-20m,EXECUTION_STRESS,97,2026-08-17T03:16:59.999000+00:00,SNDKUSDT,20,NYSE:2026-08-14T20:00:00+00:00:2026-08-17T06:00:00+00:00
TRUE_BREAKOUT,,0.0,D2-C1-R3-30m,EXECUTION_STRESS,97,2026-08-17T03:16:59.999000+00:00,SNDKUSDT,,NYSE:2026-08-14T20:00:00+00:00:2026-08-17T06:00:00+00:00
TRUE_BREAKOUT,,0.0,D2-C2-R3-10m,EXECUTION_STRESS,97,2026-08-17T03:16:59.999000+00:00,SNDKUSDT,,NYSE:2026-08-14T20:00:00+00:00:2026-08-17T06:00:00+00:00
TRUE_BREAKOUT,,0.0,D2-C2-R3-20m,EXECUTION_STRESS,97,2026-08-17T03:16:59.999000+00:00,SNDKUSDT,,NYSE:2026-08-14T20:00:00+00:00:2026-08-17T06:00:00+00:00
TRUE_BREAKOUT,,0.0,D2-C2-R3-30m,EXECUTION_STRESS,97,2026-08-17T03:16:59.999000+00:00,SNDKUSDT,,NYSE:2026-08-14T20:00:00+00:00:2026-08-17T06:00:00+00:00
TRUE_BREAKOUT,,0.0,D2-C3-R3-10m,EXECUTION_STRESS,97,2026-08-17T03:16:59.999000+00:00,SNDKUSDT,,NYSE:2026-08-14T20:00:00+00:00:2026-08-17T06:00:00+00:00
TRUE_BREAKOUT,,0.0,D2-C3-R3-20m,EXECUTION_STRESS,97,2026-08-17T03:16:59.999000+00:00,SNDKUSDT,,NYSE:2026-08-14T20:00:00+00:00:2026-08-17T06:00:00+00:00
TRUE_BREAKOUT,,0.0,D2-C3-R3-30m,EXECUTION_STRESS,97,2026-08-17T03:16:59.999000+00:00,SNDKUSDT,,NYSE:2026-08-14T20:00:00+00:00:2026-08-17T06:00:00+00:00
TRUE_BREAKOUT,,0.0,D2-C1-R3-10m,MAKER_PROMO_OFF,3,2026-08-17T03:16:59.999000+00:00,SNDKUSDT,,NYSE:2026-08-14T20:00:00+00:00:2026-08-17T06:00:00+00:00
TRUE_BREAKOUT,2026-08-17T03:36:59.999000+00:00,0.0593999999999869,D2-C1-R3-20m,MAKER_PROMO_OFF,3,2026-08-17T03:16:59.999000+00:00,SNDKUSDT,20,NYSE:2026-08-14T20:00:00+00:00:2026-08-17T06:00:00+00:00
TRUE_BREAKOUT,,0.0,D2-C1-R3-30m,MAKER_PROMO_OFF,3,2026-08-17T03:16:59.999000+00:00,SNDKUSDT,,NYSE:2026-08-14T20:00:00+00:00:2026-08-17T06:00:00+00:00
TRUE_BREAKOUT,,0.0,D2-C2-R3-10m,MAKER_PROMO_OFF,3,2026-08-17T03:16:59.999000+00:00,SNDKUSDT,,NYSE:2026-08-14T20:00:00+00:00:2026-08-17T06:00:00+00:00
TRUE_BREAKOUT,,0.0,D2-C2-R3-20m,MAKER_PROMO_OFF,3,2026-08-17T03:16:59.999000+00:00,SNDKUSDT,,NYSE:2026-08-14T20:00:00+00:00:2026-08-17T06:00:00+00:00
TRUE_BREAKOUT,,0.0,D2-C2-R3-30m,MAKER_PROMO_OFF,3,2026-08-17T03:16:59.999000+00:00,SNDKUSDT,,NYSE:2026-08-14T20:00:00+00:00:2026-08-17T06:00:00+00:00
TRUE_BREAKOUT,,0.0,D2-C3-R3-10m,MAKER_PROMO_OFF,3,2026-08-17T03:16:59.999000+00:00,SNDKUSDT,,NYSE:2026-08-14T20:00:00+00:00:2026-08-17T06:00:00+00:00
TRUE_BREAKOUT,,0.0,D2-C3-R3-20m,MAKER_PROMO_OFF,3,2026-08-17T03:16:59.999000+00:00,SNDKUSDT,,NYSE:2026-08-14T20:00:00+00:00:2026-08-17T06:00:00+00:00
TRUE_BREAKOUT,,0.0,D2-C3-R3-30m,MAKER_PROMO_OFF,3,2026-08-17T03:16:59.999000+00:00,SNDKUSDT,,NYSE:2026-08-14T20:00:00+00:00:2026-08-17T06:00:00+00:00
TRUE_BREAKOUT,,0.0,D2-C1-R3-10m,MAKER_PROMO_OFF,10,2026-08-17T03:16:59.999000+00:00,SNDKUSDT,,NYSE:2026-08-14T20:00:00+00:00:2026-08-17T06:00:00+00:00
TRUE_BREAKOUT,2026-08-17T03:36:59.999000+00:00,0.0593999999999869,D2-C1-R3-20m,MAKER_PROMO_OFF,10,2026-08-17T03:16:59.999000+00:00,SNDKUSDT,20,NYSE:2026-08-14T20:00:00+00:00:2026-08-17T06:00:00+00:00
TRUE_BREAKOUT,,0.0,D2-C1-R3-30m,MAKER_PROMO_OFF,10,2026-08-17T03:16:59.999000+00:00,SNDKUSDT,,NYSE:2026-08-14T20:00:00+00:00:2026-08-17T06:00:00+00:00
TRUE_BREAKOUT,,0.0,D2-C2-R3-10m,MAKER_PROMO_OFF,10,2026-08-17T03:16:59.999000+00:00,SNDKUSDT,,NYSE:2026-08-14T20:00:00+00:00:2026-08-17T06:00:00+00:00
TRUE_BREAKOUT,,0.0,D2-C2-R3-20m,MAKER_PROMO_OFF,10,2026-08-17T03:16:59.999000+00:00,SNDKUSDT,,NYSE:2026-08-14T20:00:00+00:00:2026-08-17T06:00:00+00:00
TRUE_BREAKOUT,,0.0,D2-C2-R3-30m,MAKER_PROMO_OFF,10,2026-08-17T03:16:59.999000+00:00,SNDKUSDT,,NYSE:2026-08-14T20:00:00+00:00:2026-08-17T06:00:00+00:00
TRUE_BREAKOUT,,0.0,D2-C3-R3-10m,MAKER_PROMO_OFF,10,2026-08-17T03:16:59.999000+00:00,SNDKUSDT,,NYSE:2026-08-14T20:00:00+00:00:2026-08-17T06:00:00+00:00
TRUE_BREAKOUT,,0.0,D2-C3-R3-20m,MAKER_PROMO_OFF,10,2026-08-17T03:16:59.999000+00:00,SNDKUSDT,,NYSE:2026-08-14T20:00:00+00:00:2026-08-17T06:00:00+00:00
TRUE_BREAKOUT,,0.0,D2-C3-R3-30m,MAKER_PROMO_OFF,10,2026-08-17T03:16:59.999000+00:00,SNDKUSDT,,NYSE:2026-08-14T20:00:00+00:00:2026-08-17T06:00:00+00:00
TRUE_BREAKOUT,,0.0,D2-C1-R3-10m,MAKER_PROMO_OFF,17,2026-08-17T03:16:59.999000+00:00,SNDKUSDT,,NYSE:2026-08-14T20:00:00+00:00:2026-08-17T06:00:00+00:00
TRUE_BREAKOUT,2026-08-17T03:36:59.999000+00:00,0.0593999999999869,D2-C1-R3-20m,MAKER_PROMO_OFF,17,2026-08-17T03:16:59.999000+00:00,SNDKUSDT,20,NYSE:2026-08-14T20:00:00+00:00:2026-08-17T06:00:00+00:00
TRUE_BREAKOUT,,0.0,D2-C1-R3-30m,MAKER_PROMO_OFF,17,2026-08-17T03:16:59.999000+00:00,SNDKUSDT,,NYSE:2026-08-14T20:00:00+00:00:2026-08-17T06:00:00+00:00
TRUE_BREAKOUT,,0.0,D2-C2-R3-10m,MAKER_PROMO_OFF,17,2026-08-17T03:16:59.999000+00:00,SNDKUSDT,,NYSE:2026-08-14T20:00:00+00:00:2026-08-17T06:00:00+00:00
TRUE_BREAKOUT,,0.0,D2-C2-R3-20m,MAKER_PROMO_OFF,17,2026-08-17T03:16:59.999000+00:00,SNDKUSDT,,NYSE:2026-08-14T20:00:00+00:00:2026-08-17T06:00:00+00:00
TRUE_BREAKOUT,,0.0,D2-C2-R3-30m,MAKER_PROMO_OFF,17,2026-08-17T03:16:59.999000+00:00,SNDKUSDT,,NYSE:2026-08-14T20:00:00+00:00:2026-08-17T06:00:00+00:00
TRUE_BREAKOUT,,0.0,D2-C3-R3-10m,MAKER_PROMO_OFF,17,2026-08-17T03:16:59.999000+00:00,SNDKUSDT,,NYSE:2026-08-14T20:00:00+00:00:2026-08-17T06:00:00+00:00
TRUE_BREAKOUT,,0.0,D2-C3-R3-20m,MAKER_PROMO_OFF,17,2026-08-17T03:16:59.999000+00:00,SNDKUSDT,,NYSE:2026-08-14T20:00:00+00:00:2026-08-17T06:00:00+00:00
TRUE_BREAKOUT,,0.0,D2-C3-R3-30m,MAKER_PROMO_OFF,17,2026-08-17T03:16:59.999000+00:00,SNDKUSDT,,NYSE:2026-08-14T20:00:00+00:00:2026-08-17T06:00:00+00:00
TRUE_BREAKOUT,,0.0,D2-C1-R3-10m,MAKER_PROMO_OFF,31,2026-08-17T03:16:59.999000+00:00,SNDKUSDT,,NYSE:2026-08-14T20:00:00+00:00:2026-08-17T06:00:00+00:00
TRUE_BREAKOUT,2026-08-17T03:36:59.999000+00:00,0.0593999999999869,D2-C1-R3-20m,MAKER_PROMO_OFF,31,2026-08-17T03:16:59.999000+00:00,SNDKUSDT,20,NYSE:2026-08-14T20:00:00+00:00:2026-08-17T06:00:00+00:00
TRUE_BREAKOUT,,0.0,D2-C1-R3-30m,MAKER_PROMO_OFF,31,2026-08-17T03:16:59.999000+00:00,SNDKUSDT,,NYSE:2026-08-14T20:00:00+00:00:2026-08-17T06:00:00+00:00
TRUE_BREAKOUT,,0.0,D2-C2-R3-10m,MAKER_PROMO_OFF,31,2026-08-17T03:16:59.999000+00:00,SNDKUSDT,,NYSE:2026-08-14T20:00:00+00:00:2026-08-17T06:00:00+00:00
TRUE_BREAKOUT,,0.0,D2-C2-R3-20m,MAKER_PROMO_OFF,31,2026-08-17T03:16:59.999000+00:00,SNDKUSDT,,NYSE:2026-08-14T20:00:00+00:00:2026-08-17T06:00:00+00:00
TRUE_BREAKOUT,,0.0,D2-C2-R3-30m,MAKER_PROMO_OFF,31,2026-08-17T03:16:59.999000+00:00,SNDKUSDT,,NYSE:2026-08-14T20:00:00+00:00:2026-08-17T06:00:00+00:00
TRUE_BREAKOUT,,0.0,D2-C3-R3-10m,MAKER_PROMO_OFF,31,2026-08-17T03:16:59.999000+00:00,SNDKUSDT,,NYSE:2026-08-14T20:00:00+00:00:2026-08-17T06:00:00+00:00
TRUE_BREAKOUT,,0.0,D2-C3-R3-20m,MAKER_PROMO_OFF,31,2026-08-17T03:16:59.999000+00:00,SNDKUSDT,,NYSE:2026-08-14T20:00:00+00:00:2026-08-17T06:00:00+00:00
TRUE_BREAKOUT,,0.0,D2-C3-R3-30m,MAKER_PROMO_OFF,31,2026-08-17T03:16:59.999000+00:00,SNDKUSDT,,NYSE:2026-08-14T20:00:00+00:00:2026-08-17T06:00:00+00:00
TRUE_BREAKOUT,,0.0,D2-C1-R3-10m,MAKER_PROMO_OFF,59,2026-08-17T03:16:59.999000+00:00,SNDKUSDT,,NYSE:2026-08-14T20:00:00+00:00:2026-08-17T06:00:00+00:00
TRUE_BREAKOUT,2026-08-17T03:36:59.999000+00:00,0.0593999999999869,D2-C1-R3-20m,MAKER_PROMO_OFF,59,2026-08-17T03:16:59.999000+00:00,SNDKUSDT,20,NYSE:2026-08-14T20:00:00+00:00:2026-08-17T06:00:00+00:00
TRUE_BREAKOUT,,0.0,D2-C1-R3-30m,MAKER_PROMO_OFF,59,2026-08-17T03:16:59.999000+00:00,SNDKUSDT,,NYSE:2026-08-14T20:00:00+00:00:2026-08-17T06:00:00+00:00
TRUE_BREAKOUT,,0.0,D2-C2-R3-10m,MAKER_PROMO_OFF,59,2026-08-17T03:16:59.999000+00:00,SNDKUSDT,,NYSE:2026-08-14T20:00:00+00:00:2026-08-17T06:00:00+00:00
TRUE_BREAKOUT,,0.0,D2-C2-R3-20m,MAKER_PROMO_OFF,59,2026-08-17T03:16:59.999000+00:00,SNDKUSDT,,NYSE:2026-08-14T20:00:00+00:00:2026-08-17T06:00:00+00:00
TRUE_BREAKOUT,,0.0,D2-C2-R3-30m,MAKER_PROMO_OFF,59,2026-08-17T03:16:59.999000+00:00,SNDKUSDT,,NYSE:2026-08-14T20:00:00+00:00:2026-08-17T06:00:00+00:00
TRUE_BREAKOUT,,0.0,D2-C3-R3-10m,MAKER_PROMO_OFF,59,2026-08-17T03:16:59.999000+00:00,SNDKUSDT,,NYSE:2026-08-14T20:00:00+00:00:2026-08-17T06:00:00+00:00
TRUE_BREAKOUT,,0.0,D2-C3-R3-20m,MAKER_PROMO_OFF,59,2026-08-17T03:16:59.999000+00:00,SNDKUSDT,,NYSE:2026-08-14T20:00:00+00:00:2026-08-17T06:00:00+00:00
TRUE_BREAKOUT,,0.0,D2-C3-R3-30m,MAKER_PROMO_OFF,59,2026-08-17T03:16:59.999000+00:00,SNDKUSDT,,NYSE:2026-08-14T20:00:00+00:00:2026-08-17T06:00:00+00:00
TRUE_BREAKOUT,,0.0,D2-C1-R3-10m,MAKER_PROMO_OFF,97,2026-08-17T03:16:59.999000+00:00,SNDKUSDT,,NYSE:2026-08-14T20:00:00+00:00:2026-08-17T06:00:00+00:00
TRUE_BREAKOUT,2026-08-17T03:36:59.999000+00:00,0.0593999999999869,D2-C1-R3-20m,MAKER_PROMO_OFF,97,2026-08-17T03:16:59.999000+00:00,SNDKUSDT,20,NYSE:2026-08-14T20:00:00+00:00:2026-08-17T06:00:00+00:00
TRUE_BREAKOUT,,0.0,D2-C1-R3-30m,MAKER_PROMO_OFF,97,2026-08-17T03:16:59.999000+00:00,SNDKUSDT,,NYSE:2026-08-14T20:00:00+00:00:2026-08-17T06:00:00+00:00
TRUE_BREAKOUT,,0.0,D2-C2-R3-10m,MAKER_PROMO_OFF,97,2026-08-17T03:16:59.999000+00:00,SNDKUSDT,,NYSE:2026-08-14T20:00:00+00:00:2026-08-17T06:00:00+00:00
TRUE_BREAKOUT,,0.0,D2-C2-R3-20m,MAKER_PROMO_OFF,97,2026-08-17T03:16:59.999000+00:00,SNDKUSDT,,NYSE:2026-08-14T20:00:00+00:00:2026-08-17T06:00:00+00:00
TRUE_BREAKOUT,,0.0,D2-C2-R3-30m,MAKER_PROMO_OFF,97,2026-08-17T03:16:59.999000+00:00,SNDKUSDT,,NYSE:2026-08-14T20:00:00+00:00:2026-08-17T06:00:00+00:00
TRUE_BREAKOUT,,0.0,D2-C3-R3-10m,MAKER_PROMO_OFF,97,2026-08-17T03:16:59.999000+00:00,SNDKUSDT,,NYSE:2026-08-14T20:00:00+00:00:2026-08-17T06:00:00+00:00
TRUE_BREAKOUT,,0.0,D2-C3-R3-20m,MAKER_PROMO_OFF,97,2026-08-17T03:16:59.999000+00:00,SNDKUSDT,,NYSE:2026-08-14T20:00:00+00:00:2026-08-17T06:00:00+00:00
TRUE_BREAKOUT,,0.0,D2-C3-R3-30m,MAKER_PROMO_OFF,97,2026-08-17T03:16:59.999000+00:00,SNDKUSDT,,NYSE:2026-08-14T20:00:00+00:00:2026-08-17T06:00:00+00:00
