flatten_fee,flatten_slippage,missed_paired_grid_pnl,missed_reversion_pnl,profile_id,scenario,seed,symbol,total_false_breakout_cost,window_key
0.0,0.0,0.0,0.0,D2-C1-R3-10m,PRIMARY_ZERO_MAKER,3,SNDKUSDT,0.0,US_STOCK:2026-05-29T20:00:00+00:00:2026-06-01T08:00:00+00:00
0.0,0.0,0.0,0.0,D2-C1-R3-20m,PRIMARY_ZERO_MAKER,3,SNDKUSDT,0.0,US_STOCK:2026-05-29T20:00:00+00:00:2026-06-01T08:00:00+00:00
0.0,0.0,0.0,0.0,D2-C1-R3-30m,PRIMARY_ZERO_MAKER,3,SNDKUSDT,0.0,US_STOCK:2026-05-29T20:00:00+00:00:2026-06-01T08:00:00+00:00
0.0,0.0,0.0,0.0,D2-C2-R3-10m,PRIMARY_ZERO_MAKER,3,SNDKUSDT,0.0,US_STOCK:2026-05-29T20:00:00+00:00:2026-06-01T08:00:00+00:00
0.0,0.0,0.0,0.0,D2-C2-R3-20m,PRIMARY_ZERO_MAKER,3,SNDKUSDT,0.0,US_STOCK:2026-05-29T20:00:00+00:00:2026-06-01T08:00:00+00:00
0.0,0.0,0.0,0.0,D2-C2-R3-30m,PRIMARY_ZERO_MAKER,3,SNDKUSDT,0.0,US_STOCK:2026-05-29T20:00:00+00:00:2026-06-01T08:00:00+00:00
0.0,0.0,0.0,0.0,D2-C3-R3-10m,PRIMARY_ZERO_MAKER,3,SNDKUSDT,0.0,US_STOCK:2026-05-29T20:00:00+00:00:2026-06-01T08:00:00+00:00
0.0,0.0,0.0,0.0,D2-C3-R3-20m,PRIMARY_ZERO_MAKER,3,SNDKUSDT,0.0,US_STOCK:2026-05-29T20:00:00+00:00:2026-06-01T08:00:00+00:00
0.0,0.0,0.0,0.0,D2-C3-R3-30m,PRIMARY_ZERO_MAKER,3,SNDKUSDT,0.0,US_STOCK:2026-05-29T20:00:00+00:00:2026-06-01T08:00:00+00:00
0.0,0.0,0.0,0.0,D2-C1-R3-10m,PRIMARY_ZERO_MAKER,10,SNDKUSDT,0.0,US_STOCK:2026-05-29T20:00:00+00:00:2026-06-01T08:00:00+00:00
0.0,0.0,0.0,0.0,D2-C1-R3-20m,PRIMARY_ZERO_MAKER,10,SNDKUSDT,0.0,US_STOCK:2026-05-29T20:00:00+00:00:2026-06-01T08:00:00+00:00
0.0,0.0,0.0,0.0,D2-C1-R3-30m,PRIMARY_ZERO_MAKER,10,SNDKUSDT,0.0,US_STOCK:2026-05-29T20:00:00+00:00:2026-06-01T08:00:00+00:00
0.0,0.0,0.0,0.0,D2-C2-R3-10m,PRIMARY_ZERO_MAKER,10,SNDKUSDT,0.0,US_STOCK:2026-05-29T20:00:00+00:00:2026-06-01T08:00:00+00:00
0.0,0.0,0.0,0.0,D2-C2-R3-20m,PRIMARY_ZERO_MAKER,10,SNDKUSDT,0.0,US_STOCK:2026-05-29T20:00:00+00:00:2026-06-01T08:00:00+00:00
0.0,0.0,0.0,0.0,D2-C2-R3-30m,PRIMARY_ZERO_MAKER,10,SNDKUSDT,0.0,US_STOCK:2026-05-29T20:00:00+00:00:2026-06-01T08:00:00+00:00
0.0,0.0,0.0,0.0,D2-C3-R3-10m,PRIMARY_ZERO_MAKER,10,SNDKUSDT,0.0,US_STOCK:2026-05-29T20:00:00+00:00:2026-06-01T08:00:00+00:00
0.0,0.0,0.0,0.0,D2-C3-R3-20m,PRIMARY_ZERO_MAKER,10,SNDKUSDT,0.0,US_STOCK:2026-05-29T20:00:00+00:00:2026-06-01T08:00:00+00:00
0.0,0.0,0.0,0.0,D2-C3-R3-30m,PRIMARY_ZERO_MAKER,10,SNDKUSDT,0.0,US_STOCK:2026-05-29T20:00:00+00:00:2026-06-01T08:00:00+00:00
0.0,0.0,0.0,0.0,D2-C1-R3-10m,PRIMARY_ZERO_MAKER,17,SNDKUSDT,0.0,US_STOCK:2026-05-29T20:00:00+00:00:2026-06-01T08:00:00+00:00
0.0,0.0,0.0,0.0,D2-C1-R3-20m,PRIMARY_ZERO_MAKER,17,SNDKUSDT,0.0,US_STOCK:2026-05-29T20:00:00+00:00:2026-06-01T08:00:00+00:00
0.0,0.0,0.0,0.0,D2-C1-R3-30m,PRIMARY_ZERO_MAKER,17,SNDKUSDT,0.0,US_STOCK:2026-05-29T20:00:00+00:00:2026-06-01T08:00:00+00:00
0.0,0.0,0.0,0.0,D2-C2-R3-10m,PRIMARY_ZERO_MAKER,17,SNDKUSDT,0.0,US_STOCK:2026-05-29T20:00:00+00:00:2026-06-01T08:00:00+00:00
0.0,0.0,0.0,0.0,D2-C2-R3-20m,PRIMARY_ZERO_MAKER,17,SNDKUSDT,0.0,US_STOCK:2026-05-29T20:00:00+00:00:2026-06-01T08:00:00+00:00
0.0,0.0,0.0,0.0,D2-C2-R3-30m,PRIMARY_ZERO_MAKER,17,SNDKUSDT,0.0,US_STOCK:2026-05-29T20:00:00+00:00:2026-06-01T08:00:00+00:00
0.0,0.0,0.0,0.0,D2-C3-R3-10m,PRIMARY_ZERO_MAKER,17,SNDKUSDT,0.0,US_STOCK:2026-05-29T20:00:00+00:00:2026-06-01T08:00:00+00:00
0.0,0.0,0.0,0.0,D2-C3-R3-20m,PRIMARY_ZERO_MAKER,17,SNDKUSDT,0.0,US_STOCK:2026-05-29T20:00:00+00:00:2026-06-01T08:00:00+00:00
0.0,0.0,0.0,0.0,D2-C3-R3-30m,PRIMARY_ZERO_MAKER,17,SNDKUSDT,0.0,US_STOCK:2026-05-29T20:00:00+00:00:2026-06-01T08:00:00+00:00
0.0,0.0,0.0,0.0,D2-C1-R3-10m,PRIMARY_ZERO_MAKER,31,SNDKUSDT,0.0,US_STOCK:2026-05-29T20:00:00+00:00:2026-06-01T08:00:00+00:00
0.0,0.0,0.0,0.0,D2-C1-R3-20m,PRIMARY_ZERO_MAKER,31,SNDKUSDT,0.0,US_STOCK:2026-05-29T20:00:00+00:00:2026-06-01T08:00:00+00:00
0.0,0.0,0.0,0.0,D2-C1-R3-30m,PRIMARY_ZERO_MAKER,31,SNDKUSDT,0.0,US_STOCK:2026-05-29T20:00:00+00:00:2026-06-01T08:00:00+00:00
0.0,0.0,0.0,0.0,D2-C2-R3-10m,PRIMARY_ZERO_MAKER,31,SNDKUSDT,0.0,US_STOCK:2026-05-29T20:00:00+00:00:2026-06-01T08:00:00+00:00
0.0,0.0,0.0,0.0,D2-C2-R3-20m,PRIMARY_ZERO_MAKER,31,SNDKUSDT,0.0,US_STOCK:2026-05-29T20:00:00+00:00:2026-06-01T08:00:00+00:00
0.0,0.0,0.0,0.0,D2-C2-R3-30m,PRIMARY_ZERO_MAKER,31,SNDKUSDT,0.0,US_STOCK:2026-05-29T20:00:00+00:00:2026-06-01T08:00:00+00:00
0.0,0.0,0.0,0.0,D2-C3-R3-10m,PRIMARY_ZERO_MAKER,31,SNDKUSDT,0.0,US_STOCK:2026-05-29T20:00:00+00:00:2026-06-01T08:00:00+00:00
0.0,0.0,0.0,0.0,D2-C3-R3-20m,PRIMARY_ZERO_MAKER,31,SNDKUSDT,0.0,US_STOCK:2026-05-29T20:00:00+00:00:2026-06-01T08:00:00+00:00
0.0,0.0,0.0,0.0,D2-C3-R3-30m,PRIMARY_ZERO_MAKER,31,SNDKUSDT,0.0,US_STOCK:2026-05-29T20:00:00+00:00:2026-06-01T08:00:00+00:00
0.0,0.0,0.0,0.0,D2-C1-R3-10m,PRIMARY_ZERO_MAKER,59,SNDKUSDT,0.0,US_STOCK:2026-05-29T20:00:00+00:00:2026-06-01T08:00:00+00:00
0.0,0.0,0.0,0.0,D2-C1-R3-20m,PRIMARY_ZERO_MAKER,59,SNDKUSDT,0.0,US_STOCK:2026-05-29T20:00:00+00:00:2026-06-01T08:00:00+00:00
0.0,0.0,0.0,0.0,D2-C1-R3-30m,PRIMARY_ZERO_MAKER,59,SNDKUSDT,0.0,US_STOCK:2026-05-29T20:00:00+00:00:2026-06-01T08:00:00+00:00
0.0,0.0,0.0,0.0,D2-C2-R3-10m,PRIMARY_ZERO_MAKER,59,SNDKUSDT,0.0,US_STOCK:2026-05-29T20:00:00+00:00:2026-06-01T08:00:00+00:00
0.0,0.0,0.0,0.0,D2-C2-R3-20m,PRIMARY_ZERO_MAKER,59,SNDKUSDT,0.0,US_STOCK:2026-05-29T20:00:00+00:00:2026-06-01T08:00:00+00:00
0.0,0.0,0.0,0.0,D2-C2-R3-30m,PRIMARY_ZERO_MAKER,59,SNDKUSDT,0.0,US_STOCK:2026-05-29T20:00:00+00:00:2026-06-01T08:00:00+00:00
0.0,0.0,0.0,0.0,D2-C3-R3-10m,PRIMARY_ZERO_MAKER,59,SNDKUSDT,0.0,US_STOCK:2026-05-29T20:00:00+00:00:2026-06-01T08:00:00+00:00
0.0,0.0,0.0,0.0,D2-C3-R3-20m,PRIMARY_ZERO_MAKER,59,SNDKUSDT,0.0,US_STOCK:2026-05-29T20:00:00+00:00:2026-06-01T08:00:00+00:00
0.0,0.0,0.0,0.0,D2-C3-R3-30m,PRIMARY_ZERO_MAKER,59,SNDKUSDT,0.0,US_STOCK:2026-05-29T20:00:00+00:00:2026-06-01T08:00:00+00:00
0.0,0.0,0.0,0.0,D2-C1-R3-10m,PRIMARY_ZERO_MAKER,97,SNDKUSDT,0.0,US_STOCK:2026-05-29T20:00:00+00:00:2026-06-01T08:00:00+00:00
0.0,0.0,0.0,0.0,D2-C1-R3-20m,PRIMARY_ZERO_MAKER,97,SNDKUSDT,0.0,US_STOCK:2026-05-29T20:00:00+00:00:2026-06-01T08:00:00+00:00
0.0,0.0,0.0,0.0,D2-C1-R3-30m,PRIMARY_ZERO_MAKER,97,SNDKUSDT,0.0,US_STOCK:2026-05-29T20:00:00+00:00:2026-06-01T08:00:00+00:00
0.0,0.0,0.0,0.0,D2-C2-R3-10m,PRIMARY_ZERO_MAKER,97,SNDKUSDT,0.0,US_STOCK:2026-05-29T20:00:00+00:00:2026-06-01T08:00:00+00:00
0.0,0.0,0.0,0.0,D2-C2-R3-20m,PRIMARY_ZERO_MAKER,97,SNDKUSDT,0.0,US_STOCK:2026-05-29T20:00:00+00:00:2026-06-01T08:00:00+00:00
0.0,0.0,0.0,0.0,D2-C2-R3-30m,PRIMARY_ZERO_MAKER,97,SNDKUSDT,0.0,US_STOCK:2026-05-29T20:00:00+00:00:2026-06-01T08:00:00+00:00
0.0,0.0,0.0,0.0,D2-C3-R3-10m,PRIMARY_ZERO_MAKER,97,SNDKUSDT,0.0,US_STOCK:2026-05-29T20:00:00+00:00:2026-06-01T08:00:00+00:00
0.0,0.0,0.0,0.0,D2-C3-R3-20m,PRIMARY_ZERO_MAKER,97,SNDKUSDT,0.0,US_STOCK:2026-05-29T20:00:00+00:00:2026-06-01T08:00:00+00:00
0.0,0.0,0.0,0.0,D2-C3-R3-30m,PRIMARY_ZERO_MAKER,97,SNDKUSDT,0.0,US_STOCK:2026-05-29T20:00:00+00:00:2026-06-01T08:00:00+00:00
0.0,0.0,0.0,0.0,D2-C1-R3-10m,EXECUTION_STRESS,3,SNDKUSDT,0.0,US_STOCK:2026-05-29T20:00:00+00:00:2026-06-01T08:00:00+00:00
0.0,0.0,0.0,0.0,D2-C1-R3-20m,EXECUTION_STRESS,3,SNDKUSDT,0.0,US_STOCK:2026-05-29T20:00:00+00:00:2026-06-01T08:00:00+00:00
0.0,0.0,0.0,0.0,D2-C1-R3-30m,EXECUTION_STRESS,3,SNDKUSDT,0.0,US_STOCK:2026-05-29T20:00:00+00:00:2026-06-01T08:00:00+00:00
0.0,0.0,0.0,0.0,D2-C2-R3-10m,EXECUTION_STRESS,3,SNDKUSDT,0.0,US_STOCK:2026-05-29T20:00:00+00:00:2026-06-01T08:00:00+00:00
0.0,0.0,0.0,0.0,D2-C2-R3-20m,EXECUTION_STRESS,3,SNDKUSDT,0.0,US_STOCK:2026-05-29T20:00:00+00:00:2026-06-01T08:00:00+00:00
0.0,0.0,0.0,0.0,D2-C2-R3-30m,EXECUTION_STRESS,3,SNDKUSDT,0.0,US_STOCK:2026-05-29T20:00:00+00:00:2026-06-01T08:00:00+00:00
0.0,0.0,0.0,0.0,D2-C3-R3-10m,EXECUTION_STRESS,3,SNDKUSDT,0.0,US_STOCK:2026-05-29T20:00:00+00:00:2026-06-01T08:00:00+00:00
0.0,0.0,0.0,0.0,D2-C3-R3-20m,EXECUTION_STRESS,3,SNDKUSDT,0.0,US_STOCK:2026-05-29T20:00:00+00:00:2026-06-01T08:00:00+00:00
0.0,0.0,0.0,0.0,D2-C3-R3-30m,EXECUTION_STRESS,3,SNDKUSDT,0.0,US_STOCK:2026-05-29T20:00:00+00:00:2026-06-01T08:00:00+00:00
0.0,0.0,0.0,0.0,D2-C1-R3-10m,EXECUTION_STRESS,10,SNDKUSDT,0.0,US_STOCK:2026-05-29T20:00:00+00:00:2026-06-01T08:00:00+00:00
0.0,0.0,0.0,0.0,D2-C1-R3-20m,EXECUTION_STRESS,10,SNDKUSDT,0.0,US_STOCK:2026-05-29T20:00:00+00:00:2026-06-01T08:00:00+00:00
0.0,0.0,0.0,0.0,D2-C1-R3-30m,EXECUTION_STRESS,10,SNDKUSDT,0.0,US_STOCK:2026-05-29T20:00:00+00:00:2026-06-01T08:00:00+00:00
0.0,0.0,0.0,0.0,D2-C2-R3-10m,EXECUTION_STRESS,10,SNDKUSDT,0.0,US_STOCK:2026-05-29T20:00:00+00:00:2026-06-01T08:00:00+00:00
0.0,0.0,0.0,0.0,D2-C2-R3-20m,EXECUTION_STRESS,10,SNDKUSDT,0.0,US_STOCK:2026-05-29T20:00:00+00:00:2026-06-01T08:00:00+00:00
0.0,0.0,0.0,0.0,D2-C2-R3-30m,EXECUTION_STRESS,10,SNDKUSDT,0.0,US_STOCK:2026-05-29T20:00:00+00:00:2026-06-01T08:00:00+00:00
0.0,0.0,0.0,0.0,D2-C3-R3-10m,EXECUTION_STRESS,10,SNDKUSDT,0.0,US_STOCK:2026-05-29T20:00:00+00:00:2026-06-01T08:00:00+00:00
0.0,0.0,0.0,0.0,D2-C3-R3-20m,EXECUTION_STRESS,10,SNDKUSDT,0.0,US_STOCK:2026-05-29T20:00:00+00:00:2026-06-01T08:00:00+00:00
0.0,0.0,0.0,0.0,D2-C3-R3-30m,EXECUTION_STRESS,10,SNDKUSDT,0.0,US_STOCK:2026-05-29T20:00:00+00:00:2026-06-01T08:00:00+00:00
0.0,0.0,0.0,0.0,D2-C1-R3-10m,EXECUTION_STRESS,17,SNDKUSDT,0.0,US_STOCK:2026-05-29T20:00:00+00:00:2026-06-01T08:00:00+00:00
0.0,0.0,0.0,0.0,D2-C1-R3-20m,EXECUTION_STRESS,17,SNDKUSDT,0.0,US_STOCK:2026-05-29T20:00:00+00:00:2026-06-01T08:00:00+00:00
0.0,0.0,0.0,0.0,D2-C1-R3-30m,EXECUTION_STRESS,17,SNDKUSDT,0.0,US_STOCK:2026-05-29T20:00:00+00:00:2026-06-01T08:00:00+00:00
0.0,0.0,0.0,0.0,D2-C2-R3-10m,EXECUTION_STRESS,17,SNDKUSDT,0.0,US_STOCK:2026-05-29T20:00:00+00:00:2026-06-01T08:00:00+00:00
0.0,0.0,0.0,0.0,D2-C2-R3-20m,EXECUTION_STRESS,17,SNDKUSDT,0.0,US_STOCK:2026-05-29T20:00:00+00:00:2026-06-01T08:00:00+00:00
0.0,0.0,0.0,0.0,D2-C2-R3-30m,EXECUTION_STRESS,17,SNDKUSDT,0.0,US_STOCK:2026-05-29T20:00:00+00:00:2026-06-01T08:00:00+00:00
0.0,0.0,0.0,0.0,D2-C3-R3-10m,EXECUTION_STRESS,17,SNDKUSDT,0.0,US_STOCK:2026-05-29T20:00:00+00:00:2026-06-01T08:00:00+00:00
0.0,0.0,0.0,0.0,D2-C3-R3-20m,EXECUTION_STRESS,17,SNDKUSDT,0.0,US_STOCK:2026-05-29T20:00:00+00:00:2026-06-01T08:00:00+00:00
0.0,0.0,0.0,0.0,D2-C3-R3-30m,EXECUTION_STRESS,17,SNDKUSDT,0.0,US_STOCK:2026-05-29T20:00:00+00:00:2026-06-01T08:00:00+00:00
0.0,0.0,0.0,0.0,D2-C1-R3-10m,EXECUTION_STRESS,31,SNDKUSDT,0.0,US_STOCK:2026-05-29T20:00:00+00:00:2026-06-01T08:00:00+00:00
0.0,0.0,0.0,0.0,D2-C1-R3-20m,EXECUTION_STRESS,31,SNDKUSDT,0.0,US_STOCK:2026-05-29T20:00:00+00:00:2026-06-01T08:00:00+00:00
0.0,0.0,0.0,0.0,D2-C1-R3-30m,EXECUTION_STRESS,31,SNDKUSDT,0.0,US_STOCK:2026-05-29T20:00:00+00:00:2026-06-01T08:00:00+00:00
0.0,0.0,0.0,0.0,D2-C2-R3-10m,EXECUTION_STRESS,31,SNDKUSDT,0.0,US_STOCK:2026-05-29T20:00:00+00:00:2026-06-01T08:00:00+00:00
0.0,0.0,0.0,0.0,D2-C2-R3-20m,EXECUTION_STRESS,31,SNDKUSDT,0.0,US_STOCK:2026-05-29T20:00:00+00:00:2026-06-01T08:00:00+00:00
0.0,0.0,0.0,0.0,D2-C2-R3-30m,EXECUTION_STRESS,31,SNDKUSDT,0.0,US_STOCK:2026-05-29T20:00:00+00:00:2026-06-01T08:00:00+00:00
0.0,0.0,0.0,0.0,D2-C3-R3-10m,EXECUTION_STRESS,31,SNDKUSDT,0.0,US_STOCK:2026-05-29T20:00:00+00:00:2026-06-01T08:00:00+00:00
0.0,0.0,0.0,0.0,D2-C3-R3-20m,EXECUTION_STRESS,31,SNDKUSDT,0.0,US_STOCK:2026-05-29T20:00:00+00:00:2026-06-01T08:00:00+00:00
0.0,0.0,0.0,0.0,D2-C3-R3-30m,EXECUTION_STRESS,31,SNDKUSDT,0.0,US_STOCK:2026-05-29T20:00:00+00:00:2026-06-01T08:00:00+00:00
0.0,0.0,0.0,0.0,D2-C1-R3-10m,EXECUTION_STRESS,59,SNDKUSDT,0.0,US_STOCK:2026-05-29T20:00:00+00:00:2026-06-01T08:00:00+00:00
0.0,0.0,0.0,0.0,D2-C1-R3-20m,EXECUTION_STRESS,59,SNDKUSDT,0.0,US_STOCK:2026-05-29T20:00:00+00:00:2026-06-01T08:00:00+00:00
0.0,0.0,0.0,0.0,D2-C1-R3-30m,EXECUTION_STRESS,59,SNDKUSDT,0.0,US_STOCK:2026-05-29T20:00:00+00:00:2026-06-01T08:00:00+00:00
0.0,0.0,0.0,0.0,D2-C2-R3-10m,EXECUTION_STRESS,59,SNDKUSDT,0.0,US_STOCK:2026-05-29T20:00:00+00:00:2026-06-01T08:00:00+00:00
0.0,0.0,0.0,0.0,D2-C2-R3-20m,EXECUTION_STRESS,59,SNDKUSDT,0.0,US_STOCK:2026-05-29T20:00:00+00:00:2026-06-01T08:00:00+00:00
0.0,0.0,0.0,0.0,D2-C2-R3-30m,EXECUTION_STRESS,59,SNDKUSDT,0.0,US_STOCK:2026-05-29T20:00:00+00:00:2026-06-01T08:00:00+00:00
0.0,0.0,0.0,0.0,D2-C3-R3-10m,EXECUTION_STRESS,59,SNDKUSDT,0.0,US_STOCK:2026-05-29T20:00:00+00:00:2026-06-01T08:00:00+00:00
0.0,0.0,0.0,0.0,D2-C3-R3-20m,EXECUTION_STRESS,59,SNDKUSDT,0.0,US_STOCK:2026-05-29T20:00:00+00:00:2026-06-01T08:00:00+00:00
0.0,0.0,0.0,0.0,D2-C3-R3-30m,EXECUTION_STRESS,59,SNDKUSDT,0.0,US_STOCK:2026-05-29T20:00:00+00:00:2026-06-01T08:00:00+00:00
0.0,0.0,0.0,0.0,D2-C1-R3-10m,EXECUTION_STRESS,97,SNDKUSDT,0.0,US_STOCK:2026-05-29T20:00:00+00:00:2026-06-01T08:00:00+00:00
0.0,0.0,0.0,0.0,D2-C1-R3-20m,EXECUTION_STRESS,97,SNDKUSDT,0.0,US_STOCK:2026-05-29T20:00:00+00:00:2026-06-01T08:00:00+00:00
0.0,0.0,0.0,0.0,D2-C1-R3-30m,EXECUTION_STRESS,97,SNDKUSDT,0.0,US_STOCK:2026-05-29T20:00:00+00:00:2026-06-01T08:00:00+00:00
0.0,0.0,0.0,0.0,D2-C2-R3-10m,EXECUTION_STRESS,97,SNDKUSDT,0.0,US_STOCK:2026-05-29T20:00:00+00:00:2026-06-01T08:00:00+00:00
0.0,0.0,0.0,0.0,D2-C2-R3-20m,EXECUTION_STRESS,97,SNDKUSDT,0.0,US_STOCK:2026-05-29T20:00:00+00:00:2026-06-01T08:00:00+00:00
0.0,0.0,0.0,0.0,D2-C2-R3-30m,EXECUTION_STRESS,97,SNDKUSDT,0.0,US_STOCK:2026-05-29T20:00:00+00:00:2026-06-01T08:00:00+00:00
0.0,0.0,0.0,0.0,D2-C3-R3-10m,EXECUTION_STRESS,97,SNDKUSDT,0.0,US_STOCK:2026-05-29T20:00:00+00:00:2026-06-01T08:00:00+00:00
0.0,0.0,0.0,0.0,D2-C3-R3-20m,EXECUTION_STRESS,97,SNDKUSDT,0.0,US_STOCK:2026-05-29T20:00:00+00:00:2026-06-01T08:00:00+00:00
0.0,0.0,0.0,0.0,D2-C3-R3-30m,EXECUTION_STRESS,97,SNDKUSDT,0.0,US_STOCK:2026-05-29T20:00:00+00:00:2026-06-01T08:00:00+00:00
0.0,0.0,0.0,0.0,D2-C1-R3-10m,MAKER_PROMO_OFF,3,SNDKUSDT,0.0,US_STOCK:2026-05-29T20:00:00+00:00:2026-06-01T08:00:00+00:00
0.0,0.0,0.0,0.0,D2-C1-R3-20m,MAKER_PROMO_OFF,3,SNDKUSDT,0.0,US_STOCK:2026-05-29T20:00:00+00:00:2026-06-01T08:00:00+00:00
0.0,0.0,0.0,0.0,D2-C1-R3-30m,MAKER_PROMO_OFF,3,SNDKUSDT,0.0,US_STOCK:2026-05-29T20:00:00+00:00:2026-06-01T08:00:00+00:00
0.0,0.0,0.0,0.0,D2-C2-R3-10m,MAKER_PROMO_OFF,3,SNDKUSDT,0.0,US_STOCK:2026-05-29T20:00:00+00:00:2026-06-01T08:00:00+00:00
0.0,0.0,0.0,0.0,D2-C2-R3-20m,MAKER_PROMO_OFF,3,SNDKUSDT,0.0,US_STOCK:2026-05-29T20:00:00+00:00:2026-06-01T08:00:00+00:00
0.0,0.0,0.0,0.0,D2-C2-R3-30m,MAKER_PROMO_OFF,3,SNDKUSDT,0.0,US_STOCK:2026-05-29T20:00:00+00:00:2026-06-01T08:00:00+00:00
0.0,0.0,0.0,0.0,D2-C3-R3-10m,MAKER_PROMO_OFF,3,SNDKUSDT,0.0,US_STOCK:2026-05-29T20:00:00+00:00:2026-06-01T08:00:00+00:00
0.0,0.0,0.0,0.0,D2-C3-R3-20m,MAKER_PROMO_OFF,3,SNDKUSDT,0.0,US_STOCK:2026-05-29T20:00:00+00:00:2026-06-01T08:00:00+00:00
0.0,0.0,0.0,0.0,D2-C3-R3-30m,MAKER_PROMO_OFF,3,SNDKUSDT,0.0,US_STOCK:2026-05-29T20:00:00+00:00:2026-06-01T08:00:00+00:00
0.0,0.0,0.0,0.0,D2-C1-R3-10m,MAKER_PROMO_OFF,10,SNDKUSDT,0.0,US_STOCK:2026-05-29T20:00:00+00:00:2026-06-01T08:00:00+00:00
0.0,0.0,0.0,0.0,D2-C1-R3-20m,MAKER_PROMO_OFF,10,SNDKUSDT,0.0,US_STOCK:2026-05-29T20:00:00+00:00:2026-06-01T08:00:00+00:00
0.0,0.0,0.0,0.0,D2-C1-R3-30m,MAKER_PROMO_OFF,10,SNDKUSDT,0.0,US_STOCK:2026-05-29T20:00:00+00:00:2026-06-01T08:00:00+00:00
0.0,0.0,0.0,0.0,D2-C2-R3-10m,MAKER_PROMO_OFF,10,SNDKUSDT,0.0,US_STOCK:2026-05-29T20:00:00+00:00:2026-06-01T08:00:00+00:00
0.0,0.0,0.0,0.0,D2-C2-R3-20m,MAKER_PROMO_OFF,10,SNDKUSDT,0.0,US_STOCK:2026-05-29T20:00:00+00:00:2026-06-01T08:00:00+00:00
0.0,0.0,0.0,0.0,D2-C2-R3-30m,MAKER_PROMO_OFF,10,SNDKUSDT,0.0,US_STOCK:2026-05-29T20:00:00+00:00:2026-06-01T08:00:00+00:00
0.0,0.0,0.0,0.0,D2-C3-R3-10m,MAKER_PROMO_OFF,10,SNDKUSDT,0.0,US_STOCK:2026-05-29T20:00:00+00:00:2026-06-01T08:00:00+00:00
0.0,0.0,0.0,0.0,D2-C3-R3-20m,MAKER_PROMO_OFF,10,SNDKUSDT,0.0,US_STOCK:2026-05-29T20:00:00+00:00:2026-06-01T08:00:00+00:00
0.0,0.0,0.0,0.0,D2-C3-R3-30m,MAKER_PROMO_OFF,10,SNDKUSDT,0.0,US_STOCK:2026-05-29T20:00:00+00:00:2026-06-01T08:00:00+00:00
0.0,0.0,0.0,0.0,D2-C1-R3-10m,MAKER_PROMO_OFF,17,SNDKUSDT,0.0,US_STOCK:2026-05-29T20:00:00+00:00:2026-06-01T08:00:00+00:00
0.0,0.0,0.0,0.0,D2-C1-R3-20m,MAKER_PROMO_OFF,17,SNDKUSDT,0.0,US_STOCK:2026-05-29T20:00:00+00:00:2026-06-01T08:00:00+00:00
0.0,0.0,0.0,0.0,D2-C1-R3-30m,MAKER_PROMO_OFF,17,SNDKUSDT,0.0,US_STOCK:2026-05-29T20:00:00+00:00:2026-06-01T08:00:00+00:00
0.0,0.0,0.0,0.0,D2-C2-R3-10m,MAKER_PROMO_OFF,17,SNDKUSDT,0.0,US_STOCK:2026-05-29T20:00:00+00:00:2026-06-01T08:00:00+00:00
0.0,0.0,0.0,0.0,D2-C2-R3-20m,MAKER_PROMO_OFF,17,SNDKUSDT,0.0,US_STOCK:2026-05-29T20:00:00+00:00:2026-06-01T08:00:00+00:00
0.0,0.0,0.0,0.0,D2-C2-R3-30m,MAKER_PROMO_OFF,17,SNDKUSDT,0.0,US_STOCK:2026-05-29T20:00:00+00:00:2026-06-01T08:00:00+00:00
0.0,0.0,0.0,0.0,D2-C3-R3-10m,MAKER_PROMO_OFF,17,SNDKUSDT,0.0,US_STOCK:2026-05-29T20:00:00+00:00:2026-06-01T08:00:00+00:00
0.0,0.0,0.0,0.0,D2-C3-R3-20m,MAKER_PROMO_OFF,17,SNDKUSDT,0.0,US_STOCK:2026-05-29T20:00:00+00:00:2026-06-01T08:00:00+00:00
0.0,0.0,0.0,0.0,D2-C3-R3-30m,MAKER_PROMO_OFF,17,SNDKUSDT,0.0,US_STOCK:2026-05-29T20:00:00+00:00:2026-06-01T08:00:00+00:00
0.0,0.0,0.0,0.0,D2-C1-R3-10m,MAKER_PROMO_OFF,31,SNDKUSDT,0.0,US_STOCK:2026-05-29T20:00:00+00:00:2026-06-01T08:00:00+00:00
0.0,0.0,0.0,0.0,D2-C1-R3-20m,MAKER_PROMO_OFF,31,SNDKUSDT,0.0,US_STOCK:2026-05-29T20:00:00+00:00:2026-06-01T08:00:00+00:00
0.0,0.0,0.0,0.0,D2-C1-R3-30m,MAKER_PROMO_OFF,31,SNDKUSDT,0.0,US_STOCK:2026-05-29T20:00:00+00:00:2026-06-01T08:00:00+00:00
0.0,0.0,0.0,0.0,D2-C2-R3-10m,MAKER_PROMO_OFF,31,SNDKUSDT,0.0,US_STOCK:2026-05-29T20:00:00+00:00:2026-06-01T08:00:00+00:00
0.0,0.0,0.0,0.0,D2-C2-R3-20m,MAKER_PROMO_OFF,31,SNDKUSDT,0.0,US_STOCK:2026-05-29T20:00:00+00:00:2026-06-01T08:00:00+00:00
0.0,0.0,0.0,0.0,D2-C2-R3-30m,MAKER_PROMO_OFF,31,SNDKUSDT,0.0,US_STOCK:2026-05-29T20:00:00+00:00:2026-06-01T08:00:00+00:00
0.0,0.0,0.0,0.0,D2-C3-R3-10m,MAKER_PROMO_OFF,31,SNDKUSDT,0.0,US_STOCK:2026-05-29T20:00:00+00:00:2026-06-01T08:00:00+00:00
0.0,0.0,0.0,0.0,D2-C3-R3-20m,MAKER_PROMO_OFF,31,SNDKUSDT,0.0,US_STOCK:2026-05-29T20:00:00+00:00:2026-06-01T08:00:00+00:00
0.0,0.0,0.0,0.0,D2-C3-R3-30m,MAKER_PROMO_OFF,31,SNDKUSDT,0.0,US_STOCK:2026-05-29T20:00:00+00:00:2026-06-01T08:00:00+00:00
0.0,0.0,0.0,0.0,D2-C1-R3-10m,MAKER_PROMO_OFF,59,SNDKUSDT,0.0,US_STOCK:2026-05-29T20:00:00+00:00:2026-06-01T08:00:00+00:00
0.0,0.0,0.0,0.0,D2-C1-R3-20m,MAKER_PROMO_OFF,59,SNDKUSDT,0.0,US_STOCK:2026-05-29T20:00:00+00:00:2026-06-01T08:00:00+00:00
0.0,0.0,0.0,0.0,D2-C1-R3-30m,MAKER_PROMO_OFF,59,SNDKUSDT,0.0,US_STOCK:2026-05-29T20:00:00+00:00:2026-06-01T08:00:00+00:00
0.0,0.0,0.0,0.0,D2-C2-R3-10m,MAKER_PROMO_OFF,59,SNDKUSDT,0.0,US_STOCK:2026-05-29T20:00:00+00:00:2026-06-01T08:00:00+00:00
0.0,0.0,0.0,0.0,D2-C2-R3-20m,MAKER_PROMO_OFF,59,SNDKUSDT,0.0,US_STOCK:2026-05-29T20:00:00+00:00:2026-06-01T08:00:00+00:00
0.0,0.0,0.0,0.0,D2-C2-R3-30m,MAKER_PROMO_OFF,59,SNDKUSDT,0.0,US_STOCK:2026-05-29T20:00:00+00:00:2026-06-01T08:00:00+00:00
0.0,0.0,0.0,0.0,D2-C3-R3-10m,MAKER_PROMO_OFF,59,SNDKUSDT,0.0,US_STOCK:2026-05-29T20:00:00+00:00:2026-06-01T08:00:00+00:00
0.0,0.0,0.0,0.0,D2-C3-R3-20m,MAKER_PROMO_OFF,59,SNDKUSDT,0.0,US_STOCK:2026-05-29T20:00:00+00:00:2026-06-01T08:00:00+00:00
0.0,0.0,0.0,0.0,D2-C3-R3-30m,MAKER_PROMO_OFF,59,SNDKUSDT,0.0,US_STOCK:2026-05-29T20:00:00+00:00:2026-06-01T08:00:00+00:00
0.0,0.0,0.0,0.0,D2-C1-R3-10m,MAKER_PROMO_OFF,97,SNDKUSDT,0.0,US_STOCK:2026-05-29T20:00:00+00:00:2026-06-01T08:00:00+00:00
0.0,0.0,0.0,0.0,D2-C1-R3-20m,MAKER_PROMO_OFF,97,SNDKUSDT,0.0,US_STOCK:2026-05-29T20:00:00+00:00:2026-06-01T08:00:00+00:00
0.0,0.0,0.0,0.0,D2-C1-R3-30m,MAKER_PROMO_OFF,97,SNDKUSDT,0.0,US_STOCK:2026-05-29T20:00:00+00:00:2026-06-01T08:00:00+00:00
0.0,0.0,0.0,0.0,D2-C2-R3-10m,MAKER_PROMO_OFF,97,SNDKUSDT,0.0,US_STOCK:2026-05-29T20:00:00+00:00:2026-06-01T08:00:00+00:00
0.0,0.0,0.0,0.0,D2-C2-R3-20m,MAKER_PROMO_OFF,97,SNDKUSDT,0.0,US_STOCK:2026-05-29T20:00:00+00:00:2026-06-01T08:00:00+00:00
0.0,0.0,0.0,0.0,D2-C2-R3-30m,MAKER_PROMO_OFF,97,SNDKUSDT,0.0,US_STOCK:2026-05-29T20:00:00+00:00:2026-06-01T08:00:00+00:00
0.0,0.0,0.0,0.0,D2-C3-R3-10m,MAKER_PROMO_OFF,97,SNDKUSDT,0.0,US_STOCK:2026-05-29T20:00:00+00:00:2026-06-01T08:00:00+00:00
0.0,0.0,0.0,0.0,D2-C3-R3-20m,MAKER_PROMO_OFF,97,SNDKUSDT,0.0,US_STOCK:2026-05-29T20:00:00+00:00:2026-06-01T08:00:00+00:00
0.0,0.0,0.0,0.0,D2-C3-R3-30m,MAKER_PROMO_OFF,97,SNDKUSDT,0.0,US_STOCK:2026-05-29T20:00:00+00:00:2026-06-01T08:00:00+00:00
0.0,0.0,0.0,0.0,D2-C1-R3-10m,PRIMARY_ZERO_MAKER,3,SNDKUSDT,0.0,US_STOCK:2026-06-05T20:00:00+00:00:2026-06-08T08:00:00+00:00
0.0,0.0,0.0,0.0,D2-C1-R3-20m,PRIMARY_ZERO_MAKER,3,SNDKUSDT,0.0,US_STOCK:2026-06-05T20:00:00+00:00:2026-06-08T08:00:00+00:00
0.0,0.0,0.0,0.0,D2-C1-R3-30m,PRIMARY_ZERO_MAKER,3,SNDKUSDT,0.0,US_STOCK:2026-06-05T20:00:00+00:00:2026-06-08T08:00:00+00:00
0.0,0.0,0.0,0.0,D2-C2-R3-10m,PRIMARY_ZERO_MAKER,3,SNDKUSDT,0.0,US_STOCK:2026-06-05T20:00:00+00:00:2026-06-08T08:00:00+00:00
0.0,0.0,0.0,0.0,D2-C2-R3-20m,PRIMARY_ZERO_MAKER,3,SNDKUSDT,0.0,US_STOCK:2026-06-05T20:00:00+00:00:2026-06-08T08:00:00+00:00
0.0,0.0,0.0,0.0,D2-C2-R3-30m,PRIMARY_ZERO_MAKER,3,SNDKUSDT,0.0,US_STOCK:2026-06-05T20:00:00+00:00:2026-06-08T08:00:00+00:00
0.0,0.0,0.0,0.0,D2-C3-R3-10m,PRIMARY_ZERO_MAKER,3,SNDKUSDT,0.0,US_STOCK:2026-06-05T20:00:00+00:00:2026-06-08T08:00:00+00:00
0.0,0.0,0.0,0.0,D2-C3-R3-20m,PRIMARY_ZERO_MAKER,3,SNDKUSDT,0.0,US_STOCK:2026-06-05T20:00:00+00:00:2026-06-08T08:00:00+00:00
0.0,0.0,0.0,0.0,D2-C3-R3-30m,PRIMARY_ZERO_MAKER,3,SNDKUSDT,0.0,US_STOCK:2026-06-05T20:00:00+00:00:2026-06-08T08:00:00+00:00
0.0,0.0,0.0,0.0,D2-C1-R3-10m,PRIMARY_ZERO_MAKER,10,SNDKUSDT,0.0,US_STOCK:2026-06-05T20:00:00+00:00:2026-06-08T08:00:00+00:00
0.0,0.0,0.0,0.0,D2-C1-R3-20m,PRIMARY_ZERO_MAKER,10,SNDKUSDT,0.0,US_STOCK:2026-06-05T20:00:00+00:00:2026-06-08T08:00:00+00:00
0.0,0.0,0.0,0.0,D2-C1-R3-30m,PRIMARY_ZERO_MAKER,10,SNDKUSDT,0.0,US_STOCK:2026-06-05T20:00:00+00:00:2026-06-08T08:00:00+00:00
0.0,0.0,0.0,0.0,D2-C2-R3-10m,PRIMARY_ZERO_MAKER,10,SNDKUSDT,0.0,US_STOCK:2026-06-05T20:00:00+00:00:2026-06-08T08:00:00+00:00
0.0,0.0,0.0,0.0,D2-C2-R3-20m,PRIMARY_ZERO_MAKER,10,SNDKUSDT,0.0,US_STOCK:2026-06-05T20:00:00+00:00:2026-06-08T08:00:00+00:00
0.0,0.0,0.0,0.0,D2-C2-R3-30m,PRIMARY_ZERO_MAKER,10,SNDKUSDT,0.0,US_STOCK:2026-06-05T20:00:00+00:00:2026-06-08T08:00:00+00:00
0.0,0.0,0.0,0.0,D2-C3-R3-10m,PRIMARY_ZERO_MAKER,10,SNDKUSDT,0.0,US_STOCK:2026-06-05T20:00:00+00:00:2026-06-08T08:00:00+00:00
0.0,0.0,0.0,0.0,D2-C3-R3-20m,PRIMARY_ZERO_MAKER,10,SNDKUSDT,0.0,US_STOCK:2026-06-05T20:00:00+00:00:2026-06-08T08:00:00+00:00
0.0,0.0,0.0,0.0,D2-C3-R3-30m,PRIMARY_ZERO_MAKER,10,SNDKUSDT,0.0,US_STOCK:2026-06-05T20:00:00+00:00:2026-06-08T08:00:00+00:00
0.0,0.0,0.0,0.0,D2-C1-R3-10m,PRIMARY_ZERO_MAKER,17,SNDKUSDT,0.0,US_STOCK:2026-06-05T20:00:00+00:00:2026-06-08T08:00:00+00:00
0.0,0.0,0.0,0.0,D2-C1-R3-20m,PRIMARY_ZERO_MAKER,17,SNDKUSDT,0.0,US_STOCK:2026-06-05T20:00:00+00:00:2026-06-08T08:00:00+00:00
0.0,0.0,0.0,0.0,D2-C1-R3-30m,PRIMARY_ZERO_MAKER,17,SNDKUSDT,0.0,US_STOCK:2026-06-05T20:00:00+00:00:2026-06-08T08:00:00+00:00
0.0,0.0,0.0,0.0,D2-C2-R3-10m,PRIMARY_ZERO_MAKER,17,SNDKUSDT,0.0,US_STOCK:2026-06-05T20:00:00+00:00:2026-06-08T08:00:00+00:00
0.0,0.0,0.0,0.0,D2-C2-R3-20m,PRIMARY_ZERO_MAKER,17,SNDKUSDT,0.0,US_STOCK:2026-06-05T20:00:00+00:00:2026-06-08T08:00:00+00:00
0.0,0.0,0.0,0.0,D2-C2-R3-30m,PRIMARY_ZERO_MAKER,17,SNDKUSDT,0.0,US_STOCK:2026-06-05T20:00:00+00:00:2026-06-08T08:00:00+00:00
0.0,0.0,0.0,0.0,D2-C3-R3-10m,PRIMARY_ZERO_MAKER,17,SNDKUSDT,0.0,US_STOCK:2026-06-05T20:00:00+00:00:2026-06-08T08:00:00+00:00
0.0,0.0,0.0,0.0,D2-C3-R3-20m,PRIMARY_ZERO_MAKER,17,SNDKUSDT,0.0,US_STOCK:2026-06-05T20:00:00+00:00:2026-06-08T08:00:00+00:00
0.0,0.0,0.0,0.0,D2-C3-R3-30m,PRIMARY_ZERO_MAKER,17,SNDKUSDT,0.0,US_STOCK:2026-06-05T20:00:00+00:00:2026-06-08T08:00:00+00:00
0.0,0.0,0.0,0.0,D2-C1-R3-10m,PRIMARY_ZERO_MAKER,31,SNDKUSDT,0.0,US_STOCK:2026-06-05T20:00:00+00:00:2026-06-08T08:00:00+00:00
0.0,0.0,0.0,0.0,D2-C1-R3-20m,PRIMARY_ZERO_MAKER,31,SNDKUSDT,0.0,US_STOCK:2026-06-05T20:00:00+00:00:2026-06-08T08:00:00+00:00
0.0,0.0,0.0,0.0,D2-C1-R3-30m,PRIMARY_ZERO_MAKER,31,SNDKUSDT,0.0,US_STOCK:2026-06-05T20:00:00+00:00:2026-06-08T08:00:00+00:00
0.0,0.0,0.0,0.0,D2-C2-R3-10m,PRIMARY_ZERO_MAKER,31,SNDKUSDT,0.0,US_STOCK:2026-06-05T20:00:00+00:00:2026-06-08T08:00:00+00:00
0.0,0.0,0.0,0.0,D2-C2-R3-20m,PRIMARY_ZERO_MAKER,31,SNDKUSDT,0.0,US_STOCK:2026-06-05T20:00:00+00:00:2026-06-08T08:00:00+00:00
0.0,0.0,0.0,0.0,D2-C2-R3-30m,PRIMARY_ZERO_MAKER,31,SNDKUSDT,0.0,US_STOCK:2026-06-05T20:00:00+00:00:2026-06-08T08:00:00+00:00
0.0,0.0,0.0,0.0,D2-C3-R3-10m,PRIMARY_ZERO_MAKER,31,SNDKUSDT,0.0,US_STOCK:2026-06-05T20:00:00+00:00:2026-06-08T08:00:00+00:00
0.0,0.0,0.0,0.0,D2-C3-R3-20m,PRIMARY_ZERO_MAKER,31,SNDKUSDT,0.0,US_STOCK:2026-06-05T20:00:00+00:00:2026-06-08T08:00:00+00:00
0.0,0.0,0.0,0.0,D2-C3-R3-30m,PRIMARY_ZERO_MAKER,31,SNDKUSDT,0.0,US_STOCK:2026-06-05T20:00:00+00:00:2026-06-08T08:00:00+00:00
0.0,0.0,0.0,0.0,D2-C1-R3-10m,PRIMARY_ZERO_MAKER,59,SNDKUSDT,0.0,US_STOCK:2026-06-05T20:00:00+00:00:2026-06-08T08:00:00+00:00
0.0,0.0,0.0,0.0,D2-C1-R3-20m,PRIMARY_ZERO_MAKER,59,SNDKUSDT,0.0,US_STOCK:2026-06-05T20:00:00+00:00:2026-06-08T08:00:00+00:00
0.0,0.0,0.0,0.0,D2-C1-R3-30m,PRIMARY_ZERO_MAKER,59,SNDKUSDT,0.0,US_STOCK:2026-06-05T20:00:00+00:00:2026-06-08T08:00:00+00:00
0.0,0.0,0.0,0.0,D2-C2-R3-10m,PRIMARY_ZERO_MAKER,59,SNDKUSDT,0.0,US_STOCK:2026-06-05T20:00:00+00:00:2026-06-08T08:00:00+00:00
0.0,0.0,0.0,0.0,D2-C2-R3-20m,PRIMARY_ZERO_MAKER,59,SNDKUSDT,0.0,US_STOCK:2026-06-05T20:00:00+00:00:2026-06-08T08:00:00+00:00
0.0,0.0,0.0,0.0,D2-C2-R3-30m,PRIMARY_ZERO_MAKER,59,SNDKUSDT,0.0,US_STOCK:2026-06-05T20:00:00+00:00:2026-06-08T08:00:00+00:00
0.0,0.0,0.0,0.0,D2-C3-R3-10m,PRIMARY_ZERO_MAKER,59,SNDKUSDT,0.0,US_STOCK:2026-06-05T20:00:00+00:00:2026-06-08T08:00:00+00:00
0.0,0.0,0.0,0.0,D2-C3-R3-20m,PRIMARY_ZERO_MAKER,59,SNDKUSDT,0.0,US_STOCK:2026-06-05T20:00:00+00:00:2026-06-08T08:00:00+00:00
0.0,0.0,0.0,0.0,D2-C3-R3-30m,PRIMARY_ZERO_MAKER,59,SNDKUSDT,0.0,US_STOCK:2026-06-05T20:00:00+00:00:2026-06-08T08:00:00+00:00
0.0,0.0,0.0,0.0,D2-C1-R3-10m,PRIMARY_ZERO_MAKER,97,SNDKUSDT,0.0,US_STOCK:2026-06-05T20:00:00+00:00:2026-06-08T08:00:00+00:00
0.0,0.0,0.0,0.0,D2-C1-R3-20m,PRIMARY_ZERO_MAKER,97,SNDKUSDT,0.0,US_STOCK:2026-06-05T20:00:00+00:00:2026-06-08T08:00:00+00:00
0.0,0.0,0.0,0.0,D2-C1-R3-30m,PRIMARY_ZERO_MAKER,97,SNDKUSDT,0.0,US_STOCK:2026-06-05T20:00:00+00:00:2026-06-08T08:00:00+00:00
0.0,0.0,0.0,0.0,D2-C2-R3-10m,PRIMARY_ZERO_MAKER,97,SNDKUSDT,0.0,US_STOCK:2026-06-05T20:00:00+00:00:2026-06-08T08:00:00+00:00
0.0,0.0,0.0,0.0,D2-C2-R3-20m,PRIMARY_ZERO_MAKER,97,SNDKUSDT,0.0,US_STOCK:2026-06-05T20:00:00+00:00:2026-06-08T08:00:00+00:00
0.0,0.0,0.0,0.0,D2-C2-R3-30m,PRIMARY_ZERO_MAKER,97,SNDKUSDT,0.0,US_STOCK:2026-06-05T20:00:00+00:00:2026-06-08T08:00:00+00:00
0.0,0.0,0.0,0.0,D2-C3-R3-10m,PRIMARY_ZERO_MAKER,97,SNDKUSDT,0.0,US_STOCK:2026-06-05T20:00:00+00:00:2026-06-08T08:00:00+00:00
0.0,0.0,0.0,0.0,D2-C3-R3-20m,PRIMARY_ZERO_MAKER,97,SNDKUSDT,0.0,US_STOCK:2026-06-05T20:00:00+00:00:2026-06-08T08:00:00+00:00
0.0,0.0,0.0,0.0,D2-C3-R3-30m,PRIMARY_ZERO_MAKER,97,SNDKUSDT,0.0,US_STOCK:2026-06-05T20:00:00+00:00:2026-06-08T08:00:00+00:00
0.0,0.0,0.0,0.0,D2-C1-R3-10m,EXECUTION_STRESS,3,SNDKUSDT,0.0,US_STOCK:2026-06-05T20:00:00+00:00:2026-06-08T08:00:00+00:00
0.0,0.0,0.0,0.0,D2-C1-R3-20m,EXECUTION_STRESS,3,SNDKUSDT,0.0,US_STOCK:2026-06-05T20:00:00+00:00:2026-06-08T08:00:00+00:00
0.0,0.0,0.0,0.0,D2-C1-R3-30m,EXECUTION_STRESS,3,SNDKUSDT,0.0,US_STOCK:2026-06-05T20:00:00+00:00:2026-06-08T08:00:00+00:00
0.0,0.0,0.0,0.0,D2-C2-R3-10m,EXECUTION_STRESS,3,SNDKUSDT,0.0,US_STOCK:2026-06-05T20:00:00+00:00:2026-06-08T08:00:00+00:00
0.0,0.0,0.0,0.0,D2-C2-R3-20m,EXECUTION_STRESS,3,SNDKUSDT,0.0,US_STOCK:2026-06-05T20:00:00+00:00:2026-06-08T08:00:00+00:00
0.0,0.0,0.0,0.0,D2-C2-R3-30m,EXECUTION_STRESS,3,SNDKUSDT,0.0,US_STOCK:2026-06-05T20:00:00+00:00:2026-06-08T08:00:00+00:00
0.0,0.0,0.0,0.0,D2-C3-R3-10m,EXECUTION_STRESS,3,SNDKUSDT,0.0,US_STOCK:2026-06-05T20:00:00+00:00:2026-06-08T08:00:00+00:00
0.0,0.0,0.0,0.0,D2-C3-R3-20m,EXECUTION_STRESS,3,SNDKUSDT,0.0,US_STOCK:2026-06-05T20:00:00+00:00:2026-06-08T08:00:00+00:00
0.0,0.0,0.0,0.0,D2-C3-R3-30m,EXECUTION_STRESS,3,SNDKUSDT,0.0,US_STOCK:2026-06-05T20:00:00+00:00:2026-06-08T08:00:00+00:00
0.0,0.0,0.0,0.0,D2-C1-R3-10m,EXECUTION_STRESS,10,SNDKUSDT,0.0,US_STOCK:2026-06-05T20:00:00+00:00:2026-06-08T08:00:00+00:00
0.0,0.0,0.0,0.0,D2-C1-R3-20m,EXECUTION_STRESS,10,SNDKUSDT,0.0,US_STOCK:2026-06-05T20:00:00+00:00:2026-06-08T08:00:00+00:00
0.0,0.0,0.0,0.0,D2-C1-R3-30m,EXECUTION_STRESS,10,SNDKUSDT,0.0,US_STOCK:2026-06-05T20:00:00+00:00:2026-06-08T08:00:00+00:00
0.0,0.0,0.0,0.0,D2-C2-R3-10m,EXECUTION_STRESS,10,SNDKUSDT,0.0,US_STOCK:2026-06-05T20:00:00+00:00:2026-06-08T08:00:00+00:00
0.0,0.0,0.0,0.0,D2-C2-R3-20m,EXECUTION_STRESS,10,SNDKUSDT,0.0,US_STOCK:2026-06-05T20:00:00+00:00:2026-06-08T08:00:00+00:00
0.0,0.0,0.0,0.0,D2-C2-R3-30m,EXECUTION_STRESS,10,SNDKUSDT,0.0,US_STOCK:2026-06-05T20:00:00+00:00:2026-06-08T08:00:00+00:00
0.0,0.0,0.0,0.0,D2-C3-R3-10m,EXECUTION_STRESS,10,SNDKUSDT,0.0,US_STOCK:2026-06-05T20:00:00+00:00:2026-06-08T08:00:00+00:00
0.0,0.0,0.0,0.0,D2-C3-R3-20m,EXECUTION_STRESS,10,SNDKUSDT,0.0,US_STOCK:2026-06-05T20:00:00+00:00:2026-06-08T08:00:00+00:00
0.0,0.0,0.0,0.0,D2-C3-R3-30m,EXECUTION_STRESS,10,SNDKUSDT,0.0,US_STOCK:2026-06-05T20:00:00+00:00:2026-06-08T08:00:00+00:00
0.0,0.0,0.0,0.0,D2-C1-R3-10m,EXECUTION_STRESS,17,SNDKUSDT,0.0,US_STOCK:2026-06-05T20:00:00+00:00:2026-06-08T08:00:00+00:00
0.0,0.0,0.0,0.0,D2-C1-R3-20m,EXECUTION_STRESS,17,SNDKUSDT,0.0,US_STOCK:2026-06-05T20:00:00+00:00:2026-06-08T08:00:00+00:00
0.0,0.0,0.0,0.0,D2-C1-R3-30m,EXECUTION_STRESS,17,SNDKUSDT,0.0,US_STOCK:2026-06-05T20:00:00+00:00:2026-06-08T08:00:00+00:00
0.0,0.0,0.0,0.0,D2-C2-R3-10m,EXECUTION_STRESS,17,SNDKUSDT,0.0,US_STOCK:2026-06-05T20:00:00+00:00:2026-06-08T08:00:00+00:00
0.0,0.0,0.0,0.0,D2-C2-R3-20m,EXECUTION_STRESS,17,SNDKUSDT,0.0,US_STOCK:2026-06-05T20:00:00+00:00:2026-06-08T08:00:00+00:00
0.0,0.0,0.0,0.0,D2-C2-R3-30m,EXECUTION_STRESS,17,SNDKUSDT,0.0,US_STOCK:2026-06-05T20:00:00+00:00:2026-06-08T08:00:00+00:00
0.0,0.0,0.0,0.0,D2-C3-R3-10m,EXECUTION_STRESS,17,SNDKUSDT,0.0,US_STOCK:2026-06-05T20:00:00+00:00:2026-06-08T08:00:00+00:00
0.0,0.0,0.0,0.0,D2-C3-R3-20m,EXECUTION_STRESS,17,SNDKUSDT,0.0,US_STOCK:2026-06-05T20:00:00+00:00:2026-06-08T08:00:00+00:00
0.0,0.0,0.0,0.0,D2-C3-R3-30m,EXECUTION_STRESS,17,SNDKUSDT,0.0,US_STOCK:2026-06-05T20:00:00+00:00:2026-06-08T08:00:00+00:00
0.0,0.0,0.0,0.0,D2-C1-R3-10m,EXECUTION_STRESS,31,SNDKUSDT,0.0,US_STOCK:2026-06-05T20:00:00+00:00:2026-06-08T08:00:00+00:00
0.0,0.0,0.0,0.0,D2-C1-R3-20m,EXECUTION_STRESS,31,SNDKUSDT,0.0,US_STOCK:2026-06-05T20:00:00+00:00:2026-06-08T08:00:00+00:00
0.0,0.0,0.0,0.0,D2-C1-R3-30m,EXECUTION_STRESS,31,SNDKUSDT,0.0,US_STOCK:2026-06-05T20:00:00+00:00:2026-06-08T08:00:00+00:00
0.0,0.0,0.0,0.0,D2-C2-R3-10m,EXECUTION_STRESS,31,SNDKUSDT,0.0,US_STOCK:2026-06-05T20:00:00+00:00:2026-06-08T08:00:00+00:00
0.0,0.0,0.0,0.0,D2-C2-R3-20m,EXECUTION_STRESS,31,SNDKUSDT,0.0,US_STOCK:2026-06-05T20:00:00+00:00:2026-06-08T08:00:00+00:00
0.0,0.0,0.0,0.0,D2-C2-R3-30m,EXECUTION_STRESS,31,SNDKUSDT,0.0,US_STOCK:2026-06-05T20:00:00+00:00:2026-06-08T08:00:00+00:00
0.0,0.0,0.0,0.0,D2-C3-R3-10m,EXECUTION_STRESS,31,SNDKUSDT,0.0,US_STOCK:2026-06-05T20:00:00+00:00:2026-06-08T08:00:00+00:00
0.0,0.0,0.0,0.0,D2-C3-R3-20m,EXECUTION_STRESS,31,SNDKUSDT,0.0,US_STOCK:2026-06-05T20:00:00+00:00:2026-06-08T08:00:00+00:00
0.0,0.0,0.0,0.0,D2-C3-R3-30m,EXECUTION_STRESS,31,SNDKUSDT,0.0,US_STOCK:2026-06-05T20:00:00+00:00:2026-06-08T08:00:00+00:00
0.0,0.0,0.0,0.0,D2-C1-R3-10m,EXECUTION_STRESS,59,SNDKUSDT,0.0,US_STOCK:2026-06-05T20:00:00+00:00:2026-06-08T08:00:00+00:00
0.0,0.0,0.0,0.0,D2-C1-R3-20m,EXECUTION_STRESS,59,SNDKUSDT,0.0,US_STOCK:2026-06-05T20:00:00+00:00:2026-06-08T08:00:00+00:00
0.0,0.0,0.0,0.0,D2-C1-R3-30m,EXECUTION_STRESS,59,SNDKUSDT,0.0,US_STOCK:2026-06-05T20:00:00+00:00:2026-06-08T08:00:00+00:00
0.0,0.0,0.0,0.0,D2-C2-R3-10m,EXECUTION_STRESS,59,SNDKUSDT,0.0,US_STOCK:2026-06-05T20:00:00+00:00:2026-06-08T08:00:00+00:00
0.0,0.0,0.0,0.0,D2-C2-R3-20m,EXECUTION_STRESS,59,SNDKUSDT,0.0,US_STOCK:2026-06-05T20:00:00+00:00:2026-06-08T08:00:00+00:00
0.0,0.0,0.0,0.0,D2-C2-R3-30m,EXECUTION_STRESS,59,SNDKUSDT,0.0,US_STOCK:2026-06-05T20:00:00+00:00:2026-06-08T08:00:00+00:00
0.0,0.0,0.0,0.0,D2-C3-R3-10m,EXECUTION_STRESS,59,SNDKUSDT,0.0,US_STOCK:2026-06-05T20:00:00+00:00:2026-06-08T08:00:00+00:00
0.0,0.0,0.0,0.0,D2-C3-R3-20m,EXECUTION_STRESS,59,SNDKUSDT,0.0,US_STOCK:2026-06-05T20:00:00+00:00:2026-06-08T08:00:00+00:00
0.0,0.0,0.0,0.0,D2-C3-R3-30m,EXECUTION_STRESS,59,SNDKUSDT,0.0,US_STOCK:2026-06-05T20:00:00+00:00:2026-06-08T08:00:00+00:00
0.0,0.0,0.0,0.0,D2-C1-R3-10m,EXECUTION_STRESS,97,SNDKUSDT,0.0,US_STOCK:2026-06-05T20:00:00+00:00:2026-06-08T08:00:00+00:00
0.0,0.0,0.0,0.0,D2-C1-R3-20m,EXECUTION_STRESS,97,SNDKUSDT,0.0,US_STOCK:2026-06-05T20:00:00+00:00:2026-06-08T08:00:00+00:00
0.0,0.0,0.0,0.0,D2-C1-R3-30m,EXECUTION_STRESS,97,SNDKUSDT,0.0,US_STOCK:2026-06-05T20:00:00+00:00:2026-06-08T08:00:00+00:00
0.0,0.0,0.0,0.0,D2-C2-R3-10m,EXECUTION_STRESS,97,SNDKUSDT,0.0,US_STOCK:2026-06-05T20:00:00+00:00:2026-06-08T08:00:00+00:00
0.0,0.0,0.0,0.0,D2-C2-R3-20m,EXECUTION_STRESS,97,SNDKUSDT,0.0,US_STOCK:2026-06-05T20:00:00+00:00:2026-06-08T08:00:00+00:00
0.0,0.0,0.0,0.0,D2-C2-R3-30m,EXECUTION_STRESS,97,SNDKUSDT,0.0,US_STOCK:2026-06-05T20:00:00+00:00:2026-06-08T08:00:00+00:00
0.0,0.0,0.0,0.0,D2-C3-R3-10m,EXECUTION_STRESS,97,SNDKUSDT,0.0,US_STOCK:2026-06-05T20:00:00+00:00:2026-06-08T08:00:00+00:00
0.0,0.0,0.0,0.0,D2-C3-R3-20m,EXECUTION_STRESS,97,SNDKUSDT,0.0,US_STOCK:2026-06-05T20:00:00+00:00:2026-06-08T08:00:00+00:00
0.0,0.0,0.0,0.0,D2-C3-R3-30m,EXECUTION_STRESS,97,SNDKUSDT,0.0,US_STOCK:2026-06-05T20:00:00+00:00:2026-06-08T08:00:00+00:00
0.0,0.0,0.0,0.0,D2-C1-R3-10m,MAKER_PROMO_OFF,3,SNDKUSDT,0.0,US_STOCK:2026-06-05T20:00:00+00:00:2026-06-08T08:00:00+00:00
0.0,0.0,0.0,0.0,D2-C1-R3-20m,MAKER_PROMO_OFF,3,SNDKUSDT,0.0,US_STOCK:2026-06-05T20:00:00+00:00:2026-06-08T08:00:00+00:00
0.0,0.0,0.0,0.0,D2-C1-R3-30m,MAKER_PROMO_OFF,3,SNDKUSDT,0.0,US_STOCK:2026-06-05T20:00:00+00:00:2026-06-08T08:00:00+00:00
0.0,0.0,0.0,0.0,D2-C2-R3-10m,MAKER_PROMO_OFF,3,SNDKUSDT,0.0,US_STOCK:2026-06-05T20:00:00+00:00:2026-06-08T08:00:00+00:00
0.0,0.0,0.0,0.0,D2-C2-R3-20m,MAKER_PROMO_OFF,3,SNDKUSDT,0.0,US_STOCK:2026-06-05T20:00:00+00:00:2026-06-08T08:00:00+00:00
0.0,0.0,0.0,0.0,D2-C2-R3-30m,MAKER_PROMO_OFF,3,SNDKUSDT,0.0,US_STOCK:2026-06-05T20:00:00+00:00:2026-06-08T08:00:00+00:00
0.0,0.0,0.0,0.0,D2-C3-R3-10m,MAKER_PROMO_OFF,3,SNDKUSDT,0.0,US_STOCK:2026-06-05T20:00:00+00:00:2026-06-08T08:00:00+00:00
0.0,0.0,0.0,0.0,D2-C3-R3-20m,MAKER_PROMO_OFF,3,SNDKUSDT,0.0,US_STOCK:2026-06-05T20:00:00+00:00:2026-06-08T08:00:00+00:00
0.0,0.0,0.0,0.0,D2-C3-R3-30m,MAKER_PROMO_OFF,3,SNDKUSDT,0.0,US_STOCK:2026-06-05T20:00:00+00:00:2026-06-08T08:00:00+00:00
0.0,0.0,0.0,0.0,D2-C1-R3-10m,MAKER_PROMO_OFF,10,SNDKUSDT,0.0,US_STOCK:2026-06-05T20:00:00+00:00:2026-06-08T08:00:00+00:00
0.0,0.0,0.0,0.0,D2-C1-R3-20m,MAKER_PROMO_OFF,10,SNDKUSDT,0.0,US_STOCK:2026-06-05T20:00:00+00:00:2026-06-08T08:00:00+00:00
0.0,0.0,0.0,0.0,D2-C1-R3-30m,MAKER_PROMO_OFF,10,SNDKUSDT,0.0,US_STOCK:2026-06-05T20:00:00+00:00:2026-06-08T08:00:00+00:00
0.0,0.0,0.0,0.0,D2-C2-R3-10m,MAKER_PROMO_OFF,10,SNDKUSDT,0.0,US_STOCK:2026-06-05T20:00:00+00:00:2026-06-08T08:00:00+00:00
0.0,0.0,0.0,0.0,D2-C2-R3-20m,MAKER_PROMO_OFF,10,SNDKUSDT,0.0,US_STOCK:2026-06-05T20:00:00+00:00:2026-06-08T08:00:00+00:00
0.0,0.0,0.0,0.0,D2-C2-R3-30m,MAKER_PROMO_OFF,10,SNDKUSDT,0.0,US_STOCK:2026-06-05T20:00:00+00:00:2026-06-08T08:00:00+00:00
0.0,0.0,0.0,0.0,D2-C3-R3-10m,MAKER_PROMO_OFF,10,SNDKUSDT,0.0,US_STOCK:2026-06-05T20:00:00+00:00:2026-06-08T08:00:00+00:00
0.0,0.0,0.0,0.0,D2-C3-R3-20m,MAKER_PROMO_OFF,10,SNDKUSDT,0.0,US_STOCK:2026-06-05T20:00:00+00:00:2026-06-08T08:00:00+00:00
0.0,0.0,0.0,0.0,D2-C3-R3-30m,MAKER_PROMO_OFF,10,SNDKUSDT,0.0,US_STOCK:2026-06-05T20:00:00+00:00:2026-06-08T08:00:00+00:00
0.0,0.0,0.0,0.0,D2-C1-R3-10m,MAKER_PROMO_OFF,17,SNDKUSDT,0.0,US_STOCK:2026-06-05T20:00:00+00:00:2026-06-08T08:00:00+00:00
0.0,0.0,0.0,0.0,D2-C1-R3-20m,MAKER_PROMO_OFF,17,SNDKUSDT,0.0,US_STOCK:2026-06-05T20:00:00+00:00:2026-06-08T08:00:00+00:00
0.0,0.0,0.0,0.0,D2-C1-R3-30m,MAKER_PROMO_OFF,17,SNDKUSDT,0.0,US_STOCK:2026-06-05T20:00:00+00:00:2026-06-08T08:00:00+00:00
0.0,0.0,0.0,0.0,D2-C2-R3-10m,MAKER_PROMO_OFF,17,SNDKUSDT,0.0,US_STOCK:2026-06-05T20:00:00+00:00:2026-06-08T08:00:00+00:00
0.0,0.0,0.0,0.0,D2-C2-R3-20m,MAKER_PROMO_OFF,17,SNDKUSDT,0.0,US_STOCK:2026-06-05T20:00:00+00:00:2026-06-08T08:00:00+00:00
0.0,0.0,0.0,0.0,D2-C2-R3-30m,MAKER_PROMO_OFF,17,SNDKUSDT,0.0,US_STOCK:2026-06-05T20:00:00+00:00:2026-06-08T08:00:00+00:00
0.0,0.0,0.0,0.0,D2-C3-R3-10m,MAKER_PROMO_OFF,17,SNDKUSDT,0.0,US_STOCK:2026-06-05T20:00:00+00:00:2026-06-08T08:00:00+00:00
0.0,0.0,0.0,0.0,D2-C3-R3-20m,MAKER_PROMO_OFF,17,SNDKUSDT,0.0,US_STOCK:2026-06-05T20:00:00+00:00:2026-06-08T08:00:00+00:00
0.0,0.0,0.0,0.0,D2-C3-R3-30m,MAKER_PROMO_OFF,17,SNDKUSDT,0.0,US_STOCK:2026-06-05T20:00:00+00:00:2026-06-08T08:00:00+00:00
0.0,0.0,0.0,0.0,D2-C1-R3-10m,MAKER_PROMO_OFF,31,SNDKUSDT,0.0,US_STOCK:2026-06-05T20:00:00+00:00:2026-06-08T08:00:00+00:00
0.0,0.0,0.0,0.0,D2-C1-R3-20m,MAKER_PROMO_OFF,31,SNDKUSDT,0.0,US_STOCK:2026-06-05T20:00:00+00:00:2026-06-08T08:00:00+00:00
0.0,0.0,0.0,0.0,D2-C1-R3-30m,MAKER_PROMO_OFF,31,SNDKUSDT,0.0,US_STOCK:2026-06-05T20:00:00+00:00:2026-06-08T08:00:00+00:00
0.0,0.0,0.0,0.0,D2-C2-R3-10m,MAKER_PROMO_OFF,31,SNDKUSDT,0.0,US_STOCK:2026-06-05T20:00:00+00:00:2026-06-08T08:00:00+00:00
0.0,0.0,0.0,0.0,D2-C2-R3-20m,MAKER_PROMO_OFF,31,SNDKUSDT,0.0,US_STOCK:2026-06-05T20:00:00+00:00:2026-06-08T08:00:00+00:00
0.0,0.0,0.0,0.0,D2-C2-R3-30m,MAKER_PROMO_OFF,31,SNDKUSDT,0.0,US_STOCK:2026-06-05T20:00:00+00:00:2026-06-08T08:00:00+00:00
0.0,0.0,0.0,0.0,D2-C3-R3-10m,MAKER_PROMO_OFF,31,SNDKUSDT,0.0,US_STOCK:2026-06-05T20:00:00+00:00:2026-06-08T08:00:00+00:00
0.0,0.0,0.0,0.0,D2-C3-R3-20m,MAKER_PROMO_OFF,31,SNDKUSDT,0.0,US_STOCK:2026-06-05T20:00:00+00:00:2026-06-08T08:00:00+00:00
0.0,0.0,0.0,0.0,D2-C3-R3-30m,MAKER_PROMO_OFF,31,SNDKUSDT,0.0,US_STOCK:2026-06-05T20:00:00+00:00:2026-06-08T08:00:00+00:00
0.0,0.0,0.0,0.0,D2-C1-R3-10m,MAKER_PROMO_OFF,59,SNDKUSDT,0.0,US_STOCK:2026-06-05T20:00:00+00:00:2026-06-08T08:00:00+00:00
0.0,0.0,0.0,0.0,D2-C1-R3-20m,MAKER_PROMO_OFF,59,SNDKUSDT,0.0,US_STOCK:2026-06-05T20:00:00+00:00:2026-06-08T08:00:00+00:00
0.0,0.0,0.0,0.0,D2-C1-R3-30m,MAKER_PROMO_OFF,59,SNDKUSDT,0.0,US_STOCK:2026-06-05T20:00:00+00:00:2026-06-08T08:00:00+00:00
0.0,0.0,0.0,0.0,D2-C2-R3-10m,MAKER_PROMO_OFF,59,SNDKUSDT,0.0,US_STOCK:2026-06-05T20:00:00+00:00:2026-06-08T08:00:00+00:00
0.0,0.0,0.0,0.0,D2-C2-R3-20m,MAKER_PROMO_OFF,59,SNDKUSDT,0.0,US_STOCK:2026-06-05T20:00:00+00:00:2026-06-08T08:00:00+00:00
0.0,0.0,0.0,0.0,D2-C2-R3-30m,MAKER_PROMO_OFF,59,SNDKUSDT,0.0,US_STOCK:2026-06-05T20:00:00+00:00:2026-06-08T08:00:00+00:00
0.0,0.0,0.0,0.0,D2-C3-R3-10m,MAKER_PROMO_OFF,59,SNDKUSDT,0.0,US_STOCK:2026-06-05T20:00:00+00:00:2026-06-08T08:00:00+00:00
0.0,0.0,0.0,0.0,D2-C3-R3-20m,MAKER_PROMO_OFF,59,SNDKUSDT,0.0,US_STOCK:2026-06-05T20:00:00+00:00:2026-06-08T08:00:00+00:00
0.0,0.0,0.0,0.0,D2-C3-R3-30m,MAKER_PROMO_OFF,59,SNDKUSDT,0.0,US_STOCK:2026-06-05T20:00:00+00:00:2026-06-08T08:00:00+00:00
0.0,0.0,0.0,0.0,D2-C1-R3-10m,MAKER_PROMO_OFF,97,SNDKUSDT,0.0,US_STOCK:2026-06-05T20:00:00+00:00:2026-06-08T08:00:00+00:00
0.0,0.0,0.0,0.0,D2-C1-R3-20m,MAKER_PROMO_OFF,97,SNDKUSDT,0.0,US_STOCK:2026-06-05T20:00:00+00:00:2026-06-08T08:00:00+00:00
0.0,0.0,0.0,0.0,D2-C1-R3-30m,MAKER_PROMO_OFF,97,SNDKUSDT,0.0,US_STOCK:2026-06-05T20:00:00+00:00:2026-06-08T08:00:00+00:00
0.0,0.0,0.0,0.0,D2-C2-R3-10m,MAKER_PROMO_OFF,97,SNDKUSDT,0.0,US_STOCK:2026-06-05T20:00:00+00:00:2026-06-08T08:00:00+00:00
0.0,0.0,0.0,0.0,D2-C2-R3-20m,MAKER_PROMO_OFF,97,SNDKUSDT,0.0,US_STOCK:2026-06-05T20:00:00+00:00:2026-06-08T08:00:00+00:00
0.0,0.0,0.0,0.0,D2-C2-R3-30m,MAKER_PROMO_OFF,97,SNDKUSDT,0.0,US_STOCK:2026-06-05T20:00:00+00:00:2026-06-08T08:00:00+00:00
0.0,0.0,0.0,0.0,D2-C3-R3-10m,MAKER_PROMO_OFF,97,SNDKUSDT,0.0,US_STOCK:2026-06-05T20:00:00+00:00:2026-06-08T08:00:00+00:00
0.0,0.0,0.0,0.0,D2-C3-R3-20m,MAKER_PROMO_OFF,97,SNDKUSDT,0.0,US_STOCK:2026-06-05T20:00:00+00:00:2026-06-08T08:00:00+00:00
0.0,0.0,0.0,0.0,D2-C3-R3-30m,MAKER_PROMO_OFF,97,SNDKUSDT,0.0,US_STOCK:2026-06-05T20:00:00+00:00:2026-06-08T08:00:00+00:00
0.0,0.0,0.0,0.0,D2-C1-R3-10m,PRIMARY_ZERO_MAKER,3,SNDKUSDT,0.0,US_STOCK:2026-06-18T20:00:00+00:00:2026-06-22T08:00:00+00:00
0.0,0.0,0.0,0.0,D2-C1-R3-20m,PRIMARY_ZERO_MAKER,3,SNDKUSDT,0.0,US_STOCK:2026-06-18T20:00:00+00:00:2026-06-22T08:00:00+00:00
0.0,0.0,0.0,0.0,D2-C1-R3-30m,PRIMARY_ZERO_MAKER,3,SNDKUSDT,0.0,US_STOCK:2026-06-18T20:00:00+00:00:2026-06-22T08:00:00+00:00
0.0,0.0,0.0,0.0,D2-C2-R3-10m,PRIMARY_ZERO_MAKER,3,SNDKUSDT,0.0,US_STOCK:2026-06-18T20:00:00+00:00:2026-06-22T08:00:00+00:00
0.0,0.0,0.0,0.0,D2-C2-R3-20m,PRIMARY_ZERO_MAKER,3,SNDKUSDT,0.0,US_STOCK:2026-06-18T20:00:00+00:00:2026-06-22T08:00:00+00:00
0.0,0.0,0.0,0.0,D2-C2-R3-30m,PRIMARY_ZERO_MAKER,3,SNDKUSDT,0.0,US_STOCK:2026-06-18T20:00:00+00:00:2026-06-22T08:00:00+00:00
0.0,0.0,0.0,0.0,D2-C3-R3-10m,PRIMARY_ZERO_MAKER,3,SNDKUSDT,0.0,US_STOCK:2026-06-18T20:00:00+00:00:2026-06-22T08:00:00+00:00
0.0,0.0,0.0,0.0,D2-C3-R3-20m,PRIMARY_ZERO_MAKER,3,SNDKUSDT,0.0,US_STOCK:2026-06-18T20:00:00+00:00:2026-06-22T08:00:00+00:00
0.0,0.0,0.0,0.0,D2-C3-R3-30m,PRIMARY_ZERO_MAKER,3,SNDKUSDT,0.0,US_STOCK:2026-06-18T20:00:00+00:00:2026-06-22T08:00:00+00:00
0.0,0.0,0.0,0.0,D2-C1-R3-10m,PRIMARY_ZERO_MAKER,10,SNDKUSDT,0.0,US_STOCK:2026-06-18T20:00:00+00:00:2026-06-22T08:00:00+00:00
0.0,0.0,0.0,0.0,D2-C1-R3-20m,PRIMARY_ZERO_MAKER,10,SNDKUSDT,0.0,US_STOCK:2026-06-18T20:00:00+00:00:2026-06-22T08:00:00+00:00
0.0,0.0,0.0,0.0,D2-C1-R3-30m,PRIMARY_ZERO_MAKER,10,SNDKUSDT,0.0,US_STOCK:2026-06-18T20:00:00+00:00:2026-06-22T08:00:00+00:00
0.0,0.0,0.0,0.0,D2-C2-R3-10m,PRIMARY_ZERO_MAKER,10,SNDKUSDT,0.0,US_STOCK:2026-06-18T20:00:00+00:00:2026-06-22T08:00:00+00:00
0.0,0.0,0.0,0.0,D2-C2-R3-20m,PRIMARY_ZERO_MAKER,10,SNDKUSDT,0.0,US_STOCK:2026-06-18T20:00:00+00:00:2026-06-22T08:00:00+00:00
0.0,0.0,0.0,0.0,D2-C2-R3-30m,PRIMARY_ZERO_MAKER,10,SNDKUSDT,0.0,US_STOCK:2026-06-18T20:00:00+00:00:2026-06-22T08:00:00+00:00
0.0,0.0,0.0,0.0,D2-C3-R3-10m,PRIMARY_ZERO_MAKER,10,SNDKUSDT,0.0,US_STOCK:2026-06-18T20:00:00+00:00:2026-06-22T08:00:00+00:00
0.0,0.0,0.0,0.0,D2-C3-R3-20m,PRIMARY_ZERO_MAKER,10,SNDKUSDT,0.0,US_STOCK:2026-06-18T20:00:00+00:00:2026-06-22T08:00:00+00:00
0.0,0.0,0.0,0.0,D2-C3-R3-30m,PRIMARY_ZERO_MAKER,10,SNDKUSDT,0.0,US_STOCK:2026-06-18T20:00:00+00:00:2026-06-22T08:00:00+00:00
0.0,0.0,0.0,0.0,D2-C1-R3-10m,PRIMARY_ZERO_MAKER,17,SNDKUSDT,0.0,US_STOCK:2026-06-18T20:00:00+00:00:2026-06-22T08:00:00+00:00
0.0,0.0,0.0,0.0,D2-C1-R3-20m,PRIMARY_ZERO_MAKER,17,SNDKUSDT,0.0,US_STOCK:2026-06-18T20:00:00+00:00:2026-06-22T08:00:00+00:00
0.0,0.0,0.0,0.0,D2-C1-R3-30m,PRIMARY_ZERO_MAKER,17,SNDKUSDT,0.0,US_STOCK:2026-06-18T20:00:00+00:00:2026-06-22T08:00:00+00:00
0.0,0.0,0.0,0.0,D2-C2-R3-10m,PRIMARY_ZERO_MAKER,17,SNDKUSDT,0.0,US_STOCK:2026-06-18T20:00:00+00:00:2026-06-22T08:00:00+00:00
0.0,0.0,0.0,0.0,D2-C2-R3-20m,PRIMARY_ZERO_MAKER,17,SNDKUSDT,0.0,US_STOCK:2026-06-18T20:00:00+00:00:2026-06-22T08:00:00+00:00
0.0,0.0,0.0,0.0,D2-C2-R3-30m,PRIMARY_ZERO_MAKER,17,SNDKUSDT,0.0,US_STOCK:2026-06-18T20:00:00+00:00:2026-06-22T08:00:00+00:00
0.0,0.0,0.0,0.0,D2-C3-R3-10m,PRIMARY_ZERO_MAKER,17,SNDKUSDT,0.0,US_STOCK:2026-06-18T20:00:00+00:00:2026-06-22T08:00:00+00:00
0.0,0.0,0.0,0.0,D2-C3-R3-20m,PRIMARY_ZERO_MAKER,17,SNDKUSDT,0.0,US_STOCK:2026-06-18T20:00:00+00:00:2026-06-22T08:00:00+00:00
0.0,0.0,0.0,0.0,D2-C3-R3-30m,PRIMARY_ZERO_MAKER,17,SNDKUSDT,0.0,US_STOCK:2026-06-18T20:00:00+00:00:2026-06-22T08:00:00+00:00
0.0,0.0,0.0,0.0,D2-C1-R3-10m,PRIMARY_ZERO_MAKER,31,SNDKUSDT,0.0,US_STOCK:2026-06-18T20:00:00+00:00:2026-06-22T08:00:00+00:00
0.0,0.0,0.0,0.0,D2-C1-R3-20m,PRIMARY_ZERO_MAKER,31,SNDKUSDT,0.0,US_STOCK:2026-06-18T20:00:00+00:00:2026-06-22T08:00:00+00:00
0.0,0.0,0.0,0.0,D2-C1-R3-30m,PRIMARY_ZERO_MAKER,31,SNDKUSDT,0.0,US_STOCK:2026-06-18T20:00:00+00:00:2026-06-22T08:00:00+00:00
0.0,0.0,0.0,0.0,D2-C2-R3-10m,PRIMARY_ZERO_MAKER,31,SNDKUSDT,0.0,US_STOCK:2026-06-18T20:00:00+00:00:2026-06-22T08:00:00+00:00
0.0,0.0,0.0,0.0,D2-C2-R3-20m,PRIMARY_ZERO_MAKER,31,SNDKUSDT,0.0,US_STOCK:2026-06-18T20:00:00+00:00:2026-06-22T08:00:00+00:00
0.0,0.0,0.0,0.0,D2-C2-R3-30m,PRIMARY_ZERO_MAKER,31,SNDKUSDT,0.0,US_STOCK:2026-06-18T20:00:00+00:00:2026-06-22T08:00:00+00:00
0.0,0.0,0.0,0.0,D2-C3-R3-10m,PRIMARY_ZERO_MAKER,31,SNDKUSDT,0.0,US_STOCK:2026-06-18T20:00:00+00:00:2026-06-22T08:00:00+00:00
0.0,0.0,0.0,0.0,D2-C3-R3-20m,PRIMARY_ZERO_MAKER,31,SNDKUSDT,0.0,US_STOCK:2026-06-18T20:00:00+00:00:2026-06-22T08:00:00+00:00
0.0,0.0,0.0,0.0,D2-C3-R3-30m,PRIMARY_ZERO_MAKER,31,SNDKUSDT,0.0,US_STOCK:2026-06-18T20:00:00+00:00:2026-06-22T08:00:00+00:00
0.0,0.0,0.0,0.0,D2-C1-R3-10m,PRIMARY_ZERO_MAKER,59,SNDKUSDT,0.0,US_STOCK:2026-06-18T20:00:00+00:00:2026-06-22T08:00:00+00:00
0.0,0.0,0.0,0.0,D2-C1-R3-20m,PRIMARY_ZERO_MAKER,59,SNDKUSDT,0.0,US_STOCK:2026-06-18T20:00:00+00:00:2026-06-22T08:00:00+00:00
0.0,0.0,0.0,0.0,D2-C1-R3-30m,PRIMARY_ZERO_MAKER,59,SNDKUSDT,0.0,US_STOCK:2026-06-18T20:00:00+00:00:2026-06-22T08:00:00+00:00
0.0,0.0,0.0,0.0,D2-C2-R3-10m,PRIMARY_ZERO_MAKER,59,SNDKUSDT,0.0,US_STOCK:2026-06-18T20:00:00+00:00:2026-06-22T08:00:00+00:00
0.0,0.0,0.0,0.0,D2-C2-R3-20m,PRIMARY_ZERO_MAKER,59,SNDKUSDT,0.0,US_STOCK:2026-06-18T20:00:00+00:00:2026-06-22T08:00:00+00:00
0.0,0.0,0.0,0.0,D2-C2-R3-30m,PRIMARY_ZERO_MAKER,59,SNDKUSDT,0.0,US_STOCK:2026-06-18T20:00:00+00:00:2026-06-22T08:00:00+00:00
0.0,0.0,0.0,0.0,D2-C3-R3-10m,PRIMARY_ZERO_MAKER,59,SNDKUSDT,0.0,US_STOCK:2026-06-18T20:00:00+00:00:2026-06-22T08:00:00+00:00
0.0,0.0,0.0,0.0,D2-C3-R3-20m,PRIMARY_ZERO_MAKER,59,SNDKUSDT,0.0,US_STOCK:2026-06-18T20:00:00+00:00:2026-06-22T08:00:00+00:00
0.0,0.0,0.0,0.0,D2-C3-R3-30m,PRIMARY_ZERO_MAKER,59,SNDKUSDT,0.0,US_STOCK:2026-06-18T20:00:00+00:00:2026-06-22T08:00:00+00:00
0.0,0.0,0.0,0.0,D2-C1-R3-10m,PRIMARY_ZERO_MAKER,97,SNDKUSDT,0.0,US_STOCK:2026-06-18T20:00:00+00:00:2026-06-22T08:00:00+00:00
0.0,0.0,0.0,0.0,D2-C1-R3-20m,PRIMARY_ZERO_MAKER,97,SNDKUSDT,0.0,US_STOCK:2026-06-18T20:00:00+00:00:2026-06-22T08:00:00+00:00
0.0,0.0,0.0,0.0,D2-C1-R3-30m,PRIMARY_ZERO_MAKER,97,SNDKUSDT,0.0,US_STOCK:2026-06-18T20:00:00+00:00:2026-06-22T08:00:00+00:00
0.0,0.0,0.0,0.0,D2-C2-R3-10m,PRIMARY_ZERO_MAKER,97,SNDKUSDT,0.0,US_STOCK:2026-06-18T20:00:00+00:00:2026-06-22T08:00:00+00:00
0.0,0.0,0.0,0.0,D2-C2-R3-20m,PRIMARY_ZERO_MAKER,97,SNDKUSDT,0.0,US_STOCK:2026-06-18T20:00:00+00:00:2026-06-22T08:00:00+00:00
0.0,0.0,0.0,0.0,D2-C2-R3-30m,PRIMARY_ZERO_MAKER,97,SNDKUSDT,0.0,US_STOCK:2026-06-18T20:00:00+00:00:2026-06-22T08:00:00+00:00
0.0,0.0,0.0,0.0,D2-C3-R3-10m,PRIMARY_ZERO_MAKER,97,SNDKUSDT,0.0,US_STOCK:2026-06-18T20:00:00+00:00:2026-06-22T08:00:00+00:00
0.0,0.0,0.0,0.0,D2-C3-R3-20m,PRIMARY_ZERO_MAKER,97,SNDKUSDT,0.0,US_STOCK:2026-06-18T20:00:00+00:00:2026-06-22T08:00:00+00:00
0.0,0.0,0.0,0.0,D2-C3-R3-30m,PRIMARY_ZERO_MAKER,97,SNDKUSDT,0.0,US_STOCK:2026-06-18T20:00:00+00:00:2026-06-22T08:00:00+00:00
0.0,0.0,0.0,0.0,D2-C1-R3-10m,EXECUTION_STRESS,3,SNDKUSDT,0.0,US_STOCK:2026-06-18T20:00:00+00:00:2026-06-22T08:00:00+00:00
0.0,0.0,0.0,0.0,D2-C1-R3-20m,EXECUTION_STRESS,3,SNDKUSDT,0.0,US_STOCK:2026-06-18T20:00:00+00:00:2026-06-22T08:00:00+00:00
0.0,0.0,0.0,0.0,D2-C1-R3-30m,EXECUTION_STRESS,3,SNDKUSDT,0.0,US_STOCK:2026-06-18T20:00:00+00:00:2026-06-22T08:00:00+00:00
0.0,0.0,0.0,0.0,D2-C2-R3-10m,EXECUTION_STRESS,3,SNDKUSDT,0.0,US_STOCK:2026-06-18T20:00:00+00:00:2026-06-22T08:00:00+00:00
0.0,0.0,0.0,0.0,D2-C2-R3-20m,EXECUTION_STRESS,3,SNDKUSDT,0.0,US_STOCK:2026-06-18T20:00:00+00:00:2026-06-22T08:00:00+00:00
0.0,0.0,0.0,0.0,D2-C2-R3-30m,EXECUTION_STRESS,3,SNDKUSDT,0.0,US_STOCK:2026-06-18T20:00:00+00:00:2026-06-22T08:00:00+00:00
0.0,0.0,0.0,0.0,D2-C3-R3-10m,EXECUTION_STRESS,3,SNDKUSDT,0.0,US_STOCK:2026-06-18T20:00:00+00:00:2026-06-22T08:00:00+00:00
0.0,0.0,0.0,0.0,D2-C3-R3-20m,EXECUTION_STRESS,3,SNDKUSDT,0.0,US_STOCK:2026-06-18T20:00:00+00:00:2026-06-22T08:00:00+00:00
0.0,0.0,0.0,0.0,D2-C3-R3-30m,EXECUTION_STRESS,3,SNDKUSDT,0.0,US_STOCK:2026-06-18T20:00:00+00:00:2026-06-22T08:00:00+00:00
0.0,0.0,0.0,0.0,D2-C1-R3-10m,EXECUTION_STRESS,10,SNDKUSDT,0.0,US_STOCK:2026-06-18T20:00:00+00:00:2026-06-22T08:00:00+00:00
0.0,0.0,0.0,0.0,D2-C1-R3-20m,EXECUTION_STRESS,10,SNDKUSDT,0.0,US_STOCK:2026-06-18T20:00:00+00:00:2026-06-22T08:00:00+00:00
0.0,0.0,0.0,0.0,D2-C1-R3-30m,EXECUTION_STRESS,10,SNDKUSDT,0.0,US_STOCK:2026-06-18T20:00:00+00:00:2026-06-22T08:00:00+00:00
0.0,0.0,0.0,0.0,D2-C2-R3-10m,EXECUTION_STRESS,10,SNDKUSDT,0.0,US_STOCK:2026-06-18T20:00:00+00:00:2026-06-22T08:00:00+00:00
0.0,0.0,0.0,0.0,D2-C2-R3-20m,EXECUTION_STRESS,10,SNDKUSDT,0.0,US_STOCK:2026-06-18T20:00:00+00:00:2026-06-22T08:00:00+00:00
0.0,0.0,0.0,0.0,D2-C2-R3-30m,EXECUTION_STRESS,10,SNDKUSDT,0.0,US_STOCK:2026-06-18T20:00:00+00:00:2026-06-22T08:00:00+00:00
0.0,0.0,0.0,0.0,D2-C3-R3-10m,EXECUTION_STRESS,10,SNDKUSDT,0.0,US_STOCK:2026-06-18T20:00:00+00:00:2026-06-22T08:00:00+00:00
0.0,0.0,0.0,0.0,D2-C3-R3-20m,EXECUTION_STRESS,10,SNDKUSDT,0.0,US_STOCK:2026-06-18T20:00:00+00:00:2026-06-22T08:00:00+00:00
0.0,0.0,0.0,0.0,D2-C3-R3-30m,EXECUTION_STRESS,10,SNDKUSDT,0.0,US_STOCK:2026-06-18T20:00:00+00:00:2026-06-22T08:00:00+00:00
0.0,0.0,0.0,0.0,D2-C1-R3-10m,EXECUTION_STRESS,17,SNDKUSDT,0.0,US_STOCK:2026-06-18T20:00:00+00:00:2026-06-22T08:00:00+00:00
0.0,0.0,0.0,0.0,D2-C1-R3-20m,EXECUTION_STRESS,17,SNDKUSDT,0.0,US_STOCK:2026-06-18T20:00:00+00:00:2026-06-22T08:00:00+00:00
0.0,0.0,0.0,0.0,D2-C1-R3-30m,EXECUTION_STRESS,17,SNDKUSDT,0.0,US_STOCK:2026-06-18T20:00:00+00:00:2026-06-22T08:00:00+00:00
0.0,0.0,0.0,0.0,D2-C2-R3-10m,EXECUTION_STRESS,17,SNDKUSDT,0.0,US_STOCK:2026-06-18T20:00:00+00:00:2026-06-22T08:00:00+00:00
0.0,0.0,0.0,0.0,D2-C2-R3-20m,EXECUTION_STRESS,17,SNDKUSDT,0.0,US_STOCK:2026-06-18T20:00:00+00:00:2026-06-22T08:00:00+00:00
0.0,0.0,0.0,0.0,D2-C2-R3-30m,EXECUTION_STRESS,17,SNDKUSDT,0.0,US_STOCK:2026-06-18T20:00:00+00:00:2026-06-22T08:00:00+00:00
0.0,0.0,0.0,0.0,D2-C3-R3-10m,EXECUTION_STRESS,17,SNDKUSDT,0.0,US_STOCK:2026-06-18T20:00:00+00:00:2026-06-22T08:00:00+00:00
0.0,0.0,0.0,0.0,D2-C3-R3-20m,EXECUTION_STRESS,17,SNDKUSDT,0.0,US_STOCK:2026-06-18T20:00:00+00:00:2026-06-22T08:00:00+00:00
0.0,0.0,0.0,0.0,D2-C3-R3-30m,EXECUTION_STRESS,17,SNDKUSDT,0.0,US_STOCK:2026-06-18T20:00:00+00:00:2026-06-22T08:00:00+00:00
0.0,0.0,0.0,0.0,D2-C1-R3-10m,EXECUTION_STRESS,31,SNDKUSDT,0.0,US_STOCK:2026-06-18T20:00:00+00:00:2026-06-22T08:00:00+00:00
0.0,0.0,0.0,0.0,D2-C1-R3-20m,EXECUTION_STRESS,31,SNDKUSDT,0.0,US_STOCK:2026-06-18T20:00:00+00:00:2026-06-22T08:00:00+00:00
0.0,0.0,0.0,0.0,D2-C1-R3-30m,EXECUTION_STRESS,31,SNDKUSDT,0.0,US_STOCK:2026-06-18T20:00:00+00:00:2026-06-22T08:00:00+00:00
0.0,0.0,0.0,0.0,D2-C2-R3-10m,EXECUTION_STRESS,31,SNDKUSDT,0.0,US_STOCK:2026-06-18T20:00:00+00:00:2026-06-22T08:00:00+00:00
0.0,0.0,0.0,0.0,D2-C2-R3-20m,EXECUTION_STRESS,31,SNDKUSDT,0.0,US_STOCK:2026-06-18T20:00:00+00:00:2026-06-22T08:00:00+00:00
0.0,0.0,0.0,0.0,D2-C2-R3-30m,EXECUTION_STRESS,31,SNDKUSDT,0.0,US_STOCK:2026-06-18T20:00:00+00:00:2026-06-22T08:00:00+00:00
0.0,0.0,0.0,0.0,D2-C3-R3-10m,EXECUTION_STRESS,31,SNDKUSDT,0.0,US_STOCK:2026-06-18T20:00:00+00:00:2026-06-22T08:00:00+00:00
0.0,0.0,0.0,0.0,D2-C3-R3-20m,EXECUTION_STRESS,31,SNDKUSDT,0.0,US_STOCK:2026-06-18T20:00:00+00:00:2026-06-22T08:00:00+00:00
0.0,0.0,0.0,0.0,D2-C3-R3-30m,EXECUTION_STRESS,31,SNDKUSDT,0.0,US_STOCK:2026-06-18T20:00:00+00:00:2026-06-22T08:00:00+00:00
0.0,0.0,0.0,0.0,D2-C1-R3-10m,EXECUTION_STRESS,59,SNDKUSDT,0.0,US_STOCK:2026-06-18T20:00:00+00:00:2026-06-22T08:00:00+00:00
0.0,0.0,0.0,0.0,D2-C1-R3-20m,EXECUTION_STRESS,59,SNDKUSDT,0.0,US_STOCK:2026-06-18T20:00:00+00:00:2026-06-22T08:00:00+00:00
0.0,0.0,0.0,0.0,D2-C1-R3-30m,EXECUTION_STRESS,59,SNDKUSDT,0.0,US_STOCK:2026-06-18T20:00:00+00:00:2026-06-22T08:00:00+00:00
0.0,0.0,0.0,0.0,D2-C2-R3-10m,EXECUTION_STRESS,59,SNDKUSDT,0.0,US_STOCK:2026-06-18T20:00:00+00:00:2026-06-22T08:00:00+00:00
0.0,0.0,0.0,0.0,D2-C2-R3-20m,EXECUTION_STRESS,59,SNDKUSDT,0.0,US_STOCK:2026-06-18T20:00:00+00:00:2026-06-22T08:00:00+00:00
0.0,0.0,0.0,0.0,D2-C2-R3-30m,EXECUTION_STRESS,59,SNDKUSDT,0.0,US_STOCK:2026-06-18T20:00:00+00:00:2026-06-22T08:00:00+00:00
0.0,0.0,0.0,0.0,D2-C3-R3-10m,EXECUTION_STRESS,59,SNDKUSDT,0.0,US_STOCK:2026-06-18T20:00:00+00:00:2026-06-22T08:00:00+00:00
0.0,0.0,0.0,0.0,D2-C3-R3-20m,EXECUTION_STRESS,59,SNDKUSDT,0.0,US_STOCK:2026-06-18T20:00:00+00:00:2026-06-22T08:00:00+00:00
0.0,0.0,0.0,0.0,D2-C3-R3-30m,EXECUTION_STRESS,59,SNDKUSDT,0.0,US_STOCK:2026-06-18T20:00:00+00:00:2026-06-22T08:00:00+00:00
0.0,0.0,0.0,0.0,D2-C1-R3-10m,EXECUTION_STRESS,97,SNDKUSDT,0.0,US_STOCK:2026-06-18T20:00:00+00:00:2026-06-22T08:00:00+00:00
0.0,0.0,0.0,0.0,D2-C1-R3-20m,EXECUTION_STRESS,97,SNDKUSDT,0.0,US_STOCK:2026-06-18T20:00:00+00:00:2026-06-22T08:00:00+00:00
0.0,0.0,0.0,0.0,D2-C1-R3-30m,EXECUTION_STRESS,97,SNDKUSDT,0.0,US_STOCK:2026-06-18T20:00:00+00:00:2026-06-22T08:00:00+00:00
0.0,0.0,0.0,0.0,D2-C2-R3-10m,EXECUTION_STRESS,97,SNDKUSDT,0.0,US_STOCK:2026-06-18T20:00:00+00:00:2026-06-22T08:00:00+00:00
0.0,0.0,0.0,0.0,D2-C2-R3-20m,EXECUTION_STRESS,97,SNDKUSDT,0.0,US_STOCK:2026-06-18T20:00:00+00:00:2026-06-22T08:00:00+00:00
0.0,0.0,0.0,0.0,D2-C2-R3-30m,EXECUTION_STRESS,97,SNDKUSDT,0.0,US_STOCK:2026-06-18T20:00:00+00:00:2026-06-22T08:00:00+00:00
0.0,0.0,0.0,0.0,D2-C3-R3-10m,EXECUTION_STRESS,97,SNDKUSDT,0.0,US_STOCK:2026-06-18T20:00:00+00:00:2026-06-22T08:00:00+00:00
0.0,0.0,0.0,0.0,D2-C3-R3-20m,EXECUTION_STRESS,97,SNDKUSDT,0.0,US_STOCK:2026-06-18T20:00:00+00:00:2026-06-22T08:00:00+00:00
0.0,0.0,0.0,0.0,D2-C3-R3-30m,EXECUTION_STRESS,97,SNDKUSDT,0.0,US_STOCK:2026-06-18T20:00:00+00:00:2026-06-22T08:00:00+00:00
0.0,0.0,0.0,0.0,D2-C1-R3-10m,MAKER_PROMO_OFF,3,SNDKUSDT,0.0,US_STOCK:2026-06-18T20:00:00+00:00:2026-06-22T08:00:00+00:00
0.0,0.0,0.0,0.0,D2-C1-R3-20m,MAKER_PROMO_OFF,3,SNDKUSDT,0.0,US_STOCK:2026-06-18T20:00:00+00:00:2026-06-22T08:00:00+00:00
0.0,0.0,0.0,0.0,D2-C1-R3-30m,MAKER_PROMO_OFF,3,SNDKUSDT,0.0,US_STOCK:2026-06-18T20:00:00+00:00:2026-06-22T08:00:00+00:00
0.0,0.0,0.0,0.0,D2-C2-R3-10m,MAKER_PROMO_OFF,3,SNDKUSDT,0.0,US_STOCK:2026-06-18T20:00:00+00:00:2026-06-22T08:00:00+00:00
0.0,0.0,0.0,0.0,D2-C2-R3-20m,MAKER_PROMO_OFF,3,SNDKUSDT,0.0,US_STOCK:2026-06-18T20:00:00+00:00:2026-06-22T08:00:00+00:00
0.0,0.0,0.0,0.0,D2-C2-R3-30m,MAKER_PROMO_OFF,3,SNDKUSDT,0.0,US_STOCK:2026-06-18T20:00:00+00:00:2026-06-22T08:00:00+00:00
0.0,0.0,0.0,0.0,D2-C3-R3-10m,MAKER_PROMO_OFF,3,SNDKUSDT,0.0,US_STOCK:2026-06-18T20:00:00+00:00:2026-06-22T08:00:00+00:00
0.0,0.0,0.0,0.0,D2-C3-R3-20m,MAKER_PROMO_OFF,3,SNDKUSDT,0.0,US_STOCK:2026-06-18T20:00:00+00:00:2026-06-22T08:00:00+00:00
0.0,0.0,0.0,0.0,D2-C3-R3-30m,MAKER_PROMO_OFF,3,SNDKUSDT,0.0,US_STOCK:2026-06-18T20:00:00+00:00:2026-06-22T08:00:00+00:00
0.0,0.0,0.0,0.0,D2-C1-R3-10m,MAKER_PROMO_OFF,10,SNDKUSDT,0.0,US_STOCK:2026-06-18T20:00:00+00:00:2026-06-22T08:00:00+00:00
0.0,0.0,0.0,0.0,D2-C1-R3-20m,MAKER_PROMO_OFF,10,SNDKUSDT,0.0,US_STOCK:2026-06-18T20:00:00+00:00:2026-06-22T08:00:00+00:00
0.0,0.0,0.0,0.0,D2-C1-R3-30m,MAKER_PROMO_OFF,10,SNDKUSDT,0.0,US_STOCK:2026-06-18T20:00:00+00:00:2026-06-22T08:00:00+00:00
0.0,0.0,0.0,0.0,D2-C2-R3-10m,MAKER_PROMO_OFF,10,SNDKUSDT,0.0,US_STOCK:2026-06-18T20:00:00+00:00:2026-06-22T08:00:00+00:00
0.0,0.0,0.0,0.0,D2-C2-R3-20m,MAKER_PROMO_OFF,10,SNDKUSDT,0.0,US_STOCK:2026-06-18T20:00:00+00:00:2026-06-22T08:00:00+00:00
0.0,0.0,0.0,0.0,D2-C2-R3-30m,MAKER_PROMO_OFF,10,SNDKUSDT,0.0,US_STOCK:2026-06-18T20:00:00+00:00:2026-06-22T08:00:00+00:00
0.0,0.0,0.0,0.0,D2-C3-R3-10m,MAKER_PROMO_OFF,10,SNDKUSDT,0.0,US_STOCK:2026-06-18T20:00:00+00:00:2026-06-22T08:00:00+00:00
0.0,0.0,0.0,0.0,D2-C3-R3-20m,MAKER_PROMO_OFF,10,SNDKUSDT,0.0,US_STOCK:2026-06-18T20:00:00+00:00:2026-06-22T08:00:00+00:00
0.0,0.0,0.0,0.0,D2-C3-R3-30m,MAKER_PROMO_OFF,10,SNDKUSDT,0.0,US_STOCK:2026-06-18T20:00:00+00:00:2026-06-22T08:00:00+00:00
0.0,0.0,0.0,0.0,D2-C1-R3-10m,MAKER_PROMO_OFF,17,SNDKUSDT,0.0,US_STOCK:2026-06-18T20:00:00+00:00:2026-06-22T08:00:00+00:00
0.0,0.0,0.0,0.0,D2-C1-R3-20m,MAKER_PROMO_OFF,17,SNDKUSDT,0.0,US_STOCK:2026-06-18T20:00:00+00:00:2026-06-22T08:00:00+00:00
0.0,0.0,0.0,0.0,D2-C1-R3-30m,MAKER_PROMO_OFF,17,SNDKUSDT,0.0,US_STOCK:2026-06-18T20:00:00+00:00:2026-06-22T08:00:00+00:00
0.0,0.0,0.0,0.0,D2-C2-R3-10m,MAKER_PROMO_OFF,17,SNDKUSDT,0.0,US_STOCK:2026-06-18T20:00:00+00:00:2026-06-22T08:00:00+00:00
0.0,0.0,0.0,0.0,D2-C2-R3-20m,MAKER_PROMO_OFF,17,SNDKUSDT,0.0,US_STOCK:2026-06-18T20:00:00+00:00:2026-06-22T08:00:00+00:00
0.0,0.0,0.0,0.0,D2-C2-R3-30m,MAKER_PROMO_OFF,17,SNDKUSDT,0.0,US_STOCK:2026-06-18T20:00:00+00:00:2026-06-22T08:00:00+00:00
0.0,0.0,0.0,0.0,D2-C3-R3-10m,MAKER_PROMO_OFF,17,SNDKUSDT,0.0,US_STOCK:2026-06-18T20:00:00+00:00:2026-06-22T08:00:00+00:00
0.0,0.0,0.0,0.0,D2-C3-R3-20m,MAKER_PROMO_OFF,17,SNDKUSDT,0.0,US_STOCK:2026-06-18T20:00:00+00:00:2026-06-22T08:00:00+00:00
0.0,0.0,0.0,0.0,D2-C3-R3-30m,MAKER_PROMO_OFF,17,SNDKUSDT,0.0,US_STOCK:2026-06-18T20:00:00+00:00:2026-06-22T08:00:00+00:00
0.0,0.0,0.0,0.0,D2-C1-R3-10m,MAKER_PROMO_OFF,31,SNDKUSDT,0.0,US_STOCK:2026-06-18T20:00:00+00:00:2026-06-22T08:00:00+00:00
0.0,0.0,0.0,0.0,D2-C1-R3-20m,MAKER_PROMO_OFF,31,SNDKUSDT,0.0,US_STOCK:2026-06-18T20:00:00+00:00:2026-06-22T08:00:00+00:00
0.0,0.0,0.0,0.0,D2-C1-R3-30m,MAKER_PROMO_OFF,31,SNDKUSDT,0.0,US_STOCK:2026-06-18T20:00:00+00:00:2026-06-22T08:00:00+00:00
0.0,0.0,0.0,0.0,D2-C2-R3-10m,MAKER_PROMO_OFF,31,SNDKUSDT,0.0,US_STOCK:2026-06-18T20:00:00+00:00:2026-06-22T08:00:00+00:00
0.0,0.0,0.0,0.0,D2-C2-R3-20m,MAKER_PROMO_OFF,31,SNDKUSDT,0.0,US_STOCK:2026-06-18T20:00:00+00:00:2026-06-22T08:00:00+00:00
0.0,0.0,0.0,0.0,D2-C2-R3-30m,MAKER_PROMO_OFF,31,SNDKUSDT,0.0,US_STOCK:2026-06-18T20:00:00+00:00:2026-06-22T08:00:00+00:00
0.0,0.0,0.0,0.0,D2-C3-R3-10m,MAKER_PROMO_OFF,31,SNDKUSDT,0.0,US_STOCK:2026-06-18T20:00:00+00:00:2026-06-22T08:00:00+00:00
0.0,0.0,0.0,0.0,D2-C3-R3-20m,MAKER_PROMO_OFF,31,SNDKUSDT,0.0,US_STOCK:2026-06-18T20:00:00+00:00:2026-06-22T08:00:00+00:00
0.0,0.0,0.0,0.0,D2-C3-R3-30m,MAKER_PROMO_OFF,31,SNDKUSDT,0.0,US_STOCK:2026-06-18T20:00:00+00:00:2026-06-22T08:00:00+00:00
0.0,0.0,0.0,0.0,D2-C1-R3-10m,MAKER_PROMO_OFF,59,SNDKUSDT,0.0,US_STOCK:2026-06-18T20:00:00+00:00:2026-06-22T08:00:00+00:00
0.0,0.0,0.0,0.0,D2-C1-R3-20m,MAKER_PROMO_OFF,59,SNDKUSDT,0.0,US_STOCK:2026-06-18T20:00:00+00:00:2026-06-22T08:00:00+00:00
0.0,0.0,0.0,0.0,D2-C1-R3-30m,MAKER_PROMO_OFF,59,SNDKUSDT,0.0,US_STOCK:2026-06-18T20:00:00+00:00:2026-06-22T08:00:00+00:00
0.0,0.0,0.0,0.0,D2-C2-R3-10m,MAKER_PROMO_OFF,59,SNDKUSDT,0.0,US_STOCK:2026-06-18T20:00:00+00:00:2026-06-22T08:00:00+00:00
0.0,0.0,0.0,0.0,D2-C2-R3-20m,MAKER_PROMO_OFF,59,SNDKUSDT,0.0,US_STOCK:2026-06-18T20:00:00+00:00:2026-06-22T08:00:00+00:00
0.0,0.0,0.0,0.0,D2-C2-R3-30m,MAKER_PROMO_OFF,59,SNDKUSDT,0.0,US_STOCK:2026-06-18T20:00:00+00:00:2026-06-22T08:00:00+00:00
0.0,0.0,0.0,0.0,D2-C3-R3-10m,MAKER_PROMO_OFF,59,SNDKUSDT,0.0,US_STOCK:2026-06-18T20:00:00+00:00:2026-06-22T08:00:00+00:00
0.0,0.0,0.0,0.0,D2-C3-R3-20m,MAKER_PROMO_OFF,59,SNDKUSDT,0.0,US_STOCK:2026-06-18T20:00:00+00:00:2026-06-22T08:00:00+00:00
0.0,0.0,0.0,0.0,D2-C3-R3-30m,MAKER_PROMO_OFF,59,SNDKUSDT,0.0,US_STOCK:2026-06-18T20:00:00+00:00:2026-06-22T08:00:00+00:00
0.0,0.0,0.0,0.0,D2-C1-R3-10m,MAKER_PROMO_OFF,97,SNDKUSDT,0.0,US_STOCK:2026-06-18T20:00:00+00:00:2026-06-22T08:00:00+00:00
0.0,0.0,0.0,0.0,D2-C1-R3-20m,MAKER_PROMO_OFF,97,SNDKUSDT,0.0,US_STOCK:2026-06-18T20:00:00+00:00:2026-06-22T08:00:00+00:00
0.0,0.0,0.0,0.0,D2-C1-R3-30m,MAKER_PROMO_OFF,97,SNDKUSDT,0.0,US_STOCK:2026-06-18T20:00:00+00:00:2026-06-22T08:00:00+00:00
0.0,0.0,0.0,0.0,D2-C2-R3-10m,MAKER_PROMO_OFF,97,SNDKUSDT,0.0,US_STOCK:2026-06-18T20:00:00+00:00:2026-06-22T08:00:00+00:00
0.0,0.0,0.0,0.0,D2-C2-R3-20m,MAKER_PROMO_OFF,97,SNDKUSDT,0.0,US_STOCK:2026-06-18T20:00:00+00:00:2026-06-22T08:00:00+00:00
0.0,0.0,0.0,0.0,D2-C2-R3-30m,MAKER_PROMO_OFF,97,SNDKUSDT,0.0,US_STOCK:2026-06-18T20:00:00+00:00:2026-06-22T08:00:00+00:00
0.0,0.0,0.0,0.0,D2-C3-R3-10m,MAKER_PROMO_OFF,97,SNDKUSDT,0.0,US_STOCK:2026-06-18T20:00:00+00:00:2026-06-22T08:00:00+00:00
0.0,0.0,0.0,0.0,D2-C3-R3-20m,MAKER_PROMO_OFF,97,SNDKUSDT,0.0,US_STOCK:2026-06-18T20:00:00+00:00:2026-06-22T08:00:00+00:00
0.0,0.0,0.0,0.0,D2-C3-R3-30m,MAKER_PROMO_OFF,97,SNDKUSDT,0.0,US_STOCK:2026-06-18T20:00:00+00:00:2026-06-22T08:00:00+00:00
0.0,0.0,0.0,0.0,D2-C1-R3-10m,PRIMARY_ZERO_MAKER,3,MUUSDT,0.0,US_STOCK:2026-05-08T20:00:00+00:00:2026-05-11T08:00:00+00:00
0.0,0.0,0.0,0.0,D2-C1-R3-20m,PRIMARY_ZERO_MAKER,3,MUUSDT,0.0,US_STOCK:2026-05-08T20:00:00+00:00:2026-05-11T08:00:00+00:00
0.0,0.0,0.0,0.0,D2-C1-R3-30m,PRIMARY_ZERO_MAKER,3,MUUSDT,0.0,US_STOCK:2026-05-08T20:00:00+00:00:2026-05-11T08:00:00+00:00
0.0,0.0,0.0,0.0,D2-C2-R3-10m,PRIMARY_ZERO_MAKER,3,MUUSDT,0.0,US_STOCK:2026-05-08T20:00:00+00:00:2026-05-11T08:00:00+00:00
0.0,0.0,0.0,0.0,D2-C2-R3-20m,PRIMARY_ZERO_MAKER,3,MUUSDT,0.0,US_STOCK:2026-05-08T20:00:00+00:00:2026-05-11T08:00:00+00:00
0.0,0.0,0.0,0.0,D2-C2-R3-30m,PRIMARY_ZERO_MAKER,3,MUUSDT,0.0,US_STOCK:2026-05-08T20:00:00+00:00:2026-05-11T08:00:00+00:00
0.0,0.0,0.0,0.0,D2-C3-R3-10m,PRIMARY_ZERO_MAKER,3,MUUSDT,0.0,US_STOCK:2026-05-08T20:00:00+00:00:2026-05-11T08:00:00+00:00
0.0,0.0,0.0,0.0,D2-C3-R3-20m,PRIMARY_ZERO_MAKER,3,MUUSDT,0.0,US_STOCK:2026-05-08T20:00:00+00:00:2026-05-11T08:00:00+00:00
0.0,0.0,0.0,0.0,D2-C3-R3-30m,PRIMARY_ZERO_MAKER,3,MUUSDT,0.0,US_STOCK:2026-05-08T20:00:00+00:00:2026-05-11T08:00:00+00:00
0.0,0.0,0.0,0.0,D2-C1-R3-10m,PRIMARY_ZERO_MAKER,10,MUUSDT,0.0,US_STOCK:2026-05-08T20:00:00+00:00:2026-05-11T08:00:00+00:00
0.0,0.0,0.0,0.0,D2-C1-R3-20m,PRIMARY_ZERO_MAKER,10,MUUSDT,0.0,US_STOCK:2026-05-08T20:00:00+00:00:2026-05-11T08:00:00+00:00
0.0,0.0,0.0,0.0,D2-C1-R3-30m,PRIMARY_ZERO_MAKER,10,MUUSDT,0.0,US_STOCK:2026-05-08T20:00:00+00:00:2026-05-11T08:00:00+00:00
0.0,0.0,0.0,0.0,D2-C2-R3-10m,PRIMARY_ZERO_MAKER,10,MUUSDT,0.0,US_STOCK:2026-05-08T20:00:00+00:00:2026-05-11T08:00:00+00:00
0.0,0.0,0.0,0.0,D2-C2-R3-20m,PRIMARY_ZERO_MAKER,10,MUUSDT,0.0,US_STOCK:2026-05-08T20:00:00+00:00:2026-05-11T08:00:00+00:00
0.0,0.0,0.0,0.0,D2-C2-R3-30m,PRIMARY_ZERO_MAKER,10,MUUSDT,0.0,US_STOCK:2026-05-08T20:00:00+00:00:2026-05-11T08:00:00+00:00
0.0,0.0,0.0,0.0,D2-C3-R3-10m,PRIMARY_ZERO_MAKER,10,MUUSDT,0.0,US_STOCK:2026-05-08T20:00:00+00:00:2026-05-11T08:00:00+00:00
0.0,0.0,0.0,0.0,D2-C3-R3-20m,PRIMARY_ZERO_MAKER,10,MUUSDT,0.0,US_STOCK:2026-05-08T20:00:00+00:00:2026-05-11T08:00:00+00:00
0.0,0.0,0.0,0.0,D2-C3-R3-30m,PRIMARY_ZERO_MAKER,10,MUUSDT,0.0,US_STOCK:2026-05-08T20:00:00+00:00:2026-05-11T08:00:00+00:00
0.0,0.0,0.0,0.0,D2-C1-R3-10m,PRIMARY_ZERO_MAKER,17,MUUSDT,0.0,US_STOCK:2026-05-08T20:00:00+00:00:2026-05-11T08:00:00+00:00
0.0,0.0,0.0,0.0,D2-C1-R3-20m,PRIMARY_ZERO_MAKER,17,MUUSDT,0.0,US_STOCK:2026-05-08T20:00:00+00:00:2026-05-11T08:00:00+00:00
0.0,0.0,0.0,0.0,D2-C1-R3-30m,PRIMARY_ZERO_MAKER,17,MUUSDT,0.0,US_STOCK:2026-05-08T20:00:00+00:00:2026-05-11T08:00:00+00:00
0.0,0.0,0.0,0.0,D2-C2-R3-10m,PRIMARY_ZERO_MAKER,17,MUUSDT,0.0,US_STOCK:2026-05-08T20:00:00+00:00:2026-05-11T08:00:00+00:00
0.0,0.0,0.0,0.0,D2-C2-R3-20m,PRIMARY_ZERO_MAKER,17,MUUSDT,0.0,US_STOCK:2026-05-08T20:00:00+00:00:2026-05-11T08:00:00+00:00
0.0,0.0,0.0,0.0,D2-C2-R3-30m,PRIMARY_ZERO_MAKER,17,MUUSDT,0.0,US_STOCK:2026-05-08T20:00:00+00:00:2026-05-11T08:00:00+00:00
0.0,0.0,0.0,0.0,D2-C3-R3-10m,PRIMARY_ZERO_MAKER,17,MUUSDT,0.0,US_STOCK:2026-05-08T20:00:00+00:00:2026-05-11T08:00:00+00:00
0.0,0.0,0.0,0.0,D2-C3-R3-20m,PRIMARY_ZERO_MAKER,17,MUUSDT,0.0,US_STOCK:2026-05-08T20:00:00+00:00:2026-05-11T08:00:00+00:00
0.0,0.0,0.0,0.0,D2-C3-R3-30m,PRIMARY_ZERO_MAKER,17,MUUSDT,0.0,US_STOCK:2026-05-08T20:00:00+00:00:2026-05-11T08:00:00+00:00
0.0,0.0,0.0,0.0,D2-C1-R3-10m,PRIMARY_ZERO_MAKER,31,MUUSDT,0.0,US_STOCK:2026-05-08T20:00:00+00:00:2026-05-11T08:00:00+00:00
0.0,0.0,0.0,0.0,D2-C1-R3-20m,PRIMARY_ZERO_MAKER,31,MUUSDT,0.0,US_STOCK:2026-05-08T20:00:00+00:00:2026-05-11T08:00:00+00:00
0.0,0.0,0.0,0.0,D2-C1-R3-30m,PRIMARY_ZERO_MAKER,31,MUUSDT,0.0,US_STOCK:2026-05-08T20:00:00+00:00:2026-05-11T08:00:00+00:00
0.0,0.0,0.0,0.0,D2-C2-R3-10m,PRIMARY_ZERO_MAKER,31,MUUSDT,0.0,US_STOCK:2026-05-08T20:00:00+00:00:2026-05-11T08:00:00+00:00
0.0,0.0,0.0,0.0,D2-C2-R3-20m,PRIMARY_ZERO_MAKER,31,MUUSDT,0.0,US_STOCK:2026-05-08T20:00:00+00:00:2026-05-11T08:00:00+00:00
0.0,0.0,0.0,0.0,D2-C2-R3-30m,PRIMARY_ZERO_MAKER,31,MUUSDT,0.0,US_STOCK:2026-05-08T20:00:00+00:00:2026-05-11T08:00:00+00:00
0.0,0.0,0.0,0.0,D2-C3-R3-10m,PRIMARY_ZERO_MAKER,31,MUUSDT,0.0,US_STOCK:2026-05-08T20:00:00+00:00:2026-05-11T08:00:00+00:00
0.0,0.0,0.0,0.0,D2-C3-R3-20m,PRIMARY_ZERO_MAKER,31,MUUSDT,0.0,US_STOCK:2026-05-08T20:00:00+00:00:2026-05-11T08:00:00+00:00
0.0,0.0,0.0,0.0,D2-C3-R3-30m,PRIMARY_ZERO_MAKER,31,MUUSDT,0.0,US_STOCK:2026-05-08T20:00:00+00:00:2026-05-11T08:00:00+00:00
0.0,0.0,0.0,0.0,D2-C1-R3-10m,PRIMARY_ZERO_MAKER,59,MUUSDT,0.0,US_STOCK:2026-05-08T20:00:00+00:00:2026-05-11T08:00:00+00:00
0.0,0.0,0.0,0.0,D2-C1-R3-20m,PRIMARY_ZERO_MAKER,59,MUUSDT,0.0,US_STOCK:2026-05-08T20:00:00+00:00:2026-05-11T08:00:00+00:00
0.0,0.0,0.0,0.0,D2-C1-R3-30m,PRIMARY_ZERO_MAKER,59,MUUSDT,0.0,US_STOCK:2026-05-08T20:00:00+00:00:2026-05-11T08:00:00+00:00
0.0,0.0,0.0,0.0,D2-C2-R3-10m,PRIMARY_ZERO_MAKER,59,MUUSDT,0.0,US_STOCK:2026-05-08T20:00:00+00:00:2026-05-11T08:00:00+00:00
0.0,0.0,0.0,0.0,D2-C2-R3-20m,PRIMARY_ZERO_MAKER,59,MUUSDT,0.0,US_STOCK:2026-05-08T20:00:00+00:00:2026-05-11T08:00:00+00:00
0.0,0.0,0.0,0.0,D2-C2-R3-30m,PRIMARY_ZERO_MAKER,59,MUUSDT,0.0,US_STOCK:2026-05-08T20:00:00+00:00:2026-05-11T08:00:00+00:00
0.0,0.0,0.0,0.0,D2-C3-R3-10m,PRIMARY_ZERO_MAKER,59,MUUSDT,0.0,US_STOCK:2026-05-08T20:00:00+00:00:2026-05-11T08:00:00+00:00
0.0,0.0,0.0,0.0,D2-C3-R3-20m,PRIMARY_ZERO_MAKER,59,MUUSDT,0.0,US_STOCK:2026-05-08T20:00:00+00:00:2026-05-11T08:00:00+00:00
0.0,0.0,0.0,0.0,D2-C3-R3-30m,PRIMARY_ZERO_MAKER,59,MUUSDT,0.0,US_STOCK:2026-05-08T20:00:00+00:00:2026-05-11T08:00:00+00:00
0.0,0.0,0.0,0.0,D2-C1-R3-10m,PRIMARY_ZERO_MAKER,97,MUUSDT,0.0,US_STOCK:2026-05-08T20:00:00+00:00:2026-05-11T08:00:00+00:00
0.0,0.0,0.0,0.0,D2-C1-R3-20m,PRIMARY_ZERO_MAKER,97,MUUSDT,0.0,US_STOCK:2026-05-08T20:00:00+00:00:2026-05-11T08:00:00+00:00
0.0,0.0,0.0,0.0,D2-C1-R3-30m,PRIMARY_ZERO_MAKER,97,MUUSDT,0.0,US_STOCK:2026-05-08T20:00:00+00:00:2026-05-11T08:00:00+00:00
0.0,0.0,0.0,0.0,D2-C2-R3-10m,PRIMARY_ZERO_MAKER,97,MUUSDT,0.0,US_STOCK:2026-05-08T20:00:00+00:00:2026-05-11T08:00:00+00:00
0.0,0.0,0.0,0.0,D2-C2-R3-20m,PRIMARY_ZERO_MAKER,97,MUUSDT,0.0,US_STOCK:2026-05-08T20:00:00+00:00:2026-05-11T08:00:00+00:00
0.0,0.0,0.0,0.0,D2-C2-R3-30m,PRIMARY_ZERO_MAKER,97,MUUSDT,0.0,US_STOCK:2026-05-08T20:00:00+00:00:2026-05-11T08:00:00+00:00
0.0,0.0,0.0,0.0,D2-C3-R3-10m,PRIMARY_ZERO_MAKER,97,MUUSDT,0.0,US_STOCK:2026-05-08T20:00:00+00:00:2026-05-11T08:00:00+00:00
0.0,0.0,0.0,0.0,D2-C3-R3-20m,PRIMARY_ZERO_MAKER,97,MUUSDT,0.0,US_STOCK:2026-05-08T20:00:00+00:00:2026-05-11T08:00:00+00:00
0.0,0.0,0.0,0.0,D2-C3-R3-30m,PRIMARY_ZERO_MAKER,97,MUUSDT,0.0,US_STOCK:2026-05-08T20:00:00+00:00:2026-05-11T08:00:00+00:00
0.0,0.0,0.0,0.0,D2-C1-R3-10m,EXECUTION_STRESS,3,MUUSDT,0.0,US_STOCK:2026-05-08T20:00:00+00:00:2026-05-11T08:00:00+00:00
0.0,0.0,0.0,0.0,D2-C1-R3-20m,EXECUTION_STRESS,3,MUUSDT,0.0,US_STOCK:2026-05-08T20:00:00+00:00:2026-05-11T08:00:00+00:00
0.0,0.0,0.0,0.0,D2-C1-R3-30m,EXECUTION_STRESS,3,MUUSDT,0.0,US_STOCK:2026-05-08T20:00:00+00:00:2026-05-11T08:00:00+00:00
0.0,0.0,0.0,0.0,D2-C2-R3-10m,EXECUTION_STRESS,3,MUUSDT,0.0,US_STOCK:2026-05-08T20:00:00+00:00:2026-05-11T08:00:00+00:00
0.0,0.0,0.0,0.0,D2-C2-R3-20m,EXECUTION_STRESS,3,MUUSDT,0.0,US_STOCK:2026-05-08T20:00:00+00:00:2026-05-11T08:00:00+00:00
0.0,0.0,0.0,0.0,D2-C2-R3-30m,EXECUTION_STRESS,3,MUUSDT,0.0,US_STOCK:2026-05-08T20:00:00+00:00:2026-05-11T08:00:00+00:00
0.0,0.0,0.0,0.0,D2-C3-R3-10m,EXECUTION_STRESS,3,MUUSDT,0.0,US_STOCK:2026-05-08T20:00:00+00:00:2026-05-11T08:00:00+00:00
0.0,0.0,0.0,0.0,D2-C3-R3-20m,EXECUTION_STRESS,3,MUUSDT,0.0,US_STOCK:2026-05-08T20:00:00+00:00:2026-05-11T08:00:00+00:00
0.0,0.0,0.0,0.0,D2-C3-R3-30m,EXECUTION_STRESS,3,MUUSDT,0.0,US_STOCK:2026-05-08T20:00:00+00:00:2026-05-11T08:00:00+00:00
0.0,0.0,0.0,0.0,D2-C1-R3-10m,EXECUTION_STRESS,10,MUUSDT,0.0,US_STOCK:2026-05-08T20:00:00+00:00:2026-05-11T08:00:00+00:00
0.0,0.0,0.0,0.0,D2-C1-R3-20m,EXECUTION_STRESS,10,MUUSDT,0.0,US_STOCK:2026-05-08T20:00:00+00:00:2026-05-11T08:00:00+00:00
0.0,0.0,0.0,0.0,D2-C1-R3-30m,EXECUTION_STRESS,10,MUUSDT,0.0,US_STOCK:2026-05-08T20:00:00+00:00:2026-05-11T08:00:00+00:00
0.0,0.0,0.0,0.0,D2-C2-R3-10m,EXECUTION_STRESS,10,MUUSDT,0.0,US_STOCK:2026-05-08T20:00:00+00:00:2026-05-11T08:00:00+00:00
0.0,0.0,0.0,0.0,D2-C2-R3-20m,EXECUTION_STRESS,10,MUUSDT,0.0,US_STOCK:2026-05-08T20:00:00+00:00:2026-05-11T08:00:00+00:00
0.0,0.0,0.0,0.0,D2-C2-R3-30m,EXECUTION_STRESS,10,MUUSDT,0.0,US_STOCK:2026-05-08T20:00:00+00:00:2026-05-11T08:00:00+00:00
0.0,0.0,0.0,0.0,D2-C3-R3-10m,EXECUTION_STRESS,10,MUUSDT,0.0,US_STOCK:2026-05-08T20:00:00+00:00:2026-05-11T08:00:00+00:00
0.0,0.0,0.0,0.0,D2-C3-R3-20m,EXECUTION_STRESS,10,MUUSDT,0.0,US_STOCK:2026-05-08T20:00:00+00:00:2026-05-11T08:00:00+00:00
0.0,0.0,0.0,0.0,D2-C3-R3-30m,EXECUTION_STRESS,10,MUUSDT,0.0,US_STOCK:2026-05-08T20:00:00+00:00:2026-05-11T08:00:00+00:00
0.0,0.0,0.0,0.0,D2-C1-R3-10m,EXECUTION_STRESS,17,MUUSDT,0.0,US_STOCK:2026-05-08T20:00:00+00:00:2026-05-11T08:00:00+00:00
0.0,0.0,0.0,0.0,D2-C1-R3-20m,EXECUTION_STRESS,17,MUUSDT,0.0,US_STOCK:2026-05-08T20:00:00+00:00:2026-05-11T08:00:00+00:00
0.0,0.0,0.0,0.0,D2-C1-R3-30m,EXECUTION_STRESS,17,MUUSDT,0.0,US_STOCK:2026-05-08T20:00:00+00:00:2026-05-11T08:00:00+00:00
0.0,0.0,0.0,0.0,D2-C2-R3-10m,EXECUTION_STRESS,17,MUUSDT,0.0,US_STOCK:2026-05-08T20:00:00+00:00:2026-05-11T08:00:00+00:00
0.0,0.0,0.0,0.0,D2-C2-R3-20m,EXECUTION_STRESS,17,MUUSDT,0.0,US_STOCK:2026-05-08T20:00:00+00:00:2026-05-11T08:00:00+00:00
0.0,0.0,0.0,0.0,D2-C2-R3-30m,EXECUTION_STRESS,17,MUUSDT,0.0,US_STOCK:2026-05-08T20:00:00+00:00:2026-05-11T08:00:00+00:00
0.0,0.0,0.0,0.0,D2-C3-R3-10m,EXECUTION_STRESS,17,MUUSDT,0.0,US_STOCK:2026-05-08T20:00:00+00:00:2026-05-11T08:00:00+00:00
0.0,0.0,0.0,0.0,D2-C3-R3-20m,EXECUTION_STRESS,17,MUUSDT,0.0,US_STOCK:2026-05-08T20:00:00+00:00:2026-05-11T08:00:00+00:00
0.0,0.0,0.0,0.0,D2-C3-R3-30m,EXECUTION_STRESS,17,MUUSDT,0.0,US_STOCK:2026-05-08T20:00:00+00:00:2026-05-11T08:00:00+00:00
0.0,0.0,0.0,0.0,D2-C1-R3-10m,EXECUTION_STRESS,31,MUUSDT,0.0,US_STOCK:2026-05-08T20:00:00+00:00:2026-05-11T08:00:00+00:00
0.0,0.0,0.0,0.0,D2-C1-R3-20m,EXECUTION_STRESS,31,MUUSDT,0.0,US_STOCK:2026-05-08T20:00:00+00:00:2026-05-11T08:00:00+00:00
0.0,0.0,0.0,0.0,D2-C1-R3-30m,EXECUTION_STRESS,31,MUUSDT,0.0,US_STOCK:2026-05-08T20:00:00+00:00:2026-05-11T08:00:00+00:00
0.0,0.0,0.0,0.0,D2-C2-R3-10m,EXECUTION_STRESS,31,MUUSDT,0.0,US_STOCK:2026-05-08T20:00:00+00:00:2026-05-11T08:00:00+00:00
0.0,0.0,0.0,0.0,D2-C2-R3-20m,EXECUTION_STRESS,31,MUUSDT,0.0,US_STOCK:2026-05-08T20:00:00+00:00:2026-05-11T08:00:00+00:00
0.0,0.0,0.0,0.0,D2-C2-R3-30m,EXECUTION_STRESS,31,MUUSDT,0.0,US_STOCK:2026-05-08T20:00:00+00:00:2026-05-11T08:00:00+00:00
0.0,0.0,0.0,0.0,D2-C3-R3-10m,EXECUTION_STRESS,31,MUUSDT,0.0,US_STOCK:2026-05-08T20:00:00+00:00:2026-05-11T08:00:00+00:00
0.0,0.0,0.0,0.0,D2-C3-R3-20m,EXECUTION_STRESS,31,MUUSDT,0.0,US_STOCK:2026-05-08T20:00:00+00:00:2026-05-11T08:00:00+00:00
0.0,0.0,0.0,0.0,D2-C3-R3-30m,EXECUTION_STRESS,31,MUUSDT,0.0,US_STOCK:2026-05-08T20:00:00+00:00:2026-05-11T08:00:00+00:00
0.0,0.0,0.0,0.0,D2-C1-R3-10m,EXECUTION_STRESS,59,MUUSDT,0.0,US_STOCK:2026-05-08T20:00:00+00:00:2026-05-11T08:00:00+00:00
0.0,0.0,0.0,0.0,D2-C1-R3-20m,EXECUTION_STRESS,59,MUUSDT,0.0,US_STOCK:2026-05-08T20:00:00+00:00:2026-05-11T08:00:00+00:00
0.0,0.0,0.0,0.0,D2-C1-R3-30m,EXECUTION_STRESS,59,MUUSDT,0.0,US_STOCK:2026-05-08T20:00:00+00:00:2026-05-11T08:00:00+00:00
0.0,0.0,0.0,0.0,D2-C2-R3-10m,EXECUTION_STRESS,59,MUUSDT,0.0,US_STOCK:2026-05-08T20:00:00+00:00:2026-05-11T08:00:00+00:00
0.0,0.0,0.0,0.0,D2-C2-R3-20m,EXECUTION_STRESS,59,MUUSDT,0.0,US_STOCK:2026-05-08T20:00:00+00:00:2026-05-11T08:00:00+00:00
0.0,0.0,0.0,0.0,D2-C2-R3-30m,EXECUTION_STRESS,59,MUUSDT,0.0,US_STOCK:2026-05-08T20:00:00+00:00:2026-05-11T08:00:00+00:00
0.0,0.0,0.0,0.0,D2-C3-R3-10m,EXECUTION_STRESS,59,MUUSDT,0.0,US_STOCK:2026-05-08T20:00:00+00:00:2026-05-11T08:00:00+00:00
0.0,0.0,0.0,0.0,D2-C3-R3-20m,EXECUTION_STRESS,59,MUUSDT,0.0,US_STOCK:2026-05-08T20:00:00+00:00:2026-05-11T08:00:00+00:00
0.0,0.0,0.0,0.0,D2-C3-R3-30m,EXECUTION_STRESS,59,MUUSDT,0.0,US_STOCK:2026-05-08T20:00:00+00:00:2026-05-11T08:00:00+00:00
0.0,0.0,0.0,0.0,D2-C1-R3-10m,EXECUTION_STRESS,97,MUUSDT,0.0,US_STOCK:2026-05-08T20:00:00+00:00:2026-05-11T08:00:00+00:00
0.0,0.0,0.0,0.0,D2-C1-R3-20m,EXECUTION_STRESS,97,MUUSDT,0.0,US_STOCK:2026-05-08T20:00:00+00:00:2026-05-11T08:00:00+00:00
0.0,0.0,0.0,0.0,D2-C1-R3-30m,EXECUTION_STRESS,97,MUUSDT,0.0,US_STOCK:2026-05-08T20:00:00+00:00:2026-05-11T08:00:00+00:00
0.0,0.0,0.0,0.0,D2-C2-R3-10m,EXECUTION_STRESS,97,MUUSDT,0.0,US_STOCK:2026-05-08T20:00:00+00:00:2026-05-11T08:00:00+00:00
0.0,0.0,0.0,0.0,D2-C2-R3-20m,EXECUTION_STRESS,97,MUUSDT,0.0,US_STOCK:2026-05-08T20:00:00+00:00:2026-05-11T08:00:00+00:00
0.0,0.0,0.0,0.0,D2-C2-R3-30m,EXECUTION_STRESS,97,MUUSDT,0.0,US_STOCK:2026-05-08T20:00:00+00:00:2026-05-11T08:00:00+00:00
0.0,0.0,0.0,0.0,D2-C3-R3-10m,EXECUTION_STRESS,97,MUUSDT,0.0,US_STOCK:2026-05-08T20:00:00+00:00:2026-05-11T08:00:00+00:00
0.0,0.0,0.0,0.0,D2-C3-R3-20m,EXECUTION_STRESS,97,MUUSDT,0.0,US_STOCK:2026-05-08T20:00:00+00:00:2026-05-11T08:00:00+00:00
0.0,0.0,0.0,0.0,D2-C3-R3-30m,EXECUTION_STRESS,97,MUUSDT,0.0,US_STOCK:2026-05-08T20:00:00+00:00:2026-05-11T08:00:00+00:00
0.0,0.0,0.0,0.0,D2-C1-R3-10m,MAKER_PROMO_OFF,3,MUUSDT,0.0,US_STOCK:2026-05-08T20:00:00+00:00:2026-05-11T08:00:00+00:00
0.0,0.0,0.0,0.0,D2-C1-R3-20m,MAKER_PROMO_OFF,3,MUUSDT,0.0,US_STOCK:2026-05-08T20:00:00+00:00:2026-05-11T08:00:00+00:00
0.0,0.0,0.0,0.0,D2-C1-R3-30m,MAKER_PROMO_OFF,3,MUUSDT,0.0,US_STOCK:2026-05-08T20:00:00+00:00:2026-05-11T08:00:00+00:00
0.0,0.0,0.0,0.0,D2-C2-R3-10m,MAKER_PROMO_OFF,3,MUUSDT,0.0,US_STOCK:2026-05-08T20:00:00+00:00:2026-05-11T08:00:00+00:00
0.0,0.0,0.0,0.0,D2-C2-R3-20m,MAKER_PROMO_OFF,3,MUUSDT,0.0,US_STOCK:2026-05-08T20:00:00+00:00:2026-05-11T08:00:00+00:00
0.0,0.0,0.0,0.0,D2-C2-R3-30m,MAKER_PROMO_OFF,3,MUUSDT,0.0,US_STOCK:2026-05-08T20:00:00+00:00:2026-05-11T08:00:00+00:00
0.0,0.0,0.0,0.0,D2-C3-R3-10m,MAKER_PROMO_OFF,3,MUUSDT,0.0,US_STOCK:2026-05-08T20:00:00+00:00:2026-05-11T08:00:00+00:00
0.0,0.0,0.0,0.0,D2-C3-R3-20m,MAKER_PROMO_OFF,3,MUUSDT,0.0,US_STOCK:2026-05-08T20:00:00+00:00:2026-05-11T08:00:00+00:00
0.0,0.0,0.0,0.0,D2-C3-R3-30m,MAKER_PROMO_OFF,3,MUUSDT,0.0,US_STOCK:2026-05-08T20:00:00+00:00:2026-05-11T08:00:00+00:00
0.0,0.0,0.0,0.0,D2-C1-R3-10m,MAKER_PROMO_OFF,10,MUUSDT,0.0,US_STOCK:2026-05-08T20:00:00+00:00:2026-05-11T08:00:00+00:00
0.0,0.0,0.0,0.0,D2-C1-R3-20m,MAKER_PROMO_OFF,10,MUUSDT,0.0,US_STOCK:2026-05-08T20:00:00+00:00:2026-05-11T08:00:00+00:00
0.0,0.0,0.0,0.0,D2-C1-R3-30m,MAKER_PROMO_OFF,10,MUUSDT,0.0,US_STOCK:2026-05-08T20:00:00+00:00:2026-05-11T08:00:00+00:00
0.0,0.0,0.0,0.0,D2-C2-R3-10m,MAKER_PROMO_OFF,10,MUUSDT,0.0,US_STOCK:2026-05-08T20:00:00+00:00:2026-05-11T08:00:00+00:00
0.0,0.0,0.0,0.0,D2-C2-R3-20m,MAKER_PROMO_OFF,10,MUUSDT,0.0,US_STOCK:2026-05-08T20:00:00+00:00:2026-05-11T08:00:00+00:00
0.0,0.0,0.0,0.0,D2-C2-R3-30m,MAKER_PROMO_OFF,10,MUUSDT,0.0,US_STOCK:2026-05-08T20:00:00+00:00:2026-05-11T08:00:00+00:00
0.0,0.0,0.0,0.0,D2-C3-R3-10m,MAKER_PROMO_OFF,10,MUUSDT,0.0,US_STOCK:2026-05-08T20:00:00+00:00:2026-05-11T08:00:00+00:00
0.0,0.0,0.0,0.0,D2-C3-R3-20m,MAKER_PROMO_OFF,10,MUUSDT,0.0,US_STOCK:2026-05-08T20:00:00+00:00:2026-05-11T08:00:00+00:00
0.0,0.0,0.0,0.0,D2-C3-R3-30m,MAKER_PROMO_OFF,10,MUUSDT,0.0,US_STOCK:2026-05-08T20:00:00+00:00:2026-05-11T08:00:00+00:00
0.0,0.0,0.0,0.0,D2-C1-R3-10m,MAKER_PROMO_OFF,17,MUUSDT,0.0,US_STOCK:2026-05-08T20:00:00+00:00:2026-05-11T08:00:00+00:00
0.0,0.0,0.0,0.0,D2-C1-R3-20m,MAKER_PROMO_OFF,17,MUUSDT,0.0,US_STOCK:2026-05-08T20:00:00+00:00:2026-05-11T08:00:00+00:00
0.0,0.0,0.0,0.0,D2-C1-R3-30m,MAKER_PROMO_OFF,17,MUUSDT,0.0,US_STOCK:2026-05-08T20:00:00+00:00:2026-05-11T08:00:00+00:00
0.0,0.0,0.0,0.0,D2-C2-R3-10m,MAKER_PROMO_OFF,17,MUUSDT,0.0,US_STOCK:2026-05-08T20:00:00+00:00:2026-05-11T08:00:00+00:00
0.0,0.0,0.0,0.0,D2-C2-R3-20m,MAKER_PROMO_OFF,17,MUUSDT,0.0,US_STOCK:2026-05-08T20:00:00+00:00:2026-05-11T08:00:00+00:00
0.0,0.0,0.0,0.0,D2-C2-R3-30m,MAKER_PROMO_OFF,17,MUUSDT,0.0,US_STOCK:2026-05-08T20:00:00+00:00:2026-05-11T08:00:00+00:00
0.0,0.0,0.0,0.0,D2-C3-R3-10m,MAKER_PROMO_OFF,17,MUUSDT,0.0,US_STOCK:2026-05-08T20:00:00+00:00:2026-05-11T08:00:00+00:00
0.0,0.0,0.0,0.0,D2-C3-R3-20m,MAKER_PROMO_OFF,17,MUUSDT,0.0,US_STOCK:2026-05-08T20:00:00+00:00:2026-05-11T08:00:00+00:00
0.0,0.0,0.0,0.0,D2-C3-R3-30m,MAKER_PROMO_OFF,17,MUUSDT,0.0,US_STOCK:2026-05-08T20:00:00+00:00:2026-05-11T08:00:00+00:00
0.0,0.0,0.0,0.0,D2-C1-R3-10m,MAKER_PROMO_OFF,31,MUUSDT,0.0,US_STOCK:2026-05-08T20:00:00+00:00:2026-05-11T08:00:00+00:00
0.0,0.0,0.0,0.0,D2-C1-R3-20m,MAKER_PROMO_OFF,31,MUUSDT,0.0,US_STOCK:2026-05-08T20:00:00+00:00:2026-05-11T08:00:00+00:00
0.0,0.0,0.0,0.0,D2-C1-R3-30m,MAKER_PROMO_OFF,31,MUUSDT,0.0,US_STOCK:2026-05-08T20:00:00+00:00:2026-05-11T08:00:00+00:00
0.0,0.0,0.0,0.0,D2-C2-R3-10m,MAKER_PROMO_OFF,31,MUUSDT,0.0,US_STOCK:2026-05-08T20:00:00+00:00:2026-05-11T08:00:00+00:00
0.0,0.0,0.0,0.0,D2-C2-R3-20m,MAKER_PROMO_OFF,31,MUUSDT,0.0,US_STOCK:2026-05-08T20:00:00+00:00:2026-05-11T08:00:00+00:00
0.0,0.0,0.0,0.0,D2-C2-R3-30m,MAKER_PROMO_OFF,31,MUUSDT,0.0,US_STOCK:2026-05-08T20:00:00+00:00:2026-05-11T08:00:00+00:00
0.0,0.0,0.0,0.0,D2-C3-R3-10m,MAKER_PROMO_OFF,31,MUUSDT,0.0,US_STOCK:2026-05-08T20:00:00+00:00:2026-05-11T08:00:00+00:00
0.0,0.0,0.0,0.0,D2-C3-R3-20m,MAKER_PROMO_OFF,31,MUUSDT,0.0,US_STOCK:2026-05-08T20:00:00+00:00:2026-05-11T08:00:00+00:00
0.0,0.0,0.0,0.0,D2-C3-R3-30m,MAKER_PROMO_OFF,31,MUUSDT,0.0,US_STOCK:2026-05-08T20:00:00+00:00:2026-05-11T08:00:00+00:00
0.0,0.0,0.0,0.0,D2-C1-R3-10m,MAKER_PROMO_OFF,59,MUUSDT,0.0,US_STOCK:2026-05-08T20:00:00+00:00:2026-05-11T08:00:00+00:00
0.0,0.0,0.0,0.0,D2-C1-R3-20m,MAKER_PROMO_OFF,59,MUUSDT,0.0,US_STOCK:2026-05-08T20:00:00+00:00:2026-05-11T08:00:00+00:00
0.0,0.0,0.0,0.0,D2-C1-R3-30m,MAKER_PROMO_OFF,59,MUUSDT,0.0,US_STOCK:2026-05-08T20:00:00+00:00:2026-05-11T08:00:00+00:00
0.0,0.0,0.0,0.0,D2-C2-R3-10m,MAKER_PROMO_OFF,59,MUUSDT,0.0,US_STOCK:2026-05-08T20:00:00+00:00:2026-05-11T08:00:00+00:00
0.0,0.0,0.0,0.0,D2-C2-R3-20m,MAKER_PROMO_OFF,59,MUUSDT,0.0,US_STOCK:2026-05-08T20:00:00+00:00:2026-05-11T08:00:00+00:00
0.0,0.0,0.0,0.0,D2-C2-R3-30m,MAKER_PROMO_OFF,59,MUUSDT,0.0,US_STOCK:2026-05-08T20:00:00+00:00:2026-05-11T08:00:00+00:00
0.0,0.0,0.0,0.0,D2-C3-R3-10m,MAKER_PROMO_OFF,59,MUUSDT,0.0,US_STOCK:2026-05-08T20:00:00+00:00:2026-05-11T08:00:00+00:00
0.0,0.0,0.0,0.0,D2-C3-R3-20m,MAKER_PROMO_OFF,59,MUUSDT,0.0,US_STOCK:2026-05-08T20:00:00+00:00:2026-05-11T08:00:00+00:00
0.0,0.0,0.0,0.0,D2-C3-R3-30m,MAKER_PROMO_OFF,59,MUUSDT,0.0,US_STOCK:2026-05-08T20:00:00+00:00:2026-05-11T08:00:00+00:00
0.0,0.0,0.0,0.0,D2-C1-R3-10m,MAKER_PROMO_OFF,97,MUUSDT,0.0,US_STOCK:2026-05-08T20:00:00+00:00:2026-05-11T08:00:00+00:00
0.0,0.0,0.0,0.0,D2-C1-R3-20m,MAKER_PROMO_OFF,97,MUUSDT,0.0,US_STOCK:2026-05-08T20:00:00+00:00:2026-05-11T08:00:00+00:00
0.0,0.0,0.0,0.0,D2-C1-R3-30m,MAKER_PROMO_OFF,97,MUUSDT,0.0,US_STOCK:2026-05-08T20:00:00+00:00:2026-05-11T08:00:00+00:00
0.0,0.0,0.0,0.0,D2-C2-R3-10m,MAKER_PROMO_OFF,97,MUUSDT,0.0,US_STOCK:2026-05-08T20:00:00+00:00:2026-05-11T08:00:00+00:00
0.0,0.0,0.0,0.0,D2-C2-R3-20m,MAKER_PROMO_OFF,97,MUUSDT,0.0,US_STOCK:2026-05-08T20:00:00+00:00:2026-05-11T08:00:00+00:00
0.0,0.0,0.0,0.0,D2-C2-R3-30m,MAKER_PROMO_OFF,97,MUUSDT,0.0,US_STOCK:2026-05-08T20:00:00+00:00:2026-05-11T08:00:00+00:00
0.0,0.0,0.0,0.0,D2-C3-R3-10m,MAKER_PROMO_OFF,97,MUUSDT,0.0,US_STOCK:2026-05-08T20:00:00+00:00:2026-05-11T08:00:00+00:00
0.0,0.0,0.0,0.0,D2-C3-R3-20m,MAKER_PROMO_OFF,97,MUUSDT,0.0,US_STOCK:2026-05-08T20:00:00+00:00:2026-05-11T08:00:00+00:00
0.0,0.0,0.0,0.0,D2-C3-R3-30m,MAKER_PROMO_OFF,97,MUUSDT,0.0,US_STOCK:2026-05-08T20:00:00+00:00:2026-05-11T08:00:00+00:00
0.1900587,0.1900587,0.0,0.0,D2-C1-R3-10m,PRIMARY_ZERO_MAKER,3,MUUSDT,0.523331900000003,US_STOCK:2026-05-29T20:00:00+00:00:2026-06-01T08:00:00+00:00
0.0,0.0,0.0,0.0,D2-C1-R3-20m,PRIMARY_ZERO_MAKER,3,MUUSDT,0.0,US_STOCK:2026-05-29T20:00:00+00:00:2026-06-01T08:00:00+00:00
0.0,0.0,0.0,0.0,D2-C1-R3-30m,PRIMARY_ZERO_MAKER,3,MUUSDT,0.0,US_STOCK:2026-05-29T20:00:00+00:00:2026-06-01T08:00:00+00:00
0.1900587,0.1900587,0.0,0.0,D2-C2-R3-10m,PRIMARY_ZERO_MAKER,3,MUUSDT,0.523331900000003,US_STOCK:2026-05-29T20:00:00+00:00:2026-06-01T08:00:00+00:00
0.0,0.0,0.0,0.0,D2-C2-R3-20m,PRIMARY_ZERO_MAKER,3,MUUSDT,0.0,US_STOCK:2026-05-29T20:00:00+00:00:2026-06-01T08:00:00+00:00
0.0,0.0,0.0,0.0,D2-C2-R3-30m,PRIMARY_ZERO_MAKER,3,MUUSDT,0.0,US_STOCK:2026-05-29T20:00:00+00:00:2026-06-01T08:00:00+00:00
0.1900587,0.1900587,0.0,0.0,D2-C3-R3-10m,PRIMARY_ZERO_MAKER,3,MUUSDT,0.523331900000003,US_STOCK:2026-05-29T20:00:00+00:00:2026-06-01T08:00:00+00:00
0.0,0.0,0.0,0.0,D2-C3-R3-20m,PRIMARY_ZERO_MAKER,3,MUUSDT,0.0,US_STOCK:2026-05-29T20:00:00+00:00:2026-06-01T08:00:00+00:00
0.0,0.0,0.0,0.0,D2-C3-R3-30m,PRIMARY_ZERO_MAKER,3,MUUSDT,0.0,US_STOCK:2026-05-29T20:00:00+00:00:2026-06-01T08:00:00+00:00
0.1900587,0.1900587,0.32752922325151423,0.16376461162575712,D2-C1-R3-10m,PRIMARY_ZERO_MAKER,10,MUUSDT,1.0146257348772743,US_STOCK:2026-05-29T20:00:00+00:00:2026-06-01T08:00:00+00:00
0.0,0.0,0.0,0.0,D2-C1-R3-20m,PRIMARY_ZERO_MAKER,10,MUUSDT,0.0,US_STOCK:2026-05-29T20:00:00+00:00:2026-06-01T08:00:00+00:00
0.0,0.0,0.0,0.0,D2-C1-R3-30m,PRIMARY_ZERO_MAKER,10,MUUSDT,0.0,US_STOCK:2026-05-29T20:00:00+00:00:2026-06-01T08:00:00+00:00
0.1900587,0.1900587,0.32752922325151423,0.16376461162575712,D2-C2-R3-10m,PRIMARY_ZERO_MAKER,10,MUUSDT,1.0146257348772743,US_STOCK:2026-05-29T20:00:00+00:00:2026-06-01T08:00:00+00:00
0.0,0.0,0.0,0.0,D2-C2-R3-20m,PRIMARY_ZERO_MAKER,10,MUUSDT,0.0,US_STOCK:2026-05-29T20:00:00+00:00:2026-06-01T08:00:00+00:00
0.0,0.0,0.0,0.0,D2-C2-R3-30m,PRIMARY_ZERO_MAKER,10,MUUSDT,0.0,US_STOCK:2026-05-29T20:00:00+00:00:2026-06-01T08:00:00+00:00
0.1900587,0.1900587,0.32752922325151423,0.16376461162575712,D2-C3-R3-10m,PRIMARY_ZERO_MAKER,10,MUUSDT,1.0146257348772743,US_STOCK:2026-05-29T20:00:00+00:00:2026-06-01T08:00:00+00:00
0.0,0.0,0.0,0.0,D2-C3-R3-20m,PRIMARY_ZERO_MAKER,10,MUUSDT,0.0,US_STOCK:2026-05-29T20:00:00+00:00:2026-06-01T08:00:00+00:00
0.0,0.0,0.0,0.0,D2-C3-R3-30m,PRIMARY_ZERO_MAKER,10,MUUSDT,0.0,US_STOCK:2026-05-29T20:00:00+00:00:2026-06-01T08:00:00+00:00
0.1900587,0.1900587,0.0883580085360508,0.0441790042680254,D2-C1-R3-10m,PRIMARY_ZERO_MAKER,17,MUUSDT,0.6558689128040791,US_STOCK:2026-05-29T20:00:00+00:00:2026-06-01T08:00:00+00:00
0.0,0.0,0.0,0.0,D2-C1-R3-20m,PRIMARY_ZERO_MAKER,17,MUUSDT,0.0,US_STOCK:2026-05-29T20:00:00+00:00:2026-06-01T08:00:00+00:00
0.0,0.0,0.0,0.0,D2-C1-R3-30m,PRIMARY_ZERO_MAKER,17,MUUSDT,0.0,US_STOCK:2026-05-29T20:00:00+00:00:2026-06-01T08:00:00+00:00
0.1900587,0.1900587,0.0883580085360508,0.0441790042680254,D2-C2-R3-10m,PRIMARY_ZERO_MAKER,17,MUUSDT,0.6558689128040791,US_STOCK:2026-05-29T20:00:00+00:00:2026-06-01T08:00:00+00:00
0.0,0.0,0.0,0.0,D2-C2-R3-20m,PRIMARY_ZERO_MAKER,17,MUUSDT,0.0,US_STOCK:2026-05-29T20:00:00+00:00:2026-06-01T08:00:00+00:00
0.0,0.0,0.0,0.0,D2-C2-R3-30m,PRIMARY_ZERO_MAKER,17,MUUSDT,0.0,US_STOCK:2026-05-29T20:00:00+00:00:2026-06-01T08:00:00+00:00
0.1900587,0.1900587,0.0883580085360508,0.0441790042680254,D2-C3-R3-10m,PRIMARY_ZERO_MAKER,17,MUUSDT,0.6558689128040791,US_STOCK:2026-05-29T20:00:00+00:00:2026-06-01T08:00:00+00:00
0.0,0.0,0.0,0.0,D2-C3-R3-20m,PRIMARY_ZERO_MAKER,17,MUUSDT,0.0,US_STOCK:2026-05-29T20:00:00+00:00:2026-06-01T08:00:00+00:00
0.0,0.0,0.0,0.0,D2-C3-R3-30m,PRIMARY_ZERO_MAKER,17,MUUSDT,0.0,US_STOCK:2026-05-29T20:00:00+00:00:2026-06-01T08:00:00+00:00
0.1900587,0.1900587,0.0,0.0,D2-C1-R3-10m,PRIMARY_ZERO_MAKER,31,MUUSDT,0.523331900000003,US_STOCK:2026-05-29T20:00:00+00:00:2026-06-01T08:00:00+00:00
0.0,0.0,0.0,0.0,D2-C1-R3-20m,PRIMARY_ZERO_MAKER,31,MUUSDT,0.0,US_STOCK:2026-05-29T20:00:00+00:00:2026-06-01T08:00:00+00:00
0.0,0.0,0.0,0.0,D2-C1-R3-30m,PRIMARY_ZERO_MAKER,31,MUUSDT,0.0,US_STOCK:2026-05-29T20:00:00+00:00:2026-06-01T08:00:00+00:00
0.1900587,0.1900587,0.0,0.0,D2-C2-R3-10m,PRIMARY_ZERO_MAKER,31,MUUSDT,0.523331900000003,US_STOCK:2026-05-29T20:00:00+00:00:2026-06-01T08:00:00+00:00
0.0,0.0,0.0,0.0,D2-C2-R3-20m,PRIMARY_ZERO_MAKER,31,MUUSDT,0.0,US_STOCK:2026-05-29T20:00:00+00:00:2026-06-01T08:00:00+00:00
0.0,0.0,0.0,0.0,D2-C2-R3-30m,PRIMARY_ZERO_MAKER,31,MUUSDT,0.0,US_STOCK:2026-05-29T20:00:00+00:00:2026-06-01T08:00:00+00:00
0.1900587,0.1900587,0.0,0.0,D2-C3-R3-10m,PRIMARY_ZERO_MAKER,31,MUUSDT,0.523331900000003,US_STOCK:2026-05-29T20:00:00+00:00:2026-06-01T08:00:00+00:00
0.0,0.0,0.0,0.0,D2-C3-R3-20m,PRIMARY_ZERO_MAKER,31,MUUSDT,0.0,US_STOCK:2026-05-29T20:00:00+00:00:2026-06-01T08:00:00+00:00
0.0,0.0,0.0,0.0,D2-C3-R3-30m,PRIMARY_ZERO_MAKER,31,MUUSDT,0.0,US_STOCK:2026-05-29T20:00:00+00:00:2026-06-01T08:00:00+00:00
0.1900587,0.1900587,0.0883580085360508,0.0441790042680254,D2-C1-R3-10m,PRIMARY_ZERO_MAKER,59,MUUSDT,0.6558689128040791,US_STOCK:2026-05-29T20:00:00+00:00:2026-06-01T08:00:00+00:00
0.0,0.0,0.0,0.0,D2-C1-R3-20m,PRIMARY_ZERO_MAKER,59,MUUSDT,0.0,US_STOCK:2026-05-29T20:00:00+00:00:2026-06-01T08:00:00+00:00
0.0,0.0,0.0,0.0,D2-C1-R3-30m,PRIMARY_ZERO_MAKER,59,MUUSDT,0.0,US_STOCK:2026-05-29T20:00:00+00:00:2026-06-01T08:00:00+00:00
0.1900587,0.1900587,0.0883580085360508,0.0441790042680254,D2-C2-R3-10m,PRIMARY_ZERO_MAKER,59,MUUSDT,0.6558689128040791,US_STOCK:2026-05-29T20:00:00+00:00:2026-06-01T08:00:00+00:00
0.0,0.0,0.0,0.0,D2-C2-R3-20m,PRIMARY_ZERO_MAKER,59,MUUSDT,0.0,US_STOCK:2026-05-29T20:00:00+00:00:2026-06-01T08:00:00+00:00
0.0,0.0,0.0,0.0,D2-C2-R3-30m,PRIMARY_ZERO_MAKER,59,MUUSDT,0.0,US_STOCK:2026-05-29T20:00:00+00:00:2026-06-01T08:00:00+00:00
0.1900587,0.1900587,0.0883580085360508,0.0441790042680254,D2-C3-R3-10m,PRIMARY_ZERO_MAKER,59,MUUSDT,0.6558689128040791,US_STOCK:2026-05-29T20:00:00+00:00:2026-06-01T08:00:00+00:00
0.0,0.0,0.0,0.0,D2-C3-R3-20m,PRIMARY_ZERO_MAKER,59,MUUSDT,0.0,US_STOCK:2026-05-29T20:00:00+00:00:2026-06-01T08:00:00+00:00
0.0,0.0,0.0,0.0,D2-C3-R3-30m,PRIMARY_ZERO_MAKER,59,MUUSDT,0.0,US_STOCK:2026-05-29T20:00:00+00:00:2026-06-01T08:00:00+00:00
0.1900587,0.1900587,0.0883580085360508,0.0441790042680254,D2-C1-R3-10m,PRIMARY_ZERO_MAKER,97,MUUSDT,0.6558689128040791,US_STOCK:2026-05-29T20:00:00+00:00:2026-06-01T08:00:00+00:00
0.0,0.0,0.0,0.0,D2-C1-R3-20m,PRIMARY_ZERO_MAKER,97,MUUSDT,0.0,US_STOCK:2026-05-29T20:00:00+00:00:2026-06-01T08:00:00+00:00
0.0,0.0,0.0,0.0,D2-C1-R3-30m,PRIMARY_ZERO_MAKER,97,MUUSDT,0.0,US_STOCK:2026-05-29T20:00:00+00:00:2026-06-01T08:00:00+00:00
0.1900587,0.1900587,0.0883580085360508,0.0441790042680254,D2-C2-R3-10m,PRIMARY_ZERO_MAKER,97,MUUSDT,0.6558689128040791,US_STOCK:2026-05-29T20:00:00+00:00:2026-06-01T08:00:00+00:00
0.0,0.0,0.0,0.0,D2-C2-R3-20m,PRIMARY_ZERO_MAKER,97,MUUSDT,0.0,US_STOCK:2026-05-29T20:00:00+00:00:2026-06-01T08:00:00+00:00
0.0,0.0,0.0,0.0,D2-C2-R3-30m,PRIMARY_ZERO_MAKER,97,MUUSDT,0.0,US_STOCK:2026-05-29T20:00:00+00:00:2026-06-01T08:00:00+00:00
0.1900587,0.1900587,0.0883580085360508,0.0441790042680254,D2-C3-R3-10m,PRIMARY_ZERO_MAKER,97,MUUSDT,0.6558689128040791,US_STOCK:2026-05-29T20:00:00+00:00:2026-06-01T08:00:00+00:00
0.0,0.0,0.0,0.0,D2-C3-R3-20m,PRIMARY_ZERO_MAKER,97,MUUSDT,0.0,US_STOCK:2026-05-29T20:00:00+00:00:2026-06-01T08:00:00+00:00
0.0,0.0,0.0,0.0,D2-C3-R3-30m,PRIMARY_ZERO_MAKER,97,MUUSDT,0.0,US_STOCK:2026-05-29T20:00:00+00:00:2026-06-01T08:00:00+00:00
0.41179385,0.41179385,0.0,0.0,D2-C1-R3-10m,EXECUTION_STRESS,3,MUUSDT,0.9670524500000031,US_STOCK:2026-05-29T20:00:00+00:00:2026-06-01T08:00:00+00:00
0.0,0.0,0.0,0.0,D2-C1-R3-20m,EXECUTION_STRESS,3,MUUSDT,0.0,US_STOCK:2026-05-29T20:00:00+00:00:2026-06-01T08:00:00+00:00
0.0,0.0,0.0,0.0,D2-C1-R3-30m,EXECUTION_STRESS,3,MUUSDT,0.0,US_STOCK:2026-05-29T20:00:00+00:00:2026-06-01T08:00:00+00:00
0.41179385,0.41179385,0.0,0.0,D2-C2-R3-10m,EXECUTION_STRESS,3,MUUSDT,0.9670524500000031,US_STOCK:2026-05-29T20:00:00+00:00:2026-06-01T08:00:00+00:00
0.0,0.0,0.0,0.0,D2-C2-R3-20m,EXECUTION_STRESS,3,MUUSDT,0.0,US_STOCK:2026-05-29T20:00:00+00:00:2026-06-01T08:00:00+00:00
0.0,0.0,0.0,0.0,D2-C2-R3-30m,EXECUTION_STRESS,3,MUUSDT,0.0,US_STOCK:2026-05-29T20:00:00+00:00:2026-06-01T08:00:00+00:00
0.41179385,0.41179385,0.0,0.0,D2-C3-R3-10m,EXECUTION_STRESS,3,MUUSDT,0.9670524500000031,US_STOCK:2026-05-29T20:00:00+00:00:2026-06-01T08:00:00+00:00
0.0,0.0,0.0,0.0,D2-C3-R3-20m,EXECUTION_STRESS,3,MUUSDT,0.0,US_STOCK:2026-05-29T20:00:00+00:00:2026-06-01T08:00:00+00:00
0.0,0.0,0.0,0.0,D2-C3-R3-30m,EXECUTION_STRESS,3,MUUSDT,0.0,US_STOCK:2026-05-29T20:00:00+00:00:2026-06-01T08:00:00+00:00
0.41179385,0.41179385,0.32752922325151423,0.16376461162575712,D2-C1-R3-10m,EXECUTION_STRESS,10,MUUSDT,1.4583462848772744,US_STOCK:2026-05-29T20:00:00+00:00:2026-06-01T08:00:00+00:00
0.0,0.0,0.0,0.0,D2-C1-R3-20m,EXECUTION_STRESS,10,MUUSDT,0.0,US_STOCK:2026-05-29T20:00:00+00:00:2026-06-01T08:00:00+00:00
0.0,0.0,0.0,0.0,D2-C1-R3-30m,EXECUTION_STRESS,10,MUUSDT,0.0,US_STOCK:2026-05-29T20:00:00+00:00:2026-06-01T08:00:00+00:00
0.41179385,0.41179385,0.32752922325151423,0.16376461162575712,D2-C2-R3-10m,EXECUTION_STRESS,10,MUUSDT,1.4583462848772744,US_STOCK:2026-05-29T20:00:00+00:00:2026-06-01T08:00:00+00:00
0.0,0.0,0.0,0.0,D2-C2-R3-20m,EXECUTION_STRESS,10,MUUSDT,0.0,US_STOCK:2026-05-29T20:00:00+00:00:2026-06-01T08:00:00+00:00
0.0,0.0,0.0,0.0,D2-C2-R3-30m,EXECUTION_STRESS,10,MUUSDT,0.0,US_STOCK:2026-05-29T20:00:00+00:00:2026-06-01T08:00:00+00:00
0.41179385,0.41179385,0.32752922325151423,0.16376461162575712,D2-C3-R3-10m,EXECUTION_STRESS,10,MUUSDT,1.4583462848772744,US_STOCK:2026-05-29T20:00:00+00:00:2026-06-01T08:00:00+00:00
0.0,0.0,0.0,0.0,D2-C3-R3-20m,EXECUTION_STRESS,10,MUUSDT,0.0,US_STOCK:2026-05-29T20:00:00+00:00:2026-06-01T08:00:00+00:00
0.0,0.0,0.0,0.0,D2-C3-R3-30m,EXECUTION_STRESS,10,MUUSDT,0.0,US_STOCK:2026-05-29T20:00:00+00:00:2026-06-01T08:00:00+00:00
0.41179385,0.41179385,0.0883580085360508,0.0441790042680254,D2-C1-R3-10m,EXECUTION_STRESS,17,MUUSDT,1.0995894628040792,US_STOCK:2026-05-29T20:00:00+00:00:2026-06-01T08:00:00+00:00
0.0,0.0,0.0,0.0,D2-C1-R3-20m,EXECUTION_STRESS,17,MUUSDT,0.0,US_STOCK:2026-05-29T20:00:00+00:00:2026-06-01T08:00:00+00:00
0.0,0.0,0.0,0.0,D2-C1-R3-30m,EXECUTION_STRESS,17,MUUSDT,0.0,US_STOCK:2026-05-29T20:00:00+00:00:2026-06-01T08:00:00+00:00
0.41179385,0.41179385,0.0883580085360508,0.0441790042680254,D2-C2-R3-10m,EXECUTION_STRESS,17,MUUSDT,1.0995894628040792,US_STOCK:2026-05-29T20:00:00+00:00:2026-06-01T08:00:00+00:00
0.0,0.0,0.0,0.0,D2-C2-R3-20m,EXECUTION_STRESS,17,MUUSDT,0.0,US_STOCK:2026-05-29T20:00:00+00:00:2026-06-01T08:00:00+00:00
0.0,0.0,0.0,0.0,D2-C2-R3-30m,EXECUTION_STRESS,17,MUUSDT,0.0,US_STOCK:2026-05-29T20:00:00+00:00:2026-06-01T08:00:00+00:00
0.41179385,0.41179385,0.0883580085360508,0.0441790042680254,D2-C3-R3-10m,EXECUTION_STRESS,17,MUUSDT,1.0995894628040792,US_STOCK:2026-05-29T20:00:00+00:00:2026-06-01T08:00:00+00:00
0.0,0.0,0.0,0.0,D2-C3-R3-20m,EXECUTION_STRESS,17,MUUSDT,0.0,US_STOCK:2026-05-29T20:00:00+00:00:2026-06-01T08:00:00+00:00
0.0,0.0,0.0,0.0,D2-C3-R3-30m,EXECUTION_STRESS,17,MUUSDT,0.0,US_STOCK:2026-05-29T20:00:00+00:00:2026-06-01T08:00:00+00:00
0.41179385,0.41179385,0.0,0.0,D2-C1-R3-10m,EXECUTION_STRESS,31,MUUSDT,0.9670524500000031,US_STOCK:2026-05-29T20:00:00+00:00:2026-06-01T08:00:00+00:00
0.0,0.0,0.0,0.0,D2-C1-R3-20m,EXECUTION_STRESS,31,MUUSDT,0.0,US_STOCK:2026-05-29T20:00:00+00:00:2026-06-01T08:00:00+00:00
0.0,0.0,0.0,0.0,D2-C1-R3-30m,EXECUTION_STRESS,31,MUUSDT,0.0,US_STOCK:2026-05-29T20:00:00+00:00:2026-06-01T08:00:00+00:00
0.41179385,0.41179385,0.0,0.0,D2-C2-R3-10m,EXECUTION_STRESS,31,MUUSDT,0.9670524500000031,US_STOCK:2026-05-29T20:00:00+00:00:2026-06-01T08:00:00+00:00
0.0,0.0,0.0,0.0,D2-C2-R3-20m,EXECUTION_STRESS,31,MUUSDT,0.0,US_STOCK:2026-05-29T20:00:00+00:00:2026-06-01T08:00:00+00:00
0.0,0.0,0.0,0.0,D2-C2-R3-30m,EXECUTION_STRESS,31,MUUSDT,0.0,US_STOCK:2026-05-29T20:00:00+00:00:2026-06-01T08:00:00+00:00
0.41179385,0.41179385,0.0,0.0,D2-C3-R3-10m,EXECUTION_STRESS,31,MUUSDT,0.9670524500000031,US_STOCK:2026-05-29T20:00:00+00:00:2026-06-01T08:00:00+00:00
0.0,0.0,0.0,0.0,D2-C3-R3-20m,EXECUTION_STRESS,31,MUUSDT,0.0,US_STOCK:2026-05-29T20:00:00+00:00:2026-06-01T08:00:00+00:00
0.0,0.0,0.0,0.0,D2-C3-R3-30m,EXECUTION_STRESS,31,MUUSDT,0.0,US_STOCK:2026-05-29T20:00:00+00:00:2026-06-01T08:00:00+00:00
0.41179385,0.41179385,0.0883580085360508,0.0441790042680254,D2-C1-R3-10m,EXECUTION_STRESS,59,MUUSDT,1.0995894628040792,US_STOCK:2026-05-29T20:00:00+00:00:2026-06-01T08:00:00+00:00
0.0,0.0,0.0,0.0,D2-C1-R3-20m,EXECUTION_STRESS,59,MUUSDT,0.0,US_STOCK:2026-05-29T20:00:00+00:00:2026-06-01T08:00:00+00:00
0.0,0.0,0.0,0.0,D2-C1-R3-30m,EXECUTION_STRESS,59,MUUSDT,0.0,US_STOCK:2026-05-29T20:00:00+00:00:2026-06-01T08:00:00+00:00
0.41179385,0.41179385,0.0883580085360508,0.0441790042680254,D2-C2-R3-10m,EXECUTION_STRESS,59,MUUSDT,1.0995894628040792,US_STOCK:2026-05-29T20:00:00+00:00:2026-06-01T08:00:00+00:00
0.0,0.0,0.0,0.0,D2-C2-R3-20m,EXECUTION_STRESS,59,MUUSDT,0.0,US_STOCK:2026-05-29T20:00:00+00:00:2026-06-01T08:00:00+00:00
0.0,0.0,0.0,0.0,D2-C2-R3-30m,EXECUTION_STRESS,59,MUUSDT,0.0,US_STOCK:2026-05-29T20:00:00+00:00:2026-06-01T08:00:00+00:00
0.41179385,0.41179385,0.0883580085360508,0.0441790042680254,D2-C3-R3-10m,EXECUTION_STRESS,59,MUUSDT,1.0995894628040792,US_STOCK:2026-05-29T20:00:00+00:00:2026-06-01T08:00:00+00:00
0.0,0.0,0.0,0.0,D2-C3-R3-20m,EXECUTION_STRESS,59,MUUSDT,0.0,US_STOCK:2026-05-29T20:00:00+00:00:2026-06-01T08:00:00+00:00
0.0,0.0,0.0,0.0,D2-C3-R3-30m,EXECUTION_STRESS,59,MUUSDT,0.0,US_STOCK:2026-05-29T20:00:00+00:00:2026-06-01T08:00:00+00:00
0.41179385,0.41179385,0.0,0.0,D2-C1-R3-10m,EXECUTION_STRESS,97,MUUSDT,0.9670524500000031,US_STOCK:2026-05-29T20:00:00+00:00:2026-06-01T08:00:00+00:00
0.0,0.0,0.0,0.0,D2-C1-R3-20m,EXECUTION_STRESS,97,MUUSDT,0.0,US_STOCK:2026-05-29T20:00:00+00:00:2026-06-01T08:00:00+00:00
0.0,0.0,0.0,0.0,D2-C1-R3-30m,EXECUTION_STRESS,97,MUUSDT,0.0,US_STOCK:2026-05-29T20:00:00+00:00:2026-06-01T08:00:00+00:00
0.41179385,0.41179385,0.0,0.0,D2-C2-R3-10m,EXECUTION_STRESS,97,MUUSDT,0.9670524500000031,US_STOCK:2026-05-29T20:00:00+00:00:2026-06-01T08:00:00+00:00
0.0,0.0,0.0,0.0,D2-C2-R3-20m,EXECUTION_STRESS,97,MUUSDT,0.0,US_STOCK:2026-05-29T20:00:00+00:00:2026-06-01T08:00:00+00:00
0.0,0.0,0.0,0.0,D2-C2-R3-30m,EXECUTION_STRESS,97,MUUSDT,0.0,US_STOCK:2026-05-29T20:00:00+00:00:2026-06-01T08:00:00+00:00
0.41179385,0.41179385,0.0,0.0,D2-C3-R3-10m,EXECUTION_STRESS,97,MUUSDT,0.9670524500000031,US_STOCK:2026-05-29T20:00:00+00:00:2026-06-01T08:00:00+00:00
0.0,0.0,0.0,0.0,D2-C3-R3-20m,EXECUTION_STRESS,97,MUUSDT,0.0,US_STOCK:2026-05-29T20:00:00+00:00:2026-06-01T08:00:00+00:00
0.0,0.0,0.0,0.0,D2-C3-R3-30m,EXECUTION_STRESS,97,MUUSDT,0.0,US_STOCK:2026-05-29T20:00:00+00:00:2026-06-01T08:00:00+00:00
0.2534116,0.2534116,0.0,0.0,D2-C1-R3-10m,MAKER_PROMO_OFF,3,MUUSDT,0.650109200000003,US_STOCK:2026-05-29T20:00:00+00:00:2026-06-01T08:00:00+00:00
0.0,0.0,0.0,0.0,D2-C1-R3-20m,MAKER_PROMO_OFF,3,MUUSDT,0.0,US_STOCK:2026-05-29T20:00:00+00:00:2026-06-01T08:00:00+00:00
0.0,0.0,0.0,0.0,D2-C1-R3-30m,MAKER_PROMO_OFF,3,MUUSDT,0.0,US_STOCK:2026-05-29T20:00:00+00:00:2026-06-01T08:00:00+00:00
0.2534116,0.2534116,0.0,0.0,D2-C2-R3-10m,MAKER_PROMO_OFF,3,MUUSDT,0.650109200000003,US_STOCK:2026-05-29T20:00:00+00:00:2026-06-01T08:00:00+00:00
0.0,0.0,0.0,0.0,D2-C2-R3-20m,MAKER_PROMO_OFF,3,MUUSDT,0.0,US_STOCK:2026-05-29T20:00:00+00:00:2026-06-01T08:00:00+00:00
0.0,0.0,0.0,0.0,D2-C2-R3-30m,MAKER_PROMO_OFF,3,MUUSDT,0.0,US_STOCK:2026-05-29T20:00:00+00:00:2026-06-01T08:00:00+00:00
0.2534116,0.2534116,0.0,0.0,D2-C3-R3-10m,MAKER_PROMO_OFF,3,MUUSDT,0.650109200000003,US_STOCK:2026-05-29T20:00:00+00:00:2026-06-01T08:00:00+00:00
0.0,0.0,0.0,0.0,D2-C3-R3-20m,MAKER_PROMO_OFF,3,MUUSDT,0.0,US_STOCK:2026-05-29T20:00:00+00:00:2026-06-01T08:00:00+00:00
0.0,0.0,0.0,0.0,D2-C3-R3-30m,MAKER_PROMO_OFF,3,MUUSDT,0.0,US_STOCK:2026-05-29T20:00:00+00:00:2026-06-01T08:00:00+00:00
0.2534116,0.2534116,0.32752922325151423,0.16376461162575712,D2-C1-R3-10m,MAKER_PROMO_OFF,10,MUUSDT,1.1414030348772743,US_STOCK:2026-05-29T20:00:00+00:00:2026-06-01T08:00:00+00:00
0.0,0.0,0.0,0.0,D2-C1-R3-20m,MAKER_PROMO_OFF,10,MUUSDT,0.0,US_STOCK:2026-05-29T20:00:00+00:00:2026-06-01T08:00:00+00:00
0.0,0.0,0.0,0.0,D2-C1-R3-30m,MAKER_PROMO_OFF,10,MUUSDT,0.0,US_STOCK:2026-05-29T20:00:00+00:00:2026-06-01T08:00:00+00:00
0.2534116,0.2534116,0.32752922325151423,0.16376461162575712,D2-C2-R3-10m,MAKER_PROMO_OFF,10,MUUSDT,1.1414030348772743,US_STOCK:2026-05-29T20:00:00+00:00:2026-06-01T08:00:00+00:00
0.0,0.0,0.0,0.0,D2-C2-R3-20m,MAKER_PROMO_OFF,10,MUUSDT,0.0,US_STOCK:2026-05-29T20:00:00+00:00:2026-06-01T08:00:00+00:00
0.0,0.0,0.0,0.0,D2-C2-R3-30m,MAKER_PROMO_OFF,10,MUUSDT,0.0,US_STOCK:2026-05-29T20:00:00+00:00:2026-06-01T08:00:00+00:00
0.2534116,0.2534116,0.32752922325151423,0.16376461162575712,D2-C3-R3-10m,MAKER_PROMO_OFF,10,MUUSDT,1.1414030348772743,US_STOCK:2026-05-29T20:00:00+00:00:2026-06-01T08:00:00+00:00
0.0,0.0,0.0,0.0,D2-C3-R3-20m,MAKER_PROMO_OFF,10,MUUSDT,0.0,US_STOCK:2026-05-29T20:00:00+00:00:2026-06-01T08:00:00+00:00
0.0,0.0,0.0,0.0,D2-C3-R3-30m,MAKER_PROMO_OFF,10,MUUSDT,0.0,US_STOCK:2026-05-29T20:00:00+00:00:2026-06-01T08:00:00+00:00
0.2534116,0.2534116,0.0883580085360508,0.0441790042680254,D2-C1-R3-10m,MAKER_PROMO_OFF,17,MUUSDT,0.7826462128040792,US_STOCK:2026-05-29T20:00:00+00:00:2026-06-01T08:00:00+00:00
0.0,0.0,0.0,0.0,D2-C1-R3-20m,MAKER_PROMO_OFF,17,MUUSDT,0.0,US_STOCK:2026-05-29T20:00:00+00:00:2026-06-01T08:00:00+00:00
0.0,0.0,0.0,0.0,D2-C1-R3-30m,MAKER_PROMO_OFF,17,MUUSDT,0.0,US_STOCK:2026-05-29T20:00:00+00:00:2026-06-01T08:00:00+00:00
0.2534116,0.2534116,0.0883580085360508,0.0441790042680254,D2-C2-R3-10m,MAKER_PROMO_OFF,17,MUUSDT,0.7826462128040792,US_STOCK:2026-05-29T20:00:00+00:00:2026-06-01T08:00:00+00:00
0.0,0.0,0.0,0.0,D2-C2-R3-20m,MAKER_PROMO_OFF,17,MUUSDT,0.0,US_STOCK:2026-05-29T20:00:00+00:00:2026-06-01T08:00:00+00:00
0.0,0.0,0.0,0.0,D2-C2-R3-30m,MAKER_PROMO_OFF,17,MUUSDT,0.0,US_STOCK:2026-05-29T20:00:00+00:00:2026-06-01T08:00:00+00:00
0.2534116,0.2534116,0.0883580085360508,0.0441790042680254,D2-C3-R3-10m,MAKER_PROMO_OFF,17,MUUSDT,0.7826462128040792,US_STOCK:2026-05-29T20:00:00+00:00:2026-06-01T08:00:00+00:00
0.0,0.0,0.0,0.0,D2-C3-R3-20m,MAKER_PROMO_OFF,17,MUUSDT,0.0,US_STOCK:2026-05-29T20:00:00+00:00:2026-06-01T08:00:00+00:00
0.0,0.0,0.0,0.0,D2-C3-R3-30m,MAKER_PROMO_OFF,17,MUUSDT,0.0,US_STOCK:2026-05-29T20:00:00+00:00:2026-06-01T08:00:00+00:00
0.2534116,0.2534116,0.0,0.0,D2-C1-R3-10m,MAKER_PROMO_OFF,31,MUUSDT,0.650109200000003,US_STOCK:2026-05-29T20:00:00+00:00:2026-06-01T08:00:00+00:00
0.0,0.0,0.0,0.0,D2-C1-R3-20m,MAKER_PROMO_OFF,31,MUUSDT,0.0,US_STOCK:2026-05-29T20:00:00+00:00:2026-06-01T08:00:00+00:00
0.0,0.0,0.0,0.0,D2-C1-R3-30m,MAKER_PROMO_OFF,31,MUUSDT,0.0,US_STOCK:2026-05-29T20:00:00+00:00:2026-06-01T08:00:00+00:00
0.2534116,0.2534116,0.0,0.0,D2-C2-R3-10m,MAKER_PROMO_OFF,31,MUUSDT,0.650109200000003,US_STOCK:2026-05-29T20:00:00+00:00:2026-06-01T08:00:00+00:00
0.0,0.0,0.0,0.0,D2-C2-R3-20m,MAKER_PROMO_OFF,31,MUUSDT,0.0,US_STOCK:2026-05-29T20:00:00+00:00:2026-06-01T08:00:00+00:00
0.0,0.0,0.0,0.0,D2-C2-R3-30m,MAKER_PROMO_OFF,31,MUUSDT,0.0,US_STOCK:2026-05-29T20:00:00+00:00:2026-06-01T08:00:00+00:00
0.2534116,0.2534116,0.0,0.0,D2-C3-R3-10m,MAKER_PROMO_OFF,31,MUUSDT,0.650109200000003,US_STOCK:2026-05-29T20:00:00+00:00:2026-06-01T08:00:00+00:00
0.0,0.0,0.0,0.0,D2-C3-R3-20m,MAKER_PROMO_OFF,31,MUUSDT,0.0,US_STOCK:2026-05-29T20:00:00+00:00:2026-06-01T08:00:00+00:00
0.0,0.0,0.0,0.0,D2-C3-R3-30m,MAKER_PROMO_OFF,31,MUUSDT,0.0,US_STOCK:2026-05-29T20:00:00+00:00:2026-06-01T08:00:00+00:00
0.2534116,0.2534116,0.0883580085360508,0.0441790042680254,D2-C1-R3-10m,MAKER_PROMO_OFF,59,MUUSDT,0.7826462128040792,US_STOCK:2026-05-29T20:00:00+00:00:2026-06-01T08:00:00+00:00
0.0,0.0,0.0,0.0,D2-C1-R3-20m,MAKER_PROMO_OFF,59,MUUSDT,0.0,US_STOCK:2026-05-29T20:00:00+00:00:2026-06-01T08:00:00+00:00
0.0,0.0,0.0,0.0,D2-C1-R3-30m,MAKER_PROMO_OFF,59,MUUSDT,0.0,US_STOCK:2026-05-29T20:00:00+00:00:2026-06-01T08:00:00+00:00
0.2534116,0.2534116,0.0883580085360508,0.0441790042680254,D2-C2-R3-10m,MAKER_PROMO_OFF,59,MUUSDT,0.7826462128040792,US_STOCK:2026-05-29T20:00:00+00:00:2026-06-01T08:00:00+00:00
0.0,0.0,0.0,0.0,D2-C2-R3-20m,MAKER_PROMO_OFF,59,MUUSDT,0.0,US_STOCK:2026-05-29T20:00:00+00:00:2026-06-01T08:00:00+00:00
0.0,0.0,0.0,0.0,D2-C2-R3-30m,MAKER_PROMO_OFF,59,MUUSDT,0.0,US_STOCK:2026-05-29T20:00:00+00:00:2026-06-01T08:00:00+00:00
0.2534116,0.2534116,0.0883580085360508,0.0441790042680254,D2-C3-R3-10m,MAKER_PROMO_OFF,59,MUUSDT,0.7826462128040792,US_STOCK:2026-05-29T20:00:00+00:00:2026-06-01T08:00:00+00:00
0.0,0.0,0.0,0.0,D2-C3-R3-20m,MAKER_PROMO_OFF,59,MUUSDT,0.0,US_STOCK:2026-05-29T20:00:00+00:00:2026-06-01T08:00:00+00:00
0.0,0.0,0.0,0.0,D2-C3-R3-30m,MAKER_PROMO_OFF,59,MUUSDT,0.0,US_STOCK:2026-05-29T20:00:00+00:00:2026-06-01T08:00:00+00:00
0.2534116,0.2534116,0.0883580085360508,0.0441790042680254,D2-C1-R3-10m,MAKER_PROMO_OFF,97,MUUSDT,0.7826462128040792,US_STOCK:2026-05-29T20:00:00+00:00:2026-06-01T08:00:00+00:00
0.0,0.0,0.0,0.0,D2-C1-R3-20m,MAKER_PROMO_OFF,97,MUUSDT,0.0,US_STOCK:2026-05-29T20:00:00+00:00:2026-06-01T08:00:00+00:00
0.0,0.0,0.0,0.0,D2-C1-R3-30m,MAKER_PROMO_OFF,97,MUUSDT,0.0,US_STOCK:2026-05-29T20:00:00+00:00:2026-06-01T08:00:00+00:00
0.2534116,0.2534116,0.0883580085360508,0.0441790042680254,D2-C2-R3-10m,MAKER_PROMO_OFF,97,MUUSDT,0.7826462128040792,US_STOCK:2026-05-29T20:00:00+00:00:2026-06-01T08:00:00+00:00
0.0,0.0,0.0,0.0,D2-C2-R3-20m,MAKER_PROMO_OFF,97,MUUSDT,0.0,US_STOCK:2026-05-29T20:00:00+00:00:2026-06-01T08:00:00+00:00
0.0,0.0,0.0,0.0,D2-C2-R3-30m,MAKER_PROMO_OFF,97,MUUSDT,0.0,US_STOCK:2026-05-29T20:00:00+00:00:2026-06-01T08:00:00+00:00
0.2534116,0.2534116,0.0883580085360508,0.0441790042680254,D2-C3-R3-10m,MAKER_PROMO_OFF,97,MUUSDT,0.7826462128040792,US_STOCK:2026-05-29T20:00:00+00:00:2026-06-01T08:00:00+00:00
0.0,0.0,0.0,0.0,D2-C3-R3-20m,MAKER_PROMO_OFF,97,MUUSDT,0.0,US_STOCK:2026-05-29T20:00:00+00:00:2026-06-01T08:00:00+00:00
0.0,0.0,0.0,0.0,D2-C3-R3-30m,MAKER_PROMO_OFF,97,MUUSDT,0.0,US_STOCK:2026-05-29T20:00:00+00:00:2026-06-01T08:00:00+00:00
0.0,0.0,0.0,0.0,D2-C1-R3-10m,PRIMARY_ZERO_MAKER,3,MUUSDT,0.0,US_STOCK:2026-06-05T20:00:00+00:00:2026-06-08T08:00:00+00:00
0.0,0.0,0.0,0.0,D2-C1-R3-20m,PRIMARY_ZERO_MAKER,3,MUUSDT,0.0,US_STOCK:2026-06-05T20:00:00+00:00:2026-06-08T08:00:00+00:00
0.0,0.0,0.0,0.0,D2-C1-R3-30m,PRIMARY_ZERO_MAKER,3,MUUSDT,0.0,US_STOCK:2026-06-05T20:00:00+00:00:2026-06-08T08:00:00+00:00
0.0,0.0,0.0,0.0,D2-C2-R3-10m,PRIMARY_ZERO_MAKER,3,MUUSDT,0.0,US_STOCK:2026-06-05T20:00:00+00:00:2026-06-08T08:00:00+00:00
0.0,0.0,0.0,0.0,D2-C2-R3-20m,PRIMARY_ZERO_MAKER,3,MUUSDT,0.0,US_STOCK:2026-06-05T20:00:00+00:00:2026-06-08T08:00:00+00:00
0.0,0.0,0.0,0.0,D2-C2-R3-30m,PRIMARY_ZERO_MAKER,3,MUUSDT,0.0,US_STOCK:2026-06-05T20:00:00+00:00:2026-06-08T08:00:00+00:00
0.0,0.0,0.0,0.0,D2-C3-R3-10m,PRIMARY_ZERO_MAKER,3,MUUSDT,0.0,US_STOCK:2026-06-05T20:00:00+00:00:2026-06-08T08:00:00+00:00
0.0,0.0,0.0,0.0,D2-C3-R3-20m,PRIMARY_ZERO_MAKER,3,MUUSDT,0.0,US_STOCK:2026-06-05T20:00:00+00:00:2026-06-08T08:00:00+00:00
0.0,0.0,0.0,0.0,D2-C3-R3-30m,PRIMARY_ZERO_MAKER,3,MUUSDT,0.0,US_STOCK:2026-06-05T20:00:00+00:00:2026-06-08T08:00:00+00:00
0.0,0.0,0.0,0.0,D2-C1-R3-10m,PRIMARY_ZERO_MAKER,10,MUUSDT,0.0,US_STOCK:2026-06-05T20:00:00+00:00:2026-06-08T08:00:00+00:00
0.0,0.0,0.0,0.0,D2-C1-R3-20m,PRIMARY_ZERO_MAKER,10,MUUSDT,0.0,US_STOCK:2026-06-05T20:00:00+00:00:2026-06-08T08:00:00+00:00
0.0,0.0,0.0,0.0,D2-C1-R3-30m,PRIMARY_ZERO_MAKER,10,MUUSDT,0.0,US_STOCK:2026-06-05T20:00:00+00:00:2026-06-08T08:00:00+00:00
0.0,0.0,0.0,0.0,D2-C2-R3-10m,PRIMARY_ZERO_MAKER,10,MUUSDT,0.0,US_STOCK:2026-06-05T20:00:00+00:00:2026-06-08T08:00:00+00:00
0.0,0.0,0.0,0.0,D2-C2-R3-20m,PRIMARY_ZERO_MAKER,10,MUUSDT,0.0,US_STOCK:2026-06-05T20:00:00+00:00:2026-06-08T08:00:00+00:00
0.0,0.0,0.0,0.0,D2-C2-R3-30m,PRIMARY_ZERO_MAKER,10,MUUSDT,0.0,US_STOCK:2026-06-05T20:00:00+00:00:2026-06-08T08:00:00+00:00
0.0,0.0,0.0,0.0,D2-C3-R3-10m,PRIMARY_ZERO_MAKER,10,MUUSDT,0.0,US_STOCK:2026-06-05T20:00:00+00:00:2026-06-08T08:00:00+00:00
0.0,0.0,0.0,0.0,D2-C3-R3-20m,PRIMARY_ZERO_MAKER,10,MUUSDT,0.0,US_STOCK:2026-06-05T20:00:00+00:00:2026-06-08T08:00:00+00:00
0.0,0.0,0.0,0.0,D2-C3-R3-30m,PRIMARY_ZERO_MAKER,10,MUUSDT,0.0,US_STOCK:2026-06-05T20:00:00+00:00:2026-06-08T08:00:00+00:00
0.0,0.0,0.0,0.0,D2-C1-R3-10m,PRIMARY_ZERO_MAKER,17,MUUSDT,0.0,US_STOCK:2026-06-05T20:00:00+00:00:2026-06-08T08:00:00+00:00
0.0,0.0,0.0,0.0,D2-C1-R3-20m,PRIMARY_ZERO_MAKER,17,MUUSDT,0.0,US_STOCK:2026-06-05T20:00:00+00:00:2026-06-08T08:00:00+00:00
0.0,0.0,0.0,0.0,D2-C1-R3-30m,PRIMARY_ZERO_MAKER,17,MUUSDT,0.0,US_STOCK:2026-06-05T20:00:00+00:00:2026-06-08T08:00:00+00:00
0.0,0.0,0.0,0.0,D2-C2-R3-10m,PRIMARY_ZERO_MAKER,17,MUUSDT,0.0,US_STOCK:2026-06-05T20:00:00+00:00:2026-06-08T08:00:00+00:00
0.0,0.0,0.0,0.0,D2-C2-R3-20m,PRIMARY_ZERO_MAKER,17,MUUSDT,0.0,US_STOCK:2026-06-05T20:00:00+00:00:2026-06-08T08:00:00+00:00
0.0,0.0,0.0,0.0,D2-C2-R3-30m,PRIMARY_ZERO_MAKER,17,MUUSDT,0.0,US_STOCK:2026-06-05T20:00:00+00:00:2026-06-08T08:00:00+00:00
0.0,0.0,0.0,0.0,D2-C3-R3-10m,PRIMARY_ZERO_MAKER,17,MUUSDT,0.0,US_STOCK:2026-06-05T20:00:00+00:00:2026-06-08T08:00:00+00:00
0.0,0.0,0.0,0.0,D2-C3-R3-20m,PRIMARY_ZERO_MAKER,17,MUUSDT,0.0,US_STOCK:2026-06-05T20:00:00+00:00:2026-06-08T08:00:00+00:00
0.0,0.0,0.0,0.0,D2-C3-R3-30m,PRIMARY_ZERO_MAKER,17,MUUSDT,0.0,US_STOCK:2026-06-05T20:00:00+00:00:2026-06-08T08:00:00+00:00
0.0,0.0,0.0,0.0,D2-C1-R3-10m,PRIMARY_ZERO_MAKER,31,MUUSDT,0.0,US_STOCK:2026-06-05T20:00:00+00:00:2026-06-08T08:00:00+00:00
0.0,0.0,0.0,0.0,D2-C1-R3-20m,PRIMARY_ZERO_MAKER,31,MUUSDT,0.0,US_STOCK:2026-06-05T20:00:00+00:00:2026-06-08T08:00:00+00:00
0.0,0.0,0.0,0.0,D2-C1-R3-30m,PRIMARY_ZERO_MAKER,31,MUUSDT,0.0,US_STOCK:2026-06-05T20:00:00+00:00:2026-06-08T08:00:00+00:00
0.0,0.0,0.0,0.0,D2-C2-R3-10m,PRIMARY_ZERO_MAKER,31,MUUSDT,0.0,US_STOCK:2026-06-05T20:00:00+00:00:2026-06-08T08:00:00+00:00
0.0,0.0,0.0,0.0,D2-C2-R3-20m,PRIMARY_ZERO_MAKER,31,MUUSDT,0.0,US_STOCK:2026-06-05T20:00:00+00:00:2026-06-08T08:00:00+00:00
0.0,0.0,0.0,0.0,D2-C2-R3-30m,PRIMARY_ZERO_MAKER,31,MUUSDT,0.0,US_STOCK:2026-06-05T20:00:00+00:00:2026-06-08T08:00:00+00:00
0.0,0.0,0.0,0.0,D2-C3-R3-10m,PRIMARY_ZERO_MAKER,31,MUUSDT,0.0,US_STOCK:2026-06-05T20:00:00+00:00:2026-06-08T08:00:00+00:00
0.0,0.0,0.0,0.0,D2-C3-R3-20m,PRIMARY_ZERO_MAKER,31,MUUSDT,0.0,US_STOCK:2026-06-05T20:00:00+00:00:2026-06-08T08:00:00+00:00
0.0,0.0,0.0,0.0,D2-C3-R3-30m,PRIMARY_ZERO_MAKER,31,MUUSDT,0.0,US_STOCK:2026-06-05T20:00:00+00:00:2026-06-08T08:00:00+00:00
0.0,0.0,0.0,0.0,D2-C1-R3-10m,PRIMARY_ZERO_MAKER,59,MUUSDT,0.0,US_STOCK:2026-06-05T20:00:00+00:00:2026-06-08T08:00:00+00:00
0.0,0.0,0.0,0.0,D2-C1-R3-20m,PRIMARY_ZERO_MAKER,59,MUUSDT,0.0,US_STOCK:2026-06-05T20:00:00+00:00:2026-06-08T08:00:00+00:00
0.0,0.0,0.0,0.0,D2-C1-R3-30m,PRIMARY_ZERO_MAKER,59,MUUSDT,0.0,US_STOCK:2026-06-05T20:00:00+00:00:2026-06-08T08:00:00+00:00
0.0,0.0,0.0,0.0,D2-C2-R3-10m,PRIMARY_ZERO_MAKER,59,MUUSDT,0.0,US_STOCK:2026-06-05T20:00:00+00:00:2026-06-08T08:00:00+00:00
0.0,0.0,0.0,0.0,D2-C2-R3-20m,PRIMARY_ZERO_MAKER,59,MUUSDT,0.0,US_STOCK:2026-06-05T20:00:00+00:00:2026-06-08T08:00:00+00:00
0.0,0.0,0.0,0.0,D2-C2-R3-30m,PRIMARY_ZERO_MAKER,59,MUUSDT,0.0,US_STOCK:2026-06-05T20:00:00+00:00:2026-06-08T08:00:00+00:00
0.0,0.0,0.0,0.0,D2-C3-R3-10m,PRIMARY_ZERO_MAKER,59,MUUSDT,0.0,US_STOCK:2026-06-05T20:00:00+00:00:2026-06-08T08:00:00+00:00
0.0,0.0,0.0,0.0,D2-C3-R3-20m,PRIMARY_ZERO_MAKER,59,MUUSDT,0.0,US_STOCK:2026-06-05T20:00:00+00:00:2026-06-08T08:00:00+00:00
0.0,0.0,0.0,0.0,D2-C3-R3-30m,PRIMARY_ZERO_MAKER,59,MUUSDT,0.0,US_STOCK:2026-06-05T20:00:00+00:00:2026-06-08T08:00:00+00:00
0.0,0.0,0.0,0.0,D2-C1-R3-10m,PRIMARY_ZERO_MAKER,97,MUUSDT,0.0,US_STOCK:2026-06-05T20:00:00+00:00:2026-06-08T08:00:00+00:00
0.0,0.0,0.0,0.0,D2-C1-R3-20m,PRIMARY_ZERO_MAKER,97,MUUSDT,0.0,US_STOCK:2026-06-05T20:00:00+00:00:2026-06-08T08:00:00+00:00
0.0,0.0,0.0,0.0,D2-C1-R3-30m,PRIMARY_ZERO_MAKER,97,MUUSDT,0.0,US_STOCK:2026-06-05T20:00:00+00:00:2026-06-08T08:00:00+00:00
0.0,0.0,0.0,0.0,D2-C2-R3-10m,PRIMARY_ZERO_MAKER,97,MUUSDT,0.0,US_STOCK:2026-06-05T20:00:00+00:00:2026-06-08T08:00:00+00:00
0.0,0.0,0.0,0.0,D2-C2-R3-20m,PRIMARY_ZERO_MAKER,97,MUUSDT,0.0,US_STOCK:2026-06-05T20:00:00+00:00:2026-06-08T08:00:00+00:00
0.0,0.0,0.0,0.0,D2-C2-R3-30m,PRIMARY_ZERO_MAKER,97,MUUSDT,0.0,US_STOCK:2026-06-05T20:00:00+00:00:2026-06-08T08:00:00+00:00
0.0,0.0,0.0,0.0,D2-C3-R3-10m,PRIMARY_ZERO_MAKER,97,MUUSDT,0.0,US_STOCK:2026-06-05T20:00:00+00:00:2026-06-08T08:00:00+00:00
0.0,0.0,0.0,0.0,D2-C3-R3-20m,PRIMARY_ZERO_MAKER,97,MUUSDT,0.0,US_STOCK:2026-06-05T20:00:00+00:00:2026-06-08T08:00:00+00:00
0.0,0.0,0.0,0.0,D2-C3-R3-30m,PRIMARY_ZERO_MAKER,97,MUUSDT,0.0,US_STOCK:2026-06-05T20:00:00+00:00:2026-06-08T08:00:00+00:00
0.0,0.0,0.0,0.0,D2-C1-R3-10m,EXECUTION_STRESS,3,MUUSDT,0.0,US_STOCK:2026-06-05T20:00:00+00:00:2026-06-08T08:00:00+00:00
0.0,0.0,0.0,0.0,D2-C1-R3-20m,EXECUTION_STRESS,3,MUUSDT,0.0,US_STOCK:2026-06-05T20:00:00+00:00:2026-06-08T08:00:00+00:00
0.0,0.0,0.0,0.0,D2-C1-R3-30m,EXECUTION_STRESS,3,MUUSDT,0.0,US_STOCK:2026-06-05T20:00:00+00:00:2026-06-08T08:00:00+00:00
0.0,0.0,0.0,0.0,D2-C2-R3-10m,EXECUTION_STRESS,3,MUUSDT,0.0,US_STOCK:2026-06-05T20:00:00+00:00:2026-06-08T08:00:00+00:00
0.0,0.0,0.0,0.0,D2-C2-R3-20m,EXECUTION_STRESS,3,MUUSDT,0.0,US_STOCK:2026-06-05T20:00:00+00:00:2026-06-08T08:00:00+00:00
0.0,0.0,0.0,0.0,D2-C2-R3-30m,EXECUTION_STRESS,3,MUUSDT,0.0,US_STOCK:2026-06-05T20:00:00+00:00:2026-06-08T08:00:00+00:00
0.0,0.0,0.0,0.0,D2-C3-R3-10m,EXECUTION_STRESS,3,MUUSDT,0.0,US_STOCK:2026-06-05T20:00:00+00:00:2026-06-08T08:00:00+00:00
0.0,0.0,0.0,0.0,D2-C3-R3-20m,EXECUTION_STRESS,3,MUUSDT,0.0,US_STOCK:2026-06-05T20:00:00+00:00:2026-06-08T08:00:00+00:00
0.0,0.0,0.0,0.0,D2-C3-R3-30m,EXECUTION_STRESS,3,MUUSDT,0.0,US_STOCK:2026-06-05T20:00:00+00:00:2026-06-08T08:00:00+00:00
0.0,0.0,0.0,0.0,D2-C1-R3-10m,EXECUTION_STRESS,10,MUUSDT,0.0,US_STOCK:2026-06-05T20:00:00+00:00:2026-06-08T08:00:00+00:00
0.0,0.0,0.0,0.0,D2-C1-R3-20m,EXECUTION_STRESS,10,MUUSDT,0.0,US_STOCK:2026-06-05T20:00:00+00:00:2026-06-08T08:00:00+00:00
0.0,0.0,0.0,0.0,D2-C1-R3-30m,EXECUTION_STRESS,10,MUUSDT,0.0,US_STOCK:2026-06-05T20:00:00+00:00:2026-06-08T08:00:00+00:00
0.0,0.0,0.0,0.0,D2-C2-R3-10m,EXECUTION_STRESS,10,MUUSDT,0.0,US_STOCK:2026-06-05T20:00:00+00:00:2026-06-08T08:00:00+00:00
0.0,0.0,0.0,0.0,D2-C2-R3-20m,EXECUTION_STRESS,10,MUUSDT,0.0,US_STOCK:2026-06-05T20:00:00+00:00:2026-06-08T08:00:00+00:00
0.0,0.0,0.0,0.0,D2-C2-R3-30m,EXECUTION_STRESS,10,MUUSDT,0.0,US_STOCK:2026-06-05T20:00:00+00:00:2026-06-08T08:00:00+00:00
0.0,0.0,0.0,0.0,D2-C3-R3-10m,EXECUTION_STRESS,10,MUUSDT,0.0,US_STOCK:2026-06-05T20:00:00+00:00:2026-06-08T08:00:00+00:00
0.0,0.0,0.0,0.0,D2-C3-R3-20m,EXECUTION_STRESS,10,MUUSDT,0.0,US_STOCK:2026-06-05T20:00:00+00:00:2026-06-08T08:00:00+00:00
0.0,0.0,0.0,0.0,D2-C3-R3-30m,EXECUTION_STRESS,10,MUUSDT,0.0,US_STOCK:2026-06-05T20:00:00+00:00:2026-06-08T08:00:00+00:00
0.0,0.0,0.0,0.0,D2-C1-R3-10m,EXECUTION_STRESS,17,MUUSDT,0.0,US_STOCK:2026-06-05T20:00:00+00:00:2026-06-08T08:00:00+00:00
0.0,0.0,0.0,0.0,D2-C1-R3-20m,EXECUTION_STRESS,17,MUUSDT,0.0,US_STOCK:2026-06-05T20:00:00+00:00:2026-06-08T08:00:00+00:00
0.0,0.0,0.0,0.0,D2-C1-R3-30m,EXECUTION_STRESS,17,MUUSDT,0.0,US_STOCK:2026-06-05T20:00:00+00:00:2026-06-08T08:00:00+00:00
0.0,0.0,0.0,0.0,D2-C2-R3-10m,EXECUTION_STRESS,17,MUUSDT,0.0,US_STOCK:2026-06-05T20:00:00+00:00:2026-06-08T08:00:00+00:00
0.0,0.0,0.0,0.0,D2-C2-R3-20m,EXECUTION_STRESS,17,MUUSDT,0.0,US_STOCK:2026-06-05T20:00:00+00:00:2026-06-08T08:00:00+00:00
0.0,0.0,0.0,0.0,D2-C2-R3-30m,EXECUTION_STRESS,17,MUUSDT,0.0,US_STOCK:2026-06-05T20:00:00+00:00:2026-06-08T08:00:00+00:00
0.0,0.0,0.0,0.0,D2-C3-R3-10m,EXECUTION_STRESS,17,MUUSDT,0.0,US_STOCK:2026-06-05T20:00:00+00:00:2026-06-08T08:00:00+00:00
0.0,0.0,0.0,0.0,D2-C3-R3-20m,EXECUTION_STRESS,17,MUUSDT,0.0,US_STOCK:2026-06-05T20:00:00+00:00:2026-06-08T08:00:00+00:00
0.0,0.0,0.0,0.0,D2-C3-R3-30m,EXECUTION_STRESS,17,MUUSDT,0.0,US_STOCK:2026-06-05T20:00:00+00:00:2026-06-08T08:00:00+00:00
0.0,0.0,0.0,0.0,D2-C1-R3-10m,EXECUTION_STRESS,31,MUUSDT,0.0,US_STOCK:2026-06-05T20:00:00+00:00:2026-06-08T08:00:00+00:00
0.0,0.0,0.0,0.0,D2-C1-R3-20m,EXECUTION_STRESS,31,MUUSDT,0.0,US_STOCK:2026-06-05T20:00:00+00:00:2026-06-08T08:00:00+00:00
0.0,0.0,0.0,0.0,D2-C1-R3-30m,EXECUTION_STRESS,31,MUUSDT,0.0,US_STOCK:2026-06-05T20:00:00+00:00:2026-06-08T08:00:00+00:00
0.0,0.0,0.0,0.0,D2-C2-R3-10m,EXECUTION_STRESS,31,MUUSDT,0.0,US_STOCK:2026-06-05T20:00:00+00:00:2026-06-08T08:00:00+00:00
0.0,0.0,0.0,0.0,D2-C2-R3-20m,EXECUTION_STRESS,31,MUUSDT,0.0,US_STOCK:2026-06-05T20:00:00+00:00:2026-06-08T08:00:00+00:00
0.0,0.0,0.0,0.0,D2-C2-R3-30m,EXECUTION_STRESS,31,MUUSDT,0.0,US_STOCK:2026-06-05T20:00:00+00:00:2026-06-08T08:00:00+00:00
0.0,0.0,0.0,0.0,D2-C3-R3-10m,EXECUTION_STRESS,31,MUUSDT,0.0,US_STOCK:2026-06-05T20:00:00+00:00:2026-06-08T08:00:00+00:00
0.0,0.0,0.0,0.0,D2-C3-R3-20m,EXECUTION_STRESS,31,MUUSDT,0.0,US_STOCK:2026-06-05T20:00:00+00:00:2026-06-08T08:00:00+00:00
0.0,0.0,0.0,0.0,D2-C3-R3-30m,EXECUTION_STRESS,31,MUUSDT,0.0,US_STOCK:2026-06-05T20:00:00+00:00:2026-06-08T08:00:00+00:00
0.0,0.0,0.0,0.0,D2-C1-R3-10m,EXECUTION_STRESS,59,MUUSDT,0.0,US_STOCK:2026-06-05T20:00:00+00:00:2026-06-08T08:00:00+00:00
0.0,0.0,0.0,0.0,D2-C1-R3-20m,EXECUTION_STRESS,59,MUUSDT,0.0,US_STOCK:2026-06-05T20:00:00+00:00:2026-06-08T08:00:00+00:00
0.0,0.0,0.0,0.0,D2-C1-R3-30m,EXECUTION_STRESS,59,MUUSDT,0.0,US_STOCK:2026-06-05T20:00:00+00:00:2026-06-08T08:00:00+00:00
0.0,0.0,0.0,0.0,D2-C2-R3-10m,EXECUTION_STRESS,59,MUUSDT,0.0,US_STOCK:2026-06-05T20:00:00+00:00:2026-06-08T08:00:00+00:00
0.0,0.0,0.0,0.0,D2-C2-R3-20m,EXECUTION_STRESS,59,MUUSDT,0.0,US_STOCK:2026-06-05T20:00:00+00:00:2026-06-08T08:00:00+00:00
0.0,0.0,0.0,0.0,D2-C2-R3-30m,EXECUTION_STRESS,59,MUUSDT,0.0,US_STOCK:2026-06-05T20:00:00+00:00:2026-06-08T08:00:00+00:00
0.0,0.0,0.0,0.0,D2-C3-R3-10m,EXECUTION_STRESS,59,MUUSDT,0.0,US_STOCK:2026-06-05T20:00:00+00:00:2026-06-08T08:00:00+00:00
0.0,0.0,0.0,0.0,D2-C3-R3-20m,EXECUTION_STRESS,59,MUUSDT,0.0,US_STOCK:2026-06-05T20:00:00+00:00:2026-06-08T08:00:00+00:00
0.0,0.0,0.0,0.0,D2-C3-R3-30m,EXECUTION_STRESS,59,MUUSDT,0.0,US_STOCK:2026-06-05T20:00:00+00:00:2026-06-08T08:00:00+00:00
0.0,0.0,0.0,0.0,D2-C1-R3-10m,EXECUTION_STRESS,97,MUUSDT,0.0,US_STOCK:2026-06-05T20:00:00+00:00:2026-06-08T08:00:00+00:00
0.0,0.0,0.0,0.0,D2-C1-R3-20m,EXECUTION_STRESS,97,MUUSDT,0.0,US_STOCK:2026-06-05T20:00:00+00:00:2026-06-08T08:00:00+00:00
0.0,0.0,0.0,0.0,D2-C1-R3-30m,EXECUTION_STRESS,97,MUUSDT,0.0,US_STOCK:2026-06-05T20:00:00+00:00:2026-06-08T08:00:00+00:00
0.0,0.0,0.0,0.0,D2-C2-R3-10m,EXECUTION_STRESS,97,MUUSDT,0.0,US_STOCK:2026-06-05T20:00:00+00:00:2026-06-08T08:00:00+00:00
0.0,0.0,0.0,0.0,D2-C2-R3-20m,EXECUTION_STRESS,97,MUUSDT,0.0,US_STOCK:2026-06-05T20:00:00+00:00:2026-06-08T08:00:00+00:00
0.0,0.0,0.0,0.0,D2-C2-R3-30m,EXECUTION_STRESS,97,MUUSDT,0.0,US_STOCK:2026-06-05T20:00:00+00:00:2026-06-08T08:00:00+00:00
0.0,0.0,0.0,0.0,D2-C3-R3-10m,EXECUTION_STRESS,97,MUUSDT,0.0,US_STOCK:2026-06-05T20:00:00+00:00:2026-06-08T08:00:00+00:00
0.0,0.0,0.0,0.0,D2-C3-R3-20m,EXECUTION_STRESS,97,MUUSDT,0.0,US_STOCK:2026-06-05T20:00:00+00:00:2026-06-08T08:00:00+00:00
0.0,0.0,0.0,0.0,D2-C3-R3-30m,EXECUTION_STRESS,97,MUUSDT,0.0,US_STOCK:2026-06-05T20:00:00+00:00:2026-06-08T08:00:00+00:00
0.0,0.0,0.0,0.0,D2-C1-R3-10m,MAKER_PROMO_OFF,3,MUUSDT,0.0,US_STOCK:2026-06-05T20:00:00+00:00:2026-06-08T08:00:00+00:00
0.0,0.0,0.0,0.0,D2-C1-R3-20m,MAKER_PROMO_OFF,3,MUUSDT,0.0,US_STOCK:2026-06-05T20:00:00+00:00:2026-06-08T08:00:00+00:00
0.0,0.0,0.0,0.0,D2-C1-R3-30m,MAKER_PROMO_OFF,3,MUUSDT,0.0,US_STOCK:2026-06-05T20:00:00+00:00:2026-06-08T08:00:00+00:00
0.0,0.0,0.0,0.0,D2-C2-R3-10m,MAKER_PROMO_OFF,3,MUUSDT,0.0,US_STOCK:2026-06-05T20:00:00+00:00:2026-06-08T08:00:00+00:00
0.0,0.0,0.0,0.0,D2-C2-R3-20m,MAKER_PROMO_OFF,3,MUUSDT,0.0,US_STOCK:2026-06-05T20:00:00+00:00:2026-06-08T08:00:00+00:00
0.0,0.0,0.0,0.0,D2-C2-R3-30m,MAKER_PROMO_OFF,3,MUUSDT,0.0,US_STOCK:2026-06-05T20:00:00+00:00:2026-06-08T08:00:00+00:00
0.0,0.0,0.0,0.0,D2-C3-R3-10m,MAKER_PROMO_OFF,3,MUUSDT,0.0,US_STOCK:2026-06-05T20:00:00+00:00:2026-06-08T08:00:00+00:00
0.0,0.0,0.0,0.0,D2-C3-R3-20m,MAKER_PROMO_OFF,3,MUUSDT,0.0,US_STOCK:2026-06-05T20:00:00+00:00:2026-06-08T08:00:00+00:00
0.0,0.0,0.0,0.0,D2-C3-R3-30m,MAKER_PROMO_OFF,3,MUUSDT,0.0,US_STOCK:2026-06-05T20:00:00+00:00:2026-06-08T08:00:00+00:00
0.0,0.0,0.0,0.0,D2-C1-R3-10m,MAKER_PROMO_OFF,10,MUUSDT,0.0,US_STOCK:2026-06-05T20:00:00+00:00:2026-06-08T08:00:00+00:00
0.0,0.0,0.0,0.0,D2-C1-R3-20m,MAKER_PROMO_OFF,10,MUUSDT,0.0,US_STOCK:2026-06-05T20:00:00+00:00:2026-06-08T08:00:00+00:00
0.0,0.0,0.0,0.0,D2-C1-R3-30m,MAKER_PROMO_OFF,10,MUUSDT,0.0,US_STOCK:2026-06-05T20:00:00+00:00:2026-06-08T08:00:00+00:00
0.0,0.0,0.0,0.0,D2-C2-R3-10m,MAKER_PROMO_OFF,10,MUUSDT,0.0,US_STOCK:2026-06-05T20:00:00+00:00:2026-06-08T08:00:00+00:00
0.0,0.0,0.0,0.0,D2-C2-R3-20m,MAKER_PROMO_OFF,10,MUUSDT,0.0,US_STOCK:2026-06-05T20:00:00+00:00:2026-06-08T08:00:00+00:00
0.0,0.0,0.0,0.0,D2-C2-R3-30m,MAKER_PROMO_OFF,10,MUUSDT,0.0,US_STOCK:2026-06-05T20:00:00+00:00:2026-06-08T08:00:00+00:00
0.0,0.0,0.0,0.0,D2-C3-R3-10m,MAKER_PROMO_OFF,10,MUUSDT,0.0,US_STOCK:2026-06-05T20:00:00+00:00:2026-06-08T08:00:00+00:00
0.0,0.0,0.0,0.0,D2-C3-R3-20m,MAKER_PROMO_OFF,10,MUUSDT,0.0,US_STOCK:2026-06-05T20:00:00+00:00:2026-06-08T08:00:00+00:00
0.0,0.0,0.0,0.0,D2-C3-R3-30m,MAKER_PROMO_OFF,10,MUUSDT,0.0,US_STOCK:2026-06-05T20:00:00+00:00:2026-06-08T08:00:00+00:00
0.0,0.0,0.0,0.0,D2-C1-R3-10m,MAKER_PROMO_OFF,17,MUUSDT,0.0,US_STOCK:2026-06-05T20:00:00+00:00:2026-06-08T08:00:00+00:00
0.0,0.0,0.0,0.0,D2-C1-R3-20m,MAKER_PROMO_OFF,17,MUUSDT,0.0,US_STOCK:2026-06-05T20:00:00+00:00:2026-06-08T08:00:00+00:00
0.0,0.0,0.0,0.0,D2-C1-R3-30m,MAKER_PROMO_OFF,17,MUUSDT,0.0,US_STOCK:2026-06-05T20:00:00+00:00:2026-06-08T08:00:00+00:00
0.0,0.0,0.0,0.0,D2-C2-R3-10m,MAKER_PROMO_OFF,17,MUUSDT,0.0,US_STOCK:2026-06-05T20:00:00+00:00:2026-06-08T08:00:00+00:00
0.0,0.0,0.0,0.0,D2-C2-R3-20m,MAKER_PROMO_OFF,17,MUUSDT,0.0,US_STOCK:2026-06-05T20:00:00+00:00:2026-06-08T08:00:00+00:00
0.0,0.0,0.0,0.0,D2-C2-R3-30m,MAKER_PROMO_OFF,17,MUUSDT,0.0,US_STOCK:2026-06-05T20:00:00+00:00:2026-06-08T08:00:00+00:00
0.0,0.0,0.0,0.0,D2-C3-R3-10m,MAKER_PROMO_OFF,17,MUUSDT,0.0,US_STOCK:2026-06-05T20:00:00+00:00:2026-06-08T08:00:00+00:00
0.0,0.0,0.0,0.0,D2-C3-R3-20m,MAKER_PROMO_OFF,17,MUUSDT,0.0,US_STOCK:2026-06-05T20:00:00+00:00:2026-06-08T08:00:00+00:00
0.0,0.0,0.0,0.0,D2-C3-R3-30m,MAKER_PROMO_OFF,17,MUUSDT,0.0,US_STOCK:2026-06-05T20:00:00+00:00:2026-06-08T08:00:00+00:00
0.0,0.0,0.0,0.0,D2-C1-R3-10m,MAKER_PROMO_OFF,31,MUUSDT,0.0,US_STOCK:2026-06-05T20:00:00+00:00:2026-06-08T08:00:00+00:00
0.0,0.0,0.0,0.0,D2-C1-R3-20m,MAKER_PROMO_OFF,31,MUUSDT,0.0,US_STOCK:2026-06-05T20:00:00+00:00:2026-06-08T08:00:00+00:00
0.0,0.0,0.0,0.0,D2-C1-R3-30m,MAKER_PROMO_OFF,31,MUUSDT,0.0,US_STOCK:2026-06-05T20:00:00+00:00:2026-06-08T08:00:00+00:00
0.0,0.0,0.0,0.0,D2-C2-R3-10m,MAKER_PROMO_OFF,31,MUUSDT,0.0,US_STOCK:2026-06-05T20:00:00+00:00:2026-06-08T08:00:00+00:00
0.0,0.0,0.0,0.0,D2-C2-R3-20m,MAKER_PROMO_OFF,31,MUUSDT,0.0,US_STOCK:2026-06-05T20:00:00+00:00:2026-06-08T08:00:00+00:00
0.0,0.0,0.0,0.0,D2-C2-R3-30m,MAKER_PROMO_OFF,31,MUUSDT,0.0,US_STOCK:2026-06-05T20:00:00+00:00:2026-06-08T08:00:00+00:00
0.0,0.0,0.0,0.0,D2-C3-R3-10m,MAKER_PROMO_OFF,31,MUUSDT,0.0,US_STOCK:2026-06-05T20:00:00+00:00:2026-06-08T08:00:00+00:00
0.0,0.0,0.0,0.0,D2-C3-R3-20m,MAKER_PROMO_OFF,31,MUUSDT,0.0,US_STOCK:2026-06-05T20:00:00+00:00:2026-06-08T08:00:00+00:00
0.0,0.0,0.0,0.0,D2-C3-R3-30m,MAKER_PROMO_OFF,31,MUUSDT,0.0,US_STOCK:2026-06-05T20:00:00+00:00:2026-06-08T08:00:00+00:00
0.0,0.0,0.0,0.0,D2-C1-R3-10m,MAKER_PROMO_OFF,59,MUUSDT,0.0,US_STOCK:2026-06-05T20:00:00+00:00:2026-06-08T08:00:00+00:00
0.0,0.0,0.0,0.0,D2-C1-R3-20m,MAKER_PROMO_OFF,59,MUUSDT,0.0,US_STOCK:2026-06-05T20:00:00+00:00:2026-06-08T08:00:00+00:00
0.0,0.0,0.0,0.0,D2-C1-R3-30m,MAKER_PROMO_OFF,59,MUUSDT,0.0,US_STOCK:2026-06-05T20:00:00+00:00:2026-06-08T08:00:00+00:00
0.0,0.0,0.0,0.0,D2-C2-R3-10m,MAKER_PROMO_OFF,59,MUUSDT,0.0,US_STOCK:2026-06-05T20:00:00+00:00:2026-06-08T08:00:00+00:00
0.0,0.0,0.0,0.0,D2-C2-R3-20m,MAKER_PROMO_OFF,59,MUUSDT,0.0,US_STOCK:2026-06-05T20:00:00+00:00:2026-06-08T08:00:00+00:00
0.0,0.0,0.0,0.0,D2-C2-R3-30m,MAKER_PROMO_OFF,59,MUUSDT,0.0,US_STOCK:2026-06-05T20:00:00+00:00:2026-06-08T08:00:00+00:00
0.0,0.0,0.0,0.0,D2-C3-R3-10m,MAKER_PROMO_OFF,59,MUUSDT,0.0,US_STOCK:2026-06-05T20:00:00+00:00:2026-06-08T08:00:00+00:00
0.0,0.0,0.0,0.0,D2-C3-R3-20m,MAKER_PROMO_OFF,59,MUUSDT,0.0,US_STOCK:2026-06-05T20:00:00+00:00:2026-06-08T08:00:00+00:00
0.0,0.0,0.0,0.0,D2-C3-R3-30m,MAKER_PROMO_OFF,59,MUUSDT,0.0,US_STOCK:2026-06-05T20:00:00+00:00:2026-06-08T08:00:00+00:00
0.0,0.0,0.0,0.0,D2-C1-R3-10m,MAKER_PROMO_OFF,97,MUUSDT,0.0,US_STOCK:2026-06-05T20:00:00+00:00:2026-06-08T08:00:00+00:00
0.0,0.0,0.0,0.0,D2-C1-R3-20m,MAKER_PROMO_OFF,97,MUUSDT,0.0,US_STOCK:2026-06-05T20:00:00+00:00:2026-06-08T08:00:00+00:00
0.0,0.0,0.0,0.0,D2-C1-R3-30m,MAKER_PROMO_OFF,97,MUUSDT,0.0,US_STOCK:2026-06-05T20:00:00+00:00:2026-06-08T08:00:00+00:00
0.0,0.0,0.0,0.0,D2-C2-R3-10m,MAKER_PROMO_OFF,97,MUUSDT,0.0,US_STOCK:2026-06-05T20:00:00+00:00:2026-06-08T08:00:00+00:00
0.0,0.0,0.0,0.0,D2-C2-R3-20m,MAKER_PROMO_OFF,97,MUUSDT,0.0,US_STOCK:2026-06-05T20:00:00+00:00:2026-06-08T08:00:00+00:00
0.0,0.0,0.0,0.0,D2-C2-R3-30m,MAKER_PROMO_OFF,97,MUUSDT,0.0,US_STOCK:2026-06-05T20:00:00+00:00:2026-06-08T08:00:00+00:00
0.0,0.0,0.0,0.0,D2-C3-R3-10m,MAKER_PROMO_OFF,97,MUUSDT,0.0,US_STOCK:2026-06-05T20:00:00+00:00:2026-06-08T08:00:00+00:00
0.0,0.0,0.0,0.0,D2-C3-R3-20m,MAKER_PROMO_OFF,97,MUUSDT,0.0,US_STOCK:2026-06-05T20:00:00+00:00:2026-06-08T08:00:00+00:00
0.0,0.0,0.0,0.0,D2-C3-R3-30m,MAKER_PROMO_OFF,97,MUUSDT,0.0,US_STOCK:2026-06-05T20:00:00+00:00:2026-06-08T08:00:00+00:00
0.0,0.0,0.0,0.0,D2-C1-R3-10m,PRIMARY_ZERO_MAKER,3,MUUSDT,0.0,US_STOCK:2026-06-18T20:00:00+00:00:2026-06-22T08:00:00+00:00
0.0,0.0,0.0,0.0,D2-C1-R3-20m,PRIMARY_ZERO_MAKER,3,MUUSDT,0.0,US_STOCK:2026-06-18T20:00:00+00:00:2026-06-22T08:00:00+00:00
0.0,0.0,0.0,0.0,D2-C1-R3-30m,PRIMARY_ZERO_MAKER,3,MUUSDT,0.0,US_STOCK:2026-06-18T20:00:00+00:00:2026-06-22T08:00:00+00:00
0.0,0.0,0.0,0.0,D2-C2-R3-10m,PRIMARY_ZERO_MAKER,3,MUUSDT,0.0,US_STOCK:2026-06-18T20:00:00+00:00:2026-06-22T08:00:00+00:00
0.0,0.0,0.0,0.0,D2-C2-R3-20m,PRIMARY_ZERO_MAKER,3,MUUSDT,0.0,US_STOCK:2026-06-18T20:00:00+00:00:2026-06-22T08:00:00+00:00
0.0,0.0,0.0,0.0,D2-C2-R3-30m,PRIMARY_ZERO_MAKER,3,MUUSDT,0.0,US_STOCK:2026-06-18T20:00:00+00:00:2026-06-22T08:00:00+00:00
0.0,0.0,0.0,0.0,D2-C3-R3-10m,PRIMARY_ZERO_MAKER,3,MUUSDT,0.0,US_STOCK:2026-06-18T20:00:00+00:00:2026-06-22T08:00:00+00:00
0.0,0.0,0.0,0.0,D2-C3-R3-20m,PRIMARY_ZERO_MAKER,3,MUUSDT,0.0,US_STOCK:2026-06-18T20:00:00+00:00:2026-06-22T08:00:00+00:00
0.0,0.0,0.0,0.0,D2-C3-R3-30m,PRIMARY_ZERO_MAKER,3,MUUSDT,0.0,US_STOCK:2026-06-18T20:00:00+00:00:2026-06-22T08:00:00+00:00
0.0,0.0,0.0,0.0,D2-C1-R3-10m,PRIMARY_ZERO_MAKER,10,MUUSDT,0.0,US_STOCK:2026-06-18T20:00:00+00:00:2026-06-22T08:00:00+00:00
0.0,0.0,0.0,0.0,D2-C1-R3-20m,PRIMARY_ZERO_MAKER,10,MUUSDT,0.0,US_STOCK:2026-06-18T20:00:00+00:00:2026-06-22T08:00:00+00:00
0.0,0.0,0.0,0.0,D2-C1-R3-30m,PRIMARY_ZERO_MAKER,10,MUUSDT,0.0,US_STOCK:2026-06-18T20:00:00+00:00:2026-06-22T08:00:00+00:00
0.0,0.0,0.0,0.0,D2-C2-R3-10m,PRIMARY_ZERO_MAKER,10,MUUSDT,0.0,US_STOCK:2026-06-18T20:00:00+00:00:2026-06-22T08:00:00+00:00
0.0,0.0,0.0,0.0,D2-C2-R3-20m,PRIMARY_ZERO_MAKER,10,MUUSDT,0.0,US_STOCK:2026-06-18T20:00:00+00:00:2026-06-22T08:00:00+00:00
0.0,0.0,0.0,0.0,D2-C2-R3-30m,PRIMARY_ZERO_MAKER,10,MUUSDT,0.0,US_STOCK:2026-06-18T20:00:00+00:00:2026-06-22T08:00:00+00:00
0.0,0.0,0.0,0.0,D2-C3-R3-10m,PRIMARY_ZERO_MAKER,10,MUUSDT,0.0,US_STOCK:2026-06-18T20:00:00+00:00:2026-06-22T08:00:00+00:00
0.0,0.0,0.0,0.0,D2-C3-R3-20m,PRIMARY_ZERO_MAKER,10,MUUSDT,0.0,US_STOCK:2026-06-18T20:00:00+00:00:2026-06-22T08:00:00+00:00
0.0,0.0,0.0,0.0,D2-C3-R3-30m,PRIMARY_ZERO_MAKER,10,MUUSDT,0.0,US_STOCK:2026-06-18T20:00:00+00:00:2026-06-22T08:00:00+00:00
0.0,0.0,0.0,0.0,D2-C1-R3-10m,PRIMARY_ZERO_MAKER,17,MUUSDT,0.0,US_STOCK:2026-06-18T20:00:00+00:00:2026-06-22T08:00:00+00:00
0.0,0.0,0.0,0.0,D2-C1-R3-20m,PRIMARY_ZERO_MAKER,17,MUUSDT,0.0,US_STOCK:2026-06-18T20:00:00+00:00:2026-06-22T08:00:00+00:00
0.0,0.0,0.0,0.0,D2-C1-R3-30m,PRIMARY_ZERO_MAKER,17,MUUSDT,0.0,US_STOCK:2026-06-18T20:00:00+00:00:2026-06-22T08:00:00+00:00
0.0,0.0,0.0,0.0,D2-C2-R3-10m,PRIMARY_ZERO_MAKER,17,MUUSDT,0.0,US_STOCK:2026-06-18T20:00:00+00:00:2026-06-22T08:00:00+00:00
0.0,0.0,0.0,0.0,D2-C2-R3-20m,PRIMARY_ZERO_MAKER,17,MUUSDT,0.0,US_STOCK:2026-06-18T20:00:00+00:00:2026-06-22T08:00:00+00:00
0.0,0.0,0.0,0.0,D2-C2-R3-30m,PRIMARY_ZERO_MAKER,17,MUUSDT,0.0,US_STOCK:2026-06-18T20:00:00+00:00:2026-06-22T08:00:00+00:00
0.0,0.0,0.0,0.0,D2-C3-R3-10m,PRIMARY_ZERO_MAKER,17,MUUSDT,0.0,US_STOCK:2026-06-18T20:00:00+00:00:2026-06-22T08:00:00+00:00
0.0,0.0,0.0,0.0,D2-C3-R3-20m,PRIMARY_ZERO_MAKER,17,MUUSDT,0.0,US_STOCK:2026-06-18T20:00:00+00:00:2026-06-22T08:00:00+00:00
0.0,0.0,0.0,0.0,D2-C3-R3-30m,PRIMARY_ZERO_MAKER,17,MUUSDT,0.0,US_STOCK:2026-06-18T20:00:00+00:00:2026-06-22T08:00:00+00:00
0.0,0.0,0.0,0.0,D2-C1-R3-10m,PRIMARY_ZERO_MAKER,31,MUUSDT,0.0,US_STOCK:2026-06-18T20:00:00+00:00:2026-06-22T08:00:00+00:00
0.0,0.0,0.0,0.0,D2-C1-R3-20m,PRIMARY_ZERO_MAKER,31,MUUSDT,0.0,US_STOCK:2026-06-18T20:00:00+00:00:2026-06-22T08:00:00+00:00
0.0,0.0,0.0,0.0,D2-C1-R3-30m,PRIMARY_ZERO_MAKER,31,MUUSDT,0.0,US_STOCK:2026-06-18T20:00:00+00:00:2026-06-22T08:00:00+00:00
0.0,0.0,0.0,0.0,D2-C2-R3-10m,PRIMARY_ZERO_MAKER,31,MUUSDT,0.0,US_STOCK:2026-06-18T20:00:00+00:00:2026-06-22T08:00:00+00:00
0.0,0.0,0.0,0.0,D2-C2-R3-20m,PRIMARY_ZERO_MAKER,31,MUUSDT,0.0,US_STOCK:2026-06-18T20:00:00+00:00:2026-06-22T08:00:00+00:00
0.0,0.0,0.0,0.0,D2-C2-R3-30m,PRIMARY_ZERO_MAKER,31,MUUSDT,0.0,US_STOCK:2026-06-18T20:00:00+00:00:2026-06-22T08:00:00+00:00
0.0,0.0,0.0,0.0,D2-C3-R3-10m,PRIMARY_ZERO_MAKER,31,MUUSDT,0.0,US_STOCK:2026-06-18T20:00:00+00:00:2026-06-22T08:00:00+00:00
0.0,0.0,0.0,0.0,D2-C3-R3-20m,PRIMARY_ZERO_MAKER,31,MUUSDT,0.0,US_STOCK:2026-06-18T20:00:00+00:00:2026-06-22T08:00:00+00:00
0.0,0.0,0.0,0.0,D2-C3-R3-30m,PRIMARY_ZERO_MAKER,31,MUUSDT,0.0,US_STOCK:2026-06-18T20:00:00+00:00:2026-06-22T08:00:00+00:00
0.0,0.0,0.0,0.0,D2-C1-R3-10m,PRIMARY_ZERO_MAKER,59,MUUSDT,0.0,US_STOCK:2026-06-18T20:00:00+00:00:2026-06-22T08:00:00+00:00
0.0,0.0,0.0,0.0,D2-C1-R3-20m,PRIMARY_ZERO_MAKER,59,MUUSDT,0.0,US_STOCK:2026-06-18T20:00:00+00:00:2026-06-22T08:00:00+00:00
0.0,0.0,0.0,0.0,D2-C1-R3-30m,PRIMARY_ZERO_MAKER,59,MUUSDT,0.0,US_STOCK:2026-06-18T20:00:00+00:00:2026-06-22T08:00:00+00:00
0.0,0.0,0.0,0.0,D2-C2-R3-10m,PRIMARY_ZERO_MAKER,59,MUUSDT,0.0,US_STOCK:2026-06-18T20:00:00+00:00:2026-06-22T08:00:00+00:00
0.0,0.0,0.0,0.0,D2-C2-R3-20m,PRIMARY_ZERO_MAKER,59,MUUSDT,0.0,US_STOCK:2026-06-18T20:00:00+00:00:2026-06-22T08:00:00+00:00
0.0,0.0,0.0,0.0,D2-C2-R3-30m,PRIMARY_ZERO_MAKER,59,MUUSDT,0.0,US_STOCK:2026-06-18T20:00:00+00:00:2026-06-22T08:00:00+00:00
0.0,0.0,0.0,0.0,D2-C3-R3-10m,PRIMARY_ZERO_MAKER,59,MUUSDT,0.0,US_STOCK:2026-06-18T20:00:00+00:00:2026-06-22T08:00:00+00:00
0.0,0.0,0.0,0.0,D2-C3-R3-20m,PRIMARY_ZERO_MAKER,59,MUUSDT,0.0,US_STOCK:2026-06-18T20:00:00+00:00:2026-06-22T08:00:00+00:00
0.0,0.0,0.0,0.0,D2-C3-R3-30m,PRIMARY_ZERO_MAKER,59,MUUSDT,0.0,US_STOCK:2026-06-18T20:00:00+00:00:2026-06-22T08:00:00+00:00
0.0,0.0,0.0,0.0,D2-C1-R3-10m,PRIMARY_ZERO_MAKER,97,MUUSDT,0.0,US_STOCK:2026-06-18T20:00:00+00:00:2026-06-22T08:00:00+00:00
0.0,0.0,0.0,0.0,D2-C1-R3-20m,PRIMARY_ZERO_MAKER,97,MUUSDT,0.0,US_STOCK:2026-06-18T20:00:00+00:00:2026-06-22T08:00:00+00:00
0.0,0.0,0.0,0.0,D2-C1-R3-30m,PRIMARY_ZERO_MAKER,97,MUUSDT,0.0,US_STOCK:2026-06-18T20:00:00+00:00:2026-06-22T08:00:00+00:00
0.0,0.0,0.0,0.0,D2-C2-R3-10m,PRIMARY_ZERO_MAKER,97,MUUSDT,0.0,US_STOCK:2026-06-18T20:00:00+00:00:2026-06-22T08:00:00+00:00
0.0,0.0,0.0,0.0,D2-C2-R3-20m,PRIMARY_ZERO_MAKER,97,MUUSDT,0.0,US_STOCK:2026-06-18T20:00:00+00:00:2026-06-22T08:00:00+00:00
0.0,0.0,0.0,0.0,D2-C2-R3-30m,PRIMARY_ZERO_MAKER,97,MUUSDT,0.0,US_STOCK:2026-06-18T20:00:00+00:00:2026-06-22T08:00:00+00:00
0.0,0.0,0.0,0.0,D2-C3-R3-10m,PRIMARY_ZERO_MAKER,97,MUUSDT,0.0,US_STOCK:2026-06-18T20:00:00+00:00:2026-06-22T08:00:00+00:00
0.0,0.0,0.0,0.0,D2-C3-R3-20m,PRIMARY_ZERO_MAKER,97,MUUSDT,0.0,US_STOCK:2026-06-18T20:00:00+00:00:2026-06-22T08:00:00+00:00
0.0,0.0,0.0,0.0,D2-C3-R3-30m,PRIMARY_ZERO_MAKER,97,MUUSDT,0.0,US_STOCK:2026-06-18T20:00:00+00:00:2026-06-22T08:00:00+00:00
0.0,0.0,0.0,0.0,D2-C1-R3-10m,EXECUTION_STRESS,3,MUUSDT,0.0,US_STOCK:2026-06-18T20:00:00+00:00:2026-06-22T08:00:00+00:00
0.0,0.0,0.0,0.0,D2-C1-R3-20m,EXECUTION_STRESS,3,MUUSDT,0.0,US_STOCK:2026-06-18T20:00:00+00:00:2026-06-22T08:00:00+00:00
0.0,0.0,0.0,0.0,D2-C1-R3-30m,EXECUTION_STRESS,3,MUUSDT,0.0,US_STOCK:2026-06-18T20:00:00+00:00:2026-06-22T08:00:00+00:00
0.0,0.0,0.0,0.0,D2-C2-R3-10m,EXECUTION_STRESS,3,MUUSDT,0.0,US_STOCK:2026-06-18T20:00:00+00:00:2026-06-22T08:00:00+00:00
0.0,0.0,0.0,0.0,D2-C2-R3-20m,EXECUTION_STRESS,3,MUUSDT,0.0,US_STOCK:2026-06-18T20:00:00+00:00:2026-06-22T08:00:00+00:00
0.0,0.0,0.0,0.0,D2-C2-R3-30m,EXECUTION_STRESS,3,MUUSDT,0.0,US_STOCK:2026-06-18T20:00:00+00:00:2026-06-22T08:00:00+00:00
0.0,0.0,0.0,0.0,D2-C3-R3-10m,EXECUTION_STRESS,3,MUUSDT,0.0,US_STOCK:2026-06-18T20:00:00+00:00:2026-06-22T08:00:00+00:00
0.0,0.0,0.0,0.0,D2-C3-R3-20m,EXECUTION_STRESS,3,MUUSDT,0.0,US_STOCK:2026-06-18T20:00:00+00:00:2026-06-22T08:00:00+00:00
0.0,0.0,0.0,0.0,D2-C3-R3-30m,EXECUTION_STRESS,3,MUUSDT,0.0,US_STOCK:2026-06-18T20:00:00+00:00:2026-06-22T08:00:00+00:00
0.0,0.0,0.0,0.0,D2-C1-R3-10m,EXECUTION_STRESS,10,MUUSDT,0.0,US_STOCK:2026-06-18T20:00:00+00:00:2026-06-22T08:00:00+00:00
0.0,0.0,0.0,0.0,D2-C1-R3-20m,EXECUTION_STRESS,10,MUUSDT,0.0,US_STOCK:2026-06-18T20:00:00+00:00:2026-06-22T08:00:00+00:00
0.0,0.0,0.0,0.0,D2-C1-R3-30m,EXECUTION_STRESS,10,MUUSDT,0.0,US_STOCK:2026-06-18T20:00:00+00:00:2026-06-22T08:00:00+00:00
0.0,0.0,0.0,0.0,D2-C2-R3-10m,EXECUTION_STRESS,10,MUUSDT,0.0,US_STOCK:2026-06-18T20:00:00+00:00:2026-06-22T08:00:00+00:00
0.0,0.0,0.0,0.0,D2-C2-R3-20m,EXECUTION_STRESS,10,MUUSDT,0.0,US_STOCK:2026-06-18T20:00:00+00:00:2026-06-22T08:00:00+00:00
0.0,0.0,0.0,0.0,D2-C2-R3-30m,EXECUTION_STRESS,10,MUUSDT,0.0,US_STOCK:2026-06-18T20:00:00+00:00:2026-06-22T08:00:00+00:00
0.0,0.0,0.0,0.0,D2-C3-R3-10m,EXECUTION_STRESS,10,MUUSDT,0.0,US_STOCK:2026-06-18T20:00:00+00:00:2026-06-22T08:00:00+00:00
0.0,0.0,0.0,0.0,D2-C3-R3-20m,EXECUTION_STRESS,10,MUUSDT,0.0,US_STOCK:2026-06-18T20:00:00+00:00:2026-06-22T08:00:00+00:00
0.0,0.0,0.0,0.0,D2-C3-R3-30m,EXECUTION_STRESS,10,MUUSDT,0.0,US_STOCK:2026-06-18T20:00:00+00:00:2026-06-22T08:00:00+00:00
0.0,0.0,0.0,0.0,D2-C1-R3-10m,EXECUTION_STRESS,17,MUUSDT,0.0,US_STOCK:2026-06-18T20:00:00+00:00:2026-06-22T08:00:00+00:00
0.0,0.0,0.0,0.0,D2-C1-R3-20m,EXECUTION_STRESS,17,MUUSDT,0.0,US_STOCK:2026-06-18T20:00:00+00:00:2026-06-22T08:00:00+00:00
0.0,0.0,0.0,0.0,D2-C1-R3-30m,EXECUTION_STRESS,17,MUUSDT,0.0,US_STOCK:2026-06-18T20:00:00+00:00:2026-06-22T08:00:00+00:00
0.0,0.0,0.0,0.0,D2-C2-R3-10m,EXECUTION_STRESS,17,MUUSDT,0.0,US_STOCK:2026-06-18T20:00:00+00:00:2026-06-22T08:00:00+00:00
0.0,0.0,0.0,0.0,D2-C2-R3-20m,EXECUTION_STRESS,17,MUUSDT,0.0,US_STOCK:2026-06-18T20:00:00+00:00:2026-06-22T08:00:00+00:00
0.0,0.0,0.0,0.0,D2-C2-R3-30m,EXECUTION_STRESS,17,MUUSDT,0.0,US_STOCK:2026-06-18T20:00:00+00:00:2026-06-22T08:00:00+00:00
0.0,0.0,0.0,0.0,D2-C3-R3-10m,EXECUTION_STRESS,17,MUUSDT,0.0,US_STOCK:2026-06-18T20:00:00+00:00:2026-06-22T08:00:00+00:00
0.0,0.0,0.0,0.0,D2-C3-R3-20m,EXECUTION_STRESS,17,MUUSDT,0.0,US_STOCK:2026-06-18T20:00:00+00:00:2026-06-22T08:00:00+00:00
0.0,0.0,0.0,0.0,D2-C3-R3-30m,EXECUTION_STRESS,17,MUUSDT,0.0,US_STOCK:2026-06-18T20:00:00+00:00:2026-06-22T08:00:00+00:00
0.0,0.0,0.0,0.0,D2-C1-R3-10m,EXECUTION_STRESS,31,MUUSDT,0.0,US_STOCK:2026-06-18T20:00:00+00:00:2026-06-22T08:00:00+00:00
0.0,0.0,0.0,0.0,D2-C1-R3-20m,EXECUTION_STRESS,31,MUUSDT,0.0,US_STOCK:2026-06-18T20:00:00+00:00:2026-06-22T08:00:00+00:00
0.0,0.0,0.0,0.0,D2-C1-R3-30m,EXECUTION_STRESS,31,MUUSDT,0.0,US_STOCK:2026-06-18T20:00:00+00:00:2026-06-22T08:00:00+00:00
0.0,0.0,0.0,0.0,D2-C2-R3-10m,EXECUTION_STRESS,31,MUUSDT,0.0,US_STOCK:2026-06-18T20:00:00+00:00:2026-06-22T08:00:00+00:00
0.0,0.0,0.0,0.0,D2-C2-R3-20m,EXECUTION_STRESS,31,MUUSDT,0.0,US_STOCK:2026-06-18T20:00:00+00:00:2026-06-22T08:00:00+00:00
0.0,0.0,0.0,0.0,D2-C2-R3-30m,EXECUTION_STRESS,31,MUUSDT,0.0,US_STOCK:2026-06-18T20:00:00+00:00:2026-06-22T08:00:00+00:00
0.0,0.0,0.0,0.0,D2-C3-R3-10m,EXECUTION_STRESS,31,MUUSDT,0.0,US_STOCK:2026-06-18T20:00:00+00:00:2026-06-22T08:00:00+00:00
0.0,0.0,0.0,0.0,D2-C3-R3-20m,EXECUTION_STRESS,31,MUUSDT,0.0,US_STOCK:2026-06-18T20:00:00+00:00:2026-06-22T08:00:00+00:00
0.0,0.0,0.0,0.0,D2-C3-R3-30m,EXECUTION_STRESS,31,MUUSDT,0.0,US_STOCK:2026-06-18T20:00:00+00:00:2026-06-22T08:00:00+00:00
0.0,0.0,0.0,0.0,D2-C1-R3-10m,EXECUTION_STRESS,59,MUUSDT,0.0,US_STOCK:2026-06-18T20:00:00+00:00:2026-06-22T08:00:00+00:00
0.0,0.0,0.0,0.0,D2-C1-R3-20m,EXECUTION_STRESS,59,MUUSDT,0.0,US_STOCK:2026-06-18T20:00:00+00:00:2026-06-22T08:00:00+00:00
0.0,0.0,0.0,0.0,D2-C1-R3-30m,EXECUTION_STRESS,59,MUUSDT,0.0,US_STOCK:2026-06-18T20:00:00+00:00:2026-06-22T08:00:00+00:00
0.0,0.0,0.0,0.0,D2-C2-R3-10m,EXECUTION_STRESS,59,MUUSDT,0.0,US_STOCK:2026-06-18T20:00:00+00:00:2026-06-22T08:00:00+00:00
0.0,0.0,0.0,0.0,D2-C2-R3-20m,EXECUTION_STRESS,59,MUUSDT,0.0,US_STOCK:2026-06-18T20:00:00+00:00:2026-06-22T08:00:00+00:00
0.0,0.0,0.0,0.0,D2-C2-R3-30m,EXECUTION_STRESS,59,MUUSDT,0.0,US_STOCK:2026-06-18T20:00:00+00:00:2026-06-22T08:00:00+00:00
0.0,0.0,0.0,0.0,D2-C3-R3-10m,EXECUTION_STRESS,59,MUUSDT,0.0,US_STOCK:2026-06-18T20:00:00+00:00:2026-06-22T08:00:00+00:00
0.0,0.0,0.0,0.0,D2-C3-R3-20m,EXECUTION_STRESS,59,MUUSDT,0.0,US_STOCK:2026-06-18T20:00:00+00:00:2026-06-22T08:00:00+00:00
0.0,0.0,0.0,0.0,D2-C3-R3-30m,EXECUTION_STRESS,59,MUUSDT,0.0,US_STOCK:2026-06-18T20:00:00+00:00:2026-06-22T08:00:00+00:00
0.0,0.0,0.0,0.0,D2-C1-R3-10m,EXECUTION_STRESS,97,MUUSDT,0.0,US_STOCK:2026-06-18T20:00:00+00:00:2026-06-22T08:00:00+00:00
0.0,0.0,0.0,0.0,D2-C1-R3-20m,EXECUTION_STRESS,97,MUUSDT,0.0,US_STOCK:2026-06-18T20:00:00+00:00:2026-06-22T08:00:00+00:00
0.0,0.0,0.0,0.0,D2-C1-R3-30m,EXECUTION_STRESS,97,MUUSDT,0.0,US_STOCK:2026-06-18T20:00:00+00:00:2026-06-22T08:00:00+00:00
0.0,0.0,0.0,0.0,D2-C2-R3-10m,EXECUTION_STRESS,97,MUUSDT,0.0,US_STOCK:2026-06-18T20:00:00+00:00:2026-06-22T08:00:00+00:00
0.0,0.0,0.0,0.0,D2-C2-R3-20m,EXECUTION_STRESS,97,MUUSDT,0.0,US_STOCK:2026-06-18T20:00:00+00:00:2026-06-22T08:00:00+00:00
0.0,0.0,0.0,0.0,D2-C2-R3-30m,EXECUTION_STRESS,97,MUUSDT,0.0,US_STOCK:2026-06-18T20:00:00+00:00:2026-06-22T08:00:00+00:00
0.0,0.0,0.0,0.0,D2-C3-R3-10m,EXECUTION_STRESS,97,MUUSDT,0.0,US_STOCK:2026-06-18T20:00:00+00:00:2026-06-22T08:00:00+00:00
0.0,0.0,0.0,0.0,D2-C3-R3-20m,EXECUTION_STRESS,97,MUUSDT,0.0,US_STOCK:2026-06-18T20:00:00+00:00:2026-06-22T08:00:00+00:00
0.0,0.0,0.0,0.0,D2-C3-R3-30m,EXECUTION_STRESS,97,MUUSDT,0.0,US_STOCK:2026-06-18T20:00:00+00:00:2026-06-22T08:00:00+00:00
0.0,0.0,0.0,0.0,D2-C1-R3-10m,MAKER_PROMO_OFF,3,MUUSDT,0.0,US_STOCK:2026-06-18T20:00:00+00:00:2026-06-22T08:00:00+00:00
0.0,0.0,0.0,0.0,D2-C1-R3-20m,MAKER_PROMO_OFF,3,MUUSDT,0.0,US_STOCK:2026-06-18T20:00:00+00:00:2026-06-22T08:00:00+00:00
0.0,0.0,0.0,0.0,D2-C1-R3-30m,MAKER_PROMO_OFF,3,MUUSDT,0.0,US_STOCK:2026-06-18T20:00:00+00:00:2026-06-22T08:00:00+00:00
0.0,0.0,0.0,0.0,D2-C2-R3-10m,MAKER_PROMO_OFF,3,MUUSDT,0.0,US_STOCK:2026-06-18T20:00:00+00:00:2026-06-22T08:00:00+00:00
0.0,0.0,0.0,0.0,D2-C2-R3-20m,MAKER_PROMO_OFF,3,MUUSDT,0.0,US_STOCK:2026-06-18T20:00:00+00:00:2026-06-22T08:00:00+00:00
0.0,0.0,0.0,0.0,D2-C2-R3-30m,MAKER_PROMO_OFF,3,MUUSDT,0.0,US_STOCK:2026-06-18T20:00:00+00:00:2026-06-22T08:00:00+00:00
0.0,0.0,0.0,0.0,D2-C3-R3-10m,MAKER_PROMO_OFF,3,MUUSDT,0.0,US_STOCK:2026-06-18T20:00:00+00:00:2026-06-22T08:00:00+00:00
0.0,0.0,0.0,0.0,D2-C3-R3-20m,MAKER_PROMO_OFF,3,MUUSDT,0.0,US_STOCK:2026-06-18T20:00:00+00:00:2026-06-22T08:00:00+00:00
0.0,0.0,0.0,0.0,D2-C3-R3-30m,MAKER_PROMO_OFF,3,MUUSDT,0.0,US_STOCK:2026-06-18T20:00:00+00:00:2026-06-22T08:00:00+00:00
0.0,0.0,0.0,0.0,D2-C1-R3-10m,MAKER_PROMO_OFF,10,MUUSDT,0.0,US_STOCK:2026-06-18T20:00:00+00:00:2026-06-22T08:00:00+00:00
0.0,0.0,0.0,0.0,D2-C1-R3-20m,MAKER_PROMO_OFF,10,MUUSDT,0.0,US_STOCK:2026-06-18T20:00:00+00:00:2026-06-22T08:00:00+00:00
0.0,0.0,0.0,0.0,D2-C1-R3-30m,MAKER_PROMO_OFF,10,MUUSDT,0.0,US_STOCK:2026-06-18T20:00:00+00:00:2026-06-22T08:00:00+00:00
0.0,0.0,0.0,0.0,D2-C2-R3-10m,MAKER_PROMO_OFF,10,MUUSDT,0.0,US_STOCK:2026-06-18T20:00:00+00:00:2026-06-22T08:00:00+00:00
0.0,0.0,0.0,0.0,D2-C2-R3-20m,MAKER_PROMO_OFF,10,MUUSDT,0.0,US_STOCK:2026-06-18T20:00:00+00:00:2026-06-22T08:00:00+00:00
0.0,0.0,0.0,0.0,D2-C2-R3-30m,MAKER_PROMO_OFF,10,MUUSDT,0.0,US_STOCK:2026-06-18T20:00:00+00:00:2026-06-22T08:00:00+00:00
0.0,0.0,0.0,0.0,D2-C3-R3-10m,MAKER_PROMO_OFF,10,MUUSDT,0.0,US_STOCK:2026-06-18T20:00:00+00:00:2026-06-22T08:00:00+00:00
0.0,0.0,0.0,0.0,D2-C3-R3-20m,MAKER_PROMO_OFF,10,MUUSDT,0.0,US_STOCK:2026-06-18T20:00:00+00:00:2026-06-22T08:00:00+00:00
0.0,0.0,0.0,0.0,D2-C3-R3-30m,MAKER_PROMO_OFF,10,MUUSDT,0.0,US_STOCK:2026-06-18T20:00:00+00:00:2026-06-22T08:00:00+00:00
0.0,0.0,0.0,0.0,D2-C1-R3-10m,MAKER_PROMO_OFF,17,MUUSDT,0.0,US_STOCK:2026-06-18T20:00:00+00:00:2026-06-22T08:00:00+00:00
0.0,0.0,0.0,0.0,D2-C1-R3-20m,MAKER_PROMO_OFF,17,MUUSDT,0.0,US_STOCK:2026-06-18T20:00:00+00:00:2026-06-22T08:00:00+00:00
0.0,0.0,0.0,0.0,D2-C1-R3-30m,MAKER_PROMO_OFF,17,MUUSDT,0.0,US_STOCK:2026-06-18T20:00:00+00:00:2026-06-22T08:00:00+00:00
0.0,0.0,0.0,0.0,D2-C2-R3-10m,MAKER_PROMO_OFF,17,MUUSDT,0.0,US_STOCK:2026-06-18T20:00:00+00:00:2026-06-22T08:00:00+00:00
0.0,0.0,0.0,0.0,D2-C2-R3-20m,MAKER_PROMO_OFF,17,MUUSDT,0.0,US_STOCK:2026-06-18T20:00:00+00:00:2026-06-22T08:00:00+00:00
0.0,0.0,0.0,0.0,D2-C2-R3-30m,MAKER_PROMO_OFF,17,MUUSDT,0.0,US_STOCK:2026-06-18T20:00:00+00:00:2026-06-22T08:00:00+00:00
0.0,0.0,0.0,0.0,D2-C3-R3-10m,MAKER_PROMO_OFF,17,MUUSDT,0.0,US_STOCK:2026-06-18T20:00:00+00:00:2026-06-22T08:00:00+00:00
0.0,0.0,0.0,0.0,D2-C3-R3-20m,MAKER_PROMO_OFF,17,MUUSDT,0.0,US_STOCK:2026-06-18T20:00:00+00:00:2026-06-22T08:00:00+00:00
0.0,0.0,0.0,0.0,D2-C3-R3-30m,MAKER_PROMO_OFF,17,MUUSDT,0.0,US_STOCK:2026-06-18T20:00:00+00:00:2026-06-22T08:00:00+00:00
0.0,0.0,0.0,0.0,D2-C1-R3-10m,MAKER_PROMO_OFF,31,MUUSDT,0.0,US_STOCK:2026-06-18T20:00:00+00:00:2026-06-22T08:00:00+00:00
0.0,0.0,0.0,0.0,D2-C1-R3-20m,MAKER_PROMO_OFF,31,MUUSDT,0.0,US_STOCK:2026-06-18T20:00:00+00:00:2026-06-22T08:00:00+00:00
0.0,0.0,0.0,0.0,D2-C1-R3-30m,MAKER_PROMO_OFF,31,MUUSDT,0.0,US_STOCK:2026-06-18T20:00:00+00:00:2026-06-22T08:00:00+00:00
0.0,0.0,0.0,0.0,D2-C2-R3-10m,MAKER_PROMO_OFF,31,MUUSDT,0.0,US_STOCK:2026-06-18T20:00:00+00:00:2026-06-22T08:00:00+00:00
0.0,0.0,0.0,0.0,D2-C2-R3-20m,MAKER_PROMO_OFF,31,MUUSDT,0.0,US_STOCK:2026-06-18T20:00:00+00:00:2026-06-22T08:00:00+00:00
0.0,0.0,0.0,0.0,D2-C2-R3-30m,MAKER_PROMO_OFF,31,MUUSDT,0.0,US_STOCK:2026-06-18T20:00:00+00:00:2026-06-22T08:00:00+00:00
0.0,0.0,0.0,0.0,D2-C3-R3-10m,MAKER_PROMO_OFF,31,MUUSDT,0.0,US_STOCK:2026-06-18T20:00:00+00:00:2026-06-22T08:00:00+00:00
0.0,0.0,0.0,0.0,D2-C3-R3-20m,MAKER_PROMO_OFF,31,MUUSDT,0.0,US_STOCK:2026-06-18T20:00:00+00:00:2026-06-22T08:00:00+00:00
0.0,0.0,0.0,0.0,D2-C3-R3-30m,MAKER_PROMO_OFF,31,MUUSDT,0.0,US_STOCK:2026-06-18T20:00:00+00:00:2026-06-22T08:00:00+00:00
0.0,0.0,0.0,0.0,D2-C1-R3-10m,MAKER_PROMO_OFF,59,MUUSDT,0.0,US_STOCK:2026-06-18T20:00:00+00:00:2026-06-22T08:00:00+00:00
0.0,0.0,0.0,0.0,D2-C1-R3-20m,MAKER_PROMO_OFF,59,MUUSDT,0.0,US_STOCK:2026-06-18T20:00:00+00:00:2026-06-22T08:00:00+00:00
0.0,0.0,0.0,0.0,D2-C1-R3-30m,MAKER_PROMO_OFF,59,MUUSDT,0.0,US_STOCK:2026-06-18T20:00:00+00:00:2026-06-22T08:00:00+00:00
0.0,0.0,0.0,0.0,D2-C2-R3-10m,MAKER_PROMO_OFF,59,MUUSDT,0.0,US_STOCK:2026-06-18T20:00:00+00:00:2026-06-22T08:00:00+00:00
0.0,0.0,0.0,0.0,D2-C2-R3-20m,MAKER_PROMO_OFF,59,MUUSDT,0.0,US_STOCK:2026-06-18T20:00:00+00:00:2026-06-22T08:00:00+00:00
0.0,0.0,0.0,0.0,D2-C2-R3-30m,MAKER_PROMO_OFF,59,MUUSDT,0.0,US_STOCK:2026-06-18T20:00:00+00:00:2026-06-22T08:00:00+00:00
0.0,0.0,0.0,0.0,D2-C3-R3-10m,MAKER_PROMO_OFF,59,MUUSDT,0.0,US_STOCK:2026-06-18T20:00:00+00:00:2026-06-22T08:00:00+00:00
0.0,0.0,0.0,0.0,D2-C3-R3-20m,MAKER_PROMO_OFF,59,MUUSDT,0.0,US_STOCK:2026-06-18T20:00:00+00:00:2026-06-22T08:00:00+00:00
0.0,0.0,0.0,0.0,D2-C3-R3-30m,MAKER_PROMO_OFF,59,MUUSDT,0.0,US_STOCK:2026-06-18T20:00:00+00:00:2026-06-22T08:00:00+00:00
0.0,0.0,0.0,0.0,D2-C1-R3-10m,MAKER_PROMO_OFF,97,MUUSDT,0.0,US_STOCK:2026-06-18T20:00:00+00:00:2026-06-22T08:00:00+00:00
0.0,0.0,0.0,0.0,D2-C1-R3-20m,MAKER_PROMO_OFF,97,MUUSDT,0.0,US_STOCK:2026-06-18T20:00:00+00:00:2026-06-22T08:00:00+00:00
0.0,0.0,0.0,0.0,D2-C1-R3-30m,MAKER_PROMO_OFF,97,MUUSDT,0.0,US_STOCK:2026-06-18T20:00:00+00:00:2026-06-22T08:00:00+00:00
0.0,0.0,0.0,0.0,D2-C2-R3-10m,MAKER_PROMO_OFF,97,MUUSDT,0.0,US_STOCK:2026-06-18T20:00:00+00:00:2026-06-22T08:00:00+00:00
0.0,0.0,0.0,0.0,D2-C2-R3-20m,MAKER_PROMO_OFF,97,MUUSDT,0.0,US_STOCK:2026-06-18T20:00:00+00:00:2026-06-22T08:00:00+00:00
0.0,0.0,0.0,0.0,D2-C2-R3-30m,MAKER_PROMO_OFF,97,MUUSDT,0.0,US_STOCK:2026-06-18T20:00:00+00:00:2026-06-22T08:00:00+00:00
0.0,0.0,0.0,0.0,D2-C3-R3-10m,MAKER_PROMO_OFF,97,MUUSDT,0.0,US_STOCK:2026-06-18T20:00:00+00:00:2026-06-22T08:00:00+00:00
0.0,0.0,0.0,0.0,D2-C3-R3-20m,MAKER_PROMO_OFF,97,MUUSDT,0.0,US_STOCK:2026-06-18T20:00:00+00:00:2026-06-22T08:00:00+00:00
0.0,0.0,0.0,0.0,D2-C3-R3-30m,MAKER_PROMO_OFF,97,MUUSDT,0.0,US_STOCK:2026-06-18T20:00:00+00:00:2026-06-22T08:00:00+00:00
0.0,0.0,0.0,0.0,D2-C1-R3-10m,PRIMARY_ZERO_MAKER,3,SOXLUSDT,0.0,US_LEVERAGED_ETF:2026-06-18T20:00:00+00:00:2026-06-22T08:00:00+00:00
0.0,0.0,0.0,0.0,D2-C1-R3-20m,PRIMARY_ZERO_MAKER,3,SOXLUSDT,0.0,US_LEVERAGED_ETF:2026-06-18T20:00:00+00:00:2026-06-22T08:00:00+00:00
0.0,0.0,0.0,0.0,D2-C1-R3-30m,PRIMARY_ZERO_MAKER,3,SOXLUSDT,0.0,US_LEVERAGED_ETF:2026-06-18T20:00:00+00:00:2026-06-22T08:00:00+00:00
0.0,0.0,0.0,0.0,D2-C2-R3-10m,PRIMARY_ZERO_MAKER,3,SOXLUSDT,0.0,US_LEVERAGED_ETF:2026-06-18T20:00:00+00:00:2026-06-22T08:00:00+00:00
0.0,0.0,0.0,0.0,D2-C2-R3-20m,PRIMARY_ZERO_MAKER,3,SOXLUSDT,0.0,US_LEVERAGED_ETF:2026-06-18T20:00:00+00:00:2026-06-22T08:00:00+00:00
0.0,0.0,0.0,0.0,D2-C2-R3-30m,PRIMARY_ZERO_MAKER,3,SOXLUSDT,0.0,US_LEVERAGED_ETF:2026-06-18T20:00:00+00:00:2026-06-22T08:00:00+00:00
0.0,0.0,0.0,0.0,D2-C3-R3-10m,PRIMARY_ZERO_MAKER,3,SOXLUSDT,0.0,US_LEVERAGED_ETF:2026-06-18T20:00:00+00:00:2026-06-22T08:00:00+00:00
0.0,0.0,0.0,0.0,D2-C3-R3-20m,PRIMARY_ZERO_MAKER,3,SOXLUSDT,0.0,US_LEVERAGED_ETF:2026-06-18T20:00:00+00:00:2026-06-22T08:00:00+00:00
0.0,0.0,0.0,0.0,D2-C3-R3-30m,PRIMARY_ZERO_MAKER,3,SOXLUSDT,0.0,US_LEVERAGED_ETF:2026-06-18T20:00:00+00:00:2026-06-22T08:00:00+00:00
0.0,0.0,0.0,0.0,D2-C1-R3-10m,PRIMARY_ZERO_MAKER,10,SOXLUSDT,0.0,US_LEVERAGED_ETF:2026-06-18T20:00:00+00:00:2026-06-22T08:00:00+00:00
0.0,0.0,0.0,0.0,D2-C1-R3-20m,PRIMARY_ZERO_MAKER,10,SOXLUSDT,0.0,US_LEVERAGED_ETF:2026-06-18T20:00:00+00:00:2026-06-22T08:00:00+00:00
0.0,0.0,0.0,0.0,D2-C1-R3-30m,PRIMARY_ZERO_MAKER,10,SOXLUSDT,0.0,US_LEVERAGED_ETF:2026-06-18T20:00:00+00:00:2026-06-22T08:00:00+00:00
0.0,0.0,0.0,0.0,D2-C2-R3-10m,PRIMARY_ZERO_MAKER,10,SOXLUSDT,0.0,US_LEVERAGED_ETF:2026-06-18T20:00:00+00:00:2026-06-22T08:00:00+00:00
0.0,0.0,0.0,0.0,D2-C2-R3-20m,PRIMARY_ZERO_MAKER,10,SOXLUSDT,0.0,US_LEVERAGED_ETF:2026-06-18T20:00:00+00:00:2026-06-22T08:00:00+00:00
0.0,0.0,0.0,0.0,D2-C2-R3-30m,PRIMARY_ZERO_MAKER,10,SOXLUSDT,0.0,US_LEVERAGED_ETF:2026-06-18T20:00:00+00:00:2026-06-22T08:00:00+00:00
0.0,0.0,0.0,0.0,D2-C3-R3-10m,PRIMARY_ZERO_MAKER,10,SOXLUSDT,0.0,US_LEVERAGED_ETF:2026-06-18T20:00:00+00:00:2026-06-22T08:00:00+00:00
0.0,0.0,0.0,0.0,D2-C3-R3-20m,PRIMARY_ZERO_MAKER,10,SOXLUSDT,0.0,US_LEVERAGED_ETF:2026-06-18T20:00:00+00:00:2026-06-22T08:00:00+00:00
0.0,0.0,0.0,0.0,D2-C3-R3-30m,PRIMARY_ZERO_MAKER,10,SOXLUSDT,0.0,US_LEVERAGED_ETF:2026-06-18T20:00:00+00:00:2026-06-22T08:00:00+00:00
0.0,0.0,0.0,0.0,D2-C1-R3-10m,PRIMARY_ZERO_MAKER,17,SOXLUSDT,0.0,US_LEVERAGED_ETF:2026-06-18T20:00:00+00:00:2026-06-22T08:00:00+00:00
0.0,0.0,0.0,0.0,D2-C1-R3-20m,PRIMARY_ZERO_MAKER,17,SOXLUSDT,0.0,US_LEVERAGED_ETF:2026-06-18T20:00:00+00:00:2026-06-22T08:00:00+00:00
0.0,0.0,0.0,0.0,D2-C1-R3-30m,PRIMARY_ZERO_MAKER,17,SOXLUSDT,0.0,US_LEVERAGED_ETF:2026-06-18T20:00:00+00:00:2026-06-22T08:00:00+00:00
0.0,0.0,0.0,0.0,D2-C2-R3-10m,PRIMARY_ZERO_MAKER,17,SOXLUSDT,0.0,US_LEVERAGED_ETF:2026-06-18T20:00:00+00:00:2026-06-22T08:00:00+00:00
0.0,0.0,0.0,0.0,D2-C2-R3-20m,PRIMARY_ZERO_MAKER,17,SOXLUSDT,0.0,US_LEVERAGED_ETF:2026-06-18T20:00:00+00:00:2026-06-22T08:00:00+00:00
0.0,0.0,0.0,0.0,D2-C2-R3-30m,PRIMARY_ZERO_MAKER,17,SOXLUSDT,0.0,US_LEVERAGED_ETF:2026-06-18T20:00:00+00:00:2026-06-22T08:00:00+00:00
0.0,0.0,0.0,0.0,D2-C3-R3-10m,PRIMARY_ZERO_MAKER,17,SOXLUSDT,0.0,US_LEVERAGED_ETF:2026-06-18T20:00:00+00:00:2026-06-22T08:00:00+00:00
0.0,0.0,0.0,0.0,D2-C3-R3-20m,PRIMARY_ZERO_MAKER,17,SOXLUSDT,0.0,US_LEVERAGED_ETF:2026-06-18T20:00:00+00:00:2026-06-22T08:00:00+00:00
0.0,0.0,0.0,0.0,D2-C3-R3-30m,PRIMARY_ZERO_MAKER,17,SOXLUSDT,0.0,US_LEVERAGED_ETF:2026-06-18T20:00:00+00:00:2026-06-22T08:00:00+00:00
0.0,0.0,0.0,0.0,D2-C1-R3-10m,PRIMARY_ZERO_MAKER,31,SOXLUSDT,0.0,US_LEVERAGED_ETF:2026-06-18T20:00:00+00:00:2026-06-22T08:00:00+00:00
0.0,0.0,0.0,0.0,D2-C1-R3-20m,PRIMARY_ZERO_MAKER,31,SOXLUSDT,0.0,US_LEVERAGED_ETF:2026-06-18T20:00:00+00:00:2026-06-22T08:00:00+00:00
0.0,0.0,0.0,0.0,D2-C1-R3-30m,PRIMARY_ZERO_MAKER,31,SOXLUSDT,0.0,US_LEVERAGED_ETF:2026-06-18T20:00:00+00:00:2026-06-22T08:00:00+00:00
0.0,0.0,0.0,0.0,D2-C2-R3-10m,PRIMARY_ZERO_MAKER,31,SOXLUSDT,0.0,US_LEVERAGED_ETF:2026-06-18T20:00:00+00:00:2026-06-22T08:00:00+00:00
0.0,0.0,0.0,0.0,D2-C2-R3-20m,PRIMARY_ZERO_MAKER,31,SOXLUSDT,0.0,US_LEVERAGED_ETF:2026-06-18T20:00:00+00:00:2026-06-22T08:00:00+00:00
0.0,0.0,0.0,0.0,D2-C2-R3-30m,PRIMARY_ZERO_MAKER,31,SOXLUSDT,0.0,US_LEVERAGED_ETF:2026-06-18T20:00:00+00:00:2026-06-22T08:00:00+00:00
0.0,0.0,0.0,0.0,D2-C3-R3-10m,PRIMARY_ZERO_MAKER,31,SOXLUSDT,0.0,US_LEVERAGED_ETF:2026-06-18T20:00:00+00:00:2026-06-22T08:00:00+00:00
0.0,0.0,0.0,0.0,D2-C3-R3-20m,PRIMARY_ZERO_MAKER,31,SOXLUSDT,0.0,US_LEVERAGED_ETF:2026-06-18T20:00:00+00:00:2026-06-22T08:00:00+00:00
0.0,0.0,0.0,0.0,D2-C3-R3-30m,PRIMARY_ZERO_MAKER,31,SOXLUSDT,0.0,US_LEVERAGED_ETF:2026-06-18T20:00:00+00:00:2026-06-22T08:00:00+00:00
0.0,0.0,0.0,0.0,D2-C1-R3-10m,PRIMARY_ZERO_MAKER,59,SOXLUSDT,0.0,US_LEVERAGED_ETF:2026-06-18T20:00:00+00:00:2026-06-22T08:00:00+00:00
0.0,0.0,0.0,0.0,D2-C1-R3-20m,PRIMARY_ZERO_MAKER,59,SOXLUSDT,0.0,US_LEVERAGED_ETF:2026-06-18T20:00:00+00:00:2026-06-22T08:00:00+00:00
0.0,0.0,0.0,0.0,D2-C1-R3-30m,PRIMARY_ZERO_MAKER,59,SOXLUSDT,0.0,US_LEVERAGED_ETF:2026-06-18T20:00:00+00:00:2026-06-22T08:00:00+00:00
0.0,0.0,0.0,0.0,D2-C2-R3-10m,PRIMARY_ZERO_MAKER,59,SOXLUSDT,0.0,US_LEVERAGED_ETF:2026-06-18T20:00:00+00:00:2026-06-22T08:00:00+00:00
0.0,0.0,0.0,0.0,D2-C2-R3-20m,PRIMARY_ZERO_MAKER,59,SOXLUSDT,0.0,US_LEVERAGED_ETF:2026-06-18T20:00:00+00:00:2026-06-22T08:00:00+00:00
0.0,0.0,0.0,0.0,D2-C2-R3-30m,PRIMARY_ZERO_MAKER,59,SOXLUSDT,0.0,US_LEVERAGED_ETF:2026-06-18T20:00:00+00:00:2026-06-22T08:00:00+00:00
0.0,0.0,0.0,0.0,D2-C3-R3-10m,PRIMARY_ZERO_MAKER,59,SOXLUSDT,0.0,US_LEVERAGED_ETF:2026-06-18T20:00:00+00:00:2026-06-22T08:00:00+00:00
0.0,0.0,0.0,0.0,D2-C3-R3-20m,PRIMARY_ZERO_MAKER,59,SOXLUSDT,0.0,US_LEVERAGED_ETF:2026-06-18T20:00:00+00:00:2026-06-22T08:00:00+00:00
0.0,0.0,0.0,0.0,D2-C3-R3-30m,PRIMARY_ZERO_MAKER,59,SOXLUSDT,0.0,US_LEVERAGED_ETF:2026-06-18T20:00:00+00:00:2026-06-22T08:00:00+00:00
0.0,0.0,0.0,0.0,D2-C1-R3-10m,PRIMARY_ZERO_MAKER,97,SOXLUSDT,0.0,US_LEVERAGED_ETF:2026-06-18T20:00:00+00:00:2026-06-22T08:00:00+00:00
0.0,0.0,0.0,0.0,D2-C1-R3-20m,PRIMARY_ZERO_MAKER,97,SOXLUSDT,0.0,US_LEVERAGED_ETF:2026-06-18T20:00:00+00:00:2026-06-22T08:00:00+00:00
0.0,0.0,0.0,0.0,D2-C1-R3-30m,PRIMARY_ZERO_MAKER,97,SOXLUSDT,0.0,US_LEVERAGED_ETF:2026-06-18T20:00:00+00:00:2026-06-22T08:00:00+00:00
0.0,0.0,0.0,0.0,D2-C2-R3-10m,PRIMARY_ZERO_MAKER,97,SOXLUSDT,0.0,US_LEVERAGED_ETF:2026-06-18T20:00:00+00:00:2026-06-22T08:00:00+00:00
0.0,0.0,0.0,0.0,D2-C2-R3-20m,PRIMARY_ZERO_MAKER,97,SOXLUSDT,0.0,US_LEVERAGED_ETF:2026-06-18T20:00:00+00:00:2026-06-22T08:00:00+00:00
0.0,0.0,0.0,0.0,D2-C2-R3-30m,PRIMARY_ZERO_MAKER,97,SOXLUSDT,0.0,US_LEVERAGED_ETF:2026-06-18T20:00:00+00:00:2026-06-22T08:00:00+00:00
0.0,0.0,0.0,0.0,D2-C3-R3-10m,PRIMARY_ZERO_MAKER,97,SOXLUSDT,0.0,US_LEVERAGED_ETF:2026-06-18T20:00:00+00:00:2026-06-22T08:00:00+00:00
0.0,0.0,0.0,0.0,D2-C3-R3-20m,PRIMARY_ZERO_MAKER,97,SOXLUSDT,0.0,US_LEVERAGED_ETF:2026-06-18T20:00:00+00:00:2026-06-22T08:00:00+00:00
0.0,0.0,0.0,0.0,D2-C3-R3-30m,PRIMARY_ZERO_MAKER,97,SOXLUSDT,0.0,US_LEVERAGED_ETF:2026-06-18T20:00:00+00:00:2026-06-22T08:00:00+00:00
0.0,0.0,0.0,0.0,D2-C1-R3-10m,EXECUTION_STRESS,3,SOXLUSDT,0.0,US_LEVERAGED_ETF:2026-06-18T20:00:00+00:00:2026-06-22T08:00:00+00:00
0.0,0.0,0.0,0.0,D2-C1-R3-20m,EXECUTION_STRESS,3,SOXLUSDT,0.0,US_LEVERAGED_ETF:2026-06-18T20:00:00+00:00:2026-06-22T08:00:00+00:00
0.0,0.0,0.0,0.0,D2-C1-R3-30m,EXECUTION_STRESS,3,SOXLUSDT,0.0,US_LEVERAGED_ETF:2026-06-18T20:00:00+00:00:2026-06-22T08:00:00+00:00
0.0,0.0,0.0,0.0,D2-C2-R3-10m,EXECUTION_STRESS,3,SOXLUSDT,0.0,US_LEVERAGED_ETF:2026-06-18T20:00:00+00:00:2026-06-22T08:00:00+00:00
0.0,0.0,0.0,0.0,D2-C2-R3-20m,EXECUTION_STRESS,3,SOXLUSDT,0.0,US_LEVERAGED_ETF:2026-06-18T20:00:00+00:00:2026-06-22T08:00:00+00:00
0.0,0.0,0.0,0.0,D2-C2-R3-30m,EXECUTION_STRESS,3,SOXLUSDT,0.0,US_LEVERAGED_ETF:2026-06-18T20:00:00+00:00:2026-06-22T08:00:00+00:00
0.0,0.0,0.0,0.0,D2-C3-R3-10m,EXECUTION_STRESS,3,SOXLUSDT,0.0,US_LEVERAGED_ETF:2026-06-18T20:00:00+00:00:2026-06-22T08:00:00+00:00
0.0,0.0,0.0,0.0,D2-C3-R3-20m,EXECUTION_STRESS,3,SOXLUSDT,0.0,US_LEVERAGED_ETF:2026-06-18T20:00:00+00:00:2026-06-22T08:00:00+00:00
0.0,0.0,0.0,0.0,D2-C3-R3-30m,EXECUTION_STRESS,3,SOXLUSDT,0.0,US_LEVERAGED_ETF:2026-06-18T20:00:00+00:00:2026-06-22T08:00:00+00:00
0.0,0.0,0.0,0.0,D2-C1-R3-10m,EXECUTION_STRESS,10,SOXLUSDT,0.0,US_LEVERAGED_ETF:2026-06-18T20:00:00+00:00:2026-06-22T08:00:00+00:00
0.0,0.0,0.0,0.0,D2-C1-R3-20m,EXECUTION_STRESS,10,SOXLUSDT,0.0,US_LEVERAGED_ETF:2026-06-18T20:00:00+00:00:2026-06-22T08:00:00+00:00
0.0,0.0,0.0,0.0,D2-C1-R3-30m,EXECUTION_STRESS,10,SOXLUSDT,0.0,US_LEVERAGED_ETF:2026-06-18T20:00:00+00:00:2026-06-22T08:00:00+00:00
0.0,0.0,0.0,0.0,D2-C2-R3-10m,EXECUTION_STRESS,10,SOXLUSDT,0.0,US_LEVERAGED_ETF:2026-06-18T20:00:00+00:00:2026-06-22T08:00:00+00:00
0.0,0.0,0.0,0.0,D2-C2-R3-20m,EXECUTION_STRESS,10,SOXLUSDT,0.0,US_LEVERAGED_ETF:2026-06-18T20:00:00+00:00:2026-06-22T08:00:00+00:00
0.0,0.0,0.0,0.0,D2-C2-R3-30m,EXECUTION_STRESS,10,SOXLUSDT,0.0,US_LEVERAGED_ETF:2026-06-18T20:00:00+00:00:2026-06-22T08:00:00+00:00
0.0,0.0,0.0,0.0,D2-C3-R3-10m,EXECUTION_STRESS,10,SOXLUSDT,0.0,US_LEVERAGED_ETF:2026-06-18T20:00:00+00:00:2026-06-22T08:00:00+00:00
0.0,0.0,0.0,0.0,D2-C3-R3-20m,EXECUTION_STRESS,10,SOXLUSDT,0.0,US_LEVERAGED_ETF:2026-06-18T20:00:00+00:00:2026-06-22T08:00:00+00:00
0.0,0.0,0.0,0.0,D2-C3-R3-30m,EXECUTION_STRESS,10,SOXLUSDT,0.0,US_LEVERAGED_ETF:2026-06-18T20:00:00+00:00:2026-06-22T08:00:00+00:00
0.0,0.0,0.0,0.0,D2-C1-R3-10m,EXECUTION_STRESS,17,SOXLUSDT,0.0,US_LEVERAGED_ETF:2026-06-18T20:00:00+00:00:2026-06-22T08:00:00+00:00
0.0,0.0,0.0,0.0,D2-C1-R3-20m,EXECUTION_STRESS,17,SOXLUSDT,0.0,US_LEVERAGED_ETF:2026-06-18T20:00:00+00:00:2026-06-22T08:00:00+00:00
0.0,0.0,0.0,0.0,D2-C1-R3-30m,EXECUTION_STRESS,17,SOXLUSDT,0.0,US_LEVERAGED_ETF:2026-06-18T20:00:00+00:00:2026-06-22T08:00:00+00:00
0.0,0.0,0.0,0.0,D2-C2-R3-10m,EXECUTION_STRESS,17,SOXLUSDT,0.0,US_LEVERAGED_ETF:2026-06-18T20:00:00+00:00:2026-06-22T08:00:00+00:00
0.0,0.0,0.0,0.0,D2-C2-R3-20m,EXECUTION_STRESS,17,SOXLUSDT,0.0,US_LEVERAGED_ETF:2026-06-18T20:00:00+00:00:2026-06-22T08:00:00+00:00
0.0,0.0,0.0,0.0,D2-C2-R3-30m,EXECUTION_STRESS,17,SOXLUSDT,0.0,US_LEVERAGED_ETF:2026-06-18T20:00:00+00:00:2026-06-22T08:00:00+00:00
0.0,0.0,0.0,0.0,D2-C3-R3-10m,EXECUTION_STRESS,17,SOXLUSDT,0.0,US_LEVERAGED_ETF:2026-06-18T20:00:00+00:00:2026-06-22T08:00:00+00:00
0.0,0.0,0.0,0.0,D2-C3-R3-20m,EXECUTION_STRESS,17,SOXLUSDT,0.0,US_LEVERAGED_ETF:2026-06-18T20:00:00+00:00:2026-06-22T08:00:00+00:00
0.0,0.0,0.0,0.0,D2-C3-R3-30m,EXECUTION_STRESS,17,SOXLUSDT,0.0,US_LEVERAGED_ETF:2026-06-18T20:00:00+00:00:2026-06-22T08:00:00+00:00
0.0,0.0,0.0,0.0,D2-C1-R3-10m,EXECUTION_STRESS,31,SOXLUSDT,0.0,US_LEVERAGED_ETF:2026-06-18T20:00:00+00:00:2026-06-22T08:00:00+00:00
0.0,0.0,0.0,0.0,D2-C1-R3-20m,EXECUTION_STRESS,31,SOXLUSDT,0.0,US_LEVERAGED_ETF:2026-06-18T20:00:00+00:00:2026-06-22T08:00:00+00:00
0.0,0.0,0.0,0.0,D2-C1-R3-30m,EXECUTION_STRESS,31,SOXLUSDT,0.0,US_LEVERAGED_ETF:2026-06-18T20:00:00+00:00:2026-06-22T08:00:00+00:00
0.0,0.0,0.0,0.0,D2-C2-R3-10m,EXECUTION_STRESS,31,SOXLUSDT,0.0,US_LEVERAGED_ETF:2026-06-18T20:00:00+00:00:2026-06-22T08:00:00+00:00
0.0,0.0,0.0,0.0,D2-C2-R3-20m,EXECUTION_STRESS,31,SOXLUSDT,0.0,US_LEVERAGED_ETF:2026-06-18T20:00:00+00:00:2026-06-22T08:00:00+00:00
0.0,0.0,0.0,0.0,D2-C2-R3-30m,EXECUTION_STRESS,31,SOXLUSDT,0.0,US_LEVERAGED_ETF:2026-06-18T20:00:00+00:00:2026-06-22T08:00:00+00:00
0.0,0.0,0.0,0.0,D2-C3-R3-10m,EXECUTION_STRESS,31,SOXLUSDT,0.0,US_LEVERAGED_ETF:2026-06-18T20:00:00+00:00:2026-06-22T08:00:00+00:00
0.0,0.0,0.0,0.0,D2-C3-R3-20m,EXECUTION_STRESS,31,SOXLUSDT,0.0,US_LEVERAGED_ETF:2026-06-18T20:00:00+00:00:2026-06-22T08:00:00+00:00
0.0,0.0,0.0,0.0,D2-C3-R3-30m,EXECUTION_STRESS,31,SOXLUSDT,0.0,US_LEVERAGED_ETF:2026-06-18T20:00:00+00:00:2026-06-22T08:00:00+00:00
0.0,0.0,0.0,0.0,D2-C1-R3-10m,EXECUTION_STRESS,59,SOXLUSDT,0.0,US_LEVERAGED_ETF:2026-06-18T20:00:00+00:00:2026-06-22T08:00:00+00:00
0.0,0.0,0.0,0.0,D2-C1-R3-20m,EXECUTION_STRESS,59,SOXLUSDT,0.0,US_LEVERAGED_ETF:2026-06-18T20:00:00+00:00:2026-06-22T08:00:00+00:00
0.0,0.0,0.0,0.0,D2-C1-R3-30m,EXECUTION_STRESS,59,SOXLUSDT,0.0,US_LEVERAGED_ETF:2026-06-18T20:00:00+00:00:2026-06-22T08:00:00+00:00
0.0,0.0,0.0,0.0,D2-C2-R3-10m,EXECUTION_STRESS,59,SOXLUSDT,0.0,US_LEVERAGED_ETF:2026-06-18T20:00:00+00:00:2026-06-22T08:00:00+00:00
0.0,0.0,0.0,0.0,D2-C2-R3-20m,EXECUTION_STRESS,59,SOXLUSDT,0.0,US_LEVERAGED_ETF:2026-06-18T20:00:00+00:00:2026-06-22T08:00:00+00:00
0.0,0.0,0.0,0.0,D2-C2-R3-30m,EXECUTION_STRESS,59,SOXLUSDT,0.0,US_LEVERAGED_ETF:2026-06-18T20:00:00+00:00:2026-06-22T08:00:00+00:00
0.0,0.0,0.0,0.0,D2-C3-R3-10m,EXECUTION_STRESS,59,SOXLUSDT,0.0,US_LEVERAGED_ETF:2026-06-18T20:00:00+00:00:2026-06-22T08:00:00+00:00
0.0,0.0,0.0,0.0,D2-C3-R3-20m,EXECUTION_STRESS,59,SOXLUSDT,0.0,US_LEVERAGED_ETF:2026-06-18T20:00:00+00:00:2026-06-22T08:00:00+00:00
0.0,0.0,0.0,0.0,D2-C3-R3-30m,EXECUTION_STRESS,59,SOXLUSDT,0.0,US_LEVERAGED_ETF:2026-06-18T20:00:00+00:00:2026-06-22T08:00:00+00:00
0.0,0.0,0.0,0.0,D2-C1-R3-10m,EXECUTION_STRESS,97,SOXLUSDT,0.0,US_LEVERAGED_ETF:2026-06-18T20:00:00+00:00:2026-06-22T08:00:00+00:00
0.0,0.0,0.0,0.0,D2-C1-R3-20m,EXECUTION_STRESS,97,SOXLUSDT,0.0,US_LEVERAGED_ETF:2026-06-18T20:00:00+00:00:2026-06-22T08:00:00+00:00
0.0,0.0,0.0,0.0,D2-C1-R3-30m,EXECUTION_STRESS,97,SOXLUSDT,0.0,US_LEVERAGED_ETF:2026-06-18T20:00:00+00:00:2026-06-22T08:00:00+00:00
0.0,0.0,0.0,0.0,D2-C2-R3-10m,EXECUTION_STRESS,97,SOXLUSDT,0.0,US_LEVERAGED_ETF:2026-06-18T20:00:00+00:00:2026-06-22T08:00:00+00:00
0.0,0.0,0.0,0.0,D2-C2-R3-20m,EXECUTION_STRESS,97,SOXLUSDT,0.0,US_LEVERAGED_ETF:2026-06-18T20:00:00+00:00:2026-06-22T08:00:00+00:00
0.0,0.0,0.0,0.0,D2-C2-R3-30m,EXECUTION_STRESS,97,SOXLUSDT,0.0,US_LEVERAGED_ETF:2026-06-18T20:00:00+00:00:2026-06-22T08:00:00+00:00
0.0,0.0,0.0,0.0,D2-C3-R3-10m,EXECUTION_STRESS,97,SOXLUSDT,0.0,US_LEVERAGED_ETF:2026-06-18T20:00:00+00:00:2026-06-22T08:00:00+00:00
0.0,0.0,0.0,0.0,D2-C3-R3-20m,EXECUTION_STRESS,97,SOXLUSDT,0.0,US_LEVERAGED_ETF:2026-06-18T20:00:00+00:00:2026-06-22T08:00:00+00:00
0.0,0.0,0.0,0.0,D2-C3-R3-30m,EXECUTION_STRESS,97,SOXLUSDT,0.0,US_LEVERAGED_ETF:2026-06-18T20:00:00+00:00:2026-06-22T08:00:00+00:00
0.0,0.0,0.0,0.0,D2-C1-R3-10m,MAKER_PROMO_OFF,3,SOXLUSDT,0.0,US_LEVERAGED_ETF:2026-06-18T20:00:00+00:00:2026-06-22T08:00:00+00:00
0.0,0.0,0.0,0.0,D2-C1-R3-20m,MAKER_PROMO_OFF,3,SOXLUSDT,0.0,US_LEVERAGED_ETF:2026-06-18T20:00:00+00:00:2026-06-22T08:00:00+00:00
0.0,0.0,0.0,0.0,D2-C1-R3-30m,MAKER_PROMO_OFF,3,SOXLUSDT,0.0,US_LEVERAGED_ETF:2026-06-18T20:00:00+00:00:2026-06-22T08:00:00+00:00
0.0,0.0,0.0,0.0,D2-C2-R3-10m,MAKER_PROMO_OFF,3,SOXLUSDT,0.0,US_LEVERAGED_ETF:2026-06-18T20:00:00+00:00:2026-06-22T08:00:00+00:00
0.0,0.0,0.0,0.0,D2-C2-R3-20m,MAKER_PROMO_OFF,3,SOXLUSDT,0.0,US_LEVERAGED_ETF:2026-06-18T20:00:00+00:00:2026-06-22T08:00:00+00:00
0.0,0.0,0.0,0.0,D2-C2-R3-30m,MAKER_PROMO_OFF,3,SOXLUSDT,0.0,US_LEVERAGED_ETF:2026-06-18T20:00:00+00:00:2026-06-22T08:00:00+00:00
0.0,0.0,0.0,0.0,D2-C3-R3-10m,MAKER_PROMO_OFF,3,SOXLUSDT,0.0,US_LEVERAGED_ETF:2026-06-18T20:00:00+00:00:2026-06-22T08:00:00+00:00
0.0,0.0,0.0,0.0,D2-C3-R3-20m,MAKER_PROMO_OFF,3,SOXLUSDT,0.0,US_LEVERAGED_ETF:2026-06-18T20:00:00+00:00:2026-06-22T08:00:00+00:00
0.0,0.0,0.0,0.0,D2-C3-R3-30m,MAKER_PROMO_OFF,3,SOXLUSDT,0.0,US_LEVERAGED_ETF:2026-06-18T20:00:00+00:00:2026-06-22T08:00:00+00:00
0.0,0.0,0.0,0.0,D2-C1-R3-10m,MAKER_PROMO_OFF,10,SOXLUSDT,0.0,US_LEVERAGED_ETF:2026-06-18T20:00:00+00:00:2026-06-22T08:00:00+00:00
0.0,0.0,0.0,0.0,D2-C1-R3-20m,MAKER_PROMO_OFF,10,SOXLUSDT,0.0,US_LEVERAGED_ETF:2026-06-18T20:00:00+00:00:2026-06-22T08:00:00+00:00
0.0,0.0,0.0,0.0,D2-C1-R3-30m,MAKER_PROMO_OFF,10,SOXLUSDT,0.0,US_LEVERAGED_ETF:2026-06-18T20:00:00+00:00:2026-06-22T08:00:00+00:00
0.0,0.0,0.0,0.0,D2-C2-R3-10m,MAKER_PROMO_OFF,10,SOXLUSDT,0.0,US_LEVERAGED_ETF:2026-06-18T20:00:00+00:00:2026-06-22T08:00:00+00:00
0.0,0.0,0.0,0.0,D2-C2-R3-20m,MAKER_PROMO_OFF,10,SOXLUSDT,0.0,US_LEVERAGED_ETF:2026-06-18T20:00:00+00:00:2026-06-22T08:00:00+00:00
0.0,0.0,0.0,0.0,D2-C2-R3-30m,MAKER_PROMO_OFF,10,SOXLUSDT,0.0,US_LEVERAGED_ETF:2026-06-18T20:00:00+00:00:2026-06-22T08:00:00+00:00
0.0,0.0,0.0,0.0,D2-C3-R3-10m,MAKER_PROMO_OFF,10,SOXLUSDT,0.0,US_LEVERAGED_ETF:2026-06-18T20:00:00+00:00:2026-06-22T08:00:00+00:00
0.0,0.0,0.0,0.0,D2-C3-R3-20m,MAKER_PROMO_OFF,10,SOXLUSDT,0.0,US_LEVERAGED_ETF:2026-06-18T20:00:00+00:00:2026-06-22T08:00:00+00:00
0.0,0.0,0.0,0.0,D2-C3-R3-30m,MAKER_PROMO_OFF,10,SOXLUSDT,0.0,US_LEVERAGED_ETF:2026-06-18T20:00:00+00:00:2026-06-22T08:00:00+00:00
0.0,0.0,0.0,0.0,D2-C1-R3-10m,MAKER_PROMO_OFF,17,SOXLUSDT,0.0,US_LEVERAGED_ETF:2026-06-18T20:00:00+00:00:2026-06-22T08:00:00+00:00
0.0,0.0,0.0,0.0,D2-C1-R3-20m,MAKER_PROMO_OFF,17,SOXLUSDT,0.0,US_LEVERAGED_ETF:2026-06-18T20:00:00+00:00:2026-06-22T08:00:00+00:00
0.0,0.0,0.0,0.0,D2-C1-R3-30m,MAKER_PROMO_OFF,17,SOXLUSDT,0.0,US_LEVERAGED_ETF:2026-06-18T20:00:00+00:00:2026-06-22T08:00:00+00:00
0.0,0.0,0.0,0.0,D2-C2-R3-10m,MAKER_PROMO_OFF,17,SOXLUSDT,0.0,US_LEVERAGED_ETF:2026-06-18T20:00:00+00:00:2026-06-22T08:00:00+00:00
0.0,0.0,0.0,0.0,D2-C2-R3-20m,MAKER_PROMO_OFF,17,SOXLUSDT,0.0,US_LEVERAGED_ETF:2026-06-18T20:00:00+00:00:2026-06-22T08:00:00+00:00
0.0,0.0,0.0,0.0,D2-C2-R3-30m,MAKER_PROMO_OFF,17,SOXLUSDT,0.0,US_LEVERAGED_ETF:2026-06-18T20:00:00+00:00:2026-06-22T08:00:00+00:00
0.0,0.0,0.0,0.0,D2-C3-R3-10m,MAKER_PROMO_OFF,17,SOXLUSDT,0.0,US_LEVERAGED_ETF:2026-06-18T20:00:00+00:00:2026-06-22T08:00:00+00:00
0.0,0.0,0.0,0.0,D2-C3-R3-20m,MAKER_PROMO_OFF,17,SOXLUSDT,0.0,US_LEVERAGED_ETF:2026-06-18T20:00:00+00:00:2026-06-22T08:00:00+00:00
0.0,0.0,0.0,0.0,D2-C3-R3-30m,MAKER_PROMO_OFF,17,SOXLUSDT,0.0,US_LEVERAGED_ETF:2026-06-18T20:00:00+00:00:2026-06-22T08:00:00+00:00
0.0,0.0,0.0,0.0,D2-C1-R3-10m,MAKER_PROMO_OFF,31,SOXLUSDT,0.0,US_LEVERAGED_ETF:2026-06-18T20:00:00+00:00:2026-06-22T08:00:00+00:00
0.0,0.0,0.0,0.0,D2-C1-R3-20m,MAKER_PROMO_OFF,31,SOXLUSDT,0.0,US_LEVERAGED_ETF:2026-06-18T20:00:00+00:00:2026-06-22T08:00:00+00:00
0.0,0.0,0.0,0.0,D2-C1-R3-30m,MAKER_PROMO_OFF,31,SOXLUSDT,0.0,US_LEVERAGED_ETF:2026-06-18T20:00:00+00:00:2026-06-22T08:00:00+00:00
0.0,0.0,0.0,0.0,D2-C2-R3-10m,MAKER_PROMO_OFF,31,SOXLUSDT,0.0,US_LEVERAGED_ETF:2026-06-18T20:00:00+00:00:2026-06-22T08:00:00+00:00
0.0,0.0,0.0,0.0,D2-C2-R3-20m,MAKER_PROMO_OFF,31,SOXLUSDT,0.0,US_LEVERAGED_ETF:2026-06-18T20:00:00+00:00:2026-06-22T08:00:00+00:00
0.0,0.0,0.0,0.0,D2-C2-R3-30m,MAKER_PROMO_OFF,31,SOXLUSDT,0.0,US_LEVERAGED_ETF:2026-06-18T20:00:00+00:00:2026-06-22T08:00:00+00:00
0.0,0.0,0.0,0.0,D2-C3-R3-10m,MAKER_PROMO_OFF,31,SOXLUSDT,0.0,US_LEVERAGED_ETF:2026-06-18T20:00:00+00:00:2026-06-22T08:00:00+00:00
0.0,0.0,0.0,0.0,D2-C3-R3-20m,MAKER_PROMO_OFF,31,SOXLUSDT,0.0,US_LEVERAGED_ETF:2026-06-18T20:00:00+00:00:2026-06-22T08:00:00+00:00
0.0,0.0,0.0,0.0,D2-C3-R3-30m,MAKER_PROMO_OFF,31,SOXLUSDT,0.0,US_LEVERAGED_ETF:2026-06-18T20:00:00+00:00:2026-06-22T08:00:00+00:00
0.0,0.0,0.0,0.0,D2-C1-R3-10m,MAKER_PROMO_OFF,59,SOXLUSDT,0.0,US_LEVERAGED_ETF:2026-06-18T20:00:00+00:00:2026-06-22T08:00:00+00:00
0.0,0.0,0.0,0.0,D2-C1-R3-20m,MAKER_PROMO_OFF,59,SOXLUSDT,0.0,US_LEVERAGED_ETF:2026-06-18T20:00:00+00:00:2026-06-22T08:00:00+00:00
0.0,0.0,0.0,0.0,D2-C1-R3-30m,MAKER_PROMO_OFF,59,SOXLUSDT,0.0,US_LEVERAGED_ETF:2026-06-18T20:00:00+00:00:2026-06-22T08:00:00+00:00
0.0,0.0,0.0,0.0,D2-C2-R3-10m,MAKER_PROMO_OFF,59,SOXLUSDT,0.0,US_LEVERAGED_ETF:2026-06-18T20:00:00+00:00:2026-06-22T08:00:00+00:00
0.0,0.0,0.0,0.0,D2-C2-R3-20m,MAKER_PROMO_OFF,59,SOXLUSDT,0.0,US_LEVERAGED_ETF:2026-06-18T20:00:00+00:00:2026-06-22T08:00:00+00:00
0.0,0.0,0.0,0.0,D2-C2-R3-30m,MAKER_PROMO_OFF,59,SOXLUSDT,0.0,US_LEVERAGED_ETF:2026-06-18T20:00:00+00:00:2026-06-22T08:00:00+00:00
0.0,0.0,0.0,0.0,D2-C3-R3-10m,MAKER_PROMO_OFF,59,SOXLUSDT,0.0,US_LEVERAGED_ETF:2026-06-18T20:00:00+00:00:2026-06-22T08:00:00+00:00
0.0,0.0,0.0,0.0,D2-C3-R3-20m,MAKER_PROMO_OFF,59,SOXLUSDT,0.0,US_LEVERAGED_ETF:2026-06-18T20:00:00+00:00:2026-06-22T08:00:00+00:00
0.0,0.0,0.0,0.0,D2-C3-R3-30m,MAKER_PROMO_OFF,59,SOXLUSDT,0.0,US_LEVERAGED_ETF:2026-06-18T20:00:00+00:00:2026-06-22T08:00:00+00:00
0.0,0.0,0.0,0.0,D2-C1-R3-10m,MAKER_PROMO_OFF,97,SOXLUSDT,0.0,US_LEVERAGED_ETF:2026-06-18T20:00:00+00:00:2026-06-22T08:00:00+00:00
0.0,0.0,0.0,0.0,D2-C1-R3-20m,MAKER_PROMO_OFF,97,SOXLUSDT,0.0,US_LEVERAGED_ETF:2026-06-18T20:00:00+00:00:2026-06-22T08:00:00+00:00
0.0,0.0,0.0,0.0,D2-C1-R3-30m,MAKER_PROMO_OFF,97,SOXLUSDT,0.0,US_LEVERAGED_ETF:2026-06-18T20:00:00+00:00:2026-06-22T08:00:00+00:00
0.0,0.0,0.0,0.0,D2-C2-R3-10m,MAKER_PROMO_OFF,97,SOXLUSDT,0.0,US_LEVERAGED_ETF:2026-06-18T20:00:00+00:00:2026-06-22T08:00:00+00:00
0.0,0.0,0.0,0.0,D2-C2-R3-20m,MAKER_PROMO_OFF,97,SOXLUSDT,0.0,US_LEVERAGED_ETF:2026-06-18T20:00:00+00:00:2026-06-22T08:00:00+00:00
0.0,0.0,0.0,0.0,D2-C2-R3-30m,MAKER_PROMO_OFF,97,SOXLUSDT,0.0,US_LEVERAGED_ETF:2026-06-18T20:00:00+00:00:2026-06-22T08:00:00+00:00
0.0,0.0,0.0,0.0,D2-C3-R3-10m,MAKER_PROMO_OFF,97,SOXLUSDT,0.0,US_LEVERAGED_ETF:2026-06-18T20:00:00+00:00:2026-06-22T08:00:00+00:00
0.0,0.0,0.0,0.0,D2-C3-R3-20m,MAKER_PROMO_OFF,97,SOXLUSDT,0.0,US_LEVERAGED_ETF:2026-06-18T20:00:00+00:00:2026-06-22T08:00:00+00:00
0.0,0.0,0.0,0.0,D2-C3-R3-30m,MAKER_PROMO_OFF,97,SOXLUSDT,0.0,US_LEVERAGED_ETF:2026-06-18T20:00:00+00:00:2026-06-22T08:00:00+00:00
0.07743367500000001,0.07743367500000001,0.0,0.0,D2-C1-R3-10m,PRIMARY_ZERO_MAKER,3,SOXLUSDT,0.18546317500000561,US_LEVERAGED_ETF:2026-06-26T20:00:00+00:00:2026-06-29T08:00:00+00:00
0.0,0.0,0.0,0.0,D2-C1-R3-20m,PRIMARY_ZERO_MAKER,3,SOXLUSDT,0.0,US_LEVERAGED_ETF:2026-06-26T20:00:00+00:00:2026-06-29T08:00:00+00:00
0.0,0.0,0.0,0.0,D2-C1-R3-30m,PRIMARY_ZERO_MAKER,3,SOXLUSDT,0.0,US_LEVERAGED_ETF:2026-06-26T20:00:00+00:00:2026-06-29T08:00:00+00:00
0.0,0.0,0.0,0.0,D2-C2-R3-10m,PRIMARY_ZERO_MAKER,3,SOXLUSDT,0.0,US_LEVERAGED_ETF:2026-06-26T20:00:00+00:00:2026-06-29T08:00:00+00:00
0.0,0.0,0.0,0.0,D2-C2-R3-20m,PRIMARY_ZERO_MAKER,3,SOXLUSDT,0.0,US_LEVERAGED_ETF:2026-06-26T20:00:00+00:00:2026-06-29T08:00:00+00:00
0.0,0.0,0.0,0.0,D2-C2-R3-30m,PRIMARY_ZERO_MAKER,3,SOXLUSDT,0.0,US_LEVERAGED_ETF:2026-06-26T20:00:00+00:00:2026-06-29T08:00:00+00:00
0.0,0.0,0.0,0.0,D2-C3-R3-10m,PRIMARY_ZERO_MAKER,3,SOXLUSDT,0.0,US_LEVERAGED_ETF:2026-06-26T20:00:00+00:00:2026-06-29T08:00:00+00:00
0.0,0.0,0.0,0.0,D2-C3-R3-20m,PRIMARY_ZERO_MAKER,3,SOXLUSDT,0.0,US_LEVERAGED_ETF:2026-06-26T20:00:00+00:00:2026-06-29T08:00:00+00:00
0.0,0.0,0.0,0.0,D2-C3-R3-30m,PRIMARY_ZERO_MAKER,3,SOXLUSDT,0.0,US_LEVERAGED_ETF:2026-06-26T20:00:00+00:00:2026-06-29T08:00:00+00:00
0.07743367500000001,0.07743367500000001,0.012340005950250976,0.006170002975125488,D2-C1-R3-10m,PRIMARY_ZERO_MAKER,10,SOXLUSDT,0.20397318392538208,US_LEVERAGED_ETF:2026-06-26T20:00:00+00:00:2026-06-29T08:00:00+00:00
0.0,0.0,0.0,0.0,D2-C1-R3-20m,PRIMARY_ZERO_MAKER,10,SOXLUSDT,0.0,US_LEVERAGED_ETF:2026-06-26T20:00:00+00:00:2026-06-29T08:00:00+00:00
0.0,0.0,0.0,0.0,D2-C1-R3-30m,PRIMARY_ZERO_MAKER,10,SOXLUSDT,0.0,US_LEVERAGED_ETF:2026-06-26T20:00:00+00:00:2026-06-29T08:00:00+00:00
0.0,0.0,0.0,0.0,D2-C2-R3-10m,PRIMARY_ZERO_MAKER,10,SOXLUSDT,0.0,US_LEVERAGED_ETF:2026-06-26T20:00:00+00:00:2026-06-29T08:00:00+00:00
0.0,0.0,0.0,0.0,D2-C2-R3-20m,PRIMARY_ZERO_MAKER,10,SOXLUSDT,0.0,US_LEVERAGED_ETF:2026-06-26T20:00:00+00:00:2026-06-29T08:00:00+00:00
0.0,0.0,0.0,0.0,D2-C2-R3-30m,PRIMARY_ZERO_MAKER,10,SOXLUSDT,0.0,US_LEVERAGED_ETF:2026-06-26T20:00:00+00:00:2026-06-29T08:00:00+00:00
0.0,0.0,0.0,0.0,D2-C3-R3-10m,PRIMARY_ZERO_MAKER,10,SOXLUSDT,0.0,US_LEVERAGED_ETF:2026-06-26T20:00:00+00:00:2026-06-29T08:00:00+00:00
0.0,0.0,0.0,0.0,D2-C3-R3-20m,PRIMARY_ZERO_MAKER,10,SOXLUSDT,0.0,US_LEVERAGED_ETF:2026-06-26T20:00:00+00:00:2026-06-29T08:00:00+00:00
0.0,0.0,0.0,0.0,D2-C3-R3-30m,PRIMARY_ZERO_MAKER,10,SOXLUSDT,0.0,US_LEVERAGED_ETF:2026-06-26T20:00:00+00:00:2026-06-29T08:00:00+00:00
0.07743367500000001,0.07743367500000001,0.0,0.0,D2-C1-R3-10m,PRIMARY_ZERO_MAKER,17,SOXLUSDT,0.18546317500000561,US_LEVERAGED_ETF:2026-06-26T20:00:00+00:00:2026-06-29T08:00:00+00:00
0.0,0.0,0.0,0.0,D2-C1-R3-20m,PRIMARY_ZERO_MAKER,17,SOXLUSDT,0.0,US_LEVERAGED_ETF:2026-06-26T20:00:00+00:00:2026-06-29T08:00:00+00:00
0.0,0.0,0.0,0.0,D2-C1-R3-30m,PRIMARY_ZERO_MAKER,17,SOXLUSDT,0.0,US_LEVERAGED_ETF:2026-06-26T20:00:00+00:00:2026-06-29T08:00:00+00:00
0.0,0.0,0.0,0.0,D2-C2-R3-10m,PRIMARY_ZERO_MAKER,17,SOXLUSDT,0.0,US_LEVERAGED_ETF:2026-06-26T20:00:00+00:00:2026-06-29T08:00:00+00:00
0.0,0.0,0.0,0.0,D2-C2-R3-20m,PRIMARY_ZERO_MAKER,17,SOXLUSDT,0.0,US_LEVERAGED_ETF:2026-06-26T20:00:00+00:00:2026-06-29T08:00:00+00:00
0.0,0.0,0.0,0.0,D2-C2-R3-30m,PRIMARY_ZERO_MAKER,17,SOXLUSDT,0.0,US_LEVERAGED_ETF:2026-06-26T20:00:00+00:00:2026-06-29T08:00:00+00:00
0.0,0.0,0.0,0.0,D2-C3-R3-10m,PRIMARY_ZERO_MAKER,17,SOXLUSDT,0.0,US_LEVERAGED_ETF:2026-06-26T20:00:00+00:00:2026-06-29T08:00:00+00:00
0.0,0.0,0.0,0.0,D2-C3-R3-20m,PRIMARY_ZERO_MAKER,17,SOXLUSDT,0.0,US_LEVERAGED_ETF:2026-06-26T20:00:00+00:00:2026-06-29T08:00:00+00:00
0.0,0.0,0.0,0.0,D2-C3-R3-30m,PRIMARY_ZERO_MAKER,17,SOXLUSDT,0.0,US_LEVERAGED_ETF:2026-06-26T20:00:00+00:00:2026-06-29T08:00:00+00:00
0.07743367500000001,0.07743367500000001,0.0,0.0,D2-C1-R3-10m,PRIMARY_ZERO_MAKER,31,SOXLUSDT,0.18546317500000561,US_LEVERAGED_ETF:2026-06-26T20:00:00+00:00:2026-06-29T08:00:00+00:00
0.0,0.0,0.0,0.0,D2-C1-R3-20m,PRIMARY_ZERO_MAKER,31,SOXLUSDT,0.0,US_LEVERAGED_ETF:2026-06-26T20:00:00+00:00:2026-06-29T08:00:00+00:00
0.0,0.0,0.0,0.0,D2-C1-R3-30m,PRIMARY_ZERO_MAKER,31,SOXLUSDT,0.0,US_LEVERAGED_ETF:2026-06-26T20:00:00+00:00:2026-06-29T08:00:00+00:00
0.0,0.0,0.0,0.0,D2-C2-R3-10m,PRIMARY_ZERO_MAKER,31,SOXLUSDT,0.0,US_LEVERAGED_ETF:2026-06-26T20:00:00+00:00:2026-06-29T08:00:00+00:00
0.0,0.0,0.0,0.0,D2-C2-R3-20m,PRIMARY_ZERO_MAKER,31,SOXLUSDT,0.0,US_LEVERAGED_ETF:2026-06-26T20:00:00+00:00:2026-06-29T08:00:00+00:00
0.0,0.0,0.0,0.0,D2-C2-R3-30m,PRIMARY_ZERO_MAKER,31,SOXLUSDT,0.0,US_LEVERAGED_ETF:2026-06-26T20:00:00+00:00:2026-06-29T08:00:00+00:00
0.0,0.0,0.0,0.0,D2-C3-R3-10m,PRIMARY_ZERO_MAKER,31,SOXLUSDT,0.0,US_LEVERAGED_ETF:2026-06-26T20:00:00+00:00:2026-06-29T08:00:00+00:00
0.0,0.0,0.0,0.0,D2-C3-R3-20m,PRIMARY_ZERO_MAKER,31,SOXLUSDT,0.0,US_LEVERAGED_ETF:2026-06-26T20:00:00+00:00:2026-06-29T08:00:00+00:00
0.0,0.0,0.0,0.0,D2-C3-R3-30m,PRIMARY_ZERO_MAKER,31,SOXLUSDT,0.0,US_LEVERAGED_ETF:2026-06-26T20:00:00+00:00:2026-06-29T08:00:00+00:00
0.07743367500000001,0.07743367500000001,0.012340005950250976,0.006170002975125488,D2-C1-R3-10m,PRIMARY_ZERO_MAKER,59,SOXLUSDT,0.20397318392538208,US_LEVERAGED_ETF:2026-06-26T20:00:00+00:00:2026-06-29T08:00:00+00:00
0.0,0.0,0.0,0.0,D2-C1-R3-20m,PRIMARY_ZERO_MAKER,59,SOXLUSDT,0.0,US_LEVERAGED_ETF:2026-06-26T20:00:00+00:00:2026-06-29T08:00:00+00:00
0.0,0.0,0.0,0.0,D2-C1-R3-30m,PRIMARY_ZERO_MAKER,59,SOXLUSDT,0.0,US_LEVERAGED_ETF:2026-06-26T20:00:00+00:00:2026-06-29T08:00:00+00:00
0.0,0.0,0.0,0.0,D2-C2-R3-10m,PRIMARY_ZERO_MAKER,59,SOXLUSDT,0.0,US_LEVERAGED_ETF:2026-06-26T20:00:00+00:00:2026-06-29T08:00:00+00:00
0.0,0.0,0.0,0.0,D2-C2-R3-20m,PRIMARY_ZERO_MAKER,59,SOXLUSDT,0.0,US_LEVERAGED_ETF:2026-06-26T20:00:00+00:00:2026-06-29T08:00:00+00:00
0.0,0.0,0.0,0.0,D2-C2-R3-30m,PRIMARY_ZERO_MAKER,59,SOXLUSDT,0.0,US_LEVERAGED_ETF:2026-06-26T20:00:00+00:00:2026-06-29T08:00:00+00:00
0.0,0.0,0.0,0.0,D2-C3-R3-10m,PRIMARY_ZERO_MAKER,59,SOXLUSDT,0.0,US_LEVERAGED_ETF:2026-06-26T20:00:00+00:00:2026-06-29T08:00:00+00:00
0.0,0.0,0.0,0.0,D2-C3-R3-20m,PRIMARY_ZERO_MAKER,59,SOXLUSDT,0.0,US_LEVERAGED_ETF:2026-06-26T20:00:00+00:00:2026-06-29T08:00:00+00:00
0.0,0.0,0.0,0.0,D2-C3-R3-30m,PRIMARY_ZERO_MAKER,59,SOXLUSDT,0.0,US_LEVERAGED_ETF:2026-06-26T20:00:00+00:00:2026-06-29T08:00:00+00:00
0.07743367500000001,0.07743367500000001,0.0,0.0,D2-C1-R3-10m,PRIMARY_ZERO_MAKER,97,SOXLUSDT,0.18546317500000561,US_LEVERAGED_ETF:2026-06-26T20:00:00+00:00:2026-06-29T08:00:00+00:00
0.0,0.0,0.0,0.0,D2-C1-R3-20m,PRIMARY_ZERO_MAKER,97,SOXLUSDT,0.0,US_LEVERAGED_ETF:2026-06-26T20:00:00+00:00:2026-06-29T08:00:00+00:00
0.0,0.0,0.0,0.0,D2-C1-R3-30m,PRIMARY_ZERO_MAKER,97,SOXLUSDT,0.0,US_LEVERAGED_ETF:2026-06-26T20:00:00+00:00:2026-06-29T08:00:00+00:00
0.0,0.0,0.0,0.0,D2-C2-R3-10m,PRIMARY_ZERO_MAKER,97,SOXLUSDT,0.0,US_LEVERAGED_ETF:2026-06-26T20:00:00+00:00:2026-06-29T08:00:00+00:00
0.0,0.0,0.0,0.0,D2-C2-R3-20m,PRIMARY_ZERO_MAKER,97,SOXLUSDT,0.0,US_LEVERAGED_ETF:2026-06-26T20:00:00+00:00:2026-06-29T08:00:00+00:00
0.0,0.0,0.0,0.0,D2-C2-R3-30m,PRIMARY_ZERO_MAKER,97,SOXLUSDT,0.0,US_LEVERAGED_ETF:2026-06-26T20:00:00+00:00:2026-06-29T08:00:00+00:00
0.0,0.0,0.0,0.0,D2-C3-R3-10m,PRIMARY_ZERO_MAKER,97,SOXLUSDT,0.0,US_LEVERAGED_ETF:2026-06-26T20:00:00+00:00:2026-06-29T08:00:00+00:00
0.0,0.0,0.0,0.0,D2-C3-R3-20m,PRIMARY_ZERO_MAKER,97,SOXLUSDT,0.0,US_LEVERAGED_ETF:2026-06-26T20:00:00+00:00:2026-06-29T08:00:00+00:00
0.0,0.0,0.0,0.0,D2-C3-R3-30m,PRIMARY_ZERO_MAKER,97,SOXLUSDT,0.0,US_LEVERAGED_ETF:2026-06-26T20:00:00+00:00:2026-06-29T08:00:00+00:00
0.1677729625,0.1677729625,0.0,0.0,D2-C1-R3-10m,EXECUTION_STRESS,3,SOXLUSDT,0.36619521250000564,US_LEVERAGED_ETF:2026-06-26T20:00:00+00:00:2026-06-29T08:00:00+00:00
0.0,0.0,0.0,0.0,D2-C1-R3-20m,EXECUTION_STRESS,3,SOXLUSDT,0.0,US_LEVERAGED_ETF:2026-06-26T20:00:00+00:00:2026-06-29T08:00:00+00:00
0.0,0.0,0.0,0.0,D2-C1-R3-30m,EXECUTION_STRESS,3,SOXLUSDT,0.0,US_LEVERAGED_ETF:2026-06-26T20:00:00+00:00:2026-06-29T08:00:00+00:00
0.0,0.0,0.0,0.0,D2-C2-R3-10m,EXECUTION_STRESS,3,SOXLUSDT,0.0,US_LEVERAGED_ETF:2026-06-26T20:00:00+00:00:2026-06-29T08:00:00+00:00
0.0,0.0,0.0,0.0,D2-C2-R3-20m,EXECUTION_STRESS,3,SOXLUSDT,0.0,US_LEVERAGED_ETF:2026-06-26T20:00:00+00:00:2026-06-29T08:00:00+00:00
0.0,0.0,0.0,0.0,D2-C2-R3-30m,EXECUTION_STRESS,3,SOXLUSDT,0.0,US_LEVERAGED_ETF:2026-06-26T20:00:00+00:00:2026-06-29T08:00:00+00:00
0.0,0.0,0.0,0.0,D2-C3-R3-10m,EXECUTION_STRESS,3,SOXLUSDT,0.0,US_LEVERAGED_ETF:2026-06-26T20:00:00+00:00:2026-06-29T08:00:00+00:00
0.0,0.0,0.0,0.0,D2-C3-R3-20m,EXECUTION_STRESS,3,SOXLUSDT,0.0,US_LEVERAGED_ETF:2026-06-26T20:00:00+00:00:2026-06-29T08:00:00+00:00
0.0,0.0,0.0,0.0,D2-C3-R3-30m,EXECUTION_STRESS,3,SOXLUSDT,0.0,US_LEVERAGED_ETF:2026-06-26T20:00:00+00:00:2026-06-29T08:00:00+00:00
0.1677729625,0.1677729625,0.0,0.0,D2-C1-R3-10m,EXECUTION_STRESS,10,SOXLUSDT,0.36619521250000564,US_LEVERAGED_ETF:2026-06-26T20:00:00+00:00:2026-06-29T08:00:00+00:00
0.0,0.0,0.0,0.0,D2-C1-R3-20m,EXECUTION_STRESS,10,SOXLUSDT,0.0,US_LEVERAGED_ETF:2026-06-26T20:00:00+00:00:2026-06-29T08:00:00+00:00
0.0,0.0,0.0,0.0,D2-C1-R3-30m,EXECUTION_STRESS,10,SOXLUSDT,0.0,US_LEVERAGED_ETF:2026-06-26T20:00:00+00:00:2026-06-29T08:00:00+00:00
0.0,0.0,0.0,0.0,D2-C2-R3-10m,EXECUTION_STRESS,10,SOXLUSDT,0.0,US_LEVERAGED_ETF:2026-06-26T20:00:00+00:00:2026-06-29T08:00:00+00:00
0.0,0.0,0.0,0.0,D2-C2-R3-20m,EXECUTION_STRESS,10,SOXLUSDT,0.0,US_LEVERAGED_ETF:2026-06-26T20:00:00+00:00:2026-06-29T08:00:00+00:00
0.0,0.0,0.0,0.0,D2-C2-R3-30m,EXECUTION_STRESS,10,SOXLUSDT,0.0,US_LEVERAGED_ETF:2026-06-26T20:00:00+00:00:2026-06-29T08:00:00+00:00
0.0,0.0,0.0,0.0,D2-C3-R3-10m,EXECUTION_STRESS,10,SOXLUSDT,0.0,US_LEVERAGED_ETF:2026-06-26T20:00:00+00:00:2026-06-29T08:00:00+00:00
0.0,0.0,0.0,0.0,D2-C3-R3-20m,EXECUTION_STRESS,10,SOXLUSDT,0.0,US_LEVERAGED_ETF:2026-06-26T20:00:00+00:00:2026-06-29T08:00:00+00:00
0.0,0.0,0.0,0.0,D2-C3-R3-30m,EXECUTION_STRESS,10,SOXLUSDT,0.0,US_LEVERAGED_ETF:2026-06-26T20:00:00+00:00:2026-06-29T08:00:00+00:00
0.1677729625,0.1677729625,0.08300874100015143,0.041504370500075716,D2-C1-R3-10m,EXECUTION_STRESS,17,SOXLUSDT,0.4907083240002328,US_LEVERAGED_ETF:2026-06-26T20:00:00+00:00:2026-06-29T08:00:00+00:00
0.0,0.0,0.0,0.0,D2-C1-R3-20m,EXECUTION_STRESS,17,SOXLUSDT,0.0,US_LEVERAGED_ETF:2026-06-26T20:00:00+00:00:2026-06-29T08:00:00+00:00
0.0,0.0,0.0,0.0,D2-C1-R3-30m,EXECUTION_STRESS,17,SOXLUSDT,0.0,US_LEVERAGED_ETF:2026-06-26T20:00:00+00:00:2026-06-29T08:00:00+00:00
0.0,0.0,0.0,0.0,D2-C2-R3-10m,EXECUTION_STRESS,17,SOXLUSDT,0.0,US_LEVERAGED_ETF:2026-06-26T20:00:00+00:00:2026-06-29T08:00:00+00:00
0.0,0.0,0.0,0.0,D2-C2-R3-20m,EXECUTION_STRESS,17,SOXLUSDT,0.0,US_LEVERAGED_ETF:2026-06-26T20:00:00+00:00:2026-06-29T08:00:00+00:00
0.0,0.0,0.0,0.0,D2-C2-R3-30m,EXECUTION_STRESS,17,SOXLUSDT,0.0,US_LEVERAGED_ETF:2026-06-26T20:00:00+00:00:2026-06-29T08:00:00+00:00
0.0,0.0,0.0,0.0,D2-C3-R3-10m,EXECUTION_STRESS,17,SOXLUSDT,0.0,US_LEVERAGED_ETF:2026-06-26T20:00:00+00:00:2026-06-29T08:00:00+00:00
0.0,0.0,0.0,0.0,D2-C3-R3-20m,EXECUTION_STRESS,17,SOXLUSDT,0.0,US_LEVERAGED_ETF:2026-06-26T20:00:00+00:00:2026-06-29T08:00:00+00:00
0.0,0.0,0.0,0.0,D2-C3-R3-30m,EXECUTION_STRESS,17,SOXLUSDT,0.0,US_LEVERAGED_ETF:2026-06-26T20:00:00+00:00:2026-06-29T08:00:00+00:00
0.1677729625,0.1677729625,0.0,0.0,D2-C1-R3-10m,EXECUTION_STRESS,31,SOXLUSDT,0.36619521250000564,US_LEVERAGED_ETF:2026-06-26T20:00:00+00:00:2026-06-29T08:00:00+00:00
0.0,0.0,0.0,0.0,D2-C1-R3-20m,EXECUTION_STRESS,31,SOXLUSDT,0.0,US_LEVERAGED_ETF:2026-06-26T20:00:00+00:00:2026-06-29T08:00:00+00:00
0.0,0.0,0.0,0.0,D2-C1-R3-30m,EXECUTION_STRESS,31,SOXLUSDT,0.0,US_LEVERAGED_ETF:2026-06-26T20:00:00+00:00:2026-06-29T08:00:00+00:00
0.0,0.0,0.0,0.0,D2-C2-R3-10m,EXECUTION_STRESS,31,SOXLUSDT,0.0,US_LEVERAGED_ETF:2026-06-26T20:00:00+00:00:2026-06-29T08:00:00+00:00
0.0,0.0,0.0,0.0,D2-C2-R3-20m,EXECUTION_STRESS,31,SOXLUSDT,0.0,US_LEVERAGED_ETF:2026-06-26T20:00:00+00:00:2026-06-29T08:00:00+00:00
0.0,0.0,0.0,0.0,D2-C2-R3-30m,EXECUTION_STRESS,31,SOXLUSDT,0.0,US_LEVERAGED_ETF:2026-06-26T20:00:00+00:00:2026-06-29T08:00:00+00:00
0.0,0.0,0.0,0.0,D2-C3-R3-10m,EXECUTION_STRESS,31,SOXLUSDT,0.0,US_LEVERAGED_ETF:2026-06-26T20:00:00+00:00:2026-06-29T08:00:00+00:00
0.0,0.0,0.0,0.0,D2-C3-R3-20m,EXECUTION_STRESS,31,SOXLUSDT,0.0,US_LEVERAGED_ETF:2026-06-26T20:00:00+00:00:2026-06-29T08:00:00+00:00
0.0,0.0,0.0,0.0,D2-C3-R3-30m,EXECUTION_STRESS,31,SOXLUSDT,0.0,US_LEVERAGED_ETF:2026-06-26T20:00:00+00:00:2026-06-29T08:00:00+00:00
0.1677729625,0.1677729625,0.0,0.0,D2-C1-R3-10m,EXECUTION_STRESS,59,SOXLUSDT,0.36619521250000564,US_LEVERAGED_ETF:2026-06-26T20:00:00+00:00:2026-06-29T08:00:00+00:00
0.0,0.0,0.0,0.0,D2-C1-R3-20m,EXECUTION_STRESS,59,SOXLUSDT,0.0,US_LEVERAGED_ETF:2026-06-26T20:00:00+00:00:2026-06-29T08:00:00+00:00
0.0,0.0,0.0,0.0,D2-C1-R3-30m,EXECUTION_STRESS,59,SOXLUSDT,0.0,US_LEVERAGED_ETF:2026-06-26T20:00:00+00:00:2026-06-29T08:00:00+00:00
0.0,0.0,0.0,0.0,D2-C2-R3-10m,EXECUTION_STRESS,59,SOXLUSDT,0.0,US_LEVERAGED_ETF:2026-06-26T20:00:00+00:00:2026-06-29T08:00:00+00:00
0.0,0.0,0.0,0.0,D2-C2-R3-20m,EXECUTION_STRESS,59,SOXLUSDT,0.0,US_LEVERAGED_ETF:2026-06-26T20:00:00+00:00:2026-06-29T08:00:00+00:00
0.0,0.0,0.0,0.0,D2-C2-R3-30m,EXECUTION_STRESS,59,SOXLUSDT,0.0,US_LEVERAGED_ETF:2026-06-26T20:00:00+00:00:2026-06-29T08:00:00+00:00
0.0,0.0,0.0,0.0,D2-C3-R3-10m,EXECUTION_STRESS,59,SOXLUSDT,0.0,US_LEVERAGED_ETF:2026-06-26T20:00:00+00:00:2026-06-29T08:00:00+00:00
0.0,0.0,0.0,0.0,D2-C3-R3-20m,EXECUTION_STRESS,59,SOXLUSDT,0.0,US_LEVERAGED_ETF:2026-06-26T20:00:00+00:00:2026-06-29T08:00:00+00:00
0.0,0.0,0.0,0.0,D2-C3-R3-30m,EXECUTION_STRESS,59,SOXLUSDT,0.0,US_LEVERAGED_ETF:2026-06-26T20:00:00+00:00:2026-06-29T08:00:00+00:00
0.1677729625,0.1677729625,0.0,0.0,D2-C1-R3-10m,EXECUTION_STRESS,97,SOXLUSDT,0.36619521250000564,US_LEVERAGED_ETF:2026-06-26T20:00:00+00:00:2026-06-29T08:00:00+00:00
0.0,0.0,0.0,0.0,D2-C1-R3-20m,EXECUTION_STRESS,97,SOXLUSDT,0.0,US_LEVERAGED_ETF:2026-06-26T20:00:00+00:00:2026-06-29T08:00:00+00:00
0.0,0.0,0.0,0.0,D2-C1-R3-30m,EXECUTION_STRESS,97,SOXLUSDT,0.0,US_LEVERAGED_ETF:2026-06-26T20:00:00+00:00:2026-06-29T08:00:00+00:00
0.0,0.0,0.0,0.0,D2-C2-R3-10m,EXECUTION_STRESS,97,SOXLUSDT,0.0,US_LEVERAGED_ETF:2026-06-26T20:00:00+00:00:2026-06-29T08:00:00+00:00
0.0,0.0,0.0,0.0,D2-C2-R3-20m,EXECUTION_STRESS,97,SOXLUSDT,0.0,US_LEVERAGED_ETF:2026-06-26T20:00:00+00:00:2026-06-29T08:00:00+00:00
0.0,0.0,0.0,0.0,D2-C2-R3-30m,EXECUTION_STRESS,97,SOXLUSDT,0.0,US_LEVERAGED_ETF:2026-06-26T20:00:00+00:00:2026-06-29T08:00:00+00:00
0.0,0.0,0.0,0.0,D2-C3-R3-10m,EXECUTION_STRESS,97,SOXLUSDT,0.0,US_LEVERAGED_ETF:2026-06-26T20:00:00+00:00:2026-06-29T08:00:00+00:00
0.0,0.0,0.0,0.0,D2-C3-R3-20m,EXECUTION_STRESS,97,SOXLUSDT,0.0,US_LEVERAGED_ETF:2026-06-26T20:00:00+00:00:2026-06-29T08:00:00+00:00
0.0,0.0,0.0,0.0,D2-C3-R3-30m,EXECUTION_STRESS,97,SOXLUSDT,0.0,US_LEVERAGED_ETF:2026-06-26T20:00:00+00:00:2026-06-29T08:00:00+00:00
0.1032449,0.1032449,0.0,0.0,D2-C1-R3-10m,MAKER_PROMO_OFF,3,SOXLUSDT,0.2371009000000056,US_LEVERAGED_ETF:2026-06-26T20:00:00+00:00:2026-06-29T08:00:00+00:00
0.0,0.0,0.0,0.0,D2-C1-R3-20m,MAKER_PROMO_OFF,3,SOXLUSDT,0.0,US_LEVERAGED_ETF:2026-06-26T20:00:00+00:00:2026-06-29T08:00:00+00:00
0.0,0.0,0.0,0.0,D2-C1-R3-30m,MAKER_PROMO_OFF,3,SOXLUSDT,0.0,US_LEVERAGED_ETF:2026-06-26T20:00:00+00:00:2026-06-29T08:00:00+00:00
0.0,0.0,0.0,0.0,D2-C2-R3-10m,MAKER_PROMO_OFF,3,SOXLUSDT,0.0,US_LEVERAGED_ETF:2026-06-26T20:00:00+00:00:2026-06-29T08:00:00+00:00
0.0,0.0,0.0,0.0,D2-C2-R3-20m,MAKER_PROMO_OFF,3,SOXLUSDT,0.0,US_LEVERAGED_ETF:2026-06-26T20:00:00+00:00:2026-06-29T08:00:00+00:00
0.0,0.0,0.0,0.0,D2-C2-R3-30m,MAKER_PROMO_OFF,3,SOXLUSDT,0.0,US_LEVERAGED_ETF:2026-06-26T20:00:00+00:00:2026-06-29T08:00:00+00:00
0.0,0.0,0.0,0.0,D2-C3-R3-10m,MAKER_PROMO_OFF,3,SOXLUSDT,0.0,US_LEVERAGED_ETF:2026-06-26T20:00:00+00:00:2026-06-29T08:00:00+00:00
0.0,0.0,0.0,0.0,D2-C3-R3-20m,MAKER_PROMO_OFF,3,SOXLUSDT,0.0,US_LEVERAGED_ETF:2026-06-26T20:00:00+00:00:2026-06-29T08:00:00+00:00
0.0,0.0,0.0,0.0,D2-C3-R3-30m,MAKER_PROMO_OFF,3,SOXLUSDT,0.0,US_LEVERAGED_ETF:2026-06-26T20:00:00+00:00:2026-06-29T08:00:00+00:00
0.1032449,0.1032449,0.012340005950250976,0.006170002975125488,D2-C1-R3-10m,MAKER_PROMO_OFF,10,SOXLUSDT,0.2556109089253821,US_LEVERAGED_ETF:2026-06-26T20:00:00+00:00:2026-06-29T08:00:00+00:00
0.0,0.0,0.0,0.0,D2-C1-R3-20m,MAKER_PROMO_OFF,10,SOXLUSDT,0.0,US_LEVERAGED_ETF:2026-06-26T20:00:00+00:00:2026-06-29T08:00:00+00:00
0.0,0.0,0.0,0.0,D2-C1-R3-30m,MAKER_PROMO_OFF,10,SOXLUSDT,0.0,US_LEVERAGED_ETF:2026-06-26T20:00:00+00:00:2026-06-29T08:00:00+00:00
0.0,0.0,0.0,0.0,D2-C2-R3-10m,MAKER_PROMO_OFF,10,SOXLUSDT,0.0,US_LEVERAGED_ETF:2026-06-26T20:00:00+00:00:2026-06-29T08:00:00+00:00
0.0,0.0,0.0,0.0,D2-C2-R3-20m,MAKER_PROMO_OFF,10,SOXLUSDT,0.0,US_LEVERAGED_ETF:2026-06-26T20:00:00+00:00:2026-06-29T08:00:00+00:00
0.0,0.0,0.0,0.0,D2-C2-R3-30m,MAKER_PROMO_OFF,10,SOXLUSDT,0.0,US_LEVERAGED_ETF:2026-06-26T20:00:00+00:00:2026-06-29T08:00:00+00:00
0.0,0.0,0.0,0.0,D2-C3-R3-10m,MAKER_PROMO_OFF,10,SOXLUSDT,0.0,US_LEVERAGED_ETF:2026-06-26T20:00:00+00:00:2026-06-29T08:00:00+00:00
0.0,0.0,0.0,0.0,D2-C3-R3-20m,MAKER_PROMO_OFF,10,SOXLUSDT,0.0,US_LEVERAGED_ETF:2026-06-26T20:00:00+00:00:2026-06-29T08:00:00+00:00
0.0,0.0,0.0,0.0,D2-C3-R3-30m,MAKER_PROMO_OFF,10,SOXLUSDT,0.0,US_LEVERAGED_ETF:2026-06-26T20:00:00+00:00:2026-06-29T08:00:00+00:00
0.1032449,0.1032449,0.0,0.0,D2-C1-R3-10m,MAKER_PROMO_OFF,17,SOXLUSDT,0.2371009000000056,US_LEVERAGED_ETF:2026-06-26T20:00:00+00:00:2026-06-29T08:00:00+00:00
0.0,0.0,0.0,0.0,D2-C1-R3-20m,MAKER_PROMO_OFF,17,SOXLUSDT,0.0,US_LEVERAGED_ETF:2026-06-26T20:00:00+00:00:2026-06-29T08:00:00+00:00
0.0,0.0,0.0,0.0,D2-C1-R3-30m,MAKER_PROMO_OFF,17,SOXLUSDT,0.0,US_LEVERAGED_ETF:2026-06-26T20:00:00+00:00:2026-06-29T08:00:00+00:00
0.0,0.0,0.0,0.0,D2-C2-R3-10m,MAKER_PROMO_OFF,17,SOXLUSDT,0.0,US_LEVERAGED_ETF:2026-06-26T20:00:00+00:00:2026-06-29T08:00:00+00:00
0.0,0.0,0.0,0.0,D2-C2-R3-20m,MAKER_PROMO_OFF,17,SOXLUSDT,0.0,US_LEVERAGED_ETF:2026-06-26T20:00:00+00:00:2026-06-29T08:00:00+00:00
0.0,0.0,0.0,0.0,D2-C2-R3-30m,MAKER_PROMO_OFF,17,SOXLUSDT,0.0,US_LEVERAGED_ETF:2026-06-26T20:00:00+00:00:2026-06-29T08:00:00+00:00
0.0,0.0,0.0,0.0,D2-C3-R3-10m,MAKER_PROMO_OFF,17,SOXLUSDT,0.0,US_LEVERAGED_ETF:2026-06-26T20:00:00+00:00:2026-06-29T08:00:00+00:00
0.0,0.0,0.0,0.0,D2-C3-R3-20m,MAKER_PROMO_OFF,17,SOXLUSDT,0.0,US_LEVERAGED_ETF:2026-06-26T20:00:00+00:00:2026-06-29T08:00:00+00:00
0.0,0.0,0.0,0.0,D2-C3-R3-30m,MAKER_PROMO_OFF,17,SOXLUSDT,0.0,US_LEVERAGED_ETF:2026-06-26T20:00:00+00:00:2026-06-29T08:00:00+00:00
0.1032449,0.1032449,0.0,0.0,D2-C1-R3-10m,MAKER_PROMO_OFF,31,SOXLUSDT,0.2371009000000056,US_LEVERAGED_ETF:2026-06-26T20:00:00+00:00:2026-06-29T08:00:00+00:00
0.0,0.0,0.0,0.0,D2-C1-R3-20m,MAKER_PROMO_OFF,31,SOXLUSDT,0.0,US_LEVERAGED_ETF:2026-06-26T20:00:00+00:00:2026-06-29T08:00:00+00:00
0.0,0.0,0.0,0.0,D2-C1-R3-30m,MAKER_PROMO_OFF,31,SOXLUSDT,0.0,US_LEVERAGED_ETF:2026-06-26T20:00:00+00:00:2026-06-29T08:00:00+00:00
0.0,0.0,0.0,0.0,D2-C2-R3-10m,MAKER_PROMO_OFF,31,SOXLUSDT,0.0,US_LEVERAGED_ETF:2026-06-26T20:00:00+00:00:2026-06-29T08:00:00+00:00
0.0,0.0,0.0,0.0,D2-C2-R3-20m,MAKER_PROMO_OFF,31,SOXLUSDT,0.0,US_LEVERAGED_ETF:2026-06-26T20:00:00+00:00:2026-06-29T08:00:00+00:00
0.0,0.0,0.0,0.0,D2-C2-R3-30m,MAKER_PROMO_OFF,31,SOXLUSDT,0.0,US_LEVERAGED_ETF:2026-06-26T20:00:00+00:00:2026-06-29T08:00:00+00:00
0.0,0.0,0.0,0.0,D2-C3-R3-10m,MAKER_PROMO_OFF,31,SOXLUSDT,0.0,US_LEVERAGED_ETF:2026-06-26T20:00:00+00:00:2026-06-29T08:00:00+00:00
0.0,0.0,0.0,0.0,D2-C3-R3-20m,MAKER_PROMO_OFF,31,SOXLUSDT,0.0,US_LEVERAGED_ETF:2026-06-26T20:00:00+00:00:2026-06-29T08:00:00+00:00
0.0,0.0,0.0,0.0,D2-C3-R3-30m,MAKER_PROMO_OFF,31,SOXLUSDT,0.0,US_LEVERAGED_ETF:2026-06-26T20:00:00+00:00:2026-06-29T08:00:00+00:00
0.1032449,0.1032449,0.012340005950250976,0.006170002975125488,D2-C1-R3-10m,MAKER_PROMO_OFF,59,SOXLUSDT,0.2556109089253821,US_LEVERAGED_ETF:2026-06-26T20:00:00+00:00:2026-06-29T08:00:00+00:00
0.0,0.0,0.0,0.0,D2-C1-R3-20m,MAKER_PROMO_OFF,59,SOXLUSDT,0.0,US_LEVERAGED_ETF:2026-06-26T20:00:00+00:00:2026-06-29T08:00:00+00:00
0.0,0.0,0.0,0.0,D2-C1-R3-30m,MAKER_PROMO_OFF,59,SOXLUSDT,0.0,US_LEVERAGED_ETF:2026-06-26T20:00:00+00:00:2026-06-29T08:00:00+00:00
0.0,0.0,0.0,0.0,D2-C2-R3-10m,MAKER_PROMO_OFF,59,SOXLUSDT,0.0,US_LEVERAGED_ETF:2026-06-26T20:00:00+00:00:2026-06-29T08:00:00+00:00
0.0,0.0,0.0,0.0,D2-C2-R3-20m,MAKER_PROMO_OFF,59,SOXLUSDT,0.0,US_LEVERAGED_ETF:2026-06-26T20:00:00+00:00:2026-06-29T08:00:00+00:00
0.0,0.0,0.0,0.0,D2-C2-R3-30m,MAKER_PROMO_OFF,59,SOXLUSDT,0.0,US_LEVERAGED_ETF:2026-06-26T20:00:00+00:00:2026-06-29T08:00:00+00:00
0.0,0.0,0.0,0.0,D2-C3-R3-10m,MAKER_PROMO_OFF,59,SOXLUSDT,0.0,US_LEVERAGED_ETF:2026-06-26T20:00:00+00:00:2026-06-29T08:00:00+00:00
0.0,0.0,0.0,0.0,D2-C3-R3-20m,MAKER_PROMO_OFF,59,SOXLUSDT,0.0,US_LEVERAGED_ETF:2026-06-26T20:00:00+00:00:2026-06-29T08:00:00+00:00
0.0,0.0,0.0,0.0,D2-C3-R3-30m,MAKER_PROMO_OFF,59,SOXLUSDT,0.0,US_LEVERAGED_ETF:2026-06-26T20:00:00+00:00:2026-06-29T08:00:00+00:00
0.1032449,0.1032449,0.0,0.0,D2-C1-R3-10m,MAKER_PROMO_OFF,97,SOXLUSDT,0.2371009000000056,US_LEVERAGED_ETF:2026-06-26T20:00:00+00:00:2026-06-29T08:00:00+00:00
0.0,0.0,0.0,0.0,D2-C1-R3-20m,MAKER_PROMO_OFF,97,SOXLUSDT,0.0,US_LEVERAGED_ETF:2026-06-26T20:00:00+00:00:2026-06-29T08:00:00+00:00
0.0,0.0,0.0,0.0,D2-C1-R3-30m,MAKER_PROMO_OFF,97,SOXLUSDT,0.0,US_LEVERAGED_ETF:2026-06-26T20:00:00+00:00:2026-06-29T08:00:00+00:00
0.0,0.0,0.0,0.0,D2-C2-R3-10m,MAKER_PROMO_OFF,97,SOXLUSDT,0.0,US_LEVERAGED_ETF:2026-06-26T20:00:00+00:00:2026-06-29T08:00:00+00:00
0.0,0.0,0.0,0.0,D2-C2-R3-20m,MAKER_PROMO_OFF,97,SOXLUSDT,0.0,US_LEVERAGED_ETF:2026-06-26T20:00:00+00:00:2026-06-29T08:00:00+00:00
0.0,0.0,0.0,0.0,D2-C2-R3-30m,MAKER_PROMO_OFF,97,SOXLUSDT,0.0,US_LEVERAGED_ETF:2026-06-26T20:00:00+00:00:2026-06-29T08:00:00+00:00
0.0,0.0,0.0,0.0,D2-C3-R3-10m,MAKER_PROMO_OFF,97,SOXLUSDT,0.0,US_LEVERAGED_ETF:2026-06-26T20:00:00+00:00:2026-06-29T08:00:00+00:00
0.0,0.0,0.0,0.0,D2-C3-R3-20m,MAKER_PROMO_OFF,97,SOXLUSDT,0.0,US_LEVERAGED_ETF:2026-06-26T20:00:00+00:00:2026-06-29T08:00:00+00:00
0.0,0.0,0.0,0.0,D2-C3-R3-30m,MAKER_PROMO_OFF,97,SOXLUSDT,0.0,US_LEVERAGED_ETF:2026-06-26T20:00:00+00:00:2026-06-29T08:00:00+00:00
0.0,0.0,0.0,0.0,D2-C1-R3-10m,PRIMARY_ZERO_MAKER,3,SKHYNIXUSDT,0.0,KR_STOCK:2026-07-03T06:30:00+00:00:2026-07-06T00:00:00+00:00
0.0,0.0,0.0,0.0,D2-C1-R3-20m,PRIMARY_ZERO_MAKER,3,SKHYNIXUSDT,0.0,KR_STOCK:2026-07-03T06:30:00+00:00:2026-07-06T00:00:00+00:00
0.0,0.0,0.0,0.0,D2-C1-R3-30m,PRIMARY_ZERO_MAKER,3,SKHYNIXUSDT,0.0,KR_STOCK:2026-07-03T06:30:00+00:00:2026-07-06T00:00:00+00:00
0.0,0.0,0.0,0.0,D2-C2-R3-10m,PRIMARY_ZERO_MAKER,3,SKHYNIXUSDT,0.0,KR_STOCK:2026-07-03T06:30:00+00:00:2026-07-06T00:00:00+00:00
0.0,0.0,0.0,0.0,D2-C2-R3-20m,PRIMARY_ZERO_MAKER,3,SKHYNIXUSDT,0.0,KR_STOCK:2026-07-03T06:30:00+00:00:2026-07-06T00:00:00+00:00
0.0,0.0,0.0,0.0,D2-C2-R3-30m,PRIMARY_ZERO_MAKER,3,SKHYNIXUSDT,0.0,KR_STOCK:2026-07-03T06:30:00+00:00:2026-07-06T00:00:00+00:00
0.0,0.0,0.0,0.0,D2-C3-R3-10m,PRIMARY_ZERO_MAKER,3,SKHYNIXUSDT,0.0,KR_STOCK:2026-07-03T06:30:00+00:00:2026-07-06T00:00:00+00:00
0.0,0.0,0.0,0.0,D2-C3-R3-20m,PRIMARY_ZERO_MAKER,3,SKHYNIXUSDT,0.0,KR_STOCK:2026-07-03T06:30:00+00:00:2026-07-06T00:00:00+00:00
0.0,0.0,0.0,0.0,D2-C3-R3-30m,PRIMARY_ZERO_MAKER,3,SKHYNIXUSDT,0.0,KR_STOCK:2026-07-03T06:30:00+00:00:2026-07-06T00:00:00+00:00
0.0,0.0,0.0,0.0,D2-C1-R3-10m,PRIMARY_ZERO_MAKER,10,SKHYNIXUSDT,0.0,KR_STOCK:2026-07-03T06:30:00+00:00:2026-07-06T00:00:00+00:00
0.0,0.0,0.0,0.0,D2-C1-R3-20m,PRIMARY_ZERO_MAKER,10,SKHYNIXUSDT,0.0,KR_STOCK:2026-07-03T06:30:00+00:00:2026-07-06T00:00:00+00:00
0.0,0.0,0.0,0.0,D2-C1-R3-30m,PRIMARY_ZERO_MAKER,10,SKHYNIXUSDT,0.0,KR_STOCK:2026-07-03T06:30:00+00:00:2026-07-06T00:00:00+00:00
0.0,0.0,0.0,0.0,D2-C2-R3-10m,PRIMARY_ZERO_MAKER,10,SKHYNIXUSDT,0.0,KR_STOCK:2026-07-03T06:30:00+00:00:2026-07-06T00:00:00+00:00
0.0,0.0,0.0,0.0,D2-C2-R3-20m,PRIMARY_ZERO_MAKER,10,SKHYNIXUSDT,0.0,KR_STOCK:2026-07-03T06:30:00+00:00:2026-07-06T00:00:00+00:00
0.0,0.0,0.0,0.0,D2-C2-R3-30m,PRIMARY_ZERO_MAKER,10,SKHYNIXUSDT,0.0,KR_STOCK:2026-07-03T06:30:00+00:00:2026-07-06T00:00:00+00:00
0.0,0.0,0.0,0.0,D2-C3-R3-10m,PRIMARY_ZERO_MAKER,10,SKHYNIXUSDT,0.0,KR_STOCK:2026-07-03T06:30:00+00:00:2026-07-06T00:00:00+00:00
0.0,0.0,0.0,0.0,D2-C3-R3-20m,PRIMARY_ZERO_MAKER,10,SKHYNIXUSDT,0.0,KR_STOCK:2026-07-03T06:30:00+00:00:2026-07-06T00:00:00+00:00
0.0,0.0,0.0,0.0,D2-C3-R3-30m,PRIMARY_ZERO_MAKER,10,SKHYNIXUSDT,0.0,KR_STOCK:2026-07-03T06:30:00+00:00:2026-07-06T00:00:00+00:00
0.0,0.0,0.0,0.0,D2-C1-R3-10m,PRIMARY_ZERO_MAKER,17,SKHYNIXUSDT,0.0,KR_STOCK:2026-07-03T06:30:00+00:00:2026-07-06T00:00:00+00:00
0.0,0.0,0.0,0.0,D2-C1-R3-20m,PRIMARY_ZERO_MAKER,17,SKHYNIXUSDT,0.0,KR_STOCK:2026-07-03T06:30:00+00:00:2026-07-06T00:00:00+00:00
0.0,0.0,0.0,0.0,D2-C1-R3-30m,PRIMARY_ZERO_MAKER,17,SKHYNIXUSDT,0.0,KR_STOCK:2026-07-03T06:30:00+00:00:2026-07-06T00:00:00+00:00
0.0,0.0,0.0,0.0,D2-C2-R3-10m,PRIMARY_ZERO_MAKER,17,SKHYNIXUSDT,0.0,KR_STOCK:2026-07-03T06:30:00+00:00:2026-07-06T00:00:00+00:00
0.0,0.0,0.0,0.0,D2-C2-R3-20m,PRIMARY_ZERO_MAKER,17,SKHYNIXUSDT,0.0,KR_STOCK:2026-07-03T06:30:00+00:00:2026-07-06T00:00:00+00:00
0.0,0.0,0.0,0.0,D2-C2-R3-30m,PRIMARY_ZERO_MAKER,17,SKHYNIXUSDT,0.0,KR_STOCK:2026-07-03T06:30:00+00:00:2026-07-06T00:00:00+00:00
0.0,0.0,0.0,0.0,D2-C3-R3-10m,PRIMARY_ZERO_MAKER,17,SKHYNIXUSDT,0.0,KR_STOCK:2026-07-03T06:30:00+00:00:2026-07-06T00:00:00+00:00
0.0,0.0,0.0,0.0,D2-C3-R3-20m,PRIMARY_ZERO_MAKER,17,SKHYNIXUSDT,0.0,KR_STOCK:2026-07-03T06:30:00+00:00:2026-07-06T00:00:00+00:00
0.0,0.0,0.0,0.0,D2-C3-R3-30m,PRIMARY_ZERO_MAKER,17,SKHYNIXUSDT,0.0,KR_STOCK:2026-07-03T06:30:00+00:00:2026-07-06T00:00:00+00:00
0.0,0.0,0.0,0.0,D2-C1-R3-10m,PRIMARY_ZERO_MAKER,31,SKHYNIXUSDT,0.0,KR_STOCK:2026-07-03T06:30:00+00:00:2026-07-06T00:00:00+00:00
0.0,0.0,0.0,0.0,D2-C1-R3-20m,PRIMARY_ZERO_MAKER,31,SKHYNIXUSDT,0.0,KR_STOCK:2026-07-03T06:30:00+00:00:2026-07-06T00:00:00+00:00
0.0,0.0,0.0,0.0,D2-C1-R3-30m,PRIMARY_ZERO_MAKER,31,SKHYNIXUSDT,0.0,KR_STOCK:2026-07-03T06:30:00+00:00:2026-07-06T00:00:00+00:00
0.0,0.0,0.0,0.0,D2-C2-R3-10m,PRIMARY_ZERO_MAKER,31,SKHYNIXUSDT,0.0,KR_STOCK:2026-07-03T06:30:00+00:00:2026-07-06T00:00:00+00:00
0.0,0.0,0.0,0.0,D2-C2-R3-20m,PRIMARY_ZERO_MAKER,31,SKHYNIXUSDT,0.0,KR_STOCK:2026-07-03T06:30:00+00:00:2026-07-06T00:00:00+00:00
0.0,0.0,0.0,0.0,D2-C2-R3-30m,PRIMARY_ZERO_MAKER,31,SKHYNIXUSDT,0.0,KR_STOCK:2026-07-03T06:30:00+00:00:2026-07-06T00:00:00+00:00
0.0,0.0,0.0,0.0,D2-C3-R3-10m,PRIMARY_ZERO_MAKER,31,SKHYNIXUSDT,0.0,KR_STOCK:2026-07-03T06:30:00+00:00:2026-07-06T00:00:00+00:00
0.0,0.0,0.0,0.0,D2-C3-R3-20m,PRIMARY_ZERO_MAKER,31,SKHYNIXUSDT,0.0,KR_STOCK:2026-07-03T06:30:00+00:00:2026-07-06T00:00:00+00:00
0.0,0.0,0.0,0.0,D2-C3-R3-30m,PRIMARY_ZERO_MAKER,31,SKHYNIXUSDT,0.0,KR_STOCK:2026-07-03T06:30:00+00:00:2026-07-06T00:00:00+00:00
0.0,0.0,0.0,0.0,D2-C1-R3-10m,PRIMARY_ZERO_MAKER,59,SKHYNIXUSDT,0.0,KR_STOCK:2026-07-03T06:30:00+00:00:2026-07-06T00:00:00+00:00
0.0,0.0,0.0,0.0,D2-C1-R3-20m,PRIMARY_ZERO_MAKER,59,SKHYNIXUSDT,0.0,KR_STOCK:2026-07-03T06:30:00+00:00:2026-07-06T00:00:00+00:00
0.0,0.0,0.0,0.0,D2-C1-R3-30m,PRIMARY_ZERO_MAKER,59,SKHYNIXUSDT,0.0,KR_STOCK:2026-07-03T06:30:00+00:00:2026-07-06T00:00:00+00:00
0.0,0.0,0.0,0.0,D2-C2-R3-10m,PRIMARY_ZERO_MAKER,59,SKHYNIXUSDT,0.0,KR_STOCK:2026-07-03T06:30:00+00:00:2026-07-06T00:00:00+00:00
0.0,0.0,0.0,0.0,D2-C2-R3-20m,PRIMARY_ZERO_MAKER,59,SKHYNIXUSDT,0.0,KR_STOCK:2026-07-03T06:30:00+00:00:2026-07-06T00:00:00+00:00
0.0,0.0,0.0,0.0,D2-C2-R3-30m,PRIMARY_ZERO_MAKER,59,SKHYNIXUSDT,0.0,KR_STOCK:2026-07-03T06:30:00+00:00:2026-07-06T00:00:00+00:00
0.0,0.0,0.0,0.0,D2-C3-R3-10m,PRIMARY_ZERO_MAKER,59,SKHYNIXUSDT,0.0,KR_STOCK:2026-07-03T06:30:00+00:00:2026-07-06T00:00:00+00:00
0.0,0.0,0.0,0.0,D2-C3-R3-20m,PRIMARY_ZERO_MAKER,59,SKHYNIXUSDT,0.0,KR_STOCK:2026-07-03T06:30:00+00:00:2026-07-06T00:00:00+00:00
0.0,0.0,0.0,0.0,D2-C3-R3-30m,PRIMARY_ZERO_MAKER,59,SKHYNIXUSDT,0.0,KR_STOCK:2026-07-03T06:30:00+00:00:2026-07-06T00:00:00+00:00
0.0,0.0,0.0,0.0,D2-C1-R3-10m,PRIMARY_ZERO_MAKER,97,SKHYNIXUSDT,0.0,KR_STOCK:2026-07-03T06:30:00+00:00:2026-07-06T00:00:00+00:00
0.0,0.0,0.0,0.0,D2-C1-R3-20m,PRIMARY_ZERO_MAKER,97,SKHYNIXUSDT,0.0,KR_STOCK:2026-07-03T06:30:00+00:00:2026-07-06T00:00:00+00:00
0.0,0.0,0.0,0.0,D2-C1-R3-30m,PRIMARY_ZERO_MAKER,97,SKHYNIXUSDT,0.0,KR_STOCK:2026-07-03T06:30:00+00:00:2026-07-06T00:00:00+00:00
0.0,0.0,0.0,0.0,D2-C2-R3-10m,PRIMARY_ZERO_MAKER,97,SKHYNIXUSDT,0.0,KR_STOCK:2026-07-03T06:30:00+00:00:2026-07-06T00:00:00+00:00
0.0,0.0,0.0,0.0,D2-C2-R3-20m,PRIMARY_ZERO_MAKER,97,SKHYNIXUSDT,0.0,KR_STOCK:2026-07-03T06:30:00+00:00:2026-07-06T00:00:00+00:00
0.0,0.0,0.0,0.0,D2-C2-R3-30m,PRIMARY_ZERO_MAKER,97,SKHYNIXUSDT,0.0,KR_STOCK:2026-07-03T06:30:00+00:00:2026-07-06T00:00:00+00:00
0.0,0.0,0.0,0.0,D2-C3-R3-10m,PRIMARY_ZERO_MAKER,97,SKHYNIXUSDT,0.0,KR_STOCK:2026-07-03T06:30:00+00:00:2026-07-06T00:00:00+00:00
0.0,0.0,0.0,0.0,D2-C3-R3-20m,PRIMARY_ZERO_MAKER,97,SKHYNIXUSDT,0.0,KR_STOCK:2026-07-03T06:30:00+00:00:2026-07-06T00:00:00+00:00
0.0,0.0,0.0,0.0,D2-C3-R3-30m,PRIMARY_ZERO_MAKER,97,SKHYNIXUSDT,0.0,KR_STOCK:2026-07-03T06:30:00+00:00:2026-07-06T00:00:00+00:00
0.0,0.0,0.0,0.0,D2-C1-R3-10m,EXECUTION_STRESS,3,SKHYNIXUSDT,0.0,KR_STOCK:2026-07-03T06:30:00+00:00:2026-07-06T00:00:00+00:00
0.0,0.0,0.0,0.0,D2-C1-R3-20m,EXECUTION_STRESS,3,SKHYNIXUSDT,0.0,KR_STOCK:2026-07-03T06:30:00+00:00:2026-07-06T00:00:00+00:00
0.0,0.0,0.0,0.0,D2-C1-R3-30m,EXECUTION_STRESS,3,SKHYNIXUSDT,0.0,KR_STOCK:2026-07-03T06:30:00+00:00:2026-07-06T00:00:00+00:00
0.0,0.0,0.0,0.0,D2-C2-R3-10m,EXECUTION_STRESS,3,SKHYNIXUSDT,0.0,KR_STOCK:2026-07-03T06:30:00+00:00:2026-07-06T00:00:00+00:00
0.0,0.0,0.0,0.0,D2-C2-R3-20m,EXECUTION_STRESS,3,SKHYNIXUSDT,0.0,KR_STOCK:2026-07-03T06:30:00+00:00:2026-07-06T00:00:00+00:00
0.0,0.0,0.0,0.0,D2-C2-R3-30m,EXECUTION_STRESS,3,SKHYNIXUSDT,0.0,KR_STOCK:2026-07-03T06:30:00+00:00:2026-07-06T00:00:00+00:00
0.0,0.0,0.0,0.0,D2-C3-R3-10m,EXECUTION_STRESS,3,SKHYNIXUSDT,0.0,KR_STOCK:2026-07-03T06:30:00+00:00:2026-07-06T00:00:00+00:00
0.0,0.0,0.0,0.0,D2-C3-R3-20m,EXECUTION_STRESS,3,SKHYNIXUSDT,0.0,KR_STOCK:2026-07-03T06:30:00+00:00:2026-07-06T00:00:00+00:00
0.0,0.0,0.0,0.0,D2-C3-R3-30m,EXECUTION_STRESS,3,SKHYNIXUSDT,0.0,KR_STOCK:2026-07-03T06:30:00+00:00:2026-07-06T00:00:00+00:00
0.0,0.0,0.0,0.0,D2-C1-R3-10m,EXECUTION_STRESS,10,SKHYNIXUSDT,0.0,KR_STOCK:2026-07-03T06:30:00+00:00:2026-07-06T00:00:00+00:00
0.0,0.0,0.0,0.0,D2-C1-R3-20m,EXECUTION_STRESS,10,SKHYNIXUSDT,0.0,KR_STOCK:2026-07-03T06:30:00+00:00:2026-07-06T00:00:00+00:00
0.0,0.0,0.0,0.0,D2-C1-R3-30m,EXECUTION_STRESS,10,SKHYNIXUSDT,0.0,KR_STOCK:2026-07-03T06:30:00+00:00:2026-07-06T00:00:00+00:00
0.0,0.0,0.0,0.0,D2-C2-R3-10m,EXECUTION_STRESS,10,SKHYNIXUSDT,0.0,KR_STOCK:2026-07-03T06:30:00+00:00:2026-07-06T00:00:00+00:00
0.0,0.0,0.0,0.0,D2-C2-R3-20m,EXECUTION_STRESS,10,SKHYNIXUSDT,0.0,KR_STOCK:2026-07-03T06:30:00+00:00:2026-07-06T00:00:00+00:00
0.0,0.0,0.0,0.0,D2-C2-R3-30m,EXECUTION_STRESS,10,SKHYNIXUSDT,0.0,KR_STOCK:2026-07-03T06:30:00+00:00:2026-07-06T00:00:00+00:00
0.0,0.0,0.0,0.0,D2-C3-R3-10m,EXECUTION_STRESS,10,SKHYNIXUSDT,0.0,KR_STOCK:2026-07-03T06:30:00+00:00:2026-07-06T00:00:00+00:00
0.0,0.0,0.0,0.0,D2-C3-R3-20m,EXECUTION_STRESS,10,SKHYNIXUSDT,0.0,KR_STOCK:2026-07-03T06:30:00+00:00:2026-07-06T00:00:00+00:00
0.0,0.0,0.0,0.0,D2-C3-R3-30m,EXECUTION_STRESS,10,SKHYNIXUSDT,0.0,KR_STOCK:2026-07-03T06:30:00+00:00:2026-07-06T00:00:00+00:00
0.0,0.0,0.0,0.0,D2-C1-R3-10m,EXECUTION_STRESS,17,SKHYNIXUSDT,0.0,KR_STOCK:2026-07-03T06:30:00+00:00:2026-07-06T00:00:00+00:00
0.0,0.0,0.0,0.0,D2-C1-R3-20m,EXECUTION_STRESS,17,SKHYNIXUSDT,0.0,KR_STOCK:2026-07-03T06:30:00+00:00:2026-07-06T00:00:00+00:00
0.0,0.0,0.0,0.0,D2-C1-R3-30m,EXECUTION_STRESS,17,SKHYNIXUSDT,0.0,KR_STOCK:2026-07-03T06:30:00+00:00:2026-07-06T00:00:00+00:00
0.0,0.0,0.0,0.0,D2-C2-R3-10m,EXECUTION_STRESS,17,SKHYNIXUSDT,0.0,KR_STOCK:2026-07-03T06:30:00+00:00:2026-07-06T00:00:00+00:00
0.0,0.0,0.0,0.0,D2-C2-R3-20m,EXECUTION_STRESS,17,SKHYNIXUSDT,0.0,KR_STOCK:2026-07-03T06:30:00+00:00:2026-07-06T00:00:00+00:00
0.0,0.0,0.0,0.0,D2-C2-R3-30m,EXECUTION_STRESS,17,SKHYNIXUSDT,0.0,KR_STOCK:2026-07-03T06:30:00+00:00:2026-07-06T00:00:00+00:00
0.0,0.0,0.0,0.0,D2-C3-R3-10m,EXECUTION_STRESS,17,SKHYNIXUSDT,0.0,KR_STOCK:2026-07-03T06:30:00+00:00:2026-07-06T00:00:00+00:00
0.0,0.0,0.0,0.0,D2-C3-R3-20m,EXECUTION_STRESS,17,SKHYNIXUSDT,0.0,KR_STOCK:2026-07-03T06:30:00+00:00:2026-07-06T00:00:00+00:00
0.0,0.0,0.0,0.0,D2-C3-R3-30m,EXECUTION_STRESS,17,SKHYNIXUSDT,0.0,KR_STOCK:2026-07-03T06:30:00+00:00:2026-07-06T00:00:00+00:00
0.0,0.0,0.0,0.0,D2-C1-R3-10m,EXECUTION_STRESS,31,SKHYNIXUSDT,0.0,KR_STOCK:2026-07-03T06:30:00+00:00:2026-07-06T00:00:00+00:00
0.0,0.0,0.0,0.0,D2-C1-R3-20m,EXECUTION_STRESS,31,SKHYNIXUSDT,0.0,KR_STOCK:2026-07-03T06:30:00+00:00:2026-07-06T00:00:00+00:00
0.0,0.0,0.0,0.0,D2-C1-R3-30m,EXECUTION_STRESS,31,SKHYNIXUSDT,0.0,KR_STOCK:2026-07-03T06:30:00+00:00:2026-07-06T00:00:00+00:00
0.0,0.0,0.0,0.0,D2-C2-R3-10m,EXECUTION_STRESS,31,SKHYNIXUSDT,0.0,KR_STOCK:2026-07-03T06:30:00+00:00:2026-07-06T00:00:00+00:00
0.0,0.0,0.0,0.0,D2-C2-R3-20m,EXECUTION_STRESS,31,SKHYNIXUSDT,0.0,KR_STOCK:2026-07-03T06:30:00+00:00:2026-07-06T00:00:00+00:00
0.0,0.0,0.0,0.0,D2-C2-R3-30m,EXECUTION_STRESS,31,SKHYNIXUSDT,0.0,KR_STOCK:2026-07-03T06:30:00+00:00:2026-07-06T00:00:00+00:00
0.0,0.0,0.0,0.0,D2-C3-R3-10m,EXECUTION_STRESS,31,SKHYNIXUSDT,0.0,KR_STOCK:2026-07-03T06:30:00+00:00:2026-07-06T00:00:00+00:00
0.0,0.0,0.0,0.0,D2-C3-R3-20m,EXECUTION_STRESS,31,SKHYNIXUSDT,0.0,KR_STOCK:2026-07-03T06:30:00+00:00:2026-07-06T00:00:00+00:00
0.0,0.0,0.0,0.0,D2-C3-R3-30m,EXECUTION_STRESS,31,SKHYNIXUSDT,0.0,KR_STOCK:2026-07-03T06:30:00+00:00:2026-07-06T00:00:00+00:00
0.0,0.0,0.0,0.0,D2-C1-R3-10m,EXECUTION_STRESS,59,SKHYNIXUSDT,0.0,KR_STOCK:2026-07-03T06:30:00+00:00:2026-07-06T00:00:00+00:00
0.0,0.0,0.0,0.0,D2-C1-R3-20m,EXECUTION_STRESS,59,SKHYNIXUSDT,0.0,KR_STOCK:2026-07-03T06:30:00+00:00:2026-07-06T00:00:00+00:00
0.0,0.0,0.0,0.0,D2-C1-R3-30m,EXECUTION_STRESS,59,SKHYNIXUSDT,0.0,KR_STOCK:2026-07-03T06:30:00+00:00:2026-07-06T00:00:00+00:00
0.0,0.0,0.0,0.0,D2-C2-R3-10m,EXECUTION_STRESS,59,SKHYNIXUSDT,0.0,KR_STOCK:2026-07-03T06:30:00+00:00:2026-07-06T00:00:00+00:00
0.0,0.0,0.0,0.0,D2-C2-R3-20m,EXECUTION_STRESS,59,SKHYNIXUSDT,0.0,KR_STOCK:2026-07-03T06:30:00+00:00:2026-07-06T00:00:00+00:00
0.0,0.0,0.0,0.0,D2-C2-R3-30m,EXECUTION_STRESS,59,SKHYNIXUSDT,0.0,KR_STOCK:2026-07-03T06:30:00+00:00:2026-07-06T00:00:00+00:00
0.0,0.0,0.0,0.0,D2-C3-R3-10m,EXECUTION_STRESS,59,SKHYNIXUSDT,0.0,KR_STOCK:2026-07-03T06:30:00+00:00:2026-07-06T00:00:00+00:00
0.0,0.0,0.0,0.0,D2-C3-R3-20m,EXECUTION_STRESS,59,SKHYNIXUSDT,0.0,KR_STOCK:2026-07-03T06:30:00+00:00:2026-07-06T00:00:00+00:00
0.0,0.0,0.0,0.0,D2-C3-R3-30m,EXECUTION_STRESS,59,SKHYNIXUSDT,0.0,KR_STOCK:2026-07-03T06:30:00+00:00:2026-07-06T00:00:00+00:00
0.0,0.0,0.0,0.0,D2-C1-R3-10m,EXECUTION_STRESS,97,SKHYNIXUSDT,0.0,KR_STOCK:2026-07-03T06:30:00+00:00:2026-07-06T00:00:00+00:00
0.0,0.0,0.0,0.0,D2-C1-R3-20m,EXECUTION_STRESS,97,SKHYNIXUSDT,0.0,KR_STOCK:2026-07-03T06:30:00+00:00:2026-07-06T00:00:00+00:00
0.0,0.0,0.0,0.0,D2-C1-R3-30m,EXECUTION_STRESS,97,SKHYNIXUSDT,0.0,KR_STOCK:2026-07-03T06:30:00+00:00:2026-07-06T00:00:00+00:00
0.0,0.0,0.0,0.0,D2-C2-R3-10m,EXECUTION_STRESS,97,SKHYNIXUSDT,0.0,KR_STOCK:2026-07-03T06:30:00+00:00:2026-07-06T00:00:00+00:00
0.0,0.0,0.0,0.0,D2-C2-R3-20m,EXECUTION_STRESS,97,SKHYNIXUSDT,0.0,KR_STOCK:2026-07-03T06:30:00+00:00:2026-07-06T00:00:00+00:00
0.0,0.0,0.0,0.0,D2-C2-R3-30m,EXECUTION_STRESS,97,SKHYNIXUSDT,0.0,KR_STOCK:2026-07-03T06:30:00+00:00:2026-07-06T00:00:00+00:00
0.0,0.0,0.0,0.0,D2-C3-R3-10m,EXECUTION_STRESS,97,SKHYNIXUSDT,0.0,KR_STOCK:2026-07-03T06:30:00+00:00:2026-07-06T00:00:00+00:00
0.0,0.0,0.0,0.0,D2-C3-R3-20m,EXECUTION_STRESS,97,SKHYNIXUSDT,0.0,KR_STOCK:2026-07-03T06:30:00+00:00:2026-07-06T00:00:00+00:00
0.0,0.0,0.0,0.0,D2-C3-R3-30m,EXECUTION_STRESS,97,SKHYNIXUSDT,0.0,KR_STOCK:2026-07-03T06:30:00+00:00:2026-07-06T00:00:00+00:00
0.0,0.0,0.0,0.0,D2-C1-R3-10m,MAKER_PROMO_OFF,3,SKHYNIXUSDT,0.0,KR_STOCK:2026-07-03T06:30:00+00:00:2026-07-06T00:00:00+00:00
0.0,0.0,0.0,0.0,D2-C1-R3-20m,MAKER_PROMO_OFF,3,SKHYNIXUSDT,0.0,KR_STOCK:2026-07-03T06:30:00+00:00:2026-07-06T00:00:00+00:00
0.0,0.0,0.0,0.0,D2-C1-R3-30m,MAKER_PROMO_OFF,3,SKHYNIXUSDT,0.0,KR_STOCK:2026-07-03T06:30:00+00:00:2026-07-06T00:00:00+00:00
0.0,0.0,0.0,0.0,D2-C2-R3-10m,MAKER_PROMO_OFF,3,SKHYNIXUSDT,0.0,KR_STOCK:2026-07-03T06:30:00+00:00:2026-07-06T00:00:00+00:00
0.0,0.0,0.0,0.0,D2-C2-R3-20m,MAKER_PROMO_OFF,3,SKHYNIXUSDT,0.0,KR_STOCK:2026-07-03T06:30:00+00:00:2026-07-06T00:00:00+00:00
0.0,0.0,0.0,0.0,D2-C2-R3-30m,MAKER_PROMO_OFF,3,SKHYNIXUSDT,0.0,KR_STOCK:2026-07-03T06:30:00+00:00:2026-07-06T00:00:00+00:00
0.0,0.0,0.0,0.0,D2-C3-R3-10m,MAKER_PROMO_OFF,3,SKHYNIXUSDT,0.0,KR_STOCK:2026-07-03T06:30:00+00:00:2026-07-06T00:00:00+00:00
0.0,0.0,0.0,0.0,D2-C3-R3-20m,MAKER_PROMO_OFF,3,SKHYNIXUSDT,0.0,KR_STOCK:2026-07-03T06:30:00+00:00:2026-07-06T00:00:00+00:00
0.0,0.0,0.0,0.0,D2-C3-R3-30m,MAKER_PROMO_OFF,3,SKHYNIXUSDT,0.0,KR_STOCK:2026-07-03T06:30:00+00:00:2026-07-06T00:00:00+00:00
0.0,0.0,0.0,0.0,D2-C1-R3-10m,MAKER_PROMO_OFF,10,SKHYNIXUSDT,0.0,KR_STOCK:2026-07-03T06:30:00+00:00:2026-07-06T00:00:00+00:00
0.0,0.0,0.0,0.0,D2-C1-R3-20m,MAKER_PROMO_OFF,10,SKHYNIXUSDT,0.0,KR_STOCK:2026-07-03T06:30:00+00:00:2026-07-06T00:00:00+00:00
0.0,0.0,0.0,0.0,D2-C1-R3-30m,MAKER_PROMO_OFF,10,SKHYNIXUSDT,0.0,KR_STOCK:2026-07-03T06:30:00+00:00:2026-07-06T00:00:00+00:00
0.0,0.0,0.0,0.0,D2-C2-R3-10m,MAKER_PROMO_OFF,10,SKHYNIXUSDT,0.0,KR_STOCK:2026-07-03T06:30:00+00:00:2026-07-06T00:00:00+00:00
0.0,0.0,0.0,0.0,D2-C2-R3-20m,MAKER_PROMO_OFF,10,SKHYNIXUSDT,0.0,KR_STOCK:2026-07-03T06:30:00+00:00:2026-07-06T00:00:00+00:00
0.0,0.0,0.0,0.0,D2-C2-R3-30m,MAKER_PROMO_OFF,10,SKHYNIXUSDT,0.0,KR_STOCK:2026-07-03T06:30:00+00:00:2026-07-06T00:00:00+00:00
0.0,0.0,0.0,0.0,D2-C3-R3-10m,MAKER_PROMO_OFF,10,SKHYNIXUSDT,0.0,KR_STOCK:2026-07-03T06:30:00+00:00:2026-07-06T00:00:00+00:00
0.0,0.0,0.0,0.0,D2-C3-R3-20m,MAKER_PROMO_OFF,10,SKHYNIXUSDT,0.0,KR_STOCK:2026-07-03T06:30:00+00:00:2026-07-06T00:00:00+00:00
0.0,0.0,0.0,0.0,D2-C3-R3-30m,MAKER_PROMO_OFF,10,SKHYNIXUSDT,0.0,KR_STOCK:2026-07-03T06:30:00+00:00:2026-07-06T00:00:00+00:00
0.0,0.0,0.0,0.0,D2-C1-R3-10m,MAKER_PROMO_OFF,17,SKHYNIXUSDT,0.0,KR_STOCK:2026-07-03T06:30:00+00:00:2026-07-06T00:00:00+00:00
0.0,0.0,0.0,0.0,D2-C1-R3-20m,MAKER_PROMO_OFF,17,SKHYNIXUSDT,0.0,KR_STOCK:2026-07-03T06:30:00+00:00:2026-07-06T00:00:00+00:00
0.0,0.0,0.0,0.0,D2-C1-R3-30m,MAKER_PROMO_OFF,17,SKHYNIXUSDT,0.0,KR_STOCK:2026-07-03T06:30:00+00:00:2026-07-06T00:00:00+00:00
0.0,0.0,0.0,0.0,D2-C2-R3-10m,MAKER_PROMO_OFF,17,SKHYNIXUSDT,0.0,KR_STOCK:2026-07-03T06:30:00+00:00:2026-07-06T00:00:00+00:00
0.0,0.0,0.0,0.0,D2-C2-R3-20m,MAKER_PROMO_OFF,17,SKHYNIXUSDT,0.0,KR_STOCK:2026-07-03T06:30:00+00:00:2026-07-06T00:00:00+00:00
0.0,0.0,0.0,0.0,D2-C2-R3-30m,MAKER_PROMO_OFF,17,SKHYNIXUSDT,0.0,KR_STOCK:2026-07-03T06:30:00+00:00:2026-07-06T00:00:00+00:00
0.0,0.0,0.0,0.0,D2-C3-R3-10m,MAKER_PROMO_OFF,17,SKHYNIXUSDT,0.0,KR_STOCK:2026-07-03T06:30:00+00:00:2026-07-06T00:00:00+00:00
0.0,0.0,0.0,0.0,D2-C3-R3-20m,MAKER_PROMO_OFF,17,SKHYNIXUSDT,0.0,KR_STOCK:2026-07-03T06:30:00+00:00:2026-07-06T00:00:00+00:00
0.0,0.0,0.0,0.0,D2-C3-R3-30m,MAKER_PROMO_OFF,17,SKHYNIXUSDT,0.0,KR_STOCK:2026-07-03T06:30:00+00:00:2026-07-06T00:00:00+00:00
0.0,0.0,0.0,0.0,D2-C1-R3-10m,MAKER_PROMO_OFF,31,SKHYNIXUSDT,0.0,KR_STOCK:2026-07-03T06:30:00+00:00:2026-07-06T00:00:00+00:00
0.0,0.0,0.0,0.0,D2-C1-R3-20m,MAKER_PROMO_OFF,31,SKHYNIXUSDT,0.0,KR_STOCK:2026-07-03T06:30:00+00:00:2026-07-06T00:00:00+00:00
0.0,0.0,0.0,0.0,D2-C1-R3-30m,MAKER_PROMO_OFF,31,SKHYNIXUSDT,0.0,KR_STOCK:2026-07-03T06:30:00+00:00:2026-07-06T00:00:00+00:00
0.0,0.0,0.0,0.0,D2-C2-R3-10m,MAKER_PROMO_OFF,31,SKHYNIXUSDT,0.0,KR_STOCK:2026-07-03T06:30:00+00:00:2026-07-06T00:00:00+00:00
0.0,0.0,0.0,0.0,D2-C2-R3-20m,MAKER_PROMO_OFF,31,SKHYNIXUSDT,0.0,KR_STOCK:2026-07-03T06:30:00+00:00:2026-07-06T00:00:00+00:00
0.0,0.0,0.0,0.0,D2-C2-R3-30m,MAKER_PROMO_OFF,31,SKHYNIXUSDT,0.0,KR_STOCK:2026-07-03T06:30:00+00:00:2026-07-06T00:00:00+00:00
0.0,0.0,0.0,0.0,D2-C3-R3-10m,MAKER_PROMO_OFF,31,SKHYNIXUSDT,0.0,KR_STOCK:2026-07-03T06:30:00+00:00:2026-07-06T00:00:00+00:00
0.0,0.0,0.0,0.0,D2-C3-R3-20m,MAKER_PROMO_OFF,31,SKHYNIXUSDT,0.0,KR_STOCK:2026-07-03T06:30:00+00:00:2026-07-06T00:00:00+00:00
0.0,0.0,0.0,0.0,D2-C3-R3-30m,MAKER_PROMO_OFF,31,SKHYNIXUSDT,0.0,KR_STOCK:2026-07-03T06:30:00+00:00:2026-07-06T00:00:00+00:00
0.0,0.0,0.0,0.0,D2-C1-R3-10m,MAKER_PROMO_OFF,59,SKHYNIXUSDT,0.0,KR_STOCK:2026-07-03T06:30:00+00:00:2026-07-06T00:00:00+00:00
0.0,0.0,0.0,0.0,D2-C1-R3-20m,MAKER_PROMO_OFF,59,SKHYNIXUSDT,0.0,KR_STOCK:2026-07-03T06:30:00+00:00:2026-07-06T00:00:00+00:00
0.0,0.0,0.0,0.0,D2-C1-R3-30m,MAKER_PROMO_OFF,59,SKHYNIXUSDT,0.0,KR_STOCK:2026-07-03T06:30:00+00:00:2026-07-06T00:00:00+00:00
0.0,0.0,0.0,0.0,D2-C2-R3-10m,MAKER_PROMO_OFF,59,SKHYNIXUSDT,0.0,KR_STOCK:2026-07-03T06:30:00+00:00:2026-07-06T00:00:00+00:00
0.0,0.0,0.0,0.0,D2-C2-R3-20m,MAKER_PROMO_OFF,59,SKHYNIXUSDT,0.0,KR_STOCK:2026-07-03T06:30:00+00:00:2026-07-06T00:00:00+00:00
0.0,0.0,0.0,0.0,D2-C2-R3-30m,MAKER_PROMO_OFF,59,SKHYNIXUSDT,0.0,KR_STOCK:2026-07-03T06:30:00+00:00:2026-07-06T00:00:00+00:00
0.0,0.0,0.0,0.0,D2-C3-R3-10m,MAKER_PROMO_OFF,59,SKHYNIXUSDT,0.0,KR_STOCK:2026-07-03T06:30:00+00:00:2026-07-06T00:00:00+00:00
0.0,0.0,0.0,0.0,D2-C3-R3-20m,MAKER_PROMO_OFF,59,SKHYNIXUSDT,0.0,KR_STOCK:2026-07-03T06:30:00+00:00:2026-07-06T00:00:00+00:00
0.0,0.0,0.0,0.0,D2-C3-R3-30m,MAKER_PROMO_OFF,59,SKHYNIXUSDT,0.0,KR_STOCK:2026-07-03T06:30:00+00:00:2026-07-06T00:00:00+00:00
0.0,0.0,0.0,0.0,D2-C1-R3-10m,MAKER_PROMO_OFF,97,SKHYNIXUSDT,0.0,KR_STOCK:2026-07-03T06:30:00+00:00:2026-07-06T00:00:00+00:00
0.0,0.0,0.0,0.0,D2-C1-R3-20m,MAKER_PROMO_OFF,97,SKHYNIXUSDT,0.0,KR_STOCK:2026-07-03T06:30:00+00:00:2026-07-06T00:00:00+00:00
0.0,0.0,0.0,0.0,D2-C1-R3-30m,MAKER_PROMO_OFF,97,SKHYNIXUSDT,0.0,KR_STOCK:2026-07-03T06:30:00+00:00:2026-07-06T00:00:00+00:00
0.0,0.0,0.0,0.0,D2-C2-R3-10m,MAKER_PROMO_OFF,97,SKHYNIXUSDT,0.0,KR_STOCK:2026-07-03T06:30:00+00:00:2026-07-06T00:00:00+00:00
0.0,0.0,0.0,0.0,D2-C2-R3-20m,MAKER_PROMO_OFF,97,SKHYNIXUSDT,0.0,KR_STOCK:2026-07-03T06:30:00+00:00:2026-07-06T00:00:00+00:00
0.0,0.0,0.0,0.0,D2-C2-R3-30m,MAKER_PROMO_OFF,97,SKHYNIXUSDT,0.0,KR_STOCK:2026-07-03T06:30:00+00:00:2026-07-06T00:00:00+00:00
0.0,0.0,0.0,0.0,D2-C3-R3-10m,MAKER_PROMO_OFF,97,SKHYNIXUSDT,0.0,KR_STOCK:2026-07-03T06:30:00+00:00:2026-07-06T00:00:00+00:00
0.0,0.0,0.0,0.0,D2-C3-R3-20m,MAKER_PROMO_OFF,97,SKHYNIXUSDT,0.0,KR_STOCK:2026-07-03T06:30:00+00:00:2026-07-06T00:00:00+00:00
0.0,0.0,0.0,0.0,D2-C3-R3-30m,MAKER_PROMO_OFF,97,SKHYNIXUSDT,0.0,KR_STOCK:2026-07-03T06:30:00+00:00:2026-07-06T00:00:00+00:00
