window_id,symbol,group,seed,matched_window_id,calendar_key,month,split,listing_stage,status,row_count,tradable_rows,realized_volatility,atr_pct,high_low_range_pct,directional_efficiency,max_single_direction_move_pct,return_sign_flip_rate,reversal_legs,completed_grid_cycles,fee_adjusted_cycle_capacity,zero_trade_ratio,hourly_volume,hourly_trade_count,funding_abs_sum,funding_abs_mean,premium_abs_mean,mark_deviation_abs_mean,volatility_expansion
AMZNUSDT-nyse_20260213T210000Z,AMZNUSDT,W,,,NYSE:2026-02-13T21:00:00+00:00:2026-02-17T07:00:00+00:00,2026-02,DESCRIPTIVE_ONLY,LISTING_DAYS_1_14,READY,4740,4740,0.023128752795892982,0.0001863076383818753,0.013029479826944378,0.0004519433564326778,0.006234915526950971,0.5893397940642036,103,102,0.11220000000000001,0.560337552742616,81.9106329113924,200.69620253164558,0.00343052,0.000343052,0.0006882033101265823,0.0003528776379663734,0.0
AMZNUSDT-nyse_20260220T210000Z,AMZNUSDT,W,,,NYSE:2026-02-20T21:00:00+00:00:2026-02-23T07:00:00+00:00,2026-02,DESCRIPTIVE_ONLY,LISTING_DAYS_1_14,READY,3300,3300,0.01995799777552651,0.00018400453997257908,0.01746787244169437,0.018629254829806586,0.013970064148253731,0.648406374501992,47,46,0.050600000000000006,0.5945454545454546,64.71600000000001,120.43636363636364,0.00230614,0.00032944857142857143,0.0007962708545454547,0.0002874981747587203,1.0
AMZNUSDT-nyse_20260227T210000Z,AMZNUSDT,W,,,NYSE:2026-02-27T21:00:00+00:00:2026-03-02T07:00:00+00:00,2026-02,DESCRIPTIVE_ONLY,LISTING_DAYS_15_30,READY,3300,3300,0.02479309174799462,0.000348837543384029,0.027703604806408554,0.03215774087205316,0.02413611814749311,0.5704697986577181,114,113,0.12430000000000001,0.23363636363636364,569.4712727272727,512.4727272727273,0.00552084,0.0007886914285714286,0.0012605751454545454,0.00047117198318656026,0.0
AMZNUSDT-nyse_20260306T210000Z,AMZNUSDT,W,,,NYSE:2026-03-06T21:00:00+00:00:2026-03-09T06:00:00+00:00,2026-03,RESEARCH_DEVELOPMENT,LISTING_DAYS_15_30,READY,3240,3240,0.02077427652439617,0.0002015718072493399,0.034836834208552034,0.04997738579828088,0.023194293542444126,0.5447263017356475,48,47,0.0517,0.40370370370370373,332.67555555555555,416.9259259259259,0.0058645500000000005,0.0008377928571428572,0.0012161750493827161,0.0003206710274188792,1.0
AMZNUSDT-nyse_20260313T200000Z,AMZNUSDT,W,,,NYSE:2026-03-13T20:00:00+00:00:2026-03-16T06:00:00+00:00,2026-03,RESEARCH_DEVELOPMENT,LISTING_AFTER_30_DAYS,READY,3300,3300,0.011948038600177445,0.00012451451481502654,0.010212929954716276,0.02120307837285984,0.0046627890208143005,0.5299469294920395,28,27,0.0297,0.4809090909090909,272.9970909090909,221.76363636363635,0.00080703,0.00011529,0.00045017113636363634,0.0002587196350991619,0.0
AMZNUSDT-nyse_20260320T200000Z,AMZNUSDT,W,,,NYSE:2026-03-20T20:00:00+00:00:2026-03-23T06:00:00+00:00,2026-03,RESEARCH_DEVELOPMENT,LISTING_AFTER_30_DAYS,READY,3300,3300,0.012682852127654744,0.00013598584374682065,0.02148512939358834,0.05013591060102732,0.018041485769416346,0.5146389069616135,30,29,0.031900000000000005,0.4121212121212121,300.1401818181818,314.1272727272727,0.00534574,0.0007636771428571428,0.0013497327515151515,0.000332706412769876,1.0
AMZNUSDT-nyse_20260327T200000Z,AMZNUSDT,W,,,NYSE:2026-03-27T20:00:00+00:00:2026-03-30T06:00:00+00:00,2026-03,RESEARCH_DEVELOPMENT,LISTING_AFTER_30_DAYS,READY,3300,3300,0.011733749972759326,0.00012057407896235022,0.015540132770066401,0.020238713025428297,0.010905235522794954,0.5264350453172205,29,28,0.0308,0.49272727272727274,314.218,198.0,0.00037914,5.416285714285714e-05,0.0005000027727272727,0.0002750588521542568,1.0
AMZNUSDT-nyse_20260402T200000Z,AMZNUSDT,W,,,NYSE:2026-04-02T20:00:00+00:00:2026-04-06T06:00:00+00:00,2026-04,RESEARCH_DEVELOPMENT,LISTING_AFTER_30_DAYS,READY,4740,4740,0.01172542897980564,0.0001031954038605555,0.010068715403702926,0.002495075508864068,0.007016371533578344,0.5685115529285331,26,25,0.0275,0.4649789029535865,223.34772151898736,264.0759493670886,0.00469873,0.000469873,0.0009177634156118143,0.00019675845796371375,1.0
AMZNUSDT-nyse_20260410T200000Z,AMZNUSDT,W,,,NYSE:2026-04-10T20:00:00+00:00:2026-04-13T06:00:00+00:00,2026-04,RESEARCH_DEVELOPMENT,LISTING_AFTER_30_DAYS,READY,3300,3300,0.01762985381254319,0.0001888309559713492,0.023052697879487754,0.029564157269125358,0.006526746864602002,0.5679513184584178,32,31,0.034100000000000005,0.2315151515151515,662.7565454545455,449.94545454545454,0.013439089999999999,0.00191987,0.0024572043484848483,0.0003674223541295086,1.0
AMZNUSDT-nyse_20260417T200000Z,AMZNUSDT,W,,,NYSE:2026-04-17T20:00:00+00:00:2026-04-20T06:00:00+00:00,2026-04,RESEARCH_DEVELOPMENT,LISTING_AFTER_30_DAYS,READY,3300,3300,0.01143679076080252,0.0001524892034092151,0.010689215060625312,0.02748109924396979,0.004809619238476909,0.5908404630095622,19,18,0.0198,0.23212121212121212,263.2490909090909,411.8,0.01082439,0.0015463414285714285,0.0020636400363636363,0.00026054031223065075,0.0
AMZNUSDT-nyse_20260424T200000Z,AMZNUSDT,W,,,NYSE:2026-04-24T20:00:00+00:00:2026-04-27T06:00:00+00:00,2026-04,RESEARCH_DEVELOPMENT,LISTING_AFTER_30_DAYS,READY,3300,3300,0.010325786693124367,0.00013057283742556856,0.014156478292138269,0.0038087177316968434,0.011749990524201276,0.5959302325581395,22,21,0.023100000000000002,0.21454545454545454,307.1458181818182,440.0181818181818,0.0031900799999999997,0.0004557257142857142,0.0008057404696969697,0.00042002002759921264,1.0
AMZNUSDT-nyse_20260501T200000Z,AMZNUSDT,W,,,NYSE:2026-05-01T20:00:00+00:00:2026-05-04T06:00:00+00:00,2026-05,RESEARCH_DEVELOPMENT,LISTING_AFTER_30_DAYS,READY,3300,3300,0.009437730415304135,0.0001310440427503021,0.009075969223873933,0.015886172123221052,0.006088223209950306,0.6009852216748769,13,12,0.0132,0.12878787878787878,223.97545454545454,512.4181818181818,0.0033564199999999997,0.00047948857142857137,0.0008176206122448979,0.00020401443539598646,1.0
AMZNUSDT-nyse_20260508T200000Z,AMZNUSDT,W,,,NYSE:2026-05-08T20:00:00+00:00:2026-05-11T06:00:00+00:00,2026-05,RESEARCH_DEVELOPMENT,LISTING_AFTER_30_DAYS,READY,3300,3300,0.010397121779975725,0.00012084595416975398,0.013719735876742512,0.01960784313725541,0.00798915234360687,0.5462138084632516,20,19,0.020900000000000002,0.20939393939393938,217.63327272727273,448.41818181818184,0.00691362,0.00098766,0.0015780791636363636,0.00023781948076439114,1.0
AMZNUSDT-nyse_20260515T200000Z,AMZNUSDT,W,,,NYSE:2026-05-15T20:00:00+00:00:2026-05-18T06:00:00+00:00,2026-05,RESEARCH_DEVELOPMENT,LISTING_AFTER_30_DAYS,READY,3300,3300,0.012375214523600577,0.00017593659277067417,0.010235141922228132,0.009355402487920017,0.0050297210791037696,0.5825991189427313,29,28,0.0308,0.2812121212121212,120.08945454545454,439.92727272727274,0.0,0.0,0.00013016474848484848,6.0828912180873826e-05,0.0
AMZNUSDT-nyse_20260522T200000Z,AMZNUSDT,W,,,NYSE:2026-05-22T20:00:00+00:00:2026-05-26T06:00:00+00:00,2026-05,RESEARCH_DEVELOPMENT,LISTING_AFTER_30_DAYS,READY,4740,4740,0.015897766547565445,0.00019859422094933304,0.027775692515577034,0.014947316834109204,0.017528056149833035,0.5366227398099908,59,58,0.06380000000000001,0.14936708860759493,236.5154430379747,843.1898734177215,0.00011539,1.1539e-05,0.00032444870253164556,3.938095858171929e-05,0.0
AMZNUSDT-nyse_20260529T200000Z,AMZNUSDT,W,,,NYSE:2026-05-29T20:00:00+00:00:2026-06-01T06:00:00+00:00,2026-05,RESEARCH_DEVELOPMENT,LISTING_AFTER_30_DAYS,READY,3300,3300,0.012716430839035672,0.00016047686866345383,0.012117182016328542,0.004344228382292313,0.009678611008496507,0.5765040265277119,28,27,0.0297,0.18818181818181817,133.6349090909091,504.8,0.0,0.0,0.0001861266303030303,3.6319697830697025e-05,0.0
AMZNUSDT-nyse_20260605T200000Z,AMZNUSDT,W,,,NYSE:2026-06-05T20:00:00+00:00:2026-06-08T06:00:00+00:00,2026-06,SEALED_SHORT_OOS,LISTING_AFTER_30_DAYS,READY,3300,3300,0.01627769752686671,0.00024280726903386612,0.02635420045410315,0.00184398300328702,0.017266536964980508,0.47943037974683544,64,63,0.0693,0.07333333333333333,341.71509090909086,1056.0181818181818,5.08e-06,7.257142857142857e-07,0.000478276606060606,3.280801409978445e-05,0.0
AMZNUSDT-nyse_20260612T200000Z,AMZNUSDT,W,,,NYSE:2026-06-12T20:00:00+00:00:2026-06-15T06:00:00+00:00,2026-06,SEALED_SHORT_OOS,LISTING_AFTER_30_DAYS,READY,3300,3300,0.016132461301424636,0.00018709403285122723,0.025188600167644556,0.04247027081043255,0.023257766582703697,0.5201465201465202,61,60,0.066,0.26454545454545453,295.1270909090909,616.1636363636363,1.074e-05,1.5342857142857143e-06,0.00031049700606060603,3.9939314193891145e-05,0.0
AMZNUSDT-nyse_20260618T200000Z,AMZNUSDT,W,,,NYSE:2026-06-18T20:00:00+00:00:2026-06-22T06:00:00+00:00,2026-06,SEALED_SHORT_OOS,LISTING_AFTER_30_DAYS,READY,4740,4740,0.015526766132918713,0.00011708437863950784,0.015070410936341911,0.00041025641025633114,0.007409846863164875,0.5463244889082209,35,34,0.0374,0.37236286919831224,153.71430379746835,321.26582278481015,0.00016889,1.6889e-05,0.0002635621603375527,4.14506577814672e-05,1.0
AMZNUSDT-nyse_20260626T200000Z,AMZNUSDT,W,,,NYSE:2026-06-26T20:00:00+00:00:2026-06-29T06:00:00+00:00,2026-06,SEALED_SHORT_OOS,LISTING_AFTER_30_DAYS,READY,3300,3300,0.015361575629066556,0.00017037807746909519,0.01686819570549502,0.026887502688750443,0.012191457394290636,0.5218295218295218,57,56,0.0616,0.2396969696969697,293.0890909090909,475.3272727272727,0.00012315,1.7592857142857146e-05,0.00010195491333333334,3.472569150293687e-05,1.0
AMZNUSDT-nyse_20260702T200000Z,AMZNUSDT,W,,,NYSE:2026-07-02T20:00:00+00:00:2026-07-06T06:00:00+00:00,2026-07,DESCRIPTIVE_ONLY,LISTING_AFTER_30_DAYS,READY,4740,4740,0.01619489189238003,0.0001440238870010896,0.009371146732429104,0.004038095238095237,0.007268098386235824,0.5341762149348084,74,73,0.08030000000000001,0.35253164556962024,229.50379746835443,319.6455696202532,0.00049814,4.9814e-05,0.000308335552742616,4.115828438816243e-05,0.0
AMZNUSDT-nyse_20260710T200000Z,AMZNUSDT,W,,,NYSE:2026-07-10T20:00:00+00:00:2026-07-13T06:00:00+00:00,2026-07,DESCRIPTIVE_ONLY,LISTING_AFTER_30_DAYS,READY,3300,3300,0.012513833052263746,0.00012440199389169638,0.01485007526750469,0.021943573667711522,0.008266145451584009,0.5104800540906017,43,42,0.046200000000000005,0.41363636363636364,257.724,370.2,0.0,0.0,0.00031298405454545456,2.8913348925597792e-05,0.0
AMZNUSDT-nyse_20260717T200000Z,AMZNUSDT,W,,,NYSE:2026-07-17T20:00:00+00:00:2026-07-20T06:00:00+00:00,2026-07,DESCRIPTIVE_ONLY,LISTING_AFTER_30_DAYS,READY,3300,3300,0.010182219093467577,0.0001144610436988799,0.009941804073714873,0.002725669392335842,0.007367227979274699,0.560681334279631,23,22,0.024200000000000003,0.4481818181818182,217.14818181818183,394.6363636363636,0.0,0.0,9.442460303030302e-05,3.645771597505829e-05,0.0
AMZNUSDT-O-20260723T200000Z,AMZNUSDT,O,,,NYSE:2026-07-23T20:00:00+00:00:2026-07-24T06:00:00+00:00,2026-07,DESCRIPTIVE_ONLY,LISTING_AFTER_30_DAYS,READY,60,60,0.0014957183817979342,0.00014779347779985303,0.0016617665857088704,0.09677419354839183,0.0007246994628698777,0.631578947368421,0,0,0.0,0.13333333333333333,100.62,281.0,0,0.0,6.119933333333334e-05,6.311087071882939e-05,0.0
AMZNUSDT-R-AMZNUSDT-nyse_20260213T210000Z-s3,AMZNUSDT,R,3,AMZNUSDT-nyse_20260213T210000Z,R:AMZNUSDT:2026-02:3,2026-02,DESCRIPTIVE_ONLY,LISTING_DAYS_1_14,READY,4740,4740,0.0355393960170432,0.0004336104779080338,0.07191355073156748,0.036294479399950216,0.059013896820864296,0.5233866193013618,181,180,0.198,0.19556962025316454,1084.57,1099.3417721518988,0.0,0.0,0.0002027866371308017,0.00013079559603347215,0.0
AMZNUSDT-R-AMZNUSDT-nyse_20260213T210000Z-s10,AMZNUSDT,R,10,AMZNUSDT-nyse_20260213T210000Z,R:AMZNUSDT:2026-02:10,2026-02,DESCRIPTIVE_ONLY,LISTING_DAYS_1_14,READY,4740,4740,0.0355393960170432,0.0004336104779080338,0.07191355073156748,0.036294479399950216,0.059013896820864296,0.5233866193013618,181,180,0.198,0.19556962025316454,1084.57,1099.3417721518988,0.0,0.0,0.0002027866371308017,0.00013079559603347215,0.0
AMZNUSDT-R-AMZNUSDT-nyse_20260213T210000Z-s17,AMZNUSDT,R,17,AMZNUSDT-nyse_20260213T210000Z,R:AMZNUSDT:2026-02:17,2026-02,DESCRIPTIVE_ONLY,LISTING_DAYS_1_14,READY,4740,4740,0.035509871716485106,0.0004311567871458754,0.07186544342507654,0.03565559128260097,0.059013896820864296,0.5251046025104602,178,177,0.1947,0.20253164556962025,1081.2349367088607,1092.126582278481,0.0,0.0,0.0002004348924050633,0.00013127915738990627,0.0
AMZNUSDT-R-AMZNUSDT-nyse_20260213T210000Z-s31,AMZNUSDT,R,31,AMZNUSDT-nyse_20260213T210000Z,R:AMZNUSDT:2026-02:31,2026-02,DESCRIPTIVE_ONLY,LISTING_DAYS_1_14,READY,4740,4740,0.0355393960170432,0.0004336104779080338,0.07191355073156748,0.036294479399950216,0.059013896820864296,0.5233866193013618,181,180,0.198,0.19556962025316454,1084.57,1099.3417721518988,0.0,0.0,0.0002027866371308017,0.00013079559603347215,0.0
AMZNUSDT-R-AMZNUSDT-nyse_20260213T210000Z-s59,AMZNUSDT,R,59,AMZNUSDT-nyse_20260213T210000Z,R:AMZNUSDT:2026-02:59,2026-02,DESCRIPTIVE_ONLY,LISTING_DAYS_1_14,READY,4740,4740,0.035509871716485106,0.0004311567871458754,0.07186544342507654,0.03565559128260097,0.059013896820864296,0.5251046025104602,178,177,0.1947,0.20253164556962025,1081.2349367088607,1092.126582278481,0.0,0.0,0.0002004348924050633,0.00013127915738990627,0.0
AMZNUSDT-R-AMZNUSDT-nyse_20260213T210000Z-s97,AMZNUSDT,R,97,AMZNUSDT-nyse_20260213T210000Z,R:AMZNUSDT:2026-02:97,2026-02,DESCRIPTIVE_ONLY,LISTING_DAYS_1_14,READY,4740,4740,0.03554016854352321,0.000435243247093294,0.07186544342507654,0.03788927950001778,0.059013896820864296,0.5239917574330292,181,180,0.198,0.19029535864978903,1093.3598734177215,1105.7974683544303,0.0,0.0,0.00020375203375527426,0.00013041469627108796,0.0
AMZNUSDT-R-AMZNUSDT-nyse_20260220T210000Z-s3,AMZNUSDT,R,3,AMZNUSDT-nyse_20260220T210000Z,R:AMZNUSDT:2026-02:3,2026-02,DESCRIPTIVE_ONLY,LISTING_DAYS_1_14,READY,3300,3300,0.02927954785037939,0.00042018706002406263,0.030632509184788086,0.021768368617683807,0.02607833415964313,0.5691489361702128,129,128,0.1408,0.3212121212121212,329.4316363636364,361.6181818181818,5.565e-05,9.275e-06,0.0004280350848484849,0.0001306817361072624,0.0
AMZNUSDT-R-AMZNUSDT-nyse_20260220T210000Z-s10,AMZNUSDT,R,10,AMZNUSDT-nyse_20260220T210000Z,R:AMZNUSDT:2026-02:10,2026-02,DESCRIPTIVE_ONLY,LISTING_DAYS_1_14,READY,3300,3300,0.02931810855937104,0.0004188127313522327,0.02922029518461474,0.021535393818544565,0.02852599145214198,0.5686465433300877,128,127,0.13970000000000002,0.32636363636363636,327.75345454545453,357.8363636363636,5.565e-05,7.95e-06,0.00042873501212121215,0.00013200594183961306,0.0
AMZNUSDT-R-AMZNUSDT-nyse_20260220T210000Z-s17,AMZNUSDT,R,17,AMZNUSDT-nyse_20260220T210000Z,R:AMZNUSDT:2026-02:17,2026-02,DESCRIPTIVE_ONLY,LISTING_DAYS_1_14,READY,3300,3300,0.02927954785037939,0.00042018706002406263,0.030632509184788086,0.021768368617683807,0.02607833415964313,0.5691489361702128,129,128,0.1408,0.3212121212121212,329.4316363636364,361.6181818181818,5.565e-05,9.275e-06,0.0004280350848484849,0.0001306817361072624,0.0
AMZNUSDT-R-AMZNUSDT-nyse_20260220T210000Z-s31,AMZNUSDT,R,31,AMZNUSDT-nyse_20260220T210000Z,R:AMZNUSDT:2026-02:31,2026-02,DESCRIPTIVE_ONLY,LISTING_DAYS_1_14,READY,3300,3300,0.029289647927411188,0.0004213606134408209,0.03104168739428917,0.023611870557240264,0.02607833415964313,0.5673076923076923,129,128,0.1408,0.3187878787878788,326.98,363.54545454545456,5.565e-05,7.95e-06,0.0004227870636363636,0.00012826363825798408,0.0
AMZNUSDT-R-AMZNUSDT-nyse_20260220T210000Z-s59,AMZNUSDT,R,59,AMZNUSDT-nyse_20260220T210000Z,R:AMZNUSDT:2026-02:59,2026-02,DESCRIPTIVE_ONLY,LISTING_DAYS_1_14,READY,3300,3300,0.02931810855937104,0.0004188127313522327,0.02922029518461474,0.021535393818544565,0.02852599145214198,0.5686465433300877,128,127,0.13970000000000002,0.32636363636363636,327.75345454545453,357.8363636363636,5.565e-05,7.95e-06,0.00042873501212121215,0.00013200594183961306,0.0
AMZNUSDT-R-AMZNUSDT-nyse_20260220T210000Z-s97,AMZNUSDT,R,97,AMZNUSDT-nyse_20260220T210000Z,R:AMZNUSDT:2026-02:97,2026-02,DESCRIPTIVE_ONLY,LISTING_DAYS_1_14,READY,3300,3300,0.02931810855937104,0.0004188127313522327,0.02922029518461474,0.021535393818544565,0.02852599145214198,0.5686465433300877,128,127,0.13970000000000002,0.32636363636363636,327.75345454545453,357.8363636363636,5.565e-05,7.95e-06,0.00042873501212121215,0.00013200594183961306,0.0
AMZNUSDT-R-AMZNUSDT-nyse_20260227T210000Z-s3,AMZNUSDT,R,3,AMZNUSDT-nyse_20260227T210000Z,R:AMZNUSDT:2026-02:3,2026-02,DESCRIPTIVE_ONLY,LISTING_DAYS_15_30,READY,3300,3300,0.025783303388142602,0.0004310929163356724,0.029993771261559058,0.0047572765870377625,0.013888888888888779,0.5454545454545454,127,126,0.1386,0.1484848484848485,816.2774545454546,650.3818181818182,0.00138678,0.00019811142857142856,0.0007392986424242424,9.19866463223343e-05,0.0
AMZNUSDT-R-AMZNUSDT-nyse_20260227T210000Z-s10,AMZNUSDT,R,10,AMZNUSDT-nyse_20260227T210000Z,R:AMZNUSDT:2026-02:10,2026-02,DESCRIPTIVE_ONLY,LISTING_DAYS_15_30,READY,3300,3300,0.025819124846683923,0.00042855927295865277,0.029893510338570226,0.008625115514940013,0.01843714176538027,0.545273234942162,125,124,0.13640000000000002,0.16303030303030303,812.2058181818181,638.6545454545454,0.00114529,0.00016361285714285714,0.0007124244121212122,9.42599307230511e-05,0.0
AMZNUSDT-R-AMZNUSDT-nyse_20260227T210000Z-s17,AMZNUSDT,R,17,AMZNUSDT-nyse_20260227T210000Z,R:AMZNUSDT:2026-02:17,2026-02,DESCRIPTIVE_ONLY,LISTING_DAYS_15_30,READY,3300,3300,0.025783303388142602,0.0004310929163356724,0.029993771261559058,0.0047572765870377625,0.013888888888888779,0.5454545454545454,127,126,0.1386,0.1484848484848485,816.2774545454546,650.3818181818182,0.00138678,0.00019811142857142856,0.0007392986424242424,9.19866463223343e-05,0.0
AMZNUSDT-R-AMZNUSDT-nyse_20260227T210000Z-s31,AMZNUSDT,R,31,AMZNUSDT-nyse_20260227T210000Z,R:AMZNUSDT:2026-02:31,2026-02,DESCRIPTIVE_ONLY,LISTING_DAYS_15_30,READY,3300,3300,0.025826809025120422,0.0004327774334339351,0.029967925702522817,0.0058216729649677905,0.01843714176538027,0.5454545454545454,127,126,0.1386,0.15484848484848485,829.5699999999999,651.0909090909091,0.00114529,0.00019088166666666667,0.0007291895727272727,9.281406678586796e-05,0.0
AMZNUSDT-R-AMZNUSDT-nyse_20260227T210000Z-s59,AMZNUSDT,R,59,AMZNUSDT-nyse_20260227T210000Z,R:AMZNUSDT:2026-02:59,2026-02,DESCRIPTIVE_ONLY,LISTING_DAYS_15_30,READY,3300,3300,0.025819124846683923,0.00042855927295865277,0.029893510338570226,0.008625115514940013,0.01843714176538027,0.545273234942162,125,124,0.13640000000000002,0.16303030303030303,812.2058181818181,638.6545454545454,0.00114529,0.00016361285714285714,0.0007124244121212122,9.42599307230511e-05,0.0
AMZNUSDT-R-AMZNUSDT-nyse_20260227T210000Z-s97,AMZNUSDT,R,97,AMZNUSDT-nyse_20260227T210000Z,R:AMZNUSDT:2026-02:97,2026-02,DESCRIPTIVE_ONLY,LISTING_DAYS_15_30,READY,3300,3300,0.026711762698958093,0.0004584994060329173,0.040124659135177154,0.024228310954763993,0.024437454633438098,0.5609268877347183,121,120,0.132,0.1506060606060606,969.2334545454546,649.4,0.00122475,0.000204125,0.0007847220575757576,0.00010000750509098189,0.0
AMZNUSDT-R-AMZNUSDT-nyse_20260306T210000Z-s3,AMZNUSDT,R,3,AMZNUSDT-nyse_20260306T210000Z,R:AMZNUSDT:2026-03:3,2026-03,RESEARCH_DEVELOPMENT,LISTING_DAYS_15_30,READY,3240,3240,0.02849708472013819,0.00045167851186703103,0.03086535751197967,0.006124721603563597,0.015175644028103088,0.5210589651022864,143,142,0.1562,0.17160493827160495,627.5442592592592,1072.4259259259259,0.00011739,1.9565e-05,0.000468324287037037,8.671420664213874e-05,0.0
AMZNUSDT-R-AMZNUSDT-nyse_20260306T210000Z-s10,AMZNUSDT,R,10,AMZNUSDT-nyse_20260306T210000Z,R:AMZNUSDT:2026-03:10,2026-03,RESEARCH_DEVELOPMENT,LISTING_DAYS_15_30,READY,3240,3240,0.03500067935385109,0.000617855005167658,0.07023025525164632,0.04178534088041244,0.058792423805403275,0.5215395480225988,200,199,0.2189,0.07314814814814814,1434.7072222222223,1672.7037037037037,0.0005927500000000001,9.879166666666668e-05,0.0006186128518518519,0.00011330666819662743,0.0
AMZNUSDT-R-AMZNUSDT-nyse_20260306T210000Z-s17,AMZNUSDT,R,17,AMZNUSDT-nyse_20260306T210000Z,R:AMZNUSDT:2026-03:17,2026-03,RESEARCH_DEVELOPMENT,LISTING_DAYS_15_30,READY,3240,3240,0.028219347946980475,0.0004415661599182731,0.039762170196952815,0.031066167533667442,0.03617355907114438,0.5189300411522634,139,138,0.15180000000000002,0.1867283950617284,656.3418518518519,1029.6296296296296,0.00011739,1.9565e-05,0.0005181506265432099,8.66212410204257e-05,0.0
AMZNUSDT-R-AMZNUSDT-nyse_20260306T210000Z-s31,AMZNUSDT,R,31,AMZNUSDT-nyse_20260306T210000Z,R:AMZNUSDT:2026-03:31,2026-03,RESEARCH_DEVELOPMENT,LISTING_DAYS_15_30,READY,3240,3240,0.028538337243852838,0.00045382926279216774,0.030890027739903115,0.006334674249780407,0.015175644028103088,0.5201596806387225,147,146,0.16060000000000002,0.1675925925925926,632.1264814814815,1076.7037037037037,0.00011739,1.9565e-05,0.0004657908055555555,8.671470216168556e-05,0.0
AMZNUSDT-R-AMZNUSDT-nyse_20260306T210000Z-s59,AMZNUSDT,R,59,AMZNUSDT-nyse_20260306T210000Z,R:AMZNUSDT:2026-03:59,2026-03,RESEARCH_DEVELOPMENT,LISTING_DAYS_15_30,READY,3240,3240,0.036088128554659656,0.0006306564407174115,0.07442509381314345,0.0271358914564341,0.04121589277166101,0.5287397358086398,189,188,0.2068,0.08179012345679013,1267.8887037037039,1170.5185185185185,0.00086813,0.00012401857142857144,0.0006609697314814815,0.00012400634514563084,0.0
AMZNUSDT-R-AMZNUSDT-nyse_20260306T210000Z-s97,AMZNUSDT,R,97,AMZNUSDT-nyse_20260306T210000Z,R:AMZNUSDT:2026-03:97,2026-03,RESEARCH_DEVELOPMENT,LISTING_DAYS_15_30,READY,3240,3240,0.028219347946980475,0.0004415661599182731,0.039762170196952815,0.031066167533667442,0.03617355907114438,0.5189300411522634,139,138,0.15180000000000002,0.1867283950617284,656.3418518518519,1029.6296296296296,0.00011739,1.9565e-05,0.0005181506265432099,8.66212410204257e-05,0.0
AMZNUSDT-R-AMZNUSDT-nyse_20260313T200000Z-s3,AMZNUSDT,R,3,AMZNUSDT-nyse_20260313T200000Z,R:AMZNUSDT:2026-03:3,2026-03,RESEARCH_DEVELOPMENT,LISTING_AFTER_30_DAYS,READY,3300,3300,0.02720927629495527,0.00040842804220922414,0.04942117253242826,0.03218532185321867,0.040593322793638933,0.5306451612903226,127,126,0.1386,0.18515151515151515,1435.1221818181818,867.5272727272727,0.0,0.0,0.00024884008787878786,9.529307495905067e-05,0.0
AMZNUSDT-R-AMZNUSDT-nyse_20260313T200000Z-s10,AMZNUSDT,R,10,AMZNUSDT-nyse_20260313T200000Z,R:AMZNUSDT:2026-03:10,2026-03,RESEARCH_DEVELOPMENT,LISTING_AFTER_30_DAYS,READY,3300,3300,0.028312518123703348,0.0004385761300336445,0.030180608365018985,0.001061161489484844,0.017349557942770252,0.5311894614490508,132,131,0.1441,0.1621212121212121,1713.1385454545455,1421.709090909091,0.00013857,1.9795714285714285e-05,0.0004005447727272727,9.052280453233927e-05,0.0
AMZNUSDT-R-AMZNUSDT-nyse_20260313T200000Z-s17,AMZNUSDT,R,17,AMZNUSDT-nyse_20260313T200000Z,R:AMZNUSDT:2026-03:17,2026-03,RESEARCH_DEVELOPMENT,LISTING_AFTER_30_DAYS,READY,3300,3300,0.028230796571974318,0.00043586874914793174,0.030177739758578057,0.0008232844205531268,0.017349557942770252,0.5309119010819165,131,130,0.14300000000000002,0.16,1700.5367272727274,1417.7636363636364,0.00013857,1.9795714285714285e-05,0.0003998566060606061,8.916399440973248e-05,0.0
AMZNUSDT-R-AMZNUSDT-nyse_20260313T200000Z-s31,AMZNUSDT,R,31,AMZNUSDT-nyse_20260313T200000Z,R:AMZNUSDT:2026-03:31,2026-03,RESEARCH_DEVELOPMENT,LISTING_AFTER_30_DAYS,READY,3300,3300,0.02770013531173726,0.00041677513257580817,0.027941246830295217,0.0011127971674253817,0.02013712422687835,0.5327902240325866,121,120,0.132,0.20515151515151514,1665.6305454545454,1109.7272727272727,0.00013857,1.9795714285714285e-05,0.00038204320909090907,9.571184554870357e-05,0.0
AMZNUSDT-R-AMZNUSDT-nyse_20260313T200000Z-s59,AMZNUSDT,R,59,AMZNUSDT-nyse_20260313T200000Z,R:AMZNUSDT:2026-03:59,2026-03,RESEARCH_DEVELOPMENT,LISTING_AFTER_30_DAYS,READY,3300,3300,0.02770013531173726,0.00041677513257580817,0.027941246830295217,0.0011127971674253817,0.02013712422687835,0.5327902240325866,121,120,0.132,0.20515151515151514,1665.6305454545454,1109.7272727272727,0.00013857,1.9795714285714285e-05,0.00038204320909090907,9.571184554870357e-05,0.0
AMZNUSDT-R-AMZNUSDT-nyse_20260313T200000Z-s97,AMZNUSDT,R,97,AMZNUSDT-nyse_20260313T200000Z,R:AMZNUSDT:2026-03:97,2026-03,RESEARCH_DEVELOPMENT,LISTING_AFTER_30_DAYS,READY,3300,3300,0.028312518123703348,0.0004385761300336445,0.030180608365018985,0.001061161489484844,0.017349557942770252,0.5311894614490508,132,131,0.1441,0.1621212121212121,1713.1385454545455,1421.709090909091,0.00013857,1.9795714285714285e-05,0.0004005447727272727,9.052280453233927e-05,0.0
AMZNUSDT-R-AMZNUSDT-nyse_20260320T200000Z-s3,AMZNUSDT,R,3,AMZNUSDT-nyse_20260320T200000Z,R:AMZNUSDT:2026-03:3,2026-03,RESEARCH_DEVELOPMENT,LISTING_AFTER_30_DAYS,READY,3300,3300,0.027670687749099247,0.0004152704660448974,0.02790119917825237,0.006290584415584432,0.018119233159631022,0.5334153341533415,119,118,0.1298,0.2106060606060606,1660.242909090909,1100.5272727272727,0.00013857,2.3094999999999998e-05,0.0003785850818181818,9.558176932781435e-05,0.0
AMZNUSDT-R-AMZNUSDT-nyse_20260320T200000Z-s10,AMZNUSDT,R,10,AMZNUSDT-nyse_20260320T200000Z,R:AMZNUSDT:2026-03:10,2026-03,RESEARCH_DEVELOPMENT,LISTING_AFTER_30_DAYS,READY,3300,3300,0.03215877801249949,0.0005097466420980417,0.0687182551538692,0.023422090729783168,0.06375772066148641,0.5403587443946188,161,160,0.17600000000000002,0.1384848484848485,2016.1485454545455,1033.6727272727273,0.0,0.0,0.0003261360727272727,0.00010730090194520316,0.0
AMZNUSDT-R-AMZNUSDT-nyse_20260320T200000Z-s17,AMZNUSDT,R,17,AMZNUSDT-nyse_20260320T200000Z,R:AMZNUSDT:2026-03:17,2026-03,RESEARCH_DEVELOPMENT,LISTING_AFTER_30_DAYS,READY,3300,3300,0.03215877801249949,0.0005097466420980417,0.0687182551538692,0.023422090729783168,0.06375772066148641,0.5403587443946188,161,160,0.17600000000000002,0.1384848484848485,2016.1485454545455,1033.6727272727273,0.0,0.0,0.0003261360727272727,0.00010730090194520316,0.0
AMZNUSDT-R-AMZNUSDT-nyse_20260320T200000Z-s31,AMZNUSDT,R,31,AMZNUSDT-nyse_20260320T200000Z,R:AMZNUSDT:2026-03:31,2026-03,RESEARCH_DEVELOPMENT,LISTING_AFTER_30_DAYS,READY,3300,3300,0.02540495201378875,0.0003869054621232894,0.037240335021057135,0.009082503943003346,0.024444444444444387,0.5501242750621376,114,113,0.12430000000000001,0.20545454545454545,1352.500727272727,788.0727272727273,0.0,0.0,0.000271970503030303,9.04130602332282e-05,0.0
AMZNUSDT-R-AMZNUSDT-nyse_20260320T200000Z-s59,AMZNUSDT,R,59,AMZNUSDT-nyse_20260320T200000Z,R:AMZNUSDT:2026-03:59,2026-03,RESEARCH_DEVELOPMENT,LISTING_AFTER_30_DAYS,READY,3300,3300,0.02550157791822071,0.0003899855597203215,0.037231526161415486,0.01122261789144272,0.025608255230521616,0.549876339653751,114,113,0.12430000000000001,0.2015151515151515,1354.5847272727274,788.6909090909091,0.0,0.0,0.00027240972727272727,9.184763058734837e-05,0.0
AMZNUSDT-R-AMZNUSDT-nyse_20260320T200000Z-s97,AMZNUSDT,R,97,AMZNUSDT-nyse_20260320T200000Z,R:AMZNUSDT:2026-03:97,2026-03,RESEARCH_DEVELOPMENT,LISTING_AFTER_30_DAYS,READY,3300,3300,0.03215877801249949,0.0005097466420980417,0.0687182551538692,0.023422090729783168,0.06375772066148641,0.5403587443946188,161,160,0.17600000000000002,0.1384848484848485,2016.1485454545455,1033.6727272727273,0.0,0.0,0.0003261360727272727,0.00010730090194520316,0.0
AMZNUSDT-R-AMZNUSDT-nyse_20260327T200000Z-s3,AMZNUSDT,R,3,AMZNUSDT-nyse_20260327T200000Z,R:AMZNUSDT:2026-03:3,2026-03,RESEARCH_DEVELOPMENT,LISTING_AFTER_30_DAYS,READY,3300,3300,0.03218981855166061,0.0005109986944807116,0.06895517913356325,0.025674624298759382,0.06577502744784912,0.540007443245255,158,157,0.17270000000000002,0.13363636363636364,2029.8298181818182,1038.2727272727273,0.0,0.0,0.0003204065424242424,0.0001077106448172323,0.0
AMZNUSDT-R-AMZNUSDT-nyse_20260327T200000Z-s10,AMZNUSDT,R,10,AMZNUSDT-nyse_20260327T200000Z,R:AMZNUSDT:2026-03:10,2026-03,RESEARCH_DEVELOPMENT,LISTING_AFTER_30_DAYS,READY,3300,3300,0.027209129589313267,0.00040795319320987043,0.049476378868978335,0.031219562208438148,0.040593322793638933,0.5351373182552503,126,125,0.1375,0.18636363636363637,1435.6250909090909,865.1636363636363,0.0,0.0,0.00025039079696969696,9.485514405237703e-05,0.0
AMZNUSDT-R-AMZNUSDT-nyse_20260327T200000Z-s17,AMZNUSDT,R,17,AMZNUSDT-nyse_20260327T200000Z,R:AMZNUSDT:2026-03:17,2026-03,RESEARCH_DEVELOPMENT,LISTING_AFTER_30_DAYS,READY,3300,3300,0.02720927629495527,0.00040842804220922414,0.04942117253242826,0.03218532185321867,0.040593322793638933,0.5306451612903226,127,126,0.1386,0.18515151515151515,1435.1221818181818,867.5272727272727,0.0,0.0,0.00024884008787878786,9.529307495905067e-05,0.0
AMZNUSDT-R-AMZNUSDT-nyse_20260327T200000Z-s31,AMZNUSDT,R,31,AMZNUSDT-nyse_20260327T200000Z,R:AMZNUSDT:2026-03:31,2026-03,RESEARCH_DEVELOPMENT,LISTING_AFTER_30_DAYS,READY,3300,3300,0.03218981855166061,0.0005109986944807116,0.06895517913356325,0.025674624298759382,0.06577502744784912,0.540007443245255,158,157,0.17270000000000002,0.13363636363636364,2029.8298181818182,1038.2727272727273,0.0,0.0,0.0003204065424242424,0.0001077106448172323,0.0
AMZNUSDT-R-AMZNUSDT-nyse_20260327T200000Z-s59,AMZNUSDT,R,59,AMZNUSDT-nyse_20260327T200000Z,R:AMZNUSDT:2026-03:59,2026-03,RESEARCH_DEVELOPMENT,LISTING_AFTER_30_DAYS,READY,3300,3300,0.03218981855166061,0.0005109986944807116,0.06895517913356325,0.025674624298759382,0.06577502744784912,0.540007443245255,158,157,0.17270000000000002,0.13363636363636364,2029.8298181818182,1038.2727272727273,0.0,0.0,0.0003204065424242424,0.0001077106448172323,0.0
AMZNUSDT-R-AMZNUSDT-nyse_20260327T200000Z-s97,AMZNUSDT,R,97,AMZNUSDT-nyse_20260327T200000Z,R:AMZNUSDT:2026-03:97,2026-03,RESEARCH_DEVELOPMENT,LISTING_AFTER_30_DAYS,READY,3300,3300,0.027199071866010335,0.0004080006421275905,0.049490199729968785,0.030303030303030436,0.039387308533916754,0.5360032362459547,126,125,0.1375,0.18848484848484848,1432.0867272727273,863.9090909090909,0.0,0.0,0.00025374774848484845,9.578468454306049e-05,0.0
AMZNUSDT-R-AMZNUSDT-nyse_20260402T200000Z-s3,AMZNUSDT,R,3,AMZNUSDT-nyse_20260402T200000Z,R:AMZNUSDT:2026-04:3,2026-04,RESEARCH_DEVELOPMENT,LISTING_AFTER_30_DAYS,READY,4740,4740,0.039102429075431204,0.0005446289453579171,0.12107560185836962,0.05814426282833211,0.10190873704450602,0.5306274900398407,231,230,0.253,0.0930379746835443,1859.118987341772,1240.9620253164558,0.0006602699999999999,6.6027e-05,0.0004637181286919832,9.829725270526088e-05,0.0
AMZNUSDT-R-AMZNUSDT-nyse_20260402T200000Z-s10,AMZNUSDT,R,10,AMZNUSDT-nyse_20260402T200000Z,R:AMZNUSDT:2026-04:10,2026-04,RESEARCH_DEVELOPMENT,LISTING_AFTER_30_DAYS,READY,4740,4740,0.0391095286270424,0.000544191413953783,0.12129189976963933,0.057236503507869026,0.10190873704450602,0.5307596513075965,230,229,0.2519,0.09430379746835443,1865.163164556962,1241.0379746835442,0.0006602699999999999,6.6027e-05,0.0004682389662447258,9.853516589253672e-05,0.0
AMZNUSDT-R-AMZNUSDT-nyse_20260402T200000Z-s17,AMZNUSDT,R,17,AMZNUSDT-nyse_20260402T200000Z,R:AMZNUSDT:2026-04:17,2026-04,RESEARCH_DEVELOPMENT,LISTING_AFTER_30_DAYS,READY,4740,4740,0.0391095286270424,0.000544191413953783,0.12129189976963933,0.057236503507869026,0.10190873704450602,0.5307596513075965,230,229,0.2519,0.09430379746835443,1865.163164556962,1241.0379746835442,0.0006602699999999999,6.6027e-05,0.0004682389662447258,9.853516589253672e-05,0.0
AMZNUSDT-R-AMZNUSDT-nyse_20260402T200000Z-s31,AMZNUSDT,R,31,AMZNUSDT-nyse_20260402T200000Z,R:AMZNUSDT:2026-04:31,2026-04,RESEARCH_DEVELOPMENT,LISTING_AFTER_30_DAYS,READY,4740,4740,0.02853859779226383,0.00032692580659325155,0.052809410586910265,0.036722014718390414,0.0522933099620215,0.5219941348973607,124,123,0.1353,0.20928270042194091,1215.353924050633,674.5443037974684,0.00047506,4.7506e-05,0.00044533763713080164,7.126244520792722e-05,0.0
AMZNUSDT-R-AMZNUSDT-nyse_20260402T200000Z-s59,AMZNUSDT,R,59,AMZNUSDT-nyse_20260402T200000Z,R:AMZNUSDT:2026-04:59,2026-04,RESEARCH_DEVELOPMENT,LISTING_AFTER_30_DAYS,READY,4740,4740,0.09883862356089007,0.0009008528985685136,0.11921946003742315,0.00447157573445251,0.07852832392446937,0.5277014652014652,277,276,0.30360000000000004,0.018776371308016876,2767.8230379746833,3944.3291139240505,0.0001365,1.3650000000000001e-05,0.00045182656962025315,0.00011111214919832373,1.0
AMZNUSDT-R-AMZNUSDT-nyse_20260402T200000Z-s97,AMZNUSDT,R,97,AMZNUSDT-nyse_20260402T200000Z,R:AMZNUSDT:2026-04:97,2026-04,RESEARCH_DEVELOPMENT,LISTING_AFTER_30_DAYS,READY,4740,4740,0.031881332669358824,0.0004352260181835288,0.03830004316603222,0.0019158782090959263,0.020856331808863038,0.5420086914534041,162,161,0.1771,0.028059071729957807,992.2022784810126,786.620253164557,0.00190867,0.000190867,0.000662405111814346,0.00020400236150128342,0.0
AMZNUSDT-R-AMZNUSDT-nyse_20260410T200000Z-s3,AMZNUSDT,R,3,AMZNUSDT-nyse_20260410T200000Z,R:AMZNUSDT:2026-04:3,2026-04,RESEARCH_DEVELOPMENT,LISTING_AFTER_30_DAYS,READY,3300,3300,0.021777694262641832,0.00029840815750518766,0.023766437447219194,0.005684101739679627,0.010917030567685544,0.53122289679098,80,79,0.0869,0.2293939393939394,922.876,641.6363636363636,0.00017815,2.545e-05,0.0004784731,7.23327213545017e-05,0.0
AMZNUSDT-R-AMZNUSDT-nyse_20260410T200000Z-s10,AMZNUSDT,R,10,AMZNUSDT-nyse_20260410T200000Z,R:AMZNUSDT:2026-04:10,2026-04,RESEARCH_DEVELOPMENT,LISTING_AFTER_30_DAYS,READY,3300,3300,0.09713861329412747,0.0010868386013344834,0.12026657421318233,0.009809134412643769,0.07852832392446937,0.5139519792342635,237,236,0.2596,0.012727272727272728,3583.8270909090907,5087.727272727273,0.0,0.0,0.0004012115848484848,0.00012464754634082208,0.0
AMZNUSDT-R-AMZNUSDT-nyse_20260410T200000Z-s17,AMZNUSDT,R,17,AMZNUSDT-nyse_20260410T200000Z,R:AMZNUSDT:2026-04:17,2026-04,RESEARCH_DEVELOPMENT,LISTING_AFTER_30_DAYS,READY,3300,3300,0.091106298545312,0.0008607665384991761,0.11921946003742315,0.012993503248375707,0.07852832392446937,0.5304289990023279,161,160,0.17600000000000002,0.022727272727272728,2319.6287272727272,3765.672727272727,0.0001365,1.9500000000000003e-05,0.0004872504878787879,0.00010904040677072556,1.0
AMZNUSDT-R-AMZNUSDT-nyse_20260410T200000Z-s31,AMZNUSDT,R,31,AMZNUSDT-nyse_20260410T200000Z,R:AMZNUSDT:2026-04:31,2026-04,RESEARCH_DEVELOPMENT,LISTING_AFTER_30_DAYS,READY,3300,3300,0.030609297120149998,0.0005015193237373499,0.0714511825622936,0.05167296824816035,0.06220614828209774,0.5291772381297571,146,145,0.1595,0.10242424242424242,1835.1634545454547,1136.418181818182,0.0006602699999999999,9.43242857142857e-05,0.0004144725212121212,9.822709240881192e-05,0.0
AMZNUSDT-R-AMZNUSDT-nyse_20260410T200000Z-s59,AMZNUSDT,R,59,AMZNUSDT-nyse_20260410T200000Z,R:AMZNUSDT:2026-04:59,2026-04,RESEARCH_DEVELOPMENT,LISTING_AFTER_30_DAYS,READY,3300,3300,0.03118261842643532,0.0005293814353069539,0.07761978506734239,0.03179131009963213,0.04985227219434425,0.5404821878373516,158,157,0.17270000000000002,0.10242424242424242,1618.6501818181816,1172.1636363636364,0.0006602699999999999,9.43242857142857e-05,0.00046921669696969696,9.562605108371406e-05,0.0
AMZNUSDT-R-AMZNUSDT-nyse_20260410T200000Z-s97,AMZNUSDT,R,97,AMZNUSDT-nyse_20260410T200000Z,R:AMZNUSDT:2026-04:97,2026-04,RESEARCH_DEVELOPMENT,LISTING_AFTER_30_DAYS,READY,3300,3300,0.09713829419383772,0.0010868172884344936,0.12029901356350185,0.009683098591549371,0.07852832392446937,0.513504718516108,236,235,0.2585,0.013636363636363636,3584.4440000000004,5085.2,0.0,0.0,0.00040516001515151514,0.00012477039510450558,0.0
AMZNUSDT-R-AMZNUSDT-nyse_20260417T200000Z-s3,AMZNUSDT,R,3,AMZNUSDT-nyse_20260417T200000Z,R:AMZNUSDT:2026-04:3,2026-04,RESEARCH_DEVELOPMENT,LISTING_AFTER_30_DAYS,READY,3300,3300,0.023152819050250854,0.00038869329099534567,0.03333597589979387,0.015095060666857653,0.028929068150208626,0.5481715893108298,92,91,0.10010000000000001,0.028484848484848484,702.4343636363636,664.9090909090909,0.0016135099999999999,0.0002689183333333333,0.0007379812757575757,0.0002672883912198047,0.0
AMZNUSDT-R-AMZNUSDT-nyse_20260417T200000Z-s10,AMZNUSDT,R,10,AMZNUSDT-nyse_20260417T200000Z,R:AMZNUSDT:2026-04:10,2026-04,RESEARCH_DEVELOPMENT,LISTING_AFTER_30_DAYS,READY,3300,3300,0.02400679147409045,0.0003227192598552817,0.05276758919639879,0.046818984429343326,0.05093364454818273,0.5126014523707817,88,87,0.09570000000000001,0.22575757575757577,1345.1329090909092,706.1636363636363,0.0,0.0,0.00040585481515151517,6.671930713813122e-05,0.0
AMZNUSDT-R-AMZNUSDT-nyse_20260417T200000Z-s17,AMZNUSDT,R,17,AMZNUSDT-nyse_20260417T200000Z,R:AMZNUSDT:2026-04:17,2026-04,RESEARCH_DEVELOPMENT,LISTING_AFTER_30_DAYS,READY,3300,3300,0.023182495614634306,0.00038980218661628603,0.0334393638170974,0.018774421042599725,0.028929068150208626,0.5456140350877193,93,92,0.10120000000000001,0.028181818181818183,723.6600000000001,671.6909090909091,0.00190867,0.0002726671428571428,0.0007503870303030303,0.00024125405249560486,0.0
AMZNUSDT-R-AMZNUSDT-nyse_20260417T200000Z-s31,AMZNUSDT,R,31,AMZNUSDT-nyse_20260417T200000Z,R:AMZNUSDT:2026-04:31,2026-04,RESEARCH_DEVELOPMENT,LISTING_AFTER_30_DAYS,READY,3300,3300,0.02644249491384325,0.0004134264377659122,0.03312011929521641,0.0037380711552839683,0.016872979578963974,0.5338189386056191,116,115,0.1265,0.02666666666666667,1119.7749090909092,829.2,0.00161717,0.00023102428571428573,0.0006429426575757576,7.180590637744981e-05,0.0
AMZNUSDT-R-AMZNUSDT-nyse_20260417T200000Z-s59,AMZNUSDT,R,59,AMZNUSDT-nyse_20260417T200000Z,R:AMZNUSDT:2026-04:59,2026-04,RESEARCH_DEVELOPMENT,LISTING_AFTER_30_DAYS,READY,3300,3300,0.02632299806172676,0.0004100757888642208,0.033094145786770175,0.005063516034467494,0.016872979578963974,0.5386490250696379,113,112,0.1232,0.026363636363636363,1135.4938181818181,816.1818181818181,0.00161717,0.0002695283333333333,0.0006472785151515151,7.133033649399335e-05,0.0
AMZNUSDT-R-AMZNUSDT-nyse_20260417T200000Z-s97,AMZNUSDT,R,97,AMZNUSDT-nyse_20260417T200000Z,R:AMZNUSDT:2026-04:97,2026-04,RESEARCH_DEVELOPMENT,LISTING_AFTER_30_DAYS,READY,3300,3300,0.02400679147409045,0.0003227192598552817,0.05276758919639879,0.046818984429343326,0.05093364454818273,0.5126014523707817,88,87,0.09570000000000001,0.22575757575757577,1345.1329090909092,706.1636363636363,0.0,0.0,0.00040585481515151517,6.671930713813122e-05,0.0
AMZNUSDT-R-AMZNUSDT-nyse_20260424T200000Z-s3,AMZNUSDT,R,3,AMZNUSDT-nyse_20260424T200000Z,R:AMZNUSDT:2026-04:3,2026-04,RESEARCH_DEVELOPMENT,LISTING_AFTER_30_DAYS,READY,3300,3300,0.09713861329412747,0.0010868386013344834,0.12026657421318233,0.009809134412643769,0.07852832392446937,0.5139519792342635,237,236,0.2596,0.012727272727272728,3583.8270909090907,5087.727272727273,0.0,0.0,0.0004012115848484848,0.00012464754634082208,0.0
AMZNUSDT-R-AMZNUSDT-nyse_20260424T200000Z-s10,AMZNUSDT,R,10,AMZNUSDT-nyse_20260424T200000Z,R:AMZNUSDT:2026-04:10,2026-04,RESEARCH_DEVELOPMENT,LISTING_AFTER_30_DAYS,READY,3300,3300,0.023182495614634306,0.00038980218661628603,0.0334393638170974,0.018774421042599725,0.028929068150208626,0.5456140350877193,93,92,0.10120000000000001,0.028181818181818183,723.6600000000001,671.6909090909091,0.00190867,0.0002726671428571428,0.0007503870303030303,0.00024125405249560486,0.0
AMZNUSDT-R-AMZNUSDT-nyse_20260424T200000Z-s17,AMZNUSDT,R,17,AMZNUSDT-nyse_20260424T200000Z,R:AMZNUSDT:2026-04:17,2026-04,RESEARCH_DEVELOPMENT,LISTING_AFTER_30_DAYS,READY,3300,3300,0.02150277794719442,0.0002944816190365197,0.023718746237508515,0.0033168460867036157,0.010917030567685544,0.5290798611111112,73,72,0.0792,0.23,900.5952727272727,610.7272727272727,0.00017815,2.9691666666666666e-05,0.00048180066363636364,7.096885683860158e-05,0.0
AMZNUSDT-R-AMZNUSDT-nyse_20260424T200000Z-s31,AMZNUSDT,R,31,AMZNUSDT-nyse_20260424T200000Z,R:AMZNUSDT:2026-04:31,2026-04,RESEARCH_DEVELOPMENT,LISTING_AFTER_30_DAYS,READY,3300,3300,0.091106298545312,0.0008607665384991761,0.11921946003742315,0.012993503248375707,0.07852832392446937,0.5304289990023279,161,160,0.17600000000000002,0.022727272727272728,2319.6287272727272,3765.672727272727,0.0001365,1.9500000000000003e-05,0.0004872504878787879,0.00010904040677072556,1.0
AMZNUSDT-R-AMZNUSDT-nyse_20260424T200000Z-s59,AMZNUSDT,R,59,AMZNUSDT-nyse_20260424T200000Z,R:AMZNUSDT:2026-04:59,2026-04,RESEARCH_DEVELOPMENT,LISTING_AFTER_30_DAYS,READY,3300,3300,0.02150277794719442,0.0002944816190365197,0.023718746237508515,0.0033168460867036157,0.010917030567685544,0.5290798611111112,73,72,0.0792,0.23,900.5952727272727,610.7272727272727,0.00017815,2.9691666666666666e-05,0.00048180066363636364,7.096885683860158e-05,0.0
AMZNUSDT-R-AMZNUSDT-nyse_20260424T200000Z-s97,AMZNUSDT,R,97,AMZNUSDT-nyse_20260424T200000Z,R:AMZNUSDT:2026-04:97,2026-04,RESEARCH_DEVELOPMENT,LISTING_AFTER_30_DAYS,READY,3300,3300,0.030451881746500688,0.0004948410866596753,0.07140920184398437,0.050517496303597795,0.06220614828209774,0.5291757840991976,144,143,0.15730000000000002,0.10515151515151515,1822.8370909090909,1113.2363636363636,6.456e-05,1.076e-05,0.00041887662121212123,9.730206154707662e-05,0.0
AMZNUSDT-R-AMZNUSDT-nyse_20260501T200000Z-s3,AMZNUSDT,R,3,AMZNUSDT-nyse_20260501T200000Z,R:AMZNUSDT:2026-05:3,2026-05,RESEARCH_DEVELOPMENT,LISTING_AFTER_30_DAYS,READY,3300,3300,0.023258697134982017,0.00042074053752092736,0.029352338268248814,0.00017580872011260793,0.020140876073079496,0.5363013698630137,91,90,0.099,0.01606060606060606,808.5589090909091,1360.5454545454545,0.00019352,3.225333333333333e-05,0.0005922977575757575,6.046144192172852e-05,0.0
AMZNUSDT-R-AMZNUSDT-nyse_20260501T200000Z-s10,AMZNUSDT,R,10,AMZNUSDT-nyse_20260501T200000Z,R:AMZNUSDT:2026-05:10,2026-05,RESEARCH_DEVELOPMENT,LISTING_AFTER_30_DAYS,READY,3300,3300,0.025684676620517186,0.00041084202085885687,0.0391579900407424,0.0002679049830326963,0.03452704744635847,0.49909584086799275,110,109,0.1199,0.08575757575757575,428.3569090909091,1407.9636363636364,0.0005469299999999999,7.813285714285713e-05,0.00044341380606060604,7.457511284365362e-05,0.0
AMZNUSDT-R-AMZNUSDT-nyse_20260501T200000Z-s17,AMZNUSDT,R,17,AMZNUSDT-nyse_20260501T200000Z,R:AMZNUSDT:2026-05:17,2026-05,RESEARCH_DEVELOPMENT,LISTING_AFTER_30_DAYS,READY,3300,3300,0.02300562222219833,0.00038652317774742523,0.030186279643899132,0.01429933269780735,0.014614637063616535,0.5326580509954593,107,106,0.11660000000000001,0.037575757575757575,478.4478181818182,1147.581818181818,0.00017507,2.501e-05,0.00044527150609756095,6.61077487749593e-05,0.0
AMZNUSDT-R-AMZNUSDT-nyse_20260501T200000Z-s31,AMZNUSDT,R,31,AMZNUSDT-nyse_20260501T200000Z,R:AMZNUSDT:2026-05:31,2026-05,RESEARCH_DEVELOPMENT,LISTING_AFTER_30_DAYS,READY,3300,3300,0.024203011288508398,0.00038016142428210495,0.0321524263173563,0.006934812760055443,0.021550601109167455,0.5214159292035399,107,106,0.11660000000000001,0.052121212121212124,551.8387272727273,1313.8,0.00017507,2.917833333333333e-05,0.0005279098894736842,5.9174852231368e-05,0.0
AMZNUSDT-R-AMZNUSDT-nyse_20260501T200000Z-s59,AMZNUSDT,R,59,AMZNUSDT-nyse_20260501T200000Z,R:AMZNUSDT:2026-05:59,2026-05,RESEARCH_DEVELOPMENT,LISTING_AFTER_30_DAYS,READY,3300,3300,0.022868986516102113,0.0003848072919501557,0.03020209580838321,0.014507299270073033,0.014895841111028181,0.5314905528341498,100,99,0.10890000000000001,0.04,474.7621818181818,1136.709090909091,0.00017507,2.917833333333333e-05,0.0004432823424242424,6.650258553569862e-05,0.0
AMZNUSDT-R-AMZNUSDT-nyse_20260501T200000Z-s97,AMZNUSDT,R,97,AMZNUSDT-nyse_20260501T200000Z,R:AMZNUSDT:2026-05:97,2026-05,RESEARCH_DEVELOPMENT,LISTING_AFTER_30_DAYS,READY,3300,3300,0.025136365688269453,0.000449461639645318,0.027917569702090226,0.01313336371545739,0.022198576355764124,0.5289952798381659,104,103,0.11330000000000001,0.02,1110.2865454545456,1604.6,0.00047145,6.735e-05,0.0005421609402173913,5.986447882122017e-05,0.0
AMZNUSDT-R-AMZNUSDT-nyse_20260508T200000Z-s3,AMZNUSDT,R,3,AMZNUSDT-nyse_20260508T200000Z,R:AMZNUSDT:2026-05:3,2026-05,RESEARCH_DEVELOPMENT,LISTING_AFTER_30_DAYS,READY,3300,3300,0.026100917573125892,0.00040732209009139973,0.044612243325499804,0.04420037503348556,0.04131625646169269,0.5152932709607773,103,102,0.11220000000000001,0.07575757575757576,547.2707272727273,1393.7454545454545,0.0002717,3.881428571428571e-05,0.0005743933121212122,7.12671383489872e-05,0.0
AMZNUSDT-R-AMZNUSDT-nyse_20260508T200000Z-s10,AMZNUSDT,R,10,AMZNUSDT-nyse_20260508T200000Z,R:AMZNUSDT:2026-05:10,2026-05,RESEARCH_DEVELOPMENT,LISTING_AFTER_30_DAYS,READY,3300,3300,0.023326893326372146,0.00042456153095601776,0.029258825252673246,0.002926147530243965,0.019617189791727652,0.5354948805460751,92,91,0.10010000000000001,0.015454545454545455,823.3647272727272,1376.4727272727273,0.00051043,7.291857142857142e-05,0.0005873270792682927,6.119682095591646e-05,0.0
AMZNUSDT-R-AMZNUSDT-nyse_20260508T200000Z-s17,AMZNUSDT,R,17,AMZNUSDT-nyse_20260508T200000Z,R:AMZNUSDT:2026-05:17,2026-05,RESEARCH_DEVELOPMENT,LISTING_AFTER_30_DAYS,READY,3300,3300,0.025684676620517186,0.00041084202085885687,0.0391579900407424,0.0002679049830326963,0.03452704744635847,0.49909584086799275,110,109,0.1199,0.08575757575757575,428.3569090909091,1407.9636363636364,0.0005469299999999999,7.813285714285713e-05,0.00044341380606060604,7.457511284365362e-05,0.0
AMZNUSDT-R-AMZNUSDT-nyse_20260508T200000Z-s31,AMZNUSDT,R,31,AMZNUSDT-nyse_20260508T200000Z,R:AMZNUSDT:2026-05:31,2026-05,RESEARCH_DEVELOPMENT,LISTING_AFTER_30_DAYS,READY,3300,3300,0.0266956843876362,0.0004622616146652492,0.040238562584931394,0.02682563338301002,0.03465178537762527,0.4966465459423206,114,113,0.12430000000000001,0.014848484848484849,1175.0194545454544,2869.4545454545455,0.00105292,0.00017548666666666665,0.0006950138484848485,6.619446120597285e-05,0.0
AMZNUSDT-R-AMZNUSDT-nyse_20260508T200000Z-s59,AMZNUSDT,R,59,AMZNUSDT-nyse_20260508T200000Z,R:AMZNUSDT:2026-05:59,2026-05,RESEARCH_DEVELOPMENT,LISTING_AFTER_30_DAYS,READY,3300,3300,0.023326893326372146,0.00042456153095601776,0.029258825252673246,0.002926147530243965,0.019617189791727652,0.5354948805460751,92,91,0.10010000000000001,0.015454545454545455,823.3647272727272,1376.4727272727273,0.00051043,7.291857142857142e-05,0.0005873270792682927,6.119682095591646e-05,0.0
AMZNUSDT-R-AMZNUSDT-nyse_20260508T200000Z-s97,AMZNUSDT,R,97,AMZNUSDT-nyse_20260508T200000Z,R:AMZNUSDT:2026-05:97,2026-05,RESEARCH_DEVELOPMENT,LISTING_AFTER_30_DAYS,READY,3300,3300,0.022868986516102113,0.0003848072919501557,0.03020209580838321,0.014507299270073033,0.014895841111028181,0.5314905528341498,100,99,0.10890000000000001,0.04,474.7621818181818,1136.709090909091,0.00017507,2.917833333333333e-05,0.0004432823424242424,6.650258553569862e-05,0.0
AMZNUSDT-R-AMZNUSDT-nyse_20260515T200000Z-s3,AMZNUSDT,R,3,AMZNUSDT-nyse_20260515T200000Z,R:AMZNUSDT:2026-05:3,2026-05,RESEARCH_DEVELOPMENT,LISTING_AFTER_30_DAYS,READY,3300,3300,0.02300562222219833,0.00038652317774742523,0.030186279643899132,0.01429933269780735,0.014614637063616535,0.5326580509954593,107,106,0.11660000000000001,0.037575757575757575,478.4478181818182,1147.581818181818,0.00017507,2.501e-05,0.00044527150609756095,6.61077487749593e-05,0.0
AMZNUSDT-R-AMZNUSDT-nyse_20260515T200000Z-s10,AMZNUSDT,R,10,AMZNUSDT-nyse_20260515T200000Z,R:AMZNUSDT:2026-05:10,2026-05,RESEARCH_DEVELOPMENT,LISTING_AFTER_30_DAYS,READY,3300,3300,0.0266956843876362,0.0004622616146652492,0.040238562584931394,0.02682563338301002,0.03465178537762527,0.4966465459423206,114,113,0.12430000000000001,0.014848484848484849,1175.0194545454544,2869.4545454545455,0.00105292,0.00017548666666666665,0.0006950138484848485,6.619446120597285e-05,0.0
AMZNUSDT-R-AMZNUSDT-nyse_20260515T200000Z-s17,AMZNUSDT,R,17,AMZNUSDT-nyse_20260515T200000Z,R:AMZNUSDT:2026-05:17,2026-05,RESEARCH_DEVELOPMENT,LISTING_AFTER_30_DAYS,READY,3300,3300,0.023794110239391923,0.0004307589189487224,0.029377160085300422,0.0015028554253079423,0.020140876073079496,0.5353982300884956,95,94,0.1034,0.014848484848484849,833.2596363636363,1397.909090909091,0.00051043,7.291857142857142e-05,0.0005827377763975156,6.215491992415487e-05,0.0
AMZNUSDT-R-AMZNUSDT-nyse_20260515T200000Z-s31,AMZNUSDT,R,31,AMZNUSDT-nyse_20260515T200000Z,R:AMZNUSDT:2026-05:31,2026-05,RESEARCH_DEVELOPMENT,LISTING_AFTER_30_DAYS,READY,3300,3300,0.026100917573125892,0.00040732209009139973,0.044612243325499804,0.04420037503348556,0.04131625646169269,0.5152932709607773,103,102,0.11220000000000001,0.07575757575757576,547.2707272727273,1393.7454545454545,0.0002717,3.881428571428571e-05,0.0005743933121212122,7.12671383489872e-05,0.0
AMZNUSDT-R-AMZNUSDT-nyse_20260515T200000Z-s59,AMZNUSDT,R,59,AMZNUSDT-nyse_20260515T200000Z,R:AMZNUSDT:2026-05:59,2026-05,RESEARCH_DEVELOPMENT,LISTING_AFTER_30_DAYS,READY,3300,3300,0.026730608699647718,0.0004612730386618068,0.04023400641630506,0.027074163275475443,0.03465178537762527,0.4939312204989885,118,117,0.1287,0.01787878787878788,1180.2459999999999,2875.3636363636365,0.00163833,0.00023404714285714284,0.0007284851121212121,6.600507286395088e-05,0.0
AMZNUSDT-R-AMZNUSDT-nyse_20260515T200000Z-s97,AMZNUSDT,R,97,AMZNUSDT-nyse_20260515T200000Z,R:AMZNUSDT:2026-05:97,2026-05,RESEARCH_DEVELOPMENT,LISTING_AFTER_30_DAYS,READY,3300,3300,0.026100917573125892,0.00040732209009139973,0.044612243325499804,0.04420037503348556,0.04131625646169269,0.5152932709607773,103,102,0.11220000000000001,0.07575757575757576,547.2707272727273,1393.7454545454545,0.0002717,3.881428571428571e-05,0.0005743933121212122,7.12671383489872e-05,0.0
AMZNUSDT-R-AMZNUSDT-nyse_20260522T200000Z-s10,AMZNUSDT,R,10,AMZNUSDT-nyse_20260522T200000Z,R:AMZNUSDT:2026-05:10,2026-05,RESEARCH_DEVELOPMENT,LISTING_AFTER_30_DAYS,READY,4740,4740,0.028928274078644147,0.00039075628386688396,0.0321524263173563,0.014692091278524635,0.021550601109167455,0.5257199113955205,159,158,0.1738,0.05126582278481013,525.869746835443,1203.7721518987341,0.00017507,1.945222222222222e-05,0.0004424248652694611,6.447710887220724e-05,0.0
AMZNUSDT-R-AMZNUSDT-nyse_20260522T200000Z-s31,AMZNUSDT,R,31,AMZNUSDT-nyse_20260522T200000Z,R:AMZNUSDT:2026-05:31,2026-05,RESEARCH_DEVELOPMENT,LISTING_AFTER_30_DAYS,READY,4740,4740,0.029499495639978345,0.00044022692994706726,0.031260331337471955,0.0005269012352906925,0.022198576355764124,0.5311614730878187,147,146,0.16060000000000002,0.020042194092827006,971.0046835443037,1500.4430379746836,0.00066497,6.6497e-05,0.0005873270792682927,6.055818760739587e-05,0.0
AMZNUSDT-R-AMZNUSDT-nyse_20260522T200000Z-s59,AMZNUSDT,R,59,AMZNUSDT-nyse_20260522T200000Z,R:AMZNUSDT:2026-05:59,2026-05,RESEARCH_DEVELOPMENT,LISTING_AFTER_30_DAYS,READY,4740,4740,0.031697421983731065,0.00042540702523965167,0.05477591670439106,0.013164602512969878,0.03452704744635847,0.5081067597904715,159,158,0.1738,0.07890295358649789,516.8221518987341,1469.4556962025317,0.00056215,5.6214999999999996e-05,0.0005186330717299578,7.346706253852551e-05,0.0
AMZNUSDT-R-AMZNUSDT-nyse_20260529T200000Z-s3,AMZNUSDT,R,3,AMZNUSDT-nyse_20260529T200000Z,R:AMZNUSDT:2026-05:3,2026-05,RESEARCH_DEVELOPMENT,LISTING_AFTER_30_DAYS,READY,3300,3300,0.026812552362002123,0.0004655806105586478,0.04024160060400161,0.027821219853485825,0.03465178537762527,0.4939718687206966,119,118,0.1298,0.014545454545454545,1182.9407272727271,2890.2,0.00163833,0.00023404714285714284,0.0007014938636363637,6.642587694487752e-05,0.0
AMZNUSDT-R-AMZNUSDT-nyse_20260529T200000Z-s17,AMZNUSDT,R,17,AMZNUSDT-nyse_20260529T200000Z,R:AMZNUSDT:2026-05:17,2026-05,RESEARCH_DEVELOPMENT,LISTING_AFTER_30_DAYS,READY,3300,3300,0.0266956843876362,0.0004622616146652492,0.040238562584931394,0.02682563338301002,0.03465178537762527,0.4966465459423206,114,113,0.12430000000000001,0.014848484848484849,1175.0194545454544,2869.4545454545455,0.00105292,0.00017548666666666665,0.0006950138484848485,6.619446120597285e-05,0.0
AMZNUSDT-R-AMZNUSDT-nyse_20260529T200000Z-s97,AMZNUSDT,R,97,AMZNUSDT-nyse_20260529T200000Z,R:AMZNUSDT:2026-05:97,2026-05,RESEARCH_DEVELOPMENT,LISTING_AFTER_30_DAYS,READY,3300,3300,0.0266956843876362,0.0004622616146652492,0.040238562584931394,0.02682563338301002,0.03465178537762527,0.4966465459423206,114,113,0.12430000000000001,0.014848484848484849,1175.0194545454544,2869.4545454545455,0.00105292,0.00017548666666666665,0.0006950138484848485,6.619446120597285e-05,0.0
AMZNUSDT-R-AMZNUSDT-nyse_20260605T200000Z-s3,AMZNUSDT,R,3,AMZNUSDT-nyse_20260605T200000Z,R:AMZNUSDT:2026-06:3,2026-06,SEALED_SHORT_OOS,LISTING_AFTER_30_DAYS,READY,3300,3300,0.03353874622974356,0.0005642349389020109,0.06028758808912791,0.02064584436209646,0.039218883770231174,0.5177733065057009,192,191,0.2101,0.02212121212121212,968.5489090909091,2472.1272727272726,0.0,0.0,0.00039143010303030305,7.047462227120329e-05,0.0
AMZNUSDT-R-AMZNUSDT-nyse_20260605T200000Z-s10,AMZNUSDT,R,10,AMZNUSDT-nyse_20260605T200000Z,R:AMZNUSDT:2026-06:10,2026-06,SEALED_SHORT_OOS,LISTING_AFTER_30_DAYS,READY,3300,3300,0.03653178740110213,0.0006005755279847083,0.07353445320534795,0.02035382729024359,0.03744342925454705,0.5126817720662834,173,172,0.1892,0.03424242424242424,1610.282181818182,1348.6909090909091,0.00090931,0.00012990142857142856,0.0006216184454545455,8.241716351386568e-05,0.0
AMZNUSDT-R-AMZNUSDT-nyse_20260605T200000Z-s17,AMZNUSDT,R,17,AMZNUSDT-nyse_20260605T200000Z,R:AMZNUSDT:2026-06:17,2026-06,SEALED_SHORT_OOS,LISTING_AFTER_30_DAYS,READY,3300,3300,0.03427576789054588,0.0005613312262186611,0.03746717005909388,0.005750244114136931,0.029312335092348343,0.505918160297599,182,181,0.1991,0.02393939393939394,998.1001818181819,2387.490909090909,6.32e-05,9.02857142857143e-06,0.0004186019333333333,0.00026166079077139225,0.0
AMZNUSDT-R-AMZNUSDT-nyse_20260605T200000Z-s31,AMZNUSDT,R,31,AMZNUSDT-nyse_20260605T200000Z,R:AMZNUSDT:2026-06:31,2026-06,SEALED_SHORT_OOS,LISTING_AFTER_30_DAYS,READY,3300,3300,0.0333552490817592,0.000541101919035428,0.05647854757215037,0.001667270750271877,0.035485523955931346,0.5240219629375429,167,166,0.1826,0.05090909090909091,1374.244909090909,1162.6181818181817,0.00035264,5.877333333333333e-05,0.0005887037121212121,8.712341697996642e-05,0.0
AMZNUSDT-R-AMZNUSDT-nyse_20260605T200000Z-s59,AMZNUSDT,R,59,AMZNUSDT-nyse_20260605T200000Z,R:AMZNUSDT:2026-06:59,2026-06,SEALED_SHORT_OOS,LISTING_AFTER_30_DAYS,READY,3300,3300,0.027349640133627794,0.00041795706324368367,0.05352259932443301,0.039134054954204786,0.04695477386934676,0.5227188769855929,116,115,0.1265,0.08696969696969697,678.459090909091,1082.5272727272727,0.00014092,2.3486666666666667e-05,0.0005345164333333334,7.100698509337402e-05,0.0
AMZNUSDT-R-AMZNUSDT-nyse_20260605T200000Z-s97,AMZNUSDT,R,97,AMZNUSDT-nyse_20260605T200000Z,R:AMZNUSDT:2026-06:97,2026-06,SEALED_SHORT_OOS,LISTING_AFTER_30_DAYS,READY,3300,3300,0.03356573733395544,0.0005644944822282047,0.060415561089113,0.01970599640427261,0.039218883770231174,0.5219872440416247,192,191,0.2101,0.023333333333333334,968.308,2470.927272727273,0.0,0.0,0.0003938896060606061,7.092700188461159e-05,0.0
AMZNUSDT-R-AMZNUSDT-nyse_20260612T200000Z-s3,AMZNUSDT,R,3,AMZNUSDT-nyse_20260612T200000Z,R:AMZNUSDT:2026-06:3,2026-06,SEALED_SHORT_OOS,LISTING_AFTER_30_DAYS,READY,3300,3300,0.027349640133627794,0.00041795706324368367,0.05352259932443301,0.039134054954204786,0.04695477386934676,0.5227188769855929,116,115,0.1265,0.08696969696969697,678.459090909091,1082.5272727272727,0.00014092,2.3486666666666667e-05,0.0005345164333333334,7.100698509337402e-05,0.0
AMZNUSDT-R-AMZNUSDT-nyse_20260612T200000Z-s10,AMZNUSDT,R,10,AMZNUSDT-nyse_20260612T200000Z,R:AMZNUSDT:2026-06:10,2026-06,SEALED_SHORT_OOS,LISTING_AFTER_30_DAYS,READY,3300,3300,0.03422884925569727,0.0005589291828049152,0.03748870822041552,0.006568204086076139,0.029312335092348343,0.5045685279187817,181,180,0.198,0.02393939393939394,995.7399999999999,2381.2181818181816,6.32e-05,9.02857142857143e-06,0.0004210839696969697,0.00026140219446412193,0.0
AMZNUSDT-R-AMZNUSDT-nyse_20260612T200000Z-s17,AMZNUSDT,R,17,AMZNUSDT-nyse_20260612T200000Z,R:AMZNUSDT:2026-06:17,2026-06,SEALED_SHORT_OOS,LISTING_AFTER_30_DAYS,READY,3300,3300,0.02557663265192644,0.0004522033401620138,0.0368388155324635,0.01766074932688359,0.028183920661675455,0.5006743088334458,124,123,0.1353,0.013030303030303031,1011.1209090909091,2128.2181818181816,0.0,0.0,0.00036925205913978496,5.865090296174724e-05,0.0
AMZNUSDT-R-AMZNUSDT-nyse_20260612T200000Z-s31,AMZNUSDT,R,31,AMZNUSDT-nyse_20260612T200000Z,R:AMZNUSDT:2026-06:31,2026-06,SEALED_SHORT_OOS,LISTING_AFTER_30_DAYS,READY,3300,3300,0.025118815624936945,0.0004431380320309556,0.053263344783665956,0.03575367647058835,0.048583928160257875,0.5043978349120433,124,123,0.1353,0.014545454545454545,1147.4103636363636,2037.7272727272727,0.0,0.0,0.0004371202466216216,5.88749581877306e-05,0.0
AMZNUSDT-R-AMZNUSDT-nyse_20260612T200000Z-s59,AMZNUSDT,R,59,AMZNUSDT-nyse_20260612T200000Z,R:AMZNUSDT:2026-06:59,2026-06,SEALED_SHORT_OOS,LISTING_AFTER_30_DAYS,READY,3300,3300,0.033402480989947914,0.0005595059509877238,0.060529221708723616,0.01420383752803384,0.03686296947157632,0.5146022155085599,187,186,0.2046,0.02212121212121212,968.8370909090909,2459.327272727273,0.0,0.0,0.00039990442727272726,6.983768709226614e-05,0.0
AMZNUSDT-R-AMZNUSDT-nyse_20260612T200000Z-s97,AMZNUSDT,R,97,AMZNUSDT-nyse_20260612T200000Z,R:AMZNUSDT:2026-06:97,2026-06,SEALED_SHORT_OOS,LISTING_AFTER_30_DAYS,READY,3300,3300,0.03414047488993728,0.000522034370563878,0.04112033195020746,0.007815776430668418,0.02232365145228214,0.5307984790874525,150,149,0.16390000000000002,0.11484848484848485,2384.9956363636365,1779.4363636363637,0.00130022,0.00018574571428571428,0.0007294092591463415,7.492165310553551e-05,0.0
AMZNUSDT-R-AMZNUSDT-nyse_20260618T200000Z-s3,AMZNUSDT,R,3,AMZNUSDT-nyse_20260618T200000Z,R:AMZNUSDT:2026-06:3,2026-06,SEALED_SHORT_OOS,LISTING_AFTER_30_DAYS,READY,4740,4740,0.031108521270443182,0.0004571985675214674,0.053263344783665956,0.02065689552798536,0.048583928160257875,0.5060832943378568,183,182,0.20020000000000002,0.010759493670886076,1091.463670886076,2115.0886075949365,0.0,0.0,0.00041522948484848485,6.019871883068362e-05,0.0
AMZNUSDT-R-AMZNUSDT-nyse_20260618T200000Z-s10,AMZNUSDT,R,10,AMZNUSDT-nyse_20260618T200000Z,R:AMZNUSDT:2026-06:10,2026-06,SEALED_SHORT_OOS,LISTING_AFTER_30_DAYS,READY,4740,4740,0.031108521270443182,0.0004571985675214674,0.053263344783665956,0.02065689552798536,0.048583928160257875,0.5060832943378568,183,182,0.20020000000000002,0.010759493670886076,1091.463670886076,2115.0886075949365,0.0,0.0,0.00041522948484848485,6.019871883068362e-05,0.0
AMZNUSDT-R-AMZNUSDT-nyse_20260618T200000Z-s17,AMZNUSDT,R,17,AMZNUSDT-nyse_20260618T200000Z,R:AMZNUSDT:2026-06:17,2026-06,SEALED_SHORT_OOS,LISTING_AFTER_30_DAYS,READY,4740,4740,0.04343532803941311,0.000599289630134354,0.07343061320552868,0.017277125086385722,0.04259385085782233,0.5149658260664625,258,257,0.2827,0.04050632911392405,1633.6135443037974,1338.392405063291,0.00110213,0.000110213,0.0005969721835443039,8.722705179348024e-05,0.0
AMZNUSDT-R-AMZNUSDT-nyse_20260618T200000Z-s31,AMZNUSDT,R,31,AMZNUSDT-nyse_20260618T200000Z,R:AMZNUSDT:2026-06:31,2026-06,SEALED_SHORT_OOS,LISTING_AFTER_30_DAYS,READY,4740,4740,0.04141168196566745,0.000566439223528458,0.06134669436636931,0.009304167079085482,0.04011578132007013,0.5110796793965111,262,261,0.2871,0.024472573839662448,1006.846582278481,2468.253164556962,6.32e-05,6.3200000000000005e-06,0.0004126677953586498,0.0002023745050862539,0.0
AMZNUSDT-R-AMZNUSDT-nyse_20260618T200000Z-s59,AMZNUSDT,R,59,AMZNUSDT-nyse_20260618T200000Z,R:AMZNUSDT:2026-06:59,2026-06,SEALED_SHORT_OOS,LISTING_AFTER_30_DAYS,READY,4740,4740,0.04349382849059949,0.0006020539229507758,0.07356913183279741,0.013552068473609175,0.03744342925454705,0.5135389686837768,256,255,0.2805,0.04008438818565401,1654.6512658227848,1352.9620253164558,0.00110213,0.000110213,0.0005973277278481013,8.739583585844237e-05,0.0
AMZNUSDT-R-AMZNUSDT-nyse_20260618T200000Z-s97,AMZNUSDT,R,97,AMZNUSDT-nyse_20260618T200000Z,R:AMZNUSDT:2026-06:97,2026-06,SEALED_SHORT_OOS,LISTING_AFTER_30_DAYS,READY,4740,4740,0.04350736722332273,0.0006028541620569036,0.0734777768262396,0.012903225806451672,0.03744342925454705,0.5157721280602636,257,256,0.2816,0.04050632911392405,1661.061012658228,1355.632911392405,0.00090931,0.00010103444444444445,0.0005970651687763713,8.70605424413023e-05,0.0
AMZNUSDT-R-AMZNUSDT-nyse_20260626T200000Z-s3,AMZNUSDT,R,3,AMZNUSDT-nyse_20260626T200000Z,R:AMZNUSDT:2026-06:3,2026-06,SEALED_SHORT_OOS,LISTING_AFTER_30_DAYS,READY,3300,3300,0.036537776443502194,0.0006027718088767087,0.07346204888907915,0.019157622919356646,0.03744342925454705,0.5144976399190829,174,173,0.19030000000000002,0.03212121212121212,1627.6740000000002,1358.6363636363637,0.00090931,0.00015155166666666665,0.0006218964575757576,8.178691995199824e-05,0.0
AMZNUSDT-R-AMZNUSDT-nyse_20260626T200000Z-s10,AMZNUSDT,R,10,AMZNUSDT-nyse_20260626T200000Z,R:AMZNUSDT:2026-06:10,2026-06,SEALED_SHORT_OOS,LISTING_AFTER_30_DAYS,READY,3300,3300,0.03400205045933687,0.0005206658713000926,0.04121096186634506,0.011067284494313278,0.02232365145228214,0.5333839150227617,145,144,0.1584,0.11575757575757575,2373.3392727272726,1768.2727272727273,0.00130022,0.00021670333333333332,0.0007285302242424242,7.445052361412596e-05,0.0
AMZNUSDT-R-AMZNUSDT-nyse_20260626T200000Z-s17,AMZNUSDT,R,17,AMZNUSDT-nyse_20260626T200000Z,R:AMZNUSDT:2026-06:17,2026-06,SEALED_SHORT_OOS,LISTING_AFTER_30_DAYS,READY,3300,3300,0.03414047488993728,0.000522034370563878,0.04112033195020746,0.007815776430668418,0.02232365145228214,0.5307984790874525,150,149,0.16390000000000002,0.11484848484848485,2384.9956363636365,1779.4363636363637,0.00130022,0.00018574571428571428,0.0007294092591463415,7.492165310553551e-05,0.0
AMZNUSDT-R-AMZNUSDT-nyse_20260626T200000Z-s31,AMZNUSDT,R,31,AMZNUSDT-nyse_20260626T200000Z,R:AMZNUSDT:2026-06:31,2026-06,SEALED_SHORT_OOS,LISTING_AFTER_30_DAYS,READY,3300,3300,0.03400205045933687,0.0005206658713000926,0.04121096186634506,0.011067284494313278,0.02232365145228214,0.5333839150227617,145,144,0.1584,0.11575757575757575,2373.3392727272726,1768.2727272727273,0.00130022,0.00021670333333333332,0.0007285302242424242,7.445052361412596e-05,0.0
AMZNUSDT-R-AMZNUSDT-nyse_20260626T200000Z-s59,AMZNUSDT,R,59,AMZNUSDT-nyse_20260626T200000Z,R:AMZNUSDT:2026-06:59,2026-06,SEALED_SHORT_OOS,LISTING_AFTER_30_DAYS,READY,3300,3300,0.025582142725093196,0.00045253066750629636,0.03676843295512148,0.018200063859873477,0.028183920661675455,0.5013477088948787,124,123,0.1353,0.013333333333333334,1007.8378181818182,2143.3454545454547,0.0,0.0,0.00036805875806451615,5.841492284432695e-05,0.0
AMZNUSDT-R-AMZNUSDT-nyse_20260626T200000Z-s97,AMZNUSDT,R,97,AMZNUSDT-nyse_20260626T200000Z,R:AMZNUSDT:2026-06:97,2026-06,SEALED_SHORT_OOS,LISTING_AFTER_30_DAYS,READY,3300,3300,0.027349640133627794,0.00041795706324368367,0.05352259932443301,0.039134054954204786,0.04695477386934676,0.5227188769855929,116,115,0.1265,0.08696969696969697,678.459090909091,1082.5272727272727,0.00014092,2.3486666666666667e-05,0.0005345164333333334,7.100698509337402e-05,0.0
AMZNUSDT-R-AMZNUSDT-nyse_20260702T200000Z-s3,AMZNUSDT,R,3,AMZNUSDT-nyse_20260702T200000Z,R:AMZNUSDT:2026-07:3,2026-07,DESCRIPTIVE_ONLY,LISTING_AFTER_30_DAYS,READY,4740,4740,0.04012421816065075,0.000535233741093924,0.05907839326206674,0.001372299872935178,0.05146879322971765,0.5367860600193611,214,213,0.2343,0.06497890295358649,1671.1044303797469,1854.8354430379748,0.00079243,7.9243e-05,0.0005912467489451477,6.731065226395443e-05,0.0
AMZNUSDT-R-AMZNUSDT-nyse_20260702T200000Z-s10,AMZNUSDT,R,10,AMZNUSDT-nyse_20260702T200000Z,R:AMZNUSDT:2026-07:10,2026-07,DESCRIPTIVE_ONLY,LISTING_AFTER_30_DAYS,READY,4740,4740,0.03681258532358118,0.0004902728906165919,0.04348536864476045,0.006012579313402205,0.0210182929347153,0.5498247371056585,177,176,0.19360000000000002,0.07911392405063292,2030.4256962025318,1474.3164556962026,0.00093002,9.3002e-05,0.0005722508481012658,6.851131777967576e-05,0.0
AMZNUSDT-R-AMZNUSDT-nyse_20260702T200000Z-s17,AMZNUSDT,R,17,AMZNUSDT-nyse_20260702T200000Z,R:AMZNUSDT:2026-07:17,2026-07,DESCRIPTIVE_ONLY,LISTING_AFTER_30_DAYS,READY,4740,4740,0.04012421816065075,0.000535233741093924,0.05907839326206674,0.001372299872935178,0.05146879322971765,0.5367860600193611,214,213,0.2343,0.06497890295358649,1671.1044303797469,1854.8354430379748,0.00079243,7.9243e-05,0.0005912467489451477,6.731065226395443e-05,0.0
AMZNUSDT-R-AMZNUSDT-nyse_20260702T200000Z-s31,AMZNUSDT,R,31,AMZNUSDT-nyse_20260702T200000Z,R:AMZNUSDT:2026-07:31,2026-07,DESCRIPTIVE_ONLY,LISTING_AFTER_30_DAYS,READY,4740,4740,0.03682684559145536,0.0004904155653245356,0.043449852989219155,0.0048718374577866146,0.0210182929347153,0.5500376222723853,178,177,0.1947,0.07827004219409282,2028.0369620253166,1473.379746835443,0.00093002,9.3002e-05,0.0005816401012658228,6.840577213902217e-05,0.0
AMZNUSDT-R-AMZNUSDT-nyse_20260702T200000Z-s59,AMZNUSDT,R,59,AMZNUSDT-nyse_20260702T200000Z,R:AMZNUSDT:2026-07:59,2026-07,DESCRIPTIVE_ONLY,LISTING_AFTER_30_DAYS,READY,4740,4740,0.03681258532358118,0.0004902728906165919,0.04348536864476045,0.006012579313402205,0.0210182929347153,0.5498247371056585,177,176,0.19360000000000002,0.07911392405063292,2030.4256962025318,1474.3164556962026,0.00093002,9.3002e-05,0.0005722508481012658,6.851131777967576e-05,0.0
AMZNUSDT-R-AMZNUSDT-nyse_20260702T200000Z-s97,AMZNUSDT,R,97,AMZNUSDT-nyse_20260702T200000Z,R:AMZNUSDT:2026-07:97,2026-07,DESCRIPTIVE_ONLY,LISTING_AFTER_30_DAYS,READY,4740,4740,0.04021992218793839,0.0005358733841327438,0.059111903411392934,0.0017753880491021344,0.05146879322971765,0.5389830508474577,211,210,0.231,0.06476793248945148,1661.8663291139242,1848.506329113924,0.0005171,5.7455555555555564e-05,0.000569717694092827,6.793771953104808e-05,0.0
AMZNUSDT-R-AMZNUSDT-nyse_20260710T200000Z-s3,AMZNUSDT,R,3,AMZNUSDT-nyse_20260710T200000Z,R:AMZNUSDT:2026-07:3,2026-07,DESCRIPTIVE_ONLY,LISTING_AFTER_30_DAYS,READY,3300,3300,0.03134831860547425,0.0004974352317967317,0.03407837208352063,0.003968253968253901,0.01645233721167586,0.5443128812343021,132,131,0.1441,0.08363636363636363,2030.944909090909,1509.6727272727273,0.00071481,0.00011913499999999999,0.0006416781363636364,6.728537602281945e-05,0.0
AMZNUSDT-R-AMZNUSDT-nyse_20260710T200000Z-s10,AMZNUSDT,R,10,AMZNUSDT-nyse_20260710T200000Z,R:AMZNUSDT:2026-07:10,2026-07,DESCRIPTIVE_ONLY,LISTING_AFTER_30_DAYS,READY,3300,3300,0.03454113321361318,0.0005506374642832956,0.0510816581396286,0.00614455691706621,0.03937419562419571,0.5411764705882353,148,147,0.1617,0.0596969696969697,1778.5136363636364,1955.6363636363637,0.0004259,6.0842857142857144e-05,0.0005639037727272727,6.981534264443741e-05,0.0
AMZNUSDT-R-AMZNUSDT-nyse_20260710T200000Z-s17,AMZNUSDT,R,17,AMZNUSDT-nyse_20260710T200000Z,R:AMZNUSDT:2026-07:17,2026-07,DESCRIPTIVE_ONLY,LISTING_AFTER_30_DAYS,READY,3300,3300,0.02672571830325877,0.0004066937614521778,0.04584916983396683,0.0406778029172484,0.03999680025597952,0.5368821292775665,88,87,0.09570000000000001,0.12848484848484848,1563.5632727272728,1535.0181818181818,1.555e-05,2.5916666666666663e-06,0.00025038374545454544,7.376945367668233e-05,1.0
AMZNUSDT-R-AMZNUSDT-nyse_20260710T200000Z-s31,AMZNUSDT,R,31,AMZNUSDT-nyse_20260710T200000Z,R:AMZNUSDT:2026-07:31,2026-07,DESCRIPTIVE_ONLY,LISTING_AFTER_30_DAYS,READY,3300,3300,0.031180120244042663,0.0004701710259709972,0.051101392938127765,0.03790015945050923,0.0437789893400603,0.5356379187455452,132,131,0.1441,0.08242424242424243,1294.7930909090908,1524.8363636363636,0.0007575,0.00010821428571428572,0.0006371718181818182,5.976847618031176e-05,0.0
AMZNUSDT-R-AMZNUSDT-nyse_20260710T200000Z-s59,AMZNUSDT,R,59,AMZNUSDT-nyse_20260710T200000Z,R:AMZNUSDT:2026-07:59,2026-07,DESCRIPTIVE_ONLY,LISTING_AFTER_30_DAYS,READY,3300,3300,0.02672571830325877,0.0004066937614521778,0.04584916983396683,0.0406778029172484,0.03999680025597952,0.5368821292775665,88,87,0.09570000000000001,0.12848484848484848,1563.5632727272728,1535.0181818181818,1.555e-05,2.5916666666666663e-06,0.00025038374545454544,7.376945367668233e-05,1.0
AMZNUSDT-R-AMZNUSDT-nyse_20260710T200000Z-s97,AMZNUSDT,R,97,AMZNUSDT-nyse_20260710T200000Z,R:AMZNUSDT:2026-07:97,2026-07,DESCRIPTIVE_ONLY,LISTING_AFTER_30_DAYS,READY,3300,3300,0.02679453534787814,0.00040815495012224453,0.046046287367406014,0.03144593883118755,0.027274569402228936,0.5322150209683568,91,90,0.099,0.1315151515151515,1548.2625454545455,1537.8909090909092,1.555e-05,2.221428571428571e-06,0.0002617398515151515,7.409009349027179e-05,0.0
AMZNUSDT-R-AMZNUSDT-nyse_20260717T200000Z-s3,AMZNUSDT,R,3,AMZNUSDT-nyse_20260717T200000Z,R:AMZNUSDT:2026-07:3,2026-07,DESCRIPTIVE_ONLY,LISTING_AFTER_30_DAYS,READY,3300,3300,0.02672571830325877,0.0004066937614521778,0.04584916983396683,0.0406778029172484,0.03999680025597952,0.5368821292775665,88,87,0.09570000000000001,0.12848484848484848,1563.5632727272728,1535.0181818181818,1.555e-05,2.5916666666666663e-06,0.00025038374545454544,7.376945367668233e-05,1.0
AMZNUSDT-R-AMZNUSDT-nyse_20260717T200000Z-s10,AMZNUSDT,R,10,AMZNUSDT-nyse_20260717T200000Z,R:AMZNUSDT:2026-07:10,2026-07,DESCRIPTIVE_ONLY,LISTING_AFTER_30_DAYS,READY,3300,3300,0.02679453534787814,0.00040815495012224453,0.046046287367406014,0.03144593883118755,0.027274569402228936,0.5322150209683568,91,90,0.099,0.1315151515151515,1548.2625454545455,1537.8909090909092,1.555e-05,2.221428571428571e-06,0.0002617398515151515,7.409009349027179e-05,0.0
AMZNUSDT-R-AMZNUSDT-nyse_20260717T200000Z-s17,AMZNUSDT,R,17,AMZNUSDT-nyse_20260717T200000Z,R:AMZNUSDT:2026-07:17,2026-07,DESCRIPTIVE_ONLY,LISTING_AFTER_30_DAYS,READY,3300,3300,0.02897074962125175,0.000448678160917541,0.03711994790182752,0.006679225894845019,0.0261493901195284,0.5508567262121764,106,105,0.1155,0.08303030303030302,1679.3372727272729,1296.709090909091,0.00028292,4.715333333333333e-05,0.0004843214727272727,6.942839193728147e-05,0.0
AMZNUSDT-R-AMZNUSDT-nyse_20260717T200000Z-s31,AMZNUSDT,R,31,AMZNUSDT-nyse_20260717T200000Z,R:AMZNUSDT:2026-07:31,2026-07,DESCRIPTIVE_ONLY,LISTING_AFTER_30_DAYS,READY,3300,3300,0.02672571830325877,0.0004066937614521778,0.04584916983396683,0.0406778029172484,0.03999680025597952,0.5368821292775665,88,87,0.09570000000000001,0.12848484848484848,1563.5632727272728,1535.0181818181818,1.555e-05,2.5916666666666663e-06,0.00025038374545454544,7.376945367668233e-05,1.0
AMZNUSDT-R-AMZNUSDT-nyse_20260717T200000Z-s59,AMZNUSDT,R,59,AMZNUSDT-nyse_20260717T200000Z,R:AMZNUSDT:2026-07:59,2026-07,DESCRIPTIVE_ONLY,LISTING_AFTER_30_DAYS,READY,3300,3300,0.03454113321361318,0.0005506374642832956,0.0510816581396286,0.00614455691706621,0.03937419562419571,0.5411764705882353,148,147,0.1617,0.0596969696969697,1778.5136363636364,1955.6363636363637,0.0004259,6.0842857142857144e-05,0.0005639037727272727,6.981534264443741e-05,0.0
AMZNUSDT-R-AMZNUSDT-nyse_20260717T200000Z-s97,AMZNUSDT,R,97,AMZNUSDT-nyse_20260717T200000Z,R:AMZNUSDT:2026-07:97,2026-07,DESCRIPTIVE_ONLY,LISTING_AFTER_30_DAYS,READY,3300,3300,0.029016055769709302,0.00045313353757806647,0.03666286459182011,0.004921510394569363,0.0261493901195284,0.5520493289807762,105,104,0.1144,0.0809090909090909,1682.2903636363637,1302.8363636363636,0.00039296000000000003,5.6137142857142865e-05,0.00048446457272727277,6.909212088446277e-05,0.0
COINUSDT-nyse_20260213T210000Z,COINUSDT,W,,,NYSE:2026-02-13T21:00:00+00:00:2026-02-17T07:00:00+00:00,2026-02,DESCRIPTIVE_ONLY,LISTING_DAYS_1_14,READY,4740,4740,0.047999269075820666,0.000831125894186962,0.04330660835762874,0.005824827659915505,0.01486289735501085,0.5943488943488944,397,396,0.43560000000000004,0.07215189873417721,682.2881012658228,1124.6835443037974,0.01643769,0.0016437690000000002,0.002472045917721519,0.0008009598456216876,0.0
COINUSDT-nyse_20260220T210000Z,COINUSDT,W,,,NYSE:2026-02-20T21:00:00+00:00:2026-02-23T07:00:00+00:00,2026-02,DESCRIPTIVE_ONLY,LISTING_DAYS_1_14,READY,3300,3300,0.02680178314336001,0.00038797925866181586,0.039376058888824034,0.03004166362108033,0.036683828691785526,0.5959760739532355,92,91,0.10010000000000001,0.3575757575757576,172.702,260.7818181818182,0.00526656,0.0007523657142857143,0.0014829183696969696,0.00047564606039936024,1.0
COINUSDT-nyse_20260227T210000Z,COINUSDT,W,,,NYSE:2026-02-27T21:00:00+00:00:2026-03-02T07:00:00+00:00,2026-02,DESCRIPTIVE_ONLY,LISTING_DAYS_15_30,READY,3300,3300,0.04546296830133786,0.0009273316274280613,0.055647320157202154,0.010062196750138428,0.04060595705905801,0.5691028749567024,271,270,0.29700000000000004,0.07272727272727272,1502.4812727272727,1175.0727272727272,0.0240035,0.0034290714285714285,0.005061593833333333,0.0014590567396162257,0.0
COINUSDT-nyse_20260306T210000Z,COINUSDT,W,,,NYSE:2026-03-06T21:00:00+00:00:2026-03-09T06:00:00+00:00,2026-03,RESEARCH_DEVELOPMENT,LISTING_DAYS_15_30,READY,3240,3240,0.03195354748109295,0.00047477415150908215,0.05017301038062276,0.014934858595487889,0.04424643584521384,0.5483744614179397,124,123,0.1353,0.12283950617283951,981.8840740740741,1001.6111111111111,0.01978766,0.0028268085714285712,0.0033456213456790123,0.0006816942070272411,1.0
COINUSDT-nyse_20260313T200000Z,COINUSDT,W,,,NYSE:2026-03-13T20:00:00+00:00:2026-03-16T06:00:00+00:00,2026-03,RESEARCH_DEVELOPMENT,LISTING_AFTER_30_DAYS,READY,3300,3300,0.024648588935068202,0.0003466063703367487,0.04751608751608761,0.05710455764075088,0.044776119402985017,0.5627967198964178,89,88,0.09680000000000001,0.20606060606060606,628.3425454545455,695.7636363636364,0.01206787,0.0017239814285714284,0.00216634686969697,0.0005582851950058368,1.0
COINUSDT-nyse_20260320T200000Z,COINUSDT,W,,,NYSE:2026-03-20T20:00:00+00:00:2026-03-23T06:00:00+00:00,2026-03,RESEARCH_DEVELOPMENT,LISTING_AFTER_30_DAYS,READY,3300,3300,0.029395411954664004,0.0004371418970157152,0.04962443665498246,0.033064424497216235,0.048572859288933345,0.5352649637819291,112,111,0.12210000000000001,0.09696969696969697,1238.3316363636366,1258.1818181818182,0.02322109,0.0033172985714285713,0.004014243721212121,0.0005679828478143934,1.0
COINUSDT-nyse_20260327T200000Z,COINUSDT,W,,,NYSE:2026-03-27T20:00:00+00:00:2026-03-30T06:00:00+00:00,2026-03,RESEARCH_DEVELOPMENT,LISTING_AFTER_30_DAYS,READY,3300,3300,0.026744926031727984,0.0003610312117280075,0.04424227318045859,0.025603511338697853,0.02603971524915709,0.5332480818414322,101,100,0.11,0.16272727272727272,942.0774545454545,992.7272727272727,0.00332641,0.0004752014285714286,0.0009629260545454545,0.0004987376485695068,1.0
COINUSDT-nyse_20260402T200000Z,COINUSDT,W,,,NYSE:2026-04-02T20:00:00+00:00:2026-04-06T06:00:00+00:00,2026-04,RESEARCH_DEVELOPMENT,LISTING_AFTER_30_DAYS,READY,4740,4740,0.021259460251507125,0.00023811249594226744,0.035175586745093586,0.03325248415616921,0.03092542887151366,0.5344155844155845,84,83,0.0913,0.22827004219409283,780.8056962025316,653.2278481012659,0.00958971,0.000958971,0.0012531932362869198,0.00044177958259678885,1.0
COINUSDT-nyse_20260410T200000Z,COINUSDT,W,,,NYSE:2026-04-10T20:00:00+00:00:2026-04-13T06:00:00+00:00,2026-04,RESEARCH_DEVELOPMENT,LISTING_AFTER_30_DAYS,READY,3300,3300,0.023755598642353912,0.0003021781142949298,0.042203147353362024,0.041262597451987175,0.030199940316323497,0.53125,71,70,0.077,0.0903030303030303,1616.0918181818183,1163.8727272727272,0.0226934,0.0032419142857142854,0.0037003947393939394,0.0005384473732198576,1.0
COINUSDT-nyse_20260417T200000Z,COINUSDT,W,,,NYSE:2026-04-17T20:00:00+00:00:2026-04-20T06:00:00+00:00,2026-04,RESEARCH_DEVELOPMENT,LISTING_AFTER_30_DAYS,READY,3300,3300,0.03085867236958207,0.00040850638298875285,0.05443001163241575,0.046493490911272535,0.04585110507948808,0.5447037701974865,104,103,0.11330000000000001,0.041212121212121214,1592.9701818181818,1402.9636363636364,0.03208929,0.004584184285714285,0.005041605951515151,0.0005741010391257216,1.0
COINUSDT-nyse_20260424T200000Z,COINUSDT,W,,,NYSE:2026-04-24T20:00:00+00:00:2026-04-27T06:00:00+00:00,2026-04,RESEARCH_DEVELOPMENT,LISTING_AFTER_30_DAYS,READY,3300,3300,0.020903111592944914,0.0002793658606604783,0.03069450703520102,0.006887169458379358,0.030494216614090446,0.5527615626403233,69,68,0.0748,0.17939393939393938,523.5361818181818,638.8,0.0078365,0.0011195,0.001384288603030303,0.0004766561547555248,1.0
COINUSDT-nyse_20260501T200000Z,COINUSDT,W,,,NYSE:2026-05-01T20:00:00+00:00:2026-05-04T06:00:00+00:00,2026-05,RESEARCH_DEVELOPMENT,LISTING_AFTER_30_DAYS,READY,3300,3300,0.019919179544843645,0.0003008407744855933,0.05103362520076677,0.056073123571805265,0.04813583965105401,0.5776909722222222,65,64,0.0704,0.02727272727272727,889.6970909090909,1027.0727272727272,0.01095403,0.0015648614285714286,0.002356556517006803,0.0004041698143693387,1.0
COINUSDT-nyse_20260508T200000Z,COINUSDT,W,,,NYSE:2026-05-08T20:00:00+00:00:2026-05-11T06:00:00+00:00,2026-05,RESEARCH_DEVELOPMENT,LISTING_AFTER_30_DAYS,READY,3300,3300,0.02308310321709509,0.00039281815230546687,0.0309432458019832,0.0038778148173344643,0.02714684200039857,0.5750096413420748,68,67,0.0737,0.05484848484848485,870.5218181818182,1337.6545454545455,0.01465656,0.002093794285714286,0.00254738953939394,0.0005641548608791276,1.0
COINUSDT-nyse_20260515T200000Z,COINUSDT,W,,,NYSE:2026-05-15T20:00:00+00:00:2026-05-18T06:00:00+00:00,2026-05,RESEARCH_DEVELOPMENT,LISTING_AFTER_30_DAYS,READY,3300,3300,0.02932344718570679,0.0004707968476691287,0.04086439983613268,0.02939269505078872,0.0389184760344121,0.5437522506301764,117,116,0.12760000000000002,0.05090909090909091,704.0934545454545,1263.4363636363637,0.00043568999999999997,6.224142857142857e-05,0.0005783395363636363,8.349752842450374e-05,1.0
COINUSDT-nyse_20260522T200000Z,COINUSDT,W,,,NYSE:2026-05-22T20:00:00+00:00:2026-05-26T06:00:00+00:00,2026-05,RESEARCH_DEVELOPMENT,LISTING_AFTER_30_DAYS,READY,4740,4740,0.03357598844239089,0.0005041139011980241,0.06041756815231495,0.010397731404057349,0.03514273356401384,0.5236866791744841,188,187,0.20570000000000002,0.010759493670886076,770.4693670886077,2596.6075949367087,0.00143354,0.000143354,0.0007048216392405063,6.675022089165587e-05,0.0
COINUSDT-nyse_20260529T200000Z,COINUSDT,W,,,NYSE:2026-05-29T20:00:00+00:00:2026-06-01T06:00:00+00:00,2026-05,RESEARCH_DEVELOPMENT,LISTING_AFTER_30_DAYS,READY,3300,3300,0.0244643440217353,0.00038711618957566843,0.02667091701200728,0.00521868787276344,0.02114691541233825,0.5031960227272727,113,112,0.1232,0.04878787878787879,537.261090909091,1966.1090909090908,0.0,0.0,0.0005810902393939394,5.41854893632056e-05,1.0
COINUSDT-nyse_20260605T200000Z,COINUSDT,W,,,NYSE:2026-06-05T20:00:00+00:00:2026-06-08T06:00:00+00:00,2026-06,SEALED_SHORT_OOS,LISTING_AFTER_30_DAYS,READY,3300,3300,0.053354780107425,0.0010924006493430948,0.08504648422155284,0.00711600012429694,0.04340141398271796,0.4748407643312102,364,363,0.39930000000000004,0.0015151515151515152,1541.4458181818184,5597.781818181818,0.0015620599999999999,0.00022315142857142855,0.001701337703030303,0.0001360431506556965,0.0
COINUSDT-nyse_20260612T200000Z,COINUSDT,W,,,NYSE:2026-06-12T20:00:00+00:00:2026-06-15T06:00:00+00:00,2026-06,SEALED_SHORT_OOS,LISTING_AFTER_30_DAYS,READY,3300,3300,0.03273446512920201,0.0005168917018167112,0.05868368368368365,0.04425934999183411,0.057062323833385435,0.5156966490299824,158,157,0.17270000000000002,0.055757575757575756,1142.6885454545454,1993.4727272727273,0.00164667,0.00023523857142857143,0.0007079653303030303,7.51270169199021e-05,0.0
COINUSDT-nyse_20260618T200000Z,COINUSDT,W,,,NYSE:2026-06-18T20:00:00+00:00:2026-06-22T06:00:00+00:00,2026-06,SEALED_SHORT_OOS,LISTING_AFTER_30_DAYS,READY,4740,4740,0.039608026388671204,0.0006105381737754183,0.03539497856705451,0.003035255661919191,0.02918991843993389,0.5209161018929657,276,275,0.3025,0.030379746835443037,1170.7870886075948,2569.26582278481,0.00072581,7.2581e-05,0.0008295044008438819,8.055431025428343e-05,0.0
COINUSDT-nyse_20260626T200000Z,COINUSDT,W,,,NYSE:2026-06-26T20:00:00+00:00:2026-06-29T06:00:00+00:00,2026-06,SEALED_SHORT_OOS,LISTING_AFTER_30_DAYS,READY,3300,3300,0.03249351210554057,0.0005512942988653738,0.03702706341726134,0.009523809523809478,0.0241441926155088,0.5148211243611585,183,182,0.20020000000000002,0.013030303030303031,1848.3112727272726,3097.2181818181816,0.00034106999999999996,4.872428571428571e-05,0.0007086285782312925,6.837625526758325e-05,0.0
COINUSDT-nyse_20260702T200000Z,COINUSDT,W,,,NYSE:2026-07-02T20:00:00+00:00:2026-07-06T06:00:00+00:00,2026-07,DESCRIPTIVE_ONLY,LISTING_AFTER_30_DAYS,READY,4740,4740,0.043477556604626044,0.000559497676045327,0.06962676184138884,0.011239604989605015,0.053909167570172195,0.5072992700729927,279,278,0.3058,0.011603375527426161,1571.021898734177,2575.6455696202534,0.00076585,7.6585e-05,0.0008791105189873418,6.527245287976523e-05,0.0
COINUSDT-nyse_20260710T200000Z,COINUSDT,W,,,NYSE:2026-07-10T20:00:00+00:00:2026-07-13T06:00:00+00:00,2026-07,DESCRIPTIVE_ONLY,LISTING_AFTER_30_DAYS,READY,3300,3300,0.022857862438819123,0.00036728008358791984,0.038555729984301325,0.022397891963109245,0.02642758965387973,0.5164301717699776,100,99,0.10890000000000001,0.055757575757575756,1647.7130909090909,2166.8545454545456,0.00067831,9.690142857142858e-05,0.0006896412515151515,4.3054424073558406e-05,0.0
COINUSDT-nyse_20260717T200000Z,COINUSDT,W,,,NYSE:2026-07-17T20:00:00+00:00:2026-07-20T06:00:00+00:00,2026-07,DESCRIPTIVE_ONLY,LISTING_AFTER_30_DAYS,READY,3300,3300,0.022208157569033955,0.0003140060980477214,0.01978245658673121,0.0022304832713753065,0.01839826839826831,0.5253755582622818,80,79,0.0869,0.1193939393939394,1283.586,1968.8545454545454,0.00043139999999999997,6.162857142857143e-05,0.00042227117878787876,4.265300260162842e-05,1.0
COINUSDT-O-20260723T200000Z,COINUSDT,O,,,NYSE:2026-07-23T20:00:00+00:00:2026-07-24T06:00:00+00:00,2026-07,DESCRIPTIVE_ONLY,LISTING_AFTER_30_DAYS,READY,60,60,0.0022410594256329526,0.0003196213921412916,0.0032627431667077147,0.18324607329842668,0.003139620783058304,0.54,1,0,0.0,0.016666666666666666,507.23,1416.0,0,0.0,0.00018371616666666666,6.705163048456722e-05,0.0
COINUSDT-R-COINUSDT-nyse_20260213T210000Z-s3,COINUSDT,R,3,COINUSDT-nyse_20260213T210000Z,R:COINUSDT:2026-02:3,2026-02,DESCRIPTIVE_ONLY,LISTING_DAYS_1_14,READY,4740,4740,0.10861787014026272,0.0011928094730236753,0.19671150971599388,0.04465227992285014,0.19007372774680817,0.522744220730798,534,533,0.5863,0.1,2263.331139240506,2346.1012658227846,0.00027604999999999996,2.7604999999999997e-05,0.0002966022848101266,0.0003868867332679373,1.0
COINUSDT-R-COINUSDT-nyse_20260213T210000Z-s10,COINUSDT,R,10,COINUSDT-nyse_20260213T210000Z,R:COINUSDT:2026-02:10,2026-02,DESCRIPTIVE_ONLY,LISTING_DAYS_1_14,READY,4740,4740,0.10861787014026272,0.0011928094730236753,0.19671150971599388,0.04465227992285014,0.19007372774680817,0.522744220730798,534,533,0.5863,0.1,2263.331139240506,2346.1012658227846,0.00027604999999999996,2.7604999999999997e-05,0.0002966022848101266,0.0003868867332679373,1.0
COINUSDT-R-COINUSDT-nyse_20260213T210000Z-s17,COINUSDT,R,17,COINUSDT-nyse_20260213T210000Z,R:COINUSDT:2026-02:17,2026-02,DESCRIPTIVE_ONLY,LISTING_DAYS_1_14,READY,4740,4740,0.10866366807646943,0.0011911445127079914,0.1975264169068202,0.04145115465870179,0.19007372774680817,0.5233947237431558,532,531,0.5841000000000001,0.10147679324894515,2251.2991139240507,2337.506329113924,0.00027604999999999996,3.067222222222222e-05,0.00028236139029535866,0.0003876694683684767,1.0
COINUSDT-R-COINUSDT-nyse_20260213T210000Z-s31,COINUSDT,R,31,COINUSDT-nyse_20260213T210000Z,R:COINUSDT:2026-02:31,2026-02,DESCRIPTIVE_ONLY,LISTING_DAYS_1_14,READY,4740,4740,0.10861787014026272,0.0011928094730236753,0.19671150971599388,0.04465227992285014,0.19007372774680817,0.522744220730798,534,533,0.5863,0.1,2263.331139240506,2346.1012658227846,0.00027604999999999996,2.7604999999999997e-05,0.0002966022848101266,0.0003868867332679373,1.0
COINUSDT-R-COINUSDT-nyse_20260213T210000Z-s59,COINUSDT,R,59,COINUSDT-nyse_20260213T210000Z,R:COINUSDT:2026-02:59,2026-02,DESCRIPTIVE_ONLY,LISTING_DAYS_1_14,READY,4740,4740,0.10866366807646943,0.0011911445127079914,0.1975264169068202,0.04145115465870179,0.19007372774680817,0.5233947237431558,532,531,0.5841000000000001,0.10147679324894515,2251.2991139240507,2337.506329113924,0.00027604999999999996,3.067222222222222e-05,0.00028236139029535866,0.0003876694683684767,1.0
COINUSDT-R-COINUSDT-nyse_20260213T210000Z-s97,COINUSDT,R,97,COINUSDT-nyse_20260213T210000Z,R:COINUSDT:2026-02:97,2026-02,DESCRIPTIVE_ONLY,LISTING_DAYS_1_14,READY,4740,4740,0.10862827653290538,0.0011960573835976683,0.19618366129994025,0.04486818948781679,0.19427549194991048,0.5226990821136195,533,532,0.5852,0.09831223628691983,2271.9298734177214,2351.4303797468356,0.00027604999999999996,2.7604999999999997e-05,0.00030052002320675106,0.0003869602439354124,1.0
COINUSDT-R-COINUSDT-nyse_20260220T210000Z-s3,COINUSDT,R,3,COINUSDT-nyse_20260220T210000Z,R:COINUSDT:2026-02:3,2026-02,DESCRIPTIVE_ONLY,LISTING_DAYS_1_14,READY,3300,3300,0.06550366364343899,0.0010971636197254291,0.07630183220829313,0.005403103457453892,0.0519692661383024,0.5567349926793558,391,390,0.42900000000000005,0.13060606060606061,1305.2476363636363,985.4181818181818,0.0,0.0,0.0004615329121212121,0.00021306141760641772,0.0
COINUSDT-R-COINUSDT-nyse_20260220T210000Z-s10,COINUSDT,R,10,COINUSDT-nyse_20260220T210000Z,R:COINUSDT:2026-02:10,2026-02,DESCRIPTIVE_ONLY,LISTING_DAYS_1_14,READY,3300,3300,0.06552592574347504,0.001099929407650114,0.07638930791045676,0.0059759368941063986,0.0519692661383024,0.5588880760790051,389,388,0.4268,0.1303030303030303,1306.3343636363636,984.4727272727273,0.0,0.0,0.0004524211515151515,0.00021340131354495237,0.0
COINUSDT-R-COINUSDT-nyse_20260220T210000Z-s17,COINUSDT,R,17,COINUSDT-nyse_20260220T210000Z,R:COINUSDT:2026-02:17,2026-02,DESCRIPTIVE_ONLY,LISTING_DAYS_1_14,READY,3300,3300,0.06550366364343899,0.0010971636197254291,0.07630183220829313,0.005403103457453892,0.0519692661383024,0.5567349926793558,391,390,0.42900000000000005,0.13060606060606061,1305.2476363636363,985.4181818181818,0.0,0.0,0.0004615329121212121,0.00021306141760641772,0.0
COINUSDT-R-COINUSDT-nyse_20260220T210000Z-s31,COINUSDT,R,31,COINUSDT-nyse_20260220T210000Z,R:COINUSDT:2026-02:31,2026-02,DESCRIPTIVE_ONLY,LISTING_DAYS_1_14,READY,3300,3300,0.06559322072523893,0.001101349973145414,0.07610002404424138,0.0026238371630754043,0.039765592298032684,0.5572992700729927,393,392,0.4312,0.1293939393939394,1302.8114545454546,985.1090909090909,0.0,0.0,0.00046222598787878786,0.00021391996662381752,0.0
COINUSDT-R-COINUSDT-nyse_20260220T210000Z-s59,COINUSDT,R,59,COINUSDT-nyse_20260220T210000Z,R:COINUSDT:2026-02:59,2026-02,DESCRIPTIVE_ONLY,LISTING_DAYS_1_14,READY,3300,3300,0.06552592574347504,0.001099929407650114,0.07638930791045676,0.0059759368941063986,0.0519692661383024,0.5588880760790051,389,388,0.4268,0.1303030303030303,1306.3343636363636,984.4727272727273,0.0,0.0,0.0004524211515151515,0.00021340131354495237,0.0
COINUSDT-R-COINUSDT-nyse_20260220T210000Z-s97,COINUSDT,R,97,COINUSDT-nyse_20260220T210000Z,R:COINUSDT:2026-02:97,2026-02,DESCRIPTIVE_ONLY,LISTING_DAYS_1_14,READY,3300,3300,0.06552592574347504,0.001099929407650114,0.07638930791045676,0.0059759368941063986,0.0519692661383024,0.5588880760790051,389,388,0.4268,0.1303030303030303,1306.3343636363636,984.4727272727273,0.0,0.0,0.0004524211515151515,0.00021340131354495237,0.0
COINUSDT-R-COINUSDT-nyse_20260227T210000Z-s3,COINUSDT,R,3,COINUSDT-nyse_20260227T210000Z,R:COINUSDT:2026-02:3,2026-02,DESCRIPTIVE_ONLY,LISTING_DAYS_15_30,READY,3300,3300,0.06789331624498139,0.0012990758698033485,0.15474055290988936,0.04570199917654064,0.15291787858159545,0.5141739980449658,401,400,0.44,0.03333333333333333,2727.1438181818185,2179.8727272727274,0.0007623,0.0001089,0.0004827800424242424,0.00020272212136847903,0.0
COINUSDT-R-COINUSDT-nyse_20260227T210000Z-s10,COINUSDT,R,10,COINUSDT-nyse_20260227T210000Z,R:COINUSDT:2026-02:10,2026-02,DESCRIPTIVE_ONLY,LISTING_DAYS_15_30,READY,3300,3300,0.06777835108259753,0.0012910711895634788,0.15161808300395266,0.045028917653539065,0.150568181818182,0.5149131432317273,397,396,0.43560000000000004,0.03909090909090909,2731.2278181818183,2169.927272727273,0.0002788,4.646666666666667e-05,0.0004272993333333333,0.00020113132282302662,0.0
COINUSDT-R-COINUSDT-nyse_20260227T210000Z-s17,COINUSDT,R,17,COINUSDT-nyse_20260227T210000Z,R:COINUSDT:2026-02:17,2026-02,DESCRIPTIVE_ONLY,LISTING_DAYS_15_30,READY,3300,3300,0.06789331624498139,0.0012990758698033485,0.15474055290988936,0.04570199917654064,0.15291787858159545,0.5141739980449658,401,400,0.44,0.03333333333333333,2727.1438181818185,2179.8727272727274,0.0007623,0.0001089,0.0004827800424242424,0.00020272212136847903,0.0
COINUSDT-R-COINUSDT-nyse_20260227T210000Z-s31,COINUSDT,R,31,COINUSDT-nyse_20260227T210000Z,R:COINUSDT:2026-02:31,2026-02,DESCRIPTIVE_ONLY,LISTING_DAYS_15_30,READY,3300,3300,0.06785480083764055,0.0012946974136698417,0.15483631412834958,0.04564410430319425,0.15291787858159545,0.5150523560209425,393,392,0.4312,0.03666666666666667,2731.094181818182,2174.890909090909,0.0007623,0.0001089,0.0004648308666666667,0.00020357572702875515,0.0
COINUSDT-R-COINUSDT-nyse_20260227T210000Z-s59,COINUSDT,R,59,COINUSDT-nyse_20260227T210000Z,R:COINUSDT:2026-02:59,2026-02,DESCRIPTIVE_ONLY,LISTING_DAYS_15_30,READY,3300,3300,0.06777835108259753,0.0012910711895634788,0.15161808300395266,0.045028917653539065,0.150568181818182,0.5149131432317273,397,396,0.43560000000000004,0.03909090909090909,2731.2278181818183,2169.927272727273,0.0002788,4.646666666666667e-05,0.0004272993333333333,0.00020113132282302662,0.0
COINUSDT-R-COINUSDT-nyse_20260227T210000Z-s97,COINUSDT,R,97,COINUSDT-nyse_20260227T210000Z,R:COINUSDT:2026-02:97,2026-02,DESCRIPTIVE_ONLY,LISTING_DAYS_15_30,READY,3300,3300,0.06748791747540073,0.0012810283695487818,0.20654613466334162,0.05327987634045035,0.14895723745281264,0.5305039787798409,393,392,0.4312,0.04909090909090909,2298.0823636363634,1803.6181818181817,0.0004835,6.907142857142857e-05,0.0005543663363636363,0.0002223208485155372,0.0
COINUSDT-R-COINUSDT-nyse_20260306T210000Z-s3,COINUSDT,R,3,COINUSDT-nyse_20260306T210000Z,R:COINUSDT:2026-03:3,2026-03,RESEARCH_DEVELOPMENT,LISTING_DAYS_15_30,READY,3240,3240,0.06370177422494586,0.0011721472353972647,0.07725962016505927,0.013081173156297057,0.04211362733412802,0.5076572173346366,389,388,0.4268,0.011111111111111112,2299.0099999999998,3532.259259259259,0.0015443499999999999,0.00025739166666666663,0.000975384712962963,0.00015419706297341353,0.0
COINUSDT-R-COINUSDT-nyse_20260306T210000Z-s10,COINUSDT,R,10,COINUSDT-nyse_20260306T210000Z,R:COINUSDT:2026-03:10,2026-03,RESEARCH_DEVELOPMENT,LISTING_DAYS_15_30,READY,3240,3240,0.07953021231709011,0.0014330521919822356,0.18983328778354738,0.04085366958349191,0.16546018614270946,0.48073217726396916,466,465,0.5115000000000001,0.0049382716049382715,4994.782222222222,4897.5,0.00111041,0.00015863000000000002,0.0008171867746913581,0.0002489285344477772,0.0
COINUSDT-R-COINUSDT-nyse_20260306T210000Z-s17,COINUSDT,R,17,COINUSDT-nyse_20260306T210000Z,R:COINUSDT:2026-03:17,2026-03,RESEARCH_DEVELOPMENT,LISTING_DAYS_15_30,READY,3240,3240,0.05832872013007357,0.0010688135868838701,0.05519923236200181,0.007392948639746251,0.039499276844047616,0.516043665233212,313,312,0.3432,0.016666666666666666,2093.658148148148,3343.537037037037,0.0008188599999999999,0.00013647666666666665,0.0009099777592592593,0.00015518760929953185,0.0
COINUSDT-R-COINUSDT-nyse_20260306T210000Z-s31,COINUSDT,R,31,COINUSDT-nyse_20260306T210000Z,R:COINUSDT:2026-03:31,2026-03,RESEARCH_DEVELOPMENT,LISTING_DAYS_15_30,READY,3240,3240,0.06398403070553024,0.0011810657869803487,0.07847295864263001,0.0071118820468343506,0.051275574640060655,0.5047185161080378,387,386,0.42460000000000003,0.010493827160493827,2316.602037037037,3568.0925925925926,0.00179416,0.0002563085714285714,0.0009864896790123456,0.00015423662682872017,0.0
COINUSDT-R-COINUSDT-nyse_20260306T210000Z-s59,COINUSDT,R,59,COINUSDT-nyse_20260306T210000Z,R:COINUSDT:2026-03:59,2026-03,RESEARCH_DEVELOPMENT,LISTING_DAYS_15_30,READY,3240,3240,0.08012944092434328,0.0014969811649047802,0.2149058944075931,0.04395460579206161,0.14045004306632217,0.5032362459546925,464,463,0.5093000000000001,0.015432098765432098,4590.992407407407,3678.9074074074074,0.0007599600000000001,0.00010856571428571429,0.0007241735277777778,0.00021429851460048896,0.0
COINUSDT-R-COINUSDT-nyse_20260306T210000Z-s97,COINUSDT,R,97,COINUSDT-nyse_20260306T210000Z,R:COINUSDT:2026-03:97,2026-03,RESEARCH_DEVELOPMENT,LISTING_DAYS_15_30,READY,3240,3240,0.05832872013007357,0.0010688135868838701,0.05519923236200181,0.007392948639746251,0.039499276844047616,0.516043665233212,313,312,0.3432,0.016666666666666666,2093.658148148148,3343.537037037037,0.0008188599999999999,0.00013647666666666665,0.0009099777592592593,0.00015518760929953185,0.0
COINUSDT-R-COINUSDT-nyse_20260313T200000Z-s3,COINUSDT,R,3,COINUSDT-nyse_20260313T200000Z,R:COINUSDT:2026-03:3,2026-03,RESEARCH_DEVELOPMENT,LISTING_AFTER_30_DAYS,READY,3300,3300,0.06351632189051695,0.001097783232774339,0.11307992759836148,0.014757675936129254,0.07970219061709535,0.5121173469387755,368,367,0.4037,0.01606060606060606,4343.672,5491.963636363636,0.0,0.0,0.0004584240606060606,0.00016301107548537857,0.0
COINUSDT-R-COINUSDT-nyse_20260313T200000Z-s10,COINUSDT,R,10,COINUSDT-nyse_20260313T200000Z,R:COINUSDT:2026-03:10,2026-03,RESEARCH_DEVELOPMENT,LISTING_AFTER_30_DAYS,READY,3300,3300,0.06577352235311743,0.0011646246643481984,0.12599800399201597,0.0518015343324703,0.10257057724357357,0.502753482345319,341,340,0.374,0.023636363636363636,6210.651090909091,5692.2,0.0,0.0,0.0006163294909090908,0.00016214160400942405,0.0
COINUSDT-R-COINUSDT-nyse_20260313T200000Z-s17,COINUSDT,R,17,COINUSDT-nyse_20260313T200000Z,R:COINUSDT:2026-03:17,2026-03,RESEARCH_DEVELOPMENT,LISTING_AFTER_30_DAYS,READY,3300,3300,0.06564380899761067,0.0011623898609491462,0.12602944846518593,0.04796625920365992,0.10257057724357357,0.5019430051813472,343,342,0.37620000000000003,0.02303030303030303,6189.837454545454,5690.945454545455,0.0,0.0,0.000623345203030303,0.000161564719971137,0.0
COINUSDT-R-COINUSDT-nyse_20260313T200000Z-s31,COINUSDT,R,31,COINUSDT-nyse_20260313T200000Z,R:COINUSDT:2026-03:31,2026-03,RESEARCH_DEVELOPMENT,LISTING_AFTER_30_DAYS,READY,3300,3300,0.05745019560335116,0.0010385067556909948,0.10175879396984921,0.024375414547866465,0.045739313633087544,0.5070238484155505,307,306,0.3366,0.022727272727272728,5168.586363636364,4726.254545454545,0.0,0.0,0.0005687275272727273,0.00014813003026951016,0.0
COINUSDT-R-COINUSDT-nyse_20260313T200000Z-s59,COINUSDT,R,59,COINUSDT-nyse_20260313T200000Z,R:COINUSDT:2026-03:59,2026-03,RESEARCH_DEVELOPMENT,LISTING_AFTER_30_DAYS,READY,3300,3300,0.05745019560335116,0.0010385067556909948,0.10175879396984921,0.024375414547866465,0.045739313633087544,0.5070238484155505,307,306,0.3366,0.022727272727272728,5168.586363636364,4726.254545454545,0.0,0.0,0.0005687275272727273,0.00014813003026951016,0.0
COINUSDT-R-COINUSDT-nyse_20260313T200000Z-s97,COINUSDT,R,97,COINUSDT-nyse_20260313T200000Z,R:COINUSDT:2026-03:97,2026-03,RESEARCH_DEVELOPMENT,LISTING_AFTER_30_DAYS,READY,3300,3300,0.06577352235311743,0.0011646246643481984,0.12599800399201597,0.0518015343324703,0.10257057724357357,0.502753482345319,341,340,0.374,0.023636363636363636,6210.651090909091,5692.2,0.0,0.0,0.0006163294909090908,0.00016214160400942405,0.0
COINUSDT-R-COINUSDT-nyse_20260320T200000Z-s3,COINUSDT,R,3,COINUSDT-nyse_20260320T200000Z,R:COINUSDT:2026-03:3,2026-03,RESEARCH_DEVELOPMENT,LISTING_AFTER_30_DAYS,READY,3300,3300,0.05747834181927292,0.001038955830150177,0.10151482127288576,0.025745743535969513,0.045739313633087544,0.5091443500979752,308,307,0.3377,0.022727272727272728,5167.119636363636,4719.727272727273,0.0,0.0,0.0005571022121212122,0.00014873002445656085,0.0
COINUSDT-R-COINUSDT-nyse_20260320T200000Z-s10,COINUSDT,R,10,COINUSDT-nyse_20260320T200000Z,R:COINUSDT:2026-03:10,2026-03,RESEARCH_DEVELOPMENT,LISTING_AFTER_30_DAYS,READY,3300,3300,0.061549360285129355,0.0012027943770637705,0.11986812639960197,0.015971606033717837,0.10543860732143949,0.5001604106512673,355,354,0.3894,0.007272727272727273,6620.380363636364,6942.781818181818,0.00048428,6.918285714285714e-05,0.0006454035121212122,0.00014417710867275222,0.0
COINUSDT-R-COINUSDT-nyse_20260320T200000Z-s17,COINUSDT,R,17,COINUSDT-nyse_20260320T200000Z,R:COINUSDT:2026-03:17,2026-03,RESEARCH_DEVELOPMENT,LISTING_AFTER_30_DAYS,READY,3300,3300,0.061549360285129355,0.0012027943770637705,0.11986812639960197,0.015971606033717837,0.10543860732143949,0.5001604106512673,355,354,0.3894,0.007272727272727273,6620.380363636364,6942.781818181818,0.00048428,6.918285714285714e-05,0.0006454035121212122,0.00014417710867275222,0.0
COINUSDT-R-COINUSDT-nyse_20260320T200000Z-s31,COINUSDT,R,31,COINUSDT-nyse_20260320T200000Z,R:COINUSDT:2026-03:31,2026-03,RESEARCH_DEVELOPMENT,LISTING_AFTER_30_DAYS,READY,3300,3300,0.06292004638208458,0.0010903935495447923,0.07171197648787664,0.0037068348832672376,0.05258536585365854,0.5,360,359,0.39490000000000003,0.019696969696969695,3383.7203636363633,4690.054545454545,0.0,0.0,0.00047049713030303025,0.0001540065030605038,0.0
COINUSDT-R-COINUSDT-nyse_20260320T200000Z-s59,COINUSDT,R,59,COINUSDT-nyse_20260320T200000Z,R:COINUSDT:2026-03:59,2026-03,RESEARCH_DEVELOPMENT,LISTING_AFTER_30_DAYS,READY,3300,3300,0.06278595733104977,0.0010920779983531448,0.07170143990596539,0.005821880748836704,0.05258536585365854,0.4979226589964845,360,359,0.39490000000000003,0.019090909090909092,3400.243636363636,4699.836363636364,0.0,0.0,0.00044662490909090906,0.0001536750458906906,0.0
COINUSDT-R-COINUSDT-nyse_20260320T200000Z-s97,COINUSDT,R,97,COINUSDT-nyse_20260320T200000Z,R:COINUSDT:2026-03:97,2026-03,RESEARCH_DEVELOPMENT,LISTING_AFTER_30_DAYS,READY,3300,3300,0.061549360285129355,0.0012027943770637705,0.11986812639960197,0.015971606033717837,0.10543860732143949,0.5001604106512673,355,354,0.3894,0.007272727272727273,6620.380363636364,6942.781818181818,0.00048428,6.918285714285714e-05,0.0006454035121212122,0.00014417710867275222,0.0
COINUSDT-R-COINUSDT-nyse_20260327T200000Z-s3,COINUSDT,R,3,COINUSDT-nyse_20260327T200000Z,R:COINUSDT:2026-03:3,2026-03,RESEARCH_DEVELOPMENT,LISTING_AFTER_30_DAYS,READY,3300,3300,0.061688522424449964,0.0012088462331084817,0.1199726061511643,0.01726283048211507,0.10543860732143949,0.49983979493752,361,360,0.396,0.006666666666666667,6638.349636363636,6957.054545454545,0.00048428,6.918285714285714e-05,0.0006107822212121211,0.0001432522211460663,0.0
COINUSDT-R-COINUSDT-nyse_20260327T200000Z-s10,COINUSDT,R,10,COINUSDT-nyse_20260327T200000Z,R:COINUSDT:2026-03:10,2026-03,RESEARCH_DEVELOPMENT,LISTING_AFTER_30_DAYS,READY,3300,3300,0.06348237887196605,0.0010955588873504671,0.11307454155751374,0.013403200311803035,0.07970219061709535,0.5118135376756067,368,367,0.4037,0.01696969696969697,4341.91,5493.254545454545,0.0,0.0,0.0004656717090909091,0.0001635311084541097,0.0
COINUSDT-R-COINUSDT-nyse_20260327T200000Z-s17,COINUSDT,R,17,COINUSDT-nyse_20260327T200000Z,R:COINUSDT:2026-03:17,2026-03,RESEARCH_DEVELOPMENT,LISTING_AFTER_30_DAYS,READY,3300,3300,0.06351632189051695,0.001097783232774339,0.11307992759836148,0.014757675936129254,0.07970219061709535,0.5121173469387755,368,367,0.4037,0.01606060606060606,4343.672,5491.963636363636,0.0,0.0,0.0004584240606060606,0.00016301107548537857,0.0
COINUSDT-R-COINUSDT-nyse_20260327T200000Z-s31,COINUSDT,R,31,COINUSDT-nyse_20260327T200000Z,R:COINUSDT:2026-03:31,2026-03,RESEARCH_DEVELOPMENT,LISTING_AFTER_30_DAYS,READY,3300,3300,0.061688522424449964,0.0012088462331084817,0.1199726061511643,0.01726283048211507,0.10543860732143949,0.49983979493752,361,360,0.396,0.006666666666666667,6638.349636363636,6957.054545454545,0.00048428,6.918285714285714e-05,0.0006107822212121211,0.0001432522211460663,0.0
COINUSDT-R-COINUSDT-nyse_20260327T200000Z-s59,COINUSDT,R,59,COINUSDT-nyse_20260327T200000Z,R:COINUSDT:2026-03:59,2026-03,RESEARCH_DEVELOPMENT,LISTING_AFTER_30_DAYS,READY,3300,3300,0.061688522424449964,0.0012088462331084817,0.1199726061511643,0.01726283048211507,0.10543860732143949,0.49983979493752,361,360,0.396,0.006666666666666667,6638.349636363636,6957.054545454545,0.00048428,6.918285714285714e-05,0.0006107822212121211,0.0001432522211460663,0.0
COINUSDT-R-COINUSDT-nyse_20260327T200000Z-s97,COINUSDT,R,97,COINUSDT-nyse_20260327T200000Z,R:COINUSDT:2026-03:97,2026-03,RESEARCH_DEVELOPMENT,LISTING_AFTER_30_DAYS,READY,3300,3300,0.06338608370053742,0.0010927307962622715,0.11278981375902704,0.012773365248612722,0.08576711549402606,0.5105363984674329,368,367,0.4037,0.01696969696969697,4347.646545454545,5498.581818181819,0.0,0.0,0.0004649422181818182,0.0001624823330561304,0.0
COINUSDT-R-COINUSDT-nyse_20260402T200000Z-s3,COINUSDT,R,3,COINUSDT-nyse_20260402T200000Z,R:COINUSDT:2026-04:3,2026-04,RESEARCH_DEVELOPMENT,LISTING_AFTER_30_DAYS,READY,4740,4740,0.06573933764627396,0.0009954191663286063,0.1330280480824269,0.009564602653137577,0.07813217072051402,0.5060538116591928,406,405,0.4455,0.008860759493670886,5366.207594936709,5302.455696202532,0.0007458199999999999,7.458199999999998e-05,0.00063263938185654,0.00014199940363781273,0.0
COINUSDT-R-COINUSDT-nyse_20260402T200000Z-s10,COINUSDT,R,10,COINUSDT-nyse_20260402T200000Z,R:COINUSDT:2026-04:10,2026-04,RESEARCH_DEVELOPMENT,LISTING_AFTER_30_DAYS,READY,4740,4740,0.06572635328067788,0.0009952430388655612,0.13385554659601417,0.006695221857196308,0.07813217072051402,0.5057264765326746,405,404,0.4444,0.009071729957805906,5372.1454430379745,5302.037974683544,0.0007458199999999999,7.458199999999998e-05,0.0006287304852320675,0.00014179351872704114,0.0
COINUSDT-R-COINUSDT-nyse_20260402T200000Z-s17,COINUSDT,R,17,COINUSDT-nyse_20260402T200000Z,R:COINUSDT:2026-04:17,2026-04,RESEARCH_DEVELOPMENT,LISTING_AFTER_30_DAYS,READY,4740,4740,0.06572635328067788,0.0009952430388655612,0.13385554659601417,0.006695221857196308,0.07813217072051402,0.5057264765326746,405,404,0.4444,0.009071729957805906,5372.1454430379745,5302.037974683544,0.0007458199999999999,7.458199999999998e-05,0.0006287304852320675,0.00014179351872704114,0.0
COINUSDT-R-COINUSDT-nyse_20260402T200000Z-s31,COINUSDT,R,31,COINUSDT-nyse_20260402T200000Z,R:COINUSDT:2026-04:31,2026-04,RESEARCH_DEVELOPMENT,LISTING_AFTER_30_DAYS,READY,4740,4740,0.06291240974961469,0.0009112157156808618,0.1469495111212762,0.04364494844528746,0.14406440929595168,0.5178852643419573,367,366,0.4026,0.013713080168776372,4313.5837974683545,3595.3417721518986,0.00066568,6.6568e-05,0.000544689970464135,0.00013008408514240372,0.0
COINUSDT-R-COINUSDT-nyse_20260402T200000Z-s59,COINUSDT,R,59,COINUSDT-nyse_20260402T200000Z,R:COINUSDT:2026-04:59,2026-04,RESEARCH_DEVELOPMENT,LISTING_AFTER_30_DAYS,READY,4740,4740,0.07262441568612621,0.0009568057927969206,0.10269967969901884,0.012123673066883221,0.09668578389077812,0.5304781327894856,409,408,0.44880000000000003,0.01350210970464135,2467.375316455696,2936.240506329114,0.00060968,6.0968e-05,0.0004795208565400844,0.00013786578618124257,0.0
COINUSDT-R-COINUSDT-nyse_20260402T200000Z-s97,COINUSDT,R,97,COINUSDT-nyse_20260402T200000Z,R:COINUSDT:2026-04:97,2026-04,RESEARCH_DEVELOPMENT,LISTING_AFTER_30_DAYS,READY,4740,4740,0.06982160488323748,0.0010712166109178346,0.09937888198757755,0.01874668899636006,0.07214428857715433,0.49312333629103816,418,417,0.45870000000000005,0.004430379746835443,3944.8153164556957,3987.278481012658,0.00103698,0.00010369800000000001,0.0005807352236286919,0.00028852940463009266,0.0
COINUSDT-R-COINUSDT-nyse_20260410T200000Z-s3,COINUSDT,R,3,COINUSDT-nyse_20260410T200000Z,R:COINUSDT:2026-04:3,2026-04,RESEARCH_DEVELOPMENT,LISTING_AFTER_30_DAYS,READY,3300,3300,0.0541520926553768,0.0009221622014075892,0.10060035696900857,0.032317225664823444,0.08144869649700438,0.5191873589164786,249,248,0.27280000000000004,0.013333333333333334,3991.706727272727,3681.6545454545453,0.00060438,8.633999999999999e-05,0.000606387193939394,0.00013539154759830929,0.0
COINUSDT-R-COINUSDT-nyse_20260410T200000Z-s10,COINUSDT,R,10,COINUSDT-nyse_20260410T200000Z,R:COINUSDT:2026-04:10,2026-04,RESEARCH_DEVELOPMENT,LISTING_AFTER_30_DAYS,READY,3300,3300,0.0611587813581554,0.0009566413590451266,0.08699734000938825,0.003102913290811876,0.07691509776463883,0.5367121507472384,265,264,0.2904,0.00909090909090909,2426.002727272727,3027.9454545454546,0.00060968,8.709714285714286e-05,0.00042592347575757573,0.00013483496686790333,0.0
COINUSDT-R-COINUSDT-nyse_20260410T200000Z-s17,COINUSDT,R,17,COINUSDT-nyse_20260410T200000Z,R:COINUSDT:2026-04:17,2026-04,RESEARCH_DEVELOPMENT,LISTING_AFTER_30_DAYS,READY,3300,3300,0.06378311635833343,0.000991060797023312,0.10269967969901884,0.043485254691688874,0.09668578389077812,0.5289902280130293,297,296,0.3256,0.014242424242424242,2717.1214545454545,2913.2909090909093,0.00060968,8.709714285714286e-05,0.0005054215090909091,0.00014576585673435619,0.0
COINUSDT-R-COINUSDT-nyse_20260410T200000Z-s31,COINUSDT,R,31,COINUSDT-nyse_20260410T200000Z,R:COINUSDT:2026-04:31,2026-04,RESEARCH_DEVELOPMENT,LISTING_AFTER_30_DAYS,READY,3300,3300,0.053418898789702185,0.0009579255083204285,0.12293093222623595,0.046718541711876345,0.09923787903356568,0.5099058135758363,269,268,0.2948,0.011515151515151515,5452.045454545455,4896.454545454545,0.00030386,4.340857142857143e-05,0.0005121519848484849,0.00013885857458360927,0.0
COINUSDT-R-COINUSDT-nyse_20260410T200000Z-s59,COINUSDT,R,59,COINUSDT-nyse_20260410T200000Z,R:COINUSDT:2026-04:59,2026-04,RESEARCH_DEVELOPMENT,LISTING_AFTER_30_DAYS,READY,3300,3300,0.05397105099527725,0.0010184620349619018,0.1330280480824269,0.0010212120327954767,0.07813217072051402,0.5105701473414478,295,294,0.3234,0.00909090909090909,5191.789818181818,5509.763636363637,0.0007458199999999999,0.00010654571428571427,0.000662123,0.00014303965821637127,0.0
COINUSDT-R-COINUSDT-nyse_20260410T200000Z-s97,COINUSDT,R,97,COINUSDT-nyse_20260410T200000Z,R:COINUSDT:2026-04:97,2026-04,RESEARCH_DEVELOPMENT,LISTING_AFTER_30_DAYS,READY,3300,3300,0.0613500228295097,0.0009586879798612339,0.08700641594074386,0.0036872945548092513,0.07026066969649489,0.5353896103896104,269,268,0.2948,0.008787878787878787,2435.6647272727273,3035.890909090909,0.00060968,8.709714285714286e-05,0.0004674810515151515,0.0001352231117051574,0.0
COINUSDT-R-COINUSDT-nyse_20260417T200000Z-s3,COINUSDT,R,3,COINUSDT-nyse_20260417T200000Z,R:COINUSDT:2026-04:3,2026-04,RESEARCH_DEVELOPMENT,LISTING_AFTER_30_DAYS,READY,3300,3300,0.054522179396189856,0.0010369903470093054,0.08912077487642915,0.0011833127722248777,0.056632041550139844,0.5154213036565978,283,282,0.31020000000000003,0.004242424242424243,3393.4536363636366,3616.4363636363637,0.00096513,0.0001378757142857143,0.0005443883090909092,0.00034952400285281606,0.0
COINUSDT-R-COINUSDT-nyse_20260417T200000Z-s10,COINUSDT,R,10,COINUSDT-nyse_20260417T200000Z,R:COINUSDT:2026-04:10,2026-04,RESEARCH_DEVELOPMENT,LISTING_AFTER_30_DAYS,READY,3300,3300,0.050377372737308176,0.0008641258236734479,0.12644328729907178,0.06605993065874195,0.12246631185596192,0.5141004862236629,243,242,0.2662,0.01606060606060606,4264.306727272728,3450.309090909091,6.13e-05,8.757142857142858e-06,0.00042690533636363637,0.00012010023235956611,0.0
COINUSDT-R-COINUSDT-nyse_20260417T200000Z-s17,COINUSDT,R,17,COINUSDT-nyse_20260417T200000Z,R:COINUSDT:2026-04:17,2026-04,RESEARCH_DEVELOPMENT,LISTING_AFTER_30_DAYS,READY,3300,3300,0.05457783627586115,0.0010389174196042026,0.08995162265672241,0.0030681018006236795,0.06621648861116718,0.5089115213239974,285,284,0.3124,0.004545454545454545,3373.9669090909088,3618.309090909091,0.00096513,0.0001378757142857143,0.0005678084575757576,0.0003322797246826381,0.0
COINUSDT-R-COINUSDT-nyse_20260417T200000Z-s31,COINUSDT,R,31,COINUSDT-nyse_20260417T200000Z,R:COINUSDT:2026-04:31,2026-04,RESEARCH_DEVELOPMENT,LISTING_AFTER_30_DAYS,READY,3300,3300,0.059093818886861764,0.0010667476760443592,0.09624958513109849,0.01900190998579754,0.06782741796613416,0.4875319693094629,292,291,0.3201,0.004242424242424243,4374.1210909090905,4320.418181818181,0.00032576999999999997,4.6538571428571427e-05,0.00047106348787878785,0.00014494281341097858,0.0
COINUSDT-R-COINUSDT-nyse_20260417T200000Z-s59,COINUSDT,R,59,COINUSDT-nyse_20260417T200000Z,R:COINUSDT:2026-04:59,2026-04,RESEARCH_DEVELOPMENT,LISTING_AFTER_30_DAYS,READY,3300,3300,0.059037613948000625,0.0010669414071774253,0.09660686241850275,0.01455321864186324,0.06782741796613416,0.4904153354632588,286,285,0.3135,0.004242424242424243,4376.596727272728,4317.054545454545,0.00032576999999999997,4.6538571428571427e-05,0.00045470859090909093,0.00014533345516846936,0.0
COINUSDT-R-COINUSDT-nyse_20260417T200000Z-s97,COINUSDT,R,97,COINUSDT-nyse_20260417T200000Z,R:COINUSDT:2026-04:97,2026-04,RESEARCH_DEVELOPMENT,LISTING_AFTER_30_DAYS,READY,3300,3300,0.050377372737308176,0.0008641258236734479,0.12644328729907178,0.06605993065874195,0.12246631185596192,0.5141004862236629,243,242,0.2662,0.01606060606060606,4264.306727272728,3450.309090909091,6.13e-05,8.757142857142858e-06,0.00042690533636363637,0.00012010023235956611,0.0
COINUSDT-R-COINUSDT-nyse_20260424T200000Z-s3,COINUSDT,R,3,COINUSDT-nyse_20260424T200000Z,R:COINUSDT:2026-04:3,2026-04,RESEARCH_DEVELOPMENT,LISTING_AFTER_30_DAYS,READY,3300,3300,0.0611587813581554,0.0009566413590451266,0.08699734000938825,0.003102913290811876,0.07691509776463883,0.5367121507472384,265,264,0.2904,0.00909090909090909,2426.002727272727,3027.9454545454546,0.00060968,8.709714285714286e-05,0.00042592347575757573,0.00013483496686790333,0.0
COINUSDT-R-COINUSDT-nyse_20260424T200000Z-s10,COINUSDT,R,10,COINUSDT-nyse_20260424T200000Z,R:COINUSDT:2026-04:10,2026-04,RESEARCH_DEVELOPMENT,LISTING_AFTER_30_DAYS,READY,3300,3300,0.05457783627586115,0.0010389174196042026,0.08995162265672241,0.0030681018006236795,0.06621648861116718,0.5089115213239974,285,284,0.3124,0.004545454545454545,3373.9669090909088,3618.309090909091,0.00096513,0.0001378757142857143,0.0005678084575757576,0.0003322797246826381,0.0
COINUSDT-R-COINUSDT-nyse_20260424T200000Z-s17,COINUSDT,R,17,COINUSDT-nyse_20260424T200000Z,R:COINUSDT:2026-04:17,2026-04,RESEARCH_DEVELOPMENT,LISTING_AFTER_30_DAYS,READY,3300,3300,0.054140318640218975,0.0009227461112336522,0.10022631749110891,0.032035978013436175,0.08144869649700438,0.5165861513687601,251,250,0.275,0.012121212121212121,3995.840909090909,3682.927272727273,0.00060438,8.633999999999999e-05,0.0005883925181818182,0.00013483050728840164,0.0
COINUSDT-R-COINUSDT-nyse_20260424T200000Z-s31,COINUSDT,R,31,COINUSDT-nyse_20260424T200000Z,R:COINUSDT:2026-04:31,2026-04,RESEARCH_DEVELOPMENT,LISTING_AFTER_30_DAYS,READY,3300,3300,0.06378311635833343,0.000991060797023312,0.10269967969901884,0.043485254691688874,0.09668578389077812,0.5289902280130293,297,296,0.3256,0.014242424242424242,2717.1214545454545,2913.2909090909093,0.00060968,8.709714285714286e-05,0.0005054215090909091,0.00014576585673435619,0.0
COINUSDT-R-COINUSDT-nyse_20260424T200000Z-s59,COINUSDT,R,59,COINUSDT-nyse_20260424T200000Z,R:COINUSDT:2026-04:59,2026-04,RESEARCH_DEVELOPMENT,LISTING_AFTER_30_DAYS,READY,3300,3300,0.054140318640218975,0.0009227461112336522,0.10022631749110891,0.032035978013436175,0.08144869649700438,0.5165861513687601,251,250,0.275,0.012121212121212121,3995.840909090909,3682.927272727273,0.00060438,8.633999999999999e-05,0.0005883925181818182,0.00013483050728840164,0.0
COINUSDT-R-COINUSDT-nyse_20260424T200000Z-s97,COINUSDT,R,97,COINUSDT-nyse_20260424T200000Z,R:COINUSDT:2026-04:97,2026-04,RESEARCH_DEVELOPMENT,LISTING_AFTER_30_DAYS,READY,3300,3300,0.052725941832007704,0.0009387746805647031,0.12398042414355619,0.04764013665696559,0.09360382900032638,0.5097402597402597,262,261,0.2871,0.011818181818181818,5396.751454545455,4828.436363636363,0.00030386,4.340857142857143e-05,0.0004969117939393939,0.00013553418567158537,0.0
COINUSDT-R-COINUSDT-nyse_20260501T200000Z-s3,COINUSDT,R,3,COINUSDT-nyse_20260501T200000Z,R:COINUSDT:2026-05:3,2026-05,RESEARCH_DEVELOPMENT,LISTING_AFTER_30_DAYS,READY,3300,3300,0.07134178939605999,0.0012322072888726336,0.12144597887896012,0.026706789542975333,0.08465045592705171,0.5017488076311606,332,331,0.36410000000000003,0.0021212121212121214,5035.016363636364,7556.072727272727,0.0005105800000000001,7.294e-05,0.0006380775606060606,0.00016595427838846647,0.0
COINUSDT-R-COINUSDT-nyse_20260501T200000Z-s10,COINUSDT,R,10,COINUSDT-nyse_20260501T200000Z,R:COINUSDT:2026-05:10,2026-05,RESEARCH_DEVELOPMENT,LISTING_AFTER_30_DAYS,READY,3300,3300,0.06067581378210995,0.0010462452296209665,0.05790305584826137,0.007996621889102962,0.029405598071076556,0.523671497584541,315,314,0.34540000000000004,0.008484848484848486,3147.2996363636366,4646.545454545455,0.00089335,0.00012762142857142858,0.0007745999636363637,0.000159689706159569,0.0
COINUSDT-R-COINUSDT-nyse_20260501T200000Z-s17,COINUSDT,R,17,COINUSDT-nyse_20260501T200000Z,R:COINUSDT:2026-05:17,2026-05,RESEARCH_DEVELOPMENT,LISTING_AFTER_30_DAYS,READY,3300,3300,0.06783966047467092,0.001225311978983099,0.13063473053892222,0.005299942988661052,0.06577811870745037,0.4949206349206349,333,332,0.3652,0.0021212121212121214,5876.518,6696.454545454545,0.00038581,5.5115714285714286e-05,0.0007121642592592592,0.00017772864274286673,0.0
COINUSDT-R-COINUSDT-nyse_20260501T200000Z-s31,COINUSDT,R,31,COINUSDT-nyse_20260501T200000Z,R:COINUSDT:2026-05:31,2026-05,RESEARCH_DEVELOPMENT,LISTING_AFTER_30_DAYS,READY,3300,3300,0.06327457003010052,0.001129953879717676,0.09620382402079088,0.02945036726611245,0.09296033019949557,0.5,283,282,0.31020000000000003,0.0015151515151515152,4796.836181818182,5710.927272727273,0.00113592,0.0001622742857142857,0.0005922584731182796,0.0001517400763142096,0.0
COINUSDT-R-COINUSDT-nyse_20260501T200000Z-s59,COINUSDT,R,59,COINUSDT-nyse_20260501T200000Z,R:COINUSDT:2026-05:59,2026-05,RESEARCH_DEVELOPMENT,LISTING_AFTER_30_DAYS,READY,3300,3300,0.06789660038448488,0.0012327571093226708,0.1310616619406931,0.0005893744211501238,0.07148021400684443,0.49635036496350365,334,333,0.3663,0.0021212121212121214,5879.991454545455,6718.690909090909,0.00038581,5.5115714285714286e-05,0.0007020867151515151,0.00017899146698074694,0.0
COINUSDT-R-COINUSDT-nyse_20260501T200000Z-s97,COINUSDT,R,97,COINUSDT-nyse_20260501T200000Z,R:COINUSDT:2026-05:97,2026-05,RESEARCH_DEVELOPMENT,LISTING_AFTER_30_DAYS,READY,3300,3300,0.06205992748640545,0.0011057761094256427,0.1011594772526285,0.015151515151515162,0.045936221597910165,0.518056887184404,299,298,0.32780000000000004,0.0033333333333333335,3446.048363636364,5960.054545454545,0.00033556,4.7937142857142855e-05,0.0006168119351851851,0.00014796204737341107,0.0
COINUSDT-R-COINUSDT-nyse_20260508T200000Z-s3,COINUSDT,R,3,COINUSDT-nyse_20260508T200000Z,R:COINUSDT:2026-05:3,2026-05,RESEARCH_DEVELOPMENT,LISTING_AFTER_30_DAYS,READY,3300,3300,0.0569505622764094,0.0009802757101360713,0.04655996674288094,0.004799107142857134,0.023106080274157625,0.5338709677419354,310,309,0.33990000000000004,0.007272727272727273,2946.4914545454544,5355.2,0.0,0.0,0.0007165283303030303,0.00015499364958442574,0.0
COINUSDT-R-COINUSDT-nyse_20260508T200000Z-s10,COINUSDT,R,10,COINUSDT-nyse_20260508T200000Z,R:COINUSDT:2026-05:10,2026-05,RESEARCH_DEVELOPMENT,LISTING_AFTER_30_DAYS,READY,3300,3300,0.07137000142539857,0.0012347279805822815,0.1217922606924643,0.025062715401026833,0.08465045592705171,0.5030206677265501,332,331,0.36410000000000003,0.0021212121212121214,5038.727272727273,7577.054545454545,0.0005105800000000001,7.294e-05,0.0006514091818181818,0.0001667342662002867,0.0
COINUSDT-R-COINUSDT-nyse_20260508T200000Z-s17,COINUSDT,R,17,COINUSDT-nyse_20260508T200000Z,R:COINUSDT:2026-05:17,2026-05,RESEARCH_DEVELOPMENT,LISTING_AFTER_30_DAYS,READY,3300,3300,0.06067581378210995,0.0010462452296209665,0.05790305584826137,0.007996621889102962,0.029405598071076556,0.523671497584541,315,314,0.34540000000000004,0.008484848484848486,3147.2996363636366,4646.545454545455,0.00089335,0.00012762142857142858,0.0007745999636363637,0.000159689706159569,0.0
COINUSDT-R-COINUSDT-nyse_20260508T200000Z-s31,COINUSDT,R,31,COINUSDT-nyse_20260508T200000Z,R:COINUSDT:2026-05:31,2026-05,RESEARCH_DEVELOPMENT,LISTING_AFTER_30_DAYS,READY,3300,3300,0.04888165221732202,0.0008932617634816256,0.08402104680144012,0.012276231759372518,0.06140885662029603,0.5120678408349641,278,277,0.3047,0.0036363636363636364,3217.3792727272726,6574.981818181818,0.0009859,0.00014084285714285714,0.0005938221484848485,0.0001307831168063915,0.0
COINUSDT-R-COINUSDT-nyse_20260508T200000Z-s59,COINUSDT,R,59,COINUSDT-nyse_20260508T200000Z,R:COINUSDT:2026-05:59,2026-05,RESEARCH_DEVELOPMENT,LISTING_AFTER_30_DAYS,READY,3300,3300,0.07137000142539857,0.0012347279805822815,0.1217922606924643,0.025062715401026833,0.08465045592705171,0.5030206677265501,332,331,0.36410000000000003,0.0021212121212121214,5038.727272727273,7577.054545454545,0.0005105800000000001,7.294e-05,0.0006514091818181818,0.0001667342662002867,0.0
COINUSDT-R-COINUSDT-nyse_20260508T200000Z-s97,COINUSDT,R,97,COINUSDT-nyse_20260508T200000Z,R:COINUSDT:2026-05:97,2026-05,RESEARCH_DEVELOPMENT,LISTING_AFTER_30_DAYS,READY,3300,3300,0.06789660038448488,0.0012327571093226708,0.1310616619406931,0.0005893744211501238,0.07148021400684443,0.49635036496350365,334,333,0.3663,0.0021212121212121214,5879.991454545455,6718.690909090909,0.00038581,5.5115714285714286e-05,0.0007020867151515151,0.00017899146698074694,0.0
COINUSDT-R-COINUSDT-nyse_20260515T200000Z-s3,COINUSDT,R,3,COINUSDT-nyse_20260515T200000Z,R:COINUSDT:2026-05:3,2026-05,RESEARCH_DEVELOPMENT,LISTING_AFTER_30_DAYS,READY,3300,3300,0.06783966047467092,0.001225311978983099,0.13063473053892222,0.005299942988661052,0.06577811870745037,0.4949206349206349,333,332,0.3652,0.0021212121212121214,5876.518,6696.454545454545,0.00038581,5.5115714285714286e-05,0.0007121642592592592,0.00017772864274286673,0.0
COINUSDT-R-COINUSDT-nyse_20260515T200000Z-s10,COINUSDT,R,10,COINUSDT-nyse_20260515T200000Z,R:COINUSDT:2026-05:10,2026-05,RESEARCH_DEVELOPMENT,LISTING_AFTER_30_DAYS,READY,3300,3300,0.04888165221732202,0.0008932617634816256,0.08402104680144012,0.012276231759372518,0.06140885662029603,0.5120678408349641,278,277,0.3047,0.0036363636363636364,3217.3792727272726,6574.981818181818,0.0009859,0.00014084285714285714,0.0005938221484848485,0.0001307831168063915,0.0
COINUSDT-R-COINUSDT-nyse_20260515T200000Z-s17,COINUSDT,R,17,COINUSDT-nyse_20260515T200000Z,R:COINUSDT:2026-05:17,2026-05,RESEARCH_DEVELOPMENT,LISTING_AFTER_30_DAYS,READY,3300,3300,0.07164299248078938,0.0012442710454873183,0.12108939961526774,0.027022007614448805,0.08862100272369612,0.5046075627581824,330,329,0.3619,0.0021212121212121214,5064.0936363636365,7648.945454545455,0.0005105800000000001,7.294e-05,0.0006620963212121213,0.0001684943287122967,0.0
COINUSDT-R-COINUSDT-nyse_20260515T200000Z-s31,COINUSDT,R,31,COINUSDT-nyse_20260515T200000Z,R:COINUSDT:2026-05:31,2026-05,RESEARCH_DEVELOPMENT,LISTING_AFTER_30_DAYS,READY,3300,3300,0.0569505622764094,0.0009802757101360713,0.04655996674288094,0.004799107142857134,0.023106080274157625,0.5338709677419354,310,309,0.33990000000000004,0.007272727272727273,2946.4914545454544,5355.2,0.0,0.0,0.0007165283303030303,0.00015499364958442574,0.0
COINUSDT-R-COINUSDT-nyse_20260515T200000Z-s59,COINUSDT,R,59,COINUSDT-nyse_20260515T200000Z,R:COINUSDT:2026-05:59,2026-05,RESEARCH_DEVELOPMENT,LISTING_AFTER_30_DAYS,READY,3300,3300,0.04874883461044132,0.0008867189011891868,0.08037145541982213,0.0056459426051514786,0.06140885662029603,0.5120757180156658,274,273,0.3003,0.0036363636363636364,3202.418181818182,6521.236363636363,0.0009859,0.00014084285714285714,0.0006114913575757576,0.00012961777154755152,0.0
COINUSDT-R-COINUSDT-nyse_20260515T200000Z-s97,COINUSDT,R,97,COINUSDT-nyse_20260515T200000Z,R:COINUSDT:2026-05:97,2026-05,RESEARCH_DEVELOPMENT,LISTING_AFTER_30_DAYS,READY,3300,3300,0.0569505622764094,0.0009802757101360713,0.04655996674288094,0.004799107142857134,0.023106080274157625,0.5338709677419354,310,309,0.33990000000000004,0.007272727272727273,2946.4914545454544,5355.2,0.0,0.0,0.0007165283303030303,0.00015499364958442574,0.0
COINUSDT-R-COINUSDT-nyse_20260522T200000Z-s10,COINUSDT,R,10,COINUSDT-nyse_20260522T200000Z,R:COINUSDT:2026-05:10,2026-05,RESEARCH_DEVELOPMENT,LISTING_AFTER_30_DAYS,READY,4740,4740,0.08313921756241066,0.0012551078988241372,0.12655466864674222,0.011037907821269132,0.10424214629672102,0.49491375497567447,471,470,0.517,0.0016877637130801688,5905.769493670886,6909.4177215189875,0.00113592,0.00011359199999999999,0.0007020867151515151,0.0001740771066422948,0.0
COINUSDT-R-COINUSDT-nyse_20260522T200000Z-s31,COINUSDT,R,31,COINUSDT-nyse_20260522T200000Z,R:COINUSDT:2026-05:31,2026-05,RESEARCH_DEVELOPMENT,LISTING_AFTER_30_DAYS,READY,4740,4740,0.08505455760612848,0.001227714831415509,0.16493072614719462,0.028393980412453192,0.1094188969392281,0.511968085106383,473,472,0.5192,0.0027426160337552744,4760.078734177215,6710.93670886076,0.0005982,5.982e-05,0.0006538099807692308,0.00016470823474309883,0.0
COINUSDT-R-COINUSDT-nyse_20260522T200000Z-s59,COINUSDT,R,59,COINUSDT-nyse_20260522T200000Z,R:COINUSDT:2026-05:59,2026-05,RESEARCH_DEVELOPMENT,LISTING_AFTER_30_DAYS,READY,4740,4740,0.07087070037987543,0.001039582261903213,0.05790305584826137,0.008097466755813059,0.03188069768667325,0.5229007633587787,460,459,0.5049,0.007383966244725738,3154.9516455696203,5379.810126582279,0.00089335,8.9335e-05,0.0007723488354430381,0.00015742978867735053,0.0
COINUSDT-R-COINUSDT-nyse_20260529T200000Z-s3,COINUSDT,R,3,COINUSDT-nyse_20260529T200000Z,R:COINUSDT:2026-05:3,2026-05,RESEARCH_DEVELOPMENT,LISTING_AFTER_30_DAYS,READY,3300,3300,0.04880651871190537,0.0008903347741561453,0.08054509195657002,0.009073686309701803,0.06140885662029603,0.5132137030995106,275,274,0.3014,0.0036363636363636364,3208.888909090909,6549.836363636364,0.0009859,0.00014084285714285714,0.0006029614151515151,0.0001305142439506811,0.0
COINUSDT-R-COINUSDT-nyse_20260529T200000Z-s17,COINUSDT,R,17,COINUSDT-nyse_20260529T200000Z,R:COINUSDT:2026-05:17,2026-05,RESEARCH_DEVELOPMENT,LISTING_AFTER_30_DAYS,READY,3300,3300,0.04888165221732202,0.0008932617634816256,0.08402104680144012,0.012276231759372518,0.06140885662029603,0.5120678408349641,278,277,0.3047,0.0036363636363636364,3217.3792727272726,6574.981818181818,0.0009859,0.00014084285714285714,0.0005938221484848485,0.0001307831168063915,0.0
COINUSDT-R-COINUSDT-nyse_20260529T200000Z-s97,COINUSDT,R,97,COINUSDT-nyse_20260529T200000Z,R:COINUSDT:2026-05:97,2026-05,RESEARCH_DEVELOPMENT,LISTING_AFTER_30_DAYS,READY,3300,3300,0.04888165221732202,0.0008932617634816256,0.08402104680144012,0.012276231759372518,0.06140885662029603,0.5120678408349641,278,277,0.3047,0.0036363636363636364,3217.3792727272726,6574.981818181818,0.0009859,0.00014084285714285714,0.0005938221484848485,0.0001307831168063915,0.0
COINUSDT-R-COINUSDT-nyse_20260605T200000Z-s3,COINUSDT,R,3,COINUSDT-nyse_20260605T200000Z,R:COINUSDT:2026-06:3,2026-06,SEALED_SHORT_OOS,LISTING_AFTER_30_DAYS,READY,3300,3300,0.06970068185810363,0.001338745972180043,0.09237220201023628,0.012059204346391116,0.07400555041628122,0.5025316455696203,397,396,0.43560000000000004,0.0012121212121212121,4557.452909090909,8183.036363636364,0.0006414,9.162857142857142e-05,0.0006035254424242424,0.0001572881362911505,0.0
COINUSDT-R-COINUSDT-nyse_20260605T200000Z-s10,COINUSDT,R,10,COINUSDT-nyse_20260605T200000Z,R:COINUSDT:2026-06:10,2026-06,SEALED_SHORT_OOS,LISTING_AFTER_30_DAYS,READY,3300,3300,0.0660130649665386,0.0012722093710301387,0.13435748913933138,0.046609924150309824,0.12403538490495002,0.5200513314084055,338,337,0.37070000000000003,0.0018181818181818182,5915.498363636363,8589.636363636364,0.00064591,9.227285714285714e-05,0.0006152586272727273,0.00017103265207985943,0.0
COINUSDT-R-COINUSDT-nyse_20260605T200000Z-s17,COINUSDT,R,17,COINUSDT-nyse_20260605T200000Z,R:COINUSDT:2026-06:17,2026-06,SEALED_SHORT_OOS,LISTING_AFTER_30_DAYS,READY,3300,3300,0.06910943423860644,0.001323619650333771,0.06588174741040989,0.014291675359899843,0.038683973782290076,0.5031685678073511,380,379,0.41690000000000005,0.00030303030303030303,4884.219999999999,8095.654545454546,0.00059768,8.538285714285714e-05,0.0005402185696969697,0.0007312993772185793,0.0
COINUSDT-R-COINUSDT-nyse_20260605T200000Z-s31,COINUSDT,R,31,COINUSDT-nyse_20260605T200000Z,R:COINUSDT:2026-06:31,2026-06,SEALED_SHORT_OOS,LISTING_AFTER_30_DAYS,READY,3300,3300,0.06300467904662112,0.001195172212248535,0.10045717768972867,0.027506396836473608,0.0908646202763849,0.5100929189362384,308,307,0.3377,0.0018181818181818182,5057.578909090909,7654.581818181819,0.00040084,5.726285714285715e-05,0.0005178937181818181,0.00015306569959890208,0.0
COINUSDT-R-COINUSDT-nyse_20260605T200000Z-s59,COINUSDT,R,59,COINUSDT-nyse_20260605T200000Z,R:COINUSDT:2026-06:59,2026-06,SEALED_SHORT_OOS,LISTING_AFTER_30_DAYS,READY,3300,3300,0.06141240926708433,0.0011109203312105254,0.054780758775558505,0.004174254097212517,0.02945672624647236,0.5056107726835524,311,310,0.341,0.00393939393939394,4932.385818181818,6721.509090909091,0.00038146,5.449428571428572e-05,0.0004644617393939394,0.00013407697925084267,0.0
COINUSDT-R-COINUSDT-nyse_20260605T200000Z-s97,COINUSDT,R,97,COINUSDT-nyse_20260605T200000Z,R:COINUSDT:2026-06:97,2026-06,SEALED_SHORT_OOS,LISTING_AFTER_30_DAYS,READY,3300,3300,0.06967140881486042,0.0013381472262961975,0.09231527700745681,0.01287815286138844,0.07400555041628122,0.49778481012658227,399,398,0.4378,0.0012121212121212121,4581.624181818182,8198.0,0.0006414,9.162857142857142e-05,0.000631164490909091,0.00015807341816656548,0.0
COINUSDT-R-COINUSDT-nyse_20260612T200000Z-s3,COINUSDT,R,3,COINUSDT-nyse_20260612T200000Z,R:COINUSDT:2026-06:3,2026-06,SEALED_SHORT_OOS,LISTING_AFTER_30_DAYS,READY,3300,3300,0.06141240926708433,0.0011109203312105254,0.054780758775558505,0.004174254097212517,0.02945672624647236,0.5056107726835524,311,310,0.341,0.00393939393939394,4932.385818181818,6721.509090909091,0.00038146,5.449428571428572e-05,0.0004644617393939394,0.00013407697925084267,0.0
COINUSDT-R-COINUSDT-nyse_20260612T200000Z-s10,COINUSDT,R,10,COINUSDT-nyse_20260612T200000Z,R:COINUSDT:2026-06:10,2026-06,SEALED_SHORT_OOS,LISTING_AFTER_30_DAYS,READY,3300,3300,0.06905864392674103,0.0013243545553304034,0.06605599277512585,0.011990282385517637,0.038683973782290076,0.5033217336285986,378,377,0.4147,0.0,4872.172181818181,8100.072727272727,0.00059768,8.538285714285714e-05,0.0005151113212121212,0.0007304299744642493,0.0
COINUSDT-R-COINUSDT-nyse_20260612T200000Z-s17,COINUSDT,R,17,COINUSDT-nyse_20260612T200000Z,R:COINUSDT:2026-06:17,2026-06,SEALED_SHORT_OOS,LISTING_AFTER_30_DAYS,READY,3300,3300,0.05980333081399388,0.0013379259351698658,0.11132947976878607,0.029454490807994702,0.09554103290729288,0.4948194662480377,397,396,0.43560000000000004,0.00030303030303030303,3996.574727272727,8110.618181818182,0.0,0.0,0.0003043796612903226,0.00016724456840611383,0.0
COINUSDT-R-COINUSDT-nyse_20260612T200000Z-s31,COINUSDT,R,31,COINUSDT-nyse_20260612T200000Z,R:COINUSDT:2026-06:31,2026-06,SEALED_SHORT_OOS,LISTING_AFTER_30_DAYS,READY,3300,3300,0.05177685735276438,0.0011718019852164894,0.14296690631688716,0.048691231108752106,0.14170462652982832,0.5107868020304569,331,330,0.36300000000000004,0.0009090909090909091,3066.0532727272725,7708.963636363636,0.00062144,8.877714285714286e-05,0.00032511768666666665,0.00014095196809538364,0.0
COINUSDT-R-COINUSDT-nyse_20260612T200000Z-s59,COINUSDT,R,59,COINUSDT-nyse_20260612T200000Z,R:COINUSDT:2026-06:59,2026-06,SEALED_SHORT_OOS,LISTING_AFTER_30_DAYS,READY,3300,3300,0.0697611286799705,0.001339977310464083,0.09269801980198031,0.009928072130483193,0.06958730945594244,0.5034832172260925,399,398,0.4378,0.0012121212121212121,4553.263818181818,8179.490909090909,0.0006414,9.162857142857142e-05,0.0005827986424242424,0.00015755691915327454,0.0
COINUSDT-R-COINUSDT-nyse_20260612T200000Z-s97,COINUSDT,R,97,COINUSDT-nyse_20260612T200000Z,R:COINUSDT:2026-06:97,2026-06,SEALED_SHORT_OOS,LISTING_AFTER_30_DAYS,READY,3300,3300,0.06211248087886339,0.001190302768180948,0.14521865121180197,0.024737767537743333,0.07846871101188534,0.501591343093571,337,336,0.36960000000000004,0.0006060606060606061,13964.955818181817,11831.727272727272,0.00085286,0.00012183714285714286,0.0006064342962962963,0.00013283380883177262,0.0
COINUSDT-R-COINUSDT-nyse_20260618T200000Z-s3,COINUSDT,R,3,COINUSDT-nyse_20260618T200000Z,R:COINUSDT:2026-06:3,2026-06,SEALED_SHORT_OOS,LISTING_AFTER_30_DAYS,READY,4740,4740,0.06777680863137565,0.0012597125607837147,0.14296690631688716,0.034148121123677426,0.14170462652982832,0.5030782761653474,534,533,0.5863,0.0006329113924050633,3712.269746835443,8084.379746835443,0.00062144,6.2144e-05,0.00031518798484848486,0.00015757461756317844,0.0
COINUSDT-R-COINUSDT-nyse_20260618T200000Z-s10,COINUSDT,R,10,COINUSDT-nyse_20260618T200000Z,R:COINUSDT:2026-06:10,2026-06,SEALED_SHORT_OOS,LISTING_AFTER_30_DAYS,READY,4740,4740,0.06777680863137565,0.0012597125607837147,0.14296690631688716,0.034148121123677426,0.14170462652982832,0.5030782761653474,534,533,0.5863,0.0006329113924050633,3712.269746835443,8084.379746835443,0.00062144,6.2144e-05,0.00031518798484848486,0.00015757461756317844,0.0
COINUSDT-R-COINUSDT-nyse_20260618T200000Z-s17,COINUSDT,R,17,COINUSDT-nyse_20260618T200000Z,R:COINUSDT:2026-06:17,2026-06,SEALED_SHORT_OOS,LISTING_AFTER_30_DAYS,READY,4740,4740,0.08018395441853703,0.0012800984742538854,0.15690198932557015,0.0441518809053385,0.1538181818181818,0.5148073925629035,475,474,0.5214000000000001,0.0012658227848101266,5619.3067088607595,8503.06329113924,0.00064591,6.459099999999999e-05,0.0005482515063291139,0.00016397868099556032,0.0
COINUSDT-R-COINUSDT-nyse_20260618T200000Z-s31,COINUSDT,R,31,COINUSDT-nyse_20260618T200000Z,R:COINUSDT:2026-06:31,2026-06,SEALED_SHORT_OOS,LISTING_AFTER_30_DAYS,READY,4740,4740,0.08332776967620982,0.0013389220092444988,0.09237220201023628,0.004581901489117939,0.07400555041628122,0.5049636002647253,552,551,0.6061000000000001,0.0008438818565400844,4842.971392405063,8307.721518987342,0.0009337,9.337e-05,0.0005614999240506329,0.0005553819840712038,0.0
COINUSDT-R-COINUSDT-nyse_20260618T200000Z-s59,COINUSDT,R,59,COINUSDT-nyse_20260618T200000Z,R:COINUSDT:2026-06:59,2026-06,SEALED_SHORT_OOS,LISTING_AFTER_30_DAYS,READY,4740,4740,0.080288700601159,0.0012855540069546462,0.15627850410459102,0.042466664059750484,0.14626391096979324,0.51459122298953,477,476,0.5236000000000001,0.0012658227848101266,5636.397215189873,8560.683544303798,0.00064591,6.459099999999999e-05,0.0005492579641350211,0.00016585117216527963,0.0
COINUSDT-R-COINUSDT-nyse_20260618T200000Z-s97,COINUSDT,R,97,COINUSDT-nyse_20260618T200000Z,R:COINUSDT:2026-06:97,2026-06,SEALED_SHORT_OOS,LISTING_AFTER_30_DAYS,READY,4740,4740,0.08024941451624788,0.0012951723516519261,0.15647668393782374,0.03982550779956768,0.14626391096979324,0.5114571746384872,486,485,0.5335000000000001,0.0012658227848101266,5648.533164556962,8625.088607594937,0.00064591,6.459099999999999e-05,0.0005541633354430379,0.00016701950207393998,0.0
COINUSDT-R-COINUSDT-nyse_20260626T200000Z-s3,COINUSDT,R,3,COINUSDT-nyse_20260626T200000Z,R:COINUSDT:2026-06:3,2026-06,SEALED_SHORT_OOS,LISTING_AFTER_30_DAYS,READY,3300,3300,0.06608633529105827,0.001282550423261274,0.13439979846328254,0.04376657824933689,0.12403538490495002,0.5165222970805261,345,344,0.3784,0.0018181818181818182,5920.017272727273,8653.781818181818,0.00064591,9.227285714285714e-05,0.0006112279696969697,0.0001718552123024554,0.0
COINUSDT-R-COINUSDT-nyse_20260626T200000Z-s10,COINUSDT,R,10,COINUSDT-nyse_20260626T200000Z,R:COINUSDT:2026-06:10,2026-06,SEALED_SHORT_OOS,LISTING_AFTER_30_DAYS,READY,3300,3300,0.062264646164659355,0.0011969718387264108,0.14588157459477347,0.022672600433004612,0.08531024912443003,0.5038119440914867,336,335,0.36850000000000005,0.0006060606060606061,14015.42909090909,11873.327272727272,0.00085286,0.00012183714285714286,0.000601992,0.00013213587521054636,0.0
COINUSDT-R-COINUSDT-nyse_20260626T200000Z-s17,COINUSDT,R,17,COINUSDT-nyse_20260626T200000Z,R:COINUSDT:2026-06:17,2026-06,SEALED_SHORT_OOS,LISTING_AFTER_30_DAYS,READY,3300,3300,0.06211248087886339,0.001190302768180948,0.14521865121180197,0.024737767537743333,0.07846871101188534,0.501591343093571,337,336,0.36960000000000004,0.0006060606060606061,13964.955818181817,11831.727272727272,0.00085286,0.00012183714285714286,0.0006064342962962963,0.00013283380883177262,0.0
COINUSDT-R-COINUSDT-nyse_20260626T200000Z-s31,COINUSDT,R,31,COINUSDT-nyse_20260626T200000Z,R:COINUSDT:2026-06:31,2026-06,SEALED_SHORT_OOS,LISTING_AFTER_30_DAYS,READY,3300,3300,0.062264646164659355,0.0011969718387264108,0.14588157459477347,0.022672600433004612,0.08531024912443003,0.5038119440914867,336,335,0.36850000000000005,0.0006060606060606061,14015.42909090909,11873.327272727272,0.00085286,0.00012183714285714286,0.000601992,0.00013213587521054636,0.0
COINUSDT-R-COINUSDT-nyse_20260626T200000Z-s59,COINUSDT,R,59,COINUSDT-nyse_20260626T200000Z,R:COINUSDT:2026-06:59,2026-06,SEALED_SHORT_OOS,LISTING_AFTER_30_DAYS,READY,3300,3300,0.059626381261436524,0.0013274866075398191,0.1105498794627482,0.02699574810677528,0.10485948142636381,0.4940326633165829,392,391,0.43010000000000004,0.00030303030303030303,4002.3238181818183,8071.090909090909,0.0,0.0,0.000314331935483871,0.00016616026582678265,0.0
COINUSDT-R-COINUSDT-nyse_20260626T200000Z-s97,COINUSDT,R,97,COINUSDT-nyse_20260626T200000Z,R:COINUSDT:2026-06:97,2026-06,SEALED_SHORT_OOS,LISTING_AFTER_30_DAYS,READY,3300,3300,0.06141240926708433,0.0011109203312105254,0.054780758775558505,0.004174254097212517,0.02945672624647236,0.5056107726835524,311,310,0.341,0.00393939393939394,4932.385818181818,6721.509090909091,0.00038146,5.449428571428572e-05,0.0004644617393939394,0.00013407697925084267,0.0
COINUSDT-R-COINUSDT-nyse_20260702T200000Z-s3,COINUSDT,R,3,COINUSDT-nyse_20260702T200000Z,R:COINUSDT:2026-07:3,2026-07,DESCRIPTIVE_ONLY,LISTING_AFTER_30_DAYS,READY,4740,4740,0.07371476847434469,0.001167202861317169,0.08076873962456887,0.004206532497525545,0.07538137486436461,0.5264449899575987,444,443,0.4873,0.0004219409282700422,9408.198607594935,9739.139240506329,0.00155576,0.000155576,0.0005821016540084388,0.000116460802378444,0.0
COINUSDT-R-COINUSDT-nyse_20260702T200000Z-s10,COINUSDT,R,10,COINUSDT-nyse_20260702T200000Z,R:COINUSDT:2026-07:10,2026-07,DESCRIPTIVE_ONLY,LISTING_AFTER_30_DAYS,READY,4740,4740,0.07193343791831543,0.001214035082134289,0.09120846809761829,0.0181875257509467,0.08174210278170677,0.5082076308784383,509,508,0.5588000000000001,0.0010548523206751054,7079.21835443038,9127.79746835443,8.853e-05,8.853e-06,0.0005037326286919831,0.0001265483188769447,0.0
COINUSDT-R-COINUSDT-nyse_20260702T200000Z-s17,COINUSDT,R,17,COINUSDT-nyse_20260702T200000Z,R:COINUSDT:2026-07:17,2026-07,DESCRIPTIVE_ONLY,LISTING_AFTER_30_DAYS,READY,4740,4740,0.07371476847434469,0.001167202861317169,0.08076873962456887,0.004206532497525545,0.07538137486436461,0.5264449899575987,444,443,0.4873,0.0004219409282700422,9408.198607594935,9739.139240506329,0.00155576,0.000155576,0.0005821016540084388,0.000116460802378444,0.0
COINUSDT-R-COINUSDT-nyse_20260702T200000Z-s31,COINUSDT,R,31,COINUSDT-nyse_20260702T200000Z,R:COINUSDT:2026-07:31,2026-07,DESCRIPTIVE_ONLY,LISTING_AFTER_30_DAYS,READY,4740,4740,0.07193574868718756,0.0012153267697216704,0.09455822118197774,0.019838469379753827,0.08749633967789164,0.50654537386288,513,512,0.5632,0.0010548523206751054,7080.730632911392,9136.54430379747,8.853e-05,8.853e-06,0.0005103384535864978,0.00012695938304017442,0.0
COINUSDT-R-COINUSDT-nyse_20260702T200000Z-s59,COINUSDT,R,59,COINUSDT-nyse_20260702T200000Z,R:COINUSDT:2026-07:59,2026-07,DESCRIPTIVE_ONLY,LISTING_AFTER_30_DAYS,READY,4740,4740,0.07193343791831543,0.001214035082134289,0.09120846809761829,0.0181875257509467,0.08174210278170677,0.5082076308784383,509,508,0.5588000000000001,0.0010548523206751054,7079.21835443038,9127.79746835443,8.853e-05,8.853e-06,0.0005037326286919831,0.0001265483188769447,0.0
COINUSDT-R-COINUSDT-nyse_20260702T200000Z-s97,COINUSDT,R,97,COINUSDT-nyse_20260702T200000Z,R:COINUSDT:2026-07:97,2026-07,DESCRIPTIVE_ONLY,LISTING_AFTER_30_DAYS,READY,4740,4740,0.07396407467722721,0.0011780400518649303,0.08048097722356519,4.088976120381544e-05,0.06309944472488642,0.5264214046822743,449,448,0.4928,0.0004219409282700422,9489.181139240507,9828.860759493671,0.00155576,0.000155576,0.0005705572848101266,0.00011701028827238637,0.0
COINUSDT-R-COINUSDT-nyse_20260710T200000Z-s3,COINUSDT,R,3,COINUSDT-nyse_20260710T200000Z,R:COINUSDT:2026-07:3,2026-07,DESCRIPTIVE_ONLY,LISTING_AFTER_30_DAYS,READY,3300,3300,0.06107068698827439,0.001262362532045342,0.08386374351720896,0.02318106289667955,0.07891324846770399,0.5001591849729385,360,359,0.39490000000000003,0.00030303030303030303,6924.273272727273,9189.836363636363,8.853e-05,1.2647142857142856e-05,0.0005111477969696969,0.00012582147439103397,0.0
COINUSDT-R-COINUSDT-nyse_20260710T200000Z-s10,COINUSDT,R,10,COINUSDT-nyse_20260710T200000Z,R:COINUSDT:2026-07:10,2026-07,DESCRIPTIVE_ONLY,LISTING_AFTER_30_DAYS,READY,3300,3300,0.06058267127173519,0.0011401405584478641,0.0720509176296113,0.013460575535330362,0.0404058927807324,0.5188618925831202,313,312,0.3432,0.0006060606060606061,7871.131818181818,8679.90909090909,0.0011730900000000001,0.00016758428571428573,0.0004897400575757575,0.0001140618206849848,0.0
COINUSDT-R-COINUSDT-nyse_20260710T200000Z-s17,COINUSDT,R,17,COINUSDT-nyse_20260710T200000Z,R:COINUSDT:2026-07:17,2026-07,DESCRIPTIVE_ONLY,LISTING_AFTER_30_DAYS,READY,3300,3300,0.06174241508234992,0.0011290246881259223,0.1295571703620894,0.019565970218169308,0.1282019398159662,0.5230769230769231,312,311,0.3421,0.0,7483.426363636364,11465.072727272727,0.00023964,3.423428571428572e-05,0.0005309815848484849,0.00012427597531423272,0.0
COINUSDT-R-COINUSDT-nyse_20260710T200000Z-s31,COINUSDT,R,31,COINUSDT-nyse_20260710T200000Z,R:COINUSDT:2026-07:31,2026-07,DESCRIPTIVE_ONLY,LISTING_AFTER_30_DAYS,READY,3300,3300,0.06037055480580541,0.0011374015383460202,0.08076873962456887,0.029791399033461785,0.07538137486436461,0.5366323907455013,299,298,0.32780000000000004,0.0006060606060606061,9923.528727272727,9967.436363636363,0.00155576,0.00022225142857142856,0.0006787903242424242,0.00011301750238585555,0.0
COINUSDT-R-COINUSDT-nyse_20260710T200000Z-s59,COINUSDT,R,59,COINUSDT-nyse_20260710T200000Z,R:COINUSDT:2026-07:59,2026-07,DESCRIPTIVE_ONLY,LISTING_AFTER_30_DAYS,READY,3300,3300,0.06174241508234992,0.0011290246881259223,0.1295571703620894,0.019565970218169308,0.1282019398159662,0.5230769230769231,312,311,0.3421,0.0,7483.426363636364,11465.072727272727,0.00023964,3.423428571428572e-05,0.0005309815848484849,0.00012427597531423272,0.0
COINUSDT-R-COINUSDT-nyse_20260710T200000Z-s97,COINUSDT,R,97,COINUSDT-nyse_20260710T200000Z,R:COINUSDT:2026-07:97,2026-07,DESCRIPTIVE_ONLY,LISTING_AFTER_30_DAYS,READY,3300,3300,0.06186708046699807,0.0011377853635943635,0.13288148240268627,0.02092842993712873,0.1282019398159662,0.5239463601532567,312,311,0.3421,0.0,7510.714545454545,11555.418181818182,0.00023964,3.423428571428572e-05,0.0005657407212121212,0.00012514112791777278,0.0
COINUSDT-R-COINUSDT-nyse_20260717T200000Z-s3,COINUSDT,R,3,COINUSDT-nyse_20260717T200000Z,R:COINUSDT:2026-07:3,2026-07,DESCRIPTIVE_ONLY,LISTING_AFTER_30_DAYS,READY,3300,3300,0.06174241508234992,0.0011290246881259223,0.1295571703620894,0.019565970218169308,0.1282019398159662,0.5230769230769231,312,311,0.3421,0.0,7483.426363636364,11465.072727272727,0.00023964,3.423428571428572e-05,0.0005309815848484849,0.00012427597531423272,0.0
COINUSDT-R-COINUSDT-nyse_20260717T200000Z-s10,COINUSDT,R,10,COINUSDT-nyse_20260717T200000Z,R:COINUSDT:2026-07:10,2026-07,DESCRIPTIVE_ONLY,LISTING_AFTER_30_DAYS,READY,3300,3300,0.06186708046699807,0.0011377853635943635,0.13288148240268627,0.02092842993712873,0.1282019398159662,0.5239463601532567,312,311,0.3421,0.0,7510.714545454545,11555.418181818182,0.00023964,3.423428571428572e-05,0.0005657407212121212,0.00012514112791777278,0.0
COINUSDT-R-COINUSDT-nyse_20260717T200000Z-s17,COINUSDT,R,17,COINUSDT-nyse_20260717T200000Z,R:COINUSDT:2026-07:17,2026-07,DESCRIPTIVE_ONLY,LISTING_AFTER_30_DAYS,READY,3300,3300,0.05748239244876168,0.0011718240156551596,0.05958596965415559,0.007143693640941561,0.04680044047473391,0.5108765195137556,360,359,0.39490000000000003,0.0015151515151515152,6438.720727272727,9083.545454545454,0.0,0.0,0.0004931410393939394,0.0001228438324656072,0.0
COINUSDT-R-COINUSDT-nyse_20260717T200000Z-s31,COINUSDT,R,31,COINUSDT-nyse_20260717T200000Z,R:COINUSDT:2026-07:31,2026-07,DESCRIPTIVE_ONLY,LISTING_AFTER_30_DAYS,READY,3300,3300,0.06174241508234992,0.0011290246881259223,0.1295571703620894,0.019565970218169308,0.1282019398159662,0.5230769230769231,312,311,0.3421,0.0,7483.426363636364,11465.072727272727,0.00023964,3.423428571428572e-05,0.0005309815848484849,0.00012427597531423272,0.0
COINUSDT-R-COINUSDT-nyse_20260717T200000Z-s59,COINUSDT,R,59,COINUSDT-nyse_20260717T200000Z,R:COINUSDT:2026-07:59,2026-07,DESCRIPTIVE_ONLY,LISTING_AFTER_30_DAYS,READY,3300,3300,0.06058267127173519,0.0011401405584478641,0.0720509176296113,0.013460575535330362,0.0404058927807324,0.5188618925831202,313,312,0.3432,0.0006060606060606061,7871.131818181818,8679.90909090909,0.0011730900000000001,0.00016758428571428573,0.0004897400575757575,0.0001140618206849848,0.0
COINUSDT-R-COINUSDT-nyse_20260717T200000Z-s97,COINUSDT,R,97,COINUSDT-nyse_20260717T200000Z,R:COINUSDT:2026-07:97,2026-07,DESCRIPTIVE_ONLY,LISTING_AFTER_30_DAYS,READY,3300,3300,0.05747085618666745,0.0011739394136575745,0.059436274509803856,0.007086383601756927,0.04680044047473391,0.5096030729833547,362,361,0.3971,0.0015151515151515152,6426.711454545454,9086.290909090909,0.0,0.0,0.0004923763090909091,0.00012299294112686813,0.0
CRCLUSDT-nyse_20260213T210000Z,CRCLUSDT,W,,,NYSE:2026-02-13T21:00:00+00:00:2026-02-17T07:00:00+00:00,2026-02,DESCRIPTIVE_ONLY,LISTING_DAYS_1_14,READY,4740,4740,0.040344083707293636,0.00045558610435631836,0.032268740691709465,0.010877925502692015,0.02631578947368412,0.6064777327935222,232,231,0.2541,0.3691983122362869,640.1191139240506,394.75949367088606,0.01208421,0.0012084209999999999,0.0020608165379746835,0.0008824651549674485,0.0
CRCLUSDT-nyse_20260220T210000Z,CRCLUSDT,W,,,NYSE:2026-02-20T21:00:00+00:00:2026-02-23T07:00:00+00:00,2026-02,DESCRIPTIVE_ONLY,LISTING_DAYS_1_14,READY,3300,3300,0.032160377421641725,0.0003957276480363904,0.0479861548143486,0.033468756045656925,0.03473318598042316,0.6298048492016558,113,112,0.1232,0.34515151515151515,773.8221818181819,304.90909090909093,0.00429497,0.0006135671428571429,0.0014749318909090907,0.0005348982601414543,1.0
CRCLUSDT-nyse_20260227T210000Z,CRCLUSDT,W,,,NYSE:2026-02-27T21:00:00+00:00:2026-03-02T07:00:00+00:00,2026-02,DESCRIPTIVE_ONLY,LISTING_DAYS_15_30,READY,3300,3300,0.05670358633285425,0.001109351739805976,0.05149700598802392,0.018842447676916476,0.046683339287840915,0.5403663500678426,298,297,0.32670000000000005,0.009393939393939394,9089.008545454544,3354.981818181818,0.02093953,0.002991361428571429,0.004147864112121212,0.0015494854852351869,0.0
CRCLUSDT-nyse_20260306T210000Z,CRCLUSDT,W,,,NYSE:2026-03-06T21:00:00+00:00:2026-03-09T06:00:00+00:00,2026-03,RESEARCH_DEVELOPMENT,LISTING_DAYS_15_30,READY,3240,3240,0.05075375627041435,0.000809522875839977,0.05680695514720411,0.0021001287175665805,0.053744319304485255,0.5519166356531447,210,209,0.22990000000000002,0.023765432098765433,5920.195740740741,3163.6666666666665,0.017999380000000002,0.0025713400000000005,0.003384086212962963,0.0009958712523228468,1.0
CRCLUSDT-nyse_20260313T200000Z,CRCLUSDT,W,,,NYSE:2026-03-13T20:00:00+00:00:2026-03-16T06:00:00+00:00,2026-03,RESEARCH_DEVELOPMENT,LISTING_AFTER_30_DAYS,READY,3300,3300,0.03371671753082182,0.0004899462673133685,0.044999564801114125,0.04147712068504158,0.0425606139891855,0.5822884012539185,123,122,0.1342,0.056666666666666664,3727.0299999999997,1610.8545454545454,0.01402461,0.0020035157142857143,0.00259393016969697,0.0006218761077842281,1.0
CRCLUSDT-nyse_20260320T200000Z,CRCLUSDT,W,,,NYSE:2026-03-20T20:00:00+00:00:2026-03-23T06:00:00+00:00,2026-03,RESEARCH_DEVELOPMENT,LISTING_AFTER_30_DAYS,READY,3300,3300,0.03474741781099173,0.0005524132946183474,0.05801696124276775,0.032426000297486365,0.04679334916864605,0.5164025064504238,148,147,0.1617,0.034545454545454546,5837.894363636364,2624.4363636363637,0.01221856,0.0017455085714285713,0.0024392151575757573,0.0005930474542642073,1.0
CRCLUSDT-nyse_20260327T200000Z,CRCLUSDT,W,,,NYSE:2026-03-27T20:00:00+00:00:2026-03-30T06:00:00+00:00,2026-03,RESEARCH_DEVELOPMENT,LISTING_AFTER_30_DAYS,READY,3300,3300,0.033389364877228524,0.00047846349023139355,0.056859788929571255,0.013500482160077227,0.02988925921943878,0.5631753948462178,107,106,0.11660000000000001,0.03636363636363636,7126.334909090909,2761.981818181818,0.00794905,0.0011355785714285713,0.0019702871424242424,0.0004836425019161434,1.0
CRCLUSDT-nyse_20260402T200000Z,CRCLUSDT,W,,,NYSE:2026-04-02T20:00:00+00:00:2026-04-06T06:00:00+00:00,2026-04,RESEARCH_DEVELOPMENT,LISTING_AFTER_30_DAYS,READY,4740,4740,0.02568020758079614,0.00032070304666009276,0.03843180563224742,0.027218098267939417,0.03188789584022951,0.5638506876227898,94,93,0.1023,0.08734177215189873,5272.306582278481,1591.9620253164558,0.00695649,0.000695649,0.001005988970464135,0.00043374779437085664,1.0
CRCLUSDT-nyse_20260410T200000Z,CRCLUSDT,W,,,NYSE:2026-04-10T20:00:00+00:00:2026-04-13T06:00:00+00:00,2026-04,RESEARCH_DEVELOPMENT,LISTING_AFTER_30_DAYS,READY,3300,3300,0.026874481866124015,0.0003754357103418236,0.03695307186579013,0.03203732503888024,0.024718077229752836,0.530752688172043,95,94,0.1034,0.02727272727272727,8182.328909090909,2540.981818181818,0.02141008,0.0030585828571428574,0.0037407720272727273,0.0006041123494805549,1.0
CRCLUSDT-nyse_20260417T200000Z,CRCLUSDT,W,,,NYSE:2026-04-17T20:00:00+00:00:2026-04-20T06:00:00+00:00,2026-04,RESEARCH_DEVELOPMENT,LISTING_AFTER_30_DAYS,READY,3300,3300,0.0353898559818154,0.0004620910453903557,0.04749240121580547,0.03425340871300294,0.0421772584781989,0.5195574871592256,131,130,0.14300000000000002,0.011818181818181818,7504.616181818182,2611.109090909091,0.02874831,0.004106901428571429,0.004703651612121212,0.0006554405401087374,1.0
CRCLUSDT-nyse_20260424T200000Z,CRCLUSDT,W,,,NYSE:2026-04-24T20:00:00+00:00:2026-04-27T06:00:00+00:00,2026-04,RESEARCH_DEVELOPMENT,LISTING_AFTER_30_DAYS,READY,3300,3300,0.023503007173063643,0.000292236463929195,0.028407950210801027,0.008064516129032088,0.019282645618942877,0.5471180237877402,49,48,0.0528,0.019696969696969695,5018.443636363637,1720.290909090909,0.00907676,0.00129668,0.0014844522666666667,0.0006849145721740485,1.0
CRCLUSDT-nyse_20260501T200000Z,CRCLUSDT,W,,,NYSE:2026-05-01T20:00:00+00:00:2026-05-04T06:00:00+00:00,2026-05,RESEARCH_DEVELOPMENT,LISTING_AFTER_30_DAYS,READY,3300,3300,0.029759000141234556,0.0003576678175166605,0.05764460759996033,0.05427286356821586,0.025849549811211032,0.5796401930671347,66,65,0.07150000000000001,0.006060606060606061,5063.121636363637,1983.709090909091,0.008576450000000001,0.001225207142857143,0.0018608233265306122,0.00038343443168492206,1.0
CRCLUSDT-nyse_20260508T200000Z,CRCLUSDT,W,,,NYSE:2026-05-08T20:00:00+00:00:2026-05-11T06:00:00+00:00,2026-05,RESEARCH_DEVELOPMENT,LISTING_AFTER_30_DAYS,READY,3300,3300,0.04323485924290763,0.0005283102695642036,0.056044905008635536,0.02077562326869809,0.027608915906788215,0.5463549920760697,126,125,0.1375,0.0021212121212121214,10235.897272727272,4203.745454545455,0.01623642,0.0023194885714285718,0.0028084631000000002,0.0006186139644317034,1.0
CRCLUSDT-nyse_20260515T200000Z,CRCLUSDT,W,,,NYSE:2026-05-15T20:00:00+00:00:2026-05-18T06:00:00+00:00,2026-05,RESEARCH_DEVELOPMENT,LISTING_AFTER_30_DAYS,READY,3300,3300,0.0348642468866512,0.0005635589660511602,0.04122150997150993,0.023688517529503007,0.038225073509756805,0.5092828540225701,157,156,0.1716,0.0024242424242424242,6976.850909090909,3756.4363636363637,0.00016166,2.3094285714285712e-05,0.0008240976848484849,6.44484139137819e-05,1.0
CRCLUSDT-nyse_20260522T200000Z,CRCLUSDT,W,,,NYSE:2026-05-22T20:00:00+00:00:2026-05-26T06:00:00+00:00,2026-05,RESEARCH_DEVELOPMENT,LISTING_AFTER_30_DAYS,READY,4740,4740,0.033424567090075,0.0005711340216930553,0.05377584523915167,0.0066047109708340535,0.032772364924712034,0.5399468983828144,194,193,0.21230000000000002,0.0004219409282700422,8310.395569620254,5103.93670886076,0.00127667,0.00012766699999999998,0.0009969204050632912,6.69671049988261e-05,0.0
CRCLUSDT-nyse_20260529T200000Z,CRCLUSDT,W,,,NYSE:2026-05-29T20:00:00+00:00:2026-06-01T06:00:00+00:00,2026-05,RESEARCH_DEVELOPMENT,LISTING_AFTER_30_DAYS,READY,3300,3300,0.02297503233152179,0.0003888990268693081,0.02940915148822735,0.0041905602117335485,0.017226069969809958,0.5049760412827129,95,94,0.1034,0.0069696969696969695,5739.400181818182,2961.4363636363637,0.00064318,9.188285714285715e-05,0.0007307705,5.021541650531061e-05,1.0
CRCLUSDT-nyse_20260605T200000Z,CRCLUSDT,W,,,NYSE:2026-06-05T20:00:00+00:00:2026-06-08T06:00:00+00:00,2026-06,SEALED_SHORT_OOS,LISTING_AFTER_30_DAYS,READY,3300,3300,0.06142131671770917,0.0012115771785733407,0.11142610624922954,0.0021982853374368358,0.06175274251201764,0.480276134122288,368,367,0.4037,0.0,22997.873272727273,10428.236363636364,0.00378394,0.0005405628571428571,0.0021738121424242423,0.00014635940002146562,0.0
CRCLUSDT-nyse_20260612T200000Z,CRCLUSDT,W,,,NYSE:2026-06-12T20:00:00+00:00:2026-06-15T06:00:00+00:00,2026-06,SEALED_SHORT_OOS,LISTING_AFTER_30_DAYS,READY,3300,3300,0.038355920449932045,0.0006299895400492642,0.05633622892181907,0.03583061889250813,0.05562659846547307,0.5021961932650073,177,176,0.19360000000000002,0.004545454545454545,15253.728363636363,4581.381818181818,0.00294033,0.0004200471428571429,0.0012066623393939394,8.820580189464083e-05,1.0
CRCLUSDT-nyse_20260618T200000Z,CRCLUSDT,W,,,NYSE:2026-06-18T20:00:00+00:00:2026-06-22T06:00:00+00:00,2026-06,SEALED_SHORT_OOS,LISTING_AFTER_30_DAYS,READY,4740,4740,0.04757329633775494,0.0006730221078752979,0.05454318522216681,0.0037625925476392264,0.02512125357542607,0.49963045084996305,336,335,0.36850000000000005,0.008016877637130802,14056.833924050632,4961.721518987341,0.00241503,0.00024150299999999998,0.0011976221940928268,8.972775027788373e-05,0.0
CRCLUSDT-nyse_20260626T200000Z,CRCLUSDT,W,,,NYSE:2026-06-26T20:00:00+00:00:2026-06-29T06:00:00+00:00,2026-06,SEALED_SHORT_OOS,LISTING_AFTER_30_DAYS,READY,3300,3300,0.031524537123690625,0.0005997341583572607,0.02518377348216709,0.01104154809334116,0.013894564773191804,0.517824329290702,176,175,0.1925,0.004242424242424243,8836.143272727273,4247.236363636363,0.00068997,9.856714285714286e-05,0.0008345400748299319,7.523223815370861e-05,0.0
CRCLUSDT-nyse_20260702T200000Z,CRCLUSDT,W,,,NYSE:2026-07-02T20:00:00+00:00:2026-07-06T06:00:00+00:00,2026-07,DESCRIPTIVE_ONLY,LISTING_AFTER_30_DAYS,READY,4740,4740,0.052209847127849186,0.0007965334315754702,0.09298029556650235,0.012342504499871483,0.08605798889574334,0.5125307125307126,384,383,0.4213,0.0018987341772151898,21158.134556962024,6916.873417721519,0.0014419399999999998,0.000144194,0.0013107737974683545,9.749227090976224e-05,0.0
CRCLUSDT-nyse_20260710T200000Z,CRCLUSDT,W,,,NYSE:2026-07-10T20:00:00+00:00:2026-07-13T06:00:00+00:00,2026-07,DESCRIPTIVE_ONLY,LISTING_AFTER_30_DAYS,READY,3300,3300,0.035876695990247,0.00070567964377743,0.05333735121289748,0.017727272727272828,0.040496114763897306,0.5414244186046512,213,212,0.23320000000000002,0.0,14458.393454545454,6110.345454545454,0.00011418999999999999,1.631285714285714e-05,0.000785316390909091,8.619759634725179e-05,0.0
CRCLUSDT-nyse_20260717T200000Z,CRCLUSDT,W,,,NYSE:2026-07-17T20:00:00+00:00:2026-07-20T06:00:00+00:00,2026-07,DESCRIPTIVE_ONLY,LISTING_AFTER_30_DAYS,READY,3300,3300,0.030886673720711022,0.0005941177262891369,0.026593987446316594,0.0030281182408074996,0.013964185970100237,0.5266821345707656,169,168,0.18480000000000002,0.006666666666666667,10722.411454545454,4510.109090909091,0.00017644,2.5205714285714286e-05,0.0009075615484848484,7.97905569514327e-05,1.0
CRCLUSDT-O-20260723T200000Z,CRCLUSDT,O,,,NYSE:2026-07-23T20:00:00+00:00:2026-07-24T06:00:00+00:00,2026-07,DESCRIPTIVE_ONLY,LISTING_AFTER_30_DAYS,READY,60,60,0.0032419994081189347,0.0005544362606002194,0.004631108272117521,0.08800000000000155,0.0030341743851804172,0.4897959183673469,4,3,0.0033,0.0,8373.59,3953.0,0,0.0,0.0003180981666666667,8.51965220734642e-05,0.0
CRCLUSDT-R-CRCLUSDT-nyse_20260213T210000Z-s3,CRCLUSDT,R,3,CRCLUSDT-nyse_20260213T210000Z,R:CRCLUSDT:2026-02:3,2026-02,DESCRIPTIVE_ONLY,LISTING_DAYS_1_14,READY,4740,4740,0.08434379817808521,0.0010917359094569825,0.11105536042816526,0.016256816544912008,0.07763923524522032,0.5215245407183987,529,528,0.5808,0.1229957805907173,4614.193670886076,1584.4810126582279,0.0,0.0,0.0003695974303797468,0.00047211720490791706,0.0
CRCLUSDT-R-CRCLUSDT-nyse_20260213T210000Z-s10,CRCLUSDT,R,10,CRCLUSDT-nyse_20260213T210000Z,R:CRCLUSDT:2026-02:10,2026-02,DESCRIPTIVE_ONLY,LISTING_DAYS_1_14,READY,4740,4740,0.08434379817808521,0.0010917359094569825,0.11105536042816526,0.016256816544912008,0.07763923524522032,0.5215245407183987,529,528,0.5808,0.1229957805907173,4614.193670886076,1584.4810126582279,0.0,0.0,0.0003695974303797468,0.00047211720490791706,0.0
CRCLUSDT-R-CRCLUSDT-nyse_20260213T210000Z-s17,CRCLUSDT,R,17,CRCLUSDT-nyse_20260213T210000Z,R:CRCLUSDT:2026-02:17,2026-02,DESCRIPTIVE_ONLY,LISTING_DAYS_1_14,READY,4740,4740,0.08417560631854601,0.001085096833061913,0.11061136098617359,0.0161357054199421,0.07947569271611093,0.5202646815550042,524,523,0.5753,0.1259493670886076,4587.0239240506335,1575.3417721518988,0.0,0.0,0.0003684292194092827,0.00047099791694329914,0.0
CRCLUSDT-R-CRCLUSDT-nyse_20260213T210000Z-s31,CRCLUSDT,R,31,CRCLUSDT-nyse_20260213T210000Z,R:CRCLUSDT:2026-02:31,2026-02,DESCRIPTIVE_ONLY,LISTING_DAYS_1_14,READY,4740,4740,0.08434379817808521,0.0010917359094569825,0.11105536042816526,0.016256816544912008,0.07763923524522032,0.5215245407183987,529,528,0.5808,0.1229957805907173,4614.193670886076,1584.4810126582279,0.0,0.0,0.0003695974303797468,0.00047211720490791706,0.0
CRCLUSDT-R-CRCLUSDT-nyse_20260213T210000Z-s59,CRCLUSDT,R,59,CRCLUSDT-nyse_20260213T210000Z,R:CRCLUSDT:2026-02:59,2026-02,DESCRIPTIVE_ONLY,LISTING_DAYS_1_14,READY,4740,4740,0.08417560631854601,0.001085096833061913,0.11061136098617359,0.0161357054199421,0.07947569271611093,0.5202646815550042,524,523,0.5753,0.1259493670886076,4587.0239240506335,1575.3417721518988,0.0,0.0,0.0003684292194092827,0.00047099791694329914,0.0
CRCLUSDT-R-CRCLUSDT-nyse_20260213T210000Z-s97,CRCLUSDT,R,97,CRCLUSDT-nyse_20260213T210000Z,R:CRCLUSDT:2026-02:97,2026-02,DESCRIPTIVE_ONLY,LISTING_DAYS_1_14,READY,4740,4740,0.08459030668353465,0.0011021229061636201,0.110925492816572,0.018527996724332058,0.07763923524522032,0.5237834882449426,536,535,0.5885,0.11962025316455696,4735.56670886076,1613.506329113924,0.0,0.0,0.0003763722953586498,0.0004724008214603427,0.0
CRCLUSDT-R-CRCLUSDT-nyse_20260220T210000Z-s3,CRCLUSDT,R,3,CRCLUSDT-nyse_20260220T210000Z,R:CRCLUSDT:2026-02:3,2026-02,DESCRIPTIVE_ONLY,LISTING_DAYS_1_14,READY,3300,3300,0.0610298338041896,0.0011043694202829849,0.0793008577439715,0.006141402037147992,0.03899855560905151,0.5748774047529234,332,331,0.36410000000000003,0.0893939393939394,4114.883454545455,1126.6909090909091,0.0020252,0.0003375333333333333,0.0007754270636363637,0.00024130090442709884,0.0
CRCLUSDT-R-CRCLUSDT-nyse_20260220T210000Z-s10,CRCLUSDT,R,10,CRCLUSDT-nyse_20260220T210000Z,R:CRCLUSDT:2026-02:10,2026-02,DESCRIPTIVE_ONLY,LISTING_DAYS_1_14,READY,3300,3300,0.06080733870844975,0.0011009436003216052,0.07935222672064775,0.007092198581560263,0.03899855560905151,0.5727238383075179,334,333,0.3663,0.08696969696969697,4083.3187272727273,1133.7454545454545,0.0020252,0.0002893142857142857,0.0007778152878787879,0.00024380568360317864,0.0
CRCLUSDT-R-CRCLUSDT-nyse_20260220T210000Z-s17,CRCLUSDT,R,17,CRCLUSDT-nyse_20260220T210000Z,R:CRCLUSDT:2026-02:17,2026-02,DESCRIPTIVE_ONLY,LISTING_DAYS_1_14,READY,3300,3300,0.0610298338041896,0.0011043694202829849,0.0793008577439715,0.006141402037147992,0.03899855560905151,0.5748774047529234,332,331,0.36410000000000003,0.0893939393939394,4114.883454545455,1126.6909090909091,0.0020252,0.0003375333333333333,0.0007754270636363637,0.00024130090442709884,0.0
CRCLUSDT-R-CRCLUSDT-nyse_20260220T210000Z-s31,CRCLUSDT,R,31,CRCLUSDT-nyse_20260220T210000Z,R:CRCLUSDT:2026-02:31,2026-02,DESCRIPTIVE_ONLY,LISTING_DAYS_1_14,READY,3300,3300,0.06103981321960594,0.0010990786018397062,0.07928802588996761,0.005240305434945371,0.03899855560905151,0.5739130434782609,334,333,0.3663,0.09333333333333334,4113.820909090909,1103.8363636363636,0.00215258,0.00030751142857142857,0.0007867570545454545,0.00023817182681155945,0.0
CRCLUSDT-R-CRCLUSDT-nyse_20260220T210000Z-s59,CRCLUSDT,R,59,CRCLUSDT-nyse_20260220T210000Z,R:CRCLUSDT:2026-02:59,2026-02,DESCRIPTIVE_ONLY,LISTING_DAYS_1_14,READY,3300,3300,0.06080733870844975,0.0011009436003216052,0.07935222672064775,0.007092198581560263,0.03899855560905151,0.5727238383075179,334,333,0.3663,0.08696969696969697,4083.3187272727273,1133.7454545454545,0.0020252,0.0002893142857142857,0.0007778152878787879,0.00024380568360317864,0.0
CRCLUSDT-R-CRCLUSDT-nyse_20260220T210000Z-s97,CRCLUSDT,R,97,CRCLUSDT-nyse_20260220T210000Z,R:CRCLUSDT:2026-02:97,2026-02,DESCRIPTIVE_ONLY,LISTING_DAYS_1_14,READY,3300,3300,0.06080733870844975,0.0011009436003216052,0.07935222672064775,0.007092198581560263,0.03899855560905151,0.5727238383075179,334,333,0.3663,0.08696969696969697,4083.3187272727273,1133.7454545454545,0.0020252,0.0002893142857142857,0.0007778152878787879,0.00024380568360317864,0.0
CRCLUSDT-R-CRCLUSDT-nyse_20260227T210000Z-s3,CRCLUSDT,R,3,CRCLUSDT-nyse_20260227T210000Z,R:CRCLUSDT:2026-02:3,2026-02,DESCRIPTIVE_ONLY,LISTING_DAYS_15_30,READY,3300,3300,0.12475112241406758,0.0024219750176555487,0.4747933214459395,0.07944282871575076,0.4707597602462338,0.5110233629483383,563,562,0.6182000000000001,0.011212121212121211,46025.793454545455,11716.363636363636,0.00172818,0.00024688285714285715,0.0009243056757575758,0.00029751728195422984,0.0
CRCLUSDT-R-CRCLUSDT-nyse_20260227T210000Z-s10,CRCLUSDT,R,10,CRCLUSDT-nyse_20260227T210000Z,R:CRCLUSDT:2026-02:10,2026-02,DESCRIPTIVE_ONLY,LISTING_DAYS_15_30,READY,3300,3300,0.12401133333915694,0.0024069626192603642,0.4510886715052067,0.07732069782468229,0.39633958781913275,0.514662273476112,554,553,0.6083000000000001,0.009393939393939394,46110.97090909091,11767.254545454545,0.00145411,0.00020773,0.0008893288848484848,0.000293961665282766,0.0
CRCLUSDT-R-CRCLUSDT-nyse_20260227T210000Z-s17,CRCLUSDT,R,17,CRCLUSDT-nyse_20260227T210000Z,R:CRCLUSDT:2026-02:17,2026-02,DESCRIPTIVE_ONLY,LISTING_DAYS_15_30,READY,3300,3300,0.12475112241406758,0.0024219750176555487,0.4747933214459395,0.07944282871575076,0.4707597602462338,0.5110233629483383,563,562,0.6182000000000001,0.011212121212121211,46025.793454545455,11716.363636363636,0.00172818,0.00024688285714285715,0.0009243056757575758,0.00029751728195422984,0.0
CRCLUSDT-R-CRCLUSDT-nyse_20260227T210000Z-s31,CRCLUSDT,R,31,CRCLUSDT-nyse_20260227T210000Z,R:CRCLUSDT:2026-02:31,2026-02,DESCRIPTIVE_ONLY,LISTING_DAYS_15_30,READY,3300,3300,0.12472480458553065,0.002424491888258979,0.46758064516129033,0.07833791628475399,0.4636466226019669,0.514454664914586,562,561,0.6171,0.009393939393939394,46080.91090909091,11738.018181818183,0.00132036,0.00022006,0.0008988539242424242,0.0002968678774824143,0.0
CRCLUSDT-R-CRCLUSDT-nyse_20260227T210000Z-s59,CRCLUSDT,R,59,CRCLUSDT-nyse_20260227T210000Z,R:CRCLUSDT:2026-02:59,2026-02,DESCRIPTIVE_ONLY,LISTING_DAYS_15_30,READY,3300,3300,0.12401133333915694,0.0024069626192603642,0.4510886715052067,0.07732069782468229,0.39633958781913275,0.514662273476112,554,553,0.6083000000000001,0.009393939393939394,46110.97090909091,11767.254545454545,0.00145411,0.00020773,0.0008893288848484848,0.000293961665282766,0.0
CRCLUSDT-R-CRCLUSDT-nyse_20260227T210000Z-s97,CRCLUSDT,R,97,CRCLUSDT-nyse_20260227T210000Z,R:CRCLUSDT:2026-02:97,2026-02,DESCRIPTIVE_ONLY,LISTING_DAYS_15_30,READY,3300,3300,0.09871241975924548,0.0018335861484690109,0.4217653777125142,0.09926663174436873,0.3889250814332248,0.5104017216642754,469,468,0.5148,0.08181818181818182,26372.676,5772.109090909091,0.00274166,0.00045694333333333334,0.0010218880424242424,0.0002782662869841885,1.0
CRCLUSDT-R-CRCLUSDT-nyse_20260306T210000Z-s3,CRCLUSDT,R,3,CRCLUSDT-nyse_20260306T210000Z,R:CRCLUSDT:2026-03:3,2026-03,RESEARCH_DEVELOPMENT,LISTING_DAYS_15_30,READY,3240,3240,0.0835018753729991,0.0017218252628220124,0.11471974855945521,0.0008006405124099314,0.0652831820146995,0.5119586296056884,490,489,0.5379,0.0,24250.200740740744,9384.648148148148,0.00375551,0.0006259183333333333,0.0014885941172839505,0.0002227202261251392,0.0
CRCLUSDT-R-CRCLUSDT-nyse_20260306T210000Z-s10,CRCLUSDT,R,10,CRCLUSDT-nyse_20260306T210000Z,R:CRCLUSDT:2026-03:10,2026-03,RESEARCH_DEVELOPMENT,LISTING_DAYS_15_30,READY,3240,3240,0.10205125447695863,0.001989270336038108,0.13638666531563476,0.021405898152418685,0.11613753930418909,0.4900424420502775,536,535,0.5885,0.0012345679012345679,29843.311481481483,9371.703703703704,0.00159653,0.00026608833333333337,0.0009589536018518519,0.00028445037264285977,0.0
CRCLUSDT-R-CRCLUSDT-nyse_20260306T210000Z-s17,CRCLUSDT,R,17,CRCLUSDT-nyse_20260306T210000Z,R:CRCLUSDT:2026-03:17,2026-03,RESEARCH_DEVELOPMENT,LISTING_DAYS_15_30,READY,3240,3240,0.08212327994577467,0.0016141947750394616,0.11055022715800102,0.013719419656407454,0.07026253786603844,0.5014615134784021,445,444,0.48840000000000006,0.0,24274.27425925926,9606.185185185184,0.00290525,0.0004842083333333333,0.0012655390061728396,0.0002160572166514133,0.0
CRCLUSDT-R-CRCLUSDT-nyse_20260306T210000Z-s31,CRCLUSDT,R,31,CRCLUSDT-nyse_20260306T210000Z,R:CRCLUSDT:2026-03:31,2026-03,RESEARCH_DEVELOPMENT,LISTING_DAYS_15_30,READY,3240,3240,0.08385244561090871,0.0017314905639932978,0.11438022284122563,0.0005398494104276112,0.0652831820146995,0.5150242326332795,498,497,0.5467000000000001,0.0,23963.274814814817,9381.148148148148,0.00375551,0.0006259183333333333,0.0014820487530864197,0.00022450310430361574,0.0
CRCLUSDT-R-CRCLUSDT-nyse_20260306T210000Z-s59,CRCLUSDT,R,59,CRCLUSDT-nyse_20260306T210000Z,R:CRCLUSDT:2026-03:59,2026-03,RESEARCH_DEVELOPMENT,LISTING_DAYS_15_30,READY,3240,3240,0.10933718483482123,0.002236948663208987,0.1745317568274564,0.022273425499231957,0.10379904504878555,0.492725509214355,624,623,0.6853,0.00030864197530864197,31857.31037037037,10458.037037037036,0.00228472,0.00032638857142857145,0.0011371787314814815,0.0003122494917458441,0.0
CRCLUSDT-R-CRCLUSDT-nyse_20260306T210000Z-s97,CRCLUSDT,R,97,CRCLUSDT-nyse_20260306T210000Z,R:CRCLUSDT:2026-03:97,2026-03,RESEARCH_DEVELOPMENT,LISTING_DAYS_15_30,READY,3240,3240,0.08212327994577467,0.0016141947750394616,0.11055022715800102,0.013719419656407454,0.07026253786603844,0.5014615134784021,445,444,0.48840000000000006,0.0,24274.27425925926,9606.185185185184,0.00290525,0.0004842083333333333,0.0012655390061728396,0.0002160572166514133,0.0
CRCLUSDT-R-CRCLUSDT-nyse_20260313T200000Z-s3,CRCLUSDT,R,3,CRCLUSDT-nyse_20260313T200000Z,R:CRCLUSDT:2026-03:3,2026-03,RESEARCH_DEVELOPMENT,LISTING_AFTER_30_DAYS,READY,3300,3300,0.08574894873722311,0.0016485671921876003,0.10547022773700526,0.013673290838645148,0.08062448148427481,0.5060012634238787,471,470,0.517,0.00030303030303030303,35803.636,11814.381818181819,4.863e-05,8.105e-06,0.0006117482181818182,0.00021781877780562632,0.0
CRCLUSDT-R-CRCLUSDT-nyse_20260313T200000Z-s10,CRCLUSDT,R,10,CRCLUSDT-nyse_20260313T200000Z,R:CRCLUSDT:2026-03:10,2026-03,RESEARCH_DEVELOPMENT,LISTING_AFTER_30_DAYS,READY,3300,3300,0.11105249600448942,0.002206322823025444,0.22425828970331585,0.05515312343111242,0.21890350182221516,0.49904580152671757,545,544,0.5984,0.0006060606060606061,74919.822,19716.672727272726,0.00399283,0.0005704042857142857,0.0013306686454545454,0.00025227755377031343,0.0
CRCLUSDT-R-CRCLUSDT-nyse_20260313T200000Z-s17,CRCLUSDT,R,17,CRCLUSDT-nyse_20260313T200000Z,R:CRCLUSDT:2026-03:17,2026-03,RESEARCH_DEVELOPMENT,LISTING_AFTER_30_DAYS,READY,3300,3300,0.11078387765415178,0.002189782212467636,0.2242760809202697,0.0557751639028153,0.21890350182221516,0.4988849952214081,533,532,0.5852,0.0006060606060606061,74638.06072727272,19625.30909090909,0.00399283,0.0005704042857142857,0.0013307728727272729,0.0002506673864378506,0.0
CRCLUSDT-R-CRCLUSDT-nyse_20260313T200000Z-s31,CRCLUSDT,R,31,CRCLUSDT-nyse_20260313T200000Z,R:CRCLUSDT:2026-03:31,2026-03,RESEARCH_DEVELOPMENT,LISTING_AFTER_30_DAYS,READY,3300,3300,0.09082004914858657,0.001862123912818425,0.1301254816717716,0.005184686136090679,0.08459184680683045,0.5019047619047619,538,537,0.5907,0.0006060606060606061,49098.816545454545,14216.036363636364,0.00502313,0.0007175899999999999,0.0013622450606060605,0.00020490060504680318,0.0
CRCLUSDT-R-CRCLUSDT-nyse_20260313T200000Z-s59,CRCLUSDT,R,59,CRCLUSDT-nyse_20260313T200000Z,R:CRCLUSDT:2026-03:59,2026-03,RESEARCH_DEVELOPMENT,LISTING_AFTER_30_DAYS,READY,3300,3300,0.09082004914858657,0.001862123912818425,0.1301254816717716,0.005184686136090679,0.08459184680683045,0.5019047619047619,538,537,0.5907,0.0006060606060606061,49098.816545454545,14216.036363636364,0.00502313,0.0007175899999999999,0.0013622450606060605,0.00020490060504680318,0.0
CRCLUSDT-R-CRCLUSDT-nyse_20260313T200000Z-s97,CRCLUSDT,R,97,CRCLUSDT-nyse_20260313T200000Z,R:CRCLUSDT:2026-03:97,2026-03,RESEARCH_DEVELOPMENT,LISTING_AFTER_30_DAYS,READY,3300,3300,0.11105249600448942,0.002206322823025444,0.22425828970331585,0.05515312343111242,0.21890350182221516,0.49904580152671757,545,544,0.5984,0.0006060606060606061,74919.822,19716.672727272726,0.00399283,0.0005704042857142857,0.0013306686454545454,0.00025227755377031343,0.0
CRCLUSDT-R-CRCLUSDT-nyse_20260320T200000Z-s3,CRCLUSDT,R,3,CRCLUSDT-nyse_20260320T200000Z,R:CRCLUSDT:2026-03:3,2026-03,RESEARCH_DEVELOPMENT,LISTING_AFTER_30_DAYS,READY,3300,3300,0.09001918290284931,0.0018311321397957714,0.1279013304846072,0.010128010929935543,0.06576139670223086,0.5015873015873016,533,532,0.5852,0.0006060606060606061,47842.515090909095,13834.163636363637,0.00417816,0.00069636,0.0013178492606060607,0.0002020376234799094,0.0
CRCLUSDT-R-CRCLUSDT-nyse_20260320T200000Z-s10,CRCLUSDT,R,10,CRCLUSDT-nyse_20260320T200000Z,R:CRCLUSDT:2026-03:10,2026-03,RESEARCH_DEVELOPMENT,LISTING_AFTER_30_DAYS,READY,3300,3300,0.08224022379191324,0.0016724879677493336,0.1278421756576016,0.005293307229352457,0.10320008858376695,0.5053311793214863,429,428,0.47080000000000005,0.0,59939.0570909091,16321.454545454546,0.00085875,0.00012267857142857143,0.0008747334212121213,0.00020315141748968152,0.0
CRCLUSDT-R-CRCLUSDT-nyse_20260320T200000Z-s17,CRCLUSDT,R,17,CRCLUSDT-nyse_20260320T200000Z,R:CRCLUSDT:2026-03:17,2026-03,RESEARCH_DEVELOPMENT,LISTING_AFTER_30_DAYS,READY,3300,3300,0.08224022379191324,0.0016724879677493336,0.1278421756576016,0.005293307229352457,0.10320008858376695,0.5053311793214863,429,428,0.47080000000000005,0.0,59939.0570909091,16321.454545454546,0.00085875,0.00012267857142857143,0.0008747334212121213,0.00020315141748968152,0.0
CRCLUSDT-R-CRCLUSDT-nyse_20260320T200000Z-s31,CRCLUSDT,R,31,CRCLUSDT-nyse_20260320T200000Z,R:CRCLUSDT:2026-03:31,2026-03,RESEARCH_DEVELOPMENT,LISTING_AFTER_30_DAYS,READY,3300,3300,0.08001587075758552,0.0015548084312274112,0.10712030312598668,0.016911112270995326,0.07799179033785913,0.5112448527082674,460,459,0.5049,0.00030303030303030303,27357.762363636364,9825.49090909091,0.0002186,3.1228571428571426e-05,0.0005311143575757576,0.0002004881191088342,0.0
CRCLUSDT-R-CRCLUSDT-nyse_20260320T200000Z-s59,CRCLUSDT,R,59,CRCLUSDT-nyse_20260320T200000Z,R:CRCLUSDT:2026-03:59,2026-03,RESEARCH_DEVELOPMENT,LISTING_AFTER_30_DAYS,READY,3300,3300,0.07980437883417718,0.0015632669950940855,0.1049172723055512,0.006097560975609764,0.058276503409795496,0.5107663077897403,456,455,0.5005000000000001,0.00030303030303030303,27577.781636363638,9876.036363636364,0.0,0.0,0.000518598903030303,0.00019954182211246287,0.0
CRCLUSDT-R-CRCLUSDT-nyse_20260320T200000Z-s97,CRCLUSDT,R,97,CRCLUSDT-nyse_20260320T200000Z,R:CRCLUSDT:2026-03:97,2026-03,RESEARCH_DEVELOPMENT,LISTING_AFTER_30_DAYS,READY,3300,3300,0.08224022379191324,0.0016724879677493336,0.1278421756576016,0.005293307229352457,0.10320008858376695,0.5053311793214863,429,428,0.47080000000000005,0.0,59939.0570909091,16321.454545454546,0.00085875,0.00012267857142857143,0.0008747334212121213,0.00020315141748968152,0.0
CRCLUSDT-R-CRCLUSDT-nyse_20260327T200000Z-s3,CRCLUSDT,R,3,CRCLUSDT-nyse_20260327T200000Z,R:CRCLUSDT:2026-03:3,2026-03,RESEARCH_DEVELOPMENT,LISTING_AFTER_30_DAYS,READY,3300,3300,0.08249085662198113,0.0016777083946293136,0.12901775679928076,0.0005774922399480137,0.11968981793661487,0.5079211121888134,429,428,0.47080000000000005,0.0,60295.62690909091,16369.0,0.00085875,0.00012267857142857143,0.0008653131878787879,0.00020144050891568498,0.0
CRCLUSDT-R-CRCLUSDT-nyse_20260327T200000Z-s10,CRCLUSDT,R,10,CRCLUSDT-nyse_20260327T200000Z,R:CRCLUSDT:2026-03:10,2026-03,RESEARCH_DEVELOPMENT,LISTING_AFTER_30_DAYS,READY,3300,3300,0.08553819243980464,0.0016406156380989578,0.10531882744031416,0.017001777800035124,0.08062448148427481,0.5078963992419456,466,465,0.5115000000000001,0.00030303030303030303,35520.699636363635,11735.127272727274,4.863e-05,6.947142857142857e-06,0.0006124828212121212,0.00021656842725625025,0.0
CRCLUSDT-R-CRCLUSDT-nyse_20260327T200000Z-s17,CRCLUSDT,R,17,CRCLUSDT-nyse_20260327T200000Z,R:CRCLUSDT:2026-03:17,2026-03,RESEARCH_DEVELOPMENT,LISTING_AFTER_30_DAYS,READY,3300,3300,0.08574894873722311,0.0016485671921876003,0.10547022773700526,0.013673290838645148,0.08062448148427481,0.5060012634238787,471,470,0.517,0.00030303030303030303,35803.636,11814.381818181819,4.863e-05,8.105e-06,0.0006117482181818182,0.00021781877780562632,0.0
CRCLUSDT-R-CRCLUSDT-nyse_20260327T200000Z-s31,CRCLUSDT,R,31,CRCLUSDT-nyse_20260327T200000Z,R:CRCLUSDT:2026-03:31,2026-03,RESEARCH_DEVELOPMENT,LISTING_AFTER_30_DAYS,READY,3300,3300,0.08249085662198113,0.0016777083946293136,0.12901775679928076,0.0005774922399480137,0.11968981793661487,0.5079211121888134,429,428,0.47080000000000005,0.0,60295.62690909091,16369.0,0.00085875,0.00012267857142857143,0.0008653131878787879,0.00020144050891568498,0.0
CRCLUSDT-R-CRCLUSDT-nyse_20260327T200000Z-s59,CRCLUSDT,R,59,CRCLUSDT-nyse_20260327T200000Z,R:CRCLUSDT:2026-03:59,2026-03,RESEARCH_DEVELOPMENT,LISTING_AFTER_30_DAYS,READY,3300,3300,0.08249085662198113,0.0016777083946293136,0.12901775679928076,0.0005774922399480137,0.11968981793661487,0.5079211121888134,429,428,0.47080000000000005,0.0,60295.62690909091,16369.0,0.00085875,0.00012267857142857143,0.0008653131878787879,0.00020144050891568498,0.0
CRCLUSDT-R-CRCLUSDT-nyse_20260327T200000Z-s97,CRCLUSDT,R,97,CRCLUSDT-nyse_20260327T200000Z,R:CRCLUSDT:2026-03:97,2026-03,RESEARCH_DEVELOPMENT,LISTING_AFTER_30_DAYS,READY,3300,3300,0.08539453775780545,0.001628856734233371,0.1053825219231931,0.012633380310046311,0.08062448148427481,0.5086887835703001,463,462,0.5082,0.00030303030303030303,35173.274545454544,11633.036363636364,4.863e-05,6.947142857142857e-06,0.000611268409090909,0.0002156465103772056,0.0
CRCLUSDT-R-CRCLUSDT-nyse_20260402T200000Z-s3,CRCLUSDT,R,3,CRCLUSDT-nyse_20260402T200000Z,R:CRCLUSDT:2026-04:3,2026-04,RESEARCH_DEVELOPMENT,LISTING_AFTER_30_DAYS,READY,4740,4740,0.08308409038470087,0.001341461943377137,0.1898016997167139,0.014778625954198505,0.1057786483839373,0.5037628278221209,497,496,0.5456000000000001,0.0004219409282700422,47304.894936708864,12564.974683544304,0.00313743,0.000313743,0.0011511793185654008,0.0001794739193922841,0.0
CRCLUSDT-R-CRCLUSDT-nyse_20260402T200000Z-s10,CRCLUSDT,R,10,CRCLUSDT-nyse_20260402T200000Z,R:CRCLUSDT:2026-04:10,2026-04,RESEARCH_DEVELOPMENT,LISTING_AFTER_30_DAYS,READY,4740,4740,0.08305214366565457,0.0013403176702946036,0.1896570495372891,0.017014505171675125,0.1057786483839373,0.5018256503879507,496,495,0.5445,0.0004219409282700422,47345.95303797469,12565.683544303798,0.00313743,0.000313743,0.0011585024240506328,0.00017865666628408158,0.0
CRCLUSDT-R-CRCLUSDT-nyse_20260402T200000Z-s17,CRCLUSDT,R,17,CRCLUSDT-nyse_20260402T200000Z,R:CRCLUSDT:2026-04:17,2026-04,RESEARCH_DEVELOPMENT,LISTING_AFTER_30_DAYS,READY,4740,4740,0.08305214366565457,0.0013403176702946036,0.1896570495372891,0.017014505171675125,0.1057786483839373,0.5018256503879507,496,495,0.5445,0.0004219409282700422,47345.95303797469,12565.683544303798,0.00313743,0.000313743,0.0011585024240506328,0.00017865666628408158,0.0
CRCLUSDT-R-CRCLUSDT-nyse_20260402T200000Z-s31,CRCLUSDT,R,31,CRCLUSDT-nyse_20260402T200000Z,R:CRCLUSDT:2026-04:31,2026-04,RESEARCH_DEVELOPMENT,LISTING_AFTER_30_DAYS,READY,4740,4740,0.08972707511849133,0.0013484228150112921,0.11165631884638486,0.015862977602108017,0.1027075631931262,0.48664554096876417,528,527,0.5797,0.002320675105485232,42263.869493670885,10754.113924050633,0.00202898,0.00020289800000000002,0.0009021926160337552,0.00018982690668703462,0.0
CRCLUSDT-R-CRCLUSDT-nyse_20260402T200000Z-s59,CRCLUSDT,R,59,CRCLUSDT-nyse_20260402T200000Z,R:CRCLUSDT:2026-04:59,2026-04,RESEARCH_DEVELOPMENT,LISTING_AFTER_30_DAYS,READY,4740,4740,0.07634309353803027,0.0011311259770801021,0.07282008542556526,0.014871081630469667,0.055642879597610835,0.5163934426229508,432,431,0.4741,0.002109704641350211,24756.964556962026,7848.316455696203,0.0027711,0.00027711,0.001057782529535865,0.0001538794228352433,0.0
CRCLUSDT-R-CRCLUSDT-nyse_20260402T200000Z-s97,CRCLUSDT,R,97,CRCLUSDT-nyse_20260402T200000Z,R:CRCLUSDT:2026-04:97,2026-04,RESEARCH_DEVELOPMENT,LISTING_AFTER_30_DAYS,READY,4740,4740,0.07876070886457763,0.0013468541288884817,0.1113012071095903,0.011962552011095709,0.0929414003044141,0.47465753424657536,533,532,0.5852,0.0004219409282700422,29938.583291139243,9950.367088607594,0.00242205,0.00024220499999999998,0.0010759242953586497,0.0003344034428358957,0.0
CRCLUSDT-R-CRCLUSDT-nyse_20260410T200000Z-s3,CRCLUSDT,R,3,CRCLUSDT-nyse_20260410T200000Z,R:CRCLUSDT:2026-04:3,2026-04,RESEARCH_DEVELOPMENT,LISTING_AFTER_30_DAYS,READY,3300,3300,0.06959823293169552,0.001250087777481111,0.06558453743666724,0.0028089887640449533,0.03324903999250723,0.48013029315960915,355,354,0.3894,0.0027272727272727275,35147.40163636364,9292.581818181818,0.0019031999999999999,0.00027188571428571427,0.0009032047757575757,0.0001877851113625277,0.0
CRCLUSDT-R-CRCLUSDT-nyse_20260410T200000Z-s10,CRCLUSDT,R,10,CRCLUSDT-nyse_20260410T200000Z,R:CRCLUSDT:2026-04:10,2026-04,RESEARCH_DEVELOPMENT,LISTING_AFTER_30_DAYS,READY,3300,3300,0.0632029721507011,0.0010976076996997452,0.07467150945411825,0.010686699820124821,0.04331210191082801,0.5083135391923991,292,291,0.3201,0.0021212121212121214,24373.48218181818,7582.563636363637,0.00254131,0.00036304428571428576,0.0011310200121212122,0.0001501286388592166,0.0
CRCLUSDT-R-CRCLUSDT-nyse_20260410T200000Z-s17,CRCLUSDT,R,17,CRCLUSDT-nyse_20260410T200000Z,R:CRCLUSDT:2026-04:17,2026-04,RESEARCH_DEVELOPMENT,LISTING_AFTER_30_DAYS,READY,3300,3300,0.06596995377699352,0.0011730342946201257,0.06490259402021048,0.005236627024910647,0.05424577508867101,0.5071595071595072,313,312,0.3432,0.0024242424242424242,25652.77890909091,7999.418181818181,0.0013144,0.00018777142857142858,0.000984007303030303,0.00016048153978471437,0.0
CRCLUSDT-R-CRCLUSDT-nyse_20260410T200000Z-s31,CRCLUSDT,R,31,CRCLUSDT-nyse_20260410T200000Z,R:CRCLUSDT:2026-04:31,2026-04,RESEARCH_DEVELOPMENT,LISTING_AFTER_30_DAYS,READY,3300,3300,0.06927522876139604,0.0013126406583469225,0.1759773714516618,0.05656007838247093,0.13231369328679943,0.5060675631354542,350,349,0.3839,0.00030303030303030303,48380.956181818176,12275.745454545455,0.00250213,0.00035744714285714283,0.0011304801757575757,0.00016959234639531303,0.0
CRCLUSDT-R-CRCLUSDT-nyse_20260410T200000Z-s59,CRCLUSDT,R,59,CRCLUSDT-nyse_20260410T200000Z,R:CRCLUSDT:2026-04:59,2026-04,RESEARCH_DEVELOPMENT,LISTING_AFTER_30_DAYS,READY,3300,3300,0.06726143254583916,0.0013215395556273543,0.14850730006537366,0.007475813544415148,0.1057786483839373,0.5122508983992159,339,338,0.3718,0.0006060606060606061,44101.35345454545,12159.872727272726,0.00196293,0.0002804185714285714,0.0010842968909090909,0.00018161171892910595,0.0
CRCLUSDT-R-CRCLUSDT-nyse_20260410T200000Z-s97,CRCLUSDT,R,97,CRCLUSDT-nyse_20260410T200000Z,R:CRCLUSDT:2026-04:97,2026-04,RESEARCH_DEVELOPMENT,LISTING_AFTER_30_DAYS,READY,3300,3300,0.06321005565424151,0.0010993645982444436,0.07442504258943791,0.011095846982986404,0.04331210191082801,0.508801624915369,293,292,0.32120000000000004,0.0024242424242424242,24445.826363636363,7599.327272727272,0.00254131,0.00036304428571428576,0.0011202303363636364,0.00015029959939384544,0.0
CRCLUSDT-R-CRCLUSDT-nyse_20260417T200000Z-s3,CRCLUSDT,R,3,CRCLUSDT-nyse_20260417T200000Z,R:CRCLUSDT:2026-04:3,2026-04,RESEARCH_DEVELOPMENT,LISTING_AFTER_30_DAYS,READY,3300,3300,0.06458834347360003,0.0013173218702284772,0.07975708502024287,0.009698869171149071,0.06931495743818392,0.4722222222222222,368,367,0.4037,0.0006060606060606061,26417.496181818184,9344.345454545455,0.00103315,0.00017219166666666667,0.0010002974,0.00041567032087375707,0.0
CRCLUSDT-R-CRCLUSDT-nyse_20260417T200000Z-s10,CRCLUSDT,R,10,CRCLUSDT-nyse_20260417T200000Z,R:CRCLUSDT:2026-04:10,2026-04,RESEARCH_DEVELOPMENT,LISTING_AFTER_30_DAYS,READY,3300,3300,0.07786305864787246,0.00139394116294618,0.10859188544152747,0.02265253927658019,0.0912596401028278,0.49188311688311687,377,376,0.4136,0.0027272727272727275,44806.78472727273,11219.163636363637,0.00130508,0.0002175133333333333,0.0008929100848484849,0.00018992764152590916,0.0
CRCLUSDT-R-CRCLUSDT-nyse_20260417T200000Z-s17,CRCLUSDT,R,17,CRCLUSDT-nyse_20260417T200000Z,R:CRCLUSDT:2026-04:17,2026-04,RESEARCH_DEVELOPMENT,LISTING_AFTER_30_DAYS,READY,3300,3300,0.06502632522509817,0.00132595536137966,0.0811555737035525,0.012919244203173032,0.07695448050622568,0.46987557301899147,373,372,0.4092,0.0006060606060606061,26879.294363636363,9473.927272727273,0.0018113299999999999,0.00025876142857142855,0.0010302799575757575,0.00037171140144025836,0.0
CRCLUSDT-R-CRCLUSDT-nyse_20260417T200000Z-s31,CRCLUSDT,R,31,CRCLUSDT-nyse_20260417T200000Z,R:CRCLUSDT:2026-04:31,2026-04,RESEARCH_DEVELOPMENT,LISTING_AFTER_30_DAYS,READY,3300,3300,0.06754691576079205,0.001363138311281263,0.1113012071095903,0.008546309548149616,0.0929414003044141,0.46898588775845096,384,383,0.4213,0.0,33642.75309090909,10396.872727272726,0.0019565299999999997,0.0002795042857142857,0.0010304510181818182,0.00018412849889819805,0.0
CRCLUSDT-R-CRCLUSDT-nyse_20260417T200000Z-s59,CRCLUSDT,R,59,CRCLUSDT-nyse_20260417T200000Z,R:CRCLUSDT:2026-04:59,2026-04,RESEARCH_DEVELOPMENT,LISTING_AFTER_30_DAYS,READY,3300,3300,0.06723749727296219,0.0013545727302672706,0.11110056925996198,0.009496284062758095,0.0929414003044141,0.4717291255752794,379,378,0.4158,0.0,33200.59454545454,10325.945454545454,0.0016338099999999999,0.00027230166666666666,0.0010314199575757576,0.00018352936459544299,0.0
CRCLUSDT-R-CRCLUSDT-nyse_20260417T200000Z-s97,CRCLUSDT,R,97,CRCLUSDT-nyse_20260417T200000Z,R:CRCLUSDT:2026-04:97,2026-04,RESEARCH_DEVELOPMENT,LISTING_AFTER_30_DAYS,READY,3300,3300,0.07786305864787246,0.00139394116294618,0.10859188544152747,0.02265253927658019,0.0912596401028278,0.49188311688311687,377,376,0.4136,0.0027272727272727275,44806.78472727273,11219.163636363637,0.00130508,0.0002175133333333333,0.0008929100848484849,0.00018992764152590916,0.0
CRCLUSDT-R-CRCLUSDT-nyse_20260424T200000Z-s3,CRCLUSDT,R,3,CRCLUSDT-nyse_20260424T200000Z,R:CRCLUSDT:2026-04:3,2026-04,RESEARCH_DEVELOPMENT,LISTING_AFTER_30_DAYS,READY,3300,3300,0.0632029721507011,0.0010976076996997452,0.07467150945411825,0.010686699820124821,0.04331210191082801,0.5083135391923991,292,291,0.3201,0.0021212121212121214,24373.48218181818,7582.563636363637,0.00254131,0.00036304428571428576,0.0011310200121212122,0.0001501286388592166,0.0
CRCLUSDT-R-CRCLUSDT-nyse_20260424T200000Z-s10,CRCLUSDT,R,10,CRCLUSDT-nyse_20260424T200000Z,R:CRCLUSDT:2026-04:10,2026-04,RESEARCH_DEVELOPMENT,LISTING_AFTER_30_DAYS,READY,3300,3300,0.06502632522509817,0.00132595536137966,0.0811555737035525,0.012919244203173032,0.07695448050622568,0.46987557301899147,373,372,0.4092,0.0006060606060606061,26879.294363636363,9473.927272727273,0.0018113299999999999,0.00025876142857142855,0.0010302799575757575,0.00037171140144025836,0.0
CRCLUSDT-R-CRCLUSDT-nyse_20260424T200000Z-s17,CRCLUSDT,R,17,CRCLUSDT-nyse_20260424T200000Z,R:CRCLUSDT:2026-04:17,2026-04,RESEARCH_DEVELOPMENT,LISTING_AFTER_30_DAYS,READY,3300,3300,0.06897744336184868,0.0012280338379741344,0.06505956813104984,0.005269392590171935,0.03622782446311854,0.47920078611202094,350,349,0.3839,0.0030303030303030303,34596.94690909091,9100.563636363637,0.00096026,0.00016004333333333333,0.0008825032878787878,0.00018582049841267109,0.0
CRCLUSDT-R-CRCLUSDT-nyse_20260424T200000Z-s31,CRCLUSDT,R,31,CRCLUSDT-nyse_20260424T200000Z,R:CRCLUSDT:2026-04:31,2026-04,RESEARCH_DEVELOPMENT,LISTING_AFTER_30_DAYS,READY,3300,3300,0.06596995377699352,0.0011730342946201257,0.06490259402021048,0.005236627024910647,0.05424577508867101,0.5071595071595072,313,312,0.3432,0.0024242424242424242,25652.77890909091,7999.418181818181,0.0013144,0.00018777142857142858,0.000984007303030303,0.00016048153978471437,0.0
CRCLUSDT-R-CRCLUSDT-nyse_20260424T200000Z-s59,CRCLUSDT,R,59,CRCLUSDT-nyse_20260424T200000Z,R:CRCLUSDT:2026-04:59,2026-04,RESEARCH_DEVELOPMENT,LISTING_AFTER_30_DAYS,READY,3300,3300,0.06897744336184868,0.0012280338379741344,0.06505956813104984,0.005269392590171935,0.03622782446311854,0.47920078611202094,350,349,0.3839,0.0030303030303030303,34596.94690909091,9100.563636363637,0.00096026,0.00016004333333333333,0.0008825032878787878,0.00018582049841267109,0.0
CRCLUSDT-R-CRCLUSDT-nyse_20260424T200000Z-s97,CRCLUSDT,R,97,CRCLUSDT-nyse_20260424T200000Z,R:CRCLUSDT:2026-04:97,2026-04,RESEARCH_DEVELOPMENT,LISTING_AFTER_30_DAYS,READY,3300,3300,0.06758039847139723,0.0012830152646173725,0.17726671415487943,0.05505843681519375,0.13231369328679943,0.5032894736842105,342,341,0.37510000000000004,0.00030303030303030303,47559.747272727276,12050.181818181818,0.00250213,0.00041702166666666665,0.0011224234727272727,0.00016658336295037027,0.0
CRCLUSDT-R-CRCLUSDT-nyse_20260501T200000Z-s3,CRCLUSDT,R,3,CRCLUSDT-nyse_20260501T200000Z,R:CRCLUSDT:2026-05:3,2026-05,RESEARCH_DEVELOPMENT,LISTING_AFTER_30_DAYS,READY,3300,3300,0.08181245326735284,0.0017369055926547436,0.12569881201956673,0.0015772870662460639,0.07758470894874028,0.5031645569620253,449,448,0.4928,0.0,32020.644,13771.636363636364,0.00377055,0.0006284250000000001,0.0012421322757575758,0.00021541281190146872,0.0
CRCLUSDT-R-CRCLUSDT-nyse_20260501T200000Z-s10,CRCLUSDT,R,10,CRCLUSDT-nyse_20260501T200000Z,R:CRCLUSDT:2026-05:10,2026-05,RESEARCH_DEVELOPMENT,LISTING_AFTER_30_DAYS,READY,3300,3300,0.07394076161771307,0.001437367547012701,0.06241628716849727,0.002101202163204847,0.034126071965343466,0.523639896373057,397,396,0.43560000000000004,0.00030303030303030303,36953.01254545454,14418.49090909091,0.00078594,0.00011227714285714285,0.0009912349575757577,0.00018945559116773946,0.0
CRCLUSDT-R-CRCLUSDT-nyse_20260501T200000Z-s17,CRCLUSDT,R,17,CRCLUSDT-nyse_20260501T200000Z,R:CRCLUSDT:2026-05:17,2026-05,RESEARCH_DEVELOPMENT,LISTING_AFTER_30_DAYS,READY,3300,3300,0.10747593798824401,0.0021314371291821983,0.12816981284938825,0.009158214576111615,0.10886521848528058,0.5,522,521,0.5731,0.0,62235.28763636363,24601.2,0.00206748,0.00029535428571428573,0.0010636912674772037,0.0002377896494896303,0.0
CRCLUSDT-R-CRCLUSDT-nyse_20260501T200000Z-s31,CRCLUSDT,R,31,CRCLUSDT-nyse_20260501T200000Z,R:CRCLUSDT:2026-05:31,2026-05,RESEARCH_DEVELOPMENT,LISTING_AFTER_30_DAYS,READY,3300,3300,0.11893490459833315,0.0021794565714914594,0.17070909933570208,0.005953216139830453,0.07988532465519915,0.4918238993710692,543,542,0.5962000000000001,0.0,75297.88436363636,27064.6,0.0016121,0.00026868333333333335,0.001064128890052356,0.00025897986756583894,0.0
CRCLUSDT-R-CRCLUSDT-nyse_20260501T200000Z-s59,CRCLUSDT,R,59,CRCLUSDT-nyse_20260501T200000Z,R:CRCLUSDT:2026-05:59,2026-05,RESEARCH_DEVELOPMENT,LISTING_AFTER_30_DAYS,READY,3300,3300,0.10754269624517457,0.0021317751144825387,0.12707848019921275,0.008990110878034141,0.06784589290041197,0.49873577749683945,519,518,0.5698000000000001,0.0,62115.67763636364,24564.2,0.00137507,0.00022917833333333331,0.001053489790909091,0.0002387853137979979,0.0
CRCLUSDT-R-CRCLUSDT-nyse_20260501T200000Z-s97,CRCLUSDT,R,97,CRCLUSDT-nyse_20260501T200000Z,R:CRCLUSDT:2026-05:97,2026-05,RESEARCH_DEVELOPMENT,LISTING_AFTER_30_DAYS,READY,3300,3300,0.09917883998936294,0.0020822777420207955,0.14430525795285978,0.0021929328781678816,0.07256273138626074,0.5136921624173749,565,564,0.6204000000000001,0.0,43861.72418181819,16494.636363636364,0.00363122,0.0005187457142857143,0.001215699896656535,0.00022973613227335427,0.0
CRCLUSDT-R-CRCLUSDT-nyse_20260508T200000Z-s3,CRCLUSDT,R,3,CRCLUSDT-nyse_20260508T200000Z,R:CRCLUSDT:2026-05:3,2026-05,RESEARCH_DEVELOPMENT,LISTING_AFTER_30_DAYS,READY,3300,3300,0.07168955804191247,0.001329167794527842,0.07834142831444511,0.019677996422182414,0.06016391966135272,0.5231572080887149,394,393,0.4323,0.0,38115.72563636363,15029.945454545454,0.00140801,0.0002011442857142857,0.0010365984424242423,0.00017045134457769847,0.0
CRCLUSDT-R-CRCLUSDT-nyse_20260508T200000Z-s10,CRCLUSDT,R,10,CRCLUSDT-nyse_20260508T200000Z,R:CRCLUSDT:2026-05:10,2026-05,RESEARCH_DEVELOPMENT,LISTING_AFTER_30_DAYS,READY,3300,3300,0.08216193114257826,0.0017562181373373428,0.1255671902268761,0.002064616929858811,0.07758470894874028,0.5047408343868521,455,454,0.4994,0.0,32286.110363636366,13879.818181818182,0.00478988,0.0006842685714285714,0.0012413070030303029,0.0002155708093879116,0.0
CRCLUSDT-R-CRCLUSDT-nyse_20260508T200000Z-s17,CRCLUSDT,R,17,CRCLUSDT-nyse_20260508T200000Z,R:CRCLUSDT:2026-05:17,2026-05,RESEARCH_DEVELOPMENT,LISTING_AFTER_30_DAYS,READY,3300,3300,0.07394076161771307,0.001437367547012701,0.06241628716849727,0.002101202163204847,0.034126071965343466,0.523639896373057,397,396,0.43560000000000004,0.00030303030303030303,36953.01254545454,14418.49090909091,0.00078594,0.00011227714285714285,0.0009912349575757577,0.00018945559116773946,0.0
CRCLUSDT-R-CRCLUSDT-nyse_20260508T200000Z-s31,CRCLUSDT,R,31,CRCLUSDT-nyse_20260508T200000Z,R:CRCLUSDT:2026-05:31,2026-05,RESEARCH_DEVELOPMENT,LISTING_AFTER_30_DAYS,READY,3300,3300,0.06185471088473517,0.0011849882631843468,0.11509270823325972,0.02152693045145542,0.0590664617748752,0.5077023926581449,344,343,0.3773,0.0,41801.275272727275,13939.50909090909,0.00057489,9.5815e-05,0.0007822958636363637,0.00016129373658179986,0.0
CRCLUSDT-R-CRCLUSDT-nyse_20260508T200000Z-s59,CRCLUSDT,R,59,CRCLUSDT-nyse_20260508T200000Z,R:CRCLUSDT:2026-05:59,2026-05,RESEARCH_DEVELOPMENT,LISTING_AFTER_30_DAYS,READY,3300,3300,0.08216193114257826,0.0017562181373373428,0.1255671902268761,0.002064616929858811,0.07758470894874028,0.5047408343868521,455,454,0.4994,0.0,32286.110363636366,13879.818181818182,0.00478988,0.0006842685714285714,0.0012413070030303029,0.0002155708093879116,0.0
CRCLUSDT-R-CRCLUSDT-nyse_20260508T200000Z-s97,CRCLUSDT,R,97,CRCLUSDT-nyse_20260508T200000Z,R:CRCLUSDT:2026-05:97,2026-05,RESEARCH_DEVELOPMENT,LISTING_AFTER_30_DAYS,READY,3300,3300,0.10754269624517457,0.0021317751144825387,0.12707848019921275,0.008990110878034141,0.06784589290041197,0.49873577749683945,519,518,0.5698000000000001,0.0,62115.67763636364,24564.2,0.00137507,0.00022917833333333331,0.001053489790909091,0.0002387853137979979,0.0
CRCLUSDT-R-CRCLUSDT-nyse_20260515T200000Z-s3,CRCLUSDT,R,3,CRCLUSDT-nyse_20260515T200000Z,R:CRCLUSDT:2026-05:3,2026-05,RESEARCH_DEVELOPMENT,LISTING_AFTER_30_DAYS,READY,3300,3300,0.10747593798824401,0.0021314371291821983,0.12816981284938825,0.009158214576111615,0.10886521848528058,0.5,522,521,0.5731,0.0,62235.28763636363,24601.2,0.00206748,0.00029535428571428573,0.0010636912674772037,0.0002377896494896303,0.0
CRCLUSDT-R-CRCLUSDT-nyse_20260515T200000Z-s10,CRCLUSDT,R,10,CRCLUSDT-nyse_20260515T200000Z,R:CRCLUSDT:2026-05:10,2026-05,RESEARCH_DEVELOPMENT,LISTING_AFTER_30_DAYS,READY,3300,3300,0.06185471088473517,0.0011849882631843468,0.11509270823325972,0.02152693045145542,0.0590664617748752,0.5077023926581449,344,343,0.3773,0.0,41801.275272727275,13939.50909090909,0.00057489,9.5815e-05,0.0007822958636363637,0.00016129373658179986,0.0
CRCLUSDT-R-CRCLUSDT-nyse_20260515T200000Z-s17,CRCLUSDT,R,17,CRCLUSDT-nyse_20260515T200000Z,R:CRCLUSDT:2026-05:17,2026-05,RESEARCH_DEVELOPMENT,LISTING_AFTER_30_DAYS,READY,3300,3300,0.08265471958184613,0.0017727015831276503,0.1266390917891402,0.0016023870040888452,0.08741013501665788,0.5050568900126422,457,456,0.5016,0.0,32555.361090909093,13988.8,0.00478988,0.0006842685714285714,0.0012558250636363637,0.00021632122750295534,0.0
CRCLUSDT-R-CRCLUSDT-nyse_20260515T200000Z-s31,CRCLUSDT,R,31,CRCLUSDT-nyse_20260515T200000Z,R:CRCLUSDT:2026-05:31,2026-05,RESEARCH_DEVELOPMENT,LISTING_AFTER_30_DAYS,READY,3300,3300,0.07168955804191247,0.001329167794527842,0.07834142831444511,0.019677996422182414,0.06016391966135272,0.5231572080887149,394,393,0.4323,0.0,38115.72563636363,15029.945454545454,0.00140801,0.0002011442857142857,0.0010365984424242423,0.00017045134457769847,0.0
CRCLUSDT-R-CRCLUSDT-nyse_20260515T200000Z-s59,CRCLUSDT,R,59,CRCLUSDT-nyse_20260515T200000Z,R:CRCLUSDT:2026-05:59,2026-05,RESEARCH_DEVELOPMENT,LISTING_AFTER_30_DAYS,READY,3300,3300,0.0620402299653339,0.0011885393484902162,0.11039523031060683,0.0225824628321269,0.0590664617748752,0.5090252707581228,348,347,0.38170000000000004,0.0,41823.88436363637,13959.6,0.00099744,0.00014249142857142858,0.0007979682878787879,0.00016203790423367567,0.0
CRCLUSDT-R-CRCLUSDT-nyse_20260515T200000Z-s97,CRCLUSDT,R,97,CRCLUSDT-nyse_20260515T200000Z,R:CRCLUSDT:2026-05:97,2026-05,RESEARCH_DEVELOPMENT,LISTING_AFTER_30_DAYS,READY,3300,3300,0.07168955804191247,0.001329167794527842,0.07834142831444511,0.019677996422182414,0.06016391966135272,0.5231572080887149,394,393,0.4323,0.0,38115.72563636363,15029.945454545454,0.00140801,0.0002011442857142857,0.0010365984424242423,0.00017045134457769847,0.0
CRCLUSDT-R-CRCLUSDT-nyse_20260522T200000Z-s10,CRCLUSDT,R,10,CRCLUSDT-nyse_20260522T200000Z,R:CRCLUSDT:2026-05:10,2026-05,RESEARCH_DEVELOPMENT,LISTING_AFTER_30_DAYS,READY,4740,4740,0.14309449707233865,0.0022835687809060683,0.18275915340645754,0.012461101523325501,0.1125360449233571,0.49332749945307375,809,808,0.8888,0.0,75927.5940506329,27931.772151898735,0.00244568,0.00027174222222222223,0.0010577781611940298,0.0002604401590777024,0.0
CRCLUSDT-R-CRCLUSDT-nyse_20260522T200000Z-s31,CRCLUSDT,R,31,CRCLUSDT-nyse_20260522T200000Z,R:CRCLUSDT:2026-05:31,2026-05,RESEARCH_DEVELOPMENT,LISTING_AFTER_30_DAYS,READY,4740,4740,0.1141364398418589,0.001993836289493596,0.16836986978737437,0.01239231278992711,0.0906006950190303,0.5104007006787825,769,768,0.8448,0.0,40682.454556962024,16047.379746835442,0.00564819,0.000564819,0.001234451623678647,0.00022802145858190828,0.0
CRCLUSDT-R-CRCLUSDT-nyse_20260522T200000Z-s59,CRCLUSDT,R,59,CRCLUSDT-nyse_20260522T200000Z,R:CRCLUSDT:2026-05:59,2026-05,RESEARCH_DEVELOPMENT,LISTING_AFTER_30_DAYS,READY,4740,4740,0.09165472531896787,0.0014477349367534235,0.08500758996338968,0.010649195949970212,0.06016391966135272,0.5244534595447374,576,575,0.6325000000000001,0.0002109704641350211,41031.70493670886,16079.60759493671,0.0015695,0.00015695,0.0010204443734177213,0.00018934815614870797,0.0
CRCLUSDT-R-CRCLUSDT-nyse_20260529T200000Z-s3,CRCLUSDT,R,3,CRCLUSDT-nyse_20260529T200000Z,R:CRCLUSDT:2026-05:3,2026-05,RESEARCH_DEVELOPMENT,LISTING_AFTER_30_DAYS,READY,3300,3300,0.06196098147482733,0.0011906793230458189,0.11490384615384618,0.023925104022191338,0.0590664617748752,0.5070561207745323,350,349,0.3839,0.0,41850.426545454546,13984.254545454545,0.00099744,0.00014249142857142858,0.0007918027272727273,0.00016159952346699624,0.0
CRCLUSDT-R-CRCLUSDT-nyse_20260529T200000Z-s17,CRCLUSDT,R,17,CRCLUSDT-nyse_20260529T200000Z,R:CRCLUSDT:2026-05:17,2026-05,RESEARCH_DEVELOPMENT,LISTING_AFTER_30_DAYS,READY,3300,3300,0.06185471088473517,0.0011849882631843468,0.11509270823325972,0.02152693045145542,0.0590664617748752,0.5077023926581449,344,343,0.3773,0.0,41801.275272727275,13939.50909090909,0.00057489,9.5815e-05,0.0007822958636363637,0.00016129373658179986,0.0
CRCLUSDT-R-CRCLUSDT-nyse_20260529T200000Z-s97,CRCLUSDT,R,97,CRCLUSDT-nyse_20260529T200000Z,R:CRCLUSDT:2026-05:97,2026-05,RESEARCH_DEVELOPMENT,LISTING_AFTER_30_DAYS,READY,3300,3300,0.06185471088473517,0.0011849882631843468,0.11509270823325972,0.02152693045145542,0.0590664617748752,0.5077023926581449,344,343,0.3773,0.0,41801.275272727275,13939.50909090909,0.00057489,9.5815e-05,0.0007822958636363637,0.00016129373658179986,0.0
CRCLUSDT-R-CRCLUSDT-nyse_20260605T200000Z-s3,CRCLUSDT,R,3,CRCLUSDT-nyse_20260605T200000Z,R:CRCLUSDT:2026-06:3,2026-06,SEALED_SHORT_OOS,LISTING_AFTER_30_DAYS,READY,3300,3300,0.08423431304462382,0.0017042504010536556,0.12413709579750516,0.007647574285031429,0.06842867487328025,0.5121713729308666,491,490,0.539,0.0,64406.554000000004,18298.70909090909,0.0008110400000000001,0.00011586285714285715,0.0008288483151515152,0.00018462383708543146,0.0
CRCLUSDT-R-CRCLUSDT-nyse_20260605T200000Z-s10,CRCLUSDT,R,10,CRCLUSDT-nyse_20260605T200000Z,R:CRCLUSDT:2026-06:10,2026-06,SEALED_SHORT_OOS,LISTING_AFTER_30_DAYS,READY,3300,3300,0.08384398692142796,0.0016089711103181555,0.13268523384130312,0.03239988531014058,0.11857966457023059,0.5082182774490467,492,491,0.5401,0.0,66388.17909090909,18708.636363636364,0.00238225,0.00034032142857142855,0.0008814126272727272,0.0001705945623028514,0.0
CRCLUSDT-R-CRCLUSDT-nyse_20260605T200000Z-s17,CRCLUSDT,R,17,CRCLUSDT-nyse_20260605T200000Z,R:CRCLUSDT:2026-06:17,2026-06,SEALED_SHORT_OOS,LISTING_AFTER_30_DAYS,READY,3300,3300,0.08044916903409191,0.0016506230223719191,0.09044538442398602,0.008567828643427162,0.0594519859225742,0.5226163358281809,463,462,0.5082,0.0,62800.409999999996,17436.836363636365,0.00143022,0.00020431714285714287,0.0008462240666666668,0.0007494007470678255,0.0
CRCLUSDT-R-CRCLUSDT-nyse_20260605T200000Z-s31,CRCLUSDT,R,31,CRCLUSDT-nyse_20260605T200000Z,R:CRCLUSDT:2026-06:31,2026-06,SEALED_SHORT_OOS,LISTING_AFTER_30_DAYS,READY,3300,3300,0.0745856641451709,0.001466096121562606,0.12515675946827196,0.03423514538558788,0.11932245922208287,0.5,429,428,0.47080000000000005,0.0,62840.42963636363,16741.345454545455,0.00135949,0.00022658166666666667,0.0007968415727272727,0.00015470136826801486,0.0
CRCLUSDT-R-CRCLUSDT-nyse_20260605T200000Z-s59,CRCLUSDT,R,59,CRCLUSDT-nyse_20260605T200000Z,R:CRCLUSDT:2026-06:59,2026-06,SEALED_SHORT_OOS,LISTING_AFTER_30_DAYS,READY,3300,3300,0.06697993985286618,0.0012457833010531532,0.08076323052922105,0.008541633915002863,0.04322486644001945,0.4946949602122016,346,345,0.3795,0.0,60298.75963636363,13281.872727272726,0.00054874,9.145666666666667e-05,0.0008375411666666666,0.00014983211076301982,0.0
CRCLUSDT-R-CRCLUSDT-nyse_20260605T200000Z-s97,CRCLUSDT,R,97,CRCLUSDT-nyse_20260605T200000Z,R:CRCLUSDT:2026-06:97,2026-06,SEALED_SHORT_OOS,LISTING_AFTER_30_DAYS,READY,3300,3300,0.08410993109891597,0.0016981818610214978,0.12382217927035516,0.010084033613445379,0.06842867487328025,0.511559752523608,490,489,0.5379,0.0,64319.36163636364,18261.6,0.0008110400000000001,0.00011586285714285715,0.000843504009090909,0.00018555301183592916,0.0
CRCLUSDT-R-CRCLUSDT-nyse_20260612T200000Z-s3,CRCLUSDT,R,3,CRCLUSDT-nyse_20260612T200000Z,R:CRCLUSDT:2026-06:3,2026-06,SEALED_SHORT_OOS,LISTING_AFTER_30_DAYS,READY,3300,3300,0.06697993985286618,0.0012457833010531532,0.08076323052922105,0.008541633915002863,0.04322486644001945,0.4946949602122016,346,345,0.3795,0.0,60298.75963636363,13281.872727272726,0.00054874,9.145666666666667e-05,0.0008375411666666666,0.00014983211076301982,0.0
CRCLUSDT-R-CRCLUSDT-nyse_20260612T200000Z-s10,CRCLUSDT,R,10,CRCLUSDT-nyse_20260612T200000Z,R:CRCLUSDT:2026-06:10,2026-06,SEALED_SHORT_OOS,LISTING_AFTER_30_DAYS,READY,3300,3300,0.08043045097323227,0.001652831914175704,0.09118274175341773,0.010049194803010562,0.0594519859225742,0.5223491027732463,467,466,0.5126000000000001,0.0,62779.38963636364,17465.49090909091,0.00143022,0.00020431714285714287,0.0008506407575757576,0.0007493538870108811,0.0
CRCLUSDT-R-CRCLUSDT-nyse_20260612T200000Z-s17,CRCLUSDT,R,17,CRCLUSDT-nyse_20260612T200000Z,R:CRCLUSDT:2026-06:17,2026-06,SEALED_SHORT_OOS,LISTING_AFTER_30_DAYS,READY,3300,3300,0.0848994851286382,0.0017915668754417287,0.1566564082199939,0.037190900098912016,0.12776167149855044,0.4922246905744208,518,517,0.5687,0.0,62789.104545454546,18980.2,0.0025413,0.0003630428571428571,0.001017774581818182,0.00020152873516135112,0.0
CRCLUSDT-R-CRCLUSDT-nyse_20260612T200000Z-s31,CRCLUSDT,R,31,CRCLUSDT-nyse_20260612T200000Z,R:CRCLUSDT:2026-06:31,2026-06,SEALED_SHORT_OOS,LISTING_AFTER_30_DAYS,READY,3300,3300,0.07911114543605317,0.001650350970556143,0.17926689576174099,0.04277946859077396,0.16594971800019118,0.4973007303906002,452,451,0.49610000000000004,0.0,62077.151454545456,18691.2,0.0032273,0.0004610428571428571,0.0011713881212121213,0.00018660718501220557,0.0
CRCLUSDT-R-CRCLUSDT-nyse_20260612T200000Z-s59,CRCLUSDT,R,59,CRCLUSDT-nyse_20260612T200000Z,R:CRCLUSDT:2026-06:59,2026-06,SEALED_SHORT_OOS,LISTING_AFTER_30_DAYS,READY,3300,3300,0.08387280800209071,0.0016942028349281584,0.1255819652046067,0.00325131457472004,0.06831537708129283,0.5123456790123457,487,486,0.5346000000000001,0.0,63971.572181818185,18198.8,0.00046737,7.7895e-05,0.0008349580696969697,0.00018413565964151408,0.0
CRCLUSDT-R-CRCLUSDT-nyse_20260612T200000Z-s97,CRCLUSDT,R,97,CRCLUSDT-nyse_20260612T200000Z,R:CRCLUSDT:2026-06:97,2026-06,SEALED_SHORT_OOS,LISTING_AFTER_30_DAYS,READY,3300,3300,0.09004287093849221,0.0018074025360429343,0.19728876020005265,0.06743045778921301,0.19354838709677422,0.5018157807857379,475,474,0.5214000000000001,0.0,155443.34472727275,27484.01818181818,0.00256561,0.00036651571428571427,0.0010226205167173253,0.0001813335793764539,0.0
CRCLUSDT-R-CRCLUSDT-nyse_20260618T200000Z-s3,CRCLUSDT,R,3,CRCLUSDT-nyse_20260618T200000Z,R:CRCLUSDT:2026-06:3,2026-06,SEALED_SHORT_OOS,LISTING_AFTER_30_DAYS,READY,4740,4740,0.09718340019268686,0.0016921664524647579,0.17926689576174099,0.03521293189015462,0.16594971800019118,0.5005532197388802,705,704,0.7744000000000001,0.0,60360.91050632911,18421.886075949365,0.00376692,0.000376692,0.0010590755147679325,0.0001934311096902933,0.0
CRCLUSDT-R-CRCLUSDT-nyse_20260618T200000Z-s10,CRCLUSDT,R,10,CRCLUSDT-nyse_20260618T200000Z,R:CRCLUSDT:2026-06:10,2026-06,SEALED_SHORT_OOS,LISTING_AFTER_30_DAYS,READY,4740,4740,0.09718340019268686,0.0016921664524647579,0.17926689576174099,0.03521293189015462,0.16594971800019118,0.5005532197388802,705,704,0.7744000000000001,0.0,60360.91050632911,18421.886075949365,0.00376692,0.000376692,0.0010590755147679325,0.0001934311096902933,0.0
CRCLUSDT-R-CRCLUSDT-nyse_20260618T200000Z-s17,CRCLUSDT,R,17,CRCLUSDT-nyse_20260618T200000Z,R:CRCLUSDT:2026-06:17,2026-06,SEALED_SHORT_OOS,LISTING_AFTER_30_DAYS,READY,4740,4740,0.09675887331175265,0.0015616760345687915,0.15906520919713527,0.036173795890872405,0.15489949748743717,0.5022893772893773,654,653,0.7183,0.0,66468.77696202531,18164.848101265823,0.00308623,0.000308623,0.0008417176835443038,0.0001713211975261759,0.0
CRCLUSDT-R-CRCLUSDT-nyse_20260618T200000Z-s31,CRCLUSDT,R,31,CRCLUSDT-nyse_20260618T200000Z,R:CRCLUSDT:2026-06:31,2026-06,SEALED_SHORT_OOS,LISTING_AFTER_30_DAYS,READY,4740,4740,0.09983873338263599,0.00168858584083564,0.12413709579750516,0.001264577771532919,0.06842867487328025,0.5132502831257079,684,683,0.7513000000000001,0.0,65643.85784810127,18194.101265822785,0.00177389,0.000177389,0.0008361311434599155,0.0005792600450690357,0.0
CRCLUSDT-R-CRCLUSDT-nyse_20260618T200000Z-s59,CRCLUSDT,R,59,CRCLUSDT-nyse_20260618T200000Z,R:CRCLUSDT:2026-06:59,2026-06,SEALED_SHORT_OOS,LISTING_AFTER_30_DAYS,READY,4740,4740,0.09703346835745533,0.0015707432523008997,0.15916519989942163,0.034143402289616445,0.15489949748743717,0.5028571428571429,664,663,0.7293000000000001,0.0,66646.41962025317,18231.0,0.00308623,0.000308623,0.0008449232932489451,0.00017187801523724146,0.0
CRCLUSDT-R-CRCLUSDT-nyse_20260618T200000Z-s97,CRCLUSDT,R,97,CRCLUSDT-nyse_20260618T200000Z,R:CRCLUSDT:2026-06:97,2026-06,SEALED_SHORT_OOS,LISTING_AFTER_30_DAYS,READY,4740,4740,0.09712122788201327,0.001576268346944489,0.1587659894657637,0.034238567658750094,0.15595984943538277,0.5034293552812071,670,669,0.7359,0.0,66652.92506329114,18247.91139240506,0.00255833,0.0002842588888888889,0.000848920523206751,0.00017178026593850238,0.0
CRCLUSDT-R-CRCLUSDT-nyse_20260626T200000Z-s3,CRCLUSDT,R,3,CRCLUSDT-nyse_20260626T200000Z,R:CRCLUSDT:2026-06:3,2026-06,SEALED_SHORT_OOS,LISTING_AFTER_30_DAYS,READY,3300,3300,0.08359590128038313,0.0016060177818352727,0.13120290984671334,0.0359112048712664,0.12386038030737177,0.5077226421294775,494,493,0.5423,0.0,66171.23018181819,18665.29090909091,0.00197256,0.00032876,0.0008708683,0.00016946627752662606,0.0
CRCLUSDT-R-CRCLUSDT-nyse_20260626T200000Z-s10,CRCLUSDT,R,10,CRCLUSDT-nyse_20260626T200000Z,R:CRCLUSDT:2026-06:10,2026-06,SEALED_SHORT_OOS,LISTING_AFTER_30_DAYS,READY,3300,3300,0.09011783118410348,0.001813454211972912,0.19293333333333323,0.06061487731548828,0.1820245726495726,0.5018157807857379,481,480,0.528,0.0,155542.4410909091,27515.52727272727,0.00211272,0.00035212,0.0010311262212121214,0.00018094701589736523,0.0
CRCLUSDT-R-CRCLUSDT-nyse_20260626T200000Z-s17,CRCLUSDT,R,17,CRCLUSDT-nyse_20260626T200000Z,R:CRCLUSDT:2026-06:17,2026-06,SEALED_SHORT_OOS,LISTING_AFTER_30_DAYS,READY,3300,3300,0.09004287093849221,0.0018074025360429343,0.19728876020005265,0.06743045778921301,0.19354838709677422,0.5018157807857379,475,474,0.5214000000000001,0.0,155443.34472727275,27484.01818181818,0.00256561,0.00036651571428571427,0.0010226205167173253,0.0001813335793764539,0.0
CRCLUSDT-R-CRCLUSDT-nyse_20260626T200000Z-s31,CRCLUSDT,R,31,CRCLUSDT-nyse_20260626T200000Z,R:CRCLUSDT:2026-06:31,2026-06,SEALED_SHORT_OOS,LISTING_AFTER_30_DAYS,READY,3300,3300,0.09011783118410348,0.001813454211972912,0.19293333333333323,0.06061487731548828,0.1820245726495726,0.5018157807857379,481,480,0.528,0.0,155542.4410909091,27515.52727272727,0.00211272,0.00035212,0.0010311262212121214,0.00018094701589736523,0.0
CRCLUSDT-R-CRCLUSDT-nyse_20260626T200000Z-s59,CRCLUSDT,R,59,CRCLUSDT-nyse_20260626T200000Z,R:CRCLUSDT:2026-06:59,2026-06,SEALED_SHORT_OOS,LISTING_AFTER_30_DAYS,READY,3300,3300,0.08450363328287781,0.0017749926837202458,0.15779999999999986,0.033625149224035054,0.12776167149855044,0.4912670689107653,513,512,0.5632,0.0,62322.850181818176,18769.4,0.0025413,0.0003630428571428571,0.001032267884848485,0.00020166792512556827,0.0
CRCLUSDT-R-CRCLUSDT-nyse_20260626T200000Z-s97,CRCLUSDT,R,97,CRCLUSDT-nyse_20260626T200000Z,R:CRCLUSDT:2026-06:97,2026-06,SEALED_SHORT_OOS,LISTING_AFTER_30_DAYS,READY,3300,3300,0.06697993985286618,0.0012457833010531532,0.08076323052922105,0.008541633915002863,0.04322486644001945,0.4946949602122016,346,345,0.3795,0.0,60298.75963636363,13281.872727272726,0.00054874,9.145666666666667e-05,0.0008375411666666666,0.00014983211076301982,0.0
CRCLUSDT-R-CRCLUSDT-nyse_20260702T200000Z-s3,CRCLUSDT,R,3,CRCLUSDT-nyse_20260702T200000Z,R:CRCLUSDT:2026-07:3,2026-07,DESCRIPTIVE_ONLY,LISTING_AFTER_30_DAYS,READY,4740,4740,0.095726668857193,0.001620500086611909,0.12979773849339066,0.014973472194930254,0.08098477486232576,0.5057176196032672,594,593,0.6523,0.0,84299.4259493671,20470.481012658227,0.00187662,0.000187662,0.000750018664556962,0.0001605995098919072,0.0
CRCLUSDT-R-CRCLUSDT-nyse_20260702T200000Z-s10,CRCLUSDT,R,10,CRCLUSDT-nyse_20260702T200000Z,R:CRCLUSDT:2026-07:10,2026-07,DESCRIPTIVE_ONLY,LISTING_AFTER_30_DAYS,READY,4740,4740,0.08225789625776622,0.0014648117595138111,0.1116974494283201,0.018340324039805896,0.09688228438228436,0.5238204833141542,613,612,0.6732,0.0,65276.27139240507,15505.481012658227,0.0008278700000000001,8.2787e-05,0.0006995833206751055,0.00014795286821668008,0.0
CRCLUSDT-R-CRCLUSDT-nyse_20260702T200000Z-s17,CRCLUSDT,R,17,CRCLUSDT-nyse_20260702T200000Z,R:CRCLUSDT:2026-07:17,2026-07,DESCRIPTIVE_ONLY,LISTING_AFTER_30_DAYS,READY,4740,4740,0.095726668857193,0.001620500086611909,0.12979773849339066,0.014973472194930254,0.08098477486232576,0.5057176196032672,594,593,0.6523,0.0,84299.4259493671,20470.481012658227,0.00187662,0.000187662,0.000750018664556962,0.0001605995098919072,0.0
CRCLUSDT-R-CRCLUSDT-nyse_20260702T200000Z-s31,CRCLUSDT,R,31,CRCLUSDT-nyse_20260702T200000Z,R:CRCLUSDT:2026-07:31,2026-07,DESCRIPTIVE_ONLY,LISTING_AFTER_30_DAYS,READY,4740,4740,0.08235891466010993,0.001467789418108693,0.11053089643167968,0.020160629405015573,0.09688228438228436,0.5219590710508163,617,616,0.6776000000000001,0.0,65430.11151898734,15524.886075949367,0.0008278700000000001,8.2787e-05,0.0007088134282700422,0.00014859796450084905,0.0
CRCLUSDT-R-CRCLUSDT-nyse_20260702T200000Z-s59,CRCLUSDT,R,59,CRCLUSDT-nyse_20260702T200000Z,R:CRCLUSDT:2026-07:59,2026-07,DESCRIPTIVE_ONLY,LISTING_AFTER_30_DAYS,READY,4740,4740,0.08225789625776622,0.0014648117595138111,0.1116974494283201,0.018340324039805896,0.09688228438228436,0.5238204833141542,613,612,0.6732,0.0,65276.27139240507,15505.481012658227,0.0008278700000000001,8.2787e-05,0.0006995833206751055,0.00014795286821668008,0.0
CRCLUSDT-R-CRCLUSDT-nyse_20260702T200000Z-s97,CRCLUSDT,R,97,CRCLUSDT-nyse_20260702T200000Z,R:CRCLUSDT:2026-07:97,2026-07,DESCRIPTIVE_ONLY,LISTING_AFTER_30_DAYS,READY,4740,4740,0.09585801731280981,0.0016212134506220013,0.12961195928753177,0.013706161881946368,0.06905289832119099,0.5034965034965035,601,600,0.66,0.0,84141.10860759494,20487.822784810127,0.00179437,0.00019937444444444446,0.0007456946329113924,0.00015989818671740004,0.0
CRCLUSDT-R-CRCLUSDT-nyse_20260710T200000Z-s3,CRCLUSDT,R,3,CRCLUSDT-nyse_20260710T200000Z,R:CRCLUSDT:2026-07:3,2026-07,DESCRIPTIVE_ONLY,LISTING_AFTER_30_DAYS,READY,3300,3300,0.06930108151690768,0.0015015542804385055,0.1049715701997375,0.019441903019213204,0.09688228438228436,0.5090016366612111,439,438,0.4818,0.0,68754.522,16093.963636363636,0.00051944,8.657333333333333e-05,0.0007181819757575758,0.00014910198454281282,0.0
CRCLUSDT-R-CRCLUSDT-nyse_20260710T200000Z-s10,CRCLUSDT,R,10,CRCLUSDT-nyse_20260710T200000Z,R:CRCLUSDT:2026-07:10,2026-07,DESCRIPTIVE_ONLY,LISTING_AFTER_30_DAYS,READY,3300,3300,0.07780788172480607,0.001569402134413295,0.12920101458465438,0.021735390262086374,0.06905289832119099,0.5050268096514745,418,417,0.45870000000000005,0.0,68583.55727272727,18454.836363636365,0.0005284,7.548571428571429e-05,0.0006171265121212122,0.00015827584736322886,0.0
CRCLUSDT-R-CRCLUSDT-nyse_20260710T200000Z-s17,CRCLUSDT,R,17,CRCLUSDT-nyse_20260710T200000Z,R:CRCLUSDT:2026-07:17,2026-07,DESCRIPTIVE_ONLY,LISTING_AFTER_30_DAYS,READY,3300,3300,0.07916543220754604,0.0015994940903817753,0.10736150515156037,0.0010488986564107367,0.07874720357941836,0.48886705959397514,480,479,0.5269,0.0,76345.14745454545,20555.545454545456,0.00028448,4.741333333333333e-05,0.0006645919333333333,0.00016835467206519585,0.0
CRCLUSDT-R-CRCLUSDT-nyse_20260710T200000Z-s31,CRCLUSDT,R,31,CRCLUSDT-nyse_20260710T200000Z,R:CRCLUSDT:2026-07:31,2026-07,DESCRIPTIVE_ONLY,LISTING_AFTER_30_DAYS,READY,3300,3300,0.08056802392586643,0.0016029985247937445,0.1197642936773371,0.013961901531852398,0.08098477486232576,0.5084345479082322,403,402,0.44220000000000004,0.0,93148.48836363637,21716.2,0.001852,0.0002645714285714286,0.0007941153333333332,0.00015048691473321793,0.0
CRCLUSDT-R-CRCLUSDT-nyse_20260710T200000Z-s59,CRCLUSDT,R,59,CRCLUSDT-nyse_20260710T200000Z,R:CRCLUSDT:2026-07:59,2026-07,DESCRIPTIVE_ONLY,LISTING_AFTER_30_DAYS,READY,3300,3300,0.07916543220754604,0.0015994940903817753,0.10736150515156037,0.0010488986564107367,0.07874720357941836,0.48886705959397514,480,479,0.5269,0.0,76345.14745454545,20555.545454545456,0.00028448,4.741333333333333e-05,0.0006645919333333333,0.00016835467206519585,0.0
CRCLUSDT-R-CRCLUSDT-nyse_20260710T200000Z-s97,CRCLUSDT,R,97,CRCLUSDT-nyse_20260710T200000Z,R:CRCLUSDT:2026-07:97,2026-07,DESCRIPTIVE_ONLY,LISTING_AFTER_30_DAYS,READY,3300,3300,0.07957320084883959,0.001623243092685285,0.10744172145845782,0.0006442341047623532,0.07874720357941836,0.49328968903436987,485,484,0.5324,0.0,76884.92472727274,21068.30909090909,0.00039071,5.581571428571429e-05,0.0006674289363636364,0.00017070363923975924,0.0
CRCLUSDT-R-CRCLUSDT-nyse_20260717T200000Z-s3,CRCLUSDT,R,3,CRCLUSDT-nyse_20260717T200000Z,R:CRCLUSDT:2026-07:3,2026-07,DESCRIPTIVE_ONLY,LISTING_AFTER_30_DAYS,READY,3300,3300,0.07916543220754604,0.0015994940903817753,0.10736150515156037,0.0010488986564107367,0.07874720357941836,0.48886705959397514,480,479,0.5269,0.0,76345.14745454545,20555.545454545456,0.00028448,4.741333333333333e-05,0.0006645919333333333,0.00016835467206519585,0.0
CRCLUSDT-R-CRCLUSDT-nyse_20260717T200000Z-s10,CRCLUSDT,R,10,CRCLUSDT-nyse_20260717T200000Z,R:CRCLUSDT:2026-07:10,2026-07,DESCRIPTIVE_ONLY,LISTING_AFTER_30_DAYS,READY,3300,3300,0.07957320084883959,0.001623243092685285,0.10744172145845782,0.0006442341047623532,0.07874720357941836,0.49328968903436987,485,484,0.5324,0.0,76884.92472727274,21068.30909090909,0.00039071,5.581571428571429e-05,0.0006674289363636364,0.00017070363923975924,0.0
CRCLUSDT-R-CRCLUSDT-nyse_20260717T200000Z-s17,CRCLUSDT,R,17,CRCLUSDT-nyse_20260717T200000Z,R:CRCLUSDT:2026-07:17,2026-07,DESCRIPTIVE_ONLY,LISTING_AFTER_30_DAYS,READY,3300,3300,0.06445055285772919,0.0013816773628932176,0.07204480096866957,0.016182466870540188,0.05890390162441175,0.5374127036913867,412,411,0.4521,0.0,52591.225454545456,13697.454545454546,0.00045876,7.646e-05,0.0006544754,0.00013728575131435693,0.0
CRCLUSDT-R-CRCLUSDT-nyse_20260717T200000Z-s31,CRCLUSDT,R,31,CRCLUSDT-nyse_20260717T200000Z,R:CRCLUSDT:2026-07:31,2026-07,DESCRIPTIVE_ONLY,LISTING_AFTER_30_DAYS,READY,3300,3300,0.07916543220754604,0.0015994940903817753,0.10736150515156037,0.0010488986564107367,0.07874720357941836,0.48886705959397514,480,479,0.5269,0.0,76345.14745454545,20555.545454545456,0.00028448,4.741333333333333e-05,0.0006645919333333333,0.00016835467206519585,0.0
CRCLUSDT-R-CRCLUSDT-nyse_20260717T200000Z-s59,CRCLUSDT,R,59,CRCLUSDT-nyse_20260717T200000Z,R:CRCLUSDT:2026-07:59,2026-07,DESCRIPTIVE_ONLY,LISTING_AFTER_30_DAYS,READY,3300,3300,0.07780788172480607,0.001569402134413295,0.12920101458465438,0.021735390262086374,0.06905289832119099,0.5050268096514745,418,417,0.45870000000000005,0.0,68583.55727272727,18454.836363636365,0.0005284,7.548571428571429e-05,0.0006171265121212122,0.00015827584736322886,0.0
CRCLUSDT-R-CRCLUSDT-nyse_20260717T200000Z-s97,CRCLUSDT,R,97,CRCLUSDT-nyse_20260717T200000Z,R:CRCLUSDT:2026-07:97,2026-07,DESCRIPTIVE_ONLY,LISTING_AFTER_30_DAYS,READY,3300,3300,0.06491339584375908,0.0013972832952802966,0.07296137339055792,0.007684555303602896,0.051415455241009836,0.5371599203715992,416,415,0.4565,0.0,53025.10072727273,13880.672727272728,0.0004739,6.77e-05,0.0006724835181818182,0.00013883677797142452,0.0
HOODUSDT-nyse_20260206T210000Z,HOODUSDT,W,,,NYSE:2026-02-06T21:00:00+00:00:2026-02-09T07:00:00+00:00,2026-02,DESCRIPTIVE_ONLY,LISTING_DAYS_1_14,READY,3300,3300,0.035596508729651304,0.0005468846986761692,0.0520573935728685,0.017798286090969086,0.04716084580660488,0.5991836734693877,152,151,0.1661,0.09181818181818181,719.1330909090909,755.8909090909091,0.00820426,0.001172037142857143,0.0017812754818181818,0.000576265274406803,1.0
HOODUSDT-nyse_20260213T210000Z,HOODUSDT,W,,,NYSE:2026-02-13T21:00:00+00:00:2026-02-17T07:00:00+00:00,2026-02,DESCRIPTIVE_ONLY,LISTING_DAYS_1_14,READY,4740,4740,0.035934222635815846,0.0004653545253285019,0.039615688339036656,0.010247026532479466,0.03403141361256556,0.5922942206654991,233,232,0.25520000000000004,0.2869198312236287,1202.0637974683543,484.49367088607596,0.00098813,9.8813e-05,0.0006013126603375528,0.0005607300404699761,0.0
HOODUSDT-nyse_20260220T210000Z,HOODUSDT,W,,,NYSE:2026-02-20T21:00:00+00:00:2026-02-23T07:00:00+00:00,2026-02,DESCRIPTIVE_ONLY,LISTING_DAYS_15_30,READY,3300,3300,0.015296200324565521,0.0001446054228979471,0.029029292000525522,0.05677867902665064,0.02681388012618286,0.577893820713664,46,45,0.0495,0.4621212121212121,747.5994545454546,240.6727272727273,0.00323408,0.00046201142857142853,0.0009265810818181818,0.00030439402201870407,1.0
HOODUSDT-nyse_20260227T210000Z,HOODUSDT,W,,,NYSE:2026-02-27T21:00:00+00:00:2026-03-02T07:00:00+00:00,2026-02,DESCRIPTIVE_ONLY,LISTING_DAYS_15_30,READY,3300,3300,0.039505231208144385,0.0006864788298441675,0.04032899973467772,0.01710730948678068,0.03221972798098505,0.579454926624738,241,240,0.264,0.13818181818181818,3739.3727272727274,1058.490909090909,0.01271559,0.0018165128571428573,0.002922229096969697,0.000910883527745598,0.0
HOODUSDT-nyse_20260306T210000Z,HOODUSDT,W,,,NYSE:2026-03-06T21:00:00+00:00:2026-03-09T06:00:00+00:00,2026-03,RESEARCH_DEVELOPMENT,LISTING_AFTER_30_DAYS,READY,3240,3240,0.034628007312055786,0.00043963677699663167,0.0423066909658943,0.014136798514922238,0.040619710975133505,0.5386949924127465,140,139,0.1529,0.22962962962962963,2268.2074074074076,1120.9074074074074,0.01228602,0.0017551457142857142,0.0021891948580246914,0.0006863057779415483,1.0
HOODUSDT-nyse_20260313T200000Z,HOODUSDT,W,,,NYSE:2026-03-13T20:00:00+00:00:2026-03-16T06:00:00+00:00,2026-03,RESEARCH_DEVELOPMENT,LISTING_AFTER_30_DAYS,READY,3300,3300,0.019486759175718422,0.00027244027355687457,0.03179585152838445,0.0483627204030225,0.0287042099507929,0.5589804386484885,62,61,0.0671,0.1503030303030303,1516.6947272727273,728.4727272727273,0.009117189999999999,0.0013024557142857142,0.0016498584121212123,0.00040957002423605023,1.0
HOODUSDT-nyse_20260320T200000Z,HOODUSDT,W,,,NYSE:2026-03-20T20:00:00+00:00:2026-03-23T06:00:00+00:00,2026-03,RESEARCH_DEVELOPMENT,LISTING_AFTER_30_DAYS,READY,3300,3300,0.025520607028382644,0.0003525133968198696,0.03911160776644799,0.03923409048244811,0.033687447581772584,0.6072522982635342,96,95,0.10450000000000001,0.22,2430.452,810.8545454545455,0.01232785,0.0017611214285714286,0.0025523785272727273,0.0004761214987961236,1.0
HOODUSDT-nyse_20260327T200000Z,HOODUSDT,W,,,NYSE:2026-03-27T20:00:00+00:00:2026-03-30T06:00:00+00:00,2026-03,RESEARCH_DEVELOPMENT,LISTING_AFTER_30_DAYS,READY,3300,3300,0.02120868536129122,0.00023676730920893244,0.03343973248214018,0.02369397659149262,0.017503805175037922,0.6021505376344086,56,55,0.060500000000000005,0.36303030303030304,1686.6652727272726,438.1090909090909,0.00329083,0.0004701185714285714,0.001195370893939394,0.0003773833581495049,1.0
HOODUSDT-nyse_20260402T200000Z,HOODUSDT,W,,,NYSE:2026-04-02T20:00:00+00:00:2026-04-06T06:00:00+00:00,2026-04,RESEARCH_DEVELOPMENT,LISTING_AFTER_30_DAYS,READY,4740,4740,0.022209969758154834,0.00021861920161521484,0.033255881498693095,0.017841601392515536,0.023844140738586806,0.585222121486854,54,53,0.058300000000000005,0.289873417721519,2263.9367088607596,519.9367088607595,0.00457322,0.000457322,0.0008765587109704641,0.00032855133514086065,1.0
HOODUSDT-nyse_20260410T200000Z,HOODUSDT,W,,,NYSE:2026-04-10T20:00:00+00:00:2026-04-13T06:00:00+00:00,2026-04,RESEARCH_DEVELOPMENT,LISTING_AFTER_30_DAYS,READY,3300,3300,0.02924625561056144,0.00031378741545991663,0.03972266358515095,0.03349514563106794,0.025930754744314156,0.6017791732077447,60,59,0.0649,0.11848484848484848,3394.5452727272727,1001.3090909090909,0.02190625,0.0031294642857142853,0.003904429809090909,0.0005629855825400593,1.0
HOODUSDT-nyse_20260417T200000Z,HOODUSDT,W,,,NYSE:2026-04-17T20:00:00+00:00:2026-04-20T06:00:00+00:00,2026-04,RESEARCH_DEVELOPMENT,LISTING_AFTER_30_DAYS,READY,3300,3300,0.03812489503687472,0.0004890054797658625,0.054521423064213995,0.03173029251363432,0.036011080332409975,0.5742694805194806,111,110,0.12100000000000001,0.04666666666666667,3669.0465454545456,1423.1090909090908,0.01850642,0.0026437742857142858,0.003258941203030303,0.000612928467058012,1.0
HOODUSDT-nyse_20260424T200000Z,HOODUSDT,W,,,NYSE:2026-04-24T20:00:00+00:00:2026-04-27T06:00:00+00:00,2026-04,RESEARCH_DEVELOPMENT,LISTING_AFTER_30_DAYS,READY,3300,3300,0.01698895982077566,0.00022458235001787498,0.022413589713342053,0.004274578828262571,0.02043226644620295,0.6188548293811452,40,39,0.0429,0.19424242424242424,1096.0214545454546,523.7818181818182,0.0047243699999999994,0.0006749099999999999,0.0009938125030303031,0.0006901854482531445,1.0
HOODUSDT-nyse_20260501T200000Z,HOODUSDT,W,,,NYSE:2026-05-01T20:00:00+00:00:2026-05-04T06:00:00+00:00,2026-05,RESEARCH_DEVELOPMENT,LISTING_AFTER_30_DAYS,READY,3300,3300,0.02164982170394055,0.00030243477540711663,0.040353260869565206,0.05194197473093021,0.029943350418127852,0.6224768139661757,40,39,0.0429,0.15,1304.1614545454547,961.5272727272727,0.01207292,0.001724702857142857,0.002468955816326531,0.0003442664224502884,1.0
HOODUSDT-nyse_20260508T200000Z,HOODUSDT,W,,,NYSE:2026-05-08T20:00:00+00:00:2026-05-11T06:00:00+00:00,2026-05,RESEARCH_DEVELOPMENT,LISTING_AFTER_30_DAYS,READY,3300,3300,0.019131053471698016,0.0002968484540254291,0.018280824581874897,0.0085432639649508,0.010098394614189555,0.6022840119165839,55,54,0.0594,0.12787878787878787,1204.7752727272727,865.0545454545454,0.00650395,0.0009291357142857142,0.0014940677242424242,0.00037737119097085067,1.0
HOODUSDT-nyse_20260515T200000Z,HOODUSDT,W,,,NYSE:2026-05-15T20:00:00+00:00:2026-05-18T06:00:00+00:00,2026-05,RESEARCH_DEVELOPMENT,LISTING_AFTER_30_DAYS,READY,3300,3300,0.020613470698750205,0.000317417475153609,0.0316159250585481,0.026512013256006668,0.023821921374642,0.5611111111111111,63,62,0.06820000000000001,0.18818181818181817,1094.8285454545455,899.6909090909091,0.00020037,2.8624285714285715e-05,0.0003000873454545455,7.147620965130922e-05,1.0
HOODUSDT-nyse_20260522T200000Z,HOODUSDT,W,,,NYSE:2026-05-22T20:00:00+00:00:2026-05-26T06:00:00+00:00,2026-05,RESEARCH_DEVELOPMENT,LISTING_AFTER_30_DAYS,READY,4740,4740,0.026054146889791702,0.0003292735992186012,0.046809089672064395,0.013518834492715806,0.034234479011003884,0.5416137229987293,125,124,0.13640000000000002,0.09556962025316455,1053.8508860759493,1020.8101265822785,0.0007921499999999999,7.921499999999999e-05,0.0005761639198312236,5.986102614853657e-05,0.0
HOODUSDT-nyse_20260529T200000Z,HOODUSDT,W,,,NYSE:2026-05-29T20:00:00+00:00:2026-06-01T06:00:00+00:00,2026-05,RESEARCH_DEVELOPMENT,LISTING_AFTER_30_DAYS,READY,3300,3300,0.03426667799401701,0.0005164717888773742,0.04283745095960138,0.01254299008699168,0.03271077345151428,0.539609644087256,148,147,0.1617,0.02,2157.4352727272726,2136.7090909090907,0.00032823,4.689e-05,0.000591603403030303,7.179358108875176e-05,1.0
HOODUSDT-nyse_20260605T200000Z,HOODUSDT,W,,,NYSE:2026-06-05T20:00:00+00:00:2026-06-08T06:00:00+00:00,2026-06,SEALED_SHORT_OOS,LISTING_AFTER_30_DAYS,READY,3300,3300,0.04002205193641182,0.0007078508546203622,0.06492236214696176,0.0021102388790411107,0.03457966764418375,0.5012363122571529,171,170,0.187,0.013939393939393939,2839.8156363636363,2507.927272727273,0.00026204,3.7434285714285714e-05,0.0013372361393939394,8.78428221612396e-05,0.0
HOODUSDT-nyse_20260612T200000Z,HOODUSDT,W,,,NYSE:2026-06-12T20:00:00+00:00:2026-06-15T06:00:00+00:00,2026-06,SEALED_SHORT_OOS,LISTING_AFTER_30_DAYS,READY,3300,3300,0.029344691128504453,0.0004309669985650512,0.052665589660743146,0.050336719552562845,0.048738408453741756,0.535223009587328,119,118,0.1298,0.0996969696969697,1418.9605454545456,1233.9454545454546,0.00047301000000000005,6.757285714285715e-05,0.0005038988606060606,6.662131378374986e-05,0.0
HOODUSDT-nyse_20260618T200000Z,HOODUSDT,W,,,NYSE:2026-06-18T20:00:00+00:00:2026-06-22T06:00:00+00:00,2026-06,SEALED_SHORT_OOS,LISTING_AFTER_30_DAYS,READY,4740,4740,0.03551120747811089,0.00048149246234493017,0.02618915417360724,0.002509947964493396,0.015558436747545904,0.5306559571619812,212,211,0.2321,0.07236286919831224,1918.136075949367,1388.3417721518988,0.00125413,0.000125413,0.0007434548438818566,6.465524311850322e-05,0.0
HOODUSDT-nyse_20260626T200000Z,HOODUSDT,W,,,NYSE:2026-06-26T20:00:00+00:00:2026-06-29T06:00:00+00:00,2026-06,SEALED_SHORT_OOS,LISTING_AFTER_30_DAYS,READY,3300,3300,0.020764959880224778,0.00033252261260862645,0.017931737137035057,0.02025422545048176,0.015394025894586511,0.5528183716075157,89,88,0.09680000000000001,0.09303030303030303,931.9912727272726,684.0181818181818,0.00017848,2.549714285714286e-05,0.00029989206462585036,5.5365531316729494e-05,0.0
HOODUSDT-nyse_20260702T200000Z,HOODUSDT,W,,,NYSE:2026-07-02T20:00:00+00:00:2026-07-06T06:00:00+00:00,2026-07,DESCRIPTIVE_ONLY,LISTING_AFTER_30_DAYS,READY,4740,4740,0.030574267513717897,0.00038124418677599033,0.037546933667083754,0.020211332529607804,0.03297881848243809,0.5386024600889819,171,170,0.187,0.053164556962025315,1740.5337974683546,902.4050632911392,0.0,0.0,0.0005827714556962025,5.423923129073143e-05,0.0
HOODUSDT-nyse_20260710T200000Z,HOODUSDT,W,,,NYSE:2026-07-10T20:00:00+00:00:2026-07-13T06:00:00+00:00,2026-07,DESCRIPTIVE_ONLY,LISTING_AFTER_30_DAYS,READY,3300,3300,0.02507773382815859,0.00036343662180882635,0.035136592379583005,0.014105902777777771,0.017197911039077945,0.5208500400962309,113,112,0.1232,0.08121212121212121,1637.1792727272727,984.1636363636363,0.00013763,1.966142857142857e-05,0.0006391752272727273,5.596668464679429e-05,0.0
HOODUSDT-nyse_20260717T200000Z,HOODUSDT,W,,,NYSE:2026-07-17T20:00:00+00:00:2026-07-20T06:00:00+00:00,2026-07,DESCRIPTIVE_ONLY,LISTING_AFTER_30_DAYS,READY,3300,3300,0.01933363961653829,0.00027024627742724863,0.017794661601519556,0.0006898930665747938,0.007501500300060012,0.5357337697763229,85,84,0.09240000000000001,0.29787878787878785,854.9452727272727,717.3818181818182,0.00029299,4.185571428571429e-05,0.00018842099090909088,5.527254093767992e-05,1.0
HOODUSDT-O-20260302T210000Z,HOODUSDT,O,,,NYSE:2026-03-02T21:00:00+00:00:2026-03-03T07:00:00+00:00,2026-03,RESEARCH_DEVELOPMENT,LISTING_DAYS_15_30,READY,420,420,0.014824013838015985,0.0007169827983971189,0.03455310467933199,0.11811997526283327,0.027251791197543444,0.5254237288135594,25,24,0.0264,0.06666666666666667,3884.207142857143,966.4285714285714,0.0,0.0,0.0005808705476190476,0.0001579676553993175,0.0
HOODUSDT-O-20260303T210000Z,HOODUSDT,O,,,NYSE:2026-03-03T21:00:00+00:00:2026-03-04T07:00:00+00:00,2026-03,RESEARCH_DEVELOPMENT,LISTING_DAYS_15_30,READY,420,420,0.017624261459879383,0.0009072641219711278,0.027126678957071403,0.0607966457023055,0.02529311026215257,0.5184135977337111,42,41,0.0451,0.06428571428571428,5966.7814285714285,1350.142857142857,0.00033446,0.00033446,0.0005483465714285715,0.00019289403604974323,0.0
HOODUSDT-O-20260304T210000Z,HOODUSDT,O,,,NYSE:2026-03-04T21:00:00+00:00:2026-03-05T07:00:00+00:00,2026-03,RESEARCH_DEVELOPMENT,LISTING_AFTER_30_DAYS,READY,420,420,0.016791152455610088,0.0009262910865526034,0.029369282619162225,0.022885572139303194,0.015043928270550006,0.4959785522788204,47,46,0.050600000000000006,0.030952380952380953,5689.0,2316.5714285714284,0.00027964,0.00027964,0.000910809380952381,0.0005462325110461697,0.0
HOODUSDT-O-20260305T210000Z,HOODUSDT,O,,,NYSE:2026-03-05T21:00:00+00:00:2026-03-06T07:00:00+00:00,2026-03,RESEARCH_DEVELOPMENT,LISTING_AFTER_30_DAYS,READY,420,420,0.010864504421734193,0.0005398915203285715,0.014834961058227257,0.03746877601998428,0.0071702311781431365,0.4938650306748466,24,23,0.025300000000000003,0.10476190476190476,3359.274285714286,1186.142857142857,0.00010711,0.00010711,0.00044179314285714284,8.92846509549126e-05,0.0
HOODUSDT-O-20260723T200000Z,HOODUSDT,O,,,NYSE:2026-07-23T20:00:00+00:00:2026-07-24T06:00:00+00:00,2026-07,DESCRIPTIVE_ONLY,LISTING_AFTER_30_DAYS,READY,60,60,0.0026483706566133424,0.0003053400865692283,0.002655911863073089,0.07692307692307845,0.0024591776509935077,0.5714285714285714,3,2,0.0022,0.05,428.77,491.0,0,0.0,0.0005914811666666666,7.396603258414482e-05,0.0
HOODUSDT-R-HOODUSDT-nyse_20260206T210000Z-s3,HOODUSDT,R,3,HOODUSDT-nyse_20260206T210000Z,R:HOODUSDT:2026-02:3,2026-02,DESCRIPTIVE_ONLY,LISTING_DAYS_1_14,READY,3300,3300,0.072761474104018,0.0013194283460133255,0.15635034879858256,0.04818900451074094,0.14072847682119205,0.5451529671949871,398,397,0.43670000000000003,0.07151515151515152,2223.059272727273,1189.5636363636363,0.00027473,4.578833333333333e-05,0.0005622366848484848,0.0002667512022728362,0.0
HOODUSDT-R-HOODUSDT-nyse_20260206T210000Z-s10,HOODUSDT,R,10,HOODUSDT-nyse_20260206T210000Z,R:HOODUSDT:2026-02:10,2026-02,DESCRIPTIVE_ONLY,LISTING_DAYS_1_14,READY,3300,3300,0.10123158144321055,0.0015251156175997815,0.1608051827857474,0.033541927409261624,0.1361633031779169,0.5488145048814504,497,496,0.5456000000000001,0.05787878787878788,8808.700909090909,1788.3454545454545,0.0001704,2.84e-05,0.00034604723030303027,0.00028754395406226183,0.0
HOODUSDT-R-HOODUSDT-nyse_20260206T210000Z-s17,HOODUSDT,R,17,HOODUSDT-nyse_20260206T210000Z,R:HOODUSDT:2026-02:17,2026-02,DESCRIPTIVE_ONLY,LISTING_DAYS_1_14,READY,3300,3300,0.07283365104221359,0.0013215097363572506,0.1555922865013773,0.04852461943663232,0.14290432676428497,0.5455215628455584,400,399,0.4389,0.0706060606060606,2205.476909090909,1183.4545454545455,0.0006152,8.788571428571428e-05,0.0005412563878787878,0.0002666534232451417,0.0
HOODUSDT-R-HOODUSDT-nyse_20260206T210000Z-s31,HOODUSDT,R,31,HOODUSDT-nyse_20260206T210000Z,R:HOODUSDT:2026-02:31,2026-02,DESCRIPTIVE_ONLY,LISTING_DAYS_1_14,READY,3300,3300,0.08138556056659084,0.0014900744558673156,0.1298815822625345,0.04211648056340644,0.11950394588500554,0.5373287671232877,469,468,0.5148,0.038181818181818185,12478.453090909092,2313.672727272727,0.0001704,2.434285714285714e-05,0.00014673200303030304,0.000387673448082617,0.0
HOODUSDT-R-HOODUSDT-nyse_20260206T210000Z-s59,HOODUSDT,R,59,HOODUSDT-nyse_20260206T210000Z,R:HOODUSDT:2026-02:59,2026-02,DESCRIPTIVE_ONLY,LISTING_DAYS_1_14,READY,3300,3300,0.10123158144321055,0.0015251156175997815,0.1608051827857474,0.033541927409261624,0.1361633031779169,0.5488145048814504,497,496,0.5456000000000001,0.05787878787878788,8808.700909090909,1788.3454545454545,0.0001704,2.84e-05,0.00034604723030303027,0.00028754395406226183,0.0
HOODUSDT-R-HOODUSDT-nyse_20260206T210000Z-s97,HOODUSDT,R,97,HOODUSDT-nyse_20260206T210000Z,R:HOODUSDT:2026-02:97,2026-02,DESCRIPTIVE_ONLY,LISTING_DAYS_1_14,READY,3300,3300,0.08125472803047298,0.0014845654891301712,0.13006799294887936,0.03985067662155871,0.11950394588500554,0.5363013698630137,466,465,0.5115000000000001,0.03939393939393939,12607.798545454547,2320.0545454545454,0.0,0.0,0.00011387257878787879,0.00038622508156576166,0.0
HOODUSDT-R-HOODUSDT-nyse_20260213T210000Z-s3,HOODUSDT,R,3,HOODUSDT-nyse_20260213T210000Z,R:HOODUSDT:2026-02:3,2026-02,DESCRIPTIVE_ONLY,LISTING_DAYS_1_14,READY,4740,4740,0.11416836570985714,0.0014830544663606,0.20687269372693726,0.050224681319353245,0.18852459016393439,0.5444015444015444,691,690,0.759,0.05210970464135021,10601.384810126583,2135.53164556962,0.0001704,1.704e-05,0.00028391936075949367,0.0003490774503831079,0.0
HOODUSDT-R-HOODUSDT-nyse_20260213T210000Z-s10,HOODUSDT,R,10,HOODUSDT-nyse_20260213T210000Z,R:HOODUSDT:2026-02:10,2026-02,DESCRIPTIVE_ONLY,LISTING_DAYS_1_14,READY,4740,4740,0.10312194822903165,0.001604833148262269,0.2561178164101428,0.041913563468333824,0.2417218543046357,0.5271165644171779,681,680,0.748,0.05,2650.054050632911,1570.4177215189873,0.00096132,0.00010681333333333333,0.0007756611793248945,0.00028269246742966433,0.0
HOODUSDT-R-HOODUSDT-nyse_20260213T210000Z-s17,HOODUSDT,R,17,HOODUSDT-nyse_20260213T210000Z,R:HOODUSDT:2026-02:17,2026-02,DESCRIPTIVE_ONLY,LISTING_DAYS_1_14,READY,4740,4740,0.11422653474357466,0.0014858807105849181,0.2077741786210089,0.046734113763486934,0.18475991649269302,0.5427123552123552,691,690,0.759,0.05189873417721519,10658.565569620254,2141.26582278481,0.0001704,1.8933333333333334e-05,0.00026724321308016876,0.00034816156201102896,0.0
HOODUSDT-R-HOODUSDT-nyse_20260213T210000Z-s31,HOODUSDT,R,31,HOODUSDT-nyse_20260213T210000Z,R:HOODUSDT:2026-02:31,2026-02,DESCRIPTIVE_ONLY,LISTING_DAYS_1_14,READY,4740,4740,0.10312194822903165,0.001604833148262269,0.2561178164101428,0.041913563468333824,0.2417218543046357,0.5271165644171779,681,680,0.748,0.05,2650.054050632911,1570.4177215189873,0.00096132,0.00010681333333333333,0.0007756611793248945,0.00028269246742966433,0.0
HOODUSDT-R-HOODUSDT-nyse_20260213T210000Z-s59,HOODUSDT,R,59,HOODUSDT-nyse_20260213T210000Z,R:HOODUSDT:2026-02:59,2026-02,DESCRIPTIVE_ONLY,LISTING_DAYS_1_14,READY,4740,4740,0.10348232711717818,0.0016151331823762664,0.25487603305785117,0.04435363840554222,0.24364196851260592,0.5270634337496939,689,688,0.7568,0.049156118143459916,2649.346582278481,1580.4683544303798,0.00099321,9.9321e-05,0.0007582265928270043,0.00028449629718202695,0.0
HOODUSDT-R-HOODUSDT-nyse_20260213T210000Z-s97,HOODUSDT,R,97,HOODUSDT-nyse_20260213T210000Z,R:HOODUSDT:2026-02:97,2026-02,DESCRIPTIVE_ONLY,LISTING_DAYS_1_14,READY,4740,4740,0.1028825080310687,0.0015959082686789038,0.2561461794019933,0.042496933351506096,0.23128566633098355,0.5270669291338582,681,680,0.748,0.05042194092827004,2649.7211392405065,1561.987341772152,0.00106132,0.00010613199999999999,0.0007972983670886077,0.0002809130165551014,1.0
HOODUSDT-R-HOODUSDT-nyse_20260220T210000Z-s3,HOODUSDT,R,3,HOODUSDT-nyse_20260220T210000Z,R:HOODUSDT:2026-02:3,2026-02,DESCRIPTIVE_ONLY,LISTING_DAYS_15_30,READY,3300,3300,0.05261085481248686,0.0007546250824491573,0.0628418945963977,0.012650171055772203,0.048934173481699844,0.5383064516129032,235,234,0.2574,0.1409090909090909,6418.870545454545,1148.3090909090909,0.0004466,6.38e-05,0.0005484242454545454,0.00016339422650162207,0.0
HOODUSDT-R-HOODUSDT-nyse_20260220T210000Z-s10,HOODUSDT,R,10,HOODUSDT-nyse_20260220T210000Z,R:HOODUSDT:2026-02:10,2026-02,DESCRIPTIVE_ONLY,LISTING_DAYS_15_30,READY,3300,3300,0.05257587842493595,0.0007506570506530475,0.06282513005202092,0.011252094804883893,0.048934173481699844,0.534035656401945,234,233,0.25630000000000003,0.14575757575757575,6382.927818181819,1146.3454545454545,0.0004466,6.38e-05,0.0005519853090909091,0.00016344157081609611,0.0
HOODUSDT-R-HOODUSDT-nyse_20260220T210000Z-s17,HOODUSDT,R,17,HOODUSDT-nyse_20260220T210000Z,R:HOODUSDT:2026-02:17,2026-02,DESCRIPTIVE_ONLY,LISTING_DAYS_15_30,READY,3300,3300,0.055061560307545984,0.0008576258175763934,0.12336760211169763,0.03610862429125619,0.0836570477247503,0.5189351331083615,277,276,0.30360000000000004,0.07878787878787878,12612.633636363636,2048.5454545454545,0.0002482,4.136666666666667e-05,0.0005067626090909091,0.00012976449865984553,0.0
HOODUSDT-R-HOODUSDT-nyse_20260220T210000Z-s31,HOODUSDT,R,31,HOODUSDT-nyse_20260220T210000Z,R:HOODUSDT:2026-02:31,2026-02,DESCRIPTIVE_ONLY,LISTING_DAYS_15_30,READY,3300,3300,0.05261085481248686,0.0007546250824491573,0.0628418945963977,0.012650171055772203,0.048934173481699844,0.5383064516129032,235,234,0.2574,0.1409090909090909,6418.870545454545,1148.3090909090909,0.0004466,6.38e-05,0.0005484242454545454,0.00016339422650162207,0.0
HOODUSDT-R-HOODUSDT-nyse_20260220T210000Z-s59,HOODUSDT,R,59,HOODUSDT-nyse_20260220T210000Z,R:HOODUSDT:2026-02:59,2026-02,DESCRIPTIVE_ONLY,LISTING_DAYS_15_30,READY,3300,3300,0.05497845132951645,0.0008522972759496685,0.12300872697049448,0.033859032812616735,0.0836570477247503,0.5192956163357063,275,274,0.3014,0.07939393939393939,12517.144181818183,2031.8545454545454,0.0002482,3.545714285714286e-05,0.000506021103030303,0.0001286364779283806,0.0
HOODUSDT-R-HOODUSDT-nyse_20260220T210000Z-s97,HOODUSDT,R,97,HOODUSDT-nyse_20260220T210000Z,R:HOODUSDT:2026-02:97,2026-02,DESCRIPTIVE_ONLY,LISTING_DAYS_15_30,READY,3300,3300,0.055061560307545984,0.0008576258175763934,0.12336760211169763,0.03610862429125619,0.0836570477247503,0.5189351331083615,277,276,0.30360000000000004,0.07878787878787878,12612.633636363636,2048.5454545454545,0.0002482,4.136666666666667e-05,0.0005067626090909091,0.00012976449865984553,0.0
HOODUSDT-R-HOODUSDT-nyse_20260227T210000Z-s3,HOODUSDT,R,3,HOODUSDT-nyse_20260227T210000Z,R:HOODUSDT:2026-02:3,2026-02,DESCRIPTIVE_ONLY,LISTING_DAYS_15_30,READY,3300,3300,0.05701959548166226,0.0009209296981842838,0.08856441048034927,0.03979759299781179,0.08601856908793025,0.5136811382707042,280,279,0.3069,0.06575757575757575,14441.473999999998,2405.2181818181816,0.0005976600000000001,8.538000000000001e-05,0.000696402103030303,0.000144237432681988,0.0
HOODUSDT-R-HOODUSDT-nyse_20260227T210000Z-s10,HOODUSDT,R,10,HOODUSDT-nyse_20260227T210000Z,R:HOODUSDT:2026-02:10,2026-02,DESCRIPTIVE_ONLY,LISTING_DAYS_15_30,READY,3300,3300,0.05497845132951645,0.0008522972759496685,0.12300872697049448,0.033859032812616735,0.0836570477247503,0.5192956163357063,275,274,0.3014,0.07939393939393939,12517.144181818183,2031.8545454545454,0.0002482,3.545714285714286e-05,0.000506021103030303,0.0001286364779283806,0.0
HOODUSDT-R-HOODUSDT-nyse_20260227T210000Z-s17,HOODUSDT,R,17,HOODUSDT-nyse_20260227T210000Z,R:HOODUSDT:2026-02:17,2026-02,DESCRIPTIVE_ONLY,LISTING_DAYS_15_30,READY,3300,3300,0.05261085481248686,0.0007546250824491573,0.0628418945963977,0.012650171055772203,0.048934173481699844,0.5383064516129032,235,234,0.2574,0.1409090909090909,6418.870545454545,1148.3090909090909,0.0004466,6.38e-05,0.0005484242454545454,0.00016339422650162207,0.0
HOODUSDT-R-HOODUSDT-nyse_20260227T210000Z-s31,HOODUSDT,R,31,HOODUSDT-nyse_20260227T210000Z,R:HOODUSDT:2026-02:31,2026-02,DESCRIPTIVE_ONLY,LISTING_DAYS_15_30,READY,3300,3300,0.05502115269094661,0.0008568504648038294,0.12341904100069485,0.03648870943621942,0.0836570477247503,0.5190725504861631,274,273,0.3003,0.07545454545454545,12595.823272727273,2048.5454545454545,0.0002482,3.545714285714286e-05,0.0005075602606060606,0.00012883537489671049,0.0
HOODUSDT-R-HOODUSDT-nyse_20260227T210000Z-s59,HOODUSDT,R,59,HOODUSDT-nyse_20260227T210000Z,R:HOODUSDT:2026-02:59,2026-02,DESCRIPTIVE_ONLY,LISTING_DAYS_15_30,READY,3300,3300,0.052658631632404286,0.0007557514090272637,0.06273308470964316,0.009528346831824722,0.03697813121272355,0.5354552780016116,237,236,0.2596,0.1409090909090909,6432.414000000001,1152.8545454545454,0.0004466,7.443333333333333e-05,0.0005501724090909091,0.00016391870128357828,0.0
HOODUSDT-R-HOODUSDT-nyse_20260227T210000Z-s97,HOODUSDT,R,97,HOODUSDT-nyse_20260227T210000Z,R:HOODUSDT:2026-02:97,2026-02,DESCRIPTIVE_ONLY,LISTING_DAYS_15_30,READY,3300,3300,0.052658631632404286,0.0007557514090272637,0.06273308470964316,0.009528346831824722,0.03697813121272355,0.5354552780016116,237,236,0.2596,0.1409090909090909,6432.414000000001,1152.8545454545454,0.0004466,7.443333333333333e-05,0.0005501724090909091,0.00016391870128357828,0.0
HOODUSDT-R-HOODUSDT-nyse_20260306T210000Z-s3,HOODUSDT,R,3,HOODUSDT-nyse_20260306T210000Z,R:HOODUSDT:2026-03:3,2026-03,RESEARCH_DEVELOPMENT,LISTING_AFTER_30_DAYS,READY,3240,3240,0.05276066539494847,0.0009941591622863936,0.05964290236798794,0.010784379395806813,0.033199195171026166,0.5142655864741106,298,297,0.32670000000000005,0.016049382716049384,6546.548703703704,3128.462962962963,0.00077386,0.00011055142857142857,0.0010306732160493828,0.00016102323255885875,0.0
HOODUSDT-R-HOODUSDT-nyse_20260306T210000Z-s10,HOODUSDT,R,10,HOODUSDT-nyse_20260306T210000Z,R:HOODUSDT:2026-03:10,2026-03,RESEARCH_DEVELOPMENT,LISTING_AFTER_30_DAYS,READY,3240,3240,0.04841230342611547,0.0008131856169154731,0.08756296009298722,0.02799403677323176,0.0698757763975156,0.5268366958507804,226,225,0.24750000000000003,0.050617283950617285,10981.339259259259,3536.759259259259,0.0002568,4.2800000000000004e-05,0.0007271887808641976,0.0001456886066472517,0.0
HOODUSDT-R-HOODUSDT-nyse_20260306T210000Z-s17,HOODUSDT,R,17,HOODUSDT-nyse_20260306T210000Z,R:HOODUSDT:2026-03:17,2026-03,RESEARCH_DEVELOPMENT,LISTING_AFTER_30_DAYS,READY,3240,3240,0.04674137821504987,0.0007845128136012967,0.05456230962786373,0.0055670959700872815,0.04305075737443522,0.5357406042741342,225,224,0.2464,0.03950617283950617,8919.811296296297,3059.425925925926,0.0002568,3.668571428571429e-05,0.0007172676543209876,0.00013825916448323788,0.0
HOODUSDT-R-HOODUSDT-nyse_20260306T210000Z-s31,HOODUSDT,R,31,HOODUSDT-nyse_20260306T210000Z,R:HOODUSDT:2026-03:31,2026-03,RESEARCH_DEVELOPMENT,LISTING_AFTER_30_DAYS,READY,3240,3240,0.05224579485522242,0.0009444934820766641,0.06062523731173259,0.01809374554779893,0.05583501006036215,0.5001781261132882,292,291,0.3201,0.018827160493827162,5695.121111111111,3094.0185185185187,0.00026698,4.4496666666666664e-05,0.0008093974722222223,0.0001514718129603337,0.0
HOODUSDT-R-HOODUSDT-nyse_20260306T210000Z-s59,HOODUSDT,R,59,HOODUSDT-nyse_20260306T210000Z,R:HOODUSDT:2026-03:59,2026-03,RESEARCH_DEVELOPMENT,LISTING_AFTER_30_DAYS,READY,3240,3240,0.05276066539494847,0.0009941591622863936,0.05964290236798794,0.010784379395806813,0.033199195171026166,0.5142655864741106,298,297,0.32670000000000005,0.016049382716049384,6546.548703703704,3128.462962962963,0.00077386,0.00011055142857142857,0.0010306732160493828,0.00016102323255885875,0.0
HOODUSDT-R-HOODUSDT-nyse_20260306T210000Z-s97,HOODUSDT,R,97,HOODUSDT-nyse_20260306T210000Z,R:HOODUSDT:2026-03:97,2026-03,RESEARCH_DEVELOPMENT,LISTING_AFTER_30_DAYS,READY,3240,3240,0.04847981835224198,0.0008153595326473401,0.08737113402061858,0.026661163846471176,0.07371134020618555,0.5279573982502853,227,226,0.24860000000000002,0.05,11040.132962962964,3546.9074074074074,0.0002568,4.2800000000000004e-05,0.0007323353611111111,0.00014674017321469524,0.0
HOODUSDT-R-HOODUSDT-nyse_20260313T200000Z-s3,HOODUSDT,R,3,HOODUSDT-nyse_20260313T200000Z,R:HOODUSDT:2026-03:3,2026-03,RESEARCH_DEVELOPMENT,LISTING_AFTER_30_DAYS,READY,3300,3300,0.04854459608160967,0.0008078515616811892,0.08756296009298722,0.025020441537203574,0.0698757763975156,0.5268857356235997,227,226,0.24860000000000002,0.0503030303030303,10881.868545454547,3500.4727272727273,0.0002568,4.2800000000000004e-05,0.0007270070030303031,0.00014538662312151213,0.0
HOODUSDT-R-HOODUSDT-nyse_20260313T200000Z-s10,HOODUSDT,R,10,HOODUSDT-nyse_20260313T200000Z,R:HOODUSDT:2026-03:10,2026-03,RESEARCH_DEVELOPMENT,LISTING_AFTER_30_DAYS,READY,3300,3300,0.05982727269519515,0.000981522737008516,0.08225406448057315,0.002186090996037657,0.055822906641000994,0.5363809523809524,324,323,0.3553,0.11090909090909092,9586.703818181817,1666.8727272727272,0.00018536,2.648e-05,0.0005150978242424243,0.0001913668028093653,0.0
HOODUSDT-R-HOODUSDT-nyse_20260313T200000Z-s17,HOODUSDT,R,17,HOODUSDT-nyse_20260313T200000Z,R:HOODUSDT:2026-03:17,2026-03,RESEARCH_DEVELOPMENT,LISTING_AFTER_30_DAYS,READY,3300,3300,0.05286278744410294,0.0008951442313923043,0.06860942141745642,0.0021221767470062185,0.05260924904539688,0.5375,296,295,0.3245,0.13636363636363635,8914.51,1608.9454545454546,0.0,0.0,0.00047727738181818185,0.0001691350925125605,0.0
HOODUSDT-R-HOODUSDT-nyse_20260313T200000Z-s31,HOODUSDT,R,31,HOODUSDT-nyse_20260313T200000Z,R:HOODUSDT:2026-03:31,2026-03,RESEARCH_DEVELOPMENT,LISTING_AFTER_30_DAYS,READY,3300,3300,0.04854459608160967,0.0008078515616811892,0.08756296009298722,0.025020441537203574,0.0698757763975156,0.5268857356235997,227,226,0.24860000000000002,0.0503030303030303,10881.868545454547,3500.4727272727273,0.0002568,4.2800000000000004e-05,0.0007270070030303031,0.00014538662312151213,0.0
HOODUSDT-R-HOODUSDT-nyse_20260313T200000Z-s59,HOODUSDT,R,59,HOODUSDT-nyse_20260313T200000Z,R:HOODUSDT:2026-03:59,2026-03,RESEARCH_DEVELOPMENT,LISTING_AFTER_30_DAYS,READY,3300,3300,0.06002538396488896,0.0011169216704999233,0.11099071207430344,0.019510891353735127,0.10812064965197207,0.5163421418636995,352,351,0.3861,0.016666666666666666,15838.866363636364,3307.490909090909,0.00162547,0.00023221,0.0007760601121212121,0.0001450416640638784,0.0
HOODUSDT-R-HOODUSDT-nyse_20260313T200000Z-s97,HOODUSDT,R,97,HOODUSDT-nyse_20260313T200000Z,R:HOODUSDT:2026-03:97,2026-03,RESEARCH_DEVELOPMENT,LISTING_AFTER_30_DAYS,READY,3300,3300,0.05254955173812063,0.0009447387701081672,0.06095698651056238,0.01475421299209848,0.05583501006036215,0.5013995801259622,296,295,0.3245,0.018787878787878787,5767.704,3095.672727272727,0.00031872,4.553142857142857e-05,0.0008165145303030304,0.0001518070317809,0.0
HOODUSDT-R-HOODUSDT-nyse_20260320T200000Z-s3,HOODUSDT,R,3,HOODUSDT-nyse_20260320T200000Z,R:HOODUSDT:2026-03:3,2026-03,RESEARCH_DEVELOPMENT,LISTING_AFTER_30_DAYS,READY,3300,3300,0.052506092079420724,0.0008811963840011822,0.06776582366913504,0.007660487206986348,0.04170748775367395,0.5364705882352941,293,292,0.32120000000000004,0.1393939393939394,8713.745818181818,1568.1272727272728,0.0,0.0,0.0004768995818181818,0.0001690483949065693,0.0
HOODUSDT-R-HOODUSDT-nyse_20260320T200000Z-s10,HOODUSDT,R,10,HOODUSDT-nyse_20260320T200000Z,R:HOODUSDT:2026-03:10,2026-03,RESEARCH_DEVELOPMENT,LISTING_AFTER_30_DAYS,READY,3300,3300,0.059936702038184124,0.0011137012584500209,0.10991874904185193,0.015302013422818785,0.0986045085109647,0.5123392422662496,351,350,0.385,0.01696969696969697,15813.520727272728,3306.6,0.00162547,0.00023221,0.0007938266939393939,0.0001452866138129903,0.0
HOODUSDT-R-HOODUSDT-nyse_20260320T200000Z-s17,HOODUSDT,R,17,HOODUSDT-nyse_20260320T200000Z,R:HOODUSDT:2026-03:17,2026-03,RESEARCH_DEVELOPMENT,LISTING_AFTER_30_DAYS,READY,3300,3300,0.05913273565095892,0.001107527530533646,0.10044066251329584,0.013757755597518144,0.08332073189172849,0.5168344324887192,355,354,0.3894,0.01696969696969697,15583.369818181818,3231.3636363636365,0.00108413,0.00018068833333333332,0.0007588023303030303,0.00014260547866062833,0.0
HOODUSDT-R-HOODUSDT-nyse_20260320T200000Z-s31,HOODUSDT,R,31,HOODUSDT-nyse_20260320T200000Z,R:HOODUSDT:2026-03:31,2026-03,RESEARCH_DEVELOPMENT,LISTING_AFTER_30_DAYS,READY,3300,3300,0.05978533531558016,0.0009761105265118414,0.08280166435506241,0.0006152163510834857,0.047968944960487925,0.5379336637438048,325,324,0.3564,0.11333333333333333,9534.429818181818,1646.1090909090908,0.0,0.0,0.0004940712212121212,0.00019034242335788328,0.0
HOODUSDT-R-HOODUSDT-nyse_20260320T200000Z-s59,HOODUSDT,R,59,HOODUSDT-nyse_20260320T200000Z,R:HOODUSDT:2026-03:59,2026-03,RESEARCH_DEVELOPMENT,LISTING_AFTER_30_DAYS,READY,3300,3300,0.05982727269519515,0.000981522737008516,0.08225406448057315,0.002186090996037657,0.055822906641000994,0.5363809523809524,324,323,0.3553,0.11090909090909092,9586.703818181817,1666.8727272727272,0.00018536,2.648e-05,0.0005150978242424243,0.0001913668028093653,0.0
HOODUSDT-R-HOODUSDT-nyse_20260320T200000Z-s97,HOODUSDT,R,97,HOODUSDT-nyse_20260320T200000Z,R:HOODUSDT:2026-03:97,2026-03,RESEARCH_DEVELOPMENT,LISTING_AFTER_30_DAYS,READY,3300,3300,0.052506092079420724,0.0008811963840011822,0.06776582366913504,0.007660487206986348,0.04170748775367395,0.5364705882352941,293,292,0.32120000000000004,0.1393939393939394,8713.745818181818,1568.1272727272728,0.0,0.0,0.0004768995818181818,0.0001690483949065693,0.0
HOODUSDT-R-HOODUSDT-nyse_20260327T200000Z-s3,HOODUSDT,R,3,HOODUSDT-nyse_20260327T200000Z,R:HOODUSDT:2026-03:3,2026-03,RESEARCH_DEVELOPMENT,LISTING_AFTER_30_DAYS,READY,3300,3300,0.05913273565095892,0.001107527530533646,0.10044066251329584,0.013757755597518144,0.08332073189172849,0.5168344324887192,355,354,0.3894,0.01696969696969697,15583.369818181818,3231.3636363636365,0.00108413,0.00018068833333333332,0.0007588023303030303,0.00014260547866062833,0.0
HOODUSDT-R-HOODUSDT-nyse_20260327T200000Z-s10,HOODUSDT,R,10,HOODUSDT-nyse_20260327T200000Z,R:HOODUSDT:2026-03:10,2026-03,RESEARCH_DEVELOPMENT,LISTING_AFTER_30_DAYS,READY,3300,3300,0.05281880916020521,0.000983823379169033,0.05956747186037699,0.011367413414877306,0.033199195171026166,0.5129892622099065,301,300,0.33,0.01575757575757576,6455.115818181818,3089.1454545454544,0.00077386,0.00011055142857142857,0.0010295900363636362,0.00015900371891972704,0.0
HOODUSDT-R-HOODUSDT-nyse_20260327T200000Z-s17,HOODUSDT,R,17,HOODUSDT-nyse_20260327T200000Z,R:HOODUSDT:2026-03:17,2026-03,RESEARCH_DEVELOPMENT,LISTING_AFTER_30_DAYS,READY,3300,3300,0.052466749177476874,0.0009394105683683475,0.06062523731173259,0.018706047819972007,0.05583501006036215,0.49929922915206726,295,294,0.3234,0.019090909090909092,5647.4009090909085,3068.490909090909,0.00026698,4.4496666666666664e-05,0.0008020765181818182,0.00015129717664945488,0.0
HOODUSDT-R-HOODUSDT-nyse_20260327T200000Z-s31,HOODUSDT,R,31,HOODUSDT-nyse_20260327T200000Z,R:HOODUSDT:2026-03:31,2026-03,RESEARCH_DEVELOPMENT,LISTING_AFTER_30_DAYS,READY,3300,3300,0.05913273565095892,0.001107527530533646,0.10044066251329584,0.013757755597518144,0.08332073189172849,0.5168344324887192,355,354,0.3894,0.01696969696969697,15583.369818181818,3231.3636363636365,0.00108413,0.00018068833333333332,0.0007588023303030303,0.00014260547866062833,0.0
HOODUSDT-R-HOODUSDT-nyse_20260327T200000Z-s59,HOODUSDT,R,59,HOODUSDT-nyse_20260327T200000Z,R:HOODUSDT:2026-03:59,2026-03,RESEARCH_DEVELOPMENT,LISTING_AFTER_30_DAYS,READY,3300,3300,0.04854582611537253,0.000808008852557605,0.0879377431906615,0.02493663641566503,0.06247554454154175,0.5267289719626168,230,229,0.2519,0.05090909090909091,10871.597636363636,3504.4727272727273,0.0002568,3.668571428571429e-05,0.0007284684090909092,0.00014431366329143702,0.0
HOODUSDT-R-HOODUSDT-nyse_20260327T200000Z-s97,HOODUSDT,R,97,HOODUSDT-nyse_20260327T200000Z,R:HOODUSDT:2026-03:97,2026-03,RESEARCH_DEVELOPMENT,LISTING_AFTER_30_DAYS,READY,3300,3300,0.06002538396488896,0.0011169216704999233,0.11099071207430344,0.019510891353735127,0.10812064965197207,0.5163421418636995,352,351,0.3861,0.016666666666666666,15838.866363636364,3307.490909090909,0.00162547,0.00023221,0.0007760601121212121,0.0001450416640638784,0.0
HOODUSDT-R-HOODUSDT-nyse_20260402T200000Z-s3,HOODUSDT,R,3,HOODUSDT-nyse_20260402T200000Z,R:HOODUSDT:2026-04:3,2026-04,RESEARCH_DEVELOPMENT,LISTING_AFTER_30_DAYS,READY,4740,4740,0.0637292668007586,0.000959911043173057,0.15917898665135644,0.005237280889268928,0.1085985885064092,0.5061881188118812,380,379,0.41690000000000005,0.019409282700421943,14825.726835443036,3312.6202531645567,0.00219439,0.000219439,0.0008410773016877637,0.00013171077360414174,0.0
HOODUSDT-R-HOODUSDT-nyse_20260402T200000Z-s10,HOODUSDT,R,10,HOODUSDT-nyse_20260402T200000Z,R:HOODUSDT:2026-04:10,2026-04,RESEARCH_DEVELOPMENT,LISTING_AFTER_30_DAYS,READY,4740,4740,0.06369472856896435,0.0009593727778069608,0.15954538915263994,0.0034242910647404993,0.1085985885064092,0.5058125154588177,379,378,0.4158,0.019620253164556962,14833.603797468353,3306.9367088607596,0.00219439,0.000219439,0.000833279611814346,0.0001315918261995819,0.0
HOODUSDT-R-HOODUSDT-nyse_20260402T200000Z-s17,HOODUSDT,R,17,HOODUSDT-nyse_20260402T200000Z,R:HOODUSDT:2026-04:17,2026-04,RESEARCH_DEVELOPMENT,LISTING_AFTER_30_DAYS,READY,4740,4740,0.06369472856896435,0.0009593727778069608,0.15954538915263994,0.0034242910647404993,0.1085985885064092,0.5058125154588177,379,378,0.4158,0.019620253164556962,14833.603797468353,3306.9367088607596,0.00219439,0.000219439,0.000833279611814346,0.0001315918261995819,0.0
HOODUSDT-R-HOODUSDT-nyse_20260402T200000Z-s31,HOODUSDT,R,31,HOODUSDT-nyse_20260402T200000Z,R:HOODUSDT:2026-04:31,2026-04,RESEARCH_DEVELOPMENT,LISTING_AFTER_30_DAYS,READY,4740,4740,0.08390573104752287,0.0012172646478991575,0.2539009033670955,0.045084577818670785,0.24654724463284564,0.4918970448045758,492,491,0.5401,0.013080168776371307,19957.054683544306,4302.594936708861,6.633999999999999e-05,6.6339999999999995e-06,0.0005515779789029536,0.00014553096728454226,0.0
HOODUSDT-R-HOODUSDT-nyse_20260402T200000Z-s59,HOODUSDT,R,59,HOODUSDT-nyse_20260402T200000Z,R:HOODUSDT:2026-04:59,2026-04,RESEARCH_DEVELOPMENT,LISTING_AFTER_30_DAYS,READY,4740,4740,0.0948580736726365,0.0011173081883540633,0.173293768545994,0.04531878976756266,0.16878187640849251,0.524578136463683,463,462,0.5082,0.015822784810126583,12431.43,4398.544303797468,0.00096892,9.689199999999999e-05,0.0007064491308016878,0.00013530500005575418,0.0
HOODUSDT-R-HOODUSDT-nyse_20260402T200000Z-s97,HOODUSDT,R,97,HOODUSDT-nyse_20260402T200000Z,R:HOODUSDT:2026-04:97,2026-04,RESEARCH_DEVELOPMENT,LISTING_AFTER_30_DAYS,READY,4740,4740,0.06305809485160242,0.000944587663254976,0.11984649122807024,0.02702232278839048,0.10073521343136171,0.5045324427480916,384,383,0.4213,0.005063291139240506,10374.32506329114,2456.0886075949365,0.00105434,0.000105434,0.0007457029556962025,0.0002757454243030875,0.0
HOODUSDT-R-HOODUSDT-nyse_20260410T200000Z-s3,HOODUSDT,R,3,HOODUSDT-nyse_20260410T200000Z,R:HOODUSDT:2026-04:3,2026-04,RESEARCH_DEVELOPMENT,LISTING_AFTER_30_DAYS,READY,3300,3300,0.07538266420021045,0.0013453009968947404,0.12437810945273632,0.015197023355897224,0.10216418812719143,0.4870946393117141,371,370,0.40700000000000003,0.005454545454545455,21157.96890909091,4711.381818181818,6.633999999999999e-05,9.477142857142856e-06,0.000547851793939394,0.0001576371854880092,0.0
HOODUSDT-R-HOODUSDT-nyse_20260410T200000Z-s10,HOODUSDT,R,10,HOODUSDT-nyse_20260410T200000Z,R:HOODUSDT:2026-04:10,2026-04,RESEARCH_DEVELOPMENT,LISTING_AFTER_30_DAYS,READY,3300,3300,0.05946994681167847,0.001037383584442472,0.06872483221476497,0.0063802637175670255,0.06285102968708214,0.5237926136363636,319,318,0.3498,0.013636363636363636,12193.949818181818,4506.854545454546,0.0006401099999999999,9.14442857142857e-05,0.0006879041575757576,0.00012532095729398199,0.0
HOODUSDT-R-HOODUSDT-nyse_20260410T200000Z-s17,HOODUSDT,R,17,HOODUSDT-nyse_20260410T200000Z,R:HOODUSDT:2026-04:17,2026-04,RESEARCH_DEVELOPMENT,LISTING_AFTER_30_DAYS,READY,3300,3300,0.0894111141567597,0.0012542683894877376,0.173293768545994,0.0743352023538556,0.16878187640849251,0.5176915149433184,351,350,0.385,0.011212121212121211,14757.357454545456,4757.163636363636,0.00067964,9.709142857142857e-05,0.0007179537727272727,0.00015037360779159416,0.0
HOODUSDT-R-HOODUSDT-nyse_20260410T200000Z-s31,HOODUSDT,R,31,HOODUSDT-nyse_20260410T200000Z,R:HOODUSDT:2026-04:31,2026-04,RESEARCH_DEVELOPMENT,LISTING_AFTER_30_DAYS,READY,3300,3300,0.050771216823655624,0.0008986209709405098,0.12010232933889864,0.033284860235902235,0.07044534412955465,0.5133880756872545,250,249,0.27390000000000003,0.02090909090909091,15079.51509090909,2979.0,0.00219439,0.0003134842857142857,0.0008308993484848485,0.00012880046334176528,0.0
HOODUSDT-R-HOODUSDT-nyse_20260410T200000Z-s59,HOODUSDT,R,59,HOODUSDT-nyse_20260410T200000Z,R:HOODUSDT:2026-04:59,2026-04,RESEARCH_DEVELOPMENT,LISTING_AFTER_30_DAYS,READY,3300,3300,0.05389500824389299,0.0010388885929105325,0.15917898665135644,0.014001154734411058,0.1085985885064092,0.5080475857242828,284,283,0.3113,0.014242424242424242,16830.903454545452,3786.6181818181817,0.0019320700000000001,0.00027601000000000004,0.0009276317787878787,0.00013619016618493857,0.0
HOODUSDT-R-HOODUSDT-nyse_20260410T200000Z-s97,HOODUSDT,R,97,HOODUSDT-nyse_20260410T200000Z,R:HOODUSDT:2026-04:97,2026-04,RESEARCH_DEVELOPMENT,LISTING_AFTER_30_DAYS,READY,3300,3300,0.059826819944527654,0.0010537906694650474,0.06898410132039869,0.003067057019378202,0.056415780261209074,0.5213103205353998,327,326,0.35860000000000003,0.011515151515151515,12305.109272727273,4559.763636363637,0.0006401099999999999,9.14442857142857e-05,0.0006957337909090909,0.00012712292134295098,0.0
HOODUSDT-R-HOODUSDT-nyse_20260417T200000Z-s3,HOODUSDT,R,3,HOODUSDT-nyse_20260417T200000Z,R:HOODUSDT:2026-04:3,2026-04,RESEARCH_DEVELOPMENT,LISTING_AFTER_30_DAYS,READY,3300,3300,0.048907147481203665,0.0009008056016062978,0.09357839291718026,0.029216121038215814,0.07807402407469904,0.5133561643835617,253,252,0.2772,0.0048484848484848485,9085.916545454545,2340.2,0.00096666,0.00016111,0.0007890059515151516,0.0003515355443170005,0.0
HOODUSDT-R-HOODUSDT-nyse_20260417T200000Z-s10,HOODUSDT,R,10,HOODUSDT-nyse_20260417T200000Z,R:HOODUSDT:2026-04:10,2026-04,RESEARCH_DEVELOPMENT,LISTING_AFTER_30_DAYS,READY,3300,3300,0.0723039088147322,0.0012616359414203528,0.2528436343702892,0.08457314028956572,0.24893821071379646,0.4922971585073605,356,355,0.3905,0.012727272727272728,22334.854727272726,4878.8,4.226e-05,7.043333333333333e-06,0.00048555038787878786,0.00014361682249649108,0.0
HOODUSDT-R-HOODUSDT-nyse_20260417T200000Z-s17,HOODUSDT,R,17,HOODUSDT-nyse_20260417T200000Z,R:HOODUSDT:2026-04:17,2026-04,RESEARCH_DEVELOPMENT,LISTING_AFTER_30_DAYS,READY,3300,3300,0.04885987411926744,0.0009013890196416637,0.09464973928814321,0.02484512552983377,0.07054553703073606,0.5102529049897471,255,254,0.27940000000000004,0.0036363636363636364,9108.768363636364,2344.9636363636364,0.00096666,0.0001380942857142857,0.0007809632212121213,0.0003196319459589176,0.0
HOODUSDT-R-HOODUSDT-nyse_20260417T200000Z-s31,HOODUSDT,R,31,HOODUSDT-nyse_20260417T200000Z,R:HOODUSDT:2026-04:31,2026-04,RESEARCH_DEVELOPMENT,LISTING_AFTER_30_DAYS,READY,3300,3300,0.05274408002099164,0.0009229455133470488,0.0793859649122808,0.024853253403272182,0.06013387468451652,0.5106382978723404,254,253,0.2783,0.005454545454545455,10816.38490909091,2342.0,0.00033243,4.749e-05,0.000624763196969697,0.00011750194272033692,0.0
HOODUSDT-R-HOODUSDT-nyse_20260417T200000Z-s59,HOODUSDT,R,59,HOODUSDT-nyse_20260417T200000Z,R:HOODUSDT:2026-04:59,2026-04,RESEARCH_DEVELOPMENT,LISTING_AFTER_30_DAYS,READY,3300,3300,0.05266747004515044,0.0009208058193260063,0.07919492452417425,0.027199799448483383,0.062192050804773816,0.5111339499828709,252,251,0.2761,0.005454545454545455,10760.571272727273,2334.2,0.00033243,5.5404999999999996e-05,0.0006166933545454546,0.00011701665210589449,0.0
HOODUSDT-R-HOODUSDT-nyse_20260417T200000Z-s97,HOODUSDT,R,97,HOODUSDT-nyse_20260417T200000Z,R:HOODUSDT:2026-04:97,2026-04,RESEARCH_DEVELOPMENT,LISTING_AFTER_30_DAYS,READY,3300,3300,0.0723039088147322,0.0012616359414203528,0.2528436343702892,0.08457314028956572,0.24893821071379646,0.4922971585073605,356,355,0.3905,0.012727272727272728,22334.854727272726,4878.8,4.226e-05,7.043333333333333e-06,0.00048555038787878786,0.00014361682249649108,0.0
HOODUSDT-R-HOODUSDT-nyse_20260424T200000Z-s3,HOODUSDT,R,3,HOODUSDT-nyse_20260424T200000Z,R:HOODUSDT:2026-04:3,2026-04,RESEARCH_DEVELOPMENT,LISTING_AFTER_30_DAYS,READY,3300,3300,0.05946994681167847,0.001037383584442472,0.06872483221476497,0.0063802637175670255,0.06285102968708214,0.5237926136363636,319,318,0.3498,0.013636363636363636,12193.949818181818,4506.854545454546,0.0006401099999999999,9.14442857142857e-05,0.0006879041575757576,0.00012532095729398199,0.0
HOODUSDT-R-HOODUSDT-nyse_20260424T200000Z-s10,HOODUSDT,R,10,HOODUSDT-nyse_20260424T200000Z,R:HOODUSDT:2026-04:10,2026-04,RESEARCH_DEVELOPMENT,LISTING_AFTER_30_DAYS,READY,3300,3300,0.04885987411926744,0.0009013890196416637,0.09464973928814321,0.02484512552983377,0.07054553703073606,0.5102529049897471,255,254,0.27940000000000004,0.0036363636363636364,9108.768363636364,2344.9636363636364,0.00096666,0.0001380942857142857,0.0007809632212121213,0.0003196319459589176,0.0
HOODUSDT-R-HOODUSDT-nyse_20260424T200000Z-s17,HOODUSDT,R,17,HOODUSDT-nyse_20260424T200000Z,R:HOODUSDT:2026-04:17,2026-04,RESEARCH_DEVELOPMENT,LISTING_AFTER_30_DAYS,READY,3300,3300,0.07455029877863897,0.0013129309805401286,0.12344935565458268,0.014848997121578996,0.10216418812719143,0.4860093271152565,356,355,0.3905,0.00787878787878788,20661.89490909091,4608.054545454545,2.408e-05,4.013333333333334e-06,0.0005443558242424243,0.00015589067717165203,0.0
HOODUSDT-R-HOODUSDT-nyse_20260424T200000Z-s31,HOODUSDT,R,31,HOODUSDT-nyse_20260424T200000Z,R:HOODUSDT:2026-04:31,2026-04,RESEARCH_DEVELOPMENT,LISTING_AFTER_30_DAYS,READY,3300,3300,0.0894111141567597,0.0012542683894877376,0.173293768545994,0.0743352023538556,0.16878187640849251,0.5176915149433184,351,350,0.385,0.011212121212121211,14757.357454545456,4757.163636363636,0.00067964,9.709142857142857e-05,0.0007179537727272727,0.00015037360779159416,0.0
HOODUSDT-R-HOODUSDT-nyse_20260424T200000Z-s59,HOODUSDT,R,59,HOODUSDT-nyse_20260424T200000Z,R:HOODUSDT:2026-04:59,2026-04,RESEARCH_DEVELOPMENT,LISTING_AFTER_30_DAYS,READY,3300,3300,0.07455029877863897,0.0013129309805401286,0.12344935565458268,0.014848997121578996,0.10216418812719143,0.4860093271152565,356,355,0.3905,0.00787878787878788,20661.89490909091,4608.054545454545,2.408e-05,4.013333333333334e-06,0.0005443558242424243,0.00015589067717165203,0.0
HOODUSDT-R-HOODUSDT-nyse_20260424T200000Z-s97,HOODUSDT,R,97,HOODUSDT-nyse_20260424T200000Z,R:HOODUSDT:2026-04:97,2026-04,RESEARCH_DEVELOPMENT,LISTING_AFTER_30_DAYS,READY,3300,3300,0.049516776099337065,0.000867346764304664,0.11963519313304723,0.038624470470969285,0.07044534412955465,0.5105696882837693,236,235,0.2585,0.021515151515151515,13778.297818181818,2801.490909090909,0.00145071,0.000241785,0.0007893405878787879,0.00012495609445727492,0.0
HOODUSDT-R-HOODUSDT-nyse_20260501T200000Z-s3,HOODUSDT,R,3,HOODUSDT-nyse_20260501T200000Z,R:HOODUSDT:2026-05:3,2026-05,RESEARCH_DEVELOPMENT,LISTING_AFTER_30_DAYS,READY,3300,3300,0.04449382349161395,0.0008178230825064626,0.05761960630947728,0.004986702127659539,0.04197080291970801,0.5248559077809798,251,250,0.275,0.013939393939393939,4356.283818181818,3040.7272727272725,0.00102017,0.0001700283333333333,0.0006882965454545454,0.00010665984489211341,0.0
HOODUSDT-R-HOODUSDT-nyse_20260501T200000Z-s10,HOODUSDT,R,10,HOODUSDT-nyse_20260501T200000Z,R:HOODUSDT:2026-05:10,2026-05,RESEARCH_DEVELOPMENT,LISTING_AFTER_30_DAYS,READY,3300,3300,0.04826182870027917,0.0007664381604900641,0.06010645203167591,0.01006853371689646,0.050038890329271446,0.5248278361725263,230,229,0.2519,0.019696969696969695,2866.806727272727,2501.2909090909093,0.00026959,3.8512857142857146e-05,0.00035764179696969696,0.00010764193316131833,0.0
HOODUSDT-R-HOODUSDT-nyse_20260501T200000Z-s17,HOODUSDT,R,17,HOODUSDT-nyse_20260501T200000Z,R:HOODUSDT:2026-05:17,2026-05,RESEARCH_DEVELOPMENT,LISTING_AFTER_30_DAYS,READY,3300,3300,0.045844318558648484,0.0008023394587499057,0.0875112772264466,0.00918936659008852,0.0471867007672634,0.49526239067055394,205,204,0.22440000000000002,0.009393939393939394,6511.561818181819,3758.909090909091,0.00070593,0.00010084714285714286,0.0005587020852359209,0.00010491544327882831,0.0
HOODUSDT-R-HOODUSDT-nyse_20260501T200000Z-s31,HOODUSDT,R,31,HOODUSDT-nyse_20260501T200000Z,R:HOODUSDT:2026-05:31,2026-05,RESEARCH_DEVELOPMENT,LISTING_AFTER_30_DAYS,READY,3300,3300,0.04250471278321238,0.0007505077805076106,0.06193146417445482,0.02845137004289587,0.059945164506480415,0.5114587122590033,194,193,0.21230000000000002,0.008181818181818182,5622.774,3274.818181818182,0.00083797,0.00013966166666666666,0.0005608070446194226,0.00010149909630192039,0.0
HOODUSDT-R-HOODUSDT-nyse_20260501T200000Z-s59,HOODUSDT,R,59,HOODUSDT-nyse_20260501T200000Z,R:HOODUSDT:2026-05:59,2026-05,RESEARCH_DEVELOPMENT,LISTING_AFTER_30_DAYS,READY,3300,3300,0.045589490098916115,0.0007987269328168208,0.0871406570841888,0.007495263981550083,0.0471867007672634,0.4959883296863603,202,201,0.22110000000000002,0.009696969696969697,6456.194181818181,3725.818181818182,0.0,0.0,0.000545129396969697,0.00010479829527947739,0.0
HOODUSDT-R-HOODUSDT-nyse_20260501T200000Z-s97,HOODUSDT,R,97,HOODUSDT-nyse_20260501T200000Z,R:HOODUSDT:2026-05:97,2026-05,RESEARCH_DEVELOPMENT,LISTING_AFTER_30_DAYS,READY,3300,3300,0.047466204170305205,0.0008319352684820949,0.04901320088877271,0.020485345099275035,0.043739391565478444,0.5167430384208671,249,248,0.27280000000000004,0.0069696969696969695,6347.983272727273,3398.490909090909,0.00142778,0.00020396857142857144,0.000803494800608828,0.00010668868647955988,0.0
HOODUSDT-R-HOODUSDT-nyse_20260508T200000Z-s3,HOODUSDT,R,3,HOODUSDT-nyse_20260508T200000Z,R:HOODUSDT:2026-05:3,2026-05,RESEARCH_DEVELOPMENT,LISTING_AFTER_30_DAYS,READY,3300,3300,0.04361359971558708,0.0007139987312331282,0.041425689307330364,0.019553331479936986,0.03518942968855331,0.5415579575102497,203,202,0.2222,0.02909090909090909,3080.9256363636364,2616.4,6.661e-05,9.515714285714285e-06,0.0004313468727272727,0.00010324731361035331,0.0
HOODUSDT-R-HOODUSDT-nyse_20260508T200000Z-s10,HOODUSDT,R,10,HOODUSDT-nyse_20260508T200000Z,R:HOODUSDT:2026-05:10,2026-05,RESEARCH_DEVELOPMENT,LISTING_AFTER_30_DAYS,READY,3300,3300,0.04469226355970708,0.0008243877721361794,0.05738024146436455,0.006440957886044613,0.02942310163176143,0.5237752161383286,252,251,0.2761,0.013636363636363636,4410.933636363637,3079.672727272727,0.00118949,0.00016992714285714286,0.0006909196848484849,0.00010744911302331458,0.0
HOODUSDT-R-HOODUSDT-nyse_20260508T200000Z-s17,HOODUSDT,R,17,HOODUSDT-nyse_20260508T200000Z,R:HOODUSDT:2026-05:17,2026-05,RESEARCH_DEVELOPMENT,LISTING_AFTER_30_DAYS,READY,3300,3300,0.04826182870027917,0.0007664381604900641,0.06010645203167591,0.01006853371689646,0.050038890329271446,0.5248278361725263,230,229,0.2519,0.019696969696969695,2866.806727272727,2501.2909090909093,0.00026959,3.8512857142857146e-05,0.00035764179696969696,0.00010764193316131833,0.0
HOODUSDT-R-HOODUSDT-nyse_20260508T200000Z-s31,HOODUSDT,R,31,HOODUSDT-nyse_20260508T200000Z,R:HOODUSDT:2026-05:31,2026-05,RESEARCH_DEVELOPMENT,LISTING_AFTER_30_DAYS,READY,3300,3300,0.05359663140682248,0.0008483710699518724,0.17081081081081081,0.08640131431558501,0.16657630794253175,0.49053857350800584,231,230,0.253,0.020606060606060607,6617.7229090909095,3976.327272727273,0.0,0.0,0.00044259781515151517,0.00010618520823796248,0.0
HOODUSDT-R-HOODUSDT-nyse_20260508T200000Z-s59,HOODUSDT,R,59,HOODUSDT-nyse_20260508T200000Z,R:HOODUSDT:2026-05:59,2026-05,RESEARCH_DEVELOPMENT,LISTING_AFTER_30_DAYS,READY,3300,3300,0.04469226355970708,0.0008243877721361794,0.05738024146436455,0.006440957886044613,0.02942310163176143,0.5237752161383286,252,251,0.2761,0.013636363636363636,4410.933636363637,3079.672727272727,0.00118949,0.00016992714285714286,0.0006909196848484849,0.00010744911302331458,0.0
HOODUSDT-R-HOODUSDT-nyse_20260508T200000Z-s97,HOODUSDT,R,97,HOODUSDT-nyse_20260508T200000Z,R:HOODUSDT:2026-05:97,2026-05,RESEARCH_DEVELOPMENT,LISTING_AFTER_30_DAYS,READY,3300,3300,0.045589490098916115,0.0007987269328168208,0.0871406570841888,0.007495263981550083,0.0471867007672634,0.4959883296863603,202,201,0.22110000000000002,0.009696969696969697,6456.194181818181,3725.818181818182,0.0,0.0,0.000545129396969697,0.00010479829527947739,0.0
HOODUSDT-R-HOODUSDT-nyse_20260515T200000Z-s3,HOODUSDT,R,3,HOODUSDT-nyse_20260515T200000Z,R:HOODUSDT:2026-05:3,2026-05,RESEARCH_DEVELOPMENT,LISTING_AFTER_30_DAYS,READY,3300,3300,0.045844318558648484,0.0008023394587499057,0.0875112772264466,0.00918936659008852,0.0471867007672634,0.49526239067055394,205,204,0.22440000000000002,0.009393939393939394,6511.561818181819,3758.909090909091,0.00070593,0.00010084714285714286,0.0005587020852359209,0.00010491544327882831,0.0
HOODUSDT-R-HOODUSDT-nyse_20260515T200000Z-s10,HOODUSDT,R,10,HOODUSDT-nyse_20260515T200000Z,R:HOODUSDT:2026-05:10,2026-05,RESEARCH_DEVELOPMENT,LISTING_AFTER_30_DAYS,READY,3300,3300,0.05359663140682248,0.0008483710699518724,0.17081081081081081,0.08640131431558501,0.16657630794253175,0.49053857350800584,231,230,0.253,0.020606060606060607,6617.7229090909095,3976.327272727273,0.0,0.0,0.00044259781515151517,0.00010618520823796248,0.0
HOODUSDT-R-HOODUSDT-nyse_20260515T200000Z-s17,HOODUSDT,R,17,HOODUSDT-nyse_20260515T200000Z,R:HOODUSDT:2026-05:17,2026-05,RESEARCH_DEVELOPMENT,LISTING_AFTER_30_DAYS,READY,3300,3300,0.045104639961811986,0.0008341220259931709,0.05789887346083313,0.001059753811037824,0.04743186582809231,0.5211166785969935,257,256,0.2816,0.011818181818181818,4481.665818181818,3134.6545454545453,0.00118949,0.00016992714285714286,0.0007045533454545454,0.00010866051713255113,0.0
HOODUSDT-R-HOODUSDT-nyse_20260515T200000Z-s31,HOODUSDT,R,31,HOODUSDT-nyse_20260515T200000Z,R:HOODUSDT:2026-05:31,2026-05,RESEARCH_DEVELOPMENT,LISTING_AFTER_30_DAYS,READY,3300,3300,0.04361359971558708,0.0007139987312331282,0.041425689307330364,0.019553331479936986,0.03518942968855331,0.5415579575102497,203,202,0.2222,0.02909090909090909,3080.9256363636364,2616.4,6.661e-05,9.515714285714285e-06,0.0004313468727272727,0.00010324731361035331,0.0
HOODUSDT-R-HOODUSDT-nyse_20260515T200000Z-s59,HOODUSDT,R,59,HOODUSDT-nyse_20260515T200000Z,R:HOODUSDT:2026-05:59,2026-05,RESEARCH_DEVELOPMENT,LISTING_AFTER_30_DAYS,READY,3300,3300,0.05327890847137887,0.0008343144404810333,0.16529260710906868,0.08594107769806134,0.1621035510978584,0.4904411764705882,223,222,0.24420000000000003,0.02181818181818182,6447.775818181818,3909.490909090909,0.00021543,3.0775714285714285e-05,0.0004401307272727273,0.0001047861798826211,0.0
HOODUSDT-R-HOODUSDT-nyse_20260515T200000Z-s97,HOODUSDT,R,97,HOODUSDT-nyse_20260515T200000Z,R:HOODUSDT:2026-05:97,2026-05,RESEARCH_DEVELOPMENT,LISTING_AFTER_30_DAYS,READY,3300,3300,0.04361359971558708,0.0007139987312331282,0.041425689307330364,0.019553331479936986,0.03518942968855331,0.5415579575102497,203,202,0.2222,0.02909090909090909,3080.9256363636364,2616.4,6.661e-05,9.515714285714285e-06,0.0004313468727272727,0.00010324731361035331,0.0
HOODUSDT-R-HOODUSDT-nyse_20260522T200000Z-s10,HOODUSDT,R,10,HOODUSDT-nyse_20260522T200000Z,R:HOODUSDT:2026-05:10,2026-05,RESEARCH_DEVELOPMENT,LISTING_AFTER_30_DAYS,READY,4740,4740,0.05567570117913866,0.0008266412566541181,0.08461059190031142,0.007844437078775822,0.06231306081754736,0.4993720170811354,313,312,0.3432,0.006962025316455696,6242.635696202531,3777.4556962025317,0.00083797,9.310777777777777e-05,0.0005556610762331839,0.00010641707379625244,0.0
HOODUSDT-R-HOODUSDT-nyse_20260522T200000Z-s31,HOODUSDT,R,31,HOODUSDT-nyse_20260522T200000Z,R:HOODUSDT:2026-05:31,2026-05,RESEARCH_DEVELOPMENT,LISTING_AFTER_30_DAYS,READY,4740,4740,0.05572758066449899,0.0008384873730854566,0.05777022611423345,0.0014492753623188703,0.043739391565478444,0.5252475247524753,361,360,0.396,0.010970464135021098,5496.492658227848,3187.9493670886077,0.00168419,0.000168419,0.0007556806328042327,0.00010876243082254467,0.0
HOODUSDT-R-HOODUSDT-nyse_20260522T200000Z-s59,HOODUSDT,R,59,HOODUSDT-nyse_20260522T200000Z,R:HOODUSDT:2026-05:59,2026-05,RESEARCH_DEVELOPMENT,LISTING_AFTER_30_DAYS,READY,4740,4740,0.05585031932666428,0.0007570090550133317,0.06010645203167591,0.0034564307804257253,0.050038890329271446,0.5361800051137816,312,311,0.3421,0.023839662447257385,3123.027341772152,2656.1265822784812,0.0003362,3.362e-05,0.00041355915822784806,0.00010445440253640437,0.0
HOODUSDT-R-HOODUSDT-nyse_20260529T200000Z-s3,HOODUSDT,R,3,HOODUSDT-nyse_20260529T200000Z,R:HOODUSDT:2026-05:3,2026-05,RESEARCH_DEVELOPMENT,LISTING_AFTER_30_DAYS,READY,3300,3300,0.05335053260093866,0.0008389389251571963,0.16524793946763935,0.08859416445623336,0.1621035510978584,0.48957952468007315,226,225,0.24750000000000003,0.022424242424242423,6515.672727272728,3933.981818181818,0.00021543,3.0775714285714285e-05,0.00043417844242424244,0.00010551807520960324,0.0
HOODUSDT-R-HOODUSDT-nyse_20260529T200000Z-s17,HOODUSDT,R,17,HOODUSDT-nyse_20260529T200000Z,R:HOODUSDT:2026-05:17,2026-05,RESEARCH_DEVELOPMENT,LISTING_AFTER_30_DAYS,READY,3300,3300,0.05359663140682248,0.0008483710699518724,0.17081081081081081,0.08640131431558501,0.16657630794253175,0.49053857350800584,231,230,0.253,0.020606060606060607,6617.7229090909095,3976.327272727273,0.0,0.0,0.00044259781515151517,0.00010618520823796248,0.0
HOODUSDT-R-HOODUSDT-nyse_20260529T200000Z-s97,HOODUSDT,R,97,HOODUSDT-nyse_20260529T200000Z,R:HOODUSDT:2026-05:97,2026-05,RESEARCH_DEVELOPMENT,LISTING_AFTER_30_DAYS,READY,3300,3300,0.05359663140682248,0.0008483710699518724,0.17081081081081081,0.08640131431558501,0.16657630794253175,0.49053857350800584,231,230,0.253,0.020606060606060607,6617.7229090909095,3976.327272727273,0.0,0.0,0.00044259781515151517,0.00010618520823796248,0.0
HOODUSDT-R-HOODUSDT-nyse_20260605T200000Z-s3,HOODUSDT,R,3,HOODUSDT-nyse_20260605T200000Z,R:HOODUSDT:2026-06:3,2026-06,SEALED_SHORT_OOS,LISTING_AFTER_30_DAYS,READY,3300,3300,0.08576198538169112,0.0015008335950230387,0.14724938155259748,0.013096541377772391,0.06791350087668033,0.5027859718125205,418,417,0.45870000000000005,0.0048484848484848485,9856.944727272727,7537.945454545455,0.0,0.0,0.00037668144545454545,0.0001445890933136032,0.0
HOODUSDT-R-HOODUSDT-nyse_20260605T200000Z-s10,HOODUSDT,R,10,HOODUSDT-nyse_20260605T200000Z,R:HOODUSDT:2026-06:10,2026-06,SEALED_SHORT_OOS,LISTING_AFTER_30_DAYS,READY,3300,3300,0.0744470208079448,0.001391467080397031,0.13808830664725852,0.041034107840373694,0.1276061776061776,0.530009839291571,377,376,0.4136,0.00393939393939394,8693.799636363636,4360.054545454545,0.0003612,5.16e-05,0.0005969577787878788,0.00015467408000307143,0.0
HOODUSDT-R-HOODUSDT-nyse_20260605T200000Z-s17,HOODUSDT,R,17,HOODUSDT-nyse_20260605T200000Z,R:HOODUSDT:2026-06:17,2026-06,SEALED_SHORT_OOS,LISTING_AFTER_30_DAYS,READY,3300,3300,0.0898395840042535,0.0016344000950706576,0.14530120481927714,0.03360750307045302,0.11268275288244389,0.5106658047834518,445,444,0.48840000000000006,0.0,10420.016363636363,8554.10909090909,0.00016454,2.3505714285714285e-05,0.000349953496969697,0.0009579425299478103,0.0
HOODUSDT-R-HOODUSDT-nyse_20260605T200000Z-s31,HOODUSDT,R,31,HOODUSDT-nyse_20260605T200000Z,R:HOODUSDT:2026-06:31,2026-06,SEALED_SHORT_OOS,LISTING_AFTER_30_DAYS,READY,3300,3300,0.08154927649037874,0.0015304515299367234,0.09234727913847324,0.0197433366238895,0.0770556140518809,0.5281850765721734,410,409,0.4499,0.004242424242424243,12643.08,5196.309090909091,0.00025291,4.215166666666667e-05,0.0005208209727272727,0.00016919006216733272,0.0
HOODUSDT-R-HOODUSDT-nyse_20260605T200000Z-s59,HOODUSDT,R,59,HOODUSDT-nyse_20260605T200000Z,R:HOODUSDT:2026-06:59,2026-06,SEALED_SHORT_OOS,LISTING_AFTER_30_DAYS,READY,3300,3300,0.07661839748830812,0.001297283649802752,0.16601682741637588,0.042313060817547356,0.12199574079707942,0.5159771274806593,359,358,0.39380000000000004,0.005454545454545455,12972.008363636363,6551.381818181818,0.00025089000000000003,4.1815000000000005e-05,0.0005740440212121213,0.00013447045910675837,0.0
HOODUSDT-R-HOODUSDT-nyse_20260605T200000Z-s97,HOODUSDT,R,97,HOODUSDT-nyse_20260605T200000Z,R:HOODUSDT:2026-06:97,2026-06,SEALED_SHORT_OOS,LISTING_AFTER_30_DAYS,READY,3300,3300,0.08555812895345852,0.0014877235554906093,0.1474056603773585,0.014678824058551766,0.06791350087668033,0.5021332458155563,415,414,0.4554,0.0048484848484848485,9785.916727272728,7490.636363636364,0.0,0.0,0.00037885303333333334,0.00014394319501271575,0.0
HOODUSDT-R-HOODUSDT-nyse_20260612T200000Z-s3,HOODUSDT,R,3,HOODUSDT-nyse_20260612T200000Z,R:HOODUSDT:2026-06:3,2026-06,SEALED_SHORT_OOS,LISTING_AFTER_30_DAYS,READY,3300,3300,0.07661839748830812,0.001297283649802752,0.16601682741637588,0.042313060817547356,0.12199574079707942,0.5159771274806593,359,358,0.39380000000000004,0.005454545454545455,12972.008363636363,6551.381818181818,0.00025089000000000003,4.1815000000000005e-05,0.0005740440212121213,0.00013447045910675837,0.0
HOODUSDT-R-HOODUSDT-nyse_20260612T200000Z-s10,HOODUSDT,R,10,HOODUSDT-nyse_20260612T200000Z,R:HOODUSDT:2026-06:10,2026-06,SEALED_SHORT_OOS,LISTING_AFTER_30_DAYS,READY,3300,3300,0.08991720906785419,0.0016390467582852214,0.1457225712904785,0.031671858774662554,0.13880778588807782,0.5106589147286822,446,445,0.48950000000000005,0.0,10355.155090909091,8569.690909090908,0.00016454,2.3505714285714285e-05,0.00033063225454545457,0.0009575258245422781,0.0
HOODUSDT-R-HOODUSDT-nyse_20260612T200000Z-s17,HOODUSDT,R,17,HOODUSDT-nyse_20260612T200000Z,R:HOODUSDT:2026-06:17,2026-06,SEALED_SHORT_OOS,LISTING_AFTER_30_DAYS,READY,3300,3300,0.05878001792770722,0.001152722182312482,0.10106933425319083,0.005853959124987162,0.08151299149229711,0.4869109947643979,344,343,0.3773,0.0009090909090909091,8742.192909090909,5427.890909090909,0.0,0.0,0.00033020199393939397,0.00012555469692940096,0.0
HOODUSDT-R-HOODUSDT-nyse_20260612T200000Z-s31,HOODUSDT,R,31,HOODUSDT-nyse_20260612T200000Z,R:HOODUSDT:2026-06:31,2026-06,SEALED_SHORT_OOS,LISTING_AFTER_30_DAYS,READY,3300,3300,0.05512454049043694,0.0010393825029452834,0.12909698996655533,0.03969754253308125,0.11045540585680884,0.49502652519893897,297,296,0.3256,0.0009090909090909091,8213.761636363637,5392.872727272727,0.0,0.0,0.0003419730878787879,0.00012250169669969965,0.0
HOODUSDT-R-HOODUSDT-nyse_20260612T200000Z-s59,HOODUSDT,R,59,HOODUSDT-nyse_20260612T200000Z,R:HOODUSDT:2026-06:59,2026-06,SEALED_SHORT_OOS,LISTING_AFTER_30_DAYS,READY,3300,3300,0.08576573102651536,0.0015014417815398375,0.14831514000949217,0.016372183498135816,0.08555133079847912,0.504259501965924,417,416,0.4576,0.0048484848484848485,9836.699818181818,7529.036363636364,0.0,0.0,0.0003748021242424242,0.00014431414500263836,0.0
HOODUSDT-R-HOODUSDT-nyse_20260612T200000Z-s97,HOODUSDT,R,97,HOODUSDT-nyse_20260612T200000Z,R:HOODUSDT:2026-06:97,2026-06,SEALED_SHORT_OOS,LISTING_AFTER_30_DAYS,READY,3300,3300,0.057289451901619534,0.0010636979518533183,0.10284485286929314,0.029896647340559593,0.07391048292108364,0.5232363757940488,282,281,0.30910000000000004,0.006666666666666667,15350.365454545454,5083.2,0.0006811499999999999,9.730714285714284e-05,0.0005463488888888889,0.00010994406318788148,0.0
HOODUSDT-R-HOODUSDT-nyse_20260618T200000Z-s3,HOODUSDT,R,3,HOODUSDT-nyse_20260618T200000Z,R:HOODUSDT:2026-06:3,2026-06,SEALED_SHORT_OOS,LISTING_AFTER_30_DAYS,READY,4740,4740,0.06954662163750906,0.0011168434646429476,0.12909698996655533,0.011174408413672213,0.11045540585680884,0.4941580756013746,458,457,0.5027,0.0008438818565400844,8704.008607594937,5639.772151898735,0.0,0.0,0.00035693565400843883,0.0001246334944908352,0.0
HOODUSDT-R-HOODUSDT-nyse_20260618T200000Z-s10,HOODUSDT,R,10,HOODUSDT-nyse_20260618T200000Z,R:HOODUSDT:2026-06:10,2026-06,SEALED_SHORT_OOS,LISTING_AFTER_30_DAYS,READY,4740,4740,0.06954662163750906,0.0011168434646429476,0.12909698996655533,0.011174408413672213,0.11045540585680884,0.4941580756013746,458,457,0.5027,0.0008438818565400844,8704.008607594937,5639.772151898735,0.0,0.0,0.00035693565400843883,0.0001246334944908352,0.0
HOODUSDT-R-HOODUSDT-nyse_20260618T200000Z-s17,HOODUSDT,R,17,HOODUSDT-nyse_20260618T200000Z,R:HOODUSDT:2026-06:17,2026-06,SEALED_SHORT_OOS,LISTING_AFTER_30_DAYS,READY,4740,4740,0.09592389343828417,0.0015210417405251524,0.15040534096328084,0.03437967115097163,0.13487125490571458,0.5222929936305732,590,589,0.6479,0.0033755274261603376,12375.648734177215,5249.329113924051,0.00054188,5.4188000000000004e-05,0.0005696681118143459,0.00016746839560971758,0.0
HOODUSDT-R-HOODUSDT-nyse_20260618T200000Z-s31,HOODUSDT,R,31,HOODUSDT-nyse_20260618T200000Z,R:HOODUSDT:2026-06:31,2026-06,SEALED_SHORT_OOS,LISTING_AFTER_30_DAYS,READY,4740,4740,0.10227227579395852,0.0015295332880999938,0.17304747320061253,0.017733145212604093,0.0972922283436877,0.5055821371610846,603,602,0.6622,0.0033755274261603376,10045.574810126584,7903.670886075949,0.00016454,1.6454e-05,0.00036085575949367085,0.0007028044868747469,0.0
HOODUSDT-R-HOODUSDT-nyse_20260618T200000Z-s59,HOODUSDT,R,59,HOODUSDT-nyse_20260618T200000Z,R:HOODUSDT:2026-06:59,2026-06,SEALED_SHORT_OOS,LISTING_AFTER_30_DAYS,READY,4740,4740,0.0961250097067954,0.0015292084656184637,0.15026202953787512,0.030452633434926112,0.13487125490571458,0.522567475618054,597,596,0.6556000000000001,0.0033755274261603376,12385.23835443038,5262.93670886076,0.00054188,5.4188000000000004e-05,0.000568674052742616,0.00016802506471887152,0.0
HOODUSDT-R-HOODUSDT-nyse_20260618T200000Z-s97,HOODUSDT,R,97,HOODUSDT-nyse_20260618T200000Z,R:HOODUSDT:2026-06:97,2026-06,SEALED_SHORT_OOS,LISTING_AFTER_30_DAYS,READY,4740,4740,0.09606600301163289,0.0015264289274116393,0.15029066997045645,0.030275507114744207,0.13487125490571458,0.523237361142598,595,594,0.6534000000000001,0.0033755274261603376,12269.260379746835,5234.7594936708865,0.0003612,4.013333333333333e-05,0.0005637303902953587,0.00016765721692404436,0.0
HOODUSDT-R-HOODUSDT-nyse_20260626T200000Z-s3,HOODUSDT,R,3,HOODUSDT-nyse_20260626T200000Z,R:HOODUSDT:2026-06:3,2026-06,SEALED_SHORT_OOS,LISTING_AFTER_30_DAYS,READY,3300,3300,0.07419132987649299,0.0013805077423173758,0.13611111111111104,0.04656355295741486,0.1314626177205459,0.5265399737876802,375,374,0.41140000000000004,0.00393939393939394,8619.287636363637,4315.636363636364,0.00019918,3.319666666666667e-05,0.0005929823848484849,0.00015341671182234615,0.0
HOODUSDT-R-HOODUSDT-nyse_20260626T200000Z-s10,HOODUSDT,R,10,HOODUSDT-nyse_20260626T200000Z,R:HOODUSDT:2026-06:10,2026-06,SEALED_SHORT_OOS,LISTING_AFTER_30_DAYS,READY,3300,3300,0.05750126172111417,0.0010675072132496656,0.10379871731623085,0.03018189086548076,0.07391048292108364,0.5213475650433622,286,285,0.3135,0.006363636363636364,15324.021454545455,5068.363636363636,0.00027365,4.5608333333333335e-05,0.0005434501272727272,0.00011022998904677031,0.0
HOODUSDT-R-HOODUSDT-nyse_20260626T200000Z-s17,HOODUSDT,R,17,HOODUSDT-nyse_20260626T200000Z,R:HOODUSDT:2026-06:17,2026-06,SEALED_SHORT_OOS,LISTING_AFTER_30_DAYS,READY,3300,3300,0.057289451901619534,0.0010636979518533183,0.10284485286929314,0.029896647340559593,0.07391048292108364,0.5232363757940488,282,281,0.30910000000000004,0.006666666666666667,15350.365454545454,5083.2,0.0006811499999999999,9.730714285714284e-05,0.0005463488888888889,0.00010994406318788148,0.0
HOODUSDT-R-HOODUSDT-nyse_20260626T200000Z-s31,HOODUSDT,R,31,HOODUSDT-nyse_20260626T200000Z,R:HOODUSDT:2026-06:31,2026-06,SEALED_SHORT_OOS,LISTING_AFTER_30_DAYS,READY,3300,3300,0.05750126172111417,0.0010675072132496656,0.10379871731623085,0.03018189086548076,0.07391048292108364,0.5213475650433622,286,285,0.3135,0.006363636363636364,15324.021454545455,5068.363636363636,0.00027365,4.5608333333333335e-05,0.0005434501272727272,0.00011022998904677031,0.0
HOODUSDT-R-HOODUSDT-nyse_20260626T200000Z-s59,HOODUSDT,R,59,HOODUSDT-nyse_20260626T200000Z,R:HOODUSDT:2026-06:59,2026-06,SEALED_SHORT_OOS,LISTING_AFTER_30_DAYS,READY,3300,3300,0.05887585432411636,0.0011521163512786252,0.09992042741843818,0.006815968841285284,0.08884580291970809,0.48724656638325703,341,340,0.374,0.0009090909090909091,8718.006545454546,5421.036363636364,0.0,0.0,0.0003366228212121212,0.00012561321839352563,0.0
HOODUSDT-R-HOODUSDT-nyse_20260626T200000Z-s97,HOODUSDT,R,97,HOODUSDT-nyse_20260626T200000Z,R:HOODUSDT:2026-06:97,2026-06,SEALED_SHORT_OOS,LISTING_AFTER_30_DAYS,READY,3300,3300,0.07661839748830812,0.001297283649802752,0.16601682741637588,0.042313060817547356,0.12199574079707942,0.5159771274806593,359,358,0.39380000000000004,0.005454545454545455,12972.008363636363,6551.381818181818,0.00025089000000000003,4.1815000000000005e-05,0.0005740440212121213,0.00013447045910675837,0.0
HOODUSDT-R-HOODUSDT-nyse_20260702T200000Z-s3,HOODUSDT,R,3,HOODUSDT-nyse_20260702T200000Z,R:HOODUSDT:2026-07:3,2026-07,DESCRIPTIVE_ONLY,LISTING_AFTER_30_DAYS,READY,4740,4740,0.078481076265446,0.0011683234031859998,0.1294214422813271,0.019810357403355173,0.07159666908037664,0.5229485396383866,451,450,0.49500000000000005,0.006751054852320675,9498.528860759494,5305.341772151899,0.00029967000000000004,2.9967000000000003e-05,0.0004996994219409283,0.0001115284575927775,0.0
HOODUSDT-R-HOODUSDT-nyse_20260702T200000Z-s10,HOODUSDT,R,10,HOODUSDT-nyse_20260702T200000Z,R:HOODUSDT:2026-07:10,2026-07,DESCRIPTIVE_ONLY,LISTING_AFTER_30_DAYS,READY,4740,4740,0.07623125478513977,0.001224746734234889,0.09499445723543959,0.0045436914722668705,0.08385438972162747,0.5262437243267915,450,449,0.4939,0.004641350210970464,12003.023417721519,4942.481012658228,0.00088253,8.8253e-05,0.0005468906497890295,0.00011355366411665716,0.0
HOODUSDT-R-HOODUSDT-nyse_20260702T200000Z-s17,HOODUSDT,R,17,HOODUSDT-nyse_20260702T200000Z,R:HOODUSDT:2026-07:17,2026-07,DESCRIPTIVE_ONLY,LISTING_AFTER_30_DAYS,READY,4740,4740,0.078481076265446,0.0011683234031859998,0.1294214422813271,0.019810357403355173,0.07159666908037664,0.5229485396383866,451,450,0.49500000000000005,0.006751054852320675,9498.528860759494,5305.341772151899,0.00029967000000000004,2.9967000000000003e-05,0.0004996994219409283,0.0001115284575927775,0.0
HOODUSDT-R-HOODUSDT-nyse_20260702T200000Z-s31,HOODUSDT,R,31,HOODUSDT-nyse_20260702T200000Z,R:HOODUSDT:2026-07:31,2026-07,DESCRIPTIVE_ONLY,LISTING_AFTER_30_DAYS,READY,4740,4740,0.07618198475095816,0.0012218785816726315,0.09469568174090445,0.00466278101582018,0.09101725163593107,0.5257990867579909,451,450,0.49500000000000005,0.004641350210970464,11990.657088607595,4936.405063291139,0.00088253,8.8253e-05,0.0005510188375527427,0.00011386959791723256,0.0
HOODUSDT-R-HOODUSDT-nyse_20260702T200000Z-s59,HOODUSDT,R,59,HOODUSDT-nyse_20260702T200000Z,R:HOODUSDT:2026-07:59,2026-07,DESCRIPTIVE_ONLY,LISTING_AFTER_30_DAYS,READY,4740,4740,0.07623125478513977,0.001224746734234889,0.09499445723543959,0.0045436914722668705,0.08385438972162747,0.5262437243267915,450,449,0.4939,0.004641350210970464,12003.023417721519,4942.481012658228,0.00088253,8.8253e-05,0.0005468906497890295,0.00011355366411665716,0.0
HOODUSDT-R-HOODUSDT-nyse_20260702T200000Z-s97,HOODUSDT,R,97,HOODUSDT-nyse_20260702T200000Z,R:HOODUSDT:2026-07:97,2026-07,DESCRIPTIVE_ONLY,LISTING_AFTER_30_DAYS,READY,4740,4740,0.07855143690477003,0.001175259586317087,0.13275388838060376,0.019016050244242803,0.07503620564808115,0.5231267345050878,459,458,0.5038,0.006329113924050633,9474.38835443038,5317.455696202532,0.00029967000000000004,3.329666666666667e-05,0.000493633687763713,0.00011173933337643294,0.0
HOODUSDT-R-HOODUSDT-nyse_20260710T200000Z-s3,HOODUSDT,R,3,HOODUSDT-nyse_20260710T200000Z,R:HOODUSDT:2026-07:3,2026-07,DESCRIPTIVE_ONLY,LISTING_AFTER_30_DAYS,READY,3300,3300,0.0658200151945214,0.0013121890942076524,0.09433801617709663,0.010146731545396267,0.08385438972162747,0.5144809632281159,335,334,0.3674,0.0009090909090909091,13761.528363636364,5572.836363636364,0.00086418,0.00014403,0.0005718891272727273,0.00011650761821101587,0.0
HOODUSDT-R-HOODUSDT-nyse_20260710T200000Z-s10,HOODUSDT,R,10,HOODUSDT-nyse_20260710T200000Z,R:HOODUSDT:2026-07:10,2026-07,DESCRIPTIVE_ONLY,LISTING_AFTER_30_DAYS,READY,3300,3300,0.06493387912686517,0.0011797131988442618,0.1270244244068983,0.04654629783004804,0.09773971393254464,0.5135406218655968,308,307,0.3377,0.005151515151515152,8039.909636363637,5229.4,0.00027561,3.937285714285715e-05,0.00041713683939393936,0.00011315077312550032,0.0
HOODUSDT-R-HOODUSDT-nyse_20260710T200000Z-s17,HOODUSDT,R,17,HOODUSDT-nyse_20260710T200000Z,R:HOODUSDT:2026-07:17,2026-07,DESCRIPTIVE_ONLY,LISTING_AFTER_30_DAYS,READY,3300,3300,0.051688608946929414,0.0008795388478482953,0.08764382191095553,0.023080337328007197,0.0811944472186159,0.533993850358729,256,255,0.2805,0.02727272727272727,4896.917090909091,3514.7636363636366,0.0,0.0,0.00031715408484848484,0.00011495664972375585,0.0
HOODUSDT-R-HOODUSDT-nyse_20260710T200000Z-s31,HOODUSDT,R,31,HOODUSDT-nyse_20260710T200000Z,R:HOODUSDT:2026-07:31,2026-07,DESCRIPTIVE_ONLY,LISTING_AFTER_30_DAYS,READY,3300,3300,0.06078694957888881,0.0010410509966213173,0.07613563659628918,0.028986177245619738,0.05965805747544564,0.5295103957075789,290,289,0.3179,0.009393939393939394,9474.921272727272,4602.909090909091,0.00029967000000000004,4.2810000000000005e-05,0.0005425877272727273,9.970987457363438e-05,0.0
HOODUSDT-R-HOODUSDT-nyse_20260710T200000Z-s59,HOODUSDT,R,59,HOODUSDT-nyse_20260710T200000Z,R:HOODUSDT:2026-07:59,2026-07,DESCRIPTIVE_ONLY,LISTING_AFTER_30_DAYS,READY,3300,3300,0.051688608946929414,0.0008795388478482953,0.08764382191095553,0.023080337328007197,0.0811944472186159,0.533993850358729,256,255,0.2805,0.02727272727272727,4896.917090909091,3514.7636363636366,0.0,0.0,0.00031715408484848484,0.00011495664972375585,0.0
HOODUSDT-R-HOODUSDT-nyse_20260710T200000Z-s97,HOODUSDT,R,97,HOODUSDT-nyse_20260710T200000Z,R:HOODUSDT:2026-07:97,2026-07,DESCRIPTIVE_ONLY,LISTING_AFTER_30_DAYS,READY,3300,3300,0.05163760447522179,0.0008804373237840549,0.09345700171388255,0.028504620866273415,0.09078085642317385,0.5329444063143446,251,250,0.275,0.029393939393939392,4890.230545454545,3529.163636363636,0.0,0.0,0.0003323255393939394,0.00011540094418331558,0.0
HOODUSDT-R-HOODUSDT-nyse_20260717T200000Z-s3,HOODUSDT,R,3,HOODUSDT-nyse_20260717T200000Z,R:HOODUSDT:2026-07:3,2026-07,DESCRIPTIVE_ONLY,LISTING_AFTER_30_DAYS,READY,3300,3300,0.051688608946929414,0.0008795388478482953,0.08764382191095553,0.023080337328007197,0.0811944472186159,0.533993850358729,256,255,0.2805,0.02727272727272727,4896.917090909091,3514.7636363636366,0.0,0.0,0.00031715408484848484,0.00011495664972375585,0.0
HOODUSDT-R-HOODUSDT-nyse_20260717T200000Z-s10,HOODUSDT,R,10,HOODUSDT-nyse_20260717T200000Z,R:HOODUSDT:2026-07:10,2026-07,DESCRIPTIVE_ONLY,LISTING_AFTER_30_DAYS,READY,3300,3300,0.05163760447522179,0.0008804373237840549,0.09345700171388255,0.028504620866273415,0.09078085642317385,0.5329444063143446,251,250,0.275,0.029393939393939392,4890.230545454545,3529.163636363636,0.0,0.0,0.0003323255393939394,0.00011540094418331558,0.0
HOODUSDT-R-HOODUSDT-nyse_20260717T200000Z-s17,HOODUSDT,R,17,HOODUSDT-nyse_20260717T200000Z,R:HOODUSDT:2026-07:17,2026-07,DESCRIPTIVE_ONLY,LISTING_AFTER_30_DAYS,READY,3300,3300,0.06300393859686362,0.0011956398319134364,0.09632905793896507,0.010930289045421458,0.053702556843316,0.5390419947506562,303,302,0.3322,0.005757575757575757,10283.58290909091,4685.8,0.0008613799999999999,0.00014356333333333333,0.0005462870151515151,0.00011352205074405407,0.0
HOODUSDT-R-HOODUSDT-nyse_20260717T200000Z-s31,HOODUSDT,R,31,HOODUSDT-nyse_20260717T200000Z,R:HOODUSDT:2026-07:31,2026-07,DESCRIPTIVE_ONLY,LISTING_AFTER_30_DAYS,READY,3300,3300,0.051688608946929414,0.0008795388478482953,0.08764382191095553,0.023080337328007197,0.0811944472186159,0.533993850358729,256,255,0.2805,0.02727272727272727,4896.917090909091,3514.7636363636366,0.0,0.0,0.00031715408484848484,0.00011495664972375585,0.0
HOODUSDT-R-HOODUSDT-nyse_20260717T200000Z-s59,HOODUSDT,R,59,HOODUSDT-nyse_20260717T200000Z,R:HOODUSDT:2026-07:59,2026-07,DESCRIPTIVE_ONLY,LISTING_AFTER_30_DAYS,READY,3300,3300,0.06493387912686517,0.0011797131988442618,0.1270244244068983,0.04654629783004804,0.09773971393254464,0.5135406218655968,308,307,0.3377,0.005151515151515152,8039.909636363637,5229.4,0.00027561,3.937285714285715e-05,0.00041713683939393936,0.00011315077312550032,0.0
HOODUSDT-R-HOODUSDT-nyse_20260717T200000Z-s97,HOODUSDT,R,97,HOODUSDT-nyse_20260717T200000Z,R:HOODUSDT:2026-07:97,2026-07,DESCRIPTIVE_ONLY,LISTING_AFTER_30_DAYS,READY,3300,3300,0.06322939759602043,0.001203335860292682,0.09691198718519178,0.01446705621599838,0.06995360684071679,0.537146614069691,307,306,0.3366,0.006363636363636364,10333.274,4729.8,0.0008613799999999999,0.0001230542857142857,0.0005547036606060606,0.00011459048078429217,0.0
INTCUSDT-nyse_20260206T210000Z,INTCUSDT,W,,,NYSE:2026-02-06T21:00:00+00:00:2026-02-09T07:00:00+00:00,2026-02,DESCRIPTIVE_ONLY,LISTING_DAYS_1_14,READY,3300,3300,0.030801460828866613,0.000522144612769573,0.03145400593471803,0.005620232838217612,0.027123341912492667,0.6444107233181589,132,131,0.1441,0.20484848484848484,1090.2969090909091,536.3272727272728,0.00344834,0.0004926199999999999,0.0011380192636363635,0.0005463123497434709,0.0
INTCUSDT-nyse_20260213T210000Z,INTCUSDT,W,,,NYSE:2026-02-13T21:00:00+00:00:2026-02-17T07:00:00+00:00,2026-02,DESCRIPTIVE_ONLY,LISTING_DAYS_1_14,READY,4740,4740,0.02476182677023783,0.00024968878227644975,0.028467465753424622,0.008446378295367186,0.01029821926625181,0.6097161572052402,98,97,0.1067,0.4487341772151899,840.1983544303797,253.21518987341773,0.00628847,0.000628847,0.0013071843691983122,0.0005227996865487073,0.0
INTCUSDT-nyse_20260220T210000Z,INTCUSDT,W,,,NYSE:2026-02-20T21:00:00+00:00:2026-02-23T07:00:00+00:00,2026-02,DESCRIPTIVE_ONLY,LISTING_DAYS_15_30,READY,3300,3300,0.02068240144135092,0.00018818017692107087,0.024528730411083312,0.01742160278745657,0.01501023425062535,0.5528281750266809,69,68,0.0748,0.5851515151515152,656.6052727272728,167.6,0.0023380700000000003,0.00033401000000000004,0.0009104239515151515,0.0005222390641745397,1.0
INTCUSDT-nyse_20260227T210000Z,INTCUSDT,W,,,NYSE:2026-02-27T21:00:00+00:00:2026-03-02T07:00:00+00:00,2026-02,DESCRIPTIVE_ONLY,LISTING_DAYS_15_30,READY,3300,3300,0.028683593350090887,0.0004163296716107068,0.034103410341034195,0.03174603174603187,0.03014301430143024,0.581764705882353,144,143,0.15730000000000002,0.27606060606060606,1652.3241818181818,597.2181818181818,0.00228611,0.00032658714285714287,0.001046306696969697,0.0005423803176174347,0.0
INTCUSDT-nyse_20260306T210000Z,INTCUSDT,W,,,NYSE:2026-03-06T21:00:00+00:00:2026-03-09T06:00:00+00:00,2026-03,RESEARCH_DEVELOPMENT,LISTING_AFTER_30_DAYS,READY,3240,3240,0.02933122170918097,0.00026390848893249636,0.041609195402298904,0.02850539291217274,0.0411494252873563,0.5302127659574468,94,93,0.1023,0.44814814814814813,2013.3366666666668,604.9074074074074,0.00974737,0.0013924814285714287,0.0015623044814814815,0.00049135047152366,1.0
INTCUSDT-nyse_20260313T200000Z,INTCUSDT,W,,,NYSE:2026-03-13T20:00:00+00:00:2026-03-16T06:00:00+00:00,2026-03,RESEARCH_DEVELOPMENT,LISTING_AFTER_30_DAYS,READY,3300,3300,0.019344458035492305,0.00018936361813428362,0.02538293216630205,0.0503238664673648,0.022965879265091957,0.5809248554913294,58,57,0.0627,0.4796969696969697,1497.1478181818184,401.1272727272727,0.00566218,0.0008088828571428572,0.0012428594454545457,0.0003131882523309576,1.0
INTCUSDT-nyse_20260320T200000Z,INTCUSDT,W,,,NYSE:2026-03-20T20:00:00+00:00:2026-03-23T06:00:00+00:00,2026-03,RESEARCH_DEVELOPMENT,LISTING_AFTER_30_DAYS,READY,3300,3300,0.02362510914442572,0.0002777578891676337,0.03265765765765772,0.047978843974310674,0.03151733453399366,0.6002906976744186,64,63,0.0693,0.31363636363636366,3047.2063636363637,663.3272727272728,0.00908762,0.0012982314285714285,0.0019757326484848487,0.00040346275756318985,1.0
INTCUSDT-nyse_20260327T200000Z,INTCUSDT,W,,,NYSE:2026-03-27T20:00:00+00:00:2026-03-30T06:00:00+00:00,2026-03,RESEARCH_DEVELOPMENT,LISTING_AFTER_30_DAYS,READY,3300,3300,0.020048343793015115,0.0002086011278276126,0.022521476665892708,0.014783023366714193,0.013885674612358283,0.6549707602339181,49,48,0.0528,0.3793939393939394,2352.6576363636364,359.07272727272726,0.00807591,0.0011537014285714286,0.0018269510424242426,0.0003273537927497149,1.0
INTCUSDT-nyse_20260402T200000Z,INTCUSDT,W,,,NYSE:2026-04-02T20:00:00+00:00:2026-04-06T06:00:00+00:00,2026-04,RESEARCH_DEVELOPMENT,LISTING_AFTER_30_DAYS,READY,4740,4740,0.02000432277377832,0.00018110407484035545,0.025901574018728776,0.009433962264151146,0.016912057302029476,0.6380897583429229,57,56,0.0616,0.3827004219409283,2147.853670886076,423.59493670886076,0.0035046599999999997,0.00035046599999999996,0.0007484524345991561,0.00023829428301151172,1.0
INTCUSDT-nyse_20260410T200000Z,INTCUSDT,W,,,NYSE:2026-04-10T20:00:00+00:00:2026-04-13T06:00:00+00:00,2026-04,RESEARCH_DEVELOPMENT,LISTING_AFTER_30_DAYS,READY,3300,3300,0.03228360380369279,0.0003434408962747082,0.042208313272347975,0.017208413001912077,0.03207698476343224,0.603112840466926,71,70,0.077,0.1593939393939394,5149.992181818182,1120.8909090909092,0.020430320000000002,0.0029186171428571433,0.003698063906060606,0.0005870501131822976,1.0
INTCUSDT-nyse_20260417T200000Z,INTCUSDT,W,,,NYSE:2026-04-17T20:00:00+00:00:2026-04-20T06:00:00+00:00,2026-04,RESEARCH_DEVELOPMENT,LISTING_AFTER_30_DAYS,READY,3300,3300,0.02347646026978146,0.00031937790170472735,0.026995305164319302,0.014712438698171945,0.019086771399207125,0.6273291925465838,62,61,0.0671,0.13272727272727272,2685.322181818182,902.6363636363636,0.00983186,0.0014045514285714285,0.0021230649363636364,0.000430903464571858,1.0
INTCUSDT-nyse_20260424T200000Z,INTCUSDT,W,,,NYSE:2026-04-24T20:00:00+00:00:2026-04-27T06:00:00+00:00,2026-04,RESEARCH_DEVELOPMENT,LISTING_AFTER_30_DAYS,READY,3300,3300,0.02821318810767904,0.0004194843102487055,0.05251058681185709,0.028475711892797035,0.04153623886347222,0.630963096309631,93,92,0.10120000000000001,0.030303030303030304,4097.764181818182,1716.9636363636364,0.00215305,0.00030757857142857143,0.0008361114212121212,0.0005346385693729221,1.0
INTCUSDT-nyse_20260501T200000Z,INTCUSDT,W,,,NYSE:2026-05-01T20:00:00+00:00:2026-05-04T06:00:00+00:00,2026-05,RESEARCH_DEVELOPMENT,LISTING_AFTER_30_DAYS,READY,3300,3300,0.02195892820157246,0.00039131256439348046,0.023778599260665355,0.019443148234562325,0.019175072405872382,0.6103004291845494,72,71,0.0781,0.004545454545454545,3748.4110909090914,2296.0545454545454,0.0118273,0.0016896142857142859,0.0024876336088435376,0.0003999229329605264,1.0
INTCUSDT-nyse_20260508T200000Z,INTCUSDT,W,,,NYSE:2026-05-08T20:00:00+00:00:2026-05-11T06:00:00+00:00,2026-05,RESEARCH_DEVELOPMENT,LISTING_AFTER_30_DAYS,READY,3300,3300,0.03402773725325999,0.000465883265394876,0.03663090981326988,0.001038421599169256,0.03161079703798072,0.5824044585987261,108,107,0.11770000000000001,0.00030303030303030303,6323.586363636364,3635.927272727273,0.00671303,0.0009590042857142857,0.0019663446303030303,0.00046841752044505744,1.0
INTCUSDT-nyse_20260515T200000Z,INTCUSDT,W,,,NYSE:2026-05-15T20:00:00+00:00:2026-05-18T06:00:00+00:00,2026-05,RESEARCH_DEVELOPMENT,LISTING_AFTER_30_DAYS,READY,3300,3300,0.043075712418549704,0.0006603666815364474,0.06380801785880383,0.007048728164266011,0.04242819843342034,0.5317311303041682,173,172,0.1892,0.006666666666666667,5828.832363636364,4145.836363636364,0.000347,4.9571428571428566e-05,0.0006482632999999999,8.575190232726674e-05,1.0
INTCUSDT-nyse_20260522T200000Z,INTCUSDT,W,,,NYSE:2026-05-22T20:00:00+00:00:2026-05-26T06:00:00+00:00,2026-05,RESEARCH_DEVELOPMENT,LISTING_AFTER_30_DAYS,READY,4740,4740,0.036186764024800575,0.0005500323407331329,0.06252103668798378,0.01580553738827113,0.04229252328606186,0.5261239368165249,205,204,0.22440000000000002,0.0014767932489451476,5188.479493670886,4317.949367088608,0.00199974,0.00019997399999999998,0.0010268758839662446,6.526041340936079e-05,0.0
INTCUSDT-nyse_20260529T200000Z,INTCUSDT,W,,,NYSE:2026-05-29T20:00:00+00:00:2026-06-01T06:00:00+00:00,2026-05,RESEARCH_DEVELOPMENT,LISTING_AFTER_30_DAYS,READY,3300,3300,0.04318916311198684,0.0005852179242503394,0.05864064254253395,0.009257830581700365,0.02898550724637684,0.5261550210003818,139,138,0.15180000000000002,0.0012121212121212121,10540.312545454544,6080.527272727273,0.00055251,7.892999999999999e-05,0.0008408950303030303,6.508213570943524e-05,1.0
INTCUSDT-nyse_20260605T200000Z,INTCUSDT,W,,,NYSE:2026-06-05T20:00:00+00:00:2026-06-08T06:00:00+00:00,2026-06,SEALED_SHORT_OOS,LISTING_AFTER_30_DAYS,READY,3300,3300,0.04921739476004037,0.000963854383021007,0.09389430477167769,0.000482741974414666,0.04766307139188496,0.4886135298057602,223,222,0.24420000000000003,0.0,13084.69490909091,8515.345454545455,0.0007978,0.00011397142857142857,0.0017827843363636365,0.00010813234936854228,0.0
INTCUSDT-nyse_20260612T200000Z,INTCUSDT,W,,,NYSE:2026-06-12T20:00:00+00:00:2026-06-15T06:00:00+00:00,2026-06,SEALED_SHORT_OOS,LISTING_AFTER_30_DAYS,READY,3300,3300,0.045528521687480554,0.0007360045198931906,0.08899185173350375,0.02308904221220188,0.08042209609081463,0.5101062007536827,222,221,0.2431,0.0027272727272727275,9304.52781818182,5547.890909090909,0.00174587,0.00024941,0.001309108796969697,9.008771683206202e-05,1.0
INTCUSDT-nyse_20260618T200000Z,INTCUSDT,W,,,NYSE:2026-06-18T20:00:00+00:00:2026-06-22T06:00:00+00:00,2026-06,SEALED_SHORT_OOS,LISTING_AFTER_30_DAYS,READY,4740,4740,0.07474740088899903,0.0010485362587864253,0.10503919372900332,0.015527545082074228,0.0850116919363356,0.5183992640294388,424,423,0.46530000000000005,0.0002109704641350211,23380.985696202533,12332.911392405063,0.00315706,0.000315706,0.0017742637299578057,0.00012152087707775423,0.0
INTCUSDT-nyse_20260626T200000Z,INTCUSDT,W,,,NYSE:2026-06-26T20:00:00+00:00:2026-06-29T06:00:00+00:00,2026-06,SEALED_SHORT_OOS,LISTING_AFTER_30_DAYS,READY,3300,3300,0.029998719776277254,0.0005618118382753544,0.029975737653596405,0.008782577650839028,0.013021650454973414,0.48998618784530384,167,166,0.1826,0.0021212121212121214,5698.137818181818,4701.272727272727,0.00032908,4.701142857142857e-05,0.0006966703945578232,5.328475916962742e-05,1.0
INTCUSDT-nyse_20260702T200000Z,INTCUSDT,W,,,NYSE:2026-07-02T20:00:00+00:00:2026-07-06T06:00:00+00:00,2026-07,DESCRIPTIVE_ONLY,LISTING_AFTER_30_DAYS,READY,4740,4740,0.04418660547782058,0.000604041568069578,0.04557108593168477,0.010024483762184143,0.037365368682684266,0.5188223938223938,288,287,0.31570000000000004,0.011181434599156118,8386.824810126584,4874.278481012659,0.0006963,6.963e-05,0.0006518342679324895,6.87599149248985e-05,0.0
INTCUSDT-nyse_20260710T200000Z,INTCUSDT,W,,,NYSE:2026-07-10T20:00:00+00:00:2026-07-13T06:00:00+00:00,2026-07,DESCRIPTIVE_ONLY,LISTING_AFTER_30_DAYS,READY,3300,3300,0.04149982232568787,0.0007111680924298318,0.07781532560051142,0.021224118906990313,0.038754008245533704,0.5125523012552301,199,198,0.21780000000000002,0.0024242424242424242,12124.296,7223.109090909091,0.00188235,0.00026890714285714287,0.001137777,7.105872660324255e-05,0.0
INTCUSDT-nyse_20260717T200000Z,INTCUSDT,W,,,NYSE:2026-07-17T20:00:00+00:00:2026-07-20T06:00:00+00:00,2026-07,DESCRIPTIVE_ONLY,LISTING_AFTER_30_DAYS,READY,3300,3300,0.037901469808277174,0.00062572951199262,0.043390835008995605,0.00735417014875488,0.026346542016360396,0.5206794682422452,179,178,0.1958,0.019696969696969695,7857.123636363636,5554.436363636363,0.00048418,6.916857142857143e-05,0.0006248140363636364,7.68838074994776e-05,1.0
INTCUSDT-O-20260302T210000Z,INTCUSDT,O,,,NYSE:2026-03-02T21:00:00+00:00:2026-03-03T07:00:00+00:00,2026-03,RESEARCH_DEVELOPMENT,LISTING_DAYS_15_30,READY,420,420,0.010469569985629076,0.0004616442090915725,0.019426048565121312,0.10932475884244508,0.01810954063604241,0.553030303030303,20,19,0.020900000000000002,0.20714285714285716,2657.808571428571,550.2857142857143,0.0,0.0,0.0003685245476190476,0.00011786825988219682,0.0
INTCUSDT-O-20260303T210000Z,INTCUSDT,O,,,NYSE:2026-03-03T21:00:00+00:00:2026-03-04T07:00:00+00:00,2026-03,RESEARCH_DEVELOPMENT,LISTING_DAYS_15_30,READY,420,420,0.014559498542430226,0.0007020661820663127,0.023959060246568995,0.07832009080590273,0.019525801952580274,0.5,32,31,0.034100000000000005,0.0380952380952381,4771.964285714285,980.2857142857143,0.0,0.0,0.0005148386904761904,0.00014430542162678522,0.0
INTCUSDT-O-20260304T210000Z,INTCUSDT,O,,,NYSE:2026-03-04T21:00:00+00:00:2026-03-05T07:00:00+00:00,2026-03,RESEARCH_DEVELOPMENT,LISTING_AFTER_30_DAYS,READY,420,420,0.014163307092804564,0.0006071320202747685,0.023851203501094164,0.03970223325062055,0.016885964912280768,0.48322147651006714,25,24,0.0264,0.09285714285714286,6450.577142857143,1372.857142857143,0.0,0.0,0.0008586855,0.0002498866095019865,0.0
INTCUSDT-O-20260305T210000Z,INTCUSDT,O,,,NYSE:2026-03-05T21:00:00+00:00:2026-03-06T07:00:00+00:00,2026-03,RESEARCH_DEVELOPMENT,LISTING_AFTER_30_DAYS,READY,420,420,0.007148652855617851,0.0002495022334615325,0.008045227223309514,0.06153846153846014,0.007396127909506274,0.5073170731707317,13,12,0.0132,0.29285714285714287,1924.9085714285716,471.57142857142856,1.477e-05,1.477e-05,0.000580765380952381,9.07388444156411e-05,0.0
INTCUSDT-O-20260723T200000Z,INTCUSDT,O,,,NYSE:2026-07-23T20:00:00+00:00:2026-07-24T06:00:00+00:00,2026-07,DESCRIPTIVE_ONLY,LISTING_AFTER_30_DAYS,READY,60,60,0.011209990114567688,0.0021141252856034464,0.012481997119539099,0.07329842931936989,0.007505051476955517,0.47368421052631576,14,13,0.0143,0.0,42841.07,24589.0,0,0.0,0.00018229733333333334,0.00019739483162014649,0.0
INTCUSDT-R-INTCUSDT-nyse_20260206T210000Z-s3,INTCUSDT,R,3,INTCUSDT-nyse_20260206T210000Z,R:INTCUSDT:2026-02:3,2026-02,DESCRIPTIVE_ONLY,LISTING_DAYS_1_14,READY,3300,3300,0.08164946170429119,0.0014449547793020847,0.09548963835839082,0.003063904289466014,0.046989422294548465,0.5189228529839883,423,422,0.4642,0.03484848484848485,6854.762545454546,1677.0,0.00047281000000000005,7.880166666666667e-05,0.0004728713727272727,0.00021887733529594183,0.0
INTCUSDT-R-INTCUSDT-nyse_20260206T210000Z-s10,INTCUSDT,R,10,INTCUSDT-nyse_20260206T210000Z,R:INTCUSDT:2026-02:10,2026-02,DESCRIPTIVE_ONLY,LISTING_DAYS_1_14,READY,3300,3300,0.05194732692577257,0.0008148822539907417,0.07433909759491159,0.02155887230514099,0.053185035389282154,0.5637910085054678,242,241,0.2651,0.09787878787878788,7304.244909090909,877.9818181818182,0.0,0.0,0.00015077956363636363,0.00020029315135434913,0.0
INTCUSDT-R-INTCUSDT-nyse_20260206T210000Z-s17,INTCUSDT,R,17,INTCUSDT-nyse_20260206T210000Z,R:INTCUSDT:2026-02:17,2026-02,DESCRIPTIVE_ONLY,LISTING_DAYS_1_14,READY,3300,3300,0.07721754690734746,0.0013928663418860383,0.08802537668517046,0.0118565210865976,0.07815866797257581,0.5198542805100183,416,415,0.4565,0.035454545454545454,6570.765090909091,1568.490909090909,0.00047281000000000005,6.754428571428572e-05,0.00046912600303030305,0.0002167898011275998,0.0
INTCUSDT-R-INTCUSDT-nyse_20260206T210000Z-s31,INTCUSDT,R,31,INTCUSDT-nyse_20260206T210000Z,R:INTCUSDT:2026-02:31,2026-02,DESCRIPTIVE_ONLY,LISTING_DAYS_1_14,READY,3300,3300,0.054980303011565944,0.0008102756035653599,0.0792540792540793,0.016637168141592884,0.047155846902093554,0.5493263798348544,246,245,0.2695,0.1593939393939394,7489.669818181818,884.9090909090909,0.0,0.0,6.779417878787878e-05,0.00021347965093893628,0.0
INTCUSDT-R-INTCUSDT-nyse_20260206T210000Z-s59,INTCUSDT,R,59,INTCUSDT-nyse_20260206T210000Z,R:INTCUSDT:2026-02:59,2026-02,DESCRIPTIVE_ONLY,LISTING_DAYS_1_14,READY,3300,3300,0.05194732692577257,0.0008148822539907417,0.07433909759491159,0.02155887230514099,0.053185035389282154,0.5637910085054678,242,241,0.2651,0.09787878787878788,7304.244909090909,877.9818181818182,0.0,0.0,0.00015077956363636363,0.00020029315135434913,0.0
INTCUSDT-R-INTCUSDT-nyse_20260206T210000Z-s97,INTCUSDT,R,97,INTCUSDT-nyse_20260206T210000Z,R:INTCUSDT:2026-02:97,2026-02,DESCRIPTIVE_ONLY,LISTING_DAYS_1_14,READY,3300,3300,0.0552891197758874,0.0008188344633808682,0.08072696534234997,0.012584479142391036,0.047155846902093554,0.5464813205907906,253,252,0.2772,0.16818181818181818,7527.864181818182,886.9272727272727,0.0,0.0,5.176004242424242e-05,0.0002148417496332353,0.0
INTCUSDT-R-INTCUSDT-nyse_20260213T210000Z-s3,INTCUSDT,R,3,INTCUSDT-nyse_20260213T210000Z,R:INTCUSDT:2026-02:3,2026-02,DESCRIPTIVE_ONLY,LISTING_DAYS_1_14,READY,4740,4740,0.06615099540509538,0.0008331578022051803,0.0945194598888006,0.036645863338134084,0.0730917189714517,0.5542308810700786,369,368,0.40480000000000005,0.1259493670886076,7463.317721518987,928.4556962025316,0.0,0.0,0.00012084360548523208,0.0002076669139667449,0.0
INTCUSDT-R-INTCUSDT-nyse_20260213T210000Z-s10,INTCUSDT,R,10,INTCUSDT-nyse_20260213T210000Z,R:INTCUSDT:2026-02:10,2026-02,DESCRIPTIVE_ONLY,LISTING_DAYS_1_14,READY,4740,4740,0.0984959798219754,0.0014960035601279808,0.11133685493701741,0.005911912503694923,0.047716567683800906,0.5208073760279093,603,602,0.6622,0.027426160337552744,6656.515696202531,1666.0759493670887,0.0016913000000000002,0.00018792222222222224,0.0006768154978902954,0.00022122603242391613,0.0
INTCUSDT-R-INTCUSDT-nyse_20260213T210000Z-s17,INTCUSDT,R,17,INTCUSDT-nyse_20260213T210000Z,R:INTCUSDT:2026-02:17,2026-02,DESCRIPTIVE_ONLY,LISTING_DAYS_1_14,READY,4740,4740,0.06634054679113612,0.0008357069273625565,0.0962035380640031,0.03217585218222364,0.07450900992103664,0.552364374818683,373,372,0.4092,0.12742616033755275,7464.406835443038,922.1898734177215,0.0,0.0,0.00012077500421940927,0.0002085504345629799,0.0
INTCUSDT-R-INTCUSDT-nyse_20260213T210000Z-s31,INTCUSDT,R,31,INTCUSDT-nyse_20260213T210000Z,R:INTCUSDT:2026-02:31,2026-02,DESCRIPTIVE_ONLY,LISTING_DAYS_1_14,READY,4740,4740,0.0984959798219754,0.0014960035601279808,0.11133685493701741,0.005911912503694923,0.047716567683800906,0.5208073760279093,603,602,0.6622,0.027426160337552744,6656.515696202531,1666.0759493670887,0.0016913000000000002,0.00018792222222222224,0.0006768154978902954,0.00022122603242391613,0.0
INTCUSDT-R-INTCUSDT-nyse_20260213T210000Z-s59,INTCUSDT,R,59,INTCUSDT-nyse_20260213T210000Z,R:INTCUSDT:2026-02:59,2026-02,DESCRIPTIVE_ONLY,LISTING_DAYS_1_14,READY,4740,4740,0.09490170164827731,0.0014622661821310531,0.10348929421094367,0.010328920978740448,0.08912830558276194,0.5210355987055016,597,596,0.6556000000000001,0.027637130801687764,6471.888734177215,1593.26582278481,0.0016913000000000002,0.00016913000000000003,0.0006686996329113924,0.00021932515663988848,0.0
INTCUSDT-R-INTCUSDT-nyse_20260213T210000Z-s97,INTCUSDT,R,97,INTCUSDT-nyse_20260213T210000Z,R:INTCUSDT:2026-02:97,2026-02,DESCRIPTIVE_ONLY,LISTING_DAYS_1_14,READY,4740,4740,0.0984479741724773,0.0014989742328678753,0.11213423368119495,0.003602625475003685,0.05255623721881391,0.5200698080279232,602,601,0.6611,0.027426160337552744,6656.33582278481,1677.253164556962,0.0017913,0.00017913,0.0006899505717299578,0.00022224171075104152,0.0
INTCUSDT-R-INTCUSDT-nyse_20260220T210000Z-s3,INTCUSDT,R,3,INTCUSDT-nyse_20260220T210000Z,R:INTCUSDT:2026-02:3,2026-02,DESCRIPTIVE_ONLY,LISTING_DAYS_15_30,READY,3300,3300,0.04568792649325901,0.0006139597973741066,0.06086203162226559,0.023101265822784867,0.049102314514384515,0.5603407477520114,222,221,0.2431,0.24484848484848484,5009.740727272727,627.4,0.0,0.0,0.0001067379090909091,0.00014908209264414648,0.0
INTCUSDT-R-INTCUSDT-nyse_20260220T210000Z-s10,INTCUSDT,R,10,INTCUSDT-nyse_20260220T210000Z,R:INTCUSDT:2026-02:10,2026-02,DESCRIPTIVE_ONLY,LISTING_DAYS_15_30,READY,3300,3300,0.04576076762018195,0.0006207001328964138,0.060730494921115236,0.025423728813559452,0.05543618392780401,0.5607695917409666,230,229,0.2519,0.23727272727272727,5070.557818181818,639.0909090909091,0.0,0.0,0.00010623442121212121,0.00014905815623851638,0.0
INTCUSDT-R-INTCUSDT-nyse_20260220T210000Z-s17,INTCUSDT,R,17,INTCUSDT-nyse_20260220T210000Z,R:INTCUSDT:2026-02:17,2026-02,DESCRIPTIVE_ONLY,LISTING_DAYS_15_30,READY,3300,3300,0.051180621117860495,0.0007472129246719712,0.08615948670944083,0.039245179816764605,0.08184727937814354,0.5488945578231292,252,251,0.2761,0.12878787878787878,9600.555999999999,1236.418181818182,0.00016419,2.7365000000000003e-05,0.0004247017303030303,0.00011919964520324764,0.0
INTCUSDT-R-INTCUSDT-nyse_20260220T210000Z-s31,INTCUSDT,R,31,INTCUSDT-nyse_20260220T210000Z,R:INTCUSDT:2026-02:31,2026-02,DESCRIPTIVE_ONLY,LISTING_DAYS_15_30,READY,3300,3300,0.04568792649325901,0.0006139597973741066,0.06086203162226559,0.023101265822784867,0.049102314514384515,0.5603407477520114,222,221,0.2431,0.24484848484848484,5009.740727272727,627.4,0.0,0.0,0.0001067379090909091,0.00014908209264414648,0.0
INTCUSDT-R-INTCUSDT-nyse_20260220T210000Z-s59,INTCUSDT,R,59,INTCUSDT-nyse_20260220T210000Z,R:INTCUSDT:2026-02:59,2026-02,DESCRIPTIVE_ONLY,LISTING_DAYS_15_30,READY,3300,3300,0.051125356806220344,0.000744891391931638,0.08586435259191592,0.03939808481532152,0.08184727937814354,0.5478408128704487,249,248,0.27280000000000004,0.12787878787878787,9582.291454545455,1235.1636363636364,0.00016419,2.3455714285714287e-05,0.0004248270727272727,0.00011975848162516573,0.0
INTCUSDT-R-INTCUSDT-nyse_20260220T210000Z-s97,INTCUSDT,R,97,INTCUSDT-nyse_20260220T210000Z,R:INTCUSDT:2026-02:97,2026-02,DESCRIPTIVE_ONLY,LISTING_DAYS_15_30,READY,3300,3300,0.051180621117860495,0.0007472129246719712,0.08615948670944083,0.039245179816764605,0.08184727937814354,0.5488945578231292,252,251,0.2761,0.12878787878787878,9600.555999999999,1236.418181818182,0.00016419,2.7365000000000003e-05,0.0004247017303030303,0.00011919964520324764,0.0
INTCUSDT-R-INTCUSDT-nyse_20260227T210000Z-s3,INTCUSDT,R,3,INTCUSDT-nyse_20260227T210000Z,R:INTCUSDT:2026-02:3,2026-02,DESCRIPTIVE_ONLY,LISTING_DAYS_15_30,READY,3300,3300,0.04370905475619019,0.0006830200760156715,0.06241844280121803,0.012458219386204844,0.029437418229393837,0.5379219640508549,216,215,0.23650000000000002,0.13363636363636364,9387.22909090909,1466.0545454545454,0.00016419,2.3455714285714287e-05,0.0004566449666666666,0.00011367504843334967,0.0
INTCUSDT-R-INTCUSDT-nyse_20260227T210000Z-s10,INTCUSDT,R,10,INTCUSDT-nyse_20260227T210000Z,R:INTCUSDT:2026-02:10,2026-02,DESCRIPTIVE_ONLY,LISTING_DAYS_15_30,READY,3300,3300,0.051125356806220344,0.000744891391931638,0.08586435259191592,0.03939808481532152,0.08184727937814354,0.5478408128704487,249,248,0.27280000000000004,0.12787878787878787,9582.291454545455,1235.1636363636364,0.00016419,2.3455714285714287e-05,0.0004248270727272727,0.00011975848162516573,0.0
INTCUSDT-R-INTCUSDT-nyse_20260227T210000Z-s17,INTCUSDT,R,17,INTCUSDT-nyse_20260227T210000Z,R:INTCUSDT:2026-02:17,2026-02,DESCRIPTIVE_ONLY,LISTING_DAYS_15_30,READY,3300,3300,0.04568792649325901,0.0006139597973741066,0.06086203162226559,0.023101265822784867,0.049102314514384515,0.5603407477520114,222,221,0.2431,0.24484848484848484,5009.740727272727,627.4,0.0,0.0,0.0001067379090909091,0.00014908209264414648,0.0
INTCUSDT-R-INTCUSDT-nyse_20260227T210000Z-s31,INTCUSDT,R,31,INTCUSDT-nyse_20260227T210000Z,R:INTCUSDT:2026-02:31,2026-02,DESCRIPTIVE_ONLY,LISTING_DAYS_15_30,READY,3300,3300,0.05106272631028858,0.000741259755735833,0.0859821632746398,0.03802700468448616,0.08184727937814354,0.5499357051007286,251,250,0.275,0.13333333333333333,9502.82,1224.8727272727272,0.00016419,2.3455714285714287e-05,0.0004166682666666667,0.00011941415880961377,0.0
INTCUSDT-R-INTCUSDT-nyse_20260227T210000Z-s59,INTCUSDT,R,59,INTCUSDT-nyse_20260227T210000Z,R:INTCUSDT:2026-02:59,2026-02,DESCRIPTIVE_ONLY,LISTING_DAYS_15_30,READY,3300,3300,0.0457034121936963,0.0006187886895916938,0.060756756756756805,0.024590163934426305,0.05543618392780401,0.5590032910202163,224,223,0.24530000000000002,0.2390909090909091,5054.052727272728,636.5454545454545,0.0,0.0,0.00010997229696969696,0.00014880838266732722,0.0
INTCUSDT-R-INTCUSDT-nyse_20260227T210000Z-s97,INTCUSDT,R,97,INTCUSDT-nyse_20260227T210000Z,R:INTCUSDT:2026-02:97,2026-02,DESCRIPTIVE_ONLY,LISTING_DAYS_15_30,READY,3300,3300,0.0457034121936963,0.0006187886895916938,0.060756756756756805,0.024590163934426305,0.05543618392780401,0.5590032910202163,224,223,0.24530000000000002,0.2390909090909091,5054.052727272728,636.5454545454545,0.0,0.0,0.00010997229696969696,0.00014880838266732722,0.0
INTCUSDT-R-INTCUSDT-nyse_20260306T210000Z-s3,INTCUSDT,R,3,INTCUSDT-nyse_20260306T210000Z,R:INTCUSDT:2026-03:3,2026-03,RESEARCH_DEVELOPMENT,LISTING_AFTER_30_DAYS,READY,3240,3240,0.05297209981383224,0.0009007689357969342,0.09241653769621933,0.02343566908835243,0.07998232434821044,0.5247950019523624,276,275,0.3025,0.05617283950617284,8610.432222222224,2291.185185185185,0.00275991,0.00039427285714285716,0.0009612875987654321,0.00012267943148769857,0.0
INTCUSDT-R-INTCUSDT-nyse_20260306T210000Z-s10,INTCUSDT,R,10,INTCUSDT-nyse_20260306T210000Z,R:INTCUSDT:2026-03:10,2026-03,RESEARCH_DEVELOPMENT,LISTING_AFTER_30_DAYS,READY,3240,3240,0.046490118547348844,0.0007523690274002725,0.07421610647417114,0.028428789349604893,0.05459447315210065,0.533032416906032,254,253,0.2783,0.07469135802469136,13204.020555555555,2137.240740740741,0.0,0.0,0.00026631641049382714,0.00010756759722851833,0.0
INTCUSDT-R-INTCUSDT-nyse_20260306T210000Z-s17,INTCUSDT,R,17,INTCUSDT-nyse_20260306T210000Z,R:INTCUSDT:2026-03:17,2026-03,RESEARCH_DEVELOPMENT,LISTING_AFTER_30_DAYS,READY,3240,3240,0.04993428171698264,0.0007473760853089443,0.06653620352250494,0.017347670250896105,0.0363917071018969,0.5313668466971334,256,255,0.2805,0.07314814814814814,13526.662962962964,2328.1666666666665,0.0,0.0,0.0002444204783950617,0.00010399051247706687,0.0
INTCUSDT-R-INTCUSDT-nyse_20260306T210000Z-s31,INTCUSDT,R,31,INTCUSDT-nyse_20260306T210000Z,R:INTCUSDT:2026-03:31,2026-03,RESEARCH_DEVELOPMENT,LISTING_AFTER_30_DAYS,READY,3240,3240,0.04817731153810479,0.0008174454286033716,0.08297962648556885,0.019879214896829388,0.04202929314370615,0.5270858046658758,239,238,0.26180000000000003,0.07098765432098765,6783.881481481481,2025.4259259259259,0.00173239,0.00028873166666666667,0.0008127228487654322,0.00011608839704505301,0.0
INTCUSDT-R-INTCUSDT-nyse_20260306T210000Z-s59,INTCUSDT,R,59,INTCUSDT-nyse_20260306T210000Z,R:INTCUSDT:2026-03:59,2026-03,RESEARCH_DEVELOPMENT,LISTING_AFTER_30_DAYS,READY,3240,3240,0.05297209981383224,0.0009007689357969342,0.09241653769621933,0.02343566908835243,0.07998232434821044,0.5247950019523624,276,275,0.3025,0.05617283950617284,8610.432222222224,2291.185185185185,0.00275991,0.00039427285714285716,0.0009612875987654321,0.00012267943148769857,0.0
INTCUSDT-R-INTCUSDT-nyse_20260306T210000Z-s97,INTCUSDT,R,97,INTCUSDT-nyse_20260306T210000Z,R:INTCUSDT:2026-03:97,2026-03,RESEARCH_DEVELOPMENT,LISTING_AFTER_30_DAYS,READY,3240,3240,0.046474863415546734,0.0007538013031715568,0.07416591523895416,0.025740381954054852,0.05459447315210065,0.5338253382533825,251,250,0.275,0.075,13232.87351851852,2134.185185185185,0.0,0.0,0.00026585424999999997,0.0001077473553220864,0.0
INTCUSDT-R-INTCUSDT-nyse_20260313T200000Z-s3,INTCUSDT,R,3,INTCUSDT-nyse_20260313T200000Z,R:INTCUSDT:2026-03:3,2026-03,RESEARCH_DEVELOPMENT,LISTING_AFTER_30_DAYS,READY,3300,3300,0.046653124305005955,0.000749515376852302,0.07421610647417114,0.025844386708601175,0.05459447315210065,0.5338436744560838,255,254,0.27940000000000004,0.07424242424242425,13144.427454545455,2119.2727272727275,0.0,0.0,0.00026554761515151516,0.00010749692446981394,0.0
INTCUSDT-R-INTCUSDT-nyse_20260313T200000Z-s10,INTCUSDT,R,10,INTCUSDT-nyse_20260313T200000Z,R:INTCUSDT:2026-03:10,2026-03,RESEARCH_DEVELOPMENT,LISTING_AFTER_30_DAYS,READY,3300,3300,0.05465732994742007,0.0009005301080921393,0.10483321987746777,0.033310039599347634,0.08579210167952794,0.5162399694306458,274,273,0.3003,0.04787878787878788,18271.419454545452,2339.3454545454547,0.00013139,1.877e-05,0.0004157841212121212,0.00011971034623986297,0.0
INTCUSDT-R-INTCUSDT-nyse_20260313T200000Z-s17,INTCUSDT,R,17,INTCUSDT-nyse_20260313T200000Z,R:INTCUSDT:2026-03:17,2026-03,RESEARCH_DEVELOPMENT,LISTING_AFTER_30_DAYS,READY,3300,3300,0.05315254672986094,0.0008629901175347593,0.0877982890589824,0.005970862192500593,0.07650765076507664,0.5118079752226093,287,286,0.31460000000000005,0.0603030303030303,18668.687272727275,2423.090909090909,0.00016902,2.4145714285714286e-05,0.0005364896121212121,0.00010914910723557973,0.0
INTCUSDT-R-INTCUSDT-nyse_20260313T200000Z-s31,INTCUSDT,R,31,INTCUSDT-nyse_20260313T200000Z,R:INTCUSDT:2026-03:31,2026-03,RESEARCH_DEVELOPMENT,LISTING_AFTER_30_DAYS,READY,3300,3300,0.046653124305005955,0.000749515376852302,0.07421610647417114,0.025844386708601175,0.05459447315210065,0.5338436744560838,255,254,0.27940000000000004,0.07424242424242425,13144.427454545455,2119.2727272727275,0.0,0.0,0.00026554761515151516,0.00010749692446981394,0.0
INTCUSDT-R-INTCUSDT-nyse_20260313T200000Z-s59,INTCUSDT,R,59,INTCUSDT-nyse_20260313T200000Z,R:INTCUSDT:2026-03:59,2026-03,RESEARCH_DEVELOPMENT,LISTING_AFTER_30_DAYS,READY,3300,3300,0.06036833534575017,0.001027404527336465,0.20024449877750625,0.06073821933836831,0.19134897360703806,0.5035808518658123,340,339,0.3729,0.035454545454545454,27451.665090909093,3346.6181818181817,0.0,0.0,0.00035561253333333333,0.00011961685072836265,0.0
INTCUSDT-R-INTCUSDT-nyse_20260313T200000Z-s97,INTCUSDT,R,97,INTCUSDT-nyse_20260313T200000Z,R:INTCUSDT:2026-03:97,2026-03,RESEARCH_DEVELOPMENT,LISTING_AFTER_30_DAYS,READY,3300,3300,0.04844398895398089,0.0008136664105791441,0.08340443686006833,0.0166047087980174,0.043998291328492145,0.5260903426791277,244,243,0.26730000000000004,0.07272727272727272,6754.966909090909,2013.1272727272728,0.00226597,0.00032371,0.0008299240424242424,0.00011548583774607226,0.0
INTCUSDT-R-INTCUSDT-nyse_20260320T200000Z-s3,INTCUSDT,R,3,INTCUSDT-nyse_20260320T200000Z,R:INTCUSDT:2026-03:3,2026-03,RESEARCH_DEVELOPMENT,LISTING_AFTER_30_DAYS,READY,3300,3300,0.05312310547981274,0.0008609139223698682,0.08756174225415354,0.0,0.07288629737609328,0.5110336817653891,286,285,0.3135,0.061515151515151516,18525.42781818182,2408.509090909091,0.00016902,2.817e-05,0.0005412285727272728,0.0001092978001361898,0.0
INTCUSDT-R-INTCUSDT-nyse_20260320T200000Z-s10,INTCUSDT,R,10,INTCUSDT-nyse_20260320T200000Z,R:INTCUSDT:2026-03:10,2026-03,RESEARCH_DEVELOPMENT,LISTING_AFTER_30_DAYS,READY,3300,3300,0.060327979704732505,0.0010212676912323257,0.1991731517509729,0.05905006418485243,0.1783901377810008,0.5053070507960576,341,340,0.374,0.038181818181818185,27156.31709090909,3320.5636363636363,0.0,0.0,0.00035933671212121207,0.00011940308850423459,0.0
INTCUSDT-R-INTCUSDT-nyse_20260320T200000Z-s17,INTCUSDT,R,17,INTCUSDT-nyse_20260320T200000Z,R:INTCUSDT:2026-03:17,2026-03,RESEARCH_DEVELOPMENT,LISTING_AFTER_30_DAYS,READY,3300,3300,0.060026339530393054,0.0010220588439251621,0.19740068661108395,0.06291461587845065,0.19134897360703806,0.5045146726862303,339,338,0.3718,0.034545454545454546,27458.50581818182,3348.090909090909,0.0,0.0,0.00035597354242424245,0.00012010509650237193,0.0
INTCUSDT-R-INTCUSDT-nyse_20260320T200000Z-s31,INTCUSDT,R,31,INTCUSDT-nyse_20260320T200000Z,R:INTCUSDT:2026-03:31,2026-03,RESEARCH_DEVELOPMENT,LISTING_AFTER_30_DAYS,READY,3300,3300,0.05465835267758414,0.0009024720222805911,0.10480943738656998,0.0316521739130434,0.08579210167952794,0.5140791476407914,279,278,0.3058,0.04727272727272727,18443.441272727272,2346.836363636364,0.00013139,2.1898333333333333e-05,0.0004125852242424242,0.00011934497433262513,0.0
INTCUSDT-R-INTCUSDT-nyse_20260320T200000Z-s59,INTCUSDT,R,59,INTCUSDT-nyse_20260320T200000Z,R:INTCUSDT:2026-03:59,2026-03,RESEARCH_DEVELOPMENT,LISTING_AFTER_30_DAYS,READY,3300,3300,0.05465732994742007,0.0009005301080921393,0.10483321987746777,0.033310039599347634,0.08579210167952794,0.5162399694306458,274,273,0.3003,0.04787878787878788,18271.419454545452,2339.3454545454547,0.00013139,1.877e-05,0.0004157841212121212,0.00011971034623986297,0.0
INTCUSDT-R-INTCUSDT-nyse_20260320T200000Z-s97,INTCUSDT,R,97,INTCUSDT-nyse_20260320T200000Z,R:INTCUSDT:2026-03:97,2026-03,RESEARCH_DEVELOPMENT,LISTING_AFTER_30_DAYS,READY,3300,3300,0.05312310547981274,0.0008609139223698682,0.08756174225415354,0.0,0.07288629737609328,0.5110336817653891,286,285,0.3135,0.061515151515151516,18525.42781818182,2408.509090909091,0.00016902,2.817e-05,0.0005412285727272728,0.0001092978001361898,0.0
INTCUSDT-R-INTCUSDT-nyse_20260327T200000Z-s3,INTCUSDT,R,3,INTCUSDT-nyse_20260327T200000Z,R:INTCUSDT:2026-03:3,2026-03,RESEARCH_DEVELOPMENT,LISTING_AFTER_30_DAYS,READY,3300,3300,0.060026339530393054,0.0010220588439251621,0.19740068661108395,0.06291461587845065,0.19134897360703806,0.5045146726862303,339,338,0.3718,0.034545454545454546,27458.50581818182,3348.090909090909,0.0,0.0,0.00035597354242424245,0.00012010509650237193,0.0
INTCUSDT-R-INTCUSDT-nyse_20260327T200000Z-s10,INTCUSDT,R,10,INTCUSDT-nyse_20260327T200000Z,R:INTCUSDT:2026-03:10,2026-03,RESEARCH_DEVELOPMENT,LISTING_AFTER_30_DAYS,READY,3300,3300,0.053147061476228136,0.000894305430099698,0.09262131619765122,0.024299930571626837,0.07998232434821044,0.5249615975422427,279,278,0.3058,0.05696969696969697,8515.91909090909,2275.072727272727,0.00275991,0.00039427285714285716,0.0009672541212121211,0.00012241996518565869,0.0
INTCUSDT-R-INTCUSDT-nyse_20260327T200000Z-s17,INTCUSDT,R,17,INTCUSDT-nyse_20260327T200000Z,R:INTCUSDT:2026-03:17,2026-03,RESEARCH_DEVELOPMENT,LISTING_AFTER_30_DAYS,READY,3300,3300,0.048466824392117976,0.0008169862705965545,0.08722410865874362,0.024709661477637774,0.046274676289535126,0.5261526540100736,240,239,0.2629,0.0703030303030303,6761.199272727273,2015.090909090909,0.00173239,0.00028873166666666667,0.0008123904090909091,0.00011618691249816487,0.0
INTCUSDT-R-INTCUSDT-nyse_20260327T200000Z-s31,INTCUSDT,R,31,INTCUSDT-nyse_20260327T200000Z,R:INTCUSDT:2026-03:31,2026-03,RESEARCH_DEVELOPMENT,LISTING_AFTER_30_DAYS,READY,3300,3300,0.060026339530393054,0.0010220588439251621,0.19740068661108395,0.06291461587845065,0.19134897360703806,0.5045146726862303,339,338,0.3718,0.034545454545454546,27458.50581818182,3348.090909090909,0.0,0.0,0.00035597354242424245,0.00012010509650237193,0.0
INTCUSDT-R-INTCUSDT-nyse_20260327T200000Z-s59,INTCUSDT,R,59,INTCUSDT-nyse_20260327T200000Z,R:INTCUSDT:2026-03:59,2026-03,RESEARCH_DEVELOPMENT,LISTING_AFTER_30_DAYS,READY,3300,3300,0.04659630672161568,0.000745187027165969,0.07445123331070393,0.030111370823594243,0.05459447315210065,0.5307941653160454,256,255,0.2805,0.07696969696969697,13059.730181818182,2115.090909090909,0.0,0.0,0.0002693822121212121,0.00010702336397664634,0.0
INTCUSDT-R-INTCUSDT-nyse_20260327T200000Z-s97,INTCUSDT,R,97,INTCUSDT-nyse_20260327T200000Z,R:INTCUSDT:2026-03:97,2026-03,RESEARCH_DEVELOPMENT,LISTING_AFTER_30_DAYS,READY,3300,3300,0.06036833534575017,0.001027404527336465,0.20024449877750625,0.06073821933836831,0.19134897360703806,0.5035808518658123,340,339,0.3729,0.035454545454545454,27451.665090909093,3346.6181818181817,0.0,0.0,0.00035561253333333333,0.00011961685072836265,0.0
INTCUSDT-R-INTCUSDT-nyse_20260402T200000Z-s3,INTCUSDT,R,3,INTCUSDT-nyse_20260402T200000Z,R:INTCUSDT:2026-04:3,2026-04,RESEARCH_DEVELOPMENT,LISTING_AFTER_30_DAYS,READY,4740,4740,0.09271917452236769,0.0011063174629562824,0.26775848460931334,0.06568918368534363,0.2277323998444185,0.4986218992733651,473,472,0.5192,0.013291139240506329,33230.90430379747,5724.556962025316,0.00058451,5.8451e-05,0.0005326173924050633,0.00011288990345539829,0.0
INTCUSDT-R-INTCUSDT-nyse_20260402T200000Z-s10,INTCUSDT,R,10,INTCUSDT-nyse_20260402T200000Z,R:INTCUSDT:2026-04:10,2026-04,RESEARCH_DEVELOPMENT,LISTING_AFTER_30_DAYS,READY,4740,4740,0.09278917491466424,0.0011117041609492457,0.2681288282948034,0.06321639458145197,0.2277323998444185,0.4974962443665498,477,476,0.5236000000000001,0.012658227848101266,33296.71417721519,5735.569620253164,0.00058451,5.8451e-05,0.0005281742573839663,0.00011329743185236262,0.0
INTCUSDT-R-INTCUSDT-nyse_20260402T200000Z-s17,INTCUSDT,R,17,INTCUSDT-nyse_20260402T200000Z,R:INTCUSDT:2026-04:17,2026-04,RESEARCH_DEVELOPMENT,LISTING_AFTER_30_DAYS,READY,4740,4740,0.09278917491466424,0.0011117041609492457,0.2681288282948034,0.06321639458145197,0.2277323998444185,0.4974962443665498,477,476,0.5236000000000001,0.012658227848101266,33296.71417721519,5735.569620253164,0.00058451,5.8451e-05,0.0005281742573839663,0.00011329743185236262,0.0
INTCUSDT-R-INTCUSDT-nyse_20260402T200000Z-s31,INTCUSDT,R,31,INTCUSDT-nyse_20260402T200000Z,R:INTCUSDT:2026-04:31,2026-04,RESEARCH_DEVELOPMENT,LISTING_AFTER_30_DAYS,READY,4740,4740,0.06243407677163073,0.0007918527289775375,0.11790726052471014,0.022565399720428734,0.052631578947368356,0.5015797788309637,322,321,0.3531,0.039240506329113925,18994.238860759495,3343.025316455696,0.0,0.0,0.0003142691160337553,9.439527290164182e-05,0.0
INTCUSDT-R-INTCUSDT-nyse_20260402T200000Z-s59,INTCUSDT,R,59,INTCUSDT-nyse_20260402T200000Z,R:INTCUSDT:2026-04:59,2026-04,RESEARCH_DEVELOPMENT,LISTING_AFTER_30_DAYS,READY,4740,4740,0.09342617812348925,0.001479682994720656,0.24189937551549429,0.02476600679201527,0.18917325156268416,0.5156604630049932,653,652,0.7172000000000001,0.0006329113924050633,23725.36329113924,10596.139240506329,0.00035474,3.5474e-05,0.0005030784915611815,0.0001419149651027072,0.0
INTCUSDT-R-INTCUSDT-nyse_20260402T200000Z-s97,INTCUSDT,R,97,INTCUSDT-nyse_20260402T200000Z,R:INTCUSDT:2026-04:97,2026-04,RESEARCH_DEVELOPMENT,LISTING_AFTER_30_DAYS,READY,4740,4740,0.12919815801577295,0.0012335007762894782,0.2841961439198421,0.06796520581013005,0.14139344262295073,0.5209507473658417,536,535,0.5885,0.005274261603375527,21953.964430379747,6042.46835443038,2.922e-05,2.922e-06,0.0004090049345991561,0.0002361917215212694,1.0
INTCUSDT-R-INTCUSDT-nyse_20260410T200000Z-s3,INTCUSDT,R,3,INTCUSDT-nyse_20260410T200000Z,R:INTCUSDT:2026-04:3,2026-04,RESEARCH_DEVELOPMENT,LISTING_AFTER_30_DAYS,READY,3300,3300,0.049967668068304334,0.0008039407303308316,0.10742893042249091,0.049327354260089766,0.08702432938240795,0.5005632745024409,234,233,0.25630000000000003,0.04303030303030303,17289.05909090909,3310.509090909091,0.0,0.0,0.0003484426606060606,9.760920797183248e-05,0.0
INTCUSDT-R-INTCUSDT-nyse_20260410T200000Z-s10,INTCUSDT,R,10,INTCUSDT-nyse_20260410T200000Z,R:INTCUSDT:2026-04:10,2026-04,RESEARCH_DEVELOPMENT,LISTING_AFTER_30_DAYS,READY,3300,3300,0.08194323694883414,0.0015675890994225365,0.18461177574478077,0.03195782584984548,0.18150925708928983,0.5123056994818653,484,483,0.5313,0.0006060606060606061,26982.3,12069.036363636364,0.00035474,5.067714285714285e-05,0.0005819659212121213,0.00014525536978188814,0.0
INTCUSDT-R-INTCUSDT-nyse_20260410T200000Z-s17,INTCUSDT,R,17,INTCUSDT-nyse_20260410T200000Z,R:INTCUSDT:2026-04:17,2026-04,RESEARCH_DEVELOPMENT,LISTING_AFTER_30_DAYS,READY,3300,3300,0.07567975585201489,0.0014837334758155364,0.24189937551549429,0.04715762273901812,0.18917325156268416,0.5202746893394375,470,469,0.5159,0.00030303030303030303,26068.259636363637,10784.181818181818,6.092e-05,8.702857142857143e-06,0.00042908095757575754,0.00014755864638983537,0.0
INTCUSDT-R-INTCUSDT-nyse_20260410T200000Z-s31,INTCUSDT,R,31,INTCUSDT-nyse_20260410T200000Z,R:INTCUSDT:2026-04:31,2026-04,RESEARCH_DEVELOPMENT,LISTING_AFTER_30_DAYS,READY,3300,3300,0.07316191466135433,0.0010424150603643033,0.15068990559186646,0.05411527812735976,0.14656738103886668,0.4949892627057981,323,322,0.3542,0.009393939393939394,28740.70327272727,4830.254545454545,0.00058451,8.350142857142858e-05,0.000487870096969697,0.00010918467774800921,1.0
INTCUSDT-R-INTCUSDT-nyse_20260410T200000Z-s59,INTCUSDT,R,59,INTCUSDT-nyse_20260410T200000Z,R:INTCUSDT:2026-04:59,2026-04,RESEARCH_DEVELOPMENT,LISTING_AFTER_30_DAYS,READY,3300,3300,0.07035301901662597,0.001084131846634481,0.1888318863456985,0.06818784823560639,0.15052508751458565,0.5,328,327,0.3597,0.014545454545454545,33359.74436363636,5751.618181818182,0.00049711,7.101571428571429e-05,0.0005633772636363636,0.0001126454652710462,0.0
INTCUSDT-R-INTCUSDT-nyse_20260410T200000Z-s97,INTCUSDT,R,97,INTCUSDT-nyse_20260410T200000Z,R:INTCUSDT:2026-04:97,2026-04,RESEARCH_DEVELOPMENT,LISTING_AFTER_30_DAYS,READY,3300,3300,0.0819502898850371,0.0015679646029652479,0.1854933208343098,0.030911339006473235,0.1830341429074269,0.5121398510844933,483,482,0.5302,0.0006060606060606061,27009.938545454548,12064.072727272727,0.00035474,5.067714285714285e-05,0.0005725446484848484,0.00014565140786792046,0.0
INTCUSDT-R-INTCUSDT-nyse_20260417T200000Z-s3,INTCUSDT,R,3,INTCUSDT-nyse_20260417T200000Z,R:INTCUSDT:2026-04:3,2026-04,RESEARCH_DEVELOPMENT,LISTING_AFTER_30_DAYS,READY,3300,3300,0.12563601312983538,0.0014371257904942701,0.27873734365693864,0.0714141821112005,0.14139344262295073,0.5126625598904859,431,430,0.47300000000000003,0.0027272727272727275,25466.756909090906,7337.290909090909,2.922e-05,4.87e-06,0.0004929390090909091,0.00031374879061649526,1.0
INTCUSDT-R-INTCUSDT-nyse_20260417T200000Z-s10,INTCUSDT,R,10,INTCUSDT-nyse_20260417T200000Z,R:INTCUSDT:2026-04:10,2026-04,RESEARCH_DEVELOPMENT,LISTING_AFTER_30_DAYS,READY,3300,3300,0.05038143475566046,0.0007367057740171845,0.06880315917375468,0.0019691159705668747,0.05565693430656939,0.4978789047435403,198,197,0.2167,0.04818181818181818,18686.07618181818,3131.836363636364,0.0,0.0,0.0002540428393939394,8.888309828179188e-05,0.0
INTCUSDT-R-INTCUSDT-nyse_20260417T200000Z-s17,INTCUSDT,R,17,INTCUSDT-nyse_20260417T200000Z,R:INTCUSDT:2026-04:17,2026-04,RESEARCH_DEVELOPMENT,LISTING_AFTER_30_DAYS,READY,3300,3300,0.12491713316484418,0.0013917150559034656,0.2818003913894324,0.07722938279367046,0.14139344262295073,0.5103806228373703,416,415,0.4565,0.005151515151515152,24974.53181818182,7085.309090909091,2.922e-05,4.174285714285715e-06,0.00047457758181818186,0.0002815368640360236,1.0
INTCUSDT-R-INTCUSDT-nyse_20260417T200000Z-s31,INTCUSDT,R,31,INTCUSDT-nyse_20260417T200000Z,R:INTCUSDT:2026-04:31,2026-04,RESEARCH_DEVELOPMENT,LISTING_AFTER_30_DAYS,READY,3300,3300,0.052761848236170805,0.0008617865608844842,0.057841202368301016,0.00580679218722499,0.030421686746987888,0.5328227571115973,270,269,0.2959,0.007272727272727273,13014.111636363637,3248.2727272727275,0.0,0.0,0.00030891811818181816,9.984573198810367e-05,0.0
INTCUSDT-R-INTCUSDT-nyse_20260417T200000Z-s59,INTCUSDT,R,59,INTCUSDT-nyse_20260417T200000Z,R:INTCUSDT:2026-04:59,2026-04,RESEARCH_DEVELOPMENT,LISTING_AFTER_30_DAYS,READY,3300,3300,0.05274122556978839,0.0008638939523925645,0.057639939485627664,0.005881836537617401,0.030421686746987888,0.5300327630141973,272,271,0.29810000000000003,0.007575757575757576,12982.331272727271,3246.2909090909093,0.0,0.0,0.0003082226484848485,9.998292290460616e-05,0.0
INTCUSDT-R-INTCUSDT-nyse_20260417T200000Z-s97,INTCUSDT,R,97,INTCUSDT-nyse_20260417T200000Z,R:INTCUSDT:2026-04:97,2026-04,RESEARCH_DEVELOPMENT,LISTING_AFTER_30_DAYS,READY,3300,3300,0.05038143475566046,0.0007367057740171845,0.06880315917375468,0.0019691159705668747,0.05565693430656939,0.4978789047435403,198,197,0.2167,0.04818181818181818,18686.07618181818,3131.836363636364,0.0,0.0,0.0002540428393939394,8.888309828179188e-05,0.0
INTCUSDT-R-INTCUSDT-nyse_20260424T200000Z-s3,INTCUSDT,R,3,INTCUSDT-nyse_20260424T200000Z,R:INTCUSDT:2026-04:3,2026-04,RESEARCH_DEVELOPMENT,LISTING_AFTER_30_DAYS,READY,3300,3300,0.08194323694883414,0.0015675890994225365,0.18461177574478077,0.03195782584984548,0.18150925708928983,0.5123056994818653,484,483,0.5313,0.0006060606060606061,26982.3,12069.036363636364,0.00035474,5.067714285714285e-05,0.0005819659212121213,0.00014525536978188814,0.0
INTCUSDT-R-INTCUSDT-nyse_20260424T200000Z-s10,INTCUSDT,R,10,INTCUSDT-nyse_20260424T200000Z,R:INTCUSDT:2026-04:10,2026-04,RESEARCH_DEVELOPMENT,LISTING_AFTER_30_DAYS,READY,3300,3300,0.12491713316484418,0.0013917150559034656,0.2818003913894324,0.07722938279367046,0.14139344262295073,0.5103806228373703,416,415,0.4565,0.005151515151515152,24974.53181818182,7085.309090909091,2.922e-05,4.174285714285715e-06,0.00047457758181818186,0.0002815368640360236,1.0
INTCUSDT-R-INTCUSDT-nyse_20260424T200000Z-s17,INTCUSDT,R,17,INTCUSDT-nyse_20260424T200000Z,R:INTCUSDT:2026-04:17,2026-04,RESEARCH_DEVELOPMENT,LISTING_AFTER_30_DAYS,READY,3300,3300,0.049969518237450786,0.000810946608064691,0.10744580584354377,0.04753946146703816,0.09815660942177414,0.4979531075548939,232,231,0.2541,0.039696969696969696,17315.446545454546,3311.6181818181817,0.0,0.0,0.00035477587575757577,9.760784500571322e-05,0.0
INTCUSDT-R-INTCUSDT-nyse_20260424T200000Z-s31,INTCUSDT,R,31,INTCUSDT-nyse_20260424T200000Z,R:INTCUSDT:2026-04:31,2026-04,RESEARCH_DEVELOPMENT,LISTING_AFTER_30_DAYS,READY,3300,3300,0.07567975585201489,0.0014837334758155364,0.24189937551549429,0.04715762273901812,0.18917325156268416,0.5202746893394375,470,469,0.5159,0.00030303030303030303,26068.259636363637,10784.181818181818,6.092e-05,8.702857142857143e-06,0.00042908095757575754,0.00014755864638983537,0.0
INTCUSDT-R-INTCUSDT-nyse_20260424T200000Z-s59,INTCUSDT,R,59,INTCUSDT-nyse_20260424T200000Z,R:INTCUSDT:2026-04:59,2026-04,RESEARCH_DEVELOPMENT,LISTING_AFTER_30_DAYS,READY,3300,3300,0.049969518237450786,0.000810946608064691,0.10744580584354377,0.04753946146703816,0.09815660942177414,0.4979531075548939,232,231,0.2541,0.039696969696969696,17315.446545454546,3311.6181818181817,0.0,0.0,0.00035477587575757577,9.760784500571322e-05,0.0
INTCUSDT-R-INTCUSDT-nyse_20260424T200000Z-s97,INTCUSDT,R,97,INTCUSDT-nyse_20260424T200000Z,R:INTCUSDT:2026-04:97,2026-04,RESEARCH_DEVELOPMENT,LISTING_AFTER_30_DAYS,READY,3300,3300,0.07296438898304837,0.0010405257184298393,0.1496363636363637,0.05432223343424156,0.14781818181818188,0.49516648764769067,321,320,0.35200000000000004,0.009393939393939394,28741.31709090909,4808.781818181818,0.00041718,6.953000000000001e-05,0.0004777746272727273,0.00010938522929090477,1.0
INTCUSDT-R-INTCUSDT-nyse_20260501T200000Z-s3,INTCUSDT,R,3,INTCUSDT-nyse_20260501T200000Z,R:INTCUSDT:2026-05:3,2026-05,RESEARCH_DEVELOPMENT,LISTING_AFTER_30_DAYS,READY,3300,3300,0.08325416656775934,0.0017599161900269042,0.094818376068376,0.004864172948371487,0.04093774975579433,0.5070866141732283,514,513,0.5643,0.0,22687.074727272728,14413.127272727274,0.00227466,0.00037911,0.0008634643363636364,0.00015662896929923673,0.0
INTCUSDT-R-INTCUSDT-nyse_20260501T200000Z-s10,INTCUSDT,R,10,INTCUSDT-nyse_20260501T200000Z,R:INTCUSDT:2026-05:10,2026-05,RESEARCH_DEVELOPMENT,LISTING_AFTER_30_DAYS,READY,3300,3300,0.08826395907936449,0.0018094647859887448,0.1790729692519505,0.02767954478981094,0.11805236564079016,0.5062814070351759,531,530,0.5830000000000001,0.0,37409.38181818182,16512.49090909091,0.00038123,5.446142857142857e-05,0.0006098724818181817,0.00018014927139744713,0.0
INTCUSDT-R-INTCUSDT-nyse_20260501T200000Z-s17,INTCUSDT,R,17,INTCUSDT-nyse_20260501T200000Z,R:INTCUSDT:2026-05:17,2026-05,RESEARCH_DEVELOPMENT,LISTING_AFTER_30_DAYS,READY,3300,3300,0.08878185746153117,0.001795156538588025,0.1621988462843569,0.021952525432803863,0.07520583991172226,0.51010101010101,559,558,0.6138,0.0,35441.74763636364,16636.8,0.00174395,0.0002491357142857143,0.000799968617737003,0.0001559856987674383,0.0
INTCUSDT-R-INTCUSDT-nyse_20260501T200000Z-s31,INTCUSDT,R,31,INTCUSDT-nyse_20260501T200000Z,R:INTCUSDT:2026-05:31,2026-05,RESEARCH_DEVELOPMENT,LISTING_AFTER_30_DAYS,READY,3300,3300,0.09407776428652939,0.0018585462382231708,0.10233758111171909,0.024406270534121848,0.1008823299757944,0.5007903888713247,564,563,0.6193000000000001,0.0,40538.509999999995,17368.872727272726,0.00095831,0.00015971833333333334,0.0008719804338624339,0.00015806685195774597,0.0
INTCUSDT-R-INTCUSDT-nyse_20260501T200000Z-s59,INTCUSDT,R,59,INTCUSDT-nyse_20260501T200000Z,R:INTCUSDT:2026-05:59,2026-05,RESEARCH_DEVELOPMENT,LISTING_AFTER_30_DAYS,READY,3300,3300,0.088930910740171,0.001796910117913364,0.16117339627412958,0.015673182293126718,0.07388021280247124,0.5085173501577287,551,550,0.605,0.0,35834.71490909091,16709.418181818182,0.00174395,0.00029065833333333333,0.0007880482303030303,0.00015518257180235166,0.0
INTCUSDT-R-INTCUSDT-nyse_20260501T200000Z-s97,INTCUSDT,R,97,INTCUSDT-nyse_20260501T200000Z,R:INTCUSDT:2026-05:97,2026-05,RESEARCH_DEVELOPMENT,LISTING_AFTER_30_DAYS,READY,3300,3300,0.09180584356138813,0.0018289594612830582,0.22551466001247655,0.04342548143243392,0.21837646814260478,0.5204178537511871,535,534,0.5874,0.0,27256.717454545455,14614.272727272728,0.00261462,0.0003735171428571428,0.0009193782996941897,0.00015814236182078485,0.0
INTCUSDT-R-INTCUSDT-nyse_20260508T200000Z-s3,INTCUSDT,R,3,INTCUSDT-nyse_20260508T200000Z,R:INTCUSDT:2026-05:3,2026-05,RESEARCH_DEVELOPMENT,LISTING_AFTER_30_DAYS,READY,3300,3300,0.0789471090446722,0.0016045273756882688,0.11004187828566345,0.0210025527964725,0.0956067698955708,0.506031746031746,486,485,0.5335000000000001,0.0009090909090909091,37017.952909090905,16254.054545454546,0.00043531,6.218714285714286e-05,0.0006416593,0.00015611100861454843,0.0
INTCUSDT-R-INTCUSDT-nyse_20260508T200000Z-s10,INTCUSDT,R,10,INTCUSDT-nyse_20260508T200000Z,R:INTCUSDT:2026-05:10,2026-05,RESEARCH_DEVELOPMENT,LISTING_AFTER_30_DAYS,READY,3300,3300,0.08365617194640868,0.0017783911189432622,0.09405634549147744,0.007750627096192337,0.039658273381294934,0.504725897920605,513,512,0.5632,0.0,22995.841454545454,14634.6,0.00240638,0.00034376857142857145,0.0008701035515151516,0.00015825559471546648,0.0
INTCUSDT-R-INTCUSDT-nyse_20260508T200000Z-s17,INTCUSDT,R,17,INTCUSDT-nyse_20260508T200000Z,R:INTCUSDT:2026-05:17,2026-05,RESEARCH_DEVELOPMENT,LISTING_AFTER_30_DAYS,READY,3300,3300,0.08826395907936449,0.0018094647859887448,0.1790729692519505,0.02767954478981094,0.11805236564079016,0.5062814070351759,531,530,0.5830000000000001,0.0,37409.38181818182,16512.49090909091,0.00038123,5.446142857142857e-05,0.0006098724818181817,0.00018014927139744713,0.0
INTCUSDT-R-INTCUSDT-nyse_20260508T200000Z-s31,INTCUSDT,R,31,INTCUSDT-nyse_20260508T200000Z,R:INTCUSDT:2026-05:31,2026-05,RESEARCH_DEVELOPMENT,LISTING_AFTER_30_DAYS,READY,3300,3300,0.067042271366564,0.001217652922347649,0.07559131919044133,0.008700654346731862,0.04465971595107132,0.5112685125563425,356,355,0.3905,0.0,29956.64490909091,14358.6,0.0006937499999999999,0.00011562499999999999,0.0005783502727272728,0.0001164317606941956,0.0
INTCUSDT-R-INTCUSDT-nyse_20260508T200000Z-s59,INTCUSDT,R,59,INTCUSDT-nyse_20260508T200000Z,R:INTCUSDT:2026-05:59,2026-05,RESEARCH_DEVELOPMENT,LISTING_AFTER_30_DAYS,READY,3300,3300,0.08365617194640868,0.0017783911189432622,0.09405634549147744,0.007750627096192337,0.039658273381294934,0.504725897920605,513,512,0.5632,0.0,22995.841454545454,14634.6,0.00240638,0.00034376857142857145,0.0008701035515151516,0.00015825559471546648,0.0
INTCUSDT-R-INTCUSDT-nyse_20260508T200000Z-s97,INTCUSDT,R,97,INTCUSDT-nyse_20260508T200000Z,R:INTCUSDT:2026-05:97,2026-05,RESEARCH_DEVELOPMENT,LISTING_AFTER_30_DAYS,READY,3300,3300,0.088930910740171,0.001796910117913364,0.16117339627412958,0.015673182293126718,0.07388021280247124,0.5085173501577287,551,550,0.605,0.0,35834.71490909091,16709.418181818182,0.00174395,0.00029065833333333333,0.0007880482303030303,0.00015518257180235166,0.0
INTCUSDT-R-INTCUSDT-nyse_20260515T200000Z-s3,INTCUSDT,R,3,INTCUSDT-nyse_20260515T200000Z,R:INTCUSDT:2026-05:3,2026-05,RESEARCH_DEVELOPMENT,LISTING_AFTER_30_DAYS,READY,3300,3300,0.08878185746153117,0.001795156538588025,0.1621988462843569,0.021952525432803863,0.07520583991172226,0.51010101010101,559,558,0.6138,0.0,35441.74763636364,16636.8,0.00174395,0.0002491357142857143,0.000799968617737003,0.0001559856987674383,0.0
INTCUSDT-R-INTCUSDT-nyse_20260515T200000Z-s10,INTCUSDT,R,10,INTCUSDT-nyse_20260515T200000Z,R:INTCUSDT:2026-05:10,2026-05,RESEARCH_DEVELOPMENT,LISTING_AFTER_30_DAYS,READY,3300,3300,0.067042271366564,0.001217652922347649,0.07559131919044133,0.008700654346731862,0.04465971595107132,0.5112685125563425,356,355,0.3905,0.0,29956.64490909091,14358.6,0.0006937499999999999,0.00011562499999999999,0.0005783502727272728,0.0001164317606941956,0.0
INTCUSDT-R-INTCUSDT-nyse_20260515T200000Z-s17,INTCUSDT,R,17,INTCUSDT-nyse_20260515T200000Z,R:INTCUSDT:2026-05:17,2026-05,RESEARCH_DEVELOPMENT,LISTING_AFTER_30_DAYS,READY,3300,3300,0.08555967958466751,0.0018103897230284116,0.09399823477493373,0.009264876192577078,0.06474757196605133,0.503463476070529,527,526,0.5786,0.0,23215.964363636365,14922.672727272728,0.00240638,0.00034376857142857145,0.0008731944818181818,0.00016044933055546265,0.0
INTCUSDT-R-INTCUSDT-nyse_20260515T200000Z-s31,INTCUSDT,R,31,INTCUSDT-nyse_20260515T200000Z,R:INTCUSDT:2026-05:31,2026-05,RESEARCH_DEVELOPMENT,LISTING_AFTER_30_DAYS,READY,3300,3300,0.0789471090446722,0.0016045273756882688,0.11004187828566345,0.0210025527964725,0.0956067698955708,0.506031746031746,486,485,0.5335000000000001,0.0009090909090909091,37017.952909090905,16254.054545454546,0.00043531,6.218714285714286e-05,0.0006416593,0.00015611100861454843,0.0
INTCUSDT-R-INTCUSDT-nyse_20260515T200000Z-s59,INTCUSDT,R,59,INTCUSDT-nyse_20260515T200000Z,R:INTCUSDT:2026-05:59,2026-05,RESEARCH_DEVELOPMENT,LISTING_AFTER_30_DAYS,READY,3300,3300,0.0672448049841288,0.0012271317219953119,0.07553606237816761,0.00831994286734511,0.05467099918765223,0.5101383971676858,360,359,0.39490000000000003,0.0,30135.927272727273,14486.763636363636,0.0006937499999999999,9.910714285714285e-05,0.0005697018393939394,0.00011783724419898566,0.0
INTCUSDT-R-INTCUSDT-nyse_20260515T200000Z-s97,INTCUSDT,R,97,INTCUSDT-nyse_20260515T200000Z,R:INTCUSDT:2026-05:97,2026-05,RESEARCH_DEVELOPMENT,LISTING_AFTER_30_DAYS,READY,3300,3300,0.0789471090446722,0.0016045273756882688,0.11004187828566345,0.0210025527964725,0.0956067698955708,0.506031746031746,486,485,0.5335000000000001,0.0009090909090909091,37017.952909090905,16254.054545454546,0.00043531,6.218714285714286e-05,0.0006416593,0.00015611100861454843,0.0
INTCUSDT-R-INTCUSDT-nyse_20260522T200000Z-s10,INTCUSDT,R,10,INTCUSDT-nyse_20260522T200000Z,R:INTCUSDT:2026-05:10,2026-05,RESEARCH_DEVELOPMENT,LISTING_AFTER_30_DAYS,READY,4740,4740,0.11455778684724145,0.0018881815395126453,0.16065983894926106,0.025492755299287923,0.15725774966815012,0.5059366754617414,814,813,0.8943000000000001,0.0,39297.311772151894,18152.40506329114,0.0018219500000000001,0.00020243888888888892,0.0008020264834834835,0.00016120959335370086,0.0
INTCUSDT-R-INTCUSDT-nyse_20260522T200000Z-s31,INTCUSDT,R,31,INTCUSDT-nyse_20260522T200000Z,R:INTCUSDT:2026-05:31,2026-05,RESEARCH_DEVELOPMENT,LISTING_AFTER_30_DAYS,READY,4740,4740,0.10526669483729088,0.0017836181688727856,0.22551466001247655,0.02818956000630815,0.21837646814260478,0.5137634882184541,734,733,0.8063,0.0,25796.84911392405,13878.860759493671,0.00324069,0.000324069,0.0008520886772823779,0.00015584448891464378,0.0
INTCUSDT-R-INTCUSDT-nyse_20260522T200000Z-s59,INTCUSDT,R,59,INTCUSDT-nyse_20260522T200000Z,R:INTCUSDT:2026-05:59,2026-05,RESEARCH_DEVELOPMENT,LISTING_AFTER_30_DAYS,READY,4740,4740,0.09974979729066565,0.0016952320548569825,0.1790729692519505,0.020603211907559735,0.11805236564079016,0.5050660792951542,727,726,0.7986000000000001,0.0006329113924050633,36585.031772151895,16316.848101265823,0.00054453,5.4453e-05,0.0006162470147679325,0.00016859009713385165,0.0
INTCUSDT-R-INTCUSDT-nyse_20260529T200000Z-s3,INTCUSDT,R,3,INTCUSDT-nyse_20260529T200000Z,R:INTCUSDT:2026-05:3,2026-05,RESEARCH_DEVELOPMENT,LISTING_AFTER_30_DAYS,READY,3300,3300,0.06724924444004368,0.0012271349973370664,0.07563435263500323,0.008568980291345297,0.04465971595107132,0.5094946894110074,361,360,0.396,0.0,30142.08618181818,14478.327272727272,0.0006937499999999999,9.910714285714285e-05,0.0005753208,0.00011741965599331205,0.0
INTCUSDT-R-INTCUSDT-nyse_20260529T200000Z-s17,INTCUSDT,R,17,INTCUSDT-nyse_20260529T200000Z,R:INTCUSDT:2026-05:17,2026-05,RESEARCH_DEVELOPMENT,LISTING_AFTER_30_DAYS,READY,3300,3300,0.067042271366564,0.001217652922347649,0.07559131919044133,0.008700654346731862,0.04465971595107132,0.5112685125563425,356,355,0.3905,0.0,29956.64490909091,14358.6,0.0006937499999999999,0.00011562499999999999,0.0005783502727272728,0.0001164317606941956,0.0
INTCUSDT-R-INTCUSDT-nyse_20260529T200000Z-s97,INTCUSDT,R,97,INTCUSDT-nyse_20260529T200000Z,R:INTCUSDT:2026-05:97,2026-05,RESEARCH_DEVELOPMENT,LISTING_AFTER_30_DAYS,READY,3300,3300,0.067042271366564,0.001217652922347649,0.07559131919044133,0.008700654346731862,0.04465971595107132,0.5112685125563425,356,355,0.3905,0.0,29956.64490909091,14358.6,0.0006937499999999999,0.00011562499999999999,0.0005783502727272728,0.0001164317606941956,0.0
INTCUSDT-R-INTCUSDT-nyse_20260605T200000Z-s3,INTCUSDT,R,3,INTCUSDT-nyse_20260605T200000Z,R:INTCUSDT:2026-06:3,2026-06,SEALED_SHORT_OOS,LISTING_AFTER_30_DAYS,READY,3300,3300,0.10248008757206375,0.002180597020369668,0.1340262582056893,0.0022340526666033166,0.07620990172445762,0.48962264150943396,595,594,0.6534000000000001,0.0,93101.05381818181,29338.945454545454,0.0,0.0,0.0004799170575757576,0.0001702277685315497,0.0
INTCUSDT-R-INTCUSDT-nyse_20260605T200000Z-s10,INTCUSDT,R,10,INTCUSDT-nyse_20260605T200000Z,R:INTCUSDT:2026-06:10,2026-06,SEALED_SHORT_OOS,LISTING_AFTER_30_DAYS,READY,3300,3300,0.0908313140766356,0.0018947822413261288,0.11621049448056851,0.008613516248734953,0.06469430992736086,0.48466833541927407,494,493,0.5423,0.0,65121.09545454545,26425.927272727273,0.00187132,0.0002673314285714286,0.0007633152393939394,0.00015432700735106548,0.0
INTCUSDT-R-INTCUSDT-nyse_20260605T200000Z-s17,INTCUSDT,R,17,INTCUSDT-nyse_20260605T200000Z,R:INTCUSDT:2026-06:17,2026-06,SEALED_SHORT_OOS,LISTING_AFTER_30_DAYS,READY,3300,3300,0.10226839545675569,0.0021085302133802926,0.14949079697281137,0.02680906180502944,0.09855525904113364,0.49354737173434055,558,557,0.6127,0.0,94826.93727272727,28640.69090909091,0.00011878,1.6968571428571427e-05,0.000522968703030303,0.0014265550332170748,0.0
INTCUSDT-R-INTCUSDT-nyse_20260605T200000Z-s31,INTCUSDT,R,31,INTCUSDT-nyse_20260605T200000Z,R:INTCUSDT:2026-06:31,2026-06,SEALED_SHORT_OOS,LISTING_AFTER_30_DAYS,READY,3300,3300,0.09322205113098592,0.002008694892196026,0.08439490445859871,0.0016444909552997729,0.070890113076254,0.4768170426065163,539,538,0.5918,0.0,82679.98927272728,29189.545454545456,0.00122554,0.00020425666666666666,0.0006877955090909091,0.00017035827623977255,0.0
INTCUSDT-R-INTCUSDT-nyse_20260605T200000Z-s59,INTCUSDT,R,59,INTCUSDT-nyse_20260605T200000Z,R:INTCUSDT:2026-06:59,2026-06,SEALED_SHORT_OOS,LISTING_AFTER_30_DAYS,READY,3300,3300,0.08322229691404388,0.0016215071198350574,0.10677373191286367,0.009164420485175172,0.0743350221659277,0.49872773536895676,446,445,0.48950000000000005,0.0,71259.48909090909,20778.49090909091,0.00090215,0.00015035833333333333,0.0006350823969696969,0.00014981541728527039,0.0
INTCUSDT-R-INTCUSDT-nyse_20260605T200000Z-s97,INTCUSDT,R,97,INTCUSDT-nyse_20260605T200000Z,R:INTCUSDT:2026-06:97,2026-06,SEALED_SHORT_OOS,LISTING_AFTER_30_DAYS,READY,3300,3300,0.10240407747885034,0.002173386638869891,0.1349490498485266,0.0018117669495566048,0.07620990172445762,0.4902331442974165,590,589,0.6479,0.0,92981.29072727273,29262.236363636363,0.0,0.0,0.00048689837575757576,0.00016981776865315323,0.0
INTCUSDT-R-INTCUSDT-nyse_20260612T200000Z-s3,INTCUSDT,R,3,INTCUSDT-nyse_20260612T200000Z,R:INTCUSDT:2026-06:3,2026-06,SEALED_SHORT_OOS,LISTING_AFTER_30_DAYS,READY,3300,3300,0.08322229691404388,0.0016215071198350574,0.10677373191286367,0.009164420485175172,0.0743350221659277,0.49872773536895676,446,445,0.48950000000000005,0.0,71259.48909090909,20778.49090909091,0.00090215,0.00015035833333333333,0.0006350823969696969,0.00014981541728527039,0.0
INTCUSDT-R-INTCUSDT-nyse_20260612T200000Z-s10,INTCUSDT,R,10,INTCUSDT-nyse_20260612T200000Z,R:INTCUSDT:2026-06:10,2026-06,SEALED_SHORT_OOS,LISTING_AFTER_30_DAYS,READY,3300,3300,0.10238531905126652,0.002112742102396208,0.1502911891790344,0.023396226415094333,0.09855525904113364,0.49196344153797666,557,556,0.6116,0.0,95010.94272727272,28683.036363636365,0.00011878,1.6968571428571427e-05,0.0005318188484848486,0.0014268293951308604,0.0
INTCUSDT-R-INTCUSDT-nyse_20260612T200000Z-s17,INTCUSDT,R,17,INTCUSDT-nyse_20260612T200000Z,R:INTCUSDT:2026-06:17,2026-06,SEALED_SHORT_OOS,LISTING_AFTER_30_DAYS,READY,3300,3300,0.08712217565002059,0.001745057332701112,0.11838006230529587,0.007480877532150918,0.10353250657647498,0.4968314321926489,516,515,0.5665,0.0,59462.66272727273,21537.072727272727,0.0006090199999999999,8.700285714285713e-05,0.0006174783333333333,0.00016166005614406468,0.0
INTCUSDT-R-INTCUSDT-nyse_20260612T200000Z-s31,INTCUSDT,R,31,INTCUSDT-nyse_20260612T200000Z,R:INTCUSDT:2026-06:31,2026-06,SEALED_SHORT_OOS,LISTING_AFTER_30_DAYS,READY,3300,3300,0.09054797738289562,0.0017141933713926128,0.12805213879199562,0.007133239751339293,0.07259610994429722,0.5054278416347382,479,478,0.5258,0.0,68658.64690909091,22095.636363636364,0.00158009,0.00022572714285714284,0.0007577053535353535,0.00015243331171187124,0.0
INTCUSDT-R-INTCUSDT-nyse_20260612T200000Z-s59,INTCUSDT,R,59,INTCUSDT-nyse_20260612T200000Z,R:INTCUSDT:2026-06:59,2026-06,SEALED_SHORT_OOS,LISTING_AFTER_30_DAYS,READY,3300,3300,0.10221296570409419,0.002167259989434352,0.13496143958868898,0.0012900143334925746,0.07620990172445762,0.4883501259445844,591,590,0.649,0.0,92687.07618181819,29179.272727272728,0.0,0.0,0.00047986022424242425,0.0001696319881311496,0.0
INTCUSDT-R-INTCUSDT-nyse_20260612T200000Z-s97,INTCUSDT,R,97,INTCUSDT-nyse_20260612T200000Z,R:INTCUSDT:2026-06:97,2026-06,SEALED_SHORT_OOS,LISTING_AFTER_30_DAYS,READY,3300,3300,0.06308421971307379,0.0013039794636665687,0.13189484880717214,0.020890333794701718,0.07680665909950818,0.5014363230130865,354,353,0.38830000000000003,0.0,47119.943090909095,15773.327272727272,0.00129686,0.00018526571428571428,0.0006484135749235474,0.00011004995121543208,0.0
INTCUSDT-R-INTCUSDT-nyse_20260618T200000Z-s3,INTCUSDT,R,3,INTCUSDT-nyse_20260618T200000Z,R:INTCUSDT:2026-06:3,2026-06,SEALED_SHORT_OOS,LISTING_AFTER_30_DAYS,READY,4740,4740,0.10456849699839477,0.001716778626988763,0.12805213879199562,0.0003014530034767692,0.07259610994429722,0.5019929140832595,708,707,0.7777000000000001,0.0,63528.428227848104,21712.379746835442,0.0016422,0.00016422,0.0007059082272727272,0.00015529490239871618,0.0
INTCUSDT-R-INTCUSDT-nyse_20260618T200000Z-s10,INTCUSDT,R,10,INTCUSDT-nyse_20260618T200000Z,R:INTCUSDT:2026-06:10,2026-06,SEALED_SHORT_OOS,LISTING_AFTER_30_DAYS,READY,4740,4740,0.10456849699839477,0.001716778626988763,0.12805213879199562,0.0003014530034767692,0.07259610994429722,0.5019929140832595,708,707,0.7777000000000001,0.0,63528.428227848104,21712.379746835442,0.0016422,0.00016422,0.0007059082272727272,0.00015529490239871618,0.0
INTCUSDT-R-INTCUSDT-nyse_20260618T200000Z-s17,INTCUSDT,R,17,INTCUSDT-nyse_20260618T200000Z,R:INTCUSDT:2026-06:17,2026-06,SEALED_SHORT_OOS,LISTING_AFTER_30_DAYS,READY,4740,4740,0.11441365051888089,0.002037101518407774,0.11007663109646917,0.016573777446204724,0.10071530758226045,0.47865853658536583,754,753,0.8283,0.0,81607.31202531647,29506.227848101265,0.00210513,0.000210513,0.0006908774852320675,0.00016962796186023308,0.0
INTCUSDT-R-INTCUSDT-nyse_20260618T200000Z-s31,INTCUSDT,R,31,INTCUSDT-nyse_20260618T200000Z,R:INTCUSDT:2026-06:31,2026-06,SEALED_SHORT_OOS,LISTING_AFTER_30_DAYS,READY,4740,4740,0.12350721580993924,0.002143317104464108,0.1821663019693653,0.010608802483688316,0.09855525904113364,0.493640350877193,821,820,0.902,0.0,96831.2517721519,29087.291139240508,0.00011878,1.1878e-05,0.0005042638691983123,0.001045131848790761,0.0
INTCUSDT-R-INTCUSDT-nyse_20260618T200000Z-s59,INTCUSDT,R,59,INTCUSDT-nyse_20260618T200000Z,R:INTCUSDT:2026-06:59,2026-06,SEALED_SHORT_OOS,LISTING_AFTER_30_DAYS,READY,4740,4740,0.11443071882081761,0.0020370223687018164,0.1105516794936344,0.01550070191857748,0.10071530758226045,0.47909407665505227,755,754,0.8294,0.0,81473.15101265823,29505.45569620253,0.00210513,0.000210513,0.0006890906160337553,0.0001692866843511455,0.0
INTCUSDT-R-INTCUSDT-nyse_20260618T200000Z-s97,INTCUSDT,R,97,INTCUSDT-nyse_20260618T200000Z,R:INTCUSDT:2026-06:97,2026-06,SEALED_SHORT_OOS,LISTING_AFTER_30_DAYS,READY,4740,4740,0.1142367584012855,0.0020301854797374983,0.11124782860451643,0.013207851415336376,0.070890113076254,0.4792165397170838,755,754,0.8294,0.0,80878.25658227848,29344.59493670886,0.00190894,0.00021210444444444445,0.0006853330548523206,0.00016895772572267522,0.0
INTCUSDT-R-INTCUSDT-nyse_20260626T200000Z-s3,INTCUSDT,R,3,INTCUSDT-nyse_20260626T200000Z,R:INTCUSDT:2026-06:3,2026-06,SEALED_SHORT_OOS,LISTING_AFTER_30_DAYS,READY,3300,3300,0.09032109360188817,0.0018823666463581334,0.11385185185185177,0.013222430666998198,0.06513979773944074,0.4843652282676673,493,492,0.5412,0.0,64043.778181818176,26128.29090909091,0.0017052600000000001,0.00028421,0.0007500334515151515,0.00015260989415805392,0.0
INTCUSDT-R-INTCUSDT-nyse_20260626T200000Z-s10,INTCUSDT,R,10,INTCUSDT-nyse_20260626T200000Z,R:INTCUSDT:2026-06:10,2026-06,SEALED_SHORT_OOS,LISTING_AFTER_30_DAYS,READY,3300,3300,0.06436029231005663,0.0013266673242948344,0.1592351816443594,0.024681227117788047,0.08204699262413521,0.5012763241863434,360,359,0.39490000000000003,0.0,48490.051090909095,16086.036363636364,0.00092364,0.00015394,0.0006408320545454544,0.00011146053850148298,0.0
INTCUSDT-R-INTCUSDT-nyse_20260626T200000Z-s17,INTCUSDT,R,17,INTCUSDT-nyse_20260626T200000Z,R:INTCUSDT:2026-06:17,2026-06,SEALED_SHORT_OOS,LISTING_AFTER_30_DAYS,READY,3300,3300,0.06308421971307379,0.0013039794636665687,0.13189484880717214,0.020890333794701718,0.07680665909950818,0.5014363230130865,354,353,0.38830000000000003,0.0,47119.943090909095,15773.327272727272,0.00129686,0.00018526571428571428,0.0006484135749235474,0.00011004995121543208,0.0
INTCUSDT-R-INTCUSDT-nyse_20260626T200000Z-s31,INTCUSDT,R,31,INTCUSDT-nyse_20260626T200000Z,R:INTCUSDT:2026-06:31,2026-06,SEALED_SHORT_OOS,LISTING_AFTER_30_DAYS,READY,3300,3300,0.06436029231005663,0.0013266673242948344,0.1592351816443594,0.024681227117788047,0.08204699262413521,0.5012763241863434,360,359,0.39490000000000003,0.0,48490.051090909095,16086.036363636364,0.00092364,0.00015394,0.0006408320545454544,0.00011146053850148298,0.0
INTCUSDT-R-INTCUSDT-nyse_20260626T200000Z-s59,INTCUSDT,R,59,INTCUSDT-nyse_20260626T200000Z,R:INTCUSDT:2026-06:59,2026-06,SEALED_SHORT_OOS,LISTING_AFTER_30_DAYS,READY,3300,3300,0.0871443864873315,0.0017426733383330217,0.11969400130609198,0.005324515188880181,0.09153424402936525,0.496510152284264,516,515,0.5665,0.0,59492.17236363636,21512.70909090909,0.0006090199999999999,8.700285714285713e-05,0.0006237611290322581,0.00016135440833090815,0.0
INTCUSDT-R-INTCUSDT-nyse_20260626T200000Z-s97,INTCUSDT,R,97,INTCUSDT-nyse_20260626T200000Z,R:INTCUSDT:2026-06:97,2026-06,SEALED_SHORT_OOS,LISTING_AFTER_30_DAYS,READY,3300,3300,0.08322229691404388,0.0016215071198350574,0.10677373191286367,0.009164420485175172,0.0743350221659277,0.49872773536895676,446,445,0.48950000000000005,0.0,71259.48909090909,20778.49090909091,0.00090215,0.00015035833333333333,0.0006350823969696969,0.00014981541728527039,0.0
INTCUSDT-R-INTCUSDT-nyse_20260702T200000Z-s3,INTCUSDT,R,3,INTCUSDT-nyse_20260702T200000Z,R:INTCUSDT:2026-07:3,2026-07,DESCRIPTIVE_ONLY,LISTING_AFTER_30_DAYS,READY,4740,4740,0.09190701864563887,0.0017221280179738065,0.22033239381864128,0.021743934237857435,0.11538834480752454,0.49171270718232046,723,722,0.7942,0.0,50862.039113924046,22446.177215189873,0.00020081,2.0081e-05,0.0004399541033755274,0.00012829803001302134,0.0
INTCUSDT-R-INTCUSDT-nyse_20260702T200000Z-s10,INTCUSDT,R,10,INTCUSDT-nyse_20260702T200000Z,R:INTCUSDT:2026-07:10,2026-07,DESCRIPTIVE_ONLY,LISTING_AFTER_30_DAYS,READY,4740,4740,0.0951784282734626,0.00177501620829987,0.14445449313491743,0.023519059237630476,0.14190523198420532,0.5012138600750387,703,702,0.7722,0.0,54807.442405063295,21495.13924050633,0.00054692,5.4692e-05,0.0005576622721518987,0.00012845544380049343,0.0
INTCUSDT-R-INTCUSDT-nyse_20260702T200000Z-s17,INTCUSDT,R,17,INTCUSDT-nyse_20260702T200000Z,R:INTCUSDT:2026-07:17,2026-07,DESCRIPTIVE_ONLY,LISTING_AFTER_30_DAYS,READY,4740,4740,0.09190701864563887,0.0017221280179738065,0.22033239381864128,0.021743934237857435,0.11538834480752454,0.49171270718232046,723,722,0.7942,0.0,50862.039113924046,22446.177215189873,0.00020081,2.0081e-05,0.0004399541033755274,0.00012829803001302134,0.0
INTCUSDT-R-INTCUSDT-nyse_20260702T200000Z-s31,INTCUSDT,R,31,INTCUSDT-nyse_20260702T200000Z,R:INTCUSDT:2026-07:31,2026-07,DESCRIPTIVE_ONLY,LISTING_AFTER_30_DAYS,READY,4740,4740,0.09521951293894781,0.0017745471582993437,0.15426482534524785,0.023322741171533046,0.1523647001462701,0.500551754579563,703,702,0.7722,0.0,54756.12430379747,21494.189873417723,0.00054692,5.4692e-05,0.000559749753164557,0.00012860866895876135,0.0
INTCUSDT-R-INTCUSDT-nyse_20260702T200000Z-s59,INTCUSDT,R,59,INTCUSDT-nyse_20260702T200000Z,R:INTCUSDT:2026-07:59,2026-07,DESCRIPTIVE_ONLY,LISTING_AFTER_30_DAYS,READY,4740,4740,0.0951784282734626,0.00177501620829987,0.14445449313491743,0.023519059237630476,0.14190523198420532,0.5012138600750387,703,702,0.7722,0.0,54807.442405063295,21495.13924050633,0.00054692,5.4692e-05,0.0005576622721518987,0.00012845544380049343,0.0
INTCUSDT-R-INTCUSDT-nyse_20260702T200000Z-s97,INTCUSDT,R,97,INTCUSDT-nyse_20260702T200000Z,R:INTCUSDT:2026-07:97,2026-07,DESCRIPTIVE_ONLY,LISTING_AFTER_30_DAYS,READY,4740,4740,0.0922687390286939,0.0017389743270801792,0.2253616856005437,0.021799863613365892,0.11538834480752454,0.49049093321539144,729,728,0.8008000000000001,0.0,51256.40848101266,22546.962025316454,0.0001335,1.4833333333333332e-05,0.00044103697679324894,0.00012760461614770143,0.0
INTCUSDT-R-INTCUSDT-nyse_20260710T200000Z-s3,INTCUSDT,R,3,INTCUSDT-nyse_20260710T200000Z,R:INTCUSDT:2026-07:3,2026-07,DESCRIPTIVE_ONLY,LISTING_AFTER_30_DAYS,READY,3300,3300,0.08431065947315232,0.0019085911226561503,0.14255108767303887,0.020423559842646963,0.1404911008569545,0.495748031496063,522,521,0.5731,0.0,60250.47236363636,23732.78181818182,0.00039174999999999995,6.529166666666666e-05,0.0006004427939393939,0.00013662822730790586,0.0
INTCUSDT-R-INTCUSDT-nyse_20260710T200000Z-s10,INTCUSDT,R,10,INTCUSDT-nyse_20260710T200000Z,R:INTCUSDT:2026-07:10,2026-07,DESCRIPTIVE_ONLY,LISTING_AFTER_30_DAYS,READY,3300,3300,0.0797297712079972,0.001800137565383742,0.213759440044207,0.04427920070993608,0.14575048552668077,0.49380755795490633,534,533,0.5863,0.0,52301.94709090909,23028.945454545454,0.0,0.0,0.00039845859999999996,0.00013475481037407083,0.0
INTCUSDT-R-INTCUSDT-nyse_20260710T200000Z-s17,INTCUSDT,R,17,INTCUSDT-nyse_20260710T200000Z,R:INTCUSDT:2026-07:17,2026-07,DESCRIPTIVE_ONLY,LISTING_AFTER_30_DAYS,READY,3300,3300,0.06781714825995863,0.0014469465075907823,0.10858250841922647,0.02001460920379844,0.10501071537912039,0.4825934206323858,422,421,0.4631,0.0,37448.16381818182,18191.109090909093,0.0001576,2.6266666666666667e-05,0.0003318397666666667,0.00013290410086532302,0.0
INTCUSDT-R-INTCUSDT-nyse_20260710T200000Z-s31,INTCUSDT,R,31,INTCUSDT-nyse_20260710T200000Z,R:INTCUSDT:2026-07:31,2026-07,DESCRIPTIVE_ONLY,LISTING_AFTER_30_DAYS,READY,3300,3300,0.07500247728520779,0.0016492810779568817,0.15725532121683344,0.004683613811815637,0.11538834480752454,0.4866497139224412,458,457,0.5027,0.0,47086.46763636364,22350.072727272727,0.00020081,2.8687142857142858e-05,0.00046114900606060606,0.00011606824142173941,0.0
INTCUSDT-R-INTCUSDT-nyse_20260710T200000Z-s59,INTCUSDT,R,59,INTCUSDT-nyse_20260710T200000Z,R:INTCUSDT:2026-07:59,2026-07,DESCRIPTIVE_ONLY,LISTING_AFTER_30_DAYS,READY,3300,3300,0.06781714825995863,0.0014469465075907823,0.10858250841922647,0.02001460920379844,0.10501071537912039,0.4825934206323858,422,421,0.4631,0.0,37448.16381818182,18191.109090909093,0.0001576,2.6266666666666667e-05,0.0003318397666666667,0.00013290410086532302,0.0
INTCUSDT-R-INTCUSDT-nyse_20260710T200000Z-s97,INTCUSDT,R,97,INTCUSDT-nyse_20260710T200000Z,R:INTCUSDT:2026-07:97,2026-07,DESCRIPTIVE_ONLY,LISTING_AFTER_30_DAYS,READY,3300,3300,0.0680052946628567,0.0014476230651086,0.1224847796924981,0.025362850021990957,0.11755599133037466,0.47965395706504327,422,421,0.4631,0.0,37347.43236363636,18299.927272727273,0.0001576,2.2514285714285715e-05,0.0003423022060606061,0.00013346964649242588,0.0
INTCUSDT-R-INTCUSDT-nyse_20260717T200000Z-s3,INTCUSDT,R,3,INTCUSDT-nyse_20260717T200000Z,R:INTCUSDT:2026-07:3,2026-07,DESCRIPTIVE_ONLY,LISTING_AFTER_30_DAYS,READY,3300,3300,0.06781714825995863,0.0014469465075907823,0.10858250841922647,0.02001460920379844,0.10501071537912039,0.4825934206323858,422,421,0.4631,0.0,37448.16381818182,18191.109090909093,0.0001576,2.6266666666666667e-05,0.0003318397666666667,0.00013290410086532302,0.0
INTCUSDT-R-INTCUSDT-nyse_20260717T200000Z-s10,INTCUSDT,R,10,INTCUSDT-nyse_20260717T200000Z,R:INTCUSDT:2026-07:10,2026-07,DESCRIPTIVE_ONLY,LISTING_AFTER_30_DAYS,READY,3300,3300,0.0680052946628567,0.0014476230651086,0.1224847796924981,0.025362850021990957,0.11755599133037466,0.47965395706504327,422,421,0.4631,0.0,37347.43236363636,18299.927272727273,0.0001576,2.2514285714285715e-05,0.0003423022060606061,0.00013346964649242588,0.0
INTCUSDT-R-INTCUSDT-nyse_20260717T200000Z-s17,INTCUSDT,R,17,INTCUSDT-nyse_20260717T200000Z,R:INTCUSDT:2026-07:17,2026-07,DESCRIPTIVE_ONLY,LISTING_AFTER_30_DAYS,READY,3300,3300,0.07772276942878495,0.001739750746942974,0.11351498144292574,0.0021549815498155133,0.06581954474814886,0.5023786869647955,492,491,0.5401,0.0,46246.98872727273,19799.618181818183,0.0004172,6.953333333333333e-05,0.0005560933878787879,0.00012613741259799905,0.0
INTCUSDT-R-INTCUSDT-nyse_20260717T200000Z-s31,INTCUSDT,R,31,INTCUSDT-nyse_20260717T200000Z,R:INTCUSDT:2026-07:31,2026-07,DESCRIPTIVE_ONLY,LISTING_AFTER_30_DAYS,READY,3300,3300,0.06781714825995863,0.0014469465075907823,0.10858250841922647,0.02001460920379844,0.10501071537912039,0.4825934206323858,422,421,0.4631,0.0,37448.16381818182,18191.109090909093,0.0001576,2.6266666666666667e-05,0.0003318397666666667,0.00013290410086532302,0.0
INTCUSDT-R-INTCUSDT-nyse_20260717T200000Z-s59,INTCUSDT,R,59,INTCUSDT-nyse_20260717T200000Z,R:INTCUSDT:2026-07:59,2026-07,DESCRIPTIVE_ONLY,LISTING_AFTER_30_DAYS,READY,3300,3300,0.0797297712079972,0.001800137565383742,0.213759440044207,0.04427920070993608,0.14575048552668077,0.49380755795490633,534,533,0.5863,0.0,52301.94709090909,23028.945454545454,0.0,0.0,0.00039845859999999996,0.00013475481037407083,0.0
INTCUSDT-R-INTCUSDT-nyse_20260717T200000Z-s97,INTCUSDT,R,97,INTCUSDT-nyse_20260717T200000Z,R:INTCUSDT:2026-07:97,2026-07,DESCRIPTIVE_ONLY,LISTING_AFTER_30_DAYS,READY,3300,3300,0.07838618755725732,0.001743861223611187,0.11456239722272983,0.005779329363100348,0.06581954474814886,0.5023786869647955,496,495,0.5445,0.0,46125.81672727272,19964.98181818182,0.00041829,5.975571428571428e-05,0.0005596619484848485,0.00012600082347679663,0.0
MSTRUSDT-nyse_20260213T210000Z,MSTRUSDT,W,,,NYSE:2026-02-13T21:00:00+00:00:2026-02-17T07:00:00+00:00,2026-02,DESCRIPTIVE_ONLY,LISTING_DAYS_1_14,READY,4740,4740,0.04307327475127189,0.0007046005135329956,0.04619058279232892,0.007473390201555049,0.02924193070772888,0.5815078960774325,281,280,0.308,0.06856540084388185,1710.2462025316456,945.0886075949367,0.01548285,0.001548285,0.0030689110991561183,0.0010140897149307738,0.0
MSTRUSDT-nyse_20260220T210000Z,MSTRUSDT,W,,,NYSE:2026-02-20T21:00:00+00:00:2026-02-23T07:00:00+00:00,2026-02,DESCRIPTIVE_ONLY,LISTING_DAYS_1_14,READY,3300,3300,0.029536044472680885,0.00045432338492914153,0.05219174960115479,0.029906691123694307,0.0394073621506033,0.5657649253731343,138,137,0.1507,0.22303030303030302,450.5318181818182,389.92727272727274,0.00608794,0.0008697057142857143,0.0016538228242424244,0.0006019263398576494,1.0
MSTRUSDT-nyse_20260227T210000Z,MSTRUSDT,W,,,NYSE:2026-02-27T21:00:00+00:00:2026-03-02T07:00:00+00:00,2026-02,DESCRIPTIVE_ONLY,LISTING_DAYS_15_30,READY,3300,3300,0.05818880475669624,0.0011511276914720142,0.07586949830717143,0.0013331462250911995,0.047876031146403576,0.5507246376811594,378,377,0.4147,0.04242424242424243,4588.746727272727,1857.3272727272727,0.02932633,0.004189475714285715,0.005431733536363636,0.0018457135558745195,0.0
MSTRUSDT-nyse_20260306T210000Z,MSTRUSDT,W,,,NYSE:2026-03-06T21:00:00+00:00:2026-03-09T06:00:00+00:00,2026-03,RESEARCH_DEVELOPMENT,LISTING_DAYS_15_30,READY,3240,3240,0.03671487424605575,0.0006338543697930939,0.03764811759412016,0.0034231092165601406,0.03251667041282688,0.5606617647058824,150,149,0.16390000000000002,0.043209876543209874,2929.037592592593,1640.2407407407406,0.0191553,0.0027364714285714286,0.0033944910925925924,0.0008855581467131559,1.0
MSTRUSDT-nyse_20260313T200000Z,MSTRUSDT,W,,,NYSE:2026-03-13T20:00:00+00:00:2026-03-16T06:00:00+00:00,2026-03,RESEARCH_DEVELOPMENT,LISTING_AFTER_30_DAYS,READY,3300,3300,0.029213535059888183,0.0005216375556249122,0.0550332658374314,0.04860378420201162,0.05168295331161771,0.5576086956521739,125,124,0.13640000000000002,0.04727272727272727,2708.132,1586.8181818181818,0.01670636,0.0023866228571428573,0.0028547824636363634,0.0007309658061385979,1.0
MSTRUSDT-nyse_20260320T200000Z,MSTRUSDT,W,,,NYSE:2026-03-20T20:00:00+00:00:2026-03-23T06:00:00+00:00,2026-03,RESEARCH_DEVELOPMENT,LISTING_AFTER_30_DAYS,READY,3300,3300,0.036868129451654456,0.0005874916586952076,0.04891582098269686,0.026445032111824703,0.04577644739724035,0.5306341812970261,176,175,0.1925,0.05303030303030303,5238.566545454545,2370.7454545454543,0.02868213,0.0040974471428571425,0.004811496281818182,0.0008420599495279706,1.0
MSTRUSDT-nyse_20260327T200000Z,MSTRUSDT,W,,,NYSE:2026-03-27T20:00:00+00:00:2026-03-30T06:00:00+00:00,2026-03,RESEARCH_DEVELOPMENT,LISTING_AFTER_30_DAYS,READY,3300,3300,0.02829462386250124,0.0004241084296223127,0.05204608661104499,0.023599088838268886,0.02073732718894009,0.5428140324405885,101,100,0.11,0.04393939393939394,2945.9374545454543,1423.5636363636363,0.00646076,0.0009229657142857143,0.0015998865575757575,0.0005197749614509942,1.0
MSTRUSDT-nyse_20260402T200000Z,MSTRUSDT,W,,,NYSE:2026-04-02T20:00:00+00:00:2026-04-06T06:00:00+00:00,2026-04,RESEARCH_DEVELOPMENT,LISTING_AFTER_30_DAYS,READY,4740,4740,0.022326079765827313,0.0002783139847357979,0.04271084838897685,0.03448971359419114,0.04032325252020331,0.5646446078431373,80,79,0.0869,0.12341772151898735,2700.653164556962,1100.860759493671,0.01209757,0.001209757,0.0015975260105485231,0.0004181399619639782,1.0
MSTRUSDT-nyse_20260410T200000Z,MSTRUSDT,W,,,NYSE:2026-04-10T20:00:00+00:00:2026-04-13T06:00:00+00:00,2026-04,RESEARCH_DEVELOPMENT,LISTING_AFTER_30_DAYS,READY,3300,3300,0.025328746258492324,0.0003378140381628017,0.03876330303736499,0.044853635505193515,0.034014133726799796,0.5331983805668016,84,83,0.0913,0.061515151515151516,4155.945090909091,2024.709090909091,0.025043529999999998,0.0035776471428571426,0.004029645687878788,0.0005829990648301377,1.0
MSTRUSDT-nyse_20260417T200000Z,MSTRUSDT,W,,,NYSE:2026-04-17T20:00:00+00:00:2026-04-20T06:00:00+00:00,2026-04,RESEARCH_DEVELOPMENT,LISTING_AFTER_30_DAYS,READY,3300,3300,0.05126759438926379,0.0005129041418151748,0.07566952249715413,0.05338845946431766,0.062353858144972754,0.5165678409487269,119,118,0.1298,0.008484848484848486,5171.355272727273,2943.2,0.03323166,0.004747380000000001,0.005649811048484848,0.0007975964097993113,1.0
MSTRUSDT-nyse_20260424T200000Z,MSTRUSDT,W,,,NYSE:2026-04-24T20:00:00+00:00:2026-04-27T06:00:00+00:00,2026-04,RESEARCH_DEVELOPMENT,LISTING_AFTER_30_DAYS,READY,3300,3300,0.023540094337805826,0.00031959695699439124,0.04731510218422447,0.01584988158134438,0.03882414944076826,0.5280769230769231,70,69,0.07590000000000001,0.00909090909090909,2732.0412727272724,1709.3454545454545,0.00905336,0.0012933371428571429,0.0016619834636363636,0.000545140948847011,1.0
MSTRUSDT-nyse_20260501T200000Z,MSTRUSDT,W,,,NYSE:2026-05-01T20:00:00+00:00:2026-05-04T06:00:00+00:00,2026-05,RESEARCH_DEVELOPMENT,LISTING_AFTER_30_DAYS,READY,3300,3300,0.023800742577399205,0.00035026152184054537,0.0619117813811089,0.06207573403124261,0.05589252309959761,0.5557677616501145,82,81,0.0891,0.008181818181818182,2010.868909090909,1767.6909090909091,0.008993890000000001,0.0012848414285714287,0.001955208244897959,0.00042565513718029305,1.0
MSTRUSDT-nyse_20260508T200000Z,MSTRUSDT,W,,,NYSE:2026-05-08T20:00:00+00:00:2026-05-11T06:00:00+00:00,2026-05,RESEARCH_DEVELOPMENT,LISTING_AFTER_30_DAYS,READY,3300,3300,0.029193759253756113,0.0004104392999487432,0.040460282108388985,0.0031732599957688913,0.03374900504112504,0.5227513227513227,86,85,0.0935,0.0033333333333333335,3292.480181818182,2376.672727272727,0.01727364,0.002467662857142857,0.002740344112121212,0.0006011355193294967,1.0
MSTRUSDT-nyse_20260515T200000Z,MSTRUSDT,W,,,NYSE:2026-05-15T20:00:00+00:00:2026-05-18T06:00:00+00:00,2026-05,RESEARCH_DEVELOPMENT,LISTING_AFTER_30_DAYS,READY,3300,3300,0.03093844496899457,0.0005075259644500176,0.047171414009853405,0.035361325335618324,0.042524161455372474,0.5256930358350237,119,118,0.1298,0.006060606060606061,2430.4876363636363,2268.5272727272727,0.00126867,0.00018123857142857141,0.000867111303030303,6.381182817227964e-05,1.0
MSTRUSDT-nyse_20260522T200000Z,MSTRUSDT,W,,,NYSE:2026-05-22T20:00:00+00:00:2026-05-26T06:00:00+00:00,2026-05,RESEARCH_DEVELOPMENT,LISTING_AFTER_30_DAYS,READY,4740,4740,0.036406619830229206,0.0005412441056203775,0.07561389185454997,0.0137391507414471,0.045151971866365215,0.5043798985707699,214,213,0.2343,0.0008438818565400844,3253.859240506329,2853.784810126582,0.00284431,0.00028443100000000003,0.0011625307542735043,7.082793951399434e-05,0.0
MSTRUSDT-nyse_20260529T200000Z,MSTRUSDT,W,,,NYSE:2026-05-29T20:00:00+00:00:2026-06-01T06:00:00+00:00,2026-05,RESEARCH_DEVELOPMENT,LISTING_AFTER_30_DAYS,READY,3300,3300,0.022351156598418413,0.00039788295929878327,0.020603616659315798,0.003315076390890595,0.015301303444367526,0.5087538619979403,116,115,0.1265,0.010303030303030303,1418.4501818181818,1473.4727272727273,0.00021676,3.096571428571429e-05,0.000683649909090909,5.097817442536628e-05,0.0
MSTRUSDT-nyse_20260605T200000Z,MSTRUSDT,W,,,NYSE:2026-06-05T20:00:00+00:00:2026-06-08T06:00:00+00:00,2026-06,SEALED_SHORT_OOS,LISTING_AFTER_30_DAYS,READY,3300,3300,0.06073775492614634,0.0013108005703141557,0.10285996868045817,0.0018960940462646857,0.05353602115003296,0.4864086984330029,394,393,0.4323,0.0,10233.844727272726,7278.418181818181,0.00354386,0.0005062657142857142,0.0023945753363636365,0.00016511794037521734,0.0
MSTRUSDT-nyse_20260612T200000Z,MSTRUSDT,W,,,NYSE:2026-06-12T20:00:00+00:00:2026-06-15T06:00:00+00:00,2026-06,SEALED_SHORT_OOS,LISTING_AFTER_30_DAYS,READY,3300,3300,0.04074854983029977,0.0007464103301129469,0.0713997904746556,0.04098316279573389,0.06176115802171297,0.5036740146960588,234,233,0.25630000000000003,0.007272727272727273,7812.584545454546,3770.890909090909,0.00408033,0.0005829042857142858,0.0013323913636363635,9.225691098375404e-05,1.0
MSTRUSDT-nyse_20260618T200000Z,MSTRUSDT,W,,,NYSE:2026-06-18T20:00:00+00:00:2026-06-22T06:00:00+00:00,2026-06,SEALED_SHORT_OOS,LISTING_AFTER_30_DAYS,READY,4740,4740,0.04944069961737816,0.0007959542547637853,0.06977575270258199,0.007478632478632437,0.05789239662072024,0.4914510166358595,375,374,0.41140000000000004,0.0016877637130801688,13541.533037974685,4551.848101265823,0.0033793,0.00033793,0.0015527597679324894,0.00010014782770033555,0.0
MSTRUSDT-nyse_20260626T200000Z,MSTRUSDT,W,,,NYSE:2026-06-26T20:00:00+00:00:2026-06-29T06:00:00+00:00,2026-06,SEALED_SHORT_OOS,LISTING_AFTER_30_DAYS,READY,3300,3300,0.05541303170543627,0.001079790669315676,0.06860254083484559,0.005161838829173462,0.03383685800604226,0.49916749916749914,322,321,0.3531,0.0,27713.02872727273,7112.963636363636,0.0017343,0.00024775714285714287,0.0016524984727891159,0.00012130602089135021,1.0
MSTRUSDT-nyse_20260702T200000Z,MSTRUSDT,W,,,NYSE:2026-07-02T20:00:00+00:00:2026-07-06T06:00:00+00:00,2026-07,DESCRIPTIVE_ONLY,LISTING_AFTER_30_DAYS,READY,4740,4740,0.0634176295630542,0.001140464713641274,0.08595450049455983,0.012212529738302964,0.08434093161546076,0.5118940754039497,505,504,0.5544,0.0,23733.155189873418,10254.54430379747,0.00248561,0.000248561,0.0018166993902953587,0.0001327947560175529,0.0
MSTRUSDT-nyse_20260710T200000Z,MSTRUSDT,W,,,NYSE:2026-07-10T20:00:00+00:00:2026-07-13T06:00:00+00:00,2026-07,DESCRIPTIVE_ONLY,LISTING_AFTER_30_DAYS,READY,3300,3300,0.0359363060881936,0.000684551394775887,0.04636181222938009,0.010094830223309858,0.02509225092250918,0.5108061749571183,214,213,0.2343,0.0033333333333333335,10127.766,5138.8,0.00161022,0.0002300314285714286,0.0009834006757575757,7.985554088989518e-05,0.0
MSTRUSDT-nyse_20260717T200000Z,MSTRUSDT,W,,,NYSE:2026-07-17T20:00:00+00:00:2026-07-20T06:00:00+00:00,2026-07,DESCRIPTIVE_ONLY,LISTING_AFTER_30_DAYS,READY,3300,3300,0.030492916060561166,0.0004913785136813426,0.031871252761123396,0.0020691082143595063,0.018452129902994517,0.5236811705814401,151,150,0.165,0.041212121212121214,8846.987636363636,4591.909090909091,0.00080047,0.00011435285714285713,0.0007377892848484848,6.370635341059681e-05,1.0
MSTRUSDT-O-20260723T200000Z,MSTRUSDT,O,,,NYSE:2026-07-23T20:00:00+00:00:2026-07-24T06:00:00+00:00,2026-07,DESCRIPTIVE_ONLY,LISTING_AFTER_30_DAYS,READY,60,60,0.0038134504704330904,0.0005710980101978224,0.00423683931786893,0.1485148514851474,0.0030730104906220856,0.5510204081632653,5,4,0.0044,0.0,10723.74,5240.0,0,0.0,0.00035366416666666664,9.40403601872169e-05,0.0
MSTRUSDT-R-MSTRUSDT-nyse_20260213T210000Z-s3,MSTRUSDT,R,3,MSTRUSDT-nyse_20260213T210000Z,R:MSTRUSDT:2026-02:3,2026-02,DESCRIPTIVE_ONLY,LISTING_DAYS_1_14,READY,4740,4740,0.10041320535247315,0.0017343548802832463,0.13356740545680632,0.021927912824811453,0.12011051330522028,0.5350146363431659,774,773,0.8503000000000001,0.0229957805907173,6393.95088607595,3060.1645569620255,0.0025511,0.00028345555555555555,0.0008626086350210971,0.0004767941784248278,0.0
MSTRUSDT-R-MSTRUSDT-nyse_20260213T210000Z-s10,MSTRUSDT,R,10,MSTRUSDT-nyse_20260213T210000Z,R:MSTRUSDT:2026-02:10,2026-02,DESCRIPTIVE_ONLY,LISTING_DAYS_1_14,READY,4740,4740,0.10041320535247315,0.0017343548802832463,0.13356740545680632,0.021927912824811453,0.12011051330522028,0.5350146363431659,774,773,0.8503000000000001,0.0229957805907173,6393.95088607595,3060.1645569620255,0.0025511,0.00028345555555555555,0.0008626086350210971,0.0004767941784248278,0.0
MSTRUSDT-R-MSTRUSDT-nyse_20260213T210000Z-s17,MSTRUSDT,R,17,MSTRUSDT-nyse_20260213T210000Z,R:MSTRUSDT:2026-02:17,2026-02,DESCRIPTIVE_ONLY,LISTING_DAYS_1_14,READY,4740,4740,0.10033376972560928,0.0017329593337351852,0.13267456223207144,0.022847454212761707,0.12011051330522028,0.5341293084027934,774,773,0.8503000000000001,0.023206751054852322,6383.856202531646,3050.493670886076,0.00307051,0.00030705099999999997,0.0008615652784810127,0.0004771242985907722,0.0
MSTRUSDT-R-MSTRUSDT-nyse_20260213T210000Z-s31,MSTRUSDT,R,31,MSTRUSDT-nyse_20260213T210000Z,R:MSTRUSDT:2026-02:31,2026-02,DESCRIPTIVE_ONLY,LISTING_DAYS_1_14,READY,4740,4740,0.10041320535247315,0.0017343548802832463,0.13356740545680632,0.021927912824811453,0.12011051330522028,0.5350146363431659,774,773,0.8503000000000001,0.0229957805907173,6393.95088607595,3060.1645569620255,0.0025511,0.00028345555555555555,0.0008626086350210971,0.0004767941784248278,0.0
MSTRUSDT-R-MSTRUSDT-nyse_20260213T210000Z-s59,MSTRUSDT,R,59,MSTRUSDT-nyse_20260213T210000Z,R:MSTRUSDT:2026-02:59,2026-02,DESCRIPTIVE_ONLY,LISTING_DAYS_1_14,READY,4740,4740,0.10033376972560928,0.0017329593337351852,0.13267456223207144,0.022847454212761707,0.12011051330522028,0.5341293084027934,774,773,0.8503000000000001,0.023206751054852322,6383.856202531646,3050.493670886076,0.00307051,0.00030705099999999997,0.0008615652784810127,0.0004771242985907722,0.0
MSTRUSDT-R-MSTRUSDT-nyse_20260213T210000Z-s97,MSTRUSDT,R,97,MSTRUSDT-nyse_20260213T210000Z,R:MSTRUSDT:2026-02:97,2026-02,DESCRIPTIVE_ONLY,LISTING_DAYS_1_14,READY,4740,4740,0.10041159306399555,0.0017364116201598508,0.1330322016610811,0.023785594639866008,0.12011051330522028,0.5338126263760953,773,772,0.8492000000000001,0.021729957805907172,6423.692151898734,3080.8734177215188,0.00389782,0.00038978200000000003,0.0008581708037974683,0.0004761072201392889,0.0
MSTRUSDT-R-MSTRUSDT-nyse_20260220T210000Z-s3,MSTRUSDT,R,3,MSTRUSDT-nyse_20260220T210000Z,R:MSTRUSDT:2026-02:3,2026-02,DESCRIPTIVE_ONLY,LISTING_DAYS_1_14,READY,3300,3300,0.0614465076125549,0.0010261450318811748,0.0789453155472346,0.0109628561125135,0.045961763558330086,0.5551523947750363,326,325,0.35750000000000004,0.11272727272727273,1977.1301818181819,1109.3090909090909,0.0,0.0,0.00036264658787878786,0.00021384109895772376,0.0
MSTRUSDT-R-MSTRUSDT-nyse_20260220T210000Z-s10,MSTRUSDT,R,10,MSTRUSDT-nyse_20260220T210000Z,R:MSTRUSDT:2026-02:10,2026-02,DESCRIPTIVE_ONLY,LISTING_DAYS_1_14,READY,3300,3300,0.06133607356495732,0.0010201673386661522,0.07924823805794835,0.011842248216419802,0.045346062052505985,0.556081573197378,323,322,0.3542,0.11515151515151516,1967.1212727272728,1100.4545454545455,0.0,0.0,0.00037246414545454547,0.00021324641256038884,0.0
MSTRUSDT-R-MSTRUSDT-nyse_20260220T210000Z-s17,MSTRUSDT,R,17,MSTRUSDT-nyse_20260220T210000Z,R:MSTRUSDT:2026-02:17,2026-02,DESCRIPTIVE_ONLY,LISTING_DAYS_1_14,READY,3300,3300,0.0614465076125549,0.0010261450318811748,0.0789453155472346,0.0109628561125135,0.045961763558330086,0.5551523947750363,326,325,0.35750000000000004,0.11272727272727273,1977.1301818181819,1109.3090909090909,0.0,0.0,0.00036264658787878786,0.00021384109895772376,0.0
MSTRUSDT-R-MSTRUSDT-nyse_20260220T210000Z-s31,MSTRUSDT,R,31,MSTRUSDT-nyse_20260220T210000Z,R:MSTRUSDT:2026-02:31,2026-02,DESCRIPTIVE_ONLY,LISTING_DAYS_1_14,READY,3300,3300,0.06141792946385914,0.0010250829508637105,0.07885919114782206,0.009172986637775347,0.045961763558330086,0.5551523947750363,325,324,0.3564,0.11242424242424243,1971.0441818181816,1108.5454545454545,0.0,0.0,0.00035998528787878787,0.000213842004292219,0.0
MSTRUSDT-R-MSTRUSDT-nyse_20260220T210000Z-s59,MSTRUSDT,R,59,MSTRUSDT-nyse_20260220T210000Z,R:MSTRUSDT:2026-02:59,2026-02,DESCRIPTIVE_ONLY,LISTING_DAYS_1_14,READY,3300,3300,0.06133607356495732,0.0010201673386661522,0.07924823805794835,0.011842248216419802,0.045346062052505985,0.556081573197378,323,322,0.3542,0.11515151515151516,1967.1212727272728,1100.4545454545455,0.0,0.0,0.00037246414545454547,0.00021324641256038884,0.0
MSTRUSDT-R-MSTRUSDT-nyse_20260220T210000Z-s97,MSTRUSDT,R,97,MSTRUSDT-nyse_20260220T210000Z,R:MSTRUSDT:2026-02:97,2026-02,DESCRIPTIVE_ONLY,LISTING_DAYS_1_14,READY,3300,3300,0.06133607356495732,0.0010201673386661522,0.07924823805794835,0.011842248216419802,0.045346062052505985,0.556081573197378,323,322,0.3542,0.11515151515151516,1967.1212727272728,1100.4545454545455,0.0,0.0,0.00037246414545454547,0.00021324641256038884,0.0
MSTRUSDT-R-MSTRUSDT-nyse_20260227T210000Z-s3,MSTRUSDT,R,3,MSTRUSDT-nyse_20260227T210000Z,R:MSTRUSDT:2026-02:3,2026-02,DESCRIPTIVE_ONLY,LISTING_DAYS_15_30,READY,3300,3300,0.06615978604616625,0.0012824384267828253,0.1110932475884245,0.031317964332318454,0.10697076774815296,0.518913676042677,373,372,0.4092,0.013636363636363636,4587.303272727273,2492.509090909091,0.00099059,0.00014151285714285715,0.0007608831969696969,0.00018556240573572863,0.0
MSTRUSDT-R-MSTRUSDT-nyse_20260227T210000Z-s10,MSTRUSDT,R,10,MSTRUSDT-nyse_20260227T210000Z,R:MSTRUSDT:2026-02:10,2026-02,DESCRIPTIVE_ONLY,LISTING_DAYS_15_30,READY,3300,3300,0.06473467021692343,0.001263210587138034,0.09486720149544363,0.022031437409254614,0.07712745174650312,0.5203619909502263,369,368,0.40480000000000005,0.012727272727272728,4562.549818181818,2480.7818181818184,0.00082336,0.00011762285714285715,0.0007342585060606061,0.00018328813987566927,0.0
MSTRUSDT-R-MSTRUSDT-nyse_20260227T210000Z-s17,MSTRUSDT,R,17,MSTRUSDT-nyse_20260227T210000Z,R:MSTRUSDT:2026-02:17,2026-02,DESCRIPTIVE_ONLY,LISTING_DAYS_15_30,READY,3300,3300,0.06615978604616625,0.0012824384267828253,0.1110932475884245,0.031317964332318454,0.10697076774815296,0.518913676042677,373,372,0.4092,0.013636363636363636,4587.303272727273,2492.509090909091,0.00099059,0.00014151285714285715,0.0007608831969696969,0.00018556240573572863,0.0
MSTRUSDT-R-MSTRUSDT-nyse_20260227T210000Z-s31,MSTRUSDT,R,31,MSTRUSDT-nyse_20260227T210000Z,R:MSTRUSDT:2026-02:31,2026-02,DESCRIPTIVE_ONLY,LISTING_DAYS_15_30,READY,3300,3300,0.06609489463632501,0.0012824122033419161,0.10966497951313574,0.03172036322925745,0.10697076774815296,0.5185903653410928,373,372,0.4092,0.013030303030303031,4595.483454545454,2496.2909090909093,0.00082336,0.00013722666666666667,0.0007609835303030303,0.0001847531787269794,0.0
MSTRUSDT-R-MSTRUSDT-nyse_20260227T210000Z-s59,MSTRUSDT,R,59,MSTRUSDT-nyse_20260227T210000Z,R:MSTRUSDT:2026-02:59,2026-02,DESCRIPTIVE_ONLY,LISTING_DAYS_15_30,READY,3300,3300,0.06473467021692343,0.001263210587138034,0.09486720149544363,0.022031437409254614,0.07712745174650312,0.5203619909502263,369,368,0.40480000000000005,0.012727272727272728,4562.549818181818,2480.7818181818184,0.00082336,0.00011762285714285715,0.0007342585060606061,0.00018328813987566927,0.0
MSTRUSDT-R-MSTRUSDT-nyse_20260227T210000Z-s97,MSTRUSDT,R,97,MSTRUSDT-nyse_20260227T210000Z,R:MSTRUSDT:2026-02:97,2026-02,DESCRIPTIVE_ONLY,LISTING_DAYS_15_30,READY,3300,3300,0.06871541867865356,0.0012905819061481034,0.15566454932861634,0.03242975615794042,0.09579457826536288,0.5262123197903015,393,392,0.4312,0.03515151515151515,3725.746,1974.3636363636363,0.00086153,0.00014358833333333334,0.0006831888939393939,0.0001845298081036598,0.0
MSTRUSDT-R-MSTRUSDT-nyse_20260306T210000Z-s3,MSTRUSDT,R,3,MSTRUSDT-nyse_20260306T210000Z,R:MSTRUSDT:2026-03:3,2026-03,RESEARCH_DEVELOPMENT,LISTING_DAYS_15_30,READY,3240,3240,0.06225632751932172,0.0012378564450025967,0.05608686273099886,0.0068757130083556455,0.030658510255487728,0.5094833224329627,381,380,0.41800000000000004,0.002777777777777778,6300.865555555555,4286.074074074074,0.00160341,0.000267235,0.0011642668302469135,0.00016783417712566828,0.0
MSTRUSDT-R-MSTRUSDT-nyse_20260306T210000Z-s10,MSTRUSDT,R,10,MSTRUSDT-nyse_20260306T210000Z,R:MSTRUSDT:2026-03:10,2026-03,RESEARCH_DEVELOPMENT,LISTING_DAYS_15_30,READY,3240,3240,0.07094367912292428,0.001464238951472652,0.13839218632607075,0.016703162397514924,0.1222313987536602,0.49214995193848127,432,431,0.4741,0.0006172839506172839,9200.36574074074,4730.925925925926,0.00087351,0.000145585,0.0006691506111111111,0.000231149651292228,0.0
MSTRUSDT-R-MSTRUSDT-nyse_20260306T210000Z-s17,MSTRUSDT,R,17,MSTRUSDT-nyse_20260306T210000Z,R:MSTRUSDT:2026-03:17,2026-03,RESEARCH_DEVELOPMENT,LISTING_DAYS_15_30,READY,3240,3240,0.05852409614441942,0.0011183105406423546,0.06568451311534326,0.0008995502248875883,0.03455754771544246,0.5040836327997387,364,363,0.39930000000000004,0.004012345679012346,6040.627037037037,3526.6666666666665,0.00117596,0.00019599333333333334,0.0009305358302469136,0.00014749663305375368,0.0
MSTRUSDT-R-MSTRUSDT-nyse_20260306T210000Z-s31,MSTRUSDT,R,31,MSTRUSDT-nyse_20260306T210000Z,R:MSTRUSDT:2026-03:31,2026-03,RESEARCH_DEVELOPMENT,LISTING_DAYS_15_30,READY,3240,3240,0.06254722825403392,0.0012482127619279305,0.056317689530686,0.0062343377544159554,0.03430593673263036,0.5091443500979752,385,384,0.4224,0.0024691358024691358,6327.90111111111,4312.407407407408,0.00160341,0.000267235,0.0011638125709876543,0.00016823801773973394,0.0
MSTRUSDT-R-MSTRUSDT-nyse_20260306T210000Z-s59,MSTRUSDT,R,59,MSTRUSDT-nyse_20260306T210000Z,R:MSTRUSDT:2026-03:59,2026-03,RESEARCH_DEVELOPMENT,LISTING_DAYS_15_30,READY,3240,3240,0.0739264249265694,0.0015837409506745915,0.15641156338746098,0.021050521251002416,0.08895526737578324,0.4976,439,438,0.4818,0.0012345679012345679,9432.101851851852,4441.055555555556,0.00111627,0.00015946714285714286,0.0007591661018518517,0.00021193824489297702,0.0
MSTRUSDT-R-MSTRUSDT-nyse_20260306T210000Z-s97,MSTRUSDT,R,97,MSTRUSDT-nyse_20260306T210000Z,R:MSTRUSDT:2026-03:97,2026-03,RESEARCH_DEVELOPMENT,LISTING_DAYS_15_30,READY,3240,3240,0.05852409614441942,0.0011183105406423546,0.06568451311534326,0.0008995502248875883,0.03455754771544246,0.5040836327997387,364,363,0.39930000000000004,0.004012345679012346,6040.627037037037,3526.6666666666665,0.00117596,0.00019599333333333334,0.0009305358302469136,0.00014749663305375368,0.0
MSTRUSDT-R-MSTRUSDT-nyse_20260313T200000Z-s3,MSTRUSDT,R,3,MSTRUSDT-nyse_20260313T200000Z,R:MSTRUSDT:2026-03:3,2026-03,RESEARCH_DEVELOPMENT,LISTING_AFTER_30_DAYS,READY,3300,3300,0.0606169059288032,0.0011645421554295264,0.12137450599504324,0.03276864102881164,0.10552730192719494,0.5168647606810151,358,357,0.39270000000000005,0.005454545454545455,11135.653272727273,5802.545454545455,2.192e-05,3.6533333333333332e-06,0.0005292627121212121,0.00016336607523129634,0.0
MSTRUSDT-R-MSTRUSDT-nyse_20260313T200000Z-s10,MSTRUSDT,R,10,MSTRUSDT-nyse_20260313T200000Z,R:MSTRUSDT:2026-03:10,2026-03,RESEARCH_DEVELOPMENT,LISTING_AFTER_30_DAYS,READY,3300,3300,0.05861163770193022,0.0011141630888134696,0.06832343138675559,0.001609203273187929,0.04447194118931519,0.5113784135240572,334,333,0.3663,0.011212121212121211,12515.939636363637,5722.745454545455,0.00027617,3.945285714285715e-05,0.0006529794333333333,0.00015999845841747134,0.0
MSTRUSDT-R-MSTRUSDT-nyse_20260313T200000Z-s17,MSTRUSDT,R,17,MSTRUSDT-nyse_20260313T200000Z,R:MSTRUSDT:2026-03:17,2026-03,RESEARCH_DEVELOPMENT,LISTING_AFTER_30_DAYS,READY,3300,3300,0.05840958244766536,0.0011088300449099329,0.06844741235392325,0.0006554662434884516,0.04447194118931519,0.5100780234070221,330,329,0.3619,0.011515151515151515,12474.976181818181,5706.781818181818,0.00027617,3.945285714285715e-05,0.0006579443242424242,0.00015888296992335664,0.0
MSTRUSDT-R-MSTRUSDT-nyse_20260313T200000Z-s31,MSTRUSDT,R,31,MSTRUSDT-nyse_20260313T200000Z,R:MSTRUSDT:2026-03:31,2026-03,RESEARCH_DEVELOPMENT,LISTING_AFTER_30_DAYS,READY,3300,3300,0.0510781571411448,0.0009844863009479455,0.07902163687676399,0.013030943686334747,0.03842535639337146,0.49885807504078306,313,312,0.3432,0.011818181818181818,11692.671636363635,5023.272727272727,0.00072399,0.00010342714285714286,0.0007227826242424242,0.00013599444004945828,0.0
MSTRUSDT-R-MSTRUSDT-nyse_20260313T200000Z-s59,MSTRUSDT,R,59,MSTRUSDT-nyse_20260313T200000Z,R:MSTRUSDT:2026-03:59,2026-03,RESEARCH_DEVELOPMENT,LISTING_AFTER_30_DAYS,READY,3300,3300,0.0510781571411448,0.0009844863009479455,0.07902163687676399,0.013030943686334747,0.03842535639337146,0.49885807504078306,313,312,0.3432,0.011818181818181818,11692.671636363635,5023.272727272727,0.00072399,0.00010342714285714286,0.0007227826242424242,0.00013599444004945828,0.0
MSTRUSDT-R-MSTRUSDT-nyse_20260313T200000Z-s97,MSTRUSDT,R,97,MSTRUSDT-nyse_20260313T200000Z,R:MSTRUSDT:2026-03:97,2026-03,RESEARCH_DEVELOPMENT,LISTING_AFTER_30_DAYS,READY,3300,3300,0.05861163770193022,0.0011141630888134696,0.06832343138675559,0.001609203273187929,0.04447194118931519,0.5113784135240572,334,333,0.3663,0.011212121212121211,12515.939636363637,5722.745454545455,0.00027617,3.945285714285715e-05,0.0006529794333333333,0.00015999845841747134,0.0
MSTRUSDT-R-MSTRUSDT-nyse_20260320T200000Z-s3,MSTRUSDT,R,3,MSTRUSDT-nyse_20260320T200000Z,R:MSTRUSDT:2026-03:3,2026-03,RESEARCH_DEVELOPMENT,LISTING_AFTER_30_DAYS,READY,3300,3300,0.050921945506513924,0.0009803803906697221,0.07882200086617595,0.014538705436547792,0.04383186987188717,0.49608865710560623,309,308,0.33880000000000005,0.011818181818181818,11653.677818181819,5006.163636363636,0.00058136,9.689333333333333e-05,0.0007264105757575758,0.00013582429791577562,0.0
MSTRUSDT-R-MSTRUSDT-nyse_20260320T200000Z-s10,MSTRUSDT,R,10,MSTRUSDT-nyse_20260320T200000Z,R:MSTRUSDT:2026-03:10,2026-03,RESEARCH_DEVELOPMENT,LISTING_AFTER_30_DAYS,READY,3300,3300,0.060994159538350926,0.0012031478736673365,0.0889198492050482,0.008690008293368868,0.055391432791728326,0.5038363171355499,326,325,0.35750000000000004,0.0021212121212121214,12694.632363636365,6598.163636363636,0.00088766,0.00012680857142857144,0.0007488336484848485,0.00013978245903673427,0.0
MSTRUSDT-R-MSTRUSDT-nyse_20260320T200000Z-s17,MSTRUSDT,R,17,MSTRUSDT-nyse_20260320T200000Z,R:MSTRUSDT:2026-03:17,2026-03,RESEARCH_DEVELOPMENT,LISTING_AFTER_30_DAYS,READY,3300,3300,0.060994159538350926,0.0012031478736673365,0.0889198492050482,0.008690008293368868,0.055391432791728326,0.5038363171355499,326,325,0.35750000000000004,0.0021212121212121214,12694.632363636365,6598.163636363636,0.00088766,0.00012680857142857144,0.0007488336484848485,0.00013978245903673427,0.0
MSTRUSDT-R-MSTRUSDT-nyse_20260320T200000Z-s31,MSTRUSDT,R,31,MSTRUSDT-nyse_20260320T200000Z,R:MSTRUSDT:2026-03:31,2026-03,RESEARCH_DEVELOPMENT,LISTING_AFTER_30_DAYS,READY,3300,3300,0.05538439343516868,0.0011166504272523976,0.08796825610330226,0.027943799480552037,0.05937584436638741,0.5209064794127035,345,344,0.3784,0.005151515151515152,8380.27890909091,4703.818181818182,6.228e-05,8.897142857142856e-06,0.0005230948636363636,0.00015161909025903462,0.0
MSTRUSDT-R-MSTRUSDT-nyse_20260320T200000Z-s59,MSTRUSDT,R,59,MSTRUSDT-nyse_20260320T200000Z,R:MSTRUSDT:2026-03:59,2026-03,RESEARCH_DEVELOPMENT,LISTING_AFTER_30_DAYS,READY,3300,3300,0.05524824110957029,0.0011156186499608183,0.10185308625516598,0.038592757206798375,0.08612982854093,0.5201149425287356,350,349,0.3839,0.005454545454545455,8471.590545454545,4700.545454545455,6.228e-05,1.0379999999999999e-05,0.0005212349090909091,0.0001525033019347937,0.0
MSTRUSDT-R-MSTRUSDT-nyse_20260320T200000Z-s97,MSTRUSDT,R,97,MSTRUSDT-nyse_20260320T200000Z,R:MSTRUSDT:2026-03:97,2026-03,RESEARCH_DEVELOPMENT,LISTING_AFTER_30_DAYS,READY,3300,3300,0.060994159538350926,0.0012031478736673365,0.0889198492050482,0.008690008293368868,0.055391432791728326,0.5038363171355499,326,325,0.35750000000000004,0.0021212121212121214,12694.632363636365,6598.163636363636,0.00088766,0.00012680857142857144,0.0007488336484848485,0.00013978245903673427,0.0
MSTRUSDT-R-MSTRUSDT-nyse_20260327T200000Z-s3,MSTRUSDT,R,3,MSTRUSDT-nyse_20260327T200000Z,R:MSTRUSDT:2026-03:3,2026-03,RESEARCH_DEVELOPMENT,LISTING_AFTER_30_DAYS,READY,3300,3300,0.061056378999016225,0.00120502516110478,0.08913168487636557,0.006300630063006279,0.055391432791728326,0.5014390789894467,329,328,0.3608,0.0021212121212121214,12720.627818181818,6605.818181818182,0.00088766,0.00012680857142857144,0.0007452648363636364,0.00014033879747619424,0.0
MSTRUSDT-R-MSTRUSDT-nyse_20260327T200000Z-s10,MSTRUSDT,R,10,MSTRUSDT-nyse_20260327T200000Z,R:MSTRUSDT:2026-03:10,2026-03,RESEARCH_DEVELOPMENT,LISTING_AFTER_30_DAYS,READY,3300,3300,0.06061323752376448,0.0011670909125839903,0.1206793206793207,0.0348826450359313,0.10821268930549069,0.5195638229634381,357,356,0.3916,0.005151515151515152,11161.974909090908,5825.836363636364,2.192e-05,3.1314285714285713e-06,0.0005308609575757576,0.0001632395537613696,0.0
MSTRUSDT-R-MSTRUSDT-nyse_20260327T200000Z-s17,MSTRUSDT,R,17,MSTRUSDT-nyse_20260327T200000Z,R:MSTRUSDT:2026-03:17,2026-03,RESEARCH_DEVELOPMENT,LISTING_AFTER_30_DAYS,READY,3300,3300,0.0606169059288032,0.0011645421554295264,0.12137450599504324,0.03276864102881164,0.10552730192719494,0.5168647606810151,358,357,0.39270000000000005,0.005454545454545455,11135.653272727273,5802.545454545455,2.192e-05,3.6533333333333332e-06,0.0005292627121212121,0.00016336607523129634,0.0
MSTRUSDT-R-MSTRUSDT-nyse_20260327T200000Z-s31,MSTRUSDT,R,31,MSTRUSDT-nyse_20260327T200000Z,R:MSTRUSDT:2026-03:31,2026-03,RESEARCH_DEVELOPMENT,LISTING_AFTER_30_DAYS,READY,3300,3300,0.061056378999016225,0.00120502516110478,0.08913168487636557,0.006300630063006279,0.055391432791728326,0.5014390789894467,329,328,0.3608,0.0021212121212121214,12720.627818181818,6605.818181818182,0.00088766,0.00012680857142857144,0.0007452648363636364,0.00014033879747619424,0.0
MSTRUSDT-R-MSTRUSDT-nyse_20260327T200000Z-s59,MSTRUSDT,R,59,MSTRUSDT-nyse_20260327T200000Z,R:MSTRUSDT:2026-03:59,2026-03,RESEARCH_DEVELOPMENT,LISTING_AFTER_30_DAYS,READY,3300,3300,0.061056378999016225,0.00120502516110478,0.08913168487636557,0.006300630063006279,0.055391432791728326,0.5014390789894467,329,328,0.3608,0.0021212121212121214,12720.627818181818,6605.818181818182,0.00088766,0.00012680857142857144,0.0007452648363636364,0.00014033879747619424,0.0
MSTRUSDT-R-MSTRUSDT-nyse_20260327T200000Z-s97,MSTRUSDT,R,97,MSTRUSDT-nyse_20260327T200000Z,R:MSTRUSDT:2026-03:97,2026-03,RESEARCH_DEVELOPMENT,LISTING_AFTER_30_DAYS,READY,3300,3300,0.06067430523434224,0.0011691373275669137,0.12041467304625203,0.03431945384094965,0.11141394668616644,0.519064402435117,361,360,0.396,0.005151515151515152,11180.596909090908,5830.581818181819,2.192e-05,3.1314285714285713e-06,0.0005408855787878788,0.00016436180481959041,0.0
MSTRUSDT-R-MSTRUSDT-nyse_20260402T200000Z-s3,MSTRUSDT,R,3,MSTRUSDT-nyse_20260402T200000Z,R:MSTRUSDT:2026-04:3,2026-04,RESEARCH_DEVELOPMENT,LISTING_AFTER_30_DAYS,READY,4740,4740,0.06463327827105028,0.0010672337174731465,0.10750826381237208,0.008409527034654009,0.05333857030636297,0.4846153846153846,402,401,0.44110000000000005,0.0031645569620253164,14466.333924050632,7676.7594936708865,0.0011093000000000001,0.00011093000000000001,0.0007749165358649789,0.00015436656238329523,0.0
MSTRUSDT-R-MSTRUSDT-nyse_20260402T200000Z-s10,MSTRUSDT,R,10,MSTRUSDT-nyse_20260402T200000Z,R:MSTRUSDT:2026-04:10,2026-04,RESEARCH_DEVELOPMENT,LISTING_AFTER_30_DAYS,READY,4740,4740,0.06450799690869788,0.0010636411901455668,0.10849019140656022,0.009978455607211743,0.06386861313868611,0.4856237265112067,400,399,0.4389,0.0031645569620253164,14428.107721518987,7645.291139240507,0.0011093000000000001,0.00011093000000000001,0.000760897170886076,0.00015436735738207,0.0
MSTRUSDT-R-MSTRUSDT-nyse_20260402T200000Z-s17,MSTRUSDT,R,17,MSTRUSDT-nyse_20260402T200000Z,R:MSTRUSDT:2026-04:17,2026-04,RESEARCH_DEVELOPMENT,LISTING_AFTER_30_DAYS,READY,4740,4740,0.06450799690869788,0.0010636411901455668,0.10849019140656022,0.009978455607211743,0.06386861313868611,0.4856237265112067,400,399,0.4389,0.0031645569620253164,14428.107721518987,7645.291139240507,0.0011093000000000001,0.00011093000000000001,0.000760897170886076,0.00015436735738207,0.0
MSTRUSDT-R-MSTRUSDT-nyse_20260402T200000Z-s31,MSTRUSDT,R,31,MSTRUSDT-nyse_20260402T200000Z,R:MSTRUSDT:2026-04:31,2026-04,RESEARCH_DEVELOPMENT,LISTING_AFTER_30_DAYS,READY,4740,4740,0.06003567271560393,0.0009203605284682436,0.11605286605286601,0.03369865260050831,0.10923808109312348,0.49460431654676257,361,360,0.396,0.004008438818565401,11936.87329113924,5794.658227848101,0.0,0.0,0.0006174529578059072,0.00012520393794305732,0.0
MSTRUSDT-R-MSTRUSDT-nyse_20260402T200000Z-s59,MSTRUSDT,R,59,MSTRUSDT-nyse_20260402T200000Z,R:MSTRUSDT:2026-04:59,2026-04,RESEARCH_DEVELOPMENT,LISTING_AFTER_30_DAYS,READY,4740,4740,0.06929796408023192,0.0010966740335976578,0.0895742422455478,0.0033115905669844547,0.07849728709601322,0.5174701459531181,518,517,0.5687,0.0010548523206751054,8375.886582278481,5405.303797468355,9.865e-05,9.865e-06,0.0006524195907172995,0.00016086596250814821,0.0
MSTRUSDT-R-MSTRUSDT-nyse_20260402T200000Z-s97,MSTRUSDT,R,97,MSTRUSDT-nyse_20260402T200000Z,R:MSTRUSDT:2026-04:97,2026-04,RESEARCH_DEVELOPMENT,LISTING_AFTER_30_DAYS,READY,4740,4740,0.07978415435156921,0.0013214727822031607,0.11842957207604925,0.00892842569166742,0.09530642750373691,0.48334794040315515,512,511,0.5621,0.0,16423.60658227848,8744.417721518987,0.00115197,0.000115197,0.0007357618839662446,0.00027580978580558273,0.0
MSTRUSDT-R-MSTRUSDT-nyse_20260410T200000Z-s3,MSTRUSDT,R,3,MSTRUSDT-nyse_20260410T200000Z,R:MSTRUSDT:2026-04:3,2026-04,RESEARCH_DEVELOPMENT,LISTING_AFTER_30_DAYS,READY,3300,3300,0.05008889068144527,0.0009028442004048847,0.09502032520325186,0.03643023118427786,0.07879531994799939,0.4909208819714656,243,242,0.2662,0.0048484848484848485,11236.460000000001,5699.345454545454,0.0,0.0,0.0006621264545454546,0.00012399736346278232,0.0
MSTRUSDT-R-MSTRUSDT-nyse_20260410T200000Z-s10,MSTRUSDT,R,10,MSTRUSDT-nyse_20260410T200000Z,R:MSTRUSDT:2026-04:10,2026-04,RESEARCH_DEVELOPMENT,LISTING_AFTER_30_DAYS,READY,3300,3300,0.05716061442728919,0.0010791027676238967,0.08348523514400279,0.010476472329091414,0.046151028630730735,0.5165605095541401,335,334,0.3674,0.0012121212121212121,8235.08690909091,5241.509090909091,9.865e-05,1.4092857142857142e-05,0.0006467696272727273,0.00015930476241342848,0.0
MSTRUSDT-R-MSTRUSDT-nyse_20260410T200000Z-s17,MSTRUSDT,R,17,MSTRUSDT-nyse_20260410T200000Z,R:MSTRUSDT:2026-04:17,2026-04,RESEARCH_DEVELOPMENT,LISTING_AFTER_30_DAYS,READY,3300,3300,0.057445598954289384,0.0011116722398980348,0.0895742422455478,0.0379782899797715,0.07849728709601322,0.5260828327537148,367,366,0.4026,0.0006060606060606061,8239.794,5409.709090909091,0.0,0.0,0.0006559227696969697,0.0001559447818727463,0.0
MSTRUSDT-R-MSTRUSDT-nyse_20260410T200000Z-s31,MSTRUSDT,R,31,MSTRUSDT-nyse_20260410T200000Z,R:MSTRUSDT:2026-04:31,2026-04,RESEARCH_DEVELOPMENT,LISTING_AFTER_30_DAYS,READY,3300,3300,0.05243983698321337,0.001030073562373909,0.06844309097830222,0.008030784674585885,0.040794581018342234,0.4900489396411093,277,276,0.30360000000000004,0.0036363636363636364,14435.008363636363,7447.563636363637,0.0011093000000000001,0.0001584714285714286,0.0007199680818181819,0.0001585903105736906,0.0
MSTRUSDT-R-MSTRUSDT-nyse_20260410T200000Z-s59,MSTRUSDT,R,59,MSTRUSDT-nyse_20260410T200000Z,R:MSTRUSDT:2026-04:59,2026-04,RESEARCH_DEVELOPMENT,LISTING_AFTER_30_DAYS,READY,3300,3300,0.05274745709475974,0.0010834717836229837,0.10750826381237208,0.0025148048998134406,0.05333857030636297,0.48912690684842586,284,283,0.3113,0.0027272727272727275,14775.571090909092,7939.927272727273,0.0011093000000000001,0.0001584714285714286,0.0008503905333333334,0.0001527221802171405,0.0
MSTRUSDT-R-MSTRUSDT-nyse_20260410T200000Z-s97,MSTRUSDT,R,97,MSTRUSDT-nyse_20260410T200000Z,R:MSTRUSDT:2026-04:97,2026-04,RESEARCH_DEVELOPMENT,LISTING_AFTER_30_DAYS,READY,3300,3300,0.057234980852845285,0.0010822492578486536,0.08308641228759739,0.007544500766238359,0.046151028630730735,0.5152866242038217,338,337,0.37070000000000003,0.0012121212121212121,8239.205272727273,5249.436363636363,9.865e-05,1.4092857142857142e-05,0.000651124296969697,0.00016021622094622816,0.0
MSTRUSDT-R-MSTRUSDT-nyse_20260417T200000Z-s3,MSTRUSDT,R,3,MSTRUSDT-nyse_20260417T200000Z,R:MSTRUSDT:2026-04:3,2026-04,RESEARCH_DEVELOPMENT,LISTING_AFTER_30_DAYS,READY,3300,3300,0.06535142885386597,0.001300882870509371,0.08744009939064072,0.014761446574828155,0.08454206382096975,0.47317226231565734,354,353,0.38830000000000003,0.0,15632.290545454545,8563.854545454546,0.00111791,0.00018631833333333333,0.0007557983424242425,0.0003301794153977466,0.0
MSTRUSDT-R-MSTRUSDT-nyse_20260417T200000Z-s10,MSTRUSDT,R,10,MSTRUSDT-nyse_20260417T200000Z,R:MSTRUSDT:2026-04:10,2026-04,RESEARCH_DEVELOPMENT,LISTING_AFTER_30_DAYS,READY,3300,3300,0.048929555056574335,0.0008823833348331711,0.08199656793255249,0.04220379341489439,0.0794988440599597,0.5071151358344114,231,230,0.253,0.00393939393939394,10931.488545454546,5136.290909090909,0.0,0.0,0.000594640993939394,0.00011982881274980103,0.0
MSTRUSDT-R-MSTRUSDT-nyse_20260417T200000Z-s17,MSTRUSDT,R,17,MSTRUSDT-nyse_20260417T200000Z,R:MSTRUSDT:2026-04:17,2026-04,RESEARCH_DEVELOPMENT,LISTING_AFTER_30_DAYS,READY,3300,3300,0.06550089722211656,0.0013061747886230362,0.10216829839630019,0.01852631578947375,0.10024024024024022,0.47505491057420773,359,358,0.39380000000000004,0.0,15748.232363636364,8631.145454545454,0.00115197,0.00016456714285714285,0.0007793319939393939,0.00031621131011881545,0.0
MSTRUSDT-R-MSTRUSDT-nyse_20260417T200000Z-s31,MSTRUSDT,R,31,MSTRUSDT-nyse_20260417T200000Z,R:MSTRUSDT:2026-04:31,2026-04,RESEARCH_DEVELOPMENT,LISTING_AFTER_30_DAYS,READY,3300,3300,0.06724642563302732,0.001307611133527023,0.11842957207604925,0.01991636544049905,0.09530642750373691,0.4898989898989899,343,342,0.37620000000000003,0.0,16970.537454545454,8833.309090909092,0.000494,7.057142857142856e-05,0.0006949210878787879,0.0001604475203083641,0.0
MSTRUSDT-R-MSTRUSDT-nyse_20260417T200000Z-s59,MSTRUSDT,R,59,MSTRUSDT-nyse_20260417T200000Z,R:MSTRUSDT:2026-04:59,2026-04,RESEARCH_DEVELOPMENT,LISTING_AFTER_30_DAYS,READY,3300,3300,0.0670940790857953,0.0013039101524775429,0.11808204706848997,0.01714502226011185,0.0751848808545604,0.4898989898989899,340,339,0.3729,0.0,16961.251454545454,8813.709090909091,0.000494,8.233333333333333e-05,0.000688383403030303,0.0001610035028628799,0.0
MSTRUSDT-R-MSTRUSDT-nyse_20260417T200000Z-s97,MSTRUSDT,R,97,MSTRUSDT-nyse_20260417T200000Z,R:MSTRUSDT:2026-04:97,2026-04,RESEARCH_DEVELOPMENT,LISTING_AFTER_30_DAYS,READY,3300,3300,0.048929555056574335,0.0008823833348331711,0.08199656793255249,0.04220379341489439,0.0794988440599597,0.5071151358344114,231,230,0.253,0.00393939393939394,10931.488545454546,5136.290909090909,0.0,0.0,0.000594640993939394,0.00011982881274980103,0.0
MSTRUSDT-R-MSTRUSDT-nyse_20260424T200000Z-s3,MSTRUSDT,R,3,MSTRUSDT-nyse_20260424T200000Z,R:MSTRUSDT:2026-04:3,2026-04,RESEARCH_DEVELOPMENT,LISTING_AFTER_30_DAYS,READY,3300,3300,0.05716061442728919,0.0010791027676238967,0.08348523514400279,0.010476472329091414,0.046151028630730735,0.5165605095541401,335,334,0.3674,0.0012121212121212121,8235.08690909091,5241.509090909091,9.865e-05,1.4092857142857142e-05,0.0006467696272727273,0.00015930476241342848,0.0
MSTRUSDT-R-MSTRUSDT-nyse_20260424T200000Z-s10,MSTRUSDT,R,10,MSTRUSDT-nyse_20260424T200000Z,R:MSTRUSDT:2026-04:10,2026-04,RESEARCH_DEVELOPMENT,LISTING_AFTER_30_DAYS,READY,3300,3300,0.06550089722211656,0.0013061747886230362,0.10216829839630019,0.01852631578947375,0.10024024024024022,0.47505491057420773,359,358,0.39380000000000004,0.0,15748.232363636364,8631.145454545454,0.00115197,0.00016456714285714285,0.0007793319939393939,0.00031621131011881545,0.0
MSTRUSDT-R-MSTRUSDT-nyse_20260424T200000Z-s17,MSTRUSDT,R,17,MSTRUSDT-nyse_20260424T200000Z,R:MSTRUSDT:2026-04:17,2026-04,RESEARCH_DEVELOPMENT,LISTING_AFTER_30_DAYS,READY,3300,3300,0.05003870720415241,0.0008999635315831032,0.09393613204162164,0.03593947036569987,0.07879531994799939,0.4878444084278768,242,241,0.2651,0.004545454545454545,11213.313818181818,5696.981818181818,0.0,0.0,0.0006535353727272727,0.00012219383705909745,0.0
MSTRUSDT-R-MSTRUSDT-nyse_20260424T200000Z-s31,MSTRUSDT,R,31,MSTRUSDT-nyse_20260424T200000Z,R:MSTRUSDT:2026-04:31,2026-04,RESEARCH_DEVELOPMENT,LISTING_AFTER_30_DAYS,READY,3300,3300,0.057445598954289384,0.0011116722398980348,0.0895742422455478,0.0379782899797715,0.07849728709601322,0.5260828327537148,367,366,0.4026,0.0006060606060606061,8239.794,5409.709090909091,0.0,0.0,0.0006559227696969697,0.0001559447818727463,0.0
MSTRUSDT-R-MSTRUSDT-nyse_20260424T200000Z-s59,MSTRUSDT,R,59,MSTRUSDT-nyse_20260424T200000Z,R:MSTRUSDT:2026-04:59,2026-04,RESEARCH_DEVELOPMENT,LISTING_AFTER_30_DAYS,READY,3300,3300,0.05003870720415241,0.0008999635315831032,0.09393613204162164,0.03593947036569987,0.07879531994799939,0.4878444084278768,242,241,0.2651,0.004545454545454545,11213.313818181818,5696.981818181818,0.0,0.0,0.0006535353727272727,0.00012219383705909745,0.0
MSTRUSDT-R-MSTRUSDT-nyse_20260424T200000Z-s97,MSTRUSDT,R,97,MSTRUSDT-nyse_20260424T200000Z,R:MSTRUSDT:2026-04:97,2026-04,RESEARCH_DEVELOPMENT,LISTING_AFTER_30_DAYS,READY,3300,3300,0.05197040572122388,0.0010031581693384468,0.06548848596128826,0.00714103545014032,0.031209162887231932,0.4900228982662741,263,262,0.2882,0.0036363636363636364,13812.403454545454,7263.0,0.0005167100000000001,8.611833333333335e-05,0.0007010066636363636,0.00015725442065451546,0.0
MSTRUSDT-R-MSTRUSDT-nyse_20260501T200000Z-s3,MSTRUSDT,R,3,MSTRUSDT-nyse_20260501T200000Z,R:MSTRUSDT:2026-05:3,2026-05,RESEARCH_DEVELOPMENT,LISTING_AFTER_30_DAYS,READY,3300,3300,0.06386811960008719,0.0013350021958662987,0.09249986243328016,0.008651992648047632,0.05235229759299777,0.519309262166405,408,407,0.44770000000000004,0.0,11086.628545454545,9783.236363636364,7.61e-06,1.2683333333333334e-06,0.000806451893939394,0.00016574562556682528,0.0
MSTRUSDT-R-MSTRUSDT-nyse_20260501T200000Z-s10,MSTRUSDT,R,10,MSTRUSDT-nyse_20260501T200000Z,R:MSTRUSDT:2026-05:10,2026-05,RESEARCH_DEVELOPMENT,LISTING_AFTER_30_DAYS,READY,3300,3300,0.05426596884819679,0.0010703124571004238,0.03601124603696825,0.0006648132479148999,0.0246771357545625,0.5127145581691036,331,330,0.36300000000000004,0.0,9452.818,7148.854545454546,0.00032568,4.652571428571429e-05,0.0008128649787878788,0.00014879841571819276,0.0
MSTRUSDT-R-MSTRUSDT-nyse_20260501T200000Z-s17,MSTRUSDT,R,17,MSTRUSDT-nyse_20260501T200000Z,R:MSTRUSDT:2026-05:17,2026-05,RESEARCH_DEVELOPMENT,LISTING_AFTER_30_DAYS,READY,3300,3300,0.06060792458140622,0.001230160115783023,0.09576547231270367,0.004420649344270307,0.04984271612973206,0.4859665720592873,360,359,0.39490000000000003,0.0,13854.319090909092,9291.818181818182,0.0004462,6.374285714285714e-05,0.0008115635626911315,0.00017865306024582653,0.0
MSTRUSDT-R-MSTRUSDT-nyse_20260501T200000Z-s31,MSTRUSDT,R,31,MSTRUSDT-nyse_20260501T200000Z,R:MSTRUSDT:2026-05:31,2026-05,RESEARCH_DEVELOPMENT,LISTING_AFTER_30_DAYS,READY,3300,3300,0.05618875482694904,0.0011246516376621346,0.09646949519975223,0.03840629820735148,0.09328935161323586,0.4990506329113924,321,320,0.35200000000000004,0.0,10265.475454545454,7182.909090909091,0.0,0.0,0.00075576508994709,0.0001765112204619229,0.0
MSTRUSDT-R-MSTRUSDT-nyse_20260501T200000Z-s59,MSTRUSDT,R,59,MSTRUSDT-nyse_20260501T200000Z,R:MSTRUSDT:2026-05:59,2026-05,RESEARCH_DEVELOPMENT,LISTING_AFTER_30_DAYS,READY,3300,3300,0.06067302844071853,0.0012334427870284552,0.09561493847905043,0.00034328870580161553,0.05184824376251562,0.48547979797979796,359,358,0.39380000000000004,0.0,13838.414727272728,9282.690909090908,0.0004462,7.436666666666667e-05,0.000804767203030303,0.00017853160301981814,0.0
MSTRUSDT-R-MSTRUSDT-nyse_20260501T200000Z-s97,MSTRUSDT,R,97,MSTRUSDT-nyse_20260501T200000Z,R:MSTRUSDT:2026-05:97,2026-05,RESEARCH_DEVELOPMENT,LISTING_AFTER_30_DAYS,READY,3300,3300,0.06886006372154967,0.0013992559873900357,0.08256731030731579,0.001961796592669106,0.04141045872558081,0.5142767492940069,422,421,0.4631,0.0,12089.36,10581.727272727272,7.61e-06,1.087142857142857e-06,0.0007778321957186545,0.00017206749335436623,0.0
MSTRUSDT-R-MSTRUSDT-nyse_20260508T200000Z-s3,MSTRUSDT,R,3,MSTRUSDT-nyse_20260508T200000Z,R:MSTRUSDT:2026-05:3,2026-05,RESEARCH_DEVELOPMENT,LISTING_AFTER_30_DAYS,READY,3300,3300,0.05130126696224749,0.0009942918238925638,0.039786511402231765,0.0013622210690192487,0.0246771357545625,0.5244019138755981,314,313,0.3443,0.00030303030303030303,10377.548,7053.836363636364,0.00033501,4.785857142857143e-05,0.0008142340378006873,0.00013859699511170278,0.0
MSTRUSDT-R-MSTRUSDT-nyse_20260508T200000Z-s10,MSTRUSDT,R,10,MSTRUSDT-nyse_20260508T200000Z,R:MSTRUSDT:2026-05:10,2026-05,RESEARCH_DEVELOPMENT,LISTING_AFTER_30_DAYS,READY,3300,3300,0.06495211524062117,0.0013654331759998645,0.09317148874847579,0.002546428414628775,0.06943517900822777,0.5182046453232894,416,415,0.4565,0.0,11410.933272727272,10149.781818181818,7.61e-06,1.087142857142857e-06,0.0008639518545454545,0.0001697220689968492,0.0
MSTRUSDT-R-MSTRUSDT-nyse_20260508T200000Z-s17,MSTRUSDT,R,17,MSTRUSDT-nyse_20260508T200000Z,R:MSTRUSDT:2026-05:17,2026-05,RESEARCH_DEVELOPMENT,LISTING_AFTER_30_DAYS,READY,3300,3300,0.05426596884819679,0.0010703124571004238,0.03601124603696825,0.0006648132479148999,0.0246771357545625,0.5127145581691036,331,330,0.36300000000000004,0.0,9452.818,7148.854545454546,0.00032568,4.652571428571429e-05,0.0008128649787878788,0.00014879841571819276,0.0
MSTRUSDT-R-MSTRUSDT-nyse_20260508T200000Z-s31,MSTRUSDT,R,31,MSTRUSDT-nyse_20260508T200000Z,R:MSTRUSDT:2026-05:31,2026-05,RESEARCH_DEVELOPMENT,LISTING_AFTER_30_DAYS,READY,3300,3300,0.05321070093282247,0.0009909778248145486,0.10131168019987508,0.02514598170587632,0.09710434348477284,0.5093367675466839,284,283,0.3113,0.0,14508.97090909091,7314.290909090909,0.00018852,3.142e-05,0.000709173290909091,0.00013197187374003666,0.0
MSTRUSDT-R-MSTRUSDT-nyse_20260508T200000Z-s59,MSTRUSDT,R,59,MSTRUSDT-nyse_20260508T200000Z,R:MSTRUSDT:2026-05:59,2026-05,RESEARCH_DEVELOPMENT,LISTING_AFTER_30_DAYS,READY,3300,3300,0.06495211524062117,0.0013654331759998645,0.09317148874847579,0.002546428414628775,0.06943517900822777,0.5182046453232894,416,415,0.4565,0.0,11410.933272727272,10149.781818181818,7.61e-06,1.087142857142857e-06,0.0008639518545454545,0.0001697220689968492,0.0
MSTRUSDT-R-MSTRUSDT-nyse_20260508T200000Z-s97,MSTRUSDT,R,97,MSTRUSDT-nyse_20260508T200000Z,R:MSTRUSDT:2026-05:97,2026-05,RESEARCH_DEVELOPMENT,LISTING_AFTER_30_DAYS,READY,3300,3300,0.06067302844071853,0.0012334427870284552,0.09561493847905043,0.00034328870580161553,0.05184824376251562,0.48547979797979796,359,358,0.39380000000000004,0.0,13838.414727272728,9282.690909090908,0.0004462,7.436666666666667e-05,0.000804767203030303,0.00017853160301981814,0.0
MSTRUSDT-R-MSTRUSDT-nyse_20260515T200000Z-s3,MSTRUSDT,R,3,MSTRUSDT-nyse_20260515T200000Z,R:MSTRUSDT:2026-05:3,2026-05,RESEARCH_DEVELOPMENT,LISTING_AFTER_30_DAYS,READY,3300,3300,0.06060792458140622,0.001230160115783023,0.09576547231270367,0.004420649344270307,0.04984271612973206,0.4859665720592873,360,359,0.39490000000000003,0.0,13854.319090909092,9291.818181818182,0.0004462,6.374285714285714e-05,0.0008115635626911315,0.00017865306024582653,0.0
MSTRUSDT-R-MSTRUSDT-nyse_20260515T200000Z-s10,MSTRUSDT,R,10,MSTRUSDT-nyse_20260515T200000Z,R:MSTRUSDT:2026-05:10,2026-05,RESEARCH_DEVELOPMENT,LISTING_AFTER_30_DAYS,READY,3300,3300,0.05321070093282247,0.0009909778248145486,0.10131168019987508,0.02514598170587632,0.09710434348477284,0.5093367675466839,284,283,0.3113,0.0,14508.97090909091,7314.290909090909,0.00018852,3.142e-05,0.000709173290909091,0.00013197187374003666,0.0
MSTRUSDT-R-MSTRUSDT-nyse_20260515T200000Z-s17,MSTRUSDT,R,17,MSTRUSDT-nyse_20260515T200000Z,R:MSTRUSDT:2026-05:17,2026-05,RESEARCH_DEVELOPMENT,LISTING_AFTER_30_DAYS,READY,3300,3300,0.06704859219344539,0.0014003062318613665,0.09193327864369703,0.008668915744971573,0.05235229759299777,0.5152276295133438,424,423,0.46530000000000005,0.0,11751.424545454545,10604.745454545455,7.61e-06,1.087142857142857e-06,0.0008864370393939393,0.00017229805998015605,0.0
MSTRUSDT-R-MSTRUSDT-nyse_20260515T200000Z-s31,MSTRUSDT,R,31,MSTRUSDT-nyse_20260515T200000Z,R:MSTRUSDT:2026-05:31,2026-05,RESEARCH_DEVELOPMENT,LISTING_AFTER_30_DAYS,READY,3300,3300,0.05130126696224749,0.0009942918238925638,0.039786511402231765,0.0013622210690192487,0.0246771357545625,0.5244019138755981,314,313,0.3443,0.00030303030303030303,10377.548,7053.836363636364,0.00033501,4.785857142857143e-05,0.0008142340378006873,0.00013859699511170278,0.0
MSTRUSDT-R-MSTRUSDT-nyse_20260515T200000Z-s59,MSTRUSDT,R,59,MSTRUSDT-nyse_20260515T200000Z,R:MSTRUSDT:2026-05:59,2026-05,RESEARCH_DEVELOPMENT,LISTING_AFTER_30_DAYS,READY,3300,3300,0.05306091441868124,0.0009834424649401662,0.1014701282452299,0.02482486567367195,0.09495808832728642,0.5088738302678283,277,276,0.30360000000000004,0.0,14400.018,7297.6,0.00018852,2.693142857142857e-05,0.0007178501424242425,0.00013159021061218018,0.0
MSTRUSDT-R-MSTRUSDT-nyse_20260515T200000Z-s97,MSTRUSDT,R,97,MSTRUSDT-nyse_20260515T200000Z,R:MSTRUSDT:2026-05:97,2026-05,RESEARCH_DEVELOPMENT,LISTING_AFTER_30_DAYS,READY,3300,3300,0.05130126696224749,0.0009942918238925638,0.039786511402231765,0.0013622210690192487,0.0246771357545625,0.5244019138755981,314,313,0.3443,0.00030303030303030303,10377.548,7053.836363636364,0.00033501,4.785857142857143e-05,0.0008142340378006873,0.00013859699511170278,0.0
MSTRUSDT-R-MSTRUSDT-nyse_20260522T200000Z-s10,MSTRUSDT,R,10,MSTRUSDT-nyse_20260522T200000Z,R:MSTRUSDT:2026-05:10,2026-05,RESEARCH_DEVELOPMENT,LISTING_AFTER_30_DAYS,READY,4740,4740,0.07296109557354469,0.0012444946146302194,0.10008258490760821,0.015782838894024747,0.09705185032470885,0.49032967032967034,517,516,0.5676,0.0,13325.35253164557,8967.962025316456,0.0004462,4.957777777777778e-05,0.0008047727687687688,0.0001824746120827451,0.0
MSTRUSDT-R-MSTRUSDT-nyse_20260522T200000Z-s31,MSTRUSDT,R,31,MSTRUSDT-nyse_20260522T200000Z,R:MSTRUSDT:2026-05:31,2026-05,RESEARCH_DEVELOPMENT,LISTING_AFTER_30_DAYS,READY,4740,4740,0.07847230679485578,0.0013529117854483201,0.09143323361435955,0.0069302894415001915,0.05320982335200342,0.5103825136612021,588,587,0.6457,0.0,11227.091139240505,9381.569620253165,7.61e-06,7.61e-07,0.0008074434522292994,0.0001686273860858357,0.0
MSTRUSDT-R-MSTRUSDT-nyse_20260522T200000Z-s59,MSTRUSDT,R,59,MSTRUSDT-nyse_20260522T200000Z,R:MSTRUSDT:2026-05:59,2026-05,RESEARCH_DEVELOPMENT,LISTING_AFTER_30_DAYS,READY,4740,4740,0.06402374087150026,0.0010482128750616945,0.03924149069809161,0.004032518922648897,0.0246771357545625,0.5189452692222468,466,465,0.5115000000000001,0.0002109704641350211,10253.72329113924,7305.822784810127,0.00033501,3.3501e-05,0.0008081369770114943,0.00014801606170215773,0.0
MSTRUSDT-R-MSTRUSDT-nyse_20260529T200000Z-s3,MSTRUSDT,R,3,MSTRUSDT-nyse_20260529T200000Z,R:MSTRUSDT:2026-05:3,2026-05,RESEARCH_DEVELOPMENT,LISTING_AFTER_30_DAYS,READY,3300,3300,0.05318056685250991,0.000989013268603857,0.10140035008752186,0.02394156634654404,0.09710434348477284,0.508868107062238,282,281,0.30910000000000004,0.0,14424.069818181817,7309.254545454545,0.00018852,2.693142857142857e-05,0.0007113871212121211,0.0001321444159773988,0.0
MSTRUSDT-R-MSTRUSDT-nyse_20260529T200000Z-s17,MSTRUSDT,R,17,MSTRUSDT-nyse_20260529T200000Z,R:MSTRUSDT:2026-05:17,2026-05,RESEARCH_DEVELOPMENT,LISTING_AFTER_30_DAYS,READY,3300,3300,0.05321070093282247,0.0009909778248145486,0.10131168019987508,0.02514598170587632,0.09710434348477284,0.5093367675466839,284,283,0.3113,0.0,14508.97090909091,7314.290909090909,0.00018852,3.142e-05,0.000709173290909091,0.00013197187374003666,0.0
MSTRUSDT-R-MSTRUSDT-nyse_20260529T200000Z-s97,MSTRUSDT,R,97,MSTRUSDT-nyse_20260529T200000Z,R:MSTRUSDT:2026-05:97,2026-05,RESEARCH_DEVELOPMENT,LISTING_AFTER_30_DAYS,READY,3300,3300,0.05321070093282247,0.0009909778248145486,0.10131168019987508,0.02514598170587632,0.09710434348477284,0.5093367675466839,284,283,0.3113,0.0,14508.97090909091,7314.290909090909,0.00018852,3.142e-05,0.000709173290909091,0.00013197187374003666,0.0
MSTRUSDT-R-MSTRUSDT-nyse_20260605T200000Z-s3,MSTRUSDT,R,3,MSTRUSDT-nyse_20260605T200000Z,R:MSTRUSDT:2026-06:3,2026-06,SEALED_SHORT_OOS,LISTING_AFTER_30_DAYS,READY,3300,3300,0.07622661875069764,0.00161444394706321,0.11777742599335124,0.021228609286459383,0.10549624357453541,0.49239061509194676,486,485,0.5335000000000001,0.0,28995.37490909091,14806.036363636364,3.198e-05,4.568571428571429e-06,0.0007952989878787879,0.00018507230195165874,0.0
MSTRUSDT-R-MSTRUSDT-nyse_20260605T200000Z-s10,MSTRUSDT,R,10,MSTRUSDT-nyse_20260605T200000Z,R:MSTRUSDT:2026-06:10,2026-06,SEALED_SHORT_OOS,LISTING_AFTER_30_DAYS,READY,3300,3300,0.09923047851597967,0.0021087040589940396,0.23664049032752354,0.05460031883397863,0.22129038406556764,0.5083834229674153,590,589,0.6479,0.0,92567.42254545455,17337.363636363636,0.00112202,0.00016028857142857145,0.0007113849969696969,0.00023216098160185216,0.0
MSTRUSDT-R-MSTRUSDT-nyse_20260605T200000Z-s17,MSTRUSDT,R,17,MSTRUSDT-nyse_20260605T200000Z,R:MSTRUSDT:2026-06:17,2026-06,SEALED_SHORT_OOS,LISTING_AFTER_30_DAYS,READY,3300,3300,0.0738546050290136,0.0015981760712761059,0.07543799965980613,0.006859035004730387,0.04031780914546527,0.5055750238929595,475,474,0.5214000000000001,0.0,29252.25509090909,13590.690909090908,0.00023874,3.410571428571429e-05,0.0006901107333333334,0.0006629983316153083,0.0
MSTRUSDT-R-MSTRUSDT-nyse_20260605T200000Z-s31,MSTRUSDT,R,31,MSTRUSDT-nyse_20260605T200000Z,R:MSTRUSDT:2026-06:31,2026-06,SEALED_SHORT_OOS,LISTING_AFTER_30_DAYS,READY,3300,3300,0.08105871223622806,0.0017652619674483568,0.16773308957952474,0.03735318857285279,0.15600438676658754,0.522264631043257,501,500,0.55,0.0,71106.12454545454,13641.381818181819,0.0017801800000000001,0.0002966966666666667,0.0008357534181818181,0.00019937404691195164,0.0
MSTRUSDT-R-MSTRUSDT-nyse_20260605T200000Z-s59,MSTRUSDT,R,59,MSTRUSDT-nyse_20260605T200000Z,R:MSTRUSDT:2026-06:59,2026-06,SEALED_SHORT_OOS,LISTING_AFTER_30_DAYS,READY,3300,3300,0.06730589718421712,0.0013570362632365802,0.12928841261275148,0.03459975034407706,0.095733126454616,0.49521683673469385,389,388,0.4268,0.0,30961.524545454547,9764.327272727272,0.00038396000000000003,6.399333333333334e-05,0.0006866095575757576,0.00016453280793438782,0.0
MSTRUSDT-R-MSTRUSDT-nyse_20260605T200000Z-s97,MSTRUSDT,R,97,MSTRUSDT-nyse_20260605T200000Z,R:MSTRUSDT:2026-06:97,2026-06,SEALED_SHORT_OOS,LISTING_AFTER_30_DAYS,READY,3300,3300,0.07603364524019832,0.0016090790204822355,0.11733165115912314,0.025337263348826678,0.11091023423989939,0.49030206677265503,485,484,0.5324,0.0,28864.52527272727,14778.854545454546,3.198e-05,4.568571428571429e-06,0.0008108743606060606,0.00018453038078238964,0.0
MSTRUSDT-R-MSTRUSDT-nyse_20260612T200000Z-s3,MSTRUSDT,R,3,MSTRUSDT-nyse_20260612T200000Z,R:MSTRUSDT:2026-06:3,2026-06,SEALED_SHORT_OOS,LISTING_AFTER_30_DAYS,READY,3300,3300,0.06730589718421712,0.0013570362632365802,0.12928841261275148,0.03459975034407706,0.095733126454616,0.49521683673469385,389,388,0.4268,0.0,30961.524545454547,9764.327272727272,0.00038396000000000003,6.399333333333334e-05,0.0006866095575757576,0.00016453280793438782,0.0
MSTRUSDT-R-MSTRUSDT-nyse_20260612T200000Z-s10,MSTRUSDT,R,10,MSTRUSDT-nyse_20260612T200000Z,R:MSTRUSDT:2026-06:10,2026-06,SEALED_SHORT_OOS,LISTING_AFTER_30_DAYS,READY,3300,3300,0.07376614559999073,0.001594467919713814,0.07618311431761576,0.006824115831948719,0.04031780914546527,0.5022292993630574,473,472,0.5192,0.0,29187.279818181818,13565.927272727273,0.00023874,3.410571428571429e-05,0.0006735761727272728,0.0006624067567140586,0.0
MSTRUSDT-R-MSTRUSDT-nyse_20260612T200000Z-s17,MSTRUSDT,R,17,MSTRUSDT-nyse_20260612T200000Z,R:MSTRUSDT:2026-06:17,2026-06,SEALED_SHORT_OOS,LISTING_AFTER_30_DAYS,READY,3300,3300,0.08443054297422287,0.002003672696380897,0.1363500820038765,0.017681127745601544,0.10924868352740501,0.49563046192259674,572,571,0.6281,0.0,29093.864,14786.145454545454,0.00038222,5.460285714285714e-05,0.0006081159247311828,0.00022781690479945418,0.0
MSTRUSDT-R-MSTRUSDT-nyse_20260612T200000Z-s31,MSTRUSDT,R,31,MSTRUSDT-nyse_20260612T200000Z,R:MSTRUSDT:2026-06:31,2026-06,SEALED_SHORT_OOS,LISTING_AFTER_30_DAYS,READY,3300,3300,0.07560103011535131,0.0017240518380249976,0.19888985487861974,0.054346011684750256,0.1916268425657939,0.48405253283302063,482,481,0.5291,0.0,24994.681636363635,12510.745454545455,0.0,0.0,0.0006871940033670033,0.00020269121911822063,0.0
MSTRUSDT-R-MSTRUSDT-nyse_20260612T200000Z-s59,MSTRUSDT,R,59,MSTRUSDT-nyse_20260612T200000Z,R:MSTRUSDT:2026-06:59,2026-06,SEALED_SHORT_OOS,LISTING_AFTER_30_DAYS,READY,3300,3300,0.07597711116576215,0.0016089468112613634,0.11886882888640353,0.019316409019997184,0.09345195159092728,0.4941325721535046,481,480,0.528,0.0,28963.092727272728,14768.89090909091,3.198e-05,5.330000000000001e-06,0.0007852846,0.0001848520629475936,0.0
MSTRUSDT-R-MSTRUSDT-nyse_20260612T200000Z-s97,MSTRUSDT,R,97,MSTRUSDT-nyse_20260612T200000Z,R:MSTRUSDT:2026-06:97,2026-06,SEALED_SHORT_OOS,LISTING_AFTER_30_DAYS,READY,3300,3300,0.09438620214175397,0.0021369770012174744,0.1634605051047823,0.00643454206506704,0.09407174596293479,0.49731607199242184,576,575,0.6325000000000001,0.0,160939.49363636365,30953.836363636365,0.00020098000000000002,2.8711428571428573e-05,0.0007457770275229357,0.00021022117277095124,0.0
MSTRUSDT-R-MSTRUSDT-nyse_20260618T200000Z-s3,MSTRUSDT,R,3,MSTRUSDT-nyse_20260618T200000Z,R:MSTRUSDT:2026-06:3,2026-06,SEALED_SHORT_OOS,LISTING_AFTER_30_DAYS,READY,4740,4740,0.09408585509499333,0.0018328325290837431,0.19888985487861974,0.034125828885654214,0.1916268425657939,0.492280930637095,764,763,0.8393,0.0,27003.937088607592,14081.443037974683,0.00038222,3.8222e-05,0.0006441551606060606,0.00021133769670500648,0.0
MSTRUSDT-R-MSTRUSDT-nyse_20260618T200000Z-s10,MSTRUSDT,R,10,MSTRUSDT-nyse_20260618T200000Z,R:MSTRUSDT:2026-06:10,2026-06,SEALED_SHORT_OOS,LISTING_AFTER_30_DAYS,READY,4740,4740,0.09408585509499333,0.0018328325290837431,0.19888985487861974,0.034125828885654214,0.1916268425657939,0.492280930637095,764,763,0.8393,0.0,27003.937088607592,14081.443037974683,0.00038222,3.8222e-05,0.0006441551606060606,0.00021133769670500648,0.0
MSTRUSDT-R-MSTRUSDT-nyse_20260618T200000Z-s17,MSTRUSDT,R,17,MSTRUSDT-nyse_20260618T200000Z,R:MSTRUSDT:2026-06:17,2026-06,SEALED_SHORT_OOS,LISTING_AFTER_30_DAYS,READY,4740,4740,0.11197912020214093,0.0019878319483536315,0.2632727272727273,0.051369170408122035,0.25324437945530986,0.5121198765976201,799,798,0.8778,0.0,85599.78341772151,16387.278481012658,0.00301065,0.000301065,0.0008112254156118144,0.00022679912912538472,0.0
MSTRUSDT-R-MSTRUSDT-nyse_20260618T200000Z-s31,MSTRUSDT,R,31,MSTRUSDT-nyse_20260618T200000Z,R:MSTRUSDT:2026-06:31,2026-06,SEALED_SHORT_OOS,LISTING_AFTER_30_DAYS,READY,4740,4740,0.089866052423544,0.0015888549305958803,0.11777742599335124,0.01533563065513976,0.10549624357453541,0.495471614755909,687,686,0.7546,0.0,29840.607341772153,14316.594936708861,0.00023874,2.3874000000000002e-05,0.0007699582130801688,0.0005180589741086483,0.0
MSTRUSDT-R-MSTRUSDT-nyse_20260618T200000Z-s59,MSTRUSDT,R,59,MSTRUSDT-nyse_20260618T200000Z,R:MSTRUSDT:2026-06:59,2026-06,SEALED_SHORT_OOS,LISTING_AFTER_30_DAYS,READY,4740,4740,0.11203624130583223,0.0019884453330926985,0.26406492203884385,0.04946445564801884,0.25324437945530986,0.5139960326206745,797,796,0.8756,0.0,85512.54303797468,16360.367088607594,0.00301065,0.000301065,0.000802481335443038,0.0002256144476165374,0.0
MSTRUSDT-R-MSTRUSDT-nyse_20260618T200000Z-s97,MSTRUSDT,R,97,MSTRUSDT-nyse_20260618T200000Z,R:MSTRUSDT:2026-06:97,2026-06,SEALED_SHORT_OOS,LISTING_AFTER_30_DAYS,READY,4740,4740,0.11204920734258052,0.001992559999611657,0.26425959780621583,0.045316486453650884,0.25324437945530986,0.5152049360951961,799,798,0.8778,0.0,86289.30253164558,16358.645569620254,0.0017801800000000001,0.0001977977777777778,0.0008020529789029535,0.00022593812754756278,0.0
MSTRUSDT-R-MSTRUSDT-nyse_20260626T200000Z-s3,MSTRUSDT,R,3,MSTRUSDT-nyse_20260626T200000Z,R:MSTRUSDT:2026-06:3,2026-06,SEALED_SHORT_OOS,LISTING_AFTER_30_DAYS,READY,3300,3300,0.09928126689095147,0.0021174617989325713,0.23457376115435738,0.05219075836134696,0.22373171195135863,0.5068016450490351,591,590,0.649,0.0,93670.806,17422.036363636365,0.00044045,7.340833333333333e-05,0.0006901681363636363,0.00023224751857145158,0.0
MSTRUSDT-R-MSTRUSDT-nyse_20260626T200000Z-s10,MSTRUSDT,R,10,MSTRUSDT-nyse_20260626T200000Z,R:MSTRUSDT:2026-06:10,2026-06,SEALED_SHORT_OOS,LISTING_AFTER_30_DAYS,READY,3300,3300,0.09422584881445277,0.0021358372218760013,0.1644679930795847,0.005595331207508559,0.09407174596293479,0.4995263656457215,578,577,0.6347,0.0,160595.02945454544,30923.909090909092,6.804e-05,1.1340000000000002e-05,0.0007438649121212121,0.00020851260239065762,0.0
MSTRUSDT-R-MSTRUSDT-nyse_20260626T200000Z-s17,MSTRUSDT,R,17,MSTRUSDT-nyse_20260626T200000Z,R:MSTRUSDT:2026-06:17,2026-06,SEALED_SHORT_OOS,LISTING_AFTER_30_DAYS,READY,3300,3300,0.09438620214175397,0.0021369770012174744,0.1634605051047823,0.00643454206506704,0.09407174596293479,0.49731607199242184,576,575,0.6325000000000001,0.0,160939.49363636365,30953.836363636365,0.00020098000000000002,2.8711428571428573e-05,0.0007457770275229357,0.00021022117277095124,0.0
MSTRUSDT-R-MSTRUSDT-nyse_20260626T200000Z-s31,MSTRUSDT,R,31,MSTRUSDT-nyse_20260626T200000Z,R:MSTRUSDT:2026-06:31,2026-06,SEALED_SHORT_OOS,LISTING_AFTER_30_DAYS,READY,3300,3300,0.09422584881445277,0.0021358372218760013,0.1644679930795847,0.005595331207508559,0.09407174596293479,0.4995263656457215,578,577,0.6347,0.0,160595.02945454544,30923.909090909092,6.804e-05,1.1340000000000002e-05,0.0007438649121212121,0.00020851260239065762,0.0
MSTRUSDT-R-MSTRUSDT-nyse_20260626T200000Z-s59,MSTRUSDT,R,59,MSTRUSDT-nyse_20260626T200000Z,R:MSTRUSDT:2026-06:59,2026-06,SEALED_SHORT_OOS,LISTING_AFTER_30_DAYS,READY,3300,3300,0.08386653006570453,0.001988206094585332,0.1341204077143066,0.017452083699665895,0.11188345781261552,0.4968789013732834,572,571,0.6281,0.0,28850.91381818182,14632.309090909092,0.00038222,5.460285714285714e-05,0.0006081967258064517,0.00022712462868245014,0.0
MSTRUSDT-R-MSTRUSDT-nyse_20260626T200000Z-s97,MSTRUSDT,R,97,MSTRUSDT-nyse_20260626T200000Z,R:MSTRUSDT:2026-06:97,2026-06,SEALED_SHORT_OOS,LISTING_AFTER_30_DAYS,READY,3300,3300,0.06730589718421712,0.0013570362632365802,0.12928841261275148,0.03459975034407706,0.095733126454616,0.49521683673469385,389,388,0.4268,0.0,30961.524545454547,9764.327272727272,0.00038396000000000003,6.399333333333334e-05,0.0006866095575757576,0.00016453280793438782,0.0
MSTRUSDT-R-MSTRUSDT-nyse_20260702T200000Z-s3,MSTRUSDT,R,3,MSTRUSDT-nyse_20260702T200000Z,R:MSTRUSDT:2026-07:3,2026-07,DESCRIPTIVE_ONLY,LISTING_AFTER_30_DAYS,READY,4740,4740,0.08151984223408269,0.0014023974769003422,0.11691704768125402,0.0008876671534518879,0.1088020890001088,0.4993212669683258,585,584,0.6424000000000001,0.0,53654.90721518987,20975.01265822785,0.00068172,6.8172e-05,0.000652813641350211,0.0001336768750482785,0.0
MSTRUSDT-R-MSTRUSDT-nyse_20260702T200000Z-s10,MSTRUSDT,R,10,MSTRUSDT-nyse_20260702T200000Z,R:MSTRUSDT:2026-07:10,2026-07,DESCRIPTIVE_ONLY,LISTING_AFTER_30_DAYS,READY,4740,4740,0.09458759437507638,0.0017496704479029398,0.1148906969904911,0.01518927815659536,0.09318114729902587,0.5043189368770764,744,743,0.8173,0.0,65998.08189873418,20938.40506329114,0.001093,0.0001093,0.000748976864978903,0.00015914398579414533,0.0
MSTRUSDT-R-MSTRUSDT-nyse_20260702T200000Z-s17,MSTRUSDT,R,17,MSTRUSDT-nyse_20260702T200000Z,R:MSTRUSDT:2026-07:17,2026-07,DESCRIPTIVE_ONLY,LISTING_AFTER_30_DAYS,READY,4740,4740,0.08151984223408269,0.0014023974769003422,0.11691704768125402,0.0008876671534518879,0.1088020890001088,0.4993212669683258,585,584,0.6424000000000001,0.0,53654.90721518987,20975.01265822785,0.00068172,6.8172e-05,0.000652813641350211,0.0001336768750482785,0.0
MSTRUSDT-R-MSTRUSDT-nyse_20260702T200000Z-s31,MSTRUSDT,R,31,MSTRUSDT-nyse_20260702T200000Z,R:MSTRUSDT:2026-07:31,2026-07,DESCRIPTIVE_ONLY,LISTING_AFTER_30_DAYS,READY,4740,4740,0.09465841734487622,0.0017514895750914636,0.11397452105416707,0.015574424168504013,0.10515584037285172,0.504095638698251,746,745,0.8195,0.0,66037.35544303797,20986.354430379746,0.001093,0.0001093,0.000756018664556962,0.00015950253057582262,0.0
MSTRUSDT-R-MSTRUSDT-nyse_20260702T200000Z-s59,MSTRUSDT,R,59,MSTRUSDT-nyse_20260702T200000Z,R:MSTRUSDT:2026-07:59,2026-07,DESCRIPTIVE_ONLY,LISTING_AFTER_30_DAYS,READY,4740,4740,0.09458759437507638,0.0017496704479029398,0.1148906969904911,0.01518927815659536,0.09318114729902587,0.5043189368770764,744,743,0.8173,0.0,65998.08189873418,20938.40506329114,0.001093,0.0001093,0.000748976864978903,0.00015914398579414533,0.0
MSTRUSDT-R-MSTRUSDT-nyse_20260702T200000Z-s97,MSTRUSDT,R,97,MSTRUSDT-nyse_20260702T200000Z,R:MSTRUSDT:2026-07:97,2026-07,DESCRIPTIVE_ONLY,LISTING_AFTER_30_DAYS,READY,4740,4740,0.08150903627881621,0.0014077209648735158,0.1251895170023825,0.0036627940250672565,0.08380304158247363,0.5003395970115463,585,584,0.6424000000000001,0.0,53936.30443037974,21076.936708860758,0.00056853,6.317e-05,0.000657988888185654,0.00013385074965941164,0.0
MSTRUSDT-R-MSTRUSDT-nyse_20260710T200000Z-s3,MSTRUSDT,R,3,MSTRUSDT-nyse_20260710T200000Z,R:MSTRUSDT:2026-07:3,2026-07,DESCRIPTIVE_ONLY,LISTING_AFTER_30_DAYS,READY,3300,3300,0.08262475962326005,0.001881897878133874,0.11446430315460493,0.020784053994386098,0.10350194552529184,0.5009517766497462,551,550,0.605,0.0,71497.2370909091,21624.145454545454,0.00032596999999999997,5.4328333333333326e-05,0.0007160253424242424,0.00016992684616081122,0.0
MSTRUSDT-R-MSTRUSDT-nyse_20260710T200000Z-s10,MSTRUSDT,R,10,MSTRUSDT-nyse_20260710T200000Z,R:MSTRUSDT:2026-07:10,2026-07,DESCRIPTIVE_ONLY,LISTING_AFTER_30_DAYS,READY,3300,3300,0.06632708540250089,0.0013707950935033177,0.11658556366585564,0.03202496304811962,0.08407437348423599,0.4894446248782072,414,413,0.45430000000000004,0.0,45031.157999999996,18113.909090909092,0.00018457,2.6367142857142857e-05,0.0006332066393939395,0.00013509488778945146,0.0
MSTRUSDT-R-MSTRUSDT-nyse_20260710T200000Z-s17,MSTRUSDT,R,17,MSTRUSDT-nyse_20260710T200000Z,R:MSTRUSDT:2026-07:17,2026-07,DESCRIPTIVE_ONLY,LISTING_AFTER_30_DAYS,READY,3300,3300,0.055531510300332564,0.0011427993062167472,0.06445074989866233,0.001705902422381408,0.05981952752712163,0.5197109067017083,313,312,0.3432,0.0,35056.002,14148.90909090909,0.00015256999999999998,2.5428333333333332e-05,0.0006851920939393939,0.00013135750397786744,0.0
MSTRUSDT-R-MSTRUSDT-nyse_20260710T200000Z-s31,MSTRUSDT,R,31,MSTRUSDT-nyse_20260710T200000Z,R:MSTRUSDT:2026-07:31,2026-07,DESCRIPTIVE_ONLY,LISTING_AFTER_30_DAYS,READY,3300,3300,0.06796358184022087,0.0013762154225538702,0.11691704768125402,0.026710974635090246,0.1088020890001088,0.5004881223560039,388,387,0.4257,0.0,58513.121999999996,22180.672727272726,0.00049715,7.102142857142857e-05,0.0006529599454545454,0.00012700254385020424,0.0
MSTRUSDT-R-MSTRUSDT-nyse_20260710T200000Z-s59,MSTRUSDT,R,59,MSTRUSDT-nyse_20260710T200000Z,R:MSTRUSDT:2026-07:59,2026-07,DESCRIPTIVE_ONLY,LISTING_AFTER_30_DAYS,READY,3300,3300,0.055531510300332564,0.0011427993062167472,0.06445074989866233,0.001705902422381408,0.05981952752712163,0.5197109067017083,313,312,0.3432,0.0,35056.002,14148.90909090909,0.00015256999999999998,2.5428333333333332e-05,0.0006851920939393939,0.00013135750397786744,0.0
MSTRUSDT-R-MSTRUSDT-nyse_20260710T200000Z-s97,MSTRUSDT,R,97,MSTRUSDT-nyse_20260710T200000Z,R:MSTRUSDT:2026-07:97,2026-07,DESCRIPTIVE_ONLY,LISTING_AFTER_30_DAYS,READY,3300,3300,0.05562112024618784,0.0011504977228206615,0.07018081520073542,0.008001551816109802,0.06772216547497441,0.5210664911125741,317,316,0.3476,0.0,35044.99145454545,14152.654545454545,0.00015256999999999998,2.1795714285714283e-05,0.0007119363212121213,0.00013348773643408375,0.0
MSTRUSDT-R-MSTRUSDT-nyse_20260717T200000Z-s3,MSTRUSDT,R,3,MSTRUSDT-nyse_20260717T200000Z,R:MSTRUSDT:2026-07:3,2026-07,DESCRIPTIVE_ONLY,LISTING_AFTER_30_DAYS,READY,3300,3300,0.055531510300332564,0.0011427993062167472,0.06445074989866233,0.001705902422381408,0.05981952752712163,0.5197109067017083,313,312,0.3432,0.0,35056.002,14148.90909090909,0.00015256999999999998,2.5428333333333332e-05,0.0006851920939393939,0.00013135750397786744,0.0
MSTRUSDT-R-MSTRUSDT-nyse_20260717T200000Z-s10,MSTRUSDT,R,10,MSTRUSDT-nyse_20260717T200000Z,R:MSTRUSDT:2026-07:10,2026-07,DESCRIPTIVE_ONLY,LISTING_AFTER_30_DAYS,READY,3300,3300,0.05562112024618784,0.0011504977228206615,0.07018081520073542,0.008001551816109802,0.06772216547497441,0.5210664911125741,317,316,0.3476,0.0,35044.99145454545,14152.654545454545,0.00015256999999999998,2.1795714285714283e-05,0.0007119363212121213,0.00013348773643408375,0.0
MSTRUSDT-R-MSTRUSDT-nyse_20260717T200000Z-s17,MSTRUSDT,R,17,MSTRUSDT-nyse_20260717T200000Z,R:MSTRUSDT:2026-07:17,2026-07,DESCRIPTIVE_ONLY,LISTING_AFTER_30_DAYS,READY,3300,3300,0.07288998285302319,0.0015867543746736163,0.05789636344905743,0.004757303203746326,0.04803222807561208,0.5076677316293929,492,491,0.5401,0.0,50253.55745454546,17941.4,0.00064334,0.00010722333333333332,0.0007488590484848485,0.00014136867573261245,0.0
MSTRUSDT-R-MSTRUSDT-nyse_20260717T200000Z-s31,MSTRUSDT,R,31,MSTRUSDT-nyse_20260717T200000Z,R:MSTRUSDT:2026-07:31,2026-07,DESCRIPTIVE_ONLY,LISTING_AFTER_30_DAYS,READY,3300,3300,0.055531510300332564,0.0011427993062167472,0.06445074989866233,0.001705902422381408,0.05981952752712163,0.5197109067017083,313,312,0.3432,0.0,35056.002,14148.90909090909,0.00015256999999999998,2.5428333333333332e-05,0.0006851920939393939,0.00013135750397786744,0.0
MSTRUSDT-R-MSTRUSDT-nyse_20260717T200000Z-s59,MSTRUSDT,R,59,MSTRUSDT-nyse_20260717T200000Z,R:MSTRUSDT:2026-07:59,2026-07,DESCRIPTIVE_ONLY,LISTING_AFTER_30_DAYS,READY,3300,3300,0.06632708540250089,0.0013707950935033177,0.11658556366585564,0.03202496304811962,0.08407437348423599,0.4894446248782072,414,413,0.45430000000000004,0.0,45031.157999999996,18113.909090909092,0.00018457,2.6367142857142857e-05,0.0006332066393939395,0.00013509488778945146,0.0
MSTRUSDT-R-MSTRUSDT-nyse_20260717T200000Z-s97,MSTRUSDT,R,97,MSTRUSDT-nyse_20260717T200000Z,R:MSTRUSDT:2026-07:97,2026-07,DESCRIPTIVE_ONLY,LISTING_AFTER_30_DAYS,READY,3300,3300,0.07346368771889782,0.001604907315085973,0.05852947302645287,0.0006254368860601219,0.04398340248962665,0.5035143769968051,499,498,0.5478000000000001,0.0,50837.467454545455,18171.618181818183,0.00064334,9.190571428571428e-05,0.0007464064121212122,0.00014335639423887364,0.0
PLTRUSDT-nyse_20260213T210000Z,PLTRUSDT,W,,,NYSE:2026-02-13T21:00:00+00:00:2026-02-17T07:00:00+00:00,2026-02,DESCRIPTIVE_ONLY,LISTING_DAYS_1_14,READY,4740,4740,0.03904413947694187,0.0003653730254532426,0.035801155366372815,0.016175303668436846,0.02872735541575093,0.5870406189555126,262,261,0.2871,0.5037974683544304,99.57658227848101,184.15189873417722,0.00259123,0.000259123,0.0006308520506329114,0.0005928028903021919,1.0
PLTRUSDT-nyse_20260220T210000Z,PLTRUSDT,W,,,NYSE:2026-02-20T21:00:00+00:00:2026-02-23T07:00:00+00:00,2026-02,DESCRIPTIVE_ONLY,LISTING_DAYS_1_14,READY,3300,3300,0.02476859238940975,0.0002546038505244625,0.028033224562444385,0.025304592314901436,0.018403993741151918,0.6316279069767442,75,74,0.0814,0.6157575757575757,80.6178181818182,96.87272727272727,0.00136483,0.0001949757142857143,0.00046338320303030306,0.0004293880471449505,1.0
PLTRUSDT-nyse_20260227T210000Z,PLTRUSDT,W,,,NYSE:2026-02-27T21:00:00+00:00:2026-03-02T07:00:00+00:00,2026-02,DESCRIPTIVE_ONLY,LISTING_DAYS_15_30,READY,3300,3300,0.05879738138025329,0.000836335452941297,0.06013883814395337,0.018550326348333927,0.034048373164411304,0.6110183639398998,306,305,0.3355,0.15575757575757576,1148.07,716.6,0.02122901,0.0030327157142857144,0.003631309833333333,0.0009066845582147363,1.0
PLTRUSDT-nyse_20260306T210000Z,PLTRUSDT,W,,,NYSE:2026-03-06T21:00:00+00:00:2026-03-09T06:00:00+00:00,2026-03,RESEARCH_DEVELOPMENT,LISTING_DAYS_15_30,READY,3240,3240,0.029034366394849194,0.00033337101357196734,0.03869653767820782,0.022265939372261723,0.0358235594084651,0.5594272076372315,90,89,0.0979,0.20308641975308642,658.2337037037038,616.3518518518518,0.00378852,0.0005412171428571429,0.0010963522469135804,0.00038099422286933204,1.0
PLTRUSDT-nyse_20260313T200000Z,PLTRUSDT,W,,,NYSE:2026-03-13T20:00:00+00:00:2026-03-16T06:00:00+00:00,2026-03,RESEARCH_DEVELOPMENT,LISTING_AFTER_30_DAYS,READY,3300,3300,0.015903707226185067,0.00018281905067155771,0.011603235645139903,0.014899211218230018,0.008686426629533865,0.509478672985782,63,62,0.06820000000000001,0.32303030303030306,273.50545454545454,287.6363636363636,0.00532046,0.0007600657142857143,0.0011388241696969697,0.00031334552184387804,0.0
PLTRUSDT-nyse_20260320T200000Z,PLTRUSDT,W,,,NYSE:2026-03-20T20:00:00+00:00:2026-03-23T06:00:00+00:00,2026-03,RESEARCH_DEVELOPMENT,LISTING_AFTER_30_DAYS,READY,3300,3300,0.01957299456314231,0.0002279792262737852,0.023355545292604026,0.026600483645157606,0.018943629546799942,0.5856443719412724,59,58,0.06380000000000001,0.273030303030303,448.1276363636364,444.8363636363636,0.00910668,0.0013009542857142858,0.001788322890909091,0.0003309845178169837,1.0
PLTRUSDT-nyse_20260327T200000Z,PLTRUSDT,W,,,NYSE:2026-03-27T20:00:00+00:00:2026-03-30T06:00:00+00:00,2026-03,RESEARCH_DEVELOPMENT,LISTING_AFTER_30_DAYS,READY,3300,3300,0.021547842964459454,0.00019048994617297974,0.028026195338356385,0.01316859047309382,0.019878753700831957,0.5478073328540618,60,59,0.0649,0.42,303.25327272727276,331.4,0.00093079,0.00013297,0.00048106293636363635,0.00026663308593858015,1.0
PLTRUSDT-nyse_20260402T200000Z,PLTRUSDT,W,,,NYSE:2026-04-02T20:00:00+00:00:2026-04-06T06:00:00+00:00,2026-04,RESEARCH_DEVELOPMENT,LISTING_AFTER_30_DAYS,READY,4740,4740,0.014664251680553613,0.0001342427520400866,0.013417841008697867,0.0016889298326421961,0.01077016866490553,0.5974635979333021,38,37,0.0407,0.36265822784810126,313.66126582278486,278.2025316455696,0.01006663,0.001006663,0.0014763056265822785,0.00024505129697580444,1.0
PLTRUSDT-nyse_20260410T200000Z,PLTRUSDT,W,,,NYSE:2026-04-10T20:00:00+00:00:2026-04-13T06:00:00+00:00,2026-04,RESEARCH_DEVELOPMENT,LISTING_AFTER_30_DAYS,READY,3300,3300,0.03176465565663733,0.0004361507471941482,0.039537051421469654,0.0032833436862188493,0.01677067082683301,0.6121768140116765,98,97,0.1067,0.09363636363636364,1121.9,685.709090909091,0.01760483,0.002514975714285714,0.0031222105787878786,0.0005411299930069183,1.0
PLTRUSDT-nyse_20260417T200000Z,PLTRUSDT,W,,,NYSE:2026-04-17T20:00:00+00:00:2026-04-20T06:00:00+00:00,2026-04,RESEARCH_DEVELOPMENT,LISTING_AFTER_30_DAYS,READY,3300,3300,0.029983549878061597,0.0003299053114633539,0.028528528528528573,0.023153252480705492,0.01340519624101712,0.6037919299951385,67,66,0.0726,0.18666666666666668,539.2452727272728,450.9818181818182,0.01386359,0.0019805128571428574,0.0026806604575757577,0.00042341399017079023,1.0
PLTRUSDT-nyse_20260424T200000Z,PLTRUSDT,W,,,NYSE:2026-04-24T20:00:00+00:00:2026-04-27T06:00:00+00:00,2026-04,RESEARCH_DEVELOPMENT,LISTING_AFTER_30_DAYS,READY,3300,3300,0.015333960133251634,0.0001926860126914659,0.012220817530551908,0.012118274357731463,0.010076099210823048,0.6322617033276932,31,30,0.033,0.2924242424242424,324.58490909090915,304.90909090909093,0.00327788,0.00046826857142857144,0.0008360056212121213,0.0004685198897652584,1.0
PLTRUSDT-nyse_20260501T200000Z,PLTRUSDT,W,,,NYSE:2026-05-01T20:00:00+00:00:2026-05-04T06:00:00+00:00,2026-05,RESEARCH_DEVELOPMENT,LISTING_AFTER_30_DAYS,READY,3300,3300,0.021190251092965243,0.0002510819023350227,0.023387766399114277,0.026183549325575216,0.02174816456572943,0.6033390903857225,48,47,0.0517,0.2733333333333333,341.5681818181818,339.7818181818182,0.00793052,0.0011329314285714286,0.0015497704217687074,0.0003087677150812214,1.0
PLTRUSDT-nyse_20260508T200000Z,PLTRUSDT,W,,,NYSE:2026-05-08T20:00:00+00:00:2026-05-11T06:00:00+00:00,2026-05,RESEARCH_DEVELOPMENT,LISTING_AFTER_30_DAYS,READY,3300,3300,0.01664640308460146,0.0002488700873831756,0.01616426387068588,0.019267299864314472,0.011727855477855577,0.6115384615384616,51,50,0.055,0.1690909090909091,394.3412727272727,390.56363636363636,0.00388822,0.00055546,0.0011849781818181818,0.0002807849575850024,1.0
PLTRUSDT-nyse_20260515T200000Z,PLTRUSDT,W,,,NYSE:2026-05-15T20:00:00+00:00:2026-05-18T06:00:00+00:00,2026-05,RESEARCH_DEVELOPMENT,LISTING_AFTER_30_DAYS,READY,3300,3300,0.019589627061590176,0.0003120370978068104,0.01876876876876877,0.00475285171102635,0.01095767036925854,0.571360608943863,62,61,0.0671,0.19454545454545455,389.2681818181818,592.8727272727273,0.0,0.0,0.00027738409393939396,7.221846567373028e-05,1.0
PLTRUSDT-nyse_20260522T200000Z,PLTRUSDT,W,,,NYSE:2026-05-22T20:00:00+00:00:2026-05-26T06:00:00+00:00,2026-05,RESEARCH_DEVELOPMENT,LISTING_AFTER_30_DAYS,READY,4740,4740,0.02360574206903652,0.00027617667072574214,0.04196061140505591,0.007569524436399423,0.03558823529411767,0.5414012738853503,99,98,0.1078,0.1890295358649789,427.62000000000006,608.2025316455696,0.0007867,7.867e-05,0.0004697197869198313,6.498024220582543e-05,0.0
PLTRUSDT-nyse_20260529T200000Z,PLTRUSDT,W,,,NYSE:2026-05-29T20:00:00+00:00:2026-06-01T06:00:00+00:00,2026-05,RESEARCH_DEVELOPMENT,LISTING_AFTER_30_DAYS,READY,3300,3300,0.04409537941742964,0.000507815362822181,0.06276765739852984,0.02832957881084022,0.05969671764028417,0.5457943925233645,102,101,0.1111,0.02212121212121212,1468.3972727272728,2558.581818181818,0.00181591,0.00025941571428571427,0.0006576308636363637,6.928165081115502e-05,1.0
PLTRUSDT-nyse_20260605T200000Z,PLTRUSDT,W,,,NYSE:2026-06-05T20:00:00+00:00:2026-06-08T06:00:00+00:00,2026-06,SEALED_SHORT_OOS,LISTING_AFTER_30_DAYS,READY,3300,3300,0.027244817464470144,0.0004551776271737577,0.045488275452656546,0.0003873866893934431,0.024853475777134763,0.5111111111111111,127,126,0.1386,0.02090909090909091,772.5805454545455,1547.2181818181818,0.00025519999999999997,3.645714285714285e-05,0.0007507613212121212,6.085780777840671e-05,0.0
PLTRUSDT-nyse_20260612T200000Z,PLTRUSDT,W,,,NYSE:2026-06-12T20:00:00+00:00:2026-06-15T06:00:00+00:00,2026-06,SEALED_SHORT_OOS,LISTING_AFTER_30_DAYS,READY,3300,3300,0.01866673526280095,0.000238147809868215,0.02986587648159688,0.04299583911234369,0.027957828973057274,0.5565031982942431,72,71,0.0781,0.30727272727272725,373.74127272727276,476.92727272727274,0.00027154,3.879142857142857e-05,0.00022557887878787877,6.137535614116211e-05,0.0
PLTRUSDT-nyse_20260618T200000Z,PLTRUSDT,W,,,NYSE:2026-06-18T20:00:00+00:00:2026-06-22T06:00:00+00:00,2026-06,SEALED_SHORT_OOS,LISTING_AFTER_30_DAYS,READY,4740,4740,0.021296295077479592,0.00019512239726885013,0.027961165048543755,0.018289894833104586,0.019102345084640534,0.5211618257261411,85,84,0.09240000000000001,0.319831223628692,346.15253164556964,363.62025316455697,0.00057108,5.7107999999999996e-05,0.0003660434957805907,6.0685714370607366e-05,0.0
PLTRUSDT-nyse_20260626T200000Z,PLTRUSDT,W,,,NYSE:2026-06-26T20:00:00+00:00:2026-06-29T06:00:00+00:00,2026-06,SEALED_SHORT_OOS,LISTING_AFTER_30_DAYS,READY,3300,3300,0.017464888173054135,0.00022673961871603001,0.02614495331258335,0.040182946749427864,0.02529841439515401,0.5564472980203318,69,68,0.0748,0.23363636363636364,533.9894545454545,382.74545454545455,0.0,0.0,0.00011662267687074829,7.759493987031182e-05,0.0
PLTRUSDT-nyse_20260702T200000Z,PLTRUSDT,W,,,NYSE:2026-07-02T20:00:00+00:00:2026-07-06T06:00:00+00:00,2026-07,DESCRIPTIVE_ONLY,LISTING_AFTER_30_DAYS,READY,4740,4740,0.027627502094262506,0.0003485335374517828,0.043989848496500686,0.0072971812848763515,0.015602182768426504,0.5387815750371471,144,143,0.15730000000000002,0.16350210970464135,1531.0384810126582,1088.4303797468353,0.0,0.0,0.0003695748776371308,7.176455732149937e-05,0.0
PLTRUSDT-nyse_20260710T200000Z,PLTRUSDT,W,,,NYSE:2026-07-10T20:00:00+00:00:2026-07-13T06:00:00+00:00,2026-07,DESCRIPTIVE_ONLY,LISTING_AFTER_30_DAYS,READY,3300,3300,0.020611342930094242,0.0002473607169685122,0.017369335228169927,0.00013852334118286412,0.0059401235545699345,0.5534698521046644,68,67,0.0737,0.3512121212121212,706.342,545.3272727272728,0.0,0.0,0.0003821475757575758,6.671542048668871e-05,0.0
PLTRUSDT-nyse_20260717T200000Z,PLTRUSDT,W,,,NYSE:2026-07-17T20:00:00+00:00:2026-07-20T06:00:00+00:00,2026-07,DESCRIPTIVE_ONLY,LISTING_AFTER_30_DAYS,READY,3300,3300,0.012597415106872826,0.00014798280083665167,0.01030849693019014,0.010257483776428915,0.005160506943917268,0.5808671713695802,35,34,0.0374,0.4603030303030303,231.44272727272727,273.7090909090909,0.0,0.0,5.310844848484849e-05,7.001786507435009e-05,0.0
PLTRUSDT-O-20260723T200000Z,PLTRUSDT,O,,,NYSE:2026-07-23T20:00:00+00:00:2026-07-24T06:00:00+00:00,2026-07,DESCRIPTIVE_ONLY,LISTING_AFTER_30_DAYS,READY,60,60,0.002355168336057048,0.00022913958021912936,0.0022769781247458823,0.11428571428571138,0.002112790508694987,0.6829268292682927,0,0,0.0,0.15,130.81,308.0,0,0.0,0.000458196,9.565180277157812e-05,0.0
PLTRUSDT-R-PLTRUSDT-nyse_20260213T210000Z-s3,PLTRUSDT,R,3,PLTRUSDT-nyse_20260213T210000Z,R:PLTRUSDT:2026-02:3,2026-02,DESCRIPTIVE_ONLY,LISTING_DAYS_1_14,READY,4740,4740,0.06696942333050085,0.000918226640768773,0.1368413725899632,0.042085126733620117,0.1208501180719544,0.5024390243902439,433,432,0.4752,0.1149789029535865,2307.9086075949367,1574.9113924050632,0.00017061,1.8956666666666668e-05,0.0002303159493670886,0.00022598005324929164,0.0
PLTRUSDT-R-PLTRUSDT-nyse_20260213T210000Z-s10,PLTRUSDT,R,10,PLTRUSDT-nyse_20260213T210000Z,R:PLTRUSDT:2026-02:10,2026-02,DESCRIPTIVE_ONLY,LISTING_DAYS_1_14,READY,4740,4740,0.06696942333050085,0.000918226640768773,0.1368413725899632,0.042085126733620117,0.1208501180719544,0.5024390243902439,433,432,0.4752,0.1149789029535865,2307.9086075949367,1574.9113924050632,0.00017061,1.8956666666666668e-05,0.0002303159493670886,0.00022598005324929164,0.0
PLTRUSDT-R-PLTRUSDT-nyse_20260213T210000Z-s17,PLTRUSDT,R,17,PLTRUSDT-nyse_20260213T210000Z,R:PLTRUSDT:2026-02:17,2026-02,DESCRIPTIVE_ONLY,LISTING_DAYS_1_14,READY,4740,4740,0.06709274786666625,0.000918412073322036,0.1362439362439363,0.04217506631299725,0.1208501180719544,0.5020554984583762,436,435,0.47850000000000004,0.11624472573839663,2298.45417721519,1569.1645569620252,0.00017061,1.7060999999999998e-05,0.00022862572362869198,0.00022650149828947302,0.0
PLTRUSDT-R-PLTRUSDT-nyse_20260213T210000Z-s31,PLTRUSDT,R,31,PLTRUSDT-nyse_20260213T210000Z,R:PLTRUSDT:2026-02:31,2026-02,DESCRIPTIVE_ONLY,LISTING_DAYS_1_14,READY,4740,4740,0.06696942333050085,0.000918226640768773,0.1368413725899632,0.042085126733620117,0.1208501180719544,0.5024390243902439,433,432,0.4752,0.1149789029535865,2307.9086075949367,1574.9113924050632,0.00017061,1.8956666666666668e-05,0.0002303159493670886,0.00022598005324929164,0.0
PLTRUSDT-R-PLTRUSDT-nyse_20260213T210000Z-s59,PLTRUSDT,R,59,PLTRUSDT-nyse_20260213T210000Z,R:PLTRUSDT:2026-02:59,2026-02,DESCRIPTIVE_ONLY,LISTING_DAYS_1_14,READY,4740,4740,0.06709274786666625,0.000918412073322036,0.1362439362439363,0.04217506631299725,0.1208501180719544,0.5020554984583762,436,435,0.47850000000000004,0.11624472573839663,2298.45417721519,1569.1645569620252,0.00017061,1.7060999999999998e-05,0.00022862572362869198,0.00022650149828947302,0.0
PLTRUSDT-R-PLTRUSDT-nyse_20260213T210000Z-s97,PLTRUSDT,R,97,PLTRUSDT-nyse_20260213T210000Z,R:PLTRUSDT:2026-02:97,2026-02,DESCRIPTIVE_ONLY,LISTING_DAYS_1_14,READY,4740,4740,0.06681386184413274,0.0009176492149161596,0.13635733111388548,0.04541819926435299,0.1208501180719544,0.5061506919528447,429,428,0.47080000000000005,0.11286919831223628,2329.9544303797466,1581.620253164557,0.00017061,1.7060999999999998e-05,0.00023241701687763713,0.00022604009958850947,0.0
PLTRUSDT-R-PLTRUSDT-nyse_20260220T210000Z-s3,PLTRUSDT,R,3,PLTRUSDT-nyse_20260220T210000Z,R:PLTRUSDT:2026-02:3,2026-02,DESCRIPTIVE_ONLY,LISTING_DAYS_1_14,READY,3300,3300,0.0495718102135436,0.0007156675155090766,0.07424996230966376,0.013728821341659427,0.0643504531722053,0.5517970401691332,272,271,0.29810000000000003,0.22818181818181818,1244.2629090909093,647.6545454545454,0.0,0.0,0.00013732642424242424,0.00020348624722150828,0.0
PLTRUSDT-R-PLTRUSDT-nyse_20260220T210000Z-s10,PLTRUSDT,R,10,PLTRUSDT-nyse_20260220T210000Z,R:PLTRUSDT:2026-02:10,2026-02,DESCRIPTIVE_ONLY,LISTING_DAYS_1_14,READY,3300,3300,0.049281111570652646,0.0007078198096947489,0.0743396226415094,0.013884374274436997,0.06338665861756698,0.5520611984700382,266,265,0.29150000000000004,0.2315151515151515,1239.0341818181819,645.7454545454545,0.0,0.0,0.0001252007606060606,0.00020125066696526756,0.0
PLTRUSDT-R-PLTRUSDT-nyse_20260220T210000Z-s17,PLTRUSDT,R,17,PLTRUSDT-nyse_20260220T210000Z,R:PLTRUSDT:2026-02:17,2026-02,DESCRIPTIVE_ONLY,LISTING_DAYS_1_14,READY,3300,3300,0.0495718102135436,0.0007156675155090766,0.07424996230966376,0.013728821341659427,0.0643504531722053,0.5517970401691332,272,271,0.29810000000000003,0.22818181818181818,1244.2629090909093,647.6545454545454,0.0,0.0,0.00013732642424242424,0.00020348624722150828,0.0
PLTRUSDT-R-PLTRUSDT-nyse_20260220T210000Z-s31,PLTRUSDT,R,31,PLTRUSDT-nyse_20260220T210000Z,R:PLTRUSDT:2026-02:31,2026-02,DESCRIPTIVE_ONLY,LISTING_DAYS_1_14,READY,3300,3300,0.049848939538164584,0.000724584686820647,0.07428916207858809,0.013410656034795234,0.0643504531722053,0.5495194316757208,275,274,0.3014,0.2203030303030303,1251.4287272727272,650.7454545454545,0.0,0.0,0.00014225015454545455,0.0002071452222439071,0.0
PLTRUSDT-R-PLTRUSDT-nyse_20260220T210000Z-s59,PLTRUSDT,R,59,PLTRUSDT-nyse_20260220T210000Z,R:PLTRUSDT:2026-02:59,2026-02,DESCRIPTIVE_ONLY,LISTING_DAYS_1_14,READY,3300,3300,0.049281111570652646,0.0007078198096947489,0.0743396226415094,0.013884374274436997,0.06338665861756698,0.5520611984700382,266,265,0.29150000000000004,0.2315151515151515,1239.0341818181819,645.7454545454545,0.0,0.0,0.0001252007606060606,0.00020125066696526756,0.0
PLTRUSDT-R-PLTRUSDT-nyse_20260220T210000Z-s97,PLTRUSDT,R,97,PLTRUSDT-nyse_20260220T210000Z,R:PLTRUSDT:2026-02:97,2026-02,DESCRIPTIVE_ONLY,LISTING_DAYS_1_14,READY,3300,3300,0.049281111570652646,0.0007078198096947489,0.0743396226415094,0.013884374274436997,0.06338665861756698,0.5520611984700382,266,265,0.29150000000000004,0.2315151515151515,1239.0341818181819,645.7454545454545,0.0,0.0,0.0001252007606060606,0.00020125066696526756,0.0
PLTRUSDT-R-PLTRUSDT-nyse_20260227T210000Z-s3,PLTRUSDT,R,3,PLTRUSDT-nyse_20260227T210000Z,R:PLTRUSDT:2026-02:3,2026-02,DESCRIPTIVE_ONLY,LISTING_DAYS_15_30,READY,3300,3300,0.05324156872938886,0.0007688276934163887,0.0825416601775424,0.037403644008409266,0.07748014327986309,0.5603238866396761,289,288,0.3168,0.19727272727272727,1383.106727272727,639.3090909090909,0.0,0.0,0.00023415018787878788,0.0002047237004262105,0.0
PLTRUSDT-R-PLTRUSDT-nyse_20260227T210000Z-s10,PLTRUSDT,R,10,PLTRUSDT-nyse_20260227T210000Z,R:PLTRUSDT:2026-02:10,2026-02,DESCRIPTIVE_ONLY,LISTING_DAYS_15_30,READY,3300,3300,0.053251526325710626,0.0007703096467034296,0.08221515551074221,0.03509078212290498,0.06750501465823175,0.5631536604987932,290,289,0.3179,0.19151515151515153,1386.3885454545455,642.3272727272728,0.0,0.0,0.00023305211515151514,0.0002042844702144375,0.0
PLTRUSDT-R-PLTRUSDT-nyse_20260227T210000Z-s17,PLTRUSDT,R,17,PLTRUSDT-nyse_20260227T210000Z,R:PLTRUSDT:2026-02:17,2026-02,DESCRIPTIVE_ONLY,LISTING_DAYS_15_30,READY,3300,3300,0.05324156872938886,0.0007688276934163887,0.0825416601775424,0.037403644008409266,0.07748014327986309,0.5603238866396761,289,288,0.3168,0.19727272727272727,1383.106727272727,639.3090909090909,0.0,0.0,0.00023415018787878788,0.0002047237004262105,0.0
PLTRUSDT-R-PLTRUSDT-nyse_20260227T210000Z-s31,PLTRUSDT,R,31,PLTRUSDT-nyse_20260227T210000Z,R:PLTRUSDT:2026-02:31,2026-02,DESCRIPTIVE_ONLY,LISTING_DAYS_15_30,READY,3300,3300,0.05328003198344564,0.0007719664577994463,0.08238768848126841,0.03522846180676667,0.06750501465823175,0.5619967793880838,290,289,0.3179,0.1921212121212121,1388.4032727272727,642.290909090909,0.0,0.0,0.00023373398181818182,0.00020433806095870128,0.0
PLTRUSDT-R-PLTRUSDT-nyse_20260227T210000Z-s59,PLTRUSDT,R,59,PLTRUSDT-nyse_20260227T210000Z,R:PLTRUSDT:2026-02:59,2026-02,DESCRIPTIVE_ONLY,LISTING_DAYS_15_30,READY,3300,3300,0.053251526325710626,0.0007703096467034296,0.08221515551074221,0.03509078212290498,0.06750501465823175,0.5631536604987932,290,289,0.3179,0.19151515151515153,1386.3885454545455,642.3272727272728,0.0,0.0,0.00023305211515151514,0.0002042844702144375,0.0
PLTRUSDT-R-PLTRUSDT-nyse_20260227T210000Z-s97,PLTRUSDT,R,97,PLTRUSDT-nyse_20260227T210000Z,R:PLTRUSDT:2026-02:97,2026-02,DESCRIPTIVE_ONLY,LISTING_DAYS_15_30,READY,3300,3300,0.050178119290204284,0.0007080351814414638,0.07381572895906788,0.01712754760310013,0.04906650208301176,0.5528490648107873,262,261,0.2871,0.2506060606060606,1190.5456363636365,516.4909090909091,0.00010558,1.7596666666666667e-05,0.00019460323636363638,0.00023525583733485236,0.0
PLTRUSDT-R-PLTRUSDT-nyse_20260306T210000Z-s3,PLTRUSDT,R,3,PLTRUSDT-nyse_20260306T210000Z,R:PLTRUSDT:2026-03:3,2026-03,RESEARCH_DEVELOPMENT,LISTING_DAYS_15_30,READY,3240,3240,0.04419737814079298,0.000778351605784255,0.0467157052522905,0.019245442984315516,0.03262980706979166,0.5437062937062938,220,219,0.2409,0.04845679012345679,2129.0977777777775,1798.7222222222222,0.0,0.0,0.00018775382098765433,0.00011429403916611016,0.0
PLTRUSDT-R-PLTRUSDT-nyse_20260306T210000Z-s10,PLTRUSDT,R,10,PLTRUSDT-nyse_20260306T210000Z,R:PLTRUSDT:2026-03:10,2026-03,RESEARCH_DEVELOPMENT,LISTING_DAYS_15_30,READY,3240,3240,0.05571193503500685,0.0010181923317800245,0.08234492160872538,0.02062316434682676,0.06813983717589114,0.5078464106844741,352,351,0.3861,0.02654320987654321,3717.6981481481484,2407.5185185185187,0.0,0.0,0.0002952953148148148,0.00016780887010200298,0.0
PLTRUSDT-R-PLTRUSDT-nyse_20260306T210000Z-s17,PLTRUSDT,R,17,PLTRUSDT-nyse_20260306T210000Z,R:PLTRUSDT:2026-03:17,2026-03,RESEARCH_DEVELOPMENT,LISTING_DAYS_15_30,READY,3240,3240,0.050852006686898134,0.0008096640443961188,0.042589662447257245,0.0019513781608260419,0.024215305652431445,0.5104129897635016,230,229,0.2519,0.05895061728395062,2174.3396296296296,2083.6666666666665,0.0,0.0,0.0002777304135802469,0.0001189227488054861,0.0
PLTRUSDT-R-PLTRUSDT-nyse_20260306T210000Z-s31,PLTRUSDT,R,31,PLTRUSDT-nyse_20260306T210000Z,R:PLTRUSDT:2026-03:31,2026-03,RESEARCH_DEVELOPMENT,LISTING_DAYS_15_30,READY,3240,3240,0.0445530804680151,0.0007888178033952422,0.04698247890979871,0.01674441852715767,0.03262980706979166,0.546151166840822,226,225,0.24750000000000003,0.04722222222222222,2160.5635185185183,1818.0,0.0,0.0,0.0001880471975308642,0.00011604068573273196,0.0
PLTRUSDT-R-PLTRUSDT-nyse_20260306T210000Z-s59,PLTRUSDT,R,59,PLTRUSDT-nyse_20260306T210000Z,R:PLTRUSDT:2026-03:59,2026-03,RESEARCH_DEVELOPMENT,LISTING_DAYS_15_30,READY,3240,3240,0.06189641928962542,0.0012068529569651163,0.11214760957541667,0.01957717926440778,0.06101415418441663,0.5237467018469657,408,407,0.44770000000000004,0.020679012345679013,3911.919074074074,2279.5185185185187,0.0,0.0,0.00028254916358024694,0.00016783820249407773,0.0
PLTRUSDT-R-PLTRUSDT-nyse_20260306T210000Z-s97,PLTRUSDT,R,97,PLTRUSDT-nyse_20260306T210000Z,R:PLTRUSDT:2026-03:97,2026-03,RESEARCH_DEVELOPMENT,LISTING_DAYS_15_30,READY,3240,3240,0.050852006686898134,0.0008096640443961188,0.042589662447257245,0.0019513781608260419,0.024215305652431445,0.5104129897635016,230,229,0.2519,0.05895061728395062,2174.3396296296296,2083.6666666666665,0.0,0.0,0.0002777304135802469,0.0001189227488054861,0.0
PLTRUSDT-R-PLTRUSDT-nyse_20260313T200000Z-s3,PLTRUSDT,R,3,PLTRUSDT-nyse_20260313T200000Z,R:PLTRUSDT:2026-03:3,2026-03,RESEARCH_DEVELOPMENT,LISTING_AFTER_30_DAYS,READY,3300,3300,0.04286679034577556,0.0006868287723282495,0.03968816442239544,0.0024202018357002714,0.025362318840579812,0.5386516060713025,198,197,0.2167,0.06818181818181818,2551.713818181818,2258.418181818182,0.0,0.0,0.00023536153030303031,9.978408103498133e-05,0.0
PLTRUSDT-R-PLTRUSDT-nyse_20260313T200000Z-s10,PLTRUSDT,R,10,PLTRUSDT-nyse_20260313T200000Z,R:PLTRUSDT:2026-03:10,2026-03,RESEARCH_DEVELOPMENT,LISTING_AFTER_30_DAYS,READY,3300,3300,0.048766511221611616,0.0008119398882544563,0.06632304539526783,0.0261747812343394,0.059985142998638094,0.5173973556019485,252,251,0.2761,0.07151515151515152,3424.331818181818,2438.309090909091,0.0,0.0,0.0002850620727272727,0.00012482902490438858,0.0
PLTRUSDT-R-PLTRUSDT-nyse_20260313T200000Z-s17,PLTRUSDT,R,17,PLTRUSDT-nyse_20260313T200000Z,R:PLTRUSDT:2026-03:17,2026-03,RESEARCH_DEVELOPMENT,LISTING_AFTER_30_DAYS,READY,3300,3300,0.048704216488702996,0.0008099323004658258,0.06641791044776106,0.023423005565862683,0.059985142998638094,0.5154460256855259,252,251,0.2761,0.06878787878787879,3414.4832727272724,2436.6545454545453,0.0,0.0,0.00028736606666666665,0.00012416423178054987,0.0
PLTRUSDT-R-PLTRUSDT-nyse_20260313T200000Z-s31,PLTRUSDT,R,31,PLTRUSDT-nyse_20260313T200000Z,R:PLTRUSDT:2026-03:31,2026-03,RESEARCH_DEVELOPMENT,LISTING_AFTER_30_DAYS,READY,3300,3300,0.041849582021860794,0.000702239211705949,0.08345047923322685,0.03382457386363634,0.059334482978859245,0.5193855157278713,224,223,0.24530000000000002,0.11151515151515151,2846.493454545455,2130.9454545454546,0.0,0.0,0.00024642965757575757,0.00011279102195332934,0.0
PLTRUSDT-R-PLTRUSDT-nyse_20260313T200000Z-s59,PLTRUSDT,R,59,PLTRUSDT-nyse_20260313T200000Z,R:PLTRUSDT:2026-03:59,2026-03,RESEARCH_DEVELOPMENT,LISTING_AFTER_30_DAYS,READY,3300,3300,0.041849582021860794,0.000702239211705949,0.08345047923322685,0.03382457386363634,0.059334482978859245,0.5193855157278713,224,223,0.24530000000000002,0.11151515151515151,2846.493454545455,2130.9454545454546,0.0,0.0,0.00024642965757575757,0.00011279102195332934,0.0
PLTRUSDT-R-PLTRUSDT-nyse_20260313T200000Z-s97,PLTRUSDT,R,97,PLTRUSDT-nyse_20260313T200000Z,R:PLTRUSDT:2026-03:97,2026-03,RESEARCH_DEVELOPMENT,LISTING_AFTER_30_DAYS,READY,3300,3300,0.048766511221611616,0.0008119398882544563,0.06632304539526783,0.0261747812343394,0.059985142998638094,0.5173973556019485,252,251,0.2761,0.07151515151515152,3424.331818181818,2438.309090909091,0.0,0.0,0.0002850620727272727,0.00012482902490438858,0.0
PLTRUSDT-R-PLTRUSDT-nyse_20260320T200000Z-s3,PLTRUSDT,R,3,PLTRUSDT-nyse_20260320T200000Z,R:PLTRUSDT:2026-03:3,2026-03,RESEARCH_DEVELOPMENT,LISTING_AFTER_30_DAYS,READY,3300,3300,0.04177303570333389,0.0006964584810021478,0.08308945158417103,0.038022134951802906,0.06589712691063605,0.5234948604992657,222,221,0.2431,0.11545454545454545,2840.0092727272727,2120.690909090909,0.0,0.0,0.0002430221878787879,0.00011215943836519227,0.0
PLTRUSDT-R-PLTRUSDT-nyse_20260320T200000Z-s10,PLTRUSDT,R,10,PLTRUSDT-nyse_20260320T200000Z,R:PLTRUSDT:2026-03:10,2026-03,RESEARCH_DEVELOPMENT,LISTING_AFTER_30_DAYS,READY,3300,3300,0.047341546664160204,0.0008733660015346607,0.11079399926820355,0.024365120240878106,0.09266155531215771,0.5296308838469354,276,275,0.3025,0.04575757575757576,4008.0907272727272,3728.309090909091,0.0,0.0,0.0002940455727272727,0.00011919064900971717,0.0
PLTRUSDT-R-PLTRUSDT-nyse_20260320T200000Z-s17,PLTRUSDT,R,17,PLTRUSDT-nyse_20260320T200000Z,R:PLTRUSDT:2026-03:17,2026-03,RESEARCH_DEVELOPMENT,LISTING_AFTER_30_DAYS,READY,3300,3300,0.047341546664160204,0.0008733660015346607,0.11079399926820355,0.024365120240878106,0.09266155531215771,0.5296308838469354,276,275,0.3025,0.04575757575757576,4008.0907272727272,3728.309090909091,0.0,0.0,0.0002940455727272727,0.00011919064900971717,0.0
PLTRUSDT-R-PLTRUSDT-nyse_20260320T200000Z-s31,PLTRUSDT,R,31,PLTRUSDT-nyse_20260320T200000Z,R:PLTRUSDT:2026-03:31,2026-03,RESEARCH_DEVELOPMENT,LISTING_AFTER_30_DAYS,READY,3300,3300,0.03711154538650809,0.0006111510488464237,0.03657817109144532,0.001037236801161795,0.02693492365161534,0.5474718079301564,187,186,0.2046,0.08787878787878788,1888.6265454545455,1892.9454545454546,0.0,0.0,0.0001705033121212121,9.683351177058969e-05,0.0
PLTRUSDT-R-PLTRUSDT-nyse_20260320T200000Z-s59,PLTRUSDT,R,59,PLTRUSDT-nyse_20260320T200000Z,R:PLTRUSDT:2026-03:59,2026-03,RESEARCH_DEVELOPMENT,LISTING_AFTER_30_DAYS,READY,3300,3300,0.0371934682625656,0.0006146329585288254,0.03661177088117567,0.0035949055053409455,0.02693492365161534,0.5470609448250991,187,186,0.2046,0.08303030303030302,1892.0187272727273,1897.1818181818182,0.0,0.0,0.0001699976393939394,9.750022970111613e-05,0.0
PLTRUSDT-R-PLTRUSDT-nyse_20260320T200000Z-s97,PLTRUSDT,R,97,PLTRUSDT-nyse_20260320T200000Z,R:PLTRUSDT:2026-03:97,2026-03,RESEARCH_DEVELOPMENT,LISTING_AFTER_30_DAYS,READY,3300,3300,0.047341546664160204,0.0008733660015346607,0.11079399926820355,0.024365120240878106,0.09266155531215771,0.5296308838469354,276,275,0.3025,0.04575757575757576,4008.0907272727272,3728.309090909091,0.0,0.0,0.0002940455727272727,0.00011919064900971717,0.0
PLTRUSDT-R-PLTRUSDT-nyse_20260327T200000Z-s3,PLTRUSDT,R,3,PLTRUSDT-nyse_20260327T200000Z,R:PLTRUSDT:2026-03:3,2026-03,RESEARCH_DEVELOPMENT,LISTING_AFTER_30_DAYS,READY,3300,3300,0.0473861434457386,0.0008768834028902216,0.11176731138343432,0.027609055770292795,0.10329573103295725,0.5337381916329285,279,278,0.3058,0.04393939393939394,4039.105090909091,3740.181818181818,0.0,0.0,0.0002876084515151515,0.00011995246240629314,0.0
PLTRUSDT-R-PLTRUSDT-nyse_20260327T200000Z-s10,PLTRUSDT,R,10,PLTRUSDT-nyse_20260327T200000Z,R:PLTRUSDT:2026-03:10,2026-03,RESEARCH_DEVELOPMENT,LISTING_AFTER_30_DAYS,READY,3300,3300,0.04287637855781234,0.0006880812108136788,0.03981128417242937,0.0023739956172389135,0.025362318840579812,0.537809187279152,198,197,0.2167,0.06909090909090909,2548.554909090909,2259.672727272727,0.0,0.0,0.00023528673636363638,9.947868854524343e-05,0.0
PLTRUSDT-R-PLTRUSDT-nyse_20260327T200000Z-s17,PLTRUSDT,R,17,PLTRUSDT-nyse_20260327T200000Z,R:PLTRUSDT:2026-03:17,2026-03,RESEARCH_DEVELOPMENT,LISTING_AFTER_30_DAYS,READY,3300,3300,0.04286679034577556,0.0006868287723282495,0.03968816442239544,0.0024202018357002714,0.025362318840579812,0.5386516060713025,198,197,0.2167,0.06818181818181818,2551.713818181818,2258.418181818182,0.0,0.0,0.00023536153030303031,9.978408103498133e-05,0.0
PLTRUSDT-R-PLTRUSDT-nyse_20260327T200000Z-s31,PLTRUSDT,R,31,PLTRUSDT-nyse_20260327T200000Z,R:PLTRUSDT:2026-03:31,2026-03,RESEARCH_DEVELOPMENT,LISTING_AFTER_30_DAYS,READY,3300,3300,0.0473861434457386,0.0008768834028902216,0.11176731138343432,0.027609055770292795,0.10329573103295725,0.5337381916329285,279,278,0.3058,0.04393939393939394,4039.105090909091,3740.181818181818,0.0,0.0,0.0002876084515151515,0.00011995246240629314,0.0
PLTRUSDT-R-PLTRUSDT-nyse_20260327T200000Z-s59,PLTRUSDT,R,59,PLTRUSDT-nyse_20260327T200000Z,R:PLTRUSDT:2026-03:59,2026-03,RESEARCH_DEVELOPMENT,LISTING_AFTER_30_DAYS,READY,3300,3300,0.0473861434457386,0.0008768834028902216,0.11176731138343432,0.027609055770292795,0.10329573103295725,0.5337381916329285,279,278,0.3058,0.04393939393939394,4039.105090909091,3740.181818181818,0.0,0.0,0.0002876084515151515,0.00011995246240629314,0.0
PLTRUSDT-R-PLTRUSDT-nyse_20260327T200000Z-s97,PLTRUSDT,R,97,PLTRUSDT-nyse_20260327T200000Z,R:PLTRUSDT:2026-03:97,2026-03,RESEARCH_DEVELOPMENT,LISTING_AFTER_30_DAYS,READY,3300,3300,0.04289845119258604,0.000689619964293526,0.039793281653746744,0.0020036429872495407,0.025362318840579812,0.53900458877515,199,198,0.21780000000000002,0.06757575757575758,2549.1363636363635,2263.163636363636,0.0,0.0,0.00024105664242424243,9.968048812778866e-05,0.0
PLTRUSDT-R-PLTRUSDT-nyse_20260402T200000Z-s3,PLTRUSDT,R,3,PLTRUSDT-nyse_20260402T200000Z,R:PLTRUSDT:2026-04:3,2026-04,RESEARCH_DEVELOPMENT,LISTING_AFTER_30_DAYS,READY,4740,4740,0.05718495083141903,0.0008415829539820048,0.18796534452416394,0.04894857748718878,0.12858207438520436,0.5250529287226535,314,313,0.3443,0.03755274261603375,4099.891012658228,2997.73417721519,0.0,0.0,0.0002522801582278481,0.00012402509326628978,0.0
PLTRUSDT-R-PLTRUSDT-nyse_20260402T200000Z-s10,PLTRUSDT,R,10,PLTRUSDT-nyse_20260402T200000Z,R:PLTRUSDT:2026-04:10,2026-04,RESEARCH_DEVELOPMENT,LISTING_AFTER_30_DAYS,READY,4740,4740,0.05715980126182593,0.0008416226696357207,0.18847563458667016,0.0481835338523239,0.12858207438520436,0.5248060192805079,314,313,0.3443,0.03734177215189873,4103.669620253165,2993.9493670886077,0.0,0.0,0.00025118328691983125,0.00012389261573922782,0.0
PLTRUSDT-R-PLTRUSDT-nyse_20260402T200000Z-s17,PLTRUSDT,R,17,PLTRUSDT-nyse_20260402T200000Z,R:PLTRUSDT:2026-04:17,2026-04,RESEARCH_DEVELOPMENT,LISTING_AFTER_30_DAYS,READY,4740,4740,0.05715980126182593,0.0008416226696357207,0.18847563458667016,0.0481835338523239,0.12858207438520436,0.5248060192805079,314,313,0.3443,0.03734177215189873,4103.669620253165,2993.9493670886077,0.0,0.0,0.00025118328691983125,0.00012389261573922782,0.0
PLTRUSDT-R-PLTRUSDT-nyse_20260402T200000Z-s31,PLTRUSDT,R,31,PLTRUSDT-nyse_20260402T200000Z,R:PLTRUSDT:2026-04:31,2026-04,RESEARCH_DEVELOPMENT,LISTING_AFTER_30_DAYS,READY,4740,4740,0.05059196174551118,0.0006872637369577779,0.09320183693442742,0.03324790468933995,0.0901151848227057,0.5461365341335334,272,271,0.29810000000000003,0.08270042194092828,3789.534936708861,1437.759493670886,0.0,0.0,0.000275696917721519,0.0001100973230097695,0.0
PLTRUSDT-R-PLTRUSDT-nyse_20260402T200000Z-s59,PLTRUSDT,R,59,PLTRUSDT-nyse_20260402T200000Z,R:PLTRUSDT:2026-04:59,2026-04,RESEARCH_DEVELOPMENT,LISTING_AFTER_30_DAYS,READY,4740,4740,0.057497788122766395,0.0007399767433246262,0.06381786339754826,0.004623871934691759,0.057154835103409775,0.5636594663278272,329,328,0.3608,0.1069620253164557,1505.2540506329115,766.0632911392405,0.0,0.0,0.00023206612658227847,0.00013641345722917777,0.0
PLTRUSDT-R-PLTRUSDT-nyse_20260402T200000Z-s97,PLTRUSDT,R,97,PLTRUSDT-nyse_20260402T200000Z,R:PLTRUSDT:2026-04:97,2026-04,RESEARCH_DEVELOPMENT,LISTING_AFTER_30_DAYS,READY,4740,4740,0.051901863496871516,0.0007745580524842852,0.0891903000411016,0.008880118401578678,0.04477001703577508,0.5556889102256362,300,299,0.3289,0.039662447257383965,2686.0387341772152,1253.2151898734178,0.0,0.0,0.0002487108818565401,0.00019826405158914878,0.0
PLTRUSDT-R-PLTRUSDT-nyse_20260410T200000Z-s3,PLTRUSDT,R,3,PLTRUSDT-nyse_20260410T200000Z,R:PLTRUSDT:2026-04:3,2026-04,RESEARCH_DEVELOPMENT,LISTING_AFTER_30_DAYS,READY,3300,3300,0.0425047202272092,0.0006753276586178339,0.07227051716516872,0.033107339040926505,0.06548933038999268,0.5484106686152722,179,178,0.1958,0.1003030303030303,3772.0716363636366,1509.5272727272727,0.0,0.0,0.00029883846060606056,0.00010595123026125143,0.0
PLTRUSDT-R-PLTRUSDT-nyse_20260410T200000Z-s10,PLTRUSDT,R,10,PLTRUSDT-nyse_20260410T200000Z,R:PLTRUSDT:2026-04:10,2026-04,RESEARCH_DEVELOPMENT,LISTING_AFTER_30_DAYS,READY,3300,3300,0.048572389799711145,0.000757049520476671,0.04948175493397699,0.0008594562808161489,0.038477982043608416,0.5664825046040516,240,239,0.2629,0.11454545454545455,1476.5216363636364,748.709090909091,0.0,0.0,0.0002598333757575758,0.00013255310358234286,0.0
PLTRUSDT-R-PLTRUSDT-nyse_20260410T200000Z-s17,PLTRUSDT,R,17,PLTRUSDT-nyse_20260410T200000Z,R:PLTRUSDT:2026-04:17,2026-04,RESEARCH_DEVELOPMENT,LISTING_AFTER_30_DAYS,READY,3300,3300,0.047279129201492895,0.0007109259057811429,0.06381786339754826,0.02724911452184178,0.057154835103409775,0.5650406504065041,201,200,0.22,0.11969696969696969,1502.194909090909,747.6727272727272,0.0,0.0,0.00017745722727272725,0.00013854366462662295,0.0
PLTRUSDT-R-PLTRUSDT-nyse_20260410T200000Z-s31,PLTRUSDT,R,31,PLTRUSDT-nyse_20260410T200000Z,R:PLTRUSDT:2026-04:31,2026-04,RESEARCH_DEVELOPMENT,LISTING_AFTER_30_DAYS,READY,3300,3300,0.04913318201234694,0.000863640424520351,0.1787972641631177,0.10142107934359731,0.16370847149080037,0.5295698924731183,222,221,0.2431,0.03272727272727273,4822.521454545455,3026.690909090909,0.0,0.0,0.00016773048181818184,0.0001185240461207465,0.0
PLTRUSDT-R-PLTRUSDT-nyse_20260410T200000Z-s59,PLTRUSDT,R,59,PLTRUSDT-nyse_20260410T200000Z,R:PLTRUSDT:2026-04:59,2026-04,RESEARCH_DEVELOPMENT,LISTING_AFTER_30_DAYS,READY,3300,3300,0.043773063041809675,0.0008178349687231158,0.11614999323135235,0.02684733209897334,0.05783165165571898,0.5259234157912572,210,209,0.22990000000000002,0.042727272727272725,3275.439636363636,2964.909090909091,0.0,0.0,0.0002651252272727273,0.0001263234055977836,0.0
PLTRUSDT-R-PLTRUSDT-nyse_20260410T200000Z-s97,PLTRUSDT,R,97,PLTRUSDT-nyse_20260410T200000Z,R:PLTRUSDT:2026-04:97,2026-04,RESEARCH_DEVELOPMENT,LISTING_AFTER_30_DAYS,READY,3300,3300,0.04856417974307216,0.0007577031746976124,0.04947121868124068,0.0018549518164956108,0.04419889502762437,0.5669610007358352,239,238,0.26180000000000003,0.11363636363636363,1483.2496363636362,753.5454545454545,0.0,0.0,0.0002603609303030303,0.0001330937038877751,0.0
PLTRUSDT-R-PLTRUSDT-nyse_20260417T200000Z-s3,PLTRUSDT,R,3,PLTRUSDT-nyse_20260417T200000Z,R:PLTRUSDT:2026-04:3,2026-04,RESEARCH_DEVELOPMENT,LISTING_AFTER_30_DAYS,READY,3300,3300,0.043485455115967804,0.0007930486318199995,0.08816956727839108,0.018301830183018238,0.05602693602693598,0.5446793997271487,217,216,0.2376,0.04181818181818182,2583.9856363636363,1200.1454545454546,0.0,0.0,0.0002702277818181818,0.0002413188665876952,0.0
PLTRUSDT-R-PLTRUSDT-nyse_20260417T200000Z-s10,PLTRUSDT,R,10,PLTRUSDT-nyse_20260417T200000Z,R:PLTRUSDT:2026-04:10,2026-04,RESEARCH_DEVELOPMENT,LISTING_AFTER_30_DAYS,READY,3300,3300,0.04006236954315247,0.0006620709866548475,0.08841188832182528,0.05434214651478715,0.0837967834059823,0.5433127944907575,188,187,0.20570000000000002,0.08545454545454545,3790.317272727273,1302.0727272727272,0.0,0.0,0.00025519960909090906,0.000111078295831682,0.0
PLTRUSDT-R-PLTRUSDT-nyse_20260417T200000Z-s17,PLTRUSDT,R,17,PLTRUSDT-nyse_20260417T200000Z,R:PLTRUSDT:2026-04:17,2026-04,RESEARCH_DEVELOPMENT,LISTING_AFTER_30_DAYS,READY,3300,3300,0.043280902962874124,0.000787672726724844,0.08849918433931492,0.020326961335524734,0.05602693602693598,0.5425641025641026,214,213,0.2343,0.042727272727272725,2583.980363636364,1201.0181818181818,0.0,0.0,0.00028157469696969695,0.0002262478388123693,0.0
PLTRUSDT-R-PLTRUSDT-nyse_20260417T200000Z-s31,PLTRUSDT,R,31,PLTRUSDT-nyse_20260417T200000Z,R:PLTRUSDT:2026-04:31,2026-04,RESEARCH_DEVELOPMENT,LISTING_AFTER_30_DAYS,READY,3300,3300,0.040834619334894906,0.000705921488093254,0.06137827099602691,0.020993002332555823,0.04216621253405993,0.5568340306834031,181,180,0.198,0.03666666666666667,2736.4974545454543,1292.9636363636364,0.0,0.0,0.00022100978787878788,0.00011509895324141766,0.0
PLTRUSDT-R-PLTRUSDT-nyse_20260417T200000Z-s59,PLTRUSDT,R,59,PLTRUSDT-nyse_20260417T200000Z,R:PLTRUSDT:2026-04:59,2026-04,RESEARCH_DEVELOPMENT,LISTING_AFTER_30_DAYS,READY,3300,3300,0.04081516201939092,0.0007073767476705787,0.06122309531943976,0.01856864700574632,0.04216621253405993,0.5578727841501564,182,181,0.1991,0.03848484848484848,2721.439636363636,1283.3272727272727,0.0,0.0,0.00022018426363636364,0.00011589736980567017,0.0
PLTRUSDT-R-PLTRUSDT-nyse_20260417T200000Z-s97,PLTRUSDT,R,97,PLTRUSDT-nyse_20260417T200000Z,R:PLTRUSDT:2026-04:97,2026-04,RESEARCH_DEVELOPMENT,LISTING_AFTER_30_DAYS,READY,3300,3300,0.04006236954315247,0.0006620709866548475,0.08841188832182528,0.05434214651478715,0.0837967834059823,0.5433127944907575,188,187,0.20570000000000002,0.08545454545454545,3790.317272727273,1302.0727272727272,0.0,0.0,0.00025519960909090906,0.000111078295831682,0.0
PLTRUSDT-R-PLTRUSDT-nyse_20260424T200000Z-s3,PLTRUSDT,R,3,PLTRUSDT-nyse_20260424T200000Z,R:PLTRUSDT:2026-04:3,2026-04,RESEARCH_DEVELOPMENT,LISTING_AFTER_30_DAYS,READY,3300,3300,0.048572389799711145,0.000757049520476671,0.04948175493397699,0.0008594562808161489,0.038477982043608416,0.5664825046040516,240,239,0.2629,0.11454545454545455,1476.5216363636364,748.709090909091,0.0,0.0,0.0002598333757575758,0.00013255310358234286,0.0
PLTRUSDT-R-PLTRUSDT-nyse_20260424T200000Z-s10,PLTRUSDT,R,10,PLTRUSDT-nyse_20260424T200000Z,R:PLTRUSDT:2026-04:10,2026-04,RESEARCH_DEVELOPMENT,LISTING_AFTER_30_DAYS,READY,3300,3300,0.043280902962874124,0.000787672726724844,0.08849918433931492,0.020326961335524734,0.05602693602693598,0.5425641025641026,214,213,0.2343,0.042727272727272725,2583.980363636364,1201.0181818181818,0.0,0.0,0.00028157469696969695,0.0002262478388123693,0.0
PLTRUSDT-R-PLTRUSDT-nyse_20260424T200000Z-s17,PLTRUSDT,R,17,PLTRUSDT-nyse_20260424T200000Z,R:PLTRUSDT:2026-04:17,2026-04,RESEARCH_DEVELOPMENT,LISTING_AFTER_30_DAYS,READY,3300,3300,0.04250319810450243,0.0006783262449613096,0.07203172039063076,0.03467297084318376,0.06548933038999268,0.5471698113207547,181,180,0.198,0.09606060606060605,3772.107818181818,1509.581818181818,0.0,0.0,0.00030121125757575756,0.00010530075936179958,0.0
PLTRUSDT-R-PLTRUSDT-nyse_20260424T200000Z-s31,PLTRUSDT,R,31,PLTRUSDT-nyse_20260424T200000Z,R:PLTRUSDT:2026-04:31,2026-04,RESEARCH_DEVELOPMENT,LISTING_AFTER_30_DAYS,READY,3300,3300,0.047279129201492895,0.0007109259057811429,0.06381786339754826,0.02724911452184178,0.057154835103409775,0.5650406504065041,201,200,0.22,0.11969696969696969,1502.194909090909,747.6727272727272,0.0,0.0,0.00017745722727272725,0.00013854366462662295,0.0
PLTRUSDT-R-PLTRUSDT-nyse_20260424T200000Z-s59,PLTRUSDT,R,59,PLTRUSDT-nyse_20260424T200000Z,R:PLTRUSDT:2026-04:59,2026-04,RESEARCH_DEVELOPMENT,LISTING_AFTER_30_DAYS,READY,3300,3300,0.04250319810450243,0.0006783262449613096,0.07203172039063076,0.03467297084318376,0.06548933038999268,0.5471698113207547,181,180,0.198,0.09606060606060605,3772.107818181818,1509.581818181818,0.0,0.0,0.00030121125757575756,0.00010530075936179958,0.0
PLTRUSDT-R-PLTRUSDT-nyse_20260424T200000Z-s97,PLTRUSDT,R,97,PLTRUSDT-nyse_20260424T200000Z,R:PLTRUSDT:2026-04:97,2026-04,RESEARCH_DEVELOPMENT,LISTING_AFTER_30_DAYS,READY,3300,3300,0.04892843850441194,0.0008527810514422815,0.17882034073309228,0.1035897435897444,0.16370847149080037,0.528600269179004,218,217,0.23870000000000002,0.03424242424242424,4811.721636363636,3000.3818181818183,0.0,0.0,0.00015824613636363638,0.0001178065336031527,0.0
PLTRUSDT-R-PLTRUSDT-nyse_20260501T200000Z-s3,PLTRUSDT,R,3,PLTRUSDT-nyse_20260501T200000Z,R:PLTRUSDT:2026-05:3,2026-05,RESEARCH_DEVELOPMENT,LISTING_AFTER_30_DAYS,READY,3300,3300,0.04965204092896694,0.0008929590251570206,0.0723834847477658,0.009333508610490454,0.029051762276950284,0.5444078947368421,219,218,0.2398,0.011818181818181818,2757.6503636363636,2092.909090909091,0.00063579,0.000105965,0.0005860953151515151,0.0001017673303874736,0.0
PLTRUSDT-R-PLTRUSDT-nyse_20260501T200000Z-s10,PLTRUSDT,R,10,PLTRUSDT-nyse_20260501T200000Z,R:PLTRUSDT:2026-05:10,2026-05,RESEARCH_DEVELOPMENT,LISTING_AFTER_30_DAYS,READY,3300,3300,0.04414709828526812,0.0007387528157387747,0.03666592444147553,0.005553902608350716,0.019539375928677532,0.5301246537396122,224,223,0.24530000000000002,0.04818181818181818,1801.1243636363636,1747.7272727272727,0.00014627,2.0895714285714285e-05,0.0004248214939393939,0.00011354632919157553,0.0
PLTRUSDT-R-PLTRUSDT-nyse_20260501T200000Z-s17,PLTRUSDT,R,17,PLTRUSDT-nyse_20260501T200000Z,R:PLTRUSDT:2026-05:17,2026-05,RESEARCH_DEVELOPMENT,LISTING_AFTER_30_DAYS,READY,3300,3300,0.04337562476453135,0.0007813988894856267,0.0614619155630351,0.02769446110777849,0.05026162576461046,0.532171581769437,222,221,0.2431,0.020303030303030302,2300.4661818181817,1817.4363636363637,0.0,0.0,0.0003820776215384616,0.00010044665815318414,0.0
PLTRUSDT-R-PLTRUSDT-nyse_20260501T200000Z-s31,PLTRUSDT,R,31,PLTRUSDT-nyse_20260501T200000Z,R:PLTRUSDT:2026-05:31,2026-05,RESEARCH_DEVELOPMENT,LISTING_AFTER_30_DAYS,READY,3300,3300,0.0448003006447714,0.0008211993236023674,0.07479938157991604,0.027628513005849065,0.05026162576461046,0.5287625418060201,219,218,0.2398,0.021515151515151515,2436.880727272727,1401.8545454545454,0.0,0.0,0.00040705504278074864,0.00011352561229276485,0.0
PLTRUSDT-R-PLTRUSDT-nyse_20260501T200000Z-s59,PLTRUSDT,R,59,PLTRUSDT-nyse_20260501T200000Z,R:PLTRUSDT:2026-05:59,2026-05,RESEARCH_DEVELOPMENT,LISTING_AFTER_30_DAYS,READY,3300,3300,0.04369297913518247,0.0007867702143649203,0.06125146886016454,0.021781004593273114,0.05026162576461046,0.5327978580990629,227,226,0.24860000000000002,0.020606060606060607,2311.1356363636364,1833.2,0.0,0.0,0.0003864968787878788,0.00010149007733609885,0.0
PLTRUSDT-R-PLTRUSDT-nyse_20260501T200000Z-s97,PLTRUSDT,R,97,PLTRUSDT-nyse_20260501T200000Z,R:PLTRUSDT:2026-05:97,2026-05,RESEARCH_DEVELOPMENT,LISTING_AFTER_30_DAYS,READY,3300,3300,0.057393772441279835,0.0010919053162223693,0.09794250281848933,0.027107020393430784,0.06959655196778064,0.5408097686375322,278,277,0.3047,0.005454545454545455,3743.1705454545454,2491.0363636363636,0.00030176,4.310857142857143e-05,0.00045846936,0.00012329880694636645,0.0
PLTRUSDT-R-PLTRUSDT-nyse_20260508T200000Z-s3,PLTRUSDT,R,3,PLTRUSDT-nyse_20260508T200000Z,R:PLTRUSDT:2026-05:3,2026-05,RESEARCH_DEVELOPMENT,LISTING_AFTER_30_DAYS,READY,3300,3300,0.03797434452269163,0.0006752596542458269,0.04533986346096754,0.018626633305532558,0.029866270430906467,0.534227240649259,196,195,0.21450000000000002,0.05484848484848485,1952.1141818181818,1801.9818181818182,0.00014627,2.0895714285714285e-05,0.00046642107575757573,0.00010420177369691646,0.0
PLTRUSDT-R-PLTRUSDT-nyse_20260508T200000Z-s10,PLTRUSDT,R,10,PLTRUSDT-nyse_20260508T200000Z,R:PLTRUSDT:2026-05:10,2026-05,RESEARCH_DEVELOPMENT,LISTING_AFTER_30_DAYS,READY,3300,3300,0.049912929988591974,0.0009033912301899749,0.07238883143743545,0.008340573414422318,0.029051762276950284,0.5457227138643068,223,222,0.24420000000000003,0.01,2783.87,2130.6363636363635,0.00063579,9.082714285714285e-05,0.0005824378060606061,0.00010276403668886395,0.0
PLTRUSDT-R-PLTRUSDT-nyse_20260508T200000Z-s17,PLTRUSDT,R,17,PLTRUSDT-nyse_20260508T200000Z,R:PLTRUSDT:2026-05:17,2026-05,RESEARCH_DEVELOPMENT,LISTING_AFTER_30_DAYS,READY,3300,3300,0.04414709828526812,0.0007387528157387747,0.03666592444147553,0.005553902608350716,0.019539375928677532,0.5301246537396122,224,223,0.24530000000000002,0.04818181818181818,1801.1243636363636,1747.7272727272727,0.00014627,2.0895714285714285e-05,0.0004248214939393939,0.00011354632919157553,0.0
PLTRUSDT-R-PLTRUSDT-nyse_20260508T200000Z-s31,PLTRUSDT,R,31,PLTRUSDT-nyse_20260508T200000Z,R:PLTRUSDT:2026-05:31,2026-05,RESEARCH_DEVELOPMENT,LISTING_AFTER_30_DAYS,READY,3300,3300,0.04382890246656172,0.0007474907961896838,0.1108494037980274,0.042001083263577745,0.07373811265545,0.5326752893124574,208,207,0.2277,0.024545454545454544,3432.442,2655.0,0.0,0.0,0.0003198708333333333,0.00010821145642777165,0.0
PLTRUSDT-R-PLTRUSDT-nyse_20260508T200000Z-s59,PLTRUSDT,R,59,PLTRUSDT-nyse_20260508T200000Z,R:PLTRUSDT:2026-05:59,2026-05,RESEARCH_DEVELOPMENT,LISTING_AFTER_30_DAYS,READY,3300,3300,0.049912929988591974,0.0009033912301899749,0.07238883143743545,0.008340573414422318,0.029051762276950284,0.5457227138643068,223,222,0.24420000000000003,0.01,2783.87,2130.6363636363635,0.00063579,9.082714285714285e-05,0.0005824378060606061,0.00010276403668886395,0.0
PLTRUSDT-R-PLTRUSDT-nyse_20260508T200000Z-s97,PLTRUSDT,R,97,PLTRUSDT-nyse_20260508T200000Z,R:PLTRUSDT:2026-05:97,2026-05,RESEARCH_DEVELOPMENT,LISTING_AFTER_30_DAYS,READY,3300,3300,0.04369297913518247,0.0007867702143649203,0.06125146886016454,0.021781004593273114,0.05026162576461046,0.5327978580990629,227,226,0.24860000000000002,0.020606060606060607,2311.1356363636364,1833.2,0.0,0.0,0.0003864968787878788,0.00010149007733609885,0.0
PLTRUSDT-R-PLTRUSDT-nyse_20260515T200000Z-s3,PLTRUSDT,R,3,PLTRUSDT-nyse_20260515T200000Z,R:PLTRUSDT:2026-05:3,2026-05,RESEARCH_DEVELOPMENT,LISTING_AFTER_30_DAYS,READY,3300,3300,0.04337562476453135,0.0007813988894856267,0.0614619155630351,0.02769446110777849,0.05026162576461046,0.532171581769437,222,221,0.2431,0.020303030303030302,2300.4661818181817,1817.4363636363637,0.0,0.0,0.0003820776215384616,0.00010044665815318414,0.0
PLTRUSDT-R-PLTRUSDT-nyse_20260515T200000Z-s10,PLTRUSDT,R,10,PLTRUSDT-nyse_20260515T200000Z,R:PLTRUSDT:2026-05:10,2026-05,RESEARCH_DEVELOPMENT,LISTING_AFTER_30_DAYS,READY,3300,3300,0.04382890246656172,0.0007474907961896838,0.1108494037980274,0.042001083263577745,0.07373811265545,0.5326752893124574,208,207,0.2277,0.024545454545454544,3432.442,2655.0,0.0,0.0,0.0003198708333333333,0.00010821145642777165,0.0
PLTRUSDT-R-PLTRUSDT-nyse_20260515T200000Z-s17,PLTRUSDT,R,17,PLTRUSDT-nyse_20260515T200000Z,R:PLTRUSDT:2026-05:17,2026-05,RESEARCH_DEVELOPMENT,LISTING_AFTER_30_DAYS,READY,3300,3300,0.05068066443714465,0.0009184808975615022,0.07278669043374934,0.012315060292482798,0.0534767346329078,0.5433431468760223,226,225,0.24750000000000003,0.01,2803.277454545455,2187.6363636363635,0.00063579,9.082714285714285e-05,0.0005836902606060606,0.00010436003281903874,0.0
PLTRUSDT-R-PLTRUSDT-nyse_20260515T200000Z-s31,PLTRUSDT,R,31,PLTRUSDT-nyse_20260515T200000Z,R:PLTRUSDT:2026-05:31,2026-05,RESEARCH_DEVELOPMENT,LISTING_AFTER_30_DAYS,READY,3300,3300,0.03797434452269163,0.0006752596542458269,0.04533986346096754,0.018626633305532558,0.029866270430906467,0.534227240649259,196,195,0.21450000000000002,0.05484848484848485,1952.1141818181818,1801.9818181818182,0.00014627,2.0895714285714285e-05,0.00046642107575757573,0.00010420177369691646,0.0
PLTRUSDT-R-PLTRUSDT-nyse_20260515T200000Z-s59,PLTRUSDT,R,59,PLTRUSDT-nyse_20260515T200000Z,R:PLTRUSDT:2026-05:59,2026-05,RESEARCH_DEVELOPMENT,LISTING_AFTER_30_DAYS,READY,3300,3300,0.0433089755089789,0.0007290644495577328,0.11076787290379525,0.048828819673797125,0.07373811265545,0.5355908776779544,195,194,0.2134,0.03515151515151515,3387.3707272727274,2593.890909090909,0.0,0.0,0.00031551336060606065,0.00010715558566528771,0.0
PLTRUSDT-R-PLTRUSDT-nyse_20260515T200000Z-s97,PLTRUSDT,R,97,PLTRUSDT-nyse_20260515T200000Z,R:PLTRUSDT:2026-05:97,2026-05,RESEARCH_DEVELOPMENT,LISTING_AFTER_30_DAYS,READY,3300,3300,0.03797434452269163,0.0006752596542458269,0.04533986346096754,0.018626633305532558,0.029866270430906467,0.534227240649259,196,195,0.21450000000000002,0.05484848484848485,1952.1141818181818,1801.9818181818182,0.00014627,2.0895714285714285e-05,0.00046642107575757573,0.00010420177369691646,0.0
PLTRUSDT-R-PLTRUSDT-nyse_20260522T200000Z-s10,PLTRUSDT,R,10,PLTRUSDT-nyse_20260522T200000Z,R:PLTRUSDT:2026-05:10,2026-05,RESEARCH_DEVELOPMENT,LISTING_AFTER_30_DAYS,READY,4740,4740,0.054077394206003264,0.0008271775198072226,0.07479938157991604,0.013346418056918627,0.05026162576461046,0.5304934823091247,335,334,0.3674,0.0229957805907173,2445.893670886076,1681.759493670886,0.0,0.0,0.00038538795166163144,0.00010969925061386562,0.0
PLTRUSDT-R-PLTRUSDT-nyse_20260522T200000Z-s31,PLTRUSDT,R,31,PLTRUSDT-nyse_20260522T200000Z,R:PLTRUSDT:2026-05:31,2026-05,RESEARCH_DEVELOPMENT,LISTING_AFTER_30_DAYS,READY,4740,4740,0.06695622467314438,0.0010358516152789755,0.09794250281848933,0.01215022091310747,0.06959655196778064,0.5371454299864926,380,379,0.41690000000000005,0.007172995780590718,3577.8710126582278,2221.0759493670885,0.00063579,6.3579e-05,0.0005087562196162046,0.0001168483235711216,0.0
PLTRUSDT-R-PLTRUSDT-nyse_20260522T200000Z-s59,PLTRUSDT,R,59,PLTRUSDT-nyse_20260522T200000Z,R:PLTRUSDT:2026-05:59,2026-05,RESEARCH_DEVELOPMENT,LISTING_AFTER_30_DAYS,READY,4740,4740,0.05062232103691628,0.0007202202307420357,0.045349959177614384,0.012075741336191593,0.029866270430906467,0.5326535566885167,301,300,0.33,0.0510548523206751,1909.1100000000001,1799.1772151898733,0.00014627,1.4626999999999999e-05,0.0004306261139240506,0.00010919533387012027,0.0
PLTRUSDT-R-PLTRUSDT-nyse_20260529T200000Z-s3,PLTRUSDT,R,3,PLTRUSDT-nyse_20260529T200000Z,R:PLTRUSDT:2026-05:3,2026-05,RESEARCH_DEVELOPMENT,LISTING_AFTER_30_DAYS,READY,3300,3300,0.04365636625810186,0.0007402813160006465,0.11089837997054493,0.046370163542082246,0.07373811265545,0.5347960233116216,202,201,0.22110000000000002,0.030606060606060605,3410.5203636363635,2626.109090909091,0.0,0.0,0.00031851016666666667,0.00010789111508243077,0.0
PLTRUSDT-R-PLTRUSDT-nyse_20260529T200000Z-s17,PLTRUSDT,R,17,PLTRUSDT-nyse_20260529T200000Z,R:PLTRUSDT:2026-05:17,2026-05,RESEARCH_DEVELOPMENT,LISTING_AFTER_30_DAYS,READY,3300,3300,0.04382890246656172,0.0007474907961896838,0.1108494037980274,0.042001083263577745,0.07373811265545,0.5326752893124574,208,207,0.2277,0.024545454545454544,3432.442,2655.0,0.0,0.0,0.0003198708333333333,0.00010821145642777165,0.0
PLTRUSDT-R-PLTRUSDT-nyse_20260529T200000Z-s97,PLTRUSDT,R,97,PLTRUSDT-nyse_20260529T200000Z,R:PLTRUSDT:2026-05:97,2026-05,RESEARCH_DEVELOPMENT,LISTING_AFTER_30_DAYS,READY,3300,3300,0.04382890246656172,0.0007474907961896838,0.1108494037980274,0.042001083263577745,0.07373811265545,0.5326752893124574,208,207,0.2277,0.024545454545454544,3432.442,2655.0,0.0,0.0,0.0003198708333333333,0.00010821145642777165,0.0
PLTRUSDT-R-PLTRUSDT-nyse_20260605T200000Z-s3,PLTRUSDT,R,3,PLTRUSDT-nyse_20260605T200000Z,R:PLTRUSDT:2026-06:3,2026-06,SEALED_SHORT_OOS,LISTING_AFTER_30_DAYS,READY,3300,3300,0.05191935859025081,0.0009287147769806758,0.0712554176155146,0.020322580645161265,0.06161207213838786,0.5166386554621849,313,312,0.3432,0.023333333333333334,2106.902181818182,2993.2727272727275,0.0,0.0,0.00028321374848484847,0.0001140335450915749,0.0
PLTRUSDT-R-PLTRUSDT-nyse_20260605T200000Z-s10,PLTRUSDT,R,10,PLTRUSDT-nyse_20260605T200000Z,R:PLTRUSDT:2026-06:10,2026-06,SEALED_SHORT_OOS,LISTING_AFTER_30_DAYS,READY,3300,3300,0.05501453995557349,0.000972483729237589,0.10274327122153205,0.04134624083959104,0.09699395384484373,0.5189226048414592,292,291,0.3201,0.04909090909090909,2478.9029090909094,1804.2363636363636,7.316e-05,1.0451428571428572e-05,0.0003517063666666666,0.0001266265455452212,0.0
PLTRUSDT-R-PLTRUSDT-nyse_20260605T200000Z-s17,PLTRUSDT,R,17,PLTRUSDT-nyse_20260605T200000Z,R:PLTRUSDT:2026-06:17,2026-06,SEALED_SHORT_OOS,LISTING_AFTER_30_DAYS,READY,3300,3300,0.052303418007317096,0.0009465083548922743,0.04467457857736788,0.0016335865392469362,0.029778182923123578,0.5143908969210174,315,314,0.34540000000000004,0.022727272727272728,2116.296909090909,3163.072727272727,0.0,0.0,0.0003018967303030303,0.0004894078606298827,0.0
PLTRUSDT-R-PLTRUSDT-nyse_20260605T200000Z-s31,PLTRUSDT,R,31,PLTRUSDT-nyse_20260605T200000Z,R:PLTRUSDT:2026-06:31,2026-06,SEALED_SHORT_OOS,LISTING_AFTER_30_DAYS,READY,3300,3300,0.054232264893092574,0.0009329611313091526,0.07669813685353837,0.028219238388729893,0.06290672451193063,0.5280672268907562,313,312,0.3432,0.040303030303030306,2771.5679999999998,1774.509090909091,0.0,0.0,0.0003739751303030303,0.00012061207072524661,0.0
PLTRUSDT-R-PLTRUSDT-nyse_20260605T200000Z-s59,PLTRUSDT,R,59,PLTRUSDT-nyse_20260605T200000Z,R:PLTRUSDT:2026-06:59,2026-06,SEALED_SHORT_OOS,LISTING_AFTER_30_DAYS,READY,3300,3300,0.04371766686799824,0.0006570993442698626,0.048644634236910594,0.014266088978125393,0.03877747354399474,0.5159441060551774,200,199,0.2189,0.0706060606060606,1377.6583636363637,1657.7636363636364,0.00030051,5.0085e-05,0.00033303973636363633,9.161584573432437e-05,0.0
PLTRUSDT-R-PLTRUSDT-nyse_20260605T200000Z-s97,PLTRUSDT,R,97,PLTRUSDT-nyse_20260605T200000Z,R:PLTRUSDT:2026-06:97,2026-06,SEALED_SHORT_OOS,LISTING_AFTER_30_DAYS,READY,3300,3300,0.05192272270874142,0.0009270951010737305,0.07130779975005516,0.019954045229169142,0.06161207213838786,0.5147948890383323,313,312,0.3432,0.024545454545454544,2100.7656363636365,2988.181818181818,0.0,0.0,0.0002882839878787879,0.00011368129605043352,0.0
PLTRUSDT-R-PLTRUSDT-nyse_20260612T200000Z-s3,PLTRUSDT,R,3,PLTRUSDT-nyse_20260612T200000Z,R:PLTRUSDT:2026-06:3,2026-06,SEALED_SHORT_OOS,LISTING_AFTER_30_DAYS,READY,3300,3300,0.04371766686799824,0.0006570993442698626,0.048644634236910594,0.014266088978125393,0.03877747354399474,0.5159441060551774,200,199,0.2189,0.0706060606060606,1377.6583636363637,1657.7636363636364,0.00030051,5.0085e-05,0.00033303973636363633,9.161584573432437e-05,0.0
PLTRUSDT-R-PLTRUSDT-nyse_20260612T200000Z-s10,PLTRUSDT,R,10,PLTRUSDT-nyse_20260612T200000Z,R:PLTRUSDT:2026-06:10,2026-06,SEALED_SHORT_OOS,LISTING_AFTER_30_DAYS,READY,3300,3300,0.05232574719708964,0.0009471436262535245,0.044833864360491554,0.0011009174311925841,0.029778182923123578,0.5156980627922512,316,315,0.34650000000000003,0.02181818181818182,2107.8463636363635,3159.4363636363637,0.0,0.0,0.0002965255606060606,0.0004892625236339464,0.0
PLTRUSDT-R-PLTRUSDT-nyse_20260612T200000Z-s17,PLTRUSDT,R,17,PLTRUSDT-nyse_20260612T200000Z,R:PLTRUSDT:2026-06:17,2026-06,SEALED_SHORT_OOS,LISTING_AFTER_30_DAYS,READY,3300,3300,0.051136967222117045,0.0009780600756489888,0.0856857523302264,0.03823739519494678,0.0729533816585755,0.5074626865671642,273,272,0.2992,0.0021212121212121214,3054.6943636363635,3701.4,0.0,0.0,0.00015754191397849461,0.000117294617471874,0.0
PLTRUSDT-R-PLTRUSDT-nyse_20260612T200000Z-s31,PLTRUSDT,R,31,PLTRUSDT-nyse_20260612T200000Z,R:PLTRUSDT:2026-06:31,2026-06,SEALED_SHORT_OOS,LISTING_AFTER_30_DAYS,READY,3300,3300,0.05230241308612368,0.0009724261710166065,0.12349340569192903,0.06208737688949845,0.11106175033318526,0.5064599483204134,273,272,0.2992,0.0021212121212121214,3317.0654545454545,3887.581818181818,0.0,0.0,0.00025874452173913046,0.00011984033047117829,0.0
PLTRUSDT-R-PLTRUSDT-nyse_20260612T200000Z-s59,PLTRUSDT,R,59,PLTRUSDT-nyse_20260612T200000Z,R:PLTRUSDT:2026-06:59,2026-06,SEALED_SHORT_OOS,LISTING_AFTER_30_DAYS,READY,3300,3300,0.051948099915402154,0.0009305320214671432,0.07142331197997204,0.01920367164539638,0.06161207213838786,0.5169519973145351,314,313,0.3443,0.02090909090909091,2115.3887272727275,2996.3454545454547,0.0,0.0,0.00028327947272727274,0.00011331942967641903,0.0
PLTRUSDT-R-PLTRUSDT-nyse_20260612T200000Z-s97,PLTRUSDT,R,97,PLTRUSDT-nyse_20260612T200000Z,R:PLTRUSDT:2026-06:97,2026-06,SEALED_SHORT_OOS,LISTING_AFTER_30_DAYS,READY,3300,3300,0.053160353327014034,0.0008467831205637009,0.11703131703131692,0.04188836219406009,0.10087568681318669,0.5161401098901099,271,270,0.29700000000000004,0.04515151515151515,5821.397454545454,2477.2,0.00072084,0.00010297714285714286,0.00047863927384615387,0.00011059666914007792,0.0
PLTRUSDT-R-PLTRUSDT-nyse_20260618T200000Z-s3,PLTRUSDT,R,3,PLTRUSDT-nyse_20260618T200000Z,R:PLTRUSDT:2026-06:3,2026-06,SEALED_SHORT_OOS,LISTING_AFTER_30_DAYS,READY,4740,4740,0.06434105606716657,0.0010025381674458333,0.1280999558276015,0.044806618819776795,0.11531382877451284,0.5066426480522405,399,398,0.4378,0.002109704641350211,3307.552658227848,3939.3544303797466,0.0,0.0,0.00023928428181818184,0.00012108725962310218,0.0
PLTRUSDT-R-PLTRUSDT-nyse_20260618T200000Z-s10,PLTRUSDT,R,10,PLTRUSDT-nyse_20260618T200000Z,R:PLTRUSDT:2026-06:10,2026-06,SEALED_SHORT_OOS,LISTING_AFTER_30_DAYS,READY,4740,4740,0.06434105606716657,0.0010025381674458333,0.1280999558276015,0.044806618819776795,0.11531382877451284,0.5066426480522405,399,398,0.4378,0.002109704641350211,3307.552658227848,3939.3544303797466,0.0,0.0,0.00023928428181818184,0.00012108725962310218,0.0
PLTRUSDT-R-PLTRUSDT-nyse_20260618T200000Z-s17,PLTRUSDT,R,17,PLTRUSDT-nyse_20260618T200000Z,R:PLTRUSDT:2026-06:17,2026-06,SEALED_SHORT_OOS,LISTING_AFTER_30_DAYS,READY,4740,4740,0.06562825567554616,0.0009719623959074484,0.12449933244325768,0.0406238441622488,0.1170691090757701,0.519962423673086,441,440,0.48400000000000004,0.0419831223628692,2840.814936708861,1876.5569620253164,0.00012679,1.2679e-05,0.0003691099683544304,0.00012359707624223052,0.0
PLTRUSDT-R-PLTRUSDT-nyse_20260618T200000Z-s31,PLTRUSDT,R,31,PLTRUSDT-nyse_20260618T200000Z,R:PLTRUSDT:2026-06:31,2026-06,SEALED_SHORT_OOS,LISTING_AFTER_30_DAYS,READY,4740,4740,0.062097712969376204,0.000921465439006105,0.07176963196944106,0.01319124423963128,0.06161207213838786,0.5169093471113199,434,433,0.4763,0.02679324894514768,2157.644430379747,3138.1518987341774,0.0,0.0,0.00030914092194092823,0.0003720783308463665,0.0
PLTRUSDT-R-PLTRUSDT-nyse_20260618T200000Z-s59,PLTRUSDT,R,59,PLTRUSDT-nyse_20260618T200000Z,R:PLTRUSDT:2026-06:59,2026-06,SEALED_SHORT_OOS,LISTING_AFTER_30_DAYS,READY,4740,4740,0.0656880895626739,0.0009765813638211178,0.12485355648535566,0.039083143857924135,0.11530118471550137,0.5208333333333334,445,444,0.48840000000000006,0.04050632911392405,2844.972658227848,1888.9746835443038,0.00012679,1.2679e-05,0.00036305004852320674,0.0001235384220218576,0.0
PLTRUSDT-R-PLTRUSDT-nyse_20260618T200000Z-s97,PLTRUSDT,R,97,PLTRUSDT-nyse_20260618T200000Z,R:PLTRUSDT:2026-06:97,2026-06,SEALED_SHORT_OOS,LISTING_AFTER_30_DAYS,READY,4740,4740,0.06579795093521523,0.000981411789323034,0.12465535967917121,0.036376997979055636,0.11530118471550137,0.521505376344086,443,442,0.4862,0.039451476793248945,2855.3316455696204,1899.9240506329113,7.316e-05,8.128888888888889e-06,0.0003631823291139241,0.00012379831256156994,0.0
PLTRUSDT-R-PLTRUSDT-nyse_20260626T200000Z-s3,PLTRUSDT,R,3,PLTRUSDT-nyse_20260626T200000Z,R:PLTRUSDT:2026-06:3,2026-06,SEALED_SHORT_OOS,LISTING_AFTER_30_DAYS,READY,3300,3300,0.054754509293639494,0.000973806515320309,0.10212656491167893,0.03995283660604962,0.09699395384484373,0.5185185185185185,287,286,0.31460000000000005,0.04696969696969697,2478.995818181818,1811.9818181818182,7.316e-05,1.2193333333333332e-05,0.00035201899393939395,0.0001259570718475116,0.0
PLTRUSDT-R-PLTRUSDT-nyse_20260626T200000Z-s10,PLTRUSDT,R,10,PLTRUSDT-nyse_20260626T200000Z,R:PLTRUSDT:2026-06:10,2026-06,SEALED_SHORT_OOS,LISTING_AFTER_30_DAYS,READY,3300,3300,0.053219613636957035,0.0008481053895884131,0.11723248818220874,0.04227932314515741,0.10087568681318669,0.5150788211103495,274,273,0.3003,0.044848484848484846,5840.214545454545,2482.890909090909,0.00032847000000000003,5.4745000000000005e-05,0.000479083003030303,0.0001102639223237205,0.0
PLTRUSDT-R-PLTRUSDT-nyse_20260626T200000Z-s17,PLTRUSDT,R,17,PLTRUSDT-nyse_20260626T200000Z,R:PLTRUSDT:2026-06:17,2026-06,SEALED_SHORT_OOS,LISTING_AFTER_30_DAYS,READY,3300,3300,0.053160353327014034,0.0008467831205637009,0.11703131703131692,0.04188836219406009,0.10087568681318669,0.5161401098901099,271,270,0.29700000000000004,0.04515151515151515,5821.397454545454,2477.2,0.00072084,0.00010297714285714286,0.00047863927384615387,0.00011059666914007792,0.0
PLTRUSDT-R-PLTRUSDT-nyse_20260626T200000Z-s31,PLTRUSDT,R,31,PLTRUSDT-nyse_20260626T200000Z,R:PLTRUSDT:2026-06:31,2026-06,SEALED_SHORT_OOS,LISTING_AFTER_30_DAYS,READY,3300,3300,0.053219613636957035,0.0008481053895884131,0.11723248818220874,0.04227932314515741,0.10087568681318669,0.5150788211103495,274,273,0.3003,0.044848484848484846,5840.214545454545,2482.890909090909,0.00032847000000000003,5.4745000000000005e-05,0.000479083003030303,0.0001102639223237205,0.0
PLTRUSDT-R-PLTRUSDT-nyse_20260626T200000Z-s59,PLTRUSDT,R,59,PLTRUSDT-nyse_20260626T200000Z,R:PLTRUSDT:2026-06:59,2026-06,SEALED_SHORT_OOS,LISTING_AFTER_30_DAYS,READY,3300,3300,0.0511893398849298,0.0009784191346513935,0.08485527790598013,0.04195751707573364,0.08192834562697575,0.5043788517677587,273,272,0.2992,0.0021212121212121214,3059.474,3705.6363636363635,0.0,0.0,0.00016596121505376343,0.00011684221586397698,0.0
PLTRUSDT-R-PLTRUSDT-nyse_20260626T200000Z-s97,PLTRUSDT,R,97,PLTRUSDT-nyse_20260626T200000Z,R:PLTRUSDT:2026-06:97,2026-06,SEALED_SHORT_OOS,LISTING_AFTER_30_DAYS,READY,3300,3300,0.04371766686799824,0.0006570993442698626,0.048644634236910594,0.014266088978125393,0.03877747354399474,0.5159441060551774,200,199,0.2189,0.0706060606060606,1377.6583636363637,1657.7636363636364,0.00030051,5.0085e-05,0.00033303973636363633,9.161584573432437e-05,0.0
PLTRUSDT-R-PLTRUSDT-nyse_20260702T200000Z-s3,PLTRUSDT,R,3,PLTRUSDT-nyse_20260702T200000Z,R:PLTRUSDT:2026-07:3,2026-07,DESCRIPTIVE_ONLY,LISTING_AFTER_30_DAYS,READY,4740,4740,0.06806496804607078,0.0009737153786627353,0.10998530435455178,0.005290097509364881,0.05354112019750037,0.5257633587786259,398,397,0.43670000000000003,0.04746835443037975,5916.465063291139,3841.4556962025317,0.0,0.0,0.0002876607932489451,0.00010050250992708119,0.0
PLTRUSDT-R-PLTRUSDT-nyse_20260702T200000Z-s10,PLTRUSDT,R,10,PLTRUSDT-nyse_20260702T200000Z,R:PLTRUSDT:2026-07:10,2026-07,DESCRIPTIVE_ONLY,LISTING_AFTER_30_DAYS,READY,4740,4740,0.06545784117914924,0.0010009194436428116,0.10592837797171241,0.013502062030393768,0.058491418247515886,0.5278749708420807,413,412,0.45320000000000005,0.028481012658227847,6807.080759493671,3529.253164556962,2.96e-06,2.96e-07,0.00027536362447257384,0.00011112651854487867,0.0
PLTRUSDT-R-PLTRUSDT-nyse_20260702T200000Z-s17,PLTRUSDT,R,17,PLTRUSDT-nyse_20260702T200000Z,R:PLTRUSDT:2026-07:17,2026-07,DESCRIPTIVE_ONLY,LISTING_AFTER_30_DAYS,READY,4740,4740,0.06806496804607078,0.0009737153786627353,0.10998530435455178,0.005290097509364881,0.05354112019750037,0.5257633587786259,398,397,0.43670000000000003,0.04746835443037975,5916.465063291139,3841.4556962025317,0.0,0.0,0.0002876607932489451,0.00010050250992708119,0.0
PLTRUSDT-R-PLTRUSDT-nyse_20260702T200000Z-s31,PLTRUSDT,R,31,PLTRUSDT-nyse_20260702T200000Z,R:PLTRUSDT:2026-07:31,2026-07,DESCRIPTIVE_ONLY,LISTING_AFTER_30_DAYS,READY,4740,4740,0.06548995462170713,0.0010019621731235235,0.10580102194168929,0.013394241885909262,0.058491418247515886,0.525664955669622,417,416,0.4576,0.028059071729957807,6804.798860759493,3530.6202531645567,2.96e-06,2.96e-07,0.00027693293881856545,0.0001114522011144814,0.0
PLTRUSDT-R-PLTRUSDT-nyse_20260702T200000Z-s59,PLTRUSDT,R,59,PLTRUSDT-nyse_20260702T200000Z,R:PLTRUSDT:2026-07:59,2026-07,DESCRIPTIVE_ONLY,LISTING_AFTER_30_DAYS,READY,4740,4740,0.06545784117914924,0.0010009194436428116,0.10592837797171241,0.013502062030393768,0.058491418247515886,0.5278749708420807,413,412,0.45320000000000005,0.028481012658227847,6807.080759493671,3529.253164556962,2.96e-06,2.96e-07,0.00027536362447257384,0.00011112651854487867,0.0
PLTRUSDT-R-PLTRUSDT-nyse_20260702T200000Z-s97,PLTRUSDT,R,97,PLTRUSDT-nyse_20260702T200000Z,R:PLTRUSDT:2026-07:97,2026-07,DESCRIPTIVE_ONLY,LISTING_AFTER_30_DAYS,READY,4740,4740,0.06814812822270509,0.0009772273224911696,0.1102240136423533,0.007007748404740217,0.05354112019750037,0.5271428571428571,401,400,0.44,0.04535864978902954,5894.75417721519,3837.1012658227846,0.0,0.0,0.00028252199156118146,9.999975135563392e-05,0.0
PLTRUSDT-R-PLTRUSDT-nyse_20260710T200000Z-s3,PLTRUSDT,R,3,PLTRUSDT-nyse_20260710T200000Z,R:PLTRUSDT:2026-07:3,2026-07,DESCRIPTIVE_ONLY,LISTING_AFTER_30_DAYS,READY,3300,3300,0.05707794382442168,0.0010566380352795136,0.09205558072798681,0.0013105149552883272,0.044804216867470006,0.5262458471760797,297,296,0.3256,0.023333333333333334,7532.059454545455,3841.9636363636364,0.0,0.0,0.00022408473333333334,0.0001145812456623425,0.0
PLTRUSDT-R-PLTRUSDT-nyse_20260710T200000Z-s10,PLTRUSDT,R,10,PLTRUSDT-nyse_20260710T200000Z,R:PLTRUSDT:2026-07:10,2026-07,DESCRIPTIVE_ONLY,LISTING_AFTER_30_DAYS,READY,3300,3300,0.052740042616806336,0.0008815862702737288,0.060826520663016456,0.011354243702962594,0.03333083101869227,0.5399515738498789,269,268,0.2948,0.052121212121212124,4154.115454545455,3062.090909090909,0.0,0.0,0.0002878271818181818,9.68761970914917e-05,0.0
PLTRUSDT-R-PLTRUSDT-nyse_20260710T200000Z-s17,PLTRUSDT,R,17,PLTRUSDT-nyse_20260710T200000Z,R:PLTRUSDT:2026-07:17,2026-07,DESCRIPTIVE_ONLY,LISTING_AFTER_30_DAYS,READY,3300,3300,0.04566037976352306,0.0006833968617151187,0.08377313610347131,0.055398396982555505,0.08156291784281684,0.5332142857142858,180,179,0.19690000000000002,0.052121212121212124,2673.1985454545456,2507.8545454545456,0.0,0.0,0.00015562973333333333,9.192829231285681e-05,0.0
PLTRUSDT-R-PLTRUSDT-nyse_20260710T200000Z-s31,PLTRUSDT,R,31,PLTRUSDT-nyse_20260710T200000Z,R:PLTRUSDT:2026-07:31,2026-07,DESCRIPTIVE_ONLY,LISTING_AFTER_30_DAYS,READY,3300,3300,0.058906300423894845,0.00098404425078647,0.10998530435455178,0.018702321384627987,0.05354112019750037,0.5272038567493113,276,275,0.3025,0.04787878787878788,6415.127636363637,3992.3636363636365,0.0,0.0,0.0002951350818181818,9.554139434909172e-05,0.0
PLTRUSDT-R-PLTRUSDT-nyse_20260710T200000Z-s59,PLTRUSDT,R,59,PLTRUSDT-nyse_20260710T200000Z,R:PLTRUSDT:2026-07:59,2026-07,DESCRIPTIVE_ONLY,LISTING_AFTER_30_DAYS,READY,3300,3300,0.04566037976352306,0.0006833968617151187,0.08377313610347131,0.055398396982555505,0.08156291784281684,0.5332142857142858,180,179,0.19690000000000002,0.052121212121212124,2673.1985454545456,2507.8545454545456,0.0,0.0,0.00015562973333333333,9.192829231285681e-05,0.0
PLTRUSDT-R-PLTRUSDT-nyse_20260710T200000Z-s97,PLTRUSDT,R,97,PLTRUSDT-nyse_20260710T200000Z,R:PLTRUSDT:2026-07:97,2026-07,DESCRIPTIVE_ONLY,LISTING_AFTER_30_DAYS,READY,3300,3300,0.04571722099693095,0.000690648883400828,0.09155926394993673,0.053874625462663826,0.07676224611708474,0.532113383566559,179,178,0.1958,0.05757575757575758,2847.859090909091,2654.3454545454547,0.0,0.0,0.00018666849090909093,9.277035820271412e-05,0.0
PLTRUSDT-R-PLTRUSDT-nyse_20260717T200000Z-s3,PLTRUSDT,R,3,PLTRUSDT-nyse_20260717T200000Z,R:PLTRUSDT:2026-07:3,2026-07,DESCRIPTIVE_ONLY,LISTING_AFTER_30_DAYS,READY,3300,3300,0.04566037976352306,0.0006833968617151187,0.08377313610347131,0.055398396982555505,0.08156291784281684,0.5332142857142858,180,179,0.19690000000000002,0.052121212121212124,2673.1985454545456,2507.8545454545456,0.0,0.0,0.00015562973333333333,9.192829231285681e-05,0.0
PLTRUSDT-R-PLTRUSDT-nyse_20260717T200000Z-s10,PLTRUSDT,R,10,PLTRUSDT-nyse_20260717T200000Z,R:PLTRUSDT:2026-07:10,2026-07,DESCRIPTIVE_ONLY,LISTING_AFTER_30_DAYS,READY,3300,3300,0.04571722099693095,0.000690648883400828,0.09155926394993673,0.053874625462663826,0.07676224611708474,0.532113383566559,179,178,0.1958,0.05757575757575758,2847.859090909091,2654.3454545454547,0.0,0.0,0.00018666849090909093,9.277035820271412e-05,0.0
PLTRUSDT-R-PLTRUSDT-nyse_20260717T200000Z-s17,PLTRUSDT,R,17,PLTRUSDT-nyse_20260717T200000Z,R:PLTRUSDT:2026-07:17,2026-07,DESCRIPTIVE_ONLY,LISTING_AFTER_30_DAYS,READY,3300,3300,0.05156828388621574,0.0009699190767481109,0.074049266949468,0.023744021670123194,0.06990406782181903,0.531748726655348,283,282,0.31020000000000003,0.032424242424242425,5793.265090909091,3409.327272727273,2.96e-06,4.933333333333333e-07,0.00031518991818181813,0.00011099652892426931,0.0
PLTRUSDT-R-PLTRUSDT-nyse_20260717T200000Z-s31,PLTRUSDT,R,31,PLTRUSDT-nyse_20260717T200000Z,R:PLTRUSDT:2026-07:31,2026-07,DESCRIPTIVE_ONLY,LISTING_AFTER_30_DAYS,READY,3300,3300,0.04566037976352306,0.0006833968617151187,0.08377313610347131,0.055398396982555505,0.08156291784281684,0.5332142857142858,180,179,0.19690000000000002,0.052121212121212124,2673.1985454545456,2507.8545454545456,0.0,0.0,0.00015562973333333333,9.192829231285681e-05,0.0
PLTRUSDT-R-PLTRUSDT-nyse_20260717T200000Z-s59,PLTRUSDT,R,59,PLTRUSDT-nyse_20260717T200000Z,R:PLTRUSDT:2026-07:59,2026-07,DESCRIPTIVE_ONLY,LISTING_AFTER_30_DAYS,READY,3300,3300,0.052740042616806336,0.0008815862702737288,0.060826520663016456,0.011354243702962594,0.03333083101869227,0.5399515738498789,269,268,0.2948,0.052121212121212124,4154.115454545455,3062.090909090909,0.0,0.0,0.0002878271818181818,9.68761970914917e-05,0.0
PLTRUSDT-R-PLTRUSDT-nyse_20260717T200000Z-s97,PLTRUSDT,R,97,PLTRUSDT-nyse_20260717T200000Z,R:PLTRUSDT:2026-07:97,2026-07,DESCRIPTIVE_ONLY,LISTING_AFTER_30_DAYS,READY,3300,3300,0.05159929822185672,0.0009733545565463802,0.07406580318594623,0.02535330099135202,0.06990406782181903,0.5304259634888439,283,282,0.31020000000000003,0.029393939393939392,5812.684727272726,3421.6545454545453,2.96e-06,4.2285714285714284e-07,0.0003057849484848485,0.0001112456666037013,0.0
TSLAUSDT-nyse_20260130T210000Z,TSLAUSDT,W,,,NYSE:2026-01-30T21:00:00+00:00:2026-02-02T07:00:00+00:00,2026-01,DESCRIPTIVE_ONLY,LISTING_DAYS_1_14,READY,3300,3300,0.03253807328769441,0.0006006198121300336,0.03581735244833374,0.02447625455304735,0.028227402939189985,0.5045336787564767,153,152,0.16720000000000002,0.0009090909090909091,1584.6938181818182,4024.890909090909,0.01041281,0.0014875442857142857,0.002617240533333333,0.000787606214012106,0.0
TSLAUSDT-nyse_20260206T210000Z,TSLAUSDT,W,,,NYSE:2026-02-06T21:00:00+00:00:2026-02-09T07:00:00+00:00,2026-02,RESEARCH_DEVELOPMENT,LISTING_DAYS_1_14,READY,3300,3300,0.013101858480788387,0.0002478398733029489,0.010957506256225834,0.013575554129436765,0.007378819874268704,0.5348346235045742,36,35,0.0385,0.02393939393939394,338.86636363636364,1136.6363636363637,0.00340222,0.00048603142857142856,0.0010741812212121211,0.0003058659576440969,0.0
TSLAUSDT-nyse_20260213T210000Z,TSLAUSDT,W,,,NYSE:2026-02-13T21:00:00+00:00:2026-02-17T07:00:00+00:00,2026-02,RESEARCH_DEVELOPMENT,LISTING_DAYS_15_30,READY,4740,4740,0.01548346391873988,0.000205843470661119,0.018207988485066644,0.008577844862496966,0.006405950095969328,0.5482916330373957,55,54,0.0594,0.08206751054852321,395.416835443038,885.0632911392405,0.00352897,0.000352897,0.0008810323860759494,0.00026329009455582563,0.0
TSLAUSDT-nyse_20260220T210000Z,TSLAUSDT,W,,,NYSE:2026-02-20T21:00:00+00:00:2026-02-23T07:00:00+00:00,2026-02,RESEARCH_DEVELOPMENT,LISTING_DAYS_15_30,READY,3300,3300,0.009804627826920041,0.00010939651945010173,0.013701292391409938,0.04365359411230945,0.010466871135777253,0.573873359954364,8,7,0.0077,0.18606060606060607,388.86163636363636,621.2181818181818,0.0005830799999999999,8.329714285714285e-05,0.0005555980575757576,0.0001830597478260016,1.0
TSLAUSDT-nyse_20260227T210000Z,TSLAUSDT,W,,,NYSE:2026-02-27T21:00:00+00:00:2026-03-02T07:00:00+00:00,2026-02,RESEARCH_DEVELOPMENT,LISTING_AFTER_30_DAYS,READY,3300,3300,0.020204049734881366,0.0002460967296685592,0.03293778142647463,0.05046710969854563,0.026076334355445815,0.500205338809035,66,65,0.07150000000000001,0.02696969696969697,1536.9523636363638,2195.490909090909,0.00610536,0.0008721942857142856,0.001612337906060606,0.00046034128105786596,0.0
TSLAUSDT-nyse_20260306T210000Z,TSLAUSDT,W,,,NYSE:2026-03-06T21:00:00+00:00:2026-03-09T06:00:00+00:00,2026-03,RESEARCH_DEVELOPMENT,LISTING_AFTER_30_DAYS,READY,3240,3240,0.01876237469153436,0.00023642033756460088,0.026729876941698667,0.030195905140668437,0.025765261059378656,0.4780960404380792,70,69,0.07590000000000001,0.053703703703703705,1185.3899999999999,1923.648148148148,0.00829338,0.0011847685714285715,0.0016732394691358024,0.00039934139488260925,1.0
TSLAUSDT-nyse_20260313T200000Z,TSLAUSDT,W,,,NYSE:2026-03-13T20:00:00+00:00:2026-03-16T06:00:00+00:00,2026-03,RESEARCH_DEVELOPMENT,LISTING_AFTER_30_DAYS,READY,3300,3300,0.013340982321856343,0.00014188464727254229,0.014414091502598623,0.03465792707906567,0.011805075414201976,0.5059780009564802,30,29,0.031900000000000005,0.08606060606060606,1188.074,1462.909090909091,0.00394435,0.0005634785714285714,0.0010300579363636364,0.000269970499251815,1.0
TSLAUSDT-nyse_20260320T200000Z,TSLAUSDT,W,,,NYSE:2026-03-20T20:00:00+00:00:2026-03-23T06:00:00+00:00,2026-03,RESEARCH_DEVELOPMENT,LISTING_AFTER_30_DAYS,READY,3300,3300,0.016056104608676618,0.00020343238224572566,0.032996288925939816,0.061682242990653516,0.026004791773225358,0.48286604361370716,49,48,0.0528,0.041212121212121214,2140.3925454545456,2358.7636363636366,0.00556629,0.0007951842857142857,0.001465049321212121,0.00038901606347748353,1.0
TSLAUSDT-nyse_20260327T200000Z,TSLAUSDT,W,,,NYSE:2026-03-27T20:00:00+00:00:2026-03-30T06:00:00+00:00,2026-03,RESEARCH_DEVELOPMENT,LISTING_AFTER_30_DAYS,READY,3300,3300,0.015058566060074335,0.0002131890324142198,0.019398642095053344,0.0077093249312862365,0.012729138356582199,0.511353711790393,37,36,0.0396,0.06878787878787879,2671.557818181818,2667.2181818181816,0.00219255,0.0003132214285714286,0.0009031337787878788,0.0002711476921217776,1.0
TSLAUSDT-nyse_20260402T200000Z,TSLAUSDT,W,,,NYSE:2026-04-02T20:00:00+00:00:2026-04-06T06:00:00+00:00,2026-04,RESEARCH_DEVELOPMENT,LISTING_AFTER_30_DAYS,READY,4740,4740,0.014209376404882665,0.00012386251681552346,0.01560079663642395,0.014833308855926226,0.012909853133068595,0.5495399858457183,38,37,0.0407,0.1449367088607595,1129.25,1177.7215189873418,0.0027113,0.00027112999999999996,0.0007472777383966245,0.00019258380512895276,1.0
TSLAUSDT-nyse_20260410T200000Z,TSLAUSDT,W,,,NYSE:2026-04-10T20:00:00+00:00:2026-04-13T06:00:00+00:00,2026-04,RESEARCH_DEVELOPMENT,LISTING_AFTER_30_DAYS,READY,3300,3300,0.02248176466383456,0.00021255890285450872,0.02962034689983206,0.028358846130389703,0.02331148475349088,0.4904801324503311,62,61,0.0671,0.02696969696969697,2585.1767272727275,2204.018181818182,0.01974421,0.0028206014285714286,0.0036319730545454547,0.00048478438811885616,1.0
TSLAUSDT-nyse_20260417T200000Z,TSLAUSDT,W,,,NYSE:2026-04-17T20:00:00+00:00:2026-04-20T06:00:00+00:00,2026-04,RESEARCH_DEVELOPMENT,LISTING_AFTER_30_DAYS,READY,3300,3300,0.016309006710222982,0.00019607142980315897,0.017694704049844294,0.03360302368156841,0.015952143569292067,0.5335805521219613,44,43,0.0473,0.04515151515151515,1598.534909090909,1440.6909090909091,0.01181736,0.0016881942857142858,0.0023750797181818183,0.0004003781853259558,1.0
TSLAUSDT-nyse_20260424T200000Z,TSLAUSDT,W,,,NYSE:2026-04-24T20:00:00+00:00:2026-04-27T06:00:00+00:00,2026-04,RESEARCH_DEVELOPMENT,LISTING_AFTER_30_DAYS,READY,3300,3300,0.00931973003129642,0.00012240372642579784,0.009718561120430218,0.003662258392675573,0.006711409395973106,0.5291028446389496,15,14,0.0154,0.026363636363636363,573.4225454545455,1105.7818181818182,0.00170035,0.00024290714285714286,0.0009274492181818181,0.000647937399964264,1.0
TSLAUSDT-nyse_20260501T200000Z,TSLAUSDT,W,,,NYSE:2026-05-01T20:00:00+00:00:2026-05-04T06:00:00+00:00,2026-05,VALIDATION,LISTING_AFTER_30_DAYS,READY,3300,3300,0.011023491777669056,0.00013727644596818982,0.0121131583654903,0.018669219722354923,0.00945638561607086,0.5505852842809364,22,21,0.023100000000000002,0.01606060606060606,556.6752727272727,1303.2727272727273,0.00926914,0.0013241628571428572,0.0019957924591836734,0.00023176868094141736,1.0
TSLAUSDT-nyse_20260508T200000Z,TSLAUSDT,W,,,NYSE:2026-05-08T20:00:00+00:00:2026-05-11T06:00:00+00:00,2026-05,VALIDATION,LISTING_AFTER_30_DAYS,READY,3300,3300,0.011055445553172696,0.00015975555175756117,0.01398143601973304,0.01640534262485451,0.006548788474132312,0.5488516932658623,25,24,0.0264,0.0012121212121212121,867.7265454545454,1530.3272727272727,0.00414473,0.0005921042857142858,0.0012517788121212121,0.00026978645926883693,1.0
TSLAUSDT-nyse_20260515T200000Z,TSLAUSDT,W,,,NYSE:2026-05-15T20:00:00+00:00:2026-05-18T06:00:00+00:00,2026-05,VALIDATION,LISTING_AFTER_30_DAYS,READY,3300,3300,0.015917207119760725,0.00022515252842947124,0.02904692745410821,0.023433956558988108,0.02149512665919973,0.5079181151023561,51,50,0.055,0.03333333333333333,653.8243636363636,1640.5454545454545,0.00032657,4.665285714285714e-05,0.00039925495454545454,2.7755394703125287e-05,1.0
TSLAUSDT-nyse_20260522T200000Z,TSLAUSDT,W,,,NYSE:2026-05-22T20:00:00+00:00:2026-05-26T06:00:00+00:00,2026-05,VALIDATION,LISTING_AFTER_30_DAYS,READY,4740,4740,0.02175604442316582,0.0002529141564746706,0.0362590470801801,0.013697040046430646,0.02596851729663489,0.513728323699422,82,81,0.0891,0.00569620253164557,1006.1337974683545,2080.5443037974683,0.00056112,5.6112e-05,0.0005898272679324895,3.129987132009787e-05,0.0
TSLAUSDT-nyse_20260529T200000Z,TSLAUSDT,W,,,NYSE:2026-05-29T20:00:00+00:00:2026-06-01T06:00:00+00:00,2026-05,VALIDATION,LISTING_AFTER_30_DAYS,READY,3300,3300,0.013806296118647251,0.00019883775435403556,0.019830223837677435,0.013808102776794312,0.01154500712938683,0.483493077742279,31,30,0.033,0.013333333333333334,777.08,1676.290909090909,6.03e-05,8.614285714285714e-06,0.0004642133272727273,2.4167442016766187e-05,0.0
TSLAUSDT-nyse_20260605T200000Z,TSLAUSDT,W,,,NYSE:2026-06-05T20:00:00+00:00:2026-06-08T06:00:00+00:00,2026-06,SEALED_SHORT_OOS,LISTING_AFTER_30_DAYS,READY,3300,3300,0.02804964225819573,0.0005483974511735201,0.03569335813100301,0.0014986610323563768,0.01907782011610372,0.5134260757036557,120,119,0.13090000000000002,0.0015151515151515152,1761.4669090909092,4053.6,0.00016363,2.3375714285714285e-05,0.0010346773454545455,5.9396891495821174e-05,0.0
TSLAUSDT-nyse_20260612T200000Z,TSLAUSDT,W,,,NYSE:2026-06-12T20:00:00+00:00:2026-06-15T06:00:00+00:00,2026-06,SEALED_SHORT_OOS,LISTING_AFTER_30_DAYS,READY,3300,3300,0.016661728289825362,0.0002993136597451287,0.02111494819930933,0.02438424654727301,0.01636188642925889,0.5237929836748871,51,50,0.055,0.022424242424242423,955.545090909091,1934.0,0.00053947,7.706714285714286e-05,0.00048355761827956987,4.038211124568126e-05,0.0
TSLAUSDT-nyse_20260618T200000Z,TSLAUSDT,W,,,NYSE:2026-06-18T20:00:00+00:00:2026-06-22T06:00:00+00:00,2026-06,SEALED_SHORT_OOS,LISTING_AFTER_30_DAYS,READY,4740,4740,0.0205895671553979,0.0002678067662405634,0.030461445662008656,0.011310947697941652,0.015799139600996326,0.5064056079284506,87,86,0.0946,0.021518987341772152,1118.0932911392404,1874.6962025316457,2.348e-05,2.348e-06,0.0004857896582278481,3.464791900037413e-05,0.0
TSLAUSDT-nyse_20260626T200000Z,TSLAUSDT,W,,,NYSE:2026-06-26T20:00:00+00:00:2026-06-29T06:00:00+00:00,2026-06,SEALED_SHORT_OOS,LISTING_AFTER_30_DAYS,READY,3300,3300,0.015677957547183687,0.0002684300774662433,0.013802221047065117,0.02250686184812447,0.011004090249373311,0.5234830305107988,71,70,0.077,0.012121212121212121,828.6463636363637,1686.1818181818182,0.0,0.0,0.0003915039727891156,3.4408835298020076e-05,0.0
TSLAUSDT-nyse_20260702T200000Z,TSLAUSDT,W,,,NYSE:2026-07-02T20:00:00+00:00:2026-07-06T06:00:00+00:00,2026-07,DESCRIPTIVE_ONLY,LISTING_AFTER_30_DAYS,READY,4740,4740,0.018919880974123282,0.00027930382087888,0.0211158711247433,0.010209786094683142,0.019153302424564877,0.5139744197063003,95,94,0.1034,0.029957805907172997,1148.5782278481013,2032.1898734177216,9.565e-05,9.564999999999999e-06,0.00043084026582278483,3.7583911576176606e-05,0.0
TSLAUSDT-nyse_20260710T200000Z,TSLAUSDT,W,,,NYSE:2026-07-10T20:00:00+00:00:2026-07-13T06:00:00+00:00,2026-07,DESCRIPTIVE_ONLY,LISTING_AFTER_30_DAYS,READY,3300,3300,0.014756984804900465,0.00021470545232257624,0.028328750981932493,0.036414565826330805,0.018487063978534304,0.50853889943074,63,62,0.06820000000000001,0.07848484848484849,738.3634545454545,1562.4,8.63e-05,1.2328571428571429e-05,0.00035938804545454544,3.063671923829193e-05,0.0
TSLAUSDT-nyse_20260717T200000Z,TSLAUSDT,W,,,NYSE:2026-07-17T20:00:00+00:00:2026-07-20T06:00:00+00:00,2026-07,DESCRIPTIVE_ONLY,LISTING_AFTER_30_DAYS,READY,3300,3300,0.014037794725683133,0.00017559553039646006,0.012140961290831222,0.0026211438940788243,0.010219361618284628,0.5167644593461861,42,41,0.0451,0.1290909090909091,793.1858181818181,1523.0727272727272,5.19e-06,7.414285714285715e-07,0.00036158789696969694,2.4791528572321255e-05,1.0
TSLAUSDT-O-20260128T210000Z,TSLAUSDT,O,,,NYSE:2026-01-28T21:00:00+00:00:2026-01-29T07:00:00+00:00,2026-01,DESCRIPTIVE_ONLY,LISTING_DAYS_1_14,READY,420,420,0.01054603542070999,0.0008130122171046802,0.01687531526574039,0.09567535545023817,0.015451273469200636,0.537712895377129,18,17,0.0187,0.0,3133.1671428571426,5897.428571428572,5.541e-05,2.7705e-05,0.0006004687142857143,9.700915946945345e-05,0.0
TSLAUSDT-O-20260129T210000Z,TSLAUSDT,O,,,NYSE:2026-01-29T21:00:00+00:00:2026-01-30T07:00:00+00:00,2026-01,DESCRIPTIVE_ONLY,LISTING_DAYS_1_14,READY,420,420,0.014665244000050369,0.0009706090671619578,0.020586936821804524,0.05516775501013257,0.018545632015617416,0.4803921568627451,27,26,0.0286,0.0,4210.411428571429,8839.857142857143,0.00024127,0.000120635,0.000653654238095238,9.416715300587871e-05,0.0
TSLAUSDT-O-20260723T200000Z,TSLAUSDT,O,,,NYSE:2026-07-23T20:00:00+00:00:2026-07-24T06:00:00+00:00,2026-07,DESCRIPTIVE_ONLY,LISTING_AFTER_30_DAYS,READY,60,60,0.0027001824031918894,0.0004664381975278689,0.003885291396854736,0.010989010989012133,0.0022512104110770695,0.46551724137931033,4,3,0.0033,0.0,7435.85,8588.0,0,0.0,0.00012642599999999999,6.66180540060997e-05,1.0
TSLAUSDT-R-TSLAUSDT-nyse_20260206T210000Z-s3,TSLAUSDT,R,3,TSLAUSDT-nyse_20260206T210000Z,R:TSLAUSDT:2026-02:3,2026-02,RESEARCH_DEVELOPMENT,LISTING_DAYS_1_14,READY,3300,3300,0.033838046057648105,0.0005084463533859037,0.04857930703752559,0.028548012566589138,0.04391365803406718,0.49901960784313726,155,154,0.16940000000000002,0.01606060606060606,3085.8705454545457,3707.8727272727274,3.893e-05,5.561428571428572e-06,0.00024692403333333336,8.204177989107393e-05,0.0
TSLAUSDT-R-TSLAUSDT-nyse_20260206T210000Z-s10,TSLAUSDT,R,10,TSLAUSDT-nyse_20260206T210000Z,R:TSLAUSDT:2026-02:10,2026-02,RESEARCH_DEVELOPMENT,LISTING_DAYS_1_14,READY,3300,3300,0.047782476327834625,0.0009418331698236153,0.08830798479087458,0.03680480996349587,0.0796975677025131,0.4828129927467676,268,267,0.2937,0.0009090909090909091,7188.198181818182,7322.472727272727,0.0004642,7.736666666666667e-05,0.0006434734575757576,8.681897644601972e-05,0.0
TSLAUSDT-R-TSLAUSDT-nyse_20260206T210000Z-s17,TSLAUSDT,R,17,TSLAUSDT-nyse_20260206T210000Z,R:TSLAUSDT:2026-02:17,2026-02,RESEARCH_DEVELOPMENT,LISTING_DAYS_1_14,READY,3300,3300,0.036853178524976014,0.0005802939447277505,0.05541863249066971,0.018304412493802557,0.02776404097492044,0.5082497573600776,174,173,0.19030000000000002,0.015151515151515152,3644.2030909090913,4284.545454545455,0.0,0.0,0.0001352473181818182,0.0001171508554829982,0.0
TSLAUSDT-R-TSLAUSDT-nyse_20260206T210000Z-s31,TSLAUSDT,R,31,TSLAUSDT-nyse_20260206T210000Z,R:TSLAUSDT:2026-02:31,2026-02,RESEARCH_DEVELOPMENT,LISTING_DAYS_1_14,READY,3300,3300,0.03387197608513338,0.0005112665060821291,0.051420223212147405,0.02638510445049951,0.04391365803406718,0.4993464052287582,156,155,0.1705,0.016363636363636365,3103.3967272727273,3718.8,3.893e-05,6.488333333333334e-06,0.00025344243636363635,8.157608960009696e-05,0.0
TSLAUSDT-R-TSLAUSDT-nyse_20260206T210000Z-s59,TSLAUSDT,R,59,TSLAUSDT-nyse_20260206T210000Z,R:TSLAUSDT:2026-02:59,2026-02,RESEARCH_DEVELOPMENT,LISTING_DAYS_1_14,READY,3300,3300,0.04029343251005825,0.0007105764647023526,0.0691183404054691,0.03248620363259687,0.05725397760754277,0.4842139175257732,211,210,0.231,0.0009090909090909091,5691.794181818182,5627.327272727272,0.00117053,0.0001672185714285714,0.000675113496969697,7.357407639963419e-05,0.0
TSLAUSDT-R-TSLAUSDT-nyse_20260206T210000Z-s97,TSLAUSDT,R,97,TSLAUSDT-nyse_20260206T210000Z,R:TSLAUSDT:2026-02:97,2026-02,RESEARCH_DEVELOPMENT,LISTING_DAYS_1_14,READY,3300,3300,0.036853178524976014,0.0005802939447277505,0.05541863249066971,0.018304412493802557,0.02776404097492044,0.5082497573600776,174,173,0.19030000000000002,0.015151515151515152,3644.2030909090913,4284.545454545455,0.0,0.0,0.0001352473181818182,0.0001171508554829982,0.0
TSLAUSDT-R-TSLAUSDT-nyse_20260213T210000Z-s3,TSLAUSDT,R,3,TSLAUSDT-nyse_20260213T210000Z,R:TSLAUSDT:2026-02:3,2026-02,RESEARCH_DEVELOPMENT,LISTING_DAYS_15_30,READY,4740,4740,0.03280262542509896,0.0004431266847134694,0.05842938220366528,0.01395705521472387,0.04815814464937282,0.5052143684820394,173,172,0.1892,0.014767932489451477,4576.580632911392,3519.8607594936707,0.00026449000000000004,2.6449000000000004e-05,0.000349652641350211,4.8486969213937375e-05,0.0
TSLAUSDT-R-TSLAUSDT-nyse_20260213T210000Z-s10,TSLAUSDT,R,10,TSLAUSDT-nyse_20260213T210000Z,R:TSLAUSDT:2026-02:10,2026-02,RESEARCH_DEVELOPMENT,LISTING_DAYS_15_30,READY,4740,4740,0.0327756385664713,0.00044256556155962087,0.05841039740064984,0.01601259503878345,0.04815814464937282,0.5047486680565207,175,174,0.19140000000000001,0.014556962025316455,4558.226582278481,3505.0632911392404,0.00014146999999999999,1.4146999999999999e-05,0.0003458116350210971,4.8471377974165805e-05,0.0
TSLAUSDT-R-TSLAUSDT-nyse_20260213T210000Z-s17,TSLAUSDT,R,17,TSLAUSDT-nyse_20260213T210000Z,R:TSLAUSDT:2026-02:17,2026-02,RESEARCH_DEVELOPMENT,LISTING_DAYS_15_30,READY,4740,4740,0.03278143664126426,0.000442902549064124,0.05852009515462628,0.016658350285955463,0.04815814464937282,0.5062586926286509,173,172,0.1892,0.014556962025316455,4575.103670886076,3517.3797468354433,6.611e-05,7.345555555555556e-06,0.00034874259071729954,4.839750173314396e-05,0.0
TSLAUSDT-R-TSLAUSDT-nyse_20260213T210000Z-s31,TSLAUSDT,R,31,TSLAUSDT-nyse_20260213T210000Z,R:TSLAUSDT:2026-02:31,2026-02,RESEARCH_DEVELOPMENT,LISTING_DAYS_15_30,READY,4740,4740,0.03280262542509896,0.0004431266847134694,0.05842938220366528,0.01395705521472387,0.04815814464937282,0.5052143684820394,173,172,0.1892,0.014767932489451477,4576.580632911392,3519.8607594936707,0.00026449000000000004,2.6449000000000004e-05,0.000349652641350211,4.8486969213937375e-05,0.0
TSLAUSDT-R-TSLAUSDT-nyse_20260213T210000Z-s59,TSLAUSDT,R,59,TSLAUSDT-nyse_20260213T210000Z,R:TSLAUSDT:2026-02:59,2026-02,RESEARCH_DEVELOPMENT,LISTING_DAYS_15_30,READY,4740,4740,0.0327756385664713,0.00044256556155962087,0.05841039740064984,0.01601259503878345,0.04815814464937282,0.5047486680565207,175,174,0.19140000000000001,0.014556962025316455,4558.226582278481,3505.0632911392404,0.00014146999999999999,1.4146999999999999e-05,0.0003458116350210971,4.8471377974165805e-05,0.0
TSLAUSDT-R-TSLAUSDT-nyse_20260213T210000Z-s97,TSLAUSDT,R,97,TSLAUSDT-nyse_20260213T210000Z,R:TSLAUSDT:2026-02:97,2026-02,RESEARCH_DEVELOPMENT,LISTING_DAYS_15_30,READY,4740,4740,0.03278143664126426,0.000442902549064124,0.05852009515462628,0.016658350285955463,0.04815814464937282,0.5062586926286509,173,172,0.1892,0.014556962025316455,4575.103670886076,3517.3797468354433,6.611e-05,7.345555555555556e-06,0.00034874259071729954,4.839750173314396e-05,0.0
TSLAUSDT-R-TSLAUSDT-nyse_20260220T210000Z-s3,TSLAUSDT,R,3,TSLAUSDT-nyse_20260220T210000Z,R:TSLAUSDT:2026-02:3,2026-02,RESEARCH_DEVELOPMENT,LISTING_DAYS_15_30,READY,3300,3300,0.02946443448674,0.0004822408661867747,0.0304650311241304,0.008286131242425056,0.01625441696113064,0.5160190865712339,143,142,0.1562,0.05333333333333334,2559.749090909091,2315.8545454545456,0.0,0.0,0.000366099293939394,5.7018669333469375e-05,0.0
TSLAUSDT-R-TSLAUSDT-nyse_20260220T210000Z-s10,TSLAUSDT,R,10,TSLAUSDT-nyse_20260220T210000Z,R:TSLAUSDT:2026-02:10,2026-02,RESEARCH_DEVELOPMENT,LISTING_DAYS_15_30,READY,3300,3300,0.029523329660016598,0.0004862214675008979,0.030448678849391314,0.007067484662576684,0.01625441696113064,0.5165876777251185,142,141,0.15510000000000002,0.04818181818181818,2559.954181818182,2328.2545454545457,0.0,0.0,0.00036216501515151515,5.755728985365777e-05,0.0
TSLAUSDT-R-TSLAUSDT-nyse_20260220T210000Z-s17,TSLAUSDT,R,17,TSLAUSDT-nyse_20260220T210000Z,R:TSLAUSDT:2026-02:17,2026-02,RESEARCH_DEVELOPMENT,LISTING_DAYS_15_30,READY,3300,3300,0.029358881955638398,0.00047861850122083,0.030489592494869586,0.008339159093178956,0.018786797938093954,0.5167693360711841,140,139,0.1529,0.056666666666666664,2552.657636363637,2305.9636363636364,0.0,0.0,0.0003675621606060606,5.665654352180932e-05,0.0
TSLAUSDT-R-TSLAUSDT-nyse_20260220T210000Z-s31,TSLAUSDT,R,31,TSLAUSDT-nyse_20260220T210000Z,R:TSLAUSDT:2026-02:31,2026-02,RESEARCH_DEVELOPMENT,LISTING_DAYS_15_30,READY,3300,3300,0.02946443448674,0.0004822408661867747,0.0304650311241304,0.008286131242425056,0.01625441696113064,0.5160190865712339,143,142,0.1562,0.05333333333333334,2559.749090909091,2315.8545454545456,0.0,0.0,0.000366099293939394,5.7018669333469375e-05,0.0
TSLAUSDT-R-TSLAUSDT-nyse_20260220T210000Z-s59,TSLAUSDT,R,59,TSLAUSDT-nyse_20260220T210000Z,R:TSLAUSDT:2026-02:59,2026-02,RESEARCH_DEVELOPMENT,LISTING_DAYS_15_30,READY,3300,3300,0.029523329660016598,0.0004862214675008979,0.030448678849391314,0.007067484662576684,0.01625441696113064,0.5165876777251185,142,141,0.15510000000000002,0.04818181818181818,2559.954181818182,2328.2545454545457,0.0,0.0,0.00036216501515151515,5.755728985365777e-05,0.0
TSLAUSDT-R-TSLAUSDT-nyse_20260220T210000Z-s97,TSLAUSDT,R,97,TSLAUSDT-nyse_20260220T210000Z,R:TSLAUSDT:2026-02:97,2026-02,RESEARCH_DEVELOPMENT,LISTING_DAYS_15_30,READY,3300,3300,0.02946443448674,0.0004822408661867747,0.0304650311241304,0.008286131242425056,0.01625441696113064,0.5160190865712339,143,142,0.1562,0.05333333333333334,2559.749090909091,2315.8545454545456,0.0,0.0,0.000366099293939394,5.7018669333469375e-05,0.0
TSLAUSDT-R-TSLAUSDT-nyse_20260306T210000Z-s3,TSLAUSDT,R,3,TSLAUSDT-nyse_20260306T210000Z,R:TSLAUSDT:2026-03:3,2026-03,RESEARCH_DEVELOPMENT,LISTING_AFTER_30_DAYS,READY,3240,3240,0.038626889056574513,0.0007924900518541909,0.08868267211533004,0.03680677397208034,0.08622645790787377,0.47835844822058354,217,216,0.2376,0.0015432098765432098,10257.763888888889,10269.37037037037,0.0,0.0,0.0003226212191358025,7.797506365519975e-05,0.0
TSLAUSDT-R-TSLAUSDT-nyse_20260306T210000Z-s10,TSLAUSDT,R,10,TSLAUSDT-nyse_20260306T210000Z,R:TSLAUSDT:2026-03:10,2026-03,RESEARCH_DEVELOPMENT,LISTING_AFTER_30_DAYS,READY,3240,3240,0.029090034116236913,0.0004671692690473526,0.060241866973164644,0.05157457253633095,0.049552597939694805,0.5175582540203478,115,114,0.1254,0.004320987654320987,6561.592592592592,6856.907407407408,0.0002195,3.658333333333333e-05,0.0004705009567901234,5.1909299762444136e-05,0.0
TSLAUSDT-R-TSLAUSDT-nyse_20260306T210000Z-s17,TSLAUSDT,R,17,TSLAUSDT-nyse_20260306T210000Z,R:TSLAUSDT:2026-03:17,2026-03,RESEARCH_DEVELOPMENT,LISTING_AFTER_30_DAYS,READY,3240,3240,0.029090034116236913,0.0004671692690473526,0.060241866973164644,0.05157457253633095,0.049552597939694805,0.5175582540203478,115,114,0.1254,0.004320987654320987,6561.592592592592,6856.907407407408,0.0002195,3.658333333333333e-05,0.0004705009567901234,5.1909299762444136e-05,0.0
TSLAUSDT-R-TSLAUSDT-nyse_20260306T210000Z-s31,TSLAUSDT,R,31,TSLAUSDT-nyse_20260306T210000Z,R:TSLAUSDT:2026-03:31,2026-03,RESEARCH_DEVELOPMENT,LISTING_AFTER_30_DAYS,READY,3240,3240,0.02905040634688393,0.00046603246141244293,0.06036252566221009,0.04885009232835332,0.049552597939694805,0.5180564674983585,116,115,0.1265,0.004320987654320987,6502.948333333334,6824.611111111111,0.0002195,3.658333333333333e-05,0.00045875416975308644,5.196887079458806e-05,0.0
TSLAUSDT-R-TSLAUSDT-nyse_20260306T210000Z-s59,TSLAUSDT,R,59,TSLAUSDT-nyse_20260306T210000Z,R:TSLAUSDT:2026-03:59,2026-03,RESEARCH_DEVELOPMENT,LISTING_AFTER_30_DAYS,READY,3240,3240,0.03213327906571328,0.0005618881664781056,0.055297815025441524,0.012348517947892433,0.035903193612774414,0.5148256761159987,138,137,0.1507,0.008641975308641974,5186.900740740741,7596.074074074074,0.00019563,3.2605e-05,0.000410682287037037,6.834910627912921e-05,0.0
TSLAUSDT-R-TSLAUSDT-nyse_20260306T210000Z-s97,TSLAUSDT,R,97,TSLAUSDT-nyse_20260306T210000Z,R:TSLAUSDT:2026-03:97,2026-03,RESEARCH_DEVELOPMENT,LISTING_AFTER_30_DAYS,READY,3240,3240,0.034487278038948514,0.0005944276250516513,0.051187654445509136,0.018962680751580197,0.046635912173233506,0.5164473684210527,159,158,0.1738,0.011419753086419753,6790.277962962963,8229.925925925925,0.0,0.0,0.00031514503086419756,6.996046584178043e-05,0.0
TSLAUSDT-R-TSLAUSDT-nyse_20260313T200000Z-s3,TSLAUSDT,R,3,TSLAUSDT-nyse_20260313T200000Z,R:TSLAUSDT:2026-03:3,2026-03,RESEARCH_DEVELOPMENT,LISTING_AFTER_30_DAYS,READY,3300,3300,0.03731967289894121,0.0007670814550021015,0.05496687098295153,0.001062925170067966,0.04178452682249014,0.4908805031446541,197,196,0.2156,0.0006060606060606061,10994.848181818183,11247.163636363637,0.00166965,0.00023852142857142856,0.0006888258909090909,8.398556209874604e-05,0.0
TSLAUSDT-R-TSLAUSDT-nyse_20260313T200000Z-s10,TSLAUSDT,R,10,TSLAUSDT-nyse_20260313T200000Z,R:TSLAUSDT:2026-03:10,2026-03,RESEARCH_DEVELOPMENT,LISTING_AFTER_30_DAYS,READY,3300,3300,0.03618232510114569,0.000698035079500673,0.05664949242462883,0.02695887566284728,0.041192674590623826,0.497787610619469,182,181,0.1991,0.00030303030303030303,9227.17690909091,10858.10909090909,0.00076684,0.00010954857142857143,0.00046200659393939397,8.156173267903506e-05,0.0
TSLAUSDT-R-TSLAUSDT-nyse_20260313T200000Z-s17,TSLAUSDT,R,17,TSLAUSDT-nyse_20260313T200000Z,R:TSLAUSDT:2026-03:17,2026-03,RESEARCH_DEVELOPMENT,LISTING_AFTER_30_DAYS,READY,3300,3300,0.03884534170878181,0.0007900481074158425,0.08868267211533004,0.03721479592793277,0.08622645790787377,0.47954688483322844,220,219,0.2409,0.0015151515151515152,10210.071454545456,10194.854545454546,0.0,0.0,0.00031928289090909096,7.75894572408304e-05,0.0
TSLAUSDT-R-TSLAUSDT-nyse_20260313T200000Z-s31,TSLAUSDT,R,31,TSLAUSDT-nyse_20260313T200000Z,R:TSLAUSDT:2026-03:31,2026-03,RESEARCH_DEVELOPMENT,LISTING_AFTER_30_DAYS,READY,3300,3300,0.03524856821837928,0.0006337895002588741,0.052424536466392196,0.006322052807735213,0.03622562491820436,0.4824010056568196,173,172,0.1892,0.0021212121212121214,9887.74709090909,8655.6,0.0,0.0,0.0003448038,7.079449215354958e-05,0.0
TSLAUSDT-R-TSLAUSDT-nyse_20260313T200000Z-s59,TSLAUSDT,R,59,TSLAUSDT-nyse_20260313T200000Z,R:TSLAUSDT:2026-03:59,2026-03,RESEARCH_DEVELOPMENT,LISTING_AFTER_30_DAYS,READY,3300,3300,0.03025891297420518,0.000576056394561389,0.06390764314796683,0.030633115017809767,0.04108917279648991,0.49420970266040687,150,149,0.16390000000000002,0.0018181818181818182,9123.12109090909,7465.963636363636,1.377e-05,2.295e-06,0.00039316893030303025,6.006998235990216e-05,0.0
TSLAUSDT-R-TSLAUSDT-nyse_20260313T200000Z-s97,TSLAUSDT,R,97,TSLAUSDT-nyse_20260313T200000Z,R:TSLAUSDT:2026-03:97,2026-03,RESEARCH_DEVELOPMENT,LISTING_AFTER_30_DAYS,READY,3300,3300,0.03029889215881041,0.0005753972489462719,0.06423705545626444,0.021626715083541907,0.037960589347212574,0.49451582575994985,150,149,0.16390000000000002,0.0021212121212121214,9119.609272727273,7468.236363636363,1.377e-05,1.9671428571428573e-06,0.00038377351515151515,6.0152833743367005e-05,0.0
TSLAUSDT-R-TSLAUSDT-nyse_20260320T200000Z-s3,TSLAUSDT,R,3,TSLAUSDT-nyse_20260320T200000Z,R:TSLAUSDT:2026-03:3,2026-03,RESEARCH_DEVELOPMENT,LISTING_AFTER_30_DAYS,READY,3300,3300,0.03025891297420518,0.000576056394561389,0.06390764314796683,0.030633115017809767,0.04108917279648991,0.49420970266040687,150,149,0.16390000000000002,0.0018181818181818182,9123.12109090909,7465.963636363636,1.377e-05,2.295e-06,0.00039316893030303025,6.006998235990216e-05,0.0
TSLAUSDT-R-TSLAUSDT-nyse_20260320T200000Z-s10,TSLAUSDT,R,10,TSLAUSDT-nyse_20260320T200000Z,R:TSLAUSDT:2026-03:10,2026-03,RESEARCH_DEVELOPMENT,LISTING_AFTER_30_DAYS,READY,3300,3300,0.03884534170878181,0.0007900481074158425,0.08868267211533004,0.03721479592793277,0.08622645790787377,0.47954688483322844,220,219,0.2409,0.0015151515151515152,10210.071454545456,10194.854545454546,0.0,0.0,0.00031928289090909096,7.75894572408304e-05,0.0
TSLAUSDT-R-TSLAUSDT-nyse_20260320T200000Z-s17,TSLAUSDT,R,17,TSLAUSDT-nyse_20260320T200000Z,R:TSLAUSDT:2026-03:17,2026-03,RESEARCH_DEVELOPMENT,LISTING_AFTER_30_DAYS,READY,3300,3300,0.03218198851584596,0.0005558845714754301,0.05528264718350252,0.012485190923174933,0.03255409102213373,0.51296,140,139,0.1529,0.008484848484848486,5123.055636363636,7486.672727272728,0.00019563,3.2605e-05,0.00040543773636363633,6.770767307227833e-05,0.0
TSLAUSDT-R-TSLAUSDT-nyse_20260320T200000Z-s31,TSLAUSDT,R,31,TSLAUSDT-nyse_20260320T200000Z,R:TSLAUSDT:2026-03:31,2026-03,RESEARCH_DEVELOPMENT,LISTING_AFTER_30_DAYS,READY,3300,3300,0.03884534170878181,0.0007900481074158425,0.08868267211533004,0.03721479592793277,0.08622645790787377,0.47954688483322844,220,219,0.2409,0.0015151515151515152,10210.071454545456,10194.854545454546,0.0,0.0,0.00031928289090909096,7.75894572408304e-05,0.0
TSLAUSDT-R-TSLAUSDT-nyse_20260320T200000Z-s59,TSLAUSDT,R,59,TSLAUSDT-nyse_20260320T200000Z,R:TSLAUSDT:2026-03:59,2026-03,RESEARCH_DEVELOPMENT,LISTING_AFTER_30_DAYS,READY,3300,3300,0.024248960380065333,0.00039921034074106426,0.02757608723151258,0.00543734481566446,0.01957907517960136,0.5276414785737651,97,96,0.1056,0.005151515151515152,4051.734,5057.090909090909,0.0,0.0,0.0003246175696969697,4.820949161385473e-05,0.0
TSLAUSDT-R-TSLAUSDT-nyse_20260320T200000Z-s97,TSLAUSDT,R,97,TSLAUSDT-nyse_20260320T200000Z,R:TSLAUSDT:2026-03:97,2026-03,RESEARCH_DEVELOPMENT,LISTING_AFTER_30_DAYS,READY,3300,3300,0.029068297040330444,0.00045974574473318437,0.06047456606802437,0.045178541585427105,0.049552597939694805,0.5184824902723736,114,113,0.12430000000000001,0.0048484848484848485,6371.468363636363,6725.381818181818,0.0002195,3.1357142857142855e-05,0.0004440514212121212,5.165553346362774e-05,0.0
TSLAUSDT-R-TSLAUSDT-nyse_20260327T200000Z-s3,TSLAUSDT,R,3,TSLAUSDT-nyse_20260327T200000Z,R:TSLAUSDT:2026-03:3,2026-03,RESEARCH_DEVELOPMENT,LISTING_AFTER_30_DAYS,READY,3300,3300,0.03452591116228167,0.0005881675281342102,0.051187654445509136,0.021273855269089627,0.046635912173233506,0.5174418604651163,159,158,0.1738,0.011515151515151515,6685.883272727273,8108.963636363636,0.0,0.0,0.0003130025181818182,6.970600504667356e-05,0.0
TSLAUSDT-R-TSLAUSDT-nyse_20260327T200000Z-s10,TSLAUSDT,R,10,TSLAUSDT-nyse_20260327T200000Z,R:TSLAUSDT:2026-03:10,2026-03,RESEARCH_DEVELOPMENT,LISTING_AFTER_30_DAYS,READY,3300,3300,0.035311031291860306,0.0006369663665204081,0.05238744168981605,0.006868753341833641,0.03622562491820436,0.4834957560515561,174,173,0.19030000000000002,0.0021212121212121214,9944.313636363637,8688.818181818182,0.0,0.0,0.000342517696969697,7.065962778359983e-05,0.0
TSLAUSDT-R-TSLAUSDT-nyse_20260327T200000Z-s17,TSLAUSDT,R,17,TSLAUSDT-nyse_20260327T200000Z,R:TSLAUSDT:2026-03:17,2026-03,RESEARCH_DEVELOPMENT,LISTING_AFTER_30_DAYS,READY,3300,3300,0.03731967289894121,0.0007670814550021015,0.05496687098295153,0.001062925170067966,0.04178452682249014,0.4908805031446541,197,196,0.2156,0.0006060606060606061,10994.848181818183,11247.163636363637,0.00166965,0.00023852142857142856,0.0006888258909090909,8.398556209874604e-05,0.0
TSLAUSDT-R-TSLAUSDT-nyse_20260327T200000Z-s31,TSLAUSDT,R,31,TSLAUSDT-nyse_20260327T200000Z,R:TSLAUSDT:2026-03:31,2026-03,RESEARCH_DEVELOPMENT,LISTING_AFTER_30_DAYS,READY,3300,3300,0.03618232510114569,0.000698035079500673,0.05664949242462883,0.02695887566284728,0.041192674590623826,0.497787610619469,182,181,0.1991,0.00030303030303030303,9227.17690909091,10858.10909090909,0.00076684,0.00010954857142857143,0.00046200659393939397,8.156173267903506e-05,0.0
TSLAUSDT-R-TSLAUSDT-nyse_20260327T200000Z-s59,TSLAUSDT,R,59,TSLAUSDT-nyse_20260327T200000Z,R:TSLAUSDT:2026-03:59,2026-03,RESEARCH_DEVELOPMENT,LISTING_AFTER_30_DAYS,READY,3300,3300,0.03618941177148241,0.0006983055684600777,0.056769675127162994,0.0281466138994711,0.04241573033707854,0.5012610340479193,180,179,0.19690000000000002,0.00030303030303030303,9222.71290909091,10837.854545454546,0.00076684,0.00010954857142857143,0.0004529883757575758,8.167381719235692e-05,0.0
TSLAUSDT-R-TSLAUSDT-nyse_20260327T200000Z-s97,TSLAUSDT,R,97,TSLAUSDT-nyse_20260327T200000Z,R:TSLAUSDT:2026-03:97,2026-03,RESEARCH_DEVELOPMENT,LISTING_AFTER_30_DAYS,READY,3300,3300,0.03618941177148241,0.0006983055684600777,0.056769675127162994,0.0281466138994711,0.04241573033707854,0.5012610340479193,180,179,0.19690000000000002,0.00030303030303030303,9222.71290909091,10837.854545454546,0.00076684,0.00010954857142857143,0.0004529883757575758,8.167381719235692e-05,0.0
TSLAUSDT-R-TSLAUSDT-nyse_20260402T200000Z-s3,TSLAUSDT,R,3,TSLAUSDT-nyse_20260402T200000Z,R:TSLAUSDT:2026-04:3,2026-04,RESEARCH_DEVELOPMENT,LISTING_AFTER_30_DAYS,READY,4740,4740,0.04963096351782103,0.000727104753694841,0.08066806794296437,0.006934188503031075,0.044104741684359475,0.47749338040600176,304,303,0.33330000000000004,0.0002109704641350211,15863.736202531645,11825.088607594937,0.00166187,0.00016618699999999999,0.0005906385379746836,6.773886254180783e-05,0.0
TSLAUSDT-R-TSLAUSDT-nyse_20260402T200000Z-s10,TSLAUSDT,R,10,TSLAUSDT-nyse_20260402T200000Z,R:TSLAUSDT:2026-04:10,2026-04,RESEARCH_DEVELOPMENT,LISTING_AFTER_30_DAYS,READY,4740,4740,0.049627153043830696,0.0007270758616373815,0.08104097705741363,0.00629054729168714,0.04097916844775012,0.4784815713970426,304,303,0.33330000000000004,0.0002109704641350211,15859.465569620254,11814.696202531646,0.00166187,0.00016618699999999999,0.0005848587953586499,6.774656626065249e-05,0.0
TSLAUSDT-R-TSLAUSDT-nyse_20260402T200000Z-s17,TSLAUSDT,R,17,TSLAUSDT-nyse_20260402T200000Z,R:TSLAUSDT:2026-04:17,2026-04,RESEARCH_DEVELOPMENT,LISTING_AFTER_30_DAYS,READY,4740,4740,0.049627153043830696,0.0007270758616373815,0.08104097705741363,0.00629054729168714,0.04097916844775012,0.4784815713970426,304,303,0.33330000000000004,0.0002109704641350211,15859.465569620254,11814.696202531646,0.00166187,0.00016618699999999999,0.0005848587953586499,6.774656626065249e-05,0.0
TSLAUSDT-R-TSLAUSDT-nyse_20260402T200000Z-s31,TSLAUSDT,R,31,TSLAUSDT-nyse_20260402T200000Z,R:TSLAUSDT:2026-04:31,2026-04,RESEARCH_DEVELOPMENT,LISTING_AFTER_30_DAYS,READY,4740,4740,0.04407083044531575,0.0006154974690117984,0.12946668552836327,0.0493166963755198,0.12760298777727486,0.47841566533155316,245,244,0.2684,0.002109704641350211,13322.493670886075,8782.810126582279,0.00027658,2.7658000000000002e-05,0.00044298918565400847,6.394937104191184e-05,0.0
TSLAUSDT-R-TSLAUSDT-nyse_20260402T200000Z-s59,TSLAUSDT,R,59,TSLAUSDT-nyse_20260402T200000Z,R:TSLAUSDT:2026-04:59,2026-04,RESEARCH_DEVELOPMENT,LISTING_AFTER_30_DAYS,READY,4740,4740,0.036817098713050465,0.0005667869090869577,0.04294137867209606,0.0067578131786043185,0.02465319064605624,0.5255328596802842,221,220,0.24200000000000002,0.0016877637130801688,3348.3806329113927,7513.4177215189875,0.0029154000000000003,0.00029154,0.0008287447130801688,6.149901279650005e-05,0.0
TSLAUSDT-R-TSLAUSDT-nyse_20260402T200000Z-s97,TSLAUSDT,R,97,TSLAUSDT-nyse_20260402T200000Z,R:TSLAUSDT:2026-04:97,2026-04,RESEARCH_DEVELOPMENT,LISTING_AFTER_30_DAYS,READY,4740,4740,0.06303316879174829,0.0008407389509418985,0.09619008811694606,0.0208078049691326,0.06574254420357678,0.5077160493827161,320,319,0.35090000000000005,0.0002109704641350211,12475.27924050633,14138.708860759494,0.00169721,0.000169721,0.0007335828734177215,0.00020750254164387762,1.0
TSLAUSDT-R-TSLAUSDT-nyse_20260410T200000Z-s3,TSLAUSDT,R,3,TSLAUSDT-nyse_20260410T200000Z,R:TSLAUSDT:2026-04:3,2026-04,RESEARCH_DEVELOPMENT,LISTING_AFTER_30_DAYS,READY,3300,3300,0.03862455857883534,0.000661862966356002,0.09700858216116914,0.04267154193247239,0.09201008329679977,0.46777281429483086,189,188,0.2068,0.0024242424242424242,14106.60981818182,9266.672727272728,0.00020533,2.9332857142857142e-05,0.0004455674212121212,6.657381181380445e-05,0.0
TSLAUSDT-R-TSLAUSDT-nyse_20260410T200000Z-s10,TSLAUSDT,R,10,TSLAUSDT-nyse_20260410T200000Z,R:TSLAUSDT:2026-04:10,2026-04,RESEARCH_DEVELOPMENT,LISTING_AFTER_30_DAYS,READY,3300,3300,0.02955077031426554,0.0005462100862326715,0.04298912036424282,0.010117911579387726,0.02235406293039516,0.5183179356482956,148,147,0.1617,0.0009090909090909091,2994.856545454545,7169.436363636363,0.00252162,0.0003602314285714286,0.0008846680060606061,5.687836594394807e-05,0.0
TSLAUSDT-R-TSLAUSDT-nyse_20260410T200000Z-s17,TSLAUSDT,R,17,TSLAUSDT-nyse_20260410T200000Z,R:TSLAUSDT:2026-04:17,2026-04,RESEARCH_DEVELOPMENT,LISTING_AFTER_30_DAYS,READY,3300,3300,0.029814748259946892,0.0005516271360933166,0.03463867368254043,0.020710514174398995,0.02370194213238201,0.525710635579687,143,142,0.1562,0.0021212121212121214,3330.8805454545454,7248.836363636364,0.0015518,0.0002216857142857143,0.000784073896969697,6.484622739175702e-05,0.0
TSLAUSDT-R-TSLAUSDT-nyse_20260410T200000Z-s31,TSLAUSDT,R,31,TSLAUSDT-nyse_20260410T200000Z,R:TSLAUSDT:2026-04:31,2026-04,RESEARCH_DEVELOPMENT,LISTING_AFTER_30_DAYS,READY,3300,3300,0.041448098390852554,0.0006795011278451761,0.07894371091035451,0.029021523945916294,0.05988640792917198,0.48770360907058447,209,208,0.2288,0.00030303030303030303,14809.417272727273,10563.072727272727,0.0004666,6.665714285714286e-05,0.00037082230303030303,6.523820196560621e-05,0.0
TSLAUSDT-R-TSLAUSDT-nyse_20260410T200000Z-s59,TSLAUSDT,R,59,TSLAUSDT-nyse_20260410T200000Z,R:TSLAUSDT:2026-04:59,2026-04,RESEARCH_DEVELOPMENT,LISTING_AFTER_30_DAYS,READY,3300,3300,0.04096232790812539,0.0007361909405546008,0.07970232346759076,0.01792764483119805,0.040884699469066685,0.4685336689741976,200,199,0.2189,0.0,15662.331636363637,12147.036363636364,0.00160731,0.00022961571428571428,0.000678107506060606,6.413626408062209e-05,0.0
TSLAUSDT-R-TSLAUSDT-nyse_20260410T200000Z-s97,TSLAUSDT,R,97,TSLAUSDT-nyse_20260410T200000Z,R:TSLAUSDT:2026-04:97,2026-04,RESEARCH_DEVELOPMENT,LISTING_AFTER_30_DAYS,READY,3300,3300,0.029547503148710564,0.0005451642559286603,0.04295046415064401,0.01038804720412376,0.02465319064605624,0.5167464114832536,149,148,0.1628,0.0009090909090909091,2994.1025454545456,7149.381818181818,0.00252162,0.0003602314285714286,0.0008860556666666667,5.692407085920843e-05,0.0
TSLAUSDT-R-TSLAUSDT-nyse_20260417T200000Z-s3,TSLAUSDT,R,3,TSLAUSDT-nyse_20260417T200000Z,R:TSLAUSDT:2026-04:3,2026-04,RESEARCH_DEVELOPMENT,LISTING_AFTER_30_DAYS,READY,3300,3300,0.0593887419580889,0.0009481915708259899,0.0966924376632022,0.022355313092979105,0.047626414997034704,0.5119421747328724,258,257,0.2827,0.0,13208.002181818181,16728.436363636363,0.00159074,0.00026512333333333335,0.0008069861939393938,0.00028237472121483406,0.0
TSLAUSDT-R-TSLAUSDT-nyse_20260417T200000Z-s10,TSLAUSDT,R,10,TSLAUSDT-nyse_20260417T200000Z,R:TSLAUSDT:2026-04:10,2026-04,RESEARCH_DEVELOPMENT,LISTING_AFTER_30_DAYS,READY,3300,3300,0.036189518421455194,0.0006007493538210427,0.12670195601098308,0.09764902703178648,0.1253148436394509,0.48381928868952256,163,162,0.1782,0.0018181818181818182,13643.361818181818,9060.381818181819,0.00020043,3.3405e-05,0.0004425368939393939,6.160301038456192e-05,0.0
TSLAUSDT-R-TSLAUSDT-nyse_20260417T200000Z-s17,TSLAUSDT,R,17,TSLAUSDT-nyse_20260417T200000Z,R:TSLAUSDT:2026-04:17,2026-04,RESEARCH_DEVELOPMENT,LISTING_AFTER_30_DAYS,READY,3300,3300,0.05939263251184558,0.0009480133814193519,0.09711009410191813,0.02129679065076826,0.047626414997034704,0.509119496855346,257,256,0.2816,0.0,13284.990545454546,16748.327272727274,0.00164012,0.00023430285714285713,0.0007980966363636364,0.0002524529382548455,0.0
TSLAUSDT-R-TSLAUSDT-nyse_20260417T200000Z-s31,TSLAUSDT,R,31,TSLAUSDT-nyse_20260417T200000Z,R:TSLAUSDT:2026-04:31,2026-04,RESEARCH_DEVELOPMENT,LISTING_AFTER_30_DAYS,READY,3300,3300,0.05026950728842298,0.0007550885128605686,0.07385524372230427,0.021789387457904867,0.044241519742999544,0.5150937400699078,198,197,0.2167,0.00030303030303030303,12094.762363636364,11254.327272727272,0.0004766,6.808571428571429e-05,0.0006393624575757576,8.37726437997676e-05,1.0
TSLAUSDT-R-TSLAUSDT-nyse_20260417T200000Z-s59,TSLAUSDT,R,59,TSLAUSDT-nyse_20260417T200000Z,R:TSLAUSDT:2026-04:59,2026-04,RESEARCH_DEVELOPMENT,LISTING_AFTER_30_DAYS,READY,3300,3300,0.05028763415891045,0.0007589963946618074,0.07367511813424114,0.025077118490292167,0.044241519742999544,0.5139416983523447,199,198,0.21780000000000002,0.0,12125.948545454547,11323.618181818181,0.00046975,7.829166666666667e-05,0.0006402347272727272,8.411984981150033e-05,1.0
TSLAUSDT-R-TSLAUSDT-nyse_20260417T200000Z-s97,TSLAUSDT,R,97,TSLAUSDT-nyse_20260417T200000Z,R:TSLAUSDT:2026-04:97,2026-04,RESEARCH_DEVELOPMENT,LISTING_AFTER_30_DAYS,READY,3300,3300,0.036189518421455194,0.0006007493538210427,0.12670195601098308,0.09764902703178648,0.1253148436394509,0.48381928868952256,163,162,0.1782,0.0018181818181818182,13643.361818181818,9060.381818181819,0.00020043,3.3405e-05,0.0004425368939393939,6.160301038456192e-05,0.0
TSLAUSDT-R-TSLAUSDT-nyse_20260424T200000Z-s3,TSLAUSDT,R,3,TSLAUSDT-nyse_20260424T200000Z,R:TSLAUSDT:2026-04:3,2026-04,RESEARCH_DEVELOPMENT,LISTING_AFTER_30_DAYS,READY,3300,3300,0.02955077031426554,0.0005462100862326715,0.04298912036424282,0.010117911579387726,0.02235406293039516,0.5183179356482956,148,147,0.1617,0.0009090909090909091,2994.856545454545,7169.436363636363,0.00252162,0.0003602314285714286,0.0008846680060606061,5.687836594394807e-05,0.0
TSLAUSDT-R-TSLAUSDT-nyse_20260424T200000Z-s10,TSLAUSDT,R,10,TSLAUSDT-nyse_20260424T200000Z,R:TSLAUSDT:2026-04:10,2026-04,RESEARCH_DEVELOPMENT,LISTING_AFTER_30_DAYS,READY,3300,3300,0.05939263251184558,0.0009480133814193519,0.09711009410191813,0.02129679065076826,0.047626414997034704,0.509119496855346,257,256,0.2816,0.0,13284.990545454546,16748.327272727274,0.00164012,0.00023430285714285713,0.0007980966363636364,0.0002524529382548455,0.0
TSLAUSDT-R-TSLAUSDT-nyse_20260424T200000Z-s17,TSLAUSDT,R,17,TSLAUSDT-nyse_20260424T200000Z,R:TSLAUSDT:2026-04:17,2026-04,RESEARCH_DEVELOPMENT,LISTING_AFTER_30_DAYS,READY,3300,3300,0.03864953427901547,0.0006651240633400343,0.09631666349059428,0.039788003636434,0.08213635993374786,0.4673878460069997,190,189,0.2079,0.0015151515151515152,14103.23109090909,9246.654545454545,0.00020533,3.4221666666666665e-05,0.0004400372060606061,6.674752341841881e-05,0.0
TSLAUSDT-R-TSLAUSDT-nyse_20260424T200000Z-s31,TSLAUSDT,R,31,TSLAUSDT-nyse_20260424T200000Z,R:TSLAUSDT:2026-04:31,2026-04,RESEARCH_DEVELOPMENT,LISTING_AFTER_30_DAYS,READY,3300,3300,0.029814748259946892,0.0005516271360933166,0.03463867368254043,0.020710514174398995,0.02370194213238201,0.525710635579687,143,142,0.1562,0.0021212121212121214,3330.8805454545454,7248.836363636364,0.0015518,0.0002216857142857143,0.000784073896969697,6.484622739175702e-05,0.0
TSLAUSDT-R-TSLAUSDT-nyse_20260424T200000Z-s59,TSLAUSDT,R,59,TSLAUSDT-nyse_20260424T200000Z,R:TSLAUSDT:2026-04:59,2026-04,RESEARCH_DEVELOPMENT,LISTING_AFTER_30_DAYS,READY,3300,3300,0.03864953427901547,0.0006651240633400343,0.09631666349059428,0.039788003636434,0.08213635993374786,0.4673878460069997,190,189,0.2079,0.0015151515151515152,14103.23109090909,9246.654545454545,0.00020533,3.4221666666666665e-05,0.0004400372060606061,6.674752341841881e-05,0.0
TSLAUSDT-R-TSLAUSDT-nyse_20260424T200000Z-s97,TSLAUSDT,R,97,TSLAUSDT-nyse_20260424T200000Z,R:TSLAUSDT:2026-04:97,2026-04,RESEARCH_DEVELOPMENT,LISTING_AFTER_30_DAYS,READY,3300,3300,0.041244159097810026,0.0006727594540100686,0.07883414295628045,0.029694527935878574,0.05988640792917198,0.48769574944071586,206,205,0.2255,0.00030303030303030303,14689.491454545456,10464.709090909091,5.456e-05,9.093333333333333e-06,0.0003660462696969697,6.49234772262307e-05,0.0
TSLAUSDT-R-TSLAUSDT-nyse_20260501T200000Z-s3,TSLAUSDT,R,3,TSLAUSDT-nyse_20260501T200000Z,R:TSLAUSDT:2026-05:3,2026-05,VALIDATION,LISTING_AFTER_30_DAYS,READY,3300,3300,0.034674753168022716,0.0006450568033143553,0.08103769676884841,0.05727238697333948,0.07527048713568371,0.5160063391442156,162,161,0.1771,0.0,3237.311636363637,7584.581818181819,0.00084882,0.00014147,0.0006213665242424241,6.521343465861531e-05,0.0
TSLAUSDT-R-TSLAUSDT-nyse_20260501T200000Z-s10,TSLAUSDT,R,10,TSLAUSDT-nyse_20260501T200000Z,R:TSLAUSDT:2026-05:10,2026-05,VALIDATION,LISTING_AFTER_30_DAYS,READY,3300,3300,0.03846607165331557,0.0007443057922415812,0.07597340930674275,0.023087650431279257,0.0384446718316035,0.5089146074444793,200,199,0.2189,0.0,4681.700363636363,7300.654545454546,0.00216452,0.00030921714285714287,0.0007923175,8.012534494827288e-05,0.0
TSLAUSDT-R-TSLAUSDT-nyse_20260501T200000Z-s17,TSLAUSDT,R,17,TSLAUSDT-nyse_20260501T200000Z,R:TSLAUSDT:2026-05:17,2026-05,VALIDATION,LISTING_AFTER_30_DAYS,READY,3300,3300,0.0380360949972953,0.000696118554199179,0.05608147205184589,0.0020863585532355225,0.05093354980865137,0.49076682316118936,182,181,0.1991,0.0,4974.423636363636,8038.945454545455,0.0010142200000000001,0.00014488857142857145,0.0006603603878787879,6.38829608986915e-05,0.0
TSLAUSDT-R-TSLAUSDT-nyse_20260501T200000Z-s31,TSLAUSDT,R,31,TSLAUSDT-nyse_20260501T200000Z,R:TSLAUSDT:2026-05:31,2026-05,VALIDATION,LISTING_AFTER_30_DAYS,READY,3300,3300,0.04106692803595507,0.0007341681616225745,0.0702316968519941,0.010033874359838829,0.04369459019359519,0.49609497032177446,189,188,0.2068,0.00030303030303030303,5713.307272727273,8426.654545454545,0.0008336800000000001,0.00013894666666666668,0.0006280218212121212,7.02801962739604e-05,0.0
TSLAUSDT-R-TSLAUSDT-nyse_20260501T200000Z-s59,TSLAUSDT,R,59,TSLAUSDT-nyse_20260501T200000Z,R:TSLAUSDT:2026-05:59,2026-05,VALIDATION,LISTING_AFTER_30_DAYS,READY,3300,3300,0.03812827160324407,0.00069923749968775,0.05413879598662208,0.009366317855895109,0.05093354980865137,0.4898214844973379,184,183,0.2013,0.0,5027.146000000001,8089.872727272727,0.0010142200000000001,0.00016903666666666668,0.0006721045212121212,6.374508166558575e-05,0.0
TSLAUSDT-R-TSLAUSDT-nyse_20260501T200000Z-s97,TSLAUSDT,R,97,TSLAUSDT-nyse_20260501T200000Z,R:TSLAUSDT:2026-05:97,2026-05,VALIDATION,LISTING_AFTER_30_DAYS,READY,3300,3300,0.030777525239214298,0.0005573484134506799,0.04446768885373882,0.01417811253876829,0.025531155150865893,0.5124521072796935,150,149,0.16390000000000002,0.0,2853.201090909091,6772.781818181818,0.00121115,0.00017302142857142857,0.0006871806330275229,5.6251776607158824e-05,0.0
TSLAUSDT-R-TSLAUSDT-nyse_20260508T200000Z-s3,TSLAUSDT,R,3,TSLAUSDT-nyse_20260508T200000Z,R:TSLAUSDT:2026-05:3,2026-05,VALIDATION,LISTING_AFTER_30_DAYS,READY,3300,3300,0.0394003688710102,0.0007391724298092306,0.06440770124317244,0.02535296796720809,0.054819574888778914,0.5109034267912772,197,196,0.2156,0.0,4303.699636363636,6913.036363636364,0.00080724,0.00011532,0.0006041271303030303,7.645932808235118e-05,0.0
TSLAUSDT-R-TSLAUSDT-nyse_20260508T200000Z-s10,TSLAUSDT,R,10,TSLAUSDT-nyse_20260508T200000Z,R:TSLAUSDT:2026-05:10,2026-05,VALIDATION,LISTING_AFTER_30_DAYS,READY,3300,3300,0.034697662802267826,0.0006474853647465579,0.08066386619591272,0.050218068535825694,0.05977193295747342,0.512496045555204,165,164,0.1804,0.0,3264.7123636363635,7634.418181818181,0.0009327399999999999,0.0001332485714285714,0.0006267278606060606,6.527534980733795e-05,0.0
TSLAUSDT-R-TSLAUSDT-nyse_20260508T200000Z-s17,TSLAUSDT,R,17,TSLAUSDT-nyse_20260508T200000Z,R:TSLAUSDT:2026-05:17,2026-05,VALIDATION,LISTING_AFTER_30_DAYS,READY,3300,3300,0.03846607165331557,0.0007443057922415812,0.07597340930674275,0.023087650431279257,0.0384446718316035,0.5089146074444793,200,199,0.2189,0.0,4681.700363636363,7300.654545454546,0.00216452,0.00030921714285714287,0.0007923175,8.012534494827288e-05,0.0
TSLAUSDT-R-TSLAUSDT-nyse_20260508T200000Z-s31,TSLAUSDT,R,31,TSLAUSDT-nyse_20260508T200000Z,R:TSLAUSDT:2026-05:31,2026-05,VALIDATION,LISTING_AFTER_30_DAYS,READY,3300,3300,0.034809081853193556,0.0006050442666563195,0.04147306436030738,0.011500390975149224,0.023224828283292396,0.5034504391468005,171,170,0.187,0.00030303030303030303,5766.427454545455,8046.581818181819,0.00033561,5.5935000000000006e-05,0.0004247226848484849,6.581932791926546e-05,0.0
TSLAUSDT-R-TSLAUSDT-nyse_20260508T200000Z-s59,TSLAUSDT,R,59,TSLAUSDT-nyse_20260508T200000Z,R:TSLAUSDT:2026-05:59,2026-05,VALIDATION,LISTING_AFTER_30_DAYS,READY,3300,3300,0.034697662802267826,0.0006474853647465579,0.08066386619591272,0.050218068535825694,0.05977193295747342,0.512496045555204,165,164,0.1804,0.0,3264.7123636363635,7634.418181818181,0.0009327399999999999,0.0001332485714285714,0.0006267278606060606,6.527534980733795e-05,0.0
TSLAUSDT-R-TSLAUSDT-nyse_20260508T200000Z-s97,TSLAUSDT,R,97,TSLAUSDT-nyse_20260508T200000Z,R:TSLAUSDT:2026-05:97,2026-05,VALIDATION,LISTING_AFTER_30_DAYS,READY,3300,3300,0.03812827160324407,0.00069923749968775,0.05413879598662208,0.009366317855895109,0.05093354980865137,0.4898214844973379,184,183,0.2013,0.0,5027.146000000001,8089.872727272727,0.0010142200000000001,0.00016903666666666668,0.0006721045212121212,6.374508166558575e-05,0.0
TSLAUSDT-R-TSLAUSDT-nyse_20260515T200000Z-s3,TSLAUSDT,R,3,TSLAUSDT-nyse_20260515T200000Z,R:TSLAUSDT:2026-05:3,2026-05,VALIDATION,LISTING_AFTER_30_DAYS,READY,3300,3300,0.0380360949972953,0.000696118554199179,0.05608147205184589,0.0020863585532355225,0.05093354980865137,0.49076682316118936,182,181,0.1991,0.0,4974.423636363636,8038.945454545455,0.0010142200000000001,0.00014488857142857145,0.0006603603878787879,6.38829608986915e-05,0.0
TSLAUSDT-R-TSLAUSDT-nyse_20260515T200000Z-s10,TSLAUSDT,R,10,TSLAUSDT-nyse_20260515T200000Z,R:TSLAUSDT:2026-05:10,2026-05,VALIDATION,LISTING_AFTER_30_DAYS,READY,3300,3300,0.034809081853193556,0.0006050442666563195,0.04147306436030738,0.011500390975149224,0.023224828283292396,0.5034504391468005,171,170,0.187,0.00030303030303030303,5766.427454545455,8046.581818181819,0.00033561,5.5935000000000006e-05,0.0004247226848484849,6.581932791926546e-05,0.0
TSLAUSDT-R-TSLAUSDT-nyse_20260515T200000Z-s17,TSLAUSDT,R,17,TSLAUSDT-nyse_20260515T200000Z,R:TSLAUSDT:2026-05:17,2026-05,VALIDATION,LISTING_AFTER_30_DAYS,READY,3300,3300,0.03512436384019135,0.0006545936443838054,0.08110068922630463,0.05395602368901013,0.07527048713568371,0.5131204552639899,167,166,0.1826,0.0,3286.4687272727274,7724.290909090909,0.0009327399999999999,0.0001332485714285714,0.0006337654848484848,6.5957674886618e-05,0.0
TSLAUSDT-R-TSLAUSDT-nyse_20260515T200000Z-s31,TSLAUSDT,R,31,TSLAUSDT-nyse_20260515T200000Z,R:TSLAUSDT:2026-05:31,2026-05,VALIDATION,LISTING_AFTER_30_DAYS,READY,3300,3300,0.0394003688710102,0.0007391724298092306,0.06440770124317244,0.02535296796720809,0.054819574888778914,0.5109034267912772,197,196,0.2156,0.0,4303.699636363636,6913.036363636364,0.00080724,0.00011532,0.0006041271303030303,7.645932808235118e-05,0.0
TSLAUSDT-R-TSLAUSDT-nyse_20260515T200000Z-s59,TSLAUSDT,R,59,TSLAUSDT-nyse_20260515T200000Z,R:TSLAUSDT:2026-05:59,2026-05,VALIDATION,LISTING_AFTER_30_DAYS,READY,3300,3300,0.034847407480662035,0.0006057434490489148,0.04137883551740763,0.009486872373999557,0.021371245127264373,0.5010982114841543,173,172,0.1892,0.00030303030303030303,5781.032909090909,8045.890909090909,0.00047618,6.802571428571429e-05,0.0004212576787878788,6.638075988576386e-05,0.0
TSLAUSDT-R-TSLAUSDT-nyse_20260515T200000Z-s97,TSLAUSDT,R,97,TSLAUSDT-nyse_20260515T200000Z,R:TSLAUSDT:2026-05:97,2026-05,VALIDATION,LISTING_AFTER_30_DAYS,READY,3300,3300,0.0394003688710102,0.0007391724298092306,0.06440770124317244,0.02535296796720809,0.054819574888778914,0.5109034267912772,197,196,0.2156,0.0,4303.699636363636,6913.036363636364,0.00080724,0.00011532,0.0006041271303030303,7.645932808235118e-05,0.0
TSLAUSDT-R-TSLAUSDT-nyse_20260522T200000Z-s10,TSLAUSDT,R,10,TSLAUSDT-nyse_20260522T200000Z,R:TSLAUSDT:2026-05:10,2026-05,VALIDATION,LISTING_AFTER_30_DAYS,READY,4740,4740,0.047793476488867045,0.0007382797160159929,0.0702316968519941,0.007382991280720707,0.04369459019359519,0.4865100087032202,281,280,0.308,0.0002109704641350211,5400.559367088607,8339.93670886076,0.0011120400000000001,0.00012356000000000002,0.0006281155316455696,6.881713971303173e-05,0.0
TSLAUSDT-R-TSLAUSDT-nyse_20260522T200000Z-s31,TSLAUSDT,R,31,TSLAUSDT-nyse_20260522T200000Z,R:TSLAUSDT:2026-05:31,2026-05,VALIDATION,LISTING_AFTER_30_DAYS,READY,4740,4740,0.041589008377395646,0.0006282169612551571,0.07985304997831469,0.030164833527079774,0.05977193295747342,0.5141530296329058,236,235,0.2585,0.0,3265.732911392405,7132.050632911392,0.00148634,0.000148634,0.0006484213588110403,6.332877304624128e-05,0.0
TSLAUSDT-R-TSLAUSDT-nyse_20260522T200000Z-s59,TSLAUSDT,R,59,TSLAUSDT-nyse_20260522T200000Z,R:TSLAUSDT:2026-05:59,2026-05,VALIDATION,LISTING_AFTER_30_DAYS,READY,4740,4740,0.046382200942712885,0.0007367884352541152,0.08057564467820885,0.010709041200558675,0.04265611257695685,0.5088062622309197,285,284,0.3124,0.0,4501.704683544303,7122.2405063291135,0.00216452,0.000216452,0.0006961502573839662,7.660737131091557e-05,0.0
TSLAUSDT-R-TSLAUSDT-nyse_20260529T200000Z-s3,TSLAUSDT,R,3,TSLAUSDT-nyse_20260529T200000Z,R:TSLAUSDT:2026-05:3,2026-05,VALIDATION,LISTING_AFTER_30_DAYS,READY,3300,3300,0.034822188735296564,0.0006055099958341979,0.04139213480566595,0.01045853732878675,0.021371245127264373,0.5,172,171,0.18810000000000002,0.00030303030303030303,5763.0701818181815,8051.4,0.00047618,6.802571428571429e-05,0.0004216117818181818,6.61910837216635e-05,0.0
TSLAUSDT-R-TSLAUSDT-nyse_20260529T200000Z-s17,TSLAUSDT,R,17,TSLAUSDT-nyse_20260529T200000Z,R:TSLAUSDT:2026-05:17,2026-05,VALIDATION,LISTING_AFTER_30_DAYS,READY,3300,3300,0.034809081853193556,0.0006050442666563195,0.04147306436030738,0.011500390975149224,0.023224828283292396,0.5034504391468005,171,170,0.187,0.00030303030303030303,5766.427454545455,8046.581818181819,0.00033561,5.5935000000000006e-05,0.0004247226848484849,6.581932791926546e-05,0.0
TSLAUSDT-R-TSLAUSDT-nyse_20260529T200000Z-s97,TSLAUSDT,R,97,TSLAUSDT-nyse_20260529T200000Z,R:TSLAUSDT:2026-05:97,2026-05,VALIDATION,LISTING_AFTER_30_DAYS,READY,3300,3300,0.034809081853193556,0.0006050442666563195,0.04147306436030738,0.011500390975149224,0.023224828283292396,0.5034504391468005,171,170,0.187,0.00030303030303030303,5766.427454545455,8046.581818181819,0.00033561,5.5935000000000006e-05,0.0004247226848484849,6.581932791926546e-05,0.0
TSLAUSDT-R-TSLAUSDT-nyse_20260605T200000Z-s3,TSLAUSDT,R,3,TSLAUSDT-nyse_20260605T200000Z,R:TSLAUSDT:2026-06:3,2026-06,SEALED_SHORT_OOS,LISTING_AFTER_30_DAYS,READY,3300,3300,0.05090382273602165,0.0009616897463098885,0.09850101813007525,0.03013660825169051,0.0723969697712618,0.5052926525529265,279,278,0.3058,0.0,6764.485636363636,11007.0,5.928e-05,8.468571428571429e-06,0.00036782761818181817,8.508976830681701e-05,0.0
TSLAUSDT-R-TSLAUSDT-nyse_20260605T200000Z-s10,TSLAUSDT,R,10,TSLAUSDT-nyse_20260605T200000Z,R:TSLAUSDT:2026-06:10,2026-06,SEALED_SHORT_OOS,LISTING_AFTER_30_DAYS,READY,3300,3300,0.041009506165936974,0.0007905766390592414,0.04605331939362244,0.02436192723255261,0.03728156357253273,0.5241530740276035,203,202,0.2222,0.0,6176.538545454546,6145.6,0.0018864700000000001,0.0002694957142857143,0.0007771637303030304,7.416232648068549e-05,0.0
TSLAUSDT-R-TSLAUSDT-nyse_20260605T200000Z-s17,TSLAUSDT,R,17,TSLAUSDT-nyse_20260605T200000Z,R:TSLAUSDT:2026-06:17,2026-06,SEALED_SHORT_OOS,LISTING_AFTER_30_DAYS,READY,3300,3300,0.051304670034330035,0.000985594199713806,0.06451938355991621,0.004984906809936559,0.04456958157622277,0.5119676717438607,285,284,0.3124,0.0,6829.655454545455,10704.781818181818,5.928e-05,8.468571428571429e-06,0.0003501059909090909,0.000672294403822885,0.0
TSLAUSDT-R-TSLAUSDT-nyse_20260605T200000Z-s31,TSLAUSDT,R,31,TSLAUSDT-nyse_20260605T200000Z,R:TSLAUSDT:2026-06:31,2026-06,SEALED_SHORT_OOS,LISTING_AFTER_30_DAYS,READY,3300,3300,0.03716844372792932,0.0007468205500141598,0.07579067573606085,0.04656259090468341,0.07212959972171845,0.5200252286345002,207,206,0.22660000000000002,0.0,5959.614363636363,7053.0,0.00111841,0.00018640166666666666,0.0006666550515151515,6.937093440361043e-05,0.0
TSLAUSDT-R-TSLAUSDT-nyse_20260605T200000Z-s59,TSLAUSDT,R,59,TSLAUSDT-nyse_20260605T200000Z,R:TSLAUSDT:2026-06:59,2026-06,SEALED_SHORT_OOS,LISTING_AFTER_30_DAYS,READY,3300,3300,0.03717816413779608,0.0006462130574601787,0.04534512404814536,0.01583886199270822,0.03626094185534755,0.5216010165184244,166,165,0.18150000000000002,0.00030303030303030303,4693.363636363636,5773.309090909091,0.0,0.0,0.0002246635212121212,6.872168004717442e-05,0.0
TSLAUSDT-R-TSLAUSDT-nyse_20260605T200000Z-s97,TSLAUSDT,R,97,TSLAUSDT-nyse_20260605T200000Z,R:TSLAUSDT:2026-06:97,2026-06,SEALED_SHORT_OOS,LISTING_AFTER_30_DAYS,READY,3300,3300,0.05089010869117251,0.0009589581049942806,0.09877484747097022,0.030067091857864808,0.06961418349029927,0.5052959501557632,279,278,0.3058,0.0,6758.613090909091,10983.272727272728,5.928e-05,8.468571428571429e-06,0.0003660487,8.473724950854178e-05,0.0
TSLAUSDT-R-TSLAUSDT-nyse_20260612T200000Z-s3,TSLAUSDT,R,3,TSLAUSDT-nyse_20260612T200000Z,R:TSLAUSDT:2026-06:3,2026-06,SEALED_SHORT_OOS,LISTING_AFTER_30_DAYS,READY,3300,3300,0.03717816413779608,0.0006462130574601787,0.04534512404814536,0.01583886199270822,0.03626094185534755,0.5216010165184244,166,165,0.18150000000000002,0.00030303030303030303,4693.363636363636,5773.309090909091,0.0,0.0,0.0002246635212121212,6.872168004717442e-05,0.0
TSLAUSDT-R-TSLAUSDT-nyse_20260612T200000Z-s10,TSLAUSDT,R,10,TSLAUSDT-nyse_20260612T200000Z,R:TSLAUSDT:2026-06:10,2026-06,SEALED_SHORT_OOS,LISTING_AFTER_30_DAYS,READY,3300,3300,0.051366764745941734,0.0009907553883841897,0.06471689520821734,0.003901672342244218,0.043700240111209314,0.5097917314267951,284,283,0.3113,0.0,6884.208181818182,10746.272727272728,5.928e-05,8.468571428571429e-06,0.0003490910121212121,0.000673201487218254,0.0
TSLAUSDT-R-TSLAUSDT-nyse_20260612T200000Z-s17,TSLAUSDT,R,17,TSLAUSDT-nyse_20260612T200000Z,R:TSLAUSDT:2026-06:17,2026-06,SEALED_SHORT_OOS,LISTING_AFTER_30_DAYS,READY,3300,3300,0.037910652011258594,0.0006865781168992371,0.05221398707715702,0.007940671068101634,0.03405757351713604,0.4936748893105629,180,179,0.19690000000000002,0.0,5206.279090909091,6887.345454545454,0.0,0.0,0.0003222816182795699,6.832902305123078e-05,0.0
TSLAUSDT-R-TSLAUSDT-nyse_20260612T200000Z-s31,TSLAUSDT,R,31,TSLAUSDT-nyse_20260612T200000Z,R:TSLAUSDT:2026-06:31,2026-06,SEALED_SHORT_OOS,LISTING_AFTER_30_DAYS,READY,3300,3300,0.036640960014773,0.0006500915364964957,0.0542202078160033,0.011120904675280815,0.045049170844581564,0.5086505190311419,179,178,0.1958,0.0,4857.561636363636,6814.090909090909,0.00098444,0.00014063428571428572,0.0005583562693602693,6.908434526102125e-05,0.0
TSLAUSDT-R-TSLAUSDT-nyse_20260612T200000Z-s59,TSLAUSDT,R,59,TSLAUSDT-nyse_20260612T200000Z,R:TSLAUSDT:2026-06:59,2026-06,SEALED_SHORT_OOS,LISTING_AFTER_30_DAYS,READY,3300,3300,0.050809228909038356,0.0009567178763188681,0.0986292620615112,0.027983961596625875,0.06961418349029927,0.5052992518703242,278,277,0.3047,0.0,6710.327090909091,10938.981818181817,5.928e-05,9.88e-06,0.0003678428878787879,8.467362329156568e-05,0.0
TSLAUSDT-R-TSLAUSDT-nyse_20260612T200000Z-s97,TSLAUSDT,R,97,TSLAUSDT-nyse_20260612T200000Z,R:TSLAUSDT:2026-06:97,2026-06,SEALED_SHORT_OOS,LISTING_AFTER_30_DAYS,READY,3300,3300,0.03745279323178596,0.0006758533528185715,0.07118395303326816,0.027738797793198888,0.05926560587515295,0.5098839033573894,192,191,0.2101,0.0,7802.420363636364,8295.745454545455,0.0,0.0,0.00033785106422018344,6.577948644653112e-05,0.0
TSLAUSDT-R-TSLAUSDT-nyse_20260618T200000Z-s3,TSLAUSDT,R,3,TSLAUSDT-nyse_20260618T200000Z,R:TSLAUSDT:2026-06:3,2026-06,SEALED_SHORT_OOS,LISTING_AFTER_30_DAYS,READY,4740,4740,0.044263992971731225,0.0006702714227708175,0.0542202078160033,0.0028860772541035758,0.045049170844581564,0.5007697382889817,253,252,0.2772,0.0,5149.636962025316,6950.0759493670885,0.00098444,9.844400000000001e-05,0.0005255834393939394,6.911431572522715e-05,0.0
TSLAUSDT-R-TSLAUSDT-nyse_20260618T200000Z-s10,TSLAUSDT,R,10,TSLAUSDT-nyse_20260618T200000Z,R:TSLAUSDT:2026-06:10,2026-06,SEALED_SHORT_OOS,LISTING_AFTER_30_DAYS,READY,4740,4740,0.044263992971731225,0.0006702714227708175,0.0542202078160033,0.0028860772541035758,0.045049170844581564,0.5007697382889817,253,252,0.2772,0.0,5149.636962025316,6950.0759493670885,0.00098444,9.844400000000001e-05,0.0005255834393939394,6.911431572522715e-05,0.0
TSLAUSDT-R-TSLAUSDT-nyse_20260618T200000Z-s17,TSLAUSDT,R,17,TSLAUSDT-nyse_20260618T200000Z,R:TSLAUSDT:2026-06:17,2026-06,SEALED_SHORT_OOS,LISTING_AFTER_30_DAYS,READY,4740,4740,0.048560464395360985,0.000786927640011448,0.09150035858248634,0.04508238928939241,0.09127779014269116,0.5188988420362683,306,305,0.3355,0.0,6622.056075949367,6927.696202531645,0.0018864700000000001,0.000188647,0.000689842217299578,7.32225338321836e-05,0.0
TSLAUSDT-R-TSLAUSDT-nyse_20260618T200000Z-s31,TSLAUSDT,R,31,TSLAUSDT-nyse_20260618T200000Z,R:TSLAUSDT:2026-06:31,2026-06,SEALED_SHORT_OOS,LISTING_AFTER_30_DAYS,READY,4740,4740,0.06236268662874708,0.0009728289018995236,0.09850101813007525,0.009131719295553157,0.0723969697712618,0.5084525357607282,398,397,0.43670000000000003,0.0,6615.970759493671,10628.594936708861,5.928e-05,5.928e-06,0.00032659037552742613,0.0004928629279883803,0.0
TSLAUSDT-R-TSLAUSDT-nyse_20260618T200000Z-s59,TSLAUSDT,R,59,TSLAUSDT-nyse_20260618T200000Z,R:TSLAUSDT:2026-06:59,2026-06,SEALED_SHORT_OOS,LISTING_AFTER_30_DAYS,READY,4740,4740,0.0486496510060781,0.00079052632095269,0.09128105936616576,0.04312078173225935,0.08698785002608901,0.5204282280970067,309,308,0.33880000000000005,0.0,6608.916835443038,6906.037974683544,0.0018864700000000001,0.000188647,0.0006898036223628691,7.33206955066086e-05,0.0
TSLAUSDT-R-TSLAUSDT-nyse_20260618T200000Z-s97,TSLAUSDT,R,97,TSLAUSDT-nyse_20260618T200000Z,R:TSLAUSDT:2026-06:97,2026-06,SEALED_SHORT_OOS,LISTING_AFTER_30_DAYS,READY,4740,4740,0.04873530630540438,0.0007940424188091718,0.09063601608658953,0.04068549828880836,0.08698785002608901,0.5213021629888573,309,308,0.33880000000000005,0.0,6657.724050632911,6907.5822784810125,0.0018864700000000001,0.00020960777777777778,0.0006943512257383967,7.357461643237824e-05,0.0
TSLAUSDT-R-TSLAUSDT-nyse_20260626T200000Z-s3,TSLAUSDT,R,3,TSLAUSDT-nyse_20260626T200000Z,R:TSLAUSDT:2026-06:3,2026-06,SEALED_SHORT_OOS,LISTING_AFTER_30_DAYS,READY,3300,3300,0.040990074398306264,0.0007905240009453197,0.04585317615218453,0.024917161203362268,0.04459062426873985,0.5263322884012539,198,197,0.2167,0.0,6231.450363636364,6125.581818181819,0.00155375,0.0002589583333333333,0.0007741782545454546,7.372108555313662e-05,0.0
TSLAUSDT-R-TSLAUSDT-nyse_20260626T200000Z-s10,TSLAUSDT,R,10,TSLAUSDT-nyse_20260626T200000Z,R:TSLAUSDT:2026-06:10,2026-06,SEALED_SHORT_OOS,LISTING_AFTER_30_DAYS,READY,3300,3300,0.03739541767388573,0.0006745582973071855,0.07122751193244406,0.02652754783813951,0.05926560587515295,0.5083150298085974,192,191,0.2101,0.0,7809.960909090909,8274.690909090908,0.0,0.0,0.00033688760606060607,6.46643809646644e-05,0.0
TSLAUSDT-R-TSLAUSDT-nyse_20260626T200000Z-s17,TSLAUSDT,R,17,TSLAUSDT-nyse_20260626T200000Z,R:TSLAUSDT:2026-06:17,2026-06,SEALED_SHORT_OOS,LISTING_AFTER_30_DAYS,READY,3300,3300,0.03745279323178596,0.0006758533528185715,0.07118395303326816,0.027738797793198888,0.05926560587515295,0.5098839033573894,192,191,0.2101,0.0,7802.420363636364,8295.745454545455,0.0,0.0,0.00033785106422018344,6.577948644653112e-05,0.0
TSLAUSDT-R-TSLAUSDT-nyse_20260626T200000Z-s31,TSLAUSDT,R,31,TSLAUSDT-nyse_20260626T200000Z,R:TSLAUSDT:2026-06:31,2026-06,SEALED_SHORT_OOS,LISTING_AFTER_30_DAYS,READY,3300,3300,0.03739541767388573,0.0006745582973071855,0.07122751193244406,0.02652754783813951,0.05926560587515295,0.5083150298085974,192,191,0.2101,0.0,7809.960909090909,8274.690909090908,0.0,0.0,0.00033688760606060607,6.46643809646644e-05,0.0
TSLAUSDT-R-TSLAUSDT-nyse_20260626T200000Z-s59,TSLAUSDT,R,59,TSLAUSDT-nyse_20260626T200000Z,R:TSLAUSDT:2026-06:59,2026-06,SEALED_SHORT_OOS,LISTING_AFTER_30_DAYS,READY,3300,3300,0.037778081469026996,0.000681218297502418,0.05201751272038816,0.010062342775894207,0.023202846975088905,0.494620253164557,179,178,0.1958,0.0,5189.145818181819,6855.654545454546,0.0,0.0,0.0003247382688172043,6.829776671959293e-05,0.0
TSLAUSDT-R-TSLAUSDT-nyse_20260626T200000Z-s97,TSLAUSDT,R,97,TSLAUSDT-nyse_20260626T200000Z,R:TSLAUSDT:2026-06:97,2026-06,SEALED_SHORT_OOS,LISTING_AFTER_30_DAYS,READY,3300,3300,0.03717816413779608,0.0006462130574601787,0.04534512404814536,0.01583886199270822,0.03626094185534755,0.5216010165184244,166,165,0.18150000000000002,0.00030303030303030303,4693.363636363636,5773.309090909091,0.0,0.0,0.0002246635212121212,6.872168004717442e-05,0.0
TSLAUSDT-R-TSLAUSDT-nyse_20260702T200000Z-s3,TSLAUSDT,R,3,TSLAUSDT-nyse_20260702T200000Z,R:TSLAUSDT:2026-07:3,2026-07,DESCRIPTIVE_ONLY,LISTING_AFTER_30_DAYS,READY,4740,4740,0.039534353669806045,0.0006090715820642064,0.054946727549467195,0.014038586328601077,0.02883883731547711,0.5134896063688633,235,234,0.2574,0.0016877637130801688,5075.994683544304,8291.316455696202,0.00143006,0.000143006,0.000529299141350211,5.657585195040584e-05,0.0
TSLAUSDT-R-TSLAUSDT-nyse_20260702T200000Z-s10,TSLAUSDT,R,10,TSLAUSDT-nyse_20260702T200000Z,R:TSLAUSDT:2026-07:10,2026-07,DESCRIPTIVE_ONLY,LISTING_AFTER_30_DAYS,READY,4740,4740,0.04200464773104216,0.0006638533935134523,0.0691317171426517,0.017545834447242923,0.060619894281595296,0.500881445570736,263,262,0.2882,0.0012658227848101266,5189.739367088608,7271.898734177215,0.00021717,2.1717000000000002e-05,0.00040632442827004216,6.043412171250802e-05,0.0
TSLAUSDT-R-TSLAUSDT-nyse_20260702T200000Z-s17,TSLAUSDT,R,17,TSLAUSDT-nyse_20260702T200000Z,R:TSLAUSDT:2026-07:17,2026-07,DESCRIPTIVE_ONLY,LISTING_AFTER_30_DAYS,READY,4740,4740,0.039534353669806045,0.0006090715820642064,0.054946727549467195,0.014038586328601077,0.02883883731547711,0.5134896063688633,235,234,0.2574,0.0016877637130801688,5075.994683544304,8291.316455696202,0.00143006,0.000143006,0.000529299141350211,5.657585195040584e-05,0.0
TSLAUSDT-R-TSLAUSDT-nyse_20260702T200000Z-s31,TSLAUSDT,R,31,TSLAUSDT-nyse_20260702T200000Z,R:TSLAUSDT:2026-07:31,2026-07,DESCRIPTIVE_ONLY,LISTING_AFTER_30_DAYS,READY,4740,4740,0.042048962509684956,0.0006656977566668813,0.06894490147312043,0.016914948778676372,0.060619894281595296,0.5012117206433135,265,264,0.2904,0.0010548523206751054,5210.966835443038,7286.405063291139,0.00021717,2.1717000000000002e-05,0.0004066080928270042,6.0788308128402216e-05,0.0
TSLAUSDT-R-TSLAUSDT-nyse_20260702T200000Z-s59,TSLAUSDT,R,59,TSLAUSDT-nyse_20260702T200000Z,R:TSLAUSDT:2026-07:59,2026-07,DESCRIPTIVE_ONLY,LISTING_AFTER_30_DAYS,READY,4740,4740,0.04200464773104216,0.0006638533935134523,0.0691317171426517,0.017545834447242923,0.060619894281595296,0.500881445570736,263,262,0.2882,0.0012658227848101266,5189.739367088608,7271.898734177215,0.00021717,2.1717000000000002e-05,0.00040632442827004216,6.043412171250802e-05,0.0
TSLAUSDT-R-TSLAUSDT-nyse_20260702T200000Z-s97,TSLAUSDT,R,97,TSLAUSDT-nyse_20260702T200000Z,R:TSLAUSDT:2026-07:97,2026-07,DESCRIPTIVE_ONLY,LISTING_AFTER_30_DAYS,READY,4740,4740,0.039545803354126365,0.0006110809017027711,0.05715809252958202,0.013750158047793663,0.02883883731547711,0.5153795087408719,234,233,0.25630000000000003,0.0016877637130801688,5080.4162025316455,8308.037974683544,0.0013257,0.0001473,0.0005253420801687764,5.636257685066116e-05,0.0
TSLAUSDT-R-TSLAUSDT-nyse_20260710T200000Z-s3,TSLAUSDT,R,3,TSLAUSDT-nyse_20260710T200000Z,R:TSLAUSDT:2026-07:3,2026-07,DESCRIPTIVE_ONLY,LISTING_AFTER_30_DAYS,READY,3300,3300,0.035513359854626766,0.0006802811286667575,0.06920805626905452,0.036911817350145336,0.060619894281595296,0.5131204552639899,184,183,0.2013,0.0015151515151515152,4898.951272727273,7161.163636363636,0.00017777,2.9628333333333332e-05,0.0003560343787878788,6.336320466508624e-05,0.0
TSLAUSDT-R-TSLAUSDT-nyse_20260710T200000Z-s10,TSLAUSDT,R,10,TSLAUSDT-nyse_20260710T200000Z,R:TSLAUSDT:2026-07:10,2026-07,DESCRIPTIVE_ONLY,LISTING_AFTER_30_DAYS,READY,3300,3300,0.033694868327965206,0.0006114513353383034,0.056800403734544515,0.022711849070262073,0.029337507574227442,0.5152768936982813,161,160,0.17600000000000002,0.0024242424242424242,4854.636181818181,8249.290909090909,0.00073488,0.00010498285714285714,0.00039433017575757573,5.855062763214413e-05,0.0
TSLAUSDT-R-TSLAUSDT-nyse_20260710T200000Z-s17,TSLAUSDT,R,17,TSLAUSDT-nyse_20260710T200000Z,R:TSLAUSDT:2026-07:17,2026-07,DESCRIPTIVE_ONLY,LISTING_AFTER_30_DAYS,READY,3300,3300,0.04795682720667208,0.0007263255816201105,0.08124478423560451,0.029914619126150795,0.034653865861222787,0.5056854074542009,198,197,0.2167,0.0018181818181818182,8910.334909090909,11214.581818181818,0.00027142,4.523666666666666e-05,0.0004400801757575758,7.689138043658189e-05,1.0
TSLAUSDT-R-TSLAUSDT-nyse_20260710T200000Z-s31,TSLAUSDT,R,31,TSLAUSDT-nyse_20260710T200000Z,R:TSLAUSDT:2026-07:31,2026-07,DESCRIPTIVE_ONLY,LISTING_AFTER_30_DAYS,READY,3300,3300,0.0309806915502171,0.0005733004115637054,0.04081684424150171,0.0036130452468116506,0.02883883731547711,0.5177777777777778,150,149,0.16390000000000002,0.0015151515151515152,5029.366909090909,7689.309090909091,0.00143006,0.0002042942857142857,0.0006099268181818182,5.028465162382507e-05,0.0
TSLAUSDT-R-TSLAUSDT-nyse_20260710T200000Z-s59,TSLAUSDT,R,59,TSLAUSDT-nyse_20260710T200000Z,R:TSLAUSDT:2026-07:59,2026-07,DESCRIPTIVE_ONLY,LISTING_AFTER_30_DAYS,READY,3300,3300,0.04795682720667208,0.0007263255816201105,0.08124478423560451,0.029914619126150795,0.034653865861222787,0.5056854074542009,198,197,0.2167,0.0018181818181818182,8910.334909090909,11214.581818181818,0.00027142,4.523666666666666e-05,0.0004400801757575758,7.689138043658189e-05,1.0
TSLAUSDT-R-TSLAUSDT-nyse_20260710T200000Z-s97,TSLAUSDT,R,97,TSLAUSDT-nyse_20260710T200000Z,R:TSLAUSDT:2026-07:97,2026-07,DESCRIPTIVE_ONLY,LISTING_AFTER_30_DAYS,READY,3300,3300,0.047900328117355194,0.00072063507468721,0.0815477316328461,0.023109243697478958,0.0360788549824467,0.5004751346214761,197,196,0.2156,0.0027272727272727275,8848.638181818182,11134.945454545454,0.00059565,8.509285714285714e-05,0.0004543023636363636,7.673543906925717e-05,1.0
TSLAUSDT-R-TSLAUSDT-nyse_20260717T200000Z-s3,TSLAUSDT,R,3,TSLAUSDT-nyse_20260717T200000Z,R:TSLAUSDT:2026-07:3,2026-07,DESCRIPTIVE_ONLY,LISTING_AFTER_30_DAYS,READY,3300,3300,0.04795682720667208,0.0007263255816201105,0.08124478423560451,0.029914619126150795,0.034653865861222787,0.5056854074542009,198,197,0.2167,0.0018181818181818182,8910.334909090909,11214.581818181818,0.00027142,4.523666666666666e-05,0.0004400801757575758,7.689138043658189e-05,1.0
TSLAUSDT-R-TSLAUSDT-nyse_20260717T200000Z-s10,TSLAUSDT,R,10,TSLAUSDT-nyse_20260717T200000Z,R:TSLAUSDT:2026-07:10,2026-07,DESCRIPTIVE_ONLY,LISTING_AFTER_30_DAYS,READY,3300,3300,0.047900328117355194,0.00072063507468721,0.0815477316328461,0.023109243697478958,0.0360788549824467,0.5004751346214761,197,196,0.2156,0.0027272727272727275,8848.638181818182,11134.945454545454,0.00059565,8.509285714285714e-05,0.0004543023636363636,7.673543906925717e-05,1.0
TSLAUSDT-R-TSLAUSDT-nyse_20260717T200000Z-s17,TSLAUSDT,R,17,TSLAUSDT-nyse_20260717T200000Z,R:TSLAUSDT:2026-07:17,2026-07,DESCRIPTIVE_ONLY,LISTING_AFTER_30_DAYS,READY,3300,3300,0.033943846341773824,0.0006330963255489592,0.04314941103533797,0.0022251891410770223,0.02816306239125027,0.48781259892371004,176,175,0.1925,0.0012121212121212121,4686.439090909091,7049.636363636364,0.00021717,3.6195e-05,0.00047568653333333335,5.7435167297122764e-05,0.0
TSLAUSDT-R-TSLAUSDT-nyse_20260717T200000Z-s31,TSLAUSDT,R,31,TSLAUSDT-nyse_20260717T200000Z,R:TSLAUSDT:2026-07:31,2026-07,DESCRIPTIVE_ONLY,LISTING_AFTER_30_DAYS,READY,3300,3300,0.04795682720667208,0.0007263255816201105,0.08124478423560451,0.029914619126150795,0.034653865861222787,0.5056854074542009,198,197,0.2167,0.0018181818181818182,8910.334909090909,11214.581818181818,0.00027142,4.523666666666666e-05,0.0004400801757575758,7.689138043658189e-05,1.0
TSLAUSDT-R-TSLAUSDT-nyse_20260717T200000Z-s59,TSLAUSDT,R,59,TSLAUSDT-nyse_20260717T200000Z,R:TSLAUSDT:2026-07:59,2026-07,DESCRIPTIVE_ONLY,LISTING_AFTER_30_DAYS,READY,3300,3300,0.033694868327965206,0.0006114513353383034,0.056800403734544515,0.022711849070262073,0.029337507574227442,0.5152768936982813,161,160,0.17600000000000002,0.0024242424242424242,4854.636181818181,8249.290909090909,0.00073488,0.00010498285714285714,0.00039433017575757573,5.855062763214413e-05,0.0
TSLAUSDT-R-TSLAUSDT-nyse_20260717T200000Z-s97,TSLAUSDT,R,97,TSLAUSDT-nyse_20260717T200000Z,R:TSLAUSDT:2026-07:97,2026-07,DESCRIPTIVE_ONLY,LISTING_AFTER_30_DAYS,READY,3300,3300,0.03406378896125403,0.0006355307856850894,0.043059714420055024,0.004213542325032668,0.033878620144311505,0.4901836605446485,177,176,0.19360000000000002,0.0015151515151515152,4682.147818181818,7065.145454545454,0.00021717,3.102428571428571e-05,0.0004735452090909091,5.746233732771263e-05,0.0
