window_id,symbol,group,seed,matched_window_id,calendar_key,market_close,force_close_at,observation_start,observation_end,tradable_start,tradable_end,row_start_index,row_end_index,row_count,observation_rows,tradable_rows,duration_minutes,month,split,listing_stage,status,skip_reason,data_gap_count
AMZNUSDT-nyse_20260213T210000Z,AMZNUSDT,W,,,NYSE:2026-02-13T21:00:00+00:00:2026-02-17T07:00:00+00:00,2026-02-13T21:00:00+00:00,2026-02-17T07:00:00+00:00,2026-02-13T21:00:00+00:00,2026-02-13T23:59:59.999000+00:00,2026-02-14T00:00:00+00:00,2026-02-17T06:59:59.999000+00:00,6140,11060,4920,180,4740,4920.0,2026-02,DESCRIPTIVE_ONLY,LISTING_DAYS_1_14,READY,,0
AMZNUSDT-nyse_20260220T210000Z,AMZNUSDT,W,,,NYSE:2026-02-20T21:00:00+00:00:2026-02-23T07:00:00+00:00,2026-02-20T21:00:00+00:00,2026-02-23T07:00:00+00:00,2026-02-20T21:00:00+00:00,2026-02-20T23:59:59.999000+00:00,2026-02-21T00:00:00+00:00,2026-02-23T06:59:59.999000+00:00,16220,19700,3480,180,3300,3480.0,2026-02,DESCRIPTIVE_ONLY,LISTING_DAYS_1_14,READY,,0
AMZNUSDT-nyse_20260227T210000Z,AMZNUSDT,W,,,NYSE:2026-02-27T21:00:00+00:00:2026-03-02T07:00:00+00:00,2026-02-27T21:00:00+00:00,2026-03-02T07:00:00+00:00,2026-02-27T21:00:00+00:00,2026-02-27T23:59:59.999000+00:00,2026-02-28T00:00:00+00:00,2026-03-02T06:59:59.999000+00:00,26300,29780,3480,180,3300,3480.0,2026-02,DESCRIPTIVE_ONLY,LISTING_DAYS_15_30,READY,,0
AMZNUSDT-nyse_20260306T210000Z,AMZNUSDT,W,,,NYSE:2026-03-06T21:00:00+00:00:2026-03-09T06:00:00+00:00,2026-03-06T21:00:00+00:00,2026-03-09T06:00:00+00:00,2026-03-06T21:00:00+00:00,2026-03-06T23:59:59.999000+00:00,2026-03-07T00:00:00+00:00,2026-03-09T05:59:59.999000+00:00,36380,39800,3420,180,3240,3420.0,2026-03,RESEARCH_DEVELOPMENT,LISTING_DAYS_15_30,READY,,0
AMZNUSDT-nyse_20260313T200000Z,AMZNUSDT,W,,,NYSE:2026-03-13T20:00:00+00:00:2026-03-16T06:00:00+00:00,2026-03-13T20:00:00+00:00,2026-03-16T06:00:00+00:00,2026-03-13T20:00:00+00:00,2026-03-13T22:59:59.999000+00:00,2026-03-13T23:00:00+00:00,2026-03-16T05:59:59.999000+00:00,46400,49880,3480,180,3300,3480.0,2026-03,RESEARCH_DEVELOPMENT,LISTING_AFTER_30_DAYS,READY,,0
AMZNUSDT-nyse_20260320T200000Z,AMZNUSDT,W,,,NYSE:2026-03-20T20:00:00+00:00:2026-03-23T06:00:00+00:00,2026-03-20T20:00:00+00:00,2026-03-23T06:00:00+00:00,2026-03-20T20:00:00+00:00,2026-03-20T22:59:59.999000+00:00,2026-03-20T23:00:00+00:00,2026-03-23T05:59:59.999000+00:00,56480,59960,3480,180,3300,3480.0,2026-03,RESEARCH_DEVELOPMENT,LISTING_AFTER_30_DAYS,READY,,0
AMZNUSDT-nyse_20260327T200000Z,AMZNUSDT,W,,,NYSE:2026-03-27T20:00:00+00:00:2026-03-30T06:00:00+00:00,2026-03-27T20:00:00+00:00,2026-03-30T06:00:00+00:00,2026-03-27T20:00:00+00:00,2026-03-27T22:59:59.999000+00:00,2026-03-27T23:00:00+00:00,2026-03-30T05:59:59.999000+00:00,66560,70040,3480,180,3300,3480.0,2026-03,RESEARCH_DEVELOPMENT,LISTING_AFTER_30_DAYS,READY,,0
AMZNUSDT-nyse_20260402T200000Z,AMZNUSDT,W,,,NYSE:2026-04-02T20:00:00+00:00:2026-04-06T06:00:00+00:00,2026-04-02T20:00:00+00:00,2026-04-06T06:00:00+00:00,2026-04-02T20:00:00+00:00,2026-04-02T22:59:59.999000+00:00,2026-04-02T23:00:00+00:00,2026-04-06T05:59:59.999000+00:00,75200,80120,4920,180,4740,4920.0,2026-04,RESEARCH_DEVELOPMENT,LISTING_AFTER_30_DAYS,READY,,0
AMZNUSDT-nyse_20260410T200000Z,AMZNUSDT,W,,,NYSE:2026-04-10T20:00:00+00:00:2026-04-13T06:00:00+00:00,2026-04-10T20:00:00+00:00,2026-04-13T06:00:00+00:00,2026-04-10T20:00:00+00:00,2026-04-10T22:59:59.999000+00:00,2026-04-10T23:00:00+00:00,2026-04-13T05:59:59.999000+00:00,86720,90200,3480,180,3300,3480.0,2026-04,RESEARCH_DEVELOPMENT,LISTING_AFTER_30_DAYS,READY,,0
AMZNUSDT-nyse_20260417T200000Z,AMZNUSDT,W,,,NYSE:2026-04-17T20:00:00+00:00:2026-04-20T06:00:00+00:00,2026-04-17T20:00:00+00:00,2026-04-20T06:00:00+00:00,2026-04-17T20:00:00+00:00,2026-04-17T22:59:59.999000+00:00,2026-04-17T23:00:00+00:00,2026-04-20T05:59:59.999000+00:00,96800,100280,3480,180,3300,3480.0,2026-04,RESEARCH_DEVELOPMENT,LISTING_AFTER_30_DAYS,READY,,0
AMZNUSDT-nyse_20260424T200000Z,AMZNUSDT,W,,,NYSE:2026-04-24T20:00:00+00:00:2026-04-27T06:00:00+00:00,2026-04-24T20:00:00+00:00,2026-04-27T06:00:00+00:00,2026-04-24T20:00:00+00:00,2026-04-24T22:59:59.999000+00:00,2026-04-24T23:00:00+00:00,2026-04-27T05:59:59.999000+00:00,106880,110360,3480,180,3300,3480.0,2026-04,RESEARCH_DEVELOPMENT,LISTING_AFTER_30_DAYS,READY,,0
AMZNUSDT-nyse_20260501T200000Z,AMZNUSDT,W,,,NYSE:2026-05-01T20:00:00+00:00:2026-05-04T06:00:00+00:00,2026-05-01T20:00:00+00:00,2026-05-04T06:00:00+00:00,2026-05-01T20:00:00+00:00,2026-05-01T22:59:59.999000+00:00,2026-05-01T23:00:00+00:00,2026-05-04T05:59:59.999000+00:00,116960,120440,3480,180,3300,3480.0,2026-05,RESEARCH_DEVELOPMENT,LISTING_AFTER_30_DAYS,READY,,0
AMZNUSDT-nyse_20260508T200000Z,AMZNUSDT,W,,,NYSE:2026-05-08T20:00:00+00:00:2026-05-11T06:00:00+00:00,2026-05-08T20:00:00+00:00,2026-05-11T06:00:00+00:00,2026-05-08T20:00:00+00:00,2026-05-08T22:59:59.999000+00:00,2026-05-08T23:00:00+00:00,2026-05-11T05:59:59.999000+00:00,127040,130520,3480,180,3300,3480.0,2026-05,RESEARCH_DEVELOPMENT,LISTING_AFTER_30_DAYS,READY,,0
AMZNUSDT-nyse_20260515T200000Z,AMZNUSDT,W,,,NYSE:2026-05-15T20:00:00+00:00:2026-05-18T06:00:00+00:00,2026-05-15T20:00:00+00:00,2026-05-18T06:00:00+00:00,2026-05-15T20:00:00+00:00,2026-05-15T22:59:59.999000+00:00,2026-05-15T23:00:00+00:00,2026-05-18T05:59:59.999000+00:00,137120,140600,3480,180,3300,3480.0,2026-05,RESEARCH_DEVELOPMENT,LISTING_AFTER_30_DAYS,READY,,0
AMZNUSDT-nyse_20260522T200000Z,AMZNUSDT,W,,,NYSE:2026-05-22T20:00:00+00:00:2026-05-26T06:00:00+00:00,2026-05-22T20:00:00+00:00,2026-05-26T06:00:00+00:00,2026-05-22T20:00:00+00:00,2026-05-22T22:59:59.999000+00:00,2026-05-22T23:00:00+00:00,2026-05-26T05:59:59.999000+00:00,147200,152120,4920,180,4740,4920.0,2026-05,RESEARCH_DEVELOPMENT,LISTING_AFTER_30_DAYS,READY,,0
AMZNUSDT-nyse_20260529T200000Z,AMZNUSDT,W,,,NYSE:2026-05-29T20:00:00+00:00:2026-06-01T06:00:00+00:00,2026-05-29T20:00:00+00:00,2026-06-01T06:00:00+00:00,2026-05-29T20:00:00+00:00,2026-05-29T22:59:59.999000+00:00,2026-05-29T23:00:00+00:00,2026-06-01T05:59:59.999000+00:00,157280,160760,3480,180,3300,3480.0,2026-05,RESEARCH_DEVELOPMENT,LISTING_AFTER_30_DAYS,READY,,0
AMZNUSDT-nyse_20260605T200000Z,AMZNUSDT,W,,,NYSE:2026-06-05T20:00:00+00:00:2026-06-08T06:00:00+00:00,2026-06-05T20:00:00+00:00,2026-06-08T06:00:00+00:00,2026-06-05T20:00:00+00:00,2026-06-05T22:59:59.999000+00:00,2026-06-05T23:00:00+00:00,2026-06-08T05:59:59.999000+00:00,167360,170840,3480,180,3300,3480.0,2026-06,SEALED_SHORT_OOS,LISTING_AFTER_30_DAYS,READY,,0
AMZNUSDT-nyse_20260612T200000Z,AMZNUSDT,W,,,NYSE:2026-06-12T20:00:00+00:00:2026-06-15T06:00:00+00:00,2026-06-12T20:00:00+00:00,2026-06-15T06:00:00+00:00,2026-06-12T20:00:00+00:00,2026-06-12T22:59:59.999000+00:00,2026-06-12T23:00:00+00:00,2026-06-15T05:59:59.999000+00:00,177440,180920,3480,180,3300,3480.0,2026-06,SEALED_SHORT_OOS,LISTING_AFTER_30_DAYS,READY,,0
AMZNUSDT-nyse_20260618T200000Z,AMZNUSDT,W,,,NYSE:2026-06-18T20:00:00+00:00:2026-06-22T06:00:00+00:00,2026-06-18T20:00:00+00:00,2026-06-22T06:00:00+00:00,2026-06-18T20:00:00+00:00,2026-06-18T22:59:59.999000+00:00,2026-06-18T23:00:00+00:00,2026-06-22T05:59:59.999000+00:00,186080,191000,4920,180,4740,4920.0,2026-06,SEALED_SHORT_OOS,LISTING_AFTER_30_DAYS,READY,,0
AMZNUSDT-nyse_20260626T200000Z,AMZNUSDT,W,,,NYSE:2026-06-26T20:00:00+00:00:2026-06-29T06:00:00+00:00,2026-06-26T20:00:00+00:00,2026-06-29T06:00:00+00:00,2026-06-26T20:00:00+00:00,2026-06-26T22:59:59.999000+00:00,2026-06-26T23:00:00+00:00,2026-06-29T05:59:59.999000+00:00,197600,201080,3480,180,3300,3480.0,2026-06,SEALED_SHORT_OOS,LISTING_AFTER_30_DAYS,READY,,0
AMZNUSDT-nyse_20260702T200000Z,AMZNUSDT,W,,,NYSE:2026-07-02T20:00:00+00:00:2026-07-06T06:00:00+00:00,2026-07-02T20:00:00+00:00,2026-07-06T06:00:00+00:00,2026-07-02T20:00:00+00:00,2026-07-02T22:59:59.999000+00:00,2026-07-02T23:00:00+00:00,2026-07-06T05:59:59.999000+00:00,206240,211160,4920,180,4740,4920.0,2026-07,DESCRIPTIVE_ONLY,LISTING_AFTER_30_DAYS,READY,,0
AMZNUSDT-nyse_20260710T200000Z,AMZNUSDT,W,,,NYSE:2026-07-10T20:00:00+00:00:2026-07-13T06:00:00+00:00,2026-07-10T20:00:00+00:00,2026-07-13T06:00:00+00:00,2026-07-10T20:00:00+00:00,2026-07-10T22:59:59.999000+00:00,2026-07-10T23:00:00+00:00,2026-07-13T05:59:59.999000+00:00,217760,221240,3480,180,3300,3480.0,2026-07,DESCRIPTIVE_ONLY,LISTING_AFTER_30_DAYS,READY,,0
AMZNUSDT-nyse_20260717T200000Z,AMZNUSDT,W,,,NYSE:2026-07-17T20:00:00+00:00:2026-07-20T06:00:00+00:00,2026-07-17T20:00:00+00:00,2026-07-20T06:00:00+00:00,2026-07-17T20:00:00+00:00,2026-07-17T22:59:59.999000+00:00,2026-07-17T23:00:00+00:00,2026-07-20T05:59:59.999000+00:00,227840,231320,3480,180,3300,3480.0,2026-07,DESCRIPTIVE_ONLY,LISTING_AFTER_30_DAYS,READY,,0
AMZNUSDT-O-20260723T200000Z,AMZNUSDT,O,,,NYSE:2026-07-23T20:00:00+00:00:2026-07-24T06:00:00+00:00,2026-07-23T20:00:00+00:00,2026-07-24T06:00:00+00:00,2026-07-23T20:00:00+00:00,2026-07-23T22:59:59.999000+00:00,2026-07-23T23:00:00+00:00,2026-07-23T23:59:59.999000+00:00,236480,236720,240,180,60,600.0,2026-07,DESCRIPTIVE_ONLY,LISTING_AFTER_30_DAYS,READY,,0
AMZNUSDT-O-20260209T210000Z,AMZNUSDT,O,,,NYSE:2026-02-09T21:00:00+00:00:2026-02-10T07:00:00+00:00,2026-02-09T21:00:00+00:00,2026-02-10T07:00:00+00:00,2026-02-09T21:00:00+00:00,2026-02-09T23:59:59.999000+00:00,2026-02-10T00:00:00+00:00,2026-02-10T06:59:59.999000+00:00,380,980,600,180,420,600.0,2026-02,DESCRIPTIVE_ONLY,LISTING_DAYS_1_14,SKIPPED,OVERLAPS_FROZEN_RANDOM_WINDOW,0
AMZNUSDT-O-20260210T210000Z,AMZNUSDT,O,,,NYSE:2026-02-10T21:00:00+00:00:2026-02-11T07:00:00+00:00,2026-02-10T21:00:00+00:00,2026-02-11T07:00:00+00:00,2026-02-10T21:00:00+00:00,2026-02-10T23:59:59.999000+00:00,2026-02-11T00:00:00+00:00,2026-02-11T06:59:59.999000+00:00,1820,2420,600,180,420,600.0,2026-02,DESCRIPTIVE_ONLY,LISTING_DAYS_1_14,SKIPPED,OVERLAPS_FROZEN_RANDOM_WINDOW,0
AMZNUSDT-O-20260211T210000Z,AMZNUSDT,O,,,NYSE:2026-02-11T21:00:00+00:00:2026-02-12T07:00:00+00:00,2026-02-11T21:00:00+00:00,2026-02-12T07:00:00+00:00,2026-02-11T21:00:00+00:00,2026-02-11T23:59:59.999000+00:00,2026-02-12T00:00:00+00:00,2026-02-12T06:59:59.999000+00:00,3260,3860,600,180,420,600.0,2026-02,DESCRIPTIVE_ONLY,LISTING_DAYS_1_14,SKIPPED,OVERLAPS_FROZEN_RANDOM_WINDOW,0
AMZNUSDT-O-20260212T210000Z,AMZNUSDT,O,,,NYSE:2026-02-12T21:00:00+00:00:2026-02-13T07:00:00+00:00,2026-02-12T21:00:00+00:00,2026-02-13T07:00:00+00:00,2026-02-12T21:00:00+00:00,2026-02-12T23:59:59.999000+00:00,2026-02-13T00:00:00+00:00,2026-02-13T06:59:59.999000+00:00,4700,5300,600,180,420,600.0,2026-02,DESCRIPTIVE_ONLY,LISTING_DAYS_1_14,SKIPPED,OVERLAPS_FROZEN_RANDOM_WINDOW,0
AMZNUSDT-O-20260217T210000Z,AMZNUSDT,O,,,NYSE:2026-02-17T21:00:00+00:00:2026-02-18T07:00:00+00:00,2026-02-17T21:00:00+00:00,2026-02-18T07:00:00+00:00,2026-02-17T21:00:00+00:00,2026-02-17T23:59:59.999000+00:00,2026-02-18T00:00:00+00:00,2026-02-18T06:59:59.999000+00:00,11900,12500,600,180,420,600.0,2026-02,DESCRIPTIVE_ONLY,LISTING_DAYS_1_14,SKIPPED,OVERLAPS_FROZEN_RANDOM_WINDOW,0
AMZNUSDT-O-20260218T210000Z,AMZNUSDT,O,,,NYSE:2026-02-18T21:00:00+00:00:2026-02-19T07:00:00+00:00,2026-02-18T21:00:00+00:00,2026-02-19T07:00:00+00:00,2026-02-18T21:00:00+00:00,2026-02-18T23:59:59.999000+00:00,2026-02-19T00:00:00+00:00,2026-02-19T06:59:59.999000+00:00,13340,13940,600,180,420,600.0,2026-02,DESCRIPTIVE_ONLY,LISTING_DAYS_1_14,SKIPPED,OVERLAPS_FROZEN_RANDOM_WINDOW,0
AMZNUSDT-O-20260219T210000Z,AMZNUSDT,O,,,NYSE:2026-02-19T21:00:00+00:00:2026-02-20T07:00:00+00:00,2026-02-19T21:00:00+00:00,2026-02-20T07:00:00+00:00,2026-02-19T21:00:00+00:00,2026-02-19T23:59:59.999000+00:00,2026-02-20T00:00:00+00:00,2026-02-20T06:59:59.999000+00:00,14780,15380,600,180,420,600.0,2026-02,DESCRIPTIVE_ONLY,LISTING_DAYS_1_14,SKIPPED,OVERLAPS_FROZEN_RANDOM_WINDOW,0
AMZNUSDT-O-20260223T210000Z,AMZNUSDT,O,,,NYSE:2026-02-23T21:00:00+00:00:2026-02-24T07:00:00+00:00,2026-02-23T21:00:00+00:00,2026-02-24T07:00:00+00:00,2026-02-23T21:00:00+00:00,2026-02-23T23:59:59.999000+00:00,2026-02-24T00:00:00+00:00,2026-02-24T06:59:59.999000+00:00,20540,21140,600,180,420,600.0,2026-02,DESCRIPTIVE_ONLY,LISTING_DAYS_15_30,SKIPPED,OVERLAPS_FROZEN_RANDOM_WINDOW,0
AMZNUSDT-O-20260224T210000Z,AMZNUSDT,O,,,NYSE:2026-02-24T21:00:00+00:00:2026-02-25T07:00:00+00:00,2026-02-24T21:00:00+00:00,2026-02-25T07:00:00+00:00,2026-02-24T21:00:00+00:00,2026-02-24T23:59:59.999000+00:00,2026-02-25T00:00:00+00:00,2026-02-25T06:59:59.999000+00:00,21980,22580,600,180,420,600.0,2026-02,DESCRIPTIVE_ONLY,LISTING_DAYS_15_30,SKIPPED,OVERLAPS_FROZEN_RANDOM_WINDOW,0
AMZNUSDT-O-20260225T210000Z,AMZNUSDT,O,,,NYSE:2026-02-25T21:00:00+00:00:2026-02-26T07:00:00+00:00,2026-02-25T21:00:00+00:00,2026-02-26T07:00:00+00:00,2026-02-25T21:00:00+00:00,2026-02-25T23:59:59.999000+00:00,2026-02-26T00:00:00+00:00,2026-02-26T06:59:59.999000+00:00,23420,24020,600,180,420,600.0,2026-02,DESCRIPTIVE_ONLY,LISTING_DAYS_15_30,SKIPPED,OVERLAPS_FROZEN_RANDOM_WINDOW,0
AMZNUSDT-O-20260226T210000Z,AMZNUSDT,O,,,NYSE:2026-02-26T21:00:00+00:00:2026-02-27T07:00:00+00:00,2026-02-26T21:00:00+00:00,2026-02-27T07:00:00+00:00,2026-02-26T21:00:00+00:00,2026-02-26T23:59:59.999000+00:00,2026-02-27T00:00:00+00:00,2026-02-27T06:59:59.999000+00:00,24860,25460,600,180,420,600.0,2026-02,DESCRIPTIVE_ONLY,LISTING_DAYS_15_30,SKIPPED,OVERLAPS_FROZEN_RANDOM_WINDOW,0
AMZNUSDT-O-20260302T210000Z,AMZNUSDT,O,,,NYSE:2026-03-02T21:00:00+00:00:2026-03-03T07:00:00+00:00,2026-03-02T21:00:00+00:00,2026-03-03T07:00:00+00:00,2026-03-02T21:00:00+00:00,2026-03-02T23:59:59.999000+00:00,2026-03-03T00:00:00+00:00,2026-03-03T06:59:59.999000+00:00,30620,31220,600,180,420,600.0,2026-03,RESEARCH_DEVELOPMENT,LISTING_DAYS_15_30,SKIPPED,OVERLAPS_FROZEN_RANDOM_WINDOW,0
AMZNUSDT-O-20260303T210000Z,AMZNUSDT,O,,,NYSE:2026-03-03T21:00:00+00:00:2026-03-04T07:00:00+00:00,2026-03-03T21:00:00+00:00,2026-03-04T07:00:00+00:00,2026-03-03T21:00:00+00:00,2026-03-03T23:59:59.999000+00:00,2026-03-04T00:00:00+00:00,2026-03-04T06:59:59.999000+00:00,32060,32660,600,180,420,600.0,2026-03,RESEARCH_DEVELOPMENT,LISTING_DAYS_15_30,SKIPPED,OVERLAPS_FROZEN_RANDOM_WINDOW,0
AMZNUSDT-O-20260304T210000Z,AMZNUSDT,O,,,NYSE:2026-03-04T21:00:00+00:00:2026-03-05T07:00:00+00:00,2026-03-04T21:00:00+00:00,2026-03-05T07:00:00+00:00,2026-03-04T21:00:00+00:00,2026-03-04T23:59:59.999000+00:00,2026-03-05T00:00:00+00:00,2026-03-05T06:59:59.999000+00:00,33500,34100,600,180,420,600.0,2026-03,RESEARCH_DEVELOPMENT,LISTING_DAYS_15_30,SKIPPED,OVERLAPS_FROZEN_RANDOM_WINDOW,0
AMZNUSDT-O-20260305T210000Z,AMZNUSDT,O,,,NYSE:2026-03-05T21:00:00+00:00:2026-03-06T07:00:00+00:00,2026-03-05T21:00:00+00:00,2026-03-06T07:00:00+00:00,2026-03-05T21:00:00+00:00,2026-03-05T23:59:59.999000+00:00,2026-03-06T00:00:00+00:00,2026-03-06T06:59:59.999000+00:00,34940,35540,600,180,420,600.0,2026-03,RESEARCH_DEVELOPMENT,LISTING_DAYS_15_30,SKIPPED,OVERLAPS_FROZEN_RANDOM_WINDOW,0
AMZNUSDT-O-20260309T200000Z,AMZNUSDT,O,,,NYSE:2026-03-09T20:00:00+00:00:2026-03-10T06:00:00+00:00,2026-03-09T20:00:00+00:00,2026-03-10T06:00:00+00:00,2026-03-09T20:00:00+00:00,2026-03-09T22:59:59.999000+00:00,2026-03-09T23:00:00+00:00,2026-03-10T05:59:59.999000+00:00,40640,41240,600,180,420,600.0,2026-03,RESEARCH_DEVELOPMENT,LISTING_DAYS_15_30,SKIPPED,OVERLAPS_FROZEN_RANDOM_WINDOW,0
AMZNUSDT-O-20260310T200000Z,AMZNUSDT,O,,,NYSE:2026-03-10T20:00:00+00:00:2026-03-11T06:00:00+00:00,2026-03-10T20:00:00+00:00,2026-03-11T06:00:00+00:00,2026-03-10T20:00:00+00:00,2026-03-10T22:59:59.999000+00:00,2026-03-10T23:00:00+00:00,2026-03-11T05:59:59.999000+00:00,42080,42680,600,180,420,600.0,2026-03,RESEARCH_DEVELOPMENT,LISTING_DAYS_15_30,SKIPPED,OVERLAPS_FROZEN_RANDOM_WINDOW,0
AMZNUSDT-O-20260311T200000Z,AMZNUSDT,O,,,NYSE:2026-03-11T20:00:00+00:00:2026-03-12T06:00:00+00:00,2026-03-11T20:00:00+00:00,2026-03-12T06:00:00+00:00,2026-03-11T20:00:00+00:00,2026-03-11T22:59:59.999000+00:00,2026-03-11T23:00:00+00:00,2026-03-12T05:59:59.999000+00:00,43520,44120,600,180,420,600.0,2026-03,RESEARCH_DEVELOPMENT,LISTING_AFTER_30_DAYS,SKIPPED,OVERLAPS_FROZEN_RANDOM_WINDOW,0
AMZNUSDT-O-20260312T200000Z,AMZNUSDT,O,,,NYSE:2026-03-12T20:00:00+00:00:2026-03-13T06:00:00+00:00,2026-03-12T20:00:00+00:00,2026-03-13T06:00:00+00:00,2026-03-12T20:00:00+00:00,2026-03-12T22:59:59.999000+00:00,2026-03-12T23:00:00+00:00,2026-03-13T05:59:59.999000+00:00,44960,45560,600,180,420,600.0,2026-03,RESEARCH_DEVELOPMENT,LISTING_AFTER_30_DAYS,SKIPPED,OVERLAPS_FROZEN_RANDOM_WINDOW,0
AMZNUSDT-O-20260316T200000Z,AMZNUSDT,O,,,NYSE:2026-03-16T20:00:00+00:00:2026-03-17T06:00:00+00:00,2026-03-16T20:00:00+00:00,2026-03-17T06:00:00+00:00,2026-03-16T20:00:00+00:00,2026-03-16T22:59:59.999000+00:00,2026-03-16T23:00:00+00:00,2026-03-17T05:59:59.999000+00:00,50720,51320,600,180,420,600.0,2026-03,RESEARCH_DEVELOPMENT,LISTING_AFTER_30_DAYS,SKIPPED,OVERLAPS_FROZEN_RANDOM_WINDOW,0
AMZNUSDT-O-20260317T200000Z,AMZNUSDT,O,,,NYSE:2026-03-17T20:00:00+00:00:2026-03-18T06:00:00+00:00,2026-03-17T20:00:00+00:00,2026-03-18T06:00:00+00:00,2026-03-17T20:00:00+00:00,2026-03-17T22:59:59.999000+00:00,2026-03-17T23:00:00+00:00,2026-03-18T05:59:59.999000+00:00,52160,52760,600,180,420,600.0,2026-03,RESEARCH_DEVELOPMENT,LISTING_AFTER_30_DAYS,SKIPPED,OVERLAPS_FROZEN_RANDOM_WINDOW,0
AMZNUSDT-O-20260318T200000Z,AMZNUSDT,O,,,NYSE:2026-03-18T20:00:00+00:00:2026-03-19T06:00:00+00:00,2026-03-18T20:00:00+00:00,2026-03-19T06:00:00+00:00,2026-03-18T20:00:00+00:00,2026-03-18T22:59:59.999000+00:00,2026-03-18T23:00:00+00:00,2026-03-19T05:59:59.999000+00:00,53600,54200,600,180,420,600.0,2026-03,RESEARCH_DEVELOPMENT,LISTING_AFTER_30_DAYS,SKIPPED,OVERLAPS_FROZEN_RANDOM_WINDOW,0
AMZNUSDT-O-20260319T200000Z,AMZNUSDT,O,,,NYSE:2026-03-19T20:00:00+00:00:2026-03-20T06:00:00+00:00,2026-03-19T20:00:00+00:00,2026-03-20T06:00:00+00:00,2026-03-19T20:00:00+00:00,2026-03-19T22:59:59.999000+00:00,2026-03-19T23:00:00+00:00,2026-03-20T05:59:59.999000+00:00,55040,55640,600,180,420,600.0,2026-03,RESEARCH_DEVELOPMENT,LISTING_AFTER_30_DAYS,SKIPPED,OVERLAPS_FROZEN_RANDOM_WINDOW,0
AMZNUSDT-O-20260323T200000Z,AMZNUSDT,O,,,NYSE:2026-03-23T20:00:00+00:00:2026-03-24T06:00:00+00:00,2026-03-23T20:00:00+00:00,2026-03-24T06:00:00+00:00,2026-03-23T20:00:00+00:00,2026-03-23T22:59:59.999000+00:00,2026-03-23T23:00:00+00:00,2026-03-24T05:59:59.999000+00:00,60800,61400,600,180,420,600.0,2026-03,RESEARCH_DEVELOPMENT,LISTING_AFTER_30_DAYS,SKIPPED,OVERLAPS_FROZEN_RANDOM_WINDOW,0
AMZNUSDT-O-20260324T200000Z,AMZNUSDT,O,,,NYSE:2026-03-24T20:00:00+00:00:2026-03-25T06:00:00+00:00,2026-03-24T20:00:00+00:00,2026-03-25T06:00:00+00:00,2026-03-24T20:00:00+00:00,2026-03-24T22:59:59.999000+00:00,2026-03-24T23:00:00+00:00,2026-03-25T05:59:59.999000+00:00,62240,62840,600,180,420,600.0,2026-03,RESEARCH_DEVELOPMENT,LISTING_AFTER_30_DAYS,SKIPPED,OVERLAPS_FROZEN_RANDOM_WINDOW,0
AMZNUSDT-O-20260325T200000Z,AMZNUSDT,O,,,NYSE:2026-03-25T20:00:00+00:00:2026-03-26T06:00:00+00:00,2026-03-25T20:00:00+00:00,2026-03-26T06:00:00+00:00,2026-03-25T20:00:00+00:00,2026-03-25T22:59:59.999000+00:00,2026-03-25T23:00:00+00:00,2026-03-26T05:59:59.999000+00:00,63680,64280,600,180,420,600.0,2026-03,RESEARCH_DEVELOPMENT,LISTING_AFTER_30_DAYS,SKIPPED,OVERLAPS_FROZEN_RANDOM_WINDOW,0
AMZNUSDT-O-20260326T200000Z,AMZNUSDT,O,,,NYSE:2026-03-26T20:00:00+00:00:2026-03-27T06:00:00+00:00,2026-03-26T20:00:00+00:00,2026-03-27T06:00:00+00:00,2026-03-26T20:00:00+00:00,2026-03-26T22:59:59.999000+00:00,2026-03-26T23:00:00+00:00,2026-03-27T05:59:59.999000+00:00,65120,65720,600,180,420,600.0,2026-03,RESEARCH_DEVELOPMENT,LISTING_AFTER_30_DAYS,SKIPPED,OVERLAPS_FROZEN_RANDOM_WINDOW,0
AMZNUSDT-O-20260330T200000Z,AMZNUSDT,O,,,NYSE:2026-03-30T20:00:00+00:00:2026-03-31T06:00:00+00:00,2026-03-30T20:00:00+00:00,2026-03-31T06:00:00+00:00,2026-03-30T20:00:00+00:00,2026-03-30T22:59:59.999000+00:00,2026-03-30T23:00:00+00:00,2026-03-31T05:59:59.999000+00:00,70880,71480,600,180,420,600.0,2026-03,RESEARCH_DEVELOPMENT,LISTING_AFTER_30_DAYS,SKIPPED,OVERLAPS_FROZEN_RANDOM_WINDOW,0
AMZNUSDT-O-20260331T200000Z,AMZNUSDT,O,,,NYSE:2026-03-31T20:00:00+00:00:2026-04-01T06:00:00+00:00,2026-03-31T20:00:00+00:00,2026-04-01T06:00:00+00:00,2026-03-31T20:00:00+00:00,2026-03-31T22:59:59.999000+00:00,2026-03-31T23:00:00+00:00,2026-04-01T05:59:59.999000+00:00,72320,72920,600,180,420,600.0,2026-03,RESEARCH_DEVELOPMENT,LISTING_AFTER_30_DAYS,SKIPPED,OVERLAPS_FROZEN_RANDOM_WINDOW,0
AMZNUSDT-O-20260401T200000Z,AMZNUSDT,O,,,NYSE:2026-04-01T20:00:00+00:00:2026-04-02T06:00:00+00:00,2026-04-01T20:00:00+00:00,2026-04-02T06:00:00+00:00,2026-04-01T20:00:00+00:00,2026-04-01T22:59:59.999000+00:00,2026-04-01T23:00:00+00:00,2026-04-02T05:59:59.999000+00:00,73760,74360,600,180,420,600.0,2026-04,RESEARCH_DEVELOPMENT,LISTING_AFTER_30_DAYS,SKIPPED,OVERLAPS_FROZEN_RANDOM_WINDOW,0
AMZNUSDT-O-20260406T200000Z,AMZNUSDT,O,,,NYSE:2026-04-06T20:00:00+00:00:2026-04-07T06:00:00+00:00,2026-04-06T20:00:00+00:00,2026-04-07T06:00:00+00:00,2026-04-06T20:00:00+00:00,2026-04-06T22:59:59.999000+00:00,2026-04-06T23:00:00+00:00,2026-04-07T05:59:59.999000+00:00,80960,81560,600,180,420,600.0,2026-04,RESEARCH_DEVELOPMENT,LISTING_AFTER_30_DAYS,SKIPPED,OVERLAPS_FROZEN_RANDOM_WINDOW,0
AMZNUSDT-O-20260407T200000Z,AMZNUSDT,O,,,NYSE:2026-04-07T20:00:00+00:00:2026-04-08T06:00:00+00:00,2026-04-07T20:00:00+00:00,2026-04-08T06:00:00+00:00,2026-04-07T20:00:00+00:00,2026-04-07T22:59:59.999000+00:00,2026-04-07T23:00:00+00:00,2026-04-08T05:59:59.999000+00:00,82400,83000,600,180,420,600.0,2026-04,RESEARCH_DEVELOPMENT,LISTING_AFTER_30_DAYS,SKIPPED,OVERLAPS_FROZEN_RANDOM_WINDOW,0
AMZNUSDT-O-20260408T200000Z,AMZNUSDT,O,,,NYSE:2026-04-08T20:00:00+00:00:2026-04-09T06:00:00+00:00,2026-04-08T20:00:00+00:00,2026-04-09T06:00:00+00:00,2026-04-08T20:00:00+00:00,2026-04-08T22:59:59.999000+00:00,2026-04-08T23:00:00+00:00,2026-04-09T05:59:59.999000+00:00,83840,84440,600,180,420,600.0,2026-04,RESEARCH_DEVELOPMENT,LISTING_AFTER_30_DAYS,SKIPPED,OVERLAPS_FROZEN_RANDOM_WINDOW,0
AMZNUSDT-O-20260409T200000Z,AMZNUSDT,O,,,NYSE:2026-04-09T20:00:00+00:00:2026-04-10T06:00:00+00:00,2026-04-09T20:00:00+00:00,2026-04-10T06:00:00+00:00,2026-04-09T20:00:00+00:00,2026-04-09T22:59:59.999000+00:00,2026-04-09T23:00:00+00:00,2026-04-10T05:59:59.999000+00:00,85280,85880,600,180,420,600.0,2026-04,RESEARCH_DEVELOPMENT,LISTING_AFTER_30_DAYS,SKIPPED,OVERLAPS_FROZEN_RANDOM_WINDOW,0
AMZNUSDT-O-20260413T200000Z,AMZNUSDT,O,,,NYSE:2026-04-13T20:00:00+00:00:2026-04-14T06:00:00+00:00,2026-04-13T20:00:00+00:00,2026-04-14T06:00:00+00:00,2026-04-13T20:00:00+00:00,2026-04-13T22:59:59.999000+00:00,2026-04-13T23:00:00+00:00,2026-04-14T05:59:59.999000+00:00,91040,91640,600,180,420,600.0,2026-04,RESEARCH_DEVELOPMENT,LISTING_AFTER_30_DAYS,SKIPPED,OVERLAPS_FROZEN_RANDOM_WINDOW,0
AMZNUSDT-O-20260414T200000Z,AMZNUSDT,O,,,NYSE:2026-04-14T20:00:00+00:00:2026-04-15T06:00:00+00:00,2026-04-14T20:00:00+00:00,2026-04-15T06:00:00+00:00,2026-04-14T20:00:00+00:00,2026-04-14T22:59:59.999000+00:00,2026-04-14T23:00:00+00:00,2026-04-15T05:59:59.999000+00:00,92480,93080,600,180,420,600.0,2026-04,RESEARCH_DEVELOPMENT,LISTING_AFTER_30_DAYS,SKIPPED,OVERLAPS_FROZEN_RANDOM_WINDOW,0
AMZNUSDT-O-20260415T200000Z,AMZNUSDT,O,,,NYSE:2026-04-15T20:00:00+00:00:2026-04-16T06:00:00+00:00,2026-04-15T20:00:00+00:00,2026-04-16T06:00:00+00:00,2026-04-15T20:00:00+00:00,2026-04-15T22:59:59.999000+00:00,2026-04-15T23:00:00+00:00,2026-04-16T05:59:59.999000+00:00,93920,94520,600,180,420,600.0,2026-04,RESEARCH_DEVELOPMENT,LISTING_AFTER_30_DAYS,SKIPPED,OVERLAPS_FROZEN_RANDOM_WINDOW,0
AMZNUSDT-O-20260416T200000Z,AMZNUSDT,O,,,NYSE:2026-04-16T20:00:00+00:00:2026-04-17T06:00:00+00:00,2026-04-16T20:00:00+00:00,2026-04-17T06:00:00+00:00,2026-04-16T20:00:00+00:00,2026-04-16T22:59:59.999000+00:00,2026-04-16T23:00:00+00:00,2026-04-17T05:59:59.999000+00:00,95360,95960,600,180,420,600.0,2026-04,RESEARCH_DEVELOPMENT,LISTING_AFTER_30_DAYS,SKIPPED,OVERLAPS_FROZEN_RANDOM_WINDOW,0
AMZNUSDT-O-20260420T200000Z,AMZNUSDT,O,,,NYSE:2026-04-20T20:00:00+00:00:2026-04-21T06:00:00+00:00,2026-04-20T20:00:00+00:00,2026-04-21T06:00:00+00:00,2026-04-20T20:00:00+00:00,2026-04-20T22:59:59.999000+00:00,2026-04-20T23:00:00+00:00,2026-04-21T05:59:59.999000+00:00,101120,101720,600,180,420,600.0,2026-04,RESEARCH_DEVELOPMENT,LISTING_AFTER_30_DAYS,SKIPPED,OVERLAPS_FROZEN_RANDOM_WINDOW,0
AMZNUSDT-O-20260421T200000Z,AMZNUSDT,O,,,NYSE:2026-04-21T20:00:00+00:00:2026-04-22T06:00:00+00:00,2026-04-21T20:00:00+00:00,2026-04-22T06:00:00+00:00,2026-04-21T20:00:00+00:00,2026-04-21T22:59:59.999000+00:00,2026-04-21T23:00:00+00:00,2026-04-22T05:59:59.999000+00:00,102560,103160,600,180,420,600.0,2026-04,RESEARCH_DEVELOPMENT,LISTING_AFTER_30_DAYS,SKIPPED,OVERLAPS_FROZEN_RANDOM_WINDOW,0
AMZNUSDT-O-20260422T200000Z,AMZNUSDT,O,,,NYSE:2026-04-22T20:00:00+00:00:2026-04-23T06:00:00+00:00,2026-04-22T20:00:00+00:00,2026-04-23T06:00:00+00:00,2026-04-22T20:00:00+00:00,2026-04-22T22:59:59.999000+00:00,2026-04-22T23:00:00+00:00,2026-04-23T05:59:59.999000+00:00,104000,104600,600,180,420,600.0,2026-04,RESEARCH_DEVELOPMENT,LISTING_AFTER_30_DAYS,SKIPPED,OVERLAPS_FROZEN_RANDOM_WINDOW,0
AMZNUSDT-O-20260423T200000Z,AMZNUSDT,O,,,NYSE:2026-04-23T20:00:00+00:00:2026-04-24T06:00:00+00:00,2026-04-23T20:00:00+00:00,2026-04-24T06:00:00+00:00,2026-04-23T20:00:00+00:00,2026-04-23T22:59:59.999000+00:00,2026-04-23T23:00:00+00:00,2026-04-24T05:59:59.999000+00:00,105440,106040,600,180,420,600.0,2026-04,RESEARCH_DEVELOPMENT,LISTING_AFTER_30_DAYS,SKIPPED,OVERLAPS_FROZEN_RANDOM_WINDOW,0
AMZNUSDT-O-20260427T200000Z,AMZNUSDT,O,,,NYSE:2026-04-27T20:00:00+00:00:2026-04-28T06:00:00+00:00,2026-04-27T20:00:00+00:00,2026-04-28T06:00:00+00:00,2026-04-27T20:00:00+00:00,2026-04-27T22:59:59.999000+00:00,2026-04-27T23:00:00+00:00,2026-04-28T05:59:59.999000+00:00,111200,111800,600,180,420,600.0,2026-04,RESEARCH_DEVELOPMENT,LISTING_AFTER_30_DAYS,SKIPPED,OVERLAPS_FROZEN_RANDOM_WINDOW,0
AMZNUSDT-O-20260428T200000Z,AMZNUSDT,O,,,NYSE:2026-04-28T20:00:00+00:00:2026-04-29T06:00:00+00:00,2026-04-28T20:00:00+00:00,2026-04-29T06:00:00+00:00,2026-04-28T20:00:00+00:00,2026-04-28T22:59:59.999000+00:00,2026-04-28T23:00:00+00:00,2026-04-29T05:59:59.999000+00:00,112640,113240,600,180,420,600.0,2026-04,RESEARCH_DEVELOPMENT,LISTING_AFTER_30_DAYS,SKIPPED,OVERLAPS_FROZEN_RANDOM_WINDOW,0
AMZNUSDT-O-20260429T200000Z,AMZNUSDT,O,,,NYSE:2026-04-29T20:00:00+00:00:2026-04-30T06:00:00+00:00,2026-04-29T20:00:00+00:00,2026-04-30T06:00:00+00:00,2026-04-29T20:00:00+00:00,2026-04-29T22:59:59.999000+00:00,2026-04-29T23:00:00+00:00,2026-04-30T05:59:59.999000+00:00,114080,114680,600,180,420,600.0,2026-04,RESEARCH_DEVELOPMENT,LISTING_AFTER_30_DAYS,SKIPPED,OVERLAPS_FROZEN_RANDOM_WINDOW,0
AMZNUSDT-O-20260430T200000Z,AMZNUSDT,O,,,NYSE:2026-04-30T20:00:00+00:00:2026-05-01T06:00:00+00:00,2026-04-30T20:00:00+00:00,2026-05-01T06:00:00+00:00,2026-04-30T20:00:00+00:00,2026-04-30T22:59:59.999000+00:00,2026-04-30T23:00:00+00:00,2026-05-01T05:59:59.999000+00:00,115520,116120,600,180,420,600.0,2026-04,RESEARCH_DEVELOPMENT,LISTING_AFTER_30_DAYS,SKIPPED,OVERLAPS_FROZEN_RANDOM_WINDOW,0
AMZNUSDT-O-20260504T200000Z,AMZNUSDT,O,,,NYSE:2026-05-04T20:00:00+00:00:2026-05-05T06:00:00+00:00,2026-05-04T20:00:00+00:00,2026-05-05T06:00:00+00:00,2026-05-04T20:00:00+00:00,2026-05-04T22:59:59.999000+00:00,2026-05-04T23:00:00+00:00,2026-05-05T05:59:59.999000+00:00,121280,121880,600,180,420,600.0,2026-05,RESEARCH_DEVELOPMENT,LISTING_AFTER_30_DAYS,SKIPPED,OVERLAPS_FROZEN_RANDOM_WINDOW,0
AMZNUSDT-O-20260505T200000Z,AMZNUSDT,O,,,NYSE:2026-05-05T20:00:00+00:00:2026-05-06T06:00:00+00:00,2026-05-05T20:00:00+00:00,2026-05-06T06:00:00+00:00,2026-05-05T20:00:00+00:00,2026-05-05T22:59:59.999000+00:00,2026-05-05T23:00:00+00:00,2026-05-06T05:59:59.999000+00:00,122720,123320,600,180,420,600.0,2026-05,RESEARCH_DEVELOPMENT,LISTING_AFTER_30_DAYS,SKIPPED,OVERLAPS_FROZEN_RANDOM_WINDOW,0
AMZNUSDT-O-20260506T200000Z,AMZNUSDT,O,,,NYSE:2026-05-06T20:00:00+00:00:2026-05-07T06:00:00+00:00,2026-05-06T20:00:00+00:00,2026-05-07T06:00:00+00:00,2026-05-06T20:00:00+00:00,2026-05-06T22:59:59.999000+00:00,2026-05-06T23:00:00+00:00,2026-05-07T05:59:59.999000+00:00,124160,124760,600,180,420,600.0,2026-05,RESEARCH_DEVELOPMENT,LISTING_AFTER_30_DAYS,SKIPPED,OVERLAPS_FROZEN_RANDOM_WINDOW,0
AMZNUSDT-O-20260507T200000Z,AMZNUSDT,O,,,NYSE:2026-05-07T20:00:00+00:00:2026-05-08T06:00:00+00:00,2026-05-07T20:00:00+00:00,2026-05-08T06:00:00+00:00,2026-05-07T20:00:00+00:00,2026-05-07T22:59:59.999000+00:00,2026-05-07T23:00:00+00:00,2026-05-08T05:59:59.999000+00:00,125600,126200,600,180,420,600.0,2026-05,RESEARCH_DEVELOPMENT,LISTING_AFTER_30_DAYS,SKIPPED,OVERLAPS_FROZEN_RANDOM_WINDOW,0
AMZNUSDT-O-20260511T200000Z,AMZNUSDT,O,,,NYSE:2026-05-11T20:00:00+00:00:2026-05-12T06:00:00+00:00,2026-05-11T20:00:00+00:00,2026-05-12T06:00:00+00:00,2026-05-11T20:00:00+00:00,2026-05-11T22:59:59.999000+00:00,2026-05-11T23:00:00+00:00,2026-05-12T05:59:59.999000+00:00,131360,131960,600,180,420,600.0,2026-05,RESEARCH_DEVELOPMENT,LISTING_AFTER_30_DAYS,SKIPPED,OVERLAPS_FROZEN_RANDOM_WINDOW,0
AMZNUSDT-O-20260512T200000Z,AMZNUSDT,O,,,NYSE:2026-05-12T20:00:00+00:00:2026-05-13T06:00:00+00:00,2026-05-12T20:00:00+00:00,2026-05-13T06:00:00+00:00,2026-05-12T20:00:00+00:00,2026-05-12T22:59:59.999000+00:00,2026-05-12T23:00:00+00:00,2026-05-13T05:59:59.999000+00:00,132800,133400,600,180,420,600.0,2026-05,RESEARCH_DEVELOPMENT,LISTING_AFTER_30_DAYS,SKIPPED,OVERLAPS_FROZEN_RANDOM_WINDOW,0
AMZNUSDT-O-20260513T200000Z,AMZNUSDT,O,,,NYSE:2026-05-13T20:00:00+00:00:2026-05-14T06:00:00+00:00,2026-05-13T20:00:00+00:00,2026-05-14T06:00:00+00:00,2026-05-13T20:00:00+00:00,2026-05-13T22:59:59.999000+00:00,2026-05-13T23:00:00+00:00,2026-05-14T05:59:59.999000+00:00,134240,134840,600,180,420,600.0,2026-05,RESEARCH_DEVELOPMENT,LISTING_AFTER_30_DAYS,SKIPPED,OVERLAPS_FROZEN_RANDOM_WINDOW,0
AMZNUSDT-O-20260514T200000Z,AMZNUSDT,O,,,NYSE:2026-05-14T20:00:00+00:00:2026-05-15T06:00:00+00:00,2026-05-14T20:00:00+00:00,2026-05-15T06:00:00+00:00,2026-05-14T20:00:00+00:00,2026-05-14T22:59:59.999000+00:00,2026-05-14T23:00:00+00:00,2026-05-15T05:59:59.999000+00:00,135680,136280,600,180,420,600.0,2026-05,RESEARCH_DEVELOPMENT,LISTING_AFTER_30_DAYS,SKIPPED,OVERLAPS_FROZEN_RANDOM_WINDOW,0
AMZNUSDT-O-20260518T200000Z,AMZNUSDT,O,,,NYSE:2026-05-18T20:00:00+00:00:2026-05-19T06:00:00+00:00,2026-05-18T20:00:00+00:00,2026-05-19T06:00:00+00:00,2026-05-18T20:00:00+00:00,2026-05-18T22:59:59.999000+00:00,2026-05-18T23:00:00+00:00,2026-05-19T05:59:59.999000+00:00,141440,142040,600,180,420,600.0,2026-05,RESEARCH_DEVELOPMENT,LISTING_AFTER_30_DAYS,SKIPPED,OVERLAPS_FROZEN_RANDOM_WINDOW,0
AMZNUSDT-O-20260519T200000Z,AMZNUSDT,O,,,NYSE:2026-05-19T20:00:00+00:00:2026-05-20T06:00:00+00:00,2026-05-19T20:00:00+00:00,2026-05-20T06:00:00+00:00,2026-05-19T20:00:00+00:00,2026-05-19T22:59:59.999000+00:00,2026-05-19T23:00:00+00:00,2026-05-20T05:59:59.999000+00:00,142880,143480,600,180,420,600.0,2026-05,RESEARCH_DEVELOPMENT,LISTING_AFTER_30_DAYS,SKIPPED,OVERLAPS_FROZEN_RANDOM_WINDOW,0
AMZNUSDT-O-20260520T200000Z,AMZNUSDT,O,,,NYSE:2026-05-20T20:00:00+00:00:2026-05-21T06:00:00+00:00,2026-05-20T20:00:00+00:00,2026-05-21T06:00:00+00:00,2026-05-20T20:00:00+00:00,2026-05-20T22:59:59.999000+00:00,2026-05-20T23:00:00+00:00,2026-05-21T05:59:59.999000+00:00,144320,144920,600,180,420,600.0,2026-05,RESEARCH_DEVELOPMENT,LISTING_AFTER_30_DAYS,SKIPPED,OVERLAPS_FROZEN_RANDOM_WINDOW,0
AMZNUSDT-O-20260521T200000Z,AMZNUSDT,O,,,NYSE:2026-05-21T20:00:00+00:00:2026-05-22T06:00:00+00:00,2026-05-21T20:00:00+00:00,2026-05-22T06:00:00+00:00,2026-05-21T20:00:00+00:00,2026-05-21T22:59:59.999000+00:00,2026-05-21T23:00:00+00:00,2026-05-22T05:59:59.999000+00:00,145760,146360,600,180,420,600.0,2026-05,RESEARCH_DEVELOPMENT,LISTING_AFTER_30_DAYS,SKIPPED,OVERLAPS_FROZEN_RANDOM_WINDOW,0
AMZNUSDT-O-20260526T200000Z,AMZNUSDT,O,,,NYSE:2026-05-26T20:00:00+00:00:2026-05-27T06:00:00+00:00,2026-05-26T20:00:00+00:00,2026-05-27T06:00:00+00:00,2026-05-26T20:00:00+00:00,2026-05-26T22:59:59.999000+00:00,2026-05-26T23:00:00+00:00,2026-05-27T05:59:59.999000+00:00,152960,153560,600,180,420,600.0,2026-05,RESEARCH_DEVELOPMENT,LISTING_AFTER_30_DAYS,SKIPPED,OVERLAPS_FROZEN_RANDOM_WINDOW,0
AMZNUSDT-O-20260527T200000Z,AMZNUSDT,O,,,NYSE:2026-05-27T20:00:00+00:00:2026-05-28T06:00:00+00:00,2026-05-27T20:00:00+00:00,2026-05-28T06:00:00+00:00,2026-05-27T20:00:00+00:00,2026-05-27T22:59:59.999000+00:00,2026-05-27T23:00:00+00:00,2026-05-28T05:59:59.999000+00:00,154400,155000,600,180,420,600.0,2026-05,RESEARCH_DEVELOPMENT,LISTING_AFTER_30_DAYS,SKIPPED,OVERLAPS_FROZEN_RANDOM_WINDOW,0
AMZNUSDT-O-20260528T200000Z,AMZNUSDT,O,,,NYSE:2026-05-28T20:00:00+00:00:2026-05-29T06:00:00+00:00,2026-05-28T20:00:00+00:00,2026-05-29T06:00:00+00:00,2026-05-28T20:00:00+00:00,2026-05-28T22:59:59.999000+00:00,2026-05-28T23:00:00+00:00,2026-05-29T05:59:59.999000+00:00,155840,156440,600,180,420,600.0,2026-05,RESEARCH_DEVELOPMENT,LISTING_AFTER_30_DAYS,SKIPPED,OVERLAPS_FROZEN_RANDOM_WINDOW,0
AMZNUSDT-O-20260601T200000Z,AMZNUSDT,O,,,NYSE:2026-06-01T20:00:00+00:00:2026-06-02T06:00:00+00:00,2026-06-01T20:00:00+00:00,2026-06-02T06:00:00+00:00,2026-06-01T20:00:00+00:00,2026-06-01T22:59:59.999000+00:00,2026-06-01T23:00:00+00:00,2026-06-02T05:59:59.999000+00:00,161600,162200,600,180,420,600.0,2026-06,SEALED_SHORT_OOS,LISTING_AFTER_30_DAYS,SKIPPED,OVERLAPS_FROZEN_RANDOM_WINDOW,0
AMZNUSDT-O-20260602T200000Z,AMZNUSDT,O,,,NYSE:2026-06-02T20:00:00+00:00:2026-06-03T06:00:00+00:00,2026-06-02T20:00:00+00:00,2026-06-03T06:00:00+00:00,2026-06-02T20:00:00+00:00,2026-06-02T22:59:59.999000+00:00,2026-06-02T23:00:00+00:00,2026-06-03T05:59:59.999000+00:00,163040,163640,600,180,420,600.0,2026-06,SEALED_SHORT_OOS,LISTING_AFTER_30_DAYS,SKIPPED,OVERLAPS_FROZEN_RANDOM_WINDOW,0
AMZNUSDT-O-20260603T200000Z,AMZNUSDT,O,,,NYSE:2026-06-03T20:00:00+00:00:2026-06-04T06:00:00+00:00,2026-06-03T20:00:00+00:00,2026-06-04T06:00:00+00:00,2026-06-03T20:00:00+00:00,2026-06-03T22:59:59.999000+00:00,2026-06-03T23:00:00+00:00,2026-06-04T05:59:59.999000+00:00,164480,165080,600,180,420,600.0,2026-06,SEALED_SHORT_OOS,LISTING_AFTER_30_DAYS,SKIPPED,OVERLAPS_FROZEN_RANDOM_WINDOW,0
AMZNUSDT-O-20260604T200000Z,AMZNUSDT,O,,,NYSE:2026-06-04T20:00:00+00:00:2026-06-05T06:00:00+00:00,2026-06-04T20:00:00+00:00,2026-06-05T06:00:00+00:00,2026-06-04T20:00:00+00:00,2026-06-04T22:59:59.999000+00:00,2026-06-04T23:00:00+00:00,2026-06-05T05:59:59.999000+00:00,165920,166520,600,180,420,600.0,2026-06,SEALED_SHORT_OOS,LISTING_AFTER_30_DAYS,SKIPPED,OVERLAPS_FROZEN_RANDOM_WINDOW,0
AMZNUSDT-O-20260608T200000Z,AMZNUSDT,O,,,NYSE:2026-06-08T20:00:00+00:00:2026-06-09T06:00:00+00:00,2026-06-08T20:00:00+00:00,2026-06-09T06:00:00+00:00,2026-06-08T20:00:00+00:00,2026-06-08T22:59:59.999000+00:00,2026-06-08T23:00:00+00:00,2026-06-09T05:59:59.999000+00:00,171680,172280,600,180,420,600.0,2026-06,SEALED_SHORT_OOS,LISTING_AFTER_30_DAYS,SKIPPED,OVERLAPS_FROZEN_RANDOM_WINDOW,0
AMZNUSDT-O-20260609T200000Z,AMZNUSDT,O,,,NYSE:2026-06-09T20:00:00+00:00:2026-06-10T06:00:00+00:00,2026-06-09T20:00:00+00:00,2026-06-10T06:00:00+00:00,2026-06-09T20:00:00+00:00,2026-06-09T22:59:59.999000+00:00,2026-06-09T23:00:00+00:00,2026-06-10T05:59:59.999000+00:00,173120,173720,600,180,420,600.0,2026-06,SEALED_SHORT_OOS,LISTING_AFTER_30_DAYS,SKIPPED,OVERLAPS_FROZEN_RANDOM_WINDOW,0
AMZNUSDT-O-20260610T200000Z,AMZNUSDT,O,,,NYSE:2026-06-10T20:00:00+00:00:2026-06-11T06:00:00+00:00,2026-06-10T20:00:00+00:00,2026-06-11T06:00:00+00:00,2026-06-10T20:00:00+00:00,2026-06-10T22:59:59.999000+00:00,2026-06-10T23:00:00+00:00,2026-06-11T05:59:59.999000+00:00,174560,175160,600,180,420,600.0,2026-06,SEALED_SHORT_OOS,LISTING_AFTER_30_DAYS,SKIPPED,OVERLAPS_FROZEN_RANDOM_WINDOW,0
AMZNUSDT-O-20260611T200000Z,AMZNUSDT,O,,,NYSE:2026-06-11T20:00:00+00:00:2026-06-12T06:00:00+00:00,2026-06-11T20:00:00+00:00,2026-06-12T06:00:00+00:00,2026-06-11T20:00:00+00:00,2026-06-11T22:59:59.999000+00:00,2026-06-11T23:00:00+00:00,2026-06-12T05:59:59.999000+00:00,176000,176600,600,180,420,600.0,2026-06,SEALED_SHORT_OOS,LISTING_AFTER_30_DAYS,SKIPPED,OVERLAPS_FROZEN_RANDOM_WINDOW,0
AMZNUSDT-O-20260615T200000Z,AMZNUSDT,O,,,NYSE:2026-06-15T20:00:00+00:00:2026-06-16T06:00:00+00:00,2026-06-15T20:00:00+00:00,2026-06-16T06:00:00+00:00,2026-06-15T20:00:00+00:00,2026-06-15T22:59:59.999000+00:00,2026-06-15T23:00:00+00:00,2026-06-16T05:59:59.999000+00:00,181760,182360,600,180,420,600.0,2026-06,SEALED_SHORT_OOS,LISTING_AFTER_30_DAYS,SKIPPED,OVERLAPS_FROZEN_RANDOM_WINDOW,0
AMZNUSDT-O-20260616T200000Z,AMZNUSDT,O,,,NYSE:2026-06-16T20:00:00+00:00:2026-06-17T06:00:00+00:00,2026-06-16T20:00:00+00:00,2026-06-17T06:00:00+00:00,2026-06-16T20:00:00+00:00,2026-06-16T22:59:59.999000+00:00,2026-06-16T23:00:00+00:00,2026-06-17T05:59:59.999000+00:00,183200,183800,600,180,420,600.0,2026-06,SEALED_SHORT_OOS,LISTING_AFTER_30_DAYS,SKIPPED,OVERLAPS_FROZEN_RANDOM_WINDOW,0
AMZNUSDT-O-20260617T200000Z,AMZNUSDT,O,,,NYSE:2026-06-17T20:00:00+00:00:2026-06-18T06:00:00+00:00,2026-06-17T20:00:00+00:00,2026-06-18T06:00:00+00:00,2026-06-17T20:00:00+00:00,2026-06-17T22:59:59.999000+00:00,2026-06-17T23:00:00+00:00,2026-06-18T05:59:59.999000+00:00,184640,185240,600,180,420,600.0,2026-06,SEALED_SHORT_OOS,LISTING_AFTER_30_DAYS,SKIPPED,OVERLAPS_FROZEN_RANDOM_WINDOW,0
AMZNUSDT-O-20260622T200000Z,AMZNUSDT,O,,,NYSE:2026-06-22T20:00:00+00:00:2026-06-23T06:00:00+00:00,2026-06-22T20:00:00+00:00,2026-06-23T06:00:00+00:00,2026-06-22T20:00:00+00:00,2026-06-22T22:59:59.999000+00:00,2026-06-22T23:00:00+00:00,2026-06-23T05:59:59.999000+00:00,191840,192440,600,180,420,600.0,2026-06,SEALED_SHORT_OOS,LISTING_AFTER_30_DAYS,SKIPPED,OVERLAPS_FROZEN_RANDOM_WINDOW,0
AMZNUSDT-O-20260623T200000Z,AMZNUSDT,O,,,NYSE:2026-06-23T20:00:00+00:00:2026-06-24T06:00:00+00:00,2026-06-23T20:00:00+00:00,2026-06-24T06:00:00+00:00,2026-06-23T20:00:00+00:00,2026-06-23T22:59:59.999000+00:00,2026-06-23T23:00:00+00:00,2026-06-24T05:59:59.999000+00:00,193280,193880,600,180,420,600.0,2026-06,SEALED_SHORT_OOS,LISTING_AFTER_30_DAYS,SKIPPED,OVERLAPS_FROZEN_RANDOM_WINDOW,0
AMZNUSDT-O-20260624T200000Z,AMZNUSDT,O,,,NYSE:2026-06-24T20:00:00+00:00:2026-06-25T06:00:00+00:00,2026-06-24T20:00:00+00:00,2026-06-25T06:00:00+00:00,2026-06-24T20:00:00+00:00,2026-06-24T22:59:59.999000+00:00,2026-06-24T23:00:00+00:00,2026-06-25T05:59:59.999000+00:00,194720,195320,600,180,420,600.0,2026-06,SEALED_SHORT_OOS,LISTING_AFTER_30_DAYS,SKIPPED,OVERLAPS_FROZEN_RANDOM_WINDOW,0
AMZNUSDT-O-20260625T200000Z,AMZNUSDT,O,,,NYSE:2026-06-25T20:00:00+00:00:2026-06-26T06:00:00+00:00,2026-06-25T20:00:00+00:00,2026-06-26T06:00:00+00:00,2026-06-25T20:00:00+00:00,2026-06-25T22:59:59.999000+00:00,2026-06-25T23:00:00+00:00,2026-06-26T05:59:59.999000+00:00,196160,196760,600,180,420,600.0,2026-06,SEALED_SHORT_OOS,LISTING_AFTER_30_DAYS,SKIPPED,OVERLAPS_FROZEN_RANDOM_WINDOW,0
AMZNUSDT-O-20260629T200000Z,AMZNUSDT,O,,,NYSE:2026-06-29T20:00:00+00:00:2026-06-30T06:00:00+00:00,2026-06-29T20:00:00+00:00,2026-06-30T06:00:00+00:00,2026-06-29T20:00:00+00:00,2026-06-29T22:59:59.999000+00:00,2026-06-29T23:00:00+00:00,2026-06-30T05:59:59.999000+00:00,201920,202520,600,180,420,600.0,2026-06,SEALED_SHORT_OOS,LISTING_AFTER_30_DAYS,SKIPPED,OVERLAPS_FROZEN_RANDOM_WINDOW,0
AMZNUSDT-O-20260630T200000Z,AMZNUSDT,O,,,NYSE:2026-06-30T20:00:00+00:00:2026-07-01T06:00:00+00:00,2026-06-30T20:00:00+00:00,2026-07-01T06:00:00+00:00,2026-06-30T20:00:00+00:00,2026-06-30T22:59:59.999000+00:00,2026-06-30T23:00:00+00:00,2026-07-01T05:59:59.999000+00:00,203360,203960,600,180,420,600.0,2026-06,SEALED_SHORT_OOS,LISTING_AFTER_30_DAYS,SKIPPED,OVERLAPS_FROZEN_RANDOM_WINDOW,0
AMZNUSDT-O-20260701T200000Z,AMZNUSDT,O,,,NYSE:2026-07-01T20:00:00+00:00:2026-07-02T06:00:00+00:00,2026-07-01T20:00:00+00:00,2026-07-02T06:00:00+00:00,2026-07-01T20:00:00+00:00,2026-07-01T22:59:59.999000+00:00,2026-07-01T23:00:00+00:00,2026-07-02T05:59:59.999000+00:00,204800,205400,600,180,420,600.0,2026-07,DESCRIPTIVE_ONLY,LISTING_AFTER_30_DAYS,SKIPPED,OVERLAPS_FROZEN_RANDOM_WINDOW,0
AMZNUSDT-O-20260706T200000Z,AMZNUSDT,O,,,NYSE:2026-07-06T20:00:00+00:00:2026-07-07T06:00:00+00:00,2026-07-06T20:00:00+00:00,2026-07-07T06:00:00+00:00,2026-07-06T20:00:00+00:00,2026-07-06T22:59:59.999000+00:00,2026-07-06T23:00:00+00:00,2026-07-07T05:59:59.999000+00:00,212000,212600,600,180,420,600.0,2026-07,DESCRIPTIVE_ONLY,LISTING_AFTER_30_DAYS,SKIPPED,OVERLAPS_FROZEN_RANDOM_WINDOW,0
AMZNUSDT-O-20260707T200000Z,AMZNUSDT,O,,,NYSE:2026-07-07T20:00:00+00:00:2026-07-08T06:00:00+00:00,2026-07-07T20:00:00+00:00,2026-07-08T06:00:00+00:00,2026-07-07T20:00:00+00:00,2026-07-07T22:59:59.999000+00:00,2026-07-07T23:00:00+00:00,2026-07-08T05:59:59.999000+00:00,213440,214040,600,180,420,600.0,2026-07,DESCRIPTIVE_ONLY,LISTING_AFTER_30_DAYS,SKIPPED,OVERLAPS_FROZEN_RANDOM_WINDOW,0
AMZNUSDT-O-20260708T200000Z,AMZNUSDT,O,,,NYSE:2026-07-08T20:00:00+00:00:2026-07-09T06:00:00+00:00,2026-07-08T20:00:00+00:00,2026-07-09T06:00:00+00:00,2026-07-08T20:00:00+00:00,2026-07-08T22:59:59.999000+00:00,2026-07-08T23:00:00+00:00,2026-07-09T05:59:59.999000+00:00,214880,215480,600,180,420,600.0,2026-07,DESCRIPTIVE_ONLY,LISTING_AFTER_30_DAYS,SKIPPED,OVERLAPS_FROZEN_RANDOM_WINDOW,0
AMZNUSDT-O-20260709T200000Z,AMZNUSDT,O,,,NYSE:2026-07-09T20:00:00+00:00:2026-07-10T06:00:00+00:00,2026-07-09T20:00:00+00:00,2026-07-10T06:00:00+00:00,2026-07-09T20:00:00+00:00,2026-07-09T22:59:59.999000+00:00,2026-07-09T23:00:00+00:00,2026-07-10T05:59:59.999000+00:00,216320,216920,600,180,420,600.0,2026-07,DESCRIPTIVE_ONLY,LISTING_AFTER_30_DAYS,SKIPPED,OVERLAPS_FROZEN_RANDOM_WINDOW,0
AMZNUSDT-O-20260713T200000Z,AMZNUSDT,O,,,NYSE:2026-07-13T20:00:00+00:00:2026-07-14T06:00:00+00:00,2026-07-13T20:00:00+00:00,2026-07-14T06:00:00+00:00,2026-07-13T20:00:00+00:00,2026-07-13T22:59:59.999000+00:00,2026-07-13T23:00:00+00:00,2026-07-14T05:59:59.999000+00:00,222080,222680,600,180,420,600.0,2026-07,DESCRIPTIVE_ONLY,LISTING_AFTER_30_DAYS,SKIPPED,OVERLAPS_FROZEN_RANDOM_WINDOW,0
AMZNUSDT-O-20260714T200000Z,AMZNUSDT,O,,,NYSE:2026-07-14T20:00:00+00:00:2026-07-15T06:00:00+00:00,2026-07-14T20:00:00+00:00,2026-07-15T06:00:00+00:00,2026-07-14T20:00:00+00:00,2026-07-14T22:59:59.999000+00:00,2026-07-14T23:00:00+00:00,2026-07-15T05:59:59.999000+00:00,223520,224120,600,180,420,600.0,2026-07,DESCRIPTIVE_ONLY,LISTING_AFTER_30_DAYS,SKIPPED,OVERLAPS_FROZEN_RANDOM_WINDOW,0
AMZNUSDT-O-20260715T200000Z,AMZNUSDT,O,,,NYSE:2026-07-15T20:00:00+00:00:2026-07-16T06:00:00+00:00,2026-07-15T20:00:00+00:00,2026-07-16T06:00:00+00:00,2026-07-15T20:00:00+00:00,2026-07-15T22:59:59.999000+00:00,2026-07-15T23:00:00+00:00,2026-07-16T05:59:59.999000+00:00,224960,225560,600,180,420,600.0,2026-07,DESCRIPTIVE_ONLY,LISTING_AFTER_30_DAYS,SKIPPED,OVERLAPS_FROZEN_RANDOM_WINDOW,0
AMZNUSDT-O-20260716T200000Z,AMZNUSDT,O,,,NYSE:2026-07-16T20:00:00+00:00:2026-07-17T06:00:00+00:00,2026-07-16T20:00:00+00:00,2026-07-17T06:00:00+00:00,2026-07-16T20:00:00+00:00,2026-07-16T22:59:59.999000+00:00,2026-07-16T23:00:00+00:00,2026-07-17T05:59:59.999000+00:00,226400,227000,600,180,420,600.0,2026-07,DESCRIPTIVE_ONLY,LISTING_AFTER_30_DAYS,SKIPPED,OVERLAPS_FROZEN_RANDOM_WINDOW,0
AMZNUSDT-O-20260720T200000Z,AMZNUSDT,O,,,NYSE:2026-07-20T20:00:00+00:00:2026-07-21T06:00:00+00:00,2026-07-20T20:00:00+00:00,2026-07-21T06:00:00+00:00,2026-07-20T20:00:00+00:00,2026-07-20T22:59:59.999000+00:00,2026-07-20T23:00:00+00:00,2026-07-21T05:59:59.999000+00:00,232160,232760,600,180,420,600.0,2026-07,DESCRIPTIVE_ONLY,LISTING_AFTER_30_DAYS,SKIPPED,OVERLAPS_FROZEN_RANDOM_WINDOW,0
AMZNUSDT-O-20260721T200000Z,AMZNUSDT,O,,,NYSE:2026-07-21T20:00:00+00:00:2026-07-22T06:00:00+00:00,2026-07-21T20:00:00+00:00,2026-07-22T06:00:00+00:00,2026-07-21T20:00:00+00:00,2026-07-21T22:59:59.999000+00:00,2026-07-21T23:00:00+00:00,2026-07-22T05:59:59.999000+00:00,233600,234200,600,180,420,600.0,2026-07,DESCRIPTIVE_ONLY,LISTING_AFTER_30_DAYS,SKIPPED,OVERLAPS_FROZEN_RANDOM_WINDOW,0
AMZNUSDT-O-20260722T200000Z,AMZNUSDT,O,,,NYSE:2026-07-22T20:00:00+00:00:2026-07-23T06:00:00+00:00,2026-07-22T20:00:00+00:00,2026-07-23T06:00:00+00:00,2026-07-22T20:00:00+00:00,2026-07-22T22:59:59.999000+00:00,2026-07-22T23:00:00+00:00,2026-07-23T05:59:59.999000+00:00,235040,235640,600,180,420,600.0,2026-07,DESCRIPTIVE_ONLY,LISTING_AFTER_30_DAYS,SKIPPED,OVERLAPS_FROZEN_RANDOM_WINDOW,0
AMZNUSDT-R-AMZNUSDT-nyse_20260213T210000Z-s3,AMZNUSDT,R,3,AMZNUSDT-nyse_20260213T210000Z,R:AMZNUSDT:2026-02:3,2026-02-09T21:40:00+00:00,2026-02-13T07:40:00+00:00,2026-02-09T21:40:00+00:00,2026-02-10T00:39:59.999000+00:00,2026-02-10T00:40:00+00:00,2026-02-13T07:39:59.999000+00:00,420,5340,4920,180,4740,4920.0,2026-02,DESCRIPTIVE_ONLY,LISTING_DAYS_1_14,READY,,0
AMZNUSDT-R-AMZNUSDT-nyse_20260213T210000Z-s10,AMZNUSDT,R,10,AMZNUSDT-nyse_20260213T210000Z,R:AMZNUSDT:2026-02:10,2026-02-09T21:40:00+00:00,2026-02-13T07:40:00+00:00,2026-02-09T21:40:00+00:00,2026-02-10T00:39:59.999000+00:00,2026-02-10T00:40:00+00:00,2026-02-13T07:39:59.999000+00:00,420,5340,4920,180,4740,4920.0,2026-02,DESCRIPTIVE_ONLY,LISTING_DAYS_1_14,READY,,0
AMZNUSDT-R-AMZNUSDT-nyse_20260213T210000Z-s17,AMZNUSDT,R,17,AMZNUSDT-nyse_20260213T210000Z,R:AMZNUSDT:2026-02:17,2026-02-09T22:40:00+00:00,2026-02-13T08:40:00+00:00,2026-02-09T22:40:00+00:00,2026-02-10T01:39:59.999000+00:00,2026-02-10T01:40:00+00:00,2026-02-13T08:39:59.999000+00:00,480,5400,4920,180,4740,4920.0,2026-02,DESCRIPTIVE_ONLY,LISTING_DAYS_1_14,READY,,0
AMZNUSDT-R-AMZNUSDT-nyse_20260213T210000Z-s31,AMZNUSDT,R,31,AMZNUSDT-nyse_20260213T210000Z,R:AMZNUSDT:2026-02:31,2026-02-09T21:40:00+00:00,2026-02-13T07:40:00+00:00,2026-02-09T21:40:00+00:00,2026-02-10T00:39:59.999000+00:00,2026-02-10T00:40:00+00:00,2026-02-13T07:39:59.999000+00:00,420,5340,4920,180,4740,4920.0,2026-02,DESCRIPTIVE_ONLY,LISTING_DAYS_1_14,READY,,0
AMZNUSDT-R-AMZNUSDT-nyse_20260213T210000Z-s59,AMZNUSDT,R,59,AMZNUSDT-nyse_20260213T210000Z,R:AMZNUSDT:2026-02:59,2026-02-09T22:40:00+00:00,2026-02-13T08:40:00+00:00,2026-02-09T22:40:00+00:00,2026-02-10T01:39:59.999000+00:00,2026-02-10T01:40:00+00:00,2026-02-13T08:39:59.999000+00:00,480,5400,4920,180,4740,4920.0,2026-02,DESCRIPTIVE_ONLY,LISTING_DAYS_1_14,READY,,0
AMZNUSDT-R-AMZNUSDT-nyse_20260213T210000Z-s97,AMZNUSDT,R,97,AMZNUSDT-nyse_20260213T210000Z,R:AMZNUSDT:2026-02:97,2026-02-09T20:40:00+00:00,2026-02-13T06:40:00+00:00,2026-02-09T20:40:00+00:00,2026-02-09T23:39:59.999000+00:00,2026-02-09T23:40:00+00:00,2026-02-13T06:39:59.999000+00:00,360,5280,4920,180,4740,4920.0,2026-02,DESCRIPTIVE_ONLY,LISTING_DAYS_1_14,READY,,0
AMZNUSDT-R-AMZNUSDT-nyse_20260220T210000Z-s3,AMZNUSDT,R,3,AMZNUSDT-nyse_20260220T210000Z,R:AMZNUSDT:2026-02:3,2026-02-17T21:40:00+00:00,2026-02-20T07:40:00+00:00,2026-02-17T21:40:00+00:00,2026-02-18T00:39:59.999000+00:00,2026-02-18T00:40:00+00:00,2026-02-20T07:39:59.999000+00:00,11940,15420,3480,180,3300,3480.0,2026-02,DESCRIPTIVE_ONLY,LISTING_DAYS_1_14,READY,,0
AMZNUSDT-R-AMZNUSDT-nyse_20260220T210000Z-s10,AMZNUSDT,R,10,AMZNUSDT-nyse_20260220T210000Z,R:AMZNUSDT:2026-02:10,2026-02-17T22:40:00+00:00,2026-02-20T08:40:00+00:00,2026-02-17T22:40:00+00:00,2026-02-18T01:39:59.999000+00:00,2026-02-18T01:40:00+00:00,2026-02-20T08:39:59.999000+00:00,12000,15480,3480,180,3300,3480.0,2026-02,DESCRIPTIVE_ONLY,LISTING_DAYS_1_14,READY,,0
AMZNUSDT-R-AMZNUSDT-nyse_20260220T210000Z-s17,AMZNUSDT,R,17,AMZNUSDT-nyse_20260220T210000Z,R:AMZNUSDT:2026-02:17,2026-02-17T21:40:00+00:00,2026-02-20T07:40:00+00:00,2026-02-17T21:40:00+00:00,2026-02-18T00:39:59.999000+00:00,2026-02-18T00:40:00+00:00,2026-02-20T07:39:59.999000+00:00,11940,15420,3480,180,3300,3480.0,2026-02,DESCRIPTIVE_ONLY,LISTING_DAYS_1_14,READY,,0
AMZNUSDT-R-AMZNUSDT-nyse_20260220T210000Z-s31,AMZNUSDT,R,31,AMZNUSDT-nyse_20260220T210000Z,R:AMZNUSDT:2026-02:31,2026-02-17T20:40:00+00:00,2026-02-20T06:40:00+00:00,2026-02-17T20:40:00+00:00,2026-02-17T23:39:59.999000+00:00,2026-02-17T23:40:00+00:00,2026-02-20T06:39:59.999000+00:00,11880,15360,3480,180,3300,3480.0,2026-02,DESCRIPTIVE_ONLY,LISTING_DAYS_1_14,READY,,0
AMZNUSDT-R-AMZNUSDT-nyse_20260220T210000Z-s59,AMZNUSDT,R,59,AMZNUSDT-nyse_20260220T210000Z,R:AMZNUSDT:2026-02:59,2026-02-17T22:40:00+00:00,2026-02-20T08:40:00+00:00,2026-02-17T22:40:00+00:00,2026-02-18T01:39:59.999000+00:00,2026-02-18T01:40:00+00:00,2026-02-20T08:39:59.999000+00:00,12000,15480,3480,180,3300,3480.0,2026-02,DESCRIPTIVE_ONLY,LISTING_DAYS_1_14,READY,,0
AMZNUSDT-R-AMZNUSDT-nyse_20260220T210000Z-s97,AMZNUSDT,R,97,AMZNUSDT-nyse_20260220T210000Z,R:AMZNUSDT:2026-02:97,2026-02-17T22:40:00+00:00,2026-02-20T08:40:00+00:00,2026-02-17T22:40:00+00:00,2026-02-18T01:39:59.999000+00:00,2026-02-18T01:40:00+00:00,2026-02-20T08:39:59.999000+00:00,12000,15480,3480,180,3300,3480.0,2026-02,DESCRIPTIVE_ONLY,LISTING_DAYS_1_14,READY,,0
AMZNUSDT-R-AMZNUSDT-nyse_20260227T210000Z-s3,AMZNUSDT,R,3,AMZNUSDT-nyse_20260227T210000Z,R:AMZNUSDT:2026-02:3,2026-02-24T20:40:00+00:00,2026-02-27T06:40:00+00:00,2026-02-24T20:40:00+00:00,2026-02-24T23:39:59.999000+00:00,2026-02-24T23:40:00+00:00,2026-02-27T06:39:59.999000+00:00,21960,25440,3480,180,3300,3480.0,2026-02,DESCRIPTIVE_ONLY,LISTING_DAYS_15_30,READY,,0
AMZNUSDT-R-AMZNUSDT-nyse_20260227T210000Z-s10,AMZNUSDT,R,10,AMZNUSDT-nyse_20260227T210000Z,R:AMZNUSDT:2026-02:10,2026-02-24T22:40:00+00:00,2026-02-27T08:40:00+00:00,2026-02-24T22:40:00+00:00,2026-02-25T01:39:59.999000+00:00,2026-02-25T01:40:00+00:00,2026-02-27T08:39:59.999000+00:00,22080,25560,3480,180,3300,3480.0,2026-02,DESCRIPTIVE_ONLY,LISTING_DAYS_15_30,READY,,0
AMZNUSDT-R-AMZNUSDT-nyse_20260227T210000Z-s17,AMZNUSDT,R,17,AMZNUSDT-nyse_20260227T210000Z,R:AMZNUSDT:2026-02:17,2026-02-24T20:40:00+00:00,2026-02-27T06:40:00+00:00,2026-02-24T20:40:00+00:00,2026-02-24T23:39:59.999000+00:00,2026-02-24T23:40:00+00:00,2026-02-27T06:39:59.999000+00:00,21960,25440,3480,180,3300,3480.0,2026-02,DESCRIPTIVE_ONLY,LISTING_DAYS_15_30,READY,,0
AMZNUSDT-R-AMZNUSDT-nyse_20260227T210000Z-s31,AMZNUSDT,R,31,AMZNUSDT-nyse_20260227T210000Z,R:AMZNUSDT:2026-02:31,2026-02-24T21:40:00+00:00,2026-02-27T07:40:00+00:00,2026-02-24T21:40:00+00:00,2026-02-25T00:39:59.999000+00:00,2026-02-25T00:40:00+00:00,2026-02-27T07:39:59.999000+00:00,22020,25500,3480,180,3300,3480.0,2026-02,DESCRIPTIVE_ONLY,LISTING_DAYS_15_30,READY,,0
AMZNUSDT-R-AMZNUSDT-nyse_20260227T210000Z-s59,AMZNUSDT,R,59,AMZNUSDT-nyse_20260227T210000Z,R:AMZNUSDT:2026-02:59,2026-02-24T22:40:00+00:00,2026-02-27T08:40:00+00:00,2026-02-24T22:40:00+00:00,2026-02-25T01:39:59.999000+00:00,2026-02-25T01:40:00+00:00,2026-02-27T08:39:59.999000+00:00,22080,25560,3480,180,3300,3480.0,2026-02,DESCRIPTIVE_ONLY,LISTING_DAYS_15_30,READY,,0
AMZNUSDT-R-AMZNUSDT-nyse_20260227T210000Z-s97,AMZNUSDT,R,97,AMZNUSDT-nyse_20260227T210000Z,R:AMZNUSDT:2026-02:97,2026-02-23T21:40:00+00:00,2026-02-26T07:40:00+00:00,2026-02-23T21:40:00+00:00,2026-02-24T00:39:59.999000+00:00,2026-02-24T00:40:00+00:00,2026-02-26T07:39:59.999000+00:00,20580,24060,3480,180,3300,3480.0,2026-02,DESCRIPTIVE_ONLY,LISTING_DAYS_15_30,READY,,0
AMZNUSDT-R-AMZNUSDT-nyse_20260306T210000Z-s3,AMZNUSDT,R,3,AMZNUSDT-nyse_20260306T210000Z,R:AMZNUSDT:2026-03:3,2026-03-09T22:40:00+00:00,2026-03-12T07:40:00+00:00,2026-03-09T22:40:00+00:00,2026-03-10T01:39:59.999000+00:00,2026-03-10T01:40:00+00:00,2026-03-12T07:39:59.999000+00:00,40800,44220,3420,180,3240,3420.0,2026-03,RESEARCH_DEVELOPMENT,LISTING_DAYS_15_30,READY,,0
AMZNUSDT-R-AMZNUSDT-nyse_20260306T210000Z-s10,AMZNUSDT,R,10,AMZNUSDT-nyse_20260306T210000Z,R:AMZNUSDT:2026-03:10,2026-03-03T21:40:00+00:00,2026-03-06T06:40:00+00:00,2026-03-03T21:40:00+00:00,2026-03-04T00:39:59.999000+00:00,2026-03-04T00:40:00+00:00,2026-03-06T06:39:59.999000+00:00,32100,35520,3420,180,3240,3420.0,2026-03,RESEARCH_DEVELOPMENT,LISTING_DAYS_15_30,READY,,0
AMZNUSDT-R-AMZNUSDT-nyse_20260306T210000Z-s17,AMZNUSDT,R,17,AMZNUSDT-nyse_20260306T210000Z,R:AMZNUSDT:2026-03:17,2026-03-10T22:40:00+00:00,2026-03-13T07:40:00+00:00,2026-03-10T22:40:00+00:00,2026-03-11T01:39:59.999000+00:00,2026-03-11T01:40:00+00:00,2026-03-13T07:39:59.999000+00:00,42240,45660,3420,180,3240,3420.0,2026-03,RESEARCH_DEVELOPMENT,LISTING_DAYS_15_30,READY,,0
AMZNUSDT-R-AMZNUSDT-nyse_20260306T210000Z-s31,AMZNUSDT,R,31,AMZNUSDT-nyse_20260306T210000Z,R:AMZNUSDT:2026-03:31,2026-03-09T21:40:00+00:00,2026-03-12T06:40:00+00:00,2026-03-09T21:40:00+00:00,2026-03-10T00:39:59.999000+00:00,2026-03-10T00:40:00+00:00,2026-03-12T06:39:59.999000+00:00,40740,44160,3420,180,3240,3420.0,2026-03,RESEARCH_DEVELOPMENT,LISTING_DAYS_15_30,READY,,0
AMZNUSDT-R-AMZNUSDT-nyse_20260306T210000Z-s59,AMZNUSDT,R,59,AMZNUSDT-nyse_20260306T210000Z,R:AMZNUSDT:2026-03:59,2026-03-02T20:40:00+00:00,2026-03-05T05:40:00+00:00,2026-03-02T20:40:00+00:00,2026-03-02T23:39:59.999000+00:00,2026-03-02T23:40:00+00:00,2026-03-05T05:39:59.999000+00:00,30600,34020,3420,180,3240,3420.0,2026-03,RESEARCH_DEVELOPMENT,LISTING_DAYS_15_30,READY,,0
AMZNUSDT-R-AMZNUSDT-nyse_20260306T210000Z-s97,AMZNUSDT,R,97,AMZNUSDT-nyse_20260306T210000Z,R:AMZNUSDT:2026-03:97,2026-03-10T22:40:00+00:00,2026-03-13T07:40:00+00:00,2026-03-10T22:40:00+00:00,2026-03-11T01:39:59.999000+00:00,2026-03-11T01:40:00+00:00,2026-03-13T07:39:59.999000+00:00,42240,45660,3420,180,3240,3420.0,2026-03,RESEARCH_DEVELOPMENT,LISTING_DAYS_15_30,READY,,0
AMZNUSDT-R-AMZNUSDT-nyse_20260313T200000Z-s3,AMZNUSDT,R,3,AMZNUSDT-nyse_20260313T200000Z,R:AMZNUSDT:2026-03:3,2026-03-17T21:40:00+00:00,2026-03-20T07:40:00+00:00,2026-03-17T21:40:00+00:00,2026-03-18T00:39:59.999000+00:00,2026-03-18T00:40:00+00:00,2026-03-20T07:39:59.999000+00:00,52260,55740,3480,180,3300,3480.0,2026-03,RESEARCH_DEVELOPMENT,LISTING_AFTER_30_DAYS,READY,,0
AMZNUSDT-R-AMZNUSDT-nyse_20260313T200000Z-s10,AMZNUSDT,R,10,AMZNUSDT-nyse_20260313T200000Z,R:AMZNUSDT:2026-03:10,2026-03-23T20:40:00+00:00,2026-03-26T06:40:00+00:00,2026-03-23T20:40:00+00:00,2026-03-23T23:39:59.999000+00:00,2026-03-23T23:40:00+00:00,2026-03-26T06:39:59.999000+00:00,60840,64320,3480,180,3300,3480.0,2026-03,RESEARCH_DEVELOPMENT,LISTING_AFTER_30_DAYS,READY,,0
AMZNUSDT-R-AMZNUSDT-nyse_20260313T200000Z-s17,AMZNUSDT,R,17,AMZNUSDT-nyse_20260313T200000Z,R:AMZNUSDT:2026-03:17,2026-03-23T19:40:00+00:00,2026-03-26T05:40:00+00:00,2026-03-23T19:40:00+00:00,2026-03-23T22:39:59.999000+00:00,2026-03-23T22:40:00+00:00,2026-03-26T05:39:59.999000+00:00,60780,64260,3480,180,3300,3480.0,2026-03,RESEARCH_DEVELOPMENT,LISTING_AFTER_30_DAYS,READY,,0
AMZNUSDT-R-AMZNUSDT-nyse_20260313T200000Z-s31,AMZNUSDT,R,31,AMZNUSDT-nyse_20260313T200000Z,R:AMZNUSDT:2026-03:31,2026-03-24T20:40:00+00:00,2026-03-27T06:40:00+00:00,2026-03-24T20:40:00+00:00,2026-03-24T23:39:59.999000+00:00,2026-03-24T23:40:00+00:00,2026-03-27T06:39:59.999000+00:00,62280,65760,3480,180,3300,3480.0,2026-03,RESEARCH_DEVELOPMENT,LISTING_AFTER_30_DAYS,READY,,0
AMZNUSDT-R-AMZNUSDT-nyse_20260313T200000Z-s59,AMZNUSDT,R,59,AMZNUSDT-nyse_20260313T200000Z,R:AMZNUSDT:2026-03:59,2026-03-24T20:40:00+00:00,2026-03-27T06:40:00+00:00,2026-03-24T20:40:00+00:00,2026-03-24T23:39:59.999000+00:00,2026-03-24T23:40:00+00:00,2026-03-27T06:39:59.999000+00:00,62280,65760,3480,180,3300,3480.0,2026-03,RESEARCH_DEVELOPMENT,LISTING_AFTER_30_DAYS,READY,,0
AMZNUSDT-R-AMZNUSDT-nyse_20260313T200000Z-s97,AMZNUSDT,R,97,AMZNUSDT-nyse_20260313T200000Z,R:AMZNUSDT:2026-03:97,2026-03-23T20:40:00+00:00,2026-03-26T06:40:00+00:00,2026-03-23T20:40:00+00:00,2026-03-23T23:39:59.999000+00:00,2026-03-23T23:40:00+00:00,2026-03-26T06:39:59.999000+00:00,60840,64320,3480,180,3300,3480.0,2026-03,RESEARCH_DEVELOPMENT,LISTING_AFTER_30_DAYS,READY,,0
AMZNUSDT-R-AMZNUSDT-nyse_20260320T200000Z-s3,AMZNUSDT,R,3,AMZNUSDT-nyse_20260320T200000Z,R:AMZNUSDT:2026-03:3,2026-03-24T21:40:00+00:00,2026-03-27T07:40:00+00:00,2026-03-24T21:40:00+00:00,2026-03-25T00:39:59.999000+00:00,2026-03-25T00:40:00+00:00,2026-03-27T07:39:59.999000+00:00,62340,65820,3480,180,3300,3480.0,2026-03,RESEARCH_DEVELOPMENT,LISTING_AFTER_30_DAYS,READY,,0
AMZNUSDT-R-AMZNUSDT-nyse_20260320T200000Z-s10,AMZNUSDT,R,10,AMZNUSDT-nyse_20260320T200000Z,R:AMZNUSDT:2026-03:10,2026-03-30T19:40:00+00:00,2026-04-02T05:40:00+00:00,2026-03-30T19:40:00+00:00,2026-03-30T22:39:59.999000+00:00,2026-03-30T22:40:00+00:00,2026-04-02T05:39:59.999000+00:00,70860,74340,3480,180,3300,3480.0,2026-03,RESEARCH_DEVELOPMENT,LISTING_AFTER_30_DAYS,READY,,0
AMZNUSDT-R-AMZNUSDT-nyse_20260320T200000Z-s17,AMZNUSDT,R,17,AMZNUSDT-nyse_20260320T200000Z,R:AMZNUSDT:2026-03:17,2026-03-30T19:40:00+00:00,2026-04-02T05:40:00+00:00,2026-03-30T19:40:00+00:00,2026-03-30T22:39:59.999000+00:00,2026-03-30T22:40:00+00:00,2026-04-02T05:39:59.999000+00:00,70860,74340,3480,180,3300,3480.0,2026-03,RESEARCH_DEVELOPMENT,LISTING_AFTER_30_DAYS,READY,,0
AMZNUSDT-R-AMZNUSDT-nyse_20260320T200000Z-s31,AMZNUSDT,R,31,AMZNUSDT-nyse_20260320T200000Z,R:AMZNUSDT:2026-03:31,2026-03-16T19:40:00+00:00,2026-03-19T05:40:00+00:00,2026-03-16T19:40:00+00:00,2026-03-16T22:39:59.999000+00:00,2026-03-16T22:40:00+00:00,2026-03-19T05:39:59.999000+00:00,50700,54180,3480,180,3300,3480.0,2026-03,RESEARCH_DEVELOPMENT,LISTING_AFTER_30_DAYS,READY,,0
AMZNUSDT-R-AMZNUSDT-nyse_20260320T200000Z-s59,AMZNUSDT,R,59,AMZNUSDT-nyse_20260320T200000Z,R:AMZNUSDT:2026-03:59,2026-03-16T21:40:00+00:00,2026-03-19T07:40:00+00:00,2026-03-16T21:40:00+00:00,2026-03-17T00:39:59.999000+00:00,2026-03-17T00:40:00+00:00,2026-03-19T07:39:59.999000+00:00,50820,54300,3480,180,3300,3480.0,2026-03,RESEARCH_DEVELOPMENT,LISTING_AFTER_30_DAYS,READY,,0
AMZNUSDT-R-AMZNUSDT-nyse_20260320T200000Z-s97,AMZNUSDT,R,97,AMZNUSDT-nyse_20260320T200000Z,R:AMZNUSDT:2026-03:97,2026-03-30T19:40:00+00:00,2026-04-02T05:40:00+00:00,2026-03-30T19:40:00+00:00,2026-03-30T22:39:59.999000+00:00,2026-03-30T22:40:00+00:00,2026-04-02T05:39:59.999000+00:00,70860,74340,3480,180,3300,3480.0,2026-03,RESEARCH_DEVELOPMENT,LISTING_AFTER_30_DAYS,READY,,0
AMZNUSDT-R-AMZNUSDT-nyse_20260327T200000Z-s3,AMZNUSDT,R,3,AMZNUSDT-nyse_20260327T200000Z,R:AMZNUSDT:2026-03:3,2026-03-30T20:40:00+00:00,2026-04-02T06:40:00+00:00,2026-03-30T20:40:00+00:00,2026-03-30T23:39:59.999000+00:00,2026-03-30T23:40:00+00:00,2026-04-02T06:39:59.999000+00:00,70920,74400,3480,180,3300,3480.0,2026-03,RESEARCH_DEVELOPMENT,LISTING_AFTER_30_DAYS,READY,,0
AMZNUSDT-R-AMZNUSDT-nyse_20260327T200000Z-s10,AMZNUSDT,R,10,AMZNUSDT-nyse_20260327T200000Z,R:AMZNUSDT:2026-03:10,2026-03-17T20:40:00+00:00,2026-03-20T06:40:00+00:00,2026-03-17T20:40:00+00:00,2026-03-17T23:39:59.999000+00:00,2026-03-17T23:40:00+00:00,2026-03-20T06:39:59.999000+00:00,52200,55680,3480,180,3300,3480.0,2026-03,RESEARCH_DEVELOPMENT,LISTING_AFTER_30_DAYS,READY,,0
AMZNUSDT-R-AMZNUSDT-nyse_20260327T200000Z-s17,AMZNUSDT,R,17,AMZNUSDT-nyse_20260327T200000Z,R:AMZNUSDT:2026-03:17,2026-03-17T21:40:00+00:00,2026-03-20T07:40:00+00:00,2026-03-17T21:40:00+00:00,2026-03-18T00:39:59.999000+00:00,2026-03-18T00:40:00+00:00,2026-03-20T07:39:59.999000+00:00,52260,55740,3480,180,3300,3480.0,2026-03,RESEARCH_DEVELOPMENT,LISTING_AFTER_30_DAYS,READY,,0
AMZNUSDT-R-AMZNUSDT-nyse_20260327T200000Z-s31,AMZNUSDT,R,31,AMZNUSDT-nyse_20260327T200000Z,R:AMZNUSDT:2026-03:31,2026-03-30T20:40:00+00:00,2026-04-02T06:40:00+00:00,2026-03-30T20:40:00+00:00,2026-03-30T23:39:59.999000+00:00,2026-03-30T23:40:00+00:00,2026-04-02T06:39:59.999000+00:00,70920,74400,3480,180,3300,3480.0,2026-03,RESEARCH_DEVELOPMENT,LISTING_AFTER_30_DAYS,READY,,0
AMZNUSDT-R-AMZNUSDT-nyse_20260327T200000Z-s59,AMZNUSDT,R,59,AMZNUSDT-nyse_20260327T200000Z,R:AMZNUSDT:2026-03:59,2026-03-30T20:40:00+00:00,2026-04-02T06:40:00+00:00,2026-03-30T20:40:00+00:00,2026-03-30T23:39:59.999000+00:00,2026-03-30T23:40:00+00:00,2026-04-02T06:39:59.999000+00:00,70920,74400,3480,180,3300,3480.0,2026-03,RESEARCH_DEVELOPMENT,LISTING_AFTER_30_DAYS,READY,,0
AMZNUSDT-R-AMZNUSDT-nyse_20260327T200000Z-s97,AMZNUSDT,R,97,AMZNUSDT-nyse_20260327T200000Z,R:AMZNUSDT:2026-03:97,2026-03-17T19:40:00+00:00,2026-03-20T05:40:00+00:00,2026-03-17T19:40:00+00:00,2026-03-17T22:39:59.999000+00:00,2026-03-17T22:40:00+00:00,2026-03-20T05:39:59.999000+00:00,52140,55620,3480,180,3300,3480.0,2026-03,RESEARCH_DEVELOPMENT,LISTING_AFTER_30_DAYS,READY,,0
AMZNUSDT-R-AMZNUSDT-nyse_20260402T200000Z-s3,AMZNUSDT,R,3,AMZNUSDT-nyse_20260402T200000Z,R:AMZNUSDT:2026-04:3,2026-04-06T19:40:00+00:00,2026-04-10T05:40:00+00:00,2026-04-06T19:40:00+00:00,2026-04-06T22:39:59.999000+00:00,2026-04-06T22:40:00+00:00,2026-04-10T05:39:59.999000+00:00,80940,85860,4920,180,4740,4920.0,2026-04,RESEARCH_DEVELOPMENT,LISTING_AFTER_30_DAYS,READY,,0
AMZNUSDT-R-AMZNUSDT-nyse_20260402T200000Z-s10,AMZNUSDT,R,10,AMZNUSDT-nyse_20260402T200000Z,R:AMZNUSDT:2026-04:10,2026-04-06T20:40:00+00:00,2026-04-10T06:40:00+00:00,2026-04-06T20:40:00+00:00,2026-04-06T23:39:59.999000+00:00,2026-04-06T23:40:00+00:00,2026-04-10T06:39:59.999000+00:00,81000,85920,4920,180,4740,4920.0,2026-04,RESEARCH_DEVELOPMENT,LISTING_AFTER_30_DAYS,READY,,0
AMZNUSDT-R-AMZNUSDT-nyse_20260402T200000Z-s17,AMZNUSDT,R,17,AMZNUSDT-nyse_20260402T200000Z,R:AMZNUSDT:2026-04:17,2026-04-06T20:40:00+00:00,2026-04-10T06:40:00+00:00,2026-04-06T20:40:00+00:00,2026-04-06T23:39:59.999000+00:00,2026-04-06T23:40:00+00:00,2026-04-10T06:39:59.999000+00:00,81000,85920,4920,180,4740,4920.0,2026-04,RESEARCH_DEVELOPMENT,LISTING_AFTER_30_DAYS,READY,,0
AMZNUSDT-R-AMZNUSDT-nyse_20260402T200000Z-s31,AMZNUSDT,R,31,AMZNUSDT-nyse_20260402T200000Z,R:AMZNUSDT:2026-04:31,2026-04-13T19:40:00+00:00,2026-04-17T05:40:00+00:00,2026-04-13T19:40:00+00:00,2026-04-13T22:39:59.999000+00:00,2026-04-13T22:40:00+00:00,2026-04-17T05:39:59.999000+00:00,91020,95940,4920,180,4740,4920.0,2026-04,RESEARCH_DEVELOPMENT,LISTING_AFTER_30_DAYS,READY,,0
AMZNUSDT-R-AMZNUSDT-nyse_20260402T200000Z-s59,AMZNUSDT,R,59,AMZNUSDT-nyse_20260402T200000Z,R:AMZNUSDT:2026-04:59,2026-04-27T19:40:00+00:00,2026-05-01T05:40:00+00:00,2026-04-27T19:40:00+00:00,2026-04-27T22:39:59.999000+00:00,2026-04-27T22:40:00+00:00,2026-05-01T05:39:59.999000+00:00,111180,116100,4920,180,4740,4920.0,2026-04,RESEARCH_DEVELOPMENT,LISTING_AFTER_30_DAYS,READY,,0
AMZNUSDT-R-AMZNUSDT-nyse_20260402T200000Z-s97,AMZNUSDT,R,97,AMZNUSDT-nyse_20260402T200000Z,R:AMZNUSDT:2026-04:97,2026-04-20T20:40:00+00:00,2026-04-24T06:40:00+00:00,2026-04-20T20:40:00+00:00,2026-04-20T23:39:59.999000+00:00,2026-04-20T23:40:00+00:00,2026-04-24T06:39:59.999000+00:00,101160,106080,4920,180,4740,4920.0,2026-04,RESEARCH_DEVELOPMENT,LISTING_AFTER_30_DAYS,READY,,0
AMZNUSDT-R-AMZNUSDT-nyse_20260410T200000Z-s3,AMZNUSDT,R,3,AMZNUSDT-nyse_20260410T200000Z,R:AMZNUSDT:2026-04:3,2026-04-14T19:40:00+00:00,2026-04-17T05:40:00+00:00,2026-04-14T19:40:00+00:00,2026-04-14T22:39:59.999000+00:00,2026-04-14T22:40:00+00:00,2026-04-17T05:39:59.999000+00:00,92460,95940,3480,180,3300,3480.0,2026-04,RESEARCH_DEVELOPMENT,LISTING_AFTER_30_DAYS,READY,,0
AMZNUSDT-R-AMZNUSDT-nyse_20260410T200000Z-s10,AMZNUSDT,R,10,AMZNUSDT-nyse_20260410T200000Z,R:AMZNUSDT:2026-04:10,2026-04-28T20:40:00+00:00,2026-05-01T06:40:00+00:00,2026-04-28T20:40:00+00:00,2026-04-28T23:39:59.999000+00:00,2026-04-28T23:40:00+00:00,2026-05-01T06:39:59.999000+00:00,112680,116160,3480,180,3300,3480.0,2026-04,RESEARCH_DEVELOPMENT,LISTING_AFTER_30_DAYS,READY,,0
AMZNUSDT-R-AMZNUSDT-nyse_20260410T200000Z-s17,AMZNUSDT,R,17,AMZNUSDT-nyse_20260410T200000Z,R:AMZNUSDT:2026-04:17,2026-04-27T19:40:00+00:00,2026-04-30T05:40:00+00:00,2026-04-27T19:40:00+00:00,2026-04-27T22:39:59.999000+00:00,2026-04-27T22:40:00+00:00,2026-04-30T05:39:59.999000+00:00,111180,114660,3480,180,3300,3480.0,2026-04,RESEARCH_DEVELOPMENT,LISTING_AFTER_30_DAYS,READY,,0
AMZNUSDT-R-AMZNUSDT-nyse_20260410T200000Z-s31,AMZNUSDT,R,31,AMZNUSDT-nyse_20260410T200000Z,R:AMZNUSDT:2026-04:31,2026-04-07T20:40:00+00:00,2026-04-10T06:40:00+00:00,2026-04-07T20:40:00+00:00,2026-04-07T23:39:59.999000+00:00,2026-04-07T23:40:00+00:00,2026-04-10T06:39:59.999000+00:00,82440,85920,3480,180,3300,3480.0,2026-04,RESEARCH_DEVELOPMENT,LISTING_AFTER_30_DAYS,READY,,0
AMZNUSDT-R-AMZNUSDT-nyse_20260410T200000Z-s59,AMZNUSDT,R,59,AMZNUSDT-nyse_20260410T200000Z,R:AMZNUSDT:2026-04:59,2026-04-06T19:40:00+00:00,2026-04-09T05:40:00+00:00,2026-04-06T19:40:00+00:00,2026-04-06T22:39:59.999000+00:00,2026-04-06T22:40:00+00:00,2026-04-09T05:39:59.999000+00:00,80940,84420,3480,180,3300,3480.0,2026-04,RESEARCH_DEVELOPMENT,LISTING_AFTER_30_DAYS,READY,,0
AMZNUSDT-R-AMZNUSDT-nyse_20260410T200000Z-s97,AMZNUSDT,R,97,AMZNUSDT-nyse_20260410T200000Z,R:AMZNUSDT:2026-04:97,2026-04-28T19:40:00+00:00,2026-05-01T05:40:00+00:00,2026-04-28T19:40:00+00:00,2026-04-28T22:39:59.999000+00:00,2026-04-28T22:40:00+00:00,2026-05-01T05:39:59.999000+00:00,112620,116100,3480,180,3300,3480.0,2026-04,RESEARCH_DEVELOPMENT,LISTING_AFTER_30_DAYS,READY,,0
AMZNUSDT-R-AMZNUSDT-nyse_20260417T200000Z-s3,AMZNUSDT,R,3,AMZNUSDT-nyse_20260417T200000Z,R:AMZNUSDT:2026-04:3,2026-04-21T21:40:00+00:00,2026-04-24T07:40:00+00:00,2026-04-21T21:40:00+00:00,2026-04-22T00:39:59.999000+00:00,2026-04-22T00:40:00+00:00,2026-04-24T07:39:59.999000+00:00,102660,106140,3480,180,3300,3480.0,2026-04,RESEARCH_DEVELOPMENT,LISTING_AFTER_30_DAYS,READY,,0
AMZNUSDT-R-AMZNUSDT-nyse_20260417T200000Z-s10,AMZNUSDT,R,10,AMZNUSDT-nyse_20260417T200000Z,R:AMZNUSDT:2026-04:10,2026-04-13T21:40:00+00:00,2026-04-16T07:40:00+00:00,2026-04-13T21:40:00+00:00,2026-04-14T00:39:59.999000+00:00,2026-04-14T00:40:00+00:00,2026-04-16T07:39:59.999000+00:00,91140,94620,3480,180,3300,3480.0,2026-04,RESEARCH_DEVELOPMENT,LISTING_AFTER_30_DAYS,READY,,0
AMZNUSDT-R-AMZNUSDT-nyse_20260417T200000Z-s17,AMZNUSDT,R,17,AMZNUSDT-nyse_20260417T200000Z,R:AMZNUSDT:2026-04:17,2026-04-21T19:40:00+00:00,2026-04-24T05:40:00+00:00,2026-04-21T19:40:00+00:00,2026-04-21T22:39:59.999000+00:00,2026-04-21T22:40:00+00:00,2026-04-24T05:39:59.999000+00:00,102540,106020,3480,180,3300,3480.0,2026-04,RESEARCH_DEVELOPMENT,LISTING_AFTER_30_DAYS,READY,,0
AMZNUSDT-R-AMZNUSDT-nyse_20260417T200000Z-s31,AMZNUSDT,R,31,AMZNUSDT-nyse_20260417T200000Z,R:AMZNUSDT:2026-04:31,2026-04-20T20:40:00+00:00,2026-04-23T06:40:00+00:00,2026-04-20T20:40:00+00:00,2026-04-20T23:39:59.999000+00:00,2026-04-20T23:40:00+00:00,2026-04-23T06:39:59.999000+00:00,101160,104640,3480,180,3300,3480.0,2026-04,RESEARCH_DEVELOPMENT,LISTING_AFTER_30_DAYS,READY,,0
AMZNUSDT-R-AMZNUSDT-nyse_20260417T200000Z-s59,AMZNUSDT,R,59,AMZNUSDT-nyse_20260417T200000Z,R:AMZNUSDT:2026-04:59,2026-04-20T21:40:00+00:00,2026-04-23T07:40:00+00:00,2026-04-20T21:40:00+00:00,2026-04-21T00:39:59.999000+00:00,2026-04-21T00:40:00+00:00,2026-04-23T07:39:59.999000+00:00,101220,104700,3480,180,3300,3480.0,2026-04,RESEARCH_DEVELOPMENT,LISTING_AFTER_30_DAYS,READY,,0
AMZNUSDT-R-AMZNUSDT-nyse_20260417T200000Z-s97,AMZNUSDT,R,97,AMZNUSDT-nyse_20260417T200000Z,R:AMZNUSDT:2026-04:97,2026-04-13T21:40:00+00:00,2026-04-16T07:40:00+00:00,2026-04-13T21:40:00+00:00,2026-04-14T00:39:59.999000+00:00,2026-04-14T00:40:00+00:00,2026-04-16T07:39:59.999000+00:00,91140,94620,3480,180,3300,3480.0,2026-04,RESEARCH_DEVELOPMENT,LISTING_AFTER_30_DAYS,READY,,0
AMZNUSDT-R-AMZNUSDT-nyse_20260424T200000Z-s3,AMZNUSDT,R,3,AMZNUSDT-nyse_20260424T200000Z,R:AMZNUSDT:2026-04:3,2026-04-28T20:40:00+00:00,2026-05-01T06:40:00+00:00,2026-04-28T20:40:00+00:00,2026-04-28T23:39:59.999000+00:00,2026-04-28T23:40:00+00:00,2026-05-01T06:39:59.999000+00:00,112680,116160,3480,180,3300,3480.0,2026-04,RESEARCH_DEVELOPMENT,LISTING_AFTER_30_DAYS,READY,,0
AMZNUSDT-R-AMZNUSDT-nyse_20260424T200000Z-s10,AMZNUSDT,R,10,AMZNUSDT-nyse_20260424T200000Z,R:AMZNUSDT:2026-04:10,2026-04-21T19:40:00+00:00,2026-04-24T05:40:00+00:00,2026-04-21T19:40:00+00:00,2026-04-21T22:39:59.999000+00:00,2026-04-21T22:40:00+00:00,2026-04-24T05:39:59.999000+00:00,102540,106020,3480,180,3300,3480.0,2026-04,RESEARCH_DEVELOPMENT,LISTING_AFTER_30_DAYS,READY,,0
AMZNUSDT-R-AMZNUSDT-nyse_20260424T200000Z-s17,AMZNUSDT,R,17,AMZNUSDT-nyse_20260424T200000Z,R:AMZNUSDT:2026-04:17,2026-04-14T21:40:00+00:00,2026-04-17T07:40:00+00:00,2026-04-14T21:40:00+00:00,2026-04-15T00:39:59.999000+00:00,2026-04-15T00:40:00+00:00,2026-04-17T07:39:59.999000+00:00,92580,96060,3480,180,3300,3480.0,2026-04,RESEARCH_DEVELOPMENT,LISTING_AFTER_30_DAYS,READY,,0
AMZNUSDT-R-AMZNUSDT-nyse_20260424T200000Z-s31,AMZNUSDT,R,31,AMZNUSDT-nyse_20260424T200000Z,R:AMZNUSDT:2026-04:31,2026-04-27T19:40:00+00:00,2026-04-30T05:40:00+00:00,2026-04-27T19:40:00+00:00,2026-04-27T22:39:59.999000+00:00,2026-04-27T22:40:00+00:00,2026-04-30T05:39:59.999000+00:00,111180,114660,3480,180,3300,3480.0,2026-04,RESEARCH_DEVELOPMENT,LISTING_AFTER_30_DAYS,READY,,0
AMZNUSDT-R-AMZNUSDT-nyse_20260424T200000Z-s59,AMZNUSDT,R,59,AMZNUSDT-nyse_20260424T200000Z,R:AMZNUSDT:2026-04:59,2026-04-14T21:40:00+00:00,2026-04-17T07:40:00+00:00,2026-04-14T21:40:00+00:00,2026-04-15T00:39:59.999000+00:00,2026-04-15T00:40:00+00:00,2026-04-17T07:39:59.999000+00:00,92580,96060,3480,180,3300,3480.0,2026-04,RESEARCH_DEVELOPMENT,LISTING_AFTER_30_DAYS,READY,,0
AMZNUSDT-R-AMZNUSDT-nyse_20260424T200000Z-s97,AMZNUSDT,R,97,AMZNUSDT-nyse_20260424T200000Z,R:AMZNUSDT:2026-04:97,2026-04-07T21:40:00+00:00,2026-04-10T07:40:00+00:00,2026-04-07T21:40:00+00:00,2026-04-08T00:39:59.999000+00:00,2026-04-08T00:40:00+00:00,2026-04-10T07:39:59.999000+00:00,82500,85980,3480,180,3300,3480.0,2026-04,RESEARCH_DEVELOPMENT,LISTING_AFTER_30_DAYS,READY,,0
AMZNUSDT-R-AMZNUSDT-nyse_20260501T200000Z-s3,AMZNUSDT,R,3,AMZNUSDT-nyse_20260501T200000Z,R:AMZNUSDT:2026-05:3,2026-05-05T21:40:00+00:00,2026-05-08T07:40:00+00:00,2026-05-05T21:40:00+00:00,2026-05-06T00:39:59.999000+00:00,2026-05-06T00:40:00+00:00,2026-05-08T07:39:59.999000+00:00,122820,126300,3480,180,3300,3480.0,2026-05,RESEARCH_DEVELOPMENT,LISTING_AFTER_30_DAYS,READY,,0
AMZNUSDT-R-AMZNUSDT-nyse_20260501T200000Z-s10,AMZNUSDT,R,10,AMZNUSDT-nyse_20260501T200000Z,R:AMZNUSDT:2026-05:10,2026-05-18T20:40:00+00:00,2026-05-21T06:40:00+00:00,2026-05-18T20:40:00+00:00,2026-05-18T23:39:59.999000+00:00,2026-05-18T23:40:00+00:00,2026-05-21T06:39:59.999000+00:00,141480,144960,3480,180,3300,3480.0,2026-05,RESEARCH_DEVELOPMENT,LISTING_AFTER_30_DAYS,READY,,0
AMZNUSDT-R-AMZNUSDT-nyse_20260501T200000Z-s17,AMZNUSDT,R,17,AMZNUSDT-nyse_20260501T200000Z,R:AMZNUSDT:2026-05:17,2026-05-12T20:40:00+00:00,2026-05-15T06:40:00+00:00,2026-05-12T20:40:00+00:00,2026-05-12T23:39:59.999000+00:00,2026-05-12T23:40:00+00:00,2026-05-15T06:39:59.999000+00:00,132840,136320,3480,180,3300,3480.0,2026-05,RESEARCH_DEVELOPMENT,LISTING_AFTER_30_DAYS,READY,,0
AMZNUSDT-R-AMZNUSDT-nyse_20260501T200000Z-s31,AMZNUSDT,R,31,AMZNUSDT-nyse_20260501T200000Z,R:AMZNUSDT:2026-05:31,2026-05-11T21:40:00+00:00,2026-05-14T07:40:00+00:00,2026-05-11T21:40:00+00:00,2026-05-12T00:39:59.999000+00:00,2026-05-12T00:40:00+00:00,2026-05-14T07:39:59.999000+00:00,131460,134940,3480,180,3300,3480.0,2026-05,RESEARCH_DEVELOPMENT,LISTING_AFTER_30_DAYS,READY,,0
AMZNUSDT-R-AMZNUSDT-nyse_20260501T200000Z-s59,AMZNUSDT,R,59,AMZNUSDT-nyse_20260501T200000Z,R:AMZNUSDT:2026-05:59,2026-05-12T21:40:00+00:00,2026-05-15T07:40:00+00:00,2026-05-12T21:40:00+00:00,2026-05-13T00:39:59.999000+00:00,2026-05-13T00:40:00+00:00,2026-05-15T07:39:59.999000+00:00,132900,136380,3480,180,3300,3480.0,2026-05,RESEARCH_DEVELOPMENT,LISTING_AFTER_30_DAYS,READY,,0
AMZNUSDT-R-AMZNUSDT-nyse_20260501T200000Z-s97,AMZNUSDT,R,97,AMZNUSDT-nyse_20260501T200000Z,R:AMZNUSDT:2026-05:97,2026-05-04T20:40:00+00:00,2026-05-07T06:40:00+00:00,2026-05-04T20:40:00+00:00,2026-05-04T23:39:59.999000+00:00,2026-05-04T23:40:00+00:00,2026-05-07T06:39:59.999000+00:00,121320,124800,3480,180,3300,3480.0,2026-05,RESEARCH_DEVELOPMENT,LISTING_AFTER_30_DAYS,READY,,0
AMZNUSDT-R-AMZNUSDT-nyse_20260508T200000Z-s3,AMZNUSDT,R,3,AMZNUSDT-nyse_20260508T200000Z,R:AMZNUSDT:2026-05:3,2026-05-19T20:40:00+00:00,2026-05-22T06:40:00+00:00,2026-05-19T20:40:00+00:00,2026-05-19T23:39:59.999000+00:00,2026-05-19T23:40:00+00:00,2026-05-22T06:39:59.999000+00:00,142920,146400,3480,180,3300,3480.0,2026-05,RESEARCH_DEVELOPMENT,LISTING_AFTER_30_DAYS,READY,,0
AMZNUSDT-R-AMZNUSDT-nyse_20260508T200000Z-s10,AMZNUSDT,R,10,AMZNUSDT-nyse_20260508T200000Z,R:AMZNUSDT:2026-05:10,2026-05-05T20:40:00+00:00,2026-05-08T06:40:00+00:00,2026-05-05T20:40:00+00:00,2026-05-05T23:39:59.999000+00:00,2026-05-05T23:40:00+00:00,2026-05-08T06:39:59.999000+00:00,122760,126240,3480,180,3300,3480.0,2026-05,RESEARCH_DEVELOPMENT,LISTING_AFTER_30_DAYS,READY,,0
AMZNUSDT-R-AMZNUSDT-nyse_20260508T200000Z-s17,AMZNUSDT,R,17,AMZNUSDT-nyse_20260508T200000Z,R:AMZNUSDT:2026-05:17,2026-05-18T20:40:00+00:00,2026-05-21T06:40:00+00:00,2026-05-18T20:40:00+00:00,2026-05-18T23:39:59.999000+00:00,2026-05-18T23:40:00+00:00,2026-05-21T06:39:59.999000+00:00,141480,144960,3480,180,3300,3480.0,2026-05,RESEARCH_DEVELOPMENT,LISTING_AFTER_30_DAYS,READY,,0
AMZNUSDT-R-AMZNUSDT-nyse_20260508T200000Z-s31,AMZNUSDT,R,31,AMZNUSDT-nyse_20260508T200000Z,R:AMZNUSDT:2026-05:31,2026-05-26T21:40:00+00:00,2026-05-29T07:40:00+00:00,2026-05-26T21:40:00+00:00,2026-05-27T00:39:59.999000+00:00,2026-05-27T00:40:00+00:00,2026-05-29T07:39:59.999000+00:00,153060,156540,3480,180,3300,3480.0,2026-05,RESEARCH_DEVELOPMENT,LISTING_AFTER_30_DAYS,READY,,0
AMZNUSDT-R-AMZNUSDT-nyse_20260508T200000Z-s59,AMZNUSDT,R,59,AMZNUSDT-nyse_20260508T200000Z,R:AMZNUSDT:2026-05:59,2026-05-05T20:40:00+00:00,2026-05-08T06:40:00+00:00,2026-05-05T20:40:00+00:00,2026-05-05T23:39:59.999000+00:00,2026-05-05T23:40:00+00:00,2026-05-08T06:39:59.999000+00:00,122760,126240,3480,180,3300,3480.0,2026-05,RESEARCH_DEVELOPMENT,LISTING_AFTER_30_DAYS,READY,,0
AMZNUSDT-R-AMZNUSDT-nyse_20260508T200000Z-s97,AMZNUSDT,R,97,AMZNUSDT-nyse_20260508T200000Z,R:AMZNUSDT:2026-05:97,2026-05-12T21:40:00+00:00,2026-05-15T07:40:00+00:00,2026-05-12T21:40:00+00:00,2026-05-13T00:39:59.999000+00:00,2026-05-13T00:40:00+00:00,2026-05-15T07:39:59.999000+00:00,132900,136380,3480,180,3300,3480.0,2026-05,RESEARCH_DEVELOPMENT,LISTING_AFTER_30_DAYS,READY,,0
AMZNUSDT-R-AMZNUSDT-nyse_20260515T200000Z-s3,AMZNUSDT,R,3,AMZNUSDT-nyse_20260515T200000Z,R:AMZNUSDT:2026-05:3,2026-05-12T20:40:00+00:00,2026-05-15T06:40:00+00:00,2026-05-12T20:40:00+00:00,2026-05-12T23:39:59.999000+00:00,2026-05-12T23:40:00+00:00,2026-05-15T06:39:59.999000+00:00,132840,136320,3480,180,3300,3480.0,2026-05,RESEARCH_DEVELOPMENT,LISTING_AFTER_30_DAYS,READY,,0
AMZNUSDT-R-AMZNUSDT-nyse_20260515T200000Z-s10,AMZNUSDT,R,10,AMZNUSDT-nyse_20260515T200000Z,R:AMZNUSDT:2026-05:10,2026-05-26T21:40:00+00:00,2026-05-29T07:40:00+00:00,2026-05-26T21:40:00+00:00,2026-05-27T00:39:59.999000+00:00,2026-05-27T00:40:00+00:00,2026-05-29T07:39:59.999000+00:00,153060,156540,3480,180,3300,3480.0,2026-05,RESEARCH_DEVELOPMENT,LISTING_AFTER_30_DAYS,READY,,0
AMZNUSDT-R-AMZNUSDT-nyse_20260515T200000Z-s17,AMZNUSDT,R,17,AMZNUSDT-nyse_20260515T200000Z,R:AMZNUSDT:2026-05:17,2026-05-05T19:40:00+00:00,2026-05-08T05:40:00+00:00,2026-05-05T19:40:00+00:00,2026-05-05T22:39:59.999000+00:00,2026-05-05T22:40:00+00:00,2026-05-08T05:39:59.999000+00:00,122700,126180,3480,180,3300,3480.0,2026-05,RESEARCH_DEVELOPMENT,LISTING_AFTER_30_DAYS,READY,,0
AMZNUSDT-R-AMZNUSDT-nyse_20260515T200000Z-s31,AMZNUSDT,R,31,AMZNUSDT-nyse_20260515T200000Z,R:AMZNUSDT:2026-05:31,2026-05-19T20:40:00+00:00,2026-05-22T06:40:00+00:00,2026-05-19T20:40:00+00:00,2026-05-19T23:39:59.999000+00:00,2026-05-19T23:40:00+00:00,2026-05-22T06:39:59.999000+00:00,142920,146400,3480,180,3300,3480.0,2026-05,RESEARCH_DEVELOPMENT,LISTING_AFTER_30_DAYS,READY,,0
AMZNUSDT-R-AMZNUSDT-nyse_20260515T200000Z-s59,AMZNUSDT,R,59,AMZNUSDT-nyse_20260515T200000Z,R:AMZNUSDT:2026-05:59,2026-05-26T19:40:00+00:00,2026-05-29T05:40:00+00:00,2026-05-26T19:40:00+00:00,2026-05-26T22:39:59.999000+00:00,2026-05-26T22:40:00+00:00,2026-05-29T05:39:59.999000+00:00,152940,156420,3480,180,3300,3480.0,2026-05,RESEARCH_DEVELOPMENT,LISTING_AFTER_30_DAYS,READY,,0
AMZNUSDT-R-AMZNUSDT-nyse_20260515T200000Z-s97,AMZNUSDT,R,97,AMZNUSDT-nyse_20260515T200000Z,R:AMZNUSDT:2026-05:97,2026-05-19T20:40:00+00:00,2026-05-22T06:40:00+00:00,2026-05-19T20:40:00+00:00,2026-05-19T23:39:59.999000+00:00,2026-05-19T23:40:00+00:00,2026-05-22T06:39:59.999000+00:00,142920,146400,3480,180,3300,3480.0,2026-05,RESEARCH_DEVELOPMENT,LISTING_AFTER_30_DAYS,READY,,0
AMZNUSDT-R-AMZNUSDT-nyse_20260522T200000Z-s3,AMZNUSDT,R,3,AMZNUSDT-nyse_20260522T200000Z,R:AMZNUSDT:2026-05:3,2026-05-22T20:00:00+00:00,2026-05-26T06:00:00+00:00,2026-05-22T20:00:00+00:00,2026-05-22T20:00:00+00:00,,,0,0,0,0,0,4920.0,2026-05,RESEARCH_DEVELOPMENT,LISTING_AFTER_30_DAYS,SKIPPED,NO_MATCHED_RANDOM_WINDOW,0
AMZNUSDT-R-AMZNUSDT-nyse_20260522T200000Z-s10,AMZNUSDT,R,10,AMZNUSDT-nyse_20260522T200000Z,R:AMZNUSDT:2026-05:10,2026-05-11T21:40:00+00:00,2026-05-15T07:40:00+00:00,2026-05-11T21:40:00+00:00,2026-05-12T00:39:59.999000+00:00,2026-05-12T00:40:00+00:00,2026-05-15T07:39:59.999000+00:00,131460,136380,4920,180,4740,4920.0,2026-05,RESEARCH_DEVELOPMENT,LISTING_AFTER_30_DAYS,READY,,0
AMZNUSDT-R-AMZNUSDT-nyse_20260522T200000Z-s17,AMZNUSDT,R,17,AMZNUSDT-nyse_20260522T200000Z,R:AMZNUSDT:2026-05:17,2026-05-22T20:00:00+00:00,2026-05-26T06:00:00+00:00,2026-05-22T20:00:00+00:00,2026-05-22T20:00:00+00:00,,,0,0,0,0,0,4920.0,2026-05,RESEARCH_DEVELOPMENT,LISTING_AFTER_30_DAYS,SKIPPED,NO_MATCHED_RANDOM_WINDOW,0
AMZNUSDT-R-AMZNUSDT-nyse_20260522T200000Z-s31,AMZNUSDT,R,31,AMZNUSDT-nyse_20260522T200000Z,R:AMZNUSDT:2026-05:31,2026-05-04T20:40:00+00:00,2026-05-08T06:40:00+00:00,2026-05-04T20:40:00+00:00,2026-05-04T23:39:59.999000+00:00,2026-05-04T23:40:00+00:00,2026-05-08T06:39:59.999000+00:00,121320,126240,4920,180,4740,4920.0,2026-05,RESEARCH_DEVELOPMENT,LISTING_AFTER_30_DAYS,READY,,0
AMZNUSDT-R-AMZNUSDT-nyse_20260522T200000Z-s59,AMZNUSDT,R,59,AMZNUSDT-nyse_20260522T200000Z,R:AMZNUSDT:2026-05:59,2026-05-18T20:40:00+00:00,2026-05-22T06:40:00+00:00,2026-05-18T20:40:00+00:00,2026-05-18T23:39:59.999000+00:00,2026-05-18T23:40:00+00:00,2026-05-22T06:39:59.999000+00:00,141480,146400,4920,180,4740,4920.0,2026-05,RESEARCH_DEVELOPMENT,LISTING_AFTER_30_DAYS,READY,,0
AMZNUSDT-R-AMZNUSDT-nyse_20260522T200000Z-s97,AMZNUSDT,R,97,AMZNUSDT-nyse_20260522T200000Z,R:AMZNUSDT:2026-05:97,2026-05-22T20:00:00+00:00,2026-05-26T06:00:00+00:00,2026-05-22T20:00:00+00:00,2026-05-22T20:00:00+00:00,,,0,0,0,0,0,4920.0,2026-05,RESEARCH_DEVELOPMENT,LISTING_AFTER_30_DAYS,SKIPPED,NO_MATCHED_RANDOM_WINDOW,0
AMZNUSDT-R-AMZNUSDT-nyse_20260529T200000Z-s3,AMZNUSDT,R,3,AMZNUSDT-nyse_20260529T200000Z,R:AMZNUSDT:2026-05:3,2026-05-26T20:40:00+00:00,2026-05-29T06:40:00+00:00,2026-05-26T20:40:00+00:00,2026-05-26T23:39:59.999000+00:00,2026-05-26T23:40:00+00:00,2026-05-29T06:39:59.999000+00:00,153000,156480,3480,180,3300,3480.0,2026-05,RESEARCH_DEVELOPMENT,LISTING_AFTER_30_DAYS,READY,,0
AMZNUSDT-R-AMZNUSDT-nyse_20260529T200000Z-s10,AMZNUSDT,R,10,AMZNUSDT-nyse_20260529T200000Z,R:AMZNUSDT:2026-05:10,2026-05-29T20:00:00+00:00,2026-06-01T06:00:00+00:00,2026-05-29T20:00:00+00:00,2026-05-29T20:00:00+00:00,,,0,0,0,0,0,3480.0,2026-05,RESEARCH_DEVELOPMENT,LISTING_AFTER_30_DAYS,SKIPPED,NO_MATCHED_RANDOM_WINDOW,0
AMZNUSDT-R-AMZNUSDT-nyse_20260529T200000Z-s17,AMZNUSDT,R,17,AMZNUSDT-nyse_20260529T200000Z,R:AMZNUSDT:2026-05:17,2026-05-26T21:40:00+00:00,2026-05-29T07:40:00+00:00,2026-05-26T21:40:00+00:00,2026-05-27T00:39:59.999000+00:00,2026-05-27T00:40:00+00:00,2026-05-29T07:39:59.999000+00:00,153060,156540,3480,180,3300,3480.0,2026-05,RESEARCH_DEVELOPMENT,LISTING_AFTER_30_DAYS,READY,,0
AMZNUSDT-R-AMZNUSDT-nyse_20260529T200000Z-s31,AMZNUSDT,R,31,AMZNUSDT-nyse_20260529T200000Z,R:AMZNUSDT:2026-05:31,2026-05-29T20:00:00+00:00,2026-06-01T06:00:00+00:00,2026-05-29T20:00:00+00:00,2026-05-29T20:00:00+00:00,,,0,0,0,0,0,3480.0,2026-05,RESEARCH_DEVELOPMENT,LISTING_AFTER_30_DAYS,SKIPPED,NO_MATCHED_RANDOM_WINDOW,0
AMZNUSDT-R-AMZNUSDT-nyse_20260529T200000Z-s59,AMZNUSDT,R,59,AMZNUSDT-nyse_20260529T200000Z,R:AMZNUSDT:2026-05:59,2026-05-29T20:00:00+00:00,2026-06-01T06:00:00+00:00,2026-05-29T20:00:00+00:00,2026-05-29T20:00:00+00:00,,,0,0,0,0,0,3480.0,2026-05,RESEARCH_DEVELOPMENT,LISTING_AFTER_30_DAYS,SKIPPED,NO_MATCHED_RANDOM_WINDOW,0
AMZNUSDT-R-AMZNUSDT-nyse_20260529T200000Z-s97,AMZNUSDT,R,97,AMZNUSDT-nyse_20260529T200000Z,R:AMZNUSDT:2026-05:97,2026-05-26T21:40:00+00:00,2026-05-29T07:40:00+00:00,2026-05-26T21:40:00+00:00,2026-05-27T00:39:59.999000+00:00,2026-05-27T00:40:00+00:00,2026-05-29T07:39:59.999000+00:00,153060,156540,3480,180,3300,3480.0,2026-05,RESEARCH_DEVELOPMENT,LISTING_AFTER_30_DAYS,READY,,0
AMZNUSDT-R-AMZNUSDT-nyse_20260605T200000Z-s3,AMZNUSDT,R,3,AMZNUSDT-nyse_20260605T200000Z,R:AMZNUSDT:2026-06:3,2026-06-08T20:40:00+00:00,2026-06-11T06:40:00+00:00,2026-06-08T20:40:00+00:00,2026-06-08T23:39:59.999000+00:00,2026-06-08T23:40:00+00:00,2026-06-11T06:39:59.999000+00:00,171720,175200,3480,180,3300,3480.0,2026-06,SEALED_SHORT_OOS,LISTING_AFTER_30_DAYS,READY,,0
AMZNUSDT-R-AMZNUSDT-nyse_20260605T200000Z-s10,AMZNUSDT,R,10,AMZNUSDT-nyse_20260605T200000Z,R:AMZNUSDT:2026-06:10,2026-06-23T20:40:00+00:00,2026-06-26T06:40:00+00:00,2026-06-23T20:40:00+00:00,2026-06-23T23:39:59.999000+00:00,2026-06-23T23:40:00+00:00,2026-06-26T06:39:59.999000+00:00,193320,196800,3480,180,3300,3480.0,2026-06,SEALED_SHORT_OOS,LISTING_AFTER_30_DAYS,READY,,0
AMZNUSDT-R-AMZNUSDT-nyse_20260605T200000Z-s17,AMZNUSDT,R,17,AMZNUSDT-nyse_20260605T200000Z,R:AMZNUSDT:2026-06:17,2026-06-09T19:40:00+00:00,2026-06-12T05:40:00+00:00,2026-06-09T19:40:00+00:00,2026-06-09T22:39:59.999000+00:00,2026-06-09T22:40:00+00:00,2026-06-12T05:39:59.999000+00:00,173100,176580,3480,180,3300,3480.0,2026-06,SEALED_SHORT_OOS,LISTING_AFTER_30_DAYS,READY,,0
AMZNUSDT-R-AMZNUSDT-nyse_20260605T200000Z-s31,AMZNUSDT,R,31,AMZNUSDT-nyse_20260605T200000Z,R:AMZNUSDT:2026-06:31,2026-06-22T21:40:00+00:00,2026-06-25T07:40:00+00:00,2026-06-22T21:40:00+00:00,2026-06-23T00:39:59.999000+00:00,2026-06-23T00:40:00+00:00,2026-06-25T07:39:59.999000+00:00,191940,195420,3480,180,3300,3480.0,2026-06,SEALED_SHORT_OOS,LISTING_AFTER_30_DAYS,READY,,0
AMZNUSDT-R-AMZNUSDT-nyse_20260605T200000Z-s59,AMZNUSDT,R,59,AMZNUSDT-nyse_20260605T200000Z,R:AMZNUSDT:2026-06:59,2026-06-15T21:40:00+00:00,2026-06-18T07:40:00+00:00,2026-06-15T21:40:00+00:00,2026-06-16T00:39:59.999000+00:00,2026-06-16T00:40:00+00:00,2026-06-18T07:39:59.999000+00:00,181860,185340,3480,180,3300,3480.0,2026-06,SEALED_SHORT_OOS,LISTING_AFTER_30_DAYS,READY,,0
AMZNUSDT-R-AMZNUSDT-nyse_20260605T200000Z-s97,AMZNUSDT,R,97,AMZNUSDT-nyse_20260605T200000Z,R:AMZNUSDT:2026-06:97,2026-06-08T19:40:00+00:00,2026-06-11T05:40:00+00:00,2026-06-08T19:40:00+00:00,2026-06-08T22:39:59.999000+00:00,2026-06-08T22:40:00+00:00,2026-06-11T05:39:59.999000+00:00,171660,175140,3480,180,3300,3480.0,2026-06,SEALED_SHORT_OOS,LISTING_AFTER_30_DAYS,READY,,0
AMZNUSDT-R-AMZNUSDT-nyse_20260612T200000Z-s3,AMZNUSDT,R,3,AMZNUSDT-nyse_20260612T200000Z,R:AMZNUSDT:2026-06:3,2026-06-15T21:40:00+00:00,2026-06-18T07:40:00+00:00,2026-06-15T21:40:00+00:00,2026-06-16T00:39:59.999000+00:00,2026-06-16T00:40:00+00:00,2026-06-18T07:39:59.999000+00:00,181860,185340,3480,180,3300,3480.0,2026-06,SEALED_SHORT_OOS,LISTING_AFTER_30_DAYS,READY,,0
AMZNUSDT-R-AMZNUSDT-nyse_20260612T200000Z-s10,AMZNUSDT,R,10,AMZNUSDT-nyse_20260612T200000Z,R:AMZNUSDT:2026-06:10,2026-06-09T20:40:00+00:00,2026-06-12T06:40:00+00:00,2026-06-09T20:40:00+00:00,2026-06-09T23:39:59.999000+00:00,2026-06-09T23:40:00+00:00,2026-06-12T06:39:59.999000+00:00,173160,176640,3480,180,3300,3480.0,2026-06,SEALED_SHORT_OOS,LISTING_AFTER_30_DAYS,READY,,0
AMZNUSDT-R-AMZNUSDT-nyse_20260612T200000Z-s17,AMZNUSDT,R,17,AMZNUSDT-nyse_20260612T200000Z,R:AMZNUSDT:2026-06:17,2026-06-02T20:40:00+00:00,2026-06-05T06:40:00+00:00,2026-06-02T20:40:00+00:00,2026-06-02T23:39:59.999000+00:00,2026-06-02T23:40:00+00:00,2026-06-05T06:39:59.999000+00:00,163080,166560,3480,180,3300,3480.0,2026-06,SEALED_SHORT_OOS,LISTING_AFTER_30_DAYS,READY,,0
AMZNUSDT-R-AMZNUSDT-nyse_20260612T200000Z-s31,AMZNUSDT,R,31,AMZNUSDT-nyse_20260612T200000Z,R:AMZNUSDT:2026-06:31,2026-06-01T19:40:00+00:00,2026-06-04T05:40:00+00:00,2026-06-01T19:40:00+00:00,2026-06-01T22:39:59.999000+00:00,2026-06-01T22:40:00+00:00,2026-06-04T05:39:59.999000+00:00,161580,165060,3480,180,3300,3480.0,2026-06,SEALED_SHORT_OOS,LISTING_AFTER_30_DAYS,READY,,0
AMZNUSDT-R-AMZNUSDT-nyse_20260612T200000Z-s59,AMZNUSDT,R,59,AMZNUSDT-nyse_20260612T200000Z,R:AMZNUSDT:2026-06:59,2026-06-08T21:40:00+00:00,2026-06-11T07:40:00+00:00,2026-06-08T21:40:00+00:00,2026-06-09T00:39:59.999000+00:00,2026-06-09T00:40:00+00:00,2026-06-11T07:39:59.999000+00:00,171780,175260,3480,180,3300,3480.0,2026-06,SEALED_SHORT_OOS,LISTING_AFTER_30_DAYS,READY,,0
AMZNUSDT-R-AMZNUSDT-nyse_20260612T200000Z-s97,AMZNUSDT,R,97,AMZNUSDT-nyse_20260612T200000Z,R:AMZNUSDT:2026-06:97,2026-06-29T20:40:00+00:00,2026-07-02T06:40:00+00:00,2026-06-29T20:40:00+00:00,2026-06-29T23:39:59.999000+00:00,2026-06-29T23:40:00+00:00,2026-07-02T06:39:59.999000+00:00,201960,205440,3480,180,3300,3480.0,2026-06,SEALED_SHORT_OOS,LISTING_AFTER_30_DAYS,READY,,0
AMZNUSDT-R-AMZNUSDT-nyse_20260618T200000Z-s3,AMZNUSDT,R,3,AMZNUSDT-nyse_20260618T200000Z,R:AMZNUSDT:2026-06:3,2026-06-01T19:40:00+00:00,2026-06-05T05:40:00+00:00,2026-06-01T19:40:00+00:00,2026-06-01T22:39:59.999000+00:00,2026-06-01T22:40:00+00:00,2026-06-05T05:39:59.999000+00:00,161580,166500,4920,180,4740,4920.0,2026-06,SEALED_SHORT_OOS,LISTING_AFTER_30_DAYS,READY,,0
AMZNUSDT-R-AMZNUSDT-nyse_20260618T200000Z-s10,AMZNUSDT,R,10,AMZNUSDT-nyse_20260618T200000Z,R:AMZNUSDT:2026-06:10,2026-06-01T19:40:00+00:00,2026-06-05T05:40:00+00:00,2026-06-01T19:40:00+00:00,2026-06-01T22:39:59.999000+00:00,2026-06-01T22:40:00+00:00,2026-06-05T05:39:59.999000+00:00,161580,166500,4920,180,4740,4920.0,2026-06,SEALED_SHORT_OOS,LISTING_AFTER_30_DAYS,READY,,0
AMZNUSDT-R-AMZNUSDT-nyse_20260618T200000Z-s17,AMZNUSDT,R,17,AMZNUSDT-nyse_20260618T200000Z,R:AMZNUSDT:2026-06:17,2026-06-22T19:40:00+00:00,2026-06-26T05:40:00+00:00,2026-06-22T19:40:00+00:00,2026-06-22T22:39:59.999000+00:00,2026-06-22T22:40:00+00:00,2026-06-26T05:39:59.999000+00:00,191820,196740,4920,180,4740,4920.0,2026-06,SEALED_SHORT_OOS,LISTING_AFTER_30_DAYS,READY,,0
AMZNUSDT-R-AMZNUSDT-nyse_20260618T200000Z-s31,AMZNUSDT,R,31,AMZNUSDT-nyse_20260618T200000Z,R:AMZNUSDT:2026-06:31,2026-06-08T20:40:00+00:00,2026-06-12T06:40:00+00:00,2026-06-08T20:40:00+00:00,2026-06-08T23:39:59.999000+00:00,2026-06-08T23:40:00+00:00,2026-06-12T06:39:59.999000+00:00,171720,176640,4920,180,4740,4920.0,2026-06,SEALED_SHORT_OOS,LISTING_AFTER_30_DAYS,READY,,0
AMZNUSDT-R-AMZNUSDT-nyse_20260618T200000Z-s59,AMZNUSDT,R,59,AMZNUSDT-nyse_20260618T200000Z,R:AMZNUSDT:2026-06:59,2026-06-22T20:40:00+00:00,2026-06-26T06:40:00+00:00,2026-06-22T20:40:00+00:00,2026-06-22T23:39:59.999000+00:00,2026-06-22T23:40:00+00:00,2026-06-26T06:39:59.999000+00:00,191880,196800,4920,180,4740,4920.0,2026-06,SEALED_SHORT_OOS,LISTING_AFTER_30_DAYS,READY,,0
AMZNUSDT-R-AMZNUSDT-nyse_20260618T200000Z-s97,AMZNUSDT,R,97,AMZNUSDT-nyse_20260618T200000Z,R:AMZNUSDT:2026-06:97,2026-06-22T21:40:00+00:00,2026-06-26T07:40:00+00:00,2026-06-22T21:40:00+00:00,2026-06-23T00:39:59.999000+00:00,2026-06-23T00:40:00+00:00,2026-06-26T07:39:59.999000+00:00,191940,196860,4920,180,4740,4920.0,2026-06,SEALED_SHORT_OOS,LISTING_AFTER_30_DAYS,READY,,0
AMZNUSDT-R-AMZNUSDT-nyse_20260626T200000Z-s3,AMZNUSDT,R,3,AMZNUSDT-nyse_20260626T200000Z,R:AMZNUSDT:2026-06:3,2026-06-23T21:40:00+00:00,2026-06-26T07:40:00+00:00,2026-06-23T21:40:00+00:00,2026-06-24T00:39:59.999000+00:00,2026-06-24T00:40:00+00:00,2026-06-26T07:39:59.999000+00:00,193380,196860,3480,180,3300,3480.0,2026-06,SEALED_SHORT_OOS,LISTING_AFTER_30_DAYS,READY,,0
AMZNUSDT-R-AMZNUSDT-nyse_20260626T200000Z-s10,AMZNUSDT,R,10,AMZNUSDT-nyse_20260626T200000Z,R:AMZNUSDT:2026-06:10,2026-06-29T21:40:00+00:00,2026-07-02T07:40:00+00:00,2026-06-29T21:40:00+00:00,2026-06-30T00:39:59.999000+00:00,2026-06-30T00:40:00+00:00,2026-07-02T07:39:59.999000+00:00,202020,205500,3480,180,3300,3480.0,2026-06,SEALED_SHORT_OOS,LISTING_AFTER_30_DAYS,READY,,0
AMZNUSDT-R-AMZNUSDT-nyse_20260626T200000Z-s17,AMZNUSDT,R,17,AMZNUSDT-nyse_20260626T200000Z,R:AMZNUSDT:2026-06:17,2026-06-29T20:40:00+00:00,2026-07-02T06:40:00+00:00,2026-06-29T20:40:00+00:00,2026-06-29T23:39:59.999000+00:00,2026-06-29T23:40:00+00:00,2026-07-02T06:39:59.999000+00:00,201960,205440,3480,180,3300,3480.0,2026-06,SEALED_SHORT_OOS,LISTING_AFTER_30_DAYS,READY,,0
AMZNUSDT-R-AMZNUSDT-nyse_20260626T200000Z-s31,AMZNUSDT,R,31,AMZNUSDT-nyse_20260626T200000Z,R:AMZNUSDT:2026-06:31,2026-06-29T21:40:00+00:00,2026-07-02T07:40:00+00:00,2026-06-29T21:40:00+00:00,2026-06-30T00:39:59.999000+00:00,2026-06-30T00:40:00+00:00,2026-07-02T07:39:59.999000+00:00,202020,205500,3480,180,3300,3480.0,2026-06,SEALED_SHORT_OOS,LISTING_AFTER_30_DAYS,READY,,0
AMZNUSDT-R-AMZNUSDT-nyse_20260626T200000Z-s59,AMZNUSDT,R,59,AMZNUSDT-nyse_20260626T200000Z,R:AMZNUSDT:2026-06:59,2026-06-02T19:40:00+00:00,2026-06-05T05:40:00+00:00,2026-06-02T19:40:00+00:00,2026-06-02T22:39:59.999000+00:00,2026-06-02T22:40:00+00:00,2026-06-05T05:39:59.999000+00:00,163020,166500,3480,180,3300,3480.0,2026-06,SEALED_SHORT_OOS,LISTING_AFTER_30_DAYS,READY,,0
AMZNUSDT-R-AMZNUSDT-nyse_20260626T200000Z-s97,AMZNUSDT,R,97,AMZNUSDT-nyse_20260626T200000Z,R:AMZNUSDT:2026-06:97,2026-06-15T21:40:00+00:00,2026-06-18T07:40:00+00:00,2026-06-15T21:40:00+00:00,2026-06-16T00:39:59.999000+00:00,2026-06-16T00:40:00+00:00,2026-06-18T07:39:59.999000+00:00,181860,185340,3480,180,3300,3480.0,2026-06,SEALED_SHORT_OOS,LISTING_AFTER_30_DAYS,READY,,0
AMZNUSDT-R-AMZNUSDT-nyse_20260702T200000Z-s3,AMZNUSDT,R,3,AMZNUSDT-nyse_20260702T200000Z,R:AMZNUSDT:2026-07:3,2026-07-13T19:40:00+00:00,2026-07-17T05:40:00+00:00,2026-07-13T19:40:00+00:00,2026-07-13T22:39:59.999000+00:00,2026-07-13T22:40:00+00:00,2026-07-17T05:39:59.999000+00:00,222060,226980,4920,180,4740,4920.0,2026-07,DESCRIPTIVE_ONLY,LISTING_AFTER_30_DAYS,READY,,0
AMZNUSDT-R-AMZNUSDT-nyse_20260702T200000Z-s10,AMZNUSDT,R,10,AMZNUSDT-nyse_20260702T200000Z,R:AMZNUSDT:2026-07:10,2026-07-06T20:40:00+00:00,2026-07-10T06:40:00+00:00,2026-07-06T20:40:00+00:00,2026-07-06T23:39:59.999000+00:00,2026-07-06T23:40:00+00:00,2026-07-10T06:39:59.999000+00:00,212040,216960,4920,180,4740,4920.0,2026-07,DESCRIPTIVE_ONLY,LISTING_AFTER_30_DAYS,READY,,0
AMZNUSDT-R-AMZNUSDT-nyse_20260702T200000Z-s17,AMZNUSDT,R,17,AMZNUSDT-nyse_20260702T200000Z,R:AMZNUSDT:2026-07:17,2026-07-13T19:40:00+00:00,2026-07-17T05:40:00+00:00,2026-07-13T19:40:00+00:00,2026-07-13T22:39:59.999000+00:00,2026-07-13T22:40:00+00:00,2026-07-17T05:39:59.999000+00:00,222060,226980,4920,180,4740,4920.0,2026-07,DESCRIPTIVE_ONLY,LISTING_AFTER_30_DAYS,READY,,0
AMZNUSDT-R-AMZNUSDT-nyse_20260702T200000Z-s31,AMZNUSDT,R,31,AMZNUSDT-nyse_20260702T200000Z,R:AMZNUSDT:2026-07:31,2026-07-06T19:40:00+00:00,2026-07-10T05:40:00+00:00,2026-07-06T19:40:00+00:00,2026-07-06T22:39:59.999000+00:00,2026-07-06T22:40:00+00:00,2026-07-10T05:39:59.999000+00:00,211980,216900,4920,180,4740,4920.0,2026-07,DESCRIPTIVE_ONLY,LISTING_AFTER_30_DAYS,READY,,0
AMZNUSDT-R-AMZNUSDT-nyse_20260702T200000Z-s59,AMZNUSDT,R,59,AMZNUSDT-nyse_20260702T200000Z,R:AMZNUSDT:2026-07:59,2026-07-06T20:40:00+00:00,2026-07-10T06:40:00+00:00,2026-07-06T20:40:00+00:00,2026-07-06T23:39:59.999000+00:00,2026-07-06T23:40:00+00:00,2026-07-10T06:39:59.999000+00:00,212040,216960,4920,180,4740,4920.0,2026-07,DESCRIPTIVE_ONLY,LISTING_AFTER_30_DAYS,READY,,0
AMZNUSDT-R-AMZNUSDT-nyse_20260702T200000Z-s97,AMZNUSDT,R,97,AMZNUSDT-nyse_20260702T200000Z,R:AMZNUSDT:2026-07:97,2026-07-13T21:40:00+00:00,2026-07-17T07:40:00+00:00,2026-07-13T21:40:00+00:00,2026-07-14T00:39:59.999000+00:00,2026-07-14T00:40:00+00:00,2026-07-17T07:39:59.999000+00:00,222180,227100,4920,180,4740,4920.0,2026-07,DESCRIPTIVE_ONLY,LISTING_AFTER_30_DAYS,READY,,0
AMZNUSDT-R-AMZNUSDT-nyse_20260710T200000Z-s3,AMZNUSDT,R,3,AMZNUSDT-nyse_20260710T200000Z,R:AMZNUSDT:2026-07:3,2026-07-06T21:40:00+00:00,2026-07-09T07:40:00+00:00,2026-07-06T21:40:00+00:00,2026-07-07T00:39:59.999000+00:00,2026-07-07T00:40:00+00:00,2026-07-09T07:39:59.999000+00:00,212100,215580,3480,180,3300,3480.0,2026-07,DESCRIPTIVE_ONLY,LISTING_AFTER_30_DAYS,READY,,0
AMZNUSDT-R-AMZNUSDT-nyse_20260710T200000Z-s10,AMZNUSDT,R,10,AMZNUSDT-nyse_20260710T200000Z,R:AMZNUSDT:2026-07:10,2026-07-14T20:40:00+00:00,2026-07-17T06:40:00+00:00,2026-07-14T20:40:00+00:00,2026-07-14T23:39:59.999000+00:00,2026-07-14T23:40:00+00:00,2026-07-17T06:39:59.999000+00:00,223560,227040,3480,180,3300,3480.0,2026-07,DESCRIPTIVE_ONLY,LISTING_AFTER_30_DAYS,READY,,0
AMZNUSDT-R-AMZNUSDT-nyse_20260710T200000Z-s17,AMZNUSDT,R,17,AMZNUSDT-nyse_20260710T200000Z,R:AMZNUSDT:2026-07:17,2026-07-20T21:40:00+00:00,2026-07-23T07:40:00+00:00,2026-07-20T21:40:00+00:00,2026-07-21T00:39:59.999000+00:00,2026-07-21T00:40:00+00:00,2026-07-23T07:39:59.999000+00:00,232260,235740,3480,180,3300,3480.0,2026-07,DESCRIPTIVE_ONLY,LISTING_AFTER_30_DAYS,READY,,0
AMZNUSDT-R-AMZNUSDT-nyse_20260710T200000Z-s31,AMZNUSDT,R,31,AMZNUSDT-nyse_20260710T200000Z,R:AMZNUSDT:2026-07:31,2026-07-13T19:40:00+00:00,2026-07-16T05:40:00+00:00,2026-07-13T19:40:00+00:00,2026-07-13T22:39:59.999000+00:00,2026-07-13T22:40:00+00:00,2026-07-16T05:39:59.999000+00:00,222060,225540,3480,180,3300,3480.0,2026-07,DESCRIPTIVE_ONLY,LISTING_AFTER_30_DAYS,READY,,0
AMZNUSDT-R-AMZNUSDT-nyse_20260710T200000Z-s59,AMZNUSDT,R,59,AMZNUSDT-nyse_20260710T200000Z,R:AMZNUSDT:2026-07:59,2026-07-20T21:40:00+00:00,2026-07-23T07:40:00+00:00,2026-07-20T21:40:00+00:00,2026-07-21T00:39:59.999000+00:00,2026-07-21T00:40:00+00:00,2026-07-23T07:39:59.999000+00:00,232260,235740,3480,180,3300,3480.0,2026-07,DESCRIPTIVE_ONLY,LISTING_AFTER_30_DAYS,READY,,0
AMZNUSDT-R-AMZNUSDT-nyse_20260710T200000Z-s97,AMZNUSDT,R,97,AMZNUSDT-nyse_20260710T200000Z,R:AMZNUSDT:2026-07:97,2026-07-20T19:40:00+00:00,2026-07-23T05:40:00+00:00,2026-07-20T19:40:00+00:00,2026-07-20T22:39:59.999000+00:00,2026-07-20T22:40:00+00:00,2026-07-23T05:39:59.999000+00:00,232140,235620,3480,180,3300,3480.0,2026-07,DESCRIPTIVE_ONLY,LISTING_AFTER_30_DAYS,READY,,0
AMZNUSDT-R-AMZNUSDT-nyse_20260717T200000Z-s3,AMZNUSDT,R,3,AMZNUSDT-nyse_20260717T200000Z,R:AMZNUSDT:2026-07:3,2026-07-20T21:40:00+00:00,2026-07-23T07:40:00+00:00,2026-07-20T21:40:00+00:00,2026-07-21T00:39:59.999000+00:00,2026-07-21T00:40:00+00:00,2026-07-23T07:39:59.999000+00:00,232260,235740,3480,180,3300,3480.0,2026-07,DESCRIPTIVE_ONLY,LISTING_AFTER_30_DAYS,READY,,0
AMZNUSDT-R-AMZNUSDT-nyse_20260717T200000Z-s10,AMZNUSDT,R,10,AMZNUSDT-nyse_20260717T200000Z,R:AMZNUSDT:2026-07:10,2026-07-20T19:40:00+00:00,2026-07-23T05:40:00+00:00,2026-07-20T19:40:00+00:00,2026-07-20T22:39:59.999000+00:00,2026-07-20T22:40:00+00:00,2026-07-23T05:39:59.999000+00:00,232140,235620,3480,180,3300,3480.0,2026-07,DESCRIPTIVE_ONLY,LISTING_AFTER_30_DAYS,READY,,0
AMZNUSDT-R-AMZNUSDT-nyse_20260717T200000Z-s17,AMZNUSDT,R,17,AMZNUSDT-nyse_20260717T200000Z,R:AMZNUSDT:2026-07:17,2026-07-07T21:40:00+00:00,2026-07-10T07:40:00+00:00,2026-07-07T21:40:00+00:00,2026-07-08T00:39:59.999000+00:00,2026-07-08T00:40:00+00:00,2026-07-10T07:39:59.999000+00:00,213540,217020,3480,180,3300,3480.0,2026-07,DESCRIPTIVE_ONLY,LISTING_AFTER_30_DAYS,READY,,0
AMZNUSDT-R-AMZNUSDT-nyse_20260717T200000Z-s31,AMZNUSDT,R,31,AMZNUSDT-nyse_20260717T200000Z,R:AMZNUSDT:2026-07:31,2026-07-20T21:40:00+00:00,2026-07-23T07:40:00+00:00,2026-07-20T21:40:00+00:00,2026-07-21T00:39:59.999000+00:00,2026-07-21T00:40:00+00:00,2026-07-23T07:39:59.999000+00:00,232260,235740,3480,180,3300,3480.0,2026-07,DESCRIPTIVE_ONLY,LISTING_AFTER_30_DAYS,READY,,0
AMZNUSDT-R-AMZNUSDT-nyse_20260717T200000Z-s59,AMZNUSDT,R,59,AMZNUSDT-nyse_20260717T200000Z,R:AMZNUSDT:2026-07:59,2026-07-14T20:40:00+00:00,2026-07-17T06:40:00+00:00,2026-07-14T20:40:00+00:00,2026-07-14T23:39:59.999000+00:00,2026-07-14T23:40:00+00:00,2026-07-17T06:39:59.999000+00:00,223560,227040,3480,180,3300,3480.0,2026-07,DESCRIPTIVE_ONLY,LISTING_AFTER_30_DAYS,READY,,0
AMZNUSDT-R-AMZNUSDT-nyse_20260717T200000Z-s97,AMZNUSDT,R,97,AMZNUSDT-nyse_20260717T200000Z,R:AMZNUSDT:2026-07:97,2026-07-07T19:40:00+00:00,2026-07-10T05:40:00+00:00,2026-07-07T19:40:00+00:00,2026-07-07T22:39:59.999000+00:00,2026-07-07T22:40:00+00:00,2026-07-10T05:39:59.999000+00:00,213420,216900,3480,180,3300,3480.0,2026-07,DESCRIPTIVE_ONLY,LISTING_AFTER_30_DAYS,READY,,0
COINUSDT-nyse_20260213T210000Z,COINUSDT,W,,,NYSE:2026-02-13T21:00:00+00:00:2026-02-17T07:00:00+00:00,2026-02-13T21:00:00+00:00,2026-02-17T07:00:00+00:00,2026-02-13T21:00:00+00:00,2026-02-13T23:59:59.999000+00:00,2026-02-14T00:00:00+00:00,2026-02-17T06:59:59.999000+00:00,6120,11040,4920,180,4740,4920.0,2026-02,DESCRIPTIVE_ONLY,LISTING_DAYS_1_14,READY,,0
COINUSDT-nyse_20260220T210000Z,COINUSDT,W,,,NYSE:2026-02-20T21:00:00+00:00:2026-02-23T07:00:00+00:00,2026-02-20T21:00:00+00:00,2026-02-23T07:00:00+00:00,2026-02-20T21:00:00+00:00,2026-02-20T23:59:59.999000+00:00,2026-02-21T00:00:00+00:00,2026-02-23T06:59:59.999000+00:00,16200,19680,3480,180,3300,3480.0,2026-02,DESCRIPTIVE_ONLY,LISTING_DAYS_1_14,READY,,0
COINUSDT-nyse_20260227T210000Z,COINUSDT,W,,,NYSE:2026-02-27T21:00:00+00:00:2026-03-02T07:00:00+00:00,2026-02-27T21:00:00+00:00,2026-03-02T07:00:00+00:00,2026-02-27T21:00:00+00:00,2026-02-27T23:59:59.999000+00:00,2026-02-28T00:00:00+00:00,2026-03-02T06:59:59.999000+00:00,26280,29760,3480,180,3300,3480.0,2026-02,DESCRIPTIVE_ONLY,LISTING_DAYS_15_30,READY,,0
COINUSDT-nyse_20260306T210000Z,COINUSDT,W,,,NYSE:2026-03-06T21:00:00+00:00:2026-03-09T06:00:00+00:00,2026-03-06T21:00:00+00:00,2026-03-09T06:00:00+00:00,2026-03-06T21:00:00+00:00,2026-03-06T23:59:59.999000+00:00,2026-03-07T00:00:00+00:00,2026-03-09T05:59:59.999000+00:00,36360,39780,3420,180,3240,3420.0,2026-03,RESEARCH_DEVELOPMENT,LISTING_DAYS_15_30,READY,,0
COINUSDT-nyse_20260313T200000Z,COINUSDT,W,,,NYSE:2026-03-13T20:00:00+00:00:2026-03-16T06:00:00+00:00,2026-03-13T20:00:00+00:00,2026-03-16T06:00:00+00:00,2026-03-13T20:00:00+00:00,2026-03-13T22:59:59.999000+00:00,2026-03-13T23:00:00+00:00,2026-03-16T05:59:59.999000+00:00,46380,49860,3480,180,3300,3480.0,2026-03,RESEARCH_DEVELOPMENT,LISTING_AFTER_30_DAYS,READY,,0
COINUSDT-nyse_20260320T200000Z,COINUSDT,W,,,NYSE:2026-03-20T20:00:00+00:00:2026-03-23T06:00:00+00:00,2026-03-20T20:00:00+00:00,2026-03-23T06:00:00+00:00,2026-03-20T20:00:00+00:00,2026-03-20T22:59:59.999000+00:00,2026-03-20T23:00:00+00:00,2026-03-23T05:59:59.999000+00:00,56460,59940,3480,180,3300,3480.0,2026-03,RESEARCH_DEVELOPMENT,LISTING_AFTER_30_DAYS,READY,,0
COINUSDT-nyse_20260327T200000Z,COINUSDT,W,,,NYSE:2026-03-27T20:00:00+00:00:2026-03-30T06:00:00+00:00,2026-03-27T20:00:00+00:00,2026-03-30T06:00:00+00:00,2026-03-27T20:00:00+00:00,2026-03-27T22:59:59.999000+00:00,2026-03-27T23:00:00+00:00,2026-03-30T05:59:59.999000+00:00,66540,70020,3480,180,3300,3480.0,2026-03,RESEARCH_DEVELOPMENT,LISTING_AFTER_30_DAYS,READY,,0
COINUSDT-nyse_20260402T200000Z,COINUSDT,W,,,NYSE:2026-04-02T20:00:00+00:00:2026-04-06T06:00:00+00:00,2026-04-02T20:00:00+00:00,2026-04-06T06:00:00+00:00,2026-04-02T20:00:00+00:00,2026-04-02T22:59:59.999000+00:00,2026-04-02T23:00:00+00:00,2026-04-06T05:59:59.999000+00:00,75180,80100,4920,180,4740,4920.0,2026-04,RESEARCH_DEVELOPMENT,LISTING_AFTER_30_DAYS,READY,,0
COINUSDT-nyse_20260410T200000Z,COINUSDT,W,,,NYSE:2026-04-10T20:00:00+00:00:2026-04-13T06:00:00+00:00,2026-04-10T20:00:00+00:00,2026-04-13T06:00:00+00:00,2026-04-10T20:00:00+00:00,2026-04-10T22:59:59.999000+00:00,2026-04-10T23:00:00+00:00,2026-04-13T05:59:59.999000+00:00,86700,90180,3480,180,3300,3480.0,2026-04,RESEARCH_DEVELOPMENT,LISTING_AFTER_30_DAYS,READY,,0
COINUSDT-nyse_20260417T200000Z,COINUSDT,W,,,NYSE:2026-04-17T20:00:00+00:00:2026-04-20T06:00:00+00:00,2026-04-17T20:00:00+00:00,2026-04-20T06:00:00+00:00,2026-04-17T20:00:00+00:00,2026-04-17T22:59:59.999000+00:00,2026-04-17T23:00:00+00:00,2026-04-20T05:59:59.999000+00:00,96780,100260,3480,180,3300,3480.0,2026-04,RESEARCH_DEVELOPMENT,LISTING_AFTER_30_DAYS,READY,,0
COINUSDT-nyse_20260424T200000Z,COINUSDT,W,,,NYSE:2026-04-24T20:00:00+00:00:2026-04-27T06:00:00+00:00,2026-04-24T20:00:00+00:00,2026-04-27T06:00:00+00:00,2026-04-24T20:00:00+00:00,2026-04-24T22:59:59.999000+00:00,2026-04-24T23:00:00+00:00,2026-04-27T05:59:59.999000+00:00,106860,110340,3480,180,3300,3480.0,2026-04,RESEARCH_DEVELOPMENT,LISTING_AFTER_30_DAYS,READY,,0
COINUSDT-nyse_20260501T200000Z,COINUSDT,W,,,NYSE:2026-05-01T20:00:00+00:00:2026-05-04T06:00:00+00:00,2026-05-01T20:00:00+00:00,2026-05-04T06:00:00+00:00,2026-05-01T20:00:00+00:00,2026-05-01T22:59:59.999000+00:00,2026-05-01T23:00:00+00:00,2026-05-04T05:59:59.999000+00:00,116940,120420,3480,180,3300,3480.0,2026-05,RESEARCH_DEVELOPMENT,LISTING_AFTER_30_DAYS,READY,,0
COINUSDT-nyse_20260508T200000Z,COINUSDT,W,,,NYSE:2026-05-08T20:00:00+00:00:2026-05-11T06:00:00+00:00,2026-05-08T20:00:00+00:00,2026-05-11T06:00:00+00:00,2026-05-08T20:00:00+00:00,2026-05-08T22:59:59.999000+00:00,2026-05-08T23:00:00+00:00,2026-05-11T05:59:59.999000+00:00,127020,130500,3480,180,3300,3480.0,2026-05,RESEARCH_DEVELOPMENT,LISTING_AFTER_30_DAYS,READY,,0
COINUSDT-nyse_20260515T200000Z,COINUSDT,W,,,NYSE:2026-05-15T20:00:00+00:00:2026-05-18T06:00:00+00:00,2026-05-15T20:00:00+00:00,2026-05-18T06:00:00+00:00,2026-05-15T20:00:00+00:00,2026-05-15T22:59:59.999000+00:00,2026-05-15T23:00:00+00:00,2026-05-18T05:59:59.999000+00:00,137100,140580,3480,180,3300,3480.0,2026-05,RESEARCH_DEVELOPMENT,LISTING_AFTER_30_DAYS,READY,,0
COINUSDT-nyse_20260522T200000Z,COINUSDT,W,,,NYSE:2026-05-22T20:00:00+00:00:2026-05-26T06:00:00+00:00,2026-05-22T20:00:00+00:00,2026-05-26T06:00:00+00:00,2026-05-22T20:00:00+00:00,2026-05-22T22:59:59.999000+00:00,2026-05-22T23:00:00+00:00,2026-05-26T05:59:59.999000+00:00,147180,152100,4920,180,4740,4920.0,2026-05,RESEARCH_DEVELOPMENT,LISTING_AFTER_30_DAYS,READY,,0
COINUSDT-nyse_20260529T200000Z,COINUSDT,W,,,NYSE:2026-05-29T20:00:00+00:00:2026-06-01T06:00:00+00:00,2026-05-29T20:00:00+00:00,2026-06-01T06:00:00+00:00,2026-05-29T20:00:00+00:00,2026-05-29T22:59:59.999000+00:00,2026-05-29T23:00:00+00:00,2026-06-01T05:59:59.999000+00:00,157260,160740,3480,180,3300,3480.0,2026-05,RESEARCH_DEVELOPMENT,LISTING_AFTER_30_DAYS,READY,,0
COINUSDT-nyse_20260605T200000Z,COINUSDT,W,,,NYSE:2026-06-05T20:00:00+00:00:2026-06-08T06:00:00+00:00,2026-06-05T20:00:00+00:00,2026-06-08T06:00:00+00:00,2026-06-05T20:00:00+00:00,2026-06-05T22:59:59.999000+00:00,2026-06-05T23:00:00+00:00,2026-06-08T05:59:59.999000+00:00,167340,170820,3480,180,3300,3480.0,2026-06,SEALED_SHORT_OOS,LISTING_AFTER_30_DAYS,READY,,0
COINUSDT-nyse_20260612T200000Z,COINUSDT,W,,,NYSE:2026-06-12T20:00:00+00:00:2026-06-15T06:00:00+00:00,2026-06-12T20:00:00+00:00,2026-06-15T06:00:00+00:00,2026-06-12T20:00:00+00:00,2026-06-12T22:59:59.999000+00:00,2026-06-12T23:00:00+00:00,2026-06-15T05:59:59.999000+00:00,177420,180900,3480,180,3300,3480.0,2026-06,SEALED_SHORT_OOS,LISTING_AFTER_30_DAYS,READY,,0
COINUSDT-nyse_20260618T200000Z,COINUSDT,W,,,NYSE:2026-06-18T20:00:00+00:00:2026-06-22T06:00:00+00:00,2026-06-18T20:00:00+00:00,2026-06-22T06:00:00+00:00,2026-06-18T20:00:00+00:00,2026-06-18T22:59:59.999000+00:00,2026-06-18T23:00:00+00:00,2026-06-22T05:59:59.999000+00:00,186060,190980,4920,180,4740,4920.0,2026-06,SEALED_SHORT_OOS,LISTING_AFTER_30_DAYS,READY,,0
COINUSDT-nyse_20260626T200000Z,COINUSDT,W,,,NYSE:2026-06-26T20:00:00+00:00:2026-06-29T06:00:00+00:00,2026-06-26T20:00:00+00:00,2026-06-29T06:00:00+00:00,2026-06-26T20:00:00+00:00,2026-06-26T22:59:59.999000+00:00,2026-06-26T23:00:00+00:00,2026-06-29T05:59:59.999000+00:00,197580,201060,3480,180,3300,3480.0,2026-06,SEALED_SHORT_OOS,LISTING_AFTER_30_DAYS,READY,,0
COINUSDT-nyse_20260702T200000Z,COINUSDT,W,,,NYSE:2026-07-02T20:00:00+00:00:2026-07-06T06:00:00+00:00,2026-07-02T20:00:00+00:00,2026-07-06T06:00:00+00:00,2026-07-02T20:00:00+00:00,2026-07-02T22:59:59.999000+00:00,2026-07-02T23:00:00+00:00,2026-07-06T05:59:59.999000+00:00,206220,211140,4920,180,4740,4920.0,2026-07,DESCRIPTIVE_ONLY,LISTING_AFTER_30_DAYS,READY,,0
COINUSDT-nyse_20260710T200000Z,COINUSDT,W,,,NYSE:2026-07-10T20:00:00+00:00:2026-07-13T06:00:00+00:00,2026-07-10T20:00:00+00:00,2026-07-13T06:00:00+00:00,2026-07-10T20:00:00+00:00,2026-07-10T22:59:59.999000+00:00,2026-07-10T23:00:00+00:00,2026-07-13T05:59:59.999000+00:00,217740,221220,3480,180,3300,3480.0,2026-07,DESCRIPTIVE_ONLY,LISTING_AFTER_30_DAYS,READY,,0
COINUSDT-nyse_20260717T200000Z,COINUSDT,W,,,NYSE:2026-07-17T20:00:00+00:00:2026-07-20T06:00:00+00:00,2026-07-17T20:00:00+00:00,2026-07-20T06:00:00+00:00,2026-07-17T20:00:00+00:00,2026-07-17T22:59:59.999000+00:00,2026-07-17T23:00:00+00:00,2026-07-20T05:59:59.999000+00:00,227820,231300,3480,180,3300,3480.0,2026-07,DESCRIPTIVE_ONLY,LISTING_AFTER_30_DAYS,READY,,0
COINUSDT-O-20260723T200000Z,COINUSDT,O,,,NYSE:2026-07-23T20:00:00+00:00:2026-07-24T06:00:00+00:00,2026-07-23T20:00:00+00:00,2026-07-24T06:00:00+00:00,2026-07-23T20:00:00+00:00,2026-07-23T22:59:59.999000+00:00,2026-07-23T23:00:00+00:00,2026-07-23T23:59:59.999000+00:00,236460,236700,240,180,60,600.0,2026-07,DESCRIPTIVE_ONLY,LISTING_AFTER_30_DAYS,READY,,0
COINUSDT-O-20260209T210000Z,COINUSDT,O,,,NYSE:2026-02-09T21:00:00+00:00:2026-02-10T07:00:00+00:00,2026-02-09T21:00:00+00:00,2026-02-10T07:00:00+00:00,2026-02-09T21:00:00+00:00,2026-02-09T23:59:59.999000+00:00,2026-02-10T00:00:00+00:00,2026-02-10T06:59:59.999000+00:00,360,960,600,180,420,600.0,2026-02,DESCRIPTIVE_ONLY,LISTING_DAYS_1_14,SKIPPED,OVERLAPS_FROZEN_RANDOM_WINDOW,0
COINUSDT-O-20260210T210000Z,COINUSDT,O,,,NYSE:2026-02-10T21:00:00+00:00:2026-02-11T07:00:00+00:00,2026-02-10T21:00:00+00:00,2026-02-11T07:00:00+00:00,2026-02-10T21:00:00+00:00,2026-02-10T23:59:59.999000+00:00,2026-02-11T00:00:00+00:00,2026-02-11T06:59:59.999000+00:00,1800,2400,600,180,420,600.0,2026-02,DESCRIPTIVE_ONLY,LISTING_DAYS_1_14,SKIPPED,OVERLAPS_FROZEN_RANDOM_WINDOW,0
COINUSDT-O-20260211T210000Z,COINUSDT,O,,,NYSE:2026-02-11T21:00:00+00:00:2026-02-12T07:00:00+00:00,2026-02-11T21:00:00+00:00,2026-02-12T07:00:00+00:00,2026-02-11T21:00:00+00:00,2026-02-11T23:59:59.999000+00:00,2026-02-12T00:00:00+00:00,2026-02-12T06:59:59.999000+00:00,3240,3840,600,180,420,600.0,2026-02,DESCRIPTIVE_ONLY,LISTING_DAYS_1_14,SKIPPED,OVERLAPS_FROZEN_RANDOM_WINDOW,0
COINUSDT-O-20260212T210000Z,COINUSDT,O,,,NYSE:2026-02-12T21:00:00+00:00:2026-02-13T07:00:00+00:00,2026-02-12T21:00:00+00:00,2026-02-13T07:00:00+00:00,2026-02-12T21:00:00+00:00,2026-02-12T23:59:59.999000+00:00,2026-02-13T00:00:00+00:00,2026-02-13T06:59:59.999000+00:00,4680,5280,600,180,420,600.0,2026-02,DESCRIPTIVE_ONLY,LISTING_DAYS_1_14,SKIPPED,OVERLAPS_FROZEN_RANDOM_WINDOW,0
COINUSDT-O-20260217T210000Z,COINUSDT,O,,,NYSE:2026-02-17T21:00:00+00:00:2026-02-18T07:00:00+00:00,2026-02-17T21:00:00+00:00,2026-02-18T07:00:00+00:00,2026-02-17T21:00:00+00:00,2026-02-17T23:59:59.999000+00:00,2026-02-18T00:00:00+00:00,2026-02-18T06:59:59.999000+00:00,11880,12480,600,180,420,600.0,2026-02,DESCRIPTIVE_ONLY,LISTING_DAYS_1_14,SKIPPED,OVERLAPS_FROZEN_RANDOM_WINDOW,0
COINUSDT-O-20260218T210000Z,COINUSDT,O,,,NYSE:2026-02-18T21:00:00+00:00:2026-02-19T07:00:00+00:00,2026-02-18T21:00:00+00:00,2026-02-19T07:00:00+00:00,2026-02-18T21:00:00+00:00,2026-02-18T23:59:59.999000+00:00,2026-02-19T00:00:00+00:00,2026-02-19T06:59:59.999000+00:00,13320,13920,600,180,420,600.0,2026-02,DESCRIPTIVE_ONLY,LISTING_DAYS_1_14,SKIPPED,OVERLAPS_FROZEN_RANDOM_WINDOW,0
COINUSDT-O-20260219T210000Z,COINUSDT,O,,,NYSE:2026-02-19T21:00:00+00:00:2026-02-20T07:00:00+00:00,2026-02-19T21:00:00+00:00,2026-02-20T07:00:00+00:00,2026-02-19T21:00:00+00:00,2026-02-19T23:59:59.999000+00:00,2026-02-20T00:00:00+00:00,2026-02-20T06:59:59.999000+00:00,14760,15360,600,180,420,600.0,2026-02,DESCRIPTIVE_ONLY,LISTING_DAYS_1_14,SKIPPED,OVERLAPS_FROZEN_RANDOM_WINDOW,0
COINUSDT-O-20260223T210000Z,COINUSDT,O,,,NYSE:2026-02-23T21:00:00+00:00:2026-02-24T07:00:00+00:00,2026-02-23T21:00:00+00:00,2026-02-24T07:00:00+00:00,2026-02-23T21:00:00+00:00,2026-02-23T23:59:59.999000+00:00,2026-02-24T00:00:00+00:00,2026-02-24T06:59:59.999000+00:00,20520,21120,600,180,420,600.0,2026-02,DESCRIPTIVE_ONLY,LISTING_DAYS_15_30,SKIPPED,OVERLAPS_FROZEN_RANDOM_WINDOW,0
COINUSDT-O-20260224T210000Z,COINUSDT,O,,,NYSE:2026-02-24T21:00:00+00:00:2026-02-25T07:00:00+00:00,2026-02-24T21:00:00+00:00,2026-02-25T07:00:00+00:00,2026-02-24T21:00:00+00:00,2026-02-24T23:59:59.999000+00:00,2026-02-25T00:00:00+00:00,2026-02-25T06:59:59.999000+00:00,21960,22560,600,180,420,600.0,2026-02,DESCRIPTIVE_ONLY,LISTING_DAYS_15_30,SKIPPED,OVERLAPS_FROZEN_RANDOM_WINDOW,0
COINUSDT-O-20260225T210000Z,COINUSDT,O,,,NYSE:2026-02-25T21:00:00+00:00:2026-02-26T07:00:00+00:00,2026-02-25T21:00:00+00:00,2026-02-26T07:00:00+00:00,2026-02-25T21:00:00+00:00,2026-02-25T23:59:59.999000+00:00,2026-02-26T00:00:00+00:00,2026-02-26T06:59:59.999000+00:00,23400,24000,600,180,420,600.0,2026-02,DESCRIPTIVE_ONLY,LISTING_DAYS_15_30,SKIPPED,OVERLAPS_FROZEN_RANDOM_WINDOW,0
COINUSDT-O-20260226T210000Z,COINUSDT,O,,,NYSE:2026-02-26T21:00:00+00:00:2026-02-27T07:00:00+00:00,2026-02-26T21:00:00+00:00,2026-02-27T07:00:00+00:00,2026-02-26T21:00:00+00:00,2026-02-26T23:59:59.999000+00:00,2026-02-27T00:00:00+00:00,2026-02-27T06:59:59.999000+00:00,24840,25440,600,180,420,600.0,2026-02,DESCRIPTIVE_ONLY,LISTING_DAYS_15_30,SKIPPED,OVERLAPS_FROZEN_RANDOM_WINDOW,0
COINUSDT-O-20260302T210000Z,COINUSDT,O,,,NYSE:2026-03-02T21:00:00+00:00:2026-03-03T07:00:00+00:00,2026-03-02T21:00:00+00:00,2026-03-03T07:00:00+00:00,2026-03-02T21:00:00+00:00,2026-03-02T23:59:59.999000+00:00,2026-03-03T00:00:00+00:00,2026-03-03T06:59:59.999000+00:00,30600,31200,600,180,420,600.0,2026-03,RESEARCH_DEVELOPMENT,LISTING_DAYS_15_30,SKIPPED,OVERLAPS_FROZEN_RANDOM_WINDOW,0
COINUSDT-O-20260303T210000Z,COINUSDT,O,,,NYSE:2026-03-03T21:00:00+00:00:2026-03-04T07:00:00+00:00,2026-03-03T21:00:00+00:00,2026-03-04T07:00:00+00:00,2026-03-03T21:00:00+00:00,2026-03-03T23:59:59.999000+00:00,2026-03-04T00:00:00+00:00,2026-03-04T06:59:59.999000+00:00,32040,32640,600,180,420,600.0,2026-03,RESEARCH_DEVELOPMENT,LISTING_DAYS_15_30,SKIPPED,OVERLAPS_FROZEN_RANDOM_WINDOW,0
COINUSDT-O-20260304T210000Z,COINUSDT,O,,,NYSE:2026-03-04T21:00:00+00:00:2026-03-05T07:00:00+00:00,2026-03-04T21:00:00+00:00,2026-03-05T07:00:00+00:00,2026-03-04T21:00:00+00:00,2026-03-04T23:59:59.999000+00:00,2026-03-05T00:00:00+00:00,2026-03-05T06:59:59.999000+00:00,33480,34080,600,180,420,600.0,2026-03,RESEARCH_DEVELOPMENT,LISTING_DAYS_15_30,SKIPPED,OVERLAPS_FROZEN_RANDOM_WINDOW,0
COINUSDT-O-20260305T210000Z,COINUSDT,O,,,NYSE:2026-03-05T21:00:00+00:00:2026-03-06T07:00:00+00:00,2026-03-05T21:00:00+00:00,2026-03-06T07:00:00+00:00,2026-03-05T21:00:00+00:00,2026-03-05T23:59:59.999000+00:00,2026-03-06T00:00:00+00:00,2026-03-06T06:59:59.999000+00:00,34920,35520,600,180,420,600.0,2026-03,RESEARCH_DEVELOPMENT,LISTING_DAYS_15_30,SKIPPED,OVERLAPS_FROZEN_RANDOM_WINDOW,0
COINUSDT-O-20260309T200000Z,COINUSDT,O,,,NYSE:2026-03-09T20:00:00+00:00:2026-03-10T06:00:00+00:00,2026-03-09T20:00:00+00:00,2026-03-10T06:00:00+00:00,2026-03-09T20:00:00+00:00,2026-03-09T22:59:59.999000+00:00,2026-03-09T23:00:00+00:00,2026-03-10T05:59:59.999000+00:00,40620,41220,600,180,420,600.0,2026-03,RESEARCH_DEVELOPMENT,LISTING_DAYS_15_30,SKIPPED,OVERLAPS_FROZEN_RANDOM_WINDOW,0
COINUSDT-O-20260310T200000Z,COINUSDT,O,,,NYSE:2026-03-10T20:00:00+00:00:2026-03-11T06:00:00+00:00,2026-03-10T20:00:00+00:00,2026-03-11T06:00:00+00:00,2026-03-10T20:00:00+00:00,2026-03-10T22:59:59.999000+00:00,2026-03-10T23:00:00+00:00,2026-03-11T05:59:59.999000+00:00,42060,42660,600,180,420,600.0,2026-03,RESEARCH_DEVELOPMENT,LISTING_DAYS_15_30,SKIPPED,OVERLAPS_FROZEN_RANDOM_WINDOW,0
COINUSDT-O-20260311T200000Z,COINUSDT,O,,,NYSE:2026-03-11T20:00:00+00:00:2026-03-12T06:00:00+00:00,2026-03-11T20:00:00+00:00,2026-03-12T06:00:00+00:00,2026-03-11T20:00:00+00:00,2026-03-11T22:59:59.999000+00:00,2026-03-11T23:00:00+00:00,2026-03-12T05:59:59.999000+00:00,43500,44100,600,180,420,600.0,2026-03,RESEARCH_DEVELOPMENT,LISTING_AFTER_30_DAYS,SKIPPED,OVERLAPS_FROZEN_RANDOM_WINDOW,0
COINUSDT-O-20260312T200000Z,COINUSDT,O,,,NYSE:2026-03-12T20:00:00+00:00:2026-03-13T06:00:00+00:00,2026-03-12T20:00:00+00:00,2026-03-13T06:00:00+00:00,2026-03-12T20:00:00+00:00,2026-03-12T22:59:59.999000+00:00,2026-03-12T23:00:00+00:00,2026-03-13T05:59:59.999000+00:00,44940,45540,600,180,420,600.0,2026-03,RESEARCH_DEVELOPMENT,LISTING_AFTER_30_DAYS,SKIPPED,OVERLAPS_FROZEN_RANDOM_WINDOW,0
COINUSDT-O-20260316T200000Z,COINUSDT,O,,,NYSE:2026-03-16T20:00:00+00:00:2026-03-17T06:00:00+00:00,2026-03-16T20:00:00+00:00,2026-03-17T06:00:00+00:00,2026-03-16T20:00:00+00:00,2026-03-16T22:59:59.999000+00:00,2026-03-16T23:00:00+00:00,2026-03-17T05:59:59.999000+00:00,50700,51300,600,180,420,600.0,2026-03,RESEARCH_DEVELOPMENT,LISTING_AFTER_30_DAYS,SKIPPED,OVERLAPS_FROZEN_RANDOM_WINDOW,0
COINUSDT-O-20260317T200000Z,COINUSDT,O,,,NYSE:2026-03-17T20:00:00+00:00:2026-03-18T06:00:00+00:00,2026-03-17T20:00:00+00:00,2026-03-18T06:00:00+00:00,2026-03-17T20:00:00+00:00,2026-03-17T22:59:59.999000+00:00,2026-03-17T23:00:00+00:00,2026-03-18T05:59:59.999000+00:00,52140,52740,600,180,420,600.0,2026-03,RESEARCH_DEVELOPMENT,LISTING_AFTER_30_DAYS,SKIPPED,OVERLAPS_FROZEN_RANDOM_WINDOW,0
COINUSDT-O-20260318T200000Z,COINUSDT,O,,,NYSE:2026-03-18T20:00:00+00:00:2026-03-19T06:00:00+00:00,2026-03-18T20:00:00+00:00,2026-03-19T06:00:00+00:00,2026-03-18T20:00:00+00:00,2026-03-18T22:59:59.999000+00:00,2026-03-18T23:00:00+00:00,2026-03-19T05:59:59.999000+00:00,53580,54180,600,180,420,600.0,2026-03,RESEARCH_DEVELOPMENT,LISTING_AFTER_30_DAYS,SKIPPED,OVERLAPS_FROZEN_RANDOM_WINDOW,0
COINUSDT-O-20260319T200000Z,COINUSDT,O,,,NYSE:2026-03-19T20:00:00+00:00:2026-03-20T06:00:00+00:00,2026-03-19T20:00:00+00:00,2026-03-20T06:00:00+00:00,2026-03-19T20:00:00+00:00,2026-03-19T22:59:59.999000+00:00,2026-03-19T23:00:00+00:00,2026-03-20T05:59:59.999000+00:00,55020,55620,600,180,420,600.0,2026-03,RESEARCH_DEVELOPMENT,LISTING_AFTER_30_DAYS,SKIPPED,OVERLAPS_FROZEN_RANDOM_WINDOW,0
COINUSDT-O-20260323T200000Z,COINUSDT,O,,,NYSE:2026-03-23T20:00:00+00:00:2026-03-24T06:00:00+00:00,2026-03-23T20:00:00+00:00,2026-03-24T06:00:00+00:00,2026-03-23T20:00:00+00:00,2026-03-23T22:59:59.999000+00:00,2026-03-23T23:00:00+00:00,2026-03-24T05:59:59.999000+00:00,60780,61380,600,180,420,600.0,2026-03,RESEARCH_DEVELOPMENT,LISTING_AFTER_30_DAYS,SKIPPED,OVERLAPS_FROZEN_RANDOM_WINDOW,0
COINUSDT-O-20260324T200000Z,COINUSDT,O,,,NYSE:2026-03-24T20:00:00+00:00:2026-03-25T06:00:00+00:00,2026-03-24T20:00:00+00:00,2026-03-25T06:00:00+00:00,2026-03-24T20:00:00+00:00,2026-03-24T22:59:59.999000+00:00,2026-03-24T23:00:00+00:00,2026-03-25T05:59:59.999000+00:00,62220,62820,600,180,420,600.0,2026-03,RESEARCH_DEVELOPMENT,LISTING_AFTER_30_DAYS,SKIPPED,OVERLAPS_FROZEN_RANDOM_WINDOW,0
COINUSDT-O-20260325T200000Z,COINUSDT,O,,,NYSE:2026-03-25T20:00:00+00:00:2026-03-26T06:00:00+00:00,2026-03-25T20:00:00+00:00,2026-03-26T06:00:00+00:00,2026-03-25T20:00:00+00:00,2026-03-25T22:59:59.999000+00:00,2026-03-25T23:00:00+00:00,2026-03-26T05:59:59.999000+00:00,63660,64260,600,180,420,600.0,2026-03,RESEARCH_DEVELOPMENT,LISTING_AFTER_30_DAYS,SKIPPED,OVERLAPS_FROZEN_RANDOM_WINDOW,0
COINUSDT-O-20260326T200000Z,COINUSDT,O,,,NYSE:2026-03-26T20:00:00+00:00:2026-03-27T06:00:00+00:00,2026-03-26T20:00:00+00:00,2026-03-27T06:00:00+00:00,2026-03-26T20:00:00+00:00,2026-03-26T22:59:59.999000+00:00,2026-03-26T23:00:00+00:00,2026-03-27T05:59:59.999000+00:00,65100,65700,600,180,420,600.0,2026-03,RESEARCH_DEVELOPMENT,LISTING_AFTER_30_DAYS,SKIPPED,OVERLAPS_FROZEN_RANDOM_WINDOW,0
COINUSDT-O-20260330T200000Z,COINUSDT,O,,,NYSE:2026-03-30T20:00:00+00:00:2026-03-31T06:00:00+00:00,2026-03-30T20:00:00+00:00,2026-03-31T06:00:00+00:00,2026-03-30T20:00:00+00:00,2026-03-30T22:59:59.999000+00:00,2026-03-30T23:00:00+00:00,2026-03-31T05:59:59.999000+00:00,70860,71460,600,180,420,600.0,2026-03,RESEARCH_DEVELOPMENT,LISTING_AFTER_30_DAYS,SKIPPED,OVERLAPS_FROZEN_RANDOM_WINDOW,0
COINUSDT-O-20260331T200000Z,COINUSDT,O,,,NYSE:2026-03-31T20:00:00+00:00:2026-04-01T06:00:00+00:00,2026-03-31T20:00:00+00:00,2026-04-01T06:00:00+00:00,2026-03-31T20:00:00+00:00,2026-03-31T22:59:59.999000+00:00,2026-03-31T23:00:00+00:00,2026-04-01T05:59:59.999000+00:00,72300,72900,600,180,420,600.0,2026-03,RESEARCH_DEVELOPMENT,LISTING_AFTER_30_DAYS,SKIPPED,OVERLAPS_FROZEN_RANDOM_WINDOW,0
COINUSDT-O-20260401T200000Z,COINUSDT,O,,,NYSE:2026-04-01T20:00:00+00:00:2026-04-02T06:00:00+00:00,2026-04-01T20:00:00+00:00,2026-04-02T06:00:00+00:00,2026-04-01T20:00:00+00:00,2026-04-01T22:59:59.999000+00:00,2026-04-01T23:00:00+00:00,2026-04-02T05:59:59.999000+00:00,73740,74340,600,180,420,600.0,2026-04,RESEARCH_DEVELOPMENT,LISTING_AFTER_30_DAYS,SKIPPED,OVERLAPS_FROZEN_RANDOM_WINDOW,0
COINUSDT-O-20260406T200000Z,COINUSDT,O,,,NYSE:2026-04-06T20:00:00+00:00:2026-04-07T06:00:00+00:00,2026-04-06T20:00:00+00:00,2026-04-07T06:00:00+00:00,2026-04-06T20:00:00+00:00,2026-04-06T22:59:59.999000+00:00,2026-04-06T23:00:00+00:00,2026-04-07T05:59:59.999000+00:00,80940,81540,600,180,420,600.0,2026-04,RESEARCH_DEVELOPMENT,LISTING_AFTER_30_DAYS,SKIPPED,OVERLAPS_FROZEN_RANDOM_WINDOW,0
COINUSDT-O-20260407T200000Z,COINUSDT,O,,,NYSE:2026-04-07T20:00:00+00:00:2026-04-08T06:00:00+00:00,2026-04-07T20:00:00+00:00,2026-04-08T06:00:00+00:00,2026-04-07T20:00:00+00:00,2026-04-07T22:59:59.999000+00:00,2026-04-07T23:00:00+00:00,2026-04-08T05:59:59.999000+00:00,82380,82980,600,180,420,600.0,2026-04,RESEARCH_DEVELOPMENT,LISTING_AFTER_30_DAYS,SKIPPED,OVERLAPS_FROZEN_RANDOM_WINDOW,0
COINUSDT-O-20260408T200000Z,COINUSDT,O,,,NYSE:2026-04-08T20:00:00+00:00:2026-04-09T06:00:00+00:00,2026-04-08T20:00:00+00:00,2026-04-09T06:00:00+00:00,2026-04-08T20:00:00+00:00,2026-04-08T22:59:59.999000+00:00,2026-04-08T23:00:00+00:00,2026-04-09T05:59:59.999000+00:00,83820,84420,600,180,420,600.0,2026-04,RESEARCH_DEVELOPMENT,LISTING_AFTER_30_DAYS,SKIPPED,OVERLAPS_FROZEN_RANDOM_WINDOW,0
COINUSDT-O-20260409T200000Z,COINUSDT,O,,,NYSE:2026-04-09T20:00:00+00:00:2026-04-10T06:00:00+00:00,2026-04-09T20:00:00+00:00,2026-04-10T06:00:00+00:00,2026-04-09T20:00:00+00:00,2026-04-09T22:59:59.999000+00:00,2026-04-09T23:00:00+00:00,2026-04-10T05:59:59.999000+00:00,85260,85860,600,180,420,600.0,2026-04,RESEARCH_DEVELOPMENT,LISTING_AFTER_30_DAYS,SKIPPED,OVERLAPS_FROZEN_RANDOM_WINDOW,0
COINUSDT-O-20260413T200000Z,COINUSDT,O,,,NYSE:2026-04-13T20:00:00+00:00:2026-04-14T06:00:00+00:00,2026-04-13T20:00:00+00:00,2026-04-14T06:00:00+00:00,2026-04-13T20:00:00+00:00,2026-04-13T22:59:59.999000+00:00,2026-04-13T23:00:00+00:00,2026-04-14T05:59:59.999000+00:00,91020,91620,600,180,420,600.0,2026-04,RESEARCH_DEVELOPMENT,LISTING_AFTER_30_DAYS,SKIPPED,OVERLAPS_FROZEN_RANDOM_WINDOW,0
COINUSDT-O-20260414T200000Z,COINUSDT,O,,,NYSE:2026-04-14T20:00:00+00:00:2026-04-15T06:00:00+00:00,2026-04-14T20:00:00+00:00,2026-04-15T06:00:00+00:00,2026-04-14T20:00:00+00:00,2026-04-14T22:59:59.999000+00:00,2026-04-14T23:00:00+00:00,2026-04-15T05:59:59.999000+00:00,92460,93060,600,180,420,600.0,2026-04,RESEARCH_DEVELOPMENT,LISTING_AFTER_30_DAYS,SKIPPED,OVERLAPS_FROZEN_RANDOM_WINDOW,0
COINUSDT-O-20260415T200000Z,COINUSDT,O,,,NYSE:2026-04-15T20:00:00+00:00:2026-04-16T06:00:00+00:00,2026-04-15T20:00:00+00:00,2026-04-16T06:00:00+00:00,2026-04-15T20:00:00+00:00,2026-04-15T22:59:59.999000+00:00,2026-04-15T23:00:00+00:00,2026-04-16T05:59:59.999000+00:00,93900,94500,600,180,420,600.0,2026-04,RESEARCH_DEVELOPMENT,LISTING_AFTER_30_DAYS,SKIPPED,OVERLAPS_FROZEN_RANDOM_WINDOW,0
COINUSDT-O-20260416T200000Z,COINUSDT,O,,,NYSE:2026-04-16T20:00:00+00:00:2026-04-17T06:00:00+00:00,2026-04-16T20:00:00+00:00,2026-04-17T06:00:00+00:00,2026-04-16T20:00:00+00:00,2026-04-16T22:59:59.999000+00:00,2026-04-16T23:00:00+00:00,2026-04-17T05:59:59.999000+00:00,95340,95940,600,180,420,600.0,2026-04,RESEARCH_DEVELOPMENT,LISTING_AFTER_30_DAYS,SKIPPED,OVERLAPS_FROZEN_RANDOM_WINDOW,0
COINUSDT-O-20260420T200000Z,COINUSDT,O,,,NYSE:2026-04-20T20:00:00+00:00:2026-04-21T06:00:00+00:00,2026-04-20T20:00:00+00:00,2026-04-21T06:00:00+00:00,2026-04-20T20:00:00+00:00,2026-04-20T22:59:59.999000+00:00,2026-04-20T23:00:00+00:00,2026-04-21T05:59:59.999000+00:00,101100,101700,600,180,420,600.0,2026-04,RESEARCH_DEVELOPMENT,LISTING_AFTER_30_DAYS,SKIPPED,OVERLAPS_FROZEN_RANDOM_WINDOW,0
COINUSDT-O-20260421T200000Z,COINUSDT,O,,,NYSE:2026-04-21T20:00:00+00:00:2026-04-22T06:00:00+00:00,2026-04-21T20:00:00+00:00,2026-04-22T06:00:00+00:00,2026-04-21T20:00:00+00:00,2026-04-21T22:59:59.999000+00:00,2026-04-21T23:00:00+00:00,2026-04-22T05:59:59.999000+00:00,102540,103140,600,180,420,600.0,2026-04,RESEARCH_DEVELOPMENT,LISTING_AFTER_30_DAYS,SKIPPED,OVERLAPS_FROZEN_RANDOM_WINDOW,0
COINUSDT-O-20260422T200000Z,COINUSDT,O,,,NYSE:2026-04-22T20:00:00+00:00:2026-04-23T06:00:00+00:00,2026-04-22T20:00:00+00:00,2026-04-23T06:00:00+00:00,2026-04-22T20:00:00+00:00,2026-04-22T22:59:59.999000+00:00,2026-04-22T23:00:00+00:00,2026-04-23T05:59:59.999000+00:00,103980,104580,600,180,420,600.0,2026-04,RESEARCH_DEVELOPMENT,LISTING_AFTER_30_DAYS,SKIPPED,OVERLAPS_FROZEN_RANDOM_WINDOW,0
COINUSDT-O-20260423T200000Z,COINUSDT,O,,,NYSE:2026-04-23T20:00:00+00:00:2026-04-24T06:00:00+00:00,2026-04-23T20:00:00+00:00,2026-04-24T06:00:00+00:00,2026-04-23T20:00:00+00:00,2026-04-23T22:59:59.999000+00:00,2026-04-23T23:00:00+00:00,2026-04-24T05:59:59.999000+00:00,105420,106020,600,180,420,600.0,2026-04,RESEARCH_DEVELOPMENT,LISTING_AFTER_30_DAYS,SKIPPED,OVERLAPS_FROZEN_RANDOM_WINDOW,0
COINUSDT-O-20260427T200000Z,COINUSDT,O,,,NYSE:2026-04-27T20:00:00+00:00:2026-04-28T06:00:00+00:00,2026-04-27T20:00:00+00:00,2026-04-28T06:00:00+00:00,2026-04-27T20:00:00+00:00,2026-04-27T22:59:59.999000+00:00,2026-04-27T23:00:00+00:00,2026-04-28T05:59:59.999000+00:00,111180,111780,600,180,420,600.0,2026-04,RESEARCH_DEVELOPMENT,LISTING_AFTER_30_DAYS,SKIPPED,OVERLAPS_FROZEN_RANDOM_WINDOW,0
COINUSDT-O-20260428T200000Z,COINUSDT,O,,,NYSE:2026-04-28T20:00:00+00:00:2026-04-29T06:00:00+00:00,2026-04-28T20:00:00+00:00,2026-04-29T06:00:00+00:00,2026-04-28T20:00:00+00:00,2026-04-28T22:59:59.999000+00:00,2026-04-28T23:00:00+00:00,2026-04-29T05:59:59.999000+00:00,112620,113220,600,180,420,600.0,2026-04,RESEARCH_DEVELOPMENT,LISTING_AFTER_30_DAYS,SKIPPED,OVERLAPS_FROZEN_RANDOM_WINDOW,0
COINUSDT-O-20260429T200000Z,COINUSDT,O,,,NYSE:2026-04-29T20:00:00+00:00:2026-04-30T06:00:00+00:00,2026-04-29T20:00:00+00:00,2026-04-30T06:00:00+00:00,2026-04-29T20:00:00+00:00,2026-04-29T22:59:59.999000+00:00,2026-04-29T23:00:00+00:00,2026-04-30T05:59:59.999000+00:00,114060,114660,600,180,420,600.0,2026-04,RESEARCH_DEVELOPMENT,LISTING_AFTER_30_DAYS,SKIPPED,OVERLAPS_FROZEN_RANDOM_WINDOW,0
COINUSDT-O-20260430T200000Z,COINUSDT,O,,,NYSE:2026-04-30T20:00:00+00:00:2026-05-01T06:00:00+00:00,2026-04-30T20:00:00+00:00,2026-05-01T06:00:00+00:00,2026-04-30T20:00:00+00:00,2026-04-30T22:59:59.999000+00:00,2026-04-30T23:00:00+00:00,2026-05-01T05:59:59.999000+00:00,115500,116100,600,180,420,600.0,2026-04,RESEARCH_DEVELOPMENT,LISTING_AFTER_30_DAYS,SKIPPED,OVERLAPS_FROZEN_RANDOM_WINDOW,0
COINUSDT-O-20260504T200000Z,COINUSDT,O,,,NYSE:2026-05-04T20:00:00+00:00:2026-05-05T06:00:00+00:00,2026-05-04T20:00:00+00:00,2026-05-05T06:00:00+00:00,2026-05-04T20:00:00+00:00,2026-05-04T22:59:59.999000+00:00,2026-05-04T23:00:00+00:00,2026-05-05T05:59:59.999000+00:00,121260,121860,600,180,420,600.0,2026-05,RESEARCH_DEVELOPMENT,LISTING_AFTER_30_DAYS,SKIPPED,OVERLAPS_FROZEN_RANDOM_WINDOW,0
COINUSDT-O-20260505T200000Z,COINUSDT,O,,,NYSE:2026-05-05T20:00:00+00:00:2026-05-06T06:00:00+00:00,2026-05-05T20:00:00+00:00,2026-05-06T06:00:00+00:00,2026-05-05T20:00:00+00:00,2026-05-05T22:59:59.999000+00:00,2026-05-05T23:00:00+00:00,2026-05-06T05:59:59.999000+00:00,122700,123300,600,180,420,600.0,2026-05,RESEARCH_DEVELOPMENT,LISTING_AFTER_30_DAYS,SKIPPED,OVERLAPS_FROZEN_RANDOM_WINDOW,0
COINUSDT-O-20260506T200000Z,COINUSDT,O,,,NYSE:2026-05-06T20:00:00+00:00:2026-05-07T06:00:00+00:00,2026-05-06T20:00:00+00:00,2026-05-07T06:00:00+00:00,2026-05-06T20:00:00+00:00,2026-05-06T22:59:59.999000+00:00,2026-05-06T23:00:00+00:00,2026-05-07T05:59:59.999000+00:00,124140,124740,600,180,420,600.0,2026-05,RESEARCH_DEVELOPMENT,LISTING_AFTER_30_DAYS,SKIPPED,OVERLAPS_FROZEN_RANDOM_WINDOW,0
COINUSDT-O-20260507T200000Z,COINUSDT,O,,,NYSE:2026-05-07T20:00:00+00:00:2026-05-08T06:00:00+00:00,2026-05-07T20:00:00+00:00,2026-05-08T06:00:00+00:00,2026-05-07T20:00:00+00:00,2026-05-07T22:59:59.999000+00:00,2026-05-07T23:00:00+00:00,2026-05-08T05:59:59.999000+00:00,125580,126180,600,180,420,600.0,2026-05,RESEARCH_DEVELOPMENT,LISTING_AFTER_30_DAYS,SKIPPED,OVERLAPS_FROZEN_RANDOM_WINDOW,0
COINUSDT-O-20260511T200000Z,COINUSDT,O,,,NYSE:2026-05-11T20:00:00+00:00:2026-05-12T06:00:00+00:00,2026-05-11T20:00:00+00:00,2026-05-12T06:00:00+00:00,2026-05-11T20:00:00+00:00,2026-05-11T22:59:59.999000+00:00,2026-05-11T23:00:00+00:00,2026-05-12T05:59:59.999000+00:00,131340,131940,600,180,420,600.0,2026-05,RESEARCH_DEVELOPMENT,LISTING_AFTER_30_DAYS,SKIPPED,OVERLAPS_FROZEN_RANDOM_WINDOW,0
COINUSDT-O-20260512T200000Z,COINUSDT,O,,,NYSE:2026-05-12T20:00:00+00:00:2026-05-13T06:00:00+00:00,2026-05-12T20:00:00+00:00,2026-05-13T06:00:00+00:00,2026-05-12T20:00:00+00:00,2026-05-12T22:59:59.999000+00:00,2026-05-12T23:00:00+00:00,2026-05-13T05:59:59.999000+00:00,132780,133380,600,180,420,600.0,2026-05,RESEARCH_DEVELOPMENT,LISTING_AFTER_30_DAYS,SKIPPED,OVERLAPS_FROZEN_RANDOM_WINDOW,0
COINUSDT-O-20260513T200000Z,COINUSDT,O,,,NYSE:2026-05-13T20:00:00+00:00:2026-05-14T06:00:00+00:00,2026-05-13T20:00:00+00:00,2026-05-14T06:00:00+00:00,2026-05-13T20:00:00+00:00,2026-05-13T22:59:59.999000+00:00,2026-05-13T23:00:00+00:00,2026-05-14T05:59:59.999000+00:00,134220,134820,600,180,420,600.0,2026-05,RESEARCH_DEVELOPMENT,LISTING_AFTER_30_DAYS,SKIPPED,OVERLAPS_FROZEN_RANDOM_WINDOW,0
COINUSDT-O-20260514T200000Z,COINUSDT,O,,,NYSE:2026-05-14T20:00:00+00:00:2026-05-15T06:00:00+00:00,2026-05-14T20:00:00+00:00,2026-05-15T06:00:00+00:00,2026-05-14T20:00:00+00:00,2026-05-14T22:59:59.999000+00:00,2026-05-14T23:00:00+00:00,2026-05-15T05:59:59.999000+00:00,135660,136260,600,180,420,600.0,2026-05,RESEARCH_DEVELOPMENT,LISTING_AFTER_30_DAYS,SKIPPED,OVERLAPS_FROZEN_RANDOM_WINDOW,0
COINUSDT-O-20260518T200000Z,COINUSDT,O,,,NYSE:2026-05-18T20:00:00+00:00:2026-05-19T06:00:00+00:00,2026-05-18T20:00:00+00:00,2026-05-19T06:00:00+00:00,2026-05-18T20:00:00+00:00,2026-05-18T22:59:59.999000+00:00,2026-05-18T23:00:00+00:00,2026-05-19T05:59:59.999000+00:00,141420,142020,600,180,420,600.0,2026-05,RESEARCH_DEVELOPMENT,LISTING_AFTER_30_DAYS,SKIPPED,OVERLAPS_FROZEN_RANDOM_WINDOW,0
COINUSDT-O-20260519T200000Z,COINUSDT,O,,,NYSE:2026-05-19T20:00:00+00:00:2026-05-20T06:00:00+00:00,2026-05-19T20:00:00+00:00,2026-05-20T06:00:00+00:00,2026-05-19T20:00:00+00:00,2026-05-19T22:59:59.999000+00:00,2026-05-19T23:00:00+00:00,2026-05-20T05:59:59.999000+00:00,142860,143460,600,180,420,600.0,2026-05,RESEARCH_DEVELOPMENT,LISTING_AFTER_30_DAYS,SKIPPED,OVERLAPS_FROZEN_RANDOM_WINDOW,0
COINUSDT-O-20260520T200000Z,COINUSDT,O,,,NYSE:2026-05-20T20:00:00+00:00:2026-05-21T06:00:00+00:00,2026-05-20T20:00:00+00:00,2026-05-21T06:00:00+00:00,2026-05-20T20:00:00+00:00,2026-05-20T22:59:59.999000+00:00,2026-05-20T23:00:00+00:00,2026-05-21T05:59:59.999000+00:00,144300,144900,600,180,420,600.0,2026-05,RESEARCH_DEVELOPMENT,LISTING_AFTER_30_DAYS,SKIPPED,OVERLAPS_FROZEN_RANDOM_WINDOW,0
COINUSDT-O-20260521T200000Z,COINUSDT,O,,,NYSE:2026-05-21T20:00:00+00:00:2026-05-22T06:00:00+00:00,2026-05-21T20:00:00+00:00,2026-05-22T06:00:00+00:00,2026-05-21T20:00:00+00:00,2026-05-21T22:59:59.999000+00:00,2026-05-21T23:00:00+00:00,2026-05-22T05:59:59.999000+00:00,145740,146340,600,180,420,600.0,2026-05,RESEARCH_DEVELOPMENT,LISTING_AFTER_30_DAYS,SKIPPED,OVERLAPS_FROZEN_RANDOM_WINDOW,0
COINUSDT-O-20260526T200000Z,COINUSDT,O,,,NYSE:2026-05-26T20:00:00+00:00:2026-05-27T06:00:00+00:00,2026-05-26T20:00:00+00:00,2026-05-27T06:00:00+00:00,2026-05-26T20:00:00+00:00,2026-05-26T22:59:59.999000+00:00,2026-05-26T23:00:00+00:00,2026-05-27T05:59:59.999000+00:00,152940,153540,600,180,420,600.0,2026-05,RESEARCH_DEVELOPMENT,LISTING_AFTER_30_DAYS,SKIPPED,OVERLAPS_FROZEN_RANDOM_WINDOW,0
COINUSDT-O-20260527T200000Z,COINUSDT,O,,,NYSE:2026-05-27T20:00:00+00:00:2026-05-28T06:00:00+00:00,2026-05-27T20:00:00+00:00,2026-05-28T06:00:00+00:00,2026-05-27T20:00:00+00:00,2026-05-27T22:59:59.999000+00:00,2026-05-27T23:00:00+00:00,2026-05-28T05:59:59.999000+00:00,154380,154980,600,180,420,600.0,2026-05,RESEARCH_DEVELOPMENT,LISTING_AFTER_30_DAYS,SKIPPED,OVERLAPS_FROZEN_RANDOM_WINDOW,0
COINUSDT-O-20260528T200000Z,COINUSDT,O,,,NYSE:2026-05-28T20:00:00+00:00:2026-05-29T06:00:00+00:00,2026-05-28T20:00:00+00:00,2026-05-29T06:00:00+00:00,2026-05-28T20:00:00+00:00,2026-05-28T22:59:59.999000+00:00,2026-05-28T23:00:00+00:00,2026-05-29T05:59:59.999000+00:00,155820,156420,600,180,420,600.0,2026-05,RESEARCH_DEVELOPMENT,LISTING_AFTER_30_DAYS,SKIPPED,OVERLAPS_FROZEN_RANDOM_WINDOW,0
COINUSDT-O-20260601T200000Z,COINUSDT,O,,,NYSE:2026-06-01T20:00:00+00:00:2026-06-02T06:00:00+00:00,2026-06-01T20:00:00+00:00,2026-06-02T06:00:00+00:00,2026-06-01T20:00:00+00:00,2026-06-01T22:59:59.999000+00:00,2026-06-01T23:00:00+00:00,2026-06-02T05:59:59.999000+00:00,161580,162180,600,180,420,600.0,2026-06,SEALED_SHORT_OOS,LISTING_AFTER_30_DAYS,SKIPPED,OVERLAPS_FROZEN_RANDOM_WINDOW,0
COINUSDT-O-20260602T200000Z,COINUSDT,O,,,NYSE:2026-06-02T20:00:00+00:00:2026-06-03T06:00:00+00:00,2026-06-02T20:00:00+00:00,2026-06-03T06:00:00+00:00,2026-06-02T20:00:00+00:00,2026-06-02T22:59:59.999000+00:00,2026-06-02T23:00:00+00:00,2026-06-03T05:59:59.999000+00:00,163020,163620,600,180,420,600.0,2026-06,SEALED_SHORT_OOS,LISTING_AFTER_30_DAYS,SKIPPED,OVERLAPS_FROZEN_RANDOM_WINDOW,0
COINUSDT-O-20260603T200000Z,COINUSDT,O,,,NYSE:2026-06-03T20:00:00+00:00:2026-06-04T06:00:00+00:00,2026-06-03T20:00:00+00:00,2026-06-04T06:00:00+00:00,2026-06-03T20:00:00+00:00,2026-06-03T22:59:59.999000+00:00,2026-06-03T23:00:00+00:00,2026-06-04T05:59:59.999000+00:00,164460,165060,600,180,420,600.0,2026-06,SEALED_SHORT_OOS,LISTING_AFTER_30_DAYS,SKIPPED,OVERLAPS_FROZEN_RANDOM_WINDOW,0
COINUSDT-O-20260604T200000Z,COINUSDT,O,,,NYSE:2026-06-04T20:00:00+00:00:2026-06-05T06:00:00+00:00,2026-06-04T20:00:00+00:00,2026-06-05T06:00:00+00:00,2026-06-04T20:00:00+00:00,2026-06-04T22:59:59.999000+00:00,2026-06-04T23:00:00+00:00,2026-06-05T05:59:59.999000+00:00,165900,166500,600,180,420,600.0,2026-06,SEALED_SHORT_OOS,LISTING_AFTER_30_DAYS,SKIPPED,OVERLAPS_FROZEN_RANDOM_WINDOW,0
COINUSDT-O-20260608T200000Z,COINUSDT,O,,,NYSE:2026-06-08T20:00:00+00:00:2026-06-09T06:00:00+00:00,2026-06-08T20:00:00+00:00,2026-06-09T06:00:00+00:00,2026-06-08T20:00:00+00:00,2026-06-08T22:59:59.999000+00:00,2026-06-08T23:00:00+00:00,2026-06-09T05:59:59.999000+00:00,171660,172260,600,180,420,600.0,2026-06,SEALED_SHORT_OOS,LISTING_AFTER_30_DAYS,SKIPPED,OVERLAPS_FROZEN_RANDOM_WINDOW,0
COINUSDT-O-20260609T200000Z,COINUSDT,O,,,NYSE:2026-06-09T20:00:00+00:00:2026-06-10T06:00:00+00:00,2026-06-09T20:00:00+00:00,2026-06-10T06:00:00+00:00,2026-06-09T20:00:00+00:00,2026-06-09T22:59:59.999000+00:00,2026-06-09T23:00:00+00:00,2026-06-10T05:59:59.999000+00:00,173100,173700,600,180,420,600.0,2026-06,SEALED_SHORT_OOS,LISTING_AFTER_30_DAYS,SKIPPED,OVERLAPS_FROZEN_RANDOM_WINDOW,0
COINUSDT-O-20260610T200000Z,COINUSDT,O,,,NYSE:2026-06-10T20:00:00+00:00:2026-06-11T06:00:00+00:00,2026-06-10T20:00:00+00:00,2026-06-11T06:00:00+00:00,2026-06-10T20:00:00+00:00,2026-06-10T22:59:59.999000+00:00,2026-06-10T23:00:00+00:00,2026-06-11T05:59:59.999000+00:00,174540,175140,600,180,420,600.0,2026-06,SEALED_SHORT_OOS,LISTING_AFTER_30_DAYS,SKIPPED,OVERLAPS_FROZEN_RANDOM_WINDOW,0
COINUSDT-O-20260611T200000Z,COINUSDT,O,,,NYSE:2026-06-11T20:00:00+00:00:2026-06-12T06:00:00+00:00,2026-06-11T20:00:00+00:00,2026-06-12T06:00:00+00:00,2026-06-11T20:00:00+00:00,2026-06-11T22:59:59.999000+00:00,2026-06-11T23:00:00+00:00,2026-06-12T05:59:59.999000+00:00,175980,176580,600,180,420,600.0,2026-06,SEALED_SHORT_OOS,LISTING_AFTER_30_DAYS,SKIPPED,OVERLAPS_FROZEN_RANDOM_WINDOW,0
COINUSDT-O-20260615T200000Z,COINUSDT,O,,,NYSE:2026-06-15T20:00:00+00:00:2026-06-16T06:00:00+00:00,2026-06-15T20:00:00+00:00,2026-06-16T06:00:00+00:00,2026-06-15T20:00:00+00:00,2026-06-15T22:59:59.999000+00:00,2026-06-15T23:00:00+00:00,2026-06-16T05:59:59.999000+00:00,181740,182340,600,180,420,600.0,2026-06,SEALED_SHORT_OOS,LISTING_AFTER_30_DAYS,SKIPPED,OVERLAPS_FROZEN_RANDOM_WINDOW,0
COINUSDT-O-20260616T200000Z,COINUSDT,O,,,NYSE:2026-06-16T20:00:00+00:00:2026-06-17T06:00:00+00:00,2026-06-16T20:00:00+00:00,2026-06-17T06:00:00+00:00,2026-06-16T20:00:00+00:00,2026-06-16T22:59:59.999000+00:00,2026-06-16T23:00:00+00:00,2026-06-17T05:59:59.999000+00:00,183180,183780,600,180,420,600.0,2026-06,SEALED_SHORT_OOS,LISTING_AFTER_30_DAYS,SKIPPED,OVERLAPS_FROZEN_RANDOM_WINDOW,0
COINUSDT-O-20260617T200000Z,COINUSDT,O,,,NYSE:2026-06-17T20:00:00+00:00:2026-06-18T06:00:00+00:00,2026-06-17T20:00:00+00:00,2026-06-18T06:00:00+00:00,2026-06-17T20:00:00+00:00,2026-06-17T22:59:59.999000+00:00,2026-06-17T23:00:00+00:00,2026-06-18T05:59:59.999000+00:00,184620,185220,600,180,420,600.0,2026-06,SEALED_SHORT_OOS,LISTING_AFTER_30_DAYS,SKIPPED,OVERLAPS_FROZEN_RANDOM_WINDOW,0
COINUSDT-O-20260622T200000Z,COINUSDT,O,,,NYSE:2026-06-22T20:00:00+00:00:2026-06-23T06:00:00+00:00,2026-06-22T20:00:00+00:00,2026-06-23T06:00:00+00:00,2026-06-22T20:00:00+00:00,2026-06-22T22:59:59.999000+00:00,2026-06-22T23:00:00+00:00,2026-06-23T05:59:59.999000+00:00,191820,192420,600,180,420,600.0,2026-06,SEALED_SHORT_OOS,LISTING_AFTER_30_DAYS,SKIPPED,OVERLAPS_FROZEN_RANDOM_WINDOW,0
COINUSDT-O-20260623T200000Z,COINUSDT,O,,,NYSE:2026-06-23T20:00:00+00:00:2026-06-24T06:00:00+00:00,2026-06-23T20:00:00+00:00,2026-06-24T06:00:00+00:00,2026-06-23T20:00:00+00:00,2026-06-23T22:59:59.999000+00:00,2026-06-23T23:00:00+00:00,2026-06-24T05:59:59.999000+00:00,193260,193860,600,180,420,600.0,2026-06,SEALED_SHORT_OOS,LISTING_AFTER_30_DAYS,SKIPPED,OVERLAPS_FROZEN_RANDOM_WINDOW,0
COINUSDT-O-20260624T200000Z,COINUSDT,O,,,NYSE:2026-06-24T20:00:00+00:00:2026-06-25T06:00:00+00:00,2026-06-24T20:00:00+00:00,2026-06-25T06:00:00+00:00,2026-06-24T20:00:00+00:00,2026-06-24T22:59:59.999000+00:00,2026-06-24T23:00:00+00:00,2026-06-25T05:59:59.999000+00:00,194700,195300,600,180,420,600.0,2026-06,SEALED_SHORT_OOS,LISTING_AFTER_30_DAYS,SKIPPED,OVERLAPS_FROZEN_RANDOM_WINDOW,0
COINUSDT-O-20260625T200000Z,COINUSDT,O,,,NYSE:2026-06-25T20:00:00+00:00:2026-06-26T06:00:00+00:00,2026-06-25T20:00:00+00:00,2026-06-26T06:00:00+00:00,2026-06-25T20:00:00+00:00,2026-06-25T22:59:59.999000+00:00,2026-06-25T23:00:00+00:00,2026-06-26T05:59:59.999000+00:00,196140,196740,600,180,420,600.0,2026-06,SEALED_SHORT_OOS,LISTING_AFTER_30_DAYS,SKIPPED,OVERLAPS_FROZEN_RANDOM_WINDOW,0
COINUSDT-O-20260629T200000Z,COINUSDT,O,,,NYSE:2026-06-29T20:00:00+00:00:2026-06-30T06:00:00+00:00,2026-06-29T20:00:00+00:00,2026-06-30T06:00:00+00:00,2026-06-29T20:00:00+00:00,2026-06-29T22:59:59.999000+00:00,2026-06-29T23:00:00+00:00,2026-06-30T05:59:59.999000+00:00,201900,202500,600,180,420,600.0,2026-06,SEALED_SHORT_OOS,LISTING_AFTER_30_DAYS,SKIPPED,OVERLAPS_FROZEN_RANDOM_WINDOW,0
COINUSDT-O-20260630T200000Z,COINUSDT,O,,,NYSE:2026-06-30T20:00:00+00:00:2026-07-01T06:00:00+00:00,2026-06-30T20:00:00+00:00,2026-07-01T06:00:00+00:00,2026-06-30T20:00:00+00:00,2026-06-30T22:59:59.999000+00:00,2026-06-30T23:00:00+00:00,2026-07-01T05:59:59.999000+00:00,203340,203940,600,180,420,600.0,2026-06,SEALED_SHORT_OOS,LISTING_AFTER_30_DAYS,SKIPPED,OVERLAPS_FROZEN_RANDOM_WINDOW,0
COINUSDT-O-20260701T200000Z,COINUSDT,O,,,NYSE:2026-07-01T20:00:00+00:00:2026-07-02T06:00:00+00:00,2026-07-01T20:00:00+00:00,2026-07-02T06:00:00+00:00,2026-07-01T20:00:00+00:00,2026-07-01T22:59:59.999000+00:00,2026-07-01T23:00:00+00:00,2026-07-02T05:59:59.999000+00:00,204780,205380,600,180,420,600.0,2026-07,DESCRIPTIVE_ONLY,LISTING_AFTER_30_DAYS,SKIPPED,OVERLAPS_FROZEN_RANDOM_WINDOW,0
COINUSDT-O-20260706T200000Z,COINUSDT,O,,,NYSE:2026-07-06T20:00:00+00:00:2026-07-07T06:00:00+00:00,2026-07-06T20:00:00+00:00,2026-07-07T06:00:00+00:00,2026-07-06T20:00:00+00:00,2026-07-06T22:59:59.999000+00:00,2026-07-06T23:00:00+00:00,2026-07-07T05:59:59.999000+00:00,211980,212580,600,180,420,600.0,2026-07,DESCRIPTIVE_ONLY,LISTING_AFTER_30_DAYS,SKIPPED,OVERLAPS_FROZEN_RANDOM_WINDOW,0
COINUSDT-O-20260707T200000Z,COINUSDT,O,,,NYSE:2026-07-07T20:00:00+00:00:2026-07-08T06:00:00+00:00,2026-07-07T20:00:00+00:00,2026-07-08T06:00:00+00:00,2026-07-07T20:00:00+00:00,2026-07-07T22:59:59.999000+00:00,2026-07-07T23:00:00+00:00,2026-07-08T05:59:59.999000+00:00,213420,214020,600,180,420,600.0,2026-07,DESCRIPTIVE_ONLY,LISTING_AFTER_30_DAYS,SKIPPED,OVERLAPS_FROZEN_RANDOM_WINDOW,0
COINUSDT-O-20260708T200000Z,COINUSDT,O,,,NYSE:2026-07-08T20:00:00+00:00:2026-07-09T06:00:00+00:00,2026-07-08T20:00:00+00:00,2026-07-09T06:00:00+00:00,2026-07-08T20:00:00+00:00,2026-07-08T22:59:59.999000+00:00,2026-07-08T23:00:00+00:00,2026-07-09T05:59:59.999000+00:00,214860,215460,600,180,420,600.0,2026-07,DESCRIPTIVE_ONLY,LISTING_AFTER_30_DAYS,SKIPPED,OVERLAPS_FROZEN_RANDOM_WINDOW,0
COINUSDT-O-20260709T200000Z,COINUSDT,O,,,NYSE:2026-07-09T20:00:00+00:00:2026-07-10T06:00:00+00:00,2026-07-09T20:00:00+00:00,2026-07-10T06:00:00+00:00,2026-07-09T20:00:00+00:00,2026-07-09T22:59:59.999000+00:00,2026-07-09T23:00:00+00:00,2026-07-10T05:59:59.999000+00:00,216300,216900,600,180,420,600.0,2026-07,DESCRIPTIVE_ONLY,LISTING_AFTER_30_DAYS,SKIPPED,OVERLAPS_FROZEN_RANDOM_WINDOW,0
COINUSDT-O-20260713T200000Z,COINUSDT,O,,,NYSE:2026-07-13T20:00:00+00:00:2026-07-14T06:00:00+00:00,2026-07-13T20:00:00+00:00,2026-07-14T06:00:00+00:00,2026-07-13T20:00:00+00:00,2026-07-13T22:59:59.999000+00:00,2026-07-13T23:00:00+00:00,2026-07-14T05:59:59.999000+00:00,222060,222660,600,180,420,600.0,2026-07,DESCRIPTIVE_ONLY,LISTING_AFTER_30_DAYS,SKIPPED,OVERLAPS_FROZEN_RANDOM_WINDOW,0
COINUSDT-O-20260714T200000Z,COINUSDT,O,,,NYSE:2026-07-14T20:00:00+00:00:2026-07-15T06:00:00+00:00,2026-07-14T20:00:00+00:00,2026-07-15T06:00:00+00:00,2026-07-14T20:00:00+00:00,2026-07-14T22:59:59.999000+00:00,2026-07-14T23:00:00+00:00,2026-07-15T05:59:59.999000+00:00,223500,224100,600,180,420,600.0,2026-07,DESCRIPTIVE_ONLY,LISTING_AFTER_30_DAYS,SKIPPED,OVERLAPS_FROZEN_RANDOM_WINDOW,0
COINUSDT-O-20260715T200000Z,COINUSDT,O,,,NYSE:2026-07-15T20:00:00+00:00:2026-07-16T06:00:00+00:00,2026-07-15T20:00:00+00:00,2026-07-16T06:00:00+00:00,2026-07-15T20:00:00+00:00,2026-07-15T22:59:59.999000+00:00,2026-07-15T23:00:00+00:00,2026-07-16T05:59:59.999000+00:00,224940,225540,600,180,420,600.0,2026-07,DESCRIPTIVE_ONLY,LISTING_AFTER_30_DAYS,SKIPPED,OVERLAPS_FROZEN_RANDOM_WINDOW,0
COINUSDT-O-20260716T200000Z,COINUSDT,O,,,NYSE:2026-07-16T20:00:00+00:00:2026-07-17T06:00:00+00:00,2026-07-16T20:00:00+00:00,2026-07-17T06:00:00+00:00,2026-07-16T20:00:00+00:00,2026-07-16T22:59:59.999000+00:00,2026-07-16T23:00:00+00:00,2026-07-17T05:59:59.999000+00:00,226380,226980,600,180,420,600.0,2026-07,DESCRIPTIVE_ONLY,LISTING_AFTER_30_DAYS,SKIPPED,OVERLAPS_FROZEN_RANDOM_WINDOW,0
COINUSDT-O-20260720T200000Z,COINUSDT,O,,,NYSE:2026-07-20T20:00:00+00:00:2026-07-21T06:00:00+00:00,2026-07-20T20:00:00+00:00,2026-07-21T06:00:00+00:00,2026-07-20T20:00:00+00:00,2026-07-20T22:59:59.999000+00:00,2026-07-20T23:00:00+00:00,2026-07-21T05:59:59.999000+00:00,232140,232740,600,180,420,600.0,2026-07,DESCRIPTIVE_ONLY,LISTING_AFTER_30_DAYS,SKIPPED,OVERLAPS_FROZEN_RANDOM_WINDOW,0
COINUSDT-O-20260721T200000Z,COINUSDT,O,,,NYSE:2026-07-21T20:00:00+00:00:2026-07-22T06:00:00+00:00,2026-07-21T20:00:00+00:00,2026-07-22T06:00:00+00:00,2026-07-21T20:00:00+00:00,2026-07-21T22:59:59.999000+00:00,2026-07-21T23:00:00+00:00,2026-07-22T05:59:59.999000+00:00,233580,234180,600,180,420,600.0,2026-07,DESCRIPTIVE_ONLY,LISTING_AFTER_30_DAYS,SKIPPED,OVERLAPS_FROZEN_RANDOM_WINDOW,0
COINUSDT-O-20260722T200000Z,COINUSDT,O,,,NYSE:2026-07-22T20:00:00+00:00:2026-07-23T06:00:00+00:00,2026-07-22T20:00:00+00:00,2026-07-23T06:00:00+00:00,2026-07-22T20:00:00+00:00,2026-07-22T22:59:59.999000+00:00,2026-07-22T23:00:00+00:00,2026-07-23T05:59:59.999000+00:00,235020,235620,600,180,420,600.0,2026-07,DESCRIPTIVE_ONLY,LISTING_AFTER_30_DAYS,SKIPPED,OVERLAPS_FROZEN_RANDOM_WINDOW,0
COINUSDT-R-COINUSDT-nyse_20260213T210000Z-s3,COINUSDT,R,3,COINUSDT-nyse_20260213T210000Z,R:COINUSDT:2026-02:3,2026-02-09T21:00:00+00:00,2026-02-13T07:00:00+00:00,2026-02-09T21:00:00+00:00,2026-02-09T23:59:59.999000+00:00,2026-02-10T00:00:00+00:00,2026-02-13T06:59:59.999000+00:00,360,5280,4920,180,4740,4920.0,2026-02,DESCRIPTIVE_ONLY,LISTING_DAYS_1_14,READY,,0
COINUSDT-R-COINUSDT-nyse_20260213T210000Z-s10,COINUSDT,R,10,COINUSDT-nyse_20260213T210000Z,R:COINUSDT:2026-02:10,2026-02-09T21:00:00+00:00,2026-02-13T07:00:00+00:00,2026-02-09T21:00:00+00:00,2026-02-09T23:59:59.999000+00:00,2026-02-10T00:00:00+00:00,2026-02-13T06:59:59.999000+00:00,360,5280,4920,180,4740,4920.0,2026-02,DESCRIPTIVE_ONLY,LISTING_DAYS_1_14,READY,,0
COINUSDT-R-COINUSDT-nyse_20260213T210000Z-s17,COINUSDT,R,17,COINUSDT-nyse_20260213T210000Z,R:COINUSDT:2026-02:17,2026-02-09T22:00:00+00:00,2026-02-13T08:00:00+00:00,2026-02-09T22:00:00+00:00,2026-02-10T00:59:59.999000+00:00,2026-02-10T01:00:00+00:00,2026-02-13T07:59:59.999000+00:00,420,5340,4920,180,4740,4920.0,2026-02,DESCRIPTIVE_ONLY,LISTING_DAYS_1_14,READY,,0
COINUSDT-R-COINUSDT-nyse_20260213T210000Z-s31,COINUSDT,R,31,COINUSDT-nyse_20260213T210000Z,R:COINUSDT:2026-02:31,2026-02-09T21:00:00+00:00,2026-02-13T07:00:00+00:00,2026-02-09T21:00:00+00:00,2026-02-09T23:59:59.999000+00:00,2026-02-10T00:00:00+00:00,2026-02-13T06:59:59.999000+00:00,360,5280,4920,180,4740,4920.0,2026-02,DESCRIPTIVE_ONLY,LISTING_DAYS_1_14,READY,,0
COINUSDT-R-COINUSDT-nyse_20260213T210000Z-s59,COINUSDT,R,59,COINUSDT-nyse_20260213T210000Z,R:COINUSDT:2026-02:59,2026-02-09T22:00:00+00:00,2026-02-13T08:00:00+00:00,2026-02-09T22:00:00+00:00,2026-02-10T00:59:59.999000+00:00,2026-02-10T01:00:00+00:00,2026-02-13T07:59:59.999000+00:00,420,5340,4920,180,4740,4920.0,2026-02,DESCRIPTIVE_ONLY,LISTING_DAYS_1_14,READY,,0
COINUSDT-R-COINUSDT-nyse_20260213T210000Z-s97,COINUSDT,R,97,COINUSDT-nyse_20260213T210000Z,R:COINUSDT:2026-02:97,2026-02-09T20:00:00+00:00,2026-02-13T06:00:00+00:00,2026-02-09T20:00:00+00:00,2026-02-09T22:59:59.999000+00:00,2026-02-09T23:00:00+00:00,2026-02-13T05:59:59.999000+00:00,300,5220,4920,180,4740,4920.0,2026-02,DESCRIPTIVE_ONLY,LISTING_DAYS_1_14,READY,,0
COINUSDT-R-COINUSDT-nyse_20260220T210000Z-s3,COINUSDT,R,3,COINUSDT-nyse_20260220T210000Z,R:COINUSDT:2026-02:3,2026-02-17T21:00:00+00:00,2026-02-20T07:00:00+00:00,2026-02-17T21:00:00+00:00,2026-02-17T23:59:59.999000+00:00,2026-02-18T00:00:00+00:00,2026-02-20T06:59:59.999000+00:00,11880,15360,3480,180,3300,3480.0,2026-02,DESCRIPTIVE_ONLY,LISTING_DAYS_1_14,READY,,0
COINUSDT-R-COINUSDT-nyse_20260220T210000Z-s10,COINUSDT,R,10,COINUSDT-nyse_20260220T210000Z,R:COINUSDT:2026-02:10,2026-02-17T22:00:00+00:00,2026-02-20T08:00:00+00:00,2026-02-17T22:00:00+00:00,2026-02-18T00:59:59.999000+00:00,2026-02-18T01:00:00+00:00,2026-02-20T07:59:59.999000+00:00,11940,15420,3480,180,3300,3480.0,2026-02,DESCRIPTIVE_ONLY,LISTING_DAYS_1_14,READY,,0
COINUSDT-R-COINUSDT-nyse_20260220T210000Z-s17,COINUSDT,R,17,COINUSDT-nyse_20260220T210000Z,R:COINUSDT:2026-02:17,2026-02-17T21:00:00+00:00,2026-02-20T07:00:00+00:00,2026-02-17T21:00:00+00:00,2026-02-17T23:59:59.999000+00:00,2026-02-18T00:00:00+00:00,2026-02-20T06:59:59.999000+00:00,11880,15360,3480,180,3300,3480.0,2026-02,DESCRIPTIVE_ONLY,LISTING_DAYS_1_14,READY,,0
COINUSDT-R-COINUSDT-nyse_20260220T210000Z-s31,COINUSDT,R,31,COINUSDT-nyse_20260220T210000Z,R:COINUSDT:2026-02:31,2026-02-17T20:00:00+00:00,2026-02-20T06:00:00+00:00,2026-02-17T20:00:00+00:00,2026-02-17T22:59:59.999000+00:00,2026-02-17T23:00:00+00:00,2026-02-20T05:59:59.999000+00:00,11820,15300,3480,180,3300,3480.0,2026-02,DESCRIPTIVE_ONLY,LISTING_DAYS_1_14,READY,,0
COINUSDT-R-COINUSDT-nyse_20260220T210000Z-s59,COINUSDT,R,59,COINUSDT-nyse_20260220T210000Z,R:COINUSDT:2026-02:59,2026-02-17T22:00:00+00:00,2026-02-20T08:00:00+00:00,2026-02-17T22:00:00+00:00,2026-02-18T00:59:59.999000+00:00,2026-02-18T01:00:00+00:00,2026-02-20T07:59:59.999000+00:00,11940,15420,3480,180,3300,3480.0,2026-02,DESCRIPTIVE_ONLY,LISTING_DAYS_1_14,READY,,0
COINUSDT-R-COINUSDT-nyse_20260220T210000Z-s97,COINUSDT,R,97,COINUSDT-nyse_20260220T210000Z,R:COINUSDT:2026-02:97,2026-02-17T22:00:00+00:00,2026-02-20T08:00:00+00:00,2026-02-17T22:00:00+00:00,2026-02-18T00:59:59.999000+00:00,2026-02-18T01:00:00+00:00,2026-02-20T07:59:59.999000+00:00,11940,15420,3480,180,3300,3480.0,2026-02,DESCRIPTIVE_ONLY,LISTING_DAYS_1_14,READY,,0
COINUSDT-R-COINUSDT-nyse_20260227T210000Z-s3,COINUSDT,R,3,COINUSDT-nyse_20260227T210000Z,R:COINUSDT:2026-02:3,2026-02-24T20:00:00+00:00,2026-02-27T06:00:00+00:00,2026-02-24T20:00:00+00:00,2026-02-24T22:59:59.999000+00:00,2026-02-24T23:00:00+00:00,2026-02-27T05:59:59.999000+00:00,21900,25380,3480,180,3300,3480.0,2026-02,DESCRIPTIVE_ONLY,LISTING_DAYS_15_30,READY,,0
COINUSDT-R-COINUSDT-nyse_20260227T210000Z-s10,COINUSDT,R,10,COINUSDT-nyse_20260227T210000Z,R:COINUSDT:2026-02:10,2026-02-24T22:00:00+00:00,2026-02-27T08:00:00+00:00,2026-02-24T22:00:00+00:00,2026-02-25T00:59:59.999000+00:00,2026-02-25T01:00:00+00:00,2026-02-27T07:59:59.999000+00:00,22020,25500,3480,180,3300,3480.0,2026-02,DESCRIPTIVE_ONLY,LISTING_DAYS_15_30,READY,,0
COINUSDT-R-COINUSDT-nyse_20260227T210000Z-s17,COINUSDT,R,17,COINUSDT-nyse_20260227T210000Z,R:COINUSDT:2026-02:17,2026-02-24T20:00:00+00:00,2026-02-27T06:00:00+00:00,2026-02-24T20:00:00+00:00,2026-02-24T22:59:59.999000+00:00,2026-02-24T23:00:00+00:00,2026-02-27T05:59:59.999000+00:00,21900,25380,3480,180,3300,3480.0,2026-02,DESCRIPTIVE_ONLY,LISTING_DAYS_15_30,READY,,0
COINUSDT-R-COINUSDT-nyse_20260227T210000Z-s31,COINUSDT,R,31,COINUSDT-nyse_20260227T210000Z,R:COINUSDT:2026-02:31,2026-02-24T21:00:00+00:00,2026-02-27T07:00:00+00:00,2026-02-24T21:00:00+00:00,2026-02-24T23:59:59.999000+00:00,2026-02-25T00:00:00+00:00,2026-02-27T06:59:59.999000+00:00,21960,25440,3480,180,3300,3480.0,2026-02,DESCRIPTIVE_ONLY,LISTING_DAYS_15_30,READY,,0
COINUSDT-R-COINUSDT-nyse_20260227T210000Z-s59,COINUSDT,R,59,COINUSDT-nyse_20260227T210000Z,R:COINUSDT:2026-02:59,2026-02-24T22:00:00+00:00,2026-02-27T08:00:00+00:00,2026-02-24T22:00:00+00:00,2026-02-25T00:59:59.999000+00:00,2026-02-25T01:00:00+00:00,2026-02-27T07:59:59.999000+00:00,22020,25500,3480,180,3300,3480.0,2026-02,DESCRIPTIVE_ONLY,LISTING_DAYS_15_30,READY,,0
COINUSDT-R-COINUSDT-nyse_20260227T210000Z-s97,COINUSDT,R,97,COINUSDT-nyse_20260227T210000Z,R:COINUSDT:2026-02:97,2026-02-23T21:00:00+00:00,2026-02-26T07:00:00+00:00,2026-02-23T21:00:00+00:00,2026-02-23T23:59:59.999000+00:00,2026-02-24T00:00:00+00:00,2026-02-26T06:59:59.999000+00:00,20520,24000,3480,180,3300,3480.0,2026-02,DESCRIPTIVE_ONLY,LISTING_DAYS_15_30,READY,,0
COINUSDT-R-COINUSDT-nyse_20260306T210000Z-s3,COINUSDT,R,3,COINUSDT-nyse_20260306T210000Z,R:COINUSDT:2026-03:3,2026-03-09T22:00:00+00:00,2026-03-12T07:00:00+00:00,2026-03-09T22:00:00+00:00,2026-03-10T00:59:59.999000+00:00,2026-03-10T01:00:00+00:00,2026-03-12T06:59:59.999000+00:00,40740,44160,3420,180,3240,3420.0,2026-03,RESEARCH_DEVELOPMENT,LISTING_DAYS_15_30,READY,,0
COINUSDT-R-COINUSDT-nyse_20260306T210000Z-s10,COINUSDT,R,10,COINUSDT-nyse_20260306T210000Z,R:COINUSDT:2026-03:10,2026-03-03T21:00:00+00:00,2026-03-06T06:00:00+00:00,2026-03-03T21:00:00+00:00,2026-03-03T23:59:59.999000+00:00,2026-03-04T00:00:00+00:00,2026-03-06T05:59:59.999000+00:00,32040,35460,3420,180,3240,3420.0,2026-03,RESEARCH_DEVELOPMENT,LISTING_DAYS_15_30,READY,,0
COINUSDT-R-COINUSDT-nyse_20260306T210000Z-s17,COINUSDT,R,17,COINUSDT-nyse_20260306T210000Z,R:COINUSDT:2026-03:17,2026-03-10T22:00:00+00:00,2026-03-13T07:00:00+00:00,2026-03-10T22:00:00+00:00,2026-03-11T00:59:59.999000+00:00,2026-03-11T01:00:00+00:00,2026-03-13T06:59:59.999000+00:00,42180,45600,3420,180,3240,3420.0,2026-03,RESEARCH_DEVELOPMENT,LISTING_DAYS_15_30,READY,,0
COINUSDT-R-COINUSDT-nyse_20260306T210000Z-s31,COINUSDT,R,31,COINUSDT-nyse_20260306T210000Z,R:COINUSDT:2026-03:31,2026-03-09T21:00:00+00:00,2026-03-12T06:00:00+00:00,2026-03-09T21:00:00+00:00,2026-03-09T23:59:59.999000+00:00,2026-03-10T00:00:00+00:00,2026-03-12T05:59:59.999000+00:00,40680,44100,3420,180,3240,3420.0,2026-03,RESEARCH_DEVELOPMENT,LISTING_DAYS_15_30,READY,,0
COINUSDT-R-COINUSDT-nyse_20260306T210000Z-s59,COINUSDT,R,59,COINUSDT-nyse_20260306T210000Z,R:COINUSDT:2026-03:59,2026-03-02T20:00:00+00:00,2026-03-05T05:00:00+00:00,2026-03-02T20:00:00+00:00,2026-03-02T22:59:59.999000+00:00,2026-03-02T23:00:00+00:00,2026-03-05T04:59:59.999000+00:00,30540,33960,3420,180,3240,3420.0,2026-03,RESEARCH_DEVELOPMENT,LISTING_DAYS_15_30,READY,,0
COINUSDT-R-COINUSDT-nyse_20260306T210000Z-s97,COINUSDT,R,97,COINUSDT-nyse_20260306T210000Z,R:COINUSDT:2026-03:97,2026-03-10T22:00:00+00:00,2026-03-13T07:00:00+00:00,2026-03-10T22:00:00+00:00,2026-03-11T00:59:59.999000+00:00,2026-03-11T01:00:00+00:00,2026-03-13T06:59:59.999000+00:00,42180,45600,3420,180,3240,3420.0,2026-03,RESEARCH_DEVELOPMENT,LISTING_DAYS_15_30,READY,,0
COINUSDT-R-COINUSDT-nyse_20260313T200000Z-s3,COINUSDT,R,3,COINUSDT-nyse_20260313T200000Z,R:COINUSDT:2026-03:3,2026-03-17T21:00:00+00:00,2026-03-20T07:00:00+00:00,2026-03-17T21:00:00+00:00,2026-03-17T23:59:59.999000+00:00,2026-03-18T00:00:00+00:00,2026-03-20T06:59:59.999000+00:00,52200,55680,3480,180,3300,3480.0,2026-03,RESEARCH_DEVELOPMENT,LISTING_AFTER_30_DAYS,READY,,0
COINUSDT-R-COINUSDT-nyse_20260313T200000Z-s10,COINUSDT,R,10,COINUSDT-nyse_20260313T200000Z,R:COINUSDT:2026-03:10,2026-03-23T20:00:00+00:00,2026-03-26T06:00:00+00:00,2026-03-23T20:00:00+00:00,2026-03-23T22:59:59.999000+00:00,2026-03-23T23:00:00+00:00,2026-03-26T05:59:59.999000+00:00,60780,64260,3480,180,3300,3480.0,2026-03,RESEARCH_DEVELOPMENT,LISTING_AFTER_30_DAYS,READY,,0
COINUSDT-R-COINUSDT-nyse_20260313T200000Z-s17,COINUSDT,R,17,COINUSDT-nyse_20260313T200000Z,R:COINUSDT:2026-03:17,2026-03-23T19:00:00+00:00,2026-03-26T05:00:00+00:00,2026-03-23T19:00:00+00:00,2026-03-23T21:59:59.999000+00:00,2026-03-23T22:00:00+00:00,2026-03-26T04:59:59.999000+00:00,60720,64200,3480,180,3300,3480.0,2026-03,RESEARCH_DEVELOPMENT,LISTING_AFTER_30_DAYS,READY,,0
COINUSDT-R-COINUSDT-nyse_20260313T200000Z-s31,COINUSDT,R,31,COINUSDT-nyse_20260313T200000Z,R:COINUSDT:2026-03:31,2026-03-24T20:00:00+00:00,2026-03-27T06:00:00+00:00,2026-03-24T20:00:00+00:00,2026-03-24T22:59:59.999000+00:00,2026-03-24T23:00:00+00:00,2026-03-27T05:59:59.999000+00:00,62220,65700,3480,180,3300,3480.0,2026-03,RESEARCH_DEVELOPMENT,LISTING_AFTER_30_DAYS,READY,,0
COINUSDT-R-COINUSDT-nyse_20260313T200000Z-s59,COINUSDT,R,59,COINUSDT-nyse_20260313T200000Z,R:COINUSDT:2026-03:59,2026-03-24T20:00:00+00:00,2026-03-27T06:00:00+00:00,2026-03-24T20:00:00+00:00,2026-03-24T22:59:59.999000+00:00,2026-03-24T23:00:00+00:00,2026-03-27T05:59:59.999000+00:00,62220,65700,3480,180,3300,3480.0,2026-03,RESEARCH_DEVELOPMENT,LISTING_AFTER_30_DAYS,READY,,0
COINUSDT-R-COINUSDT-nyse_20260313T200000Z-s97,COINUSDT,R,97,COINUSDT-nyse_20260313T200000Z,R:COINUSDT:2026-03:97,2026-03-23T20:00:00+00:00,2026-03-26T06:00:00+00:00,2026-03-23T20:00:00+00:00,2026-03-23T22:59:59.999000+00:00,2026-03-23T23:00:00+00:00,2026-03-26T05:59:59.999000+00:00,60780,64260,3480,180,3300,3480.0,2026-03,RESEARCH_DEVELOPMENT,LISTING_AFTER_30_DAYS,READY,,0
COINUSDT-R-COINUSDT-nyse_20260320T200000Z-s3,COINUSDT,R,3,COINUSDT-nyse_20260320T200000Z,R:COINUSDT:2026-03:3,2026-03-24T21:00:00+00:00,2026-03-27T07:00:00+00:00,2026-03-24T21:00:00+00:00,2026-03-24T23:59:59.999000+00:00,2026-03-25T00:00:00+00:00,2026-03-27T06:59:59.999000+00:00,62280,65760,3480,180,3300,3480.0,2026-03,RESEARCH_DEVELOPMENT,LISTING_AFTER_30_DAYS,READY,,0
COINUSDT-R-COINUSDT-nyse_20260320T200000Z-s10,COINUSDT,R,10,COINUSDT-nyse_20260320T200000Z,R:COINUSDT:2026-03:10,2026-03-30T19:00:00+00:00,2026-04-02T05:00:00+00:00,2026-03-30T19:00:00+00:00,2026-03-30T21:59:59.999000+00:00,2026-03-30T22:00:00+00:00,2026-04-02T04:59:59.999000+00:00,70800,74280,3480,180,3300,3480.0,2026-03,RESEARCH_DEVELOPMENT,LISTING_AFTER_30_DAYS,READY,,0
COINUSDT-R-COINUSDT-nyse_20260320T200000Z-s17,COINUSDT,R,17,COINUSDT-nyse_20260320T200000Z,R:COINUSDT:2026-03:17,2026-03-30T19:00:00+00:00,2026-04-02T05:00:00+00:00,2026-03-30T19:00:00+00:00,2026-03-30T21:59:59.999000+00:00,2026-03-30T22:00:00+00:00,2026-04-02T04:59:59.999000+00:00,70800,74280,3480,180,3300,3480.0,2026-03,RESEARCH_DEVELOPMENT,LISTING_AFTER_30_DAYS,READY,,0
COINUSDT-R-COINUSDT-nyse_20260320T200000Z-s31,COINUSDT,R,31,COINUSDT-nyse_20260320T200000Z,R:COINUSDT:2026-03:31,2026-03-16T19:00:00+00:00,2026-03-19T05:00:00+00:00,2026-03-16T19:00:00+00:00,2026-03-16T21:59:59.999000+00:00,2026-03-16T22:00:00+00:00,2026-03-19T04:59:59.999000+00:00,50640,54120,3480,180,3300,3480.0,2026-03,RESEARCH_DEVELOPMENT,LISTING_AFTER_30_DAYS,READY,,0
COINUSDT-R-COINUSDT-nyse_20260320T200000Z-s59,COINUSDT,R,59,COINUSDT-nyse_20260320T200000Z,R:COINUSDT:2026-03:59,2026-03-16T21:00:00+00:00,2026-03-19T07:00:00+00:00,2026-03-16T21:00:00+00:00,2026-03-16T23:59:59.999000+00:00,2026-03-17T00:00:00+00:00,2026-03-19T06:59:59.999000+00:00,50760,54240,3480,180,3300,3480.0,2026-03,RESEARCH_DEVELOPMENT,LISTING_AFTER_30_DAYS,READY,,0
COINUSDT-R-COINUSDT-nyse_20260320T200000Z-s97,COINUSDT,R,97,COINUSDT-nyse_20260320T200000Z,R:COINUSDT:2026-03:97,2026-03-30T19:00:00+00:00,2026-04-02T05:00:00+00:00,2026-03-30T19:00:00+00:00,2026-03-30T21:59:59.999000+00:00,2026-03-30T22:00:00+00:00,2026-04-02T04:59:59.999000+00:00,70800,74280,3480,180,3300,3480.0,2026-03,RESEARCH_DEVELOPMENT,LISTING_AFTER_30_DAYS,READY,,0
COINUSDT-R-COINUSDT-nyse_20260327T200000Z-s3,COINUSDT,R,3,COINUSDT-nyse_20260327T200000Z,R:COINUSDT:2026-03:3,2026-03-30T20:00:00+00:00,2026-04-02T06:00:00+00:00,2026-03-30T20:00:00+00:00,2026-03-30T22:59:59.999000+00:00,2026-03-30T23:00:00+00:00,2026-04-02T05:59:59.999000+00:00,70860,74340,3480,180,3300,3480.0,2026-03,RESEARCH_DEVELOPMENT,LISTING_AFTER_30_DAYS,READY,,0
COINUSDT-R-COINUSDT-nyse_20260327T200000Z-s10,COINUSDT,R,10,COINUSDT-nyse_20260327T200000Z,R:COINUSDT:2026-03:10,2026-03-17T20:00:00+00:00,2026-03-20T06:00:00+00:00,2026-03-17T20:00:00+00:00,2026-03-17T22:59:59.999000+00:00,2026-03-17T23:00:00+00:00,2026-03-20T05:59:59.999000+00:00,52140,55620,3480,180,3300,3480.0,2026-03,RESEARCH_DEVELOPMENT,LISTING_AFTER_30_DAYS,READY,,0
COINUSDT-R-COINUSDT-nyse_20260327T200000Z-s17,COINUSDT,R,17,COINUSDT-nyse_20260327T200000Z,R:COINUSDT:2026-03:17,2026-03-17T21:00:00+00:00,2026-03-20T07:00:00+00:00,2026-03-17T21:00:00+00:00,2026-03-17T23:59:59.999000+00:00,2026-03-18T00:00:00+00:00,2026-03-20T06:59:59.999000+00:00,52200,55680,3480,180,3300,3480.0,2026-03,RESEARCH_DEVELOPMENT,LISTING_AFTER_30_DAYS,READY,,0
COINUSDT-R-COINUSDT-nyse_20260327T200000Z-s31,COINUSDT,R,31,COINUSDT-nyse_20260327T200000Z,R:COINUSDT:2026-03:31,2026-03-30T20:00:00+00:00,2026-04-02T06:00:00+00:00,2026-03-30T20:00:00+00:00,2026-03-30T22:59:59.999000+00:00,2026-03-30T23:00:00+00:00,2026-04-02T05:59:59.999000+00:00,70860,74340,3480,180,3300,3480.0,2026-03,RESEARCH_DEVELOPMENT,LISTING_AFTER_30_DAYS,READY,,0
COINUSDT-R-COINUSDT-nyse_20260327T200000Z-s59,COINUSDT,R,59,COINUSDT-nyse_20260327T200000Z,R:COINUSDT:2026-03:59,2026-03-30T20:00:00+00:00,2026-04-02T06:00:00+00:00,2026-03-30T20:00:00+00:00,2026-03-30T22:59:59.999000+00:00,2026-03-30T23:00:00+00:00,2026-04-02T05:59:59.999000+00:00,70860,74340,3480,180,3300,3480.0,2026-03,RESEARCH_DEVELOPMENT,LISTING_AFTER_30_DAYS,READY,,0
COINUSDT-R-COINUSDT-nyse_20260327T200000Z-s97,COINUSDT,R,97,COINUSDT-nyse_20260327T200000Z,R:COINUSDT:2026-03:97,2026-03-17T19:00:00+00:00,2026-03-20T05:00:00+00:00,2026-03-17T19:00:00+00:00,2026-03-17T21:59:59.999000+00:00,2026-03-17T22:00:00+00:00,2026-03-20T04:59:59.999000+00:00,52080,55560,3480,180,3300,3480.0,2026-03,RESEARCH_DEVELOPMENT,LISTING_AFTER_30_DAYS,READY,,0
COINUSDT-R-COINUSDT-nyse_20260402T200000Z-s3,COINUSDT,R,3,COINUSDT-nyse_20260402T200000Z,R:COINUSDT:2026-04:3,2026-04-06T19:00:00+00:00,2026-04-10T05:00:00+00:00,2026-04-06T19:00:00+00:00,2026-04-06T21:59:59.999000+00:00,2026-04-06T22:00:00+00:00,2026-04-10T04:59:59.999000+00:00,80880,85800,4920,180,4740,4920.0,2026-04,RESEARCH_DEVELOPMENT,LISTING_AFTER_30_DAYS,READY,,0
COINUSDT-R-COINUSDT-nyse_20260402T200000Z-s10,COINUSDT,R,10,COINUSDT-nyse_20260402T200000Z,R:COINUSDT:2026-04:10,2026-04-06T20:00:00+00:00,2026-04-10T06:00:00+00:00,2026-04-06T20:00:00+00:00,2026-04-06T22:59:59.999000+00:00,2026-04-06T23:00:00+00:00,2026-04-10T05:59:59.999000+00:00,80940,85860,4920,180,4740,4920.0,2026-04,RESEARCH_DEVELOPMENT,LISTING_AFTER_30_DAYS,READY,,0
COINUSDT-R-COINUSDT-nyse_20260402T200000Z-s17,COINUSDT,R,17,COINUSDT-nyse_20260402T200000Z,R:COINUSDT:2026-04:17,2026-04-06T20:00:00+00:00,2026-04-10T06:00:00+00:00,2026-04-06T20:00:00+00:00,2026-04-06T22:59:59.999000+00:00,2026-04-06T23:00:00+00:00,2026-04-10T05:59:59.999000+00:00,80940,85860,4920,180,4740,4920.0,2026-04,RESEARCH_DEVELOPMENT,LISTING_AFTER_30_DAYS,READY,,0
COINUSDT-R-COINUSDT-nyse_20260402T200000Z-s31,COINUSDT,R,31,COINUSDT-nyse_20260402T200000Z,R:COINUSDT:2026-04:31,2026-04-13T19:00:00+00:00,2026-04-17T05:00:00+00:00,2026-04-13T19:00:00+00:00,2026-04-13T21:59:59.999000+00:00,2026-04-13T22:00:00+00:00,2026-04-17T04:59:59.999000+00:00,90960,95880,4920,180,4740,4920.0,2026-04,RESEARCH_DEVELOPMENT,LISTING_AFTER_30_DAYS,READY,,0
COINUSDT-R-COINUSDT-nyse_20260402T200000Z-s59,COINUSDT,R,59,COINUSDT-nyse_20260402T200000Z,R:COINUSDT:2026-04:59,2026-04-27T19:00:00+00:00,2026-05-01T05:00:00+00:00,2026-04-27T19:00:00+00:00,2026-04-27T21:59:59.999000+00:00,2026-04-27T22:00:00+00:00,2026-05-01T04:59:59.999000+00:00,111120,116040,4920,180,4740,4920.0,2026-04,RESEARCH_DEVELOPMENT,LISTING_AFTER_30_DAYS,READY,,0
COINUSDT-R-COINUSDT-nyse_20260402T200000Z-s97,COINUSDT,R,97,COINUSDT-nyse_20260402T200000Z,R:COINUSDT:2026-04:97,2026-04-20T20:00:00+00:00,2026-04-24T06:00:00+00:00,2026-04-20T20:00:00+00:00,2026-04-20T22:59:59.999000+00:00,2026-04-20T23:00:00+00:00,2026-04-24T05:59:59.999000+00:00,101100,106020,4920,180,4740,4920.0,2026-04,RESEARCH_DEVELOPMENT,LISTING_AFTER_30_DAYS,READY,,0
COINUSDT-R-COINUSDT-nyse_20260410T200000Z-s3,COINUSDT,R,3,COINUSDT-nyse_20260410T200000Z,R:COINUSDT:2026-04:3,2026-04-14T19:00:00+00:00,2026-04-17T05:00:00+00:00,2026-04-14T19:00:00+00:00,2026-04-14T21:59:59.999000+00:00,2026-04-14T22:00:00+00:00,2026-04-17T04:59:59.999000+00:00,92400,95880,3480,180,3300,3480.0,2026-04,RESEARCH_DEVELOPMENT,LISTING_AFTER_30_DAYS,READY,,0
COINUSDT-R-COINUSDT-nyse_20260410T200000Z-s10,COINUSDT,R,10,COINUSDT-nyse_20260410T200000Z,R:COINUSDT:2026-04:10,2026-04-28T20:00:00+00:00,2026-05-01T06:00:00+00:00,2026-04-28T20:00:00+00:00,2026-04-28T22:59:59.999000+00:00,2026-04-28T23:00:00+00:00,2026-05-01T05:59:59.999000+00:00,112620,116100,3480,180,3300,3480.0,2026-04,RESEARCH_DEVELOPMENT,LISTING_AFTER_30_DAYS,READY,,0
COINUSDT-R-COINUSDT-nyse_20260410T200000Z-s17,COINUSDT,R,17,COINUSDT-nyse_20260410T200000Z,R:COINUSDT:2026-04:17,2026-04-27T19:00:00+00:00,2026-04-30T05:00:00+00:00,2026-04-27T19:00:00+00:00,2026-04-27T21:59:59.999000+00:00,2026-04-27T22:00:00+00:00,2026-04-30T04:59:59.999000+00:00,111120,114600,3480,180,3300,3480.0,2026-04,RESEARCH_DEVELOPMENT,LISTING_AFTER_30_DAYS,READY,,0
COINUSDT-R-COINUSDT-nyse_20260410T200000Z-s31,COINUSDT,R,31,COINUSDT-nyse_20260410T200000Z,R:COINUSDT:2026-04:31,2026-04-07T20:00:00+00:00,2026-04-10T06:00:00+00:00,2026-04-07T20:00:00+00:00,2026-04-07T22:59:59.999000+00:00,2026-04-07T23:00:00+00:00,2026-04-10T05:59:59.999000+00:00,82380,85860,3480,180,3300,3480.0,2026-04,RESEARCH_DEVELOPMENT,LISTING_AFTER_30_DAYS,READY,,0
COINUSDT-R-COINUSDT-nyse_20260410T200000Z-s59,COINUSDT,R,59,COINUSDT-nyse_20260410T200000Z,R:COINUSDT:2026-04:59,2026-04-06T19:00:00+00:00,2026-04-09T05:00:00+00:00,2026-04-06T19:00:00+00:00,2026-04-06T21:59:59.999000+00:00,2026-04-06T22:00:00+00:00,2026-04-09T04:59:59.999000+00:00,80880,84360,3480,180,3300,3480.0,2026-04,RESEARCH_DEVELOPMENT,LISTING_AFTER_30_DAYS,READY,,0
COINUSDT-R-COINUSDT-nyse_20260410T200000Z-s97,COINUSDT,R,97,COINUSDT-nyse_20260410T200000Z,R:COINUSDT:2026-04:97,2026-04-28T19:00:00+00:00,2026-05-01T05:00:00+00:00,2026-04-28T19:00:00+00:00,2026-04-28T21:59:59.999000+00:00,2026-04-28T22:00:00+00:00,2026-05-01T04:59:59.999000+00:00,112560,116040,3480,180,3300,3480.0,2026-04,RESEARCH_DEVELOPMENT,LISTING_AFTER_30_DAYS,READY,,0
COINUSDT-R-COINUSDT-nyse_20260417T200000Z-s3,COINUSDT,R,3,COINUSDT-nyse_20260417T200000Z,R:COINUSDT:2026-04:3,2026-04-21T21:00:00+00:00,2026-04-24T07:00:00+00:00,2026-04-21T21:00:00+00:00,2026-04-21T23:59:59.999000+00:00,2026-04-22T00:00:00+00:00,2026-04-24T06:59:59.999000+00:00,102600,106080,3480,180,3300,3480.0,2026-04,RESEARCH_DEVELOPMENT,LISTING_AFTER_30_DAYS,READY,,0
COINUSDT-R-COINUSDT-nyse_20260417T200000Z-s10,COINUSDT,R,10,COINUSDT-nyse_20260417T200000Z,R:COINUSDT:2026-04:10,2026-04-13T21:00:00+00:00,2026-04-16T07:00:00+00:00,2026-04-13T21:00:00+00:00,2026-04-13T23:59:59.999000+00:00,2026-04-14T00:00:00+00:00,2026-04-16T06:59:59.999000+00:00,91080,94560,3480,180,3300,3480.0,2026-04,RESEARCH_DEVELOPMENT,LISTING_AFTER_30_DAYS,READY,,0
COINUSDT-R-COINUSDT-nyse_20260417T200000Z-s17,COINUSDT,R,17,COINUSDT-nyse_20260417T200000Z,R:COINUSDT:2026-04:17,2026-04-21T19:00:00+00:00,2026-04-24T05:00:00+00:00,2026-04-21T19:00:00+00:00,2026-04-21T21:59:59.999000+00:00,2026-04-21T22:00:00+00:00,2026-04-24T04:59:59.999000+00:00,102480,105960,3480,180,3300,3480.0,2026-04,RESEARCH_DEVELOPMENT,LISTING_AFTER_30_DAYS,READY,,0
COINUSDT-R-COINUSDT-nyse_20260417T200000Z-s31,COINUSDT,R,31,COINUSDT-nyse_20260417T200000Z,R:COINUSDT:2026-04:31,2026-04-20T20:00:00+00:00,2026-04-23T06:00:00+00:00,2026-04-20T20:00:00+00:00,2026-04-20T22:59:59.999000+00:00,2026-04-20T23:00:00+00:00,2026-04-23T05:59:59.999000+00:00,101100,104580,3480,180,3300,3480.0,2026-04,RESEARCH_DEVELOPMENT,LISTING_AFTER_30_DAYS,READY,,0
COINUSDT-R-COINUSDT-nyse_20260417T200000Z-s59,COINUSDT,R,59,COINUSDT-nyse_20260417T200000Z,R:COINUSDT:2026-04:59,2026-04-20T21:00:00+00:00,2026-04-23T07:00:00+00:00,2026-04-20T21:00:00+00:00,2026-04-20T23:59:59.999000+00:00,2026-04-21T00:00:00+00:00,2026-04-23T06:59:59.999000+00:00,101160,104640,3480,180,3300,3480.0,2026-04,RESEARCH_DEVELOPMENT,LISTING_AFTER_30_DAYS,READY,,0
COINUSDT-R-COINUSDT-nyse_20260417T200000Z-s97,COINUSDT,R,97,COINUSDT-nyse_20260417T200000Z,R:COINUSDT:2026-04:97,2026-04-13T21:00:00+00:00,2026-04-16T07:00:00+00:00,2026-04-13T21:00:00+00:00,2026-04-13T23:59:59.999000+00:00,2026-04-14T00:00:00+00:00,2026-04-16T06:59:59.999000+00:00,91080,94560,3480,180,3300,3480.0,2026-04,RESEARCH_DEVELOPMENT,LISTING_AFTER_30_DAYS,READY,,0
COINUSDT-R-COINUSDT-nyse_20260424T200000Z-s3,COINUSDT,R,3,COINUSDT-nyse_20260424T200000Z,R:COINUSDT:2026-04:3,2026-04-28T20:00:00+00:00,2026-05-01T06:00:00+00:00,2026-04-28T20:00:00+00:00,2026-04-28T22:59:59.999000+00:00,2026-04-28T23:00:00+00:00,2026-05-01T05:59:59.999000+00:00,112620,116100,3480,180,3300,3480.0,2026-04,RESEARCH_DEVELOPMENT,LISTING_AFTER_30_DAYS,READY,,0
COINUSDT-R-COINUSDT-nyse_20260424T200000Z-s10,COINUSDT,R,10,COINUSDT-nyse_20260424T200000Z,R:COINUSDT:2026-04:10,2026-04-21T19:00:00+00:00,2026-04-24T05:00:00+00:00,2026-04-21T19:00:00+00:00,2026-04-21T21:59:59.999000+00:00,2026-04-21T22:00:00+00:00,2026-04-24T04:59:59.999000+00:00,102480,105960,3480,180,3300,3480.0,2026-04,RESEARCH_DEVELOPMENT,LISTING_AFTER_30_DAYS,READY,,0
COINUSDT-R-COINUSDT-nyse_20260424T200000Z-s17,COINUSDT,R,17,COINUSDT-nyse_20260424T200000Z,R:COINUSDT:2026-04:17,2026-04-14T21:00:00+00:00,2026-04-17T07:00:00+00:00,2026-04-14T21:00:00+00:00,2026-04-14T23:59:59.999000+00:00,2026-04-15T00:00:00+00:00,2026-04-17T06:59:59.999000+00:00,92520,96000,3480,180,3300,3480.0,2026-04,RESEARCH_DEVELOPMENT,LISTING_AFTER_30_DAYS,READY,,0
COINUSDT-R-COINUSDT-nyse_20260424T200000Z-s31,COINUSDT,R,31,COINUSDT-nyse_20260424T200000Z,R:COINUSDT:2026-04:31,2026-04-27T19:00:00+00:00,2026-04-30T05:00:00+00:00,2026-04-27T19:00:00+00:00,2026-04-27T21:59:59.999000+00:00,2026-04-27T22:00:00+00:00,2026-04-30T04:59:59.999000+00:00,111120,114600,3480,180,3300,3480.0,2026-04,RESEARCH_DEVELOPMENT,LISTING_AFTER_30_DAYS,READY,,0
COINUSDT-R-COINUSDT-nyse_20260424T200000Z-s59,COINUSDT,R,59,COINUSDT-nyse_20260424T200000Z,R:COINUSDT:2026-04:59,2026-04-14T21:00:00+00:00,2026-04-17T07:00:00+00:00,2026-04-14T21:00:00+00:00,2026-04-14T23:59:59.999000+00:00,2026-04-15T00:00:00+00:00,2026-04-17T06:59:59.999000+00:00,92520,96000,3480,180,3300,3480.0,2026-04,RESEARCH_DEVELOPMENT,LISTING_AFTER_30_DAYS,READY,,0
COINUSDT-R-COINUSDT-nyse_20260424T200000Z-s97,COINUSDT,R,97,COINUSDT-nyse_20260424T200000Z,R:COINUSDT:2026-04:97,2026-04-07T21:00:00+00:00,2026-04-10T07:00:00+00:00,2026-04-07T21:00:00+00:00,2026-04-07T23:59:59.999000+00:00,2026-04-08T00:00:00+00:00,2026-04-10T06:59:59.999000+00:00,82440,85920,3480,180,3300,3480.0,2026-04,RESEARCH_DEVELOPMENT,LISTING_AFTER_30_DAYS,READY,,0
COINUSDT-R-COINUSDT-nyse_20260501T200000Z-s3,COINUSDT,R,3,COINUSDT-nyse_20260501T200000Z,R:COINUSDT:2026-05:3,2026-05-05T21:00:00+00:00,2026-05-08T07:00:00+00:00,2026-05-05T21:00:00+00:00,2026-05-05T23:59:59.999000+00:00,2026-05-06T00:00:00+00:00,2026-05-08T06:59:59.999000+00:00,122760,126240,3480,180,3300,3480.0,2026-05,RESEARCH_DEVELOPMENT,LISTING_AFTER_30_DAYS,READY,,0
COINUSDT-R-COINUSDT-nyse_20260501T200000Z-s10,COINUSDT,R,10,COINUSDT-nyse_20260501T200000Z,R:COINUSDT:2026-05:10,2026-05-18T20:00:00+00:00,2026-05-21T06:00:00+00:00,2026-05-18T20:00:00+00:00,2026-05-18T22:59:59.999000+00:00,2026-05-18T23:00:00+00:00,2026-05-21T05:59:59.999000+00:00,141420,144900,3480,180,3300,3480.0,2026-05,RESEARCH_DEVELOPMENT,LISTING_AFTER_30_DAYS,READY,,0
COINUSDT-R-COINUSDT-nyse_20260501T200000Z-s17,COINUSDT,R,17,COINUSDT-nyse_20260501T200000Z,R:COINUSDT:2026-05:17,2026-05-12T20:00:00+00:00,2026-05-15T06:00:00+00:00,2026-05-12T20:00:00+00:00,2026-05-12T22:59:59.999000+00:00,2026-05-12T23:00:00+00:00,2026-05-15T05:59:59.999000+00:00,132780,136260,3480,180,3300,3480.0,2026-05,RESEARCH_DEVELOPMENT,LISTING_AFTER_30_DAYS,READY,,0
COINUSDT-R-COINUSDT-nyse_20260501T200000Z-s31,COINUSDT,R,31,COINUSDT-nyse_20260501T200000Z,R:COINUSDT:2026-05:31,2026-05-11T21:00:00+00:00,2026-05-14T07:00:00+00:00,2026-05-11T21:00:00+00:00,2026-05-11T23:59:59.999000+00:00,2026-05-12T00:00:00+00:00,2026-05-14T06:59:59.999000+00:00,131400,134880,3480,180,3300,3480.0,2026-05,RESEARCH_DEVELOPMENT,LISTING_AFTER_30_DAYS,READY,,0
COINUSDT-R-COINUSDT-nyse_20260501T200000Z-s59,COINUSDT,R,59,COINUSDT-nyse_20260501T200000Z,R:COINUSDT:2026-05:59,2026-05-12T21:00:00+00:00,2026-05-15T07:00:00+00:00,2026-05-12T21:00:00+00:00,2026-05-12T23:59:59.999000+00:00,2026-05-13T00:00:00+00:00,2026-05-15T06:59:59.999000+00:00,132840,136320,3480,180,3300,3480.0,2026-05,RESEARCH_DEVELOPMENT,LISTING_AFTER_30_DAYS,READY,,0
COINUSDT-R-COINUSDT-nyse_20260501T200000Z-s97,COINUSDT,R,97,COINUSDT-nyse_20260501T200000Z,R:COINUSDT:2026-05:97,2026-05-04T20:00:00+00:00,2026-05-07T06:00:00+00:00,2026-05-04T20:00:00+00:00,2026-05-04T22:59:59.999000+00:00,2026-05-04T23:00:00+00:00,2026-05-07T05:59:59.999000+00:00,121260,124740,3480,180,3300,3480.0,2026-05,RESEARCH_DEVELOPMENT,LISTING_AFTER_30_DAYS,READY,,0
COINUSDT-R-COINUSDT-nyse_20260508T200000Z-s3,COINUSDT,R,3,COINUSDT-nyse_20260508T200000Z,R:COINUSDT:2026-05:3,2026-05-19T20:00:00+00:00,2026-05-22T06:00:00+00:00,2026-05-19T20:00:00+00:00,2026-05-19T22:59:59.999000+00:00,2026-05-19T23:00:00+00:00,2026-05-22T05:59:59.999000+00:00,142860,146340,3480,180,3300,3480.0,2026-05,RESEARCH_DEVELOPMENT,LISTING_AFTER_30_DAYS,READY,,0
COINUSDT-R-COINUSDT-nyse_20260508T200000Z-s10,COINUSDT,R,10,COINUSDT-nyse_20260508T200000Z,R:COINUSDT:2026-05:10,2026-05-05T20:00:00+00:00,2026-05-08T06:00:00+00:00,2026-05-05T20:00:00+00:00,2026-05-05T22:59:59.999000+00:00,2026-05-05T23:00:00+00:00,2026-05-08T05:59:59.999000+00:00,122700,126180,3480,180,3300,3480.0,2026-05,RESEARCH_DEVELOPMENT,LISTING_AFTER_30_DAYS,READY,,0
COINUSDT-R-COINUSDT-nyse_20260508T200000Z-s17,COINUSDT,R,17,COINUSDT-nyse_20260508T200000Z,R:COINUSDT:2026-05:17,2026-05-18T20:00:00+00:00,2026-05-21T06:00:00+00:00,2026-05-18T20:00:00+00:00,2026-05-18T22:59:59.999000+00:00,2026-05-18T23:00:00+00:00,2026-05-21T05:59:59.999000+00:00,141420,144900,3480,180,3300,3480.0,2026-05,RESEARCH_DEVELOPMENT,LISTING_AFTER_30_DAYS,READY,,0
COINUSDT-R-COINUSDT-nyse_20260508T200000Z-s31,COINUSDT,R,31,COINUSDT-nyse_20260508T200000Z,R:COINUSDT:2026-05:31,2026-05-26T21:00:00+00:00,2026-05-29T07:00:00+00:00,2026-05-26T21:00:00+00:00,2026-05-26T23:59:59.999000+00:00,2026-05-27T00:00:00+00:00,2026-05-29T06:59:59.999000+00:00,153000,156480,3480,180,3300,3480.0,2026-05,RESEARCH_DEVELOPMENT,LISTING_AFTER_30_DAYS,READY,,0
COINUSDT-R-COINUSDT-nyse_20260508T200000Z-s59,COINUSDT,R,59,COINUSDT-nyse_20260508T200000Z,R:COINUSDT:2026-05:59,2026-05-05T20:00:00+00:00,2026-05-08T06:00:00+00:00,2026-05-05T20:00:00+00:00,2026-05-05T22:59:59.999000+00:00,2026-05-05T23:00:00+00:00,2026-05-08T05:59:59.999000+00:00,122700,126180,3480,180,3300,3480.0,2026-05,RESEARCH_DEVELOPMENT,LISTING_AFTER_30_DAYS,READY,,0
COINUSDT-R-COINUSDT-nyse_20260508T200000Z-s97,COINUSDT,R,97,COINUSDT-nyse_20260508T200000Z,R:COINUSDT:2026-05:97,2026-05-12T21:00:00+00:00,2026-05-15T07:00:00+00:00,2026-05-12T21:00:00+00:00,2026-05-12T23:59:59.999000+00:00,2026-05-13T00:00:00+00:00,2026-05-15T06:59:59.999000+00:00,132840,136320,3480,180,3300,3480.0,2026-05,RESEARCH_DEVELOPMENT,LISTING_AFTER_30_DAYS,READY,,0
COINUSDT-R-COINUSDT-nyse_20260515T200000Z-s3,COINUSDT,R,3,COINUSDT-nyse_20260515T200000Z,R:COINUSDT:2026-05:3,2026-05-12T20:00:00+00:00,2026-05-15T06:00:00+00:00,2026-05-12T20:00:00+00:00,2026-05-12T22:59:59.999000+00:00,2026-05-12T23:00:00+00:00,2026-05-15T05:59:59.999000+00:00,132780,136260,3480,180,3300,3480.0,2026-05,RESEARCH_DEVELOPMENT,LISTING_AFTER_30_DAYS,READY,,0
COINUSDT-R-COINUSDT-nyse_20260515T200000Z-s10,COINUSDT,R,10,COINUSDT-nyse_20260515T200000Z,R:COINUSDT:2026-05:10,2026-05-26T21:00:00+00:00,2026-05-29T07:00:00+00:00,2026-05-26T21:00:00+00:00,2026-05-26T23:59:59.999000+00:00,2026-05-27T00:00:00+00:00,2026-05-29T06:59:59.999000+00:00,153000,156480,3480,180,3300,3480.0,2026-05,RESEARCH_DEVELOPMENT,LISTING_AFTER_30_DAYS,READY,,0
COINUSDT-R-COINUSDT-nyse_20260515T200000Z-s17,COINUSDT,R,17,COINUSDT-nyse_20260515T200000Z,R:COINUSDT:2026-05:17,2026-05-05T19:00:00+00:00,2026-05-08T05:00:00+00:00,2026-05-05T19:00:00+00:00,2026-05-05T21:59:59.999000+00:00,2026-05-05T22:00:00+00:00,2026-05-08T04:59:59.999000+00:00,122640,126120,3480,180,3300,3480.0,2026-05,RESEARCH_DEVELOPMENT,LISTING_AFTER_30_DAYS,READY,,0
COINUSDT-R-COINUSDT-nyse_20260515T200000Z-s31,COINUSDT,R,31,COINUSDT-nyse_20260515T200000Z,R:COINUSDT:2026-05:31,2026-05-19T20:00:00+00:00,2026-05-22T06:00:00+00:00,2026-05-19T20:00:00+00:00,2026-05-19T22:59:59.999000+00:00,2026-05-19T23:00:00+00:00,2026-05-22T05:59:59.999000+00:00,142860,146340,3480,180,3300,3480.0,2026-05,RESEARCH_DEVELOPMENT,LISTING_AFTER_30_DAYS,READY,,0
COINUSDT-R-COINUSDT-nyse_20260515T200000Z-s59,COINUSDT,R,59,COINUSDT-nyse_20260515T200000Z,R:COINUSDT:2026-05:59,2026-05-26T19:00:00+00:00,2026-05-29T05:00:00+00:00,2026-05-26T19:00:00+00:00,2026-05-26T21:59:59.999000+00:00,2026-05-26T22:00:00+00:00,2026-05-29T04:59:59.999000+00:00,152880,156360,3480,180,3300,3480.0,2026-05,RESEARCH_DEVELOPMENT,LISTING_AFTER_30_DAYS,READY,,0
COINUSDT-R-COINUSDT-nyse_20260515T200000Z-s97,COINUSDT,R,97,COINUSDT-nyse_20260515T200000Z,R:COINUSDT:2026-05:97,2026-05-19T20:00:00+00:00,2026-05-22T06:00:00+00:00,2026-05-19T20:00:00+00:00,2026-05-19T22:59:59.999000+00:00,2026-05-19T23:00:00+00:00,2026-05-22T05:59:59.999000+00:00,142860,146340,3480,180,3300,3480.0,2026-05,RESEARCH_DEVELOPMENT,LISTING_AFTER_30_DAYS,READY,,0
COINUSDT-R-COINUSDT-nyse_20260522T200000Z-s3,COINUSDT,R,3,COINUSDT-nyse_20260522T200000Z,R:COINUSDT:2026-05:3,2026-05-22T20:00:00+00:00,2026-05-26T06:00:00+00:00,2026-05-22T20:00:00+00:00,2026-05-22T20:00:00+00:00,,,0,0,0,0,0,4920.0,2026-05,RESEARCH_DEVELOPMENT,LISTING_AFTER_30_DAYS,SKIPPED,NO_MATCHED_RANDOM_WINDOW,0
COINUSDT-R-COINUSDT-nyse_20260522T200000Z-s10,COINUSDT,R,10,COINUSDT-nyse_20260522T200000Z,R:COINUSDT:2026-05:10,2026-05-11T21:00:00+00:00,2026-05-15T07:00:00+00:00,2026-05-11T21:00:00+00:00,2026-05-11T23:59:59.999000+00:00,2026-05-12T00:00:00+00:00,2026-05-15T06:59:59.999000+00:00,131400,136320,4920,180,4740,4920.0,2026-05,RESEARCH_DEVELOPMENT,LISTING_AFTER_30_DAYS,READY,,0
COINUSDT-R-COINUSDT-nyse_20260522T200000Z-s17,COINUSDT,R,17,COINUSDT-nyse_20260522T200000Z,R:COINUSDT:2026-05:17,2026-05-22T20:00:00+00:00,2026-05-26T06:00:00+00:00,2026-05-22T20:00:00+00:00,2026-05-22T20:00:00+00:00,,,0,0,0,0,0,4920.0,2026-05,RESEARCH_DEVELOPMENT,LISTING_AFTER_30_DAYS,SKIPPED,NO_MATCHED_RANDOM_WINDOW,0
COINUSDT-R-COINUSDT-nyse_20260522T200000Z-s31,COINUSDT,R,31,COINUSDT-nyse_20260522T200000Z,R:COINUSDT:2026-05:31,2026-05-04T20:00:00+00:00,2026-05-08T06:00:00+00:00,2026-05-04T20:00:00+00:00,2026-05-04T22:59:59.999000+00:00,2026-05-04T23:00:00+00:00,2026-05-08T05:59:59.999000+00:00,121260,126180,4920,180,4740,4920.0,2026-05,RESEARCH_DEVELOPMENT,LISTING_AFTER_30_DAYS,READY,,0
COINUSDT-R-COINUSDT-nyse_20260522T200000Z-s59,COINUSDT,R,59,COINUSDT-nyse_20260522T200000Z,R:COINUSDT:2026-05:59,2026-05-18T20:00:00+00:00,2026-05-22T06:00:00+00:00,2026-05-18T20:00:00+00:00,2026-05-18T22:59:59.999000+00:00,2026-05-18T23:00:00+00:00,2026-05-22T05:59:59.999000+00:00,141420,146340,4920,180,4740,4920.0,2026-05,RESEARCH_DEVELOPMENT,LISTING_AFTER_30_DAYS,READY,,0
COINUSDT-R-COINUSDT-nyse_20260522T200000Z-s97,COINUSDT,R,97,COINUSDT-nyse_20260522T200000Z,R:COINUSDT:2026-05:97,2026-05-22T20:00:00+00:00,2026-05-26T06:00:00+00:00,2026-05-22T20:00:00+00:00,2026-05-22T20:00:00+00:00,,,0,0,0,0,0,4920.0,2026-05,RESEARCH_DEVELOPMENT,LISTING_AFTER_30_DAYS,SKIPPED,NO_MATCHED_RANDOM_WINDOW,0
COINUSDT-R-COINUSDT-nyse_20260529T200000Z-s3,COINUSDT,R,3,COINUSDT-nyse_20260529T200000Z,R:COINUSDT:2026-05:3,2026-05-26T20:00:00+00:00,2026-05-29T06:00:00+00:00,2026-05-26T20:00:00+00:00,2026-05-26T22:59:59.999000+00:00,2026-05-26T23:00:00+00:00,2026-05-29T05:59:59.999000+00:00,152940,156420,3480,180,3300,3480.0,2026-05,RESEARCH_DEVELOPMENT,LISTING_AFTER_30_DAYS,READY,,0
COINUSDT-R-COINUSDT-nyse_20260529T200000Z-s10,COINUSDT,R,10,COINUSDT-nyse_20260529T200000Z,R:COINUSDT:2026-05:10,2026-05-29T20:00:00+00:00,2026-06-01T06:00:00+00:00,2026-05-29T20:00:00+00:00,2026-05-29T20:00:00+00:00,,,0,0,0,0,0,3480.0,2026-05,RESEARCH_DEVELOPMENT,LISTING_AFTER_30_DAYS,SKIPPED,NO_MATCHED_RANDOM_WINDOW,0
COINUSDT-R-COINUSDT-nyse_20260529T200000Z-s17,COINUSDT,R,17,COINUSDT-nyse_20260529T200000Z,R:COINUSDT:2026-05:17,2026-05-26T21:00:00+00:00,2026-05-29T07:00:00+00:00,2026-05-26T21:00:00+00:00,2026-05-26T23:59:59.999000+00:00,2026-05-27T00:00:00+00:00,2026-05-29T06:59:59.999000+00:00,153000,156480,3480,180,3300,3480.0,2026-05,RESEARCH_DEVELOPMENT,LISTING_AFTER_30_DAYS,READY,,0
COINUSDT-R-COINUSDT-nyse_20260529T200000Z-s31,COINUSDT,R,31,COINUSDT-nyse_20260529T200000Z,R:COINUSDT:2026-05:31,2026-05-29T20:00:00+00:00,2026-06-01T06:00:00+00:00,2026-05-29T20:00:00+00:00,2026-05-29T20:00:00+00:00,,,0,0,0,0,0,3480.0,2026-05,RESEARCH_DEVELOPMENT,LISTING_AFTER_30_DAYS,SKIPPED,NO_MATCHED_RANDOM_WINDOW,0
COINUSDT-R-COINUSDT-nyse_20260529T200000Z-s59,COINUSDT,R,59,COINUSDT-nyse_20260529T200000Z,R:COINUSDT:2026-05:59,2026-05-29T20:00:00+00:00,2026-06-01T06:00:00+00:00,2026-05-29T20:00:00+00:00,2026-05-29T20:00:00+00:00,,,0,0,0,0,0,3480.0,2026-05,RESEARCH_DEVELOPMENT,LISTING_AFTER_30_DAYS,SKIPPED,NO_MATCHED_RANDOM_WINDOW,0
COINUSDT-R-COINUSDT-nyse_20260529T200000Z-s97,COINUSDT,R,97,COINUSDT-nyse_20260529T200000Z,R:COINUSDT:2026-05:97,2026-05-26T21:00:00+00:00,2026-05-29T07:00:00+00:00,2026-05-26T21:00:00+00:00,2026-05-26T23:59:59.999000+00:00,2026-05-27T00:00:00+00:00,2026-05-29T06:59:59.999000+00:00,153000,156480,3480,180,3300,3480.0,2026-05,RESEARCH_DEVELOPMENT,LISTING_AFTER_30_DAYS,READY,,0
COINUSDT-R-COINUSDT-nyse_20260605T200000Z-s3,COINUSDT,R,3,COINUSDT-nyse_20260605T200000Z,R:COINUSDT:2026-06:3,2026-06-08T20:00:00+00:00,2026-06-11T06:00:00+00:00,2026-06-08T20:00:00+00:00,2026-06-08T22:59:59.999000+00:00,2026-06-08T23:00:00+00:00,2026-06-11T05:59:59.999000+00:00,171660,175140,3480,180,3300,3480.0,2026-06,SEALED_SHORT_OOS,LISTING_AFTER_30_DAYS,READY,,0
COINUSDT-R-COINUSDT-nyse_20260605T200000Z-s10,COINUSDT,R,10,COINUSDT-nyse_20260605T200000Z,R:COINUSDT:2026-06:10,2026-06-23T20:00:00+00:00,2026-06-26T06:00:00+00:00,2026-06-23T20:00:00+00:00,2026-06-23T22:59:59.999000+00:00,2026-06-23T23:00:00+00:00,2026-06-26T05:59:59.999000+00:00,193260,196740,3480,180,3300,3480.0,2026-06,SEALED_SHORT_OOS,LISTING_AFTER_30_DAYS,READY,,0
COINUSDT-R-COINUSDT-nyse_20260605T200000Z-s17,COINUSDT,R,17,COINUSDT-nyse_20260605T200000Z,R:COINUSDT:2026-06:17,2026-06-09T19:00:00+00:00,2026-06-12T05:00:00+00:00,2026-06-09T19:00:00+00:00,2026-06-09T21:59:59.999000+00:00,2026-06-09T22:00:00+00:00,2026-06-12T04:59:59.999000+00:00,173040,176520,3480,180,3300,3480.0,2026-06,SEALED_SHORT_OOS,LISTING_AFTER_30_DAYS,READY,,0
COINUSDT-R-COINUSDT-nyse_20260605T200000Z-s31,COINUSDT,R,31,COINUSDT-nyse_20260605T200000Z,R:COINUSDT:2026-06:31,2026-06-22T21:00:00+00:00,2026-06-25T07:00:00+00:00,2026-06-22T21:00:00+00:00,2026-06-22T23:59:59.999000+00:00,2026-06-23T00:00:00+00:00,2026-06-25T06:59:59.999000+00:00,191880,195360,3480,180,3300,3480.0,2026-06,SEALED_SHORT_OOS,LISTING_AFTER_30_DAYS,READY,,0
COINUSDT-R-COINUSDT-nyse_20260605T200000Z-s59,COINUSDT,R,59,COINUSDT-nyse_20260605T200000Z,R:COINUSDT:2026-06:59,2026-06-15T21:00:00+00:00,2026-06-18T07:00:00+00:00,2026-06-15T21:00:00+00:00,2026-06-15T23:59:59.999000+00:00,2026-06-16T00:00:00+00:00,2026-06-18T06:59:59.999000+00:00,181800,185280,3480,180,3300,3480.0,2026-06,SEALED_SHORT_OOS,LISTING_AFTER_30_DAYS,READY,,0
COINUSDT-R-COINUSDT-nyse_20260605T200000Z-s97,COINUSDT,R,97,COINUSDT-nyse_20260605T200000Z,R:COINUSDT:2026-06:97,2026-06-08T19:00:00+00:00,2026-06-11T05:00:00+00:00,2026-06-08T19:00:00+00:00,2026-06-08T21:59:59.999000+00:00,2026-06-08T22:00:00+00:00,2026-06-11T04:59:59.999000+00:00,171600,175080,3480,180,3300,3480.0,2026-06,SEALED_SHORT_OOS,LISTING_AFTER_30_DAYS,READY,,0
COINUSDT-R-COINUSDT-nyse_20260612T200000Z-s3,COINUSDT,R,3,COINUSDT-nyse_20260612T200000Z,R:COINUSDT:2026-06:3,2026-06-15T21:00:00+00:00,2026-06-18T07:00:00+00:00,2026-06-15T21:00:00+00:00,2026-06-15T23:59:59.999000+00:00,2026-06-16T00:00:00+00:00,2026-06-18T06:59:59.999000+00:00,181800,185280,3480,180,3300,3480.0,2026-06,SEALED_SHORT_OOS,LISTING_AFTER_30_DAYS,READY,,0
COINUSDT-R-COINUSDT-nyse_20260612T200000Z-s10,COINUSDT,R,10,COINUSDT-nyse_20260612T200000Z,R:COINUSDT:2026-06:10,2026-06-09T20:00:00+00:00,2026-06-12T06:00:00+00:00,2026-06-09T20:00:00+00:00,2026-06-09T22:59:59.999000+00:00,2026-06-09T23:00:00+00:00,2026-06-12T05:59:59.999000+00:00,173100,176580,3480,180,3300,3480.0,2026-06,SEALED_SHORT_OOS,LISTING_AFTER_30_DAYS,READY,,0
COINUSDT-R-COINUSDT-nyse_20260612T200000Z-s17,COINUSDT,R,17,COINUSDT-nyse_20260612T200000Z,R:COINUSDT:2026-06:17,2026-06-02T20:00:00+00:00,2026-06-05T06:00:00+00:00,2026-06-02T20:00:00+00:00,2026-06-02T22:59:59.999000+00:00,2026-06-02T23:00:00+00:00,2026-06-05T05:59:59.999000+00:00,163020,166500,3480,180,3300,3480.0,2026-06,SEALED_SHORT_OOS,LISTING_AFTER_30_DAYS,READY,,0
COINUSDT-R-COINUSDT-nyse_20260612T200000Z-s31,COINUSDT,R,31,COINUSDT-nyse_20260612T200000Z,R:COINUSDT:2026-06:31,2026-06-01T19:00:00+00:00,2026-06-04T05:00:00+00:00,2026-06-01T19:00:00+00:00,2026-06-01T21:59:59.999000+00:00,2026-06-01T22:00:00+00:00,2026-06-04T04:59:59.999000+00:00,161520,165000,3480,180,3300,3480.0,2026-06,SEALED_SHORT_OOS,LISTING_AFTER_30_DAYS,READY,,0
COINUSDT-R-COINUSDT-nyse_20260612T200000Z-s59,COINUSDT,R,59,COINUSDT-nyse_20260612T200000Z,R:COINUSDT:2026-06:59,2026-06-08T21:00:00+00:00,2026-06-11T07:00:00+00:00,2026-06-08T21:00:00+00:00,2026-06-08T23:59:59.999000+00:00,2026-06-09T00:00:00+00:00,2026-06-11T06:59:59.999000+00:00,171720,175200,3480,180,3300,3480.0,2026-06,SEALED_SHORT_OOS,LISTING_AFTER_30_DAYS,READY,,0
COINUSDT-R-COINUSDT-nyse_20260612T200000Z-s97,COINUSDT,R,97,COINUSDT-nyse_20260612T200000Z,R:COINUSDT:2026-06:97,2026-06-29T20:00:00+00:00,2026-07-02T06:00:00+00:00,2026-06-29T20:00:00+00:00,2026-06-29T22:59:59.999000+00:00,2026-06-29T23:00:00+00:00,2026-07-02T05:59:59.999000+00:00,201900,205380,3480,180,3300,3480.0,2026-06,SEALED_SHORT_OOS,LISTING_AFTER_30_DAYS,READY,,0
COINUSDT-R-COINUSDT-nyse_20260618T200000Z-s3,COINUSDT,R,3,COINUSDT-nyse_20260618T200000Z,R:COINUSDT:2026-06:3,2026-06-01T19:00:00+00:00,2026-06-05T05:00:00+00:00,2026-06-01T19:00:00+00:00,2026-06-01T21:59:59.999000+00:00,2026-06-01T22:00:00+00:00,2026-06-05T04:59:59.999000+00:00,161520,166440,4920,180,4740,4920.0,2026-06,SEALED_SHORT_OOS,LISTING_AFTER_30_DAYS,READY,,0
COINUSDT-R-COINUSDT-nyse_20260618T200000Z-s10,COINUSDT,R,10,COINUSDT-nyse_20260618T200000Z,R:COINUSDT:2026-06:10,2026-06-01T19:00:00+00:00,2026-06-05T05:00:00+00:00,2026-06-01T19:00:00+00:00,2026-06-01T21:59:59.999000+00:00,2026-06-01T22:00:00+00:00,2026-06-05T04:59:59.999000+00:00,161520,166440,4920,180,4740,4920.0,2026-06,SEALED_SHORT_OOS,LISTING_AFTER_30_DAYS,READY,,0
COINUSDT-R-COINUSDT-nyse_20260618T200000Z-s17,COINUSDT,R,17,COINUSDT-nyse_20260618T200000Z,R:COINUSDT:2026-06:17,2026-06-22T19:00:00+00:00,2026-06-26T05:00:00+00:00,2026-06-22T19:00:00+00:00,2026-06-22T21:59:59.999000+00:00,2026-06-22T22:00:00+00:00,2026-06-26T04:59:59.999000+00:00,191760,196680,4920,180,4740,4920.0,2026-06,SEALED_SHORT_OOS,LISTING_AFTER_30_DAYS,READY,,0
COINUSDT-R-COINUSDT-nyse_20260618T200000Z-s31,COINUSDT,R,31,COINUSDT-nyse_20260618T200000Z,R:COINUSDT:2026-06:31,2026-06-08T20:00:00+00:00,2026-06-12T06:00:00+00:00,2026-06-08T20:00:00+00:00,2026-06-08T22:59:59.999000+00:00,2026-06-08T23:00:00+00:00,2026-06-12T05:59:59.999000+00:00,171660,176580,4920,180,4740,4920.0,2026-06,SEALED_SHORT_OOS,LISTING_AFTER_30_DAYS,READY,,0
COINUSDT-R-COINUSDT-nyse_20260618T200000Z-s59,COINUSDT,R,59,COINUSDT-nyse_20260618T200000Z,R:COINUSDT:2026-06:59,2026-06-22T20:00:00+00:00,2026-06-26T06:00:00+00:00,2026-06-22T20:00:00+00:00,2026-06-22T22:59:59.999000+00:00,2026-06-22T23:00:00+00:00,2026-06-26T05:59:59.999000+00:00,191820,196740,4920,180,4740,4920.0,2026-06,SEALED_SHORT_OOS,LISTING_AFTER_30_DAYS,READY,,0
COINUSDT-R-COINUSDT-nyse_20260618T200000Z-s97,COINUSDT,R,97,COINUSDT-nyse_20260618T200000Z,R:COINUSDT:2026-06:97,2026-06-22T21:00:00+00:00,2026-06-26T07:00:00+00:00,2026-06-22T21:00:00+00:00,2026-06-22T23:59:59.999000+00:00,2026-06-23T00:00:00+00:00,2026-06-26T06:59:59.999000+00:00,191880,196800,4920,180,4740,4920.0,2026-06,SEALED_SHORT_OOS,LISTING_AFTER_30_DAYS,READY,,0
COINUSDT-R-COINUSDT-nyse_20260626T200000Z-s3,COINUSDT,R,3,COINUSDT-nyse_20260626T200000Z,R:COINUSDT:2026-06:3,2026-06-23T21:00:00+00:00,2026-06-26T07:00:00+00:00,2026-06-23T21:00:00+00:00,2026-06-23T23:59:59.999000+00:00,2026-06-24T00:00:00+00:00,2026-06-26T06:59:59.999000+00:00,193320,196800,3480,180,3300,3480.0,2026-06,SEALED_SHORT_OOS,LISTING_AFTER_30_DAYS,READY,,0
COINUSDT-R-COINUSDT-nyse_20260626T200000Z-s10,COINUSDT,R,10,COINUSDT-nyse_20260626T200000Z,R:COINUSDT:2026-06:10,2026-06-29T21:00:00+00:00,2026-07-02T07:00:00+00:00,2026-06-29T21:00:00+00:00,2026-06-29T23:59:59.999000+00:00,2026-06-30T00:00:00+00:00,2026-07-02T06:59:59.999000+00:00,201960,205440,3480,180,3300,3480.0,2026-06,SEALED_SHORT_OOS,LISTING_AFTER_30_DAYS,READY,,0
COINUSDT-R-COINUSDT-nyse_20260626T200000Z-s17,COINUSDT,R,17,COINUSDT-nyse_20260626T200000Z,R:COINUSDT:2026-06:17,2026-06-29T20:00:00+00:00,2026-07-02T06:00:00+00:00,2026-06-29T20:00:00+00:00,2026-06-29T22:59:59.999000+00:00,2026-06-29T23:00:00+00:00,2026-07-02T05:59:59.999000+00:00,201900,205380,3480,180,3300,3480.0,2026-06,SEALED_SHORT_OOS,LISTING_AFTER_30_DAYS,READY,,0
COINUSDT-R-COINUSDT-nyse_20260626T200000Z-s31,COINUSDT,R,31,COINUSDT-nyse_20260626T200000Z,R:COINUSDT:2026-06:31,2026-06-29T21:00:00+00:00,2026-07-02T07:00:00+00:00,2026-06-29T21:00:00+00:00,2026-06-29T23:59:59.999000+00:00,2026-06-30T00:00:00+00:00,2026-07-02T06:59:59.999000+00:00,201960,205440,3480,180,3300,3480.0,2026-06,SEALED_SHORT_OOS,LISTING_AFTER_30_DAYS,READY,,0
COINUSDT-R-COINUSDT-nyse_20260626T200000Z-s59,COINUSDT,R,59,COINUSDT-nyse_20260626T200000Z,R:COINUSDT:2026-06:59,2026-06-02T19:00:00+00:00,2026-06-05T05:00:00+00:00,2026-06-02T19:00:00+00:00,2026-06-02T21:59:59.999000+00:00,2026-06-02T22:00:00+00:00,2026-06-05T04:59:59.999000+00:00,162960,166440,3480,180,3300,3480.0,2026-06,SEALED_SHORT_OOS,LISTING_AFTER_30_DAYS,READY,,0
COINUSDT-R-COINUSDT-nyse_20260626T200000Z-s97,COINUSDT,R,97,COINUSDT-nyse_20260626T200000Z,R:COINUSDT:2026-06:97,2026-06-15T21:00:00+00:00,2026-06-18T07:00:00+00:00,2026-06-15T21:00:00+00:00,2026-06-15T23:59:59.999000+00:00,2026-06-16T00:00:00+00:00,2026-06-18T06:59:59.999000+00:00,181800,185280,3480,180,3300,3480.0,2026-06,SEALED_SHORT_OOS,LISTING_AFTER_30_DAYS,READY,,0
COINUSDT-R-COINUSDT-nyse_20260702T200000Z-s3,COINUSDT,R,3,COINUSDT-nyse_20260702T200000Z,R:COINUSDT:2026-07:3,2026-07-13T19:00:00+00:00,2026-07-17T05:00:00+00:00,2026-07-13T19:00:00+00:00,2026-07-13T21:59:59.999000+00:00,2026-07-13T22:00:00+00:00,2026-07-17T04:59:59.999000+00:00,222000,226920,4920,180,4740,4920.0,2026-07,DESCRIPTIVE_ONLY,LISTING_AFTER_30_DAYS,READY,,0
COINUSDT-R-COINUSDT-nyse_20260702T200000Z-s10,COINUSDT,R,10,COINUSDT-nyse_20260702T200000Z,R:COINUSDT:2026-07:10,2026-07-06T20:00:00+00:00,2026-07-10T06:00:00+00:00,2026-07-06T20:00:00+00:00,2026-07-06T22:59:59.999000+00:00,2026-07-06T23:00:00+00:00,2026-07-10T05:59:59.999000+00:00,211980,216900,4920,180,4740,4920.0,2026-07,DESCRIPTIVE_ONLY,LISTING_AFTER_30_DAYS,READY,,0
COINUSDT-R-COINUSDT-nyse_20260702T200000Z-s17,COINUSDT,R,17,COINUSDT-nyse_20260702T200000Z,R:COINUSDT:2026-07:17,2026-07-13T19:00:00+00:00,2026-07-17T05:00:00+00:00,2026-07-13T19:00:00+00:00,2026-07-13T21:59:59.999000+00:00,2026-07-13T22:00:00+00:00,2026-07-17T04:59:59.999000+00:00,222000,226920,4920,180,4740,4920.0,2026-07,DESCRIPTIVE_ONLY,LISTING_AFTER_30_DAYS,READY,,0
COINUSDT-R-COINUSDT-nyse_20260702T200000Z-s31,COINUSDT,R,31,COINUSDT-nyse_20260702T200000Z,R:COINUSDT:2026-07:31,2026-07-06T19:00:00+00:00,2026-07-10T05:00:00+00:00,2026-07-06T19:00:00+00:00,2026-07-06T21:59:59.999000+00:00,2026-07-06T22:00:00+00:00,2026-07-10T04:59:59.999000+00:00,211920,216840,4920,180,4740,4920.0,2026-07,DESCRIPTIVE_ONLY,LISTING_AFTER_30_DAYS,READY,,0
COINUSDT-R-COINUSDT-nyse_20260702T200000Z-s59,COINUSDT,R,59,COINUSDT-nyse_20260702T200000Z,R:COINUSDT:2026-07:59,2026-07-06T20:00:00+00:00,2026-07-10T06:00:00+00:00,2026-07-06T20:00:00+00:00,2026-07-06T22:59:59.999000+00:00,2026-07-06T23:00:00+00:00,2026-07-10T05:59:59.999000+00:00,211980,216900,4920,180,4740,4920.0,2026-07,DESCRIPTIVE_ONLY,LISTING_AFTER_30_DAYS,READY,,0
COINUSDT-R-COINUSDT-nyse_20260702T200000Z-s97,COINUSDT,R,97,COINUSDT-nyse_20260702T200000Z,R:COINUSDT:2026-07:97,2026-07-13T21:00:00+00:00,2026-07-17T07:00:00+00:00,2026-07-13T21:00:00+00:00,2026-07-13T23:59:59.999000+00:00,2026-07-14T00:00:00+00:00,2026-07-17T06:59:59.999000+00:00,222120,227040,4920,180,4740,4920.0,2026-07,DESCRIPTIVE_ONLY,LISTING_AFTER_30_DAYS,READY,,0
COINUSDT-R-COINUSDT-nyse_20260710T200000Z-s3,COINUSDT,R,3,COINUSDT-nyse_20260710T200000Z,R:COINUSDT:2026-07:3,2026-07-06T21:00:00+00:00,2026-07-09T07:00:00+00:00,2026-07-06T21:00:00+00:00,2026-07-06T23:59:59.999000+00:00,2026-07-07T00:00:00+00:00,2026-07-09T06:59:59.999000+00:00,212040,215520,3480,180,3300,3480.0,2026-07,DESCRIPTIVE_ONLY,LISTING_AFTER_30_DAYS,READY,,0
COINUSDT-R-COINUSDT-nyse_20260710T200000Z-s10,COINUSDT,R,10,COINUSDT-nyse_20260710T200000Z,R:COINUSDT:2026-07:10,2026-07-14T20:00:00+00:00,2026-07-17T06:00:00+00:00,2026-07-14T20:00:00+00:00,2026-07-14T22:59:59.999000+00:00,2026-07-14T23:00:00+00:00,2026-07-17T05:59:59.999000+00:00,223500,226980,3480,180,3300,3480.0,2026-07,DESCRIPTIVE_ONLY,LISTING_AFTER_30_DAYS,READY,,0
COINUSDT-R-COINUSDT-nyse_20260710T200000Z-s17,COINUSDT,R,17,COINUSDT-nyse_20260710T200000Z,R:COINUSDT:2026-07:17,2026-07-20T21:00:00+00:00,2026-07-23T07:00:00+00:00,2026-07-20T21:00:00+00:00,2026-07-20T23:59:59.999000+00:00,2026-07-21T00:00:00+00:00,2026-07-23T06:59:59.999000+00:00,232200,235680,3480,180,3300,3480.0,2026-07,DESCRIPTIVE_ONLY,LISTING_AFTER_30_DAYS,READY,,0
COINUSDT-R-COINUSDT-nyse_20260710T200000Z-s31,COINUSDT,R,31,COINUSDT-nyse_20260710T200000Z,R:COINUSDT:2026-07:31,2026-07-13T19:00:00+00:00,2026-07-16T05:00:00+00:00,2026-07-13T19:00:00+00:00,2026-07-13T21:59:59.999000+00:00,2026-07-13T22:00:00+00:00,2026-07-16T04:59:59.999000+00:00,222000,225480,3480,180,3300,3480.0,2026-07,DESCRIPTIVE_ONLY,LISTING_AFTER_30_DAYS,READY,,0
COINUSDT-R-COINUSDT-nyse_20260710T200000Z-s59,COINUSDT,R,59,COINUSDT-nyse_20260710T200000Z,R:COINUSDT:2026-07:59,2026-07-20T21:00:00+00:00,2026-07-23T07:00:00+00:00,2026-07-20T21:00:00+00:00,2026-07-20T23:59:59.999000+00:00,2026-07-21T00:00:00+00:00,2026-07-23T06:59:59.999000+00:00,232200,235680,3480,180,3300,3480.0,2026-07,DESCRIPTIVE_ONLY,LISTING_AFTER_30_DAYS,READY,,0
COINUSDT-R-COINUSDT-nyse_20260710T200000Z-s97,COINUSDT,R,97,COINUSDT-nyse_20260710T200000Z,R:COINUSDT:2026-07:97,2026-07-20T19:00:00+00:00,2026-07-23T05:00:00+00:00,2026-07-20T19:00:00+00:00,2026-07-20T21:59:59.999000+00:00,2026-07-20T22:00:00+00:00,2026-07-23T04:59:59.999000+00:00,232080,235560,3480,180,3300,3480.0,2026-07,DESCRIPTIVE_ONLY,LISTING_AFTER_30_DAYS,READY,,0
COINUSDT-R-COINUSDT-nyse_20260717T200000Z-s3,COINUSDT,R,3,COINUSDT-nyse_20260717T200000Z,R:COINUSDT:2026-07:3,2026-07-20T21:00:00+00:00,2026-07-23T07:00:00+00:00,2026-07-20T21:00:00+00:00,2026-07-20T23:59:59.999000+00:00,2026-07-21T00:00:00+00:00,2026-07-23T06:59:59.999000+00:00,232200,235680,3480,180,3300,3480.0,2026-07,DESCRIPTIVE_ONLY,LISTING_AFTER_30_DAYS,READY,,0
COINUSDT-R-COINUSDT-nyse_20260717T200000Z-s10,COINUSDT,R,10,COINUSDT-nyse_20260717T200000Z,R:COINUSDT:2026-07:10,2026-07-20T19:00:00+00:00,2026-07-23T05:00:00+00:00,2026-07-20T19:00:00+00:00,2026-07-20T21:59:59.999000+00:00,2026-07-20T22:00:00+00:00,2026-07-23T04:59:59.999000+00:00,232080,235560,3480,180,3300,3480.0,2026-07,DESCRIPTIVE_ONLY,LISTING_AFTER_30_DAYS,READY,,0
COINUSDT-R-COINUSDT-nyse_20260717T200000Z-s17,COINUSDT,R,17,COINUSDT-nyse_20260717T200000Z,R:COINUSDT:2026-07:17,2026-07-07T21:00:00+00:00,2026-07-10T07:00:00+00:00,2026-07-07T21:00:00+00:00,2026-07-07T23:59:59.999000+00:00,2026-07-08T00:00:00+00:00,2026-07-10T06:59:59.999000+00:00,213480,216960,3480,180,3300,3480.0,2026-07,DESCRIPTIVE_ONLY,LISTING_AFTER_30_DAYS,READY,,0
COINUSDT-R-COINUSDT-nyse_20260717T200000Z-s31,COINUSDT,R,31,COINUSDT-nyse_20260717T200000Z,R:COINUSDT:2026-07:31,2026-07-20T21:00:00+00:00,2026-07-23T07:00:00+00:00,2026-07-20T21:00:00+00:00,2026-07-20T23:59:59.999000+00:00,2026-07-21T00:00:00+00:00,2026-07-23T06:59:59.999000+00:00,232200,235680,3480,180,3300,3480.0,2026-07,DESCRIPTIVE_ONLY,LISTING_AFTER_30_DAYS,READY,,0
COINUSDT-R-COINUSDT-nyse_20260717T200000Z-s59,COINUSDT,R,59,COINUSDT-nyse_20260717T200000Z,R:COINUSDT:2026-07:59,2026-07-14T20:00:00+00:00,2026-07-17T06:00:00+00:00,2026-07-14T20:00:00+00:00,2026-07-14T22:59:59.999000+00:00,2026-07-14T23:00:00+00:00,2026-07-17T05:59:59.999000+00:00,223500,226980,3480,180,3300,3480.0,2026-07,DESCRIPTIVE_ONLY,LISTING_AFTER_30_DAYS,READY,,0
COINUSDT-R-COINUSDT-nyse_20260717T200000Z-s97,COINUSDT,R,97,COINUSDT-nyse_20260717T200000Z,R:COINUSDT:2026-07:97,2026-07-07T19:00:00+00:00,2026-07-10T05:00:00+00:00,2026-07-07T19:00:00+00:00,2026-07-07T21:59:59.999000+00:00,2026-07-07T22:00:00+00:00,2026-07-10T04:59:59.999000+00:00,213360,216840,3480,180,3300,3480.0,2026-07,DESCRIPTIVE_ONLY,LISTING_AFTER_30_DAYS,READY,,0
CRCLUSDT-nyse_20260213T210000Z,CRCLUSDT,W,,,NYSE:2026-02-13T21:00:00+00:00:2026-02-17T07:00:00+00:00,2026-02-13T21:00:00+00:00,2026-02-17T07:00:00+00:00,2026-02-13T21:00:00+00:00,2026-02-13T23:59:59.999000+00:00,2026-02-14T00:00:00+00:00,2026-02-17T06:59:59.999000+00:00,6130,11050,4920,180,4740,4920.0,2026-02,DESCRIPTIVE_ONLY,LISTING_DAYS_1_14,READY,,0
CRCLUSDT-nyse_20260220T210000Z,CRCLUSDT,W,,,NYSE:2026-02-20T21:00:00+00:00:2026-02-23T07:00:00+00:00,2026-02-20T21:00:00+00:00,2026-02-23T07:00:00+00:00,2026-02-20T21:00:00+00:00,2026-02-20T23:59:59.999000+00:00,2026-02-21T00:00:00+00:00,2026-02-23T06:59:59.999000+00:00,16210,19690,3480,180,3300,3480.0,2026-02,DESCRIPTIVE_ONLY,LISTING_DAYS_1_14,READY,,0
CRCLUSDT-nyse_20260227T210000Z,CRCLUSDT,W,,,NYSE:2026-02-27T21:00:00+00:00:2026-03-02T07:00:00+00:00,2026-02-27T21:00:00+00:00,2026-03-02T07:00:00+00:00,2026-02-27T21:00:00+00:00,2026-02-27T23:59:59.999000+00:00,2026-02-28T00:00:00+00:00,2026-03-02T06:59:59.999000+00:00,26290,29770,3480,180,3300,3480.0,2026-02,DESCRIPTIVE_ONLY,LISTING_DAYS_15_30,READY,,0
CRCLUSDT-nyse_20260306T210000Z,CRCLUSDT,W,,,NYSE:2026-03-06T21:00:00+00:00:2026-03-09T06:00:00+00:00,2026-03-06T21:00:00+00:00,2026-03-09T06:00:00+00:00,2026-03-06T21:00:00+00:00,2026-03-06T23:59:59.999000+00:00,2026-03-07T00:00:00+00:00,2026-03-09T05:59:59.999000+00:00,36370,39790,3420,180,3240,3420.0,2026-03,RESEARCH_DEVELOPMENT,LISTING_DAYS_15_30,READY,,0
CRCLUSDT-nyse_20260313T200000Z,CRCLUSDT,W,,,NYSE:2026-03-13T20:00:00+00:00:2026-03-16T06:00:00+00:00,2026-03-13T20:00:00+00:00,2026-03-16T06:00:00+00:00,2026-03-13T20:00:00+00:00,2026-03-13T22:59:59.999000+00:00,2026-03-13T23:00:00+00:00,2026-03-16T05:59:59.999000+00:00,46390,49870,3480,180,3300,3480.0,2026-03,RESEARCH_DEVELOPMENT,LISTING_AFTER_30_DAYS,READY,,0
CRCLUSDT-nyse_20260320T200000Z,CRCLUSDT,W,,,NYSE:2026-03-20T20:00:00+00:00:2026-03-23T06:00:00+00:00,2026-03-20T20:00:00+00:00,2026-03-23T06:00:00+00:00,2026-03-20T20:00:00+00:00,2026-03-20T22:59:59.999000+00:00,2026-03-20T23:00:00+00:00,2026-03-23T05:59:59.999000+00:00,56470,59950,3480,180,3300,3480.0,2026-03,RESEARCH_DEVELOPMENT,LISTING_AFTER_30_DAYS,READY,,0
CRCLUSDT-nyse_20260327T200000Z,CRCLUSDT,W,,,NYSE:2026-03-27T20:00:00+00:00:2026-03-30T06:00:00+00:00,2026-03-27T20:00:00+00:00,2026-03-30T06:00:00+00:00,2026-03-27T20:00:00+00:00,2026-03-27T22:59:59.999000+00:00,2026-03-27T23:00:00+00:00,2026-03-30T05:59:59.999000+00:00,66550,70030,3480,180,3300,3480.0,2026-03,RESEARCH_DEVELOPMENT,LISTING_AFTER_30_DAYS,READY,,0
CRCLUSDT-nyse_20260402T200000Z,CRCLUSDT,W,,,NYSE:2026-04-02T20:00:00+00:00:2026-04-06T06:00:00+00:00,2026-04-02T20:00:00+00:00,2026-04-06T06:00:00+00:00,2026-04-02T20:00:00+00:00,2026-04-02T22:59:59.999000+00:00,2026-04-02T23:00:00+00:00,2026-04-06T05:59:59.999000+00:00,75190,80110,4920,180,4740,4920.0,2026-04,RESEARCH_DEVELOPMENT,LISTING_AFTER_30_DAYS,READY,,0
CRCLUSDT-nyse_20260410T200000Z,CRCLUSDT,W,,,NYSE:2026-04-10T20:00:00+00:00:2026-04-13T06:00:00+00:00,2026-04-10T20:00:00+00:00,2026-04-13T06:00:00+00:00,2026-04-10T20:00:00+00:00,2026-04-10T22:59:59.999000+00:00,2026-04-10T23:00:00+00:00,2026-04-13T05:59:59.999000+00:00,86710,90190,3480,180,3300,3480.0,2026-04,RESEARCH_DEVELOPMENT,LISTING_AFTER_30_DAYS,READY,,0
CRCLUSDT-nyse_20260417T200000Z,CRCLUSDT,W,,,NYSE:2026-04-17T20:00:00+00:00:2026-04-20T06:00:00+00:00,2026-04-17T20:00:00+00:00,2026-04-20T06:00:00+00:00,2026-04-17T20:00:00+00:00,2026-04-17T22:59:59.999000+00:00,2026-04-17T23:00:00+00:00,2026-04-20T05:59:59.999000+00:00,96790,100270,3480,180,3300,3480.0,2026-04,RESEARCH_DEVELOPMENT,LISTING_AFTER_30_DAYS,READY,,0
CRCLUSDT-nyse_20260424T200000Z,CRCLUSDT,W,,,NYSE:2026-04-24T20:00:00+00:00:2026-04-27T06:00:00+00:00,2026-04-24T20:00:00+00:00,2026-04-27T06:00:00+00:00,2026-04-24T20:00:00+00:00,2026-04-24T22:59:59.999000+00:00,2026-04-24T23:00:00+00:00,2026-04-27T05:59:59.999000+00:00,106870,110350,3480,180,3300,3480.0,2026-04,RESEARCH_DEVELOPMENT,LISTING_AFTER_30_DAYS,READY,,0
CRCLUSDT-nyse_20260501T200000Z,CRCLUSDT,W,,,NYSE:2026-05-01T20:00:00+00:00:2026-05-04T06:00:00+00:00,2026-05-01T20:00:00+00:00,2026-05-04T06:00:00+00:00,2026-05-01T20:00:00+00:00,2026-05-01T22:59:59.999000+00:00,2026-05-01T23:00:00+00:00,2026-05-04T05:59:59.999000+00:00,116950,120430,3480,180,3300,3480.0,2026-05,RESEARCH_DEVELOPMENT,LISTING_AFTER_30_DAYS,READY,,0
CRCLUSDT-nyse_20260508T200000Z,CRCLUSDT,W,,,NYSE:2026-05-08T20:00:00+00:00:2026-05-11T06:00:00+00:00,2026-05-08T20:00:00+00:00,2026-05-11T06:00:00+00:00,2026-05-08T20:00:00+00:00,2026-05-08T22:59:59.999000+00:00,2026-05-08T23:00:00+00:00,2026-05-11T05:59:59.999000+00:00,127030,130510,3480,180,3300,3480.0,2026-05,RESEARCH_DEVELOPMENT,LISTING_AFTER_30_DAYS,READY,,0
CRCLUSDT-nyse_20260515T200000Z,CRCLUSDT,W,,,NYSE:2026-05-15T20:00:00+00:00:2026-05-18T06:00:00+00:00,2026-05-15T20:00:00+00:00,2026-05-18T06:00:00+00:00,2026-05-15T20:00:00+00:00,2026-05-15T22:59:59.999000+00:00,2026-05-15T23:00:00+00:00,2026-05-18T05:59:59.999000+00:00,137110,140590,3480,180,3300,3480.0,2026-05,RESEARCH_DEVELOPMENT,LISTING_AFTER_30_DAYS,READY,,0
CRCLUSDT-nyse_20260522T200000Z,CRCLUSDT,W,,,NYSE:2026-05-22T20:00:00+00:00:2026-05-26T06:00:00+00:00,2026-05-22T20:00:00+00:00,2026-05-26T06:00:00+00:00,2026-05-22T20:00:00+00:00,2026-05-22T22:59:59.999000+00:00,2026-05-22T23:00:00+00:00,2026-05-26T05:59:59.999000+00:00,147190,152110,4920,180,4740,4920.0,2026-05,RESEARCH_DEVELOPMENT,LISTING_AFTER_30_DAYS,READY,,0
CRCLUSDT-nyse_20260529T200000Z,CRCLUSDT,W,,,NYSE:2026-05-29T20:00:00+00:00:2026-06-01T06:00:00+00:00,2026-05-29T20:00:00+00:00,2026-06-01T06:00:00+00:00,2026-05-29T20:00:00+00:00,2026-05-29T22:59:59.999000+00:00,2026-05-29T23:00:00+00:00,2026-06-01T05:59:59.999000+00:00,157270,160750,3480,180,3300,3480.0,2026-05,RESEARCH_DEVELOPMENT,LISTING_AFTER_30_DAYS,READY,,0
CRCLUSDT-nyse_20260605T200000Z,CRCLUSDT,W,,,NYSE:2026-06-05T20:00:00+00:00:2026-06-08T06:00:00+00:00,2026-06-05T20:00:00+00:00,2026-06-08T06:00:00+00:00,2026-06-05T20:00:00+00:00,2026-06-05T22:59:59.999000+00:00,2026-06-05T23:00:00+00:00,2026-06-08T05:59:59.999000+00:00,167350,170830,3480,180,3300,3480.0,2026-06,SEALED_SHORT_OOS,LISTING_AFTER_30_DAYS,READY,,0
CRCLUSDT-nyse_20260612T200000Z,CRCLUSDT,W,,,NYSE:2026-06-12T20:00:00+00:00:2026-06-15T06:00:00+00:00,2026-06-12T20:00:00+00:00,2026-06-15T06:00:00+00:00,2026-06-12T20:00:00+00:00,2026-06-12T22:59:59.999000+00:00,2026-06-12T23:00:00+00:00,2026-06-15T05:59:59.999000+00:00,177430,180910,3480,180,3300,3480.0,2026-06,SEALED_SHORT_OOS,LISTING_AFTER_30_DAYS,READY,,0
CRCLUSDT-nyse_20260618T200000Z,CRCLUSDT,W,,,NYSE:2026-06-18T20:00:00+00:00:2026-06-22T06:00:00+00:00,2026-06-18T20:00:00+00:00,2026-06-22T06:00:00+00:00,2026-06-18T20:00:00+00:00,2026-06-18T22:59:59.999000+00:00,2026-06-18T23:00:00+00:00,2026-06-22T05:59:59.999000+00:00,186070,190990,4920,180,4740,4920.0,2026-06,SEALED_SHORT_OOS,LISTING_AFTER_30_DAYS,READY,,0
CRCLUSDT-nyse_20260626T200000Z,CRCLUSDT,W,,,NYSE:2026-06-26T20:00:00+00:00:2026-06-29T06:00:00+00:00,2026-06-26T20:00:00+00:00,2026-06-29T06:00:00+00:00,2026-06-26T20:00:00+00:00,2026-06-26T22:59:59.999000+00:00,2026-06-26T23:00:00+00:00,2026-06-29T05:59:59.999000+00:00,197590,201070,3480,180,3300,3480.0,2026-06,SEALED_SHORT_OOS,LISTING_AFTER_30_DAYS,READY,,0
CRCLUSDT-nyse_20260702T200000Z,CRCLUSDT,W,,,NYSE:2026-07-02T20:00:00+00:00:2026-07-06T06:00:00+00:00,2026-07-02T20:00:00+00:00,2026-07-06T06:00:00+00:00,2026-07-02T20:00:00+00:00,2026-07-02T22:59:59.999000+00:00,2026-07-02T23:00:00+00:00,2026-07-06T05:59:59.999000+00:00,206230,211150,4920,180,4740,4920.0,2026-07,DESCRIPTIVE_ONLY,LISTING_AFTER_30_DAYS,READY,,0
CRCLUSDT-nyse_20260710T200000Z,CRCLUSDT,W,,,NYSE:2026-07-10T20:00:00+00:00:2026-07-13T06:00:00+00:00,2026-07-10T20:00:00+00:00,2026-07-13T06:00:00+00:00,2026-07-10T20:00:00+00:00,2026-07-10T22:59:59.999000+00:00,2026-07-10T23:00:00+00:00,2026-07-13T05:59:59.999000+00:00,217750,221230,3480,180,3300,3480.0,2026-07,DESCRIPTIVE_ONLY,LISTING_AFTER_30_DAYS,READY,,0
CRCLUSDT-nyse_20260717T200000Z,CRCLUSDT,W,,,NYSE:2026-07-17T20:00:00+00:00:2026-07-20T06:00:00+00:00,2026-07-17T20:00:00+00:00,2026-07-20T06:00:00+00:00,2026-07-17T20:00:00+00:00,2026-07-17T22:59:59.999000+00:00,2026-07-17T23:00:00+00:00,2026-07-20T05:59:59.999000+00:00,227830,231310,3480,180,3300,3480.0,2026-07,DESCRIPTIVE_ONLY,LISTING_AFTER_30_DAYS,READY,,0
CRCLUSDT-O-20260723T200000Z,CRCLUSDT,O,,,NYSE:2026-07-23T20:00:00+00:00:2026-07-24T06:00:00+00:00,2026-07-23T20:00:00+00:00,2026-07-24T06:00:00+00:00,2026-07-23T20:00:00+00:00,2026-07-23T22:59:59.999000+00:00,2026-07-23T23:00:00+00:00,2026-07-23T23:59:59.999000+00:00,236470,236710,240,180,60,600.0,2026-07,DESCRIPTIVE_ONLY,LISTING_AFTER_30_DAYS,READY,,0
CRCLUSDT-O-20260209T210000Z,CRCLUSDT,O,,,NYSE:2026-02-09T21:00:00+00:00:2026-02-10T07:00:00+00:00,2026-02-09T21:00:00+00:00,2026-02-10T07:00:00+00:00,2026-02-09T21:00:00+00:00,2026-02-09T23:59:59.999000+00:00,2026-02-10T00:00:00+00:00,2026-02-10T06:59:59.999000+00:00,370,970,600,180,420,600.0,2026-02,DESCRIPTIVE_ONLY,LISTING_DAYS_1_14,SKIPPED,OVERLAPS_FROZEN_RANDOM_WINDOW,0
CRCLUSDT-O-20260210T210000Z,CRCLUSDT,O,,,NYSE:2026-02-10T21:00:00+00:00:2026-02-11T07:00:00+00:00,2026-02-10T21:00:00+00:00,2026-02-11T07:00:00+00:00,2026-02-10T21:00:00+00:00,2026-02-10T23:59:59.999000+00:00,2026-02-11T00:00:00+00:00,2026-02-11T06:59:59.999000+00:00,1810,2410,600,180,420,600.0,2026-02,DESCRIPTIVE_ONLY,LISTING_DAYS_1_14,SKIPPED,OVERLAPS_FROZEN_RANDOM_WINDOW,0
CRCLUSDT-O-20260211T210000Z,CRCLUSDT,O,,,NYSE:2026-02-11T21:00:00+00:00:2026-02-12T07:00:00+00:00,2026-02-11T21:00:00+00:00,2026-02-12T07:00:00+00:00,2026-02-11T21:00:00+00:00,2026-02-11T23:59:59.999000+00:00,2026-02-12T00:00:00+00:00,2026-02-12T06:59:59.999000+00:00,3250,3850,600,180,420,600.0,2026-02,DESCRIPTIVE_ONLY,LISTING_DAYS_1_14,SKIPPED,OVERLAPS_FROZEN_RANDOM_WINDOW,0
CRCLUSDT-O-20260212T210000Z,CRCLUSDT,O,,,NYSE:2026-02-12T21:00:00+00:00:2026-02-13T07:00:00+00:00,2026-02-12T21:00:00+00:00,2026-02-13T07:00:00+00:00,2026-02-12T21:00:00+00:00,2026-02-12T23:59:59.999000+00:00,2026-02-13T00:00:00+00:00,2026-02-13T06:59:59.999000+00:00,4690,5290,600,180,420,600.0,2026-02,DESCRIPTIVE_ONLY,LISTING_DAYS_1_14,SKIPPED,OVERLAPS_FROZEN_RANDOM_WINDOW,0
CRCLUSDT-O-20260217T210000Z,CRCLUSDT,O,,,NYSE:2026-02-17T21:00:00+00:00:2026-02-18T07:00:00+00:00,2026-02-17T21:00:00+00:00,2026-02-18T07:00:00+00:00,2026-02-17T21:00:00+00:00,2026-02-17T23:59:59.999000+00:00,2026-02-18T00:00:00+00:00,2026-02-18T06:59:59.999000+00:00,11890,12490,600,180,420,600.0,2026-02,DESCRIPTIVE_ONLY,LISTING_DAYS_1_14,SKIPPED,OVERLAPS_FROZEN_RANDOM_WINDOW,0
CRCLUSDT-O-20260218T210000Z,CRCLUSDT,O,,,NYSE:2026-02-18T21:00:00+00:00:2026-02-19T07:00:00+00:00,2026-02-18T21:00:00+00:00,2026-02-19T07:00:00+00:00,2026-02-18T21:00:00+00:00,2026-02-18T23:59:59.999000+00:00,2026-02-19T00:00:00+00:00,2026-02-19T06:59:59.999000+00:00,13330,13930,600,180,420,600.0,2026-02,DESCRIPTIVE_ONLY,LISTING_DAYS_1_14,SKIPPED,OVERLAPS_FROZEN_RANDOM_WINDOW,0
CRCLUSDT-O-20260219T210000Z,CRCLUSDT,O,,,NYSE:2026-02-19T21:00:00+00:00:2026-02-20T07:00:00+00:00,2026-02-19T21:00:00+00:00,2026-02-20T07:00:00+00:00,2026-02-19T21:00:00+00:00,2026-02-19T23:59:59.999000+00:00,2026-02-20T00:00:00+00:00,2026-02-20T06:59:59.999000+00:00,14770,15370,600,180,420,600.0,2026-02,DESCRIPTIVE_ONLY,LISTING_DAYS_1_14,SKIPPED,OVERLAPS_FROZEN_RANDOM_WINDOW,0
CRCLUSDT-O-20260223T210000Z,CRCLUSDT,O,,,NYSE:2026-02-23T21:00:00+00:00:2026-02-24T07:00:00+00:00,2026-02-23T21:00:00+00:00,2026-02-24T07:00:00+00:00,2026-02-23T21:00:00+00:00,2026-02-23T23:59:59.999000+00:00,2026-02-24T00:00:00+00:00,2026-02-24T06:59:59.999000+00:00,20530,21130,600,180,420,600.0,2026-02,DESCRIPTIVE_ONLY,LISTING_DAYS_15_30,SKIPPED,OVERLAPS_FROZEN_RANDOM_WINDOW,0
CRCLUSDT-O-20260224T210000Z,CRCLUSDT,O,,,NYSE:2026-02-24T21:00:00+00:00:2026-02-25T07:00:00+00:00,2026-02-24T21:00:00+00:00,2026-02-25T07:00:00+00:00,2026-02-24T21:00:00+00:00,2026-02-24T23:59:59.999000+00:00,2026-02-25T00:00:00+00:00,2026-02-25T06:59:59.999000+00:00,21970,22570,600,180,420,600.0,2026-02,DESCRIPTIVE_ONLY,LISTING_DAYS_15_30,SKIPPED,OVERLAPS_FROZEN_RANDOM_WINDOW,0
CRCLUSDT-O-20260225T210000Z,CRCLUSDT,O,,,NYSE:2026-02-25T21:00:00+00:00:2026-02-26T07:00:00+00:00,2026-02-25T21:00:00+00:00,2026-02-26T07:00:00+00:00,2026-02-25T21:00:00+00:00,2026-02-25T23:59:59.999000+00:00,2026-02-26T00:00:00+00:00,2026-02-26T06:59:59.999000+00:00,23410,24010,600,180,420,600.0,2026-02,DESCRIPTIVE_ONLY,LISTING_DAYS_15_30,SKIPPED,OVERLAPS_FROZEN_RANDOM_WINDOW,0
CRCLUSDT-O-20260226T210000Z,CRCLUSDT,O,,,NYSE:2026-02-26T21:00:00+00:00:2026-02-27T07:00:00+00:00,2026-02-26T21:00:00+00:00,2026-02-27T07:00:00+00:00,2026-02-26T21:00:00+00:00,2026-02-26T23:59:59.999000+00:00,2026-02-27T00:00:00+00:00,2026-02-27T06:59:59.999000+00:00,24850,25450,600,180,420,600.0,2026-02,DESCRIPTIVE_ONLY,LISTING_DAYS_15_30,SKIPPED,OVERLAPS_FROZEN_RANDOM_WINDOW,0
CRCLUSDT-O-20260302T210000Z,CRCLUSDT,O,,,NYSE:2026-03-02T21:00:00+00:00:2026-03-03T07:00:00+00:00,2026-03-02T21:00:00+00:00,2026-03-03T07:00:00+00:00,2026-03-02T21:00:00+00:00,2026-03-02T23:59:59.999000+00:00,2026-03-03T00:00:00+00:00,2026-03-03T06:59:59.999000+00:00,30610,31210,600,180,420,600.0,2026-03,RESEARCH_DEVELOPMENT,LISTING_DAYS_15_30,SKIPPED,OVERLAPS_FROZEN_RANDOM_WINDOW,0
CRCLUSDT-O-20260303T210000Z,CRCLUSDT,O,,,NYSE:2026-03-03T21:00:00+00:00:2026-03-04T07:00:00+00:00,2026-03-03T21:00:00+00:00,2026-03-04T07:00:00+00:00,2026-03-03T21:00:00+00:00,2026-03-03T23:59:59.999000+00:00,2026-03-04T00:00:00+00:00,2026-03-04T06:59:59.999000+00:00,32050,32650,600,180,420,600.0,2026-03,RESEARCH_DEVELOPMENT,LISTING_DAYS_15_30,SKIPPED,OVERLAPS_FROZEN_RANDOM_WINDOW,0
CRCLUSDT-O-20260304T210000Z,CRCLUSDT,O,,,NYSE:2026-03-04T21:00:00+00:00:2026-03-05T07:00:00+00:00,2026-03-04T21:00:00+00:00,2026-03-05T07:00:00+00:00,2026-03-04T21:00:00+00:00,2026-03-04T23:59:59.999000+00:00,2026-03-05T00:00:00+00:00,2026-03-05T06:59:59.999000+00:00,33490,34090,600,180,420,600.0,2026-03,RESEARCH_DEVELOPMENT,LISTING_DAYS_15_30,SKIPPED,OVERLAPS_FROZEN_RANDOM_WINDOW,0
CRCLUSDT-O-20260305T210000Z,CRCLUSDT,O,,,NYSE:2026-03-05T21:00:00+00:00:2026-03-06T07:00:00+00:00,2026-03-05T21:00:00+00:00,2026-03-06T07:00:00+00:00,2026-03-05T21:00:00+00:00,2026-03-05T23:59:59.999000+00:00,2026-03-06T00:00:00+00:00,2026-03-06T06:59:59.999000+00:00,34930,35530,600,180,420,600.0,2026-03,RESEARCH_DEVELOPMENT,LISTING_DAYS_15_30,SKIPPED,OVERLAPS_FROZEN_RANDOM_WINDOW,0
CRCLUSDT-O-20260309T200000Z,CRCLUSDT,O,,,NYSE:2026-03-09T20:00:00+00:00:2026-03-10T06:00:00+00:00,2026-03-09T20:00:00+00:00,2026-03-10T06:00:00+00:00,2026-03-09T20:00:00+00:00,2026-03-09T22:59:59.999000+00:00,2026-03-09T23:00:00+00:00,2026-03-10T05:59:59.999000+00:00,40630,41230,600,180,420,600.0,2026-03,RESEARCH_DEVELOPMENT,LISTING_DAYS_15_30,SKIPPED,OVERLAPS_FROZEN_RANDOM_WINDOW,0
CRCLUSDT-O-20260310T200000Z,CRCLUSDT,O,,,NYSE:2026-03-10T20:00:00+00:00:2026-03-11T06:00:00+00:00,2026-03-10T20:00:00+00:00,2026-03-11T06:00:00+00:00,2026-03-10T20:00:00+00:00,2026-03-10T22:59:59.999000+00:00,2026-03-10T23:00:00+00:00,2026-03-11T05:59:59.999000+00:00,42070,42670,600,180,420,600.0,2026-03,RESEARCH_DEVELOPMENT,LISTING_DAYS_15_30,SKIPPED,OVERLAPS_FROZEN_RANDOM_WINDOW,0
CRCLUSDT-O-20260311T200000Z,CRCLUSDT,O,,,NYSE:2026-03-11T20:00:00+00:00:2026-03-12T06:00:00+00:00,2026-03-11T20:00:00+00:00,2026-03-12T06:00:00+00:00,2026-03-11T20:00:00+00:00,2026-03-11T22:59:59.999000+00:00,2026-03-11T23:00:00+00:00,2026-03-12T05:59:59.999000+00:00,43510,44110,600,180,420,600.0,2026-03,RESEARCH_DEVELOPMENT,LISTING_AFTER_30_DAYS,SKIPPED,OVERLAPS_FROZEN_RANDOM_WINDOW,0
CRCLUSDT-O-20260312T200000Z,CRCLUSDT,O,,,NYSE:2026-03-12T20:00:00+00:00:2026-03-13T06:00:00+00:00,2026-03-12T20:00:00+00:00,2026-03-13T06:00:00+00:00,2026-03-12T20:00:00+00:00,2026-03-12T22:59:59.999000+00:00,2026-03-12T23:00:00+00:00,2026-03-13T05:59:59.999000+00:00,44950,45550,600,180,420,600.0,2026-03,RESEARCH_DEVELOPMENT,LISTING_AFTER_30_DAYS,SKIPPED,OVERLAPS_FROZEN_RANDOM_WINDOW,0
CRCLUSDT-O-20260316T200000Z,CRCLUSDT,O,,,NYSE:2026-03-16T20:00:00+00:00:2026-03-17T06:00:00+00:00,2026-03-16T20:00:00+00:00,2026-03-17T06:00:00+00:00,2026-03-16T20:00:00+00:00,2026-03-16T22:59:59.999000+00:00,2026-03-16T23:00:00+00:00,2026-03-17T05:59:59.999000+00:00,50710,51310,600,180,420,600.0,2026-03,RESEARCH_DEVELOPMENT,LISTING_AFTER_30_DAYS,SKIPPED,OVERLAPS_FROZEN_RANDOM_WINDOW,0
CRCLUSDT-O-20260317T200000Z,CRCLUSDT,O,,,NYSE:2026-03-17T20:00:00+00:00:2026-03-18T06:00:00+00:00,2026-03-17T20:00:00+00:00,2026-03-18T06:00:00+00:00,2026-03-17T20:00:00+00:00,2026-03-17T22:59:59.999000+00:00,2026-03-17T23:00:00+00:00,2026-03-18T05:59:59.999000+00:00,52150,52750,600,180,420,600.0,2026-03,RESEARCH_DEVELOPMENT,LISTING_AFTER_30_DAYS,SKIPPED,OVERLAPS_FROZEN_RANDOM_WINDOW,0
CRCLUSDT-O-20260318T200000Z,CRCLUSDT,O,,,NYSE:2026-03-18T20:00:00+00:00:2026-03-19T06:00:00+00:00,2026-03-18T20:00:00+00:00,2026-03-19T06:00:00+00:00,2026-03-18T20:00:00+00:00,2026-03-18T22:59:59.999000+00:00,2026-03-18T23:00:00+00:00,2026-03-19T05:59:59.999000+00:00,53590,54190,600,180,420,600.0,2026-03,RESEARCH_DEVELOPMENT,LISTING_AFTER_30_DAYS,SKIPPED,OVERLAPS_FROZEN_RANDOM_WINDOW,0
CRCLUSDT-O-20260319T200000Z,CRCLUSDT,O,,,NYSE:2026-03-19T20:00:00+00:00:2026-03-20T06:00:00+00:00,2026-03-19T20:00:00+00:00,2026-03-20T06:00:00+00:00,2026-03-19T20:00:00+00:00,2026-03-19T22:59:59.999000+00:00,2026-03-19T23:00:00+00:00,2026-03-20T05:59:59.999000+00:00,55030,55630,600,180,420,600.0,2026-03,RESEARCH_DEVELOPMENT,LISTING_AFTER_30_DAYS,SKIPPED,OVERLAPS_FROZEN_RANDOM_WINDOW,0
CRCLUSDT-O-20260323T200000Z,CRCLUSDT,O,,,NYSE:2026-03-23T20:00:00+00:00:2026-03-24T06:00:00+00:00,2026-03-23T20:00:00+00:00,2026-03-24T06:00:00+00:00,2026-03-23T20:00:00+00:00,2026-03-23T22:59:59.999000+00:00,2026-03-23T23:00:00+00:00,2026-03-24T05:59:59.999000+00:00,60790,61390,600,180,420,600.0,2026-03,RESEARCH_DEVELOPMENT,LISTING_AFTER_30_DAYS,SKIPPED,OVERLAPS_FROZEN_RANDOM_WINDOW,0
CRCLUSDT-O-20260324T200000Z,CRCLUSDT,O,,,NYSE:2026-03-24T20:00:00+00:00:2026-03-25T06:00:00+00:00,2026-03-24T20:00:00+00:00,2026-03-25T06:00:00+00:00,2026-03-24T20:00:00+00:00,2026-03-24T22:59:59.999000+00:00,2026-03-24T23:00:00+00:00,2026-03-25T05:59:59.999000+00:00,62230,62830,600,180,420,600.0,2026-03,RESEARCH_DEVELOPMENT,LISTING_AFTER_30_DAYS,SKIPPED,OVERLAPS_FROZEN_RANDOM_WINDOW,0
CRCLUSDT-O-20260325T200000Z,CRCLUSDT,O,,,NYSE:2026-03-25T20:00:00+00:00:2026-03-26T06:00:00+00:00,2026-03-25T20:00:00+00:00,2026-03-26T06:00:00+00:00,2026-03-25T20:00:00+00:00,2026-03-25T22:59:59.999000+00:00,2026-03-25T23:00:00+00:00,2026-03-26T05:59:59.999000+00:00,63670,64270,600,180,420,600.0,2026-03,RESEARCH_DEVELOPMENT,LISTING_AFTER_30_DAYS,SKIPPED,OVERLAPS_FROZEN_RANDOM_WINDOW,0
CRCLUSDT-O-20260326T200000Z,CRCLUSDT,O,,,NYSE:2026-03-26T20:00:00+00:00:2026-03-27T06:00:00+00:00,2026-03-26T20:00:00+00:00,2026-03-27T06:00:00+00:00,2026-03-26T20:00:00+00:00,2026-03-26T22:59:59.999000+00:00,2026-03-26T23:00:00+00:00,2026-03-27T05:59:59.999000+00:00,65110,65710,600,180,420,600.0,2026-03,RESEARCH_DEVELOPMENT,LISTING_AFTER_30_DAYS,SKIPPED,OVERLAPS_FROZEN_RANDOM_WINDOW,0
CRCLUSDT-O-20260330T200000Z,CRCLUSDT,O,,,NYSE:2026-03-30T20:00:00+00:00:2026-03-31T06:00:00+00:00,2026-03-30T20:00:00+00:00,2026-03-31T06:00:00+00:00,2026-03-30T20:00:00+00:00,2026-03-30T22:59:59.999000+00:00,2026-03-30T23:00:00+00:00,2026-03-31T05:59:59.999000+00:00,70870,71470,600,180,420,600.0,2026-03,RESEARCH_DEVELOPMENT,LISTING_AFTER_30_DAYS,SKIPPED,OVERLAPS_FROZEN_RANDOM_WINDOW,0
CRCLUSDT-O-20260331T200000Z,CRCLUSDT,O,,,NYSE:2026-03-31T20:00:00+00:00:2026-04-01T06:00:00+00:00,2026-03-31T20:00:00+00:00,2026-04-01T06:00:00+00:00,2026-03-31T20:00:00+00:00,2026-03-31T22:59:59.999000+00:00,2026-03-31T23:00:00+00:00,2026-04-01T05:59:59.999000+00:00,72310,72910,600,180,420,600.0,2026-03,RESEARCH_DEVELOPMENT,LISTING_AFTER_30_DAYS,SKIPPED,OVERLAPS_FROZEN_RANDOM_WINDOW,0
CRCLUSDT-O-20260401T200000Z,CRCLUSDT,O,,,NYSE:2026-04-01T20:00:00+00:00:2026-04-02T06:00:00+00:00,2026-04-01T20:00:00+00:00,2026-04-02T06:00:00+00:00,2026-04-01T20:00:00+00:00,2026-04-01T22:59:59.999000+00:00,2026-04-01T23:00:00+00:00,2026-04-02T05:59:59.999000+00:00,73750,74350,600,180,420,600.0,2026-04,RESEARCH_DEVELOPMENT,LISTING_AFTER_30_DAYS,SKIPPED,OVERLAPS_FROZEN_RANDOM_WINDOW,0
CRCLUSDT-O-20260406T200000Z,CRCLUSDT,O,,,NYSE:2026-04-06T20:00:00+00:00:2026-04-07T06:00:00+00:00,2026-04-06T20:00:00+00:00,2026-04-07T06:00:00+00:00,2026-04-06T20:00:00+00:00,2026-04-06T22:59:59.999000+00:00,2026-04-06T23:00:00+00:00,2026-04-07T05:59:59.999000+00:00,80950,81550,600,180,420,600.0,2026-04,RESEARCH_DEVELOPMENT,LISTING_AFTER_30_DAYS,SKIPPED,OVERLAPS_FROZEN_RANDOM_WINDOW,0
CRCLUSDT-O-20260407T200000Z,CRCLUSDT,O,,,NYSE:2026-04-07T20:00:00+00:00:2026-04-08T06:00:00+00:00,2026-04-07T20:00:00+00:00,2026-04-08T06:00:00+00:00,2026-04-07T20:00:00+00:00,2026-04-07T22:59:59.999000+00:00,2026-04-07T23:00:00+00:00,2026-04-08T05:59:59.999000+00:00,82390,82990,600,180,420,600.0,2026-04,RESEARCH_DEVELOPMENT,LISTING_AFTER_30_DAYS,SKIPPED,OVERLAPS_FROZEN_RANDOM_WINDOW,0
CRCLUSDT-O-20260408T200000Z,CRCLUSDT,O,,,NYSE:2026-04-08T20:00:00+00:00:2026-04-09T06:00:00+00:00,2026-04-08T20:00:00+00:00,2026-04-09T06:00:00+00:00,2026-04-08T20:00:00+00:00,2026-04-08T22:59:59.999000+00:00,2026-04-08T23:00:00+00:00,2026-04-09T05:59:59.999000+00:00,83830,84430,600,180,420,600.0,2026-04,RESEARCH_DEVELOPMENT,LISTING_AFTER_30_DAYS,SKIPPED,OVERLAPS_FROZEN_RANDOM_WINDOW,0
CRCLUSDT-O-20260409T200000Z,CRCLUSDT,O,,,NYSE:2026-04-09T20:00:00+00:00:2026-04-10T06:00:00+00:00,2026-04-09T20:00:00+00:00,2026-04-10T06:00:00+00:00,2026-04-09T20:00:00+00:00,2026-04-09T22:59:59.999000+00:00,2026-04-09T23:00:00+00:00,2026-04-10T05:59:59.999000+00:00,85270,85870,600,180,420,600.0,2026-04,RESEARCH_DEVELOPMENT,LISTING_AFTER_30_DAYS,SKIPPED,OVERLAPS_FROZEN_RANDOM_WINDOW,0
CRCLUSDT-O-20260413T200000Z,CRCLUSDT,O,,,NYSE:2026-04-13T20:00:00+00:00:2026-04-14T06:00:00+00:00,2026-04-13T20:00:00+00:00,2026-04-14T06:00:00+00:00,2026-04-13T20:00:00+00:00,2026-04-13T22:59:59.999000+00:00,2026-04-13T23:00:00+00:00,2026-04-14T05:59:59.999000+00:00,91030,91630,600,180,420,600.0,2026-04,RESEARCH_DEVELOPMENT,LISTING_AFTER_30_DAYS,SKIPPED,OVERLAPS_FROZEN_RANDOM_WINDOW,0
CRCLUSDT-O-20260414T200000Z,CRCLUSDT,O,,,NYSE:2026-04-14T20:00:00+00:00:2026-04-15T06:00:00+00:00,2026-04-14T20:00:00+00:00,2026-04-15T06:00:00+00:00,2026-04-14T20:00:00+00:00,2026-04-14T22:59:59.999000+00:00,2026-04-14T23:00:00+00:00,2026-04-15T05:59:59.999000+00:00,92470,93070,600,180,420,600.0,2026-04,RESEARCH_DEVELOPMENT,LISTING_AFTER_30_DAYS,SKIPPED,OVERLAPS_FROZEN_RANDOM_WINDOW,0
CRCLUSDT-O-20260415T200000Z,CRCLUSDT,O,,,NYSE:2026-04-15T20:00:00+00:00:2026-04-16T06:00:00+00:00,2026-04-15T20:00:00+00:00,2026-04-16T06:00:00+00:00,2026-04-15T20:00:00+00:00,2026-04-15T22:59:59.999000+00:00,2026-04-15T23:00:00+00:00,2026-04-16T05:59:59.999000+00:00,93910,94510,600,180,420,600.0,2026-04,RESEARCH_DEVELOPMENT,LISTING_AFTER_30_DAYS,SKIPPED,OVERLAPS_FROZEN_RANDOM_WINDOW,0
CRCLUSDT-O-20260416T200000Z,CRCLUSDT,O,,,NYSE:2026-04-16T20:00:00+00:00:2026-04-17T06:00:00+00:00,2026-04-16T20:00:00+00:00,2026-04-17T06:00:00+00:00,2026-04-16T20:00:00+00:00,2026-04-16T22:59:59.999000+00:00,2026-04-16T23:00:00+00:00,2026-04-17T05:59:59.999000+00:00,95350,95950,600,180,420,600.0,2026-04,RESEARCH_DEVELOPMENT,LISTING_AFTER_30_DAYS,SKIPPED,OVERLAPS_FROZEN_RANDOM_WINDOW,0
CRCLUSDT-O-20260420T200000Z,CRCLUSDT,O,,,NYSE:2026-04-20T20:00:00+00:00:2026-04-21T06:00:00+00:00,2026-04-20T20:00:00+00:00,2026-04-21T06:00:00+00:00,2026-04-20T20:00:00+00:00,2026-04-20T22:59:59.999000+00:00,2026-04-20T23:00:00+00:00,2026-04-21T05:59:59.999000+00:00,101110,101710,600,180,420,600.0,2026-04,RESEARCH_DEVELOPMENT,LISTING_AFTER_30_DAYS,SKIPPED,OVERLAPS_FROZEN_RANDOM_WINDOW,0
CRCLUSDT-O-20260421T200000Z,CRCLUSDT,O,,,NYSE:2026-04-21T20:00:00+00:00:2026-04-22T06:00:00+00:00,2026-04-21T20:00:00+00:00,2026-04-22T06:00:00+00:00,2026-04-21T20:00:00+00:00,2026-04-21T22:59:59.999000+00:00,2026-04-21T23:00:00+00:00,2026-04-22T05:59:59.999000+00:00,102550,103150,600,180,420,600.0,2026-04,RESEARCH_DEVELOPMENT,LISTING_AFTER_30_DAYS,SKIPPED,OVERLAPS_FROZEN_RANDOM_WINDOW,0
CRCLUSDT-O-20260422T200000Z,CRCLUSDT,O,,,NYSE:2026-04-22T20:00:00+00:00:2026-04-23T06:00:00+00:00,2026-04-22T20:00:00+00:00,2026-04-23T06:00:00+00:00,2026-04-22T20:00:00+00:00,2026-04-22T22:59:59.999000+00:00,2026-04-22T23:00:00+00:00,2026-04-23T05:59:59.999000+00:00,103990,104590,600,180,420,600.0,2026-04,RESEARCH_DEVELOPMENT,LISTING_AFTER_30_DAYS,SKIPPED,OVERLAPS_FROZEN_RANDOM_WINDOW,0
CRCLUSDT-O-20260423T200000Z,CRCLUSDT,O,,,NYSE:2026-04-23T20:00:00+00:00:2026-04-24T06:00:00+00:00,2026-04-23T20:00:00+00:00,2026-04-24T06:00:00+00:00,2026-04-23T20:00:00+00:00,2026-04-23T22:59:59.999000+00:00,2026-04-23T23:00:00+00:00,2026-04-24T05:59:59.999000+00:00,105430,106030,600,180,420,600.0,2026-04,RESEARCH_DEVELOPMENT,LISTING_AFTER_30_DAYS,SKIPPED,OVERLAPS_FROZEN_RANDOM_WINDOW,0
CRCLUSDT-O-20260427T200000Z,CRCLUSDT,O,,,NYSE:2026-04-27T20:00:00+00:00:2026-04-28T06:00:00+00:00,2026-04-27T20:00:00+00:00,2026-04-28T06:00:00+00:00,2026-04-27T20:00:00+00:00,2026-04-27T22:59:59.999000+00:00,2026-04-27T23:00:00+00:00,2026-04-28T05:59:59.999000+00:00,111190,111790,600,180,420,600.0,2026-04,RESEARCH_DEVELOPMENT,LISTING_AFTER_30_DAYS,SKIPPED,OVERLAPS_FROZEN_RANDOM_WINDOW,0
CRCLUSDT-O-20260428T200000Z,CRCLUSDT,O,,,NYSE:2026-04-28T20:00:00+00:00:2026-04-29T06:00:00+00:00,2026-04-28T20:00:00+00:00,2026-04-29T06:00:00+00:00,2026-04-28T20:00:00+00:00,2026-04-28T22:59:59.999000+00:00,2026-04-28T23:00:00+00:00,2026-04-29T05:59:59.999000+00:00,112630,113230,600,180,420,600.0,2026-04,RESEARCH_DEVELOPMENT,LISTING_AFTER_30_DAYS,SKIPPED,OVERLAPS_FROZEN_RANDOM_WINDOW,0
CRCLUSDT-O-20260429T200000Z,CRCLUSDT,O,,,NYSE:2026-04-29T20:00:00+00:00:2026-04-30T06:00:00+00:00,2026-04-29T20:00:00+00:00,2026-04-30T06:00:00+00:00,2026-04-29T20:00:00+00:00,2026-04-29T22:59:59.999000+00:00,2026-04-29T23:00:00+00:00,2026-04-30T05:59:59.999000+00:00,114070,114670,600,180,420,600.0,2026-04,RESEARCH_DEVELOPMENT,LISTING_AFTER_30_DAYS,SKIPPED,OVERLAPS_FROZEN_RANDOM_WINDOW,0
CRCLUSDT-O-20260430T200000Z,CRCLUSDT,O,,,NYSE:2026-04-30T20:00:00+00:00:2026-05-01T06:00:00+00:00,2026-04-30T20:00:00+00:00,2026-05-01T06:00:00+00:00,2026-04-30T20:00:00+00:00,2026-04-30T22:59:59.999000+00:00,2026-04-30T23:00:00+00:00,2026-05-01T05:59:59.999000+00:00,115510,116110,600,180,420,600.0,2026-04,RESEARCH_DEVELOPMENT,LISTING_AFTER_30_DAYS,SKIPPED,OVERLAPS_FROZEN_RANDOM_WINDOW,0
CRCLUSDT-O-20260504T200000Z,CRCLUSDT,O,,,NYSE:2026-05-04T20:00:00+00:00:2026-05-05T06:00:00+00:00,2026-05-04T20:00:00+00:00,2026-05-05T06:00:00+00:00,2026-05-04T20:00:00+00:00,2026-05-04T22:59:59.999000+00:00,2026-05-04T23:00:00+00:00,2026-05-05T05:59:59.999000+00:00,121270,121870,600,180,420,600.0,2026-05,RESEARCH_DEVELOPMENT,LISTING_AFTER_30_DAYS,SKIPPED,OVERLAPS_FROZEN_RANDOM_WINDOW,0
CRCLUSDT-O-20260505T200000Z,CRCLUSDT,O,,,NYSE:2026-05-05T20:00:00+00:00:2026-05-06T06:00:00+00:00,2026-05-05T20:00:00+00:00,2026-05-06T06:00:00+00:00,2026-05-05T20:00:00+00:00,2026-05-05T22:59:59.999000+00:00,2026-05-05T23:00:00+00:00,2026-05-06T05:59:59.999000+00:00,122710,123310,600,180,420,600.0,2026-05,RESEARCH_DEVELOPMENT,LISTING_AFTER_30_DAYS,SKIPPED,OVERLAPS_FROZEN_RANDOM_WINDOW,0
CRCLUSDT-O-20260506T200000Z,CRCLUSDT,O,,,NYSE:2026-05-06T20:00:00+00:00:2026-05-07T06:00:00+00:00,2026-05-06T20:00:00+00:00,2026-05-07T06:00:00+00:00,2026-05-06T20:00:00+00:00,2026-05-06T22:59:59.999000+00:00,2026-05-06T23:00:00+00:00,2026-05-07T05:59:59.999000+00:00,124150,124750,600,180,420,600.0,2026-05,RESEARCH_DEVELOPMENT,LISTING_AFTER_30_DAYS,SKIPPED,OVERLAPS_FROZEN_RANDOM_WINDOW,0
CRCLUSDT-O-20260507T200000Z,CRCLUSDT,O,,,NYSE:2026-05-07T20:00:00+00:00:2026-05-08T06:00:00+00:00,2026-05-07T20:00:00+00:00,2026-05-08T06:00:00+00:00,2026-05-07T20:00:00+00:00,2026-05-07T22:59:59.999000+00:00,2026-05-07T23:00:00+00:00,2026-05-08T05:59:59.999000+00:00,125590,126190,600,180,420,600.0,2026-05,RESEARCH_DEVELOPMENT,LISTING_AFTER_30_DAYS,SKIPPED,OVERLAPS_FROZEN_RANDOM_WINDOW,0
CRCLUSDT-O-20260511T200000Z,CRCLUSDT,O,,,NYSE:2026-05-11T20:00:00+00:00:2026-05-12T06:00:00+00:00,2026-05-11T20:00:00+00:00,2026-05-12T06:00:00+00:00,2026-05-11T20:00:00+00:00,2026-05-11T22:59:59.999000+00:00,2026-05-11T23:00:00+00:00,2026-05-12T05:59:59.999000+00:00,131350,131950,600,180,420,600.0,2026-05,RESEARCH_DEVELOPMENT,LISTING_AFTER_30_DAYS,SKIPPED,OVERLAPS_FROZEN_RANDOM_WINDOW,0
CRCLUSDT-O-20260512T200000Z,CRCLUSDT,O,,,NYSE:2026-05-12T20:00:00+00:00:2026-05-13T06:00:00+00:00,2026-05-12T20:00:00+00:00,2026-05-13T06:00:00+00:00,2026-05-12T20:00:00+00:00,2026-05-12T22:59:59.999000+00:00,2026-05-12T23:00:00+00:00,2026-05-13T05:59:59.999000+00:00,132790,133390,600,180,420,600.0,2026-05,RESEARCH_DEVELOPMENT,LISTING_AFTER_30_DAYS,SKIPPED,OVERLAPS_FROZEN_RANDOM_WINDOW,0
CRCLUSDT-O-20260513T200000Z,CRCLUSDT,O,,,NYSE:2026-05-13T20:00:00+00:00:2026-05-14T06:00:00+00:00,2026-05-13T20:00:00+00:00,2026-05-14T06:00:00+00:00,2026-05-13T20:00:00+00:00,2026-05-13T22:59:59.999000+00:00,2026-05-13T23:00:00+00:00,2026-05-14T05:59:59.999000+00:00,134230,134830,600,180,420,600.0,2026-05,RESEARCH_DEVELOPMENT,LISTING_AFTER_30_DAYS,SKIPPED,OVERLAPS_FROZEN_RANDOM_WINDOW,0
CRCLUSDT-O-20260514T200000Z,CRCLUSDT,O,,,NYSE:2026-05-14T20:00:00+00:00:2026-05-15T06:00:00+00:00,2026-05-14T20:00:00+00:00,2026-05-15T06:00:00+00:00,2026-05-14T20:00:00+00:00,2026-05-14T22:59:59.999000+00:00,2026-05-14T23:00:00+00:00,2026-05-15T05:59:59.999000+00:00,135670,136270,600,180,420,600.0,2026-05,RESEARCH_DEVELOPMENT,LISTING_AFTER_30_DAYS,SKIPPED,OVERLAPS_FROZEN_RANDOM_WINDOW,0
CRCLUSDT-O-20260518T200000Z,CRCLUSDT,O,,,NYSE:2026-05-18T20:00:00+00:00:2026-05-19T06:00:00+00:00,2026-05-18T20:00:00+00:00,2026-05-19T06:00:00+00:00,2026-05-18T20:00:00+00:00,2026-05-18T22:59:59.999000+00:00,2026-05-18T23:00:00+00:00,2026-05-19T05:59:59.999000+00:00,141430,142030,600,180,420,600.0,2026-05,RESEARCH_DEVELOPMENT,LISTING_AFTER_30_DAYS,SKIPPED,OVERLAPS_FROZEN_RANDOM_WINDOW,0
CRCLUSDT-O-20260519T200000Z,CRCLUSDT,O,,,NYSE:2026-05-19T20:00:00+00:00:2026-05-20T06:00:00+00:00,2026-05-19T20:00:00+00:00,2026-05-20T06:00:00+00:00,2026-05-19T20:00:00+00:00,2026-05-19T22:59:59.999000+00:00,2026-05-19T23:00:00+00:00,2026-05-20T05:59:59.999000+00:00,142870,143470,600,180,420,600.0,2026-05,RESEARCH_DEVELOPMENT,LISTING_AFTER_30_DAYS,SKIPPED,OVERLAPS_FROZEN_RANDOM_WINDOW,0
CRCLUSDT-O-20260520T200000Z,CRCLUSDT,O,,,NYSE:2026-05-20T20:00:00+00:00:2026-05-21T06:00:00+00:00,2026-05-20T20:00:00+00:00,2026-05-21T06:00:00+00:00,2026-05-20T20:00:00+00:00,2026-05-20T22:59:59.999000+00:00,2026-05-20T23:00:00+00:00,2026-05-21T05:59:59.999000+00:00,144310,144910,600,180,420,600.0,2026-05,RESEARCH_DEVELOPMENT,LISTING_AFTER_30_DAYS,SKIPPED,OVERLAPS_FROZEN_RANDOM_WINDOW,0
CRCLUSDT-O-20260521T200000Z,CRCLUSDT,O,,,NYSE:2026-05-21T20:00:00+00:00:2026-05-22T06:00:00+00:00,2026-05-21T20:00:00+00:00,2026-05-22T06:00:00+00:00,2026-05-21T20:00:00+00:00,2026-05-21T22:59:59.999000+00:00,2026-05-21T23:00:00+00:00,2026-05-22T05:59:59.999000+00:00,145750,146350,600,180,420,600.0,2026-05,RESEARCH_DEVELOPMENT,LISTING_AFTER_30_DAYS,SKIPPED,OVERLAPS_FROZEN_RANDOM_WINDOW,0
CRCLUSDT-O-20260526T200000Z,CRCLUSDT,O,,,NYSE:2026-05-26T20:00:00+00:00:2026-05-27T06:00:00+00:00,2026-05-26T20:00:00+00:00,2026-05-27T06:00:00+00:00,2026-05-26T20:00:00+00:00,2026-05-26T22:59:59.999000+00:00,2026-05-26T23:00:00+00:00,2026-05-27T05:59:59.999000+00:00,152950,153550,600,180,420,600.0,2026-05,RESEARCH_DEVELOPMENT,LISTING_AFTER_30_DAYS,SKIPPED,OVERLAPS_FROZEN_RANDOM_WINDOW,0
CRCLUSDT-O-20260527T200000Z,CRCLUSDT,O,,,NYSE:2026-05-27T20:00:00+00:00:2026-05-28T06:00:00+00:00,2026-05-27T20:00:00+00:00,2026-05-28T06:00:00+00:00,2026-05-27T20:00:00+00:00,2026-05-27T22:59:59.999000+00:00,2026-05-27T23:00:00+00:00,2026-05-28T05:59:59.999000+00:00,154390,154990,600,180,420,600.0,2026-05,RESEARCH_DEVELOPMENT,LISTING_AFTER_30_DAYS,SKIPPED,OVERLAPS_FROZEN_RANDOM_WINDOW,0
CRCLUSDT-O-20260528T200000Z,CRCLUSDT,O,,,NYSE:2026-05-28T20:00:00+00:00:2026-05-29T06:00:00+00:00,2026-05-28T20:00:00+00:00,2026-05-29T06:00:00+00:00,2026-05-28T20:00:00+00:00,2026-05-28T22:59:59.999000+00:00,2026-05-28T23:00:00+00:00,2026-05-29T05:59:59.999000+00:00,155830,156430,600,180,420,600.0,2026-05,RESEARCH_DEVELOPMENT,LISTING_AFTER_30_DAYS,SKIPPED,OVERLAPS_FROZEN_RANDOM_WINDOW,0
CRCLUSDT-O-20260601T200000Z,CRCLUSDT,O,,,NYSE:2026-06-01T20:00:00+00:00:2026-06-02T06:00:00+00:00,2026-06-01T20:00:00+00:00,2026-06-02T06:00:00+00:00,2026-06-01T20:00:00+00:00,2026-06-01T22:59:59.999000+00:00,2026-06-01T23:00:00+00:00,2026-06-02T05:59:59.999000+00:00,161590,162190,600,180,420,600.0,2026-06,SEALED_SHORT_OOS,LISTING_AFTER_30_DAYS,SKIPPED,OVERLAPS_FROZEN_RANDOM_WINDOW,0
CRCLUSDT-O-20260602T200000Z,CRCLUSDT,O,,,NYSE:2026-06-02T20:00:00+00:00:2026-06-03T06:00:00+00:00,2026-06-02T20:00:00+00:00,2026-06-03T06:00:00+00:00,2026-06-02T20:00:00+00:00,2026-06-02T22:59:59.999000+00:00,2026-06-02T23:00:00+00:00,2026-06-03T05:59:59.999000+00:00,163030,163630,600,180,420,600.0,2026-06,SEALED_SHORT_OOS,LISTING_AFTER_30_DAYS,SKIPPED,OVERLAPS_FROZEN_RANDOM_WINDOW,0
CRCLUSDT-O-20260603T200000Z,CRCLUSDT,O,,,NYSE:2026-06-03T20:00:00+00:00:2026-06-04T06:00:00+00:00,2026-06-03T20:00:00+00:00,2026-06-04T06:00:00+00:00,2026-06-03T20:00:00+00:00,2026-06-03T22:59:59.999000+00:00,2026-06-03T23:00:00+00:00,2026-06-04T05:59:59.999000+00:00,164470,165070,600,180,420,600.0,2026-06,SEALED_SHORT_OOS,LISTING_AFTER_30_DAYS,SKIPPED,OVERLAPS_FROZEN_RANDOM_WINDOW,0
CRCLUSDT-O-20260604T200000Z,CRCLUSDT,O,,,NYSE:2026-06-04T20:00:00+00:00:2026-06-05T06:00:00+00:00,2026-06-04T20:00:00+00:00,2026-06-05T06:00:00+00:00,2026-06-04T20:00:00+00:00,2026-06-04T22:59:59.999000+00:00,2026-06-04T23:00:00+00:00,2026-06-05T05:59:59.999000+00:00,165910,166510,600,180,420,600.0,2026-06,SEALED_SHORT_OOS,LISTING_AFTER_30_DAYS,SKIPPED,OVERLAPS_FROZEN_RANDOM_WINDOW,0
CRCLUSDT-O-20260608T200000Z,CRCLUSDT,O,,,NYSE:2026-06-08T20:00:00+00:00:2026-06-09T06:00:00+00:00,2026-06-08T20:00:00+00:00,2026-06-09T06:00:00+00:00,2026-06-08T20:00:00+00:00,2026-06-08T22:59:59.999000+00:00,2026-06-08T23:00:00+00:00,2026-06-09T05:59:59.999000+00:00,171670,172270,600,180,420,600.0,2026-06,SEALED_SHORT_OOS,LISTING_AFTER_30_DAYS,SKIPPED,OVERLAPS_FROZEN_RANDOM_WINDOW,0
CRCLUSDT-O-20260609T200000Z,CRCLUSDT,O,,,NYSE:2026-06-09T20:00:00+00:00:2026-06-10T06:00:00+00:00,2026-06-09T20:00:00+00:00,2026-06-10T06:00:00+00:00,2026-06-09T20:00:00+00:00,2026-06-09T22:59:59.999000+00:00,2026-06-09T23:00:00+00:00,2026-06-10T05:59:59.999000+00:00,173110,173710,600,180,420,600.0,2026-06,SEALED_SHORT_OOS,LISTING_AFTER_30_DAYS,SKIPPED,OVERLAPS_FROZEN_RANDOM_WINDOW,0
CRCLUSDT-O-20260610T200000Z,CRCLUSDT,O,,,NYSE:2026-06-10T20:00:00+00:00:2026-06-11T06:00:00+00:00,2026-06-10T20:00:00+00:00,2026-06-11T06:00:00+00:00,2026-06-10T20:00:00+00:00,2026-06-10T22:59:59.999000+00:00,2026-06-10T23:00:00+00:00,2026-06-11T05:59:59.999000+00:00,174550,175150,600,180,420,600.0,2026-06,SEALED_SHORT_OOS,LISTING_AFTER_30_DAYS,SKIPPED,OVERLAPS_FROZEN_RANDOM_WINDOW,0
CRCLUSDT-O-20260611T200000Z,CRCLUSDT,O,,,NYSE:2026-06-11T20:00:00+00:00:2026-06-12T06:00:00+00:00,2026-06-11T20:00:00+00:00,2026-06-12T06:00:00+00:00,2026-06-11T20:00:00+00:00,2026-06-11T22:59:59.999000+00:00,2026-06-11T23:00:00+00:00,2026-06-12T05:59:59.999000+00:00,175990,176590,600,180,420,600.0,2026-06,SEALED_SHORT_OOS,LISTING_AFTER_30_DAYS,SKIPPED,OVERLAPS_FROZEN_RANDOM_WINDOW,0
CRCLUSDT-O-20260615T200000Z,CRCLUSDT,O,,,NYSE:2026-06-15T20:00:00+00:00:2026-06-16T06:00:00+00:00,2026-06-15T20:00:00+00:00,2026-06-16T06:00:00+00:00,2026-06-15T20:00:00+00:00,2026-06-15T22:59:59.999000+00:00,2026-06-15T23:00:00+00:00,2026-06-16T05:59:59.999000+00:00,181750,182350,600,180,420,600.0,2026-06,SEALED_SHORT_OOS,LISTING_AFTER_30_DAYS,SKIPPED,OVERLAPS_FROZEN_RANDOM_WINDOW,0
CRCLUSDT-O-20260616T200000Z,CRCLUSDT,O,,,NYSE:2026-06-16T20:00:00+00:00:2026-06-17T06:00:00+00:00,2026-06-16T20:00:00+00:00,2026-06-17T06:00:00+00:00,2026-06-16T20:00:00+00:00,2026-06-16T22:59:59.999000+00:00,2026-06-16T23:00:00+00:00,2026-06-17T05:59:59.999000+00:00,183190,183790,600,180,420,600.0,2026-06,SEALED_SHORT_OOS,LISTING_AFTER_30_DAYS,SKIPPED,OVERLAPS_FROZEN_RANDOM_WINDOW,0
CRCLUSDT-O-20260617T200000Z,CRCLUSDT,O,,,NYSE:2026-06-17T20:00:00+00:00:2026-06-18T06:00:00+00:00,2026-06-17T20:00:00+00:00,2026-06-18T06:00:00+00:00,2026-06-17T20:00:00+00:00,2026-06-17T22:59:59.999000+00:00,2026-06-17T23:00:00+00:00,2026-06-18T05:59:59.999000+00:00,184630,185230,600,180,420,600.0,2026-06,SEALED_SHORT_OOS,LISTING_AFTER_30_DAYS,SKIPPED,OVERLAPS_FROZEN_RANDOM_WINDOW,0
CRCLUSDT-O-20260622T200000Z,CRCLUSDT,O,,,NYSE:2026-06-22T20:00:00+00:00:2026-06-23T06:00:00+00:00,2026-06-22T20:00:00+00:00,2026-06-23T06:00:00+00:00,2026-06-22T20:00:00+00:00,2026-06-22T22:59:59.999000+00:00,2026-06-22T23:00:00+00:00,2026-06-23T05:59:59.999000+00:00,191830,192430,600,180,420,600.0,2026-06,SEALED_SHORT_OOS,LISTING_AFTER_30_DAYS,SKIPPED,OVERLAPS_FROZEN_RANDOM_WINDOW,0
CRCLUSDT-O-20260623T200000Z,CRCLUSDT,O,,,NYSE:2026-06-23T20:00:00+00:00:2026-06-24T06:00:00+00:00,2026-06-23T20:00:00+00:00,2026-06-24T06:00:00+00:00,2026-06-23T20:00:00+00:00,2026-06-23T22:59:59.999000+00:00,2026-06-23T23:00:00+00:00,2026-06-24T05:59:59.999000+00:00,193270,193870,600,180,420,600.0,2026-06,SEALED_SHORT_OOS,LISTING_AFTER_30_DAYS,SKIPPED,OVERLAPS_FROZEN_RANDOM_WINDOW,0
CRCLUSDT-O-20260624T200000Z,CRCLUSDT,O,,,NYSE:2026-06-24T20:00:00+00:00:2026-06-25T06:00:00+00:00,2026-06-24T20:00:00+00:00,2026-06-25T06:00:00+00:00,2026-06-24T20:00:00+00:00,2026-06-24T22:59:59.999000+00:00,2026-06-24T23:00:00+00:00,2026-06-25T05:59:59.999000+00:00,194710,195310,600,180,420,600.0,2026-06,SEALED_SHORT_OOS,LISTING_AFTER_30_DAYS,SKIPPED,OVERLAPS_FROZEN_RANDOM_WINDOW,0
CRCLUSDT-O-20260625T200000Z,CRCLUSDT,O,,,NYSE:2026-06-25T20:00:00+00:00:2026-06-26T06:00:00+00:00,2026-06-25T20:00:00+00:00,2026-06-26T06:00:00+00:00,2026-06-25T20:00:00+00:00,2026-06-25T22:59:59.999000+00:00,2026-06-25T23:00:00+00:00,2026-06-26T05:59:59.999000+00:00,196150,196750,600,180,420,600.0,2026-06,SEALED_SHORT_OOS,LISTING_AFTER_30_DAYS,SKIPPED,OVERLAPS_FROZEN_RANDOM_WINDOW,0
CRCLUSDT-O-20260629T200000Z,CRCLUSDT,O,,,NYSE:2026-06-29T20:00:00+00:00:2026-06-30T06:00:00+00:00,2026-06-29T20:00:00+00:00,2026-06-30T06:00:00+00:00,2026-06-29T20:00:00+00:00,2026-06-29T22:59:59.999000+00:00,2026-06-29T23:00:00+00:00,2026-06-30T05:59:59.999000+00:00,201910,202510,600,180,420,600.0,2026-06,SEALED_SHORT_OOS,LISTING_AFTER_30_DAYS,SKIPPED,OVERLAPS_FROZEN_RANDOM_WINDOW,0
CRCLUSDT-O-20260630T200000Z,CRCLUSDT,O,,,NYSE:2026-06-30T20:00:00+00:00:2026-07-01T06:00:00+00:00,2026-06-30T20:00:00+00:00,2026-07-01T06:00:00+00:00,2026-06-30T20:00:00+00:00,2026-06-30T22:59:59.999000+00:00,2026-06-30T23:00:00+00:00,2026-07-01T05:59:59.999000+00:00,203350,203950,600,180,420,600.0,2026-06,SEALED_SHORT_OOS,LISTING_AFTER_30_DAYS,SKIPPED,OVERLAPS_FROZEN_RANDOM_WINDOW,0
CRCLUSDT-O-20260701T200000Z,CRCLUSDT,O,,,NYSE:2026-07-01T20:00:00+00:00:2026-07-02T06:00:00+00:00,2026-07-01T20:00:00+00:00,2026-07-02T06:00:00+00:00,2026-07-01T20:00:00+00:00,2026-07-01T22:59:59.999000+00:00,2026-07-01T23:00:00+00:00,2026-07-02T05:59:59.999000+00:00,204790,205390,600,180,420,600.0,2026-07,DESCRIPTIVE_ONLY,LISTING_AFTER_30_DAYS,SKIPPED,OVERLAPS_FROZEN_RANDOM_WINDOW,0
CRCLUSDT-O-20260706T200000Z,CRCLUSDT,O,,,NYSE:2026-07-06T20:00:00+00:00:2026-07-07T06:00:00+00:00,2026-07-06T20:00:00+00:00,2026-07-07T06:00:00+00:00,2026-07-06T20:00:00+00:00,2026-07-06T22:59:59.999000+00:00,2026-07-06T23:00:00+00:00,2026-07-07T05:59:59.999000+00:00,211990,212590,600,180,420,600.0,2026-07,DESCRIPTIVE_ONLY,LISTING_AFTER_30_DAYS,SKIPPED,OVERLAPS_FROZEN_RANDOM_WINDOW,0
CRCLUSDT-O-20260707T200000Z,CRCLUSDT,O,,,NYSE:2026-07-07T20:00:00+00:00:2026-07-08T06:00:00+00:00,2026-07-07T20:00:00+00:00,2026-07-08T06:00:00+00:00,2026-07-07T20:00:00+00:00,2026-07-07T22:59:59.999000+00:00,2026-07-07T23:00:00+00:00,2026-07-08T05:59:59.999000+00:00,213430,214030,600,180,420,600.0,2026-07,DESCRIPTIVE_ONLY,LISTING_AFTER_30_DAYS,SKIPPED,OVERLAPS_FROZEN_RANDOM_WINDOW,0
CRCLUSDT-O-20260708T200000Z,CRCLUSDT,O,,,NYSE:2026-07-08T20:00:00+00:00:2026-07-09T06:00:00+00:00,2026-07-08T20:00:00+00:00,2026-07-09T06:00:00+00:00,2026-07-08T20:00:00+00:00,2026-07-08T22:59:59.999000+00:00,2026-07-08T23:00:00+00:00,2026-07-09T05:59:59.999000+00:00,214870,215470,600,180,420,600.0,2026-07,DESCRIPTIVE_ONLY,LISTING_AFTER_30_DAYS,SKIPPED,OVERLAPS_FROZEN_RANDOM_WINDOW,0
CRCLUSDT-O-20260709T200000Z,CRCLUSDT,O,,,NYSE:2026-07-09T20:00:00+00:00:2026-07-10T06:00:00+00:00,2026-07-09T20:00:00+00:00,2026-07-10T06:00:00+00:00,2026-07-09T20:00:00+00:00,2026-07-09T22:59:59.999000+00:00,2026-07-09T23:00:00+00:00,2026-07-10T05:59:59.999000+00:00,216310,216910,600,180,420,600.0,2026-07,DESCRIPTIVE_ONLY,LISTING_AFTER_30_DAYS,SKIPPED,OVERLAPS_FROZEN_RANDOM_WINDOW,0
CRCLUSDT-O-20260713T200000Z,CRCLUSDT,O,,,NYSE:2026-07-13T20:00:00+00:00:2026-07-14T06:00:00+00:00,2026-07-13T20:00:00+00:00,2026-07-14T06:00:00+00:00,2026-07-13T20:00:00+00:00,2026-07-13T22:59:59.999000+00:00,2026-07-13T23:00:00+00:00,2026-07-14T05:59:59.999000+00:00,222070,222670,600,180,420,600.0,2026-07,DESCRIPTIVE_ONLY,LISTING_AFTER_30_DAYS,SKIPPED,OVERLAPS_FROZEN_RANDOM_WINDOW,0
CRCLUSDT-O-20260714T200000Z,CRCLUSDT,O,,,NYSE:2026-07-14T20:00:00+00:00:2026-07-15T06:00:00+00:00,2026-07-14T20:00:00+00:00,2026-07-15T06:00:00+00:00,2026-07-14T20:00:00+00:00,2026-07-14T22:59:59.999000+00:00,2026-07-14T23:00:00+00:00,2026-07-15T05:59:59.999000+00:00,223510,224110,600,180,420,600.0,2026-07,DESCRIPTIVE_ONLY,LISTING_AFTER_30_DAYS,SKIPPED,OVERLAPS_FROZEN_RANDOM_WINDOW,0
CRCLUSDT-O-20260715T200000Z,CRCLUSDT,O,,,NYSE:2026-07-15T20:00:00+00:00:2026-07-16T06:00:00+00:00,2026-07-15T20:00:00+00:00,2026-07-16T06:00:00+00:00,2026-07-15T20:00:00+00:00,2026-07-15T22:59:59.999000+00:00,2026-07-15T23:00:00+00:00,2026-07-16T05:59:59.999000+00:00,224950,225550,600,180,420,600.0,2026-07,DESCRIPTIVE_ONLY,LISTING_AFTER_30_DAYS,SKIPPED,OVERLAPS_FROZEN_RANDOM_WINDOW,0
CRCLUSDT-O-20260716T200000Z,CRCLUSDT,O,,,NYSE:2026-07-16T20:00:00+00:00:2026-07-17T06:00:00+00:00,2026-07-16T20:00:00+00:00,2026-07-17T06:00:00+00:00,2026-07-16T20:00:00+00:00,2026-07-16T22:59:59.999000+00:00,2026-07-16T23:00:00+00:00,2026-07-17T05:59:59.999000+00:00,226390,226990,600,180,420,600.0,2026-07,DESCRIPTIVE_ONLY,LISTING_AFTER_30_DAYS,SKIPPED,OVERLAPS_FROZEN_RANDOM_WINDOW,0
CRCLUSDT-O-20260720T200000Z,CRCLUSDT,O,,,NYSE:2026-07-20T20:00:00+00:00:2026-07-21T06:00:00+00:00,2026-07-20T20:00:00+00:00,2026-07-21T06:00:00+00:00,2026-07-20T20:00:00+00:00,2026-07-20T22:59:59.999000+00:00,2026-07-20T23:00:00+00:00,2026-07-21T05:59:59.999000+00:00,232150,232750,600,180,420,600.0,2026-07,DESCRIPTIVE_ONLY,LISTING_AFTER_30_DAYS,SKIPPED,OVERLAPS_FROZEN_RANDOM_WINDOW,0
CRCLUSDT-O-20260721T200000Z,CRCLUSDT,O,,,NYSE:2026-07-21T20:00:00+00:00:2026-07-22T06:00:00+00:00,2026-07-21T20:00:00+00:00,2026-07-22T06:00:00+00:00,2026-07-21T20:00:00+00:00,2026-07-21T22:59:59.999000+00:00,2026-07-21T23:00:00+00:00,2026-07-22T05:59:59.999000+00:00,233590,234190,600,180,420,600.0,2026-07,DESCRIPTIVE_ONLY,LISTING_AFTER_30_DAYS,SKIPPED,OVERLAPS_FROZEN_RANDOM_WINDOW,0
CRCLUSDT-O-20260722T200000Z,CRCLUSDT,O,,,NYSE:2026-07-22T20:00:00+00:00:2026-07-23T06:00:00+00:00,2026-07-22T20:00:00+00:00,2026-07-23T06:00:00+00:00,2026-07-22T20:00:00+00:00,2026-07-22T22:59:59.999000+00:00,2026-07-22T23:00:00+00:00,2026-07-23T05:59:59.999000+00:00,235030,235630,600,180,420,600.0,2026-07,DESCRIPTIVE_ONLY,LISTING_AFTER_30_DAYS,SKIPPED,OVERLAPS_FROZEN_RANDOM_WINDOW,0
CRCLUSDT-R-CRCLUSDT-nyse_20260213T210000Z-s3,CRCLUSDT,R,3,CRCLUSDT-nyse_20260213T210000Z,R:CRCLUSDT:2026-02:3,2026-02-09T21:50:00+00:00,2026-02-13T07:50:00+00:00,2026-02-09T21:50:00+00:00,2026-02-10T00:49:59.999000+00:00,2026-02-10T00:50:00+00:00,2026-02-13T07:49:59.999000+00:00,420,5340,4920,180,4740,4920.0,2026-02,DESCRIPTIVE_ONLY,LISTING_DAYS_1_14,READY,,0
CRCLUSDT-R-CRCLUSDT-nyse_20260213T210000Z-s10,CRCLUSDT,R,10,CRCLUSDT-nyse_20260213T210000Z,R:CRCLUSDT:2026-02:10,2026-02-09T21:50:00+00:00,2026-02-13T07:50:00+00:00,2026-02-09T21:50:00+00:00,2026-02-10T00:49:59.999000+00:00,2026-02-10T00:50:00+00:00,2026-02-13T07:49:59.999000+00:00,420,5340,4920,180,4740,4920.0,2026-02,DESCRIPTIVE_ONLY,LISTING_DAYS_1_14,READY,,0
CRCLUSDT-R-CRCLUSDT-nyse_20260213T210000Z-s17,CRCLUSDT,R,17,CRCLUSDT-nyse_20260213T210000Z,R:CRCLUSDT:2026-02:17,2026-02-09T22:50:00+00:00,2026-02-13T08:50:00+00:00,2026-02-09T22:50:00+00:00,2026-02-10T01:49:59.999000+00:00,2026-02-10T01:50:00+00:00,2026-02-13T08:49:59.999000+00:00,480,5400,4920,180,4740,4920.0,2026-02,DESCRIPTIVE_ONLY,LISTING_DAYS_1_14,READY,,0
CRCLUSDT-R-CRCLUSDT-nyse_20260213T210000Z-s31,CRCLUSDT,R,31,CRCLUSDT-nyse_20260213T210000Z,R:CRCLUSDT:2026-02:31,2026-02-09T21:50:00+00:00,2026-02-13T07:50:00+00:00,2026-02-09T21:50:00+00:00,2026-02-10T00:49:59.999000+00:00,2026-02-10T00:50:00+00:00,2026-02-13T07:49:59.999000+00:00,420,5340,4920,180,4740,4920.0,2026-02,DESCRIPTIVE_ONLY,LISTING_DAYS_1_14,READY,,0
CRCLUSDT-R-CRCLUSDT-nyse_20260213T210000Z-s59,CRCLUSDT,R,59,CRCLUSDT-nyse_20260213T210000Z,R:CRCLUSDT:2026-02:59,2026-02-09T22:50:00+00:00,2026-02-13T08:50:00+00:00,2026-02-09T22:50:00+00:00,2026-02-10T01:49:59.999000+00:00,2026-02-10T01:50:00+00:00,2026-02-13T08:49:59.999000+00:00,480,5400,4920,180,4740,4920.0,2026-02,DESCRIPTIVE_ONLY,LISTING_DAYS_1_14,READY,,0
CRCLUSDT-R-CRCLUSDT-nyse_20260213T210000Z-s97,CRCLUSDT,R,97,CRCLUSDT-nyse_20260213T210000Z,R:CRCLUSDT:2026-02:97,2026-02-09T20:50:00+00:00,2026-02-13T06:50:00+00:00,2026-02-09T20:50:00+00:00,2026-02-09T23:49:59.999000+00:00,2026-02-09T23:50:00+00:00,2026-02-13T06:49:59.999000+00:00,360,5280,4920,180,4740,4920.0,2026-02,DESCRIPTIVE_ONLY,LISTING_DAYS_1_14,READY,,0
CRCLUSDT-R-CRCLUSDT-nyse_20260220T210000Z-s3,CRCLUSDT,R,3,CRCLUSDT-nyse_20260220T210000Z,R:CRCLUSDT:2026-02:3,2026-02-17T21:50:00+00:00,2026-02-20T07:50:00+00:00,2026-02-17T21:50:00+00:00,2026-02-18T00:49:59.999000+00:00,2026-02-18T00:50:00+00:00,2026-02-20T07:49:59.999000+00:00,11940,15420,3480,180,3300,3480.0,2026-02,DESCRIPTIVE_ONLY,LISTING_DAYS_1_14,READY,,0
CRCLUSDT-R-CRCLUSDT-nyse_20260220T210000Z-s10,CRCLUSDT,R,10,CRCLUSDT-nyse_20260220T210000Z,R:CRCLUSDT:2026-02:10,2026-02-17T22:50:00+00:00,2026-02-20T08:50:00+00:00,2026-02-17T22:50:00+00:00,2026-02-18T01:49:59.999000+00:00,2026-02-18T01:50:00+00:00,2026-02-20T08:49:59.999000+00:00,12000,15480,3480,180,3300,3480.0,2026-02,DESCRIPTIVE_ONLY,LISTING_DAYS_1_14,READY,,0
CRCLUSDT-R-CRCLUSDT-nyse_20260220T210000Z-s17,CRCLUSDT,R,17,CRCLUSDT-nyse_20260220T210000Z,R:CRCLUSDT:2026-02:17,2026-02-17T21:50:00+00:00,2026-02-20T07:50:00+00:00,2026-02-17T21:50:00+00:00,2026-02-18T00:49:59.999000+00:00,2026-02-18T00:50:00+00:00,2026-02-20T07:49:59.999000+00:00,11940,15420,3480,180,3300,3480.0,2026-02,DESCRIPTIVE_ONLY,LISTING_DAYS_1_14,READY,,0
CRCLUSDT-R-CRCLUSDT-nyse_20260220T210000Z-s31,CRCLUSDT,R,31,CRCLUSDT-nyse_20260220T210000Z,R:CRCLUSDT:2026-02:31,2026-02-17T20:50:00+00:00,2026-02-20T06:50:00+00:00,2026-02-17T20:50:00+00:00,2026-02-17T23:49:59.999000+00:00,2026-02-17T23:50:00+00:00,2026-02-20T06:49:59.999000+00:00,11880,15360,3480,180,3300,3480.0,2026-02,DESCRIPTIVE_ONLY,LISTING_DAYS_1_14,READY,,0
CRCLUSDT-R-CRCLUSDT-nyse_20260220T210000Z-s59,CRCLUSDT,R,59,CRCLUSDT-nyse_20260220T210000Z,R:CRCLUSDT:2026-02:59,2026-02-17T22:50:00+00:00,2026-02-20T08:50:00+00:00,2026-02-17T22:50:00+00:00,2026-02-18T01:49:59.999000+00:00,2026-02-18T01:50:00+00:00,2026-02-20T08:49:59.999000+00:00,12000,15480,3480,180,3300,3480.0,2026-02,DESCRIPTIVE_ONLY,LISTING_DAYS_1_14,READY,,0
CRCLUSDT-R-CRCLUSDT-nyse_20260220T210000Z-s97,CRCLUSDT,R,97,CRCLUSDT-nyse_20260220T210000Z,R:CRCLUSDT:2026-02:97,2026-02-17T22:50:00+00:00,2026-02-20T08:50:00+00:00,2026-02-17T22:50:00+00:00,2026-02-18T01:49:59.999000+00:00,2026-02-18T01:50:00+00:00,2026-02-20T08:49:59.999000+00:00,12000,15480,3480,180,3300,3480.0,2026-02,DESCRIPTIVE_ONLY,LISTING_DAYS_1_14,READY,,0
CRCLUSDT-R-CRCLUSDT-nyse_20260227T210000Z-s3,CRCLUSDT,R,3,CRCLUSDT-nyse_20260227T210000Z,R:CRCLUSDT:2026-02:3,2026-02-24T20:50:00+00:00,2026-02-27T06:50:00+00:00,2026-02-24T20:50:00+00:00,2026-02-24T23:49:59.999000+00:00,2026-02-24T23:50:00+00:00,2026-02-27T06:49:59.999000+00:00,21960,25440,3480,180,3300,3480.0,2026-02,DESCRIPTIVE_ONLY,LISTING_DAYS_15_30,READY,,0
CRCLUSDT-R-CRCLUSDT-nyse_20260227T210000Z-s10,CRCLUSDT,R,10,CRCLUSDT-nyse_20260227T210000Z,R:CRCLUSDT:2026-02:10,2026-02-24T22:50:00+00:00,2026-02-27T08:50:00+00:00,2026-02-24T22:50:00+00:00,2026-02-25T01:49:59.999000+00:00,2026-02-25T01:50:00+00:00,2026-02-27T08:49:59.999000+00:00,22080,25560,3480,180,3300,3480.0,2026-02,DESCRIPTIVE_ONLY,LISTING_DAYS_15_30,READY,,0
CRCLUSDT-R-CRCLUSDT-nyse_20260227T210000Z-s17,CRCLUSDT,R,17,CRCLUSDT-nyse_20260227T210000Z,R:CRCLUSDT:2026-02:17,2026-02-24T20:50:00+00:00,2026-02-27T06:50:00+00:00,2026-02-24T20:50:00+00:00,2026-02-24T23:49:59.999000+00:00,2026-02-24T23:50:00+00:00,2026-02-27T06:49:59.999000+00:00,21960,25440,3480,180,3300,3480.0,2026-02,DESCRIPTIVE_ONLY,LISTING_DAYS_15_30,READY,,0
CRCLUSDT-R-CRCLUSDT-nyse_20260227T210000Z-s31,CRCLUSDT,R,31,CRCLUSDT-nyse_20260227T210000Z,R:CRCLUSDT:2026-02:31,2026-02-24T21:50:00+00:00,2026-02-27T07:50:00+00:00,2026-02-24T21:50:00+00:00,2026-02-25T00:49:59.999000+00:00,2026-02-25T00:50:00+00:00,2026-02-27T07:49:59.999000+00:00,22020,25500,3480,180,3300,3480.0,2026-02,DESCRIPTIVE_ONLY,LISTING_DAYS_15_30,READY,,0
CRCLUSDT-R-CRCLUSDT-nyse_20260227T210000Z-s59,CRCLUSDT,R,59,CRCLUSDT-nyse_20260227T210000Z,R:CRCLUSDT:2026-02:59,2026-02-24T22:50:00+00:00,2026-02-27T08:50:00+00:00,2026-02-24T22:50:00+00:00,2026-02-25T01:49:59.999000+00:00,2026-02-25T01:50:00+00:00,2026-02-27T08:49:59.999000+00:00,22080,25560,3480,180,3300,3480.0,2026-02,DESCRIPTIVE_ONLY,LISTING_DAYS_15_30,READY,,0
CRCLUSDT-R-CRCLUSDT-nyse_20260227T210000Z-s97,CRCLUSDT,R,97,CRCLUSDT-nyse_20260227T210000Z,R:CRCLUSDT:2026-02:97,2026-02-23T21:50:00+00:00,2026-02-26T07:50:00+00:00,2026-02-23T21:50:00+00:00,2026-02-24T00:49:59.999000+00:00,2026-02-24T00:50:00+00:00,2026-02-26T07:49:59.999000+00:00,20580,24060,3480,180,3300,3480.0,2026-02,DESCRIPTIVE_ONLY,LISTING_DAYS_15_30,READY,,0
CRCLUSDT-R-CRCLUSDT-nyse_20260306T210000Z-s3,CRCLUSDT,R,3,CRCLUSDT-nyse_20260306T210000Z,R:CRCLUSDT:2026-03:3,2026-03-09T22:50:00+00:00,2026-03-12T07:50:00+00:00,2026-03-09T22:50:00+00:00,2026-03-10T01:49:59.999000+00:00,2026-03-10T01:50:00+00:00,2026-03-12T07:49:59.999000+00:00,40800,44220,3420,180,3240,3420.0,2026-03,RESEARCH_DEVELOPMENT,LISTING_DAYS_15_30,READY,,0
CRCLUSDT-R-CRCLUSDT-nyse_20260306T210000Z-s10,CRCLUSDT,R,10,CRCLUSDT-nyse_20260306T210000Z,R:CRCLUSDT:2026-03:10,2026-03-03T21:50:00+00:00,2026-03-06T06:50:00+00:00,2026-03-03T21:50:00+00:00,2026-03-04T00:49:59.999000+00:00,2026-03-04T00:50:00+00:00,2026-03-06T06:49:59.999000+00:00,32100,35520,3420,180,3240,3420.0,2026-03,RESEARCH_DEVELOPMENT,LISTING_DAYS_15_30,READY,,0
CRCLUSDT-R-CRCLUSDT-nyse_20260306T210000Z-s17,CRCLUSDT,R,17,CRCLUSDT-nyse_20260306T210000Z,R:CRCLUSDT:2026-03:17,2026-03-10T22:50:00+00:00,2026-03-13T07:50:00+00:00,2026-03-10T22:50:00+00:00,2026-03-11T01:49:59.999000+00:00,2026-03-11T01:50:00+00:00,2026-03-13T07:49:59.999000+00:00,42240,45660,3420,180,3240,3420.0,2026-03,RESEARCH_DEVELOPMENT,LISTING_DAYS_15_30,READY,,0
CRCLUSDT-R-CRCLUSDT-nyse_20260306T210000Z-s31,CRCLUSDT,R,31,CRCLUSDT-nyse_20260306T210000Z,R:CRCLUSDT:2026-03:31,2026-03-09T21:50:00+00:00,2026-03-12T06:50:00+00:00,2026-03-09T21:50:00+00:00,2026-03-10T00:49:59.999000+00:00,2026-03-10T00:50:00+00:00,2026-03-12T06:49:59.999000+00:00,40740,44160,3420,180,3240,3420.0,2026-03,RESEARCH_DEVELOPMENT,LISTING_DAYS_15_30,READY,,0
CRCLUSDT-R-CRCLUSDT-nyse_20260306T210000Z-s59,CRCLUSDT,R,59,CRCLUSDT-nyse_20260306T210000Z,R:CRCLUSDT:2026-03:59,2026-03-02T20:50:00+00:00,2026-03-05T05:50:00+00:00,2026-03-02T20:50:00+00:00,2026-03-02T23:49:59.999000+00:00,2026-03-02T23:50:00+00:00,2026-03-05T05:49:59.999000+00:00,30600,34020,3420,180,3240,3420.0,2026-03,RESEARCH_DEVELOPMENT,LISTING_DAYS_15_30,READY,,0
CRCLUSDT-R-CRCLUSDT-nyse_20260306T210000Z-s97,CRCLUSDT,R,97,CRCLUSDT-nyse_20260306T210000Z,R:CRCLUSDT:2026-03:97,2026-03-10T22:50:00+00:00,2026-03-13T07:50:00+00:00,2026-03-10T22:50:00+00:00,2026-03-11T01:49:59.999000+00:00,2026-03-11T01:50:00+00:00,2026-03-13T07:49:59.999000+00:00,42240,45660,3420,180,3240,3420.0,2026-03,RESEARCH_DEVELOPMENT,LISTING_DAYS_15_30,READY,,0
CRCLUSDT-R-CRCLUSDT-nyse_20260313T200000Z-s3,CRCLUSDT,R,3,CRCLUSDT-nyse_20260313T200000Z,R:CRCLUSDT:2026-03:3,2026-03-17T21:50:00+00:00,2026-03-20T07:50:00+00:00,2026-03-17T21:50:00+00:00,2026-03-18T00:49:59.999000+00:00,2026-03-18T00:50:00+00:00,2026-03-20T07:49:59.999000+00:00,52260,55740,3480,180,3300,3480.0,2026-03,RESEARCH_DEVELOPMENT,LISTING_AFTER_30_DAYS,READY,,0
CRCLUSDT-R-CRCLUSDT-nyse_20260313T200000Z-s10,CRCLUSDT,R,10,CRCLUSDT-nyse_20260313T200000Z,R:CRCLUSDT:2026-03:10,2026-03-23T20:50:00+00:00,2026-03-26T06:50:00+00:00,2026-03-23T20:50:00+00:00,2026-03-23T23:49:59.999000+00:00,2026-03-23T23:50:00+00:00,2026-03-26T06:49:59.999000+00:00,60840,64320,3480,180,3300,3480.0,2026-03,RESEARCH_DEVELOPMENT,LISTING_AFTER_30_DAYS,READY,,0
CRCLUSDT-R-CRCLUSDT-nyse_20260313T200000Z-s17,CRCLUSDT,R,17,CRCLUSDT-nyse_20260313T200000Z,R:CRCLUSDT:2026-03:17,2026-03-23T19:50:00+00:00,2026-03-26T05:50:00+00:00,2026-03-23T19:50:00+00:00,2026-03-23T22:49:59.999000+00:00,2026-03-23T22:50:00+00:00,2026-03-26T05:49:59.999000+00:00,60780,64260,3480,180,3300,3480.0,2026-03,RESEARCH_DEVELOPMENT,LISTING_AFTER_30_DAYS,READY,,0
CRCLUSDT-R-CRCLUSDT-nyse_20260313T200000Z-s31,CRCLUSDT,R,31,CRCLUSDT-nyse_20260313T200000Z,R:CRCLUSDT:2026-03:31,2026-03-24T20:50:00+00:00,2026-03-27T06:50:00+00:00,2026-03-24T20:50:00+00:00,2026-03-24T23:49:59.999000+00:00,2026-03-24T23:50:00+00:00,2026-03-27T06:49:59.999000+00:00,62280,65760,3480,180,3300,3480.0,2026-03,RESEARCH_DEVELOPMENT,LISTING_AFTER_30_DAYS,READY,,0
CRCLUSDT-R-CRCLUSDT-nyse_20260313T200000Z-s59,CRCLUSDT,R,59,CRCLUSDT-nyse_20260313T200000Z,R:CRCLUSDT:2026-03:59,2026-03-24T20:50:00+00:00,2026-03-27T06:50:00+00:00,2026-03-24T20:50:00+00:00,2026-03-24T23:49:59.999000+00:00,2026-03-24T23:50:00+00:00,2026-03-27T06:49:59.999000+00:00,62280,65760,3480,180,3300,3480.0,2026-03,RESEARCH_DEVELOPMENT,LISTING_AFTER_30_DAYS,READY,,0
CRCLUSDT-R-CRCLUSDT-nyse_20260313T200000Z-s97,CRCLUSDT,R,97,CRCLUSDT-nyse_20260313T200000Z,R:CRCLUSDT:2026-03:97,2026-03-23T20:50:00+00:00,2026-03-26T06:50:00+00:00,2026-03-23T20:50:00+00:00,2026-03-23T23:49:59.999000+00:00,2026-03-23T23:50:00+00:00,2026-03-26T06:49:59.999000+00:00,60840,64320,3480,180,3300,3480.0,2026-03,RESEARCH_DEVELOPMENT,LISTING_AFTER_30_DAYS,READY,,0
CRCLUSDT-R-CRCLUSDT-nyse_20260320T200000Z-s3,CRCLUSDT,R,3,CRCLUSDT-nyse_20260320T200000Z,R:CRCLUSDT:2026-03:3,2026-03-24T21:50:00+00:00,2026-03-27T07:50:00+00:00,2026-03-24T21:50:00+00:00,2026-03-25T00:49:59.999000+00:00,2026-03-25T00:50:00+00:00,2026-03-27T07:49:59.999000+00:00,62340,65820,3480,180,3300,3480.0,2026-03,RESEARCH_DEVELOPMENT,LISTING_AFTER_30_DAYS,READY,,0
CRCLUSDT-R-CRCLUSDT-nyse_20260320T200000Z-s10,CRCLUSDT,R,10,CRCLUSDT-nyse_20260320T200000Z,R:CRCLUSDT:2026-03:10,2026-03-30T19:50:00+00:00,2026-04-02T05:50:00+00:00,2026-03-30T19:50:00+00:00,2026-03-30T22:49:59.999000+00:00,2026-03-30T22:50:00+00:00,2026-04-02T05:49:59.999000+00:00,70860,74340,3480,180,3300,3480.0,2026-03,RESEARCH_DEVELOPMENT,LISTING_AFTER_30_DAYS,READY,,0
CRCLUSDT-R-CRCLUSDT-nyse_20260320T200000Z-s17,CRCLUSDT,R,17,CRCLUSDT-nyse_20260320T200000Z,R:CRCLUSDT:2026-03:17,2026-03-30T19:50:00+00:00,2026-04-02T05:50:00+00:00,2026-03-30T19:50:00+00:00,2026-03-30T22:49:59.999000+00:00,2026-03-30T22:50:00+00:00,2026-04-02T05:49:59.999000+00:00,70860,74340,3480,180,3300,3480.0,2026-03,RESEARCH_DEVELOPMENT,LISTING_AFTER_30_DAYS,READY,,0
CRCLUSDT-R-CRCLUSDT-nyse_20260320T200000Z-s31,CRCLUSDT,R,31,CRCLUSDT-nyse_20260320T200000Z,R:CRCLUSDT:2026-03:31,2026-03-16T19:50:00+00:00,2026-03-19T05:50:00+00:00,2026-03-16T19:50:00+00:00,2026-03-16T22:49:59.999000+00:00,2026-03-16T22:50:00+00:00,2026-03-19T05:49:59.999000+00:00,50700,54180,3480,180,3300,3480.0,2026-03,RESEARCH_DEVELOPMENT,LISTING_AFTER_30_DAYS,READY,,0
CRCLUSDT-R-CRCLUSDT-nyse_20260320T200000Z-s59,CRCLUSDT,R,59,CRCLUSDT-nyse_20260320T200000Z,R:CRCLUSDT:2026-03:59,2026-03-16T21:50:00+00:00,2026-03-19T07:50:00+00:00,2026-03-16T21:50:00+00:00,2026-03-17T00:49:59.999000+00:00,2026-03-17T00:50:00+00:00,2026-03-19T07:49:59.999000+00:00,50820,54300,3480,180,3300,3480.0,2026-03,RESEARCH_DEVELOPMENT,LISTING_AFTER_30_DAYS,READY,,0
CRCLUSDT-R-CRCLUSDT-nyse_20260320T200000Z-s97,CRCLUSDT,R,97,CRCLUSDT-nyse_20260320T200000Z,R:CRCLUSDT:2026-03:97,2026-03-30T19:50:00+00:00,2026-04-02T05:50:00+00:00,2026-03-30T19:50:00+00:00,2026-03-30T22:49:59.999000+00:00,2026-03-30T22:50:00+00:00,2026-04-02T05:49:59.999000+00:00,70860,74340,3480,180,3300,3480.0,2026-03,RESEARCH_DEVELOPMENT,LISTING_AFTER_30_DAYS,READY,,0
CRCLUSDT-R-CRCLUSDT-nyse_20260327T200000Z-s3,CRCLUSDT,R,3,CRCLUSDT-nyse_20260327T200000Z,R:CRCLUSDT:2026-03:3,2026-03-30T20:50:00+00:00,2026-04-02T06:50:00+00:00,2026-03-30T20:50:00+00:00,2026-03-30T23:49:59.999000+00:00,2026-03-30T23:50:00+00:00,2026-04-02T06:49:59.999000+00:00,70920,74400,3480,180,3300,3480.0,2026-03,RESEARCH_DEVELOPMENT,LISTING_AFTER_30_DAYS,READY,,0
CRCLUSDT-R-CRCLUSDT-nyse_20260327T200000Z-s10,CRCLUSDT,R,10,CRCLUSDT-nyse_20260327T200000Z,R:CRCLUSDT:2026-03:10,2026-03-17T20:50:00+00:00,2026-03-20T06:50:00+00:00,2026-03-17T20:50:00+00:00,2026-03-17T23:49:59.999000+00:00,2026-03-17T23:50:00+00:00,2026-03-20T06:49:59.999000+00:00,52200,55680,3480,180,3300,3480.0,2026-03,RESEARCH_DEVELOPMENT,LISTING_AFTER_30_DAYS,READY,,0
CRCLUSDT-R-CRCLUSDT-nyse_20260327T200000Z-s17,CRCLUSDT,R,17,CRCLUSDT-nyse_20260327T200000Z,R:CRCLUSDT:2026-03:17,2026-03-17T21:50:00+00:00,2026-03-20T07:50:00+00:00,2026-03-17T21:50:00+00:00,2026-03-18T00:49:59.999000+00:00,2026-03-18T00:50:00+00:00,2026-03-20T07:49:59.999000+00:00,52260,55740,3480,180,3300,3480.0,2026-03,RESEARCH_DEVELOPMENT,LISTING_AFTER_30_DAYS,READY,,0
CRCLUSDT-R-CRCLUSDT-nyse_20260327T200000Z-s31,CRCLUSDT,R,31,CRCLUSDT-nyse_20260327T200000Z,R:CRCLUSDT:2026-03:31,2026-03-30T20:50:00+00:00,2026-04-02T06:50:00+00:00,2026-03-30T20:50:00+00:00,2026-03-30T23:49:59.999000+00:00,2026-03-30T23:50:00+00:00,2026-04-02T06:49:59.999000+00:00,70920,74400,3480,180,3300,3480.0,2026-03,RESEARCH_DEVELOPMENT,LISTING_AFTER_30_DAYS,READY,,0
CRCLUSDT-R-CRCLUSDT-nyse_20260327T200000Z-s59,CRCLUSDT,R,59,CRCLUSDT-nyse_20260327T200000Z,R:CRCLUSDT:2026-03:59,2026-03-30T20:50:00+00:00,2026-04-02T06:50:00+00:00,2026-03-30T20:50:00+00:00,2026-03-30T23:49:59.999000+00:00,2026-03-30T23:50:00+00:00,2026-04-02T06:49:59.999000+00:00,70920,74400,3480,180,3300,3480.0,2026-03,RESEARCH_DEVELOPMENT,LISTING_AFTER_30_DAYS,READY,,0
CRCLUSDT-R-CRCLUSDT-nyse_20260327T200000Z-s97,CRCLUSDT,R,97,CRCLUSDT-nyse_20260327T200000Z,R:CRCLUSDT:2026-03:97,2026-03-17T19:50:00+00:00,2026-03-20T05:50:00+00:00,2026-03-17T19:50:00+00:00,2026-03-17T22:49:59.999000+00:00,2026-03-17T22:50:00+00:00,2026-03-20T05:49:59.999000+00:00,52140,55620,3480,180,3300,3480.0,2026-03,RESEARCH_DEVELOPMENT,LISTING_AFTER_30_DAYS,READY,,0
CRCLUSDT-R-CRCLUSDT-nyse_20260402T200000Z-s3,CRCLUSDT,R,3,CRCLUSDT-nyse_20260402T200000Z,R:CRCLUSDT:2026-04:3,2026-04-06T19:50:00+00:00,2026-04-10T05:50:00+00:00,2026-04-06T19:50:00+00:00,2026-04-06T22:49:59.999000+00:00,2026-04-06T22:50:00+00:00,2026-04-10T05:49:59.999000+00:00,80940,85860,4920,180,4740,4920.0,2026-04,RESEARCH_DEVELOPMENT,LISTING_AFTER_30_DAYS,READY,,0
CRCLUSDT-R-CRCLUSDT-nyse_20260402T200000Z-s10,CRCLUSDT,R,10,CRCLUSDT-nyse_20260402T200000Z,R:CRCLUSDT:2026-04:10,2026-04-06T20:50:00+00:00,2026-04-10T06:50:00+00:00,2026-04-06T20:50:00+00:00,2026-04-06T23:49:59.999000+00:00,2026-04-06T23:50:00+00:00,2026-04-10T06:49:59.999000+00:00,81000,85920,4920,180,4740,4920.0,2026-04,RESEARCH_DEVELOPMENT,LISTING_AFTER_30_DAYS,READY,,0
CRCLUSDT-R-CRCLUSDT-nyse_20260402T200000Z-s17,CRCLUSDT,R,17,CRCLUSDT-nyse_20260402T200000Z,R:CRCLUSDT:2026-04:17,2026-04-06T20:50:00+00:00,2026-04-10T06:50:00+00:00,2026-04-06T20:50:00+00:00,2026-04-06T23:49:59.999000+00:00,2026-04-06T23:50:00+00:00,2026-04-10T06:49:59.999000+00:00,81000,85920,4920,180,4740,4920.0,2026-04,RESEARCH_DEVELOPMENT,LISTING_AFTER_30_DAYS,READY,,0
CRCLUSDT-R-CRCLUSDT-nyse_20260402T200000Z-s31,CRCLUSDT,R,31,CRCLUSDT-nyse_20260402T200000Z,R:CRCLUSDT:2026-04:31,2026-04-13T19:50:00+00:00,2026-04-17T05:50:00+00:00,2026-04-13T19:50:00+00:00,2026-04-13T22:49:59.999000+00:00,2026-04-13T22:50:00+00:00,2026-04-17T05:49:59.999000+00:00,91020,95940,4920,180,4740,4920.0,2026-04,RESEARCH_DEVELOPMENT,LISTING_AFTER_30_DAYS,READY,,0
CRCLUSDT-R-CRCLUSDT-nyse_20260402T200000Z-s59,CRCLUSDT,R,59,CRCLUSDT-nyse_20260402T200000Z,R:CRCLUSDT:2026-04:59,2026-04-27T19:50:00+00:00,2026-05-01T05:50:00+00:00,2026-04-27T19:50:00+00:00,2026-04-27T22:49:59.999000+00:00,2026-04-27T22:50:00+00:00,2026-05-01T05:49:59.999000+00:00,111180,116100,4920,180,4740,4920.0,2026-04,RESEARCH_DEVELOPMENT,LISTING_AFTER_30_DAYS,READY,,0
CRCLUSDT-R-CRCLUSDT-nyse_20260402T200000Z-s97,CRCLUSDT,R,97,CRCLUSDT-nyse_20260402T200000Z,R:CRCLUSDT:2026-04:97,2026-04-20T20:50:00+00:00,2026-04-24T06:50:00+00:00,2026-04-20T20:50:00+00:00,2026-04-20T23:49:59.999000+00:00,2026-04-20T23:50:00+00:00,2026-04-24T06:49:59.999000+00:00,101160,106080,4920,180,4740,4920.0,2026-04,RESEARCH_DEVELOPMENT,LISTING_AFTER_30_DAYS,READY,,0
CRCLUSDT-R-CRCLUSDT-nyse_20260410T200000Z-s3,CRCLUSDT,R,3,CRCLUSDT-nyse_20260410T200000Z,R:CRCLUSDT:2026-04:3,2026-04-14T19:50:00+00:00,2026-04-17T05:50:00+00:00,2026-04-14T19:50:00+00:00,2026-04-14T22:49:59.999000+00:00,2026-04-14T22:50:00+00:00,2026-04-17T05:49:59.999000+00:00,92460,95940,3480,180,3300,3480.0,2026-04,RESEARCH_DEVELOPMENT,LISTING_AFTER_30_DAYS,READY,,0
CRCLUSDT-R-CRCLUSDT-nyse_20260410T200000Z-s10,CRCLUSDT,R,10,CRCLUSDT-nyse_20260410T200000Z,R:CRCLUSDT:2026-04:10,2026-04-28T20:50:00+00:00,2026-05-01T06:50:00+00:00,2026-04-28T20:50:00+00:00,2026-04-28T23:49:59.999000+00:00,2026-04-28T23:50:00+00:00,2026-05-01T06:49:59.999000+00:00,112680,116160,3480,180,3300,3480.0,2026-04,RESEARCH_DEVELOPMENT,LISTING_AFTER_30_DAYS,READY,,0
CRCLUSDT-R-CRCLUSDT-nyse_20260410T200000Z-s17,CRCLUSDT,R,17,CRCLUSDT-nyse_20260410T200000Z,R:CRCLUSDT:2026-04:17,2026-04-27T19:50:00+00:00,2026-04-30T05:50:00+00:00,2026-04-27T19:50:00+00:00,2026-04-27T22:49:59.999000+00:00,2026-04-27T22:50:00+00:00,2026-04-30T05:49:59.999000+00:00,111180,114660,3480,180,3300,3480.0,2026-04,RESEARCH_DEVELOPMENT,LISTING_AFTER_30_DAYS,READY,,0
CRCLUSDT-R-CRCLUSDT-nyse_20260410T200000Z-s31,CRCLUSDT,R,31,CRCLUSDT-nyse_20260410T200000Z,R:CRCLUSDT:2026-04:31,2026-04-07T20:50:00+00:00,2026-04-10T06:50:00+00:00,2026-04-07T20:50:00+00:00,2026-04-07T23:49:59.999000+00:00,2026-04-07T23:50:00+00:00,2026-04-10T06:49:59.999000+00:00,82440,85920,3480,180,3300,3480.0,2026-04,RESEARCH_DEVELOPMENT,LISTING_AFTER_30_DAYS,READY,,0
CRCLUSDT-R-CRCLUSDT-nyse_20260410T200000Z-s59,CRCLUSDT,R,59,CRCLUSDT-nyse_20260410T200000Z,R:CRCLUSDT:2026-04:59,2026-04-06T19:50:00+00:00,2026-04-09T05:50:00+00:00,2026-04-06T19:50:00+00:00,2026-04-06T22:49:59.999000+00:00,2026-04-06T22:50:00+00:00,2026-04-09T05:49:59.999000+00:00,80940,84420,3480,180,3300,3480.0,2026-04,RESEARCH_DEVELOPMENT,LISTING_AFTER_30_DAYS,READY,,0
CRCLUSDT-R-CRCLUSDT-nyse_20260410T200000Z-s97,CRCLUSDT,R,97,CRCLUSDT-nyse_20260410T200000Z,R:CRCLUSDT:2026-04:97,2026-04-28T19:50:00+00:00,2026-05-01T05:50:00+00:00,2026-04-28T19:50:00+00:00,2026-04-28T22:49:59.999000+00:00,2026-04-28T22:50:00+00:00,2026-05-01T05:49:59.999000+00:00,112620,116100,3480,180,3300,3480.0,2026-04,RESEARCH_DEVELOPMENT,LISTING_AFTER_30_DAYS,READY,,0
CRCLUSDT-R-CRCLUSDT-nyse_20260417T200000Z-s3,CRCLUSDT,R,3,CRCLUSDT-nyse_20260417T200000Z,R:CRCLUSDT:2026-04:3,2026-04-21T21:50:00+00:00,2026-04-24T07:50:00+00:00,2026-04-21T21:50:00+00:00,2026-04-22T00:49:59.999000+00:00,2026-04-22T00:50:00+00:00,2026-04-24T07:49:59.999000+00:00,102660,106140,3480,180,3300,3480.0,2026-04,RESEARCH_DEVELOPMENT,LISTING_AFTER_30_DAYS,READY,,0
CRCLUSDT-R-CRCLUSDT-nyse_20260417T200000Z-s10,CRCLUSDT,R,10,CRCLUSDT-nyse_20260417T200000Z,R:CRCLUSDT:2026-04:10,2026-04-13T21:50:00+00:00,2026-04-16T07:50:00+00:00,2026-04-13T21:50:00+00:00,2026-04-14T00:49:59.999000+00:00,2026-04-14T00:50:00+00:00,2026-04-16T07:49:59.999000+00:00,91140,94620,3480,180,3300,3480.0,2026-04,RESEARCH_DEVELOPMENT,LISTING_AFTER_30_DAYS,READY,,0
CRCLUSDT-R-CRCLUSDT-nyse_20260417T200000Z-s17,CRCLUSDT,R,17,CRCLUSDT-nyse_20260417T200000Z,R:CRCLUSDT:2026-04:17,2026-04-21T19:50:00+00:00,2026-04-24T05:50:00+00:00,2026-04-21T19:50:00+00:00,2026-04-21T22:49:59.999000+00:00,2026-04-21T22:50:00+00:00,2026-04-24T05:49:59.999000+00:00,102540,106020,3480,180,3300,3480.0,2026-04,RESEARCH_DEVELOPMENT,LISTING_AFTER_30_DAYS,READY,,0
CRCLUSDT-R-CRCLUSDT-nyse_20260417T200000Z-s31,CRCLUSDT,R,31,CRCLUSDT-nyse_20260417T200000Z,R:CRCLUSDT:2026-04:31,2026-04-20T20:50:00+00:00,2026-04-23T06:50:00+00:00,2026-04-20T20:50:00+00:00,2026-04-20T23:49:59.999000+00:00,2026-04-20T23:50:00+00:00,2026-04-23T06:49:59.999000+00:00,101160,104640,3480,180,3300,3480.0,2026-04,RESEARCH_DEVELOPMENT,LISTING_AFTER_30_DAYS,READY,,0
CRCLUSDT-R-CRCLUSDT-nyse_20260417T200000Z-s59,CRCLUSDT,R,59,CRCLUSDT-nyse_20260417T200000Z,R:CRCLUSDT:2026-04:59,2026-04-20T21:50:00+00:00,2026-04-23T07:50:00+00:00,2026-04-20T21:50:00+00:00,2026-04-21T00:49:59.999000+00:00,2026-04-21T00:50:00+00:00,2026-04-23T07:49:59.999000+00:00,101220,104700,3480,180,3300,3480.0,2026-04,RESEARCH_DEVELOPMENT,LISTING_AFTER_30_DAYS,READY,,0
CRCLUSDT-R-CRCLUSDT-nyse_20260417T200000Z-s97,CRCLUSDT,R,97,CRCLUSDT-nyse_20260417T200000Z,R:CRCLUSDT:2026-04:97,2026-04-13T21:50:00+00:00,2026-04-16T07:50:00+00:00,2026-04-13T21:50:00+00:00,2026-04-14T00:49:59.999000+00:00,2026-04-14T00:50:00+00:00,2026-04-16T07:49:59.999000+00:00,91140,94620,3480,180,3300,3480.0,2026-04,RESEARCH_DEVELOPMENT,LISTING_AFTER_30_DAYS,READY,,0
CRCLUSDT-R-CRCLUSDT-nyse_20260424T200000Z-s3,CRCLUSDT,R,3,CRCLUSDT-nyse_20260424T200000Z,R:CRCLUSDT:2026-04:3,2026-04-28T20:50:00+00:00,2026-05-01T06:50:00+00:00,2026-04-28T20:50:00+00:00,2026-04-28T23:49:59.999000+00:00,2026-04-28T23:50:00+00:00,2026-05-01T06:49:59.999000+00:00,112680,116160,3480,180,3300,3480.0,2026-04,RESEARCH_DEVELOPMENT,LISTING_AFTER_30_DAYS,READY,,0
CRCLUSDT-R-CRCLUSDT-nyse_20260424T200000Z-s10,CRCLUSDT,R,10,CRCLUSDT-nyse_20260424T200000Z,R:CRCLUSDT:2026-04:10,2026-04-21T19:50:00+00:00,2026-04-24T05:50:00+00:00,2026-04-21T19:50:00+00:00,2026-04-21T22:49:59.999000+00:00,2026-04-21T22:50:00+00:00,2026-04-24T05:49:59.999000+00:00,102540,106020,3480,180,3300,3480.0,2026-04,RESEARCH_DEVELOPMENT,LISTING_AFTER_30_DAYS,READY,,0
CRCLUSDT-R-CRCLUSDT-nyse_20260424T200000Z-s17,CRCLUSDT,R,17,CRCLUSDT-nyse_20260424T200000Z,R:CRCLUSDT:2026-04:17,2026-04-14T21:50:00+00:00,2026-04-17T07:50:00+00:00,2026-04-14T21:50:00+00:00,2026-04-15T00:49:59.999000+00:00,2026-04-15T00:50:00+00:00,2026-04-17T07:49:59.999000+00:00,92580,96060,3480,180,3300,3480.0,2026-04,RESEARCH_DEVELOPMENT,LISTING_AFTER_30_DAYS,READY,,0
CRCLUSDT-R-CRCLUSDT-nyse_20260424T200000Z-s31,CRCLUSDT,R,31,CRCLUSDT-nyse_20260424T200000Z,R:CRCLUSDT:2026-04:31,2026-04-27T19:50:00+00:00,2026-04-30T05:50:00+00:00,2026-04-27T19:50:00+00:00,2026-04-27T22:49:59.999000+00:00,2026-04-27T22:50:00+00:00,2026-04-30T05:49:59.999000+00:00,111180,114660,3480,180,3300,3480.0,2026-04,RESEARCH_DEVELOPMENT,LISTING_AFTER_30_DAYS,READY,,0
CRCLUSDT-R-CRCLUSDT-nyse_20260424T200000Z-s59,CRCLUSDT,R,59,CRCLUSDT-nyse_20260424T200000Z,R:CRCLUSDT:2026-04:59,2026-04-14T21:50:00+00:00,2026-04-17T07:50:00+00:00,2026-04-14T21:50:00+00:00,2026-04-15T00:49:59.999000+00:00,2026-04-15T00:50:00+00:00,2026-04-17T07:49:59.999000+00:00,92580,96060,3480,180,3300,3480.0,2026-04,RESEARCH_DEVELOPMENT,LISTING_AFTER_30_DAYS,READY,,0
CRCLUSDT-R-CRCLUSDT-nyse_20260424T200000Z-s97,CRCLUSDT,R,97,CRCLUSDT-nyse_20260424T200000Z,R:CRCLUSDT:2026-04:97,2026-04-07T21:50:00+00:00,2026-04-10T07:50:00+00:00,2026-04-07T21:50:00+00:00,2026-04-08T00:49:59.999000+00:00,2026-04-08T00:50:00+00:00,2026-04-10T07:49:59.999000+00:00,82500,85980,3480,180,3300,3480.0,2026-04,RESEARCH_DEVELOPMENT,LISTING_AFTER_30_DAYS,READY,,0
CRCLUSDT-R-CRCLUSDT-nyse_20260501T200000Z-s3,CRCLUSDT,R,3,CRCLUSDT-nyse_20260501T200000Z,R:CRCLUSDT:2026-05:3,2026-05-05T21:50:00+00:00,2026-05-08T07:50:00+00:00,2026-05-05T21:50:00+00:00,2026-05-06T00:49:59.999000+00:00,2026-05-06T00:50:00+00:00,2026-05-08T07:49:59.999000+00:00,122820,126300,3480,180,3300,3480.0,2026-05,RESEARCH_DEVELOPMENT,LISTING_AFTER_30_DAYS,READY,,0
CRCLUSDT-R-CRCLUSDT-nyse_20260501T200000Z-s10,CRCLUSDT,R,10,CRCLUSDT-nyse_20260501T200000Z,R:CRCLUSDT:2026-05:10,2026-05-18T20:50:00+00:00,2026-05-21T06:50:00+00:00,2026-05-18T20:50:00+00:00,2026-05-18T23:49:59.999000+00:00,2026-05-18T23:50:00+00:00,2026-05-21T06:49:59.999000+00:00,141480,144960,3480,180,3300,3480.0,2026-05,RESEARCH_DEVELOPMENT,LISTING_AFTER_30_DAYS,READY,,0
CRCLUSDT-R-CRCLUSDT-nyse_20260501T200000Z-s17,CRCLUSDT,R,17,CRCLUSDT-nyse_20260501T200000Z,R:CRCLUSDT:2026-05:17,2026-05-12T20:50:00+00:00,2026-05-15T06:50:00+00:00,2026-05-12T20:50:00+00:00,2026-05-12T23:49:59.999000+00:00,2026-05-12T23:50:00+00:00,2026-05-15T06:49:59.999000+00:00,132840,136320,3480,180,3300,3480.0,2026-05,RESEARCH_DEVELOPMENT,LISTING_AFTER_30_DAYS,READY,,0
CRCLUSDT-R-CRCLUSDT-nyse_20260501T200000Z-s31,CRCLUSDT,R,31,CRCLUSDT-nyse_20260501T200000Z,R:CRCLUSDT:2026-05:31,2026-05-11T21:50:00+00:00,2026-05-14T07:50:00+00:00,2026-05-11T21:50:00+00:00,2026-05-12T00:49:59.999000+00:00,2026-05-12T00:50:00+00:00,2026-05-14T07:49:59.999000+00:00,131460,134940,3480,180,3300,3480.0,2026-05,RESEARCH_DEVELOPMENT,LISTING_AFTER_30_DAYS,READY,,0
CRCLUSDT-R-CRCLUSDT-nyse_20260501T200000Z-s59,CRCLUSDT,R,59,CRCLUSDT-nyse_20260501T200000Z,R:CRCLUSDT:2026-05:59,2026-05-12T21:50:00+00:00,2026-05-15T07:50:00+00:00,2026-05-12T21:50:00+00:00,2026-05-13T00:49:59.999000+00:00,2026-05-13T00:50:00+00:00,2026-05-15T07:49:59.999000+00:00,132900,136380,3480,180,3300,3480.0,2026-05,RESEARCH_DEVELOPMENT,LISTING_AFTER_30_DAYS,READY,,0
CRCLUSDT-R-CRCLUSDT-nyse_20260501T200000Z-s97,CRCLUSDT,R,97,CRCLUSDT-nyse_20260501T200000Z,R:CRCLUSDT:2026-05:97,2026-05-04T20:50:00+00:00,2026-05-07T06:50:00+00:00,2026-05-04T20:50:00+00:00,2026-05-04T23:49:59.999000+00:00,2026-05-04T23:50:00+00:00,2026-05-07T06:49:59.999000+00:00,121320,124800,3480,180,3300,3480.0,2026-05,RESEARCH_DEVELOPMENT,LISTING_AFTER_30_DAYS,READY,,0
CRCLUSDT-R-CRCLUSDT-nyse_20260508T200000Z-s3,CRCLUSDT,R,3,CRCLUSDT-nyse_20260508T200000Z,R:CRCLUSDT:2026-05:3,2026-05-19T20:50:00+00:00,2026-05-22T06:50:00+00:00,2026-05-19T20:50:00+00:00,2026-05-19T23:49:59.999000+00:00,2026-05-19T23:50:00+00:00,2026-05-22T06:49:59.999000+00:00,142920,146400,3480,180,3300,3480.0,2026-05,RESEARCH_DEVELOPMENT,LISTING_AFTER_30_DAYS,READY,,0
CRCLUSDT-R-CRCLUSDT-nyse_20260508T200000Z-s10,CRCLUSDT,R,10,CRCLUSDT-nyse_20260508T200000Z,R:CRCLUSDT:2026-05:10,2026-05-05T20:50:00+00:00,2026-05-08T06:50:00+00:00,2026-05-05T20:50:00+00:00,2026-05-05T23:49:59.999000+00:00,2026-05-05T23:50:00+00:00,2026-05-08T06:49:59.999000+00:00,122760,126240,3480,180,3300,3480.0,2026-05,RESEARCH_DEVELOPMENT,LISTING_AFTER_30_DAYS,READY,,0
CRCLUSDT-R-CRCLUSDT-nyse_20260508T200000Z-s17,CRCLUSDT,R,17,CRCLUSDT-nyse_20260508T200000Z,R:CRCLUSDT:2026-05:17,2026-05-18T20:50:00+00:00,2026-05-21T06:50:00+00:00,2026-05-18T20:50:00+00:00,2026-05-18T23:49:59.999000+00:00,2026-05-18T23:50:00+00:00,2026-05-21T06:49:59.999000+00:00,141480,144960,3480,180,3300,3480.0,2026-05,RESEARCH_DEVELOPMENT,LISTING_AFTER_30_DAYS,READY,,0
CRCLUSDT-R-CRCLUSDT-nyse_20260508T200000Z-s31,CRCLUSDT,R,31,CRCLUSDT-nyse_20260508T200000Z,R:CRCLUSDT:2026-05:31,2026-05-26T21:50:00+00:00,2026-05-29T07:50:00+00:00,2026-05-26T21:50:00+00:00,2026-05-27T00:49:59.999000+00:00,2026-05-27T00:50:00+00:00,2026-05-29T07:49:59.999000+00:00,153060,156540,3480,180,3300,3480.0,2026-05,RESEARCH_DEVELOPMENT,LISTING_AFTER_30_DAYS,READY,,0
CRCLUSDT-R-CRCLUSDT-nyse_20260508T200000Z-s59,CRCLUSDT,R,59,CRCLUSDT-nyse_20260508T200000Z,R:CRCLUSDT:2026-05:59,2026-05-05T20:50:00+00:00,2026-05-08T06:50:00+00:00,2026-05-05T20:50:00+00:00,2026-05-05T23:49:59.999000+00:00,2026-05-05T23:50:00+00:00,2026-05-08T06:49:59.999000+00:00,122760,126240,3480,180,3300,3480.0,2026-05,RESEARCH_DEVELOPMENT,LISTING_AFTER_30_DAYS,READY,,0
CRCLUSDT-R-CRCLUSDT-nyse_20260508T200000Z-s97,CRCLUSDT,R,97,CRCLUSDT-nyse_20260508T200000Z,R:CRCLUSDT:2026-05:97,2026-05-12T21:50:00+00:00,2026-05-15T07:50:00+00:00,2026-05-12T21:50:00+00:00,2026-05-13T00:49:59.999000+00:00,2026-05-13T00:50:00+00:00,2026-05-15T07:49:59.999000+00:00,132900,136380,3480,180,3300,3480.0,2026-05,RESEARCH_DEVELOPMENT,LISTING_AFTER_30_DAYS,READY,,0
CRCLUSDT-R-CRCLUSDT-nyse_20260515T200000Z-s3,CRCLUSDT,R,3,CRCLUSDT-nyse_20260515T200000Z,R:CRCLUSDT:2026-05:3,2026-05-12T20:50:00+00:00,2026-05-15T06:50:00+00:00,2026-05-12T20:50:00+00:00,2026-05-12T23:49:59.999000+00:00,2026-05-12T23:50:00+00:00,2026-05-15T06:49:59.999000+00:00,132840,136320,3480,180,3300,3480.0,2026-05,RESEARCH_DEVELOPMENT,LISTING_AFTER_30_DAYS,READY,,0
CRCLUSDT-R-CRCLUSDT-nyse_20260515T200000Z-s10,CRCLUSDT,R,10,CRCLUSDT-nyse_20260515T200000Z,R:CRCLUSDT:2026-05:10,2026-05-26T21:50:00+00:00,2026-05-29T07:50:00+00:00,2026-05-26T21:50:00+00:00,2026-05-27T00:49:59.999000+00:00,2026-05-27T00:50:00+00:00,2026-05-29T07:49:59.999000+00:00,153060,156540,3480,180,3300,3480.0,2026-05,RESEARCH_DEVELOPMENT,LISTING_AFTER_30_DAYS,READY,,0
CRCLUSDT-R-CRCLUSDT-nyse_20260515T200000Z-s17,CRCLUSDT,R,17,CRCLUSDT-nyse_20260515T200000Z,R:CRCLUSDT:2026-05:17,2026-05-05T19:50:00+00:00,2026-05-08T05:50:00+00:00,2026-05-05T19:50:00+00:00,2026-05-05T22:49:59.999000+00:00,2026-05-05T22:50:00+00:00,2026-05-08T05:49:59.999000+00:00,122700,126180,3480,180,3300,3480.0,2026-05,RESEARCH_DEVELOPMENT,LISTING_AFTER_30_DAYS,READY,,0
CRCLUSDT-R-CRCLUSDT-nyse_20260515T200000Z-s31,CRCLUSDT,R,31,CRCLUSDT-nyse_20260515T200000Z,R:CRCLUSDT:2026-05:31,2026-05-19T20:50:00+00:00,2026-05-22T06:50:00+00:00,2026-05-19T20:50:00+00:00,2026-05-19T23:49:59.999000+00:00,2026-05-19T23:50:00+00:00,2026-05-22T06:49:59.999000+00:00,142920,146400,3480,180,3300,3480.0,2026-05,RESEARCH_DEVELOPMENT,LISTING_AFTER_30_DAYS,READY,,0
CRCLUSDT-R-CRCLUSDT-nyse_20260515T200000Z-s59,CRCLUSDT,R,59,CRCLUSDT-nyse_20260515T200000Z,R:CRCLUSDT:2026-05:59,2026-05-26T19:50:00+00:00,2026-05-29T05:50:00+00:00,2026-05-26T19:50:00+00:00,2026-05-26T22:49:59.999000+00:00,2026-05-26T22:50:00+00:00,2026-05-29T05:49:59.999000+00:00,152940,156420,3480,180,3300,3480.0,2026-05,RESEARCH_DEVELOPMENT,LISTING_AFTER_30_DAYS,READY,,0
CRCLUSDT-R-CRCLUSDT-nyse_20260515T200000Z-s97,CRCLUSDT,R,97,CRCLUSDT-nyse_20260515T200000Z,R:CRCLUSDT:2026-05:97,2026-05-19T20:50:00+00:00,2026-05-22T06:50:00+00:00,2026-05-19T20:50:00+00:00,2026-05-19T23:49:59.999000+00:00,2026-05-19T23:50:00+00:00,2026-05-22T06:49:59.999000+00:00,142920,146400,3480,180,3300,3480.0,2026-05,RESEARCH_DEVELOPMENT,LISTING_AFTER_30_DAYS,READY,,0
CRCLUSDT-R-CRCLUSDT-nyse_20260522T200000Z-s3,CRCLUSDT,R,3,CRCLUSDT-nyse_20260522T200000Z,R:CRCLUSDT:2026-05:3,2026-05-22T20:00:00+00:00,2026-05-26T06:00:00+00:00,2026-05-22T20:00:00+00:00,2026-05-22T20:00:00+00:00,,,0,0,0,0,0,4920.0,2026-05,RESEARCH_DEVELOPMENT,LISTING_AFTER_30_DAYS,SKIPPED,NO_MATCHED_RANDOM_WINDOW,0
CRCLUSDT-R-CRCLUSDT-nyse_20260522T200000Z-s10,CRCLUSDT,R,10,CRCLUSDT-nyse_20260522T200000Z,R:CRCLUSDT:2026-05:10,2026-05-11T21:50:00+00:00,2026-05-15T07:50:00+00:00,2026-05-11T21:50:00+00:00,2026-05-12T00:49:59.999000+00:00,2026-05-12T00:50:00+00:00,2026-05-15T07:49:59.999000+00:00,131460,136380,4920,180,4740,4920.0,2026-05,RESEARCH_DEVELOPMENT,LISTING_AFTER_30_DAYS,READY,,0
CRCLUSDT-R-CRCLUSDT-nyse_20260522T200000Z-s17,CRCLUSDT,R,17,CRCLUSDT-nyse_20260522T200000Z,R:CRCLUSDT:2026-05:17,2026-05-22T20:00:00+00:00,2026-05-26T06:00:00+00:00,2026-05-22T20:00:00+00:00,2026-05-22T20:00:00+00:00,,,0,0,0,0,0,4920.0,2026-05,RESEARCH_DEVELOPMENT,LISTING_AFTER_30_DAYS,SKIPPED,NO_MATCHED_RANDOM_WINDOW,0
CRCLUSDT-R-CRCLUSDT-nyse_20260522T200000Z-s31,CRCLUSDT,R,31,CRCLUSDT-nyse_20260522T200000Z,R:CRCLUSDT:2026-05:31,2026-05-04T20:50:00+00:00,2026-05-08T06:50:00+00:00,2026-05-04T20:50:00+00:00,2026-05-04T23:49:59.999000+00:00,2026-05-04T23:50:00+00:00,2026-05-08T06:49:59.999000+00:00,121320,126240,4920,180,4740,4920.0,2026-05,RESEARCH_DEVELOPMENT,LISTING_AFTER_30_DAYS,READY,,0
CRCLUSDT-R-CRCLUSDT-nyse_20260522T200000Z-s59,CRCLUSDT,R,59,CRCLUSDT-nyse_20260522T200000Z,R:CRCLUSDT:2026-05:59,2026-05-18T20:50:00+00:00,2026-05-22T06:50:00+00:00,2026-05-18T20:50:00+00:00,2026-05-18T23:49:59.999000+00:00,2026-05-18T23:50:00+00:00,2026-05-22T06:49:59.999000+00:00,141480,146400,4920,180,4740,4920.0,2026-05,RESEARCH_DEVELOPMENT,LISTING_AFTER_30_DAYS,READY,,0
CRCLUSDT-R-CRCLUSDT-nyse_20260522T200000Z-s97,CRCLUSDT,R,97,CRCLUSDT-nyse_20260522T200000Z,R:CRCLUSDT:2026-05:97,2026-05-22T20:00:00+00:00,2026-05-26T06:00:00+00:00,2026-05-22T20:00:00+00:00,2026-05-22T20:00:00+00:00,,,0,0,0,0,0,4920.0,2026-05,RESEARCH_DEVELOPMENT,LISTING_AFTER_30_DAYS,SKIPPED,NO_MATCHED_RANDOM_WINDOW,0
CRCLUSDT-R-CRCLUSDT-nyse_20260529T200000Z-s3,CRCLUSDT,R,3,CRCLUSDT-nyse_20260529T200000Z,R:CRCLUSDT:2026-05:3,2026-05-26T20:50:00+00:00,2026-05-29T06:50:00+00:00,2026-05-26T20:50:00+00:00,2026-05-26T23:49:59.999000+00:00,2026-05-26T23:50:00+00:00,2026-05-29T06:49:59.999000+00:00,153000,156480,3480,180,3300,3480.0,2026-05,RESEARCH_DEVELOPMENT,LISTING_AFTER_30_DAYS,READY,,0
CRCLUSDT-R-CRCLUSDT-nyse_20260529T200000Z-s10,CRCLUSDT,R,10,CRCLUSDT-nyse_20260529T200000Z,R:CRCLUSDT:2026-05:10,2026-05-29T20:00:00+00:00,2026-06-01T06:00:00+00:00,2026-05-29T20:00:00+00:00,2026-05-29T20:00:00+00:00,,,0,0,0,0,0,3480.0,2026-05,RESEARCH_DEVELOPMENT,LISTING_AFTER_30_DAYS,SKIPPED,NO_MATCHED_RANDOM_WINDOW,0
CRCLUSDT-R-CRCLUSDT-nyse_20260529T200000Z-s17,CRCLUSDT,R,17,CRCLUSDT-nyse_20260529T200000Z,R:CRCLUSDT:2026-05:17,2026-05-26T21:50:00+00:00,2026-05-29T07:50:00+00:00,2026-05-26T21:50:00+00:00,2026-05-27T00:49:59.999000+00:00,2026-05-27T00:50:00+00:00,2026-05-29T07:49:59.999000+00:00,153060,156540,3480,180,3300,3480.0,2026-05,RESEARCH_DEVELOPMENT,LISTING_AFTER_30_DAYS,READY,,0
CRCLUSDT-R-CRCLUSDT-nyse_20260529T200000Z-s31,CRCLUSDT,R,31,CRCLUSDT-nyse_20260529T200000Z,R:CRCLUSDT:2026-05:31,2026-05-29T20:00:00+00:00,2026-06-01T06:00:00+00:00,2026-05-29T20:00:00+00:00,2026-05-29T20:00:00+00:00,,,0,0,0,0,0,3480.0,2026-05,RESEARCH_DEVELOPMENT,LISTING_AFTER_30_DAYS,SKIPPED,NO_MATCHED_RANDOM_WINDOW,0
CRCLUSDT-R-CRCLUSDT-nyse_20260529T200000Z-s59,CRCLUSDT,R,59,CRCLUSDT-nyse_20260529T200000Z,R:CRCLUSDT:2026-05:59,2026-05-29T20:00:00+00:00,2026-06-01T06:00:00+00:00,2026-05-29T20:00:00+00:00,2026-05-29T20:00:00+00:00,,,0,0,0,0,0,3480.0,2026-05,RESEARCH_DEVELOPMENT,LISTING_AFTER_30_DAYS,SKIPPED,NO_MATCHED_RANDOM_WINDOW,0
CRCLUSDT-R-CRCLUSDT-nyse_20260529T200000Z-s97,CRCLUSDT,R,97,CRCLUSDT-nyse_20260529T200000Z,R:CRCLUSDT:2026-05:97,2026-05-26T21:50:00+00:00,2026-05-29T07:50:00+00:00,2026-05-26T21:50:00+00:00,2026-05-27T00:49:59.999000+00:00,2026-05-27T00:50:00+00:00,2026-05-29T07:49:59.999000+00:00,153060,156540,3480,180,3300,3480.0,2026-05,RESEARCH_DEVELOPMENT,LISTING_AFTER_30_DAYS,READY,,0
CRCLUSDT-R-CRCLUSDT-nyse_20260605T200000Z-s3,CRCLUSDT,R,3,CRCLUSDT-nyse_20260605T200000Z,R:CRCLUSDT:2026-06:3,2026-06-08T20:50:00+00:00,2026-06-11T06:50:00+00:00,2026-06-08T20:50:00+00:00,2026-06-08T23:49:59.999000+00:00,2026-06-08T23:50:00+00:00,2026-06-11T06:49:59.999000+00:00,171720,175200,3480,180,3300,3480.0,2026-06,SEALED_SHORT_OOS,LISTING_AFTER_30_DAYS,READY,,0
CRCLUSDT-R-CRCLUSDT-nyse_20260605T200000Z-s10,CRCLUSDT,R,10,CRCLUSDT-nyse_20260605T200000Z,R:CRCLUSDT:2026-06:10,2026-06-23T20:50:00+00:00,2026-06-26T06:50:00+00:00,2026-06-23T20:50:00+00:00,2026-06-23T23:49:59.999000+00:00,2026-06-23T23:50:00+00:00,2026-06-26T06:49:59.999000+00:00,193320,196800,3480,180,3300,3480.0,2026-06,SEALED_SHORT_OOS,LISTING_AFTER_30_DAYS,READY,,0
CRCLUSDT-R-CRCLUSDT-nyse_20260605T200000Z-s17,CRCLUSDT,R,17,CRCLUSDT-nyse_20260605T200000Z,R:CRCLUSDT:2026-06:17,2026-06-09T19:50:00+00:00,2026-06-12T05:50:00+00:00,2026-06-09T19:50:00+00:00,2026-06-09T22:49:59.999000+00:00,2026-06-09T22:50:00+00:00,2026-06-12T05:49:59.999000+00:00,173100,176580,3480,180,3300,3480.0,2026-06,SEALED_SHORT_OOS,LISTING_AFTER_30_DAYS,READY,,0
CRCLUSDT-R-CRCLUSDT-nyse_20260605T200000Z-s31,CRCLUSDT,R,31,CRCLUSDT-nyse_20260605T200000Z,R:CRCLUSDT:2026-06:31,2026-06-22T21:50:00+00:00,2026-06-25T07:50:00+00:00,2026-06-22T21:50:00+00:00,2026-06-23T00:49:59.999000+00:00,2026-06-23T00:50:00+00:00,2026-06-25T07:49:59.999000+00:00,191940,195420,3480,180,3300,3480.0,2026-06,SEALED_SHORT_OOS,LISTING_AFTER_30_DAYS,READY,,0
CRCLUSDT-R-CRCLUSDT-nyse_20260605T200000Z-s59,CRCLUSDT,R,59,CRCLUSDT-nyse_20260605T200000Z,R:CRCLUSDT:2026-06:59,2026-06-15T21:50:00+00:00,2026-06-18T07:50:00+00:00,2026-06-15T21:50:00+00:00,2026-06-16T00:49:59.999000+00:00,2026-06-16T00:50:00+00:00,2026-06-18T07:49:59.999000+00:00,181860,185340,3480,180,3300,3480.0,2026-06,SEALED_SHORT_OOS,LISTING_AFTER_30_DAYS,READY,,0
CRCLUSDT-R-CRCLUSDT-nyse_20260605T200000Z-s97,CRCLUSDT,R,97,CRCLUSDT-nyse_20260605T200000Z,R:CRCLUSDT:2026-06:97,2026-06-08T19:50:00+00:00,2026-06-11T05:50:00+00:00,2026-06-08T19:50:00+00:00,2026-06-08T22:49:59.999000+00:00,2026-06-08T22:50:00+00:00,2026-06-11T05:49:59.999000+00:00,171660,175140,3480,180,3300,3480.0,2026-06,SEALED_SHORT_OOS,LISTING_AFTER_30_DAYS,READY,,0
CRCLUSDT-R-CRCLUSDT-nyse_20260612T200000Z-s3,CRCLUSDT,R,3,CRCLUSDT-nyse_20260612T200000Z,R:CRCLUSDT:2026-06:3,2026-06-15T21:50:00+00:00,2026-06-18T07:50:00+00:00,2026-06-15T21:50:00+00:00,2026-06-16T00:49:59.999000+00:00,2026-06-16T00:50:00+00:00,2026-06-18T07:49:59.999000+00:00,181860,185340,3480,180,3300,3480.0,2026-06,SEALED_SHORT_OOS,LISTING_AFTER_30_DAYS,READY,,0
CRCLUSDT-R-CRCLUSDT-nyse_20260612T200000Z-s10,CRCLUSDT,R,10,CRCLUSDT-nyse_20260612T200000Z,R:CRCLUSDT:2026-06:10,2026-06-09T20:50:00+00:00,2026-06-12T06:50:00+00:00,2026-06-09T20:50:00+00:00,2026-06-09T23:49:59.999000+00:00,2026-06-09T23:50:00+00:00,2026-06-12T06:49:59.999000+00:00,173160,176640,3480,180,3300,3480.0,2026-06,SEALED_SHORT_OOS,LISTING_AFTER_30_DAYS,READY,,0
CRCLUSDT-R-CRCLUSDT-nyse_20260612T200000Z-s17,CRCLUSDT,R,17,CRCLUSDT-nyse_20260612T200000Z,R:CRCLUSDT:2026-06:17,2026-06-02T20:50:00+00:00,2026-06-05T06:50:00+00:00,2026-06-02T20:50:00+00:00,2026-06-02T23:49:59.999000+00:00,2026-06-02T23:50:00+00:00,2026-06-05T06:49:59.999000+00:00,163080,166560,3480,180,3300,3480.0,2026-06,SEALED_SHORT_OOS,LISTING_AFTER_30_DAYS,READY,,0
CRCLUSDT-R-CRCLUSDT-nyse_20260612T200000Z-s31,CRCLUSDT,R,31,CRCLUSDT-nyse_20260612T200000Z,R:CRCLUSDT:2026-06:31,2026-06-01T19:50:00+00:00,2026-06-04T05:50:00+00:00,2026-06-01T19:50:00+00:00,2026-06-01T22:49:59.999000+00:00,2026-06-01T22:50:00+00:00,2026-06-04T05:49:59.999000+00:00,161580,165060,3480,180,3300,3480.0,2026-06,SEALED_SHORT_OOS,LISTING_AFTER_30_DAYS,READY,,0
CRCLUSDT-R-CRCLUSDT-nyse_20260612T200000Z-s59,CRCLUSDT,R,59,CRCLUSDT-nyse_20260612T200000Z,R:CRCLUSDT:2026-06:59,2026-06-08T21:50:00+00:00,2026-06-11T07:50:00+00:00,2026-06-08T21:50:00+00:00,2026-06-09T00:49:59.999000+00:00,2026-06-09T00:50:00+00:00,2026-06-11T07:49:59.999000+00:00,171780,175260,3480,180,3300,3480.0,2026-06,SEALED_SHORT_OOS,LISTING_AFTER_30_DAYS,READY,,0
CRCLUSDT-R-CRCLUSDT-nyse_20260612T200000Z-s97,CRCLUSDT,R,97,CRCLUSDT-nyse_20260612T200000Z,R:CRCLUSDT:2026-06:97,2026-06-29T20:50:00+00:00,2026-07-02T06:50:00+00:00,2026-06-29T20:50:00+00:00,2026-06-29T23:49:59.999000+00:00,2026-06-29T23:50:00+00:00,2026-07-02T06:49:59.999000+00:00,201960,205440,3480,180,3300,3480.0,2026-06,SEALED_SHORT_OOS,LISTING_AFTER_30_DAYS,READY,,0
CRCLUSDT-R-CRCLUSDT-nyse_20260618T200000Z-s3,CRCLUSDT,R,3,CRCLUSDT-nyse_20260618T200000Z,R:CRCLUSDT:2026-06:3,2026-06-01T19:50:00+00:00,2026-06-05T05:50:00+00:00,2026-06-01T19:50:00+00:00,2026-06-01T22:49:59.999000+00:00,2026-06-01T22:50:00+00:00,2026-06-05T05:49:59.999000+00:00,161580,166500,4920,180,4740,4920.0,2026-06,SEALED_SHORT_OOS,LISTING_AFTER_30_DAYS,READY,,0
CRCLUSDT-R-CRCLUSDT-nyse_20260618T200000Z-s10,CRCLUSDT,R,10,CRCLUSDT-nyse_20260618T200000Z,R:CRCLUSDT:2026-06:10,2026-06-01T19:50:00+00:00,2026-06-05T05:50:00+00:00,2026-06-01T19:50:00+00:00,2026-06-01T22:49:59.999000+00:00,2026-06-01T22:50:00+00:00,2026-06-05T05:49:59.999000+00:00,161580,166500,4920,180,4740,4920.0,2026-06,SEALED_SHORT_OOS,LISTING_AFTER_30_DAYS,READY,,0
CRCLUSDT-R-CRCLUSDT-nyse_20260618T200000Z-s17,CRCLUSDT,R,17,CRCLUSDT-nyse_20260618T200000Z,R:CRCLUSDT:2026-06:17,2026-06-22T19:50:00+00:00,2026-06-26T05:50:00+00:00,2026-06-22T19:50:00+00:00,2026-06-22T22:49:59.999000+00:00,2026-06-22T22:50:00+00:00,2026-06-26T05:49:59.999000+00:00,191820,196740,4920,180,4740,4920.0,2026-06,SEALED_SHORT_OOS,LISTING_AFTER_30_DAYS,READY,,0
CRCLUSDT-R-CRCLUSDT-nyse_20260618T200000Z-s31,CRCLUSDT,R,31,CRCLUSDT-nyse_20260618T200000Z,R:CRCLUSDT:2026-06:31,2026-06-08T20:50:00+00:00,2026-06-12T06:50:00+00:00,2026-06-08T20:50:00+00:00,2026-06-08T23:49:59.999000+00:00,2026-06-08T23:50:00+00:00,2026-06-12T06:49:59.999000+00:00,171720,176640,4920,180,4740,4920.0,2026-06,SEALED_SHORT_OOS,LISTING_AFTER_30_DAYS,READY,,0
CRCLUSDT-R-CRCLUSDT-nyse_20260618T200000Z-s59,CRCLUSDT,R,59,CRCLUSDT-nyse_20260618T200000Z,R:CRCLUSDT:2026-06:59,2026-06-22T20:50:00+00:00,2026-06-26T06:50:00+00:00,2026-06-22T20:50:00+00:00,2026-06-22T23:49:59.999000+00:00,2026-06-22T23:50:00+00:00,2026-06-26T06:49:59.999000+00:00,191880,196800,4920,180,4740,4920.0,2026-06,SEALED_SHORT_OOS,LISTING_AFTER_30_DAYS,READY,,0
CRCLUSDT-R-CRCLUSDT-nyse_20260618T200000Z-s97,CRCLUSDT,R,97,CRCLUSDT-nyse_20260618T200000Z,R:CRCLUSDT:2026-06:97,2026-06-22T21:50:00+00:00,2026-06-26T07:50:00+00:00,2026-06-22T21:50:00+00:00,2026-06-23T00:49:59.999000+00:00,2026-06-23T00:50:00+00:00,2026-06-26T07:49:59.999000+00:00,191940,196860,4920,180,4740,4920.0,2026-06,SEALED_SHORT_OOS,LISTING_AFTER_30_DAYS,READY,,0
CRCLUSDT-R-CRCLUSDT-nyse_20260626T200000Z-s3,CRCLUSDT,R,3,CRCLUSDT-nyse_20260626T200000Z,R:CRCLUSDT:2026-06:3,2026-06-23T21:50:00+00:00,2026-06-26T07:50:00+00:00,2026-06-23T21:50:00+00:00,2026-06-24T00:49:59.999000+00:00,2026-06-24T00:50:00+00:00,2026-06-26T07:49:59.999000+00:00,193380,196860,3480,180,3300,3480.0,2026-06,SEALED_SHORT_OOS,LISTING_AFTER_30_DAYS,READY,,0
CRCLUSDT-R-CRCLUSDT-nyse_20260626T200000Z-s10,CRCLUSDT,R,10,CRCLUSDT-nyse_20260626T200000Z,R:CRCLUSDT:2026-06:10,2026-06-29T21:50:00+00:00,2026-07-02T07:50:00+00:00,2026-06-29T21:50:00+00:00,2026-06-30T00:49:59.999000+00:00,2026-06-30T00:50:00+00:00,2026-07-02T07:49:59.999000+00:00,202020,205500,3480,180,3300,3480.0,2026-06,SEALED_SHORT_OOS,LISTING_AFTER_30_DAYS,READY,,0
CRCLUSDT-R-CRCLUSDT-nyse_20260626T200000Z-s17,CRCLUSDT,R,17,CRCLUSDT-nyse_20260626T200000Z,R:CRCLUSDT:2026-06:17,2026-06-29T20:50:00+00:00,2026-07-02T06:50:00+00:00,2026-06-29T20:50:00+00:00,2026-06-29T23:49:59.999000+00:00,2026-06-29T23:50:00+00:00,2026-07-02T06:49:59.999000+00:00,201960,205440,3480,180,3300,3480.0,2026-06,SEALED_SHORT_OOS,LISTING_AFTER_30_DAYS,READY,,0
CRCLUSDT-R-CRCLUSDT-nyse_20260626T200000Z-s31,CRCLUSDT,R,31,CRCLUSDT-nyse_20260626T200000Z,R:CRCLUSDT:2026-06:31,2026-06-29T21:50:00+00:00,2026-07-02T07:50:00+00:00,2026-06-29T21:50:00+00:00,2026-06-30T00:49:59.999000+00:00,2026-06-30T00:50:00+00:00,2026-07-02T07:49:59.999000+00:00,202020,205500,3480,180,3300,3480.0,2026-06,SEALED_SHORT_OOS,LISTING_AFTER_30_DAYS,READY,,0
CRCLUSDT-R-CRCLUSDT-nyse_20260626T200000Z-s59,CRCLUSDT,R,59,CRCLUSDT-nyse_20260626T200000Z,R:CRCLUSDT:2026-06:59,2026-06-02T19:50:00+00:00,2026-06-05T05:50:00+00:00,2026-06-02T19:50:00+00:00,2026-06-02T22:49:59.999000+00:00,2026-06-02T22:50:00+00:00,2026-06-05T05:49:59.999000+00:00,163020,166500,3480,180,3300,3480.0,2026-06,SEALED_SHORT_OOS,LISTING_AFTER_30_DAYS,READY,,0
CRCLUSDT-R-CRCLUSDT-nyse_20260626T200000Z-s97,CRCLUSDT,R,97,CRCLUSDT-nyse_20260626T200000Z,R:CRCLUSDT:2026-06:97,2026-06-15T21:50:00+00:00,2026-06-18T07:50:00+00:00,2026-06-15T21:50:00+00:00,2026-06-16T00:49:59.999000+00:00,2026-06-16T00:50:00+00:00,2026-06-18T07:49:59.999000+00:00,181860,185340,3480,180,3300,3480.0,2026-06,SEALED_SHORT_OOS,LISTING_AFTER_30_DAYS,READY,,0
CRCLUSDT-R-CRCLUSDT-nyse_20260702T200000Z-s3,CRCLUSDT,R,3,CRCLUSDT-nyse_20260702T200000Z,R:CRCLUSDT:2026-07:3,2026-07-13T19:50:00+00:00,2026-07-17T05:50:00+00:00,2026-07-13T19:50:00+00:00,2026-07-13T22:49:59.999000+00:00,2026-07-13T22:50:00+00:00,2026-07-17T05:49:59.999000+00:00,222060,226980,4920,180,4740,4920.0,2026-07,DESCRIPTIVE_ONLY,LISTING_AFTER_30_DAYS,READY,,0
CRCLUSDT-R-CRCLUSDT-nyse_20260702T200000Z-s10,CRCLUSDT,R,10,CRCLUSDT-nyse_20260702T200000Z,R:CRCLUSDT:2026-07:10,2026-07-06T20:50:00+00:00,2026-07-10T06:50:00+00:00,2026-07-06T20:50:00+00:00,2026-07-06T23:49:59.999000+00:00,2026-07-06T23:50:00+00:00,2026-07-10T06:49:59.999000+00:00,212040,216960,4920,180,4740,4920.0,2026-07,DESCRIPTIVE_ONLY,LISTING_AFTER_30_DAYS,READY,,0
CRCLUSDT-R-CRCLUSDT-nyse_20260702T200000Z-s17,CRCLUSDT,R,17,CRCLUSDT-nyse_20260702T200000Z,R:CRCLUSDT:2026-07:17,2026-07-13T19:50:00+00:00,2026-07-17T05:50:00+00:00,2026-07-13T19:50:00+00:00,2026-07-13T22:49:59.999000+00:00,2026-07-13T22:50:00+00:00,2026-07-17T05:49:59.999000+00:00,222060,226980,4920,180,4740,4920.0,2026-07,DESCRIPTIVE_ONLY,LISTING_AFTER_30_DAYS,READY,,0
CRCLUSDT-R-CRCLUSDT-nyse_20260702T200000Z-s31,CRCLUSDT,R,31,CRCLUSDT-nyse_20260702T200000Z,R:CRCLUSDT:2026-07:31,2026-07-06T19:50:00+00:00,2026-07-10T05:50:00+00:00,2026-07-06T19:50:00+00:00,2026-07-06T22:49:59.999000+00:00,2026-07-06T22:50:00+00:00,2026-07-10T05:49:59.999000+00:00,211980,216900,4920,180,4740,4920.0,2026-07,DESCRIPTIVE_ONLY,LISTING_AFTER_30_DAYS,READY,,0
CRCLUSDT-R-CRCLUSDT-nyse_20260702T200000Z-s59,CRCLUSDT,R,59,CRCLUSDT-nyse_20260702T200000Z,R:CRCLUSDT:2026-07:59,2026-07-06T20:50:00+00:00,2026-07-10T06:50:00+00:00,2026-07-06T20:50:00+00:00,2026-07-06T23:49:59.999000+00:00,2026-07-06T23:50:00+00:00,2026-07-10T06:49:59.999000+00:00,212040,216960,4920,180,4740,4920.0,2026-07,DESCRIPTIVE_ONLY,LISTING_AFTER_30_DAYS,READY,,0
CRCLUSDT-R-CRCLUSDT-nyse_20260702T200000Z-s97,CRCLUSDT,R,97,CRCLUSDT-nyse_20260702T200000Z,R:CRCLUSDT:2026-07:97,2026-07-13T21:50:00+00:00,2026-07-17T07:50:00+00:00,2026-07-13T21:50:00+00:00,2026-07-14T00:49:59.999000+00:00,2026-07-14T00:50:00+00:00,2026-07-17T07:49:59.999000+00:00,222180,227100,4920,180,4740,4920.0,2026-07,DESCRIPTIVE_ONLY,LISTING_AFTER_30_DAYS,READY,,0
CRCLUSDT-R-CRCLUSDT-nyse_20260710T200000Z-s3,CRCLUSDT,R,3,CRCLUSDT-nyse_20260710T200000Z,R:CRCLUSDT:2026-07:3,2026-07-06T21:50:00+00:00,2026-07-09T07:50:00+00:00,2026-07-06T21:50:00+00:00,2026-07-07T00:49:59.999000+00:00,2026-07-07T00:50:00+00:00,2026-07-09T07:49:59.999000+00:00,212100,215580,3480,180,3300,3480.0,2026-07,DESCRIPTIVE_ONLY,LISTING_AFTER_30_DAYS,READY,,0
CRCLUSDT-R-CRCLUSDT-nyse_20260710T200000Z-s10,CRCLUSDT,R,10,CRCLUSDT-nyse_20260710T200000Z,R:CRCLUSDT:2026-07:10,2026-07-14T20:50:00+00:00,2026-07-17T06:50:00+00:00,2026-07-14T20:50:00+00:00,2026-07-14T23:49:59.999000+00:00,2026-07-14T23:50:00+00:00,2026-07-17T06:49:59.999000+00:00,223560,227040,3480,180,3300,3480.0,2026-07,DESCRIPTIVE_ONLY,LISTING_AFTER_30_DAYS,READY,,0
CRCLUSDT-R-CRCLUSDT-nyse_20260710T200000Z-s17,CRCLUSDT,R,17,CRCLUSDT-nyse_20260710T200000Z,R:CRCLUSDT:2026-07:17,2026-07-20T21:50:00+00:00,2026-07-23T07:50:00+00:00,2026-07-20T21:50:00+00:00,2026-07-21T00:49:59.999000+00:00,2026-07-21T00:50:00+00:00,2026-07-23T07:49:59.999000+00:00,232260,235740,3480,180,3300,3480.0,2026-07,DESCRIPTIVE_ONLY,LISTING_AFTER_30_DAYS,READY,,0
CRCLUSDT-R-CRCLUSDT-nyse_20260710T200000Z-s31,CRCLUSDT,R,31,CRCLUSDT-nyse_20260710T200000Z,R:CRCLUSDT:2026-07:31,2026-07-13T19:50:00+00:00,2026-07-16T05:50:00+00:00,2026-07-13T19:50:00+00:00,2026-07-13T22:49:59.999000+00:00,2026-07-13T22:50:00+00:00,2026-07-16T05:49:59.999000+00:00,222060,225540,3480,180,3300,3480.0,2026-07,DESCRIPTIVE_ONLY,LISTING_AFTER_30_DAYS,READY,,0
CRCLUSDT-R-CRCLUSDT-nyse_20260710T200000Z-s59,CRCLUSDT,R,59,CRCLUSDT-nyse_20260710T200000Z,R:CRCLUSDT:2026-07:59,2026-07-20T21:50:00+00:00,2026-07-23T07:50:00+00:00,2026-07-20T21:50:00+00:00,2026-07-21T00:49:59.999000+00:00,2026-07-21T00:50:00+00:00,2026-07-23T07:49:59.999000+00:00,232260,235740,3480,180,3300,3480.0,2026-07,DESCRIPTIVE_ONLY,LISTING_AFTER_30_DAYS,READY,,0
CRCLUSDT-R-CRCLUSDT-nyse_20260710T200000Z-s97,CRCLUSDT,R,97,CRCLUSDT-nyse_20260710T200000Z,R:CRCLUSDT:2026-07:97,2026-07-20T19:50:00+00:00,2026-07-23T05:50:00+00:00,2026-07-20T19:50:00+00:00,2026-07-20T22:49:59.999000+00:00,2026-07-20T22:50:00+00:00,2026-07-23T05:49:59.999000+00:00,232140,235620,3480,180,3300,3480.0,2026-07,DESCRIPTIVE_ONLY,LISTING_AFTER_30_DAYS,READY,,0
CRCLUSDT-R-CRCLUSDT-nyse_20260717T200000Z-s3,CRCLUSDT,R,3,CRCLUSDT-nyse_20260717T200000Z,R:CRCLUSDT:2026-07:3,2026-07-20T21:50:00+00:00,2026-07-23T07:50:00+00:00,2026-07-20T21:50:00+00:00,2026-07-21T00:49:59.999000+00:00,2026-07-21T00:50:00+00:00,2026-07-23T07:49:59.999000+00:00,232260,235740,3480,180,3300,3480.0,2026-07,DESCRIPTIVE_ONLY,LISTING_AFTER_30_DAYS,READY,,0
CRCLUSDT-R-CRCLUSDT-nyse_20260717T200000Z-s10,CRCLUSDT,R,10,CRCLUSDT-nyse_20260717T200000Z,R:CRCLUSDT:2026-07:10,2026-07-20T19:50:00+00:00,2026-07-23T05:50:00+00:00,2026-07-20T19:50:00+00:00,2026-07-20T22:49:59.999000+00:00,2026-07-20T22:50:00+00:00,2026-07-23T05:49:59.999000+00:00,232140,235620,3480,180,3300,3480.0,2026-07,DESCRIPTIVE_ONLY,LISTING_AFTER_30_DAYS,READY,,0
CRCLUSDT-R-CRCLUSDT-nyse_20260717T200000Z-s17,CRCLUSDT,R,17,CRCLUSDT-nyse_20260717T200000Z,R:CRCLUSDT:2026-07:17,2026-07-07T21:50:00+00:00,2026-07-10T07:50:00+00:00,2026-07-07T21:50:00+00:00,2026-07-08T00:49:59.999000+00:00,2026-07-08T00:50:00+00:00,2026-07-10T07:49:59.999000+00:00,213540,217020,3480,180,3300,3480.0,2026-07,DESCRIPTIVE_ONLY,LISTING_AFTER_30_DAYS,READY,,0
CRCLUSDT-R-CRCLUSDT-nyse_20260717T200000Z-s31,CRCLUSDT,R,31,CRCLUSDT-nyse_20260717T200000Z,R:CRCLUSDT:2026-07:31,2026-07-20T21:50:00+00:00,2026-07-23T07:50:00+00:00,2026-07-20T21:50:00+00:00,2026-07-21T00:49:59.999000+00:00,2026-07-21T00:50:00+00:00,2026-07-23T07:49:59.999000+00:00,232260,235740,3480,180,3300,3480.0,2026-07,DESCRIPTIVE_ONLY,LISTING_AFTER_30_DAYS,READY,,0
CRCLUSDT-R-CRCLUSDT-nyse_20260717T200000Z-s59,CRCLUSDT,R,59,CRCLUSDT-nyse_20260717T200000Z,R:CRCLUSDT:2026-07:59,2026-07-14T20:50:00+00:00,2026-07-17T06:50:00+00:00,2026-07-14T20:50:00+00:00,2026-07-14T23:49:59.999000+00:00,2026-07-14T23:50:00+00:00,2026-07-17T06:49:59.999000+00:00,223560,227040,3480,180,3300,3480.0,2026-07,DESCRIPTIVE_ONLY,LISTING_AFTER_30_DAYS,READY,,0
CRCLUSDT-R-CRCLUSDT-nyse_20260717T200000Z-s97,CRCLUSDT,R,97,CRCLUSDT-nyse_20260717T200000Z,R:CRCLUSDT:2026-07:97,2026-07-07T19:50:00+00:00,2026-07-10T05:50:00+00:00,2026-07-07T19:50:00+00:00,2026-07-07T22:49:59.999000+00:00,2026-07-07T22:50:00+00:00,2026-07-10T05:49:59.999000+00:00,213420,216900,3480,180,3300,3480.0,2026-07,DESCRIPTIVE_ONLY,LISTING_AFTER_30_DAYS,READY,,0
HOODUSDT-nyse_20260206T210000Z,HOODUSDT,W,,,NYSE:2026-02-06T21:00:00+00:00:2026-02-09T07:00:00+00:00,2026-02-06T21:00:00+00:00,2026-02-09T07:00:00+00:00,2026-02-06T21:00:00+00:00,2026-02-06T23:59:59.999000+00:00,2026-02-07T00:00:00+00:00,2026-02-09T06:59:59.999000+00:00,6135,9615,3480,180,3300,3480.0,2026-02,DESCRIPTIVE_ONLY,LISTING_DAYS_1_14,READY,,0
HOODUSDT-nyse_20260213T210000Z,HOODUSDT,W,,,NYSE:2026-02-13T21:00:00+00:00:2026-02-17T07:00:00+00:00,2026-02-13T21:00:00+00:00,2026-02-17T07:00:00+00:00,2026-02-13T21:00:00+00:00,2026-02-13T23:59:59.999000+00:00,2026-02-14T00:00:00+00:00,2026-02-17T06:59:59.999000+00:00,16215,21135,4920,180,4740,4920.0,2026-02,DESCRIPTIVE_ONLY,LISTING_DAYS_1_14,READY,,0
HOODUSDT-nyse_20260220T210000Z,HOODUSDT,W,,,NYSE:2026-02-20T21:00:00+00:00:2026-02-23T07:00:00+00:00,2026-02-20T21:00:00+00:00,2026-02-23T07:00:00+00:00,2026-02-20T21:00:00+00:00,2026-02-20T23:59:59.999000+00:00,2026-02-21T00:00:00+00:00,2026-02-23T06:59:59.999000+00:00,26295,29775,3480,180,3300,3480.0,2026-02,DESCRIPTIVE_ONLY,LISTING_DAYS_15_30,READY,,0
HOODUSDT-nyse_20260227T210000Z,HOODUSDT,W,,,NYSE:2026-02-27T21:00:00+00:00:2026-03-02T07:00:00+00:00,2026-02-27T21:00:00+00:00,2026-03-02T07:00:00+00:00,2026-02-27T21:00:00+00:00,2026-02-27T23:59:59.999000+00:00,2026-02-28T00:00:00+00:00,2026-03-02T06:59:59.999000+00:00,36375,39855,3480,180,3300,3480.0,2026-02,DESCRIPTIVE_ONLY,LISTING_DAYS_15_30,READY,,0
HOODUSDT-nyse_20260306T210000Z,HOODUSDT,W,,,NYSE:2026-03-06T21:00:00+00:00:2026-03-09T06:00:00+00:00,2026-03-06T21:00:00+00:00,2026-03-09T06:00:00+00:00,2026-03-06T21:00:00+00:00,2026-03-06T23:59:59.999000+00:00,2026-03-07T00:00:00+00:00,2026-03-09T05:59:59.999000+00:00,46455,49875,3420,180,3240,3420.0,2026-03,RESEARCH_DEVELOPMENT,LISTING_AFTER_30_DAYS,READY,,0
HOODUSDT-nyse_20260313T200000Z,HOODUSDT,W,,,NYSE:2026-03-13T20:00:00+00:00:2026-03-16T06:00:00+00:00,2026-03-13T20:00:00+00:00,2026-03-16T06:00:00+00:00,2026-03-13T20:00:00+00:00,2026-03-13T22:59:59.999000+00:00,2026-03-13T23:00:00+00:00,2026-03-16T05:59:59.999000+00:00,56475,59955,3480,180,3300,3480.0,2026-03,RESEARCH_DEVELOPMENT,LISTING_AFTER_30_DAYS,READY,,0
HOODUSDT-nyse_20260320T200000Z,HOODUSDT,W,,,NYSE:2026-03-20T20:00:00+00:00:2026-03-23T06:00:00+00:00,2026-03-20T20:00:00+00:00,2026-03-23T06:00:00+00:00,2026-03-20T20:00:00+00:00,2026-03-20T22:59:59.999000+00:00,2026-03-20T23:00:00+00:00,2026-03-23T05:59:59.999000+00:00,66555,70035,3480,180,3300,3480.0,2026-03,RESEARCH_DEVELOPMENT,LISTING_AFTER_30_DAYS,READY,,0
HOODUSDT-nyse_20260327T200000Z,HOODUSDT,W,,,NYSE:2026-03-27T20:00:00+00:00:2026-03-30T06:00:00+00:00,2026-03-27T20:00:00+00:00,2026-03-30T06:00:00+00:00,2026-03-27T20:00:00+00:00,2026-03-27T22:59:59.999000+00:00,2026-03-27T23:00:00+00:00,2026-03-30T05:59:59.999000+00:00,76635,80115,3480,180,3300,3480.0,2026-03,RESEARCH_DEVELOPMENT,LISTING_AFTER_30_DAYS,READY,,0
HOODUSDT-nyse_20260402T200000Z,HOODUSDT,W,,,NYSE:2026-04-02T20:00:00+00:00:2026-04-06T06:00:00+00:00,2026-04-02T20:00:00+00:00,2026-04-06T06:00:00+00:00,2026-04-02T20:00:00+00:00,2026-04-02T22:59:59.999000+00:00,2026-04-02T23:00:00+00:00,2026-04-06T05:59:59.999000+00:00,85275,90195,4920,180,4740,4920.0,2026-04,RESEARCH_DEVELOPMENT,LISTING_AFTER_30_DAYS,READY,,0
HOODUSDT-nyse_20260410T200000Z,HOODUSDT,W,,,NYSE:2026-04-10T20:00:00+00:00:2026-04-13T06:00:00+00:00,2026-04-10T20:00:00+00:00,2026-04-13T06:00:00+00:00,2026-04-10T20:00:00+00:00,2026-04-10T22:59:59.999000+00:00,2026-04-10T23:00:00+00:00,2026-04-13T05:59:59.999000+00:00,96795,100275,3480,180,3300,3480.0,2026-04,RESEARCH_DEVELOPMENT,LISTING_AFTER_30_DAYS,READY,,0
HOODUSDT-nyse_20260417T200000Z,HOODUSDT,W,,,NYSE:2026-04-17T20:00:00+00:00:2026-04-20T06:00:00+00:00,2026-04-17T20:00:00+00:00,2026-04-20T06:00:00+00:00,2026-04-17T20:00:00+00:00,2026-04-17T22:59:59.999000+00:00,2026-04-17T23:00:00+00:00,2026-04-20T05:59:59.999000+00:00,106875,110355,3480,180,3300,3480.0,2026-04,RESEARCH_DEVELOPMENT,LISTING_AFTER_30_DAYS,READY,,0
HOODUSDT-nyse_20260424T200000Z,HOODUSDT,W,,,NYSE:2026-04-24T20:00:00+00:00:2026-04-27T06:00:00+00:00,2026-04-24T20:00:00+00:00,2026-04-27T06:00:00+00:00,2026-04-24T20:00:00+00:00,2026-04-24T22:59:59.999000+00:00,2026-04-24T23:00:00+00:00,2026-04-27T05:59:59.999000+00:00,116955,120435,3480,180,3300,3480.0,2026-04,RESEARCH_DEVELOPMENT,LISTING_AFTER_30_DAYS,READY,,0
HOODUSDT-nyse_20260501T200000Z,HOODUSDT,W,,,NYSE:2026-05-01T20:00:00+00:00:2026-05-04T06:00:00+00:00,2026-05-01T20:00:00+00:00,2026-05-04T06:00:00+00:00,2026-05-01T20:00:00+00:00,2026-05-01T22:59:59.999000+00:00,2026-05-01T23:00:00+00:00,2026-05-04T05:59:59.999000+00:00,127035,130515,3480,180,3300,3480.0,2026-05,RESEARCH_DEVELOPMENT,LISTING_AFTER_30_DAYS,READY,,0
HOODUSDT-nyse_20260508T200000Z,HOODUSDT,W,,,NYSE:2026-05-08T20:00:00+00:00:2026-05-11T06:00:00+00:00,2026-05-08T20:00:00+00:00,2026-05-11T06:00:00+00:00,2026-05-08T20:00:00+00:00,2026-05-08T22:59:59.999000+00:00,2026-05-08T23:00:00+00:00,2026-05-11T05:59:59.999000+00:00,137115,140595,3480,180,3300,3480.0,2026-05,RESEARCH_DEVELOPMENT,LISTING_AFTER_30_DAYS,READY,,0
HOODUSDT-nyse_20260515T200000Z,HOODUSDT,W,,,NYSE:2026-05-15T20:00:00+00:00:2026-05-18T06:00:00+00:00,2026-05-15T20:00:00+00:00,2026-05-18T06:00:00+00:00,2026-05-15T20:00:00+00:00,2026-05-15T22:59:59.999000+00:00,2026-05-15T23:00:00+00:00,2026-05-18T05:59:59.999000+00:00,147195,150675,3480,180,3300,3480.0,2026-05,RESEARCH_DEVELOPMENT,LISTING_AFTER_30_DAYS,READY,,0
HOODUSDT-nyse_20260522T200000Z,HOODUSDT,W,,,NYSE:2026-05-22T20:00:00+00:00:2026-05-26T06:00:00+00:00,2026-05-22T20:00:00+00:00,2026-05-26T06:00:00+00:00,2026-05-22T20:00:00+00:00,2026-05-22T22:59:59.999000+00:00,2026-05-22T23:00:00+00:00,2026-05-26T05:59:59.999000+00:00,157275,162195,4920,180,4740,4920.0,2026-05,RESEARCH_DEVELOPMENT,LISTING_AFTER_30_DAYS,READY,,0
HOODUSDT-nyse_20260529T200000Z,HOODUSDT,W,,,NYSE:2026-05-29T20:00:00+00:00:2026-06-01T06:00:00+00:00,2026-05-29T20:00:00+00:00,2026-06-01T06:00:00+00:00,2026-05-29T20:00:00+00:00,2026-05-29T22:59:59.999000+00:00,2026-05-29T23:00:00+00:00,2026-06-01T05:59:59.999000+00:00,167355,170835,3480,180,3300,3480.0,2026-05,RESEARCH_DEVELOPMENT,LISTING_AFTER_30_DAYS,READY,,0
HOODUSDT-nyse_20260605T200000Z,HOODUSDT,W,,,NYSE:2026-06-05T20:00:00+00:00:2026-06-08T06:00:00+00:00,2026-06-05T20:00:00+00:00,2026-06-08T06:00:00+00:00,2026-06-05T20:00:00+00:00,2026-06-05T22:59:59.999000+00:00,2026-06-05T23:00:00+00:00,2026-06-08T05:59:59.999000+00:00,177435,180915,3480,180,3300,3480.0,2026-06,SEALED_SHORT_OOS,LISTING_AFTER_30_DAYS,READY,,0
HOODUSDT-nyse_20260612T200000Z,HOODUSDT,W,,,NYSE:2026-06-12T20:00:00+00:00:2026-06-15T06:00:00+00:00,2026-06-12T20:00:00+00:00,2026-06-15T06:00:00+00:00,2026-06-12T20:00:00+00:00,2026-06-12T22:59:59.999000+00:00,2026-06-12T23:00:00+00:00,2026-06-15T05:59:59.999000+00:00,187515,190995,3480,180,3300,3480.0,2026-06,SEALED_SHORT_OOS,LISTING_AFTER_30_DAYS,READY,,0
HOODUSDT-nyse_20260618T200000Z,HOODUSDT,W,,,NYSE:2026-06-18T20:00:00+00:00:2026-06-22T06:00:00+00:00,2026-06-18T20:00:00+00:00,2026-06-22T06:00:00+00:00,2026-06-18T20:00:00+00:00,2026-06-18T22:59:59.999000+00:00,2026-06-18T23:00:00+00:00,2026-06-22T05:59:59.999000+00:00,196155,201075,4920,180,4740,4920.0,2026-06,SEALED_SHORT_OOS,LISTING_AFTER_30_DAYS,READY,,0
HOODUSDT-nyse_20260626T200000Z,HOODUSDT,W,,,NYSE:2026-06-26T20:00:00+00:00:2026-06-29T06:00:00+00:00,2026-06-26T20:00:00+00:00,2026-06-29T06:00:00+00:00,2026-06-26T20:00:00+00:00,2026-06-26T22:59:59.999000+00:00,2026-06-26T23:00:00+00:00,2026-06-29T05:59:59.999000+00:00,207675,211155,3480,180,3300,3480.0,2026-06,SEALED_SHORT_OOS,LISTING_AFTER_30_DAYS,READY,,0
HOODUSDT-nyse_20260702T200000Z,HOODUSDT,W,,,NYSE:2026-07-02T20:00:00+00:00:2026-07-06T06:00:00+00:00,2026-07-02T20:00:00+00:00,2026-07-06T06:00:00+00:00,2026-07-02T20:00:00+00:00,2026-07-02T22:59:59.999000+00:00,2026-07-02T23:00:00+00:00,2026-07-06T05:59:59.999000+00:00,216315,221235,4920,180,4740,4920.0,2026-07,DESCRIPTIVE_ONLY,LISTING_AFTER_30_DAYS,READY,,0
HOODUSDT-nyse_20260710T200000Z,HOODUSDT,W,,,NYSE:2026-07-10T20:00:00+00:00:2026-07-13T06:00:00+00:00,2026-07-10T20:00:00+00:00,2026-07-13T06:00:00+00:00,2026-07-10T20:00:00+00:00,2026-07-10T22:59:59.999000+00:00,2026-07-10T23:00:00+00:00,2026-07-13T05:59:59.999000+00:00,227835,231315,3480,180,3300,3480.0,2026-07,DESCRIPTIVE_ONLY,LISTING_AFTER_30_DAYS,READY,,0
HOODUSDT-nyse_20260717T200000Z,HOODUSDT,W,,,NYSE:2026-07-17T20:00:00+00:00:2026-07-20T06:00:00+00:00,2026-07-17T20:00:00+00:00,2026-07-20T06:00:00+00:00,2026-07-17T20:00:00+00:00,2026-07-17T22:59:59.999000+00:00,2026-07-17T23:00:00+00:00,2026-07-20T05:59:59.999000+00:00,237915,241395,3480,180,3300,3480.0,2026-07,DESCRIPTIVE_ONLY,LISTING_AFTER_30_DAYS,READY,,0
HOODUSDT-O-20260302T210000Z,HOODUSDT,O,,,NYSE:2026-03-02T21:00:00+00:00:2026-03-03T07:00:00+00:00,2026-03-02T21:00:00+00:00,2026-03-03T07:00:00+00:00,2026-03-02T21:00:00+00:00,2026-03-02T23:59:59.999000+00:00,2026-03-03T00:00:00+00:00,2026-03-03T06:59:59.999000+00:00,40695,41295,600,180,420,600.0,2026-03,RESEARCH_DEVELOPMENT,LISTING_DAYS_15_30,READY,,0
HOODUSDT-O-20260303T210000Z,HOODUSDT,O,,,NYSE:2026-03-03T21:00:00+00:00:2026-03-04T07:00:00+00:00,2026-03-03T21:00:00+00:00,2026-03-04T07:00:00+00:00,2026-03-03T21:00:00+00:00,2026-03-03T23:59:59.999000+00:00,2026-03-04T00:00:00+00:00,2026-03-04T06:59:59.999000+00:00,42135,42735,600,180,420,600.0,2026-03,RESEARCH_DEVELOPMENT,LISTING_DAYS_15_30,READY,,0
HOODUSDT-O-20260304T210000Z,HOODUSDT,O,,,NYSE:2026-03-04T21:00:00+00:00:2026-03-05T07:00:00+00:00,2026-03-04T21:00:00+00:00,2026-03-05T07:00:00+00:00,2026-03-04T21:00:00+00:00,2026-03-04T23:59:59.999000+00:00,2026-03-05T00:00:00+00:00,2026-03-05T06:59:59.999000+00:00,43575,44175,600,180,420,600.0,2026-03,RESEARCH_DEVELOPMENT,LISTING_AFTER_30_DAYS,READY,,0
HOODUSDT-O-20260305T210000Z,HOODUSDT,O,,,NYSE:2026-03-05T21:00:00+00:00:2026-03-06T07:00:00+00:00,2026-03-05T21:00:00+00:00,2026-03-06T07:00:00+00:00,2026-03-05T21:00:00+00:00,2026-03-05T23:59:59.999000+00:00,2026-03-06T00:00:00+00:00,2026-03-06T06:59:59.999000+00:00,45015,45615,600,180,420,600.0,2026-03,RESEARCH_DEVELOPMENT,LISTING_AFTER_30_DAYS,READY,,0
HOODUSDT-O-20260723T200000Z,HOODUSDT,O,,,NYSE:2026-07-23T20:00:00+00:00:2026-07-24T06:00:00+00:00,2026-07-23T20:00:00+00:00,2026-07-24T06:00:00+00:00,2026-07-23T20:00:00+00:00,2026-07-23T22:59:59.999000+00:00,2026-07-23T23:00:00+00:00,2026-07-23T23:59:59.999000+00:00,246555,246795,240,180,60,600.0,2026-07,DESCRIPTIVE_ONLY,LISTING_AFTER_30_DAYS,READY,,0
HOODUSDT-O-20260202T210000Z,HOODUSDT,O,,,NYSE:2026-02-02T21:00:00+00:00:2026-02-03T07:00:00+00:00,2026-02-02T21:00:00+00:00,2026-02-03T07:00:00+00:00,2026-02-02T21:00:00+00:00,2026-02-02T23:59:59.999000+00:00,2026-02-03T00:00:00+00:00,2026-02-03T06:59:59.999000+00:00,375,975,600,180,420,600.0,2026-02,DESCRIPTIVE_ONLY,LISTING_DAYS_1_14,SKIPPED,OVERLAPS_FROZEN_RANDOM_WINDOW,0
HOODUSDT-O-20260203T210000Z,HOODUSDT,O,,,NYSE:2026-02-03T21:00:00+00:00:2026-02-04T07:00:00+00:00,2026-02-03T21:00:00+00:00,2026-02-04T07:00:00+00:00,2026-02-03T21:00:00+00:00,2026-02-03T23:59:59.999000+00:00,2026-02-04T00:00:00+00:00,2026-02-04T06:59:59.999000+00:00,1815,2415,600,180,420,600.0,2026-02,DESCRIPTIVE_ONLY,LISTING_DAYS_1_14,SKIPPED,OVERLAPS_FROZEN_RANDOM_WINDOW,0
HOODUSDT-O-20260204T210000Z,HOODUSDT,O,,,NYSE:2026-02-04T21:00:00+00:00:2026-02-05T07:00:00+00:00,2026-02-04T21:00:00+00:00,2026-02-05T07:00:00+00:00,2026-02-04T21:00:00+00:00,2026-02-04T23:59:59.999000+00:00,2026-02-05T00:00:00+00:00,2026-02-05T06:59:59.999000+00:00,3255,3855,600,180,420,600.0,2026-02,DESCRIPTIVE_ONLY,LISTING_DAYS_1_14,SKIPPED,OVERLAPS_FROZEN_RANDOM_WINDOW,0
HOODUSDT-O-20260205T210000Z,HOODUSDT,O,,,NYSE:2026-02-05T21:00:00+00:00:2026-02-06T07:00:00+00:00,2026-02-05T21:00:00+00:00,2026-02-06T07:00:00+00:00,2026-02-05T21:00:00+00:00,2026-02-05T23:59:59.999000+00:00,2026-02-06T00:00:00+00:00,2026-02-06T06:59:59.999000+00:00,4695,5295,600,180,420,600.0,2026-02,DESCRIPTIVE_ONLY,LISTING_DAYS_1_14,SKIPPED,OVERLAPS_FROZEN_RANDOM_WINDOW,0
HOODUSDT-O-20260209T210000Z,HOODUSDT,O,,,NYSE:2026-02-09T21:00:00+00:00:2026-02-10T07:00:00+00:00,2026-02-09T21:00:00+00:00,2026-02-10T07:00:00+00:00,2026-02-09T21:00:00+00:00,2026-02-09T23:59:59.999000+00:00,2026-02-10T00:00:00+00:00,2026-02-10T06:59:59.999000+00:00,10455,11055,600,180,420,600.0,2026-02,DESCRIPTIVE_ONLY,LISTING_DAYS_1_14,SKIPPED,OVERLAPS_FROZEN_RANDOM_WINDOW,0
HOODUSDT-O-20260210T210000Z,HOODUSDT,O,,,NYSE:2026-02-10T21:00:00+00:00:2026-02-11T07:00:00+00:00,2026-02-10T21:00:00+00:00,2026-02-11T07:00:00+00:00,2026-02-10T21:00:00+00:00,2026-02-10T23:59:59.999000+00:00,2026-02-11T00:00:00+00:00,2026-02-11T06:59:59.999000+00:00,11895,12495,600,180,420,600.0,2026-02,DESCRIPTIVE_ONLY,LISTING_DAYS_1_14,SKIPPED,OVERLAPS_FROZEN_RANDOM_WINDOW,0
HOODUSDT-O-20260211T210000Z,HOODUSDT,O,,,NYSE:2026-02-11T21:00:00+00:00:2026-02-12T07:00:00+00:00,2026-02-11T21:00:00+00:00,2026-02-12T07:00:00+00:00,2026-02-11T21:00:00+00:00,2026-02-11T23:59:59.999000+00:00,2026-02-12T00:00:00+00:00,2026-02-12T06:59:59.999000+00:00,13335,13935,600,180,420,600.0,2026-02,DESCRIPTIVE_ONLY,LISTING_DAYS_1_14,SKIPPED,OVERLAPS_FROZEN_RANDOM_WINDOW,0
HOODUSDT-O-20260212T210000Z,HOODUSDT,O,,,NYSE:2026-02-12T21:00:00+00:00:2026-02-13T07:00:00+00:00,2026-02-12T21:00:00+00:00,2026-02-13T07:00:00+00:00,2026-02-12T21:00:00+00:00,2026-02-12T23:59:59.999000+00:00,2026-02-13T00:00:00+00:00,2026-02-13T06:59:59.999000+00:00,14775,15375,600,180,420,600.0,2026-02,DESCRIPTIVE_ONLY,LISTING_DAYS_1_14,SKIPPED,OVERLAPS_FROZEN_RANDOM_WINDOW,0
HOODUSDT-O-20260217T210000Z,HOODUSDT,O,,,NYSE:2026-02-17T21:00:00+00:00:2026-02-18T07:00:00+00:00,2026-02-17T21:00:00+00:00,2026-02-18T07:00:00+00:00,2026-02-17T21:00:00+00:00,2026-02-17T23:59:59.999000+00:00,2026-02-18T00:00:00+00:00,2026-02-18T06:59:59.999000+00:00,21975,22575,600,180,420,600.0,2026-02,DESCRIPTIVE_ONLY,LISTING_DAYS_15_30,SKIPPED,OVERLAPS_FROZEN_RANDOM_WINDOW,0
HOODUSDT-O-20260218T210000Z,HOODUSDT,O,,,NYSE:2026-02-18T21:00:00+00:00:2026-02-19T07:00:00+00:00,2026-02-18T21:00:00+00:00,2026-02-19T07:00:00+00:00,2026-02-18T21:00:00+00:00,2026-02-18T23:59:59.999000+00:00,2026-02-19T00:00:00+00:00,2026-02-19T06:59:59.999000+00:00,23415,24015,600,180,420,600.0,2026-02,DESCRIPTIVE_ONLY,LISTING_DAYS_15_30,SKIPPED,OVERLAPS_FROZEN_RANDOM_WINDOW,0
HOODUSDT-O-20260219T210000Z,HOODUSDT,O,,,NYSE:2026-02-19T21:00:00+00:00:2026-02-20T07:00:00+00:00,2026-02-19T21:00:00+00:00,2026-02-20T07:00:00+00:00,2026-02-19T21:00:00+00:00,2026-02-19T23:59:59.999000+00:00,2026-02-20T00:00:00+00:00,2026-02-20T06:59:59.999000+00:00,24855,25455,600,180,420,600.0,2026-02,DESCRIPTIVE_ONLY,LISTING_DAYS_15_30,SKIPPED,OVERLAPS_FROZEN_RANDOM_WINDOW,0
HOODUSDT-O-20260223T210000Z,HOODUSDT,O,,,NYSE:2026-02-23T21:00:00+00:00:2026-02-24T07:00:00+00:00,2026-02-23T21:00:00+00:00,2026-02-24T07:00:00+00:00,2026-02-23T21:00:00+00:00,2026-02-23T23:59:59.999000+00:00,2026-02-24T00:00:00+00:00,2026-02-24T06:59:59.999000+00:00,30615,31215,600,180,420,600.0,2026-02,DESCRIPTIVE_ONLY,LISTING_DAYS_15_30,SKIPPED,OVERLAPS_FROZEN_RANDOM_WINDOW,0
HOODUSDT-O-20260224T210000Z,HOODUSDT,O,,,NYSE:2026-02-24T21:00:00+00:00:2026-02-25T07:00:00+00:00,2026-02-24T21:00:00+00:00,2026-02-25T07:00:00+00:00,2026-02-24T21:00:00+00:00,2026-02-24T23:59:59.999000+00:00,2026-02-25T00:00:00+00:00,2026-02-25T06:59:59.999000+00:00,32055,32655,600,180,420,600.0,2026-02,DESCRIPTIVE_ONLY,LISTING_DAYS_15_30,SKIPPED,OVERLAPS_FROZEN_RANDOM_WINDOW,0
HOODUSDT-O-20260225T210000Z,HOODUSDT,O,,,NYSE:2026-02-25T21:00:00+00:00:2026-02-26T07:00:00+00:00,2026-02-25T21:00:00+00:00,2026-02-26T07:00:00+00:00,2026-02-25T21:00:00+00:00,2026-02-25T23:59:59.999000+00:00,2026-02-26T00:00:00+00:00,2026-02-26T06:59:59.999000+00:00,33495,34095,600,180,420,600.0,2026-02,DESCRIPTIVE_ONLY,LISTING_DAYS_15_30,SKIPPED,OVERLAPS_FROZEN_RANDOM_WINDOW,0
HOODUSDT-O-20260226T210000Z,HOODUSDT,O,,,NYSE:2026-02-26T21:00:00+00:00:2026-02-27T07:00:00+00:00,2026-02-26T21:00:00+00:00,2026-02-27T07:00:00+00:00,2026-02-26T21:00:00+00:00,2026-02-26T23:59:59.999000+00:00,2026-02-27T00:00:00+00:00,2026-02-27T06:59:59.999000+00:00,34935,35535,600,180,420,600.0,2026-02,DESCRIPTIVE_ONLY,LISTING_DAYS_15_30,SKIPPED,OVERLAPS_FROZEN_RANDOM_WINDOW,0
HOODUSDT-O-20260309T200000Z,HOODUSDT,O,,,NYSE:2026-03-09T20:00:00+00:00:2026-03-10T06:00:00+00:00,2026-03-09T20:00:00+00:00,2026-03-10T06:00:00+00:00,2026-03-09T20:00:00+00:00,2026-03-09T22:59:59.999000+00:00,2026-03-09T23:00:00+00:00,2026-03-10T05:59:59.999000+00:00,50715,51315,600,180,420,600.0,2026-03,RESEARCH_DEVELOPMENT,LISTING_AFTER_30_DAYS,SKIPPED,OVERLAPS_FROZEN_RANDOM_WINDOW,0
HOODUSDT-O-20260310T200000Z,HOODUSDT,O,,,NYSE:2026-03-10T20:00:00+00:00:2026-03-11T06:00:00+00:00,2026-03-10T20:00:00+00:00,2026-03-11T06:00:00+00:00,2026-03-10T20:00:00+00:00,2026-03-10T22:59:59.999000+00:00,2026-03-10T23:00:00+00:00,2026-03-11T05:59:59.999000+00:00,52155,52755,600,180,420,600.0,2026-03,RESEARCH_DEVELOPMENT,LISTING_AFTER_30_DAYS,SKIPPED,OVERLAPS_FROZEN_RANDOM_WINDOW,0
HOODUSDT-O-20260311T200000Z,HOODUSDT,O,,,NYSE:2026-03-11T20:00:00+00:00:2026-03-12T06:00:00+00:00,2026-03-11T20:00:00+00:00,2026-03-12T06:00:00+00:00,2026-03-11T20:00:00+00:00,2026-03-11T22:59:59.999000+00:00,2026-03-11T23:00:00+00:00,2026-03-12T05:59:59.999000+00:00,53595,54195,600,180,420,600.0,2026-03,RESEARCH_DEVELOPMENT,LISTING_AFTER_30_DAYS,SKIPPED,OVERLAPS_FROZEN_RANDOM_WINDOW,0
HOODUSDT-O-20260312T200000Z,HOODUSDT,O,,,NYSE:2026-03-12T20:00:00+00:00:2026-03-13T06:00:00+00:00,2026-03-12T20:00:00+00:00,2026-03-13T06:00:00+00:00,2026-03-12T20:00:00+00:00,2026-03-12T22:59:59.999000+00:00,2026-03-12T23:00:00+00:00,2026-03-13T05:59:59.999000+00:00,55035,55635,600,180,420,600.0,2026-03,RESEARCH_DEVELOPMENT,LISTING_AFTER_30_DAYS,SKIPPED,OVERLAPS_FROZEN_RANDOM_WINDOW,0
HOODUSDT-O-20260316T200000Z,HOODUSDT,O,,,NYSE:2026-03-16T20:00:00+00:00:2026-03-17T06:00:00+00:00,2026-03-16T20:00:00+00:00,2026-03-17T06:00:00+00:00,2026-03-16T20:00:00+00:00,2026-03-16T22:59:59.999000+00:00,2026-03-16T23:00:00+00:00,2026-03-17T05:59:59.999000+00:00,60795,61395,600,180,420,600.0,2026-03,RESEARCH_DEVELOPMENT,LISTING_AFTER_30_DAYS,SKIPPED,OVERLAPS_FROZEN_RANDOM_WINDOW,0
HOODUSDT-O-20260317T200000Z,HOODUSDT,O,,,NYSE:2026-03-17T20:00:00+00:00:2026-03-18T06:00:00+00:00,2026-03-17T20:00:00+00:00,2026-03-18T06:00:00+00:00,2026-03-17T20:00:00+00:00,2026-03-17T22:59:59.999000+00:00,2026-03-17T23:00:00+00:00,2026-03-18T05:59:59.999000+00:00,62235,62835,600,180,420,600.0,2026-03,RESEARCH_DEVELOPMENT,LISTING_AFTER_30_DAYS,SKIPPED,OVERLAPS_FROZEN_RANDOM_WINDOW,0
HOODUSDT-O-20260318T200000Z,HOODUSDT,O,,,NYSE:2026-03-18T20:00:00+00:00:2026-03-19T06:00:00+00:00,2026-03-18T20:00:00+00:00,2026-03-19T06:00:00+00:00,2026-03-18T20:00:00+00:00,2026-03-18T22:59:59.999000+00:00,2026-03-18T23:00:00+00:00,2026-03-19T05:59:59.999000+00:00,63675,64275,600,180,420,600.0,2026-03,RESEARCH_DEVELOPMENT,LISTING_AFTER_30_DAYS,SKIPPED,OVERLAPS_FROZEN_RANDOM_WINDOW,0
HOODUSDT-O-20260319T200000Z,HOODUSDT,O,,,NYSE:2026-03-19T20:00:00+00:00:2026-03-20T06:00:00+00:00,2026-03-19T20:00:00+00:00,2026-03-20T06:00:00+00:00,2026-03-19T20:00:00+00:00,2026-03-19T22:59:59.999000+00:00,2026-03-19T23:00:00+00:00,2026-03-20T05:59:59.999000+00:00,65115,65715,600,180,420,600.0,2026-03,RESEARCH_DEVELOPMENT,LISTING_AFTER_30_DAYS,SKIPPED,OVERLAPS_FROZEN_RANDOM_WINDOW,0
HOODUSDT-O-20260323T200000Z,HOODUSDT,O,,,NYSE:2026-03-23T20:00:00+00:00:2026-03-24T06:00:00+00:00,2026-03-23T20:00:00+00:00,2026-03-24T06:00:00+00:00,2026-03-23T20:00:00+00:00,2026-03-23T22:59:59.999000+00:00,2026-03-23T23:00:00+00:00,2026-03-24T05:59:59.999000+00:00,70875,71475,600,180,420,600.0,2026-03,RESEARCH_DEVELOPMENT,LISTING_AFTER_30_DAYS,SKIPPED,OVERLAPS_FROZEN_RANDOM_WINDOW,0
HOODUSDT-O-20260324T200000Z,HOODUSDT,O,,,NYSE:2026-03-24T20:00:00+00:00:2026-03-25T06:00:00+00:00,2026-03-24T20:00:00+00:00,2026-03-25T06:00:00+00:00,2026-03-24T20:00:00+00:00,2026-03-24T22:59:59.999000+00:00,2026-03-24T23:00:00+00:00,2026-03-25T05:59:59.999000+00:00,72315,72915,600,180,420,600.0,2026-03,RESEARCH_DEVELOPMENT,LISTING_AFTER_30_DAYS,SKIPPED,OVERLAPS_FROZEN_RANDOM_WINDOW,0
HOODUSDT-O-20260325T200000Z,HOODUSDT,O,,,NYSE:2026-03-25T20:00:00+00:00:2026-03-26T06:00:00+00:00,2026-03-25T20:00:00+00:00,2026-03-26T06:00:00+00:00,2026-03-25T20:00:00+00:00,2026-03-25T22:59:59.999000+00:00,2026-03-25T23:00:00+00:00,2026-03-26T05:59:59.999000+00:00,73755,74355,600,180,420,600.0,2026-03,RESEARCH_DEVELOPMENT,LISTING_AFTER_30_DAYS,SKIPPED,OVERLAPS_FROZEN_RANDOM_WINDOW,0
HOODUSDT-O-20260326T200000Z,HOODUSDT,O,,,NYSE:2026-03-26T20:00:00+00:00:2026-03-27T06:00:00+00:00,2026-03-26T20:00:00+00:00,2026-03-27T06:00:00+00:00,2026-03-26T20:00:00+00:00,2026-03-26T22:59:59.999000+00:00,2026-03-26T23:00:00+00:00,2026-03-27T05:59:59.999000+00:00,75195,75795,600,180,420,600.0,2026-03,RESEARCH_DEVELOPMENT,LISTING_AFTER_30_DAYS,SKIPPED,OVERLAPS_FROZEN_RANDOM_WINDOW,0
HOODUSDT-O-20260330T200000Z,HOODUSDT,O,,,NYSE:2026-03-30T20:00:00+00:00:2026-03-31T06:00:00+00:00,2026-03-30T20:00:00+00:00,2026-03-31T06:00:00+00:00,2026-03-30T20:00:00+00:00,2026-03-30T22:59:59.999000+00:00,2026-03-30T23:00:00+00:00,2026-03-31T05:59:59.999000+00:00,80955,81555,600,180,420,600.0,2026-03,RESEARCH_DEVELOPMENT,LISTING_AFTER_30_DAYS,SKIPPED,OVERLAPS_FROZEN_RANDOM_WINDOW,0
HOODUSDT-O-20260331T200000Z,HOODUSDT,O,,,NYSE:2026-03-31T20:00:00+00:00:2026-04-01T06:00:00+00:00,2026-03-31T20:00:00+00:00,2026-04-01T06:00:00+00:00,2026-03-31T20:00:00+00:00,2026-03-31T22:59:59.999000+00:00,2026-03-31T23:00:00+00:00,2026-04-01T05:59:59.999000+00:00,82395,82995,600,180,420,600.0,2026-03,RESEARCH_DEVELOPMENT,LISTING_AFTER_30_DAYS,SKIPPED,OVERLAPS_FROZEN_RANDOM_WINDOW,0
HOODUSDT-O-20260401T200000Z,HOODUSDT,O,,,NYSE:2026-04-01T20:00:00+00:00:2026-04-02T06:00:00+00:00,2026-04-01T20:00:00+00:00,2026-04-02T06:00:00+00:00,2026-04-01T20:00:00+00:00,2026-04-01T22:59:59.999000+00:00,2026-04-01T23:00:00+00:00,2026-04-02T05:59:59.999000+00:00,83835,84435,600,180,420,600.0,2026-04,RESEARCH_DEVELOPMENT,LISTING_AFTER_30_DAYS,SKIPPED,OVERLAPS_FROZEN_RANDOM_WINDOW,0
HOODUSDT-O-20260406T200000Z,HOODUSDT,O,,,NYSE:2026-04-06T20:00:00+00:00:2026-04-07T06:00:00+00:00,2026-04-06T20:00:00+00:00,2026-04-07T06:00:00+00:00,2026-04-06T20:00:00+00:00,2026-04-06T22:59:59.999000+00:00,2026-04-06T23:00:00+00:00,2026-04-07T05:59:59.999000+00:00,91035,91635,600,180,420,600.0,2026-04,RESEARCH_DEVELOPMENT,LISTING_AFTER_30_DAYS,SKIPPED,OVERLAPS_FROZEN_RANDOM_WINDOW,0
HOODUSDT-O-20260407T200000Z,HOODUSDT,O,,,NYSE:2026-04-07T20:00:00+00:00:2026-04-08T06:00:00+00:00,2026-04-07T20:00:00+00:00,2026-04-08T06:00:00+00:00,2026-04-07T20:00:00+00:00,2026-04-07T22:59:59.999000+00:00,2026-04-07T23:00:00+00:00,2026-04-08T05:59:59.999000+00:00,92475,93075,600,180,420,600.0,2026-04,RESEARCH_DEVELOPMENT,LISTING_AFTER_30_DAYS,SKIPPED,OVERLAPS_FROZEN_RANDOM_WINDOW,0
HOODUSDT-O-20260408T200000Z,HOODUSDT,O,,,NYSE:2026-04-08T20:00:00+00:00:2026-04-09T06:00:00+00:00,2026-04-08T20:00:00+00:00,2026-04-09T06:00:00+00:00,2026-04-08T20:00:00+00:00,2026-04-08T22:59:59.999000+00:00,2026-04-08T23:00:00+00:00,2026-04-09T05:59:59.999000+00:00,93915,94515,600,180,420,600.0,2026-04,RESEARCH_DEVELOPMENT,LISTING_AFTER_30_DAYS,SKIPPED,OVERLAPS_FROZEN_RANDOM_WINDOW,0
HOODUSDT-O-20260409T200000Z,HOODUSDT,O,,,NYSE:2026-04-09T20:00:00+00:00:2026-04-10T06:00:00+00:00,2026-04-09T20:00:00+00:00,2026-04-10T06:00:00+00:00,2026-04-09T20:00:00+00:00,2026-04-09T22:59:59.999000+00:00,2026-04-09T23:00:00+00:00,2026-04-10T05:59:59.999000+00:00,95355,95955,600,180,420,600.0,2026-04,RESEARCH_DEVELOPMENT,LISTING_AFTER_30_DAYS,SKIPPED,OVERLAPS_FROZEN_RANDOM_WINDOW,0
HOODUSDT-O-20260413T200000Z,HOODUSDT,O,,,NYSE:2026-04-13T20:00:00+00:00:2026-04-14T06:00:00+00:00,2026-04-13T20:00:00+00:00,2026-04-14T06:00:00+00:00,2026-04-13T20:00:00+00:00,2026-04-13T22:59:59.999000+00:00,2026-04-13T23:00:00+00:00,2026-04-14T05:59:59.999000+00:00,101115,101715,600,180,420,600.0,2026-04,RESEARCH_DEVELOPMENT,LISTING_AFTER_30_DAYS,SKIPPED,OVERLAPS_FROZEN_RANDOM_WINDOW,0
HOODUSDT-O-20260414T200000Z,HOODUSDT,O,,,NYSE:2026-04-14T20:00:00+00:00:2026-04-15T06:00:00+00:00,2026-04-14T20:00:00+00:00,2026-04-15T06:00:00+00:00,2026-04-14T20:00:00+00:00,2026-04-14T22:59:59.999000+00:00,2026-04-14T23:00:00+00:00,2026-04-15T05:59:59.999000+00:00,102555,103155,600,180,420,600.0,2026-04,RESEARCH_DEVELOPMENT,LISTING_AFTER_30_DAYS,SKIPPED,OVERLAPS_FROZEN_RANDOM_WINDOW,0
HOODUSDT-O-20260415T200000Z,HOODUSDT,O,,,NYSE:2026-04-15T20:00:00+00:00:2026-04-16T06:00:00+00:00,2026-04-15T20:00:00+00:00,2026-04-16T06:00:00+00:00,2026-04-15T20:00:00+00:00,2026-04-15T22:59:59.999000+00:00,2026-04-15T23:00:00+00:00,2026-04-16T05:59:59.999000+00:00,103995,104595,600,180,420,600.0,2026-04,RESEARCH_DEVELOPMENT,LISTING_AFTER_30_DAYS,SKIPPED,OVERLAPS_FROZEN_RANDOM_WINDOW,0
HOODUSDT-O-20260416T200000Z,HOODUSDT,O,,,NYSE:2026-04-16T20:00:00+00:00:2026-04-17T06:00:00+00:00,2026-04-16T20:00:00+00:00,2026-04-17T06:00:00+00:00,2026-04-16T20:00:00+00:00,2026-04-16T22:59:59.999000+00:00,2026-04-16T23:00:00+00:00,2026-04-17T05:59:59.999000+00:00,105435,106035,600,180,420,600.0,2026-04,RESEARCH_DEVELOPMENT,LISTING_AFTER_30_DAYS,SKIPPED,OVERLAPS_FROZEN_RANDOM_WINDOW,0
HOODUSDT-O-20260420T200000Z,HOODUSDT,O,,,NYSE:2026-04-20T20:00:00+00:00:2026-04-21T06:00:00+00:00,2026-04-20T20:00:00+00:00,2026-04-21T06:00:00+00:00,2026-04-20T20:00:00+00:00,2026-04-20T22:59:59.999000+00:00,2026-04-20T23:00:00+00:00,2026-04-21T05:59:59.999000+00:00,111195,111795,600,180,420,600.0,2026-04,RESEARCH_DEVELOPMENT,LISTING_AFTER_30_DAYS,SKIPPED,OVERLAPS_FROZEN_RANDOM_WINDOW,0
HOODUSDT-O-20260421T200000Z,HOODUSDT,O,,,NYSE:2026-04-21T20:00:00+00:00:2026-04-22T06:00:00+00:00,2026-04-21T20:00:00+00:00,2026-04-22T06:00:00+00:00,2026-04-21T20:00:00+00:00,2026-04-21T22:59:59.999000+00:00,2026-04-21T23:00:00+00:00,2026-04-22T05:59:59.999000+00:00,112635,113235,600,180,420,600.0,2026-04,RESEARCH_DEVELOPMENT,LISTING_AFTER_30_DAYS,SKIPPED,OVERLAPS_FROZEN_RANDOM_WINDOW,0
HOODUSDT-O-20260422T200000Z,HOODUSDT,O,,,NYSE:2026-04-22T20:00:00+00:00:2026-04-23T06:00:00+00:00,2026-04-22T20:00:00+00:00,2026-04-23T06:00:00+00:00,2026-04-22T20:00:00+00:00,2026-04-22T22:59:59.999000+00:00,2026-04-22T23:00:00+00:00,2026-04-23T05:59:59.999000+00:00,114075,114675,600,180,420,600.0,2026-04,RESEARCH_DEVELOPMENT,LISTING_AFTER_30_DAYS,SKIPPED,OVERLAPS_FROZEN_RANDOM_WINDOW,0
HOODUSDT-O-20260423T200000Z,HOODUSDT,O,,,NYSE:2026-04-23T20:00:00+00:00:2026-04-24T06:00:00+00:00,2026-04-23T20:00:00+00:00,2026-04-24T06:00:00+00:00,2026-04-23T20:00:00+00:00,2026-04-23T22:59:59.999000+00:00,2026-04-23T23:00:00+00:00,2026-04-24T05:59:59.999000+00:00,115515,116115,600,180,420,600.0,2026-04,RESEARCH_DEVELOPMENT,LISTING_AFTER_30_DAYS,SKIPPED,OVERLAPS_FROZEN_RANDOM_WINDOW,0
HOODUSDT-O-20260427T200000Z,HOODUSDT,O,,,NYSE:2026-04-27T20:00:00+00:00:2026-04-28T06:00:00+00:00,2026-04-27T20:00:00+00:00,2026-04-28T06:00:00+00:00,2026-04-27T20:00:00+00:00,2026-04-27T22:59:59.999000+00:00,2026-04-27T23:00:00+00:00,2026-04-28T05:59:59.999000+00:00,121275,121875,600,180,420,600.0,2026-04,RESEARCH_DEVELOPMENT,LISTING_AFTER_30_DAYS,SKIPPED,OVERLAPS_FROZEN_RANDOM_WINDOW,0
HOODUSDT-O-20260428T200000Z,HOODUSDT,O,,,NYSE:2026-04-28T20:00:00+00:00:2026-04-29T06:00:00+00:00,2026-04-28T20:00:00+00:00,2026-04-29T06:00:00+00:00,2026-04-28T20:00:00+00:00,2026-04-28T22:59:59.999000+00:00,2026-04-28T23:00:00+00:00,2026-04-29T05:59:59.999000+00:00,122715,123315,600,180,420,600.0,2026-04,RESEARCH_DEVELOPMENT,LISTING_AFTER_30_DAYS,SKIPPED,OVERLAPS_FROZEN_RANDOM_WINDOW,0
HOODUSDT-O-20260429T200000Z,HOODUSDT,O,,,NYSE:2026-04-29T20:00:00+00:00:2026-04-30T06:00:00+00:00,2026-04-29T20:00:00+00:00,2026-04-30T06:00:00+00:00,2026-04-29T20:00:00+00:00,2026-04-29T22:59:59.999000+00:00,2026-04-29T23:00:00+00:00,2026-04-30T05:59:59.999000+00:00,124155,124755,600,180,420,600.0,2026-04,RESEARCH_DEVELOPMENT,LISTING_AFTER_30_DAYS,SKIPPED,OVERLAPS_FROZEN_RANDOM_WINDOW,0
HOODUSDT-O-20260430T200000Z,HOODUSDT,O,,,NYSE:2026-04-30T20:00:00+00:00:2026-05-01T06:00:00+00:00,2026-04-30T20:00:00+00:00,2026-05-01T06:00:00+00:00,2026-04-30T20:00:00+00:00,2026-04-30T22:59:59.999000+00:00,2026-04-30T23:00:00+00:00,2026-05-01T05:59:59.999000+00:00,125595,126195,600,180,420,600.0,2026-04,RESEARCH_DEVELOPMENT,LISTING_AFTER_30_DAYS,SKIPPED,OVERLAPS_FROZEN_RANDOM_WINDOW,0
HOODUSDT-O-20260504T200000Z,HOODUSDT,O,,,NYSE:2026-05-04T20:00:00+00:00:2026-05-05T06:00:00+00:00,2026-05-04T20:00:00+00:00,2026-05-05T06:00:00+00:00,2026-05-04T20:00:00+00:00,2026-05-04T22:59:59.999000+00:00,2026-05-04T23:00:00+00:00,2026-05-05T05:59:59.999000+00:00,131355,131955,600,180,420,600.0,2026-05,RESEARCH_DEVELOPMENT,LISTING_AFTER_30_DAYS,SKIPPED,OVERLAPS_FROZEN_RANDOM_WINDOW,0
HOODUSDT-O-20260505T200000Z,HOODUSDT,O,,,NYSE:2026-05-05T20:00:00+00:00:2026-05-06T06:00:00+00:00,2026-05-05T20:00:00+00:00,2026-05-06T06:00:00+00:00,2026-05-05T20:00:00+00:00,2026-05-05T22:59:59.999000+00:00,2026-05-05T23:00:00+00:00,2026-05-06T05:59:59.999000+00:00,132795,133395,600,180,420,600.0,2026-05,RESEARCH_DEVELOPMENT,LISTING_AFTER_30_DAYS,SKIPPED,OVERLAPS_FROZEN_RANDOM_WINDOW,0
HOODUSDT-O-20260506T200000Z,HOODUSDT,O,,,NYSE:2026-05-06T20:00:00+00:00:2026-05-07T06:00:00+00:00,2026-05-06T20:00:00+00:00,2026-05-07T06:00:00+00:00,2026-05-06T20:00:00+00:00,2026-05-06T22:59:59.999000+00:00,2026-05-06T23:00:00+00:00,2026-05-07T05:59:59.999000+00:00,134235,134835,600,180,420,600.0,2026-05,RESEARCH_DEVELOPMENT,LISTING_AFTER_30_DAYS,SKIPPED,OVERLAPS_FROZEN_RANDOM_WINDOW,0
HOODUSDT-O-20260507T200000Z,HOODUSDT,O,,,NYSE:2026-05-07T20:00:00+00:00:2026-05-08T06:00:00+00:00,2026-05-07T20:00:00+00:00,2026-05-08T06:00:00+00:00,2026-05-07T20:00:00+00:00,2026-05-07T22:59:59.999000+00:00,2026-05-07T23:00:00+00:00,2026-05-08T05:59:59.999000+00:00,135675,136275,600,180,420,600.0,2026-05,RESEARCH_DEVELOPMENT,LISTING_AFTER_30_DAYS,SKIPPED,OVERLAPS_FROZEN_RANDOM_WINDOW,0
HOODUSDT-O-20260511T200000Z,HOODUSDT,O,,,NYSE:2026-05-11T20:00:00+00:00:2026-05-12T06:00:00+00:00,2026-05-11T20:00:00+00:00,2026-05-12T06:00:00+00:00,2026-05-11T20:00:00+00:00,2026-05-11T22:59:59.999000+00:00,2026-05-11T23:00:00+00:00,2026-05-12T05:59:59.999000+00:00,141435,142035,600,180,420,600.0,2026-05,RESEARCH_DEVELOPMENT,LISTING_AFTER_30_DAYS,SKIPPED,OVERLAPS_FROZEN_RANDOM_WINDOW,0
HOODUSDT-O-20260512T200000Z,HOODUSDT,O,,,NYSE:2026-05-12T20:00:00+00:00:2026-05-13T06:00:00+00:00,2026-05-12T20:00:00+00:00,2026-05-13T06:00:00+00:00,2026-05-12T20:00:00+00:00,2026-05-12T22:59:59.999000+00:00,2026-05-12T23:00:00+00:00,2026-05-13T05:59:59.999000+00:00,142875,143475,600,180,420,600.0,2026-05,RESEARCH_DEVELOPMENT,LISTING_AFTER_30_DAYS,SKIPPED,OVERLAPS_FROZEN_RANDOM_WINDOW,0
HOODUSDT-O-20260513T200000Z,HOODUSDT,O,,,NYSE:2026-05-13T20:00:00+00:00:2026-05-14T06:00:00+00:00,2026-05-13T20:00:00+00:00,2026-05-14T06:00:00+00:00,2026-05-13T20:00:00+00:00,2026-05-13T22:59:59.999000+00:00,2026-05-13T23:00:00+00:00,2026-05-14T05:59:59.999000+00:00,144315,144915,600,180,420,600.0,2026-05,RESEARCH_DEVELOPMENT,LISTING_AFTER_30_DAYS,SKIPPED,OVERLAPS_FROZEN_RANDOM_WINDOW,0
HOODUSDT-O-20260514T200000Z,HOODUSDT,O,,,NYSE:2026-05-14T20:00:00+00:00:2026-05-15T06:00:00+00:00,2026-05-14T20:00:00+00:00,2026-05-15T06:00:00+00:00,2026-05-14T20:00:00+00:00,2026-05-14T22:59:59.999000+00:00,2026-05-14T23:00:00+00:00,2026-05-15T05:59:59.999000+00:00,145755,146355,600,180,420,600.0,2026-05,RESEARCH_DEVELOPMENT,LISTING_AFTER_30_DAYS,SKIPPED,OVERLAPS_FROZEN_RANDOM_WINDOW,0
HOODUSDT-O-20260518T200000Z,HOODUSDT,O,,,NYSE:2026-05-18T20:00:00+00:00:2026-05-19T06:00:00+00:00,2026-05-18T20:00:00+00:00,2026-05-19T06:00:00+00:00,2026-05-18T20:00:00+00:00,2026-05-18T22:59:59.999000+00:00,2026-05-18T23:00:00+00:00,2026-05-19T05:59:59.999000+00:00,151515,152115,600,180,420,600.0,2026-05,RESEARCH_DEVELOPMENT,LISTING_AFTER_30_DAYS,SKIPPED,OVERLAPS_FROZEN_RANDOM_WINDOW,0
HOODUSDT-O-20260519T200000Z,HOODUSDT,O,,,NYSE:2026-05-19T20:00:00+00:00:2026-05-20T06:00:00+00:00,2026-05-19T20:00:00+00:00,2026-05-20T06:00:00+00:00,2026-05-19T20:00:00+00:00,2026-05-19T22:59:59.999000+00:00,2026-05-19T23:00:00+00:00,2026-05-20T05:59:59.999000+00:00,152955,153555,600,180,420,600.0,2026-05,RESEARCH_DEVELOPMENT,LISTING_AFTER_30_DAYS,SKIPPED,OVERLAPS_FROZEN_RANDOM_WINDOW,0
HOODUSDT-O-20260520T200000Z,HOODUSDT,O,,,NYSE:2026-05-20T20:00:00+00:00:2026-05-21T06:00:00+00:00,2026-05-20T20:00:00+00:00,2026-05-21T06:00:00+00:00,2026-05-20T20:00:00+00:00,2026-05-20T22:59:59.999000+00:00,2026-05-20T23:00:00+00:00,2026-05-21T05:59:59.999000+00:00,154395,154995,600,180,420,600.0,2026-05,RESEARCH_DEVELOPMENT,LISTING_AFTER_30_DAYS,SKIPPED,OVERLAPS_FROZEN_RANDOM_WINDOW,0
HOODUSDT-O-20260521T200000Z,HOODUSDT,O,,,NYSE:2026-05-21T20:00:00+00:00:2026-05-22T06:00:00+00:00,2026-05-21T20:00:00+00:00,2026-05-22T06:00:00+00:00,2026-05-21T20:00:00+00:00,2026-05-21T22:59:59.999000+00:00,2026-05-21T23:00:00+00:00,2026-05-22T05:59:59.999000+00:00,155835,156435,600,180,420,600.0,2026-05,RESEARCH_DEVELOPMENT,LISTING_AFTER_30_DAYS,SKIPPED,OVERLAPS_FROZEN_RANDOM_WINDOW,0
HOODUSDT-O-20260526T200000Z,HOODUSDT,O,,,NYSE:2026-05-26T20:00:00+00:00:2026-05-27T06:00:00+00:00,2026-05-26T20:00:00+00:00,2026-05-27T06:00:00+00:00,2026-05-26T20:00:00+00:00,2026-05-26T22:59:59.999000+00:00,2026-05-26T23:00:00+00:00,2026-05-27T05:59:59.999000+00:00,163035,163635,600,180,420,600.0,2026-05,RESEARCH_DEVELOPMENT,LISTING_AFTER_30_DAYS,SKIPPED,OVERLAPS_FROZEN_RANDOM_WINDOW,0
HOODUSDT-O-20260527T200000Z,HOODUSDT,O,,,NYSE:2026-05-27T20:00:00+00:00:2026-05-28T06:00:00+00:00,2026-05-27T20:00:00+00:00,2026-05-28T06:00:00+00:00,2026-05-27T20:00:00+00:00,2026-05-27T22:59:59.999000+00:00,2026-05-27T23:00:00+00:00,2026-05-28T05:59:59.999000+00:00,164475,165075,600,180,420,600.0,2026-05,RESEARCH_DEVELOPMENT,LISTING_AFTER_30_DAYS,SKIPPED,OVERLAPS_FROZEN_RANDOM_WINDOW,0
HOODUSDT-O-20260528T200000Z,HOODUSDT,O,,,NYSE:2026-05-28T20:00:00+00:00:2026-05-29T06:00:00+00:00,2026-05-28T20:00:00+00:00,2026-05-29T06:00:00+00:00,2026-05-28T20:00:00+00:00,2026-05-28T22:59:59.999000+00:00,2026-05-28T23:00:00+00:00,2026-05-29T05:59:59.999000+00:00,165915,166515,600,180,420,600.0,2026-05,RESEARCH_DEVELOPMENT,LISTING_AFTER_30_DAYS,SKIPPED,OVERLAPS_FROZEN_RANDOM_WINDOW,0
HOODUSDT-O-20260601T200000Z,HOODUSDT,O,,,NYSE:2026-06-01T20:00:00+00:00:2026-06-02T06:00:00+00:00,2026-06-01T20:00:00+00:00,2026-06-02T06:00:00+00:00,2026-06-01T20:00:00+00:00,2026-06-01T22:59:59.999000+00:00,2026-06-01T23:00:00+00:00,2026-06-02T05:59:59.999000+00:00,171675,172275,600,180,420,600.0,2026-06,SEALED_SHORT_OOS,LISTING_AFTER_30_DAYS,SKIPPED,OVERLAPS_FROZEN_RANDOM_WINDOW,0
HOODUSDT-O-20260602T200000Z,HOODUSDT,O,,,NYSE:2026-06-02T20:00:00+00:00:2026-06-03T06:00:00+00:00,2026-06-02T20:00:00+00:00,2026-06-03T06:00:00+00:00,2026-06-02T20:00:00+00:00,2026-06-02T22:59:59.999000+00:00,2026-06-02T23:00:00+00:00,2026-06-03T05:59:59.999000+00:00,173115,173715,600,180,420,600.0,2026-06,SEALED_SHORT_OOS,LISTING_AFTER_30_DAYS,SKIPPED,OVERLAPS_FROZEN_RANDOM_WINDOW,0
HOODUSDT-O-20260603T200000Z,HOODUSDT,O,,,NYSE:2026-06-03T20:00:00+00:00:2026-06-04T06:00:00+00:00,2026-06-03T20:00:00+00:00,2026-06-04T06:00:00+00:00,2026-06-03T20:00:00+00:00,2026-06-03T22:59:59.999000+00:00,2026-06-03T23:00:00+00:00,2026-06-04T05:59:59.999000+00:00,174555,175155,600,180,420,600.0,2026-06,SEALED_SHORT_OOS,LISTING_AFTER_30_DAYS,SKIPPED,OVERLAPS_FROZEN_RANDOM_WINDOW,0
HOODUSDT-O-20260604T200000Z,HOODUSDT,O,,,NYSE:2026-06-04T20:00:00+00:00:2026-06-05T06:00:00+00:00,2026-06-04T20:00:00+00:00,2026-06-05T06:00:00+00:00,2026-06-04T20:00:00+00:00,2026-06-04T22:59:59.999000+00:00,2026-06-04T23:00:00+00:00,2026-06-05T05:59:59.999000+00:00,175995,176595,600,180,420,600.0,2026-06,SEALED_SHORT_OOS,LISTING_AFTER_30_DAYS,SKIPPED,OVERLAPS_FROZEN_RANDOM_WINDOW,0
HOODUSDT-O-20260608T200000Z,HOODUSDT,O,,,NYSE:2026-06-08T20:00:00+00:00:2026-06-09T06:00:00+00:00,2026-06-08T20:00:00+00:00,2026-06-09T06:00:00+00:00,2026-06-08T20:00:00+00:00,2026-06-08T22:59:59.999000+00:00,2026-06-08T23:00:00+00:00,2026-06-09T05:59:59.999000+00:00,181755,182355,600,180,420,600.0,2026-06,SEALED_SHORT_OOS,LISTING_AFTER_30_DAYS,SKIPPED,OVERLAPS_FROZEN_RANDOM_WINDOW,0
HOODUSDT-O-20260609T200000Z,HOODUSDT,O,,,NYSE:2026-06-09T20:00:00+00:00:2026-06-10T06:00:00+00:00,2026-06-09T20:00:00+00:00,2026-06-10T06:00:00+00:00,2026-06-09T20:00:00+00:00,2026-06-09T22:59:59.999000+00:00,2026-06-09T23:00:00+00:00,2026-06-10T05:59:59.999000+00:00,183195,183795,600,180,420,600.0,2026-06,SEALED_SHORT_OOS,LISTING_AFTER_30_DAYS,SKIPPED,OVERLAPS_FROZEN_RANDOM_WINDOW,0
HOODUSDT-O-20260610T200000Z,HOODUSDT,O,,,NYSE:2026-06-10T20:00:00+00:00:2026-06-11T06:00:00+00:00,2026-06-10T20:00:00+00:00,2026-06-11T06:00:00+00:00,2026-06-10T20:00:00+00:00,2026-06-10T22:59:59.999000+00:00,2026-06-10T23:00:00+00:00,2026-06-11T05:59:59.999000+00:00,184635,185235,600,180,420,600.0,2026-06,SEALED_SHORT_OOS,LISTING_AFTER_30_DAYS,SKIPPED,OVERLAPS_FROZEN_RANDOM_WINDOW,0
HOODUSDT-O-20260611T200000Z,HOODUSDT,O,,,NYSE:2026-06-11T20:00:00+00:00:2026-06-12T06:00:00+00:00,2026-06-11T20:00:00+00:00,2026-06-12T06:00:00+00:00,2026-06-11T20:00:00+00:00,2026-06-11T22:59:59.999000+00:00,2026-06-11T23:00:00+00:00,2026-06-12T05:59:59.999000+00:00,186075,186675,600,180,420,600.0,2026-06,SEALED_SHORT_OOS,LISTING_AFTER_30_DAYS,SKIPPED,OVERLAPS_FROZEN_RANDOM_WINDOW,0
HOODUSDT-O-20260615T200000Z,HOODUSDT,O,,,NYSE:2026-06-15T20:00:00+00:00:2026-06-16T06:00:00+00:00,2026-06-15T20:00:00+00:00,2026-06-16T06:00:00+00:00,2026-06-15T20:00:00+00:00,2026-06-15T22:59:59.999000+00:00,2026-06-15T23:00:00+00:00,2026-06-16T05:59:59.999000+00:00,191835,192435,600,180,420,600.0,2026-06,SEALED_SHORT_OOS,LISTING_AFTER_30_DAYS,SKIPPED,OVERLAPS_FROZEN_RANDOM_WINDOW,0
HOODUSDT-O-20260616T200000Z,HOODUSDT,O,,,NYSE:2026-06-16T20:00:00+00:00:2026-06-17T06:00:00+00:00,2026-06-16T20:00:00+00:00,2026-06-17T06:00:00+00:00,2026-06-16T20:00:00+00:00,2026-06-16T22:59:59.999000+00:00,2026-06-16T23:00:00+00:00,2026-06-17T05:59:59.999000+00:00,193275,193875,600,180,420,600.0,2026-06,SEALED_SHORT_OOS,LISTING_AFTER_30_DAYS,SKIPPED,OVERLAPS_FROZEN_RANDOM_WINDOW,0
HOODUSDT-O-20260617T200000Z,HOODUSDT,O,,,NYSE:2026-06-17T20:00:00+00:00:2026-06-18T06:00:00+00:00,2026-06-17T20:00:00+00:00,2026-06-18T06:00:00+00:00,2026-06-17T20:00:00+00:00,2026-06-17T22:59:59.999000+00:00,2026-06-17T23:00:00+00:00,2026-06-18T05:59:59.999000+00:00,194715,195315,600,180,420,600.0,2026-06,SEALED_SHORT_OOS,LISTING_AFTER_30_DAYS,SKIPPED,OVERLAPS_FROZEN_RANDOM_WINDOW,0
HOODUSDT-O-20260622T200000Z,HOODUSDT,O,,,NYSE:2026-06-22T20:00:00+00:00:2026-06-23T06:00:00+00:00,2026-06-22T20:00:00+00:00,2026-06-23T06:00:00+00:00,2026-06-22T20:00:00+00:00,2026-06-22T22:59:59.999000+00:00,2026-06-22T23:00:00+00:00,2026-06-23T05:59:59.999000+00:00,201915,202515,600,180,420,600.0,2026-06,SEALED_SHORT_OOS,LISTING_AFTER_30_DAYS,SKIPPED,OVERLAPS_FROZEN_RANDOM_WINDOW,0
HOODUSDT-O-20260623T200000Z,HOODUSDT,O,,,NYSE:2026-06-23T20:00:00+00:00:2026-06-24T06:00:00+00:00,2026-06-23T20:00:00+00:00,2026-06-24T06:00:00+00:00,2026-06-23T20:00:00+00:00,2026-06-23T22:59:59.999000+00:00,2026-06-23T23:00:00+00:00,2026-06-24T05:59:59.999000+00:00,203355,203955,600,180,420,600.0,2026-06,SEALED_SHORT_OOS,LISTING_AFTER_30_DAYS,SKIPPED,OVERLAPS_FROZEN_RANDOM_WINDOW,0
HOODUSDT-O-20260624T200000Z,HOODUSDT,O,,,NYSE:2026-06-24T20:00:00+00:00:2026-06-25T06:00:00+00:00,2026-06-24T20:00:00+00:00,2026-06-25T06:00:00+00:00,2026-06-24T20:00:00+00:00,2026-06-24T22:59:59.999000+00:00,2026-06-24T23:00:00+00:00,2026-06-25T05:59:59.999000+00:00,204795,205395,600,180,420,600.0,2026-06,SEALED_SHORT_OOS,LISTING_AFTER_30_DAYS,SKIPPED,OVERLAPS_FROZEN_RANDOM_WINDOW,0
HOODUSDT-O-20260625T200000Z,HOODUSDT,O,,,NYSE:2026-06-25T20:00:00+00:00:2026-06-26T06:00:00+00:00,2026-06-25T20:00:00+00:00,2026-06-26T06:00:00+00:00,2026-06-25T20:00:00+00:00,2026-06-25T22:59:59.999000+00:00,2026-06-25T23:00:00+00:00,2026-06-26T05:59:59.999000+00:00,206235,206835,600,180,420,600.0,2026-06,SEALED_SHORT_OOS,LISTING_AFTER_30_DAYS,SKIPPED,OVERLAPS_FROZEN_RANDOM_WINDOW,0
HOODUSDT-O-20260629T200000Z,HOODUSDT,O,,,NYSE:2026-06-29T20:00:00+00:00:2026-06-30T06:00:00+00:00,2026-06-29T20:00:00+00:00,2026-06-30T06:00:00+00:00,2026-06-29T20:00:00+00:00,2026-06-29T22:59:59.999000+00:00,2026-06-29T23:00:00+00:00,2026-06-30T05:59:59.999000+00:00,211995,212595,600,180,420,600.0,2026-06,SEALED_SHORT_OOS,LISTING_AFTER_30_DAYS,SKIPPED,OVERLAPS_FROZEN_RANDOM_WINDOW,0
HOODUSDT-O-20260630T200000Z,HOODUSDT,O,,,NYSE:2026-06-30T20:00:00+00:00:2026-07-01T06:00:00+00:00,2026-06-30T20:00:00+00:00,2026-07-01T06:00:00+00:00,2026-06-30T20:00:00+00:00,2026-06-30T22:59:59.999000+00:00,2026-06-30T23:00:00+00:00,2026-07-01T05:59:59.999000+00:00,213435,214035,600,180,420,600.0,2026-06,SEALED_SHORT_OOS,LISTING_AFTER_30_DAYS,SKIPPED,OVERLAPS_FROZEN_RANDOM_WINDOW,0
HOODUSDT-O-20260701T200000Z,HOODUSDT,O,,,NYSE:2026-07-01T20:00:00+00:00:2026-07-02T06:00:00+00:00,2026-07-01T20:00:00+00:00,2026-07-02T06:00:00+00:00,2026-07-01T20:00:00+00:00,2026-07-01T22:59:59.999000+00:00,2026-07-01T23:00:00+00:00,2026-07-02T05:59:59.999000+00:00,214875,215475,600,180,420,600.0,2026-07,DESCRIPTIVE_ONLY,LISTING_AFTER_30_DAYS,SKIPPED,OVERLAPS_FROZEN_RANDOM_WINDOW,0
HOODUSDT-O-20260706T200000Z,HOODUSDT,O,,,NYSE:2026-07-06T20:00:00+00:00:2026-07-07T06:00:00+00:00,2026-07-06T20:00:00+00:00,2026-07-07T06:00:00+00:00,2026-07-06T20:00:00+00:00,2026-07-06T22:59:59.999000+00:00,2026-07-06T23:00:00+00:00,2026-07-07T05:59:59.999000+00:00,222075,222675,600,180,420,600.0,2026-07,DESCRIPTIVE_ONLY,LISTING_AFTER_30_DAYS,SKIPPED,OVERLAPS_FROZEN_RANDOM_WINDOW,0
HOODUSDT-O-20260707T200000Z,HOODUSDT,O,,,NYSE:2026-07-07T20:00:00+00:00:2026-07-08T06:00:00+00:00,2026-07-07T20:00:00+00:00,2026-07-08T06:00:00+00:00,2026-07-07T20:00:00+00:00,2026-07-07T22:59:59.999000+00:00,2026-07-07T23:00:00+00:00,2026-07-08T05:59:59.999000+00:00,223515,224115,600,180,420,600.0,2026-07,DESCRIPTIVE_ONLY,LISTING_AFTER_30_DAYS,SKIPPED,OVERLAPS_FROZEN_RANDOM_WINDOW,0
HOODUSDT-O-20260708T200000Z,HOODUSDT,O,,,NYSE:2026-07-08T20:00:00+00:00:2026-07-09T06:00:00+00:00,2026-07-08T20:00:00+00:00,2026-07-09T06:00:00+00:00,2026-07-08T20:00:00+00:00,2026-07-08T22:59:59.999000+00:00,2026-07-08T23:00:00+00:00,2026-07-09T05:59:59.999000+00:00,224955,225555,600,180,420,600.0,2026-07,DESCRIPTIVE_ONLY,LISTING_AFTER_30_DAYS,SKIPPED,OVERLAPS_FROZEN_RANDOM_WINDOW,0
HOODUSDT-O-20260709T200000Z,HOODUSDT,O,,,NYSE:2026-07-09T20:00:00+00:00:2026-07-10T06:00:00+00:00,2026-07-09T20:00:00+00:00,2026-07-10T06:00:00+00:00,2026-07-09T20:00:00+00:00,2026-07-09T22:59:59.999000+00:00,2026-07-09T23:00:00+00:00,2026-07-10T05:59:59.999000+00:00,226395,226995,600,180,420,600.0,2026-07,DESCRIPTIVE_ONLY,LISTING_AFTER_30_DAYS,SKIPPED,OVERLAPS_FROZEN_RANDOM_WINDOW,0
HOODUSDT-O-20260713T200000Z,HOODUSDT,O,,,NYSE:2026-07-13T20:00:00+00:00:2026-07-14T06:00:00+00:00,2026-07-13T20:00:00+00:00,2026-07-14T06:00:00+00:00,2026-07-13T20:00:00+00:00,2026-07-13T22:59:59.999000+00:00,2026-07-13T23:00:00+00:00,2026-07-14T05:59:59.999000+00:00,232155,232755,600,180,420,600.0,2026-07,DESCRIPTIVE_ONLY,LISTING_AFTER_30_DAYS,SKIPPED,OVERLAPS_FROZEN_RANDOM_WINDOW,0
HOODUSDT-O-20260714T200000Z,HOODUSDT,O,,,NYSE:2026-07-14T20:00:00+00:00:2026-07-15T06:00:00+00:00,2026-07-14T20:00:00+00:00,2026-07-15T06:00:00+00:00,2026-07-14T20:00:00+00:00,2026-07-14T22:59:59.999000+00:00,2026-07-14T23:00:00+00:00,2026-07-15T05:59:59.999000+00:00,233595,234195,600,180,420,600.0,2026-07,DESCRIPTIVE_ONLY,LISTING_AFTER_30_DAYS,SKIPPED,OVERLAPS_FROZEN_RANDOM_WINDOW,0
HOODUSDT-O-20260715T200000Z,HOODUSDT,O,,,NYSE:2026-07-15T20:00:00+00:00:2026-07-16T06:00:00+00:00,2026-07-15T20:00:00+00:00,2026-07-16T06:00:00+00:00,2026-07-15T20:00:00+00:00,2026-07-15T22:59:59.999000+00:00,2026-07-15T23:00:00+00:00,2026-07-16T05:59:59.999000+00:00,235035,235635,600,180,420,600.0,2026-07,DESCRIPTIVE_ONLY,LISTING_AFTER_30_DAYS,SKIPPED,OVERLAPS_FROZEN_RANDOM_WINDOW,0
HOODUSDT-O-20260716T200000Z,HOODUSDT,O,,,NYSE:2026-07-16T20:00:00+00:00:2026-07-17T06:00:00+00:00,2026-07-16T20:00:00+00:00,2026-07-17T06:00:00+00:00,2026-07-16T20:00:00+00:00,2026-07-16T22:59:59.999000+00:00,2026-07-16T23:00:00+00:00,2026-07-17T05:59:59.999000+00:00,236475,237075,600,180,420,600.0,2026-07,DESCRIPTIVE_ONLY,LISTING_AFTER_30_DAYS,SKIPPED,OVERLAPS_FROZEN_RANDOM_WINDOW,0
HOODUSDT-O-20260720T200000Z,HOODUSDT,O,,,NYSE:2026-07-20T20:00:00+00:00:2026-07-21T06:00:00+00:00,2026-07-20T20:00:00+00:00,2026-07-21T06:00:00+00:00,2026-07-20T20:00:00+00:00,2026-07-20T22:59:59.999000+00:00,2026-07-20T23:00:00+00:00,2026-07-21T05:59:59.999000+00:00,242235,242835,600,180,420,600.0,2026-07,DESCRIPTIVE_ONLY,LISTING_AFTER_30_DAYS,SKIPPED,OVERLAPS_FROZEN_RANDOM_WINDOW,0
HOODUSDT-O-20260721T200000Z,HOODUSDT,O,,,NYSE:2026-07-21T20:00:00+00:00:2026-07-22T06:00:00+00:00,2026-07-21T20:00:00+00:00,2026-07-22T06:00:00+00:00,2026-07-21T20:00:00+00:00,2026-07-21T22:59:59.999000+00:00,2026-07-21T23:00:00+00:00,2026-07-22T05:59:59.999000+00:00,243675,244275,600,180,420,600.0,2026-07,DESCRIPTIVE_ONLY,LISTING_AFTER_30_DAYS,SKIPPED,OVERLAPS_FROZEN_RANDOM_WINDOW,0
HOODUSDT-O-20260722T200000Z,HOODUSDT,O,,,NYSE:2026-07-22T20:00:00+00:00:2026-07-23T06:00:00+00:00,2026-07-22T20:00:00+00:00,2026-07-23T06:00:00+00:00,2026-07-22T20:00:00+00:00,2026-07-22T22:59:59.999000+00:00,2026-07-22T23:00:00+00:00,2026-07-23T05:59:59.999000+00:00,245115,245715,600,180,420,600.0,2026-07,DESCRIPTIVE_ONLY,LISTING_AFTER_30_DAYS,SKIPPED,OVERLAPS_FROZEN_RANDOM_WINDOW,0
HOODUSDT-R-HOODUSDT-nyse_20260206T210000Z-s3,HOODUSDT,R,3,HOODUSDT-nyse_20260206T210000Z,R:HOODUSDT:2026-02:3,2026-02-02T21:45:00+00:00,2026-02-05T07:45:00+00:00,2026-02-02T21:45:00+00:00,2026-02-03T00:44:59.999000+00:00,2026-02-03T00:45:00+00:00,2026-02-05T07:44:59.999000+00:00,420,3900,3480,180,3300,3480.0,2026-02,DESCRIPTIVE_ONLY,LISTING_DAYS_1_14,READY,,0
HOODUSDT-R-HOODUSDT-nyse_20260206T210000Z-s10,HOODUSDT,R,10,HOODUSDT-nyse_20260206T210000Z,R:HOODUSDT:2026-02:10,2026-02-09T21:45:00+00:00,2026-02-12T07:45:00+00:00,2026-02-09T21:45:00+00:00,2026-02-10T00:44:59.999000+00:00,2026-02-10T00:45:00+00:00,2026-02-12T07:44:59.999000+00:00,10500,13980,3480,180,3300,3480.0,2026-02,DESCRIPTIVE_ONLY,LISTING_DAYS_1_14,READY,,0
HOODUSDT-R-HOODUSDT-nyse_20260206T210000Z-s17,HOODUSDT,R,17,HOODUSDT-nyse_20260206T210000Z,R:HOODUSDT:2026-02:17,2026-02-02T22:45:00+00:00,2026-02-05T08:45:00+00:00,2026-02-02T22:45:00+00:00,2026-02-03T01:44:59.999000+00:00,2026-02-03T01:45:00+00:00,2026-02-05T08:44:59.999000+00:00,480,3960,3480,180,3300,3480.0,2026-02,DESCRIPTIVE_ONLY,LISTING_DAYS_1_14,READY,,0
HOODUSDT-R-HOODUSDT-nyse_20260206T210000Z-s31,HOODUSDT,R,31,HOODUSDT-nyse_20260206T210000Z,R:HOODUSDT:2026-02:31,2026-02-10T20:45:00+00:00,2026-02-13T06:45:00+00:00,2026-02-10T20:45:00+00:00,2026-02-10T23:44:59.999000+00:00,2026-02-10T23:45:00+00:00,2026-02-13T06:44:59.999000+00:00,11880,15360,3480,180,3300,3480.0,2026-02,DESCRIPTIVE_ONLY,LISTING_DAYS_1_14,READY,,0
HOODUSDT-R-HOODUSDT-nyse_20260206T210000Z-s59,HOODUSDT,R,59,HOODUSDT-nyse_20260206T210000Z,R:HOODUSDT:2026-02:59,2026-02-09T21:45:00+00:00,2026-02-12T07:45:00+00:00,2026-02-09T21:45:00+00:00,2026-02-10T00:44:59.999000+00:00,2026-02-10T00:45:00+00:00,2026-02-12T07:44:59.999000+00:00,10500,13980,3480,180,3300,3480.0,2026-02,DESCRIPTIVE_ONLY,LISTING_DAYS_1_14,READY,,0
HOODUSDT-R-HOODUSDT-nyse_20260206T210000Z-s97,HOODUSDT,R,97,HOODUSDT-nyse_20260206T210000Z,R:HOODUSDT:2026-02:97,2026-02-10T22:45:00+00:00,2026-02-13T08:45:00+00:00,2026-02-10T22:45:00+00:00,2026-02-11T01:44:59.999000+00:00,2026-02-11T01:45:00+00:00,2026-02-13T08:44:59.999000+00:00,12000,15480,3480,180,3300,3480.0,2026-02,DESCRIPTIVE_ONLY,LISTING_DAYS_1_14,READY,,0
HOODUSDT-R-HOODUSDT-nyse_20260213T210000Z-s3,HOODUSDT,R,3,HOODUSDT-nyse_20260213T210000Z,R:HOODUSDT:2026-02:3,2026-02-09T20:45:00+00:00,2026-02-13T06:45:00+00:00,2026-02-09T20:45:00+00:00,2026-02-09T23:44:59.999000+00:00,2026-02-09T23:45:00+00:00,2026-02-13T06:44:59.999000+00:00,10440,15360,4920,180,4740,4920.0,2026-02,DESCRIPTIVE_ONLY,LISTING_DAYS_1_14,READY,,0
HOODUSDT-R-HOODUSDT-nyse_20260213T210000Z-s10,HOODUSDT,R,10,HOODUSDT-nyse_20260213T210000Z,R:HOODUSDT:2026-02:10,2026-02-02T21:45:00+00:00,2026-02-06T07:45:00+00:00,2026-02-02T21:45:00+00:00,2026-02-03T00:44:59.999000+00:00,2026-02-03T00:45:00+00:00,2026-02-06T07:44:59.999000+00:00,420,5340,4920,180,4740,4920.0,2026-02,DESCRIPTIVE_ONLY,LISTING_DAYS_1_14,READY,,0
HOODUSDT-R-HOODUSDT-nyse_20260213T210000Z-s17,HOODUSDT,R,17,HOODUSDT-nyse_20260213T210000Z,R:HOODUSDT:2026-02:17,2026-02-09T21:45:00+00:00,2026-02-13T07:45:00+00:00,2026-02-09T21:45:00+00:00,2026-02-10T00:44:59.999000+00:00,2026-02-10T00:45:00+00:00,2026-02-13T07:44:59.999000+00:00,10500,15420,4920,180,4740,4920.0,2026-02,DESCRIPTIVE_ONLY,LISTING_DAYS_1_14,READY,,0
HOODUSDT-R-HOODUSDT-nyse_20260213T210000Z-s31,HOODUSDT,R,31,HOODUSDT-nyse_20260213T210000Z,R:HOODUSDT:2026-02:31,2026-02-02T21:45:00+00:00,2026-02-06T07:45:00+00:00,2026-02-02T21:45:00+00:00,2026-02-03T00:44:59.999000+00:00,2026-02-03T00:45:00+00:00,2026-02-06T07:44:59.999000+00:00,420,5340,4920,180,4740,4920.0,2026-02,DESCRIPTIVE_ONLY,LISTING_DAYS_1_14,READY,,0
HOODUSDT-R-HOODUSDT-nyse_20260213T210000Z-s59,HOODUSDT,R,59,HOODUSDT-nyse_20260213T210000Z,R:HOODUSDT:2026-02:59,2026-02-02T22:45:00+00:00,2026-02-06T08:45:00+00:00,2026-02-02T22:45:00+00:00,2026-02-03T01:44:59.999000+00:00,2026-02-03T01:45:00+00:00,2026-02-06T08:44:59.999000+00:00,480,5400,4920,180,4740,4920.0,2026-02,DESCRIPTIVE_ONLY,LISTING_DAYS_1_14,READY,,0
HOODUSDT-R-HOODUSDT-nyse_20260213T210000Z-s97,HOODUSDT,R,97,HOODUSDT-nyse_20260213T210000Z,R:HOODUSDT:2026-02:97,2026-02-02T20:45:00+00:00,2026-02-06T06:45:00+00:00,2026-02-02T20:45:00+00:00,2026-02-02T23:44:59.999000+00:00,2026-02-02T23:45:00+00:00,2026-02-06T06:44:59.999000+00:00,360,5280,4920,180,4740,4920.0,2026-02,DESCRIPTIVE_ONLY,LISTING_DAYS_1_14,READY,,0
HOODUSDT-R-HOODUSDT-nyse_20260220T210000Z-s3,HOODUSDT,R,3,HOODUSDT-nyse_20260220T210000Z,R:HOODUSDT:2026-02:3,2026-02-17T22:45:00+00:00,2026-02-20T08:45:00+00:00,2026-02-17T22:45:00+00:00,2026-02-18T01:44:59.999000+00:00,2026-02-18T01:45:00+00:00,2026-02-20T08:44:59.999000+00:00,22080,25560,3480,180,3300,3480.0,2026-02,DESCRIPTIVE_ONLY,LISTING_DAYS_15_30,READY,,0
HOODUSDT-R-HOODUSDT-nyse_20260220T210000Z-s10,HOODUSDT,R,10,HOODUSDT-nyse_20260220T210000Z,R:HOODUSDT:2026-02:10,2026-02-17T20:45:00+00:00,2026-02-20T06:45:00+00:00,2026-02-17T20:45:00+00:00,2026-02-17T23:44:59.999000+00:00,2026-02-17T23:45:00+00:00,2026-02-20T06:44:59.999000+00:00,21960,25440,3480,180,3300,3480.0,2026-02,DESCRIPTIVE_ONLY,LISTING_DAYS_15_30,READY,,0
HOODUSDT-R-HOODUSDT-nyse_20260220T210000Z-s17,HOODUSDT,R,17,HOODUSDT-nyse_20260220T210000Z,R:HOODUSDT:2026-02:17,2026-02-23T21:45:00+00:00,2026-02-26T07:45:00+00:00,2026-02-23T21:45:00+00:00,2026-02-24T00:44:59.999000+00:00,2026-02-24T00:45:00+00:00,2026-02-26T07:44:59.999000+00:00,30660,34140,3480,180,3300,3480.0,2026-02,DESCRIPTIVE_ONLY,LISTING_DAYS_15_30,READY,,0
HOODUSDT-R-HOODUSDT-nyse_20260220T210000Z-s31,HOODUSDT,R,31,HOODUSDT-nyse_20260220T210000Z,R:HOODUSDT:2026-02:31,2026-02-17T22:45:00+00:00,2026-02-20T08:45:00+00:00,2026-02-17T22:45:00+00:00,2026-02-18T01:44:59.999000+00:00,2026-02-18T01:45:00+00:00,2026-02-20T08:44:59.999000+00:00,22080,25560,3480,180,3300,3480.0,2026-02,DESCRIPTIVE_ONLY,LISTING_DAYS_15_30,READY,,0
HOODUSDT-R-HOODUSDT-nyse_20260220T210000Z-s59,HOODUSDT,R,59,HOODUSDT-nyse_20260220T210000Z,R:HOODUSDT:2026-02:59,2026-02-23T22:45:00+00:00,2026-02-26T08:45:00+00:00,2026-02-23T22:45:00+00:00,2026-02-24T01:44:59.999000+00:00,2026-02-24T01:45:00+00:00,2026-02-26T08:44:59.999000+00:00,30720,34200,3480,180,3300,3480.0,2026-02,DESCRIPTIVE_ONLY,LISTING_DAYS_15_30,READY,,0
HOODUSDT-R-HOODUSDT-nyse_20260220T210000Z-s97,HOODUSDT,R,97,HOODUSDT-nyse_20260220T210000Z,R:HOODUSDT:2026-02:97,2026-02-23T21:45:00+00:00,2026-02-26T07:45:00+00:00,2026-02-23T21:45:00+00:00,2026-02-24T00:44:59.999000+00:00,2026-02-24T00:45:00+00:00,2026-02-26T07:44:59.999000+00:00,30660,34140,3480,180,3300,3480.0,2026-02,DESCRIPTIVE_ONLY,LISTING_DAYS_15_30,READY,,0
HOODUSDT-R-HOODUSDT-nyse_20260227T210000Z-s3,HOODUSDT,R,3,HOODUSDT-nyse_20260227T210000Z,R:HOODUSDT:2026-02:3,2026-02-24T20:45:00+00:00,2026-02-27T06:45:00+00:00,2026-02-24T20:45:00+00:00,2026-02-24T23:44:59.999000+00:00,2026-02-24T23:45:00+00:00,2026-02-27T06:44:59.999000+00:00,32040,35520,3480,180,3300,3480.0,2026-02,DESCRIPTIVE_ONLY,LISTING_DAYS_15_30,READY,,0
HOODUSDT-R-HOODUSDT-nyse_20260227T210000Z-s10,HOODUSDT,R,10,HOODUSDT-nyse_20260227T210000Z,R:HOODUSDT:2026-02:10,2026-02-23T22:45:00+00:00,2026-02-26T08:45:00+00:00,2026-02-23T22:45:00+00:00,2026-02-24T01:44:59.999000+00:00,2026-02-24T01:45:00+00:00,2026-02-26T08:44:59.999000+00:00,30720,34200,3480,180,3300,3480.0,2026-02,DESCRIPTIVE_ONLY,LISTING_DAYS_15_30,READY,,0
HOODUSDT-R-HOODUSDT-nyse_20260227T210000Z-s17,HOODUSDT,R,17,HOODUSDT-nyse_20260227T210000Z,R:HOODUSDT:2026-02:17,2026-02-17T22:45:00+00:00,2026-02-20T08:45:00+00:00,2026-02-17T22:45:00+00:00,2026-02-18T01:44:59.999000+00:00,2026-02-18T01:45:00+00:00,2026-02-20T08:44:59.999000+00:00,22080,25560,3480,180,3300,3480.0,2026-02,DESCRIPTIVE_ONLY,LISTING_DAYS_15_30,READY,,0
HOODUSDT-R-HOODUSDT-nyse_20260227T210000Z-s31,HOODUSDT,R,31,HOODUSDT-nyse_20260227T210000Z,R:HOODUSDT:2026-02:31,2026-02-23T20:45:00+00:00,2026-02-26T06:45:00+00:00,2026-02-23T20:45:00+00:00,2026-02-23T23:44:59.999000+00:00,2026-02-23T23:45:00+00:00,2026-02-26T06:44:59.999000+00:00,30600,34080,3480,180,3300,3480.0,2026-02,DESCRIPTIVE_ONLY,LISTING_DAYS_15_30,READY,,0
HOODUSDT-R-HOODUSDT-nyse_20260227T210000Z-s59,HOODUSDT,R,59,HOODUSDT-nyse_20260227T210000Z,R:HOODUSDT:2026-02:59,2026-02-17T21:45:00+00:00,2026-02-20T07:45:00+00:00,2026-02-17T21:45:00+00:00,2026-02-18T00:44:59.999000+00:00,2026-02-18T00:45:00+00:00,2026-02-20T07:44:59.999000+00:00,22020,25500,3480,180,3300,3480.0,2026-02,DESCRIPTIVE_ONLY,LISTING_DAYS_15_30,READY,,0
HOODUSDT-R-HOODUSDT-nyse_20260227T210000Z-s97,HOODUSDT,R,97,HOODUSDT-nyse_20260227T210000Z,R:HOODUSDT:2026-02:97,2026-02-17T21:45:00+00:00,2026-02-20T07:45:00+00:00,2026-02-17T21:45:00+00:00,2026-02-18T00:44:59.999000+00:00,2026-02-18T00:45:00+00:00,2026-02-20T07:44:59.999000+00:00,22020,25500,3480,180,3300,3480.0,2026-02,DESCRIPTIVE_ONLY,LISTING_DAYS_15_30,READY,,0
HOODUSDT-R-HOODUSDT-nyse_20260306T210000Z-s3,HOODUSDT,R,3,HOODUSDT-nyse_20260306T210000Z,R:HOODUSDT:2026-03:3,2026-03-09T20:45:00+00:00,2026-03-12T05:45:00+00:00,2026-03-09T20:45:00+00:00,2026-03-09T23:44:59.999000+00:00,2026-03-09T23:45:00+00:00,2026-03-12T05:44:59.999000+00:00,50760,54180,3420,180,3240,3420.0,2026-03,RESEARCH_DEVELOPMENT,LISTING_AFTER_30_DAYS,READY,,0
HOODUSDT-R-HOODUSDT-nyse_20260306T210000Z-s10,HOODUSDT,R,10,HOODUSDT-nyse_20260306T210000Z,R:HOODUSDT:2026-03:10,2026-03-17T21:45:00+00:00,2026-03-20T06:45:00+00:00,2026-03-17T21:45:00+00:00,2026-03-18T00:44:59.999000+00:00,2026-03-18T00:45:00+00:00,2026-03-20T06:44:59.999000+00:00,62340,65760,3420,180,3240,3420.0,2026-03,RESEARCH_DEVELOPMENT,LISTING_AFTER_30_DAYS,READY,,0
HOODUSDT-R-HOODUSDT-nyse_20260306T210000Z-s17,HOODUSDT,R,17,HOODUSDT-nyse_20260306T210000Z,R:HOODUSDT:2026-03:17,2026-03-16T20:45:00+00:00,2026-03-19T05:45:00+00:00,2026-03-16T20:45:00+00:00,2026-03-16T23:44:59.999000+00:00,2026-03-16T23:45:00+00:00,2026-03-19T05:44:59.999000+00:00,60840,64260,3420,180,3240,3420.0,2026-03,RESEARCH_DEVELOPMENT,LISTING_AFTER_30_DAYS,READY,,0
HOODUSDT-R-HOODUSDT-nyse_20260306T210000Z-s31,HOODUSDT,R,31,HOODUSDT-nyse_20260306T210000Z,R:HOODUSDT:2026-03:31,2026-03-10T21:45:00+00:00,2026-03-13T06:45:00+00:00,2026-03-10T21:45:00+00:00,2026-03-11T00:44:59.999000+00:00,2026-03-11T00:45:00+00:00,2026-03-13T06:44:59.999000+00:00,52260,55680,3420,180,3240,3420.0,2026-03,RESEARCH_DEVELOPMENT,LISTING_AFTER_30_DAYS,READY,,0
HOODUSDT-R-HOODUSDT-nyse_20260306T210000Z-s59,HOODUSDT,R,59,HOODUSDT-nyse_20260306T210000Z,R:HOODUSDT:2026-03:59,2026-03-09T20:45:00+00:00,2026-03-12T05:45:00+00:00,2026-03-09T20:45:00+00:00,2026-03-09T23:44:59.999000+00:00,2026-03-09T23:45:00+00:00,2026-03-12T05:44:59.999000+00:00,50760,54180,3420,180,3240,3420.0,2026-03,RESEARCH_DEVELOPMENT,LISTING_AFTER_30_DAYS,READY,,0
HOODUSDT-R-HOODUSDT-nyse_20260306T210000Z-s97,HOODUSDT,R,97,HOODUSDT-nyse_20260306T210000Z,R:HOODUSDT:2026-03:97,2026-03-17T22:45:00+00:00,2026-03-20T07:45:00+00:00,2026-03-17T22:45:00+00:00,2026-03-18T01:44:59.999000+00:00,2026-03-18T01:45:00+00:00,2026-03-20T07:44:59.999000+00:00,62400,65820,3420,180,3240,3420.0,2026-03,RESEARCH_DEVELOPMENT,LISTING_AFTER_30_DAYS,READY,,0
HOODUSDT-R-HOODUSDT-nyse_20260313T200000Z-s3,HOODUSDT,R,3,HOODUSDT-nyse_20260313T200000Z,R:HOODUSDT:2026-03:3,2026-03-17T21:45:00+00:00,2026-03-20T07:45:00+00:00,2026-03-17T21:45:00+00:00,2026-03-18T00:44:59.999000+00:00,2026-03-18T00:45:00+00:00,2026-03-20T07:44:59.999000+00:00,62340,65820,3480,180,3300,3480.0,2026-03,RESEARCH_DEVELOPMENT,LISTING_AFTER_30_DAYS,READY,,0
HOODUSDT-R-HOODUSDT-nyse_20260313T200000Z-s10,HOODUSDT,R,10,HOODUSDT-nyse_20260313T200000Z,R:HOODUSDT:2026-03:10,2026-03-23T19:45:00+00:00,2026-03-26T05:45:00+00:00,2026-03-23T19:45:00+00:00,2026-03-23T22:44:59.999000+00:00,2026-03-23T22:45:00+00:00,2026-03-26T05:44:59.999000+00:00,70860,74340,3480,180,3300,3480.0,2026-03,RESEARCH_DEVELOPMENT,LISTING_AFTER_30_DAYS,READY,,0
HOODUSDT-R-HOODUSDT-nyse_20260313T200000Z-s17,HOODUSDT,R,17,HOODUSDT-nyse_20260313T200000Z,R:HOODUSDT:2026-03:17,2026-03-24T20:45:00+00:00,2026-03-27T06:45:00+00:00,2026-03-24T20:45:00+00:00,2026-03-24T23:44:59.999000+00:00,2026-03-24T23:45:00+00:00,2026-03-27T06:44:59.999000+00:00,72360,75840,3480,180,3300,3480.0,2026-03,RESEARCH_DEVELOPMENT,LISTING_AFTER_30_DAYS,READY,,0
HOODUSDT-R-HOODUSDT-nyse_20260313T200000Z-s31,HOODUSDT,R,31,HOODUSDT-nyse_20260313T200000Z,R:HOODUSDT:2026-03:31,2026-03-17T21:45:00+00:00,2026-03-20T07:45:00+00:00,2026-03-17T21:45:00+00:00,2026-03-18T00:44:59.999000+00:00,2026-03-18T00:45:00+00:00,2026-03-20T07:44:59.999000+00:00,62340,65820,3480,180,3300,3480.0,2026-03,RESEARCH_DEVELOPMENT,LISTING_AFTER_30_DAYS,READY,,0
HOODUSDT-R-HOODUSDT-nyse_20260313T200000Z-s59,HOODUSDT,R,59,HOODUSDT-nyse_20260313T200000Z,R:HOODUSDT:2026-03:59,2026-03-30T20:45:00+00:00,2026-04-02T06:45:00+00:00,2026-03-30T20:45:00+00:00,2026-03-30T23:44:59.999000+00:00,2026-03-30T23:45:00+00:00,2026-04-02T06:44:59.999000+00:00,81000,84480,3480,180,3300,3480.0,2026-03,RESEARCH_DEVELOPMENT,LISTING_AFTER_30_DAYS,READY,,0
HOODUSDT-R-HOODUSDT-nyse_20260313T200000Z-s97,HOODUSDT,R,97,HOODUSDT-nyse_20260313T200000Z,R:HOODUSDT:2026-03:97,2026-03-10T20:45:00+00:00,2026-03-13T06:45:00+00:00,2026-03-10T20:45:00+00:00,2026-03-10T23:44:59.999000+00:00,2026-03-10T23:45:00+00:00,2026-03-13T06:44:59.999000+00:00,52200,55680,3480,180,3300,3480.0,2026-03,RESEARCH_DEVELOPMENT,LISTING_AFTER_30_DAYS,READY,,0
HOODUSDT-R-HOODUSDT-nyse_20260320T200000Z-s3,HOODUSDT,R,3,HOODUSDT-nyse_20260320T200000Z,R:HOODUSDT:2026-03:3,2026-03-24T21:45:00+00:00,2026-03-27T07:45:00+00:00,2026-03-24T21:45:00+00:00,2026-03-25T00:44:59.999000+00:00,2026-03-25T00:45:00+00:00,2026-03-27T07:44:59.999000+00:00,72420,75900,3480,180,3300,3480.0,2026-03,RESEARCH_DEVELOPMENT,LISTING_AFTER_30_DAYS,READY,,0
HOODUSDT-R-HOODUSDT-nyse_20260320T200000Z-s10,HOODUSDT,R,10,HOODUSDT-nyse_20260320T200000Z,R:HOODUSDT:2026-03:10,2026-03-30T19:45:00+00:00,2026-04-02T05:45:00+00:00,2026-03-30T19:45:00+00:00,2026-03-30T22:44:59.999000+00:00,2026-03-30T22:45:00+00:00,2026-04-02T05:44:59.999000+00:00,80940,84420,3480,180,3300,3480.0,2026-03,RESEARCH_DEVELOPMENT,LISTING_AFTER_30_DAYS,READY,,0
HOODUSDT-R-HOODUSDT-nyse_20260320T200000Z-s17,HOODUSDT,R,17,HOODUSDT-nyse_20260320T200000Z,R:HOODUSDT:2026-03:17,2026-03-30T21:45:00+00:00,2026-04-02T07:45:00+00:00,2026-03-30T21:45:00+00:00,2026-03-31T00:44:59.999000+00:00,2026-03-31T00:45:00+00:00,2026-04-02T07:44:59.999000+00:00,81060,84540,3480,180,3300,3480.0,2026-03,RESEARCH_DEVELOPMENT,LISTING_AFTER_30_DAYS,READY,,0
HOODUSDT-R-HOODUSDT-nyse_20260320T200000Z-s31,HOODUSDT,R,31,HOODUSDT-nyse_20260320T200000Z,R:HOODUSDT:2026-03:31,2026-03-23T21:45:00+00:00,2026-03-26T07:45:00+00:00,2026-03-23T21:45:00+00:00,2026-03-24T00:44:59.999000+00:00,2026-03-24T00:45:00+00:00,2026-03-26T07:44:59.999000+00:00,70980,74460,3480,180,3300,3480.0,2026-03,RESEARCH_DEVELOPMENT,LISTING_AFTER_30_DAYS,READY,,0
HOODUSDT-R-HOODUSDT-nyse_20260320T200000Z-s59,HOODUSDT,R,59,HOODUSDT-nyse_20260320T200000Z,R:HOODUSDT:2026-03:59,2026-03-23T19:45:00+00:00,2026-03-26T05:45:00+00:00,2026-03-23T19:45:00+00:00,2026-03-23T22:44:59.999000+00:00,2026-03-23T22:45:00+00:00,2026-03-26T05:44:59.999000+00:00,70860,74340,3480,180,3300,3480.0,2026-03,RESEARCH_DEVELOPMENT,LISTING_AFTER_30_DAYS,READY,,0
HOODUSDT-R-HOODUSDT-nyse_20260320T200000Z-s97,HOODUSDT,R,97,HOODUSDT-nyse_20260320T200000Z,R:HOODUSDT:2026-03:97,2026-03-24T21:45:00+00:00,2026-03-27T07:45:00+00:00,2026-03-24T21:45:00+00:00,2026-03-25T00:44:59.999000+00:00,2026-03-25T00:45:00+00:00,2026-03-27T07:44:59.999000+00:00,72420,75900,3480,180,3300,3480.0,2026-03,RESEARCH_DEVELOPMENT,LISTING_AFTER_30_DAYS,READY,,0
HOODUSDT-R-HOODUSDT-nyse_20260327T200000Z-s3,HOODUSDT,R,3,HOODUSDT-nyse_20260327T200000Z,R:HOODUSDT:2026-03:3,2026-03-30T21:45:00+00:00,2026-04-02T07:45:00+00:00,2026-03-30T21:45:00+00:00,2026-03-31T00:44:59.999000+00:00,2026-03-31T00:45:00+00:00,2026-04-02T07:44:59.999000+00:00,81060,84540,3480,180,3300,3480.0,2026-03,RESEARCH_DEVELOPMENT,LISTING_AFTER_30_DAYS,READY,,0
HOODUSDT-R-HOODUSDT-nyse_20260327T200000Z-s10,HOODUSDT,R,10,HOODUSDT-nyse_20260327T200000Z,R:HOODUSDT:2026-03:10,2026-03-09T19:45:00+00:00,2026-03-12T05:45:00+00:00,2026-03-09T19:45:00+00:00,2026-03-09T22:44:59.999000+00:00,2026-03-09T22:45:00+00:00,2026-03-12T05:44:59.999000+00:00,50700,54180,3480,180,3300,3480.0,2026-03,RESEARCH_DEVELOPMENT,LISTING_AFTER_30_DAYS,READY,,0
HOODUSDT-R-HOODUSDT-nyse_20260327T200000Z-s17,HOODUSDT,R,17,HOODUSDT-nyse_20260327T200000Z,R:HOODUSDT:2026-03:17,2026-03-10T21:45:00+00:00,2026-03-13T07:45:00+00:00,2026-03-10T21:45:00+00:00,2026-03-11T00:44:59.999000+00:00,2026-03-11T00:45:00+00:00,2026-03-13T07:44:59.999000+00:00,52260,55740,3480,180,3300,3480.0,2026-03,RESEARCH_DEVELOPMENT,LISTING_AFTER_30_DAYS,READY,,0
HOODUSDT-R-HOODUSDT-nyse_20260327T200000Z-s31,HOODUSDT,R,31,HOODUSDT-nyse_20260327T200000Z,R:HOODUSDT:2026-03:31,2026-03-30T21:45:00+00:00,2026-04-02T07:45:00+00:00,2026-03-30T21:45:00+00:00,2026-03-31T00:44:59.999000+00:00,2026-03-31T00:45:00+00:00,2026-04-02T07:44:59.999000+00:00,81060,84540,3480,180,3300,3480.0,2026-03,RESEARCH_DEVELOPMENT,LISTING_AFTER_30_DAYS,READY,,0
HOODUSDT-R-HOODUSDT-nyse_20260327T200000Z-s59,HOODUSDT,R,59,HOODUSDT-nyse_20260327T200000Z,R:HOODUSDT:2026-03:59,2026-03-17T20:45:00+00:00,2026-03-20T06:45:00+00:00,2026-03-17T20:45:00+00:00,2026-03-17T23:44:59.999000+00:00,2026-03-17T23:45:00+00:00,2026-03-20T06:44:59.999000+00:00,62280,65760,3480,180,3300,3480.0,2026-03,RESEARCH_DEVELOPMENT,LISTING_AFTER_30_DAYS,READY,,0
HOODUSDT-R-HOODUSDT-nyse_20260327T200000Z-s97,HOODUSDT,R,97,HOODUSDT-nyse_20260327T200000Z,R:HOODUSDT:2026-03:97,2026-03-30T20:45:00+00:00,2026-04-02T06:45:00+00:00,2026-03-30T20:45:00+00:00,2026-03-30T23:44:59.999000+00:00,2026-03-30T23:45:00+00:00,2026-04-02T06:44:59.999000+00:00,81000,84480,3480,180,3300,3480.0,2026-03,RESEARCH_DEVELOPMENT,LISTING_AFTER_30_DAYS,READY,,0
HOODUSDT-R-HOODUSDT-nyse_20260402T200000Z-s3,HOODUSDT,R,3,HOODUSDT-nyse_20260402T200000Z,R:HOODUSDT:2026-04:3,2026-04-06T19:45:00+00:00,2026-04-10T05:45:00+00:00,2026-04-06T19:45:00+00:00,2026-04-06T22:44:59.999000+00:00,2026-04-06T22:45:00+00:00,2026-04-10T05:44:59.999000+00:00,91020,95940,4920,180,4740,4920.0,2026-04,RESEARCH_DEVELOPMENT,LISTING_AFTER_30_DAYS,READY,,0
HOODUSDT-R-HOODUSDT-nyse_20260402T200000Z-s10,HOODUSDT,R,10,HOODUSDT-nyse_20260402T200000Z,R:HOODUSDT:2026-04:10,2026-04-06T20:45:00+00:00,2026-04-10T06:45:00+00:00,2026-04-06T20:45:00+00:00,2026-04-06T23:44:59.999000+00:00,2026-04-06T23:45:00+00:00,2026-04-10T06:44:59.999000+00:00,91080,96000,4920,180,4740,4920.0,2026-04,RESEARCH_DEVELOPMENT,LISTING_AFTER_30_DAYS,READY,,0
HOODUSDT-R-HOODUSDT-nyse_20260402T200000Z-s17,HOODUSDT,R,17,HOODUSDT-nyse_20260402T200000Z,R:HOODUSDT:2026-04:17,2026-04-06T20:45:00+00:00,2026-04-10T06:45:00+00:00,2026-04-06T20:45:00+00:00,2026-04-06T23:44:59.999000+00:00,2026-04-06T23:45:00+00:00,2026-04-10T06:44:59.999000+00:00,91080,96000,4920,180,4740,4920.0,2026-04,RESEARCH_DEVELOPMENT,LISTING_AFTER_30_DAYS,READY,,0
HOODUSDT-R-HOODUSDT-nyse_20260402T200000Z-s31,HOODUSDT,R,31,HOODUSDT-nyse_20260402T200000Z,R:HOODUSDT:2026-04:31,2026-04-13T19:45:00+00:00,2026-04-17T05:45:00+00:00,2026-04-13T19:45:00+00:00,2026-04-13T22:44:59.999000+00:00,2026-04-13T22:45:00+00:00,2026-04-17T05:44:59.999000+00:00,101100,106020,4920,180,4740,4920.0,2026-04,RESEARCH_DEVELOPMENT,LISTING_AFTER_30_DAYS,READY,,0
HOODUSDT-R-HOODUSDT-nyse_20260402T200000Z-s59,HOODUSDT,R,59,HOODUSDT-nyse_20260402T200000Z,R:HOODUSDT:2026-04:59,2026-04-27T19:45:00+00:00,2026-05-01T05:45:00+00:00,2026-04-27T19:45:00+00:00,2026-04-27T22:44:59.999000+00:00,2026-04-27T22:45:00+00:00,2026-05-01T05:44:59.999000+00:00,121260,126180,4920,180,4740,4920.0,2026-04,RESEARCH_DEVELOPMENT,LISTING_AFTER_30_DAYS,READY,,0
HOODUSDT-R-HOODUSDT-nyse_20260402T200000Z-s97,HOODUSDT,R,97,HOODUSDT-nyse_20260402T200000Z,R:HOODUSDT:2026-04:97,2026-04-20T20:45:00+00:00,2026-04-24T06:45:00+00:00,2026-04-20T20:45:00+00:00,2026-04-20T23:44:59.999000+00:00,2026-04-20T23:45:00+00:00,2026-04-24T06:44:59.999000+00:00,111240,116160,4920,180,4740,4920.0,2026-04,RESEARCH_DEVELOPMENT,LISTING_AFTER_30_DAYS,READY,,0
HOODUSDT-R-HOODUSDT-nyse_20260410T200000Z-s3,HOODUSDT,R,3,HOODUSDT-nyse_20260410T200000Z,R:HOODUSDT:2026-04:3,2026-04-14T19:45:00+00:00,2026-04-17T05:45:00+00:00,2026-04-14T19:45:00+00:00,2026-04-14T22:44:59.999000+00:00,2026-04-14T22:45:00+00:00,2026-04-17T05:44:59.999000+00:00,102540,106020,3480,180,3300,3480.0,2026-04,RESEARCH_DEVELOPMENT,LISTING_AFTER_30_DAYS,READY,,0
HOODUSDT-R-HOODUSDT-nyse_20260410T200000Z-s10,HOODUSDT,R,10,HOODUSDT-nyse_20260410T200000Z,R:HOODUSDT:2026-04:10,2026-04-28T20:45:00+00:00,2026-05-01T06:45:00+00:00,2026-04-28T20:45:00+00:00,2026-04-28T23:44:59.999000+00:00,2026-04-28T23:45:00+00:00,2026-05-01T06:44:59.999000+00:00,122760,126240,3480,180,3300,3480.0,2026-04,RESEARCH_DEVELOPMENT,LISTING_AFTER_30_DAYS,READY,,0
HOODUSDT-R-HOODUSDT-nyse_20260410T200000Z-s17,HOODUSDT,R,17,HOODUSDT-nyse_20260410T200000Z,R:HOODUSDT:2026-04:17,2026-04-27T19:45:00+00:00,2026-04-30T05:45:00+00:00,2026-04-27T19:45:00+00:00,2026-04-27T22:44:59.999000+00:00,2026-04-27T22:45:00+00:00,2026-04-30T05:44:59.999000+00:00,121260,124740,3480,180,3300,3480.0,2026-04,RESEARCH_DEVELOPMENT,LISTING_AFTER_30_DAYS,READY,,0
HOODUSDT-R-HOODUSDT-nyse_20260410T200000Z-s31,HOODUSDT,R,31,HOODUSDT-nyse_20260410T200000Z,R:HOODUSDT:2026-04:31,2026-04-07T20:45:00+00:00,2026-04-10T06:45:00+00:00,2026-04-07T20:45:00+00:00,2026-04-07T23:44:59.999000+00:00,2026-04-07T23:45:00+00:00,2026-04-10T06:44:59.999000+00:00,92520,96000,3480,180,3300,3480.0,2026-04,RESEARCH_DEVELOPMENT,LISTING_AFTER_30_DAYS,READY,,0
HOODUSDT-R-HOODUSDT-nyse_20260410T200000Z-s59,HOODUSDT,R,59,HOODUSDT-nyse_20260410T200000Z,R:HOODUSDT:2026-04:59,2026-04-06T19:45:00+00:00,2026-04-09T05:45:00+00:00,2026-04-06T19:45:00+00:00,2026-04-06T22:44:59.999000+00:00,2026-04-06T22:45:00+00:00,2026-04-09T05:44:59.999000+00:00,91020,94500,3480,180,3300,3480.0,2026-04,RESEARCH_DEVELOPMENT,LISTING_AFTER_30_DAYS,READY,,0
HOODUSDT-R-HOODUSDT-nyse_20260410T200000Z-s97,HOODUSDT,R,97,HOODUSDT-nyse_20260410T200000Z,R:HOODUSDT:2026-04:97,2026-04-28T19:45:00+00:00,2026-05-01T05:45:00+00:00,2026-04-28T19:45:00+00:00,2026-04-28T22:44:59.999000+00:00,2026-04-28T22:45:00+00:00,2026-05-01T05:44:59.999000+00:00,122700,126180,3480,180,3300,3480.0,2026-04,RESEARCH_DEVELOPMENT,LISTING_AFTER_30_DAYS,READY,,0
HOODUSDT-R-HOODUSDT-nyse_20260417T200000Z-s3,HOODUSDT,R,3,HOODUSDT-nyse_20260417T200000Z,R:HOODUSDT:2026-04:3,2026-04-21T21:45:00+00:00,2026-04-24T07:45:00+00:00,2026-04-21T21:45:00+00:00,2026-04-22T00:44:59.999000+00:00,2026-04-22T00:45:00+00:00,2026-04-24T07:44:59.999000+00:00,112740,116220,3480,180,3300,3480.0,2026-04,RESEARCH_DEVELOPMENT,LISTING_AFTER_30_DAYS,READY,,0
HOODUSDT-R-HOODUSDT-nyse_20260417T200000Z-s10,HOODUSDT,R,10,HOODUSDT-nyse_20260417T200000Z,R:HOODUSDT:2026-04:10,2026-04-13T21:45:00+00:00,2026-04-16T07:45:00+00:00,2026-04-13T21:45:00+00:00,2026-04-14T00:44:59.999000+00:00,2026-04-14T00:45:00+00:00,2026-04-16T07:44:59.999000+00:00,101220,104700,3480,180,3300,3480.0,2026-04,RESEARCH_DEVELOPMENT,LISTING_AFTER_30_DAYS,READY,,0
HOODUSDT-R-HOODUSDT-nyse_20260417T200000Z-s17,HOODUSDT,R,17,HOODUSDT-nyse_20260417T200000Z,R:HOODUSDT:2026-04:17,2026-04-21T19:45:00+00:00,2026-04-24T05:45:00+00:00,2026-04-21T19:45:00+00:00,2026-04-21T22:44:59.999000+00:00,2026-04-21T22:45:00+00:00,2026-04-24T05:44:59.999000+00:00,112620,116100,3480,180,3300,3480.0,2026-04,RESEARCH_DEVELOPMENT,LISTING_AFTER_30_DAYS,READY,,0
HOODUSDT-R-HOODUSDT-nyse_20260417T200000Z-s31,HOODUSDT,R,31,HOODUSDT-nyse_20260417T200000Z,R:HOODUSDT:2026-04:31,2026-04-20T20:45:00+00:00,2026-04-23T06:45:00+00:00,2026-04-20T20:45:00+00:00,2026-04-20T23:44:59.999000+00:00,2026-04-20T23:45:00+00:00,2026-04-23T06:44:59.999000+00:00,111240,114720,3480,180,3300,3480.0,2026-04,RESEARCH_DEVELOPMENT,LISTING_AFTER_30_DAYS,READY,,0
HOODUSDT-R-HOODUSDT-nyse_20260417T200000Z-s59,HOODUSDT,R,59,HOODUSDT-nyse_20260417T200000Z,R:HOODUSDT:2026-04:59,2026-04-20T21:45:00+00:00,2026-04-23T07:45:00+00:00,2026-04-20T21:45:00+00:00,2026-04-21T00:44:59.999000+00:00,2026-04-21T00:45:00+00:00,2026-04-23T07:44:59.999000+00:00,111300,114780,3480,180,3300,3480.0,2026-04,RESEARCH_DEVELOPMENT,LISTING_AFTER_30_DAYS,READY,,0
HOODUSDT-R-HOODUSDT-nyse_20260417T200000Z-s97,HOODUSDT,R,97,HOODUSDT-nyse_20260417T200000Z,R:HOODUSDT:2026-04:97,2026-04-13T21:45:00+00:00,2026-04-16T07:45:00+00:00,2026-04-13T21:45:00+00:00,2026-04-14T00:44:59.999000+00:00,2026-04-14T00:45:00+00:00,2026-04-16T07:44:59.999000+00:00,101220,104700,3480,180,3300,3480.0,2026-04,RESEARCH_DEVELOPMENT,LISTING_AFTER_30_DAYS,READY,,0
HOODUSDT-R-HOODUSDT-nyse_20260424T200000Z-s3,HOODUSDT,R,3,HOODUSDT-nyse_20260424T200000Z,R:HOODUSDT:2026-04:3,2026-04-28T20:45:00+00:00,2026-05-01T06:45:00+00:00,2026-04-28T20:45:00+00:00,2026-04-28T23:44:59.999000+00:00,2026-04-28T23:45:00+00:00,2026-05-01T06:44:59.999000+00:00,122760,126240,3480,180,3300,3480.0,2026-04,RESEARCH_DEVELOPMENT,LISTING_AFTER_30_DAYS,READY,,0
HOODUSDT-R-HOODUSDT-nyse_20260424T200000Z-s10,HOODUSDT,R,10,HOODUSDT-nyse_20260424T200000Z,R:HOODUSDT:2026-04:10,2026-04-21T19:45:00+00:00,2026-04-24T05:45:00+00:00,2026-04-21T19:45:00+00:00,2026-04-21T22:44:59.999000+00:00,2026-04-21T22:45:00+00:00,2026-04-24T05:44:59.999000+00:00,112620,116100,3480,180,3300,3480.0,2026-04,RESEARCH_DEVELOPMENT,LISTING_AFTER_30_DAYS,READY,,0
HOODUSDT-R-HOODUSDT-nyse_20260424T200000Z-s17,HOODUSDT,R,17,HOODUSDT-nyse_20260424T200000Z,R:HOODUSDT:2026-04:17,2026-04-14T21:45:00+00:00,2026-04-17T07:45:00+00:00,2026-04-14T21:45:00+00:00,2026-04-15T00:44:59.999000+00:00,2026-04-15T00:45:00+00:00,2026-04-17T07:44:59.999000+00:00,102660,106140,3480,180,3300,3480.0,2026-04,RESEARCH_DEVELOPMENT,LISTING_AFTER_30_DAYS,READY,,0
HOODUSDT-R-HOODUSDT-nyse_20260424T200000Z-s31,HOODUSDT,R,31,HOODUSDT-nyse_20260424T200000Z,R:HOODUSDT:2026-04:31,2026-04-27T19:45:00+00:00,2026-04-30T05:45:00+00:00,2026-04-27T19:45:00+00:00,2026-04-27T22:44:59.999000+00:00,2026-04-27T22:45:00+00:00,2026-04-30T05:44:59.999000+00:00,121260,124740,3480,180,3300,3480.0,2026-04,RESEARCH_DEVELOPMENT,LISTING_AFTER_30_DAYS,READY,,0
HOODUSDT-R-HOODUSDT-nyse_20260424T200000Z-s59,HOODUSDT,R,59,HOODUSDT-nyse_20260424T200000Z,R:HOODUSDT:2026-04:59,2026-04-14T21:45:00+00:00,2026-04-17T07:45:00+00:00,2026-04-14T21:45:00+00:00,2026-04-15T00:44:59.999000+00:00,2026-04-15T00:45:00+00:00,2026-04-17T07:44:59.999000+00:00,102660,106140,3480,180,3300,3480.0,2026-04,RESEARCH_DEVELOPMENT,LISTING_AFTER_30_DAYS,READY,,0
HOODUSDT-R-HOODUSDT-nyse_20260424T200000Z-s97,HOODUSDT,R,97,HOODUSDT-nyse_20260424T200000Z,R:HOODUSDT:2026-04:97,2026-04-07T21:45:00+00:00,2026-04-10T07:45:00+00:00,2026-04-07T21:45:00+00:00,2026-04-08T00:44:59.999000+00:00,2026-04-08T00:45:00+00:00,2026-04-10T07:44:59.999000+00:00,92580,96060,3480,180,3300,3480.0,2026-04,RESEARCH_DEVELOPMENT,LISTING_AFTER_30_DAYS,READY,,0
HOODUSDT-R-HOODUSDT-nyse_20260501T200000Z-s3,HOODUSDT,R,3,HOODUSDT-nyse_20260501T200000Z,R:HOODUSDT:2026-05:3,2026-05-05T21:45:00+00:00,2026-05-08T07:45:00+00:00,2026-05-05T21:45:00+00:00,2026-05-06T00:44:59.999000+00:00,2026-05-06T00:45:00+00:00,2026-05-08T07:44:59.999000+00:00,132900,136380,3480,180,3300,3480.0,2026-05,RESEARCH_DEVELOPMENT,LISTING_AFTER_30_DAYS,READY,,0
HOODUSDT-R-HOODUSDT-nyse_20260501T200000Z-s10,HOODUSDT,R,10,HOODUSDT-nyse_20260501T200000Z,R:HOODUSDT:2026-05:10,2026-05-18T20:45:00+00:00,2026-05-21T06:45:00+00:00,2026-05-18T20:45:00+00:00,2026-05-18T23:44:59.999000+00:00,2026-05-18T23:45:00+00:00,2026-05-21T06:44:59.999000+00:00,151560,155040,3480,180,3300,3480.0,2026-05,RESEARCH_DEVELOPMENT,LISTING_AFTER_30_DAYS,READY,,0
HOODUSDT-R-HOODUSDT-nyse_20260501T200000Z-s17,HOODUSDT,R,17,HOODUSDT-nyse_20260501T200000Z,R:HOODUSDT:2026-05:17,2026-05-12T20:45:00+00:00,2026-05-15T06:45:00+00:00,2026-05-12T20:45:00+00:00,2026-05-12T23:44:59.999000+00:00,2026-05-12T23:45:00+00:00,2026-05-15T06:44:59.999000+00:00,142920,146400,3480,180,3300,3480.0,2026-05,RESEARCH_DEVELOPMENT,LISTING_AFTER_30_DAYS,READY,,0
HOODUSDT-R-HOODUSDT-nyse_20260501T200000Z-s31,HOODUSDT,R,31,HOODUSDT-nyse_20260501T200000Z,R:HOODUSDT:2026-05:31,2026-05-11T21:45:00+00:00,2026-05-14T07:45:00+00:00,2026-05-11T21:45:00+00:00,2026-05-12T00:44:59.999000+00:00,2026-05-12T00:45:00+00:00,2026-05-14T07:44:59.999000+00:00,141540,145020,3480,180,3300,3480.0,2026-05,RESEARCH_DEVELOPMENT,LISTING_AFTER_30_DAYS,READY,,0
HOODUSDT-R-HOODUSDT-nyse_20260501T200000Z-s59,HOODUSDT,R,59,HOODUSDT-nyse_20260501T200000Z,R:HOODUSDT:2026-05:59,2026-05-12T21:45:00+00:00,2026-05-15T07:45:00+00:00,2026-05-12T21:45:00+00:00,2026-05-13T00:44:59.999000+00:00,2026-05-13T00:45:00+00:00,2026-05-15T07:44:59.999000+00:00,142980,146460,3480,180,3300,3480.0,2026-05,RESEARCH_DEVELOPMENT,LISTING_AFTER_30_DAYS,READY,,0
HOODUSDT-R-HOODUSDT-nyse_20260501T200000Z-s97,HOODUSDT,R,97,HOODUSDT-nyse_20260501T200000Z,R:HOODUSDT:2026-05:97,2026-05-04T20:45:00+00:00,2026-05-07T06:45:00+00:00,2026-05-04T20:45:00+00:00,2026-05-04T23:44:59.999000+00:00,2026-05-04T23:45:00+00:00,2026-05-07T06:44:59.999000+00:00,131400,134880,3480,180,3300,3480.0,2026-05,RESEARCH_DEVELOPMENT,LISTING_AFTER_30_DAYS,READY,,0
HOODUSDT-R-HOODUSDT-nyse_20260508T200000Z-s3,HOODUSDT,R,3,HOODUSDT-nyse_20260508T200000Z,R:HOODUSDT:2026-05:3,2026-05-19T20:45:00+00:00,2026-05-22T06:45:00+00:00,2026-05-19T20:45:00+00:00,2026-05-19T23:44:59.999000+00:00,2026-05-19T23:45:00+00:00,2026-05-22T06:44:59.999000+00:00,153000,156480,3480,180,3300,3480.0,2026-05,RESEARCH_DEVELOPMENT,LISTING_AFTER_30_DAYS,READY,,0
HOODUSDT-R-HOODUSDT-nyse_20260508T200000Z-s10,HOODUSDT,R,10,HOODUSDT-nyse_20260508T200000Z,R:HOODUSDT:2026-05:10,2026-05-05T20:45:00+00:00,2026-05-08T06:45:00+00:00,2026-05-05T20:45:00+00:00,2026-05-05T23:44:59.999000+00:00,2026-05-05T23:45:00+00:00,2026-05-08T06:44:59.999000+00:00,132840,136320,3480,180,3300,3480.0,2026-05,RESEARCH_DEVELOPMENT,LISTING_AFTER_30_DAYS,READY,,0
HOODUSDT-R-HOODUSDT-nyse_20260508T200000Z-s17,HOODUSDT,R,17,HOODUSDT-nyse_20260508T200000Z,R:HOODUSDT:2026-05:17,2026-05-18T20:45:00+00:00,2026-05-21T06:45:00+00:00,2026-05-18T20:45:00+00:00,2026-05-18T23:44:59.999000+00:00,2026-05-18T23:45:00+00:00,2026-05-21T06:44:59.999000+00:00,151560,155040,3480,180,3300,3480.0,2026-05,RESEARCH_DEVELOPMENT,LISTING_AFTER_30_DAYS,READY,,0
HOODUSDT-R-HOODUSDT-nyse_20260508T200000Z-s31,HOODUSDT,R,31,HOODUSDT-nyse_20260508T200000Z,R:HOODUSDT:2026-05:31,2026-05-26T21:45:00+00:00,2026-05-29T07:45:00+00:00,2026-05-26T21:45:00+00:00,2026-05-27T00:44:59.999000+00:00,2026-05-27T00:45:00+00:00,2026-05-29T07:44:59.999000+00:00,163140,166620,3480,180,3300,3480.0,2026-05,RESEARCH_DEVELOPMENT,LISTING_AFTER_30_DAYS,READY,,0
HOODUSDT-R-HOODUSDT-nyse_20260508T200000Z-s59,HOODUSDT,R,59,HOODUSDT-nyse_20260508T200000Z,R:HOODUSDT:2026-05:59,2026-05-05T20:45:00+00:00,2026-05-08T06:45:00+00:00,2026-05-05T20:45:00+00:00,2026-05-05T23:44:59.999000+00:00,2026-05-05T23:45:00+00:00,2026-05-08T06:44:59.999000+00:00,132840,136320,3480,180,3300,3480.0,2026-05,RESEARCH_DEVELOPMENT,LISTING_AFTER_30_DAYS,READY,,0
HOODUSDT-R-HOODUSDT-nyse_20260508T200000Z-s97,HOODUSDT,R,97,HOODUSDT-nyse_20260508T200000Z,R:HOODUSDT:2026-05:97,2026-05-12T21:45:00+00:00,2026-05-15T07:45:00+00:00,2026-05-12T21:45:00+00:00,2026-05-13T00:44:59.999000+00:00,2026-05-13T00:45:00+00:00,2026-05-15T07:44:59.999000+00:00,142980,146460,3480,180,3300,3480.0,2026-05,RESEARCH_DEVELOPMENT,LISTING_AFTER_30_DAYS,READY,,0
HOODUSDT-R-HOODUSDT-nyse_20260515T200000Z-s3,HOODUSDT,R,3,HOODUSDT-nyse_20260515T200000Z,R:HOODUSDT:2026-05:3,2026-05-12T20:45:00+00:00,2026-05-15T06:45:00+00:00,2026-05-12T20:45:00+00:00,2026-05-12T23:44:59.999000+00:00,2026-05-12T23:45:00+00:00,2026-05-15T06:44:59.999000+00:00,142920,146400,3480,180,3300,3480.0,2026-05,RESEARCH_DEVELOPMENT,LISTING_AFTER_30_DAYS,READY,,0
HOODUSDT-R-HOODUSDT-nyse_20260515T200000Z-s10,HOODUSDT,R,10,HOODUSDT-nyse_20260515T200000Z,R:HOODUSDT:2026-05:10,2026-05-26T21:45:00+00:00,2026-05-29T07:45:00+00:00,2026-05-26T21:45:00+00:00,2026-05-27T00:44:59.999000+00:00,2026-05-27T00:45:00+00:00,2026-05-29T07:44:59.999000+00:00,163140,166620,3480,180,3300,3480.0,2026-05,RESEARCH_DEVELOPMENT,LISTING_AFTER_30_DAYS,READY,,0
HOODUSDT-R-HOODUSDT-nyse_20260515T200000Z-s17,HOODUSDT,R,17,HOODUSDT-nyse_20260515T200000Z,R:HOODUSDT:2026-05:17,2026-05-05T19:45:00+00:00,2026-05-08T05:45:00+00:00,2026-05-05T19:45:00+00:00,2026-05-05T22:44:59.999000+00:00,2026-05-05T22:45:00+00:00,2026-05-08T05:44:59.999000+00:00,132780,136260,3480,180,3300,3480.0,2026-05,RESEARCH_DEVELOPMENT,LISTING_AFTER_30_DAYS,READY,,0
HOODUSDT-R-HOODUSDT-nyse_20260515T200000Z-s31,HOODUSDT,R,31,HOODUSDT-nyse_20260515T200000Z,R:HOODUSDT:2026-05:31,2026-05-19T20:45:00+00:00,2026-05-22T06:45:00+00:00,2026-05-19T20:45:00+00:00,2026-05-19T23:44:59.999000+00:00,2026-05-19T23:45:00+00:00,2026-05-22T06:44:59.999000+00:00,153000,156480,3480,180,3300,3480.0,2026-05,RESEARCH_DEVELOPMENT,LISTING_AFTER_30_DAYS,READY,,0
HOODUSDT-R-HOODUSDT-nyse_20260515T200000Z-s59,HOODUSDT,R,59,HOODUSDT-nyse_20260515T200000Z,R:HOODUSDT:2026-05:59,2026-05-26T19:45:00+00:00,2026-05-29T05:45:00+00:00,2026-05-26T19:45:00+00:00,2026-05-26T22:44:59.999000+00:00,2026-05-26T22:45:00+00:00,2026-05-29T05:44:59.999000+00:00,163020,166500,3480,180,3300,3480.0,2026-05,RESEARCH_DEVELOPMENT,LISTING_AFTER_30_DAYS,READY,,0
HOODUSDT-R-HOODUSDT-nyse_20260515T200000Z-s97,HOODUSDT,R,97,HOODUSDT-nyse_20260515T200000Z,R:HOODUSDT:2026-05:97,2026-05-19T20:45:00+00:00,2026-05-22T06:45:00+00:00,2026-05-19T20:45:00+00:00,2026-05-19T23:44:59.999000+00:00,2026-05-19T23:45:00+00:00,2026-05-22T06:44:59.999000+00:00,153000,156480,3480,180,3300,3480.0,2026-05,RESEARCH_DEVELOPMENT,LISTING_AFTER_30_DAYS,READY,,0
HOODUSDT-R-HOODUSDT-nyse_20260522T200000Z-s3,HOODUSDT,R,3,HOODUSDT-nyse_20260522T200000Z,R:HOODUSDT:2026-05:3,2026-05-22T20:00:00+00:00,2026-05-26T06:00:00+00:00,2026-05-22T20:00:00+00:00,2026-05-22T20:00:00+00:00,,,0,0,0,0,0,4920.0,2026-05,RESEARCH_DEVELOPMENT,LISTING_AFTER_30_DAYS,SKIPPED,NO_MATCHED_RANDOM_WINDOW,0
HOODUSDT-R-HOODUSDT-nyse_20260522T200000Z-s10,HOODUSDT,R,10,HOODUSDT-nyse_20260522T200000Z,R:HOODUSDT:2026-05:10,2026-05-11T21:45:00+00:00,2026-05-15T07:45:00+00:00,2026-05-11T21:45:00+00:00,2026-05-12T00:44:59.999000+00:00,2026-05-12T00:45:00+00:00,2026-05-15T07:44:59.999000+00:00,141540,146460,4920,180,4740,4920.0,2026-05,RESEARCH_DEVELOPMENT,LISTING_AFTER_30_DAYS,READY,,0
HOODUSDT-R-HOODUSDT-nyse_20260522T200000Z-s17,HOODUSDT,R,17,HOODUSDT-nyse_20260522T200000Z,R:HOODUSDT:2026-05:17,2026-05-22T20:00:00+00:00,2026-05-26T06:00:00+00:00,2026-05-22T20:00:00+00:00,2026-05-22T20:00:00+00:00,,,0,0,0,0,0,4920.0,2026-05,RESEARCH_DEVELOPMENT,LISTING_AFTER_30_DAYS,SKIPPED,NO_MATCHED_RANDOM_WINDOW,0
HOODUSDT-R-HOODUSDT-nyse_20260522T200000Z-s31,HOODUSDT,R,31,HOODUSDT-nyse_20260522T200000Z,R:HOODUSDT:2026-05:31,2026-05-04T20:45:00+00:00,2026-05-08T06:45:00+00:00,2026-05-04T20:45:00+00:00,2026-05-04T23:44:59.999000+00:00,2026-05-04T23:45:00+00:00,2026-05-08T06:44:59.999000+00:00,131400,136320,4920,180,4740,4920.0,2026-05,RESEARCH_DEVELOPMENT,LISTING_AFTER_30_DAYS,READY,,0
HOODUSDT-R-HOODUSDT-nyse_20260522T200000Z-s59,HOODUSDT,R,59,HOODUSDT-nyse_20260522T200000Z,R:HOODUSDT:2026-05:59,2026-05-18T20:45:00+00:00,2026-05-22T06:45:00+00:00,2026-05-18T20:45:00+00:00,2026-05-18T23:44:59.999000+00:00,2026-05-18T23:45:00+00:00,2026-05-22T06:44:59.999000+00:00,151560,156480,4920,180,4740,4920.0,2026-05,RESEARCH_DEVELOPMENT,LISTING_AFTER_30_DAYS,READY,,0
HOODUSDT-R-HOODUSDT-nyse_20260522T200000Z-s97,HOODUSDT,R,97,HOODUSDT-nyse_20260522T200000Z,R:HOODUSDT:2026-05:97,2026-05-22T20:00:00+00:00,2026-05-26T06:00:00+00:00,2026-05-22T20:00:00+00:00,2026-05-22T20:00:00+00:00,,,0,0,0,0,0,4920.0,2026-05,RESEARCH_DEVELOPMENT,LISTING_AFTER_30_DAYS,SKIPPED,NO_MATCHED_RANDOM_WINDOW,0
HOODUSDT-R-HOODUSDT-nyse_20260529T200000Z-s3,HOODUSDT,R,3,HOODUSDT-nyse_20260529T200000Z,R:HOODUSDT:2026-05:3,2026-05-26T20:45:00+00:00,2026-05-29T06:45:00+00:00,2026-05-26T20:45:00+00:00,2026-05-26T23:44:59.999000+00:00,2026-05-26T23:45:00+00:00,2026-05-29T06:44:59.999000+00:00,163080,166560,3480,180,3300,3480.0,2026-05,RESEARCH_DEVELOPMENT,LISTING_AFTER_30_DAYS,READY,,0
HOODUSDT-R-HOODUSDT-nyse_20260529T200000Z-s10,HOODUSDT,R,10,HOODUSDT-nyse_20260529T200000Z,R:HOODUSDT:2026-05:10,2026-05-29T20:00:00+00:00,2026-06-01T06:00:00+00:00,2026-05-29T20:00:00+00:00,2026-05-29T20:00:00+00:00,,,0,0,0,0,0,3480.0,2026-05,RESEARCH_DEVELOPMENT,LISTING_AFTER_30_DAYS,SKIPPED,NO_MATCHED_RANDOM_WINDOW,0
HOODUSDT-R-HOODUSDT-nyse_20260529T200000Z-s17,HOODUSDT,R,17,HOODUSDT-nyse_20260529T200000Z,R:HOODUSDT:2026-05:17,2026-05-26T21:45:00+00:00,2026-05-29T07:45:00+00:00,2026-05-26T21:45:00+00:00,2026-05-27T00:44:59.999000+00:00,2026-05-27T00:45:00+00:00,2026-05-29T07:44:59.999000+00:00,163140,166620,3480,180,3300,3480.0,2026-05,RESEARCH_DEVELOPMENT,LISTING_AFTER_30_DAYS,READY,,0
HOODUSDT-R-HOODUSDT-nyse_20260529T200000Z-s31,HOODUSDT,R,31,HOODUSDT-nyse_20260529T200000Z,R:HOODUSDT:2026-05:31,2026-05-29T20:00:00+00:00,2026-06-01T06:00:00+00:00,2026-05-29T20:00:00+00:00,2026-05-29T20:00:00+00:00,,,0,0,0,0,0,3480.0,2026-05,RESEARCH_DEVELOPMENT,LISTING_AFTER_30_DAYS,SKIPPED,NO_MATCHED_RANDOM_WINDOW,0
HOODUSDT-R-HOODUSDT-nyse_20260529T200000Z-s59,HOODUSDT,R,59,HOODUSDT-nyse_20260529T200000Z,R:HOODUSDT:2026-05:59,2026-05-29T20:00:00+00:00,2026-06-01T06:00:00+00:00,2026-05-29T20:00:00+00:00,2026-05-29T20:00:00+00:00,,,0,0,0,0,0,3480.0,2026-05,RESEARCH_DEVELOPMENT,LISTING_AFTER_30_DAYS,SKIPPED,NO_MATCHED_RANDOM_WINDOW,0
HOODUSDT-R-HOODUSDT-nyse_20260529T200000Z-s97,HOODUSDT,R,97,HOODUSDT-nyse_20260529T200000Z,R:HOODUSDT:2026-05:97,2026-05-26T21:45:00+00:00,2026-05-29T07:45:00+00:00,2026-05-26T21:45:00+00:00,2026-05-27T00:44:59.999000+00:00,2026-05-27T00:45:00+00:00,2026-05-29T07:44:59.999000+00:00,163140,166620,3480,180,3300,3480.0,2026-05,RESEARCH_DEVELOPMENT,LISTING_AFTER_30_DAYS,READY,,0
HOODUSDT-R-HOODUSDT-nyse_20260605T200000Z-s3,HOODUSDT,R,3,HOODUSDT-nyse_20260605T200000Z,R:HOODUSDT:2026-06:3,2026-06-08T20:45:00+00:00,2026-06-11T06:45:00+00:00,2026-06-08T20:45:00+00:00,2026-06-08T23:44:59.999000+00:00,2026-06-08T23:45:00+00:00,2026-06-11T06:44:59.999000+00:00,181800,185280,3480,180,3300,3480.0,2026-06,SEALED_SHORT_OOS,LISTING_AFTER_30_DAYS,READY,,0
HOODUSDT-R-HOODUSDT-nyse_20260605T200000Z-s10,HOODUSDT,R,10,HOODUSDT-nyse_20260605T200000Z,R:HOODUSDT:2026-06:10,2026-06-23T20:45:00+00:00,2026-06-26T06:45:00+00:00,2026-06-23T20:45:00+00:00,2026-06-23T23:44:59.999000+00:00,2026-06-23T23:45:00+00:00,2026-06-26T06:44:59.999000+00:00,203400,206880,3480,180,3300,3480.0,2026-06,SEALED_SHORT_OOS,LISTING_AFTER_30_DAYS,READY,,0
HOODUSDT-R-HOODUSDT-nyse_20260605T200000Z-s17,HOODUSDT,R,17,HOODUSDT-nyse_20260605T200000Z,R:HOODUSDT:2026-06:17,2026-06-09T19:45:00+00:00,2026-06-12T05:45:00+00:00,2026-06-09T19:45:00+00:00,2026-06-09T22:44:59.999000+00:00,2026-06-09T22:45:00+00:00,2026-06-12T05:44:59.999000+00:00,183180,186660,3480,180,3300,3480.0,2026-06,SEALED_SHORT_OOS,LISTING_AFTER_30_DAYS,READY,,0
HOODUSDT-R-HOODUSDT-nyse_20260605T200000Z-s31,HOODUSDT,R,31,HOODUSDT-nyse_20260605T200000Z,R:HOODUSDT:2026-06:31,2026-06-22T21:45:00+00:00,2026-06-25T07:45:00+00:00,2026-06-22T21:45:00+00:00,2026-06-23T00:44:59.999000+00:00,2026-06-23T00:45:00+00:00,2026-06-25T07:44:59.999000+00:00,202020,205500,3480,180,3300,3480.0,2026-06,SEALED_SHORT_OOS,LISTING_AFTER_30_DAYS,READY,,0
HOODUSDT-R-HOODUSDT-nyse_20260605T200000Z-s59,HOODUSDT,R,59,HOODUSDT-nyse_20260605T200000Z,R:HOODUSDT:2026-06:59,2026-06-15T21:45:00+00:00,2026-06-18T07:45:00+00:00,2026-06-15T21:45:00+00:00,2026-06-16T00:44:59.999000+00:00,2026-06-16T00:45:00+00:00,2026-06-18T07:44:59.999000+00:00,191940,195420,3480,180,3300,3480.0,2026-06,SEALED_SHORT_OOS,LISTING_AFTER_30_DAYS,READY,,0
HOODUSDT-R-HOODUSDT-nyse_20260605T200000Z-s97,HOODUSDT,R,97,HOODUSDT-nyse_20260605T200000Z,R:HOODUSDT:2026-06:97,2026-06-08T19:45:00+00:00,2026-06-11T05:45:00+00:00,2026-06-08T19:45:00+00:00,2026-06-08T22:44:59.999000+00:00,2026-06-08T22:45:00+00:00,2026-06-11T05:44:59.999000+00:00,181740,185220,3480,180,3300,3480.0,2026-06,SEALED_SHORT_OOS,LISTING_AFTER_30_DAYS,READY,,0
HOODUSDT-R-HOODUSDT-nyse_20260612T200000Z-s3,HOODUSDT,R,3,HOODUSDT-nyse_20260612T200000Z,R:HOODUSDT:2026-06:3,2026-06-15T21:45:00+00:00,2026-06-18T07:45:00+00:00,2026-06-15T21:45:00+00:00,2026-06-16T00:44:59.999000+00:00,2026-06-16T00:45:00+00:00,2026-06-18T07:44:59.999000+00:00,191940,195420,3480,180,3300,3480.0,2026-06,SEALED_SHORT_OOS,LISTING_AFTER_30_DAYS,READY,,0
HOODUSDT-R-HOODUSDT-nyse_20260612T200000Z-s10,HOODUSDT,R,10,HOODUSDT-nyse_20260612T200000Z,R:HOODUSDT:2026-06:10,2026-06-09T20:45:00+00:00,2026-06-12T06:45:00+00:00,2026-06-09T20:45:00+00:00,2026-06-09T23:44:59.999000+00:00,2026-06-09T23:45:00+00:00,2026-06-12T06:44:59.999000+00:00,183240,186720,3480,180,3300,3480.0,2026-06,SEALED_SHORT_OOS,LISTING_AFTER_30_DAYS,READY,,0
HOODUSDT-R-HOODUSDT-nyse_20260612T200000Z-s17,HOODUSDT,R,17,HOODUSDT-nyse_20260612T200000Z,R:HOODUSDT:2026-06:17,2026-06-02T20:45:00+00:00,2026-06-05T06:45:00+00:00,2026-06-02T20:45:00+00:00,2026-06-02T23:44:59.999000+00:00,2026-06-02T23:45:00+00:00,2026-06-05T06:44:59.999000+00:00,173160,176640,3480,180,3300,3480.0,2026-06,SEALED_SHORT_OOS,LISTING_AFTER_30_DAYS,READY,,0
HOODUSDT-R-HOODUSDT-nyse_20260612T200000Z-s31,HOODUSDT,R,31,HOODUSDT-nyse_20260612T200000Z,R:HOODUSDT:2026-06:31,2026-06-01T19:45:00+00:00,2026-06-04T05:45:00+00:00,2026-06-01T19:45:00+00:00,2026-06-01T22:44:59.999000+00:00,2026-06-01T22:45:00+00:00,2026-06-04T05:44:59.999000+00:00,171660,175140,3480,180,3300,3480.0,2026-06,SEALED_SHORT_OOS,LISTING_AFTER_30_DAYS,READY,,0
HOODUSDT-R-HOODUSDT-nyse_20260612T200000Z-s59,HOODUSDT,R,59,HOODUSDT-nyse_20260612T200000Z,R:HOODUSDT:2026-06:59,2026-06-08T21:45:00+00:00,2026-06-11T07:45:00+00:00,2026-06-08T21:45:00+00:00,2026-06-09T00:44:59.999000+00:00,2026-06-09T00:45:00+00:00,2026-06-11T07:44:59.999000+00:00,181860,185340,3480,180,3300,3480.0,2026-06,SEALED_SHORT_OOS,LISTING_AFTER_30_DAYS,READY,,0
HOODUSDT-R-HOODUSDT-nyse_20260612T200000Z-s97,HOODUSDT,R,97,HOODUSDT-nyse_20260612T200000Z,R:HOODUSDT:2026-06:97,2026-06-29T20:45:00+00:00,2026-07-02T06:45:00+00:00,2026-06-29T20:45:00+00:00,2026-06-29T23:44:59.999000+00:00,2026-06-29T23:45:00+00:00,2026-07-02T06:44:59.999000+00:00,212040,215520,3480,180,3300,3480.0,2026-06,SEALED_SHORT_OOS,LISTING_AFTER_30_DAYS,READY,,0
HOODUSDT-R-HOODUSDT-nyse_20260618T200000Z-s3,HOODUSDT,R,3,HOODUSDT-nyse_20260618T200000Z,R:HOODUSDT:2026-06:3,2026-06-01T19:45:00+00:00,2026-06-05T05:45:00+00:00,2026-06-01T19:45:00+00:00,2026-06-01T22:44:59.999000+00:00,2026-06-01T22:45:00+00:00,2026-06-05T05:44:59.999000+00:00,171660,176580,4920,180,4740,4920.0,2026-06,SEALED_SHORT_OOS,LISTING_AFTER_30_DAYS,READY,,0
HOODUSDT-R-HOODUSDT-nyse_20260618T200000Z-s10,HOODUSDT,R,10,HOODUSDT-nyse_20260618T200000Z,R:HOODUSDT:2026-06:10,2026-06-01T19:45:00+00:00,2026-06-05T05:45:00+00:00,2026-06-01T19:45:00+00:00,2026-06-01T22:44:59.999000+00:00,2026-06-01T22:45:00+00:00,2026-06-05T05:44:59.999000+00:00,171660,176580,4920,180,4740,4920.0,2026-06,SEALED_SHORT_OOS,LISTING_AFTER_30_DAYS,READY,,0
HOODUSDT-R-HOODUSDT-nyse_20260618T200000Z-s17,HOODUSDT,R,17,HOODUSDT-nyse_20260618T200000Z,R:HOODUSDT:2026-06:17,2026-06-22T19:45:00+00:00,2026-06-26T05:45:00+00:00,2026-06-22T19:45:00+00:00,2026-06-22T22:44:59.999000+00:00,2026-06-22T22:45:00+00:00,2026-06-26T05:44:59.999000+00:00,201900,206820,4920,180,4740,4920.0,2026-06,SEALED_SHORT_OOS,LISTING_AFTER_30_DAYS,READY,,0
HOODUSDT-R-HOODUSDT-nyse_20260618T200000Z-s31,HOODUSDT,R,31,HOODUSDT-nyse_20260618T200000Z,R:HOODUSDT:2026-06:31,2026-06-08T20:45:00+00:00,2026-06-12T06:45:00+00:00,2026-06-08T20:45:00+00:00,2026-06-08T23:44:59.999000+00:00,2026-06-08T23:45:00+00:00,2026-06-12T06:44:59.999000+00:00,181800,186720,4920,180,4740,4920.0,2026-06,SEALED_SHORT_OOS,LISTING_AFTER_30_DAYS,READY,,0
HOODUSDT-R-HOODUSDT-nyse_20260618T200000Z-s59,HOODUSDT,R,59,HOODUSDT-nyse_20260618T200000Z,R:HOODUSDT:2026-06:59,2026-06-22T20:45:00+00:00,2026-06-26T06:45:00+00:00,2026-06-22T20:45:00+00:00,2026-06-22T23:44:59.999000+00:00,2026-06-22T23:45:00+00:00,2026-06-26T06:44:59.999000+00:00,201960,206880,4920,180,4740,4920.0,2026-06,SEALED_SHORT_OOS,LISTING_AFTER_30_DAYS,READY,,0
HOODUSDT-R-HOODUSDT-nyse_20260618T200000Z-s97,HOODUSDT,R,97,HOODUSDT-nyse_20260618T200000Z,R:HOODUSDT:2026-06:97,2026-06-22T21:45:00+00:00,2026-06-26T07:45:00+00:00,2026-06-22T21:45:00+00:00,2026-06-23T00:44:59.999000+00:00,2026-06-23T00:45:00+00:00,2026-06-26T07:44:59.999000+00:00,202020,206940,4920,180,4740,4920.0,2026-06,SEALED_SHORT_OOS,LISTING_AFTER_30_DAYS,READY,,0
HOODUSDT-R-HOODUSDT-nyse_20260626T200000Z-s3,HOODUSDT,R,3,HOODUSDT-nyse_20260626T200000Z,R:HOODUSDT:2026-06:3,2026-06-23T21:45:00+00:00,2026-06-26T07:45:00+00:00,2026-06-23T21:45:00+00:00,2026-06-24T00:44:59.999000+00:00,2026-06-24T00:45:00+00:00,2026-06-26T07:44:59.999000+00:00,203460,206940,3480,180,3300,3480.0,2026-06,SEALED_SHORT_OOS,LISTING_AFTER_30_DAYS,READY,,0
HOODUSDT-R-HOODUSDT-nyse_20260626T200000Z-s10,HOODUSDT,R,10,HOODUSDT-nyse_20260626T200000Z,R:HOODUSDT:2026-06:10,2026-06-29T21:45:00+00:00,2026-07-02T07:45:00+00:00,2026-06-29T21:45:00+00:00,2026-06-30T00:44:59.999000+00:00,2026-06-30T00:45:00+00:00,2026-07-02T07:44:59.999000+00:00,212100,215580,3480,180,3300,3480.0,2026-06,SEALED_SHORT_OOS,LISTING_AFTER_30_DAYS,READY,,0
HOODUSDT-R-HOODUSDT-nyse_20260626T200000Z-s17,HOODUSDT,R,17,HOODUSDT-nyse_20260626T200000Z,R:HOODUSDT:2026-06:17,2026-06-29T20:45:00+00:00,2026-07-02T06:45:00+00:00,2026-06-29T20:45:00+00:00,2026-06-29T23:44:59.999000+00:00,2026-06-29T23:45:00+00:00,2026-07-02T06:44:59.999000+00:00,212040,215520,3480,180,3300,3480.0,2026-06,SEALED_SHORT_OOS,LISTING_AFTER_30_DAYS,READY,,0
HOODUSDT-R-HOODUSDT-nyse_20260626T200000Z-s31,HOODUSDT,R,31,HOODUSDT-nyse_20260626T200000Z,R:HOODUSDT:2026-06:31,2026-06-29T21:45:00+00:00,2026-07-02T07:45:00+00:00,2026-06-29T21:45:00+00:00,2026-06-30T00:44:59.999000+00:00,2026-06-30T00:45:00+00:00,2026-07-02T07:44:59.999000+00:00,212100,215580,3480,180,3300,3480.0,2026-06,SEALED_SHORT_OOS,LISTING_AFTER_30_DAYS,READY,,0
HOODUSDT-R-HOODUSDT-nyse_20260626T200000Z-s59,HOODUSDT,R,59,HOODUSDT-nyse_20260626T200000Z,R:HOODUSDT:2026-06:59,2026-06-02T19:45:00+00:00,2026-06-05T05:45:00+00:00,2026-06-02T19:45:00+00:00,2026-06-02T22:44:59.999000+00:00,2026-06-02T22:45:00+00:00,2026-06-05T05:44:59.999000+00:00,173100,176580,3480,180,3300,3480.0,2026-06,SEALED_SHORT_OOS,LISTING_AFTER_30_DAYS,READY,,0
HOODUSDT-R-HOODUSDT-nyse_20260626T200000Z-s97,HOODUSDT,R,97,HOODUSDT-nyse_20260626T200000Z,R:HOODUSDT:2026-06:97,2026-06-15T21:45:00+00:00,2026-06-18T07:45:00+00:00,2026-06-15T21:45:00+00:00,2026-06-16T00:44:59.999000+00:00,2026-06-16T00:45:00+00:00,2026-06-18T07:44:59.999000+00:00,191940,195420,3480,180,3300,3480.0,2026-06,SEALED_SHORT_OOS,LISTING_AFTER_30_DAYS,READY,,0
HOODUSDT-R-HOODUSDT-nyse_20260702T200000Z-s3,HOODUSDT,R,3,HOODUSDT-nyse_20260702T200000Z,R:HOODUSDT:2026-07:3,2026-07-13T19:45:00+00:00,2026-07-17T05:45:00+00:00,2026-07-13T19:45:00+00:00,2026-07-13T22:44:59.999000+00:00,2026-07-13T22:45:00+00:00,2026-07-17T05:44:59.999000+00:00,232140,237060,4920,180,4740,4920.0,2026-07,DESCRIPTIVE_ONLY,LISTING_AFTER_30_DAYS,READY,,0
HOODUSDT-R-HOODUSDT-nyse_20260702T200000Z-s10,HOODUSDT,R,10,HOODUSDT-nyse_20260702T200000Z,R:HOODUSDT:2026-07:10,2026-07-06T20:45:00+00:00,2026-07-10T06:45:00+00:00,2026-07-06T20:45:00+00:00,2026-07-06T23:44:59.999000+00:00,2026-07-06T23:45:00+00:00,2026-07-10T06:44:59.999000+00:00,222120,227040,4920,180,4740,4920.0,2026-07,DESCRIPTIVE_ONLY,LISTING_AFTER_30_DAYS,READY,,0
HOODUSDT-R-HOODUSDT-nyse_20260702T200000Z-s17,HOODUSDT,R,17,HOODUSDT-nyse_20260702T200000Z,R:HOODUSDT:2026-07:17,2026-07-13T19:45:00+00:00,2026-07-17T05:45:00+00:00,2026-07-13T19:45:00+00:00,2026-07-13T22:44:59.999000+00:00,2026-07-13T22:45:00+00:00,2026-07-17T05:44:59.999000+00:00,232140,237060,4920,180,4740,4920.0,2026-07,DESCRIPTIVE_ONLY,LISTING_AFTER_30_DAYS,READY,,0
HOODUSDT-R-HOODUSDT-nyse_20260702T200000Z-s31,HOODUSDT,R,31,HOODUSDT-nyse_20260702T200000Z,R:HOODUSDT:2026-07:31,2026-07-06T19:45:00+00:00,2026-07-10T05:45:00+00:00,2026-07-06T19:45:00+00:00,2026-07-06T22:44:59.999000+00:00,2026-07-06T22:45:00+00:00,2026-07-10T05:44:59.999000+00:00,222060,226980,4920,180,4740,4920.0,2026-07,DESCRIPTIVE_ONLY,LISTING_AFTER_30_DAYS,READY,,0
HOODUSDT-R-HOODUSDT-nyse_20260702T200000Z-s59,HOODUSDT,R,59,HOODUSDT-nyse_20260702T200000Z,R:HOODUSDT:2026-07:59,2026-07-06T20:45:00+00:00,2026-07-10T06:45:00+00:00,2026-07-06T20:45:00+00:00,2026-07-06T23:44:59.999000+00:00,2026-07-06T23:45:00+00:00,2026-07-10T06:44:59.999000+00:00,222120,227040,4920,180,4740,4920.0,2026-07,DESCRIPTIVE_ONLY,LISTING_AFTER_30_DAYS,READY,,0
HOODUSDT-R-HOODUSDT-nyse_20260702T200000Z-s97,HOODUSDT,R,97,HOODUSDT-nyse_20260702T200000Z,R:HOODUSDT:2026-07:97,2026-07-13T21:45:00+00:00,2026-07-17T07:45:00+00:00,2026-07-13T21:45:00+00:00,2026-07-14T00:44:59.999000+00:00,2026-07-14T00:45:00+00:00,2026-07-17T07:44:59.999000+00:00,232260,237180,4920,180,4740,4920.0,2026-07,DESCRIPTIVE_ONLY,LISTING_AFTER_30_DAYS,READY,,0
HOODUSDT-R-HOODUSDT-nyse_20260710T200000Z-s3,HOODUSDT,R,3,HOODUSDT-nyse_20260710T200000Z,R:HOODUSDT:2026-07:3,2026-07-06T21:45:00+00:00,2026-07-09T07:45:00+00:00,2026-07-06T21:45:00+00:00,2026-07-07T00:44:59.999000+00:00,2026-07-07T00:45:00+00:00,2026-07-09T07:44:59.999000+00:00,222180,225660,3480,180,3300,3480.0,2026-07,DESCRIPTIVE_ONLY,LISTING_AFTER_30_DAYS,READY,,0
HOODUSDT-R-HOODUSDT-nyse_20260710T200000Z-s10,HOODUSDT,R,10,HOODUSDT-nyse_20260710T200000Z,R:HOODUSDT:2026-07:10,2026-07-14T20:45:00+00:00,2026-07-17T06:45:00+00:00,2026-07-14T20:45:00+00:00,2026-07-14T23:44:59.999000+00:00,2026-07-14T23:45:00+00:00,2026-07-17T06:44:59.999000+00:00,233640,237120,3480,180,3300,3480.0,2026-07,DESCRIPTIVE_ONLY,LISTING_AFTER_30_DAYS,READY,,0
HOODUSDT-R-HOODUSDT-nyse_20260710T200000Z-s17,HOODUSDT,R,17,HOODUSDT-nyse_20260710T200000Z,R:HOODUSDT:2026-07:17,2026-07-20T21:45:00+00:00,2026-07-23T07:45:00+00:00,2026-07-20T21:45:00+00:00,2026-07-21T00:44:59.999000+00:00,2026-07-21T00:45:00+00:00,2026-07-23T07:44:59.999000+00:00,242340,245820,3480,180,3300,3480.0,2026-07,DESCRIPTIVE_ONLY,LISTING_AFTER_30_DAYS,READY,,0
HOODUSDT-R-HOODUSDT-nyse_20260710T200000Z-s31,HOODUSDT,R,31,HOODUSDT-nyse_20260710T200000Z,R:HOODUSDT:2026-07:31,2026-07-13T19:45:00+00:00,2026-07-16T05:45:00+00:00,2026-07-13T19:45:00+00:00,2026-07-13T22:44:59.999000+00:00,2026-07-13T22:45:00+00:00,2026-07-16T05:44:59.999000+00:00,232140,235620,3480,180,3300,3480.0,2026-07,DESCRIPTIVE_ONLY,LISTING_AFTER_30_DAYS,READY,,0
HOODUSDT-R-HOODUSDT-nyse_20260710T200000Z-s59,HOODUSDT,R,59,HOODUSDT-nyse_20260710T200000Z,R:HOODUSDT:2026-07:59,2026-07-20T21:45:00+00:00,2026-07-23T07:45:00+00:00,2026-07-20T21:45:00+00:00,2026-07-21T00:44:59.999000+00:00,2026-07-21T00:45:00+00:00,2026-07-23T07:44:59.999000+00:00,242340,245820,3480,180,3300,3480.0,2026-07,DESCRIPTIVE_ONLY,LISTING_AFTER_30_DAYS,READY,,0
HOODUSDT-R-HOODUSDT-nyse_20260710T200000Z-s97,HOODUSDT,R,97,HOODUSDT-nyse_20260710T200000Z,R:HOODUSDT:2026-07:97,2026-07-20T19:45:00+00:00,2026-07-23T05:45:00+00:00,2026-07-20T19:45:00+00:00,2026-07-20T22:44:59.999000+00:00,2026-07-20T22:45:00+00:00,2026-07-23T05:44:59.999000+00:00,242220,245700,3480,180,3300,3480.0,2026-07,DESCRIPTIVE_ONLY,LISTING_AFTER_30_DAYS,READY,,0
HOODUSDT-R-HOODUSDT-nyse_20260717T200000Z-s3,HOODUSDT,R,3,HOODUSDT-nyse_20260717T200000Z,R:HOODUSDT:2026-07:3,2026-07-20T21:45:00+00:00,2026-07-23T07:45:00+00:00,2026-07-20T21:45:00+00:00,2026-07-21T00:44:59.999000+00:00,2026-07-21T00:45:00+00:00,2026-07-23T07:44:59.999000+00:00,242340,245820,3480,180,3300,3480.0,2026-07,DESCRIPTIVE_ONLY,LISTING_AFTER_30_DAYS,READY,,0
HOODUSDT-R-HOODUSDT-nyse_20260717T200000Z-s10,HOODUSDT,R,10,HOODUSDT-nyse_20260717T200000Z,R:HOODUSDT:2026-07:10,2026-07-20T19:45:00+00:00,2026-07-23T05:45:00+00:00,2026-07-20T19:45:00+00:00,2026-07-20T22:44:59.999000+00:00,2026-07-20T22:45:00+00:00,2026-07-23T05:44:59.999000+00:00,242220,245700,3480,180,3300,3480.0,2026-07,DESCRIPTIVE_ONLY,LISTING_AFTER_30_DAYS,READY,,0
HOODUSDT-R-HOODUSDT-nyse_20260717T200000Z-s17,HOODUSDT,R,17,HOODUSDT-nyse_20260717T200000Z,R:HOODUSDT:2026-07:17,2026-07-07T21:45:00+00:00,2026-07-10T07:45:00+00:00,2026-07-07T21:45:00+00:00,2026-07-08T00:44:59.999000+00:00,2026-07-08T00:45:00+00:00,2026-07-10T07:44:59.999000+00:00,223620,227100,3480,180,3300,3480.0,2026-07,DESCRIPTIVE_ONLY,LISTING_AFTER_30_DAYS,READY,,0
HOODUSDT-R-HOODUSDT-nyse_20260717T200000Z-s31,HOODUSDT,R,31,HOODUSDT-nyse_20260717T200000Z,R:HOODUSDT:2026-07:31,2026-07-20T21:45:00+00:00,2026-07-23T07:45:00+00:00,2026-07-20T21:45:00+00:00,2026-07-21T00:44:59.999000+00:00,2026-07-21T00:45:00+00:00,2026-07-23T07:44:59.999000+00:00,242340,245820,3480,180,3300,3480.0,2026-07,DESCRIPTIVE_ONLY,LISTING_AFTER_30_DAYS,READY,,0
HOODUSDT-R-HOODUSDT-nyse_20260717T200000Z-s59,HOODUSDT,R,59,HOODUSDT-nyse_20260717T200000Z,R:HOODUSDT:2026-07:59,2026-07-14T20:45:00+00:00,2026-07-17T06:45:00+00:00,2026-07-14T20:45:00+00:00,2026-07-14T23:44:59.999000+00:00,2026-07-14T23:45:00+00:00,2026-07-17T06:44:59.999000+00:00,233640,237120,3480,180,3300,3480.0,2026-07,DESCRIPTIVE_ONLY,LISTING_AFTER_30_DAYS,READY,,0
HOODUSDT-R-HOODUSDT-nyse_20260717T200000Z-s97,HOODUSDT,R,97,HOODUSDT-nyse_20260717T200000Z,R:HOODUSDT:2026-07:97,2026-07-07T19:45:00+00:00,2026-07-10T05:45:00+00:00,2026-07-07T19:45:00+00:00,2026-07-07T22:44:59.999000+00:00,2026-07-07T22:45:00+00:00,2026-07-10T05:44:59.999000+00:00,223500,226980,3480,180,3300,3480.0,2026-07,DESCRIPTIVE_ONLY,LISTING_AFTER_30_DAYS,READY,,0
INTCUSDT-nyse_20260206T210000Z,INTCUSDT,W,,,NYSE:2026-02-06T21:00:00+00:00:2026-02-09T07:00:00+00:00,2026-02-06T21:00:00+00:00,2026-02-09T07:00:00+00:00,2026-02-06T21:00:00+00:00,2026-02-06T23:59:59.999000+00:00,2026-02-07T00:00:00+00:00,2026-02-09T06:59:59.999000+00:00,6150,9630,3480,180,3300,3480.0,2026-02,DESCRIPTIVE_ONLY,LISTING_DAYS_1_14,READY,,0
INTCUSDT-nyse_20260213T210000Z,INTCUSDT,W,,,NYSE:2026-02-13T21:00:00+00:00:2026-02-17T07:00:00+00:00,2026-02-13T21:00:00+00:00,2026-02-17T07:00:00+00:00,2026-02-13T21:00:00+00:00,2026-02-13T23:59:59.999000+00:00,2026-02-14T00:00:00+00:00,2026-02-17T06:59:59.999000+00:00,16230,21150,4920,180,4740,4920.0,2026-02,DESCRIPTIVE_ONLY,LISTING_DAYS_1_14,READY,,0
INTCUSDT-nyse_20260220T210000Z,INTCUSDT,W,,,NYSE:2026-02-20T21:00:00+00:00:2026-02-23T07:00:00+00:00,2026-02-20T21:00:00+00:00,2026-02-23T07:00:00+00:00,2026-02-20T21:00:00+00:00,2026-02-20T23:59:59.999000+00:00,2026-02-21T00:00:00+00:00,2026-02-23T06:59:59.999000+00:00,26310,29790,3480,180,3300,3480.0,2026-02,DESCRIPTIVE_ONLY,LISTING_DAYS_15_30,READY,,0
INTCUSDT-nyse_20260227T210000Z,INTCUSDT,W,,,NYSE:2026-02-27T21:00:00+00:00:2026-03-02T07:00:00+00:00,2026-02-27T21:00:00+00:00,2026-03-02T07:00:00+00:00,2026-02-27T21:00:00+00:00,2026-02-27T23:59:59.999000+00:00,2026-02-28T00:00:00+00:00,2026-03-02T06:59:59.999000+00:00,36390,39870,3480,180,3300,3480.0,2026-02,DESCRIPTIVE_ONLY,LISTING_DAYS_15_30,READY,,0
INTCUSDT-nyse_20260306T210000Z,INTCUSDT,W,,,NYSE:2026-03-06T21:00:00+00:00:2026-03-09T06:00:00+00:00,2026-03-06T21:00:00+00:00,2026-03-09T06:00:00+00:00,2026-03-06T21:00:00+00:00,2026-03-06T23:59:59.999000+00:00,2026-03-07T00:00:00+00:00,2026-03-09T05:59:59.999000+00:00,46470,49890,3420,180,3240,3420.0,2026-03,RESEARCH_DEVELOPMENT,LISTING_AFTER_30_DAYS,READY,,0
INTCUSDT-nyse_20260313T200000Z,INTCUSDT,W,,,NYSE:2026-03-13T20:00:00+00:00:2026-03-16T06:00:00+00:00,2026-03-13T20:00:00+00:00,2026-03-16T06:00:00+00:00,2026-03-13T20:00:00+00:00,2026-03-13T22:59:59.999000+00:00,2026-03-13T23:00:00+00:00,2026-03-16T05:59:59.999000+00:00,56490,59970,3480,180,3300,3480.0,2026-03,RESEARCH_DEVELOPMENT,LISTING_AFTER_30_DAYS,READY,,0
INTCUSDT-nyse_20260320T200000Z,INTCUSDT,W,,,NYSE:2026-03-20T20:00:00+00:00:2026-03-23T06:00:00+00:00,2026-03-20T20:00:00+00:00,2026-03-23T06:00:00+00:00,2026-03-20T20:00:00+00:00,2026-03-20T22:59:59.999000+00:00,2026-03-20T23:00:00+00:00,2026-03-23T05:59:59.999000+00:00,66570,70050,3480,180,3300,3480.0,2026-03,RESEARCH_DEVELOPMENT,LISTING_AFTER_30_DAYS,READY,,0
INTCUSDT-nyse_20260327T200000Z,INTCUSDT,W,,,NYSE:2026-03-27T20:00:00+00:00:2026-03-30T06:00:00+00:00,2026-03-27T20:00:00+00:00,2026-03-30T06:00:00+00:00,2026-03-27T20:00:00+00:00,2026-03-27T22:59:59.999000+00:00,2026-03-27T23:00:00+00:00,2026-03-30T05:59:59.999000+00:00,76650,80130,3480,180,3300,3480.0,2026-03,RESEARCH_DEVELOPMENT,LISTING_AFTER_30_DAYS,READY,,0
INTCUSDT-nyse_20260402T200000Z,INTCUSDT,W,,,NYSE:2026-04-02T20:00:00+00:00:2026-04-06T06:00:00+00:00,2026-04-02T20:00:00+00:00,2026-04-06T06:00:00+00:00,2026-04-02T20:00:00+00:00,2026-04-02T22:59:59.999000+00:00,2026-04-02T23:00:00+00:00,2026-04-06T05:59:59.999000+00:00,85290,90210,4920,180,4740,4920.0,2026-04,RESEARCH_DEVELOPMENT,LISTING_AFTER_30_DAYS,READY,,0
INTCUSDT-nyse_20260410T200000Z,INTCUSDT,W,,,NYSE:2026-04-10T20:00:00+00:00:2026-04-13T06:00:00+00:00,2026-04-10T20:00:00+00:00,2026-04-13T06:00:00+00:00,2026-04-10T20:00:00+00:00,2026-04-10T22:59:59.999000+00:00,2026-04-10T23:00:00+00:00,2026-04-13T05:59:59.999000+00:00,96810,100290,3480,180,3300,3480.0,2026-04,RESEARCH_DEVELOPMENT,LISTING_AFTER_30_DAYS,READY,,0
INTCUSDT-nyse_20260417T200000Z,INTCUSDT,W,,,NYSE:2026-04-17T20:00:00+00:00:2026-04-20T06:00:00+00:00,2026-04-17T20:00:00+00:00,2026-04-20T06:00:00+00:00,2026-04-17T20:00:00+00:00,2026-04-17T22:59:59.999000+00:00,2026-04-17T23:00:00+00:00,2026-04-20T05:59:59.999000+00:00,106890,110370,3480,180,3300,3480.0,2026-04,RESEARCH_DEVELOPMENT,LISTING_AFTER_30_DAYS,READY,,0
INTCUSDT-nyse_20260424T200000Z,INTCUSDT,W,,,NYSE:2026-04-24T20:00:00+00:00:2026-04-27T06:00:00+00:00,2026-04-24T20:00:00+00:00,2026-04-27T06:00:00+00:00,2026-04-24T20:00:00+00:00,2026-04-24T22:59:59.999000+00:00,2026-04-24T23:00:00+00:00,2026-04-27T05:59:59.999000+00:00,116970,120450,3480,180,3300,3480.0,2026-04,RESEARCH_DEVELOPMENT,LISTING_AFTER_30_DAYS,READY,,0
INTCUSDT-nyse_20260501T200000Z,INTCUSDT,W,,,NYSE:2026-05-01T20:00:00+00:00:2026-05-04T06:00:00+00:00,2026-05-01T20:00:00+00:00,2026-05-04T06:00:00+00:00,2026-05-01T20:00:00+00:00,2026-05-01T22:59:59.999000+00:00,2026-05-01T23:00:00+00:00,2026-05-04T05:59:59.999000+00:00,127050,130530,3480,180,3300,3480.0,2026-05,RESEARCH_DEVELOPMENT,LISTING_AFTER_30_DAYS,READY,,0
INTCUSDT-nyse_20260508T200000Z,INTCUSDT,W,,,NYSE:2026-05-08T20:00:00+00:00:2026-05-11T06:00:00+00:00,2026-05-08T20:00:00+00:00,2026-05-11T06:00:00+00:00,2026-05-08T20:00:00+00:00,2026-05-08T22:59:59.999000+00:00,2026-05-08T23:00:00+00:00,2026-05-11T05:59:59.999000+00:00,137130,140610,3480,180,3300,3480.0,2026-05,RESEARCH_DEVELOPMENT,LISTING_AFTER_30_DAYS,READY,,0
INTCUSDT-nyse_20260515T200000Z,INTCUSDT,W,,,NYSE:2026-05-15T20:00:00+00:00:2026-05-18T06:00:00+00:00,2026-05-15T20:00:00+00:00,2026-05-18T06:00:00+00:00,2026-05-15T20:00:00+00:00,2026-05-15T22:59:59.999000+00:00,2026-05-15T23:00:00+00:00,2026-05-18T05:59:59.999000+00:00,147210,150690,3480,180,3300,3480.0,2026-05,RESEARCH_DEVELOPMENT,LISTING_AFTER_30_DAYS,READY,,0
INTCUSDT-nyse_20260522T200000Z,INTCUSDT,W,,,NYSE:2026-05-22T20:00:00+00:00:2026-05-26T06:00:00+00:00,2026-05-22T20:00:00+00:00,2026-05-26T06:00:00+00:00,2026-05-22T20:00:00+00:00,2026-05-22T22:59:59.999000+00:00,2026-05-22T23:00:00+00:00,2026-05-26T05:59:59.999000+00:00,157290,162210,4920,180,4740,4920.0,2026-05,RESEARCH_DEVELOPMENT,LISTING_AFTER_30_DAYS,READY,,0
INTCUSDT-nyse_20260529T200000Z,INTCUSDT,W,,,NYSE:2026-05-29T20:00:00+00:00:2026-06-01T06:00:00+00:00,2026-05-29T20:00:00+00:00,2026-06-01T06:00:00+00:00,2026-05-29T20:00:00+00:00,2026-05-29T22:59:59.999000+00:00,2026-05-29T23:00:00+00:00,2026-06-01T05:59:59.999000+00:00,167370,170850,3480,180,3300,3480.0,2026-05,RESEARCH_DEVELOPMENT,LISTING_AFTER_30_DAYS,READY,,0
INTCUSDT-nyse_20260605T200000Z,INTCUSDT,W,,,NYSE:2026-06-05T20:00:00+00:00:2026-06-08T06:00:00+00:00,2026-06-05T20:00:00+00:00,2026-06-08T06:00:00+00:00,2026-06-05T20:00:00+00:00,2026-06-05T22:59:59.999000+00:00,2026-06-05T23:00:00+00:00,2026-06-08T05:59:59.999000+00:00,177450,180930,3480,180,3300,3480.0,2026-06,SEALED_SHORT_OOS,LISTING_AFTER_30_DAYS,READY,,0
INTCUSDT-nyse_20260612T200000Z,INTCUSDT,W,,,NYSE:2026-06-12T20:00:00+00:00:2026-06-15T06:00:00+00:00,2026-06-12T20:00:00+00:00,2026-06-15T06:00:00+00:00,2026-06-12T20:00:00+00:00,2026-06-12T22:59:59.999000+00:00,2026-06-12T23:00:00+00:00,2026-06-15T05:59:59.999000+00:00,187530,191010,3480,180,3300,3480.0,2026-06,SEALED_SHORT_OOS,LISTING_AFTER_30_DAYS,READY,,0
INTCUSDT-nyse_20260618T200000Z,INTCUSDT,W,,,NYSE:2026-06-18T20:00:00+00:00:2026-06-22T06:00:00+00:00,2026-06-18T20:00:00+00:00,2026-06-22T06:00:00+00:00,2026-06-18T20:00:00+00:00,2026-06-18T22:59:59.999000+00:00,2026-06-18T23:00:00+00:00,2026-06-22T05:59:59.999000+00:00,196170,201090,4920,180,4740,4920.0,2026-06,SEALED_SHORT_OOS,LISTING_AFTER_30_DAYS,READY,,0
INTCUSDT-nyse_20260626T200000Z,INTCUSDT,W,,,NYSE:2026-06-26T20:00:00+00:00:2026-06-29T06:00:00+00:00,2026-06-26T20:00:00+00:00,2026-06-29T06:00:00+00:00,2026-06-26T20:00:00+00:00,2026-06-26T22:59:59.999000+00:00,2026-06-26T23:00:00+00:00,2026-06-29T05:59:59.999000+00:00,207690,211170,3480,180,3300,3480.0,2026-06,SEALED_SHORT_OOS,LISTING_AFTER_30_DAYS,READY,,0
INTCUSDT-nyse_20260702T200000Z,INTCUSDT,W,,,NYSE:2026-07-02T20:00:00+00:00:2026-07-06T06:00:00+00:00,2026-07-02T20:00:00+00:00,2026-07-06T06:00:00+00:00,2026-07-02T20:00:00+00:00,2026-07-02T22:59:59.999000+00:00,2026-07-02T23:00:00+00:00,2026-07-06T05:59:59.999000+00:00,216330,221250,4920,180,4740,4920.0,2026-07,DESCRIPTIVE_ONLY,LISTING_AFTER_30_DAYS,READY,,0
INTCUSDT-nyse_20260710T200000Z,INTCUSDT,W,,,NYSE:2026-07-10T20:00:00+00:00:2026-07-13T06:00:00+00:00,2026-07-10T20:00:00+00:00,2026-07-13T06:00:00+00:00,2026-07-10T20:00:00+00:00,2026-07-10T22:59:59.999000+00:00,2026-07-10T23:00:00+00:00,2026-07-13T05:59:59.999000+00:00,227850,231330,3480,180,3300,3480.0,2026-07,DESCRIPTIVE_ONLY,LISTING_AFTER_30_DAYS,READY,,0
INTCUSDT-nyse_20260717T200000Z,INTCUSDT,W,,,NYSE:2026-07-17T20:00:00+00:00:2026-07-20T06:00:00+00:00,2026-07-17T20:00:00+00:00,2026-07-20T06:00:00+00:00,2026-07-17T20:00:00+00:00,2026-07-17T22:59:59.999000+00:00,2026-07-17T23:00:00+00:00,2026-07-20T05:59:59.999000+00:00,237930,241410,3480,180,3300,3480.0,2026-07,DESCRIPTIVE_ONLY,LISTING_AFTER_30_DAYS,READY,,0
INTCUSDT-O-20260302T210000Z,INTCUSDT,O,,,NYSE:2026-03-02T21:00:00+00:00:2026-03-03T07:00:00+00:00,2026-03-02T21:00:00+00:00,2026-03-03T07:00:00+00:00,2026-03-02T21:00:00+00:00,2026-03-02T23:59:59.999000+00:00,2026-03-03T00:00:00+00:00,2026-03-03T06:59:59.999000+00:00,40710,41310,600,180,420,600.0,2026-03,RESEARCH_DEVELOPMENT,LISTING_DAYS_15_30,READY,,0
INTCUSDT-O-20260303T210000Z,INTCUSDT,O,,,NYSE:2026-03-03T21:00:00+00:00:2026-03-04T07:00:00+00:00,2026-03-03T21:00:00+00:00,2026-03-04T07:00:00+00:00,2026-03-03T21:00:00+00:00,2026-03-03T23:59:59.999000+00:00,2026-03-04T00:00:00+00:00,2026-03-04T06:59:59.999000+00:00,42150,42750,600,180,420,600.0,2026-03,RESEARCH_DEVELOPMENT,LISTING_DAYS_15_30,READY,,0
INTCUSDT-O-20260304T210000Z,INTCUSDT,O,,,NYSE:2026-03-04T21:00:00+00:00:2026-03-05T07:00:00+00:00,2026-03-04T21:00:00+00:00,2026-03-05T07:00:00+00:00,2026-03-04T21:00:00+00:00,2026-03-04T23:59:59.999000+00:00,2026-03-05T00:00:00+00:00,2026-03-05T06:59:59.999000+00:00,43590,44190,600,180,420,600.0,2026-03,RESEARCH_DEVELOPMENT,LISTING_AFTER_30_DAYS,READY,,0
INTCUSDT-O-20260305T210000Z,INTCUSDT,O,,,NYSE:2026-03-05T21:00:00+00:00:2026-03-06T07:00:00+00:00,2026-03-05T21:00:00+00:00,2026-03-06T07:00:00+00:00,2026-03-05T21:00:00+00:00,2026-03-05T23:59:59.999000+00:00,2026-03-06T00:00:00+00:00,2026-03-06T06:59:59.999000+00:00,45030,45630,600,180,420,600.0,2026-03,RESEARCH_DEVELOPMENT,LISTING_AFTER_30_DAYS,READY,,0
INTCUSDT-O-20260723T200000Z,INTCUSDT,O,,,NYSE:2026-07-23T20:00:00+00:00:2026-07-24T06:00:00+00:00,2026-07-23T20:00:00+00:00,2026-07-24T06:00:00+00:00,2026-07-23T20:00:00+00:00,2026-07-23T22:59:59.999000+00:00,2026-07-23T23:00:00+00:00,2026-07-23T23:59:59.999000+00:00,246570,246810,240,180,60,600.0,2026-07,DESCRIPTIVE_ONLY,LISTING_AFTER_30_DAYS,READY,,0
INTCUSDT-O-20260202T210000Z,INTCUSDT,O,,,NYSE:2026-02-02T21:00:00+00:00:2026-02-03T07:00:00+00:00,2026-02-02T21:00:00+00:00,2026-02-03T07:00:00+00:00,2026-02-02T21:00:00+00:00,2026-02-02T23:59:59.999000+00:00,2026-02-03T00:00:00+00:00,2026-02-03T06:59:59.999000+00:00,390,990,600,180,420,600.0,2026-02,DESCRIPTIVE_ONLY,LISTING_DAYS_1_14,SKIPPED,OVERLAPS_FROZEN_RANDOM_WINDOW,0
INTCUSDT-O-20260203T210000Z,INTCUSDT,O,,,NYSE:2026-02-03T21:00:00+00:00:2026-02-04T07:00:00+00:00,2026-02-03T21:00:00+00:00,2026-02-04T07:00:00+00:00,2026-02-03T21:00:00+00:00,2026-02-03T23:59:59.999000+00:00,2026-02-04T00:00:00+00:00,2026-02-04T06:59:59.999000+00:00,1830,2430,600,180,420,600.0,2026-02,DESCRIPTIVE_ONLY,LISTING_DAYS_1_14,SKIPPED,OVERLAPS_FROZEN_RANDOM_WINDOW,0
INTCUSDT-O-20260204T210000Z,INTCUSDT,O,,,NYSE:2026-02-04T21:00:00+00:00:2026-02-05T07:00:00+00:00,2026-02-04T21:00:00+00:00,2026-02-05T07:00:00+00:00,2026-02-04T21:00:00+00:00,2026-02-04T23:59:59.999000+00:00,2026-02-05T00:00:00+00:00,2026-02-05T06:59:59.999000+00:00,3270,3870,600,180,420,600.0,2026-02,DESCRIPTIVE_ONLY,LISTING_DAYS_1_14,SKIPPED,OVERLAPS_FROZEN_RANDOM_WINDOW,0
INTCUSDT-O-20260205T210000Z,INTCUSDT,O,,,NYSE:2026-02-05T21:00:00+00:00:2026-02-06T07:00:00+00:00,2026-02-05T21:00:00+00:00,2026-02-06T07:00:00+00:00,2026-02-05T21:00:00+00:00,2026-02-05T23:59:59.999000+00:00,2026-02-06T00:00:00+00:00,2026-02-06T06:59:59.999000+00:00,4710,5310,600,180,420,600.0,2026-02,DESCRIPTIVE_ONLY,LISTING_DAYS_1_14,SKIPPED,OVERLAPS_FROZEN_RANDOM_WINDOW,0
INTCUSDT-O-20260209T210000Z,INTCUSDT,O,,,NYSE:2026-02-09T21:00:00+00:00:2026-02-10T07:00:00+00:00,2026-02-09T21:00:00+00:00,2026-02-10T07:00:00+00:00,2026-02-09T21:00:00+00:00,2026-02-09T23:59:59.999000+00:00,2026-02-10T00:00:00+00:00,2026-02-10T06:59:59.999000+00:00,10470,11070,600,180,420,600.0,2026-02,DESCRIPTIVE_ONLY,LISTING_DAYS_1_14,SKIPPED,OVERLAPS_FROZEN_RANDOM_WINDOW,0
INTCUSDT-O-20260210T210000Z,INTCUSDT,O,,,NYSE:2026-02-10T21:00:00+00:00:2026-02-11T07:00:00+00:00,2026-02-10T21:00:00+00:00,2026-02-11T07:00:00+00:00,2026-02-10T21:00:00+00:00,2026-02-10T23:59:59.999000+00:00,2026-02-11T00:00:00+00:00,2026-02-11T06:59:59.999000+00:00,11910,12510,600,180,420,600.0,2026-02,DESCRIPTIVE_ONLY,LISTING_DAYS_1_14,SKIPPED,OVERLAPS_FROZEN_RANDOM_WINDOW,0
INTCUSDT-O-20260211T210000Z,INTCUSDT,O,,,NYSE:2026-02-11T21:00:00+00:00:2026-02-12T07:00:00+00:00,2026-02-11T21:00:00+00:00,2026-02-12T07:00:00+00:00,2026-02-11T21:00:00+00:00,2026-02-11T23:59:59.999000+00:00,2026-02-12T00:00:00+00:00,2026-02-12T06:59:59.999000+00:00,13350,13950,600,180,420,600.0,2026-02,DESCRIPTIVE_ONLY,LISTING_DAYS_1_14,SKIPPED,OVERLAPS_FROZEN_RANDOM_WINDOW,0
INTCUSDT-O-20260212T210000Z,INTCUSDT,O,,,NYSE:2026-02-12T21:00:00+00:00:2026-02-13T07:00:00+00:00,2026-02-12T21:00:00+00:00,2026-02-13T07:00:00+00:00,2026-02-12T21:00:00+00:00,2026-02-12T23:59:59.999000+00:00,2026-02-13T00:00:00+00:00,2026-02-13T06:59:59.999000+00:00,14790,15390,600,180,420,600.0,2026-02,DESCRIPTIVE_ONLY,LISTING_DAYS_1_14,SKIPPED,OVERLAPS_FROZEN_RANDOM_WINDOW,0
INTCUSDT-O-20260217T210000Z,INTCUSDT,O,,,NYSE:2026-02-17T21:00:00+00:00:2026-02-18T07:00:00+00:00,2026-02-17T21:00:00+00:00,2026-02-18T07:00:00+00:00,2026-02-17T21:00:00+00:00,2026-02-17T23:59:59.999000+00:00,2026-02-18T00:00:00+00:00,2026-02-18T06:59:59.999000+00:00,21990,22590,600,180,420,600.0,2026-02,DESCRIPTIVE_ONLY,LISTING_DAYS_15_30,SKIPPED,OVERLAPS_FROZEN_RANDOM_WINDOW,0
INTCUSDT-O-20260218T210000Z,INTCUSDT,O,,,NYSE:2026-02-18T21:00:00+00:00:2026-02-19T07:00:00+00:00,2026-02-18T21:00:00+00:00,2026-02-19T07:00:00+00:00,2026-02-18T21:00:00+00:00,2026-02-18T23:59:59.999000+00:00,2026-02-19T00:00:00+00:00,2026-02-19T06:59:59.999000+00:00,23430,24030,600,180,420,600.0,2026-02,DESCRIPTIVE_ONLY,LISTING_DAYS_15_30,SKIPPED,OVERLAPS_FROZEN_RANDOM_WINDOW,0
INTCUSDT-O-20260219T210000Z,INTCUSDT,O,,,NYSE:2026-02-19T21:00:00+00:00:2026-02-20T07:00:00+00:00,2026-02-19T21:00:00+00:00,2026-02-20T07:00:00+00:00,2026-02-19T21:00:00+00:00,2026-02-19T23:59:59.999000+00:00,2026-02-20T00:00:00+00:00,2026-02-20T06:59:59.999000+00:00,24870,25470,600,180,420,600.0,2026-02,DESCRIPTIVE_ONLY,LISTING_DAYS_15_30,SKIPPED,OVERLAPS_FROZEN_RANDOM_WINDOW,0
INTCUSDT-O-20260223T210000Z,INTCUSDT,O,,,NYSE:2026-02-23T21:00:00+00:00:2026-02-24T07:00:00+00:00,2026-02-23T21:00:00+00:00,2026-02-24T07:00:00+00:00,2026-02-23T21:00:00+00:00,2026-02-23T23:59:59.999000+00:00,2026-02-24T00:00:00+00:00,2026-02-24T06:59:59.999000+00:00,30630,31230,600,180,420,600.0,2026-02,DESCRIPTIVE_ONLY,LISTING_DAYS_15_30,SKIPPED,OVERLAPS_FROZEN_RANDOM_WINDOW,0
INTCUSDT-O-20260224T210000Z,INTCUSDT,O,,,NYSE:2026-02-24T21:00:00+00:00:2026-02-25T07:00:00+00:00,2026-02-24T21:00:00+00:00,2026-02-25T07:00:00+00:00,2026-02-24T21:00:00+00:00,2026-02-24T23:59:59.999000+00:00,2026-02-25T00:00:00+00:00,2026-02-25T06:59:59.999000+00:00,32070,32670,600,180,420,600.0,2026-02,DESCRIPTIVE_ONLY,LISTING_DAYS_15_30,SKIPPED,OVERLAPS_FROZEN_RANDOM_WINDOW,0
INTCUSDT-O-20260225T210000Z,INTCUSDT,O,,,NYSE:2026-02-25T21:00:00+00:00:2026-02-26T07:00:00+00:00,2026-02-25T21:00:00+00:00,2026-02-26T07:00:00+00:00,2026-02-25T21:00:00+00:00,2026-02-25T23:59:59.999000+00:00,2026-02-26T00:00:00+00:00,2026-02-26T06:59:59.999000+00:00,33510,34110,600,180,420,600.0,2026-02,DESCRIPTIVE_ONLY,LISTING_DAYS_15_30,SKIPPED,OVERLAPS_FROZEN_RANDOM_WINDOW,0
INTCUSDT-O-20260226T210000Z,INTCUSDT,O,,,NYSE:2026-02-26T21:00:00+00:00:2026-02-27T07:00:00+00:00,2026-02-26T21:00:00+00:00,2026-02-27T07:00:00+00:00,2026-02-26T21:00:00+00:00,2026-02-26T23:59:59.999000+00:00,2026-02-27T00:00:00+00:00,2026-02-27T06:59:59.999000+00:00,34950,35550,600,180,420,600.0,2026-02,DESCRIPTIVE_ONLY,LISTING_DAYS_15_30,SKIPPED,OVERLAPS_FROZEN_RANDOM_WINDOW,0
INTCUSDT-O-20260309T200000Z,INTCUSDT,O,,,NYSE:2026-03-09T20:00:00+00:00:2026-03-10T06:00:00+00:00,2026-03-09T20:00:00+00:00,2026-03-10T06:00:00+00:00,2026-03-09T20:00:00+00:00,2026-03-09T22:59:59.999000+00:00,2026-03-09T23:00:00+00:00,2026-03-10T05:59:59.999000+00:00,50730,51330,600,180,420,600.0,2026-03,RESEARCH_DEVELOPMENT,LISTING_AFTER_30_DAYS,SKIPPED,OVERLAPS_FROZEN_RANDOM_WINDOW,0
INTCUSDT-O-20260310T200000Z,INTCUSDT,O,,,NYSE:2026-03-10T20:00:00+00:00:2026-03-11T06:00:00+00:00,2026-03-10T20:00:00+00:00,2026-03-11T06:00:00+00:00,2026-03-10T20:00:00+00:00,2026-03-10T22:59:59.999000+00:00,2026-03-10T23:00:00+00:00,2026-03-11T05:59:59.999000+00:00,52170,52770,600,180,420,600.0,2026-03,RESEARCH_DEVELOPMENT,LISTING_AFTER_30_DAYS,SKIPPED,OVERLAPS_FROZEN_RANDOM_WINDOW,0
INTCUSDT-O-20260311T200000Z,INTCUSDT,O,,,NYSE:2026-03-11T20:00:00+00:00:2026-03-12T06:00:00+00:00,2026-03-11T20:00:00+00:00,2026-03-12T06:00:00+00:00,2026-03-11T20:00:00+00:00,2026-03-11T22:59:59.999000+00:00,2026-03-11T23:00:00+00:00,2026-03-12T05:59:59.999000+00:00,53610,54210,600,180,420,600.0,2026-03,RESEARCH_DEVELOPMENT,LISTING_AFTER_30_DAYS,SKIPPED,OVERLAPS_FROZEN_RANDOM_WINDOW,0
INTCUSDT-O-20260312T200000Z,INTCUSDT,O,,,NYSE:2026-03-12T20:00:00+00:00:2026-03-13T06:00:00+00:00,2026-03-12T20:00:00+00:00,2026-03-13T06:00:00+00:00,2026-03-12T20:00:00+00:00,2026-03-12T22:59:59.999000+00:00,2026-03-12T23:00:00+00:00,2026-03-13T05:59:59.999000+00:00,55050,55650,600,180,420,600.0,2026-03,RESEARCH_DEVELOPMENT,LISTING_AFTER_30_DAYS,SKIPPED,OVERLAPS_FROZEN_RANDOM_WINDOW,0
INTCUSDT-O-20260316T200000Z,INTCUSDT,O,,,NYSE:2026-03-16T20:00:00+00:00:2026-03-17T06:00:00+00:00,2026-03-16T20:00:00+00:00,2026-03-17T06:00:00+00:00,2026-03-16T20:00:00+00:00,2026-03-16T22:59:59.999000+00:00,2026-03-16T23:00:00+00:00,2026-03-17T05:59:59.999000+00:00,60810,61410,600,180,420,600.0,2026-03,RESEARCH_DEVELOPMENT,LISTING_AFTER_30_DAYS,SKIPPED,OVERLAPS_FROZEN_RANDOM_WINDOW,0
INTCUSDT-O-20260317T200000Z,INTCUSDT,O,,,NYSE:2026-03-17T20:00:00+00:00:2026-03-18T06:00:00+00:00,2026-03-17T20:00:00+00:00,2026-03-18T06:00:00+00:00,2026-03-17T20:00:00+00:00,2026-03-17T22:59:59.999000+00:00,2026-03-17T23:00:00+00:00,2026-03-18T05:59:59.999000+00:00,62250,62850,600,180,420,600.0,2026-03,RESEARCH_DEVELOPMENT,LISTING_AFTER_30_DAYS,SKIPPED,OVERLAPS_FROZEN_RANDOM_WINDOW,0
INTCUSDT-O-20260318T200000Z,INTCUSDT,O,,,NYSE:2026-03-18T20:00:00+00:00:2026-03-19T06:00:00+00:00,2026-03-18T20:00:00+00:00,2026-03-19T06:00:00+00:00,2026-03-18T20:00:00+00:00,2026-03-18T22:59:59.999000+00:00,2026-03-18T23:00:00+00:00,2026-03-19T05:59:59.999000+00:00,63690,64290,600,180,420,600.0,2026-03,RESEARCH_DEVELOPMENT,LISTING_AFTER_30_DAYS,SKIPPED,OVERLAPS_FROZEN_RANDOM_WINDOW,0
INTCUSDT-O-20260319T200000Z,INTCUSDT,O,,,NYSE:2026-03-19T20:00:00+00:00:2026-03-20T06:00:00+00:00,2026-03-19T20:00:00+00:00,2026-03-20T06:00:00+00:00,2026-03-19T20:00:00+00:00,2026-03-19T22:59:59.999000+00:00,2026-03-19T23:00:00+00:00,2026-03-20T05:59:59.999000+00:00,65130,65730,600,180,420,600.0,2026-03,RESEARCH_DEVELOPMENT,LISTING_AFTER_30_DAYS,SKIPPED,OVERLAPS_FROZEN_RANDOM_WINDOW,0
INTCUSDT-O-20260323T200000Z,INTCUSDT,O,,,NYSE:2026-03-23T20:00:00+00:00:2026-03-24T06:00:00+00:00,2026-03-23T20:00:00+00:00,2026-03-24T06:00:00+00:00,2026-03-23T20:00:00+00:00,2026-03-23T22:59:59.999000+00:00,2026-03-23T23:00:00+00:00,2026-03-24T05:59:59.999000+00:00,70890,71490,600,180,420,600.0,2026-03,RESEARCH_DEVELOPMENT,LISTING_AFTER_30_DAYS,SKIPPED,OVERLAPS_FROZEN_RANDOM_WINDOW,0
INTCUSDT-O-20260324T200000Z,INTCUSDT,O,,,NYSE:2026-03-24T20:00:00+00:00:2026-03-25T06:00:00+00:00,2026-03-24T20:00:00+00:00,2026-03-25T06:00:00+00:00,2026-03-24T20:00:00+00:00,2026-03-24T22:59:59.999000+00:00,2026-03-24T23:00:00+00:00,2026-03-25T05:59:59.999000+00:00,72330,72930,600,180,420,600.0,2026-03,RESEARCH_DEVELOPMENT,LISTING_AFTER_30_DAYS,SKIPPED,OVERLAPS_FROZEN_RANDOM_WINDOW,0
INTCUSDT-O-20260325T200000Z,INTCUSDT,O,,,NYSE:2026-03-25T20:00:00+00:00:2026-03-26T06:00:00+00:00,2026-03-25T20:00:00+00:00,2026-03-26T06:00:00+00:00,2026-03-25T20:00:00+00:00,2026-03-25T22:59:59.999000+00:00,2026-03-25T23:00:00+00:00,2026-03-26T05:59:59.999000+00:00,73770,74370,600,180,420,600.0,2026-03,RESEARCH_DEVELOPMENT,LISTING_AFTER_30_DAYS,SKIPPED,OVERLAPS_FROZEN_RANDOM_WINDOW,0
INTCUSDT-O-20260326T200000Z,INTCUSDT,O,,,NYSE:2026-03-26T20:00:00+00:00:2026-03-27T06:00:00+00:00,2026-03-26T20:00:00+00:00,2026-03-27T06:00:00+00:00,2026-03-26T20:00:00+00:00,2026-03-26T22:59:59.999000+00:00,2026-03-26T23:00:00+00:00,2026-03-27T05:59:59.999000+00:00,75210,75810,600,180,420,600.0,2026-03,RESEARCH_DEVELOPMENT,LISTING_AFTER_30_DAYS,SKIPPED,OVERLAPS_FROZEN_RANDOM_WINDOW,0
INTCUSDT-O-20260330T200000Z,INTCUSDT,O,,,NYSE:2026-03-30T20:00:00+00:00:2026-03-31T06:00:00+00:00,2026-03-30T20:00:00+00:00,2026-03-31T06:00:00+00:00,2026-03-30T20:00:00+00:00,2026-03-30T22:59:59.999000+00:00,2026-03-30T23:00:00+00:00,2026-03-31T05:59:59.999000+00:00,80970,81570,600,180,420,600.0,2026-03,RESEARCH_DEVELOPMENT,LISTING_AFTER_30_DAYS,SKIPPED,OVERLAPS_FROZEN_RANDOM_WINDOW,0
INTCUSDT-O-20260331T200000Z,INTCUSDT,O,,,NYSE:2026-03-31T20:00:00+00:00:2026-04-01T06:00:00+00:00,2026-03-31T20:00:00+00:00,2026-04-01T06:00:00+00:00,2026-03-31T20:00:00+00:00,2026-03-31T22:59:59.999000+00:00,2026-03-31T23:00:00+00:00,2026-04-01T05:59:59.999000+00:00,82410,83010,600,180,420,600.0,2026-03,RESEARCH_DEVELOPMENT,LISTING_AFTER_30_DAYS,SKIPPED,OVERLAPS_FROZEN_RANDOM_WINDOW,0
INTCUSDT-O-20260401T200000Z,INTCUSDT,O,,,NYSE:2026-04-01T20:00:00+00:00:2026-04-02T06:00:00+00:00,2026-04-01T20:00:00+00:00,2026-04-02T06:00:00+00:00,2026-04-01T20:00:00+00:00,2026-04-01T22:59:59.999000+00:00,2026-04-01T23:00:00+00:00,2026-04-02T05:59:59.999000+00:00,83850,84450,600,180,420,600.0,2026-04,RESEARCH_DEVELOPMENT,LISTING_AFTER_30_DAYS,SKIPPED,OVERLAPS_FROZEN_RANDOM_WINDOW,0
INTCUSDT-O-20260406T200000Z,INTCUSDT,O,,,NYSE:2026-04-06T20:00:00+00:00:2026-04-07T06:00:00+00:00,2026-04-06T20:00:00+00:00,2026-04-07T06:00:00+00:00,2026-04-06T20:00:00+00:00,2026-04-06T22:59:59.999000+00:00,2026-04-06T23:00:00+00:00,2026-04-07T05:59:59.999000+00:00,91050,91650,600,180,420,600.0,2026-04,RESEARCH_DEVELOPMENT,LISTING_AFTER_30_DAYS,SKIPPED,OVERLAPS_FROZEN_RANDOM_WINDOW,0
INTCUSDT-O-20260407T200000Z,INTCUSDT,O,,,NYSE:2026-04-07T20:00:00+00:00:2026-04-08T06:00:00+00:00,2026-04-07T20:00:00+00:00,2026-04-08T06:00:00+00:00,2026-04-07T20:00:00+00:00,2026-04-07T22:59:59.999000+00:00,2026-04-07T23:00:00+00:00,2026-04-08T05:59:59.999000+00:00,92490,93090,600,180,420,600.0,2026-04,RESEARCH_DEVELOPMENT,LISTING_AFTER_30_DAYS,SKIPPED,OVERLAPS_FROZEN_RANDOM_WINDOW,0
INTCUSDT-O-20260408T200000Z,INTCUSDT,O,,,NYSE:2026-04-08T20:00:00+00:00:2026-04-09T06:00:00+00:00,2026-04-08T20:00:00+00:00,2026-04-09T06:00:00+00:00,2026-04-08T20:00:00+00:00,2026-04-08T22:59:59.999000+00:00,2026-04-08T23:00:00+00:00,2026-04-09T05:59:59.999000+00:00,93930,94530,600,180,420,600.0,2026-04,RESEARCH_DEVELOPMENT,LISTING_AFTER_30_DAYS,SKIPPED,OVERLAPS_FROZEN_RANDOM_WINDOW,0
INTCUSDT-O-20260409T200000Z,INTCUSDT,O,,,NYSE:2026-04-09T20:00:00+00:00:2026-04-10T06:00:00+00:00,2026-04-09T20:00:00+00:00,2026-04-10T06:00:00+00:00,2026-04-09T20:00:00+00:00,2026-04-09T22:59:59.999000+00:00,2026-04-09T23:00:00+00:00,2026-04-10T05:59:59.999000+00:00,95370,95970,600,180,420,600.0,2026-04,RESEARCH_DEVELOPMENT,LISTING_AFTER_30_DAYS,SKIPPED,OVERLAPS_FROZEN_RANDOM_WINDOW,0
INTCUSDT-O-20260413T200000Z,INTCUSDT,O,,,NYSE:2026-04-13T20:00:00+00:00:2026-04-14T06:00:00+00:00,2026-04-13T20:00:00+00:00,2026-04-14T06:00:00+00:00,2026-04-13T20:00:00+00:00,2026-04-13T22:59:59.999000+00:00,2026-04-13T23:00:00+00:00,2026-04-14T05:59:59.999000+00:00,101130,101730,600,180,420,600.0,2026-04,RESEARCH_DEVELOPMENT,LISTING_AFTER_30_DAYS,SKIPPED,OVERLAPS_FROZEN_RANDOM_WINDOW,0
INTCUSDT-O-20260414T200000Z,INTCUSDT,O,,,NYSE:2026-04-14T20:00:00+00:00:2026-04-15T06:00:00+00:00,2026-04-14T20:00:00+00:00,2026-04-15T06:00:00+00:00,2026-04-14T20:00:00+00:00,2026-04-14T22:59:59.999000+00:00,2026-04-14T23:00:00+00:00,2026-04-15T05:59:59.999000+00:00,102570,103170,600,180,420,600.0,2026-04,RESEARCH_DEVELOPMENT,LISTING_AFTER_30_DAYS,SKIPPED,OVERLAPS_FROZEN_RANDOM_WINDOW,0
INTCUSDT-O-20260415T200000Z,INTCUSDT,O,,,NYSE:2026-04-15T20:00:00+00:00:2026-04-16T06:00:00+00:00,2026-04-15T20:00:00+00:00,2026-04-16T06:00:00+00:00,2026-04-15T20:00:00+00:00,2026-04-15T22:59:59.999000+00:00,2026-04-15T23:00:00+00:00,2026-04-16T05:59:59.999000+00:00,104010,104610,600,180,420,600.0,2026-04,RESEARCH_DEVELOPMENT,LISTING_AFTER_30_DAYS,SKIPPED,OVERLAPS_FROZEN_RANDOM_WINDOW,0
INTCUSDT-O-20260416T200000Z,INTCUSDT,O,,,NYSE:2026-04-16T20:00:00+00:00:2026-04-17T06:00:00+00:00,2026-04-16T20:00:00+00:00,2026-04-17T06:00:00+00:00,2026-04-16T20:00:00+00:00,2026-04-16T22:59:59.999000+00:00,2026-04-16T23:00:00+00:00,2026-04-17T05:59:59.999000+00:00,105450,106050,600,180,420,600.0,2026-04,RESEARCH_DEVELOPMENT,LISTING_AFTER_30_DAYS,SKIPPED,OVERLAPS_FROZEN_RANDOM_WINDOW,0
INTCUSDT-O-20260420T200000Z,INTCUSDT,O,,,NYSE:2026-04-20T20:00:00+00:00:2026-04-21T06:00:00+00:00,2026-04-20T20:00:00+00:00,2026-04-21T06:00:00+00:00,2026-04-20T20:00:00+00:00,2026-04-20T22:59:59.999000+00:00,2026-04-20T23:00:00+00:00,2026-04-21T05:59:59.999000+00:00,111210,111810,600,180,420,600.0,2026-04,RESEARCH_DEVELOPMENT,LISTING_AFTER_30_DAYS,SKIPPED,OVERLAPS_FROZEN_RANDOM_WINDOW,0
INTCUSDT-O-20260421T200000Z,INTCUSDT,O,,,NYSE:2026-04-21T20:00:00+00:00:2026-04-22T06:00:00+00:00,2026-04-21T20:00:00+00:00,2026-04-22T06:00:00+00:00,2026-04-21T20:00:00+00:00,2026-04-21T22:59:59.999000+00:00,2026-04-21T23:00:00+00:00,2026-04-22T05:59:59.999000+00:00,112650,113250,600,180,420,600.0,2026-04,RESEARCH_DEVELOPMENT,LISTING_AFTER_30_DAYS,SKIPPED,OVERLAPS_FROZEN_RANDOM_WINDOW,0
INTCUSDT-O-20260422T200000Z,INTCUSDT,O,,,NYSE:2026-04-22T20:00:00+00:00:2026-04-23T06:00:00+00:00,2026-04-22T20:00:00+00:00,2026-04-23T06:00:00+00:00,2026-04-22T20:00:00+00:00,2026-04-22T22:59:59.999000+00:00,2026-04-22T23:00:00+00:00,2026-04-23T05:59:59.999000+00:00,114090,114690,600,180,420,600.0,2026-04,RESEARCH_DEVELOPMENT,LISTING_AFTER_30_DAYS,SKIPPED,OVERLAPS_FROZEN_RANDOM_WINDOW,0
INTCUSDT-O-20260423T200000Z,INTCUSDT,O,,,NYSE:2026-04-23T20:00:00+00:00:2026-04-24T06:00:00+00:00,2026-04-23T20:00:00+00:00,2026-04-24T06:00:00+00:00,2026-04-23T20:00:00+00:00,2026-04-23T22:59:59.999000+00:00,2026-04-23T23:00:00+00:00,2026-04-24T05:59:59.999000+00:00,115530,116130,600,180,420,600.0,2026-04,RESEARCH_DEVELOPMENT,LISTING_AFTER_30_DAYS,SKIPPED,OVERLAPS_FROZEN_RANDOM_WINDOW,0
INTCUSDT-O-20260427T200000Z,INTCUSDT,O,,,NYSE:2026-04-27T20:00:00+00:00:2026-04-28T06:00:00+00:00,2026-04-27T20:00:00+00:00,2026-04-28T06:00:00+00:00,2026-04-27T20:00:00+00:00,2026-04-27T22:59:59.999000+00:00,2026-04-27T23:00:00+00:00,2026-04-28T05:59:59.999000+00:00,121290,121890,600,180,420,600.0,2026-04,RESEARCH_DEVELOPMENT,LISTING_AFTER_30_DAYS,SKIPPED,OVERLAPS_FROZEN_RANDOM_WINDOW,0
INTCUSDT-O-20260428T200000Z,INTCUSDT,O,,,NYSE:2026-04-28T20:00:00+00:00:2026-04-29T06:00:00+00:00,2026-04-28T20:00:00+00:00,2026-04-29T06:00:00+00:00,2026-04-28T20:00:00+00:00,2026-04-28T22:59:59.999000+00:00,2026-04-28T23:00:00+00:00,2026-04-29T05:59:59.999000+00:00,122730,123330,600,180,420,600.0,2026-04,RESEARCH_DEVELOPMENT,LISTING_AFTER_30_DAYS,SKIPPED,OVERLAPS_FROZEN_RANDOM_WINDOW,0
INTCUSDT-O-20260429T200000Z,INTCUSDT,O,,,NYSE:2026-04-29T20:00:00+00:00:2026-04-30T06:00:00+00:00,2026-04-29T20:00:00+00:00,2026-04-30T06:00:00+00:00,2026-04-29T20:00:00+00:00,2026-04-29T22:59:59.999000+00:00,2026-04-29T23:00:00+00:00,2026-04-30T05:59:59.999000+00:00,124170,124770,600,180,420,600.0,2026-04,RESEARCH_DEVELOPMENT,LISTING_AFTER_30_DAYS,SKIPPED,OVERLAPS_FROZEN_RANDOM_WINDOW,0
INTCUSDT-O-20260430T200000Z,INTCUSDT,O,,,NYSE:2026-04-30T20:00:00+00:00:2026-05-01T06:00:00+00:00,2026-04-30T20:00:00+00:00,2026-05-01T06:00:00+00:00,2026-04-30T20:00:00+00:00,2026-04-30T22:59:59.999000+00:00,2026-04-30T23:00:00+00:00,2026-05-01T05:59:59.999000+00:00,125610,126210,600,180,420,600.0,2026-04,RESEARCH_DEVELOPMENT,LISTING_AFTER_30_DAYS,SKIPPED,OVERLAPS_FROZEN_RANDOM_WINDOW,0
INTCUSDT-O-20260504T200000Z,INTCUSDT,O,,,NYSE:2026-05-04T20:00:00+00:00:2026-05-05T06:00:00+00:00,2026-05-04T20:00:00+00:00,2026-05-05T06:00:00+00:00,2026-05-04T20:00:00+00:00,2026-05-04T22:59:59.999000+00:00,2026-05-04T23:00:00+00:00,2026-05-05T05:59:59.999000+00:00,131370,131970,600,180,420,600.0,2026-05,RESEARCH_DEVELOPMENT,LISTING_AFTER_30_DAYS,SKIPPED,OVERLAPS_FROZEN_RANDOM_WINDOW,0
INTCUSDT-O-20260505T200000Z,INTCUSDT,O,,,NYSE:2026-05-05T20:00:00+00:00:2026-05-06T06:00:00+00:00,2026-05-05T20:00:00+00:00,2026-05-06T06:00:00+00:00,2026-05-05T20:00:00+00:00,2026-05-05T22:59:59.999000+00:00,2026-05-05T23:00:00+00:00,2026-05-06T05:59:59.999000+00:00,132810,133410,600,180,420,600.0,2026-05,RESEARCH_DEVELOPMENT,LISTING_AFTER_30_DAYS,SKIPPED,OVERLAPS_FROZEN_RANDOM_WINDOW,0
INTCUSDT-O-20260506T200000Z,INTCUSDT,O,,,NYSE:2026-05-06T20:00:00+00:00:2026-05-07T06:00:00+00:00,2026-05-06T20:00:00+00:00,2026-05-07T06:00:00+00:00,2026-05-06T20:00:00+00:00,2026-05-06T22:59:59.999000+00:00,2026-05-06T23:00:00+00:00,2026-05-07T05:59:59.999000+00:00,134250,134850,600,180,420,600.0,2026-05,RESEARCH_DEVELOPMENT,LISTING_AFTER_30_DAYS,SKIPPED,OVERLAPS_FROZEN_RANDOM_WINDOW,0
INTCUSDT-O-20260507T200000Z,INTCUSDT,O,,,NYSE:2026-05-07T20:00:00+00:00:2026-05-08T06:00:00+00:00,2026-05-07T20:00:00+00:00,2026-05-08T06:00:00+00:00,2026-05-07T20:00:00+00:00,2026-05-07T22:59:59.999000+00:00,2026-05-07T23:00:00+00:00,2026-05-08T05:59:59.999000+00:00,135690,136290,600,180,420,600.0,2026-05,RESEARCH_DEVELOPMENT,LISTING_AFTER_30_DAYS,SKIPPED,OVERLAPS_FROZEN_RANDOM_WINDOW,0
INTCUSDT-O-20260511T200000Z,INTCUSDT,O,,,NYSE:2026-05-11T20:00:00+00:00:2026-05-12T06:00:00+00:00,2026-05-11T20:00:00+00:00,2026-05-12T06:00:00+00:00,2026-05-11T20:00:00+00:00,2026-05-11T22:59:59.999000+00:00,2026-05-11T23:00:00+00:00,2026-05-12T05:59:59.999000+00:00,141450,142050,600,180,420,600.0,2026-05,RESEARCH_DEVELOPMENT,LISTING_AFTER_30_DAYS,SKIPPED,OVERLAPS_FROZEN_RANDOM_WINDOW,0
INTCUSDT-O-20260512T200000Z,INTCUSDT,O,,,NYSE:2026-05-12T20:00:00+00:00:2026-05-13T06:00:00+00:00,2026-05-12T20:00:00+00:00,2026-05-13T06:00:00+00:00,2026-05-12T20:00:00+00:00,2026-05-12T22:59:59.999000+00:00,2026-05-12T23:00:00+00:00,2026-05-13T05:59:59.999000+00:00,142890,143490,600,180,420,600.0,2026-05,RESEARCH_DEVELOPMENT,LISTING_AFTER_30_DAYS,SKIPPED,OVERLAPS_FROZEN_RANDOM_WINDOW,0
INTCUSDT-O-20260513T200000Z,INTCUSDT,O,,,NYSE:2026-05-13T20:00:00+00:00:2026-05-14T06:00:00+00:00,2026-05-13T20:00:00+00:00,2026-05-14T06:00:00+00:00,2026-05-13T20:00:00+00:00,2026-05-13T22:59:59.999000+00:00,2026-05-13T23:00:00+00:00,2026-05-14T05:59:59.999000+00:00,144330,144930,600,180,420,600.0,2026-05,RESEARCH_DEVELOPMENT,LISTING_AFTER_30_DAYS,SKIPPED,OVERLAPS_FROZEN_RANDOM_WINDOW,0
INTCUSDT-O-20260514T200000Z,INTCUSDT,O,,,NYSE:2026-05-14T20:00:00+00:00:2026-05-15T06:00:00+00:00,2026-05-14T20:00:00+00:00,2026-05-15T06:00:00+00:00,2026-05-14T20:00:00+00:00,2026-05-14T22:59:59.999000+00:00,2026-05-14T23:00:00+00:00,2026-05-15T05:59:59.999000+00:00,145770,146370,600,180,420,600.0,2026-05,RESEARCH_DEVELOPMENT,LISTING_AFTER_30_DAYS,SKIPPED,OVERLAPS_FROZEN_RANDOM_WINDOW,0
INTCUSDT-O-20260518T200000Z,INTCUSDT,O,,,NYSE:2026-05-18T20:00:00+00:00:2026-05-19T06:00:00+00:00,2026-05-18T20:00:00+00:00,2026-05-19T06:00:00+00:00,2026-05-18T20:00:00+00:00,2026-05-18T22:59:59.999000+00:00,2026-05-18T23:00:00+00:00,2026-05-19T05:59:59.999000+00:00,151530,152130,600,180,420,600.0,2026-05,RESEARCH_DEVELOPMENT,LISTING_AFTER_30_DAYS,SKIPPED,OVERLAPS_FROZEN_RANDOM_WINDOW,0
INTCUSDT-O-20260519T200000Z,INTCUSDT,O,,,NYSE:2026-05-19T20:00:00+00:00:2026-05-20T06:00:00+00:00,2026-05-19T20:00:00+00:00,2026-05-20T06:00:00+00:00,2026-05-19T20:00:00+00:00,2026-05-19T22:59:59.999000+00:00,2026-05-19T23:00:00+00:00,2026-05-20T05:59:59.999000+00:00,152970,153570,600,180,420,600.0,2026-05,RESEARCH_DEVELOPMENT,LISTING_AFTER_30_DAYS,SKIPPED,OVERLAPS_FROZEN_RANDOM_WINDOW,0
INTCUSDT-O-20260520T200000Z,INTCUSDT,O,,,NYSE:2026-05-20T20:00:00+00:00:2026-05-21T06:00:00+00:00,2026-05-20T20:00:00+00:00,2026-05-21T06:00:00+00:00,2026-05-20T20:00:00+00:00,2026-05-20T22:59:59.999000+00:00,2026-05-20T23:00:00+00:00,2026-05-21T05:59:59.999000+00:00,154410,155010,600,180,420,600.0,2026-05,RESEARCH_DEVELOPMENT,LISTING_AFTER_30_DAYS,SKIPPED,OVERLAPS_FROZEN_RANDOM_WINDOW,0
INTCUSDT-O-20260521T200000Z,INTCUSDT,O,,,NYSE:2026-05-21T20:00:00+00:00:2026-05-22T06:00:00+00:00,2026-05-21T20:00:00+00:00,2026-05-22T06:00:00+00:00,2026-05-21T20:00:00+00:00,2026-05-21T22:59:59.999000+00:00,2026-05-21T23:00:00+00:00,2026-05-22T05:59:59.999000+00:00,155850,156450,600,180,420,600.0,2026-05,RESEARCH_DEVELOPMENT,LISTING_AFTER_30_DAYS,SKIPPED,OVERLAPS_FROZEN_RANDOM_WINDOW,0
INTCUSDT-O-20260526T200000Z,INTCUSDT,O,,,NYSE:2026-05-26T20:00:00+00:00:2026-05-27T06:00:00+00:00,2026-05-26T20:00:00+00:00,2026-05-27T06:00:00+00:00,2026-05-26T20:00:00+00:00,2026-05-26T22:59:59.999000+00:00,2026-05-26T23:00:00+00:00,2026-05-27T05:59:59.999000+00:00,163050,163650,600,180,420,600.0,2026-05,RESEARCH_DEVELOPMENT,LISTING_AFTER_30_DAYS,SKIPPED,OVERLAPS_FROZEN_RANDOM_WINDOW,0
INTCUSDT-O-20260527T200000Z,INTCUSDT,O,,,NYSE:2026-05-27T20:00:00+00:00:2026-05-28T06:00:00+00:00,2026-05-27T20:00:00+00:00,2026-05-28T06:00:00+00:00,2026-05-27T20:00:00+00:00,2026-05-27T22:59:59.999000+00:00,2026-05-27T23:00:00+00:00,2026-05-28T05:59:59.999000+00:00,164490,165090,600,180,420,600.0,2026-05,RESEARCH_DEVELOPMENT,LISTING_AFTER_30_DAYS,SKIPPED,OVERLAPS_FROZEN_RANDOM_WINDOW,0
INTCUSDT-O-20260528T200000Z,INTCUSDT,O,,,NYSE:2026-05-28T20:00:00+00:00:2026-05-29T06:00:00+00:00,2026-05-28T20:00:00+00:00,2026-05-29T06:00:00+00:00,2026-05-28T20:00:00+00:00,2026-05-28T22:59:59.999000+00:00,2026-05-28T23:00:00+00:00,2026-05-29T05:59:59.999000+00:00,165930,166530,600,180,420,600.0,2026-05,RESEARCH_DEVELOPMENT,LISTING_AFTER_30_DAYS,SKIPPED,OVERLAPS_FROZEN_RANDOM_WINDOW,0
INTCUSDT-O-20260601T200000Z,INTCUSDT,O,,,NYSE:2026-06-01T20:00:00+00:00:2026-06-02T06:00:00+00:00,2026-06-01T20:00:00+00:00,2026-06-02T06:00:00+00:00,2026-06-01T20:00:00+00:00,2026-06-01T22:59:59.999000+00:00,2026-06-01T23:00:00+00:00,2026-06-02T05:59:59.999000+00:00,171690,172290,600,180,420,600.0,2026-06,SEALED_SHORT_OOS,LISTING_AFTER_30_DAYS,SKIPPED,OVERLAPS_FROZEN_RANDOM_WINDOW,0
INTCUSDT-O-20260602T200000Z,INTCUSDT,O,,,NYSE:2026-06-02T20:00:00+00:00:2026-06-03T06:00:00+00:00,2026-06-02T20:00:00+00:00,2026-06-03T06:00:00+00:00,2026-06-02T20:00:00+00:00,2026-06-02T22:59:59.999000+00:00,2026-06-02T23:00:00+00:00,2026-06-03T05:59:59.999000+00:00,173130,173730,600,180,420,600.0,2026-06,SEALED_SHORT_OOS,LISTING_AFTER_30_DAYS,SKIPPED,OVERLAPS_FROZEN_RANDOM_WINDOW,0
INTCUSDT-O-20260603T200000Z,INTCUSDT,O,,,NYSE:2026-06-03T20:00:00+00:00:2026-06-04T06:00:00+00:00,2026-06-03T20:00:00+00:00,2026-06-04T06:00:00+00:00,2026-06-03T20:00:00+00:00,2026-06-03T22:59:59.999000+00:00,2026-06-03T23:00:00+00:00,2026-06-04T05:59:59.999000+00:00,174570,175170,600,180,420,600.0,2026-06,SEALED_SHORT_OOS,LISTING_AFTER_30_DAYS,SKIPPED,OVERLAPS_FROZEN_RANDOM_WINDOW,0
INTCUSDT-O-20260604T200000Z,INTCUSDT,O,,,NYSE:2026-06-04T20:00:00+00:00:2026-06-05T06:00:00+00:00,2026-06-04T20:00:00+00:00,2026-06-05T06:00:00+00:00,2026-06-04T20:00:00+00:00,2026-06-04T22:59:59.999000+00:00,2026-06-04T23:00:00+00:00,2026-06-05T05:59:59.999000+00:00,176010,176610,600,180,420,600.0,2026-06,SEALED_SHORT_OOS,LISTING_AFTER_30_DAYS,SKIPPED,OVERLAPS_FROZEN_RANDOM_WINDOW,0
INTCUSDT-O-20260608T200000Z,INTCUSDT,O,,,NYSE:2026-06-08T20:00:00+00:00:2026-06-09T06:00:00+00:00,2026-06-08T20:00:00+00:00,2026-06-09T06:00:00+00:00,2026-06-08T20:00:00+00:00,2026-06-08T22:59:59.999000+00:00,2026-06-08T23:00:00+00:00,2026-06-09T05:59:59.999000+00:00,181770,182370,600,180,420,600.0,2026-06,SEALED_SHORT_OOS,LISTING_AFTER_30_DAYS,SKIPPED,OVERLAPS_FROZEN_RANDOM_WINDOW,0
INTCUSDT-O-20260609T200000Z,INTCUSDT,O,,,NYSE:2026-06-09T20:00:00+00:00:2026-06-10T06:00:00+00:00,2026-06-09T20:00:00+00:00,2026-06-10T06:00:00+00:00,2026-06-09T20:00:00+00:00,2026-06-09T22:59:59.999000+00:00,2026-06-09T23:00:00+00:00,2026-06-10T05:59:59.999000+00:00,183210,183810,600,180,420,600.0,2026-06,SEALED_SHORT_OOS,LISTING_AFTER_30_DAYS,SKIPPED,OVERLAPS_FROZEN_RANDOM_WINDOW,0
INTCUSDT-O-20260610T200000Z,INTCUSDT,O,,,NYSE:2026-06-10T20:00:00+00:00:2026-06-11T06:00:00+00:00,2026-06-10T20:00:00+00:00,2026-06-11T06:00:00+00:00,2026-06-10T20:00:00+00:00,2026-06-10T22:59:59.999000+00:00,2026-06-10T23:00:00+00:00,2026-06-11T05:59:59.999000+00:00,184650,185250,600,180,420,600.0,2026-06,SEALED_SHORT_OOS,LISTING_AFTER_30_DAYS,SKIPPED,OVERLAPS_FROZEN_RANDOM_WINDOW,0
INTCUSDT-O-20260611T200000Z,INTCUSDT,O,,,NYSE:2026-06-11T20:00:00+00:00:2026-06-12T06:00:00+00:00,2026-06-11T20:00:00+00:00,2026-06-12T06:00:00+00:00,2026-06-11T20:00:00+00:00,2026-06-11T22:59:59.999000+00:00,2026-06-11T23:00:00+00:00,2026-06-12T05:59:59.999000+00:00,186090,186690,600,180,420,600.0,2026-06,SEALED_SHORT_OOS,LISTING_AFTER_30_DAYS,SKIPPED,OVERLAPS_FROZEN_RANDOM_WINDOW,0
INTCUSDT-O-20260615T200000Z,INTCUSDT,O,,,NYSE:2026-06-15T20:00:00+00:00:2026-06-16T06:00:00+00:00,2026-06-15T20:00:00+00:00,2026-06-16T06:00:00+00:00,2026-06-15T20:00:00+00:00,2026-06-15T22:59:59.999000+00:00,2026-06-15T23:00:00+00:00,2026-06-16T05:59:59.999000+00:00,191850,192450,600,180,420,600.0,2026-06,SEALED_SHORT_OOS,LISTING_AFTER_30_DAYS,SKIPPED,OVERLAPS_FROZEN_RANDOM_WINDOW,0
INTCUSDT-O-20260616T200000Z,INTCUSDT,O,,,NYSE:2026-06-16T20:00:00+00:00:2026-06-17T06:00:00+00:00,2026-06-16T20:00:00+00:00,2026-06-17T06:00:00+00:00,2026-06-16T20:00:00+00:00,2026-06-16T22:59:59.999000+00:00,2026-06-16T23:00:00+00:00,2026-06-17T05:59:59.999000+00:00,193290,193890,600,180,420,600.0,2026-06,SEALED_SHORT_OOS,LISTING_AFTER_30_DAYS,SKIPPED,OVERLAPS_FROZEN_RANDOM_WINDOW,0
INTCUSDT-O-20260617T200000Z,INTCUSDT,O,,,NYSE:2026-06-17T20:00:00+00:00:2026-06-18T06:00:00+00:00,2026-06-17T20:00:00+00:00,2026-06-18T06:00:00+00:00,2026-06-17T20:00:00+00:00,2026-06-17T22:59:59.999000+00:00,2026-06-17T23:00:00+00:00,2026-06-18T05:59:59.999000+00:00,194730,195330,600,180,420,600.0,2026-06,SEALED_SHORT_OOS,LISTING_AFTER_30_DAYS,SKIPPED,OVERLAPS_FROZEN_RANDOM_WINDOW,0
INTCUSDT-O-20260622T200000Z,INTCUSDT,O,,,NYSE:2026-06-22T20:00:00+00:00:2026-06-23T06:00:00+00:00,2026-06-22T20:00:00+00:00,2026-06-23T06:00:00+00:00,2026-06-22T20:00:00+00:00,2026-06-22T22:59:59.999000+00:00,2026-06-22T23:00:00+00:00,2026-06-23T05:59:59.999000+00:00,201930,202530,600,180,420,600.0,2026-06,SEALED_SHORT_OOS,LISTING_AFTER_30_DAYS,SKIPPED,OVERLAPS_FROZEN_RANDOM_WINDOW,0
INTCUSDT-O-20260623T200000Z,INTCUSDT,O,,,NYSE:2026-06-23T20:00:00+00:00:2026-06-24T06:00:00+00:00,2026-06-23T20:00:00+00:00,2026-06-24T06:00:00+00:00,2026-06-23T20:00:00+00:00,2026-06-23T22:59:59.999000+00:00,2026-06-23T23:00:00+00:00,2026-06-24T05:59:59.999000+00:00,203370,203970,600,180,420,600.0,2026-06,SEALED_SHORT_OOS,LISTING_AFTER_30_DAYS,SKIPPED,OVERLAPS_FROZEN_RANDOM_WINDOW,0
INTCUSDT-O-20260624T200000Z,INTCUSDT,O,,,NYSE:2026-06-24T20:00:00+00:00:2026-06-25T06:00:00+00:00,2026-06-24T20:00:00+00:00,2026-06-25T06:00:00+00:00,2026-06-24T20:00:00+00:00,2026-06-24T22:59:59.999000+00:00,2026-06-24T23:00:00+00:00,2026-06-25T05:59:59.999000+00:00,204810,205410,600,180,420,600.0,2026-06,SEALED_SHORT_OOS,LISTING_AFTER_30_DAYS,SKIPPED,OVERLAPS_FROZEN_RANDOM_WINDOW,0
INTCUSDT-O-20260625T200000Z,INTCUSDT,O,,,NYSE:2026-06-25T20:00:00+00:00:2026-06-26T06:00:00+00:00,2026-06-25T20:00:00+00:00,2026-06-26T06:00:00+00:00,2026-06-25T20:00:00+00:00,2026-06-25T22:59:59.999000+00:00,2026-06-25T23:00:00+00:00,2026-06-26T05:59:59.999000+00:00,206250,206850,600,180,420,600.0,2026-06,SEALED_SHORT_OOS,LISTING_AFTER_30_DAYS,SKIPPED,OVERLAPS_FROZEN_RANDOM_WINDOW,0
INTCUSDT-O-20260629T200000Z,INTCUSDT,O,,,NYSE:2026-06-29T20:00:00+00:00:2026-06-30T06:00:00+00:00,2026-06-29T20:00:00+00:00,2026-06-30T06:00:00+00:00,2026-06-29T20:00:00+00:00,2026-06-29T22:59:59.999000+00:00,2026-06-29T23:00:00+00:00,2026-06-30T05:59:59.999000+00:00,212010,212610,600,180,420,600.0,2026-06,SEALED_SHORT_OOS,LISTING_AFTER_30_DAYS,SKIPPED,OVERLAPS_FROZEN_RANDOM_WINDOW,0
INTCUSDT-O-20260630T200000Z,INTCUSDT,O,,,NYSE:2026-06-30T20:00:00+00:00:2026-07-01T06:00:00+00:00,2026-06-30T20:00:00+00:00,2026-07-01T06:00:00+00:00,2026-06-30T20:00:00+00:00,2026-06-30T22:59:59.999000+00:00,2026-06-30T23:00:00+00:00,2026-07-01T05:59:59.999000+00:00,213450,214050,600,180,420,600.0,2026-06,SEALED_SHORT_OOS,LISTING_AFTER_30_DAYS,SKIPPED,OVERLAPS_FROZEN_RANDOM_WINDOW,0
INTCUSDT-O-20260701T200000Z,INTCUSDT,O,,,NYSE:2026-07-01T20:00:00+00:00:2026-07-02T06:00:00+00:00,2026-07-01T20:00:00+00:00,2026-07-02T06:00:00+00:00,2026-07-01T20:00:00+00:00,2026-07-01T22:59:59.999000+00:00,2026-07-01T23:00:00+00:00,2026-07-02T05:59:59.999000+00:00,214890,215490,600,180,420,600.0,2026-07,DESCRIPTIVE_ONLY,LISTING_AFTER_30_DAYS,SKIPPED,OVERLAPS_FROZEN_RANDOM_WINDOW,0
INTCUSDT-O-20260706T200000Z,INTCUSDT,O,,,NYSE:2026-07-06T20:00:00+00:00:2026-07-07T06:00:00+00:00,2026-07-06T20:00:00+00:00,2026-07-07T06:00:00+00:00,2026-07-06T20:00:00+00:00,2026-07-06T22:59:59.999000+00:00,2026-07-06T23:00:00+00:00,2026-07-07T05:59:59.999000+00:00,222090,222690,600,180,420,600.0,2026-07,DESCRIPTIVE_ONLY,LISTING_AFTER_30_DAYS,SKIPPED,OVERLAPS_FROZEN_RANDOM_WINDOW,0
INTCUSDT-O-20260707T200000Z,INTCUSDT,O,,,NYSE:2026-07-07T20:00:00+00:00:2026-07-08T06:00:00+00:00,2026-07-07T20:00:00+00:00,2026-07-08T06:00:00+00:00,2026-07-07T20:00:00+00:00,2026-07-07T22:59:59.999000+00:00,2026-07-07T23:00:00+00:00,2026-07-08T05:59:59.999000+00:00,223530,224130,600,180,420,600.0,2026-07,DESCRIPTIVE_ONLY,LISTING_AFTER_30_DAYS,SKIPPED,OVERLAPS_FROZEN_RANDOM_WINDOW,0
INTCUSDT-O-20260708T200000Z,INTCUSDT,O,,,NYSE:2026-07-08T20:00:00+00:00:2026-07-09T06:00:00+00:00,2026-07-08T20:00:00+00:00,2026-07-09T06:00:00+00:00,2026-07-08T20:00:00+00:00,2026-07-08T22:59:59.999000+00:00,2026-07-08T23:00:00+00:00,2026-07-09T05:59:59.999000+00:00,224970,225570,600,180,420,600.0,2026-07,DESCRIPTIVE_ONLY,LISTING_AFTER_30_DAYS,SKIPPED,OVERLAPS_FROZEN_RANDOM_WINDOW,0
INTCUSDT-O-20260709T200000Z,INTCUSDT,O,,,NYSE:2026-07-09T20:00:00+00:00:2026-07-10T06:00:00+00:00,2026-07-09T20:00:00+00:00,2026-07-10T06:00:00+00:00,2026-07-09T20:00:00+00:00,2026-07-09T22:59:59.999000+00:00,2026-07-09T23:00:00+00:00,2026-07-10T05:59:59.999000+00:00,226410,227010,600,180,420,600.0,2026-07,DESCRIPTIVE_ONLY,LISTING_AFTER_30_DAYS,SKIPPED,OVERLAPS_FROZEN_RANDOM_WINDOW,0
INTCUSDT-O-20260713T200000Z,INTCUSDT,O,,,NYSE:2026-07-13T20:00:00+00:00:2026-07-14T06:00:00+00:00,2026-07-13T20:00:00+00:00,2026-07-14T06:00:00+00:00,2026-07-13T20:00:00+00:00,2026-07-13T22:59:59.999000+00:00,2026-07-13T23:00:00+00:00,2026-07-14T05:59:59.999000+00:00,232170,232770,600,180,420,600.0,2026-07,DESCRIPTIVE_ONLY,LISTING_AFTER_30_DAYS,SKIPPED,OVERLAPS_FROZEN_RANDOM_WINDOW,0
INTCUSDT-O-20260714T200000Z,INTCUSDT,O,,,NYSE:2026-07-14T20:00:00+00:00:2026-07-15T06:00:00+00:00,2026-07-14T20:00:00+00:00,2026-07-15T06:00:00+00:00,2026-07-14T20:00:00+00:00,2026-07-14T22:59:59.999000+00:00,2026-07-14T23:00:00+00:00,2026-07-15T05:59:59.999000+00:00,233610,234210,600,180,420,600.0,2026-07,DESCRIPTIVE_ONLY,LISTING_AFTER_30_DAYS,SKIPPED,OVERLAPS_FROZEN_RANDOM_WINDOW,0
INTCUSDT-O-20260715T200000Z,INTCUSDT,O,,,NYSE:2026-07-15T20:00:00+00:00:2026-07-16T06:00:00+00:00,2026-07-15T20:00:00+00:00,2026-07-16T06:00:00+00:00,2026-07-15T20:00:00+00:00,2026-07-15T22:59:59.999000+00:00,2026-07-15T23:00:00+00:00,2026-07-16T05:59:59.999000+00:00,235050,235650,600,180,420,600.0,2026-07,DESCRIPTIVE_ONLY,LISTING_AFTER_30_DAYS,SKIPPED,OVERLAPS_FROZEN_RANDOM_WINDOW,0
INTCUSDT-O-20260716T200000Z,INTCUSDT,O,,,NYSE:2026-07-16T20:00:00+00:00:2026-07-17T06:00:00+00:00,2026-07-16T20:00:00+00:00,2026-07-17T06:00:00+00:00,2026-07-16T20:00:00+00:00,2026-07-16T22:59:59.999000+00:00,2026-07-16T23:00:00+00:00,2026-07-17T05:59:59.999000+00:00,236490,237090,600,180,420,600.0,2026-07,DESCRIPTIVE_ONLY,LISTING_AFTER_30_DAYS,SKIPPED,OVERLAPS_FROZEN_RANDOM_WINDOW,0
INTCUSDT-O-20260720T200000Z,INTCUSDT,O,,,NYSE:2026-07-20T20:00:00+00:00:2026-07-21T06:00:00+00:00,2026-07-20T20:00:00+00:00,2026-07-21T06:00:00+00:00,2026-07-20T20:00:00+00:00,2026-07-20T22:59:59.999000+00:00,2026-07-20T23:00:00+00:00,2026-07-21T05:59:59.999000+00:00,242250,242850,600,180,420,600.0,2026-07,DESCRIPTIVE_ONLY,LISTING_AFTER_30_DAYS,SKIPPED,OVERLAPS_FROZEN_RANDOM_WINDOW,0
INTCUSDT-O-20260721T200000Z,INTCUSDT,O,,,NYSE:2026-07-21T20:00:00+00:00:2026-07-22T06:00:00+00:00,2026-07-21T20:00:00+00:00,2026-07-22T06:00:00+00:00,2026-07-21T20:00:00+00:00,2026-07-21T22:59:59.999000+00:00,2026-07-21T23:00:00+00:00,2026-07-22T05:59:59.999000+00:00,243690,244290,600,180,420,600.0,2026-07,DESCRIPTIVE_ONLY,LISTING_AFTER_30_DAYS,SKIPPED,OVERLAPS_FROZEN_RANDOM_WINDOW,0
INTCUSDT-O-20260722T200000Z,INTCUSDT,O,,,NYSE:2026-07-22T20:00:00+00:00:2026-07-23T06:00:00+00:00,2026-07-22T20:00:00+00:00,2026-07-23T06:00:00+00:00,2026-07-22T20:00:00+00:00,2026-07-22T22:59:59.999000+00:00,2026-07-22T23:00:00+00:00,2026-07-23T05:59:59.999000+00:00,245130,245730,600,180,420,600.0,2026-07,DESCRIPTIVE_ONLY,LISTING_AFTER_30_DAYS,SKIPPED,OVERLAPS_FROZEN_RANDOM_WINDOW,0
INTCUSDT-R-INTCUSDT-nyse_20260206T210000Z-s3,INTCUSDT,R,3,INTCUSDT-nyse_20260206T210000Z,R:INTCUSDT:2026-02:3,2026-02-02T21:30:00+00:00,2026-02-05T07:30:00+00:00,2026-02-02T21:30:00+00:00,2026-02-03T00:29:59.999000+00:00,2026-02-03T00:30:00+00:00,2026-02-05T07:29:59.999000+00:00,420,3900,3480,180,3300,3480.0,2026-02,DESCRIPTIVE_ONLY,LISTING_DAYS_1_14,READY,,0
INTCUSDT-R-INTCUSDT-nyse_20260206T210000Z-s10,INTCUSDT,R,10,INTCUSDT-nyse_20260206T210000Z,R:INTCUSDT:2026-02:10,2026-02-09T21:30:00+00:00,2026-02-12T07:30:00+00:00,2026-02-09T21:30:00+00:00,2026-02-10T00:29:59.999000+00:00,2026-02-10T00:30:00+00:00,2026-02-12T07:29:59.999000+00:00,10500,13980,3480,180,3300,3480.0,2026-02,DESCRIPTIVE_ONLY,LISTING_DAYS_1_14,READY,,0
INTCUSDT-R-INTCUSDT-nyse_20260206T210000Z-s17,INTCUSDT,R,17,INTCUSDT-nyse_20260206T210000Z,R:INTCUSDT:2026-02:17,2026-02-02T22:30:00+00:00,2026-02-05T08:30:00+00:00,2026-02-02T22:30:00+00:00,2026-02-03T01:29:59.999000+00:00,2026-02-03T01:30:00+00:00,2026-02-05T08:29:59.999000+00:00,480,3960,3480,180,3300,3480.0,2026-02,DESCRIPTIVE_ONLY,LISTING_DAYS_1_14,READY,,0
INTCUSDT-R-INTCUSDT-nyse_20260206T210000Z-s31,INTCUSDT,R,31,INTCUSDT-nyse_20260206T210000Z,R:INTCUSDT:2026-02:31,2026-02-10T20:30:00+00:00,2026-02-13T06:30:00+00:00,2026-02-10T20:30:00+00:00,2026-02-10T23:29:59.999000+00:00,2026-02-10T23:30:00+00:00,2026-02-13T06:29:59.999000+00:00,11880,15360,3480,180,3300,3480.0,2026-02,DESCRIPTIVE_ONLY,LISTING_DAYS_1_14,READY,,0
INTCUSDT-R-INTCUSDT-nyse_20260206T210000Z-s59,INTCUSDT,R,59,INTCUSDT-nyse_20260206T210000Z,R:INTCUSDT:2026-02:59,2026-02-09T21:30:00+00:00,2026-02-12T07:30:00+00:00,2026-02-09T21:30:00+00:00,2026-02-10T00:29:59.999000+00:00,2026-02-10T00:30:00+00:00,2026-02-12T07:29:59.999000+00:00,10500,13980,3480,180,3300,3480.0,2026-02,DESCRIPTIVE_ONLY,LISTING_DAYS_1_14,READY,,0
INTCUSDT-R-INTCUSDT-nyse_20260206T210000Z-s97,INTCUSDT,R,97,INTCUSDT-nyse_20260206T210000Z,R:INTCUSDT:2026-02:97,2026-02-10T22:30:00+00:00,2026-02-13T08:30:00+00:00,2026-02-10T22:30:00+00:00,2026-02-11T01:29:59.999000+00:00,2026-02-11T01:30:00+00:00,2026-02-13T08:29:59.999000+00:00,12000,15480,3480,180,3300,3480.0,2026-02,DESCRIPTIVE_ONLY,LISTING_DAYS_1_14,READY,,0
INTCUSDT-R-INTCUSDT-nyse_20260213T210000Z-s3,INTCUSDT,R,3,INTCUSDT-nyse_20260213T210000Z,R:INTCUSDT:2026-02:3,2026-02-09T20:30:00+00:00,2026-02-13T06:30:00+00:00,2026-02-09T20:30:00+00:00,2026-02-09T23:29:59.999000+00:00,2026-02-09T23:30:00+00:00,2026-02-13T06:29:59.999000+00:00,10440,15360,4920,180,4740,4920.0,2026-02,DESCRIPTIVE_ONLY,LISTING_DAYS_1_14,READY,,0
INTCUSDT-R-INTCUSDT-nyse_20260213T210000Z-s10,INTCUSDT,R,10,INTCUSDT-nyse_20260213T210000Z,R:INTCUSDT:2026-02:10,2026-02-02T21:30:00+00:00,2026-02-06T07:30:00+00:00,2026-02-02T21:30:00+00:00,2026-02-03T00:29:59.999000+00:00,2026-02-03T00:30:00+00:00,2026-02-06T07:29:59.999000+00:00,420,5340,4920,180,4740,4920.0,2026-02,DESCRIPTIVE_ONLY,LISTING_DAYS_1_14,READY,,0
INTCUSDT-R-INTCUSDT-nyse_20260213T210000Z-s17,INTCUSDT,R,17,INTCUSDT-nyse_20260213T210000Z,R:INTCUSDT:2026-02:17,2026-02-09T21:30:00+00:00,2026-02-13T07:30:00+00:00,2026-02-09T21:30:00+00:00,2026-02-10T00:29:59.999000+00:00,2026-02-10T00:30:00+00:00,2026-02-13T07:29:59.999000+00:00,10500,15420,4920,180,4740,4920.0,2026-02,DESCRIPTIVE_ONLY,LISTING_DAYS_1_14,READY,,0
INTCUSDT-R-INTCUSDT-nyse_20260213T210000Z-s31,INTCUSDT,R,31,INTCUSDT-nyse_20260213T210000Z,R:INTCUSDT:2026-02:31,2026-02-02T21:30:00+00:00,2026-02-06T07:30:00+00:00,2026-02-02T21:30:00+00:00,2026-02-03T00:29:59.999000+00:00,2026-02-03T00:30:00+00:00,2026-02-06T07:29:59.999000+00:00,420,5340,4920,180,4740,4920.0,2026-02,DESCRIPTIVE_ONLY,LISTING_DAYS_1_14,READY,,0
INTCUSDT-R-INTCUSDT-nyse_20260213T210000Z-s59,INTCUSDT,R,59,INTCUSDT-nyse_20260213T210000Z,R:INTCUSDT:2026-02:59,2026-02-02T22:30:00+00:00,2026-02-06T08:30:00+00:00,2026-02-02T22:30:00+00:00,2026-02-03T01:29:59.999000+00:00,2026-02-03T01:30:00+00:00,2026-02-06T08:29:59.999000+00:00,480,5400,4920,180,4740,4920.0,2026-02,DESCRIPTIVE_ONLY,LISTING_DAYS_1_14,READY,,0
INTCUSDT-R-INTCUSDT-nyse_20260213T210000Z-s97,INTCUSDT,R,97,INTCUSDT-nyse_20260213T210000Z,R:INTCUSDT:2026-02:97,2026-02-02T20:30:00+00:00,2026-02-06T06:30:00+00:00,2026-02-02T20:30:00+00:00,2026-02-02T23:29:59.999000+00:00,2026-02-02T23:30:00+00:00,2026-02-06T06:29:59.999000+00:00,360,5280,4920,180,4740,4920.0,2026-02,DESCRIPTIVE_ONLY,LISTING_DAYS_1_14,READY,,0
INTCUSDT-R-INTCUSDT-nyse_20260220T210000Z-s3,INTCUSDT,R,3,INTCUSDT-nyse_20260220T210000Z,R:INTCUSDT:2026-02:3,2026-02-17T22:30:00+00:00,2026-02-20T08:30:00+00:00,2026-02-17T22:30:00+00:00,2026-02-18T01:29:59.999000+00:00,2026-02-18T01:30:00+00:00,2026-02-20T08:29:59.999000+00:00,22080,25560,3480,180,3300,3480.0,2026-02,DESCRIPTIVE_ONLY,LISTING_DAYS_15_30,READY,,0
INTCUSDT-R-INTCUSDT-nyse_20260220T210000Z-s10,INTCUSDT,R,10,INTCUSDT-nyse_20260220T210000Z,R:INTCUSDT:2026-02:10,2026-02-17T20:30:00+00:00,2026-02-20T06:30:00+00:00,2026-02-17T20:30:00+00:00,2026-02-17T23:29:59.999000+00:00,2026-02-17T23:30:00+00:00,2026-02-20T06:29:59.999000+00:00,21960,25440,3480,180,3300,3480.0,2026-02,DESCRIPTIVE_ONLY,LISTING_DAYS_15_30,READY,,0
INTCUSDT-R-INTCUSDT-nyse_20260220T210000Z-s17,INTCUSDT,R,17,INTCUSDT-nyse_20260220T210000Z,R:INTCUSDT:2026-02:17,2026-02-23T21:30:00+00:00,2026-02-26T07:30:00+00:00,2026-02-23T21:30:00+00:00,2026-02-24T00:29:59.999000+00:00,2026-02-24T00:30:00+00:00,2026-02-26T07:29:59.999000+00:00,30660,34140,3480,180,3300,3480.0,2026-02,DESCRIPTIVE_ONLY,LISTING_DAYS_15_30,READY,,0
INTCUSDT-R-INTCUSDT-nyse_20260220T210000Z-s31,INTCUSDT,R,31,INTCUSDT-nyse_20260220T210000Z,R:INTCUSDT:2026-02:31,2026-02-17T22:30:00+00:00,2026-02-20T08:30:00+00:00,2026-02-17T22:30:00+00:00,2026-02-18T01:29:59.999000+00:00,2026-02-18T01:30:00+00:00,2026-02-20T08:29:59.999000+00:00,22080,25560,3480,180,3300,3480.0,2026-02,DESCRIPTIVE_ONLY,LISTING_DAYS_15_30,READY,,0
INTCUSDT-R-INTCUSDT-nyse_20260220T210000Z-s59,INTCUSDT,R,59,INTCUSDT-nyse_20260220T210000Z,R:INTCUSDT:2026-02:59,2026-02-23T22:30:00+00:00,2026-02-26T08:30:00+00:00,2026-02-23T22:30:00+00:00,2026-02-24T01:29:59.999000+00:00,2026-02-24T01:30:00+00:00,2026-02-26T08:29:59.999000+00:00,30720,34200,3480,180,3300,3480.0,2026-02,DESCRIPTIVE_ONLY,LISTING_DAYS_15_30,READY,,0
INTCUSDT-R-INTCUSDT-nyse_20260220T210000Z-s97,INTCUSDT,R,97,INTCUSDT-nyse_20260220T210000Z,R:INTCUSDT:2026-02:97,2026-02-23T21:30:00+00:00,2026-02-26T07:30:00+00:00,2026-02-23T21:30:00+00:00,2026-02-24T00:29:59.999000+00:00,2026-02-24T00:30:00+00:00,2026-02-26T07:29:59.999000+00:00,30660,34140,3480,180,3300,3480.0,2026-02,DESCRIPTIVE_ONLY,LISTING_DAYS_15_30,READY,,0
INTCUSDT-R-INTCUSDT-nyse_20260227T210000Z-s3,INTCUSDT,R,3,INTCUSDT-nyse_20260227T210000Z,R:INTCUSDT:2026-02:3,2026-02-24T20:30:00+00:00,2026-02-27T06:30:00+00:00,2026-02-24T20:30:00+00:00,2026-02-24T23:29:59.999000+00:00,2026-02-24T23:30:00+00:00,2026-02-27T06:29:59.999000+00:00,32040,35520,3480,180,3300,3480.0,2026-02,DESCRIPTIVE_ONLY,LISTING_DAYS_15_30,READY,,0
INTCUSDT-R-INTCUSDT-nyse_20260227T210000Z-s10,INTCUSDT,R,10,INTCUSDT-nyse_20260227T210000Z,R:INTCUSDT:2026-02:10,2026-02-23T22:30:00+00:00,2026-02-26T08:30:00+00:00,2026-02-23T22:30:00+00:00,2026-02-24T01:29:59.999000+00:00,2026-02-24T01:30:00+00:00,2026-02-26T08:29:59.999000+00:00,30720,34200,3480,180,3300,3480.0,2026-02,DESCRIPTIVE_ONLY,LISTING_DAYS_15_30,READY,,0
INTCUSDT-R-INTCUSDT-nyse_20260227T210000Z-s17,INTCUSDT,R,17,INTCUSDT-nyse_20260227T210000Z,R:INTCUSDT:2026-02:17,2026-02-17T22:30:00+00:00,2026-02-20T08:30:00+00:00,2026-02-17T22:30:00+00:00,2026-02-18T01:29:59.999000+00:00,2026-02-18T01:30:00+00:00,2026-02-20T08:29:59.999000+00:00,22080,25560,3480,180,3300,3480.0,2026-02,DESCRIPTIVE_ONLY,LISTING_DAYS_15_30,READY,,0
INTCUSDT-R-INTCUSDT-nyse_20260227T210000Z-s31,INTCUSDT,R,31,INTCUSDT-nyse_20260227T210000Z,R:INTCUSDT:2026-02:31,2026-02-23T20:30:00+00:00,2026-02-26T06:30:00+00:00,2026-02-23T20:30:00+00:00,2026-02-23T23:29:59.999000+00:00,2026-02-23T23:30:00+00:00,2026-02-26T06:29:59.999000+00:00,30600,34080,3480,180,3300,3480.0,2026-02,DESCRIPTIVE_ONLY,LISTING_DAYS_15_30,READY,,0
INTCUSDT-R-INTCUSDT-nyse_20260227T210000Z-s59,INTCUSDT,R,59,INTCUSDT-nyse_20260227T210000Z,R:INTCUSDT:2026-02:59,2026-02-17T21:30:00+00:00,2026-02-20T07:30:00+00:00,2026-02-17T21:30:00+00:00,2026-02-18T00:29:59.999000+00:00,2026-02-18T00:30:00+00:00,2026-02-20T07:29:59.999000+00:00,22020,25500,3480,180,3300,3480.0,2026-02,DESCRIPTIVE_ONLY,LISTING_DAYS_15_30,READY,,0
INTCUSDT-R-INTCUSDT-nyse_20260227T210000Z-s97,INTCUSDT,R,97,INTCUSDT-nyse_20260227T210000Z,R:INTCUSDT:2026-02:97,2026-02-17T21:30:00+00:00,2026-02-20T07:30:00+00:00,2026-02-17T21:30:00+00:00,2026-02-18T00:29:59.999000+00:00,2026-02-18T00:30:00+00:00,2026-02-20T07:29:59.999000+00:00,22020,25500,3480,180,3300,3480.0,2026-02,DESCRIPTIVE_ONLY,LISTING_DAYS_15_30,READY,,0
INTCUSDT-R-INTCUSDT-nyse_20260306T210000Z-s3,INTCUSDT,R,3,INTCUSDT-nyse_20260306T210000Z,R:INTCUSDT:2026-03:3,2026-03-09T20:30:00+00:00,2026-03-12T05:30:00+00:00,2026-03-09T20:30:00+00:00,2026-03-09T23:29:59.999000+00:00,2026-03-09T23:30:00+00:00,2026-03-12T05:29:59.999000+00:00,50760,54180,3420,180,3240,3420.0,2026-03,RESEARCH_DEVELOPMENT,LISTING_AFTER_30_DAYS,READY,,0
INTCUSDT-R-INTCUSDT-nyse_20260306T210000Z-s10,INTCUSDT,R,10,INTCUSDT-nyse_20260306T210000Z,R:INTCUSDT:2026-03:10,2026-03-17T21:30:00+00:00,2026-03-20T06:30:00+00:00,2026-03-17T21:30:00+00:00,2026-03-18T00:29:59.999000+00:00,2026-03-18T00:30:00+00:00,2026-03-20T06:29:59.999000+00:00,62340,65760,3420,180,3240,3420.0,2026-03,RESEARCH_DEVELOPMENT,LISTING_AFTER_30_DAYS,READY,,0
INTCUSDT-R-INTCUSDT-nyse_20260306T210000Z-s17,INTCUSDT,R,17,INTCUSDT-nyse_20260306T210000Z,R:INTCUSDT:2026-03:17,2026-03-16T20:30:00+00:00,2026-03-19T05:30:00+00:00,2026-03-16T20:30:00+00:00,2026-03-16T23:29:59.999000+00:00,2026-03-16T23:30:00+00:00,2026-03-19T05:29:59.999000+00:00,60840,64260,3420,180,3240,3420.0,2026-03,RESEARCH_DEVELOPMENT,LISTING_AFTER_30_DAYS,READY,,0
INTCUSDT-R-INTCUSDT-nyse_20260306T210000Z-s31,INTCUSDT,R,31,INTCUSDT-nyse_20260306T210000Z,R:INTCUSDT:2026-03:31,2026-03-10T21:30:00+00:00,2026-03-13T06:30:00+00:00,2026-03-10T21:30:00+00:00,2026-03-11T00:29:59.999000+00:00,2026-03-11T00:30:00+00:00,2026-03-13T06:29:59.999000+00:00,52260,55680,3420,180,3240,3420.0,2026-03,RESEARCH_DEVELOPMENT,LISTING_AFTER_30_DAYS,READY,,0
INTCUSDT-R-INTCUSDT-nyse_20260306T210000Z-s59,INTCUSDT,R,59,INTCUSDT-nyse_20260306T210000Z,R:INTCUSDT:2026-03:59,2026-03-09T20:30:00+00:00,2026-03-12T05:30:00+00:00,2026-03-09T20:30:00+00:00,2026-03-09T23:29:59.999000+00:00,2026-03-09T23:30:00+00:00,2026-03-12T05:29:59.999000+00:00,50760,54180,3420,180,3240,3420.0,2026-03,RESEARCH_DEVELOPMENT,LISTING_AFTER_30_DAYS,READY,,0
INTCUSDT-R-INTCUSDT-nyse_20260306T210000Z-s97,INTCUSDT,R,97,INTCUSDT-nyse_20260306T210000Z,R:INTCUSDT:2026-03:97,2026-03-17T22:30:00+00:00,2026-03-20T07:30:00+00:00,2026-03-17T22:30:00+00:00,2026-03-18T01:29:59.999000+00:00,2026-03-18T01:30:00+00:00,2026-03-20T07:29:59.999000+00:00,62400,65820,3420,180,3240,3420.0,2026-03,RESEARCH_DEVELOPMENT,LISTING_AFTER_30_DAYS,READY,,0
INTCUSDT-R-INTCUSDT-nyse_20260313T200000Z-s3,INTCUSDT,R,3,INTCUSDT-nyse_20260313T200000Z,R:INTCUSDT:2026-03:3,2026-03-17T21:30:00+00:00,2026-03-20T07:30:00+00:00,2026-03-17T21:30:00+00:00,2026-03-18T00:29:59.999000+00:00,2026-03-18T00:30:00+00:00,2026-03-20T07:29:59.999000+00:00,62340,65820,3480,180,3300,3480.0,2026-03,RESEARCH_DEVELOPMENT,LISTING_AFTER_30_DAYS,READY,,0
INTCUSDT-R-INTCUSDT-nyse_20260313T200000Z-s10,INTCUSDT,R,10,INTCUSDT-nyse_20260313T200000Z,R:INTCUSDT:2026-03:10,2026-03-23T19:30:00+00:00,2026-03-26T05:30:00+00:00,2026-03-23T19:30:00+00:00,2026-03-23T22:29:59.999000+00:00,2026-03-23T22:30:00+00:00,2026-03-26T05:29:59.999000+00:00,70860,74340,3480,180,3300,3480.0,2026-03,RESEARCH_DEVELOPMENT,LISTING_AFTER_30_DAYS,READY,,0
INTCUSDT-R-INTCUSDT-nyse_20260313T200000Z-s17,INTCUSDT,R,17,INTCUSDT-nyse_20260313T200000Z,R:INTCUSDT:2026-03:17,2026-03-24T20:30:00+00:00,2026-03-27T06:30:00+00:00,2026-03-24T20:30:00+00:00,2026-03-24T23:29:59.999000+00:00,2026-03-24T23:30:00+00:00,2026-03-27T06:29:59.999000+00:00,72360,75840,3480,180,3300,3480.0,2026-03,RESEARCH_DEVELOPMENT,LISTING_AFTER_30_DAYS,READY,,0
INTCUSDT-R-INTCUSDT-nyse_20260313T200000Z-s31,INTCUSDT,R,31,INTCUSDT-nyse_20260313T200000Z,R:INTCUSDT:2026-03:31,2026-03-17T21:30:00+00:00,2026-03-20T07:30:00+00:00,2026-03-17T21:30:00+00:00,2026-03-18T00:29:59.999000+00:00,2026-03-18T00:30:00+00:00,2026-03-20T07:29:59.999000+00:00,62340,65820,3480,180,3300,3480.0,2026-03,RESEARCH_DEVELOPMENT,LISTING_AFTER_30_DAYS,READY,,0
INTCUSDT-R-INTCUSDT-nyse_20260313T200000Z-s59,INTCUSDT,R,59,INTCUSDT-nyse_20260313T200000Z,R:INTCUSDT:2026-03:59,2026-03-30T20:30:00+00:00,2026-04-02T06:30:00+00:00,2026-03-30T20:30:00+00:00,2026-03-30T23:29:59.999000+00:00,2026-03-30T23:30:00+00:00,2026-04-02T06:29:59.999000+00:00,81000,84480,3480,180,3300,3480.0,2026-03,RESEARCH_DEVELOPMENT,LISTING_AFTER_30_DAYS,READY,,0
INTCUSDT-R-INTCUSDT-nyse_20260313T200000Z-s97,INTCUSDT,R,97,INTCUSDT-nyse_20260313T200000Z,R:INTCUSDT:2026-03:97,2026-03-10T20:30:00+00:00,2026-03-13T06:30:00+00:00,2026-03-10T20:30:00+00:00,2026-03-10T23:29:59.999000+00:00,2026-03-10T23:30:00+00:00,2026-03-13T06:29:59.999000+00:00,52200,55680,3480,180,3300,3480.0,2026-03,RESEARCH_DEVELOPMENT,LISTING_AFTER_30_DAYS,READY,,0
INTCUSDT-R-INTCUSDT-nyse_20260320T200000Z-s3,INTCUSDT,R,3,INTCUSDT-nyse_20260320T200000Z,R:INTCUSDT:2026-03:3,2026-03-24T21:30:00+00:00,2026-03-27T07:30:00+00:00,2026-03-24T21:30:00+00:00,2026-03-25T00:29:59.999000+00:00,2026-03-25T00:30:00+00:00,2026-03-27T07:29:59.999000+00:00,72420,75900,3480,180,3300,3480.0,2026-03,RESEARCH_DEVELOPMENT,LISTING_AFTER_30_DAYS,READY,,0
INTCUSDT-R-INTCUSDT-nyse_20260320T200000Z-s10,INTCUSDT,R,10,INTCUSDT-nyse_20260320T200000Z,R:INTCUSDT:2026-03:10,2026-03-30T19:30:00+00:00,2026-04-02T05:30:00+00:00,2026-03-30T19:30:00+00:00,2026-03-30T22:29:59.999000+00:00,2026-03-30T22:30:00+00:00,2026-04-02T05:29:59.999000+00:00,80940,84420,3480,180,3300,3480.0,2026-03,RESEARCH_DEVELOPMENT,LISTING_AFTER_30_DAYS,READY,,0
INTCUSDT-R-INTCUSDT-nyse_20260320T200000Z-s17,INTCUSDT,R,17,INTCUSDT-nyse_20260320T200000Z,R:INTCUSDT:2026-03:17,2026-03-30T21:30:00+00:00,2026-04-02T07:30:00+00:00,2026-03-30T21:30:00+00:00,2026-03-31T00:29:59.999000+00:00,2026-03-31T00:30:00+00:00,2026-04-02T07:29:59.999000+00:00,81060,84540,3480,180,3300,3480.0,2026-03,RESEARCH_DEVELOPMENT,LISTING_AFTER_30_DAYS,READY,,0
INTCUSDT-R-INTCUSDT-nyse_20260320T200000Z-s31,INTCUSDT,R,31,INTCUSDT-nyse_20260320T200000Z,R:INTCUSDT:2026-03:31,2026-03-23T21:30:00+00:00,2026-03-26T07:30:00+00:00,2026-03-23T21:30:00+00:00,2026-03-24T00:29:59.999000+00:00,2026-03-24T00:30:00+00:00,2026-03-26T07:29:59.999000+00:00,70980,74460,3480,180,3300,3480.0,2026-03,RESEARCH_DEVELOPMENT,LISTING_AFTER_30_DAYS,READY,,0
INTCUSDT-R-INTCUSDT-nyse_20260320T200000Z-s59,INTCUSDT,R,59,INTCUSDT-nyse_20260320T200000Z,R:INTCUSDT:2026-03:59,2026-03-23T19:30:00+00:00,2026-03-26T05:30:00+00:00,2026-03-23T19:30:00+00:00,2026-03-23T22:29:59.999000+00:00,2026-03-23T22:30:00+00:00,2026-03-26T05:29:59.999000+00:00,70860,74340,3480,180,3300,3480.0,2026-03,RESEARCH_DEVELOPMENT,LISTING_AFTER_30_DAYS,READY,,0
INTCUSDT-R-INTCUSDT-nyse_20260320T200000Z-s97,INTCUSDT,R,97,INTCUSDT-nyse_20260320T200000Z,R:INTCUSDT:2026-03:97,2026-03-24T21:30:00+00:00,2026-03-27T07:30:00+00:00,2026-03-24T21:30:00+00:00,2026-03-25T00:29:59.999000+00:00,2026-03-25T00:30:00+00:00,2026-03-27T07:29:59.999000+00:00,72420,75900,3480,180,3300,3480.0,2026-03,RESEARCH_DEVELOPMENT,LISTING_AFTER_30_DAYS,READY,,0
INTCUSDT-R-INTCUSDT-nyse_20260327T200000Z-s3,INTCUSDT,R,3,INTCUSDT-nyse_20260327T200000Z,R:INTCUSDT:2026-03:3,2026-03-30T21:30:00+00:00,2026-04-02T07:30:00+00:00,2026-03-30T21:30:00+00:00,2026-03-31T00:29:59.999000+00:00,2026-03-31T00:30:00+00:00,2026-04-02T07:29:59.999000+00:00,81060,84540,3480,180,3300,3480.0,2026-03,RESEARCH_DEVELOPMENT,LISTING_AFTER_30_DAYS,READY,,0
INTCUSDT-R-INTCUSDT-nyse_20260327T200000Z-s10,INTCUSDT,R,10,INTCUSDT-nyse_20260327T200000Z,R:INTCUSDT:2026-03:10,2026-03-09T19:30:00+00:00,2026-03-12T05:30:00+00:00,2026-03-09T19:30:00+00:00,2026-03-09T22:29:59.999000+00:00,2026-03-09T22:30:00+00:00,2026-03-12T05:29:59.999000+00:00,50700,54180,3480,180,3300,3480.0,2026-03,RESEARCH_DEVELOPMENT,LISTING_AFTER_30_DAYS,READY,,0
INTCUSDT-R-INTCUSDT-nyse_20260327T200000Z-s17,INTCUSDT,R,17,INTCUSDT-nyse_20260327T200000Z,R:INTCUSDT:2026-03:17,2026-03-10T21:30:00+00:00,2026-03-13T07:30:00+00:00,2026-03-10T21:30:00+00:00,2026-03-11T00:29:59.999000+00:00,2026-03-11T00:30:00+00:00,2026-03-13T07:29:59.999000+00:00,52260,55740,3480,180,3300,3480.0,2026-03,RESEARCH_DEVELOPMENT,LISTING_AFTER_30_DAYS,READY,,0
INTCUSDT-R-INTCUSDT-nyse_20260327T200000Z-s31,INTCUSDT,R,31,INTCUSDT-nyse_20260327T200000Z,R:INTCUSDT:2026-03:31,2026-03-30T21:30:00+00:00,2026-04-02T07:30:00+00:00,2026-03-30T21:30:00+00:00,2026-03-31T00:29:59.999000+00:00,2026-03-31T00:30:00+00:00,2026-04-02T07:29:59.999000+00:00,81060,84540,3480,180,3300,3480.0,2026-03,RESEARCH_DEVELOPMENT,LISTING_AFTER_30_DAYS,READY,,0
INTCUSDT-R-INTCUSDT-nyse_20260327T200000Z-s59,INTCUSDT,R,59,INTCUSDT-nyse_20260327T200000Z,R:INTCUSDT:2026-03:59,2026-03-17T20:30:00+00:00,2026-03-20T06:30:00+00:00,2026-03-17T20:30:00+00:00,2026-03-17T23:29:59.999000+00:00,2026-03-17T23:30:00+00:00,2026-03-20T06:29:59.999000+00:00,62280,65760,3480,180,3300,3480.0,2026-03,RESEARCH_DEVELOPMENT,LISTING_AFTER_30_DAYS,READY,,0
INTCUSDT-R-INTCUSDT-nyse_20260327T200000Z-s97,INTCUSDT,R,97,INTCUSDT-nyse_20260327T200000Z,R:INTCUSDT:2026-03:97,2026-03-30T20:30:00+00:00,2026-04-02T06:30:00+00:00,2026-03-30T20:30:00+00:00,2026-03-30T23:29:59.999000+00:00,2026-03-30T23:30:00+00:00,2026-04-02T06:29:59.999000+00:00,81000,84480,3480,180,3300,3480.0,2026-03,RESEARCH_DEVELOPMENT,LISTING_AFTER_30_DAYS,READY,,0
INTCUSDT-R-INTCUSDT-nyse_20260402T200000Z-s3,INTCUSDT,R,3,INTCUSDT-nyse_20260402T200000Z,R:INTCUSDT:2026-04:3,2026-04-06T19:30:00+00:00,2026-04-10T05:30:00+00:00,2026-04-06T19:30:00+00:00,2026-04-06T22:29:59.999000+00:00,2026-04-06T22:30:00+00:00,2026-04-10T05:29:59.999000+00:00,91020,95940,4920,180,4740,4920.0,2026-04,RESEARCH_DEVELOPMENT,LISTING_AFTER_30_DAYS,READY,,0
INTCUSDT-R-INTCUSDT-nyse_20260402T200000Z-s10,INTCUSDT,R,10,INTCUSDT-nyse_20260402T200000Z,R:INTCUSDT:2026-04:10,2026-04-06T20:30:00+00:00,2026-04-10T06:30:00+00:00,2026-04-06T20:30:00+00:00,2026-04-06T23:29:59.999000+00:00,2026-04-06T23:30:00+00:00,2026-04-10T06:29:59.999000+00:00,91080,96000,4920,180,4740,4920.0,2026-04,RESEARCH_DEVELOPMENT,LISTING_AFTER_30_DAYS,READY,,0
INTCUSDT-R-INTCUSDT-nyse_20260402T200000Z-s17,INTCUSDT,R,17,INTCUSDT-nyse_20260402T200000Z,R:INTCUSDT:2026-04:17,2026-04-06T20:30:00+00:00,2026-04-10T06:30:00+00:00,2026-04-06T20:30:00+00:00,2026-04-06T23:29:59.999000+00:00,2026-04-06T23:30:00+00:00,2026-04-10T06:29:59.999000+00:00,91080,96000,4920,180,4740,4920.0,2026-04,RESEARCH_DEVELOPMENT,LISTING_AFTER_30_DAYS,READY,,0
INTCUSDT-R-INTCUSDT-nyse_20260402T200000Z-s31,INTCUSDT,R,31,INTCUSDT-nyse_20260402T200000Z,R:INTCUSDT:2026-04:31,2026-04-13T19:30:00+00:00,2026-04-17T05:30:00+00:00,2026-04-13T19:30:00+00:00,2026-04-13T22:29:59.999000+00:00,2026-04-13T22:30:00+00:00,2026-04-17T05:29:59.999000+00:00,101100,106020,4920,180,4740,4920.0,2026-04,RESEARCH_DEVELOPMENT,LISTING_AFTER_30_DAYS,READY,,0
INTCUSDT-R-INTCUSDT-nyse_20260402T200000Z-s59,INTCUSDT,R,59,INTCUSDT-nyse_20260402T200000Z,R:INTCUSDT:2026-04:59,2026-04-27T19:30:00+00:00,2026-05-01T05:30:00+00:00,2026-04-27T19:30:00+00:00,2026-04-27T22:29:59.999000+00:00,2026-04-27T22:30:00+00:00,2026-05-01T05:29:59.999000+00:00,121260,126180,4920,180,4740,4920.0,2026-04,RESEARCH_DEVELOPMENT,LISTING_AFTER_30_DAYS,READY,,0
INTCUSDT-R-INTCUSDT-nyse_20260402T200000Z-s97,INTCUSDT,R,97,INTCUSDT-nyse_20260402T200000Z,R:INTCUSDT:2026-04:97,2026-04-20T20:30:00+00:00,2026-04-24T06:30:00+00:00,2026-04-20T20:30:00+00:00,2026-04-20T23:29:59.999000+00:00,2026-04-20T23:30:00+00:00,2026-04-24T06:29:59.999000+00:00,111240,116160,4920,180,4740,4920.0,2026-04,RESEARCH_DEVELOPMENT,LISTING_AFTER_30_DAYS,READY,,0
INTCUSDT-R-INTCUSDT-nyse_20260410T200000Z-s3,INTCUSDT,R,3,INTCUSDT-nyse_20260410T200000Z,R:INTCUSDT:2026-04:3,2026-04-14T19:30:00+00:00,2026-04-17T05:30:00+00:00,2026-04-14T19:30:00+00:00,2026-04-14T22:29:59.999000+00:00,2026-04-14T22:30:00+00:00,2026-04-17T05:29:59.999000+00:00,102540,106020,3480,180,3300,3480.0,2026-04,RESEARCH_DEVELOPMENT,LISTING_AFTER_30_DAYS,READY,,0
INTCUSDT-R-INTCUSDT-nyse_20260410T200000Z-s10,INTCUSDT,R,10,INTCUSDT-nyse_20260410T200000Z,R:INTCUSDT:2026-04:10,2026-04-28T20:30:00+00:00,2026-05-01T06:30:00+00:00,2026-04-28T20:30:00+00:00,2026-04-28T23:29:59.999000+00:00,2026-04-28T23:30:00+00:00,2026-05-01T06:29:59.999000+00:00,122760,126240,3480,180,3300,3480.0,2026-04,RESEARCH_DEVELOPMENT,LISTING_AFTER_30_DAYS,READY,,0
INTCUSDT-R-INTCUSDT-nyse_20260410T200000Z-s17,INTCUSDT,R,17,INTCUSDT-nyse_20260410T200000Z,R:INTCUSDT:2026-04:17,2026-04-27T19:30:00+00:00,2026-04-30T05:30:00+00:00,2026-04-27T19:30:00+00:00,2026-04-27T22:29:59.999000+00:00,2026-04-27T22:30:00+00:00,2026-04-30T05:29:59.999000+00:00,121260,124740,3480,180,3300,3480.0,2026-04,RESEARCH_DEVELOPMENT,LISTING_AFTER_30_DAYS,READY,,0
INTCUSDT-R-INTCUSDT-nyse_20260410T200000Z-s31,INTCUSDT,R,31,INTCUSDT-nyse_20260410T200000Z,R:INTCUSDT:2026-04:31,2026-04-07T20:30:00+00:00,2026-04-10T06:30:00+00:00,2026-04-07T20:30:00+00:00,2026-04-07T23:29:59.999000+00:00,2026-04-07T23:30:00+00:00,2026-04-10T06:29:59.999000+00:00,92520,96000,3480,180,3300,3480.0,2026-04,RESEARCH_DEVELOPMENT,LISTING_AFTER_30_DAYS,READY,,0
INTCUSDT-R-INTCUSDT-nyse_20260410T200000Z-s59,INTCUSDT,R,59,INTCUSDT-nyse_20260410T200000Z,R:INTCUSDT:2026-04:59,2026-04-06T19:30:00+00:00,2026-04-09T05:30:00+00:00,2026-04-06T19:30:00+00:00,2026-04-06T22:29:59.999000+00:00,2026-04-06T22:30:00+00:00,2026-04-09T05:29:59.999000+00:00,91020,94500,3480,180,3300,3480.0,2026-04,RESEARCH_DEVELOPMENT,LISTING_AFTER_30_DAYS,READY,,0
INTCUSDT-R-INTCUSDT-nyse_20260410T200000Z-s97,INTCUSDT,R,97,INTCUSDT-nyse_20260410T200000Z,R:INTCUSDT:2026-04:97,2026-04-28T19:30:00+00:00,2026-05-01T05:30:00+00:00,2026-04-28T19:30:00+00:00,2026-04-28T22:29:59.999000+00:00,2026-04-28T22:30:00+00:00,2026-05-01T05:29:59.999000+00:00,122700,126180,3480,180,3300,3480.0,2026-04,RESEARCH_DEVELOPMENT,LISTING_AFTER_30_DAYS,READY,,0
INTCUSDT-R-INTCUSDT-nyse_20260417T200000Z-s3,INTCUSDT,R,3,INTCUSDT-nyse_20260417T200000Z,R:INTCUSDT:2026-04:3,2026-04-21T21:30:00+00:00,2026-04-24T07:30:00+00:00,2026-04-21T21:30:00+00:00,2026-04-22T00:29:59.999000+00:00,2026-04-22T00:30:00+00:00,2026-04-24T07:29:59.999000+00:00,112740,116220,3480,180,3300,3480.0,2026-04,RESEARCH_DEVELOPMENT,LISTING_AFTER_30_DAYS,READY,,0
INTCUSDT-R-INTCUSDT-nyse_20260417T200000Z-s10,INTCUSDT,R,10,INTCUSDT-nyse_20260417T200000Z,R:INTCUSDT:2026-04:10,2026-04-13T21:30:00+00:00,2026-04-16T07:30:00+00:00,2026-04-13T21:30:00+00:00,2026-04-14T00:29:59.999000+00:00,2026-04-14T00:30:00+00:00,2026-04-16T07:29:59.999000+00:00,101220,104700,3480,180,3300,3480.0,2026-04,RESEARCH_DEVELOPMENT,LISTING_AFTER_30_DAYS,READY,,0
INTCUSDT-R-INTCUSDT-nyse_20260417T200000Z-s17,INTCUSDT,R,17,INTCUSDT-nyse_20260417T200000Z,R:INTCUSDT:2026-04:17,2026-04-21T19:30:00+00:00,2026-04-24T05:30:00+00:00,2026-04-21T19:30:00+00:00,2026-04-21T22:29:59.999000+00:00,2026-04-21T22:30:00+00:00,2026-04-24T05:29:59.999000+00:00,112620,116100,3480,180,3300,3480.0,2026-04,RESEARCH_DEVELOPMENT,LISTING_AFTER_30_DAYS,READY,,0
INTCUSDT-R-INTCUSDT-nyse_20260417T200000Z-s31,INTCUSDT,R,31,INTCUSDT-nyse_20260417T200000Z,R:INTCUSDT:2026-04:31,2026-04-20T20:30:00+00:00,2026-04-23T06:30:00+00:00,2026-04-20T20:30:00+00:00,2026-04-20T23:29:59.999000+00:00,2026-04-20T23:30:00+00:00,2026-04-23T06:29:59.999000+00:00,111240,114720,3480,180,3300,3480.0,2026-04,RESEARCH_DEVELOPMENT,LISTING_AFTER_30_DAYS,READY,,0
INTCUSDT-R-INTCUSDT-nyse_20260417T200000Z-s59,INTCUSDT,R,59,INTCUSDT-nyse_20260417T200000Z,R:INTCUSDT:2026-04:59,2026-04-20T21:30:00+00:00,2026-04-23T07:30:00+00:00,2026-04-20T21:30:00+00:00,2026-04-21T00:29:59.999000+00:00,2026-04-21T00:30:00+00:00,2026-04-23T07:29:59.999000+00:00,111300,114780,3480,180,3300,3480.0,2026-04,RESEARCH_DEVELOPMENT,LISTING_AFTER_30_DAYS,READY,,0
INTCUSDT-R-INTCUSDT-nyse_20260417T200000Z-s97,INTCUSDT,R,97,INTCUSDT-nyse_20260417T200000Z,R:INTCUSDT:2026-04:97,2026-04-13T21:30:00+00:00,2026-04-16T07:30:00+00:00,2026-04-13T21:30:00+00:00,2026-04-14T00:29:59.999000+00:00,2026-04-14T00:30:00+00:00,2026-04-16T07:29:59.999000+00:00,101220,104700,3480,180,3300,3480.0,2026-04,RESEARCH_DEVELOPMENT,LISTING_AFTER_30_DAYS,READY,,0
INTCUSDT-R-INTCUSDT-nyse_20260424T200000Z-s3,INTCUSDT,R,3,INTCUSDT-nyse_20260424T200000Z,R:INTCUSDT:2026-04:3,2026-04-28T20:30:00+00:00,2026-05-01T06:30:00+00:00,2026-04-28T20:30:00+00:00,2026-04-28T23:29:59.999000+00:00,2026-04-28T23:30:00+00:00,2026-05-01T06:29:59.999000+00:00,122760,126240,3480,180,3300,3480.0,2026-04,RESEARCH_DEVELOPMENT,LISTING_AFTER_30_DAYS,READY,,0
INTCUSDT-R-INTCUSDT-nyse_20260424T200000Z-s10,INTCUSDT,R,10,INTCUSDT-nyse_20260424T200000Z,R:INTCUSDT:2026-04:10,2026-04-21T19:30:00+00:00,2026-04-24T05:30:00+00:00,2026-04-21T19:30:00+00:00,2026-04-21T22:29:59.999000+00:00,2026-04-21T22:30:00+00:00,2026-04-24T05:29:59.999000+00:00,112620,116100,3480,180,3300,3480.0,2026-04,RESEARCH_DEVELOPMENT,LISTING_AFTER_30_DAYS,READY,,0
INTCUSDT-R-INTCUSDT-nyse_20260424T200000Z-s17,INTCUSDT,R,17,INTCUSDT-nyse_20260424T200000Z,R:INTCUSDT:2026-04:17,2026-04-14T21:30:00+00:00,2026-04-17T07:30:00+00:00,2026-04-14T21:30:00+00:00,2026-04-15T00:29:59.999000+00:00,2026-04-15T00:30:00+00:00,2026-04-17T07:29:59.999000+00:00,102660,106140,3480,180,3300,3480.0,2026-04,RESEARCH_DEVELOPMENT,LISTING_AFTER_30_DAYS,READY,,0
INTCUSDT-R-INTCUSDT-nyse_20260424T200000Z-s31,INTCUSDT,R,31,INTCUSDT-nyse_20260424T200000Z,R:INTCUSDT:2026-04:31,2026-04-27T19:30:00+00:00,2026-04-30T05:30:00+00:00,2026-04-27T19:30:00+00:00,2026-04-27T22:29:59.999000+00:00,2026-04-27T22:30:00+00:00,2026-04-30T05:29:59.999000+00:00,121260,124740,3480,180,3300,3480.0,2026-04,RESEARCH_DEVELOPMENT,LISTING_AFTER_30_DAYS,READY,,0
INTCUSDT-R-INTCUSDT-nyse_20260424T200000Z-s59,INTCUSDT,R,59,INTCUSDT-nyse_20260424T200000Z,R:INTCUSDT:2026-04:59,2026-04-14T21:30:00+00:00,2026-04-17T07:30:00+00:00,2026-04-14T21:30:00+00:00,2026-04-15T00:29:59.999000+00:00,2026-04-15T00:30:00+00:00,2026-04-17T07:29:59.999000+00:00,102660,106140,3480,180,3300,3480.0,2026-04,RESEARCH_DEVELOPMENT,LISTING_AFTER_30_DAYS,READY,,0
INTCUSDT-R-INTCUSDT-nyse_20260424T200000Z-s97,INTCUSDT,R,97,INTCUSDT-nyse_20260424T200000Z,R:INTCUSDT:2026-04:97,2026-04-07T21:30:00+00:00,2026-04-10T07:30:00+00:00,2026-04-07T21:30:00+00:00,2026-04-08T00:29:59.999000+00:00,2026-04-08T00:30:00+00:00,2026-04-10T07:29:59.999000+00:00,92580,96060,3480,180,3300,3480.0,2026-04,RESEARCH_DEVELOPMENT,LISTING_AFTER_30_DAYS,READY,,0
INTCUSDT-R-INTCUSDT-nyse_20260501T200000Z-s3,INTCUSDT,R,3,INTCUSDT-nyse_20260501T200000Z,R:INTCUSDT:2026-05:3,2026-05-05T21:30:00+00:00,2026-05-08T07:30:00+00:00,2026-05-05T21:30:00+00:00,2026-05-06T00:29:59.999000+00:00,2026-05-06T00:30:00+00:00,2026-05-08T07:29:59.999000+00:00,132900,136380,3480,180,3300,3480.0,2026-05,RESEARCH_DEVELOPMENT,LISTING_AFTER_30_DAYS,READY,,0
INTCUSDT-R-INTCUSDT-nyse_20260501T200000Z-s10,INTCUSDT,R,10,INTCUSDT-nyse_20260501T200000Z,R:INTCUSDT:2026-05:10,2026-05-18T20:30:00+00:00,2026-05-21T06:30:00+00:00,2026-05-18T20:30:00+00:00,2026-05-18T23:29:59.999000+00:00,2026-05-18T23:30:00+00:00,2026-05-21T06:29:59.999000+00:00,151560,155040,3480,180,3300,3480.0,2026-05,RESEARCH_DEVELOPMENT,LISTING_AFTER_30_DAYS,READY,,0
INTCUSDT-R-INTCUSDT-nyse_20260501T200000Z-s17,INTCUSDT,R,17,INTCUSDT-nyse_20260501T200000Z,R:INTCUSDT:2026-05:17,2026-05-12T20:30:00+00:00,2026-05-15T06:30:00+00:00,2026-05-12T20:30:00+00:00,2026-05-12T23:29:59.999000+00:00,2026-05-12T23:30:00+00:00,2026-05-15T06:29:59.999000+00:00,142920,146400,3480,180,3300,3480.0,2026-05,RESEARCH_DEVELOPMENT,LISTING_AFTER_30_DAYS,READY,,0
INTCUSDT-R-INTCUSDT-nyse_20260501T200000Z-s31,INTCUSDT,R,31,INTCUSDT-nyse_20260501T200000Z,R:INTCUSDT:2026-05:31,2026-05-11T21:30:00+00:00,2026-05-14T07:30:00+00:00,2026-05-11T21:30:00+00:00,2026-05-12T00:29:59.999000+00:00,2026-05-12T00:30:00+00:00,2026-05-14T07:29:59.999000+00:00,141540,145020,3480,180,3300,3480.0,2026-05,RESEARCH_DEVELOPMENT,LISTING_AFTER_30_DAYS,READY,,0
INTCUSDT-R-INTCUSDT-nyse_20260501T200000Z-s59,INTCUSDT,R,59,INTCUSDT-nyse_20260501T200000Z,R:INTCUSDT:2026-05:59,2026-05-12T21:30:00+00:00,2026-05-15T07:30:00+00:00,2026-05-12T21:30:00+00:00,2026-05-13T00:29:59.999000+00:00,2026-05-13T00:30:00+00:00,2026-05-15T07:29:59.999000+00:00,142980,146460,3480,180,3300,3480.0,2026-05,RESEARCH_DEVELOPMENT,LISTING_AFTER_30_DAYS,READY,,0
INTCUSDT-R-INTCUSDT-nyse_20260501T200000Z-s97,INTCUSDT,R,97,INTCUSDT-nyse_20260501T200000Z,R:INTCUSDT:2026-05:97,2026-05-04T20:30:00+00:00,2026-05-07T06:30:00+00:00,2026-05-04T20:30:00+00:00,2026-05-04T23:29:59.999000+00:00,2026-05-04T23:30:00+00:00,2026-05-07T06:29:59.999000+00:00,131400,134880,3480,180,3300,3480.0,2026-05,RESEARCH_DEVELOPMENT,LISTING_AFTER_30_DAYS,READY,,0
INTCUSDT-R-INTCUSDT-nyse_20260508T200000Z-s3,INTCUSDT,R,3,INTCUSDT-nyse_20260508T200000Z,R:INTCUSDT:2026-05:3,2026-05-19T20:30:00+00:00,2026-05-22T06:30:00+00:00,2026-05-19T20:30:00+00:00,2026-05-19T23:29:59.999000+00:00,2026-05-19T23:30:00+00:00,2026-05-22T06:29:59.999000+00:00,153000,156480,3480,180,3300,3480.0,2026-05,RESEARCH_DEVELOPMENT,LISTING_AFTER_30_DAYS,READY,,0
INTCUSDT-R-INTCUSDT-nyse_20260508T200000Z-s10,INTCUSDT,R,10,INTCUSDT-nyse_20260508T200000Z,R:INTCUSDT:2026-05:10,2026-05-05T20:30:00+00:00,2026-05-08T06:30:00+00:00,2026-05-05T20:30:00+00:00,2026-05-05T23:29:59.999000+00:00,2026-05-05T23:30:00+00:00,2026-05-08T06:29:59.999000+00:00,132840,136320,3480,180,3300,3480.0,2026-05,RESEARCH_DEVELOPMENT,LISTING_AFTER_30_DAYS,READY,,0
INTCUSDT-R-INTCUSDT-nyse_20260508T200000Z-s17,INTCUSDT,R,17,INTCUSDT-nyse_20260508T200000Z,R:INTCUSDT:2026-05:17,2026-05-18T20:30:00+00:00,2026-05-21T06:30:00+00:00,2026-05-18T20:30:00+00:00,2026-05-18T23:29:59.999000+00:00,2026-05-18T23:30:00+00:00,2026-05-21T06:29:59.999000+00:00,151560,155040,3480,180,3300,3480.0,2026-05,RESEARCH_DEVELOPMENT,LISTING_AFTER_30_DAYS,READY,,0
INTCUSDT-R-INTCUSDT-nyse_20260508T200000Z-s31,INTCUSDT,R,31,INTCUSDT-nyse_20260508T200000Z,R:INTCUSDT:2026-05:31,2026-05-26T21:30:00+00:00,2026-05-29T07:30:00+00:00,2026-05-26T21:30:00+00:00,2026-05-27T00:29:59.999000+00:00,2026-05-27T00:30:00+00:00,2026-05-29T07:29:59.999000+00:00,163140,166620,3480,180,3300,3480.0,2026-05,RESEARCH_DEVELOPMENT,LISTING_AFTER_30_DAYS,READY,,0
INTCUSDT-R-INTCUSDT-nyse_20260508T200000Z-s59,INTCUSDT,R,59,INTCUSDT-nyse_20260508T200000Z,R:INTCUSDT:2026-05:59,2026-05-05T20:30:00+00:00,2026-05-08T06:30:00+00:00,2026-05-05T20:30:00+00:00,2026-05-05T23:29:59.999000+00:00,2026-05-05T23:30:00+00:00,2026-05-08T06:29:59.999000+00:00,132840,136320,3480,180,3300,3480.0,2026-05,RESEARCH_DEVELOPMENT,LISTING_AFTER_30_DAYS,READY,,0
INTCUSDT-R-INTCUSDT-nyse_20260508T200000Z-s97,INTCUSDT,R,97,INTCUSDT-nyse_20260508T200000Z,R:INTCUSDT:2026-05:97,2026-05-12T21:30:00+00:00,2026-05-15T07:30:00+00:00,2026-05-12T21:30:00+00:00,2026-05-13T00:29:59.999000+00:00,2026-05-13T00:30:00+00:00,2026-05-15T07:29:59.999000+00:00,142980,146460,3480,180,3300,3480.0,2026-05,RESEARCH_DEVELOPMENT,LISTING_AFTER_30_DAYS,READY,,0
INTCUSDT-R-INTCUSDT-nyse_20260515T200000Z-s3,INTCUSDT,R,3,INTCUSDT-nyse_20260515T200000Z,R:INTCUSDT:2026-05:3,2026-05-12T20:30:00+00:00,2026-05-15T06:30:00+00:00,2026-05-12T20:30:00+00:00,2026-05-12T23:29:59.999000+00:00,2026-05-12T23:30:00+00:00,2026-05-15T06:29:59.999000+00:00,142920,146400,3480,180,3300,3480.0,2026-05,RESEARCH_DEVELOPMENT,LISTING_AFTER_30_DAYS,READY,,0
INTCUSDT-R-INTCUSDT-nyse_20260515T200000Z-s10,INTCUSDT,R,10,INTCUSDT-nyse_20260515T200000Z,R:INTCUSDT:2026-05:10,2026-05-26T21:30:00+00:00,2026-05-29T07:30:00+00:00,2026-05-26T21:30:00+00:00,2026-05-27T00:29:59.999000+00:00,2026-05-27T00:30:00+00:00,2026-05-29T07:29:59.999000+00:00,163140,166620,3480,180,3300,3480.0,2026-05,RESEARCH_DEVELOPMENT,LISTING_AFTER_30_DAYS,READY,,0
INTCUSDT-R-INTCUSDT-nyse_20260515T200000Z-s17,INTCUSDT,R,17,INTCUSDT-nyse_20260515T200000Z,R:INTCUSDT:2026-05:17,2026-05-05T19:30:00+00:00,2026-05-08T05:30:00+00:00,2026-05-05T19:30:00+00:00,2026-05-05T22:29:59.999000+00:00,2026-05-05T22:30:00+00:00,2026-05-08T05:29:59.999000+00:00,132780,136260,3480,180,3300,3480.0,2026-05,RESEARCH_DEVELOPMENT,LISTING_AFTER_30_DAYS,READY,,0
INTCUSDT-R-INTCUSDT-nyse_20260515T200000Z-s31,INTCUSDT,R,31,INTCUSDT-nyse_20260515T200000Z,R:INTCUSDT:2026-05:31,2026-05-19T20:30:00+00:00,2026-05-22T06:30:00+00:00,2026-05-19T20:30:00+00:00,2026-05-19T23:29:59.999000+00:00,2026-05-19T23:30:00+00:00,2026-05-22T06:29:59.999000+00:00,153000,156480,3480,180,3300,3480.0,2026-05,RESEARCH_DEVELOPMENT,LISTING_AFTER_30_DAYS,READY,,0
INTCUSDT-R-INTCUSDT-nyse_20260515T200000Z-s59,INTCUSDT,R,59,INTCUSDT-nyse_20260515T200000Z,R:INTCUSDT:2026-05:59,2026-05-26T19:30:00+00:00,2026-05-29T05:30:00+00:00,2026-05-26T19:30:00+00:00,2026-05-26T22:29:59.999000+00:00,2026-05-26T22:30:00+00:00,2026-05-29T05:29:59.999000+00:00,163020,166500,3480,180,3300,3480.0,2026-05,RESEARCH_DEVELOPMENT,LISTING_AFTER_30_DAYS,READY,,0
INTCUSDT-R-INTCUSDT-nyse_20260515T200000Z-s97,INTCUSDT,R,97,INTCUSDT-nyse_20260515T200000Z,R:INTCUSDT:2026-05:97,2026-05-19T20:30:00+00:00,2026-05-22T06:30:00+00:00,2026-05-19T20:30:00+00:00,2026-05-19T23:29:59.999000+00:00,2026-05-19T23:30:00+00:00,2026-05-22T06:29:59.999000+00:00,153000,156480,3480,180,3300,3480.0,2026-05,RESEARCH_DEVELOPMENT,LISTING_AFTER_30_DAYS,READY,,0
INTCUSDT-R-INTCUSDT-nyse_20260522T200000Z-s3,INTCUSDT,R,3,INTCUSDT-nyse_20260522T200000Z,R:INTCUSDT:2026-05:3,2026-05-22T20:00:00+00:00,2026-05-26T06:00:00+00:00,2026-05-22T20:00:00+00:00,2026-05-22T20:00:00+00:00,,,0,0,0,0,0,4920.0,2026-05,RESEARCH_DEVELOPMENT,LISTING_AFTER_30_DAYS,SKIPPED,NO_MATCHED_RANDOM_WINDOW,0
INTCUSDT-R-INTCUSDT-nyse_20260522T200000Z-s10,INTCUSDT,R,10,INTCUSDT-nyse_20260522T200000Z,R:INTCUSDT:2026-05:10,2026-05-11T21:30:00+00:00,2026-05-15T07:30:00+00:00,2026-05-11T21:30:00+00:00,2026-05-12T00:29:59.999000+00:00,2026-05-12T00:30:00+00:00,2026-05-15T07:29:59.999000+00:00,141540,146460,4920,180,4740,4920.0,2026-05,RESEARCH_DEVELOPMENT,LISTING_AFTER_30_DAYS,READY,,0
INTCUSDT-R-INTCUSDT-nyse_20260522T200000Z-s17,INTCUSDT,R,17,INTCUSDT-nyse_20260522T200000Z,R:INTCUSDT:2026-05:17,2026-05-22T20:00:00+00:00,2026-05-26T06:00:00+00:00,2026-05-22T20:00:00+00:00,2026-05-22T20:00:00+00:00,,,0,0,0,0,0,4920.0,2026-05,RESEARCH_DEVELOPMENT,LISTING_AFTER_30_DAYS,SKIPPED,NO_MATCHED_RANDOM_WINDOW,0
INTCUSDT-R-INTCUSDT-nyse_20260522T200000Z-s31,INTCUSDT,R,31,INTCUSDT-nyse_20260522T200000Z,R:INTCUSDT:2026-05:31,2026-05-04T20:30:00+00:00,2026-05-08T06:30:00+00:00,2026-05-04T20:30:00+00:00,2026-05-04T23:29:59.999000+00:00,2026-05-04T23:30:00+00:00,2026-05-08T06:29:59.999000+00:00,131400,136320,4920,180,4740,4920.0,2026-05,RESEARCH_DEVELOPMENT,LISTING_AFTER_30_DAYS,READY,,0
INTCUSDT-R-INTCUSDT-nyse_20260522T200000Z-s59,INTCUSDT,R,59,INTCUSDT-nyse_20260522T200000Z,R:INTCUSDT:2026-05:59,2026-05-18T20:30:00+00:00,2026-05-22T06:30:00+00:00,2026-05-18T20:30:00+00:00,2026-05-18T23:29:59.999000+00:00,2026-05-18T23:30:00+00:00,2026-05-22T06:29:59.999000+00:00,151560,156480,4920,180,4740,4920.0,2026-05,RESEARCH_DEVELOPMENT,LISTING_AFTER_30_DAYS,READY,,0
INTCUSDT-R-INTCUSDT-nyse_20260522T200000Z-s97,INTCUSDT,R,97,INTCUSDT-nyse_20260522T200000Z,R:INTCUSDT:2026-05:97,2026-05-22T20:00:00+00:00,2026-05-26T06:00:00+00:00,2026-05-22T20:00:00+00:00,2026-05-22T20:00:00+00:00,,,0,0,0,0,0,4920.0,2026-05,RESEARCH_DEVELOPMENT,LISTING_AFTER_30_DAYS,SKIPPED,NO_MATCHED_RANDOM_WINDOW,0
INTCUSDT-R-INTCUSDT-nyse_20260529T200000Z-s3,INTCUSDT,R,3,INTCUSDT-nyse_20260529T200000Z,R:INTCUSDT:2026-05:3,2026-05-26T20:30:00+00:00,2026-05-29T06:30:00+00:00,2026-05-26T20:30:00+00:00,2026-05-26T23:29:59.999000+00:00,2026-05-26T23:30:00+00:00,2026-05-29T06:29:59.999000+00:00,163080,166560,3480,180,3300,3480.0,2026-05,RESEARCH_DEVELOPMENT,LISTING_AFTER_30_DAYS,READY,,0
INTCUSDT-R-INTCUSDT-nyse_20260529T200000Z-s10,INTCUSDT,R,10,INTCUSDT-nyse_20260529T200000Z,R:INTCUSDT:2026-05:10,2026-05-29T20:00:00+00:00,2026-06-01T06:00:00+00:00,2026-05-29T20:00:00+00:00,2026-05-29T20:00:00+00:00,,,0,0,0,0,0,3480.0,2026-05,RESEARCH_DEVELOPMENT,LISTING_AFTER_30_DAYS,SKIPPED,NO_MATCHED_RANDOM_WINDOW,0
INTCUSDT-R-INTCUSDT-nyse_20260529T200000Z-s17,INTCUSDT,R,17,INTCUSDT-nyse_20260529T200000Z,R:INTCUSDT:2026-05:17,2026-05-26T21:30:00+00:00,2026-05-29T07:30:00+00:00,2026-05-26T21:30:00+00:00,2026-05-27T00:29:59.999000+00:00,2026-05-27T00:30:00+00:00,2026-05-29T07:29:59.999000+00:00,163140,166620,3480,180,3300,3480.0,2026-05,RESEARCH_DEVELOPMENT,LISTING_AFTER_30_DAYS,READY,,0
INTCUSDT-R-INTCUSDT-nyse_20260529T200000Z-s31,INTCUSDT,R,31,INTCUSDT-nyse_20260529T200000Z,R:INTCUSDT:2026-05:31,2026-05-29T20:00:00+00:00,2026-06-01T06:00:00+00:00,2026-05-29T20:00:00+00:00,2026-05-29T20:00:00+00:00,,,0,0,0,0,0,3480.0,2026-05,RESEARCH_DEVELOPMENT,LISTING_AFTER_30_DAYS,SKIPPED,NO_MATCHED_RANDOM_WINDOW,0
INTCUSDT-R-INTCUSDT-nyse_20260529T200000Z-s59,INTCUSDT,R,59,INTCUSDT-nyse_20260529T200000Z,R:INTCUSDT:2026-05:59,2026-05-29T20:00:00+00:00,2026-06-01T06:00:00+00:00,2026-05-29T20:00:00+00:00,2026-05-29T20:00:00+00:00,,,0,0,0,0,0,3480.0,2026-05,RESEARCH_DEVELOPMENT,LISTING_AFTER_30_DAYS,SKIPPED,NO_MATCHED_RANDOM_WINDOW,0
INTCUSDT-R-INTCUSDT-nyse_20260529T200000Z-s97,INTCUSDT,R,97,INTCUSDT-nyse_20260529T200000Z,R:INTCUSDT:2026-05:97,2026-05-26T21:30:00+00:00,2026-05-29T07:30:00+00:00,2026-05-26T21:30:00+00:00,2026-05-27T00:29:59.999000+00:00,2026-05-27T00:30:00+00:00,2026-05-29T07:29:59.999000+00:00,163140,166620,3480,180,3300,3480.0,2026-05,RESEARCH_DEVELOPMENT,LISTING_AFTER_30_DAYS,READY,,0
INTCUSDT-R-INTCUSDT-nyse_20260605T200000Z-s3,INTCUSDT,R,3,INTCUSDT-nyse_20260605T200000Z,R:INTCUSDT:2026-06:3,2026-06-08T20:30:00+00:00,2026-06-11T06:30:00+00:00,2026-06-08T20:30:00+00:00,2026-06-08T23:29:59.999000+00:00,2026-06-08T23:30:00+00:00,2026-06-11T06:29:59.999000+00:00,181800,185280,3480,180,3300,3480.0,2026-06,SEALED_SHORT_OOS,LISTING_AFTER_30_DAYS,READY,,0
INTCUSDT-R-INTCUSDT-nyse_20260605T200000Z-s10,INTCUSDT,R,10,INTCUSDT-nyse_20260605T200000Z,R:INTCUSDT:2026-06:10,2026-06-23T20:30:00+00:00,2026-06-26T06:30:00+00:00,2026-06-23T20:30:00+00:00,2026-06-23T23:29:59.999000+00:00,2026-06-23T23:30:00+00:00,2026-06-26T06:29:59.999000+00:00,203400,206880,3480,180,3300,3480.0,2026-06,SEALED_SHORT_OOS,LISTING_AFTER_30_DAYS,READY,,0
INTCUSDT-R-INTCUSDT-nyse_20260605T200000Z-s17,INTCUSDT,R,17,INTCUSDT-nyse_20260605T200000Z,R:INTCUSDT:2026-06:17,2026-06-09T19:30:00+00:00,2026-06-12T05:30:00+00:00,2026-06-09T19:30:00+00:00,2026-06-09T22:29:59.999000+00:00,2026-06-09T22:30:00+00:00,2026-06-12T05:29:59.999000+00:00,183180,186660,3480,180,3300,3480.0,2026-06,SEALED_SHORT_OOS,LISTING_AFTER_30_DAYS,READY,,0
INTCUSDT-R-INTCUSDT-nyse_20260605T200000Z-s31,INTCUSDT,R,31,INTCUSDT-nyse_20260605T200000Z,R:INTCUSDT:2026-06:31,2026-06-22T21:30:00+00:00,2026-06-25T07:30:00+00:00,2026-06-22T21:30:00+00:00,2026-06-23T00:29:59.999000+00:00,2026-06-23T00:30:00+00:00,2026-06-25T07:29:59.999000+00:00,202020,205500,3480,180,3300,3480.0,2026-06,SEALED_SHORT_OOS,LISTING_AFTER_30_DAYS,READY,,0
INTCUSDT-R-INTCUSDT-nyse_20260605T200000Z-s59,INTCUSDT,R,59,INTCUSDT-nyse_20260605T200000Z,R:INTCUSDT:2026-06:59,2026-06-15T21:30:00+00:00,2026-06-18T07:30:00+00:00,2026-06-15T21:30:00+00:00,2026-06-16T00:29:59.999000+00:00,2026-06-16T00:30:00+00:00,2026-06-18T07:29:59.999000+00:00,191940,195420,3480,180,3300,3480.0,2026-06,SEALED_SHORT_OOS,LISTING_AFTER_30_DAYS,READY,,0
INTCUSDT-R-INTCUSDT-nyse_20260605T200000Z-s97,INTCUSDT,R,97,INTCUSDT-nyse_20260605T200000Z,R:INTCUSDT:2026-06:97,2026-06-08T19:30:00+00:00,2026-06-11T05:30:00+00:00,2026-06-08T19:30:00+00:00,2026-06-08T22:29:59.999000+00:00,2026-06-08T22:30:00+00:00,2026-06-11T05:29:59.999000+00:00,181740,185220,3480,180,3300,3480.0,2026-06,SEALED_SHORT_OOS,LISTING_AFTER_30_DAYS,READY,,0
INTCUSDT-R-INTCUSDT-nyse_20260612T200000Z-s3,INTCUSDT,R,3,INTCUSDT-nyse_20260612T200000Z,R:INTCUSDT:2026-06:3,2026-06-15T21:30:00+00:00,2026-06-18T07:30:00+00:00,2026-06-15T21:30:00+00:00,2026-06-16T00:29:59.999000+00:00,2026-06-16T00:30:00+00:00,2026-06-18T07:29:59.999000+00:00,191940,195420,3480,180,3300,3480.0,2026-06,SEALED_SHORT_OOS,LISTING_AFTER_30_DAYS,READY,,0
INTCUSDT-R-INTCUSDT-nyse_20260612T200000Z-s10,INTCUSDT,R,10,INTCUSDT-nyse_20260612T200000Z,R:INTCUSDT:2026-06:10,2026-06-09T20:30:00+00:00,2026-06-12T06:30:00+00:00,2026-06-09T20:30:00+00:00,2026-06-09T23:29:59.999000+00:00,2026-06-09T23:30:00+00:00,2026-06-12T06:29:59.999000+00:00,183240,186720,3480,180,3300,3480.0,2026-06,SEALED_SHORT_OOS,LISTING_AFTER_30_DAYS,READY,,0
INTCUSDT-R-INTCUSDT-nyse_20260612T200000Z-s17,INTCUSDT,R,17,INTCUSDT-nyse_20260612T200000Z,R:INTCUSDT:2026-06:17,2026-06-02T20:30:00+00:00,2026-06-05T06:30:00+00:00,2026-06-02T20:30:00+00:00,2026-06-02T23:29:59.999000+00:00,2026-06-02T23:30:00+00:00,2026-06-05T06:29:59.999000+00:00,173160,176640,3480,180,3300,3480.0,2026-06,SEALED_SHORT_OOS,LISTING_AFTER_30_DAYS,READY,,0
INTCUSDT-R-INTCUSDT-nyse_20260612T200000Z-s31,INTCUSDT,R,31,INTCUSDT-nyse_20260612T200000Z,R:INTCUSDT:2026-06:31,2026-06-01T19:30:00+00:00,2026-06-04T05:30:00+00:00,2026-06-01T19:30:00+00:00,2026-06-01T22:29:59.999000+00:00,2026-06-01T22:30:00+00:00,2026-06-04T05:29:59.999000+00:00,171660,175140,3480,180,3300,3480.0,2026-06,SEALED_SHORT_OOS,LISTING_AFTER_30_DAYS,READY,,0
INTCUSDT-R-INTCUSDT-nyse_20260612T200000Z-s59,INTCUSDT,R,59,INTCUSDT-nyse_20260612T200000Z,R:INTCUSDT:2026-06:59,2026-06-08T21:30:00+00:00,2026-06-11T07:30:00+00:00,2026-06-08T21:30:00+00:00,2026-06-09T00:29:59.999000+00:00,2026-06-09T00:30:00+00:00,2026-06-11T07:29:59.999000+00:00,181860,185340,3480,180,3300,3480.0,2026-06,SEALED_SHORT_OOS,LISTING_AFTER_30_DAYS,READY,,0
INTCUSDT-R-INTCUSDT-nyse_20260612T200000Z-s97,INTCUSDT,R,97,INTCUSDT-nyse_20260612T200000Z,R:INTCUSDT:2026-06:97,2026-06-29T20:30:00+00:00,2026-07-02T06:30:00+00:00,2026-06-29T20:30:00+00:00,2026-06-29T23:29:59.999000+00:00,2026-06-29T23:30:00+00:00,2026-07-02T06:29:59.999000+00:00,212040,215520,3480,180,3300,3480.0,2026-06,SEALED_SHORT_OOS,LISTING_AFTER_30_DAYS,READY,,0
INTCUSDT-R-INTCUSDT-nyse_20260618T200000Z-s3,INTCUSDT,R,3,INTCUSDT-nyse_20260618T200000Z,R:INTCUSDT:2026-06:3,2026-06-01T19:30:00+00:00,2026-06-05T05:30:00+00:00,2026-06-01T19:30:00+00:00,2026-06-01T22:29:59.999000+00:00,2026-06-01T22:30:00+00:00,2026-06-05T05:29:59.999000+00:00,171660,176580,4920,180,4740,4920.0,2026-06,SEALED_SHORT_OOS,LISTING_AFTER_30_DAYS,READY,,0
INTCUSDT-R-INTCUSDT-nyse_20260618T200000Z-s10,INTCUSDT,R,10,INTCUSDT-nyse_20260618T200000Z,R:INTCUSDT:2026-06:10,2026-06-01T19:30:00+00:00,2026-06-05T05:30:00+00:00,2026-06-01T19:30:00+00:00,2026-06-01T22:29:59.999000+00:00,2026-06-01T22:30:00+00:00,2026-06-05T05:29:59.999000+00:00,171660,176580,4920,180,4740,4920.0,2026-06,SEALED_SHORT_OOS,LISTING_AFTER_30_DAYS,READY,,0
INTCUSDT-R-INTCUSDT-nyse_20260618T200000Z-s17,INTCUSDT,R,17,INTCUSDT-nyse_20260618T200000Z,R:INTCUSDT:2026-06:17,2026-06-22T19:30:00+00:00,2026-06-26T05:30:00+00:00,2026-06-22T19:30:00+00:00,2026-06-22T22:29:59.999000+00:00,2026-06-22T22:30:00+00:00,2026-06-26T05:29:59.999000+00:00,201900,206820,4920,180,4740,4920.0,2026-06,SEALED_SHORT_OOS,LISTING_AFTER_30_DAYS,READY,,0
INTCUSDT-R-INTCUSDT-nyse_20260618T200000Z-s31,INTCUSDT,R,31,INTCUSDT-nyse_20260618T200000Z,R:INTCUSDT:2026-06:31,2026-06-08T20:30:00+00:00,2026-06-12T06:30:00+00:00,2026-06-08T20:30:00+00:00,2026-06-08T23:29:59.999000+00:00,2026-06-08T23:30:00+00:00,2026-06-12T06:29:59.999000+00:00,181800,186720,4920,180,4740,4920.0,2026-06,SEALED_SHORT_OOS,LISTING_AFTER_30_DAYS,READY,,0
INTCUSDT-R-INTCUSDT-nyse_20260618T200000Z-s59,INTCUSDT,R,59,INTCUSDT-nyse_20260618T200000Z,R:INTCUSDT:2026-06:59,2026-06-22T20:30:00+00:00,2026-06-26T06:30:00+00:00,2026-06-22T20:30:00+00:00,2026-06-22T23:29:59.999000+00:00,2026-06-22T23:30:00+00:00,2026-06-26T06:29:59.999000+00:00,201960,206880,4920,180,4740,4920.0,2026-06,SEALED_SHORT_OOS,LISTING_AFTER_30_DAYS,READY,,0
INTCUSDT-R-INTCUSDT-nyse_20260618T200000Z-s97,INTCUSDT,R,97,INTCUSDT-nyse_20260618T200000Z,R:INTCUSDT:2026-06:97,2026-06-22T21:30:00+00:00,2026-06-26T07:30:00+00:00,2026-06-22T21:30:00+00:00,2026-06-23T00:29:59.999000+00:00,2026-06-23T00:30:00+00:00,2026-06-26T07:29:59.999000+00:00,202020,206940,4920,180,4740,4920.0,2026-06,SEALED_SHORT_OOS,LISTING_AFTER_30_DAYS,READY,,0
INTCUSDT-R-INTCUSDT-nyse_20260626T200000Z-s3,INTCUSDT,R,3,INTCUSDT-nyse_20260626T200000Z,R:INTCUSDT:2026-06:3,2026-06-23T21:30:00+00:00,2026-06-26T07:30:00+00:00,2026-06-23T21:30:00+00:00,2026-06-24T00:29:59.999000+00:00,2026-06-24T00:30:00+00:00,2026-06-26T07:29:59.999000+00:00,203460,206940,3480,180,3300,3480.0,2026-06,SEALED_SHORT_OOS,LISTING_AFTER_30_DAYS,READY,,0
INTCUSDT-R-INTCUSDT-nyse_20260626T200000Z-s10,INTCUSDT,R,10,INTCUSDT-nyse_20260626T200000Z,R:INTCUSDT:2026-06:10,2026-06-29T21:30:00+00:00,2026-07-02T07:30:00+00:00,2026-06-29T21:30:00+00:00,2026-06-30T00:29:59.999000+00:00,2026-06-30T00:30:00+00:00,2026-07-02T07:29:59.999000+00:00,212100,215580,3480,180,3300,3480.0,2026-06,SEALED_SHORT_OOS,LISTING_AFTER_30_DAYS,READY,,0
INTCUSDT-R-INTCUSDT-nyse_20260626T200000Z-s17,INTCUSDT,R,17,INTCUSDT-nyse_20260626T200000Z,R:INTCUSDT:2026-06:17,2026-06-29T20:30:00+00:00,2026-07-02T06:30:00+00:00,2026-06-29T20:30:00+00:00,2026-06-29T23:29:59.999000+00:00,2026-06-29T23:30:00+00:00,2026-07-02T06:29:59.999000+00:00,212040,215520,3480,180,3300,3480.0,2026-06,SEALED_SHORT_OOS,LISTING_AFTER_30_DAYS,READY,,0
INTCUSDT-R-INTCUSDT-nyse_20260626T200000Z-s31,INTCUSDT,R,31,INTCUSDT-nyse_20260626T200000Z,R:INTCUSDT:2026-06:31,2026-06-29T21:30:00+00:00,2026-07-02T07:30:00+00:00,2026-06-29T21:30:00+00:00,2026-06-30T00:29:59.999000+00:00,2026-06-30T00:30:00+00:00,2026-07-02T07:29:59.999000+00:00,212100,215580,3480,180,3300,3480.0,2026-06,SEALED_SHORT_OOS,LISTING_AFTER_30_DAYS,READY,,0
INTCUSDT-R-INTCUSDT-nyse_20260626T200000Z-s59,INTCUSDT,R,59,INTCUSDT-nyse_20260626T200000Z,R:INTCUSDT:2026-06:59,2026-06-02T19:30:00+00:00,2026-06-05T05:30:00+00:00,2026-06-02T19:30:00+00:00,2026-06-02T22:29:59.999000+00:00,2026-06-02T22:30:00+00:00,2026-06-05T05:29:59.999000+00:00,173100,176580,3480,180,3300,3480.0,2026-06,SEALED_SHORT_OOS,LISTING_AFTER_30_DAYS,READY,,0
INTCUSDT-R-INTCUSDT-nyse_20260626T200000Z-s97,INTCUSDT,R,97,INTCUSDT-nyse_20260626T200000Z,R:INTCUSDT:2026-06:97,2026-06-15T21:30:00+00:00,2026-06-18T07:30:00+00:00,2026-06-15T21:30:00+00:00,2026-06-16T00:29:59.999000+00:00,2026-06-16T00:30:00+00:00,2026-06-18T07:29:59.999000+00:00,191940,195420,3480,180,3300,3480.0,2026-06,SEALED_SHORT_OOS,LISTING_AFTER_30_DAYS,READY,,0
INTCUSDT-R-INTCUSDT-nyse_20260702T200000Z-s3,INTCUSDT,R,3,INTCUSDT-nyse_20260702T200000Z,R:INTCUSDT:2026-07:3,2026-07-13T19:30:00+00:00,2026-07-17T05:30:00+00:00,2026-07-13T19:30:00+00:00,2026-07-13T22:29:59.999000+00:00,2026-07-13T22:30:00+00:00,2026-07-17T05:29:59.999000+00:00,232140,237060,4920,180,4740,4920.0,2026-07,DESCRIPTIVE_ONLY,LISTING_AFTER_30_DAYS,READY,,0
INTCUSDT-R-INTCUSDT-nyse_20260702T200000Z-s10,INTCUSDT,R,10,INTCUSDT-nyse_20260702T200000Z,R:INTCUSDT:2026-07:10,2026-07-06T20:30:00+00:00,2026-07-10T06:30:00+00:00,2026-07-06T20:30:00+00:00,2026-07-06T23:29:59.999000+00:00,2026-07-06T23:30:00+00:00,2026-07-10T06:29:59.999000+00:00,222120,227040,4920,180,4740,4920.0,2026-07,DESCRIPTIVE_ONLY,LISTING_AFTER_30_DAYS,READY,,0
INTCUSDT-R-INTCUSDT-nyse_20260702T200000Z-s17,INTCUSDT,R,17,INTCUSDT-nyse_20260702T200000Z,R:INTCUSDT:2026-07:17,2026-07-13T19:30:00+00:00,2026-07-17T05:30:00+00:00,2026-07-13T19:30:00+00:00,2026-07-13T22:29:59.999000+00:00,2026-07-13T22:30:00+00:00,2026-07-17T05:29:59.999000+00:00,232140,237060,4920,180,4740,4920.0,2026-07,DESCRIPTIVE_ONLY,LISTING_AFTER_30_DAYS,READY,,0
INTCUSDT-R-INTCUSDT-nyse_20260702T200000Z-s31,INTCUSDT,R,31,INTCUSDT-nyse_20260702T200000Z,R:INTCUSDT:2026-07:31,2026-07-06T19:30:00+00:00,2026-07-10T05:30:00+00:00,2026-07-06T19:30:00+00:00,2026-07-06T22:29:59.999000+00:00,2026-07-06T22:30:00+00:00,2026-07-10T05:29:59.999000+00:00,222060,226980,4920,180,4740,4920.0,2026-07,DESCRIPTIVE_ONLY,LISTING_AFTER_30_DAYS,READY,,0
INTCUSDT-R-INTCUSDT-nyse_20260702T200000Z-s59,INTCUSDT,R,59,INTCUSDT-nyse_20260702T200000Z,R:INTCUSDT:2026-07:59,2026-07-06T20:30:00+00:00,2026-07-10T06:30:00+00:00,2026-07-06T20:30:00+00:00,2026-07-06T23:29:59.999000+00:00,2026-07-06T23:30:00+00:00,2026-07-10T06:29:59.999000+00:00,222120,227040,4920,180,4740,4920.0,2026-07,DESCRIPTIVE_ONLY,LISTING_AFTER_30_DAYS,READY,,0
INTCUSDT-R-INTCUSDT-nyse_20260702T200000Z-s97,INTCUSDT,R,97,INTCUSDT-nyse_20260702T200000Z,R:INTCUSDT:2026-07:97,2026-07-13T21:30:00+00:00,2026-07-17T07:30:00+00:00,2026-07-13T21:30:00+00:00,2026-07-14T00:29:59.999000+00:00,2026-07-14T00:30:00+00:00,2026-07-17T07:29:59.999000+00:00,232260,237180,4920,180,4740,4920.0,2026-07,DESCRIPTIVE_ONLY,LISTING_AFTER_30_DAYS,READY,,0
INTCUSDT-R-INTCUSDT-nyse_20260710T200000Z-s3,INTCUSDT,R,3,INTCUSDT-nyse_20260710T200000Z,R:INTCUSDT:2026-07:3,2026-07-06T21:30:00+00:00,2026-07-09T07:30:00+00:00,2026-07-06T21:30:00+00:00,2026-07-07T00:29:59.999000+00:00,2026-07-07T00:30:00+00:00,2026-07-09T07:29:59.999000+00:00,222180,225660,3480,180,3300,3480.0,2026-07,DESCRIPTIVE_ONLY,LISTING_AFTER_30_DAYS,READY,,0
INTCUSDT-R-INTCUSDT-nyse_20260710T200000Z-s10,INTCUSDT,R,10,INTCUSDT-nyse_20260710T200000Z,R:INTCUSDT:2026-07:10,2026-07-14T20:30:00+00:00,2026-07-17T06:30:00+00:00,2026-07-14T20:30:00+00:00,2026-07-14T23:29:59.999000+00:00,2026-07-14T23:30:00+00:00,2026-07-17T06:29:59.999000+00:00,233640,237120,3480,180,3300,3480.0,2026-07,DESCRIPTIVE_ONLY,LISTING_AFTER_30_DAYS,READY,,0
INTCUSDT-R-INTCUSDT-nyse_20260710T200000Z-s17,INTCUSDT,R,17,INTCUSDT-nyse_20260710T200000Z,R:INTCUSDT:2026-07:17,2026-07-20T21:30:00+00:00,2026-07-23T07:30:00+00:00,2026-07-20T21:30:00+00:00,2026-07-21T00:29:59.999000+00:00,2026-07-21T00:30:00+00:00,2026-07-23T07:29:59.999000+00:00,242340,245820,3480,180,3300,3480.0,2026-07,DESCRIPTIVE_ONLY,LISTING_AFTER_30_DAYS,READY,,0
INTCUSDT-R-INTCUSDT-nyse_20260710T200000Z-s31,INTCUSDT,R,31,INTCUSDT-nyse_20260710T200000Z,R:INTCUSDT:2026-07:31,2026-07-13T19:30:00+00:00,2026-07-16T05:30:00+00:00,2026-07-13T19:30:00+00:00,2026-07-13T22:29:59.999000+00:00,2026-07-13T22:30:00+00:00,2026-07-16T05:29:59.999000+00:00,232140,235620,3480,180,3300,3480.0,2026-07,DESCRIPTIVE_ONLY,LISTING_AFTER_30_DAYS,READY,,0
INTCUSDT-R-INTCUSDT-nyse_20260710T200000Z-s59,INTCUSDT,R,59,INTCUSDT-nyse_20260710T200000Z,R:INTCUSDT:2026-07:59,2026-07-20T21:30:00+00:00,2026-07-23T07:30:00+00:00,2026-07-20T21:30:00+00:00,2026-07-21T00:29:59.999000+00:00,2026-07-21T00:30:00+00:00,2026-07-23T07:29:59.999000+00:00,242340,245820,3480,180,3300,3480.0,2026-07,DESCRIPTIVE_ONLY,LISTING_AFTER_30_DAYS,READY,,0
INTCUSDT-R-INTCUSDT-nyse_20260710T200000Z-s97,INTCUSDT,R,97,INTCUSDT-nyse_20260710T200000Z,R:INTCUSDT:2026-07:97,2026-07-20T19:30:00+00:00,2026-07-23T05:30:00+00:00,2026-07-20T19:30:00+00:00,2026-07-20T22:29:59.999000+00:00,2026-07-20T22:30:00+00:00,2026-07-23T05:29:59.999000+00:00,242220,245700,3480,180,3300,3480.0,2026-07,DESCRIPTIVE_ONLY,LISTING_AFTER_30_DAYS,READY,,0
INTCUSDT-R-INTCUSDT-nyse_20260717T200000Z-s3,INTCUSDT,R,3,INTCUSDT-nyse_20260717T200000Z,R:INTCUSDT:2026-07:3,2026-07-20T21:30:00+00:00,2026-07-23T07:30:00+00:00,2026-07-20T21:30:00+00:00,2026-07-21T00:29:59.999000+00:00,2026-07-21T00:30:00+00:00,2026-07-23T07:29:59.999000+00:00,242340,245820,3480,180,3300,3480.0,2026-07,DESCRIPTIVE_ONLY,LISTING_AFTER_30_DAYS,READY,,0
INTCUSDT-R-INTCUSDT-nyse_20260717T200000Z-s10,INTCUSDT,R,10,INTCUSDT-nyse_20260717T200000Z,R:INTCUSDT:2026-07:10,2026-07-20T19:30:00+00:00,2026-07-23T05:30:00+00:00,2026-07-20T19:30:00+00:00,2026-07-20T22:29:59.999000+00:00,2026-07-20T22:30:00+00:00,2026-07-23T05:29:59.999000+00:00,242220,245700,3480,180,3300,3480.0,2026-07,DESCRIPTIVE_ONLY,LISTING_AFTER_30_DAYS,READY,,0
INTCUSDT-R-INTCUSDT-nyse_20260717T200000Z-s17,INTCUSDT,R,17,INTCUSDT-nyse_20260717T200000Z,R:INTCUSDT:2026-07:17,2026-07-07T21:30:00+00:00,2026-07-10T07:30:00+00:00,2026-07-07T21:30:00+00:00,2026-07-08T00:29:59.999000+00:00,2026-07-08T00:30:00+00:00,2026-07-10T07:29:59.999000+00:00,223620,227100,3480,180,3300,3480.0,2026-07,DESCRIPTIVE_ONLY,LISTING_AFTER_30_DAYS,READY,,0
INTCUSDT-R-INTCUSDT-nyse_20260717T200000Z-s31,INTCUSDT,R,31,INTCUSDT-nyse_20260717T200000Z,R:INTCUSDT:2026-07:31,2026-07-20T21:30:00+00:00,2026-07-23T07:30:00+00:00,2026-07-20T21:30:00+00:00,2026-07-21T00:29:59.999000+00:00,2026-07-21T00:30:00+00:00,2026-07-23T07:29:59.999000+00:00,242340,245820,3480,180,3300,3480.0,2026-07,DESCRIPTIVE_ONLY,LISTING_AFTER_30_DAYS,READY,,0
INTCUSDT-R-INTCUSDT-nyse_20260717T200000Z-s59,INTCUSDT,R,59,INTCUSDT-nyse_20260717T200000Z,R:INTCUSDT:2026-07:59,2026-07-14T20:30:00+00:00,2026-07-17T06:30:00+00:00,2026-07-14T20:30:00+00:00,2026-07-14T23:29:59.999000+00:00,2026-07-14T23:30:00+00:00,2026-07-17T06:29:59.999000+00:00,233640,237120,3480,180,3300,3480.0,2026-07,DESCRIPTIVE_ONLY,LISTING_AFTER_30_DAYS,READY,,0
INTCUSDT-R-INTCUSDT-nyse_20260717T200000Z-s97,INTCUSDT,R,97,INTCUSDT-nyse_20260717T200000Z,R:INTCUSDT:2026-07:97,2026-07-07T19:30:00+00:00,2026-07-10T05:30:00+00:00,2026-07-07T19:30:00+00:00,2026-07-07T22:29:59.999000+00:00,2026-07-07T22:30:00+00:00,2026-07-10T05:29:59.999000+00:00,223500,226980,3480,180,3300,3480.0,2026-07,DESCRIPTIVE_ONLY,LISTING_AFTER_30_DAYS,READY,,0
MSTRUSDT-nyse_20260213T210000Z,MSTRUSDT,W,,,NYSE:2026-02-13T21:00:00+00:00:2026-02-17T07:00:00+00:00,2026-02-13T21:00:00+00:00,2026-02-17T07:00:00+00:00,2026-02-13T21:00:00+00:00,2026-02-13T23:59:59.999000+00:00,2026-02-14T00:00:00+00:00,2026-02-17T06:59:59.999000+00:00,6150,11070,4920,180,4740,4920.0,2026-02,DESCRIPTIVE_ONLY,LISTING_DAYS_1_14,READY,,0
MSTRUSDT-nyse_20260220T210000Z,MSTRUSDT,W,,,NYSE:2026-02-20T21:00:00+00:00:2026-02-23T07:00:00+00:00,2026-02-20T21:00:00+00:00,2026-02-23T07:00:00+00:00,2026-02-20T21:00:00+00:00,2026-02-20T23:59:59.999000+00:00,2026-02-21T00:00:00+00:00,2026-02-23T06:59:59.999000+00:00,16230,19710,3480,180,3300,3480.0,2026-02,DESCRIPTIVE_ONLY,LISTING_DAYS_1_14,READY,,0
MSTRUSDT-nyse_20260227T210000Z,MSTRUSDT,W,,,NYSE:2026-02-27T21:00:00+00:00:2026-03-02T07:00:00+00:00,2026-02-27T21:00:00+00:00,2026-03-02T07:00:00+00:00,2026-02-27T21:00:00+00:00,2026-02-27T23:59:59.999000+00:00,2026-02-28T00:00:00+00:00,2026-03-02T06:59:59.999000+00:00,26310,29790,3480,180,3300,3480.0,2026-02,DESCRIPTIVE_ONLY,LISTING_DAYS_15_30,READY,,0
MSTRUSDT-nyse_20260306T210000Z,MSTRUSDT,W,,,NYSE:2026-03-06T21:00:00+00:00:2026-03-09T06:00:00+00:00,2026-03-06T21:00:00+00:00,2026-03-09T06:00:00+00:00,2026-03-06T21:00:00+00:00,2026-03-06T23:59:59.999000+00:00,2026-03-07T00:00:00+00:00,2026-03-09T05:59:59.999000+00:00,36390,39810,3420,180,3240,3420.0,2026-03,RESEARCH_DEVELOPMENT,LISTING_DAYS_15_30,READY,,0
MSTRUSDT-nyse_20260313T200000Z,MSTRUSDT,W,,,NYSE:2026-03-13T20:00:00+00:00:2026-03-16T06:00:00+00:00,2026-03-13T20:00:00+00:00,2026-03-16T06:00:00+00:00,2026-03-13T20:00:00+00:00,2026-03-13T22:59:59.999000+00:00,2026-03-13T23:00:00+00:00,2026-03-16T05:59:59.999000+00:00,46410,49890,3480,180,3300,3480.0,2026-03,RESEARCH_DEVELOPMENT,LISTING_AFTER_30_DAYS,READY,,0
MSTRUSDT-nyse_20260320T200000Z,MSTRUSDT,W,,,NYSE:2026-03-20T20:00:00+00:00:2026-03-23T06:00:00+00:00,2026-03-20T20:00:00+00:00,2026-03-23T06:00:00+00:00,2026-03-20T20:00:00+00:00,2026-03-20T22:59:59.999000+00:00,2026-03-20T23:00:00+00:00,2026-03-23T05:59:59.999000+00:00,56490,59970,3480,180,3300,3480.0,2026-03,RESEARCH_DEVELOPMENT,LISTING_AFTER_30_DAYS,READY,,0
MSTRUSDT-nyse_20260327T200000Z,MSTRUSDT,W,,,NYSE:2026-03-27T20:00:00+00:00:2026-03-30T06:00:00+00:00,2026-03-27T20:00:00+00:00,2026-03-30T06:00:00+00:00,2026-03-27T20:00:00+00:00,2026-03-27T22:59:59.999000+00:00,2026-03-27T23:00:00+00:00,2026-03-30T05:59:59.999000+00:00,66570,70050,3480,180,3300,3480.0,2026-03,RESEARCH_DEVELOPMENT,LISTING_AFTER_30_DAYS,READY,,0
MSTRUSDT-nyse_20260402T200000Z,MSTRUSDT,W,,,NYSE:2026-04-02T20:00:00+00:00:2026-04-06T06:00:00+00:00,2026-04-02T20:00:00+00:00,2026-04-06T06:00:00+00:00,2026-04-02T20:00:00+00:00,2026-04-02T22:59:59.999000+00:00,2026-04-02T23:00:00+00:00,2026-04-06T05:59:59.999000+00:00,75210,80130,4920,180,4740,4920.0,2026-04,RESEARCH_DEVELOPMENT,LISTING_AFTER_30_DAYS,READY,,0
MSTRUSDT-nyse_20260410T200000Z,MSTRUSDT,W,,,NYSE:2026-04-10T20:00:00+00:00:2026-04-13T06:00:00+00:00,2026-04-10T20:00:00+00:00,2026-04-13T06:00:00+00:00,2026-04-10T20:00:00+00:00,2026-04-10T22:59:59.999000+00:00,2026-04-10T23:00:00+00:00,2026-04-13T05:59:59.999000+00:00,86730,90210,3480,180,3300,3480.0,2026-04,RESEARCH_DEVELOPMENT,LISTING_AFTER_30_DAYS,READY,,0
MSTRUSDT-nyse_20260417T200000Z,MSTRUSDT,W,,,NYSE:2026-04-17T20:00:00+00:00:2026-04-20T06:00:00+00:00,2026-04-17T20:00:00+00:00,2026-04-20T06:00:00+00:00,2026-04-17T20:00:00+00:00,2026-04-17T22:59:59.999000+00:00,2026-04-17T23:00:00+00:00,2026-04-20T05:59:59.999000+00:00,96810,100290,3480,180,3300,3480.0,2026-04,RESEARCH_DEVELOPMENT,LISTING_AFTER_30_DAYS,READY,,0
MSTRUSDT-nyse_20260424T200000Z,MSTRUSDT,W,,,NYSE:2026-04-24T20:00:00+00:00:2026-04-27T06:00:00+00:00,2026-04-24T20:00:00+00:00,2026-04-27T06:00:00+00:00,2026-04-24T20:00:00+00:00,2026-04-24T22:59:59.999000+00:00,2026-04-24T23:00:00+00:00,2026-04-27T05:59:59.999000+00:00,106890,110370,3480,180,3300,3480.0,2026-04,RESEARCH_DEVELOPMENT,LISTING_AFTER_30_DAYS,READY,,0
MSTRUSDT-nyse_20260501T200000Z,MSTRUSDT,W,,,NYSE:2026-05-01T20:00:00+00:00:2026-05-04T06:00:00+00:00,2026-05-01T20:00:00+00:00,2026-05-04T06:00:00+00:00,2026-05-01T20:00:00+00:00,2026-05-01T22:59:59.999000+00:00,2026-05-01T23:00:00+00:00,2026-05-04T05:59:59.999000+00:00,116970,120450,3480,180,3300,3480.0,2026-05,RESEARCH_DEVELOPMENT,LISTING_AFTER_30_DAYS,READY,,0
MSTRUSDT-nyse_20260508T200000Z,MSTRUSDT,W,,,NYSE:2026-05-08T20:00:00+00:00:2026-05-11T06:00:00+00:00,2026-05-08T20:00:00+00:00,2026-05-11T06:00:00+00:00,2026-05-08T20:00:00+00:00,2026-05-08T22:59:59.999000+00:00,2026-05-08T23:00:00+00:00,2026-05-11T05:59:59.999000+00:00,127050,130530,3480,180,3300,3480.0,2026-05,RESEARCH_DEVELOPMENT,LISTING_AFTER_30_DAYS,READY,,0
MSTRUSDT-nyse_20260515T200000Z,MSTRUSDT,W,,,NYSE:2026-05-15T20:00:00+00:00:2026-05-18T06:00:00+00:00,2026-05-15T20:00:00+00:00,2026-05-18T06:00:00+00:00,2026-05-15T20:00:00+00:00,2026-05-15T22:59:59.999000+00:00,2026-05-15T23:00:00+00:00,2026-05-18T05:59:59.999000+00:00,137130,140610,3480,180,3300,3480.0,2026-05,RESEARCH_DEVELOPMENT,LISTING_AFTER_30_DAYS,READY,,0
MSTRUSDT-nyse_20260522T200000Z,MSTRUSDT,W,,,NYSE:2026-05-22T20:00:00+00:00:2026-05-26T06:00:00+00:00,2026-05-22T20:00:00+00:00,2026-05-26T06:00:00+00:00,2026-05-22T20:00:00+00:00,2026-05-22T22:59:59.999000+00:00,2026-05-22T23:00:00+00:00,2026-05-26T05:59:59.999000+00:00,147210,152130,4920,180,4740,4920.0,2026-05,RESEARCH_DEVELOPMENT,LISTING_AFTER_30_DAYS,READY,,0
MSTRUSDT-nyse_20260529T200000Z,MSTRUSDT,W,,,NYSE:2026-05-29T20:00:00+00:00:2026-06-01T06:00:00+00:00,2026-05-29T20:00:00+00:00,2026-06-01T06:00:00+00:00,2026-05-29T20:00:00+00:00,2026-05-29T22:59:59.999000+00:00,2026-05-29T23:00:00+00:00,2026-06-01T05:59:59.999000+00:00,157290,160770,3480,180,3300,3480.0,2026-05,RESEARCH_DEVELOPMENT,LISTING_AFTER_30_DAYS,READY,,0
MSTRUSDT-nyse_20260605T200000Z,MSTRUSDT,W,,,NYSE:2026-06-05T20:00:00+00:00:2026-06-08T06:00:00+00:00,2026-06-05T20:00:00+00:00,2026-06-08T06:00:00+00:00,2026-06-05T20:00:00+00:00,2026-06-05T22:59:59.999000+00:00,2026-06-05T23:00:00+00:00,2026-06-08T05:59:59.999000+00:00,167370,170850,3480,180,3300,3480.0,2026-06,SEALED_SHORT_OOS,LISTING_AFTER_30_DAYS,READY,,0
MSTRUSDT-nyse_20260612T200000Z,MSTRUSDT,W,,,NYSE:2026-06-12T20:00:00+00:00:2026-06-15T06:00:00+00:00,2026-06-12T20:00:00+00:00,2026-06-15T06:00:00+00:00,2026-06-12T20:00:00+00:00,2026-06-12T22:59:59.999000+00:00,2026-06-12T23:00:00+00:00,2026-06-15T05:59:59.999000+00:00,177450,180930,3480,180,3300,3480.0,2026-06,SEALED_SHORT_OOS,LISTING_AFTER_30_DAYS,READY,,0
MSTRUSDT-nyse_20260618T200000Z,MSTRUSDT,W,,,NYSE:2026-06-18T20:00:00+00:00:2026-06-22T06:00:00+00:00,2026-06-18T20:00:00+00:00,2026-06-22T06:00:00+00:00,2026-06-18T20:00:00+00:00,2026-06-18T22:59:59.999000+00:00,2026-06-18T23:00:00+00:00,2026-06-22T05:59:59.999000+00:00,186090,191010,4920,180,4740,4920.0,2026-06,SEALED_SHORT_OOS,LISTING_AFTER_30_DAYS,READY,,0
MSTRUSDT-nyse_20260626T200000Z,MSTRUSDT,W,,,NYSE:2026-06-26T20:00:00+00:00:2026-06-29T06:00:00+00:00,2026-06-26T20:00:00+00:00,2026-06-29T06:00:00+00:00,2026-06-26T20:00:00+00:00,2026-06-26T22:59:59.999000+00:00,2026-06-26T23:00:00+00:00,2026-06-29T05:59:59.999000+00:00,197610,201090,3480,180,3300,3480.0,2026-06,SEALED_SHORT_OOS,LISTING_AFTER_30_DAYS,READY,,0
MSTRUSDT-nyse_20260702T200000Z,MSTRUSDT,W,,,NYSE:2026-07-02T20:00:00+00:00:2026-07-06T06:00:00+00:00,2026-07-02T20:00:00+00:00,2026-07-06T06:00:00+00:00,2026-07-02T20:00:00+00:00,2026-07-02T22:59:59.999000+00:00,2026-07-02T23:00:00+00:00,2026-07-06T05:59:59.999000+00:00,206250,211170,4920,180,4740,4920.0,2026-07,DESCRIPTIVE_ONLY,LISTING_AFTER_30_DAYS,READY,,0
MSTRUSDT-nyse_20260710T200000Z,MSTRUSDT,W,,,NYSE:2026-07-10T20:00:00+00:00:2026-07-13T06:00:00+00:00,2026-07-10T20:00:00+00:00,2026-07-13T06:00:00+00:00,2026-07-10T20:00:00+00:00,2026-07-10T22:59:59.999000+00:00,2026-07-10T23:00:00+00:00,2026-07-13T05:59:59.999000+00:00,217770,221250,3480,180,3300,3480.0,2026-07,DESCRIPTIVE_ONLY,LISTING_AFTER_30_DAYS,READY,,0
MSTRUSDT-nyse_20260717T200000Z,MSTRUSDT,W,,,NYSE:2026-07-17T20:00:00+00:00:2026-07-20T06:00:00+00:00,2026-07-17T20:00:00+00:00,2026-07-20T06:00:00+00:00,2026-07-17T20:00:00+00:00,2026-07-17T22:59:59.999000+00:00,2026-07-17T23:00:00+00:00,2026-07-20T05:59:59.999000+00:00,227850,231330,3480,180,3300,3480.0,2026-07,DESCRIPTIVE_ONLY,LISTING_AFTER_30_DAYS,READY,,0
MSTRUSDT-O-20260723T200000Z,MSTRUSDT,O,,,NYSE:2026-07-23T20:00:00+00:00:2026-07-24T06:00:00+00:00,2026-07-23T20:00:00+00:00,2026-07-24T06:00:00+00:00,2026-07-23T20:00:00+00:00,2026-07-23T22:59:59.999000+00:00,2026-07-23T23:00:00+00:00,2026-07-23T23:59:59.999000+00:00,236490,236730,240,180,60,600.0,2026-07,DESCRIPTIVE_ONLY,LISTING_AFTER_30_DAYS,READY,,0
MSTRUSDT-O-20260209T210000Z,MSTRUSDT,O,,,NYSE:2026-02-09T21:00:00+00:00:2026-02-10T07:00:00+00:00,2026-02-09T21:00:00+00:00,2026-02-10T07:00:00+00:00,2026-02-09T21:00:00+00:00,2026-02-09T23:59:59.999000+00:00,2026-02-10T00:00:00+00:00,2026-02-10T06:59:59.999000+00:00,390,990,600,180,420,600.0,2026-02,DESCRIPTIVE_ONLY,LISTING_DAYS_1_14,SKIPPED,OVERLAPS_FROZEN_RANDOM_WINDOW,0
MSTRUSDT-O-20260210T210000Z,MSTRUSDT,O,,,NYSE:2026-02-10T21:00:00+00:00:2026-02-11T07:00:00+00:00,2026-02-10T21:00:00+00:00,2026-02-11T07:00:00+00:00,2026-02-10T21:00:00+00:00,2026-02-10T23:59:59.999000+00:00,2026-02-11T00:00:00+00:00,2026-02-11T06:59:59.999000+00:00,1830,2430,600,180,420,600.0,2026-02,DESCRIPTIVE_ONLY,LISTING_DAYS_1_14,SKIPPED,OVERLAPS_FROZEN_RANDOM_WINDOW,0
MSTRUSDT-O-20260211T210000Z,MSTRUSDT,O,,,NYSE:2026-02-11T21:00:00+00:00:2026-02-12T07:00:00+00:00,2026-02-11T21:00:00+00:00,2026-02-12T07:00:00+00:00,2026-02-11T21:00:00+00:00,2026-02-11T23:59:59.999000+00:00,2026-02-12T00:00:00+00:00,2026-02-12T06:59:59.999000+00:00,3270,3870,600,180,420,600.0,2026-02,DESCRIPTIVE_ONLY,LISTING_DAYS_1_14,SKIPPED,OVERLAPS_FROZEN_RANDOM_WINDOW,0
MSTRUSDT-O-20260212T210000Z,MSTRUSDT,O,,,NYSE:2026-02-12T21:00:00+00:00:2026-02-13T07:00:00+00:00,2026-02-12T21:00:00+00:00,2026-02-13T07:00:00+00:00,2026-02-12T21:00:00+00:00,2026-02-12T23:59:59.999000+00:00,2026-02-13T00:00:00+00:00,2026-02-13T06:59:59.999000+00:00,4710,5310,600,180,420,600.0,2026-02,DESCRIPTIVE_ONLY,LISTING_DAYS_1_14,SKIPPED,OVERLAPS_FROZEN_RANDOM_WINDOW,0
MSTRUSDT-O-20260217T210000Z,MSTRUSDT,O,,,NYSE:2026-02-17T21:00:00+00:00:2026-02-18T07:00:00+00:00,2026-02-17T21:00:00+00:00,2026-02-18T07:00:00+00:00,2026-02-17T21:00:00+00:00,2026-02-17T23:59:59.999000+00:00,2026-02-18T00:00:00+00:00,2026-02-18T06:59:59.999000+00:00,11910,12510,600,180,420,600.0,2026-02,DESCRIPTIVE_ONLY,LISTING_DAYS_1_14,SKIPPED,OVERLAPS_FROZEN_RANDOM_WINDOW,0
MSTRUSDT-O-20260218T210000Z,MSTRUSDT,O,,,NYSE:2026-02-18T21:00:00+00:00:2026-02-19T07:00:00+00:00,2026-02-18T21:00:00+00:00,2026-02-19T07:00:00+00:00,2026-02-18T21:00:00+00:00,2026-02-18T23:59:59.999000+00:00,2026-02-19T00:00:00+00:00,2026-02-19T06:59:59.999000+00:00,13350,13950,600,180,420,600.0,2026-02,DESCRIPTIVE_ONLY,LISTING_DAYS_1_14,SKIPPED,OVERLAPS_FROZEN_RANDOM_WINDOW,0
MSTRUSDT-O-20260219T210000Z,MSTRUSDT,O,,,NYSE:2026-02-19T21:00:00+00:00:2026-02-20T07:00:00+00:00,2026-02-19T21:00:00+00:00,2026-02-20T07:00:00+00:00,2026-02-19T21:00:00+00:00,2026-02-19T23:59:59.999000+00:00,2026-02-20T00:00:00+00:00,2026-02-20T06:59:59.999000+00:00,14790,15390,600,180,420,600.0,2026-02,DESCRIPTIVE_ONLY,LISTING_DAYS_1_14,SKIPPED,OVERLAPS_FROZEN_RANDOM_WINDOW,0
MSTRUSDT-O-20260223T210000Z,MSTRUSDT,O,,,NYSE:2026-02-23T21:00:00+00:00:2026-02-24T07:00:00+00:00,2026-02-23T21:00:00+00:00,2026-02-24T07:00:00+00:00,2026-02-23T21:00:00+00:00,2026-02-23T23:59:59.999000+00:00,2026-02-24T00:00:00+00:00,2026-02-24T06:59:59.999000+00:00,20550,21150,600,180,420,600.0,2026-02,DESCRIPTIVE_ONLY,LISTING_DAYS_15_30,SKIPPED,OVERLAPS_FROZEN_RANDOM_WINDOW,0
MSTRUSDT-O-20260224T210000Z,MSTRUSDT,O,,,NYSE:2026-02-24T21:00:00+00:00:2026-02-25T07:00:00+00:00,2026-02-24T21:00:00+00:00,2026-02-25T07:00:00+00:00,2026-02-24T21:00:00+00:00,2026-02-24T23:59:59.999000+00:00,2026-02-25T00:00:00+00:00,2026-02-25T06:59:59.999000+00:00,21990,22590,600,180,420,600.0,2026-02,DESCRIPTIVE_ONLY,LISTING_DAYS_15_30,SKIPPED,OVERLAPS_FROZEN_RANDOM_WINDOW,0
MSTRUSDT-O-20260225T210000Z,MSTRUSDT,O,,,NYSE:2026-02-25T21:00:00+00:00:2026-02-26T07:00:00+00:00,2026-02-25T21:00:00+00:00,2026-02-26T07:00:00+00:00,2026-02-25T21:00:00+00:00,2026-02-25T23:59:59.999000+00:00,2026-02-26T00:00:00+00:00,2026-02-26T06:59:59.999000+00:00,23430,24030,600,180,420,600.0,2026-02,DESCRIPTIVE_ONLY,LISTING_DAYS_15_30,SKIPPED,OVERLAPS_FROZEN_RANDOM_WINDOW,0
MSTRUSDT-O-20260226T210000Z,MSTRUSDT,O,,,NYSE:2026-02-26T21:00:00+00:00:2026-02-27T07:00:00+00:00,2026-02-26T21:00:00+00:00,2026-02-27T07:00:00+00:00,2026-02-26T21:00:00+00:00,2026-02-26T23:59:59.999000+00:00,2026-02-27T00:00:00+00:00,2026-02-27T06:59:59.999000+00:00,24870,25470,600,180,420,600.0,2026-02,DESCRIPTIVE_ONLY,LISTING_DAYS_15_30,SKIPPED,OVERLAPS_FROZEN_RANDOM_WINDOW,0
MSTRUSDT-O-20260302T210000Z,MSTRUSDT,O,,,NYSE:2026-03-02T21:00:00+00:00:2026-03-03T07:00:00+00:00,2026-03-02T21:00:00+00:00,2026-03-03T07:00:00+00:00,2026-03-02T21:00:00+00:00,2026-03-02T23:59:59.999000+00:00,2026-03-03T00:00:00+00:00,2026-03-03T06:59:59.999000+00:00,30630,31230,600,180,420,600.0,2026-03,RESEARCH_DEVELOPMENT,LISTING_DAYS_15_30,SKIPPED,OVERLAPS_FROZEN_RANDOM_WINDOW,0
MSTRUSDT-O-20260303T210000Z,MSTRUSDT,O,,,NYSE:2026-03-03T21:00:00+00:00:2026-03-04T07:00:00+00:00,2026-03-03T21:00:00+00:00,2026-03-04T07:00:00+00:00,2026-03-03T21:00:00+00:00,2026-03-03T23:59:59.999000+00:00,2026-03-04T00:00:00+00:00,2026-03-04T06:59:59.999000+00:00,32070,32670,600,180,420,600.0,2026-03,RESEARCH_DEVELOPMENT,LISTING_DAYS_15_30,SKIPPED,OVERLAPS_FROZEN_RANDOM_WINDOW,0
MSTRUSDT-O-20260304T210000Z,MSTRUSDT,O,,,NYSE:2026-03-04T21:00:00+00:00:2026-03-05T07:00:00+00:00,2026-03-04T21:00:00+00:00,2026-03-05T07:00:00+00:00,2026-03-04T21:00:00+00:00,2026-03-04T23:59:59.999000+00:00,2026-03-05T00:00:00+00:00,2026-03-05T06:59:59.999000+00:00,33510,34110,600,180,420,600.0,2026-03,RESEARCH_DEVELOPMENT,LISTING_DAYS_15_30,SKIPPED,OVERLAPS_FROZEN_RANDOM_WINDOW,0
MSTRUSDT-O-20260305T210000Z,MSTRUSDT,O,,,NYSE:2026-03-05T21:00:00+00:00:2026-03-06T07:00:00+00:00,2026-03-05T21:00:00+00:00,2026-03-06T07:00:00+00:00,2026-03-05T21:00:00+00:00,2026-03-05T23:59:59.999000+00:00,2026-03-06T00:00:00+00:00,2026-03-06T06:59:59.999000+00:00,34950,35550,600,180,420,600.0,2026-03,RESEARCH_DEVELOPMENT,LISTING_DAYS_15_30,SKIPPED,OVERLAPS_FROZEN_RANDOM_WINDOW,0
MSTRUSDT-O-20260309T200000Z,MSTRUSDT,O,,,NYSE:2026-03-09T20:00:00+00:00:2026-03-10T06:00:00+00:00,2026-03-09T20:00:00+00:00,2026-03-10T06:00:00+00:00,2026-03-09T20:00:00+00:00,2026-03-09T22:59:59.999000+00:00,2026-03-09T23:00:00+00:00,2026-03-10T05:59:59.999000+00:00,40650,41250,600,180,420,600.0,2026-03,RESEARCH_DEVELOPMENT,LISTING_DAYS_15_30,SKIPPED,OVERLAPS_FROZEN_RANDOM_WINDOW,0
MSTRUSDT-O-20260310T200000Z,MSTRUSDT,O,,,NYSE:2026-03-10T20:00:00+00:00:2026-03-11T06:00:00+00:00,2026-03-10T20:00:00+00:00,2026-03-11T06:00:00+00:00,2026-03-10T20:00:00+00:00,2026-03-10T22:59:59.999000+00:00,2026-03-10T23:00:00+00:00,2026-03-11T05:59:59.999000+00:00,42090,42690,600,180,420,600.0,2026-03,RESEARCH_DEVELOPMENT,LISTING_DAYS_15_30,SKIPPED,OVERLAPS_FROZEN_RANDOM_WINDOW,0
MSTRUSDT-O-20260311T200000Z,MSTRUSDT,O,,,NYSE:2026-03-11T20:00:00+00:00:2026-03-12T06:00:00+00:00,2026-03-11T20:00:00+00:00,2026-03-12T06:00:00+00:00,2026-03-11T20:00:00+00:00,2026-03-11T22:59:59.999000+00:00,2026-03-11T23:00:00+00:00,2026-03-12T05:59:59.999000+00:00,43530,44130,600,180,420,600.0,2026-03,RESEARCH_DEVELOPMENT,LISTING_AFTER_30_DAYS,SKIPPED,OVERLAPS_FROZEN_RANDOM_WINDOW,0
MSTRUSDT-O-20260312T200000Z,MSTRUSDT,O,,,NYSE:2026-03-12T20:00:00+00:00:2026-03-13T06:00:00+00:00,2026-03-12T20:00:00+00:00,2026-03-13T06:00:00+00:00,2026-03-12T20:00:00+00:00,2026-03-12T22:59:59.999000+00:00,2026-03-12T23:00:00+00:00,2026-03-13T05:59:59.999000+00:00,44970,45570,600,180,420,600.0,2026-03,RESEARCH_DEVELOPMENT,LISTING_AFTER_30_DAYS,SKIPPED,OVERLAPS_FROZEN_RANDOM_WINDOW,0
MSTRUSDT-O-20260316T200000Z,MSTRUSDT,O,,,NYSE:2026-03-16T20:00:00+00:00:2026-03-17T06:00:00+00:00,2026-03-16T20:00:00+00:00,2026-03-17T06:00:00+00:00,2026-03-16T20:00:00+00:00,2026-03-16T22:59:59.999000+00:00,2026-03-16T23:00:00+00:00,2026-03-17T05:59:59.999000+00:00,50730,51330,600,180,420,600.0,2026-03,RESEARCH_DEVELOPMENT,LISTING_AFTER_30_DAYS,SKIPPED,OVERLAPS_FROZEN_RANDOM_WINDOW,0
MSTRUSDT-O-20260317T200000Z,MSTRUSDT,O,,,NYSE:2026-03-17T20:00:00+00:00:2026-03-18T06:00:00+00:00,2026-03-17T20:00:00+00:00,2026-03-18T06:00:00+00:00,2026-03-17T20:00:00+00:00,2026-03-17T22:59:59.999000+00:00,2026-03-17T23:00:00+00:00,2026-03-18T05:59:59.999000+00:00,52170,52770,600,180,420,600.0,2026-03,RESEARCH_DEVELOPMENT,LISTING_AFTER_30_DAYS,SKIPPED,OVERLAPS_FROZEN_RANDOM_WINDOW,0
MSTRUSDT-O-20260318T200000Z,MSTRUSDT,O,,,NYSE:2026-03-18T20:00:00+00:00:2026-03-19T06:00:00+00:00,2026-03-18T20:00:00+00:00,2026-03-19T06:00:00+00:00,2026-03-18T20:00:00+00:00,2026-03-18T22:59:59.999000+00:00,2026-03-18T23:00:00+00:00,2026-03-19T05:59:59.999000+00:00,53610,54210,600,180,420,600.0,2026-03,RESEARCH_DEVELOPMENT,LISTING_AFTER_30_DAYS,SKIPPED,OVERLAPS_FROZEN_RANDOM_WINDOW,0
MSTRUSDT-O-20260319T200000Z,MSTRUSDT,O,,,NYSE:2026-03-19T20:00:00+00:00:2026-03-20T06:00:00+00:00,2026-03-19T20:00:00+00:00,2026-03-20T06:00:00+00:00,2026-03-19T20:00:00+00:00,2026-03-19T22:59:59.999000+00:00,2026-03-19T23:00:00+00:00,2026-03-20T05:59:59.999000+00:00,55050,55650,600,180,420,600.0,2026-03,RESEARCH_DEVELOPMENT,LISTING_AFTER_30_DAYS,SKIPPED,OVERLAPS_FROZEN_RANDOM_WINDOW,0
MSTRUSDT-O-20260323T200000Z,MSTRUSDT,O,,,NYSE:2026-03-23T20:00:00+00:00:2026-03-24T06:00:00+00:00,2026-03-23T20:00:00+00:00,2026-03-24T06:00:00+00:00,2026-03-23T20:00:00+00:00,2026-03-23T22:59:59.999000+00:00,2026-03-23T23:00:00+00:00,2026-03-24T05:59:59.999000+00:00,60810,61410,600,180,420,600.0,2026-03,RESEARCH_DEVELOPMENT,LISTING_AFTER_30_DAYS,SKIPPED,OVERLAPS_FROZEN_RANDOM_WINDOW,0
MSTRUSDT-O-20260324T200000Z,MSTRUSDT,O,,,NYSE:2026-03-24T20:00:00+00:00:2026-03-25T06:00:00+00:00,2026-03-24T20:00:00+00:00,2026-03-25T06:00:00+00:00,2026-03-24T20:00:00+00:00,2026-03-24T22:59:59.999000+00:00,2026-03-24T23:00:00+00:00,2026-03-25T05:59:59.999000+00:00,62250,62850,600,180,420,600.0,2026-03,RESEARCH_DEVELOPMENT,LISTING_AFTER_30_DAYS,SKIPPED,OVERLAPS_FROZEN_RANDOM_WINDOW,0
MSTRUSDT-O-20260325T200000Z,MSTRUSDT,O,,,NYSE:2026-03-25T20:00:00+00:00:2026-03-26T06:00:00+00:00,2026-03-25T20:00:00+00:00,2026-03-26T06:00:00+00:00,2026-03-25T20:00:00+00:00,2026-03-25T22:59:59.999000+00:00,2026-03-25T23:00:00+00:00,2026-03-26T05:59:59.999000+00:00,63690,64290,600,180,420,600.0,2026-03,RESEARCH_DEVELOPMENT,LISTING_AFTER_30_DAYS,SKIPPED,OVERLAPS_FROZEN_RANDOM_WINDOW,0
MSTRUSDT-O-20260326T200000Z,MSTRUSDT,O,,,NYSE:2026-03-26T20:00:00+00:00:2026-03-27T06:00:00+00:00,2026-03-26T20:00:00+00:00,2026-03-27T06:00:00+00:00,2026-03-26T20:00:00+00:00,2026-03-26T22:59:59.999000+00:00,2026-03-26T23:00:00+00:00,2026-03-27T05:59:59.999000+00:00,65130,65730,600,180,420,600.0,2026-03,RESEARCH_DEVELOPMENT,LISTING_AFTER_30_DAYS,SKIPPED,OVERLAPS_FROZEN_RANDOM_WINDOW,0
MSTRUSDT-O-20260330T200000Z,MSTRUSDT,O,,,NYSE:2026-03-30T20:00:00+00:00:2026-03-31T06:00:00+00:00,2026-03-30T20:00:00+00:00,2026-03-31T06:00:00+00:00,2026-03-30T20:00:00+00:00,2026-03-30T22:59:59.999000+00:00,2026-03-30T23:00:00+00:00,2026-03-31T05:59:59.999000+00:00,70890,71490,600,180,420,600.0,2026-03,RESEARCH_DEVELOPMENT,LISTING_AFTER_30_DAYS,SKIPPED,OVERLAPS_FROZEN_RANDOM_WINDOW,0
MSTRUSDT-O-20260331T200000Z,MSTRUSDT,O,,,NYSE:2026-03-31T20:00:00+00:00:2026-04-01T06:00:00+00:00,2026-03-31T20:00:00+00:00,2026-04-01T06:00:00+00:00,2026-03-31T20:00:00+00:00,2026-03-31T22:59:59.999000+00:00,2026-03-31T23:00:00+00:00,2026-04-01T05:59:59.999000+00:00,72330,72930,600,180,420,600.0,2026-03,RESEARCH_DEVELOPMENT,LISTING_AFTER_30_DAYS,SKIPPED,OVERLAPS_FROZEN_RANDOM_WINDOW,0
MSTRUSDT-O-20260401T200000Z,MSTRUSDT,O,,,NYSE:2026-04-01T20:00:00+00:00:2026-04-02T06:00:00+00:00,2026-04-01T20:00:00+00:00,2026-04-02T06:00:00+00:00,2026-04-01T20:00:00+00:00,2026-04-01T22:59:59.999000+00:00,2026-04-01T23:00:00+00:00,2026-04-02T05:59:59.999000+00:00,73770,74370,600,180,420,600.0,2026-04,RESEARCH_DEVELOPMENT,LISTING_AFTER_30_DAYS,SKIPPED,OVERLAPS_FROZEN_RANDOM_WINDOW,0
MSTRUSDT-O-20260406T200000Z,MSTRUSDT,O,,,NYSE:2026-04-06T20:00:00+00:00:2026-04-07T06:00:00+00:00,2026-04-06T20:00:00+00:00,2026-04-07T06:00:00+00:00,2026-04-06T20:00:00+00:00,2026-04-06T22:59:59.999000+00:00,2026-04-06T23:00:00+00:00,2026-04-07T05:59:59.999000+00:00,80970,81570,600,180,420,600.0,2026-04,RESEARCH_DEVELOPMENT,LISTING_AFTER_30_DAYS,SKIPPED,OVERLAPS_FROZEN_RANDOM_WINDOW,0
MSTRUSDT-O-20260407T200000Z,MSTRUSDT,O,,,NYSE:2026-04-07T20:00:00+00:00:2026-04-08T06:00:00+00:00,2026-04-07T20:00:00+00:00,2026-04-08T06:00:00+00:00,2026-04-07T20:00:00+00:00,2026-04-07T22:59:59.999000+00:00,2026-04-07T23:00:00+00:00,2026-04-08T05:59:59.999000+00:00,82410,83010,600,180,420,600.0,2026-04,RESEARCH_DEVELOPMENT,LISTING_AFTER_30_DAYS,SKIPPED,OVERLAPS_FROZEN_RANDOM_WINDOW,0
MSTRUSDT-O-20260408T200000Z,MSTRUSDT,O,,,NYSE:2026-04-08T20:00:00+00:00:2026-04-09T06:00:00+00:00,2026-04-08T20:00:00+00:00,2026-04-09T06:00:00+00:00,2026-04-08T20:00:00+00:00,2026-04-08T22:59:59.999000+00:00,2026-04-08T23:00:00+00:00,2026-04-09T05:59:59.999000+00:00,83850,84450,600,180,420,600.0,2026-04,RESEARCH_DEVELOPMENT,LISTING_AFTER_30_DAYS,SKIPPED,OVERLAPS_FROZEN_RANDOM_WINDOW,0
MSTRUSDT-O-20260409T200000Z,MSTRUSDT,O,,,NYSE:2026-04-09T20:00:00+00:00:2026-04-10T06:00:00+00:00,2026-04-09T20:00:00+00:00,2026-04-10T06:00:00+00:00,2026-04-09T20:00:00+00:00,2026-04-09T22:59:59.999000+00:00,2026-04-09T23:00:00+00:00,2026-04-10T05:59:59.999000+00:00,85290,85890,600,180,420,600.0,2026-04,RESEARCH_DEVELOPMENT,LISTING_AFTER_30_DAYS,SKIPPED,OVERLAPS_FROZEN_RANDOM_WINDOW,0
MSTRUSDT-O-20260413T200000Z,MSTRUSDT,O,,,NYSE:2026-04-13T20:00:00+00:00:2026-04-14T06:00:00+00:00,2026-04-13T20:00:00+00:00,2026-04-14T06:00:00+00:00,2026-04-13T20:00:00+00:00,2026-04-13T22:59:59.999000+00:00,2026-04-13T23:00:00+00:00,2026-04-14T05:59:59.999000+00:00,91050,91650,600,180,420,600.0,2026-04,RESEARCH_DEVELOPMENT,LISTING_AFTER_30_DAYS,SKIPPED,OVERLAPS_FROZEN_RANDOM_WINDOW,0
MSTRUSDT-O-20260414T200000Z,MSTRUSDT,O,,,NYSE:2026-04-14T20:00:00+00:00:2026-04-15T06:00:00+00:00,2026-04-14T20:00:00+00:00,2026-04-15T06:00:00+00:00,2026-04-14T20:00:00+00:00,2026-04-14T22:59:59.999000+00:00,2026-04-14T23:00:00+00:00,2026-04-15T05:59:59.999000+00:00,92490,93090,600,180,420,600.0,2026-04,RESEARCH_DEVELOPMENT,LISTING_AFTER_30_DAYS,SKIPPED,OVERLAPS_FROZEN_RANDOM_WINDOW,0
MSTRUSDT-O-20260415T200000Z,MSTRUSDT,O,,,NYSE:2026-04-15T20:00:00+00:00:2026-04-16T06:00:00+00:00,2026-04-15T20:00:00+00:00,2026-04-16T06:00:00+00:00,2026-04-15T20:00:00+00:00,2026-04-15T22:59:59.999000+00:00,2026-04-15T23:00:00+00:00,2026-04-16T05:59:59.999000+00:00,93930,94530,600,180,420,600.0,2026-04,RESEARCH_DEVELOPMENT,LISTING_AFTER_30_DAYS,SKIPPED,OVERLAPS_FROZEN_RANDOM_WINDOW,0
MSTRUSDT-O-20260416T200000Z,MSTRUSDT,O,,,NYSE:2026-04-16T20:00:00+00:00:2026-04-17T06:00:00+00:00,2026-04-16T20:00:00+00:00,2026-04-17T06:00:00+00:00,2026-04-16T20:00:00+00:00,2026-04-16T22:59:59.999000+00:00,2026-04-16T23:00:00+00:00,2026-04-17T05:59:59.999000+00:00,95370,95970,600,180,420,600.0,2026-04,RESEARCH_DEVELOPMENT,LISTING_AFTER_30_DAYS,SKIPPED,OVERLAPS_FROZEN_RANDOM_WINDOW,0
MSTRUSDT-O-20260420T200000Z,MSTRUSDT,O,,,NYSE:2026-04-20T20:00:00+00:00:2026-04-21T06:00:00+00:00,2026-04-20T20:00:00+00:00,2026-04-21T06:00:00+00:00,2026-04-20T20:00:00+00:00,2026-04-20T22:59:59.999000+00:00,2026-04-20T23:00:00+00:00,2026-04-21T05:59:59.999000+00:00,101130,101730,600,180,420,600.0,2026-04,RESEARCH_DEVELOPMENT,LISTING_AFTER_30_DAYS,SKIPPED,OVERLAPS_FROZEN_RANDOM_WINDOW,0
MSTRUSDT-O-20260421T200000Z,MSTRUSDT,O,,,NYSE:2026-04-21T20:00:00+00:00:2026-04-22T06:00:00+00:00,2026-04-21T20:00:00+00:00,2026-04-22T06:00:00+00:00,2026-04-21T20:00:00+00:00,2026-04-21T22:59:59.999000+00:00,2026-04-21T23:00:00+00:00,2026-04-22T05:59:59.999000+00:00,102570,103170,600,180,420,600.0,2026-04,RESEARCH_DEVELOPMENT,LISTING_AFTER_30_DAYS,SKIPPED,OVERLAPS_FROZEN_RANDOM_WINDOW,0
MSTRUSDT-O-20260422T200000Z,MSTRUSDT,O,,,NYSE:2026-04-22T20:00:00+00:00:2026-04-23T06:00:00+00:00,2026-04-22T20:00:00+00:00,2026-04-23T06:00:00+00:00,2026-04-22T20:00:00+00:00,2026-04-22T22:59:59.999000+00:00,2026-04-22T23:00:00+00:00,2026-04-23T05:59:59.999000+00:00,104010,104610,600,180,420,600.0,2026-04,RESEARCH_DEVELOPMENT,LISTING_AFTER_30_DAYS,SKIPPED,OVERLAPS_FROZEN_RANDOM_WINDOW,0
MSTRUSDT-O-20260423T200000Z,MSTRUSDT,O,,,NYSE:2026-04-23T20:00:00+00:00:2026-04-24T06:00:00+00:00,2026-04-23T20:00:00+00:00,2026-04-24T06:00:00+00:00,2026-04-23T20:00:00+00:00,2026-04-23T22:59:59.999000+00:00,2026-04-23T23:00:00+00:00,2026-04-24T05:59:59.999000+00:00,105450,106050,600,180,420,600.0,2026-04,RESEARCH_DEVELOPMENT,LISTING_AFTER_30_DAYS,SKIPPED,OVERLAPS_FROZEN_RANDOM_WINDOW,0
MSTRUSDT-O-20260427T200000Z,MSTRUSDT,O,,,NYSE:2026-04-27T20:00:00+00:00:2026-04-28T06:00:00+00:00,2026-04-27T20:00:00+00:00,2026-04-28T06:00:00+00:00,2026-04-27T20:00:00+00:00,2026-04-27T22:59:59.999000+00:00,2026-04-27T23:00:00+00:00,2026-04-28T05:59:59.999000+00:00,111210,111810,600,180,420,600.0,2026-04,RESEARCH_DEVELOPMENT,LISTING_AFTER_30_DAYS,SKIPPED,OVERLAPS_FROZEN_RANDOM_WINDOW,0
MSTRUSDT-O-20260428T200000Z,MSTRUSDT,O,,,NYSE:2026-04-28T20:00:00+00:00:2026-04-29T06:00:00+00:00,2026-04-28T20:00:00+00:00,2026-04-29T06:00:00+00:00,2026-04-28T20:00:00+00:00,2026-04-28T22:59:59.999000+00:00,2026-04-28T23:00:00+00:00,2026-04-29T05:59:59.999000+00:00,112650,113250,600,180,420,600.0,2026-04,RESEARCH_DEVELOPMENT,LISTING_AFTER_30_DAYS,SKIPPED,OVERLAPS_FROZEN_RANDOM_WINDOW,0
MSTRUSDT-O-20260429T200000Z,MSTRUSDT,O,,,NYSE:2026-04-29T20:00:00+00:00:2026-04-30T06:00:00+00:00,2026-04-29T20:00:00+00:00,2026-04-30T06:00:00+00:00,2026-04-29T20:00:00+00:00,2026-04-29T22:59:59.999000+00:00,2026-04-29T23:00:00+00:00,2026-04-30T05:59:59.999000+00:00,114090,114690,600,180,420,600.0,2026-04,RESEARCH_DEVELOPMENT,LISTING_AFTER_30_DAYS,SKIPPED,OVERLAPS_FROZEN_RANDOM_WINDOW,0
MSTRUSDT-O-20260430T200000Z,MSTRUSDT,O,,,NYSE:2026-04-30T20:00:00+00:00:2026-05-01T06:00:00+00:00,2026-04-30T20:00:00+00:00,2026-05-01T06:00:00+00:00,2026-04-30T20:00:00+00:00,2026-04-30T22:59:59.999000+00:00,2026-04-30T23:00:00+00:00,2026-05-01T05:59:59.999000+00:00,115530,116130,600,180,420,600.0,2026-04,RESEARCH_DEVELOPMENT,LISTING_AFTER_30_DAYS,SKIPPED,OVERLAPS_FROZEN_RANDOM_WINDOW,0
MSTRUSDT-O-20260504T200000Z,MSTRUSDT,O,,,NYSE:2026-05-04T20:00:00+00:00:2026-05-05T06:00:00+00:00,2026-05-04T20:00:00+00:00,2026-05-05T06:00:00+00:00,2026-05-04T20:00:00+00:00,2026-05-04T22:59:59.999000+00:00,2026-05-04T23:00:00+00:00,2026-05-05T05:59:59.999000+00:00,121290,121890,600,180,420,600.0,2026-05,RESEARCH_DEVELOPMENT,LISTING_AFTER_30_DAYS,SKIPPED,OVERLAPS_FROZEN_RANDOM_WINDOW,0
MSTRUSDT-O-20260505T200000Z,MSTRUSDT,O,,,NYSE:2026-05-05T20:00:00+00:00:2026-05-06T06:00:00+00:00,2026-05-05T20:00:00+00:00,2026-05-06T06:00:00+00:00,2026-05-05T20:00:00+00:00,2026-05-05T22:59:59.999000+00:00,2026-05-05T23:00:00+00:00,2026-05-06T05:59:59.999000+00:00,122730,123330,600,180,420,600.0,2026-05,RESEARCH_DEVELOPMENT,LISTING_AFTER_30_DAYS,SKIPPED,OVERLAPS_FROZEN_RANDOM_WINDOW,0
MSTRUSDT-O-20260506T200000Z,MSTRUSDT,O,,,NYSE:2026-05-06T20:00:00+00:00:2026-05-07T06:00:00+00:00,2026-05-06T20:00:00+00:00,2026-05-07T06:00:00+00:00,2026-05-06T20:00:00+00:00,2026-05-06T22:59:59.999000+00:00,2026-05-06T23:00:00+00:00,2026-05-07T05:59:59.999000+00:00,124170,124770,600,180,420,600.0,2026-05,RESEARCH_DEVELOPMENT,LISTING_AFTER_30_DAYS,SKIPPED,OVERLAPS_FROZEN_RANDOM_WINDOW,0
MSTRUSDT-O-20260507T200000Z,MSTRUSDT,O,,,NYSE:2026-05-07T20:00:00+00:00:2026-05-08T06:00:00+00:00,2026-05-07T20:00:00+00:00,2026-05-08T06:00:00+00:00,2026-05-07T20:00:00+00:00,2026-05-07T22:59:59.999000+00:00,2026-05-07T23:00:00+00:00,2026-05-08T05:59:59.999000+00:00,125610,126210,600,180,420,600.0,2026-05,RESEARCH_DEVELOPMENT,LISTING_AFTER_30_DAYS,SKIPPED,OVERLAPS_FROZEN_RANDOM_WINDOW,0
MSTRUSDT-O-20260511T200000Z,MSTRUSDT,O,,,NYSE:2026-05-11T20:00:00+00:00:2026-05-12T06:00:00+00:00,2026-05-11T20:00:00+00:00,2026-05-12T06:00:00+00:00,2026-05-11T20:00:00+00:00,2026-05-11T22:59:59.999000+00:00,2026-05-11T23:00:00+00:00,2026-05-12T05:59:59.999000+00:00,131370,131970,600,180,420,600.0,2026-05,RESEARCH_DEVELOPMENT,LISTING_AFTER_30_DAYS,SKIPPED,OVERLAPS_FROZEN_RANDOM_WINDOW,0
MSTRUSDT-O-20260512T200000Z,MSTRUSDT,O,,,NYSE:2026-05-12T20:00:00+00:00:2026-05-13T06:00:00+00:00,2026-05-12T20:00:00+00:00,2026-05-13T06:00:00+00:00,2026-05-12T20:00:00+00:00,2026-05-12T22:59:59.999000+00:00,2026-05-12T23:00:00+00:00,2026-05-13T05:59:59.999000+00:00,132810,133410,600,180,420,600.0,2026-05,RESEARCH_DEVELOPMENT,LISTING_AFTER_30_DAYS,SKIPPED,OVERLAPS_FROZEN_RANDOM_WINDOW,0
MSTRUSDT-O-20260513T200000Z,MSTRUSDT,O,,,NYSE:2026-05-13T20:00:00+00:00:2026-05-14T06:00:00+00:00,2026-05-13T20:00:00+00:00,2026-05-14T06:00:00+00:00,2026-05-13T20:00:00+00:00,2026-05-13T22:59:59.999000+00:00,2026-05-13T23:00:00+00:00,2026-05-14T05:59:59.999000+00:00,134250,134850,600,180,420,600.0,2026-05,RESEARCH_DEVELOPMENT,LISTING_AFTER_30_DAYS,SKIPPED,OVERLAPS_FROZEN_RANDOM_WINDOW,0
MSTRUSDT-O-20260514T200000Z,MSTRUSDT,O,,,NYSE:2026-05-14T20:00:00+00:00:2026-05-15T06:00:00+00:00,2026-05-14T20:00:00+00:00,2026-05-15T06:00:00+00:00,2026-05-14T20:00:00+00:00,2026-05-14T22:59:59.999000+00:00,2026-05-14T23:00:00+00:00,2026-05-15T05:59:59.999000+00:00,135690,136290,600,180,420,600.0,2026-05,RESEARCH_DEVELOPMENT,LISTING_AFTER_30_DAYS,SKIPPED,OVERLAPS_FROZEN_RANDOM_WINDOW,0
MSTRUSDT-O-20260518T200000Z,MSTRUSDT,O,,,NYSE:2026-05-18T20:00:00+00:00:2026-05-19T06:00:00+00:00,2026-05-18T20:00:00+00:00,2026-05-19T06:00:00+00:00,2026-05-18T20:00:00+00:00,2026-05-18T22:59:59.999000+00:00,2026-05-18T23:00:00+00:00,2026-05-19T05:59:59.999000+00:00,141450,142050,600,180,420,600.0,2026-05,RESEARCH_DEVELOPMENT,LISTING_AFTER_30_DAYS,SKIPPED,OVERLAPS_FROZEN_RANDOM_WINDOW,0
MSTRUSDT-O-20260519T200000Z,MSTRUSDT,O,,,NYSE:2026-05-19T20:00:00+00:00:2026-05-20T06:00:00+00:00,2026-05-19T20:00:00+00:00,2026-05-20T06:00:00+00:00,2026-05-19T20:00:00+00:00,2026-05-19T22:59:59.999000+00:00,2026-05-19T23:00:00+00:00,2026-05-20T05:59:59.999000+00:00,142890,143490,600,180,420,600.0,2026-05,RESEARCH_DEVELOPMENT,LISTING_AFTER_30_DAYS,SKIPPED,OVERLAPS_FROZEN_RANDOM_WINDOW,0
MSTRUSDT-O-20260520T200000Z,MSTRUSDT,O,,,NYSE:2026-05-20T20:00:00+00:00:2026-05-21T06:00:00+00:00,2026-05-20T20:00:00+00:00,2026-05-21T06:00:00+00:00,2026-05-20T20:00:00+00:00,2026-05-20T22:59:59.999000+00:00,2026-05-20T23:00:00+00:00,2026-05-21T05:59:59.999000+00:00,144330,144930,600,180,420,600.0,2026-05,RESEARCH_DEVELOPMENT,LISTING_AFTER_30_DAYS,SKIPPED,OVERLAPS_FROZEN_RANDOM_WINDOW,0
MSTRUSDT-O-20260521T200000Z,MSTRUSDT,O,,,NYSE:2026-05-21T20:00:00+00:00:2026-05-22T06:00:00+00:00,2026-05-21T20:00:00+00:00,2026-05-22T06:00:00+00:00,2026-05-21T20:00:00+00:00,2026-05-21T22:59:59.999000+00:00,2026-05-21T23:00:00+00:00,2026-05-22T05:59:59.999000+00:00,145770,146370,600,180,420,600.0,2026-05,RESEARCH_DEVELOPMENT,LISTING_AFTER_30_DAYS,SKIPPED,OVERLAPS_FROZEN_RANDOM_WINDOW,0
MSTRUSDT-O-20260526T200000Z,MSTRUSDT,O,,,NYSE:2026-05-26T20:00:00+00:00:2026-05-27T06:00:00+00:00,2026-05-26T20:00:00+00:00,2026-05-27T06:00:00+00:00,2026-05-26T20:00:00+00:00,2026-05-26T22:59:59.999000+00:00,2026-05-26T23:00:00+00:00,2026-05-27T05:59:59.999000+00:00,152970,153570,600,180,420,600.0,2026-05,RESEARCH_DEVELOPMENT,LISTING_AFTER_30_DAYS,SKIPPED,OVERLAPS_FROZEN_RANDOM_WINDOW,0
MSTRUSDT-O-20260527T200000Z,MSTRUSDT,O,,,NYSE:2026-05-27T20:00:00+00:00:2026-05-28T06:00:00+00:00,2026-05-27T20:00:00+00:00,2026-05-28T06:00:00+00:00,2026-05-27T20:00:00+00:00,2026-05-27T22:59:59.999000+00:00,2026-05-27T23:00:00+00:00,2026-05-28T05:59:59.999000+00:00,154410,155010,600,180,420,600.0,2026-05,RESEARCH_DEVELOPMENT,LISTING_AFTER_30_DAYS,SKIPPED,OVERLAPS_FROZEN_RANDOM_WINDOW,0
MSTRUSDT-O-20260528T200000Z,MSTRUSDT,O,,,NYSE:2026-05-28T20:00:00+00:00:2026-05-29T06:00:00+00:00,2026-05-28T20:00:00+00:00,2026-05-29T06:00:00+00:00,2026-05-28T20:00:00+00:00,2026-05-28T22:59:59.999000+00:00,2026-05-28T23:00:00+00:00,2026-05-29T05:59:59.999000+00:00,155850,156450,600,180,420,600.0,2026-05,RESEARCH_DEVELOPMENT,LISTING_AFTER_30_DAYS,SKIPPED,OVERLAPS_FROZEN_RANDOM_WINDOW,0
MSTRUSDT-O-20260601T200000Z,MSTRUSDT,O,,,NYSE:2026-06-01T20:00:00+00:00:2026-06-02T06:00:00+00:00,2026-06-01T20:00:00+00:00,2026-06-02T06:00:00+00:00,2026-06-01T20:00:00+00:00,2026-06-01T22:59:59.999000+00:00,2026-06-01T23:00:00+00:00,2026-06-02T05:59:59.999000+00:00,161610,162210,600,180,420,600.0,2026-06,SEALED_SHORT_OOS,LISTING_AFTER_30_DAYS,SKIPPED,OVERLAPS_FROZEN_RANDOM_WINDOW,0
MSTRUSDT-O-20260602T200000Z,MSTRUSDT,O,,,NYSE:2026-06-02T20:00:00+00:00:2026-06-03T06:00:00+00:00,2026-06-02T20:00:00+00:00,2026-06-03T06:00:00+00:00,2026-06-02T20:00:00+00:00,2026-06-02T22:59:59.999000+00:00,2026-06-02T23:00:00+00:00,2026-06-03T05:59:59.999000+00:00,163050,163650,600,180,420,600.0,2026-06,SEALED_SHORT_OOS,LISTING_AFTER_30_DAYS,SKIPPED,OVERLAPS_FROZEN_RANDOM_WINDOW,0
MSTRUSDT-O-20260603T200000Z,MSTRUSDT,O,,,NYSE:2026-06-03T20:00:00+00:00:2026-06-04T06:00:00+00:00,2026-06-03T20:00:00+00:00,2026-06-04T06:00:00+00:00,2026-06-03T20:00:00+00:00,2026-06-03T22:59:59.999000+00:00,2026-06-03T23:00:00+00:00,2026-06-04T05:59:59.999000+00:00,164490,165090,600,180,420,600.0,2026-06,SEALED_SHORT_OOS,LISTING_AFTER_30_DAYS,SKIPPED,OVERLAPS_FROZEN_RANDOM_WINDOW,0
MSTRUSDT-O-20260604T200000Z,MSTRUSDT,O,,,NYSE:2026-06-04T20:00:00+00:00:2026-06-05T06:00:00+00:00,2026-06-04T20:00:00+00:00,2026-06-05T06:00:00+00:00,2026-06-04T20:00:00+00:00,2026-06-04T22:59:59.999000+00:00,2026-06-04T23:00:00+00:00,2026-06-05T05:59:59.999000+00:00,165930,166530,600,180,420,600.0,2026-06,SEALED_SHORT_OOS,LISTING_AFTER_30_DAYS,SKIPPED,OVERLAPS_FROZEN_RANDOM_WINDOW,0
MSTRUSDT-O-20260608T200000Z,MSTRUSDT,O,,,NYSE:2026-06-08T20:00:00+00:00:2026-06-09T06:00:00+00:00,2026-06-08T20:00:00+00:00,2026-06-09T06:00:00+00:00,2026-06-08T20:00:00+00:00,2026-06-08T22:59:59.999000+00:00,2026-06-08T23:00:00+00:00,2026-06-09T05:59:59.999000+00:00,171690,172290,600,180,420,600.0,2026-06,SEALED_SHORT_OOS,LISTING_AFTER_30_DAYS,SKIPPED,OVERLAPS_FROZEN_RANDOM_WINDOW,0
MSTRUSDT-O-20260609T200000Z,MSTRUSDT,O,,,NYSE:2026-06-09T20:00:00+00:00:2026-06-10T06:00:00+00:00,2026-06-09T20:00:00+00:00,2026-06-10T06:00:00+00:00,2026-06-09T20:00:00+00:00,2026-06-09T22:59:59.999000+00:00,2026-06-09T23:00:00+00:00,2026-06-10T05:59:59.999000+00:00,173130,173730,600,180,420,600.0,2026-06,SEALED_SHORT_OOS,LISTING_AFTER_30_DAYS,SKIPPED,OVERLAPS_FROZEN_RANDOM_WINDOW,0
MSTRUSDT-O-20260610T200000Z,MSTRUSDT,O,,,NYSE:2026-06-10T20:00:00+00:00:2026-06-11T06:00:00+00:00,2026-06-10T20:00:00+00:00,2026-06-11T06:00:00+00:00,2026-06-10T20:00:00+00:00,2026-06-10T22:59:59.999000+00:00,2026-06-10T23:00:00+00:00,2026-06-11T05:59:59.999000+00:00,174570,175170,600,180,420,600.0,2026-06,SEALED_SHORT_OOS,LISTING_AFTER_30_DAYS,SKIPPED,OVERLAPS_FROZEN_RANDOM_WINDOW,0
MSTRUSDT-O-20260611T200000Z,MSTRUSDT,O,,,NYSE:2026-06-11T20:00:00+00:00:2026-06-12T06:00:00+00:00,2026-06-11T20:00:00+00:00,2026-06-12T06:00:00+00:00,2026-06-11T20:00:00+00:00,2026-06-11T22:59:59.999000+00:00,2026-06-11T23:00:00+00:00,2026-06-12T05:59:59.999000+00:00,176010,176610,600,180,420,600.0,2026-06,SEALED_SHORT_OOS,LISTING_AFTER_30_DAYS,SKIPPED,OVERLAPS_FROZEN_RANDOM_WINDOW,0
MSTRUSDT-O-20260615T200000Z,MSTRUSDT,O,,,NYSE:2026-06-15T20:00:00+00:00:2026-06-16T06:00:00+00:00,2026-06-15T20:00:00+00:00,2026-06-16T06:00:00+00:00,2026-06-15T20:00:00+00:00,2026-06-15T22:59:59.999000+00:00,2026-06-15T23:00:00+00:00,2026-06-16T05:59:59.999000+00:00,181770,182370,600,180,420,600.0,2026-06,SEALED_SHORT_OOS,LISTING_AFTER_30_DAYS,SKIPPED,OVERLAPS_FROZEN_RANDOM_WINDOW,0
MSTRUSDT-O-20260616T200000Z,MSTRUSDT,O,,,NYSE:2026-06-16T20:00:00+00:00:2026-06-17T06:00:00+00:00,2026-06-16T20:00:00+00:00,2026-06-17T06:00:00+00:00,2026-06-16T20:00:00+00:00,2026-06-16T22:59:59.999000+00:00,2026-06-16T23:00:00+00:00,2026-06-17T05:59:59.999000+00:00,183210,183810,600,180,420,600.0,2026-06,SEALED_SHORT_OOS,LISTING_AFTER_30_DAYS,SKIPPED,OVERLAPS_FROZEN_RANDOM_WINDOW,0
MSTRUSDT-O-20260617T200000Z,MSTRUSDT,O,,,NYSE:2026-06-17T20:00:00+00:00:2026-06-18T06:00:00+00:00,2026-06-17T20:00:00+00:00,2026-06-18T06:00:00+00:00,2026-06-17T20:00:00+00:00,2026-06-17T22:59:59.999000+00:00,2026-06-17T23:00:00+00:00,2026-06-18T05:59:59.999000+00:00,184650,185250,600,180,420,600.0,2026-06,SEALED_SHORT_OOS,LISTING_AFTER_30_DAYS,SKIPPED,OVERLAPS_FROZEN_RANDOM_WINDOW,0
MSTRUSDT-O-20260622T200000Z,MSTRUSDT,O,,,NYSE:2026-06-22T20:00:00+00:00:2026-06-23T06:00:00+00:00,2026-06-22T20:00:00+00:00,2026-06-23T06:00:00+00:00,2026-06-22T20:00:00+00:00,2026-06-22T22:59:59.999000+00:00,2026-06-22T23:00:00+00:00,2026-06-23T05:59:59.999000+00:00,191850,192450,600,180,420,600.0,2026-06,SEALED_SHORT_OOS,LISTING_AFTER_30_DAYS,SKIPPED,OVERLAPS_FROZEN_RANDOM_WINDOW,0
MSTRUSDT-O-20260623T200000Z,MSTRUSDT,O,,,NYSE:2026-06-23T20:00:00+00:00:2026-06-24T06:00:00+00:00,2026-06-23T20:00:00+00:00,2026-06-24T06:00:00+00:00,2026-06-23T20:00:00+00:00,2026-06-23T22:59:59.999000+00:00,2026-06-23T23:00:00+00:00,2026-06-24T05:59:59.999000+00:00,193290,193890,600,180,420,600.0,2026-06,SEALED_SHORT_OOS,LISTING_AFTER_30_DAYS,SKIPPED,OVERLAPS_FROZEN_RANDOM_WINDOW,0
MSTRUSDT-O-20260624T200000Z,MSTRUSDT,O,,,NYSE:2026-06-24T20:00:00+00:00:2026-06-25T06:00:00+00:00,2026-06-24T20:00:00+00:00,2026-06-25T06:00:00+00:00,2026-06-24T20:00:00+00:00,2026-06-24T22:59:59.999000+00:00,2026-06-24T23:00:00+00:00,2026-06-25T05:59:59.999000+00:00,194730,195330,600,180,420,600.0,2026-06,SEALED_SHORT_OOS,LISTING_AFTER_30_DAYS,SKIPPED,OVERLAPS_FROZEN_RANDOM_WINDOW,0
MSTRUSDT-O-20260625T200000Z,MSTRUSDT,O,,,NYSE:2026-06-25T20:00:00+00:00:2026-06-26T06:00:00+00:00,2026-06-25T20:00:00+00:00,2026-06-26T06:00:00+00:00,2026-06-25T20:00:00+00:00,2026-06-25T22:59:59.999000+00:00,2026-06-25T23:00:00+00:00,2026-06-26T05:59:59.999000+00:00,196170,196770,600,180,420,600.0,2026-06,SEALED_SHORT_OOS,LISTING_AFTER_30_DAYS,SKIPPED,OVERLAPS_FROZEN_RANDOM_WINDOW,0
MSTRUSDT-O-20260629T200000Z,MSTRUSDT,O,,,NYSE:2026-06-29T20:00:00+00:00:2026-06-30T06:00:00+00:00,2026-06-29T20:00:00+00:00,2026-06-30T06:00:00+00:00,2026-06-29T20:00:00+00:00,2026-06-29T22:59:59.999000+00:00,2026-06-29T23:00:00+00:00,2026-06-30T05:59:59.999000+00:00,201930,202530,600,180,420,600.0,2026-06,SEALED_SHORT_OOS,LISTING_AFTER_30_DAYS,SKIPPED,OVERLAPS_FROZEN_RANDOM_WINDOW,0
MSTRUSDT-O-20260630T200000Z,MSTRUSDT,O,,,NYSE:2026-06-30T20:00:00+00:00:2026-07-01T06:00:00+00:00,2026-06-30T20:00:00+00:00,2026-07-01T06:00:00+00:00,2026-06-30T20:00:00+00:00,2026-06-30T22:59:59.999000+00:00,2026-06-30T23:00:00+00:00,2026-07-01T05:59:59.999000+00:00,203370,203970,600,180,420,600.0,2026-06,SEALED_SHORT_OOS,LISTING_AFTER_30_DAYS,SKIPPED,OVERLAPS_FROZEN_RANDOM_WINDOW,0
MSTRUSDT-O-20260701T200000Z,MSTRUSDT,O,,,NYSE:2026-07-01T20:00:00+00:00:2026-07-02T06:00:00+00:00,2026-07-01T20:00:00+00:00,2026-07-02T06:00:00+00:00,2026-07-01T20:00:00+00:00,2026-07-01T22:59:59.999000+00:00,2026-07-01T23:00:00+00:00,2026-07-02T05:59:59.999000+00:00,204810,205410,600,180,420,600.0,2026-07,DESCRIPTIVE_ONLY,LISTING_AFTER_30_DAYS,SKIPPED,OVERLAPS_FROZEN_RANDOM_WINDOW,0
MSTRUSDT-O-20260706T200000Z,MSTRUSDT,O,,,NYSE:2026-07-06T20:00:00+00:00:2026-07-07T06:00:00+00:00,2026-07-06T20:00:00+00:00,2026-07-07T06:00:00+00:00,2026-07-06T20:00:00+00:00,2026-07-06T22:59:59.999000+00:00,2026-07-06T23:00:00+00:00,2026-07-07T05:59:59.999000+00:00,212010,212610,600,180,420,600.0,2026-07,DESCRIPTIVE_ONLY,LISTING_AFTER_30_DAYS,SKIPPED,OVERLAPS_FROZEN_RANDOM_WINDOW,0
MSTRUSDT-O-20260707T200000Z,MSTRUSDT,O,,,NYSE:2026-07-07T20:00:00+00:00:2026-07-08T06:00:00+00:00,2026-07-07T20:00:00+00:00,2026-07-08T06:00:00+00:00,2026-07-07T20:00:00+00:00,2026-07-07T22:59:59.999000+00:00,2026-07-07T23:00:00+00:00,2026-07-08T05:59:59.999000+00:00,213450,214050,600,180,420,600.0,2026-07,DESCRIPTIVE_ONLY,LISTING_AFTER_30_DAYS,SKIPPED,OVERLAPS_FROZEN_RANDOM_WINDOW,0
MSTRUSDT-O-20260708T200000Z,MSTRUSDT,O,,,NYSE:2026-07-08T20:00:00+00:00:2026-07-09T06:00:00+00:00,2026-07-08T20:00:00+00:00,2026-07-09T06:00:00+00:00,2026-07-08T20:00:00+00:00,2026-07-08T22:59:59.999000+00:00,2026-07-08T23:00:00+00:00,2026-07-09T05:59:59.999000+00:00,214890,215490,600,180,420,600.0,2026-07,DESCRIPTIVE_ONLY,LISTING_AFTER_30_DAYS,SKIPPED,OVERLAPS_FROZEN_RANDOM_WINDOW,0
MSTRUSDT-O-20260709T200000Z,MSTRUSDT,O,,,NYSE:2026-07-09T20:00:00+00:00:2026-07-10T06:00:00+00:00,2026-07-09T20:00:00+00:00,2026-07-10T06:00:00+00:00,2026-07-09T20:00:00+00:00,2026-07-09T22:59:59.999000+00:00,2026-07-09T23:00:00+00:00,2026-07-10T05:59:59.999000+00:00,216330,216930,600,180,420,600.0,2026-07,DESCRIPTIVE_ONLY,LISTING_AFTER_30_DAYS,SKIPPED,OVERLAPS_FROZEN_RANDOM_WINDOW,0
MSTRUSDT-O-20260713T200000Z,MSTRUSDT,O,,,NYSE:2026-07-13T20:00:00+00:00:2026-07-14T06:00:00+00:00,2026-07-13T20:00:00+00:00,2026-07-14T06:00:00+00:00,2026-07-13T20:00:00+00:00,2026-07-13T22:59:59.999000+00:00,2026-07-13T23:00:00+00:00,2026-07-14T05:59:59.999000+00:00,222090,222690,600,180,420,600.0,2026-07,DESCRIPTIVE_ONLY,LISTING_AFTER_30_DAYS,SKIPPED,OVERLAPS_FROZEN_RANDOM_WINDOW,0
MSTRUSDT-O-20260714T200000Z,MSTRUSDT,O,,,NYSE:2026-07-14T20:00:00+00:00:2026-07-15T06:00:00+00:00,2026-07-14T20:00:00+00:00,2026-07-15T06:00:00+00:00,2026-07-14T20:00:00+00:00,2026-07-14T22:59:59.999000+00:00,2026-07-14T23:00:00+00:00,2026-07-15T05:59:59.999000+00:00,223530,224130,600,180,420,600.0,2026-07,DESCRIPTIVE_ONLY,LISTING_AFTER_30_DAYS,SKIPPED,OVERLAPS_FROZEN_RANDOM_WINDOW,0
MSTRUSDT-O-20260715T200000Z,MSTRUSDT,O,,,NYSE:2026-07-15T20:00:00+00:00:2026-07-16T06:00:00+00:00,2026-07-15T20:00:00+00:00,2026-07-16T06:00:00+00:00,2026-07-15T20:00:00+00:00,2026-07-15T22:59:59.999000+00:00,2026-07-15T23:00:00+00:00,2026-07-16T05:59:59.999000+00:00,224970,225570,600,180,420,600.0,2026-07,DESCRIPTIVE_ONLY,LISTING_AFTER_30_DAYS,SKIPPED,OVERLAPS_FROZEN_RANDOM_WINDOW,0
MSTRUSDT-O-20260716T200000Z,MSTRUSDT,O,,,NYSE:2026-07-16T20:00:00+00:00:2026-07-17T06:00:00+00:00,2026-07-16T20:00:00+00:00,2026-07-17T06:00:00+00:00,2026-07-16T20:00:00+00:00,2026-07-16T22:59:59.999000+00:00,2026-07-16T23:00:00+00:00,2026-07-17T05:59:59.999000+00:00,226410,227010,600,180,420,600.0,2026-07,DESCRIPTIVE_ONLY,LISTING_AFTER_30_DAYS,SKIPPED,OVERLAPS_FROZEN_RANDOM_WINDOW,0
MSTRUSDT-O-20260720T200000Z,MSTRUSDT,O,,,NYSE:2026-07-20T20:00:00+00:00:2026-07-21T06:00:00+00:00,2026-07-20T20:00:00+00:00,2026-07-21T06:00:00+00:00,2026-07-20T20:00:00+00:00,2026-07-20T22:59:59.999000+00:00,2026-07-20T23:00:00+00:00,2026-07-21T05:59:59.999000+00:00,232170,232770,600,180,420,600.0,2026-07,DESCRIPTIVE_ONLY,LISTING_AFTER_30_DAYS,SKIPPED,OVERLAPS_FROZEN_RANDOM_WINDOW,0
MSTRUSDT-O-20260721T200000Z,MSTRUSDT,O,,,NYSE:2026-07-21T20:00:00+00:00:2026-07-22T06:00:00+00:00,2026-07-21T20:00:00+00:00,2026-07-22T06:00:00+00:00,2026-07-21T20:00:00+00:00,2026-07-21T22:59:59.999000+00:00,2026-07-21T23:00:00+00:00,2026-07-22T05:59:59.999000+00:00,233610,234210,600,180,420,600.0,2026-07,DESCRIPTIVE_ONLY,LISTING_AFTER_30_DAYS,SKIPPED,OVERLAPS_FROZEN_RANDOM_WINDOW,0
MSTRUSDT-O-20260722T200000Z,MSTRUSDT,O,,,NYSE:2026-07-22T20:00:00+00:00:2026-07-23T06:00:00+00:00,2026-07-22T20:00:00+00:00,2026-07-23T06:00:00+00:00,2026-07-22T20:00:00+00:00,2026-07-22T22:59:59.999000+00:00,2026-07-22T23:00:00+00:00,2026-07-23T05:59:59.999000+00:00,235050,235650,600,180,420,600.0,2026-07,DESCRIPTIVE_ONLY,LISTING_AFTER_30_DAYS,SKIPPED,OVERLAPS_FROZEN_RANDOM_WINDOW,0
MSTRUSDT-R-MSTRUSDT-nyse_20260213T210000Z-s3,MSTRUSDT,R,3,MSTRUSDT-nyse_20260213T210000Z,R:MSTRUSDT:2026-02:3,2026-02-09T21:30:00+00:00,2026-02-13T07:30:00+00:00,2026-02-09T21:30:00+00:00,2026-02-10T00:29:59.999000+00:00,2026-02-10T00:30:00+00:00,2026-02-13T07:29:59.999000+00:00,420,5340,4920,180,4740,4920.0,2026-02,DESCRIPTIVE_ONLY,LISTING_DAYS_1_14,READY,,0
MSTRUSDT-R-MSTRUSDT-nyse_20260213T210000Z-s10,MSTRUSDT,R,10,MSTRUSDT-nyse_20260213T210000Z,R:MSTRUSDT:2026-02:10,2026-02-09T21:30:00+00:00,2026-02-13T07:30:00+00:00,2026-02-09T21:30:00+00:00,2026-02-10T00:29:59.999000+00:00,2026-02-10T00:30:00+00:00,2026-02-13T07:29:59.999000+00:00,420,5340,4920,180,4740,4920.0,2026-02,DESCRIPTIVE_ONLY,LISTING_DAYS_1_14,READY,,0
MSTRUSDT-R-MSTRUSDT-nyse_20260213T210000Z-s17,MSTRUSDT,R,17,MSTRUSDT-nyse_20260213T210000Z,R:MSTRUSDT:2026-02:17,2026-02-09T22:30:00+00:00,2026-02-13T08:30:00+00:00,2026-02-09T22:30:00+00:00,2026-02-10T01:29:59.999000+00:00,2026-02-10T01:30:00+00:00,2026-02-13T08:29:59.999000+00:00,480,5400,4920,180,4740,4920.0,2026-02,DESCRIPTIVE_ONLY,LISTING_DAYS_1_14,READY,,0
MSTRUSDT-R-MSTRUSDT-nyse_20260213T210000Z-s31,MSTRUSDT,R,31,MSTRUSDT-nyse_20260213T210000Z,R:MSTRUSDT:2026-02:31,2026-02-09T21:30:00+00:00,2026-02-13T07:30:00+00:00,2026-02-09T21:30:00+00:00,2026-02-10T00:29:59.999000+00:00,2026-02-10T00:30:00+00:00,2026-02-13T07:29:59.999000+00:00,420,5340,4920,180,4740,4920.0,2026-02,DESCRIPTIVE_ONLY,LISTING_DAYS_1_14,READY,,0
MSTRUSDT-R-MSTRUSDT-nyse_20260213T210000Z-s59,MSTRUSDT,R,59,MSTRUSDT-nyse_20260213T210000Z,R:MSTRUSDT:2026-02:59,2026-02-09T22:30:00+00:00,2026-02-13T08:30:00+00:00,2026-02-09T22:30:00+00:00,2026-02-10T01:29:59.999000+00:00,2026-02-10T01:30:00+00:00,2026-02-13T08:29:59.999000+00:00,480,5400,4920,180,4740,4920.0,2026-02,DESCRIPTIVE_ONLY,LISTING_DAYS_1_14,READY,,0
MSTRUSDT-R-MSTRUSDT-nyse_20260213T210000Z-s97,MSTRUSDT,R,97,MSTRUSDT-nyse_20260213T210000Z,R:MSTRUSDT:2026-02:97,2026-02-09T20:30:00+00:00,2026-02-13T06:30:00+00:00,2026-02-09T20:30:00+00:00,2026-02-09T23:29:59.999000+00:00,2026-02-09T23:30:00+00:00,2026-02-13T06:29:59.999000+00:00,360,5280,4920,180,4740,4920.0,2026-02,DESCRIPTIVE_ONLY,LISTING_DAYS_1_14,READY,,0
MSTRUSDT-R-MSTRUSDT-nyse_20260220T210000Z-s3,MSTRUSDT,R,3,MSTRUSDT-nyse_20260220T210000Z,R:MSTRUSDT:2026-02:3,2026-02-17T21:30:00+00:00,2026-02-20T07:30:00+00:00,2026-02-17T21:30:00+00:00,2026-02-18T00:29:59.999000+00:00,2026-02-18T00:30:00+00:00,2026-02-20T07:29:59.999000+00:00,11940,15420,3480,180,3300,3480.0,2026-02,DESCRIPTIVE_ONLY,LISTING_DAYS_1_14,READY,,0
MSTRUSDT-R-MSTRUSDT-nyse_20260220T210000Z-s10,MSTRUSDT,R,10,MSTRUSDT-nyse_20260220T210000Z,R:MSTRUSDT:2026-02:10,2026-02-17T22:30:00+00:00,2026-02-20T08:30:00+00:00,2026-02-17T22:30:00+00:00,2026-02-18T01:29:59.999000+00:00,2026-02-18T01:30:00+00:00,2026-02-20T08:29:59.999000+00:00,12000,15480,3480,180,3300,3480.0,2026-02,DESCRIPTIVE_ONLY,LISTING_DAYS_1_14,READY,,0
MSTRUSDT-R-MSTRUSDT-nyse_20260220T210000Z-s17,MSTRUSDT,R,17,MSTRUSDT-nyse_20260220T210000Z,R:MSTRUSDT:2026-02:17,2026-02-17T21:30:00+00:00,2026-02-20T07:30:00+00:00,2026-02-17T21:30:00+00:00,2026-02-18T00:29:59.999000+00:00,2026-02-18T00:30:00+00:00,2026-02-20T07:29:59.999000+00:00,11940,15420,3480,180,3300,3480.0,2026-02,DESCRIPTIVE_ONLY,LISTING_DAYS_1_14,READY,,0
MSTRUSDT-R-MSTRUSDT-nyse_20260220T210000Z-s31,MSTRUSDT,R,31,MSTRUSDT-nyse_20260220T210000Z,R:MSTRUSDT:2026-02:31,2026-02-17T20:30:00+00:00,2026-02-20T06:30:00+00:00,2026-02-17T20:30:00+00:00,2026-02-17T23:29:59.999000+00:00,2026-02-17T23:30:00+00:00,2026-02-20T06:29:59.999000+00:00,11880,15360,3480,180,3300,3480.0,2026-02,DESCRIPTIVE_ONLY,LISTING_DAYS_1_14,READY,,0
MSTRUSDT-R-MSTRUSDT-nyse_20260220T210000Z-s59,MSTRUSDT,R,59,MSTRUSDT-nyse_20260220T210000Z,R:MSTRUSDT:2026-02:59,2026-02-17T22:30:00+00:00,2026-02-20T08:30:00+00:00,2026-02-17T22:30:00+00:00,2026-02-18T01:29:59.999000+00:00,2026-02-18T01:30:00+00:00,2026-02-20T08:29:59.999000+00:00,12000,15480,3480,180,3300,3480.0,2026-02,DESCRIPTIVE_ONLY,LISTING_DAYS_1_14,READY,,0
MSTRUSDT-R-MSTRUSDT-nyse_20260220T210000Z-s97,MSTRUSDT,R,97,MSTRUSDT-nyse_20260220T210000Z,R:MSTRUSDT:2026-02:97,2026-02-17T22:30:00+00:00,2026-02-20T08:30:00+00:00,2026-02-17T22:30:00+00:00,2026-02-18T01:29:59.999000+00:00,2026-02-18T01:30:00+00:00,2026-02-20T08:29:59.999000+00:00,12000,15480,3480,180,3300,3480.0,2026-02,DESCRIPTIVE_ONLY,LISTING_DAYS_1_14,READY,,0
MSTRUSDT-R-MSTRUSDT-nyse_20260227T210000Z-s3,MSTRUSDT,R,3,MSTRUSDT-nyse_20260227T210000Z,R:MSTRUSDT:2026-02:3,2026-02-24T20:30:00+00:00,2026-02-27T06:30:00+00:00,2026-02-24T20:30:00+00:00,2026-02-24T23:29:59.999000+00:00,2026-02-24T23:30:00+00:00,2026-02-27T06:29:59.999000+00:00,21960,25440,3480,180,3300,3480.0,2026-02,DESCRIPTIVE_ONLY,LISTING_DAYS_15_30,READY,,0
MSTRUSDT-R-MSTRUSDT-nyse_20260227T210000Z-s10,MSTRUSDT,R,10,MSTRUSDT-nyse_20260227T210000Z,R:MSTRUSDT:2026-02:10,2026-02-24T22:30:00+00:00,2026-02-27T08:30:00+00:00,2026-02-24T22:30:00+00:00,2026-02-25T01:29:59.999000+00:00,2026-02-25T01:30:00+00:00,2026-02-27T08:29:59.999000+00:00,22080,25560,3480,180,3300,3480.0,2026-02,DESCRIPTIVE_ONLY,LISTING_DAYS_15_30,READY,,0
MSTRUSDT-R-MSTRUSDT-nyse_20260227T210000Z-s17,MSTRUSDT,R,17,MSTRUSDT-nyse_20260227T210000Z,R:MSTRUSDT:2026-02:17,2026-02-24T20:30:00+00:00,2026-02-27T06:30:00+00:00,2026-02-24T20:30:00+00:00,2026-02-24T23:29:59.999000+00:00,2026-02-24T23:30:00+00:00,2026-02-27T06:29:59.999000+00:00,21960,25440,3480,180,3300,3480.0,2026-02,DESCRIPTIVE_ONLY,LISTING_DAYS_15_30,READY,,0
MSTRUSDT-R-MSTRUSDT-nyse_20260227T210000Z-s31,MSTRUSDT,R,31,MSTRUSDT-nyse_20260227T210000Z,R:MSTRUSDT:2026-02:31,2026-02-24T21:30:00+00:00,2026-02-27T07:30:00+00:00,2026-02-24T21:30:00+00:00,2026-02-25T00:29:59.999000+00:00,2026-02-25T00:30:00+00:00,2026-02-27T07:29:59.999000+00:00,22020,25500,3480,180,3300,3480.0,2026-02,DESCRIPTIVE_ONLY,LISTING_DAYS_15_30,READY,,0
MSTRUSDT-R-MSTRUSDT-nyse_20260227T210000Z-s59,MSTRUSDT,R,59,MSTRUSDT-nyse_20260227T210000Z,R:MSTRUSDT:2026-02:59,2026-02-24T22:30:00+00:00,2026-02-27T08:30:00+00:00,2026-02-24T22:30:00+00:00,2026-02-25T01:29:59.999000+00:00,2026-02-25T01:30:00+00:00,2026-02-27T08:29:59.999000+00:00,22080,25560,3480,180,3300,3480.0,2026-02,DESCRIPTIVE_ONLY,LISTING_DAYS_15_30,READY,,0
MSTRUSDT-R-MSTRUSDT-nyse_20260227T210000Z-s97,MSTRUSDT,R,97,MSTRUSDT-nyse_20260227T210000Z,R:MSTRUSDT:2026-02:97,2026-02-23T21:30:00+00:00,2026-02-26T07:30:00+00:00,2026-02-23T21:30:00+00:00,2026-02-24T00:29:59.999000+00:00,2026-02-24T00:30:00+00:00,2026-02-26T07:29:59.999000+00:00,20580,24060,3480,180,3300,3480.0,2026-02,DESCRIPTIVE_ONLY,LISTING_DAYS_15_30,READY,,0
MSTRUSDT-R-MSTRUSDT-nyse_20260306T210000Z-s3,MSTRUSDT,R,3,MSTRUSDT-nyse_20260306T210000Z,R:MSTRUSDT:2026-03:3,2026-03-09T22:30:00+00:00,2026-03-12T07:30:00+00:00,2026-03-09T22:30:00+00:00,2026-03-10T01:29:59.999000+00:00,2026-03-10T01:30:00+00:00,2026-03-12T07:29:59.999000+00:00,40800,44220,3420,180,3240,3420.0,2026-03,RESEARCH_DEVELOPMENT,LISTING_DAYS_15_30,READY,,0
MSTRUSDT-R-MSTRUSDT-nyse_20260306T210000Z-s10,MSTRUSDT,R,10,MSTRUSDT-nyse_20260306T210000Z,R:MSTRUSDT:2026-03:10,2026-03-03T21:30:00+00:00,2026-03-06T06:30:00+00:00,2026-03-03T21:30:00+00:00,2026-03-04T00:29:59.999000+00:00,2026-03-04T00:30:00+00:00,2026-03-06T06:29:59.999000+00:00,32100,35520,3420,180,3240,3420.0,2026-03,RESEARCH_DEVELOPMENT,LISTING_DAYS_15_30,READY,,0
MSTRUSDT-R-MSTRUSDT-nyse_20260306T210000Z-s17,MSTRUSDT,R,17,MSTRUSDT-nyse_20260306T210000Z,R:MSTRUSDT:2026-03:17,2026-03-10T22:30:00+00:00,2026-03-13T07:30:00+00:00,2026-03-10T22:30:00+00:00,2026-03-11T01:29:59.999000+00:00,2026-03-11T01:30:00+00:00,2026-03-13T07:29:59.999000+00:00,42240,45660,3420,180,3240,3420.0,2026-03,RESEARCH_DEVELOPMENT,LISTING_DAYS_15_30,READY,,0
MSTRUSDT-R-MSTRUSDT-nyse_20260306T210000Z-s31,MSTRUSDT,R,31,MSTRUSDT-nyse_20260306T210000Z,R:MSTRUSDT:2026-03:31,2026-03-09T21:30:00+00:00,2026-03-12T06:30:00+00:00,2026-03-09T21:30:00+00:00,2026-03-10T00:29:59.999000+00:00,2026-03-10T00:30:00+00:00,2026-03-12T06:29:59.999000+00:00,40740,44160,3420,180,3240,3420.0,2026-03,RESEARCH_DEVELOPMENT,LISTING_DAYS_15_30,READY,,0
MSTRUSDT-R-MSTRUSDT-nyse_20260306T210000Z-s59,MSTRUSDT,R,59,MSTRUSDT-nyse_20260306T210000Z,R:MSTRUSDT:2026-03:59,2026-03-02T20:30:00+00:00,2026-03-05T05:30:00+00:00,2026-03-02T20:30:00+00:00,2026-03-02T23:29:59.999000+00:00,2026-03-02T23:30:00+00:00,2026-03-05T05:29:59.999000+00:00,30600,34020,3420,180,3240,3420.0,2026-03,RESEARCH_DEVELOPMENT,LISTING_DAYS_15_30,READY,,0
MSTRUSDT-R-MSTRUSDT-nyse_20260306T210000Z-s97,MSTRUSDT,R,97,MSTRUSDT-nyse_20260306T210000Z,R:MSTRUSDT:2026-03:97,2026-03-10T22:30:00+00:00,2026-03-13T07:30:00+00:00,2026-03-10T22:30:00+00:00,2026-03-11T01:29:59.999000+00:00,2026-03-11T01:30:00+00:00,2026-03-13T07:29:59.999000+00:00,42240,45660,3420,180,3240,3420.0,2026-03,RESEARCH_DEVELOPMENT,LISTING_DAYS_15_30,READY,,0
MSTRUSDT-R-MSTRUSDT-nyse_20260313T200000Z-s3,MSTRUSDT,R,3,MSTRUSDT-nyse_20260313T200000Z,R:MSTRUSDT:2026-03:3,2026-03-17T21:30:00+00:00,2026-03-20T07:30:00+00:00,2026-03-17T21:30:00+00:00,2026-03-18T00:29:59.999000+00:00,2026-03-18T00:30:00+00:00,2026-03-20T07:29:59.999000+00:00,52260,55740,3480,180,3300,3480.0,2026-03,RESEARCH_DEVELOPMENT,LISTING_AFTER_30_DAYS,READY,,0
MSTRUSDT-R-MSTRUSDT-nyse_20260313T200000Z-s10,MSTRUSDT,R,10,MSTRUSDT-nyse_20260313T200000Z,R:MSTRUSDT:2026-03:10,2026-03-23T20:30:00+00:00,2026-03-26T06:30:00+00:00,2026-03-23T20:30:00+00:00,2026-03-23T23:29:59.999000+00:00,2026-03-23T23:30:00+00:00,2026-03-26T06:29:59.999000+00:00,60840,64320,3480,180,3300,3480.0,2026-03,RESEARCH_DEVELOPMENT,LISTING_AFTER_30_DAYS,READY,,0
MSTRUSDT-R-MSTRUSDT-nyse_20260313T200000Z-s17,MSTRUSDT,R,17,MSTRUSDT-nyse_20260313T200000Z,R:MSTRUSDT:2026-03:17,2026-03-23T19:30:00+00:00,2026-03-26T05:30:00+00:00,2026-03-23T19:30:00+00:00,2026-03-23T22:29:59.999000+00:00,2026-03-23T22:30:00+00:00,2026-03-26T05:29:59.999000+00:00,60780,64260,3480,180,3300,3480.0,2026-03,RESEARCH_DEVELOPMENT,LISTING_AFTER_30_DAYS,READY,,0
MSTRUSDT-R-MSTRUSDT-nyse_20260313T200000Z-s31,MSTRUSDT,R,31,MSTRUSDT-nyse_20260313T200000Z,R:MSTRUSDT:2026-03:31,2026-03-24T20:30:00+00:00,2026-03-27T06:30:00+00:00,2026-03-24T20:30:00+00:00,2026-03-24T23:29:59.999000+00:00,2026-03-24T23:30:00+00:00,2026-03-27T06:29:59.999000+00:00,62280,65760,3480,180,3300,3480.0,2026-03,RESEARCH_DEVELOPMENT,LISTING_AFTER_30_DAYS,READY,,0
MSTRUSDT-R-MSTRUSDT-nyse_20260313T200000Z-s59,MSTRUSDT,R,59,MSTRUSDT-nyse_20260313T200000Z,R:MSTRUSDT:2026-03:59,2026-03-24T20:30:00+00:00,2026-03-27T06:30:00+00:00,2026-03-24T20:30:00+00:00,2026-03-24T23:29:59.999000+00:00,2026-03-24T23:30:00+00:00,2026-03-27T06:29:59.999000+00:00,62280,65760,3480,180,3300,3480.0,2026-03,RESEARCH_DEVELOPMENT,LISTING_AFTER_30_DAYS,READY,,0
MSTRUSDT-R-MSTRUSDT-nyse_20260313T200000Z-s97,MSTRUSDT,R,97,MSTRUSDT-nyse_20260313T200000Z,R:MSTRUSDT:2026-03:97,2026-03-23T20:30:00+00:00,2026-03-26T06:30:00+00:00,2026-03-23T20:30:00+00:00,2026-03-23T23:29:59.999000+00:00,2026-03-23T23:30:00+00:00,2026-03-26T06:29:59.999000+00:00,60840,64320,3480,180,3300,3480.0,2026-03,RESEARCH_DEVELOPMENT,LISTING_AFTER_30_DAYS,READY,,0
MSTRUSDT-R-MSTRUSDT-nyse_20260320T200000Z-s3,MSTRUSDT,R,3,MSTRUSDT-nyse_20260320T200000Z,R:MSTRUSDT:2026-03:3,2026-03-24T21:30:00+00:00,2026-03-27T07:30:00+00:00,2026-03-24T21:30:00+00:00,2026-03-25T00:29:59.999000+00:00,2026-03-25T00:30:00+00:00,2026-03-27T07:29:59.999000+00:00,62340,65820,3480,180,3300,3480.0,2026-03,RESEARCH_DEVELOPMENT,LISTING_AFTER_30_DAYS,READY,,0
MSTRUSDT-R-MSTRUSDT-nyse_20260320T200000Z-s10,MSTRUSDT,R,10,MSTRUSDT-nyse_20260320T200000Z,R:MSTRUSDT:2026-03:10,2026-03-30T19:30:00+00:00,2026-04-02T05:30:00+00:00,2026-03-30T19:30:00+00:00,2026-03-30T22:29:59.999000+00:00,2026-03-30T22:30:00+00:00,2026-04-02T05:29:59.999000+00:00,70860,74340,3480,180,3300,3480.0,2026-03,RESEARCH_DEVELOPMENT,LISTING_AFTER_30_DAYS,READY,,0
MSTRUSDT-R-MSTRUSDT-nyse_20260320T200000Z-s17,MSTRUSDT,R,17,MSTRUSDT-nyse_20260320T200000Z,R:MSTRUSDT:2026-03:17,2026-03-30T19:30:00+00:00,2026-04-02T05:30:00+00:00,2026-03-30T19:30:00+00:00,2026-03-30T22:29:59.999000+00:00,2026-03-30T22:30:00+00:00,2026-04-02T05:29:59.999000+00:00,70860,74340,3480,180,3300,3480.0,2026-03,RESEARCH_DEVELOPMENT,LISTING_AFTER_30_DAYS,READY,,0
MSTRUSDT-R-MSTRUSDT-nyse_20260320T200000Z-s31,MSTRUSDT,R,31,MSTRUSDT-nyse_20260320T200000Z,R:MSTRUSDT:2026-03:31,2026-03-16T19:30:00+00:00,2026-03-19T05:30:00+00:00,2026-03-16T19:30:00+00:00,2026-03-16T22:29:59.999000+00:00,2026-03-16T22:30:00+00:00,2026-03-19T05:29:59.999000+00:00,50700,54180,3480,180,3300,3480.0,2026-03,RESEARCH_DEVELOPMENT,LISTING_AFTER_30_DAYS,READY,,0
MSTRUSDT-R-MSTRUSDT-nyse_20260320T200000Z-s59,MSTRUSDT,R,59,MSTRUSDT-nyse_20260320T200000Z,R:MSTRUSDT:2026-03:59,2026-03-16T21:30:00+00:00,2026-03-19T07:30:00+00:00,2026-03-16T21:30:00+00:00,2026-03-17T00:29:59.999000+00:00,2026-03-17T00:30:00+00:00,2026-03-19T07:29:59.999000+00:00,50820,54300,3480,180,3300,3480.0,2026-03,RESEARCH_DEVELOPMENT,LISTING_AFTER_30_DAYS,READY,,0
MSTRUSDT-R-MSTRUSDT-nyse_20260320T200000Z-s97,MSTRUSDT,R,97,MSTRUSDT-nyse_20260320T200000Z,R:MSTRUSDT:2026-03:97,2026-03-30T19:30:00+00:00,2026-04-02T05:30:00+00:00,2026-03-30T19:30:00+00:00,2026-03-30T22:29:59.999000+00:00,2026-03-30T22:30:00+00:00,2026-04-02T05:29:59.999000+00:00,70860,74340,3480,180,3300,3480.0,2026-03,RESEARCH_DEVELOPMENT,LISTING_AFTER_30_DAYS,READY,,0
MSTRUSDT-R-MSTRUSDT-nyse_20260327T200000Z-s3,MSTRUSDT,R,3,MSTRUSDT-nyse_20260327T200000Z,R:MSTRUSDT:2026-03:3,2026-03-30T20:30:00+00:00,2026-04-02T06:30:00+00:00,2026-03-30T20:30:00+00:00,2026-03-30T23:29:59.999000+00:00,2026-03-30T23:30:00+00:00,2026-04-02T06:29:59.999000+00:00,70920,74400,3480,180,3300,3480.0,2026-03,RESEARCH_DEVELOPMENT,LISTING_AFTER_30_DAYS,READY,,0
MSTRUSDT-R-MSTRUSDT-nyse_20260327T200000Z-s10,MSTRUSDT,R,10,MSTRUSDT-nyse_20260327T200000Z,R:MSTRUSDT:2026-03:10,2026-03-17T20:30:00+00:00,2026-03-20T06:30:00+00:00,2026-03-17T20:30:00+00:00,2026-03-17T23:29:59.999000+00:00,2026-03-17T23:30:00+00:00,2026-03-20T06:29:59.999000+00:00,52200,55680,3480,180,3300,3480.0,2026-03,RESEARCH_DEVELOPMENT,LISTING_AFTER_30_DAYS,READY,,0
MSTRUSDT-R-MSTRUSDT-nyse_20260327T200000Z-s17,MSTRUSDT,R,17,MSTRUSDT-nyse_20260327T200000Z,R:MSTRUSDT:2026-03:17,2026-03-17T21:30:00+00:00,2026-03-20T07:30:00+00:00,2026-03-17T21:30:00+00:00,2026-03-18T00:29:59.999000+00:00,2026-03-18T00:30:00+00:00,2026-03-20T07:29:59.999000+00:00,52260,55740,3480,180,3300,3480.0,2026-03,RESEARCH_DEVELOPMENT,LISTING_AFTER_30_DAYS,READY,,0
MSTRUSDT-R-MSTRUSDT-nyse_20260327T200000Z-s31,MSTRUSDT,R,31,MSTRUSDT-nyse_20260327T200000Z,R:MSTRUSDT:2026-03:31,2026-03-30T20:30:00+00:00,2026-04-02T06:30:00+00:00,2026-03-30T20:30:00+00:00,2026-03-30T23:29:59.999000+00:00,2026-03-30T23:30:00+00:00,2026-04-02T06:29:59.999000+00:00,70920,74400,3480,180,3300,3480.0,2026-03,RESEARCH_DEVELOPMENT,LISTING_AFTER_30_DAYS,READY,,0
MSTRUSDT-R-MSTRUSDT-nyse_20260327T200000Z-s59,MSTRUSDT,R,59,MSTRUSDT-nyse_20260327T200000Z,R:MSTRUSDT:2026-03:59,2026-03-30T20:30:00+00:00,2026-04-02T06:30:00+00:00,2026-03-30T20:30:00+00:00,2026-03-30T23:29:59.999000+00:00,2026-03-30T23:30:00+00:00,2026-04-02T06:29:59.999000+00:00,70920,74400,3480,180,3300,3480.0,2026-03,RESEARCH_DEVELOPMENT,LISTING_AFTER_30_DAYS,READY,,0
MSTRUSDT-R-MSTRUSDT-nyse_20260327T200000Z-s97,MSTRUSDT,R,97,MSTRUSDT-nyse_20260327T200000Z,R:MSTRUSDT:2026-03:97,2026-03-17T19:30:00+00:00,2026-03-20T05:30:00+00:00,2026-03-17T19:30:00+00:00,2026-03-17T22:29:59.999000+00:00,2026-03-17T22:30:00+00:00,2026-03-20T05:29:59.999000+00:00,52140,55620,3480,180,3300,3480.0,2026-03,RESEARCH_DEVELOPMENT,LISTING_AFTER_30_DAYS,READY,,0
MSTRUSDT-R-MSTRUSDT-nyse_20260402T200000Z-s3,MSTRUSDT,R,3,MSTRUSDT-nyse_20260402T200000Z,R:MSTRUSDT:2026-04:3,2026-04-06T19:30:00+00:00,2026-04-10T05:30:00+00:00,2026-04-06T19:30:00+00:00,2026-04-06T22:29:59.999000+00:00,2026-04-06T22:30:00+00:00,2026-04-10T05:29:59.999000+00:00,80940,85860,4920,180,4740,4920.0,2026-04,RESEARCH_DEVELOPMENT,LISTING_AFTER_30_DAYS,READY,,0
MSTRUSDT-R-MSTRUSDT-nyse_20260402T200000Z-s10,MSTRUSDT,R,10,MSTRUSDT-nyse_20260402T200000Z,R:MSTRUSDT:2026-04:10,2026-04-06T20:30:00+00:00,2026-04-10T06:30:00+00:00,2026-04-06T20:30:00+00:00,2026-04-06T23:29:59.999000+00:00,2026-04-06T23:30:00+00:00,2026-04-10T06:29:59.999000+00:00,81000,85920,4920,180,4740,4920.0,2026-04,RESEARCH_DEVELOPMENT,LISTING_AFTER_30_DAYS,READY,,0
MSTRUSDT-R-MSTRUSDT-nyse_20260402T200000Z-s17,MSTRUSDT,R,17,MSTRUSDT-nyse_20260402T200000Z,R:MSTRUSDT:2026-04:17,2026-04-06T20:30:00+00:00,2026-04-10T06:30:00+00:00,2026-04-06T20:30:00+00:00,2026-04-06T23:29:59.999000+00:00,2026-04-06T23:30:00+00:00,2026-04-10T06:29:59.999000+00:00,81000,85920,4920,180,4740,4920.0,2026-04,RESEARCH_DEVELOPMENT,LISTING_AFTER_30_DAYS,READY,,0
MSTRUSDT-R-MSTRUSDT-nyse_20260402T200000Z-s31,MSTRUSDT,R,31,MSTRUSDT-nyse_20260402T200000Z,R:MSTRUSDT:2026-04:31,2026-04-13T19:30:00+00:00,2026-04-17T05:30:00+00:00,2026-04-13T19:30:00+00:00,2026-04-13T22:29:59.999000+00:00,2026-04-13T22:30:00+00:00,2026-04-17T05:29:59.999000+00:00,91020,95940,4920,180,4740,4920.0,2026-04,RESEARCH_DEVELOPMENT,LISTING_AFTER_30_DAYS,READY,,0
MSTRUSDT-R-MSTRUSDT-nyse_20260402T200000Z-s59,MSTRUSDT,R,59,MSTRUSDT-nyse_20260402T200000Z,R:MSTRUSDT:2026-04:59,2026-04-27T19:30:00+00:00,2026-05-01T05:30:00+00:00,2026-04-27T19:30:00+00:00,2026-04-27T22:29:59.999000+00:00,2026-04-27T22:30:00+00:00,2026-05-01T05:29:59.999000+00:00,111180,116100,4920,180,4740,4920.0,2026-04,RESEARCH_DEVELOPMENT,LISTING_AFTER_30_DAYS,READY,,0
MSTRUSDT-R-MSTRUSDT-nyse_20260402T200000Z-s97,MSTRUSDT,R,97,MSTRUSDT-nyse_20260402T200000Z,R:MSTRUSDT:2026-04:97,2026-04-20T20:30:00+00:00,2026-04-24T06:30:00+00:00,2026-04-20T20:30:00+00:00,2026-04-20T23:29:59.999000+00:00,2026-04-20T23:30:00+00:00,2026-04-24T06:29:59.999000+00:00,101160,106080,4920,180,4740,4920.0,2026-04,RESEARCH_DEVELOPMENT,LISTING_AFTER_30_DAYS,READY,,0
MSTRUSDT-R-MSTRUSDT-nyse_20260410T200000Z-s3,MSTRUSDT,R,3,MSTRUSDT-nyse_20260410T200000Z,R:MSTRUSDT:2026-04:3,2026-04-14T19:30:00+00:00,2026-04-17T05:30:00+00:00,2026-04-14T19:30:00+00:00,2026-04-14T22:29:59.999000+00:00,2026-04-14T22:30:00+00:00,2026-04-17T05:29:59.999000+00:00,92460,95940,3480,180,3300,3480.0,2026-04,RESEARCH_DEVELOPMENT,LISTING_AFTER_30_DAYS,READY,,0
MSTRUSDT-R-MSTRUSDT-nyse_20260410T200000Z-s10,MSTRUSDT,R,10,MSTRUSDT-nyse_20260410T200000Z,R:MSTRUSDT:2026-04:10,2026-04-28T20:30:00+00:00,2026-05-01T06:30:00+00:00,2026-04-28T20:30:00+00:00,2026-04-28T23:29:59.999000+00:00,2026-04-28T23:30:00+00:00,2026-05-01T06:29:59.999000+00:00,112680,116160,3480,180,3300,3480.0,2026-04,RESEARCH_DEVELOPMENT,LISTING_AFTER_30_DAYS,READY,,0
MSTRUSDT-R-MSTRUSDT-nyse_20260410T200000Z-s17,MSTRUSDT,R,17,MSTRUSDT-nyse_20260410T200000Z,R:MSTRUSDT:2026-04:17,2026-04-27T19:30:00+00:00,2026-04-30T05:30:00+00:00,2026-04-27T19:30:00+00:00,2026-04-27T22:29:59.999000+00:00,2026-04-27T22:30:00+00:00,2026-04-30T05:29:59.999000+00:00,111180,114660,3480,180,3300,3480.0,2026-04,RESEARCH_DEVELOPMENT,LISTING_AFTER_30_DAYS,READY,,0
MSTRUSDT-R-MSTRUSDT-nyse_20260410T200000Z-s31,MSTRUSDT,R,31,MSTRUSDT-nyse_20260410T200000Z,R:MSTRUSDT:2026-04:31,2026-04-07T20:30:00+00:00,2026-04-10T06:30:00+00:00,2026-04-07T20:30:00+00:00,2026-04-07T23:29:59.999000+00:00,2026-04-07T23:30:00+00:00,2026-04-10T06:29:59.999000+00:00,82440,85920,3480,180,3300,3480.0,2026-04,RESEARCH_DEVELOPMENT,LISTING_AFTER_30_DAYS,READY,,0
MSTRUSDT-R-MSTRUSDT-nyse_20260410T200000Z-s59,MSTRUSDT,R,59,MSTRUSDT-nyse_20260410T200000Z,R:MSTRUSDT:2026-04:59,2026-04-06T19:30:00+00:00,2026-04-09T05:30:00+00:00,2026-04-06T19:30:00+00:00,2026-04-06T22:29:59.999000+00:00,2026-04-06T22:30:00+00:00,2026-04-09T05:29:59.999000+00:00,80940,84420,3480,180,3300,3480.0,2026-04,RESEARCH_DEVELOPMENT,LISTING_AFTER_30_DAYS,READY,,0
MSTRUSDT-R-MSTRUSDT-nyse_20260410T200000Z-s97,MSTRUSDT,R,97,MSTRUSDT-nyse_20260410T200000Z,R:MSTRUSDT:2026-04:97,2026-04-28T19:30:00+00:00,2026-05-01T05:30:00+00:00,2026-04-28T19:30:00+00:00,2026-04-28T22:29:59.999000+00:00,2026-04-28T22:30:00+00:00,2026-05-01T05:29:59.999000+00:00,112620,116100,3480,180,3300,3480.0,2026-04,RESEARCH_DEVELOPMENT,LISTING_AFTER_30_DAYS,READY,,0
MSTRUSDT-R-MSTRUSDT-nyse_20260417T200000Z-s3,MSTRUSDT,R,3,MSTRUSDT-nyse_20260417T200000Z,R:MSTRUSDT:2026-04:3,2026-04-21T21:30:00+00:00,2026-04-24T07:30:00+00:00,2026-04-21T21:30:00+00:00,2026-04-22T00:29:59.999000+00:00,2026-04-22T00:30:00+00:00,2026-04-24T07:29:59.999000+00:00,102660,106140,3480,180,3300,3480.0,2026-04,RESEARCH_DEVELOPMENT,LISTING_AFTER_30_DAYS,READY,,0
MSTRUSDT-R-MSTRUSDT-nyse_20260417T200000Z-s10,MSTRUSDT,R,10,MSTRUSDT-nyse_20260417T200000Z,R:MSTRUSDT:2026-04:10,2026-04-13T21:30:00+00:00,2026-04-16T07:30:00+00:00,2026-04-13T21:30:00+00:00,2026-04-14T00:29:59.999000+00:00,2026-04-14T00:30:00+00:00,2026-04-16T07:29:59.999000+00:00,91140,94620,3480,180,3300,3480.0,2026-04,RESEARCH_DEVELOPMENT,LISTING_AFTER_30_DAYS,READY,,0
MSTRUSDT-R-MSTRUSDT-nyse_20260417T200000Z-s17,MSTRUSDT,R,17,MSTRUSDT-nyse_20260417T200000Z,R:MSTRUSDT:2026-04:17,2026-04-21T19:30:00+00:00,2026-04-24T05:30:00+00:00,2026-04-21T19:30:00+00:00,2026-04-21T22:29:59.999000+00:00,2026-04-21T22:30:00+00:00,2026-04-24T05:29:59.999000+00:00,102540,106020,3480,180,3300,3480.0,2026-04,RESEARCH_DEVELOPMENT,LISTING_AFTER_30_DAYS,READY,,0
MSTRUSDT-R-MSTRUSDT-nyse_20260417T200000Z-s31,MSTRUSDT,R,31,MSTRUSDT-nyse_20260417T200000Z,R:MSTRUSDT:2026-04:31,2026-04-20T20:30:00+00:00,2026-04-23T06:30:00+00:00,2026-04-20T20:30:00+00:00,2026-04-20T23:29:59.999000+00:00,2026-04-20T23:30:00+00:00,2026-04-23T06:29:59.999000+00:00,101160,104640,3480,180,3300,3480.0,2026-04,RESEARCH_DEVELOPMENT,LISTING_AFTER_30_DAYS,READY,,0
MSTRUSDT-R-MSTRUSDT-nyse_20260417T200000Z-s59,MSTRUSDT,R,59,MSTRUSDT-nyse_20260417T200000Z,R:MSTRUSDT:2026-04:59,2026-04-20T21:30:00+00:00,2026-04-23T07:30:00+00:00,2026-04-20T21:30:00+00:00,2026-04-21T00:29:59.999000+00:00,2026-04-21T00:30:00+00:00,2026-04-23T07:29:59.999000+00:00,101220,104700,3480,180,3300,3480.0,2026-04,RESEARCH_DEVELOPMENT,LISTING_AFTER_30_DAYS,READY,,0
MSTRUSDT-R-MSTRUSDT-nyse_20260417T200000Z-s97,MSTRUSDT,R,97,MSTRUSDT-nyse_20260417T200000Z,R:MSTRUSDT:2026-04:97,2026-04-13T21:30:00+00:00,2026-04-16T07:30:00+00:00,2026-04-13T21:30:00+00:00,2026-04-14T00:29:59.999000+00:00,2026-04-14T00:30:00+00:00,2026-04-16T07:29:59.999000+00:00,91140,94620,3480,180,3300,3480.0,2026-04,RESEARCH_DEVELOPMENT,LISTING_AFTER_30_DAYS,READY,,0
MSTRUSDT-R-MSTRUSDT-nyse_20260424T200000Z-s3,MSTRUSDT,R,3,MSTRUSDT-nyse_20260424T200000Z,R:MSTRUSDT:2026-04:3,2026-04-28T20:30:00+00:00,2026-05-01T06:30:00+00:00,2026-04-28T20:30:00+00:00,2026-04-28T23:29:59.999000+00:00,2026-04-28T23:30:00+00:00,2026-05-01T06:29:59.999000+00:00,112680,116160,3480,180,3300,3480.0,2026-04,RESEARCH_DEVELOPMENT,LISTING_AFTER_30_DAYS,READY,,0
MSTRUSDT-R-MSTRUSDT-nyse_20260424T200000Z-s10,MSTRUSDT,R,10,MSTRUSDT-nyse_20260424T200000Z,R:MSTRUSDT:2026-04:10,2026-04-21T19:30:00+00:00,2026-04-24T05:30:00+00:00,2026-04-21T19:30:00+00:00,2026-04-21T22:29:59.999000+00:00,2026-04-21T22:30:00+00:00,2026-04-24T05:29:59.999000+00:00,102540,106020,3480,180,3300,3480.0,2026-04,RESEARCH_DEVELOPMENT,LISTING_AFTER_30_DAYS,READY,,0
MSTRUSDT-R-MSTRUSDT-nyse_20260424T200000Z-s17,MSTRUSDT,R,17,MSTRUSDT-nyse_20260424T200000Z,R:MSTRUSDT:2026-04:17,2026-04-14T21:30:00+00:00,2026-04-17T07:30:00+00:00,2026-04-14T21:30:00+00:00,2026-04-15T00:29:59.999000+00:00,2026-04-15T00:30:00+00:00,2026-04-17T07:29:59.999000+00:00,92580,96060,3480,180,3300,3480.0,2026-04,RESEARCH_DEVELOPMENT,LISTING_AFTER_30_DAYS,READY,,0
MSTRUSDT-R-MSTRUSDT-nyse_20260424T200000Z-s31,MSTRUSDT,R,31,MSTRUSDT-nyse_20260424T200000Z,R:MSTRUSDT:2026-04:31,2026-04-27T19:30:00+00:00,2026-04-30T05:30:00+00:00,2026-04-27T19:30:00+00:00,2026-04-27T22:29:59.999000+00:00,2026-04-27T22:30:00+00:00,2026-04-30T05:29:59.999000+00:00,111180,114660,3480,180,3300,3480.0,2026-04,RESEARCH_DEVELOPMENT,LISTING_AFTER_30_DAYS,READY,,0
MSTRUSDT-R-MSTRUSDT-nyse_20260424T200000Z-s59,MSTRUSDT,R,59,MSTRUSDT-nyse_20260424T200000Z,R:MSTRUSDT:2026-04:59,2026-04-14T21:30:00+00:00,2026-04-17T07:30:00+00:00,2026-04-14T21:30:00+00:00,2026-04-15T00:29:59.999000+00:00,2026-04-15T00:30:00+00:00,2026-04-17T07:29:59.999000+00:00,92580,96060,3480,180,3300,3480.0,2026-04,RESEARCH_DEVELOPMENT,LISTING_AFTER_30_DAYS,READY,,0
MSTRUSDT-R-MSTRUSDT-nyse_20260424T200000Z-s97,MSTRUSDT,R,97,MSTRUSDT-nyse_20260424T200000Z,R:MSTRUSDT:2026-04:97,2026-04-07T21:30:00+00:00,2026-04-10T07:30:00+00:00,2026-04-07T21:30:00+00:00,2026-04-08T00:29:59.999000+00:00,2026-04-08T00:30:00+00:00,2026-04-10T07:29:59.999000+00:00,82500,85980,3480,180,3300,3480.0,2026-04,RESEARCH_DEVELOPMENT,LISTING_AFTER_30_DAYS,READY,,0
MSTRUSDT-R-MSTRUSDT-nyse_20260501T200000Z-s3,MSTRUSDT,R,3,MSTRUSDT-nyse_20260501T200000Z,R:MSTRUSDT:2026-05:3,2026-05-05T21:30:00+00:00,2026-05-08T07:30:00+00:00,2026-05-05T21:30:00+00:00,2026-05-06T00:29:59.999000+00:00,2026-05-06T00:30:00+00:00,2026-05-08T07:29:59.999000+00:00,122820,126300,3480,180,3300,3480.0,2026-05,RESEARCH_DEVELOPMENT,LISTING_AFTER_30_DAYS,READY,,0
MSTRUSDT-R-MSTRUSDT-nyse_20260501T200000Z-s10,MSTRUSDT,R,10,MSTRUSDT-nyse_20260501T200000Z,R:MSTRUSDT:2026-05:10,2026-05-18T20:30:00+00:00,2026-05-21T06:30:00+00:00,2026-05-18T20:30:00+00:00,2026-05-18T23:29:59.999000+00:00,2026-05-18T23:30:00+00:00,2026-05-21T06:29:59.999000+00:00,141480,144960,3480,180,3300,3480.0,2026-05,RESEARCH_DEVELOPMENT,LISTING_AFTER_30_DAYS,READY,,0
MSTRUSDT-R-MSTRUSDT-nyse_20260501T200000Z-s17,MSTRUSDT,R,17,MSTRUSDT-nyse_20260501T200000Z,R:MSTRUSDT:2026-05:17,2026-05-12T20:30:00+00:00,2026-05-15T06:30:00+00:00,2026-05-12T20:30:00+00:00,2026-05-12T23:29:59.999000+00:00,2026-05-12T23:30:00+00:00,2026-05-15T06:29:59.999000+00:00,132840,136320,3480,180,3300,3480.0,2026-05,RESEARCH_DEVELOPMENT,LISTING_AFTER_30_DAYS,READY,,0
MSTRUSDT-R-MSTRUSDT-nyse_20260501T200000Z-s31,MSTRUSDT,R,31,MSTRUSDT-nyse_20260501T200000Z,R:MSTRUSDT:2026-05:31,2026-05-11T21:30:00+00:00,2026-05-14T07:30:00+00:00,2026-05-11T21:30:00+00:00,2026-05-12T00:29:59.999000+00:00,2026-05-12T00:30:00+00:00,2026-05-14T07:29:59.999000+00:00,131460,134940,3480,180,3300,3480.0,2026-05,RESEARCH_DEVELOPMENT,LISTING_AFTER_30_DAYS,READY,,0
MSTRUSDT-R-MSTRUSDT-nyse_20260501T200000Z-s59,MSTRUSDT,R,59,MSTRUSDT-nyse_20260501T200000Z,R:MSTRUSDT:2026-05:59,2026-05-12T21:30:00+00:00,2026-05-15T07:30:00+00:00,2026-05-12T21:30:00+00:00,2026-05-13T00:29:59.999000+00:00,2026-05-13T00:30:00+00:00,2026-05-15T07:29:59.999000+00:00,132900,136380,3480,180,3300,3480.0,2026-05,RESEARCH_DEVELOPMENT,LISTING_AFTER_30_DAYS,READY,,0
MSTRUSDT-R-MSTRUSDT-nyse_20260501T200000Z-s97,MSTRUSDT,R,97,MSTRUSDT-nyse_20260501T200000Z,R:MSTRUSDT:2026-05:97,2026-05-04T20:30:00+00:00,2026-05-07T06:30:00+00:00,2026-05-04T20:30:00+00:00,2026-05-04T23:29:59.999000+00:00,2026-05-04T23:30:00+00:00,2026-05-07T06:29:59.999000+00:00,121320,124800,3480,180,3300,3480.0,2026-05,RESEARCH_DEVELOPMENT,LISTING_AFTER_30_DAYS,READY,,0
MSTRUSDT-R-MSTRUSDT-nyse_20260508T200000Z-s3,MSTRUSDT,R,3,MSTRUSDT-nyse_20260508T200000Z,R:MSTRUSDT:2026-05:3,2026-05-19T20:30:00+00:00,2026-05-22T06:30:00+00:00,2026-05-19T20:30:00+00:00,2026-05-19T23:29:59.999000+00:00,2026-05-19T23:30:00+00:00,2026-05-22T06:29:59.999000+00:00,142920,146400,3480,180,3300,3480.0,2026-05,RESEARCH_DEVELOPMENT,LISTING_AFTER_30_DAYS,READY,,0
MSTRUSDT-R-MSTRUSDT-nyse_20260508T200000Z-s10,MSTRUSDT,R,10,MSTRUSDT-nyse_20260508T200000Z,R:MSTRUSDT:2026-05:10,2026-05-05T20:30:00+00:00,2026-05-08T06:30:00+00:00,2026-05-05T20:30:00+00:00,2026-05-05T23:29:59.999000+00:00,2026-05-05T23:30:00+00:00,2026-05-08T06:29:59.999000+00:00,122760,126240,3480,180,3300,3480.0,2026-05,RESEARCH_DEVELOPMENT,LISTING_AFTER_30_DAYS,READY,,0
MSTRUSDT-R-MSTRUSDT-nyse_20260508T200000Z-s17,MSTRUSDT,R,17,MSTRUSDT-nyse_20260508T200000Z,R:MSTRUSDT:2026-05:17,2026-05-18T20:30:00+00:00,2026-05-21T06:30:00+00:00,2026-05-18T20:30:00+00:00,2026-05-18T23:29:59.999000+00:00,2026-05-18T23:30:00+00:00,2026-05-21T06:29:59.999000+00:00,141480,144960,3480,180,3300,3480.0,2026-05,RESEARCH_DEVELOPMENT,LISTING_AFTER_30_DAYS,READY,,0
MSTRUSDT-R-MSTRUSDT-nyse_20260508T200000Z-s31,MSTRUSDT,R,31,MSTRUSDT-nyse_20260508T200000Z,R:MSTRUSDT:2026-05:31,2026-05-26T21:30:00+00:00,2026-05-29T07:30:00+00:00,2026-05-26T21:30:00+00:00,2026-05-27T00:29:59.999000+00:00,2026-05-27T00:30:00+00:00,2026-05-29T07:29:59.999000+00:00,153060,156540,3480,180,3300,3480.0,2026-05,RESEARCH_DEVELOPMENT,LISTING_AFTER_30_DAYS,READY,,0
MSTRUSDT-R-MSTRUSDT-nyse_20260508T200000Z-s59,MSTRUSDT,R,59,MSTRUSDT-nyse_20260508T200000Z,R:MSTRUSDT:2026-05:59,2026-05-05T20:30:00+00:00,2026-05-08T06:30:00+00:00,2026-05-05T20:30:00+00:00,2026-05-05T23:29:59.999000+00:00,2026-05-05T23:30:00+00:00,2026-05-08T06:29:59.999000+00:00,122760,126240,3480,180,3300,3480.0,2026-05,RESEARCH_DEVELOPMENT,LISTING_AFTER_30_DAYS,READY,,0
MSTRUSDT-R-MSTRUSDT-nyse_20260508T200000Z-s97,MSTRUSDT,R,97,MSTRUSDT-nyse_20260508T200000Z,R:MSTRUSDT:2026-05:97,2026-05-12T21:30:00+00:00,2026-05-15T07:30:00+00:00,2026-05-12T21:30:00+00:00,2026-05-13T00:29:59.999000+00:00,2026-05-13T00:30:00+00:00,2026-05-15T07:29:59.999000+00:00,132900,136380,3480,180,3300,3480.0,2026-05,RESEARCH_DEVELOPMENT,LISTING_AFTER_30_DAYS,READY,,0
MSTRUSDT-R-MSTRUSDT-nyse_20260515T200000Z-s3,MSTRUSDT,R,3,MSTRUSDT-nyse_20260515T200000Z,R:MSTRUSDT:2026-05:3,2026-05-12T20:30:00+00:00,2026-05-15T06:30:00+00:00,2026-05-12T20:30:00+00:00,2026-05-12T23:29:59.999000+00:00,2026-05-12T23:30:00+00:00,2026-05-15T06:29:59.999000+00:00,132840,136320,3480,180,3300,3480.0,2026-05,RESEARCH_DEVELOPMENT,LISTING_AFTER_30_DAYS,READY,,0
MSTRUSDT-R-MSTRUSDT-nyse_20260515T200000Z-s10,MSTRUSDT,R,10,MSTRUSDT-nyse_20260515T200000Z,R:MSTRUSDT:2026-05:10,2026-05-26T21:30:00+00:00,2026-05-29T07:30:00+00:00,2026-05-26T21:30:00+00:00,2026-05-27T00:29:59.999000+00:00,2026-05-27T00:30:00+00:00,2026-05-29T07:29:59.999000+00:00,153060,156540,3480,180,3300,3480.0,2026-05,RESEARCH_DEVELOPMENT,LISTING_AFTER_30_DAYS,READY,,0
MSTRUSDT-R-MSTRUSDT-nyse_20260515T200000Z-s17,MSTRUSDT,R,17,MSTRUSDT-nyse_20260515T200000Z,R:MSTRUSDT:2026-05:17,2026-05-05T19:30:00+00:00,2026-05-08T05:30:00+00:00,2026-05-05T19:30:00+00:00,2026-05-05T22:29:59.999000+00:00,2026-05-05T22:30:00+00:00,2026-05-08T05:29:59.999000+00:00,122700,126180,3480,180,3300,3480.0,2026-05,RESEARCH_DEVELOPMENT,LISTING_AFTER_30_DAYS,READY,,0
MSTRUSDT-R-MSTRUSDT-nyse_20260515T200000Z-s31,MSTRUSDT,R,31,MSTRUSDT-nyse_20260515T200000Z,R:MSTRUSDT:2026-05:31,2026-05-19T20:30:00+00:00,2026-05-22T06:30:00+00:00,2026-05-19T20:30:00+00:00,2026-05-19T23:29:59.999000+00:00,2026-05-19T23:30:00+00:00,2026-05-22T06:29:59.999000+00:00,142920,146400,3480,180,3300,3480.0,2026-05,RESEARCH_DEVELOPMENT,LISTING_AFTER_30_DAYS,READY,,0
MSTRUSDT-R-MSTRUSDT-nyse_20260515T200000Z-s59,MSTRUSDT,R,59,MSTRUSDT-nyse_20260515T200000Z,R:MSTRUSDT:2026-05:59,2026-05-26T19:30:00+00:00,2026-05-29T05:30:00+00:00,2026-05-26T19:30:00+00:00,2026-05-26T22:29:59.999000+00:00,2026-05-26T22:30:00+00:00,2026-05-29T05:29:59.999000+00:00,152940,156420,3480,180,3300,3480.0,2026-05,RESEARCH_DEVELOPMENT,LISTING_AFTER_30_DAYS,READY,,0
MSTRUSDT-R-MSTRUSDT-nyse_20260515T200000Z-s97,MSTRUSDT,R,97,MSTRUSDT-nyse_20260515T200000Z,R:MSTRUSDT:2026-05:97,2026-05-19T20:30:00+00:00,2026-05-22T06:30:00+00:00,2026-05-19T20:30:00+00:00,2026-05-19T23:29:59.999000+00:00,2026-05-19T23:30:00+00:00,2026-05-22T06:29:59.999000+00:00,142920,146400,3480,180,3300,3480.0,2026-05,RESEARCH_DEVELOPMENT,LISTING_AFTER_30_DAYS,READY,,0
MSTRUSDT-R-MSTRUSDT-nyse_20260522T200000Z-s3,MSTRUSDT,R,3,MSTRUSDT-nyse_20260522T200000Z,R:MSTRUSDT:2026-05:3,2026-05-22T20:00:00+00:00,2026-05-26T06:00:00+00:00,2026-05-22T20:00:00+00:00,2026-05-22T20:00:00+00:00,,,0,0,0,0,0,4920.0,2026-05,RESEARCH_DEVELOPMENT,LISTING_AFTER_30_DAYS,SKIPPED,NO_MATCHED_RANDOM_WINDOW,0
MSTRUSDT-R-MSTRUSDT-nyse_20260522T200000Z-s10,MSTRUSDT,R,10,MSTRUSDT-nyse_20260522T200000Z,R:MSTRUSDT:2026-05:10,2026-05-11T21:30:00+00:00,2026-05-15T07:30:00+00:00,2026-05-11T21:30:00+00:00,2026-05-12T00:29:59.999000+00:00,2026-05-12T00:30:00+00:00,2026-05-15T07:29:59.999000+00:00,131460,136380,4920,180,4740,4920.0,2026-05,RESEARCH_DEVELOPMENT,LISTING_AFTER_30_DAYS,READY,,0
MSTRUSDT-R-MSTRUSDT-nyse_20260522T200000Z-s17,MSTRUSDT,R,17,MSTRUSDT-nyse_20260522T200000Z,R:MSTRUSDT:2026-05:17,2026-05-22T20:00:00+00:00,2026-05-26T06:00:00+00:00,2026-05-22T20:00:00+00:00,2026-05-22T20:00:00+00:00,,,0,0,0,0,0,4920.0,2026-05,RESEARCH_DEVELOPMENT,LISTING_AFTER_30_DAYS,SKIPPED,NO_MATCHED_RANDOM_WINDOW,0
MSTRUSDT-R-MSTRUSDT-nyse_20260522T200000Z-s31,MSTRUSDT,R,31,MSTRUSDT-nyse_20260522T200000Z,R:MSTRUSDT:2026-05:31,2026-05-04T20:30:00+00:00,2026-05-08T06:30:00+00:00,2026-05-04T20:30:00+00:00,2026-05-04T23:29:59.999000+00:00,2026-05-04T23:30:00+00:00,2026-05-08T06:29:59.999000+00:00,121320,126240,4920,180,4740,4920.0,2026-05,RESEARCH_DEVELOPMENT,LISTING_AFTER_30_DAYS,READY,,0
MSTRUSDT-R-MSTRUSDT-nyse_20260522T200000Z-s59,MSTRUSDT,R,59,MSTRUSDT-nyse_20260522T200000Z,R:MSTRUSDT:2026-05:59,2026-05-18T20:30:00+00:00,2026-05-22T06:30:00+00:00,2026-05-18T20:30:00+00:00,2026-05-18T23:29:59.999000+00:00,2026-05-18T23:30:00+00:00,2026-05-22T06:29:59.999000+00:00,141480,146400,4920,180,4740,4920.0,2026-05,RESEARCH_DEVELOPMENT,LISTING_AFTER_30_DAYS,READY,,0
MSTRUSDT-R-MSTRUSDT-nyse_20260522T200000Z-s97,MSTRUSDT,R,97,MSTRUSDT-nyse_20260522T200000Z,R:MSTRUSDT:2026-05:97,2026-05-22T20:00:00+00:00,2026-05-26T06:00:00+00:00,2026-05-22T20:00:00+00:00,2026-05-22T20:00:00+00:00,,,0,0,0,0,0,4920.0,2026-05,RESEARCH_DEVELOPMENT,LISTING_AFTER_30_DAYS,SKIPPED,NO_MATCHED_RANDOM_WINDOW,0
MSTRUSDT-R-MSTRUSDT-nyse_20260529T200000Z-s3,MSTRUSDT,R,3,MSTRUSDT-nyse_20260529T200000Z,R:MSTRUSDT:2026-05:3,2026-05-26T20:30:00+00:00,2026-05-29T06:30:00+00:00,2026-05-26T20:30:00+00:00,2026-05-26T23:29:59.999000+00:00,2026-05-26T23:30:00+00:00,2026-05-29T06:29:59.999000+00:00,153000,156480,3480,180,3300,3480.0,2026-05,RESEARCH_DEVELOPMENT,LISTING_AFTER_30_DAYS,READY,,0
MSTRUSDT-R-MSTRUSDT-nyse_20260529T200000Z-s10,MSTRUSDT,R,10,MSTRUSDT-nyse_20260529T200000Z,R:MSTRUSDT:2026-05:10,2026-05-29T20:00:00+00:00,2026-06-01T06:00:00+00:00,2026-05-29T20:00:00+00:00,2026-05-29T20:00:00+00:00,,,0,0,0,0,0,3480.0,2026-05,RESEARCH_DEVELOPMENT,LISTING_AFTER_30_DAYS,SKIPPED,NO_MATCHED_RANDOM_WINDOW,0
MSTRUSDT-R-MSTRUSDT-nyse_20260529T200000Z-s17,MSTRUSDT,R,17,MSTRUSDT-nyse_20260529T200000Z,R:MSTRUSDT:2026-05:17,2026-05-26T21:30:00+00:00,2026-05-29T07:30:00+00:00,2026-05-26T21:30:00+00:00,2026-05-27T00:29:59.999000+00:00,2026-05-27T00:30:00+00:00,2026-05-29T07:29:59.999000+00:00,153060,156540,3480,180,3300,3480.0,2026-05,RESEARCH_DEVELOPMENT,LISTING_AFTER_30_DAYS,READY,,0
MSTRUSDT-R-MSTRUSDT-nyse_20260529T200000Z-s31,MSTRUSDT,R,31,MSTRUSDT-nyse_20260529T200000Z,R:MSTRUSDT:2026-05:31,2026-05-29T20:00:00+00:00,2026-06-01T06:00:00+00:00,2026-05-29T20:00:00+00:00,2026-05-29T20:00:00+00:00,,,0,0,0,0,0,3480.0,2026-05,RESEARCH_DEVELOPMENT,LISTING_AFTER_30_DAYS,SKIPPED,NO_MATCHED_RANDOM_WINDOW,0
MSTRUSDT-R-MSTRUSDT-nyse_20260529T200000Z-s59,MSTRUSDT,R,59,MSTRUSDT-nyse_20260529T200000Z,R:MSTRUSDT:2026-05:59,2026-05-29T20:00:00+00:00,2026-06-01T06:00:00+00:00,2026-05-29T20:00:00+00:00,2026-05-29T20:00:00+00:00,,,0,0,0,0,0,3480.0,2026-05,RESEARCH_DEVELOPMENT,LISTING_AFTER_30_DAYS,SKIPPED,NO_MATCHED_RANDOM_WINDOW,0
MSTRUSDT-R-MSTRUSDT-nyse_20260529T200000Z-s97,MSTRUSDT,R,97,MSTRUSDT-nyse_20260529T200000Z,R:MSTRUSDT:2026-05:97,2026-05-26T21:30:00+00:00,2026-05-29T07:30:00+00:00,2026-05-26T21:30:00+00:00,2026-05-27T00:29:59.999000+00:00,2026-05-27T00:30:00+00:00,2026-05-29T07:29:59.999000+00:00,153060,156540,3480,180,3300,3480.0,2026-05,RESEARCH_DEVELOPMENT,LISTING_AFTER_30_DAYS,READY,,0
MSTRUSDT-R-MSTRUSDT-nyse_20260605T200000Z-s3,MSTRUSDT,R,3,MSTRUSDT-nyse_20260605T200000Z,R:MSTRUSDT:2026-06:3,2026-06-08T20:30:00+00:00,2026-06-11T06:30:00+00:00,2026-06-08T20:30:00+00:00,2026-06-08T23:29:59.999000+00:00,2026-06-08T23:30:00+00:00,2026-06-11T06:29:59.999000+00:00,171720,175200,3480,180,3300,3480.0,2026-06,SEALED_SHORT_OOS,LISTING_AFTER_30_DAYS,READY,,0
MSTRUSDT-R-MSTRUSDT-nyse_20260605T200000Z-s10,MSTRUSDT,R,10,MSTRUSDT-nyse_20260605T200000Z,R:MSTRUSDT:2026-06:10,2026-06-23T20:30:00+00:00,2026-06-26T06:30:00+00:00,2026-06-23T20:30:00+00:00,2026-06-23T23:29:59.999000+00:00,2026-06-23T23:30:00+00:00,2026-06-26T06:29:59.999000+00:00,193320,196800,3480,180,3300,3480.0,2026-06,SEALED_SHORT_OOS,LISTING_AFTER_30_DAYS,READY,,0
MSTRUSDT-R-MSTRUSDT-nyse_20260605T200000Z-s17,MSTRUSDT,R,17,MSTRUSDT-nyse_20260605T200000Z,R:MSTRUSDT:2026-06:17,2026-06-09T19:30:00+00:00,2026-06-12T05:30:00+00:00,2026-06-09T19:30:00+00:00,2026-06-09T22:29:59.999000+00:00,2026-06-09T22:30:00+00:00,2026-06-12T05:29:59.999000+00:00,173100,176580,3480,180,3300,3480.0,2026-06,SEALED_SHORT_OOS,LISTING_AFTER_30_DAYS,READY,,0
MSTRUSDT-R-MSTRUSDT-nyse_20260605T200000Z-s31,MSTRUSDT,R,31,MSTRUSDT-nyse_20260605T200000Z,R:MSTRUSDT:2026-06:31,2026-06-22T21:30:00+00:00,2026-06-25T07:30:00+00:00,2026-06-22T21:30:00+00:00,2026-06-23T00:29:59.999000+00:00,2026-06-23T00:30:00+00:00,2026-06-25T07:29:59.999000+00:00,191940,195420,3480,180,3300,3480.0,2026-06,SEALED_SHORT_OOS,LISTING_AFTER_30_DAYS,READY,,0
MSTRUSDT-R-MSTRUSDT-nyse_20260605T200000Z-s59,MSTRUSDT,R,59,MSTRUSDT-nyse_20260605T200000Z,R:MSTRUSDT:2026-06:59,2026-06-15T21:30:00+00:00,2026-06-18T07:30:00+00:00,2026-06-15T21:30:00+00:00,2026-06-16T00:29:59.999000+00:00,2026-06-16T00:30:00+00:00,2026-06-18T07:29:59.999000+00:00,181860,185340,3480,180,3300,3480.0,2026-06,SEALED_SHORT_OOS,LISTING_AFTER_30_DAYS,READY,,0
MSTRUSDT-R-MSTRUSDT-nyse_20260605T200000Z-s97,MSTRUSDT,R,97,MSTRUSDT-nyse_20260605T200000Z,R:MSTRUSDT:2026-06:97,2026-06-08T19:30:00+00:00,2026-06-11T05:30:00+00:00,2026-06-08T19:30:00+00:00,2026-06-08T22:29:59.999000+00:00,2026-06-08T22:30:00+00:00,2026-06-11T05:29:59.999000+00:00,171660,175140,3480,180,3300,3480.0,2026-06,SEALED_SHORT_OOS,LISTING_AFTER_30_DAYS,READY,,0
MSTRUSDT-R-MSTRUSDT-nyse_20260612T200000Z-s3,MSTRUSDT,R,3,MSTRUSDT-nyse_20260612T200000Z,R:MSTRUSDT:2026-06:3,2026-06-15T21:30:00+00:00,2026-06-18T07:30:00+00:00,2026-06-15T21:30:00+00:00,2026-06-16T00:29:59.999000+00:00,2026-06-16T00:30:00+00:00,2026-06-18T07:29:59.999000+00:00,181860,185340,3480,180,3300,3480.0,2026-06,SEALED_SHORT_OOS,LISTING_AFTER_30_DAYS,READY,,0
MSTRUSDT-R-MSTRUSDT-nyse_20260612T200000Z-s10,MSTRUSDT,R,10,MSTRUSDT-nyse_20260612T200000Z,R:MSTRUSDT:2026-06:10,2026-06-09T20:30:00+00:00,2026-06-12T06:30:00+00:00,2026-06-09T20:30:00+00:00,2026-06-09T23:29:59.999000+00:00,2026-06-09T23:30:00+00:00,2026-06-12T06:29:59.999000+00:00,173160,176640,3480,180,3300,3480.0,2026-06,SEALED_SHORT_OOS,LISTING_AFTER_30_DAYS,READY,,0
MSTRUSDT-R-MSTRUSDT-nyse_20260612T200000Z-s17,MSTRUSDT,R,17,MSTRUSDT-nyse_20260612T200000Z,R:MSTRUSDT:2026-06:17,2026-06-02T20:30:00+00:00,2026-06-05T06:30:00+00:00,2026-06-02T20:30:00+00:00,2026-06-02T23:29:59.999000+00:00,2026-06-02T23:30:00+00:00,2026-06-05T06:29:59.999000+00:00,163080,166560,3480,180,3300,3480.0,2026-06,SEALED_SHORT_OOS,LISTING_AFTER_30_DAYS,READY,,0
MSTRUSDT-R-MSTRUSDT-nyse_20260612T200000Z-s31,MSTRUSDT,R,31,MSTRUSDT-nyse_20260612T200000Z,R:MSTRUSDT:2026-06:31,2026-06-01T19:30:00+00:00,2026-06-04T05:30:00+00:00,2026-06-01T19:30:00+00:00,2026-06-01T22:29:59.999000+00:00,2026-06-01T22:30:00+00:00,2026-06-04T05:29:59.999000+00:00,161580,165060,3480,180,3300,3480.0,2026-06,SEALED_SHORT_OOS,LISTING_AFTER_30_DAYS,READY,,0
MSTRUSDT-R-MSTRUSDT-nyse_20260612T200000Z-s59,MSTRUSDT,R,59,MSTRUSDT-nyse_20260612T200000Z,R:MSTRUSDT:2026-06:59,2026-06-08T21:30:00+00:00,2026-06-11T07:30:00+00:00,2026-06-08T21:30:00+00:00,2026-06-09T00:29:59.999000+00:00,2026-06-09T00:30:00+00:00,2026-06-11T07:29:59.999000+00:00,171780,175260,3480,180,3300,3480.0,2026-06,SEALED_SHORT_OOS,LISTING_AFTER_30_DAYS,READY,,0
MSTRUSDT-R-MSTRUSDT-nyse_20260612T200000Z-s97,MSTRUSDT,R,97,MSTRUSDT-nyse_20260612T200000Z,R:MSTRUSDT:2026-06:97,2026-06-29T20:30:00+00:00,2026-07-02T06:30:00+00:00,2026-06-29T20:30:00+00:00,2026-06-29T23:29:59.999000+00:00,2026-06-29T23:30:00+00:00,2026-07-02T06:29:59.999000+00:00,201960,205440,3480,180,3300,3480.0,2026-06,SEALED_SHORT_OOS,LISTING_AFTER_30_DAYS,READY,,0
MSTRUSDT-R-MSTRUSDT-nyse_20260618T200000Z-s3,MSTRUSDT,R,3,MSTRUSDT-nyse_20260618T200000Z,R:MSTRUSDT:2026-06:3,2026-06-01T19:30:00+00:00,2026-06-05T05:30:00+00:00,2026-06-01T19:30:00+00:00,2026-06-01T22:29:59.999000+00:00,2026-06-01T22:30:00+00:00,2026-06-05T05:29:59.999000+00:00,161580,166500,4920,180,4740,4920.0,2026-06,SEALED_SHORT_OOS,LISTING_AFTER_30_DAYS,READY,,0
MSTRUSDT-R-MSTRUSDT-nyse_20260618T200000Z-s10,MSTRUSDT,R,10,MSTRUSDT-nyse_20260618T200000Z,R:MSTRUSDT:2026-06:10,2026-06-01T19:30:00+00:00,2026-06-05T05:30:00+00:00,2026-06-01T19:30:00+00:00,2026-06-01T22:29:59.999000+00:00,2026-06-01T22:30:00+00:00,2026-06-05T05:29:59.999000+00:00,161580,166500,4920,180,4740,4920.0,2026-06,SEALED_SHORT_OOS,LISTING_AFTER_30_DAYS,READY,,0
MSTRUSDT-R-MSTRUSDT-nyse_20260618T200000Z-s17,MSTRUSDT,R,17,MSTRUSDT-nyse_20260618T200000Z,R:MSTRUSDT:2026-06:17,2026-06-22T19:30:00+00:00,2026-06-26T05:30:00+00:00,2026-06-22T19:30:00+00:00,2026-06-22T22:29:59.999000+00:00,2026-06-22T22:30:00+00:00,2026-06-26T05:29:59.999000+00:00,191820,196740,4920,180,4740,4920.0,2026-06,SEALED_SHORT_OOS,LISTING_AFTER_30_DAYS,READY,,0
MSTRUSDT-R-MSTRUSDT-nyse_20260618T200000Z-s31,MSTRUSDT,R,31,MSTRUSDT-nyse_20260618T200000Z,R:MSTRUSDT:2026-06:31,2026-06-08T20:30:00+00:00,2026-06-12T06:30:00+00:00,2026-06-08T20:30:00+00:00,2026-06-08T23:29:59.999000+00:00,2026-06-08T23:30:00+00:00,2026-06-12T06:29:59.999000+00:00,171720,176640,4920,180,4740,4920.0,2026-06,SEALED_SHORT_OOS,LISTING_AFTER_30_DAYS,READY,,0
MSTRUSDT-R-MSTRUSDT-nyse_20260618T200000Z-s59,MSTRUSDT,R,59,MSTRUSDT-nyse_20260618T200000Z,R:MSTRUSDT:2026-06:59,2026-06-22T20:30:00+00:00,2026-06-26T06:30:00+00:00,2026-06-22T20:30:00+00:00,2026-06-22T23:29:59.999000+00:00,2026-06-22T23:30:00+00:00,2026-06-26T06:29:59.999000+00:00,191880,196800,4920,180,4740,4920.0,2026-06,SEALED_SHORT_OOS,LISTING_AFTER_30_DAYS,READY,,0
MSTRUSDT-R-MSTRUSDT-nyse_20260618T200000Z-s97,MSTRUSDT,R,97,MSTRUSDT-nyse_20260618T200000Z,R:MSTRUSDT:2026-06:97,2026-06-22T21:30:00+00:00,2026-06-26T07:30:00+00:00,2026-06-22T21:30:00+00:00,2026-06-23T00:29:59.999000+00:00,2026-06-23T00:30:00+00:00,2026-06-26T07:29:59.999000+00:00,191940,196860,4920,180,4740,4920.0,2026-06,SEALED_SHORT_OOS,LISTING_AFTER_30_DAYS,READY,,0
MSTRUSDT-R-MSTRUSDT-nyse_20260626T200000Z-s3,MSTRUSDT,R,3,MSTRUSDT-nyse_20260626T200000Z,R:MSTRUSDT:2026-06:3,2026-06-23T21:30:00+00:00,2026-06-26T07:30:00+00:00,2026-06-23T21:30:00+00:00,2026-06-24T00:29:59.999000+00:00,2026-06-24T00:30:00+00:00,2026-06-26T07:29:59.999000+00:00,193380,196860,3480,180,3300,3480.0,2026-06,SEALED_SHORT_OOS,LISTING_AFTER_30_DAYS,READY,,0
MSTRUSDT-R-MSTRUSDT-nyse_20260626T200000Z-s10,MSTRUSDT,R,10,MSTRUSDT-nyse_20260626T200000Z,R:MSTRUSDT:2026-06:10,2026-06-29T21:30:00+00:00,2026-07-02T07:30:00+00:00,2026-06-29T21:30:00+00:00,2026-06-30T00:29:59.999000+00:00,2026-06-30T00:30:00+00:00,2026-07-02T07:29:59.999000+00:00,202020,205500,3480,180,3300,3480.0,2026-06,SEALED_SHORT_OOS,LISTING_AFTER_30_DAYS,READY,,0
MSTRUSDT-R-MSTRUSDT-nyse_20260626T200000Z-s17,MSTRUSDT,R,17,MSTRUSDT-nyse_20260626T200000Z,R:MSTRUSDT:2026-06:17,2026-06-29T20:30:00+00:00,2026-07-02T06:30:00+00:00,2026-06-29T20:30:00+00:00,2026-06-29T23:29:59.999000+00:00,2026-06-29T23:30:00+00:00,2026-07-02T06:29:59.999000+00:00,201960,205440,3480,180,3300,3480.0,2026-06,SEALED_SHORT_OOS,LISTING_AFTER_30_DAYS,READY,,0
MSTRUSDT-R-MSTRUSDT-nyse_20260626T200000Z-s31,MSTRUSDT,R,31,MSTRUSDT-nyse_20260626T200000Z,R:MSTRUSDT:2026-06:31,2026-06-29T21:30:00+00:00,2026-07-02T07:30:00+00:00,2026-06-29T21:30:00+00:00,2026-06-30T00:29:59.999000+00:00,2026-06-30T00:30:00+00:00,2026-07-02T07:29:59.999000+00:00,202020,205500,3480,180,3300,3480.0,2026-06,SEALED_SHORT_OOS,LISTING_AFTER_30_DAYS,READY,,0
MSTRUSDT-R-MSTRUSDT-nyse_20260626T200000Z-s59,MSTRUSDT,R,59,MSTRUSDT-nyse_20260626T200000Z,R:MSTRUSDT:2026-06:59,2026-06-02T19:30:00+00:00,2026-06-05T05:30:00+00:00,2026-06-02T19:30:00+00:00,2026-06-02T22:29:59.999000+00:00,2026-06-02T22:30:00+00:00,2026-06-05T05:29:59.999000+00:00,163020,166500,3480,180,3300,3480.0,2026-06,SEALED_SHORT_OOS,LISTING_AFTER_30_DAYS,READY,,0
MSTRUSDT-R-MSTRUSDT-nyse_20260626T200000Z-s97,MSTRUSDT,R,97,MSTRUSDT-nyse_20260626T200000Z,R:MSTRUSDT:2026-06:97,2026-06-15T21:30:00+00:00,2026-06-18T07:30:00+00:00,2026-06-15T21:30:00+00:00,2026-06-16T00:29:59.999000+00:00,2026-06-16T00:30:00+00:00,2026-06-18T07:29:59.999000+00:00,181860,185340,3480,180,3300,3480.0,2026-06,SEALED_SHORT_OOS,LISTING_AFTER_30_DAYS,READY,,0
MSTRUSDT-R-MSTRUSDT-nyse_20260702T200000Z-s3,MSTRUSDT,R,3,MSTRUSDT-nyse_20260702T200000Z,R:MSTRUSDT:2026-07:3,2026-07-13T19:30:00+00:00,2026-07-17T05:30:00+00:00,2026-07-13T19:30:00+00:00,2026-07-13T22:29:59.999000+00:00,2026-07-13T22:30:00+00:00,2026-07-17T05:29:59.999000+00:00,222060,226980,4920,180,4740,4920.0,2026-07,DESCRIPTIVE_ONLY,LISTING_AFTER_30_DAYS,READY,,0
MSTRUSDT-R-MSTRUSDT-nyse_20260702T200000Z-s10,MSTRUSDT,R,10,MSTRUSDT-nyse_20260702T200000Z,R:MSTRUSDT:2026-07:10,2026-07-06T20:30:00+00:00,2026-07-10T06:30:00+00:00,2026-07-06T20:30:00+00:00,2026-07-06T23:29:59.999000+00:00,2026-07-06T23:30:00+00:00,2026-07-10T06:29:59.999000+00:00,212040,216960,4920,180,4740,4920.0,2026-07,DESCRIPTIVE_ONLY,LISTING_AFTER_30_DAYS,READY,,0
MSTRUSDT-R-MSTRUSDT-nyse_20260702T200000Z-s17,MSTRUSDT,R,17,MSTRUSDT-nyse_20260702T200000Z,R:MSTRUSDT:2026-07:17,2026-07-13T19:30:00+00:00,2026-07-17T05:30:00+00:00,2026-07-13T19:30:00+00:00,2026-07-13T22:29:59.999000+00:00,2026-07-13T22:30:00+00:00,2026-07-17T05:29:59.999000+00:00,222060,226980,4920,180,4740,4920.0,2026-07,DESCRIPTIVE_ONLY,LISTING_AFTER_30_DAYS,READY,,0
MSTRUSDT-R-MSTRUSDT-nyse_20260702T200000Z-s31,MSTRUSDT,R,31,MSTRUSDT-nyse_20260702T200000Z,R:MSTRUSDT:2026-07:31,2026-07-06T19:30:00+00:00,2026-07-10T05:30:00+00:00,2026-07-06T19:30:00+00:00,2026-07-06T22:29:59.999000+00:00,2026-07-06T22:30:00+00:00,2026-07-10T05:29:59.999000+00:00,211980,216900,4920,180,4740,4920.0,2026-07,DESCRIPTIVE_ONLY,LISTING_AFTER_30_DAYS,READY,,0
MSTRUSDT-R-MSTRUSDT-nyse_20260702T200000Z-s59,MSTRUSDT,R,59,MSTRUSDT-nyse_20260702T200000Z,R:MSTRUSDT:2026-07:59,2026-07-06T20:30:00+00:00,2026-07-10T06:30:00+00:00,2026-07-06T20:30:00+00:00,2026-07-06T23:29:59.999000+00:00,2026-07-06T23:30:00+00:00,2026-07-10T06:29:59.999000+00:00,212040,216960,4920,180,4740,4920.0,2026-07,DESCRIPTIVE_ONLY,LISTING_AFTER_30_DAYS,READY,,0
MSTRUSDT-R-MSTRUSDT-nyse_20260702T200000Z-s97,MSTRUSDT,R,97,MSTRUSDT-nyse_20260702T200000Z,R:MSTRUSDT:2026-07:97,2026-07-13T21:30:00+00:00,2026-07-17T07:30:00+00:00,2026-07-13T21:30:00+00:00,2026-07-14T00:29:59.999000+00:00,2026-07-14T00:30:00+00:00,2026-07-17T07:29:59.999000+00:00,222180,227100,4920,180,4740,4920.0,2026-07,DESCRIPTIVE_ONLY,LISTING_AFTER_30_DAYS,READY,,0
MSTRUSDT-R-MSTRUSDT-nyse_20260710T200000Z-s3,MSTRUSDT,R,3,MSTRUSDT-nyse_20260710T200000Z,R:MSTRUSDT:2026-07:3,2026-07-06T21:30:00+00:00,2026-07-09T07:30:00+00:00,2026-07-06T21:30:00+00:00,2026-07-07T00:29:59.999000+00:00,2026-07-07T00:30:00+00:00,2026-07-09T07:29:59.999000+00:00,212100,215580,3480,180,3300,3480.0,2026-07,DESCRIPTIVE_ONLY,LISTING_AFTER_30_DAYS,READY,,0
MSTRUSDT-R-MSTRUSDT-nyse_20260710T200000Z-s10,MSTRUSDT,R,10,MSTRUSDT-nyse_20260710T200000Z,R:MSTRUSDT:2026-07:10,2026-07-14T20:30:00+00:00,2026-07-17T06:30:00+00:00,2026-07-14T20:30:00+00:00,2026-07-14T23:29:59.999000+00:00,2026-07-14T23:30:00+00:00,2026-07-17T06:29:59.999000+00:00,223560,227040,3480,180,3300,3480.0,2026-07,DESCRIPTIVE_ONLY,LISTING_AFTER_30_DAYS,READY,,0
MSTRUSDT-R-MSTRUSDT-nyse_20260710T200000Z-s17,MSTRUSDT,R,17,MSTRUSDT-nyse_20260710T200000Z,R:MSTRUSDT:2026-07:17,2026-07-20T21:30:00+00:00,2026-07-23T07:30:00+00:00,2026-07-20T21:30:00+00:00,2026-07-21T00:29:59.999000+00:00,2026-07-21T00:30:00+00:00,2026-07-23T07:29:59.999000+00:00,232260,235740,3480,180,3300,3480.0,2026-07,DESCRIPTIVE_ONLY,LISTING_AFTER_30_DAYS,READY,,0
MSTRUSDT-R-MSTRUSDT-nyse_20260710T200000Z-s31,MSTRUSDT,R,31,MSTRUSDT-nyse_20260710T200000Z,R:MSTRUSDT:2026-07:31,2026-07-13T19:30:00+00:00,2026-07-16T05:30:00+00:00,2026-07-13T19:30:00+00:00,2026-07-13T22:29:59.999000+00:00,2026-07-13T22:30:00+00:00,2026-07-16T05:29:59.999000+00:00,222060,225540,3480,180,3300,3480.0,2026-07,DESCRIPTIVE_ONLY,LISTING_AFTER_30_DAYS,READY,,0
MSTRUSDT-R-MSTRUSDT-nyse_20260710T200000Z-s59,MSTRUSDT,R,59,MSTRUSDT-nyse_20260710T200000Z,R:MSTRUSDT:2026-07:59,2026-07-20T21:30:00+00:00,2026-07-23T07:30:00+00:00,2026-07-20T21:30:00+00:00,2026-07-21T00:29:59.999000+00:00,2026-07-21T00:30:00+00:00,2026-07-23T07:29:59.999000+00:00,232260,235740,3480,180,3300,3480.0,2026-07,DESCRIPTIVE_ONLY,LISTING_AFTER_30_DAYS,READY,,0
MSTRUSDT-R-MSTRUSDT-nyse_20260710T200000Z-s97,MSTRUSDT,R,97,MSTRUSDT-nyse_20260710T200000Z,R:MSTRUSDT:2026-07:97,2026-07-20T19:30:00+00:00,2026-07-23T05:30:00+00:00,2026-07-20T19:30:00+00:00,2026-07-20T22:29:59.999000+00:00,2026-07-20T22:30:00+00:00,2026-07-23T05:29:59.999000+00:00,232140,235620,3480,180,3300,3480.0,2026-07,DESCRIPTIVE_ONLY,LISTING_AFTER_30_DAYS,READY,,0
MSTRUSDT-R-MSTRUSDT-nyse_20260717T200000Z-s3,MSTRUSDT,R,3,MSTRUSDT-nyse_20260717T200000Z,R:MSTRUSDT:2026-07:3,2026-07-20T21:30:00+00:00,2026-07-23T07:30:00+00:00,2026-07-20T21:30:00+00:00,2026-07-21T00:29:59.999000+00:00,2026-07-21T00:30:00+00:00,2026-07-23T07:29:59.999000+00:00,232260,235740,3480,180,3300,3480.0,2026-07,DESCRIPTIVE_ONLY,LISTING_AFTER_30_DAYS,READY,,0
MSTRUSDT-R-MSTRUSDT-nyse_20260717T200000Z-s10,MSTRUSDT,R,10,MSTRUSDT-nyse_20260717T200000Z,R:MSTRUSDT:2026-07:10,2026-07-20T19:30:00+00:00,2026-07-23T05:30:00+00:00,2026-07-20T19:30:00+00:00,2026-07-20T22:29:59.999000+00:00,2026-07-20T22:30:00+00:00,2026-07-23T05:29:59.999000+00:00,232140,235620,3480,180,3300,3480.0,2026-07,DESCRIPTIVE_ONLY,LISTING_AFTER_30_DAYS,READY,,0
MSTRUSDT-R-MSTRUSDT-nyse_20260717T200000Z-s17,MSTRUSDT,R,17,MSTRUSDT-nyse_20260717T200000Z,R:MSTRUSDT:2026-07:17,2026-07-07T21:30:00+00:00,2026-07-10T07:30:00+00:00,2026-07-07T21:30:00+00:00,2026-07-08T00:29:59.999000+00:00,2026-07-08T00:30:00+00:00,2026-07-10T07:29:59.999000+00:00,213540,217020,3480,180,3300,3480.0,2026-07,DESCRIPTIVE_ONLY,LISTING_AFTER_30_DAYS,READY,,0
MSTRUSDT-R-MSTRUSDT-nyse_20260717T200000Z-s31,MSTRUSDT,R,31,MSTRUSDT-nyse_20260717T200000Z,R:MSTRUSDT:2026-07:31,2026-07-20T21:30:00+00:00,2026-07-23T07:30:00+00:00,2026-07-20T21:30:00+00:00,2026-07-21T00:29:59.999000+00:00,2026-07-21T00:30:00+00:00,2026-07-23T07:29:59.999000+00:00,232260,235740,3480,180,3300,3480.0,2026-07,DESCRIPTIVE_ONLY,LISTING_AFTER_30_DAYS,READY,,0
MSTRUSDT-R-MSTRUSDT-nyse_20260717T200000Z-s59,MSTRUSDT,R,59,MSTRUSDT-nyse_20260717T200000Z,R:MSTRUSDT:2026-07:59,2026-07-14T20:30:00+00:00,2026-07-17T06:30:00+00:00,2026-07-14T20:30:00+00:00,2026-07-14T23:29:59.999000+00:00,2026-07-14T23:30:00+00:00,2026-07-17T06:29:59.999000+00:00,223560,227040,3480,180,3300,3480.0,2026-07,DESCRIPTIVE_ONLY,LISTING_AFTER_30_DAYS,READY,,0
MSTRUSDT-R-MSTRUSDT-nyse_20260717T200000Z-s97,MSTRUSDT,R,97,MSTRUSDT-nyse_20260717T200000Z,R:MSTRUSDT:2026-07:97,2026-07-07T19:30:00+00:00,2026-07-10T05:30:00+00:00,2026-07-07T19:30:00+00:00,2026-07-07T22:29:59.999000+00:00,2026-07-07T22:30:00+00:00,2026-07-10T05:29:59.999000+00:00,213420,216900,3480,180,3300,3480.0,2026-07,DESCRIPTIVE_ONLY,LISTING_AFTER_30_DAYS,READY,,0
PLTRUSDT-nyse_20260213T210000Z,PLTRUSDT,W,,,NYSE:2026-02-13T21:00:00+00:00:2026-02-17T07:00:00+00:00,2026-02-13T21:00:00+00:00,2026-02-17T07:00:00+00:00,2026-02-13T21:00:00+00:00,2026-02-13T23:59:59.999000+00:00,2026-02-14T00:00:00+00:00,2026-02-17T06:59:59.999000+00:00,6110,11030,4920,180,4740,4920.0,2026-02,DESCRIPTIVE_ONLY,LISTING_DAYS_1_14,READY,,0
PLTRUSDT-nyse_20260220T210000Z,PLTRUSDT,W,,,NYSE:2026-02-20T21:00:00+00:00:2026-02-23T07:00:00+00:00,2026-02-20T21:00:00+00:00,2026-02-23T07:00:00+00:00,2026-02-20T21:00:00+00:00,2026-02-20T23:59:59.999000+00:00,2026-02-21T00:00:00+00:00,2026-02-23T06:59:59.999000+00:00,16190,19670,3480,180,3300,3480.0,2026-02,DESCRIPTIVE_ONLY,LISTING_DAYS_1_14,READY,,0
PLTRUSDT-nyse_20260227T210000Z,PLTRUSDT,W,,,NYSE:2026-02-27T21:00:00+00:00:2026-03-02T07:00:00+00:00,2026-02-27T21:00:00+00:00,2026-03-02T07:00:00+00:00,2026-02-27T21:00:00+00:00,2026-02-27T23:59:59.999000+00:00,2026-02-28T00:00:00+00:00,2026-03-02T06:59:59.999000+00:00,26270,29750,3480,180,3300,3480.0,2026-02,DESCRIPTIVE_ONLY,LISTING_DAYS_15_30,READY,,0
PLTRUSDT-nyse_20260306T210000Z,PLTRUSDT,W,,,NYSE:2026-03-06T21:00:00+00:00:2026-03-09T06:00:00+00:00,2026-03-06T21:00:00+00:00,2026-03-09T06:00:00+00:00,2026-03-06T21:00:00+00:00,2026-03-06T23:59:59.999000+00:00,2026-03-07T00:00:00+00:00,2026-03-09T05:59:59.999000+00:00,36350,39770,3420,180,3240,3420.0,2026-03,RESEARCH_DEVELOPMENT,LISTING_DAYS_15_30,READY,,0
PLTRUSDT-nyse_20260313T200000Z,PLTRUSDT,W,,,NYSE:2026-03-13T20:00:00+00:00:2026-03-16T06:00:00+00:00,2026-03-13T20:00:00+00:00,2026-03-16T06:00:00+00:00,2026-03-13T20:00:00+00:00,2026-03-13T22:59:59.999000+00:00,2026-03-13T23:00:00+00:00,2026-03-16T05:59:59.999000+00:00,46370,49850,3480,180,3300,3480.0,2026-03,RESEARCH_DEVELOPMENT,LISTING_AFTER_30_DAYS,READY,,0
PLTRUSDT-nyse_20260320T200000Z,PLTRUSDT,W,,,NYSE:2026-03-20T20:00:00+00:00:2026-03-23T06:00:00+00:00,2026-03-20T20:00:00+00:00,2026-03-23T06:00:00+00:00,2026-03-20T20:00:00+00:00,2026-03-20T22:59:59.999000+00:00,2026-03-20T23:00:00+00:00,2026-03-23T05:59:59.999000+00:00,56450,59930,3480,180,3300,3480.0,2026-03,RESEARCH_DEVELOPMENT,LISTING_AFTER_30_DAYS,READY,,0
PLTRUSDT-nyse_20260327T200000Z,PLTRUSDT,W,,,NYSE:2026-03-27T20:00:00+00:00:2026-03-30T06:00:00+00:00,2026-03-27T20:00:00+00:00,2026-03-30T06:00:00+00:00,2026-03-27T20:00:00+00:00,2026-03-27T22:59:59.999000+00:00,2026-03-27T23:00:00+00:00,2026-03-30T05:59:59.999000+00:00,66530,70010,3480,180,3300,3480.0,2026-03,RESEARCH_DEVELOPMENT,LISTING_AFTER_30_DAYS,READY,,0
PLTRUSDT-nyse_20260402T200000Z,PLTRUSDT,W,,,NYSE:2026-04-02T20:00:00+00:00:2026-04-06T06:00:00+00:00,2026-04-02T20:00:00+00:00,2026-04-06T06:00:00+00:00,2026-04-02T20:00:00+00:00,2026-04-02T22:59:59.999000+00:00,2026-04-02T23:00:00+00:00,2026-04-06T05:59:59.999000+00:00,75170,80090,4920,180,4740,4920.0,2026-04,RESEARCH_DEVELOPMENT,LISTING_AFTER_30_DAYS,READY,,0
PLTRUSDT-nyse_20260410T200000Z,PLTRUSDT,W,,,NYSE:2026-04-10T20:00:00+00:00:2026-04-13T06:00:00+00:00,2026-04-10T20:00:00+00:00,2026-04-13T06:00:00+00:00,2026-04-10T20:00:00+00:00,2026-04-10T22:59:59.999000+00:00,2026-04-10T23:00:00+00:00,2026-04-13T05:59:59.999000+00:00,86690,90170,3480,180,3300,3480.0,2026-04,RESEARCH_DEVELOPMENT,LISTING_AFTER_30_DAYS,READY,,0
PLTRUSDT-nyse_20260417T200000Z,PLTRUSDT,W,,,NYSE:2026-04-17T20:00:00+00:00:2026-04-20T06:00:00+00:00,2026-04-17T20:00:00+00:00,2026-04-20T06:00:00+00:00,2026-04-17T20:00:00+00:00,2026-04-17T22:59:59.999000+00:00,2026-04-17T23:00:00+00:00,2026-04-20T05:59:59.999000+00:00,96770,100250,3480,180,3300,3480.0,2026-04,RESEARCH_DEVELOPMENT,LISTING_AFTER_30_DAYS,READY,,0
PLTRUSDT-nyse_20260424T200000Z,PLTRUSDT,W,,,NYSE:2026-04-24T20:00:00+00:00:2026-04-27T06:00:00+00:00,2026-04-24T20:00:00+00:00,2026-04-27T06:00:00+00:00,2026-04-24T20:00:00+00:00,2026-04-24T22:59:59.999000+00:00,2026-04-24T23:00:00+00:00,2026-04-27T05:59:59.999000+00:00,106850,110330,3480,180,3300,3480.0,2026-04,RESEARCH_DEVELOPMENT,LISTING_AFTER_30_DAYS,READY,,0
PLTRUSDT-nyse_20260501T200000Z,PLTRUSDT,W,,,NYSE:2026-05-01T20:00:00+00:00:2026-05-04T06:00:00+00:00,2026-05-01T20:00:00+00:00,2026-05-04T06:00:00+00:00,2026-05-01T20:00:00+00:00,2026-05-01T22:59:59.999000+00:00,2026-05-01T23:00:00+00:00,2026-05-04T05:59:59.999000+00:00,116930,120410,3480,180,3300,3480.0,2026-05,RESEARCH_DEVELOPMENT,LISTING_AFTER_30_DAYS,READY,,0
PLTRUSDT-nyse_20260508T200000Z,PLTRUSDT,W,,,NYSE:2026-05-08T20:00:00+00:00:2026-05-11T06:00:00+00:00,2026-05-08T20:00:00+00:00,2026-05-11T06:00:00+00:00,2026-05-08T20:00:00+00:00,2026-05-08T22:59:59.999000+00:00,2026-05-08T23:00:00+00:00,2026-05-11T05:59:59.999000+00:00,127010,130490,3480,180,3300,3480.0,2026-05,RESEARCH_DEVELOPMENT,LISTING_AFTER_30_DAYS,READY,,0
PLTRUSDT-nyse_20260515T200000Z,PLTRUSDT,W,,,NYSE:2026-05-15T20:00:00+00:00:2026-05-18T06:00:00+00:00,2026-05-15T20:00:00+00:00,2026-05-18T06:00:00+00:00,2026-05-15T20:00:00+00:00,2026-05-15T22:59:59.999000+00:00,2026-05-15T23:00:00+00:00,2026-05-18T05:59:59.999000+00:00,137090,140570,3480,180,3300,3480.0,2026-05,RESEARCH_DEVELOPMENT,LISTING_AFTER_30_DAYS,READY,,0
PLTRUSDT-nyse_20260522T200000Z,PLTRUSDT,W,,,NYSE:2026-05-22T20:00:00+00:00:2026-05-26T06:00:00+00:00,2026-05-22T20:00:00+00:00,2026-05-26T06:00:00+00:00,2026-05-22T20:00:00+00:00,2026-05-22T22:59:59.999000+00:00,2026-05-22T23:00:00+00:00,2026-05-26T05:59:59.999000+00:00,147170,152090,4920,180,4740,4920.0,2026-05,RESEARCH_DEVELOPMENT,LISTING_AFTER_30_DAYS,READY,,0
PLTRUSDT-nyse_20260529T200000Z,PLTRUSDT,W,,,NYSE:2026-05-29T20:00:00+00:00:2026-06-01T06:00:00+00:00,2026-05-29T20:00:00+00:00,2026-06-01T06:00:00+00:00,2026-05-29T20:00:00+00:00,2026-05-29T22:59:59.999000+00:00,2026-05-29T23:00:00+00:00,2026-06-01T05:59:59.999000+00:00,157250,160730,3480,180,3300,3480.0,2026-05,RESEARCH_DEVELOPMENT,LISTING_AFTER_30_DAYS,READY,,0
PLTRUSDT-nyse_20260605T200000Z,PLTRUSDT,W,,,NYSE:2026-06-05T20:00:00+00:00:2026-06-08T06:00:00+00:00,2026-06-05T20:00:00+00:00,2026-06-08T06:00:00+00:00,2026-06-05T20:00:00+00:00,2026-06-05T22:59:59.999000+00:00,2026-06-05T23:00:00+00:00,2026-06-08T05:59:59.999000+00:00,167330,170810,3480,180,3300,3480.0,2026-06,SEALED_SHORT_OOS,LISTING_AFTER_30_DAYS,READY,,0
PLTRUSDT-nyse_20260612T200000Z,PLTRUSDT,W,,,NYSE:2026-06-12T20:00:00+00:00:2026-06-15T06:00:00+00:00,2026-06-12T20:00:00+00:00,2026-06-15T06:00:00+00:00,2026-06-12T20:00:00+00:00,2026-06-12T22:59:59.999000+00:00,2026-06-12T23:00:00+00:00,2026-06-15T05:59:59.999000+00:00,177410,180890,3480,180,3300,3480.0,2026-06,SEALED_SHORT_OOS,LISTING_AFTER_30_DAYS,READY,,0
PLTRUSDT-nyse_20260618T200000Z,PLTRUSDT,W,,,NYSE:2026-06-18T20:00:00+00:00:2026-06-22T06:00:00+00:00,2026-06-18T20:00:00+00:00,2026-06-22T06:00:00+00:00,2026-06-18T20:00:00+00:00,2026-06-18T22:59:59.999000+00:00,2026-06-18T23:00:00+00:00,2026-06-22T05:59:59.999000+00:00,186050,190970,4920,180,4740,4920.0,2026-06,SEALED_SHORT_OOS,LISTING_AFTER_30_DAYS,READY,,0
PLTRUSDT-nyse_20260626T200000Z,PLTRUSDT,W,,,NYSE:2026-06-26T20:00:00+00:00:2026-06-29T06:00:00+00:00,2026-06-26T20:00:00+00:00,2026-06-29T06:00:00+00:00,2026-06-26T20:00:00+00:00,2026-06-26T22:59:59.999000+00:00,2026-06-26T23:00:00+00:00,2026-06-29T05:59:59.999000+00:00,197570,201050,3480,180,3300,3480.0,2026-06,SEALED_SHORT_OOS,LISTING_AFTER_30_DAYS,READY,,0
PLTRUSDT-nyse_20260702T200000Z,PLTRUSDT,W,,,NYSE:2026-07-02T20:00:00+00:00:2026-07-06T06:00:00+00:00,2026-07-02T20:00:00+00:00,2026-07-06T06:00:00+00:00,2026-07-02T20:00:00+00:00,2026-07-02T22:59:59.999000+00:00,2026-07-02T23:00:00+00:00,2026-07-06T05:59:59.999000+00:00,206210,211130,4920,180,4740,4920.0,2026-07,DESCRIPTIVE_ONLY,LISTING_AFTER_30_DAYS,READY,,0
PLTRUSDT-nyse_20260710T200000Z,PLTRUSDT,W,,,NYSE:2026-07-10T20:00:00+00:00:2026-07-13T06:00:00+00:00,2026-07-10T20:00:00+00:00,2026-07-13T06:00:00+00:00,2026-07-10T20:00:00+00:00,2026-07-10T22:59:59.999000+00:00,2026-07-10T23:00:00+00:00,2026-07-13T05:59:59.999000+00:00,217730,221210,3480,180,3300,3480.0,2026-07,DESCRIPTIVE_ONLY,LISTING_AFTER_30_DAYS,READY,,0
PLTRUSDT-nyse_20260717T200000Z,PLTRUSDT,W,,,NYSE:2026-07-17T20:00:00+00:00:2026-07-20T06:00:00+00:00,2026-07-17T20:00:00+00:00,2026-07-20T06:00:00+00:00,2026-07-17T20:00:00+00:00,2026-07-17T22:59:59.999000+00:00,2026-07-17T23:00:00+00:00,2026-07-20T05:59:59.999000+00:00,227810,231290,3480,180,3300,3480.0,2026-07,DESCRIPTIVE_ONLY,LISTING_AFTER_30_DAYS,READY,,0
PLTRUSDT-O-20260723T200000Z,PLTRUSDT,O,,,NYSE:2026-07-23T20:00:00+00:00:2026-07-24T06:00:00+00:00,2026-07-23T20:00:00+00:00,2026-07-24T06:00:00+00:00,2026-07-23T20:00:00+00:00,2026-07-23T22:59:59.999000+00:00,2026-07-23T23:00:00+00:00,2026-07-23T23:59:59.999000+00:00,236450,236690,240,180,60,600.0,2026-07,DESCRIPTIVE_ONLY,LISTING_AFTER_30_DAYS,READY,,0
PLTRUSDT-O-20260209T210000Z,PLTRUSDT,O,,,NYSE:2026-02-09T21:00:00+00:00:2026-02-10T07:00:00+00:00,2026-02-09T21:00:00+00:00,2026-02-10T07:00:00+00:00,2026-02-09T21:00:00+00:00,2026-02-09T23:59:59.999000+00:00,2026-02-10T00:00:00+00:00,2026-02-10T06:59:59.999000+00:00,350,950,600,180,420,600.0,2026-02,DESCRIPTIVE_ONLY,LISTING_DAYS_1_14,SKIPPED,OVERLAPS_FROZEN_RANDOM_WINDOW,0
PLTRUSDT-O-20260210T210000Z,PLTRUSDT,O,,,NYSE:2026-02-10T21:00:00+00:00:2026-02-11T07:00:00+00:00,2026-02-10T21:00:00+00:00,2026-02-11T07:00:00+00:00,2026-02-10T21:00:00+00:00,2026-02-10T23:59:59.999000+00:00,2026-02-11T00:00:00+00:00,2026-02-11T06:59:59.999000+00:00,1790,2390,600,180,420,600.0,2026-02,DESCRIPTIVE_ONLY,LISTING_DAYS_1_14,SKIPPED,OVERLAPS_FROZEN_RANDOM_WINDOW,0
PLTRUSDT-O-20260211T210000Z,PLTRUSDT,O,,,NYSE:2026-02-11T21:00:00+00:00:2026-02-12T07:00:00+00:00,2026-02-11T21:00:00+00:00,2026-02-12T07:00:00+00:00,2026-02-11T21:00:00+00:00,2026-02-11T23:59:59.999000+00:00,2026-02-12T00:00:00+00:00,2026-02-12T06:59:59.999000+00:00,3230,3830,600,180,420,600.0,2026-02,DESCRIPTIVE_ONLY,LISTING_DAYS_1_14,SKIPPED,OVERLAPS_FROZEN_RANDOM_WINDOW,0
PLTRUSDT-O-20260212T210000Z,PLTRUSDT,O,,,NYSE:2026-02-12T21:00:00+00:00:2026-02-13T07:00:00+00:00,2026-02-12T21:00:00+00:00,2026-02-13T07:00:00+00:00,2026-02-12T21:00:00+00:00,2026-02-12T23:59:59.999000+00:00,2026-02-13T00:00:00+00:00,2026-02-13T06:59:59.999000+00:00,4670,5270,600,180,420,600.0,2026-02,DESCRIPTIVE_ONLY,LISTING_DAYS_1_14,SKIPPED,OVERLAPS_FROZEN_RANDOM_WINDOW,0
PLTRUSDT-O-20260217T210000Z,PLTRUSDT,O,,,NYSE:2026-02-17T21:00:00+00:00:2026-02-18T07:00:00+00:00,2026-02-17T21:00:00+00:00,2026-02-18T07:00:00+00:00,2026-02-17T21:00:00+00:00,2026-02-17T23:59:59.999000+00:00,2026-02-18T00:00:00+00:00,2026-02-18T06:59:59.999000+00:00,11870,12470,600,180,420,600.0,2026-02,DESCRIPTIVE_ONLY,LISTING_DAYS_1_14,SKIPPED,OVERLAPS_FROZEN_RANDOM_WINDOW,0
PLTRUSDT-O-20260218T210000Z,PLTRUSDT,O,,,NYSE:2026-02-18T21:00:00+00:00:2026-02-19T07:00:00+00:00,2026-02-18T21:00:00+00:00,2026-02-19T07:00:00+00:00,2026-02-18T21:00:00+00:00,2026-02-18T23:59:59.999000+00:00,2026-02-19T00:00:00+00:00,2026-02-19T06:59:59.999000+00:00,13310,13910,600,180,420,600.0,2026-02,DESCRIPTIVE_ONLY,LISTING_DAYS_1_14,SKIPPED,OVERLAPS_FROZEN_RANDOM_WINDOW,0
PLTRUSDT-O-20260219T210000Z,PLTRUSDT,O,,,NYSE:2026-02-19T21:00:00+00:00:2026-02-20T07:00:00+00:00,2026-02-19T21:00:00+00:00,2026-02-20T07:00:00+00:00,2026-02-19T21:00:00+00:00,2026-02-19T23:59:59.999000+00:00,2026-02-20T00:00:00+00:00,2026-02-20T06:59:59.999000+00:00,14750,15350,600,180,420,600.0,2026-02,DESCRIPTIVE_ONLY,LISTING_DAYS_1_14,SKIPPED,OVERLAPS_FROZEN_RANDOM_WINDOW,0
PLTRUSDT-O-20260223T210000Z,PLTRUSDT,O,,,NYSE:2026-02-23T21:00:00+00:00:2026-02-24T07:00:00+00:00,2026-02-23T21:00:00+00:00,2026-02-24T07:00:00+00:00,2026-02-23T21:00:00+00:00,2026-02-23T23:59:59.999000+00:00,2026-02-24T00:00:00+00:00,2026-02-24T06:59:59.999000+00:00,20510,21110,600,180,420,600.0,2026-02,DESCRIPTIVE_ONLY,LISTING_DAYS_15_30,SKIPPED,OVERLAPS_FROZEN_RANDOM_WINDOW,0
PLTRUSDT-O-20260224T210000Z,PLTRUSDT,O,,,NYSE:2026-02-24T21:00:00+00:00:2026-02-25T07:00:00+00:00,2026-02-24T21:00:00+00:00,2026-02-25T07:00:00+00:00,2026-02-24T21:00:00+00:00,2026-02-24T23:59:59.999000+00:00,2026-02-25T00:00:00+00:00,2026-02-25T06:59:59.999000+00:00,21950,22550,600,180,420,600.0,2026-02,DESCRIPTIVE_ONLY,LISTING_DAYS_15_30,SKIPPED,OVERLAPS_FROZEN_RANDOM_WINDOW,0
PLTRUSDT-O-20260225T210000Z,PLTRUSDT,O,,,NYSE:2026-02-25T21:00:00+00:00:2026-02-26T07:00:00+00:00,2026-02-25T21:00:00+00:00,2026-02-26T07:00:00+00:00,2026-02-25T21:00:00+00:00,2026-02-25T23:59:59.999000+00:00,2026-02-26T00:00:00+00:00,2026-02-26T06:59:59.999000+00:00,23390,23990,600,180,420,600.0,2026-02,DESCRIPTIVE_ONLY,LISTING_DAYS_15_30,SKIPPED,OVERLAPS_FROZEN_RANDOM_WINDOW,0
PLTRUSDT-O-20260226T210000Z,PLTRUSDT,O,,,NYSE:2026-02-26T21:00:00+00:00:2026-02-27T07:00:00+00:00,2026-02-26T21:00:00+00:00,2026-02-27T07:00:00+00:00,2026-02-26T21:00:00+00:00,2026-02-26T23:59:59.999000+00:00,2026-02-27T00:00:00+00:00,2026-02-27T06:59:59.999000+00:00,24830,25430,600,180,420,600.0,2026-02,DESCRIPTIVE_ONLY,LISTING_DAYS_15_30,SKIPPED,OVERLAPS_FROZEN_RANDOM_WINDOW,0
PLTRUSDT-O-20260302T210000Z,PLTRUSDT,O,,,NYSE:2026-03-02T21:00:00+00:00:2026-03-03T07:00:00+00:00,2026-03-02T21:00:00+00:00,2026-03-03T07:00:00+00:00,2026-03-02T21:00:00+00:00,2026-03-02T23:59:59.999000+00:00,2026-03-03T00:00:00+00:00,2026-03-03T06:59:59.999000+00:00,30590,31190,600,180,420,600.0,2026-03,RESEARCH_DEVELOPMENT,LISTING_DAYS_15_30,SKIPPED,OVERLAPS_FROZEN_RANDOM_WINDOW,0
PLTRUSDT-O-20260303T210000Z,PLTRUSDT,O,,,NYSE:2026-03-03T21:00:00+00:00:2026-03-04T07:00:00+00:00,2026-03-03T21:00:00+00:00,2026-03-04T07:00:00+00:00,2026-03-03T21:00:00+00:00,2026-03-03T23:59:59.999000+00:00,2026-03-04T00:00:00+00:00,2026-03-04T06:59:59.999000+00:00,32030,32630,600,180,420,600.0,2026-03,RESEARCH_DEVELOPMENT,LISTING_DAYS_15_30,SKIPPED,OVERLAPS_FROZEN_RANDOM_WINDOW,0
PLTRUSDT-O-20260304T210000Z,PLTRUSDT,O,,,NYSE:2026-03-04T21:00:00+00:00:2026-03-05T07:00:00+00:00,2026-03-04T21:00:00+00:00,2026-03-05T07:00:00+00:00,2026-03-04T21:00:00+00:00,2026-03-04T23:59:59.999000+00:00,2026-03-05T00:00:00+00:00,2026-03-05T06:59:59.999000+00:00,33470,34070,600,180,420,600.0,2026-03,RESEARCH_DEVELOPMENT,LISTING_DAYS_15_30,SKIPPED,OVERLAPS_FROZEN_RANDOM_WINDOW,0
PLTRUSDT-O-20260305T210000Z,PLTRUSDT,O,,,NYSE:2026-03-05T21:00:00+00:00:2026-03-06T07:00:00+00:00,2026-03-05T21:00:00+00:00,2026-03-06T07:00:00+00:00,2026-03-05T21:00:00+00:00,2026-03-05T23:59:59.999000+00:00,2026-03-06T00:00:00+00:00,2026-03-06T06:59:59.999000+00:00,34910,35510,600,180,420,600.0,2026-03,RESEARCH_DEVELOPMENT,LISTING_DAYS_15_30,SKIPPED,OVERLAPS_FROZEN_RANDOM_WINDOW,0
PLTRUSDT-O-20260309T200000Z,PLTRUSDT,O,,,NYSE:2026-03-09T20:00:00+00:00:2026-03-10T06:00:00+00:00,2026-03-09T20:00:00+00:00,2026-03-10T06:00:00+00:00,2026-03-09T20:00:00+00:00,2026-03-09T22:59:59.999000+00:00,2026-03-09T23:00:00+00:00,2026-03-10T05:59:59.999000+00:00,40610,41210,600,180,420,600.0,2026-03,RESEARCH_DEVELOPMENT,LISTING_DAYS_15_30,SKIPPED,OVERLAPS_FROZEN_RANDOM_WINDOW,0
PLTRUSDT-O-20260310T200000Z,PLTRUSDT,O,,,NYSE:2026-03-10T20:00:00+00:00:2026-03-11T06:00:00+00:00,2026-03-10T20:00:00+00:00,2026-03-11T06:00:00+00:00,2026-03-10T20:00:00+00:00,2026-03-10T22:59:59.999000+00:00,2026-03-10T23:00:00+00:00,2026-03-11T05:59:59.999000+00:00,42050,42650,600,180,420,600.0,2026-03,RESEARCH_DEVELOPMENT,LISTING_DAYS_15_30,SKIPPED,OVERLAPS_FROZEN_RANDOM_WINDOW,0
PLTRUSDT-O-20260311T200000Z,PLTRUSDT,O,,,NYSE:2026-03-11T20:00:00+00:00:2026-03-12T06:00:00+00:00,2026-03-11T20:00:00+00:00,2026-03-12T06:00:00+00:00,2026-03-11T20:00:00+00:00,2026-03-11T22:59:59.999000+00:00,2026-03-11T23:00:00+00:00,2026-03-12T05:59:59.999000+00:00,43490,44090,600,180,420,600.0,2026-03,RESEARCH_DEVELOPMENT,LISTING_AFTER_30_DAYS,SKIPPED,OVERLAPS_FROZEN_RANDOM_WINDOW,0
PLTRUSDT-O-20260312T200000Z,PLTRUSDT,O,,,NYSE:2026-03-12T20:00:00+00:00:2026-03-13T06:00:00+00:00,2026-03-12T20:00:00+00:00,2026-03-13T06:00:00+00:00,2026-03-12T20:00:00+00:00,2026-03-12T22:59:59.999000+00:00,2026-03-12T23:00:00+00:00,2026-03-13T05:59:59.999000+00:00,44930,45530,600,180,420,600.0,2026-03,RESEARCH_DEVELOPMENT,LISTING_AFTER_30_DAYS,SKIPPED,OVERLAPS_FROZEN_RANDOM_WINDOW,0
PLTRUSDT-O-20260316T200000Z,PLTRUSDT,O,,,NYSE:2026-03-16T20:00:00+00:00:2026-03-17T06:00:00+00:00,2026-03-16T20:00:00+00:00,2026-03-17T06:00:00+00:00,2026-03-16T20:00:00+00:00,2026-03-16T22:59:59.999000+00:00,2026-03-16T23:00:00+00:00,2026-03-17T05:59:59.999000+00:00,50690,51290,600,180,420,600.0,2026-03,RESEARCH_DEVELOPMENT,LISTING_AFTER_30_DAYS,SKIPPED,OVERLAPS_FROZEN_RANDOM_WINDOW,0
PLTRUSDT-O-20260317T200000Z,PLTRUSDT,O,,,NYSE:2026-03-17T20:00:00+00:00:2026-03-18T06:00:00+00:00,2026-03-17T20:00:00+00:00,2026-03-18T06:00:00+00:00,2026-03-17T20:00:00+00:00,2026-03-17T22:59:59.999000+00:00,2026-03-17T23:00:00+00:00,2026-03-18T05:59:59.999000+00:00,52130,52730,600,180,420,600.0,2026-03,RESEARCH_DEVELOPMENT,LISTING_AFTER_30_DAYS,SKIPPED,OVERLAPS_FROZEN_RANDOM_WINDOW,0
PLTRUSDT-O-20260318T200000Z,PLTRUSDT,O,,,NYSE:2026-03-18T20:00:00+00:00:2026-03-19T06:00:00+00:00,2026-03-18T20:00:00+00:00,2026-03-19T06:00:00+00:00,2026-03-18T20:00:00+00:00,2026-03-18T22:59:59.999000+00:00,2026-03-18T23:00:00+00:00,2026-03-19T05:59:59.999000+00:00,53570,54170,600,180,420,600.0,2026-03,RESEARCH_DEVELOPMENT,LISTING_AFTER_30_DAYS,SKIPPED,OVERLAPS_FROZEN_RANDOM_WINDOW,0
PLTRUSDT-O-20260319T200000Z,PLTRUSDT,O,,,NYSE:2026-03-19T20:00:00+00:00:2026-03-20T06:00:00+00:00,2026-03-19T20:00:00+00:00,2026-03-20T06:00:00+00:00,2026-03-19T20:00:00+00:00,2026-03-19T22:59:59.999000+00:00,2026-03-19T23:00:00+00:00,2026-03-20T05:59:59.999000+00:00,55010,55610,600,180,420,600.0,2026-03,RESEARCH_DEVELOPMENT,LISTING_AFTER_30_DAYS,SKIPPED,OVERLAPS_FROZEN_RANDOM_WINDOW,0
PLTRUSDT-O-20260323T200000Z,PLTRUSDT,O,,,NYSE:2026-03-23T20:00:00+00:00:2026-03-24T06:00:00+00:00,2026-03-23T20:00:00+00:00,2026-03-24T06:00:00+00:00,2026-03-23T20:00:00+00:00,2026-03-23T22:59:59.999000+00:00,2026-03-23T23:00:00+00:00,2026-03-24T05:59:59.999000+00:00,60770,61370,600,180,420,600.0,2026-03,RESEARCH_DEVELOPMENT,LISTING_AFTER_30_DAYS,SKIPPED,OVERLAPS_FROZEN_RANDOM_WINDOW,0
PLTRUSDT-O-20260324T200000Z,PLTRUSDT,O,,,NYSE:2026-03-24T20:00:00+00:00:2026-03-25T06:00:00+00:00,2026-03-24T20:00:00+00:00,2026-03-25T06:00:00+00:00,2026-03-24T20:00:00+00:00,2026-03-24T22:59:59.999000+00:00,2026-03-24T23:00:00+00:00,2026-03-25T05:59:59.999000+00:00,62210,62810,600,180,420,600.0,2026-03,RESEARCH_DEVELOPMENT,LISTING_AFTER_30_DAYS,SKIPPED,OVERLAPS_FROZEN_RANDOM_WINDOW,0
PLTRUSDT-O-20260325T200000Z,PLTRUSDT,O,,,NYSE:2026-03-25T20:00:00+00:00:2026-03-26T06:00:00+00:00,2026-03-25T20:00:00+00:00,2026-03-26T06:00:00+00:00,2026-03-25T20:00:00+00:00,2026-03-25T22:59:59.999000+00:00,2026-03-25T23:00:00+00:00,2026-03-26T05:59:59.999000+00:00,63650,64250,600,180,420,600.0,2026-03,RESEARCH_DEVELOPMENT,LISTING_AFTER_30_DAYS,SKIPPED,OVERLAPS_FROZEN_RANDOM_WINDOW,0
PLTRUSDT-O-20260326T200000Z,PLTRUSDT,O,,,NYSE:2026-03-26T20:00:00+00:00:2026-03-27T06:00:00+00:00,2026-03-26T20:00:00+00:00,2026-03-27T06:00:00+00:00,2026-03-26T20:00:00+00:00,2026-03-26T22:59:59.999000+00:00,2026-03-26T23:00:00+00:00,2026-03-27T05:59:59.999000+00:00,65090,65690,600,180,420,600.0,2026-03,RESEARCH_DEVELOPMENT,LISTING_AFTER_30_DAYS,SKIPPED,OVERLAPS_FROZEN_RANDOM_WINDOW,0
PLTRUSDT-O-20260330T200000Z,PLTRUSDT,O,,,NYSE:2026-03-30T20:00:00+00:00:2026-03-31T06:00:00+00:00,2026-03-30T20:00:00+00:00,2026-03-31T06:00:00+00:00,2026-03-30T20:00:00+00:00,2026-03-30T22:59:59.999000+00:00,2026-03-30T23:00:00+00:00,2026-03-31T05:59:59.999000+00:00,70850,71450,600,180,420,600.0,2026-03,RESEARCH_DEVELOPMENT,LISTING_AFTER_30_DAYS,SKIPPED,OVERLAPS_FROZEN_RANDOM_WINDOW,0
PLTRUSDT-O-20260331T200000Z,PLTRUSDT,O,,,NYSE:2026-03-31T20:00:00+00:00:2026-04-01T06:00:00+00:00,2026-03-31T20:00:00+00:00,2026-04-01T06:00:00+00:00,2026-03-31T20:00:00+00:00,2026-03-31T22:59:59.999000+00:00,2026-03-31T23:00:00+00:00,2026-04-01T05:59:59.999000+00:00,72290,72890,600,180,420,600.0,2026-03,RESEARCH_DEVELOPMENT,LISTING_AFTER_30_DAYS,SKIPPED,OVERLAPS_FROZEN_RANDOM_WINDOW,0
PLTRUSDT-O-20260401T200000Z,PLTRUSDT,O,,,NYSE:2026-04-01T20:00:00+00:00:2026-04-02T06:00:00+00:00,2026-04-01T20:00:00+00:00,2026-04-02T06:00:00+00:00,2026-04-01T20:00:00+00:00,2026-04-01T22:59:59.999000+00:00,2026-04-01T23:00:00+00:00,2026-04-02T05:59:59.999000+00:00,73730,74330,600,180,420,600.0,2026-04,RESEARCH_DEVELOPMENT,LISTING_AFTER_30_DAYS,SKIPPED,OVERLAPS_FROZEN_RANDOM_WINDOW,0
PLTRUSDT-O-20260406T200000Z,PLTRUSDT,O,,,NYSE:2026-04-06T20:00:00+00:00:2026-04-07T06:00:00+00:00,2026-04-06T20:00:00+00:00,2026-04-07T06:00:00+00:00,2026-04-06T20:00:00+00:00,2026-04-06T22:59:59.999000+00:00,2026-04-06T23:00:00+00:00,2026-04-07T05:59:59.999000+00:00,80930,81530,600,180,420,600.0,2026-04,RESEARCH_DEVELOPMENT,LISTING_AFTER_30_DAYS,SKIPPED,OVERLAPS_FROZEN_RANDOM_WINDOW,0
PLTRUSDT-O-20260407T200000Z,PLTRUSDT,O,,,NYSE:2026-04-07T20:00:00+00:00:2026-04-08T06:00:00+00:00,2026-04-07T20:00:00+00:00,2026-04-08T06:00:00+00:00,2026-04-07T20:00:00+00:00,2026-04-07T22:59:59.999000+00:00,2026-04-07T23:00:00+00:00,2026-04-08T05:59:59.999000+00:00,82370,82970,600,180,420,600.0,2026-04,RESEARCH_DEVELOPMENT,LISTING_AFTER_30_DAYS,SKIPPED,OVERLAPS_FROZEN_RANDOM_WINDOW,0
PLTRUSDT-O-20260408T200000Z,PLTRUSDT,O,,,NYSE:2026-04-08T20:00:00+00:00:2026-04-09T06:00:00+00:00,2026-04-08T20:00:00+00:00,2026-04-09T06:00:00+00:00,2026-04-08T20:00:00+00:00,2026-04-08T22:59:59.999000+00:00,2026-04-08T23:00:00+00:00,2026-04-09T05:59:59.999000+00:00,83810,84410,600,180,420,600.0,2026-04,RESEARCH_DEVELOPMENT,LISTING_AFTER_30_DAYS,SKIPPED,OVERLAPS_FROZEN_RANDOM_WINDOW,0
PLTRUSDT-O-20260409T200000Z,PLTRUSDT,O,,,NYSE:2026-04-09T20:00:00+00:00:2026-04-10T06:00:00+00:00,2026-04-09T20:00:00+00:00,2026-04-10T06:00:00+00:00,2026-04-09T20:00:00+00:00,2026-04-09T22:59:59.999000+00:00,2026-04-09T23:00:00+00:00,2026-04-10T05:59:59.999000+00:00,85250,85850,600,180,420,600.0,2026-04,RESEARCH_DEVELOPMENT,LISTING_AFTER_30_DAYS,SKIPPED,OVERLAPS_FROZEN_RANDOM_WINDOW,0
PLTRUSDT-O-20260413T200000Z,PLTRUSDT,O,,,NYSE:2026-04-13T20:00:00+00:00:2026-04-14T06:00:00+00:00,2026-04-13T20:00:00+00:00,2026-04-14T06:00:00+00:00,2026-04-13T20:00:00+00:00,2026-04-13T22:59:59.999000+00:00,2026-04-13T23:00:00+00:00,2026-04-14T05:59:59.999000+00:00,91010,91610,600,180,420,600.0,2026-04,RESEARCH_DEVELOPMENT,LISTING_AFTER_30_DAYS,SKIPPED,OVERLAPS_FROZEN_RANDOM_WINDOW,0
PLTRUSDT-O-20260414T200000Z,PLTRUSDT,O,,,NYSE:2026-04-14T20:00:00+00:00:2026-04-15T06:00:00+00:00,2026-04-14T20:00:00+00:00,2026-04-15T06:00:00+00:00,2026-04-14T20:00:00+00:00,2026-04-14T22:59:59.999000+00:00,2026-04-14T23:00:00+00:00,2026-04-15T05:59:59.999000+00:00,92450,93050,600,180,420,600.0,2026-04,RESEARCH_DEVELOPMENT,LISTING_AFTER_30_DAYS,SKIPPED,OVERLAPS_FROZEN_RANDOM_WINDOW,0
PLTRUSDT-O-20260415T200000Z,PLTRUSDT,O,,,NYSE:2026-04-15T20:00:00+00:00:2026-04-16T06:00:00+00:00,2026-04-15T20:00:00+00:00,2026-04-16T06:00:00+00:00,2026-04-15T20:00:00+00:00,2026-04-15T22:59:59.999000+00:00,2026-04-15T23:00:00+00:00,2026-04-16T05:59:59.999000+00:00,93890,94490,600,180,420,600.0,2026-04,RESEARCH_DEVELOPMENT,LISTING_AFTER_30_DAYS,SKIPPED,OVERLAPS_FROZEN_RANDOM_WINDOW,0
PLTRUSDT-O-20260416T200000Z,PLTRUSDT,O,,,NYSE:2026-04-16T20:00:00+00:00:2026-04-17T06:00:00+00:00,2026-04-16T20:00:00+00:00,2026-04-17T06:00:00+00:00,2026-04-16T20:00:00+00:00,2026-04-16T22:59:59.999000+00:00,2026-04-16T23:00:00+00:00,2026-04-17T05:59:59.999000+00:00,95330,95930,600,180,420,600.0,2026-04,RESEARCH_DEVELOPMENT,LISTING_AFTER_30_DAYS,SKIPPED,OVERLAPS_FROZEN_RANDOM_WINDOW,0
PLTRUSDT-O-20260420T200000Z,PLTRUSDT,O,,,NYSE:2026-04-20T20:00:00+00:00:2026-04-21T06:00:00+00:00,2026-04-20T20:00:00+00:00,2026-04-21T06:00:00+00:00,2026-04-20T20:00:00+00:00,2026-04-20T22:59:59.999000+00:00,2026-04-20T23:00:00+00:00,2026-04-21T05:59:59.999000+00:00,101090,101690,600,180,420,600.0,2026-04,RESEARCH_DEVELOPMENT,LISTING_AFTER_30_DAYS,SKIPPED,OVERLAPS_FROZEN_RANDOM_WINDOW,0
PLTRUSDT-O-20260421T200000Z,PLTRUSDT,O,,,NYSE:2026-04-21T20:00:00+00:00:2026-04-22T06:00:00+00:00,2026-04-21T20:00:00+00:00,2026-04-22T06:00:00+00:00,2026-04-21T20:00:00+00:00,2026-04-21T22:59:59.999000+00:00,2026-04-21T23:00:00+00:00,2026-04-22T05:59:59.999000+00:00,102530,103130,600,180,420,600.0,2026-04,RESEARCH_DEVELOPMENT,LISTING_AFTER_30_DAYS,SKIPPED,OVERLAPS_FROZEN_RANDOM_WINDOW,0
PLTRUSDT-O-20260422T200000Z,PLTRUSDT,O,,,NYSE:2026-04-22T20:00:00+00:00:2026-04-23T06:00:00+00:00,2026-04-22T20:00:00+00:00,2026-04-23T06:00:00+00:00,2026-04-22T20:00:00+00:00,2026-04-22T22:59:59.999000+00:00,2026-04-22T23:00:00+00:00,2026-04-23T05:59:59.999000+00:00,103970,104570,600,180,420,600.0,2026-04,RESEARCH_DEVELOPMENT,LISTING_AFTER_30_DAYS,SKIPPED,OVERLAPS_FROZEN_RANDOM_WINDOW,0
PLTRUSDT-O-20260423T200000Z,PLTRUSDT,O,,,NYSE:2026-04-23T20:00:00+00:00:2026-04-24T06:00:00+00:00,2026-04-23T20:00:00+00:00,2026-04-24T06:00:00+00:00,2026-04-23T20:00:00+00:00,2026-04-23T22:59:59.999000+00:00,2026-04-23T23:00:00+00:00,2026-04-24T05:59:59.999000+00:00,105410,106010,600,180,420,600.0,2026-04,RESEARCH_DEVELOPMENT,LISTING_AFTER_30_DAYS,SKIPPED,OVERLAPS_FROZEN_RANDOM_WINDOW,0
PLTRUSDT-O-20260427T200000Z,PLTRUSDT,O,,,NYSE:2026-04-27T20:00:00+00:00:2026-04-28T06:00:00+00:00,2026-04-27T20:00:00+00:00,2026-04-28T06:00:00+00:00,2026-04-27T20:00:00+00:00,2026-04-27T22:59:59.999000+00:00,2026-04-27T23:00:00+00:00,2026-04-28T05:59:59.999000+00:00,111170,111770,600,180,420,600.0,2026-04,RESEARCH_DEVELOPMENT,LISTING_AFTER_30_DAYS,SKIPPED,OVERLAPS_FROZEN_RANDOM_WINDOW,0
PLTRUSDT-O-20260428T200000Z,PLTRUSDT,O,,,NYSE:2026-04-28T20:00:00+00:00:2026-04-29T06:00:00+00:00,2026-04-28T20:00:00+00:00,2026-04-29T06:00:00+00:00,2026-04-28T20:00:00+00:00,2026-04-28T22:59:59.999000+00:00,2026-04-28T23:00:00+00:00,2026-04-29T05:59:59.999000+00:00,112610,113210,600,180,420,600.0,2026-04,RESEARCH_DEVELOPMENT,LISTING_AFTER_30_DAYS,SKIPPED,OVERLAPS_FROZEN_RANDOM_WINDOW,0
PLTRUSDT-O-20260429T200000Z,PLTRUSDT,O,,,NYSE:2026-04-29T20:00:00+00:00:2026-04-30T06:00:00+00:00,2026-04-29T20:00:00+00:00,2026-04-30T06:00:00+00:00,2026-04-29T20:00:00+00:00,2026-04-29T22:59:59.999000+00:00,2026-04-29T23:00:00+00:00,2026-04-30T05:59:59.999000+00:00,114050,114650,600,180,420,600.0,2026-04,RESEARCH_DEVELOPMENT,LISTING_AFTER_30_DAYS,SKIPPED,OVERLAPS_FROZEN_RANDOM_WINDOW,0
PLTRUSDT-O-20260430T200000Z,PLTRUSDT,O,,,NYSE:2026-04-30T20:00:00+00:00:2026-05-01T06:00:00+00:00,2026-04-30T20:00:00+00:00,2026-05-01T06:00:00+00:00,2026-04-30T20:00:00+00:00,2026-04-30T22:59:59.999000+00:00,2026-04-30T23:00:00+00:00,2026-05-01T05:59:59.999000+00:00,115490,116090,600,180,420,600.0,2026-04,RESEARCH_DEVELOPMENT,LISTING_AFTER_30_DAYS,SKIPPED,OVERLAPS_FROZEN_RANDOM_WINDOW,0
PLTRUSDT-O-20260504T200000Z,PLTRUSDT,O,,,NYSE:2026-05-04T20:00:00+00:00:2026-05-05T06:00:00+00:00,2026-05-04T20:00:00+00:00,2026-05-05T06:00:00+00:00,2026-05-04T20:00:00+00:00,2026-05-04T22:59:59.999000+00:00,2026-05-04T23:00:00+00:00,2026-05-05T05:59:59.999000+00:00,121250,121850,600,180,420,600.0,2026-05,RESEARCH_DEVELOPMENT,LISTING_AFTER_30_DAYS,SKIPPED,OVERLAPS_FROZEN_RANDOM_WINDOW,0
PLTRUSDT-O-20260505T200000Z,PLTRUSDT,O,,,NYSE:2026-05-05T20:00:00+00:00:2026-05-06T06:00:00+00:00,2026-05-05T20:00:00+00:00,2026-05-06T06:00:00+00:00,2026-05-05T20:00:00+00:00,2026-05-05T22:59:59.999000+00:00,2026-05-05T23:00:00+00:00,2026-05-06T05:59:59.999000+00:00,122690,123290,600,180,420,600.0,2026-05,RESEARCH_DEVELOPMENT,LISTING_AFTER_30_DAYS,SKIPPED,OVERLAPS_FROZEN_RANDOM_WINDOW,0
PLTRUSDT-O-20260506T200000Z,PLTRUSDT,O,,,NYSE:2026-05-06T20:00:00+00:00:2026-05-07T06:00:00+00:00,2026-05-06T20:00:00+00:00,2026-05-07T06:00:00+00:00,2026-05-06T20:00:00+00:00,2026-05-06T22:59:59.999000+00:00,2026-05-06T23:00:00+00:00,2026-05-07T05:59:59.999000+00:00,124130,124730,600,180,420,600.0,2026-05,RESEARCH_DEVELOPMENT,LISTING_AFTER_30_DAYS,SKIPPED,OVERLAPS_FROZEN_RANDOM_WINDOW,0
PLTRUSDT-O-20260507T200000Z,PLTRUSDT,O,,,NYSE:2026-05-07T20:00:00+00:00:2026-05-08T06:00:00+00:00,2026-05-07T20:00:00+00:00,2026-05-08T06:00:00+00:00,2026-05-07T20:00:00+00:00,2026-05-07T22:59:59.999000+00:00,2026-05-07T23:00:00+00:00,2026-05-08T05:59:59.999000+00:00,125570,126170,600,180,420,600.0,2026-05,RESEARCH_DEVELOPMENT,LISTING_AFTER_30_DAYS,SKIPPED,OVERLAPS_FROZEN_RANDOM_WINDOW,0
PLTRUSDT-O-20260511T200000Z,PLTRUSDT,O,,,NYSE:2026-05-11T20:00:00+00:00:2026-05-12T06:00:00+00:00,2026-05-11T20:00:00+00:00,2026-05-12T06:00:00+00:00,2026-05-11T20:00:00+00:00,2026-05-11T22:59:59.999000+00:00,2026-05-11T23:00:00+00:00,2026-05-12T05:59:59.999000+00:00,131330,131930,600,180,420,600.0,2026-05,RESEARCH_DEVELOPMENT,LISTING_AFTER_30_DAYS,SKIPPED,OVERLAPS_FROZEN_RANDOM_WINDOW,0
PLTRUSDT-O-20260512T200000Z,PLTRUSDT,O,,,NYSE:2026-05-12T20:00:00+00:00:2026-05-13T06:00:00+00:00,2026-05-12T20:00:00+00:00,2026-05-13T06:00:00+00:00,2026-05-12T20:00:00+00:00,2026-05-12T22:59:59.999000+00:00,2026-05-12T23:00:00+00:00,2026-05-13T05:59:59.999000+00:00,132770,133370,600,180,420,600.0,2026-05,RESEARCH_DEVELOPMENT,LISTING_AFTER_30_DAYS,SKIPPED,OVERLAPS_FROZEN_RANDOM_WINDOW,0
PLTRUSDT-O-20260513T200000Z,PLTRUSDT,O,,,NYSE:2026-05-13T20:00:00+00:00:2026-05-14T06:00:00+00:00,2026-05-13T20:00:00+00:00,2026-05-14T06:00:00+00:00,2026-05-13T20:00:00+00:00,2026-05-13T22:59:59.999000+00:00,2026-05-13T23:00:00+00:00,2026-05-14T05:59:59.999000+00:00,134210,134810,600,180,420,600.0,2026-05,RESEARCH_DEVELOPMENT,LISTING_AFTER_30_DAYS,SKIPPED,OVERLAPS_FROZEN_RANDOM_WINDOW,0
PLTRUSDT-O-20260514T200000Z,PLTRUSDT,O,,,NYSE:2026-05-14T20:00:00+00:00:2026-05-15T06:00:00+00:00,2026-05-14T20:00:00+00:00,2026-05-15T06:00:00+00:00,2026-05-14T20:00:00+00:00,2026-05-14T22:59:59.999000+00:00,2026-05-14T23:00:00+00:00,2026-05-15T05:59:59.999000+00:00,135650,136250,600,180,420,600.0,2026-05,RESEARCH_DEVELOPMENT,LISTING_AFTER_30_DAYS,SKIPPED,OVERLAPS_FROZEN_RANDOM_WINDOW,0
PLTRUSDT-O-20260518T200000Z,PLTRUSDT,O,,,NYSE:2026-05-18T20:00:00+00:00:2026-05-19T06:00:00+00:00,2026-05-18T20:00:00+00:00,2026-05-19T06:00:00+00:00,2026-05-18T20:00:00+00:00,2026-05-18T22:59:59.999000+00:00,2026-05-18T23:00:00+00:00,2026-05-19T05:59:59.999000+00:00,141410,142010,600,180,420,600.0,2026-05,RESEARCH_DEVELOPMENT,LISTING_AFTER_30_DAYS,SKIPPED,OVERLAPS_FROZEN_RANDOM_WINDOW,0
PLTRUSDT-O-20260519T200000Z,PLTRUSDT,O,,,NYSE:2026-05-19T20:00:00+00:00:2026-05-20T06:00:00+00:00,2026-05-19T20:00:00+00:00,2026-05-20T06:00:00+00:00,2026-05-19T20:00:00+00:00,2026-05-19T22:59:59.999000+00:00,2026-05-19T23:00:00+00:00,2026-05-20T05:59:59.999000+00:00,142850,143450,600,180,420,600.0,2026-05,RESEARCH_DEVELOPMENT,LISTING_AFTER_30_DAYS,SKIPPED,OVERLAPS_FROZEN_RANDOM_WINDOW,0
PLTRUSDT-O-20260520T200000Z,PLTRUSDT,O,,,NYSE:2026-05-20T20:00:00+00:00:2026-05-21T06:00:00+00:00,2026-05-20T20:00:00+00:00,2026-05-21T06:00:00+00:00,2026-05-20T20:00:00+00:00,2026-05-20T22:59:59.999000+00:00,2026-05-20T23:00:00+00:00,2026-05-21T05:59:59.999000+00:00,144290,144890,600,180,420,600.0,2026-05,RESEARCH_DEVELOPMENT,LISTING_AFTER_30_DAYS,SKIPPED,OVERLAPS_FROZEN_RANDOM_WINDOW,0
PLTRUSDT-O-20260521T200000Z,PLTRUSDT,O,,,NYSE:2026-05-21T20:00:00+00:00:2026-05-22T06:00:00+00:00,2026-05-21T20:00:00+00:00,2026-05-22T06:00:00+00:00,2026-05-21T20:00:00+00:00,2026-05-21T22:59:59.999000+00:00,2026-05-21T23:00:00+00:00,2026-05-22T05:59:59.999000+00:00,145730,146330,600,180,420,600.0,2026-05,RESEARCH_DEVELOPMENT,LISTING_AFTER_30_DAYS,SKIPPED,OVERLAPS_FROZEN_RANDOM_WINDOW,0
PLTRUSDT-O-20260526T200000Z,PLTRUSDT,O,,,NYSE:2026-05-26T20:00:00+00:00:2026-05-27T06:00:00+00:00,2026-05-26T20:00:00+00:00,2026-05-27T06:00:00+00:00,2026-05-26T20:00:00+00:00,2026-05-26T22:59:59.999000+00:00,2026-05-26T23:00:00+00:00,2026-05-27T05:59:59.999000+00:00,152930,153530,600,180,420,600.0,2026-05,RESEARCH_DEVELOPMENT,LISTING_AFTER_30_DAYS,SKIPPED,OVERLAPS_FROZEN_RANDOM_WINDOW,0
PLTRUSDT-O-20260527T200000Z,PLTRUSDT,O,,,NYSE:2026-05-27T20:00:00+00:00:2026-05-28T06:00:00+00:00,2026-05-27T20:00:00+00:00,2026-05-28T06:00:00+00:00,2026-05-27T20:00:00+00:00,2026-05-27T22:59:59.999000+00:00,2026-05-27T23:00:00+00:00,2026-05-28T05:59:59.999000+00:00,154370,154970,600,180,420,600.0,2026-05,RESEARCH_DEVELOPMENT,LISTING_AFTER_30_DAYS,SKIPPED,OVERLAPS_FROZEN_RANDOM_WINDOW,0
PLTRUSDT-O-20260528T200000Z,PLTRUSDT,O,,,NYSE:2026-05-28T20:00:00+00:00:2026-05-29T06:00:00+00:00,2026-05-28T20:00:00+00:00,2026-05-29T06:00:00+00:00,2026-05-28T20:00:00+00:00,2026-05-28T22:59:59.999000+00:00,2026-05-28T23:00:00+00:00,2026-05-29T05:59:59.999000+00:00,155810,156410,600,180,420,600.0,2026-05,RESEARCH_DEVELOPMENT,LISTING_AFTER_30_DAYS,SKIPPED,OVERLAPS_FROZEN_RANDOM_WINDOW,0
PLTRUSDT-O-20260601T200000Z,PLTRUSDT,O,,,NYSE:2026-06-01T20:00:00+00:00:2026-06-02T06:00:00+00:00,2026-06-01T20:00:00+00:00,2026-06-02T06:00:00+00:00,2026-06-01T20:00:00+00:00,2026-06-01T22:59:59.999000+00:00,2026-06-01T23:00:00+00:00,2026-06-02T05:59:59.999000+00:00,161570,162170,600,180,420,600.0,2026-06,SEALED_SHORT_OOS,LISTING_AFTER_30_DAYS,SKIPPED,OVERLAPS_FROZEN_RANDOM_WINDOW,0
PLTRUSDT-O-20260602T200000Z,PLTRUSDT,O,,,NYSE:2026-06-02T20:00:00+00:00:2026-06-03T06:00:00+00:00,2026-06-02T20:00:00+00:00,2026-06-03T06:00:00+00:00,2026-06-02T20:00:00+00:00,2026-06-02T22:59:59.999000+00:00,2026-06-02T23:00:00+00:00,2026-06-03T05:59:59.999000+00:00,163010,163610,600,180,420,600.0,2026-06,SEALED_SHORT_OOS,LISTING_AFTER_30_DAYS,SKIPPED,OVERLAPS_FROZEN_RANDOM_WINDOW,0
PLTRUSDT-O-20260603T200000Z,PLTRUSDT,O,,,NYSE:2026-06-03T20:00:00+00:00:2026-06-04T06:00:00+00:00,2026-06-03T20:00:00+00:00,2026-06-04T06:00:00+00:00,2026-06-03T20:00:00+00:00,2026-06-03T22:59:59.999000+00:00,2026-06-03T23:00:00+00:00,2026-06-04T05:59:59.999000+00:00,164450,165050,600,180,420,600.0,2026-06,SEALED_SHORT_OOS,LISTING_AFTER_30_DAYS,SKIPPED,OVERLAPS_FROZEN_RANDOM_WINDOW,0
PLTRUSDT-O-20260604T200000Z,PLTRUSDT,O,,,NYSE:2026-06-04T20:00:00+00:00:2026-06-05T06:00:00+00:00,2026-06-04T20:00:00+00:00,2026-06-05T06:00:00+00:00,2026-06-04T20:00:00+00:00,2026-06-04T22:59:59.999000+00:00,2026-06-04T23:00:00+00:00,2026-06-05T05:59:59.999000+00:00,165890,166490,600,180,420,600.0,2026-06,SEALED_SHORT_OOS,LISTING_AFTER_30_DAYS,SKIPPED,OVERLAPS_FROZEN_RANDOM_WINDOW,0
PLTRUSDT-O-20260608T200000Z,PLTRUSDT,O,,,NYSE:2026-06-08T20:00:00+00:00:2026-06-09T06:00:00+00:00,2026-06-08T20:00:00+00:00,2026-06-09T06:00:00+00:00,2026-06-08T20:00:00+00:00,2026-06-08T22:59:59.999000+00:00,2026-06-08T23:00:00+00:00,2026-06-09T05:59:59.999000+00:00,171650,172250,600,180,420,600.0,2026-06,SEALED_SHORT_OOS,LISTING_AFTER_30_DAYS,SKIPPED,OVERLAPS_FROZEN_RANDOM_WINDOW,0
PLTRUSDT-O-20260609T200000Z,PLTRUSDT,O,,,NYSE:2026-06-09T20:00:00+00:00:2026-06-10T06:00:00+00:00,2026-06-09T20:00:00+00:00,2026-06-10T06:00:00+00:00,2026-06-09T20:00:00+00:00,2026-06-09T22:59:59.999000+00:00,2026-06-09T23:00:00+00:00,2026-06-10T05:59:59.999000+00:00,173090,173690,600,180,420,600.0,2026-06,SEALED_SHORT_OOS,LISTING_AFTER_30_DAYS,SKIPPED,OVERLAPS_FROZEN_RANDOM_WINDOW,0
PLTRUSDT-O-20260610T200000Z,PLTRUSDT,O,,,NYSE:2026-06-10T20:00:00+00:00:2026-06-11T06:00:00+00:00,2026-06-10T20:00:00+00:00,2026-06-11T06:00:00+00:00,2026-06-10T20:00:00+00:00,2026-06-10T22:59:59.999000+00:00,2026-06-10T23:00:00+00:00,2026-06-11T05:59:59.999000+00:00,174530,175130,600,180,420,600.0,2026-06,SEALED_SHORT_OOS,LISTING_AFTER_30_DAYS,SKIPPED,OVERLAPS_FROZEN_RANDOM_WINDOW,0
PLTRUSDT-O-20260611T200000Z,PLTRUSDT,O,,,NYSE:2026-06-11T20:00:00+00:00:2026-06-12T06:00:00+00:00,2026-06-11T20:00:00+00:00,2026-06-12T06:00:00+00:00,2026-06-11T20:00:00+00:00,2026-06-11T22:59:59.999000+00:00,2026-06-11T23:00:00+00:00,2026-06-12T05:59:59.999000+00:00,175970,176570,600,180,420,600.0,2026-06,SEALED_SHORT_OOS,LISTING_AFTER_30_DAYS,SKIPPED,OVERLAPS_FROZEN_RANDOM_WINDOW,0
PLTRUSDT-O-20260615T200000Z,PLTRUSDT,O,,,NYSE:2026-06-15T20:00:00+00:00:2026-06-16T06:00:00+00:00,2026-06-15T20:00:00+00:00,2026-06-16T06:00:00+00:00,2026-06-15T20:00:00+00:00,2026-06-15T22:59:59.999000+00:00,2026-06-15T23:00:00+00:00,2026-06-16T05:59:59.999000+00:00,181730,182330,600,180,420,600.0,2026-06,SEALED_SHORT_OOS,LISTING_AFTER_30_DAYS,SKIPPED,OVERLAPS_FROZEN_RANDOM_WINDOW,0
PLTRUSDT-O-20260616T200000Z,PLTRUSDT,O,,,NYSE:2026-06-16T20:00:00+00:00:2026-06-17T06:00:00+00:00,2026-06-16T20:00:00+00:00,2026-06-17T06:00:00+00:00,2026-06-16T20:00:00+00:00,2026-06-16T22:59:59.999000+00:00,2026-06-16T23:00:00+00:00,2026-06-17T05:59:59.999000+00:00,183170,183770,600,180,420,600.0,2026-06,SEALED_SHORT_OOS,LISTING_AFTER_30_DAYS,SKIPPED,OVERLAPS_FROZEN_RANDOM_WINDOW,0
PLTRUSDT-O-20260617T200000Z,PLTRUSDT,O,,,NYSE:2026-06-17T20:00:00+00:00:2026-06-18T06:00:00+00:00,2026-06-17T20:00:00+00:00,2026-06-18T06:00:00+00:00,2026-06-17T20:00:00+00:00,2026-06-17T22:59:59.999000+00:00,2026-06-17T23:00:00+00:00,2026-06-18T05:59:59.999000+00:00,184610,185210,600,180,420,600.0,2026-06,SEALED_SHORT_OOS,LISTING_AFTER_30_DAYS,SKIPPED,OVERLAPS_FROZEN_RANDOM_WINDOW,0
PLTRUSDT-O-20260622T200000Z,PLTRUSDT,O,,,NYSE:2026-06-22T20:00:00+00:00:2026-06-23T06:00:00+00:00,2026-06-22T20:00:00+00:00,2026-06-23T06:00:00+00:00,2026-06-22T20:00:00+00:00,2026-06-22T22:59:59.999000+00:00,2026-06-22T23:00:00+00:00,2026-06-23T05:59:59.999000+00:00,191810,192410,600,180,420,600.0,2026-06,SEALED_SHORT_OOS,LISTING_AFTER_30_DAYS,SKIPPED,OVERLAPS_FROZEN_RANDOM_WINDOW,0
PLTRUSDT-O-20260623T200000Z,PLTRUSDT,O,,,NYSE:2026-06-23T20:00:00+00:00:2026-06-24T06:00:00+00:00,2026-06-23T20:00:00+00:00,2026-06-24T06:00:00+00:00,2026-06-23T20:00:00+00:00,2026-06-23T22:59:59.999000+00:00,2026-06-23T23:00:00+00:00,2026-06-24T05:59:59.999000+00:00,193250,193850,600,180,420,600.0,2026-06,SEALED_SHORT_OOS,LISTING_AFTER_30_DAYS,SKIPPED,OVERLAPS_FROZEN_RANDOM_WINDOW,0
PLTRUSDT-O-20260624T200000Z,PLTRUSDT,O,,,NYSE:2026-06-24T20:00:00+00:00:2026-06-25T06:00:00+00:00,2026-06-24T20:00:00+00:00,2026-06-25T06:00:00+00:00,2026-06-24T20:00:00+00:00,2026-06-24T22:59:59.999000+00:00,2026-06-24T23:00:00+00:00,2026-06-25T05:59:59.999000+00:00,194690,195290,600,180,420,600.0,2026-06,SEALED_SHORT_OOS,LISTING_AFTER_30_DAYS,SKIPPED,OVERLAPS_FROZEN_RANDOM_WINDOW,0
PLTRUSDT-O-20260625T200000Z,PLTRUSDT,O,,,NYSE:2026-06-25T20:00:00+00:00:2026-06-26T06:00:00+00:00,2026-06-25T20:00:00+00:00,2026-06-26T06:00:00+00:00,2026-06-25T20:00:00+00:00,2026-06-25T22:59:59.999000+00:00,2026-06-25T23:00:00+00:00,2026-06-26T05:59:59.999000+00:00,196130,196730,600,180,420,600.0,2026-06,SEALED_SHORT_OOS,LISTING_AFTER_30_DAYS,SKIPPED,OVERLAPS_FROZEN_RANDOM_WINDOW,0
PLTRUSDT-O-20260629T200000Z,PLTRUSDT,O,,,NYSE:2026-06-29T20:00:00+00:00:2026-06-30T06:00:00+00:00,2026-06-29T20:00:00+00:00,2026-06-30T06:00:00+00:00,2026-06-29T20:00:00+00:00,2026-06-29T22:59:59.999000+00:00,2026-06-29T23:00:00+00:00,2026-06-30T05:59:59.999000+00:00,201890,202490,600,180,420,600.0,2026-06,SEALED_SHORT_OOS,LISTING_AFTER_30_DAYS,SKIPPED,OVERLAPS_FROZEN_RANDOM_WINDOW,0
PLTRUSDT-O-20260630T200000Z,PLTRUSDT,O,,,NYSE:2026-06-30T20:00:00+00:00:2026-07-01T06:00:00+00:00,2026-06-30T20:00:00+00:00,2026-07-01T06:00:00+00:00,2026-06-30T20:00:00+00:00,2026-06-30T22:59:59.999000+00:00,2026-06-30T23:00:00+00:00,2026-07-01T05:59:59.999000+00:00,203330,203930,600,180,420,600.0,2026-06,SEALED_SHORT_OOS,LISTING_AFTER_30_DAYS,SKIPPED,OVERLAPS_FROZEN_RANDOM_WINDOW,0
PLTRUSDT-O-20260701T200000Z,PLTRUSDT,O,,,NYSE:2026-07-01T20:00:00+00:00:2026-07-02T06:00:00+00:00,2026-07-01T20:00:00+00:00,2026-07-02T06:00:00+00:00,2026-07-01T20:00:00+00:00,2026-07-01T22:59:59.999000+00:00,2026-07-01T23:00:00+00:00,2026-07-02T05:59:59.999000+00:00,204770,205370,600,180,420,600.0,2026-07,DESCRIPTIVE_ONLY,LISTING_AFTER_30_DAYS,SKIPPED,OVERLAPS_FROZEN_RANDOM_WINDOW,0
PLTRUSDT-O-20260706T200000Z,PLTRUSDT,O,,,NYSE:2026-07-06T20:00:00+00:00:2026-07-07T06:00:00+00:00,2026-07-06T20:00:00+00:00,2026-07-07T06:00:00+00:00,2026-07-06T20:00:00+00:00,2026-07-06T22:59:59.999000+00:00,2026-07-06T23:00:00+00:00,2026-07-07T05:59:59.999000+00:00,211970,212570,600,180,420,600.0,2026-07,DESCRIPTIVE_ONLY,LISTING_AFTER_30_DAYS,SKIPPED,OVERLAPS_FROZEN_RANDOM_WINDOW,0
PLTRUSDT-O-20260707T200000Z,PLTRUSDT,O,,,NYSE:2026-07-07T20:00:00+00:00:2026-07-08T06:00:00+00:00,2026-07-07T20:00:00+00:00,2026-07-08T06:00:00+00:00,2026-07-07T20:00:00+00:00,2026-07-07T22:59:59.999000+00:00,2026-07-07T23:00:00+00:00,2026-07-08T05:59:59.999000+00:00,213410,214010,600,180,420,600.0,2026-07,DESCRIPTIVE_ONLY,LISTING_AFTER_30_DAYS,SKIPPED,OVERLAPS_FROZEN_RANDOM_WINDOW,0
PLTRUSDT-O-20260708T200000Z,PLTRUSDT,O,,,NYSE:2026-07-08T20:00:00+00:00:2026-07-09T06:00:00+00:00,2026-07-08T20:00:00+00:00,2026-07-09T06:00:00+00:00,2026-07-08T20:00:00+00:00,2026-07-08T22:59:59.999000+00:00,2026-07-08T23:00:00+00:00,2026-07-09T05:59:59.999000+00:00,214850,215450,600,180,420,600.0,2026-07,DESCRIPTIVE_ONLY,LISTING_AFTER_30_DAYS,SKIPPED,OVERLAPS_FROZEN_RANDOM_WINDOW,0
PLTRUSDT-O-20260709T200000Z,PLTRUSDT,O,,,NYSE:2026-07-09T20:00:00+00:00:2026-07-10T06:00:00+00:00,2026-07-09T20:00:00+00:00,2026-07-10T06:00:00+00:00,2026-07-09T20:00:00+00:00,2026-07-09T22:59:59.999000+00:00,2026-07-09T23:00:00+00:00,2026-07-10T05:59:59.999000+00:00,216290,216890,600,180,420,600.0,2026-07,DESCRIPTIVE_ONLY,LISTING_AFTER_30_DAYS,SKIPPED,OVERLAPS_FROZEN_RANDOM_WINDOW,0
PLTRUSDT-O-20260713T200000Z,PLTRUSDT,O,,,NYSE:2026-07-13T20:00:00+00:00:2026-07-14T06:00:00+00:00,2026-07-13T20:00:00+00:00,2026-07-14T06:00:00+00:00,2026-07-13T20:00:00+00:00,2026-07-13T22:59:59.999000+00:00,2026-07-13T23:00:00+00:00,2026-07-14T05:59:59.999000+00:00,222050,222650,600,180,420,600.0,2026-07,DESCRIPTIVE_ONLY,LISTING_AFTER_30_DAYS,SKIPPED,OVERLAPS_FROZEN_RANDOM_WINDOW,0
PLTRUSDT-O-20260714T200000Z,PLTRUSDT,O,,,NYSE:2026-07-14T20:00:00+00:00:2026-07-15T06:00:00+00:00,2026-07-14T20:00:00+00:00,2026-07-15T06:00:00+00:00,2026-07-14T20:00:00+00:00,2026-07-14T22:59:59.999000+00:00,2026-07-14T23:00:00+00:00,2026-07-15T05:59:59.999000+00:00,223490,224090,600,180,420,600.0,2026-07,DESCRIPTIVE_ONLY,LISTING_AFTER_30_DAYS,SKIPPED,OVERLAPS_FROZEN_RANDOM_WINDOW,0
PLTRUSDT-O-20260715T200000Z,PLTRUSDT,O,,,NYSE:2026-07-15T20:00:00+00:00:2026-07-16T06:00:00+00:00,2026-07-15T20:00:00+00:00,2026-07-16T06:00:00+00:00,2026-07-15T20:00:00+00:00,2026-07-15T22:59:59.999000+00:00,2026-07-15T23:00:00+00:00,2026-07-16T05:59:59.999000+00:00,224930,225530,600,180,420,600.0,2026-07,DESCRIPTIVE_ONLY,LISTING_AFTER_30_DAYS,SKIPPED,OVERLAPS_FROZEN_RANDOM_WINDOW,0
PLTRUSDT-O-20260716T200000Z,PLTRUSDT,O,,,NYSE:2026-07-16T20:00:00+00:00:2026-07-17T06:00:00+00:00,2026-07-16T20:00:00+00:00,2026-07-17T06:00:00+00:00,2026-07-16T20:00:00+00:00,2026-07-16T22:59:59.999000+00:00,2026-07-16T23:00:00+00:00,2026-07-17T05:59:59.999000+00:00,226370,226970,600,180,420,600.0,2026-07,DESCRIPTIVE_ONLY,LISTING_AFTER_30_DAYS,SKIPPED,OVERLAPS_FROZEN_RANDOM_WINDOW,0
PLTRUSDT-O-20260720T200000Z,PLTRUSDT,O,,,NYSE:2026-07-20T20:00:00+00:00:2026-07-21T06:00:00+00:00,2026-07-20T20:00:00+00:00,2026-07-21T06:00:00+00:00,2026-07-20T20:00:00+00:00,2026-07-20T22:59:59.999000+00:00,2026-07-20T23:00:00+00:00,2026-07-21T05:59:59.999000+00:00,232130,232730,600,180,420,600.0,2026-07,DESCRIPTIVE_ONLY,LISTING_AFTER_30_DAYS,SKIPPED,OVERLAPS_FROZEN_RANDOM_WINDOW,0
PLTRUSDT-O-20260721T200000Z,PLTRUSDT,O,,,NYSE:2026-07-21T20:00:00+00:00:2026-07-22T06:00:00+00:00,2026-07-21T20:00:00+00:00,2026-07-22T06:00:00+00:00,2026-07-21T20:00:00+00:00,2026-07-21T22:59:59.999000+00:00,2026-07-21T23:00:00+00:00,2026-07-22T05:59:59.999000+00:00,233570,234170,600,180,420,600.0,2026-07,DESCRIPTIVE_ONLY,LISTING_AFTER_30_DAYS,SKIPPED,OVERLAPS_FROZEN_RANDOM_WINDOW,0
PLTRUSDT-O-20260722T200000Z,PLTRUSDT,O,,,NYSE:2026-07-22T20:00:00+00:00:2026-07-23T06:00:00+00:00,2026-07-22T20:00:00+00:00,2026-07-23T06:00:00+00:00,2026-07-22T20:00:00+00:00,2026-07-22T22:59:59.999000+00:00,2026-07-22T23:00:00+00:00,2026-07-23T05:59:59.999000+00:00,235010,235610,600,180,420,600.0,2026-07,DESCRIPTIVE_ONLY,LISTING_AFTER_30_DAYS,SKIPPED,OVERLAPS_FROZEN_RANDOM_WINDOW,0
PLTRUSDT-R-PLTRUSDT-nyse_20260213T210000Z-s3,PLTRUSDT,R,3,PLTRUSDT-nyse_20260213T210000Z,R:PLTRUSDT:2026-02:3,2026-02-09T21:10:00+00:00,2026-02-13T07:10:00+00:00,2026-02-09T21:10:00+00:00,2026-02-10T00:09:59.999000+00:00,2026-02-10T00:10:00+00:00,2026-02-13T07:09:59.999000+00:00,360,5280,4920,180,4740,4920.0,2026-02,DESCRIPTIVE_ONLY,LISTING_DAYS_1_14,READY,,0
PLTRUSDT-R-PLTRUSDT-nyse_20260213T210000Z-s10,PLTRUSDT,R,10,PLTRUSDT-nyse_20260213T210000Z,R:PLTRUSDT:2026-02:10,2026-02-09T21:10:00+00:00,2026-02-13T07:10:00+00:00,2026-02-09T21:10:00+00:00,2026-02-10T00:09:59.999000+00:00,2026-02-10T00:10:00+00:00,2026-02-13T07:09:59.999000+00:00,360,5280,4920,180,4740,4920.0,2026-02,DESCRIPTIVE_ONLY,LISTING_DAYS_1_14,READY,,0
PLTRUSDT-R-PLTRUSDT-nyse_20260213T210000Z-s17,PLTRUSDT,R,17,PLTRUSDT-nyse_20260213T210000Z,R:PLTRUSDT:2026-02:17,2026-02-09T22:10:00+00:00,2026-02-13T08:10:00+00:00,2026-02-09T22:10:00+00:00,2026-02-10T01:09:59.999000+00:00,2026-02-10T01:10:00+00:00,2026-02-13T08:09:59.999000+00:00,420,5340,4920,180,4740,4920.0,2026-02,DESCRIPTIVE_ONLY,LISTING_DAYS_1_14,READY,,0
PLTRUSDT-R-PLTRUSDT-nyse_20260213T210000Z-s31,PLTRUSDT,R,31,PLTRUSDT-nyse_20260213T210000Z,R:PLTRUSDT:2026-02:31,2026-02-09T21:10:00+00:00,2026-02-13T07:10:00+00:00,2026-02-09T21:10:00+00:00,2026-02-10T00:09:59.999000+00:00,2026-02-10T00:10:00+00:00,2026-02-13T07:09:59.999000+00:00,360,5280,4920,180,4740,4920.0,2026-02,DESCRIPTIVE_ONLY,LISTING_DAYS_1_14,READY,,0
PLTRUSDT-R-PLTRUSDT-nyse_20260213T210000Z-s59,PLTRUSDT,R,59,PLTRUSDT-nyse_20260213T210000Z,R:PLTRUSDT:2026-02:59,2026-02-09T22:10:00+00:00,2026-02-13T08:10:00+00:00,2026-02-09T22:10:00+00:00,2026-02-10T01:09:59.999000+00:00,2026-02-10T01:10:00+00:00,2026-02-13T08:09:59.999000+00:00,420,5340,4920,180,4740,4920.0,2026-02,DESCRIPTIVE_ONLY,LISTING_DAYS_1_14,READY,,0
PLTRUSDT-R-PLTRUSDT-nyse_20260213T210000Z-s97,PLTRUSDT,R,97,PLTRUSDT-nyse_20260213T210000Z,R:PLTRUSDT:2026-02:97,2026-02-09T20:10:00+00:00,2026-02-13T06:10:00+00:00,2026-02-09T20:10:00+00:00,2026-02-09T23:09:59.999000+00:00,2026-02-09T23:10:00+00:00,2026-02-13T06:09:59.999000+00:00,300,5220,4920,180,4740,4920.0,2026-02,DESCRIPTIVE_ONLY,LISTING_DAYS_1_14,READY,,0
PLTRUSDT-R-PLTRUSDT-nyse_20260220T210000Z-s3,PLTRUSDT,R,3,PLTRUSDT-nyse_20260220T210000Z,R:PLTRUSDT:2026-02:3,2026-02-17T21:10:00+00:00,2026-02-20T07:10:00+00:00,2026-02-17T21:10:00+00:00,2026-02-18T00:09:59.999000+00:00,2026-02-18T00:10:00+00:00,2026-02-20T07:09:59.999000+00:00,11880,15360,3480,180,3300,3480.0,2026-02,DESCRIPTIVE_ONLY,LISTING_DAYS_1_14,READY,,0
PLTRUSDT-R-PLTRUSDT-nyse_20260220T210000Z-s10,PLTRUSDT,R,10,PLTRUSDT-nyse_20260220T210000Z,R:PLTRUSDT:2026-02:10,2026-02-17T22:10:00+00:00,2026-02-20T08:10:00+00:00,2026-02-17T22:10:00+00:00,2026-02-18T01:09:59.999000+00:00,2026-02-18T01:10:00+00:00,2026-02-20T08:09:59.999000+00:00,11940,15420,3480,180,3300,3480.0,2026-02,DESCRIPTIVE_ONLY,LISTING_DAYS_1_14,READY,,0
PLTRUSDT-R-PLTRUSDT-nyse_20260220T210000Z-s17,PLTRUSDT,R,17,PLTRUSDT-nyse_20260220T210000Z,R:PLTRUSDT:2026-02:17,2026-02-17T21:10:00+00:00,2026-02-20T07:10:00+00:00,2026-02-17T21:10:00+00:00,2026-02-18T00:09:59.999000+00:00,2026-02-18T00:10:00+00:00,2026-02-20T07:09:59.999000+00:00,11880,15360,3480,180,3300,3480.0,2026-02,DESCRIPTIVE_ONLY,LISTING_DAYS_1_14,READY,,0
PLTRUSDT-R-PLTRUSDT-nyse_20260220T210000Z-s31,PLTRUSDT,R,31,PLTRUSDT-nyse_20260220T210000Z,R:PLTRUSDT:2026-02:31,2026-02-17T20:10:00+00:00,2026-02-20T06:10:00+00:00,2026-02-17T20:10:00+00:00,2026-02-17T23:09:59.999000+00:00,2026-02-17T23:10:00+00:00,2026-02-20T06:09:59.999000+00:00,11820,15300,3480,180,3300,3480.0,2026-02,DESCRIPTIVE_ONLY,LISTING_DAYS_1_14,READY,,0
PLTRUSDT-R-PLTRUSDT-nyse_20260220T210000Z-s59,PLTRUSDT,R,59,PLTRUSDT-nyse_20260220T210000Z,R:PLTRUSDT:2026-02:59,2026-02-17T22:10:00+00:00,2026-02-20T08:10:00+00:00,2026-02-17T22:10:00+00:00,2026-02-18T01:09:59.999000+00:00,2026-02-18T01:10:00+00:00,2026-02-20T08:09:59.999000+00:00,11940,15420,3480,180,3300,3480.0,2026-02,DESCRIPTIVE_ONLY,LISTING_DAYS_1_14,READY,,0
PLTRUSDT-R-PLTRUSDT-nyse_20260220T210000Z-s97,PLTRUSDT,R,97,PLTRUSDT-nyse_20260220T210000Z,R:PLTRUSDT:2026-02:97,2026-02-17T22:10:00+00:00,2026-02-20T08:10:00+00:00,2026-02-17T22:10:00+00:00,2026-02-18T01:09:59.999000+00:00,2026-02-18T01:10:00+00:00,2026-02-20T08:09:59.999000+00:00,11940,15420,3480,180,3300,3480.0,2026-02,DESCRIPTIVE_ONLY,LISTING_DAYS_1_14,READY,,0
PLTRUSDT-R-PLTRUSDT-nyse_20260227T210000Z-s3,PLTRUSDT,R,3,PLTRUSDT-nyse_20260227T210000Z,R:PLTRUSDT:2026-02:3,2026-02-24T20:10:00+00:00,2026-02-27T06:10:00+00:00,2026-02-24T20:10:00+00:00,2026-02-24T23:09:59.999000+00:00,2026-02-24T23:10:00+00:00,2026-02-27T06:09:59.999000+00:00,21900,25380,3480,180,3300,3480.0,2026-02,DESCRIPTIVE_ONLY,LISTING_DAYS_15_30,READY,,0
PLTRUSDT-R-PLTRUSDT-nyse_20260227T210000Z-s10,PLTRUSDT,R,10,PLTRUSDT-nyse_20260227T210000Z,R:PLTRUSDT:2026-02:10,2026-02-24T22:10:00+00:00,2026-02-27T08:10:00+00:00,2026-02-24T22:10:00+00:00,2026-02-25T01:09:59.999000+00:00,2026-02-25T01:10:00+00:00,2026-02-27T08:09:59.999000+00:00,22020,25500,3480,180,3300,3480.0,2026-02,DESCRIPTIVE_ONLY,LISTING_DAYS_15_30,READY,,0
PLTRUSDT-R-PLTRUSDT-nyse_20260227T210000Z-s17,PLTRUSDT,R,17,PLTRUSDT-nyse_20260227T210000Z,R:PLTRUSDT:2026-02:17,2026-02-24T20:10:00+00:00,2026-02-27T06:10:00+00:00,2026-02-24T20:10:00+00:00,2026-02-24T23:09:59.999000+00:00,2026-02-24T23:10:00+00:00,2026-02-27T06:09:59.999000+00:00,21900,25380,3480,180,3300,3480.0,2026-02,DESCRIPTIVE_ONLY,LISTING_DAYS_15_30,READY,,0
PLTRUSDT-R-PLTRUSDT-nyse_20260227T210000Z-s31,PLTRUSDT,R,31,PLTRUSDT-nyse_20260227T210000Z,R:PLTRUSDT:2026-02:31,2026-02-24T21:10:00+00:00,2026-02-27T07:10:00+00:00,2026-02-24T21:10:00+00:00,2026-02-25T00:09:59.999000+00:00,2026-02-25T00:10:00+00:00,2026-02-27T07:09:59.999000+00:00,21960,25440,3480,180,3300,3480.0,2026-02,DESCRIPTIVE_ONLY,LISTING_DAYS_15_30,READY,,0
PLTRUSDT-R-PLTRUSDT-nyse_20260227T210000Z-s59,PLTRUSDT,R,59,PLTRUSDT-nyse_20260227T210000Z,R:PLTRUSDT:2026-02:59,2026-02-24T22:10:00+00:00,2026-02-27T08:10:00+00:00,2026-02-24T22:10:00+00:00,2026-02-25T01:09:59.999000+00:00,2026-02-25T01:10:00+00:00,2026-02-27T08:09:59.999000+00:00,22020,25500,3480,180,3300,3480.0,2026-02,DESCRIPTIVE_ONLY,LISTING_DAYS_15_30,READY,,0
PLTRUSDT-R-PLTRUSDT-nyse_20260227T210000Z-s97,PLTRUSDT,R,97,PLTRUSDT-nyse_20260227T210000Z,R:PLTRUSDT:2026-02:97,2026-02-23T21:10:00+00:00,2026-02-26T07:10:00+00:00,2026-02-23T21:10:00+00:00,2026-02-24T00:09:59.999000+00:00,2026-02-24T00:10:00+00:00,2026-02-26T07:09:59.999000+00:00,20520,24000,3480,180,3300,3480.0,2026-02,DESCRIPTIVE_ONLY,LISTING_DAYS_15_30,READY,,0
PLTRUSDT-R-PLTRUSDT-nyse_20260306T210000Z-s3,PLTRUSDT,R,3,PLTRUSDT-nyse_20260306T210000Z,R:PLTRUSDT:2026-03:3,2026-03-09T22:10:00+00:00,2026-03-12T07:10:00+00:00,2026-03-09T22:10:00+00:00,2026-03-10T01:09:59.999000+00:00,2026-03-10T01:10:00+00:00,2026-03-12T07:09:59.999000+00:00,40740,44160,3420,180,3240,3420.0,2026-03,RESEARCH_DEVELOPMENT,LISTING_DAYS_15_30,READY,,0
PLTRUSDT-R-PLTRUSDT-nyse_20260306T210000Z-s10,PLTRUSDT,R,10,PLTRUSDT-nyse_20260306T210000Z,R:PLTRUSDT:2026-03:10,2026-03-03T21:10:00+00:00,2026-03-06T06:10:00+00:00,2026-03-03T21:10:00+00:00,2026-03-04T00:09:59.999000+00:00,2026-03-04T00:10:00+00:00,2026-03-06T06:09:59.999000+00:00,32040,35460,3420,180,3240,3420.0,2026-03,RESEARCH_DEVELOPMENT,LISTING_DAYS_15_30,READY,,0
PLTRUSDT-R-PLTRUSDT-nyse_20260306T210000Z-s17,PLTRUSDT,R,17,PLTRUSDT-nyse_20260306T210000Z,R:PLTRUSDT:2026-03:17,2026-03-10T22:10:00+00:00,2026-03-13T07:10:00+00:00,2026-03-10T22:10:00+00:00,2026-03-11T01:09:59.999000+00:00,2026-03-11T01:10:00+00:00,2026-03-13T07:09:59.999000+00:00,42180,45600,3420,180,3240,3420.0,2026-03,RESEARCH_DEVELOPMENT,LISTING_DAYS_15_30,READY,,0
PLTRUSDT-R-PLTRUSDT-nyse_20260306T210000Z-s31,PLTRUSDT,R,31,PLTRUSDT-nyse_20260306T210000Z,R:PLTRUSDT:2026-03:31,2026-03-09T21:10:00+00:00,2026-03-12T06:10:00+00:00,2026-03-09T21:10:00+00:00,2026-03-10T00:09:59.999000+00:00,2026-03-10T00:10:00+00:00,2026-03-12T06:09:59.999000+00:00,40680,44100,3420,180,3240,3420.0,2026-03,RESEARCH_DEVELOPMENT,LISTING_DAYS_15_30,READY,,0
PLTRUSDT-R-PLTRUSDT-nyse_20260306T210000Z-s59,PLTRUSDT,R,59,PLTRUSDT-nyse_20260306T210000Z,R:PLTRUSDT:2026-03:59,2026-03-02T20:10:00+00:00,2026-03-05T05:10:00+00:00,2026-03-02T20:10:00+00:00,2026-03-02T23:09:59.999000+00:00,2026-03-02T23:10:00+00:00,2026-03-05T05:09:59.999000+00:00,30540,33960,3420,180,3240,3420.0,2026-03,RESEARCH_DEVELOPMENT,LISTING_DAYS_15_30,READY,,0
PLTRUSDT-R-PLTRUSDT-nyse_20260306T210000Z-s97,PLTRUSDT,R,97,PLTRUSDT-nyse_20260306T210000Z,R:PLTRUSDT:2026-03:97,2026-03-10T22:10:00+00:00,2026-03-13T07:10:00+00:00,2026-03-10T22:10:00+00:00,2026-03-11T01:09:59.999000+00:00,2026-03-11T01:10:00+00:00,2026-03-13T07:09:59.999000+00:00,42180,45600,3420,180,3240,3420.0,2026-03,RESEARCH_DEVELOPMENT,LISTING_DAYS_15_30,READY,,0
PLTRUSDT-R-PLTRUSDT-nyse_20260313T200000Z-s3,PLTRUSDT,R,3,PLTRUSDT-nyse_20260313T200000Z,R:PLTRUSDT:2026-03:3,2026-03-17T21:10:00+00:00,2026-03-20T07:10:00+00:00,2026-03-17T21:10:00+00:00,2026-03-18T00:09:59.999000+00:00,2026-03-18T00:10:00+00:00,2026-03-20T07:09:59.999000+00:00,52200,55680,3480,180,3300,3480.0,2026-03,RESEARCH_DEVELOPMENT,LISTING_AFTER_30_DAYS,READY,,0
PLTRUSDT-R-PLTRUSDT-nyse_20260313T200000Z-s10,PLTRUSDT,R,10,PLTRUSDT-nyse_20260313T200000Z,R:PLTRUSDT:2026-03:10,2026-03-23T20:10:00+00:00,2026-03-26T06:10:00+00:00,2026-03-23T20:10:00+00:00,2026-03-23T23:09:59.999000+00:00,2026-03-23T23:10:00+00:00,2026-03-26T06:09:59.999000+00:00,60780,64260,3480,180,3300,3480.0,2026-03,RESEARCH_DEVELOPMENT,LISTING_AFTER_30_DAYS,READY,,0
PLTRUSDT-R-PLTRUSDT-nyse_20260313T200000Z-s17,PLTRUSDT,R,17,PLTRUSDT-nyse_20260313T200000Z,R:PLTRUSDT:2026-03:17,2026-03-23T19:10:00+00:00,2026-03-26T05:10:00+00:00,2026-03-23T19:10:00+00:00,2026-03-23T22:09:59.999000+00:00,2026-03-23T22:10:00+00:00,2026-03-26T05:09:59.999000+00:00,60720,64200,3480,180,3300,3480.0,2026-03,RESEARCH_DEVELOPMENT,LISTING_AFTER_30_DAYS,READY,,0
PLTRUSDT-R-PLTRUSDT-nyse_20260313T200000Z-s31,PLTRUSDT,R,31,PLTRUSDT-nyse_20260313T200000Z,R:PLTRUSDT:2026-03:31,2026-03-24T20:10:00+00:00,2026-03-27T06:10:00+00:00,2026-03-24T20:10:00+00:00,2026-03-24T23:09:59.999000+00:00,2026-03-24T23:10:00+00:00,2026-03-27T06:09:59.999000+00:00,62220,65700,3480,180,3300,3480.0,2026-03,RESEARCH_DEVELOPMENT,LISTING_AFTER_30_DAYS,READY,,0
PLTRUSDT-R-PLTRUSDT-nyse_20260313T200000Z-s59,PLTRUSDT,R,59,PLTRUSDT-nyse_20260313T200000Z,R:PLTRUSDT:2026-03:59,2026-03-24T20:10:00+00:00,2026-03-27T06:10:00+00:00,2026-03-24T20:10:00+00:00,2026-03-24T23:09:59.999000+00:00,2026-03-24T23:10:00+00:00,2026-03-27T06:09:59.999000+00:00,62220,65700,3480,180,3300,3480.0,2026-03,RESEARCH_DEVELOPMENT,LISTING_AFTER_30_DAYS,READY,,0
PLTRUSDT-R-PLTRUSDT-nyse_20260313T200000Z-s97,PLTRUSDT,R,97,PLTRUSDT-nyse_20260313T200000Z,R:PLTRUSDT:2026-03:97,2026-03-23T20:10:00+00:00,2026-03-26T06:10:00+00:00,2026-03-23T20:10:00+00:00,2026-03-23T23:09:59.999000+00:00,2026-03-23T23:10:00+00:00,2026-03-26T06:09:59.999000+00:00,60780,64260,3480,180,3300,3480.0,2026-03,RESEARCH_DEVELOPMENT,LISTING_AFTER_30_DAYS,READY,,0
PLTRUSDT-R-PLTRUSDT-nyse_20260320T200000Z-s3,PLTRUSDT,R,3,PLTRUSDT-nyse_20260320T200000Z,R:PLTRUSDT:2026-03:3,2026-03-24T21:10:00+00:00,2026-03-27T07:10:00+00:00,2026-03-24T21:10:00+00:00,2026-03-25T00:09:59.999000+00:00,2026-03-25T00:10:00+00:00,2026-03-27T07:09:59.999000+00:00,62280,65760,3480,180,3300,3480.0,2026-03,RESEARCH_DEVELOPMENT,LISTING_AFTER_30_DAYS,READY,,0
PLTRUSDT-R-PLTRUSDT-nyse_20260320T200000Z-s10,PLTRUSDT,R,10,PLTRUSDT-nyse_20260320T200000Z,R:PLTRUSDT:2026-03:10,2026-03-30T19:10:00+00:00,2026-04-02T05:10:00+00:00,2026-03-30T19:10:00+00:00,2026-03-30T22:09:59.999000+00:00,2026-03-30T22:10:00+00:00,2026-04-02T05:09:59.999000+00:00,70800,74280,3480,180,3300,3480.0,2026-03,RESEARCH_DEVELOPMENT,LISTING_AFTER_30_DAYS,READY,,0
PLTRUSDT-R-PLTRUSDT-nyse_20260320T200000Z-s17,PLTRUSDT,R,17,PLTRUSDT-nyse_20260320T200000Z,R:PLTRUSDT:2026-03:17,2026-03-30T19:10:00+00:00,2026-04-02T05:10:00+00:00,2026-03-30T19:10:00+00:00,2026-03-30T22:09:59.999000+00:00,2026-03-30T22:10:00+00:00,2026-04-02T05:09:59.999000+00:00,70800,74280,3480,180,3300,3480.0,2026-03,RESEARCH_DEVELOPMENT,LISTING_AFTER_30_DAYS,READY,,0
PLTRUSDT-R-PLTRUSDT-nyse_20260320T200000Z-s31,PLTRUSDT,R,31,PLTRUSDT-nyse_20260320T200000Z,R:PLTRUSDT:2026-03:31,2026-03-16T19:10:00+00:00,2026-03-19T05:10:00+00:00,2026-03-16T19:10:00+00:00,2026-03-16T22:09:59.999000+00:00,2026-03-16T22:10:00+00:00,2026-03-19T05:09:59.999000+00:00,50640,54120,3480,180,3300,3480.0,2026-03,RESEARCH_DEVELOPMENT,LISTING_AFTER_30_DAYS,READY,,0
PLTRUSDT-R-PLTRUSDT-nyse_20260320T200000Z-s59,PLTRUSDT,R,59,PLTRUSDT-nyse_20260320T200000Z,R:PLTRUSDT:2026-03:59,2026-03-16T21:10:00+00:00,2026-03-19T07:10:00+00:00,2026-03-16T21:10:00+00:00,2026-03-17T00:09:59.999000+00:00,2026-03-17T00:10:00+00:00,2026-03-19T07:09:59.999000+00:00,50760,54240,3480,180,3300,3480.0,2026-03,RESEARCH_DEVELOPMENT,LISTING_AFTER_30_DAYS,READY,,0
PLTRUSDT-R-PLTRUSDT-nyse_20260320T200000Z-s97,PLTRUSDT,R,97,PLTRUSDT-nyse_20260320T200000Z,R:PLTRUSDT:2026-03:97,2026-03-30T19:10:00+00:00,2026-04-02T05:10:00+00:00,2026-03-30T19:10:00+00:00,2026-03-30T22:09:59.999000+00:00,2026-03-30T22:10:00+00:00,2026-04-02T05:09:59.999000+00:00,70800,74280,3480,180,3300,3480.0,2026-03,RESEARCH_DEVELOPMENT,LISTING_AFTER_30_DAYS,READY,,0
PLTRUSDT-R-PLTRUSDT-nyse_20260327T200000Z-s3,PLTRUSDT,R,3,PLTRUSDT-nyse_20260327T200000Z,R:PLTRUSDT:2026-03:3,2026-03-30T20:10:00+00:00,2026-04-02T06:10:00+00:00,2026-03-30T20:10:00+00:00,2026-03-30T23:09:59.999000+00:00,2026-03-30T23:10:00+00:00,2026-04-02T06:09:59.999000+00:00,70860,74340,3480,180,3300,3480.0,2026-03,RESEARCH_DEVELOPMENT,LISTING_AFTER_30_DAYS,READY,,0
PLTRUSDT-R-PLTRUSDT-nyse_20260327T200000Z-s10,PLTRUSDT,R,10,PLTRUSDT-nyse_20260327T200000Z,R:PLTRUSDT:2026-03:10,2026-03-17T20:10:00+00:00,2026-03-20T06:10:00+00:00,2026-03-17T20:10:00+00:00,2026-03-17T23:09:59.999000+00:00,2026-03-17T23:10:00+00:00,2026-03-20T06:09:59.999000+00:00,52140,55620,3480,180,3300,3480.0,2026-03,RESEARCH_DEVELOPMENT,LISTING_AFTER_30_DAYS,READY,,0
PLTRUSDT-R-PLTRUSDT-nyse_20260327T200000Z-s17,PLTRUSDT,R,17,PLTRUSDT-nyse_20260327T200000Z,R:PLTRUSDT:2026-03:17,2026-03-17T21:10:00+00:00,2026-03-20T07:10:00+00:00,2026-03-17T21:10:00+00:00,2026-03-18T00:09:59.999000+00:00,2026-03-18T00:10:00+00:00,2026-03-20T07:09:59.999000+00:00,52200,55680,3480,180,3300,3480.0,2026-03,RESEARCH_DEVELOPMENT,LISTING_AFTER_30_DAYS,READY,,0
PLTRUSDT-R-PLTRUSDT-nyse_20260327T200000Z-s31,PLTRUSDT,R,31,PLTRUSDT-nyse_20260327T200000Z,R:PLTRUSDT:2026-03:31,2026-03-30T20:10:00+00:00,2026-04-02T06:10:00+00:00,2026-03-30T20:10:00+00:00,2026-03-30T23:09:59.999000+00:00,2026-03-30T23:10:00+00:00,2026-04-02T06:09:59.999000+00:00,70860,74340,3480,180,3300,3480.0,2026-03,RESEARCH_DEVELOPMENT,LISTING_AFTER_30_DAYS,READY,,0
PLTRUSDT-R-PLTRUSDT-nyse_20260327T200000Z-s59,PLTRUSDT,R,59,PLTRUSDT-nyse_20260327T200000Z,R:PLTRUSDT:2026-03:59,2026-03-30T20:10:00+00:00,2026-04-02T06:10:00+00:00,2026-03-30T20:10:00+00:00,2026-03-30T23:09:59.999000+00:00,2026-03-30T23:10:00+00:00,2026-04-02T06:09:59.999000+00:00,70860,74340,3480,180,3300,3480.0,2026-03,RESEARCH_DEVELOPMENT,LISTING_AFTER_30_DAYS,READY,,0
PLTRUSDT-R-PLTRUSDT-nyse_20260327T200000Z-s97,PLTRUSDT,R,97,PLTRUSDT-nyse_20260327T200000Z,R:PLTRUSDT:2026-03:97,2026-03-17T19:10:00+00:00,2026-03-20T05:10:00+00:00,2026-03-17T19:10:00+00:00,2026-03-17T22:09:59.999000+00:00,2026-03-17T22:10:00+00:00,2026-03-20T05:09:59.999000+00:00,52080,55560,3480,180,3300,3480.0,2026-03,RESEARCH_DEVELOPMENT,LISTING_AFTER_30_DAYS,READY,,0
PLTRUSDT-R-PLTRUSDT-nyse_20260402T200000Z-s3,PLTRUSDT,R,3,PLTRUSDT-nyse_20260402T200000Z,R:PLTRUSDT:2026-04:3,2026-04-06T19:10:00+00:00,2026-04-10T05:10:00+00:00,2026-04-06T19:10:00+00:00,2026-04-06T22:09:59.999000+00:00,2026-04-06T22:10:00+00:00,2026-04-10T05:09:59.999000+00:00,80880,85800,4920,180,4740,4920.0,2026-04,RESEARCH_DEVELOPMENT,LISTING_AFTER_30_DAYS,READY,,0
PLTRUSDT-R-PLTRUSDT-nyse_20260402T200000Z-s10,PLTRUSDT,R,10,PLTRUSDT-nyse_20260402T200000Z,R:PLTRUSDT:2026-04:10,2026-04-06T20:10:00+00:00,2026-04-10T06:10:00+00:00,2026-04-06T20:10:00+00:00,2026-04-06T23:09:59.999000+00:00,2026-04-06T23:10:00+00:00,2026-04-10T06:09:59.999000+00:00,80940,85860,4920,180,4740,4920.0,2026-04,RESEARCH_DEVELOPMENT,LISTING_AFTER_30_DAYS,READY,,0
PLTRUSDT-R-PLTRUSDT-nyse_20260402T200000Z-s17,PLTRUSDT,R,17,PLTRUSDT-nyse_20260402T200000Z,R:PLTRUSDT:2026-04:17,2026-04-06T20:10:00+00:00,2026-04-10T06:10:00+00:00,2026-04-06T20:10:00+00:00,2026-04-06T23:09:59.999000+00:00,2026-04-06T23:10:00+00:00,2026-04-10T06:09:59.999000+00:00,80940,85860,4920,180,4740,4920.0,2026-04,RESEARCH_DEVELOPMENT,LISTING_AFTER_30_DAYS,READY,,0
PLTRUSDT-R-PLTRUSDT-nyse_20260402T200000Z-s31,PLTRUSDT,R,31,PLTRUSDT-nyse_20260402T200000Z,R:PLTRUSDT:2026-04:31,2026-04-13T19:10:00+00:00,2026-04-17T05:10:00+00:00,2026-04-13T19:10:00+00:00,2026-04-13T22:09:59.999000+00:00,2026-04-13T22:10:00+00:00,2026-04-17T05:09:59.999000+00:00,90960,95880,4920,180,4740,4920.0,2026-04,RESEARCH_DEVELOPMENT,LISTING_AFTER_30_DAYS,READY,,0
PLTRUSDT-R-PLTRUSDT-nyse_20260402T200000Z-s59,PLTRUSDT,R,59,PLTRUSDT-nyse_20260402T200000Z,R:PLTRUSDT:2026-04:59,2026-04-27T19:10:00+00:00,2026-05-01T05:10:00+00:00,2026-04-27T19:10:00+00:00,2026-04-27T22:09:59.999000+00:00,2026-04-27T22:10:00+00:00,2026-05-01T05:09:59.999000+00:00,111120,116040,4920,180,4740,4920.0,2026-04,RESEARCH_DEVELOPMENT,LISTING_AFTER_30_DAYS,READY,,0
PLTRUSDT-R-PLTRUSDT-nyse_20260402T200000Z-s97,PLTRUSDT,R,97,PLTRUSDT-nyse_20260402T200000Z,R:PLTRUSDT:2026-04:97,2026-04-20T20:10:00+00:00,2026-04-24T06:10:00+00:00,2026-04-20T20:10:00+00:00,2026-04-20T23:09:59.999000+00:00,2026-04-20T23:10:00+00:00,2026-04-24T06:09:59.999000+00:00,101100,106020,4920,180,4740,4920.0,2026-04,RESEARCH_DEVELOPMENT,LISTING_AFTER_30_DAYS,READY,,0
PLTRUSDT-R-PLTRUSDT-nyse_20260410T200000Z-s3,PLTRUSDT,R,3,PLTRUSDT-nyse_20260410T200000Z,R:PLTRUSDT:2026-04:3,2026-04-14T19:10:00+00:00,2026-04-17T05:10:00+00:00,2026-04-14T19:10:00+00:00,2026-04-14T22:09:59.999000+00:00,2026-04-14T22:10:00+00:00,2026-04-17T05:09:59.999000+00:00,92400,95880,3480,180,3300,3480.0,2026-04,RESEARCH_DEVELOPMENT,LISTING_AFTER_30_DAYS,READY,,0
PLTRUSDT-R-PLTRUSDT-nyse_20260410T200000Z-s10,PLTRUSDT,R,10,PLTRUSDT-nyse_20260410T200000Z,R:PLTRUSDT:2026-04:10,2026-04-28T20:10:00+00:00,2026-05-01T06:10:00+00:00,2026-04-28T20:10:00+00:00,2026-04-28T23:09:59.999000+00:00,2026-04-28T23:10:00+00:00,2026-05-01T06:09:59.999000+00:00,112620,116100,3480,180,3300,3480.0,2026-04,RESEARCH_DEVELOPMENT,LISTING_AFTER_30_DAYS,READY,,0
PLTRUSDT-R-PLTRUSDT-nyse_20260410T200000Z-s17,PLTRUSDT,R,17,PLTRUSDT-nyse_20260410T200000Z,R:PLTRUSDT:2026-04:17,2026-04-27T19:10:00+00:00,2026-04-30T05:10:00+00:00,2026-04-27T19:10:00+00:00,2026-04-27T22:09:59.999000+00:00,2026-04-27T22:10:00+00:00,2026-04-30T05:09:59.999000+00:00,111120,114600,3480,180,3300,3480.0,2026-04,RESEARCH_DEVELOPMENT,LISTING_AFTER_30_DAYS,READY,,0
PLTRUSDT-R-PLTRUSDT-nyse_20260410T200000Z-s31,PLTRUSDT,R,31,PLTRUSDT-nyse_20260410T200000Z,R:PLTRUSDT:2026-04:31,2026-04-07T20:10:00+00:00,2026-04-10T06:10:00+00:00,2026-04-07T20:10:00+00:00,2026-04-07T23:09:59.999000+00:00,2026-04-07T23:10:00+00:00,2026-04-10T06:09:59.999000+00:00,82380,85860,3480,180,3300,3480.0,2026-04,RESEARCH_DEVELOPMENT,LISTING_AFTER_30_DAYS,READY,,0
PLTRUSDT-R-PLTRUSDT-nyse_20260410T200000Z-s59,PLTRUSDT,R,59,PLTRUSDT-nyse_20260410T200000Z,R:PLTRUSDT:2026-04:59,2026-04-06T19:10:00+00:00,2026-04-09T05:10:00+00:00,2026-04-06T19:10:00+00:00,2026-04-06T22:09:59.999000+00:00,2026-04-06T22:10:00+00:00,2026-04-09T05:09:59.999000+00:00,80880,84360,3480,180,3300,3480.0,2026-04,RESEARCH_DEVELOPMENT,LISTING_AFTER_30_DAYS,READY,,0
PLTRUSDT-R-PLTRUSDT-nyse_20260410T200000Z-s97,PLTRUSDT,R,97,PLTRUSDT-nyse_20260410T200000Z,R:PLTRUSDT:2026-04:97,2026-04-28T19:10:00+00:00,2026-05-01T05:10:00+00:00,2026-04-28T19:10:00+00:00,2026-04-28T22:09:59.999000+00:00,2026-04-28T22:10:00+00:00,2026-05-01T05:09:59.999000+00:00,112560,116040,3480,180,3300,3480.0,2026-04,RESEARCH_DEVELOPMENT,LISTING_AFTER_30_DAYS,READY,,0
PLTRUSDT-R-PLTRUSDT-nyse_20260417T200000Z-s3,PLTRUSDT,R,3,PLTRUSDT-nyse_20260417T200000Z,R:PLTRUSDT:2026-04:3,2026-04-21T21:10:00+00:00,2026-04-24T07:10:00+00:00,2026-04-21T21:10:00+00:00,2026-04-22T00:09:59.999000+00:00,2026-04-22T00:10:00+00:00,2026-04-24T07:09:59.999000+00:00,102600,106080,3480,180,3300,3480.0,2026-04,RESEARCH_DEVELOPMENT,LISTING_AFTER_30_DAYS,READY,,0
PLTRUSDT-R-PLTRUSDT-nyse_20260417T200000Z-s10,PLTRUSDT,R,10,PLTRUSDT-nyse_20260417T200000Z,R:PLTRUSDT:2026-04:10,2026-04-13T21:10:00+00:00,2026-04-16T07:10:00+00:00,2026-04-13T21:10:00+00:00,2026-04-14T00:09:59.999000+00:00,2026-04-14T00:10:00+00:00,2026-04-16T07:09:59.999000+00:00,91080,94560,3480,180,3300,3480.0,2026-04,RESEARCH_DEVELOPMENT,LISTING_AFTER_30_DAYS,READY,,0
PLTRUSDT-R-PLTRUSDT-nyse_20260417T200000Z-s17,PLTRUSDT,R,17,PLTRUSDT-nyse_20260417T200000Z,R:PLTRUSDT:2026-04:17,2026-04-21T19:10:00+00:00,2026-04-24T05:10:00+00:00,2026-04-21T19:10:00+00:00,2026-04-21T22:09:59.999000+00:00,2026-04-21T22:10:00+00:00,2026-04-24T05:09:59.999000+00:00,102480,105960,3480,180,3300,3480.0,2026-04,RESEARCH_DEVELOPMENT,LISTING_AFTER_30_DAYS,READY,,0
PLTRUSDT-R-PLTRUSDT-nyse_20260417T200000Z-s31,PLTRUSDT,R,31,PLTRUSDT-nyse_20260417T200000Z,R:PLTRUSDT:2026-04:31,2026-04-20T20:10:00+00:00,2026-04-23T06:10:00+00:00,2026-04-20T20:10:00+00:00,2026-04-20T23:09:59.999000+00:00,2026-04-20T23:10:00+00:00,2026-04-23T06:09:59.999000+00:00,101100,104580,3480,180,3300,3480.0,2026-04,RESEARCH_DEVELOPMENT,LISTING_AFTER_30_DAYS,READY,,0
PLTRUSDT-R-PLTRUSDT-nyse_20260417T200000Z-s59,PLTRUSDT,R,59,PLTRUSDT-nyse_20260417T200000Z,R:PLTRUSDT:2026-04:59,2026-04-20T21:10:00+00:00,2026-04-23T07:10:00+00:00,2026-04-20T21:10:00+00:00,2026-04-21T00:09:59.999000+00:00,2026-04-21T00:10:00+00:00,2026-04-23T07:09:59.999000+00:00,101160,104640,3480,180,3300,3480.0,2026-04,RESEARCH_DEVELOPMENT,LISTING_AFTER_30_DAYS,READY,,0
PLTRUSDT-R-PLTRUSDT-nyse_20260417T200000Z-s97,PLTRUSDT,R,97,PLTRUSDT-nyse_20260417T200000Z,R:PLTRUSDT:2026-04:97,2026-04-13T21:10:00+00:00,2026-04-16T07:10:00+00:00,2026-04-13T21:10:00+00:00,2026-04-14T00:09:59.999000+00:00,2026-04-14T00:10:00+00:00,2026-04-16T07:09:59.999000+00:00,91080,94560,3480,180,3300,3480.0,2026-04,RESEARCH_DEVELOPMENT,LISTING_AFTER_30_DAYS,READY,,0
PLTRUSDT-R-PLTRUSDT-nyse_20260424T200000Z-s3,PLTRUSDT,R,3,PLTRUSDT-nyse_20260424T200000Z,R:PLTRUSDT:2026-04:3,2026-04-28T20:10:00+00:00,2026-05-01T06:10:00+00:00,2026-04-28T20:10:00+00:00,2026-04-28T23:09:59.999000+00:00,2026-04-28T23:10:00+00:00,2026-05-01T06:09:59.999000+00:00,112620,116100,3480,180,3300,3480.0,2026-04,RESEARCH_DEVELOPMENT,LISTING_AFTER_30_DAYS,READY,,0
PLTRUSDT-R-PLTRUSDT-nyse_20260424T200000Z-s10,PLTRUSDT,R,10,PLTRUSDT-nyse_20260424T200000Z,R:PLTRUSDT:2026-04:10,2026-04-21T19:10:00+00:00,2026-04-24T05:10:00+00:00,2026-04-21T19:10:00+00:00,2026-04-21T22:09:59.999000+00:00,2026-04-21T22:10:00+00:00,2026-04-24T05:09:59.999000+00:00,102480,105960,3480,180,3300,3480.0,2026-04,RESEARCH_DEVELOPMENT,LISTING_AFTER_30_DAYS,READY,,0
PLTRUSDT-R-PLTRUSDT-nyse_20260424T200000Z-s17,PLTRUSDT,R,17,PLTRUSDT-nyse_20260424T200000Z,R:PLTRUSDT:2026-04:17,2026-04-14T21:10:00+00:00,2026-04-17T07:10:00+00:00,2026-04-14T21:10:00+00:00,2026-04-15T00:09:59.999000+00:00,2026-04-15T00:10:00+00:00,2026-04-17T07:09:59.999000+00:00,92520,96000,3480,180,3300,3480.0,2026-04,RESEARCH_DEVELOPMENT,LISTING_AFTER_30_DAYS,READY,,0
PLTRUSDT-R-PLTRUSDT-nyse_20260424T200000Z-s31,PLTRUSDT,R,31,PLTRUSDT-nyse_20260424T200000Z,R:PLTRUSDT:2026-04:31,2026-04-27T19:10:00+00:00,2026-04-30T05:10:00+00:00,2026-04-27T19:10:00+00:00,2026-04-27T22:09:59.999000+00:00,2026-04-27T22:10:00+00:00,2026-04-30T05:09:59.999000+00:00,111120,114600,3480,180,3300,3480.0,2026-04,RESEARCH_DEVELOPMENT,LISTING_AFTER_30_DAYS,READY,,0
PLTRUSDT-R-PLTRUSDT-nyse_20260424T200000Z-s59,PLTRUSDT,R,59,PLTRUSDT-nyse_20260424T200000Z,R:PLTRUSDT:2026-04:59,2026-04-14T21:10:00+00:00,2026-04-17T07:10:00+00:00,2026-04-14T21:10:00+00:00,2026-04-15T00:09:59.999000+00:00,2026-04-15T00:10:00+00:00,2026-04-17T07:09:59.999000+00:00,92520,96000,3480,180,3300,3480.0,2026-04,RESEARCH_DEVELOPMENT,LISTING_AFTER_30_DAYS,READY,,0
PLTRUSDT-R-PLTRUSDT-nyse_20260424T200000Z-s97,PLTRUSDT,R,97,PLTRUSDT-nyse_20260424T200000Z,R:PLTRUSDT:2026-04:97,2026-04-07T21:10:00+00:00,2026-04-10T07:10:00+00:00,2026-04-07T21:10:00+00:00,2026-04-08T00:09:59.999000+00:00,2026-04-08T00:10:00+00:00,2026-04-10T07:09:59.999000+00:00,82440,85920,3480,180,3300,3480.0,2026-04,RESEARCH_DEVELOPMENT,LISTING_AFTER_30_DAYS,READY,,0
PLTRUSDT-R-PLTRUSDT-nyse_20260501T200000Z-s3,PLTRUSDT,R,3,PLTRUSDT-nyse_20260501T200000Z,R:PLTRUSDT:2026-05:3,2026-05-05T21:10:00+00:00,2026-05-08T07:10:00+00:00,2026-05-05T21:10:00+00:00,2026-05-06T00:09:59.999000+00:00,2026-05-06T00:10:00+00:00,2026-05-08T07:09:59.999000+00:00,122760,126240,3480,180,3300,3480.0,2026-05,RESEARCH_DEVELOPMENT,LISTING_AFTER_30_DAYS,READY,,0
PLTRUSDT-R-PLTRUSDT-nyse_20260501T200000Z-s10,PLTRUSDT,R,10,PLTRUSDT-nyse_20260501T200000Z,R:PLTRUSDT:2026-05:10,2026-05-18T20:10:00+00:00,2026-05-21T06:10:00+00:00,2026-05-18T20:10:00+00:00,2026-05-18T23:09:59.999000+00:00,2026-05-18T23:10:00+00:00,2026-05-21T06:09:59.999000+00:00,141420,144900,3480,180,3300,3480.0,2026-05,RESEARCH_DEVELOPMENT,LISTING_AFTER_30_DAYS,READY,,0
PLTRUSDT-R-PLTRUSDT-nyse_20260501T200000Z-s17,PLTRUSDT,R,17,PLTRUSDT-nyse_20260501T200000Z,R:PLTRUSDT:2026-05:17,2026-05-12T20:10:00+00:00,2026-05-15T06:10:00+00:00,2026-05-12T20:10:00+00:00,2026-05-12T23:09:59.999000+00:00,2026-05-12T23:10:00+00:00,2026-05-15T06:09:59.999000+00:00,132780,136260,3480,180,3300,3480.0,2026-05,RESEARCH_DEVELOPMENT,LISTING_AFTER_30_DAYS,READY,,0
PLTRUSDT-R-PLTRUSDT-nyse_20260501T200000Z-s31,PLTRUSDT,R,31,PLTRUSDT-nyse_20260501T200000Z,R:PLTRUSDT:2026-05:31,2026-05-11T21:10:00+00:00,2026-05-14T07:10:00+00:00,2026-05-11T21:10:00+00:00,2026-05-12T00:09:59.999000+00:00,2026-05-12T00:10:00+00:00,2026-05-14T07:09:59.999000+00:00,131400,134880,3480,180,3300,3480.0,2026-05,RESEARCH_DEVELOPMENT,LISTING_AFTER_30_DAYS,READY,,0
PLTRUSDT-R-PLTRUSDT-nyse_20260501T200000Z-s59,PLTRUSDT,R,59,PLTRUSDT-nyse_20260501T200000Z,R:PLTRUSDT:2026-05:59,2026-05-12T21:10:00+00:00,2026-05-15T07:10:00+00:00,2026-05-12T21:10:00+00:00,2026-05-13T00:09:59.999000+00:00,2026-05-13T00:10:00+00:00,2026-05-15T07:09:59.999000+00:00,132840,136320,3480,180,3300,3480.0,2026-05,RESEARCH_DEVELOPMENT,LISTING_AFTER_30_DAYS,READY,,0
PLTRUSDT-R-PLTRUSDT-nyse_20260501T200000Z-s97,PLTRUSDT,R,97,PLTRUSDT-nyse_20260501T200000Z,R:PLTRUSDT:2026-05:97,2026-05-04T20:10:00+00:00,2026-05-07T06:10:00+00:00,2026-05-04T20:10:00+00:00,2026-05-04T23:09:59.999000+00:00,2026-05-04T23:10:00+00:00,2026-05-07T06:09:59.999000+00:00,121260,124740,3480,180,3300,3480.0,2026-05,RESEARCH_DEVELOPMENT,LISTING_AFTER_30_DAYS,READY,,0
PLTRUSDT-R-PLTRUSDT-nyse_20260508T200000Z-s3,PLTRUSDT,R,3,PLTRUSDT-nyse_20260508T200000Z,R:PLTRUSDT:2026-05:3,2026-05-19T20:10:00+00:00,2026-05-22T06:10:00+00:00,2026-05-19T20:10:00+00:00,2026-05-19T23:09:59.999000+00:00,2026-05-19T23:10:00+00:00,2026-05-22T06:09:59.999000+00:00,142860,146340,3480,180,3300,3480.0,2026-05,RESEARCH_DEVELOPMENT,LISTING_AFTER_30_DAYS,READY,,0
PLTRUSDT-R-PLTRUSDT-nyse_20260508T200000Z-s10,PLTRUSDT,R,10,PLTRUSDT-nyse_20260508T200000Z,R:PLTRUSDT:2026-05:10,2026-05-05T20:10:00+00:00,2026-05-08T06:10:00+00:00,2026-05-05T20:10:00+00:00,2026-05-05T23:09:59.999000+00:00,2026-05-05T23:10:00+00:00,2026-05-08T06:09:59.999000+00:00,122700,126180,3480,180,3300,3480.0,2026-05,RESEARCH_DEVELOPMENT,LISTING_AFTER_30_DAYS,READY,,0
PLTRUSDT-R-PLTRUSDT-nyse_20260508T200000Z-s17,PLTRUSDT,R,17,PLTRUSDT-nyse_20260508T200000Z,R:PLTRUSDT:2026-05:17,2026-05-18T20:10:00+00:00,2026-05-21T06:10:00+00:00,2026-05-18T20:10:00+00:00,2026-05-18T23:09:59.999000+00:00,2026-05-18T23:10:00+00:00,2026-05-21T06:09:59.999000+00:00,141420,144900,3480,180,3300,3480.0,2026-05,RESEARCH_DEVELOPMENT,LISTING_AFTER_30_DAYS,READY,,0
PLTRUSDT-R-PLTRUSDT-nyse_20260508T200000Z-s31,PLTRUSDT,R,31,PLTRUSDT-nyse_20260508T200000Z,R:PLTRUSDT:2026-05:31,2026-05-26T21:10:00+00:00,2026-05-29T07:10:00+00:00,2026-05-26T21:10:00+00:00,2026-05-27T00:09:59.999000+00:00,2026-05-27T00:10:00+00:00,2026-05-29T07:09:59.999000+00:00,153000,156480,3480,180,3300,3480.0,2026-05,RESEARCH_DEVELOPMENT,LISTING_AFTER_30_DAYS,READY,,0
PLTRUSDT-R-PLTRUSDT-nyse_20260508T200000Z-s59,PLTRUSDT,R,59,PLTRUSDT-nyse_20260508T200000Z,R:PLTRUSDT:2026-05:59,2026-05-05T20:10:00+00:00,2026-05-08T06:10:00+00:00,2026-05-05T20:10:00+00:00,2026-05-05T23:09:59.999000+00:00,2026-05-05T23:10:00+00:00,2026-05-08T06:09:59.999000+00:00,122700,126180,3480,180,3300,3480.0,2026-05,RESEARCH_DEVELOPMENT,LISTING_AFTER_30_DAYS,READY,,0
PLTRUSDT-R-PLTRUSDT-nyse_20260508T200000Z-s97,PLTRUSDT,R,97,PLTRUSDT-nyse_20260508T200000Z,R:PLTRUSDT:2026-05:97,2026-05-12T21:10:00+00:00,2026-05-15T07:10:00+00:00,2026-05-12T21:10:00+00:00,2026-05-13T00:09:59.999000+00:00,2026-05-13T00:10:00+00:00,2026-05-15T07:09:59.999000+00:00,132840,136320,3480,180,3300,3480.0,2026-05,RESEARCH_DEVELOPMENT,LISTING_AFTER_30_DAYS,READY,,0
PLTRUSDT-R-PLTRUSDT-nyse_20260515T200000Z-s3,PLTRUSDT,R,3,PLTRUSDT-nyse_20260515T200000Z,R:PLTRUSDT:2026-05:3,2026-05-12T20:10:00+00:00,2026-05-15T06:10:00+00:00,2026-05-12T20:10:00+00:00,2026-05-12T23:09:59.999000+00:00,2026-05-12T23:10:00+00:00,2026-05-15T06:09:59.999000+00:00,132780,136260,3480,180,3300,3480.0,2026-05,RESEARCH_DEVELOPMENT,LISTING_AFTER_30_DAYS,READY,,0
PLTRUSDT-R-PLTRUSDT-nyse_20260515T200000Z-s10,PLTRUSDT,R,10,PLTRUSDT-nyse_20260515T200000Z,R:PLTRUSDT:2026-05:10,2026-05-26T21:10:00+00:00,2026-05-29T07:10:00+00:00,2026-05-26T21:10:00+00:00,2026-05-27T00:09:59.999000+00:00,2026-05-27T00:10:00+00:00,2026-05-29T07:09:59.999000+00:00,153000,156480,3480,180,3300,3480.0,2026-05,RESEARCH_DEVELOPMENT,LISTING_AFTER_30_DAYS,READY,,0
PLTRUSDT-R-PLTRUSDT-nyse_20260515T200000Z-s17,PLTRUSDT,R,17,PLTRUSDT-nyse_20260515T200000Z,R:PLTRUSDT:2026-05:17,2026-05-05T19:10:00+00:00,2026-05-08T05:10:00+00:00,2026-05-05T19:10:00+00:00,2026-05-05T22:09:59.999000+00:00,2026-05-05T22:10:00+00:00,2026-05-08T05:09:59.999000+00:00,122640,126120,3480,180,3300,3480.0,2026-05,RESEARCH_DEVELOPMENT,LISTING_AFTER_30_DAYS,READY,,0
PLTRUSDT-R-PLTRUSDT-nyse_20260515T200000Z-s31,PLTRUSDT,R,31,PLTRUSDT-nyse_20260515T200000Z,R:PLTRUSDT:2026-05:31,2026-05-19T20:10:00+00:00,2026-05-22T06:10:00+00:00,2026-05-19T20:10:00+00:00,2026-05-19T23:09:59.999000+00:00,2026-05-19T23:10:00+00:00,2026-05-22T06:09:59.999000+00:00,142860,146340,3480,180,3300,3480.0,2026-05,RESEARCH_DEVELOPMENT,LISTING_AFTER_30_DAYS,READY,,0
PLTRUSDT-R-PLTRUSDT-nyse_20260515T200000Z-s59,PLTRUSDT,R,59,PLTRUSDT-nyse_20260515T200000Z,R:PLTRUSDT:2026-05:59,2026-05-26T19:10:00+00:00,2026-05-29T05:10:00+00:00,2026-05-26T19:10:00+00:00,2026-05-26T22:09:59.999000+00:00,2026-05-26T22:10:00+00:00,2026-05-29T05:09:59.999000+00:00,152880,156360,3480,180,3300,3480.0,2026-05,RESEARCH_DEVELOPMENT,LISTING_AFTER_30_DAYS,READY,,0
PLTRUSDT-R-PLTRUSDT-nyse_20260515T200000Z-s97,PLTRUSDT,R,97,PLTRUSDT-nyse_20260515T200000Z,R:PLTRUSDT:2026-05:97,2026-05-19T20:10:00+00:00,2026-05-22T06:10:00+00:00,2026-05-19T20:10:00+00:00,2026-05-19T23:09:59.999000+00:00,2026-05-19T23:10:00+00:00,2026-05-22T06:09:59.999000+00:00,142860,146340,3480,180,3300,3480.0,2026-05,RESEARCH_DEVELOPMENT,LISTING_AFTER_30_DAYS,READY,,0
PLTRUSDT-R-PLTRUSDT-nyse_20260522T200000Z-s3,PLTRUSDT,R,3,PLTRUSDT-nyse_20260522T200000Z,R:PLTRUSDT:2026-05:3,2026-05-22T20:00:00+00:00,2026-05-26T06:00:00+00:00,2026-05-22T20:00:00+00:00,2026-05-22T20:00:00+00:00,,,0,0,0,0,0,4920.0,2026-05,RESEARCH_DEVELOPMENT,LISTING_AFTER_30_DAYS,SKIPPED,NO_MATCHED_RANDOM_WINDOW,0
PLTRUSDT-R-PLTRUSDT-nyse_20260522T200000Z-s10,PLTRUSDT,R,10,PLTRUSDT-nyse_20260522T200000Z,R:PLTRUSDT:2026-05:10,2026-05-11T21:10:00+00:00,2026-05-15T07:10:00+00:00,2026-05-11T21:10:00+00:00,2026-05-12T00:09:59.999000+00:00,2026-05-12T00:10:00+00:00,2026-05-15T07:09:59.999000+00:00,131400,136320,4920,180,4740,4920.0,2026-05,RESEARCH_DEVELOPMENT,LISTING_AFTER_30_DAYS,READY,,0
PLTRUSDT-R-PLTRUSDT-nyse_20260522T200000Z-s17,PLTRUSDT,R,17,PLTRUSDT-nyse_20260522T200000Z,R:PLTRUSDT:2026-05:17,2026-05-22T20:00:00+00:00,2026-05-26T06:00:00+00:00,2026-05-22T20:00:00+00:00,2026-05-22T20:00:00+00:00,,,0,0,0,0,0,4920.0,2026-05,RESEARCH_DEVELOPMENT,LISTING_AFTER_30_DAYS,SKIPPED,NO_MATCHED_RANDOM_WINDOW,0
PLTRUSDT-R-PLTRUSDT-nyse_20260522T200000Z-s31,PLTRUSDT,R,31,PLTRUSDT-nyse_20260522T200000Z,R:PLTRUSDT:2026-05:31,2026-05-04T20:10:00+00:00,2026-05-08T06:10:00+00:00,2026-05-04T20:10:00+00:00,2026-05-04T23:09:59.999000+00:00,2026-05-04T23:10:00+00:00,2026-05-08T06:09:59.999000+00:00,121260,126180,4920,180,4740,4920.0,2026-05,RESEARCH_DEVELOPMENT,LISTING_AFTER_30_DAYS,READY,,0
PLTRUSDT-R-PLTRUSDT-nyse_20260522T200000Z-s59,PLTRUSDT,R,59,PLTRUSDT-nyse_20260522T200000Z,R:PLTRUSDT:2026-05:59,2026-05-18T20:10:00+00:00,2026-05-22T06:10:00+00:00,2026-05-18T20:10:00+00:00,2026-05-18T23:09:59.999000+00:00,2026-05-18T23:10:00+00:00,2026-05-22T06:09:59.999000+00:00,141420,146340,4920,180,4740,4920.0,2026-05,RESEARCH_DEVELOPMENT,LISTING_AFTER_30_DAYS,READY,,0
PLTRUSDT-R-PLTRUSDT-nyse_20260522T200000Z-s97,PLTRUSDT,R,97,PLTRUSDT-nyse_20260522T200000Z,R:PLTRUSDT:2026-05:97,2026-05-22T20:00:00+00:00,2026-05-26T06:00:00+00:00,2026-05-22T20:00:00+00:00,2026-05-22T20:00:00+00:00,,,0,0,0,0,0,4920.0,2026-05,RESEARCH_DEVELOPMENT,LISTING_AFTER_30_DAYS,SKIPPED,NO_MATCHED_RANDOM_WINDOW,0
PLTRUSDT-R-PLTRUSDT-nyse_20260529T200000Z-s3,PLTRUSDT,R,3,PLTRUSDT-nyse_20260529T200000Z,R:PLTRUSDT:2026-05:3,2026-05-26T20:10:00+00:00,2026-05-29T06:10:00+00:00,2026-05-26T20:10:00+00:00,2026-05-26T23:09:59.999000+00:00,2026-05-26T23:10:00+00:00,2026-05-29T06:09:59.999000+00:00,152940,156420,3480,180,3300,3480.0,2026-05,RESEARCH_DEVELOPMENT,LISTING_AFTER_30_DAYS,READY,,0
PLTRUSDT-R-PLTRUSDT-nyse_20260529T200000Z-s10,PLTRUSDT,R,10,PLTRUSDT-nyse_20260529T200000Z,R:PLTRUSDT:2026-05:10,2026-05-29T20:00:00+00:00,2026-06-01T06:00:00+00:00,2026-05-29T20:00:00+00:00,2026-05-29T20:00:00+00:00,,,0,0,0,0,0,3480.0,2026-05,RESEARCH_DEVELOPMENT,LISTING_AFTER_30_DAYS,SKIPPED,NO_MATCHED_RANDOM_WINDOW,0
PLTRUSDT-R-PLTRUSDT-nyse_20260529T200000Z-s17,PLTRUSDT,R,17,PLTRUSDT-nyse_20260529T200000Z,R:PLTRUSDT:2026-05:17,2026-05-26T21:10:00+00:00,2026-05-29T07:10:00+00:00,2026-05-26T21:10:00+00:00,2026-05-27T00:09:59.999000+00:00,2026-05-27T00:10:00+00:00,2026-05-29T07:09:59.999000+00:00,153000,156480,3480,180,3300,3480.0,2026-05,RESEARCH_DEVELOPMENT,LISTING_AFTER_30_DAYS,READY,,0
PLTRUSDT-R-PLTRUSDT-nyse_20260529T200000Z-s31,PLTRUSDT,R,31,PLTRUSDT-nyse_20260529T200000Z,R:PLTRUSDT:2026-05:31,2026-05-29T20:00:00+00:00,2026-06-01T06:00:00+00:00,2026-05-29T20:00:00+00:00,2026-05-29T20:00:00+00:00,,,0,0,0,0,0,3480.0,2026-05,RESEARCH_DEVELOPMENT,LISTING_AFTER_30_DAYS,SKIPPED,NO_MATCHED_RANDOM_WINDOW,0
PLTRUSDT-R-PLTRUSDT-nyse_20260529T200000Z-s59,PLTRUSDT,R,59,PLTRUSDT-nyse_20260529T200000Z,R:PLTRUSDT:2026-05:59,2026-05-29T20:00:00+00:00,2026-06-01T06:00:00+00:00,2026-05-29T20:00:00+00:00,2026-05-29T20:00:00+00:00,,,0,0,0,0,0,3480.0,2026-05,RESEARCH_DEVELOPMENT,LISTING_AFTER_30_DAYS,SKIPPED,NO_MATCHED_RANDOM_WINDOW,0
PLTRUSDT-R-PLTRUSDT-nyse_20260529T200000Z-s97,PLTRUSDT,R,97,PLTRUSDT-nyse_20260529T200000Z,R:PLTRUSDT:2026-05:97,2026-05-26T21:10:00+00:00,2026-05-29T07:10:00+00:00,2026-05-26T21:10:00+00:00,2026-05-27T00:09:59.999000+00:00,2026-05-27T00:10:00+00:00,2026-05-29T07:09:59.999000+00:00,153000,156480,3480,180,3300,3480.0,2026-05,RESEARCH_DEVELOPMENT,LISTING_AFTER_30_DAYS,READY,,0
PLTRUSDT-R-PLTRUSDT-nyse_20260605T200000Z-s3,PLTRUSDT,R,3,PLTRUSDT-nyse_20260605T200000Z,R:PLTRUSDT:2026-06:3,2026-06-08T20:10:00+00:00,2026-06-11T06:10:00+00:00,2026-06-08T20:10:00+00:00,2026-06-08T23:09:59.999000+00:00,2026-06-08T23:10:00+00:00,2026-06-11T06:09:59.999000+00:00,171660,175140,3480,180,3300,3480.0,2026-06,SEALED_SHORT_OOS,LISTING_AFTER_30_DAYS,READY,,0
PLTRUSDT-R-PLTRUSDT-nyse_20260605T200000Z-s10,PLTRUSDT,R,10,PLTRUSDT-nyse_20260605T200000Z,R:PLTRUSDT:2026-06:10,2026-06-23T20:10:00+00:00,2026-06-26T06:10:00+00:00,2026-06-23T20:10:00+00:00,2026-06-23T23:09:59.999000+00:00,2026-06-23T23:10:00+00:00,2026-06-26T06:09:59.999000+00:00,193260,196740,3480,180,3300,3480.0,2026-06,SEALED_SHORT_OOS,LISTING_AFTER_30_DAYS,READY,,0
PLTRUSDT-R-PLTRUSDT-nyse_20260605T200000Z-s17,PLTRUSDT,R,17,PLTRUSDT-nyse_20260605T200000Z,R:PLTRUSDT:2026-06:17,2026-06-09T19:10:00+00:00,2026-06-12T05:10:00+00:00,2026-06-09T19:10:00+00:00,2026-06-09T22:09:59.999000+00:00,2026-06-09T22:10:00+00:00,2026-06-12T05:09:59.999000+00:00,173040,176520,3480,180,3300,3480.0,2026-06,SEALED_SHORT_OOS,LISTING_AFTER_30_DAYS,READY,,0
PLTRUSDT-R-PLTRUSDT-nyse_20260605T200000Z-s31,PLTRUSDT,R,31,PLTRUSDT-nyse_20260605T200000Z,R:PLTRUSDT:2026-06:31,2026-06-22T21:10:00+00:00,2026-06-25T07:10:00+00:00,2026-06-22T21:10:00+00:00,2026-06-23T00:09:59.999000+00:00,2026-06-23T00:10:00+00:00,2026-06-25T07:09:59.999000+00:00,191880,195360,3480,180,3300,3480.0,2026-06,SEALED_SHORT_OOS,LISTING_AFTER_30_DAYS,READY,,0
PLTRUSDT-R-PLTRUSDT-nyse_20260605T200000Z-s59,PLTRUSDT,R,59,PLTRUSDT-nyse_20260605T200000Z,R:PLTRUSDT:2026-06:59,2026-06-15T21:10:00+00:00,2026-06-18T07:10:00+00:00,2026-06-15T21:10:00+00:00,2026-06-16T00:09:59.999000+00:00,2026-06-16T00:10:00+00:00,2026-06-18T07:09:59.999000+00:00,181800,185280,3480,180,3300,3480.0,2026-06,SEALED_SHORT_OOS,LISTING_AFTER_30_DAYS,READY,,0
PLTRUSDT-R-PLTRUSDT-nyse_20260605T200000Z-s97,PLTRUSDT,R,97,PLTRUSDT-nyse_20260605T200000Z,R:PLTRUSDT:2026-06:97,2026-06-08T19:10:00+00:00,2026-06-11T05:10:00+00:00,2026-06-08T19:10:00+00:00,2026-06-08T22:09:59.999000+00:00,2026-06-08T22:10:00+00:00,2026-06-11T05:09:59.999000+00:00,171600,175080,3480,180,3300,3480.0,2026-06,SEALED_SHORT_OOS,LISTING_AFTER_30_DAYS,READY,,0
PLTRUSDT-R-PLTRUSDT-nyse_20260612T200000Z-s3,PLTRUSDT,R,3,PLTRUSDT-nyse_20260612T200000Z,R:PLTRUSDT:2026-06:3,2026-06-15T21:10:00+00:00,2026-06-18T07:10:00+00:00,2026-06-15T21:10:00+00:00,2026-06-16T00:09:59.999000+00:00,2026-06-16T00:10:00+00:00,2026-06-18T07:09:59.999000+00:00,181800,185280,3480,180,3300,3480.0,2026-06,SEALED_SHORT_OOS,LISTING_AFTER_30_DAYS,READY,,0
PLTRUSDT-R-PLTRUSDT-nyse_20260612T200000Z-s10,PLTRUSDT,R,10,PLTRUSDT-nyse_20260612T200000Z,R:PLTRUSDT:2026-06:10,2026-06-09T20:10:00+00:00,2026-06-12T06:10:00+00:00,2026-06-09T20:10:00+00:00,2026-06-09T23:09:59.999000+00:00,2026-06-09T23:10:00+00:00,2026-06-12T06:09:59.999000+00:00,173100,176580,3480,180,3300,3480.0,2026-06,SEALED_SHORT_OOS,LISTING_AFTER_30_DAYS,READY,,0
PLTRUSDT-R-PLTRUSDT-nyse_20260612T200000Z-s17,PLTRUSDT,R,17,PLTRUSDT-nyse_20260612T200000Z,R:PLTRUSDT:2026-06:17,2026-06-02T20:10:00+00:00,2026-06-05T06:10:00+00:00,2026-06-02T20:10:00+00:00,2026-06-02T23:09:59.999000+00:00,2026-06-02T23:10:00+00:00,2026-06-05T06:09:59.999000+00:00,163020,166500,3480,180,3300,3480.0,2026-06,SEALED_SHORT_OOS,LISTING_AFTER_30_DAYS,READY,,0
PLTRUSDT-R-PLTRUSDT-nyse_20260612T200000Z-s31,PLTRUSDT,R,31,PLTRUSDT-nyse_20260612T200000Z,R:PLTRUSDT:2026-06:31,2026-06-01T19:10:00+00:00,2026-06-04T05:10:00+00:00,2026-06-01T19:10:00+00:00,2026-06-01T22:09:59.999000+00:00,2026-06-01T22:10:00+00:00,2026-06-04T05:09:59.999000+00:00,161520,165000,3480,180,3300,3480.0,2026-06,SEALED_SHORT_OOS,LISTING_AFTER_30_DAYS,READY,,0
PLTRUSDT-R-PLTRUSDT-nyse_20260612T200000Z-s59,PLTRUSDT,R,59,PLTRUSDT-nyse_20260612T200000Z,R:PLTRUSDT:2026-06:59,2026-06-08T21:10:00+00:00,2026-06-11T07:10:00+00:00,2026-06-08T21:10:00+00:00,2026-06-09T00:09:59.999000+00:00,2026-06-09T00:10:00+00:00,2026-06-11T07:09:59.999000+00:00,171720,175200,3480,180,3300,3480.0,2026-06,SEALED_SHORT_OOS,LISTING_AFTER_30_DAYS,READY,,0
PLTRUSDT-R-PLTRUSDT-nyse_20260612T200000Z-s97,PLTRUSDT,R,97,PLTRUSDT-nyse_20260612T200000Z,R:PLTRUSDT:2026-06:97,2026-06-29T20:10:00+00:00,2026-07-02T06:10:00+00:00,2026-06-29T20:10:00+00:00,2026-06-29T23:09:59.999000+00:00,2026-06-29T23:10:00+00:00,2026-07-02T06:09:59.999000+00:00,201900,205380,3480,180,3300,3480.0,2026-06,SEALED_SHORT_OOS,LISTING_AFTER_30_DAYS,READY,,0
PLTRUSDT-R-PLTRUSDT-nyse_20260618T200000Z-s3,PLTRUSDT,R,3,PLTRUSDT-nyse_20260618T200000Z,R:PLTRUSDT:2026-06:3,2026-06-01T19:10:00+00:00,2026-06-05T05:10:00+00:00,2026-06-01T19:10:00+00:00,2026-06-01T22:09:59.999000+00:00,2026-06-01T22:10:00+00:00,2026-06-05T05:09:59.999000+00:00,161520,166440,4920,180,4740,4920.0,2026-06,SEALED_SHORT_OOS,LISTING_AFTER_30_DAYS,READY,,0
PLTRUSDT-R-PLTRUSDT-nyse_20260618T200000Z-s10,PLTRUSDT,R,10,PLTRUSDT-nyse_20260618T200000Z,R:PLTRUSDT:2026-06:10,2026-06-01T19:10:00+00:00,2026-06-05T05:10:00+00:00,2026-06-01T19:10:00+00:00,2026-06-01T22:09:59.999000+00:00,2026-06-01T22:10:00+00:00,2026-06-05T05:09:59.999000+00:00,161520,166440,4920,180,4740,4920.0,2026-06,SEALED_SHORT_OOS,LISTING_AFTER_30_DAYS,READY,,0
PLTRUSDT-R-PLTRUSDT-nyse_20260618T200000Z-s17,PLTRUSDT,R,17,PLTRUSDT-nyse_20260618T200000Z,R:PLTRUSDT:2026-06:17,2026-06-22T19:10:00+00:00,2026-06-26T05:10:00+00:00,2026-06-22T19:10:00+00:00,2026-06-22T22:09:59.999000+00:00,2026-06-22T22:10:00+00:00,2026-06-26T05:09:59.999000+00:00,191760,196680,4920,180,4740,4920.0,2026-06,SEALED_SHORT_OOS,LISTING_AFTER_30_DAYS,READY,,0
PLTRUSDT-R-PLTRUSDT-nyse_20260618T200000Z-s31,PLTRUSDT,R,31,PLTRUSDT-nyse_20260618T200000Z,R:PLTRUSDT:2026-06:31,2026-06-08T20:10:00+00:00,2026-06-12T06:10:00+00:00,2026-06-08T20:10:00+00:00,2026-06-08T23:09:59.999000+00:00,2026-06-08T23:10:00+00:00,2026-06-12T06:09:59.999000+00:00,171660,176580,4920,180,4740,4920.0,2026-06,SEALED_SHORT_OOS,LISTING_AFTER_30_DAYS,READY,,0
PLTRUSDT-R-PLTRUSDT-nyse_20260618T200000Z-s59,PLTRUSDT,R,59,PLTRUSDT-nyse_20260618T200000Z,R:PLTRUSDT:2026-06:59,2026-06-22T20:10:00+00:00,2026-06-26T06:10:00+00:00,2026-06-22T20:10:00+00:00,2026-06-22T23:09:59.999000+00:00,2026-06-22T23:10:00+00:00,2026-06-26T06:09:59.999000+00:00,191820,196740,4920,180,4740,4920.0,2026-06,SEALED_SHORT_OOS,LISTING_AFTER_30_DAYS,READY,,0
PLTRUSDT-R-PLTRUSDT-nyse_20260618T200000Z-s97,PLTRUSDT,R,97,PLTRUSDT-nyse_20260618T200000Z,R:PLTRUSDT:2026-06:97,2026-06-22T21:10:00+00:00,2026-06-26T07:10:00+00:00,2026-06-22T21:10:00+00:00,2026-06-23T00:09:59.999000+00:00,2026-06-23T00:10:00+00:00,2026-06-26T07:09:59.999000+00:00,191880,196800,4920,180,4740,4920.0,2026-06,SEALED_SHORT_OOS,LISTING_AFTER_30_DAYS,READY,,0
PLTRUSDT-R-PLTRUSDT-nyse_20260626T200000Z-s3,PLTRUSDT,R,3,PLTRUSDT-nyse_20260626T200000Z,R:PLTRUSDT:2026-06:3,2026-06-23T21:10:00+00:00,2026-06-26T07:10:00+00:00,2026-06-23T21:10:00+00:00,2026-06-24T00:09:59.999000+00:00,2026-06-24T00:10:00+00:00,2026-06-26T07:09:59.999000+00:00,193320,196800,3480,180,3300,3480.0,2026-06,SEALED_SHORT_OOS,LISTING_AFTER_30_DAYS,READY,,0
PLTRUSDT-R-PLTRUSDT-nyse_20260626T200000Z-s10,PLTRUSDT,R,10,PLTRUSDT-nyse_20260626T200000Z,R:PLTRUSDT:2026-06:10,2026-06-29T21:10:00+00:00,2026-07-02T07:10:00+00:00,2026-06-29T21:10:00+00:00,2026-06-30T00:09:59.999000+00:00,2026-06-30T00:10:00+00:00,2026-07-02T07:09:59.999000+00:00,201960,205440,3480,180,3300,3480.0,2026-06,SEALED_SHORT_OOS,LISTING_AFTER_30_DAYS,READY,,0
PLTRUSDT-R-PLTRUSDT-nyse_20260626T200000Z-s17,PLTRUSDT,R,17,PLTRUSDT-nyse_20260626T200000Z,R:PLTRUSDT:2026-06:17,2026-06-29T20:10:00+00:00,2026-07-02T06:10:00+00:00,2026-06-29T20:10:00+00:00,2026-06-29T23:09:59.999000+00:00,2026-06-29T23:10:00+00:00,2026-07-02T06:09:59.999000+00:00,201900,205380,3480,180,3300,3480.0,2026-06,SEALED_SHORT_OOS,LISTING_AFTER_30_DAYS,READY,,0
PLTRUSDT-R-PLTRUSDT-nyse_20260626T200000Z-s31,PLTRUSDT,R,31,PLTRUSDT-nyse_20260626T200000Z,R:PLTRUSDT:2026-06:31,2026-06-29T21:10:00+00:00,2026-07-02T07:10:00+00:00,2026-06-29T21:10:00+00:00,2026-06-30T00:09:59.999000+00:00,2026-06-30T00:10:00+00:00,2026-07-02T07:09:59.999000+00:00,201960,205440,3480,180,3300,3480.0,2026-06,SEALED_SHORT_OOS,LISTING_AFTER_30_DAYS,READY,,0
PLTRUSDT-R-PLTRUSDT-nyse_20260626T200000Z-s59,PLTRUSDT,R,59,PLTRUSDT-nyse_20260626T200000Z,R:PLTRUSDT:2026-06:59,2026-06-02T19:10:00+00:00,2026-06-05T05:10:00+00:00,2026-06-02T19:10:00+00:00,2026-06-02T22:09:59.999000+00:00,2026-06-02T22:10:00+00:00,2026-06-05T05:09:59.999000+00:00,162960,166440,3480,180,3300,3480.0,2026-06,SEALED_SHORT_OOS,LISTING_AFTER_30_DAYS,READY,,0
PLTRUSDT-R-PLTRUSDT-nyse_20260626T200000Z-s97,PLTRUSDT,R,97,PLTRUSDT-nyse_20260626T200000Z,R:PLTRUSDT:2026-06:97,2026-06-15T21:10:00+00:00,2026-06-18T07:10:00+00:00,2026-06-15T21:10:00+00:00,2026-06-16T00:09:59.999000+00:00,2026-06-16T00:10:00+00:00,2026-06-18T07:09:59.999000+00:00,181800,185280,3480,180,3300,3480.0,2026-06,SEALED_SHORT_OOS,LISTING_AFTER_30_DAYS,READY,,0
PLTRUSDT-R-PLTRUSDT-nyse_20260702T200000Z-s3,PLTRUSDT,R,3,PLTRUSDT-nyse_20260702T200000Z,R:PLTRUSDT:2026-07:3,2026-07-13T19:10:00+00:00,2026-07-17T05:10:00+00:00,2026-07-13T19:10:00+00:00,2026-07-13T22:09:59.999000+00:00,2026-07-13T22:10:00+00:00,2026-07-17T05:09:59.999000+00:00,222000,226920,4920,180,4740,4920.0,2026-07,DESCRIPTIVE_ONLY,LISTING_AFTER_30_DAYS,READY,,0
PLTRUSDT-R-PLTRUSDT-nyse_20260702T200000Z-s10,PLTRUSDT,R,10,PLTRUSDT-nyse_20260702T200000Z,R:PLTRUSDT:2026-07:10,2026-07-06T20:10:00+00:00,2026-07-10T06:10:00+00:00,2026-07-06T20:10:00+00:00,2026-07-06T23:09:59.999000+00:00,2026-07-06T23:10:00+00:00,2026-07-10T06:09:59.999000+00:00,211980,216900,4920,180,4740,4920.0,2026-07,DESCRIPTIVE_ONLY,LISTING_AFTER_30_DAYS,READY,,0
PLTRUSDT-R-PLTRUSDT-nyse_20260702T200000Z-s17,PLTRUSDT,R,17,PLTRUSDT-nyse_20260702T200000Z,R:PLTRUSDT:2026-07:17,2026-07-13T19:10:00+00:00,2026-07-17T05:10:00+00:00,2026-07-13T19:10:00+00:00,2026-07-13T22:09:59.999000+00:00,2026-07-13T22:10:00+00:00,2026-07-17T05:09:59.999000+00:00,222000,226920,4920,180,4740,4920.0,2026-07,DESCRIPTIVE_ONLY,LISTING_AFTER_30_DAYS,READY,,0
PLTRUSDT-R-PLTRUSDT-nyse_20260702T200000Z-s31,PLTRUSDT,R,31,PLTRUSDT-nyse_20260702T200000Z,R:PLTRUSDT:2026-07:31,2026-07-06T19:10:00+00:00,2026-07-10T05:10:00+00:00,2026-07-06T19:10:00+00:00,2026-07-06T22:09:59.999000+00:00,2026-07-06T22:10:00+00:00,2026-07-10T05:09:59.999000+00:00,211920,216840,4920,180,4740,4920.0,2026-07,DESCRIPTIVE_ONLY,LISTING_AFTER_30_DAYS,READY,,0
PLTRUSDT-R-PLTRUSDT-nyse_20260702T200000Z-s59,PLTRUSDT,R,59,PLTRUSDT-nyse_20260702T200000Z,R:PLTRUSDT:2026-07:59,2026-07-06T20:10:00+00:00,2026-07-10T06:10:00+00:00,2026-07-06T20:10:00+00:00,2026-07-06T23:09:59.999000+00:00,2026-07-06T23:10:00+00:00,2026-07-10T06:09:59.999000+00:00,211980,216900,4920,180,4740,4920.0,2026-07,DESCRIPTIVE_ONLY,LISTING_AFTER_30_DAYS,READY,,0
PLTRUSDT-R-PLTRUSDT-nyse_20260702T200000Z-s97,PLTRUSDT,R,97,PLTRUSDT-nyse_20260702T200000Z,R:PLTRUSDT:2026-07:97,2026-07-13T21:10:00+00:00,2026-07-17T07:10:00+00:00,2026-07-13T21:10:00+00:00,2026-07-14T00:09:59.999000+00:00,2026-07-14T00:10:00+00:00,2026-07-17T07:09:59.999000+00:00,222120,227040,4920,180,4740,4920.0,2026-07,DESCRIPTIVE_ONLY,LISTING_AFTER_30_DAYS,READY,,0
PLTRUSDT-R-PLTRUSDT-nyse_20260710T200000Z-s3,PLTRUSDT,R,3,PLTRUSDT-nyse_20260710T200000Z,R:PLTRUSDT:2026-07:3,2026-07-06T21:10:00+00:00,2026-07-09T07:10:00+00:00,2026-07-06T21:10:00+00:00,2026-07-07T00:09:59.999000+00:00,2026-07-07T00:10:00+00:00,2026-07-09T07:09:59.999000+00:00,212040,215520,3480,180,3300,3480.0,2026-07,DESCRIPTIVE_ONLY,LISTING_AFTER_30_DAYS,READY,,0
PLTRUSDT-R-PLTRUSDT-nyse_20260710T200000Z-s10,PLTRUSDT,R,10,PLTRUSDT-nyse_20260710T200000Z,R:PLTRUSDT:2026-07:10,2026-07-14T20:10:00+00:00,2026-07-17T06:10:00+00:00,2026-07-14T20:10:00+00:00,2026-07-14T23:09:59.999000+00:00,2026-07-14T23:10:00+00:00,2026-07-17T06:09:59.999000+00:00,223500,226980,3480,180,3300,3480.0,2026-07,DESCRIPTIVE_ONLY,LISTING_AFTER_30_DAYS,READY,,0
PLTRUSDT-R-PLTRUSDT-nyse_20260710T200000Z-s17,PLTRUSDT,R,17,PLTRUSDT-nyse_20260710T200000Z,R:PLTRUSDT:2026-07:17,2026-07-20T21:10:00+00:00,2026-07-23T07:10:00+00:00,2026-07-20T21:10:00+00:00,2026-07-21T00:09:59.999000+00:00,2026-07-21T00:10:00+00:00,2026-07-23T07:09:59.999000+00:00,232200,235680,3480,180,3300,3480.0,2026-07,DESCRIPTIVE_ONLY,LISTING_AFTER_30_DAYS,READY,,0
PLTRUSDT-R-PLTRUSDT-nyse_20260710T200000Z-s31,PLTRUSDT,R,31,PLTRUSDT-nyse_20260710T200000Z,R:PLTRUSDT:2026-07:31,2026-07-13T19:10:00+00:00,2026-07-16T05:10:00+00:00,2026-07-13T19:10:00+00:00,2026-07-13T22:09:59.999000+00:00,2026-07-13T22:10:00+00:00,2026-07-16T05:09:59.999000+00:00,222000,225480,3480,180,3300,3480.0,2026-07,DESCRIPTIVE_ONLY,LISTING_AFTER_30_DAYS,READY,,0
PLTRUSDT-R-PLTRUSDT-nyse_20260710T200000Z-s59,PLTRUSDT,R,59,PLTRUSDT-nyse_20260710T200000Z,R:PLTRUSDT:2026-07:59,2026-07-20T21:10:00+00:00,2026-07-23T07:10:00+00:00,2026-07-20T21:10:00+00:00,2026-07-21T00:09:59.999000+00:00,2026-07-21T00:10:00+00:00,2026-07-23T07:09:59.999000+00:00,232200,235680,3480,180,3300,3480.0,2026-07,DESCRIPTIVE_ONLY,LISTING_AFTER_30_DAYS,READY,,0
PLTRUSDT-R-PLTRUSDT-nyse_20260710T200000Z-s97,PLTRUSDT,R,97,PLTRUSDT-nyse_20260710T200000Z,R:PLTRUSDT:2026-07:97,2026-07-20T19:10:00+00:00,2026-07-23T05:10:00+00:00,2026-07-20T19:10:00+00:00,2026-07-20T22:09:59.999000+00:00,2026-07-20T22:10:00+00:00,2026-07-23T05:09:59.999000+00:00,232080,235560,3480,180,3300,3480.0,2026-07,DESCRIPTIVE_ONLY,LISTING_AFTER_30_DAYS,READY,,0
PLTRUSDT-R-PLTRUSDT-nyse_20260717T200000Z-s3,PLTRUSDT,R,3,PLTRUSDT-nyse_20260717T200000Z,R:PLTRUSDT:2026-07:3,2026-07-20T21:10:00+00:00,2026-07-23T07:10:00+00:00,2026-07-20T21:10:00+00:00,2026-07-21T00:09:59.999000+00:00,2026-07-21T00:10:00+00:00,2026-07-23T07:09:59.999000+00:00,232200,235680,3480,180,3300,3480.0,2026-07,DESCRIPTIVE_ONLY,LISTING_AFTER_30_DAYS,READY,,0
PLTRUSDT-R-PLTRUSDT-nyse_20260717T200000Z-s10,PLTRUSDT,R,10,PLTRUSDT-nyse_20260717T200000Z,R:PLTRUSDT:2026-07:10,2026-07-20T19:10:00+00:00,2026-07-23T05:10:00+00:00,2026-07-20T19:10:00+00:00,2026-07-20T22:09:59.999000+00:00,2026-07-20T22:10:00+00:00,2026-07-23T05:09:59.999000+00:00,232080,235560,3480,180,3300,3480.0,2026-07,DESCRIPTIVE_ONLY,LISTING_AFTER_30_DAYS,READY,,0
PLTRUSDT-R-PLTRUSDT-nyse_20260717T200000Z-s17,PLTRUSDT,R,17,PLTRUSDT-nyse_20260717T200000Z,R:PLTRUSDT:2026-07:17,2026-07-07T21:10:00+00:00,2026-07-10T07:10:00+00:00,2026-07-07T21:10:00+00:00,2026-07-08T00:09:59.999000+00:00,2026-07-08T00:10:00+00:00,2026-07-10T07:09:59.999000+00:00,213480,216960,3480,180,3300,3480.0,2026-07,DESCRIPTIVE_ONLY,LISTING_AFTER_30_DAYS,READY,,0
PLTRUSDT-R-PLTRUSDT-nyse_20260717T200000Z-s31,PLTRUSDT,R,31,PLTRUSDT-nyse_20260717T200000Z,R:PLTRUSDT:2026-07:31,2026-07-20T21:10:00+00:00,2026-07-23T07:10:00+00:00,2026-07-20T21:10:00+00:00,2026-07-21T00:09:59.999000+00:00,2026-07-21T00:10:00+00:00,2026-07-23T07:09:59.999000+00:00,232200,235680,3480,180,3300,3480.0,2026-07,DESCRIPTIVE_ONLY,LISTING_AFTER_30_DAYS,READY,,0
PLTRUSDT-R-PLTRUSDT-nyse_20260717T200000Z-s59,PLTRUSDT,R,59,PLTRUSDT-nyse_20260717T200000Z,R:PLTRUSDT:2026-07:59,2026-07-14T20:10:00+00:00,2026-07-17T06:10:00+00:00,2026-07-14T20:10:00+00:00,2026-07-14T23:09:59.999000+00:00,2026-07-14T23:10:00+00:00,2026-07-17T06:09:59.999000+00:00,223500,226980,3480,180,3300,3480.0,2026-07,DESCRIPTIVE_ONLY,LISTING_AFTER_30_DAYS,READY,,0
PLTRUSDT-R-PLTRUSDT-nyse_20260717T200000Z-s97,PLTRUSDT,R,97,PLTRUSDT-nyse_20260717T200000Z,R:PLTRUSDT:2026-07:97,2026-07-07T19:10:00+00:00,2026-07-10T05:10:00+00:00,2026-07-07T19:10:00+00:00,2026-07-07T22:09:59.999000+00:00,2026-07-07T22:10:00+00:00,2026-07-10T05:09:59.999000+00:00,213360,216840,3480,180,3300,3480.0,2026-07,DESCRIPTIVE_ONLY,LISTING_AFTER_30_DAYS,READY,,0
TSLAUSDT-nyse_20260130T210000Z,TSLAUSDT,W,,,NYSE:2026-01-30T21:00:00+00:00:2026-02-02T07:00:00+00:00,2026-01-30T21:00:00+00:00,2026-02-02T07:00:00+00:00,2026-01-30T21:00:00+00:00,2026-01-30T23:59:59.999000+00:00,2026-01-31T00:00:00+00:00,2026-02-02T06:59:59.999000+00:00,3270,6750,3480,180,3300,3480.0,2026-01,DESCRIPTIVE_ONLY,LISTING_DAYS_1_14,READY,,0
TSLAUSDT-nyse_20260206T210000Z,TSLAUSDT,W,,,NYSE:2026-02-06T21:00:00+00:00:2026-02-09T07:00:00+00:00,2026-02-06T21:00:00+00:00,2026-02-09T07:00:00+00:00,2026-02-06T21:00:00+00:00,2026-02-06T23:59:59.999000+00:00,2026-02-07T00:00:00+00:00,2026-02-09T06:59:59.999000+00:00,13350,16830,3480,180,3300,3480.0,2026-02,RESEARCH_DEVELOPMENT,LISTING_DAYS_1_14,READY,,0
TSLAUSDT-nyse_20260213T210000Z,TSLAUSDT,W,,,NYSE:2026-02-13T21:00:00+00:00:2026-02-17T07:00:00+00:00,2026-02-13T21:00:00+00:00,2026-02-17T07:00:00+00:00,2026-02-13T21:00:00+00:00,2026-02-13T23:59:59.999000+00:00,2026-02-14T00:00:00+00:00,2026-02-17T06:59:59.999000+00:00,23430,28350,4920,180,4740,4920.0,2026-02,RESEARCH_DEVELOPMENT,LISTING_DAYS_15_30,READY,,0
TSLAUSDT-nyse_20260220T210000Z,TSLAUSDT,W,,,NYSE:2026-02-20T21:00:00+00:00:2026-02-23T07:00:00+00:00,2026-02-20T21:00:00+00:00,2026-02-23T07:00:00+00:00,2026-02-20T21:00:00+00:00,2026-02-20T23:59:59.999000+00:00,2026-02-21T00:00:00+00:00,2026-02-23T06:59:59.999000+00:00,33510,36990,3480,180,3300,3480.0,2026-02,RESEARCH_DEVELOPMENT,LISTING_DAYS_15_30,READY,,0
TSLAUSDT-nyse_20260227T210000Z,TSLAUSDT,W,,,NYSE:2026-02-27T21:00:00+00:00:2026-03-02T07:00:00+00:00,2026-02-27T21:00:00+00:00,2026-03-02T07:00:00+00:00,2026-02-27T21:00:00+00:00,2026-02-27T23:59:59.999000+00:00,2026-02-28T00:00:00+00:00,2026-03-02T06:59:59.999000+00:00,43590,47070,3480,180,3300,3480.0,2026-02,RESEARCH_DEVELOPMENT,LISTING_AFTER_30_DAYS,READY,,0
TSLAUSDT-nyse_20260306T210000Z,TSLAUSDT,W,,,NYSE:2026-03-06T21:00:00+00:00:2026-03-09T06:00:00+00:00,2026-03-06T21:00:00+00:00,2026-03-09T06:00:00+00:00,2026-03-06T21:00:00+00:00,2026-03-06T23:59:59.999000+00:00,2026-03-07T00:00:00+00:00,2026-03-09T05:59:59.999000+00:00,53670,57090,3420,180,3240,3420.0,2026-03,RESEARCH_DEVELOPMENT,LISTING_AFTER_30_DAYS,READY,,0
TSLAUSDT-nyse_20260313T200000Z,TSLAUSDT,W,,,NYSE:2026-03-13T20:00:00+00:00:2026-03-16T06:00:00+00:00,2026-03-13T20:00:00+00:00,2026-03-16T06:00:00+00:00,2026-03-13T20:00:00+00:00,2026-03-13T22:59:59.999000+00:00,2026-03-13T23:00:00+00:00,2026-03-16T05:59:59.999000+00:00,63690,67170,3480,180,3300,3480.0,2026-03,RESEARCH_DEVELOPMENT,LISTING_AFTER_30_DAYS,READY,,0
TSLAUSDT-nyse_20260320T200000Z,TSLAUSDT,W,,,NYSE:2026-03-20T20:00:00+00:00:2026-03-23T06:00:00+00:00,2026-03-20T20:00:00+00:00,2026-03-23T06:00:00+00:00,2026-03-20T20:00:00+00:00,2026-03-20T22:59:59.999000+00:00,2026-03-20T23:00:00+00:00,2026-03-23T05:59:59.999000+00:00,73770,77250,3480,180,3300,3480.0,2026-03,RESEARCH_DEVELOPMENT,LISTING_AFTER_30_DAYS,READY,,0
TSLAUSDT-nyse_20260327T200000Z,TSLAUSDT,W,,,NYSE:2026-03-27T20:00:00+00:00:2026-03-30T06:00:00+00:00,2026-03-27T20:00:00+00:00,2026-03-30T06:00:00+00:00,2026-03-27T20:00:00+00:00,2026-03-27T22:59:59.999000+00:00,2026-03-27T23:00:00+00:00,2026-03-30T05:59:59.999000+00:00,83850,87330,3480,180,3300,3480.0,2026-03,RESEARCH_DEVELOPMENT,LISTING_AFTER_30_DAYS,READY,,0
TSLAUSDT-nyse_20260402T200000Z,TSLAUSDT,W,,,NYSE:2026-04-02T20:00:00+00:00:2026-04-06T06:00:00+00:00,2026-04-02T20:00:00+00:00,2026-04-06T06:00:00+00:00,2026-04-02T20:00:00+00:00,2026-04-02T22:59:59.999000+00:00,2026-04-02T23:00:00+00:00,2026-04-06T05:59:59.999000+00:00,92490,97410,4920,180,4740,4920.0,2026-04,RESEARCH_DEVELOPMENT,LISTING_AFTER_30_DAYS,READY,,0
TSLAUSDT-nyse_20260410T200000Z,TSLAUSDT,W,,,NYSE:2026-04-10T20:00:00+00:00:2026-04-13T06:00:00+00:00,2026-04-10T20:00:00+00:00,2026-04-13T06:00:00+00:00,2026-04-10T20:00:00+00:00,2026-04-10T22:59:59.999000+00:00,2026-04-10T23:00:00+00:00,2026-04-13T05:59:59.999000+00:00,104010,107490,3480,180,3300,3480.0,2026-04,RESEARCH_DEVELOPMENT,LISTING_AFTER_30_DAYS,READY,,0
TSLAUSDT-nyse_20260417T200000Z,TSLAUSDT,W,,,NYSE:2026-04-17T20:00:00+00:00:2026-04-20T06:00:00+00:00,2026-04-17T20:00:00+00:00,2026-04-20T06:00:00+00:00,2026-04-17T20:00:00+00:00,2026-04-17T22:59:59.999000+00:00,2026-04-17T23:00:00+00:00,2026-04-20T05:59:59.999000+00:00,114090,117570,3480,180,3300,3480.0,2026-04,RESEARCH_DEVELOPMENT,LISTING_AFTER_30_DAYS,READY,,0
TSLAUSDT-nyse_20260424T200000Z,TSLAUSDT,W,,,NYSE:2026-04-24T20:00:00+00:00:2026-04-27T06:00:00+00:00,2026-04-24T20:00:00+00:00,2026-04-27T06:00:00+00:00,2026-04-24T20:00:00+00:00,2026-04-24T22:59:59.999000+00:00,2026-04-24T23:00:00+00:00,2026-04-27T05:59:59.999000+00:00,124170,127650,3480,180,3300,3480.0,2026-04,RESEARCH_DEVELOPMENT,LISTING_AFTER_30_DAYS,READY,,0
TSLAUSDT-nyse_20260501T200000Z,TSLAUSDT,W,,,NYSE:2026-05-01T20:00:00+00:00:2026-05-04T06:00:00+00:00,2026-05-01T20:00:00+00:00,2026-05-04T06:00:00+00:00,2026-05-01T20:00:00+00:00,2026-05-01T22:59:59.999000+00:00,2026-05-01T23:00:00+00:00,2026-05-04T05:59:59.999000+00:00,134250,137730,3480,180,3300,3480.0,2026-05,VALIDATION,LISTING_AFTER_30_DAYS,READY,,0
TSLAUSDT-nyse_20260508T200000Z,TSLAUSDT,W,,,NYSE:2026-05-08T20:00:00+00:00:2026-05-11T06:00:00+00:00,2026-05-08T20:00:00+00:00,2026-05-11T06:00:00+00:00,2026-05-08T20:00:00+00:00,2026-05-08T22:59:59.999000+00:00,2026-05-08T23:00:00+00:00,2026-05-11T05:59:59.999000+00:00,144330,147810,3480,180,3300,3480.0,2026-05,VALIDATION,LISTING_AFTER_30_DAYS,READY,,0
TSLAUSDT-nyse_20260515T200000Z,TSLAUSDT,W,,,NYSE:2026-05-15T20:00:00+00:00:2026-05-18T06:00:00+00:00,2026-05-15T20:00:00+00:00,2026-05-18T06:00:00+00:00,2026-05-15T20:00:00+00:00,2026-05-15T22:59:59.999000+00:00,2026-05-15T23:00:00+00:00,2026-05-18T05:59:59.999000+00:00,154410,157890,3480,180,3300,3480.0,2026-05,VALIDATION,LISTING_AFTER_30_DAYS,READY,,0
TSLAUSDT-nyse_20260522T200000Z,TSLAUSDT,W,,,NYSE:2026-05-22T20:00:00+00:00:2026-05-26T06:00:00+00:00,2026-05-22T20:00:00+00:00,2026-05-26T06:00:00+00:00,2026-05-22T20:00:00+00:00,2026-05-22T22:59:59.999000+00:00,2026-05-22T23:00:00+00:00,2026-05-26T05:59:59.999000+00:00,164490,169410,4920,180,4740,4920.0,2026-05,VALIDATION,LISTING_AFTER_30_DAYS,READY,,0
TSLAUSDT-nyse_20260529T200000Z,TSLAUSDT,W,,,NYSE:2026-05-29T20:00:00+00:00:2026-06-01T06:00:00+00:00,2026-05-29T20:00:00+00:00,2026-06-01T06:00:00+00:00,2026-05-29T20:00:00+00:00,2026-05-29T22:59:59.999000+00:00,2026-05-29T23:00:00+00:00,2026-06-01T05:59:59.999000+00:00,174570,178050,3480,180,3300,3480.0,2026-05,VALIDATION,LISTING_AFTER_30_DAYS,READY,,0
TSLAUSDT-nyse_20260605T200000Z,TSLAUSDT,W,,,NYSE:2026-06-05T20:00:00+00:00:2026-06-08T06:00:00+00:00,2026-06-05T20:00:00+00:00,2026-06-08T06:00:00+00:00,2026-06-05T20:00:00+00:00,2026-06-05T22:59:59.999000+00:00,2026-06-05T23:00:00+00:00,2026-06-08T05:59:59.999000+00:00,184650,188130,3480,180,3300,3480.0,2026-06,SEALED_SHORT_OOS,LISTING_AFTER_30_DAYS,READY,,0
TSLAUSDT-nyse_20260612T200000Z,TSLAUSDT,W,,,NYSE:2026-06-12T20:00:00+00:00:2026-06-15T06:00:00+00:00,2026-06-12T20:00:00+00:00,2026-06-15T06:00:00+00:00,2026-06-12T20:00:00+00:00,2026-06-12T22:59:59.999000+00:00,2026-06-12T23:00:00+00:00,2026-06-15T05:59:59.999000+00:00,194730,198210,3480,180,3300,3480.0,2026-06,SEALED_SHORT_OOS,LISTING_AFTER_30_DAYS,READY,,0
TSLAUSDT-nyse_20260618T200000Z,TSLAUSDT,W,,,NYSE:2026-06-18T20:00:00+00:00:2026-06-22T06:00:00+00:00,2026-06-18T20:00:00+00:00,2026-06-22T06:00:00+00:00,2026-06-18T20:00:00+00:00,2026-06-18T22:59:59.999000+00:00,2026-06-18T23:00:00+00:00,2026-06-22T05:59:59.999000+00:00,203370,208290,4920,180,4740,4920.0,2026-06,SEALED_SHORT_OOS,LISTING_AFTER_30_DAYS,READY,,0
TSLAUSDT-nyse_20260626T200000Z,TSLAUSDT,W,,,NYSE:2026-06-26T20:00:00+00:00:2026-06-29T06:00:00+00:00,2026-06-26T20:00:00+00:00,2026-06-29T06:00:00+00:00,2026-06-26T20:00:00+00:00,2026-06-26T22:59:59.999000+00:00,2026-06-26T23:00:00+00:00,2026-06-29T05:59:59.999000+00:00,214890,218370,3480,180,3300,3480.0,2026-06,SEALED_SHORT_OOS,LISTING_AFTER_30_DAYS,READY,,0
TSLAUSDT-nyse_20260702T200000Z,TSLAUSDT,W,,,NYSE:2026-07-02T20:00:00+00:00:2026-07-06T06:00:00+00:00,2026-07-02T20:00:00+00:00,2026-07-06T06:00:00+00:00,2026-07-02T20:00:00+00:00,2026-07-02T22:59:59.999000+00:00,2026-07-02T23:00:00+00:00,2026-07-06T05:59:59.999000+00:00,223530,228450,4920,180,4740,4920.0,2026-07,DESCRIPTIVE_ONLY,LISTING_AFTER_30_DAYS,READY,,0
TSLAUSDT-nyse_20260710T200000Z,TSLAUSDT,W,,,NYSE:2026-07-10T20:00:00+00:00:2026-07-13T06:00:00+00:00,2026-07-10T20:00:00+00:00,2026-07-13T06:00:00+00:00,2026-07-10T20:00:00+00:00,2026-07-10T22:59:59.999000+00:00,2026-07-10T23:00:00+00:00,2026-07-13T05:59:59.999000+00:00,235050,238530,3480,180,3300,3480.0,2026-07,DESCRIPTIVE_ONLY,LISTING_AFTER_30_DAYS,READY,,0
TSLAUSDT-nyse_20260717T200000Z,TSLAUSDT,W,,,NYSE:2026-07-17T20:00:00+00:00:2026-07-20T06:00:00+00:00,2026-07-17T20:00:00+00:00,2026-07-20T06:00:00+00:00,2026-07-17T20:00:00+00:00,2026-07-17T22:59:59.999000+00:00,2026-07-17T23:00:00+00:00,2026-07-20T05:59:59.999000+00:00,245130,248610,3480,180,3300,3480.0,2026-07,DESCRIPTIVE_ONLY,LISTING_AFTER_30_DAYS,READY,,0
TSLAUSDT-O-20260128T210000Z,TSLAUSDT,O,,,NYSE:2026-01-28T21:00:00+00:00:2026-01-29T07:00:00+00:00,2026-01-28T21:00:00+00:00,2026-01-29T07:00:00+00:00,2026-01-28T21:00:00+00:00,2026-01-28T23:59:59.999000+00:00,2026-01-29T00:00:00+00:00,2026-01-29T06:59:59.999000+00:00,390,990,600,180,420,600.0,2026-01,DESCRIPTIVE_ONLY,LISTING_DAYS_1_14,READY,,0
TSLAUSDT-O-20260129T210000Z,TSLAUSDT,O,,,NYSE:2026-01-29T21:00:00+00:00:2026-01-30T07:00:00+00:00,2026-01-29T21:00:00+00:00,2026-01-30T07:00:00+00:00,2026-01-29T21:00:00+00:00,2026-01-29T23:59:59.999000+00:00,2026-01-30T00:00:00+00:00,2026-01-30T06:59:59.999000+00:00,1830,2430,600,180,420,600.0,2026-01,DESCRIPTIVE_ONLY,LISTING_DAYS_1_14,READY,,0
TSLAUSDT-O-20260723T200000Z,TSLAUSDT,O,,,NYSE:2026-07-23T20:00:00+00:00:2026-07-24T06:00:00+00:00,2026-07-23T20:00:00+00:00,2026-07-24T06:00:00+00:00,2026-07-23T20:00:00+00:00,2026-07-23T22:59:59.999000+00:00,2026-07-23T23:00:00+00:00,2026-07-23T23:59:59.999000+00:00,253770,254010,240,180,60,600.0,2026-07,DESCRIPTIVE_ONLY,LISTING_AFTER_30_DAYS,READY,,0
TSLAUSDT-O-20260202T210000Z,TSLAUSDT,O,,,NYSE:2026-02-02T21:00:00+00:00:2026-02-03T07:00:00+00:00,2026-02-02T21:00:00+00:00,2026-02-03T07:00:00+00:00,2026-02-02T21:00:00+00:00,2026-02-02T23:59:59.999000+00:00,2026-02-03T00:00:00+00:00,2026-02-03T06:59:59.999000+00:00,7590,8190,600,180,420,600.0,2026-02,RESEARCH_DEVELOPMENT,LISTING_DAYS_1_14,SKIPPED,OVERLAPS_FROZEN_RANDOM_WINDOW,0
TSLAUSDT-O-20260203T210000Z,TSLAUSDT,O,,,NYSE:2026-02-03T21:00:00+00:00:2026-02-04T07:00:00+00:00,2026-02-03T21:00:00+00:00,2026-02-04T07:00:00+00:00,2026-02-03T21:00:00+00:00,2026-02-03T23:59:59.999000+00:00,2026-02-04T00:00:00+00:00,2026-02-04T06:59:59.999000+00:00,9030,9630,600,180,420,600.0,2026-02,RESEARCH_DEVELOPMENT,LISTING_DAYS_1_14,SKIPPED,OVERLAPS_FROZEN_RANDOM_WINDOW,0
TSLAUSDT-O-20260204T210000Z,TSLAUSDT,O,,,NYSE:2026-02-04T21:00:00+00:00:2026-02-05T07:00:00+00:00,2026-02-04T21:00:00+00:00,2026-02-05T07:00:00+00:00,2026-02-04T21:00:00+00:00,2026-02-04T23:59:59.999000+00:00,2026-02-05T00:00:00+00:00,2026-02-05T06:59:59.999000+00:00,10470,11070,600,180,420,600.0,2026-02,RESEARCH_DEVELOPMENT,LISTING_DAYS_1_14,SKIPPED,OVERLAPS_FROZEN_RANDOM_WINDOW,0
TSLAUSDT-O-20260205T210000Z,TSLAUSDT,O,,,NYSE:2026-02-05T21:00:00+00:00:2026-02-06T07:00:00+00:00,2026-02-05T21:00:00+00:00,2026-02-06T07:00:00+00:00,2026-02-05T21:00:00+00:00,2026-02-05T23:59:59.999000+00:00,2026-02-06T00:00:00+00:00,2026-02-06T06:59:59.999000+00:00,11910,12510,600,180,420,600.0,2026-02,RESEARCH_DEVELOPMENT,LISTING_DAYS_1_14,SKIPPED,OVERLAPS_FROZEN_RANDOM_WINDOW,0
TSLAUSDT-O-20260209T210000Z,TSLAUSDT,O,,,NYSE:2026-02-09T21:00:00+00:00:2026-02-10T07:00:00+00:00,2026-02-09T21:00:00+00:00,2026-02-10T07:00:00+00:00,2026-02-09T21:00:00+00:00,2026-02-09T23:59:59.999000+00:00,2026-02-10T00:00:00+00:00,2026-02-10T06:59:59.999000+00:00,17670,18270,600,180,420,600.0,2026-02,RESEARCH_DEVELOPMENT,LISTING_DAYS_1_14,SKIPPED,OVERLAPS_FROZEN_RANDOM_WINDOW,0
TSLAUSDT-O-20260210T210000Z,TSLAUSDT,O,,,NYSE:2026-02-10T21:00:00+00:00:2026-02-11T07:00:00+00:00,2026-02-10T21:00:00+00:00,2026-02-11T07:00:00+00:00,2026-02-10T21:00:00+00:00,2026-02-10T23:59:59.999000+00:00,2026-02-11T00:00:00+00:00,2026-02-11T06:59:59.999000+00:00,19110,19710,600,180,420,600.0,2026-02,RESEARCH_DEVELOPMENT,LISTING_DAYS_1_14,SKIPPED,OVERLAPS_FROZEN_RANDOM_WINDOW,0
TSLAUSDT-O-20260211T210000Z,TSLAUSDT,O,,,NYSE:2026-02-11T21:00:00+00:00:2026-02-12T07:00:00+00:00,2026-02-11T21:00:00+00:00,2026-02-12T07:00:00+00:00,2026-02-11T21:00:00+00:00,2026-02-11T23:59:59.999000+00:00,2026-02-12T00:00:00+00:00,2026-02-12T06:59:59.999000+00:00,20550,21150,600,180,420,600.0,2026-02,RESEARCH_DEVELOPMENT,LISTING_DAYS_15_30,SKIPPED,OVERLAPS_FROZEN_RANDOM_WINDOW,0
TSLAUSDT-O-20260212T210000Z,TSLAUSDT,O,,,NYSE:2026-02-12T21:00:00+00:00:2026-02-13T07:00:00+00:00,2026-02-12T21:00:00+00:00,2026-02-13T07:00:00+00:00,2026-02-12T21:00:00+00:00,2026-02-12T23:59:59.999000+00:00,2026-02-13T00:00:00+00:00,2026-02-13T06:59:59.999000+00:00,21990,22590,600,180,420,600.0,2026-02,RESEARCH_DEVELOPMENT,LISTING_DAYS_15_30,SKIPPED,OVERLAPS_FROZEN_RANDOM_WINDOW,0
TSLAUSDT-O-20260217T210000Z,TSLAUSDT,O,,,NYSE:2026-02-17T21:00:00+00:00:2026-02-18T07:00:00+00:00,2026-02-17T21:00:00+00:00,2026-02-18T07:00:00+00:00,2026-02-17T21:00:00+00:00,2026-02-17T23:59:59.999000+00:00,2026-02-18T00:00:00+00:00,2026-02-18T06:59:59.999000+00:00,29190,29790,600,180,420,600.0,2026-02,RESEARCH_DEVELOPMENT,LISTING_DAYS_15_30,SKIPPED,OVERLAPS_FROZEN_RANDOM_WINDOW,0
TSLAUSDT-O-20260218T210000Z,TSLAUSDT,O,,,NYSE:2026-02-18T21:00:00+00:00:2026-02-19T07:00:00+00:00,2026-02-18T21:00:00+00:00,2026-02-19T07:00:00+00:00,2026-02-18T21:00:00+00:00,2026-02-18T23:59:59.999000+00:00,2026-02-19T00:00:00+00:00,2026-02-19T06:59:59.999000+00:00,30630,31230,600,180,420,600.0,2026-02,RESEARCH_DEVELOPMENT,LISTING_DAYS_15_30,SKIPPED,OVERLAPS_FROZEN_RANDOM_WINDOW,0
TSLAUSDT-O-20260219T210000Z,TSLAUSDT,O,,,NYSE:2026-02-19T21:00:00+00:00:2026-02-20T07:00:00+00:00,2026-02-19T21:00:00+00:00,2026-02-20T07:00:00+00:00,2026-02-19T21:00:00+00:00,2026-02-19T23:59:59.999000+00:00,2026-02-20T00:00:00+00:00,2026-02-20T06:59:59.999000+00:00,32070,32670,600,180,420,600.0,2026-02,RESEARCH_DEVELOPMENT,LISTING_DAYS_15_30,SKIPPED,OVERLAPS_FROZEN_RANDOM_WINDOW,0
TSLAUSDT-O-20260223T210000Z,TSLAUSDT,O,,,NYSE:2026-02-23T21:00:00+00:00:2026-02-24T07:00:00+00:00,2026-02-23T21:00:00+00:00,2026-02-24T07:00:00+00:00,2026-02-23T21:00:00+00:00,2026-02-23T23:59:59.999000+00:00,2026-02-24T00:00:00+00:00,2026-02-24T06:59:59.999000+00:00,37830,38430,600,180,420,600.0,2026-02,RESEARCH_DEVELOPMENT,LISTING_DAYS_15_30,SKIPPED,OVERLAPS_FROZEN_RANDOM_WINDOW,0
TSLAUSDT-O-20260224T210000Z,TSLAUSDT,O,,,NYSE:2026-02-24T21:00:00+00:00:2026-02-25T07:00:00+00:00,2026-02-24T21:00:00+00:00,2026-02-25T07:00:00+00:00,2026-02-24T21:00:00+00:00,2026-02-24T23:59:59.999000+00:00,2026-02-25T00:00:00+00:00,2026-02-25T06:59:59.999000+00:00,39270,39870,600,180,420,600.0,2026-02,RESEARCH_DEVELOPMENT,LISTING_DAYS_15_30,SKIPPED,OVERLAPS_FROZEN_RANDOM_WINDOW,0
TSLAUSDT-O-20260225T210000Z,TSLAUSDT,O,,,NYSE:2026-02-25T21:00:00+00:00:2026-02-26T07:00:00+00:00,2026-02-25T21:00:00+00:00,2026-02-26T07:00:00+00:00,2026-02-25T21:00:00+00:00,2026-02-25T23:59:59.999000+00:00,2026-02-26T00:00:00+00:00,2026-02-26T06:59:59.999000+00:00,40710,41310,600,180,420,600.0,2026-02,RESEARCH_DEVELOPMENT,LISTING_DAYS_15_30,SKIPPED,OVERLAPS_FROZEN_RANDOM_WINDOW,0
TSLAUSDT-O-20260226T210000Z,TSLAUSDT,O,,,NYSE:2026-02-26T21:00:00+00:00:2026-02-27T07:00:00+00:00,2026-02-26T21:00:00+00:00,2026-02-27T07:00:00+00:00,2026-02-26T21:00:00+00:00,2026-02-26T23:59:59.999000+00:00,2026-02-27T00:00:00+00:00,2026-02-27T06:59:59.999000+00:00,42150,42750,600,180,420,600.0,2026-02,RESEARCH_DEVELOPMENT,LISTING_DAYS_15_30,SKIPPED,OVERLAPS_FROZEN_RANDOM_WINDOW,0
TSLAUSDT-O-20260302T210000Z,TSLAUSDT,O,,,NYSE:2026-03-02T21:00:00+00:00:2026-03-03T07:00:00+00:00,2026-03-02T21:00:00+00:00,2026-03-03T07:00:00+00:00,2026-03-02T21:00:00+00:00,2026-03-02T23:59:59.999000+00:00,2026-03-03T00:00:00+00:00,2026-03-03T06:59:59.999000+00:00,47910,48510,600,180,420,600.0,2026-03,RESEARCH_DEVELOPMENT,LISTING_AFTER_30_DAYS,SKIPPED,OVERLAPS_FROZEN_RANDOM_WINDOW,0
TSLAUSDT-O-20260303T210000Z,TSLAUSDT,O,,,NYSE:2026-03-03T21:00:00+00:00:2026-03-04T07:00:00+00:00,2026-03-03T21:00:00+00:00,2026-03-04T07:00:00+00:00,2026-03-03T21:00:00+00:00,2026-03-03T23:59:59.999000+00:00,2026-03-04T00:00:00+00:00,2026-03-04T06:59:59.999000+00:00,49350,49950,600,180,420,600.0,2026-03,RESEARCH_DEVELOPMENT,LISTING_AFTER_30_DAYS,SKIPPED,OVERLAPS_FROZEN_RANDOM_WINDOW,0
TSLAUSDT-O-20260304T210000Z,TSLAUSDT,O,,,NYSE:2026-03-04T21:00:00+00:00:2026-03-05T07:00:00+00:00,2026-03-04T21:00:00+00:00,2026-03-05T07:00:00+00:00,2026-03-04T21:00:00+00:00,2026-03-04T23:59:59.999000+00:00,2026-03-05T00:00:00+00:00,2026-03-05T06:59:59.999000+00:00,50790,51390,600,180,420,600.0,2026-03,RESEARCH_DEVELOPMENT,LISTING_AFTER_30_DAYS,SKIPPED,OVERLAPS_FROZEN_RANDOM_WINDOW,0
TSLAUSDT-O-20260305T210000Z,TSLAUSDT,O,,,NYSE:2026-03-05T21:00:00+00:00:2026-03-06T07:00:00+00:00,2026-03-05T21:00:00+00:00,2026-03-06T07:00:00+00:00,2026-03-05T21:00:00+00:00,2026-03-05T23:59:59.999000+00:00,2026-03-06T00:00:00+00:00,2026-03-06T06:59:59.999000+00:00,52230,52830,600,180,420,600.0,2026-03,RESEARCH_DEVELOPMENT,LISTING_AFTER_30_DAYS,SKIPPED,OVERLAPS_FROZEN_RANDOM_WINDOW,0
TSLAUSDT-O-20260309T200000Z,TSLAUSDT,O,,,NYSE:2026-03-09T20:00:00+00:00:2026-03-10T06:00:00+00:00,2026-03-09T20:00:00+00:00,2026-03-10T06:00:00+00:00,2026-03-09T20:00:00+00:00,2026-03-09T22:59:59.999000+00:00,2026-03-09T23:00:00+00:00,2026-03-10T05:59:59.999000+00:00,57930,58530,600,180,420,600.0,2026-03,RESEARCH_DEVELOPMENT,LISTING_AFTER_30_DAYS,SKIPPED,OVERLAPS_FROZEN_RANDOM_WINDOW,0
TSLAUSDT-O-20260310T200000Z,TSLAUSDT,O,,,NYSE:2026-03-10T20:00:00+00:00:2026-03-11T06:00:00+00:00,2026-03-10T20:00:00+00:00,2026-03-11T06:00:00+00:00,2026-03-10T20:00:00+00:00,2026-03-10T22:59:59.999000+00:00,2026-03-10T23:00:00+00:00,2026-03-11T05:59:59.999000+00:00,59370,59970,600,180,420,600.0,2026-03,RESEARCH_DEVELOPMENT,LISTING_AFTER_30_DAYS,SKIPPED,OVERLAPS_FROZEN_RANDOM_WINDOW,0
TSLAUSDT-O-20260311T200000Z,TSLAUSDT,O,,,NYSE:2026-03-11T20:00:00+00:00:2026-03-12T06:00:00+00:00,2026-03-11T20:00:00+00:00,2026-03-12T06:00:00+00:00,2026-03-11T20:00:00+00:00,2026-03-11T22:59:59.999000+00:00,2026-03-11T23:00:00+00:00,2026-03-12T05:59:59.999000+00:00,60810,61410,600,180,420,600.0,2026-03,RESEARCH_DEVELOPMENT,LISTING_AFTER_30_DAYS,SKIPPED,OVERLAPS_FROZEN_RANDOM_WINDOW,0
TSLAUSDT-O-20260312T200000Z,TSLAUSDT,O,,,NYSE:2026-03-12T20:00:00+00:00:2026-03-13T06:00:00+00:00,2026-03-12T20:00:00+00:00,2026-03-13T06:00:00+00:00,2026-03-12T20:00:00+00:00,2026-03-12T22:59:59.999000+00:00,2026-03-12T23:00:00+00:00,2026-03-13T05:59:59.999000+00:00,62250,62850,600,180,420,600.0,2026-03,RESEARCH_DEVELOPMENT,LISTING_AFTER_30_DAYS,SKIPPED,OVERLAPS_FROZEN_RANDOM_WINDOW,0
TSLAUSDT-O-20260316T200000Z,TSLAUSDT,O,,,NYSE:2026-03-16T20:00:00+00:00:2026-03-17T06:00:00+00:00,2026-03-16T20:00:00+00:00,2026-03-17T06:00:00+00:00,2026-03-16T20:00:00+00:00,2026-03-16T22:59:59.999000+00:00,2026-03-16T23:00:00+00:00,2026-03-17T05:59:59.999000+00:00,68010,68610,600,180,420,600.0,2026-03,RESEARCH_DEVELOPMENT,LISTING_AFTER_30_DAYS,SKIPPED,OVERLAPS_FROZEN_RANDOM_WINDOW,0
TSLAUSDT-O-20260317T200000Z,TSLAUSDT,O,,,NYSE:2026-03-17T20:00:00+00:00:2026-03-18T06:00:00+00:00,2026-03-17T20:00:00+00:00,2026-03-18T06:00:00+00:00,2026-03-17T20:00:00+00:00,2026-03-17T22:59:59.999000+00:00,2026-03-17T23:00:00+00:00,2026-03-18T05:59:59.999000+00:00,69450,70050,600,180,420,600.0,2026-03,RESEARCH_DEVELOPMENT,LISTING_AFTER_30_DAYS,SKIPPED,OVERLAPS_FROZEN_RANDOM_WINDOW,0
TSLAUSDT-O-20260318T200000Z,TSLAUSDT,O,,,NYSE:2026-03-18T20:00:00+00:00:2026-03-19T06:00:00+00:00,2026-03-18T20:00:00+00:00,2026-03-19T06:00:00+00:00,2026-03-18T20:00:00+00:00,2026-03-18T22:59:59.999000+00:00,2026-03-18T23:00:00+00:00,2026-03-19T05:59:59.999000+00:00,70890,71490,600,180,420,600.0,2026-03,RESEARCH_DEVELOPMENT,LISTING_AFTER_30_DAYS,SKIPPED,OVERLAPS_FROZEN_RANDOM_WINDOW,0
TSLAUSDT-O-20260319T200000Z,TSLAUSDT,O,,,NYSE:2026-03-19T20:00:00+00:00:2026-03-20T06:00:00+00:00,2026-03-19T20:00:00+00:00,2026-03-20T06:00:00+00:00,2026-03-19T20:00:00+00:00,2026-03-19T22:59:59.999000+00:00,2026-03-19T23:00:00+00:00,2026-03-20T05:59:59.999000+00:00,72330,72930,600,180,420,600.0,2026-03,RESEARCH_DEVELOPMENT,LISTING_AFTER_30_DAYS,SKIPPED,OVERLAPS_FROZEN_RANDOM_WINDOW,0
TSLAUSDT-O-20260323T200000Z,TSLAUSDT,O,,,NYSE:2026-03-23T20:00:00+00:00:2026-03-24T06:00:00+00:00,2026-03-23T20:00:00+00:00,2026-03-24T06:00:00+00:00,2026-03-23T20:00:00+00:00,2026-03-23T22:59:59.999000+00:00,2026-03-23T23:00:00+00:00,2026-03-24T05:59:59.999000+00:00,78090,78690,600,180,420,600.0,2026-03,RESEARCH_DEVELOPMENT,LISTING_AFTER_30_DAYS,SKIPPED,OVERLAPS_FROZEN_RANDOM_WINDOW,0
TSLAUSDT-O-20260324T200000Z,TSLAUSDT,O,,,NYSE:2026-03-24T20:00:00+00:00:2026-03-25T06:00:00+00:00,2026-03-24T20:00:00+00:00,2026-03-25T06:00:00+00:00,2026-03-24T20:00:00+00:00,2026-03-24T22:59:59.999000+00:00,2026-03-24T23:00:00+00:00,2026-03-25T05:59:59.999000+00:00,79530,80130,600,180,420,600.0,2026-03,RESEARCH_DEVELOPMENT,LISTING_AFTER_30_DAYS,SKIPPED,OVERLAPS_FROZEN_RANDOM_WINDOW,0
TSLAUSDT-O-20260325T200000Z,TSLAUSDT,O,,,NYSE:2026-03-25T20:00:00+00:00:2026-03-26T06:00:00+00:00,2026-03-25T20:00:00+00:00,2026-03-26T06:00:00+00:00,2026-03-25T20:00:00+00:00,2026-03-25T22:59:59.999000+00:00,2026-03-25T23:00:00+00:00,2026-03-26T05:59:59.999000+00:00,80970,81570,600,180,420,600.0,2026-03,RESEARCH_DEVELOPMENT,LISTING_AFTER_30_DAYS,SKIPPED,OVERLAPS_FROZEN_RANDOM_WINDOW,0
TSLAUSDT-O-20260326T200000Z,TSLAUSDT,O,,,NYSE:2026-03-26T20:00:00+00:00:2026-03-27T06:00:00+00:00,2026-03-26T20:00:00+00:00,2026-03-27T06:00:00+00:00,2026-03-26T20:00:00+00:00,2026-03-26T22:59:59.999000+00:00,2026-03-26T23:00:00+00:00,2026-03-27T05:59:59.999000+00:00,82410,83010,600,180,420,600.0,2026-03,RESEARCH_DEVELOPMENT,LISTING_AFTER_30_DAYS,SKIPPED,OVERLAPS_FROZEN_RANDOM_WINDOW,0
TSLAUSDT-O-20260330T200000Z,TSLAUSDT,O,,,NYSE:2026-03-30T20:00:00+00:00:2026-03-31T06:00:00+00:00,2026-03-30T20:00:00+00:00,2026-03-31T06:00:00+00:00,2026-03-30T20:00:00+00:00,2026-03-30T22:59:59.999000+00:00,2026-03-30T23:00:00+00:00,2026-03-31T05:59:59.999000+00:00,88170,88770,600,180,420,600.0,2026-03,RESEARCH_DEVELOPMENT,LISTING_AFTER_30_DAYS,SKIPPED,OVERLAPS_FROZEN_RANDOM_WINDOW,0
TSLAUSDT-O-20260331T200000Z,TSLAUSDT,O,,,NYSE:2026-03-31T20:00:00+00:00:2026-04-01T06:00:00+00:00,2026-03-31T20:00:00+00:00,2026-04-01T06:00:00+00:00,2026-03-31T20:00:00+00:00,2026-03-31T22:59:59.999000+00:00,2026-03-31T23:00:00+00:00,2026-04-01T05:59:59.999000+00:00,89610,90210,600,180,420,600.0,2026-03,RESEARCH_DEVELOPMENT,LISTING_AFTER_30_DAYS,SKIPPED,OVERLAPS_FROZEN_RANDOM_WINDOW,0
TSLAUSDT-O-20260401T200000Z,TSLAUSDT,O,,,NYSE:2026-04-01T20:00:00+00:00:2026-04-02T06:00:00+00:00,2026-04-01T20:00:00+00:00,2026-04-02T06:00:00+00:00,2026-04-01T20:00:00+00:00,2026-04-01T22:59:59.999000+00:00,2026-04-01T23:00:00+00:00,2026-04-02T05:59:59.999000+00:00,91050,91650,600,180,420,600.0,2026-04,RESEARCH_DEVELOPMENT,LISTING_AFTER_30_DAYS,SKIPPED,OVERLAPS_FROZEN_RANDOM_WINDOW,0
TSLAUSDT-O-20260406T200000Z,TSLAUSDT,O,,,NYSE:2026-04-06T20:00:00+00:00:2026-04-07T06:00:00+00:00,2026-04-06T20:00:00+00:00,2026-04-07T06:00:00+00:00,2026-04-06T20:00:00+00:00,2026-04-06T22:59:59.999000+00:00,2026-04-06T23:00:00+00:00,2026-04-07T05:59:59.999000+00:00,98250,98850,600,180,420,600.0,2026-04,RESEARCH_DEVELOPMENT,LISTING_AFTER_30_DAYS,SKIPPED,OVERLAPS_FROZEN_RANDOM_WINDOW,0
TSLAUSDT-O-20260407T200000Z,TSLAUSDT,O,,,NYSE:2026-04-07T20:00:00+00:00:2026-04-08T06:00:00+00:00,2026-04-07T20:00:00+00:00,2026-04-08T06:00:00+00:00,2026-04-07T20:00:00+00:00,2026-04-07T22:59:59.999000+00:00,2026-04-07T23:00:00+00:00,2026-04-08T05:59:59.999000+00:00,99690,100290,600,180,420,600.0,2026-04,RESEARCH_DEVELOPMENT,LISTING_AFTER_30_DAYS,SKIPPED,OVERLAPS_FROZEN_RANDOM_WINDOW,0
TSLAUSDT-O-20260408T200000Z,TSLAUSDT,O,,,NYSE:2026-04-08T20:00:00+00:00:2026-04-09T06:00:00+00:00,2026-04-08T20:00:00+00:00,2026-04-09T06:00:00+00:00,2026-04-08T20:00:00+00:00,2026-04-08T22:59:59.999000+00:00,2026-04-08T23:00:00+00:00,2026-04-09T05:59:59.999000+00:00,101130,101730,600,180,420,600.0,2026-04,RESEARCH_DEVELOPMENT,LISTING_AFTER_30_DAYS,SKIPPED,OVERLAPS_FROZEN_RANDOM_WINDOW,0
TSLAUSDT-O-20260409T200000Z,TSLAUSDT,O,,,NYSE:2026-04-09T20:00:00+00:00:2026-04-10T06:00:00+00:00,2026-04-09T20:00:00+00:00,2026-04-10T06:00:00+00:00,2026-04-09T20:00:00+00:00,2026-04-09T22:59:59.999000+00:00,2026-04-09T23:00:00+00:00,2026-04-10T05:59:59.999000+00:00,102570,103170,600,180,420,600.0,2026-04,RESEARCH_DEVELOPMENT,LISTING_AFTER_30_DAYS,SKIPPED,OVERLAPS_FROZEN_RANDOM_WINDOW,0
TSLAUSDT-O-20260413T200000Z,TSLAUSDT,O,,,NYSE:2026-04-13T20:00:00+00:00:2026-04-14T06:00:00+00:00,2026-04-13T20:00:00+00:00,2026-04-14T06:00:00+00:00,2026-04-13T20:00:00+00:00,2026-04-13T22:59:59.999000+00:00,2026-04-13T23:00:00+00:00,2026-04-14T05:59:59.999000+00:00,108330,108930,600,180,420,600.0,2026-04,RESEARCH_DEVELOPMENT,LISTING_AFTER_30_DAYS,SKIPPED,OVERLAPS_FROZEN_RANDOM_WINDOW,0
TSLAUSDT-O-20260414T200000Z,TSLAUSDT,O,,,NYSE:2026-04-14T20:00:00+00:00:2026-04-15T06:00:00+00:00,2026-04-14T20:00:00+00:00,2026-04-15T06:00:00+00:00,2026-04-14T20:00:00+00:00,2026-04-14T22:59:59.999000+00:00,2026-04-14T23:00:00+00:00,2026-04-15T05:59:59.999000+00:00,109770,110370,600,180,420,600.0,2026-04,RESEARCH_DEVELOPMENT,LISTING_AFTER_30_DAYS,SKIPPED,OVERLAPS_FROZEN_RANDOM_WINDOW,0
TSLAUSDT-O-20260415T200000Z,TSLAUSDT,O,,,NYSE:2026-04-15T20:00:00+00:00:2026-04-16T06:00:00+00:00,2026-04-15T20:00:00+00:00,2026-04-16T06:00:00+00:00,2026-04-15T20:00:00+00:00,2026-04-15T22:59:59.999000+00:00,2026-04-15T23:00:00+00:00,2026-04-16T05:59:59.999000+00:00,111210,111810,600,180,420,600.0,2026-04,RESEARCH_DEVELOPMENT,LISTING_AFTER_30_DAYS,SKIPPED,OVERLAPS_FROZEN_RANDOM_WINDOW,0
TSLAUSDT-O-20260416T200000Z,TSLAUSDT,O,,,NYSE:2026-04-16T20:00:00+00:00:2026-04-17T06:00:00+00:00,2026-04-16T20:00:00+00:00,2026-04-17T06:00:00+00:00,2026-04-16T20:00:00+00:00,2026-04-16T22:59:59.999000+00:00,2026-04-16T23:00:00+00:00,2026-04-17T05:59:59.999000+00:00,112650,113250,600,180,420,600.0,2026-04,RESEARCH_DEVELOPMENT,LISTING_AFTER_30_DAYS,SKIPPED,OVERLAPS_FROZEN_RANDOM_WINDOW,0
TSLAUSDT-O-20260420T200000Z,TSLAUSDT,O,,,NYSE:2026-04-20T20:00:00+00:00:2026-04-21T06:00:00+00:00,2026-04-20T20:00:00+00:00,2026-04-21T06:00:00+00:00,2026-04-20T20:00:00+00:00,2026-04-20T22:59:59.999000+00:00,2026-04-20T23:00:00+00:00,2026-04-21T05:59:59.999000+00:00,118410,119010,600,180,420,600.0,2026-04,RESEARCH_DEVELOPMENT,LISTING_AFTER_30_DAYS,SKIPPED,OVERLAPS_FROZEN_RANDOM_WINDOW,0
TSLAUSDT-O-20260421T200000Z,TSLAUSDT,O,,,NYSE:2026-04-21T20:00:00+00:00:2026-04-22T06:00:00+00:00,2026-04-21T20:00:00+00:00,2026-04-22T06:00:00+00:00,2026-04-21T20:00:00+00:00,2026-04-21T22:59:59.999000+00:00,2026-04-21T23:00:00+00:00,2026-04-22T05:59:59.999000+00:00,119850,120450,600,180,420,600.0,2026-04,RESEARCH_DEVELOPMENT,LISTING_AFTER_30_DAYS,SKIPPED,OVERLAPS_FROZEN_RANDOM_WINDOW,0
TSLAUSDT-O-20260422T200000Z,TSLAUSDT,O,,,NYSE:2026-04-22T20:00:00+00:00:2026-04-23T06:00:00+00:00,2026-04-22T20:00:00+00:00,2026-04-23T06:00:00+00:00,2026-04-22T20:00:00+00:00,2026-04-22T22:59:59.999000+00:00,2026-04-22T23:00:00+00:00,2026-04-23T05:59:59.999000+00:00,121290,121890,600,180,420,600.0,2026-04,RESEARCH_DEVELOPMENT,LISTING_AFTER_30_DAYS,SKIPPED,OVERLAPS_FROZEN_RANDOM_WINDOW,0
TSLAUSDT-O-20260423T200000Z,TSLAUSDT,O,,,NYSE:2026-04-23T20:00:00+00:00:2026-04-24T06:00:00+00:00,2026-04-23T20:00:00+00:00,2026-04-24T06:00:00+00:00,2026-04-23T20:00:00+00:00,2026-04-23T22:59:59.999000+00:00,2026-04-23T23:00:00+00:00,2026-04-24T05:59:59.999000+00:00,122730,123330,600,180,420,600.0,2026-04,RESEARCH_DEVELOPMENT,LISTING_AFTER_30_DAYS,SKIPPED,OVERLAPS_FROZEN_RANDOM_WINDOW,0
TSLAUSDT-O-20260427T200000Z,TSLAUSDT,O,,,NYSE:2026-04-27T20:00:00+00:00:2026-04-28T06:00:00+00:00,2026-04-27T20:00:00+00:00,2026-04-28T06:00:00+00:00,2026-04-27T20:00:00+00:00,2026-04-27T22:59:59.999000+00:00,2026-04-27T23:00:00+00:00,2026-04-28T05:59:59.999000+00:00,128490,129090,600,180,420,600.0,2026-04,RESEARCH_DEVELOPMENT,LISTING_AFTER_30_DAYS,SKIPPED,OVERLAPS_FROZEN_RANDOM_WINDOW,0
TSLAUSDT-O-20260428T200000Z,TSLAUSDT,O,,,NYSE:2026-04-28T20:00:00+00:00:2026-04-29T06:00:00+00:00,2026-04-28T20:00:00+00:00,2026-04-29T06:00:00+00:00,2026-04-28T20:00:00+00:00,2026-04-28T22:59:59.999000+00:00,2026-04-28T23:00:00+00:00,2026-04-29T05:59:59.999000+00:00,129930,130530,600,180,420,600.0,2026-04,RESEARCH_DEVELOPMENT,LISTING_AFTER_30_DAYS,SKIPPED,OVERLAPS_FROZEN_RANDOM_WINDOW,0
TSLAUSDT-O-20260429T200000Z,TSLAUSDT,O,,,NYSE:2026-04-29T20:00:00+00:00:2026-04-30T06:00:00+00:00,2026-04-29T20:00:00+00:00,2026-04-30T06:00:00+00:00,2026-04-29T20:00:00+00:00,2026-04-29T22:59:59.999000+00:00,2026-04-29T23:00:00+00:00,2026-04-30T05:59:59.999000+00:00,131370,131970,600,180,420,600.0,2026-04,RESEARCH_DEVELOPMENT,LISTING_AFTER_30_DAYS,SKIPPED,OVERLAPS_FROZEN_RANDOM_WINDOW,0
TSLAUSDT-O-20260430T200000Z,TSLAUSDT,O,,,NYSE:2026-04-30T20:00:00+00:00:2026-05-01T06:00:00+00:00,2026-04-30T20:00:00+00:00,2026-05-01T06:00:00+00:00,2026-04-30T20:00:00+00:00,2026-04-30T22:59:59.999000+00:00,2026-04-30T23:00:00+00:00,2026-05-01T05:59:59.999000+00:00,132810,133410,600,180,420,600.0,2026-04,RESEARCH_DEVELOPMENT,LISTING_AFTER_30_DAYS,SKIPPED,OVERLAPS_FROZEN_RANDOM_WINDOW,0
TSLAUSDT-O-20260504T200000Z,TSLAUSDT,O,,,NYSE:2026-05-04T20:00:00+00:00:2026-05-05T06:00:00+00:00,2026-05-04T20:00:00+00:00,2026-05-05T06:00:00+00:00,2026-05-04T20:00:00+00:00,2026-05-04T22:59:59.999000+00:00,2026-05-04T23:00:00+00:00,2026-05-05T05:59:59.999000+00:00,138570,139170,600,180,420,600.0,2026-05,VALIDATION,LISTING_AFTER_30_DAYS,SKIPPED,OVERLAPS_FROZEN_RANDOM_WINDOW,0
TSLAUSDT-O-20260505T200000Z,TSLAUSDT,O,,,NYSE:2026-05-05T20:00:00+00:00:2026-05-06T06:00:00+00:00,2026-05-05T20:00:00+00:00,2026-05-06T06:00:00+00:00,2026-05-05T20:00:00+00:00,2026-05-05T22:59:59.999000+00:00,2026-05-05T23:00:00+00:00,2026-05-06T05:59:59.999000+00:00,140010,140610,600,180,420,600.0,2026-05,VALIDATION,LISTING_AFTER_30_DAYS,SKIPPED,OVERLAPS_FROZEN_RANDOM_WINDOW,0
TSLAUSDT-O-20260506T200000Z,TSLAUSDT,O,,,NYSE:2026-05-06T20:00:00+00:00:2026-05-07T06:00:00+00:00,2026-05-06T20:00:00+00:00,2026-05-07T06:00:00+00:00,2026-05-06T20:00:00+00:00,2026-05-06T22:59:59.999000+00:00,2026-05-06T23:00:00+00:00,2026-05-07T05:59:59.999000+00:00,141450,142050,600,180,420,600.0,2026-05,VALIDATION,LISTING_AFTER_30_DAYS,SKIPPED,OVERLAPS_FROZEN_RANDOM_WINDOW,0
TSLAUSDT-O-20260507T200000Z,TSLAUSDT,O,,,NYSE:2026-05-07T20:00:00+00:00:2026-05-08T06:00:00+00:00,2026-05-07T20:00:00+00:00,2026-05-08T06:00:00+00:00,2026-05-07T20:00:00+00:00,2026-05-07T22:59:59.999000+00:00,2026-05-07T23:00:00+00:00,2026-05-08T05:59:59.999000+00:00,142890,143490,600,180,420,600.0,2026-05,VALIDATION,LISTING_AFTER_30_DAYS,SKIPPED,OVERLAPS_FROZEN_RANDOM_WINDOW,0
TSLAUSDT-O-20260511T200000Z,TSLAUSDT,O,,,NYSE:2026-05-11T20:00:00+00:00:2026-05-12T06:00:00+00:00,2026-05-11T20:00:00+00:00,2026-05-12T06:00:00+00:00,2026-05-11T20:00:00+00:00,2026-05-11T22:59:59.999000+00:00,2026-05-11T23:00:00+00:00,2026-05-12T05:59:59.999000+00:00,148650,149250,600,180,420,600.0,2026-05,VALIDATION,LISTING_AFTER_30_DAYS,SKIPPED,OVERLAPS_FROZEN_RANDOM_WINDOW,0
TSLAUSDT-O-20260512T200000Z,TSLAUSDT,O,,,NYSE:2026-05-12T20:00:00+00:00:2026-05-13T06:00:00+00:00,2026-05-12T20:00:00+00:00,2026-05-13T06:00:00+00:00,2026-05-12T20:00:00+00:00,2026-05-12T22:59:59.999000+00:00,2026-05-12T23:00:00+00:00,2026-05-13T05:59:59.999000+00:00,150090,150690,600,180,420,600.0,2026-05,VALIDATION,LISTING_AFTER_30_DAYS,SKIPPED,OVERLAPS_FROZEN_RANDOM_WINDOW,0
TSLAUSDT-O-20260513T200000Z,TSLAUSDT,O,,,NYSE:2026-05-13T20:00:00+00:00:2026-05-14T06:00:00+00:00,2026-05-13T20:00:00+00:00,2026-05-14T06:00:00+00:00,2026-05-13T20:00:00+00:00,2026-05-13T22:59:59.999000+00:00,2026-05-13T23:00:00+00:00,2026-05-14T05:59:59.999000+00:00,151530,152130,600,180,420,600.0,2026-05,VALIDATION,LISTING_AFTER_30_DAYS,SKIPPED,OVERLAPS_FROZEN_RANDOM_WINDOW,0
TSLAUSDT-O-20260514T200000Z,TSLAUSDT,O,,,NYSE:2026-05-14T20:00:00+00:00:2026-05-15T06:00:00+00:00,2026-05-14T20:00:00+00:00,2026-05-15T06:00:00+00:00,2026-05-14T20:00:00+00:00,2026-05-14T22:59:59.999000+00:00,2026-05-14T23:00:00+00:00,2026-05-15T05:59:59.999000+00:00,152970,153570,600,180,420,600.0,2026-05,VALIDATION,LISTING_AFTER_30_DAYS,SKIPPED,OVERLAPS_FROZEN_RANDOM_WINDOW,0
TSLAUSDT-O-20260518T200000Z,TSLAUSDT,O,,,NYSE:2026-05-18T20:00:00+00:00:2026-05-19T06:00:00+00:00,2026-05-18T20:00:00+00:00,2026-05-19T06:00:00+00:00,2026-05-18T20:00:00+00:00,2026-05-18T22:59:59.999000+00:00,2026-05-18T23:00:00+00:00,2026-05-19T05:59:59.999000+00:00,158730,159330,600,180,420,600.0,2026-05,VALIDATION,LISTING_AFTER_30_DAYS,SKIPPED,OVERLAPS_FROZEN_RANDOM_WINDOW,0
TSLAUSDT-O-20260519T200000Z,TSLAUSDT,O,,,NYSE:2026-05-19T20:00:00+00:00:2026-05-20T06:00:00+00:00,2026-05-19T20:00:00+00:00,2026-05-20T06:00:00+00:00,2026-05-19T20:00:00+00:00,2026-05-19T22:59:59.999000+00:00,2026-05-19T23:00:00+00:00,2026-05-20T05:59:59.999000+00:00,160170,160770,600,180,420,600.0,2026-05,VALIDATION,LISTING_AFTER_30_DAYS,SKIPPED,OVERLAPS_FROZEN_RANDOM_WINDOW,0
TSLAUSDT-O-20260520T200000Z,TSLAUSDT,O,,,NYSE:2026-05-20T20:00:00+00:00:2026-05-21T06:00:00+00:00,2026-05-20T20:00:00+00:00,2026-05-21T06:00:00+00:00,2026-05-20T20:00:00+00:00,2026-05-20T22:59:59.999000+00:00,2026-05-20T23:00:00+00:00,2026-05-21T05:59:59.999000+00:00,161610,162210,600,180,420,600.0,2026-05,VALIDATION,LISTING_AFTER_30_DAYS,SKIPPED,OVERLAPS_FROZEN_RANDOM_WINDOW,0
TSLAUSDT-O-20260521T200000Z,TSLAUSDT,O,,,NYSE:2026-05-21T20:00:00+00:00:2026-05-22T06:00:00+00:00,2026-05-21T20:00:00+00:00,2026-05-22T06:00:00+00:00,2026-05-21T20:00:00+00:00,2026-05-21T22:59:59.999000+00:00,2026-05-21T23:00:00+00:00,2026-05-22T05:59:59.999000+00:00,163050,163650,600,180,420,600.0,2026-05,VALIDATION,LISTING_AFTER_30_DAYS,SKIPPED,OVERLAPS_FROZEN_RANDOM_WINDOW,0
TSLAUSDT-O-20260526T200000Z,TSLAUSDT,O,,,NYSE:2026-05-26T20:00:00+00:00:2026-05-27T06:00:00+00:00,2026-05-26T20:00:00+00:00,2026-05-27T06:00:00+00:00,2026-05-26T20:00:00+00:00,2026-05-26T22:59:59.999000+00:00,2026-05-26T23:00:00+00:00,2026-05-27T05:59:59.999000+00:00,170250,170850,600,180,420,600.0,2026-05,VALIDATION,LISTING_AFTER_30_DAYS,SKIPPED,OVERLAPS_FROZEN_RANDOM_WINDOW,0
TSLAUSDT-O-20260527T200000Z,TSLAUSDT,O,,,NYSE:2026-05-27T20:00:00+00:00:2026-05-28T06:00:00+00:00,2026-05-27T20:00:00+00:00,2026-05-28T06:00:00+00:00,2026-05-27T20:00:00+00:00,2026-05-27T22:59:59.999000+00:00,2026-05-27T23:00:00+00:00,2026-05-28T05:59:59.999000+00:00,171690,172290,600,180,420,600.0,2026-05,VALIDATION,LISTING_AFTER_30_DAYS,SKIPPED,OVERLAPS_FROZEN_RANDOM_WINDOW,0
TSLAUSDT-O-20260528T200000Z,TSLAUSDT,O,,,NYSE:2026-05-28T20:00:00+00:00:2026-05-29T06:00:00+00:00,2026-05-28T20:00:00+00:00,2026-05-29T06:00:00+00:00,2026-05-28T20:00:00+00:00,2026-05-28T22:59:59.999000+00:00,2026-05-28T23:00:00+00:00,2026-05-29T05:59:59.999000+00:00,173130,173730,600,180,420,600.0,2026-05,VALIDATION,LISTING_AFTER_30_DAYS,SKIPPED,OVERLAPS_FROZEN_RANDOM_WINDOW,0
TSLAUSDT-O-20260601T200000Z,TSLAUSDT,O,,,NYSE:2026-06-01T20:00:00+00:00:2026-06-02T06:00:00+00:00,2026-06-01T20:00:00+00:00,2026-06-02T06:00:00+00:00,2026-06-01T20:00:00+00:00,2026-06-01T22:59:59.999000+00:00,2026-06-01T23:00:00+00:00,2026-06-02T05:59:59.999000+00:00,178890,179490,600,180,420,600.0,2026-06,SEALED_SHORT_OOS,LISTING_AFTER_30_DAYS,SKIPPED,OVERLAPS_FROZEN_RANDOM_WINDOW,0
TSLAUSDT-O-20260602T200000Z,TSLAUSDT,O,,,NYSE:2026-06-02T20:00:00+00:00:2026-06-03T06:00:00+00:00,2026-06-02T20:00:00+00:00,2026-06-03T06:00:00+00:00,2026-06-02T20:00:00+00:00,2026-06-02T22:59:59.999000+00:00,2026-06-02T23:00:00+00:00,2026-06-03T05:59:59.999000+00:00,180330,180930,600,180,420,600.0,2026-06,SEALED_SHORT_OOS,LISTING_AFTER_30_DAYS,SKIPPED,OVERLAPS_FROZEN_RANDOM_WINDOW,0
TSLAUSDT-O-20260603T200000Z,TSLAUSDT,O,,,NYSE:2026-06-03T20:00:00+00:00:2026-06-04T06:00:00+00:00,2026-06-03T20:00:00+00:00,2026-06-04T06:00:00+00:00,2026-06-03T20:00:00+00:00,2026-06-03T22:59:59.999000+00:00,2026-06-03T23:00:00+00:00,2026-06-04T05:59:59.999000+00:00,181770,182370,600,180,420,600.0,2026-06,SEALED_SHORT_OOS,LISTING_AFTER_30_DAYS,SKIPPED,OVERLAPS_FROZEN_RANDOM_WINDOW,0
TSLAUSDT-O-20260604T200000Z,TSLAUSDT,O,,,NYSE:2026-06-04T20:00:00+00:00:2026-06-05T06:00:00+00:00,2026-06-04T20:00:00+00:00,2026-06-05T06:00:00+00:00,2026-06-04T20:00:00+00:00,2026-06-04T22:59:59.999000+00:00,2026-06-04T23:00:00+00:00,2026-06-05T05:59:59.999000+00:00,183210,183810,600,180,420,600.0,2026-06,SEALED_SHORT_OOS,LISTING_AFTER_30_DAYS,SKIPPED,OVERLAPS_FROZEN_RANDOM_WINDOW,0
TSLAUSDT-O-20260608T200000Z,TSLAUSDT,O,,,NYSE:2026-06-08T20:00:00+00:00:2026-06-09T06:00:00+00:00,2026-06-08T20:00:00+00:00,2026-06-09T06:00:00+00:00,2026-06-08T20:00:00+00:00,2026-06-08T22:59:59.999000+00:00,2026-06-08T23:00:00+00:00,2026-06-09T05:59:59.999000+00:00,188970,189570,600,180,420,600.0,2026-06,SEALED_SHORT_OOS,LISTING_AFTER_30_DAYS,SKIPPED,OVERLAPS_FROZEN_RANDOM_WINDOW,0
TSLAUSDT-O-20260609T200000Z,TSLAUSDT,O,,,NYSE:2026-06-09T20:00:00+00:00:2026-06-10T06:00:00+00:00,2026-06-09T20:00:00+00:00,2026-06-10T06:00:00+00:00,2026-06-09T20:00:00+00:00,2026-06-09T22:59:59.999000+00:00,2026-06-09T23:00:00+00:00,2026-06-10T05:59:59.999000+00:00,190410,191010,600,180,420,600.0,2026-06,SEALED_SHORT_OOS,LISTING_AFTER_30_DAYS,SKIPPED,OVERLAPS_FROZEN_RANDOM_WINDOW,0
TSLAUSDT-O-20260610T200000Z,TSLAUSDT,O,,,NYSE:2026-06-10T20:00:00+00:00:2026-06-11T06:00:00+00:00,2026-06-10T20:00:00+00:00,2026-06-11T06:00:00+00:00,2026-06-10T20:00:00+00:00,2026-06-10T22:59:59.999000+00:00,2026-06-10T23:00:00+00:00,2026-06-11T05:59:59.999000+00:00,191850,192450,600,180,420,600.0,2026-06,SEALED_SHORT_OOS,LISTING_AFTER_30_DAYS,SKIPPED,OVERLAPS_FROZEN_RANDOM_WINDOW,0
TSLAUSDT-O-20260611T200000Z,TSLAUSDT,O,,,NYSE:2026-06-11T20:00:00+00:00:2026-06-12T06:00:00+00:00,2026-06-11T20:00:00+00:00,2026-06-12T06:00:00+00:00,2026-06-11T20:00:00+00:00,2026-06-11T22:59:59.999000+00:00,2026-06-11T23:00:00+00:00,2026-06-12T05:59:59.999000+00:00,193290,193890,600,180,420,600.0,2026-06,SEALED_SHORT_OOS,LISTING_AFTER_30_DAYS,SKIPPED,OVERLAPS_FROZEN_RANDOM_WINDOW,0
TSLAUSDT-O-20260615T200000Z,TSLAUSDT,O,,,NYSE:2026-06-15T20:00:00+00:00:2026-06-16T06:00:00+00:00,2026-06-15T20:00:00+00:00,2026-06-16T06:00:00+00:00,2026-06-15T20:00:00+00:00,2026-06-15T22:59:59.999000+00:00,2026-06-15T23:00:00+00:00,2026-06-16T05:59:59.999000+00:00,199050,199650,600,180,420,600.0,2026-06,SEALED_SHORT_OOS,LISTING_AFTER_30_DAYS,SKIPPED,OVERLAPS_FROZEN_RANDOM_WINDOW,0
TSLAUSDT-O-20260616T200000Z,TSLAUSDT,O,,,NYSE:2026-06-16T20:00:00+00:00:2026-06-17T06:00:00+00:00,2026-06-16T20:00:00+00:00,2026-06-17T06:00:00+00:00,2026-06-16T20:00:00+00:00,2026-06-16T22:59:59.999000+00:00,2026-06-16T23:00:00+00:00,2026-06-17T05:59:59.999000+00:00,200490,201090,600,180,420,600.0,2026-06,SEALED_SHORT_OOS,LISTING_AFTER_30_DAYS,SKIPPED,OVERLAPS_FROZEN_RANDOM_WINDOW,0
TSLAUSDT-O-20260617T200000Z,TSLAUSDT,O,,,NYSE:2026-06-17T20:00:00+00:00:2026-06-18T06:00:00+00:00,2026-06-17T20:00:00+00:00,2026-06-18T06:00:00+00:00,2026-06-17T20:00:00+00:00,2026-06-17T22:59:59.999000+00:00,2026-06-17T23:00:00+00:00,2026-06-18T05:59:59.999000+00:00,201930,202530,600,180,420,600.0,2026-06,SEALED_SHORT_OOS,LISTING_AFTER_30_DAYS,SKIPPED,OVERLAPS_FROZEN_RANDOM_WINDOW,0
TSLAUSDT-O-20260622T200000Z,TSLAUSDT,O,,,NYSE:2026-06-22T20:00:00+00:00:2026-06-23T06:00:00+00:00,2026-06-22T20:00:00+00:00,2026-06-23T06:00:00+00:00,2026-06-22T20:00:00+00:00,2026-06-22T22:59:59.999000+00:00,2026-06-22T23:00:00+00:00,2026-06-23T05:59:59.999000+00:00,209130,209730,600,180,420,600.0,2026-06,SEALED_SHORT_OOS,LISTING_AFTER_30_DAYS,SKIPPED,OVERLAPS_FROZEN_RANDOM_WINDOW,0
TSLAUSDT-O-20260623T200000Z,TSLAUSDT,O,,,NYSE:2026-06-23T20:00:00+00:00:2026-06-24T06:00:00+00:00,2026-06-23T20:00:00+00:00,2026-06-24T06:00:00+00:00,2026-06-23T20:00:00+00:00,2026-06-23T22:59:59.999000+00:00,2026-06-23T23:00:00+00:00,2026-06-24T05:59:59.999000+00:00,210570,211170,600,180,420,600.0,2026-06,SEALED_SHORT_OOS,LISTING_AFTER_30_DAYS,SKIPPED,OVERLAPS_FROZEN_RANDOM_WINDOW,0
TSLAUSDT-O-20260624T200000Z,TSLAUSDT,O,,,NYSE:2026-06-24T20:00:00+00:00:2026-06-25T06:00:00+00:00,2026-06-24T20:00:00+00:00,2026-06-25T06:00:00+00:00,2026-06-24T20:00:00+00:00,2026-06-24T22:59:59.999000+00:00,2026-06-24T23:00:00+00:00,2026-06-25T05:59:59.999000+00:00,212010,212610,600,180,420,600.0,2026-06,SEALED_SHORT_OOS,LISTING_AFTER_30_DAYS,SKIPPED,OVERLAPS_FROZEN_RANDOM_WINDOW,0
TSLAUSDT-O-20260625T200000Z,TSLAUSDT,O,,,NYSE:2026-06-25T20:00:00+00:00:2026-06-26T06:00:00+00:00,2026-06-25T20:00:00+00:00,2026-06-26T06:00:00+00:00,2026-06-25T20:00:00+00:00,2026-06-25T22:59:59.999000+00:00,2026-06-25T23:00:00+00:00,2026-06-26T05:59:59.999000+00:00,213450,214050,600,180,420,600.0,2026-06,SEALED_SHORT_OOS,LISTING_AFTER_30_DAYS,SKIPPED,OVERLAPS_FROZEN_RANDOM_WINDOW,0
TSLAUSDT-O-20260629T200000Z,TSLAUSDT,O,,,NYSE:2026-06-29T20:00:00+00:00:2026-06-30T06:00:00+00:00,2026-06-29T20:00:00+00:00,2026-06-30T06:00:00+00:00,2026-06-29T20:00:00+00:00,2026-06-29T22:59:59.999000+00:00,2026-06-29T23:00:00+00:00,2026-06-30T05:59:59.999000+00:00,219210,219810,600,180,420,600.0,2026-06,SEALED_SHORT_OOS,LISTING_AFTER_30_DAYS,SKIPPED,OVERLAPS_FROZEN_RANDOM_WINDOW,0
TSLAUSDT-O-20260630T200000Z,TSLAUSDT,O,,,NYSE:2026-06-30T20:00:00+00:00:2026-07-01T06:00:00+00:00,2026-06-30T20:00:00+00:00,2026-07-01T06:00:00+00:00,2026-06-30T20:00:00+00:00,2026-06-30T22:59:59.999000+00:00,2026-06-30T23:00:00+00:00,2026-07-01T05:59:59.999000+00:00,220650,221250,600,180,420,600.0,2026-06,SEALED_SHORT_OOS,LISTING_AFTER_30_DAYS,SKIPPED,OVERLAPS_FROZEN_RANDOM_WINDOW,0
TSLAUSDT-O-20260701T200000Z,TSLAUSDT,O,,,NYSE:2026-07-01T20:00:00+00:00:2026-07-02T06:00:00+00:00,2026-07-01T20:00:00+00:00,2026-07-02T06:00:00+00:00,2026-07-01T20:00:00+00:00,2026-07-01T22:59:59.999000+00:00,2026-07-01T23:00:00+00:00,2026-07-02T05:59:59.999000+00:00,222090,222690,600,180,420,600.0,2026-07,DESCRIPTIVE_ONLY,LISTING_AFTER_30_DAYS,SKIPPED,OVERLAPS_FROZEN_RANDOM_WINDOW,0
TSLAUSDT-O-20260706T200000Z,TSLAUSDT,O,,,NYSE:2026-07-06T20:00:00+00:00:2026-07-07T06:00:00+00:00,2026-07-06T20:00:00+00:00,2026-07-07T06:00:00+00:00,2026-07-06T20:00:00+00:00,2026-07-06T22:59:59.999000+00:00,2026-07-06T23:00:00+00:00,2026-07-07T05:59:59.999000+00:00,229290,229890,600,180,420,600.0,2026-07,DESCRIPTIVE_ONLY,LISTING_AFTER_30_DAYS,SKIPPED,OVERLAPS_FROZEN_RANDOM_WINDOW,0
TSLAUSDT-O-20260707T200000Z,TSLAUSDT,O,,,NYSE:2026-07-07T20:00:00+00:00:2026-07-08T06:00:00+00:00,2026-07-07T20:00:00+00:00,2026-07-08T06:00:00+00:00,2026-07-07T20:00:00+00:00,2026-07-07T22:59:59.999000+00:00,2026-07-07T23:00:00+00:00,2026-07-08T05:59:59.999000+00:00,230730,231330,600,180,420,600.0,2026-07,DESCRIPTIVE_ONLY,LISTING_AFTER_30_DAYS,SKIPPED,OVERLAPS_FROZEN_RANDOM_WINDOW,0
TSLAUSDT-O-20260708T200000Z,TSLAUSDT,O,,,NYSE:2026-07-08T20:00:00+00:00:2026-07-09T06:00:00+00:00,2026-07-08T20:00:00+00:00,2026-07-09T06:00:00+00:00,2026-07-08T20:00:00+00:00,2026-07-08T22:59:59.999000+00:00,2026-07-08T23:00:00+00:00,2026-07-09T05:59:59.999000+00:00,232170,232770,600,180,420,600.0,2026-07,DESCRIPTIVE_ONLY,LISTING_AFTER_30_DAYS,SKIPPED,OVERLAPS_FROZEN_RANDOM_WINDOW,0
TSLAUSDT-O-20260709T200000Z,TSLAUSDT,O,,,NYSE:2026-07-09T20:00:00+00:00:2026-07-10T06:00:00+00:00,2026-07-09T20:00:00+00:00,2026-07-10T06:00:00+00:00,2026-07-09T20:00:00+00:00,2026-07-09T22:59:59.999000+00:00,2026-07-09T23:00:00+00:00,2026-07-10T05:59:59.999000+00:00,233610,234210,600,180,420,600.0,2026-07,DESCRIPTIVE_ONLY,LISTING_AFTER_30_DAYS,SKIPPED,OVERLAPS_FROZEN_RANDOM_WINDOW,0
TSLAUSDT-O-20260713T200000Z,TSLAUSDT,O,,,NYSE:2026-07-13T20:00:00+00:00:2026-07-14T06:00:00+00:00,2026-07-13T20:00:00+00:00,2026-07-14T06:00:00+00:00,2026-07-13T20:00:00+00:00,2026-07-13T22:59:59.999000+00:00,2026-07-13T23:00:00+00:00,2026-07-14T05:59:59.999000+00:00,239370,239970,600,180,420,600.0,2026-07,DESCRIPTIVE_ONLY,LISTING_AFTER_30_DAYS,SKIPPED,OVERLAPS_FROZEN_RANDOM_WINDOW,0
TSLAUSDT-O-20260714T200000Z,TSLAUSDT,O,,,NYSE:2026-07-14T20:00:00+00:00:2026-07-15T06:00:00+00:00,2026-07-14T20:00:00+00:00,2026-07-15T06:00:00+00:00,2026-07-14T20:00:00+00:00,2026-07-14T22:59:59.999000+00:00,2026-07-14T23:00:00+00:00,2026-07-15T05:59:59.999000+00:00,240810,241410,600,180,420,600.0,2026-07,DESCRIPTIVE_ONLY,LISTING_AFTER_30_DAYS,SKIPPED,OVERLAPS_FROZEN_RANDOM_WINDOW,0
TSLAUSDT-O-20260715T200000Z,TSLAUSDT,O,,,NYSE:2026-07-15T20:00:00+00:00:2026-07-16T06:00:00+00:00,2026-07-15T20:00:00+00:00,2026-07-16T06:00:00+00:00,2026-07-15T20:00:00+00:00,2026-07-15T22:59:59.999000+00:00,2026-07-15T23:00:00+00:00,2026-07-16T05:59:59.999000+00:00,242250,242850,600,180,420,600.0,2026-07,DESCRIPTIVE_ONLY,LISTING_AFTER_30_DAYS,SKIPPED,OVERLAPS_FROZEN_RANDOM_WINDOW,0
TSLAUSDT-O-20260716T200000Z,TSLAUSDT,O,,,NYSE:2026-07-16T20:00:00+00:00:2026-07-17T06:00:00+00:00,2026-07-16T20:00:00+00:00,2026-07-17T06:00:00+00:00,2026-07-16T20:00:00+00:00,2026-07-16T22:59:59.999000+00:00,2026-07-16T23:00:00+00:00,2026-07-17T05:59:59.999000+00:00,243690,244290,600,180,420,600.0,2026-07,DESCRIPTIVE_ONLY,LISTING_AFTER_30_DAYS,SKIPPED,OVERLAPS_FROZEN_RANDOM_WINDOW,0
TSLAUSDT-O-20260720T200000Z,TSLAUSDT,O,,,NYSE:2026-07-20T20:00:00+00:00:2026-07-21T06:00:00+00:00,2026-07-20T20:00:00+00:00,2026-07-21T06:00:00+00:00,2026-07-20T20:00:00+00:00,2026-07-20T22:59:59.999000+00:00,2026-07-20T23:00:00+00:00,2026-07-21T05:59:59.999000+00:00,249450,250050,600,180,420,600.0,2026-07,DESCRIPTIVE_ONLY,LISTING_AFTER_30_DAYS,SKIPPED,OVERLAPS_FROZEN_RANDOM_WINDOW,0
TSLAUSDT-O-20260721T200000Z,TSLAUSDT,O,,,NYSE:2026-07-21T20:00:00+00:00:2026-07-22T06:00:00+00:00,2026-07-21T20:00:00+00:00,2026-07-22T06:00:00+00:00,2026-07-21T20:00:00+00:00,2026-07-21T22:59:59.999000+00:00,2026-07-21T23:00:00+00:00,2026-07-22T05:59:59.999000+00:00,250890,251490,600,180,420,600.0,2026-07,DESCRIPTIVE_ONLY,LISTING_AFTER_30_DAYS,SKIPPED,OVERLAPS_FROZEN_RANDOM_WINDOW,0
TSLAUSDT-O-20260722T200000Z,TSLAUSDT,O,,,NYSE:2026-07-22T20:00:00+00:00:2026-07-23T06:00:00+00:00,2026-07-22T20:00:00+00:00,2026-07-23T06:00:00+00:00,2026-07-22T20:00:00+00:00,2026-07-22T22:59:59.999000+00:00,2026-07-22T23:00:00+00:00,2026-07-23T05:59:59.999000+00:00,252330,252930,600,180,420,600.0,2026-07,DESCRIPTIVE_ONLY,LISTING_AFTER_30_DAYS,SKIPPED,OVERLAPS_FROZEN_RANDOM_WINDOW,0
TSLAUSDT-R-TSLAUSDT-nyse_20260130T210000Z-s3,TSLAUSDT,R,3,TSLAUSDT-nyse_20260130T210000Z,R:TSLAUSDT:2026-01:3,2026-01-30T21:00:00+00:00,2026-02-02T07:00:00+00:00,2026-01-30T21:00:00+00:00,2026-01-30T21:00:00+00:00,,,0,0,0,0,0,3480.0,2026-01,DESCRIPTIVE_ONLY,LISTING_DAYS_1_14,SKIPPED,NO_MATCHED_RANDOM_WINDOW,0
TSLAUSDT-R-TSLAUSDT-nyse_20260130T210000Z-s10,TSLAUSDT,R,10,TSLAUSDT-nyse_20260130T210000Z,R:TSLAUSDT:2026-01:10,2026-01-30T21:00:00+00:00,2026-02-02T07:00:00+00:00,2026-01-30T21:00:00+00:00,2026-01-30T21:00:00+00:00,,,0,0,0,0,0,3480.0,2026-01,DESCRIPTIVE_ONLY,LISTING_DAYS_1_14,SKIPPED,NO_MATCHED_RANDOM_WINDOW,0
TSLAUSDT-R-TSLAUSDT-nyse_20260130T210000Z-s17,TSLAUSDT,R,17,TSLAUSDT-nyse_20260130T210000Z,R:TSLAUSDT:2026-01:17,2026-01-30T21:00:00+00:00,2026-02-02T07:00:00+00:00,2026-01-30T21:00:00+00:00,2026-01-30T21:00:00+00:00,,,0,0,0,0,0,3480.0,2026-01,DESCRIPTIVE_ONLY,LISTING_DAYS_1_14,SKIPPED,NO_MATCHED_RANDOM_WINDOW,0
TSLAUSDT-R-TSLAUSDT-nyse_20260130T210000Z-s31,TSLAUSDT,R,31,TSLAUSDT-nyse_20260130T210000Z,R:TSLAUSDT:2026-01:31,2026-01-30T21:00:00+00:00,2026-02-02T07:00:00+00:00,2026-01-30T21:00:00+00:00,2026-01-30T21:00:00+00:00,,,0,0,0,0,0,3480.0,2026-01,DESCRIPTIVE_ONLY,LISTING_DAYS_1_14,SKIPPED,NO_MATCHED_RANDOM_WINDOW,0
TSLAUSDT-R-TSLAUSDT-nyse_20260130T210000Z-s59,TSLAUSDT,R,59,TSLAUSDT-nyse_20260130T210000Z,R:TSLAUSDT:2026-01:59,2026-01-30T21:00:00+00:00,2026-02-02T07:00:00+00:00,2026-01-30T21:00:00+00:00,2026-01-30T21:00:00+00:00,,,0,0,0,0,0,3480.0,2026-01,DESCRIPTIVE_ONLY,LISTING_DAYS_1_14,SKIPPED,NO_MATCHED_RANDOM_WINDOW,0
TSLAUSDT-R-TSLAUSDT-nyse_20260130T210000Z-s97,TSLAUSDT,R,97,TSLAUSDT-nyse_20260130T210000Z,R:TSLAUSDT:2026-01:97,2026-01-30T21:00:00+00:00,2026-02-02T07:00:00+00:00,2026-01-30T21:00:00+00:00,2026-01-30T21:00:00+00:00,,,0,0,0,0,0,3480.0,2026-01,DESCRIPTIVE_ONLY,LISTING_DAYS_1_14,SKIPPED,NO_MATCHED_RANDOM_WINDOW,0
TSLAUSDT-R-TSLAUSDT-nyse_20260206T210000Z-s3,TSLAUSDT,R,3,TSLAUSDT-nyse_20260206T210000Z,R:TSLAUSDT:2026-02:3,2026-02-09T22:30:00+00:00,2026-02-12T08:30:00+00:00,2026-02-09T22:30:00+00:00,2026-02-10T01:29:59.999000+00:00,2026-02-10T01:30:00+00:00,2026-02-12T08:29:59.999000+00:00,17760,21240,3480,180,3300,3480.0,2026-02,RESEARCH_DEVELOPMENT,LISTING_DAYS_1_14,READY,,0
TSLAUSDT-R-TSLAUSDT-nyse_20260206T210000Z-s10,TSLAUSDT,R,10,TSLAUSDT-nyse_20260206T210000Z,R:TSLAUSDT:2026-02:10,2026-02-03T21:30:00+00:00,2026-02-06T07:30:00+00:00,2026-02-03T21:30:00+00:00,2026-02-04T00:29:59.999000+00:00,2026-02-04T00:30:00+00:00,2026-02-06T07:29:59.999000+00:00,9060,12540,3480,180,3300,3480.0,2026-02,RESEARCH_DEVELOPMENT,LISTING_DAYS_1_14,READY,,0
TSLAUSDT-R-TSLAUSDT-nyse_20260206T210000Z-s17,TSLAUSDT,R,17,TSLAUSDT-nyse_20260206T210000Z,R:TSLAUSDT:2026-02:17,2026-02-10T22:30:00+00:00,2026-02-13T08:30:00+00:00,2026-02-10T22:30:00+00:00,2026-02-11T01:29:59.999000+00:00,2026-02-11T01:30:00+00:00,2026-02-13T08:29:59.999000+00:00,19200,22680,3480,180,3300,3480.0,2026-02,RESEARCH_DEVELOPMENT,LISTING_DAYS_1_14,READY,,0
TSLAUSDT-R-TSLAUSDT-nyse_20260206T210000Z-s31,TSLAUSDT,R,31,TSLAUSDT-nyse_20260206T210000Z,R:TSLAUSDT:2026-02:31,2026-02-09T21:30:00+00:00,2026-02-12T07:30:00+00:00,2026-02-09T21:30:00+00:00,2026-02-10T00:29:59.999000+00:00,2026-02-10T00:30:00+00:00,2026-02-12T07:29:59.999000+00:00,17700,21180,3480,180,3300,3480.0,2026-02,RESEARCH_DEVELOPMENT,LISTING_DAYS_1_14,READY,,0
TSLAUSDT-R-TSLAUSDT-nyse_20260206T210000Z-s59,TSLAUSDT,R,59,TSLAUSDT-nyse_20260206T210000Z,R:TSLAUSDT:2026-02:59,2026-02-02T20:30:00+00:00,2026-02-05T06:30:00+00:00,2026-02-02T20:30:00+00:00,2026-02-02T23:29:59.999000+00:00,2026-02-02T23:30:00+00:00,2026-02-05T06:29:59.999000+00:00,7560,11040,3480,180,3300,3480.0,2026-02,RESEARCH_DEVELOPMENT,LISTING_DAYS_1_14,READY,,0
TSLAUSDT-R-TSLAUSDT-nyse_20260206T210000Z-s97,TSLAUSDT,R,97,TSLAUSDT-nyse_20260206T210000Z,R:TSLAUSDT:2026-02:97,2026-02-10T22:30:00+00:00,2026-02-13T08:30:00+00:00,2026-02-10T22:30:00+00:00,2026-02-11T01:29:59.999000+00:00,2026-02-11T01:30:00+00:00,2026-02-13T08:29:59.999000+00:00,19200,22680,3480,180,3300,3480.0,2026-02,RESEARCH_DEVELOPMENT,LISTING_DAYS_1_14,READY,,0
TSLAUSDT-R-TSLAUSDT-nyse_20260213T210000Z-s3,TSLAUSDT,R,3,TSLAUSDT-nyse_20260213T210000Z,R:TSLAUSDT:2026-02:3,2026-02-23T20:30:00+00:00,2026-02-27T06:30:00+00:00,2026-02-23T20:30:00+00:00,2026-02-23T23:29:59.999000+00:00,2026-02-23T23:30:00+00:00,2026-02-27T06:29:59.999000+00:00,37800,42720,4920,180,4740,4920.0,2026-02,RESEARCH_DEVELOPMENT,LISTING_DAYS_15_30,READY,,0
TSLAUSDT-R-TSLAUSDT-nyse_20260213T210000Z-s10,TSLAUSDT,R,10,TSLAUSDT-nyse_20260213T210000Z,R:TSLAUSDT:2026-02:10,2026-02-23T22:30:00+00:00,2026-02-27T08:30:00+00:00,2026-02-23T22:30:00+00:00,2026-02-24T01:29:59.999000+00:00,2026-02-24T01:30:00+00:00,2026-02-27T08:29:59.999000+00:00,37920,42840,4920,180,4740,4920.0,2026-02,RESEARCH_DEVELOPMENT,LISTING_DAYS_15_30,READY,,0
TSLAUSDT-R-TSLAUSDT-nyse_20260213T210000Z-s17,TSLAUSDT,R,17,TSLAUSDT-nyse_20260213T210000Z,R:TSLAUSDT:2026-02:17,2026-02-23T21:30:00+00:00,2026-02-27T07:30:00+00:00,2026-02-23T21:30:00+00:00,2026-02-24T00:29:59.999000+00:00,2026-02-24T00:30:00+00:00,2026-02-27T07:29:59.999000+00:00,37860,42780,4920,180,4740,4920.0,2026-02,RESEARCH_DEVELOPMENT,LISTING_DAYS_15_30,READY,,0
TSLAUSDT-R-TSLAUSDT-nyse_20260213T210000Z-s31,TSLAUSDT,R,31,TSLAUSDT-nyse_20260213T210000Z,R:TSLAUSDT:2026-02:31,2026-02-23T20:30:00+00:00,2026-02-27T06:30:00+00:00,2026-02-23T20:30:00+00:00,2026-02-23T23:29:59.999000+00:00,2026-02-23T23:30:00+00:00,2026-02-27T06:29:59.999000+00:00,37800,42720,4920,180,4740,4920.0,2026-02,RESEARCH_DEVELOPMENT,LISTING_DAYS_15_30,READY,,0
TSLAUSDT-R-TSLAUSDT-nyse_20260213T210000Z-s59,TSLAUSDT,R,59,TSLAUSDT-nyse_20260213T210000Z,R:TSLAUSDT:2026-02:59,2026-02-23T22:30:00+00:00,2026-02-27T08:30:00+00:00,2026-02-23T22:30:00+00:00,2026-02-24T01:29:59.999000+00:00,2026-02-24T01:30:00+00:00,2026-02-27T08:29:59.999000+00:00,37920,42840,4920,180,4740,4920.0,2026-02,RESEARCH_DEVELOPMENT,LISTING_DAYS_15_30,READY,,0
TSLAUSDT-R-TSLAUSDT-nyse_20260213T210000Z-s97,TSLAUSDT,R,97,TSLAUSDT-nyse_20260213T210000Z,R:TSLAUSDT:2026-02:97,2026-02-23T21:30:00+00:00,2026-02-27T07:30:00+00:00,2026-02-23T21:30:00+00:00,2026-02-24T00:29:59.999000+00:00,2026-02-24T00:30:00+00:00,2026-02-27T07:29:59.999000+00:00,37860,42780,4920,180,4740,4920.0,2026-02,RESEARCH_DEVELOPMENT,LISTING_DAYS_15_30,READY,,0
TSLAUSDT-R-TSLAUSDT-nyse_20260220T210000Z-s3,TSLAUSDT,R,3,TSLAUSDT-nyse_20260220T210000Z,R:TSLAUSDT:2026-02:3,2026-02-17T21:30:00+00:00,2026-02-20T07:30:00+00:00,2026-02-17T21:30:00+00:00,2026-02-18T00:29:59.999000+00:00,2026-02-18T00:30:00+00:00,2026-02-20T07:29:59.999000+00:00,29220,32700,3480,180,3300,3480.0,2026-02,RESEARCH_DEVELOPMENT,LISTING_DAYS_15_30,READY,,0
TSLAUSDT-R-TSLAUSDT-nyse_20260220T210000Z-s10,TSLAUSDT,R,10,TSLAUSDT-nyse_20260220T210000Z,R:TSLAUSDT:2026-02:10,2026-02-17T20:30:00+00:00,2026-02-20T06:30:00+00:00,2026-02-17T20:30:00+00:00,2026-02-17T23:29:59.999000+00:00,2026-02-17T23:30:00+00:00,2026-02-20T06:29:59.999000+00:00,29160,32640,3480,180,3300,3480.0,2026-02,RESEARCH_DEVELOPMENT,LISTING_DAYS_15_30,READY,,0
TSLAUSDT-R-TSLAUSDT-nyse_20260220T210000Z-s17,TSLAUSDT,R,17,TSLAUSDT-nyse_20260220T210000Z,R:TSLAUSDT:2026-02:17,2026-02-17T22:30:00+00:00,2026-02-20T08:30:00+00:00,2026-02-17T22:30:00+00:00,2026-02-18T01:29:59.999000+00:00,2026-02-18T01:30:00+00:00,2026-02-20T08:29:59.999000+00:00,29280,32760,3480,180,3300,3480.0,2026-02,RESEARCH_DEVELOPMENT,LISTING_DAYS_15_30,READY,,0
TSLAUSDT-R-TSLAUSDT-nyse_20260220T210000Z-s31,TSLAUSDT,R,31,TSLAUSDT-nyse_20260220T210000Z,R:TSLAUSDT:2026-02:31,2026-02-17T21:30:00+00:00,2026-02-20T07:30:00+00:00,2026-02-17T21:30:00+00:00,2026-02-18T00:29:59.999000+00:00,2026-02-18T00:30:00+00:00,2026-02-20T07:29:59.999000+00:00,29220,32700,3480,180,3300,3480.0,2026-02,RESEARCH_DEVELOPMENT,LISTING_DAYS_15_30,READY,,0
TSLAUSDT-R-TSLAUSDT-nyse_20260220T210000Z-s59,TSLAUSDT,R,59,TSLAUSDT-nyse_20260220T210000Z,R:TSLAUSDT:2026-02:59,2026-02-17T20:30:00+00:00,2026-02-20T06:30:00+00:00,2026-02-17T20:30:00+00:00,2026-02-17T23:29:59.999000+00:00,2026-02-17T23:30:00+00:00,2026-02-20T06:29:59.999000+00:00,29160,32640,3480,180,3300,3480.0,2026-02,RESEARCH_DEVELOPMENT,LISTING_DAYS_15_30,READY,,0
TSLAUSDT-R-TSLAUSDT-nyse_20260220T210000Z-s97,TSLAUSDT,R,97,TSLAUSDT-nyse_20260220T210000Z,R:TSLAUSDT:2026-02:97,2026-02-17T21:30:00+00:00,2026-02-20T07:30:00+00:00,2026-02-17T21:30:00+00:00,2026-02-18T00:29:59.999000+00:00,2026-02-18T00:30:00+00:00,2026-02-20T07:29:59.999000+00:00,29220,32700,3480,180,3300,3480.0,2026-02,RESEARCH_DEVELOPMENT,LISTING_DAYS_15_30,READY,,0
TSLAUSDT-R-TSLAUSDT-nyse_20260227T210000Z-s3,TSLAUSDT,R,3,TSLAUSDT-nyse_20260227T210000Z,R:TSLAUSDT:2026-02:3,2026-02-27T21:00:00+00:00,2026-03-02T07:00:00+00:00,2026-02-27T21:00:00+00:00,2026-02-27T21:00:00+00:00,,,0,0,0,0,0,3480.0,2026-02,RESEARCH_DEVELOPMENT,LISTING_AFTER_30_DAYS,SKIPPED,NO_MATCHED_RANDOM_WINDOW,0
TSLAUSDT-R-TSLAUSDT-nyse_20260227T210000Z-s10,TSLAUSDT,R,10,TSLAUSDT-nyse_20260227T210000Z,R:TSLAUSDT:2026-02:10,2026-02-27T21:00:00+00:00,2026-03-02T07:00:00+00:00,2026-02-27T21:00:00+00:00,2026-02-27T21:00:00+00:00,,,0,0,0,0,0,3480.0,2026-02,RESEARCH_DEVELOPMENT,LISTING_AFTER_30_DAYS,SKIPPED,NO_MATCHED_RANDOM_WINDOW,0
TSLAUSDT-R-TSLAUSDT-nyse_20260227T210000Z-s17,TSLAUSDT,R,17,TSLAUSDT-nyse_20260227T210000Z,R:TSLAUSDT:2026-02:17,2026-02-27T21:00:00+00:00,2026-03-02T07:00:00+00:00,2026-02-27T21:00:00+00:00,2026-02-27T21:00:00+00:00,,,0,0,0,0,0,3480.0,2026-02,RESEARCH_DEVELOPMENT,LISTING_AFTER_30_DAYS,SKIPPED,NO_MATCHED_RANDOM_WINDOW,0
TSLAUSDT-R-TSLAUSDT-nyse_20260227T210000Z-s31,TSLAUSDT,R,31,TSLAUSDT-nyse_20260227T210000Z,R:TSLAUSDT:2026-02:31,2026-02-27T21:00:00+00:00,2026-03-02T07:00:00+00:00,2026-02-27T21:00:00+00:00,2026-02-27T21:00:00+00:00,,,0,0,0,0,0,3480.0,2026-02,RESEARCH_DEVELOPMENT,LISTING_AFTER_30_DAYS,SKIPPED,NO_MATCHED_RANDOM_WINDOW,0
TSLAUSDT-R-TSLAUSDT-nyse_20260227T210000Z-s59,TSLAUSDT,R,59,TSLAUSDT-nyse_20260227T210000Z,R:TSLAUSDT:2026-02:59,2026-02-27T21:00:00+00:00,2026-03-02T07:00:00+00:00,2026-02-27T21:00:00+00:00,2026-02-27T21:00:00+00:00,,,0,0,0,0,0,3480.0,2026-02,RESEARCH_DEVELOPMENT,LISTING_AFTER_30_DAYS,SKIPPED,NO_MATCHED_RANDOM_WINDOW,0
TSLAUSDT-R-TSLAUSDT-nyse_20260227T210000Z-s97,TSLAUSDT,R,97,TSLAUSDT-nyse_20260227T210000Z,R:TSLAUSDT:2026-02:97,2026-02-27T21:00:00+00:00,2026-03-02T07:00:00+00:00,2026-02-27T21:00:00+00:00,2026-02-27T21:00:00+00:00,,,0,0,0,0,0,3480.0,2026-02,RESEARCH_DEVELOPMENT,LISTING_AFTER_30_DAYS,SKIPPED,NO_MATCHED_RANDOM_WINDOW,0
TSLAUSDT-R-TSLAUSDT-nyse_20260306T210000Z-s3,TSLAUSDT,R,3,TSLAUSDT-nyse_20260306T210000Z,R:TSLAUSDT:2026-03:3,2026-03-30T21:30:00+00:00,2026-04-02T06:30:00+00:00,2026-03-30T21:30:00+00:00,2026-03-31T00:29:59.999000+00:00,2026-03-31T00:30:00+00:00,2026-04-02T06:29:59.999000+00:00,88260,91680,3420,180,3240,3420.0,2026-03,RESEARCH_DEVELOPMENT,LISTING_AFTER_30_DAYS,READY,,0
TSLAUSDT-R-TSLAUSDT-nyse_20260306T210000Z-s10,TSLAUSDT,R,10,TSLAUSDT-nyse_20260306T210000Z,R:TSLAUSDT:2026-03:10,2026-03-17T22:30:00+00:00,2026-03-20T07:30:00+00:00,2026-03-17T22:30:00+00:00,2026-03-18T01:29:59.999000+00:00,2026-03-18T01:30:00+00:00,2026-03-20T07:29:59.999000+00:00,69600,73020,3420,180,3240,3420.0,2026-03,RESEARCH_DEVELOPMENT,LISTING_AFTER_30_DAYS,READY,,0
TSLAUSDT-R-TSLAUSDT-nyse_20260306T210000Z-s17,TSLAUSDT,R,17,TSLAUSDT-nyse_20260306T210000Z,R:TSLAUSDT:2026-03:17,2026-03-17T22:30:00+00:00,2026-03-20T07:30:00+00:00,2026-03-17T22:30:00+00:00,2026-03-18T01:29:59.999000+00:00,2026-03-18T01:30:00+00:00,2026-03-20T07:29:59.999000+00:00,69600,73020,3420,180,3240,3420.0,2026-03,RESEARCH_DEVELOPMENT,LISTING_AFTER_30_DAYS,READY,,0
TSLAUSDT-R-TSLAUSDT-nyse_20260306T210000Z-s31,TSLAUSDT,R,31,TSLAUSDT-nyse_20260306T210000Z,R:TSLAUSDT:2026-03:31,2026-03-17T21:30:00+00:00,2026-03-20T06:30:00+00:00,2026-03-17T21:30:00+00:00,2026-03-18T00:29:59.999000+00:00,2026-03-18T00:30:00+00:00,2026-03-20T06:29:59.999000+00:00,69540,72960,3420,180,3240,3420.0,2026-03,RESEARCH_DEVELOPMENT,LISTING_AFTER_30_DAYS,READY,,0
TSLAUSDT-R-TSLAUSDT-nyse_20260306T210000Z-s59,TSLAUSDT,R,59,TSLAUSDT-nyse_20260306T210000Z,R:TSLAUSDT:2026-03:59,2026-03-10T22:30:00+00:00,2026-03-13T07:30:00+00:00,2026-03-10T22:30:00+00:00,2026-03-11T01:29:59.999000+00:00,2026-03-11T01:30:00+00:00,2026-03-13T07:29:59.999000+00:00,59520,62940,3420,180,3240,3420.0,2026-03,RESEARCH_DEVELOPMENT,LISTING_AFTER_30_DAYS,READY,,0
TSLAUSDT-R-TSLAUSDT-nyse_20260306T210000Z-s97,TSLAUSDT,R,97,TSLAUSDT-nyse_20260306T210000Z,R:TSLAUSDT:2026-03:97,2026-03-09T21:30:00+00:00,2026-03-12T06:30:00+00:00,2026-03-09T21:30:00+00:00,2026-03-10T00:29:59.999000+00:00,2026-03-10T00:30:00+00:00,2026-03-12T06:29:59.999000+00:00,58020,61440,3420,180,3240,3420.0,2026-03,RESEARCH_DEVELOPMENT,LISTING_AFTER_30_DAYS,READY,,0
TSLAUSDT-R-TSLAUSDT-nyse_20260313T200000Z-s3,TSLAUSDT,R,3,TSLAUSDT-nyse_20260313T200000Z,R:TSLAUSDT:2026-03:3,2026-03-02T20:30:00+00:00,2026-03-05T06:30:00+00:00,2026-03-02T20:30:00+00:00,2026-03-02T23:29:59.999000+00:00,2026-03-02T23:30:00+00:00,2026-03-05T06:29:59.999000+00:00,47880,51360,3480,180,3300,3480.0,2026-03,RESEARCH_DEVELOPMENT,LISTING_AFTER_30_DAYS,READY,,0
TSLAUSDT-R-TSLAUSDT-nyse_20260313T200000Z-s10,TSLAUSDT,R,10,TSLAUSDT-nyse_20260313T200000Z,R:TSLAUSDT:2026-03:10,2026-03-03T19:30:00+00:00,2026-03-06T05:30:00+00:00,2026-03-03T19:30:00+00:00,2026-03-03T22:29:59.999000+00:00,2026-03-03T22:30:00+00:00,2026-03-06T05:29:59.999000+00:00,49260,52740,3480,180,3300,3480.0,2026-03,RESEARCH_DEVELOPMENT,LISTING_AFTER_30_DAYS,READY,,0
TSLAUSDT-R-TSLAUSDT-nyse_20260313T200000Z-s17,TSLAUSDT,R,17,TSLAUSDT-nyse_20260313T200000Z,R:TSLAUSDT:2026-03:17,2026-03-30T21:30:00+00:00,2026-04-02T07:30:00+00:00,2026-03-30T21:30:00+00:00,2026-03-31T00:29:59.999000+00:00,2026-03-31T00:30:00+00:00,2026-04-02T07:29:59.999000+00:00,88260,91740,3480,180,3300,3480.0,2026-03,RESEARCH_DEVELOPMENT,LISTING_AFTER_30_DAYS,READY,,0
TSLAUSDT-R-TSLAUSDT-nyse_20260313T200000Z-s31,TSLAUSDT,R,31,TSLAUSDT-nyse_20260313T200000Z,R:TSLAUSDT:2026-03:31,2026-03-23T19:30:00+00:00,2026-03-26T05:30:00+00:00,2026-03-23T19:30:00+00:00,2026-03-23T22:29:59.999000+00:00,2026-03-23T22:30:00+00:00,2026-03-26T05:29:59.999000+00:00,78060,81540,3480,180,3300,3480.0,2026-03,RESEARCH_DEVELOPMENT,LISTING_AFTER_30_DAYS,READY,,0
TSLAUSDT-R-TSLAUSDT-nyse_20260313T200000Z-s59,TSLAUSDT,R,59,TSLAUSDT-nyse_20260313T200000Z,R:TSLAUSDT:2026-03:59,2026-03-24T21:30:00+00:00,2026-03-27T07:30:00+00:00,2026-03-24T21:30:00+00:00,2026-03-25T00:29:59.999000+00:00,2026-03-25T00:30:00+00:00,2026-03-27T07:29:59.999000+00:00,79620,83100,3480,180,3300,3480.0,2026-03,RESEARCH_DEVELOPMENT,LISTING_AFTER_30_DAYS,READY,,0
TSLAUSDT-R-TSLAUSDT-nyse_20260313T200000Z-s97,TSLAUSDT,R,97,TSLAUSDT-nyse_20260313T200000Z,R:TSLAUSDT:2026-03:97,2026-03-24T20:30:00+00:00,2026-03-27T06:30:00+00:00,2026-03-24T20:30:00+00:00,2026-03-24T23:29:59.999000+00:00,2026-03-24T23:30:00+00:00,2026-03-27T06:29:59.999000+00:00,79560,83040,3480,180,3300,3480.0,2026-03,RESEARCH_DEVELOPMENT,LISTING_AFTER_30_DAYS,READY,,0
TSLAUSDT-R-TSLAUSDT-nyse_20260320T200000Z-s3,TSLAUSDT,R,3,TSLAUSDT-nyse_20260320T200000Z,R:TSLAUSDT:2026-03:3,2026-03-24T21:30:00+00:00,2026-03-27T07:30:00+00:00,2026-03-24T21:30:00+00:00,2026-03-25T00:29:59.999000+00:00,2026-03-25T00:30:00+00:00,2026-03-27T07:29:59.999000+00:00,79620,83100,3480,180,3300,3480.0,2026-03,RESEARCH_DEVELOPMENT,LISTING_AFTER_30_DAYS,READY,,0
TSLAUSDT-R-TSLAUSDT-nyse_20260320T200000Z-s10,TSLAUSDT,R,10,TSLAUSDT-nyse_20260320T200000Z,R:TSLAUSDT:2026-03:10,2026-03-30T21:30:00+00:00,2026-04-02T07:30:00+00:00,2026-03-30T21:30:00+00:00,2026-03-31T00:29:59.999000+00:00,2026-03-31T00:30:00+00:00,2026-04-02T07:29:59.999000+00:00,88260,91740,3480,180,3300,3480.0,2026-03,RESEARCH_DEVELOPMENT,LISTING_AFTER_30_DAYS,READY,,0
TSLAUSDT-R-TSLAUSDT-nyse_20260320T200000Z-s17,TSLAUSDT,R,17,TSLAUSDT-nyse_20260320T200000Z,R:TSLAUSDT:2026-03:17,2026-03-10T21:30:00+00:00,2026-03-13T07:30:00+00:00,2026-03-10T21:30:00+00:00,2026-03-11T00:29:59.999000+00:00,2026-03-11T00:30:00+00:00,2026-03-13T07:29:59.999000+00:00,59460,62940,3480,180,3300,3480.0,2026-03,RESEARCH_DEVELOPMENT,LISTING_AFTER_30_DAYS,READY,,0
TSLAUSDT-R-TSLAUSDT-nyse_20260320T200000Z-s31,TSLAUSDT,R,31,TSLAUSDT-nyse_20260320T200000Z,R:TSLAUSDT:2026-03:31,2026-03-30T21:30:00+00:00,2026-04-02T07:30:00+00:00,2026-03-30T21:30:00+00:00,2026-03-31T00:29:59.999000+00:00,2026-03-31T00:30:00+00:00,2026-04-02T07:29:59.999000+00:00,88260,91740,3480,180,3300,3480.0,2026-03,RESEARCH_DEVELOPMENT,LISTING_AFTER_30_DAYS,READY,,0
TSLAUSDT-R-TSLAUSDT-nyse_20260320T200000Z-s59,TSLAUSDT,R,59,TSLAUSDT-nyse_20260320T200000Z,R:TSLAUSDT:2026-03:59,2026-03-16T20:30:00+00:00,2026-03-19T06:30:00+00:00,2026-03-16T20:30:00+00:00,2026-03-16T23:29:59.999000+00:00,2026-03-16T23:30:00+00:00,2026-03-19T06:29:59.999000+00:00,68040,71520,3480,180,3300,3480.0,2026-03,RESEARCH_DEVELOPMENT,LISTING_AFTER_30_DAYS,READY,,0
TSLAUSDT-R-TSLAUSDT-nyse_20260320T200000Z-s97,TSLAUSDT,R,97,TSLAUSDT-nyse_20260320T200000Z,R:TSLAUSDT:2026-03:97,2026-03-17T19:30:00+00:00,2026-03-20T05:30:00+00:00,2026-03-17T19:30:00+00:00,2026-03-17T22:29:59.999000+00:00,2026-03-17T22:30:00+00:00,2026-03-20T05:29:59.999000+00:00,69420,72900,3480,180,3300,3480.0,2026-03,RESEARCH_DEVELOPMENT,LISTING_AFTER_30_DAYS,READY,,0
TSLAUSDT-R-TSLAUSDT-nyse_20260327T200000Z-s3,TSLAUSDT,R,3,TSLAUSDT-nyse_20260327T200000Z,R:TSLAUSDT:2026-03:3,2026-03-09T21:30:00+00:00,2026-03-12T07:30:00+00:00,2026-03-09T21:30:00+00:00,2026-03-10T00:29:59.999000+00:00,2026-03-10T00:30:00+00:00,2026-03-12T07:29:59.999000+00:00,58020,61500,3480,180,3300,3480.0,2026-03,RESEARCH_DEVELOPMENT,LISTING_AFTER_30_DAYS,READY,,0
TSLAUSDT-R-TSLAUSDT-nyse_20260327T200000Z-s10,TSLAUSDT,R,10,TSLAUSDT-nyse_20260327T200000Z,R:TSLAUSDT:2026-03:10,2026-03-23T20:30:00+00:00,2026-03-26T06:30:00+00:00,2026-03-23T20:30:00+00:00,2026-03-23T23:29:59.999000+00:00,2026-03-23T23:30:00+00:00,2026-03-26T06:29:59.999000+00:00,78120,81600,3480,180,3300,3480.0,2026-03,RESEARCH_DEVELOPMENT,LISTING_AFTER_30_DAYS,READY,,0
TSLAUSDT-R-TSLAUSDT-nyse_20260327T200000Z-s17,TSLAUSDT,R,17,TSLAUSDT-nyse_20260327T200000Z,R:TSLAUSDT:2026-03:17,2026-03-02T20:30:00+00:00,2026-03-05T06:30:00+00:00,2026-03-02T20:30:00+00:00,2026-03-02T23:29:59.999000+00:00,2026-03-02T23:30:00+00:00,2026-03-05T06:29:59.999000+00:00,47880,51360,3480,180,3300,3480.0,2026-03,RESEARCH_DEVELOPMENT,LISTING_AFTER_30_DAYS,READY,,0
TSLAUSDT-R-TSLAUSDT-nyse_20260327T200000Z-s31,TSLAUSDT,R,31,TSLAUSDT-nyse_20260327T200000Z,R:TSLAUSDT:2026-03:31,2026-03-03T19:30:00+00:00,2026-03-06T05:30:00+00:00,2026-03-03T19:30:00+00:00,2026-03-03T22:29:59.999000+00:00,2026-03-03T22:30:00+00:00,2026-03-06T05:29:59.999000+00:00,49260,52740,3480,180,3300,3480.0,2026-03,RESEARCH_DEVELOPMENT,LISTING_AFTER_30_DAYS,READY,,0
TSLAUSDT-R-TSLAUSDT-nyse_20260327T200000Z-s59,TSLAUSDT,R,59,TSLAUSDT-nyse_20260327T200000Z,R:TSLAUSDT:2026-03:59,2026-03-03T20:30:00+00:00,2026-03-06T06:30:00+00:00,2026-03-03T20:30:00+00:00,2026-03-03T23:29:59.999000+00:00,2026-03-03T23:30:00+00:00,2026-03-06T06:29:59.999000+00:00,49320,52800,3480,180,3300,3480.0,2026-03,RESEARCH_DEVELOPMENT,LISTING_AFTER_30_DAYS,READY,,0
TSLAUSDT-R-TSLAUSDT-nyse_20260327T200000Z-s97,TSLAUSDT,R,97,TSLAUSDT-nyse_20260327T200000Z,R:TSLAUSDT:2026-03:97,2026-03-03T20:30:00+00:00,2026-03-06T06:30:00+00:00,2026-03-03T20:30:00+00:00,2026-03-03T23:29:59.999000+00:00,2026-03-03T23:30:00+00:00,2026-03-06T06:29:59.999000+00:00,49320,52800,3480,180,3300,3480.0,2026-03,RESEARCH_DEVELOPMENT,LISTING_AFTER_30_DAYS,READY,,0
TSLAUSDT-R-TSLAUSDT-nyse_20260402T200000Z-s3,TSLAUSDT,R,3,TSLAUSDT-nyse_20260402T200000Z,R:TSLAUSDT:2026-04:3,2026-04-06T19:30:00+00:00,2026-04-10T05:30:00+00:00,2026-04-06T19:30:00+00:00,2026-04-06T22:29:59.999000+00:00,2026-04-06T22:30:00+00:00,2026-04-10T05:29:59.999000+00:00,98220,103140,4920,180,4740,4920.0,2026-04,RESEARCH_DEVELOPMENT,LISTING_AFTER_30_DAYS,READY,,0
TSLAUSDT-R-TSLAUSDT-nyse_20260402T200000Z-s10,TSLAUSDT,R,10,TSLAUSDT-nyse_20260402T200000Z,R:TSLAUSDT:2026-04:10,2026-04-06T20:30:00+00:00,2026-04-10T06:30:00+00:00,2026-04-06T20:30:00+00:00,2026-04-06T23:29:59.999000+00:00,2026-04-06T23:30:00+00:00,2026-04-10T06:29:59.999000+00:00,98280,103200,4920,180,4740,4920.0,2026-04,RESEARCH_DEVELOPMENT,LISTING_AFTER_30_DAYS,READY,,0
TSLAUSDT-R-TSLAUSDT-nyse_20260402T200000Z-s17,TSLAUSDT,R,17,TSLAUSDT-nyse_20260402T200000Z,R:TSLAUSDT:2026-04:17,2026-04-06T20:30:00+00:00,2026-04-10T06:30:00+00:00,2026-04-06T20:30:00+00:00,2026-04-06T23:29:59.999000+00:00,2026-04-06T23:30:00+00:00,2026-04-10T06:29:59.999000+00:00,98280,103200,4920,180,4740,4920.0,2026-04,RESEARCH_DEVELOPMENT,LISTING_AFTER_30_DAYS,READY,,0
TSLAUSDT-R-TSLAUSDT-nyse_20260402T200000Z-s31,TSLAUSDT,R,31,TSLAUSDT-nyse_20260402T200000Z,R:TSLAUSDT:2026-04:31,2026-04-13T19:30:00+00:00,2026-04-17T05:30:00+00:00,2026-04-13T19:30:00+00:00,2026-04-13T22:29:59.999000+00:00,2026-04-13T22:30:00+00:00,2026-04-17T05:29:59.999000+00:00,108300,113220,4920,180,4740,4920.0,2026-04,RESEARCH_DEVELOPMENT,LISTING_AFTER_30_DAYS,READY,,0
TSLAUSDT-R-TSLAUSDT-nyse_20260402T200000Z-s59,TSLAUSDT,R,59,TSLAUSDT-nyse_20260402T200000Z,R:TSLAUSDT:2026-04:59,2026-04-27T19:30:00+00:00,2026-05-01T05:30:00+00:00,2026-04-27T19:30:00+00:00,2026-04-27T22:29:59.999000+00:00,2026-04-27T22:30:00+00:00,2026-05-01T05:29:59.999000+00:00,128460,133380,4920,180,4740,4920.0,2026-04,RESEARCH_DEVELOPMENT,LISTING_AFTER_30_DAYS,READY,,0
TSLAUSDT-R-TSLAUSDT-nyse_20260402T200000Z-s97,TSLAUSDT,R,97,TSLAUSDT-nyse_20260402T200000Z,R:TSLAUSDT:2026-04:97,2026-04-20T20:30:00+00:00,2026-04-24T06:30:00+00:00,2026-04-20T20:30:00+00:00,2026-04-20T23:29:59.999000+00:00,2026-04-20T23:30:00+00:00,2026-04-24T06:29:59.999000+00:00,118440,123360,4920,180,4740,4920.0,2026-04,RESEARCH_DEVELOPMENT,LISTING_AFTER_30_DAYS,READY,,0
TSLAUSDT-R-TSLAUSDT-nyse_20260410T200000Z-s3,TSLAUSDT,R,3,TSLAUSDT-nyse_20260410T200000Z,R:TSLAUSDT:2026-04:3,2026-04-14T19:30:00+00:00,2026-04-17T05:30:00+00:00,2026-04-14T19:30:00+00:00,2026-04-14T22:29:59.999000+00:00,2026-04-14T22:30:00+00:00,2026-04-17T05:29:59.999000+00:00,109740,113220,3480,180,3300,3480.0,2026-04,RESEARCH_DEVELOPMENT,LISTING_AFTER_30_DAYS,READY,,0
TSLAUSDT-R-TSLAUSDT-nyse_20260410T200000Z-s10,TSLAUSDT,R,10,TSLAUSDT-nyse_20260410T200000Z,R:TSLAUSDT:2026-04:10,2026-04-28T20:30:00+00:00,2026-05-01T06:30:00+00:00,2026-04-28T20:30:00+00:00,2026-04-28T23:29:59.999000+00:00,2026-04-28T23:30:00+00:00,2026-05-01T06:29:59.999000+00:00,129960,133440,3480,180,3300,3480.0,2026-04,RESEARCH_DEVELOPMENT,LISTING_AFTER_30_DAYS,READY,,0
TSLAUSDT-R-TSLAUSDT-nyse_20260410T200000Z-s17,TSLAUSDT,R,17,TSLAUSDT-nyse_20260410T200000Z,R:TSLAUSDT:2026-04:17,2026-04-27T19:30:00+00:00,2026-04-30T05:30:00+00:00,2026-04-27T19:30:00+00:00,2026-04-27T22:29:59.999000+00:00,2026-04-27T22:30:00+00:00,2026-04-30T05:29:59.999000+00:00,128460,131940,3480,180,3300,3480.0,2026-04,RESEARCH_DEVELOPMENT,LISTING_AFTER_30_DAYS,READY,,0
TSLAUSDT-R-TSLAUSDT-nyse_20260410T200000Z-s31,TSLAUSDT,R,31,TSLAUSDT-nyse_20260410T200000Z,R:TSLAUSDT:2026-04:31,2026-04-07T20:30:00+00:00,2026-04-10T06:30:00+00:00,2026-04-07T20:30:00+00:00,2026-04-07T23:29:59.999000+00:00,2026-04-07T23:30:00+00:00,2026-04-10T06:29:59.999000+00:00,99720,103200,3480,180,3300,3480.0,2026-04,RESEARCH_DEVELOPMENT,LISTING_AFTER_30_DAYS,READY,,0
TSLAUSDT-R-TSLAUSDT-nyse_20260410T200000Z-s59,TSLAUSDT,R,59,TSLAUSDT-nyse_20260410T200000Z,R:TSLAUSDT:2026-04:59,2026-04-06T19:30:00+00:00,2026-04-09T05:30:00+00:00,2026-04-06T19:30:00+00:00,2026-04-06T22:29:59.999000+00:00,2026-04-06T22:30:00+00:00,2026-04-09T05:29:59.999000+00:00,98220,101700,3480,180,3300,3480.0,2026-04,RESEARCH_DEVELOPMENT,LISTING_AFTER_30_DAYS,READY,,0
TSLAUSDT-R-TSLAUSDT-nyse_20260410T200000Z-s97,TSLAUSDT,R,97,TSLAUSDT-nyse_20260410T200000Z,R:TSLAUSDT:2026-04:97,2026-04-28T19:30:00+00:00,2026-05-01T05:30:00+00:00,2026-04-28T19:30:00+00:00,2026-04-28T22:29:59.999000+00:00,2026-04-28T22:30:00+00:00,2026-05-01T05:29:59.999000+00:00,129900,133380,3480,180,3300,3480.0,2026-04,RESEARCH_DEVELOPMENT,LISTING_AFTER_30_DAYS,READY,,0
TSLAUSDT-R-TSLAUSDT-nyse_20260417T200000Z-s3,TSLAUSDT,R,3,TSLAUSDT-nyse_20260417T200000Z,R:TSLAUSDT:2026-04:3,2026-04-21T21:30:00+00:00,2026-04-24T07:30:00+00:00,2026-04-21T21:30:00+00:00,2026-04-22T00:29:59.999000+00:00,2026-04-22T00:30:00+00:00,2026-04-24T07:29:59.999000+00:00,119940,123420,3480,180,3300,3480.0,2026-04,RESEARCH_DEVELOPMENT,LISTING_AFTER_30_DAYS,READY,,0
TSLAUSDT-R-TSLAUSDT-nyse_20260417T200000Z-s10,TSLAUSDT,R,10,TSLAUSDT-nyse_20260417T200000Z,R:TSLAUSDT:2026-04:10,2026-04-13T21:30:00+00:00,2026-04-16T07:30:00+00:00,2026-04-13T21:30:00+00:00,2026-04-14T00:29:59.999000+00:00,2026-04-14T00:30:00+00:00,2026-04-16T07:29:59.999000+00:00,108420,111900,3480,180,3300,3480.0,2026-04,RESEARCH_DEVELOPMENT,LISTING_AFTER_30_DAYS,READY,,0
TSLAUSDT-R-TSLAUSDT-nyse_20260417T200000Z-s17,TSLAUSDT,R,17,TSLAUSDT-nyse_20260417T200000Z,R:TSLAUSDT:2026-04:17,2026-04-21T19:30:00+00:00,2026-04-24T05:30:00+00:00,2026-04-21T19:30:00+00:00,2026-04-21T22:29:59.999000+00:00,2026-04-21T22:30:00+00:00,2026-04-24T05:29:59.999000+00:00,119820,123300,3480,180,3300,3480.0,2026-04,RESEARCH_DEVELOPMENT,LISTING_AFTER_30_DAYS,READY,,0
TSLAUSDT-R-TSLAUSDT-nyse_20260417T200000Z-s31,TSLAUSDT,R,31,TSLAUSDT-nyse_20260417T200000Z,R:TSLAUSDT:2026-04:31,2026-04-20T20:30:00+00:00,2026-04-23T06:30:00+00:00,2026-04-20T20:30:00+00:00,2026-04-20T23:29:59.999000+00:00,2026-04-20T23:30:00+00:00,2026-04-23T06:29:59.999000+00:00,118440,121920,3480,180,3300,3480.0,2026-04,RESEARCH_DEVELOPMENT,LISTING_AFTER_30_DAYS,READY,,0
TSLAUSDT-R-TSLAUSDT-nyse_20260417T200000Z-s59,TSLAUSDT,R,59,TSLAUSDT-nyse_20260417T200000Z,R:TSLAUSDT:2026-04:59,2026-04-20T21:30:00+00:00,2026-04-23T07:30:00+00:00,2026-04-20T21:30:00+00:00,2026-04-21T00:29:59.999000+00:00,2026-04-21T00:30:00+00:00,2026-04-23T07:29:59.999000+00:00,118500,121980,3480,180,3300,3480.0,2026-04,RESEARCH_DEVELOPMENT,LISTING_AFTER_30_DAYS,READY,,0
TSLAUSDT-R-TSLAUSDT-nyse_20260417T200000Z-s97,TSLAUSDT,R,97,TSLAUSDT-nyse_20260417T200000Z,R:TSLAUSDT:2026-04:97,2026-04-13T21:30:00+00:00,2026-04-16T07:30:00+00:00,2026-04-13T21:30:00+00:00,2026-04-14T00:29:59.999000+00:00,2026-04-14T00:30:00+00:00,2026-04-16T07:29:59.999000+00:00,108420,111900,3480,180,3300,3480.0,2026-04,RESEARCH_DEVELOPMENT,LISTING_AFTER_30_DAYS,READY,,0
TSLAUSDT-R-TSLAUSDT-nyse_20260424T200000Z-s3,TSLAUSDT,R,3,TSLAUSDT-nyse_20260424T200000Z,R:TSLAUSDT:2026-04:3,2026-04-28T20:30:00+00:00,2026-05-01T06:30:00+00:00,2026-04-28T20:30:00+00:00,2026-04-28T23:29:59.999000+00:00,2026-04-28T23:30:00+00:00,2026-05-01T06:29:59.999000+00:00,129960,133440,3480,180,3300,3480.0,2026-04,RESEARCH_DEVELOPMENT,LISTING_AFTER_30_DAYS,READY,,0
TSLAUSDT-R-TSLAUSDT-nyse_20260424T200000Z-s10,TSLAUSDT,R,10,TSLAUSDT-nyse_20260424T200000Z,R:TSLAUSDT:2026-04:10,2026-04-21T19:30:00+00:00,2026-04-24T05:30:00+00:00,2026-04-21T19:30:00+00:00,2026-04-21T22:29:59.999000+00:00,2026-04-21T22:30:00+00:00,2026-04-24T05:29:59.999000+00:00,119820,123300,3480,180,3300,3480.0,2026-04,RESEARCH_DEVELOPMENT,LISTING_AFTER_30_DAYS,READY,,0
TSLAUSDT-R-TSLAUSDT-nyse_20260424T200000Z-s17,TSLAUSDT,R,17,TSLAUSDT-nyse_20260424T200000Z,R:TSLAUSDT:2026-04:17,2026-04-14T21:30:00+00:00,2026-04-17T07:30:00+00:00,2026-04-14T21:30:00+00:00,2026-04-15T00:29:59.999000+00:00,2026-04-15T00:30:00+00:00,2026-04-17T07:29:59.999000+00:00,109860,113340,3480,180,3300,3480.0,2026-04,RESEARCH_DEVELOPMENT,LISTING_AFTER_30_DAYS,READY,,0
TSLAUSDT-R-TSLAUSDT-nyse_20260424T200000Z-s31,TSLAUSDT,R,31,TSLAUSDT-nyse_20260424T200000Z,R:TSLAUSDT:2026-04:31,2026-04-27T19:30:00+00:00,2026-04-30T05:30:00+00:00,2026-04-27T19:30:00+00:00,2026-04-27T22:29:59.999000+00:00,2026-04-27T22:30:00+00:00,2026-04-30T05:29:59.999000+00:00,128460,131940,3480,180,3300,3480.0,2026-04,RESEARCH_DEVELOPMENT,LISTING_AFTER_30_DAYS,READY,,0
TSLAUSDT-R-TSLAUSDT-nyse_20260424T200000Z-s59,TSLAUSDT,R,59,TSLAUSDT-nyse_20260424T200000Z,R:TSLAUSDT:2026-04:59,2026-04-14T21:30:00+00:00,2026-04-17T07:30:00+00:00,2026-04-14T21:30:00+00:00,2026-04-15T00:29:59.999000+00:00,2026-04-15T00:30:00+00:00,2026-04-17T07:29:59.999000+00:00,109860,113340,3480,180,3300,3480.0,2026-04,RESEARCH_DEVELOPMENT,LISTING_AFTER_30_DAYS,READY,,0
TSLAUSDT-R-TSLAUSDT-nyse_20260424T200000Z-s97,TSLAUSDT,R,97,TSLAUSDT-nyse_20260424T200000Z,R:TSLAUSDT:2026-04:97,2026-04-07T21:30:00+00:00,2026-04-10T07:30:00+00:00,2026-04-07T21:30:00+00:00,2026-04-08T00:29:59.999000+00:00,2026-04-08T00:30:00+00:00,2026-04-10T07:29:59.999000+00:00,99780,103260,3480,180,3300,3480.0,2026-04,RESEARCH_DEVELOPMENT,LISTING_AFTER_30_DAYS,READY,,0
TSLAUSDT-R-TSLAUSDT-nyse_20260501T200000Z-s3,TSLAUSDT,R,3,TSLAUSDT-nyse_20260501T200000Z,R:TSLAUSDT:2026-05:3,2026-05-05T21:30:00+00:00,2026-05-08T07:30:00+00:00,2026-05-05T21:30:00+00:00,2026-05-06T00:29:59.999000+00:00,2026-05-06T00:30:00+00:00,2026-05-08T07:29:59.999000+00:00,140100,143580,3480,180,3300,3480.0,2026-05,VALIDATION,LISTING_AFTER_30_DAYS,READY,,0
TSLAUSDT-R-TSLAUSDT-nyse_20260501T200000Z-s10,TSLAUSDT,R,10,TSLAUSDT-nyse_20260501T200000Z,R:TSLAUSDT:2026-05:10,2026-05-18T20:30:00+00:00,2026-05-21T06:30:00+00:00,2026-05-18T20:30:00+00:00,2026-05-18T23:29:59.999000+00:00,2026-05-18T23:30:00+00:00,2026-05-21T06:29:59.999000+00:00,158760,162240,3480,180,3300,3480.0,2026-05,VALIDATION,LISTING_AFTER_30_DAYS,READY,,0
TSLAUSDT-R-TSLAUSDT-nyse_20260501T200000Z-s17,TSLAUSDT,R,17,TSLAUSDT-nyse_20260501T200000Z,R:TSLAUSDT:2026-05:17,2026-05-12T20:30:00+00:00,2026-05-15T06:30:00+00:00,2026-05-12T20:30:00+00:00,2026-05-12T23:29:59.999000+00:00,2026-05-12T23:30:00+00:00,2026-05-15T06:29:59.999000+00:00,150120,153600,3480,180,3300,3480.0,2026-05,VALIDATION,LISTING_AFTER_30_DAYS,READY,,0
TSLAUSDT-R-TSLAUSDT-nyse_20260501T200000Z-s31,TSLAUSDT,R,31,TSLAUSDT-nyse_20260501T200000Z,R:TSLAUSDT:2026-05:31,2026-05-11T21:30:00+00:00,2026-05-14T07:30:00+00:00,2026-05-11T21:30:00+00:00,2026-05-12T00:29:59.999000+00:00,2026-05-12T00:30:00+00:00,2026-05-14T07:29:59.999000+00:00,148740,152220,3480,180,3300,3480.0,2026-05,VALIDATION,LISTING_AFTER_30_DAYS,READY,,0
TSLAUSDT-R-TSLAUSDT-nyse_20260501T200000Z-s59,TSLAUSDT,R,59,TSLAUSDT-nyse_20260501T200000Z,R:TSLAUSDT:2026-05:59,2026-05-12T21:30:00+00:00,2026-05-15T07:30:00+00:00,2026-05-12T21:30:00+00:00,2026-05-13T00:29:59.999000+00:00,2026-05-13T00:30:00+00:00,2026-05-15T07:29:59.999000+00:00,150180,153660,3480,180,3300,3480.0,2026-05,VALIDATION,LISTING_AFTER_30_DAYS,READY,,0
TSLAUSDT-R-TSLAUSDT-nyse_20260501T200000Z-s97,TSLAUSDT,R,97,TSLAUSDT-nyse_20260501T200000Z,R:TSLAUSDT:2026-05:97,2026-05-04T20:30:00+00:00,2026-05-07T06:30:00+00:00,2026-05-04T20:30:00+00:00,2026-05-04T23:29:59.999000+00:00,2026-05-04T23:30:00+00:00,2026-05-07T06:29:59.999000+00:00,138600,142080,3480,180,3300,3480.0,2026-05,VALIDATION,LISTING_AFTER_30_DAYS,READY,,0
TSLAUSDT-R-TSLAUSDT-nyse_20260508T200000Z-s3,TSLAUSDT,R,3,TSLAUSDT-nyse_20260508T200000Z,R:TSLAUSDT:2026-05:3,2026-05-19T20:30:00+00:00,2026-05-22T06:30:00+00:00,2026-05-19T20:30:00+00:00,2026-05-19T23:29:59.999000+00:00,2026-05-19T23:30:00+00:00,2026-05-22T06:29:59.999000+00:00,160200,163680,3480,180,3300,3480.0,2026-05,VALIDATION,LISTING_AFTER_30_DAYS,READY,,0
TSLAUSDT-R-TSLAUSDT-nyse_20260508T200000Z-s10,TSLAUSDT,R,10,TSLAUSDT-nyse_20260508T200000Z,R:TSLAUSDT:2026-05:10,2026-05-05T20:30:00+00:00,2026-05-08T06:30:00+00:00,2026-05-05T20:30:00+00:00,2026-05-05T23:29:59.999000+00:00,2026-05-05T23:30:00+00:00,2026-05-08T06:29:59.999000+00:00,140040,143520,3480,180,3300,3480.0,2026-05,VALIDATION,LISTING_AFTER_30_DAYS,READY,,0
TSLAUSDT-R-TSLAUSDT-nyse_20260508T200000Z-s17,TSLAUSDT,R,17,TSLAUSDT-nyse_20260508T200000Z,R:TSLAUSDT:2026-05:17,2026-05-18T20:30:00+00:00,2026-05-21T06:30:00+00:00,2026-05-18T20:30:00+00:00,2026-05-18T23:29:59.999000+00:00,2026-05-18T23:30:00+00:00,2026-05-21T06:29:59.999000+00:00,158760,162240,3480,180,3300,3480.0,2026-05,VALIDATION,LISTING_AFTER_30_DAYS,READY,,0
TSLAUSDT-R-TSLAUSDT-nyse_20260508T200000Z-s31,TSLAUSDT,R,31,TSLAUSDT-nyse_20260508T200000Z,R:TSLAUSDT:2026-05:31,2026-05-26T21:30:00+00:00,2026-05-29T07:30:00+00:00,2026-05-26T21:30:00+00:00,2026-05-27T00:29:59.999000+00:00,2026-05-27T00:30:00+00:00,2026-05-29T07:29:59.999000+00:00,170340,173820,3480,180,3300,3480.0,2026-05,VALIDATION,LISTING_AFTER_30_DAYS,READY,,0
TSLAUSDT-R-TSLAUSDT-nyse_20260508T200000Z-s59,TSLAUSDT,R,59,TSLAUSDT-nyse_20260508T200000Z,R:TSLAUSDT:2026-05:59,2026-05-05T20:30:00+00:00,2026-05-08T06:30:00+00:00,2026-05-05T20:30:00+00:00,2026-05-05T23:29:59.999000+00:00,2026-05-05T23:30:00+00:00,2026-05-08T06:29:59.999000+00:00,140040,143520,3480,180,3300,3480.0,2026-05,VALIDATION,LISTING_AFTER_30_DAYS,READY,,0
TSLAUSDT-R-TSLAUSDT-nyse_20260508T200000Z-s97,TSLAUSDT,R,97,TSLAUSDT-nyse_20260508T200000Z,R:TSLAUSDT:2026-05:97,2026-05-12T21:30:00+00:00,2026-05-15T07:30:00+00:00,2026-05-12T21:30:00+00:00,2026-05-13T00:29:59.999000+00:00,2026-05-13T00:30:00+00:00,2026-05-15T07:29:59.999000+00:00,150180,153660,3480,180,3300,3480.0,2026-05,VALIDATION,LISTING_AFTER_30_DAYS,READY,,0
TSLAUSDT-R-TSLAUSDT-nyse_20260515T200000Z-s3,TSLAUSDT,R,3,TSLAUSDT-nyse_20260515T200000Z,R:TSLAUSDT:2026-05:3,2026-05-12T20:30:00+00:00,2026-05-15T06:30:00+00:00,2026-05-12T20:30:00+00:00,2026-05-12T23:29:59.999000+00:00,2026-05-12T23:30:00+00:00,2026-05-15T06:29:59.999000+00:00,150120,153600,3480,180,3300,3480.0,2026-05,VALIDATION,LISTING_AFTER_30_DAYS,READY,,0
TSLAUSDT-R-TSLAUSDT-nyse_20260515T200000Z-s10,TSLAUSDT,R,10,TSLAUSDT-nyse_20260515T200000Z,R:TSLAUSDT:2026-05:10,2026-05-26T21:30:00+00:00,2026-05-29T07:30:00+00:00,2026-05-26T21:30:00+00:00,2026-05-27T00:29:59.999000+00:00,2026-05-27T00:30:00+00:00,2026-05-29T07:29:59.999000+00:00,170340,173820,3480,180,3300,3480.0,2026-05,VALIDATION,LISTING_AFTER_30_DAYS,READY,,0
TSLAUSDT-R-TSLAUSDT-nyse_20260515T200000Z-s17,TSLAUSDT,R,17,TSLAUSDT-nyse_20260515T200000Z,R:TSLAUSDT:2026-05:17,2026-05-05T19:30:00+00:00,2026-05-08T05:30:00+00:00,2026-05-05T19:30:00+00:00,2026-05-05T22:29:59.999000+00:00,2026-05-05T22:30:00+00:00,2026-05-08T05:29:59.999000+00:00,139980,143460,3480,180,3300,3480.0,2026-05,VALIDATION,LISTING_AFTER_30_DAYS,READY,,0
TSLAUSDT-R-TSLAUSDT-nyse_20260515T200000Z-s31,TSLAUSDT,R,31,TSLAUSDT-nyse_20260515T200000Z,R:TSLAUSDT:2026-05:31,2026-05-19T20:30:00+00:00,2026-05-22T06:30:00+00:00,2026-05-19T20:30:00+00:00,2026-05-19T23:29:59.999000+00:00,2026-05-19T23:30:00+00:00,2026-05-22T06:29:59.999000+00:00,160200,163680,3480,180,3300,3480.0,2026-05,VALIDATION,LISTING_AFTER_30_DAYS,READY,,0
TSLAUSDT-R-TSLAUSDT-nyse_20260515T200000Z-s59,TSLAUSDT,R,59,TSLAUSDT-nyse_20260515T200000Z,R:TSLAUSDT:2026-05:59,2026-05-26T19:30:00+00:00,2026-05-29T05:30:00+00:00,2026-05-26T19:30:00+00:00,2026-05-26T22:29:59.999000+00:00,2026-05-26T22:30:00+00:00,2026-05-29T05:29:59.999000+00:00,170220,173700,3480,180,3300,3480.0,2026-05,VALIDATION,LISTING_AFTER_30_DAYS,READY,,0
TSLAUSDT-R-TSLAUSDT-nyse_20260515T200000Z-s97,TSLAUSDT,R,97,TSLAUSDT-nyse_20260515T200000Z,R:TSLAUSDT:2026-05:97,2026-05-19T20:30:00+00:00,2026-05-22T06:30:00+00:00,2026-05-19T20:30:00+00:00,2026-05-19T23:29:59.999000+00:00,2026-05-19T23:30:00+00:00,2026-05-22T06:29:59.999000+00:00,160200,163680,3480,180,3300,3480.0,2026-05,VALIDATION,LISTING_AFTER_30_DAYS,READY,,0
TSLAUSDT-R-TSLAUSDT-nyse_20260522T200000Z-s3,TSLAUSDT,R,3,TSLAUSDT-nyse_20260522T200000Z,R:TSLAUSDT:2026-05:3,2026-05-22T20:00:00+00:00,2026-05-26T06:00:00+00:00,2026-05-22T20:00:00+00:00,2026-05-22T20:00:00+00:00,,,0,0,0,0,0,4920.0,2026-05,VALIDATION,LISTING_AFTER_30_DAYS,SKIPPED,NO_MATCHED_RANDOM_WINDOW,0
TSLAUSDT-R-TSLAUSDT-nyse_20260522T200000Z-s10,TSLAUSDT,R,10,TSLAUSDT-nyse_20260522T200000Z,R:TSLAUSDT:2026-05:10,2026-05-11T21:30:00+00:00,2026-05-15T07:30:00+00:00,2026-05-11T21:30:00+00:00,2026-05-12T00:29:59.999000+00:00,2026-05-12T00:30:00+00:00,2026-05-15T07:29:59.999000+00:00,148740,153660,4920,180,4740,4920.0,2026-05,VALIDATION,LISTING_AFTER_30_DAYS,READY,,0
TSLAUSDT-R-TSLAUSDT-nyse_20260522T200000Z-s17,TSLAUSDT,R,17,TSLAUSDT-nyse_20260522T200000Z,R:TSLAUSDT:2026-05:17,2026-05-22T20:00:00+00:00,2026-05-26T06:00:00+00:00,2026-05-22T20:00:00+00:00,2026-05-22T20:00:00+00:00,,,0,0,0,0,0,4920.0,2026-05,VALIDATION,LISTING_AFTER_30_DAYS,SKIPPED,NO_MATCHED_RANDOM_WINDOW,0
TSLAUSDT-R-TSLAUSDT-nyse_20260522T200000Z-s31,TSLAUSDT,R,31,TSLAUSDT-nyse_20260522T200000Z,R:TSLAUSDT:2026-05:31,2026-05-04T20:30:00+00:00,2026-05-08T06:30:00+00:00,2026-05-04T20:30:00+00:00,2026-05-04T23:29:59.999000+00:00,2026-05-04T23:30:00+00:00,2026-05-08T06:29:59.999000+00:00,138600,143520,4920,180,4740,4920.0,2026-05,VALIDATION,LISTING_AFTER_30_DAYS,READY,,0
TSLAUSDT-R-TSLAUSDT-nyse_20260522T200000Z-s59,TSLAUSDT,R,59,TSLAUSDT-nyse_20260522T200000Z,R:TSLAUSDT:2026-05:59,2026-05-18T20:30:00+00:00,2026-05-22T06:30:00+00:00,2026-05-18T20:30:00+00:00,2026-05-18T23:29:59.999000+00:00,2026-05-18T23:30:00+00:00,2026-05-22T06:29:59.999000+00:00,158760,163680,4920,180,4740,4920.0,2026-05,VALIDATION,LISTING_AFTER_30_DAYS,READY,,0
TSLAUSDT-R-TSLAUSDT-nyse_20260522T200000Z-s97,TSLAUSDT,R,97,TSLAUSDT-nyse_20260522T200000Z,R:TSLAUSDT:2026-05:97,2026-05-22T20:00:00+00:00,2026-05-26T06:00:00+00:00,2026-05-22T20:00:00+00:00,2026-05-22T20:00:00+00:00,,,0,0,0,0,0,4920.0,2026-05,VALIDATION,LISTING_AFTER_30_DAYS,SKIPPED,NO_MATCHED_RANDOM_WINDOW,0
TSLAUSDT-R-TSLAUSDT-nyse_20260529T200000Z-s3,TSLAUSDT,R,3,TSLAUSDT-nyse_20260529T200000Z,R:TSLAUSDT:2026-05:3,2026-05-26T20:30:00+00:00,2026-05-29T06:30:00+00:00,2026-05-26T20:30:00+00:00,2026-05-26T23:29:59.999000+00:00,2026-05-26T23:30:00+00:00,2026-05-29T06:29:59.999000+00:00,170280,173760,3480,180,3300,3480.0,2026-05,VALIDATION,LISTING_AFTER_30_DAYS,READY,,0
TSLAUSDT-R-TSLAUSDT-nyse_20260529T200000Z-s10,TSLAUSDT,R,10,TSLAUSDT-nyse_20260529T200000Z,R:TSLAUSDT:2026-05:10,2026-05-29T20:00:00+00:00,2026-06-01T06:00:00+00:00,2026-05-29T20:00:00+00:00,2026-05-29T20:00:00+00:00,,,0,0,0,0,0,3480.0,2026-05,VALIDATION,LISTING_AFTER_30_DAYS,SKIPPED,NO_MATCHED_RANDOM_WINDOW,0
TSLAUSDT-R-TSLAUSDT-nyse_20260529T200000Z-s17,TSLAUSDT,R,17,TSLAUSDT-nyse_20260529T200000Z,R:TSLAUSDT:2026-05:17,2026-05-26T21:30:00+00:00,2026-05-29T07:30:00+00:00,2026-05-26T21:30:00+00:00,2026-05-27T00:29:59.999000+00:00,2026-05-27T00:30:00+00:00,2026-05-29T07:29:59.999000+00:00,170340,173820,3480,180,3300,3480.0,2026-05,VALIDATION,LISTING_AFTER_30_DAYS,READY,,0
TSLAUSDT-R-TSLAUSDT-nyse_20260529T200000Z-s31,TSLAUSDT,R,31,TSLAUSDT-nyse_20260529T200000Z,R:TSLAUSDT:2026-05:31,2026-05-29T20:00:00+00:00,2026-06-01T06:00:00+00:00,2026-05-29T20:00:00+00:00,2026-05-29T20:00:00+00:00,,,0,0,0,0,0,3480.0,2026-05,VALIDATION,LISTING_AFTER_30_DAYS,SKIPPED,NO_MATCHED_RANDOM_WINDOW,0
TSLAUSDT-R-TSLAUSDT-nyse_20260529T200000Z-s59,TSLAUSDT,R,59,TSLAUSDT-nyse_20260529T200000Z,R:TSLAUSDT:2026-05:59,2026-05-29T20:00:00+00:00,2026-06-01T06:00:00+00:00,2026-05-29T20:00:00+00:00,2026-05-29T20:00:00+00:00,,,0,0,0,0,0,3480.0,2026-05,VALIDATION,LISTING_AFTER_30_DAYS,SKIPPED,NO_MATCHED_RANDOM_WINDOW,0
TSLAUSDT-R-TSLAUSDT-nyse_20260529T200000Z-s97,TSLAUSDT,R,97,TSLAUSDT-nyse_20260529T200000Z,R:TSLAUSDT:2026-05:97,2026-05-26T21:30:00+00:00,2026-05-29T07:30:00+00:00,2026-05-26T21:30:00+00:00,2026-05-27T00:29:59.999000+00:00,2026-05-27T00:30:00+00:00,2026-05-29T07:29:59.999000+00:00,170340,173820,3480,180,3300,3480.0,2026-05,VALIDATION,LISTING_AFTER_30_DAYS,READY,,0
TSLAUSDT-R-TSLAUSDT-nyse_20260605T200000Z-s3,TSLAUSDT,R,3,TSLAUSDT-nyse_20260605T200000Z,R:TSLAUSDT:2026-06:3,2026-06-08T20:30:00+00:00,2026-06-11T06:30:00+00:00,2026-06-08T20:30:00+00:00,2026-06-08T23:29:59.999000+00:00,2026-06-08T23:30:00+00:00,2026-06-11T06:29:59.999000+00:00,189000,192480,3480,180,3300,3480.0,2026-06,SEALED_SHORT_OOS,LISTING_AFTER_30_DAYS,READY,,0
TSLAUSDT-R-TSLAUSDT-nyse_20260605T200000Z-s10,TSLAUSDT,R,10,TSLAUSDT-nyse_20260605T200000Z,R:TSLAUSDT:2026-06:10,2026-06-23T20:30:00+00:00,2026-06-26T06:30:00+00:00,2026-06-23T20:30:00+00:00,2026-06-23T23:29:59.999000+00:00,2026-06-23T23:30:00+00:00,2026-06-26T06:29:59.999000+00:00,210600,214080,3480,180,3300,3480.0,2026-06,SEALED_SHORT_OOS,LISTING_AFTER_30_DAYS,READY,,0
TSLAUSDT-R-TSLAUSDT-nyse_20260605T200000Z-s17,TSLAUSDT,R,17,TSLAUSDT-nyse_20260605T200000Z,R:TSLAUSDT:2026-06:17,2026-06-09T19:30:00+00:00,2026-06-12T05:30:00+00:00,2026-06-09T19:30:00+00:00,2026-06-09T22:29:59.999000+00:00,2026-06-09T22:30:00+00:00,2026-06-12T05:29:59.999000+00:00,190380,193860,3480,180,3300,3480.0,2026-06,SEALED_SHORT_OOS,LISTING_AFTER_30_DAYS,READY,,0
TSLAUSDT-R-TSLAUSDT-nyse_20260605T200000Z-s31,TSLAUSDT,R,31,TSLAUSDT-nyse_20260605T200000Z,R:TSLAUSDT:2026-06:31,2026-06-22T21:30:00+00:00,2026-06-25T07:30:00+00:00,2026-06-22T21:30:00+00:00,2026-06-23T00:29:59.999000+00:00,2026-06-23T00:30:00+00:00,2026-06-25T07:29:59.999000+00:00,209220,212700,3480,180,3300,3480.0,2026-06,SEALED_SHORT_OOS,LISTING_AFTER_30_DAYS,READY,,0
TSLAUSDT-R-TSLAUSDT-nyse_20260605T200000Z-s59,TSLAUSDT,R,59,TSLAUSDT-nyse_20260605T200000Z,R:TSLAUSDT:2026-06:59,2026-06-15T21:30:00+00:00,2026-06-18T07:30:00+00:00,2026-06-15T21:30:00+00:00,2026-06-16T00:29:59.999000+00:00,2026-06-16T00:30:00+00:00,2026-06-18T07:29:59.999000+00:00,199140,202620,3480,180,3300,3480.0,2026-06,SEALED_SHORT_OOS,LISTING_AFTER_30_DAYS,READY,,0
TSLAUSDT-R-TSLAUSDT-nyse_20260605T200000Z-s97,TSLAUSDT,R,97,TSLAUSDT-nyse_20260605T200000Z,R:TSLAUSDT:2026-06:97,2026-06-08T19:30:00+00:00,2026-06-11T05:30:00+00:00,2026-06-08T19:30:00+00:00,2026-06-08T22:29:59.999000+00:00,2026-06-08T22:30:00+00:00,2026-06-11T05:29:59.999000+00:00,188940,192420,3480,180,3300,3480.0,2026-06,SEALED_SHORT_OOS,LISTING_AFTER_30_DAYS,READY,,0
TSLAUSDT-R-TSLAUSDT-nyse_20260612T200000Z-s3,TSLAUSDT,R,3,TSLAUSDT-nyse_20260612T200000Z,R:TSLAUSDT:2026-06:3,2026-06-15T21:30:00+00:00,2026-06-18T07:30:00+00:00,2026-06-15T21:30:00+00:00,2026-06-16T00:29:59.999000+00:00,2026-06-16T00:30:00+00:00,2026-06-18T07:29:59.999000+00:00,199140,202620,3480,180,3300,3480.0,2026-06,SEALED_SHORT_OOS,LISTING_AFTER_30_DAYS,READY,,0
TSLAUSDT-R-TSLAUSDT-nyse_20260612T200000Z-s10,TSLAUSDT,R,10,TSLAUSDT-nyse_20260612T200000Z,R:TSLAUSDT:2026-06:10,2026-06-09T20:30:00+00:00,2026-06-12T06:30:00+00:00,2026-06-09T20:30:00+00:00,2026-06-09T23:29:59.999000+00:00,2026-06-09T23:30:00+00:00,2026-06-12T06:29:59.999000+00:00,190440,193920,3480,180,3300,3480.0,2026-06,SEALED_SHORT_OOS,LISTING_AFTER_30_DAYS,READY,,0
TSLAUSDT-R-TSLAUSDT-nyse_20260612T200000Z-s17,TSLAUSDT,R,17,TSLAUSDT-nyse_20260612T200000Z,R:TSLAUSDT:2026-06:17,2026-06-02T20:30:00+00:00,2026-06-05T06:30:00+00:00,2026-06-02T20:30:00+00:00,2026-06-02T23:29:59.999000+00:00,2026-06-02T23:30:00+00:00,2026-06-05T06:29:59.999000+00:00,180360,183840,3480,180,3300,3480.0,2026-06,SEALED_SHORT_OOS,LISTING_AFTER_30_DAYS,READY,,0
TSLAUSDT-R-TSLAUSDT-nyse_20260612T200000Z-s31,TSLAUSDT,R,31,TSLAUSDT-nyse_20260612T200000Z,R:TSLAUSDT:2026-06:31,2026-06-01T19:30:00+00:00,2026-06-04T05:30:00+00:00,2026-06-01T19:30:00+00:00,2026-06-01T22:29:59.999000+00:00,2026-06-01T22:30:00+00:00,2026-06-04T05:29:59.999000+00:00,178860,182340,3480,180,3300,3480.0,2026-06,SEALED_SHORT_OOS,LISTING_AFTER_30_DAYS,READY,,0
TSLAUSDT-R-TSLAUSDT-nyse_20260612T200000Z-s59,TSLAUSDT,R,59,TSLAUSDT-nyse_20260612T200000Z,R:TSLAUSDT:2026-06:59,2026-06-08T21:30:00+00:00,2026-06-11T07:30:00+00:00,2026-06-08T21:30:00+00:00,2026-06-09T00:29:59.999000+00:00,2026-06-09T00:30:00+00:00,2026-06-11T07:29:59.999000+00:00,189060,192540,3480,180,3300,3480.0,2026-06,SEALED_SHORT_OOS,LISTING_AFTER_30_DAYS,READY,,0
TSLAUSDT-R-TSLAUSDT-nyse_20260612T200000Z-s97,TSLAUSDT,R,97,TSLAUSDT-nyse_20260612T200000Z,R:TSLAUSDT:2026-06:97,2026-06-29T20:30:00+00:00,2026-07-02T06:30:00+00:00,2026-06-29T20:30:00+00:00,2026-06-29T23:29:59.999000+00:00,2026-06-29T23:30:00+00:00,2026-07-02T06:29:59.999000+00:00,219240,222720,3480,180,3300,3480.0,2026-06,SEALED_SHORT_OOS,LISTING_AFTER_30_DAYS,READY,,0
TSLAUSDT-R-TSLAUSDT-nyse_20260618T200000Z-s3,TSLAUSDT,R,3,TSLAUSDT-nyse_20260618T200000Z,R:TSLAUSDT:2026-06:3,2026-06-01T19:30:00+00:00,2026-06-05T05:30:00+00:00,2026-06-01T19:30:00+00:00,2026-06-01T22:29:59.999000+00:00,2026-06-01T22:30:00+00:00,2026-06-05T05:29:59.999000+00:00,178860,183780,4920,180,4740,4920.0,2026-06,SEALED_SHORT_OOS,LISTING_AFTER_30_DAYS,READY,,0
TSLAUSDT-R-TSLAUSDT-nyse_20260618T200000Z-s10,TSLAUSDT,R,10,TSLAUSDT-nyse_20260618T200000Z,R:TSLAUSDT:2026-06:10,2026-06-01T19:30:00+00:00,2026-06-05T05:30:00+00:00,2026-06-01T19:30:00+00:00,2026-06-01T22:29:59.999000+00:00,2026-06-01T22:30:00+00:00,2026-06-05T05:29:59.999000+00:00,178860,183780,4920,180,4740,4920.0,2026-06,SEALED_SHORT_OOS,LISTING_AFTER_30_DAYS,READY,,0
TSLAUSDT-R-TSLAUSDT-nyse_20260618T200000Z-s17,TSLAUSDT,R,17,TSLAUSDT-nyse_20260618T200000Z,R:TSLAUSDT:2026-06:17,2026-06-22T19:30:00+00:00,2026-06-26T05:30:00+00:00,2026-06-22T19:30:00+00:00,2026-06-22T22:29:59.999000+00:00,2026-06-22T22:30:00+00:00,2026-06-26T05:29:59.999000+00:00,209100,214020,4920,180,4740,4920.0,2026-06,SEALED_SHORT_OOS,LISTING_AFTER_30_DAYS,READY,,0
TSLAUSDT-R-TSLAUSDT-nyse_20260618T200000Z-s31,TSLAUSDT,R,31,TSLAUSDT-nyse_20260618T200000Z,R:TSLAUSDT:2026-06:31,2026-06-08T20:30:00+00:00,2026-06-12T06:30:00+00:00,2026-06-08T20:30:00+00:00,2026-06-08T23:29:59.999000+00:00,2026-06-08T23:30:00+00:00,2026-06-12T06:29:59.999000+00:00,189000,193920,4920,180,4740,4920.0,2026-06,SEALED_SHORT_OOS,LISTING_AFTER_30_DAYS,READY,,0
TSLAUSDT-R-TSLAUSDT-nyse_20260618T200000Z-s59,TSLAUSDT,R,59,TSLAUSDT-nyse_20260618T200000Z,R:TSLAUSDT:2026-06:59,2026-06-22T20:30:00+00:00,2026-06-26T06:30:00+00:00,2026-06-22T20:30:00+00:00,2026-06-22T23:29:59.999000+00:00,2026-06-22T23:30:00+00:00,2026-06-26T06:29:59.999000+00:00,209160,214080,4920,180,4740,4920.0,2026-06,SEALED_SHORT_OOS,LISTING_AFTER_30_DAYS,READY,,0
TSLAUSDT-R-TSLAUSDT-nyse_20260618T200000Z-s97,TSLAUSDT,R,97,TSLAUSDT-nyse_20260618T200000Z,R:TSLAUSDT:2026-06:97,2026-06-22T21:30:00+00:00,2026-06-26T07:30:00+00:00,2026-06-22T21:30:00+00:00,2026-06-23T00:29:59.999000+00:00,2026-06-23T00:30:00+00:00,2026-06-26T07:29:59.999000+00:00,209220,214140,4920,180,4740,4920.0,2026-06,SEALED_SHORT_OOS,LISTING_AFTER_30_DAYS,READY,,0
TSLAUSDT-R-TSLAUSDT-nyse_20260626T200000Z-s3,TSLAUSDT,R,3,TSLAUSDT-nyse_20260626T200000Z,R:TSLAUSDT:2026-06:3,2026-06-23T21:30:00+00:00,2026-06-26T07:30:00+00:00,2026-06-23T21:30:00+00:00,2026-06-24T00:29:59.999000+00:00,2026-06-24T00:30:00+00:00,2026-06-26T07:29:59.999000+00:00,210660,214140,3480,180,3300,3480.0,2026-06,SEALED_SHORT_OOS,LISTING_AFTER_30_DAYS,READY,,0
TSLAUSDT-R-TSLAUSDT-nyse_20260626T200000Z-s10,TSLAUSDT,R,10,TSLAUSDT-nyse_20260626T200000Z,R:TSLAUSDT:2026-06:10,2026-06-29T21:30:00+00:00,2026-07-02T07:30:00+00:00,2026-06-29T21:30:00+00:00,2026-06-30T00:29:59.999000+00:00,2026-06-30T00:30:00+00:00,2026-07-02T07:29:59.999000+00:00,219300,222780,3480,180,3300,3480.0,2026-06,SEALED_SHORT_OOS,LISTING_AFTER_30_DAYS,READY,,0
TSLAUSDT-R-TSLAUSDT-nyse_20260626T200000Z-s17,TSLAUSDT,R,17,TSLAUSDT-nyse_20260626T200000Z,R:TSLAUSDT:2026-06:17,2026-06-29T20:30:00+00:00,2026-07-02T06:30:00+00:00,2026-06-29T20:30:00+00:00,2026-06-29T23:29:59.999000+00:00,2026-06-29T23:30:00+00:00,2026-07-02T06:29:59.999000+00:00,219240,222720,3480,180,3300,3480.0,2026-06,SEALED_SHORT_OOS,LISTING_AFTER_30_DAYS,READY,,0
TSLAUSDT-R-TSLAUSDT-nyse_20260626T200000Z-s31,TSLAUSDT,R,31,TSLAUSDT-nyse_20260626T200000Z,R:TSLAUSDT:2026-06:31,2026-06-29T21:30:00+00:00,2026-07-02T07:30:00+00:00,2026-06-29T21:30:00+00:00,2026-06-30T00:29:59.999000+00:00,2026-06-30T00:30:00+00:00,2026-07-02T07:29:59.999000+00:00,219300,222780,3480,180,3300,3480.0,2026-06,SEALED_SHORT_OOS,LISTING_AFTER_30_DAYS,READY,,0
TSLAUSDT-R-TSLAUSDT-nyse_20260626T200000Z-s59,TSLAUSDT,R,59,TSLAUSDT-nyse_20260626T200000Z,R:TSLAUSDT:2026-06:59,2026-06-02T19:30:00+00:00,2026-06-05T05:30:00+00:00,2026-06-02T19:30:00+00:00,2026-06-02T22:29:59.999000+00:00,2026-06-02T22:30:00+00:00,2026-06-05T05:29:59.999000+00:00,180300,183780,3480,180,3300,3480.0,2026-06,SEALED_SHORT_OOS,LISTING_AFTER_30_DAYS,READY,,0
TSLAUSDT-R-TSLAUSDT-nyse_20260626T200000Z-s97,TSLAUSDT,R,97,TSLAUSDT-nyse_20260626T200000Z,R:TSLAUSDT:2026-06:97,2026-06-15T21:30:00+00:00,2026-06-18T07:30:00+00:00,2026-06-15T21:30:00+00:00,2026-06-16T00:29:59.999000+00:00,2026-06-16T00:30:00+00:00,2026-06-18T07:29:59.999000+00:00,199140,202620,3480,180,3300,3480.0,2026-06,SEALED_SHORT_OOS,LISTING_AFTER_30_DAYS,READY,,0
TSLAUSDT-R-TSLAUSDT-nyse_20260702T200000Z-s3,TSLAUSDT,R,3,TSLAUSDT-nyse_20260702T200000Z,R:TSLAUSDT:2026-07:3,2026-07-13T19:30:00+00:00,2026-07-17T05:30:00+00:00,2026-07-13T19:30:00+00:00,2026-07-13T22:29:59.999000+00:00,2026-07-13T22:30:00+00:00,2026-07-17T05:29:59.999000+00:00,239340,244260,4920,180,4740,4920.0,2026-07,DESCRIPTIVE_ONLY,LISTING_AFTER_30_DAYS,READY,,0
TSLAUSDT-R-TSLAUSDT-nyse_20260702T200000Z-s10,TSLAUSDT,R,10,TSLAUSDT-nyse_20260702T200000Z,R:TSLAUSDT:2026-07:10,2026-07-06T20:30:00+00:00,2026-07-10T06:30:00+00:00,2026-07-06T20:30:00+00:00,2026-07-06T23:29:59.999000+00:00,2026-07-06T23:30:00+00:00,2026-07-10T06:29:59.999000+00:00,229320,234240,4920,180,4740,4920.0,2026-07,DESCRIPTIVE_ONLY,LISTING_AFTER_30_DAYS,READY,,0
TSLAUSDT-R-TSLAUSDT-nyse_20260702T200000Z-s17,TSLAUSDT,R,17,TSLAUSDT-nyse_20260702T200000Z,R:TSLAUSDT:2026-07:17,2026-07-13T19:30:00+00:00,2026-07-17T05:30:00+00:00,2026-07-13T19:30:00+00:00,2026-07-13T22:29:59.999000+00:00,2026-07-13T22:30:00+00:00,2026-07-17T05:29:59.999000+00:00,239340,244260,4920,180,4740,4920.0,2026-07,DESCRIPTIVE_ONLY,LISTING_AFTER_30_DAYS,READY,,0
TSLAUSDT-R-TSLAUSDT-nyse_20260702T200000Z-s31,TSLAUSDT,R,31,TSLAUSDT-nyse_20260702T200000Z,R:TSLAUSDT:2026-07:31,2026-07-06T19:30:00+00:00,2026-07-10T05:30:00+00:00,2026-07-06T19:30:00+00:00,2026-07-06T22:29:59.999000+00:00,2026-07-06T22:30:00+00:00,2026-07-10T05:29:59.999000+00:00,229260,234180,4920,180,4740,4920.0,2026-07,DESCRIPTIVE_ONLY,LISTING_AFTER_30_DAYS,READY,,0
TSLAUSDT-R-TSLAUSDT-nyse_20260702T200000Z-s59,TSLAUSDT,R,59,TSLAUSDT-nyse_20260702T200000Z,R:TSLAUSDT:2026-07:59,2026-07-06T20:30:00+00:00,2026-07-10T06:30:00+00:00,2026-07-06T20:30:00+00:00,2026-07-06T23:29:59.999000+00:00,2026-07-06T23:30:00+00:00,2026-07-10T06:29:59.999000+00:00,229320,234240,4920,180,4740,4920.0,2026-07,DESCRIPTIVE_ONLY,LISTING_AFTER_30_DAYS,READY,,0
TSLAUSDT-R-TSLAUSDT-nyse_20260702T200000Z-s97,TSLAUSDT,R,97,TSLAUSDT-nyse_20260702T200000Z,R:TSLAUSDT:2026-07:97,2026-07-13T21:30:00+00:00,2026-07-17T07:30:00+00:00,2026-07-13T21:30:00+00:00,2026-07-14T00:29:59.999000+00:00,2026-07-14T00:30:00+00:00,2026-07-17T07:29:59.999000+00:00,239460,244380,4920,180,4740,4920.0,2026-07,DESCRIPTIVE_ONLY,LISTING_AFTER_30_DAYS,READY,,0
TSLAUSDT-R-TSLAUSDT-nyse_20260710T200000Z-s3,TSLAUSDT,R,3,TSLAUSDT-nyse_20260710T200000Z,R:TSLAUSDT:2026-07:3,2026-07-06T21:30:00+00:00,2026-07-09T07:30:00+00:00,2026-07-06T21:30:00+00:00,2026-07-07T00:29:59.999000+00:00,2026-07-07T00:30:00+00:00,2026-07-09T07:29:59.999000+00:00,229380,232860,3480,180,3300,3480.0,2026-07,DESCRIPTIVE_ONLY,LISTING_AFTER_30_DAYS,READY,,0
TSLAUSDT-R-TSLAUSDT-nyse_20260710T200000Z-s10,TSLAUSDT,R,10,TSLAUSDT-nyse_20260710T200000Z,R:TSLAUSDT:2026-07:10,2026-07-14T20:30:00+00:00,2026-07-17T06:30:00+00:00,2026-07-14T20:30:00+00:00,2026-07-14T23:29:59.999000+00:00,2026-07-14T23:30:00+00:00,2026-07-17T06:29:59.999000+00:00,240840,244320,3480,180,3300,3480.0,2026-07,DESCRIPTIVE_ONLY,LISTING_AFTER_30_DAYS,READY,,0
TSLAUSDT-R-TSLAUSDT-nyse_20260710T200000Z-s17,TSLAUSDT,R,17,TSLAUSDT-nyse_20260710T200000Z,R:TSLAUSDT:2026-07:17,2026-07-20T21:30:00+00:00,2026-07-23T07:30:00+00:00,2026-07-20T21:30:00+00:00,2026-07-21T00:29:59.999000+00:00,2026-07-21T00:30:00+00:00,2026-07-23T07:29:59.999000+00:00,249540,253020,3480,180,3300,3480.0,2026-07,DESCRIPTIVE_ONLY,LISTING_AFTER_30_DAYS,READY,,0
TSLAUSDT-R-TSLAUSDT-nyse_20260710T200000Z-s31,TSLAUSDT,R,31,TSLAUSDT-nyse_20260710T200000Z,R:TSLAUSDT:2026-07:31,2026-07-13T19:30:00+00:00,2026-07-16T05:30:00+00:00,2026-07-13T19:30:00+00:00,2026-07-13T22:29:59.999000+00:00,2026-07-13T22:30:00+00:00,2026-07-16T05:29:59.999000+00:00,239340,242820,3480,180,3300,3480.0,2026-07,DESCRIPTIVE_ONLY,LISTING_AFTER_30_DAYS,READY,,0
TSLAUSDT-R-TSLAUSDT-nyse_20260710T200000Z-s59,TSLAUSDT,R,59,TSLAUSDT-nyse_20260710T200000Z,R:TSLAUSDT:2026-07:59,2026-07-20T21:30:00+00:00,2026-07-23T07:30:00+00:00,2026-07-20T21:30:00+00:00,2026-07-21T00:29:59.999000+00:00,2026-07-21T00:30:00+00:00,2026-07-23T07:29:59.999000+00:00,249540,253020,3480,180,3300,3480.0,2026-07,DESCRIPTIVE_ONLY,LISTING_AFTER_30_DAYS,READY,,0
TSLAUSDT-R-TSLAUSDT-nyse_20260710T200000Z-s97,TSLAUSDT,R,97,TSLAUSDT-nyse_20260710T200000Z,R:TSLAUSDT:2026-07:97,2026-07-20T19:30:00+00:00,2026-07-23T05:30:00+00:00,2026-07-20T19:30:00+00:00,2026-07-20T22:29:59.999000+00:00,2026-07-20T22:30:00+00:00,2026-07-23T05:29:59.999000+00:00,249420,252900,3480,180,3300,3480.0,2026-07,DESCRIPTIVE_ONLY,LISTING_AFTER_30_DAYS,READY,,0
TSLAUSDT-R-TSLAUSDT-nyse_20260717T200000Z-s3,TSLAUSDT,R,3,TSLAUSDT-nyse_20260717T200000Z,R:TSLAUSDT:2026-07:3,2026-07-20T21:30:00+00:00,2026-07-23T07:30:00+00:00,2026-07-20T21:30:00+00:00,2026-07-21T00:29:59.999000+00:00,2026-07-21T00:30:00+00:00,2026-07-23T07:29:59.999000+00:00,249540,253020,3480,180,3300,3480.0,2026-07,DESCRIPTIVE_ONLY,LISTING_AFTER_30_DAYS,READY,,0
TSLAUSDT-R-TSLAUSDT-nyse_20260717T200000Z-s10,TSLAUSDT,R,10,TSLAUSDT-nyse_20260717T200000Z,R:TSLAUSDT:2026-07:10,2026-07-20T19:30:00+00:00,2026-07-23T05:30:00+00:00,2026-07-20T19:30:00+00:00,2026-07-20T22:29:59.999000+00:00,2026-07-20T22:30:00+00:00,2026-07-23T05:29:59.999000+00:00,249420,252900,3480,180,3300,3480.0,2026-07,DESCRIPTIVE_ONLY,LISTING_AFTER_30_DAYS,READY,,0
TSLAUSDT-R-TSLAUSDT-nyse_20260717T200000Z-s17,TSLAUSDT,R,17,TSLAUSDT-nyse_20260717T200000Z,R:TSLAUSDT:2026-07:17,2026-07-07T21:30:00+00:00,2026-07-10T07:30:00+00:00,2026-07-07T21:30:00+00:00,2026-07-08T00:29:59.999000+00:00,2026-07-08T00:30:00+00:00,2026-07-10T07:29:59.999000+00:00,230820,234300,3480,180,3300,3480.0,2026-07,DESCRIPTIVE_ONLY,LISTING_AFTER_30_DAYS,READY,,0
TSLAUSDT-R-TSLAUSDT-nyse_20260717T200000Z-s31,TSLAUSDT,R,31,TSLAUSDT-nyse_20260717T200000Z,R:TSLAUSDT:2026-07:31,2026-07-20T21:30:00+00:00,2026-07-23T07:30:00+00:00,2026-07-20T21:30:00+00:00,2026-07-21T00:29:59.999000+00:00,2026-07-21T00:30:00+00:00,2026-07-23T07:29:59.999000+00:00,249540,253020,3480,180,3300,3480.0,2026-07,DESCRIPTIVE_ONLY,LISTING_AFTER_30_DAYS,READY,,0
TSLAUSDT-R-TSLAUSDT-nyse_20260717T200000Z-s59,TSLAUSDT,R,59,TSLAUSDT-nyse_20260717T200000Z,R:TSLAUSDT:2026-07:59,2026-07-14T20:30:00+00:00,2026-07-17T06:30:00+00:00,2026-07-14T20:30:00+00:00,2026-07-14T23:29:59.999000+00:00,2026-07-14T23:30:00+00:00,2026-07-17T06:29:59.999000+00:00,240840,244320,3480,180,3300,3480.0,2026-07,DESCRIPTIVE_ONLY,LISTING_AFTER_30_DAYS,READY,,0
TSLAUSDT-R-TSLAUSDT-nyse_20260717T200000Z-s97,TSLAUSDT,R,97,TSLAUSDT-nyse_20260717T200000Z,R:TSLAUSDT:2026-07:97,2026-07-07T19:30:00+00:00,2026-07-10T05:30:00+00:00,2026-07-07T19:30:00+00:00,2026-07-07T22:29:59.999000+00:00,2026-07-07T22:30:00+00:00,2026-07-10T05:29:59.999000+00:00,230700,234180,3480,180,3300,3480.0,2026-07,DESCRIPTIVE_ONLY,LISTING_AFTER_30_DAYS,READY,,0
