timestamp,event_relative_minute,event_id,symbol,window_key,canonical_path,path_state_source,price,net_inventory,gross_inventory,gross_inventory_notional,inventory_utilization,inventory_age,unrealized_inventory_pnl,paired_grid_pnl,fills,fill_rate,one_sided_fill_ratio,reversal_ratio,ATR_pct,realized_vol,price_slope,grid_headroom_remaining,minutes_to_force_close
2026-05-10T06:49:59.999000+00:00,-1051.0,D2-2a53b8b913c713d1,MUUSDT,US_STOCK:2026-05-08T20:00:00+00:00:2026-05-11T08:00:00+00:00,31111-NEUTRAL CONTROL,FILL_LEVEL_CONTROL_REPLAY,761.75,-0.22,0.22,167.585,0.33517,1886.0,-0.7618000000000051,0.0,1,0.2,1.0,0.5789473684210527,0.000360073139856547,0.0002229383632979199,0.05093506493506394,1.2374554063556673,1390.0000166666666
2026-05-10T06:50:59.999000+00:00,-1050.0,D2-2a53b8b913c713d1,MUUSDT,US_STOCK:2026-05-08T20:00:00+00:00:2026-05-11T08:00:00+00:00,31111-NEUTRAL CONTROL,FILL_LEVEL_CONTROL_REPLAY,761.52,-0.22,0.22,167.5344,0.3350688,1887.0,-0.7112000000000012,0.0,0,0.2,1.0,0.5789473684210527,0.000392072996863422,0.00021692101732894245,0.05802597402597278,1.276519622222181,1389.0000166666666
2026-05-10T06:51:59.999000+00:00,-1049.0,D2-2a53b8b913c713d1,MUUSDT,US_STOCK:2026-05-08T20:00:00+00:00:2026-05-11T08:00:00+00:00,31111-NEUTRAL CONTROL,FILL_LEVEL_CONTROL_REPLAY,761.37,-0.22,0.22,167.5014,0.3350028,1888.0,-0.6782000000000061,0.0,0,0.2,1.0,0.5789473684210527,0.00041841867760935046,0.00022204480055174663,0.05820779220779139,1.301996284743815,1388.0000166666666
2026-05-10T06:52:59.999000+00:00,-1048.0,D2-2a53b8b913c713d1,MUUSDT,US_STOCK:2026-05-08T20:00:00+00:00:2026-05-11T08:00:00+00:00,31111-NEUTRAL CONTROL,FILL_LEVEL_CONTROL_REPLAY,761.52,-0.22,0.22,167.5344,0.3350688,1889.0,-0.7112000000000012,0.0,0,0.2,1.0,0.5789473684210527,0.0004192742334879246,0.00022426923349994586,0.06135064935064833,1.276519622222181,1387.0000166666666
2026-05-10T06:53:59.999000+00:00,-1047.0,D2-2a53b8b913c713d1,MUUSDT,US_STOCK:2026-05-08T20:00:00+00:00:2026-05-11T08:00:00+00:00,31111-NEUTRAL CONTROL,FILL_LEVEL_CONTROL_REPLAY,761.46,-0.22,0.22,167.52120000000002,0.3350424,1890.0,-0.6980000000000132,0.0,0,0.2,1.0,0.5789473684210527,0.00042962579405728476,0.0002198466066446385,0.06358441558441578,1.286710287230827,1386.0000166666666
2026-05-10T06:54:59.999000+00:00,-1046.0,D2-2a53b8b913c713d1,MUUSDT,US_STOCK:2026-05-08T20:00:00+00:00:2026-05-11T08:00:00+00:00,31111-NEUTRAL CONTROL,FILL_LEVEL_CONTROL_REPLAY,761.58,-0.22,0.22,167.54760000000002,0.33509520000000004,1891.0,-0.7244000000000141,0.0,0,0.2,1.0,0.5789473684210527,0.0004389370969375756,0.00022070592111587262,0.06441558441558606,1.2663289572135161,1385.0000166666666
2026-05-10T06:55:59.999000+00:00,-1045.0,D2-2a53b8b913c713d1,MUUSDT,US_STOCK:2026-05-08T20:00:00+00:00:2026-05-11T08:00:00+00:00,31111-NEUTRAL CONTROL,FILL_LEVEL_CONTROL_REPLAY,761.35,-0.22,0.22,167.497,0.334994,1892.0,-0.6738000000000102,0.0,0,0.0,1.0,0.5789473684210527,0.00041467693664450105,0.0002285959003410626,0.06210389610389794,1.3053931730800301,1384.0000166666666
2026-05-10T06:56:59.999000+00:00,-1044.0,D2-2a53b8b913c713d1,MUUSDT,US_STOCK:2026-05-08T20:00:00+00:00:2026-05-11T08:00:00+00:00,31111-NEUTRAL CONTROL,FILL_LEVEL_CONTROL_REPLAY,761.35,-0.22,0.22,167.497,0.334994,1893.0,-0.6738000000000102,0.0,0,0.0,1.0,0.6111111111111112,0.00038371689386334726,0.00022888782721369272,0.05689610389610604,1.3053931730800301,1383.0000166666666
2026-05-10T06:57:59.999000+00:00,-1043.0,D2-2a53b8b913c713d1,MUUSDT,US_STOCK:2026-05-08T20:00:00+00:00:2026-05-11T08:00:00+00:00,31111-NEUTRAL CONTROL,FILL_LEVEL_CONTROL_REPLAY,761.39,-0.22,0.22,167.5058,0.33501159999999996,1894.0,-0.6826000000000022,0.0,0,0.0,1.0,0.6111111111111112,0.0003733772630133251,0.0002279141900726845,0.051558441558443094,1.2985993964075995,1382.0000166666666
2026-05-10T06:58:59.999000+00:00,-1042.0,D2-2a53b8b913c713d1,MUUSDT,US_STOCK:2026-05-08T20:00:00+00:00:2026-05-11T08:00:00+00:00,31111-NEUTRAL CONTROL,FILL_LEVEL_CONTROL_REPLAY,761.35,-0.22,0.22,167.497,0.334994,1895.0,-0.6738000000000102,0.0,0,0.0,1.0,0.6666666666666666,0.00034337501993638825,0.000227252347948208,0.04618181818181973,1.3053931730800301,1381.0000166666666
2026-05-10T06:59:59.999000+00:00,-1041.0,D2-2a53b8b913c713d1,MUUSDT,US_STOCK:2026-05-08T20:00:00+00:00:2026-05-11T08:00:00+00:00,31111-NEUTRAL CONTROL,FILL_LEVEL_CONTROL_REPLAY,761.41,-0.22,0.22,167.5102,0.3350204,1896.0,-0.6869999999999982,0.0,0,0.0,1.0,0.6666666666666666,0.00029644250234996057,0.00022610803538110545,0.0398311688311704,1.2952025080713843,1380.0000166666666
2026-05-10T07:00:59.999000+00:00,-1040.0,D2-2a53b8b913c713d1,MUUSDT,US_STOCK:2026-05-08T20:00:00+00:00:2026-05-11T08:00:00+00:00,31111-NEUTRAL CONTROL,FILL_LEVEL_CONTROL_REPLAY,761.57,-0.22,0.22,167.5454,0.3350908,1897.0,-0.7222000000000162,0.0,0,0.0,0.0,0.6666666666666666,0.0002851252769185427,0.0002285993657533465,0.03393506493506655,1.2680274013816237,1379.0000166666666
2026-05-10T07:01:59.999000+00:00,-1039.0,D2-2a53b8b913c713d1,MUUSDT,US_STOCK:2026-05-08T20:00:00+00:00:2026-05-11T08:00:00+00:00,31111-NEUTRAL CONTROL,FILL_LEVEL_CONTROL_REPLAY,761.45,-0.22,0.22,167.519,0.335038,1898.0,-0.6958000000000152,0.0,0,0.0,0.0,0.6666666666666666,0.00029455081001471554,0.00022649580506871466,0.02588311688311933,1.2884087313989345,1378.0000166666666
2026-05-10T07:02:59.999000+00:00,-1038.0,D2-2a53b8b913c713d1,MUUSDT,US_STOCK:2026-05-08T20:00:00+00:00:2026-05-11T08:00:00+00:00,31111-NEUTRAL CONTROL,FILL_LEVEL_CONTROL_REPLAY,761.4,-0.22,0.22,167.508,0.33501600000000004,1899.0,-0.6848000000000002,0.0,0,0.0,0.0,0.6666666666666666,0.00029175578820967953,0.00022579937327331625,0.01937662337662598,1.2969009522394919,1377.0000166666666
2026-05-10T07:03:59.999000+00:00,-1037.0,D2-2a53b8b913c713d1,MUUSDT,US_STOCK:2026-05-08T20:00:00+00:00:2026-05-11T08:00:00+00:00,31111-NEUTRAL CONTROL,FILL_LEVEL_CONTROL_REPLAY,761.41,-0.22,0.22,167.5102,0.3350204,1900.0,-0.6869999999999982,0.0,0,0.0,0.0,0.6666666666666666,0.0002429702788248042,0.00022129014891958163,0.011272727272729275,1.2952025080713843,1376.0000166666666
2026-05-10T07:04:59.999000+00:00,-1036.0,D2-2a53b8b913c713d1,MUUSDT,US_STOCK:2026-05-08T20:00:00+00:00:2026-05-11T08:00:00+00:00,31111-NEUTRAL CONTROL,FILL_LEVEL_CONTROL_REPLAY,761.47,-0.22,0.22,167.5234,0.33504680000000003,1901.0,-0.7002000000000111,0.0,0,0.0,0.0,0.6666666666666666,0.00020918186440136506,0.00019915281660954525,0.0014025974025995227,1.2850118430627193,1375.0000166666666
2026-05-10T07:05:59.999000+00:00,-1035.0,D2-2a53b8b913c713d1,MUUSDT,US_STOCK:2026-05-08T20:00:00+00:00:2026-05-11T08:00:00+00:00,31111-NEUTRAL CONTROL,FILL_LEVEL_CONTROL_REPLAY,761.36,-0.22,0.22,167.4992,0.33499840000000003,1902.0,-0.6760000000000081,0.0,0,0.0,0.0,0.7222222222222222,0.00017356159654151866,0.00016459323842831037,-0.005818181818179627,1.3036947289119225,1374.0000166666666
2026-05-10T07:06:59.999000+00:00,-1034.0,D2-2a53b8b913c713d1,MUUSDT,US_STOCK:2026-05-08T20:00:00+00:00:2026-05-11T08:00:00+00:00,31111-NEUTRAL CONTROL,FILL_LEVEL_CONTROL_REPLAY,761.52,-0.22,0.22,167.5344,0.3350688,1903.0,-0.7112000000000012,0.0,0,0.0,0.0,0.7222222222222222,0.00016789728813049185,0.00016813851934741723,-0.005558441558440194,1.276519622222181,1373.0000166666666
2026-05-10T07:07:59.999000+00:00,-1033.0,D2-2a53b8b913c713d1,MUUSDT,US_STOCK:2026-05-08T20:00:00+00:00:2026-05-11T08:00:00+00:00,31111-NEUTRAL CONTROL,FILL_LEVEL_CONTROL_REPLAY,761.49,-0.22,0.22,167.5278,0.3350556,1904.0,-0.7046000000000071,0.0,0,0.0,0.0,0.7222222222222222,0.0001622758389097869,0.0001657430714033605,-0.00424675324675219,1.281614954726504,1372.0000166666666
2026-05-10T07:08:59.999000+00:00,-1032.0,D2-2a53b8b913c713d1,MUUSDT,US_STOCK:2026-05-08T20:00:00+00:00:2026-05-11T08:00:00+00:00,31111-NEUTRAL CONTROL,FILL_LEVEL_CONTROL_REPLAY,761.41,-0.22,0.22,167.5102,0.3350204,1905.0,-0.6869999999999982,0.0,0,0.0,0.0,0.7222222222222222,0.00013977826851308456,0.00016466320723713512,-0.005350649350649504,1.2952025080713843,1371.0000166666666
2026-05-10T07:09:59.999000+00:00,-1031.0,D2-2a53b8b913c713d1,MUUSDT,US_STOCK:2026-05-08T20:00:00+00:00:2026-05-11T08:00:00+00:00,31111-NEUTRAL CONTROL,FILL_LEVEL_CONTROL_REPLAY,761.49,-0.22,0.22,167.5278,0.3350556,1906.0,-0.7046000000000071,0.0,0,0.0,0.0,0.7222222222222222,0.00015289573261442023,0.00015252519139427777,-0.003961038961039493,1.281614954726504,1370.0000166666666
2026-05-10T07:10:59.999000+00:00,-1030.0,D2-2a53b8b913c713d1,MUUSDT,US_STOCK:2026-05-08T20:00:00+00:00:2026-05-11T08:00:00+00:00,31111-NEUTRAL CONTROL,FILL_LEVEL_CONTROL_REPLAY,761.43,-0.22,0.22,167.5146,0.3350292,1907.0,-0.6913999999999941,0.0,0,0.0,0.0,0.7777777777777778,0.00016791713336371323,0.0001388243788338343,-0.00015584415584549055,1.291805619735169,1369.0000166666666
2026-05-10T07:11:59.999000+00:00,-1029.0,D2-2a53b8b913c713d1,MUUSDT,US_STOCK:2026-05-08T20:00:00+00:00:2026-05-11T08:00:00+00:00,31111-NEUTRAL CONTROL,FILL_LEVEL_CONTROL_REPLAY,761.41,-0.22,0.22,167.5102,0.3350204,1908.0,-0.6869999999999982,0.0,0,0.0,0.0,0.7222222222222222,0.0001744883083452223,0.00013188866731606995,0.000519480519478423,1.2952025080713843,1368.0000166666666
2026-05-10T07:12:59.999000+00:00,-1028.0,D2-2a53b8b913c713d1,MUUSDT,US_STOCK:2026-05-08T20:00:00+00:00:2026-05-11T08:00:00+00:00,31111-NEUTRAL CONTROL,FILL_LEVEL_CONTROL_REPLAY,761.39,-0.22,0.22,167.5058,0.33501159999999996,1909.0,-0.6826000000000022,0.0,0,0.0,0.0,0.6666666666666666,0.0001782454270666491,0.00012418782789855865,-0.0010649350649373445,1.2985993964075995,1367.0000166666666
2026-05-10T07:13:59.999000+00:00,-1027.0,D2-2a53b8b913c713d1,MUUSDT,US_STOCK:2026-05-08T20:00:00+00:00:2026-05-11T08:00:00+00:00,31111-NEUTRAL CONTROL,FILL_LEVEL_CONTROL_REPLAY,761.38,-0.22,0.22,167.5036,0.3350072,1910.0,-0.6804000000000041,0.0,0,0.0,0.0,0.6111111111111112,0.0002223406371138019,0.0001231505913852489,-0.0006623376623403082,1.3002978405757073,1366.0000166666666
2026-05-10T07:14:59.999000+00:00,-1026.0,D2-2a53b8b913c713d1,MUUSDT,US_STOCK:2026-05-08T20:00:00+00:00:2026-05-11T08:00:00+00:00,31111-NEUTRAL CONTROL,FILL_LEVEL_CONTROL_REPLAY,761.48,-0.22,0.22,167.5256,0.3350512,1911.0,-0.7024000000000092,0.0,0,0.0,0.0,0.6111111111111112,0.00021011714030569995,0.00012153735397939962,0.0003636363636344088,1.2833133988946117,1365.0000166666666
2026-05-10T07:15:59.999000+00:00,-1025.0,D2-2a53b8b913c713d1,MUUSDT,US_STOCK:2026-05-08T20:00:00+00:00:2026-05-11T08:00:00+00:00,31111-NEUTRAL CONTROL,FILL_LEVEL_CONTROL_REPLAY,761.39,-0.22,0.22,167.5058,0.33501159999999996,1912.0,-0.6826000000000022,0.0,0,0.0,0.0,0.6111111111111112,0.00020545130803996763,0.00010462099510032455,0.0019090909090893203,1.2985993964075995,1364.0000166666666
2026-05-10T07:16:59.999000+00:00,-1024.0,D2-2a53b8b913c713d1,MUUSDT,US_STOCK:2026-05-08T20:00:00+00:00:2026-05-11T08:00:00+00:00,31111-NEUTRAL CONTROL,FILL_LEVEL_CONTROL_REPLAY,761.35,-0.22,0.22,167.497,0.334994,1913.0,-0.6738000000000102,0.0,0,0.0,0.0,0.5789473684210527,0.00020921483455137743,0.00010531135076686185,-0.00010389610389704292,1.3053931730800301,1363.0000166666666
2026-05-10T07:17:59.999000+00:00,-1023.0,D2-2a53b8b913c713d1,MUUSDT,US_STOCK:2026-05-08T20:00:00+00:00:2026-05-11T08:00:00+00:00,31111-NEUTRAL CONTROL,FILL_LEVEL_CONTROL_REPLAY,761.36,-0.22,0.22,167.4992,0.33499840000000003,1914.0,-0.6760000000000081,0.0,0,0.0,0.0,0.5789473684210527,0.0002129647698103914,0.00010467680379102797,-0.0019870129870133944,1.3036947289119225,1362.0000166666666
2026-05-10T07:18:59.999000+00:00,-1022.0,D2-2a53b8b913c713d1,MUUSDT,US_STOCK:2026-05-08T20:00:00+00:00:2026-05-11T08:00:00+00:00,31111-NEUTRAL CONTROL,FILL_LEVEL_CONTROL_REPLAY,761.18,-0.22,0.22,167.4596,0.3349192,1915.0,-0.6363999999999941,0.0,0,0.0,0.0,0.5789473684210527,0.00021207673799700816,0.00011616054870366704,-0.00564935064935186,1.3342667239378982,1361.0000166666666
2026-05-10T07:19:59.999000+00:00,-1021.0,D2-2a53b8b913c713d1,MUUSDT,US_STOCK:2026-05-08T20:00:00+00:00:2026-05-11T08:00:00+00:00,31111-NEUTRAL CONTROL,FILL_LEVEL_CONTROL_REPLAY,761.04,-0.22,0.22,167.4288,0.3348576,1916.0,-0.6055999999999971,0.0,0,0.0,0.0,0.5789473684210527,0.00022619423045153823,0.00012003505119078331,-0.011428571428572698,1.3580449422914243,1360.0000166666666
2026-05-10T07:20:59.999000+00:00,-1020.0,D2-2a53b8b913c713d1,MUUSDT,US_STOCK:2026-05-08T20:00:00+00:00:2026-05-11T08:00:00+00:00,31111-NEUTRAL CONTROL,FILL_LEVEL_CONTROL_REPLAY,760.92,-0.22,0.22,167.4024,0.3348048,1917.0,-0.5791999999999962,0.0,0,0.0,0.0,0.5263157894736842,0.00023655574830466075,0.00011050717533263969,-0.017506493506495597,1.378426272308735,1359.0000166666666
2026-05-10T07:21:59.999000+00:00,-1019.0,D2-2a53b8b913c713d1,MUUSDT,US_STOCK:2026-05-08T20:00:00+00:00:2026-05-11T08:00:00+00:00,31111-NEUTRAL CONTROL,FILL_LEVEL_CONTROL_REPLAY,760.96,-0.22,0.22,167.4112,0.3348224,1918.0,-0.5880000000000131,0.0,0,0.0,0.0,0.5789473684210527,0.0002647032320076622,0.0001090651358958073,-0.020142857142857868,1.3716324956362853,1358.0000166666666
2026-05-10T07:22:59.999000+00:00,-1018.0,D2-2a53b8b913c713d1,MUUSDT,US_STOCK:2026-05-08T20:00:00+00:00:2026-05-11T08:00:00+00:00,31111-NEUTRAL CONTROL,FILL_LEVEL_CONTROL_REPLAY,760.75,-0.22,0.22,167.365,0.33473,1919.0,-0.5418000000000052,0.0,0,0.0,0.0,0.5789473684210527,0.00028073799352139973,0.000121244379667372,-0.026428571428571312,1.407299823166584,1357.0000166666666
2026-05-10T07:23:59.999000+00:00,-1017.0,D2-2a53b8b913c713d1,MUUSDT,US_STOCK:2026-05-08T20:00:00+00:00:2026-05-11T08:00:00+00:00,31111-NEUTRAL CONTROL,FILL_LEVEL_CONTROL_REPLAY,760.67,-0.22,0.22,167.3474,0.33469479999999996,1920.0,-0.5241999999999961,0.0,0,0.0,0.0,0.5789473684210527,0.00027419436624475963,0.0001212619898519757,-0.033558441558442044,1.4208873765114642,1356.0000166666666
2026-05-10T07:24:59.999000+00:00,-1016.0,D2-2a53b8b913c713d1,MUUSDT,US_STOCK:2026-05-08T20:00:00+00:00:2026-05-11T08:00:00+00:00,31111-NEUTRAL CONTROL,FILL_LEVEL_CONTROL_REPLAY,760.67,-0.22,0.22,167.3474,0.33469479999999996,1921.0,-0.5241999999999961,0.0,0,0.0,0.0,0.5555555555555556,0.00027043827903591955,0.0001183022361936654,-0.03959740259740379,1.4208873765114642,1355.0000166666666
2026-05-10T07:25:59.999000+00:00,-1015.0,D2-2a53b8b913c713d1,MUUSDT,US_STOCK:2026-05-08T20:00:00+00:00:2026-05-11T08:00:00+00:00,31111-NEUTRAL CONTROL,FILL_LEVEL_CONTROL_REPLAY,760.2,-0.22,0.22,167.244,0.334488,1922.0,-0.42080000000001516,0.0,0,0.0,0.0,0.5,0.0003091291765324453,0.00017027180602645928,-0.04992207792207785,1.5007142524125805,1354.0000166666666
2026-05-10T07:26:59.999000+00:00,-1014.0,D2-2a53b8b913c713d1,MUUSDT,US_STOCK:2026-05-08T20:00:00+00:00:2026-05-11T08:00:00+00:00,31111-NEUTRAL CONTROL,FILL_LEVEL_CONTROL_REPLAY,760.47,-0.22,0.22,167.3034,0.33460680000000004,1923.0,-0.4802000000000111,0.0,0,0.0,0.0,0.5,0.00032780479740907915,0.00018478195445428795,-0.05666233766233677,1.454856259873636,1353.0000166666666
2026-05-10T07:27:59.999000+00:00,-1013.0,D2-2a53b8b913c713d1,MUUSDT,US_STOCK:2026-05-08T20:00:00+00:00:2026-05-11T08:00:00+00:00,31111-NEUTRAL CONTROL,FILL_LEVEL_CONTROL_REPLAY,760.49,-0.22,0.22,167.30780000000001,0.3346156,1924.0,-0.48460000000000714,0.0,0,0.0,0.0,0.5,0.0002949226344668317,0.00018585923628615665,-0.0597012987012977,1.4514593715374209,1352.0000166666666
2026-05-10T07:28:59.999000+00:00,-1012.0,D2-2a53b8b913c713d1,MUUSDT,US_STOCK:2026-05-08T20:00:00+00:00:2026-05-11T08:00:00+00:00,31111-NEUTRAL CONTROL,FILL_LEVEL_CONTROL_REPLAY,760.74,-0.22,0.22,167.3628,0.3347256,1925.0,-0.5396000000000072,0.0,0,0.0,0.0,0.4444444444444444,0.00030421506878636537,0.00020438702808333494,-0.05858441558441413,1.4089982673346917,1351.0000166666666
2026-05-10T07:29:59.999000+00:00,-1011.0,D2-2a53b8b913c713d1,MUUSDT,US_STOCK:2026-05-08T20:00:00+00:00:2026-05-11T08:00:00+00:00,31111-NEUTRAL CONTROL,FILL_LEVEL_CONTROL_REPLAY,760.75,-0.22,0.22,167.365,0.33473,1926.0,-0.5418000000000052,0.0,0,0.0,0.0,0.3888888888888889,0.0002985775315712403,0.00020200294888749915,-0.05750649350649229,1.407299823166584,1350.0000166666666
2026-05-10T07:30:59.999000+00:00,-1010.0,D2-2a53b8b913c713d1,MUUSDT,US_STOCK:2026-05-08T20:00:00+00:00:2026-05-11T08:00:00+00:00,31111-NEUTRAL CONTROL,FILL_LEVEL_CONTROL_REPLAY,760.97,-0.22,0.22,167.4134,0.3348268,1927.0,-0.5902000000000112,0.0,0,0.0,0.0,0.3888888888888889,0.00032946671447527836,0.0002147691798739922,-0.0515714285714267,1.3699340514681777,1349.0000166666666
2026-05-10T07:31:59.999000+00:00,-1009.0,D2-2a53b8b913c713d1,MUUSDT,US_STOCK:2026-05-08T20:00:00+00:00:2026-05-11T08:00:00+00:00,31111-NEUTRAL CONTROL,FILL_LEVEL_CONTROL_REPLAY,760.92,-0.22,0.22,167.4024,0.3348048,1928.0,-0.5791999999999962,0.0,0,0.0,0.0,0.4444444444444444,0.0003238560839885168,0.0002149051013225561,-0.04646753246753169,1.378426272308735,1348.0000166666666
2026-05-10T07:32:59.999000+00:00,-1008.0,D2-2a53b8b913c713d1,MUUSDT,US_STOCK:2026-05-08T20:00:00+00:00:2026-05-11T08:00:00+00:00,31111-NEUTRAL CONTROL,FILL_LEVEL_CONTROL_REPLAY,761.02,-0.22,0.22,167.4244,0.3348488,1929.0,-0.6012000000000012,0.0,0,0.0,0.0,0.5,0.0003200591687096291,0.00021784922128015197,-0.03968831168831147,1.3614418306276395,1347.0000166666666
2026-05-10T07:33:59.999000+00:00,-1007.0,D2-2a53b8b913c713d1,MUUSDT,US_STOCK:2026-05-08T20:00:00+00:00:2026-05-11T08:00:00+00:00,31111-NEUTRAL CONTROL,FILL_LEVEL_CONTROL_REPLAY,760.49,-0.22,0.22,167.30780000000001,0.3346156,1930.0,-0.48460000000000714,0.0,0,0.0,0.0,0.5,0.00033812786117218426,0.0002624393031422697,-0.03957142857142831,1.4514593715374209,1346.0000166666666
2026-05-10T07:34:59.999000+00:00,-1006.0,D2-2a53b8b913c713d1,MUUSDT,US_STOCK:2026-05-08T20:00:00+00:00:2026-05-11T08:00:00+00:00,31111-NEUTRAL CONTROL,FILL_LEVEL_CONTROL_REPLAY,760.49,-0.22,0.22,167.30780000000001,0.3346156,1931.0,-0.48460000000000714,0.0,0,0.0,0.0,0.47058823529411764,0.0003390671052309951,0.00025923181316338993,-0.03842857142857103,1.4514593715374209,1345.0000166666666
2026-05-10T07:35:59.999000+00:00,-1005.0,D2-2a53b8b913c713d1,MUUSDT,US_STOCK:2026-05-08T20:00:00+00:00:2026-05-11T08:00:00+00:00,31111-NEUTRAL CONTROL,FILL_LEVEL_CONTROL_REPLAY,760.39,-0.22,0.22,167.2858,0.33457159999999997,1932.0,-0.46260000000000223,0.0,0,0.0,0.0,0.47058823529411764,0.0003090519338760125,0.00025938443535998904,-0.03599999999999944,1.4684438132185165,1344.0000166666666
2026-05-10T07:36:59.999000+00:00,-1004.0,D2-2a53b8b913c713d1,MUUSDT,US_STOCK:2026-05-08T20:00:00+00:00:2026-05-11T08:00:00+00:00,31111-NEUTRAL CONTROL,FILL_LEVEL_CONTROL_REPLAY,760.33,-0.22,0.22,167.2726,0.33454520000000004,1933.0,-0.4494000000000141,0.0,0,0.0,0.0,0.4117647058823529,0.0002996819050374581,0.0002593813099113741,-0.034220779220778215,1.478634478227162,1343.0000166666666
2026-05-10T07:37:59.999000+00:00,-1003.0,D2-2a53b8b913c713d1,MUUSDT,US_STOCK:2026-05-08T20:00:00+00:00:2026-05-11T08:00:00+00:00,31111-NEUTRAL CONTROL,FILL_LEVEL_CONTROL_REPLAY,760.31,-0.22,0.22,167.26819999999998,0.33453639999999996,1934.0,-0.4449999999999932,0.0,0,0.0,0.0,0.35294117647058826,0.0003062660531324407,0.00025891412326806325,-0.031896103896103235,1.4820313665633966,1342.0000166666666
2026-05-10T07:38:59.999000+00:00,-1002.0,D2-2a53b8b913c713d1,MUUSDT,US_STOCK:2026-05-08T20:00:00+00:00:2026-05-11T08:00:00+00:00,31111-NEUTRAL CONTROL,FILL_LEVEL_CONTROL_REPLAY,759.86,-0.22,0.22,167.16920000000002,0.33433840000000004,1935.0,-0.3460000000000082,0.0,0,0.0,0.0,0.35294117647058826,0.00039386954739781266,0.00028105107792018413,-0.03392207792207675,1.5584613541282977,1341.0000166666666
2026-05-10T07:39:59.999000+00:00,-1001.0,D2-2a53b8b913c713d1,MUUSDT,US_STOCK:2026-05-08T20:00:00+00:00:2026-05-11T08:00:00+00:00,31111-NEUTRAL CONTROL,FILL_LEVEL_CONTROL_REPLAY,759.18,-0.22,0.22,167.0196,0.3340392,1936.0,-0.19639999999999413,0.0,0,0.0,0.0,0.35294117647058826,0.00043656125217809,0.00033152684019040787,-0.04540259740259745,1.6739555575597318,1340.0000166666666
2026-05-10T07:40:59.999000+00:00,-1000.0,D2-2a53b8b913c713d1,MUUSDT,US_STOCK:2026-05-08T20:00:00+00:00:2026-05-11T08:00:00+00:00,31111-NEUTRAL CONTROL,FILL_LEVEL_CONTROL_REPLAY,758.96,-0.22,0.22,166.9712,0.33394240000000003,1937.0,-0.14800000000001318,0.0,0,0.0,0.0,0.29411764705882354,0.0004658630607297033,0.0003334764901522655,-0.059142857142857094,1.7113213292581189,1339.0000166666666
2026-05-10T07:41:59.999000+00:00,-999.0,D2-2a53b8b913c713d1,MUUSDT,US_STOCK:2026-05-08T20:00:00+00:00:2026-05-11T08:00:00+00:00,31111-NEUTRAL CONTROL,FILL_LEVEL_CONTROL_REPLAY,758.74,-0.22,0.22,166.9228,0.33384559999999996,1938.0,-0.09960000000000718,0.0,0,0.0,0.0,0.23529411764705882,0.0004688223709232133,0.00033250965044742637,-0.07475324675324713,1.7486871009565252,1338.0000166666666
2026-05-10T07:42:59.999000+00:00,-998.0,D2-2a53b8b913c713d1,MUUSDT,US_STOCK:2026-05-08T20:00:00+00:00:2026-05-11T08:00:00+00:00,31111-NEUTRAL CONTROL,FILL_LEVEL_CONTROL_REPLAY,759.13,-0.22,0.22,167.0086,0.3340172,1939.0,-0.18540000000000417,0.0,0,0.0,0.0,0.29411764705882354,0.000483636343107041,0.00036047167826664067,-0.08189610389610383,1.68244777840027,1337.0000166666666
2026-05-10T07:43:59.999000+00:00,-997.0,D2-2a53b8b913c713d1,MUUSDT,US_STOCK:2026-05-08T20:00:00+00:00:2026-05-11T08:00:00+00:00,31111-NEUTRAL CONTROL,FILL_LEVEL_CONTROL_REPLAY,759.1,-0.22,0.22,167.002,0.334004,1940.0,-0.17880000000001017,0.0,0,0.0,0.0,0.35294117647058826,0.00048553738449667535,0.00036076779567618256,-0.09005194805194765,1.6875431109045929,1336.0000166666666
2026-05-10T07:44:59.999000+00:00,-996.0,D2-2a53b8b913c713d1,MUUSDT,US_STOCK:2026-05-08T20:00:00+00:00:2026-05-11T08:00:00+00:00,31111-NEUTRAL CONTROL,FILL_LEVEL_CONTROL_REPLAY,759.11,-0.22,0.22,167.0042,0.3340084,1941.0,-0.18100000000000815,0.0,0,0.0,0.0,0.3888888888888889,0.00046765290932802075,0.0003609676464621305,-0.09707792207792208,1.6858446667364853,1335.0000166666666
2026-05-10T07:45:59.999000+00:00,-995.0,D2-2a53b8b913c713d1,MUUSDT,US_STOCK:2026-05-08T20:00:00+00:00:2026-05-11T08:00:00+00:00,31111-NEUTRAL CONTROL,FILL_LEVEL_CONTROL_REPLAY,759.08,-0.22,0.22,166.9976,0.3339952,1942.0,-0.17440000000001415,0.0,0,0.0,0.0,0.3888888888888889,0.00048084523370395873,0.0003411502377494481,-0.10246753246753258,1.690939999240808,1334.0000166666666
2026-05-10T07:46:59.999000+00:00,-994.0,D2-2a53b8b913c713d1,MUUSDT,US_STOCK:2026-05-08T20:00:00+00:00:2026-05-11T08:00:00+00:00,31111-NEUTRAL CONTROL,FILL_LEVEL_CONTROL_REPLAY,759.0,-0.22,0.22,166.98,0.33396,1943.0,-0.15680000000000516,0.0,0,0.0,0.0,0.3888888888888889,0.00046960286090719884,0.00032666324190410654,-0.11354545454545419,1.7045275525856884,1333.0000166666666
2026-05-10T07:47:59.999000+00:00,-993.0,D2-2a53b8b913c713d1,MUUSDT,US_STOCK:2026-05-08T20:00:00+00:00:2026-05-11T08:00:00+00:00,31111-NEUTRAL CONTROL,FILL_LEVEL_CONTROL_REPLAY,758.99,-0.22,0.22,166.9778,0.3339556,1944.0,-0.15460000000000718,0.0,0,0.0,0.0,0.3888888888888889,0.0004310239359449426,0.00032603283189289384,-0.11933766233766158,1.706225996753796,1332.0000166666666
2026-05-10T07:48:59.999000+00:00,-992.0,D2-2a53b8b913c713d1,MUUSDT,US_STOCK:2026-05-08T20:00:00+00:00:2026-05-11T08:00:00+00:00,31111-NEUTRAL CONTROL,FILL_LEVEL_CONTROL_REPLAY,758.92,-0.22,0.22,166.9624,0.3339248,1945.0,-0.1391999999999961,0.0,0,0.0,0.0,0.3888888888888889,0.0004207106339083278,0.00031100339149533134,-0.12383116883116857,1.7181151059305688,1331.0000166666666
2026-05-10T07:49:59.999000+00:00,-991.0,D2-2a53b8b913c713d1,MUUSDT,US_STOCK:2026-05-08T20:00:00+00:00:2026-05-11T08:00:00+00:00,31111-NEUTRAL CONTROL,FILL_LEVEL_CONTROL_REPLAY,758.88,-0.22,0.22,166.9536,0.3339072,1946.0,-0.13040000000000412,0.0,0,0.0,0.0,0.3888888888888889,0.0004414400168669563,0.0003099261693646575,-0.12323376623376592,1.7249088826029992,1330.0000166666666
2026-05-10T07:50:59.999000+00:00,-990.0,D2-2a53b8b913c713d1,MUUSDT,US_STOCK:2026-05-08T20:00:00+00:00:2026-05-11T08:00:00+00:00,31111-NEUTRAL CONTROL,FILL_LEVEL_CONTROL_REPLAY,758.91,-0.22,0.22,166.9602,0.33392039999999995,1947.0,-0.13699999999999818,0.0,0,0.0,0.0,0.3888888888888889,0.0004574229581147411,0.00029786618393499,-0.11968831168831179,1.7198135500986764,1329.0000166666666
2026-05-10T07:51:59.999000+00:00,-989.0,D2-2a53b8b913c713d1,MUUSDT,US_STOCK:2026-05-08T20:00:00+00:00:2026-05-11T08:00:00+00:00,31111-NEUTRAL CONTROL,FILL_LEVEL_CONTROL_REPLAY,759.0,-0.22,0.22,166.98,0.33396,1948.0,-0.15680000000000516,0.0,0,0.0,0.0,0.3333333333333333,0.0004639563335215676,0.00030269390382899183,-0.10944155844155812,1.7045275525856884,1328.0000166666666
2026-05-10T07:52:59.999000+00:00,-988.0,D2-2a53b8b913c713d1,MUUSDT,US_STOCK:2026-05-08T20:00:00+00:00:2026-05-11T08:00:00+00:00,31111-NEUTRAL CONTROL,FILL_LEVEL_CONTROL_REPLAY,759.12,-0.22,0.22,167.0064,0.33401280000000005,1949.0,-0.18320000000000614,0.0,0,0.0,0.0,0.2777777777777778,0.000398958192192475,0.0003038832116635051,-0.09579220779220793,1.6841462225683776,1327.0000166666666
2026-05-10T07:53:59.999000+00:00,-987.0,D2-2a53b8b913c713d1,MUUSDT,US_STOCK:2026-05-08T20:00:00+00:00:2026-05-11T08:00:00+00:00,31111-NEUTRAL CONTROL,FILL_LEVEL_CONTROL_REPLAY,758.9,-0.22,0.22,166.958,0.333916,1950.0,-0.13480000000000014,0.0,0,0.0,0.0,0.3333333333333333,0.0003774259736837357,0.0002774171326037274,-0.08123376623376691,1.721511994266784,1326.0000166666666
2026-05-10T07:54:59.999000+00:00,-986.0,D2-2a53b8b913c713d1,MUUSDT,US_STOCK:2026-05-08T20:00:00+00:00:2026-05-11T08:00:00+00:00,31111-NEUTRAL CONTROL,FILL_LEVEL_CONTROL_REPLAY,759.07,-0.22,0.22,166.99540000000002,0.33399080000000003,1951.0,-0.17220000000001617,0.0,0,0.0,0.0,0.3684210526315789,0.00035193441598650195,0.0002858093906588917,-0.06928571428571417,1.6926384434089157,1325.0000166666666
2026-05-10T07:55:59.999000+00:00,-985.0,D2-2a53b8b913c713d1,MUUSDT,US_STOCK:2026-05-08T20:00:00+00:00:2026-05-11T08:00:00+00:00,31111-NEUTRAL CONTROL,FILL_LEVEL_CONTROL_REPLAY,758.99,-0.22,0.22,166.9778,0.3339556,1952.0,-0.15460000000000718,0.0,0,0.0,0.0,0.42105263157894735,0.000352912611308659,0.0002856920446302334,-0.056532467532467205,1.706225996753796,1324.0000166666666
2026-05-10T07:56:59.999000+00:00,-984.0,D2-2a53b8b913c713d1,MUUSDT,US_STOCK:2026-05-08T20:00:00+00:00:2026-05-11T08:00:00+00:00,31111-NEUTRAL CONTROL,FILL_LEVEL_CONTROL_REPLAY,758.86,-0.22,0.22,166.9492,0.3338984,1953.0,-0.12600000000000816,0.0,0,0.0,0.0,0.42105263157894735,0.00035203180710919295,0.0002861877097483817,-0.04494805194805167,1.7283057709392144,1323.0000166666666
2026-05-10T07:57:59.999000+00:00,-983.0,D2-2a53b8b913c713d1,MUUSDT,US_STOCK:2026-05-08T20:00:00+00:00:2026-05-11T08:00:00+00:00,31111-NEUTRAL CONTROL,FILL_LEVEL_CONTROL_REPLAY,758.97,-0.22,0.22,166.9734,0.3339468,1954.0,-0.15020000000001116,0.0,0,0.0,0.0,0.47368421052631576,0.00037833228868450685,0.0002906930094479778,-0.03080519480519366,1.7096228850900113,1322.0000166666666
2026-05-10T07:58:59.999000+00:00,-982.0,D2-2a53b8b913c713d1,MUUSDT,US_STOCK:2026-05-08T20:00:00+00:00:2026-05-11T08:00:00+00:00,31111-NEUTRAL CONTROL,FILL_LEVEL_CONTROL_REPLAY,759.49,-0.22,0.22,167.08780000000002,0.3341756,1955.0,-0.26460000000000716,0.0,0,0.0,0.0,0.47368421052631576,0.00043544258082964856,0.00031247152638293354,-0.008428571428570997,1.6213037883483377,1321.0000166666666
2026-05-10T07:59:59.999000+00:00,-981.0,D2-2a53b8b913c713d1,MUUSDT,US_STOCK:2026-05-08T20:00:00+00:00:2026-05-11T08:00:00+00:00,31111-NEUTRAL CONTROL,FILL_LEVEL_CONTROL_REPLAY,758.81,-0.22,0.22,166.9382,0.33387639999999996,1956.0,-0.11499999999999316,0.0,0,0.0,0.0,0.5263157894736842,0.0005299651522026347,0.00031253226899186044,-0.00024675324675346526,1.7367979917797718,1320.0000166666666
2026-05-10T08:00:59.999000+00:00,-980.0,D2-2a53b8b913c713d1,MUUSDT,US_STOCK:2026-05-08T20:00:00+00:00:2026-05-11T08:00:00+00:00,31111-NEUTRAL CONTROL,FILL_LEVEL_CONTROL_REPLAY,762.12,-0.22,0.22,167.6664,0.33533280000000004,1957.0,-0.8432000000000062,0.0,0,0.0,0.0,0.5789473684210527,0.0008238297680905536,0.0010010426215426313,0.04257142857142765,1.1746129721356273,1319.0000166666666
2026-05-10T08:01:59.999000+00:00,-979.0,D2-2a53b8b913c713d1,MUUSDT,US_STOCK:2026-05-08T20:00:00+00:00:2026-05-11T08:00:00+00:00,31111-NEUTRAL CONTROL,FILL_LEVEL_CONTROL_REPLAY,762.2,-0.22,0.22,167.684,0.335368,1958.0,-0.8608000000000152,0.0,0,0.0,0.0,0.5263157894736842,0.000864040184428579,0.000994898477646199,0.07946753246753253,1.161025418790747,1318.0000166666666
2026-05-10T08:02:59.999000+00:00,-978.0,D2-2a53b8b913c713d1,MUUSDT,US_STOCK:2026-05-08T20:00:00+00:00:2026-05-11T08:00:00+00:00,31111-NEUTRAL CONTROL,FILL_LEVEL_CONTROL_REPLAY,762.12,-0.22,0.22,167.6664,0.33533280000000004,1959.0,-0.8432000000000062,0.0,0,0.0,0.0,0.5263157894736842,0.0008894362342638746,0.000995147652539469,0.1079740259740261,1.1746129721356273,1317.0000166666666
2026-05-10T08:03:59.999000+00:00,-977.0,D2-2a53b8b913c713d1,MUUSDT,US_STOCK:2026-05-08T20:00:00+00:00:2026-05-11T08:00:00+00:00,31111-NEUTRAL CONTROL,FILL_LEVEL_CONTROL_REPLAY,762.25,-0.22,0.22,167.695,0.33538999999999997,1960.0,-0.8718000000000052,0.0,0,0.0,0.0,0.5263157894736842,0.0008845991660029633,0.000993702691503785,0.13935064935064928,1.152533197950209,1316.0000166666666
2026-05-10T08:04:59.999000+00:00,-976.0,D2-2a53b8b913c713d1,MUUSDT,US_STOCK:2026-05-08T20:00:00+00:00:2026-05-11T08:00:00+00:00,31111-NEUTRAL CONTROL,FILL_LEVEL_CONTROL_REPLAY,762.27,-0.22,0.22,167.6994,0.3353988,1961.0,-0.8762000000000011,0.0,0,0.0,0.0,0.47368421052631576,0.0008780166007920384,0.0009935789746047085,0.1665064935064934,1.1491363096139935,1315.0000166666666
2026-05-10T08:05:59.999000+00:00,-975.0,D2-2a53b8b913c713d1,MUUSDT,US_STOCK:2026-05-08T20:00:00+00:00:2026-05-11T08:00:00+00:00,31111-NEUTRAL CONTROL,FILL_LEVEL_CONTROL_REPLAY,762.13,-0.22,0.22,167.6686,0.3353372,1962.0,-0.8454000000000041,0.0,0,0.0,0.0,0.5263157894736842,0.0008856756721294629,0.0009958700018984166,0.18787012987012983,1.1729145279675195,1314.0000166666666
2026-05-10T08:06:59.999000+00:00,-974.0,D2-2a53b8b913c713d1,MUUSDT,US_STOCK:2026-05-08T20:00:00+00:00:2026-05-11T08:00:00+00:00,31111-NEUTRAL CONTROL,FILL_LEVEL_CONTROL_REPLAY,762.03,-0.22,0.22,167.6466,0.3352932,1963.0,-0.8233999999999991,0.0,0,0.0,0.0,0.5263157894736842,0.000855796828396364,0.0009962830313004951,0.20358441558441573,1.189898969648615,1313.0000166666666
2026-05-10T08:07:59.999000+00:00,-973.0,D2-2a53b8b913c713d1,MUUSDT,US_STOCK:2026-05-08T20:00:00+00:00:2026-05-11T08:00:00+00:00,31111-NEUTRAL CONTROL,FILL_LEVEL_CONTROL_REPLAY,761.34,-0.22,0.22,167.4948,0.3349896,1964.0,-0.6716000000000122,0.0,0,0.0,0.0,0.5263157894736842,0.0008809655156885242,0.001024400451507943,0.20536363636363694,1.3070916172481377,1312.0000166666666
2026-05-10T08:08:59.999000+00:00,-972.0,D2-2a53b8b913c713d1,MUUSDT,US_STOCK:2026-05-08T20:00:00+00:00:2026-05-11T08:00:00+00:00,31111-NEUTRAL CONTROL,FILL_LEVEL_CONTROL_REPLAY,761.48,-0.22,0.22,167.5256,0.3350512,1965.0,-0.7024000000000092,0.0,0,0.0,0.0,0.5789473684210527,0.0008958119151427092,0.0010228334999638734,0.20577922077922173,1.2833133988946117,1311.0000166666666
2026-05-10T08:09:59.999000+00:00,-971.0,D2-2a53b8b913c713d1,MUUSDT,US_STOCK:2026-05-08T20:00:00+00:00:2026-05-11T08:00:00+00:00,31111-NEUTRAL CONTROL,FILL_LEVEL_CONTROL_REPLAY,761.49,-0.22,0.22,167.5278,0.3350556,1966.0,-0.7046000000000071,0.0,0,0.0,0.0,0.5263157894736842,0.0008948621405777843,0.0010222206971945448,0.20209090909090954,1.281614954726504,1310.0000166666666
2026-05-10T08:10:59.999000+00:00,-970.0,D2-2a53b8b913c713d1,MUUSDT,US_STOCK:2026-05-08T20:00:00+00:00:2026-05-11T08:00:00+00:00,31111-NEUTRAL CONTROL,FILL_LEVEL_CONTROL_REPLAY,761.49,-0.22,0.22,167.5278,0.3350556,1967.0,-0.7046000000000071,0.0,0,0.0,0.0,0.5555555555555556,0.0008685978429507555,0.0010225135047010878,0.1944935064935069,1.281614954726504,1309.0000166666666
2026-05-10T08:11:59.999000+00:00,-969.0,D2-2a53b8b913c713d1,MUUSDT,US_STOCK:2026-05-08T20:00:00+00:00:2026-05-11T08:00:00+00:00,31111-NEUTRAL CONTROL,FILL_LEVEL_CONTROL_REPLAY,761.56,-0.22,0.22,167.54319999999998,0.33508639999999995,1968.0,-0.7199999999999932,0.0,0,0.0,0.0,0.5555555555555556,0.0008497595161810669,0.0010225973497094178,0.184844155844155,1.2697258455497507,1308.0000166666666
2026-05-10T08:12:59.999000+00:00,-968.0,D2-2a53b8b913c713d1,MUUSDT,US_STOCK:2026-05-08T20:00:00+00:00:2026-05-11T08:00:00+00:00,31111-NEUTRAL CONTROL,FILL_LEVEL_CONTROL_REPLAY,761.84,-0.22,0.22,167.6048,0.3352096,1969.0,-0.7816000000000122,0.0,0,0.0,0.0,0.5,0.0007931924213558186,0.001023506339924462,0.17667532467532418,1.2221694088426793,1307.0000166666666
2026-05-10T08:13:59.999000+00:00,-967.0,D2-2a53b8b913c713d1,MUUSDT,US_STOCK:2026-05-08T20:00:00+00:00:2026-05-11T08:00:00+00:00,31111-NEUTRAL CONTROL,FILL_LEVEL_CONTROL_REPLAY,761.66,-0.22,0.22,167.5652,0.3351304,1970.0,-0.7419999999999981,0.0,0,0.0,0.0,0.5,0.0006930351375379222,0.001022345059368913,0.16419480519480426,1.252741403868655,1306.0000166666666
2026-05-10T08:14:59.999000+00:00,-966.0,D2-2a53b8b913c713d1,MUUSDT,US_STOCK:2026-05-08T20:00:00+00:00:2026-05-11T08:00:00+00:00,31111-NEUTRAL CONTROL,FILL_LEVEL_CONTROL_REPLAY,761.4,-0.22,0.22,167.508,0.33501600000000004,1971.0,-0.6848000000000002,0.0,0,0.0,0.0,0.4444444444444444,0.0004212165559683192,0.0010285913573293717,0.14189610389610227,1.2969009522394919,1305.0000166666666
2026-05-10T08:15:59.999000+00:00,-965.0,D2-2a53b8b913c713d1,MUUSDT,US_STOCK:2026-05-08T20:00:00+00:00:2026-05-11T08:00:00+00:00,31111-NEUTRAL CONTROL,FILL_LEVEL_CONTROL_REPLAY,761.09,-0.22,0.22,167.43980000000002,0.33487960000000006,1972.0,-0.6166000000000121,0.0,0,0.0,0.0,0.4444444444444444,0.00046080527363948456,0.0010344785704015412,0.11475324675324618,1.349552721450867,1304.0000166666666
2026-05-10T08:16:59.999000+00:00,-964.0,D2-2a53b8b913c713d1,MUUSDT,US_STOCK:2026-05-08T20:00:00+00:00:2026-05-11T08:00:00+00:00,31111-NEUTRAL CONTROL,FILL_LEVEL_CONTROL_REPLAY,761.07,-0.22,0.22,167.43540000000002,0.3348708,1973.0,-0.6122000000000161,0.0,0,0.0,0.0,0.3888888888888889,0.00042609183686875525,0.0010327874591239722,0.08358441558441575,1.3529496097870821,1303.0000166666666
2026-05-10T08:17:59.999000+00:00,-963.0,D2-2a53b8b913c713d1,MUUSDT,US_STOCK:2026-05-08T20:00:00+00:00:2026-05-11T08:00:00+00:00,31111-NEUTRAL CONTROL,FILL_LEVEL_CONTROL_REPLAY,761.3,-0.22,0.22,167.486,0.334972,1974.0,-0.6627999999999951,0.0,0,0.0,0.0,0.4444444444444444,0.0004278395976806326,0.001033348419597298,0.05084415584415552,1.3138853939205875,1302.0000166666666
2026-05-10T08:18:59.999000+00:00,-962.0,D2-2a53b8b913c713d1,MUUSDT,US_STOCK:2026-05-08T20:00:00+00:00:2026-05-11T08:00:00+00:00,31111-NEUTRAL CONTROL,FILL_LEVEL_CONTROL_REPLAY,761.08,-0.22,0.22,167.4376,0.3348752,1975.0,-0.6144000000000142,0.0,0,0.0,0.0,0.4444444444444444,0.0004307788180705323,0.0010301087150117268,0.013649350649351228,1.3512511656189745,1301.0000166666666
2026-05-10T08:19:59.999000+00:00,-961.0,D2-2a53b8b913c713d1,MUUSDT,US_STOCK:2026-05-08T20:00:00+00:00:2026-05-11T08:00:00+00:00,31111-NEUTRAL CONTROL,FILL_LEVEL_CONTROL_REPLAY,761.3,-0.22,0.22,167.486,0.334972,1976.0,-0.6627999999999951,0.0,0,0.0,0.0,0.4444444444444444,0.000425024863485357,0.001004621917802271,-0.015999999999999917,1.3138853939205875,1300.0000166666666
2026-05-10T08:20:59.999000+00:00,-960.0,D2-2a53b8b913c713d1,MUUSDT,US_STOCK:2026-05-08T20:00:00+00:00:2026-05-11T08:00:00+00:00,31111-NEUTRAL CONTROL,FILL_LEVEL_CONTROL_REPLAY,761.13,-0.22,0.22,167.4486,0.3348972,1977.0,-0.6254000000000041,0.0,0,0.0,0.0,0.5,0.00043075051943442086,0.00028835478601680275,-0.05992207792207864,1.3427589447784365,1299.0000166666666
2026-05-10T08:21:59.999000+00:00,-959.0,D2-2a53b8b913c713d1,MUUSDT,US_STOCK:2026-05-08T20:00:00+00:00:2026-05-11T08:00:00+00:00,31111-NEUTRAL CONTROL,FILL_LEVEL_CONTROL_REPLAY,761.1,-0.22,0.22,167.442,0.334884,1978.0,-0.6188000000000101,0.0,0,0.0,0.0,0.4444444444444444,0.0003444263002796452,0.0002858064653621899,-0.059961038961039353,1.3478542772827593,1298.0000166666666
2026-05-10T08:22:59.999000+00:00,-958.0,D2-2a53b8b913c713d1,MUUSDT,US_STOCK:2026-05-08T20:00:00+00:00:2026-05-11T08:00:00+00:00,31111-NEUTRAL CONTROL,FILL_LEVEL_CONTROL_REPLAY,761.22,-0.22,0.22,167.4684,0.3349368,1979.0,-0.6452000000000112,0.0,0,0.0,0.0,0.4444444444444444,0.00032279010760919753,0.0002900005898434086,-0.05597402597402541,1.3274729472654485,1297.0000166666666
2026-05-10T08:23:59.999000+00:00,-957.0,D2-2a53b8b913c713d1,MUUSDT,US_STOCK:2026-05-08T20:00:00+00:00:2026-05-11T08:00:00+00:00,31111-NEUTRAL CONTROL,FILL_LEVEL_CONTROL_REPLAY,761.15,-0.22,0.22,167.453,0.334906,1980.0,-0.6298000000000001,0.0,0,0.0,0.0,0.5,0.0003181276451985235,0.0002852123718582987,-0.05276623376623347,1.339362056442221,1296.0000166666666
2026-05-10T08:24:59.999000+00:00,-956.0,D2-2a53b8b913c713d1,MUUSDT,US_STOCK:2026-05-08T20:00:00+00:00:2026-05-11T08:00:00+00:00,31111-NEUTRAL CONTROL,FILL_LEVEL_CONTROL_REPLAY,761.13,-0.22,0.22,167.4486,0.3348972,1981.0,-0.6254000000000041,0.0,0,0.0,0.0,0.4444444444444444,0.0003143821873868011,0.0002845353074695672,-0.04670129870129845,1.3427589447784365,1295.0000166666666
2026-05-10T08:25:59.999000+00:00,-955.0,D2-2a53b8b913c713d1,MUUSDT,US_STOCK:2026-05-08T20:00:00+00:00:2026-05-11T08:00:00+00:00,31111-NEUTRAL CONTROL,FILL_LEVEL_CONTROL_REPLAY,761.03,-0.22,0.22,167.4266,0.3348532,1982.0,-0.6033999999999992,0.0,0,0.0,0.0,0.4444444444444444,0.00031160776466481046,0.000283762209930716,-0.04019480519480555,1.3597433864595319,1294.0000166666666
2026-05-10T08:26:59.999000+00:00,-954.0,D2-2a53b8b913c713d1,MUUSDT,US_STOCK:2026-05-08T20:00:00+00:00:2026-05-11T08:00:00+00:00,31111-NEUTRAL CONTROL,FILL_LEVEL_CONTROL_REPLAY,760.87,-0.22,0.22,167.3914,0.3347828,1983.0,-0.5682000000000061,0.0,0,0.0,0.0,0.4444444444444444,0.00031261206626248593,0.0002851038875026651,-0.03615584415584449,1.3869184931492733,1293.0000166666666
2026-05-10T08:27:59.999000+00:00,-953.0,D2-2a53b8b913c713d1,MUUSDT,US_STOCK:2026-05-08T20:00:00+00:00:2026-05-11T08:00:00+00:00,31111-NEUTRAL CONTROL,FILL_LEVEL_CONTROL_REPLAY,760.99,-0.22,0.22,167.4178,0.3348356,1984.0,-0.5946000000000072,0.0,0,0.0,0.0,0.4444444444444444,0.0002956674857751066,0.00021633623836577696,-0.030350649350649947,1.3665371631319625,1292.0000166666666
2026-05-10T08:28:59.999000+00:00,-952.0,D2-2a53b8b913c713d1,MUUSDT,US_STOCK:2026-05-08T20:00:00+00:00:2026-05-11T08:00:00+00:00,31111-NEUTRAL CONTROL,FILL_LEVEL_CONTROL_REPLAY,761.13,-0.22,0.22,167.4486,0.3348972,1985.0,-0.6254000000000041,0.0,0,0.0,0.0,0.4444444444444444,0.00030124382731689563,0.0002163402824743865,-0.03123376623376647,1.3427589447784365,1291.0000166666666
2026-05-10T08:29:59.999000+00:00,-951.0,D2-2a53b8b913c713d1,MUUSDT,US_STOCK:2026-05-08T20:00:00+00:00:2026-05-11T08:00:00+00:00,31111-NEUTRAL CONTROL,FILL_LEVEL_CONTROL_REPLAY,761.17,-0.22,0.22,167.45739999999998,0.33491479999999996,1986.0,-0.6341999999999961,0.0,0,0.0,0.0,0.4444444444444444,0.00024304688834294873,0.00021683917195249207,-0.029324675324675822,1.3359651681060059,1290.0000166666666
2026-05-10T08:30:59.999000+00:00,-950.0,D2-2a53b8b913c713d1,MUUSDT,US_STOCK:2026-05-08T20:00:00+00:00:2026-05-11T08:00:00+00:00,31111-NEUTRAL CONTROL,FILL_LEVEL_CONTROL_REPLAY,761.13,-0.22,0.22,167.4486,0.3348972,1987.0,-0.6254000000000041,0.0,0,0.0,0.0,0.47368421052631576,0.0002608902928165052,0.00021688726614718477,-0.027389610389610727,1.3427589447784365,1289.0000166666666
2026-05-10T08:31:59.999000+00:00,-949.0,D2-2a53b8b913c713d1,MUUSDT,US_STOCK:2026-05-08T20:00:00+00:00:2026-05-11T08:00:00+00:00,31111-NEUTRAL CONTROL,FILL_LEVEL_CONTROL_REPLAY,761.07,-0.22,0.22,167.43540000000002,0.3348708,1988.0,-0.6122000000000161,0.0,0,0.0,0.0,0.47368421052631576,0.0002402632384105998,0.00021552743208067216,-0.025766233766233215,1.3529496097870821,1288.0000166666666
2026-05-10T08:32:59.999000+00:00,-948.0,D2-2a53b8b913c713d1,MUUSDT,US_STOCK:2026-05-08T20:00:00+00:00:2026-05-11T08:00:00+00:00,31111-NEUTRAL CONTROL,FILL_LEVEL_CONTROL_REPLAY,761.15,-0.22,0.22,167.453,0.334906,1989.0,-0.6298000000000001,0.0,0,0.0,0.0,0.47368421052631576,0.0002421148450183608,0.00019806306130760854,-0.02155844155844203,1.339362056442221,1287.0000166666666
2026-05-10T08:33:59.999000+00:00,-947.0,D2-2a53b8b913c713d1,MUUSDT,US_STOCK:2026-05-08T20:00:00+00:00:2026-05-11T08:00:00+00:00,31111-NEUTRAL CONTROL,FILL_LEVEL_CONTROL_REPLAY,761.24,-0.22,0.22,167.4728,0.3349456,1990.0,-0.6496000000000072,0.0,0,0.0,0.0,0.47368421052631576,0.00021768993446783855,0.00019603078649197474,-0.011649350649350538,1.3240760589292333,1286.0000166666666
2026-05-10T08:34:59.999000+00:00,-946.0,D2-2a53b8b913c713d1,MUUSDT,US_STOCK:2026-05-08T20:00:00+00:00:2026-05-11T08:00:00+00:00,31111-NEUTRAL CONTROL,FILL_LEVEL_CONTROL_REPLAY,761.23,-0.22,0.22,167.47060000000002,0.33494120000000005,1991.0,-0.6474000000000092,0.0,0,0.0,0.0,0.5263157894736842,0.000212062808124455,0.0001823337950785578,-0.0036623376623377275,1.325774503097341,1285.0000166666666
2026-05-10T08:35:59.999000+00:00,-945.0,D2-2a53b8b913c713d1,MUUSDT,US_STOCK:2026-05-08T20:00:00+00:00:2026-05-11T08:00:00+00:00,31111-NEUTRAL CONTROL,FILL_LEVEL_CONTROL_REPLAY,761.15,-0.22,0.22,167.453,0.334906,1992.0,-0.6298000000000001,0.0,0,0.0,0.0,0.5263157894736842,0.00022522311164498184,0.00016005669073941982,0.00012987012986942118,1.339362056442221,1284.0000166666666
2026-05-10T08:36:59.999000+00:00,-944.0,D2-2a53b8b913c713d1,MUUSDT,US_STOCK:2026-05-08T20:00:00+00:00:2026-05-11T08:00:00+00:00,31111-NEUTRAL CONTROL,FILL_LEVEL_CONTROL_REPLAY,761.2,-0.22,0.22,167.464,0.334928,1993.0,-0.6408000000000151,0.0,0,0.0,0.0,0.5263157894736842,0.00020831769386682938,0.00016044271118331656,0.00046753246753278055,1.3308698356016637,1283.0000166666666
2026-05-10T08:37:59.999000+00:00,-943.0,D2-2a53b8b913c713d1,MUUSDT,US_STOCK:2026-05-08T20:00:00+00:00:2026-05-11T08:00:00+00:00,31111-NEUTRAL CONTROL,FILL_LEVEL_CONTROL_REPLAY,761.21,-0.22,0.22,167.46620000000001,0.3349324,1994.0,-0.6430000000000131,0.0,0,0.0,0.0,0.47368421052631576,0.00020080811189703482,0.0001456790947391658,0.0005064935064949652,1.3291713914335561,1282.0000166666666
2026-05-10T08:38:59.999000+00:00,-942.0,D2-2a53b8b913c713d1,MUUSDT,US_STOCK:2026-05-08T20:00:00+00:00:2026-05-11T08:00:00+00:00,31111-NEUTRAL CONTROL,FILL_LEVEL_CONTROL_REPLAY,761.23,-0.22,0.22,167.47060000000002,0.33494120000000005,1995.0,-0.6474000000000092,0.0,0,0.0,0.0,0.42105263157894735,0.00019892617399283217,0.00013045696359407756,0.003909090909091931,1.325774503097341,1281.0000166666666
2026-05-10T08:39:59.999000+00:00,-941.0,D2-2a53b8b913c713d1,MUUSDT,US_STOCK:2026-05-08T20:00:00+00:00:2026-05-11T08:00:00+00:00,31111-NEUTRAL CONTROL,FILL_LEVEL_CONTROL_REPLAY,761.27,-0.22,0.22,167.4794,0.3349588,1996.0,-0.6562000000000011,0.0,0,0.0,0.0,0.3684210526315789,0.0001904711863070789,0.00011433551732952749,0.0047792207792220435,1.3189807264249103,1280.0000166666666
2026-05-10T08:40:59.999000+00:00,-940.0,D2-2a53b8b913c713d1,MUUSDT,US_STOCK:2026-05-08T20:00:00+00:00:2026-05-11T08:00:00+00:00,31111-NEUTRAL CONTROL,FILL_LEVEL_CONTROL_REPLAY,761.19,-0.22,0.22,167.4618,0.33492360000000004,1997.0,-0.6386000000000172,0.0,0,0.0,0.0,0.42105263157894735,0.00017078521788250938,0.00010545076539384721,0.0075064935064948,1.3325682797697713,1279.0000166666666
2026-05-10T08:41:59.999000+00:00,-939.0,D2-2a53b8b913c713d1,MUUSDT,US_STOCK:2026-05-08T20:00:00+00:00:2026-05-11T08:00:00+00:00,31111-NEUTRAL CONTROL,FILL_LEVEL_CONTROL_REPLAY,761.13,-0.22,0.22,167.4486,0.3348972,1998.0,-0.6254000000000041,0.0,0,0.0,0.0,0.3684210526315789,0.0001642295008736903,0.00010660449775877041,0.007168831168832179,1.3427589447784365,1278.0000166666666
2026-05-10T08:42:59.999000+00:00,-938.0,D2-2a53b8b913c713d1,MUUSDT,US_STOCK:2026-05-08T20:00:00+00:00:2026-05-11T08:00:00+00:00,31111-NEUTRAL CONTROL,FILL_LEVEL_CONTROL_REPLAY,761.3,-0.22,0.22,167.486,0.334972,1999.0,-0.6627999999999951,0.0,0,0.0,0.0,0.3684210526315789,0.00014918091234915882,0.00011221462262706501,0.008610389610390195,1.3138853939205875,1277.0000166666666
2026-05-10T08:43:59.999000+00:00,-937.0,D2-2a53b8b913c713d1,MUUSDT,US_STOCK:2026-05-08T20:00:00+00:00:2026-05-11T08:00:00+00:00,31111-NEUTRAL CONTROL,FILL_LEVEL_CONTROL_REPLAY,760.95,-0.22,0.22,167.40900000000002,0.33481800000000006,2000.0,-0.5858000000000152,0.0,0,0.0,0.0,0.42105263157894735,0.00016614570133194792,0.00015030859096804163,0.006961038961040455,1.373330939804393,1276.0000166666666
2026-05-10T08:44:59.999000+00:00,-936.0,D2-2a53b8b913c713d1,MUUSDT,US_STOCK:2026-05-08T20:00:00+00:00:2026-05-11T08:00:00+00:00,31111-NEUTRAL CONTROL,FILL_LEVEL_CONTROL_REPLAY,760.99,-0.22,0.22,167.4178,0.3348356,2001.0,-0.5946000000000072,0.0,0,0.0,0.0,0.47368421052631576,0.00016519834125844061,0.00015094461211328565,0.005181818181819375,1.3665371631319625,1275.0000166666666
2026-05-10T08:45:59.999000+00:00,-935.0,D2-2a53b8b913c713d1,MUUSDT,US_STOCK:2026-05-08T20:00:00+00:00:2026-05-11T08:00:00+00:00,31111-NEUTRAL CONTROL,FILL_LEVEL_CONTROL_REPLAY,761.15,-0.22,0.22,167.453,0.334906,2002.0,-0.6298000000000001,0.0,0,0.0,0.0,0.47368421052631576,0.0001848706374752088,0.00015541410995906178,0.005402597402598099,1.339362056442221,1274.0000166666666
2026-05-10T08:46:59.999000+00:00,-934.0,D2-2a53b8b913c713d1,MUUSDT,US_STOCK:2026-05-08T20:00:00+00:00:2026-05-11T08:00:00+00:00,31111-NEUTRAL CONTROL,FILL_LEVEL_CONTROL_REPLAY,760.79,-0.22,0.22,167.3738,0.3347476,2003.0,-0.5505999999999972,0.0,0,0.0,0.0,0.47368421052631576,0.0002628846330787371,0.00018210795894461296,-0.0005064935064937841,1.4005060464941534,1273.0000166666666
2026-05-10T08:47:59.999000+00:00,-933.0,D2-2a53b8b913c713d1,MUUSDT,US_STOCK:2026-05-08T20:00:00+00:00:2026-05-11T08:00:00+00:00,31111-NEUTRAL CONTROL,FILL_LEVEL_CONTROL_REPLAY,760.86,-0.22,0.22,167.38920000000002,0.33477840000000003,2004.0,-0.5660000000000082,0.0,0,0.0,0.0,0.5263157894736842,0.0003229428353629646,0.00017971555736942738,-0.007480519480519616,1.388616937317381,1272.0000166666666
2026-05-10T08:48:59.999000+00:00,-932.0,D2-2a53b8b913c713d1,MUUSDT,US_STOCK:2026-05-08T20:00:00+00:00:2026-05-11T08:00:00+00:00,31111-NEUTRAL CONTROL,FILL_LEVEL_CONTROL_REPLAY,760.79,-0.22,0.22,167.3738,0.3347476,2005.0,-0.5505999999999972,0.0,0,0.0,0.0,0.5789473684210527,0.0003464443914502137,0.00017493693579911162,-0.013636363636364227,1.4005060464941534,1271.0000166666666
2026-05-10T08:49:59.999000+00:00,-931.0,D2-2a53b8b913c713d1,MUUSDT,US_STOCK:2026-05-08T20:00:00+00:00:2026-05-11T08:00:00+00:00,31111-NEUTRAL CONTROL,FILL_LEVEL_CONTROL_REPLAY,760.6,-0.22,0.22,167.332,0.33466399999999996,2006.0,-0.5088000000000101,0.0,0,0.0,0.0,0.5263157894736842,0.00034934825889332543,0.0001807762080980703,-0.020000000000000413,1.4327764856882177,1270.0000166666666
2026-05-10T08:50:59.999000+00:00,-930.0,D2-2a53b8b913c713d1,MUUSDT,US_STOCK:2026-05-08T20:00:00+00:00:2026-05-11T08:00:00+00:00,31111-NEUTRAL CONTROL,FILL_LEVEL_CONTROL_REPLAY,760.46,-0.22,0.22,167.30120000000002,0.3346024,2007.0,-0.4780000000000132,0.0,0,0.0,0.0,0.5263157894736842,0.00039449806695943346,0.0001835765151371005,-0.026922077922078538,1.4565547040417437,1269.0000166666666
2026-05-10T08:51:59.999000+00:00,-929.0,D2-2a53b8b913c713d1,MUUSDT,US_STOCK:2026-05-08T20:00:00+00:00:2026-05-11T08:00:00+00:00,31111-NEUTRAL CONTROL,FILL_LEVEL_CONTROL_REPLAY,760.27,-0.22,0.22,167.2594,0.3345188,2008.0,-0.43620000000000114,0.0,0,0.0,0.0,0.47368421052631576,0.0004256006794578272,0.00018890471072654068,-0.03596103896104007,1.4888251432358273,1268.0000166666666
2026-05-10T08:52:59.999000+00:00,-928.0,D2-2a53b8b913c713d1,MUUSDT,US_STOCK:2026-05-08T20:00:00+00:00:2026-05-11T08:00:00+00:00,31111-NEUTRAL CONTROL,FILL_LEVEL_CONTROL_REPLAY,760.24,-0.22,0.22,167.2528,0.3345056,2009.0,-0.4296000000000071,0.0,0,0.0,0.0,0.47368421052631576,0.0004415898738743878,0.00018546739966779667,-0.045129870129870575,1.49392047574015,1267.0000166666666
2026-05-10T08:53:59.999000+00:00,-927.0,D2-2a53b8b913c713d1,MUUSDT,US_STOCK:2026-05-08T20:00:00+00:00:2026-05-11T08:00:00+00:00,31111-NEUTRAL CONTROL,FILL_LEVEL_CONTROL_REPLAY,760.39,-0.22,0.22,167.2858,0.33457159999999997,2010.0,-0.46260000000000223,0.0,0,0.0,0.0,0.47368421052631576,0.0004668656873446333,0.00019000714352035756,-0.05012987012987119,1.4684438132185165,1266.0000166666666
2026-05-10T08:54:59.999000+00:00,-926.0,D2-2a53b8b913c713d1,MUUSDT,US_STOCK:2026-05-08T20:00:00+00:00:2026-05-11T08:00:00+00:00,31111-NEUTRAL CONTROL,FILL_LEVEL_CONTROL_REPLAY,760.04,-0.22,0.22,167.2088,0.3344176,2011.0,-0.3855999999999971,0.0,0,0.0,0.0,0.5263157894736842,0.0005385054921921206,0.00020902295295785502,-0.05740259740259894,1.527889359102341,1265.0000166666666
2026-05-10T08:55:59.999000+00:00,-925.0,D2-2a53b8b913c713d1,MUUSDT,US_STOCK:2026-05-08T20:00:00+00:00:2026-05-11T08:00:00+00:00,31111-NEUTRAL CONTROL,FILL_LEVEL_CONTROL_REPLAY,759.79,-0.22,0.22,167.1538,0.3343076,2012.0,-0.33059999999999723,0.0,0,0.0,0.0,0.47368421052631576,0.0005687661816328799,0.00021603812383369638,-0.06650649350649533,1.5703504633050702,1264.0000166666666
2026-05-10T08:56:59.999000+00:00,-924.0,D2-2a53b8b913c713d1,MUUSDT,US_STOCK:2026-05-08T20:00:00+00:00:2026-05-11T08:00:00+00:00,31111-NEUTRAL CONTROL,FILL_LEVEL_CONTROL_REPLAY,760.28,-0.22,0.22,167.2616,0.33452319999999997,2013.0,-0.4383999999999992,0.0,0,0.0,0.0,0.5263157894736842,0.000603161241347169,0.00026756584693464974,-0.06851948051948302,1.4871266990677194,1263.0000166666666
2026-05-10T08:57:59.999000+00:00,-923.0,D2-2a53b8b913c713d1,MUUSDT,US_STOCK:2026-05-08T20:00:00+00:00:2026-05-11T08:00:00+00:00,31111-NEUTRAL CONTROL,FILL_LEVEL_CONTROL_REPLAY,760.33,-0.22,0.22,167.2726,0.33454520000000004,2014.0,-0.4494000000000141,0.0,0,0.0,0.0,0.5263157894736842,0.0006012426934921199,0.00026853344842502915,-0.06803896103896236,1.478634478227162,1262.0000166666666
2026-05-10T08:58:59.999000+00:00,-922.0,D2-2a53b8b913c713d1,MUUSDT,US_STOCK:2026-05-08T20:00:00+00:00:2026-05-11T08:00:00+00:00,31111-NEUTRAL CONTROL,FILL_LEVEL_CONTROL_REPLAY,760.45,-0.22,0.22,167.299,0.334598,2015.0,-0.4758000000000152,0.0,0,0.0,0.0,0.5263157894736842,0.0006330837943698759,0.0002720996851844499,-0.06472727272727291,1.4582531482098513,1261.0000166666666
2026-05-10T08:59:59.999000+00:00,-921.0,D2-2a53b8b913c713d1,MUUSDT,US_STOCK:2026-05-08T20:00:00+00:00:2026-05-11T08:00:00+00:00,31111-NEUTRAL CONTROL,FILL_LEVEL_CONTROL_REPLAY,760.37,-0.22,0.22,167.2814,0.3345628,2016.0,-0.45820000000000616,0.0,0,0.0,0.0,0.5263157894736842,0.0006256352640349982,0.0002712624878939221,-0.06118181818181805,1.4718407015547317,1260.0000166666666
2026-05-10T09:00:59.999000+00:00,-920.0,D2-2a53b8b913c713d1,MUUSDT,US_STOCK:2026-05-08T20:00:00+00:00:2026-05-11T08:00:00+00:00,31111-NEUTRAL CONTROL,FILL_LEVEL_CONTROL_REPLAY,760.39,-0.22,0.22,167.2858,0.33457159999999997,2017.0,-0.46260000000000223,0.0,0,0.0,0.0,0.5789473684210527,0.000581468532125437,0.0002716601311180668,-0.05568831168831198,1.4684438132185165,1259.0000166666666
2026-05-10T09:01:59.999000+00:00,-919.0,D2-2a53b8b913c713d1,MUUSDT,US_STOCK:2026-05-08T20:00:00+00:00:2026-05-11T08:00:00+00:00,31111-NEUTRAL CONTROL,FILL_LEVEL_CONTROL_REPLAY,760.74,-0.22,0.22,167.3628,0.3347256,2018.0,-0.5396000000000072,0.0,0,0.0,0.0,0.5263157894736842,0.0005492772075310152,0.00029357748239416335,-0.04564935064935003,1.4089982673346917,1258.0000166666666
2026-05-10T09:02:59.999000+00:00,-918.0,D2-2a53b8b913c713d1,MUUSDT,US_STOCK:2026-05-08T20:00:00+00:00:2026-05-11T08:00:00+00:00,31111-NEUTRAL CONTROL,FILL_LEVEL_CONTROL_REPLAY,760.67,-0.22,0.22,167.3474,0.33469479999999996,2019.0,-0.5241999999999961,0.0,0,0.0,0.0,0.5263157894736842,0.0005596569941161035,0.00028820362240499354,-0.036792207792207696,1.4208873765114642,1257.0000166666666
2026-05-10T09:03:59.999000+00:00,-917.0,D2-2a53b8b913c713d1,MUUSDT,US_STOCK:2026-05-08T20:00:00+00:00:2026-05-11T08:00:00+00:00,31111-NEUTRAL CONTROL,FILL_LEVEL_CONTROL_REPLAY,760.66,-0.22,0.22,167.3452,0.3346904,2020.0,-0.5219999999999981,0.0,0,0.0,0.0,0.47368421052631576,0.0005775060004282295,0.00027175363706168163,-0.025038961038961888,1.4225858206795718,1256.0000166666666
2026-05-10T09:04:59.999000+00:00,-916.0,D2-2a53b8b913c713d1,MUUSDT,US_STOCK:2026-05-08T20:00:00+00:00:2026-05-11T08:00:00+00:00,31111-NEUTRAL CONTROL,FILL_LEVEL_CONTROL_REPLAY,760.81,-0.22,0.22,167.3782,0.3347564,2021.0,-0.554999999999993,0.0,0,0.0,0.0,0.5263157894736842,0.0005379604819675503,0.0002754614929118672,-0.015506493506494315,1.3971091581579382,1255.0000166666666
2026-05-10T09:05:59.999000+00:00,-915.0,D2-2a53b8b913c713d1,MUUSDT,US_STOCK:2026-05-08T20:00:00+00:00:2026-05-11T08:00:00+00:00,31111-NEUTRAL CONTROL,FILL_LEVEL_CONTROL_REPLAY,760.69,-0.22,0.22,167.35180000000003,0.33470360000000005,2022.0,-0.5286000000000172,0.0,0,0.0,0.0,0.5263157894736842,0.0005314723662539751,0.00027228705835905117,-0.00677922077922052,1.4174904881752297,1254.0000166666666
2026-05-10T09:06:59.999000+00:00,-914.0,D2-2a53b8b913c713d1,MUUSDT,US_STOCK:2026-05-08T20:00:00+00:00:2026-05-11T08:00:00+00:00,31111-NEUTRAL CONTROL,FILL_LEVEL_CONTROL_REPLAY,760.78,-0.22,0.22,167.3716,0.3347432,2023.0,-0.5483999999999991,0.0,0,0.0,0.0,0.5263157894736842,0.0005398594675389864,0.00025409874875706006,0.005792207792207544,1.402204490662261,1253.0000166666666
2026-05-10T09:07:59.999000+00:00,-913.0,D2-2a53b8b913c713d1,MUUSDT,US_STOCK:2026-05-08T20:00:00+00:00:2026-05-11T08:00:00+00:00,31111-NEUTRAL CONTROL,FILL_LEVEL_CONTROL_REPLAY,760.68,-0.22,0.22,167.34959999999998,0.3346992,2024.0,-0.5263999999999942,0.0,0,0.0,0.0,0.5263157894736842,0.0005371134098062982,0.00025469191026946075,0.012402597402596163,1.4191889323433566,1252.0000166666666
2026-05-10T09:08:59.999000+00:00,-912.0,D2-2a53b8b913c713d1,MUUSDT,US_STOCK:2026-05-08T20:00:00+00:00:2026-05-11T08:00:00+00:00,31111-NEUTRAL CONTROL,FILL_LEVEL_CONTROL_REPLAY,760.68,-0.22,0.22,167.34959999999998,0.3346992,2025.0,-0.5263999999999942,0.0,0,0.0,0.0,0.5555555555555556,0.0004911019463788377,0.0002540317646420482,0.020155844155842657,1.4191889323433566,1251.0000166666666
2026-05-10T09:09:59.999000+00:00,-911.0,D2-2a53b8b913c713d1,MUUSDT,US_STOCK:2026-05-08T20:00:00+00:00:2026-05-11T08:00:00+00:00,31111-NEUTRAL CONTROL,FILL_LEVEL_CONTROL_REPLAY,760.55,-0.22,0.22,167.321,0.334642,2026.0,-0.49779999999999514,0.0,0,0.0,0.0,0.5555555555555556,0.00047146332071718055,0.00025082895808099234,0.02545454545454312,1.441268706528775,1250.0000166666666
2026-05-10T09:10:59.999000+00:00,-910.0,D2-2a53b8b913c713d1,MUUSDT,US_STOCK:2026-05-08T20:00:00+00:00:2026-05-11T08:00:00+00:00,31111-NEUTRAL CONTROL,FILL_LEVEL_CONTROL_REPLAY,760.6,-0.22,0.22,167.332,0.33466399999999996,2027.0,-0.5088000000000101,0.0,0,0.0,0.0,0.6111111111111112,0.00044419818939936943,0.000247714719731695,0.028999999999998576,1.4327764856882177,1249.0000166666666
2026-05-10T09:11:59.999000+00:00,-909.0,D2-2a53b8b913c713d1,MUUSDT,US_STOCK:2026-05-08T20:00:00+00:00:2026-05-11T08:00:00+00:00,31111-NEUTRAL CONTROL,FILL_LEVEL_CONTROL_REPLAY,760.42,-0.22,0.22,167.2924,0.33458479999999996,2028.0,-0.4691999999999962,0.0,0,0.0,0.0,0.6666666666666666,0.0004405460140448964,0.00024704054036107264,0.02820779220779106,1.4633484807141934,1248.0000166666666
2026-05-10T09:12:59.999000+00:00,-908.0,D2-2a53b8b913c713d1,MUUSDT,US_STOCK:2026-05-08T20:00:00+00:00:2026-05-11T08:00:00+00:00,31111-NEUTRAL CONTROL,FILL_LEVEL_CONTROL_REPLAY,760.35,-0.22,0.22,167.27700000000002,0.334554,2029.0,-0.45380000000001014,0.0,0,0.0,0.0,0.6111111111111112,0.0003954945560785224,0.00024783058774191025,0.023844155844155123,1.4752375898909469,1247.0000166666666
2026-05-10T09:13:59.999000+00:00,-907.0,D2-2a53b8b913c713d1,MUUSDT,US_STOCK:2026-05-08T20:00:00+00:00:2026-05-11T08:00:00+00:00,31111-NEUTRAL CONTROL,FILL_LEVEL_CONTROL_REPLAY,760.33,-0.22,0.22,167.2726,0.33454520000000004,2030.0,-0.4494000000000141,0.0,0,0.0,0.0,0.5555555555555556,0.00038235277539267636,0.00024401957547008868,0.018688311688311966,1.478634478227162,1246.0000166666666
2026-05-10T09:14:59.999000+00:00,-906.0,D2-2a53b8b913c713d1,MUUSDT,US_STOCK:2026-05-08T20:00:00+00:00:2026-05-11T08:00:00+00:00,31111-NEUTRAL CONTROL,FILL_LEVEL_CONTROL_REPLAY,760.37,-0.22,0.22,167.2814,0.3345628,2031.0,-0.45820000000000616,0.0,0,0.0,0.0,0.6111111111111112,0.0003400600083794117,0.0002205306364034604,0.016077922077922514,1.4718407015547317,1245.0000166666666
2026-05-10T09:15:59.999000+00:00,-905.0,D2-2a53b8b913c713d1,MUUSDT,US_STOCK:2026-05-08T20:00:00+00:00:2026-05-11T08:00:00+00:00,31111-NEUTRAL CONTROL,FILL_LEVEL_CONTROL_REPLAY,760.37,-0.22,0.22,167.2814,0.3345628,2032.0,-0.45820000000000616,0.0,0,0.0,0.0,0.5882352941176471,0.00030906006286416054,0.00020552076705656353,0.008493506493506742,1.4718407015547317,1244.0000166666666
2026-05-10T09:16:59.999000+00:00,-904.0,D2-2a53b8b913c713d1,MUUSDT,US_STOCK:2026-05-08T20:00:00+00:00:2026-05-11T08:00:00+00:00,31111-NEUTRAL CONTROL,FILL_LEVEL_CONTROL_REPLAY,760.56,-0.22,0.22,167.32319999999999,0.33464639999999996,2033.0,-0.4999999999999932,0.0,0,0.0,0.0,0.5882352941176471,0.0002892605448616954,0.00016025891772027248,-0.0006233766233773852,1.4395702623606674,1243.0000166666666
2026-05-10T09:17:59.999000+00:00,-903.0,D2-2a53b8b913c713d1,MUUSDT,US_STOCK:2026-05-08T20:00:00+00:00:2026-05-11T08:00:00+00:00,31111-NEUTRAL CONTROL,FILL_LEVEL_CONTROL_REPLAY,760.43,-0.22,0.22,167.2946,0.33458920000000003,2034.0,-0.47139999999999416,0.0,0,0.0,0.0,0.6470588235294118,0.0002658270414671437,0.00016499540847446798,-0.005428571428572988,1.4616500365460858,1242.0000166666666
2026-05-10T09:18:59.999000+00:00,-902.0,D2-2a53b8b913c713d1,MUUSDT,US_STOCK:2026-05-08T20:00:00+00:00:2026-05-11T08:00:00+00:00,31111-NEUTRAL CONTROL,FILL_LEVEL_CONTROL_REPLAY,760.44,-0.22,0.22,167.29680000000002,0.33459360000000005,2035.0,-0.4736000000000171,0.0,0,0.0,0.0,0.6470588235294118,0.00025267326435073,0.00016133716045837112,-0.009584415584415579,1.459951592377959,1241.0000166666666
2026-05-10T09:19:59.999000+00:00,-901.0,D2-2a53b8b913c713d1,MUUSDT,US_STOCK:2026-05-08T20:00:00+00:00:2026-05-11T08:00:00+00:00,31111-NEUTRAL CONTROL,FILL_LEVEL_CONTROL_REPLAY,760.43,-0.22,0.22,167.2946,0.33458920000000003,2036.0,-0.47139999999999416,0.0,0,0.0,0.0,0.6470588235294118,0.00023670817826757884,0.0001595923370925353,-0.012298701298701038,1.4616500365460858,1240.0000166666666
2026-05-10T09:20:59.999000+00:00,-900.0,D2-2a53b8b913c713d1,MUUSDT,US_STOCK:2026-05-08T20:00:00+00:00:2026-05-11T08:00:00+00:00,31111-NEUTRAL CONTROL,FILL_LEVEL_CONTROL_REPLAY,760.53,-0.22,0.22,167.3166,0.33463319999999996,2037.0,-0.49339999999999906,0.0,0,0.0,0.0,0.7058823529411765,0.00021883235563171816,0.00016195828602481548,-0.014831168831168483,1.4446655948649902,1239.0000166666666
2026-05-10T09:21:59.999000+00:00,-899.0,D2-2a53b8b913c713d1,MUUSDT,US_STOCK:2026-05-08T20:00:00+00:00:2026-05-11T08:00:00+00:00,31111-NEUTRAL CONTROL,FILL_LEVEL_CONTROL_REPLAY,760.6,-0.22,0.22,167.332,0.33466399999999996,2038.0,-0.5088000000000101,0.0,0,0.0,0.0,0.6470588235294118,0.0001972127267946593,0.0001267326027713314,-0.016376623376622507,1.4327764856882177,1238.0000166666666
2026-05-10T09:22:59.999000+00:00,-898.0,D2-2a53b8b913c713d1,MUUSDT,US_STOCK:2026-05-08T20:00:00+00:00:2026-05-11T08:00:00+00:00,31111-NEUTRAL CONTROL,FILL_LEVEL_CONTROL_REPLAY,760.51,-0.22,0.22,167.3122,0.3346244,2039.0,-0.4890000000000032,0.0,0,0.0,0.0,0.7058823529411765,0.00019723606527201205,0.00012771827196294438,-0.014363636363635112,1.4480624832012057,1237.0000166666666
2026-05-10T09:23:59.999000+00:00,-897.0,D2-2a53b8b913c713d1,MUUSDT,US_STOCK:2026-05-08T20:00:00+00:00:2026-05-11T08:00:00+00:00,31111-NEUTRAL CONTROL,FILL_LEVEL_CONTROL_REPLAY,760.47,-0.22,0.22,167.3034,0.33460680000000004,2040.0,-0.4802000000000111,0.0,0,0.0,0.0,0.6470588235294118,0.0001991249772227543,0.0001280479665642599,-0.013571428571427154,1.454856259873636,1236.0000166666666
2026-05-10T09:24:59.999000+00:00,-896.0,D2-2a53b8b913c713d1,MUUSDT,US_STOCK:2026-05-08T20:00:00+00:00:2026-05-11T08:00:00+00:00,31111-NEUTRAL CONTROL,FILL_LEVEL_CONTROL_REPLAY,760.5,-0.22,0.22,167.31,0.33462000000000003,2041.0,-0.4868000000000051,0.0,0,0.0,0.0,0.6470588235294118,0.00017751479289942836,0.00011945978001932593,-0.012272727272726002,1.4497609273693133,1235.0000166666666
2026-05-10T09:25:59.999000+00:00,-895.0,D2-2a53b8b913c713d1,MUUSDT,US_STOCK:2026-05-08T20:00:00+00:00:2026-05-11T08:00:00+00:00,31111-NEUTRAL CONTROL,FILL_LEVEL_CONTROL_REPLAY,760.45,-0.22,0.22,167.299,0.334598,2042.0,-0.4758000000000152,0.0,0,0.0,0.0,0.6470588235294118,0.00016249776917803667,0.00011579764391132376,-0.009272727272725927,1.4582531482098513,1234.0000166666666
2026-05-10T09:26:59.999000+00:00,-894.0,D2-2a53b8b913c713d1,MUUSDT,US_STOCK:2026-05-08T20:00:00+00:00:2026-05-11T08:00:00+00:00,31111-NEUTRAL CONTROL,FILL_LEVEL_CONTROL_REPLAY,760.59,-0.22,0.22,167.3298,0.3346596,2043.0,-0.5066000000000122,0.0,0,0.0,0.0,0.6470588235294118,0.00017749378771743927,0.00012040261494924966,-0.005701298701296026,1.4344749298563253,1233.0000166666666
2026-05-10T09:27:59.999000+00:00,-893.0,D2-2a53b8b913c713d1,MUUSDT,US_STOCK:2026-05-08T20:00:00+00:00:2026-05-11T08:00:00+00:00,31111-NEUTRAL CONTROL,FILL_LEVEL_CONTROL_REPLAY,760.43,-0.22,0.22,167.2946,0.33458920000000003,2044.0,-0.47139999999999416,0.0,0,0.0,0.0,0.7058823529411765,0.00018410636087478233,0.0001254251571183424,-0.002792207792205991,1.4616500365460858,1232.0000166666666
2026-05-10T09:28:59.999000+00:00,-892.0,D2-2a53b8b913c713d1,MUUSDT,US_STOCK:2026-05-08T20:00:00+00:00:2026-05-11T08:00:00+00:00,31111-NEUTRAL CONTROL,FILL_LEVEL_CONTROL_REPLAY,760.33,-0.22,0.22,167.2726,0.33454520000000004,2045.0,-0.4494000000000141,0.0,0,0.0,0.0,0.6666666666666666,0.00021325326784800292,0.00012781581025942643,-0.0021558441558423426,1.478634478227162,1231.0000166666666
2026-05-10T09:29:59.999000+00:00,-891.0,D2-2a53b8b913c713d1,MUUSDT,US_STOCK:2026-05-08T20:00:00+00:00:2026-05-11T08:00:00+00:00,31111-NEUTRAL CONTROL,FILL_LEVEL_CONTROL_REPLAY,760.44,-0.22,0.22,167.29680000000002,0.33459360000000005,2046.0,-0.4736000000000171,0.0,0,0.0,0.0,0.6666666666666666,0.00020758658521009113,0.0001280625188189506,0.0003636363636382476,1.459951592377959,1230.0000166666666
2026-05-10T09:30:59.999000+00:00,-890.0,D2-2a53b8b913c713d1,MUUSDT,US_STOCK:2026-05-08T20:00:00+00:00:2026-05-11T08:00:00+00:00,31111-NEUTRAL CONTROL,FILL_LEVEL_CONTROL_REPLAY,760.34,-0.22,0.22,167.2748,0.3345496,2047.0,-0.4516000000000122,0.0,0,0.0,0.0,0.6666666666666666,0.00020197731090229544,0.00012964878315163277,3.896103896262762e-05,1.4769360340590545,1229.0000166666666
2026-05-10T09:31:59.999000+00:00,-889.0,D2-2a53b8b913c713d1,MUUSDT,US_STOCK:2026-05-08T20:00:00+00:00:2026-05-11T08:00:00+00:00,31111-NEUTRAL CONTROL,FILL_LEVEL_CONTROL_REPLAY,760.45,-0.22,0.22,167.299,0.334598,2048.0,-0.4758000000000152,0.0,0,0.0,0.0,0.7222222222222222,0.00021134102927779862,0.00012386701382876796,0.0021298701298724746,1.4582531482098513,1228.0000166666666
2026-05-10T09:32:59.999000+00:00,-888.0,D2-2a53b8b913c713d1,MUUSDT,US_STOCK:2026-05-08T20:00:00+00:00:2026-05-11T08:00:00+00:00,31111-NEUTRAL CONTROL,FILL_LEVEL_CONTROL_REPLAY,760.35,-0.22,0.22,167.27700000000002,0.334554,2049.0,-0.45380000000001014,0.0,0,0.0,0.0,0.7777777777777778,0.00021418707550096292,0.00012564984909935913,0.0005454545454564117,1.4752375898909469,1227.0000166666666
2026-05-10T09:33:59.999000+00:00,-887.0,D2-2a53b8b913c713d1,MUUSDT,US_STOCK:2026-05-08T20:00:00+00:00:2026-05-11T08:00:00+00:00,31111-NEUTRAL CONTROL,FILL_LEVEL_CONTROL_REPLAY,760.47,-0.22,0.22,167.3034,0.33460680000000004,2050.0,-0.4802000000000111,0.0,0,0.0,0.0,0.7777777777777778,0.00023951353392358688,0.0001300529869498205,-0.0003896103896081159,1.454856259873636,1226.0000166666666
2026-05-10T09:34:59.999000+00:00,-886.0,D2-2a53b8b913c713d1,MUUSDT,US_STOCK:2026-05-08T20:00:00+00:00:2026-05-11T08:00:00+00:00,31111-NEUTRAL CONTROL,FILL_LEVEL_CONTROL_REPLAY,760.49,-0.22,0.22,167.30780000000001,0.3346156,2051.0,-0.48460000000000714,0.0,0,0.0,0.0,0.7777777777777778,0.0002310540384676831,0.0001297400865471806,-0.0015064935064908074,1.4514593715374209,1225.0000166666666
2026-05-10T09:35:59.999000+00:00,-885.0,D2-2a53b8b913c713d1,MUUSDT,US_STOCK:2026-05-08T20:00:00+00:00:2026-05-11T08:00:00+00:00,31111-NEUTRAL CONTROL,FILL_LEVEL_CONTROL_REPLAY,760.39,-0.22,0.22,167.2858,0.33457159999999997,2052.0,-0.46260000000000223,0.0,0,0.0,0.0,0.7894736842105263,0.00023953873294343958,0.00013325788021906708,-0.003558441558439208,1.4684438132185165,1224.0000166666666
2026-05-10T09:36:59.999000+00:00,-884.0,D2-2a53b8b913c713d1,MUUSDT,US_STOCK:2026-05-08T20:00:00+00:00:2026-05-11T08:00:00+00:00,31111-NEUTRAL CONTROL,FILL_LEVEL_CONTROL_REPLAY,760.45,-0.22,0.22,167.299,0.334598,2053.0,-0.4758000000000152,0.0,0,0.0,0.0,0.7894736842105263,0.00022167325737581386,0.00012205153276825643,-0.004857142857140064,1.4582531482098513,1223.0000166666666
2026-05-10T09:37:59.999000+00:00,-883.0,D2-2a53b8b913c713d1,MUUSDT,US_STOCK:2026-05-08T20:00:00+00:00:2026-05-11T08:00:00+00:00,31111-NEUTRAL CONTROL,FILL_LEVEL_CONTROL_REPLAY,760.49,-0.22,0.22,167.30780000000001,0.3346156,2054.0,-0.48460000000000714,0.0,0,0.0,0.0,0.7368421052631579,0.00023856799093819125,0.00011666489602602724,-0.0030259740259721596,1.4514593715374209,1222.0000166666666
2026-05-10T09:38:59.999000+00:00,-882.0,D2-2a53b8b913c713d1,MUUSDT,US_STOCK:2026-05-08T20:00:00+00:00:2026-05-11T08:00:00+00:00,31111-NEUTRAL CONTROL,FILL_LEVEL_CONTROL_REPLAY,760.54,-0.22,0.22,167.31879999999998,0.3346376,2055.0,-0.49559999999999715,0.0,0,0.0,0.0,0.6842105263157895,0.0002460657653021085,0.00011743289180797143,-0.002311688311687981,1.4429671506968826,1221.0000166666666
2026-05-10T09:39:59.999000+00:00,-881.0,D2-2a53b8b913c713d1,MUUSDT,US_STOCK:2026-05-08T20:00:00+00:00:2026-05-11T08:00:00+00:00,31111-NEUTRAL CONTROL,FILL_LEVEL_CONTROL_REPLAY,760.58,-0.22,0.22,167.32760000000002,0.33465520000000004,2056.0,-0.5044000000000142,0.0,0,0.0,0.0,0.631578947368421,0.00024135715976156142,0.00011775427262134423,-0.0010779220779208022,1.436173374024433,1220.0000166666666
2026-05-10T09:40:59.999000+00:00,-880.0,D2-2a53b8b913c713d1,MUUSDT,US_STOCK:2026-05-08T20:00:00+00:00:2026-05-11T08:00:00+00:00,31111-NEUTRAL CONTROL,FILL_LEVEL_CONTROL_REPLAY,760.5,-0.22,0.22,167.31,0.33462000000000003,2057.0,-0.4868000000000051,0.0,0,0.0,0.0,0.6842105263157895,0.00022353714661409063,0.0001168250802622449,-0.0012077922077919953,1.4497609273693133,1219.0000166666666
2026-05-10T09:41:59.999000+00:00,-879.0,D2-2a53b8b913c713d1,MUUSDT,US_STOCK:2026-05-08T20:00:00+00:00:2026-05-11T08:00:00+00:00,31111-NEUTRAL CONTROL,FILL_LEVEL_CONTROL_REPLAY,760.61,-0.22,0.22,167.3342,0.33466840000000003,2058.0,-0.5110000000000081,0.0,0,0.0,0.0,0.6842105263157895,0.00022726120200517502,0.00011947386290372116,0.0014285714285710153,1.43107804152011,1218.0000166666666
2026-05-10T09:42:59.999000+00:00,-878.0,D2-2a53b8b913c713d1,MUUSDT,US_STOCK:2026-05-08T20:00:00+00:00:2026-05-11T08:00:00+00:00,31111-NEUTRAL CONTROL,FILL_LEVEL_CONTROL_REPLAY,760.77,-0.22,0.22,167.36939999999998,0.33473879999999995,2059.0,-0.5462000000000011,0.0,0,0.0,0.0,0.6842105263157895,0.0002197022189924255,0.00012447698448302217,0.007038961038960247,1.4039029348303689,1217.0000166666666
2026-05-10T09:43:59.999000+00:00,-877.0,D2-2a53b8b913c713d1,MUUSDT,US_STOCK:2026-05-08T20:00:00+00:00:2026-05-11T08:00:00+00:00,31111-NEUTRAL CONTROL,FILL_LEVEL_CONTROL_REPLAY,760.9,-0.22,0.22,167.398,0.334796,2060.0,-0.5748000000000001,0.0,0,0.0,0.0,0.631578947368421,0.00023843944201416346,0.00012770756398271178,0.012831168831167201,1.3818231606449503,1216.0000166666666
2026-05-10T09:44:59.999000+00:00,-876.0,D2-2a53b8b913c713d1,MUUSDT,US_STOCK:2026-05-08T20:00:00+00:00:2026-05-11T08:00:00+00:00,31111-NEUTRAL CONTROL,FILL_LEVEL_CONTROL_REPLAY,760.76,-0.22,0.22,167.3672,0.3347344,2061.0,-0.5440000000000031,0.0,0,0.0,0.0,0.631578947368421,0.0002431778747568358,0.0001357607668635977,0.015727272727270973,1.4056013789984765,1215.0000166666666
2026-05-10T09:45:59.999000+00:00,-875.0,D2-2a53b8b913c713d1,MUUSDT,US_STOCK:2026-05-08T20:00:00+00:00:2026-05-11T08:00:00+00:00,31111-NEUTRAL CONTROL,FILL_LEVEL_CONTROL_REPLAY,760.68,-0.22,0.22,167.34959999999998,0.3346992,2062.0,-0.5263999999999942,0.0,0,0.0,0.0,0.5789473684210527,0.0002572885914107042,0.00013722711292737098,0.017636363636360883,1.4191889323433566,1214.0000166666666
2026-05-10T09:46:59.999000+00:00,-874.0,D2-2a53b8b913c713d1,MUUSDT,US_STOCK:2026-05-08T20:00:00+00:00:2026-05-11T08:00:00+00:00,31111-NEUTRAL CONTROL,FILL_LEVEL_CONTROL_REPLAY,760.6,-0.22,0.22,167.332,0.33466399999999996,2063.0,-0.5088000000000101,0.0,0,0.0,0.0,0.5263157894736842,0.0002601329777243619,0.0001338585354657198,0.01755844155843947,1.4327764856882177,1213.0000166666666
2026-05-10T09:47:59.999000+00:00,-873.0,D2-2a53b8b913c713d1,MUUSDT,US_STOCK:2026-05-08T20:00:00+00:00:2026-05-11T08:00:00+00:00,31111-NEUTRAL CONTROL,FILL_LEVEL_CONTROL_REPLAY,760.65,-0.22,0.22,167.343,0.334686,2064.0,-0.5198000000000002,0.0,0,0.0,0.0,0.5789473684210527,0.00025072541341522505,0.00012534980140042074,0.01993506493506275,1.4242842648476794,1212.0000166666666
2026-05-10T09:48:59.999000+00:00,-872.0,D2-2a53b8b913c713d1,MUUSDT,US_STOCK:2026-05-08T20:00:00+00:00:2026-05-11T08:00:00+00:00,31111-NEUTRAL CONTROL,FILL_LEVEL_CONTROL_REPLAY,760.71,-0.22,0.22,167.3562,0.3347124,2065.0,-0.5330000000000132,0.0,0,0.0,0.0,0.5263157894736842,0.0002554004999089329,0.00012142443455531108,0.020727272727270117,1.4140935998390145,1211.0000166666666
2026-05-10T09:49:59.999000+00:00,-871.0,D2-2a53b8b913c713d1,MUUSDT,US_STOCK:2026-05-08T20:00:00+00:00:2026-05-11T08:00:00+00:00,31111-NEUTRAL CONTROL,FILL_LEVEL_CONTROL_REPLAY,760.67,-0.22,0.22,167.3474,0.33469479999999996,2066.0,-0.5241999999999961,0.0,0,0.0,0.0,0.5263157894736842,0.00024132860316752373,0.00011929497346354671,0.019207792207789356,1.4208873765114642,1210.0000166666666
2026-05-10T09:50:59.999000+00:00,-870.0,D2-2a53b8b913c713d1,MUUSDT,US_STOCK:2026-05-08T20:00:00+00:00:2026-05-11T08:00:00+00:00,31111-NEUTRAL CONTROL,FILL_LEVEL_CONTROL_REPLAY,760.71,-0.22,0.22,167.3562,0.3347124,2067.0,-0.5330000000000132,0.0,0,0.0,0.0,0.5263157894736842,0.00024882769292597807,0.00011463723809519197,0.019337662337660547,1.4140935998390145,1209.0000166666666
2026-05-10T09:51:59.999000+00:00,-869.0,D2-2a53b8b913c713d1,MUUSDT,US_STOCK:2026-05-08T20:00:00+00:00:2026-05-11T08:00:00+00:00,31111-NEUTRAL CONTROL,FILL_LEVEL_CONTROL_REPLAY,760.71,-0.22,0.22,167.3562,0.3347124,2068.0,-0.5330000000000132,0.0,0,0.0,0.0,0.5,0.0002253533822725847,0.00011133233504344043,0.01768831168831066,1.4140935998390145,1208.0000166666666
2026-05-10T09:52:59.999000+00:00,-868.0,D2-2a53b8b913c713d1,MUUSDT,US_STOCK:2026-05-08T20:00:00+00:00:2026-05-11T08:00:00+00:00,31111-NEUTRAL CONTROL,FILL_LEVEL_CONTROL_REPLAY,760.71,-0.22,0.22,167.3562,0.3347124,2069.0,-0.5330000000000132,0.0,0,0.0,0.0,0.47058823529411764,0.00022065852014191032,0.00010612343175096786,0.017129870129870054,1.4140935998390145,1207.0000166666666
2026-05-10T09:53:59.999000+00:00,-867.0,D2-2a53b8b913c713d1,MUUSDT,US_STOCK:2026-05-08T20:00:00+00:00:2026-05-11T08:00:00+00:00,31111-NEUTRAL CONTROL,FILL_LEVEL_CONTROL_REPLAY,760.7,-0.22,0.22,167.354,0.334708,2070.0,-0.5308000000000151,0.0,0,0.0,0.0,0.5294117647058824,0.00022160040564143244,0.00010176984089249242,0.014675324675325355,1.415792044007122,1206.0000166666666
2026-05-10T09:54:59.999000+00:00,-866.0,D2-2a53b8b913c713d1,MUUSDT,US_STOCK:2026-05-08T20:00:00+00:00:2026-05-11T08:00:00+00:00,31111-NEUTRAL CONTROL,FILL_LEVEL_CONTROL_REPLAY,760.61,-0.22,0.22,167.3342,0.33466840000000003,2071.0,-0.5110000000000081,0.0,0,0.0,0.0,0.47058823529411764,0.00021974843499673622,0.00010577736917022519,0.012311688311689368,1.43107804152011,1205.0000166666666
2026-05-10T09:55:59.999000+00:00,-865.0,D2-2a53b8b913c713d1,MUUSDT,US_STOCK:2026-05-08T20:00:00+00:00:2026-05-11T08:00:00+00:00,31111-NEUTRAL CONTROL,FILL_LEVEL_CONTROL_REPLAY,760.68,-0.22,0.22,167.34959999999998,0.3346992,2072.0,-0.5263999999999942,0.0,0,0.0,0.0,0.47058823529411764,0.00021785019418717126,0.00010220777871799211,0.010961038961039327,1.4191889323433566,1204.0000166666666
2026-05-10T09:56:59.999000+00:00,-864.0,D2-2a53b8b913c713d1,MUUSDT,US_STOCK:2026-05-08T20:00:00+00:00:2026-05-11T08:00:00+00:00,31111-NEUTRAL CONTROL,FILL_LEVEL_CONTROL_REPLAY,760.69,-0.22,0.22,167.35180000000003,0.33470360000000005,2073.0,-0.5286000000000172,0.0,0,0.0,0.0,0.47058823529411764,0.00019343340538573875,0.0001012835474603269,0.00806493506493585,1.4174904881752297,1203.0000166666666
2026-05-10T09:57:59.999000+00:00,-863.0,D2-2a53b8b913c713d1,MUUSDT,US_STOCK:2026-05-08T20:00:00+00:00:2026-05-11T08:00:00+00:00,31111-NEUTRAL CONTROL,FILL_LEVEL_CONTROL_REPLAY,760.59,-0.22,0.22,167.3298,0.3346596,2074.0,-0.5066000000000122,0.0,0,0.0,0.0,0.5294117647058824,0.0001925197168364042,0.0001057823365787176,0.0043376623376640035,1.4344749298563253,1202.0000166666666
2026-05-10T09:58:59.999000+00:00,-862.0,D2-2a53b8b913c713d1,MUUSDT,US_STOCK:2026-05-08T20:00:00+00:00:2026-05-11T08:00:00+00:00,31111-NEUTRAL CONTROL,FILL_LEVEL_CONTROL_REPLAY,760.71,-0.22,0.22,167.3562,0.3347124,2075.0,-0.5330000000000132,0.0,0,0.0,0.0,0.5882352941176471,0.00018591654037491975,0.00011016646430222117,0.002558441558443661,1.4140935998390145,1201.0000166666666
2026-05-10T09:59:59.999000+00:00,-861.0,D2-2a53b8b913c713d1,MUUSDT,US_STOCK:2026-05-08T20:00:00+00:00:2026-05-11T08:00:00+00:00,31111-NEUTRAL CONTROL,FILL_LEVEL_CONTROL_REPLAY,760.71,-0.22,0.22,167.3562,0.3347124,2076.0,-0.5330000000000132,0.0,0,0.0,0.0,0.5625,0.00015962531244312177,0.00010977355472874977,0.0012077922077940622,1.4140935998390145,1200.0000166666666
2026-05-10T10:00:59.999000+00:00,-860.0,D2-2a53b8b913c713d1,MUUSDT,US_STOCK:2026-05-08T20:00:00+00:00:2026-05-11T08:00:00+00:00,31111-NEUTRAL CONTROL,FILL_LEVEL_CONTROL_REPLAY,760.69,-0.22,0.22,167.35180000000003,0.33470360000000005,2077.0,-0.5286000000000172,0.0,0,0.0,0.0,0.5625,0.00016056850641246807,0.0001069981275459438,-5.194805194519944e-05,1.4174904881752297,1199.0000166666666
2026-05-10T10:01:59.999000+00:00,-859.0,D2-2a53b8b913c713d1,MUUSDT,US_STOCK:2026-05-08T20:00:00+00:00:2026-05-11T08:00:00+00:00,31111-NEUTRAL CONTROL,FILL_LEVEL_CONTROL_REPLAY,760.43,-0.22,0.22,167.2946,0.33458920000000003,2078.0,-0.47139999999999416,0.0,0,0.0,0.0,0.5625,0.00017753113370072148,0.00012751481764938314,-0.0059740259740240845,1.4616500365460858,1198.0000166666666
2026-05-10T10:02:59.999000+00:00,-858.0,D2-2a53b8b913c713d1,MUUSDT,US_STOCK:2026-05-08T20:00:00+00:00:2026-05-11T08:00:00+00:00,31111-NEUTRAL CONTROL,FILL_LEVEL_CONTROL_REPLAY,760.42,-0.22,0.22,167.2924,0.33458479999999996,2079.0,-0.4691999999999962,0.0,0,0.0,0.0,0.5625,0.00017847279886684295,0.00011690575854042481,-0.010363636363635059,1.4633484807141934,1197.0000166666666
2026-05-10T10:03:59.999000+00:00,-857.0,D2-2a53b8b913c713d1,MUUSDT,US_STOCK:2026-05-08T20:00:00+00:00:2026-05-11T08:00:00+00:00,31111-NEUTRAL CONTROL,FILL_LEVEL_CONTROL_REPLAY,760.63,-0.22,0.22,167.3386,0.3346772,2080.0,-0.5154000000000042,0.0,0,0.0,0.0,0.5625,0.0002047175179973479,0.00012741555846642493,-0.009493506493505685,1.4276811531838949,1196.0000166666666
2026-05-10T10:04:59.999000+00:00,-856.0,D2-2a53b8b913c713d1,MUUSDT,US_STOCK:2026-05-08T20:00:00+00:00:2026-05-11T08:00:00+00:00,31111-NEUTRAL CONTROL,FILL_LEVEL_CONTROL_REPLAY,760.62,-0.22,0.22,167.3364,0.3346728,2081.0,-0.5132000000000062,0.0,0,0.0,0.0,0.625,0.00019814662474603256,0.00012157615235844781,-0.006714285714285366,1.4293795973520025,1195.0000166666666
2026-05-10T10:05:59.999000+00:00,-855.0,D2-2a53b8b913c713d1,MUUSDT,US_STOCK:2026-05-08T20:00:00+00:00:2026-05-11T08:00:00+00:00,31111-NEUTRAL CONTROL,FILL_LEVEL_CONTROL_REPLAY,760.64,-0.22,0.22,167.3408,0.3346816,2082.0,-0.5176000000000021,0.0,0,0.0,0.0,0.6875,0.00020941012080058396,0.00011975010599535308,-0.005311688311688501,1.4259827090157873,1194.0000166666666
2026-05-10T10:06:59.999000+00:00,-854.0,D2-2a53b8b913c713d1,MUUSDT,US_STOCK:2026-05-08T20:00:00+00:00:2026-05-11T08:00:00+00:00,31111-NEUTRAL CONTROL,FILL_LEVEL_CONTROL_REPLAY,760.61,-0.22,0.22,167.3342,0.33466840000000003,2083.0,-0.5110000000000081,0.0,0,0.0,0.0,0.6875,0.00021223566798834014,0.00011777636898473875,-0.005285714285715237,1.43107804152011,1193.0000166666666
2026-05-10T10:07:59.999000+00:00,-853.0,D2-2a53b8b913c713d1,MUUSDT,US_STOCK:2026-05-08T20:00:00+00:00:2026-05-11T08:00:00+00:00,31111-NEUTRAL CONTROL,FILL_LEVEL_CONTROL_REPLAY,760.58,-0.22,0.22,167.32760000000002,0.33465520000000004,2084.0,-0.5044000000000142,0.0,0,0.0,0.0,0.6875,0.0002244527672490957,0.00011709959697483057,-0.006701298701299103,1.436173374024433,1192.0000166666666
2026-05-10T10:08:59.999000+00:00,-852.0,D2-2a53b8b913c713d1,MUUSDT,US_STOCK:2026-05-08T20:00:00+00:00:2026-05-11T08:00:00+00:00,31111-NEUTRAL CONTROL,FILL_LEVEL_CONTROL_REPLAY,760.47,-0.22,0.22,167.3034,0.33460680000000004,2085.0,-0.4802000000000111,0.0,0,0.0,0.0,0.625,0.00024233134020507012,0.00011924543098228491,-0.008805194805195508,1.454856259873636,1191.0000166666666
2026-05-10T10:09:59.999000+00:00,-851.0,D2-2a53b8b913c713d1,MUUSDT,US_STOCK:2026-05-08T20:00:00+00:00:2026-05-11T08:00:00+00:00,31111-NEUTRAL CONTROL,FILL_LEVEL_CONTROL_REPLAY,760.48,-0.22,0.22,167.3056,0.3346112,2086.0,-0.48240000000000915,0.0,0,0.0,0.0,0.625,0.0002451459228758217,0.00011909127058531383,-0.00968831168831203,1.4531578157055285,1190.0000166666666
2026-05-10T10:10:59.999000+00:00,-850.0,D2-2a53b8b913c713d1,MUUSDT,US_STOCK:2026-05-08T20:00:00+00:00:2026-05-11T08:00:00+00:00,31111-NEUTRAL CONTROL,FILL_LEVEL_CONTROL_REPLAY,760.71,-0.22,0.22,167.3562,0.3347124,2087.0,-0.5330000000000132,0.0,0,0.0,0.0,0.5625,0.0002704240587271123,0.00013701758969767447,-0.007857142857143683,1.4140935998390145,1189.0000166666666
2026-05-10T10:11:59.999000+00:00,-849.0,D2-2a53b8b913c713d1,MUUSDT,US_STOCK:2026-05-08T20:00:00+00:00:2026-05-11T08:00:00+00:00,31111-NEUTRAL CONTROL,FILL_LEVEL_CONTROL_REPLAY,760.64,-0.22,0.22,167.3408,0.3346816,2088.0,-0.5176000000000021,0.0,0,0.0,0.0,0.5882352941176471,0.0002516677684957302,0.00013847785000998628,-0.006415584415585373,1.4259827090157873,1188.0000166666666
2026-05-10T10:12:59.999000+00:00,-848.0,D2-2a53b8b913c713d1,MUUSDT,US_STOCK:2026-05-08T20:00:00+00:00:2026-05-11T08:00:00+00:00,31111-NEUTRAL CONTROL,FILL_LEVEL_CONTROL_REPLAY,760.63,-0.22,0.22,167.3386,0.3346772,2089.0,-0.5154000000000042,0.0,0,0.0,0.0,0.5555555555555556,0.00025354921953796506,0.0001384856971960921,-0.005012987012987916,1.4276811531838949,1187.0000166666666
2026-05-10T10:13:59.999000+00:00,-847.0,D2-2a53b8b913c713d1,MUUSDT,US_STOCK:2026-05-08T20:00:00+00:00:2026-05-11T08:00:00+00:00,31111-NEUTRAL CONTROL,FILL_LEVEL_CONTROL_REPLAY,760.47,-0.22,0.22,167.3034,0.33460680000000004,2090.0,-0.4802000000000111,0.0,0,0.0,0.0,0.5555555555555556,0.00026487379045666903,0.0001455379921398681,-0.0055844155844159684,1.454856259873636,1186.0000166666666
2026-05-10T10:14:59.999000+00:00,-846.0,D2-2a53b8b913c713d1,MUUSDT,US_STOCK:2026-05-08T20:00:00+00:00:2026-05-11T08:00:00+00:00,31111-NEUTRAL CONTROL,FILL_LEVEL_CONTROL_REPLAY,760.52,-0.22,0.22,167.3144,0.3346288,2091.0,-0.49120000000000114,0.0,0,0.0,0.0,0.5555555555555556,0.00026016034142054077,0.00014453709200999373,-0.00533766233766265,1.446364039033098,1185.0000166666666
2026-05-10T10:15:59.999000+00:00,-845.0,D2-2a53b8b913c713d1,MUUSDT,US_STOCK:2026-05-08T20:00:00+00:00:2026-05-11T08:00:00+00:00,31111-NEUTRAL CONTROL,FILL_LEVEL_CONTROL_REPLAY,760.57,-0.22,0.22,167.3254,0.3346508,2092.0,-0.5022000000000162,0.0,0,0.0,0.0,0.5555555555555556,0.0002413603331336238,0.00014375794213110295,-0.0054935064935062216,1.4378718181925405,1184.0000166666666
2026-05-10T10:16:59.999000+00:00,-844.0,D2-2a53b8b913c713d1,MUUSDT,US_STOCK:2026-05-08T20:00:00+00:00:2026-05-11T08:00:00+00:00,31111-NEUTRAL CONTROL,FILL_LEVEL_CONTROL_REPLAY,760.41,-0.22,0.22,167.2902,0.3345804,2093.0,-0.4669999999999981,0.0,0,0.0,0.0,0.5555555555555556,0.00025550126153750275,0.0001502802861352426,-0.0066753246753258385,1.465046924882301,1183.0000166666666
2026-05-10T10:17:59.999000+00:00,-843.0,D2-2a53b8b913c713d1,MUUSDT,US_STOCK:2026-05-08T20:00:00+00:00:2026-05-11T08:00:00+00:00,31111-NEUTRAL CONTROL,FILL_LEVEL_CONTROL_REPLAY,760.7,-0.22,0.22,167.354,0.334708,2094.0,-0.5308000000000151,0.0,0,0.0,0.0,0.5555555555555556,0.00024976994873146063,0.00017110899049276317,-0.0035974025974027215,1.415792044007122,1182.0000166666666
2026-05-10T10:18:59.999000+00:00,-842.0,D2-2a53b8b913c713d1,MUUSDT,US_STOCK:2026-05-08T20:00:00+00:00:2026-05-11T08:00:00+00:00,31111-NEUTRAL CONTROL,FILL_LEVEL_CONTROL_REPLAY,760.59,-0.22,0.22,167.3298,0.3346596,2095.0,-0.5066000000000122,0.0,0,0.0,0.0,0.5555555555555556,0.0002591972773016748,0.00017049838063795303,-0.0033896103896099644,1.4344749298563253,1181.0000166666666
2026-05-10T10:19:59.999000+00:00,-841.0,D2-2a53b8b913c713d1,MUUSDT,US_STOCK:2026-05-08T20:00:00+00:00:2026-05-11T08:00:00+00:00,31111-NEUTRAL CONTROL,FILL_LEVEL_CONTROL_REPLAY,760.61,-0.22,0.22,167.3342,0.33466840000000003,2096.0,-0.5110000000000081,0.0,0,0.0,0.0,0.5789473684210527,0.00025167769478259843,0.00017065533976704027,-0.0012077922077914046,1.43107804152011,1180.0000166666666
2026-05-10T10:20:59.999000+00:00,-840.0,D2-2a53b8b913c713d1,MUUSDT,US_STOCK:2026-05-08T20:00:00+00:00:2026-05-11T08:00:00+00:00,31111-NEUTRAL CONTROL,FILL_LEVEL_CONTROL_REPLAY,760.64,-0.22,0.22,167.3408,0.3346816,2097.0,-0.5176000000000021,0.0,0,0.0,0.0,0.5789473684210527,0.00024415529779436206,0.0001708764971079464,0.00149350649350735,1.4259827090157873,1179.0000166666666
2026-05-10T10:21:59.999000+00:00,-839.0,D2-2a53b8b913c713d1,MUUSDT,US_STOCK:2026-05-08T20:00:00+00:00:2026-05-11T08:00:00+00:00,31111-NEUTRAL CONTROL,FILL_LEVEL_CONTROL_REPLAY,760.63,-0.22,0.22,167.3386,0.3346772,2098.0,-0.5154000000000042,0.0,0,0.0,0.0,0.631578947368421,0.00022537708403374315,0.00015232773657844156,0.0038701298701312226,1.4276811531838949,1178.0000166666666
2026-05-10T10:22:59.999000+00:00,-838.0,D2-2a53b8b913c713d1,MUUSDT,US_STOCK:2026-05-08T20:00:00+00:00:2026-05-11T08:00:00+00:00,31111-NEUTRAL CONTROL,FILL_LEVEL_CONTROL_REPLAY,760.68,-0.22,0.22,167.34959999999998,0.3346992,2099.0,-0.5263999999999942,0.0,0,0.0,0.0,0.631578947368421,0.0002131551468986592,0.0001526164251894136,0.0032597402597401,1.4191889323433566,1177.0000166666666
2026-05-10T10:23:59.999000+00:00,-837.0,D2-2a53b8b913c713d1,MUUSDT,US_STOCK:2026-05-08T20:00:00+00:00:2026-05-11T08:00:00+00:00,31111-NEUTRAL CONTROL,FILL_LEVEL_CONTROL_REPLAY,760.8,-0.22,0.22,167.376,0.334752,2100.0,-0.5527999999999952,0.0,0,0.0,0.0,0.5789473684210527,0.00020842721946824218,0.00014453463894159392,0.003740259740258258,1.3988076023260458,1176.0000166666666
2026-05-10T10:24:59.999000+00:00,-836.0,D2-2a53b8b913c713d1,MUUSDT,US_STOCK:2026-05-08T20:00:00+00:00:2026-05-11T08:00:00+00:00,31111-NEUTRAL CONTROL,FILL_LEVEL_CONTROL_REPLAY,760.66,-0.22,0.22,167.3452,0.3346904,2101.0,-0.5219999999999981,0.0,0,0.0,0.0,0.5789473684210527,0.0002056484782012771,0.0001506414363183205,0.0049090909090888065,1.4225858206795718,1175.0000166666666
2026-05-10T10:25:59.999000+00:00,-835.0,D2-2a53b8b913c713d1,MUUSDT,US_STOCK:2026-05-08T20:00:00+00:00:2026-05-11T08:00:00+00:00,31111-NEUTRAL CONTROL,FILL_LEVEL_CONTROL_REPLAY,760.73,-0.22,0.22,167.3606,0.3347212,2102.0,-0.5374000000000091,0.0,0,0.0,0.0,0.5789473684210527,0.00021689692795080033,0.00015183394499150744,0.006805194805192897,1.4106967115027993,1174.0000166666666
2026-05-10T10:26:59.999000+00:00,-834.0,D2-2a53b8b913c713d1,MUUSDT,US_STOCK:2026-05-08T20:00:00+00:00:2026-05-11T08:00:00+00:00,31111-NEUTRAL CONTROL,FILL_LEVEL_CONTROL_REPLAY,760.71,-0.22,0.22,167.3562,0.3347124,2103.0,-0.5330000000000132,0.0,0,0.0,0.0,0.631578947368421,0.00021408571315896616,0.0001516644398466711,0.00858441558441383,1.4140935998390145,1173.0000166666666
2026-05-10T10:27:59.999000+00:00,-833.0,D2-2a53b8b913c713d1,MUUSDT,US_STOCK:2026-05-08T20:00:00+00:00:2026-05-11T08:00:00+00:00,31111-NEUTRAL CONTROL,FILL_LEVEL_CONTROL_REPLAY,760.7,-0.22,0.22,167.354,0.334708,2104.0,-0.5308000000000151,0.0,0,0.0,0.0,0.631578947368421,0.00021596649702343535,0.0001513734279397853,0.009714285714284556,1.415792044007122,1172.0000166666666
2026-05-10T10:28:59.999000+00:00,-832.0,D2-2a53b8b913c713d1,MUUSDT,US_STOCK:2026-05-08T20:00:00+00:00:2026-05-11T08:00:00+00:00,31111-NEUTRAL CONTROL,FILL_LEVEL_CONTROL_REPLAY,760.66,-0.22,0.22,167.3452,0.3346904,2105.0,-0.5219999999999981,0.0,0,0.0,0.0,0.5789473684210527,0.00021879495625981465,0.00014802848701663535,0.009779220779219562,1.4225858206795718,1171.0000166666666
2026-05-10T10:29:59.999000+00:00,-831.0,D2-2a53b8b913c713d1,MUUSDT,US_STOCK:2026-05-08T20:00:00+00:00:2026-05-11T08:00:00+00:00,31111-NEUTRAL CONTROL,FILL_LEVEL_CONTROL_REPLAY,760.78,-0.22,0.22,167.3716,0.3347432,2106.0,-0.5483999999999991,0.0,0,0.0,0.0,0.631578947368421,0.0002384770517476604,0.00015137733788714772,0.00972727272727141,1.402204490662261,1170.0000166666666
2026-05-10T10:30:59.999000+00:00,-830.0,D2-2a53b8b913c713d1,MUUSDT,US_STOCK:2026-05-08T20:00:00+00:00:2026-05-11T08:00:00+00:00,31111-NEUTRAL CONTROL,FILL_LEVEL_CONTROL_REPLAY,760.73,-0.22,0.22,167.3606,0.3347212,2107.0,-0.5374000000000091,0.0,0,0.0,0.0,0.631578947368421,0.00023192009179153362,0.00013764140902292746,0.008766233766232881,1.4106967115027993,1169.0000166666666
2026-05-10T10:31:59.999000+00:00,-829.0,D2-2a53b8b913c713d1,MUUSDT,US_STOCK:2026-05-08T20:00:00+00:00:2026-05-11T08:00:00+00:00,31111-NEUTRAL CONTROL,FILL_LEVEL_CONTROL_REPLAY,760.93,-0.22,0.22,167.4046,0.3348092,2108.0,-0.5813999999999941,0.0,0,0.0,0.0,0.6842105263157895,0.00023843004143425656,0.00014702319579810305,0.013363636363635283,1.3767278281406274,1168.0000166666666
2026-05-10T10:32:59.999000+00:00,-828.0,D2-2a53b8b913c713d1,MUUSDT,US_STOCK:2026-05-08T20:00:00+00:00:2026-05-11T08:00:00+00:00,31111-NEUTRAL CONTROL,FILL_LEVEL_CONTROL_REPLAY,760.64,-0.22,0.22,167.3408,0.3346816,2109.0,-0.5176000000000021,0.0,0,0.0,0.0,0.7368421052631579,0.00025636306268403587,0.0001709758498196269,0.012909090909089503,1.4259827090157873,1167.0000166666666
2026-05-10T10:33:59.999000+00:00,-827.0,D2-2a53b8b913c713d1,MUUSDT,US_STOCK:2026-05-08T20:00:00+00:00:2026-05-11T08:00:00+00:00,31111-NEUTRAL CONTROL,FILL_LEVEL_CONTROL_REPLAY,760.62,-0.22,0.22,167.3364,0.3346728,2110.0,-0.5132000000000062,0.0,0,0.0,0.0,0.6842105263157895,0.0002751514741732987,0.00016418845974508424,0.012051948051946688,1.4293795973520025,1166.0000166666666
2026-05-10T10:34:59.999000+00:00,-826.0,D2-2a53b8b913c713d1,MUUSDT,US_STOCK:2026-05-08T20:00:00+00:00:2026-05-11T08:00:00+00:00,31111-NEUTRAL CONTROL,FILL_LEVEL_CONTROL_REPLAY,760.71,-0.22,0.22,167.3562,0.3347124,2111.0,-0.5330000000000132,0.0,0,0.0,0.0,0.7368421052631579,0.00029577631423273275,0.00016547782711595114,0.010090909090908625,1.4140935998390145,1165.0000166666666
2026-05-10T10:35:59.999000+00:00,-825.0,D2-2a53b8b913c713d1,MUUSDT,US_STOCK:2026-05-08T20:00:00+00:00:2026-05-11T08:00:00+00:00,31111-NEUTRAL CONTROL,FILL_LEVEL_CONTROL_REPLAY,760.79,-0.22,0.22,167.3738,0.3347476,2112.0,-0.5505999999999972,0.0,0,0.0,0.0,0.6842105263157895,0.000304195075419703,0.00016633280617261485,0.009571428571427397,1.4005060464941534,1164.0000166666666
2026-05-10T10:36:59.999000+00:00,-824.0,D2-2a53b8b913c713d1,MUUSDT,US_STOCK:2026-05-08T20:00:00+00:00:2026-05-11T08:00:00+00:00,31111-NEUTRAL CONTROL,FILL_LEVEL_CONTROL_REPLAY,760.74,-0.22,0.22,167.3628,0.3347256,2113.0,-0.5396000000000072,0.0,0,0.0,0.0,0.6842105263157895,0.000319238035146217,0.00015939931039147778,0.00876623376623347,1.4089982673346917,1163.0000166666666
2026-05-10T10:37:59.999000+00:00,-823.0,D2-2a53b8b913c713d1,MUUSDT,US_STOCK:2026-05-08T20:00:00+00:00:2026-05-11T08:00:00+00:00,31111-NEUTRAL CONTROL,FILL_LEVEL_CONTROL_REPLAY,760.9,-0.22,0.22,167.398,0.334796,2114.0,-0.5748000000000001,0.0,0,0.0,0.0,0.6842105263157895,0.00030508983722283764,0.00014368638552273127,0.0075324675324665875,1.3818231606449503,1162.0000166666666
2026-05-10T10:38:59.999000+00:00,-822.0,D2-2a53b8b913c713d1,MUUSDT,US_STOCK:2026-05-08T20:00:00+00:00:2026-05-11T08:00:00+00:00,31111-NEUTRAL CONTROL,FILL_LEVEL_CONTROL_REPLAY,760.87,-0.22,0.22,167.3914,0.3347828,2115.0,-0.5682000000000061,0.0,0,0.0,0.0,0.6842105263157895,0.0003088569663674337,0.00013968529378375423,0.009415584415584268,1.3869184931492733,1161.0000166666666
2026-05-10T10:39:59.999000+00:00,-821.0,D2-2a53b8b913c713d1,MUUSDT,US_STOCK:2026-05-08T20:00:00+00:00:2026-05-11T08:00:00+00:00,31111-NEUTRAL CONTROL,FILL_LEVEL_CONTROL_REPLAY,761.95,-0.22,0.22,167.62900000000002,0.33525800000000006,2116.0,-0.8058000000000152,0.0,0,0.0,0.0,0.7368421052631579,0.0004106006205881308,0.00033585548379031974,0.02353246753246857,1.2034865229934761,1160.0000166666666
2026-05-10T10:40:59.999000+00:00,-820.0,D2-2a53b8b913c713d1,MUUSDT,US_STOCK:2026-05-08T20:00:00+00:00:2026-05-11T08:00:00+00:00,31111-NEUTRAL CONTROL,FILL_LEVEL_CONTROL_REPLAY,761.97,-0.22,0.22,167.6334,0.3352668,2117.0,-0.8102000000000111,0.0,0,0.0,0.0,0.6842105263157895,0.0004162143616452679,0.0003359632896269786,0.03642857142857314,1.200089634657261,1159.0000166666666
2026-05-10T10:41:59.999000+00:00,-819.0,D2-2a53b8b913c713d1,MUUSDT,US_STOCK:2026-05-08T20:00:00+00:00:2026-05-11T08:00:00+00:00,31111-NEUTRAL CONTROL,FILL_LEVEL_CONTROL_REPLAY,762.0,-0.22,0.22,167.64000000000001,0.33528,2118.0,-0.8168000000000052,0.0,0,0.0,0.0,0.631578947368421,0.00042557180352453475,0.00033537178735407316,0.048376623376625,1.1949943021529381,1158.0000166666666
2026-05-10T10:42:59.999000+00:00,-818.0,D2-2a53b8b913c713d1,MUUSDT,US_STOCK:2026-05-08T20:00:00+00:00:2026-05-11T08:00:00+00:00,31111-NEUTRAL CONTROL,FILL_LEVEL_CONTROL_REPLAY,762.2,-0.22,0.22,167.684,0.335368,2119.0,-0.8608000000000152,0.0,0,0.0,0.0,0.631578947368421,0.0004620084717171942,0.0003373937943028975,0.06101298701298925,1.161025418790747,1157.0000166666666
2026-05-10T10:43:59.999000+00:00,-817.0,D2-2a53b8b913c713d1,MUUSDT,US_STOCK:2026-05-08T20:00:00+00:00:2026-05-11T08:00:00+00:00,31111-NEUTRAL CONTROL,FILL_LEVEL_CONTROL_REPLAY,762.1,-0.22,0.22,167.662,0.335324,2120.0,-0.8388000000000101,0.0,0,0.0,0.0,0.631578947368421,0.00045832005548576986,0.00034077564574796815,0.07102597402597587,1.1780098604718425,1156.0000166666666
2026-05-10T10:44:59.999000+00:00,-816.0,D2-2a53b8b913c713d1,MUUSDT,US_STOCK:2026-05-08T20:00:00+00:00:2026-05-11T08:00:00+00:00,31111-NEUTRAL CONTROL,FILL_LEVEL_CONTROL_REPLAY,762.09,-0.22,0.22,167.65980000000002,0.33531960000000005,2121.0,-0.8366000000000121,0.0,0,0.0,0.0,0.5789473684210527,0.0004930051381257923,0.00033602180379760247,0.08077922077922231,1.1797083046399501,1155.0000166666666
2026-05-10T10:45:59.999000+00:00,-815.0,D2-2a53b8b913c713d1,MUUSDT,US_STOCK:2026-05-08T20:00:00+00:00:2026-05-11T08:00:00+00:00,31111-NEUTRAL CONTROL,FILL_LEVEL_CONTROL_REPLAY,762.11,-0.22,0.22,167.6642,0.33532839999999997,2122.0,-0.8410000000000082,0.0,0,0.0,0.0,0.5789473684210527,0.0004770589922339806,0.00033634652949856853,0.0871168831168842,1.176311416303735,1154.0000166666666
2026-05-10T10:46:59.999000+00:00,-814.0,D2-2a53b8b913c713d1,MUUSDT,US_STOCK:2026-05-08T20:00:00+00:00:2026-05-11T08:00:00+00:00,31111-NEUTRAL CONTROL,FILL_LEVEL_CONTROL_REPLAY,762.3,-0.22,0.22,167.706,0.335412,2123.0,-0.8827999999999951,0.0,0,0.0,0.0,0.5789473684210527,0.0004741290455576332,0.0003369170724469588,0.09503896103896156,1.1440409771096707,1153.0000166666666
2026-05-10T10:47:59.999000+00:00,-813.0,D2-2a53b8b913c713d1,MUUSDT,US_STOCK:2026-05-08T20:00:00+00:00:2026-05-11T08:00:00+00:00,31111-NEUTRAL CONTROL,FILL_LEVEL_CONTROL_REPLAY,762.36,-0.22,0.22,167.7192,0.3354384,2124.0,-0.8960000000000081,0.0,0,0.0,0.0,0.5789473684210527,0.0004769025507259549,0.0003359071523430135,0.10141558441558549,1.1338503121010057,1152.0000166666666
2026-05-10T10:48:59.999000+00:00,-812.0,D2-2a53b8b913c713d1,MUUSDT,US_STOCK:2026-05-08T20:00:00+00:00:2026-05-11T08:00:00+00:00,31111-NEUTRAL CONTROL,FILL_LEVEL_CONTROL_REPLAY,762.29,-0.22,0.22,167.7038,0.33540760000000003,2125.0,-0.8805999999999972,0.0,0,0.0,0.0,0.5789473684210527,0.0004760093177887076,0.00033695839007999375,0.10459740259740373,1.1457394212777783,1151.0000166666666
2026-05-10T10:49:59.999000+00:00,-811.0,D2-2a53b8b913c713d1,MUUSDT,US_STOCK:2026-05-08T20:00:00+00:00:2026-05-11T08:00:00+00:00,31111-NEUTRAL CONTROL,FILL_LEVEL_CONTROL_REPLAY,762.2,-0.22,0.22,167.684,0.335368,2126.0,-0.8608000000000152,0.0,0,0.0,0.0,0.5263157894736842,0.0004901225775012306,0.00034023108320545596,0.10397402597402723,1.161025418790747,1150.0000166666666
2026-05-10T10:50:59.999000+00:00,-810.0,D2-2a53b8b913c713d1,MUUSDT,US_STOCK:2026-05-08T20:00:00+00:00:2026-05-11T08:00:00+00:00,31111-NEUTRAL CONTROL,FILL_LEVEL_CONTROL_REPLAY,762.29,-0.22,0.22,167.7038,0.33540760000000003,2127.0,-0.8805999999999972,0.0,0,0.0,0.0,0.5263157894736842,0.00047882039643705286,0.0003382883747676413,0.10423376623376651,1.1457394212777783,1149.0000166666666
2026-05-10T10:51:59.999000+00:00,-809.0,D2-2a53b8b913c713d1,MUUSDT,US_STOCK:2026-05-08T20:00:00+00:00:2026-05-11T08:00:00+00:00,31111-NEUTRAL CONTROL,FILL_LEVEL_CONTROL_REPLAY,762.21,-0.22,0.22,167.6862,0.3353724,2128.0,-0.8630000000000131,0.0,0,0.0,0.0,0.5263157894736842,0.00046856228223567933,0.0003390657832064466,0.10077922077922169,1.1593269746226393,1148.0000166666666
2026-05-10T10:52:59.999000+00:00,-808.0,D2-2a53b8b913c713d1,MUUSDT,US_STOCK:2026-05-08T20:00:00+00:00:2026-05-11T08:00:00+00:00,31111-NEUTRAL CONTROL,FILL_LEVEL_CONTROL_REPLAY,762.17,-0.22,0.22,167.6774,0.3353548,2129.0,-0.8541999999999962,0.0,0,0.0,0.0,0.5263157894736842,0.00048545600062978675,0.0003237394431579253,0.09774025974025928,1.166120751295089,1147.0000166666666
2026-05-10T10:53:59.999000+00:00,-807.0,D2-2a53b8b913c713d1,MUUSDT,US_STOCK:2026-05-08T20:00:00+00:00:2026-05-11T08:00:00+00:00,31111-NEUTRAL CONTROL,FILL_LEVEL_CONTROL_REPLAY,762.15,-0.22,0.22,167.673,0.335346,2130.0,-0.8498000000000001,0.0,0,0.0,0.0,0.47368421052631576,0.00037487933571382783,0.00032373840949607253,0.08868831168831061,1.1695176396313043,1146.0000166666666
2026-05-10T10:54:59.999000+00:00,-806.0,D2-2a53b8b913c713d1,MUUSDT,US_STOCK:2026-05-08T20:00:00+00:00:2026-05-11T08:00:00+00:00,31111-NEUTRAL CONTROL,FILL_LEVEL_CONTROL_REPLAY,762.14,-0.22,0.22,167.67079999999999,0.33534159999999996,2131.0,-0.8476000000000021,0.0,0,0.0,0.0,0.47368421052631576,0.0003523911992172515,0.0003246434739640736,0.07725974025973895,1.1712160837994119,1145.0000166666666
2026-05-10T10:55:59.999000+00:00,-805.0,D2-2a53b8b913c713d1,MUUSDT,US_STOCK:2026-05-08T20:00:00+00:00:2026-05-11T08:00:00+00:00,31111-NEUTRAL CONTROL,FILL_LEVEL_CONTROL_REPLAY,762.3,-0.22,0.22,167.706,0.335412,2132.0,-0.8827999999999951,0.0,0,0.0,0.0,0.47368421052631576,0.0003523172354341284,0.0003256258253366648,0.06722077922077774,1.1440409771096707,1144.0000166666666
2026-05-10T10:56:59.999000+00:00,-804.0,D2-2a53b8b913c713d1,MUUSDT,US_STOCK:2026-05-08T20:00:00+00:00:2026-05-11T08:00:00+00:00,31111-NEUTRAL CONTROL,FILL_LEVEL_CONTROL_REPLAY,762.22,-0.22,0.22,167.6884,0.33537680000000003,2133.0,-0.8652000000000112,0.0,0,0.0,0.0,0.47368421052631576,0.0003261150698898348,0.00032672947042390013,0.055220779220777574,1.1576285304545317,1143.0000166666666
2026-05-10T10:57:59.999000+00:00,-803.0,D2-2a53b8b913c713d1,MUUSDT,US_STOCK:2026-05-08T20:00:00+00:00:2026-05-11T08:00:00+00:00,31111-NEUTRAL CONTROL,FILL_LEVEL_CONTROL_REPLAY,762.17,-0.22,0.22,167.6774,0.3353548,2134.0,-0.8541999999999962,0.0,0,0.0,0.0,0.42105263157894735,0.0003073929888157553,0.00032748767818368933,0.03999999999999787,1.166120751295089,1142.0000166666666
2026-05-10T10:58:59.999000+00:00,-802.0,D2-2a53b8b913c713d1,MUUSDT,US_STOCK:2026-05-08T20:00:00+00:00:2026-05-11T08:00:00+00:00,31111-NEUTRAL CONTROL,FILL_LEVEL_CONTROL_REPLAY,762.14,-0.22,0.22,167.67079999999999,0.33534159999999996,2135.0,-0.8476000000000021,0.0,0,0.0,0.0,0.3684210526315789,0.00027085387386642116,0.0003274864460696951,0.02481818181817918,1.1712160837994119,1141.0000166666666
2026-05-10T10:59:59.999000+00:00,-801.0,D2-2a53b8b913c713d1,MUUSDT,US_STOCK:2026-05-08T20:00:00+00:00:2026-05-11T08:00:00+00:00,31111-NEUTRAL CONTROL,FILL_LEVEL_CONTROL_REPLAY,762.15,-0.22,0.22,167.673,0.335346,2136.0,-0.8498000000000001,0.0,0,0.0,0.0,0.42105263157894735,0.00024929475824965344,0.00011535962378201635,0.007727272727269833,1.1695176396313043,1140.0000166666666
2026-05-10T11:00:59.999000+00:00,-800.0,D2-2a53b8b913c713d1,MUUSDT,US_STOCK:2026-05-08T20:00:00+00:00:2026-05-11T08:00:00+00:00,31111-NEUTRAL CONTROL,FILL_LEVEL_CONTROL_REPLAY,762.17,-0.22,0.22,167.6774,0.3353548,2137.0,-0.8541999999999962,0.0,0,0.0,0.0,0.42105263157894735,0.0002427280003148614,0.00011535958462510247,0.004662337662334899,1.166120751295089,1139.0000166666666
2026-05-10T11:01:59.999000+00:00,-799.0,D2-2a53b8b913c713d1,MUUSDT,US_STOCK:2026-05-08T20:00:00+00:00:2026-05-11T08:00:00+00:00,31111-NEUTRAL CONTROL,FILL_LEVEL_CONTROL_REPLAY,762.19,-0.22,0.22,167.6818,0.33536360000000004,2138.0,-0.8586000000000171,0.0,0,0.0,0.0,0.42105263157894735,0.00022960154292234072,0.000115245671739118,0.0018571428571413158,1.1627238629588545,1138.0000166666666
2026-05-10T11:02:59.999000+00:00,-798.0,D2-2a53b8b913c713d1,MUUSDT,US_STOCK:2026-05-08T20:00:00+00:00:2026-05-11T08:00:00+00:00,31111-NEUTRAL CONTROL,FILL_LEVEL_CONTROL_REPLAY,762.22,-0.22,0.22,167.6884,0.33537680000000003,2139.0,-0.8652000000000112,0.0,0,0.0,0.0,0.3684210526315789,0.000209913148434804,0.00010034141807194003,-0.00041558441558551407,1.1576285304545317,1137.0000166666666
2026-05-10T11:03:59.999000+00:00,-797.0,D2-2a53b8b913c713d1,MUUSDT,US_STOCK:2026-05-08T20:00:00+00:00:2026-05-11T08:00:00+00:00,31111-NEUTRAL CONTROL,FILL_LEVEL_CONTROL_REPLAY,762.22,-0.22,0.22,167.6884,0.33537680000000003,2140.0,-0.8652000000000112,0.0,0,0.0,0.0,0.3888888888888889,0.00018742245395964222,9.564218263282824e-05,-0.00011688311688315822,1.1576285304545317,1136.0000166666666
2026-05-10T11:04:59.999000+00:00,-796.0,D2-2a53b8b913c713d1,MUUSDT,US_STOCK:2026-05-08T20:00:00+00:00:2026-05-11T08:00:00+00:00,31111-NEUTRAL CONTROL,FILL_LEVEL_CONTROL_REPLAY,762.3,-0.22,0.22,167.706,0.335412,2141.0,-0.8827999999999951,0.0,0,0.0,0.0,0.3333333333333333,0.00017990667341313116,9.778418263663486e-05,-0.00023376623376646408,1.1440409771096707,1135.0000166666666
2026-05-10T11:05:59.999000+00:00,-795.0,D2-2a53b8b913c713d1,MUUSDT,US_STOCK:2026-05-08T20:00:00+00:00:2026-05-11T08:00:00+00:00,31111-NEUTRAL CONTROL,FILL_LEVEL_CONTROL_REPLAY,762.23,-0.22,0.22,167.69060000000002,0.33538120000000005,2142.0,-0.8674000000000092,0.0,0,0.0,0.0,0.3888888888888889,0.00017898609531052934,0.00010038318348257042,-0.0016623376623370364,1.1559300862864241,1134.0000166666666
2026-05-10T11:06:59.999000+00:00,-794.0,D2-2a53b8b913c713d1,MUUSDT,US_STOCK:2026-05-08T20:00:00+00:00:2026-05-11T08:00:00+00:00,31111-NEUTRAL CONTROL,FILL_LEVEL_CONTROL_REPLAY,762.33,-0.22,0.22,167.7126,0.33542520000000003,2143.0,-0.8894000000000141,0.0,0,0.0,0.0,0.4444444444444444,0.00019114331813553022,8.88134094416788e-05,-0.0016883116883101529,1.1389456446053285,1133.0000166666666
2026-05-10T11:07:59.999000+00:00,-793.0,D2-2a53b8b913c713d1,MUUSDT,US_STOCK:2026-05-08T20:00:00+00:00:2026-05-11T08:00:00+00:00,31111-NEUTRAL CONTROL,FILL_LEVEL_CONTROL_REPLAY,762.38,-0.22,0.22,167.7236,0.3354472,2144.0,-0.9004000000000041,0.0,0,0.0,0.0,0.3888888888888889,0.00019862610696574857,8.829107230262404e-05,0.001363636363637338,1.1304534237647903,1132.0000166666666
2026-05-10T11:08:59.999000+00:00,-792.0,D2-2a53b8b913c713d1,MUUSDT,US_STOCK:2026-05-08T20:00:00+00:00:2026-05-11T08:00:00+00:00,31111-NEUTRAL CONTROL,FILL_LEVEL_CONTROL_REPLAY,762.36,-0.22,0.22,167.7192,0.3354384,2145.0,-0.8960000000000081,0.0,0,0.0,0.0,0.4444444444444444,0.000199568257965833,8.595809580963443e-05,0.0049090909090923505,1.1338503121010057,1131.0000166666666
2026-05-10T11:09:59.999000+00:00,-791.0,D2-2a53b8b913c713d1,MUUSDT,US_STOCK:2026-05-08T20:00:00+00:00:2026-05-11T08:00:00+00:00,31111-NEUTRAL CONTROL,FILL_LEVEL_CONTROL_REPLAY,762.22,-0.22,0.22,167.6884,0.33537680000000003,2146.0,-0.8652000000000112,0.0,0,0.0,0.0,0.3888888888888889,0.00020522758708580574,9.163728483270205e-05,0.005636363636365007,1.1576285304545317,1130.0000166666666
2026-05-10T11:10:59.999000+00:00,-790.0,D2-2a53b8b913c713d1,MUUSDT,US_STOCK:2026-05-08T20:00:00+00:00:2026-05-11T08:00:00+00:00,31111-NEUTRAL CONTROL,FILL_LEVEL_CONTROL_REPLAY,762.3,-0.22,0.22,167.706,0.335412,2147.0,-0.8827999999999951,0.0,0,0.0,0.0,0.3888888888888889,0.00021457618860212728,9.084243148890377e-05,0.006207792207793649,1.1440409771096707,1129.0000166666666
2026-05-10T11:11:59.999000+00:00,-789.0,D2-2a53b8b913c713d1,MUUSDT,US_STOCK:2026-05-08T20:00:00+00:00:2026-05-11T08:00:00+00:00,31111-NEUTRAL CONTROL,FILL_LEVEL_CONTROL_REPLAY,762.29,-0.22,0.22,167.7038,0.33540760000000003,2148.0,-0.8805999999999972,0.0,0,0.0,0.0,0.4444444444444444,0.00020052361024953434,8.765338771475004e-05,0.007805194805195384,1.1457394212777783,1128.0000166666666
2026-05-10T11:12:59.999000+00:00,-788.0,D2-2a53b8b913c713d1,MUUSDT,US_STOCK:2026-05-08T20:00:00+00:00:2026-05-11T08:00:00+00:00,31111-NEUTRAL CONTROL,FILL_LEVEL_CONTROL_REPLAY,762.25,-0.22,0.22,167.695,0.33538999999999997,2149.0,-0.8718000000000052,0.0,0,0.0,0.0,0.4444444444444444,0.00019959705758323953,8.765320635448055e-05,0.007740259740260969,1.152533197950209,1127.0000166666666
2026-05-10T11:13:59.999000+00:00,-787.0,D2-2a53b8b913c713d1,MUUSDT,US_STOCK:2026-05-08T20:00:00+00:00:2026-05-11T08:00:00+00:00,31111-NEUTRAL CONTROL,FILL_LEVEL_CONTROL_REPLAY,762.31,-0.22,0.22,167.70819999999998,0.33541639999999995,2150.0,-0.8849999999999931,0.0,0,0.0,0.0,0.5,0.0002023923525674326,8.874566965943101e-05,0.007831168831168944,1.142342532941563,1126.0000166666666
2026-05-10T11:14:59.999000+00:00,-786.0,D2-2a53b8b913c713d1,MUUSDT,US_STOCK:2026-05-08T20:00:00+00:00:2026-05-11T08:00:00+00:00,31111-NEUTRAL CONTROL,FILL_LEVEL_CONTROL_REPLAY,762.31,-0.22,0.22,167.70819999999998,0.33541639999999995,2151.0,-0.8849999999999931,0.0,0,0.0,0.0,0.47058823529411764,0.00020332935419967795,8.86170388866235e-05,0.007454545454544728,1.142342532941563,1125.0000166666666
2026-05-10T11:15:59.999000+00:00,-785.0,D2-2a53b8b913c713d1,MUUSDT,US_STOCK:2026-05-08T20:00:00+00:00:2026-05-11T08:00:00+00:00,31111-NEUTRAL CONTROL,FILL_LEVEL_CONTROL_REPLAY,762.28,-0.22,0.22,167.70159999999998,0.33540319999999996,2152.0,-0.8783999999999992,0.0,0,0.0,0.0,0.47058823529411764,0.00020708551038609564,7.648209434464621e-05,0.006337662337661298,1.1474378654458859,1124.0000166666666
2026-05-10T11:16:59.999000+00:00,-784.0,D2-2a53b8b913c713d1,MUUSDT,US_STOCK:2026-05-08T20:00:00+00:00:2026-05-11T08:00:00+00:00,31111-NEUTRAL CONTROL,FILL_LEVEL_CONTROL_REPLAY,762.44,-0.22,0.22,167.73680000000002,0.33547360000000004,2153.0,-0.9136000000000172,0.0,0,0.0,0.0,0.5294117647058824,0.00022015783911798973,8.541111138374421e-05,0.009402597402596677,1.1202627587561254,1123.0000166666666
2026-05-10T11:17:59.999000+00:00,-783.0,D2-2a53b8b913c713d1,MUUSDT,US_STOCK:2026-05-08T20:00:00+00:00:2026-05-11T08:00:00+00:00,31111-NEUTRAL CONTROL,FILL_LEVEL_CONTROL_REPLAY,762.37,-0.22,0.22,167.7214,0.3354428,2154.0,-0.8982000000000062,0.0,0,0.0,0.0,0.5882352941176471,0.00023142118843679204,8.681864943496285e-05,0.01023376623376608,1.1321518679328981,1122.0000166666666
2026-05-10T11:18:59.999000+00:00,-782.0,D2-2a53b8b913c713d1,MUUSDT,US_STOCK:2026-05-08T20:00:00+00:00:2026-05-11T08:00:00+00:00,31111-NEUTRAL CONTROL,FILL_LEVEL_CONTROL_REPLAY,762.41,-0.22,0.22,167.7302,0.3354604,2155.0,-0.9069999999999981,0.0,0,0.0,0.0,0.5882352941176471,0.00023234592560807222,8.63485470067919e-05,0.010675324675323677,1.1253580912604675,1121.0000166666666
2026-05-10T11:19:59.999000+00:00,-781.0,D2-2a53b8b913c713d1,MUUSDT,US_STOCK:2026-05-08T20:00:00+00:00:2026-05-11T08:00:00+00:00,31111-NEUTRAL CONTROL,FILL_LEVEL_CONTROL_REPLAY,762.3,-0.22,0.22,167.706,0.335412,2156.0,-0.8827999999999951,0.0,0,0.0,0.0,0.6470588235294118,0.0002445606341710144,9.330151107310828e-05,0.008948051948050307,1.1440409771096707,1120.0000166666666
2026-05-10T11:20:59.999000+00:00,-780.0,D2-2a53b8b913c713d1,MUUSDT,US_STOCK:2026-05-08T20:00:00+00:00:2026-05-11T08:00:00+00:00,31111-NEUTRAL CONTROL,FILL_LEVEL_CONTROL_REPLAY,762.24,-0.22,0.22,167.6928,0.3353856,2157.0,-0.8696000000000071,0.0,0,0.0,0.0,0.6470588235294118,0.00023520900803645248,9.516446131697559e-05,0.006376623376621711,1.1542316421183165,1119.0000166666666
2026-05-10T11:21:59.999000+00:00,-779.0,D2-2a53b8b913c713d1,MUUSDT,US_STOCK:2026-05-08T20:00:00+00:00:2026-05-11T08:00:00+00:00,31111-NEUTRAL CONTROL,FILL_LEVEL_CONTROL_REPLAY,762.23,-0.22,0.22,167.69060000000002,0.33538120000000005,2158.0,-0.8674000000000092,0.0,0,0.0,0.0,0.6470588235294118,0.00023052659396018534,9.510346995226088e-05,0.003844155844153972,1.1559300862864241,1118.0000166666666
2026-05-10T11:22:59.999000+00:00,-778.0,D2-2a53b8b913c713d1,MUUSDT,US_STOCK:2026-05-08T20:00:00+00:00:2026-05-11T08:00:00+00:00,31111-NEUTRAL CONTROL,FILL_LEVEL_CONTROL_REPLAY,762.2,-0.22,0.22,167.684,0.335368,2159.0,-0.8608000000000152,0.0,0,0.0,0.0,0.6470588235294118,0.00022866139370991052,9.513075908173228e-05,0.0011298701298696927,1.161025418790747,1117.0000166666666
2026-05-10T11:23:59.999000+00:00,-777.0,D2-2a53b8b913c713d1,MUUSDT,US_STOCK:2026-05-08T20:00:00+00:00:2026-05-11T08:00:00+00:00,31111-NEUTRAL CONTROL,FILL_LEVEL_CONTROL_REPLAY,762.32,-0.22,0.22,167.71040000000002,0.3354208,2160.0,-0.8872000000000162,0.0,0,0.0,0.0,0.6666666666666666,0.0002192555057493376,0.00010123156567414089,0.00038961038961106875,1.1406440887734361,1116.0000166666666
2026-05-10T11:24:59.999000+00:00,-776.0,D2-2a53b8b913c713d1,MUUSDT,US_STOCK:2026-05-08T20:00:00+00:00:2026-05-11T08:00:00+00:00,31111-NEUTRAL CONTROL,FILL_LEVEL_CONTROL_REPLAY,762.33,-0.22,0.22,167.7126,0.33542520000000003,2161.0,-0.8894000000000141,0.0,0,0.0,0.0,0.6111111111111112,0.0002080089050298508,9.871596287699326e-05,-0.00035064935064770295,1.1389456446053285,1115.0000166666666
2026-05-10T11:25:59.999000+00:00,-775.0,D2-2a53b8b913c713d1,MUUSDT,US_STOCK:2026-05-08T20:00:00+00:00:2026-05-11T08:00:00+00:00,31111-NEUTRAL CONTROL,FILL_LEVEL_CONTROL_REPLAY,762.33,-0.22,0.22,167.7126,0.33542520000000003,2162.0,-0.8894000000000141,0.0,0,0.0,0.0,0.5882352941176471,0.00023143333127196506,9.63536915633241e-05,-9.090909090753178e-05,1.1389456446053285,1114.0000166666666
2026-05-10T11:26:59.999000+00:00,-774.0,D2-2a53b8b913c713d1,MUUSDT,US_STOCK:2026-05-08T20:00:00+00:00:2026-05-11T08:00:00+00:00,31111-NEUTRAL CONTROL,FILL_LEVEL_CONTROL_REPLAY,762.22,-0.22,0.22,167.6884,0.33537680000000003,2163.0,-0.8652000000000112,0.0,0,0.0,0.0,0.6470588235294118,0.00023334095517978456,9.723980322534326e-05,-0.002298701298699208,1.1576285304545317,1113.0000166666666
2026-05-10T11:27:59.999000+00:00,-773.0,D2-2a53b8b913c713d1,MUUSDT,US_STOCK:2026-05-08T20:00:00+00:00:2026-05-11T08:00:00+00:00,31111-NEUTRAL CONTROL,FILL_LEVEL_CONTROL_REPLAY,762.25,-0.22,0.22,167.695,0.33538999999999997,2164.0,-0.8718000000000052,0.0,0,0.0,0.0,0.6470588235294118,0.00022677224382701205,9.642255967094211e-05,-0.0026753246753220944,1.152533197950209,1112.0000166666666
2026-05-10T11:28:59.999000+00:00,-772.0,D2-2a53b8b913c713d1,MUUSDT,US_STOCK:2026-05-08T20:00:00+00:00:2026-05-11T08:00:00+00:00,31111-NEUTRAL CONTROL,FILL_LEVEL_CONTROL_REPLAY,762.29,-0.22,0.22,167.7038,0.33540760000000003,2165.0,-0.8805999999999972,0.0,0,0.0,0.0,0.6470588235294118,0.00022863439673315693,9.722230069822782e-05,-0.0017142857142837121,1.1457394212777783,1111.0000166666666
2026-05-10T11:29:59.999000+00:00,-771.0,D2-2a53b8b913c713d1,MUUSDT,US_STOCK:2026-05-08T20:00:00+00:00:2026-05-11T08:00:00+00:00,31111-NEUTRAL CONTROL,FILL_LEVEL_CONTROL_REPLAY,762.33,-0.22,0.22,167.7126,0.33542520000000003,2166.0,-0.8894000000000141,0.0,0,0.0,0.0,0.5882352941176471,0.0002183156525764096,8.872756245496076e-05,-0.0004025974025946741,1.1389456446053285,1110.0000166666666
2026-05-10T11:30:59.999000+00:00,-770.0,D2-2a53b8b913c713d1,MUUSDT,US_STOCK:2026-05-08T20:00:00+00:00:2026-05-11T08:00:00+00:00,31111-NEUTRAL CONTROL,FILL_LEVEL_CONTROL_REPLAY,762.27,-0.22,0.22,167.6994,0.3353988,2167.0,-0.8762000000000011,0.0,0,0.0,0.0,0.5882352941176471,0.00021739578589513058,8.763434506816956e-05,-0.0018311688311659846,1.1491363096139935,1109.0000166666666
2026-05-10T11:31:59.999000+00:00,-769.0,D2-2a53b8b913c713d1,MUUSDT,US_STOCK:2026-05-08T20:00:00+00:00:2026-05-11T08:00:00+00:00,31111-NEUTRAL CONTROL,FILL_LEVEL_CONTROL_REPLAY,762.11,-0.22,0.22,167.6642,0.33532839999999997,2168.0,-0.8410000000000082,0.0,0,0.0,0.0,0.5882352941176471,0.00022212766436040268,9.86843862991892e-05,-0.004259740259737862,1.176311416303735,1108.0000166666666
2026-05-10T11:32:59.999000+00:00,-768.0,D2-2a53b8b913c713d1,MUUSDT,US_STOCK:2026-05-08T20:00:00+00:00:2026-05-11T08:00:00+00:00,31111-NEUTRAL CONTROL,FILL_LEVEL_CONTROL_REPLAY,762.17,-0.22,0.22,167.6774,0.3353548,2169.0,-0.8541999999999962,0.0,0,0.0,0.0,0.5882352941176471,0.00021929865665513363,0.00010011327958357353,-0.005805194805193512,1.166120751295089,1107.0000166666666
2026-05-10T11:33:59.999000+00:00,-767.0,D2-2a53b8b913c713d1,MUUSDT,US_STOCK:2026-05-08T20:00:00+00:00:2026-05-11T08:00:00+00:00,31111-NEUTRAL CONTROL,FILL_LEVEL_CONTROL_REPLAY,762.2,-0.22,0.22,167.684,0.335368,2170.0,-0.8608000000000152,0.0,0,0.0,0.0,0.5294117647058824,0.00021366720395845287,9.882222968538665e-05,-0.00737662337662154,1.161025418790747,1106.0000166666666
2026-05-10T11:34:59.999000+00:00,-766.0,D2-2a53b8b913c713d1,MUUSDT,US_STOCK:2026-05-08T20:00:00+00:00:2026-05-11T08:00:00+00:00,31111-NEUTRAL CONTROL,FILL_LEVEL_CONTROL_REPLAY,762.15,-0.22,0.22,167.673,0.335346,2171.0,-0.8498000000000001,0.0,0,0.0,0.0,0.5555555555555556,0.00020056044460688022,9.961395147017429e-05,-0.00867532467532402,1.1695176396313043,1105.0000166666666
2026-05-10T11:35:59.999000+00:00,-765.0,D2-2a53b8b913c713d1,MUUSDT,US_STOCK:2026-05-08T20:00:00+00:00:2026-05-11T08:00:00+00:00,31111-NEUTRAL CONTROL,FILL_LEVEL_CONTROL_REPLAY,762.1,-0.22,0.22,167.662,0.335324,2172.0,-0.8388000000000101,0.0,0,0.0,0.0,0.5,0.0001968245637055313,0.00010015705497368237,-0.010415584415584392,1.1780098604718425,1104.0000166666666
2026-05-10T11:36:59.999000+00:00,-764.0,D2-2a53b8b913c713d1,MUUSDT,US_STOCK:2026-05-08T20:00:00+00:00:2026-05-11T08:00:00+00:00,31111-NEUTRAL CONTROL,FILL_LEVEL_CONTROL_REPLAY,762.25,-0.22,0.22,167.695,0.33538999999999997,2173.0,-0.8718000000000052,0.0,0,0.0,0.0,0.5,0.00020053413297098558,9.874079846884944e-05,-0.010363636363636977,1.152533197950209,1103.0000166666666
2026-05-10T11:37:59.999000+00:00,-763.0,D2-2a53b8b913c713d1,MUUSDT,US_STOCK:2026-05-08T20:00:00+00:00:2026-05-11T08:00:00+00:00,31111-NEUTRAL CONTROL,FILL_LEVEL_CONTROL_REPLAY,762.24,-0.22,0.22,167.6928,0.3353856,2174.0,-0.8696000000000071,0.0,0,0.0,0.0,0.5,0.00018554336092118572,9.705376986395235e-05,-0.008116883116883116,1.1542316421183165,1102.0000166666666
2026-05-10T11:38:59.999000+00:00,-762.0,D2-2a53b8b913c713d1,MUUSDT,US_STOCK:2026-05-08T20:00:00+00:00:2026-05-11T08:00:00+00:00,31111-NEUTRAL CONTROL,FILL_LEVEL_CONTROL_REPLAY,762.12,-0.22,0.22,167.6664,0.33533280000000004,2175.0,-0.8432000000000062,0.0,0,0.0,0.0,0.4444444444444444,0.0001893215166715279,0.00010115330841237565,-0.00816883116883127,1.1746129721356273,1101.0000166666666
2026-05-10T11:39:59.999000+00:00,-761.0,D2-2a53b8b913c713d1,MUUSDT,US_STOCK:2026-05-08T20:00:00+00:00:2026-05-11T08:00:00+00:00,31111-NEUTRAL CONTROL,FILL_LEVEL_CONTROL_REPLAY,762.09,-0.22,0.22,167.65980000000002,0.33531960000000005,2176.0,-0.8366000000000121,0.0,0,0.0,0.0,0.4444444444444444,0.00016402262200000494,9.71629586038921e-05,-0.00771428571428608,1.1797083046399501,1100.0000166666666
2026-05-10T11:40:59.999000+00:00,-760.0,D2-2a53b8b913c713d1,MUUSDT,US_STOCK:2026-05-08T20:00:00+00:00:2026-05-11T08:00:00+00:00,31111-NEUTRAL CONTROL,FILL_LEVEL_CONTROL_REPLAY,762.17,-0.22,0.22,167.6774,0.3353548,2177.0,-0.8541999999999962,0.0,0,0.0,0.0,0.5,0.0001630682318717592,9.924953848301134e-05,-0.007376623376625231,1.166120751295089,1099.0000166666666
2026-05-10T11:41:59.999000+00:00,-759.0,D2-2a53b8b913c713d1,MUUSDT,US_STOCK:2026-05-08T20:00:00+00:00:2026-05-11T08:00:00+00:00,31111-NEUTRAL CONTROL,FILL_LEVEL_CONTROL_REPLAY,762.18,-0.22,0.22,167.6796,0.33535919999999997,2178.0,-0.8563999999999942,0.0,0,0.0,0.0,0.5,0.00015744312367155832,9.930149704219248e-05,-0.007597402597405285,1.1644223071269815,1098.0000166666666
2026-05-10T11:42:59.999000+00:00,-758.0,D2-2a53b8b913c713d1,MUUSDT,US_STOCK:2026-05-08T20:00:00+00:00:2026-05-11T08:00:00+00:00,31111-NEUTRAL CONTROL,FILL_LEVEL_CONTROL_REPLAY,762.11,-0.22,0.22,167.6642,0.33532839999999997,2179.0,-0.8410000000000082,0.0,0,0.0,0.0,0.5,0.00015183409968938592,0.00010090096684936453,-0.008792207792210278,1.176311416303735,1097.0000166666666
2026-05-10T11:43:59.999000+00:00,-757.0,D2-2a53b8b913c713d1,MUUSDT,US_STOCK:2026-05-08T20:00:00+00:00:2026-05-11T08:00:00+00:00,31111-NEUTRAL CONTROL,FILL_LEVEL_CONTROL_REPLAY,762.0,-0.22,0.22,167.64000000000001,0.33528,2180.0,-0.8168000000000052,0.0,0,0.0,0.0,0.5,0.00014716910386198997,9.786524030068022e-05,-0.011688311688313755,1.1949943021529381,1096.0000166666666
2026-05-10T11:44:59.999000+00:00,-756.0,D2-2a53b8b913c713d1,MUUSDT,US_STOCK:2026-05-08T20:00:00+00:00:2026-05-11T08:00:00+00:00,31111-NEUTRAL CONTROL,FILL_LEVEL_CONTROL_REPLAY,762.05,-0.22,0.22,167.65099999999998,0.335302,2181.0,-0.8277999999999952,0.0,0,0.0,0.0,0.5,0.00014434748376088337,9.943628005082841e-05,-0.011961038961041075,1.1865020813123999,1095.0000166666666
2026-05-10T11:45:59.999000+00:00,-755.0,D2-2a53b8b913c713d1,MUUSDT,US_STOCK:2026-05-08T20:00:00+00:00:2026-05-11T08:00:00+00:00,31111-NEUTRAL CONTROL,FILL_LEVEL_CONTROL_REPLAY,762.17,-0.22,0.22,167.6774,0.3353548,2182.0,-0.8541999999999962,0.0,0,0.0,0.0,0.47368421052631576,0.00013026715074812323,0.00010655788976348128,-0.01018181818182029,1.166120751295089,1094.0000166666666
2026-05-10T11:46:59.999000+00:00,-754.0,D2-2a53b8b913c713d1,MUUSDT,US_STOCK:2026-05-08T20:00:00+00:00:2026-05-11T08:00:00+00:00,31111-NEUTRAL CONTROL,FILL_LEVEL_CONTROL_REPLAY,762.25,-0.22,0.22,167.695,0.33538999999999997,2183.0,-0.8718000000000052,0.0,0,0.0,0.0,0.42105263157894735,0.00015461743897294194,0.0001047403515264956,-0.007155844155845621,1.152533197950209,1093.0000166666666
2026-05-10T11:47:59.999000+00:00,-753.0,D2-2a53b8b913c713d1,MUUSDT,US_STOCK:2026-05-08T20:00:00+00:00:2026-05-11T08:00:00+00:00,31111-NEUTRAL CONTROL,FILL_LEVEL_CONTROL_REPLAY,762.13,-0.22,0.22,167.6686,0.3353372,2184.0,-0.8454000000000041,0.0,0,0.0,0.0,0.47368421052631576,0.0001555790069560443,0.00010988309958623657,-0.007155844155845178,1.1729145279675195,1092.0000166666666
2026-05-10T11:48:59.999000+00:00,-752.0,D2-2a53b8b913c713d1,MUUSDT,US_STOCK:2026-05-08T20:00:00+00:00:2026-05-11T08:00:00+00:00,31111-NEUTRAL CONTROL,FILL_LEVEL_CONTROL_REPLAY,762.14,-0.22,0.22,167.67079999999999,0.33534159999999996,2185.0,-0.8476000000000021,0.0,0,0.0,0.0,0.5263157894736842,0.0001499537017945411,0.00010913472110856993,-0.006480519480520526,1.1712160837994119,1091.0000166666666
2026-05-10T11:49:59.999000+00:00,-751.0,D2-2a53b8b913c713d1,MUUSDT,US_STOCK:2026-05-08T20:00:00+00:00:2026-05-11T08:00:00+00:00,31111-NEUTRAL CONTROL,FILL_LEVEL_CONTROL_REPLAY,762.17,-0.22,0.22,167.6774,0.3353548,2186.0,-0.8541999999999962,0.0,0,0.0,0.0,0.47368421052631576,0.0001518221469150843,0.00010879735028466872,-0.0047012987013006265,1.166120751295089,1090.0000166666666
2026-05-10T11:50:59.999000+00:00,-750.0,D2-2a53b8b913c713d1,MUUSDT,US_STOCK:2026-05-08T20:00:00+00:00:2026-05-11T08:00:00+00:00,31111-NEUTRAL CONTROL,FILL_LEVEL_CONTROL_REPLAY,762.08,-0.22,0.22,167.6576,0.3353152,2187.0,-0.8344000000000142,0.0,0,0.0,0.0,0.5263157894736842,0.00016777391200022588,0.00011035914290948064,-0.0033636363636369957,1.1814067488080577,1089.0000166666666
2026-05-10T11:51:59.999000+00:00,-749.0,D2-2a53b8b913c713d1,MUUSDT,US_STOCK:2026-05-08T20:00:00+00:00:2026-05-11T08:00:00+00:00,31111-NEUTRAL CONTROL,FILL_LEVEL_CONTROL_REPLAY,762.08,-0.22,0.22,167.6576,0.3353152,2188.0,-0.8344000000000142,0.0,0,0.0,0.0,0.5,0.00018464503164271408,0.00010063600060557501,-0.0025584415584417415,1.1814067488080577,1088.0000166666666
2026-05-10T11:52:59.999000+00:00,-748.0,D2-2a53b8b913c713d1,MUUSDT,US_STOCK:2026-05-08T20:00:00+00:00:2026-05-11T08:00:00+00:00,31111-NEUTRAL CONTROL,FILL_LEVEL_CONTROL_REPLAY,762.14,-0.22,0.22,167.67079999999999,0.33534159999999996,2189.0,-0.8476000000000021,0.0,0,0.0,0.0,0.5555555555555556,0.00018744212724320302,0.00010063612485916992,-0.003012987012987078,1.1712160837994119,1087.0000166666666
2026-05-10T11:53:59.999000+00:00,-747.0,D2-2a53b8b913c713d1,MUUSDT,US_STOCK:2026-05-08T20:00:00+00:00:2026-05-11T08:00:00+00:00,31111-NEUTRAL CONTROL,FILL_LEVEL_CONTROL_REPLAY,762.25,-0.22,0.22,167.695,0.33538999999999997,2190.0,-0.8718000000000052,0.0,0,0.0,0.0,0.5,0.00019865998219556805,0.00010528431671059601,-0.0012207792207797345,1.152533197950209,1086.0000166666666
2026-05-10T11:54:59.999000+00:00,-746.0,D2-2a53b8b913c713d1,MUUSDT,US_STOCK:2026-05-08T20:00:00+00:00:2026-05-11T08:00:00+00:00,31111-NEUTRAL CONTROL,FILL_LEVEL_CONTROL_REPLAY,762.18,-0.22,0.22,167.6796,0.33535919999999997,2191.0,-0.8563999999999942,0.0,0,0.0,0.0,0.5555555555555556,0.00020055255039116992,0.00010629293970288756,-1.298701298744411e-05,1.1644223071269815,1085.0000166666666
2026-05-10T11:55:59.999000+00:00,-745.0,D2-2a53b8b913c713d1,MUUSDT,US_STOCK:2026-05-08T20:00:00+00:00:2026-05-11T08:00:00+00:00,31111-NEUTRAL CONTROL,FILL_LEVEL_CONTROL_REPLAY,762.22,-0.22,0.22,167.6884,0.33537680000000003,2192.0,-0.8652000000000112,0.0,0,0.0,0.0,0.5555555555555556,0.0002183471588630136,0.00010565293016211618,0.0010259740259738312,1.1576285304545317,1084.0000166666666
2026-05-10T11:56:59.999000+00:00,-744.0,D2-2a53b8b913c713d1,MUUSDT,US_STOCK:2026-05-08T20:00:00+00:00:2026-05-11T08:00:00+00:00,31111-NEUTRAL CONTROL,FILL_LEVEL_CONTROL_REPLAY,761.82,-0.22,0.22,167.6004,0.3352008,2193.0,-0.7772000000000162,0.0,0,0.0,0.0,0.5555555555555556,0.00025877878914028034,0.00014920484779835125,-0.0039350649350640135,1.2255662971788945,1083.0000166666666
2026-05-10T11:57:59.999000+00:00,-743.0,D2-2a53b8b913c713d1,MUUSDT,US_STOCK:2026-05-08T20:00:00+00:00:2026-05-11T08:00:00+00:00,31111-NEUTRAL CONTROL,FILL_LEVEL_CONTROL_REPLAY,761.98,-0.22,0.22,167.6356,0.33527120000000005,2194.0,-0.8124000000000091,0.0,0,0.0,0.0,0.6111111111111112,0.00025403741380537943,0.00015799938473786716,-0.004311688311687048,1.1983911904891533,1082.0000166666666
2026-05-10T11:58:59.999000+00:00,-742.0,D2-2a53b8b913c713d1,MUUSDT,US_STOCK:2026-05-08T20:00:00+00:00:2026-05-11T08:00:00+00:00,31111-NEUTRAL CONTROL,FILL_LEVEL_CONTROL_REPLAY,761.64,-0.22,0.22,167.5608,0.3351216,2195.0,-0.7376000000000021,0.0,0,0.0,0.0,0.6666666666666666,0.0003526225363313636,0.0001816008470500909,-0.008896103896102597,1.2561382922048703,1081.0000166666666
2026-05-10T11:59:59.999000+00:00,-741.0,D2-2a53b8b913c713d1,MUUSDT,US_STOCK:2026-05-08T20:00:00+00:00:2026-05-11T08:00:00+00:00,31111-NEUTRAL CONTROL,FILL_LEVEL_CONTROL_REPLAY,761.59,-0.22,0.22,167.5498,0.3350996,2196.0,-0.7266000000000122,0.0,0,0.0,0.0,0.6111111111111112,0.0003770307608330675,0.00018174816125944538,-0.015064935064933175,1.2646305130454085,1080.0000166666666
2026-05-10T12:00:59.999000+00:00,-740.0,D2-2a53b8b913c713d1,MUUSDT,US_STOCK:2026-05-08T20:00:00+00:00:2026-05-11T08:00:00+00:00,31111-NEUTRAL CONTROL,FILL_LEVEL_CONTROL_REPLAY,761.88,-0.22,0.22,167.6136,0.3352272,2197.0,-0.7904000000000042,0.0,0,0.0,0.0,0.6666666666666666,0.0003787623097750643,0.00020111090602232976,-0.017207792207789844,1.215375632170249,1079.0000166666666
2026-05-10T12:01:59.999000+00:00,-739.0,D2-2a53b8b913c713d1,MUUSDT,US_STOCK:2026-05-08T20:00:00+00:00:2026-05-11T08:00:00+00:00,31111-NEUTRAL CONTROL,FILL_LEVEL_CONTROL_REPLAY,761.31,-0.22,0.22,167.48819999999998,0.33497639999999995,2198.0,-0.6649999999999932,0.0,0,0.0,0.0,0.6666666666666666,0.0004390927667910823,0.00025598343812427237,-0.025337662337661146,1.3121869497524798,1078.0000166666666
2026-05-10T12:02:59.999000+00:00,-738.0,D2-2a53b8b913c713d1,MUUSDT,US_STOCK:2026-05-08T20:00:00+00:00:2026-05-11T08:00:00+00:00,31111-NEUTRAL CONTROL,FILL_LEVEL_CONTROL_REPLAY,761.38,-0.22,0.22,167.5036,0.3350072,2199.0,-0.6804000000000041,0.0,0,0.0,0.0,0.7222222222222222,0.00045875346645003756,0.0002578622604835367,-0.031298701298700736,1.3002978405757073,1077.0000166666666
2026-05-10T12:03:59.999000+00:00,-737.0,D2-2a53b8b913c713d1,MUUSDT,US_STOCK:2026-05-08T20:00:00+00:00:2026-05-11T08:00:00+00:00,31111-NEUTRAL CONTROL,FILL_LEVEL_CONTROL_REPLAY,761.59,-0.22,0.22,167.5498,0.3350996,2200.0,-0.7266000000000122,0.0,0,0.0,0.0,0.6666666666666666,0.0004886393691394004,0.00026613049479537796,-0.034493506493505244,1.2646305130454085,1076.0000166666666
2026-05-10T12:04:59.999000+00:00,-736.0,D2-2a53b8b913c713d1,MUUSDT,US_STOCK:2026-05-08T20:00:00+00:00:2026-05-11T08:00:00+00:00,31111-NEUTRAL CONTROL,FILL_LEVEL_CONTROL_REPLAY,761.61,-0.22,0.22,167.5542,0.33510840000000003,2201.0,-0.7310000000000081,0.0,0,0.0,0.0,0.6666666666666666,0.0004923779887344129,0.0002655842708124027,-0.03832467532467384,1.2612336247091933,1075.0000166666666
2026-05-10T12:05:59.999000+00:00,-735.0,D2-2a53b8b913c713d1,MUUSDT,US_STOCK:2026-05-08T20:00:00+00:00:2026-05-11T08:00:00+00:00,31111-NEUTRAL CONTROL,FILL_LEVEL_CONTROL_REPLAY,760.71,-0.22,0.22,167.3562,0.3347124,2202.0,-0.5330000000000132,0.0,0,0.0,0.0,0.7222222222222222,0.0006187828288234731,0.00036162244803306424,-0.05262337662337527,1.4140935998390145,1074.0000166666666
2026-05-10T12:06:59.999000+00:00,-734.0,D2-2a53b8b913c713d1,MUUSDT,US_STOCK:2026-05-08T20:00:00+00:00:2026-05-11T08:00:00+00:00,31111-NEUTRAL CONTROL,FILL_LEVEL_CONTROL_REPLAY,760.68,-0.22,0.22,167.34959999999998,0.3346992,2203.0,-0.5263999999999942,0.0,0,0.0,0.0,0.6666666666666666,0.0006253802988303989,0.00035897380658902285,-0.0638571428571428,1.4191889323433566,1073.0000166666666
2026-05-10T12:07:59.999000+00:00,-733.0,D2-2a53b8b913c713d1,MUUSDT,US_STOCK:2026-05-08T20:00:00+00:00:2026-05-11T08:00:00+00:00,31111-NEUTRAL CONTROL,FILL_LEVEL_CONTROL_REPLAY,760.43,-0.22,0.22,167.2946,0.33458920000000003,2204.0,-0.47139999999999416,0.0,0,0.0,0.0,0.6111111111111112,0.0006434329448939945,0.0003621966125477055,-0.07525974025974091,1.4616500365460858,1072.0000166666666
2026-05-10T12:08:59.999000+00:00,-732.0,D2-2a53b8b913c713d1,MUUSDT,US_STOCK:2026-05-08T20:00:00+00:00:2026-05-11T08:00:00+00:00,31111-NEUTRAL CONTROL,FILL_LEVEL_CONTROL_REPLAY,760.26,-0.22,0.22,167.2572,0.33451440000000005,2205.0,-0.43400000000000316,0.0,0,0.0,0.0,0.6111111111111112,0.0006604883291806375,0.000361795139312759,-0.08822077922078005,1.4905235874039349,1071.0000166666666
2026-05-10T12:09:59.999000+00:00,-731.0,D2-2a53b8b913c713d1,MUUSDT,US_STOCK:2026-05-08T20:00:00+00:00:2026-05-11T08:00:00+00:00,31111-NEUTRAL CONTROL,FILL_LEVEL_CONTROL_REPLAY,760.33,-0.22,0.22,167.2726,0.33454520000000004,2206.0,-0.4494000000000141,0.0,0,0.0,0.0,0.6111111111111112,0.0006444570120868796,0.000363160738519178,-0.09770129870129916,1.478634478227162,1070.0000166666666
2026-05-10T12:10:59.999000+00:00,-730.0,D2-2a53b8b913c713d1,MUUSDT,US_STOCK:2026-05-08T20:00:00+00:00:2026-05-11T08:00:00+00:00,31111-NEUTRAL CONTROL,FILL_LEVEL_CONTROL_REPLAY,760.37,-0.22,0.22,167.2814,0.3345628,2207.0,-0.45820000000000616,0.0,0,0.0,0.0,0.5555555555555556,0.0006237564794583396,0.00036512424225007545,-0.10388311688311792,1.4718407015547317,1069.0000166666666
2026-05-10T12:11:59.999000+00:00,-729.0,D2-2a53b8b913c713d1,MUUSDT,US_STOCK:2026-05-08T20:00:00+00:00:2026-05-11T08:00:00+00:00,31111-NEUTRAL CONTROL,FILL_LEVEL_CONTROL_REPLAY,760.04,-0.22,0.22,167.2088,0.3344176,2208.0,-0.3855999999999971,0.0,0,0.0,0.0,0.5789473684210527,0.0006512815114994222,0.0003706630848683457,-0.11329870129870234,1.527889359102341,1068.0000166666666
2026-05-10T12:12:59.999000+00:00,-728.0,D2-2a53b8b913c713d1,MUUSDT,US_STOCK:2026-05-08T20:00:00+00:00:2026-05-11T08:00:00+00:00,31111-NEUTRAL CONTROL,FILL_LEVEL_CONTROL_REPLAY,760.13,-0.22,0.22,167.2286,0.3344572,2209.0,-0.4054000000000041,0.0,0,0.0,0.0,0.631578947368421,0.0005609942660184306,0.00037190037703979873,-0.11889610389610443,1.5126033615893533,1067.0000166666666
2026-05-10T12:13:59.999000+00:00,-727.0,D2-2a53b8b913c713d1,MUUSDT,US_STOCK:2026-05-08T20:00:00+00:00:2026-05-11T08:00:00+00:00,31111-NEUTRAL CONTROL,FILL_LEVEL_CONTROL_REPLAY,760.27,-0.22,0.22,167.2594,0.3345188,2210.0,-0.43620000000000114,0.0,0,0.0,0.0,0.5789473684210527,0.0005524353190314177,0.00037347864959721863,-0.1192857142857152,1.4888251432358273,1066.0000166666666
2026-05-10T12:14:59.999000+00:00,-726.0,D2-2a53b8b913c713d1,MUUSDT,US_STOCK:2026-05-08T20:00:00+00:00:2026-05-11T08:00:00+00:00,31111-NEUTRAL CONTROL,FILL_LEVEL_CONTROL_REPLAY,760.01,-0.22,0.22,167.2022,0.3344044,2211.0,-0.3790000000000031,0.0,0,0.0,0.0,0.5789473684210527,0.0005394665859659964,0.0003761710390042413,-0.11905194805194903,1.532984691606664,1065.0000166666666
2026-05-10T12:15:59.999000+00:00,-725.0,D2-2a53b8b913c713d1,MUUSDT,US_STOCK:2026-05-08T20:00:00+00:00:2026-05-11T08:00:00+00:00,31111-NEUTRAL CONTROL,FILL_LEVEL_CONTROL_REPLAY,760.44,-0.22,0.22,167.29680000000002,0.33459360000000005,2212.0,-0.4736000000000171,0.0,0,0.0,0.0,0.5789473684210527,0.0005260112566409049,0.00040500254603068606,-0.11132467532467624,1.459951592377959,1064.0000166666666
2026-05-10T12:16:59.999000+00:00,-724.0,D2-2a53b8b913c713d1,MUUSDT,US_STOCK:2026-05-08T20:00:00+00:00:2026-05-11T08:00:00+00:00,31111-NEUTRAL CONTROL,FILL_LEVEL_CONTROL_REPLAY,760.77,-0.22,0.22,167.36939999999998,0.33473879999999995,2213.0,-0.5462000000000011,0.0,0,0.0,0.0,0.5263157894736842,0.000556766734455135,0.00041057827781307835,-0.09648051948052032,1.4039029348303689,1063.0000166666666
2026-05-10T12:17:59.999000+00:00,-723.0,D2-2a53b8b913c713d1,MUUSDT,US_STOCK:2026-05-08T20:00:00+00:00:2026-05-11T08:00:00+00:00,31111-NEUTRAL CONTROL,FILL_LEVEL_CONTROL_REPLAY,760.48,-0.22,0.22,167.3056,0.3346112,2214.0,-0.48240000000000915,0.0,0,0.0,0.0,0.5263157894736842,0.000576703435424242,0.00041071717618899797,-0.08923376623376614,1.4531578157055285,1062.0000166666666
2026-05-10T12:18:59.999000+00:00,-722.0,D2-2a53b8b913c713d1,MUUSDT,US_STOCK:2026-05-08T20:00:00+00:00:2026-05-11T08:00:00+00:00,31111-NEUTRAL CONTROL,FILL_LEVEL_CONTROL_REPLAY,760.53,-0.22,0.22,167.3166,0.33463319999999996,2215.0,-0.49339999999999906,0.0,0,0.0,0.0,0.5789473684210527,0.0005569424330025442,0.0004041459594961368,-0.07731168831168828,1.4446655948649902,1061.0000166666666
2026-05-10T12:19:59.999000+00:00,-721.0,D2-2a53b8b913c713d1,MUUSDT,US_STOCK:2026-05-08T20:00:00+00:00:2026-05-11T08:00:00+00:00,31111-NEUTRAL CONTROL,FILL_LEVEL_CONTROL_REPLAY,760.36,-0.22,0.22,167.2792,0.33455840000000003,2216.0,-0.45600000000000807,0.0,0,0.0,0.0,0.5789473684210527,0.0004537324425271957,0.0004054681698958896,-0.07057142857142847,1.4735391457228393,1060.0000166666666
2026-05-10T12:20:59.999000+00:00,-720.0,D2-2a53b8b913c713d1,MUUSDT,US_STOCK:2026-05-08T20:00:00+00:00:2026-05-11T08:00:00+00:00,31111-NEUTRAL CONTROL,FILL_LEVEL_CONTROL_REPLAY,760.3,-0.22,0.22,167.266,0.334532,2217.0,-0.4427999999999951,0.0,0,0.0,0.0,0.5263157894736842,0.0004434339828263092,0.0003914416202584414,-0.06366233766233764,1.4837298107315042,1059.0000166666666
2026-05-10T12:21:59.999000+00:00,-719.0,D2-2a53b8b913c713d1,MUUSDT,US_STOCK:2026-05-08T20:00:00+00:00:2026-05-11T08:00:00+00:00,31111-NEUTRAL CONTROL,FILL_LEVEL_CONTROL_REPLAY,760.27,-0.22,0.22,167.2594,0.3345188,2218.0,-0.43620000000000114,0.0,0,0.0,0.0,0.47368421052631576,0.00040117326739183524,0.0003625089091539591,-0.051324675324675446,1.4888251432358273,1058.0000166666666
2026-05-10T12:22:59.999000+00:00,-718.0,D2-2a53b8b913c713d1,MUUSDT,US_STOCK:2026-05-08T20:00:00+00:00:2026-05-11T08:00:00+00:00,31111-NEUTRAL CONTROL,FILL_LEVEL_CONTROL_REPLAY,760.6,-0.22,0.22,167.332,0.33466399999999996,2219.0,-0.5088000000000101,0.0,0,0.0,0.0,0.5263157894736842,0.00043011156605686555,0.0003774303070102915,-0.040753246753247194,1.4327764856882177,1057.0000166666666
2026-05-10T12:23:59.999000+00:00,-717.0,D2-2a53b8b913c713d1,MUUSDT,US_STOCK:2026-05-08T20:00:00+00:00:2026-05-11T08:00:00+00:00,31111-NEUTRAL CONTROL,FILL_LEVEL_CONTROL_REPLAY,760.64,-0.22,0.22,167.3408,0.3346816,2220.0,-0.5176000000000021,0.0,0,0.0,0.0,0.5263157894736842,0.0004225764769517292,0.0003708386007382958,-0.02774025974026035,1.4259827090157873,1056.0000166666666
2026-05-10T12:24:59.999000+00:00,-716.0,D2-2a53b8b913c713d1,MUUSDT,US_STOCK:2026-05-08T20:00:00+00:00:2026-05-11T08:00:00+00:00,31111-NEUTRAL CONTROL,FILL_LEVEL_CONTROL_REPLAY,760.63,-0.22,0.22,167.3386,0.3346772,2221.0,-0.5154000000000042,0.0,0,0.0,0.0,0.5263157894736842,0.0004188257478293297,0.0003704671203783212,-0.010896103896104027,1.4276811531838949,1055.0000166666666
2026-05-10T12:25:59.999000+00:00,-715.0,D2-2a53b8b913c713d1,MUUSDT,US_STOCK:2026-05-08T20:00:00+00:00:2026-05-11T08:00:00+00:00,31111-NEUTRAL CONTROL,FILL_LEVEL_CONTROL_REPLAY,760.65,-0.22,0.22,167.343,0.334686,2222.0,-0.5198000000000002,0.0,0,0.0,0.0,0.5789473684210527,0.00040097285216590905,0.00026754275009343914,0.00774025974025964,1.4242842648476794,1054.0000166666666
2026-05-10T12:26:59.999000+00:00,-714.0,D2-2a53b8b913c713d1,MUUSDT,US_STOCK:2026-05-08T20:00:00+00:00:2026-05-11T08:00:00+00:00,31111-NEUTRAL CONTROL,FILL_LEVEL_CONTROL_REPLAY,760.73,-0.22,0.22,167.3606,0.3347212,2223.0,-0.5374000000000091,0.0,0,0.0,0.0,0.5789473684210527,0.00041970963980087053,0.0002684374492547085,0.015805194805195637,1.4106967115027993,1053.0000166666666
2026-05-10T12:27:59.999000+00:00,-713.0,D2-2a53b8b913c713d1,MUUSDT,US_STOCK:2026-05-08T20:00:00+00:00:2026-05-11T08:00:00+00:00,31111-NEUTRAL CONTROL,FILL_LEVEL_CONTROL_REPLAY,760.99,-0.22,0.22,167.4178,0.3348356,2224.0,-0.5946000000000072,0.0,0,0.0,0.0,0.5789473684210527,0.0004167503609020632,0.0002667436030909378,0.026792207792208228,1.3665371631319625,1052.0000166666666
2026-05-10T12:28:59.999000+00:00,-712.0,D2-2a53b8b913c713d1,MUUSDT,US_STOCK:2026-05-08T20:00:00+00:00:2026-05-11T08:00:00+00:00,31111-NEUTRAL CONTROL,FILL_LEVEL_CONTROL_REPLAY,760.96,-0.22,0.22,167.4112,0.3348224,2225.0,-0.5880000000000131,0.0,0,0.0,0.0,0.5789473684210527,0.0004299080860266769,0.0002607062723966724,0.03341558441558473,1.3716324956362853,1051.0000166666666
2026-05-10T12:29:59.999000+00:00,-711.0,D2-2a53b8b913c713d1,MUUSDT,US_STOCK:2026-05-08T20:00:00+00:00:2026-05-11T08:00:00+00:00,31111-NEUTRAL CONTROL,FILL_LEVEL_CONTROL_REPLAY,761.18,-0.22,0.22,167.4596,0.3349192,2226.0,-0.6363999999999941,0.0,0,0.0,0.0,0.631578947368421,0.0004128927642419831,0.00026592978656018074,0.03977922077922033,1.3342667239378982,1050.0000166666666
2026-05-10T12:30:59.999000+00:00,-710.0,D2-2a53b8b913c713d1,MUUSDT,US_STOCK:2026-05-08T20:00:00+00:00:2026-05-11T08:00:00+00:00,31111-NEUTRAL CONTROL,FILL_LEVEL_CONTROL_REPLAY,761.07,-0.22,0.22,167.43540000000002,0.3348708,2227.0,-0.6122000000000161,0.0,0,0.0,0.0,0.631578947368421,0.00037728836656660713,0.00026949819025217004,0.04451948051948137,1.3529496097870821,1049.0000166666666
2026-05-10T12:31:59.999000+00:00,-709.0,D2-2a53b8b913c713d1,MUUSDT,US_STOCK:2026-05-08T20:00:00+00:00:2026-05-11T08:00:00+00:00,31111-NEUTRAL CONTROL,FILL_LEVEL_CONTROL_REPLAY,760.99,-0.22,0.22,167.4178,0.3348356,2228.0,-0.5946000000000072,0.0,0,0.0,0.0,0.5789473684210527,0.0003651258792587731,0.00024895614551755915,0.04783116883116992,1.3665371631319625,1048.0000166666666
2026-05-10T12:32:59.999000+00:00,-708.0,D2-2a53b8b913c713d1,MUUSDT,US_STOCK:2026-05-08T20:00:00+00:00:2026-05-11T08:00:00+00:00,31111-NEUTRAL CONTROL,FILL_LEVEL_CONTROL_REPLAY,761.47,-0.22,0.22,167.5234,0.33504680000000003,2229.0,-0.7002000000000111,0.0,0,0.0,0.0,0.631578947368421,0.00040616927033989154,0.0002780519746176112,0.05185714285714382,1.2850118430627193,1047.0000166666666
2026-05-10T12:33:59.999000+00:00,-707.0,D2-2a53b8b913c713d1,MUUSDT,US_STOCK:2026-05-08T20:00:00+00:00:2026-05-11T08:00:00+00:00,31111-NEUTRAL CONTROL,FILL_LEVEL_CONTROL_REPLAY,761.47,-0.22,0.22,167.5234,0.33504680000000003,2230.0,-0.7002000000000111,0.0,0,0.0,0.0,0.6111111111111112,0.0003930367766106586,0.00027776745678609636,0.05531168831168953,1.2850118430627193,1046.0000166666666
2026-05-10T12:34:59.999000+00:00,-706.0,D2-2a53b8b913c713d1,MUUSDT,US_STOCK:2026-05-08T20:00:00+00:00:2026-05-11T08:00:00+00:00,31111-NEUTRAL CONTROL,FILL_LEVEL_CONTROL_REPLAY,761.54,-0.22,0.22,167.53879999999998,0.3350776,2231.0,-0.7155999999999971,0.0,0,0.0,0.0,0.5555555555555556,0.0004051939866210996,0.00026045238210992063,0.05993506493506535,1.2731227338859659,1045.0000166666666
2026-05-10T12:35:59.999000+00:00,-705.0,D2-2a53b8b913c713d1,MUUSDT,US_STOCK:2026-05-08T20:00:00+00:00:2026-05-11T08:00:00+00:00,31111-NEUTRAL CONTROL,FILL_LEVEL_CONTROL_REPLAY,761.47,-0.22,0.22,167.5234,0.33504680000000003,2232.0,-0.7002000000000111,0.0,0,0.0,0.0,0.6111111111111112,0.0004343103283311035,0.0002403894920591986,0.05828571428571487,1.2850118430627193,1044.0000166666666
2026-05-10T12:36:59.999000+00:00,-704.0,D2-2a53b8b913c713d1,MUUSDT,US_STOCK:2026-05-08T20:00:00+00:00:2026-05-11T08:00:00+00:00,31111-NEUTRAL CONTROL,FILL_LEVEL_CONTROL_REPLAY,761.55,-0.22,0.22,167.541,0.335082,2233.0,-0.7177999999999951,0.0,0,0.0,0.0,0.6111111111111112,0.00042113359032799734,0.00022556478451724897,0.06192207792207859,1.2714242897178583,1043.0000166666666
2026-05-10T12:37:59.999000+00:00,-703.0,D2-2a53b8b913c713d1,MUUSDT,US_STOCK:2026-05-08T20:00:00+00:00:2026-05-11T08:00:00+00:00,31111-NEUTRAL CONTROL,FILL_LEVEL_CONTROL_REPLAY,761.58,-0.22,0.22,167.54760000000002,0.33509520000000004,2234.0,-0.7244000000000141,0.0,0,0.0,0.0,0.5555555555555556,0.00047176358922990666,0.0002027148989648476,0.0692207792207802,1.2663289572135161,1042.0000166666666
2026-05-10T12:38:59.999000+00:00,-702.0,D2-2a53b8b913c713d1,MUUSDT,US_STOCK:2026-05-08T20:00:00+00:00:2026-05-11T08:00:00+00:00,31111-NEUTRAL CONTROL,FILL_LEVEL_CONTROL_REPLAY,761.46,-0.22,0.22,167.52120000000002,0.3350424,2235.0,-0.6980000000000132,0.0,0,0.0,0.0,0.5555555555555556,0.0004558911264450529,0.0002088260360539036,0.06976623376623542,1.286710287230827,1041.0000166666666
2026-05-10T12:39:59.999000+00:00,-701.0,D2-2a53b8b913c713d1,MUUSDT,US_STOCK:2026-05-08T20:00:00+00:00:2026-05-11T08:00:00+00:00,31111-NEUTRAL CONTROL,FILL_LEVEL_CONTROL_REPLAY,761.58,-0.22,0.22,167.54760000000002,0.33509520000000004,2236.0,-0.7244000000000141,0.0,0,0.0,0.0,0.6111111111111112,0.00047270148900967624,0.00019914564960599187,0.07131168831169005,1.2663289572135161,1040.0000166666666
2026-05-10T12:40:59.999000+00:00,-700.0,D2-2a53b8b913c713d1,MUUSDT,US_STOCK:2026-05-08T20:00:00+00:00:2026-05-11T08:00:00+00:00,31111-NEUTRAL CONTROL,FILL_LEVEL_CONTROL_REPLAY,761.44,-0.22,0.22,167.51680000000002,0.33503360000000004,2237.0,-0.6936000000000171,0.0,0,0.0,0.0,0.6666666666666666,0.0004587173175636912,0.00020457529278134615,0.06724675324675572,1.2901071755670421,1039.0000166666666
2026-05-10T12:41:59.999000+00:00,-699.0,D2-2a53b8b913c713d1,MUUSDT,US_STOCK:2026-05-08T20:00:00+00:00:2026-05-11T08:00:00+00:00,31111-NEUTRAL CONTROL,FILL_LEVEL_CONTROL_REPLAY,761.42,-0.22,0.22,167.51239999999999,0.33502479999999996,2238.0,-0.6891999999999961,0.0,0,0.0,0.0,0.6111111111111112,0.00044184362300511915,0.00020422635623902654,0.06066233766233874,1.2935040639032767,1038.0000166666666
2026-05-10T12:42:59.999000+00:00,-698.0,D2-2a53b8b913c713d1,MUUSDT,US_STOCK:2026-05-08T20:00:00+00:00:2026-05-11T08:00:00+00:00,31111-NEUTRAL CONTROL,FILL_LEVEL_CONTROL_REPLAY,761.5,-0.22,0.22,167.53,0.33506,2239.0,-0.7068000000000051,0.0,0,0.0,0.0,0.6666666666666666,0.0004361692148954004,0.00018723409963826253,0.053233766233766834,1.2799165105583965,1037.0000166666666
2026-05-10T12:43:59.999000+00:00,-697.0,D2-2a53b8b913c713d1,MUUSDT,US_STOCK:2026-05-08T20:00:00+00:00:2026-05-11T08:00:00+00:00,31111-NEUTRAL CONTROL,FILL_LEVEL_CONTROL_REPLAY,761.45,-0.22,0.22,167.519,0.335038,2240.0,-0.6958000000000152,0.0,0,0.0,0.0,0.6666666666666666,0.00042212695702747576,0.00018920452383181495,0.04827272727272855,1.2884087313989345,1036.0000166666666
2026-05-10T12:44:59.999000+00:00,-696.0,D2-2a53b8b913c713d1,MUUSDT,US_STOCK:2026-05-08T20:00:00+00:00:2026-05-11T08:00:00+00:00,31111-NEUTRAL CONTROL,FILL_LEVEL_CONTROL_REPLAY,761.51,-0.22,0.22,167.5322,0.3350644,2241.0,-0.7090000000000032,0.0,0,0.0,0.0,0.6666666666666666,0.0004267836272668841,0.00018865194281687245,0.04355844155844225,1.278218066390289,1035.0000166666666
2026-05-10T12:45:59.999000+00:00,-695.0,D2-2a53b8b913c713d1,MUUSDT,US_STOCK:2026-05-08T20:00:00+00:00:2026-05-11T08:00:00+00:00,31111-NEUTRAL CONTROL,FILL_LEVEL_CONTROL_REPLAY,761.59,-0.22,0.22,167.5498,0.3350996,2242.0,-0.7266000000000122,0.0,0,0.0,0.0,0.6666666666666666,0.0003882854104101851,0.0001887744864606657,0.03861038961039037,1.2646305130454085,1034.0000166666666
2026-05-10T12:46:59.999000+00:00,-694.0,D2-2a53b8b913c713d1,MUUSDT,US_STOCK:2026-05-08T20:00:00+00:00:2026-05-11T08:00:00+00:00,31111-NEUTRAL CONTROL,FILL_LEVEL_CONTROL_REPLAY,761.55,-0.22,0.22,167.541,0.335082,2243.0,-0.7177999999999951,0.0,0,0.0,0.0,0.7222222222222222,0.00031983642383485577,0.0001900857394550835,0.0321818181818177,1.2714242897178583,1033.0000166666666
2026-05-10T12:47:59.999000+00:00,-693.0,D2-2a53b8b913c713d1,MUUSDT,US_STOCK:2026-05-08T20:00:00+00:00:2026-05-11T08:00:00+00:00,31111-NEUTRAL CONTROL,FILL_LEVEL_CONTROL_REPLAY,761.48,-0.22,0.22,167.5256,0.3350512,2244.0,-0.7024000000000092,0.0,0,0.0,0.0,0.6666666666666666,0.0003179897793019595,0.00018050274474622088,0.02481818181818154,1.2833133988946117,1032.0000166666666
2026-05-10T12:48:59.999000+00:00,-692.0,D2-2a53b8b913c713d1,MUUSDT,US_STOCK:2026-05-08T20:00:00+00:00:2026-05-11T08:00:00+00:00,31111-NEUTRAL CONTROL,FILL_LEVEL_CONTROL_REPLAY,761.41,-0.22,0.22,167.5102,0.3350204,2245.0,-0.6869999999999982,0.0,0,0.0,0.0,0.6111111111111112,0.00031332846767368795,0.00018190171700664242,0.01928571428571343,1.2952025080713843,1031.0000166666666
2026-05-10T12:49:59.999000+00:00,-691.0,D2-2a53b8b913c713d1,MUUSDT,US_STOCK:2026-05-08T20:00:00+00:00:2026-05-11T08:00:00+00:00,31111-NEUTRAL CONTROL,FILL_LEVEL_CONTROL_REPLAY,761.35,-0.22,0.22,167.497,0.334994,2246.0,-0.6738000000000102,0.0,0,0.0,0.0,0.5555555555555556,0.00027957856814492157,0.00017311635167981197,0.011999999999999716,1.3053931730800301,1030.0000166666666
2026-05-10T12:50:59.999000+00:00,-690.0,D2-2a53b8b913c713d1,MUUSDT,US_STOCK:2026-05-08T20:00:00+00:00:2026-05-11T08:00:00+00:00,31111-NEUTRAL CONTROL,FILL_LEVEL_CONTROL_REPLAY,761.45,-0.22,0.22,167.519,0.335038,2247.0,-0.6958000000000152,0.0,0,0.0,0.0,0.6111111111111112,0.0002954888699192309,0.00017114026504399236,0.008649350649350018,1.2884087313989345,1029.0000166666666
2026-05-10T12:51:59.999000+00:00,-689.0,D2-2a53b8b913c713d1,MUUSDT,US_STOCK:2026-05-08T20:00:00+00:00:2026-05-11T08:00:00+00:00,31111-NEUTRAL CONTROL,FILL_LEVEL_CONTROL_REPLAY,761.43,-0.22,0.22,167.5146,0.3350292,2248.0,-0.6913999999999941,0.0,0,0.0,0.0,0.6111111111111112,0.0002485924041418288,0.00016899279935618937,0.0031168831168822014,1.291805619735169,1028.0000166666666
2026-05-10T12:52:59.999000+00:00,-688.0,D2-2a53b8b913c713d1,MUUSDT,US_STOCK:2026-05-08T20:00:00+00:00:2026-05-11T08:00:00+00:00,31111-NEUTRAL CONTROL,FILL_LEVEL_CONTROL_REPLAY,761.59,-0.22,0.22,167.5498,0.3350996,2249.0,-0.7266000000000122,0.0,0,0.0,0.0,0.6666666666666666,0.0002504159530906274,0.00010792380140574044,-0.0019480519480525387,1.2646305130454085,1027.0000166666666
2026-05-10T12:53:59.999000+00:00,-687.0,D2-2a53b8b913c713d1,MUUSDT,US_STOCK:2026-05-08T20:00:00+00:00:2026-05-11T08:00:00+00:00,31111-NEUTRAL CONTROL,FILL_LEVEL_CONTROL_REPLAY,761.47,-0.22,0.22,167.5234,0.33504680000000003,2250.0,-0.7002000000000111,0.0,0,0.0,0.0,0.6842105263157895,0.0002429511339908365,0.00011380269672371073,-0.002493506493506588,1.2850118430627193,1026.0000166666666
2026-05-10T12:54:59.999000+00:00,-686.0,D2-2a53b8b913c713d1,MUUSDT,US_STOCK:2026-05-08T20:00:00+00:00:2026-05-11T08:00:00+00:00,31111-NEUTRAL CONTROL,FILL_LEVEL_CONTROL_REPLAY,761.59,-0.22,0.22,167.5498,0.3350996,2251.0,-0.7266000000000122,0.0,0,0.0,0.0,0.6842105263157895,0.0002597948277382183,0.00011730059131302378,-0.0014805194805190198,1.2646305130454085,1025.0000166666666
2026-05-10T12:55:59.999000+00:00,-685.0,D2-2a53b8b913c713d1,MUUSDT,US_STOCK:2026-05-08T20:00:00+00:00:2026-05-11T08:00:00+00:00,31111-NEUTRAL CONTROL,FILL_LEVEL_CONTROL_REPLAY,761.51,-0.22,0.22,167.5322,0.3350644,2252.0,-0.7090000000000032,0.0,0,0.0,0.0,0.6842105263157895,0.00024950427440218235,0.0001178667300966101,-0.0006623376623380935,1.278218066390289,1024.0000166666666
2026-05-10T12:56:59.999000+00:00,-684.0,D2-2a53b8b913c713d1,MUUSDT,US_STOCK:2026-05-08T20:00:00+00:00:2026-05-11T08:00:00+00:00,31111-NEUTRAL CONTROL,FILL_LEVEL_CONTROL_REPLAY,761.38,-0.22,0.22,167.5036,0.3350072,2253.0,-0.6804000000000041,0.0,0,0.0,0.0,0.6842105263157895,0.00024485614466964253,0.00012116243107961439,-0.0024935064935068833,1.3002978405757073,1023.0000166666666
2026-05-10T12:57:59.999000+00:00,-683.0,D2-2a53b8b913c713d1,MUUSDT,US_STOCK:2026-05-08T20:00:00+00:00:2026-05-11T08:00:00+00:00,31111-NEUTRAL CONTROL,FILL_LEVEL_CONTROL_REPLAY,761.38,-0.22,0.22,167.5036,0.3350072,2254.0,-0.6804000000000041,0.0,0,0.0,0.0,0.6666666666666666,0.0002307839524472408,0.00012064376870083171,-0.0030649350649364113,1.3002978405757073,1022.0000166666666
2026-05-10T12:58:59.999000+00:00,-682.0,D2-2a53b8b913c713d1,MUUSDT,US_STOCK:2026-05-08T20:00:00+00:00:2026-05-11T08:00:00+00:00,31111-NEUTRAL CONTROL,FILL_LEVEL_CONTROL_REPLAY,761.37,-0.22,0.22,167.5014,0.3350028,2255.0,-0.6782000000000061,0.0,0,0.0,0.0,0.6111111111111112,0.00021859092350442786,0.00011601546915952855,-0.003116883116884121,1.301996284743815,1021.0000166666666
2026-05-10T12:59:59.999000+00:00,-681.0,D2-2a53b8b913c713d1,MUUSDT,US_STOCK:2026-05-08T20:00:00+00:00:2026-05-11T08:00:00+00:00,31111-NEUTRAL CONTROL,FILL_LEVEL_CONTROL_REPLAY,761.31,-0.22,0.22,167.48819999999998,0.33497639999999995,2256.0,-0.6649999999999932,0.0,0,0.0,0.0,0.5555555555555556,0.00021579345376484093,0.00011067555929150077,-0.005389610389611836,1.3121869497524798,1020.0000166666666
2026-05-10T13:00:59.999000+00:00,-680.0,D2-2a53b8b913c713d1,MUUSDT,US_STOCK:2026-05-08T20:00:00+00:00:2026-05-11T08:00:00+00:00,31111-NEUTRAL CONTROL,FILL_LEVEL_CONTROL_REPLAY,761.04,-0.22,0.22,167.4288,0.3348576,2257.0,-0.6055999999999971,0.0,0,0.0,0.0,0.5555555555555556,0.00024684266642639355,0.00012834573591238675,-0.00925974025974173,1.3580449422914243,1019.0000166666666
2026-05-10T13:01:59.999000+00:00,-679.0,D2-2a53b8b913c713d1,MUUSDT,US_STOCK:2026-05-08T20:00:00+00:00:2026-05-11T08:00:00+00:00,31111-NEUTRAL CONTROL,FILL_LEVEL_CONTROL_REPLAY,761.21,-0.22,0.22,167.46620000000001,0.3349324,2258.0,-0.6430000000000131,0.0,0,0.0,0.0,0.5555555555555556,0.00025429438469205514,0.00013940193758994423,-0.012220779220779474,1.3291713914335561,1018.0000166666666
2026-05-10T13:02:59.999000+00:00,-678.0,D2-2a53b8b913c713d1,MUUSDT,US_STOCK:2026-05-08T20:00:00+00:00:2026-05-11T08:00:00+00:00,31111-NEUTRAL CONTROL,FILL_LEVEL_CONTROL_REPLAY,761.33,-0.22,0.22,167.4926,0.33498520000000004,2259.0,-0.6694000000000141,0.0,0,0.0,0.0,0.5,0.0002523778875689613,0.00014208827166853046,-0.01361038961038993,1.3087900614162453,1017.0000166666666
2026-05-10T13:03:59.999000+00:00,-677.0,D2-2a53b8b913c713d1,MUUSDT,US_STOCK:2026-05-08T20:00:00+00:00:2026-05-11T08:00:00+00:00,31111-NEUTRAL CONTROL,FILL_LEVEL_CONTROL_REPLAY,761.27,-0.22,0.22,167.4794,0.3349588,2260.0,-0.6562000000000011,0.0,0,0.0,0.0,0.5,0.00025239777889957214,0.000142369112099555,-0.014519480519481192,1.3189807264249103,1016.0000166666666
2026-05-10T13:04:59.999000+00:00,-676.0,D2-2a53b8b913c713d1,MUUSDT,US_STOCK:2026-05-08T20:00:00+00:00:2026-05-11T08:00:00+00:00,31111-NEUTRAL CONTROL,FILL_LEVEL_CONTROL_REPLAY,761.18,-0.22,0.22,167.4596,0.3349192,2261.0,-0.6363999999999941,0.0,0,0.0,0.0,0.5,0.0002289678056251167,0.00014257495052853142,-0.01701298701298778,1.3342667239378982,1015.0000166666666
2026-05-10T13:05:59.999000+00:00,-675.0,D2-2a53b8b913c713d1,MUUSDT,US_STOCK:2026-05-08T20:00:00+00:00:2026-05-11T08:00:00+00:00,31111-NEUTRAL CONTROL,FILL_LEVEL_CONTROL_REPLAY,761.12,-0.22,0.22,167.4464,0.33489280000000005,2262.0,-0.6232000000000062,0.0,0,0.0,0.0,0.4444444444444444,0.00023743205501668594,0.00014001292515599504,-0.019077922077922888,1.344457388946544,1014.0000166666666
2026-05-10T13:06:59.999000+00:00,-674.0,D2-2a53b8b913c713d1,MUUSDT,US_STOCK:2026-05-08T20:00:00+00:00:2026-05-11T08:00:00+00:00,31111-NEUTRAL CONTROL,FILL_LEVEL_CONTROL_REPLAY,760.89,-0.22,0.22,167.3958,0.3347916,2263.0,-0.5726000000000021,0.0,0,0.0,0.0,0.4444444444444444,0.00024219757689774516,0.00015200437419063,-0.02248051948052,1.383521604813058,1013.0000166666666
2026-05-10T13:07:59.999000+00:00,-673.0,D2-2a53b8b913c713d1,MUUSDT,US_STOCK:2026-05-08T20:00:00+00:00:2026-05-11T08:00:00+00:00,31111-NEUTRAL CONTROL,FILL_LEVEL_CONTROL_REPLAY,760.89,-0.22,0.22,167.3958,0.3347916,2264.0,-0.5726000000000021,0.0,0,0.0,0.0,0.47058823529411764,0.0002459525780899653,0.00015185560829747885,-0.02554545454545582,1.383521604813058,1012.0000166666666
2026-05-10T13:08:59.999000+00:00,-672.0,D2-2a53b8b913c713d1,MUUSDT,US_STOCK:2026-05-08T20:00:00+00:00:2026-05-11T08:00:00+00:00,31111-NEUTRAL CONTROL,FILL_LEVEL_CONTROL_REPLAY,760.97,-0.22,0.22,167.4134,0.3348268,2265.0,-0.5902000000000112,0.0,0,0.0,0.0,0.5294117647058824,0.00022152177953327682,0.00015445624965547994,-0.027714285714286347,1.3699340514681777,1011.0000166666666
2026-05-10T13:09:59.999000+00:00,-671.0,D2-2a53b8b913c713d1,MUUSDT,US_STOCK:2026-05-08T20:00:00+00:00:2026-05-11T08:00:00+00:00,31111-NEUTRAL CONTROL,FILL_LEVEL_CONTROL_REPLAY,761.03,-0.22,0.22,167.4266,0.3348532,2266.0,-0.6033999999999992,0.0,0,0.0,0.0,0.47058823529411764,0.0002186885818280365,0.00015572540318357589,-0.029441558441559865,1.3597433864595319,1010.0000166666666
2026-05-10T13:10:59.999000+00:00,-670.0,D2-2a53b8b913c713d1,MUUSDT,US_STOCK:2026-05-08T20:00:00+00:00:2026-05-11T08:00:00+00:00,31111-NEUTRAL CONTROL,FILL_LEVEL_CONTROL_REPLAY,760.86,-0.22,0.22,167.38920000000002,0.33477840000000003,2267.0,-0.5660000000000082,0.0,0,0.0,0.0,0.47058823529411764,0.000224370167592331,0.00015755321226213587,-0.03374025974026065,1.388616937317381,1009.0000166666666
2026-05-10T13:11:59.999000+00:00,-669.0,D2-2a53b8b913c713d1,MUUSDT,US_STOCK:2026-05-08T20:00:00+00:00:2026-05-11T08:00:00+00:00,31111-NEUTRAL CONTROL,FILL_LEVEL_CONTROL_REPLAY,760.81,-0.22,0.22,167.3782,0.3347564,2268.0,-0.554999999999993,0.0,0,0.0,0.0,0.4117647058823529,0.00022907915811534342,0.00015763156961524607,-0.03662337662337757,1.3971091581579382,1008.0000166666666
2026-05-10T13:12:59.999000+00:00,-668.0,D2-2a53b8b913c713d1,MUUSDT,US_STOCK:2026-05-08T20:00:00+00:00:2026-05-11T08:00:00+00:00,31111-NEUTRAL CONTROL,FILL_LEVEL_CONTROL_REPLAY,760.95,-0.22,0.22,167.40900000000002,0.33481800000000006,2269.0,-0.5858000000000152,0.0,0,0.0,0.0,0.4117647058823529,0.00023560774595668307,0.00015564377432375194,-0.03714285714285806,1.373330939804393,1007.0000166666666
2026-05-10T13:13:59.999000+00:00,-667.0,D2-2a53b8b913c713d1,MUUSDT,US_STOCK:2026-05-08T20:00:00+00:00:2026-05-11T08:00:00+00:00,31111-NEUTRAL CONTROL,FILL_LEVEL_CONTROL_REPLAY,761.33,-0.22,0.22,167.4926,0.33498520000000004,2270.0,-0.6694000000000141,0.0,0,0.0,0.0,0.35294117647058826,0.00027958591262286855,0.00019270216767998293,-0.02981818181818172,1.3087900614162453,1006.0000166666666
2026-05-10T13:14:59.999000+00:00,-666.0,D2-2a53b8b913c713d1,MUUSDT,US_STOCK:2026-05-08T20:00:00+00:00:2026-05-11T08:00:00+00:00,31111-NEUTRAL CONTROL,FILL_LEVEL_CONTROL_REPLAY,760.96,-0.22,0.22,167.4112,0.3348224,2271.0,-0.5880000000000131,0.0,0,0.0,0.0,0.35294117647058826,0.0002750285353838926,0.00021465276840131937,-0.028675324675323695,1.3716324956362853,1005.0000166666666
2026-05-10T13:15:59.999000+00:00,-665.0,D2-2a53b8b913c713d1,MUUSDT,US_STOCK:2026-05-08T20:00:00+00:00:2026-05-11T08:00:00+00:00,31111-NEUTRAL CONTROL,FILL_LEVEL_CONTROL_REPLAY,761.07,-0.22,0.22,167.43540000000002,0.3348708,2272.0,-0.6122000000000161,0.0,0,0.0,0.0,0.4117647058823529,0.0002965749349130718,0.0002178195167530742,-0.023727272727270637,1.3529496097870821,1004.0000166666666
2026-05-10T13:16:59.999000+00:00,-664.0,D2-2a53b8b913c713d1,MUUSDT,US_STOCK:2026-05-08T20:00:00+00:00:2026-05-11T08:00:00+00:00,31111-NEUTRAL CONTROL,FILL_LEVEL_CONTROL_REPLAY,761.18,-0.22,0.22,167.4596,0.3349192,2273.0,-0.6363999999999941,0.0,0,0.0,0.0,0.4117647058823529,0.000308731180535481,0.0002183906594717058,-0.017818181818180526,1.3342667239378982,1003.0000166666666
2026-05-10T13:17:59.999000+00:00,-663.0,D2-2a53b8b913c713d1,MUUSDT,US_STOCK:2026-05-08T20:00:00+00:00:2026-05-11T08:00:00+00:00,31111-NEUTRAL CONTROL,FILL_LEVEL_CONTROL_REPLAY,761.02,-0.22,0.22,167.4244,0.3348488,2274.0,-0.6012000000000012,0.0,0,0.0,0.0,0.4444444444444444,0.0003125504492091373,0.00022252552738910518,-0.015415584415583388,1.3614418306276395,1002.0000166666666
2026-05-10T13:18:59.999000+00:00,-662.0,D2-2a53b8b913c713d1,MUUSDT,US_STOCK:2026-05-08T20:00:00+00:00:2026-05-11T08:00:00+00:00,31111-NEUTRAL CONTROL,FILL_LEVEL_CONTROL_REPLAY,760.88,-0.22,0.22,167.3936,0.3347872,2275.0,-0.5704000000000042,0.0,0,0.0,0.0,0.4444444444444444,0.0003210568214248125,0.0002252212874344756,-0.014363636363635407,1.3852200489811657,1001.0000166666666
2026-05-10T13:19:59.999000+00:00,-661.0,D2-2a53b8b913c713d1,MUUSDT,US_STOCK:2026-05-08T20:00:00+00:00:2026-05-11T08:00:00+00:00,31111-NEUTRAL CONTROL,FILL_LEVEL_CONTROL_REPLAY,760.98,-0.22,0.22,167.4156,0.33483120000000005,2276.0,-0.5924000000000091,0.0,0,0.0,0.0,0.5,0.00030505776386088613,0.0002276915599304156,-0.011506493506492195,1.36823560730007,1000.0000166666666
2026-05-10T13:20:59.999000+00:00,-660.0,D2-2a53b8b913c713d1,MUUSDT,US_STOCK:2026-05-08T20:00:00+00:00:2026-05-11T08:00:00+00:00,31111-NEUTRAL CONTROL,FILL_LEVEL_CONTROL_REPLAY,760.71,-0.22,0.22,167.3562,0.3347124,2277.0,-0.5330000000000132,0.0,0,0.0,0.0,0.5,0.0003117388454770684,0.0002277028084391922,-0.012506493506492466,1.4140935998390145,999.0000166666666
2026-05-10T13:21:59.999000+00:00,-659.0,D2-2a53b8b913c713d1,MUUSDT,US_STOCK:2026-05-08T20:00:00+00:00:2026-05-11T08:00:00+00:00,31111-NEUTRAL CONTROL,FILL_LEVEL_CONTROL_REPLAY,760.98,-0.22,0.22,167.4156,0.33483120000000005,2278.0,-0.5924000000000091,0.0,0,0.0,0.0,0.5555555555555556,0.00035105108825837447,0.00023641946238028554,-0.013077922077921404,1.36823560730007,998.0000166666666
2026-05-10T13:22:59.999000+00:00,-658.0,D2-2a53b8b913c713d1,MUUSDT,US_STOCK:2026-05-08T20:00:00+00:00:2026-05-11T08:00:00+00:00,31111-NEUTRAL CONTROL,FILL_LEVEL_CONTROL_REPLAY,761.0,-0.22,0.22,167.42,0.33483999999999997,2279.0,-0.5968000000000051,0.0,0,0.0,0.0,0.5,0.0003613666228646539,0.00023333423455558405,-0.010883116883115844,1.364838718963855,997.0000166666666
2026-05-10T13:23:59.999000+00:00,-657.0,D2-2a53b8b913c713d1,MUUSDT,US_STOCK:2026-05-08T20:00:00+00:00:2026-05-11T08:00:00+00:00,31111-NEUTRAL CONTROL,FILL_LEVEL_CONTROL_REPLAY,761.02,-0.22,0.22,167.4244,0.3348488,2280.0,-0.6012000000000012,0.0,0,0.0,0.0,0.5,0.00035854135614983367,0.0002331711026536194,-0.00644155844155716,1.3614418306276395,996.0000166666666
2026-05-10T13:24:59.999000+00:00,-656.0,D2-2a53b8b913c713d1,MUUSDT,US_STOCK:2026-05-08T20:00:00+00:00:2026-05-11T08:00:00+00:00,31111-NEUTRAL CONTROL,FILL_LEVEL_CONTROL_REPLAY,761.1,-0.22,0.22,167.442,0.334884,2281.0,-0.6188000000000101,0.0,0,0.0,0.0,0.5,0.0003753965125664089,0.0002333750837203036,-0.0014155844155831281,1.3478542772827593,995.0000166666666
2026-05-10T13:25:59.999000+00:00,-655.0,D2-2a53b8b913c713d1,MUUSDT,US_STOCK:2026-05-08T20:00:00+00:00:2026-05-11T08:00:00+00:00,31111-NEUTRAL CONTROL,FILL_LEVEL_CONTROL_REPLAY,761.09,-0.22,0.22,167.43980000000002,0.33487960000000006,2282.0,-0.6166000000000121,0.0,0,0.0,0.0,0.5555555555555556,0.0003969870280030831,0.00023277767620637712,0.0024155844155853193,1.349552721450867,994.0000166666666
2026-05-10T13:26:59.999000+00:00,-654.0,D2-2a53b8b913c713d1,MUUSDT,US_STOCK:2026-05-08T20:00:00+00:00:2026-05-11T08:00:00+00:00,31111-NEUTRAL CONTROL,FILL_LEVEL_CONTROL_REPLAY,761.32,-0.22,0.22,167.49040000000002,0.3349808,2283.0,-0.6672000000000161,0.0,0,0.0,0.0,0.5555555555555556,0.00041656971725800065,0.00023106293691915,0.008493506493507923,1.310488505584353,993.0000166666666
2026-05-10T13:27:59.999000+00:00,-653.0,D2-2a53b8b913c713d1,MUUSDT,US_STOCK:2026-05-08T20:00:00+00:00:2026-05-11T08:00:00+00:00,31111-NEUTRAL CONTROL,FILL_LEVEL_CONTROL_REPLAY,761.66,-0.22,0.22,167.5652,0.3351304,2284.0,-0.7419999999999981,0.0,0,0.0,0.0,0.5263157894736842,0.00041263255820932264,0.0002481954059173825,0.015441558441559014,1.252741403868655,992.0000166666666
2026-05-10T13:28:59.999000+00:00,-652.0,D2-2a53b8b913c713d1,MUUSDT,US_STOCK:2026-05-08T20:00:00+00:00:2026-05-11T08:00:00+00:00,31111-NEUTRAL CONTROL,FILL_LEVEL_CONTROL_REPLAY,761.78,-0.22,0.22,167.5916,0.3351832,2285.0,-0.7683999999999991,0.0,0,0.0,0.0,0.5263157894736842,0.0003806873375515296,0.00024903264114072964,0.02294805194805175,1.2323600738513443,991.0000166666666
2026-05-10T13:29:59.999000+00:00,-651.0,D2-2a53b8b913c713d1,MUUSDT,US_STOCK:2026-05-08T20:00:00+00:00:2026-05-11T08:00:00+00:00,31111-NEUTRAL CONTROL,FILL_LEVEL_CONTROL_REPLAY,761.69,-0.22,0.22,167.57180000000002,0.33514360000000004,2286.0,-0.7486000000000171,0.0,0,0.0,0.0,0.5263157894736842,0.00036947914693454724,0.00025170578994939525,0.029272727272727964,1.247646071364313,990.0000166666666
2026-05-10T13:30:59.999000+00:00,-650.0,D2-2a53b8b913c713d1,MUUSDT,US_STOCK:2026-05-08T20:00:00+00:00:2026-05-11T08:00:00+00:00,31111-NEUTRAL CONTROL,FILL_LEVEL_CONTROL_REPLAY,762.16,-0.22,0.22,167.6752,0.3353504,2287.0,-0.8519999999999982,0.0,0,0.0,0.0,0.5789473684210527,0.0003861206495823903,0.00027292314208770163,0.04162337662337627,1.1678191954631967,989.0000166666666
2026-05-10T13:31:59.999000+00:00,-649.0,D2-2a53b8b913c713d1,MUUSDT,US_STOCK:2026-05-08T20:00:00+00:00:2026-05-11T08:00:00+00:00,31111-NEUTRAL CONTROL,FILL_LEVEL_CONTROL_REPLAY,762.1,-0.22,0.22,167.662,0.335324,2288.0,-0.8388000000000101,0.0,0,0.0,0.0,0.5789473684210527,0.00038521378896657856,0.00027329774012143407,0.049298701298701196,1.1780098604718425,988.0000166666666
2026-05-10T13:32:59.999000+00:00,-648.0,D2-2a53b8b913c713d1,MUUSDT,US_STOCK:2026-05-08T20:00:00+00:00:2026-05-11T08:00:00+00:00,31111-NEUTRAL CONTROL,FILL_LEVEL_CONTROL_REPLAY,762.18,-0.22,0.22,167.6796,0.33535919999999997,2289.0,-0.8563999999999942,0.0,0,0.0,0.0,0.631578947368421,0.00037111593436871276,0.00027240372871107645,0.05568831168830991,1.1644223071269815,987.0000166666666
2026-05-10T13:33:59.999000+00:00,-647.0,D2-2a53b8b913c713d1,MUUSDT,US_STOCK:2026-05-08T20:00:00+00:00:2026-05-11T08:00:00+00:00,31111-NEUTRAL CONTROL,FILL_LEVEL_CONTROL_REPLAY,762.25,-0.22,0.22,167.695,0.33538999999999997,2290.0,-0.8718000000000052,0.0,0,0.0,0.0,0.5789473684210527,0.00036545940120882517,0.0002550180295498157,0.06320779220779082,1.152533197950209,986.0000166666666
2026-05-10T13:34:59.999000+00:00,-646.0,D2-2a53b8b913c713d1,MUUSDT,US_STOCK:2026-05-08T20:00:00+00:00:2026-05-11T08:00:00+00:00,31111-NEUTRAL CONTROL,FILL_LEVEL_CONTROL_REPLAY,762.2,-0.22,0.22,167.684,0.335368,2291.0,-0.8608000000000152,0.0,0,0.0,0.0,0.5789473684210527,0.00035798628031637143,0.0002246288890667369,0.07381818181818142,1.161025418790747,985.0000166666666
2026-05-10T13:35:59.999000+00:00,-645.0,D2-2a53b8b913c713d1,MUUSDT,US_STOCK:2026-05-08T20:00:00+00:00:2026-05-11T08:00:00+00:00,31111-NEUTRAL CONTROL,FILL_LEVEL_CONTROL_REPLAY,762.15,-0.22,0.22,167.673,0.335346,2292.0,-0.8498000000000001,0.0,0,0.0,0.0,0.5789473684210527,0.0003130242453210296,0.0002263394599214138,0.07736363636363598,1.1695176396313043,984.0000166666666
2026-05-10T13:36:59.999000+00:00,-644.0,D2-2a53b8b913c713d1,MUUSDT,US_STOCK:2026-05-08T20:00:00+00:00:2026-05-11T08:00:00+00:00,31111-NEUTRAL CONTROL,FILL_LEVEL_CONTROL_REPLAY,762.18,-0.22,0.22,167.6796,0.33535919999999997,2293.0,-0.8563999999999942,0.0,0,0.0,0.0,0.5789473684210527,0.00030270314848759996,0.00022578941055412092,0.08132467532467488,1.1644223071269815,983.0000166666666
2026-05-10T13:37:59.999000+00:00,-643.0,D2-2a53b8b913c713d1,MUUSDT,US_STOCK:2026-05-08T20:00:00+00:00:2026-05-11T08:00:00+00:00,31111-NEUTRAL CONTROL,FILL_LEVEL_CONTROL_REPLAY,762.13,-0.22,0.22,167.6686,0.3353372,2294.0,-0.8454000000000041,0.0,0,0.0,0.0,0.631578947368421,0.00030553467631130394,0.00021905468047420513,0.08476623376623256,1.1729145279675195,982.0000166666666
2026-05-10T13:38:59.999000+00:00,-642.0,D2-2a53b8b913c713d1,MUUSDT,US_STOCK:2026-05-08T20:00:00+00:00:2026-05-11T08:00:00+00:00,31111-NEUTRAL CONTROL,FILL_LEVEL_CONTROL_REPLAY,762.13,-0.22,0.22,167.6686,0.3353372,2295.0,-0.8454000000000041,0.0,0,0.0,0.0,0.6111111111111112,0.0002877274405753633,0.0002118185190053711,0.0846883116883101,1.1729145279675195,981.0000166666666
2026-05-10T13:39:59.999000+00:00,-641.0,D2-2a53b8b913c713d1,MUUSDT,US_STOCK:2026-05-08T20:00:00+00:00:2026-05-11T08:00:00+00:00,31111-NEUTRAL CONTROL,FILL_LEVEL_CONTROL_REPLAY,762.13,-0.22,0.22,167.6686,0.3353372,2296.0,-0.8454000000000041,0.0,0,0.0,0.0,0.5882352941176471,0.0002521129691034926,0.0002122245702097795,0.08116883116882939,1.1729145279675195,980.0000166666666
2026-05-10T13:40:59.999000+00:00,-640.0,D2-2a53b8b913c713d1,MUUSDT,US_STOCK:2026-05-08T20:00:00+00:00:2026-05-11T08:00:00+00:00,31111-NEUTRAL CONTROL,FILL_LEVEL_CONTROL_REPLAY,762.12,-0.22,0.22,167.6664,0.33533280000000004,2297.0,-0.8432000000000062,0.0,0,0.0,0.0,0.5294117647058824,0.00023337157253072895,0.00018942267921402174,0.0773246753246738,1.1746129721356273,979.0000166666666
2026-05-10T13:41:59.999000+00:00,-639.0,D2-2a53b8b913c713d1,MUUSDT,US_STOCK:2026-05-08T20:00:00+00:00:2026-05-11T08:00:00+00:00,31111-NEUTRAL CONTROL,FILL_LEVEL_CONTROL_REPLAY,762.04,-0.22,0.22,167.6488,0.3352976,2298.0,-0.8255999999999971,0.0,0,0.0,0.0,0.5294117647058824,0.000198714728135735,0.0001840206099495067,0.06710389610389457,1.1882005254805075,978.0000166666666
2026-05-10T13:42:59.999000+00:00,-638.0,D2-2a53b8b913c713d1,MUUSDT,US_STOCK:2026-05-08T20:00:00+00:00:2026-05-11T08:00:00+00:00,31111-NEUTRAL CONTROL,FILL_LEVEL_CONTROL_REPLAY,762.11,-0.22,0.22,167.6642,0.33532839999999997,2299.0,-0.8410000000000082,0.0,0,0.0,0.0,0.5882352941176471,0.00020900619895513684,0.0001838033355488651,0.05992207792207687,1.176311416303735,977.0000166666666
2026-05-10T13:43:59.999000+00:00,-637.0,D2-2a53b8b913c713d1,MUUSDT,US_STOCK:2026-05-08T20:00:00+00:00:2026-05-11T08:00:00+00:00,31111-NEUTRAL CONTROL,FILL_LEVEL_CONTROL_REPLAY,762.05,-0.22,0.22,167.65099999999998,0.335302,2300.0,-0.8277999999999952,0.0,0,0.0,0.0,0.6470588235294118,0.00019777479917889714,0.0001865394417961804,0.05077922077921918,1.1865020813123999,976.0000166666666
2026-05-10T13:44:59.999000+00:00,-636.0,D2-2a53b8b913c713d1,MUUSDT,US_STOCK:2026-05-08T20:00:00+00:00:2026-05-11T08:00:00+00:00,31111-NEUTRAL CONTROL,FILL_LEVEL_CONTROL_REPLAY,761.93,-0.22,0.22,167.6246,0.33524919999999997,2301.0,-0.8013999999999941,0.0,0,0.0,0.0,0.5882352941176471,0.00017155681718042409,0.0001925830241732239,0.0389999999999976,1.2068834113297107,975.0000166666666
2026-05-10T13:45:59.999000+00:00,-635.0,D2-2a53b8b913c713d1,MUUSDT,US_STOCK:2026-05-08T20:00:00+00:00:2026-05-11T08:00:00+00:00,31111-NEUTRAL CONTROL,FILL_LEVEL_CONTROL_REPLAY,761.84,-0.22,0.22,167.6048,0.3352096,2302.0,-0.7816000000000122,0.0,0,0.0,0.0,0.5294117647058824,0.0001668891855807718,0.00019576004193253552,0.0260129870129855,1.2221694088426793,974.0000166666666
2026-05-10T13:46:59.999000+00:00,-634.0,D2-2a53b8b913c713d1,MUUSDT,US_STOCK:2026-05-08T20:00:00+00:00:2026-05-11T08:00:00+00:00,31111-NEUTRAL CONTROL,FILL_LEVEL_CONTROL_REPLAY,761.91,-0.22,0.22,167.62019999999998,0.33524039999999994,2303.0,-0.7969999999999982,0.0,0,0.0,0.0,0.5882352941176471,0.0001678113462969908,0.00018735933620963924,0.012831168831167496,1.2102802996659259,973.0000166666666
2026-05-10T13:47:59.999000+00:00,-633.0,D2-2a53b8b913c713d1,MUUSDT,US_STOCK:2026-05-08T20:00:00+00:00:2026-05-11T08:00:00+00:00,31111-NEUTRAL CONTROL,FILL_LEVEL_CONTROL_REPLAY,762.0,-0.22,0.22,167.64000000000001,0.33528,2304.0,-0.8168000000000052,0.0,0,0.0,0.0,0.5882352941176471,0.0001809148856392904,0.00016380499860903908,0.0030389610389606374,1.1949943021529381,972.0000166666666
2026-05-10T13:48:59.999000+00:00,-632.0,D2-2a53b8b913c713d1,MUUSDT,US_STOCK:2026-05-08T20:00:00+00:00:2026-05-11T08:00:00+00:00,31111-NEUTRAL CONTROL,FILL_LEVEL_CONTROL_REPLAY,761.96,-0.22,0.22,167.6312,0.3352624,2305.0,-0.8080000000000132,0.0,0,0.0,0.0,0.5882352941176471,0.00018842383927165197,0.0001615160775844469,-0.003298701298701399,1.2017880788253685,971.0000166666666
2026-05-10T13:49:59.999000+00:00,-631.0,D2-2a53b8b913c713d1,MUUSDT,US_STOCK:2026-05-08T20:00:00+00:00:2026-05-11T08:00:00+00:00,31111-NEUTRAL CONTROL,FILL_LEVEL_CONTROL_REPLAY,761.87,-0.22,0.22,167.6114,0.3352228,2306.0,-0.7882000000000061,0.0,0,0.0,0.0,0.5294117647058824,0.0001921962689547668,0.00016151495476610065,-0.009480519480519718,1.2170740763383565,970.0000166666666
2026-05-10T13:50:59.999000+00:00,-630.0,D2-2a53b8b913c713d1,MUUSDT,US_STOCK:2026-05-08T20:00:00+00:00:2026-05-11T08:00:00+00:00,31111-NEUTRAL CONTROL,FILL_LEVEL_CONTROL_REPLAY,761.84,-0.22,0.22,167.6048,0.3352096,2307.0,-0.7816000000000122,0.0,0,0.0,0.0,0.47058823529411764,0.0001997044748803644,8.262137542271628e-05,-0.017454545454544345,1.2221694088426793,969.0000166666666
2026-05-10T13:51:59.999000+00:00,-629.0,D2-2a53b8b913c713d1,MUUSDT,US_STOCK:2026-05-08T20:00:00+00:00:2026-05-11T08:00:00+00:00,31111-NEUTRAL CONTROL,FILL_LEVEL_CONTROL_REPLAY,761.85,-0.22,0.22,167.607,0.335214,2308.0,-0.7838000000000102,0.0,0,0.0,0.0,0.47058823529411764,0.00020345212312135614,8.183380712618667e-05,-0.018779220779219646,1.2204709646745717,968.0000166666666
2026-05-10T13:52:59.999000+00:00,-628.0,D2-2a53b8b913c713d1,MUUSDT,US_STOCK:2026-05-08T20:00:00+00:00:2026-05-11T08:00:00+00:00,31111-NEUTRAL CONTROL,FILL_LEVEL_CONTROL_REPLAY,761.7,-0.22,0.22,167.574,0.335148,2309.0,-0.7508000000000151,0.0,0,0.0,0.0,0.5294117647058824,0.00023443800521391186,8.579730340602245e-05,-0.022506493506491344,1.2459476271962053,967.0000166666666
2026-05-10T13:53:59.999000+00:00,-627.0,D2-2a53b8b913c713d1,MUUSDT,US_STOCK:2026-05-08T20:00:00+00:00:2026-05-11T08:00:00+00:00,31111-NEUTRAL CONTROL,FILL_LEVEL_CONTROL_REPLAY,761.63,-0.22,0.22,167.5586,0.3351172,2310.0,-0.7354000000000042,0.0,0,0.0,0.0,0.47058823529411764,0.0002504028015103121,8.184512398903537e-05,-0.02548051948051801,1.257836736372978,966.0000166666666
2026-05-10T13:54:59.999000+00:00,-626.0,D2-2a53b8b913c713d1,MUUSDT,US_STOCK:2026-05-08T20:00:00+00:00:2026-05-11T08:00:00+00:00,31111-NEUTRAL CONTROL,FILL_LEVEL_CONTROL_REPLAY,761.54,-0.22,0.22,167.53879999999998,0.3350776,2311.0,-0.7155999999999971,0.0,0,0.0,0.0,0.47058823529411764,0.0002541841906813241,8.343191878075972e-05,-0.027909090909089888,1.2731227338859659,965.0000166666666
2026-05-10T13:55:59.999000+00:00,-625.0,D2-2a53b8b913c713d1,MUUSDT,US_STOCK:2026-05-08T20:00:00+00:00:2026-05-11T08:00:00+00:00,31111-NEUTRAL CONTROL,FILL_LEVEL_CONTROL_REPLAY,761.5,-0.22,0.22,167.53,0.33506,2312.0,-0.7068000000000051,0.0,0,0.0,0.0,0.4117647058823529,0.00025419754244444836,8.330583698192528e-05,-0.030649350649348907,1.2799165105583965,964.0000166666666
2026-05-10T13:56:59.999000+00:00,-624.0,D2-2a53b8b913c713d1,MUUSDT,US_STOCK:2026-05-08T20:00:00+00:00:2026-05-11T08:00:00+00:00,31111-NEUTRAL CONTROL,FILL_LEVEL_CONTROL_REPLAY,761.32,-0.22,0.22,167.49040000000002,0.3349808,2313.0,-0.6672000000000161,0.0,0,0.0,0.0,0.35294117647058826,0.0002505047624051634,9.104827296537932e-05,-0.035532467532465334,1.310488505584353,963.0000166666666
2026-05-10T13:57:59.999000+00:00,-623.0,D2-2a53b8b913c713d1,MUUSDT,US_STOCK:2026-05-08T20:00:00+00:00:2026-05-11T08:00:00+00:00,31111-NEUTRAL CONTROL,FILL_LEVEL_CONTROL_REPLAY,761.34,-0.22,0.22,167.4948,0.3349896,2314.0,-0.6716000000000122,0.0,0,0.0,0.0,0.4117647058823529,0.00024299261827831245,9.277159522712457e-05,-0.03864935064934872,1.3070916172481377,962.0000166666666
2026-05-10T13:58:59.999000+00:00,-622.0,D2-2a53b8b913c713d1,MUUSDT,US_STOCK:2026-05-08T20:00:00+00:00:2026-05-11T08:00:00+00:00,31111-NEUTRAL CONTROL,FILL_LEVEL_CONTROL_REPLAY,761.32,-0.22,0.22,167.49040000000002,0.3349808,2315.0,-0.6672000000000161,0.0,0,0.0,0.0,0.4444444444444444,0.00023830790131426595,9.221248074098626e-05,-0.0416493506493482,1.310488505584353,961.0000166666666
2026-05-10T13:59:59.999000+00:00,-621.0,D2-2a53b8b913c713d1,MUUSDT,US_STOCK:2026-05-08T20:00:00+00:00:2026-05-11T08:00:00+00:00,31111-NEUTRAL CONTROL,FILL_LEVEL_CONTROL_REPLAY,761.32,-0.22,0.22,167.49040000000002,0.3349808,2316.0,-0.6672000000000161,0.0,0,0.0,0.0,0.4444444444444444,0.00024112256156600656,9.221248074098626e-05,-0.043597402597399706,1.310488505584353,960.0000166666666
2026-05-10T14:00:59.999000+00:00,-620.0,D2-2a53b8b913c713d1,MUUSDT,US_STOCK:2026-05-08T20:00:00+00:00:2026-05-11T08:00:00+00:00,31111-NEUTRAL CONTROL,FILL_LEVEL_CONTROL_REPLAY,761.32,-0.22,0.22,167.49040000000002,0.3349808,2317.0,-0.6672000000000161,0.0,0,0.0,0.0,0.47058823529411764,0.00023267858081077396,9.254112056872935e-05,-0.04449350649350323,1.310488505584353,959.0000166666666
2026-05-10T14:01:59.999000+00:00,-619.0,D2-2a53b8b913c713d1,MUUSDT,US_STOCK:2026-05-08T20:00:00+00:00:2026-05-11T08:00:00+00:00,31111-NEUTRAL CONTROL,FILL_LEVEL_CONTROL_REPLAY,761.66,-0.22,0.22,167.5652,0.3351304,2318.0,-0.7419999999999981,0.0,0,0.0,0.0,0.47058823529411764,0.0002419527273136427,0.0001418475133678188,-0.04006493506493244,1.252741403868655,958.0000166666666
2026-05-10T14:02:59.999000+00:00,-618.0,D2-2a53b8b913c713d1,MUUSDT,US_STOCK:2026-05-08T20:00:00+00:00:2026-05-11T08:00:00+00:00,31111-NEUTRAL CONTROL,FILL_LEVEL_CONTROL_REPLAY,761.55,-0.22,0.22,167.541,0.335082,2319.0,-0.7177999999999951,0.0,0,0.0,0.0,0.47058823529411764,0.00023448418169709205,0.0001414676694780331,-0.03761038961038833,1.2714242897178583,957.0000166666666
2026-05-10T14:03:59.999000+00:00,-617.0,D2-2a53b8b913c713d1,MUUSDT,US_STOCK:2026-05-08T20:00:00+00:00:2026-05-11T08:00:00+00:00,31111-NEUTRAL CONTROL,FILL_LEVEL_CONTROL_REPLAY,761.56,-0.22,0.22,167.54319999999998,0.33508639999999995,2320.0,-0.7199999999999932,0.0,0,0.0,0.0,0.5294117647058824,0.0002307294050557805,0.00014152115128217288,-0.033389610389609845,1.2697258455497507,956.0000166666666
2026-05-10T14:04:59.999000+00:00,-616.0,D2-2a53b8b913c713d1,MUUSDT,US_STOCK:2026-05-08T20:00:00+00:00:2026-05-11T08:00:00+00:00,31111-NEUTRAL CONTROL,FILL_LEVEL_CONTROL_REPLAY,761.56,-0.22,0.22,167.54319999999998,0.33508639999999995,2321.0,-0.7199999999999932,0.0,0,0.0,0.0,0.5625,0.0002147846900722543,0.00013868190015479669,-0.029311688311689264,1.2697258455497507,955.0000166666666
2026-05-10T14:05:59.999000+00:00,-615.0,D2-2a53b8b913c713d1,MUUSDT,US_STOCK:2026-05-08T20:00:00+00:00:2026-05-11T08:00:00+00:00,31111-NEUTRAL CONTROL,FILL_LEVEL_CONTROL_REPLAY,761.59,-0.22,0.22,167.5498,0.3350996,2322.0,-0.7266000000000122,0.0,0,0.0,0.0,0.5,0.00020164580492315674,0.00013759720424283284,-0.025922077922079297,1.2646305130454085,954.0000166666666
2026-05-10T14:06:59.999000+00:00,-614.0,D2-2a53b8b913c713d1,MUUSDT,US_STOCK:2026-05-08T20:00:00+00:00:2026-05-11T08:00:00+00:00,31111-NEUTRAL CONTROL,FILL_LEVEL_CONTROL_REPLAY,761.61,-0.22,0.22,167.5542,0.33510840000000003,2323.0,-0.7310000000000081,0.0,0,0.0,0.0,0.5,0.00016600172191615396,0.00013574593631634425,-0.02311688311688409,1.2612336247091933,953.0000166666666
2026-05-10T14:07:59.999000+00:00,-613.0,D2-2a53b8b913c713d1,MUUSDT,US_STOCK:2026-05-08T20:00:00+00:00:2026-05-11T08:00:00+00:00,31111-NEUTRAL CONTROL,FILL_LEVEL_CONTROL_REPLAY,761.5,-0.22,0.22,167.53,0.33506,2324.0,-0.7068000000000051,0.0,0,0.0,0.0,0.5,0.00016321170621890832,0.00013447383567895073,-0.02044155844156008,1.2799165105583965,952.0000166666666
2026-05-10T14:08:59.999000+00:00,-612.0,D2-2a53b8b913c713d1,MUUSDT,US_STOCK:2026-05-08T20:00:00+00:00:2026-05-11T08:00:00+00:00,31111-NEUTRAL CONTROL,FILL_LEVEL_CONTROL_REPLAY,761.58,-0.22,0.22,167.54760000000002,0.33509520000000004,2325.0,-0.7244000000000141,0.0,0,0.0,0.0,0.5625,0.0001613187621223252,0.00013766673087875952,-0.014909090909092261,1.2663289572135161,951.0000166666666
2026-05-10T14:09:59.999000+00:00,-611.0,D2-2a53b8b913c713d1,MUUSDT,US_STOCK:2026-05-08T20:00:00+00:00:2026-05-11T08:00:00+00:00,31111-NEUTRAL CONTROL,FILL_LEVEL_CONTROL_REPLAY,761.5,-0.22,0.22,167.53,0.33506,2326.0,-0.7068000000000051,0.0,0,0.0,0.0,0.625,0.000154769721414478,0.0001372531881698883,-0.010441558441559575,1.2799165105583965,950.0000166666666
2026-05-10T14:10:59.999000+00:00,-610.0,D2-2a53b8b913c713d1,MUUSDT,US_STOCK:2026-05-08T20:00:00+00:00:2026-05-11T08:00:00+00:00,31111-NEUTRAL CONTROL,FILL_LEVEL_CONTROL_REPLAY,761.5,-0.22,0.22,167.53,0.33506,2327.0,-0.7068000000000051,0.0,0,0.0,0.0,0.6,0.00013976174842883236,0.00013730490105120287,-0.006662337662338985,1.2799165105583965,949.0000166666666
2026-05-10T14:11:59.999000+00:00,-609.0,D2-2a53b8b913c713d1,MUUSDT,US_STOCK:2026-05-08T20:00:00+00:00:2026-05-11T08:00:00+00:00,31111-NEUTRAL CONTROL,FILL_LEVEL_CONTROL_REPLAY,761.61,-0.22,0.22,167.5542,0.33510840000000003,2328.0,-0.7310000000000081,0.0,0,0.0,0.0,0.6,0.00014067942535267265,0.0001419056161297453,-0.0014025974025983416,1.2612336247091933,948.0000166666666
2026-05-10T14:12:59.999000+00:00,-608.0,D2-2a53b8b913c713d1,MUUSDT,US_STOCK:2026-05-08T20:00:00+00:00:2026-05-11T08:00:00+00:00,31111-NEUTRAL CONTROL,FILL_LEVEL_CONTROL_REPLAY,761.64,-0.22,0.22,167.5608,0.3351216,2329.0,-0.7376000000000021,0.0,0,0.0,0.0,0.6,0.000154741272592213,0.00013604753316940932,0.004688311688310673,1.2561382922048703,947.0000166666666
2026-05-10T14:13:59.999000+00:00,-607.0,D2-2a53b8b913c713d1,MUUSDT,US_STOCK:2026-05-08T20:00:00+00:00:2026-05-11T08:00:00+00:00,31111-NEUTRAL CONTROL,FILL_LEVEL_CONTROL_REPLAY,761.67,-0.22,0.22,167.5674,0.3351348,2330.0,-0.7441999999999961,0.0,0,0.0,0.0,0.6,0.00014535728821441616,0.0001348062481499735,0.009298701298700224,1.2510429597005475,946.0000166666666
2026-05-10T14:14:59.999000+00:00,-606.0,D2-2a53b8b913c713d1,MUUSDT,US_STOCK:2026-05-08T20:00:00+00:00:2026-05-11T08:00:00+00:00,31111-NEUTRAL CONTROL,FILL_LEVEL_CONTROL_REPLAY,761.7,-0.22,0.22,167.574,0.335148,2331.0,-0.7508000000000151,0.0,0,0.0,0.0,0.6,0.0001622310996080107,0.00013209291696647716,0.013337662337661723,1.2459476271962053,945.0000166666666
2026-05-10T14:15:59.999000+00:00,-605.0,D2-2a53b8b913c713d1,MUUSDT,US_STOCK:2026-05-08T20:00:00+00:00:2026-05-11T08:00:00+00:00,31111-NEUTRAL CONTROL,FILL_LEVEL_CONTROL_REPLAY,761.6,-0.22,0.22,167.552,0.33510399999999996,2332.0,-0.7288000000000102,0.0,0,0.0,0.0,0.6666666666666666,0.0001453706482593101,0.00013505434366196177,0.014701298701297733,1.262932068877301,944.0000166666666
2026-05-10T14:16:59.999000+00:00,-604.0,D2-2a53b8b913c713d1,MUUSDT,US_STOCK:2026-05-08T20:00:00+00:00:2026-05-11T08:00:00+00:00,31111-NEUTRAL CONTROL,FILL_LEVEL_CONTROL_REPLAY,761.5,-0.22,0.22,167.53,0.33506,2333.0,-0.7068000000000051,0.0,0,0.0,0.0,0.6,0.0001491417315448862,0.00012732375863235769,0.014116883116881942,1.2799165105583965,943.0000166666666
2026-05-10T14:17:59.999000+00:00,-603.0,D2-2a53b8b913c713d1,MUUSDT,US_STOCK:2026-05-08T20:00:00+00:00:2026-05-11T08:00:00+00:00,31111-NEUTRAL CONTROL,FILL_LEVEL_CONTROL_REPLAY,761.53,-0.22,0.22,167.5366,0.33507319999999996,2334.0,-0.7133999999999991,0.0,0,0.0,0.0,0.6,0.00014257012668105956,0.0001274302910279649,0.011350649350648329,1.2748211780540735,942.0000166666666
2026-05-10T14:18:59.999000+00:00,-602.0,D2-2a53b8b913c713d1,MUUSDT,US_STOCK:2026-05-08T20:00:00+00:00:2026-05-11T08:00:00+00:00,31111-NEUTRAL CONTROL,FILL_LEVEL_CONTROL_REPLAY,761.43,-0.22,0.22,167.5146,0.3350292,2335.0,-0.6913999999999941,0.0,0,0.0,0.0,0.6,0.00016041245701226855,0.00013103323904347747,0.007298701298699976,1.291805619735169,941.0000166666666
2026-05-10T14:19:59.999000+00:00,-601.0,D2-2a53b8b913c713d1,MUUSDT,US_STOCK:2026-05-08T20:00:00+00:00:2026-05-11T08:00:00+00:00,31111-NEUTRAL CONTROL,FILL_LEVEL_CONTROL_REPLAY,761.32,-0.22,0.22,167.49040000000002,0.3349808,2336.0,-0.6672000000000161,0.0,0,0.0,0.0,0.5625,0.00017826181594371334,0.00013515000593373422,0.001415584415584457,1.310488505584353,940.0000166666666
2026-05-10T14:20:59.999000+00:00,-600.0,D2-2a53b8b913c713d1,MUUSDT,US_STOCK:2026-05-08T20:00:00+00:00:2026-05-11T08:00:00+00:00,31111-NEUTRAL CONTROL,FILL_LEVEL_CONTROL_REPLAY,761.35,-0.22,0.22,167.497,0.334994,2337.0,-0.6738000000000102,0.0,0,0.0,0.0,0.5882352941176471,0.0001754402424264959,0.00013542246803563356,-0.004077922077921027,1.3053931730800301,939.0000166666666
2026-05-10T14:21:59.999000+00:00,-599.0,D2-2a53b8b913c713d1,MUUSDT,US_STOCK:2026-05-08T20:00:00+00:00:2026-05-11T08:00:00+00:00,31111-NEUTRAL CONTROL,FILL_LEVEL_CONTROL_REPLAY,761.61,-0.22,0.22,167.5542,0.33510840000000003,2338.0,-0.7310000000000081,0.0,0,0.0,0.0,0.5294117647058824,0.00020351623534353402,0.00011912702063026717,-0.006233766233764255,1.2612336247091933,938.0000166666666
2026-05-10T14:22:59.999000+00:00,-598.0,D2-2a53b8b913c713d1,MUUSDT,US_STOCK:2026-05-08T20:00:00+00:00:2026-05-11T08:00:00+00:00,31111-NEUTRAL CONTROL,FILL_LEVEL_CONTROL_REPLAY,761.55,-0.22,0.22,167.541,0.335082,2339.0,-0.7177999999999951,0.0,0,0.0,0.0,0.5294117647058824,0.00021009782680059423,0.00011605781266449779,-0.004688311688310673,1.2714242897178583,937.0000166666666
2026-05-10T14:23:59.999000+00:00,-597.0,D2-2a53b8b913c713d1,MUUSDT,US_STOCK:2026-05-08T20:00:00+00:00:2026-05-11T08:00:00+00:00,31111-NEUTRAL CONTROL,FILL_LEVEL_CONTROL_REPLAY,761.79,-0.22,0.22,167.5938,0.3351876,2340.0,-0.7705999999999972,0.0,0,0.0,0.0,0.5882352941176471,0.00024378672037474793,0.00013490156035383228,-0.0014545454545454605,1.2306616296832367,936.0000166666666
2026-05-10T14:24:59.999000+00:00,-596.0,D2-2a53b8b913c713d1,MUUSDT,US_STOCK:2026-05-08T20:00:00+00:00:2026-05-11T08:00:00+00:00,31111-NEUTRAL CONTROL,FILL_LEVEL_CONTROL_REPLAY,761.79,-0.22,0.22,167.5938,0.3351876,2341.0,-0.7705999999999972,0.0,0,0.0,0.0,0.5882352941176471,0.0002494125677680171,0.00013490156035383228,0.001610389610388441,1.2306616296832367,935.0000166666666
2026-05-10T14:25:59.999000+00:00,-595.0,D2-2a53b8b913c713d1,MUUSDT,US_STOCK:2026-05-08T20:00:00+00:00:2026-05-11T08:00:00+00:00,31111-NEUTRAL CONTROL,FILL_LEVEL_CONTROL_REPLAY,761.86,-0.22,0.22,167.60920000000002,0.3352184,2342.0,-0.7860000000000081,0.0,0,0.0,0.0,0.5882352941176471,0.00024845209656067084,0.0001358558838941088,0.005285714285712579,1.2187725205064641,934.0000166666666
2026-05-10T14:26:59.999000+00:00,-594.0,D2-2a53b8b913c713d1,MUUSDT,US_STOCK:2026-05-08T20:00:00+00:00:2026-05-11T08:00:00+00:00,31111-NEUTRAL CONTROL,FILL_LEVEL_CONTROL_REPLAY,761.88,-0.22,0.22,167.6136,0.3352272,2343.0,-0.7904000000000042,0.0,0,0.0,0.0,0.5294117647058824,0.00023344508696532723,0.00013585585469711735,0.009259740259738925,1.215375632170249,933.0000166666666
2026-05-10T14:27:59.999000+00:00,-593.0,D2-2a53b8b913c713d1,MUUSDT,US_STOCK:2026-05-08T20:00:00+00:00:2026-05-11T08:00:00+00:00,31111-NEUTRAL CONTROL,FILL_LEVEL_CONTROL_REPLAY,761.6,-0.22,0.22,167.552,0.33510399999999996,2344.0,-0.7288000000000102,0.0,0,0.0,0.0,0.5294117647058824,0.0002785489195678297,0.00015632722705806739,0.009506493506492686,1.262932068877301,932.0000166666666
2026-05-10T14:28:59.999000+00:00,-592.0,D2-2a53b8b913c713d1,MUUSDT,US_STOCK:2026-05-08T20:00:00+00:00:2026-05-11T08:00:00+00:00,31111-NEUTRAL CONTROL,FILL_LEVEL_CONTROL_REPLAY,761.94,-0.22,0.22,167.6268,0.3352536,2345.0,-0.8036000000000172,0.0,0,0.0,0.0,0.5294117647058824,0.00031967271513693254,0.00018257985300430837,0.01261038961038951,1.2051849671615837,931.0000166666666
2026-05-10T14:29:59.999000+00:00,-591.0,D2-2a53b8b913c713d1,MUUSDT,US_STOCK:2026-05-08T20:00:00+00:00:2026-05-11T08:00:00+00:00,31111-NEUTRAL CONTROL,FILL_LEVEL_CONTROL_REPLAY,762.05,-0.22,0.22,167.65099999999998,0.335302,2346.0,-0.8277999999999952,0.0,0,0.0,0.0,0.47058823529411764,0.0003383729976473248,0.00018188046295526824,0.01771428571428555,1.1865020813123999,930.0000166666666
2026-05-10T14:30:59.999000+00:00,-590.0,D2-2a53b8b913c713d1,MUUSDT,US_STOCK:2026-05-08T20:00:00+00:00:2026-05-11T08:00:00+00:00,31111-NEUTRAL CONTROL,FILL_LEVEL_CONTROL_REPLAY,761.35,-0.22,0.22,167.497,0.334994,2347.0,-0.6738000000000102,0.0,0,0.0,0.0,0.5,0.000387469626321665,0.00027654596455323183,0.011974025974026158,1.3053931730800301,929.0000166666666
2026-05-10T14:31:59.999000+00:00,-589.0,D2-2a53b8b913c713d1,MUUSDT,US_STOCK:2026-05-08T20:00:00+00:00:2026-05-11T08:00:00+00:00,31111-NEUTRAL CONTROL,FILL_LEVEL_CONTROL_REPLAY,761.66,-0.22,0.22,167.5652,0.3351304,2348.0,-0.7419999999999981,0.0,0,0.0,0.0,0.5555555555555556,0.00041638376328394943,0.0002894978462721121,0.010454545454545248,1.252741403868655,928.0000166666666
2026-05-10T14:32:59.999000+00:00,-588.0,D2-2a53b8b913c713d1,MUUSDT,US_STOCK:2026-05-08T20:00:00+00:00:2026-05-11T08:00:00+00:00,31111-NEUTRAL CONTROL,FILL_LEVEL_CONTROL_REPLAY,761.53,-0.22,0.22,167.5366,0.33507319999999996,2349.0,-0.7133999999999991,0.0,0,0.0,0.0,0.6111111111111112,0.00040707523012881196,0.00029180047013097326,0.00861038961038931,1.2748211780540735,927.0000166666666
2026-05-10T14:33:59.999000+00:00,-587.0,D2-2a53b8b913c713d1,MUUSDT,US_STOCK:2026-05-08T20:00:00+00:00:2026-05-11T08:00:00+00:00,31111-NEUTRAL CONTROL,FILL_LEVEL_CONTROL_REPLAY,761.49,-0.22,0.22,167.5278,0.3350556,2350.0,-0.7046000000000071,0.0,0,0.0,0.0,0.6111111111111112,0.0004005305388120748,0.00029175465959741106,0.00677922077922052,1.281614954726504,926.0000166666666
2026-05-10T14:34:59.999000+00:00,-586.0,D2-2a53b8b913c713d1,MUUSDT,US_STOCK:2026-05-08T20:00:00+00:00:2026-05-11T08:00:00+00:00,31111-NEUTRAL CONTROL,FILL_LEVEL_CONTROL_REPLAY,761.57,-0.22,0.22,167.5454,0.3350908,2351.0,-0.7222000000000162,0.0,0,0.0,0.0,0.6111111111111112,0.00041080549766555767,0.00029268004571738845,0.006610389610389504,1.2680274013816237,925.0000166666666
2026-05-10T14:35:59.999000+00:00,-585.0,D2-2a53b8b913c713d1,MUUSDT,US_STOCK:2026-05-08T20:00:00+00:00:2026-05-11T08:00:00+00:00,31111-NEUTRAL CONTROL,FILL_LEVEL_CONTROL_REPLAY,761.35,-0.22,0.22,167.497,0.334994,2352.0,-0.6738000000000102,0.0,0,0.0,0.0,0.6666666666666666,0.00039216054189458363,0.0002979536988964776,0.004142857142857952,1.3053931730800301,924.0000166666666
2026-05-10T14:36:59.999000+00:00,-584.0,D2-2a53b8b913c713d1,MUUSDT,US_STOCK:2026-05-08T20:00:00+00:00:2026-05-11T08:00:00+00:00,31111-NEUTRAL CONTROL,FILL_LEVEL_CONTROL_REPLAY,761.36,-0.22,0.22,167.4992,0.33499840000000003,2353.0,-0.6760000000000081,0.0,0,0.0,0.0,0.6666666666666666,0.0003743301460544404,0.00029682876774462765,0.0008311688311701422,1.3036947289119225,923.0000166666666
2026-05-10T14:37:59.999000+00:00,-583.0,D2-2a53b8b913c713d1,MUUSDT,US_STOCK:2026-05-08T20:00:00+00:00:2026-05-11T08:00:00+00:00,31111-NEUTRAL CONTROL,FILL_LEVEL_CONTROL_REPLAY,761.32,-0.22,0.22,167.49040000000002,0.3349808,2354.0,-0.6672000000000161,0.0,0,0.0,0.0,0.6666666666666666,0.0003386974502931012,0.00029675323870961416,-0.0041168831168811445,1.310488505584353,922.0000166666666
2026-05-10T14:38:59.999000+00:00,-582.0,D2-2a53b8b913c713d1,MUUSDT,US_STOCK:2026-05-08T20:00:00+00:00:2026-05-11T08:00:00+00:00,31111-NEUTRAL CONTROL,FILL_LEVEL_CONTROL_REPLAY,761.35,-0.22,0.22,167.497,0.334994,2355.0,-0.6738000000000102,0.0,0,0.0,0.0,0.7222222222222222,0.0003461895692801265,0.00029570213413433006,-0.008012987012985189,1.3053931730800301,921.0000166666666
2026-05-10T14:39:59.999000+00:00,-581.0,D2-2a53b8b913c713d1,MUUSDT,US_STOCK:2026-05-08T20:00:00+00:00:2026-05-11T08:00:00+00:00,31111-NEUTRAL CONTROL,FILL_LEVEL_CONTROL_REPLAY,761.37,-0.22,0.22,167.5014,0.3350028,2356.0,-0.6782000000000061,0.0,0,0.0,0.0,0.6666666666666666,0.00036306732788074606,0.0002940184045013402,-0.012844155844154792,1.301996284743815,920.0000166666666
2026-05-10T14:40:59.999000+00:00,-580.0,D2-2a53b8b913c713d1,MUUSDT,US_STOCK:2026-05-08T20:00:00+00:00:2026-05-11T08:00:00+00:00,31111-NEUTRAL CONTROL,FILL_LEVEL_CONTROL_REPLAY,761.32,-0.22,0.22,167.49040000000002,0.3349808,2357.0,-0.6672000000000161,0.0,0,0.0,0.0,0.7222222222222222,0.00037153515323008616,0.0002942654811912635,-0.01981818181817959,1.310488505584353,919.0000166666666
2026-05-10T14:41:59.999000+00:00,-579.0,D2-2a53b8b913c713d1,MUUSDT,US_STOCK:2026-05-08T20:00:00+00:00:2026-05-11T08:00:00+00:00,31111-NEUTRAL CONTROL,FILL_LEVEL_CONTROL_REPLAY,761.32,-0.22,0.22,167.49040000000002,0.3349808,2358.0,-0.6672000000000161,0.0,0,0.0,0.0,0.7058823529411765,0.000324624149034366,0.00028355554955127824,-0.026363636363633352,1.310488505584353,918.0000166666666
2026-05-10T14:42:59.999000+00:00,-578.0,D2-2a53b8b913c713d1,MUUSDT,US_STOCK:2026-05-08T20:00:00+00:00:2026-05-11T08:00:00+00:00,31111-NEUTRAL CONTROL,FILL_LEVEL_CONTROL_REPLAY,761.35,-0.22,0.22,167.497,0.334994,2359.0,-0.6738000000000102,0.0,0,0.0,0.0,0.7058823529411765,0.0002626912720824488,0.0002834796733481402,-0.028766233766230487,1.3053931730800301,917.0000166666666
2026-05-10T14:43:59.999000+00:00,-577.0,D2-2a53b8b913c713d1,MUUSDT,US_STOCK:2026-05-08T20:00:00+00:00:2026-05-11T08:00:00+00:00,31111-NEUTRAL CONTROL,FILL_LEVEL_CONTROL_REPLAY,761.37,-0.22,0.22,167.5014,0.3350028,2360.0,-0.6782000000000061,0.0,0,0.0,0.0,0.7058823529411765,0.00024485936066372447,0.0002735736001103413,-0.031428571428568974,1.301996284743815,916.0000166666666
2026-05-10T14:44:59.999000+00:00,-576.0,D2-2a53b8b913c713d1,MUUSDT,US_STOCK:2026-05-08T20:00:00+00:00:2026-05-11T08:00:00+00:00,31111-NEUTRAL CONTROL,FILL_LEVEL_CONTROL_REPLAY,761.43,-0.22,0.22,167.5146,0.3350292,2361.0,-0.6913999999999941,0.0,0,0.0,0.0,0.6666666666666666,0.0001791741478908589,0.00027450774967477463,-0.02964935064934967,1.291805619735169,915.0000166666666
2026-05-10T14:45:59.999000+00:00,-575.0,D2-2a53b8b913c713d1,MUUSDT,US_STOCK:2026-05-08T20:00:00+00:00:2026-05-11T08:00:00+00:00,31111-NEUTRAL CONTROL,FILL_LEVEL_CONTROL_REPLAY,761.43,-0.22,0.22,167.5146,0.3350292,2362.0,-0.6913999999999941,0.0,0,0.0,0.0,0.7058823529411765,0.00016322671064402828,0.00027330275382564324,-0.027402597402597876,1.291805619735169,914.0000166666666
2026-05-10T14:46:59.999000+00:00,-574.0,D2-2a53b8b913c713d1,MUUSDT,US_STOCK:2026-05-08T20:00:00+00:00:2026-05-11T08:00:00+00:00,31111-NEUTRAL CONTROL,FILL_LEVEL_CONTROL_REPLAY,761.32,-0.22,0.22,167.49040000000002,0.3349808,2363.0,-0.6672000000000161,0.0,0,0.0,0.0,0.7058823529411765,0.0001679413950206216,0.00027413377073801776,-0.02511688311688301,1.310488505584353,913.0000166666666
2026-05-10T14:47:59.999000+00:00,-573.0,D2-2a53b8b913c713d1,MUUSDT,US_STOCK:2026-05-08T20:00:00+00:00:2026-05-11T08:00:00+00:00,31111-NEUTRAL CONTROL,FILL_LEVEL_CONTROL_REPLAY,761.32,-0.22,0.22,167.49040000000002,0.3349808,2364.0,-0.6672000000000161,0.0,0,0.0,0.0,0.6875,0.00016231207451711897,0.00026345426741733745,-0.021844155844155465,1.310488505584353,912.0000166666666
2026-05-10T14:48:59.999000+00:00,-572.0,D2-2a53b8b913c713d1,MUUSDT,US_STOCK:2026-05-08T20:00:00+00:00:2026-05-11T08:00:00+00:00,31111-NEUTRAL CONTROL,FILL_LEVEL_CONTROL_REPLAY,761.34,-0.22,0.22,167.4948,0.3349896,2365.0,-0.6716000000000122,0.0,0,0.0,0.0,0.75,0.0001397911201677399,0.00024138221666398688,-0.021584415584414852,1.3070916172481377,911.0000166666666
2026-05-10T14:49:59.999000+00:00,-571.0,D2-2a53b8b913c713d1,MUUSDT,US_STOCK:2026-05-08T20:00:00+00:00:2026-05-11T08:00:00+00:00,31111-NEUTRAL CONTROL,FILL_LEVEL_CONTROL_REPLAY,761.34,-0.22,0.22,167.4948,0.3349896,2366.0,-0.6716000000000122,0.0,0,0.0,0.0,0.7333333333333333,0.0001285327749193241,0.00023791372888690008,-0.0161298701298686,1.3070916172481377,910.0000166666666
2026-05-10T14:50:59.999000+00:00,-570.0,D2-2a53b8b913c713d1,MUUSDT,US_STOCK:2026-05-08T20:00:00+00:00:2026-05-11T08:00:00+00:00,31111-NEUTRAL CONTROL,FILL_LEVEL_CONTROL_REPLAY,761.4,-0.22,0.22,167.508,0.33501600000000004,2367.0,-0.6848000000000002,0.0,0,0.0,0.0,0.6666666666666666,0.00013133701076954742,0.0001299349292204033,-0.007545454545454327,1.2969009522394919,909.0000166666666
2026-05-10T14:51:59.999000+00:00,-569.0,D2-2a53b8b913c713d1,MUUSDT,US_STOCK:2026-05-08T20:00:00+00:00:2026-05-11T08:00:00+00:00,31111-NEUTRAL CONTROL,FILL_LEVEL_CONTROL_REPLAY,761.35,-0.22,0.22,167.497,0.334994,2368.0,-0.6738000000000102,0.0,0,0.0,0.0,0.6666666666666666,0.0001360365516140523,9.168416946107616e-05,-0.008766233766233323,1.3053931730800301,908.0000166666666
2026-05-10T14:52:59.999000+00:00,-568.0,D2-2a53b8b913c713d1,MUUSDT,US_STOCK:2026-05-08T20:00:00+00:00:2026-05-11T08:00:00+00:00,31111-NEUTRAL CONTROL,FILL_LEVEL_CONTROL_REPLAY,761.32,-0.22,0.22,167.49040000000002,0.3349808,2369.0,-0.6672000000000161,0.0,0,0.0,0.0,0.6666666666666666,0.0001191539506570423,8.515340789582842e-05,-0.005948051948051706,1.310488505584353,907.0000166666666
2026-05-10T14:53:59.999000+00:00,-567.0,D2-2a53b8b913c713d1,MUUSDT,US_STOCK:2026-05-08T20:00:00+00:00:2026-05-11T08:00:00+00:00,31111-NEUTRAL CONTROL,FILL_LEVEL_CONTROL_REPLAY,761.32,-0.22,0.22,167.49040000000002,0.3349808,2370.0,-0.6672000000000161,0.0,0,0.0,0.0,0.6428571428571429,0.00010414242931440414,8.472703540176773e-05,-0.004545454545454545,1.310488505584353,906.0000166666666
2026-05-10T14:54:59.999000+00:00,-566.0,D2-2a53b8b913c713d1,MUUSDT,US_STOCK:2026-05-08T20:00:00+00:00:2026-05-11T08:00:00+00:00,31111-NEUTRAL CONTROL,FILL_LEVEL_CONTROL_REPLAY,761.36,-0.22,0.22,167.4992,0.33499840000000003,2371.0,-0.6760000000000081,0.0,0,0.0,0.0,0.6428571428571429,0.00010132244554847507,8.184950025339622e-05,-0.0029220779220782175,1.3036947289119225,905.0000166666666
2026-05-10T14:55:59.999000+00:00,-565.0,D2-2a53b8b913c713d1,MUUSDT,US_STOCK:2026-05-08T20:00:00+00:00:2026-05-11T08:00:00+00:00,31111-NEUTRAL CONTROL,FILL_LEVEL_CONTROL_REPLAY,761.38,-0.22,0.22,167.5036,0.3350072,2372.0,-0.6804000000000041,0.0,0,0.0,0.0,0.5714285714285714,0.00010601051474193217,5.241669227211705e-05,0.00027272727272702467,1.3002978405757073,904.0000166666666
2026-05-10T14:56:59.999000+00:00,-564.0,D2-2a53b8b913c713d1,MUUSDT,US_STOCK:2026-05-08T20:00:00+00:00:2026-05-11T08:00:00+00:00,31111-NEUTRAL CONTROL,FILL_LEVEL_CONTROL_REPLAY,760.83,-0.22,0.22,167.3826,0.3347652,2373.0,-0.5594000000000141,0.0,0,0.0,0.0,0.5714285714285714,0.0001483342439928403,0.0001662003843760419,-0.006571428571428501,1.3937122698217037,903.0000166666666
2026-05-10T14:57:59.999000+00:00,-563.0,D2-2a53b8b913c713d1,MUUSDT,US_STOCK:2026-05-08T20:00:00+00:00:2026-05-11T08:00:00+00:00,31111-NEUTRAL CONTROL,FILL_LEVEL_CONTROL_REPLAY,760.9,-0.22,0.22,167.398,0.334796,2374.0,-0.5748000000000001,0.0,0,0.0,0.0,0.5714285714285714,0.00014832059778825183,0.00016840021839501567,-0.011688311688312279,1.3818231606449503,902.0000166666666
2026-05-10T14:58:59.999000+00:00,-562.0,D2-2a53b8b913c713d1,MUUSDT,US_STOCK:2026-05-08T20:00:00+00:00:2026-05-11T08:00:00+00:00,31111-NEUTRAL CONTROL,FILL_LEVEL_CONTROL_REPLAY,760.99,-0.22,0.22,167.4178,0.3348356,2375.0,-0.5946000000000072,0.0,0,0.0,0.0,0.5714285714285714,0.00016144383350252692,0.00017082878672273257,-0.015610389610389882,1.3665371631319625,901.0000166666666
2026-05-10T14:59:59.999000+00:00,-561.0,D2-2a53b8b913c713d1,MUUSDT,US_STOCK:2026-05-08T20:00:00+00:00:2026-05-11T08:00:00+00:00,31111-NEUTRAL CONTROL,FILL_LEVEL_CONTROL_REPLAY,760.94,-0.22,0.22,167.4068,0.3348136,2376.0,-0.5836000000000172,0.0,0,0.0,0.0,0.5714285714285714,0.00016333181891563882,0.00017066140247454407,-0.019324675324675022,1.3750293839725005,900.0000166666666
2026-05-10T15:00:59.999000+00:00,-560.0,D2-2a53b8b913c713d1,MUUSDT,US_STOCK:2026-05-08T20:00:00+00:00:2026-05-11T08:00:00+00:00,31111-NEUTRAL CONTROL,FILL_LEVEL_CONTROL_REPLAY,761.08,-0.22,0.22,167.4376,0.3348752,2377.0,-0.6144000000000142,0.0,0,0.0,0.0,0.5714285714285714,0.0002092890554024215,0.00017649691578689022,-0.020402597402597006,1.3512511656189745,899.0000166666666
2026-05-10T15:01:59.999000+00:00,-559.0,D2-2a53b8b913c713d1,MUUSDT,US_STOCK:2026-05-08T20:00:00+00:00:2026-05-11T08:00:00+00:00,31111-NEUTRAL CONTROL,FILL_LEVEL_CONTROL_REPLAY,760.99,-0.22,0.22,167.4178,0.3348356,2378.0,-0.5946000000000072,0.0,0,0.0,0.0,0.6,0.0002384112424979781,0.00017784587526318085,-0.022987012987012306,1.3665371631319625,898.0000166666666
2026-05-10T15:02:59.999000+00:00,-558.0,D2-2a53b8b913c713d1,MUUSDT,US_STOCK:2026-05-08T20:00:00+00:00:2026-05-11T08:00:00+00:00,31111-NEUTRAL CONTROL,FILL_LEVEL_CONTROL_REPLAY,761.12,-0.22,0.22,167.4464,0.33489280000000005,2379.0,-0.6232000000000062,0.0,0,0.0,0.0,0.6666666666666666,0.0002665245202558132,0.00018235176985783008,-0.0234545454545445,1.344457388946544,897.0000166666666
2026-05-10T15:03:59.999000+00:00,-557.0,D2-2a53b8b913c713d1,MUUSDT,US_STOCK:2026-05-08T20:00:00+00:00:2026-05-11T08:00:00+00:00,31111-NEUTRAL CONTROL,FILL_LEVEL_CONTROL_REPLAY,761.27,-0.22,0.22,167.4794,0.3349588,2380.0,-0.6562000000000011,0.0,0,0.0,0.0,0.6666666666666666,0.00028242279348978267,0.00018800124358363588,-0.02128571428571368,1.3189807264249103,896.0000166666666
2026-05-10T15:04:59.999000+00:00,-556.0,D2-2a53b8b913c713d1,MUUSDT,US_STOCK:2026-05-08T20:00:00+00:00:2026-05-11T08:00:00+00:00,31111-NEUTRAL CONTROL,FILL_LEVEL_CONTROL_REPLAY,761.12,-0.22,0.22,167.4464,0.33489280000000005,2381.0,-0.6232000000000062,0.0,0,0.0,0.0,0.6666666666666666,0.0002890477191506864,0.00019132244003060333,-0.020675324675324326,1.344457388946544,895.0000166666666
2026-05-10T15:05:59.999000+00:00,-555.0,D2-2a53b8b913c713d1,MUUSDT,US_STOCK:2026-05-08T20:00:00+00:00:2026-05-11T08:00:00+00:00,31111-NEUTRAL CONTROL,FILL_LEVEL_CONTROL_REPLAY,761.28,-0.22,0.22,167.4816,0.33496319999999996,2382.0,-0.6583999999999992,0.0,0,0.0,0.0,0.6875,0.00031244370383710766,0.0001978154992039185,-0.01680519480519591,1.3172822822568027,894.0000166666666
2026-05-10T15:06:59.999000+00:00,-554.0,D2-2a53b8b913c713d1,MUUSDT,US_STOCK:2026-05-08T20:00:00+00:00:2026-05-11T08:00:00+00:00,31111-NEUTRAL CONTROL,FILL_LEVEL_CONTROL_REPLAY,761.3,-0.22,0.22,167.486,0.334972,2383.0,-0.6627999999999951,0.0,0,0.0,0.0,0.625,0.0003490270402131291,0.0001954915652250123,-0.012480519480522303,1.3138853939205875,893.0000166666666
2026-05-10T15:07:59.999000+00:00,-553.0,D2-2a53b8b913c713d1,MUUSDT,US_STOCK:2026-05-08T20:00:00+00:00:2026-05-11T08:00:00+00:00,31111-NEUTRAL CONTROL,FILL_LEVEL_CONTROL_REPLAY,761.31,-0.22,0.22,167.48819999999998,0.33497639999999995,2384.0,-0.6649999999999932,0.0,0,0.0,0.0,0.5882352941176471,0.0003649724065848571,0.0001955168738487167,-0.009428571428574666,1.3121869497524798,892.0000166666666
2026-05-10T15:08:59.999000+00:00,-552.0,D2-2a53b8b913c713d1,MUUSDT,US_STOCK:2026-05-08T20:00:00+00:00:2026-05-11T08:00:00+00:00,31111-NEUTRAL CONTROL,FILL_LEVEL_CONTROL_REPLAY,761.11,-0.22,0.22,167.4442,0.3348884,2385.0,-0.6210000000000082,0.0,0,0.0,0.0,0.6470588235294118,0.0003800839750964863,0.00020350883712077047,-0.00896103896104159,1.3461558331146517,891.0000166666666
2026-05-10T15:09:59.999000+00:00,-551.0,D2-2a53b8b913c713d1,MUUSDT,US_STOCK:2026-05-08T20:00:00+00:00:2026-05-11T08:00:00+00:00,31111-NEUTRAL CONTROL,FILL_LEVEL_CONTROL_REPLAY,761.21,-0.22,0.22,167.46620000000001,0.3349324,2386.0,-0.6430000000000131,0.0,0,0.0,0.0,0.6666666666666666,0.0003894176001741353,0.00020599522822271153,-0.006636363636365573,1.3291713914335561,890.0000166666666
2026-05-10T15:10:59.999000+00:00,-550.0,D2-2a53b8b913c713d1,MUUSDT,US_STOCK:2026-05-08T20:00:00+00:00:2026-05-11T08:00:00+00:00,31111-NEUTRAL CONTROL,FILL_LEVEL_CONTROL_REPLAY,761.08,-0.22,0.22,167.4376,0.3348752,2387.0,-0.6144000000000142,0.0,0,0.0,0.0,0.6666666666666666,0.0003594516063638714,0.00020787853542609234,-0.005831168831170024,1.3512511656189745,889.0000166666666
2026-05-10T15:11:59.999000+00:00,-549.0,D2-2a53b8b913c713d1,MUUSDT,US_STOCK:2026-05-08T20:00:00+00:00:2026-05-11T08:00:00+00:00,31111-NEUTRAL CONTROL,FILL_LEVEL_CONTROL_REPLAY,761.06,-0.22,0.22,167.4332,0.3348664,2388.0,-0.6099999999999931,0.0,0,0.0,0.0,0.6666666666666666,0.00037823186457982904,0.00020763242067357404,-0.004090909090911571,1.354648053955209,888.0000166666666
2026-05-10T15:12:59.999000+00:00,-548.0,D2-2a53b8b913c713d1,MUUSDT,US_STOCK:2026-05-08T20:00:00+00:00:2026-05-11T08:00:00+00:00,31111-NEUTRAL CONTROL,FILL_LEVEL_CONTROL_REPLAY,760.56,-0.22,0.22,167.32319999999999,0.33464639999999996,2389.0,-0.4999999999999932,0.0,0,0.0,0.0,0.6111111111111112,0.0004047769312837,0.00024997213070970093,-0.009116883116886194,1.4395702623606674,887.0000166666666
2026-05-10T15:13:59.999000+00:00,-547.0,D2-2a53b8b913c713d1,MUUSDT,US_STOCK:2026-05-08T20:00:00+00:00:2026-05-11T08:00:00+00:00,31111-NEUTRAL CONTROL,FILL_LEVEL_CONTROL_REPLAY,760.38,-0.22,0.22,167.2836,0.3345672,2390.0,-0.46040000000000414,0.0,0,0.0,0.0,0.5789473684210527,0.00041708469073732185,0.0002529140364176219,-0.015883116883119417,1.470142257386624,886.0000166666666
2026-05-10T15:14:59.999000+00:00,-546.0,D2-2a53b8b913c713d1,MUUSDT,US_STOCK:2026-05-08T20:00:00+00:00:2026-05-11T08:00:00+00:00,31111-NEUTRAL CONTROL,FILL_LEVEL_CONTROL_REPLAY,760.37,-0.22,0.22,167.2814,0.3345628,2391.0,-0.45820000000000616,0.0,0,0.0,0.0,0.5789473684210527,0.00039642354567980995,0.0002518328224233767,-0.02155844155844336,1.4718407015547317,885.0000166666666
2026-05-10T15:15:59.999000+00:00,-545.0,D2-2a53b8b913c713d1,MUUSDT,US_STOCK:2026-05-08T20:00:00+00:00:2026-05-11T08:00:00+00:00,31111-NEUTRAL CONTROL,FILL_LEVEL_CONTROL_REPLAY,760.2,-0.22,0.22,167.244,0.334488,2392.0,-0.42080000000001516,0.0,0,0.0,0.0,0.5263157894736842,0.000379599353553562,0.000253187540526197,-0.027636363636364635,1.5007142524125805,884.0000166666666
2026-05-10T15:16:59.999000+00:00,-544.0,D2-2a53b8b913c713d1,MUUSDT,US_STOCK:2026-05-08T20:00:00+00:00:2026-05-11T08:00:00+00:00,31111-NEUTRAL CONTROL,FILL_LEVEL_CONTROL_REPLAY,760.16,-0.22,0.22,167.2352,0.3344704,2393.0,-0.4119999999999982,0.0,0,0.0,0.0,0.47368421052631576,0.0003852572390774789,0.00020547869701828848,-0.032441558441559944,1.5075080290850302,883.0000166666666
2026-05-10T15:17:59.999000+00:00,-543.0,D2-2a53b8b913c713d1,MUUSDT,US_STOCK:2026-05-08T20:00:00+00:00:2026-05-11T08:00:00+00:00,31111-NEUTRAL CONTROL,FILL_LEVEL_CONTROL_REPLAY,760.28,-0.22,0.22,167.2616,0.33452319999999997,2394.0,-0.4383999999999992,0.0,0,0.0,0.0,0.5263157894736842,0.00037768040346036687,0.00020814268172868866,-0.04196103896104022,1.4871266990677194,882.0000166666666
2026-05-10T15:18:59.999000+00:00,-542.0,D2-2a53b8b913c713d1,MUUSDT,US_STOCK:2026-05-08T20:00:00+00:00:2026-05-11T08:00:00+00:00,31111-NEUTRAL CONTROL,FILL_LEVEL_CONTROL_REPLAY,760.19,-0.22,0.22,167.2418,0.33448360000000005,2395.0,-0.41860000000001707,0.0,0,0.0,0.0,0.5263157894736842,0.0003871212647965725,0.00020547618646201432,-0.05093506493506571,1.502412696580688,881.0000166666666
2026-05-10T15:19:59.999000+00:00,-541.0,D2-2a53b8b913c713d1,MUUSDT,US_STOCK:2026-05-08T20:00:00+00:00:2026-05-11T08:00:00+00:00,31111-NEUTRAL CONTROL,FILL_LEVEL_CONTROL_REPLAY,760.33,-0.22,0.22,167.2726,0.33454520000000004,2396.0,-0.4494000000000141,0.0,0,0.0,0.0,0.5263157894736842,0.0003785950085583114,0.00021179676599823437,-0.05588311688311699,1.478634478227162,880.0000166666666
2026-05-10T15:20:59.999000+00:00,-540.0,D2-2a53b8b913c713d1,MUUSDT,US_STOCK:2026-05-08T20:00:00+00:00:2026-05-11T08:00:00+00:00,31111-NEUTRAL CONTROL,FILL_LEVEL_CONTROL_REPLAY,760.29,-0.22,0.22,167.2638,0.3345276,2397.0,-0.4405999999999971,0.0,0,0.0,0.0,0.5263157894736842,0.0003701595068047394,0.00020546457316357496,-0.06120779220779205,1.4854282548996118,879.0000166666666
2026-05-10T15:21:59.999000+00:00,-539.0,D2-2a53b8b913c713d1,MUUSDT,US_STOCK:2026-05-08T20:00:00+00:00:2026-05-11T08:00:00+00:00,31111-NEUTRAL CONTROL,FILL_LEVEL_CONTROL_REPLAY,760.14,-0.22,0.22,167.2308,0.33446159999999997,2398.0,-0.4076000000000022,0.0,0,0.0,0.0,0.47368421052631576,0.0003636548154663243,0.00020745327094534005,-0.065636363636363,1.5109049174212457,878.0000166666666
2026-05-10T15:22:59.999000+00:00,-538.0,D2-2a53b8b913c713d1,MUUSDT,US_STOCK:2026-05-08T20:00:00+00:00:2026-05-11T08:00:00+00:00,31111-NEUTRAL CONTROL,FILL_LEVEL_CONTROL_REPLAY,760.23,-0.22,0.22,167.2506,0.3345012,2399.0,-0.42740000000000916,0.0,0,0.0,0.0,0.5263157894736842,0.00036173263354512416,0.00020488752982813718,-0.06896103896103781,1.4956189199082577,877.0000166666666
2026-05-10T15:23:59.999000+00:00,-537.0,D2-2a53b8b913c713d1,MUUSDT,US_STOCK:2026-05-08T20:00:00+00:00:2026-05-11T08:00:00+00:00,31111-NEUTRAL CONTROL,FILL_LEVEL_CONTROL_REPLAY,760.19,-0.22,0.22,167.2418,0.33448360000000005,2400.0,-0.41860000000001707,0.0,0,0.0,0.0,0.5263157894736842,0.0003476574465406247,0.00019636524217484636,-0.0699610389610369,1.502412696580688,876.0000166666666
2026-05-10T15:24:59.999000+00:00,-536.0,D2-2a53b8b913c713d1,MUUSDT,US_STOCK:2026-05-08T20:00:00+00:00:2026-05-11T08:00:00+00:00,31111-NEUTRAL CONTROL,FILL_LEVEL_CONTROL_REPLAY,760.08,-0.22,0.22,167.2176,0.3344352,2401.0,-0.3944000000000142,0.0,0,0.0,0.0,0.47368421052631576,0.00034488850797661076,0.00019501169335023625,-0.06903896103895864,1.5210955824298913,875.0000166666666
2026-05-10T15:25:59.999000+00:00,-535.0,D2-2a53b8b913c713d1,MUUSDT,US_STOCK:2026-05-08T20:00:00+00:00:2026-05-11T08:00:00+00:00,31111-NEUTRAL CONTROL,FILL_LEVEL_CONTROL_REPLAY,760.02,-0.22,0.22,167.2044,0.3344088,2402.0,-0.3812000000000012,0.0,0,0.0,0.0,0.47368421052631576,0.0003439759104083804,0.0001842452103960878,-0.06949350649350426,1.5312862474385565,874.0000166666666
2026-05-10T15:26:59.999000+00:00,-534.0,D2-2a53b8b913c713d1,MUUSDT,US_STOCK:2026-05-08T20:00:00+00:00:2026-05-11T08:00:00+00:00,31111-NEUTRAL CONTROL,FILL_LEVEL_CONTROL_REPLAY,760.1,-0.22,0.22,167.222,0.334444,2403.0,-0.39880000000001015,0.0,0,0.0,0.0,0.5263157894736842,0.0003129287499765107,0.00018736123561078887,-0.06519480519480304,1.517698694093676,873.0000166666666
2026-05-10T15:27:59.999000+00:00,-533.0,D2-2a53b8b913c713d1,MUUSDT,US_STOCK:2026-05-08T20:00:00+00:00:2026-05-11T08:00:00+00:00,31111-NEUTRAL CONTROL,FILL_LEVEL_CONTROL_REPLAY,760.33,-0.22,0.22,167.2726,0.33454520000000004,2404.0,-0.4494000000000141,0.0,0,0.0,0.0,0.47368421052631576,0.00031283408895761813,0.00020432012393506644,-0.056090909090907096,1.478634478227162,872.0000166666666
2026-05-10T15:28:59.999000+00:00,-532.0,D2-2a53b8b913c713d1,MUUSDT,US_STOCK:2026-05-08T20:00:00+00:00:2026-05-11T08:00:00+00:00,31111-NEUTRAL CONTROL,FILL_LEVEL_CONTROL_REPLAY,760.02,-0.22,0.22,167.2044,0.3344088,2405.0,-0.3812000000000012,0.0,0,0.0,0.0,0.47368421052631576,0.00030638291473533637,0.00021359194817349383,-0.049610389610388786,1.5312862474385565,871.0000166666666
2026-05-10T15:29:59.999000+00:00,-531.0,D2-2a53b8b913c713d1,MUUSDT,US_STOCK:2026-05-08T20:00:00+00:00:2026-05-11T08:00:00+00:00,31111-NEUTRAL CONTROL,FILL_LEVEL_CONTROL_REPLAY,760.02,-0.22,0.22,167.2044,0.3344088,2406.0,-0.3812000000000012,0.0,0,0.0,0.0,0.4444444444444444,0.00029604484092525806,0.00020922257482722232,-0.044311688311687726,1.5312862474385565,870.0000166666666
2026-05-10T15:30:59.999000+00:00,-530.0,D2-2a53b8b913c713d1,MUUSDT,US_STOCK:2026-05-08T20:00:00+00:00:2026-05-11T08:00:00+00:00,31111-NEUTRAL CONTROL,FILL_LEVEL_CONTROL_REPLAY,760.19,-0.22,0.22,167.2418,0.33448360000000005,2407.0,-0.41860000000001707,0.0,0,0.0,0.0,0.5,0.00028188441611403796,0.0002179750130554467,-0.033961038961037304,1.502412696580688,869.0000166666666
2026-05-10T15:31:59.999000+00:00,-529.0,D2-2a53b8b913c713d1,MUUSDT,US_STOCK:2026-05-08T20:00:00+00:00:2026-05-11T08:00:00+00:00,31111-NEUTRAL CONTROL,FILL_LEVEL_CONTROL_REPLAY,760.03,-0.22,0.22,167.2066,0.3344132,2408.0,-0.3833999999999992,0.0,0,0.0,0.0,0.5555555555555556,0.00028382338291160715,0.00022029883200506953,-0.02622077922077752,1.5295878032704489,868.0000166666666
2026-05-10T15:32:59.999000+00:00,-528.0,D2-2a53b8b913c713d1,MUUSDT,US_STOCK:2026-05-08T20:00:00+00:00:2026-05-11T08:00:00+00:00,31111-NEUTRAL CONTROL,FILL_LEVEL_CONTROL_REPLAY,759.64,-0.22,0.22,167.1208,0.3342416,2409.0,-0.2976000000000021,0.0,0,0.0,0.0,0.5555555555555556,0.0003375659146814148,0.0002025782798153809,-0.022467532467531817,1.595827125826704,867.0000166666666
2026-05-10T15:33:59.999000+00:00,-527.0,D2-2a53b8b913c713d1,MUUSDT,US_STOCK:2026-05-08T20:00:00+00:00:2026-05-11T08:00:00+00:00,31111-NEUTRAL CONTROL,FILL_LEVEL_CONTROL_REPLAY,759.35,-0.22,0.22,167.05700000000002,0.334114,2410.0,-0.23380000000001017,0.0,0,0.0,0.0,0.5555555555555556,0.00035462660734275516,0.00021117297932385118,-0.02777922077922076,1.6450820067018637,866.0000166666666
2026-05-10T15:34:59.999000+00:00,-526.0,D2-2a53b8b913c713d1,MUUSDT,US_STOCK:2026-05-08T20:00:00+00:00:2026-05-11T08:00:00+00:00,31111-NEUTRAL CONTROL,FILL_LEVEL_CONTROL_REPLAY,759.18,-0.22,0.22,167.0196,0.3340392,2411.0,-0.19639999999999413,0.0,0,0.0,0.0,0.5555555555555556,0.00035000169355659503,0.00021343081565742815,-0.036298701298702246,1.6739555575597318,865.0000166666666
2026-05-10T15:35:59.999000+00:00,-525.0,D2-2a53b8b913c713d1,MUUSDT,US_STOCK:2026-05-08T20:00:00+00:00:2026-05-11T08:00:00+00:00,31111-NEUTRAL CONTROL,FILL_LEVEL_CONTROL_REPLAY,759.1,-0.22,0.22,167.002,0.334004,2412.0,-0.17880000000001017,0.0,0,0.0,0.0,0.5555555555555556,0.0003434518320567782,0.00021094795898639752,-0.04444155844155921,1.6875431109045929,864.0000166666666
2026-05-10T15:36:59.999000+00:00,-524.0,D2-2a53b8b913c713d1,MUUSDT,US_STOCK:2026-05-08T20:00:00+00:00:2026-05-11T08:00:00+00:00,31111-NEUTRAL CONTROL,FILL_LEVEL_CONTROL_REPLAY,759.35,-0.22,0.22,167.05700000000002,0.334114,2413.0,-0.23380000000001017,0.0,0,0.0,0.0,0.5555555555555556,0.0003480420284265828,0.00022843711152297554,-0.05011688311688316,1.6450820067018637,863.0000166666666
2026-05-10T15:37:59.999000+00:00,-523.0,D2-2a53b8b913c713d1,MUUSDT,US_STOCK:2026-05-08T20:00:00+00:00:2026-05-11T08:00:00+00:00,31111-NEUTRAL CONTROL,FILL_LEVEL_CONTROL_REPLAY,759.46,-0.22,0.22,167.0812,0.33416239999999997,2414.0,-0.25800000000001316,0.0,0,0.0,0.0,0.5,0.00037996922625476283,0.00022785311789205818,-0.053831168831169035,1.6263991208526605,862.0000166666666
2026-05-10T15:38:59.999000+00:00,-522.0,D2-2a53b8b913c713d1,MUUSDT,US_STOCK:2026-05-08T20:00:00+00:00:2026-05-11T08:00:00+00:00,31111-NEUTRAL CONTROL,FILL_LEVEL_CONTROL_REPLAY,759.32,-0.22,0.22,167.05040000000002,0.33410080000000003,2415.0,-0.22720000000001617,0.0,0,0.0,0.0,0.5,0.0003866241223350335,0.0002292353702385778,-0.05674025974025996,1.6501773392061865,861.0000166666666
2026-05-10T15:39:59.999000+00:00,-521.0,D2-2a53b8b913c713d1,MUUSDT,US_STOCK:2026-05-08T20:00:00+00:00:2026-05-11T08:00:00+00:00,31111-NEUTRAL CONTROL,FILL_LEVEL_CONTROL_REPLAY,759.2,-0.22,0.22,167.024,0.334048,2416.0,-0.2008000000000152,0.0,0,0.0,0.0,0.4444444444444444,0.00037163179286468453,0.0002232727482346272,-0.06124675324675247,1.6705586692234973,860.0000166666666
2026-05-10T15:40:59.999000+00:00,-520.0,D2-2a53b8b913c713d1,MUUSDT,US_STOCK:2026-05-08T20:00:00+00:00:2026-05-11T08:00:00+00:00,31111-NEUTRAL CONTROL,FILL_LEVEL_CONTROL_REPLAY,759.26,-0.22,0.22,167.0372,0.33407440000000005,2417.0,-0.21400000000000313,0.0,0,0.0,0.0,0.5,0.0003885362063061505,0.00022574294655173488,-0.0616883116883108,1.6603680042148516,859.0000166666666
2026-05-10T15:41:59.999000+00:00,-519.0,D2-2a53b8b913c713d1,MUUSDT,US_STOCK:2026-05-08T20:00:00+00:00:2026-05-11T08:00:00+00:00,31111-NEUTRAL CONTROL,FILL_LEVEL_CONTROL_REPLAY,759.33,-0.22,0.22,167.0526,0.33410520000000005,2418.0,-0.22940000000001415,0.0,0,0.0,0.0,0.4444444444444444,0.0004505851963479155,0.0002262533465190887,-0.0604025974025968,1.6484788950380789,858.0000166666666
2026-05-10T15:42:59.999000+00:00,-518.0,D2-2a53b8b913c713d1,MUUSDT,US_STOCK:2026-05-08T20:00:00+00:00:2026-05-11T08:00:00+00:00,31111-NEUTRAL CONTROL,FILL_LEVEL_CONTROL_REPLAY,759.38,-0.22,0.22,167.0636,0.3341272,2419.0,-0.2404000000000041,0.0,0,0.0,0.0,0.3888888888888889,0.0004618429320159649,0.00022454297434253387,-0.05936363636363641,1.6399866741975409,857.0000166666666
2026-05-10T15:43:59.999000+00:00,-517.0,D2-2a53b8b913c713d1,MUUSDT,US_STOCK:2026-05-08T20:00:00+00:00:2026-05-11T08:00:00+00:00,31111-NEUTRAL CONTROL,FILL_LEVEL_CONTROL_REPLAY,759.34,-0.22,0.22,167.0548,0.3341096,2420.0,-0.23160000000001219,0.0,0,0.0,0.0,0.4444444444444444,0.00047785859148357474,0.000224542931524278,-0.056571428571428356,1.6467804508699713,856.0000166666666
2026-05-10T15:44:59.999000+00:00,-516.0,D2-2a53b8b913c713d1,MUUSDT,US_STOCK:2026-05-08T20:00:00+00:00:2026-05-11T08:00:00+00:00,31111-NEUTRAL CONTROL,FILL_LEVEL_CONTROL_REPLAY,759.23,-0.22,0.22,167.0306,0.3340612,2421.0,-0.2074000000000092,0.0,0,0.0,0.0,0.4444444444444444,0.0004694606001192839,0.00022454613673407944,-0.05462337662337582,1.6654633367191745,855.0000166666666
2026-05-10T15:45:59.999000+00:00,-515.0,D2-2a53b8b913c713d1,MUUSDT,US_STOCK:2026-05-08T20:00:00+00:00:2026-05-11T08:00:00+00:00,31111-NEUTRAL CONTROL,FILL_LEVEL_CONTROL_REPLAY,759.18,-0.22,0.22,167.0196,0.3340392,2422.0,-0.19639999999999413,0.0,0,0.0,0.0,0.3888888888888889,0.00047890016672121847,0.0002244971753569155,-0.05364935064935028,1.6739555575597318,854.0000166666666
2026-05-10T15:46:59.999000+00:00,-514.0,D2-2a53b8b913c713d1,MUUSDT,US_STOCK:2026-05-08T20:00:00+00:00:2026-05-11T08:00:00+00:00,31111-NEUTRAL CONTROL,FILL_LEVEL_CONTROL_REPLAY,759.14,-0.22,0.22,167.0108,0.3340216,2423.0,-0.18760000000000215,0.0,0,0.0,0.0,0.3888888888888889,0.00043093876905820244,0.0002214689948024174,-0.05288311688311721,1.6807493342321624,853.0000166666666
2026-05-10T15:47:59.999000+00:00,-513.0,D2-2a53b8b913c713d1,MUUSDT,US_STOCK:2026-05-08T20:00:00+00:00:2026-05-11T08:00:00+00:00,31111-NEUTRAL CONTROL,FILL_LEVEL_CONTROL_REPLAY,759.28,-0.22,0.22,167.0416,0.33408319999999997,2424.0,-0.21839999999999915,0.0,0,0.0,0.0,0.3888888888888889,0.0004082815298703851,0.00021304840824910222,-0.04801298701298764,1.6569711158786364,852.0000166666666
2026-05-10T15:48:59.999000+00:00,-512.0,D2-2a53b8b913c713d1,MUUSDT,US_STOCK:2026-05-08T20:00:00+00:00:2026-05-11T08:00:00+00:00,31111-NEUTRAL CONTROL,FILL_LEVEL_CONTROL_REPLAY,759.13,-0.22,0.22,167.0086,0.3340172,2425.0,-0.18540000000000417,0.0,0,0.0,0.0,0.3888888888888889,0.0004055394238893613,0.0002009242433436158,-0.04074025974026004,1.68244777840027,851.0000166666666
2026-05-10T15:49:59.999000+00:00,-511.0,D2-2a53b8b913c713d1,MUUSDT,US_STOCK:2026-05-08T20:00:00+00:00:2026-05-11T08:00:00+00:00,31111-NEUTRAL CONTROL,FILL_LEVEL_CONTROL_REPLAY,759.2,-0.22,0.22,167.024,0.334048,2426.0,-0.2008000000000152,0.0,0,0.0,0.0,0.42105263157894735,0.0004064428721962801,0.00020325957554664722,-0.03542857142857154,1.6705586692234973,850.0000166666666
2026-05-10T15:50:59.999000+00:00,-510.0,D2-2a53b8b913c713d1,MUUSDT,US_STOCK:2026-05-08T20:00:00+00:00:2026-05-11T08:00:00+00:00,31111-NEUTRAL CONTROL,FILL_LEVEL_CONTROL_REPLAY,759.19,-0.22,0.22,167.0218,0.33404360000000005,2427.0,-0.19860000000001715,0.0,0,0.0,0.0,0.42105263157894735,0.0004008031115869511,0.00019339960977333333,-0.02918181818181807,1.6722571133916049,849.0000166666666
2026-05-10T15:51:59.999000+00:00,-509.0,D2-2a53b8b913c713d1,MUUSDT,US_STOCK:2026-05-08T20:00:00+00:00:2026-05-11T08:00:00+00:00,31111-NEUTRAL CONTROL,FILL_LEVEL_CONTROL_REPLAY,759.3,-0.22,0.22,167.046,0.334092,2428.0,-0.22279999999999517,0.0,0,0.0,0.0,0.47368421052631576,0.00038851573817988075,0.00019560305114727354,-0.018000000000000016,1.653574227542421,848.0000166666666
2026-05-10T15:52:59.999000+00:00,-508.0,D2-2a53b8b913c713d1,MUUSDT,US_STOCK:2026-05-08T20:00:00+00:00:2026-05-11T08:00:00+00:00,31111-NEUTRAL CONTROL,FILL_LEVEL_CONTROL_REPLAY,759.32,-0.22,0.22,167.05040000000002,0.33410080000000003,2429.0,-0.22720000000001617,0.0,0,0.0,0.0,0.47368421052631576,0.00036686960513540904,0.00016429577648081672,-0.007688311688311635,1.6501773392061865,847.0000166666666
2026-05-10T15:53:59.999000+00:00,-507.0,D2-2a53b8b913c713d1,MUUSDT,US_STOCK:2026-05-08T20:00:00+00:00:2026-05-11T08:00:00+00:00,31111-NEUTRAL CONTROL,FILL_LEVEL_CONTROL_REPLAY,759.25,-0.22,0.22,167.035,0.33407,2430.0,-0.21180000000000515,0.0,0,0.0,0.0,0.5263157894736842,0.0003913636577449414,0.00014328649713627297,-0.002935064935065366,1.6620664483829592,846.0000166666666
2026-05-10T15:54:59.999000+00:00,-506.0,D2-2a53b8b913c713d1,MUUSDT,US_STOCK:2026-05-08T20:00:00+00:00:2026-05-11T08:00:00+00:00,31111-NEUTRAL CONTROL,FILL_LEVEL_CONTROL_REPLAY,759.35,-0.22,0.22,167.05700000000002,0.334114,2431.0,-0.23380000000001017,0.0,0,0.0,0.0,0.5789473684210527,0.00036967707343685263,0.00013714974408515738,-0.0005194805194806375,1.6450820067018637,845.0000166666666
2026-05-10T15:55:59.999000+00:00,-505.0,D2-2a53b8b913c713d1,MUUSDT,US_STOCK:2026-05-08T20:00:00+00:00:2026-05-11T08:00:00+00:00,31111-NEUTRAL CONTROL,FILL_LEVEL_CONTROL_REPLAY,759.32,-0.22,0.22,167.05040000000002,0.33410080000000003,2432.0,-0.22720000000001617,0.0,0,0.0,0.0,0.5789473684210527,0.00028032600597525145,0.00013508600942281634,-0.0009220779220784123,1.6501773392061865,844.0000166666666
2026-05-10T15:56:59.999000+00:00,-504.0,D2-2a53b8b913c713d1,MUUSDT,US_STOCK:2026-05-08T20:00:00+00:00:2026-05-11T08:00:00+00:00,31111-NEUTRAL CONTROL,FILL_LEVEL_CONTROL_REPLAY,759.38,-0.22,0.22,167.0636,0.3341272,2433.0,-0.2404000000000041,0.0,0,0.0,0.0,0.631578947368421,0.00030099743023442226,0.00011551419962746417,-0.0018701298701305315,1.6399866741975409,843.0000166666666
2026-05-10T15:57:59.999000+00:00,-503.0,D2-2a53b8b913c713d1,MUUSDT,US_STOCK:2026-05-08T20:00:00+00:00:2026-05-11T08:00:00+00:00,31111-NEUTRAL CONTROL,FILL_LEVEL_CONTROL_REPLAY,759.39,-0.22,0.22,167.0658,0.3341316,2434.0,-0.24260000000000215,0.0,0,0.0,0.0,0.5789473684210527,0.0002953498390625332,0.00011084093912323224,0.0005194805194796041,1.6382882300294332,842.0000166666666
2026-05-10T15:58:59.999000+00:00,-502.0,D2-2a53b8b913c713d1,MUUSDT,US_STOCK:2026-05-08T20:00:00+00:00:2026-05-11T08:00:00+00:00,31111-NEUTRAL CONTROL,FILL_LEVEL_CONTROL_REPLAY,759.16,-0.22,0.22,167.0152,0.3340304,2435.0,-0.19199999999999817,0.0,0,0.0,0.0,0.631578947368421,0.00030390732614240845,0.00012281529380168434,0.001441558441557278,1.6773524458959472,841.0000166666666
2026-05-10T15:59:59.999000+00:00,-501.0,D2-2a53b8b913c713d1,MUUSDT,US_STOCK:2026-05-08T20:00:00+00:00:2026-05-11T08:00:00+00:00,31111-NEUTRAL CONTROL,FILL_LEVEL_CONTROL_REPLAY,758.7,-0.22,0.22,166.91400000000002,0.333828,2436.0,-0.09080000000001515,0.0,0,0.0,0.0,0.5789473684210527,0.00035116458604001117,0.0001766902008749077,-0.0052207792207793445,1.7554808776289557,840.0000166666666
2026-05-10T16:00:59.999000+00:00,-500.0,D2-2a53b8b913c713d1,MUUSDT,US_STOCK:2026-05-08T20:00:00+00:00:2026-05-11T08:00:00+00:00,31111-NEUTRAL CONTROL,FILL_LEVEL_CONTROL_REPLAY,763.7,-0.22,0.22,168.014,0.336028,2437.0,-1.1908000000000152,0.0,0,0.0,0.0,0.631578947368421,0.0008773078433939918,0.0014553026212517743,0.052142857142858,0.9062587935743718,839.0000166666666
2026-05-10T16:01:59.999000+00:00,-499.0,D2-2a53b8b913c713d1,MUUSDT,US_STOCK:2026-05-08T20:00:00+00:00:2026-05-11T08:00:00+00:00,31111-NEUTRAL CONTROL,FILL_LEVEL_CONTROL_REPLAY,763.51,-0.22,0.22,167.9722,0.3359444,2438.0,-1.1490000000000031,0.0,0,0.0,0.0,0.6842105263157895,0.000937400015342652,0.001459542131876166,0.1020519480519484,0.9385292327684552,838.0000166666666
2026-05-10T16:02:59.999000+00:00,-498.0,D2-2a53b8b913c713d1,MUUSDT,US_STOCK:2026-05-08T20:00:00+00:00:2026-05-11T08:00:00+00:00,31111-NEUTRAL CONTROL,FILL_LEVEL_CONTROL_REPLAY,763.53,-0.22,0.22,167.9766,0.3359532,2439.0,-1.153399999999999,0.0,0,0.0,0.0,0.6842105263157895,0.0010290548972722456,0.0014598525923824324,0.14770129870129903,0.9351323444322399,837.0000166666666
2026-05-10T16:03:59.999000+00:00,-497.0,D2-2a53b8b913c713d1,MUUSDT,US_STOCK:2026-05-08T20:00:00+00:00:2026-05-11T08:00:00+00:00,31111-NEUTRAL CONTROL,FILL_LEVEL_CONTROL_REPLAY,764.2,-0.22,0.22,168.12400000000002,0.33624800000000005,2440.0,-1.300800000000015,0.0,0,0.0,0.0,0.6842105263157895,0.0011225558006505393,0.0014635294264562636,0.197311688311689,0.8213365851689133,836.0000166666666
2026-05-10T16:04:59.999000+00:00,-496.0,D2-2a53b8b913c713d1,MUUSDT,US_STOCK:2026-05-08T20:00:00+00:00:2026-05-11T08:00:00+00:00,31111-NEUTRAL CONTROL,FILL_LEVEL_CONTROL_REPLAY,763.8,-0.22,0.22,168.036,0.336072,2441.0,-1.212799999999995,0.0,0,0.0,0.0,0.7368421052631579,0.0011755134103916662,0.0014718449777144707,0.23489610389610419,0.8892743518932955,835.0000166666666
2026-05-10T16:05:59.999000+00:00,-495.0,D2-2a53b8b913c713d1,MUUSDT,US_STOCK:2026-05-08T20:00:00+00:00:2026-05-11T08:00:00+00:00,31111-NEUTRAL CONTROL,FILL_LEVEL_CONTROL_REPLAY,763.8,-0.22,0.22,168.036,0.336072,2442.0,-1.212799999999995,0.0,0,0.0,0.0,0.7777777777777778,0.0011867354954550608,0.0014710936264818839,0.265116883116883,0.8892743518932955,834.0000166666666
2026-05-10T16:06:59.999000+00:00,-494.0,D2-2a53b8b913c713d1,MUUSDT,US_STOCK:2026-05-08T20:00:00+00:00:2026-05-11T08:00:00+00:00,31111-NEUTRAL CONTROL,FILL_LEVEL_CONTROL_REPLAY,763.8,-0.22,0.22,168.036,0.336072,2443.0,-1.212799999999995,0.0,0,0.0,0.0,0.7647058823529411,0.0012035686230501526,0.0014704987152535714,0.28868831168831016,0.8892743518932955,833.0000166666666
2026-05-10T16:07:59.999000+00:00,-493.0,D2-2a53b8b913c713d1,MUUSDT,US_STOCK:2026-05-08T20:00:00+00:00:2026-05-11T08:00:00+00:00,31111-NEUTRAL CONTROL,FILL_LEVEL_CONTROL_REPLAY,763.69,-0.22,0.22,168.01180000000002,0.33602360000000003,2444.0,-1.1886000000000172,0.0,0,0.0,0.0,0.7058823529411765,0.001179423962228494,0.0014736078061659893,0.3042597402597392,0.9079572377424794,832.0000166666666
2026-05-10T16:08:59.999000+00:00,-492.0,D2-2a53b8b913c713d1,MUUSDT,US_STOCK:2026-05-08T20:00:00+00:00:2026-05-11T08:00:00+00:00,31111-NEUTRAL CONTROL,FILL_LEVEL_CONTROL_REPLAY,763.69,-0.22,0.22,168.01180000000002,0.33602360000000003,2445.0,-1.1886000000000172,0.0,0,0.0,0.0,0.6875,0.0011841005045053672,0.0014709616736527696,0.31592207792207705,0.9079572377424794,831.0000166666666
2026-05-10T16:09:59.999000+00:00,-491.0,D2-2a53b8b913c713d1,MUUSDT,US_STOCK:2026-05-08T20:00:00+00:00:2026-05-11T08:00:00+00:00,31111-NEUTRAL CONTROL,FILL_LEVEL_CONTROL_REPLAY,764.24,-0.22,0.22,168.1328,0.3362656,2446.0,-1.3096000000000072,0.0,0,0.0,0.0,0.6875,0.0012421303704146756,0.0014728800944923083,0.32685714285714174,0.8145428084964829,830.0000166666666
2026-05-10T16:10:59.999000+00:00,-490.0,D2-2a53b8b913c713d1,MUUSDT,US_STOCK:2026-05-08T20:00:00+00:00:2026-05-11T08:00:00+00:00,31111-NEUTRAL CONTROL,FILL_LEVEL_CONTROL_REPLAY,764.73,-0.22,0.22,168.2406,0.3364812,2447.0,-1.417400000000009,0.0,0,0.0,0.0,0.625,0.001253476950781878,0.0014721173206533082,0.33851948051948005,0.7313190442591321,829.0000166666666
2026-05-10T16:11:59.999000+00:00,-489.0,D2-2a53b8b913c713d1,MUUSDT,US_STOCK:2026-05-08T20:00:00+00:00:2026-05-11T08:00:00+00:00,31111-NEUTRAL CONTROL,FILL_LEVEL_CONTROL_REPLAY,764.93,-0.22,0.22,168.28459999999998,0.33656919999999996,2448.0,-1.461399999999994,0.0,0,0.0,0.0,0.625,0.0012410099150062144,0.0014714659351077121,0.34545454545454485,0.6973501608969603,828.0000166666666
2026-05-10T16:12:59.999000+00:00,-488.0,D2-2a53b8b913c713d1,MUUSDT,US_STOCK:2026-05-08T20:00:00+00:00:2026-05-11T08:00:00+00:00,31111-NEUTRAL CONTROL,FILL_LEVEL_CONTROL_REPLAY,765.34,-0.22,0.22,168.37480000000002,0.33674960000000004,2449.0,-1.551600000000012,0.0,0,0.0,0.0,0.5625,0.0012786100668610231,0.0014696969124570027,0.3518311688311679,0.6277139500044705,827.0000166666666
2026-05-10T16:13:59.999000+00:00,-487.0,D2-2a53b8b913c713d1,MUUSDT,US_STOCK:2026-05-08T20:00:00+00:00:2026-05-11T08:00:00+00:00,31111-NEUTRAL CONTROL,FILL_LEVEL_CONTROL_REPLAY,765.3,-0.22,0.22,168.36599999999999,0.336732,2450.0,-1.5427999999999953,0.0,0,0.0,0.0,0.5625,0.0012469433088798058,0.0014690594682196423,0.3501298701298691,0.6345077266769203,826.0000166666666
2026-05-10T16:14:59.999000+00:00,-486.0,D2-2a53b8b913c713d1,MUUSDT,US_STOCK:2026-05-08T20:00:00+00:00:2026-05-11T08:00:00+00:00,31111-NEUTRAL CONTROL,FILL_LEVEL_CONTROL_REPLAY,765.5,-0.22,0.22,168.41,0.33682,2451.0,-1.586800000000005,0.0,0,0.0,0.0,0.5625,0.0007464775590183714,0.0014681560219687913,0.34225974025973915,0.6005388433147292,825.0000166666666
2026-05-10T16:15:59.999000+00:00,-485.0,D2-2a53b8b913c713d1,MUUSDT,US_STOCK:2026-05-08T20:00:00+00:00:2026-05-11T08:00:00+00:00,31111-NEUTRAL CONTROL,FILL_LEVEL_CONTROL_REPLAY,765.09,-0.22,0.22,168.31980000000001,0.33663960000000004,2452.0,-1.4966000000000121,0.0,0,0.0,0.0,0.5625,0.0007403424060287912,0.0014795937498406043,0.322376623376623,0.6701750542071997,824.0000166666666
2026-05-10T16:16:59.999000+00:00,-484.0,D2-2a53b8b913c713d1,MUUSDT,US_STOCK:2026-05-08T20:00:00+00:00:2026-05-11T08:00:00+00:00,31111-NEUTRAL CONTROL,FILL_LEVEL_CONTROL_REPLAY,764.78,-0.22,0.22,168.2516,0.3365032,2453.0,-1.4283999999999992,0.0,0,0.0,0.0,0.5625,0.0006911418036185816,0.0014882511765036525,0.29058441558441545,0.7228268234185939,823.0000166666666
2026-05-10T16:17:59.999000+00:00,-483.0,D2-2a53b8b913c713d1,MUUSDT,US_STOCK:2026-05-08T20:00:00+00:00:2026-05-11T08:00:00+00:00,31111-NEUTRAL CONTROL,FILL_LEVEL_CONTROL_REPLAY,764.7,-0.22,0.22,168.234,0.33646800000000004,2454.0,-1.4108000000000152,0.0,0,0.0,0.0,0.5,0.0006407741598012093,0.0014898260738786106,0.2515194805194809,0.7364143767634549,822.0000166666666
2026-05-10T16:18:59.999000+00:00,-482.0,D2-2a53b8b913c713d1,MUUSDT,US_STOCK:2026-05-08T20:00:00+00:00:2026-05-11T08:00:00+00:00,31111-NEUTRAL CONTROL,FILL_LEVEL_CONTROL_REPLAY,765.0,-0.22,0.22,168.3,0.3366,2455.0,-1.476800000000005,0.0,0,0.0,0.0,0.5625,0.0006031746031745747,0.0014822889424881208,0.20958441558441573,0.6854610517201876,821.0000166666666
2026-05-10T16:19:59.999000+00:00,-481.0,D2-2a53b8b913c713d1,MUUSDT,US_STOCK:2026-05-08T20:00:00+00:00:2026-05-11T08:00:00+00:00,31111-NEUTRAL CONTROL,FILL_LEVEL_CONTROL_REPLAY,765.02,-0.22,0.22,168.3044,0.3366088,2456.0,-1.4812000000000012,0.0,0,0.0,0.0,0.5,0.0006078272463464893,0.001467503136774417,0.15733766233766172,0.6820641633839724,820.0000166666666
2026-05-10T16:20:59.999000+00:00,-480.0,D2-2a53b8b913c713d1,MUUSDT,US_STOCK:2026-05-08T20:00:00+00:00:2026-05-11T08:00:00+00:00,31111-NEUTRAL CONTROL,FILL_LEVEL_CONTROL_REPLAY,765.42,-0.22,0.22,168.39239999999998,0.33678479999999994,2457.0,-1.5691999999999962,0.0,0,0.0,0.0,0.4375,0.0006355054367910005,0.0003949878131190742,0.09610389610389551,0.6141263966596096,819.0000166666666
2026-05-10T16:21:59.999000+00:00,-479.0,D2-2a53b8b913c713d1,MUUSDT,US_STOCK:2026-05-08T20:00:00+00:00:2026-05-11T08:00:00+00:00,31111-NEUTRAL CONTROL,FILL_LEVEL_CONTROL_REPLAY,765.42,-0.22,0.22,168.39239999999998,0.33678479999999994,2458.0,-1.5691999999999962,0.0,0,0.0,0.0,0.4,0.0006737664102248172,0.00038725352139930324,0.09757142857142813,0.6141263966596096,818.0000166666666
2026-05-10T16:22:59.999000+00:00,-478.0,D2-2a53b8b913c713d1,MUUSDT,US_STOCK:2026-05-08T20:00:00+00:00:2026-05-11T08:00:00+00:00,31111-NEUTRAL CONTROL,FILL_LEVEL_CONTROL_REPLAY,765.52,-0.22,0.22,168.4144,0.3368288,2459.0,-1.5912000000000013,0.0,0,0.0,0.0,0.4,0.000674611468581582,0.00038658946477476735,0.0953896103896097,0.597141954978514,817.0000166666666
2026-05-10T16:23:59.999000+00:00,-477.0,D2-2a53b8b913c713d1,MUUSDT,US_STOCK:2026-05-08T20:00:00+00:00:2026-05-11T08:00:00+00:00,31111-NEUTRAL CONTROL,FILL_LEVEL_CONTROL_REPLAY,765.56,-0.22,0.22,168.42319999999998,0.33684639999999993,2460.0,-1.599999999999993,0.0,0,0.0,0.0,0.3333333333333333,0.0006204608391242991,0.00034660054291242923,0.09140259740259578,0.5903481783060834,816.0000166666666
2026-05-10T16:24:59.999000+00:00,-476.0,D2-2a53b8b913c713d1,MUUSDT,US_STOCK:2026-05-08T20:00:00+00:00:2026-05-11T08:00:00+00:00,31111-NEUTRAL CONTROL,FILL_LEVEL_CONTROL_REPLAY,765.59,-0.22,0.22,168.4298,0.3368596,2461.0,-1.6066000000000122,0.0,0,0.0,0.0,0.3333333333333333,0.0005635243033850715,0.00031735379847519984,0.09474025974025936,0.5852528458017413,815.0000166666666
2026-05-10T16:25:59.999000+00:00,-475.0,D2-2a53b8b913c713d1,MUUSDT,US_STOCK:2026-05-08T20:00:00+00:00:2026-05-11T08:00:00+00:00,31111-NEUTRAL CONTROL,FILL_LEVEL_CONTROL_REPLAY,765.45,-0.22,0.22,168.399,0.336798,2462.0,-1.5758000000000152,0.0,0,0.0,0.0,0.375,0.0006336142138611453,0.00032317662453023314,0.0887402597402595,0.6090310641552673,814.0000166666666
2026-05-10T16:26:59.999000+00:00,-474.0,D2-2a53b8b913c713d1,MUUSDT,US_STOCK:2026-05-08T20:00:00+00:00:2026-05-11T08:00:00+00:00,31111-NEUTRAL CONTROL,FILL_LEVEL_CONTROL_REPLAY,764.27,-0.22,0.22,168.1394,0.3362788,2463.0,-1.3162000000000011,0.0,0,0.0,0.0,0.35294117647058826,0.000706556583406404,0.00048370124745333734,0.06527272727272623,0.8094474759921599,813.0000166666666
2026-05-10T16:27:59.999000+00:00,-473.0,D2-2a53b8b913c713d1,MUUSDT,US_STOCK:2026-05-08T20:00:00+00:00:2026-05-11T08:00:00+00:00,31111-NEUTRAL CONTROL,FILL_LEVEL_CONTROL_REPLAY,764.56,-0.22,0.22,168.20319999999998,0.33640639999999994,2464.0,-1.3799999999999932,0.0,0,0.0,0.0,0.35294117647058826,0.0006932091660563007,0.0004876757269427383,0.044961038961036606,0.7601925951170003,812.0000166666666
2026-05-10T16:28:59.999000+00:00,-472.0,D2-2a53b8b913c713d1,MUUSDT,US_STOCK:2026-05-08T20:00:00+00:00:2026-05-11T08:00:00+00:00,31111-NEUTRAL CONTROL,FILL_LEVEL_CONTROL_REPLAY,765.0,-0.22,0.22,168.3,0.3366,2465.0,-1.476800000000005,0.0,0,0.0,0.0,0.3333333333333333,0.0007068160597572514,0.0005002761377006579,0.02780519480519329,0.6854610517201876,811.0000166666666
2026-05-10T16:29:59.999000+00:00,-471.0,D2-2a53b8b913c713d1,MUUSDT,US_STOCK:2026-05-08T20:00:00+00:00:2026-05-11T08:00:00+00:00,31111-NEUTRAL CONTROL,FILL_LEVEL_CONTROL_REPLAY,765.25,-0.22,0.22,168.355,0.33670999999999995,2466.0,-1.5318000000000052,0.0,0,0.0,0.0,0.3333333333333333,0.000692584122835692,0.00048236070256850547,0.012194805194804587,0.6429999475174584,810.0000166666666
2026-05-10T16:30:59.999000+00:00,-470.0,D2-2a53b8b913c713d1,MUUSDT,US_STOCK:2026-05-08T20:00:00+00:00:2026-05-11T08:00:00+00:00,31111-NEUTRAL CONTROL,FILL_LEVEL_CONTROL_REPLAY,765.03,-0.22,0.22,168.3066,0.3366132,2467.0,-1.4833999999999992,0.0,0,0.0,0.0,0.3888888888888889,0.0006666405239010435,0.0004692945650359905,-0.0004415584415590735,0.6803657192158648,809.0000166666666
2026-05-10T16:31:59.999000+00:00,-469.0,D2-2a53b8b913c713d1,MUUSDT,US_STOCK:2026-05-08T20:00:00+00:00:2026-05-11T08:00:00+00:00,31111-NEUTRAL CONTROL,FILL_LEVEL_CONTROL_REPLAY,765.22,-0.22,0.22,168.3484,0.3366968,2468.0,-1.525200000000011,0.0,0,0.0,0.0,0.4444444444444444,0.0006291374656028179,0.00046896383112572226,-0.004636363636363406,0.6480952800217813,808.0000166666666
2026-05-10T16:32:59.999000+00:00,-468.0,D2-2a53b8b913c713d1,MUUSDT,US_STOCK:2026-05-08T20:00:00+00:00:2026-05-11T08:00:00+00:00,31111-NEUTRAL CONTROL,FILL_LEVEL_CONTROL_REPLAY,765.17,-0.22,0.22,168.3374,0.3366748,2469.0,-1.514199999999996,0.0,0,0.0,0.0,0.4444444444444444,0.000611442088499502,0.00045389228573268237,-0.007259740259741039,0.6565875008623387,807.0000166666666
2026-05-10T16:33:59.999000+00:00,-467.0,D2-2a53b8b913c713d1,MUUSDT,US_STOCK:2026-05-08T20:00:00+00:00:2026-05-11T08:00:00+00:00,31111-NEUTRAL CONTROL,FILL_LEVEL_CONTROL_REPLAY,765.12,-0.22,0.22,168.3264,0.33665280000000003,2470.0,-1.503200000000006,0.0,0,0.0,0.0,0.3888888888888889,0.0005862759156360347,0.0004539606866910909,-0.0049870129870130285,0.6650797217028769,806.0000166666666
2026-05-10T16:34:59.999000+00:00,-466.0,D2-2a53b8b913c713d1,MUUSDT,US_STOCK:2026-05-08T20:00:00+00:00:2026-05-11T08:00:00+00:00,31111-NEUTRAL CONTROL,FILL_LEVEL_CONTROL_REPLAY,765.11,-0.22,0.22,168.3242,0.33664839999999996,2471.0,-1.501000000000008,0.0,0,0.0,0.0,0.3333333333333333,0.0005601435461194401,0.0004496286023416511,-0.003129870129870384,0.6667781658709845,805.0000166666666
2026-05-10T16:35:59.999000+00:00,-465.0,D2-2a53b8b913c713d1,MUUSDT,US_STOCK:2026-05-08T20:00:00+00:00:2026-05-11T08:00:00+00:00,31111-NEUTRAL CONTROL,FILL_LEVEL_CONTROL_REPLAY,765.15,-0.22,0.22,168.333,0.336666,2472.0,-1.5098000000000003,0.0,0,0.0,0.0,0.3888888888888889,0.0005405102640939037,0.00043426633262014073,0.0023506493506489845,0.659984389198554,804.0000166666666
2026-05-10T16:36:59.999000+00:00,-464.0,D2-2a53b8b913c713d1,MUUSDT,US_STOCK:2026-05-08T20:00:00+00:00:2026-05-11T08:00:00+00:00,31111-NEUTRAL CONTROL,FILL_LEVEL_CONTROL_REPLAY,765.34,-0.22,0.22,168.37480000000002,0.33674960000000004,2473.0,-1.551600000000012,0.0,0,0.0,0.0,0.3888888888888889,0.0005422426633914605,0.0004267688908944984,0.00489610389610461,0.6277139500044705,803.0000166666666
2026-05-10T16:37:59.999000+00:00,-463.0,D2-2a53b8b913c713d1,MUUSDT,US_STOCK:2026-05-08T20:00:00+00:00:2026-05-11T08:00:00+00:00,31111-NEUTRAL CONTROL,FILL_LEVEL_CONTROL_REPLAY,765.21,-0.22,0.22,168.3462,0.3366924,2474.0,-1.5230000000000132,0.0,0,0.0,0.0,0.3888888888888889,0.0005619372459847925,0.00042808404869928225,0.0010000000000010098,0.6497937241898889,802.0000166666666
2026-05-10T16:38:59.999000+00:00,-462.0,D2-2a53b8b913c713d1,MUUSDT,US_STOCK:2026-05-08T20:00:00+00:00:2026-05-11T08:00:00+00:00,31111-NEUTRAL CONTROL,FILL_LEVEL_CONTROL_REPLAY,765.23,-0.22,0.22,168.35060000000001,0.33670120000000003,2475.0,-1.5274000000000092,0.0,0,0.0,0.0,0.4444444444444444,0.0005721902471899519,0.0004200994469162789,-0.004337662337660312,0.6463968358536737,801.0000166666666
2026-05-10T16:39:59.999000+00:00,-461.0,D2-2a53b8b913c713d1,MUUSDT,US_STOCK:2026-05-08T20:00:00+00:00:2026-05-11T08:00:00+00:00,31111-NEUTRAL CONTROL,FILL_LEVEL_CONTROL_REPLAY,765.25,-0.22,0.22,168.355,0.33670999999999995,2476.0,-1.5318000000000052,0.0,0,0.0,0.0,0.4444444444444444,0.0005031035609278319,0.00042009943660880375,-0.005818181818179627,0.6429999475174584,800.0000166666666
2026-05-10T16:40:59.999000+00:00,-460.0,D2-2a53b8b913c713d1,MUUSDT,US_STOCK:2026-05-08T20:00:00+00:00:2026-05-11T08:00:00+00:00,31111-NEUTRAL CONTROL,FILL_LEVEL_CONTROL_REPLAY,765.29,-0.22,0.22,168.3638,0.3367276,2477.0,-1.540599999999997,0.0,0,0.0,0.0,0.4444444444444444,0.00039294161130330274,0.00040386721263264,-0.006818181818180194,0.636206170845028,799.0000166666666
2026-05-10T16:41:59.999000+00:00,-459.0,D2-2a53b8b913c713d1,MUUSDT,US_STOCK:2026-05-08T20:00:00+00:00:2026-05-11T08:00:00+00:00,31111-NEUTRAL CONTROL,FILL_LEVEL_CONTROL_REPLAY,765.19,-0.22,0.22,168.3418,0.3366836,2478.0,-1.518600000000017,0.0,0,0.0,0.0,0.47368421052631576,0.00037058956412322003,0.00040473430311231413,-0.003753246753244816,0.6531906125261041,798.0000166666666
2026-05-10T16:42:59.999000+00:00,-458.0,D2-2a53b8b913c713d1,MUUSDT,US_STOCK:2026-05-08T20:00:00+00:00:2026-05-11T08:00:00+00:00,31111-NEUTRAL CONTROL,FILL_LEVEL_CONTROL_REPLAY,764.74,-0.22,0.22,168.24280000000002,0.33648560000000005,2479.0,-1.419600000000007,0.0,0,0.0,0.0,0.47368421052631576,0.00036053336521471737,0.00042176212401176684,-0.0062337662337646985,0.7296206000910245,797.0000166666666
2026-05-10T16:43:59.999000+00:00,-457.0,D2-2a53b8b913c713d1,MUUSDT,US_STOCK:2026-05-08T20:00:00+00:00:2026-05-11T08:00:00+00:00,31111-NEUTRAL CONTROL,FILL_LEVEL_CONTROL_REPLAY,764.41,-0.22,0.22,168.1702,0.3363404,2480.0,-1.3469999999999982,0.0,0,0.0,0.0,0.47368421052631576,0.0003513447345945817,0.00042896460493594546,-0.010688311688310826,0.7856692576386339,796.0000166666666
2026-05-10T16:44:59.999000+00:00,-456.0,D2-2a53b8b913c713d1,MUUSDT,US_STOCK:2026-05-08T20:00:00+00:00:2026-05-11T08:00:00+00:00,31111-NEUTRAL CONTROL,FILL_LEVEL_CONTROL_REPLAY,764.34,-0.22,0.22,168.1548,0.3363096,2481.0,-1.331600000000012,0.0,0,0.0,0.0,0.42105263157894735,0.00033829372866973976,0.0004281690928218456,-0.014038961038960525,0.7975583668153873,795.0000166666666
2026-05-10T16:45:59.999000+00:00,-455.0,D2-2a53b8b913c713d1,MUUSDT,US_STOCK:2026-05-08T20:00:00+00:00:2026-05-11T08:00:00+00:00,31111-NEUTRAL CONTROL,FILL_LEVEL_CONTROL_REPLAY,764.46,-0.22,0.22,168.18120000000002,0.33636240000000006,2482.0,-1.3580000000000132,0.0,0,0.0,0.0,0.47368421052631576,0.0003401093582398019,0.0004305508065573668,-0.013818181818180472,0.7771770367980765,794.0000166666666
2026-05-10T16:46:59.999000+00:00,-454.0,D2-2a53b8b913c713d1,MUUSDT,US_STOCK:2026-05-08T20:00:00+00:00:2026-05-11T08:00:00+00:00,31111-NEUTRAL CONTROL,FILL_LEVEL_CONTROL_REPLAY,764.43,-0.22,0.22,168.1746,0.3363492,2483.0,-1.3513999999999942,0.0,0,0.0,0.0,0.47368421052631576,0.00033731949669314895,0.00026588123724746574,-0.014519480519479273,0.7822723693024187,793.0000166666666
2026-05-10T16:47:59.999000+00:00,-453.0,D2-2a53b8b913c713d1,MUUSDT,US_STOCK:2026-05-08T20:00:00+00:00:2026-05-11T08:00:00+00:00,31111-NEUTRAL CONTROL,FILL_LEVEL_CONTROL_REPLAY,764.83,-0.22,0.22,168.26260000000002,0.3365252,2484.0,-1.439400000000014,0.0,0,0.0,0.0,0.5263157894736842,0.00036049094009687745,0.00027745528207350536,-0.025558441558440018,0.7143346025780365,792.0000166666666
2026-05-10T16:48:59.999000+00:00,-452.0,D2-2a53b8b913c713d1,MUUSDT,US_STOCK:2026-05-08T20:00:00+00:00:2026-05-11T08:00:00+00:00,31111-NEUTRAL CONTROL,FILL_LEVEL_CONTROL_REPLAY,764.8,-0.22,0.22,168.256,0.336512,2485.0,-1.4327999999999952,0.0,0,0.0,0.0,0.5789473684210527,0.0003595711297071257,0.00024625510976224353,-0.033571428571428454,0.7194299350823787,791.0000166666666
2026-05-10T16:49:59.999000+00:00,-451.0,D2-2a53b8b913c713d1,MUUSDT,US_STOCK:2026-05-08T20:00:00+00:00:2026-05-11T08:00:00+00:00,31111-NEUTRAL CONTROL,FILL_LEVEL_CONTROL_REPLAY,765.0,-0.22,0.22,168.3,0.3366,2486.0,-1.476800000000005,0.0,0,0.0,0.0,0.5789473684210527,0.00034733893557424285,0.00024212643668717013,-0.03301298701298696,0.6854610517201876,790.0000166666666
2026-05-10T16:50:59.999000+00:00,-450.0,D2-2a53b8b913c713d1,MUUSDT,US_STOCK:2026-05-08T20:00:00+00:00:2026-05-11T08:00:00+00:00,31111-NEUTRAL CONTROL,FILL_LEVEL_CONTROL_REPLAY,764.87,-0.22,0.22,168.2714,0.3365428,2487.0,-1.4482000000000061,0.0,0,0.0,0.0,0.5789473684210527,0.00034553023949916413,0.00023684128866450395,-0.030571428571428524,0.7075408259056061,789.0000166666666
2026-05-10T16:51:59.999000+00:00,-449.0,D2-2a53b8b913c713d1,MUUSDT,US_STOCK:2026-05-08T20:00:00+00:00:2026-05-11T08:00:00+00:00,31111-NEUTRAL CONTROL,FILL_LEVEL_CONTROL_REPLAY,764.79,-0.22,0.22,168.25379999999998,0.33650759999999996,2488.0,-1.430599999999997,0.0,0,0.0,0.0,0.5263157894736842,0.0003287550457361974,0.00022995037703642373,-0.0318181818181827,0.7211283792504863,788.0000166666666
2026-05-10T16:52:59.999000+00:00,-448.0,D2-2a53b8b913c713d1,MUUSDT,US_STOCK:2026-05-08T20:00:00+00:00:2026-05-11T08:00:00+00:00,31111-NEUTRAL CONTROL,FILL_LEVEL_CONTROL_REPLAY,764.91,-0.22,0.22,168.2802,0.33656040000000004,2489.0,-1.456999999999998,0.0,0,0.0,0.0,0.5789473684210527,0.00033150492028008726,0.00023322780180917973,-0.02848051948052045,0.7007470492331755,787.0000166666666
2026-05-10T16:53:59.999000+00:00,-447.0,D2-2a53b8b913c713d1,MUUSDT,US_STOCK:2026-05-08T20:00:00+00:00:2026-05-11T08:00:00+00:00,31111-NEUTRAL CONTROL,FILL_LEVEL_CONTROL_REPLAY,764.82,-0.22,0.22,168.2604,0.3365208,2490.0,-1.4372000000000162,0.0,0,0.0,0.0,0.631578947368421,0.00032127073783935794,0.00023404767921431246,-0.02662337662337751,0.7160330467461441,786.0000166666666
2026-05-10T16:54:59.999000+00:00,-446.0,D2-2a53b8b913c713d1,MUUSDT,US_STOCK:2026-05-08T20:00:00+00:00:2026-05-11T08:00:00+00:00,31111-NEUTRAL CONTROL,FILL_LEVEL_CONTROL_REPLAY,765.11,-0.22,0.22,168.3242,0.33664839999999996,2491.0,-1.501000000000008,0.0,0,0.0,0.0,0.631578947368421,0.000334218982517945,0.0002496834875800812,-0.021259740259741002,0.6667781658709845,785.0000166666666
2026-05-10T16:55:59.999000+00:00,-445.0,D2-2a53b8b913c713d1,MUUSDT,US_STOCK:2026-05-08T20:00:00+00:00:2026-05-11T08:00:00+00:00,31111-NEUTRAL CONTROL,FILL_LEVEL_CONTROL_REPLAY,765.21,-0.22,0.22,168.3462,0.3366924,2492.0,-1.5230000000000132,0.0,0,0.0,0.0,0.631578947368421,0.00033230840460231147,0.0002510850285972959,-0.014727272727272917,0.6497937241898889,784.0000166666666
2026-05-10T16:56:59.999000+00:00,-444.0,D2-2a53b8b913c713d1,MUUSDT,US_STOCK:2026-05-08T20:00:00+00:00:2026-05-11T08:00:00+00:00,31111-NEUTRAL CONTROL,FILL_LEVEL_CONTROL_REPLAY,765.12,-0.22,0.22,168.3264,0.33665280000000003,2493.0,-1.503200000000006,0.0,0,0.0,0.0,0.631578947368421,0.00032954681245148413,0.0002458904954458772,-0.008922077922078518,0.6650797217028769,783.0000166666666
2026-05-10T16:57:59.999000+00:00,-443.0,D2-2a53b8b913c713d1,MUUSDT,US_STOCK:2026-05-08T20:00:00+00:00:2026-05-11T08:00:00+00:00,31111-NEUTRAL CONTROL,FILL_LEVEL_CONTROL_REPLAY,765.11,-0.22,0.22,168.3242,0.33664839999999996,2494.0,-1.501000000000008,0.0,0,0.0,0.0,0.5789473684210527,0.0003071453777888431,0.00024329307093670088,-0.0004935064935066353,0.6667781658709845,782.0000166666666
2026-05-10T16:58:59.999000+00:00,-442.0,D2-2a53b8b913c713d1,MUUSDT,US_STOCK:2026-05-08T20:00:00+00:00:2026-05-11T08:00:00+00:00,31111-NEUTRAL CONTROL,FILL_LEVEL_CONTROL_REPLAY,765.14,-0.22,0.22,168.3308,0.3366616,2495.0,-1.507600000000002,0.0,0,0.0,0.0,0.631578947368421,0.0003015321192387163,0.00024339743334191944,0.006766233766233813,0.6616828333666616,781.0000166666666
2026-05-10T16:59:59.999000+00:00,-441.0,D2-2a53b8b913c713d1,MUUSDT,US_STOCK:2026-05-08T20:00:00+00:00:2026-05-11T08:00:00+00:00,31111-NEUTRAL CONTROL,FILL_LEVEL_CONTROL_REPLAY,765.03,-0.22,0.22,168.3066,0.3366132,2496.0,-1.4833999999999992,0.0,0,0.0,0.0,0.6842105263157895,0.0003071774963073734,0.0002450917975179651,0.012974025974025838,0.6803657192158648,780.0000166666666
2026-05-10T17:00:59.999000+00:00,-440.0,D2-2a53b8b913c713d1,MUUSDT,US_STOCK:2026-05-08T20:00:00+00:00:2026-05-11T08:00:00+00:00,31111-NEUTRAL CONTROL,FILL_LEVEL_CONTROL_REPLAY,764.7,-0.22,0.22,168.234,0.33646800000000004,2497.0,-1.4108000000000152,0.0,0,0.0,0.0,0.631578947368421,0.00034187076164323967,0.0002606879402472246,0.015441558441558867,0.7364143767634549,779.0000166666666
2026-05-10T17:01:59.999000+00:00,-439.0,D2-2a53b8b913c713d1,MUUSDT,US_STOCK:2026-05-08T20:00:00+00:00:2026-05-11T08:00:00+00:00,31111-NEUTRAL CONTROL,FILL_LEVEL_CONTROL_REPLAY,763.85,-0.22,0.22,168.047,0.336094,2498.0,-1.22380000000001,0.0,0,0.0,0.0,0.631578947368421,0.00040770906778632,0.000350281208622928,0.008155844155844269,0.8807821310527381,778.0000166666666
2026-05-10T17:02:59.999000+00:00,-438.0,D2-2a53b8b913c713d1,MUUSDT,US_STOCK:2026-05-08T20:00:00+00:00:2026-05-11T08:00:00+00:00,31111-NEUTRAL CONTROL,FILL_LEVEL_CONTROL_REPLAY,764.13,-0.22,0.22,168.1086,0.3362172,2499.0,-1.285400000000004,0.0,0,0.0,0.0,0.6842105263157895,0.00041784213980045846,0.0003438089230035132,0.004948051948052616,0.833225694345686,777.0000166666666
2026-05-10T17:03:59.999000+00:00,-437.0,D2-2a53b8b913c713d1,MUUSDT,US_STOCK:2026-05-08T20:00:00+00:00:2026-05-11T08:00:00+00:00,31111-NEUTRAL CONTROL,FILL_LEVEL_CONTROL_REPLAY,764.03,-0.22,0.22,168.0866,0.3361732,2500.0,-1.2633999999999992,0.0,0,0.0,0.0,0.7368421052631579,0.00040948279891777896,0.0003327495079005893,-0.004610389610389256,0.8502101360267815,776.0000166666666
2026-05-10T17:04:59.999000+00:00,-436.0,D2-2a53b8b913c713d1,MUUSDT,US_STOCK:2026-05-08T20:00:00+00:00:2026-05-11T08:00:00+00:00,31111-NEUTRAL CONTROL,FILL_LEVEL_CONTROL_REPLAY,764.02,-0.22,0.22,168.0844,0.3361688,2501.0,-1.261200000000001,0.0,0,0.0,0.0,0.6842105263157895,0.00041883720321457725,0.0003324015712846843,-0.01809090909090947,0.8519085801948891,775.0000166666666
2026-05-10T17:05:59.999000+00:00,-435.0,D2-2a53b8b913c713d1,MUUSDT,US_STOCK:2026-05-08T20:00:00+00:00:2026-05-11T08:00:00+00:00,31111-NEUTRAL CONTROL,FILL_LEVEL_CONTROL_REPLAY,764.25,-0.22,0.22,168.135,0.33626999999999996,2502.0,-1.3118000000000052,0.0,0,0.0,0.0,0.6842105263157895,0.000426188139632688,0.0003376959149568883,-0.02907792207792206,0.8128443643283753,774.0000166666666
2026-05-10T17:06:59.999000+00:00,-434.0,D2-2a53b8b913c713d1,MUUSDT,US_STOCK:2026-05-08T20:00:00+00:00:2026-05-11T08:00:00+00:00,31111-NEUTRAL CONTROL,FILL_LEVEL_CONTROL_REPLAY,764.3,-0.22,0.22,168.146,0.336292,2503.0,-1.322799999999995,0.0,0,0.0,0.0,0.631578947368421,0.000441113250219614,0.0003380700181570208,-0.03758441558441566,0.8043521434878371,773.0000166666666
2026-05-10T17:07:59.999000+00:00,-433.0,D2-2a53b8b913c713d1,MUUSDT,US_STOCK:2026-05-08T20:00:00+00:00:2026-05-11T08:00:00+00:00,31111-NEUTRAL CONTROL,FILL_LEVEL_CONTROL_REPLAY,764.2,-0.22,0.22,168.12400000000002,0.33624800000000005,2504.0,-1.300800000000015,0.0,0,0.0,0.0,0.631578947368421,0.00044677907802742915,0.00031596645224601336,-0.047610389610389714,0.8213365851689133,772.0000166666666
2026-05-10T17:08:59.999000+00:00,-432.0,D2-2a53b8b913c713d1,MUUSDT,US_STOCK:2026-05-08T20:00:00+00:00:2026-05-11T08:00:00+00:00,31111-NEUTRAL CONTROL,FILL_LEVEL_CONTROL_REPLAY,764.32,-0.22,0.22,168.15040000000002,0.3363008,2505.0,-1.3272000000000161,0.0,0,0.0,0.0,0.631578947368421,0.00043642902000656466,0.00031890761649125025,-0.05006493506493397,0.8009552551516026,771.0000166666666
2026-05-10T17:09:59.999000+00:00,-431.0,D2-2a53b8b913c713d1,MUUSDT,US_STOCK:2026-05-08T20:00:00+00:00:2026-05-11T08:00:00+00:00,31111-NEUTRAL CONTROL,FILL_LEVEL_CONTROL_REPLAY,764.84,-0.22,0.22,168.2648,0.33652960000000004,2506.0,-1.4416000000000122,0.0,0,0.0,0.0,0.5789473684210527,0.00046881887528296,0.0003497144329835295,-0.045532467532466724,0.7126361584099289,770.0000166666666
2026-05-10T17:10:59.999000+00:00,-430.0,D2-2a53b8b913c713d1,MUUSDT,US_STOCK:2026-05-08T20:00:00+00:00:2026-05-11T08:00:00+00:00,31111-NEUTRAL CONTROL,FILL_LEVEL_CONTROL_REPLAY,764.28,-0.22,0.22,168.14159999999998,0.33628319999999995,2507.0,-1.3183999999999991,0.0,0,0.0,0.0,0.631578947368421,0.0004869195283702877,0.0003824731823020504,-0.045467532467532164,0.8077490318240523,769.0000166666666
2026-05-10T17:11:59.999000+00:00,-429.0,D2-2a53b8b913c713d1,MUUSDT,US_STOCK:2026-05-08T20:00:00+00:00:2026-05-11T08:00:00+00:00,31111-NEUTRAL CONTROL,FILL_LEVEL_CONTROL_REPLAY,764.22,-0.22,0.22,168.1284,0.3362568,2508.0,-1.3052000000000112,0.0,0,0.0,0.0,0.5789473684210527,0.0004682645610650414,0.00038229002875323143,-0.04710389610389549,0.8179396968326981,768.0000166666666
2026-05-10T17:12:59.999000+00:00,-428.0,D2-2a53b8b913c713d1,MUUSDT,US_STOCK:2026-05-08T20:00:00+00:00:2026-05-11T08:00:00+00:00,31111-NEUTRAL CONTROL,FILL_LEVEL_CONTROL_REPLAY,764.21,-0.22,0.22,168.1262,0.3362524,2509.0,-1.3030000000000133,0.0,0,0.0,0.0,0.5263157894736842,0.0004617279842675735,0.000379761184609314,-0.049168831168830744,0.8196381410008057,767.0000166666666
2026-05-10T17:13:59.999000+00:00,-427.0,D2-2a53b8b913c713d1,MUUSDT,US_STOCK:2026-05-08T20:00:00+00:00:2026-05-11T08:00:00+00:00,31111-NEUTRAL CONTROL,FILL_LEVEL_CONTROL_REPLAY,764.27,-0.22,0.22,168.1394,0.3362788,2510.0,-1.3162000000000011,0.0,0,0.0,0.0,0.5263157894736842,0.0004439343612672092,0.00038030903147260497,-0.04798701298701349,0.8094474759921599,766.0000166666666
2026-05-10T17:14:59.999000+00:00,-426.0,D2-2a53b8b913c713d1,MUUSDT,US_STOCK:2026-05-08T20:00:00+00:00:2026-05-11T08:00:00+00:00,31111-NEUTRAL CONTROL,FILL_LEVEL_CONTROL_REPLAY,764.29,-0.22,0.22,168.1438,0.3362876,2511.0,-1.3205999999999973,0.0,0,0.0,0.0,0.5263157894736842,0.0004056052022137905,0.0003686486970772989,-0.047000000000000514,0.8060505876559447,765.0000166666666
2026-05-10T17:15:59.999000+00:00,-425.0,D2-2a53b8b913c713d1,MUUSDT,US_STOCK:2026-05-08T20:00:00+00:00:2026-05-11T08:00:00+00:00,31111-NEUTRAL CONTROL,FILL_LEVEL_CONTROL_REPLAY,764.31,-0.22,0.22,168.1482,0.3362964,2512.0,-1.324999999999993,0.0,0,0.0,0.0,0.47368421052631576,0.00031027051476865177,0.00036673549688367454,-0.040922077922079095,0.8026536993197295,764.0000166666666
2026-05-10T17:16:59.999000+00:00,-424.0,D2-2a53b8b913c713d1,MUUSDT,US_STOCK:2026-05-08T20:00:00+00:00:2026-05-11T08:00:00+00:00,31111-NEUTRAL CONTROL,FILL_LEVEL_CONTROL_REPLAY,764.18,-0.22,0.22,168.1196,0.33623919999999996,2513.0,-1.2963999999999942,0.0,0,0.0,0.0,0.5263157894736842,0.0003140621319583979,0.00036733428293576805,-0.034064935064936415,0.8247334735051479,763.0000166666666
2026-05-10T17:17:59.999000+00:00,-423.0,D2-2a53b8b913c713d1,MUUSDT,US_STOCK:2026-05-08T20:00:00+00:00:2026-05-11T08:00:00+00:00,31111-NEUTRAL CONTROL,FILL_LEVEL_CONTROL_REPLAY,764.26,-0.22,0.22,168.1372,0.33627440000000003,2514.0,-1.3140000000000032,0.0,0,0.0,0.0,0.5263157894736842,0.000331786863857055,0.0003690016664606532,-0.026116883116884464,0.8111459201602675,762.0000166666666
2026-05-10T17:18:59.999000+00:00,-422.0,D2-2a53b8b913c713d1,MUUSDT,US_STOCK:2026-05-08T20:00:00+00:00:2026-05-11T08:00:00+00:00,31111-NEUTRAL CONTROL,FILL_LEVEL_CONTROL_REPLAY,764.08,-0.22,0.22,168.0976,0.3361952,2515.0,-1.2744000000000142,0.0,0,0.0,0.0,0.5263157894736842,0.0003365391806392238,0.00037033118858785427,-0.019532467532468074,0.8417179151862241,761.0000166666666
2026-05-10T17:19:59.999000+00:00,-421.0,D2-2a53b8b913c713d1,MUUSDT,US_STOCK:2026-05-08T20:00:00+00:00:2026-05-11T08:00:00+00:00,31111-NEUTRAL CONTROL,FILL_LEVEL_CONTROL_REPLAY,764.51,-0.22,0.22,168.19219999999999,0.3363844,2516.0,-1.369000000000003,0.0,0,0.0,0.0,0.5789473684210527,0.00035410169352165764,0.00039445104656297123,-0.005597402597403413,0.7686848159575383,760.0000166666666
2026-05-10T17:20:59.999000+00:00,-420.0,D2-2a53b8b913c713d1,MUUSDT,US_STOCK:2026-05-08T20:00:00+00:00:2026-05-11T08:00:00+00:00,31111-NEUTRAL CONTROL,FILL_LEVEL_CONTROL_REPLAY,765.16,-0.22,0.22,168.3352,0.3366704,2517.0,-1.5119999999999982,0.0,0,0.0,0.0,0.5789473684210527,0.000372471117151916,0.00042740217601602214,0.016025974025972445,0.6582859450304464,759.0000166666666
2026-05-10T17:21:59.999000+00:00,-419.0,D2-2a53b8b913c713d1,MUUSDT,US_STOCK:2026-05-08T20:00:00+00:00:2026-05-11T08:00:00+00:00,31111-NEUTRAL CONTROL,FILL_LEVEL_CONTROL_REPLAY,766.84,-0.22,0.22,168.7048,0.33740960000000003,2518.0,-1.8816000000000122,0.0,0,0.0,0.0,0.5263157894736842,0.0005383875943574934,0.0005697501326678984,0.054584415584415104,0.3729473247880953,758.0000166666666
2026-05-10T17:22:59.999000+00:00,-418.0,D2-2a53b8b913c713d1,MUUSDT,US_STOCK:2026-05-08T20:00:00+00:00:2026-05-11T08:00:00+00:00,31111-NEUTRAL CONTROL,FILL_LEVEL_CONTROL_REPLAY,766.11,-0.22,0.22,168.54420000000002,0.3370884,2519.0,-1.721000000000008,0.0,0,0.0,0.0,0.5263157894736842,0.000601368322713762,0.000620194554981215,0.06874025974025982,0.49693374906006765,757.0000166666666
2026-05-10T17:23:59.999000+00:00,-417.0,D2-2a53b8b913c713d1,MUUSDT,US_STOCK:2026-05-08T20:00:00+00:00:2026-05-11T08:00:00+00:00,31111-NEUTRAL CONTROL,FILL_LEVEL_CONTROL_REPLAY,765.97,-0.22,0.22,168.51340000000002,0.3370268,2520.0,-1.6902000000000112,0.0,0,0.0,0.0,0.5263157894736842,0.0006163986280700411,0.0006213857106475286,0.08214285714285759,0.5207119674135937,756.0000166666666
2026-05-10T17:24:59.999000+00:00,-416.0,D2-2a53b8b913c713d1,MUUSDT,US_STOCK:2026-05-08T20:00:00+00:00:2026-05-11T08:00:00+00:00,31111-NEUTRAL CONTROL,FILL_LEVEL_CONTROL_REPLAY,765.92,-0.22,0.22,168.5024,0.3370048,2521.0,-1.6791999999999963,0.0,0,0.0,0.0,0.47368421052631576,0.0005800680414216572,0.0006220776972338007,0.09107792207792163,0.529204188254151,755.0000166666666
2026-05-10T17:25:59.999000+00:00,-415.0,D2-2a53b8b913c713d1,MUUSDT,US_STOCK:2026-05-08T20:00:00+00:00:2026-05-11T08:00:00+00:00,31111-NEUTRAL CONTROL,FILL_LEVEL_CONTROL_REPLAY,765.84,-0.22,0.22,168.4848,0.33696960000000004,2522.0,-1.6616000000000122,0.0,0,0.0,0.0,0.47368421052631576,0.0005969169240870457,0.0006225975401384508,0.09637662337662313,0.5427917415990121,754.0000166666666
2026-05-10T17:26:59.999000+00:00,-414.0,D2-2a53b8b913c713d1,MUUSDT,US_STOCK:2026-05-08T20:00:00+00:00:2026-05-11T08:00:00+00:00,31111-NEUTRAL CONTROL,FILL_LEVEL_CONTROL_REPLAY,765.96,-0.22,0.22,168.5112,0.3370224,2523.0,-1.688000000000013,0.0,0,0.0,0.0,0.47368421052631576,0.0006014860902844228,0.0006226317016351308,0.10415584415584436,0.5224104115817013,753.0000166666666
2026-05-10T17:27:59.999000+00:00,-413.0,D2-2a53b8b913c713d1,MUUSDT,US_STOCK:2026-05-08T20:00:00+00:00:2026-05-11T08:00:00+00:00,31111-NEUTRAL CONTROL,FILL_LEVEL_CONTROL_REPLAY,766.11,-0.22,0.22,168.54420000000002,0.3370884,2524.0,-1.721000000000008,0.0,0,0.0,0.0,0.42105263157894735,0.0006377301282732223,0.0006204150533932468,0.11237662337662305,0.49693374906006765,752.0000166666666
2026-05-10T17:28:59.999000+00:00,-412.0,D2-2a53b8b913c713d1,MUUSDT,US_STOCK:2026-05-08T20:00:00+00:00:2026-05-11T08:00:00+00:00,31111-NEUTRAL CONTROL,FILL_LEVEL_CONTROL_REPLAY,766.08,-0.22,0.22,168.5376,0.3370752,2525.0,-1.7144000000000141,0.0,0,0.0,0.0,0.47368421052631576,0.0006414846640410228,0.0006213814945809232,0.11642857142857213,0.5020290815643905,751.0000166666666
2026-05-10T17:29:59.999000+00:00,-411.0,D2-2a53b8b913c713d1,MUUSDT,US_STOCK:2026-05-08T20:00:00+00:00:2026-05-11T08:00:00+00:00,31111-NEUTRAL CONTROL,FILL_LEVEL_CONTROL_REPLAY,766.24,-0.22,0.22,168.5728,0.3371456,2526.0,-1.7496000000000071,0.0,0,0.0,0.0,0.47368421052631576,0.0006553336515228113,0.000608299705792894,0.12183116883117023,0.47485397487464925,750.0000166666666
2026-05-10T17:30:59.999000+00:00,-410.0,D2-2a53b8b913c713d1,MUUSDT,US_STOCK:2026-05-08T20:00:00+00:00:2026-05-11T08:00:00+00:00,31111-NEUTRAL CONTROL,FILL_LEVEL_CONTROL_REPLAY,766.15,-0.22,0.22,168.553,0.337106,2527.0,-1.7298000000000002,0.0,0,0.0,0.0,0.5263157894736842,0.000654478328563015,0.0005808069674579639,0.13100000000000148,0.4901399723876372,749.0000166666666
2026-05-10T17:31:59.999000+00:00,-409.0,D2-2a53b8b913c713d1,MUUSDT,US_STOCK:2026-05-08T20:00:00+00:00:2026-05-11T08:00:00+00:00,31111-NEUTRAL CONTROL,FILL_LEVEL_CONTROL_REPLAY,766.3,-0.22,0.22,168.58599999999998,0.33717199999999997,2528.0,-1.762799999999995,0.0,0,0.0,0.0,0.5789473684210527,0.0006487574802855847,0.0005791379383237165,0.1324155844155849,0.4646633098660035,748.0000166666666
2026-05-10T17:32:59.999000+00:00,-408.0,D2-2a53b8b913c713d1,MUUSDT,US_STOCK:2026-05-08T20:00:00+00:00:2026-05-11T08:00:00+00:00,31111-NEUTRAL CONTROL,FILL_LEVEL_CONTROL_REPLAY,766.53,-0.22,0.22,168.6366,0.3372732,2529.0,-1.8133999999999992,0.0,0,0.0,0.0,0.5263157894736842,0.0006690633671964974,0.0005791276632015251,0.13333766233766287,0.42559909399948953,747.0000166666666
2026-05-10T17:33:59.999000+00:00,-407.0,D2-2a53b8b913c713d1,MUUSDT,US_STOCK:2026-05-08T20:00:00+00:00:2026-05-11T08:00:00+00:00,31111-NEUTRAL CONTROL,FILL_LEVEL_CONTROL_REPLAY,766.45,-0.22,0.22,168.619,0.337238,2530.0,-1.7958000000000152,0.0,0,0.0,0.0,0.5789473684210527,0.0006495624539854244,0.0005816499350675294,0.13007792207792382,0.43918664734435053,746.0000166666666
2026-05-10T17:34:59.999000+00:00,-406.0,D2-2a53b8b913c713d1,MUUSDT,US_STOCK:2026-05-08T20:00:00+00:00:2026-05-11T08:00:00+00:00,31111-NEUTRAL CONTROL,FILL_LEVEL_CONTROL_REPLAY,766.47,-0.22,0.22,168.6234,0.3372468,2531.0,-1.8002000000000113,0.0,0,0.0,0.0,0.631578947368421,0.000638362511625634,0.0005816506802281927,0.12502597402597593,0.43578975900813527,745.0000166666666
2026-05-10T17:35:59.999000+00:00,-405.0,D2-2a53b8b913c713d1,MUUSDT,US_STOCK:2026-05-08T20:00:00+00:00:2026-05-11T08:00:00+00:00,31111-NEUTRAL CONTROL,FILL_LEVEL_CONTROL_REPLAY,766.36,-0.22,0.22,168.5992,0.3371984,2532.0,-1.7760000000000082,0.0,0,0.0,0.0,0.631578947368421,0.0004986466636343787,0.0005845174694804445,0.11597402597402753,0.45447264485733846,744.0000166666666
2026-05-10T17:36:59.999000+00:00,-404.0,D2-2a53b8b913c713d1,MUUSDT,US_STOCK:2026-05-08T20:00:00+00:00:2026-05-11T08:00:00+00:00,31111-NEUTRAL CONTROL,FILL_LEVEL_CONTROL_REPLAY,766.39,-0.22,0.22,168.6058,0.3372116,2533.0,-1.7826000000000022,0.0,0,0.0,0.0,0.631578947368421,0.00044736640986590574,0.0005808402111598287,0.10490909090909147,0.4493773123530156,743.0000166666666
2026-05-10T17:37:59.999000+00:00,-403.0,D2-2a53b8b913c713d1,MUUSDT,US_STOCK:2026-05-08T20:00:00+00:00:2026-05-11T08:00:00+00:00,31111-NEUTRAL CONTROL,FILL_LEVEL_CONTROL_REPLAY,766.38,-0.22,0.22,168.6036,0.3372072,2534.0,-1.7804000000000042,0.0,0,0.0,0.0,0.631578947368421,0.00039890692047584185,0.0005818103959590782,0.08915584415584384,0.4510757565211232,742.0000166666666
2026-05-10T17:38:59.999000+00:00,-402.0,D2-2a53b8b913c713d1,MUUSDT,US_STOCK:2026-05-08T20:00:00+00:00:2026-05-11T08:00:00+00:00,31111-NEUTRAL CONTROL,FILL_LEVEL_CONTROL_REPLAY,766.33,-0.22,0.22,168.5926,0.3371852,2535.0,-1.7694000000000143,0.0,0,0.0,0.0,0.5789473684210527,0.00041757467409599656,0.0005775020766690675,0.07103896103896096,0.45956797736166133,741.0000166666666
2026-05-10T17:39:59.999000+00:00,-401.0,D2-2a53b8b913c713d1,MUUSDT,US_STOCK:2026-05-08T20:00:00+00:00:2026-05-11T08:00:00+00:00,31111-NEUTRAL CONTROL,FILL_LEVEL_CONTROL_REPLAY,766.48,-0.22,0.22,168.6256,0.3372512,2536.0,-1.802400000000009,0.0,0,0.0,0.0,0.631578947368421,0.0004202886665573012,0.0005697847888317609,0.04961038961039011,0.43409131484002766,740.0000166666666
2026-05-10T17:40:59.999000+00:00,-400.0,D2-2a53b8b913c713d1,MUUSDT,US_STOCK:2026-05-08T20:00:00+00:00:2026-05-11T08:00:00+00:00,31111-NEUTRAL CONTROL,FILL_LEVEL_CONTROL_REPLAY,766.57,-0.22,0.22,168.64540000000002,0.33729080000000006,2537.0,-1.8222000000000163,0.0,0,0.0,0.0,0.631578947368421,0.0004193075275950731,0.0005452520953075802,0.0323766233766242,0.41880531732703974,739.0000166666666
2026-05-10T17:41:59.999000+00:00,-399.0,D2-2a53b8b913c713d1,MUUSDT,US_STOCK:2026-05-08T20:00:00+00:00:2026-05-11T08:00:00+00:00,31111-NEUTRAL CONTROL,FILL_LEVEL_CONTROL_REPLAY,766.63,-0.22,0.22,168.6586,0.33731720000000004,2538.0,-1.8354000000000041,0.0,0,0.0,0.0,0.5789473684210527,0.00040529888696538244,0.0002547237530587779,0.022532467532467564,0.408614652318394,738.0000166666666
2026-05-10T17:42:59.999000+00:00,-398.0,D2-2a53b8b913c713d1,MUUSDT,US_STOCK:2026-05-08T20:00:00+00:00:2026-05-11T08:00:00+00:00,31111-NEUTRAL CONTROL,FILL_LEVEL_CONTROL_REPLAY,766.62,-0.22,0.22,168.6564,0.33731279999999997,2539.0,-1.8332000000000062,0.0,0,0.0,0.0,0.631578947368421,0.00040716764126011993,0.00013660257411463763,0.03464935064935088,0.4103130964865016,737.0000166666666
2026-05-10T17:43:59.999000+00:00,-397.0,D2-2a53b8b913c713d1,MUUSDT,US_STOCK:2026-05-08T20:00:00+00:00:2026-05-11T08:00:00+00:00,31111-NEUTRAL CONTROL,FILL_LEVEL_CONTROL_REPLAY,766.6,-0.22,0.22,168.65200000000002,0.33730400000000005,2540.0,-1.8288000000000102,0.0,0,0.0,0.0,0.631578947368421,0.00037363497446980766,0.0001282256684646344,0.036363636363636806,0.41370998482271687,736.0000166666666
2026-05-10T17:44:59.999000+00:00,-396.0,D2-2a53b8b913c713d1,MUUSDT,US_STOCK:2026-05-08T20:00:00+00:00:2026-05-11T08:00:00+00:00,31111-NEUTRAL CONTROL,FILL_LEVEL_CONTROL_REPLAY,766.61,-0.22,0.22,168.6542,0.3373084,2541.0,-1.8310000000000082,0.0,0,0.0,0.0,0.6842105263157895,0.00038574279713841014,0.00012609485468828354,0.035571428571429295,0.41201154065460927,735.0000166666666
2026-05-10T17:45:59.999000+00:00,-395.0,D2-2a53b8b913c713d1,MUUSDT,US_STOCK:2026-05-08T20:00:00+00:00:2026-05-11T08:00:00+00:00,31111-NEUTRAL CONTROL,FILL_LEVEL_CONTROL_REPLAY,766.56,-0.22,0.22,168.64319999999998,0.33728639999999993,2542.0,-1.8199999999999932,0.0,0,0.0,0.0,0.6842105263157895,0.00037644989116496805,0.00012404283979809537,0.03258441558441474,0.42050376149516666,734.0000166666666
2026-05-10T17:46:59.999000+00:00,-394.0,D2-2a53b8b913c713d1,MUUSDT,US_STOCK:2026-05-08T20:00:00+00:00:2026-05-11T08:00:00+00:00,31111-NEUTRAL CONTROL,FILL_LEVEL_CONTROL_REPLAY,766.62,-0.22,0.22,168.6564,0.33731279999999997,2543.0,-1.8332000000000062,0.0,0,0.0,0.0,0.7368421052631579,0.000328902007699845,0.0001217312546560665,0.02840259740259682,0.4103130964865016,733.0000166666666
2026-05-10T17:47:59.999000+00:00,-393.0,D2-2a53b8b913c713d1,MUUSDT,US_STOCK:2026-05-08T20:00:00+00:00:2026-05-11T08:00:00+00:00,31111-NEUTRAL CONTROL,FILL_LEVEL_CONTROL_REPLAY,766.18,-0.22,0.22,168.5596,0.33711919999999995,2544.0,-1.7363999999999942,0.0,0,0.0,0.0,0.7368421052631579,0.0003887560923766477,0.00017665236824842445,0.019207792207791275,0.4850446398833143,732.0000166666666
2026-05-10T17:48:59.999000+00:00,-392.0,D2-2a53b8b913c713d1,MUUSDT,US_STOCK:2026-05-08T20:00:00+00:00:2026-05-11T08:00:00+00:00,31111-NEUTRAL CONTROL,FILL_LEVEL_CONTROL_REPLAY,766.07,-0.22,0.22,168.5354,0.3370708,2545.0,-1.7122000000000162,0.0,0,0.0,0.0,0.6842105263157895,0.00034778619633789694,0.0001793895320828602,0.010441558441558247,0.5037275257324981,731.0000166666666
2026-05-10T17:49:59.999000+00:00,-391.0,D2-2a53b8b913c713d1,MUUSDT,US_STOCK:2026-05-08T20:00:00+00:00:2026-05-11T08:00:00+00:00,31111-NEUTRAL CONTROL,FILL_LEVEL_CONTROL_REPLAY,765.79,-0.22,0.22,168.47379999999998,0.33694759999999996,2546.0,-1.6505999999999972,0.0,0,0.0,0.0,0.631578947368421,0.00033672043622553436,0.00018925611031035293,-0.002337662337662574,0.5512839624395696,730.0000166666666
2026-05-10T17:50:59.999000+00:00,-390.0,D2-2a53b8b913c713d1,MUUSDT,US_STOCK:2026-05-08T20:00:00+00:00:2026-05-11T08:00:00+00:00,31111-NEUTRAL CONTROL,FILL_LEVEL_CONTROL_REPLAY,765.7,-0.22,0.22,168.454,0.33690800000000004,2547.0,-1.6308000000000153,0.0,0,0.0,0.0,0.5789473684210527,0.0003218343625813957,0.00018925771742625964,-0.013623376623376192,0.5665699599525381,729.0000166666666
2026-05-10T17:51:59.999000+00:00,-389.0,D2-2a53b8b913c713d1,MUUSDT,US_STOCK:2026-05-08T20:00:00+00:00:2026-05-11T08:00:00+00:00,31111-NEUTRAL CONTROL,FILL_LEVEL_CONTROL_REPLAY,765.97,-0.22,0.22,168.51340000000002,0.3370268,2548.0,-1.6902000000000112,0.0,0,0.0,0.0,0.631578947368421,0.00032824858862433027,0.00020129044670760035,-0.021987012987012628,0.5207119674135937,728.0000166666666
2026-05-10T17:52:59.999000+00:00,-388.0,D2-2a53b8b913c713d1,MUUSDT,US_STOCK:2026-05-08T20:00:00+00:00:2026-05-11T08:00:00+00:00,31111-NEUTRAL CONTROL,FILL_LEVEL_CONTROL_REPLAY,765.61,-0.22,0.22,168.4342,0.3368684,2549.0,-1.6110000000000082,0.0,0,0.0,0.0,0.631578947368421,0.00032746997258956015,0.000209567085126293,-0.03264935064935093,0.5818559574655261,727.0000166666666
2026-05-10T17:53:59.999000+00:00,-387.0,D2-2a53b8b913c713d1,MUUSDT,US_STOCK:2026-05-08T20:00:00+00:00:2026-05-11T08:00:00+00:00,31111-NEUTRAL CONTROL,FILL_LEVEL_CONTROL_REPLAY,765.78,-0.22,0.22,168.4716,0.3369432,2550.0,-1.6483999999999992,0.0,0,0.0,0.0,0.631578947368421,0.00031900247366831137,0.0002180179041333753,-0.03692207792207919,0.5529824066076772,726.0000166666666
2026-05-10T17:54:59.999000+00:00,-386.0,D2-2a53b8b913c713d1,MUUSDT,US_STOCK:2026-05-08T20:00:00+00:00:2026-05-11T08:00:00+00:00,31111-NEUTRAL CONTROL,FILL_LEVEL_CONTROL_REPLAY,765.77,-0.22,0.22,168.4694,0.33693880000000004,2551.0,-1.646200000000001,0.0,0,0.0,0.0,0.631578947368421,0.000313410031732767,0.00021755768699421448,-0.04149350649350759,0.5546808507757848,725.0000166666666
2026-05-10T17:55:59.999000+00:00,-385.0,D2-2a53b8b913c713d1,MUUSDT,US_STOCK:2026-05-08T20:00:00+00:00:2026-05-11T08:00:00+00:00,31111-NEUTRAL CONTROL,FILL_LEVEL_CONTROL_REPLAY,765.76,-0.22,0.22,168.4672,0.33693439999999997,2552.0,-1.6440000000000032,0.0,0,0.0,0.0,0.5789473684210527,0.0003050191033371125,0.0002164790101449953,-0.045025974025975,0.5563792949438924,724.0000166666666
2026-05-10T17:56:59.999000+00:00,-384.0,D2-2a53b8b913c713d1,MUUSDT,US_STOCK:2026-05-08T20:00:00+00:00:2026-05-11T08:00:00+00:00,31111-NEUTRAL CONTROL,FILL_LEVEL_CONTROL_REPLAY,765.66,-0.22,0.22,168.4452,0.3368904,2553.0,-1.6219999999999983,0.0,0,0.0,0.0,0.5263157894736842,0.0002957299211511332,0.0002165707647251909,-0.05050649350649482,0.573363736624988,723.0000166666666
2026-05-10T17:57:59.999000+00:00,-383.0,D2-2a53b8b913c713d1,MUUSDT,US_STOCK:2026-05-08T20:00:00+00:00:2026-05-11T08:00:00+00:00,31111-NEUTRAL CONTROL,FILL_LEVEL_CONTROL_REPLAY,765.61,-0.22,0.22,168.4342,0.3368684,2554.0,-1.6110000000000082,0.0,0,0.0,0.0,0.5263157894736842,0.00029295034584934015,0.00021645305032408246,-0.05529870129870268,0.5818559574655261,722.0000166666666
2026-05-10T17:58:59.999000+00:00,-382.0,D2-2a53b8b913c713d1,MUUSDT,US_STOCK:2026-05-08T20:00:00+00:00:2026-05-11T08:00:00+00:00,31111-NEUTRAL CONTROL,FILL_LEVEL_CONTROL_REPLAY,765.65,-0.22,0.22,168.44299999999998,0.33688599999999996,2555.0,-1.6198000000000001,0.0,0,0.0,0.0,0.5263157894736842,0.00027054510173427467,0.0002175575596793603,-0.05870129870130053,0.5750621807930956,721.0000166666666
2026-05-10T17:59:59.999000+00:00,-381.0,D2-2a53b8b913c713d1,MUUSDT,US_STOCK:2026-05-08T20:00:00+00:00:2026-05-11T08:00:00+00:00,31111-NEUTRAL CONTROL,FILL_LEVEL_CONTROL_REPLAY,765.65,-0.22,0.22,168.44299999999998,0.33688599999999996,2556.0,-1.6198000000000001,0.0,0,0.0,0.0,0.5555555555555556,0.0002630817885829802,0.00021083523693612625,-0.06187012987013148,0.5750621807930956,720.0000166666666
2026-05-10T18:00:59.999000+00:00,-380.0,D2-2a53b8b913c713d1,MUUSDT,US_STOCK:2026-05-08T20:00:00+00:00:2026-05-11T08:00:00+00:00,31111-NEUTRAL CONTROL,FILL_LEVEL_CONTROL_REPLAY,765.6,-0.22,0.22,168.43200000000002,0.33686400000000005,2557.0,-1.60880000000001,0.0,0,0.0,0.0,0.6111111111111112,0.0002892222719808736,0.00020712906559768108,-0.0626623376623387,0.5835544016336337,719.0000166666666
2026-05-10T18:01:59.999000+00:00,-379.0,D2-2a53b8b913c713d1,MUUSDT,US_STOCK:2026-05-08T20:00:00+00:00:2026-05-11T08:00:00+00:00,31111-NEUTRAL CONTROL,FILL_LEVEL_CONTROL_REPLAY,765.7,-0.22,0.22,168.454,0.33690800000000004,2558.0,-1.6308000000000153,0.0,0,0.0,0.0,0.6111111111111112,0.00023694471911786936,0.00020922139088146415,-0.05972727272727244,0.5665699599525381,718.0000166666666
2026-05-10T18:02:59.999000+00:00,-378.0,D2-2a53b8b913c713d1,MUUSDT,US_STOCK:2026-05-08T20:00:00+00:00:2026-05-11T08:00:00+00:00,31111-NEUTRAL CONTROL,FILL_LEVEL_CONTROL_REPLAY,765.93,-0.22,0.22,168.50459999999998,0.33700919999999995,2559.0,-1.6813999999999942,0.0,0,0.0,0.0,0.6111111111111112,0.0002489970176311914,0.00022345546849865047,-0.05181818181818223,0.5275057440860434,717.0000166666666
2026-05-10T18:03:59.999000+00:00,-377.0,D2-2a53b8b913c713d1,MUUSDT,US_STOCK:2026-05-08T20:00:00+00:00:2026-05-11T08:00:00+00:00,31111-NEUTRAL CONTROL,FILL_LEVEL_CONTROL_REPLAY,765.89,-0.22,0.22,168.4958,0.3369916,2560.0,-1.672600000000002,0.0,0,0.0,0.0,0.6111111111111112,0.0002546057527843123,0.00022341748754178478,-0.04366233766233811,0.534299520758474,716.0000166666666
2026-05-10T18:04:59.999000+00:00,-376.0,D2-2a53b8b913c713d1,MUUSDT,US_STOCK:2026-05-08T20:00:00+00:00:2026-05-11T08:00:00+00:00,31111-NEUTRAL CONTROL,FILL_LEVEL_CONTROL_REPLAY,765.8,-0.22,0.22,168.476,0.336952,2561.0,-1.6527999999999952,0.0,0,0.0,0.0,0.5555555555555556,0.00027235757191355615,0.0002234953448782492,-0.03601298701298763,0.5495855182714618,715.0000166666666
2026-05-10T18:05:59.999000+00:00,-375.0,D2-2a53b8b913c713d1,MUUSDT,US_STOCK:2026-05-08T20:00:00+00:00:2026-05-11T08:00:00+00:00,31111-NEUTRAL CONTROL,FILL_LEVEL_CONTROL_REPLAY,765.75,-0.22,0.22,168.465,0.33693,2562.0,-1.6418000000000053,0.0,0,0.0,0.0,0.5,0.00024066041695811505,0.0002234955366162456,-0.02783116883116906,0.558077739112,714.0000166666666
2026-05-10T18:06:59.999000+00:00,-374.0,D2-2a53b8b913c713d1,MUUSDT,US_STOCK:2026-05-08T20:00:00+00:00:2026-05-11T08:00:00+00:00,31111-NEUTRAL CONTROL,FILL_LEVEL_CONTROL_REPLAY,765.87,-0.22,0.22,168.4914,0.33698279999999997,2563.0,-1.6682000000000063,0.0,0,0.0,0.0,0.5,0.00023316153991068472,0.0002264306988124034,-0.017688311688312433,0.5376964090946892,713.0000166666666
2026-05-10T18:07:59.999000+00:00,-373.0,D2-2a53b8b913c713d1,MUUSDT,US_STOCK:2026-05-08T20:00:00+00:00:2026-05-11T08:00:00+00:00,31111-NEUTRAL CONTROL,FILL_LEVEL_CONTROL_REPLAY,765.81,-0.22,0.22,168.4782,0.3369564,2564.0,-1.6549999999999931,0.0,0,0.0,0.0,0.5555555555555556,0.0002387761231338251,0.0001921380306709655,-0.0065714285714298295,0.5478870741033542,712.0000166666666
2026-05-10T18:08:59.999000+00:00,-372.0,D2-2a53b8b913c713d1,MUUSDT,US_STOCK:2026-05-08T20:00:00+00:00:2026-05-11T08:00:00+00:00,31111-NEUTRAL CONTROL,FILL_LEVEL_CONTROL_REPLAY,765.7,-0.22,0.22,168.454,0.33690800000000004,2565.0,-1.6308000000000153,0.0,0,0.0,0.0,0.5555555555555556,0.00024347469169197863,0.00019214018719274477,-0.002116883116884292,0.5665699599525381,711.0000166666666
2026-05-10T18:09:59.999000+00:00,-371.0,D2-2a53b8b913c713d1,MUUSDT,US_STOCK:2026-05-08T20:00:00+00:00:2026-05-11T08:00:00+00:00,31111-NEUTRAL CONTROL,FILL_LEVEL_CONTROL_REPLAY,765.7,-0.22,0.22,168.454,0.33690800000000004,2566.0,-1.6308000000000153,0.0,0,0.0,0.0,0.5882352941176471,0.00022481762719452362,0.00017546076246516566,0.0013896103896106021,0.5665699599525381,710.0000166666666
2026-05-10T18:10:59.999000+00:00,-370.0,D2-2a53b8b913c713d1,MUUSDT,US_STOCK:2026-05-08T20:00:00+00:00:2026-05-11T08:00:00+00:00,31111-NEUTRAL CONTROL,FILL_LEVEL_CONTROL_REPLAY,765.7,-0.22,0.22,168.454,0.33690800000000004,2567.0,-1.6308000000000153,0.0,0,0.0,0.0,0.5625,0.00022481762719452362,0.0001735805818874694,0.0013766233766237487,0.5665699599525381,709.0000166666666
2026-05-10T18:11:59.999000+00:00,-369.0,D2-2a53b8b913c713d1,MUUSDT,US_STOCK:2026-05-08T20:00:00+00:00:2026-05-11T08:00:00+00:00,31111-NEUTRAL CONTROL,FILL_LEVEL_CONTROL_REPLAY,765.7,-0.22,0.22,168.454,0.33690800000000004,2568.0,-1.6308000000000153,0.0,0,0.0,0.0,0.5333333333333333,0.00022388477396966146,0.00015363238297686808,0.00019480519480678937,0.5665699599525381,708.0000166666666
2026-05-10T18:12:59.999000+00:00,-368.0,D2-2a53b8b913c713d1,MUUSDT,US_STOCK:2026-05-08T20:00:00+00:00:2026-05-11T08:00:00+00:00,31111-NEUTRAL CONTROL,FILL_LEVEL_CONTROL_REPLAY,765.64,-0.22,0.22,168.4408,0.3368816,2569.0,-1.6176000000000021,0.0,0,0.0,0.0,0.4666666666666667,0.00022576817153903672,0.00011476818943324952,0.0020909090909108806,0.5767606249612032,707.0000166666666
2026-05-10T18:13:59.999000+00:00,-367.0,D2-2a53b8b913c713d1,MUUSDT,US_STOCK:2026-05-08T20:00:00+00:00:2026-05-11T08:00:00+00:00,31111-NEUTRAL CONTROL,FILL_LEVEL_CONTROL_REPLAY,765.77,-0.22,0.22,168.4694,0.33693880000000004,2570.0,-1.646200000000001,0.0,0,0.0,0.0,0.4666666666666667,0.00023319198789641365,0.00011023364525946182,0.0009610389610407446,0.5546808507757848,706.0000166666666
2026-05-10T18:14:59.999000+00:00,-366.0,D2-2a53b8b913c713d1,MUUSDT,US_STOCK:2026-05-08T20:00:00+00:00:2026-05-11T08:00:00+00:00,31111-NEUTRAL CONTROL,FILL_LEVEL_CONTROL_REPLAY,765.83,-0.22,0.22,168.48260000000002,0.3369652,2571.0,-1.6594000000000142,0.0,0,0.0,0.0,0.4666666666666667,0.0002107890412083452,0.00011151192324490393,0.0028311688311708333,0.5444901857671197,705.0000166666666
2026-05-10T18:15:59.999000+00:00,-365.0,D2-2a53b8b913c713d1,MUUSDT,US_STOCK:2026-05-08T20:00:00+00:00:2026-05-11T08:00:00+00:00,31111-NEUTRAL CONTROL,FILL_LEVEL_CONTROL_REPLAY,765.67,-0.22,0.22,168.4474,0.3368948,2572.0,-1.624199999999996,0.0,0,0.0,0.0,0.5333333333333333,0.00020803441990118452,0.00012078816531276801,0.0024155844155856147,0.5716652924568804,704.0000166666666
2026-05-10T18:16:59.999000+00:00,-364.0,D2-2a53b8b913c713d1,MUUSDT,US_STOCK:2026-05-08T20:00:00+00:00:2026-05-11T08:00:00+00:00,31111-NEUTRAL CONTROL,FILL_LEVEL_CONTROL_REPLAY,765.64,-0.22,0.22,168.4408,0.3368816,2573.0,-1.6176000000000021,0.0,0,0.0,0.0,0.5333333333333333,0.00018658526573476727,0.00011767168929616552,0.0015974025974035068,0.5767606249612032,703.0000166666666
2026-05-10T18:17:59.999000+00:00,-363.0,D2-2a53b8b913c713d1,MUUSDT,US_STOCK:2026-05-08T20:00:00+00:00:2026-05-11T08:00:00+00:00,31111-NEUTRAL CONTROL,FILL_LEVEL_CONTROL_REPLAY,765.68,-0.22,0.22,168.4496,0.3368992,2574.0,-1.626399999999994,0.0,0,0.0,0.0,0.5333333333333333,0.00016511933370153914,0.00011726295466741485,2.5974025973854705e-05,0.5699668482887726,702.0000166666666
2026-05-10T18:18:59.999000+00:00,-362.0,D2-2a53b8b913c713d1,MUUSDT,US_STOCK:2026-05-08T20:00:00+00:00:2026-05-11T08:00:00+00:00,31111-NEUTRAL CONTROL,FILL_LEVEL_CONTROL_REPLAY,765.67,-0.22,0.22,168.4474,0.3368948,2575.0,-1.624199999999996,0.0,0,0.0,0.0,0.5333333333333333,0.00015299392315604459,0.00011679847377344684,-0.002415584415584876,0.5716652924568804,701.0000166666666
2026-05-10T18:19:59.999000+00:00,-361.0,D2-2a53b8b913c713d1,MUUSDT,US_STOCK:2026-05-08T20:00:00+00:00:2026-05-11T08:00:00+00:00,31111-NEUTRAL CONTROL,FILL_LEVEL_CONTROL_REPLAY,765.64,-0.22,0.22,168.4408,0.3368816,2576.0,-1.6176000000000021,0.0,0,0.0,0.0,0.5,0.00015486577055988049,0.00011713218420378127,-0.004753246753247598,0.5767606249612032,700.0000166666666
2026-05-10T18:20:59.999000+00:00,-360.0,D2-2a53b8b913c713d1,MUUSDT,US_STOCK:2026-05-08T20:00:00+00:00:2026-05-11T08:00:00+00:00,31111-NEUTRAL CONTROL,FILL_LEVEL_CONTROL_REPLAY,765.64,-0.22,0.22,168.4408,0.3368816,2577.0,-1.6176000000000021,0.0,0,0.0,0.0,0.4666666666666667,0.00013434139132905706,0.00011619068953377299,-0.007077922077923318,0.5767606249612032,699.0000166666666
2026-05-10T18:21:59.999000+00:00,-359.0,D2-2a53b8b913c713d1,MUUSDT,US_STOCK:2026-05-08T20:00:00+00:00:2026-05-11T08:00:00+00:00,31111-NEUTRAL CONTROL,FILL_LEVEL_CONTROL_REPLAY,765.64,-0.22,0.22,168.4408,0.3368816,2578.0,-1.6176000000000021,0.0,0,0.0,0.0,0.5,0.00011008530678354228,0.00011242241627465017,-0.010103896103897102,0.5767606249612032,698.0000166666666
2026-05-10T18:22:59.999000+00:00,-358.0,D2-2a53b8b913c713d1,MUUSDT,US_STOCK:2026-05-08T20:00:00+00:00:2026-05-11T08:00:00+00:00,31111-NEUTRAL CONTROL,FILL_LEVEL_CONTROL_REPLAY,765.64,-0.22,0.22,168.4408,0.3368816,2579.0,-1.6176000000000021,0.0,0,0.0,0.0,0.46153846153846156,0.00010542067514016753,8.822901690634885e-05,-0.011753246753247137,0.5767606249612032,697.0000166666666
2026-05-10T18:23:59.999000+00:00,-357.0,D2-2a53b8b913c713d1,MUUSDT,US_STOCK:2026-05-08T20:00:00+00:00:2026-05-11T08:00:00+00:00,31111-NEUTRAL CONTROL,FILL_LEVEL_CONTROL_REPLAY,765.71,-0.22,0.22,168.4562,0.3369124,2580.0,-1.633000000000013,0.0,0,0.0,0.0,0.5384615384615384,0.00011473944816858669,9.102904667583186e-05,-0.009129870129870538,0.5648715157844305,696.0000166666666
2026-05-10T18:24:59.999000+00:00,-356.0,D2-2a53b8b913c713d1,MUUSDT,US_STOCK:2026-05-08T20:00:00+00:00:2026-05-11T08:00:00+00:00,31111-NEUTRAL CONTROL,FILL_LEVEL_CONTROL_REPLAY,765.74,-0.22,0.22,168.46280000000002,0.33692560000000005,2581.0,-1.639600000000007,0.0,0,0.0,0.0,0.5384615384615384,0.000124995802379795,8.82910375102642e-05,-0.006402597402597781,0.5597761832801076,695.0000166666666
2026-05-10T18:25:59.999000+00:00,-355.0,D2-2a53b8b913c713d1,MUUSDT,US_STOCK:2026-05-08T20:00:00+00:00:2026-05-11T08:00:00+00:00,31111-NEUTRAL CONTROL,FILL_LEVEL_CONTROL_REPLAY,765.64,-0.22,0.22,168.4408,0.3368816,2582.0,-1.6176000000000021,0.0,0,0.0,0.0,0.5384615384615384,0.00012874383335698827,9.164422606579867e-05,-0.006064935064936193,0.5767606249612032,694.0000166666666
2026-05-10T18:26:59.999000+00:00,-354.0,D2-2a53b8b913c713d1,MUUSDT,US_STOCK:2026-05-08T20:00:00+00:00:2026-05-11T08:00:00+00:00,31111-NEUTRAL CONTROL,FILL_LEVEL_CONTROL_REPLAY,765.69,-0.22,0.22,168.45180000000002,0.3369036,2583.0,-1.6286000000000171,0.0,0,0.0,0.0,0.5384615384615384,0.0001296682917182274,8.542545869264046e-05,-0.0055844155844159684,0.5682684041206457,693.0000166666666
2026-05-10T18:27:59.999000+00:00,-353.0,D2-2a53b8b913c713d1,MUUSDT,US_STOCK:2026-05-08T20:00:00+00:00:2026-05-11T08:00:00+00:00,31111-NEUTRAL CONTROL,FILL_LEVEL_CONTROL_REPLAY,765.68,-0.22,0.22,168.4496,0.3368992,2584.0,-1.626399999999994,0.0,0,0.0,0.0,0.6153846153846154,0.0001324686179978382,8.405478775367855e-05,-0.0034415584415594456,0.5699668482887726,692.0000166666666
2026-05-10T18:28:59.999000+00:00,-352.0,D2-2a53b8b913c713d1,MUUSDT,US_STOCK:2026-05-08T20:00:00+00:00:2026-05-11T08:00:00+00:00,31111-NEUTRAL CONTROL,FILL_LEVEL_CONTROL_REPLAY,765.72,-0.22,0.22,168.4584,0.3369168,2585.0,-1.635200000000011,0.0,0,0.0,0.0,0.6923076923076923,0.00012593189603062876,7.899581792236391e-05,-0.0013896103896117835,0.5631730716163229,691.0000166666666
2026-05-10T18:29:59.999000+00:00,-351.0,D2-2a53b8b913c713d1,MUUSDT,US_STOCK:2026-05-08T20:00:00+00:00:2026-05-11T08:00:00+00:00,31111-NEUTRAL CONTROL,FILL_LEVEL_CONTROL_REPLAY,765.67,-0.22,0.22,168.4474,0.3368948,2586.0,-1.624199999999996,0.0,0,0.0,0.0,0.7142857142857143,0.00013247034809848698,8.032072831462603e-05,-0.001441558441559788,0.5716652924568804,690.0000166666666
2026-05-10T18:30:59.999000+00:00,-350.0,D2-2a53b8b913c713d1,MUUSDT,US_STOCK:2026-05-08T20:00:00+00:00:2026-05-11T08:00:00+00:00,31111-NEUTRAL CONTROL,FILL_LEVEL_CONTROL_REPLAY,765.64,-0.22,0.22,168.4408,0.3368816,2587.0,-1.6176000000000021,0.0,0,0.0,0.0,0.6666666666666666,0.0001371401703150225,8.072593966909348e-05,-0.001844155844156677,0.5767606249612032,689.0000166666666
2026-05-10T18:31:59.999000+00:00,-349.0,D2-2a53b8b913c713d1,MUUSDT,US_STOCK:2026-05-08T20:00:00+00:00:2026-05-11T08:00:00+00:00,31111-NEUTRAL CONTROL,FILL_LEVEL_CONTROL_REPLAY,765.95,-0.22,0.22,168.50900000000001,0.33701800000000004,2588.0,-1.6858000000000153,0.0,0,0.0,0.0,0.6875,0.00015666818982961868,0.00012025865210448577,0.0018571428571433827,0.5241088557498089,688.0000166666666
2026-05-10T18:32:59.999000+00:00,-348.0,D2-2a53b8b913c713d1,MUUSDT,US_STOCK:2026-05-08T20:00:00+00:00:2026-05-11T08:00:00+00:00,31111-NEUTRAL CONTROL,FILL_LEVEL_CONTROL_REPLAY,765.86,-0.22,0.22,168.4892,0.3369784,2589.0,-1.6660000000000081,0.0,0,0.0,0.0,0.6875,0.0001706764757452911,0.00012208826260945132,0.004064935064936536,0.5393948532627969,687.0000166666666
2026-05-10T18:33:59.999000+00:00,-347.0,D2-2a53b8b913c713d1,MUUSDT,US_STOCK:2026-05-08T20:00:00+00:00:2026-05-11T08:00:00+00:00,31111-NEUTRAL CONTROL,FILL_LEVEL_CONTROL_REPLAY,765.86,-0.22,0.22,168.4892,0.3369784,2590.0,-1.6660000000000081,0.0,0,0.0,0.0,0.7333333333333333,0.0001828010341315679,0.00011677340969365287,0.0052077922077938205,0.5393948532627969,686.0000166666666
2026-05-10T18:34:59.999000+00:00,-346.0,D2-2a53b8b913c713d1,MUUSDT,US_STOCK:2026-05-08T20:00:00+00:00:2026-05-11T08:00:00+00:00,31111-NEUTRAL CONTROL,FILL_LEVEL_CONTROL_REPLAY,766.1,-0.22,0.22,168.542,0.337084,2591.0,-1.71880000000001,0.0,0,0.0,0.0,0.7333333333333333,0.0002237678781211042,0.0001340256088379756,0.01103896103896281,0.49863219322817526,685.0000166666666
2026-05-10T18:35:59.999000+00:00,-345.0,D2-2a53b8b913c713d1,MUUSDT,US_STOCK:2026-05-08T20:00:00+00:00:2026-05-11T08:00:00+00:00,31111-NEUTRAL CONTROL,FILL_LEVEL_CONTROL_REPLAY,766.55,-0.22,0.22,168.641,0.33728199999999997,2592.0,-1.8177999999999952,0.0,0,0.0,0.0,0.7333333333333333,0.0002655683628875223,0.00017332712086152958,0.02314285714285898,0.4222022056632743,684.0000166666666
2026-05-10T18:36:59.999000+00:00,-344.0,D2-2a53b8b913c713d1,MUUSDT,US_STOCK:2026-05-08T20:00:00+00:00:2026-05-11T08:00:00+00:00,31111-NEUTRAL CONTROL,FILL_LEVEL_CONTROL_REPLAY,766.55,-0.22,0.22,168.641,0.33728199999999997,2593.0,-1.8177999999999952,0.0,0,0.0,0.0,0.7142857142857143,0.00029911384030489456,0.0001724430287737518,0.032025974025974874,0.4222022056632743,683.0000166666666
2026-05-10T18:37:59.999000+00:00,-343.0,D2-2a53b8b913c713d1,MUUSDT,US_STOCK:2026-05-08T20:00:00+00:00:2026-05-11T08:00:00+00:00,31111-NEUTRAL CONTROL,FILL_LEVEL_CONTROL_REPLAY,766.45,-0.22,0.22,168.619,0.337238,2594.0,-1.7958000000000152,0.0,0,0.0,0.0,0.7142857142857143,0.0002972889853964991,0.000177349907582062,0.03803896103896247,0.43918664734435053,682.0000166666666
2026-05-10T18:38:59.999000+00:00,-342.0,D2-2a53b8b913c713d1,MUUSDT,US_STOCK:2026-05-08T20:00:00+00:00:2026-05-11T08:00:00+00:00,31111-NEUTRAL CONTROL,FILL_LEVEL_CONTROL_REPLAY,766.54,-0.22,0.22,168.6388,0.3372776,2595.0,-1.815599999999997,0.0,0,0.0,0.0,0.7857142857142857,0.0002879357707546743,0.00017730009638316463,0.044740259740260094,0.4239006498313819,681.0000166666666
2026-05-10T18:39:59.999000+00:00,-341.0,D2-2a53b8b913c713d1,MUUSDT,US_STOCK:2026-05-08T20:00:00+00:00:2026-05-11T08:00:00+00:00,31111-NEUTRAL CONTROL,FILL_LEVEL_CONTROL_REPLAY,766.45,-0.22,0.22,168.619,0.337238,2596.0,-1.7958000000000152,0.0,0,0.0,0.0,0.7857142857142857,0.00029076540264483665,0.00018021336438644013,0.049012987012987466,0.43918664734435053,680.0000166666666
2026-05-10T18:40:59.999000+00:00,-340.0,D2-2a53b8b913c713d1,MUUSDT,US_STOCK:2026-05-08T20:00:00+00:00:2026-05-11T08:00:00+00:00,31111-NEUTRAL CONTROL,FILL_LEVEL_CONTROL_REPLAY,766.14,-0.22,0.22,168.5508,0.3371016,2597.0,-1.7276000000000022,0.0,0,0.0,0.0,0.7333333333333333,0.0003179202607505393,0.00020587963925112793,0.047818181818181885,0.4918384165557448,679.0000166666666
2026-05-10T18:41:59.999000+00:00,-339.0,D2-2a53b8b913c713d1,MUUSDT,US_STOCK:2026-05-08T20:00:00+00:00:2026-05-11T08:00:00+00:00,31111-NEUTRAL CONTROL,FILL_LEVEL_CONTROL_REPLAY,765.74,-0.22,0.22,168.46280000000002,0.33692560000000005,2598.0,-1.639600000000007,0.0,0,0.0,0.0,0.6875,0.00034980168576427345,0.00023882968640654968,0.04077922077922075,0.5597761832801076,678.0000166666666
2026-05-10T18:42:59.999000+00:00,-338.0,D2-2a53b8b913c713d1,MUUSDT,US_STOCK:2026-05-08T20:00:00+00:00:2026-05-11T08:00:00+00:00,31111-NEUTRAL CONTROL,FILL_LEVEL_CONTROL_REPLAY,765.74,-0.22,0.22,168.46280000000002,0.33692560000000005,2599.0,-1.639600000000007,0.0,0,0.0,0.0,0.6875,0.0003395408363151865,0.00023882968640654968,0.03361038961038946,0.5597761832801076,677.0000166666666
2026-05-10T18:43:59.999000+00:00,-337.0,D2-2a53b8b913c713d1,MUUSDT,US_STOCK:2026-05-08T20:00:00+00:00:2026-05-11T08:00:00+00:00,31111-NEUTRAL CONTROL,FILL_LEVEL_CONTROL_REPLAY,765.92,-0.22,0.22,168.5024,0.3370048,2600.0,-1.6791999999999963,0.0,0,0.0,0.0,0.75,0.0003403936255931115,0.0002433900285330961,0.028649350649349693,0.529204188254151,676.0000166666666
2026-05-10T18:44:59.999000+00:00,-336.0,D2-2a53b8b913c713d1,MUUSDT,US_STOCK:2026-05-08T20:00:00+00:00:2026-05-11T08:00:00+00:00,31111-NEUTRAL CONTROL,FILL_LEVEL_CONTROL_REPLAY,765.88,-0.22,0.22,168.4936,0.3369872,2601.0,-1.670400000000004,0.0,0,0.0,0.0,0.75,0.00033481559960903216,0.00024372737695673515,0.023805194805194267,0.5359979649265816,675.0000166666666
2026-05-10T18:45:59.999000+00:00,-335.0,D2-2a53b8b913c713d1,MUUSDT,US_STOCK:2026-05-08T20:00:00+00:00:2026-05-11T08:00:00+00:00,31111-NEUTRAL CONTROL,FILL_LEVEL_CONTROL_REPLAY,766.12,-0.22,0.22,168.5464,0.3370928,2602.0,-1.7232000000000063,0.0,0,0.0,0.0,0.75,0.0003347107129804175,0.00025012061447372895,0.02228571428571395,0.49523530489196005,674.0000166666666
2026-05-10T18:46:59.999000+00:00,-334.0,D2-2a53b8b913c713d1,MUUSDT,US_STOCK:2026-05-08T20:00:00+00:00:2026-05-11T08:00:00+00:00,31111-NEUTRAL CONTROL,FILL_LEVEL_CONTROL_REPLAY,766.12,-0.22,0.22,168.5464,0.3370928,2603.0,-1.7232000000000063,0.0,0,0.0,0.0,0.7333333333333333,0.0003393724220748589,0.0002500825341070392,0.01884415584415539,0.49523530489196005,673.0000166666666
2026-05-10T18:47:59.999000+00:00,-333.0,D2-2a53b8b913c713d1,MUUSDT,US_STOCK:2026-05-08T20:00:00+00:00:2026-05-11T08:00:00+00:00,31111-NEUTRAL CONTROL,FILL_LEVEL_CONTROL_REPLAY,766.24,-0.22,0.22,168.5728,0.3371456,2604.0,-1.7496000000000071,0.0,0,0.0,0.0,0.6666666666666666,0.00033745488172297534,0.0002514171175769938,0.017051948051948488,0.47485397487464925,672.0000166666666
2026-05-10T18:48:59.999000+00:00,-332.0,D2-2a53b8b913c713d1,MUUSDT,US_STOCK:2026-05-08T20:00:00+00:00:2026-05-11T08:00:00+00:00,31111-NEUTRAL CONTROL,FILL_LEVEL_CONTROL_REPLAY,766.35,-0.22,0.22,168.597,0.337194,2605.0,-1.7738000000000103,0.0,0,0.0,0.0,0.6,0.00031596901825907213,0.0002524868359645559,0.0158311688311689,0.45617108902544606,671.0000166666666
2026-05-10T18:49:59.999000+00:00,-331.0,D2-2a53b8b913c713d1,MUUSDT,US_STOCK:2026-05-08T20:00:00+00:00:2026-05-11T08:00:00+00:00,31111-NEUTRAL CONTROL,FILL_LEVEL_CONTROL_REPLAY,766.21,-0.22,0.22,168.5662,0.3371324,2606.0,-1.7430000000000132,0.0,0,0.0,0.0,0.6666666666666666,0.0003113655898140493,0.0002562298239409294,0.012493506493507386,0.4799493073789721,670.0000166666666
2026-05-10T18:50:59.999000+00:00,-330.0,D2-2a53b8b913c713d1,MUUSDT,US_STOCK:2026-05-08T20:00:00+00:00:2026-05-11T08:00:00+00:00,31111-NEUTRAL CONTROL,FILL_LEVEL_CONTROL_REPLAY,766.2,-0.22,0.22,168.56400000000002,0.33712800000000004,2607.0,-1.740800000000015,0.0,0,0.0,0.0,0.6,0.00027874109706529525,0.00025591321834111605,0.00767532467532552,0.4816477515470797,669.0000166666666
2026-05-10T18:51:59.999000+00:00,-329.0,D2-2a53b8b913c713d1,MUUSDT,US_STOCK:2026-05-08T20:00:00+00:00:2026-05-11T08:00:00+00:00,31111-NEUTRAL CONTROL,FILL_LEVEL_CONTROL_REPLAY,766.24,-0.22,0.22,168.5728,0.3371456,2608.0,-1.7496000000000071,0.0,0,0.0,0.0,0.6,0.00027965874175938906,0.0002416828157770418,0.002259740259740862,0.47485397487464925,668.0000166666666
2026-05-10T18:52:59.999000+00:00,-328.0,D2-2a53b8b913c713d1,MUUSDT,US_STOCK:2026-05-08T20:00:00+00:00:2026-05-11T08:00:00+00:00,31111-NEUTRAL CONTROL,FILL_LEVEL_CONTROL_REPLAY,766.16,-0.22,0.22,168.55519999999999,0.3371104,2609.0,-1.731999999999998,0.0,0,0.0,0.0,0.6,0.00028341711541043994,0.00024132972201757754,-0.0005454545454539017,0.4884415282195295,667.0000166666666
2026-05-10T18:53:59.999000+00:00,-327.0,D2-2a53b8b913c713d1,MUUSDT,US_STOCK:2026-05-08T20:00:00+00:00:2026-05-11T08:00:00+00:00,31111-NEUTRAL CONTROL,FILL_LEVEL_CONTROL_REPLAY,765.83,-0.22,0.22,168.48260000000002,0.3369652,2610.0,-1.6594000000000142,0.0,0,0.0,0.0,0.5625,0.00032644320541113314,0.0002605703263311389,-0.00919480519480392,0.5444901857671197,666.0000166666666
2026-05-10T18:54:59.999000+00:00,-326.0,D2-2a53b8b913c713d1,MUUSDT,US_STOCK:2026-05-08T20:00:00+00:00:2026-05-11T08:00:00+00:00,31111-NEUTRAL CONTROL,FILL_LEVEL_CONTROL_REPLAY,765.83,-0.22,0.22,168.48260000000002,0.3369652,2611.0,-1.6594000000000142,0.0,0,0.0,0.0,0.6,0.00030872200283167775,0.0002503616102334747,-0.017805194805192933,0.5444901857671197,665.0000166666666
2026-05-10T18:55:59.999000+00:00,-325.0,D2-2a53b8b913c713d1,MUUSDT,US_STOCK:2026-05-08T20:00:00+00:00:2026-05-11T08:00:00+00:00,31111-NEUTRAL CONTROL,FILL_LEVEL_CONTROL_REPLAY,765.83,-0.22,0.22,168.48260000000002,0.3369652,2612.0,-1.6594000000000142,0.0,0,0.0,0.0,0.5714285714285714,0.00026675073356452917,0.00020864697450119046,-0.022948051948049386,0.5444901857671197,664.0000166666666
2026-05-10T18:56:59.999000+00:00,-324.0,D2-2a53b8b913c713d1,MUUSDT,US_STOCK:2026-05-08T20:00:00+00:00:2026-05-11T08:00:00+00:00,31111-NEUTRAL CONTROL,FILL_LEVEL_CONTROL_REPLAY,765.92,-0.22,0.22,168.5024,0.3370048,2613.0,-1.6791999999999963,0.0,0,0.0,0.0,0.6,0.0002713823151989094,0.0002115218206718584,-0.02014285714285595,0.529204188254151,663.0000166666666
2026-05-10T18:57:59.999000+00:00,-323.0,D2-2a53b8b913c713d1,MUUSDT,US_STOCK:2026-05-08T20:00:00+00:00:2026-05-11T08:00:00+00:00,31111-NEUTRAL CONTROL,FILL_LEVEL_CONTROL_REPLAY,765.83,-0.22,0.22,168.48260000000002,0.3369652,2614.0,-1.6594000000000142,0.0,0,0.0,0.0,0.6,0.00026301995407410913,0.00021126694917244094,-0.01768831168831081,0.5444901857671197,662.0000166666666
2026-05-10T18:58:59.999000+00:00,-322.0,D2-2a53b8b913c713d1,MUUSDT,US_STOCK:2026-05-08T20:00:00+00:00:2026-05-11T08:00:00+00:00,31111-NEUTRAL CONTROL,FILL_LEVEL_CONTROL_REPLAY,765.63,-0.22,0.22,168.4386,0.33687720000000004,2615.0,-1.6154000000000042,0.0,0,0.0,0.0,0.5333333333333333,0.000272418046016266,0.0002132255279541638,-0.01832467532467416,0.5784590691293108,661.0000166666666
2026-05-10T18:59:59.999000+00:00,-321.0,D2-2a53b8b913c713d1,MUUSDT,US_STOCK:2026-05-08T20:00:00+00:00:2026-05-11T08:00:00+00:00,31111-NEUTRAL CONTROL,FILL_LEVEL_CONTROL_REPLAY,765.63,-0.22,0.22,168.4386,0.33687720000000004,2616.0,-1.6154000000000042,0.0,0,0.0,0.0,0.5714285714285714,0.0002481616446586548,0.00021316295979860743,-0.016610389610389267,0.5784590691293108,660.0000166666666
2026-05-10T19:00:59.999000+00:00,-320.0,D2-2a53b8b913c713d1,MUUSDT,US_STOCK:2026-05-08T20:00:00+00:00:2026-05-11T08:00:00+00:00,31111-NEUTRAL CONTROL,FILL_LEVEL_CONTROL_REPLAY,765.61,-0.22,0.22,168.4342,0.3368684,2617.0,-1.6110000000000082,0.0,0,0.0,0.0,0.5714285714285714,0.0002276429439084105,0.00019738102739145778,-0.015259740259739373,0.5818559574655261,659.0000166666666
2026-05-10T19:01:59.999000+00:00,-319.0,D2-2a53b8b913c713d1,MUUSDT,US_STOCK:2026-05-08T20:00:00+00:00:2026-05-11T08:00:00+00:00,31111-NEUTRAL CONTROL,FILL_LEVEL_CONTROL_REPLAY,765.71,-0.22,0.22,168.4562,0.3369124,2618.0,-1.633000000000013,0.0,0,0.0,0.0,0.5714285714285714,0.0002444043530094389,0.00016545400777816417,-0.015948051948051028,0.5648715157844305,658.0000166666666
2026-05-10T19:02:59.999000+00:00,-318.0,D2-2a53b8b913c713d1,MUUSDT,US_STOCK:2026-05-08T20:00:00+00:00:2026-05-11T08:00:00+00:00,31111-NEUTRAL CONTROL,FILL_LEVEL_CONTROL_REPLAY,765.61,-0.22,0.22,168.4342,0.3368684,2619.0,-1.6110000000000082,0.0,0,0.0,0.0,0.6,0.00022577701813866058,0.0001678087407124951,-0.02309090909090817,0.5818559574655261,657.0000166666666
2026-05-10T19:03:59.999000+00:00,-317.0,D2-2a53b8b913c713d1,MUUSDT,US_STOCK:2026-05-08T20:00:00+00:00:2026-05-11T08:00:00+00:00,31111-NEUTRAL CONTROL,FILL_LEVEL_CONTROL_REPLAY,765.72,-0.22,0.22,168.4584,0.3369168,2620.0,-1.635200000000011,0.0,0,0.0,0.0,0.6,0.00020802083566539656,0.00016226756813094264,-0.028636363636362544,0.5631730716163229,656.0000166666666
2026-05-10T19:04:59.999000+00:00,-316.0,D2-2a53b8b913c713d1,MUUSDT,US_STOCK:2026-05-08T20:00:00+00:00:2026-05-11T08:00:00+00:00,31111-NEUTRAL CONTROL,FILL_LEVEL_CONTROL_REPLAY,765.84,-0.22,0.22,168.4848,0.33696960000000004,2621.0,-1.6616000000000122,0.0,0,0.0,0.0,0.5333333333333333,0.00022011311575710518,0.00016608970714543998,-0.030025974025973443,0.5427917415990121,655.0000166666666
2026-05-10T19:05:59.999000+00:00,-315.0,D2-2a53b8b913c713d1,MUUSDT,US_STOCK:2026-05-08T20:00:00+00:00:2026-05-11T08:00:00+00:00,31111-NEUTRAL CONTROL,FILL_LEVEL_CONTROL_REPLAY,765.85,-0.22,0.22,168.487,0.336974,2622.0,-1.6638000000000102,0.0,0,0.0,0.0,0.5333333333333333,0.0002658110969137848,0.00014960268516411515,-0.03175324675324637,0.5410932974309045,654.0000166666666
2026-05-10T19:06:59.999000+00:00,-314.0,D2-2a53b8b913c713d1,MUUSDT,US_STOCK:2026-05-08T20:00:00+00:00:2026-05-11T08:00:00+00:00,31111-NEUTRAL CONTROL,FILL_LEVEL_CONTROL_REPLAY,766.26,-0.22,0.22,168.5772,0.3371544,2623.0,-1.7540000000000031,0.0,0,0.0,0.0,0.5,0.0003141417870099939,0.00019219133638667953,-0.024688311688311825,0.471457086538434,653.0000166666666
2026-05-10T19:07:59.999000+00:00,-313.0,D2-2a53b8b913c713d1,MUUSDT,US_STOCK:2026-05-08T20:00:00+00:00:2026-05-11T08:00:00+00:00,31111-NEUTRAL CONTROL,FILL_LEVEL_CONTROL_REPLAY,766.1,-0.22,0.22,168.542,0.337084,2624.0,-1.71880000000001,0.0,0,0.0,0.0,0.5625,0.00029649243851043655,0.00019465737823957198,-0.019883116883117107,0.49863219322817526,652.0000166666666
2026-05-10T19:08:59.999000+00:00,-312.0,D2-2a53b8b913c713d1,MUUSDT,US_STOCK:2026-05-08T20:00:00+00:00:2026-05-11T08:00:00+00:00,31111-NEUTRAL CONTROL,FILL_LEVEL_CONTROL_REPLAY,765.6,-0.22,0.22,168.43200000000002,0.33686400000000005,2625.0,-1.60880000000001,0.0,0,0.0,0.0,0.5,0.0003256082997462104,0.00023632229921550504,-0.019831168831169102,0.5835544016336337,651.0000166666666
2026-05-10T19:09:59.999000+00:00,-311.0,D2-2a53b8b913c713d1,MUUSDT,US_STOCK:2026-05-08T20:00:00+00:00:2026-05-11T08:00:00+00:00,31111-NEUTRAL CONTROL,FILL_LEVEL_CONTROL_REPLAY,764.75,-0.22,0.22,168.245,0.33649,2626.0,-1.4218000000000053,0.0,0,0.0,0.0,0.5,0.00041376733759863974,0.0003303361586193163,-0.028415584415584852,0.7279221559229169,650.0000166666666
2026-05-10T19:10:59.999000+00:00,-310.0,D2-2a53b8b913c713d1,MUUSDT,US_STOCK:2026-05-08T20:00:00+00:00:2026-05-11T08:00:00+00:00,31111-NEUTRAL CONTROL,FILL_LEVEL_CONTROL_REPLAY,763.99,-0.22,0.22,168.0778,0.3361556,2627.0,-1.254600000000007,0.0,0,0.0,0.0,0.4375,0.0004684055326079428,0.000383070031214483,-0.04679220779220805,0.8570039126992121,649.0000166666666
2026-05-10T19:11:59.999000+00:00,-309.0,D2-2a53b8b913c713d1,MUUSDT,US_STOCK:2026-05-08T20:00:00+00:00:2026-05-11T08:00:00+00:00,31111-NEUTRAL CONTROL,FILL_LEVEL_CONTROL_REPLAY,763.84,-0.22,0.22,168.0448,0.33608960000000004,2628.0,-1.2216000000000122,0.0,0,0.0,0.0,0.375,0.00048252438805433895,0.0003805152068523636,-0.064376623376623,0.8824805752208457,648.0000166666666
2026-05-10T19:12:59.999000+00:00,-308.0,D2-2a53b8b913c713d1,MUUSDT,US_STOCK:2026-05-08T20:00:00+00:00:2026-05-11T08:00:00+00:00,31111-NEUTRAL CONTROL,FILL_LEVEL_CONTROL_REPLAY,763.5,-0.22,0.22,167.97,0.33594,2629.0,-1.1468000000000051,0.0,0,0.0,0.0,0.375,0.0005126765834035006,0.00038538523492919206,-0.08274025974025964,0.9402276769365628,647.0000166666666
2026-05-10T19:13:59.999000+00:00,-307.0,D2-2a53b8b913c713d1,MUUSDT,US_STOCK:2026-05-08T20:00:00+00:00:2026-05-11T08:00:00+00:00,31111-NEUTRAL CONTROL,FILL_LEVEL_CONTROL_REPLAY,763.34,-0.22,0.22,167.9348,0.3358696,2630.0,-1.1116000000000121,0.0,0,0.0,0.0,0.3125,0.0005361774756801891,0.0003810028736538615,-0.1007662337662341,0.967402783626304,646.0000166666666
2026-05-10T19:14:59.999000+00:00,-306.0,D2-2a53b8b913c713d1,MUUSDT,US_STOCK:2026-05-08T20:00:00+00:00:2026-05-11T08:00:00+00:00,31111-NEUTRAL CONTROL,FILL_LEVEL_CONTROL_REPLAY,763.3,-0.22,0.22,167.926,0.335852,2631.0,-1.1027999999999951,0.0,0,0.0,0.0,0.29411764705882354,0.0005521139413449207,0.00038005368144508665,-0.12036363636363719,0.9741965602987539,645.0000166666666
2026-05-10T19:15:59.999000+00:00,-305.0,D2-2a53b8b913c713d1,MUUSDT,US_STOCK:2026-05-08T20:00:00+00:00:2026-05-11T08:00:00+00:00,31111-NEUTRAL CONTROL,FILL_LEVEL_CONTROL_REPLAY,763.56,-0.22,0.22,167.98319999999998,0.33596639999999994,2632.0,-1.1599999999999933,0.0,0,0.0,0.0,0.3333333333333333,0.0005734416979112874,0.00039444252641086764,-0.1332987012987026,0.9300370119279171,644.0000166666666
2026-05-10T19:16:59.999000+00:00,-304.0,D2-2a53b8b913c713d1,MUUSDT,US_STOCK:2026-05-08T20:00:00+00:00:2026-05-11T08:00:00+00:00,31111-NEUTRAL CONTROL,FILL_LEVEL_CONTROL_REPLAY,763.66,-0.22,0.22,168.0052,0.3360104,2633.0,-1.1819999999999982,0.0,0,0.0,0.0,0.2777777777777778,0.0005827200586648526,0.00039490627023090513,-0.14198701298701438,0.9130525702468215,643.0000166666666
2026-05-10T19:17:59.999000+00:00,-303.0,D2-2a53b8b913c713d1,MUUSDT,US_STOCK:2026-05-08T20:00:00+00:00:2026-05-11T08:00:00+00:00,31111-NEUTRAL CONTROL,FILL_LEVEL_CONTROL_REPLAY,763.78,-0.22,0.22,168.0316,0.3360632,2634.0,-1.2083999999999993,0.0,0,0.0,0.0,0.2777777777777778,0.0005863692985639185,0.0004004524073839997,-0.14501298701298948,0.8926712402295107,642.0000166666666
2026-05-10T19:18:59.999000+00:00,-302.0,D2-2a53b8b913c713d1,MUUSDT,US_STOCK:2026-05-08T20:00:00+00:00:2026-05-11T08:00:00+00:00,31111-NEUTRAL CONTROL,FILL_LEVEL_CONTROL_REPLAY,763.9,-0.22,0.22,168.058,0.33611599999999997,2635.0,-1.2348000000000003,0.0,0,0.0,0.0,0.2777777777777778,0.0005993679052980085,0.00040416685795033005,-0.14498701298701533,0.8722899102121999,641.0000166666666
2026-05-10T19:19:59.999000+00:00,-301.0,D2-2a53b8b913c713d1,MUUSDT,US_STOCK:2026-05-08T20:00:00+00:00:2026-05-11T08:00:00+00:00,31111-NEUTRAL CONTROL,FILL_LEVEL_CONTROL_REPLAY,763.87,-0.22,0.22,168.0514,0.3361028,2636.0,-1.2282000000000062,0.0,0,0.0,0.0,0.3157894736842105,0.0005451563373722941,0.0004037081372389945,-0.14570129870130114,0.8773852427165229,640.0000166666666
2026-05-10T19:20:59.999000+00:00,-300.0,D2-2a53b8b913c713d1,MUUSDT,US_STOCK:2026-05-08T20:00:00+00:00:2026-05-11T08:00:00+00:00,31111-NEUTRAL CONTROL,FILL_LEVEL_CONTROL_REPLAY,763.76,-0.22,0.22,168.0272,0.3360544,2637.0,-1.2040000000000033,0.0,0,0.0,0.0,0.2631578947368421,0.0005143725029553145,0.0004032280097621814,-0.14555844155844427,0.896068128565726,639.0000166666666
2026-05-10T19:21:59.999000+00:00,-299.0,D2-2a53b8b913c713d1,MUUSDT,US_STOCK:2026-05-08T20:00:00+00:00:2026-05-11T08:00:00+00:00,31111-NEUTRAL CONTROL,FILL_LEVEL_CONTROL_REPLAY,763.65,-0.22,0.22,168.003,0.33600599999999997,2638.0,-1.1798000000000002,0.0,0,0.0,0.0,0.21052631578947367,0.0004929333744890806,0.00039908478446019387,-0.1447012987013016,0.9147510144149291,638.0000166666666
2026-05-10T19:22:59.999000+00:00,-298.0,D2-2a53b8b913c713d1,MUUSDT,US_STOCK:2026-05-08T20:00:00+00:00:2026-05-11T08:00:00+00:00,31111-NEUTRAL CONTROL,FILL_LEVEL_CONTROL_REPLAY,763.62,-0.22,0.22,167.9964,0.3359928,2639.0,-1.1732000000000062,0.0,0,0.0,0.0,0.15789473684210525,0.0004368290885145098,0.0003996265025880274,-0.1402597402597426,0.919846346919252,637.0000166666666
2026-05-10T19:23:59.999000+00:00,-297.0,D2-2a53b8b913c713d1,MUUSDT,US_STOCK:2026-05-08T20:00:00+00:00:2026-05-11T08:00:00+00:00,31111-NEUTRAL CONTROL,FILL_LEVEL_CONTROL_REPLAY,763.62,-0.22,0.22,167.9964,0.3359928,2640.0,-1.1732000000000062,0.0,0,0.0,0.0,0.16666666666666666,0.00036386834139645125,0.00039591563148314214,-0.13453246753246964,0.919846346919252,636.0000166666666
2026-05-10T19:24:59.999000+00:00,-296.0,D2-2a53b8b913c713d1,MUUSDT,US_STOCK:2026-05-08T20:00:00+00:00:2026-05-11T08:00:00+00:00,31111-NEUTRAL CONTROL,FILL_LEVEL_CONTROL_REPLAY,763.67,-0.22,0.22,168.0074,0.3360148,2641.0,-1.1841999999999961,0.0,0,0.0,0.0,0.2222222222222222,0.0002974358782495971,0.00039301747721152015,-0.12400000000000223,0.9113541260787139,635.0000166666666
2026-05-10T19:25:59.999000+00:00,-295.0,D2-2a53b8b913c713d1,MUUSDT,US_STOCK:2026-05-08T20:00:00+00:00:2026-05-11T08:00:00+00:00,31111-NEUTRAL CONTROL,FILL_LEVEL_CONTROL_REPLAY,763.99,-0.22,0.22,168.0778,0.3361556,2642.0,-1.254600000000007,0.0,0,0.0,0.0,0.2222222222222222,0.00031320529625482535,0.0004105820906843221,-0.1049350649350665,0.8570039126992121,634.0000166666666
2026-05-10T19:26:59.999000+00:00,-294.0,D2-2a53b8b913c713d1,MUUSDT,US_STOCK:2026-05-08T20:00:00+00:00:2026-05-11T08:00:00+00:00,31111-NEUTRAL CONTROL,FILL_LEVEL_CONTROL_REPLAY,763.89,-0.22,0.22,168.0558,0.3361116,2643.0,-1.2326000000000021,0.0,0,0.0,0.0,0.2222222222222222,0.0002889346446665045,0.0003819689259569348,-0.0846233766233779,0.8739883543803075,633.0000166666666
2026-05-10T19:27:59.999000+00:00,-293.0,D2-2a53b8b913c713d1,MUUSDT,US_STOCK:2026-05-08T20:00:00+00:00:2026-05-11T08:00:00+00:00,31111-NEUTRAL CONTROL,FILL_LEVEL_CONTROL_REPLAY,764.18,-0.22,0.22,168.1196,0.33623919999999996,2644.0,-1.2963999999999942,0.0,0,0.0,0.0,0.2777777777777778,0.0003103232970541873,0.00039896110110541606,-0.05214285714285903,0.8247334735051479,632.0000166666666
2026-05-10T19:28:59.999000+00:00,-292.0,D2-2a53b8b913c713d1,MUUSDT,US_STOCK:2026-05-08T20:00:00+00:00:2026-05-11T08:00:00+00:00,31111-NEUTRAL CONTROL,FILL_LEVEL_CONTROL_REPLAY,763.69,-0.22,0.22,168.01180000000002,0.33602360000000003,2645.0,-1.1886000000000172,0.0,0,0.0,0.0,0.3333333333333333,0.00032829326783680965,0.00039821182312088687,-0.025610389610390236,0.9079572377424794,631.0000166666666
2026-05-10T19:29:59.999000+00:00,-291.0,D2-2a53b8b913c713d1,MUUSDT,US_STOCK:2026-05-08T20:00:00+00:00:2026-05-11T08:00:00+00:00,31111-NEUTRAL CONTROL,FILL_LEVEL_CONTROL_REPLAY,763.26,-0.22,0.22,167.9172,0.33583440000000003,2646.0,-1.0940000000000032,0.0,0,0.0,0.0,0.3333333333333333,0.00033783657319544054,0.0003447800880253403,-0.008675324675324905,0.9809903369711844,630.0000166666666
2026-05-10T19:30:59.999000+00:00,-290.0,D2-2a53b8b913c713d1,MUUSDT,US_STOCK:2026-05-08T20:00:00+00:00:2026-05-11T08:00:00+00:00,31111-NEUTRAL CONTROL,FILL_LEVEL_CONTROL_REPLAY,763.19,-0.22,0.22,167.9018,0.33580360000000004,2647.0,-1.078600000000017,0.0,0,0.0,0.0,0.3333333333333333,0.00032944426869925753,0.0002768921787776106,-0.0017532467532460445,0.9928794461479378,629.0000166666666
2026-05-10T19:31:59.999000+00:00,-289.0,D2-2a53b8b913c713d1,MUUSDT,US_STOCK:2026-05-08T20:00:00+00:00:2026-05-11T08:00:00+00:00,31111-NEUTRAL CONTROL,FILL_LEVEL_CONTROL_REPLAY,763.23,-0.22,0.22,167.91060000000002,0.33582120000000004,2648.0,-1.0874000000000092,0.0,0,0.0,0.0,0.3888888888888889,0.0003294270029068279,0.0002757291731937054,-0.0031428571428559087,0.9860856694755072,628.0000166666666
2026-05-10T19:32:59.999000+00:00,-288.0,D2-2a53b8b913c713d1,MUUSDT,US_STOCK:2026-05-08T20:00:00+00:00:2026-05-11T08:00:00+00:00,31111-NEUTRAL CONTROL,FILL_LEVEL_CONTROL_REPLAY,763.3,-0.22,0.22,167.926,0.335852,2649.0,-1.1027999999999951,0.0,0,0.0,0.0,0.3888888888888889,0.00030506634725159466,0.00026069611679542423,-0.004779220779219533,0.9741965602987539,627.0000166666666
2026-05-10T19:33:59.999000+00:00,-287.0,D2-2a53b8b913c713d1,MUUSDT,US_STOCK:2026-05-08T20:00:00+00:00:2026-05-11T08:00:00+00:00,31111-NEUTRAL CONTROL,FILL_LEVEL_CONTROL_REPLAY,763.21,-0.22,0.22,167.9062,0.3358124,2650.0,-1.083000000000013,0.0,0,0.0,0.0,0.4444444444444444,0.00029667925135751433,0.00025799329962426234,-0.011740259740257773,0.9894825578117226,626.0000166666666
2026-05-10T19:34:59.999000+00:00,-286.0,D2-2a53b8b913c713d1,MUUSDT,US_STOCK:2026-05-08T20:00:00+00:00:2026-05-11T08:00:00+00:00,31111-NEUTRAL CONTROL,FILL_LEVEL_CONTROL_REPLAY,763.25,-0.22,0.22,167.915,0.33582999999999996,2651.0,-1.0918000000000052,0.0,0,0.0,0.0,0.4444444444444444,0.0002938561602171047,0.00025811244322872484,-0.02009090909090647,0.982688781139292,625.0000166666666
2026-05-10T19:35:59.999000+00:00,-285.0,D2-2a53b8b913c713d1,MUUSDT,US_STOCK:2026-05-08T20:00:00+00:00:2026-05-11T08:00:00+00:00,31111-NEUTRAL CONTROL,FILL_LEVEL_CONTROL_REPLAY,763.22,-0.22,0.22,167.9084,0.3358168,2652.0,-1.0852000000000113,0.0,0,0.0,0.0,0.5,0.00028544475099857375,0.00024579243812932166,-0.029285714285711716,0.9877841136436148,624.0000166666666
2026-05-10T19:36:59.999000+00:00,-284.0,D2-2a53b8b913c713d1,MUUSDT,US_STOCK:2026-05-08T20:00:00+00:00:2026-05-11T08:00:00+00:00,31111-NEUTRAL CONTROL,FILL_LEVEL_CONTROL_REPLAY,763.29,-0.22,0.22,167.9238,0.3358476,2653.0,-1.1005999999999971,0.0,0,0.0,0.0,0.5555555555555556,0.00028635437195745843,0.00024471572713770324,-0.033753246753245286,0.9758950044668615,623.0000166666666
2026-05-10T19:37:59.999000+00:00,-283.0,D2-2a53b8b913c713d1,MUUSDT,US_STOCK:2026-05-08T20:00:00+00:00:2026-05-11T08:00:00+00:00,31111-NEUTRAL CONTROL,FILL_LEVEL_CONTROL_REPLAY,763.21,-0.22,0.22,167.9062,0.3358124,2654.0,-1.083000000000013,0.0,0,0.0,0.0,0.6111111111111112,0.00029199976789758887,0.00024165044723802504,-0.03748051948051787,0.9894825578117226,622.0000166666666
2026-05-10T19:38:59.999000+00:00,-282.0,D2-2a53b8b913c713d1,MUUSDT,US_STOCK:2026-05-08T20:00:00+00:00:2026-05-11T08:00:00+00:00,31111-NEUTRAL CONTROL,FILL_LEVEL_CONTROL_REPLAY,763.18,-0.22,0.22,167.8996,0.33579919999999996,2655.0,-1.076399999999994,0.0,0,0.0,0.0,0.5555555555555556,0.00029388311313936045,0.00023750556023079792,-0.039298701298700695,0.9945778903160647,621.0000166666666
2026-05-10T19:39:59.999000+00:00,-281.0,D2-2a53b8b913c713d1,MUUSDT,US_STOCK:2026-05-08T20:00:00+00:00:2026-05-11T08:00:00+00:00,31111-NEUTRAL CONTROL,FILL_LEVEL_CONTROL_REPLAY,763.34,-0.22,0.22,167.9348,0.3358696,2656.0,-1.1116000000000121,0.0,0,0.0,0.0,0.6111111111111112,0.0002741710303216163,0.00024402338632759725,-0.03654545454545379,0.967402783626304,620.0000166666666
2026-05-10T19:40:59.999000+00:00,-280.0,D2-2a53b8b913c713d1,MUUSDT,US_STOCK:2026-05-08T20:00:00+00:00:2026-05-11T08:00:00+00:00,31111-NEUTRAL CONTROL,FILL_LEVEL_CONTROL_REPLAY,763.31,-0.22,0.22,167.92819999999998,0.33585639999999994,2657.0,-1.104999999999993,0.0,0,0.0,0.0,0.6666666666666666,0.0002769891281767012,0.00024274147419913706,-0.03388311688311678,0.9724981161306463,619.0000166666666
2026-05-10T19:41:59.999000+00:00,-279.0,D2-2a53b8b913c713d1,MUUSDT,US_STOCK:2026-05-08T20:00:00+00:00:2026-05-11T08:00:00+00:00,31111-NEUTRAL CONTROL,FILL_LEVEL_CONTROL_REPLAY,763.2,-0.22,0.22,167.90400000000002,0.33580800000000005,2658.0,-1.080800000000015,0.0,0,0.0,0.0,0.6666666666666666,0.00023116951182987046,0.00024274347892949008,-0.033493506493505854,0.9911810019798302,618.0000166666666
2026-05-10T19:42:59.999000+00:00,-278.0,D2-2a53b8b913c713d1,MUUSDT,US_STOCK:2026-05-08T20:00:00+00:00:2026-05-11T08:00:00+00:00,31111-NEUTRAL CONTROL,FILL_LEVEL_CONTROL_REPLAY,763.63,-0.22,0.22,167.9986,0.3359972,2659.0,-1.175400000000004,0.0,0,0.0,0.0,0.6666666666666666,0.00028435611113083336,0.00027492828374155463,-0.02836363636363611,0.9181479027511444,617.0000166666666
2026-05-10T19:43:59.999000+00:00,-277.0,D2-2a53b8b913c713d1,MUUSDT,US_STOCK:2026-05-08T20:00:00+00:00:2026-05-11T08:00:00+00:00,31111-NEUTRAL CONTROL,FILL_LEVEL_CONTROL_REPLAY,763.68,-0.22,0.22,168.00959999999998,0.33601919999999996,2660.0,-1.1863999999999941,0.0,0,0.0,0.0,0.631578947368421,0.0002394420999071898,0.0002752901535477556,-0.02298701298701334,0.9096556819106063,616.0000166666666
2026-05-10T19:44:59.999000+00:00,-276.0,D2-2a53b8b913c713d1,MUUSDT,US_STOCK:2026-05-08T20:00:00+00:00:2026-05-11T08:00:00+00:00,31111-NEUTRAL CONTROL,FILL_LEVEL_CONTROL_REPLAY,763.78,-0.22,0.22,168.0316,0.3360632,2661.0,-1.2083999999999993,0.0,0,0.0,0.0,0.631578947368421,0.00024782753448073587,0.0002763891265989099,-0.016389610389610985,0.8926712402295107,615.0000166666666
2026-05-10T19:45:59.999000+00:00,-275.0,D2-2a53b8b913c713d1,MUUSDT,US_STOCK:2026-05-08T20:00:00+00:00:2026-05-11T08:00:00+00:00,31111-NEUTRAL CONTROL,FILL_LEVEL_CONTROL_REPLAY,763.55,-0.22,0.22,167.981,0.335962,2662.0,-1.157799999999995,0.0,0,0.0,0.0,0.631578947368421,0.0002703537049683221,0.00026715267396226094,-0.012272727272728956,0.9317354560960247,614.0000166666666
2026-05-10T19:46:59.999000+00:00,-274.0,D2-2a53b8b913c713d1,MUUSDT,US_STOCK:2026-05-08T20:00:00+00:00:2026-05-11T08:00:00+00:00,31111-NEUTRAL CONTROL,FILL_LEVEL_CONTROL_REPLAY,763.76,-0.22,0.22,168.0272,0.3360544,2663.0,-1.2040000000000033,0.0,0,0.0,0.0,0.631578947368421,0.00030488261084259745,0.00027395595421582483,-0.0007012987013002781,0.896068128565726,613.0000166666666
2026-05-10T19:47:59.999000+00:00,-273.0,D2-2a53b8b913c713d1,MUUSDT,US_STOCK:2026-05-08T20:00:00+00:00:2026-05-11T08:00:00+00:00,31111-NEUTRAL CONTROL,FILL_LEVEL_CONTROL_REPLAY,763.9,-0.22,0.22,168.058,0.33611599999999997,2664.0,-1.2348000000000003,0.0,0,0.0,0.0,0.5789473684210527,0.000309501991659337,0.0002631786576465319,0.01155844155843961,0.8722899102121999,612.0000166666666
2026-05-10T19:48:59.999000+00:00,-272.0,D2-2a53b8b913c713d1,MUUSDT,US_STOCK:2026-05-08T20:00:00+00:00:2026-05-11T08:00:00+00:00,31111-NEUTRAL CONTROL,FILL_LEVEL_CONTROL_REPLAY,763.9,-0.22,0.22,168.058,0.33611599999999997,2665.0,-1.2348000000000003,0.0,0,0.0,0.0,0.6111111111111112,0.0003020215809847978,0.00022102104838096765,0.02794805194804912,0.8722899102121999,611.0000166666666
2026-05-10T19:49:59.999000+00:00,-271.0,D2-2a53b8b913c713d1,MUUSDT,US_STOCK:2026-05-08T20:00:00+00:00:2026-05-11T08:00:00+00:00,31111-NEUTRAL CONTROL,FILL_LEVEL_CONTROL_REPLAY,763.95,-0.22,0.22,168.06900000000002,0.33613800000000005,2666.0,-1.2458000000000153,0.0,0,0.0,0.0,0.6111111111111112,0.00030574177442428875,0.00017708699920247702,0.03835064935064798,0.8637976893716426,610.0000166666666
2026-05-10T19:50:59.999000+00:00,-270.0,D2-2a53b8b913c713d1,MUUSDT,US_STOCK:2026-05-08T20:00:00+00:00:2026-05-11T08:00:00+00:00,31111-NEUTRAL CONTROL,FILL_LEVEL_CONTROL_REPLAY,764.07,-0.22,0.22,168.0954,0.3361908,2667.0,-1.2722000000000162,0.0,0,0.0,0.0,0.5555555555555556,0.0003402829583677088,0.0001757661244817659,0.043831168831168096,0.8434163593543318,609.0000166666666
2026-05-10T19:51:59.999000+00:00,-269.0,D2-2a53b8b913c713d1,MUUSDT,US_STOCK:2026-05-08T20:00:00+00:00:2026-05-11T08:00:00+00:00,31111-NEUTRAL CONTROL,FILL_LEVEL_CONTROL_REPLAY,764.05,-0.22,0.22,168.09099999999998,0.336182,2668.0,-1.2677999999999952,0.0,0,0.0,0.0,0.6111111111111112,0.00036272869202654435,0.00017671488408897744,0.04699999999999948,0.8468132476905663,608.0000166666666
2026-05-10T19:52:59.999000+00:00,-268.0,D2-2a53b8b913c713d1,MUUSDT,US_STOCK:2026-05-08T20:00:00+00:00:2026-05-11T08:00:00+00:00,31111-NEUTRAL CONTROL,FILL_LEVEL_CONTROL_REPLAY,764.0,-0.22,0.22,168.08,0.33616,2669.0,-1.2568000000000052,0.0,0,0.0,0.0,0.5555555555555556,0.0003646222887060775,0.00017833672221200517,0.04897402597402587,0.8553054685311045,607.0000166666666
2026-05-10T19:53:59.999000+00:00,-267.0,D2-2a53b8b913c713d1,MUUSDT,US_STOCK:2026-05-08T20:00:00+00:00:2026-05-11T08:00:00+00:00,31111-NEUTRAL CONTROL,FILL_LEVEL_CONTROL_REPLAY,763.99,-0.22,0.22,168.0778,0.3361556,2670.0,-1.254600000000007,0.0,0,0.0,0.0,0.5,0.00035995235539732406,0.0001749553156234363,0.05081818181818137,0.8570039126992121,606.0000166666666
2026-05-10T19:54:59.999000+00:00,-266.0,D2-2a53b8b913c713d1,MUUSDT,US_STOCK:2026-05-08T20:00:00+00:00:2026-05-11T08:00:00+00:00,31111-NEUTRAL CONTROL,FILL_LEVEL_CONTROL_REPLAY,764.25,-0.22,0.22,168.135,0.33626999999999996,2671.0,-1.3118000000000052,0.0,0,0.0,0.0,0.5,0.00036730688349923484,0.00018596960109886846,0.05385714285714304,0.8128443643283753,605.0000166666666
2026-05-10T19:55:59.999000+00:00,-265.0,D2-2a53b8b913c713d1,MUUSDT,US_STOCK:2026-05-08T20:00:00+00:00:2026-05-11T08:00:00+00:00,31111-NEUTRAL CONTROL,FILL_LEVEL_CONTROL_REPLAY,764.16,-0.22,0.22,168.1152,0.3362304,2672.0,-1.291999999999998,0.0,0,0.0,0.0,0.5,0.0003860448073701945,0.00018894242466019676,0.05494805194805188,0.8281303618413631,604.0000166666666
2026-05-10T19:56:59.999000+00:00,-264.0,D2-2a53b8b913c713d1,MUUSDT,US_STOCK:2026-05-08T20:00:00+00:00:2026-05-11T08:00:00+00:00,31111-NEUTRAL CONTROL,FILL_LEVEL_CONTROL_REPLAY,764.07,-0.22,0.22,168.0954,0.3361908,2673.0,-1.2722000000000162,0.0,0,0.0,0.0,0.4444444444444444,0.00033373905532217165,0.00019274903610407883,0.05325974025974143,0.8434163593543318,603.0000166666666
2026-05-10T19:57:59.999000+00:00,-263.0,D2-2a53b8b913c713d1,MUUSDT,US_STOCK:2026-05-08T20:00:00+00:00:2026-05-11T08:00:00+00:00,31111-NEUTRAL CONTROL,FILL_LEVEL_CONTROL_REPLAY,764.36,-0.22,0.22,168.1592,0.3363184,2674.0,-1.3360000000000083,0.0,0,0.0,0.0,0.5,0.00037005748973931846,0.00020185320195988983,0.05523376623376723,0.7941614784791721,602.0000166666666
2026-05-10T19:58:59.999000+00:00,-262.0,D2-2a53b8b913c713d1,MUUSDT,US_STOCK:2026-05-08T20:00:00+00:00:2026-05-11T08:00:00+00:00,31111-NEUTRAL CONTROL,FILL_LEVEL_CONTROL_REPLAY,763.97,-0.22,0.22,168.07340000000002,0.3361468,2675.0,-1.250200000000011,0.0,0,0.0,0.0,0.5,0.0004123198554917154,0.0002380675405249609,0.04961038961039159,0.8604008010354273,601.0000166666666
2026-05-10T19:59:59.999000+00:00,-261.0,D2-2a53b8b913c713d1,MUUSDT,US_STOCK:2026-05-08T20:00:00+00:00:2026-05-11T08:00:00+00:00,31111-NEUTRAL CONTROL,FILL_LEVEL_CONTROL_REPLAY,763.88,-0.22,0.22,168.0536,0.3361072,2676.0,-1.2304000000000042,0.0,0,0.0,0.0,0.4444444444444444,0.0004058229041210691,0.00023790600171194617,0.041402597402598725,0.8756867985484152,600.0000166666666
2026-05-10T20:00:59.999000+00:00,-260.0,D2-2a53b8b913c713d1,MUUSDT,US_STOCK:2026-05-08T20:00:00+00:00:2026-05-11T08:00:00+00:00,31111-NEUTRAL CONTROL,FILL_LEVEL_CONTROL_REPLAY,763.85,-0.22,0.22,168.047,0.336094,2677.0,-1.22380000000001,0.0,0,0.0,0.0,0.4444444444444444,0.00038526636680724565,0.00023790556568589958,0.03418181818182031,0.8807821310527381,599.0000166666666
2026-05-10T20:01:59.999000+00:00,-259.0,D2-2a53b8b913c713d1,MUUSDT,US_STOCK:2026-05-08T20:00:00+00:00:2026-05-11T08:00:00+00:00,31111-NEUTRAL CONTROL,FILL_LEVEL_CONTROL_REPLAY,763.85,-0.22,0.22,168.047,0.336094,2678.0,-1.22380000000001,0.0,0,0.0,0.0,0.4117647058823529,0.0003749801288585072,0.00023451819309375701,0.02587012987013159,0.8807821310527381,598.0000166666666
2026-05-10T20:02:59.999000+00:00,-258.0,D2-2a53b8b913c713d1,MUUSDT,US_STOCK:2026-05-08T20:00:00+00:00:2026-05-11T08:00:00+00:00,31111-NEUTRAL CONTROL,FILL_LEVEL_CONTROL_REPLAY,763.85,-0.22,0.22,168.047,0.336094,2679.0,-1.22380000000001,0.0,0,0.0,0.0,0.4375,0.00038526636680724565,0.00020182434437484054,0.01528571428571692,0.8807821310527381,597.0000166666666
2026-05-10T20:03:59.999000+00:00,-257.0,D2-2a53b8b913c713d1,MUUSDT,US_STOCK:2026-05-08T20:00:00+00:00:2026-05-11T08:00:00+00:00,31111-NEUTRAL CONTROL,FILL_LEVEL_CONTROL_REPLAY,763.88,-0.22,0.22,168.0536,0.3361072,2680.0,-1.2304000000000042,0.0,0,0.0,0.0,0.5,0.0003843161603542722,0.00020157357606174933,0.0103896103896129,0.8756867985484152,596.0000166666666
2026-05-10T20:04:59.999000+00:00,-256.0,D2-2a53b8b913c713d1,MUUSDT,US_STOCK:2026-05-08T20:00:00+00:00:2026-05-11T08:00:00+00:00,31111-NEUTRAL CONTROL,FILL_LEVEL_CONTROL_REPLAY,764.08,-0.22,0.22,168.0976,0.3361952,2681.0,-1.2744000000000142,0.0,0,0.0,0.0,0.4375,0.0003617796191872103,0.00020733464262669347,0.008480519480521807,0.8417179151862241,595.0000166666666
2026-05-10T20:05:59.999000+00:00,-255.0,D2-2a53b8b913c713d1,MUUSDT,US_STOCK:2026-05-08T20:00:00+00:00:2026-05-11T08:00:00+00:00,31111-NEUTRAL CONTROL,FILL_LEVEL_CONTROL_REPLAY,764.03,-0.22,0.22,168.0866,0.3361732,2682.0,-1.2633999999999992,0.0,0,0.0,0.0,0.4375,0.00034217055799976574,0.00019510380445475177,0.006831168831170296,0.8502101360267815,594.0000166666666
2026-05-10T20:06:59.999000+00:00,-254.0,D2-2a53b8b913c713d1,MUUSDT,US_STOCK:2026-05-08T20:00:00+00:00:2026-05-11T08:00:00+00:00,31111-NEUTRAL CONTROL,FILL_LEVEL_CONTROL_REPLAY,764.31,-0.22,0.22,168.1482,0.3362964,2683.0,-1.324999999999993,0.0,0,0.0,0.0,0.5,0.0003607362009057563,0.00020171825801998012,0.005207792207792196,0.8026536993197295,593.0000166666666
2026-05-10T20:07:59.999000+00:00,-253.0,D2-2a53b8b913c713d1,MUUSDT,US_STOCK:2026-05-08T20:00:00+00:00:2026-05-11T08:00:00+00:00,31111-NEUTRAL CONTROL,FILL_LEVEL_CONTROL_REPLAY,764.76,-0.22,0.22,168.2472,0.33649439999999997,2684.0,-1.424000000000003,0.0,0,0.0,0.0,0.5,0.00040442192882173374,0.0002333908662009409,0.011441558441558076,0.7262237117548092,592.0000166666666
2026-05-10T20:08:59.999000+00:00,-252.0,D2-2a53b8b913c713d1,MUUSDT,US_STOCK:2026-05-08T20:00:00+00:00:2026-05-11T08:00:00+00:00,31111-NEUTRAL CONTROL,FILL_LEVEL_CONTROL_REPLAY,764.33,-0.22,0.22,168.1526,0.3363052,2685.0,-1.3294000000000143,0.0,0,0.0,0.0,0.5294117647058824,0.0004289471077376642,0.0002695422863685524,0.012792207792207527,0.7992568109834949,591.0000166666666
2026-05-10T20:09:59.999000+00:00,-251.0,D2-2a53b8b913c713d1,MUUSDT,US_STOCK:2026-05-08T20:00:00+00:00:2026-05-11T08:00:00+00:00,31111-NEUTRAL CONTROL,FILL_LEVEL_CONTROL_REPLAY,764.05,-0.22,0.22,168.09099999999998,0.336182,2686.0,-1.2677999999999952,0.0,0,0.0,0.0,0.5294117647058824,0.00044406218740357053,0.0002826645941460369,0.009948051948050578,0.8468132476905663,590.0000166666666
2026-05-10T20:10:59.999000+00:00,-250.0,D2-2a53b8b913c713d1,MUUSDT,US_STOCK:2026-05-08T20:00:00+00:00:2026-05-11T08:00:00+00:00,31111-NEUTRAL CONTROL,FILL_LEVEL_CONTROL_REPLAY,764.21,-0.22,0.22,168.1262,0.3362524,2687.0,-1.3030000000000133,0.0,0,0.0,0.0,0.5294117647058824,0.0004149943826210659,0.0002842831745578163,0.009701298701298294,0.8196381410008057,589.0000166666666
2026-05-10T20:11:59.999000+00:00,-249.0,D2-2a53b8b913c713d1,MUUSDT,US_STOCK:2026-05-08T20:00:00+00:00:2026-05-11T08:00:00+00:00,31111-NEUTRAL CONTROL,FILL_LEVEL_CONTROL_REPLAY,764.23,-0.22,0.22,168.13060000000002,0.33626120000000004,2688.0,-1.307400000000009,0.0,0,0.0,0.0,0.5294117647058824,0.00037853226683812847,0.00028418637558605745,0.011090909090909486,0.8162412526645905,588.0000166666666
2026-05-10T20:12:59.999000+00:00,-248.0,D2-2a53b8b913c713d1,MUUSDT,US_STOCK:2026-05-08T20:00:00+00:00:2026-05-11T08:00:00+00:00,31111-NEUTRAL CONTROL,FILL_LEVEL_CONTROL_REPLAY,763.92,-0.22,0.22,168.0624,0.3361248,2689.0,-1.239199999999996,0.0,0,0.0,0.0,0.5882352941176471,0.00036746555361068446,0.0002981401782483757,0.007961038961038069,0.8688930218759847,587.0000166666666
2026-05-10T20:13:59.999000+00:00,-247.0,D2-2a53b8b913c713d1,MUUSDT,US_STOCK:2026-05-08T20:00:00+00:00:2026-05-11T08:00:00+00:00,31111-NEUTRAL CONTROL,FILL_LEVEL_CONTROL_REPLAY,763.63,-0.22,0.22,167.9986,0.3359972,2690.0,-1.175400000000004,0.0,0,0.0,0.0,0.5294117647058824,0.0003694758680811966,0.0003091253065711441,0.0005194805194794564,0.9181479027511444,586.0000166666666
2026-05-10T20:14:59.999000+00:00,-246.0,D2-2a53b8b913c713d1,MUUSDT,US_STOCK:2026-05-08T20:00:00+00:00:2026-05-11T08:00:00+00:00,31111-NEUTRAL CONTROL,FILL_LEVEL_CONTROL_REPLAY,763.74,-0.22,0.22,168.0228,0.3360456,2691.0,-1.199600000000007,0.0,0,0.0,0.0,0.5294117647058824,0.000380645619863138,0.0003004117658644953,-0.005155844155845077,0.8994650169019413,585.0000166666666
2026-05-10T20:15:59.999000+00:00,-245.0,D2-2a53b8b913c713d1,MUUSDT,US_STOCK:2026-05-08T20:00:00+00:00:2026-05-11T08:00:00+00:00,31111-NEUTRAL CONTROL,FILL_LEVEL_CONTROL_REPLAY,763.93,-0.22,0.22,168.06459999999998,0.33612919999999996,2692.0,-1.2413999999999943,0.0,0,0.0,0.0,0.5294117647058824,0.00041140643028249264,0.0003058335313732602,-0.004324675324677002,0.8671945777078771,584.0000166666666
2026-05-10T20:16:59.999000+00:00,-244.0,D2-2a53b8b913c713d1,MUUSDT,US_STOCK:2026-05-08T20:00:00+00:00:2026-05-11T08:00:00+00:00,31111-NEUTRAL CONTROL,FILL_LEVEL_CONTROL_REPLAY,763.86,-0.22,0.22,168.0492,0.3360984,2693.0,-1.2260000000000082,0.0,0,0.0,0.0,0.5294117647058824,0.0004927978574981829,0.00030544708477418917,-0.0052727272727292685,0.8790836868846305,583.0000166666666
2026-05-10T20:17:59.999000+00:00,-243.0,D2-2a53b8b913c713d1,MUUSDT,US_STOCK:2026-05-08T20:00:00+00:00:2026-05-11T08:00:00+00:00,31111-NEUTRAL CONTROL,FILL_LEVEL_CONTROL_REPLAY,764.84,-0.22,0.22,168.2648,0.33652960000000004,2694.0,-1.4416000000000122,0.0,0,0.0,0.0,0.5294117647058824,0.0006555993036825506,0.00040937905896453803,0.005610389610388642,0.7126361584099289,582.0000166666666
2026-05-10T20:18:59.999000+00:00,-242.0,D2-2a53b8b913c713d1,MUUSDT,US_STOCK:2026-05-08T20:00:00+00:00:2026-05-11T08:00:00+00:00,31111-NEUTRAL CONTROL,FILL_LEVEL_CONTROL_REPLAY,763.46,-0.22,0.22,167.96120000000002,0.33592240000000007,2695.0,-1.1380000000000132,0.0,0,0.0,0.0,0.5882352941176471,0.0007653128052362961,0.0005632366223239203,0.0017142857142853362,0.9470214536089933,581.0000166666666
2026-05-10T20:19:59.999000+00:00,-241.0,D2-2a53b8b913c713d1,MUUSDT,US_STOCK:2026-05-08T20:00:00+00:00:2026-05-11T08:00:00+00:00,31111-NEUTRAL CONTROL,FILL_LEVEL_CONTROL_REPLAY,763.46,-0.22,0.22,167.96120000000002,0.33592240000000007,2696.0,-1.1380000000000132,0.0,0,0.0,0.0,0.625,0.0007840246097652948,0.0005629372601842869,-0.006584415584415206,0.9470214536089933,580.0000166666666
2026-05-10T20:20:59.999000+00:00,-240.0,D2-2a53b8b913c713d1,MUUSDT,US_STOCK:2026-05-08T20:00:00+00:00:2026-05-11T08:00:00+00:00,31111-NEUTRAL CONTROL,FILL_LEVEL_CONTROL_REPLAY,763.94,-0.22,0.22,168.0668,0.3361336,2697.0,-1.2436000000000171,0.0,0,0.0,0.0,0.625,0.0008218670875423883,0.0005807720909365738,-0.009272727272726369,0.8654961335397502,579.0000166666666
2026-05-10T20:21:59.999000+00:00,-239.0,D2-2a53b8b913c713d1,MUUSDT,US_STOCK:2026-05-08T20:00:00+00:00:2026-05-11T08:00:00+00:00,31111-NEUTRAL CONTROL,FILL_LEVEL_CONTROL_REPLAY,763.55,-0.22,0.22,167.981,0.335962,2698.0,-1.157799999999995,0.0,0,0.0,0.0,0.6470588235294118,0.0008728027914721581,0.0005915953897446305,-0.01753246753246709,0.9317354560960247,578.0000166666666
2026-05-10T20:22:59.999000+00:00,-238.0,D2-2a53b8b913c713d1,MUUSDT,US_STOCK:2026-05-08T20:00:00+00:00:2026-05-11T08:00:00+00:00,31111-NEUTRAL CONTROL,FILL_LEVEL_CONTROL_REPLAY,763.74,-0.22,0.22,168.0228,0.3360456,2699.0,-1.199600000000007,0.0,0,0.0,0.0,0.6666666666666666,0.0008997078287674568,0.0005944835580031516,-0.022935064935064156,0.8994650169019413,577.0000166666666
2026-05-10T20:23:59.999000+00:00,-237.0,D2-2a53b8b913c713d1,MUUSDT,US_STOCK:2026-05-08T20:00:00+00:00:2026-05-11T08:00:00+00:00,31111-NEUTRAL CONTROL,FILL_LEVEL_CONTROL_REPLAY,763.79,-0.22,0.22,168.03379999999999,0.33606759999999997,2700.0,-1.2105999999999972,0.0,0,0.0,0.0,0.6666666666666666,0.000873463723199889,0.0005946129469813582,-0.027545454545454002,0.8909727960614031,576.0000166666666
2026-05-10T20:24:59.999000+00:00,-236.0,D2-2a53b8b913c713d1,MUUSDT,US_STOCK:2026-05-08T20:00:00+00:00:2026-05-11T08:00:00+00:00,31111-NEUTRAL CONTROL,FILL_LEVEL_CONTROL_REPLAY,762.8,-0.22,0.22,167.816,0.335632,2701.0,-0.9927999999999951,0.0,0,0.0,0.0,0.6666666666666666,0.000959809723574789,0.0006535908159936989,-0.04450649350649363,1.0591187687042123,575.0000166666666
2026-05-10T20:25:59.999000+00:00,-235.0,D2-2a53b8b913c713d1,MUUSDT,US_STOCK:2026-05-08T20:00:00+00:00:2026-05-11T08:00:00+00:00,31111-NEUTRAL CONTROL,FILL_LEVEL_CONTROL_REPLAY,762.82,-0.22,0.22,167.8204,0.3356408,2702.0,-0.9972000000000162,0.0,0,0.0,0.0,0.6666666666666666,0.0009625936843366773,0.0006540233939030757,-0.0569480519480508,1.0557218803679778,574.0000166666666
2026-05-10T20:26:59.999000+00:00,-234.0,D2-2a53b8b913c713d1,MUUSDT,US_STOCK:2026-05-08T20:00:00+00:00:2026-05-11T08:00:00+00:00,31111-NEUTRAL CONTROL,FILL_LEVEL_CONTROL_REPLAY,762.34,-0.22,0.22,167.7148,0.3354296,2703.0,-0.8916000000000122,0.0,0,0.0,0.0,0.7222222222222222,0.0009650737016479187,0.0006561103270207966,-0.07470129870129749,1.137247200437221,573.0000166666666
2026-05-10T20:27:59.999000+00:00,-233.0,D2-2a53b8b913c713d1,MUUSDT,US_STOCK:2026-05-08T20:00:00+00:00:2026-05-11T08:00:00+00:00,31111-NEUTRAL CONTROL,FILL_LEVEL_CONTROL_REPLAY,762.24,-0.22,0.22,167.6928,0.3353856,2704.0,-0.8696000000000071,0.0,0,0.0,0.0,0.6666666666666666,0.0009548923473671423,0.0006351684403733408,-0.08755844155844106,1.1542316421183165,572.0000166666666
2026-05-10T20:28:59.999000+00:00,-232.0,D2-2a53b8b913c713d1,MUUSDT,US_STOCK:2026-05-08T20:00:00+00:00:2026-05-11T08:00:00+00:00,31111-NEUTRAL CONTROL,FILL_LEVEL_CONTROL_REPLAY,762.44,-0.22,0.22,167.73680000000002,0.33547360000000004,2705.0,-0.9136000000000172,0.0,0,0.0,0.0,0.7222222222222222,0.0009593260734333925,0.0006347954677187761,-0.08870129870129775,1.1202627587561254,571.0000166666666
2026-05-10T20:29:59.999000+00:00,-231.0,D2-2a53b8b913c713d1,MUUSDT,US_STOCK:2026-05-08T20:00:00+00:00:2026-05-11T08:00:00+00:00,31111-NEUTRAL CONTROL,FILL_LEVEL_CONTROL_REPLAY,762.54,-0.22,0.22,167.75879999999998,0.33551759999999997,2706.0,-0.9355999999999972,0.0,0,0.0,0.0,0.6666666666666666,0.0009788713659985818,0.0006345429185641633,-0.09167532467532383,1.103278317075049,570.0000166666666
2026-05-10T20:30:59.999000+00:00,-230.0,D2-2a53b8b913c713d1,MUUSDT,US_STOCK:2026-05-08T20:00:00+00:00:2026-05-11T08:00:00+00:00,31111-NEUTRAL CONTROL,FILL_LEVEL_CONTROL_REPLAY,762.35,-0.22,0.22,167.717,0.335434,2707.0,-0.8938000000000101,0.0,0,0.0,0.0,0.7222222222222222,0.0009144656091596252,0.0006312717959478046,-0.09879220779220742,1.1355487562691133,569.0000166666666
2026-05-10T20:31:59.999000+00:00,-229.0,D2-2a53b8b913c713d1,MUUSDT,US_STOCK:2026-05-08T20:00:00+00:00:2026-05-11T08:00:00+00:00,31111-NEUTRAL CONTROL,FILL_LEVEL_CONTROL_REPLAY,762.47,-0.22,0.22,167.7434,0.33548680000000003,2708.0,-0.9202000000000111,0.0,0,0.0,0.0,0.7222222222222222,0.0007597488613134823,0.0006334524103312497,-0.09985714285714181,1.1151674262518025,568.0000166666666
2026-05-10T20:32:59.999000+00:00,-228.0,D2-2a53b8b913c713d1,MUUSDT,US_STOCK:2026-05-08T20:00:00+00:00:2026-05-11T08:00:00+00:00,31111-NEUTRAL CONTROL,FILL_LEVEL_CONTROL_REPLAY,762.3,-0.22,0.22,167.706,0.335412,2709.0,-0.8827999999999951,0.0,0,0.0,0.0,0.7777777777777778,0.0006680909278311658,0.0006305070576721082,-0.10058441558441505,1.1440409771096707,567.0000166666666
2026-05-10T20:33:59.999000+00:00,-227.0,D2-2a53b8b913c713d1,MUUSDT,US_STOCK:2026-05-08T20:00:00+00:00:2026-05-11T08:00:00+00:00,31111-NEUTRAL CONTROL,FILL_LEVEL_CONTROL_REPLAY,762.11,-0.22,0.22,167.6642,0.33532839999999997,2710.0,-0.8410000000000082,0.0,0,0.0,0.0,0.7222222222222222,0.0006579477653206937,0.0006283139517000599,-0.10570129870129868,1.176311416303735,566.0000166666666
2026-05-10T20:34:59.999000+00:00,-226.0,D2-2a53b8b913c713d1,MUUSDT,US_STOCK:2026-05-08T20:00:00+00:00:2026-05-11T08:00:00+00:00,31111-NEUTRAL CONTROL,FILL_LEVEL_CONTROL_REPLAY,762.1,-0.22,0.22,167.662,0.335324,2711.0,-0.8388000000000101,0.0,0,0.0,0.0,0.7222222222222222,0.0006035953286969945,0.0006261989798537123,-0.11274025974025967,1.1780098604718425,565.0000166666666
2026-05-10T20:35:59.999000+00:00,-225.0,D2-2a53b8b913c713d1,MUUSDT,US_STOCK:2026-05-08T20:00:00+00:00:2026-05-11T08:00:00+00:00,31111-NEUTRAL CONTROL,FILL_LEVEL_CONTROL_REPLAY,762.1,-0.22,0.22,167.662,0.335324,2712.0,-0.8388000000000101,0.0,0,0.0,0.0,0.7058823529411765,0.0005407989202766455,0.0006214556347632425,-0.11622077922077893,1.1780098604718425,564.0000166666666
2026-05-10T20:36:59.999000+00:00,-224.0,D2-2a53b8b913c713d1,MUUSDT,US_STOCK:2026-05-08T20:00:00+00:00:2026-05-11T08:00:00+00:00,31111-NEUTRAL CONTROL,FILL_LEVEL_CONTROL_REPLAY,762.16,-0.22,0.22,167.6752,0.3353504,2713.0,-0.8519999999999982,0.0,0,0.0,0.0,0.7058823529411765,0.00048452518406330304,0.0006229479870536535,-0.11407792207792315,1.1678191954631967,563.0000166666666
2026-05-10T20:37:59.999000+00:00,-223.0,D2-2a53b8b913c713d1,MUUSDT,US_STOCK:2026-05-08T20:00:00+00:00:2026-05-11T08:00:00+00:00,31111-NEUTRAL CONTROL,FILL_LEVEL_CONTROL_REPLAY,762.36,-0.22,0.22,167.7192,0.3354384,2714.0,-0.8960000000000081,0.0,0,0.0,0.0,0.6470588235294118,0.00048346113197362146,0.0005433745257195006,-0.10803896103896199,1.1338503121010057,562.0000166666666
2026-05-10T20:38:59.999000+00:00,-222.0,D2-2a53b8b913c713d1,MUUSDT,US_STOCK:2026-05-08T20:00:00+00:00:2026-05-11T08:00:00+00:00,31111-NEUTRAL CONTROL,FILL_LEVEL_CONTROL_REPLAY,762.1,-0.22,0.22,167.662,0.335324,2715.0,-0.8388000000000101,0.0,0,0.0,0.0,0.6470588235294118,0.0004030217256827682,0.0003958308218725468,-0.08942857142857188,1.1780098604718425,561.0000166666666
2026-05-10T20:39:59.999000+00:00,-221.0,D2-2a53b8b913c713d1,MUUSDT,US_STOCK:2026-05-08T20:00:00+00:00:2026-05-11T08:00:00+00:00,31111-NEUTRAL CONTROL,FILL_LEVEL_CONTROL_REPLAY,761.4,-0.22,0.22,167.508,0.33501600000000004,2716.0,-0.6848000000000002,0.0,0,0.0,0.0,0.6111111111111112,0.0004906375473751164,0.00043425286158571514,-0.09606493506493555,1.2969009522394919,560.0000166666666
2026-05-10T20:40:59.999000+00:00,-220.0,D2-2a53b8b913c713d1,MUUSDT,US_STOCK:2026-05-08T20:00:00+00:00:2026-05-11T08:00:00+00:00,31111-NEUTRAL CONTROL,FILL_LEVEL_CONTROL_REPLAY,761.43,-0.22,0.22,167.5146,0.3350292,2717.0,-0.6913999999999941,0.0,0,0.0,0.0,0.6111111111111112,0.0004981228928275774,0.0004000818399948659,-0.09963636363636441,1.291805619735169,559.0000166666666
2026-05-10T20:41:59.999000+00:00,-219.0,D2-2a53b8b913c713d1,MUUSDT,US_STOCK:2026-05-08T20:00:00+00:00:2026-05-11T08:00:00+00:00,31111-NEUTRAL CONTROL,FILL_LEVEL_CONTROL_REPLAY,761.1,-0.22,0.22,167.442,0.334884,2718.0,-0.6188000000000101,0.0,0,0.0,0.0,0.6111111111111112,0.0005180471873416171,0.00039708854788620085,-0.09799999999999975,1.3478542772827593,558.0000166666666
2026-05-10T20:42:59.999000+00:00,-218.0,D2-2a53b8b913c713d1,MUUSDT,US_STOCK:2026-05-08T20:00:00+00:00:2026-05-11T08:00:00+00:00,31111-NEUTRAL CONTROL,FILL_LEVEL_CONTROL_REPLAY,761.04,-0.22,0.22,167.4288,0.3348576,2719.0,-0.6055999999999971,0.0,0,0.0,0.0,0.6111111111111112,0.0005040095508401935,0.0003864753451886432,-0.0990259740259749,1.3580449422914243,557.0000166666666
2026-05-10T20:43:59.999000+00:00,-217.0,D2-2a53b8b913c713d1,MUUSDT,US_STOCK:2026-05-08T20:00:00+00:00:2026-05-11T08:00:00+00:00,31111-NEUTRAL CONTROL,FILL_LEVEL_CONTROL_REPLAY,761.0,-0.22,0.22,167.42,0.33483999999999997,2720.0,-0.5968000000000051,0.0,0,0.0,0.0,0.5555555555555556,0.00047118453163131046,0.0003836186903530055,-0.09459740259740337,1.364838718963855,556.0000166666666
2026-05-10T20:44:59.999000+00:00,-216.0,D2-2a53b8b913c713d1,MUUSDT,US_STOCK:2026-05-08T20:00:00+00:00:2026-05-11T08:00:00+00:00,31111-NEUTRAL CONTROL,FILL_LEVEL_CONTROL_REPLAY,761.0,-0.22,0.22,167.42,0.33483999999999997,2721.0,-0.5968000000000051,0.0,0,0.0,0.0,0.5294117647058824,0.00047118453163131046,0.00028751643562998757,-0.0858961038961052,1.364838718963855,555.0000166666666
2026-05-10T20:45:59.999000+00:00,-215.0,D2-2a53b8b913c713d1,MUUSDT,US_STOCK:2026-05-08T20:00:00+00:00:2026-05-11T08:00:00+00:00,31111-NEUTRAL CONTROL,FILL_LEVEL_CONTROL_REPLAY,760.0,-0.22,0.22,167.2,0.3344,2722.0,-0.37680000000000513,0.0,0,0.0,0.0,0.47058823529411764,0.0005695488721804567,0.0003855548140836887,-0.10070129870130072,1.5346831357747717,554.0000166666666
2026-05-10T20:46:59.999000+00:00,-214.0,D2-2a53b8b913c713d1,MUUSDT,US_STOCK:2026-05-08T20:00:00+00:00:2026-05-11T08:00:00+00:00,31111-NEUTRAL CONTROL,FILL_LEVEL_CONTROL_REPLAY,759.81,-0.22,0.22,167.1582,0.3343164,2723.0,-0.3349999999999931,0.0,0,0.0,0.0,0.47058823529411764,0.0005640507871328842,0.0003723439616021195,-0.11405194805195018,1.566953574968855,553.0000166666666
2026-05-10T20:47:59.999000+00:00,-213.0,D2-2a53b8b913c713d1,MUUSDT,US_STOCK:2026-05-08T20:00:00+00:00:2026-05-11T08:00:00+00:00,31111-NEUTRAL CONTROL,FILL_LEVEL_CONTROL_REPLAY,759.3,-0.22,0.22,167.046,0.334092,2724.0,-0.22279999999999517,0.0,0,0.0,0.0,0.4117647058823529,0.0006218133243024711,0.00038807946228259485,-0.13697402597402822,1.653574227542421,552.0000166666666
2026-05-10T20:48:59.999000+00:00,-212.0,D2-2a53b8b913c713d1,MUUSDT,US_STOCK:2026-05-08T20:00:00+00:00:2026-05-11T08:00:00+00:00,31111-NEUTRAL CONTROL,FILL_LEVEL_CONTROL_REPLAY,759.2,-0.22,0.22,167.024,0.334048,2725.0,-0.2008000000000152,0.0,0,0.0,0.0,0.4117647058823529,0.0006745822670480273,0.00037420763980900736,-0.15867532467532608,1.6705586692234973,551.0000166666666
2026-05-10T20:49:59.999000+00:00,-211.0,D2-2a53b8b913c713d1,MUUSDT,US_STOCK:2026-05-08T20:00:00+00:00:2026-05-11T08:00:00+00:00,31111-NEUTRAL CONTROL,FILL_LEVEL_CONTROL_REPLAY,759.16,-0.22,0.22,167.0152,0.3340304,2726.0,-0.19199999999999817,0.0,0,0.0,0.0,0.35294117647058826,0.0007047262764107814,0.00036784869237056083,-0.17409090909091007,1.6773524458959472,550.0000166666666
2026-05-10T20:50:59.999000+00:00,-210.0,D2-2a53b8b913c713d1,MUUSDT,US_STOCK:2026-05-08T20:00:00+00:00:2026-05-11T08:00:00+00:00,31111-NEUTRAL CONTROL,FILL_LEVEL_CONTROL_REPLAY,758.8,-0.22,0.22,166.93599999999998,0.33387199999999995,2727.0,-0.11279999999999513,0.0,0,0.0,0.0,0.29411764705882354,0.0007813088334965154,0.00037192602878448257,-0.1884935064935084,1.7384964359478794,549.0000166666666
2026-05-10T20:51:59.999000+00:00,-209.0,D2-2a53b8b913c713d1,MUUSDT,US_STOCK:2026-05-08T20:00:00+00:00:2026-05-11T08:00:00+00:00,31111-NEUTRAL CONTROL,FILL_LEVEL_CONTROL_REPLAY,758.94,-0.22,0.22,166.9668,0.3339336,2728.0,-0.14360000000001716,0.0,0,0.0,0.0,0.29411764705882354,0.0008093995761005138,0.0003733930410487589,-0.1989350649350656,1.714718217594334,548.0000166666666
2026-05-10T20:52:59.999000+00:00,-208.0,D2-2a53b8b913c713d1,MUUSDT,US_STOCK:2026-05-08T20:00:00+00:00:2026-05-11T08:00:00+00:00,31111-NEUTRAL CONTROL,FILL_LEVEL_CONTROL_REPLAY,759.74,-0.22,0.22,167.1428,0.33428559999999996,2729.0,-0.3196000000000072,0.0,0,0.0,0.0,0.29411764705882354,0.0009345302340274463,0.00046694155865368496,-0.19284415584415585,1.5788426841456085,547.0000166666666
2026-05-10T20:53:59.999000+00:00,-207.0,D2-2a53b8b913c713d1,MUUSDT,US_STOCK:2026-05-08T20:00:00+00:00:2026-05-11T08:00:00+00:00,31111-NEUTRAL CONTROL,FILL_LEVEL_CONTROL_REPLAY,758.6,-0.22,0.22,166.892,0.33378399999999997,2730.0,-0.06880000000001019,0.0,0,0.0,0.0,0.35294117647058826,0.000939700952883143,0.0005500552177612963,-0.20044155844155864,1.7724653193100512,546.0000166666666
2026-05-10T20:54:59.999000+00:00,-206.0,D2-2a53b8b913c713d1,MUUSDT,US_STOCK:2026-05-08T20:00:00+00:00:2026-05-11T08:00:00+00:00,31111-NEUTRAL CONTROL,FILL_LEVEL_CONTROL_REPLAY,758.64,-0.22,0.22,166.9008,0.33380160000000003,2731.0,-0.07760000000000217,0.0,0,0.0,0.0,0.35294117647058826,0.0009123469064943333,0.0005515424273451034,-0.20542857142857152,1.7656715426376208,545.0000166666666
2026-05-10T20:55:59.999000+00:00,-205.0,D2-2a53b8b913c713d1,MUUSDT,US_STOCK:2026-05-08T20:00:00+00:00:2026-05-11T08:00:00+00:00,31111-NEUTRAL CONTROL,FILL_LEVEL_CONTROL_REPLAY,758.86,-0.22,0.22,166.9492,0.3338984,2732.0,-0.12600000000000816,0.0,0,0.0,0.0,0.3333333333333333,0.0009130236708446063,0.0005610582677509451,-0.20319480519480465,1.7283057709392144,544.0000166666666
2026-05-10T20:56:59.999000+00:00,-204.0,D2-2a53b8b913c713d1,MUUSDT,US_STOCK:2026-05-08T20:00:00+00:00:2026-05-11T08:00:00+00:00,31111-NEUTRAL CONTROL,FILL_LEVEL_CONTROL_REPLAY,758.39,-0.22,0.22,166.8458,0.3336916,2733.0,-0.02260000000000212,0.0,0,0.0,0.0,0.3888888888888889,0.0010586336091682846,0.0005635421174435169,-0.20285714285714204,1.80813264684035,543.0000166666666
2026-05-10T20:57:59.999000+00:00,-203.0,D2-2a53b8b913c713d1,MUUSDT,US_STOCK:2026-05-08T20:00:00+00:00:2026-05-11T08:00:00+00:00,31111-NEUTRAL CONTROL,FILL_LEVEL_CONTROL_REPLAY,758.0,-0.22,0.22,166.76,0.33352,2734.0,0.06319999999999482,0.0,0,0.0,0.0,0.3333333333333333,0.0010893328307576171,0.0005537234712662731,-0.20190909090909034,1.8743719693966052,542.0000166666666
2026-05-10T20:58:59.999000+00:00,-202.0,D2-2a53b8b913c713d1,MUUSDT,US_STOCK:2026-05-08T20:00:00+00:00:2026-05-11T08:00:00+00:00,31111-NEUTRAL CONTROL,FILL_LEVEL_CONTROL_REPLAY,757.15,-0.22,0.22,166.573,0.333146,2735.0,0.25019999999999987,0.0,0,0.0,0.0,0.3333333333333333,0.0011622531862906787,0.0005829090246798799,-0.20374025974025914,2.018739723685888,541.0000166666666
2026-05-10T20:59:59.999000+00:00,-201.0,D2-2a53b8b913c713d1,MUUSDT,US_STOCK:2026-05-08T20:00:00+00:00:2026-05-11T08:00:00+00:00,31111-NEUTRAL CONTROL,FILL_LEVEL_CONTROL_REPLAY,757.04,-0.22,0.22,166.5488,0.3330976,2736.0,0.27440000000000286,0.0,0,0.0,0.0,0.2777777777777778,0.0010793919173925353,0.0005677466927871184,-0.20394805194805132,2.0374226095350916,540.0000166666666
2026-05-10T21:00:59.999000+00:00,-200.0,D2-2a53b8b913c713d1,MUUSDT,US_STOCK:2026-05-08T20:00:00+00:00:2026-05-11T08:00:00+00:00,31111-NEUTRAL CONTROL,FILL_LEVEL_CONTROL_REPLAY,755.11,-0.12,0.12,90.61319999999999,0.18122639999999998,2737.0,0.01799999999999727,0.6652734037173446,1,0.2,1.0,0.2222222222222222,0.0012571489111330846,0.0007457846878609129,-0.23264935064934988,2.3652223339801526,539.0000166666666
2026-05-10T21:01:59.999000+00:00,-199.0,D2-2a53b8b913c713d1,MUUSDT,US_STOCK:2026-05-08T20:00:00+00:00:2026-05-11T08:00:00+00:00,31111-NEUTRAL CONTROL,FILL_LEVEL_CONTROL_REPLAY,755.01,-0.12,0.12,90.60119999999999,0.18120239999999999,2738.0,0.03,0.6652734037173446,0,0.2,1.0,0.2222222222222222,0.0012175808456652316,0.0007483215132613424,-0.2540519480519479,2.382206775661248,538.0000166666666
2026-05-10T21:02:59.999000+00:00,-198.0,D2-2a53b8b913c713d1,MUUSDT,US_STOCK:2026-05-08T20:00:00+00:00:2026-05-11T08:00:00+00:00,31111-NEUTRAL CONTROL,FILL_LEVEL_CONTROL_REPLAY,755.56,-0.12,0.12,90.6672,0.18133439999999998,2739.0,-0.03599999999999454,0.6652734037173446,0,0.2,1.0,0.2777777777777778,0.0012072407977432049,0.0007854790875054607,-0.26468831168831175,2.2887923464152515,537.0000166666666
2026-05-10T21:03:59.999000+00:00,-197.0,D2-2a53b8b913c713d1,MUUSDT,US_STOCK:2026-05-08T20:00:00+00:00:2026-05-11T08:00:00+00:00,31111-NEUTRAL CONTROL,FILL_LEVEL_CONTROL_REPLAY,755.14,-0.12,0.12,90.6168,0.1812336,2740.0,0.014400000000000544,0.6652734037173446,0,0.2,1.0,0.3333333333333333,0.0012258843204098423,0.0007832548103352562,-0.27444155844155893,2.3601270014758295,536.0000166666666
2026-05-10T21:04:59.999000+00:00,-196.0,D2-2a53b8b913c713d1,MUUSDT,US_STOCK:2026-05-08T20:00:00+00:00:2026-05-11T08:00:00+00:00,31111-NEUTRAL CONTROL,FILL_LEVEL_CONTROL_REPLAY,755.99,-0.12,0.12,90.7188,0.1814376,2741.0,-0.08760000000000218,0.6652734037173446,0,0.2,1.0,0.3684210526315789,0.0012197818187315481,0.0008468381096740522,-0.2660649350649352,2.2157592471865466,535.0000166666666
2026-05-10T21:05:59.999000+00:00,-195.0,D2-2a53b8b913c713d1,MUUSDT,US_STOCK:2026-05-08T20:00:00+00:00:2026-05-11T08:00:00+00:00,31111-NEUTRAL CONTROL,FILL_LEVEL_CONTROL_REPLAY,756.88,-0.12,0.12,90.8256,0.18165119999999998,2742.0,-0.19440000000000054,0.6652734037173446,0,0.2,1.0,0.3684210526315789,0.0012900705150467508,0.0008756446092252992,-0.2396233766233766,2.064597716224833,534.0000166666666
2026-05-10T21:06:59.999000+00:00,-194.0,D2-2a53b8b913c713d1,MUUSDT,US_STOCK:2026-05-08T20:00:00+00:00:2026-05-11T08:00:00+00:00,31111-NEUTRAL CONTROL,FILL_LEVEL_CONTROL_REPLAY,758.72,-0.12,0.12,91.0464,0.1820928,2743.0,-0.41520000000000434,0.6652734037173446,0,0.0,1.0,0.3684210526315789,0.001327423630776659,0.0010469914571679354,-0.19822077922077863,1.7520839892927405,533.0000166666666
2026-05-10T21:07:59.999000+00:00,-193.0,D2-2a53b8b913c713d1,MUUSDT,US_STOCK:2026-05-08T20:00:00+00:00:2026-05-11T08:00:00+00:00,31111-NEUTRAL CONTROL,FILL_LEVEL_CONTROL_REPLAY,756.87,-0.12,0.12,90.8244,0.1816488,2744.0,-0.19320000000000162,0.6652734037173446,0,0.0,1.0,0.42105263157894735,0.0014514664718795096,0.0011621274972107634,-0.18189610389610383,2.0662961603929406,532.0000166666666
2026-05-10T21:08:59.999000+00:00,-192.0,D2-2a53b8b913c713d1,MUUSDT,US_STOCK:2026-05-08T20:00:00+00:00:2026-05-11T08:00:00+00:00,31111-NEUTRAL CONTROL,FILL_LEVEL_CONTROL_REPLAY,756.79,-0.12,0.12,90.81479999999999,0.18162959999999997,2745.0,-0.1835999999999967,0.6652734037173446,0,0.0,1.0,0.42105263157894735,0.0014695527915840284,0.0011621725074895753,-0.17007792207792302,2.0798837137378205,531.0000166666666
2026-05-10T21:09:59.999000+00:00,-191.0,D2-2a53b8b913c713d1,MUUSDT,US_STOCK:2026-05-08T20:00:00+00:00:2026-05-11T08:00:00+00:00,31111-NEUTRAL CONTROL,FILL_LEVEL_CONTROL_REPLAY,756.75,-0.12,0.12,90.81,0.18162,2746.0,-0.1788000000000011,0.6652734037173446,0,0.0,1.0,0.42105263157894735,0.001481900986360884,0.0011621717458165258,-0.15694805194805211,2.0866774904102514,530.0000166666666
2026-05-10T21:10:59.999000+00:00,-190.0,D2-2a53b8b913c713d1,MUUSDT,US_STOCK:2026-05-08T20:00:00+00:00:2026-05-11T08:00:00+00:00,31111-NEUTRAL CONTROL,FILL_LEVEL_CONTROL_REPLAY,757.07,-0.12,0.12,90.8484,0.1816968,2747.0,-0.21720000000000708,0.6652734037173446,0,0.0,1.0,0.42105263157894735,0.0013756040675612648,0.0011664167990866133,-0.13705194805194787,2.0323272770307494,529.0000166666666
2026-05-10T21:11:59.999000+00:00,-189.0,D2-2a53b8b913c713d1,MUUSDT,US_STOCK:2026-05-08T20:00:00+00:00:2026-05-11T08:00:00+00:00,31111-NEUTRAL CONTROL,FILL_LEVEL_CONTROL_REPLAY,762.07,-0.22,0.22,167.65540000000001,0.3353108,2748.0,-0.8321064888942078,0.6652734037173446,1,0.2,1.0,0.42105263157894735,0.0018680323704797007,0.001873372843045153,-0.054649350649350406,1.1831051929761653,528.0000166666666
2026-05-10T21:12:59.999000+00:00,-188.0,D2-2a53b8b913c713d1,MUUSDT,US_STOCK:2026-05-08T20:00:00+00:00:2026-05-11T08:00:00+00:00,31111-NEUTRAL CONTROL,FILL_LEVEL_CONTROL_REPLAY,762.24,-0.22,0.22,167.6928,0.3353856,2749.0,-0.8695064888941988,0.6652734037173446,0,0.2,1.0,0.3684210526315789,0.0019453940266283252,0.0018633248224947327,0.027714285714286788,1.1542316421183165,527.0000166666666
2026-05-10T21:13:59.999000+00:00,-187.0,D2-2a53b8b913c713d1,MUUSDT,US_STOCK:2026-05-08T20:00:00+00:00:2026-05-11T08:00:00+00:00,31111-NEUTRAL CONTROL,FILL_LEVEL_CONTROL_REPLAY,760.86,-0.22,0.22,167.38920000000002,0.33477840000000003,2750.0,-0.5659064888941998,0.6652734037173446,0,0.2,1.0,0.3684210526315789,0.0021066387283562955,0.0018783488666123563,0.09929870129870268,1.388616937317381,526.0000166666666
2026-05-10T21:14:59.999000+00:00,-186.0,D2-2a53b8b913c713d1,MUUSDT,US_STOCK:2026-05-08T20:00:00+00:00:2026-05-11T08:00:00+00:00,31111-NEUTRAL CONTROL,FILL_LEVEL_CONTROL_REPLAY,760.94,-0.22,0.22,167.4068,0.3348136,2751.0,-0.5835064888942088,0.6652734037173446,0,0.2,1.0,0.42105263157894735,0.0019515336294583406,0.0018782471748304583,0.15418181818182058,1.3750293839725005,525.0000166666666
2026-05-10T21:15:59.999000+00:00,-185.0,D2-2a53b8b913c713d1,MUUSDT,US_STOCK:2026-05-08T20:00:00+00:00:2026-05-11T08:00:00+00:00,31111-NEUTRAL CONTROL,FILL_LEVEL_CONTROL_REPLAY,762.95,-0.22,0.22,167.84900000000002,0.33569800000000005,2752.0,-1.0257064888942067,0.6652734037173446,0,0.2,1.0,0.3684210526315789,0.0021036765187758388,0.001955158371682089,0.23270129870130143,1.0336421061825594,524.0000166666666
2026-05-10T21:16:59.999000+00:00,-184.0,D2-2a53b8b913c713d1,MUUSDT,US_STOCK:2026-05-08T20:00:00+00:00:2026-05-11T08:00:00+00:00,31111-NEUTRAL CONTROL,FILL_LEVEL_CONTROL_REPLAY,762.99,-0.22,0.22,167.8578,0.3357156,2753.0,-1.0345064888941988,0.6652734037173446,0,0.2,1.0,0.3684210526315789,0.002108247065585986,0.0019453247880075965,0.3092857142857172,1.026848329510129,523.0000166666666
2026-05-10T21:17:59.999000+00:00,-183.0,D2-2a53b8b913c713d1,MUUSDT,US_STOCK:2026-05-08T20:00:00+00:00:2026-05-11T08:00:00+00:00,31111-NEUTRAL CONTROL,FILL_LEVEL_CONTROL_REPLAY,762.29,-0.22,0.22,167.7038,0.33540760000000003,2754.0,-0.8805064888941888,0.6652734037173446,0,0.0,1.0,0.42105263157894735,0.0021720267689649695,0.0019557642035857126,0.36470129870130086,1.1457394212777783,522.0000166666666
2026-05-10T21:18:59.999000+00:00,-182.0,D2-2a53b8b913c713d1,MUUSDT,US_STOCK:2026-05-08T20:00:00+00:00:2026-05-11T08:00:00+00:00,31111-NEUTRAL CONTROL,FILL_LEVEL_CONTROL_REPLAY,761.59,-0.22,0.22,167.5498,0.3350996,2755.0,-0.7265064888942039,0.6652734037173446,0,0.0,1.0,0.42105263157894735,0.0021805883555644136,0.0019489558353154588,0.40038961038961285,1.2646305130454085,521.0000166666666
2026-05-10T21:19:59.999000+00:00,-181.0,D2-2a53b8b913c713d1,MUUSDT,US_STOCK:2026-05-08T20:00:00+00:00:2026-05-11T08:00:00+00:00,31111-NEUTRAL CONTROL,FILL_LEVEL_CONTROL_REPLAY,761.42,-0.22,0.22,167.51239999999999,0.33502479999999996,2756.0,-0.6891064888941878,0.6652734037173446,0,0.0,1.0,0.42105263157894735,0.0020994607819225194,0.001949908499883129,0.4170649350649365,1.2935040639032767,520.0000166666666
2026-05-10T21:20:59.999000+00:00,-180.0,D2-2a53b8b913c713d1,MUUSDT,US_STOCK:2026-05-08T20:00:00+00:00:2026-05-11T08:00:00+00:00,31111-NEUTRAL CONTROL,FILL_LEVEL_CONTROL_REPLAY,761.17,-0.22,0.22,167.45739999999998,0.33491479999999996,2757.0,-0.6341064888941877,0.6652734037173446,0,0.0,1.0,0.42105263157894735,0.0019471903216664785,0.0018454620505832212,0.4233766233766237,1.3359651681060059,519.0000166666666
2026-05-10T21:21:59.999000+00:00,-179.0,D2-2a53b8b913c713d1,MUUSDT,US_STOCK:2026-05-08T20:00:00+00:00:2026-05-11T08:00:00+00:00,31111-NEUTRAL CONTROL,FILL_LEVEL_CONTROL_REPLAY,761.02,-0.22,0.22,167.4244,0.3348488,2758.0,-0.6011064888941928,0.6652734037173446,0,0.0,1.0,0.3684210526315789,0.0018236802486888066,0.0018464504475293666,0.39480519480519494,1.3614418306276395,518.0000166666666
2026-05-10T21:22:59.999000+00:00,-178.0,D2-2a53b8b913c713d1,MUUSDT,US_STOCK:2026-05-08T20:00:00+00:00:2026-05-11T08:00:00+00:00,31111-NEUTRAL CONTROL,FILL_LEVEL_CONTROL_REPLAY,760.79,-0.22,0.22,167.3738,0.3347476,2759.0,-0.5505064888941889,0.6652734037173446,0,0.0,0.0,0.3157894736842105,0.0018345591894140187,0.0018508918374101756,0.35414285714285665,1.4005060464941534,517.0000166666666
2026-05-10T21:23:59.999000+00:00,-177.0,D2-2a53b8b913c713d1,MUUSDT,US_STOCK:2026-05-08T20:00:00+00:00:2026-05-11T08:00:00+00:00,31111-NEUTRAL CONTROL,FILL_LEVEL_CONTROL_REPLAY,759.21,-0.22,0.22,167.02620000000002,0.3340524,2760.0,-0.20290648889420476,0.6652734037173446,0,0.0,0.0,0.2631578947368421,0.0019399864897158138,0.0019164932847382766,0.29331168831168747,1.6688602250553897,516.0000166666666
2026-05-10T21:24:59.999000+00:00,-176.0,D2-2a53b8b913c713d1,MUUSDT,US_STOCK:2026-05-08T20:00:00+00:00:2026-05-11T08:00:00+00:00,31111-NEUTRAL CONTROL,FILL_LEVEL_CONTROL_REPLAY,758.5,-0.22,0.22,166.87,0.33374000000000004,2761.0,-0.04670648889419676,0.6652734037173446,0,0.0,0.0,0.2631578947368421,0.001969111969111966,0.0019231428330394934,0.21251948051947933,1.7894497609911468,515.0000166666666
2026-05-10T21:25:59.999000+00:00,-175.0,D2-2a53b8b913c713d1,MUUSDT,US_STOCK:2026-05-08T20:00:00+00:00:2026-05-11T08:00:00+00:00,31111-NEUTRAL CONTROL,FILL_LEVEL_CONTROL_REPLAY,759.95,-0.22,0.22,167.18900000000002,0.33437800000000006,2762.0,-0.36570648889420676,0.6652734037173446,0,0.0,0.0,0.3157894736842105,0.0015940898367373826,0.0019489094826578182,0.1583376623376617,1.5431753566153097,514.0000166666666
2026-05-10T21:26:59.999000+00:00,-174.0,D2-2a53b8b913c713d1,MUUSDT,US_STOCK:2026-05-08T20:00:00+00:00:2026-05-11T08:00:00+00:00,31111-NEUTRAL CONTROL,FILL_LEVEL_CONTROL_REPLAY,758.97,-0.22,0.22,166.9734,0.3339468,2763.0,-0.1501064888942028,0.6652734037173446,0,0.0,0.0,0.3157894736842105,0.0015152114049303788,0.0019045495714141273,0.09899999999999944,1.7096228850900113,513.0000166666666
2026-05-10T21:27:59.999000+00:00,-173.0,D2-2a53b8b913c713d1,MUUSDT,US_STOCK:2026-05-08T20:00:00+00:00:2026-05-11T08:00:00+00:00,31111-NEUTRAL CONTROL,FILL_LEVEL_CONTROL_REPLAY,758.29,-0.22,0.22,166.8238,0.3336476,2764.0,-0.0005064888941887502,0.6652734037173446,0,0.0,0.0,0.3157894736842105,0.001432734931792035,0.001833414583444089,0.0544025974025965,1.8251170885214456,512.0000166666666
2026-05-10T21:28:59.999000+00:00,-172.0,D2-2a53b8b913c713d1,MUUSDT,US_STOCK:2026-05-08T20:00:00+00:00:2026-05-11T08:00:00+00:00,31111-NEUTRAL CONTROL,FILL_LEVEL_CONTROL_REPLAY,757.7,-0.22,0.22,166.69400000000002,0.333388,2765.0,0.12929351110579318,0.6652734037173446,0,0.0,0.0,0.3157894736842105,0.0014470483983483977,0.0018429335262472094,-0.023727272727273145,1.9253252944398724,511.0000166666667
2026-05-10T21:29:59.999000+00:00,-171.0,D2-2a53b8b913c713d1,MUUSDT,US_STOCK:2026-05-08T20:00:00+00:00:2026-05-11T08:00:00+00:00,31111-NEUTRAL CONTROL,FILL_LEVEL_CONTROL_REPLAY,757.66,-0.22,0.22,166.68519999999998,0.33337039999999996,2766.0,0.13809351110581025,0.6652734037173446,0,0.0,0.0,0.2631578947368421,0.0013490785538933841,0.0018429333288699837,-0.10459740259740417,1.9321190711123224,510.0000166666667
2026-05-10T21:30:59.999000+00:00,-170.0,D2-2a53b8b913c713d1,MUUSDT,US_STOCK:2026-05-08T20:00:00+00:00:2026-05-11T08:00:00+00:00,31111-NEUTRAL CONTROL,FILL_LEVEL_CONTROL_REPLAY,757.43,-0.22,0.22,166.63459999999998,0.33326919999999993,2767.0,0.18869351110581423,0.6652734037173446,0,0.0,0.0,0.2631578947368421,0.0013296844027076546,0.0018426175064648147,-0.1901558441558466,1.9711832869788364,509.0000166666667
2026-05-10T21:31:59.999000+00:00,-169.0,D2-2a53b8b913c713d1,MUUSDT,US_STOCK:2026-05-08T20:00:00+00:00:2026-05-11T08:00:00+00:00,31111-NEUTRAL CONTROL,FILL_LEVEL_CONTROL_REPLAY,757.48,-0.22,0.22,166.6456,0.3332912,2768.0,0.17769351110579923,0.6652734037173446,0,0.0,0.0,0.3157894736842105,0.00119003613485316,0.001060338875784705,-0.27137662337662505,1.9626910661382788,508.0000166666667
2026-05-10T21:32:59.999000+00:00,-168.0,D2-2a53b8b913c713d1,MUUSDT,US_STOCK:2026-05-08T20:00:00+00:00:2026-05-11T08:00:00+00:00,31111-NEUTRAL CONTROL,FILL_LEVEL_CONTROL_REPLAY,757.28,-0.22,0.22,166.6016,0.3332032,2769.0,0.22169351110580923,0.6652734037173446,0,0.0,0.0,0.3157894736842105,0.0011403594820560835,0.0010535837012136686,-0.2842987012987027,1.99665994950047,507.0000166666667
2026-05-10T21:33:59.999000+00:00,-167.0,D2-2a53b8b913c713d1,MUUSDT,US_STOCK:2026-05-08T20:00:00+00:00:2026-05-11T08:00:00+00:00,31111-NEUTRAL CONTROL,FILL_LEVEL_CONTROL_REPLAY,756.8,-0.22,0.22,166.49599999999998,0.33299199999999995,2770.0,0.3272935111058132,0.6652734037173446,0,0.0,0.0,0.2631578947368421,0.0011627906976744234,0.001000556795160617,-0.29480519480519674,2.078185269569713,506.0000166666667
2026-05-10T21:34:59.999000+00:00,-166.0,D2-2a53b8b913c713d1,MUUSDT,US_STOCK:2026-05-08T20:00:00+00:00:2026-05-11T08:00:00+00:00,31111-NEUTRAL CONTROL,FILL_LEVEL_CONTROL_REPLAY,756.81,-0.22,0.22,166.4982,0.33299639999999997,2771.0,0.3250935111058153,0.6652734037173446,0,0.0,0.0,0.3157894736842105,0.0011665505778955668,0.0009990467241297958,-0.31783116883117124,2.0764868254016053,505.0000166666667
2026-05-10T21:35:59.999000+00:00,-165.0,D2-2a53b8b913c713d1,MUUSDT,US_STOCK:2026-05-08T20:00:00+00:00:2026-05-11T08:00:00+00:00,31111-NEUTRAL CONTROL,FILL_LEVEL_CONTROL_REPLAY,756.58,-0.22,0.22,166.44760000000002,0.33289520000000006,2772.0,0.3756935111057942,0.6652734037173446,0,0.0,0.0,0.3684210526315789,0.0011867312681502792,0.0007430787760424794,-0.3374415584415594,2.1155510412681,504.0000166666667
2026-05-10T21:36:59.999000+00:00,-164.0,D2-2a53b8b913c713d1,MUUSDT,US_STOCK:2026-05-08T20:00:00+00:00:2026-05-11T08:00:00+00:00,31111-NEUTRAL CONTROL,FILL_LEVEL_CONTROL_REPLAY,756.72,-0.22,0.22,166.4784,0.3329568,2773.0,0.34489351110579725,0.6652734037173446,0,0.0,0.0,0.3684210526315789,0.0011629136272333274,0.0007478310382680402,-0.3208571428571426,2.091772822914574,503.0000166666667
2026-05-10T21:37:59.999000+00:00,-163.0,D2-2a53b8b913c713d1,MUUSDT,US_STOCK:2026-05-08T20:00:00+00:00:2026-05-11T08:00:00+00:00,31111-NEUTRAL CONTROL,FILL_LEVEL_CONTROL_REPLAY,756.14,-0.22,0.22,166.3508,0.3327016,2774.0,0.4724935111058062,0.6652734037173446,0,0.0,0.0,0.42105263157894735,0.0010797320224145896,0.0007434421298274923,-0.30314285714285677,2.1902825846649128,502.0000166666667
2026-05-10T21:38:59.999000+00:00,-162.0,D2-2a53b8b913c713d1,MUUSDT,US_STOCK:2026-05-08T20:00:00+00:00:2026-05-11T08:00:00+00:00,31111-NEUTRAL CONTROL,FILL_LEVEL_CONTROL_REPLAY,755.6,-0.22,0.22,166.232,0.332464,2775.0,0.5912935111057982,0.6652734037173446,0,0.0,0.0,0.42105263157894735,0.0010568706042501654,0.0007376997495515707,-0.2935454545454542,2.2819985697428016,501.0000166666667
2026-05-10T21:39:59.999000+00:00,-161.0,D2-2a53b8b913c713d1,MUUSDT,US_STOCK:2026-05-08T20:00:00+00:00:2026-05-11T08:00:00+00:00,31111-NEUTRAL CONTROL,FILL_LEVEL_CONTROL_REPLAY,755.43,-0.12,0.12,90.65159999999999,0.18130319999999997,2776.0,-0.02039999999999509,1.3306403185404974,1,0.2,1.0,0.42105263157894735,0.000913387077558463,0.0007376793116436633,-0.2874675324675322,2.3108721206006697,500.0000166666667
2026-05-10T21:40:59.999000+00:00,-160.0,D2-2a53b8b913c713d1,MUUSDT,US_STOCK:2026-05-08T20:00:00+00:00:2026-05-11T08:00:00+00:00,31111-NEUTRAL CONTROL,FILL_LEVEL_CONTROL_REPLAY,755.26,-0.12,0.12,90.63119999999999,0.1812624,2777.0,0.0,1.3306403185404974,0,0.2,1.0,0.42105263157894735,0.0008341498291978754,0.0007384860066746078,-0.27802597402597423,2.3397456714585187,499.0000166666667
2026-05-10T21:41:59.999000+00:00,-159.0,D2-2a53b8b913c713d1,MUUSDT,US_STOCK:2026-05-08T20:00:00+00:00:2026-05-11T08:00:00+00:00,31111-NEUTRAL CONTROL,FILL_LEVEL_CONTROL_REPLAY,755.0,-0.12,0.12,90.6,0.1812,2778.0,0.03119999999999891,1.3306403185404974,0,0.2,1.0,0.42105263157894735,0.0007786187322610965,0.0007372651686043979,-0.2675324675324681,2.3839052198293555,498.0000166666667
2026-05-10T21:42:59.999000+00:00,-158.0,D2-2a53b8b913c713d1,MUUSDT,US_STOCK:2026-05-08T20:00:00+00:00:2026-05-11T08:00:00+00:00,31111-NEUTRAL CONTROL,FILL_LEVEL_CONTROL_REPLAY,755.04,-0.12,0.12,90.6048,0.1812096,2779.0,0.02640000000000327,1.3306403185404974,0,0.2,1.0,0.47368421052631576,0.0007322223231313934,0.0007435794527140655,-0.25064935064935184,2.377111443156925,497.0000166666667
2026-05-10T21:43:59.999000+00:00,-157.0,D2-2a53b8b913c713d1,MUUSDT,US_STOCK:2026-05-08T20:00:00+00:00:2026-05-11T08:00:00+00:00,31111-NEUTRAL CONTROL,FILL_LEVEL_CONTROL_REPLAY,755.0,-0.12,0.12,90.6,0.1812,2780.0,0.03119999999999891,1.3306403185404974,0,0.2,1.0,0.5263157894736842,0.0006802270577104851,0.0006354980553137576,-0.22980519480519634,2.3839052198293555,496.0000166666667
2026-05-10T21:44:59.999000+00:00,-156.0,D2-2a53b8b913c713d1,MUUSDT,US_STOCK:2026-05-08T20:00:00+00:00:2026-05-11T08:00:00+00:00,31111-NEUTRAL CONTROL,FILL_LEVEL_CONTROL_REPLAY,754.67,-0.12,0.12,90.56039999999999,0.18112079999999997,2781.0,0.07080000000000382,1.3306403185404974,0,0.2,1.0,0.47368421052631576,0.0006966147928422736,0.0006187876747970156,-0.22829870129870272,2.439953877376965,495.0000166666667
2026-05-10T21:45:59.999000+00:00,-155.0,D2-2a53b8b913c713d1,MUUSDT,US_STOCK:2026-05-08T20:00:00+00:00:2026-05-11T08:00:00+00:00,31111-NEUTRAL CONTROL,FILL_LEVEL_CONTROL_REPLAY,754.63,-0.12,0.12,90.5556,0.1811112,2782.0,0.07559999999999945,1.3306403185404974,0,0.0,1.0,0.42105263157894735,0.0006805605774636899,0.0003754742775723264,-0.23155844155844282,2.4467476540493958,494.0000166666667
2026-05-10T21:46:59.999000+00:00,-154.0,D2-2a53b8b913c713d1,MUUSDT,US_STOCK:2026-05-08T20:00:00+00:00:2026-05-11T08:00:00+00:00,31111-NEUTRAL CONTROL,FILL_LEVEL_CONTROL_REPLAY,754.15,-0.12,0.12,90.49799999999999,0.180996,2783.0,0.13320000000000162,1.3306403185404974,0,0.0,1.0,0.42105263157894735,0.0007690777696744683,0.0003161329069430265,-0.215311688311689,2.528272974118639,493.0000166666667
2026-05-10T21:47:59.999000+00:00,-153.0,D2-2a53b8b913c713d1,MUUSDT,US_STOCK:2026-05-08T20:00:00+00:00:2026-05-11T08:00:00+00:00,31111-NEUTRAL CONTROL,FILL_LEVEL_CONTROL_REPLAY,754.05,-0.12,0.12,90.48599999999999,0.18097199999999997,2784.0,0.14520000000000435,1.3306403185404974,0,0.0,1.0,0.42105263157894735,0.0007483399168300678,0.00028902370217498793,-0.20683116883116942,2.5452574157997345,492.0000166666667
2026-05-10T21:48:59.999000+00:00,-152.0,D2-2a53b8b913c713d1,MUUSDT,US_STOCK:2026-05-08T20:00:00+00:00:2026-05-11T08:00:00+00:00,31111-NEUTRAL CONTROL,FILL_LEVEL_CONTROL_REPLAY,753.5,-0.12,0.12,90.42,0.18084,2785.0,0.2111999999999989,1.3306403185404974,0,0.0,1.0,0.42105263157894735,0.0009356337093563482,0.0002849989594538873,-0.2088181818181825,2.6386718450457307,491.0000166666667
2026-05-10T21:49:59.999000+00:00,-151.0,D2-2a53b8b913c713d1,MUUSDT,US_STOCK:2026-05-08T20:00:00+00:00:2026-05-11T08:00:00+00:00,31111-NEUTRAL CONTROL,FILL_LEVEL_CONTROL_REPLAY,754.44,-0.12,0.12,90.53280000000001,0.18106560000000002,2786.0,0.09839999999999235,1.3306403185404974,0,0.0,1.0,0.47368421052631576,0.0009534034705022719,0.0004368074962609791,-0.20080519480519377,2.4790180932434596,490.0000166666667
2026-05-10T21:50:59.999000+00:00,-150.0,D2-2a53b8b913c713d1,MUUSDT,US_STOCK:2026-05-08T20:00:00+00:00:2026-05-11T08:00:00+00:00,31111-NEUTRAL CONTROL,FILL_LEVEL_CONTROL_REPLAY,754.71,-0.12,0.12,90.5652,0.1811304,2787.0,0.06599999999999454,1.3306403185404974,0,0.0,0.0,0.42105263157894735,0.0009947056295985337,0.0004534104114922197,-0.18562337662337522,2.4331601007045154,489.0000166666667
2026-05-10T21:51:59.999000+00:00,-149.0,D2-2a53b8b913c713d1,MUUSDT,US_STOCK:2026-05-08T20:00:00+00:00:2026-05-11T08:00:00+00:00,31111-NEUTRAL CONTROL,FILL_LEVEL_CONTROL_REPLAY,754.29,-0.12,0.12,90.5148,0.18102959999999998,2788.0,0.11640000000000326,1.3306403185404974,0,0.0,0.0,0.42105263157894735,0.0009933655679987,0.00045682479218627696,-0.1753506493506489,2.504494755765113,488.0000166666667
2026-05-10T21:52:59.999000+00:00,-148.0,D2-2a53b8b913c713d1,MUUSDT,US_STOCK:2026-05-08T20:00:00+00:00:2026-05-11T08:00:00+00:00,31111-NEUTRAL CONTROL,FILL_LEVEL_CONTROL_REPLAY,754.06,-0.12,0.12,90.48719999999999,0.18097439999999998,2789.0,0.14400000000000546,1.3306403185404974,0,0.0,0.0,0.42105263157894735,0.0010542927618492216,0.00045714945860492466,-0.16327272727272701,2.5435589716316267,487.0000166666667
2026-05-10T21:53:59.999000+00:00,-147.0,D2-2a53b8b913c713d1,MUUSDT,US_STOCK:2026-05-08T20:00:00+00:00:2026-05-11T08:00:00+00:00,31111-NEUTRAL CONTROL,FILL_LEVEL_CONTROL_REPLAY,754.69,-0.12,0.12,90.56280000000001,0.18112560000000003,2790.0,0.06839999999999236,1.3306403185404974,0,0.0,0.0,0.42105263157894735,0.0010827529941338633,0.0004996874292375175,-0.14142857142857052,2.4365569890407306,486.0000166666667
2026-05-10T21:54:59.999000+00:00,-146.0,D2-2a53b8b913c713d1,MUUSDT,US_STOCK:2026-05-08T20:00:00+00:00:2026-05-11T08:00:00+00:00,31111-NEUTRAL CONTROL,FILL_LEVEL_CONTROL_REPLAY,753.3,-0.12,0.12,90.39599999999999,0.18079199999999998,2791.0,0.23520000000000435,1.3306403185404974,0,0.0,0.0,0.42105263157894735,0.0012023288008951476,0.0006203381880515729,-0.14112987012987022,2.672640728407922,485.0000166666667
2026-05-10T21:55:59.999000+00:00,-145.0,D2-2a53b8b913c713d1,MUUSDT,US_STOCK:2026-05-08T20:00:00+00:00:2026-05-11T08:00:00+00:00,31111-NEUTRAL CONTROL,FILL_LEVEL_CONTROL_REPLAY,751.1,-0.12,0.12,90.132,0.180264,2792.0,0.49919999999999615,1.3306403185404974,0,0.0,0.0,0.3684210526315789,0.0014065085493657318,0.0008536895048257739,-0.16471428571428606,3.046298445391927,484.0000166666667
2026-05-10T21:56:59.999000+00:00,-144.0,D2-2a53b8b913c713d1,MUUSDT,US_STOCK:2026-05-08T20:00:00+00:00:2026-05-11T08:00:00+00:00,31111-NEUTRAL CONTROL,FILL_LEVEL_CONTROL_REPLAY,750.94,-0.12,0.12,90.11280000000001,0.1802256,2793.0,0.5183999999999923,1.3306403185404974,0,0.0,0.0,0.3157894736842105,0.0014439045919590796,0.000845278080327206,-0.18624675324675216,3.0734735520816687,483.0000166666667
2026-05-10T21:57:59.999000+00:00,-143.0,D2-2a53b8b913c713d1,MUUSDT,US_STOCK:2026-05-08T20:00:00+00:00:2026-05-11T08:00:00+00:00,31111-NEUTRAL CONTROL,FILL_LEVEL_CONTROL_REPLAY,751.91,-0.12,0.12,90.22919999999999,0.1804584,2794.0,0.4020000000000027,1.3306403185404974,0,0.0,0.0,0.3684210526315789,0.0015360880956497847,0.0009147539787081448,-0.1858571428571417,2.908724467775094,482.0000166666667
2026-05-10T21:58:59.999000+00:00,-142.0,D2-2a53b8b913c713d1,MUUSDT,US_STOCK:2026-05-08T20:00:00+00:00:2026-05-11T08:00:00+00:00,31111-NEUTRAL CONTROL,FILL_LEVEL_CONTROL_REPLAY,750.97,-0.12,0.12,90.1164,0.1802328,2795.0,0.5147999999999956,1.3306403185404974,0,0.0,0.0,0.42105263157894735,0.0016217121094813003,0.0009347136794137332,-0.1997142857142842,3.0683782195773457,481.0000166666667
2026-05-10T21:59:59.999000+00:00,-141.0,D2-2a53b8b913c713d1,MUUSDT,US_STOCK:2026-05-08T20:00:00+00:00:2026-05-11T08:00:00+00:00,31111-NEUTRAL CONTROL,FILL_LEVEL_CONTROL_REPLAY,753.84,-0.12,0.12,90.4608,0.18092160000000002,2796.0,0.17039999999999508,1.3306403185404974,0,0.0,0.0,0.47368421052631576,0.001893164142447844,0.0012979467796146716,-0.1772987012986989,2.5809247433300135,480.0000166666667
2026-05-10T22:00:59.999000+00:00,-140.0,D2-2a53b8b913c713d1,MUUSDT,US_STOCK:2026-05-08T20:00:00+00:00:2026-05-11T08:00:00+00:00,31111-NEUTRAL CONTROL,FILL_LEVEL_CONTROL_REPLAY,754.86,-0.12,0.12,90.5832,0.1811664,2797.0,0.04799999999999727,1.3306403185404974,0,0.0,0.0,0.47368421052631576,0.002006048425252012,0.0013356419456412331,-0.1417792207792188,2.4076834381828816,479.0000166666667
2026-05-10T22:01:59.999000+00:00,-139.0,D2-2a53b8b913c713d1,MUUSDT,US_STOCK:2026-05-08T20:00:00+00:00:2026-05-11T08:00:00+00:00,31111-NEUTRAL CONTROL,FILL_LEVEL_CONTROL_REPLAY,754.0,-0.12,0.12,90.47999999999999,0.18095999999999998,2798.0,0.1511999999999989,1.3306403185404974,0,0.0,0.0,0.47368421052631576,0.002230958696475955,0.0013562069069054609,-0.11911688311688123,2.5537496366402723,478.0000166666667
2026-05-10T22:02:59.999000+00:00,-138.0,D2-2a53b8b913c713d1,MUUSDT,US_STOCK:2026-05-08T20:00:00+00:00:2026-05-11T08:00:00+00:00,31111-NEUTRAL CONTROL,FILL_LEVEL_CONTROL_REPLAY,756.94,-0.12,0.12,90.8328,0.1816656,2799.0,-0.20160000000000763,1.3306403185404974,0,0.0,0.0,0.47368421052631576,0.0024327272590014765,0.00160856989873834,-0.060350649350646726,2.0544070512161676,477.0000166666667
2026-05-10T22:03:59.999000+00:00,-137.0,D2-2a53b8b913c713d1,MUUSDT,US_STOCK:2026-05-08T20:00:00+00:00:2026-05-11T08:00:00+00:00,31111-NEUTRAL CONTROL,FILL_LEVEL_CONTROL_REPLAY,755.94,-0.12,0.12,90.7128,0.1814256,2800.0,-0.08160000000000764,1.3306403185404974,0,0.0,0.0,0.5263157894736842,0.0024860249679679847,0.0016391166642387202,-0.01651948051947775,2.2242514680270844,476.0000166666667
2026-05-10T22:04:59.999000+00:00,-136.0,D2-2a53b8b913c713d1,MUUSDT,US_STOCK:2026-05-08T20:00:00+00:00:2026-05-11T08:00:00+00:00,31111-NEUTRAL CONTROL,FILL_LEVEL_CONTROL_REPLAY,754.37,-0.12,0.12,90.5244,0.1810488,2801.0,0.10679999999999835,1.3306403185404974,0,0.0,0.0,0.5263157894736842,0.002597247656038441,0.0017019175576744223,0.005181818181820851,2.4909072024202326,475.0000166666667
2026-05-10T22:05:59.999000+00:00,-135.0,D2-2a53b8b913c713d1,MUUSDT,US_STOCK:2026-05-08T20:00:00+00:00:2026-05-11T08:00:00+00:00,31111-NEUTRAL CONTROL,FILL_LEVEL_CONTROL_REPLAY,754.98,-0.12,0.12,90.5976,0.1811952,2802.0,0.03359999999999672,1.3306403185404974,0,0.0,0.0,0.5789473684210527,0.002655699488728194,0.0017113762308355867,0.030909090909093065,2.3873021081655708,474.0000166666667
2026-05-10T22:06:59.999000+00:00,-134.0,D2-2a53b8b913c713d1,MUUSDT,US_STOCK:2026-05-08T20:00:00+00:00:2026-05-11T08:00:00+00:00,31111-NEUTRAL CONTROL,FILL_LEVEL_CONTROL_REPLAY,755.79,-0.12,0.12,90.69479999999999,0.18138959999999998,2803.0,-0.06359999999999673,1.3306403185404974,0,0.0,0.0,0.5789473684210527,0.00262072041931528,0.0017189004529624757,0.06618181818181956,2.2497281305487373,473.0000166666667
2026-05-10T22:07:59.999000+00:00,-133.0,D2-2a53b8b913c713d1,MUUSDT,US_STOCK:2026-05-08T20:00:00+00:00:2026-05-11T08:00:00+00:00,31111-NEUTRAL CONTROL,FILL_LEVEL_CONTROL_REPLAY,756.76,-0.12,0.12,90.8112,0.1816224,2804.0,-0.18,1.3306403185404974,0,0.0,0.0,0.5789473684210527,0.002676825262585621,0.001736518359966806,0.10568831168831241,2.0849790462421436,472.0000166666667
2026-05-10T22:08:59.999000+00:00,-132.0,D2-2a53b8b913c713d1,MUUSDT,US_STOCK:2026-05-08T20:00:00+00:00:2026-05-11T08:00:00+00:00,31111-NEUTRAL CONTROL,FILL_LEVEL_CONTROL_REPLAY,756.6,-0.12,0.12,90.792,0.181584,2805.0,-0.1608000000000038,1.3306403185404974,0,0.0,0.0,0.5789473684210527,0.0026924965069295057,0.001726583239911628,0.13829870129870145,2.112154152931885,471.0000166666667
2026-05-10T22:09:59.999000+00:00,-131.0,D2-2a53b8b913c713d1,MUUSDT,US_STOCK:2026-05-08T20:00:00+00:00:2026-05-11T08:00:00+00:00,31111-NEUTRAL CONTROL,FILL_LEVEL_CONTROL_REPLAY,756.49,-0.12,0.12,90.7788,0.1815576,2806.0,-0.14760000000000217,1.3306403185404974,0,0.0,0.0,0.5789473684210527,0.0025531448815299196,0.0017112236477265753,0.1583116883116883,2.130837038781088,470.0000166666667
2026-05-10T22:10:59.999000+00:00,-130.0,D2-2a53b8b913c713d1,MUUSDT,US_STOCK:2026-05-08T20:00:00+00:00:2026-05-11T08:00:00+00:00,31111-NEUTRAL CONTROL,FILL_LEVEL_CONTROL_REPLAY,755.95,-0.12,0.12,90.714,0.181428,2807.0,-0.08280000000000655,1.3306403185404974,0,0.0,0.0,0.5263157894736842,0.0026088271144160988,0.0017202286696781453,0.18085714285714388,2.222553023858977,469.0000166666667
2026-05-10T22:11:59.999000+00:00,-129.0,D2-2a53b8b913c713d1,MUUSDT,US_STOCK:2026-05-08T20:00:00+00:00:2026-05-11T08:00:00+00:00,31111-NEUTRAL CONTROL,FILL_LEVEL_CONTROL_REPLAY,755.79,-0.12,0.12,90.69479999999999,0.18138959999999998,2808.0,-0.06359999999999673,1.3306403185404974,0,0.0,0.0,0.5263157894736842,0.00259331295730296,0.0017154482198685288,0.20322077922078,2.2497281305487373,468.0000166666667
2026-05-10T22:12:59.999000+00:00,-128.0,D2-2a53b8b913c713d1,MUUSDT,US_STOCK:2026-05-08T20:00:00+00:00:2026-05-11T08:00:00+00:00,31111-NEUTRAL CONTROL,FILL_LEVEL_CONTROL_REPLAY,756.69,-0.12,0.12,90.8028,0.1816056,2809.0,-0.17160000000000764,1.3306403185404974,0,0.0,0.0,0.5263157894736842,0.0026393144578927535,0.0017286826343371946,0.2298701298701306,2.096868155418897,467.0000166666667
2026-05-10T22:13:59.999000+00:00,-127.0,D2-2a53b8b913c713d1,MUUSDT,US_STOCK:2026-05-08T20:00:00+00:00:2026-05-11T08:00:00+00:00,31111-NEUTRAL CONTROL,FILL_LEVEL_CONTROL_REPLAY,756.0,-0.12,0.12,90.72,0.18144,2810.0,-0.08880000000000109,1.3306403185404974,0,0.0,0.0,0.5263157894736842,0.0025689720332577526,0.0017372584258024217,0.2411558441558438,2.2140608030184388,466.0000166666667
2026-05-10T22:14:59.999000+00:00,-126.0,D2-2a53b8b913c713d1,MUUSDT,US_STOCK:2026-05-08T20:00:00+00:00:2026-05-11T08:00:00+00:00,31111-NEUTRAL CONTROL,FILL_LEVEL_CONTROL_REPLAY,757.69,-0.12,0.12,90.92280000000001,0.18184560000000002,2811.0,-0.29160000000000763,1.3306403185404974,0,0.0,0.0,0.5789473684210527,0.002545330449882454,0.0017380395880498996,0.2808701298701306,1.9270237386079803,465.0000166666667
2026-05-10T22:15:59.999000+00:00,-125.0,D2-2a53b8b913c713d1,MUUSDT,US_STOCK:2026-05-08T20:00:00+00:00:2026-05-11T08:00:00+00:00,31111-NEUTRAL CONTROL,FILL_LEVEL_CONTROL_REPLAY,757.25,-0.12,0.12,90.86999999999999,0.18173999999999998,2812.0,-0.2388000000000011,1.3306403185404974,0,0.0,0.0,0.631578947368421,0.002437390935245026,0.0015903311295135424,0.2911168831168828,2.001755282004793,464.0000166666667
2026-05-10T22:16:59.999000+00:00,-124.0,D2-2a53b8b913c713d1,MUUSDT,US_STOCK:2026-05-08T20:00:00+00:00:2026-05-11T08:00:00+00:00,31111-NEUTRAL CONTROL,FILL_LEVEL_CONTROL_REPLAY,758.21,-0.12,0.12,90.9852,0.1819704,2813.0,-0.3540000000000054,1.3306403185404974,0,0.0,0.0,0.631578947368421,0.0021516843241695333,0.0015941099150788846,0.2772727272727273,1.8387046418663064,463.0000166666667
2026-05-10T22:17:59.999000+00:00,-123.0,D2-2a53b8b913c713d1,MUUSDT,US_STOCK:2026-05-08T20:00:00+00:00:2026-05-11T08:00:00+00:00,31111-NEUTRAL CONTROL,FILL_LEVEL_CONTROL_REPLAY,756.4,-0.12,0.12,90.768,0.181536,2814.0,-0.13679999999999837,1.3306403185404974,0,0.0,0.0,0.631578947368421,0.002163443378409013,0.0016989983277042448,0.2284025974025974,2.146123036294076,462.0000166666667
2026-05-10T22:18:59.999000+00:00,-122.0,D2-2a53b8b913c713d1,MUUSDT,US_STOCK:2026-05-08T20:00:00+00:00:2026-05-11T08:00:00+00:00,31111-NEUTRAL CONTROL,FILL_LEVEL_CONTROL_REPLAY,756.74,-0.12,0.12,90.80879999999999,0.1816176,2815.0,-0.17760000000000217,1.3306403185404974,0,0.0,0.0,0.631578947368421,0.0020756326951321276,0.001661470266640095,0.190714285714285,2.088375934578359,461.0000166666667
2026-05-10T22:19:59.999000+00:00,-121.0,D2-2a53b8b913c713d1,MUUSDT,US_STOCK:2026-05-08T20:00:00+00:00:2026-05-11T08:00:00+00:00,31111-NEUTRAL CONTROL,FILL_LEVEL_CONTROL_REPLAY,755.56,-0.12,0.12,90.6672,0.18133439999999998,2816.0,-0.03599999999999454,1.3306403185404974,0,0.0,0.0,0.6842105263157895,0.002180974565695837,0.0015119869211955646,0.11799999999999854,2.2887923464152515,460.0000166666667
2026-05-10T22:20:59.999000+00:00,-120.0,D2-2a53b8b913c713d1,MUUSDT,US_STOCK:2026-05-08T20:00:00+00:00:2026-05-11T08:00:00+00:00,31111-NEUTRAL CONTROL,FILL_LEVEL_CONTROL_REPLAY,756.43,-0.12,0.12,90.77159999999999,0.1815432,2817.0,-0.14039999999999508,1.3306403185404974,0,0.0,0.0,0.6842105263157895,0.0022190704077990515,0.0015043525502541227,0.09162337662337465,2.141027703789753,459.0000166666667
2026-05-10T22:21:59.999000+00:00,-119.0,D2-2a53b8b913c713d1,MUUSDT,US_STOCK:2026-05-08T20:00:00+00:00:2026-05-11T08:00:00+00:00,31111-NEUTRAL CONTROL,FILL_LEVEL_CONTROL_REPLAY,756.6,-0.12,0.12,90.792,0.181584,2818.0,-0.1608000000000038,1.3306403185404974,0,0.0,0.0,0.631578947368421,0.0021628714927684183,0.0014770670450556106,0.07866233766233595,2.112154152931885,458.0000166666667
2026-05-10T22:22:59.999000+00:00,-118.0,D2-2a53b8b913c713d1,MUUSDT,US_STOCK:2026-05-08T20:00:00+00:00:2026-05-11T08:00:00+00:00,31111-NEUTRAL CONTROL,FILL_LEVEL_CONTROL_REPLAY,756.76,-0.12,0.12,90.8112,0.1816224,2819.0,-0.18,1.3306403185404974,0,0.0,0.0,0.5789473684210527,0.0021312663762053517,0.0012056760357306324,0.053233766233764176,2.0849790462421436,457.0000166666667
2026-05-10T22:23:59.999000+00:00,-117.0,D2-2a53b8b913c713d1,MUUSDT,US_STOCK:2026-05-08T20:00:00+00:00:2026-05-11T08:00:00+00:00,31111-NEUTRAL CONTROL,FILL_LEVEL_CONTROL_REPLAY,757.15,-0.12,0.12,90.85799999999999,0.181716,2820.0,-0.22679999999999836,1.3306403185404974,0,0.0,0.0,0.5789473684210527,0.002105640512825377,0.00117187312720391,0.0712857142857125,2.018739723685888,456.0000166666667
2026-05-10T22:24:59.999000+00:00,-116.0,D2-2a53b8b913c713d1,MUUSDT,US_STOCK:2026-05-08T20:00:00+00:00:2026-05-11T08:00:00+00:00,31111-NEUTRAL CONTROL,FILL_LEVEL_CONTROL_REPLAY,756.75,-0.12,0.12,90.81,0.18162,2821.0,-0.1788000000000011,1.3306403185404974,0,0.0,0.0,0.5789473684210527,0.002042569257633709,0.0010738170372828863,0.06958441558441446,2.0866774904102514,455.0000166666667
2026-05-10T22:25:59.999000+00:00,-115.0,D2-2a53b8b913c713d1,MUUSDT,US_STOCK:2026-05-08T20:00:00+00:00:2026-05-11T08:00:00+00:00,31111-NEUTRAL CONTROL,FILL_LEVEL_CONTROL_REPLAY,757.04,-0.12,0.12,90.84479999999999,0.18168959999999998,2822.0,-0.2135999999999967,1.3306403185404974,0,0.0,0.0,0.631578947368421,0.0021106640902160516,0.0010648967449992269,0.048168831168829584,2.0374226095350916,454.0000166666667
2026-05-10T22:26:59.999000+00:00,-114.0,D2-2a53b8b913c713d1,MUUSDT,US_STOCK:2026-05-08T20:00:00+00:00:2026-05-11T08:00:00+00:00,31111-NEUTRAL CONTROL,FILL_LEVEL_CONTROL_REPLAY,756.49,-0.12,0.12,90.7788,0.1815576,2823.0,-0.14760000000000217,1.3306403185404974,0,0.0,0.0,0.6842105263157895,0.0020319407489099287,0.0010580016162878723,0.02485714285714166,2.130837038781088,453.0000166666667
2026-05-10T22:27:59.999000+00:00,-113.0,D2-2a53b8b913c713d1,MUUSDT,US_STOCK:2026-05-08T20:00:00+00:00:2026-05-11T08:00:00+00:00,31111-NEUTRAL CONTROL,FILL_LEVEL_CONTROL_REPLAY,756.91,-0.12,0.12,90.82919999999999,0.18165839999999997,2824.0,-0.19799999999999726,1.3306403185404974,0,0.0,0.0,0.6842105263157895,0.0019987279106593436,0.001026891601732414,0.016610389610387497,2.0595023837205098,452.0000166666667
2026-05-10T22:28:59.999000+00:00,-112.0,D2-2a53b8b913c713d1,MUUSDT,US_STOCK:2026-05-08T20:00:00+00:00:2026-05-11T08:00:00+00:00,31111-NEUTRAL CONTROL,FILL_LEVEL_CONTROL_REPLAY,757.94,-0.12,0.12,90.9528,0.1819056,2825.0,-0.3216000000000076,1.3306403185404974,0,0.0,0.0,0.6842105263157895,0.0019196770192891474,0.0010663202594633442,0.03414285714285562,1.884562634405251,451.0000166666667
2026-05-10T22:29:59.999000+00:00,-111.0,D2-2a53b8b913c713d1,MUUSDT,US_STOCK:2026-05-08T20:00:00+00:00:2026-05-11T08:00:00+00:00,31111-NEUTRAL CONTROL,FILL_LEVEL_CONTROL_REPLAY,757.6,-0.12,0.12,90.912,0.181824,2826.0,-0.2808000000000038,1.3306403185404974,0,0.0,0.0,0.7368421052631579,0.0018686830592849755,0.0010716872268426137,0.04344155844155747,1.942309736120968,450.0000166666667
2026-05-10T22:30:59.999000+00:00,-110.0,D2-2a53b8b913c713d1,MUUSDT,US_STOCK:2026-05-08T20:00:00+00:00:2026-05-11T08:00:00+00:00,31111-NEUTRAL CONTROL,FILL_LEVEL_CONTROL_REPLAY,757.6,-0.12,0.12,90.912,0.181824,2827.0,-0.2808000000000038,1.3306403185404974,0,0.0,0.0,0.7777777777777778,0.0018535978277266633,0.0010566400356025226,0.04987012987012925,1.942309736120968,449.0000166666667
2026-05-10T22:31:59.999000+00:00,-109.0,D2-2a53b8b913c713d1,MUUSDT,US_STOCK:2026-05-08T20:00:00+00:00:2026-05-11T08:00:00+00:00,31111-NEUTRAL CONTROL,FILL_LEVEL_CONTROL_REPLAY,757.3,-0.12,0.12,90.87599999999999,0.18175199999999997,2828.0,-0.24479999999999563,1.3306403185404974,0,0.0,0.0,0.7222222222222222,0.0017713304785799363,0.001060199770998614,0.043246753246752596,1.9932630611642548,448.0000166666667
2026-05-10T22:32:59.999000+00:00,-108.0,D2-2a53b8b913c713d1,MUUSDT,US_STOCK:2026-05-08T20:00:00+00:00:2026-05-11T08:00:00+00:00,31111-NEUTRAL CONTROL,FILL_LEVEL_CONTROL_REPLAY,757.81,-0.12,0.12,90.93719999999999,0.1818744,2829.0,-0.30599999999999455,1.3306403185404974,0,0.0,0.0,0.7222222222222222,0.0017484593763608465,0.0010393854640652663,0.03920779220779036,1.9066424085906888,447.0000166666667
2026-05-10T22:33:59.999000+00:00,-107.0,D2-2a53b8b913c713d1,MUUSDT,US_STOCK:2026-05-08T20:00:00+00:00:2026-05-11T08:00:00+00:00,31111-NEUTRAL CONTROL,FILL_LEVEL_CONTROL_REPLAY,758.56,-0.12,0.12,91.0272,0.18205439999999998,2830.0,-0.3959999999999945,1.3306403185404974,0,0.0,0.0,0.6666666666666666,0.0016054855817036855,0.0010317540418774858,0.05514285714285542,1.779259095982501,446.0000166666667
2026-05-10T22:34:59.999000+00:00,-106.0,D2-2a53b8b913c713d1,MUUSDT,US_STOCK:2026-05-08T20:00:00+00:00:2026-05-11T08:00:00+00:00,31111-NEUTRAL CONTROL,FILL_LEVEL_CONTROL_REPLAY,757.75,-0.12,0.12,90.92999999999999,0.18186,2831.0,-0.29880000000000106,1.3306403185404974,0,0.0,0.0,0.6666666666666666,0.001652448508271677,0.0009488947808738209,0.048272727272725746,1.9168330735993344,445.0000166666667
2026-05-10T22:35:59.999000+00:00,-105.0,D2-2a53b8b913c713d1,MUUSDT,US_STOCK:2026-05-08T20:00:00+00:00:2026-05-11T08:00:00+00:00,31111-NEUTRAL CONTROL,FILL_LEVEL_CONTROL_REPLAY,757.75,-0.12,0.12,90.92999999999999,0.18186,2832.0,-0.29880000000000106,1.3306403185404974,0,0.0,0.0,0.6470588235294118,0.0016995805250506642,0.0009393832113059119,0.06327272727272672,1.9168330735993344,444.0000166666667
2026-05-10T22:36:59.999000+00:00,-104.0,D2-2a53b8b913c713d1,MUUSDT,US_STOCK:2026-05-08T20:00:00+00:00:2026-05-11T08:00:00+00:00,31111-NEUTRAL CONTROL,FILL_LEVEL_CONTROL_REPLAY,758.52,-0.12,0.12,91.02239999999999,0.18204479999999998,2833.0,-0.3911999999999989,1.3306403185404974,0,0.0,0.0,0.6470588235294118,0.0016517127338199814,0.0009243347932650048,0.08190909090909039,1.7860528726549316,443.0000166666667
2026-05-10T22:37:59.999000+00:00,-103.0,D2-2a53b8b913c713d1,MUUSDT,US_STOCK:2026-05-08T20:00:00+00:00:2026-05-11T08:00:00+00:00,31111-NEUTRAL CONTROL,FILL_LEVEL_CONTROL_REPLAY,757.7,-0.12,0.12,90.924,0.181848,2834.0,-0.29280000000000656,1.3306403185404974,0,0.0,0.0,0.6470588235294118,0.0017081770018288326,0.0007879730284881994,0.10196103896103983,1.9253252944398724,442.0000166666667
2026-05-10T22:38:59.999000+00:00,-102.0,D2-2a53b8b913c713d1,MUUSDT,US_STOCK:2026-05-08T20:00:00+00:00:2026-05-11T08:00:00+00:00,31111-NEUTRAL CONTROL,FILL_LEVEL_CONTROL_REPLAY,758.33,-0.12,0.12,90.9996,0.1819992,2835.0,-0.368400000000006,1.3306403185404974,0,0.0,0.0,0.6470588235294118,0.0017651568955091071,0.0008010676543829356,0.10500000000000136,1.8183233118489956,441.0000166666667
2026-05-10T22:39:59.999000+00:00,-101.0,D2-2a53b8b913c713d1,MUUSDT,US_STOCK:2026-05-08T20:00:00+00:00:2026-05-11T08:00:00+00:00,31111-NEUTRAL CONTROL,FILL_LEVEL_CONTROL_REPLAY,758.54,-0.12,0.12,91.0248,0.1820496,2836.0,-0.39359999999999673,1.3306403185404974,0,0.0,0.0,0.5882352941176471,0.0016413109394362703,0.0007044215691855698,0.11311688311688432,1.7826559843187164,440.0000166666667
2026-05-10T22:40:59.999000+00:00,-100.0,D2-2a53b8b913c713d1,MUUSDT,US_STOCK:2026-05-08T20:00:00+00:00:2026-05-11T08:00:00+00:00,31111-NEUTRAL CONTROL,FILL_LEVEL_CONTROL_REPLAY,758.63,-0.12,0.12,91.0356,0.18207120000000002,2837.0,-0.40440000000000054,1.3306403185404974,0,0.0,0.0,0.5882352941176471,0.0015592016435642287,0.0006695584911599746,0.10320779220779283,1.7673699868057284,439.0000166666667
2026-05-10T22:41:59.999000+00:00,-99.0,D2-2a53b8b913c713d1,MUUSDT,US_STOCK:2026-05-08T20:00:00+00:00:2026-05-11T08:00:00+00:00,31111-NEUTRAL CONTROL,FILL_LEVEL_CONTROL_REPLAY,758.4,-0.12,0.12,91.008,0.18201599999999998,2838.0,-0.37679999999999836,1.3306403185404974,0,0.0,0.0,0.6470588235294118,0.0014937462326702633,0.0006762843364041485,0.09875324675324657,1.8064342026722424,438.0000166666667
2026-05-10T22:42:59.999000+00:00,-98.0,D2-2a53b8b913c713d1,MUUSDT,US_STOCK:2026-05-08T20:00:00+00:00:2026-05-11T08:00:00+00:00,31111-NEUTRAL CONTROL,FILL_LEVEL_CONTROL_REPLAY,758.58,-0.12,0.12,91.0296,0.1820592,2839.0,-0.39840000000000597,1.3306403185404974,0,0.0,0.0,0.7058823529411765,0.0013973476759207809,0.0006764845815241848,0.09650649350649432,1.7758622076462665,437.0000166666667
2026-05-10T22:43:59.999000+00:00,-97.0,D2-2a53b8b913c713d1,MUUSDT,US_STOCK:2026-05-08T20:00:00+00:00:2026-05-11T08:00:00+00:00,31111-NEUTRAL CONTROL,FILL_LEVEL_CONTROL_REPLAY,758.47,-0.12,0.12,91.0164,0.18203280000000002,2840.0,-0.38520000000000437,1.3306403185404974,0,0.0,0.0,0.7058823529411765,0.0013269194186039865,0.0006725027127138577,0.09254545454545572,1.7945450934954696,436.0000166666667
2026-05-10T22:44:59.999000+00:00,-96.0,D2-2a53b8b913c713d1,MUUSDT,US_STOCK:2026-05-08T20:00:00+00:00:2026-05-11T08:00:00+00:00,31111-NEUTRAL CONTROL,FILL_LEVEL_CONTROL_REPLAY,758.71,-0.12,0.12,91.0452,0.18209039999999999,2841.0,-0.4140000000000054,1.3306403185404974,0,0.0,0.0,0.7058823529411765,0.001224823337356441,0.000658901382832917,0.09505194805194946,1.753782433460848,435.0000166666667
2026-05-10T22:45:59.999000+00:00,-95.0,D2-2a53b8b913c713d1,MUUSDT,US_STOCK:2026-05-08T20:00:00+00:00:2026-05-11T08:00:00+00:00,31111-NEUTRAL CONTROL,FILL_LEVEL_CONTROL_REPLAY,758.46,-0.12,0.12,91.01520000000001,0.1820304,2842.0,-0.38400000000000545,1.3306403185404974,0,0.0,0.0,0.7058823529411765,0.0011781391616847556,0.0006634764736163599,0.08657142857143045,1.7962435376635772,434.0000166666667
2026-05-10T22:46:59.999000+00:00,-94.0,D2-2a53b8b913c713d1,MUUSDT,US_STOCK:2026-05-08T20:00:00+00:00:2026-05-11T08:00:00+00:00,31111-NEUTRAL CONTROL,FILL_LEVEL_CONTROL_REPLAY,758.5,-0.12,0.12,91.02,0.18203999999999998,2843.0,-0.3888000000000011,1.3306403185404974,0,0.0,0.0,0.7058823529411765,0.0011017986627742554,0.0006364840392467092,0.08053246753246884,1.7894497609911468,433.0000166666667
2026-05-10T22:47:59.999000+00:00,-93.0,D2-2a53b8b913c713d1,MUUSDT,US_STOCK:2026-05-08T20:00:00+00:00:2026-05-11T08:00:00+00:00,31111-NEUTRAL CONTROL,FILL_LEVEL_CONTROL_REPLAY,758.78,-0.12,0.12,91.05359999999999,0.18210719999999997,2844.0,-0.4223999999999978,1.3306403185404974,0,0.0,0.0,0.7058823529411765,0.0010364381921354733,0.0006315846277682779,0.06837662337662438,1.7418933242840948,432.0000166666667
2026-05-10T22:48:59.999000+00:00,-92.0,D2-2a53b8b913c713d1,MUUSDT,US_STOCK:2026-05-08T20:00:00+00:00:2026-05-11T08:00:00+00:00,31111-NEUTRAL CONTROL,FILL_LEVEL_CONTROL_REPLAY,758.91,-0.12,0.12,91.0692,0.18213839999999998,2845.0,-0.4379999999999973,1.3306403185404974,0,0.0,0.0,0.6470588235294118,0.0009355523052799141,0.0005647488639079433,0.06093506493506503,1.7198135500986764,431.0000166666667
2026-05-10T22:49:59.999000+00:00,-91.0,D2-2a53b8b913c713d1,MUUSDT,US_STOCK:2026-05-08T20:00:00+00:00:2026-05-11T08:00:00+00:00,31111-NEUTRAL CONTROL,FILL_LEVEL_CONTROL_REPLAY,758.79,-0.12,0.12,91.05479999999999,0.18210959999999998,2846.0,-0.4235999999999967,1.3306403185404974,0,0.0,0.0,0.7058823529411765,0.0008340346378538563,0.0005550287661599617,0.06405194805194842,1.7401948801159872,430.0000166666667
2026-05-10T22:50:59.999000+00:00,-90.0,D2-2a53b8b913c713d1,MUUSDT,US_STOCK:2026-05-08T20:00:00+00:00:2026-05-11T08:00:00+00:00,31111-NEUTRAL CONTROL,FILL_LEVEL_CONTROL_REPLAY,758.0,-0.12,0.12,90.96,0.18192,2847.0,-0.3288000000000011,1.3306403185404974,0,0.0,0.0,0.6666666666666666,0.0008697700716170283,0.0006064086805221494,0.05094805194805271,1.8743719693966052,429.0000166666667
2026-05-10T22:51:59.999000+00:00,-89.0,D2-2a53b8b913c713d1,MUUSDT,US_STOCK:2026-05-08T20:00:00+00:00:2026-05-11T08:00:00+00:00,31111-NEUTRAL CONTROL,FILL_LEVEL_CONTROL_REPLAY,757.98,-0.12,0.12,90.9576,0.1819152,2848.0,-0.32640000000000324,1.3306403185404974,0,0.0,0.0,0.6111111111111112,0.0008151364717501005,0.000598834045673285,0.037064935064936494,1.8777688577328204,428.0000166666667
2026-05-10T22:52:59.999000+00:00,-88.0,D2-2a53b8b913c713d1,MUUSDT,US_STOCK:2026-05-08T20:00:00+00:00:2026-05-11T08:00:00+00:00,31111-NEUTRAL CONTROL,FILL_LEVEL_CONTROL_REPLAY,758.85,-0.12,0.12,91.062,0.182124,2849.0,-0.4308000000000038,1.3306403185404974,0,0.0,0.0,0.6666666666666666,0.0007916113668238563,0.0006317411534098384,0.029701298701299887,1.730004215107322,427.0000166666667
2026-05-10T22:53:59.999000+00:00,-87.0,D2-2a53b8b913c713d1,MUUSDT,US_STOCK:2026-05-08T20:00:00+00:00:2026-05-11T08:00:00+00:00,31111-NEUTRAL CONTROL,FILL_LEVEL_CONTROL_REPLAY,759.26,-0.12,0.12,91.1112,0.1822224,2850.0,-0.48,1.3306403185404974,0,0.0,0.0,0.6111111111111112,0.0007704870531833572,0.0006060558602095341,0.03293506493506525,1.6603680042148516,426.0000166666667
2026-05-10T22:54:59.999000+00:00,-86.0,D2-2a53b8b913c713d1,MUUSDT,US_STOCK:2026-05-08T20:00:00+00:00:2026-05-11T08:00:00+00:00,31111-NEUTRAL CONTROL,FILL_LEVEL_CONTROL_REPLAY,757.94,-0.12,0.12,90.9528,0.1819056,2851.0,-0.3216000000000076,1.3306403185404974,0,0.0,0.0,0.6111111111111112,0.0008632420960573448,0.0006807339379032179,0.027857142857143063,1.884562634405251,425.0000166666667
2026-05-10T22:55:59.999000+00:00,-85.0,D2-2a53b8b913c713d1,MUUSDT,US_STOCK:2026-05-08T20:00:00+00:00:2026-05-11T08:00:00+00:00,31111-NEUTRAL CONTROL,FILL_LEVEL_CONTROL_REPLAY,759.3,-0.12,0.12,91.11599999999999,0.18223199999999998,2852.0,-0.4847999999999956,1.3306403185404974,0,0.0,0.0,0.631578947368421,0.0009294274801979156,0.0007836076766710079,0.029675324675324116,1.653574227542421,424.0000166666667
2026-05-10T22:56:59.999000+00:00,-84.0,D2-2a53b8b913c713d1,MUUSDT,US_STOCK:2026-05-08T20:00:00+00:00:2026-05-11T08:00:00+00:00,31111-NEUTRAL CONTROL,FILL_LEVEL_CONTROL_REPLAY,759.83,-0.12,0.12,91.17960000000001,0.18235920000000003,2853.0,-0.548400000000006,1.3306403185404974,0,0.0,0.0,0.5789473684210527,0.0009287791818094644,0.0007679712345139718,0.036363636363636216,1.5635566866326205,423.0000166666667
2026-05-10T22:57:59.999000+00:00,-83.0,D2-2a53b8b913c713d1,MUUSDT,US_STOCK:2026-05-08T20:00:00+00:00:2026-05-11T08:00:00+00:00,31111-NEUTRAL CONTROL,FILL_LEVEL_CONTROL_REPLAY,759.33,-0.12,0.12,91.1196,0.18223920000000002,2854.0,-0.488400000000006,1.3306403185404974,0,0.0,0.0,0.5789473684210527,0.0009425602645941611,0.0007408693669035223,0.04485714285714281,1.6484788950380789,422.0000166666667
2026-05-10T22:58:59.999000+00:00,-82.0,D2-2a53b8b913c713d1,MUUSDT,US_STOCK:2026-05-08T20:00:00+00:00:2026-05-11T08:00:00+00:00,31111-NEUTRAL CONTROL,FILL_LEVEL_CONTROL_REPLAY,760.0,-0.12,0.12,91.2,0.1824,2855.0,-0.5688000000000011,1.3306403185404974,0,0.0,0.0,0.631578947368421,0.0009868421052631686,0.0007434337728214177,0.04928571428571464,1.5346831357747717,421.0000166666667
2026-05-10T22:59:59.999000+00:00,-81.0,D2-2a53b8b913c713d1,MUUSDT,US_STOCK:2026-05-08T20:00:00+00:00:2026-05-11T08:00:00+00:00,31111-NEUTRAL CONTROL,FILL_LEVEL_CONTROL_REPLAY,759.93,-0.12,0.12,91.1916,0.1823832,2856.0,-0.560399999999995,1.3306403185404974,0,0.0,0.0,0.6842105263157895,0.0010113713481128893,0.0007436480922616231,0.058818181818181915,1.5465722449515442,420.0000166666667
2026-05-10T23:00:59.999000+00:00,-80.0,D2-2a53b8b913c713d1,MUUSDT,US_STOCK:2026-05-08T20:00:00+00:00:2026-05-11T08:00:00+00:00,31111-NEUTRAL CONTROL,FILL_LEVEL_CONTROL_REPLAY,760.62,-0.12,0.12,91.2744,0.1825488,2857.0,-0.6432000000000017,1.3306403185404974,0,0.0,0.0,0.6842105263157895,0.001125961151992559,0.000764672870739927,0.07823376623376581,1.4293795973520025,419.0000166666667
2026-05-10T23:01:59.999000+00:00,-79.0,D2-2a53b8b913c713d1,MUUSDT,US_STOCK:2026-05-08T20:00:00+00:00:2026-05-11T08:00:00+00:00,31111-NEUTRAL CONTROL,FILL_LEVEL_CONTROL_REPLAY,758.19,-0.12,0.12,90.9828,0.1819656,2858.0,-0.35160000000000763,1.3306403185404974,0,0.0,0.0,0.6842105263157895,0.0013349461970520193,0.001052384683749967,0.06467532467532476,1.8421015302025217,418.0000166666667
2026-05-10T23:02:59.999000+00:00,-78.0,D2-2a53b8b913c713d1,MUUSDT,US_STOCK:2026-05-08T20:00:00+00:00:2026-05-11T08:00:00+00:00,31111-NEUTRAL CONTROL,FILL_LEVEL_CONTROL_REPLAY,758.95,-0.12,0.12,91.074,0.182148,2859.0,-0.4428000000000065,1.3306403185404974,0,0.0,0.0,0.6842105263157895,0.0013919606975803323,0.0010744718139180805,0.05827272727272743,1.7130197734262265,417.0000166666667
2026-05-10T23:03:59.999000+00:00,-77.0,D2-2a53b8b913c713d1,MUUSDT,US_STOCK:2026-05-08T20:00:00+00:00:2026-05-11T08:00:00+00:00,31111-NEUTRAL CONTROL,FILL_LEVEL_CONTROL_REPLAY,759.15,-0.12,0.12,91.098,0.182196,2860.0,-0.4667999999999983,1.3306403185404974,0,0.0,0.0,0.631578947368421,0.001446166295010419,0.001074929572320779,0.05632467532467548,1.6790508900640548,416.0000166666667
2026-05-10T23:04:59.999000+00:00,-76.0,D2-2a53b8b913c713d1,MUUSDT,US_STOCK:2026-05-08T20:00:00+00:00:2026-05-11T08:00:00+00:00,31111-NEUTRAL CONTROL,FILL_LEVEL_CONTROL_REPLAY,756.76,-0.12,0.12,90.8112,0.1816224,2861.0,-0.18,1.3306403185404974,0,0.0,0.0,0.631578947368421,0.0017027478045502434,0.00127740303178589,0.021025974025974243,2.0849790462421436,415.0000166666667
2026-05-10T23:05:59.999000+00:00,-75.0,D2-2a53b8b913c713d1,MUUSDT,US_STOCK:2026-05-08T20:00:00+00:00:2026-05-11T08:00:00+00:00,31111-NEUTRAL CONTROL,FILL_LEVEL_CONTROL_REPLAY,757.9,-0.12,0.12,90.948,0.18189599999999997,2862.0,-0.31679999999999836,1.3306403185404974,0,0.0,0.0,0.631578947368421,0.0018349574953348672,0.0013247039453424638,0.006181818181818465,1.8913564110777008,414.0000166666667
2026-05-10T23:06:59.999000+00:00,-74.0,D2-2a53b8b913c713d1,MUUSDT,US_STOCK:2026-05-08T20:00:00+00:00:2026-05-11T08:00:00+00:00,31111-NEUTRAL CONTROL,FILL_LEVEL_CONTROL_REPLAY,758.21,-0.12,0.12,90.9852,0.1819704,2863.0,-0.3540000000000054,1.3306403185404974,0,0.0,0.0,0.631578947368421,0.0018822527494267638,0.0013281692899042802,-0.007155844155842963,1.8387046418663064,413.0000166666667
2026-05-10T23:07:59.999000+00:00,-73.0,D2-2a53b8b913c713d1,MUUSDT,US_STOCK:2026-05-08T20:00:00+00:00:2026-05-11T08:00:00+00:00,31111-NEUTRAL CONTROL,FILL_LEVEL_CONTROL_REPLAY,757.1,-0.12,0.12,90.852,0.181704,2864.0,-0.2208000000000038,1.3306403185404974,0,0.0,0.0,0.6842105263157895,0.0020284167028322463,0.0013611161493685,-0.03401298701298561,2.0272319445264264,412.0000166666667
2026-05-10T23:08:59.999000+00:00,-72.0,D2-2a53b8b913c713d1,MUUSDT,US_STOCK:2026-05-08T20:00:00+00:00:2026-05-11T08:00:00+00:00,31111-NEUTRAL CONTROL,FILL_LEVEL_CONTROL_REPLAY,758.46,-0.12,0.12,91.01520000000001,0.1820304,2865.0,-0.38400000000000545,1.3306403185404974,0,0.0,0.0,0.6842105263157895,0.0021321399376933053,0.001422591073151439,-0.037389610389609015,1.7962435376635772,411.0000166666667
2026-05-10T23:09:59.999000+00:00,-71.0,D2-2a53b8b913c713d1,MUUSDT,US_STOCK:2026-05-08T20:00:00+00:00:2026-05-11T08:00:00+00:00,31111-NEUTRAL CONTROL,FILL_LEVEL_CONTROL_REPLAY,758.27,-0.12,0.12,90.99239999999999,0.18198479999999997,2866.0,-0.3611999999999989,1.3306403185404974,0,0.0,0.0,0.7368421052631579,0.0020884004755185167,0.0014231538851495855,-0.04096103896103847,1.8285139768576608,410.0000166666667
2026-05-10T23:10:59.999000+00:00,-70.0,D2-2a53b8b913c713d1,MUUSDT,US_STOCK:2026-05-08T20:00:00+00:00:2026-05-11T08:00:00+00:00,31111-NEUTRAL CONTROL,FILL_LEVEL_CONTROL_REPLAY,758.07,-0.12,0.12,90.9684,0.1819368,2867.0,-0.3372000000000071,1.3306403185404974,0,0.0,0.0,0.7368421052631579,0.00211816096892672,0.0014056040215637295,-0.048012987012986605,1.8624828602198324,409.0000166666667
2026-05-10T23:11:59.999000+00:00,-69.0,D2-2a53b8b913c713d1,MUUSDT,US_STOCK:2026-05-08T20:00:00+00:00:2026-05-11T08:00:00+00:00,31111-NEUTRAL CONTROL,FILL_LEVEL_CONTROL_REPLAY,757.12,-0.12,0.12,90.8544,0.1817088,2868.0,-0.22320000000000162,1.3306403185404974,0,0.0,0.0,0.6842105263157895,0.002167046552348742,0.0014321788734364344,-0.07775324675324662,2.023835056190211,408.0000166666667
2026-05-10T23:12:59.999000+00:00,-68.0,D2-2a53b8b913c713d1,MUUSDT,US_STOCK:2026-05-08T20:00:00+00:00:2026-05-11T08:00:00+00:00,31111-NEUTRAL CONTROL,FILL_LEVEL_CONTROL_REPLAY,756.37,-0.12,0.12,90.7644,0.1815288,2869.0,-0.13320000000000162,1.3306403185404974,0,0.0,0.0,0.6842105263157895,0.0021710840688325046,0.001418090186022187,-0.11637662337662324,2.151218368798399,407.0000166666667
2026-05-10T23:13:59.999000+00:00,-67.0,D2-2a53b8b913c713d1,MUUSDT,US_STOCK:2026-05-08T20:00:00+00:00:2026-05-11T08:00:00+00:00,31111-NEUTRAL CONTROL,FILL_LEVEL_CONTROL_REPLAY,755.89,-0.12,0.12,90.7068,0.1814136,2870.0,-0.07559999999999945,1.3306403185404974,0,0.0,0.0,0.631578947368421,0.002189472013123588,0.0014120762826698942,-0.14671428571428574,2.232743688867642,406.0000166666667
2026-05-10T23:14:59.999000+00:00,-66.0,D2-2a53b8b913c713d1,MUUSDT,US_STOCK:2026-05-08T20:00:00+00:00:2026-05-11T08:00:00+00:00,31111-NEUTRAL CONTROL,FILL_LEVEL_CONTROL_REPLAY,755.84,-0.12,0.12,90.7008,0.1814016,2871.0,-0.06960000000000491,1.3306403185404974,0,0.0,0.0,0.5789473684210527,0.0020941695899358544,0.001368607749695625,-0.168,2.24123590970818,405.0000166666667
2026-05-10T23:15:59.999000+00:00,-65.0,D2-2a53b8b913c713d1,MUUSDT,US_STOCK:2026-05-08T20:00:00+00:00:2026-05-11T08:00:00+00:00,31111-NEUTRAL CONTROL,FILL_LEVEL_CONTROL_REPLAY,755.82,-0.12,0.12,90.6984,0.18139680000000002,2872.0,-0.06720000000000709,1.3306403185404974,0,0.0,0.0,0.5789473684210527,0.0019845995078192897,0.001295671593526228,-0.20396103896103787,2.244632798044395,404.0000166666667
2026-05-10T23:16:59.999000+00:00,-64.0,D2-2a53b8b913c713d1,MUUSDT,US_STOCK:2026-05-08T20:00:00+00:00:2026-05-11T08:00:00+00:00,31111-NEUTRAL CONTROL,FILL_LEVEL_CONTROL_REPLAY,755.22,-0.12,0.12,90.6264,0.18125280000000002,2873.0,0.004799999999995634,1.3306403185404974,0,0.0,0.0,0.5263157894736842,0.001959693864039577,0.0012830481614544173,-0.22553246753246706,2.346539448130949,403.0000166666667
2026-05-10T23:17:59.999000+00:00,-63.0,D2-2a53b8b913c713d1,MUUSDT,US_STOCK:2026-05-08T20:00:00+00:00:2026-05-11T08:00:00+00:00,31111-NEUTRAL CONTROL,FILL_LEVEL_CONTROL_REPLAY,755.26,-0.12,0.12,90.63119999999999,0.1812624,2874.0,0.0,1.3306403185404974,0,0.0,0.0,0.5263157894736842,0.0019047366848123869,0.0012825797440714315,-0.23371428571428518,2.3397456714585187,402.0000166666667
2026-05-10T23:18:59.999000+00:00,-62.0,D2-2a53b8b913c713d1,MUUSDT,US_STOCK:2026-05-08T20:00:00+00:00:2026-05-11T08:00:00+00:00,31111-NEUTRAL CONTROL,FILL_LEVEL_CONTROL_REPLAY,758.3,-0.12,0.12,90.996,0.181992,2875.0,-0.36479999999999563,1.3306403185404974,0,0.0,0.0,0.47368421052631576,0.0018415252161790108,0.0015734185574161994,-0.20362337662337643,1.823418644353338,401.0000166666667
2026-05-10T23:19:59.999000+00:00,-61.0,D2-2a53b8b913c713d1,MUUSDT,US_STOCK:2026-05-08T20:00:00+00:00:2026-05-11T08:00:00+00:00,31111-NEUTRAL CONTROL,FILL_LEVEL_CONTROL_REPLAY,757.54,-0.12,0.12,90.9048,0.1818096,2876.0,-0.27359999999999673,1.3306403185404974,0,0.0,0.0,0.47368421052631576,0.0018443156231259456,0.0015853384500442015,-0.172493506493507,1.9525004011296332,400.0000166666667
2026-05-10T23:20:59.999000+00:00,-60.0,D2-2a53b8b913c713d1,MUUSDT,US_STOCK:2026-05-08T20:00:00+00:00:2026-05-11T08:00:00+00:00,31111-NEUTRAL CONTROL,FILL_LEVEL_CONTROL_REPLAY,756.21,-0.12,0.12,90.7452,0.1814904,2877.0,-0.11400000000000546,1.3306403185404974,0,0.0,0.0,0.42105263157894735,0.001883452631260742,0.0016021378478564944,-0.15644155844155938,2.17839347548814,399.0000166666667
2026-05-10T23:21:59.999000+00:00,-59.0,D2-2a53b8b913c713d1,MUUSDT,US_STOCK:2026-05-08T20:00:00+00:00:2026-05-11T08:00:00+00:00,31111-NEUTRAL CONTROL,FILL_LEVEL_CONTROL_REPLAY,755.97,-0.12,0.12,90.7164,0.18143279999999998,2878.0,-0.08520000000000436,1.3306403185404974,0,0.0,0.0,0.3684210526315789,0.001793344029146996,0.001457440826626286,-0.12881818181818264,2.219156135522762,398.0000166666667
2026-05-10T23:22:59.999000+00:00,-58.0,D2-2a53b8b913c713d1,MUUSDT,US_STOCK:2026-05-08T20:00:00+00:00:2026-05-11T08:00:00+00:00,31111-NEUTRAL CONTROL,FILL_LEVEL_CONTROL_REPLAY,756.08,-0.12,0.12,90.7296,0.18145920000000001,2879.0,-0.098400000000006,1.3306403185404974,0,0.0,0.0,0.42105263157894735,0.0016050833623047888,0.0014354951877765182,-0.12844155844155827,2.2004732496735584,397.0000166666667
2026-05-10T23:23:59.999000+00:00,-57.0,D2-2a53b8b913c713d1,MUUSDT,US_STOCK:2026-05-08T20:00:00+00:00:2026-05-11T08:00:00+00:00,31111-NEUTRAL CONTROL,FILL_LEVEL_CONTROL_REPLAY,755.78,-0.12,0.12,90.69359999999999,0.18138719999999997,2880.0,-0.06239999999999782,1.3306403185404974,0,0.0,0.0,0.42105263157894735,0.001575477368697582,0.0014323116761138502,-0.1183636363636362,2.251426574716845,396.0000166666667
2026-05-10T23:24:59.999000+00:00,-56.0,D2-2a53b8b913c713d1,MUUSDT,US_STOCK:2026-05-08T20:00:00+00:00:2026-05-11T08:00:00+00:00,31111-NEUTRAL CONTROL,FILL_LEVEL_CONTROL_REPLAY,755.69,-0.12,0.12,90.6828,0.1813656,2881.0,-0.05160000000000764,1.3306403185404974,0,0.0,0.0,0.3684210526315789,0.0015586512231961771,0.0012652179654320148,-0.10248051948051914,2.266712572229814,395.0000166666667
2026-05-10T23:25:59.999000+00:00,-55.0,D2-2a53b8b913c713d1,MUUSDT,US_STOCK:2026-05-08T20:00:00+00:00:2026-05-11T08:00:00+00:00,31111-NEUTRAL CONTROL,FILL_LEVEL_CONTROL_REPLAY,755.61,-0.12,0.12,90.6732,0.1813464,2882.0,-0.04200000000000273,1.3306403185404974,0,0.0,0.0,0.3684210526315789,0.0015257303937972096,0.0012124750670098649,-0.11728571428571422,2.280300125574694,394.0000166666667
2026-05-10T23:26:59.999000+00:00,-54.0,D2-2a53b8b913c713d1,MUUSDT,US_STOCK:2026-05-08T20:00:00+00:00:2026-05-11T08:00:00+00:00,31111-NEUTRAL CONTROL,FILL_LEVEL_CONTROL_REPLAY,755.06,-0.12,0.12,90.60719999999999,0.18121439999999997,2883.0,0.024000000000005454,1.3306403185404974,0,0.0,0.0,0.3157894736842105,0.0015344097536240803,0.0012115581586305282,-0.12145454545454676,2.37371455482071,393.0000166666667
2026-05-10T23:27:59.999000+00:00,-53.0,D2-2a53b8b913c713d1,MUUSDT,US_STOCK:2026-05-08T20:00:00+00:00:2026-05-11T08:00:00+00:00,31111-NEUTRAL CONTROL,FILL_LEVEL_CONTROL_REPLAY,755.52,-0.12,0.12,90.66239999999999,0.18132479999999998,2884.0,-0.03119999999999891,1.3306403185404974,0,0.0,0.0,0.3157894736842105,0.0014918769286621544,0.0011880755035606346,-0.11153246753246886,2.295586123087682,392.0000166666667
2026-05-10T23:28:59.999000+00:00,-52.0,D2-2a53b8b913c713d1,MUUSDT,US_STOCK:2026-05-08T20:00:00+00:00:2026-05-11T08:00:00+00:00,31111-NEUTRAL CONTROL,FILL_LEVEL_CONTROL_REPLAY,755.74,-0.12,0.12,90.6888,0.1813776,2885.0,-0.05760000000000218,1.3306403185404974,0,0.0,0.0,0.2631578947368421,0.001480100866133075,0.0011104704813261332,-0.11111688311688422,2.2582203513892756,391.0000166666667
2026-05-10T23:29:59.999000+00:00,-51.0,D2-2a53b8b913c713d1,MUUSDT,US_STOCK:2026-05-08T20:00:00+00:00:2026-05-11T08:00:00+00:00,31111-NEUTRAL CONTROL,FILL_LEVEL_CONTROL_REPLAY,755.41,-0.12,0.12,90.6492,0.1812984,2886.0,-0.01799999999999727,1.3306403185404974,0,0.0,0.0,0.3157894736842105,0.001479801886203684,0.0011118101247448399,-0.09379220779220901,2.314269008936885,390.0000166666667
2026-05-10T23:30:59.999000+00:00,-50.0,D2-2a53b8b913c713d1,MUUSDT,US_STOCK:2026-05-08T20:00:00+00:00:2026-05-11T08:00:00+00:00,31111-NEUTRAL CONTROL,FILL_LEVEL_CONTROL_REPLAY,755.79,-0.12,0.12,90.69479999999999,0.18138959999999998,2887.0,-0.06359999999999673,1.3306403185404974,0,0.0,0.0,0.3684210526315789,0.0014601561658283487,0.0011217242128669412,-0.07028571428571635,2.2497281305487373,389.0000166666667
2026-05-10T23:31:59.999000+00:00,-49.0,D2-2a53b8b913c713d1,MUUSDT,US_STOCK:2026-05-08T20:00:00+00:00:2026-05-11T08:00:00+00:00,31111-NEUTRAL CONTROL,FILL_LEVEL_CONTROL_REPLAY,754.51,-0.12,0.12,90.54119999999999,0.18108239999999998,2888.0,0.09,1.3306403185404974,0,0.0,0.0,0.42105263157894735,0.0015648755957035155,0.0011471987330334938,-0.06303896103896262,2.4671289840667066,388.0000166666667
2026-05-10T23:32:59.999000+00:00,-48.0,D2-2a53b8b913c713d1,MUUSDT,US_STOCK:2026-05-08T20:00:00+00:00:2026-05-11T08:00:00+00:00,31111-NEUTRAL CONTROL,FILL_LEVEL_CONTROL_REPLAY,756.51,-0.12,0.12,90.7812,0.18156239999999998,2889.0,-0.15,1.3306403185404974,0,0.0,0.0,0.47368421052631576,0.0015069199349644791,0.001283665627009616,-0.03876623376623542,2.127440150444873,387.0000166666667
2026-05-10T23:33:59.999000+00:00,-47.0,D2-2a53b8b913c713d1,MUUSDT,US_STOCK:2026-05-08T20:00:00+00:00:2026-05-11T08:00:00+00:00,31111-NEUTRAL CONTROL,FILL_LEVEL_CONTROL_REPLAY,755.18,-0.12,0.12,90.62159999999999,0.18124319999999997,2890.0,0.00960000000000491,1.3306403185404974,0,0.0,0.0,0.5263157894736842,0.0014897110622632693,0.0013342333656941293,-0.04168831168831393,2.353333224803399,386.0000166666667
2026-05-10T23:34:59.999000+00:00,-46.0,D2-2a53b8b913c713d1,MUUSDT,US_STOCK:2026-05-08T20:00:00+00:00:2026-05-11T08:00:00+00:00,31111-NEUTRAL CONTROL,FILL_LEVEL_CONTROL_REPLAY,754.9,-0.12,0.12,90.588,0.18117599999999998,2891.0,0.04320000000000163,1.3306403185404974,0,0.0,0.0,0.5263157894736842,0.0014656624340025801,0.001336112759670553,-0.05355844155844423,2.400889661510451,385.0000166666667
2026-05-10T23:35:59.999000+00:00,-45.0,D2-2a53b8b913c713d1,MUUSDT,US_STOCK:2026-05-08T20:00:00+00:00:2026-05-11T08:00:00+00:00,31111-NEUTRAL CONTROL,FILL_LEVEL_CONTROL_REPLAY,754.54,-0.12,0.12,90.5448,0.1810896,2892.0,0.08640000000000327,1.3306403185404974,0,0.0,0.0,0.5263157894736842,0.0014199758414776514,0.0013391279548754078,-0.06953246753247014,2.4620336515623835,384.0000166666667
2026-05-10T23:36:59.999000+00:00,-44.0,D2-2a53b8b913c713d1,MUUSDT,US_STOCK:2026-05-08T20:00:00+00:00:2026-05-11T08:00:00+00:00,31111-NEUTRAL CONTROL,FILL_LEVEL_CONTROL_REPLAY,754.54,-0.12,0.12,90.5448,0.1810896,2893.0,0.08640000000000327,1.3306403185404974,0,0.0,0.0,0.5,0.0013887363729651384,0.0013292236115968227,-0.0841038961038983,2.4620336515623835,383.0000166666667
2026-05-10T23:37:59.999000+00:00,-43.0,D2-2a53b8b913c713d1,MUUSDT,US_STOCK:2026-05-08T20:00:00+00:00:2026-05-11T08:00:00+00:00,31111-NEUTRAL CONTROL,FILL_LEVEL_CONTROL_REPLAY,754.53,-0.12,0.12,90.5436,0.1810872,2894.0,0.08760000000000218,1.3306403185404974,0,0.0,0.0,0.5,0.0013385816335996909,0.0013290600321282501,-0.1057142857142876,2.4637320957304913,382.0000166666667
2026-05-10T23:38:59.999000+00:00,-42.0,D2-2a53b8b913c713d1,MUUSDT,US_STOCK:2026-05-08T20:00:00+00:00:2026-05-11T08:00:00+00:00,31111-NEUTRAL CONTROL,FILL_LEVEL_CONTROL_REPLAY,754.51,-0.12,0.12,90.54119999999999,0.18108239999999998,2895.0,0.09,1.3306403185404974,0,0.0,0.0,0.4444444444444444,0.0013007495877172572,0.000946621153235124,-0.1261168831168849,2.4671289840667066,381.0000166666667
2026-05-10T23:39:59.999000+00:00,-41.0,D2-2a53b8b913c713d1,MUUSDT,US_STOCK:2026-05-08T20:00:00+00:00:2026-05-11T08:00:00+00:00,31111-NEUTRAL CONTROL,FILL_LEVEL_CONTROL_REPLAY,754.53,-0.12,0.12,90.5436,0.1810872,2896.0,0.08760000000000218,1.3306403185404974,0,0.0,0.0,0.5,0.0012704218898803353,0.0009321910740648236,-0.1018571428571453,2.4637320957304913,380.0000166666667
2026-05-10T23:40:59.999000+00:00,-40.0,D2-2a53b8b913c713d1,MUUSDT,US_STOCK:2026-05-08T20:00:00+00:00:2026-05-11T08:00:00+00:00,31111-NEUTRAL CONTROL,FILL_LEVEL_CONTROL_REPLAY,754.49,-0.12,0.12,90.5388,0.18107759999999998,2897.0,0.09239999999999782,1.3306403185404974,0,0.0,0.0,0.5555555555555556,0.0012013791719287876,0.0008611438766222809,-0.0840779220779246,2.4705258724029218,379.0000166666667
2026-05-10T23:41:59.999000+00:00,-39.0,D2-2a53b8b913c713d1,MUUSDT,US_STOCK:2026-05-08T20:00:00+00:00:2026-05-11T08:00:00+00:00,31111-NEUTRAL CONTROL,FILL_LEVEL_CONTROL_REPLAY,754.57,-0.12,0.12,90.5484,0.1810968,2898.0,0.08279999999999291,1.3306403185404974,0,0.0,0.0,0.5555555555555556,0.0011719068002778927,0.0008610755856589648,-0.08029870129870238,2.4569383190580414,378.0000166666667
2026-05-10T23:42:59.999000+00:00,-38.0,D2-2a53b8b913c713d1,MUUSDT,US_STOCK:2026-05-08T20:00:00+00:00:2026-05-11T08:00:00+00:00,31111-NEUTRAL CONTROL,FILL_LEVEL_CONTROL_REPLAY,754.49,-0.12,0.12,90.5388,0.18107759999999998,2899.0,0.09239999999999782,1.3306403185404974,0,0.0,0.0,0.5555555555555556,0.0011398428077243872,0.0008593454398534855,-0.07885714285714318,2.4705258724029218,377.0000166666667
2026-05-10T23:43:59.999000+00:00,-37.0,D2-2a53b8b913c713d1,MUUSDT,US_STOCK:2026-05-08T20:00:00+00:00:2026-05-11T08:00:00+00:00,31111-NEUTRAL CONTROL,FILL_LEVEL_CONTROL_REPLAY,754.65,-0.12,0.12,90.55799999999999,0.181116,2900.0,0.07320000000000164,1.3306403185404974,0,0.0,0.0,0.6111111111111112,0.0011263499635592315,0.0008592498832089045,-0.07184415584415561,2.4433507657131806,376.0000166666667
2026-05-10T23:44:59.999000+00:00,-36.0,D2-2a53b8b913c713d1,MUUSDT,US_STOCK:2026-05-08T20:00:00+00:00:2026-05-11T08:00:00+00:00,31111-NEUTRAL CONTROL,FILL_LEVEL_CONTROL_REPLAY,756.43,-0.12,0.12,90.77159999999999,0.1815432,2901.0,-0.14039999999999508,1.3306403185404974,0,0.0,0.0,0.6111111111111112,0.0012285151491687127,0.001009392494092554,-0.044142857142857594,2.141027703789753,375.0000166666667
2026-05-10T23:45:59.999000+00:00,-35.0,D2-2a53b8b913c713d1,MUUSDT,US_STOCK:2026-05-08T20:00:00+00:00:2026-05-11T08:00:00+00:00,31111-NEUTRAL CONTROL,FILL_LEVEL_CONTROL_REPLAY,755.02,-0.12,0.12,90.60239999999999,0.18120479999999997,2902.0,0.02880000000000109,1.3306403185404974,0,0.0,0.0,0.6666666666666666,0.0013093314462814317,0.0010922486945434695,-0.036883116883116414,2.3805083314931403,374.0000166666667
2026-05-10T23:46:59.999000+00:00,-34.0,D2-2a53b8b913c713d1,MUUSDT,US_STOCK:2026-05-08T20:00:00+00:00:2026-05-11T08:00:00+00:00,31111-NEUTRAL CONTROL,FILL_LEVEL_CONTROL_REPLAY,755.08,-0.12,0.12,90.6096,0.1812192,2903.0,0.021599999999993996,1.3306403185404974,0,0.0,0.0,0.6666666666666666,0.001105843089473925,0.0010808826789462027,-0.029116883116881438,2.370317666484475,373.0000166666667
2026-05-10T23:47:59.999000+00:00,-33.0,D2-2a53b8b913c713d1,MUUSDT,US_STOCK:2026-05-08T20:00:00+00:00:2026-05-11T08:00:00+00:00,31111-NEUTRAL CONTROL,FILL_LEVEL_CONTROL_REPLAY,755.02,-0.12,0.12,90.60239999999999,0.18120479999999997,2904.0,0.02880000000000109,1.3306403185404974,0,0.0,0.0,0.7222222222222222,0.0009545631714580482,0.0010719193710963342,-0.029298701298700193,2.3805083314931403,372.0000166666667
2026-05-10T23:48:59.999000+00:00,-32.0,D2-2a53b8b913c713d1,MUUSDT,US_STOCK:2026-05-08T20:00:00+00:00:2026-05-11T08:00:00+00:00,31111-NEUTRAL CONTROL,FILL_LEVEL_CONTROL_REPLAY,754.63,-0.12,0.12,90.5556,0.1811112,2905.0,0.07559999999999945,1.3306403185404974,0,0.0,0.0,0.6666666666666666,0.0008698681094424325,0.0010741759895929353,-0.02792207792207674,2.4467476540493958,371.0000166666667
2026-05-10T23:49:59.999000+00:00,-31.0,D2-2a53b8b913c713d1,MUUSDT,US_STOCK:2026-05-08T20:00:00+00:00:2026-05-11T08:00:00+00:00,31111-NEUTRAL CONTROL,FILL_LEVEL_CONTROL_REPLAY,754.96,-0.12,0.12,90.5952,0.1811904,2906.0,0.03599999999999454,1.3306403185404974,0,0.0,0.0,0.6666666666666666,0.0008732723777229141,0.001076264313807909,-0.0179610389610368,2.390698996501786,370.0000166666667
2026-05-10T23:50:59.999000+00:00,-30.0,D2-2a53b8b913c713d1,MUUSDT,US_STOCK:2026-05-08T20:00:00+00:00:2026-05-11T08:00:00+00:00,31111-NEUTRAL CONTROL,FILL_LEVEL_CONTROL_REPLAY,754.49,-0.12,0.12,90.5388,0.18107759999999998,2907.0,0.09239999999999782,1.3306403185404974,0,0.0,0.0,0.6666666666666666,0.0009031644838613427,0.001076389877178226,-0.017805194805192638,2.4705258724029218,369.0000166666667
2026-05-10T23:51:59.999000+00:00,-29.0,D2-2a53b8b913c713d1,MUUSDT,US_STOCK:2026-05-08T20:00:00+00:00:2026-05-11T08:00:00+00:00,31111-NEUTRAL CONTROL,FILL_LEVEL_CONTROL_REPLAY,754.31,-0.12,0.12,90.51719999999999,0.18103439999999998,2908.0,0.11400000000000546,1.3306403185404974,0,0.0,0.0,0.6111111111111112,0.0009024330656020304,0.001012519196837673,-0.013363636363635136,2.5010978674288973,368.0000166666667
2026-05-10T23:52:59.999000+00:00,-28.0,D2-2a53b8b913c713d1,MUUSDT,US_STOCK:2026-05-08T20:00:00+00:00:2026-05-11T08:00:00+00:00,31111-NEUTRAL CONTROL,FILL_LEVEL_CONTROL_REPLAY,754.16,-0.12,0.12,90.49919999999999,0.18099839999999998,2909.0,0.13200000000000273,1.3306403185404974,0,0.0,0.0,0.5555555555555556,0.0009177665974631864,0.0008074175514467865,-0.027233766233765236,2.526574529950531,367.0000166666667
2026-05-10T23:53:59.999000+00:00,-27.0,D2-2a53b8b913c713d1,MUUSDT,US_STOCK:2026-05-08T20:00:00+00:00:2026-05-11T08:00:00+00:00,31111-NEUTRAL CONTROL,FILL_LEVEL_CONTROL_REPLAY,753.38,-0.12,0.12,90.40559999999999,0.18081119999999998,2910.0,0.22559999999999944,1.3306403185404974,0,0.0,0.0,0.5555555555555556,0.0010144757151579458,0.0007488607609995522,-0.022207792207791056,2.6590531750630415,366.0000166666667
2026-05-10T23:54:59.999000+00:00,-26.0,D2-2a53b8b913c713d1,MUUSDT,US_STOCK:2026-05-08T20:00:00+00:00:2026-05-11T08:00:00+00:00,31111-NEUTRAL CONTROL,FILL_LEVEL_CONTROL_REPLAY,753.96,-0.12,0.12,90.4752,0.1809504,2911.0,0.15599999999999453,1.3306403185404974,0,0.0,0.0,0.6111111111111112,0.001116012217396882,0.000770634742167725,-0.024584415584414338,2.5605434133127027,365.0000166666667
2026-05-10T23:55:59.999000+00:00,-25.0,D2-2a53b8b913c713d1,MUUSDT,US_STOCK:2026-05-08T20:00:00+00:00:2026-05-11T08:00:00+00:00,31111-NEUTRAL CONTROL,FILL_LEVEL_CONTROL_REPLAY,754.16,-0.12,0.12,90.49919999999999,0.18099839999999998,2912.0,0.13200000000000273,1.3306403185404974,0,0.0,0.0,0.6111111111111112,0.0011583369955598354,0.0007676259732268042,-0.026779220779220046,2.526574529950531,364.0000166666667
2026-05-10T23:56:59.999000+00:00,-24.0,D2-2a53b8b913c713d1,MUUSDT,US_STOCK:2026-05-08T20:00:00+00:00:2026-05-11T08:00:00+00:00,31111-NEUTRAL CONTROL,FILL_LEVEL_CONTROL_REPLAY,754.32,-0.12,0.12,90.5184,0.1810368,2913.0,0.1127999999999929,1.3306403185404974,0,0.0,0.0,0.5789473684210527,0.0011912337318000412,0.0007693606034081816,-0.03107792207792098,2.4993994232607704,363.0000166666667
2026-05-10T23:57:59.999000+00:00,-23.0,D2-2a53b8b913c713d1,MUUSDT,US_STOCK:2026-05-08T20:00:00+00:00:2026-05-11T08:00:00+00:00,31111-NEUTRAL CONTROL,FILL_LEVEL_CONTROL_REPLAY,754.6,-0.12,0.12,90.55199999999999,0.181104,2914.0,0.07919999999999618,1.3306403185404974,0,0.0,0.0,0.5789473684210527,0.0012163492484191891,0.0007739353451147929,-0.03145454545454446,2.4518429865537184,362.0000166666667
2026-05-10T23:58:59.999000+00:00,-22.0,D2-2a53b8b913c713d1,MUUSDT,US_STOCK:2026-05-08T20:00:00+00:00:2026-05-11T08:00:00+00:00,31111-NEUTRAL CONTROL,FILL_LEVEL_CONTROL_REPLAY,754.95,-0.12,0.12,90.59400000000001,0.18118800000000002,2915.0,0.037199999999993454,1.3306403185404974,0,0.0,0.0,0.5263157894736842,0.001089003056020717,0.0007802910704535103,-0.02750649350649226,2.392397440669894,361.0000166666667
2026-05-10T23:59:59.999000+00:00,-21.0,D2-2a53b8b913c713d1,MUUSDT,US_STOCK:2026-05-08T20:00:00+00:00:2026-05-11T08:00:00+00:00,31111-NEUTRAL CONTROL,FILL_LEVEL_CONTROL_REPLAY,754.9,-0.12,0.12,90.588,0.18117599999999998,2916.0,0.04320000000000163,1.3306403185404974,0,0.0,0.0,0.5263157894736842,0.0009812084855136598,0.0007805702977324967,-0.025038961038960264,2.400889661510451,360.0000166666667
2026-05-11T00:00:59.999000+00:00,-20.0,D2-2a53b8b913c713d1,MUUSDT,US_STOCK:2026-05-08T20:00:00+00:00:2026-05-11T08:00:00+00:00,31111-NEUTRAL CONTROL,FILL_LEVEL_CONTROL_REPLAY,763.87,-0.22,0.22,168.0514,0.3361028,2917.0,-1.228106488894198,1.3306403185404974,1,0.2,1.0,0.5263157894736842,0.0018271620638515282,0.002698690364234856,0.09370129870129912,0.8773852427165229,359.0000166666667
2026-05-11T00:01:59.999000+00:00,-19.0,D2-2a53b8b913c713d1,MUUSDT,US_STOCK:2026-05-08T20:00:00+00:00:2026-05-11T08:00:00+00:00,31111-NEUTRAL CONTROL,FILL_LEVEL_CONTROL_REPLAY,774.79,-0.31,0.31,240.1849,0.4803698,2918.0,-4.1489064888941884,1.3306403185404974,1,0.4,1.0,0.47368421052631576,0.0029648586806009978,0.004014379963709373,0.34155844155844156,0.0,358.0000166666667
2026-05-11T00:02:59.999000+00:00,-18.0,D2-2a53b8b913c713d1,MUUSDT,US_STOCK:2026-05-08T20:00:00+00:00:2026-05-11T08:00:00+00:00,31111-NEUTRAL CONTROL,FILL_LEVEL_CONTROL_REPLAY,775.41,-0.31,0.31,240.37709999999998,0.48075419999999996,2919.0,-4.341106488894189,1.3306403185404974,0,0.4,1.0,0.42105263157894735,0.003121850744398804,0.004003001679670745,0.5722467532467536,0.0,357.0000166666667
2026-05-11T00:03:59.999000+00:00,-17.0,D2-2a53b8b913c713d1,MUUSDT,US_STOCK:2026-05-08T20:00:00+00:00:2026-05-11T08:00:00+00:00,31111-NEUTRAL CONTROL,FILL_LEVEL_CONTROL_REPLAY,775.34,-0.31,0.31,240.3554,0.4807108,2920.0,-4.3194064888942085,1.3306403185404974,0,0.4,1.0,0.47368421052631576,0.0034528630757381822,0.0040079378829301245,0.7738181818181827,0.0,356.0000166666667
2026-05-11T00:04:59.999000+00:00,-16.0,D2-2a53b8b913c713d1,MUUSDT,US_STOCK:2026-05-08T20:00:00+00:00:2026-05-11T08:00:00+00:00,31111-NEUTRAL CONTROL,FILL_LEVEL_CONTROL_REPLAY,772.01,-0.31,0.31,239.32309999999998,0.47864619999999997,2921.0,-3.2871064888941963,1.3306403185404974,0,0.4,1.0,0.42105263157894735,0.0038165678830954976,0.004183628480311223,0.9073506493506499,0.0,355.0000166666667
2026-05-11T00:05:59.999000+00:00,-15.0,D2-2a53b8b913c713d1,MUUSDT,US_STOCK:2026-05-08T20:00:00+00:00:2026-05-11T08:00:00+00:00,31111-NEUTRAL CONTROL,FILL_LEVEL_CONTROL_REPLAY,772.75,-0.31,0.31,239.5525,0.479105,2922.0,-3.5165064888941995,1.3306403185404974,0,0.4,1.0,0.42105263157894735,0.004057863844340679,0.004130946463023567,1.0533766233766233,0.0,354.0000166666667
2026-05-11T00:06:59.999000+00:00,-14.0,D2-2a53b8b913c713d1,MUUSDT,US_STOCK:2026-05-08T20:00:00+00:00:2026-05-11T08:00:00+00:00,31111-NEUTRAL CONTROL,FILL_LEVEL_CONTROL_REPLAY,773.28,-0.31,0.31,239.71679999999998,0.47943359999999996,2923.0,-3.6808064888941905,1.3306403185404974,0,0.2,1.0,0.3684210526315789,0.004197333806272317,0.004125054365908216,1.1649480519480513,0.0,353.0000166666667
2026-05-11T00:07:59.999000+00:00,-13.0,D2-2a53b8b913c713d1,MUUSDT,US_STOCK:2026-05-08T20:00:00+00:00:2026-05-11T08:00:00+00:00,31111-NEUTRAL CONTROL,FILL_LEVEL_CONTROL_REPLAY,772.92,-0.31,0.31,239.6052,0.4792104,2924.0,-3.569206488894187,1.3306403185404974,0,0.0,1.0,0.42105263157894735,0.004331440696135578,0.00413189467195442,1.2489870129870122,0.0,352.0000166666667
2026-05-11T00:08:59.999000+00:00,-12.0,D2-2a53b8b913c713d1,MUUSDT,US_STOCK:2026-05-08T20:00:00+00:00:2026-05-11T08:00:00+00:00,31111-NEUTRAL CONTROL,FILL_LEVEL_CONTROL_REPLAY,773.77,-0.31,0.31,239.8687,0.4797374,2925.0,-3.8327064888941935,1.3306403185404974,0,0.0,1.0,0.42105263157894735,0.004326682532092367,0.004113674155677761,1.32003896103896,0.0,351.0000166666667
2026-05-11T00:09:59.999000+00:00,-11.0,D2-2a53b8b913c713d1,MUUSDT,US_STOCK:2026-05-08T20:00:00+00:00:2026-05-11T08:00:00+00:00,31111-NEUTRAL CONTROL,FILL_LEVEL_CONTROL_REPLAY,774.49,-0.31,0.31,240.0919,0.4801838,2926.0,-4.055906488894202,1.3306403185404974,0,0.0,1.0,0.3684210526315789,0.004352172766225848,0.0041101359541579115,1.3705194805194796,0.0,350.0000166666667
2026-05-11T00:10:59.999000+00:00,-10.0,D2-2a53b8b913c713d1,MUUSDT,US_STOCK:2026-05-08T20:00:00+00:00:2026-05-11T08:00:00+00:00,31111-NEUTRAL CONTROL,FILL_LEVEL_CONTROL_REPLAY,774.12,-0.31,0.31,239.9772,0.4799544,2927.0,-3.941206488894201,1.3306403185404974,0,0.0,1.0,0.42105263157894735,0.004434528423057297,0.004106893233326496,1.3951168831168828,0.0,349.0000166666667
2026-05-11T00:11:59.999000+00:00,-9.0,D2-2a53b8b913c713d1,MUUSDT,US_STOCK:2026-05-08T20:00:00+00:00:2026-05-11T08:00:00+00:00,31111-NEUTRAL CONTROL,FILL_LEVEL_CONTROL_REPLAY,773.88,-0.31,0.31,239.90279999999998,0.47980559999999994,2928.0,-3.8668064888941975,1.3306403185404974,0,0.0,1.0,0.42105263157894735,0.004448825583885246,0.0041082553439553944,1.3849999999999998,0.0,348.0000166666667
2026-05-11T00:12:59.999000+00:00,-8.0,D2-2a53b8b913c713d1,MUUSDT,US_STOCK:2026-05-08T20:00:00+00:00:2026-05-11T08:00:00+00:00,31111-NEUTRAL CONTROL,FILL_LEVEL_CONTROL_REPLAY,774.47,-0.31,0.31,240.0857,0.4801714,2929.0,-4.049706488894207,1.3306403185404974,0,0.0,0.0,0.47368421052631576,0.0045404322587428055,0.0040961626622268805,1.3547922077922072,0.0,347.0000166666667
2026-05-11T00:13:59.999000+00:00,-7.0,D2-2a53b8b913c713d1,MUUSDT,US_STOCK:2026-05-08T20:00:00+00:00:2026-05-11T08:00:00+00:00,31111-NEUTRAL CONTROL,FILL_LEVEL_CONTROL_REPLAY,773.66,-0.31,0.31,239.8346,0.47966919999999996,2930.0,-3.798606488894189,1.3306403185404974,0,0.0,0.0,0.47368421052631576,0.004579346409090712,0.004096499706698082,1.2857402597402585,0.0,346.0000166666667
2026-05-11T00:14:59.999000+00:00,-6.0,D2-2a53b8b913c713d1,MUUSDT,US_STOCK:2026-05-08T20:00:00+00:00:2026-05-11T08:00:00+00:00,31111-NEUTRAL CONTROL,FILL_LEVEL_CONTROL_REPLAY,772.81,-0.31,0.31,239.57109999999997,0.47914219999999996,2931.0,-3.5351064888941823,1.3306403185404974,0,0.0,0.0,0.47368421052631576,0.0038874829703105475,0.004129550756010394,1.1691818181818163,0.0,345.0000166666667
2026-05-11T00:15:59.999000+00:00,-5.0,D2-2a53b8b913c713d1,MUUSDT,US_STOCK:2026-05-08T20:00:00+00:00:2026-05-11T08:00:00+00:00,31111-NEUTRAL CONTROL,FILL_LEVEL_CONTROL_REPLAY,774.96,-0.31,0.31,240.23760000000001,0.48047520000000005,2932.0,-4.20160648889421,1.3306403185404974,0,0.0,0.0,0.5263157894736842,0.0028960020056334455,0.004136152612039012,1.0635974025974018,0.0,344.0000166666667
2026-05-11T00:16:59.999000+00:00,-4.0,D2-2a53b8b913c713d1,MUUSDT,US_STOCK:2026-05-08T20:00:00+00:00:2026-05-11T08:00:00+00:00,31111-NEUTRAL CONTROL,FILL_LEVEL_CONTROL_REPLAY,775.43,-0.31,0.31,240.3833,0.4807666,2933.0,-4.3473064888941835,1.3306403185404974,0,0.0,0.0,0.5263157894736842,0.0028574007785541803,0.004131524777816,0.9397012987012968,0.0,343.0000166666667
2026-05-11T00:17:59.999000+00:00,-3.0,D2-2a53b8b913c713d1,MUUSDT,US_STOCK:2026-05-08T20:00:00+00:00:2026-05-11T08:00:00+00:00,31111-NEUTRAL CONTROL,FILL_LEVEL_CONTROL_REPLAY,776.93,-0.31,0.31,240.8483,0.4816966,2934.0,-4.812306488894184,1.3306403185404974,0,0.0,0.0,0.5263157894736842,0.002645945304872083,0.004126304722755212,0.8099480519480503,0.0,342.0000166666667
2026-05-11T00:18:59.999000+00:00,-2.0,D2-2a53b8b913c713d1,MUUSDT,US_STOCK:2026-05-08T20:00:00+00:00:2026-05-11T08:00:00+00:00,31111-NEUTRAL CONTROL,FILL_LEVEL_CONTROL_REPLAY,781.3519260100487,-0.31,0.31,242.2190970631151,0.0,2935.0,0.0,1.3306403185404974,0,0.0,0.0,0.47368421052631576,0.002779065999769005,0.0042189752643142795,0.7122587793512809,0.0,341.0000166666667
2026-05-11T00:19:59.999000+00:00,-1.0,D2-2a53b8b913c713d1,MUUSDT,US_STOCK:2026-05-08T20:00:00+00:00:2026-05-11T08:00:00+00:00,31111-NEUTRAL CONTROL,CLAMPED_POST_EQUITY_CONTROL_STATE,788.0,-0.31,0.31,244.28,0.48856,2936.0,-8.244006488894206,1.3306403185404974,0,0.0,0.0,0.42105263157894735,0.003081768853331316,0.004444413126534524,0.6711653689486212,0.0,340.0000166666667
2026-05-11T00:20:59.999000+00:00,0.0,D2-2a53b8b913c713d1,MUUSDT,US_STOCK:2026-05-08T20:00:00+00:00:2026-05-11T08:00:00+00:00,31111-NEUTRAL CONTROL,CLAMPED_POST_EQUITY_CONTROL_STATE,806.04,-0.31,0.31,249.8724,0.4997448,2937.0,-13.836406488894195,1.3306403185404974,0,0.0,0.0,0.42105263157894735,0.004599033900298388,0.006018275933194343,0.8207213091953107,0.0,339.0000166666667
2026-05-11T00:21:59.999000+00:00,1.0,D2-2a53b8b913c713d1,MUUSDT,US_STOCK:2026-05-08T20:00:00+00:00:2026-05-11T08:00:00+00:00,31111-NEUTRAL CONTROL,CLAMPED_POST_EQUITY_CONTROL_STATE,807.26,-0.31,0.31,250.2506,0.5005012,2938.0,-14.214606488894203,1.3306403185404974,0,0.0,0.0,0.42105263157894735,0.005563623862550143,0.0054008577991437315,1.0478486780134295,0.0,338.0000166666667
2026-05-11T00:22:59.999000+00:00,2.0,D2-2a53b8b913c713d1,MUUSDT,US_STOCK:2026-05-08T20:00:00+00:00:2026-05-11T08:00:00+00:00,31111-NEUTRAL CONTROL,CLAMPED_POST_EQUITY_CONTROL_STATE,806.57,-0.31,0.31,250.03670000000002,0.5000734,2939.0,-14.000706488894222,1.3306403185404974,0,0.0,0.0,0.42105263157894735,0.006445111839549057,0.005432253200420634,1.3656643585198602,0.0,337.0000166666667
2026-05-11T00:23:59.999000+00:00,3.0,D2-2a53b8b913c713d1,MUUSDT,US_STOCK:2026-05-08T20:00:00+00:00:2026-05-11T08:00:00+00:00,31111-NEUTRAL CONTROL,CLAMPED_POST_EQUITY_CONTROL_STATE,801.82,-0.31,0.31,248.5642,0.4971284,2940.0,-12.528206488894222,1.3306403185404974,0,0.0,0.0,0.42105263157894735,0.006942961369130874,0.005684269076117072,1.589376142922395,0.0,336.0000166666667
2026-05-11T00:24:59.999000+00:00,4.0,D2-2a53b8b913c713d1,MUUSDT,US_STOCK:2026-05-08T20:00:00+00:00:2026-05-11T08:00:00+00:00,31111-NEUTRAL CONTROL,CLAMPED_POST_EQUITY_CONTROL_STATE,801.18,-0.31,0.31,248.36579999999998,0.49673159999999994,2941.0,-12.32980648889419,1.3306403185404974,0,0.0,0.0,0.3684210526315789,0.007213295566713319,0.0055494754196343445,1.7694775377145395,0.0,335.0000166666667
2026-05-11T00:25:59.999000+00:00,5.0,D2-2a53b8b913c713d1,MUUSDT,US_STOCK:2026-05-08T20:00:00+00:00:2026-05-11T08:00:00+00:00,31111-NEUTRAL CONTROL,CLAMPED_POST_EQUITY_CONTROL_STATE,802.18,-0.31,0.31,248.67579999999998,0.49735159999999995,2942.0,-12.639806488894191,1.3306403185404974,0,0.0,0.0,0.42105263157894735,0.007450062329255571,0.005547452091774574,1.8814360753638262,0.0,334.0000166666667
2026-05-11T00:26:59.999000+00:00,6.0,D2-2a53b8b913c713d1,MUUSDT,US_STOCK:2026-05-08T20:00:00+00:00:2026-05-11T08:00:00+00:00,31111-NEUTRAL CONTROL,CLAMPED_POST_EQUITY_CONTROL_STATE,797.8,-0.31,0.31,247.31799999999998,0.49463599999999996,2943.0,-11.282006488894192,1.3306403185404974,0,0.0,0.0,0.42105263157894735,0.007832080542021929,0.0057711303847288835,1.907901106519607,0.0,333.0000166666667
2026-05-11T00:27:59.999000+00:00,7.0,D2-2a53b8b913c713d1,MUUSDT,US_STOCK:2026-05-08T20:00:00+00:00:2026-05-11T08:00:00+00:00,31111-NEUTRAL CONTROL,CLAMPED_POST_EQUITY_CONTROL_STATE,793.86,-0.31,0.31,246.0966,0.4921932,2944.0,-10.06060648889421,1.3306403185404974,0,0.0,0.0,0.3684210526315789,0.008406310755580442,0.0059304848227470465,1.8582362675455177,0.0,332.0000166666667
2026-05-11T00:28:59.999000+00:00,8.0,D2-2a53b8b913c713d1,MUUSDT,US_STOCK:2026-05-08T20:00:00+00:00:2026-05-11T08:00:00+00:00,31111-NEUTRAL CONTROL,CLAMPED_POST_EQUITY_CONTROL_STATE,801.85,-0.31,0.31,248.5735,0.497147,2945.0,-12.537506488894213,1.3306403185404974,0,0.0,0.0,0.42105263157894735,0.00883742719870577,0.0062257172700466625,1.8804675324675326,0.0,331.0000166666667
2026-05-11T00:29:59.999000+00:00,9.0,D2-2a53b8b913c713d1,MUUSDT,US_STOCK:2026-05-08T20:00:00+00:00:2026-05-11T08:00:00+00:00,31111-NEUTRAL CONTROL,CLAMPED_POST_EQUITY_CONTROL_STATE,804.05,-0.31,0.31,249.25549999999998,0.498511,2946.0,-13.219506488894192,1.3306403185404974,0,0.0,0.0,0.3684210526315789,0.008991807011819737,0.006225551597460962,1.9058416545324037,0.0,330.0000166666667
2026-05-11T00:30:59.999000+00:00,10.0,D2-2a53b8b913c713d1,MUUSDT,US_STOCK:2026-05-08T20:00:00+00:00:2026-05-11T08:00:00+00:00,31111-NEUTRAL CONTROL,CLAMPED_POST_EQUITY_CONTROL_STATE,803.58,-0.31,0.31,249.1098,0.49821960000000004,2947.0,-13.073806488894219,1.3306403185404974,0,0.0,0.0,0.42105263157894735,0.009381950947185554,0.006227629089666481,1.8960729194544192,0.0,329.0000166666667
2026-05-11T00:31:59.999000+00:00,11.0,D2-2a53b8b913c713d1,MUUSDT,US_STOCK:2026-05-08T20:00:00+00:00:2026-05-11T08:00:00+00:00,31111-NEUTRAL CONTROL,CLAMPED_POST_EQUITY_CONTROL_STATE,802.15,-0.31,0.31,248.66649999999998,0.49733299999999997,2948.0,-12.630506488894198,1.3306403185404974,0,0.0,0.0,0.3684210526315789,0.00953135537439126,0.0062617094930441115,1.8246678207400704,0.0,328.0000166666667
2026-05-11T00:32:59.999000+00:00,12.0,D2-2a53b8b913c713d1,MUUSDT,US_STOCK:2026-05-08T20:00:00+00:00:2026-05-11T08:00:00+00:00,31111-NEUTRAL CONTROL,CLAMPED_POST_EQUITY_CONTROL_STATE,801.24,-0.31,0.31,248.3844,0.4967688,2949.0,-12.34840648889421,1.3306403185404974,0,0.0,0.0,0.3157894736842105,0.009178630265944931,0.0062912295626326295,1.701613371376371,0.0,327.0000166666667
2026-05-11T00:33:59.999000+00:00,13.0,D2-2a53b8b913c713d1,MUUSDT,US_STOCK:2026-05-08T20:00:00+00:00:2026-05-11T08:00:00+00:00,31111-NEUTRAL CONTROL,CLAMPED_POST_EQUITY_CONTROL_STATE,799.15,-0.31,0.31,247.73649999999998,0.49547299999999994,2950.0,-11.700506488894199,1.3306403185404974,0,0.0,0.0,0.3157894736842105,0.008992590341523594,0.006334647495526063,1.5243121687659185,0.0,326.0000166666667
2026-05-11T00:34:59.999000+00:00,14.0,D2-2a53b8b913c713d1,MUUSDT,US_STOCK:2026-05-08T20:00:00+00:00:2026-05-11T08:00:00+00:00,31111-NEUTRAL CONTROL,CLAMPED_POST_EQUITY_CONTROL_STATE,798.91,-0.31,0.31,247.66209999999998,0.49532419999999994,2951.0,-11.626106488894196,1.3306403185404974,0,0.0,0.0,0.2631578947368421,0.00756745351255372,0.006319749275231606,1.3002707064152053,0.0,325.0000166666667
2026-05-11T00:35:59.999000+00:00,15.0,D2-2a53b8b913c713d1,MUUSDT,US_STOCK:2026-05-08T20:00:00+00:00:2026-05-11T08:00:00+00:00,31111-NEUTRAL CONTROL,CLAMPED_POST_EQUITY_CONTROL_STATE,799.21,-0.31,0.31,247.7551,0.4955102,2952.0,-11.719106488894218,1.3306403185404974,0,0.0,0.0,0.3157894736842105,0.006493018999118781,0.006320567400112819,1.0351902830255317,0.0,324.0000166666667
2026-05-11T00:36:59.999000+00:00,16.0,D2-2a53b8b913c713d1,MUUSDT,US_STOCK:2026-05-08T20:00:00+00:00:2026-05-11T08:00:00+00:00,31111-NEUTRAL CONTROL,CLAMPED_POST_EQUITY_CONTROL_STATE,802.18,-0.31,0.31,248.67579999999998,0.49735159999999995,2953.0,-12.639806488894191,1.3306403185404974,0,0.0,0.0,0.3157894736842105,0.005792251828054274,0.006333395265553839,0.8051098596358581,0.0,323.0000166666667
2026-05-11T00:37:59.999000+00:00,17.0,D2-2a53b8b913c713d1,MUUSDT,US_STOCK:2026-05-08T20:00:00+00:00:2026-05-11T08:00:00+00:00,31111-NEUTRAL CONTROL,CLAMPED_POST_EQUITY_CONTROL_STATE,801.77,-0.31,0.31,248.5487,0.49709739999999997,2954.0,-12.512706488894201,1.3306403185404974,0,0.0,0.0,0.3684210526315789,0.005431732292303282,0.0063515999947811805,0.5410683972851449,0.0,322.0000166666667
2026-05-11T00:38:59.999000+00:00,18.0,D2-2a53b8b913c713d1,MUUSDT,US_STOCK:2026-05-08T20:00:00+00:00:2026-05-11T08:00:00+00:00,31111-NEUTRAL CONTROL,CLAMPED_POST_EQUITY_CONTROL_STATE,801.0,-0.31,0.31,248.31,0.49662,2955.0,-12.274006488894207,1.3306403185404974,0,0.0,0.0,0.3684210526315789,0.005221152131264487,0.006302339716544534,0.254247714155211,0.0,321.0000166666667
2026-05-11T00:39:59.999000+00:00,19.0,D2-2a53b8b913c713d1,MUUSDT,US_STOCK:2026-05-08T20:00:00+00:00:2026-05-11T08:00:00+00:00,31111-NEUTRAL CONTROL,CLAMPED_POST_EQUITY_CONTROL_STATE,801.1,-0.31,0.31,248.341,0.496682,2956.0,-12.305006488894213,1.3306403185404974,0,0.0,0.0,0.42105263157894735,0.005018100112345522,0.006081370644372803,0.0006363636363636482,0.0,320.0000166666667
2026-05-11T00:40:59.999000+00:00,20.0,D2-2a53b8b913c713d1,MUUSDT,US_STOCK:2026-05-08T20:00:00+00:00:2026-05-11T08:00:00+00:00,31111-NEUTRAL CONTROL,CLAMPED_POST_EQUITY_CONTROL_STATE,800.9,-0.31,0.31,248.279,0.496558,2957.0,-12.2430064888942,1.3306403185404974,0,0.0,0.0,0.47368421052631576,0.004730392594045971,0.003375323775810486,-0.18624675324675335,0.0,319.0000166666667
2026-05-11T00:41:59.999000+00:00,21.0,D2-2a53b8b913c713d1,MUUSDT,US_STOCK:2026-05-08T20:00:00+00:00:2026-05-11T08:00:00+00:00,31111-NEUTRAL CONTROL,CLAMPED_POST_EQUITY_CONTROL_STATE,799.86,-0.31,0.31,247.9566,0.4959132,2958.0,-11.92060648889421,1.3306403185404974,0,0.0,0.0,0.42105263157894735,0.004256994974120457,0.003354768190328064,-0.14567532467532493,0.0,318.0000166666667
2026-05-11T00:42:59.999000+00:00,22.0,D2-2a53b8b913c713d1,MUUSDT,US_STOCK:2026-05-08T20:00:00+00:00:2026-05-11T08:00:00+00:00,31111-NEUTRAL CONTROL,CLAMPED_POST_EQUITY_CONTROL_STATE,801.9,-0.31,0.31,248.589,0.497178,2959.0,-12.5530064888942,1.3306403185404974,0,0.0,0.0,0.47368421052631576,0.0037945593501148875,0.003415997083669874,-0.05315584415584468,0.0,317.0000166666667
2026-05-11T00:43:59.999000+00:00,23.0,D2-2a53b8b913c713d1,MUUSDT,US_STOCK:2026-05-08T20:00:00+00:00:2026-05-11T08:00:00+00:00,31111-NEUTRAL CONTROL,CLAMPED_POST_EQUITY_CONTROL_STATE,801.79,-0.31,0.31,248.55489999999998,0.49710979999999994,2960.0,-12.518906488894194,1.3306403185404974,0,0.0,0.0,0.5263157894736842,0.0037398463794402594,0.0031649323125241286,0.03503896103896092,0.0,316.0000166666667
2026-05-11T00:44:59.999000+00:00,24.0,D2-2a53b8b913c713d1,MUUSDT,US_STOCK:2026-05-08T20:00:00+00:00:2026-05-11T08:00:00+00:00,31111-NEUTRAL CONTROL,CLAMPED_POST_EQUITY_CONTROL_STATE,800.34,-0.31,0.31,248.1054,0.4962108,2961.0,-12.069406488894217,1.3306403185404974,0,0.0,0.0,0.47368421052631576,0.003393200746825434,0.00318531488412509,0.04275324675324803,0.0,315.0000166666667
2026-05-11T00:45:59.999000+00:00,25.0,D2-2a53b8b913c713d1,MUUSDT,US_STOCK:2026-05-08T20:00:00+00:00:2026-05-11T08:00:00+00:00,31111-NEUTRAL CONTROL,CLAMPED_POST_EQUITY_CONTROL_STATE,798.76,-0.31,0.31,247.6156,0.4952312,2962.0,-11.579606488894203,1.3306403185404974,0,0.0,0.0,0.42105263157894735,0.0033560948040891624,0.0031971820144414986,0.022727272727273467,0.0,314.0000166666667
2026-05-11T00:46:59.999000+00:00,26.0,D2-2a53b8b913c713d1,MUUSDT,US_STOCK:2026-05-08T20:00:00+00:00:2026-05-11T08:00:00+00:00,31111-NEUTRAL CONTROL,CLAMPED_POST_EQUITY_CONTROL_STATE,796.82,-0.31,0.31,247.01420000000002,0.49402840000000003,2963.0,-10.978206488894221,1.3306403185404974,0,0.0,0.0,0.42105263157894735,0.003398329789484596,0.003011063605636,-0.00506493506493415,0.0,313.0000166666667
2026-05-11T00:47:59.999000+00:00,27.0,D2-2a53b8b913c713d1,MUUSDT,US_STOCK:2026-05-08T20:00:00+00:00:2026-05-11T08:00:00+00:00,31111-NEUTRAL CONTROL,CLAMPED_POST_EQUITY_CONTROL_STATE,798.43,-0.31,0.31,247.5133,0.4950266,2964.0,-11.477306488894191,1.3306403185404974,0,0.0,0.0,0.42105263157894735,0.0033449573359145474,0.00282306612861032,-0.06755844155844183,0.0,312.0000166666667
2026-05-11T00:48:59.999000+00:00,28.0,D2-2a53b8b913c713d1,MUUSDT,US_STOCK:2026-05-08T20:00:00+00:00:2026-05-11T08:00:00+00:00,31111-NEUTRAL CONTROL,CLAMPED_POST_EQUITY_CONTROL_STATE,795.46,-0.31,0.31,246.5926,0.4931852,2965.0,-10.556606488894218,1.3306403185404974,0,0.0,0.0,0.47368421052631576,0.003444547808814975,0.001876889155180831,-0.22572727272727222,0.0,311.0000166666667
2026-05-11T00:49:59.999000+00:00,29.0,D2-2a53b8b913c713d1,MUUSDT,US_STOCK:2026-05-08T20:00:00+00:00:2026-05-11T08:00:00+00:00,31111-NEUTRAL CONTROL,CLAMPED_POST_EQUITY_CONTROL_STATE,797.39,-0.31,0.31,247.1909,0.4943818,2966.0,-11.154906488894202,1.3306403185404974,0,0.0,0.0,0.47368421052631576,0.0035186223626007995,0.0018514262952597598,-0.24676623376623302,0.0,310.0000166666667
2026-05-11T00:50:59.999000+00:00,30.0,D2-2a53b8b913c713d1,MUUSDT,US_STOCK:2026-05-08T20:00:00+00:00:2026-05-11T08:00:00+00:00,31111-NEUTRAL CONTROL,CLAMPED_POST_EQUITY_CONTROL_STATE,792.11,-0.31,0.31,245.5541,0.4911082,2967.0,-9.51810648889421,1.3306403185404974,0,0.0,0.0,0.5263157894736842,0.0037575949949230987,0.0022938786692961854,-0.29915584415584373,0.0,309.0000166666667
2026-05-11T00:51:59.999000+00:00,31.0,D2-2a53b8b913c713d1,MUUSDT,US_STOCK:2026-05-08T20:00:00+00:00:2026-05-11T08:00:00+00:00,31111-NEUTRAL CONTROL,CLAMPED_POST_EQUITY_CONTROL_STATE,786.96,-0.31,0.31,243.9576,0.48791520000000005,2968.0,-7.921606488894217,1.3306403185404974,0,0.0,0.0,0.5263157894736842,0.00414978434191604,0.0026121413233178617,-0.40963636363636213,0.0,308.0000166666667
2026-05-11T00:52:59.999000+00:00,32.0,D2-2a53b8b913c713d1,MUUSDT,US_STOCK:2026-05-08T20:00:00+00:00:2026-05-11T08:00:00+00:00,31111-NEUTRAL CONTROL,CLAMPED_POST_EQUITY_CONTROL_STATE,789.55,-0.31,0.31,244.76049999999998,0.489521,2969.0,-8.724506488894193,1.3306403185404974,0,0.0,0.0,0.5789473684210527,0.004281824185566776,0.0027699969520918947,-0.48532467532467466,0.0,307.0000166666667
2026-05-11T00:53:59.999000+00:00,33.0,D2-2a53b8b913c713d1,MUUSDT,US_STOCK:2026-05-08T20:00:00+00:00:2026-05-11T08:00:00+00:00,31111-NEUTRAL CONTROL,CLAMPED_POST_EQUITY_CONTROL_STATE,785.92,-0.31,0.31,243.6352,0.4872704,2970.0,-7.599206488894193,1.3306403185404974,0,0.0,0.0,0.631578947368421,0.004575165774778919,0.002869548883446057,-0.6047922077922074,0.0,306.0000166666667
2026-05-11T00:54:59.999000+00:00,34.0,D2-2a53b8b913c713d1,MUUSDT,US_STOCK:2026-05-08T20:00:00+00:00:2026-05-11T08:00:00+00:00,31111-NEUTRAL CONTROL,CLAMPED_POST_EQUITY_CONTROL_STATE,784.6,-0.31,0.31,243.226,0.486452,2971.0,-7.1900064888942135,1.3306403185404974,0,0.0,0.0,0.5789473684210527,0.004784057390481,0.0028725573117525708,-0.7513636363636359,0.0,305.0000166666667
2026-05-11T00:55:59.999000+00:00,35.0,D2-2a53b8b913c713d1,MUUSDT,US_STOCK:2026-05-08T20:00:00+00:00:2026-05-11T08:00:00+00:00,31111-NEUTRAL CONTROL,CLAMPED_POST_EQUITY_CONTROL_STATE,780.55,-0.31,0.31,241.9705,0.48394099999999995,2972.0,-5.934506488894192,1.3306403185404974,0,0.0,0.0,0.5789473684210527,0.005088902513795178,0.0030003692735718294,-0.9350649350649355,0.0,304.0000166666667
2026-05-11T00:56:59.999000+00:00,36.0,D2-2a53b8b913c713d1,MUUSDT,US_STOCK:2026-05-08T20:00:00+00:00:2026-05-11T08:00:00+00:00,31111-NEUTRAL CONTROL,CLAMPED_POST_EQUITY_CONTROL_STATE,784.17,-0.31,0.31,243.09269999999998,0.48618539999999993,2973.0,-7.056706488894194,1.3306403185404974,0,0.0,0.0,0.5789473684210527,0.005322278879033129,0.003081139025546238,-1.043623376623377,0.0,303.0000166666667
2026-05-11T00:57:59.999000+00:00,37.0,D2-2a53b8b913c713d1,MUUSDT,US_STOCK:2026-05-08T20:00:00+00:00:2026-05-11T08:00:00+00:00,31111-NEUTRAL CONTROL,CLAMPED_POST_EQUITY_CONTROL_STATE,785.2,-0.31,0.31,243.412,0.48682400000000003,2974.0,-7.3760064888942205,1.3306403185404974,0,0.0,0.0,0.5789473684210527,0.005452659922858572,0.0031248150112322573,-1.0768441558441562,0.0,302.0000166666667
2026-05-11T00:58:59.999000+00:00,38.0,D2-2a53b8b913c713d1,MUUSDT,US_STOCK:2026-05-08T20:00:00+00:00:2026-05-11T08:00:00+00:00,31111-NEUTRAL CONTROL,CLAMPED_POST_EQUITY_CONTROL_STATE,789.67,-0.31,0.31,244.7977,0.48959539999999996,2975.0,-8.761706488894193,1.3306403185404974,0,0.0,0.0,0.5263157894736842,0.005658783325403524,0.0034524176183326175,-1.0358181818181829,0.0,301.0000166666667
2026-05-11T00:59:59.999000+00:00,39.0,D2-2a53b8b913c713d1,MUUSDT,US_STOCK:2026-05-08T20:00:00+00:00:2026-05-11T08:00:00+00:00,31111-NEUTRAL CONTROL,CLAMPED_POST_EQUITY_CONTROL_STATE,788.93,-0.31,0.31,244.5683,0.4891366,2976.0,-8.532306488894191,1.3306403185404974,0,0.0,0.0,0.5263157894736842,0.005569931063954582,0.0034473925869682193,-0.9996883116883132,0.0,300.0000166666667
2026-05-11T01:00:59.999000+00:00,40.0,D2-2a53b8b913c713d1,MUUSDT,US_STOCK:2026-05-08T20:00:00+00:00:2026-05-11T08:00:00+00:00,31111-NEUTRAL CONTROL,CLAMPED_POST_EQUITY_CONTROL_STATE,778.29,-0.31,0.31,241.26989999999998,0.48253979999999996,2977.0,-5.233906488894195,1.3306403185404974,0,0.0,0.0,0.5263157894736842,0.006442695800133222,0.004419603256889997,-1.084636363636365,0.0,299.0000166666667
2026-05-11T01:01:59.999000+00:00,41.0,D2-2a53b8b913c713d1,MUUSDT,US_STOCK:2026-05-08T20:00:00+00:00:2026-05-11T08:00:00+00:00,31111-NEUTRAL CONTROL,CLAMPED_POST_EQUITY_CONTROL_STATE,772.42,-0.31,0.31,239.4502,0.4789004,2978.0,-3.414206488894193,1.3306403185404974,0,0.0,0.0,0.47368421052631576,0.006821788294303214,0.0046160712600025805,-1.2190519480519502,0.0,298.0000166666667
2026-05-11T01:02:59.999000+00:00,42.0,D2-2a53b8b913c713d1,MUUSDT,US_STOCK:2026-05-08T20:00:00+00:00:2026-05-11T08:00:00+00:00,31111-NEUTRAL CONTROL,CLAMPED_POST_EQUITY_CONTROL_STATE,772.74,-0.31,0.31,239.5494,0.4790988,2979.0,-3.513406488894209,1.3306403185404974,0,0.0,0.0,0.47368421052631576,0.006904003934052824,0.00453980270545137,-1.3271818181818196,0.0,297.0000166666667
2026-05-11T01:03:59.999000+00:00,43.0,D2-2a53b8b913c713d1,MUUSDT,US_STOCK:2026-05-08T20:00:00+00:00:2026-05-11T08:00:00+00:00,31111-NEUTRAL CONTROL,CLAMPED_POST_EQUITY_CONTROL_STATE,768.03,-0.31,0.31,238.08929999999998,0.47617859999999995,2980.0,-2.0533064888941976,1.3306403185404974,0,0.0,0.0,0.5263157894736842,0.007294171916647576,0.0046131780343383645,-1.432116883116885,0.17083246878311434,296.0000166666667
